{
	"code": "oldcarpentedhandle",
	"maxstacksize": 4,
	"variantgroups": [
		{ "code": "finish", "states": [ "none", "fat", "wax", "oil" ]},
		{ "code": "state", "states": [ "wet", "finished" ]},
		{ "code": "grip", "states": [ "plain", "twine", "cloth", "leather", "sturdy" ]}
	],
	"skipVariants": [
		"oldcarpentedhandle-none-wet-*"
	],
	"allowedVariants": [
		"oldcarpentedhandle-none-*",
		"oldcarpentedhandle-fat-finished-*",
		"oldcarpentedhandle-wax-finished-*",
		"oldcarpentedhandle-oil-finished-*"
	],
	"behaviors": [
		{
			"name": "GroundStorable",
			"properties": {
				"layout": "Quadrants",
				"collisionBox": {
					"x1": 0, "y1": 0, "z1": 0,
					"x2": 1, "y2": 0.125, "z2": 1
				}
			}
		}
	],
	"attributes": {
		"rackable": true,
		"toolrackTransform": {
			"translation": { "x": 0, "y": 0.6, "z":0 },
			"scale": 1.25
		}
	},
	"storageFlags" : 257,
	"shapeByType": {
		"*-plain": {
			"base": "toolsmith:item/oldhandles/carpentedhandle-plain"
		},
		"*": {
			"base": "toolsmith:item/oldhandles/carpentedhandle-wrap"
		}
	},
	"texturesByType": {
		"*-cloth": {
			"grip": { "base": "game:block/cloth/linen/normal1" }
		},
		"*-leather": {
			"grip": { "base": "game:block/leather/plain" }
		},
		"*-sturdy": {
			"grip": { "base": "game:block/leather/chromium" }
		}
	},
	"tpHandTransform": {
		"translation": { "x": 0, "y": -0.4, "z": -0.2 },
		"rotation": { "x": 111, "y": 10, "z": 10 },
		"origin": { "x": 0, "y": 0, "z": 0 },
		"scale": 0.58
	},
	"guiTransform": {
		"translation": { "x": 0, "y": 0, "z": 0 },
		"rotation": { "x": -115, "y": -9, "z": 110 },
		"origin": { "x": 1.07, "y": -0.175, "z": 0.75 },
		"scale": 2.55
	},
	"groundTransform": {
		"translation": { "x": 0, "y": 0, "z": 0 },
		"rotation": { "x": 0, "y": 0, "z": 0 },
		"origin": { "x": 0.5, "y": 0, "z": 0.5 },
		"scale": 5
	}
}