[
  {
    "op": "addmerge",
    "file": "game:blocktypes/clay/clayform",
    "path": "/textures",
    "value": {
      "clayworkitem-black": { "base": "clayworks:block/clay/color/raw/black" },
      "clayworkitem-azure": { "base": "clayworks:block/clay/color/raw/azure" },
      "clayworkitem-brown": { "base": "clayworks:block/clay/color/raw/brown" },
      "clayworkitem-gray": { "base": "clayworks:block/clay/color/raw/gray" },
      "clayworkitem-green": { "base": "clayworks:block/clay/color/raw/green" },
      "clayworkitem-orange": { "base": "clayworks:block/clay/color/raw/orange" },
      "clayworkitem-pink": { "base": "clayworks:block/clay/color/raw/pink" },
      "clayworkitem-purple": { "base": "clayworks:block/clay/color/raw/purple" },
      "clayworkitem-crimson": { "base": "clayworks:block/clay/color/raw/crimson" },
      "clayworkitem-snow": { "base": "clayworks:block/clay/color/raw/white" },
      "clayworkitem-yellow": { "base": "clayworks:block/clay/color/raw/yellow" }
    }
  }
]
