{
  "version": 2,
  "patches": {
    "string": {
      "game:itemtypes/combatoverhaul/spear.json": {
        "behaviors/1/properties/stats/HitSound": "(arrow_ping_sound_on_hit) ? value : empty_string"
      },
      "game:itemtypes/combatoverhaul/arrow.json": {
        "behaviors/1/properties/stats/HitSound": "(arrow_ping_sound_on_hit) ? value : empty_string"
      }
    },
    "other":  {
      "game:itemtypes/combatoverhaul/spear.json": {
        "attributes/TwoHandedStance/AttackDirectionsType": "(spears_directional_attacks) ? spear_directions_two : spear_directions_none",
        "attributes/TwoHandedStance/AttackAnimation": "(spears_directional_attacks) ? spear_directions_two_animations : spear_directions_none_animations"
      }
    },
    "boolean": {
      "game:itemtypes/combatoverhaul/spear.json": {
        "attributes/RenderingOffset": "not(weapon_rendering_offset)"
      },
      "game:itemtypes/combatoverhaul/club.json": {
        "attributes/RenderingOffset": "not(weapon_rendering_offset)"
      },
      "game:itemtypes/combatoverhaul/sword.json": {
        "attributes/RenderingOffset": "not(weapon_rendering_offset)"
      },
      "combatoverhaul:patches/entities/player.json": {
        "2/value/secondChanceAvailable": "second_chance_available"
      },
      "game:itemtypes/combatoverhaul/bow.json": {
        "attributes/TwoHanded": "bow_two_handed"
      }
    },
    "number": {
      "combatoverhaul:entities/spear.json": {
        "client/behaviors/code=CombatOverhaul:ProjectilePhysics/airDragFactor": "value / spears_thrown_distance",
        "client/behaviors/code=CombatOverhaul:ProjectilePhysics/gravityFactor": "value / spears_thrown_distance",
        "server/behaviors/code=CombatOverhaul:ProjectilePhysics/airDragFactor": "value / spears_thrown_distance",
        "server/behaviors/code=CombatOverhaul:ProjectilePhysics/gravityFactor": "value / spears_thrown_distance"
      },
      "game:itemtypes/combatoverhaul/bow.json": {
        "attributes/AimingByType/@@*/AimDifficulty": "bow_aiming_difficulty",
        "attributes/ArrowDamageMultiplierByType/@@*": "value * bows_damage_multiplier",
        "attributes/ScreenShakeStrengthByType/@@*": "value * bow_screenshake"
      },
      "game:itemtypes/combatoverhaul/spear.json": {
        "attributes/ThrowAttack/Aiming/AimDifficulty": "spears_aiming_difficulty",
        "behaviors/1/properties/stats/DamageStatsByType/@@*/Damage": "value * spears_range_damage_multiplier",
        "attributes/OneHandedStance/Attack/DamageTypes/0/DamageByType/@@*/Damage": "value * melee_weapons_damage_multiplier",
        "attributes/TwoHandedStance/Attack/DamageTypes/0/DamageByType/@@*/Damage": "value * melee_weapons_damage_multiplier"
      },
      "game:itemtypes/combatoverhaul/scrap/spear.json": {
        "attributes/ThrowAttack/Aiming/AimDifficulty": "spears_aiming_difficulty",
        "behaviors/1/properties/stats/DamageStats/Damage": "value * spears_range_damage_multiplier",
        "attributes/OneHandedStance/Attack/DamageTypes/0/Damage/Damage": "value * melee_weapons_damage_multiplier",
        "attributes/TwoHandedStance/Attack/DamageTypes/0/Damage/Damage": "value * melee_weapons_damage_multiplier"
      },
      "game:itemtypes/combatoverhaul/club.json": {
        "attributes/OneHandedStance/Attack/DamageTypesByType/@@*/0/Damage/Damage": "value * melee_weapons_damage_multiplier",
        "attributes/TwoHandedStance/Attack/DamageTypesByType/@@*/0/Damage/Damage": "value * melee_weapons_damage_multiplier"
      },
      "game:itemtypes/combatoverhaul/sword.json": {
        "attributes/OneHandedStanceByType/@@*/Attack/DamageTypes/0/DamageByType/@@*/Damage": "value * melee_weapons_damage_multiplier"
      },
      "game:itemtypes/combatoverhaul/scrap/mace.json": {
        "attributes/OneHandedStance/Attack/DamageTypesByType/@@*/0/Damage/Damage": "value * melee_weapons_damage_multiplier"
      },
      "combatoverhaul:patches/entities/player.json": {
        "2/value/secondChanceCooldownSec": "second_chance_cooldown",
        "2/value/damageModel/Zones/0/DamageMultiplier": "player_model_torso_damage",
        "2/value/damageModel/Zones/1/DamageMultiplier": "player_model_head_damage",
        "2/value/damageModel/Zones/2/DamageMultiplier": "player_model_neck_damage",
        "2/value/damageModel/Zones/3/DamageMultiplier": "player_model_face_damage",
        "2/value/damageModel/Zones/4-8/DamageMultiplier": "player_model_arms_damage",
        "2/value/damageModel/Zones/8-12/DamageMultiplier": "player_model_legs_damage"
      }
    }
  },
  "constants": {
    "empty_string": "",
    "vanilla_axe": "ItemAxe",
    "vanilla_item": "Item",
    "spear_directions_none": "None",
    "spear_directions_two": "TopBottom",
    "spear_directions_none_animations": {"Main": ["combatoverhaul:spear-thrust-2h-1", "combatoverhaul:spear-thrust-2h-2", "combatoverhaul:spear-thrust-2h-3"]},
    "spear_directions_two_animations": {"Top": ["combatoverhaul:spear-thrust-2h-top"], "Bottom": ["combatoverhaul:spear-thrust-2h-bottom"]}
  },
  "settings": [
    {
      "type": "separator",
      "title": "combatoverhaul:setting-title-client-side"
    },
    {
      "code": "bows_aiming_cursor_type",
      "type": "string",
      "ingui": "combatoverhaul:setting-bows_aiming_cursor_type",
      "clientSide": true,
      "default": "Moving",
      "values": [
        "None",
        "Vanilla",
        "Fixed",
        "Moving"
      ]
    },
    {
      "code": "thrown_weapons_cursor_type",
      "type": "string",
      "ingui": "combatoverhaul:setting-thrown_weapons_cursor_type",
      "clientSide": true,
      "default": "Fixed",
      "values": [
        "None",
        "Vanilla",
        "Fixed",
        "Moving"
      ]
    },
    {
      "code": "directions_invert",
      "type": "boolean",
      "ingui": "combatoverhaul:setting-directions_invert",
      "clientSide": true,
      "default": false
    },
    {
      "code": "directions_movement_controls",
      "type": "boolean",
      "ingui": "combatoverhaul:setting-directions_movement_controls",
      "clientSide": true,
      "default": false
    },
    {
      "code": "directions_cursor_transparency",
      "type": "float",
      "ingui": "combatoverhaul:setting-directions_cursor_transparency",
      "clientSide": true,
      "default": 1.0,
      "range": {
        "min": 0.0,
        "max": 1.0
      }
    },
    {
      "code": "directions_cursor_scale",
      "type": "float",
      "ingui": "combatoverhaul:setting-directions_cursor_scale",
      "clientSide": true,
      "default": 1.0,
      "range": {
        "min": 0.1,
        "max": 3.0
      }
    },
    {
      "code": "directions_sensitivity",
      "type": "float",
      "ingui": "combatoverhaul:setting-directions_sensitivity",
      "clientSide": true,
      "logarithmic": true,
      "default": 1.0,
      "range": {
        "min": 0.01,
        "max": 100.0
      }
    },
    {
      "code": "bow_aiming_vertical_limit",
      "type": "float",
      "ingui": "combatoverhaul:setting-bow_aiming_vertical_limit",
      "clientSide": true,
      "default": 1.0,
      "range": {
        "min": 0.0,
        "max": 2.0
      }
    },
    {
      "code": "bow_aiming_horisontal_limit",
      "type": "float",
      "ingui": "combatoverhaul:setting-bow_aiming_horisontal_limit",
      "clientSide": true,
      "default": 1.0,
      "range": {
        "min": 0.0,
        "max": 2.0
      }
    },
    {
      "code": "vanilla_actions_while_blocking",
      "type": "boolean",
      "ingui": "combatoverhaul:setting-vanilla_actions_while_blocking",
      "clientSide": true,
      "default": true
    },
    {
      "type": "separator",
      "title": "combatoverhaul:setting-title-server-side"
    },
    {
      "type": "separator",
      "title": "combatoverhaul:setting-title-bow-settings",
      "collapsible": true
    },
    {
      "code": "bow_screenshake",
      "type": "float",
      "ingui": "combatoverhaul:setting-bow_screenshake",
      "default": 1.0,
      "range": {
        "min": 0.0,
        "max": 2.0
      }
    },
    {
      "code": "bow_aiming_difficulty",
      "type": "float",
      "ingui": "combatoverhaul:setting-bow_aiming_difficulty",
      "default": 1.0,
      "range": {
        "min": 0.0,
        "max": 2.0
      }
    },
    {
      "code": "bows_damage_multiplier",
      "type": "float",
      "ingui": "combatoverhaul:setting-bows_damage_multiplier",
      "default": 1.0,
      "logarithmic": true,
      "range": {
        "min": 0.2,
        "max": 5.0
      }
    },
    {
      "code": "bow_two_handed",
      "type": "boolean",
      "ingui": "combatoverhaul:setting-bow_two_handed",
      "default": true
    },
    {
      "code": "arrow_ping_sound_on_hit",
      "type": "boolean",
      "ingui": "combatoverhaul:setting-arrow_ping_sound_on_hit",
      "default": true
    },
    {
      "type": "separator",
      "title": "combatoverhaul:setting-title-spears-settings",
      "collapsible": true
    },
    {
      "code": "spears_directional_attacks",
      "type": "boolean",
      "ingui": "combatoverhaul:setting-spears_directional_attacks",
      "default": false
    },
    {
      "code": "spears_aiming_difficulty",
      "type": "float",
      "ingui": "combatoverhaul:setting-spears_aiming_difficulty",
      "default": 1.0,
      "range": {
        "min": 0.0,
        "max": 2.0
      }
    },
    {
      "code": "spears_thrown_distance",
      "type": "float",
      "ingui": "combatoverhaul:setting-spears_thrown_distance",
      "default": 1.0,
      "range": {
        "min": 0.5,
        "max": 5.0
      }
    },
    {
      "code": "spears_range_damage_multiplier",
      "type": "float",
      "ingui": "combatoverhaul:setting-spears_range_damage_multiplier",
      "default": 1.0,
      "logarithmic": true,
      "range": {
        "min": 0.2,
        "max": 5.0
      }
    },
    {
      "type": "separator",
      "title": "combatoverhaul:setting-title-melee-settings",
      "collapsible": true
    },
    {
      "code": "melee_weapons_damage_multiplier",
      "type": "float",
      "ingui": "combatoverhaul:setting-melee_weapons_damage_multiplier",
      "default": 1.0,
      "logarithmic": true,
      "range": {
        "min": 0.2,
        "max": 5.0
      }
    },
    {
      "code": "weapon_rendering_offset",
      "type": "boolean",
      "ingui": "combatoverhaul:setting-weapon_rendering_offset",
      "default": true
    },
    {
      "type": "separator",
      "title": "combatoverhaul:setting-title-logs-settings",
      "collapsible": true
    },
    {
      "code": "print_range_hits",
      "type": "boolean",
      "ingui": "combatoverhaul:setting-print_range_hits",
      "comment": "Can causes lags in some cases",
      "default": false
    },
    {
      "code": "print_melee_hits",
      "type": "boolean",
      "ingui": "combatoverhaul:setting-print_melee_hits",
      "comment": "Can causes lags in some cases",
      "default": false
    },
    {
      "code": "print_player_hits",
      "type": "boolean",
      "ingui": "combatoverhaul:setting-print_player_hits",
      "comment": "Can causes lags in some cases",
      "default": true
    },
    {
      "type": "separator",
      "title": "combatoverhaul:setting-title-player-settings",
      "collapsible": true
    },
    {
      "code": "second_chance_available",
      "type": "boolean",
      "ingui": "combatoverhaul:setting-second_chance_available",
      "default": true
    },
    {
      "code": "second_chance_cooldown",
      "type": "float",
      "ingui": "combatoverhaul:setting-second_chance_cooldown",
      "default": 300.0
    },
    {
      "code": "player_model_torso_damage",
      "type": "float",
      "ingui": "combatoverhaul:setting-player_model_torso_damage",
      "default": 1.0,
      "range": {
        "min": 0.0,
        "max": 5.0
      }
    },
    {
      "code": "player_model_head_damage",
      "type": "float",
      "ingui": "combatoverhaul:setting-player_model_head_damage",
      "default": 2.0,
      "range": {
        "min": 0.0,
        "max": 5.0
      }
    },
    {
      "code": "player_model_neck_damage",
      "type": "float",
      "ingui": "combatoverhaul:setting-player_model_neck_damage",
      "default": 2.0,
      "range": {
        "min": 0.0,
        "max": 5.0
      }
    },
    {
      "code": "player_model_face_damage",
      "type": "float",
      "ingui": "combatoverhaul:setting-player_model_face_damage",
      "default": 1.5,
      "range": {
        "min": 0.0,
        "max": 5.0
      }
    },
    {
      "code": "player_model_arms_damage",
      "type": "float",
      "ingui": "combatoverhaul:setting-player_model_arms_damage",
      "default": 0.5,
      "range": {
        "min": 0.0,
        "max": 5.0
      }
    },
    {
      "code": "player_model_legs_damage",
      "type": "float",
      "ingui": "combatoverhaul:setting-player_model_legs_damage",
      "default": 0.5,
      "range": {
        "min": 0.0,
        "max": 5.0
      }
    }
  ]
}