[
  {"code": "bowsProficiency", "type": "positive", "attributes": {"bowsProficiency": 0.5}},
  {"code": "crossbowsProficiency", "type": "positive", "attributes": {"crossbowsProficiency": 0.5}},
  {"code": "firearmsProficiency", "type": "positive", "attributes": {"firearmsProficiency": 0.5}},
  {"code": "oneHandedSwordsProficiency", "type": "positive", "attributes": {"oneHandedSwordsProficiency": 0.3}},
  {"code": "twoHandedSwordsProficiency", "type": "positive", "attributes": {"twoHandedSwordsProficiency": 0.3}},
  {"code": "spearsProficiency", "type": "positive", "attributes": {"spearsProficiency": 0.3}},
  {"code": "javelinsProficiency", "type": "positive", "attributes": {"javelinsProficiency": 0.3}},
  {"code": "macesProficiency", "type": "positive", "attributes": {"macesProficiency": 0.3}},
  {"code": "clubsProficiency", "type": "positive", "attributes": {"clubsProficiency": 0.3}},
  {"code": "halberdsProficiency", "type": "positive", "attributes": {"halberdsProficiency": 0.3}},
  {"code": "axesProficiency", "type": "positive", "attributes": {"axesProficiency": 0.3}},
  {"code": "quarterstaffProficiency", "type": "positive", "attributes": {"quarterstaffProficiency": 0.3}},
  {"code": "slingsProficiency", "type": "positive", "attributes": {"slingsProficiency": 0.3}},
  {"code": "steadyAim", "type": "positive", "attributes": {"steadyAim": 0.5}},
  {"code": "tremblingAim", "type": "negative", "attributes": {"steadyAim": -0.3}},
  {"code": "armorWalkSpeedAffectedness", "type": "positive", "attributes": {"armorWalkSpeedAffectedness": -0.5}},
  {"code": "clumsyHands", "type": "negative", "attributes": {"bowsProficiency": -0.3, "crossbowsProficiency": -0.3, "firearmsProficiency": -0.3}},
  {"code": "canParryProjectiles", "type": "positive", "attributes": {}}
]