[
  {
    "ingredientPattern": "___,S_S,_P_",
    "ingredients": {
      "S": { "type": "item", "code": "game:stick", "quantity": 4 },
      "P": { "type": "item", "code": "game:plank-*", "quantity": 2, "name": "wood" }
    },
    "width": 3, "height": 3, "recipeGroup": 1,
    "output": {
      "type": "block",
      "code": "fruitbasket-normal",
      "attributes": {
        "FSAttributes": {
          "wood": "{wood}"
        }
      }
    }
  },
  {
    "ingredientPattern": "B",
    "ingredients": {
      "B": {
        "type": "block",
        "code": "fruitbasket-normal",
        "attributes": {
          "FSAttributes": {
            "wood": "oak"
          }
        }
      }
    },
    "width": 1, "height": 1, "recipeGroup": 1, "shapeless": true,
    "output": { "type": "block", "code": "fruitbasket-normal" }
  }
]
