﻿[
 {
   file: "expandedfoods:recipes/kneading/wildcraftherb/acorns/acornbreadedballherb.json",
    op: "addmerge", 
    path: "/0/ingredients/3/inputs/-", 
    value: { type: "item", code: "moreanimals:egg-*-boiled", quantity: 1},
    side: "server",
    dependsOn: [{ "modid": "acorns" }, { "modid": "moreanimals" }, { "modid": "wildcraftherb" }]
 },
 {
   file: "expandedfoods:recipes/kneading/wildcraftherb/acorns/acornbreadedballherb.json",
    op: "addmerge", 
    path: "/0/ingredients/3/inputs/-", 
    value: { type: "item", code: "moreanimals:egg-*-pickled", quantity: 1},
    side: "server",
    dependsOn: [{ "modid": "acorns" }, { "modid": "moreanimals" }, { "modid": "wildcraftherb" }]
 },
]