﻿[
 {
   file: "expandedfoods:recipes/kneading/wildcraftherb/dumplingherb.json",
    op: "addmerge", 
    path: "/1/ingredients/2/inputs/-", 
    value: { type: "item", code: "moreanimals:egg-*-boiled", quantity: 1},
    side: "server",
    dependsOn: [{ "modid": "moreanimals" }, { "modid": "wildcraftherb" }]
 },
 {
   file: "expandedfoods:recipes/kneading/wildcraftherb/dumplingherb.json",
    op: "addmerge", 
    path: "/3/ingredients/2/inputs/-", 
    value: { type: "item", code: "moreanimals:egg-*-boiled", quantity: 1},
    side: "server",
    dependsOn: [{ "modid": "moreanimals" }, { "modid": "wildcraftherb" }]
 },
 {
   file: "expandedfoods:recipes/kneading/wildcraftherb/dumplingherb.json",
    op: "addmerge", 
    path: "/1/ingredients/2/inputs/-", 
    value: { type: "item", code: "moreanimals:egg-*-pickled", quantity: 1},
    side: "server",
    dependsOn: [{ "modid": "moreanimals" }, { "modid": "wildcraftherb" }]
 },
 {
   file: "expandedfoods:recipes/kneading/wildcraftherb/dumplingherb.json",
    op: "addmerge", 
    path: "/3/ingredients/2/inputs/-", 
    value: { type: "item", code: "moreanimals:egg-*-pickled", quantity: 1},
    side: "server",
    dependsOn: [{ "modid": "moreanimals" }, { "modid": "wildcraftherb" }]
 },
]