{
	"editor": {
		"collapsedPaths": "Root/origin",
		"allAngles": false,
		"entityTextureMode": false
	},
	"textureWidth": 16,
	"textureHeight": 16,
	"textureSizes": {
	},
	"textures": {
		"burntlog": "brazier/firepit/burntlog",
		"fire": "brazier/firepit/fire",
		"ashes": "brazier/firepit/ground",
		"iron4": "brazier/iron"
	},
	"elements": [
		{
			"name": "Ashes",
			"from": [ 5.0, 5.0, -3.99 ],
			"to": [ 11.0, 11.0, -3.94 ],
			"renderPass": 2,
			"rotationOrigin": [ 12.0, 12.0, 4.0 ],
			"rotationX": -90.0,
			"faces": {
				"south": { "texture": "#ashes", "uv": [ 1.0, 1.0, 15.0, 15.0 ], "autoUv": false }
			}
		},
		{
			"name": "Ember",
			"from": [ 7.0, 4.0, 7.0 ],
			"to": [ 8.5, 5.0, 8.5 ],
			"rotationOrigin": [ 0.0, 4.0, 0.0 ],
			"faces": {
				"north": { "texture": "#fire", "uv": [ 6.0, 5.0, 7.5, 6.0 ], "glow": 160 },
				"east": { "texture": "#fire", "uv": [ 7.0, 7.0, 8.5, 8.0 ], "glow": 160 },
				"south": { "texture": "#fire", "uv": [ 7.0, 4.0, 8.5, 5.0 ], "glow": 160 },
				"west": { "texture": "#fire", "uv": [ 6.0, 4.0, 7.5, 5.0 ], "glow": 160 },
				"up": { "texture": "#fire", "uv": [ 7.0, 5.0, 8.5, 6.5 ], "glow": 160 }
			}
		},
		{
			"name": "Ember",
			"from": [ 7.0, 4.0, 6.0 ],
			"to": [ 8.0, 5.0, 7.0 ],
			"rotationOrigin": [ 0.0, 4.0, 0.0 ],
			"faces": {
				"north": { "texture": "#fire", "uv": [ 7.0, 4.0, 8.0, 5.0 ], "glow": 160 },
				"east": { "texture": "#fire", "uv": [ 6.0, 5.0, 7.0, 6.0 ], "glow": 160 },
				"south": { "texture": "#fire", "uv": [ 8.0, 6.0, 9.0, 7.0 ], "glow": 160 },
				"west": { "texture": "#fire", "uv": [ 7.0, 5.0, 8.0, 6.0 ], "glow": 160 },
				"up": { "texture": "#fire", "uv": [ 7.0, 5.0, 8.0, 6.0 ], "glow": 160 }
			}
		},
		{
			"name": "Ember",
			"from": [ 9.0, 4.0, 8.0 ],
			"to": [ 10.0, 5.0, 9.0 ],
			"rotationOrigin": [ 0.0, 4.0, 0.0 ],
			"faces": {
				"north": { "texture": "#fire", "uv": [ 8.0, 4.0, 9.0, 5.0 ], "glow": 160 },
				"east": { "texture": "#fire", "uv": [ 7.0, 5.0, 8.0, 6.0 ], "glow": 160 },
				"south": { "texture": "#fire", "uv": [ 8.0, 4.0, 9.0, 5.0 ], "glow": 160 },
				"west": { "texture": "#fire", "uv": [ 6.0, 5.0, 7.0, 6.0 ], "glow": 160 },
				"up": { "texture": "#fire", "uv": [ 6.0, 6.0, 7.0, 7.0 ], "glow": 160 }
			}
		},
		{
			"name": "Ember",
			"from": [ 7.0, 4.0, 9.0 ],
			"to": [ 8.0, 5.0, 10.0 ],
			"rotationOrigin": [ 0.0, 4.0, 0.0 ],
			"faces": {
				"north": { "texture": "#fire", "uv": [ 7.0, 4.0, 8.0, 5.0 ], "glow": 160 },
				"east": { "texture": "#fire", "uv": [ 7.0, 4.0, 8.0, 5.0 ], "glow": 160 },
				"south": { "texture": "#fire", "uv": [ 8.0, 5.0, 9.0, 6.0 ], "glow": 160 },
				"west": { "texture": "#fire", "uv": [ 8.0, 4.0, 9.0, 5.0 ], "glow": 160 },
				"up": { "texture": "#fire", "uv": [ 8.0, 5.0, 9.0, 6.0 ], "glow": 160 }
			}
		},
		{
			"name": "Log-N",
			"from": [ 1.6, 4.0, 10.0 ],
			"to": [ 7.6, 5.5, 11.5 ],
			"rotationOrigin": [ 6.6, 4.0, 11.0 ],
			"rotationY": -67.5,
			"faces": {
				"north": { "texture": "#burntlog", "uv": [ 3.5, 6.5, 9.5, 8.0 ] },
				"east": { "texture": "#burntlog", "uv": [ 1.5, 7.0, 3.0, 8.5 ] },
				"south": { "texture": "#burntlog", "uv": [ 3.0, 13.5, 9.0, 15.0 ] },
				"west": { "texture": "#burntlog", "uv": [ 13.0, 3.0, 14.5, 4.5 ] },
				"up": { "texture": "#burntlog", "uv": [ 4.5, 0.0, 10.5, 1.5 ] },
				"down": { "texture": "#burntlog", "uv": [ 3.5, 7.5, 9.5, 9.0 ] }
			}
		},
		{
			"name": "Log-S",
			"from": [ 4.3, 3.9, 3.0 ],
			"to": [ 10.3, 5.4, 4.5 ],
			"rotationOrigin": [ 12.3, 3.9, 5.0 ],
			"rotationY": 67.5,
			"faces": {
				"north": { "texture": "#burntlog", "uv": [ 3.5, 6.5, 9.5, 8.0 ] },
				"east": { "texture": "#burntlog", "uv": [ 1.5, 7.0, 3.0, 8.5 ] },
				"south": { "texture": "#burntlog", "uv": [ 4.0, 13.0, 10.0, 14.5 ] },
				"west": { "texture": "#burntlog", "uv": [ 13.0, 3.0, 14.5, 4.5 ] },
				"up": { "texture": "#burntlog", "uv": [ 3.0, 13.0, 9.0, 14.5 ] }
			}
		},
		{
			"name": "Log-N15",
			"from": [ 3.5, 5.0, 8.2 ],
			"to": [ 10.5, 6.0, 9.7 ],
			"rotationOrigin": [ 8.5, 5.0, 9.7 ],
			"rotationX": -7.5,
			"rotationY": -43.0,
			"rotationZ": -46.5,
			"faces": {
				"north": { "texture": "#burntlog", "uv": [ 1.0, 1.0, 8.0, 2.0 ] },
				"east": { "texture": "#burntlog", "uv": [ 2.0, 7.0, 3.5, 8.0 ] },
				"south": { "texture": "#burntlog", "uv": [ 0.5, 8.0, 7.5, 9.0 ] },
				"west": { "texture": "#burntlog", "uv": [ 13.0, 3.0, 14.5, 4.0 ], "windMode": [-1,-1,-1,-1] },
				"up": { "texture": "#burntlog", "uv": [ 3.5, 9.0, 10.5, 10.5 ] },
				"down": { "texture": "#burntlog", "uv": [ 3.5, 13.5, 10.5, 15.0 ] }
			}
		},
		{
			"name": "Log-W",
			"from": [ 1.5, 4.4, 6.0 ],
			"to": [ 8.5, 5.9, 7.5 ],
			"rotationOrigin": [ 6.5, 4.4, 7.0 ],
			"rotationY": 68.5,
			"rotationZ": -23.0,
			"faces": {
				"north": { "texture": "#burntlog", "uv": [ 3.5, 6.5, 10.5, 8.0 ] },
				"east": { "texture": "#burntlog", "uv": [ 1.5, 7.0, 3.0, 8.5 ] },
				"south": { "texture": "#burntlog", "uv": [ 0.5, 8.0, 7.5, 9.5 ] },
				"west": { "texture": "#burntlog", "uv": [ 13.0, 3.0, 14.5, 4.5 ] },
				"up": { "texture": "#burntlog", "uv": [ 2.5, 0.0, 9.5, 1.5 ] },
				"down": { "texture": "#burntlog", "uv": [ 3.5, 7.5, 10.5, 9.0 ], "windMode": [-1,-1,-1,-1] }
			}
		},
		{
			"name": "Log-N17",
			"from": [ 3.8, 4.8, 6.0 ],
			"to": [ 10.8, 6.3, 7.5 ],
			"rotationOrigin": [ 8.8, 4.8, 7.5 ],
			"rotationY": 45.0,
			"rotationZ": -33.5,
			"faces": {
				"north": { "texture": "#burntlog", "uv": [ 2.5, 6.5, 9.5, 8.0 ] },
				"east": { "texture": "#burntlog", "uv": [ 1.5, 7.0, 3.0, 8.5 ] },
				"south": { "texture": "#burntlog", "uv": [ 1.5, 8.0, 8.5, 9.5 ] },
				"west": { "texture": "#burntlog", "uv": [ 13.0, 3.0, 14.5, 4.5 ] },
				"up": { "texture": "#burntlog", "uv": [ 2.5, 7.0, 9.5, 8.5 ] },
				"down": { "texture": "#burntlog", "uv": [ 3.5, 7.5, 10.5, 9.0 ] }
			}
		},
		{
			"name": "origin",
			"from": [ 8.0, 0.0, 8.0 ],
			"to": [ 8.0, 0.0, 8.0 ],
			"rotationOrigin": [ 8.0, 0.0, 8.0 ],
			"faces": {
			},
			"children": [
				{
					"name": "ash tray",
					"from": [ -4.0, 3.0, -4.0 ],
					"to": [ 4.0, 3.5, 4.0 ],
					"rotationOrigin": [ 0.0, 3.0, 0.0 ],
					"faces": {
						"north": { "texture": "#iron4", "uv": [ 0.0, 12.5, 8.0, 13.0 ] },
						"east": { "texture": "#iron4", "uv": [ 2.0, 0.5, 10.0, 1.0 ] },
						"south": { "texture": "#iron4", "uv": [ 5.0, 14.5, 13.0, 15.0 ] },
						"west": { "texture": "#iron4", "uv": [ 5.0, 7.0, 13.0, 7.5 ] },
						"up": { "texture": "#iron4", "uv": [ 1.0, 2.5, 9.0, 10.5 ] },
						"down": { "texture": "#iron4", "uv": [ 7.0, 7.0, 15.0, 15.0 ] }
					},
					"children": [
						{
							"name": "NW",
							"from": [ -1.0, -3.0, -1.0 ],
							"to": [ 0.0, 12.0, 1.0 ],
							"rotationOrigin": [ 0.0, -3.0, 0.0 ],
							"rotationY": 135.0,
							"faces": {
								"north": { "texture": "#iron4", "uv": [ 7.0, 0.0, 8.0, 15.0 ] },
								"east": { "texture": "#iron4", "uv": [ 13.0, 0.0, 15.0, 15.0 ] },
								"south": { "texture": "#iron4", "uv": [ 2.5, 0.5, 3.5, 15.5 ] },
								"west": { "texture": "#iron4", "uv": [ 8.5, 0.0, 10.5, 15.0 ] },
								"up": { "texture": "#iron4", "uv": [ 4.5, 1.0, 5.5, 3.0 ] },
								"down": { "texture": "#iron4", "uv": [ 2.5, 11.5, 3.5, 13.5 ] }
							},
							"children": [
								{
									"name": "NW-foot",
									"from": [ 1.0, 0.0, 0.0 ],
									"to": [ 3.0, 0.5, 2.0 ],
									"rotationOrigin": [ 1.0, 0.0, 1.0 ],
									"faces": {
										"north": { "texture": "#iron4", "uv": [ 2.0, 4.5, 4.0, 5.0 ] },
										"east": { "texture": "#iron4", "uv": [ 4.0, 8.5, 6.0, 9.0 ] },
										"south": { "texture": "#iron4", "uv": [ 2.0, 15.0, 4.0, 15.5 ] },
										"up": { "texture": "#iron4", "uv": [ 11.5, 6.0, 13.5, 8.0 ] },
										"down": { "texture": "#iron4", "uv": [ 12.5, 2.0, 14.5, 4.0 ] }
									}
								}
							]
						},
						{
							"name": "NE",
							"from": [ 7.0, -3.0, -1.0 ],
							"to": [ 8.0, 12.0, 1.0 ],
							"rotationOrigin": [ 8.0, -3.0, 0.0 ],
							"rotationY": 45.0,
							"faces": {
								"north": { "texture": "#iron4", "uv": [ 12.5, 0.5, 13.5, 15.5 ] },
								"east": { "texture": "#iron4", "uv": [ 4.5, 0.0, 6.5, 15.0 ] },
								"south": { "texture": "#iron4", "uv": [ 11.5, 0.5, 12.5, 15.5 ] },
								"west": { "texture": "#iron4", "uv": [ 7.5, 0.5, 9.5, 15.5 ] },
								"up": { "texture": "#iron4", "uv": [ 10.0, 5.5, 11.0, 7.5 ] },
								"down": { "texture": "#iron4", "uv": [ 9.0, 8.0, 10.0, 10.0 ] }
							},
							"children": [
								{
									"name": "NE-foot",
									"from": [ 1.0, 0.0, 0.0 ],
									"to": [ 3.0, 0.5, 2.0 ],
									"rotationOrigin": [ 1.0, 0.0, 1.0 ],
									"faces": {
										"north": { "texture": "#iron4", "uv": [ 9.0, 8.0, 11.0, 8.5 ] },
										"east": { "texture": "#iron4", "uv": [ 5.5, 12.0, 7.5, 12.5 ] },
										"south": { "texture": "#iron4", "uv": [ 12.0, 9.0, 14.0, 9.5 ] },
										"up": { "texture": "#iron4", "uv": [ 9.5, 6.0, 11.5, 8.0 ] },
										"down": { "texture": "#iron4", "uv": [ 4.0, 3.0, 6.0, 5.0 ] }
									}
								}
							]
						},
						{
							"name": "SE",
							"from": [ 7.0, -3.0, 7.0 ],
							"to": [ 8.0, 12.0, 9.0 ],
							"rotationOrigin": [ 8.0, -3.0, 8.0 ],
							"rotationY": -45.0,
							"faces": {
								"north": { "texture": "#iron4", "uv": [ 9.0, 0.0, 10.0, 15.0 ] },
								"east": { "texture": "#iron4", "uv": [ 11.0, 0.5, 13.0, 15.5 ] },
								"south": { "texture": "#iron4", "uv": [ 11.0, 0.0, 12.0, 15.0 ] },
								"west": { "texture": "#iron4", "uv": [ 11.0, 0.5, 13.0, 15.5 ] },
								"up": { "texture": "#iron4", "uv": [ 3.0, 4.0, 4.0, 6.0 ] },
								"down": { "texture": "#iron4", "uv": [ 10.5, 12.0, 11.5, 14.0 ] }
							},
							"children": [
								{
									"name": "SE-foot",
									"from": [ 1.0, 0.0, 0.0 ],
									"to": [ 3.0, 0.5, 2.0 ],
									"rotationOrigin": [ 1.0, 0.0, 1.0 ],
									"faces": {
										"north": { "texture": "#iron4", "uv": [ 9.5, 0.0, 11.5, 0.5 ] },
										"east": { "texture": "#iron4", "uv": [ 4.5, 3.5, 6.5, 4.0 ] },
										"south": { "texture": "#iron4", "uv": [ 10.0, 5.5, 12.0, 6.0 ] },
										"up": { "texture": "#iron4", "uv": [ 8.5, 11.5, 10.5, 13.5 ] },
										"down": { "texture": "#iron4", "uv": [ 4.5, 0.0, 6.5, 2.0 ] }
									}
								}
							]
						},
						{
							"name": "SW",
							"from": [ -1.0, -3.0, 7.0 ],
							"to": [ 0.0, 12.0, 9.0 ],
							"rotationOrigin": [ 0.0, -3.0, 8.0 ],
							"rotationY": -135.0,
							"faces": {
								"north": { "texture": "#iron4", "uv": [ 13.0, 0.5, 14.0, 15.5 ] },
								"east": { "texture": "#iron4", "uv": [ 3.0, 0.0, 5.0, 15.0 ] },
								"south": { "texture": "#iron4", "uv": [ 4.0, 0.5, 5.0, 15.5 ] },
								"west": { "texture": "#iron4", "uv": [ 8.5, 0.5, 10.5, 15.5 ] },
								"up": { "texture": "#iron4", "uv": [ 11.0, 2.0, 12.0, 4.0 ] },
								"down": { "texture": "#iron4", "uv": [ 4.0, 12.0, 5.0, 14.0 ] }
							},
							"children": [
								{
									"name": "SW-foot",
									"from": [ 1.0, 0.0, 0.0 ],
									"to": [ 3.0, 0.5, 2.0 ],
									"rotationOrigin": [ 1.0, 0.0, 1.0 ],
									"faces": {
										"north": { "texture": "#iron4", "uv": [ 0.0, 0.0, 2.0, 0.5 ] },
										"east": { "texture": "#iron4", "uv": [ 0.0, 0.0, 2.0, 0.5 ] },
										"south": { "texture": "#iron4", "uv": [ 0.0, 0.0, 2.0, 0.5 ] },
										"up": { "texture": "#iron4", "uv": [ 0.0, 0.0, 2.0, 2.0 ] },
										"down": { "texture": "#iron4", "uv": [ 0.0, 0.0, 2.0, 2.0 ] }
									}
								}
							]
						},
						{
							"name": "W2",
							"from": [ 7.75, 6.0, 0.0 ],
							"to": [ 8.25, 7.0, 8.0 ],
							"rotationOrigin": [ 7.7, 6.0, 4.0 ],
							"faces": {
								"north": { "texture": "#iron4", "uv": [ 5.0, 12.5, 5.5, 13.5 ] },
								"east": { "texture": "#iron4", "uv": [ 5.0, 14.0, 13.0, 15.0 ] },
								"south": { "texture": "#iron4", "uv": [ 0.0, 13.5, 0.5, 14.5 ] },
								"west": { "texture": "#iron4", "uv": [ 5.0, 12.0, 13.0, 13.0 ] },
								"up": { "texture": "#iron4", "uv": [ 10.5, 7.0, 11.0, 15.0 ] },
								"down": { "texture": "#iron4", "uv": [ 5.5, 3.0, 6.0, 11.0 ] }
							}
						},
						{
							"name": "E2",
							"from": [ -0.25, 6.0, 0.0 ],
							"to": [ 0.25, 7.0, 8.0 ],
							"rotationOrigin": [ -0.3, 6.0, 4.0 ],
							"faces": {
								"north": { "texture": "#iron4", "uv": [ 15.0, 4.0, 15.5, 5.0 ] },
								"east": { "texture": "#iron4", "uv": [ 4.5, 11.0, 12.5, 12.0 ] },
								"south": { "texture": "#iron4", "uv": [ 14.5, 5.5, 15.0, 6.5 ] },
								"west": { "texture": "#iron4", "uv": [ 5.0, 12.0, 13.0, 13.0 ] },
								"up": { "texture": "#iron4", "uv": [ 11.5, 5.5, 12.0, 13.5 ] },
								"down": { "texture": "#iron4", "uv": [ 5.5, 2.0, 6.0, 10.0 ] }
							}
						},
						{
							"name": "S2",
							"from": [ 0.0, 6.0, 7.75 ],
							"to": [ 8.0, 7.0, 8.25 ],
							"rotationOrigin": [ 4.0, 6.0, 7.7 ],
							"faces": {
								"north": { "texture": "#iron4", "uv": [ 3.0, 5.0, 11.0, 6.0 ] },
								"east": { "texture": "#iron4", "uv": [ 11.0, 3.0, 11.5, 4.0 ] },
								"south": { "texture": "#iron4", "uv": [ 7.5, 7.5, 15.5, 8.5 ] },
								"west": { "texture": "#iron4", "uv": [ 11.5, 14.5, 12.0, 15.5 ] },
								"up": { "texture": "#iron4", "uv": [ 0.0, 5.0, 8.0, 5.5 ] },
								"down": { "texture": "#iron4", "uv": [ 3.0, 12.5, 11.0, 13.0 ] }
							}
						},
						{
							"name": "N2",
							"from": [ 0.0, 6.0, -0.25 ],
							"to": [ 8.0, 7.0, 0.25 ],
							"rotationOrigin": [ 4.0, 6.0, -0.3 ],
							"faces": {
								"north": { "texture": "#iron4", "uv": [ 3.5, 6.5, 11.5, 7.5 ] },
								"east": { "texture": "#iron4", "uv": [ 12.5, 11.5, 13.0, 12.5 ] },
								"south": { "texture": "#iron4", "uv": [ 2.0, 11.0, 10.0, 12.0 ] },
								"west": { "texture": "#iron4", "uv": [ 1.0, 12.0, 1.5, 13.0 ] },
								"up": { "texture": "#iron4", "uv": [ 6.0, 10.0, 14.0, 10.5 ] },
								"down": { "texture": "#iron4", "uv": [ 2.5, 15.0, 10.5, 15.5 ] }
							}
						},
						{
							"name": "N1",
							"from": [ 0.0, 1.0, -0.25 ],
							"to": [ 8.0, 2.0, 0.25 ],
							"rotationOrigin": [ 4.0, 1.0, -0.3 ],
							"faces": {
								"north": { "texture": "#iron4", "uv": [ 3.5, 7.5, 11.5, 8.5 ] },
								"east": { "texture": "#iron4", "uv": [ 1.5, 10.0, 2.0, 11.0 ] },
								"south": { "texture": "#iron4", "uv": [ 3.5, 12.0, 11.5, 13.0 ] },
								"west": { "texture": "#iron4", "uv": [ 0.5, 10.0, 1.0, 11.0 ] },
								"up": { "texture": "#iron4", "uv": [ 6.5, 9.5, 14.5, 10.0 ] },
								"down": { "texture": "#iron4", "uv": [ 4.0, 7.0, 12.0, 7.5 ] }
							}
						},
						{
							"name": "N3",
							"from": [ 0.0, 10.0, -0.25 ],
							"to": [ 8.0, 11.0, 0.25 ],
							"rotationOrigin": [ 4.0, 10.0, -0.3 ],
							"faces": {
								"north": { "texture": "#iron4", "uv": [ 4.5, 6.5, 12.5, 7.5 ] },
								"east": { "texture": "#iron4", "uv": [ 1.5, 10.5, 2.0, 11.5 ] },
								"south": { "texture": "#iron4", "uv": [ 2.0, 7.5, 10.0, 8.5 ] },
								"west": { "texture": "#iron4", "uv": [ 10.0, 7.5, 10.5, 8.5 ] },
								"up": { "texture": "#iron4", "uv": [ 7.0, 1.0, 15.0, 1.5 ] },
								"down": { "texture": "#iron4", "uv": [ 3.5, 0.0, 11.5, 0.5 ] }
							}
						},
						{
							"name": "E1",
							"from": [ -0.25, 1.0, 0.0 ],
							"to": [ 0.25, 2.0, 8.0 ],
							"rotationOrigin": [ -0.3, 1.0, 4.0 ],
							"faces": {
								"north": { "texture": "#iron4", "uv": [ 4.0, 3.0, 4.5, 4.0 ] },
								"east": { "texture": "#iron4", "uv": [ 3.5, 5.0, 11.5, 6.0 ] },
								"south": { "texture": "#iron4", "uv": [ 10.0, 12.0, 10.5, 13.0 ] },
								"west": { "texture": "#iron4", "uv": [ 5.5, 8.5, 13.5, 9.5 ] },
								"up": { "texture": "#iron4", "uv": [ 10.5, 7.0, 11.0, 15.0 ] },
								"down": { "texture": "#iron4", "uv": [ 13.0, 2.0, 13.5, 10.0 ] }
							}
						},
						{
							"name": "E3",
							"from": [ -0.25, 10.0, 0.0 ],
							"to": [ 0.25, 11.0, 8.0 ],
							"rotationOrigin": [ -0.3, 10.0, 4.0 ],
							"faces": {
								"north": { "texture": "#iron4", "uv": [ 0.0, 1.0, 0.5, 2.0 ] },
								"east": { "texture": "#iron4", "uv": [ 4.5, 10.0, 12.5, 11.0 ] },
								"south": { "texture": "#iron4", "uv": [ 6.5, 6.5, 7.0, 7.5 ] },
								"west": { "texture": "#iron4", "uv": [ 0.5, 4.0, 8.5, 5.0 ] },
								"up": { "texture": "#iron4", "uv": [ 6.0, 6.0, 6.5, 14.0 ] },
								"down": { "texture": "#iron4", "uv": [ 14.5, 2.0, 15.0, 10.0 ] }
							}
						},
						{
							"name": "S1",
							"from": [ 0.0, 1.0, 7.75 ],
							"to": [ 8.0, 2.0, 8.25 ],
							"rotationOrigin": [ 4.0, 1.0, 7.7 ],
							"faces": {
								"north": { "texture": "#iron4", "uv": [ 1.5, 14.5, 9.5, 15.5 ] },
								"east": { "texture": "#iron4", "uv": [ 11.5, 0.0, 12.0, 1.0 ] },
								"south": { "texture": "#iron4", "uv": [ 5.5, 8.0, 13.5, 9.0 ] },
								"west": { "texture": "#iron4", "uv": [ 14.5, 5.0, 15.0, 6.0 ] },
								"up": { "texture": "#iron4", "uv": [ 0.5, 12.5, 8.5, 13.0 ] },
								"down": { "texture": "#iron4", "uv": [ 0.0, 3.0, 8.0, 3.5 ] }
							}
						},
						{
							"name": "S3",
							"from": [ 0.0, 10.0, 7.75 ],
							"to": [ 8.0, 11.0, 8.25 ],
							"rotationOrigin": [ 4.0, 10.0, 7.7 ],
							"faces": {
								"north": { "texture": "#iron4", "uv": [ 3.0, 2.5, 11.0, 3.5 ] },
								"east": { "texture": "#iron4", "uv": [ 8.5, 7.5, 9.0, 8.5 ] },
								"south": { "texture": "#iron4", "uv": [ 7.5, 0.5, 15.5, 1.5 ] },
								"west": { "texture": "#iron4", "uv": [ 8.0, 6.5, 8.5, 7.5 ] },
								"up": { "texture": "#iron4", "uv": [ 0.0, 0.5, 8.0, 1.0 ] },
								"down": { "texture": "#iron4", "uv": [ 2.5, 4.5, 10.5, 5.0 ] }
							}
						},
						{
							"name": "W1",
							"from": [ 7.75, 1.0, 0.0 ],
							"to": [ 8.25, 2.0, 8.0 ],
							"rotationOrigin": [ 7.7, 1.0, 4.0 ],
							"faces": {
								"north": { "texture": "#iron4", "uv": [ 10.5, 13.5, 11.0, 14.5 ] },
								"east": { "texture": "#iron4", "uv": [ 2.0, 1.5, 10.0, 2.5 ] },
								"south": { "texture": "#iron4", "uv": [ 7.0, 7.0, 7.5, 8.0 ] },
								"west": { "texture": "#iron4", "uv": [ 7.5, 5.5, 15.5, 6.5 ] },
								"up": { "texture": "#iron4", "uv": [ 14.5, 3.5, 15.0, 11.5 ] },
								"down": { "texture": "#iron4", "uv": [ 6.5, 1.5, 7.0, 9.5 ] }
							}
						},
						{
							"name": "W3",
							"from": [ 7.75, 10.0, 0.0 ],
							"to": [ 8.25, 11.0, 8.0 ],
							"rotationOrigin": [ 7.7, 10.0, 4.0 ],
							"faces": {
								"north": { "texture": "#iron4", "uv": [ 6.5, 9.5, 7.0, 10.5 ] },
								"east": { "texture": "#iron4", "uv": [ 0.0, 0.0, 8.0, 1.0 ] },
								"south": { "texture": "#iron4", "uv": [ 11.5, 13.5, 12.0, 14.5 ] },
								"west": { "texture": "#iron4", "uv": [ 7.0, 12.5, 15.0, 13.5 ] },
								"up": { "texture": "#iron4", "uv": [ 14.0, 6.5, 14.5, 14.5 ] },
								"down": { "texture": "#iron4", "uv": [ 4.5, 4.5, 5.0, 12.5 ] }
							}
						},
						{
							"name": "N4",
							"from": [ 3.5, -1.0, -0.5 ],
							"to": [ 4.5, 13.0, 0.0 ],
							"rotationOrigin": [ 4.0, 0.0, -0.5 ],
							"faces": {
								"north": { "texture": "#iron4", "uv": [ 2.0, 1.0, 3.0, 15.0 ] },
								"east": { "texture": "#iron4", "uv": [ 0.0, 1.0, 0.5, 15.0 ] },
								"south": { "texture": "#iron4", "uv": [ 11.5, 0.5, 12.5, 14.5 ] },
								"west": { "texture": "#iron4", "uv": [ 4.5, 1.5, 5.0, 15.5 ] },
								"up": { "texture": "#iron4", "uv": [ 8.5, 0.0, 9.5, 0.5 ] },
								"down": { "texture": "#iron4", "uv": [ 9.0, 2.0, 10.0, 2.5 ] }
							}
						},
						{
							"name": "S4",
							"from": [ 3.5, -1.0, 8.0 ],
							"to": [ 4.5, 13.0, 8.5 ],
							"rotationOrigin": [ 4.0, 0.0, 8.0 ],
							"faces": {
								"north": { "texture": "#iron4", "uv": [ 0.0, 0.0, 1.0, 14.0 ] },
								"east": { "texture": "#iron4", "uv": [ 3.0, 0.0, 3.5, 14.0 ] },
								"south": { "texture": "#iron4", "uv": [ 8.0, 1.5, 9.0, 15.5 ] },
								"west": { "texture": "#iron4", "uv": [ 4.0, 0.5, 4.5, 14.5 ] },
								"up": { "texture": "#iron4", "uv": [ 5.5, 6.5, 6.5, 7.0 ] },
								"down": { "texture": "#iron4", "uv": [ 5.0, 6.0, 6.0, 6.5 ] }
							}
						},
						{
							"name": "E4",
							"from": [ -0.5, -1.0, 3.5 ],
							"to": [ 0.0, 13.0, 4.5 ],
							"rotationOrigin": [ -0.5, -1.0, 4.0 ],
							"faces": {
								"north": { "texture": "#iron4", "uv": [ 9.0, 1.5, 9.5, 15.5 ] },
								"east": { "texture": "#iron4", "uv": [ 14.5, 0.5, 15.5, 14.5 ] },
								"south": { "texture": "#iron4", "uv": [ 13.5, 0.0, 14.0, 14.0 ] },
								"west": { "texture": "#iron4", "uv": [ 3.5, 0.5, 4.5, 14.5 ] },
								"up": { "texture": "#iron4", "uv": [ 9.5, 9.5, 10.0, 10.5 ] },
								"down": { "texture": "#iron4", "uv": [ 7.0, 10.5, 7.5, 11.5 ] }
							}
						},
						{
							"name": "W4",
							"from": [ 8.0, -1.0, 3.5 ],
							"to": [ 8.5, 13.0, 4.5 ],
							"rotationOrigin": [ 8.0, -1.0, 4.0 ],
							"faces": {
								"north": { "texture": "#iron4", "uv": [ 6.5, 0.5, 7.0, 14.5 ] },
								"east": { "texture": "#iron4", "uv": [ 0.5, 1.0, 1.5, 15.0 ] },
								"south": { "texture": "#iron4", "uv": [ 2.5, 0.5, 3.0, 14.5 ] },
								"west": { "texture": "#iron4", "uv": [ 1.0, 0.5, 2.0, 14.5 ] },
								"up": { "texture": "#iron4", "uv": [ 3.0, 13.5, 3.5, 14.5 ] },
								"down": { "texture": "#iron4", "uv": [ 0.5, 13.0, 1.0, 14.0 ] }
							}
						}
					]
				}
			]
		}
	]}