{
	"code": "clothes",
	"class": "ItemWearable",
	"variantgroups": [
		{ "code": "category", "states": ["upperbodyover"] },
		{ "code": "upperbodyover", "onVariant": "category", "states": ["suspendersleather"] },
		{ "code": "color", "states": ["black", "blue", "brown", "green", "gray", "orange", "pink", "purple", "red", "white", "yellow", "plain"] }
	],
	"shapeByType": {
		"*": { "base": "item/suspenders" }
	},
	"storageFlags": 128,
	"attributes": {
		"clothescategory": "upperbodyover",
		"wearableAttachment": true
	},
	"attributesByType": {
		"*": { "warmth": 0.5 }
	},
	"texturesByType": {
		"*": {
			"seraph": { "base": "game:block/transparent" },
			"suspendersleather": { "base": "item/upperbodyover/leathersuspenders/{color}" }
		}
	},
	"creativeinventory": {
		"americanfrontiersmanwesternwear": ["*"]
	},
	"renderAlphaTest": 0.25,
	"fpHandTransform": {
		"translation": { "x": 0.05, "y": -0.6, "z": 0.3 },
		"rotation": { "x": 180, "y": 150, "z": 180 },
		"scale": 2
	},
	"tpHandTransform": {
		"translation": { "x": -0.53, "y": -1.55, "z": 0.46 },
		"rotation": { "x": -90, "y": -90, "z": 90 },
		"origin": { "x": 0, "y": 0, "z": 0 },
		"scale": 0.55
	},
	"guiTransform": {
		"translation": { "x": 0, "y": 5, "z": 0 },
		"rotation": { "x": -180, "y": -80, "z": 10 },
		"origin": { "x": 1.5, "y": 1.1, "z": 0.7 },
		"scale": 2.75
	}
}