{
	"code": "brick",
	"maxstacksize": 64,
	"variantgroups": [
    {
      "code": "type", 
      "states": [
        "azure", 
        "black", 
        "brown",
        "gray",
        "green",
        "orange",
        "pink",
        "purple",
        "crimson",
        "white",
        "yellow"
      ] 
    },
		{ 
      "code": "state", 
      "states": [
        "raw",
        "fired0",
        "fired1",
        "fired2",
        "fired3"
      ] 
    }
	],
  "skipVariants": [
    "clayworks:brick-white-fired0",
    "clayworks:brick-white-fired2",
    "clayworks:brick-gray-fired0",
    "clayworks:brick-gray-fired3",
    "clayworks:brick-black-fired0",
    "clayworks:brick-black-fired2"
  ],
	"behaviors": [
    {
		  "name": "GroundStorable",
		  "properties": {
			  "layout": "Stacking",
			  "placeRemoveSound": "game:sounds/block/dirt1",
			  "stackingModel": "game:block/clay/brickpile",
			  "modelItemsToStackSizeRatio": 1,
			  "stackingCapacity": 24,
			  "transferQuantity": 1,
			  "ibulkTransferQuantity": 4,
			  "collisionBox": { 
          "x1": 0, 
          "y1": 0, 
          "z1": 0, 
          "x2": 1, 
          "y2": 0.25, 
          "z2": 1 
        },
			  "cbScaleYByLayer": 0.1666666666666667,
			  "maxFireable": 12
		  }
	  }
  ],
	"shape": { 
    "base": "game:item/brick" 
  },
	"attributes": {
		"tempGlowMode": 1,
		"displaycaseable": true,
		"shelvable": true,
		"onDisplayTransform": {
			"origin": { 
        "x": 0.5, 
        "y": 0, 
        "z": 0.5 
      },
			"scale": 0.8
		}
	},
	"creativeinventory": { 
    "general": [
      "*"
    ], 
    "items": [
      "*"
    ],
    "clayworks": [
      "*"
    ]
  },
	"combustibleProps": {
		"meltingPoint": 850,
		"meltingDuration": 15,
		"smeltingType": "fire",
		"smeltedStackByType": {
			"*-raw": { 
        "type": "item", 
        "code": "game:burnedbrick-gray" 
      }
		},
		"requiresContainer": false
	},
	"attributesByType":{
    "*-gray-raw": {
      "beehivekiln": {
        "0": {
          "type": "item",
          "code": "game:burnedbrick-cream"
        },
        "1": {
          "type": "item",
          "code": "clayworks:brick-gray-fired1"
        },
        "2": {
          "type": "item",
          "code": "clayworks:brick-gray-fired2"
        },
        "3": {
          "type": "item",
          "code": "game:burnedbrick-gray"
        }
      }
		},
    "*-white-raw": {
      "beehivekiln": {
        "0": {
          "type": "item",
          "code": "game:burnedbrick-cream"
        },
        "1": {
          "type": "item",
          "code": "clayworks:brick-white-fired1"
        },
        "2": {
          "type": "item",
          "code": "game:burnedbrick-cream"
        },
        "3": {
          "type": "item",
          "code": "clayworks:brick-white-fired3"
        }
      }
		},
    "*-black-raw": {
      "beehivekiln": {
        "0": {
          "type": "item",
          "code": "game:burnedbrick-gray"        
        },
        "1": {
          "type": "item",
          "code": "clayworks:brick-black-fired1"
        },
        "2": {
          "type": "item",
          "code": "game:burnedbrick-black"
        },
        "3": {
          "type": "item",
          "code": "clayworks:brick-black-fired3"
        }
      }
		},
    "*-raw": {
      "beehivekiln": {
        "0": {
          "type": "item",
          "code": "clayworks:brick-{type}-fired0"
        },
        "1": {
          "type": "item",
          "code": "clayworks:brick-{type}-fired1"
        },
        "2": {
          "type": "item",
          "code": "clayworks:brick-{type}-fired2"
        },
        "3": {
          "type": "item",
          "code": "clayworks:brick-{type}-fired3"
        }
      }
		}
	},
  "texturesByType": {
    "*-raw": {
      "all": {
        "base": "clayworks:block/clay/color/{state}/{type}",
        "overlays": [
          "clayworks:block/clay/overlay/brick_raw"
        ]
      }
    },
    "*": {
      "all": {
        "base": "game:block/clay/brickpile/burned/cream-brick1",
        "blendedOverlays": [
          {
            "base": "clayworks:block/clay/color/{state}/{type}",
            "blendMode": "Multiply"
          }
        ]
      }
    }
  },
	"materialDensity": 2600,
	"guiTransform": {
		"translation": { 
      "x": 2, 
      "y": 0, 
      "z": 0 
    },
		"rotation": { 
      "x": 164, 
      "y": -37, 
      "z": 1 
    },
		"origin": { 
      "x": 0.5, 
      "y": 0.2, 
      "z": 0.5 
    },
		"scale": 2.78
	},
	"fpHandTransform": {
		"translation": { 
      "x": 0, 
      "y": 0.1, 
      "z": 0 
    },
		"rotation": { 
      "x": 111, 
      "y": 69, 
      "z": -57 
    },
		"origin": { 
      "x": 0.5, 
      "y": 0.1, 
      "z": 0.5 
    },
		"scale": 1.57
	},
	"tpHandTransform": {
		"translation": { 
      "x": 0, 
      "y": 0, 
      "z": 0 
    },
		"rotation": { 
      "x": -17, 
      "y": 8, 
      "z": -19 
    },
		"origin": { 
      "x": 0.14, 
      "y": 0.04, 
      "z": 0.18 
    },
		"scale": 0.46
	},
	"groundTransform": {
		"translation": { 
      "x": 0, 
      "y": 0, 
      "z": 0 
    },
		"rotation": { 
      "x": 0, 
      "y": 0, 
      "z": 0 
    },
		"origin": { 
      "x": 0.5, 
      "y": 0, 
      "z": 0.5 
    },
		"scale": 3
	}
}
