{
	"code": "shinglecolored",
	"maxstacksize": 64,
	"behaviors": [{
		"name": "GroundStorable",
		"properties": {
			"layout": "Stacking",
			"placeRemoveSound": "game:sounds/block/ceramicplace",
			"stackingModel": "game:block/clay/shinglepile",
			"modelItemsToStackSizeRatio": 2,
			"stackingCapacity": 192,
			"transferQuantity": 1,
			"bulkTransferQuantity": 6,
			"maxFireable": 48,
			"collisionBox": { 
        "x1": 0, 
        "y1": 0, 
        "z1": 0, 
        "x2": 1, 
        "y2": 0.0625, 
        "z2": 1 
      },
			"cbScaleYByLayer": 0.0833333333333333
		}
	}],
	"variantgroups": [
    {
      "code": "color",
      "states": [ 
        "azure", 
        "black", 
        "brown", 
        "crimson",
        "gray",
        "green", 
        "orange", 
        "pink", 
        "purple",
        "white",
        "yellow" 
      ]
    },
    {
      "code": "variant",
      "states": [
        "raw",
        "fired0", 
        "fired1", 
        "fired2", 
        "fired3"
      ]
    }
  ],
  "skipVariants": [
    "*-white-fired0",
    "*-white-fired2",
    "*-gray-fired0",
    "*-gray-fired3",
    "*-black-fired0",
    "*-black-fired2"
  ],
	"shape": { 
    "base": "game:item/shingle" 
  },
	"texturesByType": {
    "*-raw": {
      "material": {
        "base": "clayworks:block/clay/color/raw/{color}",
        "overlays": [
          "clayworks:block/clay/overlay/raw"
        ]
      }
    },
		"*": {
      "material": {
        "base": "game:block/clay/shingles/cream",
        "blendedOverlays": [
          {
            "base": "clayworks:block/clay/color/{variant}/{color}",
            "blendMode": "Multiply"
          },
          {
            "base":"clayworks:block/clay/overlay/shingles",
            "blendMode": "Darken"
          }
        ]
		  }
    }
	},
	"attributes": {
		"displaycaseable": true,
		"shelvable": true,
		"shatteredStack": { 
      "type": "block", 
      "code": "clayshattered-singlecenter" 
    },
		"onTongTransform": {
			"translation": { 
        "x": -1.1, 
        "y": -0.87, 
        "z": -1.03 
      },
			"rotation": { 
        "x": 22, 
        "y": -49, 
        "z": -74 
      }
		}
	},
	"attributesByType":{
    "*-gray-raw": {
      "beehivekiln": {
        "0": {
          "type": "item",
          "code": "game:shingle-burned-cream"
        },
        "1": {
          "type": "item",
          "code": "clayworks:shinglecolored-gray-fired1"
        },
        "2": {
          "type": "item",
          "code": "clayworks:shinglecolored-gray-fired2"
        },
        "3": {
          "type": "item",
          "code": "game:shingle-burned-gray"
        }
      }
		},
    "*-white-raw": {
      "beehivekiln": {
        "0": {
          "type": "item",
          "code": "game:shingle-burned-cream"
        },
        "1": {
          "type": "item",
          "code": "clayworks:shinglecolored-white-fired1"
        },
        "2": {
          "type": "item",
          "code": "game:shingle-burned-cream"
        },
        "3": {
          "type": "item",
          "code": "clayworks:shinglecolored-white-fired3"
        }
      }
		},
    "*-black-raw": {
      "beehivekiln": {
        "0": {
          "type": "item",
          "code": "game:shingle-burned-gray"        
        },
        "1": {
          "type": "item",
          "code": "clayworks:shinglecolored-black-fired1"
        },
        "2": {
          "type": "item",
          "code": "game:shingle-burned-black"
        },
        "3": {
          "type": "item",
          "code": "clayworks:shinglecolored-black-fired3"
        }
      }
		},
		"*-raw":{
			"beehivekiln": {
				"0": { 
          "type": "item", 
          "code": "clayworks:shinglecolored-{color}-fired0" 
        },
				"1": { 
          "type": "item", 
          "code": "clayworks:shinglecolored-{color}-fired1" 
        },
				"2": { 
          "type": "item", 
          "code": "clayworks:shinglecolored-{color}-fired2" 
        },
				"3": { 
          "type": "item", 
          "code": "clayworks:shinglecolored-{color}-fired3" 
        }
			}
		}
	},
	"creativeinventory": { 
    "general": [
      "*"
    ], 
    "items": [
      "*"
    ],
    "clayworks": [
      "*"
    ]
  },
	"combustiblePropsByType": {
		"*-raw": {
			"meltingPoint": 850,
			"meltingDuration": 7.5,
			"smeltingType": "fire",
			"smeltedStack": { 
        "type": "item", 
        "code": "game:shingle-burned-black" 
      },
			"requiresContainer": false
		}
	},
	"materialDensity": 2600,
	"fpHandTransform": {
		"translation": { 
      "x": 0, 
      "y": 0.2, 
      "z": 0 
    },
		"rotation": { 
      "x": 19, 
      "y": 16, 
      "z": 5 
    },
		"origin": { 
      "x": 0.5, 
      "y": 0.1, 
      "z": 0.5 
    },
		"scale": 1.94
	},
	"guiTransform": {
		"translation": { 
      "x": 0, 
      "y": 0, 
      "z": 0 
    },
		"rotation": { 
      "x": -37, 
      "y": -40, 
      "z": -180 
    },
		"origin": { 
      "x": 0.5, 
      "y": 0.02, 
      "z": 0.5 
    },
		"scale": 4.6
	},
	"groundTransform": {
		"translation": { 
      "x": 0, 
      "y": 0, 
      "z": 0 
    },
		"rotation": { 
      "x": 0, 
      "y": 0, 
      "z": 0 
    },
		"origin": { 
      "x": 0.5, 
      "y": 0, 
      "z": 0.5 
    },
		"scale": 4.65
	},
	"tpHandTransform": {
		"translation": { 
      "x": -0.67, 
      "y": -0.06, 
      "z": -0.6 
    },
		"rotation": { 
      "x": 0, 
      "y": 74, 
      "z": 18 
    },
		"origin": { 
      "x": 0.5, 
      "y": 0.1,
      "z": 0.5 
    },
		"scale": 0.81
	}
}
