[
	{
		"file": "game:blocktypes/clay/oillamp.json",
		"op": "add",
		"path": "/attributes/attachableToEntity",
		"//comment": "offset doesn't seem to be working, thus edited shapes",
		"value": {
			"categoryCode": "oillamp",
			"attachedShapeBySlotCode": {
				"Back Seat": { "base": "bradycrudebuilding:block/clay/bowl/back/boat-glowing" },
				"Front Seat": { "base": "bradycrudebuilding:block/clay/bowl/front/boat-glowing" }
			},
			"texturePrefixCode": "oillamp"
		},
		"side": "server"
	},
	{
		"file": "game:blocktypes/metal/lantern.json",
		"op": "addmerge",
		"path": "/attributesByType/*-up/attachableToEntity/attachedShapeBySlotCode",
		"value": {
			"Back Seat": { "base": "bradycrudebuilding:block/metal/lantern/back/boat" },
			"Front Seat": { "base": "bradycrudebuilding:block/metal/lantern/front/boat" }
		},
		"side": "server"
	},
	{
		"file": "game:entities/water/boat.json",
		"op": "addmerge",
		"path": "/behaviorConfigs/rideableaccessories/wearableSlotsByType/boat-raft-*/0/forCategoryCodes/-",
		"value": "oillamp",
		"side": "server"
	},
	{
		"file": "game:entities/water/boat.json",
		"op": "addmerge",
		"path": "/behaviorConfigs/rideableaccessories/wearableSlotsByType/boat-raft-*/1/forCategoryCodes/-",
		"value": "oillamp",
		"side": "server"
	},
	{
		"file": "game:entities/water/boat.json",
		"op": "addmerge",
		"path": "/behaviorConfigs/rideableaccessories/wearableSlotsByType/boat-raft-*/0/forCategoryCodes/-",
		"value": "lantern",
		"side": "server"
	},
	{
		"file": "game:entities/water/boat.json",
		"op": "addmerge",
		"path": "/behaviorConfigs/rideableaccessories/wearableSlotsByType/boat-raft-*/1/forCategoryCodes/-",
		"value": "lantern",
		"side": "server"
	}
]