[
	{
		"file": "game:blocktypes/plant/crop/flax.json",
		"op": "replace",
		"path": "/shape",
		"side": "server",
		"value": { "base": "game:block/plant/crop/flax_*" }
	},
	{
		"file": "game:blocktypes/plant/crop/flax.json",
		"op": "replace",
		"path": "/textures",
		"side": "server",
		"value": {
			"1": {
				"base": "game:block/plant/crop/{type}/normal{stage}_1",
				"alternates": [
					{ "base": "game:block/plant/crop/{type}/normal{stage}_2" },
					{ "base": "game:block/plant/crop/{type}/normal{stage}_3" }
				]
			},
			"2": {
				"base": "game:block/plant/crop/{type}/normal{stage}_2",
				"alternates": [
					{ "base": "game:block/plant/crop/{type}/normal{stage}_3" },
					{ "base": "game:block/plant/crop/{type}/normal{stage}_1" }
				]
			},
			"3": {
				"base": "game:block/plant/crop/{type}/normal{stage}_3",
				"alternates": [
					{ "base": "game:block/plant/crop/{type}/normal{stage}_1" },
					{ "base": "game:block/plant/crop/{type}/normal{stage}_2" }
				]
			}
		}
	}
]
		