{
	"editor": {
		"collapsedPaths": "Root/Plant2/flower2,Root/Flower2/leaves2,Root/dome/dome4,Root/dome/dome5,Root/dome/dome6,Root/dome/dome7,Root/legs,Root/flower37,Root/flower31,Root/Flower1,Root/Flower3,Root/Flower2,Root/dome/floor2,Root/flower8,Root/flower4,Root/dome1,Root/flower5,Root/flower6,Root/dome3,Root/flower7,Root/dome4,Root/flower25,Root/flower1,Root/dome6,Root/flower2,Root/dome7,Root/flower3,Root/bottom,Root/flower43,Root/stone,Root/Top",
		"allAngles": false,
		"entityTextureMode": false
	},
	"textureWidth": 16,
	"textureHeight": 16,
	"textureSizes": {
	},
	"textures": {
	},
	"elements": [
		{
			"name": "Flower1",
			"from": [ 0.0, -3.0, 3.0 ],
			"to": [ 1.0, -2.0, 4.0 ],
			"rotationOrigin": [ 0.0, -3.0, 3.0 ],
			"rotationX": 10.0,
			"rotationY": -45.0,
			"rotationZ": -2.0,
			"faces": {
			},
			"children": [
				{
					"name": "Cube33",
					"from": [ -1.0, 1.0, 9.0 ],
					"to": [ 31.0, 33.0, 9.0 ],
					"shade": false,
					"renderPass": 2,
					"rotationOrigin": [ 7.0, 1.0, 9.0 ],
					"rotationY": 90.0,
					"faces": {
						"north": {
							"texture": "#3",
							"uv": [ 0.0, 0.0, 16.0, 16.0 ],
							"autoUv": false,
							"windMode": [ 0, 2, 2, 0 ],
							"windData": [ 0, 1, 1, 0 ]
						}
					}
				},
				{
					"name": "Cube34",
					"from": [ -9.0, 1.0, 1.0 ],
					"to": [ 23.0, 33.0, 1.0 ],
					"shade": false,
					"renderPass": 2,
					"rotationOrigin": [ -1.0, 1.0, 1.0 ],
					"faces": {
						"north": {
							"texture": "#3",
							"uv": [ 0.0, 0.0, 16.0, 16.0 ],
							"autoUv": false,
							"windMode": [ 0, 2, 2, 0 ],
							"windData": [ 0, 1, 1, 0 ]
						}
					}
				},
				{
					"name": "stem2",
					"from": [ 0.0, 0.0, 0.0 ],
					"to": [ 1.0, 1.0, 1.0 ],
					"climateColorMap": "climatePlantTint",
					"seasonColorMap": "seasonalGrass",
					"faces": {
					},
					"children": [
						{
							"name": "Cube35",
							"from": [ -1.0, 1.0, 9.0 ],
							"to": [ 31.0, 33.0, 9.0 ],
							"shade": false,
							"climateColorMap": "climatePlantTint",
							"seasonColorMap": "seasonalGrass",
							"renderPass": 2,
							"rotationOrigin": [ 7.0, 1.0, 9.0 ],
							"rotationY": 90.0,
							"faces": {
								"north": {
									"texture": "#30",
									"uv": [ 0.0, 0.0, 16.0, 16.0 ],
									"autoUv": false,
									"windMode": [ 0, 2, 2, 0 ],
									"windData": [ 0, 1, 1, 0 ]
								}
							}
						},
						{
							"name": "Cube36",
							"from": [ -9.0, 0.0, 1.0 ],
							"to": [ 23.0, 32.0, 1.0 ],
							"shade": false,
							"climateColorMap": "climatePlantTint",
							"seasonColorMap": "seasonalGrass",
							"renderPass": 2,
							"rotationOrigin": [ -1.0, 0.0, 1.0 ],
							"faces": {
								"north": {
									"texture": "#30",
									"uv": [ 0.0, 0.0, 16.0, 16.0 ],
									"autoUv": false,
									"windMode": [ 0, 2, 2, 0 ],
									"windData": [ 0, 1, 1, 0 ]
								}
							}
						}
					]
				}
			]
		},
		{
			"name": "Flower3",
			"from": [ 3.0, 0.0, 4.0 ],
			"to": [ 4.0, 1.0, 5.0 ],
			"rotationOrigin": [ 3.0, 0.0, 4.0 ],
			"rotationZ": -3.0,
			"faces": {
			},
			"children": [
				{
					"name": "Cube42",
					"from": [ -1.0, 1.0, 9.0 ],
					"to": [ 31.0, 33.0, 9.0 ],
					"shade": false,
					"renderPass": 2,
					"rotationOrigin": [ 7.0, 1.0, 9.0 ],
					"rotationY": 90.0,
					"faces": {
						"north": {
							"texture": "#2",
							"uv": [ 0.0, 0.0, 16.0, 16.0 ],
							"autoUv": false,
							"windMode": [ 0, 2, 2, 0 ],
							"windData": [ 0, 1, 1, 0 ]
						}
					}
				},
				{
					"name": "Cube43",
					"from": [ -9.0, 1.0, 1.0 ],
					"to": [ 23.0, 33.0, 1.0 ],
					"shade": false,
					"renderPass": 2,
					"rotationOrigin": [ -1.0, 1.0, 1.0 ],
					"faces": {
						"north": {
							"texture": "#2",
							"uv": [ 0.0, 0.0, 16.0, 16.0 ],
							"autoUv": false,
							"windMode": [ 0, 2, 2, 0 ],
							"windData": [ 0, 1, 1, 0 ]
						}
					}
				},
				{
					"name": "stem4",
					"from": [ 0.0, 0.0, 0.0 ],
					"to": [ 1.0, 1.0, 1.0 ],
					"climateColorMap": "climatePlantTint",
					"seasonColorMap": "seasonalGrass",
					"faces": {
					},
					"children": [
						{
							"name": "Cube44",
							"from": [ -1.0, 1.0, 9.0 ],
							"to": [ 31.0, 33.0, 9.0 ],
							"shade": false,
							"climateColorMap": "climatePlantTint",
							"seasonColorMap": "seasonalGrass",
							"renderPass": 2,
							"rotationOrigin": [ 7.0, 1.0, 9.0 ],
							"rotationY": 90.0,
							"faces": {
								"north": {
									"texture": "#20",
									"uv": [ 0.0, 0.0, 16.0, 16.0 ],
									"autoUv": false,
									"windMode": [ 0, 2, 2, 0 ],
									"windData": [ 0, 1, 1, 0 ]
								}
							}
						},
						{
							"name": "Cube45",
							"from": [ -9.0, 0.0, 1.0 ],
							"to": [ 23.0, 32.0, 1.0 ],
							"shade": false,
							"climateColorMap": "climatePlantTint",
							"seasonColorMap": "seasonalGrass",
							"renderPass": 2,
							"rotationOrigin": [ -1.0, 0.0, 1.0 ],
							"faces": {
								"north": {
									"texture": "#20",
									"uv": [ 0.0, 0.0, 16.0, 16.0 ],
									"autoUv": false,
									"windMode": [ 0, 2, 2, 0 ],
									"windData": [ 0, 1, 1, 0 ]
								}
							}
						}
					]
				}
			]
		}
	]}