{
	"editor": {
		"collapsedPaths": "Root/Plant2/flower2,Root/Flower2/leaves2,Root/dome/dome4,Root/dome/dome5,Root/dome/dome6,Root/dome/dome7,Root/legs,Root/flower37,Root/flower31,Root/dome/floor2,Root/flower8,Root/flower4,Root/dome1,Root/flower5,Root/flower6,Root/dome3,Root/flower7,Root/dome4,Root/flower25,Root/flower1,Root/dome6,Root/flower2,Root/dome7,Root/flower3,Root/bottom,Root/flower43,Root/stone,Root/Top",
		"allAngles": false,
		"entityTextureMode": false
	},
	"textureWidth": 16,
	"textureHeight": 16,
	"textureSizes": {
	},
	"textures": {
	},
	"elements": [
		{
			"name": "Flower1",
			"from": [ 3.0, -1.0, -3.0 ],
			"to": [ 4.0, 0.0, -2.0 ],
			"rotationOrigin": [ 3.0, -1.0, -3.0 ],
			"rotationY": -22.5,
			"faces": {
			},
			"children": [
				{
					"name": "Cube1",
					"from": [ -8.0, 1.0, 12.0 ],
					"to": [ 24.0, 33.0, 12.0 ],
					"shade": false,
					"renderPass": 2,
					"rotationOrigin": [ 0.0, 1.0, 12.0 ],
					"faces": {
						"north": {
							"texture": "#1",
							"uv": [ 0.0, 0.0, 16.0, 16.0 ],
							"autoUv": false,
							"windMode": [ 0, 2, 2, 0 ],
							"windData": [ 0, 1, 1, 0 ]
						}
					}
				},
				{
					"name": "Cube2",
					"from": [ 0.0, 1.0, 20.0 ],
					"to": [ 32.0, 33.0, 20.0 ],
					"shade": false,
					"renderPass": 2,
					"rotationOrigin": [ 8.0, 1.0, 20.0 ],
					"rotationY": 90.0,
					"faces": {
						"north": {
							"texture": "#1",
							"uv": [ 0.0, 0.0, 16.0, 16.0 ],
							"autoUv": false,
							"windMode": [ 0, 2, 2, 0 ],
							"windData": [ 0, 1, 1, 0 ]
						}
					}
				},
				{
					"name": "stem1",
					"from": [ 0.0, 0.0, 0.0 ],
					"to": [ 1.0, 1.0, 1.0 ],
					"climateColorMap": "climatePlantTint",
					"seasonColorMap": "seasonalGrass",
					"faces": {
					},
					"children": [
						{
							"name": "Cube4",
							"from": [ -8.0, 1.0, 12.0 ],
							"to": [ 24.0, 33.0, 12.0 ],
							"shade": false,
							"renderPass": 2,
							"climateColorMap": "climatePlantTint",
							"seasonColorMap": "seasonalGrass",
							"rotationOrigin": [ 0.0, 1.0, 12.0 ],
							"faces": {
								"north": {
									"texture": "#10",
									"uv": [ 0.0, 0.0, 16.0, 16.0 ],
									"autoUv": false,
									"windMode": [ 0, 2, 2, 0 ],
									"windData": [ 0, 1, 1, 0 ]
								}
							}
						},
						{
							"name": "Cube25",
							"from": [ 0.0, 1.0, 20.0 ],
							"to": [ 32.0, 33.0, 20.0 ],
							"shade": false,
							"renderPass": 2,
							"climateColorMap": "climatePlantTint",
							"seasonColorMap": "seasonalGrass",
							"rotationOrigin": [ 8.0, 1.0, 20.0 ],
							"rotationY": 90.0,
							"faces": {
								"north": {
									"texture": "#10",
									"uv": [ 0.0, 0.0, 16.0, 16.0 ],
									"autoUv": false,
									"windMode": [ 0, 2, 2, 0 ],
									"windData": [ 0, 1, 1, 0 ]
								}
							}
						}
					]
				}
			]
		}
	]}