{
	"editor": {
		"collapsedPaths": "Root/legs,Root/stone,Root/Top,Root/top",
		"allAngles": false,
		"entityTextureMode": false
	},
	"textureWidth": 68,
	"textureHeight": 68,
	"textureSizes": {
	},
	"textures": {
	},
	"elements": [
		{
			"name": "bottom",
			"from": [ 15.4, 0.0, 0.0 ],
			"to": [ 16.4, 1.0, 1.0 ],
			"rotationOrigin": [ 15.4, 0.0, 0.0 ],
			"rotationY": -90.0,
			"faces": {
			},
			"children": [
				{
					"name": "bottombase0",
					"from": [ 2.625, 0.0, 1.0 ],
					"to": [ 13.375, 2.5, 13.75 ],
					"shade": false,
					"rotationOrigin": [ 8.0, 0.0, 8.0 ],
					"faces": {
						"north": { "texture": "#copper", "uv": [ 22.3125, 10.625, 32.9031, 12.7531 ], "autoUv": false },
						"east": { "texture": "#copper", "uv": [ 10.6781, 10.625, 22.3125, 12.75 ], "autoUv": false },
						"south": { "texture": "#copper", "uv": [ 0.0, 10.625, 10.6969, 12.7 ], "autoUv": false },
						"west": { "texture": "#copper", "uv": [ 32.9375, 10.625, 44.625, 12.7531 ], "autoUv": false },
						"up": { "texture": "#copper", "uv": [ 10.625, 0.0, 22.2781, 10.625 ], "autoUv": false },
						"down": { "texture": "#copper", "uv": [ 22.3125, 0.0, 33.9656, 10.625 ], "autoUv": false }
					}
				},
				{
					"name": "anglesupport11",
					"from": [ 8.5721, 2.0, 3.5983 ],
					"to": [ 12.5971, 3.675, 7.0983 ],
					"shade": false,
					"rotationOrigin": [ 10.4721, 3.0, 5.3483 ],
					"rotationY": 45.0,
					"rotationZ": -25.0,
					"faces": {
						"north": { "texture": "#copper", "uv": [ 34.0, 29.75, 38.025, 31.3719 ], "autoUv": false },
						"east": { "texture": "#copper", "uv": [ 30.8125, 29.75, 34.0, 31.3703 ], "autoUv": false },
						"south": { "texture": "#copper", "uv": [ 27.0938, 29.75, 30.8, 31.3719 ], "autoUv": false },
						"west": { "texture": "#copper", "uv": [ 38.0375, 29.8031, 41.5375, 31.3719 ], "autoUv": false },
						"up": { "texture": "#copper", "uv": [ 30.8656, 25.9781, 33.9672, 29.7375 ], "rotation": 270, "autoUv": false },
						"down": { "texture": "#copper", "uv": [ 33.9469, 25.9781, 37.175, 29.6906 ], "autoUv": false }
					}
				},
				{
					"name": "anglesupport12",
					"from": [ 8.9886, 1.9033, 9.646 ],
					"to": [ 13.0136, 3.5783, 13.146 ],
					"shade": false,
					"rotationOrigin": [ 10.8011, 4.1658, 10.996 ],
					"rotationX": -0.204,
					"rotationY": -43.466,
					"rotationZ": -25.481,
					"faces": {
						"north": { "texture": "#copper", "uv": [ 34.0, 29.75, 37.7063, 31.3188 ], "autoUv": false },
						"east": { "texture": "#copper", "uv": [ 30.8125, 29.75, 34.0, 31.3703 ], "autoUv": false },
						"south": { "texture": "#copper", "uv": [ 27.1469, 29.75, 30.8, 31.3719 ], "autoUv": false },
						"west": { "texture": "#copper", "uv": [ 29.75, 36.125, 33.25, 37.8 ], "autoUv": false },
						"up": { "texture": "#copper", "uv": [ 30.8125, 29.7375, 33.9938, 26.0844 ], "rotation": 90, "autoUv": false },
						"down": { "texture": "#copper", "uv": [ 34.0, 26.0844, 37.175, 29.7438 ], "autoUv": false }
					}
				},
				{
					"name": "anglesupport23",
					"from": [ 5.0155, 2.7419, 8.564 ],
					"to": [ 9.0405, 4.4169, 12.064 ],
					"shade": false,
					"rotationOrigin": [ 5.3538, 2.7993, 8.1592 ],
					"rotationX": -179.803,
					"rotationY": 41.466,
					"rotationZ": 154.528,
					"faces": {
						"north": { "texture": "#copper", "uv": [ 34.0, 29.75, 38.025, 31.3719 ], "autoUv": false },
						"east": { "texture": "#copper", "uv": [ 30.8125, 29.75, 33.9469, 31.3703 ], "autoUv": false },
						"south": { "texture": "#copper", "uv": [ 27.625, 29.75, 30.8, 31.3719 ], "autoUv": false },
						"west": { "texture": "#copper", "uv": [ 38.0375, 29.75, 41.5375, 31.3719 ], "autoUv": false },
						"up": { "texture": "#copper", "uv": [ 30.8125, 25.9781, 34.0469, 29.7375 ], "rotation": 270, "autoUv": false },
						"down": { "texture": "#copper", "uv": [ 34.0, 26.0313, 37.175, 29.5313 ], "autoUv": false }
					}
				},
				{
					"name": "anglesupport24",
					"from": [ 5.2462, 2.8566, 4.5053 ],
					"to": [ 9.2712, 4.5316, 8.0053 ],
					"shade": false,
					"rotationOrigin": [ 5.3538, 2.7993, 8.1592 ],
					"rotationX": 180.0,
					"rotationY": -47.0,
					"rotationZ": 155.0,
					"faces": {
						"north": { "texture": "#copper", "uv": [ 34.0, 29.75, 37.7063, 31.3719 ], "autoUv": false },
						"east": { "texture": "#copper", "uv": [ 30.8125, 29.75, 34.0, 31.3703 ], "autoUv": false },
						"south": { "texture": "#copper", "uv": [ 27.0406, 29.75, 30.8, 31.3719 ], "autoUv": false },
						"west": { "texture": "#copper", "uv": [ 37.7188, 29.75, 41.1656, 31.3188 ], "autoUv": false },
						"up": { "texture": "#copper", "uv": [ 30.8125, 29.7375, 33.9938, 25.9781 ], "rotation": 90, "autoUv": false },
						"down": { "texture": "#copper", "uv": [ 34.0, 26.0313, 37.175, 29.6906 ], "autoUv": false }
					}
				},
				{
					"name": "base15",
					"from": [ 5.175, 1.7, 4.925 ],
					"to": [ 10.825, 8.7, 10.925 ],
					"shade": false,
					"rotationOrigin": [ 8.0, 5.0, 7.0 ],
					"rotationX": 12.0,
					"faces": {
						"north": { "texture": "#copper", "uv": [ 11.6875, 31.875, 17.0, 38.7813 ] },
						"east": { "texture": "#copper", "uv": [ 5.8438, 29.75, 11.6875, 36.6563 ] },
						"south": { "texture": "#copper", "uv": [ 0.0, 27.625, 5.3125, 34.5313 ] },
						"west": { "texture": "#copper", "uv": [ 17.0, 28.1563, 23.0, 35.1563 ], "snapUv": false },
						"up": { "texture": "#copper", "uv": [ 5.3125, 22.3125, 11.7063, 27.6219 ], "autoUv": false },
						"down": { "texture": "#copper", "uv": [ 11.7406, 22.2594, 17.0188, 27.5688 ], "autoUv": false }
					}
				},
				{
					"name": "base26",
					"from": [ 5.18, 1.8905, 5.9519 ],
					"to": [ 10.78, 9.3905, 11.9519 ],
					"shade": false,
					"rotationOrigin": [ 8.0, 3.8905, 10.7769 ],
					"rotationX": -13.0,
					"faces": {
						"north": { "texture": "#copper", "uv": [ 0.0, 27.625, 5.3125, 35.0625 ] },
						"east": { "texture": "#copper", "uv": [ 4.7813, 27.625, 10.625, 35.0625 ] },
						"south": { "texture": "#copper", "uv": [ 11.6875, 27.625, 17.0, 35.0625 ] },
						"west": { "texture": "#copper", "uv": [ 17.5313, 27.625, 23.375, 35.0625 ] },
						"up": { "texture": "#copper", "uv": [ 5.3125, 22.3125, 10.625, 28.1563 ] },
						"down": { "texture": "#copper", "uv": [ 11.7406, 22.2594, 17.9781, 27.6219 ], "autoUv": false }
					}
				}
			]
		},
		{
			"name": "top",
			"from": [ 15.4, -6.0, 0.0 ],
			"to": [ 16.4, -6.0, 1.0 ],
			"rotationOrigin": [ 15.4, -6.0, 0.0 ],
			"rotationY": -90.0,
			"faces": {
			},
			"children": [
				{
					"name": "base37",
					"from": [ 5.125, 11.475, 3.075 ],
					"to": [ 10.875, 15.925, 13.675 ],
					"shade": false,
					"rotationOrigin": [ 8.0, 0.0, 8.0 ],
					"faces": {
						"north": { "texture": "#copper", "uv": [ 15.94, 18.06, 21.25, 22.25 ], "autoUv": false },
						"east": { "texture": "#copper", "uv": [ 21.25, 18.0625, 31.8484, 22.24 ], "autoUv": false },
						"south": { "texture": "#copper", "uv": [ 9.0313, 31.3513, 14.3863, 35.5148 ], "autoUv": false },
						"west": { "texture": "#copper", "uv": [ 5.3125, 18.0758, 15.9125, 22.2867 ], "autoUv": false },
						"up": { "texture": "#copper", "uv": [ 5.3266, 12.7477, 15.8734, 18.0859 ], "rotation": 90, "autoUv": false },
						"down": { "texture": "#copper", "uv": [ 16.0, 13.0, 26.5, 18.5 ], "rotation": 90 }
					}
				},
				{
					"name": "base48",
					"from": [ 5.25, 14.875, 13.075 ],
					"to": [ 10.725, 15.875, 18.55 ],
					"shade": false,
					"rotationOrigin": [ 8.0, 0.0, 8.0 ],
					"faces": {
						"north": { "texture": "#copper", "uv": [ 34.0, 37.19, 39.32, 38.1875 ], "autoUv": false },
						"east": { "texture": "#copper", "uv": [ 28.6875, 37.1875, 34.0266, 38.25 ], "autoUv": false },
						"south": { "texture": "#copper", "uv": [ 23.375, 37.1875, 28.6906, 38.1875 ], "autoUv": false },
						"west": { "texture": "#copper", "uv": [ 39.3125, 37.1875, 44.6, 38.19 ], "autoUv": false },
						"up": { "texture": "#copper", "uv": [ 28.6875, 31.875, 34.0031, 37.1906 ], "autoUv": false },
						"down": { "texture": "#copper", "uv": [ 35.1, 31.88, 39.3, 37.18 ], "autoUv": false }
					}
				},
				{
					"name": "base59",
					"from": [ 6.575, 12.77, 12.67 ],
					"to": [ 9.4, 15.27, 20.27 ],
					"shade": false,
					"rotationOrigin": [ 7.9875, 10.375, 16.1125 ],
					"rotationX": -45.0,
					"faces": {
						"north": { "texture": "#copper", "uv": [ 36.6563, 12.2188, 39.4813, 14.7188 ], "autoUv": false },
						"east": { "texture": "#copper", "uv": [ 33.6, 19.12, 42.44, 21.25 ], "autoUv": false },
						"south": { "texture": "#copper", "uv": [ 31.875, 18.7531, 34.0094, 21.2531 ], "autoUv": false },
						"west": { "texture": "#copper", "uv": [ 45.2094, 19.125, 52.8, 21.2 ], "autoUv": false },
						"up": { "texture": "#copper", "uv": [ 42.4367, 17.0, 34.0, 19.1344 ], "rotation": 90, "autoUv": false },
						"down": { "texture": "#copper", "uv": [ 42.8719, 17.0, 50.4719, 19.1 ], "rotation": 90, "autoUv": false }
					}
				},
				{
					"name": "base610",
					"from": [ 6.0, 12.425, 2.075 ],
					"to": [ 10.0, 15.225, 3.175 ],
					"shade": false,
					"rotationOrigin": [ 7.9875, 10.375, 15.8125 ],
					"faces": {
						"north": { "texture": "#copper", "uv": [ 3.7719, 18.0625, 7.9313, 20.8094 ], "autoUv": false },
						"east": { "texture": "#copper", "uv": [ 18.0625, 18.5938, 19.1781, 21.25 ], "autoUv": false },
						"south": { "texture": "#copper", "uv": [ 13.8125, 4.7813, 17.8125, 7.5813 ], "autoUv": false },
						"west": { "texture": "#copper", "uv": [ 18.0492, 18.5938, 19.1492, 21.2609 ], "autoUv": false },
						"up": { "texture": "#copper", "uv": [ 3.1875, 0.0, 4.2875, 3.7344 ], "rotation": 90, "autoUv": false },
						"down": { "texture": "#copper", "uv": [ 1.0625, 7.4375, 4.7438, 8.5375 ], "autoUv": false }
					}
				},
				{
					"name": "base1211",
					"from": [ 8.4077, 12.7, -1.0869 ],
					"to": [ 9.4577, 14.7, 2.3382 ],
					"shade": false,
					"rotationOrigin": [ 9.0827, 13.7, 1.1132 ],
					"rotationY": 22.25,
					"faces": {
						"north": { "texture": "#copper", "uv": [ 14.3438, 3.1875, 15.3938, 5.1875 ], "autoUv": false },
						"east": { "texture": "#copper", "uv": [ 4.7813, 6.375, 8.2063, 8.375 ], "autoUv": false },
						"south": { "texture": "#copper", "uv": [ 0.0, 0.0, 1.05, 2.0 ], "autoUv": false },
						"west": { "texture": "#copper", "uv": [ 5.1797, 6.375, 8.6047, 8.375 ], "autoUv": false },
						"up": { "texture": "#copper", "uv": [ 0.5313, 5.3125, 4.2219, 6.3625 ], "rotation": 90, "autoUv": false },
						"down": { "texture": "#copper", "uv": [ 4.25, 5.3125, 7.4625, 6.3625 ], "rotation": 90, "autoUv": false }
					}
				},
				{
					"name": "base1312",
					"from": [ 6.2211, 12.7, -1.3149 ],
					"to": [ 7.2711, 14.7, 2.1101 ],
					"shade": false,
					"rotationOrigin": [ 6.071, 13.7, 1.8726 ],
					"rotationY": -22.75,
					"faces": {
						"north": { "texture": "#copper", "uv": [ 5.8438, 13.8125, 6.8938, 15.8125 ], "autoUv": false },
						"east": { "texture": "#copper", "uv": [ 1.5938, 2.6563, 5.0188, 4.6563 ], "autoUv": false },
						"south": { "texture": "#copper", "uv": [ 7.4375, 14.3438, 8.4875, 16.3438 ], "autoUv": false },
						"west": { "texture": "#copper", "uv": [ 4.8344, 6.375, 8.4719, 8.4813 ], "autoUv": false },
						"up": { "texture": "#copper", "uv": [ 1.0625, 5.3125, 4.2219, 6.3625 ], "rotation": 90, "autoUv": false },
						"down": { "texture": "#copper", "uv": [ 4.25, 5.3125, 7.5422, 6.3625 ], "rotation": 90, "autoUv": false }
					}
				},
				{
					"name": "base1013",
					"from": [ 7.275, 13.4, -1.525 ],
					"to": [ 8.75, 15.2, 2.575 ],
					"shade": false,
					"rotationOrigin": [ 7.9875, 10.375, 15.8125 ],
					"faces": {
						"north": { "texture": "#copper", "uv": [ 24.4375, 23.375, 25.9125, 24.9625 ], "autoUv": false },
						"east": { "texture": "#copper", "uv": [ 19.125, 23.375, 23.4281, 25.4469 ], "autoUv": false },
						"south": { "texture": "#copper", "uv": [ 1.5938, 3.1875, 3.0688, 4.9875 ], "autoUv": false },
						"west": { "texture": "#copper", "uv": [ 26.0313, 23.375, 30.2375, 25.4938 ], "autoUv": false },
						"up": { "texture": "#copper", "uv": [ 20.1875, 22.84, 24.4336, 24.45 ], "rotation": 90, "autoUv": false },
						"down": { "texture": "#copper", "uv": [ 0.0, 18.6469, 1.6078, 22.2953 ], "autoUv": false }
					}
				},
				{
					"name": "base714",
					"from": [ 7.025, 12.125, 0.3 ],
					"to": [ 9.0, 13.925, 5.4 ],
					"shade": false,
					"rotationOrigin": [ 4.0, 12.325, -0.375 ],
					"rotationX": 15.0,
					"faces": {
						"north": { "texture": "#copper", "uv": [ 42.5, 14.875, 44.475, 16.675 ], "autoUv": false },
						"east": { "texture": "#copper", "uv": [ 44.625, 14.875, 49.9375, 16.8938 ], "autoUv": false },
						"south": { "texture": "#copper", "uv": [ 40.375, 14.875, 42.35, 16.675 ], "autoUv": false },
						"west": { "texture": "#copper", "uv": [ 44.625, 14.8219, 49.9375, 16.9406 ], "autoUv": false },
						"up": { "texture": "#copper", "uv": [ 31.875, 8.5, 33.85, 13.6 ], "autoUv": false },
						"down": { "texture": "#copper", "uv": [ 42.7125, 12.8031, 47.8125, 14.7781 ], "rotation": 90, "autoUv": false }
					}
				},
				{
					"name": "base815",
					"from": [ 7.25, 12.4304, -1.6249 ],
					"to": [ 8.749, 13.2304, 0.1001 ],
					"shade": false,
					"rotationOrigin": [ 8.0125, 11.8554, -0.6999 ],
					"rotationX": 30.0,
					"faces": {
						"north": { "texture": "#copper", "uv": [ 19.6563, 36.6563, 21.1563, 37.4563 ], "autoUv": false },
						"east": { "texture": "#copper", "uv": [ 19.125, 27.625, 20.732, 26.5625 ], "autoUv": false },
						"south": { "texture": "#copper", "uv": [ 19.6563, 31.3438, 21.1563, 32.1438 ], "autoUv": false },
						"west": { "texture": "#copper", "uv": [ 20.72, 26.56, 18.12, 27.6 ], "autoUv": false },
						"up": { "texture": "#copper", "uv": [ 20.1875, 25.5, 21.6875, 27.225 ], "autoUv": false },
						"down": { "texture": "#copper", "uv": [ 20.1875, 25.5, 21.7406, 27.1719 ], "autoUv": false }
					}
				},
				{
					"name": "base916",
					"from": [ 7.324, 13.406, -3.0013 ],
					"to": [ 8.6738, 14.206, -0.8013 ],
					"shade": false,
					"rotationOrigin": [ 8.0, 13.581, -1.7388 ],
					"rotationX": 45.0,
					"faces": {
						"north": { "texture": "#copper", "uv": [ 3.1875, 8.5, 5.281, 9.5656 ], "autoUv": false },
						"east": { "texture": "#copper", "uv": [ 6.375, 9.5625, 4.25, 10.625 ], "autoUv": false },
						"south": { "texture": "#copper", "uv": [ 27.625, 4.25, 28.9748, 5.05 ], "autoUv": false },
						"west": { "texture": "#copper", "uv": [ 4.25, 9.5758, 6.3703, 10.6148 ], "autoUv": false },
						"up": { "texture": "#copper", "uv": [ 23.9063, 5.8438, 25.2561, 8.0438 ], "autoUv": false },
						"down": { "texture": "#copper", "uv": [ 6.375, 18.5938, 8.4688, 20.1561 ], "rotation": 90, "autoUv": false }
					}
				},
				{
					"name": "base1117",
					"from": [ 7.375, 14.125, -2.775 ],
					"to": [ 8.725, 15.125, 1.325 ],
					"shade": false,
					"rotationOrigin": [ 8.0125, 14.05, -0.575 ],
					"rotationX": 6.0,
					"faces": {
						"north": { "texture": "#copper", "uv": [ 6.9063, 1.0625, 8.5219, 2.1156 ], "autoUv": false },
						"east": { "texture": "#copper", "uv": [ 15.9109, 12.75, 11.6875, 13.8125 ], "autoUv": false },
						"south": { "texture": "#copper", "uv": [ 6.375, 0.0, 7.9906, 1.0 ], "autoUv": false },
						"west": { "texture": "#copper", "uv": [ 11.6875, 12.75, 15.7875, 13.75 ], "autoUv": false },
						"up": { "texture": "#copper", "uv": [ 7.4375, 12.75, 11.5375, 14.3656 ], "rotation": 90, "autoUv": false },
						"down": { "texture": "#copper", "uv": [ 7.4375, 19.125, 11.5906, 20.475 ], "rotation": 90, "autoUv": false }
					}
				}
			]
		}
	]}