﻿[
  {
	"side": "server",
    "file": "visorhelmets:itemtypes/armor/armor",
    "op": "addmerge",
    "path": "/behaviors",
    "value": [
      {
        "name": "CombatOverhaul:Armor",
        "propertiesByType": {
          "armor-head-copper-closed": {
            "Layers": ["Outer"],
            "Zones": ["Head", "Neck", "Face"],
            "Resists": {"PiercingAttack": 4, "SlashingAttack": 4, "BluntAttack": 3},
            "FlatReduction": {},
            "PlayerStats": {"walkspeed": 0, "manipulationSpeed": 0, "steadyAim": -0.15, "healingeffectivness": -0.09, "hungerrate": 0.15}
          },
		  "armor-head-copper-opened": {
            "Layers": ["Outer"],
            "Zones": ["Head", "Neck"],
            "Resists": {"PiercingAttack": 4, "SlashingAttack": 4, "BluntAttack": 3},
            "FlatReduction": {},
            "PlayerStats": {"walkspeed": 0, "manipulationSpeed": 0, "steadyAim": -0.1, "healingeffectivness": -0.07, "hungerrate": 0.1}
          },
          "armor-head-*bronze-closed": {
            "Layers": ["Outer"],
            "Zones": ["Head", "Neck", "Face"],
            "Resists": {"PiercingAttack": 5, "SlashingAttack": 5, "BluntAttack": 4},
            "FlatReduction": {},
            "PlayerStats": {"walkspeed": 0, "manipulationSpeed": 0, "steadyAim": -0.15, "healingeffectivness": -0.09, "hungerrate": 0.15}
          },
		  "armor-head-*bronze-opened": {
            "Layers": ["Outer"],
            "Zones": ["Head", "Neck"],
            "Resists": {"PiercingAttack": 5, "SlashingAttack": 5, "BluntAttack": 4},
            "FlatReduction": {},
            "PlayerStats": {"walkspeed": 0, "manipulationSpeed": 0, "steadyAim": -0.1, "healingeffectivness": -0.07, "hungerrate": 0.1}
          },
          "armor-head-*iron-closed": {
            "Layers": ["Outer"],
            "Zones": ["Head", "Neck", "Face"],
            "Resists": {"PiercingAttack": 6, "SlashingAttack": 6, "BluntAttack": 5},
            "FlatReduction": {},
            "PlayerStats": {"walkspeed": 0, "manipulationSpeed": 0, "steadyAim": -0.15, "healingeffectivness": -0.09, "hungerrate": 0.15}
          },
		  "armor-head-*iron-opened": {
            "Layers": ["Outer"],
            "Zones": ["Head", "Neck"],
            "Resists": {"PiercingAttack": 6, "SlashingAttack": 6, "BluntAttack": 5},
            "FlatReduction": {},
            "PlayerStats": {"walkspeed": 0, "manipulationSpeed": 0, "steadyAim": -0.1, "healingeffectivness": -0.07, "hungerrate": 0.1}
          },
          "armor-head-steel-closed": {
            "Layers": ["Outer"],
            "Zones": ["Head", "Neck", "Face"],
            "Resists": {"PiercingAttack": 7, "SlashingAttack": 7, "BluntAttack": 6},
            "FlatReduction": {},
            "PlayerStats": {"walkspeed": 0, "manipulationSpeed": 0, "steadyAim": -0.15, "healingeffectivness": -0.09, "hungerrate": 0.15} 
          },
		  "armor-head-steel-opened": {
            "Layers": ["Outer"],
            "Zones": ["Head", "Neck"],
            "Resists": {"PiercingAttack": 7, "SlashingAttack": 7, "BluntAttack": 6},
            "FlatReduction": {},
            "PlayerStats": {"walkspeed": 0, "manipulationSpeed": 0, "steadyAim": -0.1, "healingeffectivness": -0.07, "hungerrate": 0.1}
          },
          "armor-head-*gold-closed": {
            "Layers": ["Outer"],
            "Zones": ["Head", "Neck", "Face"],
            "Resists": {"PiercingAttack": 4, "SlashingAttack": 4, "BluntAttack": 1},
            "FlatReduction": {},
            "PlayerStats": {"walkspeed": 0, "manipulationSpeed": 0, "steadyAim": -0.15, "healingeffectivness": -0.09, "hungerrate": 0.15}
          },
		  "armor-head-*gold-opened": {
            "Layers": ["Outer"],
            "Zones": ["Head", "Neck"],
            "Resists": {"PiercingAttack": 4, "SlashingAttack": 4, "BluntAttack": 1},
            "FlatReduction": {},
            "PlayerStats": {"walkspeed": 0, "manipulationSpeed": 0, "steadyAim": -0.1, "healingeffectivness": -0.07, "hungerrate": 0.1}
          },
          "armor-head-*silver-closed": {
            "Layers": ["Outer"],
            "Zones": ["Head", "Neck", "Face"],
            "Resists": {"PiercingAttack": 4, "SlashingAttack": 4, "BluntAttack": 1},
            "FlatReduction": {},
            "PlayerStats": {"walkspeed": 0, "manipulationSpeed": 0, "steadyAim": -0.15, "healingeffectivness": -0.09, "hungerrate": 0.15}
          },
		  "armor-head-*silver-opened": {
            "Layers": ["Outer"],
            "Zones": ["Head", "Neck"],
            "Resists": {"PiercingAttack": 4, "SlashingAttack": 4, "BluntAttack": 1},
            "FlatReduction": {},
            "PlayerStats": {"walkspeed": 0, "manipulationSpeed": 0, "steadyAim": -0.1, "healingeffectivness": -0.07, "hungerrate": 0.1}
          },
		  "armor-head-blackguard-closed": {
            "Layers": ["Outer"],
            "Zones": ["Head", "Neck", "Face"],
            "Resists": {"PiercingAttack": 6, "SlashingAttack": 6, "BluntAttack": 5},
            "FlatReduction": {},
            "PlayerStats": {"walkspeed": 0, "manipulationSpeed": 0, "steadyAim": -0.1, "healingeffectivness": -0.09, "hungerrate": 0.15}
          },
		  "armor-head-blackguard-opened": {
            "Layers": ["Outer"],
            "Zones": ["Head", "Neck"],
            "Resists": {"PiercingAttack": 6, "SlashingAttack": 6, "BluntAttack": 5},
            "FlatReduction": {},
            "PlayerStats": {"walkspeed": 0, "manipulationSpeed": 0, "steadyAim": -0.05, "healingeffectivness": -0.07, "hungerrate": 0.1}
          },
		  "armor-head-forlorn-closed": {
            "Layers": ["Outer"],
            "Zones": ["Head", "Neck", "Face"],
            "Resists": {"PiercingAttack": 6, "SlashingAttack": 6, "BluntAttack": 5},
            "FlatReduction": {},
            "PlayerStats": {"walkspeed": 0, "manipulationSpeed": 0, "steadyAim": -0.07, "healingeffectivness": -0.04, "hungerrate": 0.07}
          },
		  "armor-head-forlorn-opened": {
            "Layers": ["Outer"],
            "Zones": ["Head", "Neck"],
            "Resists": {"PiercingAttack": 6, "SlashingAttack": 6, "BluntAttack": 5},
            "FlatReduction": {},
            "PlayerStats": {"walkspeed": 0, "manipulationSpeed": 0, "steadyAim": -0.02, "healingeffectivness": -0.02, "hungerrate": 0.02}
          }
        }
      }
    ],
	"dependsOn": [ { "modid": "combatoverhaul" } ]
  },
  {
	"side": "server",
    "file": "visorhelmets:itemtypes/armor/armor",
    "op": "replace",
    "path": "/durabilityByType",
    "value": {
      "armor-head-*gold-*": 800,
      "armor-head-*silver-*": 2000,
      "armor-head-copper-*": 1000,
      "armor-head-tinbronze-*": 2000,
      "armor-head-bismuthbronze-*": 1800,
      "armor-head-blackbronze-*": 2400,
      "armor-head-iron-*": 4400,
      "armor-head-*meteoriciron-*": 5600,
      "armor-head-steel-*": 11000,
	  "armor-head-blackguard-*": 3600,
	  "armor-head-forlorn-*": 3200
    },
	"dependsOn": [ { "modid": "combatoverhaul" } ]
  },
  {"side": "server", "file": "visorhelmets:itemtypes/armor/armor", "op": "replace", "path": "/attributes/protectionModifiersByType", "value": {"*": null}, "dependsOn": [ { "modid": "combatoverhaul" } ]},
  {"side": "server", "file": "visorhelmets:itemtypes/armor/armor", "op": "replace", "path": "/attributes/statModifiersByType", "value": {"*": null}, "dependsOn": [ { "modid": "combatoverhaul" } ]},
  {"side": "server", "file": "visorhelmets:itemtypes/armor/armor", "op": "replace", "path": "/class", "value": "CombatOverhaul:WearableArmor", "dependsOn": [ { "modid": "combatoverhaul" } ]},
  {"side": "server", "file": "visorhelmets:itemtypes/armor/armor", "op": "add", "path": "/attributes/materialCountByType", "value": {"*-head-*": 8}, "dependsOn": [ { "modid": "combatoverhaul" } ]}
]