[
	{
        "enabled": false,
        "name": "Walkway (Bamboo, Corner-Inner)",
        "ingredientPattern": "B__,BBB,S_S",
        "ingredients": {
            "B": { "type": "item", "code": "game:bamboostakes", "quantity": 2 },
            "S": { "type": "item", "code": "game:bamboostakes" }
        },
        "width": 3,
        "height": 3,
        "output": { "type": "block", "code": "walkway-bamboo-corner-inner-north-free", "quantity": 4 }
    },
    {
        "name": "Walkway (Bamboo, Corner-Outer)",
        "ingredientPattern": "__B,BBB,S_S",
        "ingredients": {
            "B": { "type": "item", "code": "game:bamboostakes", "quantity": 2 },
            "S": { "type": "item", "code": "game:bamboostakes" }
        },
        "width": 3,
        "height": 3,
        "output": { "type": "block", "code": "walkway-bamboo-corner-outer-north-free", "quantity": 4 }
    },
    {
        "name": "Walkway (Bamboo, Stairs)",
        "ingredientPattern": "__B,_BS,BS_",
        "ingredients": {
            "B": { "type": "item", "code": "game:bamboostakes", "quantity": 2 },
            "S": { "type": "item", "code": "game:bamboostakes" }
        },
        "width": 3,
        "height": 3,
        "output": { "type": "block", "code": "walkway-bamboo-stairs-up-north-free", "quantity": 4 }
    },
    {
        "name": "Walkway (Bamboo, Straight)",
        "ingredientPattern": "BBB,S_S",
        "ingredients": {
            "B": { "type": "item", "code": "game:bamboostakes", "quantity": 2 },
            "S": { "type": "item", "code": "game:bamboostakes" }
        },
        "width": 3,
        "height": 2,
        "output": { "type": "block", "code": "walkway-bamboo-straight-north-free", "quantity": 4 }
    }
]