[
	{
        "enabled": false,
        "name": "Walkway (Typed, Corner-Inner)",
        "ingredientPattern": "P__,PPP,S_S",
        "ingredients": {
            "P": { "type": "item", "code": "game:plank-*", "name": "wuud" },
            "S": { "type": "block", "code": "game:supportbeam-*", "skipVariants": [ "veryaged", "veryagedrotten", "tarnishedmetal-bismuthbronze", "tarnishedmetal-blackbronze", "tarnishedmetal-blistersteel", "tarnishedmetal-brass", "tarnishedmetal-copper", "tarnishedmetal-iron", "tarnishedmetal-lead", "tarnishedmetal-rust", "tarnishedmetal-rusty-iron", "tarnishedmetal-steel" ], "name": "unimportant" }
        },
        "width": 3,
        "height": 3,
        "output": { "type": "block", "code": "walkway-{wuud}-corner-inner-north-free", "quantity": 2 }
    },
    {
        "name": "Walkway (Typed, Corner-Outer)",
        "ingredientPattern": "__P,PPP,S_S",
        "ingredients": {
            "P": { "type": "item", "code": "game:plank-*", "name": "wuud" },
            "S": { "type": "block", "code": "game:supportbeam-*", "skipVariants": [ "veryaged", "veryagedrotten", "tarnishedmetal-bismuthbronze", "tarnishedmetal-blackbronze", "tarnishedmetal-blistersteel", "tarnishedmetal-brass", "tarnishedmetal-copper", "tarnishedmetal-iron", "tarnishedmetal-lead", "tarnishedmetal-rust", "tarnishedmetal-rusty-iron", "tarnishedmetal-steel" ], "name": "unimportant" }
        },
        "width": 3,
        "height": 3,
        "output": { "type": "block", "code": "walkway-{wuud}-corner-outer-north-free", "quantity": 2 }
    },
    {
        "name": "Walkway (Typed, Stairs)",
        "ingredientPattern": "__P,_PS,PS_",
        "ingredients": {
            "P": { "type": "item", "code": "game:plank-*", "name": "wuud" },
            "S": { "type": "block", "code": "game:supportbeam-*", "skipVariants": [ "veryaged", "veryagedrotten", "tarnishedmetal-bismuthbronze", "tarnishedmetal-blackbronze", "tarnishedmetal-blistersteel", "tarnishedmetal-brass", "tarnishedmetal-copper", "tarnishedmetal-iron", "tarnishedmetal-lead", "tarnishedmetal-rust", "tarnishedmetal-rusty-iron", "tarnishedmetal-steel" ], "name": "unimportant" }
        },
        "width": 3,
        "height": 3,
        "output": { "type": "block", "code": "walkway-{wuud}-stairs-up-north-free", "quantity": 2 }
    },
    {
        "name": "Walkway (Typed, Straight)",
        "ingredientPattern": "PPP,S_S",
        "ingredients": {
            "P": { "type": "item", "code": "game:plank-*", "name": "wuud" },
            "S": { "type": "block", "code": "game:supportbeam-*", "skipVariants": [ "veryaged", "veryagedrotten", "tarnishedmetal-bismuthbronze", "tarnishedmetal-blackbronze", "tarnishedmetal-blistersteel", "tarnishedmetal-brass", "tarnishedmetal-copper", "tarnishedmetal-iron", "tarnishedmetal-lead", "tarnishedmetal-rust", "tarnishedmetal-rusty-iron", "tarnishedmetal-steel" ], "name": "unimportant" }
        },
        "width": 3,
        "height": 2,
        "output": { "type": "block", "code": "walkway-{wuud}-straight-north-free", "quantity": 2 }
    }
]