[
	{
        "enabled": false,
        "name": "Walkway (Wood, Corner-Inner)",
        "ingredientPattern": "S__,SSS,L_L",
        "ingredients": {
            "L": { "type": "block", "code": "game:log-placed-*-ud", "name": "wuud" },
            "S": { "type": "item", "code": "game:stick", "quantity": 3 }
        },
        "width": 3,
        "height": 3,
        "output": { "type": "block", "code": "walkway-wood-corner-inner-north-free", "quantity": 2 }
    },
    {
        "name": "Walkway (Wood, Corner-Outer)",
        "ingredientPattern": "__S,SSS,L_L",
        "ingredients": {
            "L": { "type": "block", "code": "game:log-placed-*-ud", "name": "wuud" },
            "S": { "type": "item", "code": "game:stick", "quantity": 3 }
        },
        "width": 3,
        "height": 3,
        "output": { "type": "block", "code": "walkway-wood-corner-outer-north-free", "quantity": 2 }
    },
    {
        "name": "Walkway (Wood, Stairs)",
        "ingredientPattern": "__S,_SL,SL_",
        "ingredients": {
            "L": { "type": "block", "code": "game:log-placed-*-ud", "name": "wuud" },
            "S": { "type": "item", "code": "game:stick", "quantity": 3 }
        },
        "width": 3,
        "height": 3,
        "output": { "type": "block", "code": "walkway-wood-stairs-up-north-free", "quantity": 2 }
    },
    {
        "name": "Walkway (Wood, Straight)",
        "ingredientPattern": "SSS,L_L",
        "ingredients": {
            "L": { "type": "block", "code": "game:log-placed-*-ud", "name": "wuud" },
            "S": { "type": "item", "code": "game:stick", "quantity": 3 }
        },
        "width": 3,
        "height": 2,
        "output": { "type": "block", "code": "walkway-wood-straight-north-free", "quantity": 2 }
    }
]