[
 {
	ingredients: [
		{inputs: [{ type: "item", code: "expandedfoods:acorndoughball-dough",  quantity: 1 }]},
		{inputs: [{ type: "item", code: "game:fruit-*", allowedVariants: ["blueberry", "cranberry", "blackcurrant", "redcurrant", "whitecurrant", "pineapple", "redapple", "pinkapple", "yellowapple", "cherry", "peach", "pear", "orange", "mango", "breadfruit", "lychee", "pomegranate", "saguaro"], quantity: 1 }, { type: "item", code: "expandedfoods:dryfruit-*", allowedVariants: ["blueberry", "cranberry", "blackcurrant", "redcurrant", "whitecurrant", "pineapple", "redapple", "pinkapple", "yellowapple", "cherry", "peach", "pear", "orange", "mango", "breadfruit", "lychee", "pomegranate", "saguaro"], quantity: 1 }, { type: "item", code: "expandedfoods:dehydratedfruit-*", quantity: 1 }, { "type":  "item", "code": "expandedfoods:choppedvegetable-pumpkin", "quantity": 1}, { type: "item", code: "expandedfoods:candiedfruit-*", quantity: 1 }, { type: "item", code: "expandedfoods:gelatin-*", allowedVariants: ["blueberry", "cranberry", "blackcurrant", "redcurrant", "whitecurrant", "plain", "birch", "maple", "honey", "pineapple", "apple", "cherry", "peach", "pear", "orange", "mango", "breadfruit", "lychee", "pomegranate", "saguaro"], quantity: 1 }, { type: "item", code: "game:legume-peanut", quantity: 1 }, { type: "item", code: "expandedfoods:peanut-*", "allowedVariants": ["kernels", "cooked"], quantity: 1 },]},
		{inputs: [{ type: "item", code: "game:fruit-*", allowedVariants: ["blueberry", "cranberry", "blackcurrant", "redcurrant", "whitecurrant", "pineapple", "redapple", "pinkapple", "yellowapple", "cherry", "peach", "pear", "orange", "mango", "breadfruit", "lychee", "pomegranate", "saguaro"], quantity: 1 }, { type: "item", code: "expandedfoods:dryfruit-*", allowedVariants: ["blueberry", "cranberry", "blackcurrant", "redcurrant", "whitecurrant", "pineapple", "redapple", "pinkapple", "yellowapple", "cherry", "peach", "pear", "orange", "mango", "breadfruit", "lychee", "pomegranate", "saguaro"], quantity: 1 }, { type: "item", code: "expandedfoods:dehydratedfruit-*", quantity: 1 }, { "type":  "item", "code": "expandedfoods:choppedvegetable-pumpkin", "quantity": 1}, { type: "item", code: "expandedfoods:candiedfruit-*", quantity: 1 }, { type: "item", code: "game:legume-peanut", quantity: 1 }, { type: "item", code: "expandedfoods:peanut-*", "allowedVariants": ["kernels", "cooked"], quantity: 1 },]},
		{inputs: [{ type: "item", code: "game:fruit-*", allowedVariants: ["blueberry", "cranberry", "blackcurrant", "redcurrant", "whitecurrant", "pineapple", "redapple", "pinkapple", "yellowapple", "cherry", "peach", "pear", "orange", "mango", "breadfruit", "lychee", "pomegranate", "saguaro"], quantity: 1 }, { type: "item", code: "expandedfoods:dryfruit-*", allowedVariants: ["blueberry", "cranberry", "blackcurrant", "redcurrant", "whitecurrant", "pineapple", "redapple", "pinkapple", "yellowapple", "cherry", "peach", "pear", "orange", "mango", "breadfruit", "lychee", "pomegranate", "saguaro"], quantity: 1 }, { type: "item", code: "expandedfoods:dehydratedfruit-*", quantity: 1 }, { "type":  "item", "code": "expandedfoods:choppedvegetable-pumpkin", "quantity": 1}, { type: "item", code: "expandedfoods:candiedfruit-*", quantity: 1 }, { type: "item", code: "game:legume-peanut", quantity: 1 }, { type: "item", code: "expandedfoods:peanut-*", "allowedVariants": ["kernels", "cooked"], quantity: 1 },]},
		{inputs: [{ type: "item", code: "game:fruit-*", allowedVariants: ["blueberry", "cranberry", "blackcurrant", "redcurrant", "whitecurrant", "pineapple", "redapple", "pinkapple", "yellowapple", "cherry", "peach", "pear", "orange", "mango", "breadfruit", "lychee", "pomegranate", "saguaro"], quantity: 1 }, { type: "item", code: "expandedfoods:dryfruit-*", allowedVariants: ["blueberry", "cranberry", "blackcurrant", "redcurrant", "whitecurrant", "pineapple", "redapple", "pinkapple", "yellowapple", "cherry", "peach", "pear", "orange", "mango", "breadfruit", "lychee", "pomegranate", "saguaro"], quantity: 1 }, { type: "item", code: "expandedfoods:dehydratedfruit-*", quantity: 1 }, { "type":  "item", "code": "expandedfoods:choppedvegetable-pumpkin", "quantity": 1}, { type: "item", code: "expandedfoods:candiedfruit-*", quantity: 1 }, { type: "item", code: "game:legume-peanut", quantity: 1 }, { type: "item", code: "expandedfoods:peanut-*", "allowedVariants": ["kernels", "cooked"], quantity: 1 },]},
		{inputs: [{ type: "item", code: "game:fruit-*", allowedVariants: ["blueberry", "cranberry", "blackcurrant", "redcurrant", "whitecurrant", "pineapple", "redapple", "pinkapple", "yellowapple", "cherry", "peach", "pear", "orange", "mango", "breadfruit", "lychee", "pomegranate", "saguaro"], quantity: 1 }, { type: "item", code: "expandedfoods:dryfruit-*", allowedVariants: ["blueberry", "cranberry", "blackcurrant", "redcurrant", "whitecurrant", "pineapple", "redapple", "pinkapple", "yellowapple", "cherry", "peach", "pear", "orange", "mango", "breadfruit", "lychee", "pomegranate", "saguaro"], quantity: 1 }, { type: "item", code: "expandedfoods:dehydratedfruit-*", quantity: 1 }, { "type":  "item", "code": "expandedfoods:choppedvegetable-pumpkin", "quantity": 1}, { type: "item", code: "expandedfoods:candiedfruit-*", quantity: 1 }, { type: "item", code: "game:legume-peanut", quantity: 1 }, { type: "item", code: "expandedfoods:peanut-*", "allowedVariants": ["kernels", "cooked"], quantity: 1 },]}	
	],
	output: { type: "item", code: "expandedfoods:acornmuffin-dough", stackSize: 1}
 },
 {
	ingredients: [
		{inputs: [{ type: "item", code: "expandedfoods:acorndoughball-dough",  quantity: 1 }]},
		{inputs: [{ type: "item", code: "game:fruit-*", allowedVariants: ["blueberry", "cranberry", "blackcurrant", "redcurrant", "whitecurrant", "pineapple", "redapple", "pinkapple", "yellowapple", "cherry", "peach", "pear", "orange", "mango", "breadfruit", "lychee", "pomegranate", "saguaro"], quantity: 1 }, { type: "item", code: "expandedfoods:dryfruit-*", allowedVariants: ["blueberry", "cranberry", "blackcurrant", "redcurrant", "whitecurrant", "pineapple", "redapple", "pinkapple", "yellowapple", "cherry", "peach", "pear", "orange", "mango", "breadfruit", "lychee", "pomegranate", "saguaro"], quantity: 1 }, { type: "item", code: "expandedfoods:dehydratedfruit-*", quantity: 1 }, { "type":  "item", "code": "expandedfoods:choppedvegetable-pumpkin", "quantity": 1}, { type: "item", code: "expandedfoods:candiedfruit-*", quantity: 1 }, { type: "item", code: "expandedfoods:gelatin-*", allowedVariants: ["blueberry", "cranberry", "blackcurrant", "redcurrant", "whitecurrant", "plain", "birch", "maple", "honey", "pineapple", "apple", "cherry", "peach", "pear", "orange", "mango", "breadfruit", "lychee", "pomegranate", "saguaro"], quantity: 1 }, { type: "item", code: "game:legume-peanut", quantity: 1 }, { type: "item", code: "expandedfoods:peanut-*", "allowedVariants": ["kernels", "cooked"], quantity: 1 },]},
		{inputs: [{ type: "item", code: "game:fruit-*", allowedVariants: ["blueberry", "cranberry", "blackcurrant", "redcurrant", "whitecurrant", "pineapple", "redapple", "pinkapple", "yellowapple", "cherry", "peach", "pear", "orange", "mango", "breadfruit", "lychee", "pomegranate", "saguaro"], quantity: 1 }, { type: "item", code: "expandedfoods:dryfruit-*", allowedVariants: ["blueberry", "cranberry", "blackcurrant", "redcurrant", "whitecurrant", "pineapple", "redapple", "pinkapple", "yellowapple", "cherry", "peach", "pear", "orange", "mango", "breadfruit", "lychee", "pomegranate", "saguaro"], quantity: 1 }, { type: "item", code: "expandedfoods:dehydratedfruit-*", quantity: 1 }, { "type":  "item", "code": "expandedfoods:choppedvegetable-pumpkin", "quantity": 1}, { type: "item", code: "expandedfoods:candiedfruit-*", quantity: 1 }, { type: "item", code: "game:legume-peanut", quantity: 1 }, { type: "item", code: "expandedfoods:peanut-*", "allowedVariants": ["kernels", "cooked"], quantity: 1 },]},
		{inputs: [{ type: "item", code: "game:fruit-*", allowedVariants: ["blueberry", "cranberry", "blackcurrant", "redcurrant", "whitecurrant", "pineapple", "redapple", "pinkapple", "yellowapple", "cherry", "peach", "pear", "orange", "mango", "breadfruit", "lychee", "pomegranate", "saguaro"], quantity: 1 }, { type: "item", code: "expandedfoods:dryfruit-*", allowedVariants: ["blueberry", "cranberry", "blackcurrant", "redcurrant", "whitecurrant", "pineapple", "redapple", "pinkapple", "yellowapple", "cherry", "peach", "pear", "orange", "mango", "breadfruit", "lychee", "pomegranate", "saguaro"], quantity: 1 }, { type: "item", code: "expandedfoods:dehydratedfruit-*", quantity: 1 }, { "type":  "item", "code": "expandedfoods:choppedvegetable-pumpkin", "quantity": 1}, { type: "item", code: "expandedfoods:candiedfruit-*", quantity: 1 }, { type: "item", code: "game:legume-peanut", quantity: 1 }, { type: "item", code: "expandedfoods:peanut-*", "allowedVariants": ["kernels", "cooked"], quantity: 1 },]},
		{inputs: [{ type: "item", code: "game:fruit-*", allowedVariants: ["blueberry", "cranberry", "blackcurrant", "redcurrant", "whitecurrant", "pineapple", "redapple", "pinkapple", "yellowapple", "cherry", "peach", "pear", "orange", "mango", "breadfruit", "lychee", "pomegranate", "saguaro"], quantity: 1 }, { type: "item", code: "expandedfoods:dryfruit-*", allowedVariants: ["blueberry", "cranberry", "blackcurrant", "redcurrant", "whitecurrant", "pineapple", "redapple", "pinkapple", "yellowapple", "cherry", "peach", "pear", "orange", "mango", "breadfruit", "lychee", "pomegranate", "saguaro"], quantity: 1 }, { type: "item", code: "expandedfoods:dehydratedfruit-*", quantity: 1 }, { "type":  "item", "code": "expandedfoods:choppedvegetable-pumpkin", "quantity": 1}, { type: "item", code: "expandedfoods:candiedfruit-*", quantity: 1 }, { type: "item", code: "game:legume-peanut", quantity: 1 }, { type: "item", code: "expandedfoods:peanut-*", "allowedVariants": ["kernels", "cooked"], quantity: 1 },]}
	],
	output: { type: "item", code: "expandedfoods:acornmuffin-dough", stackSize: 1}
 },
 {
	ingredients: [
		{inputs: [{ type: "item", code: "expandedfoods:acorndoughball-dough",  quantity: 1 }]},
		{inputs: [{ type: "item", code: "game:fruit-*", allowedVariants: ["blueberry", "cranberry", "blackcurrant", "redcurrant", "whitecurrant", "pineapple", "redapple", "pinkapple", "yellowapple", "cherry", "peach", "pear", "orange", "mango", "breadfruit", "lychee", "pomegranate", "saguaro"], quantity: 1 }, { type: "item", code: "expandedfoods:dryfruit-*", allowedVariants: ["blueberry", "cranberry", "blackcurrant", "redcurrant", "whitecurrant", "pineapple", "redapple", "pinkapple", "yellowapple", "cherry", "peach", "pear", "orange", "mango", "breadfruit", "lychee", "pomegranate", "saguaro"], quantity: 1 }, { type: "item", code: "expandedfoods:dehydratedfruit-*", quantity: 1 }, { "type":  "item", "code": "expandedfoods:choppedvegetable-pumpkin", "quantity": 1}, { type: "item", code: "expandedfoods:candiedfruit-*", quantity: 1 }, { type: "item", code: "expandedfoods:gelatin-*", allowedVariants: ["blueberry", "cranberry", "blackcurrant", "redcurrant", "whitecurrant", "plain", "birch", "maple", "honey", "pineapple", "apple", "cherry", "peach", "pear", "orange", "mango", "breadfruit", "lychee", "pomegranate", "saguaro"], quantity: 1 }, { type: "item", code: "game:legume-peanut", quantity: 1 }, { type: "item", code: "expandedfoods:peanut-*", "allowedVariants": ["kernels", "cooked"], quantity: 1 },]},
		{inputs: [{ type: "item", code: "game:fruit-*", allowedVariants: ["blueberry", "cranberry", "blackcurrant", "redcurrant", "whitecurrant", "pineapple", "redapple", "pinkapple", "yellowapple", "cherry", "peach", "pear", "orange", "mango", "breadfruit", "lychee", "pomegranate", "saguaro"], quantity: 1 }, { type: "item", code: "expandedfoods:dryfruit-*", allowedVariants: ["blueberry", "cranberry", "blackcurrant", "redcurrant", "whitecurrant", "pineapple", "redapple", "pinkapple", "yellowapple", "cherry", "peach", "pear", "orange", "mango", "breadfruit", "lychee", "pomegranate", "saguaro"], quantity: 1 }, { type: "item", code: "expandedfoods:dehydratedfruit-*", quantity: 1 }, { "type":  "item", "code": "expandedfoods:choppedvegetable-pumpkin", "quantity": 1}, { type: "item", code: "expandedfoods:candiedfruit-*", quantity: 1 }, { type: "item", code: "game:legume-peanut", quantity: 1 }, { type: "item", code: "expandedfoods:peanut-*", "allowedVariants": ["kernels", "cooked"], quantity: 1 },]},
		{inputs: [{ type: "item", code: "game:fruit-*", allowedVariants: ["blueberry", "cranberry", "blackcurrant", "redcurrant", "whitecurrant", "pineapple", "redapple", "pinkapple", "yellowapple", "cherry", "peach", "pear", "orange", "mango", "breadfruit", "lychee", "pomegranate", "saguaro"], quantity: 1 }, { type: "item", code: "expandedfoods:dryfruit-*", allowedVariants: ["blueberry", "cranberry", "blackcurrant", "redcurrant", "whitecurrant", "pineapple", "redapple", "pinkapple", "yellowapple", "cherry", "peach", "pear", "orange", "mango", "breadfruit", "lychee", "pomegranate", "saguaro"], quantity: 1 }, { type: "item", code: "expandedfoods:dehydratedfruit-*", quantity: 1 }, { "type":  "item", "code": "expandedfoods:choppedvegetable-pumpkin", "quantity": 1}, { type: "item", code: "expandedfoods:candiedfruit-*", quantity: 1 }, { type: "item", code: "game:legume-peanut", quantity: 1 }, { type: "item", code: "expandedfoods:peanut-*", "allowedVariants": ["kernels", "cooked"], quantity: 1 },]}
	],
	output: { type: "item", code: "expandedfoods:acornmuffin-dough", stackSize: 1}
 },
 {
	ingredients: [
		{inputs: [{ type: "item", code: "expandedfoods:acorndoughball-dough",  quantity: 1 }]},
		{inputs: [{ type: "item", code: "game:fruit-*", allowedVariants: ["blueberry", "cranberry", "blackcurrant", "redcurrant", "whitecurrant", "pineapple", "redapple", "pinkapple", "yellowapple", "cherry", "peach", "pear", "orange", "mango", "breadfruit", "lychee", "pomegranate", "saguaro"], quantity: 1 }, { type: "item", code: "expandedfoods:dryfruit-*", allowedVariants: ["blueberry", "cranberry", "blackcurrant", "redcurrant", "whitecurrant", "pineapple", "redapple", "pinkapple", "yellowapple", "cherry", "peach", "pear", "orange", "mango", "breadfruit", "lychee", "pomegranate", "saguaro"], quantity: 1 }, { type: "item", code: "expandedfoods:dehydratedfruit-*", quantity: 1 }, { "type":  "item", "code": "expandedfoods:choppedvegetable-pumpkin", "quantity": 1}, { type: "item", code: "expandedfoods:candiedfruit-*", quantity: 1 }, { type: "item", code: "expandedfoods:gelatin-*", allowedVariants: ["blueberry", "cranberry", "blackcurrant", "redcurrant", "whitecurrant", "plain", "birch", "maple", "honey", "pineapple", "apple", "cherry", "peach", "pear", "orange", "mango", "breadfruit", "lychee", "pomegranate", "saguaro"], quantity: 1 }, { type: "item", code: "game:legume-peanut", quantity: 1 }, { type: "item", code: "expandedfoods:peanut-*", "allowedVariants": ["kernels", "cooked"], quantity: 1 },]},
		{inputs: [{ type: "item", code: "game:fruit-*", allowedVariants: ["blueberry", "cranberry", "blackcurrant", "redcurrant", "whitecurrant", "pineapple", "redapple", "pinkapple", "yellowapple", "cherry", "peach", "pear", "orange", "mango", "breadfruit", "lychee", "pomegranate", "saguaro"], quantity: 1 }, { type: "item", code: "expandedfoods:dryfruit-*", allowedVariants: ["blueberry", "cranberry", "blackcurrant", "redcurrant", "whitecurrant", "pineapple", "redapple", "pinkapple", "yellowapple", "cherry", "peach", "pear", "orange", "mango", "breadfruit", "lychee", "pomegranate", "saguaro"], quantity: 1 }, { type: "item", code: "expandedfoods:dehydratedfruit-*", quantity: 1 }, { "type":  "item", "code": "expandedfoods:choppedvegetable-pumpkin", "quantity": 1}, { type: "item", code: "expandedfoods:candiedfruit-*", quantity: 1 }, { type: "item", code: "game:legume-peanut", quantity: 1 }, { type: "item", code: "expandedfoods:peanut-*", "allowedVariants": ["kernels", "cooked"], quantity: 1 },]}
	],
	output: { type: "item", code: "expandedfoods:acornmuffin-dough", stackSize: 1}
 },
 {
	ingredients: [
		{inputs: [{ type: "item", code: "expandedfoods:acorndoughball-dough",  quantity: 1 }]},
		{inputs: [{ type: "item", code: "game:fruit-*", allowedVariants: ["blueberry", "cranberry", "blackcurrant", "redcurrant", "whitecurrant", "pineapple", "redapple", "pinkapple", "yellowapple", "cherry", "peach", "pear", "orange", "mango", "breadfruit", "lychee", "pomegranate", "saguaro"], quantity: 1 }, { type: "item", code: "expandedfoods:dryfruit-*", allowedVariants: ["blueberry", "cranberry", "blackcurrant", "redcurrant", "whitecurrant", "pineapple", "redapple", "pinkapple", "yellowapple", "cherry", "peach", "pear", "orange", "mango", "breadfruit", "lychee", "pomegranate", "saguaro"], quantity: 1 }, { type: "item", code: "expandedfoods:dehydratedfruit-*", quantity: 1 }, { "type":  "item", "code": "expandedfoods:choppedvegetable-pumpkin", "quantity": 1}, { type: "item", code: "expandedfoods:candiedfruit-*", quantity: 1 }, { type: "item", code: "expandedfoods:gelatin-*", allowedVariants: ["blueberry", "cranberry", "blackcurrant", "redcurrant", "whitecurrant", "plain", "birch", "maple", "honey", "pineapple", "apple", "cherry", "peach", "pear", "orange", "mango", "breadfruit", "lychee", "pomegranate", "saguaro"], quantity: 1 }, { type: "item", code: "game:legume-peanut", quantity: 1 }, { type: "item", code: "expandedfoods:peanut-*", "allowedVariants": ["kernels", "cooked"], quantity: 1 },]},
		],
	output: { type: "item", code: "expandedfoods:acornmuffin-dough", stackSize: 1}
 }
]