[
	{
		"enabled": false,
		"code": "claybucket-glazing-clear",
		"sealHours": 2,
		"ingredients": [
			{ "type": "item", "code": "bricklayers:glazing-clear-*", "litres": 6, "name": "color", "consumeLitres": 6 },
			{ "type": "block", "code": "claybucket-blue-fired", "quantity": 1 }
		],
		"output": { "type": "block", "code": "claybucket-glazed-plain-clear-{color}-wet", "stackSize": 1 }
	},
	{
		"enabled": false,
		"code": "claybucket-glazing-milky",
		"sealHours": 2,
		"ingredients": [
			{ "type": "item", "code": "bricklayers:glazing-milky-*", "litres": 6, "name": "color", "consumeLitres": 6 },
			{ "type": "block", "code": "claybucket-blue-fired", "quantity": 1 }
		],
		"output": { "type": "block", "code": "claybucket-glazed-plain-milky-{color}-wet", "stackSize": 1 }
	}
]