{
	"editor": {
		"collapsedPaths": ",Root/stemgroup2,Root/origin/mint7,Root/origin/mint6,Root/origin/mint9,Root/origin/mint8,Root/origin/mint5,Root/origin/mint4,Root/origin/mint1,Root/leafgroup2,Root/leafgroup,Root/stemgroup",
		"allAngles": false,
		"entityTextureMode": false
	},
	"textureWidth": 16,
	"textureHeight": 16,
	"textureSizes": {
		"lavender": [16,16],
		"mint": [16,16]
	},
	"textures": {
	},
	"elements": [
		{
			"name": "origin",
			"from": [ 8.0, 0.0, 8.0 ],
			"to": [ 8.0, 0.0, 8.0 ],
			"rotationOrigin": [ 8.0, 0.0, 8.0 ],
			"faces": {
			},
			"children": [
				{
					"name": "mint3",
					"from": [ 1.93, 0.0, 1.93 ],
					"to": [ 1.93, 0.0, 1.93 ],
					"rotationOrigin": [ 2.0, 0.0, 2.0 ],
					"faces": {
					},
					"children": [
						{
							"name": "leafgroup21",
							"from": [ 0.075, 0.0, 0.0 ],
							"to": [ 0.075, 0.0, 0.0 ],
							"rotationOrigin": [ 0.07, 0.0, 0.07 ],
							"rotationY": 15.0,
							"faces": {
							},
							"children": [
								{
									"name": "leaf97",
									"from": [ 0.0, 3.0, -0.95 ],
									"to": [ 3.0, 3.0, 1.05 ],
									"renderPass": 1,
									"rotationOrigin": [ 0.0, 3.0, 0.075 ],
									"rotationZ": -10.0,
									"faces": {
										"up": { "texture": "#mint", "uv": [ 3.0, 8.5, 7.5, 16.0 ], "rotation": 90, "autoUv": false, "windMode": [1,1,-1,-1] }
									},
									"children": [
										{
											"name": "leaf98",
											"from": [ 0.0, 0.1, 0.0 ],
											"to": [ 3.0, 0.1, 2.0 ],
											"renderPass": 1,
											"rotationOrigin": [ 0.0, 0.1, 1.025 ],
											"rotationX": -180.0,
											"rotationZ": -200.0,
											"faces": {
												"up": { "texture": "#mint", "uv": [ 3.0, 8.5, 7.5, 16.0 ], "rotation": 90, "autoUv": false, "windMode": [1,1,-1,-1] }
											}
										}
									]
								},
								{
									"name": "leaf99",
									"from": [ 0.0, 3.3, -0.95 ],
									"to": [ 3.0, 3.3, 1.05 ],
									"renderPass": 1,
									"rotationOrigin": [ 0.0, 3.3, 0.075 ],
									"rotationY": 90.0,
									"rotationZ": -10.0,
									"faces": {
										"up": { "texture": "#mint", "uv": [ 3.0, 8.5, 7.5, 16.0 ], "rotation": 90, "autoUv": false, "windMode": [1,1,-1,-1] }
									},
									"children": [
										{
											"name": "leaf100",
											"from": [ 0.0, 0.1, 0.0 ],
											"to": [ 3.0, 0.1, 2.0 ],
											"renderPass": 1,
											"rotationOrigin": [ 0.0, 0.1, 1.025 ],
											"rotationX": -180.0,
											"rotationZ": -200.0,
											"faces": {
												"up": { "texture": "#mint", "uv": [ 3.0, 8.5, 7.5, 16.0 ], "rotation": 90, "autoUv": false, "windMode": [1,1,-1,-1] }
											}
										}
									]
								}
							]
						},
						{
							"name": "leafgroup22",
							"from": [ 0.075, 1.0, 0.0 ],
							"to": [ 0.075, 1.0, 0.0 ],
							"rotationOrigin": [ 0.07, 1.0, 0.07 ],
							"rotationY": 45.0,
							"faces": {
							},
							"children": [
								{
									"name": "leaf101",
									"from": [ 0.0, 3.0, -0.95 ],
									"to": [ 3.0, 3.0, 1.05 ],
									"renderPass": 1,
									"rotationOrigin": [ 0.0, 3.0, 0.075 ],
									"rotationZ": -10.0,
									"faces": {
										"up": { "texture": "#mint", "uv": [ 3.0, 8.5, 7.5, 16.0 ], "rotation": 90, "autoUv": false, "windMode": [1,1,-1,-1] }
									},
									"children": [
										{
											"name": "leaf102",
											"from": [ 0.0, 0.1, 0.0 ],
											"to": [ 3.0, 0.1, 2.0 ],
											"renderPass": 1,
											"rotationOrigin": [ 0.0, 0.1, 1.025 ],
											"rotationX": -180.0,
											"rotationZ": -200.0,
											"faces": {
												"up": { "texture": "#mint", "uv": [ 3.0, 8.5, 7.5, 16.0 ], "rotation": 90, "autoUv": false, "windMode": [1,1,-1,-1] }
											}
										}
									]
								},
								{
									"name": "leaf103",
									"from": [ 0.0, 3.3, -0.95 ],
									"to": [ 3.0, 3.3, 1.05 ],
									"renderPass": 1,
									"rotationOrigin": [ 0.0, 3.3, 0.075 ],
									"rotationY": 90.0,
									"rotationZ": -10.0,
									"faces": {
										"up": { "texture": "#mint", "uv": [ 3.0, 8.5, 7.5, 16.0 ], "rotation": 90, "autoUv": false, "windMode": [1,1,-1,-1] }
									},
									"children": [
										{
											"name": "leaf104",
											"from": [ 0.0, 0.1, 0.0 ],
											"to": [ 3.0, 0.1, 2.0 ],
											"renderPass": 1,
											"rotationOrigin": [ 0.0, 0.1, 1.025 ],
											"rotationX": -180.0,
											"rotationZ": -200.0,
											"faces": {
												"up": { "texture": "#mint", "uv": [ 3.0, 8.5, 7.5, 16.0 ], "rotation": 90, "autoUv": false, "windMode": [1,1,-1,-1] }
											}
										}
									]
								}
							]
						},
						{
							"name": "leafgroup23",
							"from": [ 0.075, 2.0, 0.0 ],
							"to": [ 0.075, 2.0, 0.0 ],
							"rotationOrigin": [ 0.07, 2.0, 0.07 ],
							"rotationY": 8.0,
							"faces": {
							},
							"children": [
								{
									"name": "leaf105",
									"from": [ 0.0, 3.0, -0.95 ],
									"to": [ 3.0, 3.0, 1.05 ],
									"renderPass": 1,
									"rotationOrigin": [ 0.0, 3.0, 0.075 ],
									"rotationZ": -10.0,
									"faces": {
										"up": { "texture": "#mint", "uv": [ 3.0, 8.5, 7.5, 16.0 ], "rotation": 90, "autoUv": false, "windMode": [1,1,-1,-1] }
									},
									"children": [
										{
											"name": "leaf106",
											"from": [ 0.0, 0.1, 0.0 ],
											"to": [ 3.0, 0.1, 2.0 ],
											"renderPass": 1,
											"rotationOrigin": [ 0.0, 0.1, 1.025 ],
											"rotationX": -180.0,
											"rotationZ": -200.0,
											"faces": {
												"up": { "texture": "#mint", "uv": [ 3.0, 8.5, 7.5, 16.0 ], "rotation": 90, "autoUv": false, "windMode": [1,1,-1,-1] }
											}
										}
									]
								},
								{
									"name": "leaf107",
									"from": [ 0.0, 3.3, -0.95 ],
									"to": [ 3.0, 3.3, 1.05 ],
									"renderPass": 1,
									"rotationOrigin": [ 0.0, 3.3, 0.075 ],
									"rotationY": 90.0,
									"rotationZ": -10.0,
									"faces": {
										"up": { "texture": "#mint", "uv": [ 3.0, 8.5, 7.5, 16.0 ], "rotation": 90, "autoUv": false, "windMode": [1,1,-1,-1] }
									},
									"children": [
										{
											"name": "leaf108",
											"from": [ 0.0, 0.1, 0.0 ],
											"to": [ 3.0, 0.1, 2.0 ],
											"renderPass": 1,
											"rotationOrigin": [ 0.0, 0.1, 1.025 ],
											"rotationX": -180.0,
											"rotationZ": -200.0,
											"faces": {
												"up": { "texture": "#mint", "uv": [ 3.0, 8.5, 7.5, 16.0 ], "rotation": 90, "autoUv": false, "windMode": [1,1,-1,-1] }
											}
										}
									]
								}
							]
						},
						{
							"name": "leafgroup24",
							"from": [ 0.075, 3.0, 0.0 ],
							"to": [ 0.075, 3.0, 0.0 ],
							"rotationOrigin": [ 0.07, 3.0, 0.07 ],
							"rotationY": -35.0,
							"faces": {
							},
							"children": [
								{
									"name": "leaf109",
									"from": [ 0.0, 3.0, -0.95 ],
									"to": [ 3.0, 3.0, 1.05 ],
									"renderPass": 1,
									"rotationOrigin": [ 0.0, 3.0, 0.075 ],
									"rotationZ": -10.0,
									"faces": {
										"up": { "texture": "#mint", "uv": [ 3.0, 8.5, 7.5, 16.0 ], "rotation": 90, "autoUv": false, "windMode": [1,1,-1,-1] }
									},
									"children": [
										{
											"name": "leaf110",
											"from": [ 0.0, 0.1, 0.0 ],
											"to": [ 3.0, 0.1, 2.0 ],
											"renderPass": 1,
											"rotationOrigin": [ 0.0, 0.1, 1.025 ],
											"rotationX": -180.0,
											"rotationZ": -200.0,
											"faces": {
												"up": { "texture": "#mint", "uv": [ 3.0, 8.5, 7.5, 16.0 ], "rotation": 90, "autoUv": false, "windMode": [1,1,-1,-1] }
											}
										}
									]
								},
								{
									"name": "leaf111",
									"from": [ 0.0, 3.3, -0.95 ],
									"to": [ 3.0, 3.3, 1.05 ],
									"renderPass": 1,
									"rotationOrigin": [ 0.0, 3.3, 0.075 ],
									"rotationY": 90.0,
									"rotationZ": -10.0,
									"faces": {
										"up": { "texture": "#mint", "uv": [ 3.0, 8.5, 7.5, 16.0 ], "rotation": 90, "autoUv": false, "windMode": [1,1,-1,-1] }
									},
									"children": [
										{
											"name": "leaf112",
											"from": [ 0.0, 0.1, 0.0 ],
											"to": [ 3.0, 0.1, 2.0 ],
											"renderPass": 1,
											"rotationOrigin": [ 0.0, 0.1, 1.025 ],
											"rotationX": -180.0,
											"rotationZ": -200.0,
											"faces": {
												"up": { "texture": "#mint", "uv": [ 3.0, 8.5, 7.5, 16.0 ], "rotation": 90, "autoUv": false, "windMode": [1,1,-1,-1] }
											}
										}
									]
								}
							]
						},
						{
							"name": "leafgroup25",
							"from": [ 0.075, 4.0, 0.0 ],
							"to": [ 0.075, 4.0, 0.0 ],
							"rotationOrigin": [ 0.07, 4.0, 0.0 ],
							"faces": {
							},
							"children": [
								{
									"name": "leaf113",
									"from": [ 0.0, 3.0, -0.95 ],
									"to": [ 3.0, 3.0, 1.05 ],
									"renderPass": 1,
									"rotationOrigin": [ 0.0, 3.0, 0.075 ],
									"rotationZ": -10.0,
									"faces": {
										"up": { "texture": "#mint", "uv": [ 3.0, 8.5, 7.5, 16.0 ], "rotation": 90, "autoUv": false, "windMode": [1,1,-1,-1] }
									},
									"children": [
										{
											"name": "leaf114",
											"from": [ 0.0, 0.1, 0.0 ],
											"to": [ 3.0, 0.1, 2.0 ],
											"renderPass": 1,
											"rotationOrigin": [ 0.0, 0.1, 1.025 ],
											"rotationX": -180.0,
											"rotationZ": -200.0,
											"faces": {
												"up": { "texture": "#mint", "uv": [ 3.0, 8.5, 7.5, 16.0 ], "rotation": 90, "autoUv": false, "windMode": [1,1,-1,-1] }
											}
										}
									]
								},
								{
									"name": "leaf115",
									"from": [ 0.0, 3.3, -0.95 ],
									"to": [ 3.0, 3.3, 1.05 ],
									"renderPass": 1,
									"rotationOrigin": [ 0.0, 3.3, 0.075 ],
									"rotationY": 90.0,
									"rotationZ": -10.0,
									"faces": {
										"up": { "texture": "#mint", "uv": [ 3.0, 8.5, 7.5, 16.0 ], "rotation": 90, "autoUv": false, "windMode": [1,1,-1,-1] }
									},
									"children": [
										{
											"name": "leaf116",
											"from": [ 0.0, 0.1, 0.0 ],
											"to": [ 3.0, 0.1, 2.0 ],
											"renderPass": 1,
											"rotationOrigin": [ 0.0, 0.1, 1.025 ],
											"rotationX": -180.0,
											"rotationZ": -200.0,
											"faces": {
												"up": { "texture": "#mint", "uv": [ 3.0, 8.5, 7.5, 16.0 ], "rotation": 90, "autoUv": false, "windMode": [1,1,-1,-1] }
											}
										}
									]
								}
							]
						},
						{
							"name": "smallleafgroup5",
							"from": [ 0.07, 5.4, 0.0 ],
							"to": [ 0.07, 5.4, 0.0 ],
							"rotationOrigin": [ 0.07, 5.4, 0.07 ],
							"rotationY": 45.0,
							"faces": {
							},
							"children": [
								{
									"name": "leaf117",
									"from": [ 0.0, 2.6, -0.42 ],
									"to": [ 1.5, 2.6, 0.58 ],
									"renderPass": 1,
									"rotationOrigin": [ 0.0, 2.7, 0.1 ],
									"rotationZ": -14.0,
									"faces": {
										"up": { "texture": "#mint", "uv": [ 3.0, 8.5, 7.5, 16.0 ], "rotation": 90, "autoUv": false, "windMode": [1,1,-1,-1] }
									},
									"children": [
										{
											"name": "leaf118",
											"from": [ 0.0, 0.0, 0.02 ],
											"to": [ 1.5, 0.0, 1.02 ],
											"renderPass": 1,
											"rotationOrigin": [ 0.0, 0.0, 0.5125 ],
											"rotationX": -180.0,
											"rotationZ": 150.5,
											"faces": {
												"up": { "texture": "#mint", "uv": [ 3.0, 8.5, 7.5, 16.0 ], "rotation": 90, "autoUv": false, "windMode": [1,1,-1,-1] }
											}
										}
									]
								},
								{
									"name": "leaf119",
									"from": [ 0.0, 2.63, -0.665 ],
									"to": [ 2.1, 2.63, 0.735 ],
									"renderPass": 1,
									"rotationOrigin": [ 0.0, 2.63, 0.0525 ],
									"rotationY": 90.0,
									"rotationZ": -13.5,
									"faces": {
										"up": { "texture": "#mint", "uv": [ 3.0, 8.5, 7.5, 16.0 ], "rotation": 90, "autoUv": false, "windMode": [1,1,-1,-1] }
									},
									"children": [
										{
											"name": "leaf120",
											"from": [ 0.0, 0.0, 0.0 ],
											"to": [ 2.1, 0.0, 1.4 ],
											"renderPass": 1,
											"rotationOrigin": [ 0.0, 0.0, 0.7175 ],
											"rotationX": -180.0,
											"rotationZ": 155.5,
											"faces": {
												"up": { "texture": "#mint", "uv": [ 3.0, 8.5, 7.5, 16.0 ], "rotation": 90, "autoUv": false, "windMode": [1,1,-1,-1] }
											}
										}
									]
								}
							]
						},
						{
							"name": "stalk9",
							"from": [ 0.0, 6.5, 0.0 ],
							"to": [ 0.15, 10.5, 0.15 ],
							"rotationOrigin": [ 0.0, 6.5, 0.0 ],
							"faces": {
								"north": { "texture": "#mint", "uv": [ 0.0, 4.5, 0.5, 8.5 ] },
								"east": { "texture": "#mint", "uv": [ 0.0, 2.0, 0.5, 6.0 ], "autoUv": false },
								"south": { "texture": "#mint", "uv": [ 0.5, 6.5, 1.0, 10.5 ] },
								"west": { "texture": "#mint", "uv": [ 0.0, 8.0, 0.5, 12.0 ] },
								"up": { "texture": "#mint", "uv": [ 0.0, 0.0, 0.5, 0.5 ] }
							},
							"children": [
								{
									"name": "stalk10",
									"from": [ 0.0, -4.0, 0.0 ],
									"to": [ 0.15, 0.0, 0.15 ],
									"rotationOrigin": [ 0.0, -4.0, 0.0 ],
									"faces": {
										"north": { "texture": "#mint", "uv": [ 0.0, 4.5, 0.5, 8.5 ] },
										"east": { "texture": "#mint", "uv": [ 0.0, 2.0, 0.5, 6.0 ], "autoUv": false },
										"south": { "texture": "#mint", "uv": [ 0.5, 6.5, 1.0, 10.5 ] },
										"west": { "texture": "#mint", "uv": [ 0.0, 8.0, 0.5, 12.0 ] },
										"up": { "texture": "#mint", "uv": [ 0.0, 0.0, 0.5, 0.5 ] }
									}
								},
								{
									"name": "stalk11",
									"from": [ 0.0, -6.5, 0.0 ],
									"to": [ 0.15, -4.0, 0.15 ],
									"rotationOrigin": [ 0.0, -6.5, 0.0 ],
									"faces": {
										"north": { "texture": "#mint", "uv": [ 0.0, 4.5, 0.5, 7.0 ] },
										"east": { "texture": "#mint", "uv": [ 0.0, 2.0, 0.5, 6.0 ], "autoUv": false },
										"south": { "texture": "#mint", "uv": [ 0.5, 6.5, 1.0, 9.0 ] },
										"west": { "texture": "#mint", "uv": [ 0.0, 8.0, 0.5, 10.5 ] },
										"up": { "texture": "#mint", "uv": [ 0.0, 0.0, 0.5, 0.5 ] }
									}
								}
							]
						},
						{
							"name": "bulb",
							"from": [ -0.24, 10.2, -0.25 ],
							"to": [ 0.26, 10.7, 0.25 ],
							"rotationOrigin": [ -0.2, 10.2, -0.3 ],
							"rotationX": -3.0,
							"rotationZ": 6.0,
							"faces": {
								"north": { "texture": "#mint", "uv": [ 10.5, 0.0, 13.0, 2.5 ], "autoUv": false },
								"east": { "texture": "#mint", "uv": [ 10.5, 0.0, 13.0, 2.5 ], "autoUv": false },
								"south": { "texture": "#mint", "uv": [ 10.5, 0.0, 13.0, 2.5 ], "autoUv": false },
								"west": { "texture": "#mint", "uv": [ 10.5, 0.0, 13.0, 2.5 ], "autoUv": false },
								"up": { "texture": "#mint", "uv": [ 10.5, 0.0, 13.0, 2.5 ], "autoUv": false },
								"down": { "texture": "#mint", "uv": [ 13.0, 2.5, 10.5, 0.0 ], "autoUv": false }
							},
							"children": [
								{
									"name": "bulb2",
									"from": [ 0.2, 0.2, 0.2 ],
									"to": [ 0.7, 0.7, 0.7 ],
									"rotationOrigin": [ 0.24, 0.2, 0.15 ],
									"rotationX": 6.0,
									"rotationZ": -8.0,
									"faces": {
										"north": { "texture": "#mint", "uv": [ 10.5, 0.0, 13.0, 2.5 ], "autoUv": false },
										"east": { "texture": "#mint", "uv": [ 10.5, 0.0, 13.0, 2.5 ], "autoUv": false },
										"south": { "texture": "#mint", "uv": [ 10.5, 0.0, 13.0, 2.5 ], "autoUv": false },
										"west": { "texture": "#mint", "uv": [ 10.5, 0.0, 13.0, 2.5 ], "autoUv": false },
										"up": { "texture": "#mint", "uv": [ 10.5, 0.0, 13.0, 2.5 ], "autoUv": false },
										"down": { "texture": "#mint", "uv": [ 13.0, 2.5, 10.5, 0.0 ], "autoUv": false }
									}
								},
								{
									"name": "bulb3",
									"from": [ 0.1, -0.1, 0.3 ],
									"to": [ 0.6, 0.4, 0.8 ],
									"rotationOrigin": [ 0.14, -0.1, 0.25 ],
									"rotationX": 11.0,
									"faces": {
										"north": { "texture": "#mint", "uv": [ 10.5, 0.0, 13.0, 2.5 ], "autoUv": false },
										"east": { "texture": "#mint", "uv": [ 10.5, 0.0, 13.0, 2.5 ], "autoUv": false },
										"south": { "texture": "#mint", "uv": [ 10.5, 0.0, 13.0, 2.5 ], "autoUv": false },
										"west": { "texture": "#mint", "uv": [ 10.5, 0.0, 13.0, 2.5 ], "autoUv": false },
										"up": { "texture": "#mint", "uv": [ 10.5, 0.0, 13.0, 2.5 ], "autoUv": false },
										"down": { "texture": "#mint", "uv": [ 13.0, 2.5, 10.5, 0.0 ], "autoUv": false }
									}
								},
								{
									"name": "bulb4",
									"from": [ 0.2, -0.1, 0.1 ],
									"to": [ 0.7, 0.4, 0.6 ],
									"rotationOrigin": [ 0.24, -0.1, 0.05 ],
									"rotationX": 6.0,
									"rotationZ": -19.0,
									"faces": {
										"north": { "texture": "#mint", "uv": [ 10.5, 0.0, 13.0, 2.5 ], "autoUv": false },
										"east": { "texture": "#mint", "uv": [ 10.5, 0.0, 13.0, 2.5 ], "autoUv": false },
										"south": { "texture": "#mint", "uv": [ 10.5, 0.0, 13.0, 2.5 ], "autoUv": false },
										"west": { "texture": "#mint", "uv": [ 10.5, 0.0, 13.0, 2.5 ], "autoUv": false },
										"up": { "texture": "#mint", "uv": [ 10.5, 0.0, 13.0, 2.5 ], "autoUv": false },
										"down": { "texture": "#mint", "uv": [ 13.0, 2.5, 10.5, 0.0 ], "autoUv": false }
									}
								},
								{
									"name": "needle",
									"from": [ 0.45, -0.35, -0.16 ],
									"to": [ 0.45, 0.9, 1.09 ],
									"renderPass": 1,
									"rotationOrigin": [ 0.3, -0.35, 0.53 ],
									"rotationY": 45.0,
									"faces": {
										"west": { "texture": "#mint", "uv": [ 3.0, 0.5, 9.5, 7.0 ], "autoUv": false, "windMode": [-1,-1,-1,-1] }
									},
									"children": [
										{
											"name": "needle2",
											"from": [ 0.0853, 0.0, 0.1264 ],
											"to": [ 0.0853, 1.25, 1.3764 ],
											"renderPass": 1,
											"rotationOrigin": [ 0.0056, 0.0, 0.7466 ],
											"rotationY": 89.9802,
											"faces": {
												"west": { "texture": "#mint", "uv": [ 3.0, 0.5, 9.5, 7.0 ], "autoUv": false, "windMode": [-1,-1,-1,-1] }
											}
										}
									]
								}
							]
						},
						{
							"name": "smallleafgroup6",
							"from": [ 0.0525, 7.85, 0.0 ],
							"to": [ 0.0525, 7.85, 0.0 ],
							"rotationOrigin": [ 0.0525, 7.85, 0.0525 ],
							"faces": {
							},
							"children": [
								{
									"name": "leaf121",
									"from": [ 0.0, 2.175, -0.315 ],
									"to": [ 1.125, 2.175, 0.435 ],
									"renderPass": 1,
									"rotationOrigin": [ 0.0, 2.25, 0.075 ],
									"rotationZ": -16.5,
									"faces": {
										"up": { "texture": "#mint", "uv": [ 3.0, 8.5, 7.5, 16.0 ], "rotation": 90, "autoUv": false, "windMode": [1,1,-1,-1] }
									},
									"children": [
										{
											"name": "leaf122",
											"from": [ 0.0, 0.0, 0.015 ],
											"to": [ 1.125, 0.0, 0.765 ],
											"renderPass": 1,
											"rotationOrigin": [ 0.0, 0.0, 0.3844 ],
											"rotationX": -180.0,
											"rotationZ": 141.0,
											"faces": {
												"up": { "texture": "#mint", "uv": [ 3.0, 8.5, 7.5, 16.0 ], "rotation": 90, "autoUv": false, "windMode": [1,1,-1,-1] }
											}
										}
									]
								},
								{
									"name": "leaf123",
									"from": [ 0.0, 2.1, -0.56 ],
									"to": [ 1.575, 2.1, 0.49 ],
									"renderPass": 1,
									"rotationOrigin": [ 0.1, 2.0975, 0.0394 ],
									"rotationY": 90.0,
									"rotationZ": -23.0,
									"faces": {
										"up": { "texture": "#mint", "uv": [ 3.0, 8.5, 7.5, 16.0 ], "rotation": 90, "autoUv": false, "windMode": [1,1,-1,-1] }
									},
									"children": [
										{
											"name": "leaf124",
											"from": [ 0.0, 0.0, 0.0 ],
											"to": [ 1.575, 0.0, 1.05 ],
											"renderPass": 1,
											"rotationOrigin": [ 0.0, 0.0, 0.5381 ],
											"rotationX": -180.0,
											"rotationZ": 135.0,
											"faces": {
												"up": { "texture": "#mint", "uv": [ 3.0, 8.5, 7.5, 16.0 ], "rotation": 90, "autoUv": false, "windMode": [1,1,-1,-1] }
											}
										}
									]
								}
							]
						},
						{
							"name": "bulb5",
							"from": [ -0.46, 8.2, 0.15 ],
							"to": [ 0.04, 8.7, 0.65 ],
							"rotationOrigin": [ -0.5, 8.2, 0.1 ],
							"rotationX": -4.0,
							"rotationY": 45.0,
							"rotationZ": -3.0,
							"faces": {
								"north": { "texture": "#mint", "uv": [ 10.5, 0.0, 13.0, 2.5 ], "autoUv": false },
								"east": { "texture": "#mint", "uv": [ 10.5, 0.0, 13.0, 2.5 ], "autoUv": false },
								"south": { "texture": "#mint", "uv": [ 10.5, 0.0, 13.0, 2.5 ], "autoUv": false },
								"west": { "texture": "#mint", "uv": [ 10.5, 0.0, 13.0, 2.5 ], "autoUv": false },
								"up": { "texture": "#mint", "uv": [ 10.5, 0.0, 13.0, 2.5 ], "autoUv": false },
								"down": { "texture": "#mint", "uv": [ 13.0, 2.5, 10.5, 0.0 ], "autoUv": false }
							},
							"children": [
								{
									"name": "bulb7",
									"from": [ 0.1, -0.1, 0.3 ],
									"to": [ 0.6, 0.4, 0.8 ],
									"rotationOrigin": [ 0.14, -0.1, 0.25 ],
									"rotationX": 10.0,
									"rotationZ": 6.0,
									"faces": {
										"north": { "texture": "#mint", "uv": [ 10.5, 0.0, 13.0, 2.5 ], "autoUv": false },
										"east": { "texture": "#mint", "uv": [ 10.5, 0.0, 13.0, 2.5 ], "autoUv": false },
										"south": { "texture": "#mint", "uv": [ 10.5, 0.0, 13.0, 2.5 ], "autoUv": false },
										"west": { "texture": "#mint", "uv": [ 10.5, 0.0, 13.0, 2.5 ], "autoUv": false },
										"up": { "texture": "#mint", "uv": [ 10.5, 0.0, 13.0, 2.5 ], "autoUv": false },
										"down": { "texture": "#mint", "uv": [ 13.0, 2.5, 10.5, 0.0 ], "autoUv": false }
									}
								},
								{
									"name": "bulb8",
									"from": [ 0.3, -0.2, 0.1 ],
									"to": [ 0.8, 0.3, 0.6 ],
									"rotationOrigin": [ 0.34, -0.2, 0.05 ],
									"rotationZ": -4.0,
									"faces": {
										"north": { "texture": "#mint", "uv": [ 10.5, 0.0, 13.0, 2.5 ], "autoUv": false },
										"east": { "texture": "#mint", "uv": [ 10.5, 0.0, 13.0, 2.5 ], "autoUv": false },
										"south": { "texture": "#mint", "uv": [ 10.5, 0.0, 13.0, 2.5 ], "autoUv": false },
										"west": { "texture": "#mint", "uv": [ 10.5, 0.0, 13.0, 2.5 ], "autoUv": false },
										"up": { "texture": "#mint", "uv": [ 10.5, 0.0, 13.0, 2.5 ], "autoUv": false },
										"down": { "texture": "#mint", "uv": [ 13.0, 2.5, 10.5, 0.0 ], "autoUv": false }
									}
								},
								{
									"name": "needle3",
									"from": [ 0.3787, -0.5, -0.2167 ],
									"to": [ 0.3787, 0.75, 1.0333 ],
									"renderPass": 1,
									"rotationOrigin": [ 0.2287, -0.45, 0.4733 ],
									"faces": {
										"west": { "texture": "#mint", "uv": [ 3.0, 0.5, 9.5, 7.0 ], "autoUv": false, "windMode": [-1,-1,-1,-1] }
									},
									"children": [
										{
											"name": "needle4",
											"from": [ 0.0853, 0.0, 0.1264 ],
											"to": [ 0.0853, 1.25, 1.3764 ],
											"renderPass": 1,
											"rotationOrigin": [ 0.0056, 0.0, 0.7466 ],
											"rotationY": 89.9802,
											"faces": {
												"west": { "texture": "#mint", "uv": [ 3.0, 0.5, 9.5, 7.0 ], "autoUv": false, "windMode": [-1,-1,-1,-1] }
											}
										}
									]
								}
							]
						}
					]
				},
				{
					"name": "mint2",
					"from": [ -3.07, 0.0, 0.93 ],
					"to": [ -3.07, 0.0, 0.93 ],
					"rotationOrigin": [ -3.0, 0.0, 1.0 ],
					"faces": {
					},
					"children": [
						{
							"name": "leafgroup36",
							"from": [ 0.075, 0.0, 0.0 ],
							"to": [ 0.075, 0.0, 0.0 ],
							"rotationOrigin": [ 0.07, 0.0, 0.07 ],
							"rotationY": 15.0,
							"faces": {
							},
							"children": [
								{
									"name": "leaf181",
									"from": [ 0.0, 3.0, -0.95 ],
									"to": [ 3.0, 3.0, 1.05 ],
									"renderPass": 1,
									"rotationOrigin": [ 0.0, 3.0, 0.075 ],
									"rotationZ": -10.0,
									"faces": {
										"up": { "texture": "#mint", "uv": [ 3.0, 8.5, 7.5, 16.0 ], "rotation": 90, "autoUv": false, "windMode": [1,1,-1,-1] }
									},
									"children": [
										{
											"name": "leaf182",
											"from": [ 0.0, 0.1, 0.0 ],
											"to": [ 3.0, 0.1, 2.0 ],
											"renderPass": 1,
											"rotationOrigin": [ 0.0, 0.1, 1.025 ],
											"rotationX": -180.0,
											"rotationZ": -200.0,
											"faces": {
												"up": { "texture": "#mint", "uv": [ 3.0, 8.5, 7.5, 16.0 ], "rotation": 90, "autoUv": false, "windMode": [1,1,-1,-1] }
											}
										}
									]
								},
								{
									"name": "leaf183",
									"from": [ 0.0, 3.3, -0.95 ],
									"to": [ 3.0, 3.3, 1.05 ],
									"renderPass": 1,
									"rotationOrigin": [ 0.0, 3.3, 0.075 ],
									"rotationY": 90.0,
									"rotationZ": -10.0,
									"faces": {
										"up": { "texture": "#mint", "uv": [ 3.0, 8.5, 7.5, 16.0 ], "rotation": 90, "autoUv": false, "windMode": [1,1,-1,-1] }
									},
									"children": [
										{
											"name": "leaf184",
											"from": [ 0.0, 0.1, 0.0 ],
											"to": [ 3.0, 0.1, 2.0 ],
											"renderPass": 1,
											"rotationOrigin": [ 0.0, 0.1, 1.025 ],
											"rotationX": -180.0,
											"rotationZ": -200.0,
											"faces": {
												"up": { "texture": "#mint", "uv": [ 3.0, 8.5, 7.5, 16.0 ], "rotation": 90, "autoUv": false, "windMode": [1,1,-1,-1] }
											}
										}
									]
								}
							]
						},
						{
							"name": "leafgroup37",
							"from": [ 0.075, 1.0, 0.0 ],
							"to": [ 0.075, 1.0, 0.0 ],
							"rotationOrigin": [ 0.07, 1.0, 0.07 ],
							"rotationY": 45.0,
							"faces": {
							},
							"children": [
								{
									"name": "leaf185",
									"from": [ 0.0, 3.0, -0.95 ],
									"to": [ 3.0, 3.0, 1.05 ],
									"renderPass": 1,
									"rotationOrigin": [ 0.0, 3.0, 0.075 ],
									"rotationZ": -10.0,
									"faces": {
										"up": { "texture": "#mint", "uv": [ 3.0, 8.5, 7.5, 16.0 ], "rotation": 90, "autoUv": false, "windMode": [1,1,-1,-1] }
									},
									"children": [
										{
											"name": "leaf186",
											"from": [ 0.0, 0.1, 0.0 ],
											"to": [ 3.0, 0.1, 2.0 ],
											"renderPass": 1,
											"rotationOrigin": [ 0.0, 0.1, 1.025 ],
											"rotationX": -180.0,
											"rotationZ": -200.0,
											"faces": {
												"up": { "texture": "#mint", "uv": [ 3.0, 8.5, 7.5, 16.0 ], "rotation": 90, "autoUv": false, "windMode": [1,1,-1,-1] }
											}
										}
									]
								},
								{
									"name": "leaf187",
									"from": [ 0.0, 3.3, -0.95 ],
									"to": [ 3.0, 3.3, 1.05 ],
									"renderPass": 1,
									"rotationOrigin": [ 0.0, 3.3, 0.075 ],
									"rotationY": 90.0,
									"rotationZ": -10.0,
									"faces": {
										"up": { "texture": "#mint", "uv": [ 3.0, 8.5, 7.5, 16.0 ], "rotation": 90, "autoUv": false, "windMode": [1,1,-1,-1] }
									},
									"children": [
										{
											"name": "leaf188",
											"from": [ 0.0, 0.1, 0.0 ],
											"to": [ 3.0, 0.1, 2.0 ],
											"renderPass": 1,
											"rotationOrigin": [ 0.0, 0.1, 1.025 ],
											"rotationX": -180.0,
											"rotationZ": -200.0,
											"faces": {
												"up": { "texture": "#mint", "uv": [ 3.0, 8.5, 7.5, 16.0 ], "rotation": 90, "autoUv": false, "windMode": [1,1,-1,-1] }
											}
										}
									]
								}
							]
						},
						{
							"name": "leafgroup38",
							"from": [ 0.075, 2.0, 0.0 ],
							"to": [ 0.075, 2.0, 0.0 ],
							"rotationOrigin": [ 0.07, 2.0, 0.07 ],
							"rotationY": 8.0,
							"faces": {
							},
							"children": [
								{
									"name": "leaf189",
									"from": [ 0.0, 3.0, -0.95 ],
									"to": [ 3.0, 3.0, 1.05 ],
									"renderPass": 1,
									"rotationOrigin": [ 0.0, 3.0, 0.075 ],
									"rotationZ": -10.0,
									"faces": {
										"up": { "texture": "#mint", "uv": [ 3.0, 8.5, 7.5, 16.0 ], "rotation": 90, "autoUv": false, "windMode": [1,1,-1,-1] }
									},
									"children": [
										{
											"name": "leaf190",
											"from": [ 0.0, 0.1, 0.0 ],
											"to": [ 3.0, 0.1, 2.0 ],
											"renderPass": 1,
											"rotationOrigin": [ 0.0, 0.1, 1.025 ],
											"rotationX": -180.0,
											"rotationZ": -200.0,
											"faces": {
												"up": { "texture": "#mint", "uv": [ 3.0, 8.5, 7.5, 16.0 ], "rotation": 90, "autoUv": false, "windMode": [1,1,-1,-1] }
											}
										}
									]
								},
								{
									"name": "leaf191",
									"from": [ 0.0, 3.3, -0.95 ],
									"to": [ 3.0, 3.3, 1.05 ],
									"renderPass": 1,
									"rotationOrigin": [ 0.0, 3.3, 0.075 ],
									"rotationY": 90.0,
									"rotationZ": -10.0,
									"faces": {
										"up": { "texture": "#mint", "uv": [ 3.0, 8.5, 7.5, 16.0 ], "rotation": 90, "autoUv": false, "windMode": [1,1,-1,-1] }
									},
									"children": [
										{
											"name": "leaf192",
											"from": [ 0.0, 0.1, 0.0 ],
											"to": [ 3.0, 0.1, 2.0 ],
											"renderPass": 1,
											"rotationOrigin": [ 0.0, 0.1, 1.025 ],
											"rotationX": -180.0,
											"rotationZ": -200.0,
											"faces": {
												"up": { "texture": "#mint", "uv": [ 3.0, 8.5, 7.5, 16.0 ], "rotation": 90, "autoUv": false, "windMode": [1,1,-1,-1] }
											}
										}
									]
								}
							]
						},
						{
							"name": "leafgroup39",
							"from": [ 0.075, 3.0, 0.0 ],
							"to": [ 0.075, 3.0, 0.0 ],
							"rotationOrigin": [ 0.07, 3.0, 0.07 ],
							"rotationY": -35.0,
							"faces": {
							},
							"children": [
								{
									"name": "leaf193",
									"from": [ 0.0, 3.0, -0.95 ],
									"to": [ 3.0, 3.0, 1.05 ],
									"renderPass": 1,
									"rotationOrigin": [ 0.0, 3.0, 0.075 ],
									"rotationZ": -10.0,
									"faces": {
										"up": { "texture": "#mint", "uv": [ 3.0, 8.5, 7.5, 16.0 ], "rotation": 90, "autoUv": false, "windMode": [1,1,-1,-1] }
									},
									"children": [
										{
											"name": "leaf194",
											"from": [ 0.0, 0.1, 0.0 ],
											"to": [ 3.0, 0.1, 2.0 ],
											"renderPass": 1,
											"rotationOrigin": [ 0.0, 0.1, 1.025 ],
											"rotationX": -180.0,
											"rotationZ": -200.0,
											"faces": {
												"up": { "texture": "#mint", "uv": [ 3.0, 8.5, 7.5, 16.0 ], "rotation": 90, "autoUv": false, "windMode": [1,1,-1,-1] }
											}
										}
									]
								},
								{
									"name": "leaf195",
									"from": [ 0.0, 3.3, -0.95 ],
									"to": [ 3.0, 3.3, 1.05 ],
									"renderPass": 1,
									"rotationOrigin": [ 0.0, 3.3, 0.075 ],
									"rotationY": 90.0,
									"rotationZ": -10.0,
									"faces": {
										"up": { "texture": "#mint", "uv": [ 3.0, 8.5, 7.5, 16.0 ], "rotation": 90, "autoUv": false, "windMode": [1,1,-1,-1] }
									},
									"children": [
										{
											"name": "leaf196",
											"from": [ 0.0, 0.1, 0.0 ],
											"to": [ 3.0, 0.1, 2.0 ],
											"renderPass": 1,
											"rotationOrigin": [ 0.0, 0.1, 1.025 ],
											"rotationX": -180.0,
											"rotationZ": -200.0,
											"faces": {
												"up": { "texture": "#mint", "uv": [ 3.0, 8.5, 7.5, 16.0 ], "rotation": 90, "autoUv": false, "windMode": [1,1,-1,-1] }
											}
										}
									]
								}
							]
						},
						{
							"name": "leafgroup40",
							"from": [ 0.075, 4.0, 0.0 ],
							"to": [ 0.075, 4.0, 0.0 ],
							"rotationOrigin": [ 0.07, 4.0, 0.0 ],
							"faces": {
							},
							"children": [
								{
									"name": "leaf197",
									"from": [ 0.0, 3.0, -0.95 ],
									"to": [ 3.0, 3.0, 1.05 ],
									"renderPass": 1,
									"rotationOrigin": [ 0.0, 3.0, 0.075 ],
									"rotationZ": -10.0,
									"faces": {
										"up": { "texture": "#mint", "uv": [ 3.0, 8.5, 7.5, 16.0 ], "rotation": 90, "autoUv": false, "windMode": [1,1,-1,-1] }
									},
									"children": [
										{
											"name": "leaf198",
											"from": [ 0.0, 0.1, 0.0 ],
											"to": [ 3.0, 0.1, 2.0 ],
											"renderPass": 1,
											"rotationOrigin": [ 0.0, 0.1, 1.025 ],
											"rotationX": -180.0,
											"rotationZ": -200.0,
											"faces": {
												"up": { "texture": "#mint", "uv": [ 3.0, 8.5, 7.5, 16.0 ], "rotation": 90, "autoUv": false, "windMode": [1,1,-1,-1] }
											}
										}
									]
								},
								{
									"name": "leaf199",
									"from": [ 0.0, 3.3, -0.95 ],
									"to": [ 3.0, 3.3, 1.05 ],
									"renderPass": 1,
									"rotationOrigin": [ 0.0, 3.3, 0.075 ],
									"rotationY": 90.0,
									"rotationZ": -10.0,
									"faces": {
										"up": { "texture": "#mint", "uv": [ 3.0, 8.5, 7.5, 16.0 ], "rotation": 90, "autoUv": false, "windMode": [1,1,-1,-1] }
									},
									"children": [
										{
											"name": "leaf200",
											"from": [ 0.0, 0.1, 0.0 ],
											"to": [ 3.0, 0.1, 2.0 ],
											"renderPass": 1,
											"rotationOrigin": [ 0.0, 0.1, 1.025 ],
											"rotationX": -180.0,
											"rotationZ": -200.0,
											"faces": {
												"up": { "texture": "#mint", "uv": [ 3.0, 8.5, 7.5, 16.0 ], "rotation": 90, "autoUv": false, "windMode": [1,1,-1,-1] }
											}
										}
									]
								}
							]
						},
						{
							"name": "smallleafgroup11",
							"from": [ 0.07, 5.4, 0.0 ],
							"to": [ 0.07, 5.4, 0.0 ],
							"rotationOrigin": [ 0.07, 5.4, 0.07 ],
							"rotationY": 45.0,
							"faces": {
							},
							"children": [
								{
									"name": "leaf201",
									"from": [ 0.0, 2.6, -0.42 ],
									"to": [ 1.5, 2.6, 0.58 ],
									"renderPass": 1,
									"rotationOrigin": [ 0.0, 2.7, 0.1 ],
									"rotationZ": -14.0,
									"faces": {
										"up": { "texture": "#mint", "uv": [ 3.0, 8.5, 7.5, 16.0 ], "rotation": 90, "autoUv": false, "windMode": [1,1,-1,-1] }
									},
									"children": [
										{
											"name": "leaf202",
											"from": [ 0.0, 0.0, 0.02 ],
											"to": [ 1.5, 0.0, 1.02 ],
											"renderPass": 1,
											"rotationOrigin": [ 0.0, 0.0, 0.5125 ],
											"rotationX": -180.0,
											"rotationZ": 150.5,
											"faces": {
												"up": { "texture": "#mint", "uv": [ 3.0, 8.5, 7.5, 16.0 ], "rotation": 90, "autoUv": false, "windMode": [1,1,-1,-1] }
											}
										}
									]
								},
								{
									"name": "leaf203",
									"from": [ 0.0, 2.63, -0.665 ],
									"to": [ 2.1, 2.63, 0.735 ],
									"renderPass": 1,
									"rotationOrigin": [ 0.0, 2.63, 0.0525 ],
									"rotationY": 90.0,
									"rotationZ": -13.5,
									"faces": {
										"up": { "texture": "#mint", "uv": [ 3.0, 8.5, 7.5, 16.0 ], "rotation": 90, "autoUv": false, "windMode": [1,1,-1,-1] }
									},
									"children": [
										{
											"name": "leaf204",
											"from": [ 0.0, 0.0, 0.0 ],
											"to": [ 2.1, 0.0, 1.4 ],
											"renderPass": 1,
											"rotationOrigin": [ 0.0, 0.0, 0.7175 ],
											"rotationX": -180.0,
											"rotationZ": 155.5,
											"faces": {
												"up": { "texture": "#mint", "uv": [ 3.0, 8.5, 7.5, 16.0 ], "rotation": 90, "autoUv": false, "windMode": [1,1,-1,-1] }
											}
										}
									]
								}
							]
						},
						{
							"name": "stalk18",
							"from": [ 0.0, 6.5, 0.0 ],
							"to": [ 0.15, 10.5, 0.15 ],
							"rotationOrigin": [ 0.0, 6.5, 0.0 ],
							"faces": {
								"north": { "texture": "#mint", "uv": [ 0.0, 4.5, 0.5, 8.5 ] },
								"east": { "texture": "#mint", "uv": [ 0.0, 2.0, 0.5, 6.0 ], "autoUv": false },
								"south": { "texture": "#mint", "uv": [ 0.5, 6.5, 1.0, 10.5 ] },
								"west": { "texture": "#mint", "uv": [ 0.0, 8.0, 0.5, 12.0 ] },
								"up": { "texture": "#mint", "uv": [ 0.0, 0.0, 0.5, 0.5 ] }
							},
							"children": [
								{
									"name": "stalk19",
									"from": [ 0.0, -4.0, 0.0 ],
									"to": [ 0.15, 0.0, 0.15 ],
									"rotationOrigin": [ 0.0, -4.0, 0.0 ],
									"faces": {
										"north": { "texture": "#mint", "uv": [ 0.0, 4.5, 0.5, 8.5 ] },
										"east": { "texture": "#mint", "uv": [ 0.0, 2.0, 0.5, 6.0 ], "autoUv": false },
										"south": { "texture": "#mint", "uv": [ 0.5, 6.5, 1.0, 10.5 ] },
										"west": { "texture": "#mint", "uv": [ 0.0, 8.0, 0.5, 12.0 ] },
										"up": { "texture": "#mint", "uv": [ 0.0, 0.0, 0.5, 0.5 ] }
									}
								},
								{
									"name": "stalk20",
									"from": [ 0.0, -6.5, 0.0 ],
									"to": [ 0.15, -4.0, 0.15 ],
									"rotationOrigin": [ 0.0, -6.5, 0.0 ],
									"faces": {
										"north": { "texture": "#mint", "uv": [ 0.0, 4.5, 0.5, 7.0 ] },
										"east": { "texture": "#mint", "uv": [ 0.0, 2.0, 0.5, 6.0 ], "autoUv": false },
										"south": { "texture": "#mint", "uv": [ 0.5, 6.5, 1.0, 9.0 ] },
										"west": { "texture": "#mint", "uv": [ 0.0, 8.0, 0.5, 10.5 ] },
										"up": { "texture": "#mint", "uv": [ 0.0, 0.0, 0.5, 0.5 ] }
									}
								}
							]
						},
						{
							"name": "bulb22",
							"from": [ -0.24, 10.2, -0.25 ],
							"to": [ 0.26, 10.7, 0.25 ],
							"rotationOrigin": [ -0.2, 10.2, -0.3 ],
							"rotationX": -6.0,
							"rotationZ": -6.0,
							"faces": {
								"north": { "texture": "#mint", "uv": [ 10.5, 0.0, 13.0, 2.5 ], "autoUv": false },
								"east": { "texture": "#mint", "uv": [ 10.5, 0.0, 13.0, 2.5 ], "autoUv": false },
								"south": { "texture": "#mint", "uv": [ 10.5, 0.0, 13.0, 2.5 ], "autoUv": false },
								"west": { "texture": "#mint", "uv": [ 10.5, 0.0, 13.0, 2.5 ], "autoUv": false },
								"up": { "texture": "#mint", "uv": [ 10.5, 0.0, 13.0, 2.5 ], "autoUv": false },
								"down": { "texture": "#mint", "uv": [ 13.0, 2.5, 10.5, 0.0 ], "autoUv": false }
							},
							"children": [
								{
									"name": "bulb23",
									"from": [ 0.2, 0.2, 0.2 ],
									"to": [ 0.7, 0.7, 0.7 ],
									"rotationOrigin": [ 0.24, 0.2, 0.15 ],
									"rotationX": 4.0,
									"rotationZ": -1.0,
									"faces": {
										"north": { "texture": "#mint", "uv": [ 10.5, 0.0, 13.0, 2.5 ], "autoUv": false },
										"east": { "texture": "#mint", "uv": [ 10.5, 0.0, 13.0, 2.5 ], "autoUv": false },
										"south": { "texture": "#mint", "uv": [ 10.5, 0.0, 13.0, 2.5 ], "autoUv": false },
										"west": { "texture": "#mint", "uv": [ 10.5, 0.0, 13.0, 2.5 ], "autoUv": false },
										"up": { "texture": "#mint", "uv": [ 10.5, 0.0, 13.0, 2.5 ], "autoUv": false },
										"down": { "texture": "#mint", "uv": [ 13.0, 2.5, 10.5, 0.0 ], "autoUv": false }
									}
								},
								{
									"name": "bulb24",
									"from": [ 0.1, -0.1, 0.3 ],
									"to": [ 0.6, 0.4, 0.8 ],
									"rotationOrigin": [ 0.14, -0.1, 0.25 ],
									"rotationX": 5.0,
									"rotationZ": 5.0,
									"faces": {
										"north": { "texture": "#mint", "uv": [ 10.5, 0.0, 13.0, 2.5 ], "autoUv": false },
										"east": { "texture": "#mint", "uv": [ 10.5, 0.0, 13.0, 2.5 ], "autoUv": false },
										"south": { "texture": "#mint", "uv": [ 10.5, 0.0, 13.0, 2.5 ], "autoUv": false },
										"west": { "texture": "#mint", "uv": [ 10.5, 0.0, 13.0, 2.5 ], "autoUv": false },
										"up": { "texture": "#mint", "uv": [ 10.5, 0.0, 13.0, 2.5 ], "autoUv": false },
										"down": { "texture": "#mint", "uv": [ 13.0, 2.5, 10.5, 0.0 ], "autoUv": false }
									}
								},
								{
									"name": "bulb25",
									"from": [ 0.2, -0.1, 0.1 ],
									"to": [ 0.7, 0.4, 0.6 ],
									"rotationOrigin": [ 0.24, -0.1, 0.05 ],
									"rotationX": 6.0,
									"rotationZ": -26.0,
									"faces": {
										"north": { "texture": "#mint", "uv": [ 10.5, 0.0, 13.0, 2.5 ], "autoUv": false },
										"east": { "texture": "#mint", "uv": [ 10.5, 0.0, 13.0, 2.5 ], "autoUv": false },
										"south": { "texture": "#mint", "uv": [ 10.5, 0.0, 13.0, 2.5 ], "autoUv": false },
										"west": { "texture": "#mint", "uv": [ 10.5, 0.0, 13.0, 2.5 ], "autoUv": false },
										"up": { "texture": "#mint", "uv": [ 10.5, 0.0, 13.0, 2.5 ], "autoUv": false },
										"down": { "texture": "#mint", "uv": [ 13.0, 2.5, 10.5, 0.0 ], "autoUv": false }
									}
								},
								{
									"name": "needle13",
									"from": [ 0.45, -0.35, -0.16 ],
									"to": [ 0.45, 0.9, 1.09 ],
									"renderPass": 1,
									"rotationOrigin": [ 0.3, -0.35, 0.53 ],
									"rotationY": 45.0,
									"faces": {
										"west": { "texture": "#mint", "uv": [ 3.0, 0.5, 9.5, 7.0 ], "autoUv": false, "windMode": [-1,-1,-1,-1] }
									},
									"children": [
										{
											"name": "needle14",
											"from": [ 0.0853, 0.0, 0.1264 ],
											"to": [ 0.0853, 1.25, 1.3764 ],
											"renderPass": 1,
											"rotationOrigin": [ 0.0056, 0.0, 0.7466 ],
											"rotationY": 89.9802,
											"faces": {
												"west": { "texture": "#mint", "uv": [ 3.0, 0.5, 9.5, 7.0 ], "autoUv": false, "windMode": [-1,-1,-1,-1] }
											}
										}
									]
								}
							]
						},
						{
							"name": "smallleafgroup12",
							"from": [ 0.0525, 7.85, 0.0 ],
							"to": [ 0.0525, 7.85, 0.0 ],
							"rotationOrigin": [ 0.0525, 7.85, 0.0525 ],
							"faces": {
							},
							"children": [
								{
									"name": "leaf205",
									"from": [ 0.0, 2.175, -0.315 ],
									"to": [ 1.125, 2.175, 0.435 ],
									"renderPass": 1,
									"rotationOrigin": [ 0.0, 2.25, 0.075 ],
									"rotationZ": -16.5,
									"faces": {
										"up": { "texture": "#mint", "uv": [ 3.0, 8.5, 7.5, 16.0 ], "rotation": 90, "autoUv": false, "windMode": [1,1,-1,-1] }
									},
									"children": [
										{
											"name": "leaf206",
											"from": [ 0.0, 0.0, 0.015 ],
											"to": [ 1.125, 0.0, 0.765 ],
											"renderPass": 1,
											"rotationOrigin": [ 0.0, 0.0, 0.3844 ],
											"rotationX": -180.0,
											"rotationZ": 141.0,
											"faces": {
												"up": { "texture": "#mint", "uv": [ 3.0, 8.5, 7.5, 16.0 ], "rotation": 90, "autoUv": false, "windMode": [1,1,-1,-1] }
											}
										}
									]
								},
								{
									"name": "leaf207",
									"from": [ 0.0, 2.1, -0.56 ],
									"to": [ 1.575, 2.1, 0.49 ],
									"renderPass": 1,
									"rotationOrigin": [ 0.1, 2.0975, 0.0394 ],
									"rotationY": 90.0,
									"rotationZ": -23.0,
									"faces": {
										"up": { "texture": "#mint", "uv": [ 3.0, 8.5, 7.5, 16.0 ], "rotation": 90, "autoUv": false, "windMode": [1,1,-1,-1] }
									},
									"children": [
										{
											"name": "leaf208",
											"from": [ 0.0, 0.0, 0.0 ],
											"to": [ 1.575, 0.0, 1.05 ],
											"renderPass": 1,
											"rotationOrigin": [ 0.0, 0.0, 0.5381 ],
											"rotationX": -180.0,
											"rotationZ": 135.0,
											"faces": {
												"up": { "texture": "#mint", "uv": [ 3.0, 8.5, 7.5, 16.0 ], "rotation": 90, "autoUv": false, "windMode": [1,1,-1,-1] }
											}
										}
									]
								}
							]
						},
						{
							"name": "bulb26",
							"from": [ -0.46, 8.2, 0.15 ],
							"to": [ 0.04, 8.7, 0.65 ],
							"rotationOrigin": [ -0.5, 8.2, 0.1 ],
							"rotationX": -9.0,
							"rotationY": 45.0,
							"rotationZ": -5.0,
							"faces": {
								"north": { "texture": "#mint", "uv": [ 10.5, 0.0, 13.0, 2.5 ], "autoUv": false },
								"east": { "texture": "#mint", "uv": [ 10.5, 0.0, 13.0, 2.5 ], "autoUv": false },
								"south": { "texture": "#mint", "uv": [ 10.5, 0.0, 13.0, 2.5 ], "autoUv": false },
								"west": { "texture": "#mint", "uv": [ 10.5, 0.0, 13.0, 2.5 ], "autoUv": false },
								"up": { "texture": "#mint", "uv": [ 10.5, 0.0, 13.0, 2.5 ], "autoUv": false },
								"down": { "texture": "#mint", "uv": [ 13.0, 2.5, 10.5, 0.0 ], "autoUv": false }
							},
							"children": [
								{
									"name": "bulb27",
									"from": [ 0.1, -0.1, 0.3 ],
									"to": [ 0.6, 0.4, 0.8 ],
									"rotationOrigin": [ 0.14, -0.1, 0.25 ],
									"rotationX": 3.0,
									"rotationZ": 15.0,
									"faces": {
										"north": { "texture": "#mint", "uv": [ 10.5, 0.0, 13.0, 2.5 ], "autoUv": false },
										"east": { "texture": "#mint", "uv": [ 10.5, 0.0, 13.0, 2.5 ], "autoUv": false },
										"south": { "texture": "#mint", "uv": [ 10.5, 0.0, 13.0, 2.5 ], "autoUv": false },
										"west": { "texture": "#mint", "uv": [ 10.5, 0.0, 13.0, 2.5 ], "autoUv": false },
										"up": { "texture": "#mint", "uv": [ 10.5, 0.0, 13.0, 2.5 ], "autoUv": false },
										"down": { "texture": "#mint", "uv": [ 13.0, 2.5, 10.5, 0.0 ], "autoUv": false }
									}
								},
								{
									"name": "bulb28",
									"from": [ 0.3, -0.2, 0.1 ],
									"to": [ 0.8, 0.3, 0.6 ],
									"rotationOrigin": [ 0.34, -0.2, 0.05 ],
									"rotationZ": 6.0,
									"faces": {
										"north": { "texture": "#mint", "uv": [ 10.5, 0.0, 13.0, 2.5 ], "autoUv": false },
										"east": { "texture": "#mint", "uv": [ 10.5, 0.0, 13.0, 2.5 ], "autoUv": false },
										"south": { "texture": "#mint", "uv": [ 10.5, 0.0, 13.0, 2.5 ], "autoUv": false },
										"west": { "texture": "#mint", "uv": [ 10.5, 0.0, 13.0, 2.5 ], "autoUv": false },
										"up": { "texture": "#mint", "uv": [ 10.5, 0.0, 13.0, 2.5 ], "autoUv": false },
										"down": { "texture": "#mint", "uv": [ 13.0, 2.5, 10.5, 0.0 ], "autoUv": false }
									}
								},
								{
									"name": "needle15",
									"from": [ 0.3787, -0.5, -0.2167 ],
									"to": [ 0.3787, 0.75, 1.0333 ],
									"renderPass": 1,
									"rotationOrigin": [ 0.2287, -0.45, 0.4733 ],
									"faces": {
										"west": { "texture": "#mint", "uv": [ 3.0, 0.5, 9.5, 7.0 ], "autoUv": false, "windMode": [-1,-1,-1,-1] }
									},
									"children": [
										{
											"name": "needle16",
											"from": [ 0.0853, 0.0, 0.1264 ],
											"to": [ 0.0853, 1.25, 1.3764 ],
											"renderPass": 1,
											"rotationOrigin": [ 0.0056, 0.0, 0.7466 ],
											"rotationY": 89.9802,
											"faces": {
												"west": { "texture": "#mint", "uv": [ 3.0, 0.5, 9.5, 7.0 ], "autoUv": false, "windMode": [-1,-1,-1,-1] }
											}
										}
									]
								}
							]
						}
					]
				},
				{
					"name": "mint",
					"from": [ -0.07, 0.0, -3.07 ],
					"to": [ -0.07, 0.0, -3.07 ],
					"rotationOrigin": [ 0.0, 0.0, -3.0 ],
					"faces": {
					},
					"children": [
						{
							"name": "leafgroup41",
							"from": [ 0.075, 0.0, 0.0 ],
							"to": [ 0.075, 0.0, 0.0 ],
							"rotationOrigin": [ 0.07, 0.0, 0.07 ],
							"rotationY": 15.0,
							"faces": {
							},
							"children": [
								{
									"name": "leaf209",
									"from": [ 0.0, 3.0, -0.95 ],
									"to": [ 3.0, 3.0, 1.05 ],
									"renderPass": 1,
									"rotationOrigin": [ 0.0, 3.0, 0.075 ],
									"rotationZ": -10.0,
									"faces": {
										"up": { "texture": "#mint", "uv": [ 3.0, 8.5, 7.5, 16.0 ], "rotation": 90, "autoUv": false, "windMode": [1,1,-1,-1] }
									},
									"children": [
										{
											"name": "leaf210",
											"from": [ 0.0, 0.1, 0.0 ],
											"to": [ 3.0, 0.1, 2.0 ],
											"renderPass": 1,
											"rotationOrigin": [ 0.0, 0.1, 1.025 ],
											"rotationX": -180.0,
											"rotationZ": -200.0,
											"faces": {
												"up": { "texture": "#mint", "uv": [ 3.0, 8.5, 7.5, 16.0 ], "rotation": 90, "autoUv": false, "windMode": [1,1,-1,-1] }
											}
										}
									]
								},
								{
									"name": "leaf211",
									"from": [ 0.0, 3.3, -0.95 ],
									"to": [ 3.0, 3.3, 1.05 ],
									"renderPass": 1,
									"rotationOrigin": [ 0.0, 3.3, 0.075 ],
									"rotationY": 90.0,
									"rotationZ": -10.0,
									"faces": {
										"up": { "texture": "#mint", "uv": [ 3.0, 8.5, 7.5, 16.0 ], "rotation": 90, "autoUv": false, "windMode": [1,1,-1,-1] }
									},
									"children": [
										{
											"name": "leaf212",
											"from": [ 0.0, 0.1, 0.0 ],
											"to": [ 3.0, 0.1, 2.0 ],
											"renderPass": 1,
											"rotationOrigin": [ 0.0, 0.1, 1.025 ],
											"rotationX": -180.0,
											"rotationZ": -200.0,
											"faces": {
												"up": { "texture": "#mint", "uv": [ 3.0, 8.5, 7.5, 16.0 ], "rotation": 90, "autoUv": false, "windMode": [1,1,-1,-1] }
											}
										}
									]
								}
							]
						},
						{
							"name": "leafgroup42",
							"from": [ 0.075, 1.0, 0.0 ],
							"to": [ 0.075, 1.0, 0.0 ],
							"rotationOrigin": [ 0.07, 1.0, 0.07 ],
							"rotationY": 45.0,
							"faces": {
							},
							"children": [
								{
									"name": "leaf213",
									"from": [ 0.0, 3.0, -0.95 ],
									"to": [ 3.0, 3.0, 1.05 ],
									"renderPass": 1,
									"rotationOrigin": [ 0.0, 3.0, 0.075 ],
									"rotationZ": -10.0,
									"faces": {
										"up": { "texture": "#mint", "uv": [ 3.0, 8.5, 7.5, 16.0 ], "rotation": 90, "autoUv": false, "windMode": [1,1,-1,-1] }
									},
									"children": [
										{
											"name": "leaf214",
											"from": [ 0.0, 0.1, 0.0 ],
											"to": [ 3.0, 0.1, 2.0 ],
											"renderPass": 1,
											"rotationOrigin": [ 0.0, 0.1, 1.025 ],
											"rotationX": -180.0,
											"rotationZ": -200.0,
											"faces": {
												"up": { "texture": "#mint", "uv": [ 3.0, 8.5, 7.5, 16.0 ], "rotation": 90, "autoUv": false, "windMode": [1,1,-1,-1] }
											}
										}
									]
								},
								{
									"name": "leaf215",
									"from": [ 0.0, 3.3, -0.95 ],
									"to": [ 3.0, 3.3, 1.05 ],
									"renderPass": 1,
									"rotationOrigin": [ 0.0, 3.3, 0.075 ],
									"rotationY": 90.0,
									"rotationZ": -10.0,
									"faces": {
										"up": { "texture": "#mint", "uv": [ 3.0, 8.5, 7.5, 16.0 ], "rotation": 90, "autoUv": false, "windMode": [1,1,-1,-1] }
									},
									"children": [
										{
											"name": "leaf216",
											"from": [ 0.0, 0.1, 0.0 ],
											"to": [ 3.0, 0.1, 2.0 ],
											"renderPass": 1,
											"rotationOrigin": [ 0.0, 0.1, 1.025 ],
											"rotationX": -180.0,
											"rotationZ": -200.0,
											"faces": {
												"up": { "texture": "#mint", "uv": [ 3.0, 8.5, 7.5, 16.0 ], "rotation": 90, "autoUv": false, "windMode": [1,1,-1,-1] }
											}
										}
									]
								}
							]
						},
						{
							"name": "leafgroup43",
							"from": [ 0.075, 2.0, 0.0 ],
							"to": [ 0.075, 2.0, 0.0 ],
							"rotationOrigin": [ 0.07, 2.0, 0.07 ],
							"rotationY": 8.0,
							"faces": {
							},
							"children": [
								{
									"name": "leaf217",
									"from": [ 0.0, 3.0, -0.95 ],
									"to": [ 3.0, 3.0, 1.05 ],
									"renderPass": 1,
									"rotationOrigin": [ 0.0, 3.0, 0.075 ],
									"rotationZ": -10.0,
									"faces": {
										"up": { "texture": "#mint", "uv": [ 3.0, 8.5, 7.5, 16.0 ], "rotation": 90, "autoUv": false, "windMode": [1,1,-1,-1] }
									},
									"children": [
										{
											"name": "leaf218",
											"from": [ 0.0, 0.1, 0.0 ],
											"to": [ 3.0, 0.1, 2.0 ],
											"renderPass": 1,
											"rotationOrigin": [ 0.0, 0.1, 1.025 ],
											"rotationX": -180.0,
											"rotationZ": -200.0,
											"faces": {
												"up": { "texture": "#mint", "uv": [ 3.0, 8.5, 7.5, 16.0 ], "rotation": 90, "autoUv": false, "windMode": [1,1,-1,-1] }
											}
										}
									]
								},
								{
									"name": "leaf219",
									"from": [ 0.0, 3.3, -0.95 ],
									"to": [ 3.0, 3.3, 1.05 ],
									"renderPass": 1,
									"rotationOrigin": [ 0.0, 3.3, 0.075 ],
									"rotationY": 90.0,
									"rotationZ": -10.0,
									"faces": {
										"up": { "texture": "#mint", "uv": [ 3.0, 8.5, 7.5, 16.0 ], "rotation": 90, "autoUv": false, "windMode": [1,1,-1,-1] }
									},
									"children": [
										{
											"name": "leaf220",
											"from": [ 0.0, 0.1, 0.0 ],
											"to": [ 3.0, 0.1, 2.0 ],
											"renderPass": 1,
											"rotationOrigin": [ 0.0, 0.1, 1.025 ],
											"rotationX": -180.0,
											"rotationZ": -200.0,
											"faces": {
												"up": { "texture": "#mint", "uv": [ 3.0, 8.5, 7.5, 16.0 ], "rotation": 90, "autoUv": false, "windMode": [1,1,-1,-1] }
											}
										}
									]
								}
							]
						},
						{
							"name": "leafgroup44",
							"from": [ 0.075, 3.0, 0.0 ],
							"to": [ 0.075, 3.0, 0.0 ],
							"rotationOrigin": [ 0.07, 3.0, 0.07 ],
							"rotationY": -35.0,
							"faces": {
							},
							"children": [
								{
									"name": "leaf221",
									"from": [ 0.0, 3.0, -0.95 ],
									"to": [ 3.0, 3.0, 1.05 ],
									"renderPass": 1,
									"rotationOrigin": [ 0.0, 3.0, 0.075 ],
									"rotationZ": -10.0,
									"faces": {
										"up": { "texture": "#mint", "uv": [ 3.0, 8.5, 7.5, 16.0 ], "rotation": 90, "autoUv": false, "windMode": [1,1,-1,-1] }
									},
									"children": [
										{
											"name": "leaf222",
											"from": [ 0.0, 0.1, 0.0 ],
											"to": [ 3.0, 0.1, 2.0 ],
											"renderPass": 1,
											"rotationOrigin": [ 0.0, 0.1, 1.025 ],
											"rotationX": -180.0,
											"rotationZ": -200.0,
											"faces": {
												"up": { "texture": "#mint", "uv": [ 3.0, 8.5, 7.5, 16.0 ], "rotation": 90, "autoUv": false, "windMode": [1,1,-1,-1] }
											}
										}
									]
								},
								{
									"name": "leaf223",
									"from": [ 0.0, 3.3, -0.95 ],
									"to": [ 3.0, 3.3, 1.05 ],
									"renderPass": 1,
									"rotationOrigin": [ 0.0, 3.3, 0.075 ],
									"rotationY": 90.0,
									"rotationZ": -10.0,
									"faces": {
										"up": { "texture": "#mint", "uv": [ 3.0, 8.5, 7.5, 16.0 ], "rotation": 90, "autoUv": false, "windMode": [1,1,-1,-1] }
									},
									"children": [
										{
											"name": "leaf224",
											"from": [ 0.0, 0.1, 0.0 ],
											"to": [ 3.0, 0.1, 2.0 ],
											"renderPass": 1,
											"rotationOrigin": [ 0.0, 0.1, 1.025 ],
											"rotationX": -180.0,
											"rotationZ": -200.0,
											"faces": {
												"up": { "texture": "#mint", "uv": [ 3.0, 8.5, 7.5, 16.0 ], "rotation": 90, "autoUv": false, "windMode": [1,1,-1,-1] }
											}
										}
									]
								}
							]
						},
						{
							"name": "leafgroup45",
							"from": [ 0.075, 4.0, 0.0 ],
							"to": [ 0.075, 4.0, 0.0 ],
							"rotationOrigin": [ 0.07, 4.0, 0.0 ],
							"faces": {
							},
							"children": [
								{
									"name": "leaf225",
									"from": [ 0.0, 3.0, -0.95 ],
									"to": [ 3.0, 3.0, 1.05 ],
									"renderPass": 1,
									"rotationOrigin": [ 0.0, 3.0, 0.075 ],
									"rotationZ": -10.0,
									"faces": {
										"up": { "texture": "#mint", "uv": [ 3.0, 8.5, 7.5, 16.0 ], "rotation": 90, "autoUv": false, "windMode": [1,1,-1,-1] }
									},
									"children": [
										{
											"name": "leaf226",
											"from": [ 0.0, 0.1, 0.0 ],
											"to": [ 3.0, 0.1, 2.0 ],
											"renderPass": 1,
											"rotationOrigin": [ 0.0, 0.1, 1.025 ],
											"rotationX": -180.0,
											"rotationZ": -200.0,
											"faces": {
												"up": { "texture": "#mint", "uv": [ 3.0, 8.5, 7.5, 16.0 ], "rotation": 90, "autoUv": false, "windMode": [1,1,-1,-1] }
											}
										}
									]
								},
								{
									"name": "leaf227",
									"from": [ 0.0, 3.3, -0.95 ],
									"to": [ 3.0, 3.3, 1.05 ],
									"renderPass": 1,
									"rotationOrigin": [ 0.0, 3.3, 0.075 ],
									"rotationY": 90.0,
									"rotationZ": -10.0,
									"faces": {
										"up": { "texture": "#mint", "uv": [ 3.0, 8.5, 7.5, 16.0 ], "rotation": 90, "autoUv": false, "windMode": [1,1,-1,-1] }
									},
									"children": [
										{
											"name": "leaf228",
											"from": [ 0.0, 0.1, 0.0 ],
											"to": [ 3.0, 0.1, 2.0 ],
											"renderPass": 1,
											"rotationOrigin": [ 0.0, 0.1, 1.025 ],
											"rotationX": -180.0,
											"rotationZ": -200.0,
											"faces": {
												"up": { "texture": "#mint", "uv": [ 3.0, 8.5, 7.5, 16.0 ], "rotation": 90, "autoUv": false, "windMode": [1,1,-1,-1] }
											}
										}
									]
								}
							]
						},
						{
							"name": "smallleafgroup13",
							"from": [ 0.07, 5.4, 0.0 ],
							"to": [ 0.07, 5.4, 0.0 ],
							"rotationOrigin": [ 0.07, 5.4, 0.07 ],
							"rotationY": 45.0,
							"faces": {
							},
							"children": [
								{
									"name": "leaf229",
									"from": [ 0.0, 2.6, -0.42 ],
									"to": [ 1.5, 2.6, 0.58 ],
									"renderPass": 1,
									"rotationOrigin": [ 0.0, 2.7, 0.1 ],
									"rotationZ": -14.0,
									"faces": {
										"up": { "texture": "#mint", "uv": [ 3.0, 8.5, 7.5, 16.0 ], "rotation": 90, "autoUv": false, "windMode": [1,1,-1,-1] }
									},
									"children": [
										{
											"name": "leaf230",
											"from": [ 0.0, 0.0, 0.02 ],
											"to": [ 1.5, 0.0, 1.02 ],
											"renderPass": 1,
											"rotationOrigin": [ 0.0, 0.0, 0.5125 ],
											"rotationX": -180.0,
											"rotationZ": 150.5,
											"faces": {
												"up": { "texture": "#mint", "uv": [ 3.0, 8.5, 7.5, 16.0 ], "rotation": 90, "autoUv": false, "windMode": [1,1,-1,-1] }
											}
										}
									]
								},
								{
									"name": "leaf231",
									"from": [ 0.0, 2.63, -0.665 ],
									"to": [ 2.1, 2.63, 0.735 ],
									"renderPass": 1,
									"rotationOrigin": [ 0.0, 2.63, 0.0525 ],
									"rotationY": 90.0,
									"rotationZ": -13.5,
									"faces": {
										"up": { "texture": "#mint", "uv": [ 3.0, 8.5, 7.5, 16.0 ], "rotation": 90, "autoUv": false, "windMode": [1,1,-1,-1] }
									},
									"children": [
										{
											"name": "leaf232",
											"from": [ 0.0, 0.0, 0.0 ],
											"to": [ 2.1, 0.0, 1.4 ],
											"renderPass": 1,
											"rotationOrigin": [ 0.0, 0.0, 0.7175 ],
											"rotationX": -180.0,
											"rotationZ": 155.5,
											"faces": {
												"up": { "texture": "#mint", "uv": [ 3.0, 8.5, 7.5, 16.0 ], "rotation": 90, "autoUv": false, "windMode": [1,1,-1,-1] }
											}
										}
									]
								}
							]
						},
						{
							"name": "stalk21",
							"from": [ 0.0, 6.5, 0.0 ],
							"to": [ 0.15, 10.5, 0.15 ],
							"rotationOrigin": [ 0.0, 6.5, 0.0 ],
							"faces": {
								"north": { "texture": "#mint", "uv": [ 0.0, 4.5, 0.5, 8.5 ] },
								"east": { "texture": "#mint", "uv": [ 0.0, 2.0, 0.5, 6.0 ], "autoUv": false },
								"south": { "texture": "#mint", "uv": [ 0.5, 6.5, 1.0, 10.5 ] },
								"west": { "texture": "#mint", "uv": [ 0.0, 8.0, 0.5, 12.0 ] },
								"up": { "texture": "#mint", "uv": [ 0.0, 0.0, 0.5, 0.5 ] }
							},
							"children": [
								{
									"name": "stalk22",
									"from": [ 0.0, -4.0, 0.0 ],
									"to": [ 0.15, 0.0, 0.15 ],
									"rotationOrigin": [ 0.0, -4.0, 0.0 ],
									"faces": {
										"north": { "texture": "#mint", "uv": [ 0.0, 4.5, 0.5, 8.5 ] },
										"east": { "texture": "#mint", "uv": [ 0.0, 2.0, 0.5, 6.0 ], "autoUv": false },
										"south": { "texture": "#mint", "uv": [ 0.5, 6.5, 1.0, 10.5 ] },
										"west": { "texture": "#mint", "uv": [ 0.0, 8.0, 0.5, 12.0 ] },
										"up": { "texture": "#mint", "uv": [ 0.0, 0.0, 0.5, 0.5 ] }
									}
								},
								{
									"name": "stalk23",
									"from": [ 0.0, -6.5, 0.0 ],
									"to": [ 0.15, -4.0, 0.15 ],
									"rotationOrigin": [ 0.0, -6.5, 0.0 ],
									"faces": {
										"north": { "texture": "#mint", "uv": [ 0.0, 4.5, 0.5, 7.0 ] },
										"east": { "texture": "#mint", "uv": [ 0.0, 2.0, 0.5, 6.0 ], "autoUv": false },
										"south": { "texture": "#mint", "uv": [ 0.5, 6.5, 1.0, 9.0 ] },
										"west": { "texture": "#mint", "uv": [ 0.0, 8.0, 0.5, 10.5 ] },
										"up": { "texture": "#mint", "uv": [ 0.0, 0.0, 0.5, 0.5 ] }
									}
								}
							]
						},
						{
							"name": "bulb29",
							"from": [ -0.24, 10.2, -0.25 ],
							"to": [ 0.26, 10.7, 0.25 ],
							"rotationOrigin": [ -0.2, 10.2, -0.3 ],
							"rotationX": -14.0,
							"rotationZ": 8.0,
							"faces": {
								"north": { "texture": "#mint", "uv": [ 10.5, 0.0, 13.0, 2.5 ], "autoUv": false },
								"east": { "texture": "#mint", "uv": [ 10.5, 0.0, 13.0, 2.5 ], "autoUv": false },
								"south": { "texture": "#mint", "uv": [ 10.5, 0.0, 13.0, 2.5 ], "autoUv": false },
								"west": { "texture": "#mint", "uv": [ 10.5, 0.0, 13.0, 2.5 ], "autoUv": false },
								"up": { "texture": "#mint", "uv": [ 10.5, 0.0, 13.0, 2.5 ], "autoUv": false },
								"down": { "texture": "#mint", "uv": [ 13.0, 2.5, 10.5, 0.0 ], "autoUv": false }
							},
							"children": [
								{
									"name": "bulb30",
									"from": [ 0.2, 0.2, 0.2 ],
									"to": [ 0.7, 0.7, 0.7 ],
									"rotationOrigin": [ 0.24, 0.2, 0.15 ],
									"rotationX": 1.0,
									"rotationZ": -4.0,
									"faces": {
										"north": { "texture": "#mint", "uv": [ 10.5, 0.0, 13.0, 2.5 ], "autoUv": false },
										"east": { "texture": "#mint", "uv": [ 10.5, 0.0, 13.0, 2.5 ], "autoUv": false },
										"south": { "texture": "#mint", "uv": [ 10.5, 0.0, 13.0, 2.5 ], "autoUv": false },
										"west": { "texture": "#mint", "uv": [ 10.5, 0.0, 13.0, 2.5 ], "autoUv": false },
										"up": { "texture": "#mint", "uv": [ 10.5, 0.0, 13.0, 2.5 ], "autoUv": false },
										"down": { "texture": "#mint", "uv": [ 13.0, 2.5, 10.5, 0.0 ], "autoUv": false }
									}
								},
								{
									"name": "bulb31",
									"from": [ 0.1, -0.1, 0.3 ],
									"to": [ 0.6, 0.4, 0.8 ],
									"rotationOrigin": [ 0.14, -0.1, 0.25 ],
									"rotationX": 14.0,
									"rotationZ": 5.0,
									"faces": {
										"north": { "texture": "#mint", "uv": [ 10.5, 0.0, 13.0, 2.5 ], "autoUv": false },
										"east": { "texture": "#mint", "uv": [ 10.5, 0.0, 13.0, 2.5 ], "autoUv": false },
										"south": { "texture": "#mint", "uv": [ 10.5, 0.0, 13.0, 2.5 ], "autoUv": false },
										"west": { "texture": "#mint", "uv": [ 10.5, 0.0, 13.0, 2.5 ], "autoUv": false },
										"up": { "texture": "#mint", "uv": [ 10.5, 0.0, 13.0, 2.5 ], "autoUv": false },
										"down": { "texture": "#mint", "uv": [ 13.0, 2.5, 10.5, 0.0 ], "autoUv": false }
									}
								},
								{
									"name": "bulb32",
									"from": [ 0.2, -0.1, 0.1 ],
									"to": [ 0.7, 0.4, 0.6 ],
									"rotationOrigin": [ 0.24, -0.1, 0.05 ],
									"rotationX": -6.0,
									"rotationZ": -30.0,
									"faces": {
										"north": { "texture": "#mint", "uv": [ 10.5, 0.0, 13.0, 2.5 ], "autoUv": false },
										"east": { "texture": "#mint", "uv": [ 10.5, 0.0, 13.0, 2.5 ], "autoUv": false },
										"south": { "texture": "#mint", "uv": [ 10.5, 0.0, 13.0, 2.5 ], "autoUv": false },
										"west": { "texture": "#mint", "uv": [ 10.5, 0.0, 13.0, 2.5 ], "autoUv": false },
										"up": { "texture": "#mint", "uv": [ 10.5, 0.0, 13.0, 2.5 ], "autoUv": false },
										"down": { "texture": "#mint", "uv": [ 13.0, 2.5, 10.5, 0.0 ], "autoUv": false }
									}
								},
								{
									"name": "needle17",
									"from": [ 0.45, -0.35, -0.16 ],
									"to": [ 0.45, 0.9, 1.09 ],
									"renderPass": 1,
									"rotationOrigin": [ 0.3, -0.35, 0.53 ],
									"rotationY": 45.0,
									"faces": {
										"west": { "texture": "#mint", "uv": [ 3.0, 0.5, 9.5, 7.0 ], "autoUv": false, "windMode": [-1,-1,-1,-1] }
									},
									"children": [
										{
											"name": "needle18",
											"from": [ 0.0853, 0.0, 0.1264 ],
											"to": [ 0.0853, 1.25, 1.3764 ],
											"renderPass": 1,
											"rotationOrigin": [ 0.0056, 0.0, 0.7466 ],
											"rotationY": 89.9802,
											"faces": {
												"west": { "texture": "#mint", "uv": [ 3.0, 0.5, 9.5, 7.0 ], "autoUv": false, "windMode": [-1,-1,-1,-1] }
											}
										}
									]
								}
							]
						},
						{
							"name": "smallleafgroup14",
							"from": [ 0.0525, 7.85, 0.0 ],
							"to": [ 0.0525, 7.85, 0.0 ],
							"rotationOrigin": [ 0.0525, 7.85, 0.0525 ],
							"faces": {
							},
							"children": [
								{
									"name": "leaf233",
									"from": [ 0.0, 2.175, -0.315 ],
									"to": [ 1.125, 2.175, 0.435 ],
									"renderPass": 1,
									"rotationOrigin": [ 0.0, 2.25, 0.075 ],
									"rotationZ": -16.5,
									"faces": {
										"up": { "texture": "#mint", "uv": [ 3.0, 8.5, 7.5, 16.0 ], "rotation": 90, "autoUv": false, "windMode": [1,1,-1,-1] }
									},
									"children": [
										{
											"name": "leaf234",
											"from": [ 0.0, 0.0, 0.015 ],
											"to": [ 1.125, 0.0, 0.765 ],
											"renderPass": 1,
											"rotationOrigin": [ 0.0, 0.0, 0.3844 ],
											"rotationX": -180.0,
											"rotationZ": 141.0,
											"faces": {
												"up": { "texture": "#mint", "uv": [ 3.0, 8.5, 7.5, 16.0 ], "rotation": 90, "autoUv": false, "windMode": [1,1,-1,-1] }
											}
										}
									]
								},
								{
									"name": "leaf235",
									"from": [ 0.0, 2.1, -0.56 ],
									"to": [ 1.575, 2.1, 0.49 ],
									"renderPass": 1,
									"rotationOrigin": [ 0.1, 2.0975, 0.0394 ],
									"rotationY": 90.0,
									"rotationZ": -23.0,
									"faces": {
										"up": { "texture": "#mint", "uv": [ 3.0, 8.5, 7.5, 16.0 ], "rotation": 90, "autoUv": false, "windMode": [1,1,-1,-1] }
									},
									"children": [
										{
											"name": "leaf236",
											"from": [ 0.0, 0.0, 0.0 ],
											"to": [ 1.575, 0.0, 1.05 ],
											"renderPass": 1,
											"rotationOrigin": [ 0.0, 0.0, 0.5381 ],
											"rotationX": -180.0,
											"rotationZ": 135.0,
											"faces": {
												"up": { "texture": "#mint", "uv": [ 3.0, 8.5, 7.5, 16.0 ], "rotation": 90, "autoUv": false, "windMode": [1,1,-1,-1] }
											}
										}
									]
								}
							]
						},
						{
							"name": "bulb33",
							"from": [ -0.46, 8.2, 0.15 ],
							"to": [ 0.04, 8.7, 0.65 ],
							"rotationOrigin": [ -0.5, 8.2, 0.1 ],
							"rotationX": -8.0,
							"rotationY": 45.0,
							"rotationZ": -7.0,
							"faces": {
								"north": { "texture": "#mint", "uv": [ 10.5, 0.0, 13.0, 2.5 ], "autoUv": false },
								"east": { "texture": "#mint", "uv": [ 10.5, 0.0, 13.0, 2.5 ], "autoUv": false },
								"south": { "texture": "#mint", "uv": [ 10.5, 0.0, 13.0, 2.5 ], "autoUv": false },
								"west": { "texture": "#mint", "uv": [ 10.5, 0.0, 13.0, 2.5 ], "autoUv": false },
								"up": { "texture": "#mint", "uv": [ 10.5, 0.0, 13.0, 2.5 ], "autoUv": false },
								"down": { "texture": "#mint", "uv": [ 13.0, 2.5, 10.5, 0.0 ], "autoUv": false }
							},
							"children": [
								{
									"name": "bulb34",
									"from": [ 0.1, -0.1, 0.3 ],
									"to": [ 0.6, 0.4, 0.8 ],
									"rotationOrigin": [ 0.14, -0.1, 0.25 ],
									"rotationX": 16.0,
									"rotationZ": 9.0,
									"faces": {
										"north": { "texture": "#mint", "uv": [ 10.5, 0.0, 13.0, 2.5 ], "autoUv": false },
										"east": { "texture": "#mint", "uv": [ 10.5, 0.0, 13.0, 2.5 ], "autoUv": false },
										"south": { "texture": "#mint", "uv": [ 10.5, 0.0, 13.0, 2.5 ], "autoUv": false },
										"west": { "texture": "#mint", "uv": [ 10.5, 0.0, 13.0, 2.5 ], "autoUv": false },
										"up": { "texture": "#mint", "uv": [ 10.5, 0.0, 13.0, 2.5 ], "autoUv": false },
										"down": { "texture": "#mint", "uv": [ 13.0, 2.5, 10.5, 0.0 ], "autoUv": false }
									}
								},
								{
									"name": "bulb35",
									"from": [ 0.3, -0.2, 0.1 ],
									"to": [ 0.8, 0.3, 0.6 ],
									"rotationOrigin": [ 0.34, -0.2, 0.05 ],
									"rotationX": -8.0,
									"rotationZ": -4.0,
									"faces": {
										"north": { "texture": "#mint", "uv": [ 10.5, 0.0, 13.0, 2.5 ], "autoUv": false },
										"east": { "texture": "#mint", "uv": [ 10.5, 0.0, 13.0, 2.5 ], "autoUv": false },
										"south": { "texture": "#mint", "uv": [ 10.5, 0.0, 13.0, 2.5 ], "autoUv": false },
										"west": { "texture": "#mint", "uv": [ 10.5, 0.0, 13.0, 2.5 ], "autoUv": false },
										"up": { "texture": "#mint", "uv": [ 10.5, 0.0, 13.0, 2.5 ], "autoUv": false },
										"down": { "texture": "#mint", "uv": [ 13.0, 2.5, 10.5, 0.0 ], "autoUv": false }
									}
								},
								{
									"name": "needle19",
									"from": [ 0.3787, -0.5, -0.2167 ],
									"to": [ 0.3787, 0.75, 1.0333 ],
									"renderPass": 1,
									"rotationOrigin": [ 0.2287, -0.45, 0.4733 ],
									"faces": {
										"west": { "texture": "#mint", "uv": [ 3.0, 0.5, 9.5, 7.0 ], "autoUv": false, "windMode": [-1,-1,-1,-1] }
									},
									"children": [
										{
											"name": "needle20",
											"from": [ 0.0853, 0.0, 0.1264 ],
											"to": [ 0.0853, 1.25, 1.3764 ],
											"renderPass": 1,
											"rotationOrigin": [ 0.0056, 0.0, 0.7466 ],
											"rotationY": 89.9802,
											"faces": {
												"west": { "texture": "#mint", "uv": [ 3.0, 0.5, 9.5, 7.0 ], "autoUv": false, "windMode": [-1,-1,-1,-1] }
											}
										}
									]
								}
							]
						}
					]
				}
			]
		}
	]}