{
	"editor": {
		"backDropShape": "entity/humanoid/seraph-hairless",
		"collapsedPaths": "",
		"allAngles": true,
		"entityTextureMode": true
	},
	"textureWidth": 64,
	"textureHeight": 64,
	"textureSizes": {
	},
	"textures": {
		"material": "game:entity/humanoid/serapharmor/plate/meteoriciron"
	},
	"elements": [
		{
			"name": "ArmorHelmet",
			"stepParentName": "Head",
			"from": [ -0.2, -0.5, -0.6 ],
			"to": [ 5.9, 5.5, 5.7 ],
			"unwrapMode": 4,
			"uv": [ 27.0, 14.5 ],
			"rotationOrigin": [ -0.2, -0.5, -0.6 ],
			"faces": {
				"north": { "texture": "#material", "uv": [ 27.0, 20.5, 33.0, 26.5 ] },
				"east": { "texture": "#material", "uv": [ 45.0, 20.5, 51.0, 26.5 ] },
				"south": { "texture": "#material", "uv": [ 39.0, 20.5, 45.0, 26.5 ] },
				"west": { "texture": "#material", "uv": [ 33.0, 20.5, 39.0, 26.5 ] },
				"up": { "texture": "#material", "uv": [ 33.0, 14.5, 39.0, 20.5 ], "rotation": 90 },
				"down": { "texture": "#material", "uv": [ 33.0, 26.5, 39.0, 32.5 ], "rotation": 90 }
			},
			"children": [
				{
					"name": "Hinge",
					"from": [ 0.0, 4.3, 0.0 ],
					"to": [ 0.0, 4.3, 0.0 ],
					"uv": [ 0.0, 0.0 ],
					"rotationOrigin": [ 0.0, 4.3, 0.0 ],
					"faces": {
					},
					"children": [
						{
							"name": "ArmorFace",
							"from": [ -1.5, -3.9, 0.1 ],
							"to": [ 1.5, -0.9, 6.1 ],
							"autoUnwrap": false,
							"uv": [ 47.5, 25.0 ],
							"rotationOrigin": [ 0.0, -2.4, 3.1 ],
							"rotationZ": 45.0,
							"faces": {
								"west": { "texture": "#material", "uv": [ 34.0, 10.5, 40.0, 13.5 ] },
								"up": { "texture": "#material", "uv": [ 34.0, 7.5, 40.0, 10.5 ], "rotation": 90 }
							},
							"children": [
								{
									"name": "ArmorNasal",
									"from": [ 1.0, 3.001, 2.5 ],
									"to": [ 3.6, 3.501, 3.5 ],
									"autoUnwrap": false,
									"uv": [ 39.5, 27.0 ],
									"rotationOrigin": [ 1.0, 3.0, 3.0 ],
									"faces": {
										"north": { "texture": "#material", "uv": [ 39.5, 28.0, 42.0, 28.5 ] },
										"east": { "texture": "#material", "uv": [ 0.0, 0.0, 1.0, 0.5 ], "windMode": [-1,-1,-1,-1], "windData": [1,1,1,1] },
										"south": { "texture": "#material", "uv": [ 42.0, 28.0, 44.5, 28.5 ] },
										"west": { "texture": "#material", "uv": [ 44.5, 28.0, 45.5, 28.5 ] },
										"up": { "texture": "#material", "uv": [ 39.5, 27.0, 42.0, 28.0 ] },
										"down": { "texture": "#material", "uv": [ 39.5, 27.0, 42.5, 28.0 ], "autoUv": false, "windMode": [-1,-1,-1,-1], "windData": [1,1,1,1] }
									}
								},
								{
									"name": "ArmorFaceRim",
									"from": [ 0.0, -0.5, -0.001 ],
									"to": [ 4.24, 0.0, 6.001 ],
									"uv": [ 1.0, 11.5 ],
									"rotationOrigin": [ 0.0, 0.0, 0.0 ],
									"rotationZ": 45.0,
									"faces": {
										"north": { "texture": "#material", "uv": [ 1.0, 11.5, 5.0, 12.0 ] },
										"east": { "texture": "#material", "uv": [ 5.0, 11.5, 11.0, 12.0 ] },
										"south": { "texture": "#material", "uv": [ 11.0, 11.5, 15.0, 12.0 ] },
										"west": { "texture": "#material", "uv": [ 15.0, 11.5, 21.0, 12.0 ] }
									}
								}
							]
						},
						{
							"name": "ArmorFace2",
							"from": [ -1.5, -3.9, 0.1 ],
							"to": [ -1.0, -0.9, 6.1 ],
							"autoUnwrap": false,
							"uv": [ 47.5, 25.0 ],
							"rotationOrigin": [ 0.0, -2.4, 3.1 ],
							"rotationZ": 45.0,
							"faces": {
								"north": { "texture": "#material", "uv": [ 33.5, 9.0, 34.0, 12.0 ] },
								"south": { "texture": "#material", "uv": [ 40.0, 9.0, 40.5, 12.0 ] }
							}
						},
						{
							"name": "ArmorFace3",
							"from": [ -1.0, -3.4, 0.1 ],
							"to": [ -0.5, -0.9, 6.1 ],
							"autoUnwrap": false,
							"uv": [ 47.5, 25.0 ],
							"rotationOrigin": [ 0.0, -2.4, 3.1 ],
							"rotationZ": 45.0,
							"faces": {
								"north": { "texture": "#material", "uv": [ 33.0, 9.0, 33.5, 11.5 ], "autoUv": false, "windMode": [-1,-1,-1,-1], "windData": [1,1,1,1] },
								"south": { "texture": "#material", "uv": [ 40.5, 9.0, 41.0, 11.5 ], "autoUv": false, "windMode": [-1,-1,-1,-1], "windData": [1,1,1,1] }
							}
						},
						{
							"name": "ArmorFace4",
							"from": [ -0.5, -2.9, 0.1 ],
							"to": [ 0.0, -0.9, 6.1 ],
							"autoUnwrap": false,
							"uv": [ 47.5, 25.0 ],
							"rotationOrigin": [ 0.0, -2.4, 3.1 ],
							"rotationZ": 45.0,
							"faces": {
								"north": { "texture": "#material", "uv": [ 32.5, 9.0, 33.0, 11.0 ], "autoUv": false, "windMode": [-1,-1,-1,-1], "windData": [1,1,1,1] },
								"south": { "texture": "#material", "uv": [ 41.0, 9.0, 41.5, 11.0 ], "autoUv": false, "windMode": [-1,-1,-1,-1], "windData": [1,1,1,1] }
							}
						},
						{
							"name": "ArmorFace5",
							"from": [ 0.0, -2.4, 0.1 ],
							"to": [ 0.5, -0.9, 6.1 ],
							"autoUnwrap": false,
							"uv": [ 47.5, 25.0 ],
							"rotationOrigin": [ 0.0, -2.4, 3.1 ],
							"rotationZ": 45.0,
							"faces": {
								"north": { "texture": "#material", "uv": [ 32.0, 9.0, 32.5, 10.5 ], "autoUv": false, "windMode": [-1,-1,-1,-1], "windData": [1,1,1,1] },
								"south": { "texture": "#material", "uv": [ 41.5, 9.0, 42.0, 10.5 ], "autoUv": false, "windMode": [-1,-1,-1,-1], "windData": [1,1,1,1] }
							}
						},
						{
							"name": "ArmorFace6",
							"from": [ 0.5, -1.9, 0.1 ],
							"to": [ 1.0, -0.9, 6.1 ],
							"autoUnwrap": false,
							"uv": [ 47.5, 25.0 ],
							"rotationOrigin": [ 0.0, -2.4, 3.1 ],
							"rotationZ": 45.0,
							"faces": {
								"north": { "texture": "#material", "uv": [ 31.5, 9.0, 32.0, 10.0 ], "autoUv": false, "windMode": [-1,-1,-1,-1], "windData": [1,1,1,1] },
								"south": { "texture": "#material", "uv": [ 42.0, 9.0, 42.5, 10.0 ], "autoUv": false, "windMode": [-1,-1,-1,-1], "windData": [1,1,1,1] }
							}
						},
						{
							"name": "ArmorFace7",
							"from": [ 1.0, -1.4, 0.1 ],
							"to": [ 1.5, -0.9, 6.1 ],
							"autoUnwrap": false,
							"uv": [ 47.5, 25.0 ],
							"rotationOrigin": [ 0.0, -2.4, 3.1 ],
							"rotationZ": 45.0,
							"faces": {
								"north": { "texture": "#material", "uv": [ 31.0, 9.0, 31.5, 9.5 ], "autoUv": false, "windMode": [-1,-1,-1,-1], "windData": [1,1,1,1] },
								"south": { "texture": "#material", "uv": [ 42.5, 9.0, 43.0, 9.5 ], "autoUv": false, "windMode": [-1,-1,-1,-1], "windData": [1,1,1,1] }
							}
						}
					]
				}
			]
		},
		{
			"name": "ArmorNeck",
			"stepParentName": "Neck",
			"from": [ -0.3, 0.6, -0.3 ],
			"to": [ 3.3, 2.4, 3.3 ],
			"unwrapMode": 4,
			"uv": [ 12.0, 5.5 ],
			"rotationOrigin": [ -0.3, 2.6, -0.3 ],
			"faces": {
				"north": { "texture": "#material", "uv": [ 12.0, 5.5, 15.5, 7.0 ] },
				"east": { "texture": "#material", "uv": [ 22.5, 5.5, 26.0, 7.0 ] },
				"south": { "texture": "#material", "uv": [ 19.0, 5.5, 22.5, 7.0 ] },
				"west": { "texture": "#material", "uv": [ 15.5, 5.5, 19.0, 7.0 ] }
			}
		}
	]}