{
	"editor": {
		"backDropShape": "entity/humanoid/seraph-hairless",
		"collapsedPaths": "",
		"allAngles": true,
		"entityTextureMode": true
	},
	"textureWidth": 64,
	"textureHeight": 64,
	"textureSizes": {
	},
	"textures": {
		"material": "game:entity/humanoid/serapharmor/blackguard/blackguard-pristine"
	},
	"elements": [
		{
			"name": "ArmorHead",
			"stepParentName": "Head",
			"from": [ -0.4, -0.3, -0.6 ],
			"to": [ 6.3, 5.5, 5.6 ],
			"autoUnwrap": false,
			"uv": [ 7.0, 0.0 ],
			"rotationOrigin": [ -0.1, -0.2, 2.6 ],
			"faces": {
				"north": { "texture": "#material", "uv": [ 0.0, 6.0, 5.5, 11.0 ], "autoUv": false },
				"east": { "texture": "#material", "uv": [ 17.0, 6.0, 22.0, 11.0 ], "autoUv": false },
				"south": { "texture": "#material", "uv": [ 11.5, 6.0, 17.0, 11.0 ], "autoUv": false },
				"west": { "texture": "#material", "uv": [ 5.5, 6.0, 11.5, 11.0 ], "autoUv": false },
				"up": { "texture": "#material", "uv": [ 6.0, 0.0, 11.0, 6.0 ], "rotation": 90, "autoUv": false },
				"down": { "texture": "#material", "uv": [ 0.5, 0.0, 5.5, 6.0 ], "rotation": 90, "autoUv": false }
			},
			"children": [
				{
					"name": "ArmorNeck",
					"stepParentName": "Neck",
					"from": [ -0.1, 0.8, -0.1 ],
					"to": [ 3.1, 2.4, 3.1 ],
					"autoUnwrap": false,
					"uv": [ 11.5, 3.0 ],
					"rotationOrigin": [ -0.1, 0.8, 1.5 ],
					"faces": {
						"north": { "texture": "#material", "uv": [ 11.0, 0.0, 14.0, 1.5 ] },
						"east": { "texture": "#material", "uv": [ 20.0, 0.0, 23.0, 1.5 ] },
						"south": { "texture": "#material", "uv": [ 17.0, 0.0, 20.0, 1.5 ] },
						"west": { "texture": "#material", "uv": [ 14.0, 0.0, 17.0, 1.5 ] }
					}
				},
				{
					"name": "ArmorHeadCrest1",
					"from": [ 0.3, 5.4, 2.85 ],
					"to": [ 0.9, 6.4, 3.35 ],
					"uv": [ 12.5, 1.5 ],
					"rotationOrigin": [ -0.2, 6.9, 2.8 ],
					"faces": {
						"north": { "texture": "#material", "uv": [ 12.5, 2.0, 13.0, 3.0 ] },
						"east": { "texture": "#material", "uv": [ 13.0, 2.0, 13.5, 3.0 ] },
						"south": { "texture": "#material", "uv": [ 13.5, 2.0, 14.0, 3.0 ], "rotation": 180 },
						"west": { "texture": "#material", "uv": [ 14.0, 2.0, 14.5, 3.0 ] },
						"up": { "texture": "#material", "uv": [ 12.5, 1.5, 13.0, 2.0 ] }
					}
				},
				{
					"name": "ArmorHeadCrest2",
					"from": [ 1.2, 5.4, 2.85 ],
					"to": [ 1.8, 6.4, 3.35 ],
					"uv": [ 12.5, 3.0 ],
					"rotationOrigin": [ 0.8, 4.9, 2.8 ],
					"faces": {
						"north": { "texture": "#material", "uv": [ 12.5, 3.5, 13.0, 4.5 ] },
						"east": { "texture": "#material", "uv": [ 13.0, 3.5, 13.5, 4.5 ] },
						"south": { "texture": "#material", "uv": [ 13.5, 3.5, 14.0, 4.5 ], "rotation": 180 },
						"west": { "texture": "#material", "uv": [ 14.0, 3.5, 14.5, 4.5 ] },
						"up": { "texture": "#material", "uv": [ 12.5, 3.0, 13.0, 3.5 ] }
					}
				},
				{
					"name": "ArmorHeadCrest3",
					"from": [ 2.15, 5.4, 2.85 ],
					"to": [ 2.75, 6.4, 3.35 ],
					"uv": [ 14.5, 1.5 ],
					"rotationOrigin": [ 1.8, 4.9, 2.8 ],
					"faces": {
						"north": { "texture": "#material", "uv": [ 14.5, 2.0, 15.0, 3.0 ] },
						"east": { "texture": "#material", "uv": [ 15.0, 2.0, 15.5, 3.0 ] },
						"south": { "texture": "#material", "uv": [ 15.5, 2.0, 16.0, 3.0 ], "rotation": 180 },
						"west": { "texture": "#material", "uv": [ 16.0, 2.0, 16.5, 3.0 ] },
						"up": { "texture": "#material", "uv": [ 14.5, 1.5, 15.0, 2.0 ] }
					}
				},
				{
					"name": "ArmorHeadCrest4",
					"from": [ 3.1, 5.4, 2.85 ],
					"to": [ 3.7, 6.4, 3.35 ],
					"uv": [ 14.5, 3.0 ],
					"rotationOrigin": [ 2.8, 4.9, 2.8 ],
					"faces": {
						"north": { "texture": "#material", "uv": [ 14.5, 3.5, 15.0, 4.5 ] },
						"east": { "texture": "#material", "uv": [ 15.0, 3.5, 15.5, 4.5 ] },
						"south": { "texture": "#material", "uv": [ 15.5, 3.5, 16.0, 4.5 ], "rotation": 180 },
						"west": { "texture": "#material", "uv": [ 16.0, 3.5, 16.5, 4.5 ] },
						"up": { "texture": "#material", "uv": [ 14.5, 3.0, 15.0, 3.5 ] }
					}
				},
				{
					"name": "ArmorHeadCrest5",
					"from": [ 4.2, 5.4, 2.85 ],
					"to": [ 4.8, 6.4, 3.35 ],
					"uv": [ 16.5, 3.0 ],
					"rotationOrigin": [ 3.8, 4.9, 2.8 ],
					"faces": {
						"north": { "texture": "#material", "uv": [ 16.5, 3.5, 17.0, 4.5 ] },
						"east": { "texture": "#material", "uv": [ 17.0, 3.5, 17.5, 4.5 ] },
						"south": { "texture": "#material", "uv": [ 17.5, 3.5, 18.0, 4.5 ], "rotation": 180 },
						"west": { "texture": "#material", "uv": [ 18.0, 3.5, 18.5, 4.5 ] },
						"up": { "texture": "#material", "uv": [ 16.5, 3.0, 17.0, 3.5 ] }
					}
				},
				{
					"name": "ArmorHeadCrest6",
					"from": [ 5.2, 5.4, 2.85 ],
					"to": [ 5.8, 6.4, 3.35 ],
					"uv": [ 16.5, 1.5 ],
					"rotationOrigin": [ 4.8, 4.9, 2.8 ],
					"faces": {
						"north": { "texture": "#material", "uv": [ 16.5, 2.0, 17.0, 3.0 ] },
						"east": { "texture": "#material", "uv": [ 17.0, 2.0, 17.5, 3.0 ] },
						"south": { "texture": "#material", "uv": [ 17.5, 2.0, 18.0, 3.0 ], "rotation": 180 },
						"west": { "texture": "#material", "uv": [ 18.0, 2.0, 18.5, 3.0 ] },
						"up": { "texture": "#material", "uv": [ 16.5, 1.5, 17.0, 2.0 ] }
					}
				},
				{
					"name": "Hinge",
					"from": [ 0.0, 5.25, 3.1 ],
					"to": [ 0.0, 5.25, 3.1 ],
					"uv": [ 0.0, 0.0 ],
					"rotationOrigin": [ 0.0, 5.25, 3.1 ],
					"faces": {
					},
					"children": [
						{
							"name": "ArmorVisor",
							"from": [ -1.6, -4.25, -2.6 ],
							"to": [ 1.9, -0.25, 2.6 ],
							"autoUnwrap": false,
							"uv": [ 16.0, -0.5 ],
							"rotationOrigin": [ 0.0, -2.25, -0.5 ],
							"rotationZ": -45.0,
							"faces": {
								"west": { "texture": "#material", "uv": [ 25.5, 0.5, 30.5, 3.5 ], "autoUv": false },
								"down": { "texture": "#material", "uv": [ 25.5, 3.5, 30.5, 6.5 ], "rotation": 90, "autoUv": false }
							}
						},
						{
							"name": "ArmorVisor2",
							"from": [ 0.0, -5.0, -2.61 ],
							"to": [ 0.6, 0.0, 2.61 ],
							"autoUnwrap": false,
							"uv": [ 30.0, 11.0 ],
							"rotationOrigin": [ 0.0, 0.0, -2.6 ],
							"rotationZ": -0.8,
							"faces": {
								"north": { "texture": "#material", "uv": [ 12.0, 6.0, 17.0, 6.5 ], "rotation": 90 },
								"east": { "texture": "#material", "uv": [ 52.0, 0.5, 57.0, 5.5 ], "windMode": [-1,-1,-1,-1], "windData": [1,1,1,1] },
								"south": { "texture": "#material", "uv": [ 12.0, 7.0, 17.0, 7.5 ], "rotation": 90 },
								"down": { "texture": "#material", "uv": [ 12.0, 6.5, 17.0, 7.0 ], "rotation": 90 }
							}
						},
						{
							"name": "ArmorVisor3",
							"from": [ -1.6, -4.25, -2.6 ],
							"to": [ 1.9, -3.58, 2.6 ],
							"autoUnwrap": false,
							"uv": [ 16.0, -0.5 ],
							"rotationOrigin": [ 0.0, -2.25, -0.5 ],
							"rotationZ": -45.0,
							"faces": {
								"north": { "texture": "#material", "uv": [ 22.5, 4.5, 25.5, 5.0 ], "autoUv": false },
								"south": { "texture": "#material", "uv": [ 30.5, 4.5, 33.5, 5.0 ], "autoUv": false }
							}
						},
						{
							"name": "ArmorVisor4",
							"from": [ -1.6, -3.58, -2.6001 ],
							"to": [ 1.3, -2.91, 2.6001 ],
							"autoUnwrap": false,
							"uv": [ 16.0, -0.5 ],
							"rotationOrigin": [ 0.0, -2.25, -0.5 ],
							"rotationZ": -45.0,
							"faces": {
								"north": { "texture": "#material", "uv": [ 23.0, 4.0, 25.5, 4.5 ], "autoUv": false, "windMode": [-1,-1,-1,-1], "windData": [1,1,1,1] },
								"south": { "texture": "#material", "uv": [ 30.5, 4.0, 33.0, 4.5 ], "autoUv": false, "windMode": [-1,-1,-1,-1], "windData": [1,1,1,1] }
							}
						},
						{
							"name": "ArmorVisor5",
							"from": [ -1.6, -2.92, -2.6 ],
							"to": [ 0.7, -2.25, 2.6 ],
							"autoUnwrap": false,
							"uv": [ 16.0, -0.5 ],
							"rotationOrigin": [ 0.0, -2.25, -0.5 ],
							"rotationZ": -45.0,
							"faces": {
								"north": { "texture": "#material", "uv": [ 23.5, 3.5, 25.5, 4.0 ], "autoUv": false, "windMode": [-1,-1,-1,-1], "windData": [1,1,1,1] },
								"south": { "texture": "#material", "uv": [ 30.5, 3.5, 32.5, 4.0 ], "autoUv": false, "windMode": [-1,-1,-1,-1], "windData": [1,1,1,1] }
							}
						},
						{
							"name": "ArmorVisor6",
							"from": [ -1.6, -2.25, -2.6001 ],
							"to": [ 0.1, -1.58, 2.6001 ],
							"autoUnwrap": false,
							"uv": [ 16.0, -0.5 ],
							"rotationOrigin": [ 0.0, -2.25, -0.5 ],
							"rotationZ": -45.0,
							"faces": {
								"north": { "texture": "#material", "uv": [ 24.0, 3.0, 25.5, 3.5 ], "autoUv": false, "windMode": [-1,-1,-1,-1], "windData": [1,1,1,1] },
								"south": { "texture": "#material", "uv": [ 30.5, 3.0, 32.0, 3.5 ], "autoUv": false, "windMode": [-1,-1,-1,-1], "windData": [1,1,1,1] }
							}
						},
						{
							"name": "ArmorVisor7",
							"from": [ -1.6, -1.59, -2.6 ],
							"to": [ -0.5, -0.92, 2.6 ],
							"autoUnwrap": false,
							"uv": [ 16.0, -0.5 ],
							"rotationOrigin": [ 0.0, -2.25, -0.5 ],
							"rotationZ": -45.0,
							"faces": {
								"north": { "texture": "#material", "uv": [ 24.5, 2.5, 25.5, 3.0 ], "autoUv": false, "windMode": [-1,-1,-1,-1], "windData": [1,1,1,1] },
								"south": { "texture": "#material", "uv": [ 30.5, 2.5, 31.5, 3.0 ], "autoUv": false, "windMode": [-1,-1,-1,-1], "windData": [1,1,1,1] }
							}
						},
						{
							"name": "ArmorVisor8",
							"from": [ -1.6, -0.93, -2.6001 ],
							"to": [ -1.1, -0.26, 2.6001 ],
							"autoUnwrap": false,
							"uv": [ 16.0, -0.5 ],
							"rotationOrigin": [ 0.0, -2.25, -0.5 ],
							"rotationZ": -45.0,
							"faces": {
								"north": { "texture": "#material", "uv": [ 25.0, 2.0, 25.5, 2.5 ], "autoUv": false, "windMode": [-1,-1,-1,-1], "windData": [1,1,1,1] },
								"south": { "texture": "#material", "uv": [ 30.5, 2.0, 31.0, 2.5 ], "autoUv": false, "windMode": [-1,-1,-1,-1], "windData": [1,1,1,1] }
							}
						}
					]
				}
			]
		}
	]}