{
	"editor": {
		"backDropShape": "entity/humanoid/seraph-hairless",
		"collapsedPaths": ",Root/ArmorHelmet/PointedFace",
		"allAngles": true,
		"entityTextureMode": true
	},
	"textureWidth": 64,
	"textureHeight": 64,
	"textureSizes": {
	},
	"textures": {
		"material": "visorhelmets:plate/meteoriciron"
	},
	"elements": [
		{
			"name": "ArmorHelmet",
			"stepParentName": "Head",
			"from": [ -0.2, -0.5, -0.6 ],
			"to": [ 5.9, 5.5, 5.7 ],
			"unwrapMode": 4,
			"uv": [ 27.0, 14.5 ],
			"rotationOrigin": [ -0.2, -0.5, -0.6 ],
			"faces": {
				"north": { "texture": "#material", "uv": [ 27.0, 20.5, 33.0, 26.5 ] },
				"east": { "texture": "#material", "uv": [ 45.0, 20.5, 51.0, 26.5 ] },
				"south": { "texture": "#material", "uv": [ 39.0, 20.5, 45.0, 26.5 ] },
				"west": { "texture": "#material", "uv": [ 33.0, 20.5, 39.0, 26.5 ] },
				"up": { "texture": "#material", "uv": [ 33.0, 14.5, 39.0, 20.5 ], "rotation": 90 },
				"down": { "texture": "#material", "uv": [ 33.0, 26.5, 39.0, 32.5 ], "rotation": 90 }
			},
			"children": [
				{
					"name": "Hinge",
					"from": [ 3.3, 3.8, 0.0 ],
					"to": [ 3.3, 3.8, 0.0 ],
					"uv": [ 0.0, 0.0 ],
					"rotationOrigin": [ 3.3, 3.8, 0.0 ],
					"faces": {
						"north": { "texture": "#material", "uv": [ 0.0, 0.5, 0.5, 1.0 ] },
						"east": { "texture": "#material", "uv": [ 0.5, 0.5, 1.0, 1.0 ] },
						"south": { "texture": "#material", "uv": [ 1.0, 0.5, 1.5, 1.0 ] },
						"west": { "texture": "#material", "uv": [ 1.5, 0.5, 2.0, 1.0 ] },
						"up": { "texture": "#material", "uv": [ 0.0, 0.0, 0.5, 0.5 ] },
						"down": { "texture": "#material", "uv": [ 0.5, 0.0, 1.0, 0.5 ] }
					},
					"children": [
						{
							"name": "Visor",
							"from": [ -3.301, -3.801, -0.025 ],
							"to": [ 2.801, 2.201, 6.325 ],
							"unwrapMode": 4,
							"autoUnwrap": false,
							"uv": [ 39.0, 26.5 ],
							"rotationOrigin": [ -3.3, -3.8, 0.0 ],
							"faces": {
								"north": { "texture": "#material", "uv": [ 39.0, 26.5, 45.0, 32.5 ] },
								"south": { "texture": "#material", "uv": [ 51.0, 26.5, 57.0, 32.5 ] },
								"west": { "texture": "#material", "uv": [ 45.0, 26.5, 51.0, 32.5 ] },
								"down": { "texture": "#material", "uv": [ 45.0, 32.0, 51.0, 38.0 ], "rotation": 90, "windMode": [-1,-1,-1,-1], "windData": [1,1,1,1] }
							},
							"children": [
								{
									"name": "PointedFace",
									"from": [ 0.0, 0.0, 0.0 ],
									"to": [ 0.0, 0.0, 0.0 ],
									"uv": [ 0.0, 0.0 ],
									"faces": {
										"north": { "texture": "#material", "uv": [ 0.0, 0.5, 0.5, 1.0 ] },
										"east": { "texture": "#material", "uv": [ 0.5, 0.5, 1.0, 1.0 ] },
										"south": { "texture": "#material", "uv": [ 1.0, 0.5, 1.5, 1.0 ] },
										"west": { "texture": "#material", "uv": [ 1.5, 0.5, 2.0, 1.0 ] },
										"up": { "texture": "#material", "uv": [ 0.0, 0.0, 0.5, 0.5 ] },
										"down": { "texture": "#material", "uv": [ 0.5, 0.0, 1.0, 0.5 ] }
									},
									"children": [
										{
											"name": "Crest_Front",
											"from": [ -2.0, 2.9, 2.86 ],
											"to": [ -1.0, 6.4, 3.48 ],
											"autoUnwrap": false,
											"uv": [ 53.5, 22.0 ],
											"rotationOrigin": [ -2.0, 2.9, 2.8 ],
											"rotationZ": -8.0,
											"faces": {
												"north": { "texture": "#material", "uv": [ 45.5, 25.5, 49.0, 26.5 ], "rotation": 270 },
												"south": { "texture": "#material", "uv": [ 46.0, 25.5, 49.5, 26.5 ], "rotation": 90 },
												"west": { "texture": "#material", "uv": [ 42.5, 22.5, 43.0, 26.0 ] },
												"up": { "texture": "#material", "uv": [ 49.5, 26.0, 50.5, 26.5 ] },
												"down": { "texture": "#material", "uv": [ 49.5, 26.0, 50.5, 26.5 ] }
											}
										},
										{
											"name": "EyeParter",
											"from": [ -2.0, 2.4, 2.86 ],
											"to": [ -1.2, 2.9, 3.48 ],
											"autoUnwrap": false,
											"uv": [ 55.5, 24.0 ],
											"rotationOrigin": [ -2.0, 2.9, 2.8 ],
											"rotationZ": -8.0,
											"faces": {
												"north": { "texture": "#material", "uv": [ 42.5, 24.0, 43.0, 24.5 ] },
												"south": { "texture": "#material", "uv": [ 42.5, 22.5, 43.0, 23.0 ] },
												"west": { "texture": "#material", "uv": [ 29.0, 23.0, 29.5, 23.5 ] }
											}
										},
										{
											"name": "PointedFace_Left2",
											"from": [ 0.01, 2.5, 4.8 ],
											"to": [ 0.21, 3.0, 6.3 ],
											"uv": [ 34.5, 16.0 ],
											"renderInEditor": false,
											"rotationOrigin": [ 0.0, 2.5, 6.3 ],
											"rotationY": 22.0,
											"rotationZ": -3.0,
											"faces": {
												"north": { "texture": "#material", "uv": [ 34.5, 17.5, 35.0, 18.0 ] },
												"east": { "texture": "#material", "uv": [ 35.0, 17.5, 36.5, 18.0 ] },
												"south": { "texture": "#material", "uv": [ 36.5, 17.5, 37.0, 18.0 ] },
												"west": { "texture": "#material", "uv": [ 37.0, 17.5, 38.5, 18.0 ] },
												"up": { "texture": "#material", "uv": [ 34.5, 16.0, 35.0, 17.5 ] },
												"down": { "texture": "#material", "uv": [ 35.0, 16.0, 35.5, 17.5 ] }
											}
										},
										{
											"name": "PointedFace_Right2",
											"from": [ 0.01, 2.5, 0.0 ],
											"to": [ 0.21, 2.9, 1.5 ],
											"uv": [ 33.5, 17.0 ],
											"renderInEditor": false,
											"rotationOrigin": [ 0.0, 2.5, 0.0 ],
											"rotationY": -22.0,
											"rotationZ": -3.0,
											"faces": {
												"north": { "texture": "#material", "uv": [ 33.5, 18.5, 34.0, 19.0 ] },
												"east": { "texture": "#material", "uv": [ 34.0, 18.5, 35.5, 19.0 ] },
												"south": { "texture": "#material", "uv": [ 35.5, 18.5, 36.0, 19.0 ] },
												"west": { "texture": "#material", "uv": [ 36.0, 18.5, 37.5, 19.0 ] },
												"up": { "texture": "#material", "uv": [ 33.5, 17.0, 34.0, 18.5 ] },
												"down": { "texture": "#material", "uv": [ 34.0, 17.0, 34.5, 18.5 ] }
											}
										},
										{
											"name": "Brow_Rotator_Right",
											"from": [ 0.0, 3.0, 0.0 ],
											"to": [ 0.0, 3.0, 0.0 ],
											"uv": [ 0.0, 0.0 ],
											"rotationOrigin": [ 0.0, 3.0, 0.0 ],
											"rotationY": -8.0,
											"faces": {
												"north": { "texture": "#material", "uv": [ 0.0, 0.5, 0.5, 1.0 ] },
												"east": { "texture": "#material", "uv": [ 0.5, 0.5, 1.0, 1.0 ] },
												"south": { "texture": "#material", "uv": [ 1.0, 0.5, 1.5, 1.0 ] },
												"west": { "texture": "#material", "uv": [ 1.5, 0.5, 2.0, 1.0 ] },
												"up": { "texture": "#material", "uv": [ 0.0, 0.0, 0.5, 0.5 ] },
												"down": { "texture": "#material", "uv": [ 0.5, 0.0, 1.0, 0.5 ] }
											},
											"children": [
												{
													"name": "PointedFace_Right",
													"from": [ 0.0, -0.1, 0.0 ],
													"to": [ 0.5, 1.9, 3.5 ],
													"autoUnwrap": false,
													"uv": [ 55.0, 20.0 ],
													"rotationOrigin": [ 0.0, -0.1, 0.0 ],
													"rotationY": -22.0,
													"rotationZ": -14.0,
													"faces": {
														"south": { "texture": "#material", "uv": [ 51.0, 21.0, 51.5, 23.0 ] },
														"west": { "texture": "#material", "uv": [ 29.5, 24.5, 33.0, 26.5 ] },
														"up": { "texture": "#material", "uv": [ 38.0, 22.0, 38.5, 25.5 ] },
														"down": { "texture": "#material", "uv": [ 33.5, 23.0, 34.0, 26.5 ] }
													},
													"children": [
														{
															"name": "PointedFace_Right_Upper",
															"from": [ 0.0, 2.0, 1.0 ],
															"to": [ 0.5, 3.0, 3.0 ],
															"uv": [ 45.5, 22.0 ],
															"rotationOrigin": [ 0.0, 2.0, 1.0 ],
															"rotationZ": -36.0,
															"faces": {
																"north": { "texture": "#material", "uv": [ 45.5, 24.0, 46.0, 25.0 ] },
																"east": { "texture": "#material", "uv": [ 46.0, 24.0, 48.0, 25.0 ] },
																"south": { "texture": "#material", "uv": [ 48.0, 24.0, 48.5, 25.0 ] },
																"west": { "texture": "#material", "uv": [ 48.5, 24.0, 50.5, 25.0 ] },
																"up": { "texture": "#material", "uv": [ 45.5, 22.0, 46.0, 24.0 ] },
																"down": { "texture": "#material", "uv": [ 46.0, 22.0, 46.5, 24.0 ] }
															}
														}
													]
												}
											]
										},
										{
											"name": "Brow_Rotator_Left",
											"from": [ 0.0, 3.0, 6.35 ],
											"to": [ 0.0, 3.0, 6.35 ],
											"uv": [ 0.0, 0.0 ],
											"rotationOrigin": [ 0.0, 3.0, 6.35 ],
											"rotationY": 8.0,
											"faces": {
												"north": { "texture": "#material", "uv": [ 0.0, 0.5, 0.5, 1.0 ] },
												"east": { "texture": "#material", "uv": [ 0.5, 0.5, 1.0, 1.0 ] },
												"south": { "texture": "#material", "uv": [ 1.0, 0.5, 1.5, 1.0 ] },
												"west": { "texture": "#material", "uv": [ 1.5, 0.5, 2.0, 1.0 ] },
												"up": { "texture": "#material", "uv": [ 0.0, 0.0, 0.5, 0.5 ] },
												"down": { "texture": "#material", "uv": [ 0.5, 0.0, 1.0, 0.5 ] }
											},
											"children": [
												{
													"name": "PointedFace_Left",
													"from": [ 0.0, -0.1, -3.55 ],
													"to": [ 0.5, 1.9, -0.05 ],
													"autoUnwrap": false,
													"uv": [ 54.0, 20.0 ],
													"rotationOrigin": [ 0.0, -0.1, -0.05 ],
													"rotationY": 22.0,
													"rotationZ": -14.0,
													"faces": {
														"north": { "texture": "#material", "uv": [ 51.0, 23.0, 51.5, 25.0 ] },
														"west": { "texture": "#material", "uv": [ 39.0, 24.5, 42.5, 26.5 ] },
														"up": { "texture": "#material", "uv": [ 38.0, 23.0, 38.5, 26.5 ] },
														"down": { "texture": "#material", "uv": [ 29.0, 23.0, 29.5, 26.5 ] }
													},
													"children": [
														{
															"name": "PointedFace_Left_Upper",
															"from": [ 0.0, 2.0, 0.5 ],
															"to": [ 0.5, 3.0, 2.5 ],
															"uv": [ 46.5, 20.5 ],
															"rotationOrigin": [ 0.0, 2.0, 0.5 ],
															"rotationZ": -36.0,
															"faces": {
																"north": { "texture": "#material", "uv": [ 46.5, 22.5, 47.0, 23.5 ] },
																"east": { "texture": "#material", "uv": [ 47.0, 22.5, 49.0, 23.5 ] },
																"south": { "texture": "#material", "uv": [ 49.0, 22.5, 49.5, 23.5 ] },
																"west": { "texture": "#material", "uv": [ 49.5, 22.5, 51.5, 23.5 ] },
																"up": { "texture": "#material", "uv": [ 46.5, 20.5, 47.0, 22.5 ] },
																"down": { "texture": "#material", "uv": [ 47.0, 20.5, 47.5, 22.5 ] }
															}
														}
													]
												}
											]
										}
									]
								},
								{
									"name": "VisorDetails",
									"from": [ 0.0, 0.0, 0.0 ],
									"to": [ 0.0, 0.0, 0.0 ],
									"uv": [ 0.0, 0.0 ],
									"faces": {
										"north": { "texture": "#material", "uv": [ 0.0, 0.5, 0.5, 1.0 ] },
										"east": { "texture": "#material", "uv": [ 0.5, 0.5, 1.0, 1.0 ] },
										"south": { "texture": "#material", "uv": [ 1.0, 0.5, 1.5, 1.0 ] },
										"west": { "texture": "#material", "uv": [ 1.5, 0.5, 2.0, 1.0 ] },
										"up": { "texture": "#material", "uv": [ 0.0, 0.0, 0.5, 0.5 ] },
										"down": { "texture": "#material", "uv": [ 0.5, 0.0, 1.0, 0.5 ] }
									},
									"children": [
										{
											"name": "VisorPoint_Right",
											"from": [ 0.0, 0.0, 0.0 ],
											"to": [ 0.5, 2.5, 4.0 ],
											"autoUnwrap": false,
											"uv": [ 53.0, 33.5 ],
											"rotationOrigin": [ 0.0, 2.5, 0.0 ],
											"rotationY": -39.0,
											"rotationZ": 6.0,
											"faces": {
												"west": { "texture": "#material", "uv": [ 56.0, 34.0, 60.0, 36.5 ] },
												"up": { "texture": "#material", "uv": [ 45.0, 28.0, 45.5, 32.0 ] }
											}
										},
										{
											"name": "VisorPoint_Left",
											"from": [ 0.0, 0.001, 2.3 ],
											"to": [ 0.5, 2.501, 6.3 ],
											"autoUnwrap": false,
											"uv": [ 53.5, 33.0 ],
											"rotationOrigin": [ 0.0, 2.5, 6.3 ],
											"rotationY": 39.0,
											"rotationZ": 6.0,
											"faces": {
												"west": { "texture": "#material", "uv": [ 59.0, 34.0, 63.0, 36.5 ] },
												"up": { "texture": "#material", "uv": [ 50.5, 28.0, 51.0, 32.0 ] }
											}
										},
										{
											"name": "VisorBottom_Right",
											"from": [ 0.21, 0.01, 0.0 ],
											"to": [ 0.71, 0.51, 3.9 ],
											"autoUnwrap": false,
											"uv": [ 24.5, 23.5 ],
											"rotationOrigin": [ 0.0, 0.0, 0.0 ],
											"rotationY": -39.0,
											"faces": {
												"west": { "texture": "#material", "uv": [ 26.5, 26.0, 30.0, 26.5 ] },
												"down": { "texture": "#material", "uv": [ 28.5, 26.0, 32.0, 26.5 ], "rotation": 90 }
											}
										},
										{
											"name": "VisorBottom_Left",
											"from": [ 0.21, 0.011, 2.4 ],
											"to": [ 0.71, 0.511, 6.1 ],
											"autoUnwrap": false,
											"uv": [ 25.0, 24.5 ],
											"rotationOrigin": [ 0.0, 0.0, 6.3 ],
											"rotationY": 39.0,
											"faces": {
												"west": { "texture": "#material", "uv": [ 29.5, 26.0, 33.0, 26.5 ] },
												"down": { "texture": "#material", "uv": [ 29.0, 26.0, 32.5, 26.5 ], "rotation": 90 }
											}
										},
										{
											"name": "VisorPoint_Right2",
											"from": [ 0.0, 0.014, 0.0 ],
											"to": [ 0.5, 2.494, 4.0 ],
											"autoUnwrap": false,
											"uv": [ 16.5, 18.0 ],
											"rotationOrigin": [ 0.0, 2.5, 0.0 ],
											"rotationY": -33.0,
											"rotationZ": 6.0,
											"faces": {
												"east": { "texture": "#material", "uv": [ 59.0, 34.0, 63.0, 36.0 ] },
												"up": { "texture": "#material", "uv": [ 26.5, 21.5, 27.0, 25.5 ] }
											}
										},
										{
											"name": "VisorPoint_Left2",
											"from": [ 0.0, 0.015, 2.3 ],
											"to": [ 0.5, 2.495, 6.3 ],
											"autoUnwrap": false,
											"uv": [ 17.0, 18.0 ],
											"rotationOrigin": [ 0.0, 2.5, 6.3 ],
											"rotationY": 33.0,
											"rotationZ": 6.0,
											"faces": {
												"east": { "texture": "#material", "uv": [ 56.0, 34.0, 60.0, 36.0 ] },
												"up": { "texture": "#material", "uv": [ 51.0, 21.0, 51.5, 25.0 ] }
											}
										},
										{
											"name": "Crest_Visor",
											"from": [ -2.6, 0.0, 2.9 ],
											"to": [ -1.1, 2.6, 3.4 ],
											"autoUnwrap": false,
											"uv": [ 59.0, 27.5 ],
											"rotationOrigin": [ -2.6, 0.0, 2.9 ],
											"rotationZ": 3.0,
											"faces": {
												"north": { "texture": "#material", "uv": [ 33.0, 26.5, 35.5, 28.0 ], "rotation": 90 },
												"south": { "texture": "#material", "uv": [ 33.0, 26.5, 34.5, 29.0 ] },
												"west": { "texture": "#material", "uv": [ 45.5, 29.5, 46.0, 32.0 ] },
												"up": { "texture": "#material", "uv": [ 47.0, 26.5, 48.5, 27.0 ] },
												"down": { "texture": "#material", "uv": [ 47.5, 26.5, 49.0, 27.0 ] }
											}
										},
										{
											"name": "VisorBottom_Left2",
											"from": [ 0.71, 0.011, 2.4 ],
											"to": [ 1.21, 0.511, 5.4 ],
											"uv": [ 44.0, 21.0 ],
											"rotationOrigin": [ 0.0, 0.0, 6.3 ],
											"rotationY": 39.0,
											"faces": {
												"north": { "texture": "#material", "uv": [ 44.0, 24.0, 44.5, 24.5 ] },
												"east": { "texture": "#material", "uv": [ 44.5, 24.0, 47.5, 24.5 ] },
												"south": { "texture": "#material", "uv": [ 47.5, 24.0, 48.0, 24.5 ] },
												"west": { "texture": "#material", "uv": [ 48.0, 24.0, 51.0, 24.5 ] },
												"up": { "texture": "#material", "uv": [ 44.0, 21.0, 44.5, 24.0 ] },
												"down": { "texture": "#material", "uv": [ 44.5, 21.0, 45.0, 24.0 ] }
											}
										},
										{
											"name": "VisorBottom_Left3",
											"from": [ 1.21, 0.011, 2.4 ],
											"to": [ 1.71, 0.511, 4.9 ],
											"uv": [ 45.5, 20.5 ],
											"rotationOrigin": [ 0.0, 0.0, 6.3 ],
											"rotationY": 39.0,
											"faces": {
												"north": { "texture": "#material", "uv": [ 45.5, 23.0, 46.0, 23.5 ] },
												"east": { "texture": "#material", "uv": [ 46.0, 23.0, 48.5, 23.5 ] },
												"south": { "texture": "#material", "uv": [ 48.5, 23.0, 49.0, 23.5 ] },
												"west": { "texture": "#material", "uv": [ 49.0, 23.0, 51.5, 23.5 ] },
												"up": { "texture": "#material", "uv": [ 45.5, 20.5, 46.0, 23.0 ] },
												"down": { "texture": "#material", "uv": [ 46.0, 20.5, 46.5, 23.0 ] }
											}
										},
										{
											"name": "VisorBottom_Right2",
											"from": [ 0.71, 0.012, 0.7 ],
											"to": [ 1.21, 0.512, 3.7 ],
											"uv": [ 45.0, 21.5 ],
											"rotationOrigin": [ 0.0, 0.0, 0.0 ],
											"rotationY": -39.0,
											"faces": {
												"north": { "texture": "#material", "uv": [ 45.0, 24.5, 45.5, 25.0 ] },
												"east": { "texture": "#material", "uv": [ 45.5, 24.5, 48.5, 25.0 ] },
												"south": { "texture": "#material", "uv": [ 48.5, 24.5, 49.0, 25.0 ] },
												"west": { "texture": "#material", "uv": [ 49.0, 24.5, 52.0, 25.0 ] },
												"up": { "texture": "#material", "uv": [ 45.0, 21.5, 45.5, 24.5 ] },
												"down": { "texture": "#material", "uv": [ 45.5, 21.5, 46.0, 24.5 ] }
											}
										},
										{
											"name": "VisorBottom_Right3",
											"from": [ 1.21, 0.01, 1.3 ],
											"to": [ 1.71, 0.51, 3.3 ],
											"uv": [ 45.0, 23.0 ],
											"rotationOrigin": [ 0.0, 0.0, 0.0 ],
											"rotationY": -39.0,
											"faces": {
												"north": { "texture": "#material", "uv": [ 45.0, 25.0, 45.5, 25.5 ] },
												"east": { "texture": "#material", "uv": [ 45.5, 25.0, 47.5, 25.5 ] },
												"south": { "texture": "#material", "uv": [ 47.5, 25.0, 48.0, 25.5 ] },
												"west": { "texture": "#material", "uv": [ 48.0, 25.0, 50.0, 25.5 ] },
												"up": { "texture": "#material", "uv": [ 45.0, 23.0, 45.5, 25.0 ] },
												"down": { "texture": "#material", "uv": [ 45.5, 23.0, 46.0, 25.0 ] }
											}
										},
										{
											"name": "VisorBottom_Right4",
											"from": [ 1.71, 0.01, 1.9 ],
											"to": [ 2.21, 0.51, 3.4 ],
											"uv": [ 46.5, 21.0 ],
											"rotationOrigin": [ 0.0, 0.0, 0.0 ],
											"rotationY": -39.0,
											"faces": {
												"north": { "texture": "#material", "uv": [ 46.5, 22.5, 47.0, 23.0 ] },
												"east": { "texture": "#material", "uv": [ 47.0, 22.5, 48.5, 23.0 ] },
												"south": { "texture": "#material", "uv": [ 48.5, 22.5, 49.0, 23.0 ] },
												"west": { "texture": "#material", "uv": [ 49.0, 22.5, 50.5, 23.0 ] },
												"up": { "texture": "#material", "uv": [ 46.5, 21.0, 47.0, 22.5 ] },
												"down": { "texture": "#material", "uv": [ 47.0, 21.0, 47.5, 22.5 ] }
											}
										}
									]
								}
							]
						}
					]
				},
				{
					"name": "Crest_UpperFront",
					"from": [ -0.9, 6.0, 2.85 ],
					"to": [ 1.1, 11.15, 3.45 ],
					"autoUnwrap": false,
					"uv": [ 51.5, 36.5 ],
					"rotationOrigin": [ -0.9, 6.65, 2.8 ],
					"rotationZ": -78.0,
					"faces": {
						"north": { "texture": "#material", "uv": [ 43.0, 34.5, 45.0, 39.5 ] },
						"south": { "texture": "#material", "uv": [ 39.0, 35.0, 41.0, 40.0 ] },
						"west": { "texture": "#material", "uv": [ 39.0, 34.0, 39.5, 39.0 ] },
						"down": { "texture": "#material", "uv": [ 40.0, 34.0, 42.0, 34.5 ] }
					}
				},
				{
					"name": "Crest_UpperBack",
					"from": [ 3.4, 7.67, 2.799 ],
					"to": [ 5.4, 11.67, 3.501 ],
					"autoUnwrap": false,
					"uv": [ 39.0, 33.0 ],
					"rotationOrigin": [ 3.4, 7.6, 2.8 ],
					"rotationZ": -108.0,
					"faces": {
						"north": { "texture": "#material", "uv": [ 43.0, 35.0, 45.0, 39.0 ] },
						"south": { "texture": "#material", "uv": [ 39.0, 35.5, 41.0, 39.5 ] },
						"west": { "texture": "#material", "uv": [ 39.0, 35.5, 39.5, 39.5 ] },
						"up": { "texture": "#material", "uv": [ 40.5, 34.0, 42.5, 34.5 ] },
						"down": { "texture": "#material", "uv": [ 40.0, 39.5, 42.0, 40.0 ] }
					}
				},
				{
					"name": "Crest_Back",
					"from": [ 7.6, 6.3, 2.8 ],
					"to": [ 9.1, 9.5, 3.498 ],
					"autoUnwrap": false,
					"uv": [ 52.0, 36.0 ],
					"rotationOrigin": [ 7.6, 6.3, 2.8 ],
					"rotationZ": 172.0,
					"faces": {
						"north": { "texture": "#material", "uv": [ 43.5, 34.5, 45.0, 37.5 ] },
						"south": { "texture": "#material", "uv": [ 39.0, 35.0, 40.5, 38.0 ] },
						"west": { "texture": "#material", "uv": [ 44.5, 36.5, 45.0, 39.5 ] },
						"down": { "texture": "#material", "uv": [ 43.5, 39.5, 45.0, 40.0 ] }
					}
				},
				{
					"name": "Crest_LowerBack",
					"from": [ 7.2, 3.2, 2.799 ],
					"to": [ 8.7, 6.2, 3.501 ],
					"autoUnwrap": false,
					"uv": [ 21.0, 20.0 ],
					"rotationOrigin": [ 7.2, 3.2, 2.8 ],
					"rotationZ": 158.0,
					"faces": {
						"north": { "texture": "#material", "uv": [ 43.5, 36.5, 45.0, 39.5 ] },
						"south": { "texture": "#material", "uv": [ 39.0, 35.0, 40.5, 38.0 ] },
						"west": { "texture": "#material", "uv": [ 39.0, 37.0, 39.5, 40.0 ] },
						"down": { "texture": "#material", "uv": [ 42.0, 39.5, 43.5, 40.0 ] }
					}
				}
			]
		},
		{
			"name": "ArmorNeck",
			"stepParentName": "Neck",
			"from": [ -0.3, 0.6, -0.3 ],
			"to": [ 3.3, 2.4, 3.3 ],
			"unwrapMode": 4,
			"uv": [ 12.0, 5.5 ],
			"rotationOrigin": [ -0.3, 2.6, -0.3 ],
			"faces": {
				"north": { "texture": "#material", "uv": [ 12.0, 5.5, 15.5, 7.0 ] },
				"east": { "texture": "#material", "uv": [ 22.5, 5.5, 26.0, 7.0 ] },
				"south": { "texture": "#material", "uv": [ 19.0, 5.5, 22.5, 7.0 ] },
				"west": { "texture": "#material", "uv": [ 15.5, 5.5, 19.0, 7.0 ] }
			}
		}
	]}