{
	"editor": {
		"backDropShape": "entity/humanoid/seraph-hairless",
		"allAngles": true,
		"entityTextureMode": true
	},
	"textureWidth": 64,
	"textureHeight": 64,
	"textureSizes": {
	},
	"textures": {
		"material": "visorhelmets:plate/tinbronze"
	},
	"elements": [
		{
			"name": "ArmorHelmet",
			"stepParentName": "Head",
			"from": [ -0.5, -0.8, -0.6 ],
			"to": [ 5.9, 5.6, 5.7 ],
			"unwrapMode": 4,
			"uv": [ 27.0, 14.5 ],
			"rotationOrigin": [ -0.2, -0.5, -0.6 ],
			"faces": {
				"north": { "texture": "#material", "uv": [ 27.0, 20.5, 33.0, 26.5 ] },
				"east": { "texture": "#material", "uv": [ 45.0, 20.5, 51.0, 26.5 ] },
				"south": { "texture": "#material", "uv": [ 39.0, 20.5, 45.0, 26.5 ] },
				"west": { "texture": "#material", "uv": [ 33.0, 20.5, 39.0, 26.5 ] },
				"up": { "texture": "#material", "uv": [ 33.0, 14.5, 39.0, 20.5 ], "rotation": 90 },
				"down": { "texture": "#material", "uv": [ 33.0, 26.5, 39.0, 32.5 ], "rotation": 90 }
			},
			"children": [
				{
					"name": "Ridge",
					"from": [ -0.5, 5.35, -0.5 ],
					"to": [ 2.2, 5.85, 6.8 ],
					"autoUnwrap": false,
					"uv": [ 40.0, 27.0 ],
					"rotationOrigin": [ -0.5, 5.35, -0.5 ],
					"faces": {
						"north": { "texture": "#material", "uv": [ 31.0, 21.0, 33.5, 21.5 ], "windMode": [-1,-1,-1,-1], "windData": [1,1,1,1] },
						"east": { "texture": "#material", "uv": [ 32.5, 21.0, 39.5, 21.5 ] },
						"south": { "texture": "#material", "uv": [ 38.5, 21.0, 41.0, 21.5 ] },
						"west": { "texture": "#material", "uv": [ 32.5, 21.0, 39.5, 21.5 ] },
						"up": { "texture": "#material", "uv": [ 39.0, 26.5, 41.5, 33.5 ] },
						"down": { "texture": "#material", "uv": [ 39.0, 26.5, 41.5, 33.5 ] }
					}
				},
				{
					"name": "NeckProtection",
					"from": [ 6.0, 1.2, 0.0 ],
					"to": [ 8.5, 1.8, 6.3 ],
					"autoUnwrap": false,
					"uv": [ 39.0, 28.0 ],
					"rotationOrigin": [ 6.0, 1.2, 0.0 ],
					"rotationZ": -39.0,
					"faces": {
						"north": { "texture": "#material", "uv": [ 34.5, 22.0, 37.0, 22.5 ] },
						"east": { "texture": "#material", "uv": [ 33.0, 22.0, 39.0, 22.5 ] },
						"south": { "texture": "#material", "uv": [ 34.5, 22.0, 37.0, 22.5 ] },
						"west": { "texture": "#material", "uv": [ 33.0, 22.0, 39.0, 22.5 ] },
						"up": { "texture": "#material", "uv": [ 41.5, 26.5, 44.0, 32.5 ], "autoUv": false, "windMode": [-1,-1,-1,-1], "windData": [1,1,1,1] },
						"down": { "texture": "#material", "uv": [ 41.5, 26.5, 44.0, 32.5 ], "rotation": 180, "autoUv": false }
					}
				},
				{
					"name": "HelmetTop",
					"from": [ 1.0, 6.4, 1.0 ],
					"to": [ 5.4, 6.9, 5.3 ],
					"autoUnwrap": false,
					"uv": [ 45.0, 34.0 ],
					"rotationOrigin": [ 1.0, 6.4, 1.0 ],
					"faces": {
						"north": { "texture": "#material", "uv": [ 34.0, 15.5, 34.5, 19.5 ], "rotation": 270 },
						"east": { "texture": "#material", "uv": [ 34.0, 15.5, 38.0, 16.0 ], "rotation": 180 },
						"south": { "texture": "#material", "uv": [ 37.5, 15.5, 38.0, 19.5 ], "rotation": 90 },
						"west": { "texture": "#material", "uv": [ 34.0, 19.0, 38.0, 19.5 ] },
						"up": { "texture": "#material", "uv": [ 34.0, 15.5, 38.0, 19.5 ], "rotation": 90 }
					}
				},
				{
					"name": "Hinge",
					"from": [ 0.0, 4.3, 3.2 ],
					"to": [ 0.0, 4.3, 3.2 ],
					"uv": [ 0.0, 0.0 ],
					"rotationOrigin": [ 0.0, 4.3, 3.2 ],
					"faces": {
					},
					"children": [
						{
							"name": "Mask",
							"from": [ 0.001, -4.0, -2.2 ],
							"to": [ 0.501, 0.0, 2.2 ],
							"autoUnwrap": false,
							"uv": [ 45.5, 28.0 ],
							"rotationOrigin": [ 0.0, -4.0, -2.2 ],
							"faces": {
								"north": { "texture": "#material", "uv": [ 44.0, 27.5, 44.5, 31.5 ] },
								"east": { "texture": "#material", "uv": [ 49.0, 27.5, 53.0, 31.5 ] },
								"south": { "texture": "#material", "uv": [ 48.5, 27.5, 49.0, 31.5 ] },
								"west": { "texture": "#material", "uv": [ 44.5, 27.5, 48.5, 31.5 ] },
								"up": { "texture": "#material", "uv": [ 44.5, 26.5, 48.5, 27.0 ], "rotation": 90 },
								"down": { "texture": "#material", "uv": [ 44.5, 27.0, 48.5, 27.5 ], "rotation": 90 }
							},
							"children": [
								{
									"name": "PhysHinge",
									"from": [ 0.1, 3.7, 1.7 ],
									"to": [ 0.6, 4.2, 2.7 ],
									"autoUnwrap": false,
									"uv": [ 16.5, 42.5 ],
									"rotationOrigin": [ 0.1, 3.7, 1.7 ],
									"faces": {
										"north": { "texture": "#material", "uv": [ 33.0, 20.0, 33.5, 20.5 ] },
										"east": { "texture": "#material", "uv": [ 33.0, 20.0, 34.0, 20.5 ] },
										"south": { "texture": "#material", "uv": [ 34.0, 20.0, 34.5, 20.5 ] },
										"west": { "texture": "#material", "uv": [ 33.5, 20.0, 34.5, 20.5 ] },
										"up": { "texture": "#material", "uv": [ 38.5, 24.5, 39.0, 25.5 ] },
										"down": { "texture": "#material", "uv": [ 33.0, 24.5, 33.5, 25.5 ] }
									}
								}
							]
						}
					]
				}
			]
		},
		{
			"name": "ArmorNeck",
			"stepParentName": "Neck",
			"from": [ -0.3, 0.6, -0.3 ],
			"to": [ 3.3, 2.4, 3.3 ],
			"unwrapMode": 4,
			"uv": [ 12.0, 5.5 ],
			"rotationOrigin": [ -0.3, 2.6, -0.3 ],
			"faces": {
				"north": { "texture": "#material", "uv": [ 12.0, 5.5, 15.5, 7.0 ] },
				"east": { "texture": "#material", "uv": [ 22.5, 5.5, 26.0, 7.0 ] },
				"south": { "texture": "#material", "uv": [ 19.0, 5.5, 22.5, 7.0 ] },
				"west": { "texture": "#material", "uv": [ 15.5, 5.5, 19.0, 7.0 ] }
			}
		}
	]}