{
	"editor": {
		"backDropShape": "entity/humanoid/seraph-hairless",
		"collapsedPaths": "",
		"allAngles": false,
		"entityTextureMode": true
	},
	"textureWidth": 64,
	"textureHeight": 64,
	"textureSizes": {
	},
	"textures": {
		"material": "game:entity/humanoid/serapharmor/forlorn/forlorn-pristine"
	},
	"elements": [
		{
			"name": "ArmorHead",
			"stepParentName": "Head",
			"from": [ -0.3, -0.2, -0.8 ],
			"to": [ 6.1, 5.6, 5.6 ],
			"autoUnwrap": false,
			"uv": [ 7.0, 0.0 ],
			"rotationOrigin": [ -0.1, -0.2, 2.6 ],
			"faces": {
				"north": { "texture": "#material", "uv": [ 0.0, 6.0, 6.0, 11.0 ], "autoUv": false },
				"east": { "texture": "#material", "uv": [ 17.0, 6.0, 22.0, 11.0 ], "autoUv": false },
				"south": { "texture": "#material", "uv": [ 11.0, 6.0, 17.0, 11.0 ], "autoUv": false },
				"west": { "texture": "#material", "uv": [ 6.0, 6.0, 11.0, 11.0 ], "autoUv": false },
				"up": { "texture": "#material", "uv": [ 6.0, 0.0, 11.0, 6.0 ], "rotation": 90, "autoUv": false },
				"down": { "texture": "#material", "uv": [ 0.5, 0.5, 5.5, 6.0 ], "rotation": 90, "autoUv": false }
			},
			"children": [
				{
					"name": "ArmorRidgeTop",
					"from": [ 0.0, 5.4, 2.9 ],
					"to": [ 6.4, 6.15, 3.61 ],
					"autoUnwrap": false,
					"uv": [ 11.5, 4.0 ],
					"rotationOrigin": [ 0.3, 5.4, 2.8 ],
					"faces": {
						"north": { "texture": "#material", "uv": [ 11.5, 4.5, 17.5, 5.0 ], "autoUv": false },
						"south": { "texture": "#material", "uv": [ 11.5, 3.5, 17.5, 4.0 ] },
						"up": { "texture": "#material", "uv": [ 11.5, 4.0, 17.5, 4.5 ] }
					}
				},
				{
					"name": "ArmorRidgeBack",
					"from": [ 6.4, 0.7, 2.9 ],
					"to": [ 7.18, 6.16, 3.61 ],
					"uv": [ 34.0, 6.5 ],
					"rotationOrigin": [ 5.7, 1.0, 3.0 ],
					"faces": {
						"north": { "texture": "#material", "uv": [ 34.0, 7.0, 34.5, 12.0 ], "autoUv": false },
						"east": { "texture": "#material", "uv": [ 34.0, 7.0, 34.5, 12.0 ] },
						"south": { "texture": "#material", "uv": [ 34.5, 7.0, 35.0, 12.0 ] },
						"up": { "texture": "#material", "uv": [ 34.0, 6.5, 34.5, 7.0 ] },
						"down": { "texture": "#material", "uv": [ 34.5, 6.5, 35.0, 7.0 ] }
					}
				},
				{
					"name": "Hinge",
					"from": [ 0.0, 6.0, 0.0 ],
					"to": [ 0.0, 6.0, 0.0 ],
					"uv": [ 0.0, 0.0 ],
					"rotationOrigin": [ 0.0, 5.8, 0.0 ],
					"faces": {
					},
					"children": [
						{
							"name": "ArmorVisor",
							"from": [ -2.13, -5.36, 0.24 ],
							"to": [ 2.35, -1.08, 6.14 ],
							"autoUnwrap": false,
							"uv": [ 23.5, 3.0 ],
							"rotationOrigin": [ 0.1, -3.3, 2.7 ],
							"rotationZ": 45.0,
							"faces": {
								"west": { "texture": "#material", "uv": [ 27.5, 4.0, 32.5, 8.0 ], "autoUv": false },
								"up": { "texture": "#material", "uv": [ 27.5, 0.0, 32.5, 4.0 ], "rotation": 90, "autoUv": false }
							},
							"children": [
								{
									"name": "ArmorHelmetNose",
									"from": [ 0.3242, 4.279, 2.38 ],
									"to": [ 4.8042, 4.818, 3.57 ],
									"autoUnwrap": false,
									"uv": [ 25.0, 0.5 ],
									"rotationOrigin": [ 3.6442, 4.4642, 2.56 ],
									"faces": {
										"north": { "texture": "#material", "uv": [ 35.5, 0.0, 39.5, 0.5 ], "autoUv": false },
										"east": { "texture": "#material", "uv": [ 39.5, 0.5, 40.0, 1.5 ], "rotation": 90 },
										"south": { "texture": "#material", "uv": [ 35.5, 1.5, 39.5, 2.0 ] },
										"west": { "texture": "#material", "uv": [ 35.0, 0.5, 35.5, 1.5 ], "rotation": 90 },
										"up": { "texture": "#material", "uv": [ 35.5, 0.5, 39.5, 1.5 ] }
									}
								},
								{
									"name": "ArmorVisor2",
									"from": [ 4.422, 4.192, -0.005 ],
									"to": [ 10.557, 4.672, 5.905 ],
									"autoUnwrap": false,
									"uv": [ 23.5, 3.0 ],
									"rotationOrigin": [ 4.422, 4.252, 2.46 ],
									"rotationZ": -135.5,
									"faces": {
										"north": { "texture": "#material", "uv": [ 28.0, 7.5, 32.0, 8.0 ], "autoUv": false },
										"east": { "texture": "#material", "uv": [ 27.5, 7.5, 32.5, 8.0 ], "autoUv": false, "windMode": [-1,-1,-1,-1], "windData": [1,1,1,1] },
										"south": { "texture": "#material", "uv": [ 28.0, 7.5, 32.0, 8.0 ], "autoUv": false }
									}
								}
							]
						},
						{
							"name": "ArmorVisor3",
							"from": [ -2.131, -1.61, 0.2399 ],
							"to": [ 2.349, -1.07, 6.1409 ],
							"autoUnwrap": false,
							"uv": [ 23.5, 3.0 ],
							"rotationOrigin": [ 0.1, -3.3, 2.7 ],
							"rotationZ": 45.0,
							"faces": {
								"north": { "texture": "#material", "uv": [ 23.5, 2.0, 27.5, 2.5 ], "autoUv": false, "windMode": [-1,-1,-1,-1], "windData": [2,2,1,1] },
								"south": { "texture": "#material", "uv": [ 32.5, 2.0, 36.5, 2.5 ] }
							}
						},
						{
							"name": "ArmorVisor4",
							"from": [ -2.131, -2.15, 0.2401 ],
							"to": [ 1.769, -1.605, 6.1411 ],
							"autoUnwrap": false,
							"uv": [ 23.5, 3.0 ],
							"rotationOrigin": [ 0.1, -3.3, 2.7 ],
							"rotationZ": 45.0,
							"faces": {
								"north": { "texture": "#material", "uv": [ 24.0, 2.5, 27.5, 3.0 ], "autoUv": false, "windMode": [-1,-1,-1,-1], "windData": [2,2,1,1] },
								"south": { "texture": "#material", "uv": [ 32.5, 2.5, 36.0, 3.0 ] }
							}
						},
						{
							"name": "ArmorVisor5",
							"from": [ -2.131, -2.69, 0.2399 ],
							"to": [ 1.219, -2.145, 6.1409 ],
							"autoUnwrap": false,
							"uv": [ 23.5, 3.0 ],
							"rotationOrigin": [ 0.1, -3.3, 2.7 ],
							"rotationZ": 45.0,
							"faces": {
								"north": { "texture": "#material", "uv": [ 24.5, 3.0, 27.5, 3.5 ], "autoUv": false, "windMode": [-1,-1,-1,-1], "windData": [2,2,1,1] },
								"south": { "texture": "#material", "uv": [ 32.5, 3.0, 35.5, 3.5 ], "autoUv": false }
							}
						},
						{
							"name": "ArmorVisor6",
							"from": [ -2.131, -3.23, 0.2401 ],
							"to": [ 0.669, -2.685, 6.1411 ],
							"autoUnwrap": false,
							"uv": [ 23.5, 3.0 ],
							"rotationOrigin": [ 0.1, -3.3, 2.7 ],
							"rotationZ": 45.0,
							"faces": {
								"north": { "texture": "#material", "uv": [ 25.0, 3.5, 27.5, 4.0 ], "autoUv": false, "windMode": [-1,-1,-1,-1], "windData": [2,2,1,1] },
								"south": { "texture": "#material", "uv": [ 32.5, 3.5, 35.0, 4.0 ], "autoUv": false }
							}
						},
						{
							"name": "ArmorVisor7",
							"from": [ -2.131, -3.76, 0.2399 ],
							"to": [ 0.109, -3.215, 6.1409 ],
							"autoUnwrap": false,
							"uv": [ 23.5, 3.0 ],
							"rotationOrigin": [ 0.1, -3.3, 2.7 ],
							"rotationZ": 45.0,
							"faces": {
								"north": { "texture": "#material", "uv": [ 25.5, 4.0, 27.5, 4.5 ], "autoUv": false, "windMode": [-1,-1,-1,-1], "windData": [2,2,1,1] },
								"south": { "texture": "#material", "uv": [ 32.5, 4.0, 34.5, 4.5 ], "autoUv": false }
							}
						},
						{
							"name": "ArmorVisor8",
							"from": [ -2.131, -4.3, 0.2401 ],
							"to": [ -0.451, -3.755, 6.1411 ],
							"autoUnwrap": false,
							"uv": [ 23.5, 3.0 ],
							"rotationOrigin": [ 0.1, -3.3, 2.7 ],
							"rotationZ": 45.0,
							"faces": {
								"north": { "texture": "#material", "uv": [ 26.0, 4.5, 27.5, 5.0 ], "autoUv": false, "windMode": [-1,-1,-1,-1], "windData": [2,2,1,1] },
								"south": { "texture": "#material", "uv": [ 32.5, 4.5, 34.0, 5.0 ], "autoUv": false }
							}
						},
						{
							"name": "ArmorVisor9",
							"from": [ -2.131, -4.83, 0.2399 ],
							"to": [ -1.011, -4.285, 6.1409 ],
							"autoUnwrap": false,
							"uv": [ 23.5, 3.0 ],
							"rotationOrigin": [ 0.1, -3.3, 2.7 ],
							"rotationZ": 45.0,
							"faces": {
								"north": { "texture": "#material", "uv": [ 26.5, 5.0, 27.5, 5.5 ], "autoUv": false, "windMode": [-1,-1,-1,-1], "windData": [2,2,1,1] },
								"south": { "texture": "#material", "uv": [ 32.5, 5.0, 33.5, 5.5 ], "autoUv": false }
							}
						},
						{
							"name": "ArmorVisor10",
							"from": [ -2.131, -5.36, 0.2401 ],
							"to": [ -1.571, -4.815, 6.1411 ],
							"autoUnwrap": false,
							"uv": [ 23.5, 3.0 ],
							"rotationOrigin": [ 0.1, -3.3, 2.7 ],
							"rotationZ": 45.0,
							"faces": {
								"north": { "texture": "#material", "uv": [ 27.0, 5.5, 27.5, 6.0 ], "autoUv": false, "windMode": [-1,-1,-1,-1], "windData": [2,2,1,1] },
								"south": { "texture": "#material", "uv": [ 32.5, 5.5, 33.0, 6.0 ], "autoUv": false }
							}
						}
					]
				}
			]
		},
		{
			"name": "ArmorNeck",
			"stepParentName": "Neck",
			"from": [ -0.1, 0.6, -0.1 ],
			"to": [ 3.1, 2.2, 3.1 ],
			"autoUnwrap": false,
			"uv": [ 11.5, 3.0 ],
			"rotationOrigin": [ -0.2, 0.6, 1.3 ],
			"faces": {
				"north": { "texture": "#material", "uv": [ 11.0, 0.0, 14.0, 1.5 ] },
				"east": { "texture": "#material", "uv": [ 20.0, 0.0, 23.0, 1.5 ] },
				"south": { "texture": "#material", "uv": [ 17.0, 0.0, 20.0, 1.5 ] },
				"west": { "texture": "#material", "uv": [ 14.0, 0.0, 17.0, 1.5 ] }
			}
		}
	]}