[
    {
	"code": "undyeclothwoollight",
	"sealHours": 12,
	"ingredients": [
		{ "type": "item", "code": "soaplyeandbloom:soapportion-lye", "litres": 1, "consumeLitres": 1 },
		{ "type": "item", "code": "wool:cloth-wool-*", "quantity": 1, "allowedVariants": [ "gray", "green", "orange", "white", "yellow" ] }
	],
	"output": { "type": "item", "code": "wool:cloth-wool-mordant", "stackSize": 1 }
	},
	{
	"code": "undyeclothwoollight1",
	"sealHours": 6,
	"ingredients": [
		{ "type": "item", "code": "soaplyeandbloom:soapportion-*", "name": "soap", "litres": 0.5, "consumeLitres": 0.5, "allowedVariants": [ "honey", "chamomile", "lavender", "hibiscus", "calendula", "mint" ] },
		{ "type": "item", "code": "wool:cloth-wool-*", "quantity": 1, "allowedVariants": [ "gray", "green", "orange", "white", "yellow" ] }
	],
	"output": { "type": "item", "code": "wool:cloth-wool-mordant", "stackSize": 1 }
	},

	{
	"code": "undyeclothwooldark",
	"sealHours": 24,
	"ingredients": [
		{ "type": "item", "code": "soaplyeandbloom:soapportion-lye", "litres": 2, "consumeLitres": 2 },
		{ "type": "item", "code": "wool:cloth-wool-*", "quantity": 1, "allowedVariants": [ "black", "blue", "brown", "purple", "red", "darkblue", "darkbrown", "darkgreen", "darkred" ] }
	],
	"output": { "type": "item", "code": "wool:cloth-wool-mordant", "stackSize": 1 }
	},
	{
	"code": "undyeclothwooldark1",
	"sealHours": 12,
	"ingredients": [
		{ "type": "item", "code": "soaplyeandbloom:soapportion-*", "name": "soap", "litres": 1, "consumeLitres": 1, "allowedVariants": [ "honey", "chamomile", "lavender", "hibiscus", "calendula", "mint" ] },
		{ "type": "item", "code": "wool:cloth-wool-*", "quantity": 1, "allowedVariants": [ "black", "blue", "brown", "purple", "red", "darkblue", "darkbrown", "darkgreen", "darkred" ] }
	],
	"output": { "type": "item", "code": "wool:cloth-wool-mordant", "stackSize": 1 }
	},

	{
	"code": "undyeclothwoolmordant",
	"sealHours": 12,
	"ingredients": [
		{ "type": "item", "code": "soaplyeandbloom:soapportion-lye", "litres": 0.5, "consumeLitres": 0.5 },
		{ "type": "item", "code": "wool:cloth-wool-mordant", "quantity": 1 }
	],
	"output": { "type": "item", "code": "wool:cloth-wool-plain", "stackSize": 1 }
	},
	{
	"code": "undyeclothwoolmordant1",
	"sealHours": 6,
	"ingredients": [
		{ "type": "item", "code": "soaplyeandbloom:soapportion-*", "name": "soap", "litres": 0.25, "consumeLitres": 0.25, "allowedVariants": [ "honey", "chamomile", "lavender", "hibiscus", "calendula", "mint" ] },
		{ "type": "item", "code": "wool:cloth-wool-mordant", "quantity": 1 }
	],
	"output": { "type": "item", "code": "wool:cloth-wool-plain", "stackSize": 1 }
	}
]