[
    {
	"code": "undyingwooltwinelight",
	"sealHours": 12,
	"ingredients": [
		{ "type": "item", "code": "soaplyeandbloom:soapportion-lye", "litres": 0.5, "consumeLitres": 0.5 },
		{ "type": "item", "code": "wool:twine-wool-*", "name": "color", "allowedVariants": [ "gray", "green", "orange", "white", "yellow" ] }
	],
	"output": { "type": "item", "code": "wool:twine-wool-mordant" }
	},
	{
	"code": "undyingwooltwinelight1",
	"sealHours": 6,
	"ingredients": [
		{ "type": "item", "code": "soaplyeandbloom:soapportion-*", "name": "soap", "litres": 0.25, "consumeLitres": 0.25, "allowedVariants": [ "honey", "chamomile", "lavender", "hibiscus", "calendula", "mint" ] },
		{ "type": "item", "code": "wool:twine-wool-*", "name": "color", "allowedVariants": [ "gray", "green", "orange", "white", "yellow" ] }
	],
	"output": { "type": "item", "code": "wool:twine-wool-mordant" }
	},

	{
	"code": "undyingwooltwinedark",
	"sealHours": 24,
	"ingredients": [
		{ "type": "item", "code": "soaplyeandbloom:soapportion-lye", "litres": 1, "consumeLitres": 1 },
		{ "type": "item", "code": "wool:twine-wool-*", "name": "color", "allowedVariants": [ "black", "blue", "brown", "purple", "red", "darkblue", "darkbrown", "darkgreen", "darkred" ] }
	],
	"output": { "type": "item", "code": "wool:twine-wool-mordant" }
	},
	{
	"code": "undyingwooltwinedark1",
	"sealHours": 12,
	"ingredients": [
		{ "type": "item", "code": "soaplyeandbloom:soapportion-*", "name": "soap", "litres": 0.5, "consumeLitres": 0.5, "allowedVariants": [ "honey", "chamomile", "lavender", "hibiscus", "calendula", "mint" ] },
		{ "type": "item", "code": "wool:twine-wool-*", "name": "color", "allowedVariants": [ "black", "blue", "brown", "purple", "red", "darkblue", "darkbrown", "darkgreen", "darkred" ] }
	],
	"output": { "type": "item", "code": "wool:twine-wool-mordant" }
	},

	{
	"code": "undyingwooltwinemordant",
	"sealHours": 12,
	"ingredients": [
		{ "type": "item", "code": "soaplyeandbloom:soapportion-lye", "litres": 0.5, "consumeLitres": 0.5 },
		{ "type": "item", "code": "wool:twine-wool-mordant" }
	],
	"output": { "type": "item", "code": "wool:twine-wool-plain" }
	},
	{
	"code": "undyingwooltwinemordant1",
	"sealHours": 6,
	"ingredients": [
		{ "type": "item", "code": "soaplyeandbloom:soapportion-*", "name": "soap", "litres": 0.25, "consumeLitres": 0.25, "allowedVariants": [ "honey", "chamomile", "lavender", "hibiscus", "calendula", "mint" ] },
		{ "type": "item", "code": "wool:twine-wool-mordant" }
	],
	"output": { "type": "item", "code": "wool:twine-wool-plain" }
	}
]