[
    {
	"ingredientPattern": "L",
	"ingredients": {
		"L": { "type": "block", "code": "wildcrafttree:log-placed-charred-ud" }
	},
	"width": 1,
	"height": 1,
	"output": { "type": "item", "code": "soaplyeandbloom:woodash", "quantity": 1  }
	},
	{
	"ingredientPattern": "L",
	"ingredients": {
		"L": { "type": "block", "code": "wildcrafttree:debarkedlog-charred-*" }
	},
	"width": 1,
	"height": 1,
	"output": { "type": "item", "code": "soaplyeandbloom:woodash", "quantity": 1  }
	}
]