[
	{
		"file": "game:shapes/item/food/fruit/breadfruit.json",
		"op": "replace",
		"path": "/textureWidth",
		"value": 8
	},
	{
		"file": "game:shapes/item/food/fruit/breadfruit.json",
		"op": "replace",
		"path": "/textureHeight",
		"value": 8
	},
	{
		"file": "game:shapes/item/food/fruit/breadfruit.json",
		"op": "replace",
		"path": "/textures",
		"value": {
			"breadfruit": "game:item/food/fruit/breadfruit"
		}
	},
	{
		"file": "game:shapes/item/food/fruit/breadfruit.json",
		"op": "replace",
		"path": "/elements",
		"value": [
			{
				"name": "origin",
				"from": [ 8.0, 0.0, 8.0 ],
				"to": [ 8.0, 0.0, 8.0 ],
				"rotationOrigin": [ 8.0, 0.0, 8.0 ],
				"faces": {
					"north": {
						"texture": "#breadfruit",
						"uv": [ 0.0, 0.0, 0.5, 0.5 ],
						"enabled": false
					},
					"east": {
						"texture": "#breadfruit",
						"uv": [ 0.0, 0.0, 0.5, 0.5 ],
						"enabled": false
					},
					"south": {
						"texture": "#breadfruit",
						"uv": [ 0.0, 0.0, 0.5, 0.5 ],
						"enabled": false
					},
					"west": {
						"texture": "#breadfruit",
						"uv": [ 0.0, 0.0, 0.5, 0.5 ],
						"enabled": false
					},
					"up": {
						"texture": "#breadfruit",
						"uv": [ 0.0, 0.0, 0.5, 0.5 ],
						"enabled": false
					},
					"down": {
						"texture": "#breadfruit",
						"uv": [ 0.0, 0.0, 0.5, 0.5 ],
						"enabled": false
					}
				},
				"children": [
					{
						"name": "body",
						"from": [ 0.5, 2.0, -2.0 ],
						"to": [ 4.5, 7.0, 2.0 ],
						"rotationOrigin": [ 2.5, 2.0, 0.0 ],
						"rotationZ": 90.0,
						"faces": {
							"north": {
								"texture": "#breadfruit",
								"uv": [ 1.5, 4.0, 6.5, 8.0 ],
								"rotation": 90
							},
							"east": {
								"texture": "#breadfruit",
								"uv": [ 1.0, 4.0, 6.0, 8.0 ],
								"rotation": 90
							},
							"south": {
								"texture": "#breadfruit",
								"uv": [ 1.0, 4.0, 6.0, 8.0 ],
								"rotation": 90
							},
							"west": {
								"texture": "#breadfruit",
								"uv": [ 1.5, 4.0, 6.5, 8.0 ],
								"rotation": 90
							},
							"up": {
								"texture": "#breadfruit",
								"uv": [ 0.0, 4.0, 4.0, 8.0 ]
							},
							"down": {
								"texture": "#breadfruit",
								"uv": [ 4.0, 4.0, 8.0, 8.0 ]
							}
						},
						"children": [
							{
								"name": "bottom",
								"from": [ 0.5, -1.0, 0.5 ],
								"to": [ 3.5, 6.0, 3.5 ],
								"rotationOrigin": [ 2.0, 0.0, 2.0 ],
								"faces": {
									"north": {
										"texture": "#breadfruit",
										"uv": [ 0.5, 4.5, 7.5, 7.5 ],
										"rotation": 90
									},
									"east": {
										"texture": "#breadfruit",
										"uv": [ 0.5, 4.5, 7.5, 7.5 ],
										"rotation": 90
									},
									"south": {
										"texture": "#breadfruit",
										"uv": [ 0.0, 4.0, 7.0, 7.0 ],
										"rotation": 90
									},
									"west": {
										"texture": "#breadfruit",
										"uv": [ 0.0, 4.5, 7.0, 7.5 ],
										"rotation": 90
									},
									"up": {
										"texture": "#breadfruit",
										"uv": [ 0.0, 4.5, 3.0, 7.5 ],
										"windMode": [ -1, -1, -1, -1 ]
									},
									"down": {
										"texture": "#breadfruit",
										"uv": [ 4.0, 4.5, 7.0, 7.5 ]
									}
								}
							},
							{
								"name": "dongle",
								"from": [ 1.5, 5.7, 1.5 ],
								"to": [ 2.5, 7.7, 2.5 ],
								"rotationOrigin": [ 2.0, 5.7, 2.0 ],
								"rotationX": -22.5,
								"rotationY": -45.0,
								"rotationZ": -22.5,
								"faces": {
									"north": {
										"texture": "#breadfruit",
										"uv": [ 2.5, 2.0, 3.5, 4.0 ]
									},
									"east": {
										"texture": "#breadfruit",
										"uv": [ 2.5, 2.0, 3.5, 4.0 ]
									},
									"south": {
										"texture": "#breadfruit",
										"uv": [ 2.5, 2.0, 3.5, 4.0 ]
									},
									"west": {
										"texture": "#breadfruit",
										"uv": [ 2.5, 2.0, 3.5, 4.0 ]
									},
									"up": {
										"texture": "#breadfruit",
										"uv": [ 2.5, 3.0, 3.5, 4.0 ]
									},
									"down": {
										"texture": "#breadfruit",
										"uv": [ 0.0, 0.0, 1.0, 1.0 ],
										"enabled": false
									}
								}
							}
						]
					}
				]
			}
		]
	}
]