[
	{
		"file": "game:shapes/item/food/fruit/cherry.json",
		"op": "replace",
		"path": "/textureWidth",
		"value": 8
	},
	{
		"file": "game:shapes/item/food/fruit/cherry.json",
		"op": "replace",
		"path": "/textureHeight",
		"value": 8
	},
	{
		"file": "game:shapes/item/food/fruit/cherry.json",
		"op": "replace",
		"path": "/textures",
		"value": {
			"cherry": "game:item/food/fruit/cherry"
		}
	},
	{
		"file": "game:shapes/item/food/fruit/cherry.json",
		"op": "replace",
		"path": "/elements",
		"value": [

			{
				"name": "origin",
				"from": [ 8.0, 0.0, 8.0 ],
				"to": [ 8.0, 0.0, 8.0 ],
				"rotationOrigin": [ 8.0, 0.0, 8.0 ],
				"faces": {
					"north": {
						"texture": "#cherry",
						"uv": [ 0.0, 0.0, 0.5, 0.5 ],
						"enabled": false
					},
					"east": {
						"texture": "#cherry",
						"uv": [ 0.0, 0.0, 0.5, 0.5 ],
						"enabled": false
					},
					"south": {
						"texture": "#cherry",
						"uv": [ 0.0, 0.0, 0.5, 0.5 ],
						"enabled": false
					},
					"west": {
						"texture": "#cherry",
						"uv": [ 0.0, 0.0, 0.5, 0.5 ],
						"enabled": false
					},
					"up": {
						"texture": "#cherry",
						"uv": [ 0.0, 0.0, 0.5, 0.5 ],
						"enabled": false
					},
					"down": {
						"texture": "#cherry",
						"uv": [ 0.0, 0.0, 0.5, 0.5 ],
						"enabled": false
					}
				},
				"children": [
					{
						"name": "cherry1",
						"from": [ -3.0, 0.0, -1.0 ],
						"to": [ -1.0, 2.0, 1.0 ],
						"rotationOrigin": [ -2.0, 0.0, 0.0 ],
						"rotationY": -45.0,
						"faces": {
							"north": {
								"texture": "#cherry",
								"uv": [ 0.5, 5.5, 2.5, 7.5 ]
							},
							"east": {
								"texture": "#cherry",
								"uv": [ 1.0, 5.5, 3.0, 7.5 ],
								"windMode": [ -1, -1, -1, -1 ]
							},
							"south": {
								"texture": "#cherry",
								"uv": [ 0.5, 5.5, 2.5, 7.5 ],
								"windMode": [ -1, -1, -1, -1 ]
							},
							"west": {
								"texture": "#cherry",
								"uv": [ 1.0, 5.5, 3.0, 7.5 ],
								"windMode": [ -1, -1, -1, -1 ]
							},
							"up": {
								"texture": "#cherry",
								"uv": [ 0.5, 5.5, 2.5, 7.5 ],
								"windMode": [ -1, -1, -1, -1 ]
							},
							"down": {
								"texture": "#cherry",
								"uv": [ 0.5, 4.5, 2.5, 6.5 ],
								"windMode": [ -1, -1, -1, -1 ]
							}
						},
						"children": [
							{
								"name": "stem1",
								"from": [ 0.7, 1.7, 0.7 ],
								"to": [ 1.3, 5.7, 1.3 ],
								"rotationOrigin": [ 1.0, 1.7, 1.0 ],
								"rotationX": -45.0,
								"faces": {
									"north": {
										"texture": "#cherry",
										"uv": [ 7.5, 2.0, 8.0, 6.0 ],
										"windMode": [ -1, -1, -1, -1 ]
									},
									"east": {
										"texture": "#cherry",
										"uv": [ 7.5, 2.0, 8.0, 6.0 ],
										"windMode": [ -1, -1, -1, -1 ]
									},
									"south": {
										"texture": "#cherry",
										"uv": [ 7.5, 2.0, 8.0, 6.0 ],
										"windMode": [ -1, -1, -1, -1 ]
									},
									"west": {
										"texture": "#cherry",
										"uv": [ 7.5, 2.0, 8.0, 6.0 ],
										"windMode": [ -1, -1, -1, -1 ]
									},
									"up": {
										"texture": "#cherry",
										"uv": [ 0.0, 0.0, 0.5, 0.5 ],
										"enabled": false
									},
									"down": {
										"texture": "#cherry",
										"uv": [ 0.0, 0.0, 0.5, 0.5 ],
										"enabled": false
									}
								}
							}
						]
					},
					{
						"name": "cherry2",
						"from": [ 1.0, 0.0, -1.0 ],
						"to": [ 3.0, 2.0, 1.0 ],
						"rotationOrigin": [ 2.0, 0.0, 0.0 ],
						"rotationY": -45.0,
						"faces": {
							"north": {
								"texture": "#cherry",
								"uv": [ 0.0, 5.5, 2.0, 7.5 ],
								"windMode": [ -1, -1, -1, -1 ]
							},
							"east": {
								"texture": "#cherry",
								"uv": [ 0.0, 5.5, 2.0, 7.5 ],
								"windMode": [ -1, -1, -1, -1 ]
							},
							"south": {
								"texture": "#cherry",
								"uv": [ 0.0, 5.5, 2.0, 7.5 ],
								"windMode": [ -1, -1, -1, -1 ]
							},
							"west": {
								"texture": "#cherry",
								"uv": [ 0.0, 5.5, 2.0, 7.5 ],
								"windMode": [ -1, -1, -1, -1 ]
							},
							"up": {
								"texture": "#cherry",
								"uv": [ 0.0, 5.5, 2.0, 7.5 ],
								"windMode": [ -1, -1, -1, -1 ]
							},
							"down": {
								"texture": "#cherry",
								"uv": [ 0.0, 5.5, 2.0, 7.5 ],
								"windMode": [ -1, -1, -1, -1 ]
							}
						},
						"children": [
							{
								"name": "stem2",
								"from": [ 0.7, 1.7, 0.7 ],
								"to": [ 1.3, 5.7, 1.3 ],
								"rotationOrigin": [ 1.0, 1.7, 1.0 ],
								"rotationZ": 45.0,
								"faces": {
									"north": {
										"texture": "#cherry",
										"uv": [ 7.5, 2.0, 8.0, 6.0 ],
										"windMode": [ -1, -1, -1, -1 ]
									},
									"east": {
										"texture": "#cherry",
										"uv": [ 7.5, 2.0, 8.0, 6.0 ],
										"windMode": [ -1, -1, -1, -1 ]
									},
									"south": {
										"texture": "#cherry",
										"uv": [ 7.5, 2.0, 8.0, 6.0 ],
										"windMode": [ -1, -1, -1, -1 ]
									},
									"west": {
										"texture": "#cherry",
										"uv": [ 7.5, 2.0, 8.0, 6.0 ],
										"windMode": [ -1, -1, -1, -1 ]
									},
									"up": {
										"texture": "#cherry",
										"uv": [ 0.0, 0.0, 0.5, 0.5 ],
										"enabled": false
									},
									"down": {
										"texture": "#cherry",
										"uv": [ 0.0, 0.0, 0.5, 0.5 ],
										"enabled": false
									}
								}
							}
						]
					},
					{
						"name": "wood",
						"from": [ -0.5, 3.8, -2.5 ],
						"to": [ 0.5, 4.8, -1.5 ],
						"rotationOrigin": [ 0.0, 3.8, -2.0 ],
						"faces": {
							"north": {
								"texture": "#cherry",
								"uv": [ 7.0, 2.0, 8.0, 3.0 ],
								"windMode": [ -1, -1, -1, -1 ]
							},
							"east": {
								"texture": "#cherry",
								"uv": [ 7.0, 2.0, 8.0, 3.0 ],
								"windMode": [ -1, -1, -1, -1 ]
							},
							"south": {
								"texture": "#cherry",
								"uv": [ 7.0, 2.0, 8.0, 3.0 ],
								"windMode": [ -1, -1, -1, -1 ]
							},
							"west": {
								"texture": "#cherry",
								"uv": [ 7.0, 2.0, 8.0, 3.0 ],
								"windMode": [ -1, -1, -1, -1 ]
							},
							"up": {
								"texture": "#cherry",
								"uv": [ 7.0, 2.0, 8.0, 3.0 ],
								"windMode": [ -1, -1, -1, -1 ]
							},
							"down": {
								"texture": "#cherry",
								"uv": [ 7.0, 2.0, 8.0, 3.0 ],
								"windMode": [ -1, -1, -1, -1 ]
							}
						},
						"children": [
							{
								"name": "leaf",
								"from": [ 0.5, 0.0, 0.5 ],
								"to": [ 5.5, 2.5, 0.5 ],
								"rotationOrigin": [ 0.5, 1.0, 0.5 ],
								"rotationZ": 22.5,
								"faces": {
									"north": {
										"texture": "#cherry",
										"uv": [ 0.0, 0.0, 5.0, 2.5 ],
										"enabled": false
									},
									"east": {
										"texture": "#cherry",
										"uv": [ 0.0, 0.0, 0.5, 2.5 ],
										"enabled": false
									},
									"south": {
										"texture": "#cherry",
										"uv": [ 1.5, 1.0, 6.5, 3.5 ],
										"windMode": [ -1, -1, -1, -1 ]
									},
									"west": {
										"texture": "#cherry",
										"uv": [ 0.0, 0.0, 0.5, 2.5 ],
										"enabled": false
									},
									"up": {
										"texture": "#cherry",
										"uv": [ 0.0, 0.0, 5.0, 0.5 ],
										"enabled": false
									},
									"down": {
										"texture": "#cherry",
										"uv": [ 0.0, 0.0, 5.0, 0.5 ],
										"enabled": false
									}
								}
							}
						]
					}
				]
			}
		]
	}
]