[
	{
		"file": "game:shapes/item/food/fruit/lychee.json",
		"op": "replace",
		"path": "/textures",
		"value": {
			"lychee": "game:item/food/fruit/lychee"
		}
	},
	{
		"file": "game:shapes/item/food/fruit/lychee.json",
		"op": "replace",
		"path": "/elements",
		"value": [
			{
				"name": "Cube2",
				"from": [ 6.5, 0.0, 5.0 ],
				"to": [ 8.5, 2.0, 7.5 ],
				"rotationOrigin": [ 7.5, 0.0, 6.0 ],
				"rotationY": 67.5,
				"faces": {
					"north": {
						"texture": "#lychee",
						"uv": [ 3.0, 12.0, 5.0, 14.0 ]
					},
					"east": {
						"texture": "#lychee",
						"uv": [ 3.0, 12.0, 5.0, 14.0 ]
					},
					"south": {
						"texture": "#lychee",
						"uv": [ 3.0, 13.0, 5.0, 15.0 ]
					},
					"west": {
						"texture": "#lychee",
						"uv": [ 3.0, 13.0, 5.0, 15.0 ]
					},
					"up": {
						"texture": "#lychee",
						"uv": [ 3.0, 12.0, 5.0, 14.0 ]
					},
					"down": {
						"texture": "#lychee",
						"uv": [ 4.0, 12.0, 6.0, 14.0 ]
					}
				},
				"children": [
					{
						"name": "Cube12",
						"from": [ 1.0, 0.8, 0.8 ],
						"to": [ 1.4, 1.2, 2.3 ],
						"rotationOrigin": [ 1.2, 1.0, 2.3 ],
						"rotationX": -22.5,
						"rotationY": -180.0,
						"rotationZ": 22.5,
						"faces": {
							"north": {
								"texture": "#lychee",
								"uv": [ 4.0, 7.0, 5.0, 8.0 ]
							},
							"east": {
								"texture": "#lychee",
								"uv": [ 4.0, 6.0, 5.0, 7.0 ]
							},
							"south": {
								"texture": "#lychee",
								"uv": [ 4.0, 6.0, 5.0, 7.0 ]
							},
							"west": {
								"texture": "#lychee",
								"uv": [ 4.0, 6.0, 5.0, 7.0 ]
							},
							"up": {
								"texture": "#lychee",
								"uv": [ 4.0, 6.0, 5.0, 7.0 ]
							},
							"down": {
								"texture": "#lychee",
								"uv": [ 4.0, 6.0, 5.0, 7.0 ]
							}
						}
					}
				]
			},
			{
				"name": "Cube6",
				"from": [ 3.0, 0.0, 7.0 ],
				"to": [ 5.0, 2.0, 9.5 ],
				"rotationOrigin": [ 4.0, 0.0, 8.0 ],
				"rotationY": -67.5,
				"faces": {
					"north": {
						"texture": "#lychee",
						"uv": [ 2.0, 10.0, 4.0, 12.0 ]
					},
					"east": {
						"texture": "#lychee",
						"uv": [ 2.0, 12.0, 4.0, 14.0 ]
					},
					"south": {
						"texture": "#lychee",
						"uv": [ 3.0, 12.0, 5.0, 14.0 ]
					},
					"west": {
						"texture": "#lychee",
						"uv": [ 3.0, 11.0, 5.0, 13.0 ]
					},
					"up": {
						"texture": "#lychee",
						"uv": [ 4.0, 11.0, 6.0, 13.0 ]
					},
					"down": {
						"texture": "#lychee",
						"uv": [ 1.0, 13.0, 3.0, 15.0 ]
					}
				},
				"children": [
					{
						"name": "Cube13",
						"from": [ 0.8, 0.8, 2.5 ],
						"to": [ 1.2, 1.2, 2.6 ],
						"rotationOrigin": [ 1.0, 1.0, 2.5 ],
						"faces": {
							"north": {
								"texture": "#lychee",
								"uv": [ 4.0, 6.0, 5.0, 7.0 ]
							},
							"east": {
								"texture": "#lychee",
								"uv": [ 4.0, 7.0, 5.0, 8.0 ]
							},
							"south": {
								"texture": "#lychee",
								"uv": [ 4.0, 6.0, 5.0, 7.0 ]
							},
							"west": {
								"texture": "#lychee",
								"uv": [ 4.0, 6.0, 5.0, 7.0 ]
							},
							"up": {
								"texture": "#lychee",
								"uv": [ 4.0, 6.0, 5.0, 7.0 ]
							},
							"down": {
								"texture": "#lychee",
								"uv": [ 4.0, 5.0, 5.0, 6.0 ]
							}
						}
					}
				]
			},
			{
				"name": "Cube7split",
				"from": [ 3.0, 0.0, 11.0 ],
				"to": [ 4.0, 2.0, 13.5 ],
				"rotationOrigin": [ 4.0, 0.0, 12.0 ],
				"rotationY": -45.0,
				"faces": {
					"north": {
						"texture": "#lychee",
						"uv": [ 4.0, 10.0, 5.0, 12.0 ],
						"windMode": [ -1, -1, -1, -1 ]
					},
					"east": {
						"texture": "#lychee",
						"uv": [ 4.0, 13.0, 6.0, 15.0 ],
						"enabled": false,
						"windMode": [ -1, -1, -1, -1 ]
					},
					"south": {
						"texture": "#lychee",
						"uv": [ 4.0, 12.0, 5.0, 14.0 ],
						"windMode": [ -1, -1, -1, -1 ]
					},
					"west": {
						"texture": "#lychee",
						"uv": [ 4.0, 10.0, 6.0, 12.0 ],
						"rotation": 90,
						"windMode": [ -1, -1, -1, -1 ]
					},
					"up": {
						"texture": "#lychee",
						"uv": [ 4.0, 12.0, 5.0, 14.0 ],
						"windMode": [ -1, -1, -1, -1 ]
					},
					"down": {
						"texture": "#lychee",
						"uv": [ 3.0, 10.0, 4.0, 12.0 ]
					}
				},
				"children": [
					{
						"name": "Cube7split9",
						"from": [ 1.0, 0.0, 0.0 ],
						"to": [ 2.0, 2.0, 2.5 ],
						"rotationOrigin": [ 1.0, 0.0, 0.0 ],
						"rotationY": 45.0,
						"faces": {
							"north": {
								"texture": "#lychee",
								"uv": [ 4.0, 9.0, 5.0, 11.0 ],
								"windMode": [ -1, -1, -1, -1 ]
							},
							"east": {
								"texture": "#lychee",
								"uv": [ 3.0, 11.0, 5.0, 13.0 ],
								"rotation": 90,
								"windMode": [ -1, -1, -1, -1 ]
							},
							"south": {
								"texture": "#lychee",
								"uv": [ 1.0, 9.0, 2.0, 11.0 ]
							},
							"west": {
								"texture": "#lychee",
								"uv": [ 2.0, 13.0, 4.0, 15.0 ],
								"enabled": false,
								"windMode": [ -1, -1, -1, -1 ]
							},
							"up": {
								"texture": "#lychee",
								"uv": [ 0.0, 10.0, 1.0, 12.0 ],
								"windMode": [ -1, -1, -1, -1 ]
							},
							"down": {
								"texture": "#lychee",
								"uv": [ 2.0, 12.0, 3.0, 14.0 ]
							}
						}
					},
					{
						"name": "Core",
						"from": [ 0.2, 0.2, 0.1 ],
						"to": [ 1.8, 1.8, 2.1 ],
						"rotationOrigin": [ 1.0, 0.2, 0.1 ],
						"rotationY": 22.5,
						"faces": {
							"north": {
								"texture": "#lychee",
								"uv": [ 11.0, 14.0, 12.0, 15.0 ]
							},
							"east": {
								"texture": "#lychee",
								"uv": [ 10.0, 14.0, 12.0, 15.0 ]
							},
							"south": {
								"texture": "#lychee",
								"uv": [ 9.0, 13.0, 10.0, 14.0 ]
							},
							"west": {
								"texture": "#lychee",
								"uv": [ 10.0, 14.0, 12.0, 15.0 ]
							},
							"up": {
								"texture": "#lychee",
								"uv": [ 11.0, 14.0, 12.0, 16.0 ]
							},
							"down": {
								"texture": "#lychee",
								"uv": [ 11.0, 14.0, 12.0, 16.0 ]
							}
						}
					}
				]
			},
			{
				"name": "Cube8",
				"from": [ 9.0, 0.0, 12.0 ],
				"to": [ 11.0, 2.0, 14.5 ],
				"rotationOrigin": [ 10.0, 0.0, 13.0 ],
				"rotationY": 90.0,
				"faces": {
					"north": {
						"texture": "#lychee",
						"uv": [ 4.0, 12.0, 6.0, 14.0 ]
					},
					"east": {
						"texture": "#lychee",
						"uv": [ 1.0, 10.0, 3.0, 12.0 ]
					},
					"south": {
						"texture": "#lychee",
						"uv": [ 3.0, 10.0, 5.0, 12.0 ]
					},
					"west": {
						"texture": "#lychee",
						"uv": [ 4.0, 12.0, 6.0, 14.0 ]
					},
					"up": {
						"texture": "#lychee",
						"uv": [ 3.0, 12.0, 5.0, 14.0 ]
					},
					"down": {
						"texture": "#lychee",
						"uv": [ 2.0, 11.0, 4.0, 13.0 ]
					}
				},
				"children": [
					{
						"name": "Cube11",
						"from": [ 0.8, 0.8, -1.3 ],
						"to": [ 1.2, 1.2, 0.2 ],
						"rotationOrigin": [ 1.0, 1.0, 0.2 ],
						"rotationX": 22.5,
						"rotationY": -22.5,
						"faces": {
							"north": {
								"texture": "#lychee",
								"uv": [ 4.0, 6.0, 5.0, 7.0 ]
							},
							"east": {
								"texture": "#lychee",
								"uv": [ 4.0, 6.0, 5.0, 7.0 ]
							},
							"south": {
								"texture": "#lychee",
								"uv": [ 4.0, 6.0, 5.0, 7.0 ]
							},
							"west": {
								"texture": "#lychee",
								"uv": [ 4.0, 6.0, 5.0, 7.0 ]
							},
							"up": {
								"texture": "#lychee",
								"uv": [ 4.0, 6.0, 5.0, 7.0 ]
							},
							"down": {
								"texture": "#lychee",
								"uv": [ 4.0, 6.0, 5.0, 7.0 ]
							}
						}
					}
				]
			},
			{
				"name": "Cube14",
				"from": [ 4.0, 0.0, 3.0 ],
				"to": [ 6.0, 2.0, 5.5 ],
				"rotationOrigin": [ 5.0, 0.0, 4.0 ],
				"rotationY": -157.5,
				"faces": {
					"north": {
						"texture": "#lychee",
						"uv": [ 4.0, 10.0, 6.0, 12.0 ]
					},
					"east": {
						"texture": "#lychee",
						"uv": [ 4.0, 10.0, 6.0, 12.0 ]
					},
					"south": {
						"texture": "#lychee",
						"uv": [ 3.0, 9.0, 5.0, 11.0 ]
					},
					"west": {
						"texture": "#lychee",
						"uv": [ 4.0, 13.0, 6.0, 15.0 ]
					},
					"up": {
						"texture": "#lychee",
						"uv": [ 3.0, 11.0, 5.0, 13.0 ]
					},
					"down": {
						"texture": "#lychee",
						"uv": [ 1.0, 13.0, 3.0, 15.0 ]
					}
				},
				"children": [
					{
						"name": "Cube14",
						"from": [ 0.8, 0.8, 2.5 ],
						"to": [ 1.2, 1.2, 2.6 ],
						"rotationOrigin": [ 1.0, 1.0, 2.5 ],
						"faces": {
							"north": {
								"texture": "#lychee",
								"uv": [ 4.0, 6.0, 5.0, 7.0 ]
							},
							"east": {
								"texture": "#lychee",
								"uv": [ 4.0, 6.0, 5.0, 7.0 ]
							},
							"south": {
								"texture": "#lychee",
								"uv": [ 4.0, 6.0, 5.0, 7.0 ]
							},
							"west": {
								"texture": "#lychee",
								"uv": [ 4.0, 7.0, 5.0, 8.0 ]
							},
							"up": {
								"texture": "#lychee",
								"uv": [ 4.0, 7.0, 5.0, 8.0 ]
							},
							"down": {
								"texture": "#lychee",
								"uv": [ 4.0, 5.0, 5.0, 6.0 ]
							}
						}
					}
				]
			},
			{
				"name": "Cube15",
				"from": [ 10.0, 0.0, 3.0 ],
				"to": [ 12.0, 2.0, 5.5 ],
				"rotationOrigin": [ 11.0, 0.0, 4.0 ],
				"rotationY": 22.5,
				"faces": {
					"north": {
						"texture": "#lychee",
						"uv": [ 1.0, 9.0, 3.0, 11.0 ]
					},
					"east": {
						"texture": "#lychee",
						"uv": [ 2.0, 11.0, 4.0, 13.0 ]
					},
					"south": {
						"texture": "#lychee",
						"uv": [ 2.0, 9.0, 4.0, 11.0 ]
					},
					"west": {
						"texture": "#lychee",
						"uv": [ 3.0, 13.0, 5.0, 15.0 ]
					},
					"up": {
						"texture": "#lychee",
						"uv": [ 2.0, 13.0, 4.0, 15.0 ]
					},
					"down": {
						"texture": "#lychee",
						"uv": [ 3.0, 10.0, 5.0, 12.0 ]
					}
				},
				"children": [
					{
						"name": "Cube15",
						"from": [ 0.8, 0.8, 2.5 ],
						"to": [ 1.2, 1.2, 2.6 ],
						"rotationOrigin": [ 1.0, 1.0, 2.5 ],
						"faces": {
							"north": {
								"texture": "#lychee",
								"uv": [ 4.0, 7.0, 5.0, 8.0 ]
							},
							"east": {
								"texture": "#lychee",
								"uv": [ 4.0, 6.0, 5.0, 7.0 ]
							},
							"south": {
								"texture": "#lychee",
								"uv": [ 4.0, 6.0, 5.0, 7.0 ]
							},
							"west": {
								"texture": "#lychee",
								"uv": [ 4.0, 6.0, 5.0, 7.0 ]
							},
							"up": {
								"texture": "#lychee",
								"uv": [ 4.0, 6.0, 5.0, 7.0 ]
							},
							"down": {
								"texture": "#lychee",
								"uv": [ 4.0, 6.0, 5.0, 7.0 ]
							}
						}
					}
				]
			},
			{
				"name": "Cube16",
				"from": [ 6.0, 0.0, 8.0 ],
				"to": [ 8.0, 2.0, 10.5 ],
				"rotationOrigin": [ 7.0, 0.0, 9.0 ],
				"rotationY": 45.0,
				"faces": {
					"north": {
						"texture": "#lychee",
						"uv": [ 5.0, 12.0, 7.0, 14.0 ]
					},
					"east": {
						"texture": "#lychee",
						"uv": [ 3.0, 12.0, 5.0, 14.0 ]
					},
					"south": {
						"texture": "#lychee",
						"uv": [ 5.0, 9.0, 7.0, 11.0 ]
					},
					"west": {
						"texture": "#lychee",
						"uv": [ 5.0, 13.0, 7.0, 15.0 ]
					},
					"up": {
						"texture": "#lychee",
						"uv": [ 5.0, 11.0, 7.0, 13.0 ]
					},
					"down": {
						"texture": "#lychee",
						"uv": [ 2.0, 9.0, 4.0, 11.0 ]
					}
				},
				"children": [
					{
						"name": "Cube16",
						"from": [ 0.8, 0.8, 2.5 ],
						"to": [ 1.2, 1.2, 2.6 ],
						"rotationOrigin": [ 1.0, 1.0, 2.5 ],
						"faces": {
							"north": {
								"texture": "#lychee",
								"uv": [ 4.0, 6.0, 5.0, 7.0 ]
							},
							"east": {
								"texture": "#lychee",
								"uv": [ 4.0, 5.0, 5.0, 6.0 ]
							},
							"south": {
								"texture": "#lychee",
								"uv": [ 4.0, 6.0, 5.0, 7.0 ]
							},
							"west": {
								"texture": "#lychee",
								"uv": [ 4.0, 6.0, 5.0, 7.0 ]
							},
							"up": {
								"texture": "#lychee",
								"uv": [ 4.0, 5.0, 5.0, 6.0 ]
							},
							"down": {
								"texture": "#lychee",
								"uv": [ 4.0, 6.0, 5.0, 7.0 ]
							}
						}
					}
				]
			},
			{
				"name": "Cube17",
				"from": [ 10.0, 0.0, 8.0 ],
				"to": [ 12.0, 2.0, 10.5 ],
				"rotationOrigin": [ 11.0, 0.0, 9.0 ],
				"rotationY": 135.0,
				"faces": {
					"north": {
						"texture": "#lychee",
						"uv": [ 2.0, 11.0, 4.0, 13.0 ]
					},
					"east": {
						"texture": "#lychee",
						"uv": [ 3.0, 12.0, 5.0, 14.0 ]
					},
					"south": {
						"texture": "#lychee",
						"uv": [ 5.0, 12.0, 7.0, 14.0 ]
					},
					"west": {
						"texture": "#lychee",
						"uv": [ 1.0, 11.0, 3.0, 13.0 ]
					},
					"up": {
						"texture": "#lychee",
						"uv": [ 4.0, 13.0, 6.0, 15.0 ]
					},
					"down": {
						"texture": "#lychee",
						"uv": [ 5.0, 13.0, 7.0, 15.0 ]
					}
				},
				"children": [
					{
						"name": "Cube17",
						"from": [ 0.8, 0.8, 2.5 ],
						"to": [ 1.2, 1.2, 2.6 ],
						"rotationOrigin": [ 1.0, 1.0, 2.5 ],
						"faces": {
							"north": {
								"texture": "#lychee",
								"uv": [ 4.0, 6.0, 5.0, 7.0 ]
							},
							"east": {
								"texture": "#lychee",
								"uv": [ 4.0, 6.0, 5.0, 7.0 ]
							},
							"south": {
								"texture": "#lychee",
								"uv": [ 4.0, 6.0, 5.0, 7.0 ]
							},
							"west": {
								"texture": "#lychee",
								"uv": [ 4.0, 5.0, 5.0, 6.0 ]
							},
							"up": {
								"texture": "#lychee",
								"uv": [ 4.0, 6.0, 5.0, 7.0 ]
							},
							"down": {
								"texture": "#lychee",
								"uv": [ 4.0, 6.0, 5.0, 7.0 ]
							}
						}
					}
				]
			}
		]
	}
]