[
	{
		"file": "game:shapes/item/food/fruit/olive.json",
		"op": "replace",
		"path": "/textureWidth",
		"value": 8
	},
	{
		"file": "game:shapes/item/food/fruit/olive.json",
		"op": "replace",
		"path": "/textureHeight",
		"value": 8
	},
	{
		"file": "game:shapes/item/food/fruit/olive.json",
		"op": "replace",
		"path": "/textures",
		"value": {
			"olive": "game:item/food/fruit/olive"
		}
	},
	{
		"file": "game:shapes/item/food/fruit/olive.json",
		"op": "replace",
		"path": "/elements",
		"value": [

			{
				"name": "origin",
				"from": [ 8.0, 0.0, 8.0 ],
				"to": [ 8.0, 0.0, 8.0 ],
				"rotationOrigin": [ 8.0, 0.0, 8.0 ],
				"faces": {
					"north": {
						"texture": "#olive",
						"uv": [ 0.0, 0.0, 0.5, 0.5 ],
						"enabled": false,
						"windMode": [ -1, -1, -1, -1 ]
					},
					"east": {
						"texture": "#olive",
						"uv": [ 0.0, 0.0, 0.5, 0.5 ],
						"enabled": false
					},
					"south": {
						"texture": "#olive",
						"uv": [ 0.0, 0.0, 0.5, 0.5 ],
						"enabled": false
					},
					"west": {
						"texture": "#olive",
						"uv": [ 0.0, 0.0, 0.5, 0.5 ],
						"enabled": false
					},
					"up": {
						"texture": "#olive",
						"uv": [ 0.0, 0.0, 0.5, 0.5 ],
						"enabled": false
					},
					"down": {
						"texture": "#olive",
						"uv": [ 0.0, 0.0, 0.5, 0.5 ],
						"enabled": false
					}
				},
				"children": [
					{
						"name": "branch",
						"from": [ -0.3, 2.0, -3.3 ],
						"to": [ 0.3, 10.0, -2.7 ],
						"rotationOrigin": [ 0.0, 2.0, -3.0 ],
						"rotationX": 72.0,
						"faces": {
							"north": {
								"texture": "#olive",
								"uv": [ 4.5, 0.0, 5.0, 8.0 ],
								"windMode": [ -1, -1, -1, -1 ]
							},
							"east": {
								"texture": "#olive",
								"uv": [ 4.5, 0.0, 5.0, 8.0 ],
								"rotation": 180,
								"windMode": [ -1, -1, -1, -1 ]
							},
							"south": {
								"texture": "#olive",
								"uv": [ 4.5, 0.0, 5.0, 8.0 ],
								"windMode": [ -1, -1, -1, -1 ]
							},
							"west": {
								"texture": "#olive",
								"uv": [ 4.5, 0.0, 5.0, 8.0 ],
								"windMode": [ -1, -1, -1, -1 ]
							},
							"up": {
								"texture": "#olive",
								"uv": [ 4.5, 4.5, 5.0, 5.0 ],
								"windMode": [ -1, -1, -1, -1 ]
							},
							"down": {
								"texture": "#olive",
								"uv": [ 4.5, 6.5, 5.0, 7.0 ],
								"windMode": [ -1, -1, -1, -1 ]
							}
						},
						"children": [
							{
								"name": "olive1",
								"from": [ 0.7, -0.7, 0.0 ],
								"to": [ 1.7, 1.3, 1.0 ],
								"rotationOrigin": [ 1.2, 1.3, 0.5 ],
								"rotationX": -45.0,
								"rotationY": 45.0,
								"faces": {
									"north": {
										"texture": "#olive",
										"uv": [ 1.5, 6.0, 2.5, 8.0 ],
										"windMode": [ -1, -1, -1, -1 ]
									},
									"east": {
										"texture": "#olive",
										"uv": [ 1.5, 4.0, 2.5, 6.0 ],
										"windMode": [ -1, -1, -1, -1 ]
									},
									"south": {
										"texture": "#olive",
										"uv": [ 1.5, 4.0, 2.5, 6.0 ],
										"windMode": [ -1, -1, -1, -1 ]
									},
									"west": {
										"texture": "#olive",
										"uv": [ 1.5, 4.0, 2.5, 6.0 ],
										"windMode": [ -1, -1, -1, -1 ]
									},
									"up": {
										"texture": "#olive",
										"uv": [ 0.0, 4.5, 1.0, 5.5 ],
										"windMode": [ -1, -1, -1, -1 ]
									},
									"down": {
										"texture": "#olive",
										"uv": [ 0.0, 6.5, 1.0, 7.5 ],
										"windMode": [ -1, -1, -1, -1 ]
									}
								}
							},
							{
								"name": "olive2",
								"from": [ -0.5, -2.0, 0.0 ],
								"to": [ 0.5, 0.0, 1.0 ],
								"rotationOrigin": [ 0.0, 0.0, 0.5 ],
								"rotationX": -45.0,
								"rotationY": 81.0,
								"faces": {
									"north": {
										"texture": "#olive",
										"uv": [ 2.5, 4.0, 3.5, 6.0 ],
										"windMode": [ -1, -1, -1, -1 ]
									},
									"east": {
										"texture": "#olive",
										"uv": [ 3.0, 4.5, 4.0, 6.5 ],
										"windMode": [ -1, -1, -1, -1 ]
									},
									"south": {
										"texture": "#olive",
										"uv": [ 2.5, 4.5, 3.5, 6.5 ],
										"windMode": [ -1, -1, -1, -1 ]
									},
									"west": {
										"texture": "#olive",
										"uv": [ 2.5, 6.0, 3.5, 8.0 ],
										"windMode": [ -1, -1, -1, -1 ]
									},
									"up": {
										"texture": "#olive",
										"uv": [ 3.0, 4.5, 4.0, 5.5 ],
										"windMode": [ -1, -1, -1, -1 ]
									},
									"down": {
										"texture": "#olive",
										"uv": [ 3.0, 6.5, 4.0, 7.5 ],
										"windMode": [ -1, -1, -1, -1 ]
									}
								}
							},
							{
								"name": "olive5",
								"from": [ 0.2, 1.3, 0.0 ],
								"to": [ 1.2, 3.3, 1.0 ],
								"rotationOrigin": [ 0.7, 3.3, 0.5 ],
								"rotationX": -81.0,
								"rotationY": 9.0,
								"rotationZ": 36.0,
								"faces": {
									"north": {
										"texture": "#olive",
										"uv": [ 0.0, 4.0, 1.0, 6.0 ],
										"windMode": [ -1, -1, -1, -1 ]
									},
									"east": {
										"texture": "#olive",
										"uv": [ 0.0, 6.0, 1.0, 8.0 ],
										"windMode": [ -1, -1, -1, -1 ]
									},
									"south": {
										"texture": "#olive",
										"uv": [ 0.0, 6.0, 1.0, 8.0 ],
										"windMode": [ -1, -1, -1, -1 ]
									},
									"west": {
										"texture": "#olive",
										"uv": [ 0.5, 4.0, 1.5, 6.0 ],
										"windMode": [ -1, -1, -1, -1 ]
									},
									"up": {
										"texture": "#olive",
										"uv": [ 0.0, 4.5, 1.0, 5.5 ],
										"windMode": [ -1, -1, -1, -1 ]
									},
									"down": {
										"texture": "#olive",
										"uv": [ 0.0, 6.5, 1.0, 7.5 ],
										"windMode": [ -1, -1, -1, -1 ]
									}
								}
							},
							{
								"name": "olive3",
								"from": [ -0.3, 0.3, 0.0 ],
								"to": [ 0.7, 2.3, 1.0 ],
								"rotationOrigin": [ 0.2, 2.3, 0.5 ],
								"rotationX": -81.0,
								"rotationY": -27.0,
								"rotationZ": -20.0,
								"faces": {
									"north": {
										"texture": "#olive",
										"uv": [ 1.5, 4.0, 2.5, 6.0 ],
										"windMode": [ -1, -1, -1, -1 ]
									},
									"east": {
										"texture": "#olive",
										"uv": [ 0.5, 4.5, 1.5, 6.5 ],
										"windMode": [ -1, -1, -1, -1 ]
									},
									"south": {
										"texture": "#olive",
										"uv": [ 1.5, 6.0, 2.5, 8.0 ],
										"windMode": [ -1, -1, -1, -1 ]
									},
									"west": {
										"texture": "#olive",
										"uv": [ 1.5, 4.0, 2.5, 6.0 ],
										"windMode": [ -1, -1, -1, -1 ]
									},
									"up": {
										"texture": "#olive",
										"uv": [ 1.5, 4.0, 2.5, 5.0 ],
										"windMode": [ -1, -1, -1, -1 ]
									},
									"down": {
										"texture": "#olive",
										"uv": [ 1.5, 6.0, 2.5, 7.0 ],
										"windMode": [ -1, -1, -1, -1 ]
									}
								}
							},
							{
								"name": "olive4",
								"from": [ -0.3, 2.3, 0.0 ],
								"to": [ 0.7, 4.3, 1.0 ],
								"rotationOrigin": [ 0.2, 4.3, 0.5 ],
								"rotationX": -60.0,
								"rotationY": -27.0,
								"rotationZ": -56.0,
								"faces": {
									"north": {
										"texture": "#olive",
										"uv": [ 2.5, 4.5, 3.5, 6.5 ],
										"windMode": [ -1, -1, -1, -1 ]
									},
									"east": {
										"texture": "#olive",
										"uv": [ 1.5, 6.0, 2.5, 8.0 ],
										"windMode": [ -1, -1, -1, -1 ]
									},
									"south": {
										"texture": "#olive",
										"uv": [ 1.5, 6.0, 2.5, 8.0 ],
										"windMode": [ -1, -1, -1, -1 ]
									},
									"west": {
										"texture": "#olive",
										"uv": [ 2.0, 4.0, 3.0, 6.0 ],
										"windMode": [ -1, -1, -1, -1 ]
									},
									"up": {
										"texture": "#olive",
										"uv": [ 1.5, 6.0, 2.5, 7.0 ],
										"windMode": [ -1, -1, -1, -1 ]
									},
									"down": {
										"texture": "#olive",
										"uv": [ 1.5, 4.0, 2.5, 5.0 ],
										"windMode": [ -1, -1, -1, -1 ]
									}
								}
							},
							{
								"name": "olive6",
								"from": [ -0.3, -1.1, 0.2 ],
								"to": [ 0.7, 0.9, 1.2 ],
								"rotationOrigin": [ 0.2, 0.9, 0.7 ],
								"rotationX": -132.0,
								"rotationY": -63.0,
								"rotationZ": -56.0,
								"faces": {
									"north": {
										"texture": "#olive",
										"uv": [ 3.0, 5.0, 4.0, 7.0 ],
										"windMode": [ -1, -1, -1, -1 ]
									},
									"east": {
										"texture": "#olive",
										"uv": [ 3.0, 6.0, 4.0, 8.0 ],
										"windMode": [ -1, -1, -1, -1 ]
									},
									"south": {
										"texture": "#olive",
										"uv": [ 3.0, 6.0, 4.0, 8.0 ],
										"windMode": [ -1, -1, -1, -1 ]
									},
									"west": {
										"texture": "#olive",
										"uv": [ 2.5, 5.0, 3.5, 7.0 ],
										"windMode": [ -1, -1, -1, -1 ]
									},
									"up": {
										"texture": "#olive",
										"uv": [ 3.0, 4.5, 4.0, 5.5 ],
										"windMode": [ -1, -1, -1, -1 ]
									},
									"down": {
										"texture": "#olive",
										"uv": [ 3.0, 6.5, 4.0, 7.5 ],
										"windMode": [ -1, -1, -1, -1 ]
									}
								}
							},
							{
								"name": "olive7",
								"from": [ -0.3, 2.9, 0.2 ],
								"to": [ 0.7, 4.9, 1.2 ],
								"rotationOrigin": [ 0.2, 4.9, 0.7 ],
								"rotationX": -70.0,
								"rotationY": 117.0,
								"rotationZ": -20.0,
								"faces": {
									"north": {
										"texture": "#olive",
										"uv": [ 1.0, 4.5, 2.0, 6.5 ],
										"windMode": [ -1, -1, -1, -1 ]
									},
									"east": {
										"texture": "#olive",
										"uv": [ 1.5, 6.0, 2.5, 8.0 ],
										"windMode": [ -1, -1, -1, -1 ]
									},
									"south": {
										"texture": "#olive",
										"uv": [ 1.5, 6.0, 2.5, 8.0 ],
										"windMode": [ -1, -1, -1, -1 ]
									},
									"west": {
										"texture": "#olive",
										"uv": [ 1.0, 4.0, 2.0, 6.0 ],
										"windMode": [ -1, -1, -1, -1 ]
									},
									"up": {
										"texture": "#olive",
										"uv": [ 1.5, 4.5, 2.5, 5.5 ],
										"windMode": [ -1, -1, -1, -1 ]
									},
									"down": {
										"texture": "#olive",
										"uv": [ 1.5, 6.0, 2.5, 7.0 ],
										"windMode": [ -1, -1, -1, -1 ]
									}
								}
							},
							{
								"name": "leaf1",
								"from": [ -0.5, 0.0, -5.0 ],
								"to": [ 1.0, 0.0, 0.0 ],
								"rotationOrigin": [ 0.3, 0.0, 0.0 ],
								"rotationX": 72.0,
								"rotationY": -72.0,
								"faces": {
									"north": {
										"texture": "#olive",
										"uv": [ 0.0, 0.0, 1.5, 0.5 ],
										"enabled": false,
										"windMode": [ -1, -1, -1, -1 ]
									},
									"east": {
										"texture": "#olive",
										"uv": [ 0.0, 0.0, 5.0, 0.5 ],
										"enabled": false
									},
									"south": {
										"texture": "#olive",
										"uv": [ 0.0, 0.0, 1.5, 0.5 ],
										"enabled": false
									},
									"west": {
										"texture": "#olive",
										"uv": [ 0.0, 0.0, 5.0, 0.5 ],
										"enabled": false
									},
									"up": {
										"texture": "#olive",
										"uv": [ 6.5, 0.0, 8.0, 5.0 ],
										"windMode": [ -1, -1, -1, -1 ]
									},
									"down": {
										"texture": "#olive",
										"uv": [ 0.0, 0.0, 1.5, 5.0 ],
										"enabled": false
									}
								}
							},
							{
								"name": "leaf2",
								"from": [ -0.5, 2.0, -5.0 ],
								"to": [ 1.0, 2.0, 0.0 ],
								"rotationOrigin": [ 0.3, 2.0, 0.0 ],
								"rotationX": 36.0,
								"rotationY": 36.0,
								"rotationZ": -36.0,
								"faces": {
									"north": {
										"texture": "#olive",
										"uv": [ 0.0, 0.0, 1.5, 0.5 ],
										"enabled": false
									},
									"east": {
										"texture": "#olive",
										"uv": [ 0.0, 0.0, 5.0, 0.5 ],
										"enabled": false
									},
									"south": {
										"texture": "#olive",
										"uv": [ 0.0, 0.0, 1.5, 0.5 ],
										"enabled": false
									},
									"west": {
										"texture": "#olive",
										"uv": [ 0.0, 0.0, 5.0, 0.5 ],
										"enabled": false
									},
									"up": {
										"texture": "#olive",
										"uv": [ 5.0, 0.0, 6.5, 5.0 ],
										"windMode": [ -1, -1, -1, -1 ]
									},
									"down": {
										"texture": "#olive",
										"uv": [ 0.0, 0.0, 1.5, 5.0 ],
										"enabled": false
									}
								}
							},
							{
								"name": "leaf3",
								"from": [ -0.5, 5.0, -5.0 ],
								"to": [ 1.0, 5.0, 0.0 ],
								"rotationOrigin": [ 0.3, 5.0, 0.0 ],
								"rotationY": -36.0,
								"rotationZ": -36.0,
								"faces": {
									"north": {
										"texture": "#olive",
										"uv": [ 0.0, 0.0, 1.5, 0.5 ],
										"enabled": false
									},
									"east": {
										"texture": "#olive",
										"uv": [ 0.0, 0.0, 5.0, 0.5 ],
										"enabled": false
									},
									"south": {
										"texture": "#olive",
										"uv": [ 0.0, 0.0, 1.5, 0.5 ],
										"enabled": false
									},
									"west": {
										"texture": "#olive",
										"uv": [ 0.0, 0.0, 5.0, 0.5 ],
										"enabled": false
									},
									"up": {
										"texture": "#olive",
										"uv": [ 6.5, 0.0, 8.0, 5.0 ],
										"windMode": [ -1, -1, -1, -1 ]
									},
									"down": {
										"texture": "#olive",
										"uv": [ 0.0, 0.0, 1.5, 5.0 ],
										"enabled": false
									}
								}
							}
						]
					}
				]
			}
		]
	}
]