[

	{
		"file": "game:shapes/item/food/fruit/orange.json",
		"op": "replace",
		"path": "/textureSizes",
		"value": {
			"orange": [ 8, 8 ]
		}
	},
	{
		"file": "game:shapes/item/food/fruit/orange.json",
		"op": "replace",
		"path": "/textures",
		"value": {
			"orange": "game:item/food/fruit/orange"
		}
	},
	{
		"file": "game:shapes/item/food/fruit/orange.json",
		"op": "replace",
		"path": "/elements",
		"value": [

			{
				"name": "origin",
				"from": [ 8.0, 0.0, 8.0 ],
				"to": [ 8.0, 0.0, 8.0 ],
				"rotationOrigin": [ 8.0, 0.0, 8.0 ],
				"faces": {
					"north": {
						"texture": "#orange",
						"uv": [ 0.0, 1.0, 1.0, 2.0 ],
						"enabled": false
					},
					"east": {
						"texture": "#orange",
						"uv": [ 1.0, 1.0, 2.0, 2.0 ],
						"enabled": false
					},
					"south": {
						"texture": "#orange",
						"uv": [ 2.0, 1.0, 3.0, 2.0 ],
						"enabled": false
					},
					"west": {
						"texture": "#orange",
						"uv": [ 3.0, 1.0, 4.0, 2.0 ],
						"enabled": false
					},
					"up": {
						"texture": "#orange",
						"uv": [ 0.0, 0.0, 1.0, 1.0 ],
						"enabled": false
					},
					"down": {
						"texture": "#orange",
						"uv": [ 1.0, 0.0, 2.0, 1.0 ],
						"enabled": false
					}
				},
				"children": [
					{
						"name": "apple-main",
						"from": [ -2.0, 0.5, -2.0 ],
						"to": [ 2.0, 3.5, 2.0 ],
						"rotationOrigin": [ 0.0, 2.5, 0.0 ],
						"rotationY": -45.0,
						"faces": {
							"north": {
								"texture": "#orange",
								"uv": [ 0.0, 5.0, 4.0, 8.0 ]
							},
							"east": {
								"texture": "#orange",
								"uv": [ 0.0, 5.0, 4.0, 8.0 ]
							},
							"south": {
								"texture": "#orange",
								"uv": [ 0.0, 5.0, 4.0, 8.0 ]
							},
							"west": {
								"texture": "#orange",
								"uv": [ 0.0, 5.0, 4.0, 8.0 ]
							},
							"up": {
								"texture": "#orange",
								"uv": [ 0.0, 4.0, 4.0, 8.0 ]
							},
							"down": {
								"texture": "#orange",
								"uv": [ 0.0, 4.0, 4.0, 8.0 ]
							}
						},
						"children": [
							{
								"name": "apple-top",
								"from": [ 0.5, 3.0, 0.5 ],
								"to": [ 3.5, 3.5, 3.5 ],
								"rotationOrigin": [ 2.0, 3.0, 2.0 ],
								"faces": {
									"north": {
										"texture": "#orange",
										"uv": [ 0.5, 5.0, 3.5, 5.5 ]
									},
									"east": {
										"texture": "#orange",
										"uv": [ 0.5, 4.5, 3.5, 5.0 ]
									},
									"south": {
										"texture": "#orange",
										"uv": [ 0.5, 4.5, 3.5, 5.0 ]
									},
									"west": {
										"texture": "#orange",
										"uv": [ 0.5, 5.0, 3.5, 5.5 ]
									},
									"up": {
										"texture": "#orange",
										"uv": [ 0.5, 4.5, 3.5, 7.5 ]
									},
									"down": {
										"texture": "#orange",
										"uv": [ 2.0, 4.5, 5.0, 7.5 ],
										"enabled": false
									}
								}
							},
							{
								"name": "apple-down",
								"from": [ 0.5, -0.5, 0.5 ],
								"to": [ 3.5, 0.0, 3.5 ],
								"rotationOrigin": [ 2.0, -0.5, 2.0 ],
								"faces": {
									"north": {
										"texture": "#orange",
										"uv": [ 0.0, 7.5, 3.0, 8.0 ]
									},
									"east": {
										"texture": "#orange",
										"uv": [ 1.0, 7.5, 4.0, 8.0 ]
									},
									"south": {
										"texture": "#orange",
										"uv": [ 0.5, 7.5, 3.5, 8.0 ]
									},
									"west": {
										"texture": "#orange",
										"uv": [ 0.5, 7.5, 3.5, 8.0 ]
									},
									"up": {
										"texture": "#orange",
										"uv": [ 3.5, 10.0, 6.5, 13.0 ],
										"enabled": false
									},
									"down": {
										"texture": "#orange",
										"uv": [ 0.5, 5.0, 3.5, 8.0 ]
									}
								}
							}
						]
					},
					{
						"name": "apple-stem",
						"from": [ 0.0, 3.8, -0.4243 ],
						"to": [ 0.5, 5.8, 0.0757 ],
						"rotationOrigin": [ 0.0, 3.8, -0.4243 ],
						"rotationX": -14.0,
						"rotationY": -45.0,
						"rotationZ": 10.0,
						"faces": {
							"north": {
								"texture": "#orange",
								"uv": [ 3.0, 2.0, 3.5, 4.0 ]
							},
							"east": {
								"texture": "#orange",
								"uv": [ 3.0, 2.0, 3.5, 4.0 ]
							},
							"south": {
								"texture": "#orange",
								"uv": [ 3.0, 2.0, 3.5, 4.0 ]
							},
							"west": {
								"texture": "#orange",
								"uv": [ 3.0, 2.0, 3.5, 4.0 ]
							},
							"up": {
								"texture": "#orange",
								"uv": [ 3.0, 2.0, 3.5, 2.5 ]
							},
							"down": {
								"texture": "#orange",
								"uv": [ 7.0, 1.0, 7.5, 1.5 ],
								"enabled": false
							}
						},
						"children": [
							{
								"name": "apple-leaf",
								"from": [ -2.8, 1.1, 0.3 ],
								"to": [ 0.7, 3.6, 0.3 ],
								"rotationOrigin": [ 0.7, 1.1, 0.3 ],
								"rotationZ": 22.5,
								"faces": {
									"north": {
										"texture": "#orange",
										"uv": [ 2.5, 6.5, 6.0, 9.0 ],
										"enabled": false
									},
									"east": {
										"texture": "#orange",
										"uv": [ 8.0, 7.0, 8.5, 9.5 ],
										"enabled": false
									},
									"south": {
										"texture": "#orange",
										"uv": [ 3.5, 0.5, 7.5, 3.5 ],
										"rotation": 180,
										"autoUv": false
									},
									"west": {
										"texture": "#orange",
										"uv": [ 6.0, 3.5, 6.5, 6.0 ],
										"enabled": false
									},
									"up": {
										"texture": "#orange",
										"uv": [ 6.0, 8.5, 9.5, 9.0 ],
										"enabled": false
									},
									"down": {
										"texture": "#orange",
										"uv": [ 8.0, 1.5, 12.0, 2.0 ],
										"enabled": false,
										"autoUv": false
									}
								}
							},
							{
								"name": "apple-leaf7",
								"from": [ -2.9, -2.0, 0.6 ],
								"to": [ 0.0, 1.0, 0.6 ],
								"rotationOrigin": [ 0.0, 1.0, 0.6 ],
								"rotationX": 19.0,
								"rotationY": -111.5,
								"rotationZ": -51.0,
								"faces": {
									"north": {
										"texture": "#orange",
										"uv": [ 2.5, 6.5, 5.0, 9.5 ],
										"enabled": false
									},
									"east": {
										"texture": "#orange",
										"uv": [ 8.0, 7.0, 8.5, 10.0 ],
										"enabled": false
									},
									"south": {
										"texture": "#orange",
										"uv": [ 0.0, 1.0, 3.0, 3.5 ],
										"rotation": 270
									},
									"west": {
										"texture": "#orange",
										"uv": [ 6.0, 3.5, 6.5, 6.5 ],
										"enabled": false
									},
									"up": {
										"texture": "#orange",
										"uv": [ 6.0, 8.5, 8.5, 9.0 ],
										"enabled": false
									},
									"down": {
										"texture": "#orange",
										"uv": [ 8.0, 1.5, 12.0, 2.0 ],
										"enabled": false,
										"autoUv": false
									}
								}
							}
						]
					}
				]
			}
		]
	}
]