[
	{
		"file": "game:shapes/item/food/fruit/peach.json",
		"op": "replace",
		"path": "/textureWidth",
		"value": 8
	},
	{
		"file": "game:shapes/item/food/fruit/peach.json",
		"op": "replace",
		"path": "/textureHeight",
		"value": 8
	},
	{
		"file": "game:shapes/item/food/fruit/peach.json",
		"op": "replace",
		"path": "/textures",
		"value": {
			"peach": "item/food/fruit/peach"
		}
	},
	{
		"file": "game:shapes/item/food/fruit/peach.json",
		"op": "replace",
		"path": "/elements",
		"value": [

			{
				"name": "origin",
				"from": [ 8.0, 0.0, 8.0 ],
				"to": [ 8.0, 0.0, 8.0 ],
				"rotationOrigin": [ 8.0, 0.0, 8.0 ],
				"faces": {
					"north": {
						"texture": "#peach",
						"uv": [ 0.0, 0.0, 0.5, 0.5 ],
						"enabled": false
					},
					"east": {
						"texture": "#peach",
						"uv": [ 0.0, 0.0, 0.5, 0.5 ],
						"enabled": false
					},
					"south": {
						"texture": "#peach",
						"uv": [ 0.0, 0.0, 0.5, 0.5 ],
						"enabled": false
					},
					"west": {
						"texture": "#peach",
						"uv": [ 0.0, 0.0, 0.5, 0.5 ],
						"enabled": false
					},
					"up": {
						"texture": "#peach",
						"uv": [ 0.0, 0.0, 0.5, 0.5 ],
						"enabled": false
					},
					"down": {
						"texture": "#peach",
						"uv": [ 0.0, 0.0, 0.5, 0.5 ],
						"enabled": false
					}
				},
				"children": [
					{
						"name": "bottom",
						"from": [ -2.0, 0.0, -2.0 ],
						"to": [ 2.0, 4.0, 2.0 ],
						"rotationOrigin": [ 0.0, 0.0, 0.0 ],
						"rotationY": -45.0,
						"faces": {
							"north": {
								"texture": "#peach",
								"uv": [ 0.0, 4.0, 4.0, 8.0 ],
								"windMode": [ -1, -1, -1, -1 ]
							},
							"east": {
								"texture": "#peach",
								"uv": [ 0.0, 4.0, 4.0, 8.0 ],
								"windMode": [ -1, -1, -1, -1 ]
							},
							"south": {
								"texture": "#peach",
								"uv": [ 0.0, 4.0, 4.0, 8.0 ],
								"windMode": [ -1, -1, -1, -1 ]
							},
							"west": {
								"texture": "#peach",
								"uv": [ 0.0, 4.0, 4.0, 8.0 ],
								"windMode": [ -1, -1, -1, -1 ]
							},
							"up": {
								"texture": "#peach",
								"uv": [ 4.0, 4.0, 8.0, 8.0 ],
								"windMode": [ -1, -1, -1, -1 ]
							},
							"down": {
								"texture": "#peach",
								"uv": [ 4.0, 4.0, 8.0, 8.0 ],
								"windMode": [ -1, -1, -1, -1 ]
							}
						},
						"children": [
							{
								"name": "stem",
								"from": [ 1.5, 3.6, 1.5 ],
								"to": [ 2.5, 5.6, 2.5 ],
								"rotationOrigin": [ 2.0, 3.6, 2.0 ],
								"rotationX": -22.5,
								"rotationZ": 22.5,
								"faces": {
									"north": {
										"texture": "#peach",
										"uv": [ 1.0, 2.0, 2.0, 4.0 ],
										"windMode": [ -1, -1, -1, -1 ]
									},
									"east": {
										"texture": "#peach",
										"uv": [ 1.0, 2.0, 2.0, 4.0 ],
										"windMode": [ -1, -1, -1, -1 ]
									},
									"south": {
										"texture": "#peach",
										"uv": [ 1.0, 2.0, 2.0, 4.0 ],
										"windMode": [ -1, -1, -1, -1 ]
									},
									"west": {
										"texture": "#peach",
										"uv": [ 1.0, 2.0, 2.0, 4.0 ],
										"windMode": [ -1, -1, -1, -1 ]
									},
									"up": {
										"texture": "#peach",
										"uv": [ 1.0, 3.0, 2.0, 4.0 ],
										"windMode": [ -1, -1, -1, -1 ]
									},
									"down": {
										"texture": "#peach",
										"uv": [ 0.0, 0.0, 1.0, 1.0 ],
										"enabled": false
									}
								},
								"children": [
									{
										"name": "leaf",
										"from": [ 0.5, 1.6, -0.3 ],
										"to": [ 0.5, 5.6, 2.2 ],
										"rotationOrigin": [ 0.5, 1.6, 0.0 ],
										"rotationX": -45.0,
										"faces": {
											"north": {
												"texture": "#peach",
												"uv": [ 0.0, 0.0, 0.5, 4.0 ],
												"enabled": false,
												"windMode": [ -1, -1, -1, -1 ]
											},
											"east": {
												"texture": "#peach",
												"uv": [ 2.0, 1.0, 6.0, 3.5 ],
												"rotation": 270,
												"windMode": [ -1, -1, -1, -1 ]
											},
											"south": {
												"texture": "#peach",
												"uv": [ 0.0, 0.0, 0.5, 4.0 ],
												"enabled": false,
												"windMode": [ -1, -1, -1, -1 ]
											},
											"west": {
												"texture": "#peach",
												"uv": [ 6.0, 0.5, 8.5, 4.5 ],
												"enabled": false,
												"windMode": [ -1, -1, -1, -1 ]
											},
											"up": {
												"texture": "#peach",
												"uv": [ 0.0, 0.0, 0.5, 2.5 ],
												"enabled": false,
												"windMode": [ -1, -1, -1, -1 ]
											},
											"down": {
												"texture": "#peach",
												"uv": [ 0.0, 0.0, 0.5, 2.5 ],
												"enabled": false
											}
										}
									}
								]
							}
						]
					}
				]
			}
		]
	}
]