{
  "enabled": true,
	"code": "beam-planecolored",
	"class": "BlockSupportBeam",
	"entityClass": "Generic",
	"entityBehaviors": [ 
    { "name": "SupportBeam" 
    } 
  ],
	"variantgroups": [
		{ 
      "code": "color", 
      "states": [
        "azure",
        "black",
        "brown",
        "crimson",
        "green",
        "gray",
        "orange",
        "pink",
        "purple",
        "yellow",
        "white"
      ]
    },
    {
      "code": "variant",
      "states": [ 
        "fired0", 
        "fired1", 
        "fired2", 
        "fired3"
      ]
    },
		{ "code": "cover", 
      "states": [
        "free", 
        "snow"
      ] 
    }
	],
  "skipVariants": [
    "*-white-fired0-*",
    "*-white-fired2-*",
    "*-gray-fired0-*",
    "*-gray-fired3-*",
    "*-black-fired0-*",
    "*-black-fired2-*"
  ],
	"attributes": {
		"handbook": {	
      "exclude": true 
    }
	},
	"creativeinventory": { 
    "general": [
      "*-free"
    ], 
    "construction": [
      "*-free"
    ],
    "clayworks": [
      "*-free"
    ]
  },
	"shapeByType": { 
		"*-free": { 
      "base": "game:block/roofing/beam/planeshingle-free" 
    },
		"*-snow": { 
      "base": "game:block/roofing/beam/planeshingle-snow*" 
    }
	},
	"textures": {
    "all": {
      "base": "game:block/clay/shingles/cream",
      "blendedOverlays": [
        {
          "base": "clayworks:block/clay/color/{variant}/{color}",
          "blendMode": "Multiply"
        },
        {
          "base":"clayworks:block/clay/overlay/shingles",
          "blendMode": "Darken"
        }
      ]
    }
	},
	"drawtype": "json",
	"blockmaterial": "Ceramic",
	"faceCullMode": "NeverCull",
	"sideOpaque": { 
    "all": false 
  },
	"emitSideAo": { 
    "all": false 
  },
	"lightAbsorption": 0,
	"resistance": 3.5,
	"soundsByType": {
		"*": {
			"hit": "game:block/planks",
			"break": "game:block/planks",
			"place": "game:block/ceramicplace",
			"walk": "game:walk/stone"
		}
	},
	"maxStackSize": 32,
	"materialDensity": 1200,
	"heldTpIdleAnimation": "holdbothhandslarge", 
  "heldRightReadyAnimation": "heldblockready", 
  "heldTpUseAnimation": "twohandplaceblock",
	"tpHandTransform": {
		"translation": { 
      "x": -1.23, 
      "y": -0.91, 
      "z": -0.8 },
		"rotation": { 
      "x": -2, 
      "y": 25, 
      "z": -78 
    },
		"scale": 0.4
	},
	"drops": []
}
