{
  "enabled": true,
	"code": "slantedroofingtipcolored",
	"variantgroups": [
		{
      "code": "color",
      "loadFromProperties": "clayworks:claycolor" 
    },
    {
      "code": "variant",
      "states": [ 
        "fired0", 
        "fired1", 
        "fired2", 
        "fired3"
      ]
    },
		{ "code": "cover", 
      "states": [
        "free", 
        "snow"
      ] 
    }
	],
  "skipVariants": [
    "*-white-fired0-*",
    "*-white-fired2-*",
    "*-gray-fired0-*",
    "*-gray-fired3-*",
    "*-black-fired0-*",
    "*-black-fired2-*"
  ],
	"attributes": {
		"humanoidTraversalCost": 100,
		"mapColorCode": "settlement"
	},
	"creativeinventory": { 
    "general": [
      "*-free"
    ], 
    "construction": [
      "*-free"
    ],
    "clayworks": [
      "*-free"
    ]
  },
	"shapeByType": { 
		"*": { 
      "base": "game:block/roofing/tip/shingles-clay-{cover}" 
    }
	},
	"textures": {
    "all": {
      "base": "game:block/clay/shingles/cream",
      "blendedOverlays": [
        {
          "base": "clayworks:block/clay/color/{variant}/{color}",
          "blendMode": "Multiply"
        },
        {
          "base":"clayworks:block/clay/overlay/shingles",
          "blendMode": "Darken"
        }
      ]
    }
	},
	"drawtype": "json",
	"blockmaterial": "Ceramic",
	"faceCullMode": "NeverCull",
	"sideOpaque": { 
    "all": false 
  },
	"emitSideAo": { 
    "all": false 
  },
	"sidesolidByType": {
		"*": {
      "all": false, 
      "down": true 
    }
	},
	"collisionSelectionBoxesByType": {
	  "*": [ 
      { 
        "x1": 0, 
        "y1": 0, 
        "z1": 0, 
        "x2": 1, 
        "y2": 0.5625, 
        "z2": 1, 
      } 
    ]
	},
	"lightAbsorption": 0,
	"resistance": 3.5,
	"soundsByType": {
		"*": {
			"hit": "game:block/planks",
			"break": "game:block/planks",
			"place": "game:block/ceramicplace",
			"walk": "game:walk/stone"
		}
	},
	"maxStackSize": 32,
	"materialDensity": 1200,
	"heldTpIdleAnimation": "holdbothhandslarge", 
  "heldRightReadyAnimation": "heldblockready", 
  "heldTpUseAnimation": "twohandplaceblock",
	"tpHandTransform": {
		"translation": { 
      "x": -1.23, 
      "y": -0.91, 
      "z": -0.8 },
		"rotation": { 
      "x": -2, 
      "y": 25, 
      "z": -78 
    },
		"scale": 0.4
	},
	"drops": []
}
