{
  "enabled": true,
	"code": "slantedroofingcorneroutercolored",
	"behaviors": [
    {
      "name": "HorizontalOrientable", 
      "properties": {  
        "dropBlockFace": "east", 
        "drop": { 
          "type": "block", 
          "code": "clayworks:slantedroofingcorneroutercolored-{color}-{variant}-east-free" 
        }  
      }
    }
  ],
	"variantgroups": [
		{
      "code": "color",
      "loadFromProperties": "clayworks:claycolor" 
    },
    {
      "code": "variant",
      "states": [ 
        "fired0", 
        "fired1", 
        "fired2", 
        "fired3"
      ]
    },
		{ 
      "loadFromProperties": "game:abstract/horizontalorientation" 
    },
		{ "code": "cover", 
      "states": [
        "free", 
        "snow"
      ] 
    }
	],
  "skipVariants": [
    "*-white-fired0-*",
    "*-white-fired2-*",
    "*-gray-fired0-*",
    "*-gray-fired3-*",
    "*-black-fired0-*",
    "*-black-fired2-*"
  ],
	"attributes": {
		"humanoidTraversalCost": 100,
		"mapColorCode": "settlement"
	},
	"creativeinventory": { 
    "general": [
      "*-east-free"
    ], 
    "construction": [
      "*-east-free"
    ],
    "clayworks": [
      "*-east-free"
    ]
  },
	"shapeByType": { 
		"*-north-*": { 
      "base": "game:block/roofing/cornerouter/shingles-clay-{cover}", 
      "rotateY": 90 
    },
		"*-west-*": { 
      "base": "game:block/roofing/cornerouter/shingles-clay-{cover}", 
      "rotateY": 180 
    },
		"*-south-*": { 
      "base": "game:block/roofing/cornerouter/shingles-clay-{cover}", 
      "rotateY": 270 
    },
		"*-east-*": { 
      "base": "game:block/roofing/cornerouter/shingles-clay-{cover}", 
      "rotateY": 0 
    }
	},
	"textures": {
    "all": {
      "base": "game:block/clay/shingles/cream",
      "blendedOverlays": [
        {
          "base": "clayworks:block/clay/color/{variant}/{color}",
          "blendMode": "Multiply"
        },
        {
          "base":"clayworks:block/clay/overlay/shingles",
          "blendMode": "Darken"
        }
      ]
    }
	},
	"drawtype": "json",
	"blockmaterial": "Ceramic",
	"faceCullMode": "NeverCull",
	"sideOpaque": { 
    "all": false 
  },
	"emitSideAo": { 
    "all": false 
  },
	"sidesolidByType": {
		"*-north-*": {
      "north": true, 
      "south": false, 
      "east": false, 
      "west": false, 
      "up": false, 
      "down": true 
    },
		"*-south-*": {
      "north": false, 
      "south": true, 
      "east": false, 
      "west": false, 
      "up": false, 
      "down": true 
    },
		"*-east-*": {
      "north": false, 
      "south": false, 
      "east": true, 
      "west": false, 
      "up": false, 
      "down": true 
    },
		"*-west-*": {
      "north": false, 
      "south": false, 
      "east": false, 
      "west": true, 
      "up": false, 
      "down": true 
    }
	},
	"collisionSelectionBoxesByType": {
	  "*-north-*": [ 
      { 
        "x1": 0.18, 
        "y1": 0, 
        "z1": 0, 
        "x2": 1, 
        "y2": 0.56, 
        "z2": 1, 
        "rotateY": 90 
      }, 
      { 
        "x1": 0.62, 
        "y1": 0.56, 
        "z1": 0.62, 
        "x2": 1, 
        "y2": 1, 
        "z2": 1, 
        "rotateY": 90 
      }
    ],
		"*-west-*": [ 
      { 
        "x1": 0.18, 
        "y1": 0, 
        "z1": 0, 
        "x2": 1, 
        "y2": 0.56, 
        "z2": 1, 
        "rotateY": 180 
      }, 
      { 
        "x1": 0.62, 
        "y1": 0.56, 
        "z1": 0.62, 
        "x2": 1, 
        "y2": 1, 
        "z2": 1, 
        "rotateY": 180 
      }
    ],
		"*-south-*": [ 
      { 
        "x1": 0.18, 
        "y1": 0, 
        "z1": 0, 
        "x2": 1, 
        "y2": 0.56, 
        "z2": 1, 
        "rotateY": 270 
      }, 
      { 
        "x1": 0.62, 
        "y1": 0.56, 
        "z1": 0.62, 
        "x2": 1, 
        "y2": 1, 
        "z2": 1, 
        "rotateY": 270 
      } 
    ],
		"*-east-*": [ 
      { 
        "x1": 0.18, 
        "y1": 0, 
        "z1": 0, 
        "x2": 1, 
        "y2": 0.56, 
        "z2": 1 
      }, 
      { 
        "x1": 0.62, 
        "y1": 0.56, 
        "z1": 0.62, 
        "x2": 1, 
        "y2": 1, 
        "z2": 1 
      }
    ]
	},
	"lightAbsorption": 0,
	"resistance": 3.5,
	"soundsByType": {
		"*": {
			"hit": "game:block/planks",
			"break": "game:block/planks",
			"place": "game:block/ceramicplace",
			"walk": "game:walk/stone"
		}
	},
	"maxStackSize": 32,
	"materialDensity": 1200,
	"heldTpIdleAnimation": "holdbothhandslarge", 
  "heldRightReadyAnimation": "heldblockready", 
  "heldTpUseAnimation": "twohandplaceblock",
	"tpHandTransform": {
		"translation": { 
      "x": -1.23, 
      "y": -0.91, 
      "z": -0.8 },
		"rotation": { 
      "x": -2, 
      "y": 25, 
      "z": -78 
    },
		"scale": 0.4
	},
	"drops": []
}
