[
	{
		"name": "Barked Loghalf 3 pieces - wildcrafttree",
		"ingredientPattern": "__,LA,LL",
		"ingredients": {
			"A": { "type": "item", "code": "game:axe-*", "isTool": true  },
			"L": { "type": "block", "code": "wildcrafttree:log-placed-*-ud", "name": "wuud", "allowedVariants": [ "ash", "azobe", "banyan", "bearnut", "beech", "bluemahoe", "catalpa", "cedar", "charred", "chlorociboria", "dalbergia", "douglasfir", "elm", "empresstree", "eucalyptus", "fir", "ghostgum", "ginkgo", "guajacum", "honeylocust", "horsechestnut", "jacaranda", "kauri", "leadwood", "linden", "mahogany", "mangrove", "ohia", "petrified", "poplar", "redcedar", "sal", "sapele", "satinash", "saxaul", "spruce", "spurgetree", "sycamore", "tamanu", "tigerwood", "tuja", "umnini", "willow", "yew" ] }
		},
		"width": 2,
		"height": 3,
		"recipeGroup": 1,
		"output": { "type": "block", "code": "loghalf-barkedcorner-{wuud}-north", "quantity": 3  }
	},
	{
		"name": "Barked Loghalf 5 pieces - wildcrafttree",
		"ingredientPattern": "L__,LA_,LLL",
		"ingredients": {
			"A": { "type": "item", "code": "game:axe-*", "isTool": true  },
			"L": { "type": "block", "code": "wildcrafttree:log-placed-*-ud", "name": "wuud", "allowedVariants": [ "ash", "azobe", "banyan", "bearnut", "beech", "bluemahoe", "catalpa", "cedar", "charred", "chlorociboria", "dalbergia", "douglasfir", "elm", "empresstree", "eucalyptus", "fir", "ghostgum", "ginkgo", "guajacum", "honeylocust", "horsechestnut", "jacaranda", "kauri", "leadwood", "linden", "mahogany", "mangrove", "ohia", "petrified", "poplar", "redcedar", "sal", "sapele", "satinash", "saxaul", "spruce", "spurgetree", "sycamore", "tamanu", "tigerwood", "tuja", "umnini", "willow", "yew" ] }
		},
		"width": 3,
		"height": 3,
		"recipeGroup": 1,
		"output": { "type": "block", "code": "loghalf-barkedcorner-{wuud}-north", "quantity": 5  }
	},
	{
		"name": "Debarked Loghalf 3 pieces - wildcrafttree",
		"ingredientPattern": "__,LA,LL",
		"ingredients": {
			"A": { "type": "item", "code": "game:axe-*", "isTool": true  },
			"L": { "type": "block", "code": "wildcrafttree:debarkedlog-*-ud", "name": "wuud", "allowedVariants": [ "ash", "azobe", "banyan", "bearnut", "beech", "bluemahoe", "catalpa", "cedar", "charred", "chlorociboria", "dalbergia", "douglasfir", "elm", "empresstree", "eucalyptus", "fir", "ghostgum", "ginkgo", "guajacum", "honeylocust", "horsechestnut", "jacaranda", "kauri", "leadwood", "linden", "mahogany", "mangrove", "ohia", "petrified", "poplar", "redcedar", "sal", "sapele", "satinash", "saxaul", "spruce", "spurgetree", "sycamore", "tamanu", "tigerwood", "tuja", "umnini", "willow", "yew" ] }
		},
		"width": 2,
		"height": 3,
		"recipeGroup": 1,
		"output": { "type": "block", "code": "loghalf-debarkedcorner-{wuud}-north", "quantity": 3  }
	},
	{
		"name": "Debarked Loghalf 5 pieces - wildcrafttree",
		"ingredientPattern": "L__,LA_,LLL",
		"ingredients": {
			"A": { "type": "item", "code": "game:axe-*", "isTool": true  },
			"L": { "type": "block", "code": "wildcrafttree:debarkedlog-*-ud", "name": "wuud", "allowedVariants": [ "ash", "azobe", "banyan", "bearnut", "beech", "bluemahoe", "catalpa", "cedar", "charred", "chlorociboria", "dalbergia", "douglasfir", "elm", "empresstree", "eucalyptus", "fir", "ghostgum", "ginkgo", "guajacum", "honeylocust", "horsechestnut", "jacaranda", "kauri", "leadwood", "linden", "mahogany", "mangrove", "ohia", "petrified", "poplar", "redcedar", "sal", "sapele", "satinash", "saxaul", "spruce", "spurgetree", "sycamore", "tamanu", "tigerwood", "tuja", "umnini", "willow", "yew" ] }
		},
		"width": 3,
		"height": 3,
		"recipeGroup": 1,
		"output": { "type": "block", "code": "loghalf-debarkedcorner-{wuud}-north", "quantity": 5  }
	}
]