[
  {
    "op": "replace",
    "path": "/enabled",
    "value": true,
    "file": "clayworks:blocktypes/clay/primitivesurvival/irrigationvessel.json",
    "side": "Server",
    "dependsOn": [
      {
        "modID": "primitivesurvival"
      }
    ]
  },
  {
    "op": "replace",
    "path": "/0/enabled",
    "value": true,
    "file": "clayworks:recipes/grid/primitivesurvival/irrigationvessel_fired0.json",
    "side": "Server",
    "dependsOn": [
      {
        "modID": "primitivesurvival"
      }
    ]
  },
  {
    "op": "replace",
    "path": "/1/enabled",
    "value": true,
    "file": "clayworks:recipes/grid/primitivesurvival/irrigationvessel_fired0.json",
    "side": "Server",
    "dependsOn": [
      {
        "modID": "primitivesurvival"
      }
    ]
  },
  {
    "op": "replace",
    "path": "/0/enabled",
    "value": true,
    "file": "clayworks:recipes/grid/primitivesurvival/irrigationvessel_fired1.json",
    "side": "Server",
    "dependsOn": [
      {
        "modID": "primitivesurvival"
      }
    ]
  },
  {
    "op": "replace",
    "path": "/1/enabled",
    "value": true,
    "file": "clayworks:recipes/grid/primitivesurvival/irrigationvessel_fired1.json",
    "side": "Server",
    "dependsOn": [
      {
        "modID": "primitivesurvival"
      }
    ]
  },
  {
    "op": "replace",
    "path": "/0/enabled",
    "value": true,
    "file": "clayworks:recipes/grid/primitivesurvival/irrigationvessel_fired2.json",
    "side": "Server",
    "dependsOn": [
      {
        "modID": "primitivesurvival"
      }
    ]
  },
  {
    "op": "replace",
    "path": "/1/enabled",
    "value": true,
    "file": "clayworks:recipes/grid/primitivesurvival/irrigationvessel_fired2.json",
    "side": "Server",
    "dependsOn": [
      {
        "modID": "primitivesurvival"
      }
    ]
  },
  {
    "op": "replace",
    "path": "/0/enabled",
    "value": true,
    "file": "clayworks:recipes/grid/primitivesurvival/irrigationvessel_fired3.json",
    "side": "Server",
    "dependsOn": [
      {
        "modID": "primitivesurvival"
      }
    ]
  },
  {
    "op": "replace",
    "path": "/1/enabled",
    "value": true,
    "file": "clayworks:recipes/grid/primitivesurvival/irrigationvessel_fired3.json",
    "side": "Server",
    "dependsOn": [
      {
        "modID": "primitivesurvival"
      }
    ]
  }
]
