﻿[
  {
    "side": "Server",
    "file": "game:entities/animal/mammal/hooved/deer-adult",
    "op": "add",
    "path": "/client/behaviors/-",
    "value": {
      "code": "CombatOverhaul:EntityColliders",
      "elementsByType": {
        "*": {
          "Torso": ["Neck", "Chest", "Midsection", "Rear", "L Shoulder", "L Haunch", "R Shoulder", "R Haunch"],
          "Head": ["Head", "MouthUp", "Snout", "Jaw"],
          "Arm": ["L ArmUp", "L ArmMid", "L ArmLow", "R ArmUp", "R ArmMid", "R ArmLow"],
          "Leg": ["L LegUp", "L LegLow", "R LegUp", "R LegLow"],
          "Critical": ["Neck2"],
          "Resistant": []
        }
      }
    }
  },
  {
    "side": "Server",
    "file": "game:entities/animal/mammal/hooved/deer-adult",
    "op": "add",
    "path": "/server/behaviors/-",
    "value": {
      "code": "CombatOverhaul:EntityColliders",
      "elementsByType": {
        "*": {
          "Torso": ["Neck", "Chest", "Midsection", "Rear", "L Shoulder", "L Haunch", "R Shoulder", "R Haunch"],
          "Head": ["Head", "MouthUp", "Snout", "Jaw"],
          "Arm": ["L ArmUp", "L ArmMid", "L ArmLow", "R ArmUp", "R ArmMid", "R ArmLow"],
          "Leg": ["L LegUp", "L LegLow", "R LegUp", "R LegLow"],
          "Critical": ["Neck2"],
          "Resistant": []
        }
      }
    }
  },
  {
    "side": "Server",
    "file": "game:entities/animal/mammal/hooved/deer-baby",
    "op": "add",
    "path": "/client/behaviors/-",
    "value": {
      "code": "CombatOverhaul:EntityColliders",
      "elementsByType": {
        "*": {
          "Torso": ["Neck", "Chest", "Midsection", "Rear", "L Shoulder", "L Haunch", "R Shoulder", "R Haunch"],
          "Head": ["Head", "MouthUp", "Snout", "Jaw"],
          "Arm": ["L ArmUp", "L ArmMid", "L ArmLow", "R ArmUp", "R ArmMid", "R ArmLow"],
          "Leg": ["L LegUp", "L LegLow", "R LegUp", "R LegLow"],
          "Critical": ["Neck2"],
          "Resistant": []
        }
      }
    }
  },
  {
    "side": "Server",
    "file": "game:entities/animal/mammal/hooved/deer-baby",
    "op": "add",
    "path": "/server/behaviors/-",
    "value": {
      "code": "CombatOverhaul:EntityColliders",
      "elementsByType": {
        "*": {
          "Torso": ["Neck", "Chest", "Midsection", "Rear", "L Shoulder", "L Haunch", "R Shoulder", "R Haunch"],
          "Head": ["Head", "MouthUp", "Snout", "Jaw"],
          "Arm": ["L ArmUp", "L ArmMid", "L ArmLow", "R ArmUp", "R ArmMid", "R ArmLow"],
          "Leg": ["L LegUp", "L LegLow", "R LegUp", "R LegLow"],
          "Critical": ["Neck2"],
          "Resistant": []
        }
      }
    }
  },
  {
    "side": "Server",
    "file": "game:entities/animal/mammal/hooved/deer-adult",
    "op": "add",
    "path": "/server/behaviors/-",
    "value": {
      "code": "CombatOverhaul:EntityDamageModel",
      "damageModel": {
        "TorsoDamageMultiplier": 1,
        "LimbsDamageMultiplier": 0.75,
        "HeadDamageMultiplier": 1.5,
        "CriticalDamageMultiplier": 2,
        "DefaultResists": {"BluntAttack": 6, "SlashingAttack": 3, "PiercingAttack": 0}
      }
    }
  },
  {
    "side": "Server",
    "file": "game:entities/animal/mammal/hooved/deer-adult",
    "op": "add",
    "path": "/client/behaviors/-",
    "value": {
      "code": "CombatOverhaul:EntityDamageModel",
      "damageModel": {
        "TorsoDamageMultiplier": 1,
        "LimbsDamageMultiplier": 0.75,
        "HeadDamageMultiplier": 1.5,
        "CriticalDamageMultiplier": 2,
        "DefaultResists": {"BluntAttack": 6, "SlashingAttack": 3, "PiercingAttack": 0}
      }
    }
  },
  {
    "side": "Server",
    "file": "game:entities/animal/mammal/hooved/deer-baby",
    "op": "add",
    "path": "/server/behaviors/-",
    "value": {
      "code": "CombatOverhaul:EntityDamageModel",
      "damageModel": {
        "TorsoDamageMultiplier": 1,
        "LimbsDamageMultiplier": 0.75,
        "HeadDamageMultiplier": 1.5,
        "CriticalDamageMultiplier": 2,
        "DefaultResists": {"BluntAttack": 6, "SlashingAttack": 3, "PiercingAttack": 0}
      }
    }
  },
  {
    "side": "Server",
    "file": "game:entities/animal/mammal/hooved/deer-baby",
    "op": "add",
    "path": "/client/behaviors/-",
    "value": {
      "code": "CombatOverhaul:EntityDamageModel",
      "damageModel": {
        "TorsoDamageMultiplier": 1,
        "LimbsDamageMultiplier": 0.75,
        "HeadDamageMultiplier": 1.5,
        "CriticalDamageMultiplier": 2,
        "DefaultResists": {"BluntAttack": 6, "SlashingAttack": 3, "PiercingAttack": 0}
      }
    }
  },
  {"side": "Server", "file": "game:entities/animal/mammal/hooved/deer-adult", "op": "replace", "path": "/server/behaviors/10/aitasks/0/damageType", "value": "BluntAttack"},
  {"side": "Server", "file": "game:entities/animal/mammal/hooved/deer-adult", "op": "replace", "path": "/server/behaviors/10/aitasks/0/damageTier", "value": 2}
]