﻿[
  {
    "side": "Server",
    "file": "game:entities/lore/drifter",
    "op": "add",
    "path": "/client/behaviors/-",
    "value": {
      "code": "CombatOverhaul:EntityColliders",
      "elementsByType": {
        "*-double-headed": {
          "Torso": ["Body", "Abdomen", "Kupris"],
          "Head": ["Extra neck", "Extra head", "Neck 1", "Head 1", "Neck 2", "Head 2"],
          "Arm": ["L shoulder", "L upper arm", "L lower arm", "R shoulder", "R upper arm", "R lower arm"],
          "Leg": ["L thigh", "L feet", "R thigh", "R feet"],
          "Critical": [],
          "Resistant": []
        },
        "*": {
          "Torso": ["Body", "Abdomen", "Kupris"],
          "Head": ["Neck", "Head"],
          "Arm": ["L shoulder", "L upper arm", "L lower arm", "R shoulder", "R upper arm", "R lower arm"],
          "Leg": ["L thigh", "L feet", "R thigh", "R feet"],
          "Critical": [],
          "Resistant": []
        }
      }
    }
  },
  {
    "side": "Server",
    "file": "game:entities/lore/drifter",
    "op": "add",
    "path": "/server/behaviors/-",
    "value": {
      "code": "CombatOverhaul:EntityColliders",
      "elementsByType": {
        "*-double-headed": {
          "Torso": ["Body", "Abdomen", "Kupris"],
          "Head": ["Extra neck", "Extra head", "Neck 1", "Head 1", "Neck 2", "Head 2"],
          "Arm": ["L shoulder", "L upper arm", "L lower arm", "R shoulder", "R upper arm", "R lower arm"],
          "Leg": ["L thigh", "L feet", "R thigh", "R feet"],
          "Critical": [],
          "Resistant": []
        },
        "*": {
          "Torso": ["Body", "Abdomen", "Kupris"],
          "Head": ["Neck", "Head"],
          "Arm": ["L shoulder", "L upper arm", "L lower arm", "R shoulder", "R upper arm", "R lower arm"],
          "Leg": ["L thigh", "L feet", "R thigh", "R feet"],
          "Critical": [],
          "Resistant": []
        }
      }
    }
  },
  {
    "side": "Server",
    "file": "game:entities/lore/drifter",
    "op": "add",
    "path": "/server/behaviors/-",
    "value": {
      "code": "CombatOverhaul:EntityDamageModel",
      "damageModel": {
        "TorsoDamageMultiplier": 1,
        "LimbsDamageMultiplier": 0.75,
        "HeadDamageMultiplier": 1.25,
        "CriticalDamageMultiplier": 2,
        "DefaultResistsByType": {
          "*-normal": {"BluntAttack": 0, "SlashingAttack": 2, "PiercingAttack": 4},
          "*-deep": {"BluntAttack": 0, "SlashingAttack": 3, "PiercingAttack": 5},
          "*-tainted": {"BluntAttack": 0, "SlashingAttack": 4, "PiercingAttack": 6},
          "*-corrupt": {"BluntAttack": 0, "SlashingAttack": 5, "PiercingAttack": 6},
          "*-nightmare": {"BluntAttack": 0, "SlashingAttack": 6, "PiercingAttack": 7},
          "*-double-headed": {"BluntAttack": 0, "SlashingAttack": 7, "PiercingAttack": 8}
        }
      }
    }
  },
  {
    "side": "Server",
    "file": "game:entities/lore/drifter",
    "op": "add",
    "path": "/client/behaviors/-",
    "value": {
      "code": "CombatOverhaul:EntityDamageModel",
      "damageModel": {
        "TorsoDamageMultiplier": 1,
        "LimbsDamageMultiplier": 0.75,
        "HeadDamageMultiplier": 1.25,
        "CriticalDamageMultiplier": 2,
        "DefaultResistsByType": {
          "*-normal": {"BluntAttack": 0, "SlashingAttack": 2, "PiercingAttack": 4},
          "*-deep": {"BluntAttack": 0, "SlashingAttack": 3, "PiercingAttack": 5},
          "*-tainted": {"BluntAttack": 0, "SlashingAttack": 4, "PiercingAttack": 6},
          "*-corrupt": {"BluntAttack": 0, "SlashingAttack": 5, "PiercingAttack": 6},
          "*-nightmare": {"BluntAttack": 0, "SlashingAttack": 6, "PiercingAttack": 7},
          "*-double-headed": {"BluntAttack": 0, "SlashingAttack": 7, "PiercingAttack": 8}
        }
      }
    }
  },
  {
    "side": "Server",
    "file": "game:entities/lore/drifter",
    "op": "replace",
    "path": "/server/behaviors/8/aitasks/2",
    "value": {
      "code": "meleeattack",
      "entityCodes": ["player"],
      "priority": 2,
      "damageByType": {"*-normal": 2, "*-deep": 3, "*-tainted": 5, "*-corrupt": 8, "*-nightmare": 11, "*-double-headed": 15},
      "damageTierByType": {"*-normal": 1, "*-deep": 2, "*-tainted": 3, "*-corrupt": 4, "*-nightmare": 5, "*-double-headed": 6},
      "damageTypeByType": {
        "*-normal": "BluntAttack",
        "*-deep": "BluntAttack",
        "*-tainted": "PiercingAttack",
        "*-corrupt": "PiercingAttack",
        "*-nightmare": "PiercingAttack",
        "*-double-headed": "PiercingAttack"
      },
      "mincooldown": 500,
      "maxcooldown": 1750,
      "damagePlayerAtMs": 800,
      "attackDurationMs": 2000,
      "animation": "standattackslash",
      "animationSpeed": 1.5,
      "sound": "creature/drifter-hit",
      "soundStartMs": 800
    }
  },
  {
    "side": "Server",
    "file": "game:entities/lore/drifter",
    "op": "add",
    "path": "/server/behaviors/8/aitasks/-",
    "value": {
      "code": "meleeattack",
      "entityCodes": ["player"],
      "priority": 2,
      "damageByType": {"*-normal": 2, "*-deep": 3, "*-tainted": 5, "*-corrupt": 8, "*-nightmare": 11, "*-double-headed": 15},
      "damageTierByType": {"*-normal": 1, "*-deep": 2, "*-tainted": 3, "*-corrupt": 4, "*-nightmare": 5, "*-double-headed": 6},
      "damageTypeByType": {
        "*-normal": "BluntAttack",
        "*-deep": "BluntAttack",
        "*-tainted": "PiercingAttack",
        "*-corrupt": "BluntAttack",
        "*-nightmare": "BluntAttack",
        "*-double-headed": "BluntAttack"
      },
      "mincooldown": 500,
      "maxcooldown": 1750,
      "damagePlayerAtMs": 800,
      "attackDurationMs": 2000,
      "animationByType": {"*-tainted": "standattackslash", "*": "standattackpunch"},
      "animationSpeed": 1.5,
      "sound": "creature/drifter-hit",
      "soundStartMs": 800
    }
  }
]