{
	"editor": {
		"allAngles": false,
		"entityTextureMode": false
	},
	"textureWidth": 64,
	"textureHeight": 64,
	"textureSizes": {
	},
	"textures": {
		"aged": "game:block/metal/torchholder/aged"
	},
	"elements": [
		{
			"name": "bone",
			"from": [ 0.0, -6.0, -0.3 ],
			"to": [ 0.0, -6.0, -0.3 ],
			"rotationOrigin": [ 8.0262, 10.527, 9.4073 ],
			"rotationX": -4.0,
			"rotationY": 180.0,
			"faces": {
				"north": { "texture": "#aged", "uv": [ 0.0, 0.0, 1.0, 1.0 ] },
				"east": { "texture": "#aged", "uv": [ 0.0, 0.0, 1.0, 1.0 ] },
				"south": { "texture": "#aged", "uv": [ 0.0, 0.0, 1.0, 1.0 ] },
				"west": { "texture": "#aged", "uv": [ 0.0, 0.0, 1.0, 1.0 ] },
				"up": { "texture": "#aged", "uv": [ 0.0, 0.0, 1.0, 1.0 ] },
				"down": { "texture": "#aged", "uv": [ 0.0, 0.0, 1.0, 1.0 ] }
			},
			"children": [
				{
					"name": "cube",
					"from": [ 7.0417, 16.8717, 4.6665 ],
					"to": [ 9.0417, 19.8717, 6.6665 ],
					"rotationOrigin": [ 7.8, 13.6182, 4.9649 ],
					"shade": false,
					"rotationX": 16.0,
					"faces": {
						"north": {
							"texture": "#aged",
							"uv": [ 46.0, 23.0, 42.0, 29.0 ],
							"autoUv": false
						},
						"east": {
							"texture": "#aged",
							"uv": [ 49.0, 19.0, 45.0, 25.0 ],
							"autoUv": false
						},
						"south": {
							"texture": "#aged",
							"uv": [ 46.0, 29.0, 42.0, 35.0 ],
							"autoUv": false
						},
						"west": {
							"texture": "#aged",
							"uv": [ 50.0, 23.0, 46.0, 29.0 ],
							"autoUv": false
						},
						"up": {
							"texture": "#aged",
							"uv": [ 49.0, 19.0, 45.0, 23.0 ],
							"autoUv": false
						},
						"down": {
							"texture": "#aged",
							"uv": [ 45.0, 23.0, 41.0, 19.0 ],
							"autoUv": false
						}
					}
				},
				{
					"name": "cube",
					"from": [ 7.275, 15.8717, 4.8915 ],
					"to": [ 8.775, 16.8717, 6.3915 ],
					"rotationOrigin": [ 7.8, 13.6182, 4.9649 ],
					"shade": false,
					"rotationX": 16.0,
					"faces": {
						"north": {
							"texture": "#aged",
							"uv": [ 45.0, 19.0, 42.0, 21.0 ],
							"autoUv": false
						},
						"east": {
							"texture": "#aged",
							"uv": [ 43.0, 27.0, 40.0, 29.0 ],
							"autoUv": false
						},
						"south": {
							"texture": "#aged",
							"uv": [ 44.0, 26.0, 41.0, 28.0 ],
							"autoUv": false
						},
						"west": {
							"texture": "#aged",
							"uv": [ 43.0, 27.0, 40.0, 29.0 ],
							"autoUv": false
						},
						"up": {
							"texture": "#aged",
							"uv": [ 44.0, 27.0, 41.0, 30.0 ],
							"autoUv": false
						},
						"down": {
							"texture": "#aged",
							"uv": [ 46.0, 29.0, 43.0, 26.0 ],
							"autoUv": false
						}
					}
				},
				{
					"name": "cube",
					"from": [ 7.2333, 15.49, 5.5054 ],
					"to": [ 8.8333, 15.99, 7.1054 ],
					"rotationOrigin": [ 8.0333, 15.7382, 6.3054 ],
					"rotationX": 176.0,
					"rotationZ": -180.0,
					"faces": {
						"north": { "texture": "#aged", "uv": [ 31.0, 60.0, 27.0, 61.0 ], "autoUv": false },
						"east": { "texture": "#aged", "uv": [ 32.0, 62.0, 28.0, 63.0 ], "autoUv": false },
						"south": { "texture": "#aged", "uv": [ 31.0, 60.0, 27.0, 61.0 ], "autoUv": false },
						"west": { "texture": "#aged", "uv": [ 31.0, 63.0, 27.0, 64.0 ], "autoUv": false },
						"up": { "texture": "#aged", "uv": [ 39.0, 60.0, 35.0, 64.0 ], "autoUv": false },
						"down": { "texture": "#aged", "uv": [ 36.0, 64.0, 32.0, 60.0 ], "autoUv": false }
					}
				},
				{
					"name": "cube",
					"from": [ 7.2333, 19.8717, 4.8415 ],
					"to": [ 8.8333, 20.3717, 6.4415 ],
					"rotationOrigin": [ 7.8, 13.6182, 4.9649 ],
					"rotationX": 16.0,
					"faces": {
						"north": { "texture": "#aged", "uv": [ 31.0, 61.0, 27.0, 62.0 ], "autoUv": false },
						"east": { "texture": "#aged", "uv": [ 31.0, 62.0, 27.0, 63.0 ], "autoUv": false },
						"south": { "texture": "#aged", "uv": [ 31.0, 61.0, 27.0, 62.0 ], "autoUv": false },
						"west": { "texture": "#aged", "uv": [ 31.0, 63.0, 27.0, 64.0 ], "autoUv": false },
						"up": { "texture": "#aged", "uv": [ 39.0, 60.0, 35.0, 64.0 ], "autoUv": false },
						"down": { "texture": "#aged", "uv": [ 35.0, 64.0, 31.0, 60.0 ], "autoUv": false }
					}
				},
				{
					"name": "cube",
					"from": [ 7.275, 14.8717, 4.8915 ],
					"to": [ 8.775, 15.8717, 6.3915 ],
					"rotationOrigin": [ 7.8, 13.6182, 4.9649 ],
					"shade": false,
					"rotationX": 16.0,
					"faces": {
						"north": {
							"texture": "#aged",
							"uv": [ 56.0, 21.0, 53.0, 23.0 ],
							"autoUv": false
						},
						"east": {
							"texture": "#aged",
							"uv": [ 56.0, 27.0, 53.0, 29.0 ],
							"autoUv": false
						},
						"south": {
							"texture": "#aged",
							"uv": [ 56.0, 21.0, 53.0, 23.0 ],
							"autoUv": false
						},
						"west": {
							"texture": "#aged",
							"uv": [ 56.0, 27.0, 53.0, 29.0 ],
							"autoUv": false
						}
					}
				},
				{
					"name": "cube",
					"from": [ 7.275, 19.8717, 4.8915 ],
					"to": [ 8.775, 20.8717, 6.3915 ],
					"rotationOrigin": [ 7.8, 13.6182, 4.9649 ],
					"shade": false,
					"rotationX": 16.0,
					"faces": {
						"north": {
							"texture": "#aged",
							"uv": [ 52.0, 23.0, 49.0, 25.0 ],
							"autoUv": false
						},
						"east": {
							"texture": "#aged",
							"uv": [ 50.0, 21.0, 47.0, 23.0 ],
							"autoUv": false
						},
						"south": {
							"texture": "#aged",
							"uv": [ 52.0, 25.0, 49.0, 27.0 ],
							"autoUv": false
						},
						"west": {
							"texture": "#aged",
							"uv": [ 52.0, 22.0, 49.0, 24.0 ],
							"autoUv": false
						},
						"up": {
							"texture": "#aged",
							"uv": [ 54.0, 31.0, 51.0, 34.0 ],
							"autoUv": false
						},
						"down": {
							"texture": "#aged",
							"uv": [ 53.0, 30.0, 50.0, 27.0 ],
							"autoUv": false
						}
					}
				},
				{
					"name": "cube",
					"from": [ 7.5, 6.2445, 5.0159 ],
					"to": [ 8.5, 15.7445, 6.0159 ],
					"rotationOrigin": [ 8.2917, 13.441, 5.3893 ],
					"rotationX": 16.0,
					"faces": {
						"north": { "texture": "#aged", "uv": [ 4.0, 0.0, 2.0, 19.0 ], "autoUv": false },
						"east": { "texture": "#aged", "uv": [ 6.0, 0.0, 4.0, 19.0 ], "autoUv": false },
						"south": { "texture": "#aged", "uv": [ 8.0, 0.0, 6.0, 19.0 ], "autoUv": false },
						"west": { "texture": "#aged", "uv": [ 2.0, 0.0, 0.0, 19.0 ], "autoUv": false },
						"up": { "texture": "#aged", "uv": [ 4.0, 19.0, 2.0, 21.0 ], "autoUv": false },
						"down": { "texture": "#aged", "uv": [ 2.0, 21.0, 0.0, 19.0 ], "autoUv": false }
					}
				}
			]
		}
	]}