{
	"editor": {
		"collapsedPaths": ",Root/origin/stem12,Root/origin/stem17,Root/origin/stem19,Root/origin/stem3,Root/origin/stem4,Root/origin/stem40,Root/origin/stem5,Root/origin/stem45,Root/origin/leafgroup,Root/origin/stem30,Root/origin/stem35,Root/origin/bush,Root/origin/stem21,Root/origin/stem28,Root/origin/stem",
		"allAngles": false,
		"entityTextureMode": false
	},
	"textureWidth": 16,
	"textureHeight": 16,
	"textureSizes": {
		"hibiscus": [16,16]
	},
	"textures": {
	},
	"elements": [
		{
			"name": "origin",
			"from": [ 8.0, 0.0, 8.0 ],
			"to": [ 8.0, 0.0, 8.0 ],
			"rotationOrigin": [ 8.0, 0.0, 8.0 ],
			"faces": {
			},
			"children": [
				{
					"name": "bush",
					"from": [ -4.5, 0.0, 0.0 ],
					"to": [ 4.5, 9.0, 0.0 ],
					"faces": {
						"south": { "texture": "#hibiscus", "uv": [ 2.5, 0.0, 10.5, 8.0 ], "autoUv": false, "windMode": [0,0,1,1] }
					},
					"children": [
						{
							"name": "bush2",
							"from": [ 0.0, 0.0, 0.0 ],
							"to": [ 9.0, 9.0, 0.0 ],
							"rotationOrigin": [ 4.5, 0.0, 0.0 ],
							"rotationX": -180.0,
							"rotationY": 45.0,
							"rotationZ": -180.0,
							"faces": {
								"south": { "texture": "#hibiscus", "uv": [ 2.5, 0.0, 10.5, 8.0 ], "autoUv": false, "windMode": [0,0,1,1] }
							}
						},
						{
							"name": "bush3",
							"from": [ 0.0, 0.0, -0.0031 ],
							"to": [ 9.0, 9.0, -0.0031 ],
							"rotationOrigin": [ 4.5, 0.0, 0.0 ],
							"rotationY": -89.9802,
							"faces": {
								"south": { "texture": "#hibiscus", "uv": [ 2.5, 0.0, 10.5, 8.0 ], "autoUv": false, "windMode": [0,0,1,1] }
							}
						},
						{
							"name": "bush4",
							"from": [ 0.0, 0.0, 0.0 ],
							"to": [ 9.0, 9.0, 0.0 ],
							"rotationOrigin": [ 4.5, 0.0, 0.0 ],
							"rotationX": -180.0,
							"rotationY": -45.0,
							"rotationZ": -180.0,
							"faces": {
								"south": { "texture": "#hibiscus", "uv": [ 2.5, 0.0, 10.5, 8.0 ], "autoUv": false, "windMode": [0,0,1,1] }
							}
						}
					]
				},
				{
					"name": "leafgroup",
					"from": [ 0.0, 0.0, 0.0 ],
					"to": [ 0.0, 0.0, 0.0 ],
					"faces": {
					},
					"children": [
						{
							"name": "leaf8",
							"from": [ -1.71, 1.8, -7.29 ],
							"to": [ -0.36, 1.8, -5.04 ],
							"rotationOrigin": [ -0.54, 0.9, -3.15 ],
							"rotationX": -180.0,
							"rotationY": 53.0,
							"rotationZ": -172.0,
							"faces": {
								"up": { "texture": "#hibiscus", "uv": [ 9.5, 13.5, 11.0, 16.0 ], "autoUv": false, "windMode": [0,0,0,0] }
							}
						},
						{
							"name": "leaf",
							"from": [ 0.27, 1.17, -3.51 ],
							"to": [ 1.62, 1.17, -1.26 ],
							"rotationOrigin": [ -0.54, 0.9, -3.15 ],
							"rotationY": -45.0,
							"rotationZ": 8.0,
							"faces": {
								"up": { "texture": "#hibiscus", "uv": [ 9.5, 13.5, 11.0, 16.0 ], "autoUv": false, "windMode": [0,0,0,0] }
							}
						},
						{
							"name": "leaf9",
							"from": [ -3.8596, 4.3209, -4.0175 ],
							"to": [ -2.5096, 4.3209, -1.7675 ],
							"rotationOrigin": [ -2.6896, 3.4209, 0.1225 ],
							"rotationX": -156.1909,
							"rotationY": -19.953,
							"rotationZ": -137.4271,
							"faces": {
								"up": { "texture": "#hibiscus", "uv": [ 9.5, 13.5, 11.0, 16.0 ], "autoUv": false, "windMode": [0,0,1,0] }
							}
						},
						{
							"name": "leaf10",
							"from": [ -1.8796, 3.6909, -0.2375 ],
							"to": [ -0.5296, 3.6909, 2.0125 ],
							"rotationOrigin": [ -2.6896, 3.4209, 0.1225 ],
							"rotationX": 28.8702,
							"rotationY": 26.4646,
							"rotationZ": -28.5718,
							"faces": {
								"up": { "texture": "#hibiscus", "uv": [ 9.5, 13.5, 11.0, 16.0 ], "autoUv": false, "windMode": [1,0,0,1] }
							}
						},
						{
							"name": "leaf3",
							"from": [ 0.1281, 3.86, 3.0306 ],
							"to": [ 1.4781, 3.86, 5.2806 ],
							"rotationOrigin": [ -0.1419, 3.59, 3.3366 ],
							"rotationX": 156.1937,
							"rotationY": 43.0152,
							"rotationZ": 170.3729,
							"faces": {
								"up": { "texture": "#hibiscus", "uv": [ 9.5, 12.5, 11.5, 16.0 ], "autoUv": false, "windMode": [1,1,0,1] }
							}
						},
						{
							"name": "leaf11",
							"from": [ 3.619, 3.2348, 0.6086 ],
							"to": [ 4.969, 3.2348, 2.8586 ],
							"rotationOrigin": [ 3.655, 3.2348, 0.6086 ],
							"rotationX": 30.5672,
							"rotationY": -76.7053,
							"rotationZ": 21.8783,
							"faces": {
								"up": { "texture": "#hibiscus", "uv": [ 9.0, 12.0, 11.5, 16.0 ], "autoUv": false, "windMode": [1,0,0,1] }
							}
						},
						{
							"name": "leaf12",
							"from": [ 3.5099, 4.68, -1.296 ],
							"to": [ 4.8599, 4.68, 0.954 ],
							"rotationOrigin": [ 3.2399, 4.41, -0.99 ],
							"rotationX": 140.0395,
							"rotationY": -56.539,
							"rotationZ": 124.8745,
							"faces": {
								"up": { "texture": "#hibiscus", "uv": [ 9.5, 12.5, 11.5, 16.0 ], "autoUv": false, "windMode": [1,1,1,1] }
							}
						},
						{
							"name": "leaf13",
							"from": [ -0.4951, 3.69, -3.78 ],
							"to": [ 0.8549, 3.69, -1.53 ],
							"rotationOrigin": [ -0.4591, 3.69, -3.78 ],
							"rotationX": 0.5316,
							"rotationY": 27.9954,
							"rotationZ": -11.1326,
							"faces": {
								"up": { "texture": "#hibiscus", "uv": [ 9.0, 12.0, 11.5, 16.0 ], "autoUv": false, "windMode": [1,1,1,1] }
							}
						},
						{
							"name": "leaf14",
							"from": [ 1.0288, 2.1622, -2.0479 ],
							"to": [ 2.3788, 2.1622, 0.2021 ],
							"rotationOrigin": [ 2.1988, 1.2622, 2.0921 ],
							"rotationX": -8.864,
							"rotationY": -17.3588,
							"rotationZ": 21.4312,
							"faces": {
								"up": { "texture": "#hibiscus", "uv": [ 9.5, 13.5, 11.0, 16.0 ], "autoUv": false, "windMode": [0,0,0,0] }
							}
						},
						{
							"name": "leaf15",
							"from": [ 3.0088, 1.5322, 1.7321 ],
							"to": [ 4.3588, 1.5322, 3.9821 ],
							"rotationOrigin": [ 2.1988, 1.2622, 2.0921 ],
							"rotationX": 169.2574,
							"rotationY": 9.5698,
							"rotationZ": 175.0072,
							"faces": {
								"up": { "texture": "#hibiscus", "uv": [ 9.5, 13.5, 11.0, 16.0 ], "autoUv": false, "windMode": [0,0,0,0] }
							}
						},
						{
							"name": "leaf16",
							"from": [ -2.8654, 5.0868, -6.8799 ],
							"to": [ -1.5154, 5.0868, -4.6299 ],
							"rotationOrigin": [ -1.6954, 4.1868, -2.7399 ],
							"rotationX": -166.382,
							"rotationY": 28.6879,
							"rotationZ": 172.1041,
							"faces": {
								"up": { "texture": "#hibiscus", "uv": [ 9.5, 13.5, 11.0, 16.0 ], "autoUv": false, "windMode": [1,1,1,1] }
							}
						},
						{
							"name": "leaf2",
							"from": [ -0.8854, 4.4568, -3.0999 ],
							"to": [ 0.4646, 4.4568, -0.8499 ],
							"rotationOrigin": [ -1.6954, 4.1868, -2.7399 ],
							"rotationX": 11.2784,
							"rotationY": -20.9741,
							"rotationZ": 22.9109,
							"faces": {
								"up": { "texture": "#hibiscus", "uv": [ 9.5, 13.5, 11.0, 16.0 ], "autoUv": false, "windMode": [1,1,1,1] }
							}
						},
						{
							"name": "leaf4",
							"from": [ -2.9699, 6.48, 0.684 ],
							"to": [ -1.6199, 6.48, 2.934 ],
							"rotationOrigin": [ -3.2399, 6.21, 0.99 ],
							"rotationX": 39.9605,
							"rotationY": 56.539,
							"rotationZ": -55.1255,
							"faces": {
								"up": { "texture": "#hibiscus", "uv": [ 9.5, 12.5, 11.5, 16.0 ], "autoUv": false, "windMode": [1,1,1,1] }
							}
						},
						{
							"name": "leaf17",
							"from": [ 0.4231, 5.49, 3.78 ],
							"to": [ 1.7731, 5.49, 6.03 ],
							"rotationOrigin": [ 0.4591, 5.49, 3.78 ],
							"rotationX": 179.4683,
							"rotationY": -27.9954,
							"rotationZ": 168.8674,
							"faces": {
								"up": { "texture": "#hibiscus", "uv": [ 9.0, 12.0, 11.5, 16.0 ], "autoUv": false, "windMode": [1,1,1,1] }
							}
						},
						{
							"name": "leaf18",
							"from": [ -2.0359, 7.3869, -1.1505 ],
							"to": [ -0.6859, 7.3869, 1.0995 ],
							"rotationOrigin": [ -0.8659, 6.4869, 2.9895 ],
							"rotationX": -2.9956,
							"rotationY": -77.8813,
							"rotationZ": 19.3776,
							"faces": {
								"up": { "texture": "#hibiscus", "uv": [ 9.5, 13.5, 11.0, 16.0 ], "autoUv": false, "windMode": [1,1,1,1] }
							}
						},
						{
							"name": "leaf6",
							"from": [ 3.1476, 7.3073, 0.1768 ],
							"to": [ 4.4976, 7.3073, 2.4268 ],
							"rotationOrigin": [ 2.8776, 7.0373, 0.4828 ],
							"rotationX": 145.7347,
							"rotationY": -28.9315,
							"rotationZ": 127.8518,
							"faces": {
								"up": { "texture": "#hibiscus", "uv": [ 9.5, 12.5, 11.5, 16.0 ], "autoUv": false, "windMode": [1,1,1,1] }
							}
						},
						{
							"name": "leaf21",
							"from": [ 0.8252, 5.7748, -3.5576 ],
							"to": [ 2.1752, 5.7748, -1.3076 ],
							"rotationOrigin": [ 0.8612, 5.7748, -3.5576 ],
							"rotationX": -0.3006,
							"rotationY": 4.5348,
							"rotationZ": 4.3257,
							"faces": {
								"up": { "texture": "#hibiscus", "uv": [ 9.0, 12.0, 11.5, 16.0 ], "autoUv": false, "windMode": [1,1,1,1] }
							}
						},
						{
							"name": "leaf20",
							"from": [ 0.1922, 5.6231, -1.3226 ],
							"to": [ 1.5422, 5.6231, 0.9274 ],
							"rotationOrigin": [ 1.3622, 4.7231, 2.8174 ],
							"rotationX": -17.0,
							"rotationY": -37.4999,
							"rotationZ": 8.0,
							"faces": {
								"up": { "texture": "#hibiscus", "uv": [ 9.5, 13.5, 11.0, 16.0 ], "autoUv": false, "windMode": [1,1,1,1] }
							}
						},
						{
							"name": "leaf5",
							"from": [ 2.1722, 4.9931, 2.4574 ],
							"to": [ 3.5222, 4.9931, 4.7074 ],
							"rotationOrigin": [ 1.3622, 4.7231, 2.8174 ],
							"rotationX": 163.0,
							"rotationY": 29.5,
							"rotationZ": -172.0,
							"faces": {
								"up": { "texture": "#hibiscus", "uv": [ 9.5, 13.5, 11.0, 16.0 ], "autoUv": false, "windMode": [1,1,1,1] }
							}
						},
						{
							"name": "leaf7",
							"from": [ 1.1048, 3.0059, -3.7986 ],
							"to": [ 2.4548, 3.0059, -1.5486 ],
							"rotationOrigin": [ 0.8348, 2.7359, -3.4926 ],
							"rotationX": 15.4875,
							"rotationY": -53.8021,
							"rotationZ": -1.8593,
							"faces": {
								"up": { "texture": "#hibiscus", "uv": [ 9.5, 12.5, 11.5, 16.0 ], "autoUv": false, "windMode": [0,0,0,0] }
							}
						},
						{
							"name": "leaf22",
							"from": [ -3.4817, 2.868, -1.5834 ],
							"to": [ -2.1317, 2.868, 0.6666 ],
							"rotationOrigin": [ -3.4457, 2.868, -1.5834 ],
							"rotationX": 72.2832,
							"rotationY": 83.0409,
							"rotationZ": -94.4043,
							"faces": {
								"up": { "texture": "#hibiscus", "uv": [ 9.0, 12.0, 11.5, 16.0 ], "autoUv": false, "windMode": [0,0,0,0] }
							}
						},
						{
							"name": "leaf23",
							"from": [ -3.1557, 2.0, 0.4626 ],
							"to": [ -1.8057, 2.0, 2.7126 ],
							"rotationOrigin": [ -3.4257, 1.73, 0.7686 ],
							"rotationX": 37.2078,
							"rotationY": 51.518,
							"rotationZ": -48.8271,
							"faces": {
								"up": { "texture": "#hibiscus", "uv": [ 9.5, 12.5, 11.5, 16.0 ], "autoUv": false, "windMode": [0,0,0,0] }
							}
						},
						{
							"name": "leaf24",
							"from": [ -0.0887, 0.8736, 3.9109 ],
							"to": [ 1.2613, 0.8736, 6.1609 ],
							"rotationOrigin": [ -0.0527, 0.8736, 3.9109 ],
							"rotationX": -178.1054,
							"rotationY": -21.7662,
							"rotationZ": 169.045,
							"faces": {
								"up": { "texture": "#hibiscus", "uv": [ 9.0, 12.0, 11.5, 16.0 ], "autoUv": false, "windMode": [0,0,0,0] }
							}
						},
						{
							"name": "leaf25",
							"from": [ -2.6401, 7.5108, -0.6797 ],
							"to": [ -1.2901, 7.5108, 1.5703 ],
							"rotationOrigin": [ -2.6041, 7.5108, -0.6797 ],
							"rotationX": 73.9261,
							"rotationY": 60.525,
							"rotationZ": -69.0194,
							"faces": {
								"up": { "texture": "#hibiscus", "uv": [ 9.0, 12.0, 11.5, 16.0 ], "autoUv": false, "windMode": [1,1,1,1] }
							}
						},
						{
							"name": "leaf19",
							"from": [ -0.0343, 6.7417, 2.6298 ],
							"to": [ 1.3157, 6.7417, 4.8798 ],
							"rotationOrigin": [ -0.8443, 6.4717, 2.9898 ],
							"rotationX": 172.4052,
							"rotationY": 69.9772,
							"rotationZ": -178.9473,
							"faces": {
								"up": { "texture": "#hibiscus", "uv": [ 9.5, 13.5, 11.0, 16.0 ], "autoUv": false, "windMode": [1,1,1,1] }
							}
						}
					]
				},
				{
					"name": "stemgroup",
					"from": [ 0.0, 0.0, 0.0 ],
					"to": [ 0.0, 0.0, 0.0 ],
					"faces": {
					},
					"children": [
						{
							"name": "stem",
							"from": [ -0.225, 0.0, -0.225 ],
							"to": [ 0.225, 4.05, 0.225 ],
							"rotationOrigin": [ -0.225, 0.0, -0.225 ],
							"faces": {
								"north": { "texture": "#hibiscus", "uv": [ 15.5, 0.0, 16.0, 4.5 ], "autoUv": false, "windMode": [0,4,4,0] },
								"east": { "texture": "#hibiscus", "uv": [ 14.0, 1.0, 14.5, 5.5 ], "autoUv": false, "windMode": [0,4,4,0] },
								"south": { "texture": "#hibiscus", "uv": [ 14.0, 0.0, 14.5, 4.5 ], "autoUv": false, "windMode": [0,0,4,4] },
								"west": { "texture": "#hibiscus", "uv": [ 15.5, 1.0, 16.0, 5.5 ], "autoUv": false, "windMode": [0,0,4,4] },
								"up": { "texture": "#hibiscus", "uv": [ 14.0, 2.5, 14.5, 3.0 ], "autoUv": false, "windMode": [4,4,4,4] }
							},
							"children": [
								{
									"name": "stem2",
									"from": [ 0.045, 4.05, 0.045 ],
									"to": [ 0.405, 6.75, 0.405 ],
									"rotationOrigin": [ 0.0, 4.05, 0.0 ],
									"faces": {
										"north": { "texture": "#hibiscus", "uv": [ 15.5, 2.5, 16.0, 5.5 ], "autoUv": false, "windMode": [4,4,4,4] },
										"east": { "texture": "#hibiscus", "uv": [ 14.0, 1.5, 14.5, 4.5 ], "autoUv": false, "windMode": [4,4,4,4] },
										"south": { "texture": "#hibiscus", "uv": [ 14.0, 2.0, 14.5, 5.0 ], "autoUv": false, "windMode": [4,4,4,4] },
										"west": { "texture": "#hibiscus", "uv": [ 15.5, 1.5, 16.0, 4.5 ], "autoUv": false, "windMode": [4,4,4,4] },
										"up": { "texture": "#hibiscus", "uv": [ 14.0, 3.5, 14.5, 4.0 ], "autoUv": false, "windMode": [4,4,4,4] }
									}
								},
								{
									"name": "stem47",
									"from": [ 0.09, 6.75, 0.09 ],
									"to": [ 0.36, 7.65, 0.36 ],
									"rotationOrigin": [ 0.0, 6.75, 0.0 ],
									"faces": {
										"north": { "texture": "#hibiscus", "uv": [ 15.5, 3.5, 16.0, 4.5 ], "autoUv": false, "windMode": [4,4,4,4] },
										"east": { "texture": "#hibiscus", "uv": [ 15.5, 2.5, 16.0, 3.5 ], "autoUv": false, "windMode": [4,4,4,4] },
										"south": { "texture": "#hibiscus", "uv": [ 14.0, 3.0, 14.5, 4.0 ], "autoUv": false, "windMode": [4,4,4,4] },
										"west": { "texture": "#hibiscus", "uv": [ 14.0, 4.0, 14.5, 5.0 ], "autoUv": false, "windMode": [4,4,4,4] },
										"up": { "texture": "#hibiscus", "uv": [ 15.5, 4.0, 16.0, 4.5 ], "autoUv": false, "windMode": [4,4,4,4] }
									}
								}
							]
						},
						{
							"name": "stem3",
							"from": [ -0.144, 0.9, -2.7 ],
							"to": [ 0.081, 1.125, 0.0 ],
							"rotationOrigin": [ -0.045, 0.9, 0.0 ],
							"rotationX": 25.0,
							"rotationY": 45.0,
							"rotationZ": -22.5,
							"faces": {
								"north": { "texture": "#hibiscus", "uv": [ 14.0, 2.5, 14.5, 3.0 ], "autoUv": false, "windMode": [0,0,0,0] },
								"east": { "texture": "#hibiscus", "uv": [ 15.5, 3.0, 16.0, 6.0 ], "rotation": 90, "autoUv": false, "windMode": [0,0,0,0] },
								"west": { "texture": "#hibiscus", "uv": [ 14.0, 2.0, 14.5, 5.0 ], "rotation": 90, "autoUv": false, "windMode": [0,0,0,0] },
								"up": { "texture": "#hibiscus", "uv": [ 15.5, 2.0, 16.0, 5.0 ], "autoUv": false, "windMode": [0,0,0,0] },
								"down": { "texture": "#hibiscus", "uv": [ 14.0, 1.0, 14.5, 4.0 ], "autoUv": false, "windMode": [0,0,0,0] }
							},
							"children": [
								{
									"name": "stem6",
									"from": [ 0.297, -0.171, -1.296 ],
									"to": [ 0.477, 0.009, 0.054 ],
									"rotationOrigin": [ 0.099, 0.0, 2.7 ],
									"rotationX": 3.2238,
									"rotationY": 5.9441,
									"rotationZ": 7.6914,
									"faces": {
										"north": { "texture": "#hibiscus", "uv": [ 0.0, 2.5, 0.5, 3.0 ], "autoUv": false, "windMode": [0,0,0,0] },
										"east": { "texture": "#hibiscus", "uv": [ 1.5, 3.5, 2.0, 5.0 ], "rotation": 90, "autoUv": false, "windMode": [0,0,0,0] },
										"west": { "texture": "#hibiscus", "uv": [ 0.0, 4.5, 0.5, 6.0 ], "rotation": 90, "autoUv": false, "windMode": [0,0,0,0] },
										"up": { "texture": "#hibiscus", "uv": [ 1.5, 5.0, 2.0, 6.5 ], "autoUv": false, "windMode": [0,0,0,0] },
										"down": { "texture": "#hibiscus", "uv": [ 0.0, 5.5, 0.5, 7.0 ], "autoUv": false, "windMode": [0,0,0,0] }
									}
								}
							]
						},
						{
							"name": "stem4",
							"from": [ -0.099, 1.71, -2.655 ],
							"to": [ 0.126, 1.935, 0.045 ],
							"rotationOrigin": [ 0.0, 1.71, 0.045 ],
							"rotationX": 139.4732,
							"rotationY": 30.3313,
							"rotationZ": -128.0711,
							"faces": {
								"north": { "texture": "#hibiscus", "uv": [ 14.0, 3.5, 14.5, 4.0 ], "autoUv": false, "windMode": [4,4,4,4] },
								"east": { "texture": "#hibiscus", "uv": [ 15.5, 1.5, 16.0, 4.5 ], "rotation": 90, "autoUv": false, "windMode": [4,4,0,0] },
								"west": { "texture": "#hibiscus", "uv": [ 14.0, 2.0, 14.5, 5.0 ], "rotation": 90, "autoUv": false, "windMode": [4,0,0,4] },
								"up": { "texture": "#hibiscus", "uv": [ 15.5, 1.5, 16.0, 4.5 ], "autoUv": false, "windMode": [4,0,0,4] },
								"down": { "texture": "#hibiscus", "uv": [ 14.0, 2.5, 14.5, 5.5 ], "autoUv": false, "windMode": [4,4,0,0] }
							},
							"children": [
								{
									"name": "stem9",
									"from": [ 0.018, -0.099, -1.341 ],
									"to": [ 0.198, 0.081, 0.009 ],
									"rotationOrigin": [ 0.099, 0.0, 2.7 ],
									"rotationX": 2.651,
									"rotationY": -0.1636,
									"rotationZ": -9.9766,
									"faces": {
										"north": { "texture": "#hibiscus", "uv": [ 0.0, 2.5, 0.5, 3.0 ], "autoUv": false, "windMode": [4,4,4,4] },
										"east": { "texture": "#hibiscus", "uv": [ 1.5, 3.5, 2.0, 5.0 ], "rotation": 90, "autoUv": false, "windMode": [4,4,4,4] },
										"west": { "texture": "#hibiscus", "uv": [ 0.0, 4.5, 0.5, 6.0 ], "rotation": 90, "autoUv": false, "windMode": [4,4,4,4] },
										"up": { "texture": "#hibiscus", "uv": [ 1.5, 5.0, 2.0, 6.5 ], "autoUv": false, "windMode": [4,4,4,4] },
										"down": { "texture": "#hibiscus", "uv": [ 0.0, 5.5, 0.5, 7.0 ], "autoUv": false, "windMode": [4,4,4,4] }
									}
								}
							]
						},
						{
							"name": "stem5",
							"from": [ -0.054, 2.16, -1.35 ],
							"to": [ 0.171, 2.385, 0.0 ],
							"rotationOrigin": [ 0.045, 2.16, 0.0 ],
							"rotationX": 155.0,
							"rotationY": -27.0,
							"rotationZ": 158.5,
							"faces": {
								"north": { "texture": "#hibiscus", "uv": [ 14.0, 4.0, 14.5, 4.5 ], "autoUv": false, "windMode": [0,0,0,0] },
								"east": { "texture": "#hibiscus", "uv": [ 14.0, 2.5, 14.5, 4.0 ], "rotation": 90, "autoUv": false, "windMode": [0,0,0,0] },
								"west": { "texture": "#hibiscus", "uv": [ 15.5, 2.0, 16.0, 3.5 ], "rotation": 90, "autoUv": false, "windMode": [0,0,0,0] },
								"up": { "texture": "#hibiscus", "uv": [ 15.5, 2.5, 16.0, 4.0 ], "autoUv": false, "windMode": [0,0,0,0] },
								"down": { "texture": "#hibiscus", "uv": [ 14.0, 3.0, 14.5, 4.5 ], "autoUv": false, "windMode": [0,0,0,0] }
							},
							"children": [
								{
									"name": "stem7",
									"from": [ -0.2717, 0.0232, -1.0864 ],
									"to": [ -0.0917, 0.2032, 0.2636 ],
									"rotationOrigin": [ -0.1824, -0.0488, 1.2613 ],
									"rotationX": 0.6397,
									"rotationY": -17.21,
									"rotationZ": 6.0187,
									"faces": {
										"north": { "texture": "#hibiscus", "uv": [ 14.0, 2.5, 14.5, 3.0 ], "autoUv": false, "windMode": [4,4,4,4] },
										"east": { "texture": "#hibiscus", "uv": [ 14.0, 3.5, 14.5, 5.0 ], "rotation": 90, "autoUv": false, "windMode": [4,4,0,0] },
										"west": { "texture": "#hibiscus", "uv": [ 15.5, 0.5, 16.0, 2.0 ], "rotation": 90, "autoUv": false, "windMode": [4,0,0,4] },
										"up": { "texture": "#hibiscus", "uv": [ 15.5, 2.0, 16.0, 3.5 ], "autoUv": false, "windMode": [4,0,0,4] },
										"down": { "texture": "#hibiscus", "uv": [ 14.0, 4.0, 14.5, 5.5 ], "autoUv": false, "windMode": [4,4,0,0] }
									}
								},
								{
									"name": "stem8",
									"from": [ 0.5554, 0.5143, -1.4719 ],
									"to": [ 0.7354, 0.6943, -0.1219 ],
									"rotationOrigin": [ 0.7348, 0.4603, 1.2358 ],
									"rotationX": -22.4471,
									"rotationY": 23.8655,
									"rotationZ": 2.2007,
									"faces": {
										"north": { "texture": "#hibiscus", "uv": [ 14.0, 2.5, 14.5, 3.0 ], "autoUv": false, "windMode": [0,0,0,0] },
										"east": { "texture": "#hibiscus", "uv": [ 15.5, 2.5, 16.0, 4.0 ], "rotation": 90, "autoUv": false, "windMode": [0,0,0,0] },
										"west": { "texture": "#hibiscus", "uv": [ 14.0, 2.0, 14.5, 3.5 ], "rotation": 90, "autoUv": false, "windMode": [0,0,0,0] },
										"up": { "texture": "#hibiscus", "uv": [ 14.0, 2.0, 14.5, 3.5 ], "autoUv": false, "windMode": [0,0,0,0] },
										"down": { "texture": "#hibiscus", "uv": [ 14.0, 3.5, 14.5, 5.0 ], "autoUv": false, "windMode": [0,0,0,0] }
									}
								},
								{
									"name": "stem10",
									"from": [ -0.1291, -0.5768, -2.5203 ],
									"to": [ 0.0059, -0.4418, -1.1703 ],
									"rotationOrigin": [ -0.0674, -0.6668, 1.1475 ],
									"rotationX": 16.9105,
									"rotationY": -14.6747,
									"rotationZ": 11.5842,
									"faces": {
										"north": { "texture": "#hibiscus", "uv": [ 0.0, 2.5, 0.5, 3.0 ], "autoUv": false, "windMode": [4,4,4,4] },
										"east": { "texture": "#hibiscus", "uv": [ 1.5, 3.5, 2.0, 5.0 ], "rotation": 90, "autoUv": false, "windMode": [4,4,4,4] },
										"west": { "texture": "#hibiscus", "uv": [ 0.0, 4.5, 0.5, 6.0 ], "rotation": 90, "autoUv": false, "windMode": [4,4,4,4] },
										"up": { "texture": "#hibiscus", "uv": [ 1.5, 5.0, 2.0, 6.5 ], "autoUv": false, "windMode": [4,4,4,4] },
										"down": { "texture": "#hibiscus", "uv": [ 0.0, 5.5, 0.5, 7.0 ], "autoUv": false, "windMode": [4,4,4,4] }
									}
								},
								{
									"name": "stem11",
									"from": [ -0.311, -0.2359, -2.0347 ],
									"to": [ -0.176, -0.1009, -0.6847 ],
									"rotationOrigin": [ -1.9217, -1.0232, 0.4514 ],
									"rotationX": 1.32,
									"rotationY": 12.2026,
									"rotationZ": -6.7593,
									"faces": {
										"north": { "texture": "#hibiscus", "uv": [ 0.0, 2.5, 0.5, 3.0 ], "autoUv": false, "windMode": [4,4,4,4] },
										"east": { "texture": "#hibiscus", "uv": [ 1.5, 3.5, 2.0, 5.0 ], "rotation": 90, "autoUv": false, "windMode": [4,4,0,0] },
										"west": { "texture": "#hibiscus", "uv": [ 0.0, 4.5, 0.5, 6.0 ], "rotation": 90, "autoUv": false, "windMode": [4,0,0,4] },
										"up": { "texture": "#hibiscus", "uv": [ 1.5, 5.0, 2.0, 6.5 ], "autoUv": false, "windMode": [4,0,0,4] },
										"down": { "texture": "#hibiscus", "uv": [ 0.0, 5.5, 0.5, 7.0 ], "autoUv": false, "windMode": [4,4,0,0] }
									}
								}
							]
						},
						{
							"name": "stem12",
							"from": [ -0.099, 3.06, -1.395 ],
							"to": [ 0.126, 3.285, -0.045 ],
							"rotationOrigin": [ 0.0, 3.06, -0.045 ],
							"rotationX": 22.9098,
							"rotationY": -39.8557,
							"rotationZ": 10.9032,
							"faces": {
								"north": { "texture": "#hibiscus", "uv": [ 14.0, 3.0, 14.5, 3.5 ], "autoUv": false, "windMode": [4,4,4,4] },
								"east": { "texture": "#hibiscus", "uv": [ 14.0, 2.5, 14.5, 4.0 ], "rotation": 90, "autoUv": false, "windMode": [4,4,4,4] },
								"west": { "texture": "#hibiscus", "uv": [ 15.5, 4.0, 16.0, 5.5 ], "rotation": 90, "autoUv": false, "windMode": [4,4,4,4] },
								"up": { "texture": "#hibiscus", "uv": [ 14.0, 2.5, 14.5, 4.0 ], "autoUv": false, "windMode": [4,4,4,4] },
								"down": { "texture": "#hibiscus", "uv": [ 14.0, 3.5, 14.5, 5.0 ], "autoUv": false, "windMode": [4,4,4,4] }
							},
							"children": [
								{
									"name": "stem13",
									"from": [ -0.2717, 0.0232, -1.0864 ],
									"to": [ -0.0917, 0.2032, 0.2636 ],
									"rotationOrigin": [ -0.1824, -0.0488, 1.2613 ],
									"rotationX": 0.6397,
									"rotationY": -17.21,
									"rotationZ": 6.0187,
									"faces": {
										"north": { "texture": "#hibiscus", "uv": [ 14.0, 2.5, 14.5, 3.0 ], "autoUv": false, "windMode": [4,4,4,4] },
										"east": { "texture": "#hibiscus", "uv": [ 14.0, 1.5, 14.5, 3.0 ], "rotation": 90, "autoUv": false, "windMode": [4,4,4,4] },
										"west": { "texture": "#hibiscus", "uv": [ 15.5, 3.0, 16.0, 4.5 ], "rotation": 90, "autoUv": false, "windMode": [4,4,4,4] },
										"up": { "texture": "#hibiscus", "uv": [ 14.0, 2.5, 14.5, 4.0 ], "autoUv": false, "windMode": [4,4,4,4] },
										"down": { "texture": "#hibiscus", "uv": [ 14.0, 3.0, 14.5, 4.5 ], "autoUv": false, "windMode": [4,4,4,4] }
									}
								},
								{
									"name": "stem14",
									"from": [ 0.5554, 0.5143, -1.4719 ],
									"to": [ 0.7354, 0.6943, -0.1219 ],
									"rotationOrigin": [ 0.7348, 0.4603, 1.2358 ],
									"rotationX": -22.4471,
									"rotationY": 23.8655,
									"rotationZ": 2.2007,
									"faces": {
										"north": { "texture": "#hibiscus", "uv": [ 14.5, 3.0, 15.0, 3.5 ], "autoUv": false, "windMode": [4,4,4,4] },
										"east": { "texture": "#hibiscus", "uv": [ 15.5, 2.5, 16.0, 4.0 ], "rotation": 90, "autoUv": false, "windMode": [4,4,4,4] },
										"west": { "texture": "#hibiscus", "uv": [ 14.0, 3.0, 14.5, 4.5 ], "rotation": 90, "autoUv": false, "windMode": [4,4,4,4] },
										"up": { "texture": "#hibiscus", "uv": [ 14.0, 3.5, 14.5, 5.0 ], "autoUv": false, "windMode": [4,4,4,4] },
										"down": { "texture": "#hibiscus", "uv": [ 14.0, 3.0, 14.5, 4.5 ], "autoUv": false, "windMode": [4,4,4,4] }
									}
								},
								{
									"name": "stem15",
									"from": [ -0.1291, -0.5768, -2.5203 ],
									"to": [ 0.0059, -0.4418, -1.1703 ],
									"rotationOrigin": [ -0.0674, -0.6668, 1.1475 ],
									"rotationX": 16.9105,
									"rotationY": -14.6747,
									"rotationZ": 11.5842,
									"faces": {
										"north": { "texture": "#hibiscus", "uv": [ 0.0, 2.5, 0.5, 3.0 ], "autoUv": false, "windMode": [4,4,4,4] },
										"east": { "texture": "#hibiscus", "uv": [ 1.5, 3.5, 2.0, 5.0 ], "rotation": 90, "autoUv": false, "windMode": [4,4,4,4] },
										"west": { "texture": "#hibiscus", "uv": [ 0.0, 4.5, 0.5, 6.0 ], "rotation": 90, "autoUv": false, "windMode": [4,4,4,4] },
										"up": { "texture": "#hibiscus", "uv": [ 1.5, 5.0, 2.0, 6.5 ], "autoUv": false, "windMode": [4,4,4,4] },
										"down": { "texture": "#hibiscus", "uv": [ 0.0, 5.5, 0.5, 7.0 ], "autoUv": false, "windMode": [4,4,4,4] }
									}
								},
								{
									"name": "stem16",
									"from": [ -0.311, -0.2359, -2.0347 ],
									"to": [ -0.176, -0.1009, -0.6847 ],
									"rotationOrigin": [ -1.9217, -1.0232, 0.4514 ],
									"rotationX": 1.32,
									"rotationY": 12.2026,
									"rotationZ": -6.7593,
									"faces": {
										"north": { "texture": "#hibiscus", "uv": [ 0.0, 2.5, 0.5, 3.0 ], "autoUv": false, "windMode": [4,4,4,4] },
										"east": { "texture": "#hibiscus", "uv": [ 1.5, 3.5, 2.0, 5.0 ], "rotation": 90, "autoUv": false, "windMode": [4,4,4,4] },
										"west": { "texture": "#hibiscus", "uv": [ 0.0, 4.5, 0.5, 6.0 ], "rotation": 90, "autoUv": false, "windMode": [4,4,4,4] },
										"up": { "texture": "#hibiscus", "uv": [ 1.5, 5.0, 2.0, 6.5 ], "autoUv": false, "windMode": [4,4,4,4] },
										"down": { "texture": "#hibiscus", "uv": [ 0.0, 5.5, 0.5, 7.0 ], "autoUv": false, "windMode": [4,4,4,4] }
									}
								}
							]
						},
						{
							"name": "stem17",
							"from": [ -0.0645, 0.27, -2.7289 ],
							"to": [ 0.1605, 0.495, -0.0289 ],
							"rotationOrigin": [ 0.0345, 0.27, -0.0289 ],
							"rotationX": 90.1246,
							"rotationY": -59.0218,
							"rotationZ": 99.103,
							"faces": {
								"north": { "texture": "#hibiscus", "uv": [ 14.0, 3.0, 14.5, 3.5 ], "autoUv": false, "windMode": [0,0,0,0] },
								"east": { "texture": "#hibiscus", "uv": [ 15.5, 2.0, 16.0, 5.0 ], "rotation": 90, "autoUv": false, "windMode": [0,0,0,0] },
								"west": { "texture": "#hibiscus", "uv": [ 14.0, 2.5, 14.5, 5.5 ], "rotation": 90, "autoUv": false, "windMode": [0,0,0,0] },
								"up": { "texture": "#hibiscus", "uv": [ 15.5, 3.0, 16.0, 6.0 ], "autoUv": false, "windMode": [0,0,0,0] },
								"down": { "texture": "#hibiscus", "uv": [ 14.0, 2.5, 14.5, 5.5 ], "autoUv": false, "windMode": [0,0,0,0] }
							},
							"children": [
								{
									"name": "stem18",
									"from": [ 0.018, -0.099, -1.341 ],
									"to": [ 0.198, 0.081, 0.009 ],
									"rotationOrigin": [ 0.099, 0.0, 2.7 ],
									"rotationX": 2.651,
									"rotationY": -0.1636,
									"rotationZ": -9.9766,
									"faces": {
										"north": { "texture": "#hibiscus", "uv": [ 0.0, 2.5, 0.5, 3.0 ], "autoUv": false, "windMode": [0,0,0,0] },
										"east": { "texture": "#hibiscus", "uv": [ 1.5, 3.5, 2.0, 5.0 ], "rotation": 90, "autoUv": false, "windMode": [0,0,0,0] },
										"west": { "texture": "#hibiscus", "uv": [ 0.0, 4.5, 0.5, 6.0 ], "rotation": 90, "autoUv": false, "windMode": [0,0,0,0] },
										"up": { "texture": "#hibiscus", "uv": [ 1.5, 5.0, 2.0, 6.5 ], "autoUv": false, "windMode": [0,0,0,0] },
										"down": { "texture": "#hibiscus", "uv": [ 0.0, 5.5, 0.5, 7.0 ], "autoUv": false, "windMode": [0,0,0,0] }
									}
								}
							]
						},
						{
							"name": "stem19",
							"from": [ -0.1408, 4.32, -2.7168 ],
							"to": [ 0.0842, 4.545, -0.0168 ],
							"rotationOrigin": [ -0.0418, 4.32, -0.0168 ],
							"rotationX": 19.1806,
							"rotationY": 71.55,
							"rotationZ": -12.4763,
							"faces": {
								"north": { "texture": "#hibiscus", "uv": [ 14.0, 2.5, 14.5, 3.0 ], "autoUv": false, "windMode": [4,4,4,4] },
								"east": { "texture": "#hibiscus", "uv": [ 14.0, 2.0, 14.5, 5.0 ], "rotation": 90, "autoUv": false, "windMode": [4,4,4,4] },
								"west": { "texture": "#hibiscus", "uv": [ 14.0, 2.5, 14.5, 5.5 ], "rotation": 90, "autoUv": false, "windMode": [4,4,4,4] },
								"up": { "texture": "#hibiscus", "uv": [ 15.5, 2.0, 16.0, 5.0 ], "autoUv": false, "windMode": [4,4,4,4] },
								"down": { "texture": "#hibiscus", "uv": [ 15.5, 1.5, 16.0, 4.5 ], "autoUv": false, "windMode": [4,4,4,4] }
							},
							"children": [
								{
									"name": "stem20",
									"from": [ 0.297, -0.171, -1.296 ],
									"to": [ 0.477, 0.009, 0.054 ],
									"rotationOrigin": [ 0.099, 0.0, 2.7 ],
									"rotationX": 3.2238,
									"rotationY": 5.9441,
									"rotationZ": 7.6914,
									"faces": {
										"north": { "texture": "#hibiscus", "uv": [ 0.0, 2.5, 0.5, 3.0 ], "autoUv": false, "windMode": [4,4,4,4] },
										"east": { "texture": "#hibiscus", "uv": [ 1.5, 3.5, 2.0, 5.0 ], "rotation": 90, "autoUv": false, "windMode": [4,4,4,4] },
										"west": { "texture": "#hibiscus", "uv": [ 0.0, 4.5, 0.5, 6.0 ], "rotation": 90, "autoUv": false, "windMode": [4,4,4,4] },
										"up": { "texture": "#hibiscus", "uv": [ 1.5, 5.0, 2.0, 6.5 ], "autoUv": false, "windMode": [4,4,4,4] },
										"down": { "texture": "#hibiscus", "uv": [ 0.0, 5.5, 0.5, 7.0 ], "autoUv": false, "windMode": [4,4,4,4] }
									}
								}
							]
						},
						{
							"name": "stem21",
							"from": [ -0.099, 4.86, -1.305 ],
							"to": [ 0.126, 5.085, 0.045 ],
							"rotationOrigin": [ 0.0, 4.86, 0.045 ],
							"rotationX": 157.0902,
							"rotationY": 39.8557,
							"rotationZ": -169.0968,
							"faces": {
								"north": { "texture": "#hibiscus", "uv": [ 14.0, 4.0, 14.5, 4.5 ], "autoUv": false, "windMode": [4,4,4,4] },
								"east": { "texture": "#hibiscus", "uv": [ 14.0, 2.5, 14.5, 4.0 ], "rotation": 90, "autoUv": false, "windMode": [4,4,4,4] },
								"west": { "texture": "#hibiscus", "uv": [ 14.0, 3.5, 14.5, 5.0 ], "rotation": 90, "autoUv": false, "windMode": [4,4,4,4] },
								"up": { "texture": "#hibiscus", "uv": [ 15.5, 2.5, 16.0, 4.0 ], "autoUv": false, "windMode": [4,4,4,4] },
								"down": { "texture": "#hibiscus", "uv": [ 15.5, 3.0, 16.0, 4.5 ], "autoUv": false, "windMode": [4,4,4,4] }
							},
							"children": [
								{
									"name": "stem22",
									"from": [ -0.2717, 0.0232, -1.0864 ],
									"to": [ -0.0917, 0.2032, 0.2636 ],
									"rotationOrigin": [ -0.1824, -0.0488, 1.2613 ],
									"rotationX": 0.6397,
									"rotationY": -17.21,
									"rotationZ": 6.0187,
									"faces": {
										"north": { "texture": "#hibiscus", "uv": [ 14.0, 3.0, 14.5, 3.5 ], "autoUv": false, "windMode": [4,4,4,4] },
										"east": { "texture": "#hibiscus", "uv": [ 15.5, 3.5, 16.0, 5.0 ], "rotation": 90, "autoUv": false, "windMode": [4,4,4,4] },
										"west": { "texture": "#hibiscus", "uv": [ 14.0, 2.5, 14.5, 4.0 ], "rotation": 90, "autoUv": false, "windMode": [4,4,4,4] },
										"up": { "texture": "#hibiscus", "uv": [ 14.0, 3.0, 14.5, 4.5 ], "autoUv": false, "windMode": [4,4,4,4] },
										"down": { "texture": "#hibiscus", "uv": [ 15.5, 3.5, 16.0, 5.0 ], "autoUv": false, "windMode": [4,4,4,4] }
									}
								},
								{
									"name": "stem23",
									"from": [ 0.5554, 0.5143, -1.4719 ],
									"to": [ 0.7354, 0.6943, -0.1219 ],
									"rotationOrigin": [ 0.7348, 0.4603, 1.2358 ],
									"rotationX": -22.4471,
									"rotationY": 23.8655,
									"rotationZ": 2.2007,
									"faces": {
										"north": { "texture": "#hibiscus", "uv": [ 14.0, 2.5, 14.5, 3.0 ], "autoUv": false, "windMode": [4,4,4,4] },
										"east": { "texture": "#hibiscus", "uv": [ 14.0, 3.5, 14.5, 5.0 ], "rotation": 90, "autoUv": false, "windMode": [4,4,4,4] },
										"west": { "texture": "#hibiscus", "uv": [ 14.0, 2.5, 14.5, 4.0 ], "rotation": 90, "autoUv": false, "windMode": [4,4,4,4] },
										"up": { "texture": "#hibiscus", "uv": [ 14.0, 3.0, 14.5, 4.5 ], "autoUv": false, "windMode": [4,4,4,4] },
										"down": { "texture": "#hibiscus", "uv": [ 14.0, 3.0, 14.5, 4.5 ], "autoUv": false, "windMode": [4,4,4,4] }
									}
								},
								{
									"name": "stem24",
									"from": [ -0.1291, -0.5768, -2.5203 ],
									"to": [ 0.0059, -0.4418, -1.1703 ],
									"rotationOrigin": [ -0.0674, -0.6668, 1.1475 ],
									"rotationX": 16.9105,
									"rotationY": -14.6747,
									"rotationZ": 11.5842,
									"faces": {
										"north": { "texture": "#hibiscus", "uv": [ 0.0, 2.5, 0.5, 3.0 ], "autoUv": false, "windMode": [4,4,4,4] },
										"east": { "texture": "#hibiscus", "uv": [ 1.5, 3.5, 2.0, 5.0 ], "rotation": 90, "autoUv": false, "windMode": [4,4,4,4] },
										"west": { "texture": "#hibiscus", "uv": [ 0.0, 4.5, 0.5, 6.0 ], "rotation": 90, "autoUv": false, "windMode": [4,4,4,4] },
										"up": { "texture": "#hibiscus", "uv": [ 1.5, 5.0, 2.0, 6.5 ], "autoUv": false, "windMode": [4,4,4,4] },
										"down": { "texture": "#hibiscus", "uv": [ 0.0, 5.5, 0.5, 7.0 ], "autoUv": false, "windMode": [4,4,4,4] }
									}
								},
								{
									"name": "stem25",
									"from": [ -0.311, -0.2359, -2.0347 ],
									"to": [ -0.176, -0.1009, -0.6847 ],
									"rotationOrigin": [ -1.9217, -1.0232, 0.4514 ],
									"rotationX": 1.32,
									"rotationY": 12.2026,
									"rotationZ": -6.7593,
									"faces": {
										"north": { "texture": "#hibiscus", "uv": [ 0.0, 2.5, 0.5, 3.0 ], "autoUv": false, "windMode": [4,4,4,4] },
										"east": { "texture": "#hibiscus", "uv": [ 1.5, 3.5, 2.0, 5.0 ], "rotation": 90, "autoUv": false, "windMode": [4,4,4,4] },
										"west": { "texture": "#hibiscus", "uv": [ 0.0, 4.5, 0.5, 6.0 ], "rotation": 90, "autoUv": false, "windMode": [4,4,4,4] },
										"up": { "texture": "#hibiscus", "uv": [ 1.5, 5.0, 2.0, 6.5 ], "autoUv": false, "windMode": [4,4,4,4] },
										"down": { "texture": "#hibiscus", "uv": [ 0.0, 5.5, 0.5, 7.0 ], "autoUv": false, "windMode": [4,4,4,4] }
									}
								}
							]
						},
						{
							"name": "stem26",
							"from": [ -0.036, 5.778, -2.6887 ],
							"to": [ 0.144, 5.958, -1.3387 ],
							"rotationOrigin": [ 0.0436, 5.76, 0.0112 ],
							"rotationX": 146.254,
							"rotationY": -20.83,
							"rotationZ": 166.2183,
							"faces": {
								"north": { "texture": "#hibiscus", "uv": [ 1.5, 4.0, 2.0, 4.5 ], "autoUv": false, "windMode": [4,4,4,4] },
								"east": { "texture": "#hibiscus", "uv": [ 1.5, 7.0, 2.0, 8.5 ], "rotation": 90, "autoUv": false, "windMode": [4,4,4,4] },
								"west": { "texture": "#hibiscus", "uv": [ 0.0, 8.0, 0.5, 9.5 ], "rotation": 90, "autoUv": false, "windMode": [4,4,4,4] },
								"up": { "texture": "#hibiscus", "uv": [ 1.5, 10.5, 2.0, 12.0 ], "autoUv": false, "windMode": [4,4,4,4] },
								"down": { "texture": "#hibiscus", "uv": [ 1.5, 3.0, 2.0, 4.5 ], "autoUv": false, "windMode": [4,4,4,4] }
							}
						},
						{
							"name": "stem30",
							"from": [ -0.099, 4.86, -1.305 ],
							"to": [ 0.126, 5.085, 0.045 ],
							"rotationOrigin": [ 0.0, 4.86, 0.045 ],
							"rotationX": 53.09,
							"rotationY": -49.5,
							"rotationZ": 47.9,
							"faces": {
								"north": { "texture": "#hibiscus", "uv": [ 14.0, 3.5, 14.5, 4.0 ], "autoUv": false, "windMode": [4,4,4,4] },
								"east": { "texture": "#hibiscus", "uv": [ 15.5, 3.5, 16.0, 5.0 ], "rotation": 90, "autoUv": false, "windMode": [4,4,4,4] },
								"west": { "texture": "#hibiscus", "uv": [ 14.0, 2.5, 14.5, 4.0 ], "rotation": 90, "autoUv": false, "windMode": [4,4,4,4] },
								"up": { "texture": "#hibiscus", "uv": [ 14.0, 3.5, 14.5, 5.0 ], "autoUv": false, "windMode": [4,4,4,4] },
								"down": { "texture": "#hibiscus", "uv": [ 15.5, 3.0, 16.0, 4.5 ], "autoUv": false, "windMode": [4,4,4,4] }
							},
							"children": [
								{
									"name": "stem31",
									"from": [ -0.2717, 0.0232, -1.0864 ],
									"to": [ -0.0917, 0.2032, 0.2636 ],
									"rotationOrigin": [ -0.1824, -0.0488, 1.2613 ],
									"rotationX": 0.6397,
									"rotationY": -17.21,
									"rotationZ": 6.0187,
									"faces": {
										"north": { "texture": "#hibiscus", "uv": [ 14.0, 4.0, 14.5, 4.5 ], "autoUv": false, "windMode": [4,4,4,4] },
										"east": { "texture": "#hibiscus", "uv": [ 14.0, 3.5, 14.5, 5.0 ], "rotation": 90, "autoUv": false, "windMode": [4,4,4,4] },
										"west": { "texture": "#hibiscus", "uv": [ 15.5, 2.5, 16.0, 4.0 ], "rotation": 90, "autoUv": false, "windMode": [4,4,4,4] },
										"up": { "texture": "#hibiscus", "uv": [ 14.0, 2.5, 14.5, 4.0 ], "autoUv": false, "windMode": [4,4,4,4] },
										"down": { "texture": "#hibiscus", "uv": [ 14.0, 3.0, 14.5, 4.5 ], "autoUv": false, "windMode": [4,4,4,4] }
									}
								},
								{
									"name": "stem32",
									"from": [ 0.5554, 0.5143, -1.4719 ],
									"to": [ 0.7354, 0.6943, -0.1219 ],
									"rotationOrigin": [ 0.7348, 0.4603, 1.2358 ],
									"rotationX": -22.4471,
									"rotationY": 23.8655,
									"rotationZ": 2.2007,
									"faces": {
										"north": { "texture": "#hibiscus", "uv": [ 14.0, 3.0, 14.5, 3.5 ], "autoUv": false, "windMode": [4,4,4,4] },
										"east": { "texture": "#hibiscus", "uv": [ 15.5, 2.0, 16.0, 3.5 ], "rotation": 90, "autoUv": false, "windMode": [4,4,4,4] },
										"west": { "texture": "#hibiscus", "uv": [ 14.0, 3.5, 14.5, 5.0 ], "rotation": 90, "autoUv": false, "windMode": [4,4,4,4] },
										"up": { "texture": "#hibiscus", "uv": [ 14.0, 2.0, 14.5, 3.5 ], "autoUv": false, "windMode": [4,4,4,4] },
										"down": { "texture": "#hibiscus", "uv": [ 15.5, 3.5, 16.0, 5.0 ], "autoUv": false, "windMode": [4,4,4,4] }
									}
								},
								{
									"name": "stem33",
									"from": [ -0.1291, -0.5768, -2.5203 ],
									"to": [ 0.0059, -0.4418, -1.1703 ],
									"rotationOrigin": [ -0.0674, -0.6668, 1.1475 ],
									"rotationX": 16.9105,
									"rotationY": -14.6747,
									"rotationZ": 11.5842,
									"faces": {
										"north": { "texture": "#hibiscus", "uv": [ 0.0, 2.5, 0.5, 3.0 ], "autoUv": false, "windMode": [4,4,4,4] },
										"east": { "texture": "#hibiscus", "uv": [ 1.5, 3.5, 2.0, 5.0 ], "rotation": 90, "autoUv": false, "windMode": [4,4,4,4] },
										"west": { "texture": "#hibiscus", "uv": [ 0.0, 4.5, 0.5, 6.0 ], "rotation": 90, "autoUv": false, "windMode": [4,4,4,4] },
										"up": { "texture": "#hibiscus", "uv": [ 1.5, 5.0, 2.0, 6.5 ], "autoUv": false, "windMode": [4,4,4,4] },
										"down": { "texture": "#hibiscus", "uv": [ 0.0, 5.5, 0.5, 7.0 ], "autoUv": false, "windMode": [4,4,4,4] }
									}
								},
								{
									"name": "stem34",
									"from": [ -0.311, -0.2359, -2.0347 ],
									"to": [ -0.176, -0.1009, -0.6847 ],
									"rotationOrigin": [ -1.9217, -1.0232, 0.4514 ],
									"rotationX": 1.32,
									"rotationY": 12.2026,
									"rotationZ": -6.7593,
									"faces": {
										"north": { "texture": "#hibiscus", "uv": [ 0.0, 2.5, 0.5, 3.0 ], "autoUv": false, "windMode": [4,4,4,4] },
										"east": { "texture": "#hibiscus", "uv": [ 1.5, 3.5, 2.0, 5.0 ], "rotation": 90, "autoUv": false, "windMode": [4,4,4,4] },
										"west": { "texture": "#hibiscus", "uv": [ 0.0, 4.5, 0.5, 6.0 ], "rotation": 90, "autoUv": false, "windMode": [4,4,4,4] },
										"up": { "texture": "#hibiscus", "uv": [ 1.5, 5.0, 2.0, 6.5 ], "autoUv": false, "windMode": [4,4,4,4] },
										"down": { "texture": "#hibiscus", "uv": [ 0.0, 5.5, 0.5, 7.0 ], "autoUv": false, "windMode": [4,4,4,4] }
									}
								}
							]
						},
						{
							"name": "stem28",
							"from": [ -0.0556, 3.8743, -2.6589 ],
							"to": [ 0.1694, 4.0993, 0.0411 ],
							"rotationOrigin": [ 0.0434, 3.8743, 0.0411 ],
							"rotationX": 128.1132,
							"rotationY": -58.5012,
							"rotationZ": 145.0163,
							"faces": {
								"north": { "texture": "#hibiscus", "uv": [ 14.0, 4.0, 14.5, 4.5 ], "autoUv": false, "windMode": [4,4,4,4] },
								"east": { "texture": "#hibiscus", "uv": [ 15.5, 1.0, 16.0, 4.0 ], "rotation": 90, "autoUv": false, "windMode": [4,4,4,4] },
								"west": { "texture": "#hibiscus", "uv": [ 15.5, 2.5, 16.0, 5.5 ], "rotation": 90, "autoUv": false, "windMode": [4,4,4,4] },
								"up": { "texture": "#hibiscus", "uv": [ 14.0, 2.5, 14.5, 5.5 ], "autoUv": false, "windMode": [4,4,4,4] },
								"down": { "texture": "#hibiscus", "uv": [ 14.0, 3.0, 14.5, 6.0 ], "autoUv": false, "windMode": [4,4,4,4] }
							},
							"children": [
								{
									"name": "stem29",
									"from": [ 0.297, -0.171, -1.296 ],
									"to": [ 0.477, 0.009, 0.054 ],
									"rotationOrigin": [ 0.099, 0.0, 2.7 ],
									"rotationX": 3.2238,
									"rotationY": 5.9441,
									"rotationZ": 7.6914,
									"faces": {
										"north": { "texture": "#hibiscus", "uv": [ 0.0, 2.5, 0.5, 3.0 ], "autoUv": false, "windMode": [4,4,4,4] },
										"east": { "texture": "#hibiscus", "uv": [ 1.5, 3.5, 2.0, 5.0 ], "rotation": 90, "autoUv": false, "windMode": [4,4,4,4] },
										"west": { "texture": "#hibiscus", "uv": [ 0.0, 4.5, 0.5, 6.0 ], "rotation": 90, "autoUv": false, "windMode": [4,4,4,4] },
										"up": { "texture": "#hibiscus", "uv": [ 1.5, 5.0, 2.0, 6.5 ], "autoUv": false, "windMode": [4,4,4,4] },
										"down": { "texture": "#hibiscus", "uv": [ 0.0, 5.5, 0.5, 7.0 ], "autoUv": false, "windMode": [4,4,4,4] }
									}
								}
							]
						},
						{
							"name": "stem35",
							"from": [ -0.135, 2.1645, -1.3352 ],
							"to": [ 0.09, 2.3895, 0.0148 ],
							"rotationOrigin": [ -0.1373, 2.1645, 0.0148 ],
							"rotationX": 9.0,
							"rotationY": 16.0,
							"rotationZ": -16.5,
							"faces": {
								"north": { "texture": "#hibiscus", "uv": [ 14.5, 2.5, 15.0, 3.0 ], "autoUv": false, "windMode": [0,0,0,0] },
								"east": { "texture": "#hibiscus", "uv": [ 14.0, 1.5, 14.5, 3.0 ], "rotation": 90, "autoUv": false, "windMode": [0,0,0,0] },
								"west": { "texture": "#hibiscus", "uv": [ 14.0, 3.5, 14.5, 5.0 ], "rotation": 90, "autoUv": false, "windMode": [0,0,0,0] },
								"up": { "texture": "#hibiscus", "uv": [ 15.5, 1.5, 16.0, 3.0 ], "autoUv": false, "windMode": [0,0,0,0] },
								"down": { "texture": "#hibiscus", "uv": [ 15.5, 2.5, 16.0, 4.0 ], "autoUv": false, "windMode": [0,0,0,0] }
							},
							"children": [
								{
									"name": "stem36",
									"from": [ -0.2717, 0.0232, -1.0864 ],
									"to": [ -0.0917, 0.2032, 0.2636 ],
									"rotationOrigin": [ -0.1824, -0.0488, 1.2613 ],
									"rotationX": 0.6397,
									"rotationY": -17.21,
									"rotationZ": 6.0187,
									"faces": {
										"north": { "texture": "#hibiscus", "uv": [ 14.0, 3.5, 14.5, 4.0 ], "autoUv": false, "windMode": [0,0,0,0] },
										"east": { "texture": "#hibiscus", "uv": [ 15.5, 4.0, 16.0, 5.5 ], "rotation": 90, "autoUv": false, "windMode": [0,0,0,0] },
										"west": { "texture": "#hibiscus", "uv": [ 14.0, 3.0, 14.5, 4.5 ], "rotation": 90, "autoUv": false, "windMode": [0,0,0,0] },
										"up": { "texture": "#hibiscus", "uv": [ 14.0, 3.0, 14.5, 4.5 ], "autoUv": false, "windMode": [0,0,0,0] },
										"down": { "texture": "#hibiscus", "uv": [ 15.5, 3.0, 16.0, 4.5 ], "autoUv": false, "windMode": [0,0,0,0] }
									}
								},
								{
									"name": "stem37",
									"from": [ 0.5554, 0.5143, -1.4719 ],
									"to": [ 0.7354, 0.6943, -0.1219 ],
									"rotationOrigin": [ 0.7348, 0.4603, 1.2358 ],
									"rotationX": -22.4471,
									"rotationY": 23.8655,
									"rotationZ": 2.2007,
									"faces": {
										"north": { "texture": "#hibiscus", "uv": [ 14.0, 2.5, 14.5, 3.0 ], "autoUv": false, "windMode": [0,0,0,0] },
										"east": { "texture": "#hibiscus", "uv": [ 14.0, 1.5, 14.5, 3.0 ], "rotation": 90, "autoUv": false, "windMode": [0,0,0,0] },
										"west": { "texture": "#hibiscus", "uv": [ 14.0, 3.0, 14.5, 4.5 ], "rotation": 90, "autoUv": false, "windMode": [0,0,0,0] },
										"up": { "texture": "#hibiscus", "uv": [ 15.5, 2.5, 16.0, 4.0 ], "autoUv": false, "windMode": [0,0,0,0] },
										"down": { "texture": "#hibiscus", "uv": [ 14.0, 2.5, 14.5, 4.0 ], "autoUv": false, "windMode": [0,0,0,0] }
									}
								},
								{
									"name": "stem38",
									"from": [ -0.1291, -0.5768, -2.5203 ],
									"to": [ 0.0059, -0.4418, -1.1703 ],
									"rotationOrigin": [ -0.0674, -0.6668, 1.1475 ],
									"rotationX": 16.9105,
									"rotationY": -14.6747,
									"rotationZ": 11.5842,
									"faces": {
										"north": { "texture": "#hibiscus", "uv": [ 0.0, 2.5, 0.5, 3.0 ], "autoUv": false, "windMode": [0,4,4,0] },
										"east": { "texture": "#hibiscus", "uv": [ 1.5, 3.5, 2.0, 5.0 ], "rotation": 90, "autoUv": false, "windMode": [0,4,0,0] },
										"west": { "texture": "#hibiscus", "uv": [ 0.0, 4.5, 0.5, 6.0 ], "rotation": 90, "autoUv": false, "windMode": [0,0,0,4] },
										"up": { "texture": "#hibiscus", "uv": [ 1.5, 5.0, 2.0, 6.5 ], "autoUv": false, "windMode": [4,0,0,4] },
										"down": { "texture": "#hibiscus", "uv": [ 0.0, 5.5, 0.5, 7.0 ], "autoUv": false, "windMode": [0,0,0,0] }
									}
								},
								{
									"name": "stem39",
									"from": [ -0.311, -0.2359, -2.0347 ],
									"to": [ -0.176, -0.1009, -0.6847 ],
									"rotationOrigin": [ -1.9217, -1.0232, 0.4514 ],
									"rotationX": 1.32,
									"rotationY": 12.2026,
									"rotationZ": -6.7593,
									"faces": {
										"north": { "texture": "#hibiscus", "uv": [ 0.0, 2.5, 0.5, 3.0 ], "autoUv": false, "windMode": [0,0,0,0] },
										"east": { "texture": "#hibiscus", "uv": [ 1.5, 3.5, 2.0, 5.0 ], "rotation": 90, "autoUv": false, "windMode": [0,0,0,0] },
										"west": { "texture": "#hibiscus", "uv": [ 0.0, 4.5, 0.5, 6.0 ], "rotation": 90, "autoUv": false, "windMode": [0,0,0,0] },
										"up": { "texture": "#hibiscus", "uv": [ 1.5, 5.0, 2.0, 6.5 ], "autoUv": false, "windMode": [0,0,0,0] },
										"down": { "texture": "#hibiscus", "uv": [ 0.0, 5.5, 0.5, 7.0 ], "autoUv": false, "windMode": [0,0,0,0] }
									}
								}
							]
						},
						{
							"name": "stem40",
							"from": [ -0.27, 0.45, -0.9 ],
							"to": [ -0.045, 0.675, 0.45 ],
							"rotationOrigin": [ -0.1373, 2.1645, 0.0148 ],
							"rotationX": 157.0,
							"rotationY": 45.5,
							"rotationZ": -165.5,
							"faces": {
								"north": { "texture": "#hibiscus", "uv": [ 14.0, 3.5, 14.5, 4.0 ], "autoUv": false, "windMode": [0,0,0,0] },
								"east": { "texture": "#hibiscus", "uv": [ 15.5, 2.5, 16.0, 4.0 ], "rotation": 90, "autoUv": false, "windMode": [0,0,0,0] },
								"west": { "texture": "#hibiscus", "uv": [ 14.0, 2.0, 14.5, 3.5 ], "rotation": 90, "autoUv": false, "windMode": [0,0,0,0] },
								"up": { "texture": "#hibiscus", "uv": [ 14.0, 4.0, 14.5, 5.5 ], "autoUv": false, "windMode": [0,0,0,0] },
								"down": { "texture": "#hibiscus", "uv": [ 15.5, 3.5, 16.0, 5.0 ], "autoUv": false, "windMode": [0,0,0,0] }
							},
							"children": [
								{
									"name": "stem41",
									"from": [ -0.2717, 0.0232, -1.0864 ],
									"to": [ -0.0917, 0.2032, 0.2636 ],
									"rotationOrigin": [ -0.1824, -0.0488, 1.2613 ],
									"rotationX": 0.6397,
									"rotationY": -17.21,
									"rotationZ": 6.0187,
									"faces": {
										"north": { "texture": "#hibiscus", "uv": [ 14.0, 4.5, 14.5, 5.0 ], "autoUv": false, "windMode": [0,0,0,0] },
										"east": { "texture": "#hibiscus", "uv": [ 15.5, 1.5, 16.0, 3.0 ], "rotation": 90, "autoUv": false, "windMode": [0,0,0,0] },
										"west": { "texture": "#hibiscus", "uv": [ 14.0, 3.0, 14.5, 4.5 ], "rotation": 90, "autoUv": false, "windMode": [0,0,0,0] },
										"up": { "texture": "#hibiscus", "uv": [ 14.0, 3.0, 14.5, 4.5 ], "autoUv": false, "windMode": [0,0,0,0] },
										"down": { "texture": "#hibiscus", "uv": [ 15.5, 2.5, 16.0, 4.0 ], "autoUv": false, "windMode": [0,0,0,0] }
									}
								},
								{
									"name": "stem42",
									"from": [ 0.5554, 0.5143, -1.4719 ],
									"to": [ 0.7354, 0.6943, -0.1219 ],
									"rotationOrigin": [ 0.7348, 0.4603, 1.2358 ],
									"rotationX": -22.4471,
									"rotationY": 23.8655,
									"rotationZ": 2.2007,
									"faces": {
										"north": { "texture": "#hibiscus", "uv": [ 14.0, 3.0, 14.5, 3.5 ], "autoUv": false, "windMode": [0,0,0,0] },
										"east": { "texture": "#hibiscus", "uv": [ 14.0, 4.5, 14.5, 6.0 ], "rotation": 90, "autoUv": false, "windMode": [0,0,0,0] },
										"west": { "texture": "#hibiscus", "uv": [ 14.0, 2.0, 14.5, 3.5 ], "rotation": 90, "autoUv": false, "windMode": [0,0,0,0] },
										"up": { "texture": "#hibiscus", "uv": [ 14.0, 3.0, 14.5, 4.5 ], "autoUv": false, "windMode": [0,0,0,0] },
										"down": { "texture": "#hibiscus", "uv": [ 15.5, 3.0, 16.0, 4.5 ], "autoUv": false, "windMode": [0,0,0,0] }
									}
								},
								{
									"name": "stem43",
									"from": [ -0.1291, -0.5768, -2.5203 ],
									"to": [ 0.0059, -0.4418, -1.1703 ],
									"rotationOrigin": [ -0.0674, -0.6668, 1.1475 ],
									"rotationX": 16.9105,
									"rotationY": -14.6747,
									"rotationZ": 11.5842,
									"faces": {
										"north": { "texture": "#hibiscus", "uv": [ 0.0, 2.5, 0.5, 3.0 ], "autoUv": false, "windMode": [0,0,0,0] },
										"east": { "texture": "#hibiscus", "uv": [ 1.5, 3.5, 2.0, 5.0 ], "rotation": 90, "autoUv": false, "windMode": [0,0,0,0] },
										"west": { "texture": "#hibiscus", "uv": [ 0.0, 4.5, 0.5, 6.0 ], "rotation": 90, "autoUv": false, "windMode": [0,0,0,0] },
										"up": { "texture": "#hibiscus", "uv": [ 1.5, 5.0, 2.0, 6.5 ], "autoUv": false, "windMode": [0,0,0,0] },
										"down": { "texture": "#hibiscus", "uv": [ 0.0, 5.5, 0.5, 7.0 ], "autoUv": false, "windMode": [0,0,0,0] }
									}
								},
								{
									"name": "stem44",
									"from": [ -0.311, -0.2359, -2.0347 ],
									"to": [ -0.176, -0.1009, -0.6847 ],
									"rotationOrigin": [ -1.9217, -1.0232, 0.4514 ],
									"rotationX": 1.32,
									"rotationY": 12.2026,
									"rotationZ": -6.7593,
									"faces": {
										"north": { "texture": "#hibiscus", "uv": [ 0.0, 2.5, 0.5, 3.0 ], "autoUv": false, "windMode": [0,0,0,0] },
										"east": { "texture": "#hibiscus", "uv": [ 1.5, 3.5, 2.0, 5.0 ], "rotation": 90, "autoUv": false, "windMode": [0,0,0,0] },
										"west": { "texture": "#hibiscus", "uv": [ 0.0, 4.5, 0.5, 6.0 ], "rotation": 90, "autoUv": false, "windMode": [0,0,0,0] },
										"up": { "texture": "#hibiscus", "uv": [ 1.5, 5.0, 2.0, 6.5 ], "autoUv": false, "windMode": [0,0,0,0] },
										"down": { "texture": "#hibiscus", "uv": [ 0.0, 5.5, 0.5, 7.0 ], "autoUv": false, "windMode": [0,0,0,0] }
									}
								}
							]
						},
						{
							"name": "stem45",
							"from": [ -0.54, 6.03, -1.53 ],
							"to": [ -0.36, 6.21, -0.18 ],
							"rotationOrigin": [ -0.4855, 5.2871, -0.4141 ],
							"rotationX": 29.06,
							"rotationY": 27.3,
							"rotationZ": -29.42,
							"faces": {
								"north": { "texture": "#hibiscus", "uv": [ 14.0, 4.5, 14.5, 5.0 ], "autoUv": false, "windMode": [4,4,4,4] },
								"east": { "texture": "#hibiscus", "uv": [ 14.0, 2.5, 14.5, 4.0 ], "rotation": 90, "autoUv": false, "windMode": [4,4,4,4] },
								"west": { "texture": "#hibiscus", "uv": [ 14.0, 3.0, 14.5, 4.5 ], "rotation": 90, "autoUv": false, "windMode": [4,4,4,4] },
								"up": { "texture": "#hibiscus", "uv": [ 15.5, 3.0, 16.0, 4.5 ], "autoUv": false, "windMode": [4,4,4,4] },
								"down": { "texture": "#hibiscus", "uv": [ 14.0, 2.5, 14.5, 4.0 ], "autoUv": false, "windMode": [4,4,4,4] }
							},
							"children": [
								{
									"name": "stem46",
									"from": [ -0.1566, -0.2642, -2.0341 ],
									"to": [ -0.0216, -0.1292, -0.6841 ],
									"rotationOrigin": [ -1.7672, -1.0516, 0.4521 ],
									"rotationX": 23.194,
									"rotationY": -10.5805,
									"rotationZ": 0.7105,
									"faces": {
										"north": { "texture": "#hibiscus", "uv": [ 0.0, 2.5, 0.5, 3.0 ], "autoUv": false, "windMode": [4,4,4,4] },
										"east": { "texture": "#hibiscus", "uv": [ 1.5, 3.5, 2.0, 5.0 ], "rotation": 90, "autoUv": false, "windMode": [4,4,4,4] },
										"west": { "texture": "#hibiscus", "uv": [ 0.0, 4.5, 0.5, 6.0 ], "rotation": 90, "autoUv": false, "windMode": [4,4,4,4] },
										"up": { "texture": "#hibiscus", "uv": [ 1.5, 5.0, 2.0, 6.5 ], "autoUv": false, "windMode": [4,4,4,4] },
										"down": { "texture": "#hibiscus", "uv": [ 0.0, 5.5, 0.5, 7.0 ], "autoUv": false, "windMode": [4,4,4,4] }
									}
								}
							]
						},
						{
							"name": "stem27",
							"from": [ -0.0554, 5.76, -1.3387 ],
							"to": [ 0.1696, 5.985, 0.0112 ],
							"rotationOrigin": [ 0.0436, 5.76, 0.0112 ],
							"rotationX": 146.254,
							"rotationY": -20.83,
							"rotationZ": 166.2183,
							"faces": {
								"north": { "texture": "#hibiscus", "uv": [ 15.5, 2.5, 16.0, 3.0 ], "autoUv": false, "windMode": [4,4,4,4] },
								"east": { "texture": "#hibiscus", "uv": [ 15.5, 2.0, 16.0, 3.5 ], "rotation": 90, "autoUv": false, "windMode": [4,4,4,4] },
								"west": { "texture": "#hibiscus", "uv": [ 14.0, 3.0, 14.5, 4.5 ], "rotation": 90, "autoUv": false, "windMode": [4,4,4,4] },
								"up": { "texture": "#hibiscus", "uv": [ 15.5, 1.5, 16.0, 3.0 ], "autoUv": false, "windMode": [4,4,4,4] },
								"down": { "texture": "#hibiscus", "uv": [ 15.5, 1.5, 16.0, 3.0 ], "autoUv": false, "windMode": [4,4,4,4] }
							}
						}
					]
				}
			]
		}
	]}