{
	"editor": {
		"collapsedPaths": ",Root/origin/bulbbase7,Root/origin/bulbbase6,Root/origin/bulbbase9,Root/origin/bulbbase8,Root/origin/stemgroup/stem30,Root/origin/stemgroup/stem12,Root/origin/stem30,Root/origin/stemgroup/stem28,Root/origin/stemgroup/stem3,Root/origin/stemgroup/stem5,Root/origin/stem35,Root/origin/stem12,Root/origin/stemgroup/stem4,Root/origin/stem17,Root/origin/bulbbase,Root/origin/stem19,Root/origin/flowerbase1,Root/origin/stem3,Root/origin/stem4,Root/origin/stemgroup/stem40,Root/origin/stemgroup/stem21,Root/origin/stemgroup/stem45,Root/origin/stem40,Root/origin/stemgroup/stem17,Root/origin/stem21,Root/origin/stem5,Root/origin/stemgroup/stem19,Root/origin/stem45,Root/origin/stem26,Root/origin/bulbbase1,Root/origin/stem28,Root/origin/stem27,Root/origin/bulbbase3,Root/origin/bulbbase2,Root/origin/stem,Root/origin/bulbbase5,Root/origin/bulbbase4",
		"allAngles": false,
		"entityTextureMode": false
	},
	"textureWidth": 16,
	"textureHeight": 16,
	"textureSizes": {
		"hibiscus": [16,16]
	},
	"textures": {
	},
	"elements": [
		{
			"name": "origin",
			"from": [ 8.0, 0.0, 8.0 ],
			"to": [ 8.0, 0.0, 8.0 ],
			"rotationOrigin": [ 8.0, 0.0, 8.0 ],
			"faces": {
			},
			"children": [
				{
					"name": "bush",
					"from": [ -5.0, 0.0, 0.0 ],
					"to": [ 5.0, 10.0, 0.0 ],
					"faces": {
						"south": { "texture": "#hibiscus", "uv": [ 2.5, 0.0, 10.5, 8.0 ], "autoUv": false, "windMode": [0,0,1,1] }
					},
					"children": [
						{
							"name": "bush2",
							"from": [ 0.0, 0.0, 0.0 ],
							"to": [ 10.0, 10.0, 0.0 ],
							"rotationOrigin": [ 5.0, 0.0, 0.0 ],
							"rotationX": -180.0,
							"rotationY": 45.0,
							"rotationZ": -180.0,
							"faces": {
								"south": { "texture": "#hibiscus", "uv": [ 2.5, 0.0, 10.5, 8.0 ], "autoUv": false, "windMode": [0,0,1,1] }
							}
						},
						{
							"name": "bush3",
							"from": [ 0.0, 0.0, -0.0035 ],
							"to": [ 10.0, 10.0, -0.0035 ],
							"rotationOrigin": [ 5.0, 0.0, 0.0 ],
							"rotationY": -89.9802,
							"faces": {
								"south": { "texture": "#hibiscus", "uv": [ 2.5, 0.0, 10.5, 8.0 ], "autoUv": false, "windMode": [0,0,1,1] }
							}
						},
						{
							"name": "bush4",
							"from": [ 0.0, 0.0, 0.0 ],
							"to": [ 10.0, 10.0, 0.0 ],
							"rotationOrigin": [ 5.0, 0.0, 0.0 ],
							"rotationX": -180.0,
							"rotationY": -45.0,
							"rotationZ": -180.0,
							"faces": {
								"south": { "texture": "#hibiscus", "uv": [ 2.5, 0.0, 10.5, 8.0 ], "autoUv": false, "windMode": [0,0,1,1] }
							}
						}
					]
				},
				{
					"name": "stemgroup",
					"from": [ 0.0, 0.0, 0.0 ],
					"to": [ 0.0, 0.0, 0.0 ],
					"faces": {
					},
					"children": [
						{
							"name": "bulbbase7",
							"from": [ -0.6918, 2.703, -3.2948 ],
							"to": [ 0.0582, 3.453, -2.5448 ],
							"rotationOrigin": [ -0.6918, 2.703, -3.2948 ],
							"rotationX": 96.1486,
							"rotationY": 81.9381,
							"rotationZ": -74.0787,
							"faces": {
								"north": { "texture": "#hibiscus", "uv": [ 7.5, 1.0, 8.5, 2.0 ], "autoUv": false, "windMode": [0,4,4,0] },
								"east": { "texture": "#hibiscus", "uv": [ 7.0, 1.0, 8.0, 2.0 ], "autoUv": false, "windMode": [0,4,4,0] },
								"south": { "texture": "#hibiscus", "uv": [ 6.0, 1.0, 7.0, 2.0 ], "autoUv": false, "windMode": [0,0,4,4] },
								"west": { "texture": "#hibiscus", "uv": [ 7.0, 1.0, 8.0, 2.0 ], "autoUv": false, "windMode": [0,0,4,4] },
								"up": { "texture": "#hibiscus", "uv": [ 7.5, 1.0, 8.5, 2.0 ], "autoUv": false, "windMode": [4,4,4,4] },
								"down": { "texture": "#hibiscus", "uv": [ 6.5, 1.0, 7.5, 2.0 ], "autoUv": false, "windMode": [0,0,0,0] }
							},
							"children": [
								{
									"name": "bulb30",
									"from": [ 0.75, 0.0, 0.09 ],
									"to": [ 1.3125, 0.1875, 0.6525 ],
									"rotationOrigin": [ 0.75, 0.0, 0.09 ],
									"rotationZ": 15.0,
									"faces": {
										"north": { "texture": "#hibiscus", "uv": [ 0.0, 0.0, 0.5, 0.5 ], "autoUv": false, "windMode": [0,4,4,4] },
										"east": { "texture": "#hibiscus", "uv": [ 8.0, 1.5, 8.5, 2.0 ], "autoUv": false, "windMode": [4,4,4,4] },
										"south": { "texture": "#hibiscus", "uv": [ 7.5, 1.0, 8.0, 1.5 ], "autoUv": false, "windMode": [0,4,4,4] },
										"down": { "texture": "#hibiscus", "uv": [ 6.5, 1.5, 7.0, 2.0 ], "autoUv": false, "windMode": [0,4,4,0] }
									}
								},
								{
									"name": "bulb31",
									"from": [ 0.75, 0.5625, 0.09 ],
									"to": [ 1.3125, 0.75, 0.6525 ],
									"rotationOrigin": [ 0.75, 0.75, 0.09 ],
									"rotationZ": -15.0,
									"faces": {
										"north": { "texture": "#hibiscus", "uv": [ 6.0, 1.5, 6.5, 2.0 ], "autoUv": false, "windMode": [4,4,4,4] },
										"east": { "texture": "#hibiscus", "uv": [ 8.0, 1.5, 8.5, 2.0 ], "autoUv": false, "windMode": [4,4,4,4] },
										"south": { "texture": "#hibiscus", "uv": [ 7.5, 1.0, 8.0, 1.5 ], "autoUv": false, "windMode": [4,4,4,4] },
										"up": { "texture": "#hibiscus", "uv": [ 6.0, 1.5, 6.5, 2.0 ], "autoUv": false, "windMode": [4,4,4,4] }
									}
								},
								{
									"name": "bulb32",
									"from": [ 0.75, 0.09, 0.0 ],
									"to": [ 1.3125, 0.6525, 0.1875 ],
									"rotationOrigin": [ 0.75, 0.09, 0.0 ],
									"rotationY": -15.0,
									"faces": {
										"north": { "texture": "#hibiscus", "uv": [ 7.0, 1.0, 7.5, 1.5 ], "autoUv": false, "windMode": [4,4,4,4] },
										"east": { "texture": "#hibiscus", "uv": [ 8.0, 1.5, 8.5, 2.0 ], "autoUv": false, "windMode": [4,4,4,4] },
										"up": { "texture": "#hibiscus", "uv": [ 6.0, 1.5, 6.5, 2.0 ], "autoUv": false, "windMode": [4,4,4,4] },
										"down": { "texture": "#hibiscus", "uv": [ 6.5, 1.5, 7.0, 2.0 ], "autoUv": false, "windMode": [4,4,4,4] }
									}
								},
								{
									"name": "bulb33",
									"from": [ 0.75, 0.09, 0.5625 ],
									"to": [ 1.3125, 0.6525, 0.75 ],
									"rotationOrigin": [ 0.75, 0.09, 0.75 ],
									"rotationY": 15.0,
									"faces": {
										"east": { "texture": "#hibiscus", "uv": [ 5.5, 1.0, 6.0, 1.5 ], "autoUv": false, "windMode": [4,4,4,4] },
										"south": { "texture": "#hibiscus", "uv": [ 7.5, 1.0, 8.0, 1.5 ], "autoUv": false, "windMode": [0,4,4,4] },
										"up": { "texture": "#hibiscus", "uv": [ 8.0, 1.5, 8.5, 2.0 ], "autoUv": false, "windMode": [4,4,4,4] },
										"down": { "texture": "#hibiscus", "uv": [ 6.5, 1.5, 7.0, 2.0 ], "autoUv": false, "windMode": [0,4,4,0] }
									}
								}
							]
						},
						{
							"name": "bulbbase9",
							"from": [ -3.25, 2.0, -2.3 ],
							"to": [ -2.5, 2.75, -1.55 ],
							"rotationOrigin": [ -3.25, 2.0, -2.3 ],
							"rotationX": -174.0,
							"rotationY": 37.0,
							"rotationZ": -162.0,
							"faces": {
								"north": { "texture": "#hibiscus", "uv": [ 7.0, 1.0, 8.0, 2.0 ], "autoUv": false, "windMode": [0,0,0,0] },
								"east": { "texture": "#hibiscus", "uv": [ 6.5, 1.0, 7.5, 2.0 ], "autoUv": false, "windMode": [0,0,4,0] },
								"south": { "texture": "#hibiscus", "uv": [ 6.0, 1.0, 7.0, 2.0 ], "autoUv": false, "windMode": [0,0,4,0] },
								"west": { "texture": "#hibiscus", "uv": [ 7.5, 1.0, 8.5, 2.0 ], "autoUv": false, "windMode": [0,0,0,0] },
								"up": { "texture": "#hibiscus", "uv": [ 7.0, 1.0, 8.0, 2.0 ], "autoUv": false, "windMode": [0,0,4,0] },
								"down": { "texture": "#hibiscus", "uv": [ 0.0, 0.0, 1.0, 1.0 ], "autoUv": false, "windMode": [0,0,0,0] }
							},
							"children": [
								{
									"name": "bulb38",
									"from": [ 0.75, 0.0, 0.09 ],
									"to": [ 1.3125, 0.1875, 0.6525 ],
									"rotationOrigin": [ 0.75, 0.0, 0.09 ],
									"rotationZ": 15.0,
									"faces": {
										"north": { "texture": "#hibiscus", "uv": [ 8.0, 1.5, 8.5, 2.0 ], "autoUv": false, "windMode": [0,0,0,0] },
										"east": { "texture": "#hibiscus", "uv": [ 6.5, 1.5, 7.0, 2.0 ], "autoUv": false, "windMode": [0,0,0,0] },
										"south": { "texture": "#hibiscus", "uv": [ 7.5, 1.0, 8.0, 1.5 ], "autoUv": false, "windMode": [0,0,0,0] },
										"down": { "texture": "#hibiscus", "uv": [ 6.5, 1.5, 7.0, 2.0 ], "autoUv": false, "windMode": [0,0,0,0] }
									}
								},
								{
									"name": "bulb39",
									"from": [ 0.75, 0.5625, 0.09 ],
									"to": [ 1.3125, 0.75, 0.6525 ],
									"rotationOrigin": [ 0.75, 0.75, 0.09 ],
									"rotationZ": -15.0,
									"faces": {
										"north": { "texture": "#hibiscus", "uv": [ 7.0, 1.0, 7.5, 1.5 ], "autoUv": false, "windMode": [0,0,4,0] },
										"east": { "texture": "#hibiscus", "uv": [ 8.0, 1.5, 8.5, 2.0 ], "autoUv": false, "windMode": [0,4,4,0] },
										"south": { "texture": "#hibiscus", "uv": [ 6.5, 1.5, 7.0, 2.0 ], "autoUv": false, "windMode": [0,0,4,4] },
										"up": { "texture": "#hibiscus", "uv": [ 6.0, 1.5, 6.5, 2.0 ], "autoUv": false, "windMode": [0,4,4,4] }
									}
								},
								{
									"name": "bulb40",
									"from": [ 0.75, 0.09, 0.0 ],
									"to": [ 1.3125, 0.6525, 0.1875 ],
									"rotationOrigin": [ 0.75, 0.09, 0.0 ],
									"rotationY": -15.0,
									"faces": {
										"north": { "texture": "#hibiscus", "uv": [ 8.0, 1.5, 8.5, 2.0 ], "autoUv": false, "windMode": [0,0,4,0] },
										"east": { "texture": "#hibiscus", "uv": [ 7.0, 1.0, 7.5, 1.5 ], "autoUv": false, "windMode": [0,4,4,0] },
										"up": { "texture": "#hibiscus", "uv": [ 7.5, 1.0, 8.0, 1.5 ], "autoUv": false, "windMode": [0,0,4,4] },
										"down": { "texture": "#hibiscus", "uv": [ 7.5, 1.0, 8.0, 1.5 ], "autoUv": false, "windMode": [0,0,0,0] }
									}
								},
								{
									"name": "bulb41",
									"from": [ 0.75, 0.09, 0.5625 ],
									"to": [ 1.3125, 0.6525, 0.75 ],
									"rotationOrigin": [ 0.75, 0.09, 0.75 ],
									"rotationY": 15.0,
									"faces": {
										"east": { "texture": "#hibiscus", "uv": [ 6.0, 1.0, 6.5, 1.5 ], "autoUv": false, "windMode": [0,4,4,0] },
										"south": { "texture": "#hibiscus", "uv": [ 6.0, 1.5, 6.5, 2.0 ], "autoUv": false, "windMode": [0,0,4,0] },
										"up": { "texture": "#hibiscus", "uv": [ 7.5, 1.0, 8.0, 1.5 ], "autoUv": false, "windMode": [0,0,4,4] },
										"down": { "texture": "#hibiscus", "uv": [ 7.0, 1.0, 7.5, 1.5 ], "autoUv": false, "windMode": [0,0,0,0] }
									}
								}
							]
						},
						{
							"name": "bulbbase8",
							"from": [ -3.55, 4.9, -0.8 ],
							"to": [ -2.8, 5.65, -0.05 ],
							"rotationOrigin": [ -3.55, 4.9, -0.8 ],
							"rotationX": -164.0,
							"rotationY": 13.0,
							"rotationZ": -174.0,
							"faces": {
								"north": { "texture": "#hibiscus", "uv": [ 7.0, 1.0, 8.0, 2.0 ], "autoUv": false, "windMode": [4,4,4,4] },
								"east": { "texture": "#hibiscus", "uv": [ 7.5, 1.0, 8.5, 2.0 ], "autoUv": false, "windMode": [4,4,4,4] },
								"south": { "texture": "#hibiscus", "uv": [ 6.5, 1.0, 7.5, 2.0 ], "autoUv": false, "windMode": [4,4,4,4] },
								"west": { "texture": "#hibiscus", "uv": [ 7.0, 1.0, 8.0, 2.0 ], "autoUv": false, "windMode": [4,4,4,4] },
								"up": { "texture": "#hibiscus", "uv": [ 6.5, 1.0, 7.5, 2.0 ], "autoUv": false, "windMode": [4,4,4,4] },
								"down": { "texture": "#hibiscus", "uv": [ 7.0, 1.0, 8.0, 2.0 ], "autoUv": false, "windMode": [4,4,4,4] }
							},
							"children": [
								{
									"name": "bulb34",
									"from": [ 0.75, 0.0, 0.09 ],
									"to": [ 1.3125, 0.1875, 0.6525 ],
									"rotationOrigin": [ 0.75, 0.0, 0.09 ],
									"rotationZ": 15.0,
									"faces": {
										"north": { "texture": "#hibiscus", "uv": [ 0.0, 0.0, 0.5, 0.5 ], "autoUv": false, "windMode": [4,4,4,4] },
										"east": { "texture": "#hibiscus", "uv": [ 1.5, 12.0, 2.0, 12.5 ], "autoUv": false, "windMode": [4,4,4,4] },
										"south": { "texture": "#hibiscus", "uv": [ 0.0, 0.0, 0.5, 0.5 ], "autoUv": false, "windMode": [4,4,4,4] },
										"down": { "texture": "#hibiscus", "uv": [ 0.0, 0.0, 0.5, 0.5 ], "autoUv": false, "windMode": [4,4,4,4] }
									}
								},
								{
									"name": "bulb35",
									"from": [ 0.75, 0.5625, 0.09 ],
									"to": [ 1.3125, 0.75, 0.6525 ],
									"rotationOrigin": [ 0.75, 0.75, 0.09 ],
									"rotationZ": -15.0,
									"faces": {
										"north": { "texture": "#hibiscus", "uv": [ 7.5, 1.0, 8.0, 1.5 ], "autoUv": false, "windMode": [4,4,4,4] },
										"east": { "texture": "#hibiscus", "uv": [ 6.5, 1.5, 7.0, 2.0 ], "autoUv": false, "windMode": [4,4,4,4] },
										"south": { "texture": "#hibiscus", "uv": [ 6.0, 1.5, 6.5, 2.0 ], "autoUv": false, "windMode": [4,4,4,4] },
										"up": { "texture": "#hibiscus", "uv": [ 8.0, 1.5, 8.5, 2.0 ], "autoUv": false, "windMode": [4,4,4,4] }
									}
								},
								{
									"name": "bulb36",
									"from": [ 0.75, 0.09, 0.0 ],
									"to": [ 1.3125, 0.6525, 0.1875 ],
									"rotationOrigin": [ 0.75, 0.09, 0.0 ],
									"rotationY": -15.0,
									"faces": {
										"north": { "texture": "#hibiscus", "uv": [ 8.0, 1.5, 8.5, 2.0 ], "autoUv": false, "windMode": [4,4,4,4] },
										"east": { "texture": "#hibiscus", "uv": [ 7.5, 1.0, 8.0, 1.5 ], "autoUv": false, "windMode": [4,4,4,4] },
										"up": { "texture": "#hibiscus", "uv": [ 6.0, 1.5, 6.5, 2.0 ], "autoUv": false, "windMode": [4,4,4,4] },
										"down": { "texture": "#hibiscus", "uv": [ 6.5, 1.5, 7.0, 2.0 ], "autoUv": false, "windMode": [4,4,4,4] }
									}
								},
								{
									"name": "bulb37",
									"from": [ 0.75, 0.09, 0.5625 ],
									"to": [ 1.3125, 0.6525, 0.75 ],
									"rotationOrigin": [ 0.75, 0.09, 0.75 ],
									"rotationY": 15.0,
									"faces": {
										"east": { "texture": "#hibiscus", "uv": [ 5.5, 1.0, 6.0, 1.5 ], "autoUv": false, "windMode": [4,4,4,4] },
										"south": { "texture": "#hibiscus", "uv": [ 7.5, 1.0, 8.0, 1.5 ], "autoUv": false, "windMode": [4,4,4,4] },
										"up": { "texture": "#hibiscus", "uv": [ 8.0, 1.5, 8.5, 2.0 ], "autoUv": false, "windMode": [4,4,4,4] },
										"down": { "texture": "#hibiscus", "uv": [ 7.0, 1.0, 7.5, 1.5 ], "autoUv": false, "windMode": [4,4,4,4] }
									}
								}
							]
						},
						{
							"name": "bulbbase6",
							"from": [ -1.2756, 7.649, -1.8343 ],
							"to": [ -0.5256, 8.399, -1.0843 ],
							"rotationOrigin": [ -1.2756, 7.649, -1.8343 ],
							"rotationX": 145.2325,
							"rotationY": 55.1767,
							"rotationZ": -102.7473,
							"faces": {
								"north": { "texture": "#hibiscus", "uv": [ 7.5, 1.0, 8.5, 2.0 ], "autoUv": false, "windMode": [4,4,4,4] },
								"east": { "texture": "#hibiscus", "uv": [ 7.0, 1.0, 8.0, 2.0 ], "autoUv": false, "windMode": [4,4,4,4] },
								"south": { "texture": "#hibiscus", "uv": [ 6.0, 1.0, 7.0, 2.0 ], "autoUv": false, "windMode": [4,4,4,4] },
								"west": { "texture": "#hibiscus", "uv": [ 6.5, 1.0, 7.5, 2.0 ], "autoUv": false, "windMode": [4,4,4,4] },
								"up": { "texture": "#hibiscus", "uv": [ 7.5, 1.0, 8.5, 2.0 ], "autoUv": false, "windMode": [4,4,4,4] },
								"down": { "texture": "#hibiscus", "uv": [ 7.0, 1.0, 8.0, 2.0 ], "autoUv": false, "windMode": [4,4,4,4] }
							},
							"children": [
								{
									"name": "bulb26",
									"from": [ 0.75, 0.0, 0.09 ],
									"to": [ 1.3125, 0.1875, 0.6525 ],
									"rotationOrigin": [ 0.75, 0.0, 0.09 ],
									"rotationZ": 15.0,
									"faces": {
										"north": { "texture": "#hibiscus", "uv": [ 7.5, 1.0, 8.0, 1.5 ], "autoUv": false, "windMode": [4,4,4,4] },
										"east": { "texture": "#hibiscus", "uv": [ 6.0, 1.5, 6.5, 2.0 ], "autoUv": false, "windMode": [4,4,4,4] },
										"south": { "texture": "#hibiscus", "uv": [ 8.0, 1.5, 8.5, 2.0 ], "autoUv": false, "windMode": [4,4,4,4] },
										"down": { "texture": "#hibiscus", "uv": [ 7.5, 1.0, 8.0, 1.5 ], "autoUv": false, "windMode": [4,4,4,4] }
									}
								},
								{
									"name": "bulb27",
									"from": [ 0.75, 0.5625, 0.09 ],
									"to": [ 1.3125, 0.75, 0.6525 ],
									"rotationOrigin": [ 0.75, 0.75, 0.09 ],
									"rotationZ": -15.0,
									"faces": {
										"north": { "texture": "#hibiscus", "uv": [ 6.5, 1.5, 7.0, 2.0 ], "autoUv": false, "windMode": [4,4,4,4] },
										"east": { "texture": "#hibiscus", "uv": [ 7.5, 1.0, 8.0, 1.5 ], "autoUv": false, "windMode": [4,4,4,4] },
										"south": { "texture": "#hibiscus", "uv": [ 8.0, 1.5, 8.5, 2.0 ], "autoUv": false, "windMode": [4,4,4,4] },
										"up": { "texture": "#hibiscus", "uv": [ 6.5, 2.0, 7.0, 2.5 ], "autoUv": false, "windMode": [4,4,4,4] }
									}
								},
								{
									"name": "bulb28",
									"from": [ 0.75, 0.09, 0.0 ],
									"to": [ 1.3125, 0.6525, 0.1875 ],
									"rotationOrigin": [ 0.75, 0.09, 0.0 ],
									"rotationY": -15.0,
									"faces": {
										"north": { "texture": "#hibiscus", "uv": [ 7.5, 1.0, 8.0, 1.5 ], "autoUv": false, "windMode": [4,4,4,4] },
										"east": { "texture": "#hibiscus", "uv": [ 8.0, 1.5, 8.5, 2.0 ], "autoUv": false, "windMode": [4,4,4,4] },
										"up": { "texture": "#hibiscus", "uv": [ 6.0, 1.5, 6.5, 2.0 ], "autoUv": false, "windMode": [4,4,4,4] },
										"down": { "texture": "#hibiscus", "uv": [ 7.0, 1.0, 7.5, 1.5 ], "autoUv": false, "windMode": [4,4,4,4] }
									}
								},
								{
									"name": "bulb29",
									"from": [ 0.75, 0.09, 0.5625 ],
									"to": [ 1.3125, 0.6525, 0.75 ],
									"rotationOrigin": [ 0.75, 0.09, 0.75 ],
									"rotationY": 15.0,
									"faces": {
										"east": { "texture": "#hibiscus", "uv": [ 5.5, 1.0, 6.0, 1.5 ], "autoUv": false, "windMode": [4,4,4,4] },
										"south": { "texture": "#hibiscus", "uv": [ 6.0, 1.5, 6.5, 2.0 ], "autoUv": false, "windMode": [4,4,4,4] },
										"up": { "texture": "#hibiscus", "uv": [ 7.5, 1.0, 8.0, 1.5 ], "autoUv": false, "windMode": [4,4,4,4] },
										"down": { "texture": "#hibiscus", "uv": [ 8.0, 1.5, 8.5, 2.0 ], "autoUv": false, "windMode": [4,4,4,4] }
									}
								}
							]
						},
						{
							"name": "bulbbase5",
							"from": [ 1.25, 3.5, 2.9 ],
							"to": [ 2.0, 4.25, 3.65 ],
							"rotationOrigin": [ 1.25, 3.5, 2.9 ],
							"rotationY": -77.5,
							"rotationZ": 34.0,
							"faces": {
								"north": { "texture": "#hibiscus", "uv": [ 7.0, 1.0, 8.0, 2.0 ], "autoUv": false, "windMode": [4,4,4,4] },
								"east": { "texture": "#hibiscus", "uv": [ 6.5, 1.0, 7.5, 2.0 ], "autoUv": false, "windMode": [4,4,4,4] },
								"south": { "texture": "#hibiscus", "uv": [ 6.0, 1.0, 7.0, 2.0 ], "autoUv": false, "windMode": [4,4,4,4] },
								"west": { "texture": "#hibiscus", "uv": [ 7.5, 1.0, 8.5, 2.0 ], "autoUv": false, "windMode": [4,4,4,4] },
								"up": { "texture": "#hibiscus", "uv": [ 7.0, 1.0, 8.0, 2.0 ], "autoUv": false, "windMode": [4,4,4,4] },
								"down": { "texture": "#hibiscus", "uv": [ 6.5, 1.0, 7.5, 2.0 ], "autoUv": false, "windMode": [4,4,4,4] }
							},
							"children": [
								{
									"name": "bulb22",
									"from": [ 0.75, 0.0, 0.09 ],
									"to": [ 1.3125, 0.1875, 0.6525 ],
									"rotationOrigin": [ 0.75, 0.0, 0.09 ],
									"rotationZ": 15.0,
									"faces": {
										"north": { "texture": "#hibiscus", "uv": [ 7.5, 1.0, 8.0, 1.5 ], "autoUv": false, "windMode": [4,4,4,4] },
										"east": { "texture": "#hibiscus", "uv": [ 6.0, 1.5, 6.5, 2.0 ], "autoUv": false, "windMode": [4,4,4,4] },
										"south": { "texture": "#hibiscus", "uv": [ 7.5, 1.0, 8.0, 1.5 ], "autoUv": false, "windMode": [4,4,4,4] },
										"down": { "texture": "#hibiscus", "uv": [ 7.0, 1.0, 7.5, 1.5 ], "autoUv": false, "windMode": [4,4,4,4] }
									}
								},
								{
									"name": "bulb23",
									"from": [ 0.75, 0.5625, 0.09 ],
									"to": [ 1.3125, 0.75, 0.6525 ],
									"rotationOrigin": [ 0.75, 0.75, 0.09 ],
									"rotationZ": -15.0,
									"faces": {
										"north": { "texture": "#hibiscus", "uv": [ 7.5, 1.0, 8.0, 1.5 ], "autoUv": false, "windMode": [4,4,4,4] },
										"east": { "texture": "#hibiscus", "uv": [ 7.5, 1.0, 8.0, 1.5 ], "autoUv": false, "windMode": [4,4,4,4] },
										"south": { "texture": "#hibiscus", "uv": [ 6.0, 1.5, 6.5, 2.0 ], "autoUv": false, "windMode": [4,4,4,4] },
										"up": { "texture": "#hibiscus", "uv": [ 7.0, 1.0, 7.5, 1.5 ], "autoUv": false, "windMode": [4,4,4,4] }
									}
								},
								{
									"name": "bulb24",
									"from": [ 0.75, 0.09, 0.0 ],
									"to": [ 1.3125, 0.6525, 0.1875 ],
									"rotationOrigin": [ 0.75, 0.09, 0.0 ],
									"rotationY": -15.0,
									"faces": {
										"north": { "texture": "#hibiscus", "uv": [ 7.5, 1.0, 8.0, 1.5 ], "autoUv": false, "windMode": [4,4,4,4] },
										"east": { "texture": "#hibiscus", "uv": [ 7.0, 1.5, 7.5, 2.0 ], "autoUv": false, "windMode": [4,4,4,4] },
										"up": { "texture": "#hibiscus", "uv": [ 6.5, 1.5, 7.0, 2.0 ], "autoUv": false, "windMode": [4,4,4,4] },
										"down": { "texture": "#hibiscus", "uv": [ 7.0, 1.0, 7.5, 1.5 ], "autoUv": false, "windMode": [4,4,4,4] }
									}
								},
								{
									"name": "bulb25",
									"from": [ 0.75, 0.09, 0.5625 ],
									"to": [ 1.3125, 0.6525, 0.75 ],
									"rotationOrigin": [ 0.75, 0.09, 0.75 ],
									"rotationY": 15.0,
									"faces": {
										"east": { "texture": "#hibiscus", "uv": [ 6.0, 1.0, 6.5, 1.5 ], "autoUv": false, "windMode": [4,4,4,4] },
										"south": { "texture": "#hibiscus", "uv": [ 6.0, 1.5, 6.5, 2.0 ], "autoUv": false, "windMode": [4,4,4,4] },
										"up": { "texture": "#hibiscus", "uv": [ 6.5, 1.0, 7.0, 1.5 ], "autoUv": false, "windMode": [4,4,4,4] },
										"down": { "texture": "#hibiscus", "uv": [ 7.5, 1.0, 8.0, 1.5 ], "autoUv": false, "windMode": [4,4,4,4] }
									}
								}
							]
						},
						{
							"name": "bulbbase4",
							"from": [ -2.25, 6.2, 2.1 ],
							"to": [ -1.5, 6.95, 2.85 ],
							"rotationOrigin": [ -2.25, 6.2, 2.1 ],
							"rotationX": -180.0,
							"rotationY": -29.5,
							"rotationZ": -149.0,
							"faces": {
								"north": { "texture": "#hibiscus", "uv": [ 7.0, 1.0, 8.0, 2.0 ], "autoUv": false, "windMode": [4,4,4,4] },
								"east": { "texture": "#hibiscus", "uv": [ 7.5, 1.0, 8.5, 2.0 ], "autoUv": false, "windMode": [4,4,4,4] },
								"south": { "texture": "#hibiscus", "uv": [ 6.0, 1.0, 7.0, 2.0 ], "autoUv": false, "windMode": [4,4,4,4] },
								"west": { "texture": "#hibiscus", "uv": [ 7.0, 1.0, 8.0, 2.0 ], "autoUv": false, "windMode": [4,4,4,4] },
								"up": { "texture": "#hibiscus", "uv": [ 6.5, 1.0, 7.5, 2.0 ], "autoUv": false, "windMode": [4,4,4,4] },
								"down": { "texture": "#hibiscus", "uv": [ 7.0, 1.0, 8.0, 2.0 ], "autoUv": false, "windMode": [4,4,4,4] }
							},
							"children": [
								{
									"name": "bulb18",
									"from": [ 0.75, 0.0, 0.09 ],
									"to": [ 1.3125, 0.1875, 0.6525 ],
									"rotationOrigin": [ 0.75, 0.0, 0.09 ],
									"rotationZ": 15.0,
									"faces": {
										"north": { "texture": "#hibiscus", "uv": [ 8.0, 1.5, 8.5, 2.0 ], "autoUv": false, "windMode": [4,4,4,4] },
										"east": { "texture": "#hibiscus", "uv": [ 7.0, 1.0, 7.5, 1.5 ], "autoUv": false, "windMode": [4,4,4,4] },
										"south": { "texture": "#hibiscus", "uv": [ 6.5, 1.5, 7.0, 2.0 ], "autoUv": false, "windMode": [4,4,4,4] },
										"down": { "texture": "#hibiscus", "uv": [ 7.5, 1.0, 8.0, 1.5 ], "autoUv": false, "windMode": [4,4,4,4] }
									}
								},
								{
									"name": "bulb19",
									"from": [ 0.75, 0.5625, 0.09 ],
									"to": [ 1.3125, 0.75, 0.6525 ],
									"rotationOrigin": [ 0.75, 0.75, 0.09 ],
									"rotationZ": -15.0,
									"faces": {
										"north": { "texture": "#hibiscus", "uv": [ 7.5, 1.0, 8.0, 1.5 ], "autoUv": false, "windMode": [4,4,4,4] },
										"east": { "texture": "#hibiscus", "uv": [ 6.0, 1.5, 6.5, 2.0 ], "autoUv": false, "windMode": [4,4,4,4] },
										"south": { "texture": "#hibiscus", "uv": [ 8.0, 1.5, 8.5, 2.0 ], "autoUv": false, "windMode": [4,4,4,4] },
										"up": { "texture": "#hibiscus", "uv": [ 7.5, 1.0, 8.0, 1.5 ], "autoUv": false, "windMode": [4,4,4,4] }
									}
								},
								{
									"name": "bulb20",
									"from": [ 0.75, 0.09, 0.0 ],
									"to": [ 1.3125, 0.6525, 0.1875 ],
									"rotationOrigin": [ 0.75, 0.09, 0.0 ],
									"rotationY": -15.0,
									"faces": {
										"north": { "texture": "#hibiscus", "uv": [ 6.0, 1.5, 6.5, 2.0 ], "autoUv": false, "windMode": [4,4,4,4] },
										"east": { "texture": "#hibiscus", "uv": [ 8.0, 1.5, 8.5, 2.0 ], "autoUv": false, "windMode": [4,4,4,4] },
										"up": { "texture": "#hibiscus", "uv": [ 7.0, 1.0, 7.5, 1.5 ], "autoUv": false, "windMode": [4,4,4,4] },
										"down": { "texture": "#hibiscus", "uv": [ 7.5, 1.0, 8.0, 1.5 ], "autoUv": false, "windMode": [4,4,4,4] }
									}
								},
								{
									"name": "bulb21",
									"from": [ 0.75, 0.09, 0.5625 ],
									"to": [ 1.3125, 0.6525, 0.75 ],
									"rotationOrigin": [ 0.75, 0.09, 0.75 ],
									"rotationY": 15.0,
									"faces": {
										"east": { "texture": "#hibiscus", "uv": [ 5.5, 1.0, 6.0, 1.5 ], "autoUv": false, "windMode": [4,4,4,4] },
										"south": { "texture": "#hibiscus", "uv": [ 7.5, 1.0, 8.0, 1.5 ], "autoUv": false, "windMode": [4,4,4,4] },
										"up": { "texture": "#hibiscus", "uv": [ 6.5, 1.5, 7.0, 2.0 ], "autoUv": false, "windMode": [4,4,4,4] },
										"down": { "texture": "#hibiscus", "uv": [ 8.0, 1.5, 8.5, 2.0 ], "autoUv": false, "windMode": [4,4,4,4] }
									}
								}
							]
						},
						{
							"name": "bulbbase3",
							"from": [ -1.65, 0.7, 3.1 ],
							"to": [ -0.9, 1.45, 3.85 ],
							"rotationOrigin": [ -1.65, 0.7, 3.1 ],
							"rotationX": 167.0,
							"rotationY": -56.5,
							"rotationZ": -173.0,
							"faces": {
								"north": { "texture": "#hibiscus", "uv": [ 7.5, 1.0, 8.5, 2.0 ], "autoUv": false, "windMode": [0,0,0,0] },
								"east": { "texture": "#hibiscus", "uv": [ 7.0, 1.0, 8.0, 2.0 ], "autoUv": false, "windMode": [0,0,0,0] },
								"south": { "texture": "#hibiscus", "uv": [ 6.0, 1.0, 7.0, 2.0 ], "autoUv": false, "windMode": [0,0,0,0] },
								"west": { "texture": "#hibiscus", "uv": [ 7.0, 1.0, 8.0, 2.0 ], "autoUv": false, "windMode": [0,0,0,0] },
								"up": { "texture": "#hibiscus", "uv": [ 7.5, 1.0, 8.5, 2.0 ], "autoUv": false, "windMode": [0,0,0,0] },
								"down": { "texture": "#hibiscus", "uv": [ 6.5, 1.0, 7.5, 2.0 ], "autoUv": false, "windMode": [0,0,0,0] }
							},
							"children": [
								{
									"name": "bulb14",
									"from": [ 0.75, 0.0, 0.09 ],
									"to": [ 1.3125, 0.1875, 0.6525 ],
									"rotationOrigin": [ 0.75, 0.0, 0.09 ],
									"rotationZ": 15.0,
									"faces": {
										"north": { "texture": "#hibiscus", "uv": [ 6.0, 1.5, 6.5, 2.0 ], "autoUv": false, "windMode": [0,0,0,0] },
										"east": { "texture": "#hibiscus", "uv": [ 7.0, 1.0, 7.5, 1.5 ], "autoUv": false, "windMode": [0,0,0,0] },
										"south": { "texture": "#hibiscus", "uv": [ 8.0, 1.5, 8.5, 2.0 ], "autoUv": false, "windMode": [0,0,0,0] },
										"down": { "texture": "#hibiscus", "uv": [ 6.5, 1.5, 7.0, 2.0 ], "autoUv": false, "windMode": [0,0,0,0] }
									}
								},
								{
									"name": "bulb15",
									"from": [ 0.75, 0.5625, 0.09 ],
									"to": [ 1.3125, 0.75, 0.6525 ],
									"rotationOrigin": [ 0.75, 0.75, 0.09 ],
									"rotationZ": -15.0,
									"faces": {
										"north": { "texture": "#hibiscus", "uv": [ 7.5, 1.0, 8.0, 1.5 ], "autoUv": false, "windMode": [0,0,0,0] },
										"east": { "texture": "#hibiscus", "uv": [ 8.0, 1.5, 8.5, 2.0 ], "autoUv": false, "windMode": [0,0,0,0] },
										"south": { "texture": "#hibiscus", "uv": [ 7.5, 1.5, 8.0, 2.0 ], "autoUv": false, "windMode": [0,0,0,0] },
										"up": { "texture": "#hibiscus", "uv": [ 7.0, 1.0, 7.5, 1.5 ], "autoUv": false, "windMode": [0,0,0,0] }
									}
								},
								{
									"name": "bulb16",
									"from": [ 0.75, 0.09, 0.0 ],
									"to": [ 1.3125, 0.6525, 0.1875 ],
									"rotationOrigin": [ 0.75, 0.09, 0.0 ],
									"rotationY": -15.0,
									"faces": {
										"north": { "texture": "#hibiscus", "uv": [ 7.5, 1.0, 8.0, 1.5 ], "autoUv": false, "windMode": [0,0,0,0] },
										"east": { "texture": "#hibiscus", "uv": [ 8.0, 1.5, 8.5, 2.0 ], "autoUv": false, "windMode": [0,0,0,0] },
										"up": { "texture": "#hibiscus", "uv": [ 7.0, 1.5, 7.5, 2.0 ], "autoUv": false, "windMode": [0,0,0,0] },
										"down": { "texture": "#hibiscus", "uv": [ 6.0, 1.5, 6.5, 2.0 ], "autoUv": false, "windMode": [0,0,0,0] }
									}
								},
								{
									"name": "bulb17",
									"from": [ 0.75, 0.09, 0.5625 ],
									"to": [ 1.3125, 0.6525, 0.75 ],
									"rotationOrigin": [ 0.75, 0.09, 0.75 ],
									"rotationY": 15.0,
									"faces": {
										"east": { "texture": "#hibiscus", "uv": [ 6.0, 1.0, 6.5, 1.5 ], "autoUv": false, "windMode": [0,0,0,0] },
										"south": { "texture": "#hibiscus", "uv": [ 7.5, 1.0, 8.0, 1.5 ], "autoUv": false, "windMode": [0,0,0,0] },
										"up": { "texture": "#hibiscus", "uv": [ 6.5, 1.5, 7.0, 2.0 ], "autoUv": false, "windMode": [0,0,0,0] },
										"down": { "texture": "#hibiscus", "uv": [ 6.0, 1.5, 6.5, 2.0 ], "autoUv": false, "windMode": [0,0,0,0] }
									}
								}
							]
						},
						{
							"name": "bulbbase2",
							"from": [ 2.45, 4.3, -2.2 ],
							"to": [ 3.2, 5.05, -1.45 ],
							"rotationOrigin": [ 2.45, 4.3, -2.2 ],
							"rotationY": 29.0,
							"rotationZ": 31.0,
							"faces": {
								"north": { "texture": "#hibiscus", "uv": [ 7.0, 1.0, 8.0, 2.0 ], "autoUv": false, "windMode": [4,4,4,4] },
								"east": { "texture": "#hibiscus", "uv": [ 7.0, 1.0, 8.0, 2.0 ], "autoUv": false, "windMode": [4,4,4,4] },
								"south": { "texture": "#hibiscus", "uv": [ 6.0, 1.0, 7.0, 2.0 ], "autoUv": false, "windMode": [4,4,4,4] },
								"west": { "texture": "#hibiscus", "uv": [ 7.5, 1.0, 8.5, 2.0 ], "autoUv": false, "windMode": [4,4,4,4] },
								"up": { "texture": "#hibiscus", "uv": [ 6.5, 1.0, 7.5, 2.0 ], "autoUv": false, "windMode": [4,4,4,4] },
								"down": { "texture": "#hibiscus", "uv": [ 7.0, 1.0, 8.0, 2.0 ], "autoUv": false, "windMode": [4,4,4,4] }
							},
							"children": [
								{
									"name": "bulb10",
									"from": [ 0.75, 0.0, 0.09 ],
									"to": [ 1.3125, 0.1875, 0.6525 ],
									"rotationOrigin": [ 0.75, 0.0, 0.09 ],
									"rotationZ": 15.0,
									"faces": {
										"north": { "texture": "#hibiscus", "uv": [ 7.5, 1.0, 8.0, 1.5 ], "autoUv": false, "windMode": [4,4,4,4] },
										"east": { "texture": "#hibiscus", "uv": [ 7.0, 1.5, 7.5, 2.0 ], "autoUv": false, "windMode": [4,4,4,4] },
										"south": { "texture": "#hibiscus", "uv": [ 7.5, 1.0, 8.0, 1.5 ], "autoUv": false, "windMode": [4,4,4,4] },
										"down": { "texture": "#hibiscus", "uv": [ 8.0, 1.5, 8.5, 2.0 ], "autoUv": false, "windMode": [4,4,4,4] }
									}
								},
								{
									"name": "bulb11",
									"from": [ 0.75, 0.5625, 0.09 ],
									"to": [ 1.3125, 0.75, 0.6525 ],
									"rotationOrigin": [ 0.75, 0.75, 0.09 ],
									"rotationZ": -15.0,
									"faces": {
										"north": { "texture": "#hibiscus", "uv": [ 6.0, 1.5, 6.5, 2.0 ], "autoUv": false, "windMode": [4,4,4,4] },
										"east": { "texture": "#hibiscus", "uv": [ 7.5, 1.0, 8.0, 1.5 ], "autoUv": false, "windMode": [4,4,4,4] },
										"south": { "texture": "#hibiscus", "uv": [ 6.5, 1.5, 7.0, 2.0 ], "autoUv": false, "windMode": [4,4,4,4] },
										"up": { "texture": "#hibiscus", "uv": [ 8.0, 1.5, 8.5, 2.0 ], "autoUv": false, "windMode": [4,4,4,4] }
									}
								},
								{
									"name": "bulb12",
									"from": [ 0.75, 0.09, 0.0 ],
									"to": [ 1.3125, 0.6525, 0.1875 ],
									"rotationOrigin": [ 0.75, 0.09, 0.0 ],
									"rotationY": -15.0,
									"faces": {
										"north": { "texture": "#hibiscus", "uv": [ 8.0, 1.5, 8.5, 2.0 ], "autoUv": false, "windMode": [4,4,4,4] },
										"east": { "texture": "#hibiscus", "uv": [ 7.0, 1.0, 7.5, 1.5 ], "autoUv": false, "windMode": [4,4,4,4] },
										"up": { "texture": "#hibiscus", "uv": [ 6.0, 1.5, 6.5, 2.0 ], "autoUv": false, "windMode": [4,4,4,4] },
										"down": { "texture": "#hibiscus", "uv": [ 8.0, 1.5, 8.5, 2.0 ], "autoUv": false, "windMode": [4,4,4,4] }
									}
								},
								{
									"name": "bulb13",
									"from": [ 0.75, 0.09, 0.5625 ],
									"to": [ 1.3125, 0.6525, 0.75 ],
									"rotationOrigin": [ 0.75, 0.09, 0.75 ],
									"rotationY": 15.0,
									"faces": {
										"east": { "texture": "#hibiscus", "uv": [ 6.0, 1.0, 6.5, 1.5 ], "autoUv": false, "windMode": [4,4,4,4] },
										"south": { "texture": "#hibiscus", "uv": [ 7.5, 1.0, 8.0, 1.5 ], "autoUv": false, "windMode": [4,4,4,4] },
										"up": { "texture": "#hibiscus", "uv": [ 6.5, 1.5, 7.0, 2.0 ], "autoUv": false, "windMode": [4,4,4,4] },
										"down": { "texture": "#hibiscus", "uv": [ 8.0, 1.5, 8.5, 2.0 ], "autoUv": false, "windMode": [4,4,4,4] }
									}
								}
							]
						},
						{
							"name": "bulbbase1",
							"from": [ 3.35, 5.5, 0.9 ],
							"to": [ 4.1, 6.25, 1.65 ],
							"rotationOrigin": [ 3.35, 5.5, 0.9 ],
							"rotationX": -16.0,
							"rotationY": -21.0,
							"rotationZ": 20.0,
							"faces": {
								"north": { "texture": "#hibiscus", "uv": [ 7.5, 1.0, 8.5, 2.0 ], "autoUv": false, "windMode": [4,4,4,4] },
								"east": { "texture": "#hibiscus", "uv": [ 1.0, 15.0, 2.0, 16.0 ], "autoUv": false, "windMode": [4,4,4,4] },
								"south": { "texture": "#hibiscus", "uv": [ 7.5, 1.0, 8.5, 2.0 ], "autoUv": false, "windMode": [4,4,4,4] },
								"west": { "texture": "#hibiscus", "uv": [ 6.5, 1.0, 7.5, 2.0 ], "autoUv": false, "windMode": [4,4,4,4] },
								"up": { "texture": "#hibiscus", "uv": [ 6.0, 1.0, 7.0, 2.0 ], "autoUv": false, "windMode": [4,4,4,4] },
								"down": { "texture": "#hibiscus", "uv": [ 7.0, 1.0, 8.0, 2.0 ], "autoUv": false, "windMode": [4,4,4,4] }
							},
							"children": [
								{
									"name": "bulb6",
									"from": [ 0.75, 0.0, 0.09 ],
									"to": [ 1.3125, 0.1875, 0.6525 ],
									"rotationOrigin": [ 0.75, 0.0, 0.09 ],
									"rotationZ": 15.0,
									"faces": {
										"north": { "texture": "#hibiscus", "uv": [ 6.0, 1.5, 6.5, 2.0 ], "autoUv": false, "windMode": [4,4,4,4] },
										"east": { "texture": "#hibiscus", "uv": [ 7.5, 1.0, 8.0, 1.5 ], "autoUv": false, "windMode": [4,4,4,4] },
										"south": { "texture": "#hibiscus", "uv": [ 7.0, 1.0, 7.5, 1.5 ], "autoUv": false, "windMode": [4,4,4,4] },
										"down": { "texture": "#hibiscus", "uv": [ 8.0, 1.5, 8.5, 2.0 ], "autoUv": false, "windMode": [4,4,4,4] }
									}
								},
								{
									"name": "bulb7",
									"from": [ 0.75, 0.5625, 0.09 ],
									"to": [ 1.3125, 0.75, 0.6525 ],
									"rotationOrigin": [ 0.75, 0.75, 0.09 ],
									"rotationZ": -15.0,
									"faces": {
										"north": { "texture": "#hibiscus", "uv": [ 6.0, 1.5, 6.5, 2.0 ], "autoUv": false, "windMode": [4,4,4,4] },
										"east": { "texture": "#hibiscus", "uv": [ 7.0, 1.0, 7.5, 1.5 ], "autoUv": false, "windMode": [4,4,4,4] },
										"south": { "texture": "#hibiscus", "uv": [ 7.0, 1.5, 7.5, 2.0 ], "autoUv": false, "windMode": [4,4,4,4] },
										"up": { "texture": "#hibiscus", "uv": [ 8.0, 1.5, 8.5, 2.0 ], "autoUv": false, "windMode": [4,4,4,4] }
									}
								},
								{
									"name": "bulb8",
									"from": [ 0.75, 0.09, 0.0 ],
									"to": [ 1.3125, 0.6525, 0.1875 ],
									"rotationOrigin": [ 0.75, 0.09, 0.0 ],
									"rotationY": -15.0,
									"faces": {
										"north": { "texture": "#hibiscus", "uv": [ 7.0, 1.0, 7.5, 1.5 ], "autoUv": false, "windMode": [4,4,4,4] },
										"east": { "texture": "#hibiscus", "uv": [ 8.0, 1.5, 8.5, 2.0 ], "autoUv": false, "windMode": [4,4,4,4] },
										"up": { "texture": "#hibiscus", "uv": [ 6.0, 1.5, 6.5, 2.0 ], "autoUv": false, "windMode": [4,4,4,4] },
										"down": { "texture": "#hibiscus", "uv": [ 7.0, 1.0, 7.5, 1.5 ], "autoUv": false, "windMode": [4,4,4,4] }
									}
								},
								{
									"name": "bulb9",
									"from": [ 0.75, 0.09, 0.5625 ],
									"to": [ 1.3125, 0.6525, 0.75 ],
									"rotationOrigin": [ 0.75, 0.09, 0.75 ],
									"rotationY": 15.0,
									"faces": {
										"east": { "texture": "#hibiscus", "uv": [ 6.0, 1.0, 6.5, 1.5 ], "autoUv": false, "windMode": [4,4,4,4] },
										"south": { "texture": "#hibiscus", "uv": [ 6.0, 1.5, 6.5, 2.0 ], "autoUv": false, "windMode": [4,4,4,4] },
										"up": { "texture": "#hibiscus", "uv": [ 7.5, 1.5, 8.0, 2.0 ], "autoUv": false, "windMode": [4,4,4,4] },
										"down": { "texture": "#hibiscus", "uv": [ 7.0, 1.0, 7.5, 1.5 ], "autoUv": false, "windMode": [4,4,4,4] }
									}
								}
							]
						},
						{
							"name": "stem27",
							"from": [ -0.0616, 6.4, -1.4875 ],
							"to": [ 0.1884, 6.65, 0.0125 ],
							"rotationOrigin": [ 0.0484, 6.4, 0.0125 ],
							"rotationX": 146.254,
							"rotationY": -20.83,
							"rotationZ": 166.2183,
							"faces": {
								"north": { "texture": "#hibiscus", "uv": [ 15.5, 2.5, 16.0, 3.0 ], "windMode": [4,4,4,4] },
								"east": { "texture": "#hibiscus", "uv": [ 15.5, 2.0, 16.0, 3.5 ], "rotation": 90, "windMode": [4,4,4,4] },
								"west": { "texture": "#hibiscus", "uv": [ 14.0, 3.0, 14.5, 4.5 ], "rotation": 90, "windMode": [4,4,4,4] },
								"up": { "texture": "#hibiscus", "uv": [ 15.5, 1.5, 16.0, 3.0 ], "windMode": [4,4,4,4] },
								"down": { "texture": "#hibiscus", "uv": [ 15.5, 1.5, 16.0, 3.0 ], "windMode": [4,4,4,4] }
							}
						},
						{
							"name": "stem45",
							"from": [ -0.6, 6.7, -1.7 ],
							"to": [ -0.4, 6.9, -0.2 ],
							"rotationOrigin": [ -0.5395, 5.8746, -0.4601 ],
							"rotationX": 29.06,
							"rotationY": 27.3,
							"rotationZ": -29.42,
							"faces": {
								"north": { "texture": "#hibiscus", "uv": [ 14.0, 4.5, 14.5, 5.0 ], "windMode": [4,4,4,4] },
								"east": { "texture": "#hibiscus", "uv": [ 14.0, 2.5, 14.5, 4.0 ], "rotation": 90, "windMode": [4,4,4,4] },
								"west": { "texture": "#hibiscus", "uv": [ 14.0, 3.0, 14.5, 4.5 ], "rotation": 90, "windMode": [4,4,4,4] },
								"up": { "texture": "#hibiscus", "uv": [ 15.5, 3.0, 16.0, 4.5 ], "windMode": [4,4,4,4] },
								"down": { "texture": "#hibiscus", "uv": [ 14.0, 2.5, 14.5, 4.0 ], "windMode": [4,4,4,4] }
							},
							"children": [
								{
									"name": "stem46",
									"from": [ -0.174, -0.2936, -2.2601 ],
									"to": [ -0.024, -0.1436, -0.7601 ],
									"rotationOrigin": [ -1.9636, -1.1684, 0.5023 ],
									"rotationX": 23.194,
									"rotationY": -10.5805,
									"rotationZ": 0.7105,
									"faces": {
										"north": { "texture": "#hibiscus", "uv": [ 14.0, 3.0, 14.5, 3.5 ], "windMode": [4,4,4,4] },
										"east": { "texture": "#hibiscus", "uv": [ 14.0, 3.0, 14.5, 4.5 ], "rotation": 90, "windMode": [4,4,4,4] },
										"west": { "texture": "#hibiscus", "uv": [ 15.5, 2.0, 16.0, 3.5 ], "rotation": 90, "windMode": [4,4,4,4] },
										"up": { "texture": "#hibiscus", "uv": [ 14.0, 4.0, 14.5, 5.5 ], "windMode": [4,4,4,4] },
										"down": { "texture": "#hibiscus", "uv": [ 15.5, 3.0, 16.0, 4.5 ], "windMode": [4,4,4,4] }
									}
								}
							]
						},
						{
							"name": "stem40",
							"from": [ -0.3, 0.5, -1.0 ],
							"to": [ -0.05, 0.75, 0.5 ],
							"rotationOrigin": [ -0.1526, 2.405, 0.0164 ],
							"rotationX": 157.0,
							"rotationY": 45.5,
							"rotationZ": -165.5,
							"faces": {
								"north": { "texture": "#hibiscus", "uv": [ 14.0, 3.5, 14.5, 4.0 ], "windMode": [0,0,0,0] },
								"east": { "texture": "#hibiscus", "uv": [ 15.5, 2.5, 16.0, 4.0 ], "rotation": 90, "windMode": [0,0,0,0] },
								"west": { "texture": "#hibiscus", "uv": [ 14.0, 2.0, 14.5, 3.5 ], "rotation": 90, "windMode": [0,0,0,0] },
								"up": { "texture": "#hibiscus", "uv": [ 14.0, 4.0, 14.5, 5.5 ], "windMode": [0,0,0,0] },
								"down": { "texture": "#hibiscus", "uv": [ 15.5, 3.5, 16.0, 5.0 ], "windMode": [0,0,0,0] }
							},
							"children": [
								{
									"name": "stem41",
									"from": [ -0.3019, 0.0258, -1.2071 ],
									"to": [ -0.1019, 0.2258, 0.2929 ],
									"rotationOrigin": [ -0.2027, -0.0542, 1.4015 ],
									"rotationX": 0.6397,
									"rotationY": -17.21,
									"rotationZ": 6.0187,
									"faces": {
										"north": { "texture": "#hibiscus", "uv": [ 14.0, 4.5, 14.5, 5.0 ], "windMode": [0,0,0,0] },
										"east": { "texture": "#hibiscus", "uv": [ 15.5, 1.5, 16.0, 3.0 ], "rotation": 90, "windMode": [0,0,0,0] },
										"west": { "texture": "#hibiscus", "uv": [ 14.0, 3.0, 14.5, 4.5 ], "rotation": 90, "windMode": [0,0,0,0] },
										"up": { "texture": "#hibiscus", "uv": [ 14.0, 3.0, 14.5, 4.5 ], "windMode": [0,0,0,0] },
										"down": { "texture": "#hibiscus", "uv": [ 15.5, 2.5, 16.0, 4.0 ], "windMode": [0,0,0,0] }
									}
								},
								{
									"name": "stem42",
									"from": [ 0.6171, 0.5714, -1.6355 ],
									"to": [ 0.8171, 0.7714, -0.1355 ],
									"rotationOrigin": [ 0.8164, 0.5114, 1.3731 ],
									"rotationX": -22.4471,
									"rotationY": 23.8655,
									"rotationZ": 2.2007,
									"faces": {
										"north": { "texture": "#hibiscus", "uv": [ 14.0, 3.0, 14.5, 3.5 ], "windMode": [0,0,0,0] },
										"east": { "texture": "#hibiscus", "uv": [ 14.0, 4.5, 14.5, 6.0 ], "rotation": 90, "windMode": [0,0,0,0] },
										"west": { "texture": "#hibiscus", "uv": [ 14.0, 2.0, 14.5, 3.5 ], "rotation": 90, "windMode": [0,0,0,0] },
										"up": { "texture": "#hibiscus", "uv": [ 14.0, 3.0, 14.5, 4.5 ], "windMode": [0,0,0,0] },
										"down": { "texture": "#hibiscus", "uv": [ 15.5, 3.0, 16.0, 4.5 ], "windMode": [0,0,0,0] }
									}
								},
								{
									"name": "stem43",
									"from": [ -0.1434, -0.6409, -2.8003 ],
									"to": [ 0.0066, -0.4909, -1.3003 ],
									"rotationOrigin": [ -0.0749, -0.7409, 1.275 ],
									"rotationX": 16.9105,
									"rotationY": -14.6747,
									"rotationZ": 11.5842,
									"faces": {
										"north": { "texture": "#hibiscus", "uv": [ 14.0, 5.0, 14.5, 5.5 ], "windMode": [0,0,0,0] },
										"east": { "texture": "#hibiscus", "uv": [ 15.5, 1.0, 16.0, 2.5 ], "rotation": 90, "windMode": [0,0,0,0] },
										"west": { "texture": "#hibiscus", "uv": [ 15.5, 2.5, 16.0, 4.0 ], "rotation": 90, "windMode": [0,0,0,0] },
										"up": { "texture": "#hibiscus", "uv": [ 14.0, 2.5, 14.5, 4.0 ], "windMode": [0,0,0,0] },
										"down": { "texture": "#hibiscus", "uv": [ 14.0, 3.5, 14.5, 5.0 ], "windMode": [0,0,0,0] }
									}
								},
								{
									"name": "stem44",
									"from": [ -0.3456, -0.2621, -2.2608 ],
									"to": [ -0.1956, -0.1121, -0.7608 ],
									"rotationOrigin": [ -2.1352, -1.1369, 0.5016 ],
									"rotationX": 1.32,
									"rotationY": 12.2026,
									"rotationZ": -6.7593,
									"faces": {
										"north": { "texture": "#hibiscus", "uv": [ 14.0, 3.0, 14.5, 3.5 ], "windMode": [0,0,0,0] },
										"east": { "texture": "#hibiscus", "uv": [ 15.5, 3.0, 16.0, 4.5 ], "rotation": 90, "windMode": [0,0,0,0] },
										"west": { "texture": "#hibiscus", "uv": [ 14.0, 3.0, 14.5, 4.5 ], "rotation": 90, "windMode": [0,0,0,0] },
										"up": { "texture": "#hibiscus", "uv": [ 15.5, 3.0, 16.0, 4.5 ], "windMode": [0,0,0,0] },
										"down": { "texture": "#hibiscus", "uv": [ 14.0, 4.0, 14.5, 5.5 ], "windMode": [0,0,0,0] }
									}
								}
							]
						},
						{
							"name": "stem35",
							"from": [ -0.15, 2.405, -1.4836 ],
							"to": [ 0.1, 2.655, 0.0164 ],
							"rotationOrigin": [ -0.1526, 2.405, 0.0164 ],
							"rotationX": 9.0,
							"rotationY": 16.0,
							"rotationZ": -16.5,
							"faces": {
								"north": { "texture": "#hibiscus", "uv": [ 14.5, 2.5, 15.0, 3.0 ], "windMode": [0,0,0,0] },
								"east": { "texture": "#hibiscus", "uv": [ 14.0, 1.5, 14.5, 3.0 ], "rotation": 90, "windMode": [0,0,0,0] },
								"west": { "texture": "#hibiscus", "uv": [ 14.0, 3.5, 14.5, 5.0 ], "rotation": 90, "windMode": [0,0,0,0] },
								"up": { "texture": "#hibiscus", "uv": [ 15.5, 1.5, 16.0, 3.0 ], "windMode": [0,0,0,0] },
								"down": { "texture": "#hibiscus", "uv": [ 15.5, 2.5, 16.0, 4.0 ], "windMode": [0,0,0,0] }
							},
							"children": [
								{
									"name": "stem36",
									"from": [ -0.3019, 0.0258, -1.2071 ],
									"to": [ -0.1019, 0.2258, 0.2929 ],
									"rotationOrigin": [ -0.2027, -0.0542, 1.4015 ],
									"rotationX": 0.6397,
									"rotationY": -17.21,
									"rotationZ": 6.0187,
									"faces": {
										"north": { "texture": "#hibiscus", "uv": [ 14.0, 3.5, 14.5, 4.0 ], "windMode": [0,0,0,0] },
										"east": { "texture": "#hibiscus", "uv": [ 15.5, 4.0, 16.0, 5.5 ], "rotation": 90, "windMode": [0,0,0,0] },
										"west": { "texture": "#hibiscus", "uv": [ 14.0, 3.0, 14.5, 4.5 ], "rotation": 90, "windMode": [0,0,0,0] },
										"up": { "texture": "#hibiscus", "uv": [ 14.0, 3.0, 14.5, 4.5 ], "windMode": [0,0,0,0] },
										"down": { "texture": "#hibiscus", "uv": [ 15.5, 3.0, 16.0, 4.5 ], "windMode": [0,0,0,0] }
									}
								},
								{
									"name": "stem37",
									"from": [ 0.6171, 0.5714, -1.6355 ],
									"to": [ 0.8171, 0.7714, -0.1355 ],
									"rotationOrigin": [ 0.8164, 0.5114, 1.3731 ],
									"rotationX": -22.4471,
									"rotationY": 23.8655,
									"rotationZ": 2.2007,
									"faces": {
										"north": { "texture": "#hibiscus", "uv": [ 14.0, 2.5, 14.5, 3.0 ], "windMode": [0,0,0,0] },
										"east": { "texture": "#hibiscus", "uv": [ 14.0, 1.5, 14.5, 3.0 ], "rotation": 90, "windMode": [0,0,0,0] },
										"west": { "texture": "#hibiscus", "uv": [ 14.0, 3.0, 14.5, 4.5 ], "rotation": 90, "windMode": [0,0,0,0] },
										"up": { "texture": "#hibiscus", "uv": [ 15.5, 2.5, 16.0, 4.0 ], "windMode": [0,0,0,0] },
										"down": { "texture": "#hibiscus", "uv": [ 14.0, 2.5, 14.5, 4.0 ], "windMode": [0,0,0,0] }
									}
								},
								{
									"name": "stem38",
									"from": [ -0.1434, -0.6409, -2.8003 ],
									"to": [ 0.0066, -0.4909, -1.3003 ],
									"rotationOrigin": [ -0.0749, -0.7409, 1.275 ],
									"rotationX": 16.9105,
									"rotationY": -14.6747,
									"rotationZ": 11.5842,
									"faces": {
										"north": { "texture": "#hibiscus", "uv": [ 14.0, 3.5, 14.5, 4.0 ], "windMode": [4,4,4,4] },
										"east": { "texture": "#hibiscus", "uv": [ 15.5, 1.5, 16.0, 3.0 ], "rotation": 90, "windMode": [4,4,0,0] },
										"west": { "texture": "#hibiscus", "uv": [ 14.0, 3.0, 14.5, 4.5 ], "rotation": 90, "windMode": [4,0,0,4] },
										"up": { "texture": "#hibiscus", "uv": [ 14.0, 2.5, 14.5, 4.0 ], "windMode": [4,0,0,4] },
										"down": { "texture": "#hibiscus", "uv": [ 15.5, 3.5, 16.0, 5.0 ], "windMode": [4,4,0,0] }
									}
								},
								{
									"name": "stem39",
									"from": [ -0.3456, -0.2621, -2.2608 ],
									"to": [ -0.1956, -0.1121, -0.7608 ],
									"rotationOrigin": [ -2.1352, -1.1369, 0.5016 ],
									"rotationX": 1.32,
									"rotationY": 12.2026,
									"rotationZ": -6.7593,
									"faces": {
										"north": { "texture": "#hibiscus", "uv": [ 14.0, 2.5, 14.5, 3.0 ], "windMode": [0,0,0,0] },
										"east": { "texture": "#hibiscus", "uv": [ 15.5, 2.5, 16.0, 4.0 ], "rotation": 90, "windMode": [0,0,0,0] },
										"west": { "texture": "#hibiscus", "uv": [ 14.0, 4.0, 14.5, 5.5 ], "rotation": 90, "windMode": [0,0,0,0] },
										"up": { "texture": "#hibiscus", "uv": [ 15.5, 3.0, 16.0, 4.5 ], "windMode": [0,0,0,0] },
										"down": { "texture": "#hibiscus", "uv": [ 14.0, 2.5, 14.5, 4.0 ], "windMode": [0,0,0,0] }
									}
								}
							]
						},
						{
							"name": "stem28",
							"from": [ -0.0618, 4.3048, -2.9543 ],
							"to": [ 0.1882, 4.5548, 0.0457 ],
							"rotationOrigin": [ 0.0482, 4.3048, 0.0457 ],
							"rotationX": 128.1132,
							"rotationY": -58.5012,
							"rotationZ": 145.0163,
							"faces": {
								"north": { "texture": "#hibiscus", "uv": [ 14.0, 4.0, 14.5, 4.5 ], "windMode": [4,4,4,4] },
								"east": { "texture": "#hibiscus", "uv": [ 15.5, 1.0, 16.0, 4.0 ], "rotation": 90, "windMode": [4,4,4,4] },
								"west": { "texture": "#hibiscus", "uv": [ 15.5, 2.5, 16.0, 5.5 ], "rotation": 90, "windMode": [4,4,4,4] },
								"up": { "texture": "#hibiscus", "uv": [ 14.0, 2.5, 14.5, 5.5 ], "windMode": [4,4,4,4] },
								"down": { "texture": "#hibiscus", "uv": [ 14.0, 3.0, 14.5, 6.0 ], "windMode": [4,4,4,4] }
							},
							"children": [
								{
									"name": "stem29",
									"from": [ 0.33, -0.19, -1.44 ],
									"to": [ 0.53, 0.01, 0.06 ],
									"rotationOrigin": [ 0.11, 0.0, 3.0 ],
									"rotationX": 3.2238,
									"rotationY": 5.9441,
									"rotationZ": 7.6914,
									"faces": {
										"north": { "texture": "#hibiscus", "uv": [ 14.5, 1.0, 15.0, 1.5 ], "windMode": [4,4,4,4] },
										"east": { "texture": "#hibiscus", "uv": [ 15.5, 2.0, 16.0, 3.5 ], "rotation": 90, "windMode": [4,4,4,4] },
										"west": { "texture": "#hibiscus", "uv": [ 14.0, 3.0, 14.5, 4.5 ], "rotation": 90, "windMode": [4,4,4,4] },
										"up": { "texture": "#hibiscus", "uv": [ 14.0, 3.5, 14.5, 5.0 ], "windMode": [4,4,4,4] },
										"down": { "texture": "#hibiscus", "uv": [ 15.5, 2.5, 16.0, 4.0 ], "windMode": [4,4,4,4] }
									}
								}
							]
						},
						{
							"name": "stem30",
							"from": [ -0.11, 5.4, -1.45 ],
							"to": [ 0.14, 5.65, 0.05 ],
							"rotationOrigin": [ 0.0, 5.4, 0.05 ],
							"rotationX": 53.09,
							"rotationY": -49.5,
							"rotationZ": 47.9,
							"faces": {
								"north": { "texture": "#hibiscus", "uv": [ 14.0, 3.5, 14.5, 4.0 ], "windMode": [4,4,4,4] },
								"east": { "texture": "#hibiscus", "uv": [ 15.5, 3.5, 16.0, 5.0 ], "rotation": 90, "windMode": [4,4,4,4] },
								"west": { "texture": "#hibiscus", "uv": [ 14.0, 2.5, 14.5, 4.0 ], "rotation": 90, "windMode": [4,4,4,4] },
								"up": { "texture": "#hibiscus", "uv": [ 14.0, 3.5, 14.5, 5.0 ], "windMode": [4,4,4,4] },
								"down": { "texture": "#hibiscus", "uv": [ 15.5, 3.0, 16.0, 4.5 ], "windMode": [4,4,4,4] }
							},
							"children": [
								{
									"name": "stem31",
									"from": [ -0.3019, 0.0258, -1.2071 ],
									"to": [ -0.1019, 0.2258, 0.2929 ],
									"rotationOrigin": [ -0.2027, -0.0542, 1.4015 ],
									"rotationX": 0.6397,
									"rotationY": -17.21,
									"rotationZ": 6.0187,
									"faces": {
										"north": { "texture": "#hibiscus", "uv": [ 14.0, 4.0, 14.5, 4.5 ], "windMode": [4,4,4,4] },
										"east": { "texture": "#hibiscus", "uv": [ 14.0, 3.5, 14.5, 5.0 ], "rotation": 90, "windMode": [4,4,4,4] },
										"west": { "texture": "#hibiscus", "uv": [ 15.5, 2.5, 16.0, 4.0 ], "rotation": 90, "windMode": [4,4,4,4] },
										"up": { "texture": "#hibiscus", "uv": [ 14.0, 2.5, 14.5, 4.0 ], "windMode": [4,4,4,4] },
										"down": { "texture": "#hibiscus", "uv": [ 14.0, 3.0, 14.5, 4.5 ], "windMode": [4,4,4,4] }
									}
								},
								{
									"name": "stem32",
									"from": [ 0.6171, 0.5714, -1.6355 ],
									"to": [ 0.8171, 0.7714, -0.1355 ],
									"rotationOrigin": [ 0.8164, 0.5114, 1.3731 ],
									"rotationX": -22.4471,
									"rotationY": 23.8655,
									"rotationZ": 2.2007,
									"faces": {
										"north": { "texture": "#hibiscus", "uv": [ 14.0, 3.0, 14.5, 3.5 ], "windMode": [4,4,4,4] },
										"east": { "texture": "#hibiscus", "uv": [ 15.5, 2.0, 16.0, 3.5 ], "rotation": 90, "windMode": [4,4,4,4] },
										"west": { "texture": "#hibiscus", "uv": [ 14.0, 3.5, 14.5, 5.0 ], "rotation": 90, "windMode": [4,4,4,4] },
										"up": { "texture": "#hibiscus", "uv": [ 14.0, 2.0, 14.5, 3.5 ], "windMode": [4,4,4,4] },
										"down": { "texture": "#hibiscus", "uv": [ 15.5, 3.5, 16.0, 5.0 ], "windMode": [4,4,4,4] }
									}
								},
								{
									"name": "stem33",
									"from": [ -0.1434, -0.6409, -2.8003 ],
									"to": [ 0.0066, -0.4909, -1.3003 ],
									"rotationOrigin": [ -0.0749, -0.7409, 1.275 ],
									"rotationX": 16.9105,
									"rotationY": -14.6747,
									"rotationZ": 11.5842,
									"faces": {
										"north": { "texture": "#hibiscus", "uv": [ 14.0, 4.5, 14.5, 5.0 ], "windMode": [4,4,4,4] },
										"east": { "texture": "#hibiscus", "uv": [ 15.5, 2.0, 16.0, 3.5 ], "rotation": 90, "windMode": [4,4,4,4] },
										"west": { "texture": "#hibiscus", "uv": [ 14.0, 3.0, 14.5, 4.5 ], "rotation": 90, "windMode": [4,4,4,4] },
										"up": { "texture": "#hibiscus", "uv": [ 15.5, 3.0, 16.0, 4.5 ], "windMode": [4,4,4,4] },
										"down": { "texture": "#hibiscus", "uv": [ 14.0, 3.0, 14.5, 4.5 ], "windMode": [4,4,4,4] }
									}
								},
								{
									"name": "stem34",
									"from": [ -0.3456, -0.2621, -2.2608 ],
									"to": [ -0.1956, -0.1121, -0.7608 ],
									"rotationOrigin": [ -2.1352, -1.1369, 0.5016 ],
									"rotationX": 1.32,
									"rotationY": 12.2026,
									"rotationZ": -6.7593,
									"faces": {
										"north": { "texture": "#hibiscus", "uv": [ 14.0, 2.5, 14.5, 3.0 ], "windMode": [4,4,4,4] },
										"east": { "texture": "#hibiscus", "uv": [ 14.0, 3.5, 14.5, 5.0 ], "rotation": 90, "windMode": [4,4,4,4] },
										"west": { "texture": "#hibiscus", "uv": [ 15.5, 1.0, 16.0, 2.5 ], "rotation": 90, "windMode": [4,4,4,4] },
										"up": { "texture": "#hibiscus", "uv": [ 14.0, 3.0, 14.5, 4.5 ], "windMode": [4,4,4,4] },
										"down": { "texture": "#hibiscus", "uv": [ 15.5, 2.5, 16.0, 4.0 ], "windMode": [4,4,4,4] }
									}
								}
							]
						},
						{
							"name": "stem26",
							"from": [ -0.04, 6.42, -2.9875 ],
							"to": [ 0.16, 6.62, -1.4875 ],
							"rotationOrigin": [ 0.0484, 6.4, 0.0125 ],
							"rotationX": 146.254,
							"rotationY": -20.83,
							"rotationZ": 166.2183,
							"faces": {
								"north": { "texture": "#hibiscus", "uv": [ 15.5, 4.5, 16.0, 5.0 ], "windMode": [4,4,4,4] },
								"east": { "texture": "#hibiscus", "uv": [ 14.0, 4.0, 14.5, 5.5 ], "rotation": 90, "windMode": [4,4,4,4] },
								"west": { "texture": "#hibiscus", "uv": [ 14.0, 4.0, 14.5, 5.5 ], "rotation": 90, "windMode": [4,4,4,4] },
								"up": { "texture": "#hibiscus", "uv": [ 14.0, 4.0, 14.5, 5.5 ], "windMode": [4,4,4,4] },
								"down": { "texture": "#hibiscus", "uv": [ 14.0, 4.0, 14.5, 5.5 ], "windMode": [4,4,4,4] }
							}
						},
						{
							"name": "stem21",
							"from": [ -0.11, 5.4, -1.45 ],
							"to": [ 0.14, 5.65, 0.05 ],
							"rotationOrigin": [ 0.0, 5.4, 0.05 ],
							"rotationX": 157.0902,
							"rotationY": 39.8557,
							"rotationZ": -169.0968,
							"faces": {
								"north": { "texture": "#hibiscus", "uv": [ 14.0, 4.0, 14.5, 4.5 ], "windMode": [4,4,4,4] },
								"east": { "texture": "#hibiscus", "uv": [ 14.0, 2.5, 14.5, 4.0 ], "rotation": 90, "windMode": [4,4,4,4] },
								"west": { "texture": "#hibiscus", "uv": [ 14.0, 3.5, 14.5, 5.0 ], "rotation": 90, "windMode": [4,4,4,4] },
								"up": { "texture": "#hibiscus", "uv": [ 15.5, 2.5, 16.0, 4.0 ], "windMode": [4,4,4,4] },
								"down": { "texture": "#hibiscus", "uv": [ 15.5, 3.0, 16.0, 4.5 ], "windMode": [4,4,4,4] }
							},
							"children": [
								{
									"name": "stem22",
									"from": [ -0.3019, 0.0258, -1.2071 ],
									"to": [ -0.1019, 0.2258, 0.2929 ],
									"rotationOrigin": [ -0.2027, -0.0542, 1.4015 ],
									"rotationX": 0.6397,
									"rotationY": -17.21,
									"rotationZ": 6.0187,
									"faces": {
										"north": { "texture": "#hibiscus", "uv": [ 14.0, 3.0, 14.5, 3.5 ], "windMode": [4,4,4,4] },
										"east": { "texture": "#hibiscus", "uv": [ 15.5, 3.5, 16.0, 5.0 ], "rotation": 90, "windMode": [4,4,4,4] },
										"west": { "texture": "#hibiscus", "uv": [ 14.0, 2.5, 14.5, 4.0 ], "rotation": 90, "windMode": [4,4,4,4] },
										"up": { "texture": "#hibiscus", "uv": [ 14.0, 3.0, 14.5, 4.5 ], "windMode": [4,4,4,4] },
										"down": { "texture": "#hibiscus", "uv": [ 15.5, 3.5, 16.0, 5.0 ], "windMode": [4,4,4,4] }
									}
								},
								{
									"name": "stem23",
									"from": [ 0.6171, 0.5714, -1.6355 ],
									"to": [ 0.8171, 0.7714, -0.1355 ],
									"rotationOrigin": [ 0.8164, 0.5114, 1.3731 ],
									"rotationX": -22.4471,
									"rotationY": 23.8655,
									"rotationZ": 2.2007,
									"faces": {
										"north": { "texture": "#hibiscus", "uv": [ 14.0, 2.5, 14.5, 3.0 ], "windMode": [4,4,4,4] },
										"east": { "texture": "#hibiscus", "uv": [ 14.0, 3.5, 14.5, 5.0 ], "rotation": 90, "windMode": [4,4,4,4] },
										"west": { "texture": "#hibiscus", "uv": [ 14.0, 2.5, 14.5, 4.0 ], "rotation": 90, "windMode": [4,4,4,4] },
										"up": { "texture": "#hibiscus", "uv": [ 14.0, 3.0, 14.5, 4.5 ], "windMode": [4,4,4,4] },
										"down": { "texture": "#hibiscus", "uv": [ 14.0, 3.0, 14.5, 4.5 ], "windMode": [4,4,4,4] }
									}
								},
								{
									"name": "stem24",
									"from": [ -0.1434, -0.6409, -2.8003 ],
									"to": [ 0.0066, -0.4909, -1.3003 ],
									"rotationOrigin": [ -0.0749, -0.7409, 1.275 ],
									"rotationX": 16.9105,
									"rotationY": -14.6747,
									"rotationZ": 11.5842,
									"faces": {
										"north": { "texture": "#hibiscus", "uv": [ 14.0, 3.0, 14.5, 3.5 ], "windMode": [4,4,4,4] },
										"east": { "texture": "#hibiscus", "uv": [ 14.0, 2.5, 14.5, 4.0 ], "rotation": 90, "windMode": [4,4,4,4] },
										"west": { "texture": "#hibiscus", "uv": [ 14.0, 2.5, 14.5, 4.0 ], "rotation": 90, "windMode": [4,4,4,4] },
										"up": { "texture": "#hibiscus", "uv": [ 15.5, 2.0, 16.0, 3.5 ], "windMode": [4,4,4,4] },
										"down": { "texture": "#hibiscus", "uv": [ 14.0, 3.5, 14.5, 5.0 ], "windMode": [4,4,4,4] }
									}
								},
								{
									"name": "stem25",
									"from": [ -0.3456, -0.2621, -2.2608 ],
									"to": [ -0.1956, -0.1121, -0.7608 ],
									"rotationOrigin": [ -2.1352, -1.1369, 0.5016 ],
									"rotationX": 1.32,
									"rotationY": 12.2026,
									"rotationZ": -6.7593,
									"faces": {
										"north": { "texture": "#hibiscus", "uv": [ 14.0, 3.0, 14.5, 3.5 ], "windMode": [4,4,4,4] },
										"east": { "texture": "#hibiscus", "uv": [ 14.0, 2.5, 14.5, 4.0 ], "rotation": 90, "windMode": [4,4,4,4] },
										"west": { "texture": "#hibiscus", "uv": [ 15.5, 4.0, 16.0, 5.5 ], "rotation": 90, "windMode": [4,4,4,4] },
										"up": { "texture": "#hibiscus", "uv": [ 14.0, 3.0, 14.5, 4.5 ], "windMode": [4,4,4,4] },
										"down": { "texture": "#hibiscus", "uv": [ 14.0, 3.0, 14.5, 4.5 ], "windMode": [4,4,4,4] }
									}
								}
							]
						},
						{
							"name": "stem19",
							"from": [ -0.1564, 4.8, -3.0187 ],
							"to": [ 0.0936, 5.05, -0.0187 ],
							"rotationOrigin": [ -0.0464, 4.8, -0.0187 ],
							"rotationX": 19.1806,
							"rotationY": 71.55,
							"rotationZ": -12.4763,
							"faces": {
								"north": { "texture": "#hibiscus", "uv": [ 14.0, 2.5, 14.5, 3.0 ], "windMode": [4,4,4,4] },
								"east": { "texture": "#hibiscus", "uv": [ 14.0, 2.0, 14.5, 5.0 ], "rotation": 90, "windMode": [4,4,4,4] },
								"west": { "texture": "#hibiscus", "uv": [ 14.0, 2.5, 14.5, 5.5 ], "rotation": 90, "windMode": [4,4,4,4] },
								"up": { "texture": "#hibiscus", "uv": [ 15.5, 2.0, 16.0, 5.0 ], "windMode": [4,4,4,4] },
								"down": { "texture": "#hibiscus", "uv": [ 15.5, 1.5, 16.0, 4.5 ], "windMode": [4,4,4,4] }
							},
							"children": [
								{
									"name": "stem20",
									"from": [ 0.33, -0.19, -1.44 ],
									"to": [ 0.53, 0.01, 0.06 ],
									"rotationOrigin": [ 0.11, 0.0, 3.0 ],
									"rotationX": 3.2238,
									"rotationY": 5.9441,
									"rotationZ": 7.6914,
									"faces": {
										"north": { "texture": "#hibiscus", "uv": [ 14.0, 2.5, 14.5, 3.0 ], "windMode": [4,4,4,4] },
										"east": { "texture": "#hibiscus", "uv": [ 14.0, 2.5, 14.5, 4.0 ], "rotation": 90, "windMode": [4,4,4,4] },
										"west": { "texture": "#hibiscus", "uv": [ 15.5, 2.5, 16.0, 4.0 ], "rotation": 90, "windMode": [4,4,4,4] },
										"up": { "texture": "#hibiscus", "uv": [ 14.0, 3.0, 14.5, 4.5 ], "windMode": [4,4,4,4] },
										"down": { "texture": "#hibiscus", "uv": [ 15.5, 3.5, 16.0, 5.0 ], "windMode": [4,4,4,4] }
									}
								}
							]
						},
						{
							"name": "stem17",
							"from": [ -0.0717, 0.3, -3.0321 ],
							"to": [ 0.1783, 0.55, -0.0321 ],
							"rotationOrigin": [ 0.0383, 0.3, -0.0321 ],
							"rotationX": 90.1246,
							"rotationY": -59.0218,
							"rotationZ": 99.103,
							"faces": {
								"north": { "texture": "#hibiscus", "uv": [ 14.0, 3.0, 14.5, 3.5 ], "windMode": [0,0,0,0] },
								"east": { "texture": "#hibiscus", "uv": [ 15.5, 2.0, 16.0, 5.0 ], "rotation": 90, "windMode": [0,0,0,0] },
								"west": { "texture": "#hibiscus", "uv": [ 14.0, 2.5, 14.5, 5.5 ], "rotation": 90, "windMode": [0,0,0,0] },
								"up": { "texture": "#hibiscus", "uv": [ 15.5, 3.0, 16.0, 6.0 ], "windMode": [0,0,0,0] },
								"down": { "texture": "#hibiscus", "uv": [ 14.0, 2.5, 14.5, 5.5 ], "windMode": [0,0,0,0] }
							},
							"children": [
								{
									"name": "stem18",
									"from": [ 0.02, -0.11, -1.49 ],
									"to": [ 0.22, 0.09, 0.01 ],
									"rotationOrigin": [ 0.11, 0.0, 3.0 ],
									"rotationX": 2.651,
									"rotationY": -0.1636,
									"rotationZ": -9.9766,
									"faces": {
										"north": { "texture": "#hibiscus", "uv": [ 14.0, 4.0, 14.5, 4.5 ], "windMode": [0,0,0,0] },
										"east": { "texture": "#hibiscus", "uv": [ 15.5, 0.5, 16.0, 2.0 ], "rotation": 90, "windMode": [0,0,0,0] },
										"west": { "texture": "#hibiscus", "uv": [ 14.0, 2.0, 14.5, 3.5 ], "rotation": 90, "windMode": [0,0,0,0] },
										"up": { "texture": "#hibiscus", "uv": [ 14.0, 3.0, 14.5, 4.5 ], "windMode": [0,0,0,0] },
										"down": { "texture": "#hibiscus", "uv": [ 15.5, 1.0, 16.0, 2.5 ], "windMode": [0,0,0,0] }
									}
								}
							]
						},
						{
							"name": "stem12",
							"from": [ -0.11, 3.4, -1.55 ],
							"to": [ 0.14, 3.65, -0.05 ],
							"rotationOrigin": [ 0.0, 3.4, -0.05 ],
							"rotationX": 22.9098,
							"rotationY": -39.8557,
							"rotationZ": 10.9032,
							"faces": {
								"north": { "texture": "#hibiscus", "uv": [ 14.0, 3.0, 14.5, 3.5 ], "windMode": [4,4,4,4] },
								"east": { "texture": "#hibiscus", "uv": [ 14.0, 2.5, 14.5, 4.0 ], "rotation": 90, "windMode": [4,4,4,4] },
								"west": { "texture": "#hibiscus", "uv": [ 15.5, 4.0, 16.0, 5.5 ], "rotation": 90, "windMode": [4,4,4,4] },
								"up": { "texture": "#hibiscus", "uv": [ 14.0, 2.5, 14.5, 4.0 ], "windMode": [4,4,4,4] },
								"down": { "texture": "#hibiscus", "uv": [ 14.0, 3.5, 14.5, 5.0 ], "windMode": [4,4,4,4] }
							},
							"children": [
								{
									"name": "stem13",
									"from": [ -0.3019, 0.0258, -1.2071 ],
									"to": [ -0.1019, 0.2258, 0.2929 ],
									"rotationOrigin": [ -0.2027, -0.0542, 1.4015 ],
									"rotationX": 0.6397,
									"rotationY": -17.21,
									"rotationZ": 6.0187,
									"faces": {
										"north": { "texture": "#hibiscus", "uv": [ 14.0, 2.5, 14.5, 3.0 ], "windMode": [4,4,4,4] },
										"east": { "texture": "#hibiscus", "uv": [ 14.0, 1.5, 14.5, 3.0 ], "rotation": 90, "windMode": [4,4,4,4] },
										"west": { "texture": "#hibiscus", "uv": [ 15.5, 3.0, 16.0, 4.5 ], "rotation": 90, "windMode": [4,4,4,4] },
										"up": { "texture": "#hibiscus", "uv": [ 14.0, 2.5, 14.5, 4.0 ], "windMode": [4,4,4,4] },
										"down": { "texture": "#hibiscus", "uv": [ 14.0, 3.0, 14.5, 4.5 ], "windMode": [4,4,4,4] }
									}
								},
								{
									"name": "stem14",
									"from": [ 0.6171, 0.5714, -1.6355 ],
									"to": [ 0.8171, 0.7714, -0.1355 ],
									"rotationOrigin": [ 0.8164, 0.5114, 1.3731 ],
									"rotationX": -22.4471,
									"rotationY": 23.8655,
									"rotationZ": 2.2007,
									"faces": {
										"north": { "texture": "#hibiscus", "uv": [ 14.5, 3.0, 15.0, 3.5 ], "windMode": [4,4,4,4] },
										"east": { "texture": "#hibiscus", "uv": [ 15.5, 2.5, 16.0, 4.0 ], "rotation": 90, "windMode": [4,4,4,4] },
										"west": { "texture": "#hibiscus", "uv": [ 14.0, 3.0, 14.5, 4.5 ], "rotation": 90, "windMode": [4,4,4,4] },
										"up": { "texture": "#hibiscus", "uv": [ 14.0, 3.5, 14.5, 5.0 ], "windMode": [4,4,4,4] },
										"down": { "texture": "#hibiscus", "uv": [ 14.0, 3.0, 14.5, 4.5 ], "windMode": [4,4,4,4] }
									}
								},
								{
									"name": "stem15",
									"from": [ -0.1434, -0.6409, -2.8003 ],
									"to": [ 0.0066, -0.4909, -1.3003 ],
									"rotationOrigin": [ -0.0749, -0.7409, 1.275 ],
									"rotationX": 16.9105,
									"rotationY": -14.6747,
									"rotationZ": 11.5842,
									"faces": {
										"north": { "texture": "#hibiscus", "uv": [ 14.5, 3.0, 15.0, 3.5 ], "windMode": [4,4,4,4] },
										"east": { "texture": "#hibiscus", "uv": [ 14.0, 3.5, 14.5, 5.0 ], "rotation": 90, "windMode": [4,4,4,4] },
										"west": { "texture": "#hibiscus", "uv": [ 15.5, 2.0, 16.0, 3.5 ], "rotation": 90, "windMode": [4,4,4,4] },
										"up": { "texture": "#hibiscus", "uv": [ 15.5, 3.5, 16.0, 5.0 ], "windMode": [4,4,4,4] },
										"down": { "texture": "#hibiscus", "uv": [ 14.0, 0.0, 14.5, 1.5 ], "windMode": [4,4,4,4] }
									}
								},
								{
									"name": "stem16",
									"from": [ -0.3456, -0.2621, -2.2608 ],
									"to": [ -0.1956, -0.1121, -0.7608 ],
									"rotationOrigin": [ -2.1352, -1.1369, 0.5016 ],
									"rotationX": 1.32,
									"rotationY": 12.2026,
									"rotationZ": -6.7593,
									"faces": {
										"north": { "texture": "#hibiscus", "uv": [ 14.5, 3.0, 15.0, 3.5 ], "windMode": [4,4,4,4] },
										"east": { "texture": "#hibiscus", "uv": [ 15.5, 2.0, 16.0, 3.5 ], "rotation": 90, "windMode": [4,4,4,4] },
										"west": { "texture": "#hibiscus", "uv": [ 14.0, 2.5, 14.5, 4.0 ], "rotation": 90, "windMode": [4,4,4,4] },
										"up": { "texture": "#hibiscus", "uv": [ 15.5, 3.0, 16.0, 4.5 ], "windMode": [4,4,4,4] },
										"down": { "texture": "#hibiscus", "uv": [ 14.0, 3.0, 14.5, 4.5 ], "windMode": [4,4,4,4] }
									}
								}
							]
						},
						{
							"name": "stem5",
							"from": [ -0.06, 2.4, -1.5 ],
							"to": [ 0.19, 2.65, 0.0 ],
							"rotationOrigin": [ 0.05, 2.4, 0.0 ],
							"rotationX": 155.0,
							"rotationY": -27.0,
							"rotationZ": 158.5,
							"faces": {
								"north": { "texture": "#hibiscus", "uv": [ 14.0, 4.0, 14.5, 4.5 ], "windMode": [0,4,4,0] },
								"east": { "texture": "#hibiscus", "uv": [ 14.0, 2.5, 14.5, 4.0 ], "rotation": 90, "windMode": [0,4,0,0] },
								"west": { "texture": "#hibiscus", "uv": [ 15.5, 2.0, 16.0, 3.5 ], "rotation": 90, "windMode": [0,0,0,4] },
								"up": { "texture": "#hibiscus", "uv": [ 15.5, 2.5, 16.0, 4.0 ], "windMode": [4,0,0,4] },
								"down": { "texture": "#hibiscus", "uv": [ 14.0, 3.0, 14.5, 4.5 ], "windMode": [0,0,0,0] }
							},
							"children": [
								{
									"name": "stem7",
									"from": [ -0.3019, 0.0258, -1.2071 ],
									"to": [ -0.1019, 0.2258, 0.2929 ],
									"rotationOrigin": [ -0.2027, -0.0542, 1.4015 ],
									"rotationX": 0.6397,
									"rotationY": -17.21,
									"rotationZ": 6.0187,
									"faces": {
										"north": { "texture": "#hibiscus", "uv": [ 14.0, 2.5, 14.5, 3.0 ], "windMode": [4,4,4,4] },
										"east": { "texture": "#hibiscus", "uv": [ 14.0, 3.5, 14.5, 5.0 ], "rotation": 90, "windMode": [4,4,4,0] },
										"west": { "texture": "#hibiscus", "uv": [ 15.5, 0.5, 16.0, 2.0 ], "rotation": 90, "windMode": [4,0,4,4] },
										"up": { "texture": "#hibiscus", "uv": [ 15.5, 2.0, 16.0, 3.5 ], "windMode": [4,4,4,4] },
										"down": { "texture": "#hibiscus", "uv": [ 14.0, 4.0, 14.5, 5.5 ], "windMode": [4,4,0,0] }
									}
								},
								{
									"name": "stem8",
									"from": [ 0.6171, 0.5714, -1.6355 ],
									"to": [ 0.8171, 0.7714, -0.1355 ],
									"rotationOrigin": [ 0.8164, 0.5114, 1.3731 ],
									"rotationX": -22.4471,
									"rotationY": 23.8655,
									"rotationZ": 2.2007,
									"faces": {
										"north": { "texture": "#hibiscus", "uv": [ 14.0, 2.5, 14.5, 3.0 ], "windMode": [4,4,4,4] },
										"east": { "texture": "#hibiscus", "uv": [ 15.5, 2.5, 16.0, 4.0 ], "rotation": 90, "windMode": [4,4,4,0] },
										"west": { "texture": "#hibiscus", "uv": [ 14.0, 2.0, 14.5, 3.5 ], "rotation": 90, "windMode": [4,0,4,4] },
										"up": { "texture": "#hibiscus", "uv": [ 14.0, 2.0, 14.5, 3.5 ], "windMode": [4,4,4,4] },
										"down": { "texture": "#hibiscus", "uv": [ 14.0, 3.5, 14.5, 5.0 ], "windMode": [4,4,0,0] }
									}
								},
								{
									"name": "stem10",
									"from": [ -0.1434, -0.6409, -2.8003 ],
									"to": [ 0.0066, -0.4909, -1.3003 ],
									"rotationOrigin": [ -0.0749, -0.7409, 1.275 ],
									"rotationX": 16.9105,
									"rotationY": -14.6747,
									"rotationZ": 11.5842,
									"faces": {
										"north": { "texture": "#hibiscus", "uv": [ 14.0, 3.0, 14.5, 3.5 ], "windMode": [4,4,4,4] },
										"east": { "texture": "#hibiscus", "uv": [ 14.0, 3.0, 14.5, 4.5 ], "rotation": 90, "windMode": [4,4,4,4] },
										"west": { "texture": "#hibiscus", "uv": [ 14.0, 4.0, 14.5, 5.5 ], "rotation": 90, "windMode": [4,4,4,4] },
										"up": { "texture": "#hibiscus", "uv": [ 14.0, 3.5, 14.5, 5.0 ], "windMode": [4,4,4,4] },
										"down": { "texture": "#hibiscus", "uv": [ 15.5, 3.5, 16.0, 5.0 ], "windMode": [4,4,4,4] }
									}
								},
								{
									"name": "stem11",
									"from": [ -0.3456, -0.2621, -2.2608 ],
									"to": [ -0.1956, -0.1121, -0.7608 ],
									"rotationOrigin": [ -2.1352, -1.1369, 0.5016 ],
									"rotationX": 1.32,
									"rotationY": 12.2026,
									"rotationZ": -6.7593,
									"faces": {
										"north": { "texture": "#hibiscus", "uv": [ 14.0, 2.5, 14.5, 3.0 ], "windMode": [4,4,4,4] },
										"east": { "texture": "#hibiscus", "uv": [ 14.0, 2.5, 14.5, 4.0 ], "rotation": 90, "windMode": [4,4,4,4] },
										"west": { "texture": "#hibiscus", "uv": [ 14.0, 3.0, 14.5, 4.5 ], "rotation": 90, "windMode": [4,4,4,4] },
										"up": { "texture": "#hibiscus", "uv": [ 15.5, 2.5, 16.0, 4.0 ], "windMode": [4,4,4,4] },
										"down": { "texture": "#hibiscus", "uv": [ 14.0, 4.0, 14.5, 5.5 ], "windMode": [4,4,4,4] }
									}
								}
							]
						},
						{
							"name": "stem4",
							"from": [ -0.11, 1.9, -2.95 ],
							"to": [ 0.14, 2.15, 0.05 ],
							"rotationOrigin": [ 0.0, 1.9, 0.05 ],
							"rotationX": 139.4732,
							"rotationY": 30.3313,
							"rotationZ": -128.0711,
							"faces": {
								"north": { "texture": "#hibiscus", "uv": [ 14.0, 3.5, 14.5, 4.0 ], "windMode": [4,4,4,4] },
								"east": { "texture": "#hibiscus", "uv": [ 15.5, 1.5, 16.0, 4.5 ], "rotation": 90, "windMode": [4,4,0,0] },
								"west": { "texture": "#hibiscus", "uv": [ 14.0, 2.0, 14.5, 5.0 ], "rotation": 90, "windMode": [4,0,0,4] },
								"up": { "texture": "#hibiscus", "uv": [ 15.5, 1.5, 16.0, 4.5 ], "windMode": [4,0,0,4] },
								"down": { "texture": "#hibiscus", "uv": [ 14.0, 2.5, 14.5, 5.5 ], "windMode": [4,4,0,0] }
							},
							"children": [
								{
									"name": "stem9",
									"from": [ 0.02, -0.11, -1.49 ],
									"to": [ 0.22, 0.09, 0.01 ],
									"rotationOrigin": [ 0.11, 0.0, 3.0 ],
									"rotationX": 2.651,
									"rotationY": -0.1636,
									"rotationZ": -9.9766,
									"faces": {
										"north": { "texture": "#hibiscus", "uv": [ 14.0, 3.0, 14.5, 3.5 ], "windMode": [4,4,4,4] },
										"east": { "texture": "#hibiscus", "uv": [ 15.5, 3.0, 16.0, 4.5 ], "rotation": 90, "windMode": [4,4,4,4] },
										"west": { "texture": "#hibiscus", "uv": [ 14.0, 2.5, 14.5, 4.0 ], "rotation": 90, "windMode": [4,4,4,4] },
										"up": { "texture": "#hibiscus", "uv": [ 14.0, 3.0, 14.5, 4.5 ], "windMode": [4,4,4,4] },
										"down": { "texture": "#hibiscus", "uv": [ 14.0, 3.0, 14.5, 4.5 ], "windMode": [4,4,4,4] }
									}
								}
							]
						},
						{
							"name": "stem3",
							"from": [ -0.16, 1.0, -3.0 ],
							"to": [ 0.09, 1.25, 0.0 ],
							"rotationOrigin": [ -0.05, 1.0, 0.0 ],
							"rotationX": 25.0,
							"rotationY": 45.0,
							"rotationZ": -22.5,
							"faces": {
								"north": { "texture": "#hibiscus", "uv": [ 14.0, 2.5, 14.5, 3.0 ], "windMode": [0,0,0,0] },
								"east": { "texture": "#hibiscus", "uv": [ 15.5, 3.0, 16.0, 6.0 ], "rotation": 90, "windMode": [0,0,0,0] },
								"west": { "texture": "#hibiscus", "uv": [ 14.0, 2.0, 14.5, 5.0 ], "rotation": 90, "windMode": [0,0,0,0] },
								"up": { "texture": "#hibiscus", "uv": [ 15.5, 2.0, 16.0, 5.0 ], "windMode": [0,0,0,0] },
								"down": { "texture": "#hibiscus", "uv": [ 14.0, 1.0, 14.5, 4.0 ], "windMode": [0,0,0,0] }
							},
							"children": [
								{
									"name": "stem6",
									"from": [ 0.33, -0.19, -1.44 ],
									"to": [ 0.53, 0.01, 0.06 ],
									"rotationOrigin": [ 0.11, 0.0, 3.0 ],
									"rotationX": 3.2238,
									"rotationY": 5.9441,
									"rotationZ": 7.6914,
									"faces": {
										"north": { "texture": "#hibiscus", "uv": [ 14.5, 1.0, 15.0, 1.5 ], "windMode": [0,0,0,0] },
										"east": { "texture": "#hibiscus", "uv": [ 15.5, 3.5, 16.0, 5.0 ], "rotation": 90, "windMode": [0,0,0,0] },
										"west": { "texture": "#hibiscus", "uv": [ 14.0, 3.5, 14.5, 5.0 ], "rotation": 90, "windMode": [0,0,0,0] },
										"up": { "texture": "#hibiscus", "uv": [ 14.0, 1.5, 14.5, 3.0 ], "windMode": [0,0,0,0] },
										"down": { "texture": "#hibiscus", "uv": [ 15.5, 3.0, 16.0, 4.5 ], "windMode": [0,0,0,0] }
									}
								}
							]
						},
						{
							"name": "stem",
							"from": [ -0.25, 0.0, -0.25 ],
							"to": [ 0.25, 4.5, 0.25 ],
							"rotationOrigin": [ -0.25, 0.0, -0.25 ],
							"faces": {
								"north": { "texture": "#hibiscus", "uv": [ 14.0, 0.0, 14.5, 4.5 ], "windMode": [0,4,4,0] },
								"east": { "texture": "#hibiscus", "uv": [ 15.5, 1.0, 16.0, 5.5 ], "windMode": [0,4,4,0] },
								"south": { "texture": "#hibiscus", "uv": [ 14.0, 0.0, 14.5, 4.5 ], "windMode": [0,0,4,4] },
								"west": { "texture": "#hibiscus", "uv": [ 15.5, 1.0, 16.0, 5.5 ], "windMode": [0,0,4,4] },
								"up": { "texture": "#hibiscus", "uv": [ 14.0, 1.0, 14.5, 1.5 ], "windMode": [4,4,4,4] }
							},
							"children": [
								{
									"name": "stem2",
									"from": [ 0.05, 4.5, 0.05 ],
									"to": [ 0.45, 7.5, 0.45 ],
									"rotationOrigin": [ 0.0, 4.5, 0.0 ],
									"faces": {
										"north": { "texture": "#hibiscus", "uv": [ 14.0, 1.5, 14.5, 4.5 ], "windMode": [4,4,4,4] },
										"east": { "texture": "#hibiscus", "uv": [ 15.5, 1.5, 16.0, 4.5 ], "windMode": [4,4,4,4] },
										"south": { "texture": "#hibiscus", "uv": [ 14.0, 3.0, 14.5, 6.0 ], "windMode": [4,4,4,4] },
										"west": { "texture": "#hibiscus", "uv": [ 15.5, 3.0, 16.0, 6.0 ], "windMode": [4,4,4,4] },
										"up": { "texture": "#hibiscus", "uv": [ 14.0, 3.5, 14.5, 4.0 ], "windMode": [4,4,4,4] }
									}
								},
								{
									"name": "stem47",
									"from": [ 0.1, 7.5, 0.1 ],
									"to": [ 0.4, 8.5, 0.4 ],
									"rotationOrigin": [ 0.0, 7.5, 0.0 ],
									"faces": {
										"north": { "texture": "#hibiscus", "uv": [ 14.0, 3.5, 14.5, 4.5 ], "windMode": [4,4,4,4] },
										"east": { "texture": "#hibiscus", "uv": [ 15.5, 2.5, 16.0, 3.5 ], "windMode": [4,4,4,4] },
										"south": { "texture": "#hibiscus", "uv": [ 15.5, 1.0, 16.0, 2.0 ], "windMode": [4,4,4,4] },
										"west": { "texture": "#hibiscus", "uv": [ 15.5, 5.0, 16.0, 6.0 ], "windMode": [4,4,4,4] },
										"up": { "texture": "#hibiscus", "uv": [ 14.0, 3.0, 14.5, 3.5 ], "windMode": [4,4,4,4] }
									}
								}
							]
						}
					]
				},
				{
					"name": "leafgroup",
					"from": [ 0.0, 0.0, 0.0 ],
					"to": [ 0.0, 0.0, 0.0 ],
					"faces": {
					},
					"children": [
						{
							"name": "leaf19",
							"from": [ -0.0381, 7.4908, 2.9221 ],
							"to": [ 1.4619, 7.4908, 5.4221 ],
							"rotationOrigin": [ -0.9381, 7.1908, 3.3221 ],
							"rotationX": 172.4052,
							"rotationY": 69.9772,
							"rotationZ": -178.9474,
							"faces": {
								"up": { "texture": "#hibiscus", "uv": [ 9.5, 13.5, 11.0, 16.0 ], "windMode": [1,1,1,1] }
							}
						},
						{
							"name": "leaf25",
							"from": [ -2.9334, 8.3453, -0.7553 ],
							"to": [ -1.4334, 8.3453, 1.7447 ],
							"rotationOrigin": [ -2.8934, 8.3453, -0.7553 ],
							"rotationX": 73.9261,
							"rotationY": 60.525,
							"rotationZ": -69.0194,
							"faces": {
								"up": { "texture": "#hibiscus", "uv": [ 9.0, 12.0, 11.5, 16.0 ], "autoUv": false, "windMode": [1,1,1,1] }
							}
						},
						{
							"name": "leaf23",
							"from": [ -3.5065, 2.2222, 0.5138 ],
							"to": [ -2.0065, 2.2222, 3.0138 ],
							"rotationOrigin": [ -3.8065, 1.9222, 0.8538 ],
							"rotationX": 37.2078,
							"rotationY": 51.518,
							"rotationZ": -48.8271,
							"faces": {
								"up": { "texture": "#hibiscus", "uv": [ 9.5, 12.5, 11.5, 16.0 ], "autoUv": false, "windMode": [0,0,0,0] }
							}
						},
						{
							"name": "leaf24",
							"from": [ -0.0987, 0.9707, 4.3454 ],
							"to": [ 1.4013, 0.9707, 6.8454 ],
							"rotationOrigin": [ -0.0587, 0.9707, 4.3454 ],
							"rotationX": -178.1054,
							"rotationY": -21.7662,
							"rotationZ": 169.045,
							"faces": {
								"up": { "texture": "#hibiscus", "uv": [ 9.0, 12.0, 11.5, 16.0 ], "autoUv": false, "windMode": [0,0,0,0] }
							}
						},
						{
							"name": "leaf7",
							"from": [ 1.2276, 3.3399, -4.2208 ],
							"to": [ 2.7276, 3.3399, -1.7208 ],
							"rotationOrigin": [ 0.9276, 3.0399, -3.8808 ],
							"rotationX": 15.4875,
							"rotationY": -53.802,
							"rotationZ": -1.8593,
							"faces": {
								"up": { "texture": "#hibiscus", "uv": [ 9.5, 12.5, 11.5, 16.0 ], "autoUv": false, "windMode": [1,0,0,0] }
							}
						},
						{
							"name": "leaf22",
							"from": [ -3.8685, 3.1867, -1.7595 ],
							"to": [ -2.3685, 3.1867, 0.7405 ],
							"rotationOrigin": [ -3.8285, 3.1867, -1.7594 ],
							"rotationX": 72.2832,
							"rotationY": 83.0409,
							"rotationZ": -94.4043,
							"faces": {
								"up": { "texture": "#hibiscus", "uv": [ 9.0, 12.0, 11.5, 16.0 ], "autoUv": false, "windMode": [1,0,0,0] }
							}
						},
						{
							"name": "leaf20",
							"from": [ 0.2135, 6.2479, -1.4695 ],
							"to": [ 1.7135, 6.2479, 1.0305 ],
							"rotationOrigin": [ 1.5135, 5.2479, 3.1305 ],
							"rotationX": -17.0,
							"rotationY": -37.4999,
							"rotationZ": 8.0,
							"faces": {
								"up": { "texture": "#hibiscus", "uv": [ 9.5, 13.5, 11.0, 16.0 ], "windMode": [1,1,1,1] }
							}
						},
						{
							"name": "leaf5",
							"from": [ 2.4135, 5.5479, 2.7305 ],
							"to": [ 3.9135, 5.5479, 5.2305 ],
							"rotationOrigin": [ 1.5135, 5.2479, 3.1305 ],
							"rotationX": 163.0,
							"rotationY": 29.5,
							"rotationZ": -172.0,
							"faces": {
								"up": { "texture": "#hibiscus", "uv": [ 9.5, 13.5, 11.0, 16.0 ], "windMode": [1,1,1,1] }
							}
						},
						{
							"name": "leaf6",
							"from": [ 3.4973, 8.1193, 0.1965 ],
							"to": [ 4.9973, 8.1193, 2.6965 ],
							"rotationOrigin": [ 3.1973, 7.8193, 0.5365 ],
							"rotationX": 145.7347,
							"rotationY": -28.9315,
							"rotationZ": 127.8518,
							"faces": {
								"up": { "texture": "#hibiscus", "uv": [ 9.5, 12.5, 11.5, 16.0 ], "autoUv": false, "windMode": [1,1,1,1] }
							}
						},
						{
							"name": "leaf21",
							"from": [ 0.917, 6.4165, -3.9529 ],
							"to": [ 2.417, 6.4165, -1.4529 ],
							"rotationOrigin": [ 0.957, 6.4165, -3.9529 ],
							"rotationX": -0.3006,
							"rotationY": 4.5348,
							"rotationZ": 4.3257,
							"faces": {
								"up": { "texture": "#hibiscus", "uv": [ 9.0, 12.0, 11.5, 16.0 ], "autoUv": false, "windMode": [1,1,1,1] }
							}
						},
						{
							"name": "leaf18",
							"from": [ -2.2622, 8.2078, -1.2782 ],
							"to": [ -0.7622, 8.2078, 1.2218 ],
							"rotationOrigin": [ -0.9622, 7.2078, 3.3218 ],
							"rotationX": -2.9955,
							"rotationY": -77.8812,
							"rotationZ": 19.3777,
							"faces": {
								"up": { "texture": "#hibiscus", "uv": [ 9.5, 13.5, 11.0, 16.0 ], "windMode": [1,1,1,1] }
							}
						},
						{
							"name": "leaf4",
							"from": [ -3.3, 7.2, 0.76 ],
							"to": [ -1.8, 7.2, 3.26 ],
							"rotationOrigin": [ -3.6, 6.9, 1.1 ],
							"rotationX": 39.9605,
							"rotationY": 56.5389,
							"rotationZ": -55.1255,
							"faces": {
								"up": { "texture": "#hibiscus", "uv": [ 9.5, 12.5, 11.5, 16.0 ], "autoUv": false, "windMode": [1,1,1,1] }
							}
						},
						{
							"name": "leaf17",
							"from": [ 0.47, 6.0999, 4.2 ],
							"to": [ 1.97, 6.0999, 6.7 ],
							"rotationOrigin": [ 0.51, 6.0999, 4.2 ],
							"rotationX": 179.4684,
							"rotationY": -27.9954,
							"rotationZ": 168.8675,
							"faces": {
								"up": { "texture": "#hibiscus", "uv": [ 9.0, 12.0, 11.5, 16.0 ], "autoUv": false, "windMode": [1,1,1,1] }
							}
						},
						{
							"name": "leaf16",
							"from": [ -3.1837, 5.652, -7.6444 ],
							"to": [ -1.6837, 5.652, -5.1444 ],
							"rotationOrigin": [ -1.8837, 4.652, -3.0444 ],
							"rotationX": -166.382,
							"rotationY": 28.6879,
							"rotationZ": 172.1041,
							"faces": {
								"up": { "texture": "#hibiscus", "uv": [ 9.5, 13.5, 11.0, 16.0 ], "windMode": [1,1,1,1] }
							}
						},
						{
							"name": "leaf2",
							"from": [ -0.9837, 4.952, -3.4444 ],
							"to": [ 0.5163, 4.952, -0.9444 ],
							"rotationOrigin": [ -1.8837, 4.652, -3.0444 ],
							"rotationX": 11.2784,
							"rotationY": -20.9741,
							"rotationZ": 22.9109,
							"faces": {
								"up": { "texture": "#hibiscus", "uv": [ 9.5, 13.5, 11.0, 16.0 ], "windMode": [1,1,1,1] }
							}
						},
						{
							"name": "leaf14",
							"from": [ 1.1431, 2.4025, -2.2755 ],
							"to": [ 2.6431, 2.4025, 0.2245 ],
							"rotationOrigin": [ 2.4431, 1.4025, 2.3245 ],
							"rotationX": -8.8639,
							"rotationY": -17.3588,
							"rotationZ": 21.4312,
							"faces": {
								"up": { "texture": "#hibiscus", "uv": [ 9.5, 13.5, 11.0, 16.0 ], "windMode": [0,0,0,0] }
							}
						},
						{
							"name": "leaf15",
							"from": [ 3.3431, 1.7025, 1.9245 ],
							"to": [ 4.8431, 1.7025, 4.4245 ],
							"rotationOrigin": [ 2.4431, 1.4025, 2.3245 ],
							"rotationX": 169.2574,
							"rotationY": 9.5698,
							"rotationZ": 175.0072,
							"faces": {
								"up": { "texture": "#hibiscus", "uv": [ 9.5, 13.5, 11.0, 16.0 ], "windMode": [0,0,0,0] }
							}
						},
						{
							"name": "leaf12",
							"from": [ 3.9, 5.2, -1.44 ],
							"to": [ 5.4, 5.2, 1.06 ],
							"rotationOrigin": [ 3.6, 4.9, -1.1 ],
							"rotationX": 140.0396,
							"rotationY": -56.539,
							"rotationZ": 124.8745,
							"faces": {
								"up": { "texture": "#hibiscus", "uv": [ 9.5, 12.5, 11.5, 16.0 ], "autoUv": false, "windMode": [1,1,1,1] }
							}
						},
						{
							"name": "leaf13",
							"from": [ -0.55, 4.0999, -4.2 ],
							"to": [ 0.95, 4.0999, -1.7 ],
							"rotationOrigin": [ -0.51, 4.0999, -4.2 ],
							"rotationX": 0.5316,
							"rotationY": 27.9954,
							"rotationZ": -11.1326,
							"faces": {
								"up": { "texture": "#hibiscus", "uv": [ 9.0, 12.0, 11.5, 16.0 ], "autoUv": false, "windMode": [1,1,1,1] }
							}
						},
						{
							"name": "leaf3",
							"from": [ 0.1423, 4.2889, 3.3674 ],
							"to": [ 1.6423, 4.2889, 5.8674 ],
							"rotationOrigin": [ -0.1577, 3.9889, 3.7074 ],
							"rotationX": 156.1937,
							"rotationY": 43.0152,
							"rotationZ": 170.3729,
							"faces": {
								"up": { "texture": "#hibiscus", "uv": [ 9.5, 12.5, 11.5, 16.0 ], "autoUv": false, "windMode": [1,1,0,1] }
							}
						},
						{
							"name": "leaf11",
							"from": [ 4.0211, 3.5942, 0.6763 ],
							"to": [ 5.5211, 3.5942, 3.1763 ],
							"rotationOrigin": [ 4.0611, 3.5942, 0.6763 ],
							"rotationX": 30.5673,
							"rotationY": -76.7053,
							"rotationZ": 21.8784,
							"faces": {
								"up": { "texture": "#hibiscus", "uv": [ 9.0, 12.0, 11.5, 16.0 ], "autoUv": false, "windMode": [1,1,1,1] }
							}
						},
						{
							"name": "leaf9",
							"from": [ -4.2885, 4.801, -4.4639 ],
							"to": [ -2.7885, 4.801, -1.9639 ],
							"rotationOrigin": [ -2.9885, 3.801, 0.1361 ],
							"rotationX": -156.1909,
							"rotationY": -19.953,
							"rotationZ": -137.4271,
							"faces": {
								"up": { "texture": "#hibiscus", "uv": [ 9.5, 13.5, 11.0, 16.0 ], "windMode": [0,1,1,0] }
							}
						},
						{
							"name": "leaf10",
							"from": [ -2.0885, 4.101, -0.2639 ],
							"to": [ -0.5885, 4.101, 2.2361 ],
							"rotationOrigin": [ -2.9885, 3.801, 0.1361 ],
							"rotationX": 28.8702,
							"rotationY": 26.4646,
							"rotationZ": -28.5718,
							"faces": {
								"up": { "texture": "#hibiscus", "uv": [ 9.5, 13.5, 11.0, 16.0 ], "windMode": [1,0,0,1] }
							}
						},
						{
							"name": "leaf8",
							"from": [ -1.9, 2.0, -8.1 ],
							"to": [ -0.4, 2.0, -5.6 ],
							"rotationOrigin": [ -0.6, 1.0, -3.5 ],
							"rotationX": -180.0,
							"rotationY": 53.0,
							"rotationZ": -172.0,
							"faces": {
								"up": { "texture": "#hibiscus", "uv": [ 9.5, 13.5, 11.0, 16.0 ], "windMode": [0,0,0,0] }
							}
						},
						{
							"name": "leaf",
							"from": [ 0.3, 1.3, -3.9 ],
							"to": [ 1.8, 1.3, -1.4 ],
							"rotationOrigin": [ -0.6, 1.0, -3.5 ],
							"rotationY": -45.0,
							"rotationZ": 8.0,
							"faces": {
								"up": { "texture": "#hibiscus", "uv": [ 9.5, 13.5, 11.0, 16.0 ], "windMode": [0,0,0,0] }
							}
						}
					]
				}
			]
		}
	]}