{
			"money": { "avg": 100, "var": 20 },
//Продаж
			"selling": {
				"maxItems": 8,
				"list": [
					{
						"code": "game:nightvisiondevice",
						"type": "item",
						"stacksize": 1,
						"stock": {
							"avg": 1,
							"var": 0.5
						},
						"price": {
							"avg": 200,
							"var": 20.5
						}
					},
					{
						"code": "game:riftward",
						"type": "block",
						"stacksize": 1,
						"stock": {
							"avg": 1,
							"var": 0.5
						},
						"price": {
							"avg": 65,
							"var": 20.5
						}
					},
					{
						"code": "game:basereturnteleporter",
						"type": "block",
						"stacksize": 1,
						"stock": {
							"avg": 1,
							"var": 0.5
						},
						"price": {
							"avg": 180,
							"var": 40
						}
					},
					{
						"code": "game:corpsereturnteleporter-north",
						"type": "block",
						"stacksize": 1,
						"stock": {
							"avg": 1,
							"var": 0.5
						},
						"price": {
							"avg": 300,
							"var": 40
						}
					},
					{
						"code": "game:gear-temporal",
						"type": "item",
						"stacksize": 1,
						"stock": {
							"avg": 4,
							"var": 0.5
						},
						"price": {
							"avg": 5,
							"var": 0.5
						}
					},
					{
						"code": "game:ingot-lead",
						"type": "item",
						"stacksize": 1,
						"stock": {
							"avg": 4,
							"var": 0.5
						},
						"price": {
							"avg": 6,
							"var": 0.5
						}
					},
                    {
						"code": "game:spear-generic-hacking",
						"type": "item",
						"stacksize": 1,
						"stock": {
							"avg": 4,
							"var": 0.5
						},
						"price": {
							"avg": 25,
							"var": 2.5
						}
					},
					{
                        "code": "game:resonator-north",
                        "type": "block",
                        "stacksize": 1,
                        "stock": {
                            "avg": 1,
                            "var": 0.25
                        },
                        "price": {
                            "avg": 30,
                             "var": 7.5
                        }
                    },
				]
			},
//Купівля
			"buying": {
				"maxItems": 8,
				"list": [
					{
						"code": "game:jonasframes-gearbox01",
						"type": "item",
						"stacksize": 1,
						"stock": {
							"avg": 1.5,
							"var": 0.25
						},
						"price": {
							"avg": 9,
							"var": 1.5
						}
					},
					{
						"code": "game:jonasframes-gearbox02",
						"type": "item",
						"stacksize": 1,
						"stock": {
							"avg": 1.5,
							"var": 0.25
						},
						"price": {
							"avg": 12,
							"var": 1.5
						}
					},
					{
						"code": "game:jonasframes-oscillator01",
						"type": "item",
						"stacksize": 1,
						"stock": {
							"avg": 1.5,
							"var": 0.25
						},
						"price": {
							"avg": 3,
							"var": 1.5
						}
					},
					{
						"code": "game:jonasframes-spring01",
						"type": "item",
						"stacksize": 1,
						"stock": {
							"avg": 1.5,
							"var": 0.25
						},
						"price": {
							"avg": 10,
							"var": 1.5
						}
					},
					{
						"code": "game:jonasframes-joint01",
						"type": "item",
						"stacksize": 1,
						"stock": {
							"avg": 1.5,
							"var": 0.25
						},
						"price": {
							"avg": 1,
							"var": 0.25
						}
					},
					{
						"code": "game:jonasframes-gears01",
						"type": "item",
						"stacksize": 1,
						"stock": {
							"avg": 1.5,
							"var": 0.25
						},
						"price": {
							"avg": 2,
							"var": 0.25
						}
					},
					{
						"code": "game:jonasframes-gears02",
						"type": "item",
						"stacksize": 1,
						"stock": {
							"avg": 1.5,
							"var": 0.25
						},
						"price": {
							"avg": 4,
							"var": 1.5
						}
					},
					{
						"code": "game:jonasparts-connector01",
						"type": "item",
						"stacksize": 1,
						"stock": {
							"avg": 1.5,
							"var": 0.25
						},
						"price": {
							"avg": 3,
							"var": 1.5
						}
					},
					{
						"code": "game:jonasparts-cylinder01",
						"type": "item",
						"stacksize": 1,
						"stock": {
							"avg": 1.5,
							"var": 0.25
						},
						"price": {
							"avg": 9,
							"var": 1.5
						}
					},
					{
						"code": "game:jonasparts-cylinder02",
						"type": "item",
						"stacksize": 1,
						"stock": {
							"avg": 1.5,
							"var": 0.25
						},
						"price": {
							"avg": 3,
							"var": 1.5
						}
					},
					{
						"code": "game:jonasparts-tank01",
						"type": "item",
						"stacksize": 1,
						"stock": {
							"avg": 1.5,
							"var": 0.25
						},
						"price": {
							"avg": 10,
							"var": 1.5
						}
					},
					{
						"code": "game:jonasparts-tank02",
						"type": "item",
						"stacksize": 1,
						"stock": {
							"avg": 1.5,
							"var": 0.25
						},
						"price": {
							"avg": 4,
							"var": 1.5
						}
					},
					{
						"code": "game:jonasparts-valve01",
						"type": "item",
						"stacksize": 1,
						"stock": {
							"avg": 1.5,
							"var": 0.25
						},
						"price": {
							"avg": 2,
							"var": 1.25
						}
					},
					{
						"code": "game:returndeath-returndeath1",
						"type": "item",
						"stacksize": 1,
						"stock": {
							"avg": 1.5,
							"var": 0.25
						},
						"price": {
							"avg": 9,
							"var": 1.25
						}
					},
					{
						"code": "game:returndeath-returndeath2",
						"type": "item",
						"stacksize": 1,
						"stock": {
							"avg": 1.5,
							"var": 0.25
						},
						"price": {
							"avg": 15,
							"var": 1.25
						}
					},
					{
						"code": "game:returnbase-returnbasebottom",
						"type": "item",
						"stacksize": 1,
						"stock": {
							"avg": 1.5,
							"var": 0.25
						},
						"price": {
							"avg": 11,
							"var": 1.25
						}
					},
					{
						"code": "game:returnbase-returnbasetop",
						"type": "item",
						"stacksize": 1,
						"stock": {
							"avg": 1.5,
							"var": 0.25
						},
						"price": {
							"avg": 18,
							"var": 1.25
						}
					},
					{
						"code": "game:returnbase-returnbaseend",
						"type": "item",
						"stacksize": 1,
						"stock": {
							"avg": 1.5,
							"var": 0.25
						},
						"price": {
							"avg": 18,
							"var": 1.25
						}
					},
					{
						"code": "game:nightvisionupgrades-nightvisionpower",
						"type": "item",
						"stacksize": 1,
						"stock": {
							"avg": 1.5,
							"var": 0.25
						},
						"price": {
							"avg": 20,
							"var": 1.25
						}
					},
					{
						"code": "game:nightvisionupgrades-nightvisionlens1",
						"type": "item",
						"stacksize": 1,
						"stock": {
							"avg": 1.5,
							"var": 0.25
						},
						"price": {
							"avg": 5,
							"var": 1.25
						}
					},
					{
						"code": "game:nightvisionupgrades-nightvisionlens2",
						"type": "item",
						"stacksize": 1,
						"stock": {
							"avg": 1.5,
							"var": 0.25
						},
						"price": {
							"avg": 8,
							"var": 1.25
						}
					},                  
				]
			}
}
