{
	"code": "candle",
	"class": "ItemCandle",
	"variantgroups": [
        {
            "code": "color",
            "states": [ "chamomile", "hibiscus", "lavender", "calendula", "mint" ]
        }
    ],
	"attributes": {
		"blockfirstcodepart": "soaplyeandbloom:{color}bunchocandles",
		"displaycaseable": true, 
		"shelvable": true,
		"onDisplayTransform": {
			"origin": { "x": 0.5, "y": 0, "z": 0.5 },
			"scale": 0.75
		}
	},
	"storageFlags": 257,
	"lightHsv": [7, 7, 7],
	"maxstacksize": 32,
	"shape": { "base": "game:block/wax/candle3" },
	"texturesByType": {
        "*-chamomile": { "candle": { "base": "soaplyeandbloom:block/wax/candle-chamomile" } },
		"*-hibiscus": { "candle": { "base": "soaplyeandbloom:block/wax/candle-hibiscus" } },
		"*-lavender": { "candle": { "base": "soaplyeandbloom:block/wax/candle-lavender" } },
		"*-calendula": { "candle": { "base": "soaplyeandbloom:block/wax/candle-calendula" } },
		"*-mint": { "candle": { "base": "soaplyeandbloom:block/wax/candle-mint" } }
    },
	"creativeinventory": { "general": ["*"], "items": ["*"], "soaplyeandbloom": ["*"] },
	"combustibleProps": {
		"burnTemperature": 700,
		"burnDuration": 8
	},
	"materialDensity": 200,
	"guiTransform": {
		"translation": { "x": 1, "y": 4, "z": 0 },
		"rotation": { "x": -180, "y": 36, "z": -29 },
		"origin": { "x": 0.5, "y": 0.11, "z": 0.5 },
		"scale": 4	
	},
	"fpHandTransform": {
		"translation": { "x": 0, "y": 0.16, "z": 0 },
		"rotation": { "x": 1, "y": 88, "z": -5 },
		"origin": { "x": 0.5, "y": 0.1, "z": 0.5 },
		"scale": 2.63
	},
	"tpHandTransform": {
		"translation": { "x": -1.25, "y": -0.7, "z": -0.8 },
		"rotation": { "x": 0, "y": -12, "z": -83 },
		"scale": 0.66
	},
	"groundTransform": {
		"translation": { "x": 0, "y": 0, "z": 0 },
		"rotation": { "x": 3, "y": 1, "z": 0 },
		"origin": { "x": 0.5, "y": 0, "z": 0.5 },
		"scale": 4
	}
}