{
	"code": "door-crude-advanced",
	"class": "BlockGeneric",
	"entityClass": "Generic",
	"__comment1": "Lockable behavior first so that it prevents subsequent Door behavior if it is locked",
	"variantgroups": [ { "code": "type", "states": [ "", "straw" ] } ],
	"behaviors": [ 
		{ "name": "Lockable" },
		{ "name": "Door" }, 
		{ "name": "BlockEntityInteract" }
	],
	"entityBehaviors": [ { "name": "Door" } ],
	"attributes": {
		"width": 1,
		"height": 2,
		"openSound": "game:sounds/block/door",
		"closeSound": "game:sounds/block/door",
		"easingSpeed": 10
	},
	"attributesByType": {
		"*-straw": {
			"airtight": true
		},
		"*": {
			"airtight": false,
			"handbook": { "groupBy": ["door-crude-advanced-*"] }
		},
	},
	"creativeinventory": { "bradysthings": [ "*" ], "decorative": [ "*" ], "general": [ "*" ] },
	"shapeByType": {
		"*-straw": { "base": "block/wood/door/crude-advanced-straw.json" },
		"*": { "base": "block/wood/door/crude-advanced.json" }
	},
	"__comment2": "Needs to be no cull pass because for double doors we flip x coords, but indices don't change so i believe that inverts the winding order, making the graphics card believe the face is facing the other direction",
	"renderPass": "OpaqueNoCull",
	"faceCullMode": "NeverCull",
	"blockmaterial": "Wood",
	"heldTpIdleAnimation": "holdunderarm",
	"replaceable": 500,
	"resistance": 2,
	"lightAbsorption": 0,
    "sideAo": { "all": false },
	"sidesolid": { "all": false },
	"sideopaque": { "all": false },
	"guiTransform": {
        "translation": { "x": -3, "y": 0, "z": 0 },
        "origin": { "x": 0.49, "y": 1, "z": 0.8 },
        "scaleXyz": { "x": -0.73, "y": 0.73, "z": 0.73 }
	},
	"fpHandTransform": {
		"translation": { "x": -0.77, "y": 0.18, "z": 0.72 },
		"rotation": { "x": 98, "y": 42, "z": 0 },
		"origin": { "x": 0.5, "y": 0.7, "z": 1 },
		"scale": 1.11
	},
	"tpHandTransform": {
		"translation": { "x": -0.74, "y": -1.22, "z": -1.3 },
		"rotation": { "x": 15, "y": -17, "z": 59 },
		"origin": { "x": 0.5, "y": 1, "z": 1 },
		"scale": 0.71
	},
	"groundTransform": {
		"translation": { "x": 0, "y": 0, "z": 0 },
		"rotation": { "x": -90, "y": 0, "z": 0 },
		"origin": { "x": 0.5, "y": 1, "z": 0.85 },
		"scale": 3
	},
	"selectionbox": { "x1": 0, "y1": 0, "z1": 0.875, "x2": 1, "y2": 1, "z2": 1 },
	"collisionbox": { "x1": 0, "y1": 0, "z1": 0.875, "x2": 1, "y2": 1, "z2": 1 },
	"combustibleProps": { "burnTemperature": 600,"burnDuration": 25 },
	"sounds": {
		"place": "game:block/planks",
		"hit": "game:block/planks",
		"break": "game:block/planks",
		"walk": "game:walk/wood",
		"//ambient": "block/wind-1-44149.ogg",
			"//ambientBlockCount": 40
	},
	"materialDensity": 600,
	"dropsByType": {
		"*-straw": [ { "type": "item", "code": "caspart" } ],
		"*-advanced": [ { "type": "block", "code": "game:door-crude" } ]
	}
}