{
	"code": "parchmentpane",
	"class": "BlockGlassPane",
	"blockmaterial": "Glass",
	"drawtype": "json",
	"variantgroups": [
		{ "code": "style", "states": ["oiled", "scraped"] },
		{ "code": "type", "states": ["ew", "ns"] }
	],
	"creativeinventory": { "bradysthings": [ "*-ew" ], "construction": [ "*-ew" ], "general": [ "*-ew" ] },
	"attributesByType": {
		"*-ew": {
			"handbook": { "groupBy": ["parchmentpane-*"] }
		},
		"*-ns": {
			"handbook": { "exclude": true }
		}
	},
	"shapeByType": {
		"*-ew": {
			"base": "block/wood/pane/parchment", "rotateY": 0,
			"alternates": [
				{ "rotateY": 0, "rotateX": -180 },
				{ "rotateY": 0, "rotateX": -90 },
				{ "rotateY": 0, "rotateX": 90 },
				{ "rotateY": 0, "rotateX": 180 },
				{ "rotateY": 180, "rotateX": -180 },
				{ "rotateY": 180, "rotateX": -90 },
				{ "rotateY": 180, "rotateX": 0 },
				{ "rotateY": 180, "rotateX": 90 },
				{ "rotateY": 180, "rotateX": 180 }
			]
		},
		"*-ns": {
			"base": "block/wood/pane/parchment", "rotateY": 90,
			"alternates": [
				{ "rotateY": -90 },
				{ "base": "block/wood/pane/parchment-ns1", "rotateY": 90 },
				{ "base": "block/wood/pane/parchment-ns1", "rotateY": -90 },
				{ "base": "block/wood/pane/parchment-ns2", "rotateY": 90 },
				{ "base": "block/wood/pane/parchment-ns2", "rotateY": -90 }
			]
		}
	},
	"texturesByType": {
		"*-oiled-*": {
			"oak": { "base": "game:block/wood/debarked/oak" },
			"glass": { "base": "block/hide/{style}/parchment", "alpha": 217 }
		},
		"*-scraped-*": { 
			"oak": { "base": "game:block/wood/debarked/oak" },
			"glass": { "base": "block/hide/{style}/parchment", "alpha": 217 }
		}
	},
	"replaceable": 900,
	"lightAbsorption": 0,
	"resistance": 0.2,
	"sidesolid": {
		"all": false
	},
	"sideopaque": {
		"all": false
	},
	"sounds": {
		"place": "game:player/buildhigh",
		"break": "game:block/leather",
		"hit": "block/parchment.ogg",
		"walk": "game:walk/wood",
		"ambient": "environment/raincanvas.ogg",
		"ambientBlockCount": 4,
		"ambientSoundType": "Weather",
		"ambientMaxDistanceMerge": 1
	},
	"collisionselectionboxByType": {
		"*-ew": { "x1": 0.425, "y1": 0, "z1": 0, "x2": 0.575, "y2": 1, "z2": 1 },
		"*-ns": { "x1": 0, "y1": 0, "z1": 0.425, "x2": 1, "y2": 1, "z2": 0.575 }
	},
	"groundTransform": {
		"origin": { "x": 0.5, "y": -0.01, "z": 0.5 },
	},
	"heldTpIdleAnimation": "holdbothhandslarge", "heldRightReadyAnimation": "heldblockready", "heldTpUseAnimation": "twohandplaceblock",
	"tpHandTransform": {
		"translation": { "x": -1.23, "y": -1.41, "z": -0.8 },
		"rotation": { "x": 11, "y": 23, "z": -88 },
		"scale": 0.4
	}
}