[
{
  "enabled": false,
	"ingredientPattern": "D_D,DDD",
	"ingredients": {
		"D": { 
      "type": "item", 
      "code": "game:clay-*", 
      "name": "type",
      "allowedVariants": [
        "azure",
        "black",
        "brown",
        "gray",
        "green",
        "crimson",
        "orange",
        "pink",
        "purple",
        "yellow"
      ],
      "quanity": 1
    }
	},
	"width": 3,
	"height": 2,
	"output": { 
    "type": "block", 
    "code": "clayworks:bowl-{type}-raw", 
    "quantity": 4  
  }
},
{
  "enabled": false,
	"ingredientPattern": "D_D,DDD",
	"ingredients": {
		"D": { 
      "type": "item", 
      "code": "game:clay-snow", 
      "quanity": 1
    }
	},
	"width": 3,
	"height": 2,
	"output": { 
    "type": "block", 
    "code": "clayworks:bowl-white-raw", 
    "quantity": 4  
  }
}
]
