[
{
  "enabled": false,
	"ingredientPattern": "DD,DD",
	"ingredients": {
		"D": { 
      "type": "item", 
      "code": "game:clay-*", 
      "name": "type",
      "allowedVariants": [
        "azure",
        "black",
        "brown",
        "gray",
        "green",
        "crimson",
        "orange",
        "pink",
        "purple",
        "yellow"
      ]
    }
	},
	"width": 2,
	"height": 2,
	"output": { 
    "type": "item", 
    "code": "clayworks:brick-{type}-raw", 
    "quantity": 1  
  }
},
{
  "enabled": false,
	"ingredientPattern": "DD,DD",
	"ingredients": {
		"D": { 
      "type": "item", 
      "code": "game:clay-snow", 
    }
	},
	"width": 2,
	"height": 2,
	"output": { 
    "type": "item", 
    "code": "clayworks:brick-white-raw", 
    "quantity": 1  
  }
}
]
