[
  {
  "enabled": false,
	"ingredientPattern": "DDD,_B_",
	"ingredients": {
		"D": { 
      "type": "item", 
      "code": "game:clay-azure", 
      "quanity": 1
    },
		"B": { 
      "type": "block", 
      "code": "clayworks:barrel-azure-raw", 
      "quanity": 1
    }
	},
	"width": 3,
	"height": 2,
	"output": { 
    "type": "block", 
    "code": "clayworks:storagevessel-azure-raw", 
    "quantity": 1  
  }
},
  {
  "enabled": false,
	"ingredientPattern": "DDD,_B_",
	"ingredients": {
		"D": { 
      "type": "item", 
      "code": "game:clay-crimson", 
      "quanity": 1
    },
		"B": { 
      "type": "block", 
      "code": "clayworks:barrel-crimson-raw", 
      "quanity": 1
    }
	},
	"width": 3,
	"height": 2,
	"output": { 
    "type": "block", 
    "code": "clayworks:storagevessel-crimson-raw", 
    "quantity": 1  
  }
},
{
  "enabled": false,
	"ingredientPattern": "DDD,_B_",
	"ingredients": {
		"D": { 
      "type": "item", 
      "code": "game:clay-brown", 
      "quanity": 1
    },
		"B": { 
      "type": "block", 
      "code": "clayworks:barrel-brown-raw", 
      "quanity": 1
    }
	},
	"width": 3,
	"height": 2,
	"output": { 
    "type": "block", 
    "code": "clayworks:storagevessel-brown-raw", 
    "quantity": 1  
  }
},
{
  "enabled": false,
	"ingredientPattern": "DDD,_B_",
	"ingredients": {
		"D": { 
      "type": "item", 
      "code": "game:clay-gray", 
      "quanity": 1
    },
		"B": { 
      "type": "block", 
      "code": "clayworks:barrel-gray-raw", 
      "quanity": 1
    }
	},
	"width": 3,
	"height": 2,
	"output": { 
    "type": "block", 
    "code": "clayworks:storagevessel-gray-raw", 
    "quantity": 1  
  }
},
{
  "enabled": false,
	"ingredientPattern": "DDD,_B_",
	"ingredients": {
		"D": { 
      "type": "item", 
      "code": "game:clay-green", 
      "quanity": 1
    },
		"B": { 
      "type": "block", 
      "code": "clayworks:barrel-green-raw", 
      "quanity": 1
    }
	},
	"width": 3,
	"height": 2,
	"output": { 
    "type": "block", 
    "code": "clayworks:storagevessel-green-raw", 
    "quantity": 1  
  }
},
{
  "enabled": false,
	"ingredientPattern": "DDD,_B_",
	"ingredients": {
		"D": { 
      "type": "item", 
      "code": "game:clay-black", 
      "quanity": 1
    },
		"B": { 
      "type": "block", 
      "code": "clayworks:barrel-black-raw", 
      "quanity": 1
    }
	},
	"width": 3,
	"height": 2,
	"output": { 
    "type": "block", 
    "code": "clayworks:storagevessel-black-raw", 
    "quantity": 1  
  }
},
{
  "enabled": false,
	"ingredientPattern": "DDD,_B_",
	"ingredients": {
		"D": { 
      "type": "item", 
      "code": "game:clay-orange", 
      "quanity": 1
    },
		"B": { 
      "type": "block", 
      "code": "clayworks:barrel-orange-raw", 
      "quanity": 1
    }
	},
	"width": 3,
	"height": 2,
	"output": { 
    "type": "block", 
    "code": "clayworks:storagevessel-orange-raw", 
    "quantity": 1  
  }
},
{
  "enabled": false,
	"ingredientPattern": "DDD,_B_",
	"ingredients": {
		"D": { 
      "type": "item", 
      "code": "game:clay-pink", 
      "quanity": 1
    },
		"B": { 
      "type": "block", 
      "code": "clayworks:barrel-pink-raw", 
      "quanity": 1
    }
	},
	"width": 3,
	"height": 2,
	"output": { 
    "type": "block", 
    "code": "clayworks:storagevessel-pink-raw", 
    "quantity": 1  
  }
},
{
  "enabled": false,
	"ingredientPattern": "DDD,_B_",
	"ingredients": {
		"D": { 
      "type": "item", 
      "code": "game:clay-purple", 
      "quanity": 1
    },
		"B": { 
      "type": "block", 
      "code": "clayworks:barrel-purple-raw", 
      "quanity": 1
    }
	},
	"width": 3,
	"height": 2,
	"output": { 
    "type": "block", 
    "code": "clayworks:storagevessel-purple-raw", 
    "quantity": 1  
  }
},
{
  "enabled": false,
	"ingredientPattern": "DDD,_B_",
	"ingredients": {
		"D": { 
      "type": "item", 
      "code": "game:clay-snow", 
      "quanity": 1
    },
		"B": { 
      "type": "block", 
      "code": "clayworks:barrel-white-raw", 
      "quanity": 1
    }
	},
	"width": 3,
	"height": 2,
	"output": { 
    "type": "block", 
    "code": "clayworks:storagevessel-white-raw", 
    "quantity": 1  
  }
},
{
  "enabled": false,
	"ingredientPattern": "DDD,_B_",
	"ingredients": {
		"D": { 
      "type": "item", 
      "code": "game:clay-yellow", 
      "quanity": 1
    },
		"B": { 
      "type": "block", 
      "code": "clayworks:barrel-yellow-raw", 
      "quanity": 1
    }
	},
	"width": 3,
	"height": 2,
	"output": { 
    "type": "block", 
    "code": "clayworks:storagevessel-yellow-raw", 
    "quantity": 1  
  }
},
{
  "enabled": false,
	"ingredientPattern": "DDD,_B_",
	"ingredients": {
		"D": { 
      "type": "item", 
      "code": "game:clay-red", 
      "quanity": 1
    },
		"B": { 
      "type": "block", 
      "code": "clayworks:barrel-naturalred-raw", 
      "quanity": 1
    }
	},
	"width": 3,
	"height": 2,
	"output": { 
    "type": "block", 
    "code": "clayworks:storagevessel-naturalred-raw", 
    "quantity": 1  
  }
},
{
  "enabled": false,
	"ingredientPattern": "DDD,_B_",
	"ingredients": {
		"D": { 
      "type": "item", 
      "code": "game:clay-fire", 
      "quanity": 1
    },
		"B": { 
      "type": "block", 
      "code": "clayworks:barrel-naturalfire-raw", 
      "quanity": 1
    }
	},
	"width": 3,
	"height": 2,
	"output": { 
    "type": "block", 
    "code": "clayworks:storagevessel-naturalfire-raw", 
    "quantity": 1  
  }
},
{
  "enabled": false,
	"ingredientPattern": "DDD,_B_",
	"ingredients": {
		"D": { 
      "type": "item", 
      "code": "game:clay-blue", 
      "quanity": 1
    },
		"B": { 
      "type": "block", 
      "code": "clayworks:barrel-naturalblue-raw", 
      "quanity": 1
    }
	},
	"width": 3,
	"height": 2,
	"output": { 
    "type": "block", 
    "code": "clayworks:storagevessel-naturalblue-raw", 
    "quantity": 1  
  }
}
]
