{
    "code": "humanoid-villager",
    "class": "EntityTrader",
    "canClimb": true,
    "hitboxSize": {
        "x": 0.5,
        "y": 1.75
    },
    "deadHitboxSize": {
        "x": 0.75,
        "y": 0.5
    },
    "variantGroups": [
        {
            "code": "sex",
            "states": [
                "male",
                "female"
            ]
        },
        {
            "code": "profession",
            "states": [
                "trader"
            ]
        }
    ],
    "client": {
        "renderer": "Shape",
        "shape": {
            "base": "game:entity/humanoid/trader"
        },
        "texture": {
            "base": "game:entity/humanoid/trader",
            "alternates": [
                {
                    "base": "game:entity/humanoid/traderclothes/set1"
                },
                {
                    "base": "game:entity/humanoid/traderclothes/set2"
                },
                {
                    "base": "game:entity/humanoid/traderclothes/set3"
                },
                {
                    "base": "game:entity/humanoid/traderclothes/set4"
                },
                {
                    "base": "game:entity/humanoid/traderclothes/set5"
                }
            ]
        },
        "behaviors": [
            {
                "code": "nametag",
                "showtagonlywhentargeted": true
            },
            {
                "code": "repulseagents"
            },
            {
                "code": "controlledphysics",
                "stepHeight": 1.01
            },
            {
                "code": "interpolateposition"
            },
            {
                "code": "conversable",
                "dialogue": "vsvillage:config/dialogue/trader"
            },
            {
                "code": "Villager",
                "profession": "trader"
            }
        ],
        "animations": [
            {
                "code": "die",
                "animation": "die",
                "animationSpeed": 1.75,
                "weight": 10,
                "blendMode": "AddAverage"
            },
            {
                "code": "hurt",
                "animation": "hurt",
                "animationSpeed": 2,
                "blendMode": "AddAverage"
            },
            {
                "code": "rowdywelcome",
                "animation": "rowdywelcome",
                "blendMode": "AddAverage"
            },
            {
                "code": "lazywelcome",
                "animation": "lazywelcome",
                "blendMode": "AddAverage"
            },
            {
                "code": "lazynod",
                "animation": "lazynod",
                "blendMode": "AddAverage"
            }
        ]
    },
    "attributes": {
        "poulticeRevive": true,
        "tradeProps": {
            "money": {
                "avg": 30,
                "var": 10
            },
            "selling": {
                "maxItems": 14,
                "list": [
                    {
                        "code": "vsvillage:workstation-soldier-east",
                        "type": "block",
                        "stacksize": 1,
                        "stock": {
                            "avg": 2,
                            "var": 1
                        },
                        "price": {
                            "avg": 6,
                            "var": 2
                        }
                    },
                    {
                        "code": "vsvillage:workstation-farmer-east",
                        "type": "block",
                        "stacksize": 1,
                        "stock": {
                            "avg": 2,
                            "var": 1
                        },
                        "price": {
                            "avg": 6,
                            "var": 2
                        }
                    },
                    {
                        "code": "vsvillage:workstation-shepherd-east",
                        "type": "block",
                        "stacksize": 1,
                        "stock": {
                            "avg": 2,
                            "var": 1
                        },
                        "price": {
                            "avg": 6,
                            "var": 2
                        }
                    },
                    {
                        "code": "vsvillage:workstation-mayor-east",
                        "type": "block",
                        "stacksize": 1,
                        "stock": {
                            "avg": 2,
                            "var": 1
                        },
                        "price": {
                            "avg": 6,
                            "var": 2
                        }
                    },
                    {
                        "code": "vsvillage:workstation-smith-east",
                        "type": "block",
                        "stacksize": 1,
                        "stock": {
                            "avg": 2,
                            "var": 1
                        },
                        "price": {
                            "avg": 6,
                            "var": 2
                        }
                    },
                    {
                        "code": "vsvillage:workstation-herbalist-east",
                        "type": "block",
                        "stacksize": 1,
                        "stock": {
                            "avg": 2,
                            "var": 1
                        },
                        "price": {
                            "avg": 6,
                            "var": 2
                        }
                    },
                    {
                        "code": "vsvillage:workstation-trader-east",
                        "type": "block",
                        "stacksize": 1,
                        "stock": {
                            "avg": 2,
                            "var": 1
                        },
                        "price": {
                            "avg": 6,
                            "var": 2
                        }
                    },
                    {
                        "code": "vsvillage:brazier-extinct",
                        "type": "block",
                        "stacksize": 1,
                        "stock": {
                            "avg": 2,
                            "var": 1
                        },
                        "price": {
                            "avg": 8,
                            "var": 2
                        }
                    },
                    {
                        "code": "vsvillage:waypoint",
                        "type": "block",
                        "stacksize": 8,
                        "stock": {
                            "avg": 2,
                            "var": 1
                        },
                        "price": {
                            "avg": 6,
                            "var": 2
                        }
                    },
                    {
                        "code": "vsvillage:villagebed-blueplaid-east",
                        "type": "block",
                        "stacksize": 1,
                        "stock": {
                            "avg": 8,
                            "var": 2
                        },
                        "price": {
                            "avg": 2,
                            "var": 1
                        }
                    },
                    {
                        "code": "vsvillage:villagebed-whiteplaid-east",
                        "type": "block",
                        "stacksize": 1,
                        "stock": {
                            "avg": 8,
                            "var": 2
                        },
                        "price": {
                            "avg": 2,
                            "var": 1
                        }
                    },
                    {
                        "code": "vsvillage:villagebed-pine-east",
                        "type": "block",
                        "stacksize": 1,
                        "stock": {
                            "avg": 8,
                            "var": 2
                        },
                        "price": {
                            "avg": 2,
                            "var": 1
                        }
                    }
                ]
            },
            "buying": {
                "maxItems": 14,
                "list": [
                    {
                        "code": "game:bread-spelt-perfect",
                        "type": "item",
                        "stacksize": 8,
                        "stock": {
                            "avg": 4,
                            "var": 1
                        },
                        "price": {
                            "avg": 2,
                            "var": 0.5
                        }
                    },
                    {
                        "code": "game:bread-rye-perfect",
                        "type": "item",
                        "stacksize": 8,
                        "stock": {
                            "avg": 4,
                            "var": 1
                        },
                        "price": {
                            "avg": 2,
                            "var": 0.5
                        }
                    },
                    {
                        "code": "game:bread-flax-perfect",
                        "type": "item",
                        "stacksize": 8,
                        "stock": {
                            "avg": 4,
                            "var": 1
                        },
                        "price": {
                            "avg": 2,
                            "var": 0.5
                        }
                    },
                    {
                        "code": "game:bread-rice-perfect",
                        "type": "item",
                        "stacksize": 8,
                        "stock": {
                            "avg": 4,
                            "var": 1
                        },
                        "price": {
                            "avg": 2,
                            "var": 0.5
                        }
                    },
                    {
                        "code": "game:redmeat-cooked",
                        "type": "item",
                        "stacksize": 8,
                        "stock": {
                            "avg": 4,
                            "var": 1
                        },
                        "price": {
                            "avg": 2,
                            "var": 0.5
                        }
                    },
                    {
                        "code": "game:poultry-cooked",
                        "type": "item",
                        "stacksize": 8,
                        "stock": {
                            "avg": 4,
                            "var": 1
                        },
                        "price": {
                            "avg": 2,
                            "var": 0.5
                        }
                    },
                    {
                        "code": "game:bushmeat-cooked",
                        "type": "item",
                        "stacksize": 8,
                        "stock": {
                            "avg": 4,
                            "var": 1
                        },
                        "price": {
                            "avg": 1,
                            "var": 0.5
                        }
                    },
                    {
                        "code": "game:fat",
                        "type": "item",
                        "stacksize": 3,
                        "stock": {
                            "avg": 4,
                            "var": 1
                        },
                        "price": {
                            "avg": 2,
                            "var": 0.5
                        }
                    }
                ]
            }
        }
    },
    "server": {
        "attributes": {
            "pathfinder": {
                "minTurnAnglePerSec": 720,
                "maxTurnAnglePerSec": 1440
            }
        },
        "behaviors": [
            {
                "code": "nametag",
                "showtagonlywhentargeted": true,
                "selectFromRandomNameByType": {
                    "*-male-*": [
                        "Aphid",
                        "Erik",
                        "Adachi",
                        "Farhad",
                        "Pegalesharro",
                        "Floyd",
                        "Temper",
                        "En Repos",
                        "Alanus",
                        "Baldrich",
                        "Cuno",
                        "Dominicus",
                        "Ludwig",
                        "Lambert",
                        "Geralt",
                        "Richard",
                        "Wolfram",
                        "Zachäus",
                        "Pippin",
                        "Frodo",
                        "Baggins",
                        "Rudolf",
                        "Marcus",
                        "Benjamin",
                        "Cronos",
                        "Timoleon",
                        "Leonidas",
                        "Xerxes",
                        "Brutus",
                        "William",
                        "Maurinus",
                        "Hubertus"
                    ],
                    "*-female-*": [
                        "Anne",
                        "Agnes",
                        "Adachi",
                        "Farhad",
                        "Bianca",
                        "Hedwig",
                        "Demud",
                        "Imagina",
                        "Johanna",
                        "Judith",
                        "Magdalena",
                        "Philippa",
                        "Methild",
                        "Violante",
                        "Walpurga",
                        "Josephine",
                        "Joana",
                        "Yvonne",
                        "Lisbeth",
                        "Dione",
                        "Diana",
                        "Olivia",
                        "Hermine",
                        "Triss",
                        "Yennefer",
                        "Lucia",
                        "Mirella",
                        "Bernadetta",
                        "Tacia"
                    ]
                }
            },
            {
                "code": "repulseagents"
            },
            {
                "code": "controlledphysics",
                "stepHeight": 1.01
            },
            {
                "code": "deaddecay",
                "hoursToDecay": 96,
                "decayedBlock": "drycarcass-humanoid1"
            },
            {
                "code": "health",
                "currenthealth": 25,
                "maxhealth": 25
            },
            {
                "code": "emotionstates",
                "states": [
                    {
                        "code": "aggressiveondamage",
                        "duration": 6,
                        "chance": 0.6,
                        "slot": 0,
                        "priority": 2,
                        "accumType": "noaccum"
                    },
                    {
                        "code": "fleeondamage",
                        "duration": 10,
                        "chance": 0.4,
                        "slot": 0,
                        "priority": 1,
                        "accumType": "max"
                    }
                ]
            },
            {
                "code": "taskai",
                "aitasks": [
                    {
                        "code": "villagermeleeattack",
                        "entityCodes": [
                            "dont attack by yourself"
                        ],
                        "priority": 2,
                        "damage": 5,
                        "mincooldown": 2500,
                        "maxcooldown": 3500,
                        "attackDurationMs": 900,
                        "damagePlayerAtMs": 300,
                        "animation": "Attack",
                        "animationSpeed": 2
                    },
                    {
                        "code": "villagerseekentity",
                        "entityCodes": [
                            "dont attack by yourself"
                        ],
                        "priority": 1.5,
                        "mincooldown": 1000,
                        "maxcooldown": 1500,
                        "seekingRange": 20,
                        "movespeed": 0.035,
                        "animation": "Run",
                        "animationSpeed": 1.75
                    },
                    {
                        "code": "fleeentity",
                        "entityCodes": [
                            "drifter-*",
                            "locust-*",
                            "bear-*",
                            "wolf-male",
                            "wolf-female",
                            "looter",
                            "hound-*",
                            "bandit-*",
                            "poacher-*",
                            "yeoman-archer"
                        ],
                        "priority": 1.5,
                        "movespeed": 0.035,
                        "seekingRange": 4,
                        "animation": "Run",
                        "animationSpeed": 1.75
                    },
                    {
                        "code": "idle",
                        "priority": 1.2,
                        "minduration": 2500,
                        "maxduration": 2500,
                        "mincooldown": 5000,
                        "maxcooldown": 30000,
                        "animation": "laugh"
                    },
                    {
                        "code": "idle",
                        "priority": 1.2,
                        "minduration": 2500,
                        "maxduration": 2500,
                        "mincooldown": 5000,
                        "maxcooldown": 30000,
                        "animation": "idle2"
                    },
                    {
                        "code": "wander",
                        "priority": 1.0,
                        "movespeed": 0.01,
                        "animation": "Walk",
                        "wanderChance": 0.005,
                        "wanderRangeMin": 1,
                        "wanderRangeMax": 3,
                        "teleportWhenOutOfRange": true,
                        "teleportInGameHours": 1
                    },
                    {
                        "code": "villagergotowork",
                        "priority": 1.4,
                        "movespeed": 0.01,
                        "animation": "Walk",
                        "mincooldown": 30000,
                        "maxcooldown": 60000,
                        "duringDayTimeFrames": [
                            {
                                "fromHour": 7,
                                "toHour": 16
                            }
                        ],
                        "maxdistance": 75
                    },
                    {
                        "code": "villagergotogather",
                        "priority": 1.4,
                        "movespeed": 0.01,
                        "animation": "Walk",
                        "mincooldown": 30000,
                        "maxcooldown": 60000,
                        "duringDayTimeFrames": [
                            {
                                "fromHour": 17,
                                "toHour": 21
                            }
                        ],
                        "maxdistance": 75
                    },
                    {
                        "code": "villagersleep",
                        "priority": 1.4,
                        "movespeed": 0.01,
                        "animation": "Walk",
                        "duringDayTimeFrames": [
                            {
                                "fromHour": 22,
                                "toHour": 25
                            },
                            {
                                "fromHour": -1,
                                "toHour": 6
                            }
                        ]
                    },
                    {
                        "code": "lookaround",
                        "priority": 0.5
                    }
                ]
            },
            {
                "code": "Villager",
                "profession": "trader"
            },
            {
                "code": "conversable",
                "dialogue": "vsvillage:config/dialogue/trader"
            }
        ]
    },
    "sounds": {}
}