[

	{
		ingredientPattern: "CB",
		ingredients: {
			"C": { type: "item", code: "game:chisel-*", isTool: true },
			"B": { type: "block", code: "game:brickcourse-four-running-*", name: "color", allowedVariants: [ "cream", "gray", "black", "tan", "red", "orange", "brown" ] }
		},
		width: 2,
		height: 1,
		output: { type: "block", code: "game:claybricks-uneven-four-running-{color}", quantity: 1  }
	},
	{
		ingredientPattern: "CB",
		ingredients: {
			"C": { type: "item", code: "game:chisel-*", isTool: true },
			"B": { type: "block", code: "game:brickcourse-four-soldier-*", name: "color", skipVariants: [ "clinker" ] }
		},
		width: 2,
		height: 1,
		output: { type: "block", code: "game:claybricks-uneven-four-soldier-{color}", quantity: 1  }
	},
	{
		ingredientPattern: "CB",
		ingredients: {
			"C": { type: "item", code: "game:chisel-*", isTool: true },
			"B": { type: "block", code: "game:brickcourse-four-header-*", name: "color", skipVariants: [ "clinker" ] }
		},
		width: 2,
		height: 1,
		output: { type: "block", code: "game:claybricks-uneven-four-header-{color}", quantity: 1  }
	},

]
