[
	{
		"ingredientPattern": "BBB	BCB	BBB",
		"ingredients": {
			"C": { 
        "type": "item", 
        "code": "game:mortar" 
      },
			"B": { 
        "type": "item", 
        "code": "clayworks:brick-*-fired0", 
        "name": "color", 
        "allowedVariants": [ 
          "azure", 
          "brown",
          "crimson",
          "green",
          "orange",
          "pink",
          "purple",
          "yellow"
        ] 
      }
		},
		"width": 3,
		"height": 3,
		"output": { 
      "type": "block", 
      "code": "clayworks:brickcourse-four-running-{color}-fired0", 
      "quantity": 4  
    }
	},
	{
		"ingredientPattern": "BBB	BCB	BBB",
		"ingredients": {
			"C": { 
        "type": "item", 
        "code": "game:mortar" 
      },
			"B": { 
        "type": "item", 
        "code": "clayworks:brick-*-fired1", 
        "name": "color", 
        "allowedVariants": [ 
          "azure", 
          "black", 
          "brown",
          "crimson",
          "gray",
          "green",
          "orange",
          "pink",
          "purple",
          "yellow",
          "white"
        ] 
      }
		},
		"width": 3,
		"height": 3,
		"output": { 
      "type": "block", 
      "code": "clayworks:brickcourse-four-running-{color}-fired1", 
      "quantity": 4  
    }
	},
	{
		"ingredientPattern": "BBB	BCB	BBB",
		"ingredients": {
			"C": { 
        "type": "item", 
        "code": "game:mortar" 
      },
			"B": { 
        "type": "item", 
        "code": "clayworks:brick-*-fired2", 
        "name": "color", 
        "allowedVariants": [ 
          "azure", 
          "brown",
          "crimson",
          "gray",
          "green",
          "orange",
          "pink",
          "purple",
          "yellow"
        ] 
      }
		},
		"width": 3,
		"height": 3,
		"output": { 
      "type": "block", 
      "code": "clayworks:brickcourse-four-running-{color}-fired2", 
      "quantity": 4  
    }
	},
	{
		"ingredientPattern": "BBB	BCB	BBB",
		"ingredients": {
			"C": { 
        "type": "item", 
        "code": "game:mortar" 
      },
			"B": { 
        "type": "item", 
        "code": "clayworks:brick-*-fired3", 
        "name": "color", 
        "allowedVariants": [ 
          "azure", 
          "black", 
          "brown",
          "crimson",
          "green",
          "orange",
          "pink",
          "purple",
          "yellow",
          "white"
        ] 
      }
		},
		"width": 3,
		"height": 3,
		"output": { 
      "type": "block", 
      "code": "clayworks:brickcourse-four-running-{color}-fired3", 
      "quantity": 4  
    }
	}
]
