[

	{
		ingredientPattern: "CB",
		ingredients: {
			"C": { type: "item", code: "game:chisel-*", isTool: true },
			"B": { type: "block", code: "brickcourse-four-running-*", name: "color", skipVariants: [ "clinker" ] }
		},
		width: 2,
		height: 1,
		output: { type: "block", code: "brickcourse-uneven-four-running-{color}", quantity: 1  }
	},
	{
		ingredientPattern: "CB",
		ingredients: {
			"C": { type: "item", code: "game:chisel-*", isTool: true },
			"B": { type: "block", code: "brickcourse-four-soldier-*", name: "color", skipVariants: [ "clinker" ] }
		},
		width: 2,
		height: 1,
		output: { type: "block", code: "brickcourse-uneven-four-soldier-{color}", quantity: 1  }
	},
	{
		ingredientPattern: "CB",
		ingredients: {
			"C": { type: "item", code: "game:chisel-*", isTool: true },
			"B": { type: "block", code: "brickcourse-four-header-*", name: "color", skipVariants: [ "clinker" ] }
		},
		width: 2,
		height: 1,
		output: { type: "block", code: "brickcourse-uneven-four-header-{color}", quantity: 1  }
	},

]
