[
  {
    "op": "add",
    "path": "/structures/-",
    "value": {
                  "code": "01wallsegment",
                  "group": "megaruins",
                  "minGroupDistance": 5000,
                  "chance": 0.022,
                  "placement": "surface",
                  "schematics": [
                    "overground/megastructures/megastructure-1/*"
                  ],
			            "replacewithblocklayers": ["soil-low-none", "soil-medium-none", "soil-medium-normal", "soil-low-normal", "forestfloor-1"],
                  "suppressTrees": true,
                  "suppressWaterfalls": true,
                  "offsety": -4,
                  "rockTypeRemapGroup": "standard",
                  "MaxBelowSealevel": 3,
                  "MinSpawnDistance": 2500
    },
    "file": "game:worldgen/structures.json",
    "side": "Server"
  },
  {
    "op": "add",
    "path": "/structures/-",
    "value": {
                  "code": "02rockformation",
                  "group": "megaruins",
                  "minGroupDistance": 5000,
                  "chance": 0.9,
                  "placement": "surface",
                  "schematics": [
                    "overground/megastructures/megastructure-2/*"
                  ],
			            "replacewithblocklayers": ["soil-low-none", "soil-medium-none", "soil-medium-normal", "soil-low-normal", "forestfloor-1"],
                  "offsety": -10,
                  "suppressTrees": true,
                  "suppressWaterfalls": true,
                  "rockTypeRemapGroup": "standard",
                  "MaxBelowSealevel": 3,
                  "MinSpawnDistance": 2500
    },
    "file": "game:worldgen/structures.json",
    "side": "Server"
  },
  {
    "op": "add",
    "path": "/structures/-",
    "value": {
                  "code": "03nordichouse",
                  "group": "megaruins",
                  "minGroupDistance": 5000,
                  "chance": 0.010,
                  "placement": "surface",
                  "schematics": [
                    "overground/megastructures/megastructure-3/*"
                  ],
			            "replacewithblocklayers": ["soil-low-none", "soil-medium-none", "soil-medium-normal", "soil-low-normal", "forestfloor-1"],
                  "suppressTrees": true,
                  "suppressWaterfalls": true,
                  "offsety": -9,
                  "rockTypeRemapGroup": "standard",
                  "MaxBelowSealevel": 3,
                  "MinSpawnDistance": 2500
    },
    "file": "game:worldgen/structures.json",
    "side": "Server"
  },
  {
    "op": "add",
    "path": "/structures/-",
    "value": {
                  "code": "04visingsborg",
                  "group": "megaruins",
                  "minGroupDistance": 5000, 
                  "chance": 0.035,
                  "placement": "surface",
                  "schematics": [
                    "overground/megastructures/megastructure-4/*"
                  ],
			            "replacewithblocklayers": ["soil-low-none", "soil-medium-none", "soil-medium-normal", "soil-low-normal", "forestfloor-1"],
                  "suppressTrees": true,
                  "suppressWaterfalls": true,
                  "EntranceRotation": 180,
                  "offsety": -6,
                  "rockTypeRemapGroup": "standard",
                  "MaxBelowSealevel": 3,
                  "MinSpawnDistance": 2500
    },
    "file": "game:worldgen/structures.json",
    "side": "Server"
  },
  {
    "op": "add",
    "path": "/structures/-",
    "value": {
                  "code": "05catnoirscastleruin",
                  "group": "megaruins",
                  "minGroupDistance": 5000,
                  "chance": 0.011,
                  "placement": "surface",
                  "schematics": [
                    "overground/megastructures/megastructure-5/*"
                  ],
			            "replacewithblocklayers": ["soil-low-none", "soil-medium-none", "soil-medium-normal", "soil-low-normal", "forestfloor-1"],
                  "suppressTrees": true,
                  "suppressWaterfalls": true,
                  "EntranceRotation": 270,
                  "offsety": -5,
                  "rockTypeRemapGroup": "standard",
                  "MaxBelowSealevel": 3,
                  "MinSpawnDistance": 2500
    },
    "file": "game:worldgen/structures.json",
    "side": "Server"
  },
  {
    "op": "add",
    "path": "/structures/-",
    "value": {
                  "code": "06destroyedlargechurch",
                  "group": "megaruins",
                  "minGroupDistance": 5000,
                  "chance": 0.13,
                  "placement": "surface",
                  "schematics": [
                    "overground/megastructures/megastructure-6/*"
                  ],
			            "replacewithblocklayers": ["soil-low-none", "soil-medium-none", "soil-medium-normal", "soil-low-normal", "forestfloor-1"],
                  "suppressTrees": true,
                  "suppressWaterfalls": true,
                  "offsety": -5,
                  "rockTypeRemapGroup": "standard",
                  "MaxBelowSealevel": 3,
                  "MinSpawnDistance": 2500
    },
    "file": "game:worldgen/structures.json",
    "side": "Server"
  },
  {
    "op": "add",
    "path": "/structures/-",
    "value": {
                  "code": "07wolfstonecastle-normalclimate",
                  "group": "megaruins",
                  "minGroupDistance": 5000,
                  "chance": 0.05,
                  "placement": "surface",
                  "schematics": [
                    "overground/megastructures/megastructure-7/megastructure7-5-normal",
                    "overground/megastructures/megastructure-7/megastructure7-6-normal"
                  ],
                  "suppressTrees": true,
                  "suppressWaterfalls": true,
                  "EntranceRotation": 270,
                  "offsety": -4,
                  "minTemp": -40,
                  "maxTemp": 32,
                  "minRain": 0.2,
                  "maxRain": 0.49,
                  "minForest": 0.5,
                  "maxForest": 0.79,
                  "rockTypeRemapGroup": "standard",
                  "MaxBelowSealevel": 3,
                  "MinSpawnDistance": 2500
    },
    "file": "game:worldgen/structures.json",
    "side": "Server"
  },
  {
    "op": "add",
    "path": "/structures/-",
    "value": {
                  "code": "08oasis",
                  "group": "megaruins",
                  "minGroupDistance": 5000,
                  "chance": 2.8,
                  "placement": "surface",
                  "schematics": [
                    "overground/megastructures/megastructure-8/*"
                  ],
			            "replacewithblocklayers": ["soil-low-none", "soil-medium-none", "soil-medium-normal", "soil-low-normal", "forestfloor-1"],
                  "suppressTrees": true,
                  "suppressWaterfalls": true,
                  "EntranceRotation": 270,
                  "offsety": -2,
                  "minTemp": 25,
                  "maxTemp": 39,
                  "rockTypeRemapGroup": "standard",
                  "MaxBelowSealevel": 3,
                  "MinSpawnDistance": 10000
    },
    "file": "game:worldgen/structures.json",
    "side": "Server"
  },
  {
    "op": "add",
    "path": "/structures/-",
    "value": {
                  "code": "09forlornhopetower-common",
                  "group": "megaruins",
                  "minGroupDistance": 5000,
                  "chance": 0.06,
                  "placement": "surface",
                  "schematics": [
                    "overground/megastructures/megastructure-9/common/*"
                  ],
                  "suppressTrees": true,
                  "suppressWaterfalls": true,
                  "offsety": -8,
                  "minTemp": -30,
                  "maxTemp": -5,
                  "rockTypeRemapGroup": "standard",
                  "MaxBelowSealevel": 3,
                  "MinSpawnDistance": 10000
    },
    "file": "game:worldgen/structures.json",
    "side": "Server"
  },
  {
    "op": "add",
    "path": "/structures/-",
    "value": {
                  "code": "09forlornhopetower-rare",
                  "group": "megaruins",
                  "minGroupDistance": 5000,
                  "chance": 0.03,
                  "placement": "surface",
                  "schematics": [
                    "overground/megastructures/megastructure-9/rare/*"
                  ],
                  "suppressTrees": true,
                  "suppressWaterfalls": true,
                  "offsety": -8,
                  "minTemp": -30,
                  "maxTemp": -5,
                  "rockTypeRemapGroup": "standard",
                  "MaxBelowSealevel": 3,
                  "MinSpawnDistance": 10000
    },
    "file": "game:worldgen/structures.json",
    "side": "Server"
  },
  {
    "op": "add",
    "path": "/structures/-",
    "value": {
                  "code": "10giantcathedral",
                  "group": "megaruins",
                  "minGroupDistance": 5000,
                  "chance": 15,
                  "placement": "surface",
                  "schematics": [
                    "overground/megastructures/megastructure-10/*"
                  ],
                  "suppressTrees": true,
                  "suppressWaterfalls": true,
                  "offsety": -23,
                  "minTemp": -30,
                  "maxTemp": -8,
                  "rockTypeRemapGroup": "standard",
                  "MaxBelowSealevel": 3,
                  "MinSpawnDistance": 10000
    },
    "file": "game:worldgen/structures.json",
    "side": "Server"
  },
  {
    "op": "add",
    "path": "/structures/-",
    "value": {
                  "code": "11shoppingcentre",
                  "group": "megaruins",
                  "minGroupDistance": 5000,
                  "chance": 0.65,
                  "placement": "surface",
                  "schematics": [
                    "overground/megastructures/megastructure-11/*"
                  ],
			            "replacewithblocklayers": ["soil-low-none", "soil-medium-none", "soil-medium-normal", "soil-low-normal", "forestfloor-1"],
                  "suppressTrees": true,
                  "suppressWaterfalls": true,
                  "offsety": -12,
                  "rockTypeRemapGroup": "standard",
                  "MaxBelowSealevel": 3,
                  "MinSpawnDistance": 10000
    },
    "file": "game:worldgen/structures.json",
    "side": "Server"
  },
  {
    "op": "add",
    "path": "/structures/-",
    "value": {
                  "code": "12undergroundlibrary",
                  "group": "megaruins",
                  "minGroupDistance": 5000,
                  "chance": 1.45,
                  "placement": "surface",
                  "schematics": [
                    "overground/megastructures/megastructure-12/*"
                  ],
			            "replacewithblocklayers": ["soil-low-none", "soil-medium-none", "soil-medium-normal", "soil-low-normal", "forestfloor-1", "gravel-granite"],
                  "suppressTrees": true,
                  "suppressWaterfalls": true,
                  "offsety": -42,
                  "rockTypeRemapGroup": "standard",
                  "MaxBelowSealevel": 3,
                  "MinSpawnDistance": 2500
    },
    "file": "game:worldgen/structures.json",
    "side": "Server"
  },
  {
    "op": "add",
    "path": "/structures/-",
    "value": {
                  "code": "07wolfstonecastle-forest",
                  "group": "megaruins",
                  "minGroupDistance": 5000,
                  "chance": 0.05,
                  "placement": "surface",
                  "schematics": [
                    "overground/megastructures/megastructure-7/megastructure7-7-forest",
                    "overground/megastructures/megastructure-7/megastructure7-8-forest"
                  ],
                  "suppressTrees": true,
                  "suppressWaterfalls": true,
                  "EntranceRotation": 270,
                  "offsety": -4,
                  "minTemp": -40,
                  "maxTemp": 32,
                  "minRain": 0.5,
                  "maxRain": 1,
                  "minForest": 0.8,
                  "maxForest": 1,
                  "rockTypeRemapGroup": "standard",
                  "MaxBelowSealevel": 3,
                  "MinSpawnDistance": 2500
    },
    "file": "game:worldgen/structures.json",
    "side": "Server"
  },
  {
    "op": "add",
    "path": "/structures/-",
    "value": {
                  "code": "07wolfstonecastle-dryclimate",
                  "group": "megaruins",
                  "minGroupDistance": 5000,
                  "chance": 0.05,
                  "placement": "surface",
                  "schematics": [
                    "overground/megastructures/megastructure-7/megastructure7-3-dry",
                    "overground/megastructures/megastructure-7/megastructure7-4-dry"
                  ],
                  "suppressTrees": true,
                  "suppressWaterfalls": true,
                  "EntranceRotation": 270,
                  "offsety": -4,
                  "minTemp": 5,
                  "maxTemp": 45,
                  "minRain": 0.1,
                  "maxRain": 0.3,
                  "minForest": 0,
                  "maxForest": 0.49,
                  "rockTypeRemapGroup": "standard",
                  "MaxBelowSealevel": 3,
                  "MinSpawnDistance": 2500
    },
    "file": "game:worldgen/structures.json",
    "side": "Server"
  },
  {
    "op": "add",
    "path": "/structures/-",
    "value": {
                  "code": "07wolfstonecastle-desert",
                  "group": "megaruins",
                  "minGroupDistance": 5000,
                  "chance": 0.05,
                  "placement": "surface",
                  "schematics": [
                    "overground/megastructures/megastructure-7/megastructure7-1-desert",
                    "overground/megastructures/megastructure-7/megastructure7-2-desert"
                  ],
                  "suppressTrees": true,
                  "suppressWaterfalls": true,
                  "EntranceRotation": 270,
                  "offsety": -4,
                  "minTemp": 20,
                  "maxTemp": 45,
                  "minRain": 0,
                  "maxRain": 0.2,
                  "minForest": 0,
                  "maxForest": 0.2,
                  "rockTypeRemapGroup": "standard",
                  "MaxBelowSealevel": 3,
                  "MinSpawnDistance": 2500
    },
    "file": "game:worldgen/structures.json",
    "side": "Server"
  },
  {
    "op": "add",
    "path": "/structures/-",
    "value": {
                  "code": "13industrialmine",
                  "group": "megaruins",
                  "minGroupDistance": 5000, 
                  "chance": 0,
                  "placement": "surface",
                  "schematics": [
                    "overground/megastructures/megastructure-13/*"
                  ],
                  "replacewithblocklayers": ["soil-low-none", "soil-medium-none", "soil-medium-normal", "soil-low-normal", "forestfloor-1", "soil-verylow-normal", "soil-verylow-none", "soil-verylow-sparse", "soil-verylow-verysparse"],
                  "suppressTrees": true,
                  "suppressWaterfalls": true,
                  "offsety": -62,
                  "rockTypeRemapGroup": "standard",
                  "MaxBelowSealevel": 3,
                  "MinSpawnDistance": 2500
    },
    "file": "game:worldgen/structures.json",
    "side": "Server"
  },
  {
    "op": "add",
    "path": "/structures/-",
    "value": {
                  "code": "14mansion",
                  "group": "megaruins",
                  "minGroupDistance": 5000,
                  "chance": 0,
                  "placement": "surface",
                  "schematics": [
                    "overground/megastructures/megastructure-14/*"
                  ],
			            "replacewithblocklayers": ["soil-low-none", "soil-medium-none", "soil-medium-normal", "soil-low-normal", "forestfloor-1"],
                  "suppressTrees": true,
                  "suppressWaterfalls": true,
                  "offsety": -22,
                  "rockTypeRemapGroup": "standard",
                  "MaxBelowSealevel": 3,
                  "MinSpawnDistance": 2500
    },
    "file": "game:worldgen/structures.json",
    "side": "Server"
  },
  {
    "op": "add",
    "path": "/structures/-",
    "value": {
                  "code": "15auldburg",
                  "group": "megaruins",
                  "minGroupDistance": 5000,
                  "chance": 2.3,
                  "placement": "surface",
                  "schematics": [
                    "overground/megastructures/megastructure-15/*"
                  ],
			            "replacewithblocklayers": ["soil-low-none", "soil-medium-none", "soil-medium-normal", "soil-low-normal", "forestfloor-1"],
                  "suppressTrees": true,
                  "suppressWaterfalls": true,
                  "offsety": -13,
                  "EntranceRotation": 0,
                  "minForest": 0.0,
                  "maxForest": 0.15,
                  "rockTypeRemapGroup": "standard",
                  "MaxBelowSealevel": 3,
                  "MinSpawnDistance": 2500
    },
    "file": "game:worldgen/structures.json",
    "side": "Server"
  },
  {
    "op": "add",
    "path": "/structures/-",
    "value": {
                  "code": "16normancastle",
                  "group": "megaruins",
                  "minGroupDistance": 5000,
                  "chance": 0.03,
                  "placement": "surface",
                  "schematics": [
                    "overground/megastructures/megastructure-16/*"
                  ],
			            "replacewithblocklayers": ["soil-low-none", "soil-medium-none", "soil-medium-normal", "soil-low-normal", "forestfloor-1"],
                  "suppressTrees": true,
                  "suppressWaterfalls": true,
                  "offsety": -6,
                  "minForest": 0.0,
                  "maxForest": 0.15,
                  "rockTypeRemapGroup": "standard",
                  "MaxBelowSealevel": 3,
                  "MinSpawnDistance": 2500
    },
    "file": "game:worldgen/structures.json",
    "side": "Server"
  },
  {
    "op": "add",
    "path": "/structures/-",
    "value": {
                  "code": "17aqueduct",
                  "group": "megaruins",
                  "minGroupDistance": 5000,
                  "chance": 0.04,
                  "placement": "surface",
                  "schematics": [
                    "overground/megastructures/megastructure-17/*"
                  ],
			            "replacewithblocklayers": ["soil-low-none", "soil-medium-none", "soil-medium-normal", "soil-low-normal", "forestfloor-1"],
                  "suppressTrees": true,
                  "suppressWaterfalls": true,
                  "offsety": -5,
                  "rockTypeRemapGroup": "standard",
                  "MaxBelowSealevel": 3,
                  "MinSpawnDistance": 2500
    },
    "file": "game:worldgen/structures.json",
    "side": "Server"
  },
  {
    "op": "add",
    "path": "/structures/-",
    "value": {
                  "code": "18jumblerockcastle",
                  "group": "megaruins",
                  "minGroupDistance": 5000,
                  "chance": 0.8,
                  "placement": "surface",
                  "schematics": [
                    "overground/megastructures/megastructure-18/*"
                  ],
			            "replacewithblocklayers": ["soil-low-none", "soil-medium-none", "soil-medium-normal", "soil-low-normal", "forestfloor-1"],
                  "suppressTrees": true,
                  "suppressWaterfalls": true,
                  "offsety": -16,
                  "rockTypeRemapGroup": "standard",
                  "MaxBelowSealevel": 3,
                  "MinSpawnDistance": 2500
    },
    "file": "game:worldgen/structures.json",
    "side": "Server"
  },
  {
    "op": "add",
    "path": "/structures/-",
    "value": {
                  "code": "19settlementofkeykeepers",
                  "group": "megaruins",
                  "minGroupDistance": 5000,
                  "chance": 0.30,
                  "placement": "surface",
                  "schematics": [
                    "overground/megastructures/megastructure-19/*"
                  ],
			            "replacewithblocklayers": ["soil-low-none", "soil-medium-none", "soil-medium-normal", "soil-low-normal", "forestfloor-1"],
                  "suppressTrees": true,
                  "suppressWaterfalls": true,
                  "offsety": -26,
                  "rockTypeRemapGroup": "standard",
                  "MaxBelowSealevel": 3,
                  "MinSpawnDistance": 2500
    },
    "file": "game:worldgen/structures.json",
    "side": "Server"
  }
]
