﻿[
  {
    "file": "game:itemtypes/wearable/seraph/armor-hide",
    "op": "addmerge",
    "path": "/behaviors",
    "value": [
      {
        "name": "CombatOverhaul:Armor",
        "propertiesByType": {
          "@armor-head-hide-bear-(polar|brown)": {
            "Layers": ["Outer"],
            "Zones": ["Head", "Neck", "Face"],
            "Resists": {"PiercingAttack": 1, "SlashingAttack": 1, "BluntAttack": 3},
            "FlatReduction": {},
            "PlayerStats": {"walkspeed": 0, "manipulationSpeed": 0, "steadyAim": -0.05, "healingeffectivness": -0.09, "hungerrate": 0.09}
          },
          "@armor-body-hide-bear-(polar|brown)": {
            "Layers": ["Outer"],
            "Zones": ["Torso", "Arms", "Hands"],
            "Resists": {"PiercingAttack": 1, "SlashingAttack": 1, "BluntAttack": 3},
            "FlatReduction": {},
            "PlayerStats": {"walkspeed": -0.02, "manipulationSpeed": -0.09, "steadyAim": -0.1, "healingeffectivness": -0.09, "hungerrate": 0.09}
          },
          "@armor-legs-hide-bear-(polar|brown)": {
            "Layers": ["Outer"],
            "Zones": ["Legs", "Feet"],
            "Resists": {"PiercingAttack": 1, "SlashingAttack": 1, "BluntAttack": 3},
            "FlatReduction": {},
            "PlayerStats": {"walkspeed": -0.06, "manipulationSpeed": 0, "steadyAim": 0, "healingeffectivness": -0.06, "hungerrate": 0.06}
          },
          "@armor-head-hide-bear-(panda|sun|black)": {
            "Layers": ["Outer"],
            "Zones": ["Head", "Neck", "Face"],
            "Resists": {"PiercingAttack": 1, "SlashingAttack": 1, "BluntAttack": 2},
            "FlatReduction": {},
            "PlayerStats": {"walkspeed": 0, "manipulationSpeed": 0, "steadyAim": -0.05, "healingeffectivness": -0.09, "hungerrate": 0.09}
          },
          "@armor-body-hide-bear-(panda|sun|black)": {
            "Layers": ["Outer"],
            "Zones": ["Torso", "Arms", "Hands"],
            "Resists": {"PiercingAttack": 1, "SlashingAttack": 1, "BluntAttack": 2},
            "FlatReduction": {},
            "PlayerStats": {"walkspeed": -0.02, "manipulationSpeed": -0.09, "steadyAim": -0.1, "healingeffectivness": -0.09, "hungerrate": 0.09}
          },
          "@armor-legs-hide-bear-(panda|sun|black)": {
            "Layers": ["Outer"],
            "Zones": ["Legs", "Feet"],
            "Resists": {"PiercingAttack": 1, "SlashingAttack": 1, "BluntAttack": 2},
            "FlatReduction": {},
            "PlayerStats": {"walkspeed": -0.06, "manipulationSpeed": 0, "steadyAim": 0, "healingeffectivness": -0.06, "hungerrate": 0.06}
          }
        }
      }
    ]
  },
  {
    "file": "game:itemtypes/wearable/seraph/armor-hide",
    "op": "replace",
    "path": "/durabilityByType",
    "value": {"*-bear-black": 400, "*-bear-brown": 600, "*-bear-panda": 250, "*-bear-polar": 800, "*-bear-sun": 240}
  },
  {"file": "game:itemtypes/wearable/seraph/armor-hide", "op": "replace", "path": "/attributes/protectionModifiers", "value": null},
  {"file": "game:itemtypes/wearable/seraph/armor-hide", "op": "replace", "path": "/attributes/statModifiers", "value": null},
  {"file": "game:itemtypes/wearable/seraph/armor-hide", "op": "replace", "path": "/class", "value": "CombatOverhaul:WearableArmor"},
  {"file": "game:itemtypes/wearable/seraph/armor-hide", "op": "add", "path": "/attributes/materialCountByType", "value": {"*-head-*": 1, "*-body-*": 1, "*-lges-*": 1}}
]