﻿[
  {"enabled": true, "file": "game:config/traits", "op": "remove", "path": "/16/attributes/bowDrawingStrength"},
  {"enabled": true, "file": "game:config/traits", "op": "addmerge", "path": "/9/attributes", "value": {"armorManipulationSpeedAffectedness": -0.5}},
  {"enabled": true, "file": "game:config/traits", "op": "replace", "path": "/9/attributes/armorWalkSpeedAffectedness", "value": -0.5},
  {"enabled": true, "file": "game:config/characterclasses", "op": "remove", "path": "/1/traits/0"},
  {"enabled": true, "file": "game:config/characterclasses", "op": "remove", "path": "/4/traits/4"},
  {
    "enabled": true,
    "file": "game:config/characterclasses",
    "op": "addeach",
    "path": "/1/traits/-",
    "value": ["bowsProficiency", "crossbowsProficiency", "steadyAim", "spearsProficiency", "halberdsProficiency"]
  },
  {
    "enabled": true,
    "file": "game:config/characterclasses",
    "op": "addeach",
    "path": "/2/traits/-",
    "value": ["javelinsProficiency", "slingsProficiency", "macesProficiency", "clubsProficiency", "axesProficiency"]
  },
  {
    "enabled": true,
    "file": "game:config/characterclasses",
    "op": "addeach",
    "path": "/3/traits/-",
    "value": ["crossbowsProficiency", "firearmsProficiency", "quarterstaffProficiency"]
  },
  {
    "enabled": true,
    "file": "game:config/characterclasses",
    "op": "addeach",
    "path": "/4/traits/-",
    "value": ["oneHandedSwordsProficiency", "twoHandedSwordsProficiency", "tremblingAim", "clumsyHands", "canParryProjectiles"]
  },
  {"enabled": true, "file": "game:config/characterclasses", "op": "addeach", "path": "/5/traits/-", "value": ["tremblingAim"]}
]