{
  "enabled": false,
  "code": "barrellid",
  "class": "Block",
  "behaviors": [
    {
    "name": "GroundStorable", 
    "properties": { 
      "layout": "SingleCenter" 
      }
    },
		{ 
      "name": "Unplaceable"
    },
    { 
      "name": "RightClickPickup"
    }
  ],
  "variantGroups": [
    {
      "code": "variant",
      "states": [
        "black",
        "azure",
        "brown",
        "gray",
        "green",
        "orange",
        "pink",
        "purple",
        "crimson",
        "white",
        "yellow",
        "naturalred",
        "naturalfire",
        "naturalblue"
      ]
    },
    {
      "code": "type",
      "states": [
        "raw", 
        "fired0",
        "fired1",
        "fired2",
        "fired3"
      ]
    }
  ],
  "attributesByType": {
    "*-raw": {
      "shelvable": true,
      "beehivekiln": {
        "0": {
          "type": "block",
          "code": "clayworks:barrellid-{variant}-fired0"
        },
        "1": {
          "type": "block",
          "code": "clayworks:barrellid-{variant}-fired1"
        },
        "2": {
          "type": "block",
          "code": "clayworks:barrellid-{variant}-fired2"
        },
        "3": {
          "type": "block",
          "code": "clayworks:barrellid-{variant}-fired3"
        }
      }
    }
  },
  "shape": {
    "base": "clayworks:block/clay/barrel/lid"
  },
  "texturesByType": {
    "*-raw": {
      "all": {
        "base": "clayworks:block/clay/color/raw/{variant}",
        "overlays": [
          "clayworks:block/clay/overlay/raw"
        ]
      }
    },
    "*-natural*": {
      "ceramic": {
        "base": "clayworks:block/clay/vessel/top/{type}/{variant}"
      }
    },
    "*": {
      "ceramic": {
        "base": "clayworks:block/clay/color/{type}/{variant}",
        "overlays": [
          "clayworks:block/clay/overlay/vessel"
        ]
      }
    }
  },
  "blockmaterial": "Ceramic",
  "creativeInventory": {
    "general": [
      "*"
    ],
    "decorative": [
      "*"
    ],
    "clayworks": [
      "*"
    ]
  },
  "combustiblePropsByType": {
    "*-naturalfire-raw": {
      "meltingPoint": 600,
      "meltingDuration": 45,
      "smeltedRatio": 1,
      "smeltingType": "fire",
      "smeltedStack": {
        "type": "block",
        "code": "clayworks:barrellid-naturalfire-fired2"
      },
      "requiresContainer": false
    },
    "*-naturalred-raw": {
      "meltingPoint": 600,
      "meltingDuration": 45,
      "smeltedRatio": 1,
      "smeltingType": "fire",
      "smeltedStack": {
        "type": "block",
        "code": "clayworks:barrellid-naturalred-fired2"
      },
      "requiresContainer": false
    },
    "*-raw": {
      "meltingPoint": 600,
      "meltingDuration": 45,
      "smeltedRatio": 1,
      "smeltingType": "fire",
      "smeltedStack": {
        "type": "block",
        "code": "clayworks:barrellid-naturalblue-fired3"
      },
      "requiresContainer": false
    }
  },
  "replaceable": 1000,
  "resistance": 0.8,
  "sideAo": {
    "all": false
  },
  "lightAbsorption": 0,
  "sounds": {
    "walk": "game:walk/stone",
    "break": "game:block/ceramicplace",
    "hit": "game:block/ceramichit",
    "place": "game:block/ceramicplace"    
  },
  "sideopaque": {
    "all": false
  },
  "sidesolid": {
    "all": false
  },
  "collisionSelectionBox": {
    "x1": 0.25,
    "y1": 0,
    "z1": 0.25,
    "x2": 0.75,
    "y2": 0.3125,
    "z2": 0.75
  },
  "guiTransform": {
    "scale": 1.5
  },
  "heldTpIdleAnimation": "holdunderarm",
  "tpHandTransform": {
    "translation": {
      "x": -1,
      "y": -0.5,
      "z": -0.5
    },
    "rotation": {
      "x": 25,
      "y": -20,
      "z": -99
    },
    "scale": 0.56
  }
}
