{
  "enabled": true,
	"code": "barrel",
	"classByType": {
    "*-raw": "Block",
    "*": "BlockBarrel"
  },
	"entityClassByType": {
    "*-raw": null,
    "*": "Barrel"
  },
	"behaviorsByType": { 
    "*-raw": [ 
			{ 
        "name": "GroundStorable", 
        "properties": { 
          "layout": "SingleCenter" 
        } 
      },
			{ 
        "name": "Unplaceable"
      },
      { 
        "name": "RightClickPickup"
      } 
		],
    "*": [
		  {
        "name": "Lockable"
      }, 
		  {
        "name": "UnstableFalling"
      }
    ]
  },
  "variantGroups": [
    {
      "code": "variant",
      "states": [
        "black",
        "azure",
        "brown",
        "gray",
        "green",
        "orange",
        "pink",
        "purple",
        "crimson",
        "white",
        "yellow",
        "naturalred",
        "naturalfire",
        "naturalblue"
      ]
    },
    {
      "code": "type",
      "states": [
        "raw", 
        "fired0",
        "fired1",
        "fired2",
        "fired3"
      ]
    }
  ],
	"shape": { 
    "base": "clayworks:block/clay/barrel/empty" 
  },
	"creativeinventory": { 
    "general": [
      "*"
    ], 
    "decorative": [
      "*"
    ],
    "clayworks": [
      "*"
    ]
  },
	"blockmaterial": "Ceramic",
	"replaceable": 900,
	"resistance": 1.5,
	"maxStackSize": 1,
	"lightAbsorption": 1,
  "texturesByType": {
    "*-raw": {
      "all": {
        "base": "clayworks:block/clay/color/raw/{variant}",
        "overlays": [
          "clayworks:block/clay/overlay/raw"
        ]
      }
    },
    "*-naturalfire-fired2": {
      "ceramic": {
        "base": "game:block/clay/hardened/fire"
      },
      "ceramic-sides": {
        "base": "game:block/clay/hardened/fire",
        "overlays": [
          "clayworks:block/clay/overlay/barrel_sides_natural"
        ]
      }
    },
    "*-naturalfire-*": {
      "ceramic": {
        "base": "clayworks:block/clay/color/{type}/{variant}"
      },
      "ceramic-sides": {
        "base": "clayworks:block/clay/color/{type}/{variant}",
        "overlays": [
          "clayworks:block/clay/overlay/barrel_sides_natural"
        ]
      }
    },
    "*-naturalred-fired0": {
      "ceramic": {
        "base": "game:block/clay/hardened/tan"
      },
      "ceramic-sides": {
        "base": "game:block/clay/hardened/tan",
        "overlays": [
          "clayworks:block/clay/overlay/barrel_sides_natural"
        ]
      }
    },
    "*-naturalred-fired1": {
      "ceramic": {
        "base": "game:block/clay/hardened/orange"
      },
      "ceramic-sides": {
        "base": "game:block/clay/hardened/orange",
        "overlays": [
          "clayworks:block/clay/overlay/barrel_sides_natural"
        ]
      }
    },
    "*-naturalred-fired2": {
      "ceramic": {
        "base": "game:block/clay/hardened/red"
      },
      "ceramic-sides": {
        "base": "game:block/clay/hardened/red",
        "overlays": [
          "clayworks:block/clay/overlay/barrel_sides_natural"
        ]
      }
    },
    "*-naturalred-fired3": {
      "ceramic": {
        "base": "game:block/clay/hardened/brown"
      },
      "ceramic-sides": {
        "base": "game:block/clay/hardened/brown",
        "overlays": [
          "clayworks:block/clay/overlay/barrel_sides_natural"
        ]
      }
    },
    "*-naturalblue-fired0": {
      "ceramic": {
        "base": "game:block/clay/hardened/cream"
      },
      "ceramic-sides": {
        "base": "game:block/clay/hardened/cream",
        "overlays": [
          "clayworks:block/clay/overlay/barrel_sides_natural"
        ]
      }
    },
    "*-naturalblue-fired1": {
      "ceramic": {
        "base": "game:block/clay/hardened/gray"
      },
      "ceramic-sides": {
        "base": "game:block/clay/hardened/gray",
        "overlays": [
          "clayworks:block/clay/overlay/barrel_sides_natural"
        ]
      }
    },
    "*-naturalblue-fired2": {
      "ceramic": {
        "base": "game:block/clay/hardened/black"
      },
      "ceramic-sides": {
        "base": "game:block/clay/hardened/black",
        "overlays": [
          "clayworks:block/clay/overlay/barrel_sides_natural"
        ]
      }
    },
    "*-naturalblue-fired3": {
      "ceramics": {
        "base": "game:block/clay/vessel/sides/burned"
      },
      "ceramic-sides": {
        "base": "game:block/clay/vessel/sides/burned",
        "overlays": [
          "clayworks:block/clay/overlay/barrel_sides_natural"
        ]
      }
    },
    "*": {
      "ceramic": {
        "base": "game:block/clay/hardened/cream",
        "overlays": [
          "clayworks:block/clay/color/{type}/{variant}",
          "clayworks:block/clay/overlay/vessel"
        ]
      },
      "ceramic-sides": {
        "base": "game:block/clay/hardened/cream",
        "overlays": [
          "clayworks:block/clay/color/{type}/{variant}",
          "clayworks:block/clay/overlay/barrel_sides"
        ]
      }
    }
  },
  "attributesByType": {
    "*-naturalfire-raw": {
    },
    "*-raw": {
      "beehivekiln": {
        "0": {
          "type": "block",
          "code": "clayworks:barrel-{variant}-fired0",
          "attributes": {
            "type": "normal"
          }
        },
        "1": {
          "type": "block",
          "code": "clayworks:barrel-{variant}-fired1",
          "attributes": {
            "type": "normal"
          }
        },
        "2": {
          "type": "block",
          "code": "clayworks:barrel-{variant}-fired2",
          "attributes": {
            "type": "normal"
          }
        },
        "3": {
          "type": "block",
          "code": "clayworks:barrel-{variant}-fired3",
          "attributes": {
            "type": "normal"
          }
        }
      }
    },
    "*": {
      "spoilSpeedMulByFoodCat": {
        "vegetable": 0.8,
        "fruit": 0.9
      },
		  "reinforcable": true,
		  "partialAttachable": true,
		  "capacityLitres": 40,
      "emptyShape": "clayworks:block/clay/barrel/empty",
      "sealedShape": "clayworks:block/clay/barrel/closed",
      "liquidContentsShape": "clayworks:block/clay/barrel/liquidcontents",
      "contentsShape": "clayworks:block/clay/barrel/contents"
    }
  },
  "combustiblePropsByType": {
    "*-naturalfire-raw": {
      "meltingPoint": 600,
      "meltingDuration": 45,
      "smeltedRatio": 1,
      "smeltingType": "fire",
      "smeltedStack": {
        "type": "block",
        "code": "clayworks:barrel-naturalfire-fired2",
        "attributes": {
          "type": "normal"
        }
      },
      "requiresContainer": false
    },
    "*-naturalred-raw": {
      "meltingPoint": 600,
      "meltingDuration": 45,
      "smeltedRatio": 1,
      "smeltingType": "fire",
      "smeltedStack": {
        "type": "block",
        "code": "clayworks:barrel-naturalred-fired2",
        "attributes": {
          "type": "normal"
        }
      },
      "requiresContainer": false
    },
    "*-raw": {
      "meltingPoint": 600,
      "meltingDuration": 45,
      "smeltedRatio": 1,
      "smeltingType": "fire",
      "smeltedStack": {
        "type": "block",
        "code": "clayworks:barrel-naturalblue-fired3"
      },
      "requiresContainer": false
    }
  },
	"sideao": {
		"all": false
	},
	"sidesolid": {
		"all": false
	},
	"emitsideao": {
		"all": false
	},
	"sideopaque": {
		"all": false
	},
	"collisionbox": {
		"x1": 0, 
    "y1": 0, 
    "z1": 0,
		"x2": 1, 
    "y2": 0.9375, 
    "z2": 1
	},
	"selectionbox": {
		"x1": 0, 
    "y1": 0, 
    "z1": 0, 
		"x2": 1, 
    "y2": 0.9375, 
    "z2": 1
	},
	"sounds": {
		"place": "game:block/ceramicplace",
		"hit": "game:block/ceramichit",
		"break": "game:block/ceramicplace",
		"walk": "game:walk/stone"
	},
	"materialDensity": 600,
	"heldTpIdleAnimation": "holdbothhandslarge", 
  "heldRightReadyAnimation": "heldblockready", 
  "heldTpUseAnimation": "twohandplaceblock",
  "guiTransform": {
    "scale": 1.25
  },
	"tpHandTransform": {
		"translation": { 
      "x": -1.7, 
      "y": -0.95, 
      "z": -0.69 
    },
		"rotation": { 
      "x": 12, 
      "y": 14, 
      "z": -81 
    },
		"scale": 0.36
	}
}
