{
  "enabled": false,
	"code": "bigcrock",
	"behaviors": [
		{ 
      "name": "GroundStorable", 
      "properties": { 
        "layout": "SingleCenter", 
        "placeRemoveSound": "game:sounds/player/build" 
      } 
    },
    {
      "name": "Unplaceable"
    },
		{ 
      "name": "RightClickPickup" 
    }
	],
	"heldTpIdleAnimation": "holdbothhands",
	"heldTpUseAnimation": "twohandplaceblock",
	"classByType": {
		"bigcrock-fired*-*": "BlockCrock"
	},
	"entityClassByType": {
		"bigcrock-fired*-*": "Crock"
	},
	"variantgroups": [
		{ 
      "code": "state", 
      "states": [
        "raw", 
        "fired0",
        "fired1",
        "fired2",
        "fired3"
      ] 
    },
    {
      "code": "color",
      "states": [
        "black",
        "azure",
        "brown",
        "gray",
        "green",
        "orange",
        "pink",
        "purple",
        "crimson",
        "white",
        "yellow",
        "naturalred",
        "naturalfire",
        "naturalblue"
      ]
    },
		{ 
      "code": "side", 
      "loadFromProperties": "abstract/horizontalorientation" 
    }
	],
	"attributes": {
		"tempGlowMode": 1,
		"onTongTransform": {
			"translation": { 
        "x": -1.24,
        "y": -0.95,
        "z": -0.93 
      },
			"rotation": { 
        "x": 11, 
        "y": -27, 
        "z": -64 
      },
			"scale": 0.9
		}
	},
	"attributesByType": {
		"*-fired*": {
			"mealBlockCode": "clayworks:bigcrock-{state}-{color}-{side}",
			"shelvable": true,
			"mealContainer": true,
			"servingCapacity": 8,
			"bowlContents": null,
			"handleLiquidContainerInteract": true,
			"handleCookingContainerInteract": true,
			"emptiedBlockCode": "clayworks:bigcrock-{state}-{color}-{side}",
      "baseshape": "clayworks:block/clay/bigcrock/crock"
		},
    "crock-raw-*": {
      "shelvable": true,
      "beehivekiln": {
        "0": {
          "type": "block",
          "code": "clayworks:bigcrock-fired0-{color}-east"
        },
        "1": {
          "type": "block",
          "code": "clayworks:bigcrock-fired1-{color}-east"
        },
        "2": {
          "type": "block",
          "code": "clayworks:bigcrock-fired2-{color}-east"
        },
        "3": {
          "type": "block",
          "code": "clayworks:bigcrock-fired3-{color}-east"
        }
      }
    }
	},
	"combustiblePropsByType": {
		"crock-raw-*": {
			"meltingPoint": 600,
			"meltingDuration": 45,
			"smeltedRatio": 1,
			"smeltingType": "fire",
			"smeltedStack": { 
        "type": "block", 
        "code": "clayworks:bigcrock-fired3-naturalblue-east" 
      },
			"requiresContainer": false
		}
	},
	"shapeByType": {
		"*-north": { 
      "base": "clayworks:block/clay/bigcrock/crock", 
      "rotateY": 0 
    },
		"*-east": { 
      "base": "clayworks:block/clay/bigcrock/crock", 
      "rotateY": 270 
    },
		"*-west": { 
      "base": "clayworks:block/clay/bigcrock/crock", 
      "rotateY": 90 
    },
		"*-south": { 
      "base": "clayworks:block/clay/bigcrock/crock", 
      "rotateY": 180 
    }
	},
	"doNotRenderAtLod2": true,
	"blockmaterial": "Ceramic",
	"creativeinventory": { 
    "clayworks": [
      "*-east"
    ]
  },
	"replaceable": 400,
	"resistance": 1.5,
	"maxStackSizeByType": {
		"*-raw-*": 8,
		"*": 1
	},
	"lightAbsorption": 0,
	"texturesByType": {
		"*-raw-*": { 
			"ceramic": { 
        "base": "clayworks:block/clay/color/raw/{color}" 
      },
			"label": { 
        "base": "game:block/transparent" 
      }
		},
    "*-fired0-natural*": {
			"ceramic": { 
        "base": "clayworks:block/clay/crock/fired0/{color}"
      },
			"label": { 
        "base": "game:block/clay/crock/label" 
      }
    },
    "*-fired1-natural*": {
			"ceramic": { 
        "base": "clayworks:block/clay/crock/fired1/{color}"
      },
			"label": { 
        "base": "game:block/clay/crock/label" 
      }
    },
    "*-fired2-natural*": {
			"ceramic": { 
        "base": "clayworks:block/clay/crock/fired2/{color}"
      },
			"label": { 
        "base": "game:block/clay/crock/label" 
      }
    },
    "*-fired3-natural*": {
			"ceramic": { 
        "base": "clayworks:block/clay/crock/fired3/{color}"
      },
			"label": { 
        "base": "game:block/clay/crock/label" 
      }
    },
    "*-fired0-*": {
			"ceramic": { 
        "base": "clayworks:block/clay/color/fired0/{color}",
        "overlays": [
          "clayworks:block/clay/overlay_crock"
        ]
      },
			"label": { 
        "base": "game:block/clay/crock/label" 
      }
    },
    "*-fired1-*": {
			"ceramic": { 
        "base": "clayworks:block/clay/color/fired1/{color}", 
        "overlays": [
          "clayworks:block/clay/overlay_crock"
        ]
      },
			"label": { 
        "base": "game:block/clay/crock/label" 
      }
    },
    "*-fired2-*": {
			"ceramic": { 
        "base": "clayworks:block/clay/color/fired2/{color}", 
        "overlays": [
          "clayworks:block/clay/overlay_crock"
        ]
      },
			"label": { 
        "base": "game:block/clay/crock/label" 
      }
    },
    "*-fired3-*": {
			"ceramic": { 
        "base": "clayworks:block/clay/color/fired3/{color}", 
        "overlays": [
          "clayworks:block/clay/overlay_crock"
        ]
      },
			"label": { 
        "base": "game:block/clay/crock/label" 
      }
    },
		"*": {
			"label": { 
        "base": "game:block/clay/crock/label" 
      }
		}
	},
	"sounds": {
		"walk": "game:walk/stone"
	},
	"sideopaque": {
		"all": false
	},
	"sidesolid": {
		"all": false
	},
	"emitsideao": {
		"all": false
	},
	"collisionbox": { 
    "x1": 0.25, 
    "y1": 0, 
    "z1": 0.25, 
    "x2": 0.75, 
    "y2": 0.3125, 
    "z2": 0.75 
  },
	"selectionbox": { 
    "x1": 0.25, 
    "y1": 0, 
    "z1": 0.25, 
    "x2": 0.75, 
    "y2": 0.3125, 
    "z2": 0.75 
  },
	"guiTransform": {
		"rotation": { 
      "x": -22.6, 
      "y": -125, 
      "z": 0 
    },
		"origin": { 
      "x": 0.5, 
      "y": 0.18, 
      "z": 0.5 
    },
		"scale": 3.09
	},
	"groundTransform": {
		"scale": 3
	},
	"fpHandTransform": {
		"translation": { 
      "x": 0, 
      "y": 0, 
      "z": 0.5 
    },
		"origin": { 
      "x": 0.5, 
      "y": 0, 
      "z": 0.5 
    },
		"scale": 2
	},
	"tpHandTransform": {
		"translation": { 
      "x": -0.56, 
      "y": -0.03, 
      "z": -0.52 
    },
		"rotation": { 
      "x": -139, 
      "y": -21, 
      "z": -118 
    },
		"origin": { 
      "x": 0.5, 
      "y": 0.01, 
      "z": 0.5 
    },
		"scale": 0.81
	}
}
