{
  "enabled": true,
	"code": "bowl-meal",
	"class": "BlockMeal",
	"behaviors": [
		{ 
      "name": "GroundStorable", 
      "properties": { 
        "layout": "Quadrants", 
        "collisionBox": { 
          "x1": 0, 
          "y1": 0, 
          "z1": 0, 
          "x2": 1, 
          "y2": 0.125, 
          "z2": 1 
        } 
      } 
    },
    {
      "name": "Unplaceable"
    },
		{ 
      "name": "RightClickPickup"
    } 
	],
	"variantgroups": [
    {
      "code": "color",
      "states": [
        "black",
        "azure",
        "brown",
        "gray",
        "green",
        "orange",
        "pink",
        "purple",
        "crimson",
        "white",
        "yellow",
        "naturalblue",
        "naturalred",
        "naturalfire"
      ]
    },
		{ 
      "code": "state", 
      "states": [
        "fired0",
        "fired1",
        "fired2",
        "fired3"
      ] 
    }
	],
  "skipVariants": [
    "*-naturalblue-fired3"
  ],
	"attributes": {
		"eatenBlock": "clayworks:bowl-{color}-{state}",
		"handleCookingContainerInteract": true,
		"shelvable": true
	},
  "entityClass": "Meal",
	"shape": {
		"base": "game:block/clay/bowl-empty-ground"
	},
	"heldTpIdleAnimation": "holdbothhands",
	"doNotRenderAtLod2": true,
	"blockmaterial": "Ceramic",
	"replaceable": 300,
	"resistance": 0.75,
	"maxStackSize": 8,
	"lightAbsorption": 0,
  "texturesByType": {
    "*-naturalfire-fired2": {
      "transparent": {
        "base": "game:block/transparent"
      },
      "mat": {
        "base": "game:block/clay/hardened/fire"
      }
    },
    "*-naturalfire-*": {
      "transparent": {
        "base": "game:block/transparent"
      },
      "mat": {
        "base": "clayworks:block/clay/color/{state}/{color}"
      }
    },
    "*-naturalred-fired0": {
      "transparent": {
        "base": "game:block/transparent"
      },
      "mat": {
        "base": "game:block/clay/hardened/tan"
      }
    },
    "*-naturalred-fired1": {
      "transparent": {
        "base": "game:block/transparent"
      },
      "mat": {
        "base": "game:block/clay/hardened/orange"
      }
    },
    "*-naturalred-fired2": {
      "transparent": {
        "base": "game:block/transparent"
      },
      "mat": {
        "base": "game:block/clay/hardened/red"
      }
    },
    "*-naturalred-fired3": {
      "transparent": {
        "base": "game:block/transparent"
      },
      "mat": {
        "base": "game:block/clay/hardened/brown"
      }
    },
    "*-naturalblue-fired0": {
      "transparent": {
        "base": "game:block/transparent"
      },
      "mat": {
        "base": "game:block/clay/hardened/cream"
      }
    },
    "*-naturalblue-fired1": {
      "transparent": {
        "base": "game:block/transparent"
      },
      "mat": {
        "base": "game:block/clay/hardened/gray"
      }
    },
    "*-naturalblue-fired2": {
      "transparent": {
        "base": "game:block/transparent"
      },
      "mat": {
        "base": "game:block/clay/hardened/black"
      }
    },
    "*": {
      "transparent": {
        "base": "game:block/transparent"
      },
      "mat": {
        "base": "game:block/clay/hardened/cream",
        "overlays": [
          "clayworks:block/clay/color/{state}/{color}",
          "clayworks:block/clay/overlay/vessel_natural"
        ]
      }
    }
	},
	"sounds": {
		"walk": "game:walk/stone"
	},
	"sideopaque": {
		"all": false
	},
	"sidesolid": {
		"all": false
	},
	"collisionbox": { 
    "x1": 0.3125, 
    "y1": 0, 
    "z1": 0.3125, 
    "x2": 0.6875, 
    "y2": 0.125, 
    "z2": 0.6875 
  },
	"selectionbox": { 
    "x1": 0.3125, 
    "y1": 0, 
    "z1": 0.3125, 
    "x2": 0.6875, 
    "y2": 0.125, 
    "z2": 0.6875 
  },
	"guiTransform": {
		"translation": { 
      "x": 0, 
      "y": 3, 
      "z": 0 
    },
		"origin": { 
      "x": 0.5, 
      "y": 0.0625, 
      "z": 0.5 
    },
		"scale": 3
	},
	"groundTransform": {
	  "scale": 3.5
	},
	"tpHandTransform": {
		"translation": { 
      "x": -0.97, 
      "y": -0.14, 
      "z": -0.63 
    },
		"rotation": { 
      "x": -50, 
      "y": 15, 
      "z": -104 
    },
		"origin": { 
      "x": 0.5, 
      "y": 0.1, 
      "z": 0.5 
    },
		"scale": 0.66
	}
}
