{
  "enabled": true,
	"code": "bowl",
	"classByType": {
		"*-fired*": "BlockLiquidContainerTopOpened"
	},
	"behaviors": [
		{ 
      "name": "GroundStorable", 
      "properties": { 
        "layout": "Quadrants", 
        "collisionBox": { 
          "x1": 0, 
          "y1": 0, 
          "z1": 0, 
          "x2": 1, 
          "y2": 0.125, 
          "z2": 1 
        } 
      } 
    },
		{ 
      "name": "Unplaceable", 
      "__comment": "The ground storable obsoletes this being a block. Should be an item, but is kept a block for backwards compatibility" 
    },
		{ 
      "name": "RightClickPickup"
    } 
	],
	"variantgroups": [
    {
      "code": "color",
      "states": [
        "black",
        "azure",
        "brown",
        "gray",
        "green",
        "orange",
        "pink",
        "purple",
        "crimson",
        "white",
        "yellow",
        "naturalred",
        "naturalfire",
        "naturalblue"
      ]
    },
		{ 
      "code": "state", 
      "states": [
        "raw", 
        "fired0",
        "fired1",
        "fired2",
        "fired3"
      ] 
    }
	],
  "skipVariants": [
    "*-naturalblue-fired3"
  ],
	"attributes": {
		"shelvable": true,
		"onTongTransform": {
			"translation": { 
        "x": -0.9, 
        "y": -1.4, 
        "z": -0.49 
      },
			"rotation": { 
        "x": 45, 
        "y": 86, 
        "z": -67 
      },
			"scale": 0.9
		}
	},
	"attributesByType": {
    "*-naturalfire-raw": {
      "shelvable": true,
			"bowlContents": null
    },
    "*-naturalblue-raw": {
      "shelvable": true,
			"bowlContents": null,
      "beehivekiln": {
        "0": {
          "type": "block",
          "code": "clayworks:bowl-{color}-fired0"
        },
        "1": {
          "type": "block",
          "code": "clayworks:bowl-{color}-fired1"
        },
        "2": {
          "type": "block",
          "code": "clayworks:bowl-{color}-fired2"
        },
        "3": {
          "type": "block",
          "code": "game:bowl-fired"
        }
      }
    },
    "*-raw": {
			"bowlContents": null,
      "shelvable": true,
      "beehivekiln": {
        "0": {
          "type": "block",
          "code": "clayworks:bowl-{color}-fired0"
        },
        "1": {
          "type": "block",
          "code": "clayworks:bowl-{color}-fired1"
        },
        "2": {
          "type": "block",
          "code": "clayworks:bowl-{color}-fired2"
        },
        "3": {
          "type": "block",
          "code": "clayworks:bowl-{color}-fired3"
        }
      }
    },
		"*": {
			"liquidContainerProps": {
				"capacityLitres": 1,
				"transferSizeLitres": 0.1,
				"emptyShapeLoc": "game:shapes/block/clay/bowl-empty-ground",
				"opaqueContentShapeLoc": "game:shapes/block/clay/bowl-contents",
				"liquidContentShapeLoc": "game:shapes/block/clay/bowl-liquidcontents",
				"liquidMaxYTranslate": 0.05
			},
			"mealContainer": true,
			"mealBlockCode": "clayworks:bowl-meal-{color}-{state}",
			"servingCapacity": 1,
      "shelvable": true,
			"bowlContents": null
		}
	},
	"combustiblePropsByType": {
		"*-naturalfire-raw": {
			"meltingPoint": 600,
			"meltingDuration": 45,
			"smeltedRatio": 1,
			"smeltingType": "fire",
			"smeltedStack": { 
        "type": "block", 
        "code": "clayworks:bowl-naturalfire-fired2" 
      },
			"requiresContainer": false
		},
		"*-naturalred-raw": {
			"meltingPoint": 600,
			"meltingDuration": 45,
			"smeltedRatio": 1,
			"smeltingType": "fire",
			"smeltedStack": { 
        "type": "block", 
        "code": "clayworks:bowl-naturalred-fired2" 
      },
			"requiresContainer": false
		},
		"*-raw": {
			"meltingPoint": 600,
			"meltingDuration": 45,
			"smeltedRatio": 1,
			"smeltingType": "fire",
			"smeltedStack": { 
        "type": "block", 
        "code": "game:bowl-fired" 
      },
			"requiresContainer": false
		}
	},
	"shape": {
		"base": "game:block/clay/bowl-empty-ground"
	},
	"heldTpIdleAnimation": "holdbothhands",
	"doNotRenderAtLod2": true,
	"blockmaterial": "Ceramic",
	"creativeinventory": { 
    "general": [
      "*"
    ],
    "decorative": [
      "*"
    ],
    "clayworks": [
      "*"
    ]
  },
	"replaceable": 300,
	"liquidSelectable": 1,
	"resistance": 0.75,
	"maxStackSize": 8,
	"lightAbsorption": 0,
  "texturesByType": {
    "*-raw": {
      "all": {
        "base": "clayworks:block/clay/color/raw/{color}",
        "overlays": [
          "clayworks:block/clay/overlay/raw"
        ]
      }
    },
		"*-honey": {
			"content": { 
        "base": "game:block/liquid/honey" 
      }
		},
		"*-milk": {
			"content": { 
        "base": "game:block/food/dairy/milk" 
      }
		},
    "*-naturalfire-fired2": {
      "transparent": {
        "base": "game:block/transparent"
      },
      "all": {
        "base": "game:block/clay/hardened/fire"
      }
    },
    "*-naturalfire-*": {
      "transparent": {
        "base": "game:block/transparent"
      },
      "all": {
        "base": "clayworks:block/clay/color/{state}/{color}"
      }
    },
    "*-naturalred-fired0": {
      "transparent": {
        "base": "game:block/transparent"
      },
      "all": {
        "base": "game:block/clay/hardened/tan"
      }
    },
    "*-naturalred-fired1": {
      "transparent": {
        "base": "game:block/transparent"
      },
      "all": {
        "base": "game:block/clay/hardened/orange"
      }
    },
    "*-naturalred-fired2": {
      "transparent": {
        "base": "game:block/transparent"
      },
      "all": {
        "base": "game:block/clay/hardened/red"
      }
    },
    "*-naturalred-fired3": {
      "transparent": {
        "base": "game:block/transparent"
      },
      "all": {
        "base": "game:block/clay/hardened/brown"
      }
    },
    "*-naturalblue-fired0": {
      "transparent": {
        "base": "game:block/transparent"
      },
      "all": {
        "base": "game:block/clay/hardened/cream"
      }
    },
    "*-naturalblue-fired1": {
      "transparent": {
        "base": "game:block/transparent"
      },
      "all": {
        "base": "game:block/clay/hardened/gray"
      }
    },
    "*-naturalblue-fired2": {
      "transparent": {
        "base": "game:block/transparent"
      },
      "all": {
        "base": "game:block/clay/hardened/black"
      }
    },
    "*": {
      "transparent": {
        "base": "game:block/transparent"
      },
      "all": {
        "base": "game:block/clay/hardened/cream", 
        "overlays": [
          "clayworks:block/clay/color/{state}/{color}",
          "clayworks:block/clay/overlay/vessel"
        ]
      }
    }
  },
	"sounds": {
		"walk": "game:walk/stone"
	},
	"sideopaque": {
		"all": false
	},
	"sidesolid": {
		"all": false
	},
	"collisionbox": { 
    "x1": 0.3125, 
    "y1": 0, 
    "z1": 0.3125, 
    "x2": 0.6875, 
    "y2": 0.125, 
    "z2": 0.6875 
  },
	"selectionbox": { 
    "x1": 0.3125, 
    "y1": 0, 
    "z1": 0.3125, 
    "x2": 0.6875, 
    "y2": 0.125, 
    "z2": 0.6875 
  },
	"guiTransform": {
		"translation": { 
      "x": 0, 
      "y": 3, 
      "z": 0 
    },
		"origin": { 
      "x": 0.5, 
      "y": 0.0625, 
      "z": 0.5 
    },
		"scale": 3
	},
	"groundTransform": {
	  "scale": 3.5
	},
	"tpHandTransform": {
		"translation": { 
      "x": -0.97, 
      "y": -0.14, 
      "z": -0.63 
    },
		"rotation": { 
      "x": -50, 
      "y": 15, 
      "z": -104 
    },
		"origin": { 
      "x": 0.5, 
      "y": 0.1, 
      "z": 0.5 
    },
		"scale": 0.66
	}
}
