{
  "enabled": true,
  "code": "brickcourse-uneven",
  "class": "Block",
  "attributes": {
    "handbook": {
      "groupBy": [ 
        "brickcourse-uneven-{state}-{type}-*" 
      ]
    }
  },
  "variantgroups": [
    {
      "code": "state",
      "states": [
        "four"
      ]
    },
    {
      "code": "type",
      "states": [ 
        "header", 
        "soldier", 
        "running" 
      ] 
    },
    {
      "code": "color",
      "states": [ 
        "azure", 
        "black", 
        "brown", 
        "crimson",
        "gray",
        "green", 
        "orange", 
        "pink", 
        "purple",
        "white",
        "yellow" 
      ]
    },
    {
      "code": "variant",
      "states": [ 
        "fired0", 
        "fired1", 
        "fired2", 
        "fired3"
      ]
    }
  ],
  "skipVariants": [
    "clayworks:brickcourse-*-white-fired0",
    "clayworks:brickcourse-*-white-fired2",
    "clayworks:brickcourse-*-gray-fired0",
    "clayworks:brickcourse-*-gray-fired3",
    "clayworks:brickcourse-*-black-fired0",
    "clayworks:brickcourse-*-black-fired2"
  ],
  "shape": { 
    "base": "game:block/basic/cube" 
  },
  "drawtype": "Cube",
  "blockmaterial": "Ceramic",
  "creativeinventory": {
    "general": [ 
      "*" 
    ],
    "construction": [ 
      "*" 
    ],
    "clayworks": [
      "*"
    ]
  },
  "replaceable": 700,
  "resistance": 2,
  "lightAbsorption": 99,
  "texturesByType": {
    "*-four-header-*": {
      "all": {
        "base": "game:block/clay/brick/uneven/four/header/cream1",
        "blendedOverlays": [
          {
            "base": "clayworks:block/clay/color/{variant}/{color}",
            "blendMode": "Multiply"
          },
          {
            "base":"clayworks:block/clay/brick/uneven/four/header1",
            "blendMode": "Multiply"
          },
          {
            "base":"clayworks:block/clay/brick/uneven/four/header11",
            "blendMode": "Normal"
          },
          {
            "base":"clayworks:block/clay/brick/uneven/four/header",
            "blendMode": "Normal"
          }
        ],
        "alternates":
        [
          {
            "base": "game:block/clay/brick/uneven/four/header/cream2",
            "blendedOverlays": [
              {
                "base": "clayworks:block/clay/color/{variant}/{color}",
                "blendMode": "Multiply"
              },
              {
                "base":"clayworks:block/clay/brick/uneven/four/header2",
                "blendMode": "Multiply"
              },
              {
                "base":"clayworks:block/clay/brick/uneven/four/header22",
                "blendMode": "Normal"
              },
              {
                "base":"clayworks:block/clay/brick/uneven/four/header",
                "blendMode": "Normal"
              }
            ]
          }
        ]
      }
    },
    "*-four-soldier-*": {
      "all": {
        "base": "game:block/clay/brick/uneven/four/soldier/cream1",
        "blendedOverlays": [
          {
            "base": "clayworks:block/clay/color/{variant}/{color}",
            "blendMode": "Multiply"
          },
          {
            "base":"clayworks:block/clay/brick/uneven/four/soldier1",
            "blendMode": "Multiply"
          },
          {
            "base":"clayworks:block/clay/brick/uneven/four/soldier11",
            "blendMode": "Normal"
          },
          {
            "base":"clayworks:block/clay/brick/uneven/four/soldier",
            "blendMode": "Normal"
          }
        ],
        "alternates":
        [
          {
            "base": "game:block/clay/brick/uneven/four/soldier/cream2",
            "blendedOverlays": [
              {
                "base": "clayworks:block/clay/color/{variant}/{color}",
                "blendMode": "Multiply"
              },
              {
                "base":"clayworks:block/clay/brick/uneven/four/soldier2",
                "blendMode": "Multiply"
              },
              {
                "base":"clayworks:block/clay/brick/uneven/four/soldier22",
                "blendMode": "Normal"
              },
              {
                "base":"clayworks:block/clay/brick/uneven/four/soldier",
                "blendMode": "Normal"
              }
            ]
          },
          {
            "base": "game:block/clay/brick/uneven/four/soldier/cream3",
            "blendedOverlays": [
              {
                "base": "clayworks:block/clay/color/{variant}/{color}",
                "blendMode": "Multiply"
              },
              {
                "base":"clayworks:block/clay/brick/uneven/four/soldier3",
                "blendMode": "Multiply"
              },
              {
                "base":"clayworks:block/clay/brick/uneven/four/soldier33",
                "blendMode": "Normal"
              },
              {
                "base":"clayworks:block/clay/brick/uneven/four/soldier",
                "blendMode": "Normal"
              }
            ]
          }
        ]
      }
    },
    "*-four-running-*": {
      "all": {
        "base": "game:block/clay/brick/uneven/four/running/cream1",
        "blendedOverlays": [
          {
            "base": "clayworks:block/clay/color/{variant}/{color}",
            "blendMode": "Multiply"
          },
          {
            "base":"clayworks:block/clay/brick/uneven/four/running1",
            "blendMode": "Multiply"
          },
          {
            "base":"clayworks:block/clay/brick/uneven/four/running11",
            "blendMode": "Normal"
          },
          {
            "base":"clayworks:block/clay/brick/uneven/four/running",
            "blendMode": "Normal"
          }
        ],
        "alternates":
        [
          {
            "base": "game:block/clay/brick/uneven/four/running/cream2",
            "blendedOverlays": [
              {
                "base": "clayworks:block/clay/color/{variant}/{color}",
                "blendMode": "Multiply"
              },
              {
                "base":"clayworks:block/clay/brick/uneven/four/running2",
                "blendMode": "Multiply"
              },
              {
                "base":"clayworks:block/clay/brick/uneven/four/running22",
                "blendMode": "Normal"
              },
              {
                "base":"clayworks:block/clay/brick/uneven/four/running",
                "blendMode": "Normal"
              }
            ]
          },
          {
            "base": "game:block/clay/brick/uneven/four/running/cream3",
            "blendedOverlays": [
              {
                "base": "clayworks:block/clay/color/{variant}/{color}",
                "blendMode": "Multiply"
              },
              {
                "base":"clayworks:block/clay/brick/uneven/four/running3",
                "blendMode": "Multiply"
              },
              {
                "base":"clayworks:block/clay/brick/uneven/four/running33",
                "blendMode": "Normal"
              },
              {
                "base":"clayworks:block/clay/brick/uneven/four/running",
                "blendMode": "Normal"
              }
            ]
          },
          {
            "base": "game:block/clay/brick/uneven/four/running/cream4",
            "blendedOverlays": [
              {
                "base": "clayworks:block/clay/color/{variant}/{color}",
                "blendMode": "Multiply"
              },
              {
                "base":"clayworks:block/clay/brick/uneven/four/running4",
                "blendMode": "Multiply"
              },
              {
                "base":"clayworks:block/clay/brick/uneven/four/running44",
                "blendMode": "Normal"
              },
              {
                "base":"clayworks:block/clay/brick/uneven/four/running",
                "blendMode": "Normal"
              }
            ]
          }
        ]
      }
    }
  },
  "sounds": {
    "walk": "game:walk/stone",
    "place": "game:block/ceramicplace"
  },
  "heldTpIdleAnimation": "holdbothhandslarge",
  "heldTpUseAnimation": "twohandplaceblock",
  "tpHandTransform": {
    "translation": {
      "x": -1.23,
      "y": -0.91,
      "z": -0.8
    },
    "rotation": {
      "x": -2,
      "y": 25,
      "z": -78
    },
    "scale": 0.4
  }
}
