{
  "enabled": true,
  "code": "brickcourse",
  "class": "Block",
  "attributes": {
    "handbook": {
      "groupBy": [ 
        "brickcourse-{state}-{type}-*" 
      ]
    }
  },
  "variantgroups": [
    {
      "code": "state",
      "states": [ 
        "four", 
        "eight" 
      ]
    },
    {
      "code": "type",
      "states": [ 
        "header", 
        "headero", 
        "soldier", 
        "soldiero", 
        "running", 
        "runningo", 
        "runningl", 
        "runningr" 
      ] 
    },
    {
      "code": "color",
      "states": [ 
        "azure", 
        "black", 
        "brown", 
        "crimson",
        "gray",
        "green", 
        "orange", 
        "pink", 
        "purple",
        "white",
        "yellow" 
      ]
    },
    {
      "code": "variant",
      "states": [ 
        "fired0", 
        "fired1", 
        "fired2", 
        "fired3"
      ]
    }
  ],
  "skipVariants": [
    "clayworks:brickcourse-*-white-fired0",
    "clayworks:brickcourse-*-white-fired2",
    "clayworks:brickcourse-*-gray-fired0",
    "clayworks:brickcourse-*-gray-fired3",
    "clayworks:brickcourse-*-black-fired0",
    "clayworks:brickcourse-*-black-fired2"
  ],
  "shape": { 
    "base": "game:block/basic/cube" 
  },
  "drawtype": "Cube",
  "blockmaterial": "Ceramic",
  "creativeinventory": {
    "general": [ 
      "*" 
    ],
    "construction": [ 
      "*" 
    ],
    "clayworks": [
      "*"
    ]
  },
  "replaceable": 700,
  "resistance": 2,
  "lightAbsorption": 99,
  "texturesByType": {
    "*-eight-header*": {
      "all": {
        "base": "game:block/clay/brick/eight/{type}/cream1",
        "blendedOverlays": [
          {
            "base": "clayworks:block/clay/color/{variant}/{color}",
            "blendMode": "Multiply"
          },
          {
            "base":"clayworks:block/clay/brick/eight/{type}",
            "blendMode": "Normal"
          }
        ]
      }
    },
    "*-eight-soldiero": {
      "all": {
        "base": "game:block/clay/brick/eight/soldiero/cream1",
        "blendedOverlays": [
          {
            "base": "clayworks:block/clay/color/{variant}/{color}",
            "blendMode": "Multiply"
          },
          {
            "base":"clayworks:block/clay/brick/eight/",
            "blendMode": "Normal"
          }
        ]
      }
    },
    "*-eight-*": {
      "all": {
        "base": "game:block/clay/brick/eight/{type}/cream1",
        "blendedOverlays": [
          {
            "base": "clayworks:block/clay/color/{variant}/{color}",
            "blendMode": "Multiply"
          },
          {
            "base":"clayworks:block/clay/brick/eight/{type}",
            "blendMode": "Normal"
          }
        ],
        "alternatives":
        [
          {
            "base": "game:block/clay/brick/eight/{type}/cream2",
            "blendedOverlays": [
              {
                "base": "clayworks:block/clay/color/{variant}/{color}",
                "blendMode": "Multiply"
              },
              {
                "base":"clayworks:block/clay/brick/eight/{type}",
                "blendMode": "Normal"
              }
            ]
          }
        ]
      }
    },
    "*-four-soldiero": {
      "all": {
        "base": "game:block/clay/brick/four/soldiero/cream1",
        "blendedOverlays": [
          {
            "base": "clayworks:block/clay/color/{variant}/{color}",
            "blendMode": "Multiply"
          },
          {
            "base":"clayworks:block/clay/brick/four/soldiero",
            "blendMode": "Normal"
          }
        ]
      }
    },
    "*-four-soldier": {
      "all": {
        "base": "game:block/clay/brick/four/soldier/cream1",
        "blendedOverlays": [
          {
            "base": "clayworks:block/clay/color/{variant}/{color}",
            "blendMode": "Multiply"
          },
          {
            "base":"clayworks:block/clay/brick/four/soldier",
            "blendMode": "Normal"
          }
        ],
        "alternatives":
        [
          {
            "base": "game:block/clay/brick/four/soldier/cream2",
            "blendedOverlays": [
              {
                "base": "clayworks:block/clay/color/{variant}/{color}",
                "blendMode": "Multiply"
              },
              {
                "base":"clayworks:block/clay/brick/four/soldier",
                "blendMode": "Normal"
              }
            ]
          },
          {
            "base": "game:block/clay/brick/four/soldier/cream3",
            "blendedOverlays": [
              {
                "base": "clayworks:block/clay/color/{variant}/{color}",
                "blendMode": "Multiply"
              },
              {
                "base":"clayworks:block/clay/brick/four/soldier",
                "blendMode": "Normal"
              }
            ]
          }
        ]
      }
    },
    "*-four-running-*": {
      "all": {
        "base": "game:block/clay/brick/four/running/cream1",
        "blendedOverlays": [
          {
            "base": "clayworks:block/clay/color/{variant}/{color}",
            "blendMode": "Multiply"
          },
          {
            "base":"clayworks:block/clay/brick/four/running",
            "blendMode": "Normal"
          }
        ],
        "alternatives":
        [
          {
            "base": "game:block/clay/brick/four/running/cream2",
            "blendedOverlays": [
              {
                "base": "clayworks:block/clay/color/{variant}/{color}",
                "blendMode": "Multiply"
              },
              {
                "base":"clayworks:block/clay/brick/four/running",
                "blendMode": "Normal"
              }
            ]
          },
          {
            "base": "game:block/clay/brick/four/running/cream3",
            "blendedOverlays": [
              {
                "base": "clayworks:block/clay/color/{variant}/{color}",
                "blendMode": "Multiply"
              },
              {
                "base":"clayworks:block/clay/brick/four/running",
                "blendMode": "Normal"
              }
            ]
          },
          {
            "base": "game:block/clay/brick/four/running/cream4",
            "blendedOverlays": [
              {
                "base": "clayworks:block/clay/color/{variant}/{color}",
                "blendMode": "Multiply"
              },
              {
                "base":"clayworks:block/clay/brick/four/running",
                "blendMode": "Normal"
              }
            ]
          },
          {
            "base": "game:block/clay/brick/four/running/cream5",
            "blendedOverlays": [
              {
                "base": "clayworks:block/clay/color/{variant}/{color}",
                "blendMode": "Multiply"
              },
              {
                "base":"clayworks:block/clay/brick/four/running",
                "blendMode": "Normal"
              }
            ]
          }
        ]
      }
    },
    "*-four-*": {
      "all": {
        "base": "game:block/clay/brick/four/{type}/cream1",
        "blendedOverlays": [
          {
            "base": "clayworks:block/clay/color/{variant}/{color}",
            "blendMode": "Multiply"
          },
          {
            "base":"clayworks:block/clay/brick/four/{type}",
            "blendMode": "Normal"
          }
        ],
        "alternatives":
        [
          {
            "base": "game:block/clay/brick/four/{type}/cream2",
            "blendedOverlays": [
              {
                "base": "clayworks:block/clay/color/{variant}/{color}",
                "blendMode": "Multiply"
              },
              {
                "base":"clayworks:block/clay/brick/four/{type}",
                "blendMode": "Normal"
              }
            ]
          }
        ]
      }
    }
  },
  "sounds": {
    "walk": "game:walk/stone",
    "place": "game:block/ceramicplace"
  },
  "heldTpIdleAnimation": "holdbothhandslarge",
  "heldTpUseAnimation": "twohandplaceblock",
  "tpHandTransform": {
    "translation": {
      "x": -1.23,
      "y": -0.91,
      "z": -0.8
    },
    "rotation": {
      "x": -2,
      "y": 25,
      "z": -78
    },
    "scale": 0.4
  }
}
