{
  "enabled": true,
	"code": "bucket",
	"classByType": {
    "*-raw": "Block",
    "*": "BlockBucket"
  },
	"entityClassByType": {
    "*-raw": null,
    "*":  "Bucket"
  },
	"behaviorsByType": { 
    "*-raw": [
		  { 
        "name": "GroundStorable", 
        "properties": { 
          "layout": "Quadrants", 
          "placeRemoveSound": "game:sounds/player/build", 
          "collisionBox": { 
            "x1": 0, 
            "y1": 0, 
            "z1": 0, 
            "x2": 1, 
            "y2": 0.3125, 
            "z2": 1 
          } 
        } 
      },
			{ 
        "name": "Unplaceable"
      },
      { 
        "name": "RightClickPickup"
      } 
    ],
    "*": [
		  { 
        "name": "GroundStorable", 
        "properties": { 
          "layout": "Quadrants", 
          "placeRemoveSound": "game:sounds/player/build", 
          "collisionBox": { 
            "x1": 0, 
            "y1": 0, 
            "z1": 0, 
            "x2": 1, 
            "y2": 0.3125, 
            "z2": 1 
          } 
        } 
      },
		  {
        "name": "Lockable"
      },
			{ 
        "name": "Unplaceable"
      },
		  {
        "name": "UnstableFalling"
      }, 
		  { 
        "name": "RightClickPickup"
      }, 
		  { 
        "name": "MilkingContainer" 
      } 
	  ]
  },
  "variantGroups": [
    {
      "code": "variant",
      "states": [
        "black",
        "azure",
        "brown",
        "gray",
        "green",
        "orange",
        "pink",
        "purple",
        "crimson",
        "white",
        "yellow",
        "naturalred",
        "naturalfire",
        "naturalblue"
      ]
    },
    {
      "code": "type",
      "states": [
        "raw", 
        "fired0",
        "fired1",
        "fired2",
        "fired3"
      ]
    }
  ],
  "attributesByType": {
    "*-naturalfire-raw": {
      "shelvable": true
    },
    "*-raw": {
      "shelvable": true,
      "beehivekiln": {
        "0": {
          "type": "block",
          "code": "clayworks:bucket-{variant}-fired0"
        },
        "1": {
          "type": "block",
          "code": "clayworks:bucket-{variant}-fired1"
        },
        "2": {
          "type": "block",
          "code": "clayworks:bucket-{variant}-fired2"
        },
        "3": {
          "type": "block",
          "code": "clayworks:bucket-{variant}-fired3"
        }
      }
    },
    "*": {
      "shelvable": true,
		  "reinforcable": true,
		  "liquidContainerProps": {
			  "capacityLitres": 5,
			  "transferSizeLitres": 1,
			  "emptyShapeLoc": "clayworks:shapes/block/clay/bucket/bucket",
			  "opaqueContentShapeLoc": "clayworks:shapes/block/clay/bucket/contents",
			  "liquidContentShapeLoc": "clayworks:shapes/block/clay/bucket/liquidcontents",
			  "liquidMaxYTranslate": 0.2375
		  }
    }
	},
  "combustiblePropsByType": {
    "*-naturalfire-raw": {
      "meltingPoint": 600,
      "meltingDuration": 45,
      "smeltedRatio": 1,
      "smeltingType": "fire",
      "smeltedStack": {
        "type": "block",
        "code": "clayworks:bucket-naturalfire-fired2",
        "attributes": {
          "type": "normal"
        }
      },
      "requiresContainer": false
    },
    "*-naturalred-raw": {
      "meltingPoint": 600,
      "meltingDuration": 45,
      "smeltedRatio": 1,
      "smeltingType": "fire",
      "smeltedStack": {
        "type": "block",
        "code": "clayworks:bucket-naturalred-fired2",
        "attributes": {
          "type": "normal"
        }
      },
      "requiresContainer": false
    },
    "*-raw": {
      "meltingPoint": 600,
      "meltingDuration": 45,
      "smeltedRatio": 1,
      "smeltingType": "fire",
      "smeltedStack": {
        "type": "block",
        "code": "clayworks:bucket-naturalblue-fired3"
      },
      "requiresContainer": false
    }
  },
	"creativeinventory": { 
    "general": [
      "*"
    ], 
    "decorative": [
      "*"
    ],
    "clayworks": [
      "*"
    ]
  },
	"shape": { 
    "base": "clayworks:shapes/block/clay/bucket/bucket" 
  },
	"sidesolid": {
		"all": false
	},
	"sideopaque": {
		"all": false
	},
	"blockmaterial": "Ceramic",
  "texturesByType": {
    "*-raw": {
      "all": {
        "base": "clayworks:block/clay/color/raw/{variant}",
        "overlays": [
          "clayworks:block/clay/overlay/raw"
        ]
      }
    },
    "*-naturalfire-fired2": {
      "all": {
        "base": "game:block/clay/hardened/fire",
        "overlays": [
          "clayworks:block/clay/overlay/flowerpot_sides_natural"
        ]
      }
    },
    "*-naturalfire-*": {
      "all": {
        "base": "clayworks:block/clay/color/{type}/{variant}",
        "overlays": [
          "clayworks:block/clay/overlay/flowerpot_sides_natural"
        ]
      }
    },
    "*-naturalred-fired0": {
      "all": {
        "base": "game:block/clay/hardened/tan",
        "overlays": [
          "clayworks:block/clay/overlay/flowerpot_sides_natural"
        ]
      }
    },
    "*-naturalred-fired1": {
      "all": {
        "base": "game:block/clay/hardened/orange",
        "overlays": [
          "clayworks:block/clay/overlay/flowerpot_sides_natural"
        ]
      }
    },
    "*-naturalred-fired2": {
      "all": {
        "base": "game:block/clay/hardened/red",
        "overlays": [
          "clayworks:block/clay/overlay/flowerpot_sides_natural"
        ]
      }
    },
    "*-naturalred-fired3": {
      "all": {
        "base": "game:block/clay/hardened/brown",
        "overlays": [
          "clayworks:block/clay/overlay/flowerpot_sides_natural"
        ]
      }
    },
    "*-naturalblue-fired0": {
      "all": {
        "base": "game:block/clay/hardened/cream",
        "overlays": [
          "clayworks:block/clay/overlay/flowerpot_sides_natural"
        ]
      }
    },
    "*-naturalblue-fired1": {
      "all": {
        "base": "game:block/clay/hardened/gray",
        "overlays": [
          "clayworks:block/clay/overlay/flowerpot_sides_natural"
        ]
      }
    },
    "*-naturalblue-fired2": {
      "all": {
        "base": "game:block/clay/hardened/black",
        "overlays": [
          "clayworks:block/clay/overlay/flowerpot_sides_natural"
        ]
      }
    },
    "*-naturalblue-fired3": {
      "topbottom": {
        "base": "game:block/clay/flowerpot/topbottom/burnt"
      },
      "sides": {
        "base": "game:block/clay/flowerpot/sides/burnt"
      }
    },
    "*": {
      "topbottom": {
        "base": "game:block/clay/hardened/cream",
        "overlays": [
          "clayworks:block/clay/color/{type}/{variant}",
          "clayworks:block/clay/overlay/flowerpot"
        ]
      },
      "sides": {
        "base": "game:block/clay/hardened/cream",
        "overlays": [
          "clayworks:block/clay/color/{type}/{variant}",
          "clayworks:block/clay/overlay/flowerpot_sides"
        ]
      }
    }
  },
	"heldTpIdleAnimation": "holdbothhands",
	"heldTpUseAnimation": "twohandplaceblock",
	"replaceable": 500,
	"resistance": 1.5,
	"maxStackSize": 4,
	"liquidSelectable": 1,
	"lightAbsorption": 0,
	"sounds": {
		"place": "game:block/ceramicplace",
		"hit": "game:block/ceramichit",
		"break": "game:block/ceramicplace",
		"walk": "game:walk/stone"
	},
	"collisionbox": {
		"x1": 0.25, 
    "y1": 0, 
    "z1": 0.25, 
    "x2": 0.75, 
    "y2": 0.75, 
    "z2": 0.75
	},
	"selectionbox": {
		"x1": 0.25, 
    "y1": 0, 
    "z1": 0.25, 
    "x2": 0.75, 
    "y2": 0.75, 
    "z2": 0.75
	},
	"materialDensity": 400,
	"tpHandTransform": {
		"translation": { 
      "x": -1.3, 
      "y": -0.56, 
      "z": -1.1 
    },
		"rotation": { 
      "x": -111, 
      "y": -12, 
      "z": -95 
    },
    "origin": {
      "x": 0.5,
      "y": 0.2,
      "z": 0.5
    },
		"scale": 0.45
	},
	"guiTransform": {
		"origin": { 
      "x": 0.5, 
      "y": 0.3, 
      "z": 0.5 
    },
		"scale": 2.2
	},
	"fpHandTransform": {
		"scale": 1.5
	},
	"groundTransform": {
		"origin": { 
      "x": 0.5, 
      "y": 0, 
      "z": 0.5 
    },
		"scale": 2
	}
}
