{
  "enabled": true,
	"code": "claybrickchimney",
	"behaviors": [ 
    {
      "name": "Chimney"
    }, 
    {
      "name": "NWOrientable"
    } 
  ],
	"attributes": {
		"handbook": {
			"groupBy": [
        "claybrickchimney-*"
      ]
		}
	},
  "variantgroups": [
    {
      "code": "state",
      "states": [ 
        "four"
      ]
    },
    {
      "code": "color",
      "states": [ 
        "azure", 
        "black", 
        "brown", 
        "crimson",
        "gray",
        "green", 
        "orange", 
        "pink", 
        "purple",
        "white",
        "yellow" 
      ]
    },
    {
      "code": "variant",
      "states": [ 
        "fired0", 
        "fired1", 
        "fired2", 
        "fired3"
      ]
    },
		{ 
      "code": "orientation", 
      "states": [
        "ns", 
        "we"
      ] 
    }
  ],
  "skipVariants": [
    "*-white-fired0-*",
    "*-white-fired2-*",
    "*-gray-fired0-*",
    "*-gray-fired3-*",
    "*-black-fired0-*",
    "*-black-fired2-*"
  ],
	"shapeByType": {
		"*-ns": { 
      "base": "game:block/clay/chimney" 
    },
		"*-we": { 
      "base": "game:block/clay/chimney", 
      "rotateY": 90 
    }
	},
	"blockmaterial": "Ceramic",
	"creativeinventory": { 
    "general": [
      "claybrickchimney-*-ns"
    ], 
    "decorative": [
      "claybrickchimney-*-ns"
    ], 
    "clayworks": [
      "claybrickchimney-*-ns"
    ] 
  },
	"replaceable": 700,
	"resistance": 3,
	"lightAbsorption": 1,
  "texturesByType": {
    "*-four-*": {
      "brick": {
        "base": "game:block/clay/brick/four/running/cream1",
        "blendedOverlays": [
          {
            "base": "clayworks:block/clay/color/{variant}/{color}",
            "blendMode": "Multiply"
          },
          {
            "base":"clayworks:block/clay/brick/four/running",
            "blendMode": "Normal"
          }
        ]
      },
		  "black": { 
			  "base": "game:block/coal/bituminous" 
      }
    }
  },
	"sounds": {
		"walk": "game:walk/stone",
	},
	"sideopaque": {
		"all": false
	},
	"sidesolid": {
		"all": false,
		"down": true
	},
	"particlePropertiesByType": {
		"*-ns": [
			{
				"hsvaColor": [
          { 
            "avg": 0, 
            "var": 0 
          }, 
          { 
            "avg": 0, 
            "var": 0 
          }, 
          { 
            "avg": 140, 
            "var": 20 
          },  
          { 
            "avg": 220, 
            "var": 50 
          }
        ],
				"opacityEvolve": { 
          "transform": "quadratic", 
          "factor": -24 
        },
				"gravityEffect": { 
          "avg": 0, 
          "var": 0 
        },
				"posOffset": [ 
          { 
            "avg": 0, 
            "var": 0.1 
          }, 
          { 
            "avg": 0.3, 
            "var": 0 
          }, 
          { 
            "avg": 0, 
            "var": 0.4 
          }
        ],
				"velocity": [ 
          { 
            "avg": 0, 
            "var": 0.05 
          }, 
          { 
            "avg": 0.4, 
            "var": 0.05 
          }, 
          { 
            "avg": 0, 
            "var": 0.05 
          }
        ],
				"quantity": { 
          "avg": 0.1 
        },
				"size": { 
          "avg": 0.6, 
          "var": 0.08 
        },
				"sizeEvolve": { 
          "transform": "linear", 
          "factor": 3 
        },
				"particleModel": "Quad",
				"lifeLength": { 
          "avg": 14 
        },
				"selfPropelled": true,
				"windAffectednes": 0.5
			}
		],
		"*-we": [
			{
				"hsvaColor": [
          { 
            "avg": 0, 
            "var": 0 
          }, 
          { 
            "avg": 0, 
            "var": 0 
          }, 
          { 
            "avg": 140, 
            "var": 20 
          },  
          { 
            "avg": 220, 
            "var": 50 
          }
        ],
				"opacityEvolve": { 
          "transform": "quadratic", 
          "factor": -24 
        },
				"gravityEffect": { 
          "avg": 0, 
          "var": 0 
        },
				"posOffset": [ 
          { 
            "avg": 0, 
            "var": 0.4 
          }, 
          { 
            "avg": 0.3, 
            "var": 0 
          }, 
          { 
            "avg": 0, 
            "var": 0.1 
          }
        ],
				"velocity": [ 
          { 
            "avg": 0, 
            "var": 0.05 
          }, 
          { 
            "avg": 0.4, 
            "var": 0.05 
          }, 
          { 
            "avg": 0, 
            "var": 0.05 
          }
        ],
				"quantity": { 
          "avg": 0.1 
        },
				"size": { 
          "avg": 0.6, 
          "var": 0.08 
        },
				"sizeEvolve": { 
          "transform": "linear", 
          "factor": 3 
        },
				"particleModel": "Quad",
				"lifeLength": { 
          "avg": 14 
        },
				"selfPropelled": true,
				"windAffectednes": 0.5
			}
		],
	},
	"collisionbox": { 
		"x1": 0.25, 
    "y1": 0, 
    "z1": 0.0625, 
    "x2": 0.75, 
    "y2": 0.5, 
    "z2": 0.9375,
		"rotateYByType": {
			"*-ns": 0,
			"*-we": 90
		}
	},
	"selectionbox": { 
		"x1": 0.25, 
    "y1": 0, 
    "z1": 0.0625, 
    "x2": 0.75, 
    "y2": 0.75, 
    "z2": 0.9375,
		"rotateYByType": {
			"*-ns": 0,
			"*-we": 90
		}
	},
	"particlecollisionboxes": [ 
    { 
      "x1": 0, 
      "y1": 0, 
      "z1": 0.0625, 
      "x2": 0.125, 
      "y2": 0.5, 
      "z2": 0.9375, 
      "rotateYByType": {
        "*-ns": 0, 
        "*-we": 90 
      }
    },
		{ 
      "x1": 0.875, 
      "y1": 0, 
      "z1": 0.0625, 
      "x2": 1, 
      "y2": 0.5, 
      "z2": 0.9375, 
      "rotateYByType": {
        "*-ns": 0, 
        "*-we": 90 
      }
    },
		{ 
      "x1": 0.25, 
      "y1": 0, 
      "z1": 0.495, 
      "x2": 0.75, 
      "y2": 0.5, 
      "z2": 0.505, 
      "rotateYByType": {
        "*-ns": 0, 
        "*-we": 90 
      }
    }
	]
}
