{
  "enabled": true,
  "code": "clayplate",
  "class": "Block",
  "variantGroups": [
    {
      "code": "variant",
      "states": [
        "black",
        "azure",
        "brown",
        "gray",
        "green",
        "orange",
        "pink",
        "purple",
        "crimson",
        "white",
        "yellow",
        "naturalred",
        "naturalfire",
        "naturalblue"
      ]
    },
    {
      "code": "type",
      "states": [
        "raw", 
        "fired0",
        "fired1",
        "fired2",
        "fired3"
      ]
    }
  ],
  "behaviorsByType": {
    "*": [
      {
        "name": "GroundStorable",
        "properties": {
          "layout": "Stacking",
          "placeRemoveSound": "game:block/ceramicplace",
          "stackingModel": "clayworks:block/clay/clayplate_stacked",
          "modelItemsToStackSizeRatio": 6,
          "tessQuanityElements": 1,
          "stackingCapacity": 16,
          "transferQuanity": 1,
          "ibulkTransferQuanity": 4,
          "collisionBox": {
            "x1": 0,
            "y1": 0,
            "z1": 0,
            "x2": 1,
            "y2": 0.1,
            "z2": 1
          },
          "cbScaleYByLayer": 0.6,
          "maxFireable": 12
        }
      },
		  { 
        "name": "Unplaceable"
      },
      { 
        "name": "RightClickPickup"
      }
    ]
  },
  "attributesByType": {
    "*-raw": {
      "shelvable": true,
      "beehivekiln": {
        "0": {
          "type": "block",
          "code": "clayworks:clayplate-{variant}-fired0"
        },
        "1": {
          "type": "block",
          "code": "clayworks:clayplate-{variant}-fired1"
        },
        "2": {
          "type": "block",
          "code": "clayworks:clayplate-{variant}-fired2"
        },
        "3": {
          "type": "block",
          "code": "clayworks:clayplate-{variant}-fired3"
        }
      }
    }
  },
  "shape": {
    "base": "clayworks:block/clay/clayplate"
  },
	"texturesByType": {
		"*-raw": { 
			"blue": { 
        "base": "clayworks:block/clay/color/raw/{variant}" 
      },
      "oak": {
        "base": "game:block/wood/oak"
      }
		},
    "*-naturalfire-fired2": {
      "blue": {
        "base": "game:block/clay/hardened/fire"
      },
      "oak": {
        "base": "game:block/wood/oak"
      }
    },
    "*-naturalfire-*": {
      "blue": {
        "base": "clayworks:block/clay/color/{type}/{variant}",
        "overlays": [
          "clayworks:block/clay/overlay/vessel_natural"
        ]
      },
      "oak": {
        "base": "game:block/wood/oak"
      }
    },
    "*-naturalred-fired0": {
      "blue": {
        "base": "clayworks:block/clay/hardened/tan"
      },
      "oak": {
        "base": "game:block/wood/oak"
      }
    },
    "*-naturalred-fired1": {
      "blue": {
        "base": "clayworks:block/clay/hardened/orange"
      },
      "oak": {
        "base": "game:block/wood/oak"
      }
    },
    "*-naturalred-fired2": {
      "blue": {
        "base": "clayworks:block/clay/hardened/red"
      },
      "oak": {
        "base": "game:block/wood/oak"
      }
    },
    "*-naturalred-fired3": {
      "blue": {
        "base": "clayworks:block/clay/hardened/brown"
      },
      "oak": {
        "base": "game:block/wood/oak"
      }
    },
    "*-naturalblue-fired0": {
      "blue": {
        "base": "clayworks:block/clay/hardened/cream"
      },
      "oak": {
        "base": "game:block/wood/oak"
      }
    },
    "*-naturalblue-fired1": {
      "blue": {
        "base": "clayworks:block/clay/hardened/gray"
      },
      "oak": {
        "base": "game:block/wood/oak"
      }
    },
    "*-naturalblue-fired2": {
      "blue": {
        "base": "clayworks:block/clay/hardened/black"
      },
      "oak": {
        "base": "game:block/wood/oak"
      }
    },
    "*-naturalblue-fired3": {
      "blue": {
        "base": "clayworks:block/clay/hardened/blue"
      },
      "oak": {
        "base": "game:block/wood/oak"
      }
    },
    "*": {
			"blue": { 
        "base":  "clayworks:block/clay/hardened/cream",
        "overlays": [
          "clayworks:block/clay/color/{type}/{variant}",
          "clayworks:block/clay/overlay/vessel"
        ]
      },
      "oak": {
        "base": "game:block/wood/oak"
      }
    }
	},
  "blockmaterial": "Ceramic",
  "creativeInventory": {
    "general": [
      "*"
    ],
    "decorative": [
      "*"
    ],
    "clayworks": [
    "*"
    ]
  },
  "combustiblePropsByType": {
    "*-naturalfire-raw": {
      "meltingPoint": 600,
      "meltingDuration": 45,
      "smeltedRatio": 1,
      "smeltingType": "fire",
      "smeltedStack": {
        "type": "block",
        "code": "clayworks:clayplate-naturalfire-fired2"
      },
      "requiresContainer": false
    },
    "*-naturalred-raw": {
      "meltingPoint": 600,
      "meltingDuration": 45,
      "smeltedRatio": 1,
      "smeltingType": "fire",
      "smeltedStack": {
        "type": "block",
        "code": "clayworks:clayplate-naturalred-fired2"
      },
      "requiresContainer": false
    },
    "*-raw": {
      "meltingPoint": 600,
      "meltingDuration": 45,
      "smeltedRatio": 1,
      "smeltingType": "fire",
      "smeltedStack": {
        "type": "block",
        "code": "clayworks:clayplate-naturalblue-fired3"
      },
      "requiresContainer": false
    }
  },
  "replaceable": 1000,
  "resistance": 0.8,
  "maxStackSize": 16,
  "sideAo": {
    "all": false
  },
  "lightAbsorption": 0,
  "sounds": {
    "walk": "game:walk/stone",
    "break": "game:block/ceramicplace",
    "hit": "game:block/ceramichit",
    "place": "game:block/ceramicplace"    
  },
  "sideopaque": {
    "all": false
  },
  "sidesolid": {
    "all": false
  },
	"collisionbox": { 
    "x1": 0.25, 
    "y1": 0, 
    "z1": 0.25, 
    "x2": 0.75, 
    "y2": 0.3125, 
    "z2": 0.75 
  },
	"selectionbox": { 
    "x1": 0.25, 
    "y1": 0, 
    "z1": 0.25, 
    "x2": 0.75, 
    "y2": 0.3125, 
    "z2": 0.75 
  },
	"guiTransform": {
		"rotation": { 
      "x": -22.6, 
      "y": -125, 
      "z": 0 
    },
		"origin": { 
      "x": 0.5, 
      "y": 0.18, 
      "z": 0.5 
    },
		"scale": 1.5
	},
	"groundTransform": {
		"scale": 3
	},
	"fpHandTransform": {
		"translation": { 
      "x": 0, 
      "y": 0, 
      "z": 0.5 
    },
		"origin": { 
      "x": 0.5, 
      "y": 0, 
      "z": 0.5 
    },
		"scale": 2
	},
	"tpHandTransform": {
		"translation": { 
      "x": -0.56, 
      "y": -0.03, 
      "z": -0.52 
    },
		"rotation": { 
      "x": -139, 
      "y": -21, 
      "z": -118 
    },
		"origin": { 
      "x": 0.5, 
      "y": 0.01, 
      "z": 0.5 
    },
		"scale": 0.81
	}
}
