{
  "enabled": false,
	"code": "crate",
	"classByType": {
    "*-raw": "Block",
    "*": "BlockCrate"
  },
	"entityClassByType": {
    "*-raw": null,
    "*": "Crate"
  },
	"behaviorsByType": { 
    "*-raw": [ 
			{ 
        "name": "GroundStorable", 
        "properties": { 
          "layout": "SingleCenter" 
        } 
      },
			{ 
        "name": "Unplaceable"
      },
      { 
        "name": "RightClickPickup"
      } 
		],
    "*": [
		  {
        "name": "Lockable"
      }, 
		  {
        "name": "UnstableFalling"
      },
      {
        "name": "Container"
      },
      {
        "name": "BoatableCrate"
      }
    ]
  },
  "variantGroups": [
    {
      "code": "variant",
      "states": [
        "black",
        "azure",
        "brown",
        "gray",
        "green",
        "orange",
        "pink",
        "purple",
        "crimson",
        "white",
        "yellow",
        "naturalred",
        "naturalfire",
        "naturalblue"
      ]
    },
    {
      "code": "type",
      "states": [
        "raw", 
        "fired0",
        "fired1",
        "fired2",
        "fired3"
      ]
    }
  ],
	"shape": { 
    "base": "clayworks:block/clay/crate/crate_open" 
  },
	"creativeinventory": { 
    "general": [
      "*"
    ], 
    "decorative": [
      "*"
    ],
    "clayworks": [
      "*"
    ]
  },
	"blockmaterial": "Ceramic",
	"replaceable": 900,
	"resistance": 1.5,
	"maxStackSize": 1,
	"lightAbsorption": 1,
  "texturesByType": {
    "*-raw": {
      "all": {
        "base": "clayworks:block/clay/color/raw/{variant}",
        "overlays": [
          "clayworks:block/clay/overlay/raw"
        ]
      }
    },
    "*-natural*": {
      "ceramic": {
        "base": "clayworks:block/clay/vessel/side/{type}/{variant}"
      }
    },
    "*": {
      "ceramic": {
        "base": "clayworks:block/clay/color/{type}/{variant}",
        "overlays": [
          "clayworks:block/clay/overlay/vessel"
        ]
      },
      "ceramic-sides": {
        "base": "clayworks:block/clay/color/{type}/{variant}",
        "overlays": [
          "clayworks:block/clay/overlay/barrel_sides"
        ]
      }
    }
  },
  "attributesByType": {
    "*-raw": {
      "properties": {
        "shape": {
          "base": "clayworks:block/clay/crate/crate_open"
        }
      },
      "shelvable": true,
      "beehivekiln": {
        "0": {
          "type": "block",
          "code": "clayworks:crate-{variant}-fired0",
          "attributes": {
            "type": "normal"
          }
        },
        "1": {
          "type": "block",
          "code": "clayworks:crate-{variant}-fired1",
          "attributes": {
            "type": "normal"
          }
        },
        "2": {
          "type": "block",
          "code": "clayworks:crate-{variant}-fired2",
          "attributes": {
            "type": "normal"
          }
        },
        "3": {
          "type": "block",
          "code": "clayworks:crate-{variant}-fired3",
          "attributes": {
            "type": "normal"
          }
        }
      }
    },
    "*": {
      "spoilSpeedMulByFoodCat": {
        "vegetable": 0.8,
        "fruit": 0.9
      },
      "defaultType": "naturalblue-fired3",
		  "reinforcable": true,
		  "partialAttachable": true,
      "inventoryClassName": "crate",
      "properties": {
        "quantitySlots": 16,
        "rotatableInterval": "22.5deg",
        "shape": {
          "base": "clayworks:block/clay/crate/crate_open"
        }
      },
		  "labels": {
			  "paper-building": {
				  "texture": "game:label-building",
				  "shape": { "base": "game:block/wood/crate/label-paper" }
			  },
			  "paper-decoration": {
				  "texture": "game:label-decoration",
				  "shape": { "base": "game:block/wood/crate/label-paper" }
			  },
			  "paper-defense": {
				  "texture": "game:label-defense",
				  "shape": { "base": "game:block/wood/crate/label-paper" }
			  },
			  "paper-empty": {
				  "editableShape": { "base": "game:block/wood/crate/label-paper-item" },
				  "texture": "game:label-empty",
				  "shape": { "base": "game:block/wood/crate/label-paper" }
			  },
			  "paper-ingredients": {
				  "texture": "game:label-ingredients",
				  "shape": { "base": "game:block/wood/crate/label-paper" }
			  },
			  "paper-storage": {
				  "texture": "game:label-storage",
				  "shape": { "base": "game:block/wood/crate/label-paper" }
			  },
			  "paper-tools": {
				  "texture": "game:label-tools",
				  "shape": { "base": "game:block/wood/crate/label-paper" }
			  },
			  "wood": {
				  "texture": "game:woodlabel-empty",
				  "editable": true,
				  "shape": { 
            "base": "game:block/wood/crate/label-wood" 
          }
			  }
		  }
    }
  },
  "combustiblePropsByType": {
    "*-naturalfire-raw": {
      "meltingPoint": 600,
      "meltingDuration": 45,
      "smeltedRatio": 1,
      "smeltingType": "fire",
      "smeltedStack": {
        "type": "block",
        "code": "clayworks:barrel-{variant}-fired2",
        "attributes": {
          "type": "normal"
        }
      },
      "requiresContainer": false
    },
    "*-raw": {
      "meltingPoint": 600,
      "meltingDuration": 45,
      "smeltedRatio": 1,
      "smeltingType": "fire",
      "smeltedStack": {
        "type": "block",
        "code": "clayworks:barrel-{variant}-fired3"
      },
      "requiresContainer": false
    }
  },
	"sideao": {
		"all": false
	},
	"sidesolid": {
		"all": false
	},
	"emitsideao": {
		"all": false
	},
	"sideopaque": {
		"all": false
	},
	"collisionbox": {
		"x1": 0, 
    "y1": 0, 
    "z1": 0,
		"x2": 1, 
    "y2": 0.9375, 
    "z2": 1
	},
	"selectionbox": {
		"x1": 0, 
    "y1": 0, 
    "z1": 0, 
		"x2": 1, 
    "y2": 0.9375, 
    "z2": 1
	},
	"sounds": {
		"place": "game:block/ceramicplace",
		"hit": "game:block/ceramichit",
		"break": "game:block/ceramicplace",
		"walk": "game:walk/stone"
	},
	"materialDensity": 600,
	"heldTpIdleAnimation": "holdbothhandslarge", 
  "heldRightReadyAnimation": "heldblockready", 
  "heldTpUseAnimation": "twohandplaceblock",
	"tpHandTransform": {
		"translation": { 
      "x": -1.7, 
      "y": -0.95, 
      "z": -0.69 
    },
		"rotation": { 
      "x": 12, 
      "y": 14, 
      "z": -81 
    },
		"scale": 0.36
	}
}
