{
  "enabled": false,
	"code": "crock",
	"behaviors": [
		{ 
      "name": "GroundStorable", 
      "properties": { 
        "layout": "Quadrants", 
        "placeRemoveSound": "game:sounds/player/build", 
        "collisionBox": { 
          "x1": 0, 
          "y1": 0, 
          "z1": 0, 
          "x2": 1, 
          "y2": 0.3125, 
          "z2": 1 
        } 
      } 
    },
    {
      "name": "Unplaceable"
    },
		{ 
      "name": "RightClickPickup" 
    }
	],
	"heldTpIdleAnimation": "holdbothhands",
	"heldTpUseAnimation": "twohandplaceblock",
	"classByType": {
		"crock-fired*-*": "BlockCrock"
	},
	"entityClassByType": {
		"crock-fired*-*": "Crock"
	},
	"variantgroups": [
		{ 
      "code": "state", 
      "states": [
        "fired0",
        "fired1",
        "fired2",
        "fired3"
      ] 
    },
    {
      "code": "color",
      "states": [
        "black",
        "azure",
        "brown",
        "gray",
        "green",
        "orange",
        "pink",
        "purple",
        "crimson",
        "white",
        "yellow",
        "naturalred",
        "naturalfire",
        "naturalblue"
      ]
    },
    {
      "code": "color2",
      "states": [
        "black",
        "azure",
        "brown",
        "gray",
        "green",
        "orange",
        "pink",
        "purple",
        "crimson",
        "white",
        "yellow",
        "naturalred",
        "naturalfire",
        "naturalblue"
      ]
    },
		{ 
      "code": "state2", 
      "states": [
        "fired0",
        "fired1",
        "fired2",
        "fired3"
      ] 
    },
		{ 
      "code": "side", 
      "loadFromProperties": "abstract/horizontalorientation" 
    }
	],
	"attributes": {
		"tempGlowMode": 1,
		"onTongTransform": {
			"translation": { 
        "x": -1.24,
        "y": -0.95,
        "z": -0.93 
      },
			"rotation": { 
        "x": 11, 
        "y": -27, 
        "z": -64 
      },
			"scale": 0.9
		}
	},
	"attributesByType": {
		"*-fired*": {
			"mealBlockCode": "clayworks:crock-{state}-{color}-{color2}-{state2}-{side}",
			"shelvable": true,
			"mealContainer": true,
			"servingCapacity": 4,
			"bowlContents": null,
			"handleLiquidContainerInteract": true,
			"handleCookingContainerInteract": true,
			"emptiedBlockCode": "clayworks:crock-{state}-{color}-{color2}-{state2}-{side}"
		}
	},
	"shapeByType": {
		"*-north": { 
      "base": "clayworks:block/clay/crock/base_separate", 
      "rotateY": 0 
    },
		"*-east": { 
      "base": "clayworks:block/clay/crock/base_separate", 
      "rotateY": 270 
    },
		"*-west": { 
      "base": "clayworks:block/clay/crock/base_separate", 
      "rotateY": 90 
    },
		"*-south": { 
      "base": "clayworks:block/clay/crock/base_separate", 
      "rotateY": 180 
    }
	},
	"doNotRenderAtLod2": true,
	"blockmaterial": "Ceramic",
	"creativeinventory": { 
    "general": [
      "*-east"
    ],
    "decorative": [
      "*-east"
    ],
    "clayworks": [
      "*-east"
    ]
  },
	"replaceable": 400,
	"resistance": 1.5,
	"maxStackSizeByType": {
		"*-raw-*": 8,
		"*": 1
	},
	"lightAbsorption": 0,
	"texturesByType": {
    "*": {
			"ceramic": { 
        "base":  "game:block/clay/hardened/cream",
        "overlays": [
          "clayworks:block/clay/color/{state}/{color}",
          "clayworks:block/clay/overlay/crock"
        ]
      },
			"pot-lid": { 
        "base":  "game:block/clay/hardened/cream",
        "overlays": [
          "clayworks:block/clay/color/{state2}/{color2}",
          "clayworks:block/clay/overlay/crock"
        ]
      },
			"label": { 
        "base": "game:block/clay/crock/label" 
      }
    }
	},
	"sounds": {
		"walk": "game:walk/stone"
	},
	"sideopaque": {
		"all": false
	},
	"sidesolid": {
		"all": false
	},
	"emitsideao": {
		"all": false
	},
	"collisionbox": { 
    "x1": 0.25, 
    "y1": 0, 
    "z1": 0.25, 
    "x2": 0.75, 
    "y2": 0.3125, 
    "z2": 0.75 
  },
	"selectionbox": { 
    "x1": 0.25, 
    "y1": 0, 
    "z1": 0.25, 
    "x2": 0.75, 
    "y2": 0.3125, 
    "z2": 0.75 
  },
	"guiTransform": {
		"rotation": { 
      "x": -22.6, 
      "y": -125, 
      "z": 0 
    },
		"origin": { 
      "x": 0.5, 
      "y": 0.18, 
      "z": 0.5 
    },
		"scale": 3.09
	},
	"groundTransform": {
		"scale": 3
	},
	"fpHandTransform": {
		"translation": { 
      "x": 0, 
      "y": 0, 
      "z": 0.5 
    },
		"origin": { 
      "x": 0.5, 
      "y": 0, 
      "z": 0.5 
    },
		"scale": 2
	},
	"tpHandTransform": {
		"translation": { 
      "x": -0.56, 
      "y": -0.03, 
      "z": -0.52 
    },
		"rotation": { 
      "x": -139, 
      "y": -21, 
      "z": -118 
    },
		"origin": { 
      "x": 0.5, 
      "y": 0.01, 
      "z": 0.5 
    },
		"scale": 0.81
	}
}
