{
  "enabled": false,
  "code": "crocklid",
  "class": "Block",
  "behaviors": [
		{ 
      "name": "GroundStorable", 
      "properties": { 
        "layout": "Quadrants", 
        "placeRemoveSound": "game:sounds/player/build", 
        "collisionBox": { 
          "x1": 0, 
          "y1": 0, 
          "z1": 0, 
          "x2": 1, 
          "y2": 0.3125, 
          "z2": 1 
        } 
      } 
    },
		{ 
      "name": "Unplaceable"
    },
    { 
      "name": "RightClickPickup"
    }
  ],
  "variantGroups": [
    {
      "code": "variant",
      "states": [
        "black",
        "azure",
        "brown",
        "gray",
        "green",
        "orange",
        "pink",
        "purple",
        "crimson",
        "white",
        "yellow",
        "naturalred",
        "naturalfire",
        "naturalblue"
      ]
    },
    {
      "code": "type",
      "states": [
        "raw", 
        "fired0",
        "fired1",
        "fired2",
        "fired3"
      ]
    }
  ],
  "attributesByType": {
    "*-raw": {
      "shelvable": true,
      "beehivekiln": {
        "0": {
          "type": "block",
          "code": "clayworks:crocklid-{variant}-fired0"
        },
        "1": {
          "type": "block",
          "code": "clayworks:crocklid-{variant}-fired1"
        },
        "2": {
          "type": "block",
          "code": "clayworks:crocklid-{variant}-fired2"
        },
        "3": {
          "type": "block",
          "code": "clayworks:crocklid-{variant}-fired3"
        }
      }
    }
  },
  "shape": {
    "base": "clayworks:block/clay/crock/lid"
  },
	"texturesByType": {
		"*-raw": { 
			"ceramic": { 
        "base": "clayworks:block/clay/color/raw/{variant}" 
      }
		},
    "*-naturalfire-fired2": {
      "ceramic": {
        "base": "game:block/clay/hardened/fire",
        "overlays": [
          "clayworks:block/clay/overlay/crock_natural"
        ]
      }
    },
    "*-naturalfire-*": {
      "ceramic": {
        "base": "clayworks:block/clay/color/{type}/{variant}",
        "overlays": [
          "clayworks:block/clay/overlay/crock_natural"
        ]
      }
    },
    "*-naturalred-fired0": {
      "ceramic": {
        "base": "game:block/clay/hardened/tan",
        "overlays": [
          "clayworks:block/clay/overlay/crock_natural"
        ]
      }
    },
    "*-naturalred-fired1": {
      "ceramic": {
        "base": "game:block/clay/hardened/orange",
        "overlays": [
          "clayworks:block/clay/overlay/crock_natural"
        ]
      }
    },
    "*-naturalred-fired2": {
      "ceramic": {
        "base": "game:block/clay/hardened/red",
        "overlays": [
          "clayworks:block/clay/overlay/crock_natural"
        ]
      }
    },
    "*-naturalred-fired3": {
      "ceramic": {
        "base": "game:block/clay/hardened/brown",
        "overlays": [
          "clayworks:block/clay/overlay/crock_natural"
        ]
      }
    },
    "*-naturalblue-fired0": {
      "ceramic": {
        "base": "game:block/clay/hardened/cream",
        "overlays": [
          "clayworks:block/clay/overlay/crock_natural"
        ]
      }
    },
    "*-naturalblu-fired1": {
      "ceramic": {
        "base": "game:block/clay/hardened/gray",
        "overlays": [
          "clayworks:block/clay/overlay/crock_natural"
        ]
      }
    },
    "*-naturalblue-fired2": {
      "ceramic": {
        "base": "game:block/clay/hardened/black",
        "overlays": [
          "clayworks:block/clay/overlay/crock_natural"
        ]
      }
    },
    "*-naturalblue-fired3": {
      "ceramic": {
        "base": "game:block/clay/crock/ceramic"
      }
    },
    "*": {
			"ceramic": { 
        "base":  "game:block/clay/hardened/cream",
        "overlays": [
          "clayworks:block/clay/color/{type}/{variant}",
          "clayworks:block/clay/overlay/crock"
        ]
      }
    }
	},
  "blockmaterial": "Ceramic",
  "creativeInventory": {
    "general": [
      "*"
    ],
    "decorative": [
      "*"
    ],
    "clayworks": [
    "*"
    ]
  },
  "combustiblePropsByType": {
    "*-naturalfire-raw": {
      "meltingPoint": 600,
      "meltingDuration": 45,
      "smeltedRatio": 1,
      "smeltingType": "fire",
      "smeltedStack": {
        "type": "block",
        "code": "clayworks:crocklid-naturalfire-fired2"
      },
      "requiresContainer": false
    },
    "*-naturalred-raw": {
      "meltingPoint": 600,
      "meltingDuration": 45,
      "smeltedRatio": 1,
      "smeltingType": "fire",
      "smeltedStack": {
        "type": "block",
        "code": "clayworks:crocklid-naturalred-fired2"
      },
      "requiresContainer": false
    },
    "*-raw": {
      "meltingPoint": 600,
      "meltingDuration": 45,
      "smeltedRatio": 1,
      "smeltingType": "fire",
      "smeltedStack": {
        "type": "block",
        "code": "clayworks:crocklid-naturalblue-fired3"
      },
      "requiresContainer": false
    }
  },
  "replaceable": 1000,
  "resistance": 0.8,
  "maxStackSize": 4,
  "sideAo": {
    "all": false
  },
  "lightAbsorption": 0,
  "sounds": {
    "walk": "game:walk/stone",
    "break": "game:block/ceramicplace",
    "hit": "game:block/ceramichit",
    "place": "game:block/ceramicplace"    
  },
  "sideopaque": {
    "all": false
  },
  "sidesolid": {
    "all": false
  },
	"collisionbox": { 
    "x1": 0.25, 
    "y1": 0, 
    "z1": 0.25, 
    "x2": 0.75, 
    "y2": 0.3125, 
    "z2": 0.75 
  },
	"selectionbox": { 
    "x1": 0.25, 
    "y1": 0, 
    "z1": 0.25, 
    "x2": 0.75, 
    "y2": 0.3125, 
    "z2": 0.75 
  },
	"guiTransform": {
		"rotation": { 
      "x": -22.6, 
      "y": -125, 
      "z": 0 
    },
		"origin": { 
      "x": 0.5, 
      "y": 0.18, 
      "z": 0.5 
    },
		"scale": 3.09
	},
	"groundTransform": {
		"scale": 3
	},
	"fpHandTransform": {
		"translation": { 
      "x": 0, 
      "y": 0, 
      "z": 0.5 
    },
		"origin": { 
      "x": 0.5, 
      "y": 0, 
      "z": 0.5 
    },
		"scale": 2
	},
	"tpHandTransform": {
		"translation": { 
      "x": -0.56, 
      "y": -0.03, 
      "z": -0.52 
    },
		"rotation": { 
      "x": -139, 
      "y": -21, 
      "z": -118 
    },
		"origin": { 
      "x": 0.5, 
      "y": 0.01, 
      "z": 0.5 
    },
		"scale": 0.81
	}
}
