{
  "enabled": true,
	"code": "crock",
	"behaviors": [
		{ 
      "name": "GroundStorable", 
      "properties": { 
        "layout": "Quadrants", 
        "placeRemoveSound": "game:sounds/player/build", 
        "collisionBox": { 
          "x1": 0, 
          "y1": 0, 
          "z1": 0, 
          "x2": 1, 
          "y2": 0.3125, 
          "z2": 1 
        } 
      } 
    },
    {
      "name": "Unplaceable"
    },
		{ 
      "name": "RightClickPickup" 
    }
	],
	"heldTpIdleAnimation": "holdbothhands",
	"heldTpUseAnimation": "twohandplaceblock",
	"classByType": {
		"crock-fired*-*": "BlockCrock"
	},
	"entityClassByType": {
		"crock-fired*-*": "Crock"
	},
	"variantgroups": [
		{ 
      "code": "state", 
      "states": [
        "raw", 
        "fired0",
        "fired1",
        "fired2",
        "fired3"
      ] 
    },
    {
      "code": "color",
      "states": [
        "black",
        "azure",
        "brown",
        "gray",
        "green",
        "orange",
        "pink",
        "purple",
        "crimson",
        "white",
        "yellow",
        "naturalred",
        "naturalfire",
        "naturalblue"
      ]
    },
		{ 
      "code": "side", 
      "loadFromProperties": "abstract/horizontalorientation" 
    }
	],
  "skipVariants": [
    "*-fired3-naturalblue-*"
  ],
	"attributes": {
		"tempGlowMode": 1,
		"onTongTransform": {
			"translation": { 
        "x": -1.24,
        "y": -0.95,
        "z": -0.93 
      },
			"rotation": { 
        "x": 11, 
        "y": -27, 
        "z": -64 
      },
			"scale": 0.9
		}
	},
	"attributesByType": {
		"*-fired*": {
			"mealBlockCode": "clayworks:crock-{state}-{color}-{side}",
			"shelvable": true,
			"mealContainer": true,
			"servingCapacity": 4,
			"bowlContents": null,
			"handleLiquidContainerInteract": true,
			"handleCookingContainerInteract": true,
			"emptiedBlockCode": "clayworks:crock-{state}-{color}-{side}"
		},
    "crock-raw-naturalfire-*": {
			"shelvable": true
    },
    "crock-raw-naturalblue-*": {
			"shelvable": true,
      "beehivekiln": {
        "0": {
          "type": "block",
          "code": "clayworks:crock-fired0-{color}-east"
        },
        "1": {
          "type": "block",
          "code": "clayworks:crock-fired1-{color}-east"
        },
        "2": {
          "type": "block",
          "code": "clayworks:crock-fired2-{color}-east"
        },
        "3": {
          "type": "block",
          "code": "game:crock-burned-east"
        }
      }
    },
    "crock-raw-*": {
      "shelvable": true,
      "beehivekiln": {
        "0": {
          "type": "block",
          "code": "clayworks:crock-fired0-{color}-east"
        },
        "1": {
          "type": "block",
          "code": "clayworks:crock-fired1-{color}-east"
        },
        "2": {
          "type": "block",
          "code": "clayworks:crock-fired2-{color}-east"
        },
        "3": {
          "type": "block",
          "code": "clayworks:crock-fired3-{color}-east"
        }
      }
    }
	},
	"combustiblePropsByType": {
		"crock-raw-naturalfire-*": {
			"meltingPoint": 600,
			"meltingDuration": 45,
			"smeltedRatio": 1,
			"smeltingType": "fire",
			"smeltedStack": { 
        "type": "block", 
        "code": "clayworks:crock-fired2-naturalfire-east" 
      },
			"requiresContainer": false
		},
		"crock-raw-naturalred-*": {
			"meltingPoint": 600,
			"meltingDuration": 45,
			"smeltedRatio": 1,
			"smeltingType": "fire",
			"smeltedStack": { 
        "type": "block", 
        "code": "clayworks:crock-fired2-naturalred-east" 
      },
			"requiresContainer": false
		},
		"crock-raw-*": {
			"meltingPoint": 600,
			"meltingDuration": 45,
			"smeltedRatio": 1,
			"smeltingType": "fire",
			"smeltedStack": { 
        "type": "block", 
        "code": "game:crock-burned-east" 
      },
			"requiresContainer": false
		}
	},
	"shapeByType": {
		"*-north": { 
      "base": "game:block/clay/crock/base", 
      "rotateY": 0 
    },
		"*-east": { 
      "base": "game:block/clay/crock/base", 
      "rotateY": 270 
    },
		"*-west": { 
      "base": "game:block/clay/crock/base", 
      "rotateY": 90 
    },
		"*-south": { 
      "base": "game:block/clay/crock/base", 
      "rotateY": 180 
    }
	},
	"doNotRenderAtLod2": true,
	"blockmaterial": "Ceramic",
	"creativeinventory": { 
    "general": [
      "*-east"
    ],
    "decorative": [
      "*-east"
    ],
    "clayworks": [
      "*-east"
    ]
  },
	"replaceable": 400,
	"resistance": 1.5,
	"maxStackSizeByType": {
		"*-raw-*": 8,
		"*": 1
	},
	"lightAbsorption": 0,
	"texturesByType": {
		"*-raw-*": { 
			"ceramic": { 
        "base": "clayworks:block/clay/color/raw/{color}" 
      },
			"pot-lid": { 
        "base": "clayworks:block/clay/color/raw/{color}" 
      },
			"label": { 
        "base": "game:block/transparent" 
      }
		},
    "*-fired2-naturalfire-*": {
      "ceramic": {
        "base": "game:block/clay/hardened/fire",
        "overlays": [
          "clayworks:block/clay/overlay/crock_natural"
        ]
      },
      "pot-lid": {
        "base": "game:block/clay/hardened/fire",
        "overlays": [
          "clayworks:block/clay/overlay/crock_natural"
        ]
      },
			"label": { 
        "base": "game:block/clay/crock/label" 
      }
    },
    "*-naturalfire-*": {
      "ceramic": {
        "base": "clayworks:block/clay/color/{state}/{color}",
        "overlays": [
          "clayworks:block/clay/overlay/crock_natural"
        ]
      },
      "pot-lid": {
        "base": "clayworks:block/clay/color/{state}/{color}",
        "overlays": [
          "clayworks:block/clay/overlay/crock_natural"
        ]
      },
			"label": { 
        "base": "game:block/clay/crock/label" 
      }
    },
    "*-fired0-naturalred-*": {
      "ceramic": {
        "base": "game:block/clay/hardened/tan",
        "overlays": [
          "clayworks:block/clay/overlay/crock_natural"
        ]
      },
      "pot-lid": {
        "base": "game:block/clay/hardened/tan",
        "overlays": [
          "clayworks:block/clay/overlay/crock_natural"
        ]
      },
			"label": { 
        "base": "game:block/clay/crock/label" 
      }
    },
    "*-fired1-naturalred-*": {
      "ceramic": {
        "base": "game:block/clay/hardened/orange",
        "overlays": [
          "clayworks:block/clay/overlay/crock_natural"
        ]
      },
      "pot-lid": {
        "base": "game:block/clay/hardened/orange",
        "overlays": [
          "clayworks:block/clay/overlay/crock_natural"
        ]
      },
			"label": { 
        "base": "game:block/clay/crock/label" 
      }
    },
    "*-fired2-naturalred-*": {
      "ceramic": {
        "base": "game:block/clay/hardened/red",
        "overlays": [
          "clayworks:block/clay/overlay/crock_natural"
        ]
      },
      "pot-lid": {
        "base": "game:block/clay/hardened/red",
        "overlays": [
          "clayworks:block/clay/overlay/crock_natural"
        ]
      },
			"label": { 
        "base": "game:block/clay/crock/label" 
      }
    },
    "*-fired3-naturalred-*": {
      "ceramic": {
        "base": "game:block/clay/hardened/brown",
        "overlays": [
          "clayworks:block/clay/overlay/crock_natural"
        ]
      },
      "pot-lid": {
        "base": "game:block/clay/hardened/brown",
        "overlays": [
          "clayworks:block/clay/overlay/crock_natural"
        ]
      },
			"label": { 
        "base": "game:block/clay/crock/label" 
      }
    },
    "*-fired0-naturalblue-*": {
      "ceramic": {
        "base": "game:block/clay/hardened/cream",
        "overlays": [
          "clayworks:block/clay/overlay/crock_natural"
        ]
      },
      "pot-lid": {
        "base": "game:block/clay/hardened/cream",
        "overlays": [
          "clayworks:block/clay/overlay/crock_natural"
        ]
      },
			"label": { 
        "base": "game:block/clay/crock/label" 
      }
    },
    "*-fired1-naturalblue-*": {
      "ceramic": {
        "base": "game:block/clay/hardened/gray",
        "overlays": [
          "clayworks:block/clay/overlay/crock_natural"
        ]
      },
      "pot-lid": {
        "base": "game:block/clay/hardened/gray",
        "overlays": [
          "clayworks:block/clay/overlay/crock_natural"
        ]
      },
			"label": { 
        "base": "game:block/clay/crock/label" 
      }
    },
    "*-fired2-naturalblue-*": {
      "ceramic": {
        "base": "game:block/clay/hardened/black",
        "overlays": [
          "clayworks:block/clay/overlay/crock_natural"
        ]
      },
      "pot-lid": {
        "base": "game:block/clay/hardened/black",
        "overlays": [
          "clayworks:block/clay/overlay/crock_natural"
        ]
      },
			"label": { 
        "base": "game:block/clay/crock/label" 
      }
    },
    "*": {
			"ceramic": { 
        "base":  "game:block/clay/hardened/cream",
        "overlays": [
          "clayworks:block/clay/color/{state}/{color}",
          "clayworks:block/clay/overlay/crock"
        ]
      },
			"pot-lid": { 
        "base":  "game:block/clay/hardened/cream",
        "overlays": [
          "clayworks:block/clay/color/{state}/{color}",
          "clayworks:block/clay/overlay/crock"
        ]
      },
			"label": { 
        "base": "game:block/clay/crock/label" 
      }
    }
	},
	"sounds": {
		"walk": "game:walk/stone"
	},
	"sideopaque": {
		"all": false
	},
	"sidesolid": {
		"all": false
	},
	"emitsideao": {
		"all": false
	},
	"collisionbox": { 
    "x1": 0.25, 
    "y1": 0, 
    "z1": 0.25, 
    "x2": 0.75, 
    "y2": 0.3125, 
    "z2": 0.75 
  },
	"selectionbox": { 
    "x1": 0.25, 
    "y1": 0, 
    "z1": 0.25, 
    "x2": 0.75, 
    "y2": 0.3125, 
    "z2": 0.75 
  },
	"guiTransform": {
		"rotation": { 
      "x": -22.6, 
      "y": -125, 
      "z": 0 
    },
		"origin": { 
      "x": 0.5, 
      "y": 0.18, 
      "z": 0.5 
    },
		"scale": 3.09
	},
	"groundTransform": {
		"scale": 3
	},
	"fpHandTransform": {
		"translation": { 
      "x": 0, 
      "y": 0, 
      "z": 0.5 
    },
		"origin": { 
      "x": 0.5, 
      "y": 0, 
      "z": 0.5 
    },
		"scale": 2
	},
	"tpHandTransform": {
		"translation": { 
      "x": -0.56, 
      "y": -0.03, 
      "z": -0.52 
    },
		"rotation": { 
      "x": -139, 
      "y": -21, 
      "z": -118 
    },
		"origin": { 
      "x": 0.5, 
      "y": 0.01, 
      "z": 0.5 
    },
		"scale": 0.81
	}
}
