{
  "enabled": true,
  "code": "decoratedvessel",
  "classByType": {
    "*": "BlockGenericTypedContainer"
  },
  "entityClassByType": {
    "*": "GenericTypedContainer"
  },
  "behaviorsByType": {
    "*": [
      {
        "name": "Lockable"
      },
      {
        "name": "Container"
      },
      {
        "name": "UnstableFalling"
      },
      {
        "name": "BoatableGenericTypedContainer"
      }
    ]
  },
  "entityBehaviorsByType": {
    "*": [
      {
        "name": "Animatable"
      }
    ]
  },
  "variantGroups": [
    {
      "code": "variant",
      "states": [
        "pond",
        "marsh",
        "skull"
      ]
    }
  ],
  "attributes": {
    "partialAttachable": true,
    "inventoryClassName": "chest",
    "defaultType": "normal",
    "types": [
      "normal"
    ],
    "drop": {
      "normal": true
    },
    "quantitySlots": {
      "normal": 12
    },
    "dialogTitleLangCode": {
      "normal": "vesselcontents"
    },
    "storageType": {
      "normal": 32
    },
    "retrieveOnly": {
      "normal": false
    },
    "spoilSpeedMulByFoodCat": {
      "normal": {
        "vegetable": 0.75,
        "grain": 0.5
      }
    },
    "shape": {
      "normal": "game:block/clay/storagevessel"
    },
    "variantByGroup": "variant",
    "variantByGroupInventory": "variant",
    "openSound": "game:sounds/block/vesselopen",
    "closeSound": "game:sounds/block/vesselclose"
  },
  "shape": {
    "base": "game:block/clay/lootvessel"
  },
  "texturesByType": {
    "*": {
      "normal-ceramic": {
        "base": "clayworks:block/clay/vessel/top/{variant}"
      },
      "normal-top": {
        "base": "clayworks:block/clay/vessel/top/{variant}"
      },
      "normal-sides": {
        "base": "clayworks:block/clay/vessel/sides/{variant}"
      },
      "normal-inside": {
        "base": "clayworks:block/clay/vessel/inside/{variant}"
      }
    }
  },
  "blockmaterial": "Ceramic",
  "creativeInventory": {
  },
  "creativeinventoryStacksByType": {
    "*": [
      {
        "tabs": [
          "general",
          "decorative",
          "clayworks"
        ],
        "stacks": [
          {
            "type": "block",
            "code": "clayworks:decoratedvessel-{variant}",
            "attributes": {
              "type": "normal"
            }
          }
        ]
      }
    ]
  },
  "replaceable": 1000,
  "resistance": 0.8,
  "maxStackSize": 4,
  "sideAo": {
    "all": false
  },
  "lightAbsorption": 0,
  "sounds": {
    "walk": "game:walk/stone",
    "break": "game:block/ceramicplace",
    "hit": "game:block/ceramichit",
    "place": "game:block/ceramicplace"    
  },
  "sideopaque": {
    "all": false
  },
  "sidesolid": {
    "all": false
  },
  "collisionSelectionBox": {
    "x1": 0.125,
    "y1": 0,
    "z1": 0.125,
    "x2": 0.875,
    "y2": 1,
    "z2": 0.875
  },
  "guiTransform": {
    "scale": 1.25
  },
  "heldTpIdleAnimation": "holdunderarm",
  "tpHandTransform": {
    "translation": {
      "x": -1,
      "y": -0.5,
      "z": -0.5
    },
    "rotation": {
      "x": 25,
      "y": -20,
      "z": -99
    },
    "scale": 0.56
  }
}
