{
  "enabled": true,
	"code": "flowerpotcolored",
	"classByType": {
    "*-raw": "Block",
    "*-empty": "Block",
		"*": "BlockPlantContainer"
	},
	"entityClassByType": {
		"*-raw": null,
		"*": "PlantContainer"
	},
	"behaviorsByType": {
		"*-raw": [
			{ 
        "name": "GroundStorable", 
        "properties": { 
          "layout": "Quadrants", 
          "collisionBox": { 
            "x1": 0, 
            "y1": 0, 
            "z1": 0, 
            "x2": 1, 
            "y2": 0.4375, 
            "z2": 1 
          } 
        } 
      },
			{ 
        "name": "Unplaceable", 
        "__comment": "The ground storable obsoletes this being a block. Should be an item, but is kept a block for backwards compatibility" 
      },
			{ 
        "name": "RightClickPickup"
      } 
		],
		"*": [
			{ 
        "name": "GroundStorable", 
        "properties": { 
          "layout": "Quadrants", 
          "collisionBox": { 
            "x1": 0, 
            "y1": 0, 
            "z1": 0, 
            "x2": 1, 
            "y2": 0.4375, 
            "z2": 1 
          } 
        } 
      },
      {
        "name": "UnstableFalling", 
        "properties": { 
          "attachmentArea": { 
            "x1": 5, 
            "y1": 0, 
            "z1": 5, 
            "x2": 10, 
            "y2": 0, 
            "z2": 10 
          } 
        }
      }
    ]
	},
	"variantgroups": [
    {
      "code": "color",
      "states": [
        "black",
        "azure",
        "brown",
        "gray",
        "green",
        "orange",
        "pink",
        "purple",
        "crimson",
        "white",
        "yellow",
        "naturalred",
        "naturalfire",
        "naturalblue"
      ]
    },
		{ 
      "code": "state", 
      "states": [
        "raw", 
        "fired0",
        "fired1",
        "fired2",
        "fired3"
      ] 
    }
	],
  "skipVariants": [
    "*-naturalblue-fired3"
  ],
	"shape": { 
    "base": "game:block/clay/flowerpot/empty" 
  },
  "texturesByType": {
    "*-raw": {
      "all": {
        "base": "clayworks:block/clay/color/raw/{color}",
        "overlays": [
          "clayworks:block/clay/overlay/raw"
        ]
      }
    },
    "*-naturalfire-fired2": {
      "sides": {
        "base": "game:block/clay/hardened/fire",
        "overlays": [
          "clayworks:block/clay/overlay/flowerpot_sides_natural"
        ]
      },
      "topbottom": {
        "base": "game:block/clay/hardened/fire",
        "overlays": [
          "clayworks:block/clay/overlay/flowerpot_natural"
        ]
      },
			"soil": { 
        "base": "game:block/clay/planter/soil" 
      }
    },
    "*-naturalfire-*": {
      "sides": {
        "base": "clayworks:block/clay/color/{state}/{color}",
        "overlays": [
          "clayworks:block/clay/overlay/flowerpot_sides_natural"
        ]
      },
      "topbottom": {
        "base": "clayworks:block/clay/color/{state}/{color}",
        "overlays": [
          "clayworks:block/clay/overlay/flowerpot_natural"
        ]
      },
			"soil": { 
        "base": "game:block/clay/planter/soil" 
      }
    },
    "*-naturalred-fired0": {
      "sides": {
        "base": "game:block/clay/hardened/tan",
        "overlays": [
          "clayworks:block/clay/overlay/flowerpot_sides_natural"
        ]
      },
      "topbottom": {
        "base": "game:block/clay/hardened/tan",
        "overlays": [
          "clayworks:block/clay/overlay/flowerpot_natural"
        ]
      },
			"soil": { 
        "base": "game:block/clay/planter/soil" 
      }
    },
    "*-naturalred-fired1": {
      "sides": {
        "base": "game:block/clay/hardened/orange",
        "overlays": [
          "clayworks:block/clay/overlay/flowerpot_sides_natural"
        ]
      },
      "topbottom": {
        "base": "game:block/clay/hardened/orange",
        "overlays": [
          "clayworks:block/clay/overlay/flowerpot_natural"
        ]
      },
			"soil": { 
        "base": "game:block/clay/planter/soil" 
      }
    },
    "*-naturalred-fired2": {
      "sides": {
        "base": "game:block/clay/hardened/red",
        "overlays": [
          "clayworks:block/clay/overlay/flowerpot_sides_natural"
        ]
      },
      "topbottom": {
        "base": "game:block/clay/hardened/red",
        "overlays": [
          "clayworks:block/clay/overlay/flowerpot_natural"
        ]
      },
			"soil": { 
        "base": "game:block/clay/planter/soil" 
      }
    },
    "*-naturalred-fired3": {
      "sides": {
        "base": "game:block/clay/hardened/brown",
        "overlays": [
          "clayworks:block/clay/overlay/flowerpot_sides_natural"
        ]
      },
      "topbottom": {
        "base": "game:block/clay/hardened/brown",
        "overlays": [
          "clayworks:block/clay/overlay/flowerpot_natural"
        ]
      },
			"soil": { 
        "base": "game:block/clay/planter/soil" 
      }
    },
    "*-naturalblue-fired0": {
      "sides": {
        "base": "game:block/clay/hardened/cream",
        "overlays": [
          "clayworks:block/clay/overlay/flowerpot_sides_natural"
        ]
      },
      "topbottom": {
        "base": "game:block/clay/hardened/cream",
        "overlays": [
          "clayworks:block/clay/overlay/flowerpot_natural"
        ]
      },
			"soil": { 
        "base": "game:block/clay/planter/soil" 
      }
    },
    "*-naturalblue-fired1": {
      "sides": {
        "base": "game:block/clay/hardened/gray",
        "overlays": [
          "clayworks:block/clay/overlay/flowerpot_sides_natural"
        ]
      },
      "topbottom": {
        "base": "game:block/clay/hardened/gray",
        "overlays": [
          "clayworks:block/clay/overlay/flowerpot_natural"
        ]
      },
			"soil": { 
        "base": "game:block/clay/planter/soil" 
      }
    },
    "*-naturalblue-fired2": {
      "sides": {
        "base": "game:block/clay/hardened/black",
        "overlays": [
          "clayworks:block/clay/overlay/flowerpot_sides_natural"
        ]
      },
      "topbottom": {
        "base": "game:block/clay/hardened/black",
        "overlays": [
          "clayworks:block/clay/overlay/flowerpot_natural"
        ]
      },
			"soil": { 
        "base": "game:block/clay/planter/soil" 
      }
    },
    "*": {
      "sides": {
        "base": "game:block/clay/hardened/cream",
        "overlays": [
          "clayworks:block/clay/color/{state}/{color}",
          "clayworks:block/clay/overlay/flowerpot_sides"
        ]
      },
      "topbottom": {
        "base": "game:block/clay/hardened/cream",
        "overlays": [
          "clayworks:block/clay/color/{state}/{color}",
          "clayworks:block/clay/overlay/flowerpot"
        ]
      },
			"soil": { 
        "base": "game:block/clay/planter/soil" 
      }
    }
  },
	"attributes": {
		"sitHeight": 0.75,
		"beeFeedByType": {
			"*-empty": false,
			"*": true
		},
		"butterflyFeedByType": {
			"*-empty": false,
			"*": true
		},
		"plantContainerSize": "small",
		"filledShape": { 
      "base": "game:block/clay/flowerpot/full" 
    },
		"fillHeight": 0.375,
		"onTongTransform": {
			"translation": { 
        "x": -0.62, 
        "y": -1, 
        "z": -0.67 
      },
			"rotation": { 
        "x": 28, 
        "y": -17, 
        "z": 14 
      }
		}
	},
  "attributesByType": {
    "*-naturalblue-raw": {
      "beehivekiln": {
        "0": {
          "type": "block",
          "code": "clayworks:flowerpotcolored-{color}-fired0"
        },
        "1": {
          "type": "block",
          "code": "clayworks:flowerpotcolored-{color}-fired1"
        },
        "2": {
          "type": "block",
          "code": "clayworks:flowerpotcolored-{color}-fired2"
        },
        "3": {
          "type": "block",
          "code": "game:flowerpot-burnt"
        }
      }
    },
    "*-raw": {
			"bowlContents": null,
      "shelvable": true,
      "beehivekiln": {
        "0": {
          "type": "block",
          "code": "clayworks:flowerpotcolored-{color}-fired0"
        },
        "1": {
          "type": "block",
          "code": "clayworks:flowerpotcolored-{color}-fired1"
        },
        "2": {
          "type": "block",
          "code": "clayworks:flowerpotcolored-{color}-fired2"
        },
        "3": {
          "type": "block",
          "code": "clayworks:flowerpotcolored-{color}-fired3"
        }
      }
    }
  },
	"doNotRenderAtLod2": true,
	"creativeinventory": { 
    "general": [
      "*"
    ], 
    "decorative": [
      "*"
    ],
    "clayworks": [
      "*"
    ]
  },
	"blockmaterial": "Ceramic",
	"replaceable": 900,
	"resistance": 1.5,
	"lightAbsorption": 1,
	"maxStackSize": 8,
	"sidesolid": {
		"all": false
	},
	"sideopaque": {
		"all": false
	},
	"emitsideao": {
		"all": false
	},
	"sounds": {
		"walk": "game:walk/stone",
		"break": "game:block/ceramicplace",
		"hit": "game:block/ceramichit",
		"place": "game:block/ceramicplace"
	},
	"combustiblePropsByType": {
		"*-naturalfire-raw": {
			"meltingPoint": 600,
			"meltingDuration": 30,
			"smeltedRatio": 1,
			"smeltingType": "fire",
			"smeltedStack": { 
        "type": "block", 
        "code": "clayworks:flowerpotcolored-naturalfire-fired2" },
			"requiresContainer": false
		},
		"*-naturalred-raw": {
			"meltingPoint": 600,
			"meltingDuration": 30,
			"smeltedRatio": 1,
			"smeltingType": "fire",
			"smeltedStack": { 
        "type": "block", 
        "code": "clayworks:flowerpotcolored-naturalred-fired2" },
			"requiresContainer": false
		},
		"*-raw": {
			"meltingPoint": 600,
			"meltingDuration": 30,
			"smeltedRatio": 1,
			"smeltingType": "fire",
			"smeltedStack": { 
        "type": "block", 
        "code": "game:flowerpot-burnt" },
			"requiresContainer": false
		}
	},
	"collisionbox": {
		"x1": 0.3125, 
    "y1": 0, 
    "z1": 0.3125,
		"x2": 0.6875, 
    "y2": 0.4375, 
    "z2": 0.6875
	},
	"selectionbox": {
		"x1": 0.3125, 
    "y1": 0, 
    "z1": 0.3125,
		"x2": 0.6875, 
    "y2": 0.4375, 
    "z2": 0.6875
	},
	"tpHandTransform": {
		"translation": { 
      "x": -1.25, 
      "y": -0.56, 
      "z": -1.16 
    },
		"rotation": { 
      "x": -111, 
      "y": 65, 
      "z": -95 
    },
		"origin": { 
      "x": 0.5, 
      "y": 0.2, 
      "z": 0.5 
    },
		"scale": 0.45
	},
	"guiTransform": {
		"origin": { 
      "x": 0.5, 
      "y": 0.3, 
      "z": 0.5 
    },
		"scale": 2
	}
}
