{
  "enabled": true,
	"code": "hardenedclay",
	"class": "Block",
	"variantgroups": [
    {
      "code": "color",
      "states": [
        "black",
        "azure",
        "brown",
        "gray",
        "green",
        "orange",
        "pink",
        "purple",
        "crimson",
        "white",
        "yellow",
        "naturalfire"
      ]
    },
		{ 
      "code": "state", 
      "states": [
        "fired0",
        "fired1",
        "fired2",
        "fired3"
      ] 
    }
	],
	"attributes": {
	},
	"shape": { "base": "game:block/basic/cube" },
	"drawtype": "Cube",
	"blockmaterial": "Ceramic",
	"creativeinventory": { 
    "general": [
      "*"
    ], 
    "construction": [
      "*"
    ],
    "clayworks": [
      "*"
    ]
  },
	"replaceable": 700,
	"resistance": 2,
	"lightAbsorption": 99,
	"texturesByType": {
    "*-naturalfire-fired2": {
      "all": {
        "base": "clayworks:block/clay/hardened/fire"
      }
    },
    "*-naturalfire-*": {
      "all": {
        "base": "clayworks:block/clay/color/{state}/{color}",
        "overlays": [
          "clayworks:block/clay/overlay/vessel"
        ]
      }
    },
		"*": { 
      "all": {
			  "base": "game:block/clay/hardened/cream",
        "overlays": [
          "clayworks:block/clay/color/{state}/{color}",
          "clayworks:block/clay/overlay/vessel"
        ]
      }
		}
	},
	"sounds": {
		"walk": "game:walk/stone"
	},
	"heldTpIdleAnimation": "holdbothhandslarge", 
  "heldRightReadyAnimation": "heldblockready", 
  "heldTpUseAnimation": "twohandplaceblock",
	"tpHandTransform": {
		"translation": { 
      "x": -1.23, 
      "y": -0.91, 
      "z": -0.8 
    },
		"rotation": { 
      "x": -2, 
      "y": 25, 
      "z": -78 
    },
		"scale": 0.4
	}
}
