{
  "enabled": true,
	"code": "hardenedclay",
	"class": "Block",
	"variantgroups": [
		{ 
      "code":"type", 
      "states": [
        "cream",
        "black",
        "gray",
        "orange",
        "tan",
        "blue", 
        "brown", 
        "red"
      ] 
    }
	],
	"attributes": {
	},
	"shape": { 
    "base": "game:block/basic/cube" 
  },
	"drawtype": "Cube",
	"blockmaterial": "Ceramic",
	"creativeinventory": { 
    "general": [
      "*"
    ], 
    "construction": [
      "*"
    ],
    "clayworks": [
      "*"
    ]
  },
	"replaceable": 700,
	"resistance": 2,
	"lightAbsorption": 99,
	"textures": {
		"all": { 
			"base": "clayworks:block/clay/hardened/{type}"
		}
	},
	"sounds": {
		"walk": "game:walk/stone"
	},
	"heldTpIdleAnimation": "holdbothhandslarge", 
  "heldRightReadyAnimation": "heldblockready", 
  "heldTpUseAnimation": "twohandplaceblock",
	"tpHandTransform": {
		"translation": { 
      "x": -1.23, 
      "y": -0.91, 
      "z": -0.8 
    },
		"rotation": { 
      "x": -2, 
      "y": 25, 
      "z": -78 
    },
		"scale": 0.4
	}
}
