{
  "enabled": true,
	"code": "jug",
	"class": "Block",
	"classByType": {
		"*-fired*": "BlockLiquidContainerTopOpened"
	},
	"variantgroups": [
    {
      "code": "color",
      "states": [
        "black",
        "azure",
        "brown",
        "gray",
        "green",
        "orange",
        "pink",
        "purple",
        "crimson",
        "white",
        "yellow",
        "naturalfire"
      ]
    },
		{ 
      "code": "state", 
      "states": [
        "raw", 
        "fired0",
        "fired1",
        "fired2",
        "fired3"
      ] 
    }
	],
	"skipVariants": [
	  "*-naturalfire-fired2"
  ],
	"shape": { 
    "base": "clayworks:block/clay/jug" 
  },
	"texturesByType": {
    "*-raw": {
      "all": {
        "base": "clayworks:block/clay/color/raw/{color}",
        "overlays": [
          "clayworks:block/clay/overlay/raw"
        ]
      }
    },
    "*-naturalfire-*": {
      "all": {
        "base": "clayworks:block/clay/color/{state}/{color}",
        "overlays": [
          "game:block/clay/overlay/jug"
        ]
      }
    },
		"*": { 
      "all": {
			  "base": "game:block/clay/hardened/cream",
        "overlays": [
          "clayworks:block/clay/color/{state}/{color}",
          "clayworks:block/clay/overlay/vessel",
          "clayworks:block/clay/overlay/jug"
        ]
      }
		}
	},
	"behaviors": [
		{ 
      "name": "GroundStorable", 
      "properties": { 
        "layout": "Quadrants", 
        "collisionBox": { 
          "x1": 0, 
          "y1": 0, 
          "z1": 0, 
          "x2": 1, 
          "y2": 0.125, 
          "z2": 1 
        } 
      } 
    },
		{ 
      "name": "Unplaceable"
    },
		{ 
      "name": "RightClickPickup"
    }
	],
	"attributes": {
		"groundStorageTransform": {
			"origin": { 
        "x": 0.5, 
        "y": 0, 
        "z": 0.5 
      },
			"scale": 0.85
		},
		"onDisplayTransform": {
			"origin": { 
        "x": 0.5, 
        "y": 0, 
        "z": 0.5 
      },
			"scale": 0.75
		},
		"onTongTransform": {
			"translation": { 
        "x": -0.61, 
        "y": -0.97, 
        "z": -0.72 
      },
			"rotation": { 
        "x": -80, 
        "y": 3, 
        "z": -83 
      }
		},
		"shelvable": true,
		"liquidContainerPropsByType": {
			"*-fired*": {
				"capacityLitres": 3,
				"transferSizeLitres": 0.3,
			  "emptyShapeLoc": "clayworks:shapes/block/clay/jug",
			  "opaqueContentShapeLoc": "clayworks:shapes/block/nothing",
			  "liquidContentShapeLoc": "clayworks:shapes/block/nothing",
				"liquidMaxYTranslate": 0.05
			}
		}
	},
	"attributesByType":{
    "*-naturalfire-raw": {
      "beehivekiln": {
        "0": {
          "type": "block",
          "code": "clayworks:jug-{color}-fired0"
        },
        "1": {
          "type": "block",
          "code": "clayworks:jug-{color}-fired1"
        },
        "2": {
          "type": "block",
          "code": "game:jug-fire-fired"
        },
        "3": {
          "type": "block",
          "code": "clayworks:jug-{color}-fired3"
        }
      }
    },
    "*-raw": {
			"bowlContents": null,
      "shelvable": true,
      "beehivekiln": {
        "0": {
          "type": "block",
          "code": "clayworks:jug-{color}-fired0"
        },
        "1": {
          "type": "block",
          "code": "clayworks:jug-{color}-fired1"
        },
        "2": {
          "type": "block",
          "code": "clayworks:jug-{color}-fired2"
        },
        "3": {
          "type": "block",
          "code": "clayworks:jug-{color}-fired3"
        }
      }
    }
	},
	"doNotRenderAtLod2": true,
	"creativeinventory": { 
    "general": [
      "*"
    ], 
    "decorative": [
      "*"
    ],
    "clayworks": [
      "*"
    ]
  },
	"blockmaterial": "Ceramic",
	"replaceable": 900,
	"resistance": 1.5,
	"liquidSelectable": 1,
	"lightAbsorption": 1,
	"maxStackSize": 8,
	"sidesolid": {
		"all": false
	},
	"sideopaque": {
		"all": false
	},
	"emitsideao": {
		"all": false
	},
	"combustiblePropsByType": {
		"*-naturalfire-raw": {
			"meltingPoint": 600,
			"meltingDuration": 30,
			"smeltedRatio": 1,
			"smeltingType": "fire",
			"smeltedStack": { 
        "type": "block", 
        "code": "game:jug-fire-fired" 
      },
			"requiresContainer": false
		},
		"*-raw": {
			"meltingPoint": 600,
			"meltingDuration": 30,
			"smeltedRatio": 1,
			"smeltingType": "fire",
			"smeltedStack": { 
        "type": "block", 
        "code": "game:jug-blue-fired" 
      },
			"requiresContainer": false
		}
	},
	"collisionbox": {
		"x1": 0.3125, 
    "y1": 0, 
    "z1": 0.3125,
		"x2": 0.6875, 
    "y2": 0.4375, 
    "z2": 0.6875
	},
	"selectionbox": {
		"x1": 0.3125, 
    "y1": 0, 
    "z1": 0.3125,
		"x2": 0.6875, 
    "y2": 0.4375, 
    "z2": 0.6875
	},
	"fpHandTransform": {
		"translation": { 
      "x": 0, 
      "y": 0.15, 
      "z": 0.5 
    }
	},
	"tpHandTransform": {
		"translation": { 
      "x": -1, 
      "y": -0.88, 
      "z": -0.84 
    },
		"rotation": { 
      "x": 5, 
      "y": 0, 
      "z": -15 
    },
		"scale": 0.6
	},
	"groundTransform": {
		"translation": { 
      "x": 0, 
      "y": 0, 
      "z": 0 
    },
		"rotation": { 
      "x": 0, 
      "y": 0, 
      "z": 0 
    },
		"scale": 3.2
	},
	"guiTransform": {
		"origin": { 
      "x": 0.5, 
      "y": 0.3, 
      "z": 0.5 
    },
		"scale": 1.9
	}

}
