{
  "enabled": true,
	"code": "oillamp",
	"class": "BlockTorch",
	"behaviorsByType": {
	  "*-up": [
		  {
        "name": "Lockable"
      },
		  {
        "name": "UnstableFalling", 
        "properties": { 
          "ignorePlaceTest": true, 
          "attachmentArea": { 
            "x1": 5, 
            "y1": 15, 
            "z1": 5, 
            "x2": 10, 
            "y2": 16, 
            "z2": 10 
          } 
        } 
      },
		  {
        "name": "RightClickPickup"
      }
	  ],
	  "*": [
		  {
        "name": "Lockable"
      },
      {
        "name": "RightClickPickup"
      }
	  ]
	},
	"variantgroups": [
    {
      "code": "variant",
      "states": [
        "black",
        "azure",
        "brown",
        "gray",
        "green",
        "orange",
        "pink",
        "purple",
        "crimson",
        "white",
        "yellow",
        "naturalred",
        "naturalfire",
        "naturalblue"
      ]
    },
    {
      "code": "type",
      "states": [
        "fired0",
        "fired1",
        "fired2",
        "fired3"
      ]
    },
	  { 
      "code": "orientation", 
      "loadFromProperties": "abstract/horizontalorientation",
      "states": [
        "up"
      ]
    }
	],
  "skipVariants": [
    "*-naturalblue-fired3-*"
  ],
	"shapebytype": {
	  "*-up": { 
      "base": "game:block/clay/bowl-ground-glowing" 
    },
	  "*-north": { 
      "base": "game:block/clay/bowl-wall", 
      "rotateY": 0 
    },
	  "*-east": { 
      "base": "game:block/clay/bowl-wall", 
      "rotateY": 270 
    },
	  "*-south": { 
      "base": "game:block/clay/bowl-wall", 
      "rotateY": 180 
    },
	  "*-west": { 
      "base": "game:block/clay/bowl-wall", 
      "rotateY": 90 
    }
	},
  "texturesByType": {
    "*-naturalfire-fired2-*": {
      "mat": {
        "base": "game:block/clay/hardened/fire"
      },
	      "content": { 
        "base": "game:block/fire" 
      }
    },
    "*-naturalfire-*": {
      "mat": {
        "base": "clayworks:block/clay/color/{type}/{variant}"
      },
	      "content": { 
        "base": "game:block/fire" 
      }
    },
    "*-naturalred-fired0-*": {
      "mat": {
        "base": "game:block/clay/hardened/tan"
      },
	      "content": { 
        "base": "game:block/fire" 
      }
    },
    "*-naturalred-fired1-*": {
      "mat": {
        "base": "game:block/clay/hardened/orange"
      },
	      "content": { 
        "base": "game:block/fire" 
      }
    },
    "*-naturalred-fired2-*": {
      "mat": {
        "base": "game:block/clay/hardened/red"
      },
	      "content": { 
        "base": "game:block/fire" 
      }
    },
    "*-naturalred-fired3-*": {
      "mat": {
        "base": "game:block/clay/hardened/brown"
      },
	      "content": { 
        "base": "game:block/fire" 
      }
    },
    "*-naturalblue-fired0-*": {
      "mat": {
        "base": "game:block/clay/hardened/cream"
      },
	      "content": { 
        "base": "game:block/fire" 
      }
    },
    "*-naturalblue-fired1-*": {
      "mat": {
        "base": "game:block/clay/hardened/gray"
      },
	      "content": { 
        "base": "game:block/fire" 
      }
    },
    "*-naturalblue-fired2-*": {
      "mat": {
        "base": "game:block/clay/hardened/black"
      },
	      "content": { 
        "base": "game:block/fire" 
      }
    },
    "*": {
      "mat": {
        "base": "game:block/clay/hardened/cream", 
        "overlays": [
          "clayworks:block/clay/color/{type}/{variant}",
          "clayworks:block/clay/overlay/vessel"
        ]
      },
	      "content": { 
        "base": "game:block/fire" 
      }
    }
	},
	"attributes": {
	  "reinforcable": true,
	  "attachmentAreas": {
		  "down": { 
        "x1": 5, 
        "y1": 0, 
        "z1": 5, 
        "x2": 10, 
        "y2": 0, 
        "z2": 10 
      },
		  "north": { 
        "x1": 7, 
        "y1": 6,
        "z1": 15, 
        "x2": 8, 
        "y2": 7, 
        "z2": 15, 
        "rotateY": 180 
      },
		  "east": { 
        "x1": 7, 
        "y1": 6, 
        "z1": 15, 
        "x2": 8, 
        "y2": 7, 
        "z2": 15, 
        "rotateY": 270 
      },
		  "south": { 
        "x1": 7, 
        "y1": 6, 
        "z1": 15, 
        "x2": 8, 
        "y2": 7, 
        "z2": 15, 
        "rotateY": 0 
      },
		  "west": { 
        "x1": 7, 
        "y1": 6, 
        "z1": 15, 
        "x2": 8, 
        "y2": 7, 
        "z2": 15, 
        "rotateY": 90 
      }
	  }
	},
	"storageFlags": 257,
	"doNotRenderAtLod2": true,
	"sidesolid": {
	  "all": false
	},
	"sideopaque": {
	  "all": false
	},
	"sounds": {
	  "place": "game:player/build"
	},
	"heldRightReadyAnimationByType": {
	  "*": "holdinglanternrighthand"
	},
	"creativeinventory": { 
    "general": [
      "*-up"
    ], 
    "decorative": [
      "*-up"
    ],
    "clayworks": [
      "*-up"
    ]
  },
	"replaceable": 5001,
	"resistance": 0.5,
	"maxStackSize": 8,
	"lightAbsorption": 0,
	"lightHsv": [
    4, 
    2, 
    11
  ],
	"particleProperties": [
	  {
		  "hsvaColor": [
        { 
          "avg": 20, 
          "var": 20 
        }, 
        { 
          "avg": 255, 
          "var": 50 
        }, 
        { 
          "avg": 255, 
          "var": 50 
        },  
        { 
          "avg": 255, 
          "var": 0 
        }
      ],
		  "gravityEffect": { 
        "avg": 0, 
        "var": 0 
      },
		  "posOffset": [ 
        { 
          "avg": 0, 
          "var": 0.1 
        }, 
        { 
          "avg": 0, 
          "var": 0 
        }, 
        { 
          "avg": 0, 
          "var": 0.1 
        }
      ],
		  "velocity": [ 
        { 
          "avg": 0, 
          "var": 0.025 
        }, 
        { 
          "avg": 0.1, 
          "var": 0.1 
        }, 
        { 
          "avg": 0, 
          "var": 0.025 
        }
      ],
		  "quantity": { 
        "avg": 0.015 
      },
		  "size": { 
        "avg": 0.5, 
        "var": 0 
      },
		  "sizeEvolve": { 
        "transform": "quadratic", 
        "factor": -0.7 
      },
		  "lifeLength": { 
        "avg": 1.5 
      },
		  "vertexFlags": 128
	  },
	  {
		  "hsvaColor": [
        { 
          "avg": 0, 
          "var": 0 
        }, 
        { 
          "avg": 0, 
          "var": 0 
        }, 
        { 
          "avg": 40, 
          "var": 30 
        },  
        { 
          "avg": 220, 
          "var": 50 
        }
      ],
		  "opacityEvolve": { 
        "transform": "quadratic", 
        "factor": -16 
      },
		  "gravityEffect": { 
        "avg": 0, 
        "var": 0 
      },
		  "posOffset": [ 
        { 
          "avg": 0, 
          "var": 0.1 
        }, 
        { 
          "avg": 0, 
          "var": 0 
        }, 
        { 
          "avg": 0, 
          "var": 0.1 
        }
      ],
		  "velocity": [ 
        { 
          "avg": 0, 
          "var": 0.025 
        }, 
        { 
          "avg": 0.05, 
          "var": 0.1 
        }, 
        { 
          "avg": 0, 
          "var": 0.025 
        }
      ],
		  "quantity": { 
        "avg": 0.05 
      },
		  "size": { 
        "avg": 0.3125, 
        "var": 0.05 
      },
		  "sizeEvolve": { 
        "transform": "linear", 
        "factor": 0.5 
      },
		  "particleModel": "Quad"
	  }
	],
	"collisionbox": null,
	"selectionboxbytype": {
	  "*-up": { 
      "x1": 0.3125, 
      "y1": 0, 
      "z1": 0.3125, 
      "x2": 0.6875, 
      "y2": 0.125, 
      "z2": 0.6875 
    },
	  "*-east": { 
      "x1": 0.3125, 
      "y1": 0.3125, 
      "z1": 0.5625, 
      "x2": 0.6875, 
      "y2": 0.5, 
      "z2": 1, 
      "rotateY": 270 
    },
	  "*-south": { 
      "x1": 0.3125, 
      "y1": 0.3125, 
      "z1": 0.5625, 
      "x2": 0.6875, 
      "y2": 0.5, 
      "z2": 1, 
      "rotateY": 180 
    },
	  "*-west": { 
      "x1": 0.3125, 
      "y1": 0.3125, 
      "z1": 0.5625, 
      "x2": 0.6875, 
      "y2": 0.5, 
      "z2": 1, 
      "rotateY": 90 
    },
	  "*-north": { 
      "x1": 0.3125, 
      "y1": 0.3125, 
      "z1": 0.5625, 
      "x2": 0.6875, 
      "y2": 0.5, 
      "z2": 1, 
      "rotateY": 0 
    }
	},
	"blockmaterial": "Other",
	"fpHandTransform": {
	  "translation": { 
      "x": 0.29, 
      "y": -0.1, 
      "z": 0 
    },
	  "scale": 2
	},
	"guiTransform": {
	  "translation": { 
      "x": 0, 
      "y": 4, 
      "z": 0 
    },
	  "origin": { 
      "x": 0.5, 
      "y": 0.0625, 
      "z": 0.5 
    },
	  "scale": 3
	},
	"groundTransform": {
	  "scale": 2.5
	},
	"tpHandTransform": {
	  "translation": { 
      "x": -0.84, 
      "y": -0.16, 
      "z": -0.59 
    },
	  "rotation": { 
      "x": -115, 
      "y": 0, 
      "z": -89 
    },
	  "origin": { 
      "x": 0.5, 
      "y": 0.1, 
      "z": 0.5 
    },
	  "scale": 0.66
	},
	"tpOffHandTransform": {
	  "translation": { 
      "x": -0.92, 
      "y": -0.26, 
      "z": -0.97 
    },
	  "rotation": { 
      "x": -62, 
      "y": 0, 
      "z": -89 
    },
	  "origin": { 
      "x": 0.5, 
      "y": 0.1, 
      "z": 0.5 
    },
	  "scale": 0.66
	},
	"rainPermeable": true,
	"materialDensity": 600
  }
