{
  "enabled": true,
	"code": "plantercolored",
	"classByType": {
		"*-raw": "Block",
		"*": "BlockPlantContainer"
	},
	"entityClass": "PlantContainer",
	"behaviorsByType": {
		"*-raw": [
			{ 
        "name": "GroundStorable" 
      },
			{ 
        "name": "Unplaceable" 
      },
			{ 
        "name": "RightClickPickup"
      } 
		],
		"*": 
    [
      {
        "name": "UnstableFalling"
      }
    ]
	},
	"variantgroups": [
    {
      "code": "color",
      "states": [
        "black",
        "azure",
        "brown",
        "gray",
        "green",
        "orange",
        "pink",
        "purple",
        "crimson",
        "white",
        "yellow",
        "naturalred",
        "naturalfire",
        "naturalblue"
      ]
    },
		{ 
      "code": "state", 
      "states": [
        "raw", 
        "fired0",
        "fired1",
        "fired2",
        "fired3"
      ] 
    }
	],
  "skipVariants": [
    "*-naturalblue-fired3"
  ],
	"shapeByType": {
		"*-raw": { 
      "base": "game:block/clay/planter/raw" 
    },
		"*": { 
      "base": "game:block/clay/planter/empty" 
    }
	},
  "texturesByType": {
    "*-raw": {
      "all": {
        "base": "clayworks:block/clay/color/raw/{color}",
        "overlays": [
          "clayworks:block/clay/overlay/raw"
        ]
      }
    },
    "*-naturalfire-fired2": {
      "sides": {
        "base": "game:block/clay/hardened/fire"
      },
      "ceramic": {
        "base": "game:block/clay/hardened/fire"
      },
			"soil": { 
        "base": "game:block/clay/planter/soil" 
      }
    },
    "*-naturalfire-*": {
      "sides": {
        "base": "clayworks:block/clay/color/{state}/{color}"
      },
      "ceramic": {
        "base": "clayworks:block/clay/color/{state}/{color}"
      },
			"soil": { 
        "base": "game:block/clay/planter/soil" 
      }
    },
    "*-naturalred-fired0": {
      "sides": {
        "base": "game:block/clay/hardened/tan"
      },
      "ceramic": {
        "base": "game:block/clay/hardened/tan"
      },
			"soil": { 
        "base": "game:block/clay/planter/soil" 
      }
    },
    "*-naturalred-fired1": {
      "sides": {
        "base": "game:block/clay/hardened/orange"
      },
      "ceramic": {
        "base": "game:block/clay/hardened/orange"
      },
			"soil": { 
        "base": "game:block/clay/planter/soil" 
      }
    },
    "*-naturalred-fired2": {
      "sides": {
        "base": "game:block/clay/hardened/red"
      },
      "ceramic": {
        "base": "game:block/clay/hardened/red"
      },
			"soil": { 
        "base": "game:block/clay/planter/soil" 
      }
    },
    "*-naturalred-fired3": {
      "sides": {
        "base": "game:block/clay/hardened/brown"
      },
      "ceramic": {
        "base": "game:block/clay/hardened/brown"
      },
			"soil": { 
        "base": "game:block/clay/planter/soil" 
      }
    },
    "*-naturalblue-fired0": {
      "sides": {
        "base": "game:block/clay/hardened/cream"
      },
      "ceramic": {
        "base": "game:block/clay/hardened/cream"
      },
			"soil": { 
        "base": "game:block/clay/planter/soil" 
      }
    },
    "*-naturalblue-fired1": {
      "sides": {
        "base": "game:block/clay/hardened/gray"
      },
      "ceramic": {
        "base": "game:block/clay/hardened/gray"
      },
			"soil": { 
        "base": "game:block/clay/planter/soil" 
      }
    },
    "*-naturalblue-fired2": {
      "sides": {
        "base": "game:block/clay/hardened/black"
      },
      "ceramic": {
        "base": "game:block/clay/hardened/black"
      },
			"soil": { 
        "base": "game:block/clay/planter/soil" 
      }
    },
    "*": {
      "sides": {
        "base": "game:block/clay/hardened/cream",
        "overlays": [
          "clayworks:block/clay/color/{state}/{color}",
          "clayworks:block/clay/overlay/vessel"
        ]
      },
      "ceramic": {
        "base": "game:block/clay/hardened/cream",
        "overlays": [
          "clayworks:block/clay/color/{state}/{color}",
          "clayworks:block/clay/overlay/vessel"
        ]
      },
			"soil": { 
        "base": "game:block/clay/planter/soil" 
      }
    }
  },
  "attributesByType": {
    "*-naturalblue-raw": {
      "beehivekiln": {
        "0": {
          "type": "block",
          "code": "clayworks:plantercolored-{color}-fired0"
        },
        "1": {
          "type": "block",
          "code": "clayworks:plantercolored-{color}-fired1"
        },
        "2": {
          "type": "block",
          "code": "clayworks:plantercolored-{color}-fired2"
        },
        "3": {
          "type": "block",
          "code": "game:clayplanter-burnt"
        }
      }
    },
    "*-raw": {
			"bowlContents": null,
      "shelvable": true,
      "beehivekiln": {
        "0": {
          "type": "block",
          "code": "clayworks:plantercolored-{color}-fired0"
        },
        "1": {
          "type": "block",
          "code": "clayworks:plantercolored-{color}-fired1"
        },
        "2": {
          "type": "block",
          "code": "clayworks:plantercolored-{color}-fired2"
        },
        "3": {
          "type": "block",
          "code": "clayworks:plantercolored-{color}-fired3"
        }
      }
    }
  },
	"attributes": {
		"tempGlowMode": 1,
		"sitHeight": 0.75,
		"beeFeedByType": {
			"*-empty": false,
			"*": true
		},
		"butterflyFeedByType": {
			"*-empty": false,
			"*": true
		},
		"plantContainerSize": "large",
		"filledShape": { 
      "base": "game:block/clay/planter/full" 
    },
		"fillHeight": 0.5,
		"onTongTransform": {
			"translation": { 
        "x": -0.7, 
        "y": -1.2, 
        "z": -0.73 
      },
			"rotation": { 
        "x": 39, 
        "y": -14, 
        "z": 0 
      },
			"scale": 0.8
		}
	},
	"creativeinventory": { 
    "general": [
      "*"
    ], 
    "decorative": [
      "*"
    ],
    "clayworks": [
      "*"
    ]
  },
	"heldTpIdleAnimation": "holdunderarm",
	"blockmaterial": "Ceramic",
	"replaceable": 900,
	"resistance": 1.5,
	"lightAbsorption": 1,
	"maxStackSize": 8,
	"sidesolid": {
		"all": false
	},	
	"sideopaque": {
		"all": false
	},
	"emitsideao": {
		"all": false
	},
	"sounds": {
		"walk": "game:walk/stone",
		"break": "game:block/ceramicplace",
		"hit": "game:block/ceramichit",
		"place": "game:block/ceramicplace"
	},
	"combustiblePropsByType": {
		"*-naturalfire-raw": {
			"meltingPoint": 600,
			"meltingDuration": 30,
			"smeltedRatio": 1,
			"smeltingType": "fire",
			"smeltedStack": { 
        "type": "block", 
        "code": "clayworks:plantercolored-naturalfire-fired2" },
			"requiresContainer": false
		},
		"*-naturalred-raw": {
			"meltingPoint": 600,
			"meltingDuration": 30,
			"smeltedRatio": 1,
			"smeltingType": "fire",
			"smeltedStack": { 
        "type": "block", 
        "code": "clayworks:plantercolored-naturalred-fired2" },
			"requiresContainer": false
		},
		"*-raw": {
			"meltingPoint": 600,
			"meltingDuration": 30,
			"smeltedRatio": 1,
			"smeltingType": "fire",
			"smeltedStack": { 
        "type": "block", 
        "code": "game:clayplanter-burnt" 
      },
			"requiresContainer": false
		}
	},
	"collisionbox": {
		"x1": 0.125, 
    "y1": 0, 
    "z1": 0.125,
		"x2": 0.875, 
    "y2": 0.5625, 
    "z2": 0.875
	},
	"selectionbox": {
		"x1": 0.125, 
    "y1": 0, 
    "z1": 0.125,
		"x2": 0.875, 
    "y2": 0.5625, 
    "z2": 0.875
	},
	"guiTransform": {
		"origin": { 
      "x": 0.5, 
      "y": 0.4,
      "z": 0.5 
    },
		"scale": 1.42
	},
	"tpHandTransform": {
		"translation": { 
      "x": -1.1, 
      "y": -0.5, 
      "z": -1 
    },
		"rotation": { 
      "x": 0, 
      "y": -86, 
      "z": -84 
    },
		"scale": 0.47
	}
}
