{
  "enabled": true,
  "code": "storagevessel",
  "classByType": {
    "*-raw": "Block",
    "*": "BlockGenericTypedContainer"
  },
  "entityClassByType": {
    "*-raw": null,
    "*": "GenericTypedContainer"
  },
  "behaviorsByType": {
    "*-raw": [ 
			{ 
        "name": "GroundStorable", 
        "properties": { 
          "layout": "SingleCenter" 
        } 
      },
			{ 
        "name": "Unplaceable"
      },
      { 
        "name": "RightClickPickup"
      } 
		],
    "*": [
      {
        "name": "Lockable"
      },
      {
        "name": "Container"
      },
      {
        "name": "UnstableFalling"
      },
      {
        "name": "BoatableGenericTypedContainer"
      }
    ]
  },
  "entityBehaviorsByType": {
    "*-raw": [],
    "*": [
      {
        "name": "Animatable"
      }
    ]
  },
  "variantGroups": [
    {
      "code": "variant",
      "states": [
        "black",
        "azure",
        "brown",
        "gray",
        "green",
        "orange",
        "pink",
        "purple",
        "crimson",
        "white",
        "yellow",
        "naturalred",
        "naturalfire",
        "naturalblue"
      ]
    },
    {
      "code": "type",
      "states": [
        "raw", 
        "fired0",
        "fired1",
        "fired2",
        "fired3"
      ]
    }
  ],
  "skipVariants": [
    "*-naturalblue-fired3"
  ],
  "attributes": {
    "partialAttachable": true,
    "inventoryClassName": "chest",
    "defaultType": "normal",
    "types": [
      "normal"
    ],
    "drop": {
      "normal": true
    },
    "quantitySlots": {
      "normal": 12
    },
    "dialogTitleLangCode": {
      "normal": "vesselcontents"
    },
    "storageType": {
      "normal": 32
    },
    "retrieveOnly": {
      "normal": false
    },
    "spoilSpeedMulByFoodCat": {
      "normal": {
        "vegetable": 0.75,
        "grain": 0.5
      }
    },
    "shape": {
      "normal": "game:block/clay/storagevessel"
    },
    "variantByGroup": "variant",
    "variantByGroupInventory": "variant",
    "openSound": "game:sounds/block/vesselopen",
    "closeSound": "game:sounds/block/vesselclose"
  },
  "attributesByType": {
    "*-naturalfire-raw": {
      "shelvable": true
    },
    "*-naturalblue-raw": {
      "shelvable": true,
      "beehivekiln": {
        "0": {
          "type": "block",
          "code": "clayworks:storagevessel-{variant}-fired0",
          "attributes": {
            "type": "normal"
          }
        },
        "1": {
          "type": "block",
          "code": "clayworks:storagevessel-{variant}-fired1",
          "attributes": {
            "type": "normal"
          }
        },
        "2": {
          "type": "block",
          "code": "clayworks:storagevessel-{variant}-fired2",
          "attributes": {
            "type": "normal"
          }
        },
        "3": {
          "type": "block",
          "code": "game:storagevessel-burned",
          "attributes": {
            "type": "normal"
          }
        }
      }
    },
    "*-raw": {
      "shelvable": true,
      "beehivekiln": {
        "0": {
          "type": "block",
          "code": "clayworks:storagevessel-{variant}-fired0",
          "attributes": {
            "type": "normal"
          }
        },
        "1": {
          "type": "block",
          "code": "clayworks:storagevessel-{variant}-fired1",
          "attributes": {
            "type": "normal"
          }
        },
        "2": {
          "type": "block",
          "code": "clayworks:storagevessel-{variant}-fired2",
          "attributes": {
            "type": "normal"
          }
        },
        "3": {
          "type": "block",
          "code": "clayworks:storagevessel-{variant}-fired3",
          "attributes": {
            "type": "normal"
          }
        }
      }
    }
  },
  "shape": {
    "base": "game:block/clay/lootvessel"
  },
  "texturesByType": {
    "*-raw": {
      "all": {
        "base": "clayworks:block/clay/color/raw/{variant}",
        "overlays": [
          "clayworks:block/clay/overlay/raw"
        ]
      }
    },
    "*-naturalfire-fired2": {
      "normal-ceramic": {
        "base": "game:block/clay/hardened/fire"
      },
      "normal-top": {
        "base": "game:block/clay/hardened/fire",
        "overlays": [
          "clayworks:block/clay/overlay/vessel_top_natural"
        ]
      },
      "normal-sides": {
        "base": "game:block/clay/hardened/fire",
        "overlays": [
          "clayworks:block/clay/overlay/vessel_sides_natural"
        ]
      },
      "normal-inside": {
        "base": "game:block/clay/hardened/fire",
        "overlays": [
          "clayworks:block/clay/overlay/vessel_inside"
        ]
      }
    },
    "*-naturalfire-*": {
      "normal-ceramic": {
        "base": "clayworks:block/clay/color/{type}/{variant}"
      },
      "normal-top": {
        "base": "clayworks:block/clay/color/{type}/{variant}",
        "overlays": [
          "clayworks:block/clay/overlay/vessel_top_natural"
        ]
      },
      "normal-sides": {
        "base": "clayworks:block/clay/color/{type}/{variant}",
        "overlays": [
          "clayworks:block/clay/overlay/vessel_sides_natural"
        ]
      },
      "normal-inside": {
        "base": "clayworks:block/clay/color/{type}/{variant}",
        "overlays": [
          "clayworks:block/clay/overlay/vessel_inside"
        ]
      }
    },
    "*-naturalred-fired0": {
      "normal-ceramic": {
        "base": "game:block/clay/hardened/tan"
      },
      "normal-top": {
        "base": "game:block/clay/hardened/tan",
        "overlays": [
          "clayworks:block/clay/overlay/vessel_top_natural"
        ]
      },
      "normal-sides": {
        "base": "game:block/clay/hardened/tan",
        "overlays": [
          "clayworks:block/clay/overlay/vessel_sides_natural"
        ]
      },
      "normal-inside": {
        "base": "game:block/clay/hardened/tan",
        "overlays": [
          "clayworks:block/clay/overlay/vessel_inside"
        ]
      }
    },
    "*-naturalred-fired1": {
      "normal-ceramic": {
        "base": "game:block/clay/hardened/orange"
      },
      "normal-top": {
        "base": "game:block/clay/hardened/orange",
        "overlays": [
          "clayworks:block/clay/overlay/vessel_top_natural"
        ]
      },
      "normal-sides": {
        "base": "game:block/clay/hardened/orange",
        "overlays": [
          "clayworks:block/clay/overlay/vessel_sides_natural"
        ]
      },
      "normal-inside": {
        "base": "game:block/clay/hardened/orange",
        "overlays": [
          "clayworks:block/clay/overlay/vessel_inside"
        ]
      }
    },
    "*-naturalred-fired2": {
      "normal-ceramic": {
        "base": "game:block/clay/hardened/red"
      },
      "normal-top": {
        "base": "game:block/clay/hardened/red",
        "overlays": [
          "clayworks:block/clay/overlay/vessel_top_natural"
        ]
      },
      "normal-sides": {
        "base": "game:block/clay/hardened/red",
        "overlays": [
          "clayworks:block/clay/overlay/vessel_sides_natural"
        ]
      },
      "normal-inside": {
        "base": "game:block/clay/hardened/red",
        "overlays": [
          "clayworks:block/clay/overlay/vessel_inside"
        ]
      }
    },
    "*-naturalred-fired3": {
      "normal-ceramic": {
        "base": "game:block/clay/hardened/brown"
      },
      "normal-top": {
        "base": "game:block/clay/hardened/brown",
        "overlays": [
          "clayworks:block/clay/overlay/vessel_top_natural"
        ]
      },
      "normal-sides": {
        "base": "game:block/clay/hardened/brown",
        "overlays": [
          "clayworks:block/clay/overlay/vessel_sides_natural"
        ]
      },
      "normal-inside": {
        "base": "game:block/clay/hardened/brown",
        "overlays": [
          "clayworks:block/clay/overlay/vessel_inside"
        ]
      }
    },
    "*-naturalblue-fired0": {
      "normal-ceramic": {
        "base": "game:block/clay/hardened/cream"
      },
      "normal-top": {
        "base": "game:block/clay/hardened/cream",
        "overlays": [
          "clayworks:block/clay/overlay/vessel_top_natural"
        ]
      },
      "normal-sides": {
        "base": "game:block/clay/hardened/cream",
        "overlays": [
          "clayworks:block/clay/overlay/vessel_sides_natural"
        ]
      },
      "normal-inside": {
        "base": "game:block/clay/hardened/cream",
        "overlays": [
          "clayworks:block/clay/overlay/vessel_inside"
        ]
      }
    },
    "*-naturalblue-fired1": {
      "normal-ceramic": {
        "base": "game:block/clay/hardened/gray"
      },
      "normal-top": {
        "base": "game:block/clay/hardened/gray",
        "overlays": [
          "clayworks:block/clay/overlay/vessel_top_natural"
        ]
      },
      "normal-sides": {
        "base": "game:block/clay/hardened/gray",
        "overlays": [
          "clayworks:block/clay/overlay/vessel_sides_natural"
        ]
      },
      "normal-inside": {
        "base": "game:block/clay/hardened/gray",
        "overlays": [
          "clayworks:block/clay/overlay/vessel_inside"
        ]
      }
    },
    "*-naturalblue-fired2": {
      "normal-ceramic": {
        "base": "game:block/clay/hardened/black"
      },
      "normal-top": {
        "base": "game:block/clay/hardened/black",
        "overlays": [
          "clayworks:block/clay/overlay/vessel_top_natural"
        ]
      },
      "normal-sides": {
        "base": "game:block/clay/hardened/black",
        "overlays": [
          "clayworks:block/clay/overlay/vessel_sides_natural"
        ]
      },
      "normal-inside": {
        "base": "game:block/clay/hardened/black",
        "overlays": [
          "clayworks:block/clay/overlay/vessel_inside"
        ]
      }
    },
    "*": {
      "normal-ceramic": {
        "base": "clayworks:block/clay/color/{type}/{variant}"
      },
      "normal-top": {
        "base": "game:block/clay/hardened/cream",
        "overlays": [
          "clayworks:block/clay/color/{type}/{variant}",
          "clayworks:block/clay/overlay/vessel_top"
        ]
      },
      "normal-sides": {
        "base": "game:block/clay/hardened/cream",
        "overlays": [
          "clayworks:block/clay/color/{type}/{variant}",
          "clayworks:block/clay/overlay/vessel_sides"
        ]
      },
      "normal-inside": {
        "base": "game:block/clay/hardened/cream",
        "overlays": [
          "clayworks:block/clay/color/{type}/{variant}",
          "clayworks:block/clay/overlay/vessel_inside"
        ]
      }
    }
  },
  "blockmaterial": "Ceramic",
  "creativeInventory": {
  },
  "creativeinventoryStacksByType": {
    "*-raw": [
      {
        "tabs": [
          "general",
          "decorative",
          "clayworks"
        ],
        "stacks": [
          {
            "type": "block",
            "code": "clayworks:storagevessel-{variant}-{type}"
          }
        ]
      }
    ],
    "*": [
      {
        "tabs": [
          "general",
          "decorative",
          "clayworks"
        ],
        "stacks": [
          {
            "type": "block",
            "code": "clayworks:storagevessel-{variant}-{type}",
            "attributes": {
              "type": "normal"
            }
          }
        ]
      }
    ]
  },
  "combustiblePropsByType": {
    "*-naturalfire-raw": {
      "meltingPoint": 600,
      "meltingDuration": 45,
      "smeltedRatio": 1,
      "smeltingType": "fire",
      "smeltedStack": {
        "type": "block",
        "code": "clayworks:storagevessel-{variant}-fired2",
        "attributes": {
          "type": "normal"
        }
      },
      "requiresContainer": false
    },
    "*-naturalred-raw": {
      "meltingPoint": 600,
      "meltingDuration": 45,
      "smeltedRatio": 1,
      "smeltingType": "fire",
      "smeltedStack": {
        "type": "block",
        "code": "clayworks:storagevessel-{variant}-fired2",
        "attributes": {
          "type": "normal"
        }
      },
      "requiresContainer": false
    },
    "*-raw": {
      "meltingPoint": 600,
      "meltingDuration": 45,
      "smeltedRatio": 1,
      "smeltingType": "fire",
      "smeltedStack": {
        "type": "block",
        "code": "game:storagevessel-burned",
        "attributes": {
          "type": "normal"
        }
      },
      "requiresContainer": false
    }
  },
  "replaceable": 1000,
  "resistance": 0.8,
  "maxStackSize": 4,
  "sideAo": {
    "all": false
  },
  "lightAbsorption": 0,
  "sounds": {
    "walk": "game:walk/stone",
    "break": "game:block/ceramicplace",
    "hit": "game:block/ceramichit",
    "place": "game:block/ceramicplace"    
  },
  "sideopaque": {
    "all": false
  },
  "sidesolid": {
    "all": false
  },
  "collisionSelectionBox": {
    "x1": 0.125,
    "y1": 0,
    "z1": 0.125,
    "x2": 0.875,
    "y2": 1,
    "z2": 0.875
  },
  "guiTransform": {
    "scale": 1.25
  },
  "heldTpIdleAnimation": "holdunderarm",
  "tpHandTransform": {
    "translation": {
      "x": -1,
      "y": -0.5,
      "z": -0.5
    },
    "rotation": {
      "x": 25,
      "y": -20,
      "z": -99
    },
    "scale": 0.56
  }
}
