{
  "enabled": true,
	"code": "wateringcancolored",
	"classByType": {
		"*-fired*": "BlockWateringCan"
	},
	"behaviorsByType": {
		"*-raw": [
			{ 
        "name": "GroundStorable" 
      },
			{ 
        "name": "Unplaceable", 
        "__comment": "The ground storable obsoletes this being a block. Should be an item, but is kept a block for backwards compatibility" 
      },
			{ 
        "name": "RightClickPickup"
      } 
		],
		"*": [
			{
        "name": "Lockable"
      },
			{
        "name": "UnstableFalling"
      }, 
			{
        "name": "RightClickPickup"
      }, 
			{
        "name": "SneakPlacing"
      }
		]
	},
	"variantgroups": [
    {
      "code": "color",
      "states": [
        "black",
        "azure",
        "brown",
        "gray",
        "green",
        "orange",
        "pink",
        "purple",
        "crimson",
        "white",
        "yellow",
        "naturalblue",
        "naturalred",
        "naturalfire"
      ]
    },
		{ 
      "code": "state", 
      "states": [
        "raw", 
        "fired0",
        "fired1",
        "fired2",
        "fired3"
      ] 
    }
	],
	"shape": { 
    "base": "game:block/clay/watering-can" 
  },
	"texturesByType": {
    "*-raw": {
      "all": {
        "base": "clayworks:block/clay/color/raw/{color}",
        "overlays": [
          "clayworks:block/clay/overlay/raw"
        ]
      }
    },
    "*-naturalfire-*": {
      "all": {
        "base": "clayworks:block/clay/color/{state}/{color}",
        "overlays": [
          "clayworks:block/clay/overlay/wateringcan"
        ]
      }
    },
		"*": { 
      "all": {
			  "base": "game:block/clay/hardened/cream",
        "overlays": [
          "clayworks:block/clay/color/{state}/{color}",
          "clayworks:block/clay/overlay/vessel",
          "clayworks:block/clay/overlay/wateringcan"
        ]
      }
		}
	},
	"attributes": {
		"reinforcable": true,
		"onTongTransform": {
			"translation": { 
        "x": -0.78, 
        "y": -1.4, 
        "z": -0.63 
      },
			"rotation": { 
        "x": 123, 
        "y": -8, 
        "z": -62 
      },
			"scale": 0.8
		}
	},
	"attributesByType":{
    "*-raw": {
			"bowlContents": null,
      "shelvable": true,
      "beehivekiln": {
        "0": {
          "type": "block",
          "code": "clayworks:wateringcancolored-{color}-fired0"
        },
        "1": {
          "type": "block",
          "code": "clayworks:wateringcancolored-{color}-fired1"
        },
        "2": {
          "type": "block",
          "code": "clayworks:wateringcancolored-{color}-fired2"
        },
        "3": {
          "type": "block",
          "code": "clayworks:wateringcancolored-{color}-fired3"
        }
      }
    }
	},
	"heldTpUseAnimation": "water",
	"heldRightReadyAnimation": "helditemreadyslant",
	"entityClassByType": {
		"*-fired*": "WateringCan"
	},
	"combustiblePropsByType": {
		"*-raw": {
			"meltingPoint": 600,
			"meltingDuration": 45,
			"smeltedRatio": 1,
			"smeltingType": "fire",
			"smeltedStack": { 
        "type": "block", 
        "code": "game:wateringcan-burned" 
      },
			"requiresContainer": false
		}
	},
	"blockmaterial": "Ceramic",
	"creativeinventory": { 
    "general": [
      "*"
    ], 
    "construction": [
      "*"
    ], 
    "clayworks": [
      "*"
    ] 
  },
	"replaceable": 1200,
	"resistance": 1.5,
	"maxStackSize": 1,
	"liquidSelectable": 1,
	"lightAbsorption": 0,
	"sounds": {
		"walk": "game:walk/stone"
	},
	"collisionbox": {
		"x1": 0.25, 
    "y1": 0, 
    "z1": 0.25, 
    "x2": 0.75, 
    "y2": 0.75, 
    "z2": 0.75
	},
	"selectionbox": {
		"x1": 0.25, 
    "y1": 0, 
    "z1": 0.25, 
    "x2": 0.75, 
    "y2": 0.75, 
    "z2": 0.75
	},
	"sideopaque": {
		"all": false
	},
	"sidesolid": {
		"all": false
	},
	"fpHandTransform": {
		"rotation": { 
      "x": 0, 
      "y": -134, 
      "z": 0 
    },
		"scale": 1.56
	},
	"guiTransform": {
		"origin": { 
      "x": 0.5, 
      "y": 0.35, 
      "z": 0.5 
    },
		"scale": 1.87
	},
	"tpHandTransform": {
		"translation": { 
      "x": -0.97, 
      "y": -0.71, 
      "z": -0.71 
    },
		"rotation": { 
      "x": 0, 
      "y": 180, 
      "z": 9 
    },
		"origin": { 
      "x": 0.5, 
      "y": 0.3, 
      "z": 0.5 
    },
		"scale": 0.65
	},
	"groundTransform": {
		"origin": { 
      "x": 0.5, 
      "y": 0, 
      "z": 0.5 
    },
		"scale": 2.5
	}
}
