{
	"editor": {
		"collapsedPaths": "",
		"allAngles": false,
		"entityTextureMode": false
	},
	"textureWidth": 16,
	"textureHeight": 16,
	"textureSizes": {
	},
	"textures": {
	},
	"elements": [
		{
			"name": "bar",
			"from": [ 0.2, 0.0, 1.7 ],
			"to": [ 5.2, 2.0, 5.7 ],
			"rotationOrigin": [ 8.0, 0.0, 8.0 ],
			"faces": {
				"north": { "texture": "#material", "uv": [ 0.0, 7.5, 5.0, 9.5 ], "autoUv": false, "snapUv": false },
				"east": { "texture": "#material", "uv": [ 9.5, 10.0, 13.5, 12.0 ], "autoUv": false, "snapUv": false },
				"south": { "texture": "#material", "uv": [ 9.5, 7.5, 14.5, 9.5 ], "autoUv": false, "snapUv": false },
				"west": { "texture": "#material", "uv": [ 5.5, 10.0, 9.5, 12.0 ], "autoUv": false, "snapUv": false },
				"up": { "texture": "#material", "uv": [ 5.0, 1.5, 10.0, 5.5 ], "autoUv": false, "snapUv": false },
				"down": { "texture": "#material", "uv": [ 2.5, 0.5, 7.5, 4.5 ], "autoUv": false, "snapUv": false }
			},
			"children": [
				{
					"name": "bar2",
					"from": [ 5.3, 0.0, 0.0 ],
					"to": [ 10.3, 2.0, 4.0 ],
					"rotationOrigin": [ 7.8, 0.0, 1.3 ],
					"faces": {
						"north": { "texture": "#material", "uv": [ 8.0, 2.0, 13.0, 4.0 ], "autoUv": false },
						"east": { "texture": "#material", "uv": [ 2.5, 1.0, 6.5, 3.0 ], "autoUv": false },
						"south": { "texture": "#material", "uv": [ 1.0, 13.0, 6.0, 15.0 ], "autoUv": false },
						"west": { "texture": "#material", "uv": [ 9.5, 7.0, 13.5, 9.0 ], "autoUv": false },
						"up": { "texture": "#material", "uv": [ 6.0, 8.0, 11.0, 12.0 ], "autoUv": false },
						"down": { "texture": "#material", "uv": [ 4.0, 3.5, 9.0, 7.5 ], "autoUv": false }
					}
				},
				{
					"name": "bar3",
					"from": [ 10.6, 0.0, 0.0 ],
					"to": [ 15.6, 2.0, 4.0 ],
					"rotationOrigin": [ 13.1, 0.0, 1.3 ],
					"faces": {
						"north": { "texture": "#material", "uv": [ 10.5, 12.5, 15.5, 14.5 ], "autoUv": false },
						"east": { "texture": "#material", "uv": [ 3.0, 10.5, 7.0, 12.5 ], "autoUv": false },
						"south": { "texture": "#material", "uv": [ 3.0, 10.0, 8.0, 12.0 ], "autoUv": false },
						"west": { "texture": "#material", "uv": [ 11.5, 10.0, 15.5, 12.0 ], "autoUv": false },
						"up": { "texture": "#material", "uv": [ 4.5, 3.5, 9.5, 7.5 ], "autoUv": false },
						"down": { "texture": "#material", "uv": [ 3.5, 11.5, 8.5, 15.5 ], "autoUv": false }
					}
				},
				{
					"name": "bar4",
					"from": [ 0.0, 0.0, 4.3 ],
					"to": [ 5.0, 2.0, 8.3 ],
					"rotationOrigin": [ 2.5, 0.0, 6.3 ],
					"faces": {
						"north": { "texture": "#material", "uv": [ 4.5, 12.5, 9.5, 14.5 ], "autoUv": false },
						"east": { "texture": "#material", "uv": [ 7.0, 11.0, 11.0, 13.0 ], "autoUv": false },
						"south": { "texture": "#material", "uv": [ 0.5, 3.0, 5.5, 5.0 ], "autoUv": false },
						"west": { "texture": "#material", "uv": [ 4.5, 2.5, 8.5, 4.5 ], "autoUv": false },
						"up": { "texture": "#material", "uv": [ 10.5, 9.5, 15.5, 13.5 ], "autoUv": false },
						"down": { "texture": "#material", "uv": [ 0.5, 0.5, 5.5, 4.5 ], "autoUv": false }
					}
				},
				{
					"name": "bar5",
					"from": [ 5.3, 0.0, 4.3 ],
					"to": [ 10.3, 2.0, 8.3 ],
					"rotationOrigin": [ 7.8, 0.0, 6.3 ],
					"faces": {
						"north": { "texture": "#material", "uv": [ 9.0, 13.5, 14.0, 15.5 ], "autoUv": false },
						"east": { "texture": "#material", "uv": [ 10.5, 9.5, 14.5, 11.5 ], "autoUv": false },
						"south": { "texture": "#material", "uv": [ 2.5, 7.0, 7.5, 9.0 ], "autoUv": false },
						"west": { "texture": "#material", "uv": [ 1.5, 8.0, 5.5, 10.0 ], "autoUv": false },
						"up": { "texture": "#material", "uv": [ 10.0, 6.5, 15.0, 10.5 ], "autoUv": false },
						"down": { "texture": "#material", "uv": [ 6.5, 8.5, 11.5, 12.5 ], "autoUv": false }
					}
				},
				{
					"name": "bar6",
					"from": [ 10.6, 0.0, 4.3 ],
					"to": [ 15.6, 2.0, 8.3 ],
					"rotationOrigin": [ 13.1, 0.0, 6.3 ],
					"faces": {
						"north": { "texture": "#material", "uv": [ 3.5, 5.5, 8.5, 7.5 ], "autoUv": false },
						"east": { "texture": "#material", "uv": [ 3.5, 4.5, 7.5, 6.5 ], "autoUv": false },
						"south": { "texture": "#material", "uv": [ 7.0, 8.0, 12.0, 10.0 ], "autoUv": false },
						"west": { "texture": "#material", "uv": [ 10.5, 6.0, 14.5, 8.0 ], "autoUv": false },
						"up": { "texture": "#material", "uv": [ 8.5, 7.0, 13.5, 11.0 ], "autoUv": false },
						"down": { "texture": "#material", "uv": [ 3.5, 11.5, 8.5, 15.5 ], "autoUv": false }
					}
				},
				{
					"name": "bar7",
					"from": [ 0.0, 0.0, 8.6 ],
					"to": [ 5.0, 2.0, 12.6 ],
					"rotationOrigin": [ 2.5, 0.0, 10.6 ],
					"faces": {
						"north": { "texture": "#material", "uv": [ 3.0, 11.5, 8.0, 13.5 ], "autoUv": false },
						"east": { "texture": "#material", "uv": [ 2.5, 5.5, 6.5, 7.5 ], "autoUv": false },
						"south": { "texture": "#material", "uv": [ 1.5, 10.0, 6.5, 12.0 ], "autoUv": false },
						"west": { "texture": "#material", "uv": [ 1.0, 4.5, 5.0, 6.5 ], "autoUv": false },
						"up": { "texture": "#material", "uv": [ 9.0, 0.0, 14.0, 4.0 ], "autoUv": false },
						"down": { "texture": "#material", "uv": [ 0.5, 4.5, 5.5, 8.5 ], "autoUv": false }
					}
				},
				{
					"name": "bar8",
					"from": [ 5.3, 0.0, 8.6 ],
					"to": [ 10.3, 2.0, 12.6 ],
					"rotationOrigin": [ 7.8, 0.0, 10.6 ],
					"faces": {
						"north": { "texture": "#material", "uv": [ 8.0, 5.5, 13.0, 7.5 ], "autoUv": false },
						"east": { "texture": "#material", "uv": [ 0.0, 8.5, 4.0, 10.5 ], "autoUv": false },
						"south": { "texture": "#material", "uv": [ 7.5, 4.5, 12.5, 6.5 ], "autoUv": false },
						"west": { "texture": "#material", "uv": [ 0.5, 4.5, 4.5, 6.5 ], "autoUv": false },
						"up": { "texture": "#material", "uv": [ 4.0, 9.0, 9.0, 13.0 ], "autoUv": false },
						"down": { "texture": "#material", "uv": [ 9.5, 9.5, 14.5, 13.5 ], "autoUv": false }
					}
				},
				{
					"name": "bar9",
					"from": [ 10.6, 0.0, 8.6 ],
					"to": [ 15.6, 2.0, 12.6 ],
					"rotationOrigin": [ 13.1, 0.0, 10.6 ],
					"faces": {
						"north": { "texture": "#material", "uv": [ 1.5, 7.0, 6.5, 9.0 ], "autoUv": false },
						"east": { "texture": "#material", "uv": [ 7.5, 11.5, 11.5, 13.5 ], "autoUv": false },
						"south": { "texture": "#material", "uv": [ 2.0, 4.5, 7.0, 6.5 ], "autoUv": false },
						"west": { "texture": "#material", "uv": [ 2.5, 2.0, 6.5, 4.0 ], "autoUv": false },
						"up": { "texture": "#material", "uv": [ 8.0, 7.5, 13.0, 11.5 ], "autoUv": false },
						"down": { "texture": "#material", "uv": [ 1.5, 0.0, 6.5, 4.0 ], "autoUv": false }
					}
				}
			]
		},
		{
			"name": "bar10",
			"from": [ 0.3, 2.0, 1.6 ],
			"to": [ 5.3, 4.0, 5.6 ],
			"rotationOrigin": [ 8.1, 2.0, 7.9 ],
			"faces": {
				"north": { "texture": "#material", "uv": [ 0.0, 7.5, 5.0, 9.5 ], "autoUv": false },
				"east": { "texture": "#material", "uv": [ 9.5, 10.0, 13.5, 12.0 ], "autoUv": false },
				"south": { "texture": "#material", "uv": [ 9.5, 7.5, 14.5, 9.5 ], "autoUv": false },
				"west": { "texture": "#material", "uv": [ 5.5, 10.0, 9.5, 12.0 ], "autoUv": false },
				"up": { "texture": "#material", "uv": [ 5.0, 1.5, 10.0, 5.5 ], "autoUv": false },
				"down": { "texture": "#material", "uv": [ 2.5, 0.5, 7.5, 4.5 ], "autoUv": false }
			},
			"children": [
				{
					"name": "bar11",
					"from": [ 5.3, 0.0, 0.0 ],
					"to": [ 10.3, 2.0, 4.0 ],
					"rotationOrigin": [ 7.8, 0.0, 1.3 ],
					"faces": {
						"north": { "texture": "#material", "uv": [ 8.0, 2.0, 13.0, 4.0 ], "autoUv": false },
						"east": { "texture": "#material", "uv": [ 2.5, 1.0, 6.5, 3.0 ], "autoUv": false },
						"south": { "texture": "#material", "uv": [ 1.0, 13.0, 6.0, 15.0 ], "autoUv": false },
						"west": { "texture": "#material", "uv": [ 9.5, 7.0, 13.5, 9.0 ], "autoUv": false },
						"up": { "texture": "#material", "uv": [ 6.0, 8.0, 11.0, 12.0 ], "autoUv": false },
						"down": { "texture": "#material", "uv": [ 4.0, 3.5, 9.0, 7.5 ], "autoUv": false }
					}
				},
				{
					"name": "bar12",
					"from": [ 10.6, 0.0, 0.0 ],
					"to": [ 15.6, 2.0, 4.0 ],
					"rotationOrigin": [ 13.1, 0.0, 1.3 ],
					"faces": {
						"north": { "texture": "#material", "uv": [ 10.5, 12.5, 15.5, 14.5 ], "autoUv": false },
						"east": { "texture": "#material", "uv": [ 3.0, 10.5, 7.0, 12.5 ], "autoUv": false },
						"south": { "texture": "#material", "uv": [ 3.0, 10.0, 8.0, 12.0 ], "autoUv": false },
						"west": { "texture": "#material", "uv": [ 11.5, 10.0, 15.5, 12.0 ], "autoUv": false },
						"up": { "texture": "#material", "uv": [ 4.5, 3.5, 9.5, 7.5 ], "autoUv": false },
						"down": { "texture": "#material", "uv": [ 3.5, 11.5, 8.5, 15.5 ], "autoUv": false }
					}
				},
				{
					"name": "bar13",
					"from": [ 0.0, 0.0, 4.3 ],
					"to": [ 5.0, 2.0, 8.3 ],
					"rotationOrigin": [ 2.5, 0.0, 6.3 ],
					"faces": {
						"north": { "texture": "#material", "uv": [ 4.5, 12.5, 9.5, 14.5 ], "autoUv": false },
						"east": { "texture": "#material", "uv": [ 7.0, 11.0, 11.0, 13.0 ], "autoUv": false },
						"south": { "texture": "#material", "uv": [ 0.5, 3.0, 5.5, 5.0 ], "autoUv": false },
						"west": { "texture": "#material", "uv": [ 4.5, 2.5, 8.5, 4.5 ], "autoUv": false },
						"up": { "texture": "#material", "uv": [ 10.5, 9.5, 15.5, 13.5 ], "autoUv": false },
						"down": { "texture": "#material", "uv": [ 0.5, 0.5, 5.5, 4.5 ], "autoUv": false }
					}
				},
				{
					"name": "bar14",
					"from": [ 5.3, 0.0, 4.3 ],
					"to": [ 10.3, 2.0, 8.3 ],
					"rotationOrigin": [ 7.8, 0.0, 6.3 ],
					"faces": {
						"north": { "texture": "#material", "uv": [ 9.0, 13.5, 14.0, 15.5 ], "autoUv": false },
						"east": { "texture": "#material", "uv": [ 10.5, 9.5, 14.5, 11.5 ], "autoUv": false },
						"south": { "texture": "#material", "uv": [ 2.5, 7.0, 7.5, 9.0 ], "autoUv": false },
						"west": { "texture": "#material", "uv": [ 1.5, 8.0, 5.5, 10.0 ], "autoUv": false },
						"up": { "texture": "#material", "uv": [ 10.0, 6.5, 15.0, 10.5 ], "autoUv": false },
						"down": { "texture": "#material", "uv": [ 6.5, 8.5, 11.5, 12.5 ], "autoUv": false }
					}
				},
				{
					"name": "bar15",
					"from": [ 10.6, 0.0, 4.3 ],
					"to": [ 15.6, 2.0, 8.3 ],
					"rotationOrigin": [ 13.1, 0.0, 6.3 ],
					"faces": {
						"north": { "texture": "#material", "uv": [ 3.5, 5.5, 8.5, 7.5 ], "autoUv": false },
						"east": { "texture": "#material", "uv": [ 3.5, 4.5, 7.5, 6.5 ], "autoUv": false },
						"south": { "texture": "#material", "uv": [ 7.0, 8.0, 12.0, 10.0 ], "autoUv": false },
						"west": { "texture": "#material", "uv": [ 10.5, 6.0, 14.5, 8.0 ], "autoUv": false },
						"up": { "texture": "#material", "uv": [ 8.5, 7.0, 13.5, 11.0 ], "autoUv": false },
						"down": { "texture": "#material", "uv": [ 3.5, 11.5, 8.5, 15.5 ], "autoUv": false }
					}
				},
				{
					"name": "bar16",
					"from": [ 0.0, 0.0, 8.6 ],
					"to": [ 5.0, 2.0, 12.6 ],
					"rotationOrigin": [ 2.5, 0.0, 10.6 ],
					"faces": {
						"north": { "texture": "#material", "uv": [ 3.0, 11.5, 8.0, 13.5 ], "autoUv": false },
						"east": { "texture": "#material", "uv": [ 2.5, 5.5, 6.5, 7.5 ], "autoUv": false },
						"south": { "texture": "#material", "uv": [ 1.5, 10.0, 6.5, 12.0 ], "autoUv": false },
						"west": { "texture": "#material", "uv": [ 1.0, 4.5, 5.0, 6.5 ], "autoUv": false },
						"up": { "texture": "#material", "uv": [ 9.0, 0.0, 14.0, 4.0 ], "autoUv": false },
						"down": { "texture": "#material", "uv": [ 0.5, 4.5, 5.5, 8.5 ], "autoUv": false }
					}
				},
				{
					"name": "bar17",
					"from": [ 5.3, 0.0, 8.6 ],
					"to": [ 10.3, 2.0, 12.6 ],
					"rotationOrigin": [ 7.8, 0.0, 10.6 ],
					"faces": {
						"north": { "texture": "#material", "uv": [ 8.0, 5.5, 13.0, 7.5 ], "autoUv": false },
						"east": { "texture": "#material", "uv": [ 0.0, 8.5, 4.0, 10.5 ], "autoUv": false },
						"south": { "texture": "#material", "uv": [ 7.5, 4.5, 12.5, 6.5 ], "autoUv": false },
						"west": { "texture": "#material", "uv": [ 0.5, 4.5, 4.5, 6.5 ], "autoUv": false },
						"up": { "texture": "#material", "uv": [ 4.0, 9.0, 9.0, 13.0 ], "autoUv": false },
						"down": { "texture": "#material", "uv": [ 9.5, 9.5, 14.5, 13.5 ], "autoUv": false }
					}
				},
				{
					"name": "bar18",
					"from": [ 10.6, 0.0, 8.6 ],
					"to": [ 15.6, 2.0, 12.6 ],
					"rotationOrigin": [ 13.1, 0.0, 10.6 ],
					"faces": {
						"north": { "texture": "#material", "uv": [ 1.5, 7.0, 6.5, 9.0 ], "autoUv": false },
						"east": { "texture": "#material", "uv": [ 7.5, 11.5, 11.5, 13.5 ], "autoUv": false },
						"south": { "texture": "#material", "uv": [ 2.0, 4.5, 7.0, 6.5 ], "autoUv": false },
						"west": { "texture": "#material", "uv": [ 2.5, 2.0, 6.5, 4.0 ], "autoUv": false },
						"up": { "texture": "#material", "uv": [ 8.0, 7.5, 13.0, 11.5 ], "autoUv": false },
						"down": { "texture": "#material", "uv": [ 1.5, 0.0, 6.5, 4.0 ], "autoUv": false }
					}
				}
			]
		},
		{
			"name": "bar19",
			"from": [ 0.2, 4.0, 1.7 ],
			"to": [ 5.2, 6.0, 5.7 ],
			"rotationOrigin": [ 8.0, 4.0, 8.0 ],
			"faces": {
				"north": { "texture": "#material", "uv": [ 0.0, 7.5, 5.0, 9.5 ], "autoUv": false },
				"east": { "texture": "#material", "uv": [ 9.5, 10.0, 13.5, 12.0 ], "autoUv": false },
				"south": { "texture": "#material", "uv": [ 9.5, 7.5, 14.5, 9.5 ], "autoUv": false },
				"west": { "texture": "#material", "uv": [ 5.5, 10.0, 9.5, 12.0 ], "autoUv": false },
				"up": { "texture": "#material", "uv": [ 5.0, 1.5, 10.0, 5.5 ], "autoUv": false },
				"down": { "texture": "#material", "uv": [ 2.5, 0.5, 7.5, 4.5 ], "autoUv": false }
			},
			"children": [
				{
					"name": "bar20",
					"from": [ 5.3, 0.0, 0.0 ],
					"to": [ 10.3, 2.0, 4.0 ],
					"rotationOrigin": [ 7.8, 0.0, 1.3 ],
					"faces": {
						"north": { "texture": "#material", "uv": [ 8.0, 2.0, 13.0, 4.0 ], "autoUv": false },
						"east": { "texture": "#material", "uv": [ 2.5, 1.0, 6.5, 3.0 ], "autoUv": false },
						"south": { "texture": "#material", "uv": [ 1.0, 13.0, 6.0, 15.0 ], "autoUv": false },
						"west": { "texture": "#material", "uv": [ 9.5, 7.0, 13.5, 9.0 ], "autoUv": false },
						"up": { "texture": "#material", "uv": [ 6.0, 8.0, 11.0, 12.0 ], "autoUv": false },
						"down": { "texture": "#material", "uv": [ 4.0, 3.5, 9.0, 7.5 ], "autoUv": false }
					}
				},
				{
					"name": "bar21",
					"from": [ 10.6, 0.0, 0.0 ],
					"to": [ 15.6, 2.0, 4.0 ],
					"rotationOrigin": [ 13.1, 0.0, 1.3 ],
					"faces": {
						"north": { "texture": "#material", "uv": [ 10.5, 12.5, 15.5, 14.5 ], "autoUv": false },
						"east": { "texture": "#material", "uv": [ 3.0, 10.5, 7.0, 12.5 ], "autoUv": false },
						"south": { "texture": "#material", "uv": [ 3.0, 10.0, 8.0, 12.0 ], "autoUv": false },
						"west": { "texture": "#material", "uv": [ 11.5, 10.0, 15.5, 12.0 ], "autoUv": false },
						"up": { "texture": "#material", "uv": [ 4.5, 3.5, 9.5, 7.5 ], "autoUv": false },
						"down": { "texture": "#material", "uv": [ 3.5, 11.5, 8.5, 15.5 ], "autoUv": false }
					}
				},
				{
					"name": "bar22",
					"from": [ 0.0, 0.0, 4.3 ],
					"to": [ 5.0, 2.0, 8.3 ],
					"rotationOrigin": [ 2.5, 0.0, 6.3 ],
					"faces": {
						"north": { "texture": "#material", "uv": [ 4.5, 12.5, 9.5, 14.5 ], "autoUv": false },
						"east": { "texture": "#material", "uv": [ 7.0, 11.0, 11.0, 13.0 ], "autoUv": false },
						"south": { "texture": "#material", "uv": [ 0.5, 3.0, 5.5, 5.0 ], "autoUv": false },
						"west": { "texture": "#material", "uv": [ 4.5, 2.5, 8.5, 4.5 ], "autoUv": false },
						"up": { "texture": "#material", "uv": [ 10.5, 9.5, 15.5, 13.5 ], "autoUv": false },
						"down": { "texture": "#material", "uv": [ 0.5, 0.5, 5.5, 4.5 ], "autoUv": false }
					}
				},
				{
					"name": "bar23",
					"from": [ 5.3, 0.0, 4.3 ],
					"to": [ 10.3, 2.0, 8.3 ],
					"rotationOrigin": [ 7.8, 0.0, 6.3 ],
					"faces": {
						"north": { "texture": "#material", "uv": [ 9.0, 13.5, 14.0, 15.5 ], "autoUv": false },
						"east": { "texture": "#material", "uv": [ 10.5, 9.5, 14.5, 11.5 ], "autoUv": false },
						"south": { "texture": "#material", "uv": [ 2.5, 7.0, 7.5, 9.0 ], "autoUv": false },
						"west": { "texture": "#material", "uv": [ 1.5, 8.0, 5.5, 10.0 ], "autoUv": false },
						"up": { "texture": "#material", "uv": [ 10.0, 6.5, 15.0, 10.5 ], "autoUv": false },
						"down": { "texture": "#material", "uv": [ 6.5, 8.5, 11.5, 12.5 ], "autoUv": false }
					}
				},
				{
					"name": "bar24",
					"from": [ 10.6, 0.0, 4.3 ],
					"to": [ 15.6, 2.0, 8.3 ],
					"rotationOrigin": [ 13.1, 0.0, 6.3 ],
					"faces": {
						"north": { "texture": "#material", "uv": [ 3.5, 5.5, 8.5, 7.5 ], "autoUv": false },
						"east": { "texture": "#material", "uv": [ 3.5, 4.5, 7.5, 6.5 ], "autoUv": false },
						"south": { "texture": "#material", "uv": [ 7.0, 8.0, 12.0, 10.0 ], "autoUv": false },
						"west": { "texture": "#material", "uv": [ 10.5, 6.0, 14.5, 8.0 ], "autoUv": false },
						"up": { "texture": "#material", "uv": [ 8.5, 7.0, 13.5, 11.0 ], "autoUv": false },
						"down": { "texture": "#material", "uv": [ 3.5, 11.5, 8.5, 15.5 ], "autoUv": false }
					}
				},
				{
					"name": "bar25",
					"from": [ 0.0, 0.0, 8.6 ],
					"to": [ 5.0, 2.0, 12.6 ],
					"rotationOrigin": [ 2.5, 0.0, 10.6 ],
					"faces": {
						"north": { "texture": "#material", "uv": [ 3.0, 11.5, 8.0, 13.5 ], "autoUv": false },
						"east": { "texture": "#material", "uv": [ 2.5, 5.5, 6.5, 7.5 ], "autoUv": false },
						"south": { "texture": "#material", "uv": [ 1.5, 10.0, 6.5, 12.0 ], "autoUv": false },
						"west": { "texture": "#material", "uv": [ 1.0, 4.5, 5.0, 6.5 ], "autoUv": false },
						"up": { "texture": "#material", "uv": [ 9.0, 0.0, 14.0, 4.0 ], "autoUv": false },
						"down": { "texture": "#material", "uv": [ 0.5, 4.5, 5.5, 8.5 ], "autoUv": false }
					}
				},
				{
					"name": "bar26",
					"from": [ 5.3, 0.0, 8.6 ],
					"to": [ 10.3, 2.0, 12.6 ],
					"rotationOrigin": [ 7.8, 0.0, 10.6 ],
					"faces": {
						"north": { "texture": "#material", "uv": [ 8.0, 5.5, 13.0, 7.5 ], "autoUv": false },
						"east": { "texture": "#material", "uv": [ 0.0, 8.5, 4.0, 10.5 ], "autoUv": false },
						"south": { "texture": "#material", "uv": [ 7.5, 4.5, 12.5, 6.5 ], "autoUv": false },
						"west": { "texture": "#material", "uv": [ 0.5, 4.5, 4.5, 6.5 ], "autoUv": false },
						"up": { "texture": "#material", "uv": [ 4.0, 9.0, 9.0, 13.0 ], "autoUv": false },
						"down": { "texture": "#material", "uv": [ 9.5, 9.5, 14.5, 13.5 ], "autoUv": false }
					}
				},
				{
					"name": "bar27",
					"from": [ 10.6, 0.0, 8.6 ],
					"to": [ 15.6, 2.0, 12.6 ],
					"rotationOrigin": [ 13.1, 0.0, 10.6 ],
					"faces": {
						"north": { "texture": "#material", "uv": [ 1.5, 7.0, 6.5, 9.0 ], "autoUv": false },
						"east": { "texture": "#material", "uv": [ 7.5, 11.5, 11.5, 13.5 ], "autoUv": false },
						"south": { "texture": "#material", "uv": [ 2.0, 4.5, 7.0, 6.5 ], "autoUv": false },
						"west": { "texture": "#material", "uv": [ 2.5, 2.0, 6.5, 4.0 ], "autoUv": false },
						"up": { "texture": "#material", "uv": [ 8.0, 7.5, 13.0, 11.5 ], "autoUv": false },
						"down": { "texture": "#material", "uv": [ 1.5, 0.0, 6.5, 4.0 ], "autoUv": false }
					}
				}
			]
		},
		{
			"name": "bar28",
			"from": [ 0.3, 6.0, 1.6 ],
			"to": [ 5.3, 8.0, 5.6 ],
			"rotationOrigin": [ 8.1, 6.0, 7.9 ],
			"faces": {
				"north": { "texture": "#material", "uv": [ 0.0, 7.5, 5.0, 9.5 ], "autoUv": false },
				"east": { "texture": "#material", "uv": [ 9.5, 10.0, 13.5, 12.0 ], "autoUv": false },
				"south": { "texture": "#material", "uv": [ 9.5, 7.5, 14.5, 9.5 ], "autoUv": false },
				"west": { "texture": "#material", "uv": [ 5.5, 10.0, 9.5, 12.0 ], "autoUv": false },
				"up": { "texture": "#material", "uv": [ 5.0, 1.5, 10.0, 5.5 ], "autoUv": false },
				"down": { "texture": "#material", "uv": [ 2.5, 0.5, 7.5, 4.5 ], "autoUv": false }
			},
			"children": [
				{
					"name": "bar29",
					"from": [ 5.3, 0.0, 0.0 ],
					"to": [ 10.3, 2.0, 4.0 ],
					"rotationOrigin": [ 7.8, 0.0, 1.3 ],
					"faces": {
						"north": { "texture": "#material", "uv": [ 8.0, 2.0, 13.0, 4.0 ], "autoUv": false },
						"east": { "texture": "#material", "uv": [ 2.5, 1.0, 6.5, 3.0 ], "autoUv": false },
						"south": { "texture": "#material", "uv": [ 1.0, 13.0, 6.0, 15.0 ], "autoUv": false },
						"west": { "texture": "#material", "uv": [ 9.5, 7.0, 13.5, 9.0 ], "autoUv": false },
						"up": { "texture": "#material", "uv": [ 6.0, 8.0, 11.0, 12.0 ], "autoUv": false },
						"down": { "texture": "#material", "uv": [ 4.0, 3.5, 9.0, 7.5 ], "autoUv": false }
					}
				},
				{
					"name": "bar30",
					"from": [ 10.6, 0.0, 0.0 ],
					"to": [ 15.6, 2.0, 4.0 ],
					"rotationOrigin": [ 13.1, 0.0, 1.3 ],
					"faces": {
						"north": { "texture": "#material", "uv": [ 10.5, 12.5, 15.5, 14.5 ], "autoUv": false },
						"east": { "texture": "#material", "uv": [ 3.0, 10.5, 7.0, 12.5 ], "autoUv": false },
						"south": { "texture": "#material", "uv": [ 3.0, 10.0, 8.0, 12.0 ], "autoUv": false },
						"west": { "texture": "#material", "uv": [ 11.5, 10.0, 15.5, 12.0 ], "autoUv": false },
						"up": { "texture": "#material", "uv": [ 4.5, 3.5, 9.5, 7.5 ], "autoUv": false },
						"down": { "texture": "#material", "uv": [ 3.5, 11.5, 8.5, 15.5 ], "autoUv": false }
					}
				},
				{
					"name": "bar31",
					"from": [ 0.0, 0.0, 4.3 ],
					"to": [ 5.0, 2.0, 8.3 ],
					"rotationOrigin": [ 2.5, 0.0, 6.3 ],
					"faces": {
						"north": { "texture": "#material", "uv": [ 4.5, 12.5, 9.5, 14.5 ], "autoUv": false },
						"east": { "texture": "#material", "uv": [ 7.0, 11.0, 11.0, 13.0 ], "autoUv": false },
						"south": { "texture": "#material", "uv": [ 0.5, 3.0, 5.5, 5.0 ], "autoUv": false },
						"west": { "texture": "#material", "uv": [ 4.5, 2.5, 8.5, 4.5 ], "autoUv": false },
						"up": { "texture": "#material", "uv": [ 10.5, 9.5, 15.5, 13.5 ], "autoUv": false },
						"down": { "texture": "#material", "uv": [ 0.5, 0.5, 5.5, 4.5 ], "autoUv": false }
					}
				},
				{
					"name": "bar32",
					"from": [ 5.3, 0.0, 4.3 ],
					"to": [ 10.3, 2.0, 8.3 ],
					"rotationOrigin": [ 7.8, 0.0, 6.3 ],
					"faces": {
						"north": { "texture": "#material", "uv": [ 9.0, 13.5, 14.0, 15.5 ], "autoUv": false },
						"east": { "texture": "#material", "uv": [ 10.5, 9.5, 14.5, 11.5 ], "autoUv": false },
						"south": { "texture": "#material", "uv": [ 2.5, 7.0, 7.5, 9.0 ], "autoUv": false },
						"west": { "texture": "#material", "uv": [ 1.5, 8.0, 5.5, 10.0 ], "autoUv": false },
						"up": { "texture": "#material", "uv": [ 10.0, 6.5, 15.0, 10.5 ], "autoUv": false },
						"down": { "texture": "#material", "uv": [ 6.5, 8.5, 11.5, 12.5 ], "autoUv": false }
					}
				},
				{
					"name": "bar33",
					"from": [ 10.6, 0.0, 4.3 ],
					"to": [ 15.6, 2.0, 8.3 ],
					"rotationOrigin": [ 13.1, 0.0, 6.3 ],
					"faces": {
						"north": { "texture": "#material", "uv": [ 3.5, 5.5, 8.5, 7.5 ], "autoUv": false },
						"east": { "texture": "#material", "uv": [ 3.5, 4.5, 7.5, 6.5 ], "autoUv": false },
						"south": { "texture": "#material", "uv": [ 7.0, 8.0, 12.0, 10.0 ], "autoUv": false },
						"west": { "texture": "#material", "uv": [ 10.5, 6.0, 14.5, 8.0 ], "autoUv": false },
						"up": { "texture": "#material", "uv": [ 8.5, 7.0, 13.5, 11.0 ], "autoUv": false },
						"down": { "texture": "#material", "uv": [ 3.5, 11.5, 8.5, 15.5 ], "autoUv": false }
					}
				},
				{
					"name": "bar34",
					"from": [ 0.0, 0.0, 8.6 ],
					"to": [ 5.0, 2.0, 12.6 ],
					"rotationOrigin": [ 2.5, 0.0, 10.6 ],
					"faces": {
						"north": { "texture": "#material", "uv": [ 3.0, 11.5, 8.0, 13.5 ], "autoUv": false },
						"east": { "texture": "#material", "uv": [ 2.5, 5.5, 6.5, 7.5 ], "autoUv": false },
						"south": { "texture": "#material", "uv": [ 1.5, 10.0, 6.5, 12.0 ], "autoUv": false },
						"west": { "texture": "#material", "uv": [ 1.0, 4.5, 5.0, 6.5 ], "autoUv": false },
						"up": { "texture": "#material", "uv": [ 9.0, 0.0, 14.0, 4.0 ], "autoUv": false },
						"down": { "texture": "#material", "uv": [ 0.5, 4.5, 5.5, 8.5 ], "autoUv": false }
					}
				},
				{
					"name": "bar35",
					"from": [ 5.3, 0.0, 8.6 ],
					"to": [ 10.3, 2.0, 12.6 ],
					"rotationOrigin": [ 7.8, 0.0, 10.6 ],
					"faces": {
						"north": { "texture": "#material", "uv": [ 8.0, 5.5, 13.0, 7.5 ], "autoUv": false },
						"east": { "texture": "#material", "uv": [ 0.0, 8.5, 4.0, 10.5 ], "autoUv": false },
						"south": { "texture": "#material", "uv": [ 7.5, 4.5, 12.5, 6.5 ], "autoUv": false },
						"west": { "texture": "#material", "uv": [ 0.5, 4.5, 4.5, 6.5 ], "autoUv": false },
						"up": { "texture": "#material", "uv": [ 4.0, 9.0, 9.0, 13.0 ], "autoUv": false },
						"down": { "texture": "#material", "uv": [ 9.5, 9.5, 14.5, 13.5 ], "autoUv": false }
					}
				},
				{
					"name": "bar36",
					"from": [ 10.6, 0.0, 8.6 ],
					"to": [ 15.6, 2.0, 12.6 ],
					"rotationOrigin": [ 13.1, 0.0, 10.6 ],
					"faces": {
						"north": { "texture": "#material", "uv": [ 1.5, 7.0, 6.5, 9.0 ], "autoUv": false },
						"east": { "texture": "#material", "uv": [ 7.5, 11.5, 11.5, 13.5 ], "autoUv": false },
						"south": { "texture": "#material", "uv": [ 2.0, 4.5, 7.0, 6.5 ], "autoUv": false },
						"west": { "texture": "#material", "uv": [ 2.5, 2.0, 6.5, 4.0 ], "autoUv": false },
						"up": { "texture": "#material", "uv": [ 8.0, 7.5, 13.0, 11.5 ], "autoUv": false },
						"down": { "texture": "#material", "uv": [ 1.5, 0.0, 6.5, 4.0 ], "autoUv": false }
					}
				}
			]
		},
		{
			"name": "bar37",
			"from": [ 0.2, 8.0, 1.7 ],
			"to": [ 5.2, 10.0, 5.7 ],
			"rotationOrigin": [ 8.0, 8.0, 8.0 ],
			"faces": {
				"north": { "texture": "#material", "uv": [ 0.0, 7.5, 5.0, 9.5 ], "autoUv": false },
				"east": { "texture": "#material", "uv": [ 9.5, 10.0, 13.5, 12.0 ], "autoUv": false },
				"south": { "texture": "#material", "uv": [ 9.5, 7.5, 14.5, 9.5 ], "autoUv": false },
				"west": { "texture": "#material", "uv": [ 5.5, 10.0, 9.5, 12.0 ], "autoUv": false },
				"up": { "texture": "#material", "uv": [ 5.0, 1.5, 10.0, 5.5 ], "autoUv": false },
				"down": { "texture": "#material", "uv": [ 2.5, 0.5, 7.5, 4.5 ], "autoUv": false }
			},
			"children": [
				{
					"name": "bar38",
					"from": [ 5.3, 0.0, 0.0 ],
					"to": [ 10.3, 2.0, 4.0 ],
					"rotationOrigin": [ 7.8, 0.0, 1.3 ],
					"faces": {
						"north": { "texture": "#material", "uv": [ 8.0, 2.0, 13.0, 4.0 ], "autoUv": false },
						"east": { "texture": "#material", "uv": [ 2.5, 1.0, 6.5, 3.0 ], "autoUv": false },
						"south": { "texture": "#material", "uv": [ 1.0, 13.0, 6.0, 15.0 ], "autoUv": false },
						"west": { "texture": "#material", "uv": [ 9.5, 7.0, 13.5, 9.0 ], "autoUv": false },
						"up": { "texture": "#material", "uv": [ 6.0, 8.0, 11.0, 12.0 ], "autoUv": false },
						"down": { "texture": "#material", "uv": [ 4.0, 3.5, 9.0, 7.5 ], "autoUv": false }
					}
				},
				{
					"name": "bar39",
					"from": [ 10.6, 0.0, 0.0 ],
					"to": [ 15.6, 2.0, 4.0 ],
					"rotationOrigin": [ 13.1, 0.0, 1.3 ],
					"faces": {
						"north": { "texture": "#material", "uv": [ 10.5, 12.5, 15.5, 14.5 ], "autoUv": false },
						"east": { "texture": "#material", "uv": [ 3.0, 10.5, 7.0, 12.5 ], "autoUv": false },
						"south": { "texture": "#material", "uv": [ 3.0, 10.0, 8.0, 12.0 ], "autoUv": false },
						"west": { "texture": "#material", "uv": [ 11.5, 10.0, 15.5, 12.0 ], "autoUv": false },
						"up": { "texture": "#material", "uv": [ 4.5, 3.5, 9.5, 7.5 ], "autoUv": false },
						"down": { "texture": "#material", "uv": [ 3.5, 11.5, 8.5, 15.5 ], "autoUv": false }
					}
				},
				{
					"name": "bar40",
					"from": [ 0.0, 0.0, 4.3 ],
					"to": [ 5.0, 2.0, 8.3 ],
					"rotationOrigin": [ 2.5, 0.0, 6.3 ],
					"faces": {
						"north": { "texture": "#material", "uv": [ 4.5, 12.5, 9.5, 14.5 ], "autoUv": false },
						"east": { "texture": "#material", "uv": [ 7.0, 11.0, 11.0, 13.0 ], "autoUv": false },
						"south": { "texture": "#material", "uv": [ 0.5, 3.0, 5.5, 5.0 ], "autoUv": false },
						"west": { "texture": "#material", "uv": [ 4.5, 2.5, 8.5, 4.5 ], "autoUv": false },
						"up": { "texture": "#material", "uv": [ 10.5, 9.5, 15.5, 13.5 ], "autoUv": false },
						"down": { "texture": "#material", "uv": [ 0.5, 0.5, 5.5, 4.5 ], "autoUv": false }
					}
				},
				{
					"name": "bar41",
					"from": [ 5.3, 0.0, 4.3 ],
					"to": [ 10.3, 2.0, 8.3 ],
					"rotationOrigin": [ 7.8, 0.0, 6.3 ],
					"faces": {
						"north": { "texture": "#material", "uv": [ 9.0, 13.5, 14.0, 15.5 ], "autoUv": false },
						"east": { "texture": "#material", "uv": [ 10.5, 9.5, 14.5, 11.5 ], "autoUv": false },
						"south": { "texture": "#material", "uv": [ 2.5, 7.0, 7.5, 9.0 ], "autoUv": false },
						"west": { "texture": "#material", "uv": [ 1.5, 8.0, 5.5, 10.0 ], "autoUv": false },
						"up": { "texture": "#material", "uv": [ 10.0, 6.5, 15.0, 10.5 ], "autoUv": false },
						"down": { "texture": "#material", "uv": [ 6.5, 8.5, 11.5, 12.5 ], "autoUv": false }
					}
				},
				{
					"name": "bar42",
					"from": [ 10.6, 0.0, 4.3 ],
					"to": [ 15.6, 2.0, 8.3 ],
					"rotationOrigin": [ 13.1, 0.0, 6.3 ],
					"faces": {
						"north": { "texture": "#material", "uv": [ 3.5, 5.5, 8.5, 7.5 ], "autoUv": false },
						"east": { "texture": "#material", "uv": [ 3.5, 4.5, 7.5, 6.5 ], "autoUv": false },
						"south": { "texture": "#material", "uv": [ 7.0, 8.0, 12.0, 10.0 ], "autoUv": false },
						"west": { "texture": "#material", "uv": [ 10.5, 6.0, 14.5, 8.0 ], "autoUv": false },
						"up": { "texture": "#material", "uv": [ 8.5, 7.0, 13.5, 11.0 ], "autoUv": false },
						"down": { "texture": "#material", "uv": [ 3.5, 11.5, 8.5, 15.5 ], "autoUv": false }
					}
				},
				{
					"name": "bar43",
					"from": [ 0.0, 0.0, 8.6 ],
					"to": [ 5.0, 2.0, 12.6 ],
					"rotationOrigin": [ 2.5, 0.0, 10.6 ],
					"faces": {
						"north": { "texture": "#material", "uv": [ 3.0, 11.5, 8.0, 13.5 ], "autoUv": false },
						"east": { "texture": "#material", "uv": [ 2.5, 5.5, 6.5, 7.5 ], "autoUv": false },
						"south": { "texture": "#material", "uv": [ 1.5, 10.0, 6.5, 12.0 ], "autoUv": false },
						"west": { "texture": "#material", "uv": [ 1.0, 4.5, 5.0, 6.5 ], "autoUv": false },
						"up": { "texture": "#material", "uv": [ 9.0, 0.0, 14.0, 4.0 ], "autoUv": false },
						"down": { "texture": "#material", "uv": [ 0.5, 4.5, 5.5, 8.5 ], "autoUv": false }
					}
				},
				{
					"name": "bar44",
					"from": [ 5.3, 0.0, 8.6 ],
					"to": [ 10.3, 2.0, 12.6 ],
					"rotationOrigin": [ 7.8, 0.0, 10.6 ],
					"faces": {
						"north": { "texture": "#material", "uv": [ 8.0, 5.5, 13.0, 7.5 ], "autoUv": false },
						"east": { "texture": "#material", "uv": [ 0.0, 8.5, 4.0, 10.5 ], "autoUv": false },
						"south": { "texture": "#material", "uv": [ 7.5, 4.5, 12.5, 6.5 ], "autoUv": false },
						"west": { "texture": "#material", "uv": [ 0.5, 4.5, 4.5, 6.5 ], "autoUv": false },
						"up": { "texture": "#material", "uv": [ 4.0, 9.0, 9.0, 13.0 ], "autoUv": false },
						"down": { "texture": "#material", "uv": [ 9.5, 9.5, 14.5, 13.5 ], "autoUv": false }
					}
				},
				{
					"name": "bar45",
					"from": [ 10.6, 0.0, 8.6 ],
					"to": [ 15.6, 2.0, 12.6 ],
					"rotationOrigin": [ 13.1, 0.0, 10.6 ],
					"faces": {
						"north": { "texture": "#material", "uv": [ 1.5, 7.0, 6.5, 9.0 ], "autoUv": false },
						"east": { "texture": "#material", "uv": [ 7.5, 11.5, 11.5, 13.5 ], "autoUv": false },
						"south": { "texture": "#material", "uv": [ 2.0, 4.5, 7.0, 6.5 ], "autoUv": false },
						"west": { "texture": "#material", "uv": [ 2.5, 2.0, 6.5, 4.0 ], "autoUv": false },
						"up": { "texture": "#material", "uv": [ 8.0, 7.5, 13.0, 11.5 ], "autoUv": false },
						"down": { "texture": "#material", "uv": [ 1.5, 0.0, 6.5, 4.0 ], "autoUv": false }
					}
				}
			]
		},
		{
			"name": "bar46",
			"from": [ 0.3, 10.0, 1.6 ],
			"to": [ 5.3, 12.0, 5.6 ],
			"rotationOrigin": [ 8.1, 10.0, 7.9 ],
			"faces": {
				"north": { "texture": "#material", "uv": [ 0.0, 7.5, 5.0, 9.5 ], "autoUv": false },
				"east": { "texture": "#material", "uv": [ 9.5, 10.0, 13.5, 12.0 ], "autoUv": false },
				"south": { "texture": "#material", "uv": [ 9.5, 7.5, 14.5, 9.5 ], "autoUv": false },
				"west": { "texture": "#material", "uv": [ 5.5, 10.0, 9.5, 12.0 ], "autoUv": false },
				"up": { "texture": "#material", "uv": [ 5.0, 1.5, 10.0, 5.5 ], "autoUv": false },
				"down": { "texture": "#material", "uv": [ 2.5, 0.5, 7.5, 4.5 ], "autoUv": false }
			},
			"children": [
				{
					"name": "bar47",
					"from": [ 5.3, 0.0, 0.0 ],
					"to": [ 10.3, 2.0, 4.0 ],
					"rotationOrigin": [ 7.8, 0.0, 1.3 ],
					"faces": {
						"north": { "texture": "#material", "uv": [ 8.0, 2.0, 13.0, 4.0 ], "autoUv": false },
						"east": { "texture": "#material", "uv": [ 2.5, 1.0, 6.5, 3.0 ], "autoUv": false },
						"south": { "texture": "#material", "uv": [ 1.0, 13.0, 6.0, 15.0 ], "autoUv": false },
						"west": { "texture": "#material", "uv": [ 9.5, 7.0, 13.5, 9.0 ], "autoUv": false },
						"up": { "texture": "#material", "uv": [ 6.0, 8.0, 11.0, 12.0 ], "autoUv": false },
						"down": { "texture": "#material", "uv": [ 4.0, 3.5, 9.0, 7.5 ], "autoUv": false }
					}
				},
				{
					"name": "bar48",
					"from": [ 10.6, 0.0, 0.0 ],
					"to": [ 15.6, 2.0, 4.0 ],
					"rotationOrigin": [ 13.1, 0.0, 1.3 ],
					"faces": {
						"north": { "texture": "#material", "uv": [ 10.5, 12.5, 15.5, 14.5 ], "autoUv": false },
						"east": { "texture": "#material", "uv": [ 3.0, 10.5, 7.0, 12.5 ], "autoUv": false },
						"south": { "texture": "#material", "uv": [ 3.0, 10.0, 8.0, 12.0 ], "autoUv": false },
						"west": { "texture": "#material", "uv": [ 11.5, 10.0, 15.5, 12.0 ], "autoUv": false },
						"up": { "texture": "#material", "uv": [ 4.5, 3.5, 9.5, 7.5 ], "autoUv": false },
						"down": { "texture": "#material", "uv": [ 3.5, 11.5, 8.5, 15.5 ], "autoUv": false }
					}
				},
				{
					"name": "bar49",
					"from": [ 0.0, 0.0, 4.3 ],
					"to": [ 5.0, 2.0, 8.3 ],
					"rotationOrigin": [ 2.5, 0.0, 6.3 ],
					"faces": {
						"north": { "texture": "#material", "uv": [ 4.5, 12.5, 9.5, 14.5 ], "autoUv": false },
						"east": { "texture": "#material", "uv": [ 7.0, 11.0, 11.0, 13.0 ], "autoUv": false },
						"south": { "texture": "#material", "uv": [ 0.5, 3.0, 5.5, 5.0 ], "autoUv": false },
						"west": { "texture": "#material", "uv": [ 4.5, 2.5, 8.5, 4.5 ], "autoUv": false },
						"up": { "texture": "#material", "uv": [ 10.5, 9.5, 15.5, 13.5 ], "autoUv": false },
						"down": { "texture": "#material", "uv": [ 0.5, 0.5, 5.5, 4.5 ], "autoUv": false }
					}
				},
				{
					"name": "bar50",
					"from": [ 5.3, 0.0, 4.3 ],
					"to": [ 10.3, 2.0, 8.3 ],
					"rotationOrigin": [ 7.8, 0.0, 6.3 ],
					"faces": {
						"north": { "texture": "#material", "uv": [ 9.0, 13.5, 14.0, 15.5 ], "autoUv": false },
						"east": { "texture": "#material", "uv": [ 10.5, 9.5, 14.5, 11.5 ], "autoUv": false },
						"south": { "texture": "#material", "uv": [ 2.5, 7.0, 7.5, 9.0 ], "autoUv": false },
						"west": { "texture": "#material", "uv": [ 1.5, 8.0, 5.5, 10.0 ], "autoUv": false },
						"up": { "texture": "#material", "uv": [ 10.0, 6.5, 15.0, 10.5 ], "autoUv": false },
						"down": { "texture": "#material", "uv": [ 6.5, 8.5, 11.5, 12.5 ], "autoUv": false }
					}
				},
				{
					"name": "bar51",
					"from": [ 10.6, 0.0, 4.3 ],
					"to": [ 15.6, 2.0, 8.3 ],
					"rotationOrigin": [ 13.1, 0.0, 6.3 ],
					"faces": {
						"north": { "texture": "#material", "uv": [ 3.5, 5.5, 8.5, 7.5 ], "autoUv": false },
						"east": { "texture": "#material", "uv": [ 3.5, 4.5, 7.5, 6.5 ], "autoUv": false },
						"south": { "texture": "#material", "uv": [ 7.0, 8.0, 12.0, 10.0 ], "autoUv": false },
						"west": { "texture": "#material", "uv": [ 10.5, 6.0, 14.5, 8.0 ], "autoUv": false },
						"up": { "texture": "#material", "uv": [ 8.5, 7.0, 13.5, 11.0 ], "autoUv": false },
						"down": { "texture": "#material", "uv": [ 3.5, 11.5, 8.5, 15.5 ], "autoUv": false }
					}
				},
				{
					"name": "bar52",
					"from": [ 0.0, 0.0, 8.6 ],
					"to": [ 5.0, 2.0, 12.6 ],
					"rotationOrigin": [ 2.5, 0.0, 10.6 ],
					"faces": {
						"north": { "texture": "#material", "uv": [ 3.0, 11.5, 8.0, 13.5 ], "autoUv": false },
						"east": { "texture": "#material", "uv": [ 2.5, 5.5, 6.5, 7.5 ], "autoUv": false },
						"south": { "texture": "#material", "uv": [ 1.5, 10.0, 6.5, 12.0 ], "autoUv": false },
						"west": { "texture": "#material", "uv": [ 1.0, 4.5, 5.0, 6.5 ], "autoUv": false },
						"up": { "texture": "#material", "uv": [ 9.0, 0.0, 14.0, 4.0 ], "autoUv": false },
						"down": { "texture": "#material", "uv": [ 0.5, 4.5, 5.5, 8.5 ], "autoUv": false }
					}
				},
				{
					"name": "bar53",
					"from": [ 5.3, 0.0, 8.6 ],
					"to": [ 10.3, 2.0, 12.6 ],
					"rotationOrigin": [ 7.8, 0.0, 10.6 ],
					"faces": {
						"north": { "texture": "#material", "uv": [ 8.0, 5.5, 13.0, 7.5 ], "autoUv": false },
						"east": { "texture": "#material", "uv": [ 0.0, 8.5, 4.0, 10.5 ], "autoUv": false },
						"south": { "texture": "#material", "uv": [ 7.5, 4.5, 12.5, 6.5 ], "autoUv": false },
						"west": { "texture": "#material", "uv": [ 0.5, 4.5, 4.5, 6.5 ], "autoUv": false },
						"up": { "texture": "#material", "uv": [ 4.0, 9.0, 9.0, 13.0 ], "autoUv": false },
						"down": { "texture": "#material", "uv": [ 9.5, 9.5, 14.5, 13.5 ], "autoUv": false }
					}
				},
				{
					"name": "bar54",
					"from": [ 10.6, 0.0, 8.6 ],
					"to": [ 15.6, 2.0, 12.6 ],
					"rotationOrigin": [ 13.1, 0.0, 10.6 ],
					"faces": {
						"north": { "texture": "#material", "uv": [ 1.5, 7.0, 6.5, 9.0 ], "autoUv": false },
						"east": { "texture": "#material", "uv": [ 7.5, 11.5, 11.5, 13.5 ], "autoUv": false },
						"south": { "texture": "#material", "uv": [ 2.0, 4.5, 7.0, 6.5 ], "autoUv": false },
						"west": { "texture": "#material", "uv": [ 2.5, 2.0, 6.5, 4.0 ], "autoUv": false },
						"up": { "texture": "#material", "uv": [ 8.0, 7.5, 13.0, 11.5 ], "autoUv": false },
						"down": { "texture": "#material", "uv": [ 1.5, 0.0, 6.5, 4.0 ], "autoUv": false }
					}
				}
			]
		},
		{
			"name": "bar55",
			"from": [ 0.2, 12.0, 1.7 ],
			"to": [ 5.2, 14.0, 5.7 ],
			"rotationOrigin": [ 8.0, 12.0, 8.0 ],
			"faces": {
				"north": { "texture": "#material", "uv": [ 0.0, 7.5, 5.0, 9.5 ], "autoUv": false },
				"east": { "texture": "#material", "uv": [ 9.5, 10.0, 13.5, 12.0 ], "autoUv": false },
				"south": { "texture": "#material", "uv": [ 9.5, 7.5, 14.5, 9.5 ], "autoUv": false },
				"west": { "texture": "#material", "uv": [ 5.5, 10.0, 9.5, 12.0 ], "autoUv": false },
				"up": { "texture": "#material", "uv": [ 5.0, 1.5, 10.0, 5.5 ], "autoUv": false },
				"down": { "texture": "#material", "uv": [ 2.5, 0.5, 7.5, 4.5 ], "autoUv": false }
			},
			"children": [
				{
					"name": "bar56",
					"from": [ 5.3, 0.0, 0.0 ],
					"to": [ 10.3, 2.0, 4.0 ],
					"rotationOrigin": [ 7.8, 0.0, 1.3 ],
					"faces": {
						"north": { "texture": "#material", "uv": [ 8.0, 2.0, 13.0, 4.0 ], "autoUv": false },
						"east": { "texture": "#material", "uv": [ 2.5, 1.0, 6.5, 3.0 ], "autoUv": false },
						"south": { "texture": "#material", "uv": [ 1.0, 13.0, 6.0, 15.0 ], "autoUv": false },
						"west": { "texture": "#material", "uv": [ 9.5, 7.0, 13.5, 9.0 ], "autoUv": false },
						"up": { "texture": "#material", "uv": [ 6.0, 8.0, 11.0, 12.0 ], "autoUv": false },
						"down": { "texture": "#material", "uv": [ 4.0, 3.5, 9.0, 7.5 ], "autoUv": false }
					}
				},
				{
					"name": "bar57",
					"from": [ 10.6, 0.0, 0.0 ],
					"to": [ 15.6, 2.0, 4.0 ],
					"rotationOrigin": [ 13.1, 0.0, 1.3 ],
					"faces": {
						"north": { "texture": "#material", "uv": [ 10.5, 12.5, 15.5, 14.5 ], "autoUv": false },
						"east": { "texture": "#material", "uv": [ 3.0, 10.5, 7.0, 12.5 ], "autoUv": false },
						"south": { "texture": "#material", "uv": [ 3.0, 10.0, 8.0, 12.0 ], "autoUv": false },
						"west": { "texture": "#material", "uv": [ 11.5, 10.0, 15.5, 12.0 ], "autoUv": false },
						"up": { "texture": "#material", "uv": [ 4.5, 3.5, 9.5, 7.5 ], "autoUv": false },
						"down": { "texture": "#material", "uv": [ 3.5, 11.5, 8.5, 15.5 ], "autoUv": false }
					}
				},
				{
					"name": "bar58",
					"from": [ 0.0, 0.0, 4.3 ],
					"to": [ 5.0, 2.0, 8.3 ],
					"rotationOrigin": [ 2.5, 0.0, 6.3 ],
					"faces": {
						"north": { "texture": "#material", "uv": [ 4.5, 12.5, 9.5, 14.5 ], "autoUv": false },
						"east": { "texture": "#material", "uv": [ 7.0, 11.0, 11.0, 13.0 ], "autoUv": false },
						"south": { "texture": "#material", "uv": [ 0.5, 3.0, 5.5, 5.0 ], "autoUv": false },
						"west": { "texture": "#material", "uv": [ 4.5, 2.5, 8.5, 4.5 ], "autoUv": false },
						"up": { "texture": "#material", "uv": [ 10.5, 9.5, 15.5, 13.5 ], "autoUv": false },
						"down": { "texture": "#material", "uv": [ 0.5, 0.5, 5.5, 4.5 ], "autoUv": false }
					}
				},
				{
					"name": "bar59",
					"from": [ 5.3, 0.0, 4.3 ],
					"to": [ 10.3, 2.0, 8.3 ],
					"rotationOrigin": [ 7.8, 0.0, 6.3 ],
					"faces": {
						"north": { "texture": "#material", "uv": [ 9.0, 13.5, 14.0, 15.5 ], "autoUv": false },
						"east": { "texture": "#material", "uv": [ 10.5, 9.5, 14.5, 11.5 ], "autoUv": false },
						"south": { "texture": "#material", "uv": [ 2.5, 7.0, 7.5, 9.0 ], "autoUv": false },
						"west": { "texture": "#material", "uv": [ 1.5, 8.0, 5.5, 10.0 ], "autoUv": false },
						"up": { "texture": "#material", "uv": [ 10.0, 6.5, 15.0, 10.5 ], "autoUv": false },
						"down": { "texture": "#material", "uv": [ 6.5, 8.5, 11.5, 12.5 ], "autoUv": false }
					}
				},
				{
					"name": "bar60",
					"from": [ 10.6, 0.0, 4.3 ],
					"to": [ 15.6, 2.0, 8.3 ],
					"rotationOrigin": [ 13.1, 0.0, 6.3 ],
					"faces": {
						"north": { "texture": "#material", "uv": [ 3.5, 5.5, 8.5, 7.5 ], "autoUv": false },
						"east": { "texture": "#material", "uv": [ 3.5, 4.5, 7.5, 6.5 ], "autoUv": false },
						"south": { "texture": "#material", "uv": [ 7.0, 8.0, 12.0, 10.0 ], "autoUv": false },
						"west": { "texture": "#material", "uv": [ 10.5, 6.0, 14.5, 8.0 ], "autoUv": false },
						"up": { "texture": "#material", "uv": [ 8.5, 7.0, 13.5, 11.0 ], "autoUv": false },
						"down": { "texture": "#material", "uv": [ 3.5, 11.5, 8.5, 15.5 ], "autoUv": false }
					}
				},
				{
					"name": "bar61",
					"from": [ 0.0, 0.0, 8.6 ],
					"to": [ 5.0, 2.0, 12.6 ],
					"rotationOrigin": [ 2.5, 0.0, 10.6 ],
					"faces": {
						"north": { "texture": "#material", "uv": [ 3.0, 11.5, 8.0, 13.5 ], "autoUv": false },
						"east": { "texture": "#material", "uv": [ 2.5, 5.5, 6.5, 7.5 ], "autoUv": false },
						"south": { "texture": "#material", "uv": [ 1.5, 10.0, 6.5, 12.0 ], "autoUv": false },
						"west": { "texture": "#material", "uv": [ 1.0, 4.5, 5.0, 6.5 ], "autoUv": false },
						"up": { "texture": "#material", "uv": [ 9.0, 0.0, 14.0, 4.0 ], "autoUv": false },
						"down": { "texture": "#material", "uv": [ 0.5, 4.5, 5.5, 8.5 ], "autoUv": false }
					}
				},
				{
					"name": "bar62",
					"from": [ 5.3, 0.0, 8.6 ],
					"to": [ 10.3, 2.0, 12.6 ],
					"rotationOrigin": [ 7.8, 0.0, 10.6 ],
					"faces": {
						"north": { "texture": "#material", "uv": [ 8.0, 5.5, 13.0, 7.5 ], "autoUv": false },
						"east": { "texture": "#material", "uv": [ 0.0, 8.5, 4.0, 10.5 ], "autoUv": false },
						"south": { "texture": "#material", "uv": [ 7.5, 4.5, 12.5, 6.5 ], "autoUv": false },
						"west": { "texture": "#material", "uv": [ 0.5, 4.5, 4.5, 6.5 ], "autoUv": false },
						"up": { "texture": "#material", "uv": [ 4.0, 9.0, 9.0, 13.0 ], "autoUv": false },
						"down": { "texture": "#material", "uv": [ 9.5, 9.5, 14.5, 13.5 ], "autoUv": false }
					}
				},
				{
					"name": "bar63",
					"from": [ 10.6, 0.0, 8.6 ],
					"to": [ 15.6, 2.0, 12.6 ],
					"rotationOrigin": [ 13.1, 0.0, 10.6 ],
					"faces": {
						"north": { "texture": "#material", "uv": [ 1.5, 7.0, 6.5, 9.0 ], "autoUv": false },
						"east": { "texture": "#material", "uv": [ 7.5, 11.5, 11.5, 13.5 ], "autoUv": false },
						"south": { "texture": "#material", "uv": [ 2.0, 4.5, 7.0, 6.5 ], "autoUv": false },
						"west": { "texture": "#material", "uv": [ 2.5, 2.0, 6.5, 4.0 ], "autoUv": false },
						"up": { "texture": "#material", "uv": [ 8.0, 7.5, 13.0, 11.5 ], "autoUv": false },
						"down": { "texture": "#material", "uv": [ 1.5, 0.0, 6.5, 4.0 ], "autoUv": false }
					}
				}
			]
		},
		{
			"name": "bar64",
			"from": [ 0.3, 14.0, 1.6 ],
			"to": [ 5.3, 16.0, 5.6 ],
			"rotationOrigin": [ 8.1, 14.0, 7.9 ],
			"faces": {
				"north": { "texture": "#material", "uv": [ 0.0, 7.5, 5.0, 9.5 ], "autoUv": false },
				"east": { "texture": "#material", "uv": [ 9.5, 10.0, 13.5, 12.0 ], "autoUv": false },
				"south": { "texture": "#material", "uv": [ 9.5, 7.5, 14.5, 9.5 ], "autoUv": false },
				"west": { "texture": "#material", "uv": [ 5.5, 10.0, 9.5, 12.0 ], "autoUv": false },
				"up": { "texture": "#material", "uv": [ 5.0, 1.5, 10.0, 5.5 ], "autoUv": false },
				"down": { "texture": "#material", "uv": [ 2.5, 0.5, 7.5, 4.5 ], "autoUv": false }
			},
			"children": [
				{
					"name": "bar65",
					"from": [ 5.3, 0.0, 0.0 ],
					"to": [ 10.3, 2.0, 4.0 ],
					"rotationOrigin": [ 7.8, 0.0, 1.3 ],
					"faces": {
						"north": { "texture": "#material", "uv": [ 8.0, 2.0, 13.0, 4.0 ], "autoUv": false },
						"east": { "texture": "#material", "uv": [ 2.5, 1.0, 6.5, 3.0 ], "autoUv": false },
						"south": { "texture": "#material", "uv": [ 1.0, 13.0, 6.0, 15.0 ], "autoUv": false },
						"west": { "texture": "#material", "uv": [ 9.5, 7.0, 13.5, 9.0 ], "autoUv": false },
						"up": { "texture": "#material", "uv": [ 6.0, 8.0, 11.0, 12.0 ], "autoUv": false },
						"down": { "texture": "#material", "uv": [ 4.0, 3.5, 9.0, 7.5 ], "autoUv": false }
					}
				},
				{
					"name": "bar66",
					"from": [ 10.6, 0.0, 0.0 ],
					"to": [ 15.6, 2.0, 4.0 ],
					"rotationOrigin": [ 13.1, 0.0, 1.3 ],
					"faces": {
						"north": { "texture": "#material", "uv": [ 10.5, 12.5, 15.5, 14.5 ], "autoUv": false },
						"east": { "texture": "#material", "uv": [ 3.0, 10.5, 7.0, 12.5 ], "autoUv": false },
						"south": { "texture": "#material", "uv": [ 3.0, 10.0, 8.0, 12.0 ], "autoUv": false },
						"west": { "texture": "#material", "uv": [ 11.5, 10.0, 15.5, 12.0 ], "autoUv": false },
						"up": { "texture": "#material", "uv": [ 4.5, 3.5, 9.5, 7.5 ], "autoUv": false },
						"down": { "texture": "#material", "uv": [ 3.5, 11.5, 8.5, 15.5 ], "autoUv": false }
					}
				},
				{
					"name": "bar67",
					"from": [ 0.0, 0.0, 4.3 ],
					"to": [ 5.0, 2.0, 8.3 ],
					"rotationOrigin": [ 2.5, 0.0, 6.3 ],
					"faces": {
						"north": { "texture": "#material", "uv": [ 4.5, 12.5, 9.5, 14.5 ], "autoUv": false },
						"east": { "texture": "#material", "uv": [ 7.0, 11.0, 11.0, 13.0 ], "autoUv": false },
						"south": { "texture": "#material", "uv": [ 0.5, 3.0, 5.5, 5.0 ], "autoUv": false },
						"west": { "texture": "#material", "uv": [ 4.5, 2.5, 8.5, 4.5 ], "autoUv": false },
						"up": { "texture": "#material", "uv": [ 10.5, 9.5, 15.5, 13.5 ], "autoUv": false },
						"down": { "texture": "#material", "uv": [ 0.5, 0.5, 5.5, 4.5 ], "autoUv": false }
					}
				},
				{
					"name": "bar68",
					"from": [ 5.3, 0.0, 4.3 ],
					"to": [ 10.3, 2.0, 8.3 ],
					"rotationOrigin": [ 7.8, 0.0, 6.3 ],
					"faces": {
						"north": { "texture": "#material", "uv": [ 9.0, 13.5, 14.0, 15.5 ], "autoUv": false },
						"east": { "texture": "#material", "uv": [ 10.5, 9.5, 14.5, 11.5 ], "autoUv": false },
						"south": { "texture": "#material", "uv": [ 2.5, 7.0, 7.5, 9.0 ], "autoUv": false },
						"west": { "texture": "#material", "uv": [ 1.5, 8.0, 5.5, 10.0 ], "autoUv": false },
						"up": { "texture": "#material", "uv": [ 10.0, 6.5, 15.0, 10.5 ], "autoUv": false },
						"down": { "texture": "#material", "uv": [ 6.5, 8.5, 11.5, 12.5 ], "autoUv": false }
					}
				},
				{
					"name": "bar69",
					"from": [ 10.6, 0.0, 4.3 ],
					"to": [ 15.6, 2.0, 8.3 ],
					"rotationOrigin": [ 13.1, 0.0, 6.3 ],
					"faces": {
						"north": { "texture": "#material", "uv": [ 3.5, 5.5, 8.5, 7.5 ], "autoUv": false },
						"east": { "texture": "#material", "uv": [ 3.5, 4.5, 7.5, 6.5 ], "autoUv": false },
						"south": { "texture": "#material", "uv": [ 7.0, 8.0, 12.0, 10.0 ], "autoUv": false },
						"west": { "texture": "#material", "uv": [ 10.5, 6.0, 14.5, 8.0 ], "autoUv": false },
						"up": { "texture": "#material", "uv": [ 8.5, 7.0, 13.5, 11.0 ], "autoUv": false },
						"down": { "texture": "#material", "uv": [ 3.5, 11.5, 8.5, 15.5 ], "autoUv": false }
					}
				},
				{
					"name": "bar70",
					"from": [ 0.0, 0.0, 8.6 ],
					"to": [ 5.0, 2.0, 12.6 ],
					"rotationOrigin": [ 2.5, 0.0, 10.6 ],
					"faces": {
						"north": { "texture": "#material", "uv": [ 3.0, 11.5, 8.0, 13.5 ], "autoUv": false },
						"east": { "texture": "#material", "uv": [ 2.5, 5.5, 6.5, 7.5 ], "autoUv": false },
						"south": { "texture": "#material", "uv": [ 1.5, 10.0, 6.5, 12.0 ], "autoUv": false },
						"west": { "texture": "#material", "uv": [ 1.0, 4.5, 5.0, 6.5 ], "autoUv": false },
						"up": { "texture": "#material", "uv": [ 9.0, 0.0, 14.0, 4.0 ], "autoUv": false },
						"down": { "texture": "#material", "uv": [ 0.5, 4.5, 5.5, 8.5 ], "autoUv": false }
					}
				},
				{
					"name": "bar71",
					"from": [ 5.3, 0.0, 8.6 ],
					"to": [ 10.3, 2.0, 12.6 ],
					"rotationOrigin": [ 7.8, 0.0, 10.6 ],
					"faces": {
						"north": { "texture": "#material", "uv": [ 8.0, 5.5, 13.0, 7.5 ], "autoUv": false },
						"east": { "texture": "#material", "uv": [ 0.0, 8.5, 4.0, 10.5 ], "autoUv": false },
						"south": { "texture": "#material", "uv": [ 7.5, 4.5, 12.5, 6.5 ], "autoUv": false },
						"west": { "texture": "#material", "uv": [ 0.5, 4.5, 4.5, 6.5 ], "autoUv": false },
						"up": { "texture": "#material", "uv": [ 4.0, 9.0, 9.0, 13.0 ], "autoUv": false },
						"down": { "texture": "#material", "uv": [ 9.5, 9.5, 14.5, 13.5 ], "autoUv": false }
					}
				},
				{
					"name": "bar72",
					"from": [ 10.6, 0.0, 8.6 ],
					"to": [ 15.6, 2.0, 12.6 ],
					"rotationOrigin": [ 13.1, 0.0, 10.6 ],
					"faces": {
						"north": { "texture": "#material", "uv": [ 1.5, 7.0, 6.5, 9.0 ], "autoUv": false },
						"east": { "texture": "#material", "uv": [ 7.5, 11.5, 11.5, 13.5 ], "autoUv": false },
						"south": { "texture": "#material", "uv": [ 2.0, 4.5, 7.0, 6.5 ], "autoUv": false },
						"west": { "texture": "#material", "uv": [ 2.5, 2.0, 6.5, 4.0 ], "autoUv": false },
						"up": { "texture": "#material", "uv": [ 8.0, 7.5, 13.0, 11.5 ], "autoUv": false },
						"down": { "texture": "#material", "uv": [ 1.5, 0.0, 6.5, 4.0 ], "autoUv": false }
					}
				}
			]
		}
	]}