{
	"editor": {
		"allAngles": false,
		"entityTextureMode": false
	},
	"textureWidth": 16,
	"textureHeight": 16,
	"textureSizes": {
	},
	"textures": {
		"base": "essencethread/base",
		"stick": "essencethread/stick"
	},
	"elements": [
		{
			"name": "origin",
			"from": [ 8.0, 0.0, 8.0 ],
			"to": [ 8.0, 0.0, 8.0 ],
			"rotationOrigin": [ 8.0, 0.0, 8.0 ],
			"faces": {
			},
			"children": [
				{
					"name": "stick",
					"from": [ -6.0, 1.0, -0.5 ],
					"to": [ 6.0, 2.0, 0.5 ],
					"rotationOrigin": [ 0.0, 1.5, 0.0 ],
					"rotationX": 45.0,
					"faces": {
						"north": { "texture": "#stick", "uv": [ 1.5, 8.0, 13.5, 9.0 ] },
						"east": { "texture": "#stick", "uv": [ 2.5, 5.5, 3.5, 6.5 ] },
						"south": { "texture": "#stick", "uv": [ 2.0, 9.0, 14.0, 10.0 ] },
						"west": { "texture": "#stick", "uv": [ 1.5, 4.0, 2.5, 5.0 ] },
						"up": { "texture": "#stick", "uv": [ 1.0, 7.5, 13.0, 8.5 ] },
						"down": { "texture": "#stick", "uv": [ 0.0, 1.5, 12.0, 2.5 ] }
					},
					"children": [
						{
							"name": "twinespool1",
							"from": [ 4.0, -1.0, -1.0 ],
							"to": [ 8.0, 2.0, 2.0 ],
							"rotationOrigin": [ 6.0, 0.5, 0.5 ],
							"rotationX": -45.0,
							"faces": {
								"north": { "texture": "#base", "uv": [ 5.0, 5.0, 9.0, 8.0 ] },
								"east": { "texture": "#base", "uv": [ 4.5, 3.0, 7.5, 6.0 ] },
								"south": { "texture": "#base", "uv": [ 4.5, 6.0, 8.5, 9.0 ] },
								"west": { "texture": "#base", "uv": [ 3.5, 6.0, 6.5, 9.0 ] },
								"up": { "texture": "#base", "uv": [ 6.5, 5.5, 10.5, 8.5 ] },
								"down": { "texture": "#base", "uv": [ 6.0, 5.0, 10.0, 8.0 ] }
							},
							"children": [
								{
									"name": "twine",
									"from": [ 1.0, 0.0, 3.0 ],
									"to": [ 1.5, 0.5, 6.0 ],
									"rotationOrigin": [ 1.0, 0.0, 3.0 ],
									"faces": {
										"east": { "texture": "#base", "uv": [ 5.0, 7.5, 8.0, 8.0 ] },
										"south": { "texture": "#base", "uv": [ 5.0, 5.5, 5.5, 6.0 ] },
										"west": { "texture": "#base", "uv": [ 4.0, 9.0, 7.0, 9.5 ] },
										"up": { "texture": "#base", "uv": [ 4.0, 3.0, 4.5, 6.0 ] },
										"down": { "texture": "#base", "uv": [ 3.0, 2.5, 3.5, 5.5 ] }
									}
								},
								{
									"name": "Cube1",
									"from": [ 5.0, 2.3, 1.0 ],
									"to": [ 5.5, 3.1, 1.5 ],
									"rotationOrigin": [ 5.3, 2.3, 1.4 ],
									"rotationZ": -45.0,
									"faces": {
										"north": { "texture": "#stick", "uv": [ 4.0, 5.0, 4.5, 5.5 ] },
										"east": { "texture": "#stick", "uv": [ 3.5, 5.0, 4.0, 5.5 ] },
										"south": { "texture": "#stick", "uv": [ 4.0, 4.0, 4.5, 4.5 ] },
										"west": { "texture": "#stick", "uv": [ 5.0, 3.0, 5.5, 3.5 ] },
										"up": { "texture": "#stick", "uv": [ 0.0, 0.0, 0.5, 0.5 ] }
									}
								}
							]
						},
						{
							"name": "twinespool2",
							"from": [ 2.0, -0.5, -0.5 ],
							"to": [ 10.0, 1.5, 1.5 ],
							"rotationOrigin": [ 6.0, 0.5, 0.5 ],
							"rotationX": 45.0,
							"faces": {
								"north": { "texture": "#base", "uv": [ 0.0, 0.0, 8.0, 2.0 ] },
								"east": { "texture": "#base", "uv": [ 0.0, 0.0, 2.0, 2.0 ] },
								"south": { "texture": "#base", "uv": [ 0.0, 0.0, 8.0, 2.0 ] },
								"west": { "texture": "#base", "uv": [ 0.0, 0.0, 2.0, 2.0 ] },
								"up": { "texture": "#base", "uv": [ 0.0, 0.0, 8.0, 2.0 ] },
								"down": { "texture": "#base", "uv": [ 0.0, 0.0, 8.0, 2.0 ] }
							}
						}
					]
				}
			]
		}
	]}