{
	"editor": {
		"collapsedPaths": "Root/top2,Root/top3",
		"allAngles": false,
		"entityTextureMode": false
	},
	"textureWidth": 16,
	"textureHeight": 16,
	"textureSizes": {
	},
	"textures": {
	},
	"elements": [
		{
			"name": "branch",
			"from": [ 0.0, 0.0, 0.0 ],
			"to": [ 0.0, 0.0, 0.0 ],
			"shade": false,
			"rotationOrigin": [ 15.2518, 1.0524, 11.3826 ],
			"faces": {
			},
			"children": [
				{
					"name": "cube0",
					"from": [ 2.39, 0.1384, -0.88 ],
					"to": [ 7.39, 1.6384, 0.62 ],
					"shade": false,
					"rotationOrigin": [ 1.39, 0.6384, -0.381 ],
					"rotationY": -22.5,
					"faces": {
						"north": { "texture": "#log", "uv": [ 2.0, 1.5, 3.5, 6.5 ], "rotation": 270 },
						"east": { "texture": "#log", "uv": [ 13.0, 3.5, 14.5, 5.0 ], "rotation": 180 },
						"south": { "texture": "#log", "uv": [ 1.0, 2.5, 2.5, 7.5 ], "rotation": 90 },
						"west": { "texture": "#log", "uv": [ 3.0, 7.5, 4.5, 9.0 ], "rotation": 90 },
						"up": { "texture": "#log", "uv": [ 7.0, 2.0, 8.5, 7.0 ], "rotation": 90 },
						"down": { "texture": "#log", "uv": [ 11.0, 1.5, 12.5, 6.5 ], "rotation": 90 }
					},
					"children": [
						{
							"name": "cube0-snow",
							"from": [ 0.0, 1.51, 0.0 ],
							"to": [ 5.0, 2.51, 1.5 ],
							"shade": false,
							"rotationOrigin": [ 1.39, 0.6384, -0.381 ],
							"faces": {
								"north": { "texture": "#snowcover", "uv": [ 2.0, 1.5, 3.0, 6.5 ], "rotation": 270 },
								"east": { "texture": "#snowcover", "uv": [ 13.0, 3.5, 14.5, 4.5 ], "rotation": 180 },
								"south": { "texture": "#snowcover", "uv": [ 1.0, 2.5, 2.0, 7.5 ], "rotation": 90 },
								"west": { "texture": "#snowcover", "uv": [ 3.0, 7.5, 4.0, 9.0 ], "rotation": 90 },
								"up": { "texture": "#snowcover", "uv": [ 7.0, 2.0, 8.5, 7.0 ], "rotation": 90 },
								"down": { "texture": "#snowcover", "uv": [ 11.0, 1.5, 12.5, 6.5 ], "rotation": 90 }
							}
						}
					]
				},
				{
					"name": "cube1",
					"from": [ 6.54, 0.3134, 2.05 ],
					"to": [ 11.54, 1.6134, 3.35 ],
					"shade": false,
					"rotationOrigin": [ 9.043, 0.6384, 2.9718 ],
					"rotationY": -9.96,
					"rotationZ": 4.38,
					"faces": {
						"north": { "texture": "#log", "uv": [ 10.5, 10.5, 11.5, 15.5 ], "rotation": 270 },
						"east": { "texture": "#log", "uv": [ 4.0, 11.5, 5.0, 12.5 ], "rotation": 180 },
						"south": { "texture": "#log", "uv": [ 10.5, 7.0, 11.5, 12.0 ], "rotation": 90 },
						"west": { "texture": "#log", "uv": [ -0.5, 4.0, 0.5, 5.0 ], "rotation": 90 },
						"up": { "texture": "#log", "uv": [ 8.5, 8.0, 9.5, 13.0 ], "rotation": 90 },
						"down": { "texture": "#log", "uv": [ 3.0, 0.0, 4.0, 5.0 ], "rotation": 90 }
					},
					"children": [
						{
							"name": "cube1-snow",
							"from": [ 0.0, 1.31, 0.0 ],
							"to": [ 5.0, 2.31, 1.3 ],
							"shade": false,
							"rotationOrigin": [ 9.043, 0.6384, 2.9718 ],
							"faces": {
								"north": { "texture": "#snowcover", "uv": [ 10.5, 10.5, 11.5, 15.5 ], "rotation": 270 },
								"east": { "texture": "#snowcover", "uv": [ 4.0, 11.5, 5.0, 12.5 ], "rotation": 180 },
								"south": { "texture": "#snowcover", "uv": [ 10.5, 7.0, 11.5, 12.0 ], "rotation": 90 },
								"west": { "texture": "#snowcover", "uv": [ -0.5, 4.0, 0.5, 5.0 ], "rotation": 90 },
								"up": { "texture": "#snowcover", "uv": [ 8.5, 8.0, 9.5, 13.0 ], "rotation": 90 },
								"down": { "texture": "#snowcover", "uv": [ 3.0, 0.0, 4.0, 5.0 ], "rotation": 90 }
							}
						}
					]
				},
				{
					"name": "cube2",
					"from": [ 9.83, 0.83, 4.78 ],
					"to": [ 14.83, 2.03, 5.98 ],
					"shade": false,
					"rotationOrigin": [ 12.5518, 1.0524, 5.2826 ],
					"rotationY": -62.0,
					"rotationZ": 10.0,
					"faces": {
						"north": { "texture": "#log", "uv": [ 8.5, 2.0, 9.5, 7.0 ], "rotation": 270 },
						"east": { "texture": "#log", "uv": [ 7.0, 1.0, 8.0, 2.0 ], "rotation": 180 },
						"south": { "texture": "#log", "uv": [ 12.0, 5.5, 13.0, 10.5 ], "rotation": 90 },
						"west": { "texture": "#log", "uv": [ 5.5, 1.0, 6.5, 2.0 ], "rotation": 90 },
						"up": { "texture": "#log", "uv": [ 11.5, 7.0, 12.5, 12.0 ], "rotation": 90 },
						"down": { "texture": "#log", "uv": [ 11.0, 1.0, 12.0, 6.0 ], "rotation": 90 }
					}
				},
				{
					"name": "cube5",
					"from": [ 0.19, 0.1384, -0.481 ],
					"to": [ 2.69, 0.6384, 0.019 ],
					"shade": false,
					"rotationOrigin": [ 1.19, 0.6384, 0.019 ],
					"rotationY": -22.5,
					"faces": {
						"north": { "texture": "#log", "uv": [ 6.0, 5.0, 6.5, 7.5 ], "rotation": 270 },
						"east": { "texture": "#log", "uv": [ 5.5, 0.0, 6.0, 0.5 ], "rotation": 180 },
						"south": { "texture": "#log", "uv": [ 4.0, 6.0, 4.5, 8.5 ], "rotation": 90 },
						"west": { "texture": "#log", "uv": [ 4.0, 8.0, 4.5, 8.5 ], "rotation": 90 },
						"up": { "texture": "#log", "uv": [ 4.5, 7.5, 5.0, 10.0 ], "rotation": 90 },
						"down": { "texture": "#log", "uv": [ 5.5, 5.0, 6.0, 7.5 ], "rotation": 90 }
					},
					"children": [
						{
							"name": "cube5-snow",
							"from": [ 0.0, 0.51, 0.0 ],
							"to": [ 2.5, 1.51, 0.5 ],
							"shade": false,
							"rotationOrigin": [ 1.19, 0.6384, 0.019 ],
							"faces": {
								"north": { "texture": "#snowcover", "uv": [ 6.0, 5.0, 7.0, 7.5 ], "rotation": 270 },
								"east": { "texture": "#snowcover", "uv": [ 5.5, 0.0, 6.0, 1.0 ], "rotation": 180 },
								"south": { "texture": "#snowcover", "uv": [ 4.0, 6.0, 5.0, 8.5 ], "rotation": 90 },
								"west": { "texture": "#snowcover", "uv": [ 4.0, 8.0, 5.0, 8.5 ], "rotation": 90 },
								"up": { "texture": "#snowcover", "uv": [ 4.5, 7.5, 5.0, 10.0 ], "rotation": 90 },
								"down": { "texture": "#snowcover", "uv": [ 5.5, 5.0, 6.0, 7.5 ], "rotation": 90 }
							}
						}
					]
				},
				{
					"name": "cube6",
					"from": [ 0.69, 0.1384, 0.12 ],
					"to": [ 2.19, 1.1384, 0.62 ],
					"shade": false,
					"rotationOrigin": [ 1.19, 0.6384, 0.119 ],
					"rotationY": -22.5,
					"faces": {
						"north": { "texture": "#log", "uv": [ 4.5, 8.0, 5.5, 9.5 ], "rotation": 270 },
						"east": { "texture": "#log", "uv": [ 4.5, 1.5, 5.0, 2.5 ], "rotation": 180 },
						"south": { "texture": "#log", "uv": [ 11.5, 4.0, 12.5, 5.5 ], "rotation": 90 },
						"west": { "texture": "#log", "uv": [ 6.5, 9.0, 7.5, 9.5 ], "rotation": 90 },
						"up": { "texture": "#log", "uv": [ 7.0, 6.5, 7.5, 8.0 ], "rotation": 90 },
						"down": { "texture": "#log", "uv": [ 3.0, 0.0, 3.5, 1.5 ], "rotation": 90 }
					},
					"children": [
						{
							"name": "cube6-snow",
							"from": [ 0.0, 1.01, 0.0 ],
							"to": [ 1.5, 1.71, 0.5 ],
							"shade": false,
							"rotationOrigin": [ 1.19, 0.6384, 0.119 ],
							"faces": {
								"north": { "texture": "#snowcover", "uv": [ 4.5, 8.0, 5.0, 9.5 ], "rotation": 270 },
								"east": { "texture": "#snowcover", "uv": [ 4.5, 1.5, 5.0, 2.0 ], "rotation": 180 },
								"south": { "texture": "#snowcover", "uv": [ 11.5, 4.0, 12.0, 5.5 ], "rotation": 90 },
								"west": { "texture": "#snowcover", "uv": [ 6.5, 9.0, 7.0, 9.5 ], "rotation": 90 },
								"up": { "texture": "#snowcover", "uv": [ 7.0, 6.5, 7.5, 8.0 ], "rotation": 90 },
								"down": { "texture": "#snowcover", "uv": [ 3.0, 0.0, 3.5, 1.5 ], "rotation": 90 }
							}
						}
					]
				}
			]
		},
		{
			"name": "sticks",
			"from": [ 0.0, 0.0, 0.0 ],
			"to": [ 0.0, 0.0, 0.0 ],
			"shade": false,
			"renderInEditor": false,
			"rotationOrigin": [ 10.42, 2.1275, 10.3913 ],
			"faces": {
			},
			"children": [
				{
					"name": "stick1",
					"from": [ 5.65, 1.8665, 0.7636 ],
					"to": [ 21.65, 1.8665, 16.7636 ],
					"shade": false,
					"rotationOrigin": [ 13.65, 0.6165, 8.7636 ],
					"rotationX": -7.736,
					"rotationY": 4.625,
					"rotationZ": 3.141,
					"faces": {
						"up": { "texture": "#stick_2", "uv": [ 0.0, 0.0, 16.0, 16.0 ], "rotation": 180, "autoUv": false }
					}
				},
				{
					"name": "stick2",
					"from": [ 4.1, -0.33, 6.99 ],
					"to": [ 20.1, -0.33, 16.99 ],
					"shade": false,
					"rotationOrigin": [ 14.65, 0.1165, 8.7636 ],
					"rotationX": -7.736,
					"rotationY": 4.625,
					"rotationZ": -64.359,
					"faces": {
						"up": { "texture": "#stick_s4", "uv": [ 16.0, 0.0, 0.0, 10.0 ], "rotation": 180, "autoUv": false }
					}
				}
			]
		}
	]}