{
	"editor": {
		"collapsedPaths": "Root/group/sticks,Root/top2,Root/top3",
		"allAngles": false,
		"entityTextureMode": false
	},
	"textureWidth": 16,
	"textureHeight": 16,
	"textureSizes": {
	},
	"textures": {
	},
	"elements": [
		{
			"name": "branch",
			"from": [ 0.0, 0.0, -3.0 ],
			"to": [ 1.0, 1.0, -2.0 ],
			"shade": false,
			"rotationOrigin": [ 0.0, 0.0, -3.0 ],
			"faces": {
			},
			"children": [
				{
					"name": "sticks",
					"from": [ 0.0, 0.0, 0.0 ],
					"to": [ 1.0, 1.0, 1.0 ],
					"shade": false,
					"faces": {
					},
					"children": [
						{
							"name": "stick1",
							"from": [ 7.4, 1.3, -3.9 ],
							"to": [ 23.4, 1.3, 12.1 ],
							"shade": false,
							"rotationOrigin": [ 7.4, 1.3, -3.9 ],
							"rotationX": 2.0,
							"rotationY": -15.0,
							"rotationZ": 2.0,
							"faces": {
								"up": { "texture": "#stick_2", "uv": [ 16.0, 0.0, 0.0, 16.0 ], "autoUv": false }
							}
						},
						{
							"name": "stick4",
							"from": [ 14.0, -6.2, -0.5 ],
							"to": [ 14.0, 9.8, 11.5 ],
							"shade": false,
							"rotationOrigin": [ 14.0, -6.2, -0.5 ],
							"rotationX": 1.0,
							"rotationY": -13.0,
							"rotationZ": 1.0,
							"faces": {
								"east": { "texture": "#stick_1", "uv": [ 0.0, 0.0, 16.0, 12.0 ], "rotation": 90 }
							}
						},
						{
							"name": "stick2",
							"from": [ 4.0, 1.0, 10.5 ],
							"to": [ 20.0, 17.0, 10.5 ],
							"shade": false,
							"rotationOrigin": [ 4.0, 1.0, 10.5 ],
							"rotationX": -5.0,
							"rotationY": -8.0,
							"rotationZ": -28.0,
							"faces": {
								"north": { "texture": "#stick_1", "uv": [ 0.0, 0.0, 16.0, 16.0 ] }
							}
						},
						{
							"name": "stick3",
							"from": [ 9.4, -1.6, 5.6 ],
							"to": [ 9.4, 14.4, 16.6 ],
							"shade": false,
							"rotationOrigin": [ 9.4, -1.6, 5.6 ],
							"rotationX": -15.0,
							"rotationY": -12.0,
							"rotationZ": -67.5,
							"faces": {
								"east": { "texture": "#stick_s2", "uv": [ 3.5, 0.0, 14.5, 16.0 ] }
							}
						}
					]
				},
				{
					"name": "stem",
					"from": [ 7.2, 0.0, -0.7 ],
					"to": [ 8.2, 1.0, 0.3 ],
					"shade": false,
					"rotationOrigin": [ 7.2, 0.0, -0.7 ],
					"rotationY": -31.5,
					"faces": {
					},
					"children": [
						{
							"name": "base1",
							"from": [ 0.5, 0.0, 15.3 ],
							"to": [ 6.0, 2.0, 17.3 ],
							"shade": false,
							"rotationOrigin": [ 0.5, 0.0, 15.3 ],
							"rotationX": 4.0,
							"rotationY": 55.0,
							"faces": {
								"north": { "texture": "#log", "uv": [ 12.0, 4.5, 14.0, 10.0 ], "rotation": 90 },
								"east": { "texture": "#log", "uv": [ 0.0, 0.0, 2.0, 2.0 ] },
								"south": { "texture": "#log", "uv": [ 5.0, 0.0, 7.0, 5.5 ], "rotation": 90 },
								"west": { "texture": "#log", "uv": [ 4.0, 8.5, 6.0, 10.5 ] },
								"up": { "texture": "#log", "uv": [ 7.5, 1.0, 9.5, 6.5 ], "rotation": 90 },
								"down": { "texture": "#log", "uv": [ 11.0, 2.5, 13.0, 8.0 ], "rotation": 90 }
							},
							"children": [
								{
									"name": "base1-snow",
									"from": [ 0.0, 2.01, 0.0 ],
									"to": [ 5.5, 4.01, 2.0 ],
									"shade": false,
									"rotationOrigin": [ 0.5, 0.0, 15.3 ],
									"faces": {
										"north": { "texture": "#snowcover", "uv": [ 12.0, 4.5, 14.0, 10.0 ], "rotation": 90 },
										"east": { "texture": "#snowcover", "uv": [ 0.0, 0.0, 2.0, 2.0 ] },
										"south": { "texture": "#snowcover", "uv": [ 5.0, 0.0, 7.0, 5.5 ], "rotation": 90 },
										"west": { "texture": "#snowcover", "uv": [ 4.0, 8.5, 6.0, 10.5 ] },
										"up": { "texture": "#snowcover", "uv": [ 7.5, 1.0, 9.5, 6.5 ], "rotation": 90 },
										"down": { "texture": "#snowcover", "uv": [ 11.0, 2.5, 13.0, 8.0 ], "rotation": 90 }
									}
								}
							]
						},
						{
							"name": "base2",
							"from": [ 0.4, 1.35, 17.1 ],
							"to": [ 1.9, 1.85, 18.1 ],
							"shade": false,
							"rotationOrigin": [ 0.5, 1.3, 17.1 ],
							"rotationX": 4.0,
							"rotationY": 55.0,
							"faces": {
								"north": { "texture": "#log", "uv": [ 5.0, 7.5, 6.5, 8.0 ] },
								"east": { "texture": "#log", "uv": [ 5.5, 8.0, 6.5, 8.5 ] },
								"south": { "texture": "#log", "uv": [ 6.0, 7.0, 7.5, 7.5 ] },
								"west": { "texture": "#log", "uv": [ 3.5, 8.0, 4.5, 8.5 ] },
								"up": { "texture": "#log", "uv": [ 6.5, 4.5, 7.5, 6.0 ], "rotation": 90 },
								"down": { "texture": "#log", "uv": [ 0.0, 0.0, 1.5, 1.0 ] }
							},
							"children": [
								{
									"name": "base2-snow",
									"from": [ 0.0, 0.51, 0.0 ],
									"to": [ 1.5, 1.51, 1.0 ],
									"shade": false,
									"rotationOrigin": [ 0.5, 1.3, 17.1 ],
									"faces": {
										"north": { "texture": "#snowcover", "uv": [ 5.0, 7.5, 6.5, 8.5 ] },
										"east": { "texture": "#snowcover", "uv": [ 5.5, 8.0, 6.5, 9.0 ] },
										"south": { "texture": "#snowcover", "uv": [ 6.0, 7.0, 7.5, 8.0 ] },
										"west": { "texture": "#snowcover", "uv": [ 3.5, 8.0, 4.5, 9.0 ] },
										"up": { "texture": "#snowcover", "uv": [ 6.5, 4.5, 7.5, 6.0 ], "rotation": 90 },
										"down": { "texture": "#snowcover", "uv": [ 0.0, 0.0, 1.5, 1.0 ] }
									}
								}
							]
						},
						{
							"name": "base3",
							"from": [ 3.5, 0.0, 11.0 ],
							"to": [ 7.0, 2.0, 13.0 ],
							"shade": false,
							"rotationOrigin": [ 3.5, 0.0, 11.0 ],
							"rotationX": 4.0,
							"rotationY": 44.0,
							"faces": {
								"north": { "texture": "#log", "uv": [ 12.0, 4.5, 14.0, 8.0 ], "rotation": 90 },
								"east": { "texture": "#log", "uv": [ 0.0, 0.0, 2.0, 2.0 ] },
								"south": { "texture": "#log", "uv": [ 5.0, 0.0, 7.0, 3.5 ], "rotation": 90 },
								"west": { "texture": "#log", "uv": [ 10.5, 7.5, 12.5, 9.5 ] },
								"up": { "texture": "#log", "uv": [ 7.5, 1.0, 9.5, 4.5 ], "rotation": 90 },
								"down": { "texture": "#log", "uv": [ 11.0, 2.5, 13.0, 6.0 ], "rotation": 90 }
							},
							"children": [
								{
									"name": "base3-snow",
									"from": [ 0.0, 2.01, 0.0 ],
									"to": [ 3.5, 4.01, 2.0 ],
									"shade": false,
									"rotationOrigin": [ 3.5, 0.0, 11.0 ],
									"faces": {
										"north": { "texture": "#snowcover", "uv": [ 12.0, 4.5, 14.0, 8.0 ], "rotation": 90 },
										"east": { "texture": "#snowcover", "uv": [ 0.0, 0.0, 2.0, 2.0 ] },
										"south": { "texture": "#snowcover", "uv": [ 5.0, 0.0, 7.0, 3.5 ], "rotation": 90 },
										"west": { "texture": "#snowcover", "uv": [ 10.5, 7.5, 12.5, 9.5 ] },
										"up": { "texture": "#snowcover", "uv": [ 7.5, 1.0, 9.5, 4.5 ], "rotation": 90 },
										"down": { "texture": "#snowcover", "uv": [ 11.0, 2.5, 13.0, 6.0 ], "rotation": 90 }
									}
								}
							]
						},
						{
							"name": "base4",
							"from": [ 8.6, 0.0, 6.9 ],
							"to": [ 10.1, 1.5, 10.4 ],
							"shade": false,
							"rotationOrigin": [ 8.6, 0.0, 6.9 ],
							"rotationY": -51.0,
							"faces": {
								"north": { "texture": "#log", "uv": [ 12.0, 7.0, 13.5, 8.5 ], "rotation": 90 },
								"east": { "texture": "#log", "uv": [ 9.0, 0.5, 10.5, 4.0 ], "rotation": 90 },
								"south": { "texture": "#log", "uv": [ 5.0, 0.5, 6.5, 2.0 ], "rotation": 90 },
								"west": { "texture": "#log", "uv": [ 9.5, 11.0, 11.0, 14.5 ], "rotation": 90 },
								"up": { "texture": "#log", "uv": [ 13.0, 2.0, 14.5, 5.5 ] },
								"down": { "texture": "#log", "uv": [ 11.0, 2.5, 12.5, 6.0 ] }
							},
							"children": [
								{
									"name": "base4-snow",
									"from": [ 0.0, 1.51, 0.0 ],
									"to": [ 1.5, 3.51, 3.5 ],
									"shade": false,
									"rotationOrigin": [ 8.6, 0.0, 6.9 ],
									"faces": {
										"north": { "texture": "#snowcover", "uv": [ 12.0, 7.0, 14.0, 8.5 ], "rotation": 90 },
										"east": { "texture": "#snowcover", "uv": [ 9.0, 0.5, 11.0, 4.0 ], "rotation": 90 },
										"south": { "texture": "#snowcover", "uv": [ 5.0, 0.5, 7.0, 2.0 ], "rotation": 90 },
										"west": { "texture": "#snowcover", "uv": [ 9.5, 11.0, 11.5, 14.5 ], "rotation": 90 },
										"up": { "texture": "#snowcover", "uv": [ 13.0, 2.0, 14.5, 5.5 ] },
										"down": { "texture": "#snowcover", "uv": [ 11.0, 2.5, 12.5, 6.0 ] }
									}
								}
							]
						},
						{
							"name": "base5",
							"from": [ 0.7, 0.4, 16.65 ],
							"to": [ 1.7, 1.4, 17.65 ],
							"shade": false,
							"rotationOrigin": [ 0.8, 0.4, 16.7 ],
							"rotationX": 4.0,
							"rotationY": 55.0,
							"faces": {
								"north": { "texture": "#log", "uv": [ 5.0, 7.5, 6.0, 8.5 ] },
								"east": { "texture": "#log", "uv": [ 5.5, 8.0, 6.5, 9.0 ] },
								"south": { "texture": "#log", "uv": [ 6.0, 7.0, 7.0, 8.0 ] },
								"west": { "texture": "#log", "uv": [ 3.5, 8.0, 4.5, 9.0 ] },
								"up": { "texture": "#log", "uv": [ 6.0, 8.0, 7.0, 9.0 ] },
								"down": { "texture": "#log", "uv": [ 0.0, 0.0, 1.0, 1.0 ] }
							},
							"children": [
								{
									"name": "base5-snow",
									"from": [ 0.0, 1.01, 0.0 ],
									"to": [ 1.0, 2.01, 1.0 ],
									"shade": false,
									"rotationOrigin": [ 0.8, 0.4, 16.7 ],
									"faces": {
										"north": { "texture": "#snowcover", "uv": [ 5.0, 7.5, 6.0, 8.5 ] },
										"east": { "texture": "#snowcover", "uv": [ 5.5, 8.0, 6.5, 9.0 ] },
										"south": { "texture": "#snowcover", "uv": [ 6.0, 7.0, 7.0, 8.0 ] },
										"west": { "texture": "#snowcover", "uv": [ 3.5, 8.0, 4.5, 9.0 ] },
										"up": { "texture": "#snowcover", "uv": [ 6.0, 8.0, 7.0, 9.0 ] },
										"down": { "texture": "#snowcover", "uv": [ 0.0, 0.0, 1.0, 1.0 ] }
									}
								}
							]
						},
						{
							"name": "base6",
							"from": [ 0.2, 0.48, 15.65 ],
							"to": [ 0.7, 1.98, 16.65 ],
							"shade": false,
							"rotationOrigin": [ 0.3, 0.5, 15.7 ],
							"rotationX": 4.0,
							"rotationY": 55.0,
							"faces": {
								"north": { "texture": "#log", "uv": [ 5.0, 3.5, 5.5, 5.0 ] },
								"east": { "texture": "#log", "uv": [ 6.0, 8.0, 7.0, 9.5 ] },
								"south": { "texture": "#log", "uv": [ 6.0, 7.0, 6.5, 8.5 ] },
								"west": { "texture": "#log", "uv": [ 4.0, 8.0, 5.0, 9.5 ] },
								"up": { "texture": "#log", "uv": [ 6.0, 8.0, 6.5, 9.0 ] },
								"down": { "texture": "#log", "uv": [ 0.0, 0.0, 0.5, 1.0 ] }
							},
							"children": [
								{
									"name": "base6-snow",
									"from": [ 0.0, 1.51, 0.0 ],
									"to": [ 0.5, 2.51, 1.0 ],
									"shade": false,
									"rotationOrigin": [ 0.3, 0.5, 15.7 ],
									"faces": {
										"north": { "texture": "#snowcover", "uv": [ 5.0, 3.5, 5.5, 4.5 ] },
										"east": { "texture": "#snowcover", "uv": [ 6.0, 8.0, 7.0, 9.0 ] },
										"south": { "texture": "#snowcover", "uv": [ 6.0, 7.0, 6.5, 8.0 ] },
										"west": { "texture": "#snowcover", "uv": [ 4.0, 8.0, 5.0, 9.0 ] },
										"up": { "texture": "#snowcover", "uv": [ 6.0, 8.0, 6.5, 9.0 ] },
										"down": { "texture": "#snowcover", "uv": [ 0.0, 0.0, 0.5, 1.0 ] }
									}
								}
							]
						}
					]
				}
			]
		}
	]}