{
	"editor": {
		"collapsedPaths": "Root/top2,Root/top3",
		"allAngles": false,
		"entityTextureMode": false
	},
	"textureWidth": 16,
	"textureHeight": 16,
	"textureSizes": {
	},
	"textures": {
	},
	"elements": [
		{
			"name": "Branchset",
			"from": [ 10.0, -0.4, -1.0 ],
			"to": [ 11.0, 0.6, 0.0 ],
			"shade": false,
			"rotationOrigin": [ 10.0, -0.4, -1.0 ],
			"rotationY": -45.0,
			"faces": {
			},
			"children": [
				{
					"name": "Cube4",
					"from": [ 5.4, 0.0, 4.2 ],
					"to": [ 6.9, 1.5, 14.2 ],
					"shade": false,
					"rotationOrigin": [ 5.4, 0.0, 4.2 ],
					"rotationY": 17.5,
					"rotationZ": 46.0,
					"faces": {
						"north": { "texture": "#log", "uv": [ 12.0, 2.5, 13.5, 4.0 ] },
						"east": { "texture": "#log", "uv": [ 11.5, 2.0, 13.0, 12.0 ], "rotation": 90 },
						"south": { "texture": "#log", "uv": [ 6.0, 8.5, 7.5, 10.0 ] },
						"west": { "texture": "#log", "uv": [ 10.0, 1.5, 11.5, 11.5 ], "rotation": 90 },
						"up": { "texture": "#log", "uv": [ 10.0, 6.0, 11.5, 16.0 ] },
						"down": { "texture": "#log", "uv": [ 10.0, 2.5, 11.5, 12.5 ] }
					}
				},
				{
					"name": "Cube5",
					"from": [ 6.3, 0.2, 8.5 ],
					"to": [ 11.8, 1.2, 9.5 ],
					"shade": false,
					"rotationOrigin": [ 6.3, 0.2, 8.5 ],
					"rotationX": -20.0,
					"rotationY": 49.5,
					"rotationZ": 31.0,
					"faces": {
						"north": { "texture": "#log", "uv": [ 7.0, 0.0, 8.0, 5.5 ], "rotation": 90 },
						"east": { "texture": "#log", "uv": [ 6.0, 8.0, 7.0, 9.0 ] },
						"south": { "texture": "#log", "uv": [ 7.0, 1.0, 8.0, 6.5 ], "rotation": 90 },
						"west": { "texture": "#log", "uv": [ 9.5, 0.5, 10.5, 1.5 ] },
						"up": { "texture": "#log", "uv": [ 6.5, 0.5, 7.5, 6.0 ], "rotation": 90 },
						"down": { "texture": "#log", "uv": [ 6.0, 0.0, 7.0, 5.5 ], "rotation": 90 }
					}
				},
				{
					"name": "Cube6",
					"from": [ 5.3, 0.3, 0.6 ],
					"to": [ 6.3, 1.3, 5.1 ],
					"shade": false,
					"rotationOrigin": [ 5.3, 0.3, 5.2 ],
					"rotationX": 16.0,
					"rotationY": 25.0,
					"rotationZ": 6.0,
					"faces": {
						"north": { "texture": "#log", "uv": [ 5.0, 6.5, 6.0, 7.5 ] },
						"east": { "texture": "#log", "uv": [ 8.0, 1.0, 9.0, 5.5 ], "rotation": 90 },
						"south": { "texture": "#log", "uv": [ 3.0, 1.5, 4.0, 2.5 ] },
						"west": { "texture": "#log", "uv": [ 9.5, 3.5, 10.5, 8.0 ], "rotation": 90 },
						"up": { "texture": "#log", "uv": [ 7.5, 8.5, 8.5, 13.0 ] },
						"down": { "texture": "#log", "uv": [ 9.5, 5.5, 10.5, 10.0 ] }
					}
				},
				{
					"name": "Cube7",
					"from": [ 8.4, 0.0, 13.7 ],
					"to": [ 9.9, 0.5, 15.7 ],
					"shade": false,
					"rotationOrigin": [ 8.4, 0.0, 13.7 ],
					"rotationY": 17.5,
					"rotationZ": 46.0,
					"faces": {
						"north": { "texture": "#log", "uv": [ 12.0, 2.5, 13.5, 3.0 ] },
						"east": { "texture": "#log", "uv": [ 11.5, 2.0, 12.0, 4.0 ], "rotation": 90 },
						"south": { "texture": "#log", "uv": [ 6.0, 8.5, 7.5, 9.0 ] },
						"west": { "texture": "#log", "uv": [ 10.0, 1.5, 10.5, 3.5 ], "rotation": 90 },
						"up": { "texture": "#log", "uv": [ 4.0, 8.0, 5.5, 10.0 ] },
						"down": { "texture": "#log", "uv": [ 10.0, 2.5, 11.5, 4.5 ] }
					}
				},
				{
					"name": "Cube8",
					"from": [ 8.0, 0.2, 13.9 ],
					"to": [ 9.5, 0.7, 14.8 ],
					"shade": false,
					"rotationOrigin": [ 8.0, 0.2, 13.9 ],
					"rotationY": 17.5,
					"rotationZ": 46.0,
					"faces": {
						"north": { "texture": "#log", "uv": [ 5.5, 7.0, 7.0, 7.5 ] },
						"east": { "texture": "#log", "uv": [ 6.0, 7.0, 6.5, 7.5 ], "rotation": 90 },
						"south": { "texture": "#log", "uv": [ 6.0, 8.5, 7.5, 9.0 ] },
						"west": { "texture": "#log", "uv": [ 4.0, 7.5, 4.5, 8.0 ], "rotation": 90 },
						"up": { "texture": "#log", "uv": [ 4.0, 9.0, 5.5, 9.5 ] },
						"down": { "texture": "#log", "uv": [ 4.0, 6.0, 5.5, 6.5 ] }
					}
				},
				{
					"name": "Cube9",
					"from": [ 4.9, 0.58, -0.3 ],
					"to": [ 5.9, 1.08, 0.7 ],
					"shade": false,
					"rotationOrigin": [ 4.9, 0.5, 4.3 ],
					"rotationX": 16.0,
					"rotationY": 25.0,
					"rotationZ": 6.0,
					"faces": {
						"north": { "texture": "#log", "uv": [ 5.0, 6.5, 6.0, 7.0 ] },
						"east": { "texture": "#log", "uv": [ 8.0, 1.0, 8.5, 2.0 ], "rotation": 90 },
						"south": { "texture": "#log", "uv": [ 3.0, 0.0, 4.0, 0.5 ] },
						"west": { "texture": "#log", "uv": [ 9.5, 3.5, 10.0, 4.5 ], "rotation": 90 },
						"up": { "texture": "#log", "uv": [ 6.0, 7.5, 7.0, 8.5 ] },
						"down": { "texture": "#log", "uv": [ 4.5, 10.5, 5.5, 11.5 ] }
					}
				},
				{
					"name": "Cube10",
					"from": [ 9.3, 1.61, 4.25 ],
					"to": [ 10.3, 2.61, 4.75 ],
					"shade": false,
					"rotationOrigin": [ 9.3, 1.6, 4.2 ],
					"rotationX": -20.0,
					"rotationY": 49.5,
					"rotationZ": 31.0,
					"faces": {
						"north": { "texture": "#log", "uv": [ 7.0, 0.0, 8.0, 1.0 ], "rotation": 90 },
						"east": { "texture": "#log", "uv": [ 7.5, 8.0, 8.0, 9.0 ] },
						"south": { "texture": "#log", "uv": [ 4.0, 8.0, 5.0, 9.0 ], "rotation": 90 },
						"west": { "texture": "#log", "uv": [ 0.0, 0.0, 0.5, 1.0 ] },
						"up": { "texture": "#log", "uv": [ 6.5, 0.5, 7.0, 1.5 ], "rotation": 90 },
						"down": { "texture": "#log", "uv": [ 6.0, 0.0, 6.5, 1.0 ], "rotation": 90 }
					}
				},
				{
					"name": "Cube4-snow",
					"from": [ 5.4, 0.6, 4.2 ],
					"to": [ 6.9, 2.1, 14.2 ],
					"shade": false,
					"rotationOrigin": [ 5.4, 0.6, 4.2 ],
					"rotationY": 17.5,
					"rotationZ": 46.0,
					"faces": {
						"north": { "texture": "#log", "uv": [ 12.0, 2.5, 13.5, 4.0 ] },
						"east": { "texture": "#log", "uv": [ 11.5, 2.0, 13.0, 12.0 ], "rotation": 90 },
						"south": { "texture": "#log", "uv": [ 6.0, 8.5, 7.5, 10.0 ] },
						"west": { "texture": "#log", "uv": [ 10.0, 1.5, 11.5, 11.5 ], "rotation": 90 },
						"up": { "texture": "#log", "uv": [ 10.0, 6.0, 11.5, 16.0 ] },
						"down": { "texture": "#log", "uv": [ 10.0, 2.5, 11.5, 12.5 ] }
					}
				},
				{
					"name": "Cube5-snow",
					"from": [ 6.3, 1.2, 8.1 ],
					"to": [ 11.8, 2.2, 9.1 ],
					"shade": false,
					"rotationOrigin": [ 6.3, 1.2, 8.1 ],
					"rotationX": -20.0,
					"rotationY": 49.5,
					"rotationZ": 31.0,
					"faces": {
						"north": { "texture": "#log", "uv": [ 7.0, 0.0, 8.0, 5.5 ], "rotation": 90 },
						"east": { "texture": "#log", "uv": [ 6.0, 8.0, 7.0, 9.0 ] },
						"south": { "texture": "#log", "uv": [ 7.0, 1.0, 8.0, 6.5 ], "rotation": 90 },
						"west": { "texture": "#log", "uv": [ 9.5, 0.5, 10.5, 1.5 ] },
						"up": { "texture": "#log", "uv": [ 6.5, 0.5, 7.5, 6.0 ], "rotation": 90 },
						"down": { "texture": "#log", "uv": [ 6.0, 0.0, 7.0, 5.5 ], "rotation": 90 }
					}
				},
				{
					"name": "Cube6-snow",
					"from": [ 5.1, 1.3, 0.9 ],
					"to": [ 6.1, 2.3, 5.4 ],
					"shade": false,
					"rotationOrigin": [ 5.1, 1.3, 5.5 ],
					"rotationX": 16.0,
					"rotationY": 25.0,
					"rotationZ": 6.0,
					"faces": {
						"north": { "texture": "#log", "uv": [ 5.0, 6.5, 6.0, 7.5 ] },
						"east": { "texture": "#log", "uv": [ 8.0, 1.0, 9.0, 5.5 ], "rotation": 90 },
						"south": { "texture": "#log", "uv": [ 3.0, 1.5, 4.0, 2.5 ] },
						"west": { "texture": "#log", "uv": [ 9.5, 3.5, 10.5, 8.0 ], "rotation": 90 },
						"up": { "texture": "#log", "uv": [ 7.5, 8.5, 8.5, 13.0 ] },
						"down": { "texture": "#log", "uv": [ 9.5, 5.5, 10.5, 10.0 ] }
					}
				}
			]
		}
	]}