{
	"editor": {
		"collapsedPaths": "Root/bone/base,Root/top2,Root/top3",
		"allAngles": false,
		"entityTextureMode": false
	},
	"textureWidth": 16,
	"textureHeight": 16,
	"textureSizes": {
	},
	"textures": {
	},
	"elements": [
		{
			"name": "branch",
			"from": [ 0.0, 0.0, 0.0 ],
			"to": [ 1.0, 1.0, 1.0 ],
			"shade": false,
			"faces": {
			},
			"children": [
				{
					"name": "Cube2",
					"from": [ 9.5, 0.0, 6.7 ],
					"to": [ 14.5, 1.0, 7.7 ],
					"shade": false,
					"rotationOrigin": [ 9.5, 0.0, 6.7 ],
					"rotationX": -1.0,
					"rotationZ": 1.0,
					"faces": {
						"north": { "texture": "#log", "uv": [ 7.5, 2.0, 8.5, 7.0 ], "rotation": 90 },
						"east": { "texture": "#log", "uv": [ 6.0, 8.5, 7.0, 9.5 ] },
						"south": { "texture": "#log", "uv": [ 11.0, 2.0, 12.0, 7.0 ], "rotation": 90 },
						"west": { "texture": "#log", "uv": [ 12.5, 3.0, 13.5, 4.0 ] },
						"up": { "texture": "#log", "uv": [ 6.5, 10.0, 7.5, 15.0 ], "rotation": 90 },
						"down": { "texture": "#log", "uv": [ 13.5, 2.0, 14.5, 7.0 ], "rotation": 90 }
					},
					"children": [
						{
							"name": "Cube2-snow",
							"from": [ 0.0, 1.01, 0.0 ],
							"to": [ 5.0, 3.01, 1.0 ],
							"shade": false,
							"rotationOrigin": [ 9.5, 0.0, 6.7 ],
							"faces": {
								"north": { "texture": "#snowcover", "uv": [ 7.5, 2.0, 9.5, 7.0 ], "rotation": 90 },
								"east": { "texture": "#snowcover", "uv": [ 6.0, 8.5, 7.0, 10.5 ] },
								"south": { "texture": "#snowcover", "uv": [ 11.0, 2.0, 13.0, 7.0 ], "rotation": 90 },
								"west": { "texture": "#snowcover", "uv": [ 12.5, 3.0, 13.5, 5.0 ] },
								"up": { "texture": "#snowcover", "uv": [ 6.5, 10.0, 7.5, 15.0 ], "rotation": 90 },
								"down": { "texture": "#snowcover", "uv": [ 13.5, 2.0, 14.5, 7.0 ], "rotation": 90 }
							}
						}
					]
				},
				{
					"name": "Cube3",
					"from": [ 7.6, 0.05, 6.9 ],
					"to": [ 9.8, 1.05, 7.9 ],
					"shade": false,
					"rotationOrigin": [ 9.1, 0.1, 7.7 ],
					"rotationX": -1.0,
					"rotationY": 19.0,
					"rotationZ": -5.0,
					"faces": {
						"north": { "texture": "#log", "uv": [ 11.5, 7.0, 12.5, 9.0 ], "rotation": 90 },
						"east": { "texture": "#log", "uv": [ 12.5, 1.5, 13.5, 2.5 ] },
						"south": { "texture": "#log", "uv": [ 10.0, 7.0, 11.0, 9.0 ], "rotation": 90 },
						"west": { "texture": "#log", "uv": [ 9.5, 8.0, 10.5, 9.0 ] },
						"up": { "texture": "#log", "uv": [ 13.0, 4.5, 14.0, 6.5 ], "rotation": 90 },
						"down": { "texture": "#log", "uv": [ 13.5, 9.5, 14.5, 11.5 ], "rotation": 90 }
					},
					"children": [
						{
							"name": "Cube8snow",
							"from": [ -0.1, 1.05, -0.02 ],
							"to": [ 2.1, 2.55, 0.98 ],
							"shade": false,
							"rotationOrigin": [ 1.4, 1.1, 0.9 ],
							"rotationX": -0.8,
							"rotationY": -0.7,
							"rotationZ": 0.1,
							"faces": {
								"north": { "texture": "#log", "uv": [ 11.5, 7.0, 13.0, 9.0 ], "rotation": 90 },
								"east": { "texture": "#log", "uv": [ 12.5, 1.5, 13.5, 3.0 ] },
								"south": { "texture": "#log", "uv": [ 10.0, 7.0, 11.5, 9.0 ], "rotation": 90 },
								"west": { "texture": "#log", "uv": [ 9.5, 8.0, 10.5, 9.5 ] },
								"up": { "texture": "#log", "uv": [ 13.0, 4.5, 14.0, 6.5 ], "rotation": 90 },
								"down": { "texture": "#log", "uv": [ 13.5, 9.5, 14.5, 11.5 ], "rotation": 90 }
							}
						}
					]
				},
				{
					"name": "Cube4",
					"from": [ 5.1, 0.55, 6.7 ],
					"to": [ 8.1, 1.15, 7.2 ],
					"shade": false,
					"rotationOrigin": [ 6.6, 0.6, 7.5 ],
					"rotationX": 14.0,
					"rotationY": -21.0,
					"rotationZ": -16.0,
					"faces": {
						"north": { "texture": "#log", "uv": [ 11.5, 9.5, 12.0, 12.5 ], "rotation": 90 },
						"east": { "texture": "#log", "uv": [ 2.0, 2.0, 2.5, 2.5 ] },
						"south": { "texture": "#log", "uv": [ 10.0, 10.5, 10.5, 13.5 ], "rotation": 90 },
						"west": { "texture": "#log", "uv": [ 6.0, 8.0, 6.5, 8.5 ] },
						"up": { "texture": "#log", "uv": [ 5.5, 2.0, 6.0, 5.0 ], "rotation": 90 },
						"down": { "texture": "#log", "uv": [ 12.0, 3.0, 12.5, 6.0 ], "rotation": 90 }
					}
				},
				{
					"name": "Cube5",
					"from": [ 5.9, 0.25, 7.9 ],
					"to": [ 8.1, 1.05, 8.7 ],
					"shade": false,
					"rotationOrigin": [ 7.4, 0.3, 8.7 ],
					"rotationX": -1.0,
					"rotationY": 36.0,
					"faces": {
						"north": { "texture": "#log", "uv": [ 12.0, 5.5, 13.0, 7.5 ], "rotation": 90, "autoUv": false },
						"east": { "texture": "#log", "uv": [ 0.0, 0.0, 0.5, 0.5 ] },
						"south": { "texture": "#log", "uv": [ 12.0, 10.5, 13.1, 12.5 ], "rotation": 90, "autoUv": false },
						"west": { "texture": "#log", "uv": [ 11.5, 3.5, 12.5, 4.5 ], "autoUv": false },
						"up": { "texture": "#log", "uv": [ 8.5, 1.0, 9.5, 3.0 ], "rotation": 90, "autoUv": false },
						"down": { "texture": "#log", "uv": [ 0.0, 0.0, 0.5, 2.0 ], "rotation": 90 }
					},
					"children": [
						{
							"name": "Cube5-snow",
							"from": [ 0.0, 0.81, 0.0 ],
							"to": [ 2.2, 2.81, 0.8 ],
							"shade": false,
							"rotationOrigin": [ 7.4, 0.3, 8.7 ],
							"faces": {
								"north": { "texture": "#snowcover", "uv": [ 12.0, 5.5, 13.0, 7.5 ], "rotation": 90, "autoUv": false },
								"east": { "texture": "#snowcover", "uv": [ 0.0, 0.0, 0.5, 2.0 ] },
								"south": { "texture": "#snowcover", "uv": [ 12.0, 10.5, 13.1, 12.5 ], "rotation": 90, "autoUv": false },
								"west": { "texture": "#snowcover", "uv": [ 11.5, 3.5, 12.5, 4.5 ], "autoUv": false },
								"up": { "texture": "#snowcover", "uv": [ 8.5, 1.0, 9.5, 3.0 ], "rotation": 90, "autoUv": false },
								"down": { "texture": "#snowcover", "uv": [ 0.0, 0.0, 0.5, 2.0 ], "rotation": 90 }
							}
						}
					]
				},
				{
					"name": "stick_1",
					"from": [ 4.8, 0.0, 21.7 ],
					"to": [ 16.8, 0.0, 31.7 ],
					"shade": false,
					"rotationOrigin": [ 4.8, 0.0, 21.7 ],
					"rotationX": -3.0,
					"rotationY": 135.0,
					"rotationZ": 10.0,
					"faces": {
						"up": { "texture": "#stick_1", "uv": [ 0.0, 0.0, 12.0, 10.0 ] }
					}
				},
				{
					"name": "Cube6",
					"from": [ 14.5, 0.1, 6.7 ],
					"to": [ 15.5, 0.6, 7.7 ],
					"shade": false,
					"rotationOrigin": [ 14.5, 0.1, 6.7 ],
					"rotationX": -1.0,
					"rotationZ": 1.0,
					"faces": {
						"north": { "texture": "#log", "uv": [ 6.5, 7.5, 7.0, 8.5 ], "rotation": 90 },
						"east": { "texture": "#log", "uv": [ 6.0, 8.5, 7.0, 9.0 ] },
						"south": { "texture": "#log", "uv": [ 12.0, 2.5, 12.5, 3.5 ], "rotation": 90 },
						"west": { "texture": "#log", "uv": [ 11.0, 3.5, 12.0, 4.0 ] },
						"up": { "texture": "#log", "uv": [ 6.5, 10.0, 7.5, 11.0 ], "rotation": 90 },
						"down": { "texture": "#log", "uv": [ 13.5, 2.0, 14.5, 3.0 ], "rotation": 90 }
					},
					"children": [
						{
							"name": "Cube6-snow",
							"from": [ 0.0, 0.51, 0.0 ],
							"to": [ 1.0, 2.51, 1.0 ],
							"shade": false,
							"rotationOrigin": [ 14.5, 0.1, 6.7 ],
							"faces": {
								"north": { "texture": "#snowcover", "uv": [ 6.5, 7.5, 8.5, 8.5 ], "rotation": 90 },
								"east": { "texture": "#snowcover", "uv": [ 6.0, 8.5, 7.0, 10.5 ] },
								"south": { "texture": "#snowcover", "uv": [ 12.0, 2.5, 14.0, 3.5 ], "rotation": 90 },
								"west": { "texture": "#snowcover", "uv": [ 11.0, 3.5, 12.0, 5.5 ] },
								"up": { "texture": "#snowcover", "uv": [ 6.5, 10.0, 7.5, 11.0 ], "rotation": 90 },
								"down": { "texture": "#snowcover", "uv": [ 13.5, 2.0, 14.5, 3.0 ], "rotation": 90 }
							}
						}
					]
				},
				{
					"name": "Cube7",
					"from": [ 4.72, 0.73, 6.64 ],
					"to": [ 5.22, 1.03, 7.14 ],
					"shade": false,
					"rotationOrigin": [ 6.3, 0.9, 7.3 ],
					"rotationX": 14.0,
					"rotationY": -21.0,
					"rotationZ": -16.0,
					"faces": {
						"north": { "texture": "#log", "uv": [ 10.5, 10.5, 11.0, 11.0 ], "rotation": 90 },
						"east": { "texture": "#log", "uv": [ 13.0, 8.0, 13.5, 8.5 ] },
						"south": { "texture": "#log", "uv": [ 11.5, 9.0, 12.0, 9.5 ], "rotation": 90 },
						"west": { "texture": "#log", "uv": [ 6.0, 8.0, 6.5, 8.5 ] },
						"up": { "texture": "#log", "uv": [ 5.0, 7.5, 5.5, 8.0 ], "rotation": 90 },
						"down": { "texture": "#log", "uv": [ 11.0, 2.5, 11.5, 3.0 ], "rotation": 90 }
					}
				}
			]
		}
	]}