{
	"editor": {
		"collapsedPaths": "Root/bone2,Root/bone,Root/top2,Root/top3",
		"allAngles": false,
		"entityTextureMode": false
	},
	"textureWidth": 16,
	"textureHeight": 16,
	"textureSizes": {
	},
	"textures": {
	},
	"elements": [
		{
			"name": "branches",
			"from": [ 0.0, 0.0, 3.0 ],
			"to": [ 1.0, 1.0, 4.0 ],
			"shade": false,
			"rotationOrigin": [ 0.0, 0.0, 3.0 ],
			"rotationX": 1.0,
			"rotationY": 16.0,
			"rotationZ": -4.0,
			"faces": {
			},
			"children": [
				{
					"name": "Cube2",
					"from": [ 0.0, 0.0, 2.0 ],
					"to": [ 1.5, 1.5, 6.0 ],
					"shade": false,
					"rotationOrigin": [ 0.0, 0.0, 2.0 ],
					"faces": {
						"north": { "texture": "#log", "uv": [ 5.5, 6.5, 7.0, 8.0 ] },
						"east": { "texture": "#log", "uv": [ 10.0, 0.5, 11.5, 4.5 ], "rotation": 90 },
						"south": { "texture": "#log", "uv": [ 6.5, 2.5, 8.0, 4.0 ] },
						"west": { "texture": "#log", "uv": [ 10.5, 2.5, 12.0, 6.5 ], "rotation": 90 },
						"up": { "texture": "#log", "uv": [ 5.5, 1.0, 7.0, 5.0 ] },
						"down": { "texture": "#log", "uv": [ 9.5, 1.5, 11.0, 5.5 ] }
					},
					"children": [
						{
							"name": "Cube2-snow",
							"from": [ 0.0, 1.51, 0.0 ],
							"to": [ 1.5, 3.51, 4.0 ],
							"shade": false,
							"rotationOrigin": [ 0.0, 0.0, 2.0 ],
							"faces": {
								"north": { "texture": "#snowcover", "uv": [ 5.5, 6.5, 7.0, 8.5 ] },
								"east": { "texture": "#snowcover", "uv": [ 10.0, 0.5, 12.0, 4.5 ], "rotation": 90 },
								"south": { "texture": "#snowcover", "uv": [ 6.5, 2.5, 8.0, 4.5 ] },
								"west": { "texture": "#snowcover", "uv": [ 10.5, 2.5, 12.5, 6.5 ], "rotation": 90 },
								"up": { "texture": "#snowcover", "uv": [ 5.5, 1.0, 7.0, 5.0 ] },
								"down": { "texture": "#snowcover", "uv": [ 9.5, 1.5, 11.0, 5.5 ] }
							}
						}
					]
				},
				{
					"name": "Cube3",
					"from": [ -0.03, 0.1, 6.0 ],
					"to": [ 1.47, 1.6, 10.0 ],
					"shade": false,
					"rotationOrigin": [ 0.0, 0.1, 6.0 ],
					"rotationX": -15.0,
					"rotationY": 18.0,
					"faces": {
						"north": { "texture": "#log", "uv": [ 0.0, 0.0, 1.5, 1.5 ] },
						"east": { "texture": "#log", "uv": [ 10.0, 1.8, 11.5, 5.0 ], "rotation": 90, "autoUv": false },
						"south": { "texture": "#log", "uv": [ 1.5, 0.0, 3.0, 1.5 ] },
						"west": { "texture": "#log", "uv": [ 9.0, 5.0, 10.5, 9.0 ], "rotation": 90 },
						"up": { "texture": "#log", "uv": [ 9.5, 10.5, 11.0, 14.5 ] },
						"down": { "texture": "#log", "uv": [ 11.5, 6.0, 13.0, 10.0 ] }
					}
				},
				{
					"name": "Cube4",
					"from": [ 1.47, 1.2, 8.9 ],
					"to": [ 2.47, 2.2, 11.9 ],
					"shade": false,
					"rotationOrigin": [ 1.5, 1.2, 8.9 ],
					"rotationX": -4.0,
					"rotationY": -6.0,
					"faces": {
						"north": { "texture": "#log", "uv": [ 0.0, 0.0, 1.0, 1.0 ] },
						"east": { "texture": "#log", "uv": [ 10.5, 5.5, 11.5, 8.5 ], "rotation": 90 },
						"south": { "texture": "#log", "uv": [ 5.5, 8.5, 6.5, 9.5 ] },
						"west": { "texture": "#log", "uv": [ 4.5, 2.0, 5.5, 5.0 ], "rotation": 90 },
						"up": { "texture": "#log", "uv": [ 6.5, 2.5, 7.5, 5.5 ] },
						"down": { "texture": "#log", "uv": [ 0.0, 0.0, 1.0, 3.0 ] }
					},
					"children": [
						{
							"name": "Cube4-snow",
							"from": [ 0.0, 1.01, 0.0 ],
							"to": [ 1.0, 3.01, 3.0 ],
							"shade": false,
							"rotationOrigin": [ 1.5, 1.2, 8.9 ],
							"faces": {
								"north": { "texture": "#snowcover", "uv": [ 0.0, 0.0, 1.0, 2.0 ] },
								"east": { "texture": "#snowcover", "uv": [ 10.5, 5.5, 12.5, 8.5 ], "rotation": 90 },
								"south": { "texture": "#snowcover", "uv": [ 5.5, 8.5, 6.5, 10.5 ] },
								"west": { "texture": "#snowcover", "uv": [ 4.5, 2.0, 6.5, 5.0 ], "rotation": 90 },
								"up": { "texture": "#snowcover", "uv": [ 6.5, 2.5, 7.5, 5.5 ] },
								"down": { "texture": "#snowcover", "uv": [ 0.0, 0.0, 1.0, 3.0 ] }
							}
						}
					]
				},
				{
					"name": "Cube5",
					"from": [ 1.17, 1.4, 11.88 ],
					"to": [ 2.17, 1.9, 12.88 ],
					"shade": false,
					"rotationOrigin": [ 1.2, 1.4, 11.9 ],
					"rotationX": -4.0,
					"rotationY": -6.0,
					"faces": {
						"north": { "texture": "#log", "uv": [ 2.5, 11.0, 3.5, 11.5 ] },
						"east": { "texture": "#log", "uv": [ 1.5, 10.0, 2.5, 10.5 ] },
						"south": { "texture": "#log", "uv": [ 3.5, 5.5, 4.5, 6.0 ] },
						"west": { "texture": "#log", "uv": [ 2.5, 5.5, 3.5, 6.0 ] },
						"up": { "texture": "#log", "uv": [ 4.5, 6.5, 5.5, 7.5 ] },
						"down": { "texture": "#log", "uv": [ 9.0, 11.5, 10.0, 12.5 ] }
					},
					"children": [
						{
							"name": "Cube5-snow",
							"from": [ 0.0, 0.51, 0.0 ],
							"to": [ 1.0, 2.51, 1.0 ],
							"shade": false,
							"rotationOrigin": [ 1.2, 1.4, 11.9 ],
							"faces": {
								"north": { "texture": "#snowcover", "uv": [ 2.5, 11.0, 3.5, 13.0 ] },
								"east": { "texture": "#snowcover", "uv": [ 1.5, 10.0, 2.5, 12.0 ] },
								"south": { "texture": "#snowcover", "uv": [ 3.5, 5.5, 4.5, 7.5 ] },
								"west": { "texture": "#snowcover", "uv": [ 2.5, 5.5, 3.5, 7.5 ] },
								"up": { "texture": "#snowcover", "uv": [ 4.5, 6.5, 5.5, 7.5 ] },
								"down": { "texture": "#snowcover", "uv": [ 9.0, 11.5, 10.0, 12.5 ] }
							}
						}
					]
				},
				{
					"name": "Cube6",
					"from": [ 1.17, 1.9, 11.85 ],
					"to": [ 1.67, 2.4, 12.35 ],
					"shade": false,
					"rotationOrigin": [ 1.2, 1.9, 11.8 ],
					"rotationX": -4.0,
					"rotationY": -6.0,
					"faces": {
						"north": { "texture": "#log", "uv": [ 4.0, 7.0, 4.5, 7.5 ] },
						"east": { "texture": "#log", "uv": [ 5.5, 7.5, 6.0, 8.0 ] },
						"south": { "texture": "#log", "uv": [ 5.0, 9.0, 5.5, 9.5 ] },
						"west": { "texture": "#log", "uv": [ 5.0, 7.5, 5.5, 8.0 ] },
						"up": { "texture": "#log", "uv": [ 5.0, 7.5, 5.5, 8.0 ] },
						"down": { "texture": "#log", "uv": [ 7.0, 7.5, 7.5, 8.0 ] }
					},
					"children": [
						{
							"name": "Cube6-snow",
							"from": [ 0.0, 0.51, 0.0 ],
							"to": [ 0.5, 2.51, 0.5 ],
							"shade": false,
							"rotationOrigin": [ 1.2, 1.9, 11.8 ],
							"faces": {
								"north": { "texture": "#snowcover", "uv": [ 4.0, 7.0, 4.5, 9.0 ] },
								"east": { "texture": "#snowcover", "uv": [ 5.5, 7.5, 6.0, 9.5 ] },
								"south": { "texture": "#snowcover", "uv": [ 5.0, 9.0, 5.5, 11.0 ] },
								"west": { "texture": "#snowcover", "uv": [ 5.0, 7.5, 5.5, 9.5 ] },
								"up": { "texture": "#snowcover", "uv": [ 5.0, 7.5, 5.5, 8.0 ] },
								"down": { "texture": "#snowcover", "uv": [ 7.0, 7.5, 7.5, 8.0 ] }
							}
						}
					]
				},
				{
					"name": "Cube7",
					"from": [ 0.0, 0.0, 0.0 ],
					"to": [ 1.0, 1.0, 2.0 ],
					"shade": false,
					"faces": {
						"north": { "texture": "#log", "uv": [ 6.0, 8.0, 7.0, 9.0 ] },
						"east": { "texture": "#log", "uv": [ 4.5, 6.0, 5.5, 8.0 ], "rotation": 90 },
						"south": { "texture": "#log", "uv": [ 0.0, 0.0, 1.0, 1.0 ] },
						"west": { "texture": "#log", "uv": [ 6.5, 3.5, 7.5, 5.5 ], "rotation": 90 },
						"up": { "texture": "#log", "uv": [ 5.0, 7.5, 6.0, 9.5 ] },
						"down": { "texture": "#log", "uv": [ 0.0, 0.0, 1.0, 2.0 ] }
					},
					"children": [
						{
							"name": "Cube7-snow",
							"from": [ 0.0, 1.01, 0.0 ],
							"to": [ 1.0, 3.01, 2.0 ],
							"shade": false,
							"faces": {
								"north": { "texture": "#snowcover", "uv": [ 6.0, 8.0, 7.0, 10.0 ] },
								"east": { "texture": "#snowcover", "uv": [ 4.5, 6.0, 6.5, 8.0 ], "rotation": 90 },
								"south": { "texture": "#snowcover", "uv": [ 0.0, 0.0, 1.0, 2.0 ] },
								"west": { "texture": "#snowcover", "uv": [ 6.5, 3.5, 8.5, 5.5 ], "rotation": 90 },
								"up": { "texture": "#snowcover", "uv": [ 5.0, 7.5, 6.0, 9.5 ] },
								"down": { "texture": "#snowcover", "uv": [ 0.0, 0.0, 1.0, 2.0 ] }
							}
						}
					]
				},
				{
					"name": "Cube8",
					"from": [ 1.0, 0.0, -1.0 ],
					"to": [ 1.5, 0.5, 2.0 ],
					"shade": false,
					"rotationOrigin": [ 1.0, 0.0, -1.0 ],
					"faces": {
						"north": { "texture": "#log", "uv": [ 4.5, 6.5, 5.0, 7.0 ] },
						"east": { "texture": "#log", "uv": [ 6.5, 10.5, 7.0, 13.5 ], "rotation": 90 },
						"south": { "texture": "#log", "uv": [ 4.5, 7.0, 5.0, 7.5 ] },
						"west": { "texture": "#log", "uv": [ 3.5, 6.5, 4.0, 9.5 ], "rotation": 90 },
						"up": { "texture": "#log", "uv": [ 7.5, 6.5, 8.0, 9.5 ] },
						"down": { "texture": "#log", "uv": [ 0.0, 0.0, 0.5, 3.0 ] }
					},
					"children": [
						{
							"name": "Cube8-snow",
							"from": [ 0.0, 0.51, 0.0 ],
							"to": [ 0.5, 2.51, 3.0 ],
							"shade": false,
							"rotationOrigin": [ 1.0, 0.0, -1.0 ],
							"faces": {
								"north": { "texture": "#snowcover", "uv": [ 4.5, 6.5, 5.0, 8.5 ] },
								"east": { "texture": "#snowcover", "uv": [ 6.5, 10.5, 8.5, 13.5 ], "rotation": 90 },
								"south": { "texture": "#snowcover", "uv": [ 4.5, 7.0, 5.0, 9.0 ] },
								"west": { "texture": "#snowcover", "uv": [ 3.5, 6.5, 5.5, 9.5 ], "rotation": 90 },
								"up": { "texture": "#snowcover", "uv": [ 7.5, 6.5, 8.0, 9.5 ] },
								"down": { "texture": "#snowcover", "uv": [ 0.0, 0.0, 0.5, 3.0 ] }
							}
						}
					]
				},
				{
					"name": "Cube9",
					"from": [ 0.5, 1.0, 1.0 ],
					"to": [ 1.0, 1.5, 2.0 ],
					"shade": false,
					"rotationOrigin": [ 0.5, 1.0, 1.0 ],
					"faces": {
						"north": { "texture": "#log", "uv": [ 5.0, 6.5, 5.5, 7.0 ] },
						"east": { "texture": "#log", "uv": [ 4.5, 6.0, 5.5, 6.5 ] },
						"south": { "texture": "#log", "uv": [ 5.5, 7.0, 6.0, 7.5 ] },
						"west": { "texture": "#log", "uv": [ 4.5, 7.0, 5.5, 7.5 ] },
						"up": { "texture": "#log", "uv": [ 4.5, 10.0, 5.0, 11.0 ] },
						"down": { "texture": "#log", "uv": [ 5.5, 6.5, 6.0, 7.5 ] }
					},
					"children": [
						{
							"name": "Cube9-snow",
							"from": [ 0.0, 0.51, 0.0 ],
							"to": [ 0.5, 2.51, 1.0 ],
							"shade": false,
							"rotationOrigin": [ 0.5, 1.0, 1.0 ],
							"faces": {
								"north": { "texture": "#snowcover", "uv": [ 5.0, 6.5, 5.5, 8.5 ] },
								"east": { "texture": "#snowcover", "uv": [ 4.5, 6.0, 5.5, 8.0 ] },
								"south": { "texture": "#snowcover", "uv": [ 5.5, 7.0, 6.0, 9.0 ] },
								"west": { "texture": "#snowcover", "uv": [ 4.5, 7.0, 5.5, 9.0 ] },
								"up": { "texture": "#snowcover", "uv": [ 4.5, 10.0, 5.0, 11.0 ] },
								"down": { "texture": "#snowcover", "uv": [ 5.5, 6.5, 6.0, 7.5 ] }
							}
						}
					]
				},
				{
					"name": "Cube10",
					"from": [ 1.0, 0.5, 1.5 ],
					"to": [ 1.5, 1.0, 2.0 ],
					"shade": false,
					"rotationOrigin": [ 1.0, 0.5, 1.5 ],
					"faces": {
						"north": { "texture": "#log", "uv": [ 5.5, 7.5, 6.0, 8.0 ] },
						"east": { "texture": "#log", "uv": [ 6.0, 4.5, 6.5, 5.0 ] },
						"south": { "texture": "#log", "uv": [ 6.0, 7.5, 6.5, 8.0 ] },
						"west": { "texture": "#log", "uv": [ 5.0, 9.5, 5.5, 10.0 ] },
						"up": { "texture": "#log", "uv": [ 5.5, 10.0, 6.0, 10.5 ] },
						"down": { "texture": "#log", "uv": [ 5.5, 7.0, 6.0, 7.5 ] }
					},
					"children": [
						{
							"name": "Cube10-snow",
							"from": [ 0.0, 0.51, 0.0 ],
							"to": [ 0.5, 2.51, 0.5 ],
							"shade": false,
							"rotationOrigin": [ 1.0, 0.5, 1.5 ],
							"faces": {
								"north": { "texture": "#snowcover", "uv": [ 5.5, 7.5, 6.0, 9.5 ] },
								"east": { "texture": "#snowcover", "uv": [ 6.0, 4.5, 6.5, 6.5 ] },
								"south": { "texture": "#snowcover", "uv": [ 6.0, 7.5, 6.5, 9.5 ] },
								"west": { "texture": "#snowcover", "uv": [ 5.0, 9.5, 5.5, 11.5 ] },
								"up": { "texture": "#snowcover", "uv": [ 5.5, 10.0, 6.0, 10.5 ] },
								"down": { "texture": "#snowcover", "uv": [ 5.5, 7.0, 6.0, 7.5 ] }
							}
						}
					]
				},
				{
					"name": "Cube3snow",
					"from": [ -0.03, 1.6, 6.0 ],
					"to": [ 1.47, 3.1, 10.0 ],
					"shade": false,
					"rotationOrigin": [ 0.0, 1.6, 6.0 ],
					"rotationX": -15.0,
					"rotationY": 18.0,
					"faces": {
						"north": { "texture": "#log", "uv": [ 0.0, 0.0, 1.5, 1.5 ] },
						"east": { "texture": "#log", "uv": [ 10.0, 1.8, 11.5, 5.0 ], "rotation": 90, "autoUv": false },
						"south": { "texture": "#log", "uv": [ 1.5, 0.0, 3.0, 1.5 ] },
						"west": { "texture": "#log", "uv": [ 9.0, 5.0, 10.5, 9.0 ], "rotation": 90 },
						"up": { "texture": "#log", "uv": [ 9.5, 10.5, 11.0, 14.5 ] },
						"down": { "texture": "#log", "uv": [ 11.5, 6.0, 13.0, 10.0 ] }
					}
				}
			]
		},
		{
			"name": "Cube11",
			"from": [ 14.0, 7.4, 19.0 ],
			"to": [ 15.0, 8.4, 20.0 ],
			"shade": false,
			"rotationOrigin": [ 14.0, 7.4, 19.0 ],
			"rotationY": 148.0,
			"rotationZ": -43.0,
			"faces": {
			},
			"children": [
				{
					"name": "Cube12",
					"from": [ 10.0, 0.0, 4.0 ],
					"to": [ 11.0, 1.0, 11.0 ],
					"shade": false,
					"rotationOrigin": [ 10.0, 0.0, 4.0 ],
					"faces": {
						"north": { "texture": "#log", "uv": [ 4.5, 8.0, 5.5, 9.0 ] },
						"east": { "texture": "#log", "uv": [ 10.5, 4.5, 11.5, 11.5 ], "rotation": 90 },
						"south": { "texture": "#log", "uv": [ 5.0, 6.0, 6.0, 7.0 ] },
						"west": { "texture": "#log", "uv": [ 7.0, 0.0, 8.0, 7.0 ], "rotation": 90 },
						"up": { "texture": "#log", "uv": [ 10.5, 2.5, 11.5, 9.5 ] },
						"down": { "texture": "#log", "uv": [ 9.5, 1.0, 10.5, 8.0 ] }
					},
					"children": [
						{
							"name": "Cube12-snow",
							"from": [ 0.0, 1.01, 0.0 ],
							"to": [ 1.0, 3.01, 7.0 ],
							"shade": false,
							"rotationOrigin": [ 10.0, 0.0, 4.0 ],
							"faces": {
								"north": { "texture": "#snowcover", "uv": [ 4.5, 8.0, 5.5, 10.0 ] },
								"east": { "texture": "#snowcover", "uv": [ 10.5, 4.5, 12.5, 11.5 ], "rotation": 90 },
								"south": { "texture": "#snowcover", "uv": [ 5.0, 6.0, 6.0, 8.0 ] },
								"west": { "texture": "#snowcover", "uv": [ 7.0, 0.0, 9.0, 7.0 ], "rotation": 90 },
								"up": { "texture": "#snowcover", "uv": [ 10.5, 2.5, 11.5, 9.5 ] },
								"down": { "texture": "#snowcover", "uv": [ 9.5, 1.0, 10.5, 8.0 ] }
							}
						}
					]
				},
				{
					"name": "Cube13",
					"from": [ 10.0, 0.0, 6.5 ],
					"to": [ 11.0, 1.0, 11.5 ],
					"shade": false,
					"rotationOrigin": [ 10.0, 0.0, 6.5 ],
					"rotationX": -31.0,
					"rotationY": 29.0,
					"faces": {
						"north": { "texture": "#log", "uv": [ 0.0, 0.0, 1.0, 1.0 ] },
						"east": { "texture": "#log", "uv": [ 9.5, 2.0, 10.5, 7.0 ], "rotation": 90 },
						"south": { "texture": "#log", "uv": [ 0.0, 0.0, 1.0, 1.0 ] },
						"west": { "texture": "#log", "uv": [ 12.5, 1.0, 13.5, 6.0 ], "rotation": 90 },
						"up": { "texture": "#log", "uv": [ 10.0, 8.5, 11.0, 13.5 ] },
						"down": { "texture": "#log", "uv": [ 12.0, 2.5, 13.0, 7.5 ] }
					}
				},
				{
					"name": "Cube14",
					"from": [ 12.4, 2.0, 9.3 ],
					"to": [ 12.9, 2.6, 14.3 ],
					"shade": false,
					"rotationOrigin": [ 12.4, 2.0, 9.3 ],
					"rotationX": -16.0,
					"rotationY": 15.0,
					"faces": {
						"north": { "texture": "#log", "uv": [ 0.0, 0.0, 0.5, 0.5 ] },
						"east": { "texture": "#log", "uv": [ 11.5, 4.0, 12.0, 9.0 ], "rotation": 90 },
						"south": { "texture": "#log", "uv": [ 4.5, 8.0, 5.0, 8.5 ] },
						"west": { "texture": "#log", "uv": [ 10.5, 5.5, 11.0, 10.5 ], "rotation": 90 },
						"up": { "texture": "#log", "uv": [ 12.0, 5.5, 12.5, 10.5 ] },
						"down": { "texture": "#log", "uv": [ 12.5, 5.5, 13.0, 10.5 ] }
					}
				},
				{
					"name": "Cube15",
					"from": [ 10.0, 0.0, 2.0 ],
					"to": [ 10.5, 0.5, 4.0 ],
					"shade": false,
					"rotationOrigin": [ 10.0, 0.0, 2.0 ],
					"faces": {
						"north": { "texture": "#log", "uv": [ 6.5, 8.5, 7.0, 9.0 ] },
						"east": { "texture": "#log", "uv": [ 5.0, 8.0, 7.0, 8.5 ] },
						"south": { "texture": "#log", "uv": [ 0.0, 0.0, 0.5, 0.5 ] },
						"west": { "texture": "#log", "uv": [ 4.0, 3.0, 4.5, 5.0 ], "rotation": 90 },
						"up": { "texture": "#log", "uv": [ 5.5, 5.5, 6.0, 7.5 ] },
						"down": { "texture": "#log", "uv": [ 11.5, 2.5, 12.0, 4.5 ] }
					},
					"children": [
						{
							"name": "Cube15-snow",
							"from": [ 0.0, 0.51, 0.0 ],
							"to": [ 0.5, 2.51, 2.0 ],
							"shade": false,
							"rotationOrigin": [ 10.0, 0.0, 2.0 ],
							"faces": {
								"north": { "texture": "#snowcover", "uv": [ 6.5, 8.5, 7.0, 10.5 ] },
								"east": { "texture": "#snowcover", "uv": [ 5.0, 8.0, 7.0, 10.0 ] },
								"south": { "texture": "#snowcover", "uv": [ 0.0, 0.0, 0.5, 2.0 ] },
								"west": { "texture": "#snowcover", "uv": [ 4.0, 3.0, 6.0, 5.0 ], "rotation": 90 },
								"up": { "texture": "#snowcover", "uv": [ 5.5, 5.5, 6.0, 7.5 ] },
								"down": { "texture": "#snowcover", "uv": [ 11.5, 2.5, 12.0, 4.5 ] }
							}
						}
					]
				},
				{
					"name": "Cube16",
					"from": [ 10.5, 0.0, 3.0 ],
					"to": [ 11.0, 0.5, 4.0 ],
					"shade": false,
					"rotationOrigin": [ 10.5, 0.0, 3.0 ],
					"faces": {
						"north": { "texture": "#log", "uv": [ 5.5, 8.5, 6.0, 9.0 ] },
						"east": { "texture": "#log", "uv": [ 3.5, 8.0, 4.5, 8.5 ] },
						"south": { "texture": "#log", "uv": [ 4.0, 9.0, 4.5, 9.5 ] },
						"west": { "texture": "#log", "uv": [ 9.0, 5.5, 10.0, 6.0 ] },
						"up": { "texture": "#log", "uv": [ 4.5, 6.5, 5.0, 7.5 ] },
						"down": { "texture": "#log", "uv": [ 0.0, 0.0, 0.5, 1.0 ] }
					},
					"children": [
						{
							"name": "Cube16-snow",
							"from": [ 0.0, 0.51, 0.0 ],
							"to": [ 0.5, 2.51, 1.0 ],
							"shade": false,
							"rotationOrigin": [ 10.5, 0.0, 3.0 ],
							"faces": {
								"north": { "texture": "#snowcover", "uv": [ 5.5, 8.5, 6.0, 10.5 ] },
								"east": { "texture": "#snowcover", "uv": [ 3.5, 8.0, 4.5, 10.0 ] },
								"south": { "texture": "#snowcover", "uv": [ 4.0, 9.0, 4.5, 11.0 ] },
								"west": { "texture": "#snowcover", "uv": [ 9.0, 5.5, 10.0, 7.5 ] },
								"up": { "texture": "#snowcover", "uv": [ 4.5, 6.5, 5.0, 7.5 ] },
								"down": { "texture": "#snowcover", "uv": [ 0.0, 0.0, 0.5, 1.0 ] }
							}
						}
					]
				},
				{
					"name": "Cube17",
					"from": [ 10.0, 0.5, 3.4 ],
					"to": [ 10.5, 1.0, 4.0 ],
					"rotationOrigin": [ 10.0, 0.5, 3.4 ],
					"faces": {
						"north": { "texture": "#log", "uv": [ 4.0, 7.0, 4.5, 7.5 ] },
						"east": { "texture": "#log", "uv": [ 6.0, 6.5, 6.5, 7.0 ] },
						"south": { "texture": "#log", "uv": [ 7.0, 10.0, 7.5, 10.5 ] },
						"west": { "texture": "#log", "uv": [ 6.5, 9.0, 7.0, 9.5 ] },
						"up": { "texture": "#log", "uv": [ 4.0, 6.5, 4.5, 7.0 ] },
						"down": { "texture": "#log", "uv": [ 4.0, 7.0, 4.5, 7.5 ] }
					},
					"children": [
						{
							"name": "Cube17-snow",
							"from": [ 0.0, 0.51, 0.0 ],
							"to": [ 0.5, 2.51, 0.6 ],
							"rotationOrigin": [ 10.0, 0.5, 3.4 ],
							"faces": {
								"north": { "texture": "#snowcover", "uv": [ 4.0, 7.0, 4.5, 9.0 ] },
								"east": { "texture": "#snowcover", "uv": [ 6.0, 6.5, 6.5, 8.5 ] },
								"south": { "texture": "#snowcover", "uv": [ 7.0, 10.0, 7.5, 12.0 ] },
								"west": { "texture": "#snowcover", "uv": [ 6.5, 9.0, 7.0, 11.0 ] },
								"up": { "texture": "#snowcover", "uv": [ 4.0, 6.5, 4.5, 7.0 ] },
								"down": { "texture": "#snowcover", "uv": [ 4.0, 7.0, 4.5, 7.5 ] }
							}
						}
					]
				},
				{
					"name": "Cube18",
					"from": [ 10.0, 0.0, 11.0 ],
					"to": [ 11.0, 0.5, 14.0 ],
					"shade": false,
					"rotationOrigin": [ 10.0, 0.0, 11.0 ],
					"faces": {
						"north": { "texture": "#log", "uv": [ 0.0, 0.0, 1.0, 0.5 ] },
						"east": { "texture": "#log", "uv": [ 3.0, 3.0, 3.5, 6.0 ], "rotation": 90 },
						"south": { "texture": "#log", "uv": [ 6.5, 9.5, 7.5, 10.0 ] },
						"west": { "texture": "#log", "uv": [ 2.5, 0.0, 3.0, 3.0 ], "rotation": 90 },
						"up": { "texture": "#log", "uv": [ 6.0, 6.5, 7.0, 9.5 ] },
						"down": { "texture": "#log", "uv": [ 7.5, 3.5, 8.5, 6.5 ] }
					},
					"children": [
						{
							"name": "Cube18-snow",
							"from": [ 0.0, 0.51, 0.0 ],
							"to": [ 1.0, 2.51, 3.0 ],
							"shade": false,
							"rotationOrigin": [ 10.0, 0.0, 11.0 ],
							"faces": {
								"north": { "texture": "#snowcover", "uv": [ 0.0, 0.0, 1.0, 2.0 ] },
								"east": { "texture": "#snowcover", "uv": [ 3.0, 3.0, 5.0, 6.0 ], "rotation": 90 },
								"south": { "texture": "#snowcover", "uv": [ 6.5, 9.5, 7.5, 11.5 ] },
								"west": { "texture": "#snowcover", "uv": [ 2.5, 0.0, 4.5, 3.0 ], "rotation": 90 },
								"up": { "texture": "#snowcover", "uv": [ 6.0, 6.5, 7.0, 9.5 ] },
								"down": { "texture": "#snowcover", "uv": [ 7.5, 3.5, 8.5, 6.5 ] }
							}
						}
					]
				},
				{
					"name": "Cube19",
					"from": [ 10.0, 0.5, 11.0 ],
					"to": [ 10.5, 1.0, 13.0 ],
					"shade": false,
					"rotationOrigin": [ 10.0, 0.5, 11.0 ],
					"faces": {
						"north": { "texture": "#log", "uv": [ 0.0, 0.0, 0.5, 0.5 ] },
						"east": { "texture": "#log", "uv": [ 5.0, 8.5, 7.0, 9.0 ] },
						"south": { "texture": "#log", "uv": [ 4.0, 8.0, 4.5, 8.5 ] },
						"west": { "texture": "#log", "uv": [ 6.5, 10.5, 7.0, 12.5 ], "rotation": 90 },
						"up": { "texture": "#log", "uv": [ 4.5, 3.5, 5.0, 5.5 ] },
						"down": { "texture": "#log", "uv": [ 0.0, 0.0, 0.5, 2.0 ] }
					},
					"children": [
						{
							"name": "Cube19-snow",
							"from": [ 0.0, 0.51, 0.0 ],
							"to": [ 0.5, 2.51, 2.0 ],
							"shade": false,
							"rotationOrigin": [ 10.0, 0.5, 11.0 ],
							"faces": {
								"north": { "texture": "#snowcover", "uv": [ 0.0, 0.0, 0.5, 2.0 ] },
								"east": { "texture": "#snowcover", "uv": [ 5.0, 8.5, 7.0, 10.5 ] },
								"south": { "texture": "#snowcover", "uv": [ 4.0, 8.0, 4.5, 10.0 ] },
								"west": { "texture": "#snowcover", "uv": [ 6.5, 10.5, 8.5, 12.5 ], "rotation": 90 },
								"up": { "texture": "#snowcover", "uv": [ 4.5, 3.5, 5.0, 5.5 ] },
								"down": { "texture": "#snowcover", "uv": [ 0.0, 0.0, 0.5, 2.0 ] }
							}
						}
					]
				},
				{
					"name": "Cube20",
					"from": [ 13.68, 3.33, 13.95 ],
					"to": [ 14.18, 3.73, 14.45 ],
					"shade": false,
					"rotationOrigin": [ 13.7, 3.3, 13.9 ],
					"rotationX": -16.0,
					"rotationY": 15.0,
					"faces": {
						"north": { "texture": "#log", "uv": [ 0.0, 0.0, 0.5, 0.5 ] },
						"east": { "texture": "#log", "uv": [ 0.0, 0.0, 0.5, 0.5 ] },
						"south": { "texture": "#log", "uv": [ 6.5, 9.5, 7.0, 10.0 ] },
						"west": { "texture": "#log", "uv": [ 3.5, 6.5, 4.0, 7.0 ] },
						"up": { "texture": "#log", "uv": [ 6.0, 8.5, 6.5, 9.0 ] },
						"down": { "texture": "#log", "uv": [ 6.5, 6.0, 7.0, 6.5 ] }
					}
				}
			]
		}
	]}