{
	"inheritFrom": "blocktypes/wood/typed/log-half-corner",
	"code": "loghalf",
	"variantgroups": [
		{ "code": "type", "states": [ "barkedcorner", "debarkedcorner" ] },
		{ "code": "wood", "loadFromProperties": "wildcrafttree:block/wood" },
		{ "code":"side", "loadFromProperties": "game:abstract/horizontalorientation" }
	],
	"texturesByType": {
		"loghalf-barkedcorner-*": {
			"bark": { "base": "wildcrafttree:block/wood/bark/{wood}", "rotation": 90  },
			"barkup": { "base": "wildcrafttree:block/wood/bark/{wood}", "rotation": 90  },
			"core": { "base": "wildcrafttree:block/wood/treetrunk/{wood}*" },
			"ends": { "base": "wildcrafttree:block/wood/treetrunk/{wood}*" }
		},
		"loghalf-debarkedcorner-*": {
			"bark": { "base": "game:block/wood/debarked/{wood}*", "rotation": 180  },
			"barkup": { "base": "game:block/wood/debarked/{wood}*", "rotation": 180  },
			"core": { "base": "wildcrafttree:block/wood/treetrunk/{wood}*" },
			"ends": { "base": "wildcrafttree:block/wood/treetrunk/{wood}*" }
		}
	},
	"combustiblePropsByType": {
		"loghalf-*-petrified-*": null,
		"loghalf-*-bearnut-*": {
			"burnTemperature": 800,
			"burnDuration": 78,
		},
		"loghalf-*-saxaul-*": {
			"burnTemperature": 800,
			"burnDuration": 98,
		},
		"loghalf-*-elm-*": {
			"burnTemperature": 800,
			"burnDuration": 98,
		},
		"loghalf-*-sapele-*": {
			"burnTemperature": 800,
			"burnDuration": 98,
		},
		"loghalf-*-tigerwood-*": {
			"burnTemperature": 800,
			"burnDuration": 98,
		},
		"loghalf-*-tamanu-*": {
			"burnTemperature": 800,
			"burnDuration": 98,
		},
		"loghalf-*-dalbergia-*": {
			"burnTemperature": 800,
			"burnDuration": 110,
		},
		"loghalf-*-umnini-*": {
			"burnTemperature": 800,
			"burnDuration": 110,
		},
		"loghalf-*-leadwood-*": {
			"burnTemperature": 800,
			"burnDuration": 110,
		},
		"loghalf-*-yew-*": {
			"burnTemperature": 800,
			"burnDuration": 110,
		},
		"loghalf-*-tuja-*": {
			"burnTemperature": 800,
			"burnDuration": 110,
		},
		"loghalf-*-redcedar-*": {
			"burnTemperature": 800,
			"burnDuration": 110,
		},
		"loghalf-*-kauri-*": {
			"burnTemperature": 800,
			"burnDuration": 110,
		},
		"loghalf-*-cedar-*": {
			"burnTemperature": 800,
			"burnDuration": 60,
		},
		"loghalf-*-willow-*": {
			"burnTemperature": 700,
			"burnDuration": 70,
		},
		"loghalf-*-mangrove-*": {
			"burnTemperature": 700,
			"burnDuration": 70,
		},
		"loghalf-*-spurgetree-*": {
			"burnTemperature": 700,
			"burnDuration": 66,
		},
		"loghalf-*-guajacum-*": {
			"burnTemperature": 800,
			"burnDuration": 79,
		},
		"loghalf-*-eucalyptus-*": {
			"burnTemperature": 800,
			"burnDuration": 68,
		},
		"loghalf-*-douglasfir-*": {
			"burnTemperature": 800,
			"burnDuration": 68,
		},
		"loghalf-*-fir-*": {
			"burnTemperature": 800,
			"burnDuration": 68,
		},
		"loghalf-*-beech-*": {
			"burnTemperature": 800,
			"burnDuration": 89,
		},
		"loghalf-*-ash-*": {
			"burnTemperature": 800,
			"burnDuration": 89,
		},
		"loghalf-*-catalpa-*": {
			"burnTemperature": 800,
			"burnDuration": 54,
		},
		"loghalf-*-sal-*": {
			"burnTemperature": 800,
			"burnDuration": 54,
		},
		"loghalf-*-satinash-*": {
			"burnTemperature": 800,
			"burnDuration": 54,
		},
		"loghalf-*-banyan-*": {
			"burnTemperature": 800,
			"burnDuration": 58,
		},
		"loghalf-*-poplar-*": {
			"burnTemperature": 800,
			"burnDuration": 79,
		},
		"loghalf-*-empresstree-*": {
			"burnTemperature": 700,
			"burnDuration": 92,
		},
		"loghalf-*-honeylocust-*": {
			"burnTemperature": 700,
			"burnDuration": 92,
		},
		"loghalf-*-chlorociboria-*": {
			"burnTemperature": 700,
			"burnDuration": 40,
		},
		"*": {
			"burnTemperature": 800,
			"burnDuration": 72,
		}
	}
}