﻿{
	code: "dressing",
	class: "ExpandedLiquid",
	matterState: "liquid",
	variantgroups: [
		{ code: "type", states: ["salad"] },
	],
	attributes: {
		handbook: {
			ignoreCreativeInvStacks: true
		},
		inBowlShape: { base: "game:block/meal/liquid" },
		waterTightContainerProps: {
			containable: true,
			itemsPerLitre: 100,
			texture: { base: "item/liquid/dressing/{type}" },
			allowSpill: true,
			whenSpilled: {
				action: "DropContents",
				stack: {
					type: "item",
					code: "expandedfoods:dressing-{type}"
				}
			},
			nutritionPropsPerLitre: { saturation: 0, foodcategory: "NoNutrition" },
		},
		"expandedNutritionProps": {
      		"game:vinegarportion" : { saturation: 4, foodcategory: "Fruit" },
			"aculinaryartillery:eggwhiteportion": { saturation: 3, foodcategory: "Protein"},
    		"expandedfoods:foodoilportion-*" : { saturation: 6.4, "health": 0.1, foodcategory: "Fruit" },
			"game:salt": { saturation: 10, health: 0.5, foodcategory: "Fruit"	},
      		"game:honeyportion" : { saturation: 3, "health": 0.1, foodcategory: "Fruit" },
      		"expandedfoods:treesyrupportion-*" : { saturation: 6.4, "health": 0.1, foodcategory: "Fruit" },
		},
	},
	shape: { base: "game:item/liquid" },
	texture: { base: "item/liquid/dressing/{type}" },
	creativeinventoryStacks: [ { tabs: ["general", "liquids", "expandedfoods"], stacks: [ { type: "block", code: "game:woodbucket", attributes: { ucontents: [ { type:"item", code: "expandedfoods:dressing-{type}", makefull: true } ] } } ] } ],
	maxstacksize: 5000,
	materialDensity: 200,
	nutritionProps: { saturation: 0, foodcategory: "NoNutrition" },
	transitionablePropsByType: {
		"*":[{
    			type: "Perish",
				freshHours: { avg: 2190 },
				transitionHours: { avg: 220 },
    			transitionedStack: { type: "item", code: "game:rot" },
				transitionRatio: 0.005
  		}],
	},
	guiTransform: {
		rotation: { x: 128, y: 40, z: 7 },
		origin: { x: 0.5, y: 0, z: 0.5 },
		scale: 1.4
	},
	tpHandTransform: {
		translation: { x: -1.5, y: -1, z: -1.4 },
	},
}
