{
	code: "peanutliquid",
	classByType: { "*-butter": "ExpandedLiquid", "*-sauce": "ExpandedLiquid", "*-paste": "ItemLiquidPortion"},
	matterState: "liquid",
	variantgroups: [
		{ code: "type", states: ["paste", "butter", "sauce"] },
	],
	attributes: {
		handbook: {
			ignoreCreativeInvStacks: true
		},
		inBowlShape: { base: "game:block/meal/liquid" },
		waterTightContainerProps: {
			containable: true,
			itemsPerLitre: 100,
			texture: { base: "item/food/peanut/{type}" },
			allowSpill: true,
			whenSpilled: {
				action: "DropContents",
				stack: {
					type: "item",
					code: "expandedfoods:peanutliquid-{type}"
				}
			},
			nutritionPropsPerLitreByType: {
				"*-paste":  {	saturation: 3200, foodcategory: "Protein" },
				"*":  {	saturation: 0, foodcategory: "Protein" },
			}
		},
		"expandedNutritionPropsByType": {
			"*-sauce": {
				"expandedfoods:peanutliquid-paste": { saturation: 16, foodcategory: "Protein" },
				"game:salt": { saturation: 10, health: 0.5, foodcategory: "Protein"	},
      			"game:honeyportion" : { saturation: 2, foodcategory: "Fruit" },
      			"expandedfoods:fruitsyrupportion-saguaro" : { saturation: 6, "health": 0.2, foodcategory: "Fruit" }, 
      			"expandedfoods:fruitsyrupportion-*" : { saturation: 6, "health": 0.1, foodcategory: "Fruit" },
      			"expandedfoods:wildfruitsyrupportion-*" : { saturation: 6, "health": 0.1, foodcategory: "Fruit" },
      			"expandedfoods:wildtreefruitsyrupportion-*" : { saturation: 6, "health": 0.1, foodcategory: "Fruit" },
      			"expandedfoods:treesyrupportion-*" : { saturation: 4.8, "health": 0.1, foodcategory: "Fruit" }, 
      			"expandedfoods:soysauce" : { saturation: 3, health: 0.1, foodcategory: "Protein" },
			},
			"*-butter": {
				"expandedfoods:peanutliquid-paste": { saturation: 24, foodcategory: "Protein" },
				"game:salt": { saturation: 10, health: 0.5, foodcategory: "Protein"	},
      			"game:honeyportion" : { saturation: 3, foodcategory: "Fruit" },
      			"expandedfoods:fruitsyrupportion-saguaro" : { saturation: 9, "health": 0.2, foodcategory: "Fruit" }, 
      			"expandedfoods:fruitsyrupportion-*" : { saturation: 9, "health": 0.1, foodcategory: "Fruit" },
      			"expandedfoods:wildfruitsyrupportion-*" : { saturation: 9, "health": 0.1, foodcategory: "Fruit" },
      			"expandedfoods:wildtreefruitsyrupportion-*" : { saturation: 9, "health": 0.1, foodcategory: "Fruit" },
      			"expandedfoods:treesyrupportion-*" : { saturation: 7.2, "health": 0.1, foodcategory: "Fruit" }, 
      			"expandedfoods:foodoilportion-*" : { saturation: 4.5, "health": 0.1, foodcategory: "Vegetable" }, 
			},
		},
	},
	shape: { base: "game:item/liquid" },
	texture: { base: "item/food/peanut/{type}" },
	creativeinventoryStacks: [ { tabs: ["general", "liquids", "expandedfoods"], stacks: [ { type: "block", code: "game:woodbucket", attributes: { ucontents: [ { type:"item", code: "expandedfoods:peanutliquid-{type}", makefull: true } ] } } ] } ],
	maxstacksize: 5000,
	materialDensity: 200,
	nutritionPropsByType: {
		"*-paste": { saturation: 32, foodcategory: "Protein" },
		"*": { saturation: 0, foodcategory: "Protein" }
	},
	transitionablePropsByType: {
		"*-butter":[{
    			type: "Perish",
				freshHours: { avg: 4380 },
				transitionHours: { avg: 438 },
    			transitionedStack: { type: "item", code: "game:rot" },
				transitionRatio: 0.005
  		}],
		"*":[{
    			type: "Perish",
				freshHours: { avg: 2190 },
				transitionHours: { avg: 220 },
    			transitionedStack: { type: "item", code: "game:rot" },
				transitionRatio: 0.005
  		}],
	},
	guiTransform: {
		rotation: { x: 128, y: 40, z: 7 },
		origin: { x: 0.5, y: 0, z: 0.5 },
		scale: 1.4
	},
	tpHandTransform: {
		translation: { x: -1.5, y: -1, z: -1.4 },
	},
}
