[
	{
		"file": "game:shapes/block/wood/pan/empty.json",
		"op": "replace",
		"path": "/textureWidth",
		"value": 32
	},
	{
		"file": "game:shapes/block/wood/pan/empty.json",
		"op": "replace",
		"path": "/textureHeight",
		"value": 32
	},
	{
		"file": "game:shapes/block/wood/pan/empty.json",
		"op": "replace",
		"path": "/textures",
		"value": {
			"sieve_pan": "game:block/wood/sieve_pan"
		}
	},
	{
		"file": "game:shapes/block/wood/pan/empty.json",
		"op": "replace",
		"path": "/elements",
		"value": [
			{
				"name": "sieve_pan",
				"from": [ 0.0, 0.0, 0.0 ],
				"to": [ 0.0, 0.0, 0.0 ],
				"rotationOrigin": [ 8.0, 0.0, 8.0 ],
				"faces": {
					"north": {
						"texture": "#sieve_pan",
						"uv": [ 0.0, 0.0, 0.0, 0.0 ]
					},
					"east": {
						"texture": "#sieve_pan",
						"uv": [ 0.0, 0.0, 0.0, 0.0 ]
					},
					"south": {
						"texture": "#sieve_pan",
						"uv": [ 0.0, 0.0, 0.0, 0.0 ]
					},
					"west": {
						"texture": "#sieve_pan",
						"uv": [ 0.0, 0.0, 0.0, 0.0 ]
					},
					"up": {
						"texture": "#sieve_pan",
						"uv": [ 0.0, 0.0, 0.0, 0.0 ]
					},
					"down": {
						"texture": "#sieve_pan",
						"uv": [ 0.0, 0.0, 0.0, 0.0 ]
					}
				},
				"children": [
					{
						"name": "cube0",
						"from": [ 4.0, 0.5, 4.0 ],
						"to": [ 5.0, 1.5, 12.0 ],
						"rotationOrigin": [ 8.0, 0.0, 8.0 ],
						"faces": {
							"north": {
								"texture": "#sieve_pan",
								"uv": [ 4.0, 14.0, 5.0, 15.0 ],
								"autoUv": false
							},
							"east": {
								"texture": "#sieve_pan",
								"uv": [ 11.0, 12.0, 19.0, 13.0 ],
								"autoUv": false
							},
							"south": {
								"texture": "#sieve_pan",
								"uv": [ 5.0, 14.0, 6.0, 15.0 ],
								"autoUv": false
							},
							"west": {
								"texture": "#sieve_pan",
								"uv": [ 11.0, 13.0, 19.0, 14.0 ],
								"autoUv": false
							},
							"up": {
								"texture": "#sieve_pan",
								"uv": [ 8.0, 19.0, 7.0, 11.0 ],
								"autoUv": false
							},
							"down": {
								"texture": "#sieve_pan",
								"uv": [ 9.0, 11.0, 8.0, 19.0 ],
								"autoUv": false
							}
						}
					},
					{
						"name": "cube1",
						"from": [ 4.5, 0.0, 4.5 ],
						"to": [ 11.5, 0.5, 11.5 ],
						"rotationOrigin": [ 8.0, 0.0, 8.0 ],
						"faces": {
							"north": {
								"texture": "#sieve_pan",
								"uv": [ 16.0, 0.0, 23.0, 0.5 ],
								"autoUv": false
							},
							"east": {
								"texture": "#sieve_pan",
								"uv": [ 16.0, 1.0, 23.0, 1.5 ],
								"autoUv": false
							},
							"south": {
								"texture": "#sieve_pan",
								"uv": [ 11.0, 16.0, 18.0, 16.5 ],
								"autoUv": false
							},
							"west": {
								"texture": "#sieve_pan",
								"uv": [ 9.0, 17.0, 16.0, 17.5 ],
								"autoUv": false
							},
							"up": {
								"texture": "#sieve_pan",
								"uv": [ 7.0, 7.0, 0.0, 0.0 ],
								"autoUv": false
							},
							"down": {
								"texture": "#sieve_pan",
								"uv": [ 7.0, 7.0, 0.0, 14.0 ],
								"autoUv": false
							}
						}
					},
					{
						"name": "cube2",
						"from": [ 11.0, 0.5, 4.0 ],
						"to": [ 12.0, 1.5, 12.0 ],
						"rotationOrigin": [ 8.0, 0.0, 8.0 ],
						"faces": {
							"north": {
								"texture": "#sieve_pan",
								"uv": [ 6.0, 14.0, 7.0, 15.0 ],
								"autoUv": false
							},
							"east": {
								"texture": "#sieve_pan",
								"uv": [ 11.0, 14.0, 19.0, 15.0 ],
								"autoUv": false
							},
							"south": {
								"texture": "#sieve_pan",
								"uv": [ 2.0, 15.0, 3.0, 16.0 ],
								"autoUv": false
							},
							"west": {
								"texture": "#sieve_pan",
								"uv": [ 11.0, 15.0, 19.0, 16.0 ],
								"autoUv": false
							},
							"up": {
								"texture": "#sieve_pan",
								"uv": [ 1.0, 22.0, 0.0, 14.0 ],
								"autoUv": false
							},
							"down": {
								"texture": "#sieve_pan",
								"uv": [ 2.0, 14.0, 1.0, 22.0 ],
								"autoUv": false
							}
						}
					},
					{
						"name": "cube3",
						"from": [ 5.0, 0.5, 11.0 ],
						"to": [ 11.0, 1.5, 12.0 ],
						"rotationOrigin": [ 8.0, 0.0, 8.0 ],
						"faces": {
							"north": {
								"texture": "#sieve_pan",
								"uv": [ 16.0, 17.0, 22.0, 18.0 ],
								"autoUv": false
							},
							"east": {
								"texture": "#sieve_pan",
								"uv": [ 3.0, 15.0, 4.0, 16.0 ],
								"autoUv": false
							},
							"south": {
								"texture": "#sieve_pan",
								"uv": [ 18.0, 2.0, 24.0, 3.0 ],
								"autoUv": false
							},
							"west": {
								"texture": "#sieve_pan",
								"uv": [ 4.0, 15.0, 5.0, 16.0 ],
								"autoUv": false
							},
							"up": {
								"texture": "#sieve_pan",
								"uv": [ 24.0, 4.0, 18.0, 3.0 ],
								"autoUv": false
							},
							"down": {
								"texture": "#sieve_pan",
								"uv": [ 24.0, 4.0, 18.0, 5.0 ],
								"autoUv": false
							}
						}
					},
					{
						"name": "cube4",
						"from": [ 5.0, 0.5, 4.0 ],
						"to": [ 11.0, 1.5, 5.0 ],
						"rotationOrigin": [ 8.0, 0.0, 8.0 ],
						"faces": {
							"north": {
								"texture": "#sieve_pan",
								"uv": [ 18.0, 5.0, 24.0, 6.0 ],
								"autoUv": false
							},
							"east": {
								"texture": "#sieve_pan",
								"uv": [ 5.0, 15.0, 6.0, 16.0 ],
								"autoUv": false
							},
							"south": {
								"texture": "#sieve_pan",
								"uv": [ 18.0, 6.0, 24.0, 7.0 ],
								"autoUv": false
							},
							"west": {
								"texture": "#sieve_pan",
								"uv": [ 6.0, 15.0, 7.0, 16.0 ],
								"autoUv": false
							},
							"up": {
								"texture": "#sieve_pan",
								"uv": [ 24.0, 8.0, 18.0, 7.0 ],
								"autoUv": false
							},
							"down": {
								"texture": "#sieve_pan",
								"uv": [ 15.0, 18.0, 9.0, 19.0 ],
								"autoUv": false
							}
						}
					},
					{
						"name": "cube5",
						"from": [ 12.0, 1.5, 4.0 ],
						"to": [ 13.0, 2.5, 13.0 ],
						"rotationOrigin": [ 8.0, 0.0, 8.0 ],
						"faces": {
							"north": {
								"texture": "#sieve_pan",
								"uv": [ 2.0, 14.0, 3.0, 15.0 ],
								"autoUv": false
							},
							"east": {
								"texture": "#sieve_pan",
								"uv": [ 7.0, 0.0, 16.0, 1.0 ],
								"autoUv": false
							},
							"south": {
								"texture": "#sieve_pan",
								"uv": [ 3.0, 14.0, 4.0, 15.0 ],
								"autoUv": false
							},
							"west": {
								"texture": "#sieve_pan",
								"uv": [ 7.0, 1.0, 16.0, 2.0 ],
								"autoUv": false
							},
							"up": {
								"texture": "#sieve_pan",
								"uv": [ 8.0, 11.0, 7.0, 2.0 ],
								"autoUv": false
							},
							"down": {
								"texture": "#sieve_pan",
								"uv": [ 9.0, 2.0, 8.0, 11.0 ],
								"autoUv": false
							}
						}
					},
					{
						"name": "cube6",
						"from": [ 3.0, 1.5, 12.0 ],
						"to": [ 12.0, 2.5, 13.0 ],
						"rotationOrigin": [ 8.0, 0.0, 8.0 ],
						"faces": {
							"north": {
								"texture": "#sieve_pan",
								"uv": [ 9.0, 2.0, 18.0, 3.0 ],
								"autoUv": false
							},
							"east": {
								"texture": "#sieve_pan",
								"uv": [ 2.0, 16.0, 3.0, 17.0 ],
								"autoUv": false
							},
							"south": {
								"texture": "#sieve_pan",
								"uv": [ 9.0, 3.0, 18.0, 4.0 ],
								"autoUv": false
							},
							"west": {
								"texture": "#sieve_pan",
								"uv": [ 3.0, 16.0, 4.0, 17.0 ],
								"autoUv": false
							},
							"up": {
								"texture": "#sieve_pan",
								"uv": [ 18.0, 5.0, 9.0, 4.0 ],
								"autoUv": false
							},
							"down": {
								"texture": "#sieve_pan",
								"uv": [ 18.0, 5.0, 9.0, 6.0 ],
								"autoUv": false
							}
						}
					},
					{
						"name": "cube7",
						"from": [ 3.0, 1.5, 3.0 ],
						"to": [ 4.0, 2.5, 12.0 ],
						"rotationOrigin": [ 8.0, 0.0, 8.0 ],
						"faces": {
							"north": {
								"texture": "#sieve_pan",
								"uv": [ 4.0, 16.0, 5.0, 17.0 ],
								"autoUv": false
							},
							"east": {
								"texture": "#sieve_pan",
								"uv": [ 9.0, 6.0, 18.0, 7.0 ],
								"autoUv": false
							},
							"south": {
								"texture": "#sieve_pan",
								"uv": [ 5.0, 16.0, 6.0, 17.0 ],
								"autoUv": false
							},
							"west": {
								"texture": "#sieve_pan",
								"uv": [ 9.0, 7.0, 18.0, 8.0 ],
								"autoUv": false
							},
							"up": {
								"texture": "#sieve_pan",
								"uv": [ 10.0, 17.0, 9.0, 8.0 ],
								"autoUv": false
							},
							"down": {
								"texture": "#sieve_pan",
								"uv": [ 11.0, 8.0, 10.0, 17.0 ],
								"autoUv": false
							}
						}
					},
					{
						"name": "cube8",
						"from": [ 4.0, 1.5, 3.0 ],
						"to": [ 13.0, 2.5, 4.0 ],
						"rotationOrigin": [ 8.0, 0.0, 8.0 ],
						"faces": {
							"north": {
								"texture": "#sieve_pan",
								"uv": [ 11.0, 8.0, 20.0, 9.0 ],
								"autoUv": false
							},
							"east": {
								"texture": "#sieve_pan",
								"uv": [ 6.0, 16.0, 7.0, 17.0 ],
								"autoUv": false
							},
							"south": {
								"texture": "#sieve_pan",
								"uv": [ 11.0, 9.0, 20.0, 10.0 ],
								"autoUv": false
							},
							"west": {
								"texture": "#sieve_pan",
								"uv": [ 2.0, 17.0, 3.0, 18.0 ],
								"autoUv": false
							},
							"up": {
								"texture": "#sieve_pan",
								"uv": [ 20.0, 11.0, 11.0, 10.0 ],
								"autoUv": false
							},
							"down": {
								"texture": "#sieve_pan",
								"uv": [ 20.0, 11.0, 11.0, 12.0 ],
								"autoUv": false
							}
						}
					}
				]
			}
		]
	}
	
]
