{"textureWidth":16,"textureHeight":16,"textures":{"steel":"block/metal/ingot/steel","rivet":"block/ornaments","handguard":"block/metal/sheet/gold1","handle":"item/tool/material/ebony"},"textureSizes":{"steel":[32,32],"rivet":[32,32],"handguard":[32,32],"handle":[32,32]},"elements":[{"name":"origin","from":[14.6304,0.4759,7.7288],"to":[14.6304,0.4759,7.7288],"rotationOrigin":[14.6304,0.4759,7.7288],"rotationX":-90,"group":"Scene Collection","faces":{"north":{"texture":"#0","uv":[0,0,4,4],"autoUv":false},"east":{"texture":"#0","uv":[0,0,4,4],"autoUv":false},"south":{"texture":"#0","uv":[0,0,4,4],"autoUv":false},"west":{"texture":"#0","uv":[0,0,4,4],"autoUv":false},"up":{"texture":"#steel","uv":[19.7285,18.9075,19.7285,18.9075],"autoUv":false},"down":{"texture":"#0","uv":[0,0,4,4],"autoUv":false}},"children":[{"name":"blade","from":[-10.2412,-1.8505,0.034],"to":[-8.0531,-1.4551,0.7916],"rotationOrigin":[-9.0981,-1.6528,0.4709],"rotationX":90,"rotationY":6.8569,"group":"Scene Collection","faces":{"north":{"texture":"#steel","uv":[1.187,20.8769,3.9765,21.0906],"autoUv":false,"rotation":180},"east":{"texture":"#steel","uv":[3.9109,21.0906,3.9765,21.9466],"autoUv":false,"rotation":90},"south":{"texture":"#steel","uv":[5.1647,21.5931,2.8923,22.3773],"autoUv":false,"rotation":180},"west":{"texture":"#steel","uv":[1.1214,20.8769,1.187,21.733],"autoUv":false,"rotation":270},"up":{"texture":"#steel","uv":[0.5563,20.5659,3.488,21.9087],"autoUv":false},"down":{"texture":"#steel","uv":[0.455,21.6162,3.5893,20.8585],"autoUv":false,"rotation":180}},"children":[{"name":"blade 01","from":[0.6838,0.0052,-0.6158],"to":[4.9317,0.3903,0.5451],"rotationOrigin":[2.3056,0.1977,-0.0353],"rotationX":0,"rotationY":2.447,"rotationZ":0,"group":"Scene Collection","faces":{"north":{"texture":"#steel","uv":[2.0054,20.0504,7.6884,20.2422],"autoUv":false,"rotation":180},"east":{"texture":"#steel","uv":[7.636,20.2422,7.6884,21.7954],"autoUv":false,"rotation":90},"south":{"texture":"#steel","uv":[1.953,21.6036,7.636,21.7954],"autoUv":false},"west":{"texture":"#steel","uv":[1.953,20.0504,2.0054,21.6036],"autoUv":false,"rotation":270},"up":{"texture":"#steel","uv":[1.5449,19.8973,7.3657,21.8278],"autoUv":false},"down":{"texture":"#steel","uv":[1.4586,21.5118,7.452,20.2133],"autoUv":false,"rotation":180}},"children":[]},{"name":"blade 02","from":[-0.0084,0.0012,-1.5701],"to":[1.1603,0.3942,-0.6382],"rotationOrigin":[0.4799,0.1977,-1.0734],"rotationX":0,"rotationY":-37.8715,"rotationZ":0,"group":"Scene Collection","faces":{"north":{"texture":"#steel","uv":[1.6719,18.9275,2.895,19.9029],"autoUv":false,"rotation":180},"east":{"texture":"#steel","uv":[2.1173,19.9029,2.895,20.8782],"autoUv":false,"rotation":90},"south":{"texture":"#steel","uv":[0.8942,19.9028,2.1173,20.8782],"autoUv":false},"west":{"texture":"#steel","uv":[0.8942,18.9275,1.6719,19.9028],"autoUv":false,"rotation":270},"up":{"texture":"#steel","uv":[1.3459,18.1724,1.6375,20.2334],"autoUv":false},"down":{"texture":"#steel","uv":[0.4546,19.2903,2.5288,19.1156],"autoUv":false,"rotation":270}},"children":[]},{"name":"blade 03","from":[4.7082,0.0009,-1.3818],"to":[9.7729,0.3946,-0.2208],"rotationOrigin":[7.2406,0.1977,-0.8013],"rotationX":0,"rotationY":15.4407,"rotationZ":0,"group":"Scene Collection","faces":{"north":{"texture":"#steel","uv":[7.3378,18.9696,13.9915,20.2702],"autoUv":false,"rotation":270},"east":{"texture":"#steel","uv":[13.9915,18.9696,14.2897,20.4948],"autoUv":false,"rotation":180},"south":{"texture":"#steel","uv":[7.636,20.4948,14.2897,21.7954],"autoUv":false,"rotation":90},"west":{"texture":"#steel","uv":[7.3378,20.2702,7.636,21.7954],"autoUv":false},"up":{"texture":"#steel","uv":[7.0868,20.2352,14.3131,20.6113],"autoUv":false},"down":{"texture":"#steel","uv":[7.3657,21.8278,14.0342,19.0188],"autoUv":false,"rotation":180}},"children":[]},{"name":"blade 04","from":[9.5871,-0.0024,-2.8688],"to":[14.6518,0.3979,-1.453],"rotationOrigin":[12.1194,0.1977,-2.1609],"rotationX":0,"rotationY":15.4407,"rotationZ":0,"group":"Scene Collection","faces":{"north":{"texture":"#steel","uv":[13.9558,17.4863,20.6096,18.787],"autoUv":false,"rotation":270},"east":{"texture":"#steel","uv":[20.6096,17.4863,20.9731,19.3462],"autoUv":false,"rotation":180},"south":{"texture":"#steel","uv":[14.3194,19.3462,20.9731,20.6469],"autoUv":false,"rotation":90},"west":{"texture":"#steel","uv":[13.9558,18.787,14.3194,20.6469],"autoUv":false},"up":{"texture":"#steel","uv":[14.0009,18.8281,21.2883,19.5536],"autoUv":false},"down":{"texture":"#steel","uv":[14.3409,20.7701,20.9483,17.6116],"autoUv":false,"rotation":180}},"children":[]},{"name":"blade 05","from":[14.4904,0,-3.705],"to":[19.5551,0.3954,-2.5008],"rotationOrigin":[17.0227,0.1977,-3.1029],"rotationX":0,"rotationY":8.7333,"rotationZ":0,"group":"Scene Collection","faces":{"north":{"texture":"#steel","uv":[20.6639,17.2497,27.424,17.7643],"autoUv":false,"rotation":270},"east":{"texture":"#steel","uv":[27.424,17.2497,27.5463,18.8569],"autoUv":false,"rotation":180},"south":{"texture":"#steel","uv":[20.7863,18.8569,27.5463,19.3715],"autoUv":false,"rotation":90},"west":{"texture":"#steel","uv":[20.6639,17.7643,20.7863,19.3715],"autoUv":false},"up":{"texture":"#steel","uv":[20.9991,17.9019,28.1353,19.1794],"autoUv":false},"down":{"texture":"#steel","uv":[21.0934,19.5761,28.041,17.5052],"autoUv":false,"rotation":180}},"children":[]},{"name":"blade 06","from":[20.9193,-0.0528,-3.2769],"to":[21.3765,0.2248,-2.9992],"rotationOrigin":[21.9445,0.0285,-3.3199],"rotationX":-56.7183,"rotationY":-32.238,"rotationZ":-39.0989,"group":"Scene Collection","faces":{"north":{"texture":"#steel","uv":[26.064,18.5384,25.8692,18.6514],"autoUv":false,"rotation":90},"east":{"texture":"#steel","uv":[25.9927,18.7044,25.9927,18.7044],"autoUv":false,"rotation":90},"south":{"texture":"#steel","uv":[30.4894,17.807,30.6368,18.484],"autoUv":false},"west":{"texture":"#steel","uv":[25.7979,18.4854,25.9405,18.5914],"autoUv":false,"rotation":270},"up":{"texture":"#steel","uv":[25.9405,18.4854,25.9927,18.7044],"autoUv":false},"down":{"texture":"#steel","uv":[30.2669,18.3252,30.8593,17.9658],"autoUv":false,"rotation":270}},"children":[]},{"name":"blade 07","from":[0.0209,-0.0528,-2.7693],"to":[0.8935,0.2248,-2.4917],"rotationOrigin":[-0.1316,0.0285,-2.8123],"rotationX":-48.6407,"rotationY":-19.5962,"rotationZ":-20.8554,"group":"Scene Collection","faces":{"north":{"texture":"#steel","uv":[2.0198,16.87,0.8582,17.3193],"autoUv":false,"rotation":90},"east":{"texture":"#steel","uv":[16.5146,18.8064,16.5146,18.8064],"autoUv":false,"rotation":180},"south":{"texture":"#steel","uv":[0.8582,16.87,1.7155,17.7735],"autoUv":false},"west":{"texture":"#steel","uv":[16.2451,18.6031,16.3313,18.7585],"autoUv":false,"rotation":270},"up":{"texture":"#steel","uv":[1.0104,16.6429,1.8677,17.5464],"autoUv":false},"down":{"texture":"#steel","uv":[0.706,17.5464,1.8677,17.0971],"autoUv":false,"rotation":270}},"children":[]},{"name":"blade 08","from":[0.6965,-0.0528,-2.1745],"to":[1.9032,0.2248,-1.8969],"rotationOrigin":[0.878,0.0285,-2.2175],"rotationX":-54.2158,"rotationY":-29.3487,"rotationZ":-34.2144,"group":"Scene Collection","faces":{"north":{"texture":"#steel","uv":[3.1137,17.4972,1.8123,18.595],"autoUv":false,"rotation":90},"east":{"texture":"#steel","uv":[16.8844,19.1754,16.8844,19.1754],"autoUv":false,"rotation":180},"south":{"texture":"#steel","uv":[1.8123,17.4972,2.6986,18.9509],"autoUv":false},"west":{"texture":"#steel","uv":[16.433,18.7287,16.5577,18.8553],"autoUv":false,"rotation":270},"up":{"texture":"#steel","uv":[2.0198,17.3193,2.9062,18.7729],"autoUv":false},"down":{"texture":"#steel","uv":[1.6048,18.7729,2.9062,17.6752],"autoUv":false,"rotation":270}},"children":[]},{"name":"blade 09","from":[1.44,-0.0528,-1.4902],"to":[2.4241,0.2248,-1.2125],"rotationOrigin":[1.6216,0.0285,-1.5332],"rotationX":-48.7629,"rotationY":-19.8953,"rotationZ":-21.2171,"group":"Scene Collection","faces":{"north":{"texture":"#steel","uv":[4.0176,18.6163,2.7312,19.1622],"autoUv":false,"rotation":90},"east":{"texture":"#steel","uv":[17.2113,19.3485,17.2113,19.3485],"autoUv":false,"rotation":180},"south":{"texture":"#steel","uv":[2.7312,18.6163,3.7096,19.614],"autoUv":false},"west":{"texture":"#steel","uv":[16.8672,19.052,16.7798,19.2068],"autoUv":false},"up":{"texture":"#steel","uv":[2.8851,18.3904,3.8636,19.3881],"autoUv":false},"down":{"texture":"#steel","uv":[2.5772,19.3881,3.8636,18.8422],"autoUv":false,"rotation":270}},"children":[]},{"name":"blade 10","from":[2.1551,0.0051,-0.017],"to":[5.3205,0.3904,0.6244],"rotationOrigin":[3.7378,0.1977,0.3037],"rotationX":0,"rotationY":4.8713,"rotationZ":0,"group":"Scene Collection","faces":{"north":{"texture":"#steel","uv":[3.9035,21.0518,8.1406,21.0881],"autoUv":false,"rotation":270},"east":{"texture":"#steel","uv":[8.1406,21.0518,8.148,21.9103],"autoUv":false,"rotation":180},"south":{"texture":"#steel","uv":[8.4065,21.6031,5.1647,22.3673],"autoUv":false,"rotation":180},"west":{"texture":"#steel","uv":[3.9035,21.0881,3.9109,21.9466],"autoUv":false},"up":{"texture":"#steel","uv":[3.4979,21.0156,7.8959,21.9577],"autoUv":false},"down":{"texture":"#steel","uv":[3.488,21.9087,7.9058,21.0646],"autoUv":false,"rotation":180}},"children":[]},{"name":"blade 11","from":[5.2593,-0.001,-0.4301],"to":[8.4247,0.3965,0.2113],"rotationOrigin":[6.842,0.1977,-0.1094],"rotationX":0,"rotationY":10.2901,"rotationZ":0,"group":"Scene Collection","faces":{"north":{"texture":"#steel","uv":[8.0596,20.6201,12.2742,21.0563],"autoUv":false,"rotation":270},"east":{"texture":"#steel","uv":[12.2742,20.6201,12.3626,21.474],"autoUv":false,"rotation":180},"south":{"texture":"#steel","uv":[11.5703,21.591,8.4065,22.3794],"autoUv":false,"rotation":180},"west":{"texture":"#steel","uv":[8.0596,21.0563,8.148,21.9103],"autoUv":false},"up":{"texture":"#steel","uv":[7.8214,21.0677,12.2886,21.5903],"autoUv":false},"down":{"texture":"#steel","uv":[7.8959,21.9577,12.2142,20.7003],"autoUv":false,"rotation":180}},"children":[]},{"name":"blade 12","from":[8.3325,0.0045,-1.0903],"to":[11.4979,0.3909,-0.449],"rotationOrigin":[9.9152,0.1977,-0.7696],"rotationX":0,"rotationY":13.9601,"rotationZ":0,"group":"Scene Collection","faces":{"north":{"texture":"#steel","uv":[12.2198,19.9223,16.3979,20.6275],"autoUv":false,"rotation":270},"east":{"texture":"#steel","uv":[16.3979,19.9223,16.5408,20.7688],"autoUv":false,"rotation":180},"south":{"texture":"#steel","uv":[14.6652,21.6021,11.5703,22.3683],"autoUv":false,"rotation":180},"west":{"texture":"#steel","uv":[12.2198,20.6275,12.3626,21.474],"autoUv":false},"up":{"texture":"#steel","uv":[12.1574,20.7069,16.6489,20.9425],"autoUv":false},"down":{"texture":"#steel","uv":[12.2886,21.5903,16.5176,20.059],"autoUv":false,"rotation":180}},"children":[]},{"name":"blade 13","from":[11.3942,0.0021,-1.8751],"to":[14.5596,0.3933,-1.2337],"rotationOrigin":[12.9769,0.1977,-1.5544],"rotationX":0,"rotationY":14.7928,"rotationZ":0,"group":"Scene Collection","faces":{"north":{"texture":"#steel","uv":[16.3856,19.1586,20.553,19.9244],"autoUv":false,"rotation":270},"east":{"texture":"#steel","uv":[20.553,19.1586,20.7082,20.003],"autoUv":false,"rotation":180},"south":{"texture":"#steel","uv":[17.7426,21.5973,14.6652,22.3731],"autoUv":false,"rotation":180},"west":{"texture":"#steel","uv":[16.3856,19.9244,16.5408,20.7688],"autoUv":false},"up":{"texture":"#steel","uv":[16.5048,20.061,20.9993,20.2314],"autoUv":false},"down":{"texture":"#steel","uv":[16.6489,20.9425,20.8552,19.3499],"autoUv":false,"rotation":180}},"children":[]},{"name":"blade 14","from":[14.4454,0.0023,-2.7327],"to":[18.517,0.3932,-2.0914],"rotationOrigin":[16.4812,0.1977,-2.412],"rotationX":0,"rotationY":12.9436,"rotationZ":0,"group":"Scene Collection","faces":{"north":{"texture":"#steel","uv":[20.553,18.3471,25.9426,19.1586],"autoUv":false,"rotation":270},"east":{"texture":"#steel","uv":[25.9426,18.3471,26.0704,19.196],"autoUv":false,"rotation":180},"south":{"texture":"#steel","uv":[21.7295,21.5977,17.7223,22.3727],"autoUv":false,"rotation":180},"west":{"texture":"#steel","uv":[20.553,19.1586,20.6809,20.0076],"autoUv":false},"up":{"texture":"#steel","uv":[20.8552,19.3499,26.5932,19.5019],"autoUv":false},"down":{"texture":"#steel","uv":[20.9708,20.2356,26.4777,18.6162],"autoUv":false,"rotation":180}},"children":[]},{"name":"blade 15","from":[18.4317,0.0001,-3.3537],"to":[19.7249,0.3954,-2.7124],"rotationOrigin":[19.0783,0.1977,-3.0331],"rotationX":0,"rotationY":15.0474,"rotationZ":0,"group":"Scene Collection","faces":{"north":{"texture":"#steel","uv":[25.9115,18.0319,27.6126,18.3523],"autoUv":false,"rotation":270},"east":{"texture":"#steel","uv":[27.6126,18.0319,27.7715,18.8756],"autoUv":false,"rotation":180},"south":{"texture":"#steel","uv":[22.9845,21.5933,21.7295,22.3771],"autoUv":false,"rotation":180},"west":{"texture":"#steel","uv":[25.9115,18.3523,26.0704,19.196],"autoUv":false},"up":{"texture":"#steel","uv":[26.4452,18.6211,28.3692,19.2035],"autoUv":false},"down":{"texture":"#steel","uv":[26.5932,19.5019,28.2212,18.3226],"autoUv":false,"rotation":180}},"children":[]},{"name":"blade 16","from":[19.6647,0.0028,-3.7069],"to":[20.9579,0.3926,-3.0656],"rotationOrigin":[20.3113,0.1977,-3.3862],"rotationX":0,"rotationY":16.9216,"rotationZ":0,"group":"Scene Collection","faces":{"north":{"texture":"#steel","uv":[27.5851,17.6617,29.2749,18.0375],"autoUv":false,"rotation":270},"east":{"texture":"#steel","uv":[29.2749,17.6617,29.4613,18.4997],"autoUv":false,"rotation":180},"south":{"texture":"#steel","uv":[24.2223,21.5987,22.9845,22.3717],"autoUv":false,"rotation":180},"west":{"texture":"#steel","uv":[27.5851,18.0375,27.7715,18.8756],"autoUv":false},"up":{"texture":"#steel","uv":[28.1925,18.328,30.1345,18.8471],"autoUv":false},"down":{"texture":"#steel","uv":[28.3692,19.2035,29.9577,17.9716],"autoUv":false,"rotation":180}},"children":[]},{"name":"blade 17","from":[-0.1729,0.0014,-2.7733],"to":[0.6997,0.3941,-2.1319],"rotationOrigin":[-0.3254,0.1977,-2.4526],"rotationX":0,"rotationY":-28.3146,"rotationZ":0,"group":"Scene Collection","faces":{"north":{"texture":"#steel","uv":[1.4516,17.9145,2.1212,18.2858],"autoUv":false,"rotation":180},"east":{"texture":"#steel","uv":[1.7048,18.2858,2.1212,19.0366],"autoUv":false,"rotation":90},"south":{"texture":"#steel","uv":[1.0353,18.6653,1.7048,19.0366],"autoUv":false},"west":{"texture":"#steel","uv":[1.0353,17.9145,1.4516,18.6653],"autoUv":false,"rotation":270},"up":{"texture":"#steel","uv":[0.8582,16.87,1.3705,18.2884],"autoUv":false},"down":{"texture":"#steel","uv":[0.361,17.612,1.8677,17.5464],"autoUv":false,"rotation":180}},"children":[]},{"name":"blade 18","from":[0.2955,-0.0023,-1.9513],"to":[1.5022,0.3978,-1.31],"rotationOrigin":[0.8988,0.1977,-1.6306],"rotationX":0,"rotationY":-43.8791,"rotationZ":0,"group":"Scene Collection","faces":{"north":{"texture":"#steel","uv":[2.0642,18.2432,3.2148,19.3769],"autoUv":false,"rotation":180},"east":{"texture":"#steel","uv":[2.6122,19.3769,3.2148,19.9885],"autoUv":false,"rotation":90},"south":{"texture":"#steel","uv":[1.4617,18.8548,2.6122,19.9885],"autoUv":false},"west":{"texture":"#steel","uv":[1.4617,18.2432,2.0642,18.8548],"autoUv":false,"rotation":270},"up":{"texture":"#steel","uv":[1.8123,17.4972,2.2281,19.3543],"autoUv":false},"down":{"texture":"#steel","uv":[1.1343,18.7729,2.9062,18.0786],"autoUv":false,"rotation":270}},"children":[]},{"name":"blade 19","from":[1.1913,-0.0017,-1.2927],"to":[2.398,0.3972,-0.0948],"rotationOrigin":[1.7947,0.1977,-0.972],"rotationX":0,"rotationY":-28.7678,"rotationZ":0,"group":"Scene Collection","faces":{"north":{"texture":"#steel","uv":[3.0345,19.241,4.4409,20.0356],"autoUv":false,"rotation":180},"east":{"texture":"#steel","uv":[4.0186,20.0356,4.4409,20.783],"autoUv":false,"rotation":90},"south":{"texture":"#steel","uv":[2.6122,19.9885,4.0186,20.783],"autoUv":false},"west":{"texture":"#steel","uv":[2.6122,19.241,3.0345,19.9885],"autoUv":false,"rotation":270},"up":{"texture":"#steel","uv":[2.7312,18.6163,3.1803,20.9411],"autoUv":false},"down":{"texture":"#steel","uv":[1.7917,19.9947,4.1198,19.5627],"autoUv":false,"rotation":180}},"children":[]},{"name":"blade 20","from":[20.8843,0.0052,-3.9723],"to":[21.3441,0.3902,-3.3309],"rotationOrigin":[21.1142,0.1977,-3.6516],"rotationX":0,"rotationY":-48.9725,"rotationZ":0,"group":"Scene Collection","faces":{"north":{"texture":"#steel","uv":[29.7827,17.4934,30.1501,17.9873],"autoUv":false,"rotation":180},"east":{"texture":"#steel","uv":[24.6722,21.6035,24.2223,22.3669],"autoUv":false,"rotation":180},"south":{"texture":"#steel","uv":[29.0939,18.0058,29.4613,18.4997],"autoUv":false},"west":{"texture":"#steel","uv":[29.0939,17.4934,29.7827,18.0058],"autoUv":false,"rotation":270},"up":{"texture":"#steel","uv":[30.1345,17.807,30.4894,18.8471],"autoUv":false,"rotation":270},"down":{"texture":"#steel","uv":[29.7624,18.3282,30.8614,18.3259],"autoUv":false,"rotation":270}},"children":[]},{"name":"blade 21","from":[19.8953,-0.0021,-4.0718],"to":[21.1885,0.3975,-3.4304],"rotationOrigin":[20.5419,0.1977,-3.7511],"rotationX":0,"rotationY":-3.1674,"rotationZ":0,"group":"Scene Collection","faces":{"north":{"texture":"#steel","uv":[28.0667,17.266,29.7827,17.4934],"autoUv":false,"rotation":180},"east":{"texture":"#steel","uv":[29.6699,17.4934,29.7827,18.3445],"autoUv":false,"rotation":90},"south":{"texture":"#steel","uv":[27.9539,18.1171,29.6699,18.3445],"autoUv":false},"west":{"texture":"#steel","uv":[27.9539,17.266,28.0667,18.1171],"autoUv":false,"rotation":270},"up":{"texture":"#steel","uv":[28.7091,17.5353,30.3547,18.6899],"autoUv":false},"down":{"texture":"#steel","uv":[28.5744,18.4183,30.4894,17.807],"autoUv":false,"rotation":180}},"children":[]},{"name":"blade 22","from":[17.8475,0.0007,-4.1641],"to":[19.8978,0.3948,-3.5228],"rotationOrigin":[18.8727,0.1977,-3.8435],"rotationX":0,"rotationY":-3.1674,"rotationZ":0,"group":"Scene Collection","faces":{"north":{"texture":"#steel","uv":[25.3459,16.9055,28.0667,17.266],"autoUv":false,"rotation":180},"east":{"texture":"#steel","uv":[27.9539,17.266,28.0667,18.1171],"autoUv":false,"rotation":90},"south":{"texture":"#steel","uv":[25.2332,17.7566,27.9539,18.1171],"autoUv":false},"west":{"texture":"#steel","uv":[25.2332,16.9055,25.3459,17.7566],"autoUv":false,"rotation":270},"up":{"texture":"#steel","uv":[25.8866,17.1046,28.5744,18.4183],"autoUv":false},"down":{"texture":"#steel","uv":[25.7519,17.9876,28.7092,17.5353],"autoUv":false,"rotation":180}},"children":[]},{"name":"blade 23","from":[15.8357,0.0033,-4.1644],"to":[17.886,0.3922,-3.523],"rotationOrigin":[16.8609,0.1977,-3.8437],"rotationX":0,"rotationY":3.1547,"rotationZ":0,"group":"Scene Collection","faces":{"north":{"texture":"#steel","uv":[22.602,16.8468,25.3459,16.9055],"autoUv":false,"rotation":180},"east":{"texture":"#steel","uv":[25.3276,16.9055,25.3459,17.7639],"autoUv":false,"rotation":90},"south":{"texture":"#steel","uv":[22.5837,17.7052,25.3276,17.7639],"autoUv":false},"west":{"texture":"#steel","uv":[22.5837,16.8468,22.602,17.7052],"autoUv":false,"rotation":270},"up":{"texture":"#steel","uv":[23.0338,16.9873,25.8499,17.997],"autoUv":false},"down":{"texture":"#steel","uv":[22.9971,17.8797,25.8866,17.1046],"autoUv":false,"rotation":180}},"children":[]},{"name":"blade 24","from":[13.8205,0.0049,-3.9751],"to":[15.8708,0.3905,-3.3338],"rotationOrigin":[14.8457,0.1977,-3.6544],"rotationX":0,"rotationY":7.5743,"rotationZ":0,"group":"Scene Collection","faces":{"north":{"texture":"#steel","uv":[19.8618,16.8468,22.602,16.9998],"autoUv":false,"rotation":270},"east":{"texture":"#steel","uv":[22.602,16.8468,22.6499,17.704],"autoUv":false,"rotation":180},"south":{"texture":"#steel","uv":[19.9096,17.704,22.6499,17.8569],"autoUv":false,"rotation":90},"west":{"texture":"#steel","uv":[19.8618,16.9998,19.9096,17.8569],"autoUv":false},"up":{"texture":"#steel","uv":[20.1805,17.0902,23.066,17.8799],"autoUv":false},"down":{"texture":"#steel","uv":[20.2127,17.9828,23.0338,16.9873],"autoUv":false,"rotation":180}},"children":[]},{"name":"blade 25","from":[11.8601,0.0001,-3.5746],"to":[13.9104,0.3954,-2.9333],"rotationOrigin":[12.8852,0.1977,-3.2539],"rotationX":0,"rotationY":15.5183,"rotationZ":0,"group":"Scene Collection","faces":{"north":{"texture":"#steel","uv":[17.169,16.9998,19.8618,17.5299],"autoUv":false,"rotation":270},"east":{"texture":"#steel","uv":[19.8618,16.9998,20.0277,17.8421],"autoUv":false,"rotation":180},"south":{"texture":"#steel","uv":[17.3348,17.8421,20.0277,18.3723],"autoUv":false,"rotation":90},"west":{"texture":"#steel","uv":[17.169,17.5299,17.3348,18.3723],"autoUv":false},"up":{"texture":"#steel","uv":[17.3687,17.5865,20.3357,17.9698],"autoUv":false},"down":{"texture":"#steel","uv":[17.524,18.466,20.1805,17.0902],"autoUv":false,"rotation":180}},"children":[]},{"name":"blade 26","from":[9.9395,0.0008,-2.9488],"to":[11.9898,0.3947,-2.3075],"rotationOrigin":[10.9646,0.1977,-2.6282],"rotationX":0,"rotationY":20.5756,"rotationZ":0,"group":"Scene Collection","faces":{"north":{"texture":"#steel","uv":[14.5334,17.5299,17.169,18.2954],"autoUv":false,"rotation":270},"east":{"texture":"#steel","uv":[17.169,17.5299,17.4084,18.3544],"autoUv":false,"rotation":180},"south":{"texture":"#steel","uv":[14.7729,18.3544,17.4084,19.1199],"autoUv":false,"rotation":90},"west":{"texture":"#steel","uv":[14.5334,18.2954,14.7729,19.1199],"autoUv":false},"up":{"texture":"#steel","uv":[14.6117,18.3287,17.6009,18.4489],"autoUv":false},"down":{"texture":"#steel","uv":[14.8438,19.1911,17.3687,17.5865],"autoUv":false,"rotation":180}},"children":[]},{"name":"blade 27","from":[8.0186,0.0034,-2.2644],"to":[10.0689,0.392,-1.623],"rotationOrigin":[9.0437,0.1977,-1.9437],"rotationX":0,"rotationY":18.6495,"rotationZ":0,"group":"Scene Collection","faces":{"north":{"texture":"#steel","uv":[11.9014,18.2878,14.5612,18.9643],"autoUv":false,"rotation":270},"east":{"texture":"#steel","uv":[14.5612,18.2878,14.7729,19.1199],"autoUv":false,"rotation":180},"south":{"texture":"#steel","uv":[12.113,19.1199,14.7729,19.7963],"autoUv":false,"rotation":90},"west":{"texture":"#steel","uv":[11.9014,18.9643,12.113,19.7963],"autoUv":false},"up":{"texture":"#steel","uv":[11.8603,18.9704,14.8438,19.1911],"autoUv":false},"down":{"texture":"#steel","uv":[12.0634,19.8402,14.6408,18.3213],"autoUv":false,"rotation":180}},"children":[]},{"name":"blade 28","from":[6.0883,0.0053,-1.592],"to":[8.1386,0.3901,-0.9506],"rotationOrigin":[7.1135,0.1977,-1.2713],"rotationX":0,"rotationY":19.7607,"rotationZ":0,"group":"Scene Collection","faces":{"north":{"texture":"#steel","uv":[9.2552,18.9643,11.9014,19.6922],"autoUv":false,"rotation":270},"east":{"texture":"#steel","uv":[11.9014,18.9643,12.1291,19.7921],"autoUv":false,"rotation":180},"south":{"texture":"#steel","uv":[9.4829,19.7921,12.1291,20.52],"autoUv":false,"rotation":90},"west":{"texture":"#steel","uv":[9.2552,19.6922,9.4829,20.52],"autoUv":false},"up":{"texture":"#steel","uv":[9.093,19.6733,12.0802,19.8361],"autoUv":false},"down":{"texture":"#steel","uv":[9.3129,20.539,11.8603,18.9704],"autoUv":false,"rotation":180}},"children":[]},{"name":"blade 29","from":[4.1633,0.0031,-1.1397],"to":[6.2136,0.3923,-0.4983],"rotationOrigin":[5.1884,0.1977,-0.819],"rotationX":0,"rotationY":8.1428,"rotationZ":0,"group":"Scene Collection","faces":{"north":{"texture":"#steel","uv":[6.6503,19.6687,9.3717,20.0243],"autoUv":false,"rotation":270},"east":{"texture":"#steel","uv":[9.3717,19.6687,9.4829,20.52],"autoUv":false,"rotation":180},"south":{"texture":"#steel","uv":[6.7615,20.52,9.4829,20.8756],"autoUv":false,"rotation":90},"west":{"texture":"#steel","uv":[6.6503,20.0243,6.7615,20.8756],"autoUv":false},"up":{"texture":"#steel","uv":[6.4111,19.7438,9.3044,20.5048],"autoUv":false},"down":{"texture":"#steel","uv":[6.4522,20.636,9.2633,19.6126],"autoUv":false,"rotation":180}},"children":[]},{"name":"blade 30","from":[2.1759,0.0052,-1.0197],"to":[4.2262,0.3903,-0.3784],"rotationOrigin":[3.2011,0.1977,-0.6991],"rotationX":0,"rotationY":-1.2353,"rotationZ":0,"group":"Scene Collection","faces":{"north":{"texture":"#steel","uv":[4.0476,19.925,6.7905,20.0176],"autoUv":false,"rotation":180},"east":{"texture":"#steel","uv":[6.7615,20.0176,6.7905,20.8756],"autoUv":false,"rotation":90},"south":{"texture":"#steel","uv":[4.0186,20.783,6.7615,20.8756],"autoUv":false},"west":{"texture":"#steel","uv":[4.0186,19.925,4.0476,20.783],"autoUv":false,"rotation":270},"up":{"texture":"#steel","uv":[3.7216,19.4138,6.4522,20.636],"autoUv":false},"down":{"texture":"#steel","uv":[3.6167,20.3007,6.5571,19.7491],"autoUv":false,"rotation":180}},"children":[]},{"name":"blade 31","from":[2.1207,0.0104,-0.1359],"to":[3.5626,0.3867,0.5974],"rotationOrigin":[3.7034,0.2028,0.2767],"rotationX":0,"rotationY":31.2658,"rotationZ":0,"group":"Scene Collection","faces":{"north":{"texture":"#steel","uv":[3.9035,21.0716,5.8336,21.0881],"autoUv":false,"rotation":270},"east":{"texture":"#steel","uv":[5.8336,21.0716,5.8409,21.9301],"autoUv":false,"rotation":180},"south":{"texture":"#steel","uv":[6.7544,21.6136,5.5922,22.36],"autoUv":false,"rotation":180},"west":{"texture":"#steel","uv":[5.5922,21.6136,5.1034,22.36],"autoUv":false,"rotation":180},"up":{"texture":"#steel","uv":[3.418,21.8848,5.6702,21.932],"autoUv":false},"down":{"texture":"#steel","uv":[3.8618,22.8046,5.2265,21.0123],"autoUv":false,"rotation":180}},"children":[]},{"name":"blade 32","from":[0.6457,0.0076,-0.7089],"to":[2.0876,0.3904,-0.0675],"rotationOrigin":[2.2284,0.2028,-0.3882],"rotationX":0,"rotationY":56.5672,"rotationZ":0,"group":"Scene Collection","faces":{"north":{"texture":"#steel","uv":[3.9035,21.0716,5.8336,21.0881],"autoUv":false,"rotation":270},"east":{"texture":"#steel","uv":[5.8336,21.0716,5.8409,21.9301],"autoUv":false,"rotation":180},"south":{"texture":"#steel","uv":[5.2682,21.6081,4.5934,22.3672],"autoUv":false,"rotation":180},"west":{"texture":"#steel","uv":[4.5934,21.6081,3.9935,22.3672],"autoUv":false,"rotation":180},"up":{"texture":"#steel","uv":[1.9645,20.759,3.9212,21.7593],"autoUv":false,"rotation":90},"down":{"texture":"#steel","uv":[2.6592,22.3207,3.2265,20.1976],"autoUv":false,"rotation":180}},"children":[]},{"name":"blade 33","from":[-0.2927,0.0043,-2.0785],"to":[0.5799,0.3912,0.1771],"rotationOrigin":[-0.4452,0.1977,-1.7578],"rotationX":0,"rotationY":8.7526,"rotationZ":0,"group":"Scene Collection","faces":{"north":{"texture":"#steel","uv":[1.4516,17.9145,2.1212,18.2858],"autoUv":false,"rotation":180},"east":{"texture":"#steel","uv":[1.7048,18.2858,2.1212,19.0366],"autoUv":false,"rotation":90},"south":{"texture":"#steel","uv":[1.0353,18.6653,1.7048,19.0366],"autoUv":false},"west":{"texture":"#steel","uv":[1.0353,17.9145,1.4516,18.6653],"autoUv":false,"rotation":270},"up":{"texture":"#steel","uv":[0.361,17.612,1.7519,20.6793],"autoUv":false},"down":{"texture":"#steel","uv":[0.5387,20.7481,1.5742,17.5432],"autoUv":false,"rotation":180}},"children":[]},{"name":"blade 34","from":[20.0387,0.0253,-4.3208],"to":[20.5418,0.3701,-3.8177],"rotationOrigin":[20.2903,0.146,-4.0692],"rotationX":0,"rotationY":-47.6943,"rotationZ":0,"group":"Scene Collection","faces":{"north":{"texture":"#steel","uv":[16.997,17.2603,17.6189,17.8821],"autoUv":false,"rotation":180},"east":{"texture":"#steel","uv":[17.6189,17.2603,18.2407,17.8821],"autoUv":false,"rotation":180},"south":{"texture":"#steel","uv":[18.2407,17.2603,18.8625,17.8821],"autoUv":false,"rotation":180},"west":{"texture":"#steel","uv":[18.8625,17.2603,19.4843,17.8821],"autoUv":false,"rotation":180},"up":{"texture":"#steel","uv":[29.155,17.1477,29.2964,18.1283],"autoUv":false,"rotation":270},"down":{"texture":"#steel","uv":[28.7354,17.7087,29.716,17.5673],"autoUv":false,"rotation":270}},"children":[]},{"name":"blade 35","from":[19.3592,0.0253,-4.3097],"to":[19.7665,0.3701,-3.9025],"rotationOrigin":[19.5628,0.146,-4.1061],"rotationX":0,"rotationY":-49.0643,"rotationZ":0,"group":"Scene Collection","faces":{"north":{"texture":"#steel","uv":[17.159,17.3008,17.6998,17.8416],"autoUv":false,"rotation":180},"east":{"texture":"#steel","uv":[17.6998,17.3008,18.2407,17.8416],"autoUv":false,"rotation":180},"south":{"texture":"#steel","uv":[18.2407,17.3008,18.7815,17.8416],"autoUv":false,"rotation":180},"west":{"texture":"#steel","uv":[18.7815,17.3008,19.3223,17.8416],"autoUv":false,"rotation":180},"up":{"texture":"#steel","uv":[28.1556,17.0943,28.289,17.8851],"autoUv":false,"rotation":270},"down":{"texture":"#steel","uv":[27.8269,17.5564,28.6177,17.423],"autoUv":false,"rotation":270}},"children":[]},{"name":"blade 36","from":[18.603,0.0253,-4.3934],"to":[19.106,0.3701,-3.8904],"rotationOrigin":[18.8545,0.146,-4.1419],"rotationX":0,"rotationY":-48.145,"rotationZ":0,"group":"Scene Collection","faces":{"north":{"texture":"#steel","uv":[16.997,17.2603,17.6189,17.8821],"autoUv":false,"rotation":180},"east":{"texture":"#steel","uv":[17.6189,17.2603,18.2407,17.8821],"autoUv":false,"rotation":180},"south":{"texture":"#steel","uv":[18.2407,17.2603,18.8625,17.8821],"autoUv":false,"rotation":180},"west":{"texture":"#steel","uv":[18.8625,17.2603,19.4843,17.8821],"autoUv":false,"rotation":180},"up":{"texture":"#steel","uv":[27.1707,16.8556,27.3198,17.8351],"autoUv":false,"rotation":270},"down":{"texture":"#steel","uv":[26.7555,17.4199,27.735,17.2708],"autoUv":false,"rotation":270}},"children":[]},{"name":"blade 37","from":[17.9265,0.0253,-4.3813],"to":[18.3337,0.3701,-3.974],"rotationOrigin":[18.1301,0.146,-4.1777],"rotationX":0,"rotationY":-47.5665,"rotationZ":0,"group":"Scene Collection","faces":{"north":{"texture":"#steel","uv":[17.159,17.3008,17.6998,17.8416],"autoUv":false,"rotation":180},"east":{"texture":"#steel","uv":[17.6998,17.3008,18.2407,17.8416],"autoUv":false,"rotation":180},"south":{"texture":"#steel","uv":[18.2407,17.3008,18.7815,17.8416],"autoUv":false,"rotation":180},"west":{"texture":"#steel","uv":[18.7815,17.3008,19.3223,17.8416],"autoUv":false,"rotation":180},"up":{"texture":"#steel","uv":[26.1895,16.8019,26.3022,17.596],"autoUv":false,"rotation":270},"down":{"texture":"#steel","uv":[25.8488,17.2552,26.6429,17.1426],"autoUv":false,"rotation":270}},"children":[]},{"name":"blade 38","from":[17.131,0.0253,-4.4185],"to":[17.6341,0.3701,-3.9154],"rotationOrigin":[17.3825,0.146,-4.167],"rotationX":0,"rotationY":-43.2378,"rotationZ":0,"group":"Scene Collection","faces":{"north":{"texture":"#steel","uv":[16.997,17.2603,17.6189,17.8821],"autoUv":false,"rotation":180},"east":{"texture":"#steel","uv":[17.6189,17.2603,18.2407,17.8821],"autoUv":false,"rotation":180},"south":{"texture":"#steel","uv":[18.2407,17.2603,18.8625,17.8821],"autoUv":false,"rotation":180},"west":{"texture":"#steel","uv":[18.8625,17.2603,19.4843,17.8821],"autoUv":false,"rotation":180},"up":{"texture":"#steel","uv":[25.1758,16.6195,25.2406,17.6081],"autoUv":false,"rotation":270},"down":{"texture":"#steel","uv":[24.7139,17.1462,25.7025,17.0814],"autoUv":false,"rotation":270}},"children":[]},{"name":"blade 39","from":[15.8636,0.0253,-4.34],"to":[16.3666,0.3701,-3.8369],"rotationOrigin":[16.1151,0.146,-4.0884],"rotationX":0,"rotationY":-43.2378,"rotationZ":0,"group":"Scene Collection","faces":{"north":{"texture":"#steel","uv":[16.997,17.2603,17.6189,17.8821],"autoUv":false,"rotation":180},"east":{"texture":"#steel","uv":[17.6189,17.2603,18.2407,17.8821],"autoUv":false,"rotation":180},"south":{"texture":"#steel","uv":[18.2407,17.2603,18.8625,17.8821],"autoUv":false,"rotation":180},"west":{"texture":"#steel","uv":[18.8625,17.2603,19.4843,17.8821],"autoUv":false,"rotation":180},"up":{"texture":"#steel","uv":[23.4085,16.5589,23.4732,17.5475],"autoUv":false,"rotation":270},"down":{"texture":"#steel","uv":[22.9465,17.0856,23.9352,17.0208],"autoUv":false,"rotation":270}},"children":[]},{"name":"blade 40","from":[14.5508,0.0253,-4.1879],"to":[15.0539,0.3701,-3.6848],"rotationOrigin":[14.8024,0.146,-3.9364],"rotationX":0,"rotationY":-37.704,"rotationZ":0,"group":"Scene Collection","faces":{"north":{"texture":"#steel","uv":[16.997,17.2603,17.6189,17.8821],"autoUv":false,"rotation":180},"east":{"texture":"#steel","uv":[17.6189,17.2603,18.2407,17.8821],"autoUv":false,"rotation":180},"south":{"texture":"#steel","uv":[18.2407,17.2603,18.8625,17.8821],"autoUv":false,"rotation":180},"west":{"texture":"#steel","uv":[18.8625,17.2603,19.4843,17.8821],"autoUv":false,"rotation":180},"up":{"texture":"#steel","uv":[21.5854,16.5934,21.6163,17.5836],"autoUv":false},"down":{"texture":"#steel","uv":[21.1057,17.1039,22.096,17.073],"autoUv":false,"rotation":180}},"children":[]},{"name":"blade 41","from":[16.5214,0.0253,-4.3391],"to":[16.9286,0.3701,-3.9319],"rotationOrigin":[16.725,0.146,-4.1355],"rotationX":0,"rotationY":-40.3361,"rotationZ":0,"group":"Scene Collection","faces":{"north":{"texture":"#steel","uv":[17.159,17.3008,17.6998,17.8416],"autoUv":false,"rotation":180},"east":{"texture":"#steel","uv":[17.6998,17.3008,18.2407,17.8416],"autoUv":false,"rotation":180},"south":{"texture":"#steel","uv":[18.2407,17.3008,18.7815,17.8416],"autoUv":false,"rotation":180},"west":{"texture":"#steel","uv":[18.7815,17.3008,19.3223,17.8416],"autoUv":false,"rotation":180},"up":{"texture":"#steel","uv":[24.2867,16.6685,24.2985,17.4704],"autoUv":false,"rotation":270},"down":{"texture":"#steel","uv":[23.8916,17.0754,24.6936,17.0636],"autoUv":false,"rotation":270}},"children":[]},{"name":"blade 42","from":[15.2322,0.0253,-4.2308],"to":[15.6394,0.3701,-3.8236],"rotationOrigin":[15.4358,0.146,-4.0272],"rotationX":0,"rotationY":-36.9871,"rotationZ":0,"group":"Scene Collection","faces":{"north":{"texture":"#steel","uv":[17.159,17.3008,17.6998,17.8416],"autoUv":false,"rotation":180},"east":{"texture":"#steel","uv":[17.6998,17.3008,18.2407,17.8416],"autoUv":false,"rotation":180},"south":{"texture":"#steel","uv":[18.2407,17.3008,18.7815,17.8416],"autoUv":false,"rotation":180},"west":{"texture":"#steel","uv":[18.7815,17.3008,19.3223,17.8416],"autoUv":false,"rotation":180},"up":{"texture":"#steel","uv":[22.4735,16.6466,22.5085,17.4479],"autoUv":false},"down":{"texture":"#steel","uv":[22.0904,17.0648,22.8917,17.0297],"autoUv":false,"rotation":180}},"children":[]},{"name":"blade 43","from":[13.7535,0.0253,-4.0771],"to":[14.2566,0.3701,-3.5741],"rotationOrigin":[14.0051,0.146,-3.8256],"rotationX":0,"rotationY":-37.704,"rotationZ":0,"group":"Scene Collection","faces":{"north":{"texture":"#steel","uv":[16.997,17.2603,17.6189,17.8821],"autoUv":false,"rotation":180},"east":{"texture":"#steel","uv":[17.6189,17.2603,18.2407,17.8821],"autoUv":false,"rotation":180},"south":{"texture":"#steel","uv":[18.2407,17.2603,18.8625,17.8821],"autoUv":false,"rotation":180},"west":{"texture":"#steel","uv":[18.8625,17.2603,19.4843,17.8821],"autoUv":false,"rotation":180},"up":{"texture":"#steel","uv":[20.4655,16.6403,20.4964,17.6306],"autoUv":false},"down":{"texture":"#steel","uv":[19.9858,17.1509,20.976,17.12],"autoUv":false,"rotation":180}},"children":[]},{"name":"blade 44","from":[12.9618,0.0253,-3.911],"to":[13.4648,0.3701,-3.408],"rotationOrigin":[13.2133,0.146,-3.6595],"rotationX":0,"rotationY":-30.9494,"rotationZ":0,"group":"Scene Collection","faces":{"north":{"texture":"#steel","uv":[16.997,17.2603,17.6189,17.8821],"autoUv":false,"rotation":180},"east":{"texture":"#steel","uv":[17.6189,17.2603,18.2407,17.8821],"autoUv":false,"rotation":180},"south":{"texture":"#steel","uv":[18.2407,17.2603,18.8625,17.8821],"autoUv":false,"rotation":180},"west":{"texture":"#steel","uv":[18.8625,17.2603,19.4843,17.8821],"autoUv":false,"rotation":180},"up":{"texture":"#steel","uv":[19.2876,16.7699,19.4347,17.7497],"autoUv":false},"down":{"texture":"#steel","uv":[18.8713,17.3334,19.851,17.1862],"autoUv":false,"rotation":180}},"children":[]},{"name":"blade 45","from":[12.2323,0.0253,-3.7071],"to":[12.7353,0.3701,-3.204],"rotationOrigin":[12.4838,0.146,-3.4555],"rotationX":0,"rotationY":-30.9494,"rotationZ":0,"group":"Scene Collection","faces":{"north":{"texture":"#steel","uv":[16.997,17.2603,17.6189,17.8821],"autoUv":false,"rotation":180},"east":{"texture":"#steel","uv":[17.6189,17.2603,18.2407,17.8821],"autoUv":false,"rotation":180},"south":{"texture":"#steel","uv":[18.2407,17.2603,18.8625,17.8821],"autoUv":false,"rotation":180},"west":{"texture":"#steel","uv":[18.8625,17.2603,19.4843,17.8821],"autoUv":false,"rotation":180},"up":{"texture":"#steel","uv":[18.2491,16.9552,18.3963,17.9349],"autoUv":false},"down":{"texture":"#steel","uv":[17.8328,17.5186,18.8126,17.3715],"autoUv":false,"rotation":180}},"children":[]},{"name":"blade 46","from":[11.491,0.0253,-3.4974],"to":[11.994,0.3701,-2.9943],"rotationOrigin":[11.7425,0.146,-3.2459],"rotationX":0,"rotationY":-26.953,"rotationZ":0,"group":"Scene Collection","faces":{"north":{"texture":"#steel","uv":[16.997,17.2603,17.6189,17.8821],"autoUv":false,"rotation":180},"east":{"texture":"#steel","uv":[17.6189,17.2603,18.2407,17.8821],"autoUv":false,"rotation":180},"south":{"texture":"#steel","uv":[18.2407,17.2603,18.8625,17.8821],"autoUv":false,"rotation":180},"west":{"texture":"#steel","uv":[18.8625,17.2603,19.4843,17.8821],"autoUv":false,"rotation":180},"up":{"texture":"#steel","uv":[17.1596,17.153,17.3747,18.1201],"autoUv":false},"down":{"texture":"#steel","uv":[16.7836,17.7441,17.7507,17.529],"autoUv":false,"rotation":180}},"children":[]},{"name":"blade 47","from":[10.78,0.0253,-3.2284],"to":[11.2831,0.3701,-2.7253],"rotationOrigin":[11.0315,0.146,-2.9769],"rotationX":0,"rotationY":-24.4923,"rotationZ":0,"group":"Scene Collection","faces":{"north":{"texture":"#steel","uv":[16.997,17.2603,17.6189,17.8821],"autoUv":false,"rotation":180},"east":{"texture":"#steel","uv":[17.6189,17.2603,18.2407,17.8821],"autoUv":false,"rotation":180},"south":{"texture":"#steel","uv":[18.2407,17.2603,18.8625,17.8821],"autoUv":false,"rotation":180},"west":{"texture":"#steel","uv":[18.8625,17.2603,19.4843,17.8821],"autoUv":false,"rotation":180},"up":{"texture":"#steel","uv":[16.1174,17.4359,16.3738,18.3929],"autoUv":false},"down":{"texture":"#steel","uv":[15.7671,18.0426,16.7241,17.7862],"autoUv":false,"rotation":180}},"children":[]},{"name":"blade 48","from":[10.0596,0.0253,-2.9656],"to":[10.5627,0.3701,-2.4625],"rotationOrigin":[10.3112,0.146,-2.714],"rotationX":0,"rotationY":-25.3727,"rotationZ":0,"group":"Scene Collection","faces":{"north":{"texture":"#steel","uv":[16.997,17.2603,17.6189,17.8821],"autoUv":false,"rotation":180},"east":{"texture":"#steel","uv":[17.6189,17.2603,18.2407,17.8821],"autoUv":false,"rotation":180},"south":{"texture":"#steel","uv":[18.2407,17.2603,18.8625,17.8821],"autoUv":false,"rotation":180},"west":{"texture":"#steel","uv":[18.8625,17.2603,19.4843,17.8821],"autoUv":false,"rotation":180},"up":{"texture":"#steel","uv":[15.0911,17.702,15.3328,18.6628],"autoUv":false},"down":{"texture":"#steel","uv":[14.7316,18.3032,15.6924,18.0616],"autoUv":false,"rotation":180}},"children":[]},{"name":"blade 49","from":[9.3734,0.0253,-2.7341],"to":[9.8765,0.3701,-2.231],"rotationOrigin":[9.625,0.146,-2.4826],"rotationX":0,"rotationY":-25.3727,"rotationZ":0,"group":"Scene Collection","faces":{"north":{"texture":"#steel","uv":[16.997,17.2603,17.6189,17.8821],"autoUv":false,"rotation":180},"east":{"texture":"#steel","uv":[17.6189,17.2603,18.2407,17.8821],"autoUv":false,"rotation":180},"south":{"texture":"#steel","uv":[18.2407,17.2603,18.8625,17.8821],"autoUv":false,"rotation":180},"west":{"texture":"#steel","uv":[18.8625,17.2603,19.4843,17.8821],"autoUv":false,"rotation":180},"up":{"texture":"#steel","uv":[14.109,17.9311,14.3507,18.8919],"autoUv":false},"down":{"texture":"#steel","uv":[13.7494,18.5323,14.7103,18.2907],"autoUv":false,"rotation":180}},"children":[]},{"name":"blade 50","from":[8.6904,0.0253,-2.487],"to":[9.1935,0.3701,-1.984],"rotationOrigin":[8.942,0.146,-2.2355],"rotationX":0,"rotationY":-25.3727,"rotationZ":0,"group":"Scene Collection","faces":{"north":{"texture":"#steel","uv":[16.997,17.2603,17.6189,17.8821],"autoUv":false,"rotation":180},"east":{"texture":"#steel","uv":[17.6189,17.2603,18.2407,17.8821],"autoUv":false,"rotation":180},"south":{"texture":"#steel","uv":[18.2407,17.2603,18.8625,17.8821],"autoUv":false,"rotation":180},"west":{"texture":"#steel","uv":[18.8625,17.2603,19.4843,17.8821],"autoUv":false,"rotation":180},"up":{"texture":"#steel","uv":[13.1292,18.1822,13.3709,19.1431],"autoUv":false},"down":{"texture":"#steel","uv":[12.7697,18.7835,13.7305,18.5418],"autoUv":false,"rotation":180}},"children":[]},{"name":"blade 51","from":[7.9831,0.0253,-2.248],"to":[8.4861,0.3701,-1.7449],"rotationOrigin":[8.2346,0.146,-1.9965],"rotationX":0,"rotationY":-25.3727,"rotationZ":0,"group":"Scene Collection","faces":{"north":{"texture":"#steel","uv":[16.997,17.2603,17.6189,17.8821],"autoUv":false,"rotation":180},"east":{"texture":"#steel","uv":[17.6189,17.2603,18.2407,17.8821],"autoUv":false,"rotation":180},"south":{"texture":"#steel","uv":[18.2407,17.2603,18.8625,17.8821],"autoUv":false,"rotation":180},"west":{"texture":"#steel","uv":[18.8625,17.2603,19.4843,17.8821],"autoUv":false,"rotation":180},"up":{"texture":"#steel","uv":[12.1168,18.419,12.3584,19.3799],"autoUv":false},"down":{"texture":"#steel","uv":[11.7572,19.0203,12.718,18.7786],"autoUv":false,"rotation":180}},"children":[]},{"name":"blade 52","from":[7.2703,0.0253,-1.964],"to":[7.7733,0.3701,-1.4609],"rotationOrigin":[7.5218,0.146,-1.7125],"rotationX":0,"rotationY":-28.0267,"rotationZ":0,"group":"Scene Collection","faces":{"north":{"texture":"#steel","uv":[16.997,17.2603,17.6189,17.8821],"autoUv":false,"rotation":180},"east":{"texture":"#steel","uv":[17.6189,17.2603,18.2407,17.8821],"autoUv":false,"rotation":180},"south":{"texture":"#steel","uv":[18.2407,17.2603,18.8625,17.8821],"autoUv":false,"rotation":180},"west":{"texture":"#steel","uv":[18.8625,17.2603,19.4843,17.8821],"autoUv":false,"rotation":180},"up":{"texture":"#steel","uv":[11.1132,18.7123,11.3101,19.6833],"autoUv":false},"down":{"texture":"#steel","uv":[10.7261,19.2963,11.6971,19.0993],"autoUv":false,"rotation":180}},"children":[]},{"name":"blade 53","from":[6.5623,0.0253,-1.72],"to":[7.0654,0.3701,-1.2169],"rotationOrigin":[6.8138,0.146,-1.4684],"rotationX":0,"rotationY":-25.359,"rotationZ":0,"group":"Scene Collection","faces":{"north":{"texture":"#steel","uv":[16.997,17.2603,17.6189,17.8821],"autoUv":false,"rotation":180},"east":{"texture":"#steel","uv":[17.6189,17.2603,18.2407,17.8821],"autoUv":false,"rotation":180},"south":{"texture":"#steel","uv":[18.2407,17.2603,18.8625,17.8821],"autoUv":false,"rotation":180},"west":{"texture":"#steel","uv":[18.8625,17.2603,19.4843,17.8821],"autoUv":false,"rotation":180},"up":{"texture":"#steel","uv":[10.0767,18.9611,10.3186,19.9218],"autoUv":false},"down":{"texture":"#steel","uv":[9.7172,19.5624,10.678,19.3205],"autoUv":false,"rotation":180}},"children":[]},{"name":"blade 54","from":[5.8318,0.0253,-1.4989],"to":[6.3348,0.3701,-0.9958],"rotationOrigin":[6.0833,0.146,-1.2473],"rotationX":0,"rotationY":-32.6951,"rotationZ":0,"group":"Scene Collection","faces":{"north":{"texture":"#steel","uv":[16.997,17.2603,17.6189,17.8821],"autoUv":false,"rotation":180},"east":{"texture":"#steel","uv":[17.6189,17.2603,18.2407,17.8821],"autoUv":false,"rotation":180},"south":{"texture":"#steel","uv":[18.2407,17.2603,18.8625,17.8821],"autoUv":false,"rotation":180},"west":{"texture":"#steel","uv":[18.8625,17.2603,19.4843,17.8821],"autoUv":false,"rotation":180},"up":{"texture":"#steel","uv":[9.0968,19.1583,9.2141,20.1421],"autoUv":false},"down":{"texture":"#steel","uv":[8.6636,19.7088,9.6474,19.5916],"autoUv":false,"rotation":180}},"children":[]},{"name":"blade 55","from":[5.0965,0.0253,-1.3645],"to":[5.5995,0.3701,-0.8614],"rotationOrigin":[5.348,0.146,-1.1129],"rotationX":0,"rotationY":-39.4737,"rotationZ":0,"group":"Scene Collection","faces":{"north":{"texture":"#steel","uv":[16.997,17.2603,17.6189,17.8821],"autoUv":false,"rotation":180},"east":{"texture":"#steel","uv":[17.6189,17.2603,18.2407,17.8821],"autoUv":false,"rotation":180},"south":{"texture":"#steel","uv":[18.2407,17.2603,18.8625,17.8821],"autoUv":false,"rotation":180},"west":{"texture":"#steel","uv":[18.8625,17.2603,19.4843,17.8821],"autoUv":false,"rotation":180},"up":{"texture":"#steel","uv":[8.1181,19.2429,8.1184,20.2336],"autoUv":false},"down":{"texture":"#steel","uv":[7.6229,19.7384,8.6136,19.7381],"autoUv":false,"rotation":180}},"children":[]},{"name":"blade 58","from":[2.8725,0.0253,-1.2318],"to":[3.3755,0.3701,-0.7287],"rotationOrigin":[3.124,0.146,-0.9803],"rotationX":0,"rotationY":-45.5028,"rotationZ":0,"group":"Scene Collection","faces":{"north":{"texture":"#steel","uv":[16.997,17.2603,17.6189,17.8821],"autoUv":false,"rotation":180},"east":{"texture":"#steel","uv":[17.6189,17.2603,18.2407,17.8821],"autoUv":false,"rotation":180},"south":{"texture":"#steel","uv":[18.2407,17.2603,18.8625,17.8821],"autoUv":false,"rotation":180},"west":{"texture":"#steel","uv":[18.8625,17.2603,19.4843,17.8821],"autoUv":false,"rotation":180},"up":{"texture":"#steel","uv":[4.9658,19.1321,5.0696,20.1174],"autoUv":false,"rotation":270},"down":{"texture":"#steel","uv":[4.525,19.6767,5.5104,19.5729],"autoUv":false,"rotation":270}},"children":[]},{"name":"blade 59","from":[1.9282,0.0253,-1.4085],"to":[2.4313,0.3701,-0.9054],"rotationOrigin":[2.1798,0.146,-1.157],"rotationX":0,"rotationY":-67.418,"rotationZ":0,"group":"Scene Collection","faces":{"north":{"texture":"#steel","uv":[16.997,17.2603,17.6189,17.8821],"autoUv":false,"rotation":180},"east":{"texture":"#steel","uv":[17.6189,17.2603,18.2407,17.8821],"autoUv":false,"rotation":180},"south":{"texture":"#steel","uv":[18.2407,17.2603,18.8625,17.8821],"autoUv":false,"rotation":180},"west":{"texture":"#steel","uv":[18.8625,17.2603,19.4843,17.8821],"autoUv":false,"rotation":180},"up":{"texture":"#steel","uv":[3.5005,18.8159,3.9645,19.6913],"autoUv":false,"rotation":270},"down":{"texture":"#steel","uv":[3.2948,19.4856,4.1702,19.0216],"autoUv":false,"rotation":270}},"children":[]},{"name":"blade 60","from":[20.7026,0.0253,-4.2307],"to":[21.1099,0.3701,-3.8235],"rotationOrigin":[20.9062,0.146,-4.0271],"rotationX":0,"rotationY":-46.6412,"rotationZ":0,"group":"Scene Collection","faces":{"north":{"texture":"#steel","uv":[17.159,17.3008,17.6998,17.8416],"autoUv":false,"rotation":180},"east":{"texture":"#steel","uv":[17.6998,17.3008,18.2407,17.8416],"autoUv":false,"rotation":180},"south":{"texture":"#steel","uv":[18.2407,17.3008,18.7815,17.8416],"autoUv":false,"rotation":180},"west":{"texture":"#steel","uv":[18.7815,17.3008,19.3223,17.8416],"autoUv":false,"rotation":180},"up":{"texture":"#steel","uv":[30.024,17.3809,30.1238,18.1767],"autoUv":false,"rotation":270},"down":{"texture":"#steel","uv":[29.676,17.8287,30.4718,17.7288],"autoUv":false,"rotation":270}},"children":[]},{"name":"blade 61","from":[-1.1057,-0.2807,-0.6109],"to":[1.0823,0.6762,0.1467],"rotationOrigin":[0.0373,0.1977,-0.1739],"rotationX":0,"rotationY":-3.1304,"rotationZ":0,"group":"Scene Collection","faces":{"north":{"texture":"#steel","uv":[1.187,20.8769,3.9765,21.0906],"autoUv":false,"rotation":180},"east":{"texture":"#steel","uv":[3.9109,21.0906,3.9765,21.9466],"autoUv":false,"rotation":90},"south":{"texture":"#steel","uv":[5.1647,21.5931,2.8923,22.3773],"autoUv":false,"rotation":180},"west":{"texture":"#steel","uv":[1.1214,20.8769,1.187,21.733],"autoUv":false,"rotation":270},"up":{"texture":"#steel","uv":[0.5563,20.5659,3.488,21.9087],"autoUv":false},"down":{"texture":"#steel","uv":[0.455,21.6162,3.5893,20.8585],"autoUv":false,"rotation":180}},"children":[]},{"name":"blade 62","from":[0.4068,-0.7664,-0.5217],"to":[1.0834,-0.0898,0.2359],"rotationOrigin":[1.6679,-0.5193,-0.0848],"rotationX":0,"rotationY":-3.1304,"rotationZ":-45,"group":"Scene Collection","faces":{"north":{"texture":"#steel","uv":[1.187,20.8769,1.7485,20.92],"autoUv":false,"rotation":180},"east":{"texture":"#steel","uv":[1.7485,20.92,3.9109,21.9466],"autoUv":false,"rotation":180},"south":{"texture":"#steel","uv":[3.4724,21.6741,2.7697,22.526],"autoUv":false,"rotation":180},"west":{"texture":"#steel","uv":[1.1214,20.8769,1.187,21.733],"autoUv":false,"rotation":270},"up":{"texture":"#steel","uv":[0.3926,20.5501,1.2293,21.6908],"autoUv":false},"down":{"texture":"#steel","uv":[0.2913,21.6004,1.3306,20.6406],"autoUv":false,"rotation":180}},"children":[]}]},{"name":"cloths","from":[-13.0421,-1.4767,-0.2519],"to":[-11.5183,-0.2753,1.1909],"rotationOrigin":[-12.2802,-0.876,0.4695],"rotationX":-90.0009,"rotationY":98.2203,"rotationZ":0.0009,"group":"Scene Collection","faces":{"north":{"texture":"#rivet","uv":[19.438,0.3575,19.3512,3.58],"autoUv":false,"rotation":90},"east":{"texture":"#rivet","uv":[14.1236,0.0068,17.153,2.9781],"autoUv":false,"rotation":180},"south":{"texture":"#rivet","uv":[22.8409,0.2636,22.9276,3.486],"autoUv":false},"west":{"texture":"#rivet","uv":[17.153,0.0068,14.1236,2.9781],"autoUv":false,"rotation":180},"up":{"texture":"#rivet","uv":[17.153,0.0068,14.1236,2.9781],"autoUv":false,"rotation":270},"down":{"texture":"#rivet","uv":[17.153,2.9781,14.1236,0.0068],"autoUv":false,"rotation":270}},"children":[{"name":"cloth","from":[-0.0574,0.0067,1.377],"to":[1.4665,1.1947,1.8221],"rotationOrigin":[0.7046,0.6007,2.0984],"rotationX":0,"rotationY":-4.7702,"rotationZ":0,"group":"Scene Collection","faces":{"north":{"texture":"#rivet","uv":[22.4449,0.2988,22.9276,3.486],"autoUv":false,"rotation":180},"east":{"texture":"#rivet","uv":[17.0191,0.0068,17.9617,2.9781],"autoUv":false,"rotation":180},"south":{"texture":"#rivet","uv":[13.0425,1.5547,13.9317,2.2229],"autoUv":false,"rotation":180},"west":{"texture":"#rivet","uv":[17.9617,0.0068,17.0191,2.9781],"autoUv":false,"rotation":180},"up":{"texture":"#rivet","uv":[17.9617,0.0068,17.0191,2.9781],"autoUv":false,"rotation":270},"down":{"texture":"#rivet","uv":[17.9617,2.9781,17.0191,0.0068],"autoUv":false,"rotation":270}},"children":[]},{"name":"cloth 01","from":[-0.0447,0.002,-1.3925],"to":[1.4791,1.1994,0.0504],"rotationOrigin":[0.7172,0.6007,-0.6711],"rotationX":0,"rotationY":3.6775,"rotationZ":0,"group":"Scene Collection","faces":{"north":{"texture":"#rivet","uv":[15.9495,0.2285,16.0696,3.4499],"autoUv":false,"rotation":90},"east":{"texture":"#rivet","uv":[11.2307,0.0068,14.2257,2.9781],"autoUv":false,"rotation":180},"south":{"texture":"#rivet","uv":[19.438,0.3586,19.5581,3.58],"autoUv":false,"rotation":270},"west":{"texture":"#rivet","uv":[14.2257,0.0068,11.2307,2.9781],"autoUv":false,"rotation":180},"up":{"texture":"#rivet","uv":[14.2257,0.0068,11.2307,2.9781],"autoUv":false,"rotation":270},"down":{"texture":"#rivet","uv":[14.2257,2.9781,11.2307,0.0068],"autoUv":false,"rotation":270}},"children":[]},{"name":"cloth 02","from":[-0.1835,-0.0036,-2.4614],"to":[1.3404,1.205,-1.3297],"rotationOrigin":[0.5784,0.6007,-2.0511],"rotationX":0,"rotationY":7.806,"rotationZ":0,"group":"Scene Collection","faces":{"north":{"texture":"#rivet","uv":[13.0425,0.875,13.9317,1.5547],"autoUv":false,"rotation":180},"east":{"texture":"#rivet","uv":[9.0362,0.0068,11.3437,2.9781],"autoUv":false,"rotation":180},"south":{"texture":"#rivet","uv":[15.9495,0.2456,16.3012,3.4499],"autoUv":false,"rotation":270},"west":{"texture":"#rivet","uv":[11.3437,0.0068,9.0362,2.9781],"autoUv":false,"rotation":180},"up":{"texture":"#rivet","uv":[11.3437,0.0068,9.0362,2.9781],"autoUv":false,"rotation":270},"down":{"texture":"#rivet","uv":[11.3437,2.9781,9.0362,0.0068],"autoUv":false,"rotation":270}},"children":[]},{"name":"cloth 03","from":[-1.2469,0.3221,6.2522],"to":[0.4494,0.8621,7.1388],"rotationOrigin":[-0.7352,0.5921,6.8523],"rotationX":0,"rotationY":-21.7406,"rotationZ":0.0001,"group":"Scene Collection","faces":{"north":{"texture":"#rivet","uv":[10.2326,0.9125,10.7885,2.6105],"autoUv":false,"rotation":90},"east":{"texture":"#rivet","uv":[10.0241,2.0062,12.9888,2.9891],"autoUv":false},"south":{"texture":"#rivet","uv":[10.7885,0.6991,10.2326,2.3971],"autoUv":false,"rotation":270},"west":{"texture":"#rivet","uv":[16.1754,0.1455,14.4554,2.9781],"autoUv":false,"rotation":180},"up":{"texture":"#rivet","uv":[12.9888,0.4184,10.0241,2.9891],"autoUv":false,"rotation":270},"down":{"texture":"#rivet","uv":[12.9888,2.9891,10.0241,0.4184],"autoUv":false,"rotation":270}},"children":[]},{"name":"cloth 04","from":[-1.5634,0.6049,6.126],"to":[-1.1817,0.9867,7.0126],"rotationOrigin":[-1.0517,0.8749,6.726],"rotationX":0.0001,"rotationY":-21.7406,"rotationZ":45.0001,"group":"Scene Collection","faces":{"north":{"texture":"#rivet","uv":[10.2326,0.9125,10.7885,0.9125],"autoUv":false,"rotation":90},"east":{"texture":"#rivet","uv":[14.4554,0.0068,16.1825,1.637],"autoUv":false,"rotation":180},"south":{"texture":"#rivet","uv":[10.5106,0.4288,10.5106,0.9693],"autoUv":false,"rotation":270},"west":{"texture":"#rivet","uv":[10.0241,0.0092,12.9888,0.4184],"autoUv":false},"up":{"texture":"#rivet","uv":[12.9888,0.0092,10.0241,0.4184],"autoUv":false,"rotation":270},"down":{"texture":"#rivet","uv":[16.064,0.9546,14.367,0.4156],"autoUv":false,"rotation":270}},"children":[]}]},{"name":"handguard","from":[-10.5262,-0.622,0.4965],"to":[-8.4699,0.7637,1.155],"rotationOrigin":[-10.7563,0.0709,0.4695],"rotationX":-90.0695,"rotationY":90.1431,"rotationZ":0.0704,"group":"Scene Collection","faces":{"north":{"texture":"#handguard","uv":[19.2823,19.0744,23.5066,21.9211],"autoUv":false,"rotation":180},"east":{"texture":"#handguard","uv":[20.6986,16.4067,21.6427,16.6484],"autoUv":false,"rotation":270},"south":{"texture":"#handguard","uv":[23.51,19.0744,19.2857,21.9211],"autoUv":false,"rotation":180},"west":{"texture":"#handguard","uv":[20.0651,13.9313,21.0093,14.1729],"autoUv":false,"rotation":90},"up":{"texture":"#handguard","uv":[22.9513,12.1426,19.9026,13.8744],"autoUv":false,"rotation":180},"down":{"texture":"#handguard","uv":[22.9513,13.8744,19.9026,12.1426],"autoUv":false}},"children":[{"name":"handguard 01","from":[-0.9788,0.0038,-0.5493],"to":[-0.2859,1.3819,0.0796],"rotationOrigin":[-1.3315,0.6929,-0.6059],"rotationX":0.0001,"rotationY":-30.2004,"rotationZ":0.0002,"group":"Scene Collection","faces":{"north":{"texture":"#handguard","uv":[17.1128,19.0823,18.3448,21.9132],"autoUv":false,"rotation":180},"east":{"texture":"#handguard","uv":[19.8532,12.8773,20.5164,13.5302],"autoUv":false,"rotation":270},"south":{"texture":"#handguard","uv":[17.6977,19.0823,16.4658,21.9132],"autoUv":false,"rotation":180},"west":{"texture":"#handguard","uv":[19.1339,12.1467,19.797,12.7995],"autoUv":false,"rotation":90},"up":{"texture":"#handguard","uv":[18.9433,12.1426,17.967,13.8744],"autoUv":false,"rotation":180},"down":{"texture":"#handguard","uv":[18.9433,13.8744,17.967,12.1426],"autoUv":false}},"children":[]},{"name":"handguard 02","from":[-1.21,-0.0206,-5.4648],"to":[0.6069,1.4063,-4.892],"rotationOrigin":[-0.784,0.9443,-5.1176],"rotationX":0.0001,"rotationY":21.9945,"rotationZ":-0.0001,"group":"Scene Collection","faces":{"north":{"texture":"#handguard","uv":[16.5662,19.0321,20.0234,21.9634],"autoUv":false,"rotation":180},"east":{"texture":"#handguard","uv":[11.658,16.8982,12.4981,17.0109],"autoUv":false,"rotation":180},"south":{"texture":"#handguard","uv":[20.4668,19.0321,17.0096,21.9634],"autoUv":false,"rotation":180},"west":{"texture":"#handguard","uv":[12.0154,14.2334,12.8556,14.3461],"autoUv":false},"up":{"texture":"#handguard","uv":[7.218,12.1426,4.5491,13.8744],"autoUv":false},"down":{"texture":"#handguard","uv":[7.218,13.8744,4.5491,12.1426],"autoUv":false,"rotation":180}},"children":[]},{"name":"handguard 03","from":[-1.3183,-0.0199,-5.0408],"to":[-0.9133,1.4056,-4.6358],"rotationOrigin":[-1.2918,0.9443,-4.8614],"rotationX":0.0005,"rotationY":66.9945,"rotationZ":-0.0006,"group":"Scene Collection","faces":{"north":{"texture":"#handguard","uv":[16.2429,19.0336,16.5662,21.9618],"autoUv":false,"rotation":180},"east":{"texture":"#handguard","uv":[12.0154,14.2334,12.3792,14.7098],"autoUv":false,"rotation":180},"south":{"texture":"#handguard","uv":[12.3792,14.3461,12.8556,14.7098],"autoUv":false,"rotation":270},"west":{"texture":"#handguard","uv":[17.0096,19.0336,16.2429,21.9618],"autoUv":false,"rotation":180},"up":{"texture":"#handguard","uv":[7.9016,12.1426,7.3066,13.8744],"autoUv":false},"down":{"texture":"#handguard","uv":[7.9016,13.8744,7.3066,12.1426],"autoUv":false,"rotation":180}},"children":[]},{"name":"handguard 04","from":[-1.5776,0.4291,-0.8996],"to":[-0.6329,0.9566,-0.2647],"rotationOrigin":[-1.9303,0.6327,-0.9545],"rotationX":0.0001,"rotationY":-30.2004,"rotationZ":0.0002,"group":"Scene Collection","faces":{"north":{"texture":"#handguard","uv":[15.8827,19.9559,17.5623,21.0395],"autoUv":false,"rotation":180},"east":{"texture":"#handguard","uv":[20.0584,12.4121,19.3953,13.065],"autoUv":false},"south":{"texture":"#handguard","uv":[16.909,19.9559,15.2294,21.0395],"autoUv":false,"rotation":180},"west":{"texture":"#handguard","uv":[18.4145,11.416,19.0777,12.0689],"autoUv":false,"rotation":90},"up":{"texture":"#handguard","uv":[18.0229,12.1426,16.6236,13.8744],"autoUv":false,"rotation":180},"down":{"texture":"#handguard","uv":[18.0229,13.8744,16.6236,12.1426],"autoUv":false}},"children":[]},{"name":"handguard 05","from":[-1.6534,0.43,-1.5948],"to":[-0.7088,0.9552,-0.966],"rotationOrigin":[-2.0061,0.6327,-1.6515],"rotationX":0.0004,"rotationY":-60.7481,"rotationZ":0.0005,"group":"Scene Collection","faces":{"north":{"texture":"#handguard","uv":[15.4069,19.9577,16.3594,21.0367],"autoUv":false,"rotation":180},"east":{"texture":"#handguard","uv":[18.8384,11.416,19.0777,12.3153],"autoUv":false,"rotation":270},"south":{"texture":"#handguard","uv":[15.2338,19.9577,14.2814,21.0367],"autoUv":false,"rotation":180},"west":{"texture":"#handguard","uv":[17.4875,11.0566,17.7268,11.9559],"autoUv":false,"rotation":90},"up":{"texture":"#handguard","uv":[16.4885,12.1426,15.0936,13.8744],"autoUv":false,"rotation":180},"down":{"texture":"#handguard","uv":[16.4885,13.8744,15.0936,12.1426],"autoUv":false}},"children":[]},{"name":"handguard 06","from":[-1.7477,0.4277,-2.3815],"to":[-0.8031,0.9589,-1.7527],"rotationOrigin":[-2.1004,0.6327,-2.4382],"rotationX":0.001,"rotationY":-75.2038,"rotationZ":0.0011,"group":"Scene Collection","faces":{"north":{"texture":"#handguard","uv":[15.0293,19.953,15.5296,21.0442],"autoUv":false,"rotation":180},"east":{"texture":"#handguard","uv":[17.7196,11.0566,17.7268,11.9872],"autoUv":false,"rotation":270},"south":{"texture":"#handguard","uv":[14.2814,19.953,13.7811,21.0442],"autoUv":false,"rotation":180},"west":{"texture":"#handguard","uv":[16.3217,11.0458,16.3289,11.9764],"autoUv":false,"rotation":90},"up":{"texture":"#handguard","uv":[15.2108,12.1426,13.8287,13.8744],"autoUv":false,"rotation":180},"down":{"texture":"#handguard","uv":[15.2108,13.8744,13.8287,12.1426],"autoUv":false}},"children":[]},{"name":"handguard 07","from":[-1.6988,0.4284,-3.1946],"to":[-0.7542,0.9578,-2.5657],"rotationOrigin":[-2.0515,0.6327,-3.2512],"rotationX":0.0061,"rotationY":-87.2127,"rotationZ":0.0063,"group":"Scene Collection","faces":{"north":{"texture":"#handguard","uv":[14.9721,19.9544,15.0713,21.042],"autoUv":false,"rotation":180},"east":{"texture":"#handguard","uv":[16.3289,11.0458,16.5155,11.9575],"autoUv":false},"south":{"texture":"#handguard","uv":[13.7811,19.9544,13.6819,21.042],"autoUv":false,"rotation":180},"west":{"texture":"#handguard","uv":[14.9594,11.3261,15.146,12.2378],"autoUv":false,"rotation":180},"up":{"texture":"#handguard","uv":[13.4945,12.1426,12.1082,13.8744],"autoUv":false,"rotation":180},"down":{"texture":"#handguard","uv":[13.4945,13.8744,12.1082,12.1426],"autoUv":false}},"children":[]},{"name":"handguard 08","from":[-1.3795,0.4265,-3.8948],"to":[-0.4348,0.9608,-3.266],"rotationOrigin":[-1.7322,0.6327,-3.9515],"rotationX":-0.0015,"rotationY":-104.4166,"rotationZ":-0.0013,"group":"Scene Collection","faces":{"north":{"texture":"#handguard","uv":[15.4123,19.9504,14.9339,21.0482],"autoUv":false,"rotation":180},"east":{"texture":"#handguard","uv":[14.9594,11.3261,15.4073,12.1419],"autoUv":false},"south":{"texture":"#handguard","uv":[13.6819,19.9504,14.1603,21.0482],"autoUv":false,"rotation":180},"west":{"texture":"#handguard","uv":[13.7341,11.9989,14.182,12.8147],"autoUv":false,"rotation":180},"up":{"texture":"#handguard","uv":[12.2477,12.1426,10.8645,13.8744],"autoUv":false,"rotation":180},"down":{"texture":"#handguard","uv":[12.2477,13.8744,10.8645,12.1426],"autoUv":false}},"children":[]},{"name":"handguard 09","from":[-0.9219,0.4282,-4.555],"to":[0.0227,0.958,-3.9261],"rotationOrigin":[-1.2746,0.6327,-4.6116],"rotationX":-0.0009,"rotationY":-117.6495,"rotationZ":-0.0007,"group":"Scene Collection","faces":{"north":{"texture":"#handguard","uv":[16.2024,19.9541,15.3062,21.0424],"autoUv":false,"rotation":180},"east":{"texture":"#handguard","uv":[13.7341,11.9989,14.3568,12.6905],"autoUv":false},"south":{"texture":"#handguard","uv":[14.1603,19.9541,15.0566,21.0424],"autoUv":false,"rotation":180},"west":{"texture":"#handguard","uv":[12.6953,12.9344,13.318,13.6259],"autoUv":false,"rotation":180},"up":{"texture":"#handguard","uv":[10.6414,12.1426,9.241,13.8744],"autoUv":false,"rotation":180},"down":{"texture":"#handguard","uv":[10.6414,13.8744,9.241,12.1426],"autoUv":false}},"children":[]},{"name":"handguard 10","from":[-0.3032,0.4291,-5.0318],"to":[0.6415,0.9566,-4.403],"rotationOrigin":[-0.6559,0.6327,-5.0885],"rotationX":-0.0007,"rotationY":-133.4187,"rotationZ":-0.0004,"group":"Scene Collection","faces":{"north":{"texture":"#handguard","uv":[17.3274,19.956,15.9971,21.0394],"autoUv":false,"rotation":180},"east":{"texture":"#handguard","uv":[13.4825,12.9344,12.6953,13.4306],"autoUv":false,"rotation":270},"south":{"texture":"#handguard","uv":[15.0566,19.956,16.3869,21.0394],"autoUv":false,"rotation":180},"west":{"texture":"#handguard","uv":[12.737,14.1169,11.9498,14.6132],"autoUv":false,"rotation":90},"up":{"texture":"#handguard","uv":[9.3678,12.1426,8.0168,13.8744],"autoUv":false,"rotation":180},"down":{"texture":"#handguard","uv":[9.3678,13.8744,8.0168,12.1426],"autoUv":false}},"children":[]},{"name":"handguard 11","from":[-1.3129,-0.4523,-0.7424],"to":[-0.333,0.5275,-0.1175],"rotationOrigin":[-1.6656,0.2405,-0.8004],"rotationX":0.0002,"rotationY":-30.2003,"rotationZ":45.0002,"group":"Scene Collection","faces":{"north":{"texture":"#handguard","uv":[15.6113,19.4825,17.6242,21.4955],"autoUv":false},"east":{"texture":"#handguard","uv":[19.8547,12.1494,19.7943,13.5287],"autoUv":false,"rotation":270},"south":{"texture":"#handguard","uv":[18.479,19.6989,16.7368,21.4411],"autoUv":false},"west":{"texture":"#handguard","uv":[18.1068,14.0181,19.9669,14.9745],"autoUv":false},"up":{"texture":"#handguard","uv":[19.9669,14.0181,18.1068,14.9745],"autoUv":false,"rotation":270},"down":{"texture":"#handguard","uv":[19.8547,13.5287,19.7943,12.1494],"autoUv":false}},"children":[]},{"name":"handguard 12","from":[-0.6413,-0.0048,-0.1769],"to":[0.145,1.3906,0.4817],"rotationOrigin":[-0.8713,0.6929,-0.2038],"rotationX":0.0001,"rotationY":-10.7069,"rotationZ":0.0001,"group":"Scene Collection","faces":{"north":{"texture":"#handguard","uv":[17.9457,19.0644,19.5337,21.931],"autoUv":false,"rotation":180},"east":{"texture":"#handguard","uv":[20.1265,13.9313,21.0093,14.3441],"autoUv":false,"rotation":270},"south":{"texture":"#handguard","uv":[19.2857,19.0644,17.6977,21.931],"autoUv":false,"rotation":180},"west":{"texture":"#handguard","uv":[19.6336,12.8773,20.5164,13.2901],"autoUv":false,"rotation":90},"up":{"texture":"#handguard","uv":[19.9521,12.1426,18.7866,13.8744],"autoUv":false,"rotation":180},"down":{"texture":"#handguard","uv":[19.9521,13.8744,18.7866,12.1426],"autoUv":false}},"children":[]},{"name":"handguard 13","from":[1.639,-0.0009,0.5563],"to":[2.1047,1.3867,1.022],"rotationOrigin":[1.409,0.6929,0.3365],"rotationX":0.0002,"rotationY":45,"rotationZ":-0.0002,"group":"Scene Collection","faces":{"north":{"texture":"#handguard","uv":[20.3417,14.1022,20.5125,14.7698],"autoUv":false,"rotation":180},"east":{"texture":"#handguard","uv":[23.5066,19.0725,24.1847,21.923],"autoUv":false,"rotation":180},"south":{"texture":"#handguard","uv":[24.1847,19.0725,23.51,21.923],"autoUv":false,"rotation":180},"west":{"texture":"#handguard","uv":[20.3417,13.9313,21.0093,14.1022],"autoUv":false,"rotation":90},"up":{"texture":"#handguard","uv":[23.2965,12.1426,22.6061,13.8744],"autoUv":false,"rotation":270},"down":{"texture":"#handguard","uv":[23.2965,13.8744,22.6061,12.1426],"autoUv":false,"rotation":270}},"children":[]},{"name":"ornament 1","from":[1.265,0.28,0.821],"to":[1.8932,1.1058,1.4158],"rotationOrigin":[1.596,0.6929,1.1184],"rotationX":0.0002,"rotationY":-4.2029,"rotationZ":0,"group":"Scene Collection","faces":{"north":{"texture":"#handguard","uv":[24.2904,17.9075,25.5473,19.5598],"autoUv":false,"rotation":180},"east":{"texture":"#handguard","uv":[25.7218,20.7467,26.9119,22.399],"autoUv":false,"rotation":180},"south":{"texture":"#handguard","uv":[23.0336,17.9075,24.2904,19.5598],"autoUv":false,"rotation":180},"west":{"texture":"#handguard","uv":[25.5473,17.9075,26.7374,19.5598],"autoUv":false,"rotation":180},"up":{"texture":"#handguard","uv":[22.7317,10.1994,23.9217,11.4562],"autoUv":false,"rotation":90},"down":{"texture":"#handguard","uv":[25.1118,11.4563,23.9217,10.1994],"autoUv":false,"rotation":90}},"children":[]},{"name":"ornament 17","from":[-0.9135,0.6366,8.8653],"to":[-0.5248,1.0253,9.3645],"rotationOrigin":[-0.7191,0.831,8.9691],"rotationX":89.9998,"rotationY":0,"rotationZ":65.4414,"group":"Scene Collection","faces":{"north":{"texture":"#handguard","uv":[5.9431,2.2388,5.2212,2.9459],"autoUv":false,"rotation":180},"east":{"texture":"#handguard","uv":[6.2267,2.2388,5.2295,2.9459],"autoUv":false,"rotation":180},"south":{"texture":"#handguard","uv":[6.2212,2.2388,5.4992,2.9459],"autoUv":false,"rotation":180},"west":{"texture":"#handguard","uv":[6.1337,2.2388,5.2172,2.9459],"autoUv":false,"rotation":180},"up":{"texture":"#handguard","uv":[6.2134,2.2447,5.4923,2.9498],"autoUv":false,"rotation":180},"down":{"texture":"#handguard","uv":[5.2212,3.2443,5.9431,2.2472],"autoUv":false}},"children":[]},{"name":"ornament 18","from":[-0.821,0.5561,8.7163],"to":[-0.5079,1.1058,9.22],"rotationOrigin":[-0.6645,0.831,8.8224],"rotationX":89.9998,"rotationY":0,"rotationZ":110.4414,"group":"Scene Collection","faces":{"north":{"texture":"#handguard","uv":[5.8028,2.2388,5.2212,3.2388],"autoUv":false,"rotation":180},"east":{"texture":"#handguard","uv":[6.2264,2.2388,5.2298,3.2388],"autoUv":false,"rotation":180},"south":{"texture":"#handguard","uv":[6.2212,2.2388,5.6395,3.2388],"autoUv":false,"rotation":180},"west":{"texture":"#handguard","uv":[6.2162,2.2388,5.2182,3.2388],"autoUv":false,"rotation":180},"up":{"texture":"#handguard","uv":[6.2212,2.2475,5.6395,3.244],"autoUv":false,"rotation":180},"down":{"texture":"#handguard","uv":[5.2212,3.244,5.8028,2.2475],"autoUv":false}},"children":[]},{"name":"ornament 19","from":[-0.4496,0.807,8.1079],"to":[-0.2999,0.917,8.6116],"rotationOrigin":[-0.3747,0.8818,8.1632],"rotationX":89.9997,"rotationY":0,"rotationZ":109.3888,"group":"Scene Collection","faces":{"north":{"texture":"#handguard","uv":[6.2212,2.2388,5.2212,3.2388],"autoUv":false,"rotation":180},"east":{"texture":"#handguard","uv":[6.2264,2.2388,5.2298,3.2388],"autoUv":false,"rotation":180},"south":{"texture":"#handguard","uv":[6.2212,2.2388,5.2212,3.2388],"autoUv":false,"rotation":180},"west":{"texture":"#handguard","uv":[6.2125,2.2388,5.216,3.2388],"autoUv":false,"rotation":180},"up":{"texture":"#handguard","uv":[6.2212,2.2475,5.2212,3.244],"autoUv":false,"rotation":180},"down":{"texture":"#handguard","uv":[5.2212,3.244,6.2212,2.2475],"autoUv":false}},"children":[]},{"name":"ornament 2","from":[1.7365,0.2969,0.8415],"to":[2.3204,0.8809,1.4313],"rotationOrigin":[1.835,0.4768,1.136],"rotationX":0.0002,"rotationY":-4.2029,"rotationZ":45,"group":"Scene Collection","faces":{"north":{"texture":"#handguard","uv":[23.0863,7.1668,24.2547,8.3351],"autoUv":false,"rotation":90},"east":{"texture":"#handguard","uv":[26.0765,17.7025,27.2448,18.8825],"autoUv":false,"rotation":90},"south":{"texture":"#handguard","uv":[26.6348,7.2437,27.8031,8.412],"autoUv":false,"rotation":90},"west":{"texture":"#handguard","uv":[25.4665,8.412,26.6348,9.592],"autoUv":false,"rotation":270},"up":{"texture":"#handguard","uv":[25.4665,7.2321,26.6348,8.412],"autoUv":false,"rotation":180},"down":{"texture":"#handguard","uv":[27.8031,9.592,26.6348,8.412],"autoUv":false,"rotation":180}},"children":[]},{"name":"ornament 20","from":[-0.3598,0.4892,8.3038],"to":[-0.2101,0.8017,8.8075],"rotationOrigin":[-0.285,0.8818,8.3591],"rotationX":89.9996,"rotationY":0,"rotationZ":19.3887,"group":"Scene Collection","faces":{"north":{"texture":"#handguard","uv":[6.2212,2.2388,5.2212,3.2388],"autoUv":false,"rotation":180},"east":{"texture":"#handguard","uv":[6.2264,2.2388,5.2298,3.2388],"autoUv":false,"rotation":180},"south":{"texture":"#handguard","uv":[6.2212,2.2388,5.2212,3.2388],"autoUv":false,"rotation":180},"west":{"texture":"#handguard","uv":[6.2125,2.2388,5.216,3.2388],"autoUv":false,"rotation":180},"up":{"texture":"#handguard","uv":[6.2212,2.2475,5.2212,3.244],"autoUv":false,"rotation":180},"down":{"texture":"#handguard","uv":[5.2212,3.244,6.2212,2.2475],"autoUv":false}},"children":[]},{"name":"ornament 21","from":[-0.3507,0.6522,7.8115],"to":[-0.201,1.0521,8.3152],"rotationOrigin":[-0.2758,0.8818,7.8667],"rotationX":89.9997,"rotationY":0,"rotationZ":109.3888,"group":"Scene Collection","faces":{"north":{"texture":"#handguard","uv":[6.2212,2.2388,5.2212,3.2388],"autoUv":false,"rotation":180},"east":{"texture":"#handguard","uv":[6.2264,2.2388,5.2298,3.2388],"autoUv":false,"rotation":180},"south":{"texture":"#handguard","uv":[6.2212,2.2388,5.2212,3.2388],"autoUv":false,"rotation":180},"west":{"texture":"#handguard","uv":[6.2125,2.2388,5.216,3.2388],"autoUv":false,"rotation":180},"up":{"texture":"#handguard","uv":[6.2212,2.2475,5.2212,3.244],"autoUv":false,"rotation":180},"down":{"texture":"#handguard","uv":[5.2212,3.244,6.2212,2.2475],"autoUv":false}},"children":[]},{"name":"ornament 22","from":[-0.6829,0.5029,8.0169],"to":[-0.5332,1.1348,8.5206],"rotationOrigin":[-0.608,0.8818,8.0722],"rotationX":89.9996,"rotationY":0,"rotationZ":19.3887,"group":"Scene Collection","faces":{"north":{"texture":"#handguard","uv":[6.2212,2.2388,5.2212,3.2388],"autoUv":false,"rotation":180},"east":{"texture":"#handguard","uv":[6.2264,2.2388,5.2298,3.2388],"autoUv":false,"rotation":180},"south":{"texture":"#handguard","uv":[6.2212,2.2388,5.2212,3.2388],"autoUv":false,"rotation":180},"west":{"texture":"#handguard","uv":[6.2125,2.2388,5.216,3.2388],"autoUv":false,"rotation":180},"up":{"texture":"#handguard","uv":[6.2212,2.2475,5.2212,3.244],"autoUv":false,"rotation":180},"down":{"texture":"#handguard","uv":[5.2212,3.244,6.2212,2.2475],"autoUv":false}},"children":[]},{"name":"ornament 23","from":[-0.4189,0.6522,8.4573],"to":[-0.2692,1.3518,8.961],"rotationOrigin":[-0.3441,0.8818,8.5125],"rotationX":89.9997,"rotationY":0,"rotationZ":109.3888,"group":"Scene Collection","faces":{"north":{"texture":"#handguard","uv":[6.2212,2.2388,5.2212,3.2388],"autoUv":false,"rotation":180},"east":{"texture":"#handguard","uv":[6.2264,2.2388,5.2298,3.2388],"autoUv":false,"rotation":180},"south":{"texture":"#handguard","uv":[6.2212,2.2388,5.2212,3.2388],"autoUv":false,"rotation":180},"west":{"texture":"#handguard","uv":[6.2125,2.2388,5.216,3.2388],"autoUv":false,"rotation":180},"up":{"texture":"#handguard","uv":[6.2212,2.2475,5.2212,3.244],"autoUv":false,"rotation":180},"down":{"texture":"#handguard","uv":[5.2212,3.244,6.2212,2.2475],"autoUv":false}},"children":[]},{"name":"ornament 24","from":[-0.1406,0.8467,6.8307],"to":[0.0091,0.9567,7.3344],"rotationOrigin":[-0.0657,0.8818,7.2791],"rotationX":-89.9998,"rotationY":0,"rotationZ":-109.3888,"group":"Scene Collection","faces":{"north":{"texture":"#handguard","uv":[5.2212,2.2388,6.2212,3.2388],"autoUv":false},"east":{"texture":"#handguard","uv":[5.216,2.2388,6.2125,3.2388],"autoUv":false},"south":{"texture":"#handguard","uv":[5.2212,2.2388,6.2212,3.2388],"autoUv":false},"west":{"texture":"#handguard","uv":[5.2298,2.2388,6.2264,3.2388],"autoUv":false},"up":{"texture":"#handguard","uv":[5.2212,2.2475,6.2212,3.244],"autoUv":false},"down":{"texture":"#handguard","uv":[6.2212,3.244,5.2212,2.2475],"autoUv":false,"rotation":180}},"children":[]},{"name":"ornament 25","from":[0.0521,0.962,6.7342],"to":[0.2018,1.2744,7.2379],"rotationOrigin":[0.1269,0.8818,7.1826],"rotationX":-89.9998,"rotationY":0,"rotationZ":160.6112,"group":"Scene Collection","faces":{"north":{"texture":"#handguard","uv":[5.2212,2.2388,6.2212,3.2388],"autoUv":false},"east":{"texture":"#handguard","uv":[5.216,2.2388,6.2125,3.2388],"autoUv":false},"south":{"texture":"#handguard","uv":[5.2212,2.2388,6.2212,3.2388],"autoUv":false},"west":{"texture":"#handguard","uv":[5.2298,2.2388,6.2264,3.2388],"autoUv":false},"up":{"texture":"#handguard","uv":[5.2212,2.2475,6.2212,3.244],"autoUv":false},"down":{"texture":"#handguard","uv":[6.2212,3.244,5.2212,2.2475],"autoUv":false,"rotation":180}},"children":[]},{"name":"ornament 26","from":[-0.2491,0.7115,7.1237],"to":[-0.0995,1.1115,7.6274],"rotationOrigin":[-0.1743,0.8818,7.5722],"rotationX":-89.9998,"rotationY":0,"rotationZ":-109.3888,"group":"Scene Collection","faces":{"north":{"texture":"#handguard","uv":[5.2212,2.2388,6.2212,3.2388],"autoUv":false},"east":{"texture":"#handguard","uv":[5.216,2.2388,6.2125,3.2388],"autoUv":false},"south":{"texture":"#handguard","uv":[5.2212,2.2388,6.2212,3.2388],"autoUv":false},"west":{"texture":"#handguard","uv":[5.2298,2.2388,6.2264,3.2388],"autoUv":false},"up":{"texture":"#handguard","uv":[5.2212,2.2475,6.2212,3.244],"autoUv":false},"down":{"texture":"#handguard","uv":[6.2212,3.244,5.2212,2.2475],"autoUv":false,"rotation":180}},"children":[]},{"name":"ornament 27","from":[-0.3794,0.6289,6.7555],"to":[-0.2297,1.2608,7.2592],"rotationOrigin":[-0.3046,0.8818,7.204],"rotationX":-89.9998,"rotationY":0,"rotationZ":160.6112,"group":"Scene Collection","faces":{"north":{"texture":"#handguard","uv":[5.2212,2.2388,6.2212,3.2388],"autoUv":false},"east":{"texture":"#handguard","uv":[5.216,2.2388,6.2125,3.2388],"autoUv":false},"south":{"texture":"#handguard","uv":[5.2212,2.2388,6.2212,3.2388],"autoUv":false},"west":{"texture":"#handguard","uv":[5.2298,2.2388,6.2264,3.2388],"autoUv":false},"up":{"texture":"#handguard","uv":[5.2212,2.2475,6.2212,3.244],"autoUv":false},"down":{"texture":"#handguard","uv":[6.2212,3.244,5.2212,2.2475],"autoUv":false,"rotation":180}},"children":[]},{"name":"ornament 28","from":[0.1021,0.4118,6.5775],"to":[0.2518,1.1115,7.0812],"rotationOrigin":[0.177,0.8818,7.0259],"rotationX":-89.9998,"rotationY":0,"rotationZ":-109.3888,"group":"Scene Collection","faces":{"north":{"texture":"#handguard","uv":[5.2212,2.2388,6.2212,3.2388],"autoUv":false},"east":{"texture":"#handguard","uv":[5.216,2.2388,6.2125,3.2388],"autoUv":false},"south":{"texture":"#handguard","uv":[5.2212,2.2388,6.2212,3.2388],"autoUv":false},"west":{"texture":"#handguard","uv":[5.2298,2.2388,6.2264,3.2388],"autoUv":false},"up":{"texture":"#handguard","uv":[5.2212,2.2475,6.2212,3.244],"autoUv":false},"down":{"texture":"#handguard","uv":[6.2212,3.244,5.2212,2.2475],"autoUv":false,"rotation":180}},"children":[]},{"name":"ornament 29","from":[-0.0757,0.5587,6.1799],"to":[0.074,1.1115,6.6836],"rotationOrigin":[-0.0008,0.8818,6.6284],"rotationX":-89.9998,"rotationY":0,"rotationZ":-109.3888,"group":"Scene Collection","faces":{"north":{"texture":"#handguard","uv":[5.2212,2.2388,6.2212,3.2388],"autoUv":false},"east":{"texture":"#handguard","uv":[5.216,2.2388,6.2125,3.2388],"autoUv":false},"south":{"texture":"#handguard","uv":[5.2212,2.2388,6.2212,3.2388],"autoUv":false},"west":{"texture":"#handguard","uv":[5.2298,2.2388,6.2264,3.2388],"autoUv":false},"up":{"texture":"#handguard","uv":[5.2212,2.2475,6.2212,3.244],"autoUv":false},"down":{"texture":"#handguard","uv":[6.2212,3.244,5.2212,2.2475],"autoUv":false,"rotation":180}},"children":[]},{"name":"ornament 3","from":[0.7196,0.0704,0.8681],"to":[1.1749,1.3154,1.3234],"rotationOrigin":[0.9472,0.6929,1.0957],"rotationX":179.9998,"rotationY":46.9963,"rotationZ":0,"group":"Scene Collection","faces":{"north":{"texture":"#handguard","uv":[13.9305,14.993,14.9921,17.039],"autoUv":false,"rotation":180},"east":{"texture":"#handguard","uv":[14.8792,12.9471,15.8845,14.993],"autoUv":false,"rotation":180},"south":{"texture":"#handguard","uv":[11.8071,14.993,12.8688,17.039],"autoUv":false,"rotation":180},"west":{"texture":"#handguard","uv":[12.8688,12.9471,13.874,14.993],"autoUv":false,"rotation":180},"up":{"texture":"#handguard","uv":[14.9921,15.9773,15.9974,17.039],"autoUv":false,"rotation":90},"down":{"texture":"#handguard","uv":[13.874,12.9471,12.8688,11.8855],"autoUv":false,"rotation":90}},"children":[]},{"name":"ornament 30","from":[0.317,0.6289,5.9812],"to":[0.4667,1.2744,6.4849],"rotationOrigin":[0.3919,0.8818,6.4297],"rotationX":-89.9998,"rotationY":0,"rotationZ":160.6112,"group":"Scene Collection","faces":{"north":{"texture":"#handguard","uv":[5.2212,2.2388,6.2212,3.2388],"autoUv":false},"east":{"texture":"#handguard","uv":[5.216,2.2388,6.2125,3.2388],"autoUv":false},"south":{"texture":"#handguard","uv":[5.2212,2.2388,6.2212,3.2388],"autoUv":false},"west":{"texture":"#handguard","uv":[5.2298,2.2388,6.2264,3.2388],"autoUv":false},"up":{"texture":"#handguard","uv":[5.2212,2.2475,6.2212,3.244],"autoUv":false},"down":{"texture":"#handguard","uv":[6.2212,3.244,5.2212,2.2475],"autoUv":false,"rotation":180}},"children":[]},{"name":"ornament 31","from":[0.2798,0.7115,5.6207],"to":[0.4295,1.1115,6.1244],"rotationOrigin":[0.3547,0.8818,6.0691],"rotationX":-89.9998,"rotationY":0,"rotationZ":-109.3888,"group":"Scene Collection","faces":{"north":{"texture":"#handguard","uv":[5.2212,2.2388,6.2212,3.2388],"autoUv":false},"east":{"texture":"#handguard","uv":[5.216,2.2388,6.2125,3.2388],"autoUv":false},"south":{"texture":"#handguard","uv":[5.2212,2.2388,6.2212,3.2388],"autoUv":false},"west":{"texture":"#handguard","uv":[5.2298,2.2388,6.2264,3.2388],"autoUv":false},"up":{"texture":"#handguard","uv":[5.2212,2.2475,6.2212,3.244],"autoUv":false},"down":{"texture":"#handguard","uv":[6.2212,3.244,5.2212,2.2475],"autoUv":false,"rotation":180}},"children":[]},{"name":"ornament 32","from":[-0.0105,0.6289,5.7073],"to":[0.1392,0.9567,6.211],"rotationOrigin":[0.0643,0.8818,6.1557],"rotationX":-89.9998,"rotationY":0,"rotationZ":160.6112,"group":"Scene Collection","faces":{"north":{"texture":"#handguard","uv":[5.2212,2.2388,6.2212,3.2388],"autoUv":false},"east":{"texture":"#handguard","uv":[5.216,2.2388,6.2125,3.2388],"autoUv":false},"south":{"texture":"#handguard","uv":[5.2212,2.2388,6.2212,3.2388],"autoUv":false},"west":{"texture":"#handguard","uv":[5.2298,2.2388,6.2264,3.2388],"autoUv":false},"up":{"texture":"#handguard","uv":[5.2212,2.2475,6.2212,3.244],"autoUv":false},"down":{"texture":"#handguard","uv":[6.2212,3.244,5.2212,2.2475],"autoUv":false,"rotation":180}},"children":[]},{"name":"ornament 33","from":[0.0298,0.7115,5.8802],"to":[0.1795,0.9567,6.3839],"rotationOrigin":[0.1047,0.8818,6.3286],"rotationX":-89.9998,"rotationY":0,"rotationZ":-109.3888,"group":"Scene Collection","faces":{"north":{"texture":"#handguard","uv":[5.2212,2.2388,6.2212,3.2388],"autoUv":false},"east":{"texture":"#handguard","uv":[5.216,2.2388,6.2125,3.2388],"autoUv":false},"south":{"texture":"#handguard","uv":[5.2212,2.2388,6.2212,3.2388],"autoUv":false},"west":{"texture":"#handguard","uv":[5.2298,2.2388,6.2264,3.2388],"autoUv":false},"up":{"texture":"#handguard","uv":[5.2212,2.2475,6.2212,3.244],"autoUv":false},"down":{"texture":"#handguard","uv":[6.2212,3.244,5.2212,2.2475],"autoUv":false,"rotation":180}},"children":[]},{"name":"ornament 34","from":[0.2743,0.6366,5.4301],"to":[0.663,1.0253,5.9293],"rotationOrigin":[0.4687,0.8309,5.5339],"rotationX":89.9998,"rotationY":0,"rotationZ":-118.5934,"group":"Scene Collection","faces":{"north":{"texture":"#handguard","uv":[5.9431,2.2388,5.2212,2.9459],"autoUv":false,"rotation":180},"east":{"texture":"#handguard","uv":[6.2267,2.2388,5.2295,2.9459],"autoUv":false,"rotation":180},"south":{"texture":"#handguard","uv":[6.2212,2.2388,5.4992,2.9459],"autoUv":false,"rotation":180},"west":{"texture":"#handguard","uv":[6.1337,2.2388,5.2172,2.9459],"autoUv":false,"rotation":180},"up":{"texture":"#handguard","uv":[6.2134,2.2447,5.4923,2.9498],"autoUv":false,"rotation":180},"down":{"texture":"#handguard","uv":[5.2212,3.2443,5.9431,2.2472],"autoUv":false}},"children":[]},{"name":"ornament 35","from":[0.2679,0.5561,5.578],"to":[0.581,1.1058,6.0817],"rotationOrigin":[0.4245,0.8309,5.6841],"rotationX":89.9998,"rotationY":0,"rotationZ":-73.5933,"group":"Scene Collection","faces":{"north":{"texture":"#handguard","uv":[5.8028,2.2388,5.2212,3.2388],"autoUv":false,"rotation":180},"east":{"texture":"#handguard","uv":[6.2264,2.2388,5.2298,3.2388],"autoUv":false,"rotation":180},"south":{"texture":"#handguard","uv":[6.2212,2.2388,5.6395,3.2388],"autoUv":false,"rotation":180},"west":{"texture":"#handguard","uv":[6.2162,2.2388,5.2182,3.2388],"autoUv":false,"rotation":180},"up":{"texture":"#handguard","uv":[6.2212,2.2475,5.6395,3.244],"autoUv":false,"rotation":180},"down":{"texture":"#handguard","uv":[5.2212,3.244,5.8028,2.2475],"autoUv":false}},"children":[]},{"name":"ornament 4","from":[0.6487,0.0704,2.1284],"to":[1.104,1.3154,2.5837],"rotationOrigin":[0.8763,0.6929,2.3561],"rotationX":179.9998,"rotationY":48.4074,"rotationZ":0,"group":"Scene Collection","faces":{"north":{"texture":"#handguard","uv":[14.1314,12.9471,15.1931,14.993],"autoUv":false,"rotation":180},"east":{"texture":"#handguard","uv":[18.2087,12.9471,19.214,14.993],"autoUv":false,"rotation":180},"south":{"texture":"#handguard","uv":[15.1931,14.993,16.2547,17.039],"autoUv":false,"rotation":180},"west":{"texture":"#handguard","uv":[16.1983,12.9471,17.2035,14.993],"autoUv":false,"rotation":180},"up":{"texture":"#handguard","uv":[14.1314,11.8855,15.1366,12.9471],"autoUv":false,"rotation":90},"down":{"texture":"#handguard","uv":[17.2035,12.9471,16.1983,11.8855],"autoUv":false,"rotation":90}},"children":[]}]},{"name":"handle","from":[-11.7598,-1.5279,-0.2023],"to":[-10.3407,-0.4616,1.1413],"rotationOrigin":[-11.0502,-0.9947,0.4695],"rotationX":-90.0022,"rotationY":93.4501,"rotationZ":0.0022,"group":"Scene Collection","faces":{"north":{"texture":"#handle","uv":[22.4449,10.6169,22.9276,13.8041],"autoUv":false,"rotation":180},"east":{"texture":"#handle","uv":[20.086,10.0819,23.1182,11.9394],"autoUv":false,"rotation":180},"south":{"texture":"#handle","uv":[25.8964,10.0941,26.3792,13.2813],"autoUv":false},"west":{"texture":"#handle","uv":[23.3113,10.0819,20.2791,11.9394],"autoUv":false,"rotation":180},"up":{"texture":"#handle","uv":[22.6799,10.1616,19.4509,13.5033],"autoUv":false,"rotation":270},"down":{"texture":"#handle","uv":[22.6799,13.5033,19.4509,10.1616],"autoUv":false,"rotation":270}},"children":[{"name":"handle 01","from":[-0.0534,-0.006,-1.2823],"to":[1.3656,1.0723,0.0613],"rotationOrigin":[0.6561,0.5331,-0.6105],"rotationX":0,"rotationY":4.7702,"rotationZ":0,"group":"Scene Collection","faces":{"north":{"texture":"#handle","uv":[19.438,10.6756,19.3512,13.8981],"autoUv":false,"rotation":90},"east":{"texture":"#handle","uv":[17.0795,10.0819,20.086,11.9394],"autoUv":false,"rotation":180},"south":{"texture":"#handle","uv":[22.8409,10.5817,22.9276,13.8041],"autoUv":false},"west":{"texture":"#handle","uv":[20.5447,10.0819,17.5382,11.9394],"autoUv":false,"rotation":180},"up":{"texture":"#handle","uv":[19.5929,10.1616,16.3646,13.5033],"autoUv":false,"rotation":270},"down":{"texture":"#handle","uv":[19.5929,13.5033,16.3646,10.1616],"autoUv":false,"rotation":270}},"children":[]},{"name":"handle 02","from":[-0.2027,-0.0043,-2.571],"to":[1.2163,1.0705,-1.2274],"rotationOrigin":[0.5068,0.5331,-1.8992],"rotationX":0,"rotationY":8.4477,"rotationZ":0,"group":"Scene Collection","faces":{"north":{"texture":"#handle","uv":[15.9495,10.5467,16.0696,13.768],"autoUv":false,"rotation":90},"east":{"texture":"#handle","uv":[14.107,10.0819,17.0795,11.9394],"autoUv":false,"rotation":180},"south":{"texture":"#handle","uv":[19.438,10.6767,19.5581,13.8981],"autoUv":false,"rotation":270},"west":{"texture":"#handle","uv":[17.7409,10.0819,14.7684,11.9394],"autoUv":false,"rotation":180},"up":{"texture":"#handle","uv":[16.4738,10.1616,13.2611,13.5033],"autoUv":false,"rotation":270},"down":{"texture":"#handle","uv":[16.4738,13.5033,13.2611,10.1616],"autoUv":false,"rotation":270}},"children":[]},{"name":"handle 03","from":[-0.4384,-0.0093,-3.841],"to":[0.9807,1.0755,-2.4974],"rotationOrigin":[0.2712,0.5331,-3.1692],"rotationX":0,"rotationY":12.5761,"rotationZ":0,"group":"Scene Collection","faces":{"north":{"texture":"#handle","uv":[12.8311,10.1828,12.4794,13.3872],"autoUv":false,"rotation":180},"east":{"texture":"#handle","uv":[11.1873,10.0819,14.107,11.9394],"autoUv":false,"rotation":180},"south":{"texture":"#handle","uv":[15.9495,10.5637,16.3012,13.768],"autoUv":false,"rotation":270},"west":{"texture":"#handle","uv":[14.9927,10.0819,12.073,11.9394],"autoUv":false,"rotation":180},"up":{"texture":"#handle","uv":[13.3828,10.1616,10.2035,13.5033],"autoUv":false,"rotation":270},"down":{"texture":"#handle","uv":[13.3828,13.5033,10.2035,10.1616],"autoUv":false,"rotation":270}},"children":[]},{"name":"handle 04","from":[-0.7921,-0.0046,-5.1366],"to":[0.627,1.0708,-3.7145],"rotationOrigin":[-0.0826,0.5331,-4.4256],"rotationX":0,"rotationY":18.6874,"rotationZ":0,"group":"Scene Collection","faces":{"north":{"texture":"#handle","uv":[12.0032,9.9824,11.3123,13.1311],"autoUv":false,"rotation":180},"east":{"texture":"#handle","uv":[8.2092,10.0819,11.1873,11.9394],"autoUv":false,"rotation":180},"south":{"texture":"#handle","uv":[12.4794,10.2385,13.1702,13.3872],"autoUv":false,"rotation":270},"west":{"texture":"#handle","uv":[12.3963,10.0819,9.4181,11.9394],"autoUv":false,"rotation":180},"up":{"texture":"#handle","uv":[10.3805,10.1616,7.0999,13.5033],"autoUv":false,"rotation":270},"down":{"texture":"#handle","uv":[10.3805,13.5033,7.0999,10.1616],"autoUv":false,"rotation":270}},"children":[]},{"name":"handle 05","from":[-0.2322,0.071,3.247],"to":[1.1679,0.7768,4.4865],"rotationOrigin":[0.4678,0.4239,3.8668],"rotationX":-6.6614,"rotationY":-8.2381,"rotationZ":-0.9752,"group":"Scene Collection","faces":{"north":{"texture":"#handle","uv":[9.76,10.621,10.0766,11.8583],"autoUv":false,"rotation":180},"east":{"texture":"#handle","uv":[27.6887,10.0819,30.4625,11.9394],"autoUv":false,"rotation":180},"south":{"texture":"#handle","uv":[10.7041,10.3794,11.0207,11.6167],"autoUv":false},"west":{"texture":"#handle","uv":[30.1952,10.0819,27.4213,11.9394],"autoUv":false,"rotation":180},"up":{"texture":"#handle","uv":[11.0207,10.621,9.76,11.6167],"autoUv":false,"rotation":270},"down":{"texture":"#handle","uv":[30.2719,13.5033,27.3607,10.1616],"autoUv":false,"rotation":270}},"children":[]},{"name":"handle 06","from":[-0.3549,0.1443,4.6214],"to":[0.6351,0.8864,5.6114],"rotationOrigin":[-0.6927,0.5351,4.4426],"rotationX":0.0001,"rotationY":36.7058,"rotationZ":-0.0002,"group":"Scene Collection","faces":{"north":{"texture":"#handle","uv":[9.9839,10.621,9.76,11.4959],"autoUv":false,"rotation":90},"east":{"texture":"#handle","uv":[10.738,11.3029,9.9839,11.4959],"autoUv":false},"south":{"texture":"#handle","uv":[30.4832,10.0819,31.9266,11.9394],"autoUv":false,"rotation":180},"west":{"texture":"#handle","uv":[31.9265,10.0819,30.2159,11.9394],"autoUv":false,"rotation":180},"up":{"texture":"#handle","uv":[31.3682,10.1616,29.0275,13.5033],"autoUv":false},"down":{"texture":"#handle","uv":[31.3682,13.5033,29.0275,10.1616],"autoUv":false,"rotation":180}},"children":[]},{"name":"handle 07","from":[-0.2322,0.2543,3.247],"to":[1.1679,0.9989,4.4865],"rotationOrigin":[0.4678,0.6072,3.8668],"rotationX":6.6612,"rotationY":-8.2381,"rotationZ":0.9753,"group":"Scene Collection","faces":{"north":{"texture":"#handle","uv":[9.76,10.621,10.0766,11.8583],"autoUv":false,"rotation":90},"east":{"texture":"#handle","uv":[10.0766,11.6167,11.0207,11.8583],"autoUv":false,"rotation":180},"south":{"texture":"#handle","uv":[11.0207,10.3794,10.7041,11.6167],"autoUv":false,"rotation":180},"west":{"texture":"#handle","uv":[10.7041,10.3794,9.76,10.621],"autoUv":false,"rotation":90},"up":{"texture":"#handle","uv":[30.2825,10.1616,27.3713,13.5033],"autoUv":false,"rotation":270},"down":{"texture":"#handle","uv":[11.0207,11.6167,9.76,10.621],"autoUv":false,"rotation":270}},"children":[]},{"name":"handle 08","from":[-0.0883,0.002,1.9734],"to":[1.3307,1.0643,3.317],"rotationOrigin":[0.6212,0.5331,2.6452],"rotationX":0,"rotationY":-7.0135,"rotationZ":0,"group":"Scene Collection","faces":{"north":{"texture":"#handle","uv":[12.8311,10.1828,12.4794,13.3872],"autoUv":false,"rotation":180},"east":{"texture":"#handle","uv":[24.748,10.0819,27.7799,11.9394],"autoUv":false,"rotation":180},"south":{"texture":"#handle","uv":[15.9495,10.5637,16.3012,13.768],"autoUv":false,"rotation":270},"west":{"texture":"#handle","uv":[27.5805,10.0819,24.5486,11.9394],"autoUv":false,"rotation":180},"up":{"texture":"#handle","uv":[27.3941,10.1616,24.2049,13.5033],"autoUv":false,"rotation":270},"down":{"texture":"#handle","uv":[27.3941,13.5033,24.2049,10.1616],"autoUv":false,"rotation":270}},"children":[]},{"name":"handle 09","from":[-0.0079,-0.0057,1.5941],"to":[1.4112,1.0719,2.054],"rotationOrigin":[0.7017,0.5331,1.824],"rotationX":0,"rotationY":-0.9022,"rotationZ":0,"group":"Scene Collection","faces":{"north":{"texture":"#handle","uv":[12.0032,9.9824,11.3123,13.1311],"autoUv":false,"rotation":180},"east":{"texture":"#handle","uv":[23.7094,10.0819,24.7481,11.9394],"autoUv":false,"rotation":180},"south":{"texture":"#handle","uv":[12.4794,10.2385,13.1702,13.3872],"autoUv":false,"rotation":270},"west":{"texture":"#handle","uv":[12.0032,9.9824,13.1702,10.2385],"autoUv":false},"up":{"texture":"#handle","uv":[24.3858,10.1616,23.2815,13.5033],"autoUv":false,"rotation":270},"down":{"texture":"#handle","uv":[24.3858,13.5033,23.2815,10.1616],"autoUv":false,"rotation":270}},"children":[]}]}]}],"groups":[]}