{"textureWidth":16,"textureHeight":16,"textures":{"iron":"block/metal/ingot/iron","handguard":"block/metal/sheet/iron1","handle":"block/wood/debarked/aged","string":"block/cloth/burlap/string"},"textureSizes":{"iron":[32,32],"handguard":[32,32],"handle":[32,32],"string":[32,32]},"elements":[{"name":"origin","from":[14.6304,0.4759,7.7288],"to":[14.6304,0.4759,7.7288],"rotationOrigin":[14.6304,0.4759,7.7288],"rotationX":-90,"group":"Scene Collection","faces":{"north":{"texture":"#0","uv":[0,0,4,4],"autoUv":false},"east":{"texture":"#0","uv":[0,0,4,4],"autoUv":false},"south":{"texture":"#0","uv":[0,0,4,4],"autoUv":false},"west":{"texture":"#0","uv":[0,0,4,4],"autoUv":false},"up":{"texture":"#iron","uv":[19.7285,18.9075,19.7285,18.9075],"autoUv":false},"down":{"texture":"#0","uv":[0,0,4,4],"autoUv":false}},"children":[{"name":"blade","from":[-9.622,-1.2376,-0.1095],"to":[-5.3741,-0.8526,1.0514],"rotationOrigin":[-8.0003,-1.0451,0.4709],"rotationX":90,"rotationY":9.3039,"rotationZ":0,"group":"Scene Collection","faces":{"north":{"texture":"#iron","uv":[18.1913,25.3271,18.3609,30.3502],"autoUv":false,"rotation":270},"east":{"texture":"#iron","uv":[18.3609,25.3271,19.7337,25.3734],"autoUv":false,"rotation":180},"south":{"texture":"#iron","uv":[19.5642,25.3734,19.7337,30.3966],"autoUv":false,"rotation":90},"west":{"texture":"#iron","uv":[18.1913,30.3502,19.5642,30.3966],"autoUv":false},"up":{"texture":"#iron","uv":[18.056,25.6123,19.7623,30.7572],"autoUv":false,"rotation":90},"down":{"texture":"#iron","uv":[18.3353,30.8336,19.483,25.536],"autoUv":false,"rotation":90}},"children":[{"name":"blade 01","from":[-0.6463,-0.004,-1.0313],"to":[0.5224,0.389,-0.0994],"rotationOrigin":[-0.1579,0.1925,-0.5346],"rotationY":-40.3186,"group":"Scene Collection","faces":{"north":{"texture":"#iron","uv":[17.1988,29.5639,18.0609,30.645],"autoUv":false,"rotation":270},"east":{"texture":"#iron","uv":[18.0609,29.5639,18.923,30.2513],"autoUv":false,"rotation":180},"south":{"texture":"#iron","uv":[18.0609,30.2513,18.923,31.3324],"autoUv":false,"rotation":90},"west":{"texture":"#iron","uv":[17.1988,30.645,18.0609,31.3324],"autoUv":false},"up":{"texture":"#iron","uv":[16.5314,30.6754,18.3531,30.9332],"autoUv":false,"rotation":90},"down":{"texture":"#iron","uv":[17.3651,31.721,17.5194,29.8876],"autoUv":false,"rotation":180}},"children":[]},{"name":"blade 02","from":[4.0525,-0.0043,-0.5545],"to":[9.1173,0.3894,0.6065],"rotationOrigin":[6.5849,0.1925,0.026],"rotationY":12.9936,"group":"Scene Collection","faces":{"north":{"texture":"#iron","uv":[17.236,19.7558,18.3856,25.6369],"autoUv":false},"east":{"texture":"#iron","uv":[17.236,19.4923,18.5841,19.7558],"autoUv":false,"rotation":270},"south":{"texture":"#iron","uv":[18.5841,19.4923,19.7337,25.3734],"autoUv":false,"rotation":180},"west":{"texture":"#iron","uv":[18.3856,25.3734,19.7337,25.6369],"autoUv":false,"rotation":90},"up":{"texture":"#iron","uv":[18.3547,19.4716,18.6871,25.8588],"autoUv":false,"rotation":90},"down":{"texture":"#iron","uv":[17.2795,25.6123,19.7623,19.718],"autoUv":false,"rotation":90}},"children":[]},{"name":"blade 03","from":[8.985,-0.0076,-1.832],"to":[14.0498,0.3927,-0.4163],"rotationOrigin":[11.5174,0.1925,-1.1241],"rotationY":12.9936,"group":"Scene Collection","faces":{"north":{"texture":"#iron","uv":[15.9249,13.9062,17.0746,19.7873],"autoUv":false},"east":{"texture":"#iron","uv":[15.9249,13.5848,17.5689,13.9062],"autoUv":false,"rotation":270},"south":{"texture":"#iron","uv":[17.5689,13.5848,18.7185,19.466],"autoUv":false,"rotation":180},"west":{"texture":"#iron","uv":[17.0746,19.466,18.7185,19.7873],"autoUv":false,"rotation":90},"up":{"texture":"#iron","uv":[17.1109,13.3062,17.7522,19.7475],"autoUv":false,"rotation":90},"down":{"texture":"#iron","uv":[16.0357,19.447,18.8274,13.6068],"autoUv":false,"rotation":90}},"children":[]},{"name":"blade 04","from":[13.9241,-0.0052,-2.458],"to":[18.9888,0.3902,-1.2538],"rotationOrigin":[16.4564,0.1925,-1.8559],"rotationY":6.2863,"group":"Scene Collection","faces":{"north":{"texture":"#iron","uv":[15.7158,7.8829,16.1707,13.8581],"autoUv":false},"east":{"texture":"#iron","uv":[15.7158,7.7748,17.1364,7.8829],"autoUv":false,"rotation":270},"south":{"texture":"#iron","uv":[17.1364,7.7748,17.5912,13.75],"autoUv":false,"rotation":180},"west":{"texture":"#iron","uv":[16.1707,13.75,17.5912,13.8581],"autoUv":false,"rotation":90},"up":{"texture":"#iron","uv":[16.2923,7.2542,17.4215,13.5619],"autoUv":false,"rotation":90},"down":{"texture":"#iron","uv":[15.9416,13.4785,17.7721,7.3375],"autoUv":false,"rotation":90}},"children":[]},{"name":"blade 05","from":[20.3578,-0.058,-1.8195],"to":[20.8149,0.2196,-1.5419],"rotationOrigin":[21.3829,0.0233,-1.8626],"rotationX":-58.0518,"rotationY":-33.5572,"rotationZ":-41.5537,"group":"Scene Collection","faces":{"north":{"texture":"#iron","uv":[16.9547,9.085,16.8549,9.2572],"autoUv":false},"east":{"texture":"#iron","uv":[17.0016,9.148,17.0016,9.1481],"autoUv":false,"rotation":270},"south":{"texture":"#iron","uv":[16.2084,5.0432,16.8068,5.1734],"autoUv":false,"rotation":90},"west":{"texture":"#iron","uv":[16.808,9.1942,16.9018,9.3203],"autoUv":false},"up":{"texture":"#iron","uv":[16.808,9.148,17.0016,9.1942],"autoUv":false,"rotation":90},"down":{"texture":"#iron","uv":[16.3488,5.3701,16.6664,4.8465],"autoUv":false,"rotation":180}},"children":[]},{"name":"blade 06","from":[-0.5421,-0.058,-2.255],"to":[0.3305,0.2196,-1.9774],"rotationOrigin":[-0.6947,0.0233,-2.298],"rotationX":-49.3275,"rotationY":-21.2023,"rotationZ":-22.8252,"group":"Scene Collection","faces":{"north":{"texture":"#iron","uv":[15.7773,30.3375,15.3802,31.3643],"autoUv":false},"east":{"texture":"#iron","uv":[17.0917,17.5256,17.0917,17.5256],"autoUv":false,"rotation":180},"south":{"texture":"#iron","uv":[15.3802,30.6065,16.1788,31.3643],"autoUv":false,"rotation":90},"west":{"texture":"#iron","uv":[16.9121,17.6877,17.0494,17.7639],"autoUv":false},"up":{"texture":"#iron","uv":[15.1794,30.472,15.978,31.2297],"autoUv":false,"rotation":90},"down":{"texture":"#iron","uv":[15.5809,31.4988,15.978,30.472],"autoUv":false,"rotation":180}},"children":[]},{"name":"blade 07","from":[0.1071,-0.058,-1.6176],"to":[1.3138,0.2196,-1.34],"rotationOrigin":[0.2887,0.0233,-1.6607],"rotationX":-55.3729,"rotationY":-30.7596,"rotationZ":-36.5244,"group":"Scene Collection","faces":{"north":{"texture":"#iron","uv":[16.9049,29.3706,15.9346,30.5209],"autoUv":false},"east":{"texture":"#iron","uv":[17.4179,17.1988,17.4179,17.1988],"autoUv":false,"rotation":180},"south":{"texture":"#iron","uv":[15.9346,29.7375,17.2195,30.5209],"autoUv":false,"rotation":90},"west":{"texture":"#iron","uv":[17.0231,17.4875,17.135,17.5978],"autoUv":false},"up":{"texture":"#iron","uv":[15.7773,29.554,17.0622,30.3375],"autoUv":false,"rotation":90},"down":{"texture":"#iron","uv":[16.0919,30.7043,17.0622,29.554],"autoUv":false,"rotation":180}},"children":[]},{"name":"blade 08","from":[0.8208,-0.058,-0.9022],"to":[1.8049,0.2196,-0.6245],"rotationOrigin":[1.0023,0.0233,-0.9452],"rotationX":-49.4619,"rotationY":-21.4973,"rotationZ":-23.1946,"group":"Scene Collection","faces":{"north":{"texture":"#iron","uv":[17.4062,28.5717,16.9237,29.7087],"autoUv":false},"east":{"texture":"#iron","uv":[17.5709,16.9098,17.5709,16.9098],"autoUv":false,"rotation":180},"south":{"texture":"#iron","uv":[16.9237,28.8439,17.8056,29.7087],"autoUv":false,"rotation":90},"west":{"texture":"#iron","uv":[17.4456,17.214,17.3089,17.2913],"autoUv":false,"rotation":270},"up":{"texture":"#iron","uv":[16.724,28.7078,17.6059,29.5726],"autoUv":false,"rotation":90},"down":{"texture":"#iron","uv":[17.1234,29.8448,17.6059,28.7078],"autoUv":false,"rotation":180}},"children":[]},{"name":"blade 09","from":[-0.703,-0.0052,0.5658],"to":[1.4851,0.3903,1.3234],"rotationOrigin":[0.4401,0.1925,1.0027],"rotationY":-2.447,"group":"Scene Collection","faces":{"north":{"texture":"#iron","uv":[18.9219,28.608,19.1107,31.0736],"autoUv":false,"rotation":270},"east":{"texture":"#iron","uv":[19.1107,28.608,19.8674,28.666],"autoUv":false,"rotation":180},"south":{"texture":"#iron","uv":[6.3949,13.1507,8.4034,13.8438],"autoUv":false},"west":{"texture":"#iron","uv":[18.9219,31.0736,19.6785,31.1316],"autoUv":false},"up":{"texture":"#iron","uv":[18.647,29.0398,19.8338,31.6311],"autoUv":false,"rotation":90},"down":{"texture":"#iron","uv":[18.9056,31.7206,19.5753,28.9502],"autoUv":false,"rotation":90}},"children":[]},{"name":"blade 10","from":[1.4555,-0.0001,0.6597],"to":[4.6209,0.3852,1.3011],"rotationOrigin":[3.0382,0.1925,0.9804],"rotationY":2.4243,"group":"Scene Collection","faces":{"north":{"texture":"#iron","uv":[19.0764,24.9274,19.1086,28.6725],"autoUv":false},"east":{"texture":"#iron","uv":[19.0764,24.9209,19.8353,24.9274],"autoUv":false,"rotation":270},"south":{"texture":"#iron","uv":[8.4034,13.1595,11.2689,13.8349],"autoUv":false},"west":{"texture":"#iron","uv":[19.1086,28.666,19.8674,28.6725],"autoUv":false,"rotation":90},"up":{"texture":"#iron","uv":[19.0444,25.1437,19.8772,29.031],"autoUv":false,"rotation":90},"down":{"texture":"#iron","uv":[19.0878,29.0398,19.8338,25.1349],"autoUv":false,"rotation":90}},"children":[]},{"name":"blade 11","from":[4.5745,-0.0063,0.3795],"to":[7.7399,0.3913,1.0209],"rotationOrigin":[6.1572,0.1925,0.7002],"rotationY":7.8431,"group":"Scene Collection","faces":{"north":{"texture":"#iron","uv":[18.6948,21.2737,19.0804,24.999],"autoUv":false},"east":{"texture":"#iron","uv":[18.6948,21.1955,19.4496,21.2737],"autoUv":false,"rotation":270},"south":{"texture":"#iron","uv":[11.2689,13.1488,14.0654,13.8456],"autoUv":false},"west":{"texture":"#iron","uv":[19.0804,24.9209,19.8353,24.999],"autoUv":false,"rotation":90},"up":{"texture":"#iron","uv":[19.0905,21.261,19.5524,25.2095],"autoUv":false,"rotation":90},"down":{"texture":"#iron","uv":[18.7657,25.1437,19.8772,21.3267],"autoUv":false,"rotation":90}},"children":[]},{"name":"blade 12","from":[7.673,-0.0007,-0.1489],"to":[10.8385,0.3857,0.4924],"rotationOrigin":[9.2557,0.1925,0.1718],"rotationY":11.5131,"group":"Scene Collection","faces":{"north":{"texture":"#iron","uv":[18.0781,17.6288,18.7014,21.3218],"autoUv":false},"east":{"texture":"#iron","uv":[18.0781,17.5025,18.8263,17.6288],"autoUv":false,"rotation":270},"south":{"texture":"#iron","uv":[14.0654,13.1586,16.8009,13.8358],"autoUv":false},"west":{"texture":"#iron","uv":[18.7014,21.1955,19.4496,21.3218],"autoUv":false,"rotation":90},"up":{"texture":"#iron","uv":[18.7716,17.407,18.9798,21.377],"autoUv":false,"rotation":90},"down":{"texture":"#iron","uv":[18.199,21.261,19.5524,17.523],"autoUv":false,"rotation":90}},"children":[]},{"name":"blade 13","from":[10.7655,-0.0031,-0.8023],"to":[13.9309,0.3881,-0.1609],"rotationOrigin":[12.3482,0.1925,-0.4816],"rotationY":12.3458,"group":"Scene Collection","faces":{"north":{"texture":"#iron","uv":[17.4031,13.9561,18.08,17.6397],"autoUv":false},"east":{"texture":"#iron","uv":[17.4031,13.819,18.1494,13.9561],"autoUv":false,"rotation":270},"south":{"texture":"#iron","uv":[16.8009,13.1544,19.521,13.8401],"autoUv":false},"west":{"texture":"#iron","uv":[18.08,17.5025,18.8263,17.6397],"autoUv":false,"rotation":90},"up":{"texture":"#iron","uv":[18.2007,13.5617,18.3513,17.5343],"autoUv":false,"rotation":90},"down":{"texture":"#iron","uv":[17.5722,17.407,18.9798,13.689],"autoUv":false,"rotation":90}},"children":[]},{"name":"blade 14","from":[13.8501,-0.0029,-1.5095],"to":[17.9217,0.388,-0.8681],"rotationOrigin":[15.8859,0.1925,-1.1888],"rotationY":10.4965,"group":"Scene Collection","faces":{"north":{"texture":"#iron","uv":[16.6857,9.1923,17.4031,13.9561],"autoUv":false},"east":{"texture":"#iron","uv":[16.6857,9.0793,17.4361,9.1923],"autoUv":false,"rotation":270},"south":{"texture":"#iron","uv":[19.5031,13.1547,23.0449,13.8398],"autoUv":false},"west":{"texture":"#iron","uv":[17.4031,13.8431,18.1535,13.9561],"autoUv":false,"rotation":90},"up":{"texture":"#iron","uv":[17.5722,8.6172,17.7065,13.689],"autoUv":false,"rotation":90},"down":{"texture":"#iron","uv":[16.9237,13.5869,18.355,8.7194],"autoUv":false,"rotation":90}},"children":[]},{"name":"blade 15","from":[17.8606,-0.0051,-2.0191],"to":[19.1537,0.3902,-1.3777],"rotationOrigin":[18.5072,0.1925,-1.6984],"rotationY":12.6004,"group":"Scene Collection","faces":{"north":{"texture":"#iron","uv":[16.4072,7.7162,16.6904,9.2198],"autoUv":false},"east":{"texture":"#iron","uv":[16.4072,7.5757,17.1529,7.7162],"autoUv":false,"rotation":270},"south":{"texture":"#iron","uv":[23.0449,13.1509,24.1542,13.8436],"autoUv":false},"west":{"texture":"#iron","uv":[16.6904,9.0793,17.4361,9.2198],"autoUv":false,"rotation":90},"up":{"texture":"#iron","uv":[16.9279,7.0475,17.4427,8.748],"autoUv":false,"rotation":90},"down":{"texture":"#iron","uv":[16.6642,8.6172,17.7065,7.1783],"autoUv":false,"rotation":90}},"children":[]},{"name":"blade 16","from":[19.1075,-0.0024,-2.3193],"to":[20.4006,0.3874,-1.6779],"rotationOrigin":[19.754,0.1925,-1.9986],"rotationY":14.4746,"group":"Scene Collection","faces":{"north":{"texture":"#iron","uv":[16.0799,6.247,16.4122,7.7405],"autoUv":false},"east":{"texture":"#iron","uv":[16.0799,6.0822,16.8207,6.247],"autoUv":false,"rotation":270},"south":{"texture":"#iron","uv":[24.1542,13.1556,25.2483,13.8388],"autoUv":false},"west":{"texture":"#iron","uv":[16.4122,7.5757,17.1529,7.7405],"autoUv":false,"rotation":90},"up":{"texture":"#iron","uv":[16.6689,5.4872,17.1277,7.2037],"autoUv":false,"rotation":90},"down":{"texture":"#iron","uv":[16.3539,7.0475,17.4427,5.6434],"autoUv":false,"rotation":90}},"children":[]},{"name":"blade 17","from":[-0.7511,-0.0038,-2.2676],"to":[0.1215,0.3888,-1.6262],"rotationOrigin":[-0.9037,0.1925,-1.9469],"rotationY":-30.7616,"group":"Scene Collection","faces":{"north":{"texture":"#iron","uv":[16.3034,30.2479,16.6316,30.8397],"autoUv":false,"rotation":270},"east":{"texture":"#iron","uv":[16.6316,30.2479,17.2953,30.6159],"autoUv":false,"rotation":180},"south":{"texture":"#iron","uv":[16.967,30.6159,17.2953,31.2077],"autoUv":false,"rotation":90},"west":{"texture":"#iron","uv":[16.3034,30.8397,16.967,31.2077],"autoUv":false},"up":{"texture":"#iron","uv":[15.3802,30.9114,16.6339,31.3642],"autoUv":false,"rotation":90},"down":{"texture":"#iron","uv":[15.978,31.8037,16.036,30.472],"autoUv":false,"rotation":90}},"children":[]},{"name":"blade 18","from":[-0.319,-0.0075,-1.3941],"to":[0.8877,0.3926,-0.7527],"rotationOrigin":[0.2844,0.1925,-1.0734],"rotationY":-46.3261,"group":"Scene Collection","faces":{"north":{"texture":"#iron","uv":[16.594,29.2812,17.596,30.2982],"autoUv":false,"rotation":270},"east":{"texture":"#iron","uv":[17.596,29.2812,18.1366,29.8138],"autoUv":false,"rotation":180},"south":{"texture":"#iron","uv":[17.1345,29.8138,18.1366,30.8308],"autoUv":false,"rotation":90},"west":{"texture":"#iron","uv":[16.594,30.2982,17.1345,30.8308],"autoUv":false},"up":{"texture":"#iron","uv":[15.9346,30.1533,17.576,30.5209],"autoUv":false,"rotation":90},"down":{"texture":"#iron","uv":[16.4485,31.1202,17.0622,29.554],"autoUv":false,"rotation":180}},"children":[]},{"name":"blade 19","from":[0.5479,-0.0069,-0.6978],"to":[1.7546,0.392,0.5],"rotationOrigin":[1.1513,0.1925,-0.3771],"rotationY":-31.2148,"group":"Scene Collection","faces":{"north":{"texture":"#iron","uv":[17.4759,28.1975,18.1782,29.4406],"autoUv":false,"rotation":270},"east":{"texture":"#iron","uv":[18.1782,28.1975,18.8389,28.5708],"autoUv":false,"rotation":180},"south":{"texture":"#iron","uv":[18.1366,28.5708,18.8389,29.8138],"autoUv":false,"rotation":90},"west":{"texture":"#iron","uv":[17.4759,29.4406,18.1366,29.8138],"autoUv":false},"up":{"texture":"#iron","uv":[16.9237,29.3118,18.9786,29.7087],"autoUv":false,"rotation":90},"down":{"texture":"#iron","uv":[17.7602,30.5391,18.1421,28.4814],"autoUv":false,"rotation":90}},"children":[]},{"name":"blade 20","from":[20.3377,0,-2.5501],"to":[20.7975,0.385,-1.9087],"rotationOrigin":[20.5676,0.1925,-2.2294],"rotationY":-51.4195,"group":"Scene Collection","faces":{"north":{"texture":"#iron","uv":[15.9312,5.4733,16.3677,5.7981],"autoUv":false,"rotation":270},"east":{"texture":"#iron","uv":[25.2483,13.1599,25.646,13.8346],"autoUv":false},"south":{"texture":"#iron","uv":[16.3841,6.0822,16.8207,6.4069],"autoUv":false,"rotation":90},"west":{"texture":"#iron","uv":[15.9312,5.7981,16.3841,6.4069],"autoUv":false},"up":{"texture":"#iron","uv":[16.2084,5.1734,17.1277,5.4872],"autoUv":false},"down":{"texture":"#iron","uv":[16.667,5.816,16.6691,4.8446],"autoUv":false,"rotation":180}},"children":[]},{"name":"blade 21","from":[19.3534,-0.0073,-2.6739],"to":[20.6466,0.3923,-2.0326],"rotationOrigin":[20,0.1925,-2.3533],"rotationY":-5.6144,"group":"Scene Collection","faces":{"north":{"texture":"#iron","uv":[15.7302,5.7981,15.9312,7.3149],"autoUv":false,"rotation":270},"east":{"texture":"#iron","uv":[15.9312,5.7981,16.6835,5.8978],"autoUv":false,"rotation":180},"south":{"texture":"#iron","uv":[16.4825,5.8978,16.6835,7.4146],"autoUv":false,"rotation":90},"west":{"texture":"#iron","uv":[15.7302,7.3149,16.4825,7.4146],"autoUv":false},"up":{"texture":"#iron","uv":[15.9683,5.2925,16.9888,6.747],"autoUv":false,"rotation":90},"down":{"texture":"#iron","uv":[16.2084,6.8661,16.7487,5.1734],"autoUv":false,"rotation":90}},"children":[]},{"name":"blade 22","from":[17.3112,-0.0045,-2.8375],"to":[19.3614,0.3896,-2.1961],"rotationOrigin":[18.3363,0.1925,-2.5168],"rotationY":-5.6144,"group":"Scene Collection","faces":{"north":{"texture":"#iron","uv":[15.4116,7.3149,15.7302,9.7197],"autoUv":false,"rotation":270},"east":{"texture":"#iron","uv":[15.7302,7.3149,16.4825,7.4146],"autoUv":false,"rotation":180},"south":{"texture":"#iron","uv":[16.1639,7.4146,16.4825,9.8194],"autoUv":false,"rotation":90},"west":{"texture":"#iron","uv":[15.4116,9.7197,16.1639,9.8194],"autoUv":false},"up":{"texture":"#iron","uv":[15.5876,6.8661,16.7487,9.2418],"autoUv":false,"rotation":90},"down":{"texture":"#iron","uv":[15.9683,9.3609,16.368,6.747],"autoUv":false,"rotation":90}},"children":[]},{"name":"blade 23","from":[15.3012,-0.0019,-2.9236],"to":[17.3515,0.387,-2.2822],"rotationOrigin":[16.3263,0.1925,-2.6029],"rotationY":0.7077,"group":"Scene Collection","faces":{"north":{"texture":"#iron","uv":[15.3597,9.7197,15.4116,12.145],"autoUv":false,"rotation":270},"east":{"texture":"#iron","uv":[15.4116,9.7197,16.1703,9.7359],"autoUv":false,"rotation":180},"south":{"texture":"#iron","uv":[16.1184,9.7359,16.1703,12.1612],"autoUv":false,"rotation":90},"west":{"texture":"#iron","uv":[15.3597,12.145,16.1184,12.1612],"autoUv":false},"up":{"texture":"#iron","uv":[15.4839,9.2742,16.3763,11.7634],"autoUv":false,"rotation":90},"down":{"texture":"#iron","uv":[15.5876,11.7958,16.2727,9.2418],"autoUv":false,"rotation":90}},"children":[]},{"name":"blade 24","from":[13.2798,-0.0003,-2.8206],"to":[15.3301,0.3853,-2.1792],"rotationOrigin":[14.3049,0.1925,-2.4999],"rotationY":5.1273,"group":"Scene Collection","faces":{"north":{"texture":"#iron","uv":[15.3597,12.145,15.4949,14.5671],"autoUv":false},"east":{"texture":"#iron","uv":[15.3597,12.1027,16.1174,12.145],"autoUv":false,"rotation":270},"south":{"texture":"#iron","uv":[16.1174,12.1027,16.2525,14.5248],"autoUv":false,"rotation":180},"west":{"texture":"#iron","uv":[15.4949,14.5248,16.2525,14.5671],"autoUv":false,"rotation":90},"up":{"texture":"#iron","uv":[15.5748,11.7349,16.2728,14.2854],"autoUv":false,"rotation":90},"down":{"texture":"#iron","uv":[15.4839,14.257,16.3638,11.7634],"autoUv":false,"rotation":90}},"children":[]},{"name":"blade 25","from":[11.304,-0.0051,-2.5042],"to":[13.3543,0.3901,-1.8628],"rotationOrigin":[12.3292,0.1925,-2.1835],"rotationY":13.0713,"group":"Scene Collection","faces":{"north":{"texture":"#iron","uv":[15.4949,14.5671,15.9635,16.9472],"autoUv":false},"east":{"texture":"#iron","uv":[15.4949,14.4205,16.2394,14.5671],"autoUv":false,"rotation":270},"south":{"texture":"#iron","uv":[16.2394,14.4205,16.708,16.8007],"autoUv":false,"rotation":180},"west":{"texture":"#iron","uv":[15.9635,16.8007,16.708,16.9472],"autoUv":false,"rotation":90},"up":{"texture":"#iron","uv":[16.0135,14.1482,16.3523,16.7707],"autoUv":false,"rotation":90},"down":{"texture":"#iron","uv":[15.5748,16.6335,16.7909,14.2854],"autoUv":false,"rotation":90}},"children":[]},{"name":"blade 26","from":[9.3584,-0.0044,-1.9609],"to":[11.4087,0.3895,-1.3196],"rotationOrigin":[10.3836,0.1925,-1.6403],"rotationY":18.1286,"group":"Scene Collection","faces":{"north":{"texture":"#iron","uv":[15.9635,16.9472,16.6401,19.2768],"autoUv":false},"east":{"texture":"#iron","uv":[15.9635,16.7356,16.6922,16.9472],"autoUv":false,"rotation":270},"south":{"texture":"#iron","uv":[16.6922,16.7356,17.3688,19.0652],"autoUv":false,"rotation":180},"west":{"texture":"#iron","uv":[16.6401,19.0652,17.3688,19.2768],"autoUv":false,"rotation":90},"up":{"texture":"#iron","uv":[16.6695,16.5655,16.7758,19.2076],"autoUv":false,"rotation":90},"down":{"texture":"#iron","uv":[16.0135,19.0024,17.4318,16.7707],"autoUv":false,"rotation":90}},"children":[]},{"name":"blade 27","from":[7.41,-0.0018,-1.3591],"to":[9.4603,0.3868,-0.7177],"rotationOrigin":[8.4352,0.1925,-1.0384],"rotationY":16.2024,"group":"Scene Collection","faces":{"north":{"texture":"#iron","uv":[16.6334,19.2522,17.2313,21.6032],"autoUv":false},"east":{"texture":"#iron","uv":[16.6334,19.0652,17.3688,19.2522],"autoUv":false,"rotation":270},"south":{"texture":"#iron","uv":[17.3688,19.0652,17.9667,21.4162],"autoUv":false,"rotation":180},"west":{"texture":"#iron","uv":[17.2313,21.4162,17.9667,21.6032],"autoUv":false,"rotation":90},"up":{"texture":"#iron","uv":[17.2367,19.0024,17.4318,21.6395],"autoUv":false,"rotation":90},"down":{"texture":"#iron","uv":[16.663,21.46,18.0055,19.1819],"autoUv":false,"rotation":90}},"children":[]},{"name":"blade 28","from":[5.4529,0.0001,-0.7698],"to":[7.5032,0.3849,-0.1284],"rotationOrigin":[6.478,0.1925,-0.4491],"rotationY":17.3137,"group":"Scene Collection","faces":{"north":{"texture":"#iron","uv":[17.2313,21.6032,17.8747,23.9422],"autoUv":false},"east":{"texture":"#iron","uv":[17.2313,21.4019,17.963,21.6032],"autoUv":false,"rotation":270},"south":{"texture":"#iron","uv":[17.963,21.4019,18.6064,23.7409],"autoUv":false,"rotation":180},"west":{"texture":"#iron","uv":[17.8747,23.7409,18.6064,23.9422],"autoUv":false,"rotation":90},"up":{"texture":"#iron","uv":[17.858,21.4452,18.0019,24.0855],"autoUv":false,"rotation":90},"down":{"texture":"#iron","uv":[17.2367,23.8912,18.6232,21.6395],"autoUv":false,"rotation":90}},"children":[]},{"name":"blade 29","from":[3.5103,-0.0021,-0.4],"to":[5.5606,0.3871,0.2413],"rotationOrigin":[4.5354,0.1925,-0.0794],"rotationY":5.6958,"group":"Scene Collection","faces":{"north":{"texture":"#iron","uv":[17.8539,23.8392,18.1683,26.2446],"autoUv":false},"east":{"texture":"#iron","uv":[17.8539,23.7409,18.6064,23.8392],"autoUv":false,"rotation":270},"south":{"texture":"#iron","uv":[18.6064,23.7409,18.9207,26.1463],"autoUv":false,"rotation":180},"west":{"texture":"#iron","uv":[18.1683,26.1463,18.9207,26.2446],"autoUv":false,"rotation":90},"up":{"texture":"#iron","uv":[17.9203,23.8987,18.593,26.456],"autoUv":false,"rotation":90},"down":{"texture":"#iron","uv":[17.8044,26.4197,18.709,23.935],"autoUv":false,"rotation":90}},"children":[]},{"name":"blade 30","from":[1.5196,0,-0.3651],"to":[3.5699,0.3851,0.2763],"rotationOrigin":[2.5447,0.1925,-0.0444],"rotationY":-3.6823,"group":"Scene Collection","faces":{"north":{"texture":"#iron","uv":[18.0805,26.1207,18.1623,28.5452],"autoUv":false,"rotation":270},"east":{"texture":"#iron","uv":[18.1623,26.1207,18.9207,26.1463],"autoUv":false,"rotation":180},"south":{"texture":"#iron","uv":[18.8389,26.1463,18.9207,28.5708],"autoUv":false,"rotation":90},"west":{"texture":"#iron","uv":[18.0805,28.5452,18.8389,28.5708],"autoUv":false},"up":{"texture":"#iron","uv":[17.6286,26.4197,18.709,28.8333],"autoUv":false,"rotation":90},"down":{"texture":"#iron","uv":[17.925,28.926,18.4126,26.327],"autoUv":false,"rotation":90}},"children":[]},{"name":"blade 31","from":[1.4223,0.0051,0.5393],"to":[2.8641,0.3815,1.2726],"rotationOrigin":[3.005,0.1976,0.9519],"rotationY":28.8188,"group":"Scene Collection","faces":{"north":{"texture":"#iron","uv":[19.0939,26.9665,19.1086,28.6725],"autoUv":false},"east":{"texture":"#iron","uv":[19.0939,26.96,19.8527,26.9665],"autoUv":false,"rotation":270},"south":{"texture":"#iron","uv":[8.7813,13.166,9.8086,13.8257],"autoUv":false},"west":{"texture":"#iron","uv":[8.3492,13.166,8.7813,13.8257],"autoUv":false},"up":{"texture":"#iron","uv":[19.8128,27.1109,19.8545,29.1016],"autoUv":false,"rotation":90},"down":{"texture":"#iron","uv":[19.0415,28.7094,20.6257,27.5031],"autoUv":false,"rotation":90}},"children":[]},{"name":"blade 32","from":[-0.023,0.0024,-0.096],"to":[1.4189,0.3852,0.5453],"rotationOrigin":[1.5597,0.1976,0.2247],"rotationY":54.1201,"group":"Scene Collection","faces":{"north":{"texture":"#iron","uv":[19.0939,26.9665,19.1086,28.6725],"autoUv":false},"east":{"texture":"#iron","uv":[19.0939,26.96,19.8527,26.9665],"autoUv":false,"rotation":270},"south":{"texture":"#iron","uv":[7.8985,13.1596,8.4949,13.8306],"autoUv":false},"west":{"texture":"#iron","uv":[7.3682,13.1596,7.8985,13.8306],"autoUv":false},"up":{"texture":"#iron","uv":[18.8176,28.6569,19.7018,30.3864],"autoUv":false,"rotation":180},"down":{"texture":"#iron","uv":[18.3214,29.7724,20.198,29.2709],"autoUv":false,"rotation":90}},"children":[]},{"name":"blade 33","from":[-0.9005,-0.0009,-1.5785],"to":[-0.0279,0.386,0.6771],"rotationOrigin":[-1.053,0.1925,-1.2578],"rotationY":6.3056,"group":"Scene Collection","faces":{"north":{"texture":"#iron","uv":[16.3034,30.2479,16.6316,30.8397],"autoUv":false,"rotation":270},"east":{"texture":"#iron","uv":[16.6316,30.2479,17.2953,30.6159],"autoUv":false,"rotation":180},"south":{"texture":"#iron","uv":[16.967,30.6159,17.2953,31.2077],"autoUv":false,"rotation":90},"west":{"texture":"#iron","uv":[16.3034,30.8397,16.967,31.2077],"autoUv":false},"up":{"texture":"#iron","uv":[16.036,30.5743,18.7472,31.8037],"autoUv":false,"rotation":90},"down":{"texture":"#iron","uv":[15.9752,31.6466,18.808,30.7313],"autoUv":false,"rotation":90}},"children":[]},{"name":"blade 34","from":[19.5107,0.0201,-2.9334],"to":[20.0138,0.3649,-2.4303],"rotationOrigin":[19.7622,0.1408,-2.6819],"rotationY":-50.1413,"group":"Scene Collection","faces":{"north":{"texture":"#iron","uv":[15.7252,16.5496,16.2748,17.0992],"autoUv":false,"rotation":270},"east":{"texture":"#iron","uv":[15.7252,16,16.2748,16.5496],"autoUv":false,"rotation":270},"south":{"texture":"#iron","uv":[15.7252,15.4504,16.2748,16],"autoUv":false,"rotation":270},"west":{"texture":"#iron","uv":[15.7252,14.9008,16.2748,15.4504],"autoUv":false,"rotation":270},"up":{"texture":"#iron","uv":[15.6256,6.2279,16.4924,6.3529],"autoUv":false},"down":{"texture":"#iron","uv":[15.9965,6.7238,16.1215,5.857],"autoUv":false,"rotation":180}},"children":[]},{"name":"blade 35","from":[18.8334,0.0201,-2.9533],"to":[19.2407,0.3649,-2.5461],"rotationOrigin":[19.037,0.1408,-2.7497],"rotationY":-51.5113,"group":"Scene Collection","faces":{"north":{"texture":"#iron","uv":[15.761,16.478,16.239,16.9561],"autoUv":false,"rotation":270},"east":{"texture":"#iron","uv":[15.761,16,16.239,16.478],"autoUv":false,"rotation":270},"south":{"texture":"#iron","uv":[15.761,15.522,16.239,16],"autoUv":false,"rotation":270},"west":{"texture":"#iron","uv":[15.761,15.0439,16.239,15.522],"autoUv":false,"rotation":270},"up":{"texture":"#iron","uv":[15.5784,7.1184,16.2774,7.2363],"autoUv":false},"down":{"texture":"#iron","uv":[15.869,7.5268,15.9869,6.8278],"autoUv":false,"rotation":180}},"children":[]},{"name":"blade 36","from":[18.0793,0.0201,-3.0673],"to":[18.5824,0.3649,-2.5642],"rotationOrigin":[18.3309,0.1408,-2.8158],"rotationY":-50.592,"group":"Scene Collection","faces":{"north":{"texture":"#iron","uv":[15.7252,16.5496,16.2748,17.0992],"autoUv":false,"rotation":270},"east":{"texture":"#iron","uv":[15.7252,16,16.2748,16.5496],"autoUv":false,"rotation":270},"south":{"texture":"#iron","uv":[15.7252,15.4504,16.2748,16],"autoUv":false,"rotation":270},"west":{"texture":"#iron","uv":[15.7252,14.9008,16.2748,15.4504],"autoUv":false,"rotation":270},"up":{"texture":"#iron","uv":[15.3674,7.9751,16.2332,8.1068],"autoUv":false},"down":{"texture":"#iron","uv":[15.7344,8.4738,15.8662,7.6081],"autoUv":false,"rotation":180}},"children":[]},{"name":"blade 37","from":[17.405,0.0201,-3.086],"to":[17.8123,0.3649,-2.6788],"rotationOrigin":[17.6087,0.1408,-2.8824],"rotationY":-50.0135,"group":"Scene Collection","faces":{"north":{"texture":"#iron","uv":[15.761,16.478,16.239,16.9561],"autoUv":false,"rotation":270},"east":{"texture":"#iron","uv":[15.761,16,16.239,16.478],"autoUv":false,"rotation":270},"south":{"texture":"#iron","uv":[15.761,15.522,16.239,16],"autoUv":false,"rotation":270},"west":{"texture":"#iron","uv":[15.761,15.0439,16.239,15.522],"autoUv":false,"rotation":270},"up":{"texture":"#iron","uv":[15.32,8.8745,16.0218,8.9741],"autoUv":false},"down":{"texture":"#iron","uv":[15.6211,9.2752,15.7207,8.5733],"autoUv":false,"rotation":180}},"children":[]},{"name":"blade 38","from":[16.6098,0.0201,-3.1552],"to":[17.1129,0.3649,-2.6521],"rotationOrigin":[16.8613,0.1408,-2.9037],"rotationY":-45.6849,"group":"Scene Collection","faces":{"north":{"texture":"#iron","uv":[15.7252,16.5496,16.2748,17.0992],"autoUv":false,"rotation":270},"east":{"texture":"#iron","uv":[15.7252,16,16.2748,16.5496],"autoUv":false,"rotation":270},"south":{"texture":"#iron","uv":[15.7252,15.4504,16.2748,16],"autoUv":false,"rotation":270},"west":{"texture":"#iron","uv":[15.7252,14.9008,16.2748,15.4504],"autoUv":false,"rotation":270},"up":{"texture":"#iron","uv":[15.1587,9.8129,16.0326,9.8701],"autoUv":false},"down":{"texture":"#iron","uv":[15.567,10.2784,15.6243,9.4045],"autoUv":false,"rotation":180}},"children":[]},{"name":"blade 39","from":[15.3402,0.0201,-3.1309],"to":[15.8432,0.3649,-2.6278],"rotationOrigin":[15.5917,0.1408,-2.8793],"rotationY":-45.6849,"group":"Scene Collection","faces":{"north":{"texture":"#iron","uv":[15.7252,16.5496,16.2748,17.0992],"autoUv":false,"rotation":270},"east":{"texture":"#iron","uv":[15.7252,16,16.2748,16.5496],"autoUv":false,"rotation":270},"south":{"texture":"#iron","uv":[15.7252,15.4504,16.2748,16],"autoUv":false,"rotation":270},"west":{"texture":"#iron","uv":[15.7252,14.9008,16.2748,15.4504],"autoUv":false,"rotation":270},"up":{"texture":"#iron","uv":[15.1052,11.375,15.979,11.4322],"autoUv":false},"down":{"texture":"#iron","uv":[15.5135,11.8405,15.5707,10.9667],"autoUv":false,"rotation":180}},"children":[]},{"name":"blade 40","from":[14.0221,0.0201,-3.035],"to":[14.5252,0.3649,-2.5319],"rotationOrigin":[14.2737,0.1408,-2.7834],"rotationY":-40.151,"group":"Scene Collection","faces":{"north":{"texture":"#iron","uv":[15.7252,16.5496,16.2748,17.0992],"autoUv":false,"rotation":270},"east":{"texture":"#iron","uv":[15.7252,16,16.2748,16.5496],"autoUv":false,"rotation":270},"south":{"texture":"#iron","uv":[15.7252,15.4504,16.2748,16],"autoUv":false,"rotation":270},"west":{"texture":"#iron","uv":[15.7252,14.9008,16.2748,15.4504],"autoUv":false,"rotation":270},"up":{"texture":"#iron","uv":[15.1357,13.0163,16.011,13.0436],"autoUv":false,"rotation":90},"down":{"texture":"#iron","uv":[15.5597,13.4676,15.587,12.5923],"autoUv":false,"rotation":90}},"children":[]},{"name":"blade 41","from":[15.9994,0.0201,-3.1039],"to":[16.4067,0.3649,-2.6967],"rotationOrigin":[16.2031,0.1408,-2.9003],"rotationY":-42.7832,"group":"Scene Collection","faces":{"north":{"texture":"#iron","uv":[15.761,16.478,16.239,16.9561],"autoUv":false,"rotation":270},"east":{"texture":"#iron","uv":[15.761,16,16.239,16.478],"autoUv":false,"rotation":270},"south":{"texture":"#iron","uv":[15.761,15.522,16.239,16],"autoUv":false,"rotation":270},"west":{"texture":"#iron","uv":[15.761,15.0439,16.239,15.522],"autoUv":false,"rotation":270},"up":{"texture":"#iron","uv":[15.2021,10.6455,15.9109,10.656],"autoUv":false},"down":{"texture":"#iron","uv":[15.5513,11.0052,15.5617,10.2963],"autoUv":false,"rotation":180}},"children":[]},{"name":"blade 42","from":[14.7068,0.0201,-3.0508],"to":[15.114,0.3649,-2.6435],"rotationOrigin":[14.9104,0.1408,-2.8471],"rotationY":-39.4341,"group":"Scene Collection","faces":{"north":{"texture":"#iron","uv":[15.761,16.478,16.239,16.9561],"autoUv":false,"rotation":270},"east":{"texture":"#iron","uv":[15.761,16,16.239,16.478],"autoUv":false,"rotation":270},"south":{"texture":"#iron","uv":[15.761,15.522,16.239,16],"autoUv":false,"rotation":270},"west":{"texture":"#iron","uv":[15.761,15.0439,16.239,15.522],"autoUv":false,"rotation":270},"up":{"texture":"#iron","uv":[15.1827,12.2277,15.891,12.2586],"autoUv":false,"rotation":90},"down":{"texture":"#iron","uv":[15.5214,12.5973,15.5523,11.889],"autoUv":false,"rotation":90}},"children":[]},{"name":"blade 43","from":[13.2208,0.0201,-2.9583],"to":[13.7239,0.3649,-2.4553],"rotationOrigin":[13.4724,0.1408,-2.7068],"rotationY":-40.151,"group":"Scene Collection","faces":{"north":{"texture":"#iron","uv":[15.7252,16.5496,16.2748,17.0992],"autoUv":false,"rotation":270},"east":{"texture":"#iron","uv":[15.7252,16,16.2748,16.5496],"autoUv":false,"rotation":270},"south":{"texture":"#iron","uv":[15.7252,15.4504,16.2748,16],"autoUv":false,"rotation":270},"west":{"texture":"#iron","uv":[15.7252,14.9008,16.2748,15.4504],"autoUv":false,"rotation":270},"up":{"texture":"#iron","uv":[15.1771,14.0062,16.0524,14.0335],"autoUv":false,"rotation":90},"down":{"texture":"#iron","uv":[15.6011,14.4575,15.6284,13.5822],"autoUv":false,"rotation":90}},"children":[]},{"name":"blade 44","from":[12.4227,0.0201,-2.8262],"to":[12.9258,0.3649,-2.3231],"rotationOrigin":[12.6742,0.1408,-2.5747],"rotationY":-33.3964,"group":"Scene Collection","faces":{"north":{"texture":"#iron","uv":[15.7252,16.5496,16.2748,17.0992],"autoUv":false,"rotation":270},"east":{"texture":"#iron","uv":[15.7252,16,16.2748,16.5496],"autoUv":false,"rotation":270},"south":{"texture":"#iron","uv":[15.7252,15.4504,16.2748,16],"autoUv":false,"rotation":270},"west":{"texture":"#iron","uv":[15.7252,14.9008,16.2748,15.4504],"autoUv":false,"rotation":270},"up":{"texture":"#iron","uv":[15.2917,14.9446,16.1577,15.0746],"autoUv":false,"rotation":90},"down":{"texture":"#iron","uv":[15.6597,15.4426,15.7898,14.5766],"autoUv":false,"rotation":90}},"children":[]},{"name":"blade 45","from":[11.6852,0.0201,-2.6535],"to":[12.1882,0.3649,-2.1505],"rotationOrigin":[11.9367,0.1408,-2.402],"rotationY":-33.3964,"group":"Scene Collection","faces":{"north":{"texture":"#iron","uv":[15.7252,16.5496,16.2748,17.0992],"autoUv":false,"rotation":270},"east":{"texture":"#iron","uv":[15.7252,16,16.2748,16.5496],"autoUv":false,"rotation":270},"south":{"texture":"#iron","uv":[15.7252,15.4504,16.2748,16],"autoUv":false,"rotation":270},"west":{"texture":"#iron","uv":[15.7252,14.9008,16.2748,15.4504],"autoUv":false,"rotation":270},"up":{"texture":"#iron","uv":[15.4555,15.8624,16.3215,15.9925],"autoUv":false,"rotation":90},"down":{"texture":"#iron","uv":[15.8234,16.3605,15.9535,15.4945],"autoUv":false,"rotation":90}},"children":[]},{"name":"blade 46","from":[10.9356,0.0201,-2.4757],"to":[11.4387,0.3649,-1.9727],"rotationOrigin":[11.1871,0.1408,-2.2242],"rotationY":-29.4001,"group":"Scene Collection","faces":{"north":{"texture":"#iron","uv":[15.7252,16.5496,16.2748,17.0992],"autoUv":false,"rotation":270},"east":{"texture":"#iron","uv":[15.7252,16,16.2748,16.5496],"autoUv":false,"rotation":270},"south":{"texture":"#iron","uv":[15.7252,15.4504,16.2748,16],"autoUv":false,"rotation":270},"west":{"texture":"#iron","uv":[15.7252,14.9008,16.2748,15.4504],"autoUv":false,"rotation":270},"up":{"texture":"#iron","uv":[15.6303,16.7655,16.4852,16.9556],"autoUv":false,"rotation":90},"down":{"texture":"#iron","uv":[15.9627,17.2879,16.1528,16.4331],"autoUv":false,"rotation":90}},"children":[]},{"name":"blade 47","from":[10.2138,0.0201,-2.2373],"to":[10.7168,0.3649,-1.7342],"rotationOrigin":[10.4653,0.1408,-1.9858],"rotationY":-26.9393,"group":"Scene Collection","faces":{"north":{"texture":"#iron","uv":[15.7252,16.5496,16.2748,17.0992],"autoUv":false,"rotation":270},"east":{"texture":"#iron","uv":[15.7252,16,16.2748,16.5496],"autoUv":false,"rotation":270},"south":{"texture":"#iron","uv":[15.7252,15.4504,16.2748,16],"autoUv":false,"rotation":270},"west":{"texture":"#iron","uv":[15.7252,14.9008,16.2748,15.4504],"autoUv":false,"rotation":270},"up":{"texture":"#iron","uv":[15.8804,17.6501,16.7263,17.8767],"autoUv":false,"rotation":90},"down":{"texture":"#iron","uv":[16.19,18.1863,16.4166,17.3404],"autoUv":false,"rotation":90}},"children":[]},{"name":"blade 48","from":[9.4828,0.0201,-2.0055],"to":[9.9859,0.3649,-1.5024],"rotationOrigin":[9.7344,0.1408,-1.754],"rotationY":-27.8197,"group":"Scene Collection","faces":{"north":{"texture":"#iron","uv":[15.7252,16.5496,16.2748,17.0992],"autoUv":false,"rotation":270},"east":{"texture":"#iron","uv":[15.7252,16,16.2748,16.5496],"autoUv":false,"rotation":270},"south":{"texture":"#iron","uv":[15.7252,15.4504,16.2748,16],"autoUv":false,"rotation":270},"west":{"texture":"#iron","uv":[15.7252,14.9008,16.2748,15.4504],"autoUv":false,"rotation":270},"up":{"texture":"#iron","uv":[16.1156,18.5702,16.9648,18.7838],"autoUv":false,"rotation":90},"down":{"texture":"#iron","uv":[16.4334,19.1017,16.647,18.2524],"autoUv":false,"rotation":90}},"children":[]},{"name":"blade 49","from":[8.7874,0.0201,-1.8035],"to":[9.2905,0.3649,-1.3005],"rotationOrigin":[9.0389,0.1408,-1.552],"rotationY":-27.8197,"group":"Scene Collection","faces":{"north":{"texture":"#iron","uv":[15.7252,16.5496,16.2748,17.0992],"autoUv":false,"rotation":270},"east":{"texture":"#iron","uv":[15.7252,16,16.2748,16.5496],"autoUv":false,"rotation":270},"south":{"texture":"#iron","uv":[15.7252,15.4504,16.2748,16],"autoUv":false,"rotation":270},"west":{"texture":"#iron","uv":[15.7252,14.9008,16.2748,15.4504],"autoUv":false,"rotation":270},"up":{"texture":"#iron","uv":[16.3181,19.4383,17.1673,19.6519],"autoUv":false,"rotation":90},"down":{"texture":"#iron","uv":[16.6359,19.9698,16.8495,19.1205],"autoUv":false,"rotation":90}},"children":[]},{"name":"blade 50","from":[8.0945,0.0201,-1.5859],"to":[8.5975,0.3649,-1.0828],"rotationOrigin":[8.346,0.1408,-1.3343],"rotationY":-27.8197,"group":"Scene Collection","faces":{"north":{"texture":"#iron","uv":[15.7252,16.5496,16.2748,17.0992],"autoUv":false,"rotation":270},"east":{"texture":"#iron","uv":[15.7252,16,16.2748,16.5496],"autoUv":false,"rotation":270},"south":{"texture":"#iron","uv":[15.7252,15.4504,16.2748,16],"autoUv":false,"rotation":270},"west":{"texture":"#iron","uv":[15.7252,14.9008,16.2748,15.4504],"autoUv":false,"rotation":270},"up":{"texture":"#iron","uv":[16.5401,20.3043,17.3893,20.518],"autoUv":false,"rotation":90},"down":{"texture":"#iron","uv":[16.8579,20.8358,17.0715,19.9865],"autoUv":false,"rotation":90}},"children":[]},{"name":"blade 51","from":[7.3775,0.0201,-1.3772],"to":[7.8806,0.3649,-0.8742],"rotationOrigin":[7.6291,0.1408,-1.1257],"rotationY":-27.8197,"group":"Scene Collection","faces":{"north":{"texture":"#iron","uv":[15.7252,16.5496,16.2748,17.0992],"autoUv":false,"rotation":270},"east":{"texture":"#iron","uv":[15.7252,16,16.2748,16.5496],"autoUv":false,"rotation":270},"south":{"texture":"#iron","uv":[15.7252,15.4504,16.2748,16],"autoUv":false,"rotation":270},"west":{"texture":"#iron","uv":[15.7252,14.9008,16.2748,15.4504],"autoUv":false,"rotation":270},"up":{"texture":"#iron","uv":[16.7494,21.1993,17.5986,21.4129],"autoUv":false,"rotation":90},"down":{"texture":"#iron","uv":[17.0672,21.7307,17.2808,20.8814],"autoUv":false,"rotation":90}},"children":[]},{"name":"blade 52","from":[6.6533,0.0201,-1.1239],"to":[7.1564,0.3649,-0.6209],"rotationOrigin":[6.9048,0.1408,-0.8724],"rotationY":-30.4737,"group":"Scene Collection","faces":{"north":{"texture":"#iron","uv":[15.7252,16.5496,16.2748,17.0992],"autoUv":false,"rotation":270},"east":{"texture":"#iron","uv":[15.7252,16,16.2748,16.5496],"autoUv":false,"rotation":270},"south":{"texture":"#iron","uv":[15.7252,15.4504,16.2748,16],"autoUv":false,"rotation":270},"west":{"texture":"#iron","uv":[15.7252,14.9008,16.2748,15.4504],"autoUv":false,"rotation":270},"up":{"texture":"#iron","uv":[17.0086,22.1259,17.8668,22.3],"autoUv":false,"rotation":90},"down":{"texture":"#iron","uv":[17.3507,22.642,17.5247,21.7838],"autoUv":false,"rotation":90}},"children":[]},{"name":"blade 53","from":[5.9355,0.0201,-0.9103],"to":[6.4386,0.3649,-0.4073],"rotationOrigin":[6.1871,0.1408,-0.6588],"rotationY":-27.806,"group":"Scene Collection","faces":{"north":{"texture":"#iron","uv":[15.7252,16.5496,16.2748,17.0992],"autoUv":false,"rotation":270},"east":{"texture":"#iron","uv":[15.7252,16,16.2748,16.5496],"autoUv":false,"rotation":270},"south":{"texture":"#iron","uv":[15.7252,15.4504,16.2748,16],"autoUv":false,"rotation":270},"west":{"texture":"#iron","uv":[15.7252,14.9008,16.2748,15.4504],"autoUv":false,"rotation":270},"up":{"texture":"#iron","uv":[17.2285,23.0023,18.0777,23.2161],"autoUv":false,"rotation":90},"down":{"texture":"#iron","uv":[17.5462,23.5338,17.76,22.6846],"autoUv":false,"rotation":90}},"children":[]},{"name":"blade 54","from":[5.1962,0.0201,-0.7206],"to":[5.6993,0.3649,-0.2176],"rotationOrigin":[5.4478,0.1408,-0.4691],"rotationY":-35.1421,"group":"Scene Collection","faces":{"north":{"texture":"#iron","uv":[15.7252,16.5496,16.2748,17.0992],"autoUv":false,"rotation":270},"east":{"texture":"#iron","uv":[15.7252,16,16.2748,16.5496],"autoUv":false,"rotation":270},"south":{"texture":"#iron","uv":[15.7252,15.4504,16.2748,16],"autoUv":false,"rotation":270},"west":{"texture":"#iron","uv":[15.7252,14.9008,16.2748,15.4504],"autoUv":false,"rotation":270},"up":{"texture":"#iron","uv":[17.4028,23.9785,18.2724,24.0822],"autoUv":false,"rotation":90},"down":{"texture":"#iron","uv":[17.7858,24.4651,17.8894,23.5956],"autoUv":false,"rotation":90}},"children":[]},{"name":"blade 55","from":[4.4559,0.0201,-0.6177],"to":[4.9589,0.3649,-0.1147],"rotationOrigin":[4.7074,0.1408,-0.3662],"rotationY":-41.9207,"group":"Scene Collection","faces":{"north":{"texture":"#iron","uv":[15.7252,16.5496,16.2748,17.0992],"autoUv":false,"rotation":270},"east":{"texture":"#iron","uv":[15.7252,16,16.2748,16.5496],"autoUv":false,"rotation":270},"south":{"texture":"#iron","uv":[15.7252,15.4504,16.2748,16],"autoUv":false,"rotation":270},"west":{"texture":"#iron","uv":[15.7252,14.9008,16.2748,15.4504],"autoUv":false,"rotation":270},"up":{"texture":"#iron","uv":[17.4775,24.947,18.3533,24.9473],"autoUv":false,"rotation":90},"down":{"texture":"#iron","uv":[17.9153,25.385,17.9155,24.5093],"autoUv":false,"rotation":90}},"children":[]},{"name":"blade 56","from":[3.7063,0.0201,-0.552],"to":[4.2094,0.3649,-0.049],"rotationOrigin":[3.9578,0.1408,-0.3005],"rotationY":-41.9207,"group":"Scene Collection","faces":{"north":{"texture":"#iron","uv":[15.7252,16.5496,16.2748,17.0992],"autoUv":false,"rotation":270},"east":{"texture":"#iron","uv":[15.7252,16,16.2748,16.5496],"autoUv":false,"rotation":270},"south":{"texture":"#iron","uv":[15.7252,15.4504,16.2748,16],"autoUv":false,"rotation":270},"west":{"texture":"#iron","uv":[15.7252,14.9008,16.2748,15.4504],"autoUv":false,"rotation":270},"up":{"texture":"#iron","uv":[17.509,25.8726,18.3848,25.8729],"autoUv":false,"rotation":90},"down":{"texture":"#iron","uv":[17.9468,26.3106,17.947,25.4349],"autoUv":false,"rotation":90}},"children":[]},{"name":"blade 57","from":[2.9665,0.0201,-0.5458],"to":[3.4696,0.3649,-0.0428],"rotationOrigin":[3.218,0.1408,-0.2943],"rotationY":-47.9498,"group":"Scene Collection","faces":{"north":{"texture":"#iron","uv":[15.7252,16.5496,16.2748,17.0992],"autoUv":false,"rotation":270},"east":{"texture":"#iron","uv":[15.7252,16,16.2748,16.5496],"autoUv":false,"rotation":270},"south":{"texture":"#iron","uv":[15.7252,15.4504,16.2748,16],"autoUv":false,"rotation":270},"west":{"texture":"#iron","uv":[15.7252,14.9008,16.2748,15.4504],"autoUv":false,"rotation":270},"up":{"texture":"#iron","uv":[17.4704,26.7366,18.3413,26.8284],"autoUv":false},"down":{"texture":"#iron","uv":[17.86,27.218,17.9517,26.3471],"autoUv":false,"rotation":180}},"children":[]},{"name":"blade 58","from":[2.2282,0.0201,-0.5802],"to":[2.7313,0.3649,-0.0771],"rotationOrigin":[2.4798,0.1408,-0.3286],"rotationY":-47.9498,"group":"Scene Collection","faces":{"north":{"texture":"#iron","uv":[15.7252,16.5496,16.2748,17.0992],"autoUv":false,"rotation":270},"east":{"texture":"#iron","uv":[15.7252,16,16.2748,16.5496],"autoUv":false,"rotation":270},"south":{"texture":"#iron","uv":[15.7252,15.4504,16.2748,16],"autoUv":false,"rotation":270},"west":{"texture":"#iron","uv":[15.7252,14.9008,16.2748,15.4504],"autoUv":false,"rotation":270},"up":{"texture":"#iron","uv":[17.3797,27.6418,18.2506,27.7335],"autoUv":false},"down":{"texture":"#iron","uv":[17.7692,28.1231,17.861,27.2522],"autoUv":false,"rotation":180}},"children":[]},{"name":"blade 59","from":[1.2924,0.0201,-0.797],"to":[1.7955,0.3649,-0.294],"rotationOrigin":[1.5439,0.1408,-0.5455],"rotationY":-69.865,"group":"Scene Collection","faces":{"north":{"texture":"#iron","uv":[15.7252,16.5496,16.2748,17.0992],"autoUv":false,"rotation":270},"east":{"texture":"#iron","uv":[15.7252,16,16.2748,16.5496],"autoUv":false,"rotation":270},"south":{"texture":"#iron","uv":[15.7252,15.4504,16.2748,16],"autoUv":false,"rotation":270},"west":{"texture":"#iron","uv":[15.7252,14.9008,16.2748,15.4504],"autoUv":false,"rotation":270},"up":{"texture":"#iron","uv":[17.1002,28.6186,17.8739,29.0287],"autoUv":false},"down":{"texture":"#iron","uv":[17.282,29.2105,17.6921,28.4368],"autoUv":false,"rotation":180}},"children":[]},{"name":"blade 60","from":[20.1722,0.0201,-2.8171],"to":[20.5795,0.3649,-2.4098],"rotationOrigin":[20.3759,0.1408,-2.6135],"rotationY":-49.0882,"group":"Scene Collection","faces":{"north":{"texture":"#iron","uv":[15.761,16.478,16.239,16.9561],"autoUv":false,"rotation":270},"east":{"texture":"#iron","uv":[15.761,16,16.239,16.478],"autoUv":false,"rotation":270},"south":{"texture":"#iron","uv":[15.761,15.522,16.239,16],"autoUv":false,"rotation":270},"west":{"texture":"#iron","uv":[15.761,15.0439,16.239,15.522],"autoUv":false,"rotation":270},"up":{"texture":"#iron","uv":[15.8317,5.4966,16.5351,5.5848],"autoUv":false},"down":{"texture":"#iron","uv":[16.1393,5.8924,16.2275,5.189],"autoUv":false,"rotation":180}},"children":[]},{"name":"head1","from":[-1.7816,-0.286,-0.0918],"to":[0.4065,0.671,0.6659],"rotationOrigin":[-0.6385,0.1925,0.3452],"rotationY":-5.5774,"group":"Scene Collection","faces":{"north":{"texture":"#iron","uv":[18.9219,28.608,19.1107,31.0736],"autoUv":false,"rotation":270},"east":{"texture":"#iron","uv":[19.1107,28.608,19.8674,28.666],"autoUv":false,"rotation":180},"south":{"texture":"#iron","uv":[6.3949,13.1507,8.4034,13.8438],"autoUv":false},"west":{"texture":"#iron","uv":[18.9219,31.0736,19.6785,31.1316],"autoUv":false},"up":{"texture":"#iron","uv":[18.647,29.0398,19.8338,31.6311],"autoUv":false,"rotation":90},"down":{"texture":"#iron","uv":[18.9056,31.7206,19.5753,28.9502],"autoUv":false,"rotation":90}},"children":[]},{"name":"head2","from":[-0.2744,-0.7716,0.0669],"to":[0.4023,-0.095,0.8246],"rotationOrigin":[0.9868,-0.5245,0.5039],"rotationX":0,"rotationY":-5.5774,"rotationZ":-45,"group":"Scene Collection","faces":{"north":{"texture":"#iron","uv":[18.9219,30.5773,18.9599,31.0736],"autoUv":false,"rotation":270},"east":{"texture":"#iron","uv":[18.9599,28.666,19.8674,30.5773],"autoUv":false,"rotation":270},"south":{"texture":"#iron","uv":[6.2865,13.0193,6.9077,13.7722],"autoUv":false},"west":{"texture":"#iron","uv":[18.9219,31.0736,19.6785,31.1316],"autoUv":false},"up":{"texture":"#iron","uv":[18.633,31.0362,19.6413,31.7758],"autoUv":false,"rotation":90},"down":{"texture":"#iron","uv":[18.713,31.8653,19.5613,30.9467],"autoUv":false,"rotation":90}},"children":[]}]},{"name":"handguard","from":[-10.5262,-0.622,0.4965],"to":[-8.4699,0.7637,1.155],"rotationOrigin":[-10.7563,0.0709,0.4695],"rotationX":-90.0531,"rotationY":90.1431,"rotationZ":0.0533,"group":"Scene Collection","faces":{"north":{"texture":"#handguard","uv":[19.2823,19.0744,23.5066,21.9211],"autoUv":false,"rotation":180},"east":{"texture":"#handguard","uv":[20.6986,16.4067,21.6427,16.6484],"autoUv":false,"rotation":270},"south":{"texture":"#handguard","uv":[23.51,19.0744,19.2857,21.9211],"autoUv":false,"rotation":180},"west":{"texture":"#handguard","uv":[20.0651,13.9313,21.0093,14.1729],"autoUv":false,"rotation":90},"up":{"texture":"#handguard","uv":[22.9513,12.1426,19.9026,13.8744],"autoUv":false,"rotation":180},"down":{"texture":"#handguard","uv":[22.9513,13.8744,19.9026,12.1426],"autoUv":false}},"children":[{"name":"gard 1","from":[1.265,0.28,0.821],"to":[1.8932,1.1058,1.4158],"rotationOrigin":[1.596,0.6929,1.1184],"rotationX":0.0002,"rotationY":-4.2029,"rotationZ":0,"group":"Scene Collection","faces":{"north":{"texture":"#handguard","uv":[24.2904,17.9075,25.5473,19.5598],"autoUv":false,"rotation":180},"east":{"texture":"#handguard","uv":[25.7218,20.7467,26.9119,22.399],"autoUv":false,"rotation":180},"south":{"texture":"#handguard","uv":[23.0336,17.9075,24.2904,19.5598],"autoUv":false,"rotation":180},"west":{"texture":"#handguard","uv":[25.5473,17.9075,26.7374,19.5598],"autoUv":false,"rotation":180},"up":{"texture":"#handguard","uv":[22.7317,10.1994,23.9217,11.4562],"autoUv":false,"rotation":90},"down":{"texture":"#handguard","uv":[25.1118,11.4563,23.9217,10.1994],"autoUv":false,"rotation":90}},"children":[]},{"name":"gard 2","from":[1.7365,0.2969,0.8415],"to":[2.3204,0.8809,1.4313],"rotationOrigin":[1.835,0.4768,1.136],"rotationX":0.0001,"rotationY":-4.2029,"rotationZ":45,"group":"Scene Collection","faces":{"north":{"texture":"#handguard","uv":[23.0863,7.1668,24.2547,8.3351],"autoUv":false,"rotation":90},"east":{"texture":"#handguard","uv":[26.0765,17.7025,27.2448,18.8825],"autoUv":false,"rotation":90},"south":{"texture":"#handguard","uv":[26.6348,7.2437,27.8031,8.412],"autoUv":false,"rotation":90},"west":{"texture":"#handguard","uv":[25.4665,8.412,26.6348,9.592],"autoUv":false,"rotation":270},"up":{"texture":"#handguard","uv":[25.4665,7.2321,26.6348,8.412],"autoUv":false,"rotation":180},"down":{"texture":"#handguard","uv":[27.8031,9.592,26.6348,8.412],"autoUv":false,"rotation":180}},"children":[]},{"name":"gard 3","from":[0.7196,0.0704,0.8681],"to":[1.1749,1.3154,1.3234],"rotationOrigin":[0.9472,0.6929,1.0957],"rotationX":179.9999,"rotationY":46.9963,"rotationZ":0,"group":"Scene Collection","faces":{"north":{"texture":"#handguard","uv":[13.9305,14.993,14.9921,17.039],"autoUv":false,"rotation":180},"east":{"texture":"#handguard","uv":[14.8792,12.9471,15.8845,14.993],"autoUv":false,"rotation":180},"south":{"texture":"#handguard","uv":[11.8071,14.993,12.8688,17.039],"autoUv":false,"rotation":180},"west":{"texture":"#handguard","uv":[12.8688,12.9471,13.874,14.993],"autoUv":false,"rotation":180},"up":{"texture":"#handguard","uv":[14.9921,15.9773,15.9974,17.039],"autoUv":false,"rotation":90},"down":{"texture":"#handguard","uv":[13.874,12.9471,12.8688,11.8855],"autoUv":false,"rotation":90}},"children":[]},{"name":"gard 4","from":[0.6487,0.0704,2.1284],"to":[1.104,1.3154,2.5837],"rotationOrigin":[0.8763,0.6929,2.3561],"rotationX":179.9999,"rotationY":48.4074,"rotationZ":0,"group":"Scene Collection","faces":{"north":{"texture":"#handguard","uv":[14.1314,12.9471,15.1931,14.993],"autoUv":false,"rotation":180},"east":{"texture":"#handguard","uv":[18.2087,12.9471,19.214,14.993],"autoUv":false,"rotation":180},"south":{"texture":"#handguard","uv":[15.1931,14.993,16.2547,17.039],"autoUv":false,"rotation":180},"west":{"texture":"#handguard","uv":[16.1983,12.9471,17.2035,14.993],"autoUv":false,"rotation":180},"up":{"texture":"#handguard","uv":[14.1314,11.8855,15.1366,12.9471],"autoUv":false,"rotation":90},"down":{"texture":"#handguard","uv":[17.2035,12.9471,16.1983,11.8855],"autoUv":false,"rotation":90}},"children":[]},{"name":"handguard 01","from":[-0.9788,0.0038,-0.5493],"to":[-0.2859,1.3819,0.0796],"rotationOrigin":[-1.3315,0.6929,-0.6059],"rotationX":0.0001,"rotationY":-30.2004,"rotationZ":0.0001,"group":"Scene Collection","faces":{"north":{"texture":"#handguard","uv":[17.1128,19.0823,18.3448,21.9132],"autoUv":false,"rotation":180},"east":{"texture":"#handguard","uv":[19.8532,12.8773,20.5164,13.5302],"autoUv":false,"rotation":270},"south":{"texture":"#handguard","uv":[17.6977,19.0823,16.4658,21.9132],"autoUv":false,"rotation":180},"west":{"texture":"#handguard","uv":[19.1339,12.1467,19.797,12.7995],"autoUv":false,"rotation":90},"up":{"texture":"#handguard","uv":[18.9433,12.1426,17.967,13.8744],"autoUv":false,"rotation":180},"down":{"texture":"#handguard","uv":[18.9433,13.8744,17.967,12.1426],"autoUv":false}},"children":[]},{"name":"handguard 02","from":[-1.21,-0.0206,-5.4648],"to":[0.6069,1.4063,-4.892],"rotationOrigin":[-0.784,0.9443,-5.1176],"rotationX":0.0001,"rotationY":21.9945,"rotationZ":-0.0001,"group":"Scene Collection","faces":{"north":{"texture":"#handguard","uv":[16.5662,19.0321,20.0234,21.9634],"autoUv":false,"rotation":180},"east":{"texture":"#handguard","uv":[11.658,16.8982,12.4981,17.0109],"autoUv":false,"rotation":180},"south":{"texture":"#handguard","uv":[20.4668,19.0321,17.0096,21.9634],"autoUv":false,"rotation":180},"west":{"texture":"#handguard","uv":[12.0154,14.2334,12.8556,14.3461],"autoUv":false},"up":{"texture":"#handguard","uv":[7.218,12.1426,4.5491,13.8744],"autoUv":false},"down":{"texture":"#handguard","uv":[7.218,13.8744,4.5491,12.1426],"autoUv":false,"rotation":180}},"children":[]},{"name":"handguard 03","from":[-1.3183,-0.0199,-5.0408],"to":[-0.9133,1.4056,-4.6358],"rotationOrigin":[-1.2918,0.9443,-4.8614],"rotationX":0.0003,"rotationY":66.9945,"rotationZ":-0.0004,"group":"Scene Collection","faces":{"north":{"texture":"#handguard","uv":[16.2429,19.0336,16.5662,21.9618],"autoUv":false,"rotation":180},"east":{"texture":"#handguard","uv":[12.0154,14.2334,12.3792,14.7098],"autoUv":false,"rotation":180},"south":{"texture":"#handguard","uv":[12.3792,14.3461,12.8556,14.7098],"autoUv":false,"rotation":270},"west":{"texture":"#handguard","uv":[17.0096,19.0336,16.2429,21.9618],"autoUv":false,"rotation":180},"up":{"texture":"#handguard","uv":[7.9016,12.1426,7.3066,13.8744],"autoUv":false},"down":{"texture":"#handguard","uv":[7.9016,13.8744,7.3066,12.1426],"autoUv":false,"rotation":180}},"children":[]},{"name":"handguard 04","from":[-1.5776,0.4291,-0.8996],"to":[-0.6329,0.9566,-0.2647],"rotationOrigin":[-1.9303,0.6327,-0.9545],"rotationX":0.0001,"rotationY":-30.2004,"rotationZ":0.0001,"group":"Scene Collection","faces":{"north":{"texture":"#handguard","uv":[15.8827,19.9559,17.5623,21.0395],"autoUv":false,"rotation":180},"east":{"texture":"#handguard","uv":[20.0584,12.4121,19.3953,13.065],"autoUv":false},"south":{"texture":"#handguard","uv":[16.909,19.9559,15.2294,21.0395],"autoUv":false,"rotation":180},"west":{"texture":"#handguard","uv":[18.4145,11.416,19.0777,12.0689],"autoUv":false,"rotation":90},"up":{"texture":"#handguard","uv":[18.0229,12.1426,16.6236,13.8744],"autoUv":false,"rotation":180},"down":{"texture":"#handguard","uv":[18.0229,13.8744,16.6236,12.1426],"autoUv":false}},"children":[]},{"name":"handguard 05","from":[-1.6534,0.43,-1.5948],"to":[-0.7088,0.9552,-0.966],"rotationOrigin":[-2.0061,0.6327,-1.6515],"rotationX":0.0003,"rotationY":-60.7481,"rotationZ":0.0004,"group":"Scene Collection","faces":{"north":{"texture":"#handguard","uv":[15.4069,19.9577,16.3594,21.0367],"autoUv":false,"rotation":180},"east":{"texture":"#handguard","uv":[18.8384,11.416,19.0777,12.3153],"autoUv":false,"rotation":270},"south":{"texture":"#handguard","uv":[15.2338,19.9577,14.2814,21.0367],"autoUv":false,"rotation":180},"west":{"texture":"#handguard","uv":[17.4875,11.0566,17.7268,11.9559],"autoUv":false,"rotation":90},"up":{"texture":"#handguard","uv":[16.4885,12.1426,15.0936,13.8744],"autoUv":false,"rotation":180},"down":{"texture":"#handguard","uv":[16.4885,13.8744,15.0936,12.1426],"autoUv":false}},"children":[]},{"name":"handguard 06","from":[-1.7477,0.4277,-2.3815],"to":[-0.8031,0.9589,-1.7527],"rotationOrigin":[-2.1004,0.6327,-2.4382],"rotationX":0.0007,"rotationY":-75.2038,"rotationZ":0.0008,"group":"Scene Collection","faces":{"north":{"texture":"#handguard","uv":[15.0293,19.953,15.5296,21.0442],"autoUv":false,"rotation":180},"east":{"texture":"#handguard","uv":[17.7196,11.0566,17.7268,11.9872],"autoUv":false,"rotation":270},"south":{"texture":"#handguard","uv":[14.2814,19.953,13.7811,21.0442],"autoUv":false,"rotation":180},"west":{"texture":"#handguard","uv":[16.3217,11.0458,16.3289,11.9764],"autoUv":false,"rotation":90},"up":{"texture":"#handguard","uv":[15.2108,12.1426,13.8287,13.8744],"autoUv":false,"rotation":180},"down":{"texture":"#handguard","uv":[15.2108,13.8744,13.8287,12.1426],"autoUv":false}},"children":[]},{"name":"handguard 07","from":[-1.6988,0.4284,-3.1946],"to":[-0.7542,0.9578,-2.5657],"rotationOrigin":[-2.0515,0.6327,-3.2512],"rotationX":0.0047,"rotationY":-87.2127,"rotationZ":0.0049,"group":"Scene Collection","faces":{"north":{"texture":"#handguard","uv":[14.9721,19.9544,15.0713,21.042],"autoUv":false,"rotation":180},"east":{"texture":"#handguard","uv":[16.3289,11.0458,16.5155,11.9575],"autoUv":false},"south":{"texture":"#handguard","uv":[13.7811,19.9544,13.6819,21.042],"autoUv":false,"rotation":180},"west":{"texture":"#handguard","uv":[14.9594,11.3261,15.146,12.2378],"autoUv":false,"rotation":180},"up":{"texture":"#handguard","uv":[13.4945,12.1426,12.1082,13.8744],"autoUv":false,"rotation":180},"down":{"texture":"#handguard","uv":[13.4945,13.8744,12.1082,12.1426],"autoUv":false}},"children":[]},{"name":"handguard 08","from":[-1.3794,0.4265,-3.8948],"to":[-0.4348,0.9608,-3.266],"rotationOrigin":[-1.7322,0.6327,-3.9514],"rotationX":-0.0012,"rotationY":-104.4166,"rotationZ":-0.001,"group":"Scene Collection","faces":{"north":{"texture":"#handguard","uv":[15.4123,19.9504,14.9339,21.0482],"autoUv":false,"rotation":180},"east":{"texture":"#handguard","uv":[14.9594,11.3261,15.4073,12.1419],"autoUv":false},"south":{"texture":"#handguard","uv":[13.6819,19.9504,14.1603,21.0482],"autoUv":false,"rotation":180},"west":{"texture":"#handguard","uv":[13.7341,11.9989,14.182,12.8147],"autoUv":false,"rotation":180},"up":{"texture":"#handguard","uv":[12.2477,12.1426,10.8645,13.8744],"autoUv":false,"rotation":180},"down":{"texture":"#handguard","uv":[12.2477,13.8744,10.8645,12.1426],"autoUv":false}},"children":[]},{"name":"handguard 09","from":[-0.9219,0.4282,-4.555],"to":[0.0227,0.958,-3.9261],"rotationOrigin":[-1.2746,0.6327,-4.6116],"rotationX":-0.0007,"rotationY":-117.6495,"rotationZ":-0.0005,"group":"Scene Collection","faces":{"north":{"texture":"#handguard","uv":[16.2024,19.9541,15.3062,21.0424],"autoUv":false,"rotation":180},"east":{"texture":"#handguard","uv":[13.7341,11.9989,14.3568,12.6905],"autoUv":false},"south":{"texture":"#handguard","uv":[14.1603,19.9541,15.0566,21.0424],"autoUv":false,"rotation":180},"west":{"texture":"#handguard","uv":[12.6953,12.9344,13.318,13.6259],"autoUv":false,"rotation":180},"up":{"texture":"#handguard","uv":[10.6414,12.1426,9.241,13.8744],"autoUv":false,"rotation":180},"down":{"texture":"#handguard","uv":[10.6414,13.8744,9.241,12.1426],"autoUv":false}},"children":[]},{"name":"handguard 10","from":[-0.3032,0.4291,-5.0318],"to":[0.6415,0.9566,-4.403],"rotationOrigin":[-0.6559,0.6327,-5.0885],"rotationX":-0.0006,"rotationY":-133.4187,"rotationZ":-0.0003,"group":"Scene Collection","faces":{"north":{"texture":"#handguard","uv":[17.3274,19.956,15.9971,21.0394],"autoUv":false,"rotation":180},"east":{"texture":"#handguard","uv":[13.4825,12.9344,12.6953,13.4306],"autoUv":false,"rotation":270},"south":{"texture":"#handguard","uv":[15.0566,19.956,16.3869,21.0394],"autoUv":false,"rotation":180},"west":{"texture":"#handguard","uv":[12.737,14.1169,11.9498,14.6132],"autoUv":false,"rotation":90},"up":{"texture":"#handguard","uv":[9.3678,12.1426,8.0168,13.8744],"autoUv":false,"rotation":180},"down":{"texture":"#handguard","uv":[9.3678,13.8744,8.0168,12.1426],"autoUv":false}},"children":[]},{"name":"handguard 11","from":[-1.3129,-0.4523,-0.7424],"to":[-0.333,0.5275,-0.1175],"rotationOrigin":[-1.6656,0.2405,-0.8004],"rotationX":0.0001,"rotationY":-30.2004,"rotationZ":45.0002,"group":"Scene Collection","faces":{"north":{"texture":"#handguard","uv":[15.6113,19.4825,17.6242,21.4955],"autoUv":false},"east":{"texture":"#handguard","uv":[19.8547,12.1494,19.7943,13.5287],"autoUv":false,"rotation":270},"south":{"texture":"#handguard","uv":[18.479,19.6989,16.7368,21.4411],"autoUv":false},"west":{"texture":"#handguard","uv":[18.1068,14.0181,19.9669,14.9745],"autoUv":false},"up":{"texture":"#handguard","uv":[19.9669,14.0181,18.1068,14.9745],"autoUv":false,"rotation":270},"down":{"texture":"#handguard","uv":[19.8547,13.5287,19.7943,12.1494],"autoUv":false}},"children":[]},{"name":"handguard 12","from":[-0.6413,-0.0048,-0.1769],"to":[0.145,1.3906,0.4817],"rotationOrigin":[-0.8713,0.6929,-0.2038],"rotationX":0.0001,"rotationY":-10.7069,"rotationZ":0,"group":"Scene Collection","faces":{"north":{"texture":"#handguard","uv":[17.9457,19.0644,19.5337,21.931],"autoUv":false,"rotation":180},"east":{"texture":"#handguard","uv":[20.1265,13.9313,21.0093,14.3441],"autoUv":false,"rotation":270},"south":{"texture":"#handguard","uv":[19.2857,19.0644,17.6977,21.931],"autoUv":false,"rotation":180},"west":{"texture":"#handguard","uv":[19.6336,12.8773,20.5164,13.2901],"autoUv":false,"rotation":90},"up":{"texture":"#handguard","uv":[19.9521,12.1426,18.7866,13.8744],"autoUv":false,"rotation":180},"down":{"texture":"#handguard","uv":[19.9521,13.8744,18.7866,12.1426],"autoUv":false}},"children":[]},{"name":"handguard 13","from":[1.639,-0.0009,0.5563],"to":[2.1047,1.3867,1.022],"rotationOrigin":[1.409,0.6929,0.3365],"rotationX":0.0001,"rotationY":45,"rotationZ":-0.0002,"group":"Scene Collection","faces":{"north":{"texture":"#handguard","uv":[20.3417,14.1022,20.5125,14.7698],"autoUv":false,"rotation":180},"east":{"texture":"#handguard","uv":[23.5066,19.0725,24.1847,21.923],"autoUv":false,"rotation":180},"south":{"texture":"#handguard","uv":[24.1847,19.0725,23.51,21.923],"autoUv":false,"rotation":180},"west":{"texture":"#handguard","uv":[20.3417,13.9313,21.0093,14.1022],"autoUv":false,"rotation":90},"up":{"texture":"#handguard","uv":[23.2965,12.1426,22.6061,13.8744],"autoUv":false,"rotation":270},"down":{"texture":"#handguard","uv":[23.2965,13.8744,22.6061,12.1426],"autoUv":false,"rotation":270}},"children":[]}]},{"name":"handle","from":[-13.0365,-1.4034,-0.2023],"to":[-11.6174,-0.3251,1.1413],"rotationOrigin":[-12.327,-0.8643,0.4695],"rotationX":-90.0011,"rotationY":98.2203,"rotationZ":0.0011,"group":"Scene Collection","faces":{"north":{"texture":"#handle","uv":[19.438,10.6756,19.3512,13.8981],"autoUv":false,"rotation":90},"east":{"texture":"#handle","uv":[17.0795,10.0819,20.086,11.9394],"autoUv":false,"rotation":180},"south":{"texture":"#handle","uv":[22.8409,10.5817,22.9276,13.8041],"autoUv":false},"west":{"texture":"#handle","uv":[20.5447,10.0819,17.5382,11.9394],"autoUv":false,"rotation":180},"up":{"texture":"#handle","uv":[19.5929,10.1616,16.3646,13.5033],"autoUv":false,"rotation":270},"down":{"texture":"#handle","uv":[19.5929,13.5033,16.3646,10.1616],"autoUv":false,"rotation":270}},"children":[{"name":"handle 01","from":[-0.0534,0.006,1.2823],"to":[1.3656,1.0723,2.6259],"rotationOrigin":[0.6561,0.5391,1.9541],"rotationX":0,"rotationY":-4.7702,"rotationZ":0,"group":"Scene Collection","faces":{"north":{"texture":"#handle","uv":[22.4449,10.6169,22.9276,13.8041],"autoUv":false,"rotation":180},"east":{"texture":"#handle","uv":[20.086,10.0819,23.1182,11.9394],"autoUv":false,"rotation":180},"south":{"texture":"#handle","uv":[25.8964,10.0941,26.3792,13.2813],"autoUv":false},"west":{"texture":"#handle","uv":[23.3113,10.0819,20.2791,11.9394],"autoUv":false,"rotation":180},"up":{"texture":"#handle","uv":[22.6799,10.1616,19.4509,13.5033],"autoUv":false,"rotation":270},"down":{"texture":"#handle","uv":[22.6799,13.5033,19.4509,10.1616],"autoUv":false,"rotation":270}},"children":[]},{"name":"handle 02","from":[-0.0416,0.0018,-1.2967],"to":[1.3774,1.0765,0.0469],"rotationOrigin":[0.6679,0.5391,-0.6249],"rotationX":0,"rotationY":3.6775,"rotationZ":0,"group":"Scene Collection","faces":{"north":{"texture":"#handle","uv":[15.9495,10.5467,16.0696,13.768],"autoUv":false,"rotation":90},"east":{"texture":"#handle","uv":[14.107,10.0819,17.0795,11.9394],"autoUv":false,"rotation":180},"south":{"texture":"#handle","uv":[19.438,10.6767,19.5581,13.8981],"autoUv":false,"rotation":270},"west":{"texture":"#handle","uv":[17.7409,10.0819,14.7684,11.9394],"autoUv":false,"rotation":180},"up":{"texture":"#handle","uv":[16.4738,10.1616,13.2611,13.5033],"autoUv":false,"rotation":270},"down":{"texture":"#handle","uv":[16.4738,13.5033,13.2611,10.1616],"autoUv":false,"rotation":270}},"children":[]},{"name":"handle 03","from":[-0.1708,-0.0033,-2.5819],"to":[1.2482,1.0815,-1.2382],"rotationOrigin":[0.5387,0.5391,-1.91],"rotationX":0,"rotationY":7.806,"rotationZ":0,"group":"Scene Collection","faces":{"north":{"texture":"#handle","uv":[12.8311,10.1828,12.4794,13.3872],"autoUv":false,"rotation":180},"east":{"texture":"#handle","uv":[11.1873,10.0819,14.107,11.9394],"autoUv":false,"rotation":180},"south":{"texture":"#handle","uv":[15.9495,10.5637,16.3012,13.768],"autoUv":false,"rotation":270},"west":{"texture":"#handle","uv":[14.9927,10.0819,12.073,11.9394],"autoUv":false,"rotation":180},"up":{"texture":"#handle","uv":[13.3828,10.1616,10.2035,13.5033],"autoUv":false,"rotation":270},"down":{"texture":"#handle","uv":[13.3828,13.5033,10.2035,10.1616],"autoUv":false,"rotation":270}},"children":[]},{"name":"handle 04","from":[-0.4189,0.0014,-3.9025],"to":[1.0002,1.0768,-2.4805],"rotationOrigin":[0.2907,0.5391,-3.1915],"rotationX":0,"rotationY":13.9172,"rotationZ":0,"group":"Scene Collection","faces":{"north":{"texture":"#handle","uv":[12.0032,9.9824,11.3123,13.1311],"autoUv":false,"rotation":180},"east":{"texture":"#handle","uv":[8.2092,10.0819,11.1873,11.9394],"autoUv":false,"rotation":180},"south":{"texture":"#handle","uv":[12.4794,10.2385,13.1702,13.3872],"autoUv":false,"rotation":270},"west":{"texture":"#handle","uv":[12.3963,10.0819,9.4181,11.9394],"autoUv":false,"rotation":180},"up":{"texture":"#handle","uv":[10.3805,10.1616,7.0999,13.5033],"autoUv":false,"rotation":270},"down":{"texture":"#handle","uv":[10.3805,13.5033,7.0999,10.1616],"autoUv":false,"rotation":270}},"children":[]},{"name":"handle 05","from":[-0.5505,0.077,4.4981],"to":[0.8496,0.7828,5.7376],"rotationOrigin":[0.1496,0.4299,5.1179],"rotationX":-6.7659,"rotationY":-12.9756,"rotationZ":-1.5424,"group":"Scene Collection","faces":{"north":{"texture":"#handle","uv":[9.76,10.621,10.0766,11.8583],"autoUv":false,"rotation":180},"east":{"texture":"#handle","uv":[27.6887,10.0819,30.4625,11.9394],"autoUv":false,"rotation":180},"south":{"texture":"#handle","uv":[10.7041,10.3794,11.0207,11.6167],"autoUv":false},"west":{"texture":"#handle","uv":[30.1952,10.0819,27.4213,11.9394],"autoUv":false,"rotation":180},"up":{"texture":"#handle","uv":[11.0207,10.621,9.76,11.6167],"autoUv":false,"rotation":270},"down":{"texture":"#handle","uv":[30.2719,13.5033,27.3607,10.1616],"autoUv":false,"rotation":270}},"children":[]},{"name":"handle 06","from":[-0.7171,0.1503,5.774],"to":[0.2729,0.8924,6.764],"rotationOrigin":[-1.0548,0.5411,5.5952],"rotationX":0.0001,"rotationY":31.9356,"rotationZ":-0.0002,"group":"Scene Collection","faces":{"north":{"texture":"#handle","uv":[9.9839,10.621,9.76,11.4959],"autoUv":false,"rotation":90},"east":{"texture":"#handle","uv":[10.738,11.3029,9.9839,11.4959],"autoUv":false},"south":{"texture":"#handle","uv":[30.4832,10.0819,31.9266,11.9394],"autoUv":false,"rotation":180},"west":{"texture":"#handle","uv":[31.9265,10.0819,30.2159,11.9394],"autoUv":false,"rotation":180},"up":{"texture":"#handle","uv":[31.3682,10.1616,29.0275,13.5033],"autoUv":false},"down":{"texture":"#handle","uv":[31.3682,13.5033,29.0275,10.1616],"autoUv":false,"rotation":180}},"children":[]},{"name":"handle 07","from":[-0.5505,0.2604,4.4981],"to":[0.8496,1.005,5.7376],"rotationOrigin":[0.1496,0.6132,5.1179],"rotationX":6.7657,"rotationY":-12.9756,"rotationZ":1.5425,"group":"Scene Collection","faces":{"north":{"texture":"#handle","uv":[9.76,10.621,10.0766,11.8583],"autoUv":false,"rotation":90},"east":{"texture":"#handle","uv":[10.0766,11.6167,11.0207,11.8583],"autoUv":false,"rotation":180},"south":{"texture":"#handle","uv":[11.0207,10.3794,10.7041,11.6167],"autoUv":false,"rotation":180},"west":{"texture":"#handle","uv":[10.7041,10.3794,9.76,10.621],"autoUv":false,"rotation":90},"up":{"texture":"#handle","uv":[30.2825,10.1616,27.3713,13.5033],"autoUv":false,"rotation":270},"down":{"texture":"#handle","uv":[11.0207,11.6167,9.76,10.621],"autoUv":false,"rotation":270}},"children":[]},{"name":"handle 08","from":[-0.3055,0.008,3.2415],"to":[1.1135,1.0703,4.5851],"rotationOrigin":[0.404,0.5392,3.9133],"rotationX":0,"rotationY":-11.7837,"rotationZ":0,"group":"Scene Collection","faces":{"north":{"texture":"#handle","uv":[12.8311,10.1828,12.4794,13.3872],"autoUv":false,"rotation":180},"east":{"texture":"#handle","uv":[24.748,10.0819,27.7799,11.9394],"autoUv":false,"rotation":180},"south":{"texture":"#handle","uv":[15.9495,10.5637,16.3012,13.768],"autoUv":false,"rotation":270},"west":{"texture":"#handle","uv":[27.5805,10.0819,24.5486,11.9394],"autoUv":false,"rotation":180},"up":{"texture":"#handle","uv":[27.3941,10.1616,24.2049,13.5033],"autoUv":false,"rotation":270},"down":{"texture":"#handle","uv":[27.3941,13.5033,24.2049,10.1616],"autoUv":false,"rotation":270}},"children":[]},{"name":"handle 09","from":[-0.1571,0.0004,2.8717],"to":[1.262,1.0779,3.3316],"rotationOrigin":[0.5525,0.5392,3.1016],"rotationX":0,"rotationY":-5.6724,"rotationZ":0,"group":"Scene Collection","faces":{"north":{"texture":"#handle","uv":[12.0032,9.9824,11.3123,13.1311],"autoUv":false,"rotation":180},"east":{"texture":"#handle","uv":[23.7094,10.0819,24.7481,11.9394],"autoUv":false,"rotation":180},"south":{"texture":"#handle","uv":[12.4794,10.2385,13.1702,13.3872],"autoUv":false,"rotation":270},"west":{"texture":"#handle","uv":[12.0032,9.9824,13.1702,10.2385],"autoUv":false},"up":{"texture":"#handle","uv":[24.3858,10.1616,23.2815,13.5033],"autoUv":false,"rotation":270},"down":{"texture":"#handle","uv":[24.3858,13.5033,23.2815,10.1616],"autoUv":false,"rotation":270}},"children":[]}]},{"name":"string1","from":[-15.7099,-1.6139,-2.3388],"to":[-15.3799,-0.4796,-0.7769],"rotationOrigin":[-15.7099,-1.6046,-0.0838],"rotationX":90,"rotationY":-14.8266,"rotationZ":0,"group":"Scene Collection","faces":{"north":{"texture":"#string","uv":[14,8,15,11],"autoUv":false},"east":{"texture":"#string","uv":[18.1365,7.2535,20.9764,10.2535],"autoUv":false},"south":{"texture":"#string","uv":[5.5063,9.4732,6.5063,12.4732],"autoUv":false},"west":{"texture":"#string","uv":[16,3,18.8399,6],"autoUv":false},"up":{"texture":"#string","uv":[8,0,10.8399,1],"autoUv":false,"rotation":90},"down":{"texture":"#string","uv":[25,8.6446,24,5.8047],"autoUv":false,"rotation":180}},"children":[]},{"name":"string2","from":[-16.3034,-1.4629,-2.3388],"to":[-15.9734,-0.1113,-0.6557],"rotationOrigin":[-16.3034,-1.345,-0.0838],"rotationX":90,"rotationY":-22.4567,"rotationZ":0,"group":"Scene Collection","faces":{"north":{"texture":"#string","uv":[14,8,15,11],"autoUv":false},"east":{"texture":"#string","uv":[17.9161,7.2535,20.9764,10.2535],"autoUv":false},"south":{"texture":"#string","uv":[5.5063,9.4732,6.5063,12.4732],"autoUv":false},"west":{"texture":"#string","uv":[16,3,19.0603,6],"autoUv":false},"up":{"texture":"#string","uv":[8,0,11.0603,1],"autoUv":false,"rotation":90},"down":{"texture":"#string","uv":[25,8.865,24,5.8047],"autoUv":false,"rotation":180}},"children":[]},{"name":"string3","from":[-15.2136,-1.1255,-1.2846],"to":[-13.5316,-0.7955,-0.0029],"rotationOrigin":[-15.2366,-1.1268,-0.0864],"rotationX":0.0781,"rotationY":-178.9807,"rotationZ":88.3733,"group":"Scene Collection","faces":{"north":{"texture":"#string","uv":[1,8,4.0581,9],"autoUv":false},"east":{"texture":"#string","uv":[29,7.8284,30,10.8284],"autoUv":false,"rotation":90},"south":{"texture":"#string","uv":[9.5717,6.1362,10.5717,9.1944],"autoUv":false,"rotation":90},"west":{"texture":"#string","uv":[27,4,28,7],"autoUv":false,"rotation":270},"up":{"texture":"#string","uv":[21.9419,9,25,12],"autoUv":false},"down":{"texture":"#string","uv":[29.0581,13,26,10],"autoUv":false,"rotation":180}},"children":[]}]}],"groups":[]}