{"textureWidth":16,"textureHeight":16,"textures":{"meteoriciron":"block/metal/ingot/meteoriciron","handguard":"block/metal/sheet/meteoriciron1","handle":"block/wood/debarked/aged","string":"block/cloth/burlap/string"},"textureSizes":{"meteoriciron":[32,32],"handguard":[32,32],"handle":[32,32],"string":[32,32]},"elements":[{"name":"origin","from":[14.6304,0.4759,7.7288],"to":[14.6304,0.4759,7.7288],"rotationOrigin":[14.6304,0.4759,7.7288],"rotationX":-90,"group":"Scene Collection","faces":{"north":{"texture":"#0","uv":[0,0,4,4],"autoUv":false},"east":{"texture":"#0","uv":[0,0,4,4],"autoUv":false},"south":{"texture":"#0","uv":[0,0,4,4],"autoUv":false},"west":{"texture":"#0","uv":[0,0,4,4],"autoUv":false},"up":{"texture":"#meteoriciron","uv":[14.8588,30.2741,14.8588,30.2741],"autoUv":false},"down":{"texture":"#0","uv":[0,0,4,4],"autoUv":false}},"children":[{"name":"blade","from":[-10.2412,-1.8506,0.034],"to":[-8.0531,-1.4551,0.7916],"rotationOrigin":[-9.0981,-1.6528,0.4709],"rotationX":90,"rotationY":6.8569,"group":"Scene Collection","faces":{"north":{"texture":"#meteoriciron","uv":[3.7422,27.6388,6.9501,30.0155],"autoUv":false,"rotation":270},"east":{"texture":"#meteoriciron","uv":[6.9501,27.6388,7.7731,28.7495],"autoUv":false,"rotation":180},"south":{"texture":"#meteoriciron","uv":[12.4212,20.1652,14.4297,20.8584],"autoUv":false},"west":{"texture":"#meteoriciron","uv":[3.7422,30.0155,4.5652,31.1263],"autoUv":false},"up":{"texture":"#meteoriciron","uv":[0.6597,25.3496,3.7977,26.3663],"autoUv":false},"down":{"texture":"#meteoriciron","uv":[0.6597,26.3663,3.7977,25.3496],"autoUv":false,"rotation":180}},"children":[{"name":"blade 01","from":[0.6838,0.0052,-0.6158],"to":[4.9317,0.3903,0.5451],"rotationOrigin":[2.3056,0.1977,-0.0353],"rotationY":2.447,"group":"Scene Collection","faces":{"north":{"texture":"#meteoriciron","uv":[4.1175,23.6215,10.1426,28.4975],"autoUv":false,"rotation":270},"east":{"texture":"#meteoriciron","uv":[10.1426,23.6215,11.4752,25.2682],"autoUv":false,"rotation":180},"south":{"texture":"#meteoriciron","uv":[5.4501,25.2682,11.4752,30.1442],"autoUv":false,"rotation":90},"west":{"texture":"#meteoriciron","uv":[4.1175,28.4975,5.4501,30.1442],"autoUv":false},"up":{"texture":"#meteoriciron","uv":[0.7627,25.0535,7.3117,27.742],"autoUv":false},"down":{"texture":"#meteoriciron","uv":[0.7627,27.742,7.3117,25.0535],"autoUv":false,"rotation":180}},"children":[]},{"name":"blade 02","from":[-0.0084,0.0012,-1.5701],"to":[1.1603,0.3942,-0.6382],"rotationOrigin":[0.4799,0.1977,-1.0734],"rotationY":-37.8715,"group":"Scene Collection","faces":{"north":{"texture":"#meteoriciron","uv":[2.4102,26.9937,4.5421,27.0434],"autoUv":false,"rotation":180},"east":{"texture":"#meteoriciron","uv":[4.5025,27.0434,4.5421,28.7433],"autoUv":false,"rotation":90},"south":{"texture":"#meteoriciron","uv":[2.3706,28.6936,4.5025,28.7433],"autoUv":false},"west":{"texture":"#meteoriciron","uv":[2.3706,26.9937,2.4102,28.6936],"autoUv":false,"rotation":270},"up":{"texture":"#meteoriciron","uv":[1.4448,26.7635,1.7398,28.7923],"autoUv":false},"down":{"texture":"#meteoriciron","uv":[0.5705,27.8599,2.6141,27.6958],"autoUv":false,"rotation":270}},"children":[]},{"name":"blade 03","from":[4.7082,0.0009,-1.3818],"to":[9.7729,0.3946,-0.2208],"rotationOrigin":[7.2406,0.1977,-0.8013],"rotationY":15.4407,"group":"Scene Collection","faces":{"north":{"texture":"#meteoriciron","uv":[9.8065,16.6833,15.4992,23.9633],"autoUv":false,"rotation":270},"east":{"texture":"#meteoriciron","uv":[15.4992,16.6833,17.1679,17.9882],"autoUv":false,"rotation":180},"south":{"texture":"#meteoriciron","uv":[11.4752,17.9882,17.1679,25.2682],"autoUv":false,"rotation":90},"west":{"texture":"#meteoriciron","uv":[9.8065,23.9633,11.4752,25.2682],"autoUv":false},"up":{"texture":"#meteoriciron","uv":[7.3117,25.0535,14.9209,27.742],"autoUv":false},"down":{"texture":"#meteoriciron","uv":[7.3117,27.742,14.9209,25.0535],"autoUv":false,"rotation":180}},"children":[]},{"name":"blade 04","from":[9.5871,-0.0024,-2.8688],"to":[14.6518,0.3979,-1.453],"rotationOrigin":[12.1194,0.1977,-2.1609],"rotationY":15.4407,"group":"Scene Collection","faces":{"north":{"texture":"#meteoriciron","uv":[15.2994,9.2471,20.992,16.5271],"autoUv":false,"rotation":270},"east":{"texture":"#meteoriciron","uv":[20.992,9.2471,23.027,10.8384],"autoUv":false,"rotation":180},"south":{"texture":"#meteoriciron","uv":[17.3343,10.8384,23.027,18.1184],"autoUv":false,"rotation":90},"west":{"texture":"#meteoriciron","uv":[15.2994,16.5271,17.3343,18.1184],"autoUv":false},"up":{"texture":"#meteoriciron","uv":[14.9209,25.0535,22.6573,27.742],"autoUv":false},"down":{"texture":"#meteoriciron","uv":[14.9209,27.742,22.6573,25.0535],"autoUv":false,"rotation":180}},"children":[]},{"name":"blade 05","from":[14.4904,0,-3.705],"to":[19.5551,0.3954,-2.5008],"rotationOrigin":[17.0227,0.1977,-3.1029],"rotationY":8.7333,"group":"Scene Collection","faces":{"north":{"texture":"#meteoriciron","uv":[21.2962,2.9198,27.8002,9.485],"autoUv":false,"rotation":270},"east":{"texture":"#meteoriciron","uv":[27.8002,2.9198,29.3611,4.4661],"autoUv":false,"rotation":180},"south":{"texture":"#meteoriciron","uv":[22.8571,4.4661,29.3611,11.0313],"autoUv":false,"rotation":90},"west":{"texture":"#meteoriciron","uv":[21.2962,9.485,22.8571,11.0313],"autoUv":false},"up":{"texture":"#meteoriciron","uv":[22.6573,25.0535,30.4229,27.742],"autoUv":false},"down":{"texture":"#meteoriciron","uv":[22.6573,27.742,30.4229,25.0535],"autoUv":false,"rotation":180}},"children":[]},{"name":"blade 06","from":[20.9193,-0.0528,-3.2769],"to":[21.3765,0.2248,-2.9992],"rotationOrigin":[21.9445,0.0285,-3.3199],"rotationX":-56.7183,"rotationY":-32.238,"rotationZ":-39.0989,"group":"Scene Collection","faces":{"north":{"texture":"#meteoriciron","uv":[31.3392,0.8948,30.4474,1.065],"autoUv":false},"east":{"texture":"#meteoriciron","uv":[31.262,1.2446,31.262,1.2446],"autoUv":false,"rotation":180},"south":{"texture":"#meteoriciron","uv":[30.4474,1.065,31.1849,1.5945],"autoUv":false},"west":{"texture":"#meteoriciron","uv":[30.3703,0.7152,30.5246,1.4148],"autoUv":false,"rotation":270},"up":{"texture":"#meteoriciron","uv":[30.5246,0.7152,31.262,1.2446],"autoUv":false},"down":{"texture":"#meteoriciron","uv":[30.3703,1.4148,31.262,1.2446],"autoUv":false,"rotation":180}},"children":[]},{"name":"blade 07","from":[0.0209,-0.0528,-2.7693],"to":[0.8935,0.2248,-2.4917],"rotationOrigin":[-0.1316,0.0285,-2.8123],"rotationX":-48.6407,"rotationY":-19.5962,"rotationZ":-20.8554,"group":"Scene Collection","faces":{"north":{"texture":"#meteoriciron","uv":[2.3174,25.5722,0.7928,26.1544],"autoUv":false},"east":{"texture":"#meteoriciron","uv":[2.3686,25.9267,2.3686,25.9267],"autoUv":false,"rotation":180},"south":{"texture":"#meteoriciron","uv":[0.7928,26.1544,2.4198,26.2812],"autoUv":false},"west":{"texture":"#meteoriciron","uv":[0.7416,25.7998,0.844,26.5089],"autoUv":false},"up":{"texture":"#meteoriciron","uv":[0.7416,25.7998,2.3686,25.9267],"autoUv":false},"down":{"texture":"#meteoriciron","uv":[0.844,26.5089,2.3686,25.9267],"autoUv":false,"rotation":180}},"children":[]},{"name":"blade 08","from":[0.6965,-0.0528,-2.1745],"to":[1.9032,0.2248,-1.8969],"rotationOrigin":[0.878,0.0285,-2.2175],"rotationX":-54.2158,"rotationY":-29.3487,"rotationZ":-34.2144,"group":"Scene Collection","faces":{"north":{"texture":"#meteoriciron","uv":[4.5012,25.8536,2.2716,25.9274],"autoUv":false},"east":{"texture":"#meteoriciron","uv":[4.4554,26.2089,4.4554,26.2089],"autoUv":false,"rotation":180},"south":{"texture":"#meteoriciron","uv":[2.2716,25.9274,4.4096,26.5642],"autoUv":false},"west":{"texture":"#meteoriciron","uv":[2.3174,25.5722,2.2258,26.2827],"autoUv":false},"up":{"texture":"#meteoriciron","uv":[2.3174,25.5722,4.4554,26.2089],"autoUv":false},"down":{"texture":"#meteoriciron","uv":[2.2258,26.2827,4.4554,26.2089],"autoUv":false,"rotation":180}},"children":[]},{"name":"blade 09","from":[1.44,-0.0528,-1.4902],"to":[2.4241,0.2248,-1.2125],"rotationOrigin":[1.6216,0.0285,-1.5332],"rotationX":-48.7629,"rotationY":-19.8953,"rotationZ":-21.2171,"group":"Scene Collection","faces":{"north":{"texture":"#meteoriciron","uv":[5.8784,25.6124,4.1476,26.21],"autoUv":false},"east":{"texture":"#meteoriciron","uv":[5.9268,25.9673,5.9268,25.9673],"autoUv":false},"south":{"texture":"#meteoriciron","uv":[4.1476,26.21,5.9752,26.3223],"autoUv":false},"west":{"texture":"#meteoriciron","uv":[4.0992,25.8551,4.196,26.565],"autoUv":false},"up":{"texture":"#meteoriciron","uv":[4.0992,25.8551,5.9268,25.9673],"autoUv":false},"down":{"texture":"#meteoriciron","uv":[4.196,26.565,5.9268,25.9673],"autoUv":false,"rotation":180}},"children":[]},{"name":"blade 10","from":[2.1551,0.0051,-0.017],"to":[5.3205,0.3904,0.6244],"rotationOrigin":[3.7378,0.1977,0.3037],"rotationY":4.8713,"group":"Scene Collection","faces":{"north":{"texture":"#meteoriciron","uv":[6.9991,24.0517,11.3312,27.8718],"autoUv":false,"rotation":270},"east":{"texture":"#meteoriciron","uv":[11.3312,24.0517,12.1052,24.9294],"autoUv":false,"rotation":180},"south":{"texture":"#meteoriciron","uv":[14.4297,20.1741,17.2952,20.8495],"autoUv":false},"west":{"texture":"#meteoriciron","uv":[6.9991,27.8718,7.7731,28.7495],"autoUv":false},"up":{"texture":"#meteoriciron","uv":[3.7977,25.3496,8.2696,26.3663],"autoUv":false},"down":{"texture":"#meteoriciron","uv":[3.7977,26.3663,8.2696,25.3496],"autoUv":false,"rotation":180}},"children":[]},{"name":"blade 11","from":[5.2593,-0.001,-0.4301],"to":[8.4247,0.3965,0.2113],"rotationOrigin":[6.842,0.1977,-0.1094],"rotationY":10.2901,"group":"Scene Collection","faces":{"north":{"texture":"#meteoriciron","uv":[11.2518,19.9166,15.2037,24.1287],"autoUv":false,"rotation":270},"east":{"texture":"#meteoriciron","uv":[15.2037,19.9166,16.0572,20.7173],"autoUv":false,"rotation":180},"south":{"texture":"#meteoriciron","uv":[17.2952,20.1634,20.0917,20.8602],"autoUv":false},"west":{"texture":"#meteoriciron","uv":[11.2518,24.1287,12.1052,24.9294],"autoUv":false},"up":{"texture":"#meteoriciron","uv":[8.2696,25.3496,12.7786,26.3663],"autoUv":false},"down":{"texture":"#meteoriciron","uv":[8.2696,26.3663,12.7786,25.3496],"autoUv":false,"rotation":180}},"children":[]},{"name":"blade 12","from":[8.3325,0.0045,-1.0903],"to":[11.4979,0.3909,-0.449],"rotationOrigin":[9.9152,0.1977,-0.7696],"rotationY":13.9601,"group":"Scene Collection","faces":{"north":{"texture":"#meteoriciron","uv":[15.1542,15.5164,18.8284,19.9728],"autoUv":false,"rotation":270},"east":{"texture":"#meteoriciron","uv":[18.8284,15.5164,19.7314,16.2609],"autoUv":false,"rotation":180},"south":{"texture":"#meteoriciron","uv":[20.0917,20.1732,22.8272,20.8504],"autoUv":false},"west":{"texture":"#meteoriciron","uv":[15.1542,19.9728,16.0572,20.7173],"autoUv":false},"up":{"texture":"#meteoriciron","uv":[12.7786,25.3496,17.279,26.3663],"autoUv":false},"down":{"texture":"#meteoriciron","uv":[12.7786,26.3663,17.279,25.3496],"autoUv":false,"rotation":180}},"children":[]},{"name":"blade 13","from":[11.3942,0.0021,-1.8751],"to":[14.5596,0.3933,-1.2337],"rotationOrigin":[12.9769,0.1977,-1.5544],"rotationY":14.7928,"group":"Scene Collection","faces":{"north":{"texture":"#meteoriciron","uv":[18.8177,11.0202,22.4268,15.5296],"autoUv":false,"rotation":270},"east":{"texture":"#meteoriciron","uv":[22.4268,11.0202,23.3405,11.7515],"autoUv":false,"rotation":180},"south":{"texture":"#meteoriciron","uv":[22.8272,20.169,25.5473,20.8547],"autoUv":false},"west":{"texture":"#meteoriciron","uv":[18.8177,15.5296,19.7314,16.2609],"autoUv":false},"up":{"texture":"#meteoriciron","uv":[17.279,25.3496,21.7756,26.3663],"autoUv":false},"down":{"texture":"#meteoriciron","uv":[17.279,26.3663,21.7756,25.3496],"autoUv":false,"rotation":180}},"children":[]},{"name":"blade 14","from":[14.4454,0.0023,-2.7327],"to":[18.517,0.3932,-2.0914],"rotationOrigin":[16.4812,0.1977,-2.412],"rotationY":12.9436,"group":"Scene Collection","faces":{"north":{"texture":"#meteoriciron","uv":[22.4268,5.3727,27.2539,11.0202],"autoUv":false,"rotation":270},"east":{"texture":"#meteoriciron","uv":[27.2539,5.3727,28.1435,6.133],"autoUv":false,"rotation":180},"south":{"texture":"#meteoriciron","uv":[25.5294,20.1693,29.0712,20.8543],"autoUv":false},"west":{"texture":"#meteoriciron","uv":[22.4268,11.0202,23.3164,11.7806],"autoUv":false},"up":{"texture":"#meteoriciron","uv":[21.7756,25.3496,27.5563,26.3663],"autoUv":false},"down":{"texture":"#meteoriciron","uv":[21.7756,26.3663,27.5563,25.3496],"autoUv":false,"rotation":180}},"children":[]},{"name":"blade 15","from":[18.4317,0.0001,-3.3538],"to":[19.7249,0.3954,-2.7124],"rotationOrigin":[19.0783,0.1977,-3.0331],"rotationY":15.0474,"group":"Scene Collection","faces":{"north":{"texture":"#meteoriciron","uv":[27.2266,3.5571,28.6928,5.4058],"autoUv":false,"rotation":270},"east":{"texture":"#meteoriciron","uv":[28.6928,3.5571,29.6097,4.2842],"autoUv":false,"rotation":180},"south":{"texture":"#meteoriciron","uv":[29.0712,20.1654,30.1805,20.8582],"autoUv":false},"west":{"texture":"#meteoriciron","uv":[27.2266,5.4058,28.1435,6.133],"autoUv":false},"up":{"texture":"#meteoriciron","uv":[27.5563,25.3496,29.377,26.3663],"autoUv":false},"down":{"texture":"#meteoriciron","uv":[27.5563,26.3663,29.377,25.3496],"autoUv":false,"rotation":180}},"children":[]},{"name":"blade 16","from":[19.6647,0.0028,-3.7069],"to":[20.9578,0.3926,-3.0656],"rotationOrigin":[20.3113,0.1977,-3.3862],"rotationY":16.9216,"group":"Scene Collection","faces":{"north":{"texture":"#meteoriciron","uv":[28.6695,1.6917,30.0745,3.5874],"autoUv":false,"rotation":270},"east":{"texture":"#meteoriciron","uv":[30.0745,1.6917,31.0147,2.3885],"autoUv":false,"rotation":180},"south":{"texture":"#meteoriciron","uv":[30.1805,20.1702,31.2746,20.8534],"autoUv":false},"west":{"texture":"#meteoriciron","uv":[28.6695,3.5874,29.6097,4.2842],"autoUv":false},"up":{"texture":"#meteoriciron","uv":[29.377,25.3496,31.2013,26.3663],"autoUv":false},"down":{"texture":"#meteoriciron","uv":[29.377,26.3663,31.2013,25.3496],"autoUv":false,"rotation":180}},"children":[]},{"name":"blade 17","from":[-0.1729,0.0014,-2.7733],"to":[0.6997,0.3941,-2.1319],"rotationOrigin":[-0.3254,0.1977,-2.4526],"rotationY":-28.3146,"group":"Scene Collection","faces":{"north":{"texture":"#meteoriciron","uv":[0.7928,25.9267,2.3686,26.1543],"autoUv":false,"rotation":270},"east":{"texture":"#meteoriciron","uv":[2.3686,25.9267,2.536,27.0849],"autoUv":false,"rotation":180},"south":{"texture":"#meteoriciron","uv":[0.9601,27.0849,2.536,27.3126],"autoUv":false,"rotation":90},"west":{"texture":"#meteoriciron","uv":[0.7928,26.1543,0.9601,27.3126],"autoUv":false},"up":{"texture":"#meteoriciron","uv":[1.0453,26.5104,2.0921,27.6089],"autoUv":false},"down":{"texture":"#meteoriciron","uv":[1.0453,27.6089,2.0921,26.5104],"autoUv":false,"rotation":180}},"children":[]},{"name":"blade 18","from":[0.2955,-0.0023,-1.9513],"to":[1.5022,0.3978,-1.31],"rotationOrigin":[0.8988,0.1977,-1.6307],"rotationY":-43.8791,"group":"Scene Collection","faces":{"north":{"texture":"#meteoriciron","uv":[2.2716,25.9274,4.4554,26.2089],"autoUv":false,"rotation":180},"east":{"texture":"#meteoriciron","uv":[4.3058,26.2089,4.4554,27.3696],"autoUv":false,"rotation":90},"south":{"texture":"#meteoriciron","uv":[2.122,27.0881,4.3058,27.3696],"autoUv":false},"west":{"texture":"#meteoriciron","uv":[2.122,25.9274,2.2716,27.0881],"autoUv":false,"rotation":270},"up":{"texture":"#meteoriciron","uv":[1.9408,26.5104,3.0772,27.6089],"autoUv":false},"down":{"texture":"#meteoriciron","uv":[1.9408,27.6089,3.0772,26.5104],"autoUv":false,"rotation":180}},"children":[]},{"name":"blade 19","from":[1.1913,-0.0017,-1.2927],"to":[2.398,0.3972,-0.0948],"rotationOrigin":[1.7947,0.1977,-0.972],"rotationY":-28.7678,"group":"Scene Collection","faces":{"north":{"texture":"#meteoriciron","uv":[4.1476,25.9124,6.3293,26.21],"autoUv":false,"rotation":270},"east":{"texture":"#meteoriciron","uv":[6.3293,25.9124,6.6247,28.0781],"autoUv":false,"rotation":180},"south":{"texture":"#meteoriciron","uv":[4.443,28.0781,6.6247,28.3757],"autoUv":false,"rotation":90},"west":{"texture":"#meteoriciron","uv":[4.1476,26.21,4.443,28.3757],"autoUv":false},"up":{"texture":"#meteoriciron","uv":[2.7619,26.5104,4.2019,27.6089],"autoUv":false},"down":{"texture":"#meteoriciron","uv":[2.7619,27.6089,4.2019,26.5104],"autoUv":false,"rotation":180}},"children":[]},{"name":"blade 20","from":[20.8843,0.0052,-3.9723],"to":[21.3441,0.3902,-3.3309],"rotationOrigin":[21.1142,0.1977,-3.6516],"rotationY":-48.9725,"group":"Scene Collection","faces":{"north":{"texture":"#meteoriciron","uv":[30.4474,1.065,31.2668,1.2457],"autoUv":false,"rotation":180},"east":{"texture":"#meteoriciron","uv":[31.2746,20.1744,31.6723,20.8492],"autoUv":false},"south":{"texture":"#meteoriciron","uv":[30.1954,2.2078,31.0147,2.3885],"autoUv":false},"west":{"texture":"#meteoriciron","uv":[30.1954,1.065,30.4474,2.2078],"autoUv":false,"rotation":270},"up":{"texture":"#meteoriciron","uv":[29.8019,26.2924,30.1475,27.3182],"autoUv":false,"rotation":270},"down":{"texture":"#meteoriciron","uv":[29.4335,26.8062,30.5159,26.8043],"autoUv":false,"rotation":180}},"children":[]},{"name":"blade 21","from":[19.8953,-0.0021,-4.0718],"to":[21.1885,0.3975,-3.4304],"rotationOrigin":[20.5419,0.1977,-3.7511],"rotationY":-3.1674,"group":"Scene Collection","faces":{"north":{"texture":"#meteoriciron","uv":[28.4768,1.065,30.4474,2.3628],"autoUv":false,"rotation":270},"east":{"texture":"#meteoriciron","uv":[29.3141,23.455,29.5193,25.0036],"autoUv":false,"rotation":90},"south":{"texture":"#meteoriciron","uv":[26.1916,24.5898,29.3141,25.0036],"autoUv":false},"west":{"texture":"#meteoriciron","uv":[26.1916,23.0412,26.3968,24.5898],"autoUv":false,"rotation":270},"up":{"texture":"#meteoriciron","uv":[30.0407,26.5104,31.8831,27.6089],"autoUv":false},"down":{"texture":"#meteoriciron","uv":[30.0407,27.6089,31.8831,26.5104],"autoUv":false,"rotation":180}},"children":[]},{"name":"blade 22","from":[17.8475,0.0007,-4.1641],"to":[19.8978,0.3948,-3.5228],"rotationOrigin":[18.8727,0.1977,-3.8435],"rotationY":-3.1674,"group":"Scene Collection","faces":{"north":{"texture":"#meteoriciron","uv":[25.3524,2.3628,28.4768,4.4204],"autoUv":false,"rotation":270},"east":{"texture":"#meteoriciron","uv":[26.1916,23.0412,26.3968,24.5898],"autoUv":false,"rotation":90},"south":{"texture":"#meteoriciron","uv":[21.241,23.9339,26.1916,24.5898],"autoUv":false},"west":{"texture":"#meteoriciron","uv":[21.241,22.3853,21.4462,23.9339],"autoUv":false,"rotation":270},"up":{"texture":"#meteoriciron","uv":[27.1198,26.5104,30.0407,27.6089],"autoUv":false},"down":{"texture":"#meteoriciron","uv":[27.1198,27.6089,30.0407,26.5104],"autoUv":false,"rotation":180}},"children":[]},{"name":"blade 23","from":[15.8357,0.0033,-4.1644],"to":[17.886,0.3922,-3.523],"rotationOrigin":[16.8609,0.1977,-3.8437],"rotationY":3.1547,"group":"Scene Collection","faces":{"north":{"texture":"#meteoriciron","uv":[22.4736,4.4204,25.3524,6.8096],"autoUv":false,"rotation":270},"east":{"texture":"#meteoriciron","uv":[21.4128,22.3853,21.4462,23.9471],"autoUv":false,"rotation":90},"south":{"texture":"#meteoriciron","uv":[16.42,23.8403,21.4128,23.9471],"autoUv":false},"west":{"texture":"#meteoriciron","uv":[16.42,22.2785,16.4534,23.8403],"autoUv":false,"rotation":270},"up":{"texture":"#meteoriciron","uv":[24.2379,26.5104,27.1198,27.6089],"autoUv":false},"down":{"texture":"#meteoriciron","uv":[24.2379,27.6089,27.1198,26.5104],"autoUv":false,"rotation":180}},"children":[]},{"name":"blade 24","from":[13.8205,0.0049,-3.9751],"to":[15.8708,0.3905,-3.3338],"rotationOrigin":[14.8457,0.1977,-3.6545],"rotationY":7.5743,"group":"Scene Collection","faces":{"north":{"texture":"#meteoriciron","uv":[19.7874,6.8096,22.4736,9.4135],"autoUv":false,"rotation":270},"east":{"texture":"#meteoriciron","uv":[16.4535,22.2785,16.5405,23.8382],"autoUv":false,"rotation":180},"south":{"texture":"#meteoriciron","uv":[11.5544,23.8382,16.5405,24.1165],"autoUv":false,"rotation":90},"west":{"texture":"#meteoriciron","uv":[11.4674,22.5567,11.5544,24.1165],"autoUv":false},"up":{"texture":"#meteoriciron","uv":[21.368,26.5104,24.2379,27.6089],"autoUv":false},"down":{"texture":"#meteoriciron","uv":[21.368,27.6089,24.2379,26.5104],"autoUv":false,"rotation":180}},"children":[]},{"name":"blade 25","from":[11.8601,0.0001,-3.5746],"to":[13.9104,0.3954,-2.9333],"rotationOrigin":[12.8852,0.1977,-3.2539],"rotationY":15.5183,"group":"Scene Collection","faces":{"north":{"texture":"#meteoriciron","uv":[17.4869,9.4135,19.7874,12.3637],"autoUv":false,"rotation":270},"east":{"texture":"#meteoriciron","uv":[11.4674,22.5567,11.7691,24.0895],"autoUv":false,"rotation":180},"south":{"texture":"#meteoriciron","uv":[6.8693,24.0895,11.7691,25.0542],"autoUv":false,"rotation":90},"west":{"texture":"#meteoriciron","uv":[6.5676,23.5214,6.8693,25.0542],"autoUv":false},"up":{"texture":"#meteoriciron","uv":[18.5017,26.5104,21.368,27.6089],"autoUv":false},"down":{"texture":"#meteoriciron","uv":[18.5017,27.6089,21.368,26.5104],"autoUv":false,"rotation":180}},"children":[]},{"name":"blade 26","from":[9.9395,0.0008,-2.9488],"to":[11.9898,0.3947,-2.3075],"rotationOrigin":[10.9646,0.1977,-2.6282],"rotationY":20.5756,"group":"Scene Collection","faces":{"north":{"texture":"#meteoriciron","uv":[15.4555,12.3637,17.4869,15.5051],"autoUv":false,"rotation":270},"east":{"texture":"#meteoriciron","uv":[16.6983,23.0641,17.1434,24.5967],"autoUv":false,"rotation":180},"south":{"texture":"#meteoriciron","uv":[12.244,24.5967,17.1434,26.0197],"autoUv":false,"rotation":90},"west":{"texture":"#meteoriciron","uv":[11.7989,24.4871,12.244,26.0197],"autoUv":false},"up":{"texture":"#meteoriciron","uv":[15.6532,26.5104,18.5017,27.6089],"autoUv":false},"down":{"texture":"#meteoriciron","uv":[15.6532,27.6089,18.5017,26.5104],"autoUv":false,"rotation":180}},"children":[]},{"name":"blade 27","from":[8.0186,0.0034,-2.2644],"to":[10.0688,0.392,-1.623],"rotationOrigin":[9.0437,0.1977,-1.9437],"rotationY":18.6495,"group":"Scene Collection","faces":{"north":{"texture":"#meteoriciron","uv":[13.3415,15.4725,15.4774,18.5439],"autoUv":false,"rotation":270},"east":{"texture":"#meteoriciron","uv":[11.8507,24.473,12.244,26.0197],"autoUv":false,"rotation":180},"south":{"texture":"#meteoriciron","uv":[7.2996,26.0197,12.244,27.2772],"autoUv":false,"rotation":90},"west":{"texture":"#meteoriciron","uv":[6.9062,25.7305,7.2996,27.2772],"autoUv":false},"up":{"texture":"#meteoriciron","uv":[12.8038,26.5104,15.6532,27.6089],"autoUv":false},"down":{"texture":"#meteoriciron","uv":[12.8038,27.6089,15.6532,26.5104],"autoUv":false,"rotation":180}},"children":[]},{"name":"blade 28","from":[6.0883,0.0053,-1.592],"to":[8.1386,0.3901,-0.9506],"rotationOrigin":[7.1135,0.1977,-1.2713],"rotationY":19.7607,"group":"Scene Collection","faces":{"north":{"texture":"#meteoriciron","uv":[11.2655,18.5439,13.3415,21.6561],"autoUv":false,"rotation":270},"east":{"texture":"#meteoriciron","uv":[24.1588,23.7976,24.5821,25.3364],"autoUv":false,"rotation":180},"south":{"texture":"#meteoriciron","uv":[19.663,25.3364,24.5821,26.6896],"autoUv":false,"rotation":90},"west":{"texture":"#meteoriciron","uv":[19.2397,25.1508,19.663,26.6896],"autoUv":false},"up":{"texture":"#meteoriciron","uv":[9.9445,26.5104,12.8038,27.6089],"autoUv":false},"down":{"texture":"#meteoriciron","uv":[9.9445,27.6089,12.8038,26.5104],"autoUv":false,"rotation":180}},"children":[]},{"name":"blade 29","from":[4.1633,0.0031,-1.1397],"to":[6.2136,0.3923,-0.4983],"rotationOrigin":[5.1884,0.1977,-0.819],"rotationY":8.1428,"group":"Scene Collection","faces":{"north":{"texture":"#meteoriciron","uv":[8.7178,21.4476,11.378,24.078],"autoUv":false,"rotation":270},"east":{"texture":"#meteoriciron","uv":[19.4562,25.1071,19.663,26.6896],"autoUv":false,"rotation":180},"south":{"texture":"#meteoriciron","uv":[14.6042,26.6896,19.663,27.3506],"autoUv":false,"rotation":90},"west":{"texture":"#meteoriciron","uv":[14.3974,25.7681,14.6042,27.3506],"autoUv":false},"up":{"texture":"#meteoriciron","uv":[7.0786,26.5104,10.028,27.6089],"autoUv":false},"down":{"texture":"#meteoriciron","uv":[7.0786,27.6089,10.028,26.5104],"autoUv":false,"rotation":180}},"children":[]},{"name":"blade 30","from":[2.1759,0.0052,-1.0197],"to":[4.2262,0.3903,-0.3784],"rotationOrigin":[3.2011,0.1977,-0.6991],"rotationY":-1.2353,"group":"Scene Collection","faces":{"north":{"texture":"#meteoriciron","uv":[5.8112,23.9551,8.8644,26.1169],"autoUv":false,"rotation":270},"east":{"texture":"#meteoriciron","uv":[14.6042,25.7556,14.658,27.3506],"autoUv":false,"rotation":90},"south":{"texture":"#meteoriciron","uv":[9.5053,27.1785,14.6042,27.3506],"autoUv":false},"west":{"texture":"#meteoriciron","uv":[9.5053,25.5835,9.5591,27.1785],"autoUv":false,"rotation":270},"up":{"texture":"#meteoriciron","uv":[4.2202,26.5104,7.1541,27.6089],"autoUv":false},"down":{"texture":"#meteoriciron","uv":[4.2202,27.6089,7.1541,26.5104],"autoUv":false,"rotation":180}},"children":[]},{"name":"blade 31","from":[2.1207,0.0104,-0.1359],"to":[3.5626,0.3867,0.5974],"rotationOrigin":[3.7034,0.2028,0.2767],"rotationY":31.2658,"group":"Scene Collection","faces":{"north":{"texture":"#meteoriciron","uv":[7.6841,26.3518,8.6781,28.7877],"autoUv":false,"rotation":270},"east":{"texture":"#meteoriciron","uv":[8.6781,26.3518,9.917,26.8574],"autoUv":false,"rotation":180},"south":{"texture":"#meteoriciron","uv":[14.8076,20.1805,15.8349,20.8402],"autoUv":false},"west":{"texture":"#meteoriciron","uv":[14.3755,20.1805,14.8076,20.8402],"autoUv":false},"up":{"texture":"#meteoriciron","uv":[3.4999,30.412,5.7183,30.4499],"autoUv":false},"down":{"texture":"#meteoriciron","uv":[3.9404,31.3162,5.2777,29.5457],"autoUv":false,"rotation":180}},"children":[]},{"name":"blade 32","from":[0.6457,0.0076,-0.7089],"to":[2.0876,0.3904,-0.0675],"rotationOrigin":[2.2284,0.2028,-0.3882],"rotationY":56.5672,"group":"Scene Collection","faces":{"north":{"texture":"#meteoriciron","uv":[6.0172,27.314,6.1596,29.9411],"autoUv":false},"east":{"texture":"#meteoriciron","uv":[6.0172,27.2507,7.1858,27.314],"autoUv":false,"rotation":270},"south":{"texture":"#meteoriciron","uv":[13.9248,20.1742,14.5212,20.8451],"autoUv":false},"west":{"texture":"#meteoriciron","uv":[13.3945,20.1742,13.9248,20.8451],"autoUv":false},"up":{"texture":"#meteoriciron","uv":[2.0677,29.3012,3.9912,30.2939],"autoUv":false,"rotation":90},"down":{"texture":"#meteoriciron","uv":[2.7541,30.8442,3.3048,28.7509],"autoUv":false,"rotation":180}},"children":[]},{"name":"blade 33","from":[-0.2927,0.0043,-2.0785],"to":[0.5799,0.3912,0.1771],"rotationOrigin":[-0.4452,0.1977,-1.7578],"rotationY":8.7526,"group":"Scene Collection","faces":{"north":{"texture":"#meteoriciron","uv":[0.9601,26.1811,2.0803,27.3126],"autoUv":false,"rotation":270},"east":{"texture":"#meteoriciron","uv":[2.0803,26.1811,5.0051,29.0767],"autoUv":false,"rotation":180},"south":{"texture":"#meteoriciron","uv":[3.8849,29.0767,5.0051,30.2082],"autoUv":false,"rotation":90},"west":{"texture":"#meteoriciron","uv":[0.9601,27.3126,3.8849,30.2082],"autoUv":false},"up":{"texture":"#meteoriciron","uv":[0.4726,26.2152,1.8543,29.231],"autoUv":false},"down":{"texture":"#meteoriciron","uv":[0.6597,29.3034,1.6673,26.1429],"autoUv":false,"rotation":180}},"children":[]},{"name":"blade 34","from":[20.0387,0.0253,-4.3208],"to":[20.5418,0.3701,-3.8177],"rotationOrigin":[20.2903,0.146,-4.0692],"rotationY":-47.6943,"group":"Scene Collection","faces":{"north":{"texture":"#meteoriciron","uv":[17.4671,24.1463,18.3485,25.4321],"autoUv":false,"rotation":90},"east":{"texture":"#meteoriciron","uv":[17.4671,24.1461,18.3485,25.432],"autoUv":false,"rotation":90},"south":{"texture":"#meteoriciron","uv":[17.4672,24.1462,18.3485,25.4321],"autoUv":false,"rotation":90},"west":{"texture":"#meteoriciron","uv":[17.4672,24.1461,18.3485,25.432],"autoUv":false,"rotation":90},"up":{"texture":"#meteoriciron","uv":[28.8345,25.6476,28.97,26.6139],"autoUv":false,"rotation":270},"down":{"texture":"#meteoriciron","uv":[28.4191,26.1985,29.3854,26.063],"autoUv":false,"rotation":270}},"children":[]},{"name":"blade 35","from":[19.3592,0.0253,-4.3097],"to":[19.7664,0.3701,-3.9025],"rotationOrigin":[19.5628,0.146,-4.1061],"rotationY":-49.0643,"group":"Scene Collection","faces":{"north":{"texture":"#meteoriciron","uv":[16.6366,22.6213,17.518,23.6623],"autoUv":false,"rotation":90},"east":{"texture":"#meteoriciron","uv":[16.6366,22.6214,17.518,23.6623],"autoUv":false,"rotation":90},"south":{"texture":"#meteoriciron","uv":[16.6366,22.6214,17.518,23.6623],"autoUv":false,"rotation":90},"west":{"texture":"#meteoriciron","uv":[16.6366,22.6214,17.518,23.6624],"autoUv":false,"rotation":90},"up":{"texture":"#meteoriciron","uv":[27.8492,25.5988,27.9776,26.3782],"autoUv":false,"rotation":270},"down":{"texture":"#meteoriciron","uv":[27.5237,26.0527,28.3031,25.9243],"autoUv":false,"rotation":270}},"children":[]},{"name":"blade 36","from":[18.603,0.0253,-4.3934],"to":[19.106,0.3701,-3.8904],"rotationOrigin":[18.8545,0.146,-4.1419],"rotationY":-48.145,"group":"Scene Collection","faces":{"north":{"texture":"#meteoriciron","uv":[17.4673,24.1461,18.3486,25.432],"autoUv":false,"rotation":90},"east":{"texture":"#meteoriciron","uv":[17.4673,24.1461,18.3487,25.432],"autoUv":false,"rotation":90},"south":{"texture":"#meteoriciron","uv":[17.4672,24.1461,18.3485,25.432],"autoUv":false,"rotation":90},"west":{"texture":"#meteoriciron","uv":[17.4673,24.1462,18.3486,25.4321],"autoUv":false,"rotation":90},"up":{"texture":"#meteoriciron","uv":[26.879,25.3674,27.022,26.3327],"autoUv":false,"rotation":270},"down":{"texture":"#meteoriciron","uv":[26.4679,25.9216,27.4331,25.7785],"autoUv":false,"rotation":270}},"children":[]},{"name":"blade 37","from":[17.9265,0.0253,-4.3813],"to":[18.3337,0.3701,-3.974],"rotationOrigin":[18.1301,0.146,-4.1777],"rotationY":-47.5665,"group":"Scene Collection","faces":{"north":{"texture":"#meteoriciron","uv":[16.6368,22.6214,17.5182,23.6623],"autoUv":false,"rotation":90},"east":{"texture":"#meteoriciron","uv":[16.6367,22.6214,17.5181,23.6623],"autoUv":false,"rotation":90},"south":{"texture":"#meteoriciron","uv":[16.6367,22.6213,17.5181,23.6622],"autoUv":false,"rotation":90},"west":{"texture":"#meteoriciron","uv":[16.6367,22.6213,17.5181,23.6623],"autoUv":false,"rotation":90},"up":{"texture":"#meteoriciron","uv":[25.9117,25.3184,26.0196,26.1009],"autoUv":false,"rotation":270},"down":{"texture":"#meteoriciron","uv":[25.5744,25.7636,26.3569,25.6557],"autoUv":false,"rotation":270}},"children":[]},{"name":"blade 38","from":[17.131,0.0253,-4.4185],"to":[17.6341,0.3701,-3.9154],"rotationOrigin":[17.3825,0.146,-4.167],"rotationY":-43.2379,"group":"Scene Collection","faces":{"north":{"texture":"#meteoriciron","uv":[17.4672,24.1462,18.3486,25.4321],"autoUv":false,"rotation":90},"east":{"texture":"#meteoriciron","uv":[17.4672,24.1461,18.3486,25.432],"autoUv":false,"rotation":90},"south":{"texture":"#meteoriciron","uv":[17.4671,24.1461,18.3485,25.432],"autoUv":false,"rotation":90},"west":{"texture":"#meteoriciron","uv":[17.4672,24.1461,18.3486,25.432],"autoUv":false,"rotation":90},"up":{"texture":"#meteoriciron","uv":[24.9133,25.1428,24.9733,26.1167],"autoUv":false,"rotation":270},"down":{"texture":"#meteoriciron","uv":[24.4563,25.6598,25.4303,25.5998],"autoUv":false,"rotation":270}},"children":[]},{"name":"blade 39","from":[15.8636,0.0253,-4.34],"to":[16.3666,0.3701,-3.8369],"rotationOrigin":[16.1151,0.146,-4.0884],"rotationY":-43.2379,"group":"Scene Collection","faces":{"north":{"texture":"#meteoriciron","uv":[17.4673,24.1462,18.3486,25.432],"autoUv":false,"rotation":90},"east":{"texture":"#meteoriciron","uv":[17.4672,24.1462,18.3486,25.432],"autoUv":false,"rotation":90},"south":{"texture":"#meteoriciron","uv":[17.4671,24.1462,18.3485,25.432],"autoUv":false,"rotation":90},"west":{"texture":"#meteoriciron","uv":[17.4672,24.1462,18.3486,25.432],"autoUv":false,"rotation":90},"up":{"texture":"#meteoriciron","uv":[23.1724,25.0898,23.2324,26.0638],"autoUv":false,"rotation":270},"down":{"texture":"#meteoriciron","uv":[22.7154,25.6068,23.6894,25.5468],"autoUv":false,"rotation":270}},"children":[]},{"name":"blade 40","from":[14.5508,0.0253,-4.1879],"to":[15.0539,0.3701,-3.6848],"rotationOrigin":[14.8024,0.146,-3.9364],"rotationY":-37.704,"group":"Scene Collection","faces":{"north":{"texture":"#meteoriciron","uv":[17.4673,24.1462,18.3487,25.4321],"autoUv":false,"rotation":90},"east":{"texture":"#meteoriciron","uv":[17.4673,24.1462,18.3487,25.432],"autoUv":false,"rotation":90},"south":{"texture":"#meteoriciron","uv":[17.4673,24.1461,18.3487,25.432],"autoUv":false,"rotation":90},"west":{"texture":"#meteoriciron","uv":[17.4673,24.1462,18.3487,25.4321],"autoUv":false,"rotation":90},"up":{"texture":"#meteoriciron","uv":[21.3732,25.131,21.4074,26.1062],"autoUv":false},"down":{"texture":"#meteoriciron","uv":[20.9027,25.6357,21.8779,25.6015],"autoUv":false,"rotation":180}},"children":[]},{"name":"blade 41","from":[16.5214,0.0253,-4.3391],"to":[16.9286,0.3701,-3.9319],"rotationOrigin":[16.725,0.146,-4.1355],"rotationY":-40.3361,"group":"Scene Collection","faces":{"north":{"texture":"#meteoriciron","uv":[16.6367,22.6213,17.5181,23.6623],"autoUv":false,"rotation":90},"east":{"texture":"#meteoriciron","uv":[16.6367,22.6213,17.5181,23.6622],"autoUv":false,"rotation":90},"south":{"texture":"#meteoriciron","uv":[16.6366,22.6213,17.518,23.6623],"autoUv":false,"rotation":90},"west":{"texture":"#meteoriciron","uv":[16.6367,22.6213,17.5181,23.6622],"autoUv":false,"rotation":90},"up":{"texture":"#meteoriciron","uv":[24.037,25.1947,24.0456,25.9846],"autoUv":false,"rotation":270},"down":{"texture":"#meteoriciron","uv":[23.6464,25.5939,24.4363,25.5853],"autoUv":false,"rotation":270}},"children":[]},{"name":"blade 42","from":[15.2321,0.0253,-4.2308],"to":[15.6394,0.3701,-3.8236],"rotationOrigin":[15.4358,0.146,-4.0272],"rotationY":-36.9871,"group":"Scene Collection","faces":{"north":{"texture":"#meteoriciron","uv":[16.6367,22.6213,17.518,23.6622],"autoUv":false,"rotation":90},"east":{"texture":"#meteoriciron","uv":[16.6366,22.6215,17.518,23.6624],"autoUv":false,"rotation":90},"south":{"texture":"#meteoriciron","uv":[16.6367,22.6213,17.518,23.6622],"autoUv":false,"rotation":90},"west":{"texture":"#meteoriciron","uv":[16.6367,22.6215,17.5181,23.6624],"autoUv":false,"rotation":90},"up":{"texture":"#meteoriciron","uv":[22.2481,25.1801,22.2856,25.9691],"autoUv":false},"down":{"texture":"#meteoriciron","uv":[21.8723,25.5934,22.6614,25.5558],"autoUv":false,"rotation":180}},"children":[]},{"name":"blade 43","from":[13.7535,0.0253,-4.0772],"to":[14.2566,0.3701,-3.5741],"rotationOrigin":[14.0051,0.146,-3.8256],"rotationY":-37.704,"group":"Scene Collection","faces":{"north":{"texture":"#meteoriciron","uv":[17.4672,24.1463,18.3486,25.4321],"autoUv":false,"rotation":90},"east":{"texture":"#meteoriciron","uv":[17.4672,24.1463,18.3485,25.4321],"autoUv":false,"rotation":90},"south":{"texture":"#meteoriciron","uv":[17.4673,24.1463,18.3486,25.4321],"autoUv":false,"rotation":90},"west":{"texture":"#meteoriciron","uv":[17.4672,24.1463,18.3485,25.4321],"autoUv":false,"rotation":90},"up":{"texture":"#meteoriciron","uv":[20.2703,25.1815,20.3045,26.1567],"autoUv":false},"down":{"texture":"#meteoriciron","uv":[19.7998,25.6862,20.775,25.652],"autoUv":false,"rotation":180}},"children":[]},{"name":"blade 44","from":[12.9618,0.0253,-3.911],"to":[13.4648,0.3701,-3.408],"rotationOrigin":[13.2133,0.146,-3.6595],"rotationY":-30.9494,"group":"Scene Collection","faces":{"north":{"texture":"#meteoriciron","uv":[17.4673,24.1462,18.3486,25.4321],"autoUv":false,"rotation":90},"east":{"texture":"#meteoriciron","uv":[17.4672,24.1463,18.3485,25.4321],"autoUv":false,"rotation":90},"south":{"texture":"#meteoriciron","uv":[17.4672,24.1462,18.3485,25.432],"autoUv":false,"rotation":90},"west":{"texture":"#meteoriciron","uv":[17.4672,24.1462,18.3485,25.4321],"autoUv":false,"rotation":90},"up":{"texture":"#meteoriciron","uv":[19.1107,25.3137,19.2593,26.2781],"autoUv":false},"down":{"texture":"#meteoriciron","uv":[18.7028,25.8702,19.6672,25.7216],"autoUv":false,"rotation":180}},"children":[]},{"name":"blade 45","from":[12.2323,0.0253,-3.7071],"to":[12.7353,0.3701,-3.204],"rotationOrigin":[12.4838,0.146,-3.4555],"rotationY":-30.9494,"group":"Scene Collection","faces":{"north":{"texture":"#meteoriciron","uv":[17.4673,24.1462,18.3487,25.4321],"autoUv":false,"rotation":90},"east":{"texture":"#meteoriciron","uv":[17.4673,24.1461,18.3486,25.432],"autoUv":false,"rotation":90},"south":{"texture":"#meteoriciron","uv":[17.4672,24.1461,18.3486,25.432],"autoUv":false,"rotation":90},"west":{"texture":"#meteoriciron","uv":[17.4673,24.1461,18.3487,25.432],"autoUv":false,"rotation":90},"up":{"texture":"#meteoriciron","uv":[18.0886,25.5001,18.2372,26.4645],"autoUv":false},"down":{"texture":"#meteoriciron","uv":[17.6807,26.0566,18.6451,25.908],"autoUv":false,"rotation":180}},"children":[]},{"name":"blade 46","from":[11.491,0.0253,-3.4974],"to":[11.994,0.3701,-2.9943],"rotationOrigin":[11.7425,0.146,-3.2459],"rotationY":-26.953,"group":"Scene Collection","faces":{"north":{"texture":"#meteoriciron","uv":[17.4672,24.1462,18.3485,25.4321],"autoUv":false,"rotation":90},"east":{"texture":"#meteoriciron","uv":[17.4672,24.1461,18.3485,25.432],"autoUv":false,"rotation":90},"south":{"texture":"#meteoriciron","uv":[17.4672,24.1461,18.3485,25.432],"autoUv":false,"rotation":90},"west":{"texture":"#meteoriciron","uv":[17.4672,24.1462,18.3485,25.432],"autoUv":false,"rotation":90},"up":{"texture":"#meteoriciron","uv":[17.0162,25.6991,17.2317,26.6508],"autoUv":false},"down":{"texture":"#meteoriciron","uv":[16.6481,26.2827,17.5998,26.0672],"autoUv":false,"rotation":180}},"children":[]},{"name":"blade 47","from":[10.78,0.0253,-3.2284],"to":[11.2831,0.3701,-2.7253],"rotationOrigin":[11.0315,0.146,-2.9769],"rotationY":-24.4923,"group":"Scene Collection","faces":{"north":{"texture":"#meteoriciron","uv":[17.4672,24.1462,18.3486,25.432],"autoUv":false,"rotation":90},"east":{"texture":"#meteoriciron","uv":[17.4672,24.1463,18.3486,25.4321],"autoUv":false,"rotation":90},"south":{"texture":"#meteoriciron","uv":[17.4672,24.1462,18.3485,25.432],"autoUv":false,"rotation":90},"west":{"texture":"#meteoriciron","uv":[17.4673,24.1463,18.3487,25.4321],"autoUv":false,"rotation":90},"up":{"texture":"#meteoriciron","uv":[15.9908,25.9817,16.247,26.9233],"autoUv":false},"down":{"texture":"#meteoriciron","uv":[15.6481,26.5806,16.5897,26.3244],"autoUv":false,"rotation":180}},"children":[]},{"name":"blade 48","from":[10.0596,0.0253,-2.9656],"to":[10.5627,0.3701,-2.4625],"rotationOrigin":[10.3112,0.146,-2.714],"rotationY":-25.3727,"group":"Scene Collection","faces":{"north":{"texture":"#meteoriciron","uv":[17.4673,24.1462,18.3487,25.4321],"autoUv":false,"rotation":90},"east":{"texture":"#meteoriciron","uv":[17.4673,24.1461,18.3487,25.432],"autoUv":false,"rotation":90},"south":{"texture":"#meteoriciron","uv":[17.4673,24.1462,18.3487,25.432],"autoUv":false,"rotation":90},"west":{"texture":"#meteoriciron","uv":[17.4673,24.1462,18.3487,25.4321],"autoUv":false,"rotation":90},"up":{"texture":"#meteoriciron","uv":[14.981,26.2477,15.2227,27.1931],"autoUv":false},"down":{"texture":"#meteoriciron","uv":[14.6292,26.8412,15.5746,26.5995],"autoUv":false,"rotation":180}},"children":[]},{"name":"blade 49","from":[9.3734,0.0253,-2.7341],"to":[9.8765,0.3701,-2.231],"rotationOrigin":[9.625,0.146,-2.4826],"rotationY":-25.3727,"group":"Scene Collection","faces":{"north":{"texture":"#meteoriciron","uv":[17.4673,24.1462,18.3486,25.4321],"autoUv":false,"rotation":90},"east":{"texture":"#meteoriciron","uv":[17.4673,24.1462,18.3486,25.4321],"autoUv":false,"rotation":90},"south":{"texture":"#meteoriciron","uv":[17.4673,24.1461,18.3486,25.432],"autoUv":false,"rotation":90},"west":{"texture":"#meteoriciron","uv":[17.4673,24.1461,18.3486,25.432],"autoUv":false,"rotation":90},"up":{"texture":"#meteoriciron","uv":[14.0146,26.4771,14.2563,27.4225],"autoUv":false},"down":{"texture":"#meteoriciron","uv":[13.6627,27.0706,14.6082,26.829],"autoUv":false,"rotation":180}},"children":[]},{"name":"blade 50","from":[8.6904,0.0253,-2.487],"to":[9.1935,0.3701,-1.984],"rotationOrigin":[8.942,0.146,-2.2355],"rotationY":-25.3727,"group":"Scene Collection","faces":{"north":{"texture":"#meteoriciron","uv":[17.4671,24.1462,18.3485,25.432],"autoUv":false,"rotation":90},"east":{"texture":"#meteoriciron","uv":[17.4672,24.1461,18.3486,25.432],"autoUv":false,"rotation":90},"south":{"texture":"#meteoriciron","uv":[17.4671,24.1461,18.3485,25.432],"autoUv":false,"rotation":90},"west":{"texture":"#meteoriciron","uv":[17.4672,24.1461,18.3486,25.432],"autoUv":false,"rotation":90},"up":{"texture":"#meteoriciron","uv":[13.0505,26.7282,13.2922,27.6736],"autoUv":false},"down":{"texture":"#meteoriciron","uv":[12.6987,27.3217,13.6441,27.08],"autoUv":false,"rotation":180}},"children":[]},{"name":"blade 51","from":[7.9831,0.0253,-2.248],"to":[8.4861,0.3701,-1.7449],"rotationOrigin":[8.2346,0.146,-1.9965],"rotationY":-25.3727,"group":"Scene Collection","faces":{"north":{"texture":"#meteoriciron","uv":[17.4672,24.1462,18.3486,25.4321],"autoUv":false,"rotation":90},"east":{"texture":"#meteoriciron","uv":[17.4671,24.1462,18.3485,25.4321],"autoUv":false,"rotation":90},"south":{"texture":"#meteoriciron","uv":[17.4672,24.1463,18.3486,25.4321],"autoUv":false,"rotation":90},"west":{"texture":"#meteoriciron","uv":[17.4671,24.1463,18.3485,25.4321],"autoUv":false,"rotation":90},"up":{"texture":"#meteoriciron","uv":[12.0542,26.9653,12.2959,27.9107],"autoUv":false},"down":{"texture":"#meteoriciron","uv":[11.7024,27.5588,12.6478,27.3171],"autoUv":false,"rotation":180}},"children":[]},{"name":"blade 52","from":[7.2703,0.0253,-1.964],"to":[7.7733,0.3701,-1.4609],"rotationOrigin":[7.5218,0.146,-1.7125],"rotationY":-28.0267,"group":"Scene Collection","faces":{"north":{"texture":"#meteoriciron","uv":[17.4672,24.1462,18.3486,25.432],"autoUv":false,"rotation":90},"east":{"texture":"#meteoriciron","uv":[17.4672,24.1463,18.3486,25.4321],"autoUv":false,"rotation":90},"south":{"texture":"#meteoriciron","uv":[17.4672,24.1463,18.3485,25.4321],"autoUv":false,"rotation":90},"west":{"texture":"#meteoriciron","uv":[17.4673,24.1463,18.3486,25.4321],"autoUv":false,"rotation":90},"up":{"texture":"#meteoriciron","uv":[11.0669,27.258,11.2645,28.2136],"autoUv":false},"down":{"texture":"#meteoriciron","uv":[10.6879,27.8346,11.6435,27.6369],"autoUv":false,"rotation":180}},"children":[]},{"name":"blade 53","from":[6.5623,0.0253,-1.72],"to":[7.0654,0.3701,-1.2169],"rotationOrigin":[6.8138,0.146,-1.4684],"rotationY":-25.359,"group":"Scene Collection","faces":{"north":{"texture":"#meteoriciron","uv":[17.4672,24.1461,18.3486,25.432],"autoUv":false,"rotation":90},"east":{"texture":"#meteoriciron","uv":[17.4672,24.1462,18.3486,25.4321],"autoUv":false,"rotation":90},"south":{"texture":"#meteoriciron","uv":[17.4672,24.1461,18.3486,25.432],"autoUv":false,"rotation":90},"west":{"texture":"#meteoriciron","uv":[17.4672,24.1462,18.3486,25.4321],"autoUv":false,"rotation":90},"up":{"texture":"#meteoriciron","uv":[10.047,27.5069,10.2889,28.4523],"autoUv":false},"down":{"texture":"#meteoriciron","uv":[9.6953,28.1006,10.6406,27.8586],"autoUv":false,"rotation":180}},"children":[]},{"name":"blade 54","from":[5.8318,0.0253,-1.4989],"to":[6.3348,0.3701,-0.9958],"rotationOrigin":[6.0833,0.146,-1.2473],"rotationY":-32.6951,"group":"Scene Collection","faces":{"north":{"texture":"#meteoriciron","uv":[17.4672,24.1462,18.3486,25.4321],"autoUv":false,"rotation":90},"east":{"texture":"#meteoriciron","uv":[17.4672,24.1462,18.3486,25.4321],"autoUv":false,"rotation":90},"south":{"texture":"#meteoriciron","uv":[17.4672,24.1462,18.3485,25.4321],"autoUv":false,"rotation":90},"west":{"texture":"#meteoriciron","uv":[17.4671,24.1461,18.3485,25.4319],"autoUv":false,"rotation":90},"up":{"texture":"#meteoriciron","uv":[9.0827,27.7049,9.2019,28.6735],"autoUv":false},"down":{"texture":"#meteoriciron","uv":[8.658,28.2488,9.6265,28.1296],"autoUv":false,"rotation":180}},"children":[]},{"name":"blade 55","from":[5.0965,0.0253,-1.3645],"to":[5.5995,0.3701,-0.8614],"rotationOrigin":[5.348,0.146,-1.1129],"rotationY":-39.4737,"group":"Scene Collection","faces":{"north":{"texture":"#meteoriciron","uv":[17.4671,24.1462,18.3485,25.4321],"autoUv":false,"rotation":90},"east":{"texture":"#meteoriciron","uv":[17.4672,24.1462,18.3486,25.4321],"autoUv":false,"rotation":90},"south":{"texture":"#meteoriciron","uv":[17.4673,24.1462,18.3487,25.4321],"autoUv":false,"rotation":90},"west":{"texture":"#meteoriciron","uv":[17.4673,24.1462,18.3486,25.4321],"autoUv":false,"rotation":90},"up":{"texture":"#meteoriciron","uv":[8.119,27.7919,8.1231,28.7678],"autoUv":false},"down":{"texture":"#meteoriciron","uv":[7.6331,28.2819,8.6089,28.2778],"autoUv":false,"rotation":180}},"children":[]},{"name":"blade 56","from":[4.3504,0.0253,-1.2668],"to":[4.8535,0.3701,-0.7637],"rotationOrigin":[4.6019,0.146,-1.0153],"rotationY":-39.4737,"group":"Scene Collection","faces":{"north":{"texture":"#meteoriciron","uv":[17.4672,24.1462,18.3485,25.432],"autoUv":false,"rotation":90},"east":{"texture":"#meteoriciron","uv":[17.4673,24.1462,18.3486,25.432],"autoUv":false,"rotation":90},"south":{"texture":"#meteoriciron","uv":[17.4672,24.1462,18.3486,25.432],"autoUv":false,"rotation":90},"west":{"texture":"#meteoriciron","uv":[17.4673,24.1462,18.3486,25.432],"autoUv":false,"rotation":90},"up":{"texture":"#meteoriciron","uv":[7.0877,27.831,7.0918,28.8068],"autoUv":false},"down":{"texture":"#meteoriciron","uv":[6.6018,28.321,7.5776,28.3169],"autoUv":false,"rotation":180}},"children":[]},{"name":"blade 57","from":[3.6115,0.0253,-1.229],"to":[4.1146,0.3701,-0.726],"rotationOrigin":[3.8631,0.146,-0.9775],"rotationY":-45.5028,"group":"Scene Collection","faces":{"north":{"texture":"#meteoriciron","uv":[17.4673,24.1463,18.3486,25.4321],"autoUv":false,"rotation":90},"east":{"texture":"#meteoriciron","uv":[17.4672,24.1461,18.3486,25.432],"autoUv":false,"rotation":90},"south":{"texture":"#meteoriciron","uv":[17.4672,24.1462,18.3486,25.4321],"autoUv":false,"rotation":90},"west":{"texture":"#meteoriciron","uv":[17.4672,24.1462,18.3486,25.4321],"autoUv":false,"rotation":90},"up":{"texture":"#meteoriciron","uv":[6.0266,27.7917,6.125,28.7625],"autoUv":false,"rotation":270},"down":{"texture":"#meteoriciron","uv":[5.5904,28.3263,6.5613,28.2279],"autoUv":false,"rotation":270}},"children":[]},{"name":"blade 58","from":[2.8725,0.0253,-1.2318],"to":[3.3755,0.3701,-0.7287],"rotationOrigin":[3.124,0.146,-0.9803],"rotationY":-45.5028,"group":"Scene Collection","faces":{"north":{"texture":"#meteoriciron","uv":[17.4671,24.1461,18.3485,25.432],"autoUv":false,"rotation":90},"east":{"texture":"#meteoriciron","uv":[17.4671,24.1462,18.3485,25.432],"autoUv":false,"rotation":90},"south":{"texture":"#meteoriciron","uv":[17.4671,24.1462,18.3485,25.4321],"autoUv":false,"rotation":90},"west":{"texture":"#meteoriciron","uv":[17.4671,24.1463,18.3485,25.4321],"autoUv":false,"rotation":90},"up":{"texture":"#meteoriciron","uv":[5.0176,27.6945,5.116,28.6653],"autoUv":false,"rotation":270},"down":{"texture":"#meteoriciron","uv":[4.5814,28.2291,5.5522,28.1307],"autoUv":false,"rotation":270}},"children":[]},{"name":"blade 59","from":[1.9282,0.0253,-1.4085],"to":[2.4313,0.3701,-0.9055],"rotationOrigin":[2.1798,0.146,-1.157],"rotationY":-67.418,"group":"Scene Collection","faces":{"north":{"texture":"#meteoriciron","uv":[17.4673,24.1461,18.3486,25.432],"autoUv":false,"rotation":90},"east":{"texture":"#meteoriciron","uv":[17.4672,24.1461,18.3486,25.432],"autoUv":false,"rotation":90},"south":{"texture":"#meteoriciron","uv":[17.4672,24.1461,18.3485,25.432],"autoUv":false,"rotation":90},"west":{"texture":"#meteoriciron","uv":[17.4672,24.1462,18.3486,25.4321],"autoUv":false,"rotation":90},"up":{"texture":"#meteoriciron","uv":[3.5727,27.3873,4.0264,28.2512],"autoUv":false,"rotation":270},"down":{"texture":"#meteoriciron","uv":[3.3676,28.0461,4.2315,27.5924],"autoUv":false,"rotation":270}},"children":[]},{"name":"blade 60","from":[20.7026,0.0253,-4.2307],"to":[21.1099,0.3701,-3.8235],"rotationOrigin":[20.9062,0.146,-4.0271],"rotationY":-46.6412,"group":"Scene Collection","faces":{"north":{"texture":"#meteoriciron","uv":[16.6367,22.6213,17.518,23.6622],"autoUv":false,"rotation":90},"east":{"texture":"#meteoriciron","uv":[16.6367,22.6214,17.5181,23.6623],"autoUv":false,"rotation":90},"south":{"texture":"#meteoriciron","uv":[16.6367,22.6214,17.5181,23.6623],"autoUv":false,"rotation":90},"west":{"texture":"#meteoriciron","uv":[16.6367,22.6214,17.518,23.6623],"autoUv":false,"rotation":90},"up":{"texture":"#meteoriciron","uv":[29.6905,25.8741,29.7858,26.6582],"autoUv":false,"rotation":270},"down":{"texture":"#meteoriciron","uv":[29.3461,26.3138,30.1303,26.2185],"autoUv":false,"rotation":270}},"children":[]},{"name":"head1","from":[-1.1057,-0.2807,-0.6109],"to":[1.0823,0.6762,0.1467],"rotationOrigin":[0.0373,0.1977,-0.1739],"rotationY":-3.1304,"group":"Scene Collection","faces":{"north":{"texture":"#meteoriciron","uv":[1.4279,28.0046,4.7608,30.2027],"autoUv":false,"rotation":270},"east":{"texture":"#meteoriciron","uv":[4.7608,28.0046,5.5219,29.1587],"autoUv":false,"rotation":180},"south":{"texture":"#meteoriciron","uv":[12.4212,20.1652,14.4297,20.8584],"autoUv":false},"west":{"texture":"#meteoriciron","uv":[1.4279,30.2027,2.189,31.3567],"autoUv":false},"up":{"texture":"#meteoriciron","uv":[1.4279,29.1587,5.5219,30.2027],"autoUv":false,"rotation":90},"down":{"texture":"#meteoriciron","uv":[2.189,31.3567,4.7608,28.0046],"autoUv":false,"rotation":180}},"children":[]},{"name":"head2","from":[0.4068,-0.7664,-0.5217],"to":[1.0834,-0.0898,0.2359],"rotationOrigin":[1.6679,-0.5193,-0.0848],"rotationX":0,"rotationY":-3.1304,"rotationZ":-45,"group":"Scene Collection","faces":{"north":{"texture":"#meteoriciron","uv":[4.032,27.5239,5.4897,28.4853],"autoUv":false,"rotation":270},"east":{"texture":"#meteoriciron","uv":[6.2508,28.0046,4.7608,28.678],"autoUv":false,"rotation":90},"south":{"texture":"#meteoriciron","uv":[12.3128,20.0338,12.934,20.7868],"autoUv":false},"west":{"texture":"#meteoriciron","uv":[4.7608,28.0046,4.7931,29.6393],"autoUv":false},"up":{"texture":"#meteoriciron","uv":[4.7608,28.0046,6.2508,28.678],"autoUv":false},"down":{"texture":"#meteoriciron","uv":[4.7608,29.6393,4.7931,28.0046],"autoUv":false,"rotation":90}},"children":[]}]},{"name":"handguard","from":[-10.5262,-0.622,0.4965],"to":[-8.4699,0.7637,1.155],"rotationOrigin":[-10.7563,0.0709,0.4695],"rotationX":-90.0641,"rotationY":90.1431,"rotationZ":0.0643,"group":"Scene Collection","faces":{"north":{"texture":"#handguard","uv":[19.2823,19.0744,23.5066,21.9211],"autoUv":false,"rotation":180},"east":{"texture":"#handguard","uv":[20.6986,16.4067,21.6427,16.6484],"autoUv":false,"rotation":270},"south":{"texture":"#handguard","uv":[23.51,19.0744,19.2857,21.9211],"autoUv":false,"rotation":180},"west":{"texture":"#handguard","uv":[20.0651,13.9313,21.0093,14.1729],"autoUv":false,"rotation":90},"up":{"texture":"#handguard","uv":[22.9513,12.1426,19.9026,13.8744],"autoUv":false,"rotation":180},"down":{"texture":"#handguard","uv":[22.9513,13.8744,19.9026,12.1426],"autoUv":false}},"children":[{"name":"gard 1","from":[1.265,0.28,0.821],"to":[1.8932,1.1058,1.4158],"rotationOrigin":[1.596,0.6929,1.1184],"rotationX":0.0002,"rotationY":-4.2029,"rotationZ":0,"group":"Scene Collection","faces":{"north":{"texture":"#handguard","uv":[24.2904,17.9075,25.5473,19.5598],"autoUv":false,"rotation":180},"east":{"texture":"#handguard","uv":[25.7218,20.7467,26.9119,22.399],"autoUv":false,"rotation":180},"south":{"texture":"#handguard","uv":[23.0336,17.9075,24.2904,19.5598],"autoUv":false,"rotation":180},"west":{"texture":"#handguard","uv":[25.5473,17.9075,26.7374,19.5598],"autoUv":false,"rotation":180},"up":{"texture":"#handguard","uv":[22.7317,10.1994,23.9217,11.4562],"autoUv":false,"rotation":90},"down":{"texture":"#handguard","uv":[25.1118,11.4563,23.9217,10.1994],"autoUv":false,"rotation":90}},"children":[]},{"name":"gard 2","from":[1.7365,0.2969,0.8415],"to":[2.3204,0.8809,1.4313],"rotationOrigin":[1.835,0.4768,1.136],"rotationX":0.0001,"rotationY":-4.2029,"rotationZ":45,"group":"Scene Collection","faces":{"north":{"texture":"#handguard","uv":[23.0863,7.1668,24.2547,8.3351],"autoUv":false,"rotation":90},"east":{"texture":"#handguard","uv":[26.0765,17.7025,27.2448,18.8825],"autoUv":false,"rotation":90},"south":{"texture":"#handguard","uv":[26.6348,7.2437,27.8031,8.412],"autoUv":false,"rotation":90},"west":{"texture":"#handguard","uv":[25.4665,8.412,26.6348,9.592],"autoUv":false,"rotation":270},"up":{"texture":"#handguard","uv":[25.4665,7.2321,26.6348,8.412],"autoUv":false,"rotation":180},"down":{"texture":"#handguard","uv":[27.8031,9.592,26.6348,8.412],"autoUv":false,"rotation":180}},"children":[]},{"name":"gard 3","from":[0.7196,0.0704,0.8681],"to":[1.1749,1.3154,1.3234],"rotationOrigin":[0.9472,0.6929,1.0957],"rotationX":179.9998,"rotationY":46.9963,"rotationZ":0,"group":"Scene Collection","faces":{"north":{"texture":"#handguard","uv":[13.9305,14.993,14.9921,17.039],"autoUv":false,"rotation":180},"east":{"texture":"#handguard","uv":[14.8792,12.9471,15.8845,14.993],"autoUv":false,"rotation":180},"south":{"texture":"#handguard","uv":[11.8071,14.993,12.8688,17.039],"autoUv":false,"rotation":180},"west":{"texture":"#handguard","uv":[12.8688,12.9471,13.874,14.993],"autoUv":false,"rotation":180},"up":{"texture":"#handguard","uv":[14.9921,15.9773,15.9974,17.039],"autoUv":false,"rotation":90},"down":{"texture":"#handguard","uv":[13.874,12.9471,12.8688,11.8855],"autoUv":false,"rotation":90}},"children":[]},{"name":"gard 4","from":[0.6487,0.0704,2.1284],"to":[1.104,1.3154,2.5837],"rotationOrigin":[0.8763,0.6929,2.3561],"rotationX":179.9998,"rotationY":48.4074,"rotationZ":0,"group":"Scene Collection","faces":{"north":{"texture":"#handguard","uv":[14.1314,12.9471,15.1931,14.993],"autoUv":false,"rotation":180},"east":{"texture":"#handguard","uv":[18.2087,12.9471,19.214,14.993],"autoUv":false,"rotation":180},"south":{"texture":"#handguard","uv":[15.1931,14.993,16.2547,17.039],"autoUv":false,"rotation":180},"west":{"texture":"#handguard","uv":[16.1983,12.9471,17.2035,14.993],"autoUv":false,"rotation":180},"up":{"texture":"#handguard","uv":[14.1314,11.8855,15.1366,12.9471],"autoUv":false,"rotation":90},"down":{"texture":"#handguard","uv":[17.2035,12.9471,16.1983,11.8855],"autoUv":false,"rotation":90}},"children":[]},{"name":"handguard 01","from":[-0.9788,0.0038,-0.5493],"to":[-0.2859,1.3819,0.0796],"rotationOrigin":[-1.3315,0.6929,-0.6059],"rotationX":0.0001,"rotationY":-30.2004,"rotationZ":0.0001,"group":"Scene Collection","faces":{"north":{"texture":"#handguard","uv":[17.1128,19.0823,18.3448,21.9132],"autoUv":false,"rotation":180},"east":{"texture":"#handguard","uv":[19.8532,12.8773,20.5164,13.5302],"autoUv":false,"rotation":270},"south":{"texture":"#handguard","uv":[17.6977,19.0823,16.4658,21.9132],"autoUv":false,"rotation":180},"west":{"texture":"#handguard","uv":[19.1339,12.1467,19.797,12.7995],"autoUv":false,"rotation":90},"up":{"texture":"#handguard","uv":[18.9433,12.1426,17.967,13.8744],"autoUv":false,"rotation":180},"down":{"texture":"#handguard","uv":[18.9433,13.8744,17.967,12.1426],"autoUv":false}},"children":[]},{"name":"handguard 02","from":[-1.21,-0.0206,-5.4648],"to":[0.6069,1.4063,-4.892],"rotationOrigin":[-0.784,0.9443,-5.1176],"rotationX":0.0001,"rotationY":21.9945,"rotationZ":-0.0001,"group":"Scene Collection","faces":{"north":{"texture":"#handguard","uv":[16.5662,19.0321,20.0234,21.9634],"autoUv":false,"rotation":180},"east":{"texture":"#handguard","uv":[11.658,16.8982,12.4981,17.0109],"autoUv":false,"rotation":180},"south":{"texture":"#handguard","uv":[20.4668,19.0321,17.0096,21.9634],"autoUv":false,"rotation":180},"west":{"texture":"#handguard","uv":[12.0154,14.2334,12.8556,14.3461],"autoUv":false},"up":{"texture":"#handguard","uv":[7.218,12.1426,4.5491,13.8744],"autoUv":false},"down":{"texture":"#handguard","uv":[7.218,13.8744,4.5491,12.1426],"autoUv":false,"rotation":180}},"children":[]},{"name":"handguard 03","from":[-1.3183,-0.0199,-5.0408],"to":[-0.9133,1.4056,-4.6358],"rotationOrigin":[-1.2918,0.9443,-4.8614],"rotationX":0.0004,"rotationY":66.9945,"rotationZ":-0.0005,"group":"Scene Collection","faces":{"north":{"texture":"#handguard","uv":[16.2429,19.0336,16.5662,21.9618],"autoUv":false,"rotation":180},"east":{"texture":"#handguard","uv":[12.0154,14.2334,12.3792,14.7098],"autoUv":false,"rotation":180},"south":{"texture":"#handguard","uv":[12.3792,14.3461,12.8556,14.7098],"autoUv":false,"rotation":270},"west":{"texture":"#handguard","uv":[17.0096,19.0336,16.2429,21.9618],"autoUv":false,"rotation":180},"up":{"texture":"#handguard","uv":[7.9016,12.1426,7.3066,13.8744],"autoUv":false},"down":{"texture":"#handguard","uv":[7.9016,13.8744,7.3066,12.1426],"autoUv":false,"rotation":180}},"children":[]},{"name":"handguard 04","from":[-1.5776,0.4291,-0.8996],"to":[-0.6329,0.9566,-0.2647],"rotationOrigin":[-1.9303,0.6327,-0.9545],"rotationX":0.0001,"rotationY":-30.2004,"rotationZ":0.0002,"group":"Scene Collection","faces":{"north":{"texture":"#handguard","uv":[15.8827,19.9559,17.5623,21.0395],"autoUv":false,"rotation":180},"east":{"texture":"#handguard","uv":[20.0584,12.4121,19.3953,13.065],"autoUv":false},"south":{"texture":"#handguard","uv":[16.909,19.9559,15.2294,21.0395],"autoUv":false,"rotation":180},"west":{"texture":"#handguard","uv":[18.4145,11.416,19.0777,12.0689],"autoUv":false,"rotation":90},"up":{"texture":"#handguard","uv":[18.0229,12.1426,16.6236,13.8744],"autoUv":false,"rotation":180},"down":{"texture":"#handguard","uv":[18.0229,13.8744,16.6236,12.1426],"autoUv":false}},"children":[]},{"name":"handguard 05","from":[-1.6534,0.43,-1.5948],"to":[-0.7088,0.9552,-0.966],"rotationOrigin":[-2.0061,0.6327,-1.6515],"rotationX":0.0004,"rotationY":-60.7481,"rotationZ":0.0005,"group":"Scene Collection","faces":{"north":{"texture":"#handguard","uv":[15.4069,19.9577,16.3594,21.0367],"autoUv":false,"rotation":180},"east":{"texture":"#handguard","uv":[18.8384,11.416,19.0777,12.3153],"autoUv":false,"rotation":270},"south":{"texture":"#handguard","uv":[15.2338,19.9577,14.2814,21.0367],"autoUv":false,"rotation":180},"west":{"texture":"#handguard","uv":[17.4875,11.0566,17.7268,11.9559],"autoUv":false,"rotation":90},"up":{"texture":"#handguard","uv":[16.4885,12.1426,15.0936,13.8744],"autoUv":false,"rotation":180},"down":{"texture":"#handguard","uv":[16.4885,13.8744,15.0936,12.1426],"autoUv":false}},"children":[]},{"name":"handguard 06","from":[-1.7477,0.4277,-2.3815],"to":[-0.8031,0.9589,-1.7527],"rotationOrigin":[-2.1004,0.6327,-2.4382],"rotationX":0.0009,"rotationY":-75.2038,"rotationZ":0.0011,"group":"Scene Collection","faces":{"north":{"texture":"#handguard","uv":[15.0293,19.953,15.5296,21.0442],"autoUv":false,"rotation":180},"east":{"texture":"#handguard","uv":[17.7196,11.0566,17.7268,11.9872],"autoUv":false,"rotation":270},"south":{"texture":"#handguard","uv":[14.2814,19.953,13.7811,21.0442],"autoUv":false,"rotation":180},"west":{"texture":"#handguard","uv":[16.3217,11.0458,16.3289,11.9764],"autoUv":false,"rotation":90},"up":{"texture":"#handguard","uv":[15.2108,12.1426,13.8287,13.8744],"autoUv":false,"rotation":180},"down":{"texture":"#handguard","uv":[15.2108,13.8744,13.8287,12.1426],"autoUv":false}},"children":[]},{"name":"handguard 07","from":[-1.6988,0.4284,-3.1946],"to":[-0.7542,0.9578,-2.5657],"rotationOrigin":[-2.0515,0.6327,-3.2512],"rotationX":0.0058,"rotationY":-87.2127,"rotationZ":0.006,"group":"Scene Collection","faces":{"north":{"texture":"#handguard","uv":[14.9721,19.9544,15.0713,21.042],"autoUv":false,"rotation":180},"east":{"texture":"#handguard","uv":[16.3289,11.0458,16.5155,11.9575],"autoUv":false},"south":{"texture":"#handguard","uv":[13.7811,19.9544,13.6819,21.042],"autoUv":false,"rotation":180},"west":{"texture":"#handguard","uv":[14.9594,11.3261,15.146,12.2378],"autoUv":false,"rotation":180},"up":{"texture":"#handguard","uv":[13.4945,12.1426,12.1082,13.8744],"autoUv":false,"rotation":180},"down":{"texture":"#handguard","uv":[13.4945,13.8744,12.1082,12.1426],"autoUv":false}},"children":[]},{"name":"handguard 08","from":[-1.3795,0.4265,-3.8948],"to":[-0.4348,0.9608,-3.266],"rotationOrigin":[-1.7322,0.6327,-3.9515],"rotationX":-0.0014,"rotationY":-104.4166,"rotationZ":-0.0012,"group":"Scene Collection","faces":{"north":{"texture":"#handguard","uv":[15.4123,19.9504,14.9339,21.0482],"autoUv":false,"rotation":180},"east":{"texture":"#handguard","uv":[14.9594,11.3261,15.4073,12.1419],"autoUv":false},"south":{"texture":"#handguard","uv":[13.6819,19.9504,14.1603,21.0482],"autoUv":false,"rotation":180},"west":{"texture":"#handguard","uv":[13.7341,11.9989,14.182,12.8147],"autoUv":false,"rotation":180},"up":{"texture":"#handguard","uv":[12.2477,12.1426,10.8645,13.8744],"autoUv":false,"rotation":180},"down":{"texture":"#handguard","uv":[12.2477,13.8744,10.8645,12.1426],"autoUv":false}},"children":[]},{"name":"handguard 09","from":[-0.9219,0.4282,-4.555],"to":[0.0227,0.958,-3.9261],"rotationOrigin":[-1.2746,0.6327,-4.6116],"rotationX":-0.0009,"rotationY":-117.6495,"rotationZ":-0.0006,"group":"Scene Collection","faces":{"north":{"texture":"#handguard","uv":[16.2024,19.9541,15.3062,21.0424],"autoUv":false,"rotation":180},"east":{"texture":"#handguard","uv":[13.7341,11.9989,14.3568,12.6905],"autoUv":false},"south":{"texture":"#handguard","uv":[14.1603,19.9541,15.0566,21.0424],"autoUv":false,"rotation":180},"west":{"texture":"#handguard","uv":[12.6953,12.9344,13.318,13.6259],"autoUv":false,"rotation":180},"up":{"texture":"#handguard","uv":[10.6414,12.1426,9.241,13.8744],"autoUv":false,"rotation":180},"down":{"texture":"#handguard","uv":[10.6414,13.8744,9.241,12.1426],"autoUv":false}},"children":[]},{"name":"handguard 10","from":[-0.3032,0.4291,-5.0318],"to":[0.6415,0.9566,-4.403],"rotationOrigin":[-0.6559,0.6327,-5.0885],"rotationX":-0.0007,"rotationY":-133.4187,"rotationZ":-0.0004,"group":"Scene Collection","faces":{"north":{"texture":"#handguard","uv":[17.3274,19.956,15.9971,21.0394],"autoUv":false,"rotation":180},"east":{"texture":"#handguard","uv":[13.4825,12.9344,12.6953,13.4306],"autoUv":false,"rotation":270},"south":{"texture":"#handguard","uv":[15.0566,19.956,16.3869,21.0394],"autoUv":false,"rotation":180},"west":{"texture":"#handguard","uv":[12.737,14.1169,11.9498,14.6132],"autoUv":false,"rotation":90},"up":{"texture":"#handguard","uv":[9.3678,12.1426,8.0168,13.8744],"autoUv":false,"rotation":180},"down":{"texture":"#handguard","uv":[9.3678,13.8744,8.0168,12.1426],"autoUv":false}},"children":[]},{"name":"handguard 11","from":[-1.3129,-0.4523,-0.7424],"to":[-0.333,0.5275,-0.1175],"rotationOrigin":[-1.6656,0.2405,-0.8004],"rotationX":0.0002,"rotationY":-30.2003,"rotationZ":45.0002,"group":"Scene Collection","faces":{"north":{"texture":"#handguard","uv":[15.6113,19.4825,17.6242,21.4955],"autoUv":false},"east":{"texture":"#handguard","uv":[19.8547,12.1494,19.7943,13.5287],"autoUv":false,"rotation":270},"south":{"texture":"#handguard","uv":[18.479,19.6989,16.7368,21.4411],"autoUv":false},"west":{"texture":"#handguard","uv":[18.1068,14.0181,19.9669,14.9745],"autoUv":false},"up":{"texture":"#handguard","uv":[19.9669,14.0181,18.1068,14.9745],"autoUv":false,"rotation":270},"down":{"texture":"#handguard","uv":[19.8547,13.5287,19.7943,12.1494],"autoUv":false}},"children":[]},{"name":"handguard 12","from":[-0.6413,-0.0048,-0.1769],"to":[0.145,1.3906,0.4817],"rotationOrigin":[-0.8713,0.6929,-0.2038],"rotationX":0.0001,"rotationY":-10.7069,"rotationZ":0,"group":"Scene Collection","faces":{"north":{"texture":"#handguard","uv":[17.9457,19.0644,19.5337,21.931],"autoUv":false,"rotation":180},"east":{"texture":"#handguard","uv":[20.1265,13.9313,21.0093,14.3441],"autoUv":false,"rotation":270},"south":{"texture":"#handguard","uv":[19.2857,19.0644,17.6977,21.931],"autoUv":false,"rotation":180},"west":{"texture":"#handguard","uv":[19.6336,12.8773,20.5164,13.2901],"autoUv":false,"rotation":90},"up":{"texture":"#handguard","uv":[19.9521,12.1426,18.7866,13.8744],"autoUv":false,"rotation":180},"down":{"texture":"#handguard","uv":[19.9521,13.8744,18.7866,12.1426],"autoUv":false}},"children":[]},{"name":"handguard 13","from":[1.639,-0.0009,0.5563],"to":[2.1047,1.3867,1.022],"rotationOrigin":[1.409,0.6929,0.3365],"rotationX":0.0002,"rotationY":45,"rotationZ":-0.0002,"group":"Scene Collection","faces":{"north":{"texture":"#handguard","uv":[20.3417,14.1022,20.5125,14.7698],"autoUv":false,"rotation":180},"east":{"texture":"#handguard","uv":[23.5066,19.0725,24.1847,21.923],"autoUv":false,"rotation":180},"south":{"texture":"#handguard","uv":[24.1847,19.0725,23.51,21.923],"autoUv":false,"rotation":180},"west":{"texture":"#handguard","uv":[20.3417,13.9313,21.0093,14.1022],"autoUv":false,"rotation":90},"up":{"texture":"#handguard","uv":[23.2965,12.1426,22.6061,13.8744],"autoUv":false,"rotation":270},"down":{"texture":"#handguard","uv":[23.2965,13.8744,22.6061,12.1426],"autoUv":false,"rotation":270}},"children":[]}]},{"name":"handle","from":[-11.7597,-1.5279,-0.2023],"to":[-10.3407,-0.4616,1.1413],"rotationOrigin":[-11.0502,-0.9947,0.4695],"rotationX":-90.0035,"rotationY":93.4501,"rotationZ":0.0035,"group":"Scene Collection","faces":{"north":{"texture":"#handle","uv":[22.4449,10.6169,22.9276,13.8041],"autoUv":false,"rotation":180},"east":{"texture":"#handle","uv":[20.086,10.0819,23.1182,11.9394],"autoUv":false,"rotation":180},"south":{"texture":"#handle","uv":[25.8964,10.0941,26.3792,13.2813],"autoUv":false},"west":{"texture":"#handle","uv":[23.3113,10.0819,20.2791,11.9394],"autoUv":false,"rotation":180},"up":{"texture":"#handle","uv":[22.6799,10.1616,19.4509,13.5033],"autoUv":false,"rotation":270},"down":{"texture":"#handle","uv":[22.6799,13.5033,19.4509,10.1616],"autoUv":false,"rotation":270}},"children":[{"name":"handle 01","from":[-0.0534,-0.006,-1.2823],"to":[1.3656,1.0723,0.0613],"rotationOrigin":[0.6561,0.5331,-0.6105],"rotationX":0,"rotationY":4.7702,"rotationZ":0,"group":"Scene Collection","faces":{"north":{"texture":"#handle","uv":[19.438,10.6756,19.3512,13.8981],"autoUv":false,"rotation":90},"east":{"texture":"#handle","uv":[17.0795,10.0819,20.086,11.9394],"autoUv":false,"rotation":180},"south":{"texture":"#handle","uv":[22.8409,10.5817,22.9276,13.8041],"autoUv":false},"west":{"texture":"#handle","uv":[20.5447,10.0819,17.5382,11.9394],"autoUv":false,"rotation":180},"up":{"texture":"#handle","uv":[19.5929,10.1616,16.3646,13.5033],"autoUv":false,"rotation":270},"down":{"texture":"#handle","uv":[19.5929,13.5033,16.3646,10.1616],"autoUv":false,"rotation":270}},"children":[]},{"name":"handle 02","from":[-0.2027,-0.0043,-2.571],"to":[1.2163,1.0705,-1.2274],"rotationOrigin":[0.5068,0.5331,-1.8992],"rotationX":0,"rotationY":8.4477,"rotationZ":0,"group":"Scene Collection","faces":{"north":{"texture":"#handle","uv":[15.9495,10.5467,16.0696,13.768],"autoUv":false,"rotation":90},"east":{"texture":"#handle","uv":[14.107,10.0819,17.0795,11.9394],"autoUv":false,"rotation":180},"south":{"texture":"#handle","uv":[19.438,10.6767,19.5581,13.8981],"autoUv":false,"rotation":270},"west":{"texture":"#handle","uv":[17.7409,10.0819,14.7684,11.9394],"autoUv":false,"rotation":180},"up":{"texture":"#handle","uv":[16.4738,10.1616,13.2611,13.5033],"autoUv":false,"rotation":270},"down":{"texture":"#handle","uv":[16.4738,13.5033,13.2611,10.1616],"autoUv":false,"rotation":270}},"children":[]},{"name":"handle 03","from":[-0.4384,-0.0093,-3.841],"to":[0.9807,1.0755,-2.4974],"rotationOrigin":[0.2712,0.5331,-3.1692],"rotationX":0,"rotationY":12.5761,"rotationZ":0,"group":"Scene Collection","faces":{"north":{"texture":"#handle","uv":[12.8311,10.1828,12.4794,13.3872],"autoUv":false,"rotation":180},"east":{"texture":"#handle","uv":[11.1873,10.0819,14.107,11.9394],"autoUv":false,"rotation":180},"south":{"texture":"#handle","uv":[15.9495,10.5637,16.3012,13.768],"autoUv":false,"rotation":270},"west":{"texture":"#handle","uv":[14.9927,10.0819,12.073,11.9394],"autoUv":false,"rotation":180},"up":{"texture":"#handle","uv":[13.3828,10.1616,10.2035,13.5033],"autoUv":false,"rotation":270},"down":{"texture":"#handle","uv":[13.3828,13.5033,10.2035,10.1616],"autoUv":false,"rotation":270}},"children":[]},{"name":"handle 04","from":[-0.7921,-0.0046,-5.1366],"to":[0.627,1.0708,-3.7145],"rotationOrigin":[-0.0826,0.5331,-4.4256],"rotationX":0,"rotationY":18.6874,"rotationZ":-0.0001,"group":"Scene Collection","faces":{"north":{"texture":"#handle","uv":[12.0032,9.9824,11.3123,13.1311],"autoUv":false,"rotation":180},"east":{"texture":"#handle","uv":[8.2092,10.0819,11.1873,11.9394],"autoUv":false,"rotation":180},"south":{"texture":"#handle","uv":[12.4794,10.2385,13.1702,13.3872],"autoUv":false,"rotation":270},"west":{"texture":"#handle","uv":[12.3963,10.0819,9.4181,11.9394],"autoUv":false,"rotation":180},"up":{"texture":"#handle","uv":[10.3805,10.1616,7.0999,13.5033],"autoUv":false,"rotation":270},"down":{"texture":"#handle","uv":[10.3805,13.5033,7.0999,10.1616],"autoUv":false,"rotation":270}},"children":[]},{"name":"handle 05","from":[-0.2322,0.071,3.247],"to":[1.1679,0.7768,4.4865],"rotationOrigin":[0.4678,0.4239,3.8668],"rotationX":-6.6615,"rotationY":-8.2381,"rotationZ":-0.9752,"group":"Scene Collection","faces":{"north":{"texture":"#handle","uv":[9.76,10.621,10.0766,11.8583],"autoUv":false,"rotation":180},"east":{"texture":"#handle","uv":[27.6887,10.0819,30.4625,11.9394],"autoUv":false,"rotation":180},"south":{"texture":"#handle","uv":[10.7041,10.3794,11.0207,11.6167],"autoUv":false},"west":{"texture":"#handle","uv":[30.1952,10.0819,27.4213,11.9394],"autoUv":false,"rotation":180},"up":{"texture":"#handle","uv":[11.0207,10.621,9.76,11.6167],"autoUv":false,"rotation":270},"down":{"texture":"#handle","uv":[30.2719,13.5033,27.3607,10.1616],"autoUv":false,"rotation":270}},"children":[]},{"name":"handle 06","from":[-0.3549,0.1443,4.6214],"to":[0.6351,0.8864,5.6114],"rotationOrigin":[-0.6927,0.5351,4.4426],"rotationX":0.0002,"rotationY":36.7058,"rotationZ":-0.0002,"group":"Scene Collection","faces":{"north":{"texture":"#handle","uv":[9.9839,10.621,9.76,11.4959],"autoUv":false,"rotation":90},"east":{"texture":"#handle","uv":[10.738,11.3029,9.9839,11.4959],"autoUv":false},"south":{"texture":"#handle","uv":[30.4832,10.0819,31.9266,11.9394],"autoUv":false,"rotation":180},"west":{"texture":"#handle","uv":[31.9265,10.0819,30.2159,11.9394],"autoUv":false,"rotation":180},"up":{"texture":"#handle","uv":[31.3682,10.1616,29.0275,13.5033],"autoUv":false},"down":{"texture":"#handle","uv":[31.3682,13.5033,29.0275,10.1616],"autoUv":false,"rotation":180}},"children":[]},{"name":"handle 07","from":[-0.2322,0.2543,3.247],"to":[1.1679,0.9989,4.4865],"rotationOrigin":[0.4678,0.6072,3.8668],"rotationX":6.6612,"rotationY":-8.2381,"rotationZ":0.9753,"group":"Scene Collection","faces":{"north":{"texture":"#handle","uv":[9.76,10.621,10.0766,11.8583],"autoUv":false,"rotation":90},"east":{"texture":"#handle","uv":[10.0766,11.6167,11.0207,11.8583],"autoUv":false,"rotation":180},"south":{"texture":"#handle","uv":[11.0207,10.3794,10.7041,11.6167],"autoUv":false,"rotation":180},"west":{"texture":"#handle","uv":[10.7041,10.3794,9.76,10.621],"autoUv":false,"rotation":90},"up":{"texture":"#handle","uv":[30.2825,10.1616,27.3713,13.5033],"autoUv":false,"rotation":270},"down":{"texture":"#handle","uv":[11.0207,11.6167,9.76,10.621],"autoUv":false,"rotation":270}},"children":[]},{"name":"handle 08","from":[-0.0883,0.002,1.9734],"to":[1.3307,1.0643,3.317],"rotationOrigin":[0.6212,0.5331,2.6452],"rotationX":0,"rotationY":-7.0135,"rotationZ":0,"group":"Scene Collection","faces":{"north":{"texture":"#handle","uv":[12.8311,10.1828,12.4794,13.3872],"autoUv":false,"rotation":180},"east":{"texture":"#handle","uv":[24.748,10.0819,27.7799,11.9394],"autoUv":false,"rotation":180},"south":{"texture":"#handle","uv":[15.9495,10.5637,16.3012,13.768],"autoUv":false,"rotation":270},"west":{"texture":"#handle","uv":[27.5805,10.0819,24.5486,11.9394],"autoUv":false,"rotation":180},"up":{"texture":"#handle","uv":[27.3941,10.1616,24.2049,13.5033],"autoUv":false,"rotation":270},"down":{"texture":"#handle","uv":[27.3941,13.5033,24.2049,10.1616],"autoUv":false,"rotation":270}},"children":[]},{"name":"handle 09","from":[-0.0079,-0.0057,1.5941],"to":[1.4112,1.0719,2.054],"rotationOrigin":[0.7017,0.5331,1.824],"rotationX":0,"rotationY":-0.9022,"rotationZ":0,"group":"Scene Collection","faces":{"north":{"texture":"#handle","uv":[12.0032,9.9824,11.3123,13.1311],"autoUv":false,"rotation":180},"east":{"texture":"#handle","uv":[23.7094,10.0819,24.7481,11.9394],"autoUv":false,"rotation":180},"south":{"texture":"#handle","uv":[12.4794,10.2385,13.1702,13.3872],"autoUv":false,"rotation":270},"west":{"texture":"#handle","uv":[12.0032,9.9824,13.1702,10.2385],"autoUv":false},"up":{"texture":"#handle","uv":[24.3858,10.1616,23.2815,13.5033],"autoUv":false,"rotation":270},"down":{"texture":"#handle","uv":[24.3858,13.5033,23.2815,10.1616],"autoUv":false,"rotation":270}},"children":[]}]},{"name":"string1","from":[-15.7099,-1.6139,-2.3388],"to":[-15.3799,-0.4796,-0.7769],"rotationOrigin":[-15.7099,-1.6046,-0.0838],"rotationX":90,"rotationY":-14.8266,"rotationZ":0,"group":"Scene Collection","faces":{"north":{"texture":"#string","uv":[14,8,15,11],"autoUv":false},"east":{"texture":"#string","uv":[18.1365,7.2535,20.9764,10.2535],"autoUv":false},"south":{"texture":"#string","uv":[5.5063,9.4732,6.5063,12.4732],"autoUv":false},"west":{"texture":"#string","uv":[16,3,18.8399,6],"autoUv":false},"up":{"texture":"#string","uv":[8,0,10.8399,1],"autoUv":false,"rotation":90},"down":{"texture":"#string","uv":[25,8.6446,24,5.8047],"autoUv":false,"rotation":180}},"children":[]},{"name":"string2","from":[-16.3034,-1.4629,-2.3388],"to":[-15.9734,-0.1113,-0.6557],"rotationOrigin":[-16.3034,-1.345,-0.0838],"rotationX":90,"rotationY":-22.4567,"rotationZ":0,"group":"Scene Collection","faces":{"north":{"texture":"#string","uv":[14,8,15,11],"autoUv":false},"east":{"texture":"#string","uv":[17.9161,7.2535,20.9764,10.2535],"autoUv":false},"south":{"texture":"#string","uv":[5.5063,9.4732,6.5063,12.4732],"autoUv":false},"west":{"texture":"#string","uv":[16,3,19.0603,6],"autoUv":false},"up":{"texture":"#string","uv":[8,0,11.0603,1],"autoUv":false,"rotation":90},"down":{"texture":"#string","uv":[25,8.865,24,5.8047],"autoUv":false,"rotation":180}},"children":[]},{"name":"string3","from":[-15.2136,-1.1255,-1.2846],"to":[-13.5316,-0.7955,-0.0029],"rotationOrigin":[-15.2366,-1.1268,-0.0864],"rotationX":0.0781,"rotationY":-178.9807,"rotationZ":88.3733,"group":"Scene Collection","faces":{"north":{"texture":"#string","uv":[1,8,4.0581,9],"autoUv":false},"east":{"texture":"#string","uv":[29,7.8284,30,10.8284],"autoUv":false,"rotation":90},"south":{"texture":"#string","uv":[9.5717,6.1362,10.5717,9.1944],"autoUv":false,"rotation":90},"west":{"texture":"#string","uv":[27,4,28,7],"autoUv":false,"rotation":270},"up":{"texture":"#string","uv":[21.9419,9,25,12],"autoUv":false},"down":{"texture":"#string","uv":[29.0581,13,26,10],"autoUv":false,"rotation":180}},"children":[]}]}],"groups":[]}