﻿{
    "code": "relocatedtranslocator",
    "class": "BlockRelocatedTranslocator",
    "behaviors": [
        {
            "name": "HorizontalOrientable"
        }
    ],
    "entityBehaviors": [
        {
            "name": "Animatable"
        }
    ],
    "entityClass": "RelocatedTranslocator",
    "variantgroups": [
        {
            "code": "side",
            "loadFromProperties": "abstract/horizontalorientation"
        }
    ],
    "creativeinventory": {
        "general": [
            "*-north"
        ]
    },
    "drawtype": "json",
    "faceCullMode": "NeverCull",
    "blockmaterial": "Metal",
    "replaceable": 900,
    "lightAbsorption": 0,
    "shapeByType": {
        "*-north": {
            "base": "game:block/machine/statictranslocator/normal",
            "rotateY": 0
        },
        "*-east": {
            "base": "game:block/machine/statictranslocator/normal",
            "rotateY": 270
        },
        "*-south": {
            "base": "game:block/machine/statictranslocator/normal",
            "rotateY": 180
        },
        "*-west": {
            "base": "game:block/machine/statictranslocator/normal",
            "rotateY": 90
        }
    },
    "maxstacksize": 1,
    "resistance": 6,
    "requiredMiningTier": 0,
    "sideopaque": {
        "all": false
    },
    "sideao": { "all": false },
    "sidesolid": { "all": false },
    "sounds": {
        "place": "game:block/planks",
        "walk": "game:walk/wood",
        "ambient": "game:effect/translocate-idle"
    },
    "drops": [],
    "heldTpIdleAnimation": "holdbothhandslarge",
    "heldRightReadyAnimation": "heldblockready",
    "heldTpUseAnimation": "twohandplaceblock",
    "guiTransform": {
        "rotation": {
            "x": -22.6,
            "y": 137,
            "z": 0
        },
        "origin": {
            "x": 0.5,
            "y": 1.3,
            "z": 0.5
        },
        "scale": 0.51
    },
    "tpHandTransform": {
        "translation": {
            "x": -1.8,
            "y": -0.9,
            "z": -0.7
        },
        "rotation": {
            "x": 100,
            "y": -9,
            "z": -78
        },
        "scale": 0.4
    },
    "collisionbox": {
        "x1": 0,
        "y1": 0,
        "z1": 0,
        "x2": 1,
        "y2": 0.125,
        "z2": 1
    },
    "selectionbox": {
        "x1": 0,
        "y1": 0,
        "z1": 0,
        "x2": 1,
        "y2": 1,
        "z2": 1
    }
}