{
	"editor": {
		"allAngles": false,
		"entityTextureMode": false
	},
	"textureWidth": 16,
	"textureHeight": 16,
	"textureSizes": {
	},
	"textures": {
		"leavessmall": "wildcraftfruit:block/plant/berrybush/small/leaves/lillypillywhite1",
		"flowerberrylarge": "wildcraftfruit:block/plant/berrybush/large/fruit/lillypillywhitelarge",
		"flowerberrysmall": "wildcraftfruit:block/plant/berrybush/small/fruit/lillypillywhite1",
		"branch": "wildcraftfruit:block/plant/berrybush/large/branches/lillypillywhitebranch",
		"trunk": "wildcraftfruit:block/plant/berrybush/large/branches/lillypillywhitetrunk",
		"leaveslarge": "wildcraftfruit:block/plant/berrybush/large/leaves/lillypillywhitelarge"
	},
	"elements": [
		{
			"name": "Berries",
			"from": [ 0.0, 10.0, 0.0 ], 
			"to": [ 16.0, 16.0, 16.0 ], 
			"rotationOrigin": [ 0.0, 10.0, 0.0 ],
			"faces": {
				"north": { "texture": "#flowerberrysmall", "uv": [ 0.0, 10.0, 16.0, 16.0 ], "windMode": [0,7,7,0], "windData": [0,1,1,0] },
				"east": { "texture": "#flowerberrysmall", "uv": [ 0.0, 10.0, 16.0, 16.0 ], "windMode": [0,7,7,0], "windData": [0,1,1,0] },
				"south": { "texture": "#flowerberrysmall", "uv": [ 0.0, 10.0, 16.0, 16.0 ], "windMode": [0,0,7,7], "windData": [0,0,1,1] },
				"west": { "texture": "#flowerberrysmall", "uv": [ 0.0, 10.0, 16.0, 16.0 ], "windMode": [0,0,7,7], "windData": [0,0,1,1] },
				"up": { "texture": "#flowerberrysmall", "uv": [ 0.0, 0.0, 16.0, 16.0 ], "enabled": false, "windMode": [1,1,1,1], "windData": [1,1,1,1] },
				"down": { "texture": "#flowerberrysmall", "uv": [ 0.0, 0.0, 16.0, 16.0 ], "windMode": [-1,-1,-1,-1] }
			}
		},
		{
			"name": "branchesN",
			"from": [ 0.0, 3.0, 8.0 ], 
			"to": [ 16.0, 19.0, 8.0 ], 
			"rotationOrigin": [ 8.0, 11.0, 8.0 ],
			"rotationY": 45.0,
			"faces": {
				"north": { "texture": "#branch", "uv": [ 0.0, 0.0, 16.0, 16.0 ], "windMode": [0,1,1,0], "windData": [0,1,1,0] },
				"east": { "texture": "#branches", "uv": [ 0.0, 0.0, 0.5, 16.0 ], "enabled": false },
				"south": { "texture": "#branches", "uv": [ 16.0, 0.0, 32.0, 16.0 ], "enabled": false, "windMode": [0,0,1,1], "windData": [0,0,1,1] },
				"west": { "texture": "#branches", "uv": [ 0.0, 0.0, 0.5, 16.0 ], "enabled": false },
				"up": { "texture": "#branches", "uv": [ 0.0, 0.0, 16.0, 0.5 ], "enabled": false },
				"down": { "texture": "#branches", "uv": [ 0.0, 0.0, 16.0, 0.5 ], "enabled": false }
			}
		},
		{
			"name": "branchesS",
			"from": [ 0.0, 3.0, 8.0 ], 
			"to": [ 16.0, 19.0, 8.0 ], 
			"rotationOrigin": [ 8.0, 11.0, 8.0 ],
			"rotationY": -45.0,
			"faces": {
				"north": { "texture": "#branch", "uv": [ 0.0, 0.0, 16.0, 16.0 ], "windMode": [0,1,1,0], "windData": [0,1,1,0] },
				"east": { "texture": "#branches", "uv": [ 0.0, 0.0, 0.5, 16.0 ], "enabled": false },
				"south": { "texture": "#branches", "uv": [ 16.0, 0.0, 32.0, 16.0 ], "enabled": false, "windMode": [0,0,1,1], "windData": [0,0,1,1] },
				"west": { "texture": "#branches", "uv": [ 0.0, 0.0, 0.5, 16.0 ], "enabled": false },
				"up": { "texture": "#branches", "uv": [ 0.0, 0.0, 16.0, 0.5 ], "enabled": false },
				"down": { "texture": "#branches", "uv": [ 0.0, 0.0, 16.0, 0.5 ], "enabled": false }
			}
		},
		{
			"name": "Leaves",
			"from": [ 0.1, 10.1, 0.1 ], 
			"to": [ 15.8, 15.8, 15.8 ], 
			"climateColorMap": "climatePlantTint",
			"seasonColorMap": "tropicalPink",
			"rotationOrigin": [ 0.0, 10.0, 0.0 ],
			"faces": {
				"north": { "texture": "#leavessmall", "uv": [ 0.0, 10.5, 15.5, 16.0 ], "windMode": [0,7,7,0] },
				"east": { "texture": "#leavessmall", "uv": [ 0.0, 10.5, 15.5, 16.0 ], "windMode": [0,7,7,0] },
				"south": { "texture": "#leavessmall", "uv": [ 0.0, 10.5, 15.5, 16.0 ], "windMode": [0,0,7,7] },
				"west": { "texture": "#leavessmall", "uv": [ 0.0, 10.5, 15.5, 16.0 ], "windMode": [0,0,7,7] },
				"up": { "texture": "#leavessmall", "uv": [ 0.0, 0.0, 16.0, 16.0 ], "enabled": false, "autoUv": false, "windMode": [1,1,1,1] },
				"down": { "texture": "#leavessmall", "uv": [ 0.0, 0.0, 15.5, 15.5 ], "windMode": [-1,-1,-1,-1] }
			}
		},
		{
			"name": "Largeleaves",
			"from": [ 0.0, 8.0, 0.0 ], 
			"to": [ 16.0, 24.0, 16.0 ], 
			"shade": false,
			"climateColorMap": "climatePlantTint",
			"seasonColorMap": "tropicalPink",
			"renderPass": 1,
			"rotationOrigin": [ 8.0, 8.0, 8.0 ],
			"rotationY": -45.0,
			"faces": {
				"north": { "texture": "#leaveslarge", "uv": [ 0.0, 0.0, 16.0, 16.0 ], "enabled": false },
				"east": { "texture": "#leaveslarge", "uv": [ 0.0, 0.0, 16.0, 16.0 ], "enabled": false },
				"south": { "texture": "#leaveslarge", "uv": [ 0.0, 0.0, 16.0, 16.0 ], "enabled": false },
				"west": { "texture": "#leaveslarge", "uv": [ 0.0, 0.0, 16.0, 16.0 ], "enabled": false },
				"up": { "texture": "#leaveslarge", "uv": [ 0.0, 0.0, 16.0, 16.0 ], "enabled": false },
				"down": { "texture": "#leaveslarge", "uv": [ 0.0, 0.0, 16.0, 16.0 ], "enabled": false }
			},
			"children": [
				{
					"name": "Cube9",
					"from": [ -8.0, -1.0, 8.0 ], 
					"to": [ 24.0, 12.0, 8.0 ], 
					"shade": false,
					"climateColorMap": "climatePlantTint",
					"seasonColorMap": "tropicalPink",
					"rotationOrigin": [ 8.0, 15.0, 8.0 ],
					"rotationX": 0.57,
					"rotationY": -67.5,
					"rotationZ": -0.32,
					"faces": {
						"north": { "texture": "#leaveslarge", "uv": [ 0.0, 0.0, 32.0, 13.0 ], "enabled": false },
						"east": { "texture": "#leaveslarge", "uv": [ 0.0, 0.0, 0.25, 13.0 ], "enabled": false },
						"south": { "texture": "#leaveslarge", "uv": [ 0.0, 9.5, 16.0, 16.0 ], "autoUv": false, "windMode": [0,0,7,7], "windData": [0,0,1,1] },
						"west": { "texture": "#leaveslarge", "uv": [ 0.0, 0.0, 0.25, 13.0 ], "enabled": false },
						"up": { "texture": "#leaveslarge", "uv": [ 0.0, 0.0, 32.0, 0.25 ], "enabled": false },
						"down": { "texture": "#leaveslarge", "uv": [ 0.0, 0.0, 32.0, 0.25 ], "enabled": false }
					}
				},
				{
					"name": "Cube10",
					"from": [ -8.0, -1.0, 8.0 ], 
					"to": [ 24.0, 12.0, 8.0 ], 
					"shade": false,
					"climateColorMap": "climatePlantTint",
					"seasonColorMap": "tropicalPink",
					"rotationOrigin": [ 8.0, 7.0, 8.0 ],
					"rotationX": 0.21,
					"rotationY": 22.5,
					"rotationZ": -0.63,
					"faces": {
						"north": { "texture": "#leaveslarge", "uv": [ 0.0, 0.0, 32.0, 13.0 ], "enabled": false },
						"east": { "texture": "#leaveslarge", "uv": [ 0.0, 0.0, 0.25, 13.0 ], "enabled": false },
						"south": { "texture": "#leaveslarge", "uv": [ 0.0, 9.5, 16.0, 16.0 ], "autoUv": false, "windMode": [0,0,7,7], "windData": [0,0,1,1] },
						"west": { "texture": "#leaveslarge", "uv": [ 0.0, 0.0, 0.25, 13.0 ], "enabled": false },
						"up": { "texture": "#leaveslarge", "uv": [ 0.0, 0.0, 32.0, 0.25 ], "enabled": false },
						"down": { "texture": "#leaveslarge", "uv": [ 0.0, 0.0, 32.0, 0.25 ], "enabled": false }
					}
				},
				{
					"name": "Cube7",
					"from": [ -8.0, -1.0, 8.0 ], 
					"to": [ 24.0, 12.0, 8.0 ], 
					"shade": false,
					"climateColorMap": "climatePlantTint",
					"seasonColorMap": "tropicalPink",
					"rotationOrigin": [ 8.0, 7.0, 8.0 ],
					"rotationX": 0.507,
					"rotationY": 67.499,
					"rotationZ": -1.018,
					"faces": {
						"north": { "texture": "#leaveslarge", "uv": [ 0.0, 0.0, 32.0, 13.0 ], "enabled": false },
						"east": { "texture": "#leaveslarge", "uv": [ 0.0, 0.0, 0.25, 13.0 ], "enabled": false },
						"south": { "texture": "#leaveslarge", "uv": [ 0.0, 9.5, 16.0, 16.0 ], "autoUv": false, "windMode": [0,0,7,7], "windData": [0,0,1,1] },
						"west": { "texture": "#leaveslarge", "uv": [ 0.0, 0.0, 0.25, 13.0 ], "enabled": false },
						"up": { "texture": "#leaveslarge", "uv": [ 0.0, 0.0, 32.0, 0.25 ], "enabled": false },
						"down": { "texture": "#leaveslarge", "uv": [ 0.0, 0.0, 32.0, 0.25 ], "enabled": false }
					}
				},
				{
					"name": "Cube6",
					"from": [ -8.0, -1.0, 8.0 ], 
					"to": [ 24.0, 12.0, 8.0 ], 
					"shade": false,
					"climateColorMap": "climatePlantTint",
					"seasonColorMap": "tropicalPink",
					"rotationOrigin": [ 8.0, 15.0, 8.0 ],
					"rotationX": 0.236,
					"rotationY": -22.501,
					"rotationZ": -0.756,
					"faces": {
						"north": { "texture": "#leaveslarge", "uv": [ 0.0, 0.0, 32.0, 13.0 ], "enabled": false },
						"east": { "texture": "#leaveslarge", "uv": [ 0.0, 0.0, 0.25, 13.0 ], "enabled": false },
						"south": { "texture": "#leaveslarge", "uv": [ 0.0, 9.5, 16.0, 16.0 ], "autoUv": false, "windMode": [0,0,7,7], "windData": [0,0,1,1] },
						"west": { "texture": "#leaveslarge", "uv": [ 0.0, 0.0, 0.25, 13.0 ], "enabled": false },
						"up": { "texture": "#leaveslarge", "uv": [ 0.0, 0.0, 32.0, 0.25 ], "enabled": false },
						"down": { "texture": "#leaveslarge", "uv": [ 0.0, 0.0, 32.0, 0.25 ], "enabled": false }
					}
				}
			]
		},
		{
			"name": "Largeberries",
			"from": [ 0.0, 8.0, 0.0 ], 
			"to": [ 16.0, 24.0, 16.0 ], 
			"shade": false,
			"renderPass": 1,
			"rotationOrigin": [ 8.0, 8.0, 8.0 ],
			"rotationY": -45.0,
			"faces": {
				"north": { "texture": "#flowerberrylarge", "uv": [ 0.0, 0.0, 16.0, 16.0 ], "enabled": false },
				"east": { "texture": "#flowerberrylarge", "uv": [ 0.0, 0.0, 16.0, 16.0 ], "enabled": false },
				"south": { "texture": "#flowerberrylarge", "uv": [ 0.0, 0.0, 16.0, 16.0 ], "enabled": false },
				"west": { "texture": "#flowerberrylarge", "uv": [ 0.0, 0.0, 16.0, 16.0 ], "enabled": false },
				"up": { "texture": "#flowerberrylarge", "uv": [ 0.0, 0.0, 16.0, 16.0 ], "enabled": false },
				"down": { "texture": "#flowerberrylarge", "uv": [ 0.0, 0.0, 16.0, 16.0 ], "enabled": false }
			},
			"children": [
				{
					"name": "Cube11",
					"from": [ -8.0, -1.0, 8.0 ], 
					"to": [ 24.0, 12.0, 8.0 ], 
					"shade": false,
					"rotationOrigin": [ 8.0, 15.0, 8.0 ],
					"rotationX": 0.57,
					"rotationY": -67.5,
					"rotationZ": -0.32,
					"faces": {
						"north": { "texture": "#flowerberrylarge", "uv": [ 0.0, 0.0, 32.0, 13.0 ], "enabled": false },
						"east": { "texture": "#flowerberrylarge", "uv": [ 0.0, 0.0, 0.25, 13.0 ], "enabled": false },
						"south": { "texture": "#flowerberrylarge", "uv": [ 0.0, 9.5, 16.0, 16.0 ], "autoUv": false, "windMode": [0,0,7,7], "windData": [0,0,1,1] },
						"west": { "texture": "#flowerberrylarge", "uv": [ 0.0, 0.0, 0.25, 13.0 ], "enabled": false },
						"up": { "texture": "#flowerberrylarge", "uv": [ 0.0, 0.0, 32.0, 0.25 ], "enabled": false },
						"down": { "texture": "#flowerberrylarge", "uv": [ 0.0, 0.0, 32.0, 0.25 ], "enabled": false }
					}
				},
				{
					"name": "Cube12",
					"from": [ -8.0, -1.0, 8.0 ], 
					"to": [ 24.0, 12.0, 8.0 ], 
					"shade": false,
					"rotationOrigin": [ 8.0, 7.0, 8.0 ],
					"rotationX": 0.21,
					"rotationY": 22.5,
					"rotationZ": -0.63,
					"faces": {
						"north": { "texture": "#flowerberrylarge", "uv": [ 0.0, 0.0, 32.0, 13.0 ], "enabled": false },
						"east": { "texture": "#flowerberrylarge", "uv": [ 0.0, 0.0, 0.25, 13.0 ], "enabled": false },
						"south": { "texture": "#flowerberrylarge", "uv": [ 0.0, 9.5, 16.0, 16.0 ], "autoUv": false, "windMode": [0,0,7,7], "windData": [0,0,1,1] },
						"west": { "texture": "#flowerberrylarge", "uv": [ 0.0, 0.0, 0.25, 13.0 ], "enabled": false },
						"up": { "texture": "#flowerberrylarge", "uv": [ 0.0, 0.0, 32.0, 0.25 ], "enabled": false },
						"down": { "texture": "#flowerberrylarge", "uv": [ 0.0, 0.0, 32.0, 0.25 ], "enabled": false }
					}
				},
				{
					"name": "Cube13",
					"from": [ -8.0, -1.0, 8.0 ], 
					"to": [ 24.0, 12.0, 8.0 ], 
					"shade": false,
					"rotationOrigin": [ 8.0, 7.0, 8.0 ],
					"rotationX": 0.507,
					"rotationY": 67.499,
					"rotationZ": -1.018,
					"faces": {
						"north": { "texture": "#flowerberrylarge", "uv": [ 0.0, 0.0, 32.0, 13.0 ], "enabled": false },
						"east": { "texture": "#flowerberrylarge", "uv": [ 0.0, 0.0, 0.25, 13.0 ], "enabled": false },
						"south": { "texture": "#flowerberrylarge", "uv": [ 0.0, 9.5, 16.0, 16.0 ], "autoUv": false, "windMode": [0,0,7,7], "windData": [0,0,1,1] },
						"west": { "texture": "#flowerberrylarge", "uv": [ 0.0, 0.0, 0.25, 13.0 ], "enabled": false },
						"up": { "texture": "#flowerberrylarge", "uv": [ 0.0, 0.0, 32.0, 0.25 ], "enabled": false },
						"down": { "texture": "#flowerberrylarge", "uv": [ 0.0, 0.0, 32.0, 0.25 ], "enabled": false }
					}
				},
				{
					"name": "Cube14",
					"from": [ -8.0, -1.0, 8.0 ], 
					"to": [ 24.0, 12.0, 8.0 ], 
					"shade": false,
					"rotationOrigin": [ 8.0, 15.0, 8.0 ],
					"rotationX": 0.236,
					"rotationY": -22.501,
					"rotationZ": -0.756,
					"faces": {
						"north": { "texture": "#flowerberrylarge", "uv": [ 0.0, 0.0, 32.0, 13.0 ], "enabled": false },
						"east": { "texture": "#flowerberrylarge", "uv": [ 0.0, 0.0, 0.25, 13.0 ], "enabled": false },
						"south": { "texture": "#flowerberrylarge", "uv": [ 0.0, 9.5, 16.0, 16.0 ], "autoUv": false, "windMode": [0,0,7,7], "windData": [0,0,1,1] },
						"west": { "texture": "#flowerberrylarge", "uv": [ 0.0, 0.0, 0.25, 13.0 ], "enabled": false },
						"up": { "texture": "#flowerberrylarge", "uv": [ 0.0, 0.0, 32.0, 0.25 ], "enabled": false },
						"down": { "texture": "#flowerberrylarge", "uv": [ 0.0, 0.0, 32.0, 0.25 ], "enabled": false }
					}
				}
			]
		},
		{
			"name": "trunk1",
			"from": [ 6.5, 0.0, 6.5 ], 
			"to": [ 9.5, 10.0, 9.5 ], 
			"rotationOrigin": [ 6.0, 0.0, 5.0 ],
			"faces": {
				"north": { "texture": "#trunk", "uv": [ 0.5, 1.0, 3.5, 11.0 ], "rotation": 180, "windMode": [-1,-1,-1,-1], "windData": [0,1,1,0] },
				"east": { "texture": "#trunk", "uv": [ 0.5, 2.0, 3.5, 12.0 ], "windMode": [-1,-1,-1,-1], "windData": [0,1,1,0] },
				"south": { "texture": "#trunk", "uv": [ 0.5, 1.0, 3.5, 11.0 ], "rotation": 180, "windMode": [-1,-1,-1,-1], "windData": [0,0,1,1] },
				"west": { "texture": "#trunk", "uv": [ 0.5, 1.5, 3.5, 11.5 ], "windMode": [-1,-1,-1,-1], "windData": [0,0,1,1] },
				"up": { "texture": "#trunk", "uv": [ 0.5, 4.0, 3.5, 7.0 ], "windMode": [-1,-1,-1,-1], "windData": [1,1,1,1] },
				"down": { "texture": "#trunk", "uv": [ 0.5, 9.5, 3.5, 12.5 ], "windMode": [-1,-1,-1,-1] }
			}
		},
		{
			"name": "trunk2",
			"from": [ 9.2, -0.5, 6.0 ], 
			"to": [ 11.2, 15.5, 8.0 ], 
			"rotationOrigin": [ 9.2, 0.0, 6.0 ],
			"rotationY": 16.0,
			"rotationZ": -13.0,
			"faces": {
				"north": { "texture": "#trunk", "uv": [ 1.0, 0.0, 3.0, 16.0 ], "rotation": 180, "windMode": [-1,5,5,-1] },
				"east": { "texture": "#trunk", "uv": [ 1.5, 0.0, 3.5, 16.0 ], "windMode": [-1,5,5,-1] },
				"south": { "texture": "#trunk", "uv": [ 1.0, 0.0, 3.0, 16.0 ], "rotation": 180, "windMode": [-1,-1,5,5] },
				"west": { "texture": "#trunk", "uv": [ 0.5, 0.0, 2.5, 16.0 ], "windMode": [-1,-1,5,5] },
				"up": { "texture": "#trunk", "uv": [ 0.5, 4.0, 2.5, 6.0 ], "windMode": [5,5,5,5] },
				"down": { "texture": "#trunk", "uv": [ 0.5, 9.5, 2.5, 11.5 ] }
			}
		},
		{
			"name": "trunk3",
			"from": [ 7.5, -0.5, 9.5 ], 
			"to": [ 8.5, 15.5, 10.5 ], 
			"rotationOrigin": [ 7.5, 0.0, 9.5 ],
			"rotationX": 17.0,
			"rotationY": -22.0,
			"faces": {
				"north": { "texture": "#trunk", "uv": [ 0.5, 0.0, 1.5, 16.0 ], "rotation": 180, "windMode": [-1,5,5,-1] },
				"east": { "texture": "#trunk", "uv": [ 0.5, 0.0, 1.5, 16.0 ], "windMode": [-1,5,5,-1] },
				"south": { "texture": "#trunk", "uv": [ 0.5, 0.0, 1.5, 16.0 ], "rotation": 180, "windMode": [-1,-1,5,5] },
				"west": { "texture": "#trunk", "uv": [ 0.5, 0.0, 1.5, 16.0 ], "windMode": [-1,-1,5,5] },
				"up": { "texture": "#trunk", "uv": [ 0.5, 4.0, 1.5, 5.0 ], "windMode": [5,5,5,5] },
				"down": { "texture": "#trunk", "uv": [ 0.5, 9.5, 1.5, 10.5 ] }
			}
		},
		{
			"name": "trunk4",
			"from": [ 4.9, -0.5, 7.5 ], 
			"to": [ 6.4, 15.5, 9.0 ], 
			"rotationOrigin": [ 6.4, 0.0, 7.5 ],
			"rotationX": 6.0,
			"rotationY": -33.0,
			"rotationZ": 16.0,
			"faces": {
				"north": { "texture": "#trunk", "uv": [ 0.5, 0.0, 2.0, 16.0 ], "rotation": 180, "windMode": [-1,5,5,-1] },
				"east": { "texture": "#trunk", "uv": [ 0.5, 0.0, 2.0, 16.0 ], "windMode": [-1,5,5,-1] },
				"south": { "texture": "#trunk", "uv": [ 0.5, 0.0, 2.0, 16.0 ], "rotation": 180, "windMode": [-1,-1,5,5] },
				"west": { "texture": "#trunk", "uv": [ 0.5, 0.0, 2.0, 16.0 ], "windMode": [-1,-1,5,5] },
				"up": { "texture": "#trunk", "uv": [ 0.5, 4.0, 2.0, 5.5 ], "windMode": [5,5,5,5] },
				"down": { "texture": "#trunk", "uv": [ 0.5, 9.5, 2.0, 11.0 ] }
			}
		},
		{
			"name": "trunk5",
			"from": [ 6.0, -0.5, 5.8 ], 
			"to": [ 7.0, 15.5, 6.8 ], 
			"rotationOrigin": [ 6.0, 0.0, 6.8 ],
			"rotationX": -13.0,
			"rotationY": 20.0,
			"faces": {
				"north": { "texture": "#trunk", "uv": [ 0.5, 0.0, 1.5, 16.0 ], "rotation": 180, "windMode": [-1,5,5,-1] },
				"east": { "texture": "#trunk", "uv": [ 0.5, 0.0, 1.5, 16.0 ], "windMode": [-1,5,5,-1] },
				"south": { "texture": "#trunk", "uv": [ 0.5, 0.0, 1.5, 16.0 ], "rotation": 180, "windMode": [-1,-1,5,5] },
				"west": { "texture": "#trunk", "uv": [ 0.5, 0.0, 1.5, 16.0 ], "windMode": [-1,-1,5,5] },
				"up": { "texture": "#trunk", "uv": [ 0.5, 4.0, 1.5, 5.0 ], "windMode": [5,5,5,5] },
				"down": { "texture": "#trunk", "uv": [ 0.5, 9.5, 1.5, 10.5 ] }
			}
		},
		{
			"name": "trunk6",
			"from": [ 7.0, 10.0, 7.0 ], 
			"to": [ 9.0, 21.0, 9.0 ], 
			"rotationOrigin": [ 6.0, 10.0, 5.0 ],
			"faces": {
				"north": { "texture": "#trunk", "uv": [ 0.5, 1.0, 2.5, 12.0 ], "rotation": 180, "windMode": [-1,5,5,-1], "windData": [0,1,1,0] },
				"east": { "texture": "#trunk", "uv": [ 0.5, 2.0, 2.5, 13.0 ], "windMode": [-1,5,5,-1], "windData": [0,1,1,0] },
				"south": { "texture": "#trunk", "uv": [ 0.5, 1.0, 2.5, 12.0 ], "rotation": 180, "windMode": [-1,-1,5,5], "windData": [0,0,1,1] },
				"west": { "texture": "#trunk", "uv": [ 0.5, 1.5, 2.5, 12.5 ], "windMode": [-1,-1,5,5], "windData": [0,0,1,1] },
				"up": { "texture": "#trunk", "uv": [ 0.5, 4.0, 2.5, 6.0 ], "windMode": [5,5,5,5], "windData": [1,1,1,1] },
				"down": { "texture": "#trunk", "uv": [ 0.5, 9.5, 2.5, 11.5 ], "enabled": false }
			}
		}
	]}