{
	"editor": {
		"allAngles": false,
		"entityTextureMode": false
	},
	"textureWidth": 16,
	"textureHeight": 16,
	"textureSizes": {
	},
	"textures": {
		"branches": "wildcraftfruit:block/plant/berrybush/small/leaves/marita1",
		"flowerberrysmall": "wildcraftfruit:block/plant/berrybush/small/fruit/marita1",
		"leaveslarge": "wildcraftfruit:block/plant/berrybush/large/leaves/maritalarge"
	},
	"elements": [
		{
			"name": "branchesN",
			"from": [ 0.0, -2.0, 8.0 ], 
			"to": [ 16.0, 14.0, 8.0 ], 
			"climateColorMap": "climatePlantTint",
			"seasonColorMap": "seasonalNeedles",
			"rotationOrigin": [ 8.0, 6.0, 8.0 ],
			"rotationY": 22.5,
			"faces": {
				"north": { "texture": "#branches", "uv": [ 0.0, 0.0, 16.0, 16.0 ], "windMode": [0,1,1,0], "windData": [0,1,1,0] },
				"east": { "texture": "#branches", "uv": [ 0.0, 0.0, 0.5, 16.0 ], "enabled": false },
				"south": { "texture": "#branches", "uv": [ 16.0, 0.0, 32.0, 16.0 ], "enabled": false, "windMode": [0,0,1,1], "windData": [0,0,1,1] },
				"west": { "texture": "#branches", "uv": [ 0.0, 0.0, 0.5, 16.0 ], "enabled": false },
				"up": { "texture": "#branches", "uv": [ 0.0, 0.0, 16.0, 0.5 ], "enabled": false },
				"down": { "texture": "#branches", "uv": [ 0.0, 0.0, 16.0, 0.5 ], "enabled": false }
			}
		},
		{
			"name": "branchesS",
			"from": [ 0.0, -2.0, 8.0 ], 
			"to": [ 16.0, 14.0, 8.0 ], 
			"climateColorMap": "climatePlantTint",
			"seasonColorMap": "seasonalNeedles",
			"rotationOrigin": [ 8.0, 6.0, 8.0 ],
			"rotationY": -67.5,
			"faces": {
				"north": { "texture": "#branches", "uv": [ 0.0, 0.0, 16.0, 16.0 ], "windMode": [0,1,1,0], "windData": [0,1,1,0] },
				"east": { "texture": "#branches", "uv": [ 0.0, 0.0, 0.5, 16.0 ], "enabled": false },
				"south": { "texture": "#branches", "uv": [ 16.0, 0.0, 32.0, 16.0 ], "enabled": false, "windMode": [0,0,1,1], "windData": [0,0,1,1] },
				"west": { "texture": "#branches", "uv": [ 0.0, 0.0, 0.5, 16.0 ], "enabled": false },
				"up": { "texture": "#branches", "uv": [ 0.0, 0.0, 16.0, 0.5 ], "enabled": false },
				"down": { "texture": "#branches", "uv": [ 0.0, 0.0, 16.0, 0.5 ], "enabled": false }
			}
		},
		{
			"name": "Largeleaves",
			"from": [ 0.0, 2.0, 0.0 ], 
			"to": [ 16.0, 18.0, 16.0 ], 
			"shade": false,
			"climateColorMap": "climatePlantTint",
			"seasonColorMap": "seasonalNeedles",
			"renderPass": 1,
			"rotationOrigin": [ 8.0, 2.0, 8.0 ],
			"rotationY": 22.5,
			"faces": {
				"north": { "texture": "#leaveslarge", "uv": [ 0.0, 0.0, 16.0, 16.0 ], "enabled": false },
				"east": { "texture": "#leaveslarge", "uv": [ 0.0, 0.0, 16.0, 16.0 ], "enabled": false },
				"south": { "texture": "#leaveslarge", "uv": [ 0.0, 0.0, 16.0, 16.0 ], "enabled": false },
				"west": { "texture": "#leaveslarge", "uv": [ 0.0, 0.0, 16.0, 16.0 ], "enabled": false },
				"up": { "texture": "#leaveslarge", "uv": [ 0.0, 0.0, 16.0, 16.0 ], "enabled": false },
				"down": { "texture": "#leaveslarge", "uv": [ 0.0, 0.0, 16.0, 16.0 ], "enabled": false }
			},
			"children": [
				{
					"name": "Cube9",
					"from": [ -8.0, -6.0, 8.0 ], 
					"to": [ 24.0, 26.0, 8.0 ], 
					"shade": false,
					"climateColorMap": "climatePlantTint",
					"seasonColorMap": "seasonalNeedles",
					"rotationOrigin": [ 8.0, 10.0, 8.0 ],
					"rotationX": 0.57,
					"rotationY": -67.5,
					"rotationZ": -0.32,
					"faces": {
						"north": { "texture": "#leaveslarge", "uv": [ 0.0, 0.0, 32.0, 32.0 ], "enabled": false },
						"east": { "texture": "#leaveslarge", "uv": [ 0.0, 0.0, 0.5, 32.0 ], "enabled": false },
						"south": { "texture": "#leaveslarge", "uv": [ 0.0, 0.0, 16.0, 16.0 ], "autoUv": false, "windMode": [0,0,1,1], "windData": [0,0,1,1] },
						"west": { "texture": "#leaveslarge", "uv": [ 0.0, 0.0, 0.5, 32.0 ], "enabled": false },
						"up": { "texture": "#leaveslarge", "uv": [ 0.0, 0.0, 32.0, 0.5 ], "enabled": false },
						"down": { "texture": "#leaveslarge", "uv": [ 0.0, 0.0, 32.0, 0.5 ], "enabled": false }
					}
				},
				{
					"name": "Cube10",
					"from": [ -8.0, -6.0, 8.0 ], 
					"to": [ 24.0, 26.0, 8.0 ], 
					"shade": false,
					"climateColorMap": "climatePlantTint",
					"seasonColorMap": "seasonalNeedles",
					"rotationOrigin": [ 8.0, 2.0, 8.0 ],
					"rotationX": 0.21,
					"rotationY": 22.5,
					"rotationZ": -0.63,
					"faces": {
						"north": { "texture": "#leaveslarge", "uv": [ 0.0, 0.0, 32.0, 32.0 ], "enabled": false },
						"east": { "texture": "#leaveslarge", "uv": [ 0.0, 0.0, 0.5, 32.0 ], "enabled": false },
						"south": { "texture": "#leaveslarge", "uv": [ 0.0, 0.0, 16.0, 16.0 ], "autoUv": false, "windMode": [0,0,1,1], "windData": [0,0,1,1] },
						"west": { "texture": "#leaveslarge", "uv": [ 0.0, 0.0, 0.5, 32.0 ], "enabled": false },
						"up": { "texture": "#leaveslarge", "uv": [ 0.0, 0.0, 32.0, 0.5 ], "enabled": false },
						"down": { "texture": "#leaveslarge", "uv": [ 0.0, 0.0, 32.0, 0.5 ], "enabled": false }
					}
				},
				{
					"name": "Cube7",
					"from": [ -8.0, -6.0, 8.0 ], 
					"to": [ 24.0, 26.0, 8.0 ], 
					"shade": false,					"gradientShade": true,
					"gradientShade": true,
					"climateColorMap": "climatePlantTint",
					"seasonColorMap": "seasonalNeedles",
					"rotationOrigin": [ 8.0, 2.0, 8.0 ],
					"rotationX": 0.507,
					"rotationY": 67.499,
					"rotationZ": -1.018,
					"faces": {
						"north": { "texture": "#leaveslarge", "uv": [ 0.0, 0.0, 32.0, 32.0 ], "enabled": false },
						"east": { "texture": "#leaveslarge", "uv": [ 0.0, 0.0, 0.5, 32.0 ], "enabled": false },
						"south": { "texture": "#leaveslarge", "uv": [ 0.0, 0.0, 16.0, 16.0 ], "autoUv": false, "windMode": [0,0,1,1], "windData": [0,0,1,1] },
						"west": { "texture": "#leaveslarge", "uv": [ 0.0, 0.0, 0.5, 32.0 ], "enabled": false },
						"up": { "texture": "#leaveslarge", "uv": [ 0.0, 0.0, 32.0, 0.5 ], "enabled": false },
						"down": { "texture": "#leaveslarge", "uv": [ 0.0, 0.0, 32.0, 0.5 ], "enabled": false }
					}
				},
				{
					"name": "Cube6",
					"from": [ -8.0, -6.0, 8.0 ], 
					"to": [ 24.0, 26.0, 8.0 ], 
					"shade": false,					"gradientShade": true,
					"gradientShade": true,
					"climateColorMap": "climatePlantTint",
					"seasonColorMap": "seasonalNeedles",
					"rotationOrigin": [ 8.0, 10.0, 8.0 ],
					"rotationX": 0.236,
					"rotationY": -22.501,
					"rotationZ": -0.756,
					"faces": {
						"north": { "texture": "#leaveslarge", "uv": [ 0.0, 0.0, 32.0, 32.0 ], "enabled": false },
						"east": { "texture": "#leaveslarge", "uv": [ 0.0, 0.0, 0.5, 32.0 ], "enabled": false },
						"south": { "texture": "#leaveslarge", "uv": [ 0.0, 0.0, 16.0, 16.0 ], "autoUv": false, "windMode": [0,0,1,1], "windData": [0,0,1,1] },
						"west": { "texture": "#leaveslarge", "uv": [ 0.0, 0.0, 0.5, 32.0 ], "enabled": false },
						"up": { "texture": "#leaveslarge", "uv": [ 0.0, 0.0, 32.0, 0.5 ], "enabled": false },
						"down": { "texture": "#leaveslarge", "uv": [ 0.0, 0.0, 32.0, 0.5 ], "enabled": false }
					}
				}
			]
		},
		{
			"name": "Stem1",
			"from": [ 12.0, 11.8, 9.5 ], 
			"to": [ 13.0, 13.3, 10.5 ], 
			"rotationOrigin": [ 12.75, 11.0, 9.5 ],
			"rotationY": 11.5,
			"faces": {
				"north": { "texture": "#flowerberrysmall", "uv": [ 10.6667, 10.6667, 12.0, 12.6667 ], "autoUv": false, "windMode": [8,8,8,8], "windData": [5,2,2,5] },
				"east": { "texture": "#flowerberrysmall", "uv": [ 10.6667, 10.6667, 12.0, 12.6667 ], "autoUv": false, "windMode": [8,8,8,8], "windData": [5,2,2,5] },
				"south": { "texture": "#flowerberrysmall", "uv": [ 11.3333, 10.6667, 12.6667, 12.6667 ], "autoUv": false, "windMode": [8,8,8,8], "windData": [5,5,2,2] },
				"west": { "texture": "#flowerberrysmall", "uv": [ 10.0, 11.3333, 11.3333, 13.3333 ], "autoUv": false, "windMode": [8,8,8,8], "windData": [5,5,2,2] },
				"up": { "texture": "#flowerberrysmall", "uv": [ 11.3333, 13.3333, 12.6667, 14.6667 ], "autoUv": false, "windMode": [8,8,8,8], "windData": [2,2,2,2] },
				"down": { "texture": "#flowerberrysmall", "uv": [ 0.0, 0.0, 1.0, 1.0 ], "enabled": false, "windMode": [8,8,8,8], "windData": [5,5,5,5] }
			}
		},
		{
			"name": "Stem2",
			"from": [ 3.0, 13.5, 5.8 ], 
			"to": [ 4.0, 15.0, 6.8 ], 
			"rotationOrigin": [ 3.75, 13.0, 6.5 ],
			"rotationY": -66.5,
			"faces": {
				"north": { "texture": "#flowerberrysmall", "uv": [ 10.6667, 10.6667, 12.0, 12.6667 ], "autoUv": false, "windMode": [8,8,8,8], "windData": [5,2,2,5] },
				"east": { "texture": "#flowerberrysmall", "uv": [ 10.6667, 10.6667, 12.0, 12.6667 ], "autoUv": false, "windMode": [8,8,8,8], "windData": [5,2,2,5] },
				"south": { "texture": "#flowerberrysmall", "uv": [ 11.3333, 10.6667, 12.6667, 12.6667 ], "autoUv": false, "windMode": [8,8,8,8], "windData": [5,5,2,2] },
				"west": { "texture": "#flowerberrysmall", "uv": [ 10.0, 11.3333, 11.3333, 13.3333 ], "autoUv": false, "windMode": [8,8,8,8], "windData": [5,5,2,2] },
				"up": { "texture": "#flowerberrysmall", "uv": [ 11.3333, 13.3333, 12.6667, 14.6667 ], "autoUv": false, "windMode": [8,8,8,8], "windData": [2,2,2,2] },
				"down": { "texture": "#flowerberrysmall", "uv": [ 0.0, 0.0, 1.0, 1.0 ], "enabled": false, "windMode": [8,8,8,8], "windData": [5,5,5,5] }
			}
		},
		{
			"name": "Flower1",
			"from": [ 11.3357, 8.8, 9.369 ], 
			"to": [ 13.3357, 11.8, 11.369 ], 
			"rotationOrigin": [ 10.8357, 8.0, 8.869 ],
			"rotationY": 11.5,
			"faces": {
				"north": { "texture": "#flowerberrysmall", "uv": [ 0.0, 0.0, 2.6667, 4.0 ], "autoUv": false, "windMode": [8,8,8,8], "windData": [5,2,2,5] },
				"east": { "texture": "#flowerberrysmall", "uv": [ 0.0, 0.0, 2.6667, 4.0 ], "autoUv": false, "windMode": [8,8,8,8], "windData": [5,2,2,5] },
				"south": { "texture": "#flowerberrysmall", "uv": [ 0.0, 0.0, 2.6667, 4.0 ], "autoUv": false, "windMode": [8,8,8,8], "windData": [5,5,2,2] },
				"west": { "texture": "#flowerberrysmall", "uv": [ 0.0, 0.0, 2.6667, 4.0 ], "autoUv": false, "windMode": [8,8,8,8], "windData": [5,5,2,2] },
				"up": { "texture": "#flowerberrysmall", "uv": [ 0.0, 0.0, 2.6667, 2.6667 ], "autoUv": false, "windMode": [8,8,8,8], "windData": [2,2,2,2] },
				"down": { "texture": "#flowerberrysmall", "uv": [ 0.0, 0.0, 2.6667, 2.6667 ], "autoUv": false, "windMode": [8,8,8,8], "windData": [5,5,5,5] }
			}
		},
		{
			"name": "Berry1",
			"from": [ 11.1057, 2.0, 8.5498 ], 
			"to": [ 14.1057, 12.0, 11.5498 ], 
			"rotationOrigin": [ 12.5557, 2.0, 10.0498 ],
			"rotationY": 11.5,
			"faces": {
				"north": { "texture": "#flowerberrysmall", "uv": [ 0.0, 2.6667, 4.0, 16.0 ], "rotation": 180, "autoUv": false, "windMode": [8,8,8,8], "windData": [5,2,2,5] },
				"east": { "texture": "#flowerberrysmall", "uv": [ 4.6667, 2.6667, 8.6667, 16.0 ], "rotation": 180, "autoUv": false, "windMode": [8,8,8,8], "windData": [5,2,2,5] },
				"south": { "texture": "#flowerberrysmall", "uv": [ 0.0, 2.6667, 4.0, 16.0 ], "rotation": 180, "autoUv": false, "windMode": [8,8,8,8], "windData": [5,5,2,2] },
				"west": { "texture": "#flowerberrysmall", "uv": [ 9.3333, 2.6667, 13.3333, 16.0 ], "rotation": 180, "autoUv": false, "windMode": [8,8,8,8], "windData": [5,5,2,2] },
				"up": { "texture": "#flowerberrysmall", "uv": [ 9.3333, 11.3333, 13.3333, 15.3333 ], "autoUv": false, "windMode": [8,8,8,8], "windData": [2,2,2,2] },
				"down": { "texture": "#flowerberrysmall", "uv": [ 0.0, 0.0, 4.0, 4.0 ], "autoUv": false, "windMode": [8,8,8,8], "windData": [5,5,5,5] }
			}
		},
		{
			"name": "Flower2",
			"from": [ 5.1112, 10.5, 4.7172 ], 
			"to": [ 7.1112, 13.5, 6.7172 ], 
			"rotationOrigin": [ 4.6112, 9.7, 4.2172 ],
			"rotationY": -66.5,
			"faces": {
				"north": { "texture": "#flowerberrysmall", "uv": [ 0.0, 0.0, 2.6667, 4.0 ], "autoUv": false, "windMode": [8,8,8,8], "windData": [5,2,2,5] },
				"east": { "texture": "#flowerberrysmall", "uv": [ 0.0, 0.0, 2.6667, 4.0 ], "autoUv": false, "windMode": [8,8,8,8], "windData": [5,2,2,5] },
				"south": { "texture": "#flowerberrysmall", "uv": [ 0.0, 0.0, 2.6667, 4.0 ], "autoUv": false, "windMode": [8,8,8,8], "windData": [5,5,2,2] },
				"west": { "texture": "#flowerberrysmall", "uv": [ 0.0, 0.0, 2.6667, 4.0 ], "autoUv": false, "windMode": [8,8,8,8], "windData": [5,5,2,2] },
				"up": { "texture": "#flowerberrysmall", "uv": [ 0.0, 0.0, 2.6667, 2.6667 ], "autoUv": false, "windMode": [8,8,8,8], "windData": [2,2,2,2] },
				"down": { "texture": "#flowerberrysmall", "uv": [ 0.0, 0.0, 2.6667, 2.6667 ], "autoUv": false, "windMode": [8,8,8,8], "windData": [5,5,5,5] }
			}
		},
		{
			"name": "Berry2",
			"from": [ 2.3638, 3.7, 4.6451 ], 
			"to": [ 5.3638, 13.7, 7.6451 ], 
			"rotationOrigin": [ 3.8138, 3.7, 6.1451 ],
			"rotationY": -66.5,
			"faces": {
				"north": { "texture": "#flowerberrysmall", "uv": [ 9.3333, 2.6667, 13.3333, 16.0 ], "rotation": 180, "autoUv": false, "windMode": [8,8,8,8], "windData": [5,2,2,5] },
				"east": { "texture": "#flowerberrysmall", "uv": [ 0.0, 2.6667, 4.0, 16.0 ], "rotation": 180, "autoUv": false, "windMode": [8,8,8,8], "windData": [5,2,2,5] },
				"south": { "texture": "#flowerberrysmall", "uv": [ 4.6667, 2.6667, 8.6667, 16.0 ], "rotation": 180, "autoUv": false, "windMode": [8,8,8,8], "windData": [5,5,2,2] },
				"west": { "texture": "#flowerberrysmall", "uv": [ 0.0, 2.6667, 4.0, 16.0 ], "rotation": 180, "autoUv": false, "windMode": [8,8,8,8], "windData": [5,5,2,2] },
				"up": { "texture": "#flowerberrysmall", "uv": [ 9.3333, 11.3333, 13.3333, 15.3333 ], "autoUv": false, "windMode": [8,8,8,8], "windData": [2,2,2,2] },
				"down": { "texture": "#flowerberrysmall", "uv": [ 0.0, 0.0, 4.0, 4.0 ], "autoUv": false, "windMode": [8,8,8,8], "windData": [5,5,5,5] }
			}
		}
	]}