{
    "code": "flower",
    "class": "BlockPlant",
    "behaviors": [ { "name": "DropNotSnowCovered" } ],
    "variantgroups": [
        {
            "code": "flower",
            "states": [ "chamomile", "hibiscus", "lavender", "calendula", "mint" ]
        },
        {
            "code": "cover",
            "states": [ "free", "snow" ]
        }
    ],
    "attributes": {
        "butterflyFeed": true,
        "beeFeed": true,
        "reinforcable": true,
        "plantContainable": {
            "smallContainerByType": {
                "*-chamomile-*": {
                    "shape": { "base": "block/clay/flowerpot/contents-chamomile" },
                    "textures": {
                        "chamomile": { "base": "block/plant/crop/{flower}" }
                    }
                },
                "*-hibiscus-*": {
                    "shape": { "base": "block/clay/flowerpot/contents-hibiscus" },
                    "textures": {
                        "hibiscus": { "base": "block/plant/crop/{flower}" }
                    }
                },
                "*-lavender-*": {
                    "shape": { "base": "block/clay/flowerpot/contents-lavender" },
                    "textures": {
                        "lavender": { "base": "block/plant/crop/{flower}" }
                    }
                },
                "*-calendula-*": {
                    "shape": { "base": "block/clay/flowerpot/contents-calendula" },
                    "textures": {
                        "calendula": { "base": "block/plant/crop/{flower}" }
                    }
                },
                "*-mint-*": {
                    "shape": { "base": "block/clay/flowerpot/contents-mint" },
                    "textures": {
                        "mint": { "base": "block/plant/crop/{flower}" }
                    }
                }
            },
            "largeContainerByType": {
                "*-chamomile-*": {
                    "shape": { "base": "block/clay/planter/contents-chamomile" },
                    "textures": {
                        "chamomile": { "base": "block/plant/crop/{flower}" }
                    }
                },
                "*-hibiscus-*": {
                    "shape": { "base": "block/clay/planter/contents-hibiscus" },
                    "textures": {
                        "hibiscus": { "base": "block/plant/crop/{flower}" },
                        "hibiscus-bush": { "base": "block/plant/crop/{flower}-bush" }
                    }
                },
                "*-lavender-*": {
                    "shape": { "base": "block/clay/planter/contents-lavender" },
                    "textures": {
                        "lavender": { "base": "block/plant/crop/{flower}" }
                    }
                },
                "*-calendula-*": {
                    "shape": { "base": "block/clay/planter/contents-calendula" },
                    "textures": {
                        "calendula": { "base": "block/plant/crop/{flower}" }
                    }
                },
                "*-mint-*": {
                    "shape": { "base": "block/clay/planter/contents-mint" },
                    "textures": {
                        "mint": { "base": "block/plant/crop/{flower}" }
                    }
                }
            }
        },
        "drawnHeightByType": {
            "*": 48
        }
    },
    "creativeinventory": {
        "general": [ "*-free" ],
        "flora": [ "*-free" ],
        "soaplyeandbloom": [ "*-free" ]
    },
    "renderpass": "OpaqueNoCull",
    "drawtypeByType": {
        "*-snow": "JSONAndSnowLayer",
        "*": "JSON"
    },
    "shapeByType": {
        "*-chamomile-*": {
            "base": "block/plant/crop/{flower}/stage9"
        },
        "*-hibiscus-*": {
            "base": "block/plant/crop/hibiscus/stage9"
        },
        "*-lavender-*": {
            "base": "block/plant/crop/{flower}/stage8"
        },
        "*-calendula-*": {
            "base": "block/plant/crop/{flower}/stage9"
        },
        "*-mint-*": {
            "base": "block/plant/crop/{flower}/stage8"
        }
    },
    "texturesByType": {
        "*-hibiscus-*": {
            "hibiscus": { "base": "block/plant/crop/hibiscus" },
            "hibiscus-bush": { "base": "block/plant/crop/hibiscus-bush" }
        },
        "*": {
            "all": { "base": "block/plant/crop/{flower}" }
        }
    },
    "randomDrawOffset": true,
    "blockmaterialByType": {
        "*-free": "Plant",
        "*": "Snow"
    },
    "faceCullModeByType": {
        "*-free": "Default",
        "*": "MergeSnowLayer"
    },
    "sideopaqueByType": {
        "*-snow": {
            "all": false,
            "down": true
        },
        "*": { "all": false }
    },
    "sidesolid": {
        "all": false
    },
    "replaceable": 3000,
    "lightAbsorption": 0,
    "randomizeRotations": true,
    "resistance": 0.5,
    "collisionbox": null,
    "selectionboxByType": {
        "*": {
            "x1": 0.125,
            "y1": 0,
            "z1": 0.125,
            "x2": 0.875,
            "y2": 0.25,
            "z2": 0.875
        }
    },
    "guitransformByType": {
        "*-chamomile-*": {
            "rotation": {
                "x": 0,
                "y": 0,
                "z": 0
            },
            "origin": {
                "x": 0.5,
                "y": 0.45,
                "z": 0.5
            },
            "scale": 1.3
        }
    },
    "tpHandTransformByType": {
        "*": {
            "translation": {
                "x": -1,
                "y": -0.1,
                "z": -1
            },
            "rotation": {
                "x": 71,
                "y": 0,
                "z": -84
            },
            "origin": {
                "x": 0.5,
                "y": 0.1,
                "z": 0.5
            },
            "scale": 0.48
        }
    },
    "sounds": {
        "place": "game:block/plant",
        "break": "game:block/plant",
        "hit": "game:block/plant"
    },
    "materialDensity": 200,
    "frostable": true,
    "combustibleProps": {
        "burnTemperature": 600,
        "burnDuration": 10
    }
}