[
    {
        "op": "addeach",
        "path": "/selling/list/-",
        "value": [ 
            { "code": "justsoapandlye:woodash", "type": "item", "stacksize": 16, "stock": { "avg": 3, "var": 0.5 }, "price": { "avg": 2, "var": 0 } },
            { "code": "game:jug-blue-fired", "type": "block", "stacksize": 1, "stock": { "avg": 2, "var": 0.5 }, "price": { "avg": 2, "var": 0.5 },
              "attributes": {
                    "ucontents": [
                        {
                            "type": "item",
                            "code": "justsoapandlye:soapportion-lye",
                            "makefull": true
                        }
                    ]
              }},
            { "code": "game:jug-blue-fired", "type": "block", "stacksize": 1, "stock": { "avg": 2, "var": 0.5 }, "price": { "avg": 3, "var": 0.5 },
              "attributes": {
                    "ucontents": [
                        {
                            "type": "item",
                            "code": "justsoapandlye:soapportion-honey",
                            "makefull": true
                        }
                    ]
              }}
        ],
        "file": "game:config/tradelists/trader-commodities.json",
        "side": "Server"
    },
    {
        "op": "addeach",
        "path": "/buying/list/-",
        "value": [ 
            { "code": "justsoapandlye:soapbar-lye", "type": "item", "stacksize": 2, "stock": { "avg": 4, "var": 0.5 }, "price": { "avg": 1, "var": 0.25 } },
            { "code": "justsoapandlye:soapbar-honey", "type": "item", "stacksize": 2, "stock": { "avg": 4, "var": 0.5 }, "price": { "avg": 1, "var": 0.25 } }
        ],
        "file": "game:config/tradelists/trader-commodities.json",
        "side": "Server"
    }
]