{
	"enabled": true,
	"code": "bowl-large",
	"classByType": {
		"*-fired": "Block"
	},
	"classByType": {
		"*-fired": "Block",
	},
	"behaviorsByType": {
		"*-raw": [
			{ "name": "GroundStorable", "properties": { "layout": "SingleCenter" } },
			{ "name": "Unplaceable" },
			{ "name": "UnstableFalling" }, 
			{ "name": "RightClickPickup" }
		],
		"*": [
			{ "name": "UnstableFalling" }
		],
	},
	"variantgroups": [
		{ "code": "color", "states": [ "black", "blue", "brown", "cream", "fire", "gray", "orange", "red", "tan" ] },
		{ "code":"type", "states": ["raw", "fired"] },
	],
	"skipVariants": [
		"*-black-raw",
		"*-brown-raw",
		"*-cream-raw",
		"*-gray-raw",
		"*-orange-raw",
		"*-tan-raw"
	],
	"attributes": {
		"bowlContents": null,
		"shelvable": true,
		"onTongTransform": {
			"translation": { "x": -0.9, "y": -1.4, "z": -0.49 },
			"rotation": { "x": 45, "y": 86, "z": -67 },
			"scale": 0.9
		}
	},
	"attributesByType":{
		"bowl-large-blue-raw":{
			"beehivekiln":{
				"0": { "type": "block", "code": "bradycrudebuilding:bowl-large-cream-fired" },
				"1": { "type": "block", "code": "bradycrudebuilding:bowl-large-gray-fired" },
				"2": { "type": "block", "code": "bradycrudebuilding:bowl-large-black-fired" },
				"3": { "type": "block", "code": "bradycrudebuilding:bowl-large-black-fired" }
			}
		},
		"bowl-large-red-raw":{
			"beehivekiln":{
				"0": { "type": "block", "code": "bradycrudebuilding:bowl-large-tan-fired" },
				"1": { "type": "block", "code": "bradycrudebuilding:bowl-large-orange-fired" },
				"2": { "type": "block", "code": "bradycrudebuilding:bowl-large-red-fired" },
				"3": { "type": "block", "code": "bradycrudebuilding:bowl-large-brown-fired" }
			}
		},		
		"bowl-large-fire-raw":{
			"beehivekiln":{
				"0": { "type": "block", "code": "bradycrudebuilding:bowl-large-fire-fired" },
				"1": { "type": "block", "code": "bradycrudebuilding:bowl-large-fire-fired" },
				"2": { "type": "block", "code": "bradycrudebuilding:bowl-large-fire-fired" },
				"3": { "type": "block", "code": "bradycrudebuilding:bowl-large-fire-fired" }
			}
		}
	},
	"combustiblePropsByType": {
		"bowl-large-*-raw": {
			"meltingPoint": 650,
			"meltingDuration": 90,
			"smeltedRatio": 1,
			"smeltingType": "fire",
			"requiresContainer": false,
			"smeltedStackByType": {
				"bowl-large-blue-raw": { "type": "block", "code": "bradycrudebuilding:bowl-large-blue-fired" },
				"bowl-large-fire-raw": { "type": "block", "code": "bradycrudebuilding:bowl-large-fire-fired" },
				"bowl-large-red-raw": { "type": "block", "code": "bradycrudebuilding:bowl-large-red-fired" }
			}
		}
	},
	"shape": {
		"base": "block/clay/brazier/ground-empty"
	},
	"heldTpIdleAnimation": "holdbothhandslarge",
	"creativeinventory": { "bradysthings": ["*"], "decorative": ["*"], "general": ["*"] },
	"doNotRenderAtLod2": true,
	"blockmaterial": "Ceramic",
	"replaceable": 300,
	"liquidSelectable": 1,
	"resistance": 1.75,
	"maxStackSize": 8,
	"lightAbsorption": 0,
	"texturesByType": {
		"*-raw": {
			"all": { "base": "game:block/clay/{color}clay" }
		},
		"*-fired": {
			"all": { "base": "game:block/clay/hardened/{color}*" },
			"floor": { "base": "game:block/clay/hardened/{color}*", "overlays": [ "game:block/slightlydarker" ] }
		},
	},
	"sounds": {
		"walk": "game:walk/stone",
	},
	"sideSolidOpaqueAo": { "all": false },
	"collisionSelectionBoxes": [
		{ "x1": 0, "y1": 0, "z1": 0, "x2": 1, "y2": 0.25, "z2": 1 }
	],
	"guiTransform": {
		"translation": { "x": 0, "y": 3, "z": 0 },
		"origin": { "x": 0.5, "y": 0.0625, "z": 0.5 },
		"scale": 1.18
	},
	"groundTransform": {
		"scale": 1
	},
	"tpHandTransform": {
		"translation": { "x": -1.17, "y": -0.14, "z": -0.53 },
		"rotation": { "x": -80, "y": 1, "z": -104 },
		"origin": { "x": 0.5, "y": 0.1, "z": 0.5 },
		"scale": 0.50
	}
}