{
	"enabled": true,
	"code": "oilbrazier",
	"//comment1": "Damage a player when standing on top?",
	"//class": "BlockDamageOnTouch",
	"class": "BlockTorch",
	"entityClassByType": { "*-lit": "Torch" },
	"//entityBehaviors": [ { "name": "Burning" } ],
	"behaviors": [
		{ "name": "HeatSource", "properties": { "heatStrength": 10 } },
		{ "name": "Lockable" },
		{ "name": "UnstableFalling", "properties": { "ignorePlaceTest": true, "attachmentArea": { "x1": 5, "y1": 15, "z1": 5, "x2": 10, "y2": 16, "z2": 10 } } }
	],
	"variantgroups": [
		{ "code": "color", "states": [ "black", "blue", "brown", "cream", "fire", "gray", "orange", "red", "tan" ] },
		{ "code": "state", "states": ["extinct", "lit"] },
	],
	"shapeByType": {
		"*-extinct": { "base": "block/clay/brazier/ground-extinct" },
		"*-lit": { "base": "block/clay/brazier/ground-lit" }
	},
	"textures": {
		"all": { "base": "game:block/clay/hardened/{color}*" },
		"mato": { "base": "game:block/clay/hardened/{color}*", "overlays": [ "game:block/slightlydarker" ] },
		"content": { "base": "game:block/fire" },
		"lard": { "base": "item/resource/fat" }
	},
	"attributes": {
		"reinforcable": true,
		"attachmentAreas": {
			"down": { "x1": 5, "y1": 0, "z1": 5, "x2": 10, "y2": 0, "z2": 10 },
			"north": { "x1": 7, "y1": 6, "z1": 15, "x2": 8, "y2": 7, "z2": 15, "rotateY": 180 },
			"east": { "x1": 7, "y1": 6, "z1": 15, "x2": 8, "y2": 7, "z2": 15, "rotateY": 270 },
			"south": { "x1": 7, "y1": 6, "z1": 15, "x2": 8, "y2": 7, "z2": 15, "rotateY": 0 },
			"west": { "x1": 7, "y1": 6, "z1": 15, "x2": 8, "y2": 7, "z2": 15, "rotateY": 90 }
		}
	},
	"doNotRenderAtLod2": true,
	"sideSolidOpaqueAo": { "all": false },
	"sounds": {
		"place": "game:player/build"
	},
	"heldTpIdleAnimation": "holdbothhandslarge",
	"creativeinventory": { "bradysthings": ["*"], "decorative": ["*"], "general": ["*"] },
	"replaceable": 5001,
	"resistance": 1,
	"maxStackSize": 1,
	"lightAbsorption": 0,
	"lightHsvByType": {
		"*-lit": [ 4, 2, 42 ]
	},
	"particlePropertiesByType": {
		"*-lit": [
			{
				"hsvaColor": [
					{ "avg": 20, "var": 20 },
					{ "avg": 255, "var": 50 },
					{ "avg": 255, "var": 50 },
					{ "avg": 255, "var": 0 }
				],
				"gravityEffect": { "avg": 0, "var": 0 },
				"posOffset": [
					{ "avg": 0, "var": 0.1 },
					{ "avg": 0, "var": 0 },
					{ "avg": 0, "var": 0.1 }
				],
				"velocity": [
					{ "avg": 0, "var": 0.025 },
					{ "avg": 0.1, "var": 0.1 },
					{ "avg": 0, "var": 0.025 }
				],
				"quantity": { "avg": 0.115 },
				"size": { "avg": 0.75, "var": 0 },
				"sizeEvolve": { "transform": "quadratic", "factor": -0.7 },
				"lifeLength": { "avg": 1.5 },
				"vertexFlags": 128
			},
			{
				"hsvaColor": [
					{ "avg": 0, "var": 0 },
					{ "avg": 0, "var": 0 },
					{ "avg": 40, "var": 30 },
					{ "avg": 220, "var": 50 }
				],
				"opacityEvolve": { "transform": "quadratic", "factor": -16 },
				"gravityEffect": { "avg": 0, "var": 0 },
				"posOffset": [
					{ "avg": 0, "var": 0.1 },
					{ "avg": 0, "var": 0 },
					{ "avg": 0, "var": 0.1 }
				],
				"velocity": [
					{ "avg": 0, "var": 0.025 },
					{ "avg": 0.05, "var": 0.1 },
					{ "avg": 0, "var": 0.025 }
				],
				"quantity": { "avg": 0.05 },
				"size": { "avg": 0.5625, "var": 0.05 },
				"sizeEvolve": { "transform": "linear", "factor": 0.5 },
				"particleModel": "Quad"
			}
		]
	},
	"collisionSelectionBoxes": [
		{ "x1": 0, "y1": 0, "z1": 0, "x2": 1, "y2": 0.25, "z2": 1 }
	],
	"blockmaterial": "Ceramic",
	"guiTransform": {
		"translation": { "x": 0, "y": 3, "z": 0 },
		"origin": { "x": 0.5, "y": 0.0625, "z": 0.5 },
		"scale": 1.18
	},
	"groundTransform": {
		"scale": 1
	},
	"tpHandTransform": {
		"translation": { "x": -1.17, "y": -0.14, "z": -0.53 },
		"rotation": { "x": -80, "y": 1, "z": -104 },
		"origin": { "x": 0.5, "y": 0.1, "z": 0.5 },
		"scale": 0.50
	},
	"rainPermeable": true,
	"materialDensity": 600
}