[
    {
        "op": "replace",
        "path": "/guiTransformByType",
        "value": {
		"bladehead-short-iron": {
			translation: { x: 0, y: 0, z: 0 },
			rotation: { x: -89, y: 47, z: 34 },
			origin: { x: 0.72, y: 0, z: 0.43 },
			scale: 2.27
		},
		"bladehead-falx-*": {
                translation: { x: 5, y: 5, z: 0 },
                rotation: { x: -53, y: 118, z: -5 },
                origin: { x: 0.65, y: 0.1, z: 0.37 },
                scale: 1.65
		}
        },
        "file": "game:itemtypes/toolhead/bladehead.json"
    },
    {
        "op": "replace",
        "path": "/texturesByType",
        "value": {
		"bladehead-falx-*": {
			"handguard": { base: "block/transparent" },
			"handle": { base: "block/transparent" },
			"rivet": { base: "block/transparent" },
			"cloth": { base: "block/transparent" },
			"string": { base: "block/transparent" },
			"longstiches": { base: "block/transparent" },
		},
		"bladehead-short-iron": {
			"metal": { base: "block/transparent" },
			"handle": { base: "block/transparent" },
			"iron": { base: "block/metal/ingot/{metal}" }
		}
        },
        "file": "game:itemtypes/toolhead/bladehead.json"
    }
]