[
	{
		"file": "game:itemtypes/toolhead/hammerhead.json",
		"op": "addmerge",
		"path": "/textures",
		"value": {
		"string": { base: "block/transparent" },
		"handle": { base: "block/transparent" }
		}
	},
	{
		"file": "game:itemtypes/toolhead/hammerhead.json",
		"op": "addmerge",
		"path": "/shapeByType",
		"value": {
		"hammerhead-bismuthbronze": { base: "item/tool/hammer-bronze" },
		"hammerhead-tinbronze": { base: "item/tool/hammer-bronze" },
		"hammerhead-blackbronze": { base: "item/tool/hammer-bronze" },
		"hammerhead-gold": { base: "item/tool/hammer-iron" },
		"hammerhead-silver": { base: "item/tool/hammer-iron" },
		"hammerhead-iron": { base: "item/tool/hammer-iron" },
		"hammerhead-meteoriciron": { base: "item/tool/hammer-iron" },
		"hammerhead-steel": { base: "item/tool/hammer-iron" }
		}
	}
]