[
	{
		"file": "game:itemtypes/toolhead/pickaxehead.json",
		"op": "addmerge",
		"path": "/shapeByType",
		"value": {
		"pickaxehead-bismuthbronze": { base: "item/tool/pickaxe-bronze" },
		"pickaxehead-tinbronze": { base: "item/tool/pickaxe-bronze" },
		"pickaxehead-blackbronze": { base: "item/tool/pickaxe-bronze" },
		"pickaxehead-gold": { base: "item/tool/pickaxe-iron" },
		"pickaxehead-silver": { base: "item/tool/pickaxe-iron" },
		"pickaxehead-iron": { base: "item/tool/pickaxe-iron" },
		"pickaxehead-meteoriciron": { base: "item/tool/pickaxe-iron" },
		"pickaxehead-steel": { base: "item/tool/pickaxe-iron" }
		}
	}
]