[
	{
		"file": "game:itemtypes/toolhead/scythehead.json",
		"op": "addmerge",
		"path": "/shapeByType",
		"value": {
		"scythehead-bismuthbronze": { base: "item/tool/scythe-bronze" },
		"scythehead-tinbronze": { base: "item/tool/scythe-bronze" },
		"scythehead-blackbronze": { base: "item/tool/scythe-bronze" },
		"scythehead-gold": { base: "item/tool/scythe-iron" },
		"scythehead-silver": { base: "item/tool/scythe-iron" },
		"scythehead-iron": { base: "item/tool/scythe-iron" },
		"scythehead-meteoriciron": { base: "item/tool/scythe-iron" },
		"scythehead-steel": { base: "item/tool/scythe-iron" }
		}
	}
]