[
    {
        "file": "game:blocktypes/plant/fruittreebranch.json",
        "op": "addmerge",
        "path": "/attributes/worldgen",
        "value": [
            { "type": "shea", "mintemp": 22, "maxtemp": 50, "minrain": 0.3, "maxrain": 0.5 }
        ]
    },
    {
        "file": "game:blocktypes/plant/fruittreebranch.json",
        "op": "addmerge",
        "path": "/attributes/shapes",
        "value": {
            "fruit-shea": { "base": "block/plant/fruittree/fruit-shea" }
        }
    },
    {
        "file": "game:blocktypes/plant/fruittreebranch.json",
        "op": "addmerge",
        "path": "/attributes/fruittreeProperties",
        "value": {
            "shea": {
				"cycleType": "Evergreen",
				"floweringDays": { "avg": 4.5, "var": 1.5 },
				"fruitingDays": { "dist": "strongerinvexp", "avg": 40, "var": 12 },
				"ripeDays": { "dist": "strongerinvexp", "avg": 24, "var": 10 },
				"growthStepDays": { "dist": "verynarrowgaussian", "avg": 5, "var": 1 },
				"fruitStacks": [
					{ "type": "item", "code": "soaplyeandbloom:shea-fruit", "quantity": { "dist": "strongerinvexp", "avg": 6, "var": 4 } }
				],
				"looseLeavesBelowTemp": { "dist": "strongerinvexp", "avg": 0, "var": -4 },
				"blossomAtYearRel": { "dist": "strongerinvexp", "avg": 0.3, "var": 0.1 },
				"dieBelowTemp": { "dist": "strongerinvexp", "avg": 7, "var": -5 },
				"cuttingRootingChance": 0.4,
				"cuttingGraftChance": 0.6
			}
        }
    },
    {
        "file": "game:blocktypes/plant/fruittreebranch.json",
        "op": "addmerge",
        "path": "/creativeinventoryStacksByType/*-branch/0/stacks/-",
        "value": { "type": "block", "code": "fruittree-cutting", "attributes": { "type": "shea" } }
    },
    {
        "file": "game:blocktypes/plant/fruittreebranch.json",
        "op": "addmerge",
        "path": "/creativeinventoryStacksByType/*-branch/-",
        "value": { 
            "tabs": [ "soaplyeandbloom" ],
			"stacks": [ { "type": "block", "code": "fruittree-cutting", "attributes": { "type": "shea" } } ]
        }
    }
]