[
    {
        "file": "game:blocktypes/wood/woodtyped/log.json",
        "op": "replace",
        "path": "/combustiblePropsByType",
        "value": {
            "log-*-birch-*": {
                "burnTemperature": 800,
                "burnDuration": 78,
                "meltingPoint": 350,
                "meltingDuration": 20,
                "smeltingType": "convert",
                "smeltedStack": { "type": "item", "code": "soaplyeandbloom:woodash", "stacksize": 2 },
                "requiresContainer": false
            },
            "log-*-oak-*": {
                "burnTemperature": 800,
                "burnDuration": 98,
                "meltingPoint": 350,
                "meltingDuration": 20,
                "smeltingType": "convert",
                "smeltedStack": { "type": "item", "code": "soaplyeandbloom:woodash", "stacksize": 2 },
                "requiresContainer": false
            },
            "log-*-ebony-*": {
                "burnTemperature": 800,
                "burnDuration": 110,
                "meltingPoint": 350,
                "meltingDuration": 10,
                "smeltingType": "convert",
                "smeltedStack": { "type": "item", "code": "soaplyeandbloom:woodash", "stacksize": 1 },
                "requiresContainer": false
            },
            "log-*-acacia-*": {
                "burnTemperature": 800,
                "burnDuration": 89,
                "meltingPoint": 350,
                "meltingDuration": 10,
                "smeltingType": "convert",
                "smeltedStack": { "type": "item", "code": "soaplyeandbloom:woodash", "stacksize": 1 },
                "requiresContainer": false
            },
            "log-*-kapok-*": {
                "burnTemperature": 800,
                "burnDuration": 47,
                "meltingPoint": 350,
                "meltingDuration": 10,
                "smeltingType": "convert",
                "smeltedStack": { "type": "item", "code": "soaplyeandbloom:woodash", "stacksize": 1 },
                "requiresContainer": false
            },
            "log-*-redwood-*": {
                "burnTemperature": 800,
                "burnDuration": 72,
                "meltingPoint": 350,
                "meltingDuration": 10,
                "smeltingType": "convert",
                "smeltedStack": { "type": "item", "code": "soaplyeandbloom:woodash", "stacksize": 1 },
                "requiresContainer": false
            },
            "log-*-pine-*": {
                "burnTemperature": 800,
                "burnDuration": 72,
                "meltingPoint": 350,
                "meltingDuration": 10,
                "smeltingType": "convert",
                "smeltedStack": { "type": "item", "code": "soaplyeandbloom:woodash", "stacksize": 1 },
                "requiresContainer": false
            }
        }
    },
    {
        "file": "game:blocktypes/wood/woodtyped/log.json",
        "op": "addmerge",
        "path": "/combustiblePropsByType",
        "value": {
            "log-*-maple-*": {
                "burnTemperature": 800,
                "burnDuration": 86,
                "meltingPoint": 350,
                "meltingDuration": 20,
                "smeltingType": "convert",
                "smeltedStack": { "type": "item", "code": "soaplyeandbloom:woodash", "stacksize": 2 },
                "requiresContainer": false
            },
            "log-*-walnut-*": {
                "burnTemperature": 800,
                "burnDuration": 76,
                "meltingPoint": 350,
                "meltingDuration": 20,
                "smeltingType": "convert",
                "smeltedStack": { "type": "item", "code": "soaplyeandbloom:woodash", "stacksize": 2 },
                "requiresContainer": false
            },
            "*": {
                "burnTemperature": 800,
                "burnDuration": 72,
                "meltingPoint": 350,
                "meltingDuration": 10,
                "smeltingType": "convert",
                "smeltedStack": { "type": "item", "code": "soaplyeandbloom:woodash", "stacksize": 1 },
                "requiresContainer": false
            }
        }
    },
    {
        "file": "game:blocktypes/wood/woodtyped/log-section.json",
        "op": "replace",
        "path": "/combustiblePropsByType/*-redwood-*",
        "value": {
                "meltingPoint": 350,
                "meltingDuration": 10,
                "smeltingType": "convert",
                "smeltedStack": { "type": "item", "code": "soaplyeandbloom:woodash", "stacksize": 1 },
                "requiresContainer": false
        }
    }
]