[
    {
        "file": "game:blocktypes/wood/trough-large.json",
        "op": "addmerge",
        "path": "/attributes/contentConfig",
        "value": [
            {
                "code": "soaplyeandbloomfruitmash",
                "content": {
                    "type": "item",
                    "code": "soaplyeandbloom:pressedmash-*"
                },
                "quantityPerFillLevel": 2,
                "maxFillLevels": 8,
                "shapesPerFillLevel": [ "block/wood/trough/large/grainfill1", "block/wood/trough/large/grainfill1", "block/wood/trough/large/grainfill2", "block/wood/trough/large/grainfill2", "block/wood/trough/large/grainfill3", "block/wood/trough/large/grainfill3", "block/wood/trough/large/grainfill4", "block/wood/trough/large/grainfill4" ],
                "textureCode": "*"
            }
        ]
    },
    {
        "file": "game:blocktypes/wood/trough-large.json",
        "op": "addmerge",
        "path": "/textures",
        "value": {
            "contents-soaplyeandbloom:pressedmash-chamomile": {
                "base": "game:block/food/pie/fill-cabbage",
                "overlays": [ "game:block/wood/trough/large/shadow" ]
            },
            "contents-soaplyeandbloom:pressedmash-hibiscus": {
                "base": "game:block/food/pie/fill-saguaro",
                "overlays": [ "game:block/wood/trough/large/shadow" ]
            },
            "contents-soaplyeandbloom:pressedmash-lavender": {
                "base": "game:item/resource/lavendermash",
                "overlays": [ "game:block/wood/trough/large/shadow" ]
            },
            "contents-soaplyeandbloom:pressedmash-calendula": {
                "base": "game:block/food/pie/fill-orange",
                "overlays": [ "game:block/wood/trough/large/shadow" ]
            },
            "contents-soaplyeandbloom:pressedmash-mint": {
                "base": "game:item/resource/mintmash",
                "overlays": [ "game:block/wood/trough/large/shadow" ]
            }
        }
    }
]