[
    {
        "op": "addeach",
        "path": "/selling/list/-",
        "value": [ 
            { "code": "soaplyeandbloom:herb-hibiscus-dried", "type": "item", "stacksize": 10, "stock": { "avg": 5, "var": 0.5 }, "price": { "avg": 3, "var": 0.25 } },
            { "code": "soaplyeandbloom:poultice-chamomile-linen-horsetail", "type": "item", "stacksize": 2, "stock": { "avg": 2, "var": 0.5 }, "price": { "avg": 2, "var": 0.25 } },
            { "code": "soaplyeandbloom:poultice-lavender-linen-honey-sulfur", "type": "item", "stacksize": 1, "stock": { "avg": 2, "var": 0.5 }, "price": { "avg": 4, "var": 0.25 } },
            { "code": "soaplyeandbloom:poultice-calendula-linen-horsetail", "type": "item", "stacksize": 1, "stock": { "avg": 2, "var": 0.5 }, "price": { "avg": 3, "var": 0.25 } }
        ],
        "file": "game:config/tradelists/trader-survivalgoods.json",
        "side": "Server"
    }
]