[
    {
        "op": "addeach",
        "path": "/buying/list/-",
        "value": [ 
            { "code": "soaplyeandbloom:poultice-lavender-linen-honey-sulfur", "type": "item", "stacksize": 1, "stock": { "avg": 2, "var": 0.5 }, "price": { "avg": 3, "var": 0.25 } },
            { "code": "soaplyeandbloom:poultice-lavender-linen-horsetail", "type": "item", "stacksize": 1, "stock": { "avg": 2, "var": 0.5 }, "price": { "avg": 2, "var": 0.25 } },
            { "code": "soaplyeandbloom:poultice-calendula-linen-horsetail", "type": "item", "stacksize": 1, "stock": { "avg": 2, "var": 0.5 }, "price": { "avg": 2, "var": 0.25 } }
        ],
        "file": "game:config/tradelists/trader-buildmaterials.json",
        "side": "Server"
    }
]