[
    {
        "op": "addeach",
        "path": "/selling/list/-",
        "value": [ 
            { "code": "soaplyeandbloom:seeds-chamomile", "type": "item", "stacksize": 4, "stock": { "avg": 4, "var": 0.5 }, "price": { "avg": 4, "var": 1 } },
            { "code": "soaplyeandbloom:seeds-hibiscus", "type": "item", "stacksize": 2, "stock": { "avg": 3, "var": 0.5 }, "price": { "avg": 6, "var": 1 } }
        ],
        "file": "game:config/tradelists/trader-agriculture.json",
        "side": "Server"
    },
    {
        "op": "addeach",
        "path": "/buying/list/-",
        "value": [ 
            { "code": "soaplyeandbloom:flower-chamomile-fresh", "type": "item", "stacksize": 12, "stock": { "avg": 4, "var": 0.5 }, "price": { "avg": 2, "var": 0.25 } },
            { "code": "soaplyeandbloom:flower-lavender-fresh", "type": "item", "stacksize": 8, "stock": { "avg": 3, "var": 0.5 }, "price": { "avg": 2, "var": 0.25 } }
        ],
        "file": "game:config/tradelists/trader-agriculture.json",
        "side": "Server"
    }
]