[
    {
        "op": "addeach",
        "path": "/buying/list/-",
        "value": [ 
            { "code": "soaplyeandbloom:poultice-chamomile-linen-honey-sulfur", "type": "item", "stacksize": 1, "stock": { "avg": 2, "var": 0.5 }, "price": { "avg": 1, "var": 0.25 } },
            { "code": "soaplyeandbloom:poultice-calendula-linen-horsetail", "type": "item", "stacksize": 1, "stock": { "avg": 2, "var": 0.5 }, "price": { "avg": 2, "var": 0.25 } },
            { "code": "soaplyeandbloom:soapbar-chamomile", "type": "item", "stacksize": 1, "stock": { "avg": 3, "var": 0.5 }, "price": { "avg": 1, "var": 0.25 } },
            { "code": "soaplyeandbloom:soapbar-calendula", "type": "item", "stacksize": 1, "stock": { "avg": 3, "var": 0.5 }, "price": { "avg": 1, "var": 0.25 } },
        ],
        "file": "game:config/tradelists/trader-clothing.json",
        "side": "Server"
    },
    {
        "op": "addeach",
        "path": "/buying/list/-",
        "value": [ 
            { "code": "game:jug-blue-fired", "type": "block", "stacksize": 1, "stock": { "avg": 2, "var": 0.5 }, "price": { "avg": 2, "var": 0.5 },
              "attributes": {
                    "ucontents": [
                        {
                            "type": "item",
                            "code": "soaplyeandbloom:soapportion-honey",
                            "makefull": true
                        }
                    ]
              }},
            { "code": "game:jug-blue-fired", "type": "block", "stacksize": 1, "stock": { "avg": 3, "var": 1.5 }, "price": { "avg": 3, "var": 0.5 },
              "attributes": {
                    "ucontents": [
                        {
                            "type": "item",
                            "code": "soaplyeandbloom:soapportion-calendula",
                            "makefull": true
                        }
                    ]
              }}
        ],
        "file": "game:config/tradelists/trader-clothing.json",
        "side": "Server",
        "dependsOn": [ { "modid": "aculinaryartillery", "invert": true } ]
    }
]