[
    {
        "op": "addmerge",
        "file": "game:recipes/cooking/vegetablestew.json",
        "path": "/ingredients/0/validStacks",
        "value": [
            { "type": "item", "code": "soaplyeandbloom:herb-*-fresh", "shapeElement": "bowl/vegetable 1/*" }
        ],
        "side": "server"
    },
    {
        "op": "addmerge",
        "file": "game:recipes/cooking/vegetablestew.json",
        "path": "/ingredients/1/validStacks",
        "value": [
            { "type": "item", "code": "soaplyeandbloom:herb-*-fresh", "shapeElement": "bowl/vegetable 2/*" }
        ],
        "side": "server"
    },
    {
        "op": "addmerge",
        "file": "game:recipes/cooking/vegetablestew.json",
        "path": "/ingredients/2/validStacks",
        "value": [
            { "type": "item", "code": "soaplyeandbloom:herb-*-fresh", "shapeElement": "bowl/vegetable 3/*" }
        ],
        "side": "server"
    },
    {
        "op": "addmerge",
        "file": "game:recipes/cooking/vegetablestew.json",
        "path": "/ingredients/3/validStacks",
        "value": [
            { "type": "item", "code": "soaplyeandbloom:herb-*-fresh", "shapeElement": "bowl/vegetable 4/*" }
        ],
        "side": "server"
    },
    {
        "op": "addmerge",
        "file": "game:recipes/cooking/soup.json",
        "path": "/ingredients/1/validStacks",
        "value": [
            { "type": "item", "code": "soaplyeandbloom:herb-*-fresh", "shapeElement": "bowl/vegetable 1/*" }
        ],
        "side": "server"
    },
    {
        "op": "addmerge",
        "file": "game:recipes/cooking/soup.json",
        "path": "/ingredients/2/validStacks",
        "value": [
            { "type": "item", "code": "soaplyeandbloom:herb-*-fresh", "shapeElement": "bowl/vegetable 2/*" }
        ],
        "side": "server"
    },
    {
        "op": "addmerge",
        "file": "game:recipes/cooking/soup.json",
        "path": "/ingredients/3/validStacks",
        "value": [
            { "type": "item", "code": "soaplyeandbloom:herb-*-fresh", "shapeElement": "bowl/vegetable 3/*" }
        ],
        "side": "server"
    },
    {
        "op": "addmerge",
        "file": "game:recipes/cooking/meatystew.json",
        "path": "/ingredients/4/validStacks",
        "value": [
            { "type": "item", "code": "soaplyeandbloom:herb-*-fresh", "shapeElement": "bowl/vegetable 1/*" }
        ],
        "side": "server"
    },
    {
        "op": "addmerge",
        "file": "game:recipes/cooking/meatystew.json",
        "path": "/ingredients/5/validStacks",
        "value": [
            { "type": "item", "code": "soaplyeandbloom:herb-*-fresh", "shapeElement": "bowl/vegetable 2/*" }
        ],
        "side": "server"
    }
]
