[
    {
        "op": "replace",
        "path": "/entityClassByType",
        "value": {
            "*-populated-*": "BEBuzzyBeehive"
        },
        "file": "game:blocktypes/reed/skep.json",
        "side": "Server",
        "dependsOn": [ { "modid": "fromgoldencombs", "invert": true } ]
    },
    {
        "op": "replace",
        "path": "/entityClass",
        "value": "BEBuzzyBeehive",
        "file": "game:blocktypes/wax/wildbeehive.json",
        "side": "Server"
    },
    {
        "op": "replace",
        "path": "/entityClass",
        "value": "BEBuzzyBeehive",
        "file": "game:blocktypes/wax/wildbeehive-inlog.json",
        "side": "Server"
    }
]