{
	"editor": {
		"allAngles": false,
		"entityTextureMode": false
	},
	"textureWidth": 16,
	"textureHeight": 16,
	"textureSizes": {
		"Core": [16,16]
	},
	"textures": {
		"Core": "game:block/clay/oven/base2"
	},
	"elements": [
		{
			"name": "Cube1",
			"from": [ 2.5, 0.0, 1.5 ],
			"to": [ 13.5, 1.0, 14.5 ],
			"rotationOrigin": [ -3.0, 0.0, -3.0 ],
			"faces": {
				"north": { "texture": "#Core", "uv": [ 2.5, 9.0, 13.5, 10.0 ] },
				"east": { "texture": "#Core", "uv": [ 1.5, 11.0, 14.5, 12.0 ] },
				"south": { "texture": "#Core", "uv": [ 1.5, 13.0, 12.5, 14.0 ] },
				"west": { "texture": "#Core", "uv": [ 2.5, 8.5, 15.5, 9.5 ] },
				"up": { "texture": "#Core", "uv": [ 2.5, 1.5, 13.5, 14.5 ], "windMode": [-1,-1,-1,-1] },
				"down": { "texture": "#Core", "uv": [ 1.5, 2.5, 12.5, 15.5 ] }
			},
			"children": [
				{
					"name": "Rotation Point",
					"from": [ 0.0, 1.0, 0.0 ],
					"to": [ 0.0, 1.0, 0.0 ],
					"rotationOrigin": [ 6.5, 1.0, 6.5 ],
					"rotationY": 90.0,
					"faces": {
						"north": { "texture": "#Core", "uv": [ 7.0, 12.0, 7.5, 12.5 ] },
						"east": { "texture": "#Core", "uv": [ 0.0, 8.5, 0.5, 9.0 ] },
						"south": { "texture": "#Core", "uv": [ 12.5, 14.5, 13.0, 15.0 ] },
						"west": { "texture": "#Core", "uv": [ 5.5, 7.5, 6.0, 8.0 ] },
						"up": { "texture": "#Core", "uv": [ 12.5, 8.0, 13.0, 8.5 ] },
						"down": { "texture": "#Core", "uv": [ 13.0, 11.5, 13.5, 12.0 ] }
					},
					"children": [
						{
							"name": "Cube2",
							"from": [ 0.0, 0.0, 0.0 ],
							"to": [ 13.0, 6.0, 1.0 ],
							"faces": {
								"north": { "texture": "#Core", "uv": [ 1.5, 4.5, 14.5, 10.5 ] },
								"east": { "texture": "#Core", "uv": [ 6.0, 4.0, 7.0, 10.0 ] },
								"south": { "texture": "#Core", "uv": [ 2.0, 1.5, 15.0, 7.5 ] },
								"west": { "texture": "#Core", "uv": [ 5.5, 4.0, 6.5, 10.0 ] },
								"up": { "texture": "#Core", "uv": [ 2.5, 9.0, 15.5, 10.0 ] }
							}
						},
						{
							"name": "Cube6",
							"from": [ 0.1, 0.0, 5.0 ],
							"to": [ 12.9, 5.9, 6.0 ],
							"rotationOrigin": [ 0.0, 0.0, 5.0 ],
							"faces": {
								"north": { "texture": "#Core", "uv": [ 1.0, 6.0, 13.5, 11.5 ] },
								"east": { "texture": "#Core", "uv": [ 9.0, 3.5, 10.0, 9.0 ] },
								"south": { "texture": "#Core", "uv": [ 2.0, 5.0, 14.5, 10.5 ] },
								"west": { "texture": "#Core", "uv": [ 14.5, 1.0, 15.5, 6.5 ] },
								"up": { "texture": "#Core", "uv": [ 0.0, 9.5, 12.5, 10.5 ] }
							}
						},
						{
							"name": "Cube7",
							"from": [ 0.0, 0.0, 10.0 ],
							"to": [ 13.0, 6.0, 11.0 ],
							"rotationOrigin": [ 0.0, 0.0, 10.0 ],
							"faces": {
								"north": { "texture": "#Core", "uv": [ 1.0, 5.5, 14.0, 11.5 ] },
								"east": { "texture": "#Core", "uv": [ 11.5, 5.0, 12.5, 11.0 ] },
								"south": { "texture": "#Core", "uv": [ 0.5, 2.0, 13.5, 8.0 ] },
								"west": { "texture": "#Core", "uv": [ 3.0, 5.5, 4.0, 11.5 ] },
								"up": { "texture": "#Core", "uv": [ 1.5, 4.0, 14.5, 5.0 ] }
							}
						},
						{
							"name": "Cube15",
							"from": [ 12.0, 0.0, 1.0 ],
							"to": [ 13.0, 6.0, 10.0 ],
							"rotationOrigin": [ 12.0, 0.0, 1.0 ],
							"faces": {
								"east": { "texture": "#Core", "uv": [ 5.5, 4.5, 14.5, 10.5 ] },
								"west": { "texture": "#Core", "uv": [ 3.5, 5.0, 12.5, 11.0 ] },
								"up": { "texture": "#Core", "uv": [ 6.0, 5.5, 7.0, 14.5 ] }
							}
						},
						{
							"name": "Cube16",
							"from": [ 9.0, 0.0, 1.0 ],
							"to": [ 10.0, 6.0, 10.0 ],
							"rotationOrigin": [ 9.0, 0.0, 1.0 ],
							"faces": {
								"north": { "texture": "#Core", "uv": [ 1.5, 2.0, 2.5, 8.0 ] },
								"east": { "texture": "#Core", "uv": [ 6.5, 6.0, 15.5, 12.0 ] },
								"south": { "texture": "#Core", "uv": [ 0.5, 0.5, 1.5, 6.5 ] },
								"west": { "texture": "#Core", "uv": [ 7.0, 4.0, 16.0, 10.0 ] },
								"up": { "texture": "#Core", "uv": [ 3.0, 6.0, 4.0, 15.0 ] }
							}
						},
						{
							"name": "Cube20",
							"from": [ 0.0, 0.0, 1.0 ],
							"to": [ 1.0, 6.0, 10.0 ],
							"rotationOrigin": [ 0.0, 0.0, 1.0 ],
							"faces": {
								"north": { "texture": "#Core", "uv": [ 1.5, 2.0, 2.5, 8.0 ] },
								"east": { "texture": "#Core", "uv": [ 6.0, 6.0, 15.0, 12.0 ] },
								"south": { "texture": "#Core", "uv": [ 1.0, 2.0, 2.0, 8.0 ] },
								"west": { "texture": "#Core", "uv": [ 5.5, 4.0, 14.5, 10.0 ] },
								"up": { "texture": "#Core", "uv": [ 2.0, 6.0, 3.0, 15.0 ] }
							}
						},
						{
							"name": "Cube28",
							"from": [ 6.0, 0.0, 1.0 ],
							"to": [ 7.0, 6.0, 10.0 ],
							"rotationOrigin": [ 6.0, 0.0, 1.0 ],
							"faces": {
								"north": { "texture": "#Core", "uv": [ 1.5, 2.0, 2.5, 8.0 ] },
								"east": { "texture": "#Core", "uv": [ 6.5, 6.0, 15.5, 12.0 ] },
								"south": { "texture": "#Core", "uv": [ 0.5, 0.5, 1.5, 6.5 ] },
								"west": { "texture": "#Core", "uv": [ 7.0, 4.0, 16.0, 10.0 ] },
								"up": { "texture": "#Core", "uv": [ 3.0, 6.0, 4.0, 15.0 ] }
							}
						},
						{
							"name": "Cube29",
							"from": [ 3.0, 0.0, 1.0 ],
							"to": [ 4.0, 6.0, 10.0 ],
							"rotationOrigin": [ 3.0, 0.0, 1.0 ],
							"faces": {
								"north": { "texture": "#Core", "uv": [ 1.5, 2.0, 2.5, 8.0 ] },
								"east": { "texture": "#Core", "uv": [ 6.5, 6.0, 15.5, 12.0 ] },
								"south": { "texture": "#Core", "uv": [ 0.5, 0.5, 1.5, 6.5 ] },
								"west": { "texture": "#Core", "uv": [ 7.0, 4.0, 16.0, 10.0 ] },
								"up": { "texture": "#Core", "uv": [ 3.0, 6.0, 4.0, 15.0 ] }
							}
						}
					]
				}
			]
		}
	]}