{
	"editor": {
		"allAngles": false,
		"entityTextureMode": false
	},
	"textureWidth": 16,
	"textureHeight": 16,
	"textureSizes": {
	},
	"textures": {
		"other": "game:block/clay/ceramic",
		"floor": "game:block/clay/ceramic-dark"
	},
	"elements": [
		{
			"name": "Cube1",
			"from": [ 1.0, 0.0, 1.0 ],
			"to": [ 15.0, 1.0, 15.0 ],
			"rotationOrigin": [ -4.0, 0.0, -3.0 ],
			"faces": {
				"up": { "texture": "#floor", "uv": [ 1.0, 1.0, 15.0, 15.0 ] },
				"down": { "texture": "#other", "uv": [ 1.0, 1.0, 15.0, 15.0 ] }
			},
			"children": [
				{
					"name": "Cube2",
					"from": [ 1.0, 0.0, 0.0 ],
					"to": [ 13.0, 2.0, 1.0 ],
					"rotationOrigin": [ 1.0, 0.0, 3.0 ],
					"faces": {
						"north": { "texture": "#other", "uv": [ 0.0, 4.0, 12.0, 6.0 ] },
						"south": { "texture": "#other", "uv": [ 3.0, 4.0, 15.0, 6.0 ] },
						"up": { "texture": "#other", "uv": [ 0.0, 1.0, 12.0, 2.0 ] },
						"down": { "texture": "#other", "uv": [ 3.5, 1.0, 15.5, 2.0 ] }
					}
				},
				{
					"name": "Cube3",
					"from": [ 1.0, 0.0, 13.0 ],
					"to": [ 13.0, 2.0, 14.0 ],
					"rotationOrigin": [ 1.0, 0.0, 4.0 ],
					"faces": {
						"north": { "texture": "#other", "uv": [ 0.0, 2.0, 12.0, 4.0 ] },
						"south": { "texture": "#other", "uv": [ 3.0, 2.0, 15.0, 4.0 ] },
						"up": { "texture": "#other", "uv": [ 0.0, 0.0, 12.0, 1.0 ] },
						"down": { "texture": "#other", "uv": [ 3.5, 0.0, 15.5, 1.0 ] }
					}
				},
				{
					"name": "Cube4",
					"from": [ 0.0, 0.0, 0.0 ],
					"to": [ 1.0, 2.0, 14.0 ],
					"rotationOrigin": [ 4.0, 0.0, 3.0 ],
					"faces": {
						"north": { "texture": "#other", "uv": [ 0.0, 14.0, 1.0, 16.0 ] },
						"east": { "texture": "#other", "uv": [ 1.5, 14.0, 15.5, 16.0 ] },
						"south": { "texture": "#other", "uv": [ 4.0, 12.0, 6.0, 14.0 ], "autoUv": false },
						"west": { "texture": "#other", "uv": [ 1.5, 13.5, 15.5, 15.5 ], "autoUv": false },
						"up": { "texture": "#other", "uv": [ 0.0, 1.0, 1.0, 15.0 ] },
						"down": { "texture": "#other", "uv": [ 4.0, 0.0, 5.0, 14.0 ] }
					}
				},
				{
					"name": "Cube5",
					"from": [ 13.0, 0.0, 0.0 ],
					"to": [ 14.0, 2.0, 14.0 ],
					"rotationOrigin": [ 7.0, 0.0, 3.0 ],
					"faces": {
						"north": { "texture": "#other", "uv": [ 4.0, 9.0, 5.0, 11.0 ] },
						"east": { "texture": "#other", "uv": [ 2.0, 14.0, 16.0, 16.0 ] },
						"south": { "texture": "#other", "uv": [ 4.0, 12.0, 6.0, 14.0 ], "autoUv": false },
						"west": { "texture": "#other", "uv": [ 2.0, 14.0, 16.0, 16.0 ], "autoUv": false },
						"up": { "texture": "#other", "uv": [ 0.0, 0.0, 1.0, 14.0 ] },
						"down": { "texture": "#other", "uv": [ 4.0, 0.0, 5.0, 14.0 ] }
					}
				},
				{
					"name": "Cube9",
					"from": [ 1.0, 1.0, 1.0 ],
					"to": [ 4.0, 2.0, 4.0 ],
					"rotationOrigin": [ 1.0, 0.0, -1.0 ],
					"faces": {
						"north": { "texture": "#other", "uv": [ 0.0, 5.0, 3.0, 6.0 ] },
						"east": { "texture": "#other", "uv": [ 1.0, 5.0, 4.0, 6.0 ] },
						"south": { "texture": "#other", "uv": [ 6.0, 5.0, 9.0, 6.0 ] },
						"west": { "texture": "#other", "uv": [ 7.0, 5.0, 10.0, 6.0 ] },
						"up": { "texture": "#other", "uv": [ 0.0, 0.0, 3.0, 3.0 ] },
						"down": { "texture": "#other", "uv": [ 1.0, 0.0, 4.0, 3.0 ] }
					}
				},
				{
					"name": "Cube10",
					"from": [ 4.0, 1.0, 4.0 ],
					"to": [ 7.0, 2.0, 7.0 ],
					"rotationOrigin": [ -1.0, 0.0, 2.0 ],
					"faces": {
						"north": { "texture": "#other", "uv": [ 0.0, 5.0, 3.0, 6.0 ] },
						"east": { "texture": "#other", "uv": [ 1.0, 5.0, 4.0, 6.0 ] },
						"south": { "texture": "#other", "uv": [ 6.0, 5.0, 9.0, 6.0 ] },
						"west": { "texture": "#other", "uv": [ 7.0, 5.0, 10.0, 6.0 ] },
						"up": { "texture": "#other", "uv": [ 0.0, 0.0, 3.0, 3.0 ] },
						"down": { "texture": "#other", "uv": [ 1.0, 0.0, 4.0, 3.0 ] }
					}
				},
				{
					"name": "Cube11",
					"from": [ 10.0, 1.0, 10.0 ],
					"to": [ 13.0, 2.0, 13.0 ],
					"rotationOrigin": [ 10.0, 0.0, 8.0 ],
					"faces": {
						"north": { "texture": "#other", "uv": [ 0.0, 5.0, 3.0, 6.0 ] },
						"east": { "texture": "#other", "uv": [ 1.0, 5.0, 4.0, 6.0 ] },
						"south": { "texture": "#other", "uv": [ 6.0, 5.0, 9.0, 6.0 ] },
						"west": { "texture": "#other", "uv": [ 7.0, 5.0, 10.0, 6.0 ] },
						"up": { "texture": "#other", "uv": [ 0.0, 0.0, 3.0, 3.0 ] },
						"down": { "texture": "#other", "uv": [ 1.0, 0.0, 4.0, 3.0 ] }
					}
				},
				{
					"name": "Cube12",
					"from": [ 7.0, 1.0, 1.0 ],
					"to": [ 10.0, 2.0, 4.0 ],
					"rotationOrigin": [ 7.0, 0.0, -1.0 ],
					"faces": {
						"north": { "texture": "#other", "uv": [ 0.0, 5.0, 3.0, 6.0 ] },
						"east": { "texture": "#other", "uv": [ 1.0, 5.0, 4.0, 6.0 ] },
						"south": { "texture": "#other", "uv": [ 6.0, 5.0, 9.0, 6.0 ] },
						"west": { "texture": "#other", "uv": [ 7.0, 5.0, 10.0, 6.0 ] },
						"up": { "texture": "#other", "uv": [ 0.0, 0.0, 3.0, 3.0 ] },
						"down": { "texture": "#other", "uv": [ 1.0, 0.0, 4.0, 3.0 ] }
					}
				},
				{
					"name": "Cube13",
					"from": [ 10.0, 1.0, 4.0 ],
					"to": [ 13.0, 2.0, 7.0 ],
					"rotationOrigin": [ 10.0, 0.0, 2.0 ],
					"faces": {
						"north": { "texture": "#other", "uv": [ 0.0, 5.0, 3.0, 6.0 ] },
						"east": { "texture": "#other", "uv": [ 1.0, 5.0, 4.0, 6.0 ] },
						"south": { "texture": "#other", "uv": [ 6.0, 5.0, 9.0, 6.0 ] },
						"west": { "texture": "#other", "uv": [ 7.0, 5.0, 10.0, 6.0 ] },
						"up": { "texture": "#other", "uv": [ 0.0, 0.0, 3.0, 3.0 ] },
						"down": { "texture": "#other", "uv": [ 1.0, 0.0, 4.0, 3.0 ] }
					}
				},
				{
					"name": "Cube14",
					"from": [ 7.0, 1.0, 7.0 ],
					"to": [ 10.0, 2.0, 10.0 ],
					"rotationOrigin": [ 7.0, 0.0, 5.0 ],
					"faces": {
						"north": { "texture": "#other", "uv": [ 0.0, 5.0, 3.0, 6.0 ] },
						"east": { "texture": "#other", "uv": [ 1.0, 5.0, 4.0, 6.0 ] },
						"south": { "texture": "#other", "uv": [ 6.0, 5.0, 9.0, 6.0 ] },
						"west": { "texture": "#other", "uv": [ 7.0, 5.0, 10.0, 6.0 ] },
						"up": { "texture": "#other", "uv": [ 0.0, 0.0, 3.0, 3.0 ] },
						"down": { "texture": "#other", "uv": [ 1.0, 0.0, 4.0, 3.0 ] }
					}
				},
				{
					"name": "Cube15",
					"from": [ 1.0, 1.0, 7.0 ],
					"to": [ 4.0, 2.0, 10.0 ],
					"rotationOrigin": [ 1.0, 0.0, 5.0 ],
					"faces": {
						"north": { "texture": "#other", "uv": [ 0.0, 5.0, 3.0, 6.0 ] },
						"east": { "texture": "#other", "uv": [ 1.0, 5.0, 4.0, 6.0 ] },
						"south": { "texture": "#other", "uv": [ 6.0, 5.0, 9.0, 6.0 ] },
						"west": { "texture": "#other", "uv": [ 7.0, 5.0, 10.0, 6.0 ] },
						"up": { "texture": "#other", "uv": [ 0.0, 0.0, 3.0, 3.0 ] },
						"down": { "texture": "#other", "uv": [ 1.0, 0.0, 4.0, 3.0 ] }
					}
				},
				{
					"name": "Cube16",
					"from": [ 4.0, 1.0, 10.0 ],
					"to": [ 7.0, 2.0, 13.0 ],
					"rotationOrigin": [ 4.0, 0.0, 8.0 ],
					"faces": {
						"north": { "texture": "#other", "uv": [ 0.0, 5.0, 3.0, 6.0 ] },
						"east": { "texture": "#other", "uv": [ 1.0, 5.0, 4.0, 6.0 ] },
						"south": { "texture": "#other", "uv": [ 6.0, 5.0, 9.0, 6.0 ] },
						"west": { "texture": "#other", "uv": [ 7.0, 5.0, 10.0, 6.0 ] },
						"up": { "texture": "#other", "uv": [ 0.0, 0.0, 3.0, 3.0 ] },
						"down": { "texture": "#other", "uv": [ 1.0, 0.0, 4.0, 3.0 ] }
					}
				},
				{
					"name": "Cube17",
					"from": [ 5.0, 1.0, 2.0 ],
					"to": [ 6.0, 2.0, 3.0 ],
					"faces": {
						"north": { "texture": "#other", "uv": [ 0.0, 5.0, 1.0, 6.0 ] },
						"east": { "texture": "#other", "uv": [ 1.0, 5.0, 2.0, 6.0 ] },
						"south": { "texture": "#other", "uv": [ 6.0, 5.0, 7.0, 6.0 ] },
						"west": { "texture": "#other", "uv": [ 7.0, 5.0, 8.0, 6.0 ] },
						"up": { "texture": "#other", "uv": [ 0.0, 0.0, 1.0, 1.0 ] },
						"down": { "texture": "#other", "uv": [ 1.0, 0.0, 2.0, 1.0 ] }
					}
				},
				{
					"name": "Cube18",
					"from": [ 11.0, 1.0, 2.0 ],
					"to": [ 12.0, 2.0, 3.0 ],
					"rotationOrigin": [ 6.0, 0.0, 0.0 ],
					"faces": {
						"north": { "texture": "#other", "uv": [ 0.0, 5.0, 1.0, 6.0 ] },
						"east": { "texture": "#other", "uv": [ 1.0, 5.0, 2.0, 6.0 ] },
						"south": { "texture": "#other", "uv": [ 6.0, 5.0, 7.0, 6.0 ] },
						"west": { "texture": "#other", "uv": [ 7.0, 5.0, 8.0, 6.0 ] },
						"up": { "texture": "#other", "uv": [ 0.0, 0.0, 1.0, 1.0 ] },
						"down": { "texture": "#other", "uv": [ 1.0, 0.0, 2.0, 1.0 ] }
					}
				},
				{
					"name": "Cube19",
					"from": [ 11.0, 1.0, 8.0 ],
					"to": [ 12.0, 2.0, 9.0 ],
					"rotationOrigin": [ 6.0, 0.0, 6.0 ],
					"faces": {
						"north": { "texture": "#other", "uv": [ 0.0, 5.0, 1.0, 6.0 ] },
						"east": { "texture": "#other", "uv": [ 1.0, 5.0, 2.0, 6.0 ] },
						"south": { "texture": "#other", "uv": [ 6.0, 5.0, 7.0, 6.0 ] },
						"west": { "texture": "#other", "uv": [ 7.0, 5.0, 8.0, 6.0 ] },
						"up": { "texture": "#other", "uv": [ 0.0, 0.0, 1.0, 1.0 ] },
						"down": { "texture": "#other", "uv": [ 1.0, 0.0, 2.0, 1.0 ] }
					}
				},
				{
					"name": "Cube20",
					"from": [ 8.0, 1.0, 11.0 ],
					"to": [ 9.0, 2.0, 12.0 ],
					"rotationOrigin": [ 3.0, 0.0, 9.0 ],
					"faces": {
						"north": { "texture": "#other", "uv": [ 0.0, 5.0, 1.0, 6.0 ] },
						"east": { "texture": "#other", "uv": [ 1.0, 5.0, 2.0, 6.0 ] },
						"south": { "texture": "#other", "uv": [ 6.0, 5.0, 7.0, 6.0 ] },
						"west": { "texture": "#other", "uv": [ 7.0, 5.0, 8.0, 6.0 ] },
						"up": { "texture": "#other", "uv": [ 0.0, 0.0, 1.0, 1.0 ] },
						"down": { "texture": "#other", "uv": [ 1.0, 0.0, 2.0, 1.0 ] }
					}
				},
				{
					"name": "Cube21",
					"from": [ 2.0, 1.0, 11.0 ],
					"to": [ 3.0, 2.0, 12.0 ],
					"rotationOrigin": [ -3.0, 0.0, 9.0 ],
					"faces": {
						"north": { "texture": "#other", "uv": [ 0.0, 5.0, 1.0, 6.0 ] },
						"east": { "texture": "#other", "uv": [ 1.0, 5.0, 2.0, 6.0 ] },
						"south": { "texture": "#other", "uv": [ 6.0, 5.0, 7.0, 6.0 ] },
						"west": { "texture": "#other", "uv": [ 7.0, 5.0, 8.0, 6.0 ] },
						"up": { "texture": "#other", "uv": [ 0.0, 0.0, 1.0, 1.0 ] },
						"down": { "texture": "#other", "uv": [ 1.0, 0.0, 2.0, 1.0 ] }
					}
				},
				{
					"name": "Cube22",
					"from": [ 2.0, 1.0, 5.0 ],
					"to": [ 3.0, 2.0, 6.0 ],
					"rotationOrigin": [ -3.0, 0.0, 3.0 ],
					"faces": {
						"north": { "texture": "#other", "uv": [ 0.0, 5.0, 1.0, 6.0 ] },
						"east": { "texture": "#other", "uv": [ 1.0, 5.0, 2.0, 6.0 ] },
						"south": { "texture": "#other", "uv": [ 6.0, 5.0, 7.0, 6.0 ] },
						"west": { "texture": "#other", "uv": [ 7.0, 5.0, 8.0, 6.0 ] },
						"up": { "texture": "#other", "uv": [ 0.0, 0.0, 1.0, 1.0 ] },
						"down": { "texture": "#other", "uv": [ 1.0, 0.0, 2.0, 1.0 ] }
					}
				},
				{
					"name": "Cube23",
					"from": [ 8.0, 1.0, 5.0 ],
					"to": [ 9.0, 2.0, 6.0 ],
					"rotationOrigin": [ 3.0, 0.0, 3.0 ],
					"faces": {
						"north": { "texture": "#other", "uv": [ 0.0, 5.0, 1.0, 6.0 ] },
						"east": { "texture": "#other", "uv": [ 1.0, 5.0, 2.0, 6.0 ] },
						"south": { "texture": "#other", "uv": [ 6.0, 5.0, 7.0, 6.0 ] },
						"west": { "texture": "#other", "uv": [ 7.0, 5.0, 8.0, 6.0 ] },
						"up": { "texture": "#other", "uv": [ 0.0, 0.0, 1.0, 1.0 ] },
						"down": { "texture": "#other", "uv": [ 1.0, 0.0, 2.0, 1.0 ] }
					}
				},
				{
					"name": "Cube24",
					"from": [ 5.0, 1.0, 8.0 ],
					"to": [ 6.0, 2.0, 9.0 ],
					"rotationOrigin": [ 0.0, 0.0, 6.0 ],
					"faces": {
						"north": { "texture": "#other", "uv": [ 0.0, 5.0, 1.0, 6.0 ] },
						"east": { "texture": "#other", "uv": [ 1.0, 5.0, 2.0, 6.0 ] },
						"south": { "texture": "#other", "uv": [ 6.0, 5.0, 7.0, 6.0 ] },
						"west": { "texture": "#other", "uv": [ 7.0, 5.0, 8.0, 6.0 ] },
						"up": { "texture": "#other", "uv": [ 0.0, 0.0, 1.0, 1.0 ] },
						"down": { "texture": "#other", "uv": [ 1.0, 0.0, 2.0, 1.0 ] }
					}
				},
				{
					"name": "Cube25",
					"from": [ 5.0, 1.0, 8.0 ],
					"to": [ 6.0, 2.0, 9.0 ],
					"rotationOrigin": [ 0.0, 0.0, 6.0 ],
					"faces": {
						"north": { "texture": "#other", "uv": [ 0.0, 5.0, 1.0, 6.0 ] },
						"east": { "texture": "#other", "uv": [ 1.0, 5.0, 2.0, 6.0 ] },
						"south": { "texture": "#other", "uv": [ 6.0, 5.0, 7.0, 6.0 ] },
						"west": { "texture": "#other", "uv": [ 7.0, 5.0, 8.0, 6.0 ] },
						"up": { "texture": "#other", "uv": [ 0.0, 0.0, 1.0, 1.0 ] },
						"down": { "texture": "#other", "uv": [ 1.0, 0.0, 2.0, 1.0 ] }
					}
				}
			]
		}
	]}