{
	"editor": {
		"allAngles": false,
		"entityTextureMode": false
	},
	"textureWidth": 16,
	"textureHeight": 16,
	"textureSizes": {
	},
	"textures": {
		"base": "essencestone/base"
	},
	"elements": [
		{
			"name": "basecube",
			"from": [ 7.0, 1.0, 7.0 ],
			"to": [ 9.0, 4.0, 9.0 ],
			"rotationOrigin": [ 7.0, 1.0, 7.0 ],
			"faces": {
				"north": { "texture": "#base", "uv": [ 0.0, 0.0, 2.0, 3.0 ], "glow": 5 },
				"east": { "texture": "#base", "uv": [ 0.0, 0.0, 2.0, 3.0 ], "glow": 5 },
				"south": { "texture": "#base", "uv": [ 0.0, 0.0, 2.0, 3.0 ], "glow": 5 },
				"west": { "texture": "#base", "uv": [ 0.0, 0.0, 2.0, 3.0 ], "glow": 5 },
				"up": { "texture": "#base", "uv": [ 0.0, 0.0, 2.0, 2.0 ], "glow": 5 },
				"down": { "texture": "#base", "uv": [ 0.0, 0.0, 2.0, 2.0 ], "glow": 5 }
			},
			"children": [
				{
					"name": "base2cube",
					"from": [ -1.0, 3.0, -1.0 ],
					"to": [ 3.0, 12.0, 3.0 ],
					"rotationOrigin": [ -1.0, 3.0, -1.0 ],
					"faces": {
						"north": { "texture": "#base", "uv": [ 0.0, 0.0, 4.0, 9.0 ], "glow": 5 },
						"east": { "texture": "#base", "uv": [ 0.0, 0.0, 4.0, 9.0 ], "glow": 5 },
						"south": { "texture": "#base", "uv": [ 0.0, 0.0, 4.0, 9.0 ], "glow": 5 },
						"west": { "texture": "#base", "uv": [ 0.0, 0.0, 4.0, 9.0 ], "glow": 5 },
						"up": { "texture": "#base", "uv": [ 0.0, 0.0, 4.0, 4.0 ], "glow": 5 },
						"down": { "texture": "#base", "uv": [ 0.0, 0.0, 4.0, 4.0 ], "glow": 5 }
					},
					"children": [
						{
							"name": "centercube",
							"from": [ -1.0, 9.0, -1.0 ],
							"to": [ 5.0, 21.0, 5.0 ],
							"rotationOrigin": [ -1.0, 9.0, -1.0 ],
							"faces": {
								"north": { "texture": "#base", "uv": [ 0.0, 0.0, 6.0, 12.0 ], "glow": 7 },
								"east": { "texture": "#base", "uv": [ 0.0, 0.0, 6.0, 12.0 ], "glow": 7 },
								"south": { "texture": "#base", "uv": [ 0.0, 0.0, 6.0, 12.0 ], "glow": 7 },
								"west": { "texture": "#base", "uv": [ 0.0, 0.0, 6.0, 12.0 ], "glow": 7 },
								"up": { "texture": "#base", "uv": [ 0.0, 0.0, 6.0, 6.0 ], "glow": 7 },
								"down": { "texture": "#base", "uv": [ 0.0, 0.0, 6.0, 6.0 ], "glow": 7 }
							}
						}
					]
				},
				{
					"name": "basecube2",
					"from": [ 0.0, 33.0, 0.0 ],
					"to": [ 2.0, 36.0, 2.0 ],
					"rotationOrigin": [ 0.0, 33.0, 0.0 ],
					"faces": {
						"north": { "texture": "#base", "uv": [ 0.0, 0.0, 2.0, 3.0 ], "glow": 5 },
						"east": { "texture": "#base", "uv": [ 0.0, 0.0, 0.0, 3.0 ], "glow": 5, "autoUv": false },
						"south": { "texture": "#base", "uv": [ 0.0, 0.0, 2.0, 3.0 ], "glow": 5 },
						"west": { "texture": "#base", "uv": [ 0.0, 0.0, 2.0, 3.0 ], "glow": 5 },
						"up": { "texture": "#base", "uv": [ 0.0, 0.0, 2.0, 2.0 ], "glow": 5 },
						"down": { "texture": "#base", "uv": [ 0.0, 0.0, 2.0, 2.0 ], "glow": 5 }
					},
					"children": [
						{
							"name": "base2cube2",
							"from": [ -1.0, -9.0, -1.0 ],
							"to": [ 3.0, 0.0, 3.0 ],
							"rotationOrigin": [ -1.0, -9.0, -1.0 ],
							"faces": {
								"north": { "texture": "#base", "uv": [ 0.0, 0.0, 4.0, 9.0 ], "glow": 5 },
								"east": { "texture": "#base", "uv": [ 0.0, 0.0, 4.0, 9.0 ], "glow": 5 },
								"south": { "texture": "#base", "uv": [ 0.0, 0.0, 4.0, 9.0 ], "glow": 5 },
								"west": { "texture": "#base", "uv": [ 0.0, 0.0, 4.0, 9.0 ], "glow": 5 },
								"up": { "texture": "#base", "uv": [ 0.0, 0.0, 4.0, 4.0 ], "glow": 5 },
								"down": { "texture": "#base", "uv": [ 0.0, 0.0, 4.0, 4.0 ], "glow": 5 }
							}
						}
					]
				}
			]
		}
	],
	"animations": [
		{
			"name": "Hover",
			"code": "hoveranimation",
			"quantityframes": 60,
			"onActivityStopped": "PlayTillEnd",
			"onAnimationEnd": "Repeat",
			"keyframes": [
				{
					"frame": 0,
					"elements": {
						"basecube": { "offsetX": 0.0, "offsetY": 0.0, "offsetZ": 0.0 }
					}
				},
				{
					"frame": 30,
					"elements": {
						"basecube": { "offsetX": 0.0, "offsetY": 1.0, "offsetZ": 0.0 }
					}
				}
			]
		},

		{
			"name": "Death",
			"code": "deathanimation",
			"quantityframes": 30,
			"onActivityStopped": "Stop",
			"onAnimationEnd": "Hold",
			"keyframes": [
				{
					"frame": 0,
					"elements": {
						"basecube": { "offsetX": 0.0, "offsetY": 0.0, "offsetZ": 0.0, "rotationX": 0.0, "rotationY": 0.0, "rotationZ": 0.0 },
						"base2cube": { "offsetX": 0.0, "offsetY": 0.0, "offsetZ": 0.0, "rotationX": 0.0, "rotationY": 0.0, "rotationZ": 0.0 },
						"centercube": { "offsetX": 0.0, "offsetY": 0.0, "offsetZ": 0.0, "rotationX": 0.0, "rotationY": 0.0, "rotationZ": 0.0 },
						"basecube2": { "offsetX": 0.0, "offsetY": 0.0, "offsetZ": 0.0, "rotationX": 0.0, "rotationY": 0.0, "rotationZ": 0.0 },
						"base2cube2": { "offsetX": 0.0, "offsetY": 0.0, "offsetZ": 0.0, "rotationX": 0.0, "rotationY": 0.0, "rotationZ": 0.0 }
					}
				},
				{
					"frame": 15,
					"elements": {
						"basecube": { "offsetX": 0.0, "offsetY": -1.0, "offsetZ": 0.0, "rotationX": 0.0, "rotationY": 0.0, "rotationZ": 0.0 },
						"base2cube": { "offsetX": 0.0, "offsetY": -3.0, "offsetZ": 0.0, "rotationX": 0.0, "rotationY": 0.0, "rotationZ": 0.0 },
						"centercube": { "offsetX": 0.0, "offsetY": -9.0, "offsetZ": 0.0, "rotationX": 0.0, "rotationY": 0.0, "rotationZ": 0.0 },
						"basecube2": { "offsetX": 0.0, "offsetY": -12.0, "offsetZ": 0.0, "rotationX": 0.0, "rotationY": 0.0, "rotationZ": 0.0 },
						"base2cube2": { "offsetX": 0.0, "offsetY": 0.0, "offsetZ": 0.0, "rotationX": 0.0, "rotationY": 0.0, "rotationZ": 0.0 }
					}
				},
				{
					"frame": 29,
					"elements": {
						"basecube": { "offsetX": 0.0, "offsetY": -1.0, "offsetZ": 0.0, "rotationX": 0.0, "rotationY": 0.0, "rotationZ": 0.0 },
						"base2cube": { "offsetX": 0.0, "offsetY": -3.0, "offsetZ": 0.0, "rotationX": 0.0, "rotationY": 0.0, "rotationZ": 0.0 },
						"centercube": { "offsetX": 0.0, "offsetY": -9.0, "offsetZ": 0.0, "rotationX": 0.0, "rotationY": 0.0, "rotationZ": 0.0 },
						"basecube2": { "offsetX": 0.0, "offsetY": -12.0, "offsetZ": 0.0, "rotationX": 0.0, "rotationY": 0.0, "rotationZ": 0.0 },
						"base2cube2": { "offsetX": 0.0, "offsetY": 0.0, "offsetZ": 0.0, "rotationX": 0.0, "rotationY": 0.0, "rotationZ": 0.0 }
					}
				}
			]
		}
	]
}