[
    {
        // surface t1
        "op": "replace",
        "path": "/server/behaviors/9/dropsByType/*-normal",
        "value": [
          {"type": "item", "code": "flaxfibers", "quantity": {"avg": 2, "var": 2}},
          {"type": "item", "code": "fat", "quantity": {"avg": 0.5, "var": 0}},
          {"type": "item", "code": "gear-rusty", "dropModbyStat": "rustyGearDropRate", "quantity": {"avg": 0.01, "var": 0}},
          {"type": "item", "code": "gear-temporal", "quantity": {"avg": 0.02666, "var": 0}}
        ],
        "file": "entities/lore/drifter.json",
                    "side": "Server"
    },
    {
        // deep t1
        "op": "replace",
        "path": "/server/behaviors/9/dropsByType/*-deep",
        "value": [
          {"type": "item", "code": "flaxfibers", "quantity": {"avg": 2, "var": 2}},
          {"type": "item", "code": "fat", "quantity": {"avg": 0.5, "var": 0}},
          {"type": "item", "code": "gear-rusty", "dropModbyStat": "rustyGearDropRate", "quantity": {"avg": 0.03, "var": 0}},
          {"type": "item", "code": "gear-temporal", "quantity": {"avg": 0.033325, "var": 0}},
          {"type": "item", "code": "rot", "quantity": {"avg": 2, "var": 2}}
        ],
        "file": "entities/lore/drifter.json",
                    "side": "Server"
    },
    {
        // tainted t2
        "op": "replace",
        "path": "/server/behaviors/9/dropsByType/*-tainted",
        "value": [
          {"type": "item", "code": "flaxfibers", "quantity": {"avg": 2, "var": 2}},
          {"type": "item", "code": "fat", "quantity": {"avg": 0.5, "var": 0}},
          {"type": "item", "code": "gear-rusty", "dropModbyStat": "rustyGearDropRate", "quantity": {"avg": 0.07, "var": 0}},
          {"type": "item", "code": "gear-temporal", "quantity": {"avg": 0.03999, "var": 0}},
          {"type": "item", "code": "rot", "quantity": {"avg": 3, "var": 3}},
          {"type": "item", "code": "metalbit-cupronickel", "quantity": {"avg": 1, "var": 1}},
          {"type": "block", "code": "metal-parts", "quantity": {"avg": 0.2, "var": 0}}
        ],
        "file": "entities/lore/drifter.json",
                    "side": "Server"
    },
    {
        // corrupt t3
        "op": "replace",
        "path": "/server/behaviors/9/dropsByType/*-corrupt",
        "value": [
          {"type": "item", "code": "flaxfibers", "quantity": {"avg": 2, "var": 2}},
          {"type": "item", "code": "fat", "quantity": {"avg": 0.5, "var": 0}},
          {"type": "item", "code": "gear-rusty", "dropModbyStat": "rustyGearDropRate", "quantity": {"avg": 0.1, "var": 0}},
          {"type": "item", "code": "gear-temporal", "quantity": {"avg": 0.046655, "var": 0}},
          {"type": "item", "code": "rot", "quantity": {"avg": 3, "var": 3}},
          {"type": "item", "code": "metalbit-cupronickel", "quantity": {"avg": 2, "var": 2}},
          {"type": "block", "code": "metal-parts", "quantity": {"avg": 0.4, "var": 0}},
          {"type": "item", "code": "ore-sulfur", "quantity": {"avg": 0.5, "var":0}},
          {"type": "item", "code": "crystalizedore-poor-limonite-shale", "quantity":{"avg":0.0125, "var":0}},
          {"type": "item", "code": "crystalizedore-medium-limonite-shale", "quantity":{"avg":0.01, "var":0}},
          {"type": "item", "code": "crystalizedore-rich-limonite-shale", "quantity":{"avg":0.005, "var":0}},
          {"type": "item", "code": "crystalizedore-bountiful-limonite-shale", "quantity":{"avg":0.0025, "var":0}}
        ],
        "file": "entities/lore/drifter.json",
                    "side": "Server"
    },
    {
        // nightmare t4
        "op": "replace",
        "path": "/server/behaviors/9/dropsByType/*-nightmare",
        "value": [
          {"type": "item", "code": "flaxfibers", "quantity": {"avg": 2, "var": 2}},
          {"type": "item", "code": "fat", "quantity": {"avg": 0.5, "var": 0}},
          {"type": "item", "code": "gear-rusty", "dropModbyStat": "rustyGearDropRate", "quantity": {"avg": 0.2, "var": 0}},
          {"type": "item", "code": "gear-temporal", "quantity": {"avg": 0.05332, "var": 0}},
          {"type": "item", "code": "rot", "quantity": {"avg": 3, "var": 3}},
          {"type": "item", "code": "metalbit-cupronickel", "quantity": {"avg": 3, "var": 1}},
          {"type": "block", "code": "metal-parts", "quantity": {"avg": 0.6, "var": 0.4}},
          {"type": "item", "code": "ore-sulfur", "quantity": {"avg": 1, "var":0.5}},
          {"type": "item", "code": "scythehead-iron", "quantity": {"avg": 0.01, "var":0.0}},
          {"type": "item", "code": "stackrandomizer-alljonas", "quantity": {"avg": 0.1, "var":0.0}},
          {"type": "item", "code": "crystalizedore-poor-limonite-shale", "quantity":{"avg":0.025, "var":0}},
          {"type": "item", "code": "crystalizedore-medium-limonite-shale", "quantity":{"avg":0.02, "var":0}},
          {"type": "item", "code": "crystalizedore-rich-limonite-shale", "quantity":{"avg":0.01, "var":0}},
          {"type": "item", "code": "crystalizedore-bountiful-limonite-shale", "quantity":{"avg":0.005, "var":0}}
        ],
        "file": "entities/lore/drifter.json",
                    "side": "Server"
    },
    {
        // double-headed t4 - spawns only during temporal storms
        "op": "replace",
        "path": "/server/behaviors/9/dropsByType/*-double-headed",
        "value": [
          {"type": "item", "code": "flaxfibers", "quantity": {"avg": 2, "var": 2}},
          {"type": "item", "code": "fat", "quantity": {"avg": 0.5, "var": 0}},
          {"type": "item", "code": "gear-rusty", "dropModbyStat": "rustyGearDropRate", "quantity": {"avg": 5, "var": 2.5}},
          {"type": "item", "code": "gear-temporal", "quantity": {"avg": 1, "var": 0.4}},
          {"type": "item", "code": "rot", "quantity": {"avg": 3, "var": 3}},
          {"type": "item", "code": "metalbit-cupronickel", "quantity": {"avg": 5, "var":3}},
          {"type": "block", "code": "metal-parts", "quantity": {"avg": 2, "var": 2}},
          {"type": "item", "code": "ore-sulfur", "quantity": {"avg": 1.5, "var":1}},
          {"type": "item", "code": "scythehead-iron", "quantity": {"avg": 0.05, "var":0.0}},
          {"type": "item", "code": "stackrandomizer-alljonas", "quantity": {"avg": 0.4, "var":0.0}},
          {"type": "item", "code": "crystalizedore-poor-limonite-shale", "quantity":{"avg":0.05, "var":0}},
          {"type": "item", "code": "crystalizedore-medium-limonite-shale", "quantity":{"avg":0.04, "var":0}},
          {"type": "item", "code": "crystalizedore-rich-limonite-shale", "quantity":{"avg":0.02, "var":0}},
          {"type": "item", "code": "crystalizedore-bountiful-limonite-shale", "quantity":{"avg":0.01, "var":0}}
        ],
        "file": "entities/lore/drifter.json",
                    "side": "Server"
    },
    {
      "op": "addmerge",
      "path": "/behaviorConfigs",
      "value": {
        "harvestable": {
          "quantitySlots": 16
        }
      },
              "file": "entities/lore/drifter.json"
          }
      ]