[
    {
        "op": "replace",
        "path": "/drops",
        "value": [
          {"type": "item", "code": "gear-rusty", "dropModbyStat": "rustyGearDropRate", "quantity": {"avg": 1.2, "var": 1}},
          {"type": "item", "code": "metalbit-cupronickel", "quantity": {"avg": 15, "var": 5}},
          {"type": "block", "code": "metal-parts", "quantity": {"avg": 0.6, "var": 0.4}},
          {"type": "item", "code": "stackrandomizer-tuningcylinder", "quantity": {"avg": 1, "var": 0}},
          {"type": "item", "code": "metalplate-molybdochalkos", "quantity": {"avg": 1.2, "var": 0.2}},
          {"type": "item", "code": "stackrandomizer-alljonas", "quantity": {"avg": 0.4, "var":0.0}},
          {"type": "item", "code": "crystalizedore-poor-limonite-shale", "quantity":{"avg":0.3, "var":0}},
          {"type": "item", "code": "crystalizedore-medium-limonite-shale", "quantity":{"avg":0.25, "var":0}},
          {"type": "item", "code": "crystalizedore-rich-limonite-shale", "quantity":{"avg":0.15, "var":0}},
          {"type": "item", "code": "crystalizedore-bountiful-limonite-shale", "quantity":{"avg":0.1, "var":0}}
        ],
        "file": "entities/lore/bell.json",
                    "side": "Server"
    },
    {
      "op": "addmerge",
      "path": "/behaviorConfigs",
      "value": {
        "harvestable": {
          "quantitySlots": 12
        }
      },
              "file": "entities/lore/bell.json"
          }
      ]