[
    {
        "op": "replace",
        "path": "/dropsByType/locust-corrupt-sawblade",
        "value": [
          {"type": "item", "code": "gear-rusty", "dropModbyStat": "rustyGearDropRate", "quantity": {"avg": 1, "var": 0}},
          {"type": "item", "code": "stackrandomizer-alljonas", "quantity": {"avg": 1, "var": 0}},
          {"type": "item", "code": "metalbit-cupronickel", "quantity": {"avg": 3, "var": 1}},
          {"type": "block", "code": "metal-parts", "quantity": {"avg": 0.6, "var": 0.4}},
          {"type": "item", "code": "sawblade-iron", "quantity": {"avg": 0.01, "var": 0}}
        ],
        "file": "entities/lore/locust.json",
                    "side": "Server"
    },
    {
      "op": "addmerge",
      "path": "/behaviorConfigs",
      "value": {
        "harvestable": {
          "quantitySlots": 8
        }
      },
              "file": "entities/lore/locust.json"
          }
      ]