[
    {
        // surface t1
        "op": "replace",
        "path": "/server/behaviors/9/dropsByType/*-surface",
        "value": [
          {"type": "item", "code": "flaxfibers", "quantity": {"avg": 2, "var": 2}},
          {"type": "item", "code": "feather", "quantity": {"avg": 5, "var": 4}},
          {"type": "item", "code": "gear-rusty", "dropModbyStat": "rustyGearDropRate", "quantity": {"avg": 0.01, "var": 0}},
          {"type": "item", "code": "gear-temporal", "quantity": {"avg": 0.02666, "var": 0}}
        ],
        "file": "entities/lore/shiver.json",
                    "side": "Server"
    },
    {
        // deep t1
        "op": "replace",
        "path": "/server/behaviors/9/dropsByType/*-deep",
        "value": [
          {"type": "item", "code": "flaxfibers", "quantity": {"avg": 2, "var": 2}},
          {"type": "item", "code": "feather", "quantity": {"avg": 5, "var": 4}},
          {"type": "item", "code": "gear-rusty", "dropModbyStat": "rustyGearDropRate", "quantity": {"avg": 0.03, "var": 0}},
          {"type": "item", "code": "gear-temporal", "quantity": {"avg": 0.033325, "var": 0}},
          {"type": "item", "code": "crushed-iron", "quantity": {"avg": 0.5, "var": 0}}
        ],
        "file": "entities/lore/shiver.json",
                    "side": "Server"
    },
    {
        // tainted t2
        "op": "replace",
        "path": "/server/behaviors/9/dropsByType/*-tainted",
        "value": [
          {"type": "item", "code": "flaxfibers", "quantity": {"avg": 2, "var": 2}},
          {"type": "item", "code": "feather", "quantity": {"avg": 5, "var": 4}},
          {"type": "item", "code": "gear-rusty", "dropModbyStat": "rustyGearDropRate", "quantity": {"avg": 0.07, "var": 0}},
          {"type": "item", "code": "gear-temporal", "quantity": {"avg": 0.03999, "var": 0}},
          {"type": "item", "code": "crushed-iron", "quantity": {"avg": 1, "var": 1}},
          {"type": "item", "code": "metalbit-cupronickel", "quantity": {"avg": 1, "var": 1}},
          {"type": "block", "code": "metal-parts", "quantity": {"avg": 0.2, "var": 0}}
        ],
        "file": "entities/lore/shiver.json",
                    "side": "Server"
    },
    {
        // corrupt t2
        "op": "replace",
        "path": "/server/behaviors/9/dropsByType/*-corrupt",
        "value": [
          {"type": "item", "code": "flaxfibers", "quantity": {"avg": 2, "var": 2}},
          {"type": "item", "code": "feather", "quantity": {"avg": 5, "var": 4}},
          {"type": "item", "code": "gear-rusty", "dropModbyStat": "rustyGearDropRate", "quantity": {"avg": 0.1, "var": 0}},
          {"type": "item", "code": "gear-temporal", "quantity": {"avg": 0.046655, "var": 0}},
          {"type": "item", "code": "crushed-iron", "quantity": {"avg": 1, "var": 1}},
          {"type": "item", "code": "metalbit-cupronickel", "quantity": {"avg": 2, "var": 2}},
          {"type": "block", "code": "metal-parts", "quantity": {"avg": 0.4, "var": 0}},
          {"type": "item", "code": "saltpeter", "quantity": {"avg": 1, "var":0.5}},
          {"type": "item", "code": "crystalizedore-poor-limonite-shale", "quantity":{"avg":0.0125, "var":0}},
          {"type": "item", "code": "crystalizedore-medium-limonite-shale", "quantity":{"avg":0.01, "var":0}},
          {"type": "item", "code": "crystalizedore-rich-limonite-shale", "quantity":{"avg":0.005, "var":0}},
          {"type": "item", "code": "crystalizedore-bountiful-limonite-shale", "quantity":{"avg":0.0025, "var":0}}
        ],
        "file": "entities/lore/shiver.json",
                    "side": "Server"
    },
    {
        // nightmare t3
        "op": "replace",
        "path": "/server/behaviors/9/dropsByType/*-nightmare",
        "value": [
          {"type": "item", "code": "flaxfibers", "quantity": {"avg": 2, "var": 2}},
          {"type": "item", "code": "feather", "quantity": {"avg": 5, "var": 4}},
          {"type": "item", "code": "gear-rusty", "dropModbyStat": "rustyGearDropRate", "quantity": {"avg": 0.2, "var": 0}},
          {"type": "item", "code": "gear-temporal", "quantity": {"avg": 0.05332, "var": 0}},
          {"type": "item", "code": "crushed-iron", "quantity": {"avg": 2, "var": 2}},
          {"type": "item", "code": "metalbit-cupronickel", "quantity": {"avg": 3, "var": 1}},
          {"type": "block", "code": "metal-parts", "quantity": {"avg": 0.6, "var": 0.4}},
          {"type": "item", "code": "saltpeter", "quantity": {"avg": 1.5, "var":1.5}},
          {"type": "item", "code": "knifeblade-iron", "quantity": {"avg": 0.01, "var":0.0}},
          {"type": "item", "code": "stackrandomizer-alljonas", "quantity": {"avg": 0.1, "var":0.0}},
          {"type": "item", "code": "crystalizedore-poor-limonite-shale", "quantity":{"avg":0.025, "var":0}},
          {"type": "item", "code": "crystalizedore-medium-limonite-shale", "quantity":{"avg":0.02, "var":0}},
          {"type": "item", "code": "crystalizedore-rich-limonite-shale", "quantity":{"avg":0.01, "var":0}},
          {"type": "item", "code": "crystalizedore-bountiful-limonite-shale", "quantity":{"avg":0.005, "var":0}}
        ],
        "file": "entities/lore/shiver.json",
                    "side": "Server"
    },
    {
        // stilt t3
        "op": "add",
        "path": "/server/behaviors/9/dropsByType/*-stilt",
        "value": [
          {"type": "item", "code": "flaxfibers", "quantity": {"avg": 2, "var": 2}},
          {"type": "item", "code": "feather", "quantity": {"avg": 5, "var": 4}},
          {"type": "item", "code": "gear-rusty", "dropModbyStat": "rustyGearDropRate", "quantity": {"avg": 1.5, "var": 0.5}},
          {"type": "item", "code": "gear-temporal", "quantity": {"avg": 0.3, "var": 0}},
          {"type": "item", "code": "crushed-iron", "quantity": {"avg": 3, "var": 3}},
          {"type": "item", "code": "metalbit-cupronickel", "quantity": {"avg": 5, "var":3}},
          {"type": "block", "code": "metal-parts", "quantity": {"avg": 2, "var": 2}},
          {"type": "item", "code": "saltpeter", "quantity": {"avg": 2, "var":1}},
          {"type": "item", "code": "knifeblade-iron", "quantity": {"avg": 0.03, "var":0.0}},
          {"type": "item", "code": "stackrandomizer-alljonas", "quantity": {"avg": 0.2, "var":0.0}},
          {"type": "item", "code": "crystalizedore-poor-limonite-shale", "quantity":{"avg":0.035, "var":0}},
          {"type": "item", "code": "crystalizedore-medium-limonite-shale", "quantity":{"avg":0.03, "var":0}},
          {"type": "item", "code": "crystalizedore-rich-limonite-shale", "quantity":{"avg":0.015, "var":0}},
          {"type": "item", "code": "crystalizedore-bountiful-limonite-shale", "quantity":{"avg":0.0075, "var":0}}
        ],
        "file": "entities/lore/shiver.json",
                    "side": "Server"
    },
    {
        // deepsplit t4 - spawns only during temporal storms
        "op": "add",
        "path": "/server/behaviors/9/dropsByType/*-deepsplit",
        "value": [
          {"type": "item", "code": "flaxfibers", "quantity": {"avg": 2, "var": 2}},
          {"type": "item", "code": "feather", "quantity": {"avg": 5, "var": 4}},
          {"type": "item", "code": "gear-rusty", "dropModbyStat": "rustyGearDropRate", "quantity": {"avg": 3.5, "var": 1.5}},
          {"type": "item", "code": "gear-temporal", "quantity": {"avg": 1, "var": 0.4}},
          {"type": "item", "code": "crushed-iron", "quantity": {"avg": 4, "var": 4}},
          {"type": "item", "code": "metalbit-cupronickel", "quantity": {"avg": 5, "var":3}},
          {"type": "block", "code": "metal-parts", "quantity": {"avg": 2, "var": 2}},
          {"type": "item", "code": "saltpeter", "quantity": {"avg": 2.5, "var":0.5}},
          {"type": "item", "code": "knifeblade-iron", "quantity": {"avg": 0.05, "var":0.0}},
          {"type": "item", "code": "stackrandomizer-alljonas", "quantity": {"avg": 0.3, "var":0.0}},
          {"type": "item", "code": "crystalizedore-poor-limonite-shale", "quantity":{"avg":0.05, "var":0}},
          {"type": "item", "code": "crystalizedore-medium-limonite-shale", "quantity":{"avg":0.04, "var":0}},
          {"type": "item", "code": "crystalizedore-rich-limonite-shale", "quantity":{"avg":0.02, "var":0}},
          {"type": "item", "code": "crystalizedore-bountiful-limonite-shale", "quantity":{"avg":0.01, "var":0}}
        ],
        "file": "entities/lore/shiver.json",
                    "side": "Server"
    },
    {
        // bellhead t5
        "op": "add",
        "path": "/server/behaviors/9/dropsByType/*-bellhead",
        "value": [
          {"type": "item", "code": "flaxfibers", "quantity": {"avg": 2, "var": 2}},
          {"type": "item", "code": "feather", "quantity": {"avg": 5, "var": 4}},
          {"type": "item", "code": "gear-rusty", "dropModbyStat": "rustyGearDropRate", "quantity": {"avg": 5, "var": 2.5}},
          {"type": "item", "code": "gear-temporal", "quantity": {"avg": 1, "var": 0.4}},
          {"type": "item", "code": "crushed-iron", "quantity": {"avg": 4, "var": 4}},
          {"type": "item", "code": "metalbit-cupronickel", "quantity": {"avg": 5, "var":3}},
          {"type": "block", "code": "metal-parts", "quantity": {"avg": 2, "var": 2}},
          {"type": "item", "code": "saltpeter", "quantity": {"avg": 3, "var":1}},
          {"type": "item", "code": "knifeblade-iron", "quantity": {"avg": 0.05, "var":0.0}},
          {"type": "item", "code": "stackrandomizer-alljonas", "quantity": {"avg": 0.4, "var":0.0}},
          {"type": "item", "code": "crystalizedore-poor-limonite-shale", "quantity":{"avg":0.1, "var":0}},
          {"type": "item", "code": "crystalizedore-medium-limonite-shale", "quantity":{"avg":0.0835, "var":0}},
          {"type": "item", "code": "crystalizedore-rich-limonite-shale", "quantity":{"avg":0.066, "var":0}},
          {"type": "item", "code": "crystalizedore-bountiful-limonite-shale", "quantity":{"avg":0.05, "var":0}}
        ],
        "file": "entities/lore/shiver.json",
                    "side": "Server"
    },
    {
      "op": "move",
      "frompath": "/server/behaviors/9/dropsByType/*",
      "path": "/behaviorredist",
      "file": "game:entities/lore/shiver.json",
      "side": "Server"
    },
    {
      "op": "move",
      "frompath": "/behaviorredist",
      "path": "/server/behaviors/9/dropsByType/*",
      "file": "game:entities/lore/shiver.json",
      "side": "Server"
    },
    {
      "op": "addmerge",
      "path": "/behaviorConfigs",
      "value": {
        "harvestable": {
          "quantitySlots": 16
        }
      },
              "file": "entities/lore/shiver.json"
          }
      ]