{
	code: "creature",
	class: "ItemCreature",
	maxstacksize: 64,
	variantgroups: [
		{ code: "type", states: [
		
		"hedgehog-male", "hedgehog-female","hedgehog-baby",
		"pekin-duck-male-adult","pekin-duck-female-adult","pekin-duck-baby","pekin-duck-nest-new",
		"mallard-duck-male","mallard-duck-female","mallard-duck-baby","mallard-duck-nest-new",
		"c_crow","crow_flying",
		"yak-male","yak-female","yak-calf",
		"crab-both","crab-baby",
		"isopod-woodlouse","isopod-rubberducky",
		"robin_flying",
		"squirrel-male-brown","squirrel-female-brown","squirrel-baby-brown",
		"squirrel-male-darkbrown","squirrel-female-darkbrown","squirrel-baby-darkbrown",
		"squirrel-male-red","squirrel-female-red","squirrel-baby-red",
		"squirrel-male-black","squirrel-female-black","squirrel-baby-black",
		"waxwing_f","waxwing_g",
		"snail-default",
		"fieldmus",
		"house-sparrow_f",
		"chipmunk-male","chipmunk-female","chipmunk-baby",	
		"owl-brown-f",		
	
	
		] },
	],
	shapeByType: {
		"*-owl-brown-f": {
			"base": "entity/air/owl/owl_shape_newb"
		},			
		
		"*-hedgehog-male": {
			"base": "entity/land/hedgehog/hedgehog-shape-gg1"
		},	
		
		"*-hedgehog-female": {
			"base": "entity/land/hedgehog/hedgehog-shape-gg1"
		},			

		
		"*-hedgehog-baby": {
			"base": "entity/land/hedgehog/hedgehog-shape-gg1"
		},	

		
		"*-duck-male-adult": {
			"base": "entity/land/duck/newduck_4"
		},		
		"*-duck-female-adult": {
			"base": "entity/land/duck/newduck_4"
		},		
		
		"*-duck-male": {
			"base": "entity/land/duck/newduck_4"
		},		
		"*-duck-female": {
			"base": "entity/land/duck/newduck_4"
		},		
		"*-duck-baby": {
			"base": "entity/land/duck/duck-baby"
		},	
		"*-nest-new": {
			"base":"entity/land/duck/nest-shape-empty"
		},
		
		"*-yak-male": {
			"base": "entity/land/yak/yak-male-f4"
		},		
		"*-yak-female": {
			"base": "entity/land/yak/yak-female-f5"
		},		
		"*-yak-calf": {
			"base": "entity/land/yak/yak-calf-f5"
		},			
		
		"*-crab-both": {
			"base": "entity/land/crab/crab_base1"
		},
		"*-crab-baby": {
			"base": "entity/land/crab/crab_base1"
		},

		"*-c_crow": {
			"base": "entity/air/crow/crow2-0b"
		},

		"*-crow_flying": {
			"base": "entity/air/crow/crow2-0b"
		},		
		
		"*-waxwing_f": {
			"base": "entity/air/waxwing/waxwing3"
		},	
		"*-waxwing_g": {
			"base": "entity/air/waxwing/waxwing3"
		},	
			
		"*-house-sparrow_f": {
			"base": "entity/air/sparrow/sparrow-house"
		},	
		
		"*-isopod-woodlouse": {
			"base": "entity/land/woodlouse/woodlouse_idea1"
		},		
		"*-isopod-rubberducky": {
			"base": "entity/land/isopod/isopod_model_2"
		},
		
		
		
		"*-squirrel-male-*": {
			"base": "entity/land/squirrel/squirrel-shape-b4"
		},		
		"*-squirrel-female-*": {
			"base": "entity/land/squirrel/squirrel-shape-b4"
		},		
		"*-squirrel-baby-*": {
			"base": "entity/land/squirrel/squirrel-shape-b4"
		},
				
		"*-robin_flying": {
			"base": "entity/air/robin/robin2"
		},					
		"*-snail-default": {
			"base": "entity/land/snail/snail"
		},						
		"*-fieldmus": {
			"base": "entity/land/mice/fieldmouse-shape"
		},		
		"*-chipmunk-*": {
			"base": "entity/land/chipmunk/chipmunk-shape2"
		},
		
		
			
			"*": { base: "entity/land/{type}" },	
	},
	texturesByType: {
		"*-hedgehog-male": {"all": { base: "entity/hedgehog/hedgehog_0" } },
		"*-hedgehog-female": {"all": { base: "entity/hedgehog/hedgehog_0" } },
		"*-hedgehog-baby": {"all": { base: "entity/hedgehog/hedgehog_0" } },

		"*-mallard-duck-male": {"all": { base: "entity/duck/mallard-duck-male" } },
		"*-mallard-duck-female": {"all": { base: "entity/duck/mallard-duck-female" } },
		"*-mallard-duck-baby": {"all": { base: "entity/duck/duckling-normal-1" } },
		"*-pekin-duck-male-adult": {"all": { base: "entity/duck/pekin-duck-male" } },
		"*-pekin-duck-female-adult": {"all": { base: "entity/duck/pekin-duck-female" } },
		"*-pekin-duck-baby": {"all": { base: "entity/duck/pekin-duckling-1" } },

		"*-c_crow":{"all": { base: "entity/c_crow/crow-redo" } },
		"*-crow_flying":{"all": { base: "entity/c_crow/crow-redo" } },
		
		"*-waxwing_f":{"all": { base: "entity/waxwing/waxwing_t" } },			
		"*-waxwing_g":{"all": { base: "entity/waxwing/waxwing_t" } },		
		
		"*-isopod-woodlouse":{"all": { base: "entity/woodlouse/woodlouse1" } },		
		"*-isopod-rubberducky":{"all": { base: "entity/isopod/isopod_ruberducky_v2" } },

		"*-yak-male":{"all": { base: "entity/yak/yak0" } },
		"*-yak-female":{"all": { base: "entity/yak/yak0" } },
		"*-yak-calf":{"all": { base: "entity/yak/yak0" } },

		"*-crab-both":{"all": { base: "entity/crab/crab_redx2" } },
		"*-crab-baby":{"all": { base: "entity/crab/crab_redx3" } },
		
		"*-robin_flying":{"all": { base: "entity/robin/robin-male" } },
		
				
		"*-snail-default":{"all": { base: "entity/snail/snail1" } },		
				
		"*-fieldmus":{"all": { base: "entity/mice/fieldmice" } },		
				
		"*-house-sparrow_f":{"all": { base: "entity/sparrow/sparrow-house-f" } },
		
		
		
		"*-squirrel-male-brown": {"all": { base: "entity/squirrel/male-brown" } },
		"*-squirrel-female-brown": {"all": { base: "entity/squirrel/male-brown" } },
		"*-squirrel-baby-brown": {"all": { base: "entity/squirrel/male-brown" } },		
				
		"*-squirrel-male-darkbrown": {"all": { base: "entity/squirrel/male-darkbrown" } },
		"*-squirrel-female-darkbrown": {"all": { base: "entity/squirrel/male-darkbrown" } },
		"*-squirrel-baby-darkbrown": {"all": { base: "entity/squirrel/male-darkbrown" } },		
		
		"*-squirrel-male-black": {"all": { base: "entity/squirrel/male-black" } },
		"*-squirrel-female-black": {"all": { base: "entity/squirrel/male-black" } },
		"*-squirrel-baby-black": {"all": { base: "entity/squirrel/male-black" } },		

		"*-squirrel-male-red": {"all": { base: "entity/squirrel/male-red" } },
		"*-squirrel-female-red": {"all": { base: "entity/squirrel/male-red" } },
		"*-squirrel-baby-red": {"all": { base: "entity/squirrel/male-red" } },		

		"*-chipmunk-male": {"all": { base: "entity/chipmunk/both-darkbrown" } },
		"*-chipmunk-female": {"all": { base: "entity/chipmunk/both-darkbrown" } },
		"*-chipmunk-baby": {"all": { base: "entity/chipmunk/both-darkbrown" } },
		
		"*-owl-brown-f": {"all": { base: "entity/owl/brown_owl" } },
		
	},
	creativeinventory: { "general": ["*"], "items": ["*"], "creatures": ["*"] },
	materialDensity: 600,
	guiTransformByType: {
		"*-hedgehog-*": {
			rotate: true,
			translation: { x: 2, y: 0, z: 0 },
			rotation: { x: 4, y: -59, z: -156 },
			origin: { x: 0.5, y: 0.15, z: 0.5 },
			scale: 3.5
		},
		
		
		"*-duck-*": {
			rotate: true,
			translation: { x: 2, y: -0.5, z: 0 },
			rotation: { x: 4, y: -59, z: -156 },
			origin: { x: 0.5, y: 0.25, z: 0.5 },
			scale: 3.5
		},			
		
		"*-owl-brown-f": {
			rotate: true,
			translation: { x: 2, y: -0.5, z: 0 },
			rotation: { x: 4, y: -59, z: -156 },
			origin: { x: 0.5, y: 0.25, z: 0.5 },
			scale: 2.5
		},		

		"*-c_crow": {
			rotate: true,
			translation: { x: 2, y: -0.5, z: 0 },
			rotation: { x: 4, y: -59, z: -156 },
			origin: { x: 0.5, y: 0.25, z: 0.5 },
			scale: 3.5
		},			
		
		"*-crow_flying": {
			rotate: true,
			translation: { x: 2, y: -0.5, z: 0 },
			rotation: { x: 4, y: -59, z: -156 },
			origin: { x: 0.5, y: 0.25, z: 0.5 },
			scale: 3.5
		},				

		"*-waxwing_f": {
			rotate: true,
			translation: { x: 2, y: -0.5, z: 0 },
			rotation: { x: 4, y: -59, z: -156 },
			origin: { x: 0.5, y: 0.25, z: 0.5 },
			scale: 3.5
		},
		
		"*-waxwing_g": {
			rotate: true,
			translation: { x: 2, y: -0.5, z: 0 },
			rotation: { x: 4, y: -59, z: -156 },
			origin: { x: 0.5, y: 0.25, z: 0.5 },
			scale: 3.5
		},		
		"*-house-sparrow_f": {
			rotate: true,
			translation: { x: 2, y: -0.5, z: 0 },
			rotation: { x: 4, y: -59, z: -156 },
			origin: { x: 0.5, y: 0.25, z: 0.5 },
			scale: 3.5
		},
		
		"*-robin_flying": {
			rotate: true,
			translation: { x: 2, y: -0.5, z: 0 },
			rotation: { x: 4, y: -59, z: -156 },
			origin: { x: 0.5, y: 0.25, z: 0.5 },
			scale: 3.5
		},
		"creature-crab-*": {
			rotate: true,
			translation: { x: 2, y: -0.1, z: 0 },
			rotation: { x: 4, y: -59, z: -156 },
			origin: { x: 0.5, y: 0.25, z: 0.5 },
			scale: 3.5
		},	
		"*-snail-default": {
			rotate: true,
			translation: { x: 2, y: -0.1, z: 0 },
			rotation: { x: 4, y: -59, z: -156 },
			origin: { x: 0.5, y: 0.25, z: 0.5 },
			scale: 3.5
		},	
		"*-yak-*": {
			translation: { x: 0, y: 0, z: 0 },
			rotation: { x: 180, y: -115, z: 6 },
			origin: { x: 0.5, y: 0.74, z: 0.5 },
		},
		"*-isopod-*": {
			rotate: true,
			translation: { x: 2, y: -0.5, z: 0 },
			rotation: { x: 4, y: -59, z: -156 },
			origin: { x: 0.5, y: 0.25, z: 0.5 },
			scale: 3.5
		},
		
		"*-squirrel-*": {
			rotate: true,
			translation: { x: 2, y: -0.5, z: 0 },
			rotation: { x: 4, y: -59, z: -156 },
			origin: { x: 0.5, y: 0.25, z: 0.5 },
			scale: 3.5
		},	
		"*-fieldmus": {
			rotate: true,
			translation: { x: 2, y: -0.5, z: 0 },
			rotation: { x: 4, y: -59, z: -156 },
			origin: { x: 0.5, y: 0.25, z: 0.5 },
			scale: 3.5
		},	
		"*-house-sparrow_f": {
			rotate: true,
			translation: { x: 2, y: -0.5, z: 0 },
			rotation: { x: 4, y: -59, z: -156 },
			origin: { x: 0.5, y: 0.25, z: 0.5 },
			scale: 3.5
		},	
		"*-chipmunk-*": {
			rotate: true,
			translation: { x: 2, y: -0.5, z: 0 },
			rotation: { x: 4, y: -59, z: -156 },
			origin: { x: 0.5, y: 0.25, z: 0.5 },
			scale: 3.5
		},	
	},

	
	tpHandTransformByType: {

		"*-hedgehog-*": {
			translation: { x: -0.8, y: -0.4, z: -0.5 },
			rotation: { x: -180, y: 0, z: -156 },
			scale: 0.70
		},	
		"*-owl-brown-f": {
			translation: { x: -0.8, y: -0.4, z: -0.5 },
			rotation: { x: -180, y: 0, z: -156 },
			scale: 0.70
		},	

		"*-duck-*": {
			translation: { x: -0.8, y: -0.4, z: -0.5 },
			rotation: { x: -180, y: 0, z: -156 },
			scale: 0.70
		},		
		
		"*-c_crow": {
			translation: { x: -0.8, y: -0.4, z: -0.5 },
			rotation: { x: -180, y: 0, z: -156 },
			scale: 0.70
		},	
		"*-crow_flying": {
			translation: { x: -0.8, y: -0.4, z: -0.5 },
			rotation: { x: -180, y: 0, z: -156 },
			scale: 0.70
		},		

		"*-robin_flying": {
			translation: { x: -0.8, y: -0.4, z: -0.5 },
			rotation: { x: -180, y: 0, z: -156 },
			scale: 0.70
		},			
		
	"creature-crab-*": {
			translation: { x: -1.38, y: -1.26, z: -1.39 },
			rotation: { x: 0, y: 17, z: 82 },
			origin: { x: 0.9, y: 0.8, z: 0.6 },
			scale: 0.66
		},			
	"creature-yak-*": {
			translation: { x: -1.38, y: -1.26, z: -1.39 },
			rotation: { x: 0, y: 17, z: 82 },
			origin: { x: 0.9, y: 0.8, z: 0.6 },
			scale: 0.56
		},	
		"creature-isopod-woodlouse": {
			translation: { x: -1.38, y: -1.26, z: -1.39 },
			rotation: { x: 0, y: 17, z: 82 },
			origin: { x: 0.9, y: 0.8, z: 0.6 },
			scale: 1.56
		},	
		"creature-isopod-rubberducky": {
			translation: { x: -1.38, y: -1.26, z: -1.39 },
			rotation: { x: 0, y: 17, z: 82 },
			origin: { x: 0.9, y: 0.8, z: 0.6 },
			scale: 1.56
		},
		
		
		"*-squirrel-*": {
			translation: { x: -0.8, y: -0.4, z: -0.5 },
			rotation: { x: -180, y: 0, z: -156 },
			scale: 0.70
		
	},				
		
		"*-house-sparrow_f": {
			translation: { x: -0.8, y: -0.4, z: -0.5 },
			rotation: { x: -180, y: 0, z: -156 },
			scale: 0.70
		
	},		
				
		
		"*-fieldmus": {
			translation: { x: -0.8, y: -0.4, z: -0.5 },
			rotation: { x: -180, y: 0, z: -156 },
			scale: 0.70
		},	
		
	},		
		
			
	fpHandTransformByType: {
		"*-hedgehog-*": {
			translation: { x: 0.4, y: 0, z: 0 },
			rotation: { x: -180, y: -96, z: -180 },
			scale: 1.16
		},
		"*-owl-brown-f": {
			translation: { x: 0.4, y: 0, z: 0 },
			rotation: { x: -180, y: -96, z: -180 },
			scale: 1.16
		},
	
		"*-duck-*": {
			translation: { x: 0.4, y: 0, z: 0 },
			rotation: { x: -180, y: -96, z: -180 },
			scale: 1.16
		},	

		"*-c_crow": {
			translation: { x: 0.4, y: 0, z: 0 },
			rotation: { x: -180, y: -96, z: -180 },
			scale: 1.16
		},
		
				"*-crow_flying": {
			translation: { x: 0.4, y: 0, z: 0 },
			rotation: { x: -180, y: -96, z: -180 },
			scale: 1.16
		},
		
				"*-robin_flying": {
			translation: { x: 0.4, y: 0, z: 0 },
			rotation: { x: -180, y: -96, z: -180 },
			scale: 1.16
		},
		
		"creature-crab-*": {
			translation: { x: 0.42, y: 0.15, z: 0 },
			rotation: { x: 0, y: -75, z: -25 },
			origin: { x: 0.5, y: 1, z: 0.5 },
			scale: 1.81
		},
		
		"creature-yak-*": {
			translation: { x: 0.42, y: 0.15, z: 0 },
			rotation: { x: 0, y: -75, z: -25 },
			origin: { x: 0.5, y: 1, z: 0.5 },
			scale: 1.01
		},		

		"*-isopod-*": {
			translation: { x: 0.42, y: 0.15, z: 0 },
			rotation: { x: 0, y: -75, z: -25 },
			origin: { x: 0.5, y: 1, z: 0.5 },
			scale: 1.81
		},
		
			
		"*-squirrel-*": {
			translation: { x: 0.4, y: 0, z: 0 },
			rotation: { x: -180, y: -96, z: -180 },
			scale: 1.16
		},		
			
		"*-house-sparrow_f": {
			translation: { x: 0.4, y: 0, z: 0 },
			rotation: { x: -180, y: -96, z: -180 },
			scale: 1.16
		},
		
		
		
		
		
		
	}
	
}