[
    {
        "op": "addeach",
        "path": "/buying/list/-",
        "value": [ 
            { "code": "aculinaryartillery:bottle-plain-burned", "type": "block", "stacksize": 2, "stock": { "avg": 3, "var": 1.25 }, "price": { "avg": 3, "var": 0.25 },
              "attributes": {
                    "ucontents": [
                        {
                            "type": "item",
                            "code": "soaplyeandbloom:tea-hibiscus",
                            "makefull": true
                        }
                    ]
              }},
            { "code": "aculinaryartillery:bottle-plain-burned", "type": "block", "stacksize": 2, "stock": { "avg": 3, "var": 1.25 }, "price": { "avg": 3, "var": 0.25 },
              "attributes": {
                    "ucontents": [
                        {
                            "type": "item",
                            "code": "soaplyeandbloom:tea-calendula",
                            "makefull": true
                        }
                    ]
              }},
            { "code": "aculinaryartillery:bottle-plain-burned", "type": "block", "stacksize": 2, "stock": { "avg": 3, "var": 1.25 }, "price": { "avg": 3, "var": 0.25 },
              "attributes": {
                    "ucontents": [
                        {
                            "type": "item",
                            "code": "soaplyeandbloom:tea-mint",
                            "makefull": true
                        }
                    ]
              }}
        ],
        "file": "game:config/tradelists/trader-treasurehunter.json",
        "side": "Server",
        "dependsOn": [ { "modid": "aculinaryartillery" } ]
    }
]