{
	"editor": {
		"collapsedPaths": "Root/group",
		"allAngles": false,
		"entityTextureMode": false
	},
	"textureWidth": 32,
	"textureHeight": 32,
	"textureSizes": {
		"leaves2": [ 32, 32 ],
		"leaves3": [ 32, 32 ],
		"stem-green": [ 16, 16 ]
	},
	"textures": {
		"stem-green": "game:block/plant/bamboo/stem-green"

	},
	"elements": [
		{
			"name": "StalkSW",
			"from": [ 4.0, 0.0, 11.0 ],
			"to": [ 6.0, 8.01, 13.0 ],
			"windMode": 4,
			"faces": {
				"north": {
					"texture": "#stem-green",
					"uv": [ 5.0, 7.5, 7.0, 15.5 ],
					"windMode": [ 5, 5, 5, 5 ]
				},
				"east": {
					"texture": "#stem-green",
					"uv": [ 4.5, 8.0, 6.5, 16.0 ],
					"windMode": [ 5, 5, 5, 5 ]
				},
				"south": {
					"texture": "#stem-green",
					"uv": [ 4.0, 8.0, 6.0, 16.0 ],
					"windMode": [ 5, 5, 5, 5 ]
				},
				"west": {
					"texture": "#stem-green",
					"uv": [ 5.0, 8.0, 7.0, 16.0 ],
					"windMode": [ 5, 5, 5, 5 ]
				},
				"up": {
					"texture": "#stem-green",
					"uv": [ 8.0, 14.0, 10.0, 16.0 ],
					"windMode": [ 5, 5, 5, 5 ]
				},
				"down": {
					"texture": "#stem-green",
					"uv": [ 8.0, 14.0, 10.0, 16.0 ],
					"windMode": [ 5, 5, 5, 5 ]
				}
			}
		},
		{
			"name": "StalkSE",
			"from": [ 12.0, 0.0, 12.0 ],
			"to": [ 14.0, 14.0, 14.0 ],
			"windMode": 4,
			"faces": {
				"north": {
					"texture": "#stem-green",
					"uv": [ 4.5, 2.0, 6.5, 16.0 ],
					"windMode": [ 5, 5, 5, 5 ]
				},
				"east": {
					"texture": "#stem-green",
					"uv": [ 6.0, 2.0, 8.0, 16.0 ],
					"windMode": [ 5, 5, 5, 5 ]
				},
				"south": {
					"texture": "#stem-green",
					"uv": [ 5.0, 2.0, 7.0, 16.0 ],
					"windMode": [ 5, 5, 5, 5 ]
				},
				"west": {
					"texture": "#stem-green",
					"uv": [ 5.0, 2.0, 7.0, 16.0 ],
					"windMode": [ 5, 5, 5, 5 ]
				},
				"up": {
					"texture": "#stem-green",
					"uv": [ 8.0, 14.0, 10.0, 16.0 ],
					"windMode": [ 5, 5, 5, 5 ]
				},
				"down": {
					"texture": "#stem-green",
					"uv": [ 8.0, 14.0, 10.0, 16.0 ],
					"windMode": [ 5, 5, 5, 5 ]
				}
			}
		},
		{
			"name": "StalkNE",
			"from": [ 10.0, 0.0, 4.0 ],
			"to": [ 12.0, 11.0, 6.0 ],
			"windMode": 4,
			"faces": {
				"north": {
					"texture": "#stem-green",
					"uv": [ 0.0, 5.0, 2.0, 16.0 ],
					"windMode": [ 5, 5, 5, 5 ]
				},
				"east": {
					"texture": "#stem-green",
					"uv": [ 1.0, 5.0, 3.0, 16.0 ],
					"windMode": [ 5, 5, 5, 5 ]
				},
				"south": {
					"texture": "#stem-green",
					"uv": [ 1.0, 5.0, 3.0, 16.0 ],
					"windMode": [ 5, 5, 5, 5 ]
				},
				"west": {
					"texture": "#stem-green",
					"uv": [ 0.5, 5.0, 2.5, 16.0 ],
					"windMode": [ 5, 5, 5, 5 ]
				},
				"up": {
					"texture": "#stem-green",
					"uv": [ 8.0, 14.0, 10.0, 16.0 ],
					"windMode": [ 5, 5, 5, 5 ]
				},
				"down": {
					"texture": "#stem-green",
					"uv": [ 8.0, 14.0, 10.0, 16.0 ],
					"windMode": [ 5, 5, 5, 5 ]
				}
			}
		},
		{
			"name": "StalkNW",
			"from": [ 3.0, 0.0, 2.0 ],
			"to": [ 5.0, 13.0, 4.0 ],
			"windMode": 4,
			"faces": {
				"north": {
					"texture": "#stem-green",
					"uv": [ 6.0, 3.0, 8.0, 16.0 ],
					"windMode": [ 5, 5, 5, 5 ]
				},
				"east": {
					"texture": "#stem-green",
					"uv": [ 5.0, 3.0, 7.0, 16.0 ],
					"windMode": [ 5, 5, 5, 5 ]
				},
				"south": {
					"texture": "#stem-green",
					"uv": [ 4.5, 3.0, 6.5, 16.0 ],
					"windMode": [ 5, 5, 5, 5 ]
				},
				"west": {
					"texture": "#stem-green",
					"uv": [ 5.0, 3.0, 7.0, 16.0 ],
					"windMode": [ 5, 5, 5, 5 ]
				},
				"up": {
					"texture": "#stem-green",
					"uv": [ 8.0, 14.0, 10.0, 16.0 ],
					"windMode": [ 5, 5, 5, 5 ]
				},
				"down": {
					"texture": "#stem-green",
					"uv": [ 8.0, 14.0, 10.0, 16.0 ],
					"windMode": [ 5, 5, 5, 5 ]
				}
			}
		},
		{
			"name": "largel branch",
			"from": [ 0.0, 0.0, 0.0 ],
			"to": [ 1.0, 1.0, 1.0 ],
			"renderPass": 1,
			"windMode": 5,
			"climateColorMap": "climatePlantTint",
			"faces": {
			},
			"children": [
				{
					"name": "large3",
					"from": [ -13.8, -8.5, 8.5 ],
					"to": [ 27.8, 23.5, 8.5 ],
					"shade": false,
					"rotationOrigin": [ 7.0, 7.5, 8.5 ],
					"rotationY": 45.0,
					"renderPass": 1,
					"windMode": 5,
					"climateColorMap": "climatePlantTint",
					"faces": {
						"north": {
							"texture": "#leaves2",
							"uv": [ 0.0, 0.0, 32.0, 32.0 ],
							"autoUv": false,
							"windMode": [ 3, 3, 3, 3 ]
						}
					}
				},
				{
					"name": "large4",
					"from": [ -13.8, -8.5, 8.5 ],
					"to": [ 27.8, 23.5, 8.5 ],
					"shade": false,
					"rotationOrigin": [ 7.0, 7.5, 8.5 ],
					"rotationY": -45.0,
					"renderPass": 1,
					"windMode": 5,
					"climateColorMap": "climatePlantTint",
					"faces": {
						"north": {
							"texture": "#leaves3",
							"uv": [ 0.0, 0.0, 32.0, 32.0 ],
							"autoUv": false,
							"windMode": [ 3, 3, 3, 3 ]
						}
					}
				}
			]
		}
	]}