{
    "editor": {
        "collapsedPaths": "Root/Berries,Root/Stem,Root/Berries2,Root/Leaves2,Root/Branches,Root/Stem2",
        "allAngles": false,
        "entityTextureMode": false
    },
    "textureWidth": 16,
    "textureHeight": 16,
    "textureSizes": {
    },
    "textures": {
        "stem-green": "game:block/plant/bamboo/stem-green"
    },
    "elements": [

        {
            "name": "StalkMidNW",
            "from": [ 5.0, 0.0, 5.0 ],
            "to": [ 8.0, 16.0, 8.0 ],
            "windMode": 4,
            "faces": {
                "north": {
                    "texture": "#stem-green",
                    "uv": [ 0.5, 0.0, 3.5, 16.0 ],
                    "windMode": [ 5, 5, 5, 5 ]
                },
                "east": {
                    "texture": "#stem-green",
                    "uv": [ 1.0, 0.0, 4.0, 16.0 ],
                    "windMode": [ 5, 5, 5, 5 ]
                },
                "south": {
                    "texture": "#stem-green",
                    "uv": [ 0.5, 0.0, 3.5, 16.0 ],
                    "windMode": [ 5, 5, 5, 5 ]
                },
                "west": {
                    "texture": "#stem-green",
                    "uv": [ 1.0, 0.0, 4.0, 16.0 ],
                    "windMode": [ 5, 5, 5, 5 ]
                },
                "up": {
                    "texture": "#stem-green",
                    "uv": [ 8.0, 11.0, 11.0, 14.0 ],
                    "windMode": [ 5, 5, 5, 5 ]
                },
                "down": {
                    "texture": "#stem-green",
                    "uv": [ 8.0, 11.0, 11.0, 14.0 ],
                    "windMode": [ 5, 5, 5, 5 ]
                }
            }
        },
        {
            "name": "StalkMidSE",
            "from": [ 9.0, 0.0, 9.0 ],
            "to": [ 12.0, 16.0, 12.0 ],
            "windMode": 4,
            "faces": {
                "north": {
                    "texture": "#stem-green",
                    "uv": [ 4.0, 0.0, 7.0, 16.0 ],
                    "windMode": [ 5, 5, 5, 5 ]
                },
                "east": {
                    "texture": "#stem-green",
                    "uv": [ 4.0, 0.0, 7.0, 16.0 ],
                    "windMode": [ 5, 5, 5, 5 ]
                },
                "south": {
                    "texture": "#stem-green",
                    "uv": [ 5.0, 0.0, 8.0, 16.0 ],
                    "windMode": [ 5, 5, 5, 5 ]
                },
                "west": {
                    "texture": "#stem-green",
                    "uv": [ 4.5, 0.0, 7.5, 16.0 ],
                    "windMode": [ 5, 5, 5, 5 ]
                },
                "up": {
                    "texture": "#stem-green",
                    "uv": [ 8.0, 11.0, 11.0, 14.0 ],
                    "windMode": [ 5, 5, 5, 5 ]
                },
                "down": {
                    "texture": "#stem-green",
                    "uv": [ 8.0, 11.0, 11.0, 14.0 ],
                    "windMode": [ 5, 5, 5, 5 ]
                }
            }
        }
    ]
}
