{
	"editor": {
		"backDropShape": "C:/Users/ahron/Documents/GitHub/VS_FeverstoneWilds/feverstonewilds/resources/assets/feverstonewilds/shapes/entity/land/horse-quarter",
		"collapsedPaths": "Root/ORIGINbridle/ORIGINstraps/StrapBottom,Root/ORIGINbridle/Bit/BitEndS5/BitEndS7,Root/ORIGINbridle/Bit/StrapBottom,Root/ORIGINbridle/ORIGINstraps/ReinsS1,Root/ORIGINbridle/ORIGINstraps/BitEndN2,Root/ORIGINbridle/Bit/BitEndS5,Root/ORIGINbridle/Bit/StrapTop,Root/ORIGINbridle/Bit/ReinsN4,Root/ORIGINbridle/Bit/ReinsN,Root/ORIGINbridle/ORIGINstraps/StrapBack1,Root/ORIGINbridle/Bit/BitEndS,Root/ORIGINbridle/ORIGINstraps/ReinsN1",
		"allAngles": true,
		"entityTextureMode": false
	},
	"textureWidth": 16,
	"textureHeight": 16,
	"textureSizes": {
		"plain": [16,16]
	},
	"textures": {
		"plain": "game:block/leather/plain",
		"tinbronze1": "game:block/metal/sheet-plain/tinbronze1"
	},
	"elements": [
		{
			"name": "ORIGINbridle",
			"stepParentName": "JowlLower",
			"from": [ -1.6, 0.0, -0.6 ],
			"to": [ -0.6, 1.0, 0.4 ],
			"rotationOrigin": [ -0.6, 0.0, -0.6 ],
			"rotationZ": -53.0,
			"faces": {
			},
			"children": [
				{
					"name": "Bit",
					"from": [ -0.7, -0.5, 0.9 ],
					"to": [ -0.2, 0.0, 5.7 ],
					"rotationOrigin": [ -0.7, -0.5, 2.0 ],
					"rotationZ": 40.0,
					"faces": {
					},
					"children": [
						{
							"name": "BitEndS",
							"from": [ 0.1, -0.4, 4.8 ],
							"to": [ 0.4, 0.9, 5.1 ],
							"rotationOrigin": [ 0.4, -0.4, 4.8 ],
							"rotationY": -26.0,
							"faces": {
								"north": { "texture": "#tinbronze1", "uv": [ 2.0, 2.5, 2.5, 3.5 ] },
								"east": { "texture": "#tinbronze1", "uv": [ 11.0, 0.0, 11.5, 1.0 ] },
								"south": { "texture": "#tinbronze1", "uv": [ 11.0, 9.0, 11.5, 10.0 ] },
								"west": { "texture": "#tinbronze1", "uv": [ 3.0, 13.0, 3.5, 14.0 ] },
								"up": { "texture": "#tinbronze1", "uv": [ 9.5, 14.5, 10.0, 15.0 ] },
								"down": { "texture": "#tinbronze1", "uv": [ 10.0, 10.5, 10.5, 11.0 ] }
							},
							"children": [
								{
									"name": "BitEndS2",
									"from": [ 1.1, 0.0, 0.0 ],
									"to": [ 1.4, 1.3, 0.3 ],
									"rotationOrigin": [ 1.1, 0.0, 0.0 ],
									"faces": {
										"north": { "texture": "#tinbronze1", "uv": [ 4.0, 12.5, 4.5, 13.5 ] },
										"east": { "texture": "#tinbronze1", "uv": [ 11.5, 2.0, 12.0, 3.0 ] },
										"south": { "texture": "#tinbronze1", "uv": [ 14.0, 6.0, 14.5, 7.0 ] },
										"west": { "texture": "#tinbronze1", "uv": [ 4.5, 7.0, 5.0, 8.0 ] },
										"up": { "texture": "#tinbronze1", "uv": [ 6.5, 2.5, 7.0, 3.0 ] },
										"down": { "texture": "#tinbronze1", "uv": [ 10.0, 8.0, 10.5, 8.5 ] }
									},
									"children": [
										{
											"name": "leatherknotS",
											"from": [ -0.1, 0.4, -0.1 ],
											"to": [ 0.4, 0.9, 0.4 ],
											"rotationOrigin": [ -0.1, 0.4, -0.1 ],
											"faces": {
												"north": { "texture": "#plain", "uv": [ 0.0, 0.0, 0.5, 0.5 ] },
												"east": { "texture": "#plain", "uv": [ 0.0, 0.0, 0.5, 0.5 ] },
												"south": { "texture": "#plain", "uv": [ 0.0, 0.0, 0.5, 0.5 ] },
												"west": { "texture": "#plain", "uv": [ 0.0, 0.0, 0.5, 0.5 ] },
												"up": { "texture": "#plain", "uv": [ 0.0, 0.0, 0.5, 0.5 ] },
												"down": { "texture": "#plain", "uv": [ 0.0, 0.0, 0.5, 0.5 ] }
											}
										},
										{
											"name": "leatherknotS3",
											"from": [ -1.2, 0.8, -0.1 ],
											"to": [ -0.7, 1.3, 0.4 ],
											"rotationOrigin": [ -1.2, 0.8, -0.1 ],
											"faces": {
												"north": { "texture": "#plain", "uv": [ 0.0, 0.0, 0.5, 0.5 ] },
												"east": { "texture": "#plain", "uv": [ 0.0, 0.0, 0.5, 0.5 ] },
												"south": { "texture": "#plain", "uv": [ 0.0, 0.0, 0.5, 0.5 ] },
												"west": { "texture": "#plain", "uv": [ 0.0, 0.0, 0.5, 0.5 ] },
												"up": { "texture": "#plain", "uv": [ 0.0, 0.0, 0.5, 0.5 ] },
												"down": { "texture": "#plain", "uv": [ 0.0, 0.0, 0.5, 0.5 ] }
											}
										}
									]
								},
								{
									"name": "BitEndS3",
									"from": [ 0.3, 0.0, 0.0 ],
									"to": [ 1.1, 0.3, 0.3 ],
									"rotationOrigin": [ 0.3, 0.0, 0.0 ],
									"faces": {
										"north": { "texture": "#tinbronze1", "uv": [ 6.5, 5.0, 7.0, 5.5 ] },
										"south": { "texture": "#tinbronze1", "uv": [ 8.0, 2.0, 8.5, 2.5 ] },
										"up": { "texture": "#tinbronze1", "uv": [ 0.0, 7.5, 0.5, 8.0 ] },
										"down": { "texture": "#tinbronze1", "uv": [ 8.5, 6.5, 9.0, 7.0 ] }
									},
									"children": [
										{
											"name": "Cube2",
											"from": [ 0.1, -0.1, 0.0 ],
											"to": [ 0.6, 0.4, 0.5 ],
											"rotationOrigin": [ 0.1, -0.1, 0.0 ],
											"faces": {
												"north": { "texture": "#plain", "uv": [ 6.5, 10.5, 7.0, 11.0 ] },
												"east": { "texture": "#plain", "uv": [ 13.0, 1.5, 13.5, 2.0 ] },
												"south": { "texture": "#plain", "uv": [ 9.0, 9.5, 9.5, 10.0 ] },
												"west": { "texture": "#plain", "uv": [ 14.5, 9.5, 15.0, 10.0 ] },
												"up": { "texture": "#plain", "uv": [ 7.5, 14.5, 8.0, 15.0 ] },
												"down": { "texture": "#plain", "uv": [ 15.0, 4.0, 15.5, 4.5 ] }
											}
										}
									]
								},
								{
									"name": "BitEndS4",
									"from": [ 0.3, 1.0, 0.0 ],
									"to": [ 1.1, 1.3, 0.3 ],
									"rotationOrigin": [ 0.3, 1.0, 0.0 ],
									"faces": {
										"north": { "texture": "#tinbronze1", "uv": [ 13.5, 5.5, 14.0, 6.0 ] },
										"south": { "texture": "#tinbronze1", "uv": [ 12.5, 3.5, 13.0, 4.0 ] },
										"up": { "texture": "#tinbronze1", "uv": [ 9.5, 3.0, 10.0, 3.5 ] },
										"down": { "texture": "#tinbronze1", "uv": [ 10.0, 13.5, 10.5, 14.0 ] }
									}
								}
							]
						},
						{
							"name": "BitEndS5",
							"from": [ 0.1, -0.4, -0.3 ],
							"to": [ 0.4, 0.9, 0.0 ],
							"rotationOrigin": [ 0.4, -0.4, 0.0 ],
							"rotationY": 26.0,
							"faces": {
								"north": { "texture": "#tinbronze1", "uv": [ 2.0, 2.5, 2.5, 3.5 ] },
								"east": { "texture": "#tinbronze1", "uv": [ 11.0, 0.0, 11.5, 1.0 ] },
								"south": { "texture": "#tinbronze1", "uv": [ 11.0, 9.0, 11.5, 10.0 ] },
								"west": { "texture": "#tinbronze1", "uv": [ 3.0, 13.0, 3.5, 14.0 ] },
								"up": { "texture": "#tinbronze1", "uv": [ 9.5, 14.5, 10.0, 15.0 ] },
								"down": { "texture": "#tinbronze1", "uv": [ 10.0, 10.5, 10.5, 11.0 ] }
							},
							"children": [
								{
									"name": "BitEndS6",
									"from": [ 1.1, 0.0, 0.0 ],
									"to": [ 1.4, 1.3, 0.3 ],
									"rotationOrigin": [ 1.1, 0.0, 0.0 ],
									"faces": {
										"north": { "texture": "#tinbronze1", "uv": [ 4.0, 12.5, 4.5, 13.5 ] },
										"east": { "texture": "#tinbronze1", "uv": [ 11.5, 2.0, 12.0, 3.0 ] },
										"south": { "texture": "#tinbronze1", "uv": [ 14.0, 6.0, 14.5, 7.0 ] },
										"west": { "texture": "#tinbronze1", "uv": [ 4.5, 7.0, 5.0, 8.0 ] },
										"up": { "texture": "#tinbronze1", "uv": [ 6.5, 2.5, 7.0, 3.0 ] },
										"down": { "texture": "#tinbronze1", "uv": [ 10.0, 8.0, 10.5, 8.5 ] }
									},
									"children": [
										{
											"name": "leatherknotS2",
											"from": [ -0.1, 0.4, -0.1 ],
											"to": [ 0.4, 0.9, 0.4 ],
											"rotationOrigin": [ -0.1, 0.4, -0.1 ],
											"faces": {
												"north": { "texture": "#plain", "uv": [ 0.0, 0.0, 0.5, 0.5 ] },
												"east": { "texture": "#plain", "uv": [ 0.0, 0.0, 0.5, 0.5 ] },
												"south": { "texture": "#plain", "uv": [ 0.0, 0.0, 0.5, 0.5 ] },
												"west": { "texture": "#plain", "uv": [ 0.0, 0.0, 0.5, 0.5 ] },
												"up": { "texture": "#plain", "uv": [ 0.0, 0.0, 0.5, 0.5 ] },
												"down": { "texture": "#plain", "uv": [ 0.0, 0.0, 0.5, 0.5 ] }
											}
										},
										{
											"name": "leatherknotS4",
											"from": [ -1.2, 0.9, -0.1 ],
											"to": [ -0.7, 1.4, 0.4 ],
											"rotationOrigin": [ -1.2, 0.9, -0.1 ],
											"faces": {
												"north": { "texture": "#plain", "uv": [ 0.0, 0.0, 0.5, 0.5 ] },
												"east": { "texture": "#plain", "uv": [ 0.0, 0.0, 0.5, 0.5 ] },
												"south": { "texture": "#plain", "uv": [ 0.0, 0.0, 0.5, 0.5 ] },
												"west": { "texture": "#plain", "uv": [ 0.0, 0.0, 0.5, 0.5 ] },
												"up": { "texture": "#plain", "uv": [ 0.0, 0.0, 0.5, 0.5 ] },
												"down": { "texture": "#plain", "uv": [ 0.0, 0.0, 0.5, 0.5 ] }
											}
										}
									]
								},
								{
									"name": "BitEndS7",
									"from": [ 0.3, 0.0, 0.0 ],
									"to": [ 1.1, 0.3, 0.3 ],
									"rotationOrigin": [ 0.3, 0.0, 0.0 ],
									"faces": {
										"north": { "texture": "#tinbronze1", "uv": [ 6.5, 5.0, 7.0, 5.5 ] },
										"south": { "texture": "#tinbronze1", "uv": [ 8.0, 2.0, 8.5, 2.5 ] },
										"up": { "texture": "#tinbronze1", "uv": [ 0.0, 7.5, 0.5, 8.0 ] },
										"down": { "texture": "#tinbronze1", "uv": [ 8.5, 6.5, 9.0, 7.0 ] }
									},
									"children": [
										{
											"name": "leatherknotN",
											"from": [ 0.1, -0.1, -0.1 ],
											"to": [ 0.6, 0.4, 0.4 ],
											"rotationOrigin": [ 0.1, -0.1, -0.1 ],
											"faces": {
												"north": { "texture": "#plain", "uv": [ 0.0, 0.0, 0.5, 0.5 ] },
												"east": { "texture": "#plain", "uv": [ 0.0, 0.0, 0.5, 0.5 ] },
												"south": { "texture": "#plain", "uv": [ 0.0, 0.0, 0.5, 0.5 ] },
												"west": { "texture": "#plain", "uv": [ 0.0, 0.0, 0.5, 0.5 ] },
												"up": { "texture": "#plain", "uv": [ 0.0, 0.0, 0.5, 0.5 ] },
												"down": { "texture": "#plain", "uv": [ 0.0, 0.0, 0.5, 0.5 ] }
											}
										}
									]
								},
								{
									"name": "BitEndS8",
									"from": [ 0.3, 1.0, 0.0 ],
									"to": [ 1.1, 1.3, 0.3 ],
									"rotationOrigin": [ 0.3, 1.0, 0.0 ],
									"faces": {
										"north": { "texture": "#tinbronze1", "uv": [ 13.5, 5.5, 14.0, 6.0 ] },
										"south": { "texture": "#tinbronze1", "uv": [ 12.5, 3.5, 13.0, 4.0 ] },
										"up": { "texture": "#tinbronze1", "uv": [ 9.5, 3.0, 10.0, 3.5 ] },
										"down": { "texture": "#tinbronze1", "uv": [ 10.0, 13.5, 10.5, 14.0 ] }
									}
								}
							]
						}
					]
				},
				{
					"name": "ORIGINstraps",
					"from": [ 0.0, 0.0, 0.0 ],
					"to": [ 1.0, 1.0, 1.0 ],
					"faces": {
					},
					"children": [
						{
							"name": "StrapBack1",
							"from": [ 9.64, 7.96, 1.3 ],
							"to": [ 9.94, 8.46, 5.3 ],
							"rotationOrigin": [ 9.6389, 7.9638, 1.3 ],
							"rotationZ": 40.0,
							"faces": {
								"north": { "texture": "#plain", "uv": [ 6.0, 3.0, 6.5, 3.5 ] },
								"east": { "texture": "#plain", "uv": [ 7.0, 11.5, 11.0, 12.0 ] },
								"south": { "texture": "#plain", "uv": [ 15.0, 8.0, 15.5, 8.5 ] },
								"west": { "texture": "#plain", "uv": [ 4.5, 11.0, 8.5, 11.5 ] },
								"up": { "texture": "#plain", "uv": [ 2.0, 0.5, 2.5, 4.5 ] },
								"down": { "texture": "#plain", "uv": [ 0.5, 5.5, 1.0, 9.5 ] }
							},
							"children": [
								{
									"name": "StrapMainN",
									"from": [ -12.3, 0.1, -1.2 ],
									"to": [ 0.3, 0.6, -0.9 ],
									"rotationOrigin": [ -12.3, 0.1, -1.2 ],
									"rotationY": -6.0,
									"faces": {
										"north": { "texture": "#plain", "uv": [ 2.5, 5.0, 15.0, 5.5 ], "windMode": [-1,-1,-1,-1], "windData": [1,1,1,1] },
										"south": { "texture": "#plain", "uv": [ 6.5, 15.0, 19.0, 15.5 ] },
										"west": { "texture": "#plain", "uv": [ 13.0, 7.5, 13.5, 8.0 ], "windMode": [-1,-1,-1,-1], "windData": [1,1,1,1] },
										"up": { "texture": "#plain", "uv": [ 4.0, 12.0, 16.5, 12.5 ] },
										"down": { "texture": "#plain", "uv": [ 0.0, 8.0, 12.5, 8.5 ] }
									}
								},
								{
									"name": "StrapMainS",
									"from": [ -12.2, 0.11, 4.9 ],
									"to": [ 0.3, 0.61, 5.2 ],
									"rotationOrigin": [ -12.1908, 0.111, 4.9 ],
									"rotationY": 6.0,
									"faces": {
										"north": { "texture": "#plain", "uv": [ 3.0, 0.5, 15.5, 1.0 ], "windMode": [-1,-1,-1,-1], "windData": [1,1,1,1] },
										"south": { "texture": "#plain", "uv": [ 4.5, 1.5, 17.0, 2.0 ] },
										"west": { "texture": "#plain", "uv": [ 11.5, 12.0, 12.0, 12.5 ], "windMode": [-1,-1,-1,-1], "windData": [1,1,1,1] },
										"up": { "texture": "#plain", "uv": [ 8.5, 2.5, 21.0, 3.0 ] },
										"down": { "texture": "#plain", "uv": [ 1.0, 9.5, 13.5, 10.0 ] }
									}
								}
							]
						},
						{
							"name": "BitEndN2",
							"from": [ 2.3272, 1.6485, 0.3 ],
							"to": [ 3.4272, 2.7485, 0.7 ],
							"rotationOrigin": [ 2.3272, 1.6485, 0.3 ],
							"rotationZ": 40.0,
							"faces": {
								"north": { "texture": "#tinbronze1", "uv": [ 4.5, 7.5, 5.5, 8.5 ] },
								"east": { "texture": "#tinbronze1", "uv": [ 10.5, 10.0, 11.0, 11.0 ] },
								"south": { "texture": "#tinbronze1", "uv": [ 12.0, 7.0, 13.0, 8.0 ] },
								"west": { "texture": "#tinbronze1", "uv": [ 8.5, 5.0, 9.0, 6.0 ] },
								"up": { "texture": "#tinbronze1", "uv": [ 8.5, 10.0, 9.5, 10.5 ] },
								"down": { "texture": "#tinbronze1", "uv": [ 1.0, 0.0, 2.0, 0.5 ] }
							},
							"children": [
								{
									"name": "BitEndN3",
									"from": [ 0.0, 0.0, 5.7 ],
									"to": [ 1.1, 1.1, 6.1 ],
									"rotationOrigin": [ 0.0, 0.0, 5.7 ],
									"faces": {
										"north": { "texture": "#tinbronze1", "uv": [ 4.5, 7.5, 5.5, 8.5 ] },
										"east": { "texture": "#tinbronze1", "uv": [ 10.5, 10.0, 11.0, 11.0 ] },
										"south": { "texture": "#tinbronze1", "uv": [ 12.0, 7.0, 13.0, 8.0 ] },
										"west": { "texture": "#tinbronze1", "uv": [ 8.5, 5.0, 9.0, 6.0 ] },
										"up": { "texture": "#tinbronze1", "uv": [ 8.5, 10.0, 9.5, 10.5 ] },
										"down": { "texture": "#tinbronze1", "uv": [ 1.0, 0.0, 2.0, 0.5 ] }
									}
								}
							]
						},
						{
							"name": "StrapTop",
							"from": [ 1.85, 2.684, 0.3 ],
							"to": [ 2.35, 8.284, 0.6 ],
							"rotationOrigin": [ 1.85, 2.684, 0.3 ],
							"rotationX": 3.0,
							"rotationZ": 3.0,
							"faces": {
								"north": { "texture": "#plain", "uv": [ 0.0, 0.0, 0.5, 5.5 ] },
								"east": { "texture": "#plain", "uv": [ 0.0, 0.0, 0.5, 5.5 ] },
								"south": { "texture": "#plain", "uv": [ 0.0, 0.0, 0.5, 5.5 ] },
								"west": { "texture": "#plain", "uv": [ 0.0, 0.0, 0.5, 5.5 ] },
								"up": { "texture": "#plain", "uv": [ 0.0, 0.0, 0.5, 0.5 ] }
							},
							"children": [
								{
									"name": "StrapTop2",
									"from": [ 0.0, 0.0, 5.8 ],
									"to": [ 0.5, 5.7, 6.1 ],
									"rotationOrigin": [ 0.0, 0.0, 5.8 ],
									"rotationX": -3.0,
									"faces": {
										"north": { "texture": "#plain", "uv": [ 0.0, 0.0, 0.5, 5.5 ] },
										"east": { "texture": "#plain", "uv": [ 0.0, 0.0, 0.5, 5.5 ] },
										"south": { "texture": "#plain", "uv": [ 0.0, 0.0, 0.5, 5.5 ] },
										"west": { "texture": "#plain", "uv": [ 0.0, 0.0, 0.5, 5.5 ] },
										"up": { "texture": "#plain", "uv": [ 0.0, 0.0, 0.5, 0.5 ] }
									}
								},
								{
									"name": "StrapTop3",
									"from": [ 0.0, 5.4, 0.0 ],
									"to": [ 0.5, 5.7, 5.8 ],
									"rotationOrigin": [ 0.0, 5.4, 0.0 ],
									"faces": {
										"east": { "texture": "#plain", "uv": [ 0.0, 0.0, 5.5, 0.5 ] },
										"west": { "texture": "#plain", "uv": [ 0.0, 0.0, 5.5, 0.5 ] },
										"up": { "texture": "#plain", "uv": [ 0.0, 0.0, 0.5, 5.5 ] }
									}
								}
							]
						},
						{
							"name": "StrapBottom",
							"from": [ 2.7868, 2.0342, 0.4 ],
							"to": [ 3.2868, 3.7342, 0.7 ],
							"rotationOrigin": [ 2.7868, 2.0342, 0.4 ],
							"rotationZ": 164.0,
							"faces": {
								"north": { "texture": "#plain", "uv": [ 12.5, 9.5, 13.0, 11.0 ], "windMode": [-1,-1,-1,-1], "windData": [1,1,1,1] },
								"east": { "texture": "#plain", "uv": [ 10.5, 6.5, 11.0, 8.0 ] },
								"south": { "texture": "#plain", "uv": [ 5.5, 1.0, 6.0, 2.5 ] },
								"west": { "texture": "#plain", "uv": [ 2.0, 10.5, 2.5, 12.0 ] },
								"up": { "texture": "#plain", "uv": [ 3.0, 6.0, 3.5, 6.5 ], "windMode": [-1,-1,-1,-1], "windData": [1,1,1,1] }
							},
							"children": [
								{
									"name": "StrapBottom2",
									"from": [ 0.0, 1.4, 0.3 ],
									"to": [ 0.5, 1.7, 5.7 ],
									"rotationOrigin": [ 0.0, 1.4, 0.3 ],
									"faces": {
										"north": { "texture": "#plain", "uv": [ 1.0, 12.0, 1.5, 12.5 ] },
										"east": { "texture": "#plain", "uv": [ 3.0, 8.5, 8.0, 9.0 ] },
										"south": { "texture": "#plain", "uv": [ 13.5, 14.5, 14.0, 15.0 ] },
										"west": { "texture": "#plain", "uv": [ 5.5, 7.5, 10.5, 8.0 ] },
										"up": { "texture": "#plain", "uv": [ 7.5, 5.5, 8.0, 10.5 ] }
									}
								},
								{
									"name": "StrapBottom3",
									"from": [ 0.0, 0.0, 5.7 ],
									"to": [ 0.5, 1.7, 6.0 ],
									"rotationOrigin": [ 0.0, 0.0, 5.7 ],
									"faces": {
										"north": { "texture": "#plain", "uv": [ 0.5, 10.0, 1.0, 11.5 ] },
										"east": { "texture": "#plain", "uv": [ 8.0, 12.0, 8.5, 13.5 ] },
										"south": { "texture": "#plain", "uv": [ 5.0, 0.0, 5.5, 1.5 ] },
										"west": { "texture": "#plain", "uv": [ 14.5, 5.0, 15.0, 6.5 ] },
										"up": { "texture": "#plain", "uv": [ 7.5, 7.5, 8.0, 8.0 ] }
									}
								}
							]
						},
						{
							"name": "ReinsN1",
							"from": [ -0.4, -0.6, 0.4 ],
							"to": [ 1.1, -0.1, 0.7 ],
							"rotationOrigin": [ -0.4, -0.6, 0.4 ],
							"rotationX": 3.0,
							"rotationY": 19.0,
							"rotationZ": -11.0,
							"faces": {
								"north": { "texture": "#plain", "uv": [ 13.5, 9.0, 15.0, 9.5 ] },
								"east": { "texture": "#plain", "uv": [ 6.5, 1.5, 7.0, 2.0 ] },
								"south": { "texture": "#plain", "uv": [ 8.0, 6.0, 9.5, 6.5 ] },
								"west": { "texture": "#plain", "uv": [ 7.0, 10.5, 7.5, 11.0 ] },
								"up": { "texture": "#plain", "uv": [ 12.0, 10.0, 13.5, 10.5 ] },
								"down": { "texture": "#plain", "uv": [ 11.0, 6.0, 12.5, 6.5 ] }
							},
							"children": [
								{
									"name": "ReinsN2",
									"from": [ 1.5, 0.0, 0.0 ],
									"to": [ 7.5, 0.5, 0.3 ],
									"rotationOrigin": [ 1.5, 0.0038, 0.0 ],
									"rotationX": -4.0,
									"rotationY": -18.0,
									"rotationZ": 34.0,
									"faces": {
										"north": { "texture": "#plain", "uv": [ 4.5, 6.0, 10.5, 6.5 ] },
										"east": { "texture": "#plain", "uv": [ 9.5, 13.5, 10.0, 14.0 ] },
										"south": { "texture": "#plain", "uv": [ 5.5, 11.5, 11.5, 12.0 ] },
										"west": { "texture": "#plain", "uv": [ 10.0, 9.5, 10.5, 10.0 ] },
										"up": { "texture": "#plain", "uv": [ 4.0, 13.0, 10.0, 13.5 ] },
										"down": { "texture": "#plain", "uv": [ 8.5, 1.0, 14.5, 1.5 ] }
									},
									"children": [
										{
											"name": "ReinsN3",
											"from": [ 6.0, 0.0, 0.0 ],
											"to": [ 12.0, 0.5, 0.3 ],
											"rotationOrigin": [ 6.0, 0.0, 0.0 ],
											"rotationZ": 13.0,
											"faces": {
												"north": { "texture": "#plain", "uv": [ 5.5, 7.5, 11.5, 8.0 ] },
												"east": { "texture": "#plain", "uv": [ 13.0, 0.0, 13.5, 0.5 ] },
												"south": { "texture": "#plain", "uv": [ 3.5, 15.0, 9.5, 15.5 ] },
												"west": { "texture": "#plain", "uv": [ 11.5, 4.0, 12.0, 4.5 ] },
												"up": { "texture": "#plain", "uv": [ 6.0, 14.0, 12.0, 14.5 ] },
												"down": { "texture": "#plain", "uv": [ 9.0, 14.5, 15.0, 15.0 ] }
											},
											"children": [
												{
													"name": "ReinsN4",
													"from": [ 6.0, 0.0, 0.0 ],
													"to": [ 13.0, 0.5, 0.3 ],
													"rotationOrigin": [ 6.0, 0.0, 0.0 ],
													"rotationY": -10.0,
													"rotationZ": 5.0,
													"faces": {
														"north": { "texture": "#plain", "uv": [ 8.5, 3.5, 15.5, 4.0 ] },
														"east": { "texture": "#plain", "uv": [ 3.5, 13.5, 4.0, 14.0 ] },
														"south": { "texture": "#plain", "uv": [ 6.5, 5.5, 13.5, 6.0 ] },
														"west": { "texture": "#plain", "uv": [ 2.0, 4.0, 2.5, 4.5 ] },
														"up": { "texture": "#plain", "uv": [ 1.0, 5.5, 8.0, 6.0 ] },
														"down": { "texture": "#plain", "uv": [ 2.0, 15.0, 9.0, 15.5 ] }
													},
													"children": [
														{
															"name": "ReinsAcross",
															"from": [ 6.7, 0.0, 0.0 ],
															"to": [ 7.0, 0.5, 7.2 ],
															"rotationOrigin": [ 6.7, 0.0, 0.0 ],
															"rotationX": 1.8,
															"rotationY": 6.0,
															"faces": {
																"north": { "texture": "#plain", "uv": [ 11.5, 8.0, 12.0, 8.5 ] },
																"east": { "texture": "#plain", "uv": [ 4.0, 2.0, 11.0, 2.5 ] },
																"south": { "texture": "#plain", "uv": [ 3.0, 8.5, 3.5, 9.0 ] },
																"west": { "texture": "#plain", "uv": [ 5.0, 2.5, 12.0, 3.0 ] },
																"up": { "texture": "#plain", "uv": [ 4.0, 5.0, 4.5, 12.0 ] },
																"down": { "texture": "#plain", "uv": [ 0.5, 3.5, 1.0, 10.5 ] }
															}
														}
													]
												}
											]
										}
									]
								}
							]
						},
						{
							"name": "ReinsS1",
							"from": [ -0.3, -0.6, 6.0 ],
							"to": [ 1.2, -0.1, 6.3 ],
							"rotationOrigin": [ -0.3, -0.6, 6.0 ],
							"rotationX": -3.0,
							"rotationY": -19.0,
							"rotationZ": -11.0,
							"faces": {
								"north": { "texture": "#plain", "uv": [ 10.0, 2.0, 11.5, 2.5 ] },
								"east": { "texture": "#plain", "uv": [ 4.5, 1.5, 5.0, 2.0 ] },
								"south": { "texture": "#plain", "uv": [ 1.0, 6.5, 2.5, 7.0 ] },
								"west": { "texture": "#plain", "uv": [ 12.0, 13.5, 12.5, 14.0 ] },
								"up": { "texture": "#plain", "uv": [ 13.0, 9.5, 14.5, 10.0 ] },
								"down": { "texture": "#plain", "uv": [ 6.5, 14.0, 8.0, 14.5 ] }
							},
							"children": [
								{
									"name": "ReinsS2",
									"from": [ 1.5, 0.0, 0.0 ],
									"to": [ 7.5, 0.5, 0.3 ],
									"rotationOrigin": [ 1.5, 0.0, 0.2 ],
									"rotationX": 5.0,
									"rotationY": 18.0,
									"rotationZ": 34.0,
									"faces": {
										"north": { "texture": "#plain", "uv": [ 2.5, 7.5, 8.5, 8.0 ] },
										"east": { "texture": "#plain", "uv": [ 5.5, 8.5, 6.0, 9.0 ] },
										"south": { "texture": "#plain", "uv": [ 0.0, 3.5, 6.0, 4.0 ] },
										"west": { "texture": "#plain", "uv": [ 8.0, 14.0, 8.5, 14.5 ] },
										"up": { "texture": "#plain", "uv": [ 1.0, 4.0, 7.0, 4.5 ] },
										"down": { "texture": "#plain", "uv": [ 3.0, 14.5, 9.0, 15.0 ] }
									},
									"children": [
										{
											"name": "ReinsS3",
											"from": [ 6.0, 0.0, 0.0 ],
											"to": [ 12.0, 0.5, 0.3 ],
											"rotationOrigin": [ 6.0, 0.0, 0.0 ],
											"rotationZ": 13.0,
											"faces": {
												"north": { "texture": "#plain", "uv": [ 7.0, 4.5, 13.0, 5.0 ] },
												"east": { "texture": "#plain", "uv": [ 3.5, 12.0, 4.0, 12.5 ] },
												"south": { "texture": "#plain", "uv": [ 5.0, 8.5, 11.0, 9.0 ] },
												"west": { "texture": "#plain", "uv": [ 8.5, 10.0, 9.0, 10.5 ] },
												"up": { "texture": "#plain", "uv": [ 5.5, 11.0, 11.5, 11.5 ] },
												"down": { "texture": "#plain", "uv": [ 9.0, 2.5, 15.0, 3.0 ] }
											},
											"children": [
												{
													"name": "ReinsS4",
													"from": [ 6.0, 0.0, 0.0 ],
													"to": [ 13.0, 0.5, 0.3 ],
													"rotationOrigin": [ 6.0, 0.0, 0.0 ],
													"rotationY": 11.0,
													"rotationZ": 5.0,
													"faces": {
														"north": { "texture": "#plain", "uv": [ 4.5, 7.0, 11.5, 7.5 ] },
														"east": { "texture": "#plain", "uv": [ 6.5, 5.5, 7.0, 6.0 ] },
														"south": { "texture": "#plain", "uv": [ 0.5, 6.5, 7.5, 7.0 ] },
														"west": { "texture": "#plain", "uv": [ 0.0, 8.0, 0.5, 8.5 ] },
														"up": { "texture": "#plain", "uv": [ 1.5, 12.0, 8.5, 12.5 ] },
														"down": { "texture": "#plain", "uv": [ 11.0, 12.0, 18.0, 12.5 ] }
													}
												}
											]
										}
									]
								}
							]
						},
						{
							"name": "MuzzleStrapTop",
							"from": [ -1.21, -0.07, 0.7 ],
							"to": [ -0.71, 2.53, 1.0 ],
							"rotationOrigin": [ -1.2132, -0.0658, 0.7 ],
							"rotationY": 4.0,
							"rotationZ": 78.0,
							"faces": {
								"north": { "texture": "#plain", "uv": [ 12.5, 9.5, 13.0, 12.0 ], "windMode": [-1,-1,-1,-1], "windData": [1,1,1,1] },
								"east": { "texture": "#plain", "uv": [ 10.5, 6.5, 11.0, 9.0 ] },
								"south": { "texture": "#plain", "uv": [ 5.5, 1.0, 6.0, 3.5 ] },
								"west": { "texture": "#plain", "uv": [ 2.0, 10.5, 2.5, 13.0 ] },
								"up": { "texture": "#plain", "uv": [ 3.0, 6.0, 3.5, 6.5 ], "windMode": [-1,-1,-1,-1], "windData": [1,1,1,1] }
							},
							"children": [
								{
									"name": "MuzzleStrapTop2",
									"from": [ 0.0, 2.4, 0.0 ],
									"to": [ 0.5, 2.7, 4.8 ],
									"rotationOrigin": [ 0.0, 2.4, 0.0 ],
									"rotationX": -5.0,
									"faces": {
										"north": { "texture": "#plain", "uv": [ 1.0, 12.0, 1.5, 12.5 ] },
										"east": { "texture": "#plain", "uv": [ 3.0, 8.5, 7.5, 9.0 ] },
										"south": { "texture": "#plain", "uv": [ 13.5, 14.5, 14.0, 15.0 ] },
										"west": { "texture": "#plain", "uv": [ 5.5, 7.5, 10.0, 8.0 ] },
										"up": { "texture": "#plain", "uv": [ 7.5, 5.5, 8.0, 10.0 ] }
									}
								},
								{
									"name": "MuzzleStrapTop3",
									"from": [ 0.0, 0.0, 4.8 ],
									"to": [ 0.5, 3.0, 5.1 ],
									"rotationOrigin": [ 0.0, 0.0, 4.8 ],
									"rotationX": -6.0,
									"faces": {
										"north": { "texture": "#plain", "uv": [ 0.5, 10.0, 1.0, 13.0 ] },
										"east": { "texture": "#plain", "uv": [ 8.0, 12.0, 8.5, 15.0 ] },
										"south": { "texture": "#plain", "uv": [ 5.0, 0.0, 5.5, 3.0 ] },
										"west": { "texture": "#plain", "uv": [ 14.5, 5.0, 15.0, 8.0 ] },
										"up": { "texture": "#plain", "uv": [ 7.5, 7.5, 8.0, 8.0 ] }
									}
								}
							]
						},
						{
							"name": "MuzzleStrapBottom",
							"from": [ 0.69, 0.03, 0.7 ],
							"to": [ 1.19, 0.73, 1.0 ],
							"rotationOrigin": [ 0.6868, 0.0342, 0.7 ],
							"rotationY": 2.0,
							"rotationZ": -119.0,
							"faces": {
								"north": { "texture": "#plain", "uv": [ 12.5, 9.5, 13.0, 10.0 ], "windMode": [-1,-1,-1,-1], "windData": [1,1,1,1] },
								"east": { "texture": "#plain", "uv": [ 10.5, 6.5, 11.0, 7.0 ] },
								"south": { "texture": "#plain", "uv": [ 5.5, 1.0, 6.0, 1.5 ] },
								"west": { "texture": "#plain", "uv": [ 2.0, 10.5, 2.5, 11.0 ] },
								"up": { "texture": "#plain", "uv": [ 3.0, 6.0, 3.5, 6.5 ], "windMode": [-1,-1,-1,-1], "windData": [1,1,1,1] }
							},
							"children": [
								{
									"name": "MuzzleStrapBottom2",
									"from": [ 0.0, 0.4, 0.0 ],
									"to": [ 0.5, 0.7, 5.5 ],
									"rotationOrigin": [ 0.0, 0.4, 0.0 ],
									"rotationX": 2.0,
									"rotationY": 5.3,
									"faces": {
										"north": { "texture": "#plain", "uv": [ 1.0, 12.0, 1.5, 12.5 ] },
										"east": { "texture": "#plain", "uv": [ 3.0, 8.5, 8.5, 9.0 ] },
										"south": { "texture": "#plain", "uv": [ 13.5, 14.5, 14.0, 15.0 ] },
										"west": { "texture": "#plain", "uv": [ 5.5, 7.5, 11.0, 8.0 ] },
										"up": { "texture": "#plain", "uv": [ 7.5, 5.5, 8.0, 11.0 ] }
									}
								},
								{
									"name": "MuzzleStrapBottom3",
									"from": [ 0.5, -0.9, 5.3 ],
									"to": [ 1.0, 0.4, 5.6 ],
									"rotationOrigin": [ 0.5, -0.9, 5.3 ],
									"rotationX": -6.0,
									"faces": {
										"north": { "texture": "#plain", "uv": [ 0.5, 10.0, 1.0, 11.0 ] },
										"east": { "texture": "#plain", "uv": [ 8.0, 12.0, 8.5, 13.0 ] },
										"south": { "texture": "#plain", "uv": [ 5.0, 0.0, 5.5, 1.0 ] },
										"west": { "texture": "#plain", "uv": [ 14.5, 5.0, 15.0, 6.0 ] },
										"up": { "texture": "#plain", "uv": [ 7.5, 7.5, 8.0, 8.0 ] }
									}
								}
							]
						}
					]
				}
			]
		}
	],
	"animations": [
		{
			"name": "Walk",
			"code": "walk",
			"quantityframes": 60,
			"onActivityStopped": "Rewind",
			"onAnimationEnd": "Repeat",
			"keyframes": [
				{
					"frame": 0,
					"elements": {
						"ReinsN1": { "rotationX": 0.0, "rotationY": -4.0, "rotationZ": 3.0 },
						"ReinsS1": { "rotationX": 0.0, "rotationY": -6.0, "rotationZ": 3.0 },
						"ReinsAcross": { "rotationX": 0.0, "rotationY": 3.0, "rotationZ": 0.0 }
					}
				},
				{
					"frame": 18,
					"elements": {
						"ReinsN1": { "rotationX": 0.0, "rotationY": 4.0, "rotationZ": 3.0 },
						"ReinsS1": { "rotationX": 0.0, "rotationY": 2.0, "rotationZ": 3.0 },
						"ReinsAcross": { "rotationX": -2.0, "rotationY": -2.0, "rotationZ": 0.0 }
					}
				},
				{
					"frame": 54,
					"elements": {
						"ReinsS1": { "rotationX": 0.0, "rotationY": -6.0, "rotationZ": 3.0 },
						"ReinsN1": { "rotationX": 0.0, "rotationY": -4.0, "rotationZ": 3.0 },
						"ReinsAcross": { "rotationX": 0.0, "rotationY": 3.0, "rotationZ": 0.0 }
					}
				}
			]
		},

		{
			"name": "Trot",
			"code": "trot",
			"quantityframes": 40,
			"onActivityStopped": "Rewind",
			"onAnimationEnd": "Repeat",
			"keyframes": [
				{
					"frame": 0,
					"elements": {
						"ReinsN3": { "rotationX": 0.0, "rotationY": 0.0, "rotationZ": 3.0 },
						"ReinsS3": { "rotationX": 0.0, "rotationY": 0.0, "rotationZ": 3.0 }
					}
				},
				{
					"frame": 10,
					"elements": {
						"ReinsS3": { "rotationX": 0.0, "rotationY": 0.0, "rotationZ": 5.0 },
						"ReinsN3": { "rotationX": 0.0, "rotationY": 0.0, "rotationZ": 5.0 }
					}
				},
				{
					"frame": 20,
					"elements": {
						"ReinsS3": { "rotationX": 0.0, "rotationY": 0.0, "rotationZ": 3.0 },
						"ReinsN3": { "rotationX": 0.0, "rotationY": 0.0, "rotationZ": 3.0 }
					}
				},
				{
					"frame": 30,
					"elements": {
						"ReinsN3": { "rotationX": 0.0, "rotationY": 0.0, "rotationZ": 5.0 },
						"ReinsS3": { "rotationX": 0.0, "rotationY": 0.0, "rotationZ": 5.0 }
					}
				}
			]
		},

		{
			"name": "Canter",
			"code": "canter",
			"quantityframes": 30,
			"onActivityStopped": "Rewind",
			"onAnimationEnd": "Repeat",
			"keyframes": [
				{
					"frame": 0,
					"elements": {
						"ReinsN3": { "rotationX": 0.0, "rotationY": 0.0, "rotationZ": -15.0 },
						"ReinsS3": { "rotationX": 0.0, "rotationY": 0.0, "rotationZ": -15.0 }
					}
				},
				{
					"frame": 10,
					"elements": {
						"ReinsS3": { "rotationX": 0.0, "rotationY": 0.0, "rotationZ": -10.0 },
						"ReinsN3": { "rotationX": 0.0, "rotationY": 0.0, "rotationZ": -10.0 }
					}
				}
			]
		},

		{
			"name": "Gallop",
			"code": "gallop",
			"quantityframes": 30,
			"onActivityStopped": "Rewind",
			"onAnimationEnd": "Repeat",
			"keyframes": [
				{
					"frame": 0,
					"elements": {
						"ORIGINbridle": { "rotationX": 0.0, "rotationY": 0.0, "rotationZ": 10.0 },
						"ORIGINstraps": { "rotationX": 0.0, "rotationY": 0.0, "rotationZ": 8.0 },
						"ReinsN3": { "rotationX": 0.0, "rotationY": 0.0, "rotationZ": 5.0 },
						"ReinsS3": { "rotationX": 0.0, "rotationY": 0.0, "rotationZ": 5.0 },
						"StrapTop": { "rotationX": 0.0, "rotationY": 0.0, "rotationZ": -19.0 }
					}
				},
				{
					"frame": 14,
					"elements": {
						"ReinsS3": { "rotationX": 0.0, "rotationY": 0.0, "rotationZ": 0.0 },
						"ReinsN3": { "rotationX": 0.0, "rotationY": 0.0, "rotationZ": 0.0 }
					}
				},
				{
					"frame": 28,
					"elements": {
						"ReinsN3": { "rotationX": 0.0, "rotationY": 0.0, "rotationZ": 6.0 },
						"ReinsS3": { "rotationX": 0.0, "rotationY": 0.0, "rotationZ": 6.0 }
					}
				}
			]
		},

		{
			"name": "Turn-Left",
			"code": "turn-left",
			"quantityframes": 1,
			"onActivityStopped": "EaseOut",
			"onAnimationEnd": "EaseOut",
			"keyframes": [
				{
					"frame": 0,
					"elements": {
						"ReinsN3": { "rotationX": 0.0, "rotationY": -20.0, "rotationZ": 0.0 },
						"ReinsAcross": { "rotationX": 12.0, "rotationY": 23.0, "rotationZ": 0.0 },
						"ReinsS2": { "rotationX": 0.0, "rotationY": -17.0, "rotationZ": 0.0 },
						"ReinsS4": { "rotationX": 11.0, "rotationY": -1.0, "rotationZ": -2.0 }
					}
				}
			]
		},

		{
			"name": "Turn-Right",
			"code": "turn-right",
			"quantityframes": 1,
			"onActivityStopped": "EaseOut",
			"onAnimationEnd": "EaseOut",
			"keyframes": [
				{
					"frame": 0,
					"elements": {
						"ReinsN2": { "rotationX": 0.0, "rotationY": 17.0, "rotationZ": 0.0 },
						"ReinsN4": { "rotationX": -11.0, "rotationY": 1.0, "rotationZ": 2.0 },
						"ReinsS3": { "rotationX": 0.0, "rotationY": 20.0, "rotationZ": 0.0 },
						"ReinsAcross": { "rotationX": -3.0, "rotationY": -14.0, "rotationZ": 0.0 }
					}
				}
			]
		}
	]
}