{
    "code": "cuttings",
    "variantgroups": [
        {
            "code": "flower",
            "states": [
                "hibiscus",
                "calendula"
            ]
        },
        {
            "code": "stage",
            "states": [
                "raw",
                "dried",
                "cooked"
            ]
        }
    ],
    "attributes": {
        "herbrackable": true,
        "herbRackTransform": {
            "translation": { "x": 0, "y": 0, "z": 0 },
            "rotation": { "x": 0, "y": 0, "z": 0 },
            "origin": { "x": 0, "y": 0, "z": 0 },
            "scale": 1
        },
        "meathookable": true,
        "meatHookTransform": {
            "translation": { "x": -0.02, "y": -0.52, "z": 0 },
            "rotation": { "x": 0, "y": 0, "z": 0 },
            "origin": { "x": 0.5, "y": 0, "z": 0.5 },
            "scale": 1
        }
    },
    "creativeinventory": {
        "general": [ "*" ],
        "items": [ "*" ],
        "alchemy": [ "*" ],
        "soaplyeandbloom": [ "*" ]
    },
    "maxstacksize": 64,
    "transitionablePropsByType": {
        "*-raw": [
            {
                "type": "Perish",
                "freshHours": {
                    "avg": 480
                },
                "transitionHours": {
                    "avg": 86
                },
                "transitionedStack": {
                    "type": "item",
                    "code": "game:rot"
                },
                "transitionRatio": 1
            },
            {
                "type": "Dry",
                "freshHours": {
                    "avg": 6
                },
                "transitionHours": {
                    "avg": 64
                },
                "transitionedStack": {
                    "type": "item",
                    "code": "soaplyeandbloom:cuttings-{flower}-dried"
                },
                "transitionRatio": 1
            }
        ]
    },
    "combustiblePropsByType": {
        "*-dried": {
            "meltingPoint": 100,
            "meltingDuration": 30,
            "smeltedRatio": 1,
            "smeltingType": "convert",
            "smeltedStack": {
                "type": "item",
                "code": "soaplyeandbloom:cuttings-{flower}-cooked"
            },
            "requiresContainer": false
        }
    },
    "shapeByType": {
        "*-raw": {
            "base": "soaplyeandbloom:compatibility/alchemy/{flower}-fresh-herb-bundle"
        },
        "*-dried": {
            "base": "soaplyeandbloom:compatibility/alchemy/{flower}-dried-herb-bundle"
        },
        "*-cooked": {
            "base": "soaplyeandbloom:compatibility/alchemy/{flower}-dried-herb-bundle"
        }
    },
    "texturesByType": {
        "*-hibiscus-*": {
            "hibiscus": {
                "base": "soaplyeandbloom:block/plant/crop/{flower}"
            }
        },
        "*-calendula-*": {
            "calendula": {
                "base": "soaplyeandbloom:block/plant/crop/{flower}"
            }
        }
    },
    "guiTransformByType": {
        "*-cooked": {
            "translation": { "x": 3, "y": 0, "z": 0 },
            "origin": { "x": 0.5, "y": 0.25, "z": 0.5 },
            "scale": 3
        },
        "*": {
            "translation": { "x": 3, "y": 0, "z": 0 },
            "rotation": { "x": 0, "y": 0, "z": -180 },
            "origin": { "x": 0.5, "y": 0.3, "z": 0.5 },
            "scale": 3
        }
    },
    "fpHandTransform": {
        "translation": { "x": 0, "y": 0.24, "z": 0.3 },
        "origin": { "x": 0.5, "y": 0.1, "z": 0.5 },
        "scale": 2
    }
}