{
	code: "armor",
	class: "ItemWearable",
	heldTpIdleAnimation: "holdunderarm",
	variantgroups: [
		{ code: "bodypart",  states: ["head"] },
		{ code: "material", states: [
			"copper",
			"tinbronze",
			"bismuthbronze",
			"blackbronze",
			"iron",
			"meteoriciron",
			"steel",
			"gold",
			"silver",
			"blackguard",
			"forlorn",
			"vanillasilver",
			"vanillameteoriciron",
			"vanillagold"
		]},
		{ "code": "visor", "states": ["opened", "closed"]},
	],
	allowedVariants: [
		"armor-head-*-*"
	],
	shapeByType: {
		"armor-head-tinbronze-*": { base: "armor/{bodypart}-bronze-{visor}" },
		"armor-head-blackbronze-*": { base: "armor/{bodypart}-bronze-{visor}" },
		"armor-head-bismuthbronze-*": { base: "armor/{bodypart}-bronze-{visor}" },
		"armor-head-meteoriciron-*": { base: "armor/{bodypart}-meteoriciron-{visor}" },
		"armor-head-*": { base: "armor/{bodypart}-{material}-{visor}" }
	},
	texturesByType: {
		"armor-head-blackguard-*":
		{
			"seraph": { base: "game:block/transparent" }
		},
		"armor-head-forlorn-*":
		{
			"seraph": { base: "game:block/transparent" }
		},
		"armor-head-vanillameteoriciron-*":
		{
			"seraph": { base: "game:block/transparent" },
			"material": { 
				baseByType: {
					"*": "game:entity/humanoid/serapharmor/plate/meteoriciron"
				}
			}
		},
		"*": {
			"seraph": { base: "game:block/transparent" },
			"material": { 
				baseByType: {
					"*": "plate/{material}"
				}
			}
		}
	},
	storageFlags: 128,
	"__comment": "'keepElements names must also be added to game/entities/humanoid/player file, under the 'disableElements' attribute.",
	attributes: {
		handbook: {
			groupBy: ["armor-{bodypart}-*"]
		},
		visibleDamageEffect: true,
		clothesCategoryByType: {
			"armor-head-*": "armorhead",
		},
		attachableToEntity: {
			texturePrefixCode: "armor-{bodypart}-{material}-{visor}",
			categoryCodeByType: {
				"armor-head-*": "armorhead",
			},
			disableElementsByType: {
				"armor-head-*bronze-opened": ["hidehat", "hoodup", "hoodupperover", "Hair tile upper part", "ponytailhigh", "ponytaillow", "hair-uncovered", "sidehigh", "sidelow", "bangs"],
				"armor-head-*iron-opened": ["hidehat", "hoodup", "hoodupperover", "Hair tile upper part", "ponytailhigh", "ponytaillow", "Hair", "hair-uncovered", "sidehigh", "sidelow", "bangs"],
				"armor-head-copper-opened": ["hidehat", "hoodup", "hoodupperover", "Hair tile upper part", "ponytailhigh", "ponytaillow", "Hair", "hair-uncovered", "sidehigh", "sidelow", "bangs"],
				"armor-head-forlorn-opened": ["hidehat", "hoodup", "hoodupperover", "Hair tile upper part", "ponytailhigh", "ponytaillow", "Hair", "hair-uncovered", "sidehigh", "sidelow", "bangs"],
				"armor-head-vanilla*-opened": ["hidehat", "hoodup", "hoodupperover", "Hair tile upper part", "ponytailhigh", "ponytaillow", "Hair", "hair-uncovered", "sidehigh", "sidelow", "bangs"],
				"armor-head-*-opened": ["hidehat", "hoodup", "hoodupperover", "Hair tile upper part", "ponytailhigh", "ponytaillow", "Hair", "hair-uncovered", "sidehigh", "sidelow", "bangs", "hidefacialhair",],
				"armor-head-*bronze-closed": ["hidehat", "hoodup", "hoodupperover", "Hair tile upper part", "ponytailhigh", "ponytaillow", "hair-uncovered", "sidehigh", "sidelow", "bangs"],
				"armor-head-*-closed": ["hidehat", "closehat", "hoodupup", "hoodupperover", "Hair tile upper part", "ponytailhigh", "ponytaillow", "Hair", "hair-uncovered", "hidefacialhair", "sidehigh", "sidelow", "bangs"]
			},
			keepElementsByType: {
				"armor-head-tinbronze": ["hair-covered"],
				"armor-head-blackbronze": ["hair-covered"],
				"armor-head-bismuthbronze": ["hair-covered"],
				"armor-head-iron": ["hair-covered"],
				"armor-head-*": ["hair-covered"]
			}	
		},
		defaultProtLoss: {
			perTierRelativeProtectionLoss: [0.03, 0.15],
			perTierFlatDamageReductionLoss: [0.1, 0.2],
		},
		protectionModifiersByType: {
			"armor-*-copper-closed": {
				relativeProtection: 0.9,
				flatDamageReduction: 1.5,
				highDamageTierResistant: true,
				protectionTier: 1
			},
			"armor-*-*gold-closed": {
				relativeProtection: 0.9,
				flatDamageReduction: 1.5,
				highDamageTierResistant: true,
				protectionTier: 1
			},
			"armor-*-*silver-closed": {
				relativeProtection: 0.92,
				flatDamageReduction: 1.5,
				highDamageTierResistant: true,
				protectionTier: 2
			},
			"armor-*-tinbronze-closed": {
				relativeProtection: 0.92,
				flatDamageReduction: 1.6,
				highDamageTierResistant: true,
				protectionTier: 2
			},
			"armor-*-bismuthbronze-closed": {
				relativeProtection: 0.94,
				flatDamageReduction: 1.55,
				highDamageTierResistant: true,
				protectionTier: 2
			},
			"armor-*-blackbronze-closed": {
				relativeProtection: 0.95,
				flatDamageReduction: 1.65,
				highDamageTierResistant: true,
				protectionTier: 2
			},
			"armor-*-iron-closed": {
				relativeProtection: 0.96,
				flatDamageReduction: 1.7,
				highDamageTierResistant: true,
				protectionTier: 3
			},
			"armor-*-*meteoriciron-closed": {
				relativeProtection: 0.962,
				flatDamageReduction: 1.72,
				highDamageTierResistant: true,
				protectionTier: 3
			},
			"armor-*-steel-closed": {
				relativeProtection: 0.97,
				flatDamageReduction: 1.8,
				highDamageTierResistant: true,
				protectionTier: 4
			},
			"armor-*-blackguard-closed":
			{
				relativeProtection: 0.96,
				flatDamageReduction: 1.7,
				highDamageTierResistant: true,
				protectionTier: 3
			},
			"armor-*-forlorn-closed":
			{
				relativeProtection: 0.96,
				flatDamageReduction: 1.7,
				highDamageTierResistant: true,
				protectionTier: 3
			},
			"armor-*-copper-opened": {
				relativeProtection: 0.78,
				flatDamageReduction: 1.5,
				highDamageTierResistant: true,
				protectionTier: 1
			},
			"armor-*-*gold-opened": {
				relativeProtection: 0.78,
				flatDamageReduction: 1.5,
				highDamageTierResistant: true,
				protectionTier: 1
			},
			"armor-*-*silver-opened": {
				relativeProtection: 0.8,
				flatDamageReduction: 1.5,
				highDamageTierResistant: true,
				protectionTier: 2
			},
			"armor-*-tinbronze-opened": {
				relativeProtection: 0.8,
				flatDamageReduction: 1.6,
				highDamageTierResistant: true,
				protectionTier: 2
			},
			"armor-*-bismuthbronze-opened": {
				relativeProtection: 0.79,
				flatDamageReduction: 1.55,
				highDamageTierResistant: true,
				protectionTier: 2
			},
			"armor-*-blackbronze-opened": {
				relativeProtection: 0.81,
				flatDamageReduction: 1.65,
				highDamageTierResistant: true,
				protectionTier: 2
			},
			"armor-*-iron-opened": {
				relativeProtection: 0.82,
				flatDamageReduction: 1.7,
				highDamageTierResistant: true,
				protectionTier: 3
			},
			"armor-*-*meteoriciron-opened": {
				relativeProtection: 0.825,
				flatDamageReduction: 1.72,
				highDamageTierResistant: true,
				protectionTier: 3
			},
			"armor-*-steel-opened": {
				relativeProtection: 0.84,
				flatDamageReduction: 1.8,
				highDamageTierResistant: true,
				protectionTier: 4
			},
			"armor-*-blackguard-opened":
			{
				relativeProtection: 0.83,
				flatDamageReduction: 1.7,
				highDamageTierResistant: true,
				protectionTier: 3
			},
			"armor-*-forlorn-opened":
			{
				relativeProtection: 0.83,
				flatDamageReduction: 1.7,
				highDamageTierResistant: true,
				protectionTier: 3
			}
		},
		statModifiersByType: {
			"armor-*-closed": {
				rangedWeaponsAcc: -0.1,
				rangedWeaponsSpeed: -0.2,
				walkSpeed: -0.14,
				healingeffectivness: -0.3334,
				hungerrate: 0.24
			},
			"armor-*-opened": {
				rangedWeaponsAcc: -0.05,
				rangedWeaponsSpeed: -0.1,
				walkSpeed: -0.14,
				healingeffectivness: -0.2334,
				hungerrate: 0.14
			}
		}
	},
	creativeinventory: { "visors": ["*"] },
	renderAlphaTest: 0.25,
	durabilityByType: {
		"armor-*-*gold-*": 400,
		"armor-*-*silver-*": 1000,
		"armor-*-copper-*": 500,
		"armor-*-tinbronze-*": 1000,
		"armor-*-bismuthbronze-*": 900,
		"armor-*-blackbronze-*": 1200,
		"armor-*-iron-*": 2200,
		"armor-*-*meteoriciron-*": 2800,
		"armor-*-steel-*": 5500,
		"armor-*-blackguard-*": 1800,
		"armor-*-forlorn-*": 1600
	},
	
	fpHandTransformByType: {
		"armor-head-*": {
			translation: { x: 0.4, y: -1.9, z: -0.5 },
			rotation: { x: 163, y: -111, z: -180 },
			origin: { x: 0.5, y: 1.7, z: 0.5 },
			scale: 2.15
		},
	},
	tpHandTransformByType: {
		"armor-head-*": {
			translation: { x: -0.82, y: -2.2, z: -0.5 },
			rotation: { x: 18, y: 169, z: 30 },
			origin: { x: 0.5, y: 1.7, z: 0.5 },
			scale: 0.64
		}
	},
	guiTransformByType: {
		"armor-head-*": {
			translation: { x: 0, y: 0, z: 0 },
			rotation: { x: -26, y: -46, z: -180 },
			origin: { x: 0.6, y: 1.72, z: 0.5 },
			scale: 2
		},
	},
	groundTransformByType: {
		"armor-head-*": {
			translation: { x: 0, y: 0, z: 0 },
			rotation: { x: 0, y: 0, z: 0 },
			origin: { x: 0.34, y: 1.71, z: 0.5 },
			scale: 3.1
		}
	},

}