{
   "code":"fieldmus",
   "class":"EntityAgent",
   "hitboxSize":{
      "x":0.5,
      "y":0.5
   },
   "deadHitboxSize":{
      "x":0.5,
      "y":0.45
   },
   "eyeHeight":0.4,
   "weight":0.35,
   "drops":[
      
   ],
   "fallDamageMultiplier":0.25,
   "attributes":{
      "basketCatchable":true,
      "trapChance":1.25,
      "trapDestroyChance":0.02,
      "creatureDiet":{
         "foodCategories":[
            "Fruit",
            "Grain",
            "Vegetable"
         ],
         "skipFoodTags":[
            "honeycomb",
         ]
		 
      },
      "handbook":{
         "groupcode":"thecritterpack:creaturegroup-fieldmouse"
      }
   },
   "client":{
      "renderer":"Shape",
      "shape":{
         "base":"entity/land/mice/fieldmouse-shape"
      },
      "texture":{
         "base":"entity/mice/fieldmice"
      },
      "size":0.89,
      "behaviors":[
         {
            "code":"repulseagents"
         },
         {
            "code":"controlledphysics",
            "stepHeight":1.3551
         },
         {
            "code":"floatupwhenstuck",
            "onlyWhenDead":true
         },
         {
            "code":"interpolateposition"
         },
         {
            "code":"multiplybase"
         },
         {
            "code":"harvestable"
         },
         {
            "code":"despawn",
            "minPlayerDistance":8,
            "belowLightLevel":6,
            "minSeconds":300
         }
      ],
      "animations":[
         {
            "code":"hurt",
            "animation":"hurt",
            "animationSpeed":2.2,
            "weight":10,
            "blendMode":"AddAverage"
         },
         {
            "code":"die",
            "animation":"death",
            "animationSpeed":1.25,
            "weight":10,
            "blendMode":"Average",
            "triggeredBy":{
               "onControls":[
                  "dead"
               ]
            }
         },
         {
            "code":"idle",
            "animation":"idle",
            "blendMode":"AddAverage",
            "easeOutSpeed":3,
            "triggeredBy":{
               "defaultAnim":true
            }
         },
         {
            "code":"sleep",
            "animation":"sleep",
            "easeInSpeed":4,
            "easeOutSpeed":4,
            "blendMode":"Average"
         },
         {
            "code":"sit",
            "animation":"look",
            "easeInSpeed":4,
            "easeOutSpeed":5,
            "blendMode":"Average"
         }
      ]
   },
   "server":{
      "attributes":{
         "pathfinder":{
            "minTurnAnglePerSec":720,
            "maxTurnAnglePerSec":1440
         }
      },
      "behaviors":[
         {
            "code":"repulseagents"
         },
         {
            "code":"controlledphysics",
            "stepHeight":1.4551
         },
         {
            "code":"despawn",
            "minPlayerDistance":8,
            "belowLightLevel":8,
            "minSeconds":300
         },
         {
            "code":"health",
            "currenthealth":1.5,
            "maxhealth":1.5
         },
         {
            "code":"deaddecay",
            "hoursToDecay":1
         },
         {
            "code":"harvestable",
            "drops":[
               {
                  "type":"item",
                  "code":"bone",
                  "quantity":{
                     "avg":0,
                     "var":1
                  }
               }
            ]
         },
         {
            "code":"floatupwhenstuck",
            "onlyWhenDead":true
         },
         {
            "code":"breathe"
         },
         {
            "code":"emotionstates",
            "states":[
               {
                  "code":"alarmherdondamage",
                  "chance":1,
                  "slot":1,
                  "priority":1,
                  "accumType":"max"
               }
            ]
         },
         {
            "code":"taskai",
            "aitasks":[
               {
                  "code":"getoutofwater",
                  "priority":1.4,
                  "movespeed":0.022,
                  "animation":"walk"
               },
               {
                  "code":"seekfoodandeat",
                  "priority":1.92,
                  "seekingRange":8,
                  "eatTime":0.35,
                  "eatAnimation":"look",
                  "eatLooseItems":true,
                  "eatItemCategories":[
                     "Grain",
                     "Fruit",
                     "Vegetable"
                  ],
                  "movespeed":0.022,
                  "animation":"Walk",
                  "mincooldownHours":5,
                  "maxcooldownHours":8,
                  "stopOnNearbyEntityCodes":[
                     "player",
                     "wolf-male",
                     "wolf-female",
                     "fox-*",
					 "thecritterpack:hedgehog-*"
                  ],
                  "stopRange":8,
                  "stopOnHurt":true,
				  "instafleeOnDamageChance":1
               },
               {
                  "code":"idle",
                  "priority":1.25,
                  "minduration":5000000,
                  "maxduration":5000000,
                  "mincooldown":5000,
                  "maxcooldown":15000,
                  "priorityForCancel":1.38,
                  "animation":"Sleep",
                  "whenNotInEmotionState":"aggressiveondamage",
                  "duringDayTimeFrames":[
                     {
                        "fromHour":20,
                        "toHour":23
                     },
                     {
                        "fromHour":0,
                        "toHour":8
                     }
                  ],
                  "stopOnNearbyEntityCodes":[
                     "player",
                     "wolf-male",
                     "wolf-female",
                     "fox-*",
                     "thecritterpack:hedgehog-*"
                  ],
                  "stopRange":8,
                  "stopOnHurt":true,
				  "instafleeOnDamageChance":1
               },
               {
                  "code":"idle",
                  "priority":1.2,
                  "minduration":500,
                  "maxduration":1200,
                  "mincooldown":2500,
                  "maxcooldown":10000,
                  "priorityForCancel":1.29,
                  "animation":"idle"
               },
               {
                  "code":"idle",
                  "priority":1.1,
                  "minduration":1000,
                  "maxduration":3000,
                  "mincooldown":2000,
                  "maxcooldown":30000,
                  "animation":"look"
               },
               {
                  "code":"wander",
                  "priority":1.0,
                  "movespeed":0.021,
                  "animation":"Walk",
                  "animationSpeed":1.8,
                  "wanderChance":0.02
               },
               {
                  "code":"idle",
                  "priority":0.9,
                  "minduration":6000,
                  "maxduration":40000,
                  "mincooldown":2000,
                  "maxcooldown":120000,
                  "priorityForCancel":1.29,
                  "animation":"look"
               },
               {
                  "code":"fleeentity",
                  "entityCodes":[
                     "player",
                     "fox-*",
                     "hyena-male",
                     "hyena-female",
                     "thecritterpack:hedgehog-*"
                  ],
                  "priority":1.6,
                  "movespeed":0.03,
                  "animationSpeed":1.8,
                  "seekingRange":6,
                  "animation":"walk",
                  "whenNotInEmotionState":"fleeondamage"
               },
               {
                  "code":"lookaround",
                  "priority":0.5
               }
            ]
         },
         {
            "code":"multiply",
            "spawnEntityCode":"thecritterpack:fieldmus",
            "requiresNearbyEntityCode":"thecritterpack:fieldmus",
            "requiresNearbyEntityRange":5,
            "spawnQuantityMin":0,
            "spawnQuantityMax":1,
            "pregnancyDays":4,
            "multiplyCooldownDaysMin":7,
            "multiplyCooldownDaysMax":8,
            "portionsEatenForMultiply":8
         }
      ],
      "spawnconditions":{
         "worldgen":{
            "TriesPerChunk":{
               "avg":0.0005,
               "var":0.005
            },
            "tryOnlySurface":true,
            "minLightLevel":10,
            "groupSize":{
               "dist":"verynarrowgaussian",
               "avg":0,
               "var":1
            },
            "insideBlockCodes":[
               "game:tallgrass-*"
            ],
			"maxQuantity":2,
            "minTemp":7,
            "maxTemp":18,
            "minRain":0.2,
            "maxRain":1.2,
            "minForestOrShrubs":0.13,
            "maxForest":4.00,
            "maxShrubs":2.80,
            "companions":[
               "thecritterpack:fieldmus"
            ]
         },
         "runtime":{
            "group":"neutral",
            "tryOnlySurface":true,
            "chance":0.0055,
            "maxQuantity":2,
            "__comment":"Make them spawn away from artifical light so they don't spawn inside farmland",
            "lightLevelType":"onlyBlockLight",
            "maxLightLevel":7,
            "minLightLevel":4,
            "groupSize":{
               "dist":"verynarrowgaussian",
               "avg":0,
               "var":1
            },
            "insideBlockCodes":[
               "game:tallgrass-*"
            ],
            "minTemp":7,
            "maxTemp":18,
            "minRain":0.2,
            "maxRain":1.2,
            "minForestOrShrubs":0.21,
            "maxForest":4.00,
            "maxShrubs":2.80,
            "companions":[
               "thecritterpack:fieldmus"
            ]
         }
      }
   },
   "sounds":{
      
   },
   "idleSoundChance":0.00
}