{
	"editor": {
		"collapsedPaths": "Root/bloomery/bottom2,Root/bone7,Root/bone8,Root/dome3,Root/arch,Root/bloomery/top/top1/bone14,Root/top",
		"allAngles": false,
		"entityTextureMode": false
	},
	"textureWidth": 32,
	"textureHeight": 32,
	"textureSizes": {
	},
	"textures": {
		"bloomery": "game:block/clay/bloomery/bloomery",
		"top": "game:block/clay/bloomery/top"
	},
	"elements": [
		{
			"name": "bloomery",
			"from": [ -0.2, 0.0, 1.4 ],
			"to": [ -0.2, 0.0, 1.4 ],
			"rotationOrigin": [ 7.8, 0.0, 8.65 ],
			"rotationY": -82.0,
			"faces": {
				"north": { "texture": "#bloomery", "uv": [ 0.0, 0.0, 0.5, 0.5 ] },
				"east": { "texture": "#bloomery", "uv": [ 0.0, 0.0, 0.5, 0.5 ] },
				"south": { "texture": "#bloomery", "uv": [ 0.0, 0.0, 0.5, 0.5 ] },
				"west": { "texture": "#bloomery", "uv": [ 0.0, 0.0, 0.5, 0.5 ] },
				"up": { "texture": "#bloomery", "uv": [ 0.0, 0.0, 0.5, 0.5 ] },
				"down": { "texture": "#bloomery", "uv": [ 0.0, 0.0, 0.5, 0.5 ] }
			},
			"children": [
				{
					"name": "top",
					"from": [ -0.1, -16.0, 0.0 ],
					"to": [ -0.1, -16.0, 0.0 ],
					"rotationOrigin": [ 7.9, -16.0, 8.0 ],
					"faces": {
						"north": { "texture": "#bloomery", "uv": [ 0.0, 0.0, 0.5, 0.5 ] },
						"east": { "texture": "#bloomery", "uv": [ 0.0, 0.0, 0.5, 0.5 ] },
						"south": { "texture": "#bloomery", "uv": [ 0.0, 0.0, 0.5, 0.5 ] },
						"west": { "texture": "#bloomery", "uv": [ 0.0, 0.0, 0.5, 0.5 ] },
						"up": { "texture": "#bloomery", "uv": [ 0.0, 0.0, 0.5, 0.5 ] },
						"down": { "texture": "#bloomery", "uv": [ 0.0, 0.0, 0.5, 0.5 ] }
					},
					"children": [
						{
							"name": "top1",
							"from": [ 0.0, 0.0, 0.0 ],
							"to": [ 0.0, 0.0, 0.0 ],
							"rotationOrigin": [ 10.225, 26.2024, 6.8361 ],
							"faces": {
								"north": { "texture": "#bloomery", "uv": [ 0.0, 0.0, 0.0, 0.0 ] },
								"east": { "texture": "#bloomery", "uv": [ 0.0, 0.0, 0.0, 0.0 ] },
								"south": { "texture": "#bloomery", "uv": [ 0.0, 0.0, 0.0, 0.0 ] },
								"west": { "texture": "#bloomery", "uv": [ 0.0, 0.0, 0.0, 0.0 ] },
								"up": { "texture": "#bloomery", "uv": [ 0.0, 0.0, 0.0, 0.0 ] },
								"down": { "texture": "#bloomery", "uv": [ 0.0, 0.0, 0.0, 0.0 ] }
							},
							"children": [
								{
									"name": "bone14",
									"from": [ 0.0, 0.0, 0.0 ],
									"to": [ 0.0, 0.0, 0.0 ],
									"rotationOrigin": [ 6.11, 16.6877, 6.835 ],
									"rotationY": -180.0,
									"faces": {
										"north": { "texture": "#bloomery", "uv": [ 0.0, 0.0, 0.0, 0.0 ] },
										"east": { "texture": "#bloomery", "uv": [ 0.0, 0.0, 0.0, 0.0 ] },
										"south": { "texture": "#bloomery", "uv": [ 0.0, 0.0, 0.0, 0.0 ] },
										"west": { "texture": "#bloomery", "uv": [ 0.0, 0.0, 0.0, 0.0 ] },
										"up": { "texture": "#bloomery", "uv": [ 0.0, 0.0, 0.0, 0.0 ] },
										"down": { "texture": "#bloomery", "uv": [ 0.0, 0.0, 0.0, 0.0 ] }
									},
									"children": [
										{
											"name": "cube16",
											"from": [ 4.6882, 24.9274, 2.1593 ],
											"to": [ 7.2813, 26.4674, 3.0965 ],
											"shade": false,
											"rotationOrigin": [ 6.0004, 23.9393, 2.4818 ],
											"rotationY": -15.0,
											"faces": {
												"north": { "texture": "#bloomery", "uv": [ 15.5, 2.5, 18.093, 4.05 ], "autoUv": false },
												"east": { "texture": "#bloomery", "uv": [ 0.0, 0.0, 3.0, 28.0 ], "autoUv": false },
												"south": { "texture": "#bloomery", "uv": [ 19.093, 0.0, 16.5, 1.55 ], "autoUv": false },
												"west": { "texture": "#bloomery", "uv": [ 0.0, 0.0, 3.0, 28.0 ], "autoUv": false },
												"up": { "texture": "#bloomery", "uv": [ 14.0, 0.0, 18.0, 1.5 ], "rotation": 180, "autoUv": false },
												"down": { "texture": "#bloomery", "uv": [ 0.0, 0.0, 2.593, 0.9372 ], "autoUv": false }
											}
										},
										{
											"name": "cube17",
											"from": [ 7.09, 24.9274, 3.5439 ],
											"to": [ 9.6768, 26.4774, 4.4811 ],
											"shade": false,
											"rotationOrigin": [ 8.4646, 24.5641, 3.3038 ],
											"rotationY": -45.0,
											"faces": {
												"north": { "texture": "#bloomery", "uv": [ 25.0, 2.5, 27.5868, 4.05 ], "autoUv": false },
												"east": { "texture": "#bloomery", "uv": [ 0.0, 0.0, 3.0, 32.0 ], "autoUv": false },
												"south": { "texture": "#bloomery", "uv": [ 28.5868, 0.0, 26.0, 1.55 ], "autoUv": false },
												"west": { "texture": "#bloomery", "uv": [ 0.0, 0.0, 3.0, 32.0 ], "autoUv": false },
												"up": { "texture": "#bloomery", "uv": [ 23.5, 0.0, 27.5, 1.5 ], "rotation": 180, "autoUv": false },
												"down": { "texture": "#bloomery", "uv": [ 0.0, 0.0, 2.5868, 0.9372 ], "autoUv": false }
											}
										},
										{
											"name": "cube18",
											"from": [ 8.3603, 24.9274, 5.8364 ],
											"to": [ 10.9533, 26.4674, 6.7736 ],
											"shade": false,
											"rotationOrigin": [ 9.7349, 24.5641, 5.5902 ],
											"rotationY": -75.25,
											"faces": {
												"north": { "texture": "#bloomery", "uv": [ 10.5, 2.5, 13.093, 4.05 ], "autoUv": false },
												"east": { "texture": "#bloomery", "uv": [ 0.0, 0.0, 3.0, 28.0 ], "autoUv": false },
												"south": { "texture": "#bloomery", "uv": [ 11.5, 0.0, 14.093, 1.55 ], "autoUv": false },
												"west": { "texture": "#bloomery", "uv": [ 0.0, 0.0, 3.0, 28.0 ], "autoUv": false },
												"up": { "texture": "#bloomery", "uv": [ 9.0, 0.0, 13.0, 1.5 ], "autoUv": false },
												"down": { "texture": "#bloomery", "uv": [ 0.0, 0.0, 2.593, 0.9372 ], "autoUv": false }
											}
										},
										{
											"name": "cube19",
											"from": [ 8.3213, 24.9274, 8.4332 ],
											"to": [ 10.9143, 26.4774, 9.4641 ],
											"shade": false,
											"rotationOrigin": [ 9.6803, 24.5641, 8.2052 ],
											"rotationY": -105.0,
											"faces": {
												"north": { "texture": "#bloomery", "uv": [ 17.0, 2.5, 19.593, 4.05 ], "autoUv": false },
												"east": { "texture": "#bloomery", "uv": [ 0.0, 0.0, 1.5, 15.0 ], "autoUv": false },
												"south": { "texture": "#bloomery", "uv": [ 18.0, 0.0, 20.593, 1.55 ], "autoUv": false },
												"west": { "texture": "#bloomery", "uv": [ 0.0, 0.0, 1.5, 15.0 ], "autoUv": false },
												"up": { "texture": "#bloomery", "uv": [ 15.5, 0.0, 19.5, 1.5 ], "autoUv": false },
												"down": { "texture": "#bloomery", "uv": [ 0.0, 0.0, 2.593, 1.031 ], "autoUv": false }
											}
										},
										{
											"name": "cube19a",
											"from": [ 6.9874, 24.9274, 10.7025 ],
											"to": [ 9.5804, 26.4674, 11.6398 ],
											"shade": false,
											"rotationOrigin": [ 8.3464, 24.5641, 10.4676 ],
											"rotationY": -135.0,
											"faces": {
												"north": { "texture": "#bloomery", "uv": [ 20.5, 2.5, 23.093, 4.05 ], "autoUv": false },
												"east": { "texture": "#bloomery", "uv": [ 0.0, 0.0, 1.5, 15.0 ], "autoUv": false },
												"south": { "texture": "#bloomery", "uv": [ 25.593, 0.0, 23.0, 1.55 ], "autoUv": false },
												"west": { "texture": "#bloomery", "uv": [ 0.0, 0.0, 1.5, 15.0 ], "autoUv": false },
												"up": { "texture": "#bloomery", "uv": [ 20.5, 0.0, 24.5, 1.5 ], "rotation": 180, "autoUv": false },
												"down": { "texture": "#bloomery", "uv": [ 0.0, 0.0, 2.593, 0.9372 ], "autoUv": false }
											}
										},
										{
											"name": "cube19b",
											"from": [ 4.6953, 24.9274, 12.0103 ],
											"to": [ 7.2884, 26.4774, 12.9475 ],
											"shade": false,
											"rotationOrigin": [ 6.06, 24.5641, 11.76 ],
											"rotationY": -165.0,
											"faces": {
												"north": { "texture": "#bloomery", "uv": [ 6.5, 2.5, 9.093, 4.05 ], "autoUv": false },
												"east": { "texture": "#bloomery", "uv": [ 0.0, 0.0, 1.5, 15.0 ], "autoUv": false },
												"south": { "texture": "#bloomery", "uv": [ 17.593, 0.0, 15.0, 1.55 ], "autoUv": false },
												"west": { "texture": "#bloomery", "uv": [ 0.0, 0.0, 1.5, 15.0 ], "autoUv": false },
												"up": { "texture": "#bloomery", "uv": [ 16.5, 0.0, 12.5, 1.5 ], "autoUv": false },
												"down": { "texture": "#bloomery", "uv": [ 0.0, 0.0, 2.593, 0.9372 ], "autoUv": false }
											}
										}
									]
								},
								{
									"name": "cube10",
									"from": [ 7.2986, 24.9274, 2.1593 ],
									"to": [ 9.8916, 26.4674, 3.1965 ],
									"shade": false,
									"rotationOrigin": [ 8.6107, 25.2398, 2.4818 ],
									"rotationY": -15.0,
									"faces": {
										"north": { "texture": "#bloomery", "uv": [ 4.593, 2.5, 2.0, 4.05 ], "autoUv": false },
										"east": { "texture": "#bloomery", "uv": [ 0.0, 0.0, 1.5, 15.0 ], "autoUv": false },
										"south": { "texture": "#bloomery", "uv": [ 1.5, 0.0, 4.093, 1.55 ], "autoUv": false },
										"west": { "texture": "#bloomery", "uv": [ 0.0, 0.0, 1.5, 15.0 ], "autoUv": false },
										"up": { "texture": "#bloomery", "uv": [ 2.5, 0.0, 6.5, 1.5 ], "autoUv": false },
										"down": { "texture": "#bloomery", "uv": [ 0.0, 0.0, 2.593, 1.0372 ], "autoUv": false }
									}
								},
								{
									"name": "cube11",
									"from": [ 9.7003, 24.9274, 3.5439 ],
									"to": [ 12.2871, 26.4774, 4.4811 ],
									"shade": false,
									"rotationOrigin": [ 11.075, 25.8646, 3.3038 ],
									"rotationY": -45.0,
									"faces": {
										"north": { "texture": "#bloomery", "uv": [ 20.0, 2.5, 22.5868, 4.05 ], "autoUv": false },
										"east": { "texture": "#bloomery", "uv": [ 0.0, 0.0, 1.5, 15.0 ], "autoUv": false },
										"south": { "texture": "#bloomery", "uv": [ 28.5868, 0.0, 26.0, 1.55 ], "autoUv": false },
										"west": { "texture": "#bloomery", "uv": [ 0.0, 0.0, 1.5, 15.0 ], "autoUv": false },
										"up": { "texture": "#bloomery", "uv": [ 31.0, 0.0, 27.0, 1.5 ], "autoUv": false },
										"down": { "texture": "#bloomery", "uv": [ 0.0, 0.0, 2.5868, 0.9372 ], "autoUv": false }
									}
								},
								{
									"name": "cube12",
									"from": [ 10.9706, 24.9274, 5.8364 ],
									"to": [ 13.5636, 26.4674, 6.7736 ],
									"shade": false,
									"rotationOrigin": [ 12.3452, 25.8646, 5.5902 ],
									"rotationY": -75.25,
									"faces": {
										"north": { "texture": "#bloomery", "uv": [ 16.5, 2.5, 19.093, 4.05 ], "autoUv": false },
										"east": { "texture": "#bloomery", "uv": [ 0.0, 0.0, 1.5, 15.0 ], "autoUv": false },
										"south": { "texture": "#bloomery", "uv": [ 14.093, 0.0, 11.5, 1.55 ], "autoUv": false },
										"west": { "texture": "#bloomery", "uv": [ 0.0, 0.0, 1.5, 15.0 ], "autoUv": false },
										"up": { "texture": "#bloomery", "uv": [ 12.5, 0.0, 16.5, 1.5 ], "rotation": 180, "autoUv": false },
										"down": { "texture": "#bloomery", "uv": [ 0.0, 0.0, 2.593, 0.9372 ], "autoUv": false }
									}
								},
								{
									"name": "cube13",
									"from": [ 10.9316, 24.9274, 8.4332 ],
									"to": [ 13.5247, 26.4774, 9.3704 ],
									"shade": false,
									"rotationOrigin": [ 12.2906, 25.8646, 8.2052 ],
									"rotationY": -105.0,
									"faces": {
										"north": { "texture": "#bloomery", "uv": [ 12.5, 2.5, 15.093, 4.05 ], "autoUv": false },
										"east": { "texture": "#bloomery", "uv": [ 0.0, 0.0, 1.5, 15.0 ], "autoUv": false },
										"south": { "texture": "#bloomery", "uv": [ 10.593, 0.0, 8.0, 1.55 ], "autoUv": false },
										"west": { "texture": "#bloomery", "uv": [ 0.0, 0.0, 1.5, 15.0 ], "autoUv": false },
										"up": { "texture": "#bloomery", "uv": [ 12.5, 0.0, 8.5, 1.5 ], "autoUv": false },
										"down": { "texture": "#bloomery", "uv": [ 0.0, 0.0, 2.593, 0.9372 ], "autoUv": false }
									}
								},
								{
									"name": "cube14",
									"from": [ 9.5977, 24.9274, 10.7025 ],
									"to": [ 12.1907, 26.4674, 11.7335 ],
									"shade": false,
									"rotationOrigin": [ 10.9567, 25.8646, 10.4676 ],
									"rotationY": -135.0,
									"faces": {
										"north": { "texture": "#bloomery", "uv": [ 1.0, 2.5, 3.593, 4.05 ], "autoUv": false },
										"east": { "texture": "#bloomery", "uv": [ 0.5, 0.0, 2.0, 15.0 ], "autoUv": false },
										"south": { "texture": "#bloomery", "uv": [ 2.0, 0.0, 4.593, 1.55 ], "autoUv": false },
										"west": { "texture": "#bloomery", "uv": [ 0.0, 0.0, 1.5, 15.0 ], "autoUv": false },
										"up": { "texture": "#bloomery", "uv": [ 2.5, 0.0, 6.5, 1.5 ], "autoUv": false },
										"down": { "texture": "#bloomery", "uv": [ 0.0, 0.0, 2.593, 1.031 ], "autoUv": false }
									}
								},
								{
									"name": "cube15",
									"from": [ 7.3057, 24.9274, 12.0103 ],
									"to": [ 9.8987, 26.4774, 12.9475 ],
									"shade": false,
									"rotationOrigin": [ 8.6703, 25.8646, 11.76 ],
									"rotationY": -165.0,
									"faces": {
										"north": { "texture": "#bloomery", "uv": [ 9.0, 2.5, 11.593, 4.05 ], "autoUv": false },
										"east": { "texture": "#bloomery", "uv": [ 0.0, 0.0, 3.0, 28.0 ], "autoUv": false },
										"south": { "texture": "#bloomery", "uv": [ 12.603, 0.0, 10.01, 1.55 ], "autoUv": false },
										"west": { "texture": "#bloomery", "uv": [ 0.0, 0.0, 3.0, 28.0 ], "autoUv": false },
										"up": { "texture": "#bloomery", "uv": [ 14.5, 0.0, 10.5, 1.5 ], "autoUv": false },
										"down": { "texture": "#bloomery", "uv": [ 0.0, 0.0, 2.593, 0.9372 ], "autoUv": false }
									}
								},
								{
									"name": "toppart",
									"from": [ -0.5855, 26.48, -1.1618 ],
									"to": [ 15.4145, 26.48, 14.8382 ],
									"shade": false,
									"renderPass": 1,
									"rotationOrigin": [ 7.7735, 25.8646, 1.8602 ],
									"faces": {
										"up": { "texture": "#top", "uv": [ 32.0, 0.0, 0.0, 32.0 ], "autoUv": false }
									}
								}
							]
						},
						{
							"name": "top2",
							"from": [ 0.0, 0.0, 0.0 ],
							"to": [ 0.0, 0.0, 0.0 ],
							"rotationOrigin": [ 10.7245, 23.9893, 6.8363 ],
							"faces": {
								"north": { "texture": "#bloomery", "uv": [ 0.0, 0.0, 0.0, 0.0 ] },
								"east": { "texture": "#bloomery", "uv": [ 0.0, 0.0, 0.0, 0.0 ] },
								"south": { "texture": "#bloomery", "uv": [ 0.0, 0.0, 0.0, 0.0 ] },
								"west": { "texture": "#bloomery", "uv": [ 0.0, 0.0, 0.0, 0.0 ] },
								"up": { "texture": "#bloomery", "uv": [ 0.0, 0.0, 0.0, 0.0 ] },
								"down": { "texture": "#bloomery", "uv": [ 0.0, 0.0, 0.0, 0.0 ] }
							},
							"children": [
								{
									"name": "bone12",
									"from": [ 0.0, 0.0, 0.0 ],
									"to": [ 0.0, 0.0, 0.0 ],
									"shade": false,
									"rotationOrigin": [ 5.2459, 19.4032, 6.8345 ],
									"rotationY": -180.0,
									"faces": {
										"north": { "texture": "#bloomery", "uv": [ 0.0, 0.0, 0.0, 0.0 ] },
										"east": { "texture": "#bloomery", "uv": [ 0.0, 0.0, 0.0, 0.0 ] },
										"south": { "texture": "#bloomery", "uv": [ 0.0, 0.0, 0.0, 0.0 ] },
										"west": { "texture": "#bloomery", "uv": [ 0.0, 0.0, 0.0, 0.0 ] },
										"up": { "texture": "#bloomery", "uv": [ 0.0, 0.0, 0.0, 0.0 ] },
										"down": { "texture": "#bloomery", "uv": [ 0.0, 0.0, 0.0, 0.0 ] }
									},
									"children": [
										{
											"name": "cube27",
											"from": [ 2.9342, 23.0393, 1.3341 ],
											"to": [ 5.9849, 24.9293, 2.4367 ],
											"shade": false,
											"rotationOrigin": [ 4.4779, 23.6919, 1.7136 ],
											"rotationY": -15.0,
											"faces": {
												"north": { "texture": "#bloomery", "uv": [ 7.0, 7.0, 10.0506, 8.9 ], "autoUv": false },
												"east": { "texture": "#bloomery", "uv": [ 0.0, 0.0, 3.0, 28.0 ], "autoUv": false },
												"south": { "texture": "#bloomery", "uv": [ 17.5506, 0.0, 14.5, 1.9 ], "autoUv": false },
												"west": { "texture": "#bloomery", "uv": [ 0.0, 0.0, 3.0, 28.0 ], "autoUv": false },
												"up": { "texture": "#bloomery", "uv": [ 17.0, 3.5, 21.0, 5.0 ], "rotation": 180, "autoUv": false },
												"down": { "texture": "#bloomery", "uv": [ 0.0, 0.0, 8.3, 3.0 ], "autoUv": false }
											}
										},
										{
											"name": "cube28",
											"from": [ 5.7598, 23.0393, 2.963 ],
											"to": [ 8.8031, 24.9393, 4.0657 ],
											"shade": false,
											"rotationOrigin": [ 7.377, 24.427, 2.6806 ],
											"rotationY": -45.0,
											"faces": {
												"north": { "texture": "#bloomery", "uv": [ 3.5, 7.0, 6.5433, 8.9 ], "autoUv": false },
												"east": { "texture": "#bloomery", "uv": [ 0.0, 0.0, 3.0, 32.0 ], "autoUv": false },
												"south": { "texture": "#bloomery", "uv": [ 27.0433, 0.0, 24.0, 1.9 ], "autoUv": false },
												"west": { "texture": "#bloomery", "uv": [ 0.0, 0.0, 3.0, 32.0 ], "autoUv": false },
												"up": { "texture": "#bloomery", "uv": [ 26.5, 3.5, 30.5, 5.0 ], "rotation": 180, "autoUv": false },
												"down": { "texture": "#bloomery", "uv": [ 0.0, 0.0, 8.28, 3.0 ], "autoUv": false }
											}
										},
										{
											"name": "cube29",
											"from": [ 7.2542, 23.0393, 5.6601 ],
											"to": [ 10.3049, 24.9293, 6.7627 ],
											"shade": false,
											"rotationOrigin": [ 8.8714, 24.427, 5.3705 ],
											"rotationY": -75.25,
											"faces": {
												"north": { "texture": "#bloomery", "uv": [ 0.0, 7.0, 3.0506, 8.9 ], "autoUv": false },
												"east": { "texture": "#bloomery", "uv": [ 0.0, 0.0, 1.0, 1.5 ] },
												"south": { "texture": "#bloomery", "uv": [ 9.5, 0.0, 12.5506, 1.9 ], "autoUv": false },
												"west": { "texture": "#bloomery", "uv": [ 0.0, 0.0, 1.0, 1.5 ] },
												"up": { "texture": "#bloomery", "uv": [ 12.0, 3.5, 16.0, 5.0 ], "autoUv": false },
												"down": { "texture": "#bloomery", "uv": [ 0.0, 0.0, 8.3, 3.0 ], "autoUv": false }
											}
										},
										{
											"name": "cube29a",
											"from": [ 7.2084, 23.0393, 8.7151 ],
											"to": [ 10.2591, 24.9393, 9.928 ],
											"shade": false,
											"rotationOrigin": [ 8.8072, 24.427, 8.447 ],
											"rotationY": -105.0,
											"faces": {
												"north": { "texture": "#bloomery", "uv": [ 28.5, 7.0, 31.5506, 8.9 ], "autoUv": false },
												"east": { "texture": "#bloomery", "uv": [ 0.0, 0.0, 1.5, 15.0 ], "autoUv": false },
												"south": { "texture": "#bloomery", "uv": [ 16.0, 0.0, 19.0506, 1.9 ], "autoUv": false },
												"west": { "texture": "#bloomery", "uv": [ 0.0, 0.0, 1.5, 15.0 ], "autoUv": false },
												"up": { "texture": "#bloomery", "uv": [ 18.5, 3.5, 22.5, 5.0 ], "autoUv": false },
												"down": { "texture": "#bloomery", "uv": [ 0.0, 0.0, 8.3, 3.0 ], "autoUv": false }
											}
										},
										{
											"name": "cube29b",
											"from": [ 5.6391, 23.0393, 11.385 ],
											"to": [ 8.6897, 24.9293, 12.4876 ],
											"shade": false,
											"rotationOrigin": [ 7.2379, 24.427, 11.1086 ],
											"rotationY": -135.0,
											"faces": {
												"north": { "texture": "#bloomery", "uv": [ 23.5, 6.5, 26.5506, 8.4 ], "autoUv": false },
												"east": { "texture": "#bloomery", "uv": [ 0.0, 0.0, 1.5, 15.0 ], "autoUv": false },
												"south": { "texture": "#bloomery", "uv": [ 24.0506, 0.0, 21.0, 1.9 ], "autoUv": false },
												"west": { "texture": "#bloomery", "uv": [ 0.0, 0.0, 1.5, 15.0 ], "autoUv": false },
												"up": { "texture": "#bloomery", "uv": [ 23.5, 3.5, 27.5, 5.0 ], "rotation": 180, "autoUv": false },
												"down": { "texture": "#bloomery", "uv": [ 0.0, 0.0, 8.3, 3.0 ], "autoUv": false }
											}
										},
										{
											"name": "cube29c",
											"from": [ 2.9426, 23.0393, 12.9235 ],
											"to": [ 5.9932, 24.9393, 14.0262 ],
											"shade": false,
											"rotationOrigin": [ 4.548, 24.427, 12.629 ],
											"rotationY": -165.0,
											"faces": {
												"north": { "texture": "#bloomery", "uv": [ 21.0, 7.0, 24.0506, 8.9 ], "autoUv": false },
												"east": { "texture": "#bloomery", "uv": [ 0.0, 0.0, 1.5, 15.0 ], "autoUv": false },
												"south": { "texture": "#bloomery", "uv": [ 16.0506, 0.0, 13.0, 1.9 ], "autoUv": false },
												"west": { "texture": "#bloomery", "uv": [ 0.0, 0.0, 1.5, 15.0 ], "autoUv": false },
												"up": { "texture": "#bloomery", "uv": [ 19.5, 3.5, 15.5, 5.0 ], "autoUv": false },
												"down": { "texture": "#bloomery", "uv": [ 0.0, 0.0, 8.3, 3.0 ], "autoUv": false }
											}
										}
									]
								},
								{
									"name": "cube21",
									"from": [ 7.2817, 23.0393, 1.3341 ],
									"to": [ 10.3323, 24.9293, 2.5543 ],
									"shade": false,
									"rotationOrigin": [ 8.8254, 23.4069, 1.7136 ],
									"rotationY": -15.0,
									"faces": {
										"north": { "texture": "#bloomery", "uv": [ 18.5, 6.5, 21.5506, 8.4 ], "autoUv": false },
										"east": { "texture": "#bloomery", "uv": [ 0.0, 0.0, 1.5, 15.0 ], "autoUv": false },
										"south": { "texture": "#bloomery", "uv": [ 0.0, 0.0, 3.0506, 1.9 ], "autoUv": false },
										"west": { "texture": "#bloomery", "uv": [ 0.0, 0.0, 1.5, 15.0 ], "autoUv": false },
										"up": { "texture": "#bloomery", "uv": [ 2.5, 3.5, 6.5, 5.0 ], "autoUv": false },
										"down": { "texture": "#bloomery", "uv": [ 0.0, 0.0, 8.3, 3.0 ], "autoUv": false }
									}
								},
								{
									"name": "cube22",
									"from": [ 10.1073, 23.0393, 2.963 ],
									"to": [ 13.1506, 24.9393, 4.0657 ],
									"shade": false,
									"rotationOrigin": [ 11.7245, 24.142, 2.6806 ],
									"rotationY": -45.0,
									"faces": {
										"north": { "texture": "#bloomery", "uv": [ 16.5, 7.0, 19.5433, 8.9 ], "autoUv": false },
										"east": { "texture": "#bloomery", "uv": [ 0.0, 0.0, 1.5, 15.0 ], "autoUv": false },
										"south": { "texture": "#bloomery", "uv": [ 27.5433, 0.0, 24.5, 1.9 ], "autoUv": false },
										"west": { "texture": "#bloomery", "uv": [ 0.0, 0.0, 1.5, 15.0 ], "autoUv": false },
										"up": { "texture": "#bloomery", "uv": [ 31.0, 3.5, 27.0, 5.0 ], "autoUv": false },
										"down": { "texture": "#bloomery", "uv": [ 0.0, 0.0, 8.28, 3.0 ], "autoUv": false }
									}
								},
								{
									"name": "cube23",
									"from": [ 11.6017, 23.0393, 5.6601 ],
									"to": [ 14.6523, 24.9293, 6.7627 ],
									"shade": false,
									"rotationOrigin": [ 13.2189, 24.142, 5.3705 ],
									"rotationY": -75.25,
									"faces": {
										"north": { "texture": "#bloomery", "uv": [ 13.5, 7.0, 16.5506, 8.9 ], "autoUv": false },
										"east": { "texture": "#bloomery", "uv": [ 0.0, 0.0, 1.5, 15.0 ], "autoUv": false },
										"south": { "texture": "#bloomery", "uv": [ 13.0506, 0.0, 10.0, 1.9 ], "autoUv": false },
										"west": { "texture": "#bloomery", "uv": [ 0.0, 0.0, 1.5, 15.0 ], "autoUv": false },
										"up": { "texture": "#bloomery", "uv": [ 12.5, 3.5, 16.5, 5.0 ], "rotation": 180, "autoUv": false },
										"down": { "texture": "#bloomery", "uv": [ 0.0, 0.0, 8.3, 3.0 ], "autoUv": false }
									}
								},
								{
									"name": "cube24",
									"from": [ 11.5559, 23.0393, 8.7151 ],
									"to": [ 14.6065, 24.9393, 9.8178 ],
									"shade": false,
									"rotationOrigin": [ 13.1547, 24.142, 8.447 ],
									"rotationY": -105.0,
									"faces": {
										"north": { "texture": "#bloomery", "uv": [ 10.5, 7.0, 13.5506, 8.9 ], "autoUv": false },
										"east": { "texture": "#bloomery", "uv": [ 0.0, 0.0, 1.5, 15.0 ], "autoUv": false },
										"south": { "texture": "#bloomery", "uv": [ 9.0506, 0.0, 6.0, 1.9 ], "autoUv": false },
										"west": { "texture": "#bloomery", "uv": [ 0.0, 0.0, 1.5, 15.0 ], "autoUv": false },
										"up": { "texture": "#bloomery", "uv": [ 12.5, 3.5, 8.5, 5.0 ], "autoUv": false },
										"down": { "texture": "#bloomery", "uv": [ 0.0, 0.0, 8.3, 3.0 ], "autoUv": false }
									}
								},
								{
									"name": "cube25",
									"from": [ 9.9865, 23.0393, 11.385 ],
									"to": [ 13.0372, 24.9293, 12.5979 ],
									"shade": false,
									"rotationOrigin": [ 11.5854, 24.142, 11.1086 ],
									"rotationY": -135.0,
									"faces": {
										"north": { "texture": "#bloomery", "uv": [ 15.0, 7.0, 18.0506, 8.9 ], "autoUv": false },
										"east": { "texture": "#bloomery", "uv": [ 0.5, 0.0, 2.0, 15.0 ], "autoUv": false },
										"south": { "texture": "#bloomery", "uv": [ 0.0, 0.0, 3.0506, 1.9 ], "autoUv": false },
										"west": { "texture": "#bloomery", "uv": [ 0.0, 0.0, 1.5, 15.0 ], "autoUv": false },
										"up": { "texture": "#bloomery", "uv": [ 2.5, 3.5, 6.5, 5.0 ], "autoUv": false },
										"down": { "texture": "#bloomery", "uv": [ 0.0, 0.0, 8.3, 3.0 ], "autoUv": false }
									}
								},
								{
									"name": "cube26",
									"from": [ 7.29, 23.0393, 12.9235 ],
									"to": [ 10.3406, 24.9393, 14.0262 ],
									"shade": false,
									"rotationOrigin": [ 8.8955, 24.142, 12.629 ],
									"rotationY": -165.0,
									"faces": {
										"north": { "texture": "#bloomery", "uv": [ 17.0, 7.0, 20.0506, 8.9 ], "autoUv": false },
										"east": { "texture": "#bloomery", "uv": [ 0.0, 0.0, 3.0, 28.0 ], "autoUv": false },
										"south": { "texture": "#bloomery", "uv": [ 11.0606, 0.5, 8.01, 2.4 ], "autoUv": false },
										"west": { "texture": "#bloomery", "uv": [ 0.0, 0.0, 3.0, 28.0 ], "autoUv": false },
										"up": { "texture": "#bloomery", "uv": [ 14.5, 3.5, 10.5, 5.0 ], "autoUv": false },
										"down": { "texture": "#bloomery", "uv": [ 0.0, 0.0, 8.3, 3.0 ], "autoUv": false }
									}
								}
							]
						},
						{
							"name": "top3",
							"from": [ 0.0, 0.0, 0.0 ],
							"to": [ 0.0, 0.0, 0.0 ],
							"rotationOrigin": [ 10.799, 22.0282, 6.8364 ],
							"faces": {
								"north": { "texture": "#bloomery", "uv": [ 0.0, 0.0, 0.0, 0.0 ] },
								"east": { "texture": "#bloomery", "uv": [ 0.0, 0.0, 0.0, 0.0 ] },
								"south": { "texture": "#bloomery", "uv": [ 0.0, 0.0, 0.0, 0.0 ] },
								"west": { "texture": "#bloomery", "uv": [ 0.0, 0.0, 0.0, 0.0 ] },
								"up": { "texture": "#bloomery", "uv": [ 0.0, 0.0, 0.0, 0.0 ] },
								"down": { "texture": "#bloomery", "uv": [ 0.0, 0.0, 0.0, 0.0 ] }
							},
							"children": [
								{
									"name": "bone10",
									"from": [ 0.0, 0.0, 0.0 ],
									"to": [ 0.0, 0.0, 0.0 ],
									"rotationOrigin": [ 4.8063, 20.3297, 6.8343 ],
									"rotationY": -180.0,
									"faces": {
										"north": { "texture": "#bloomery", "uv": [ 0.0, 0.0, 0.0, 0.0 ] },
										"east": { "texture": "#bloomery", "uv": [ 0.0, 0.0, 0.0, 0.0 ] },
										"south": { "texture": "#bloomery", "uv": [ 0.0, 0.0, 0.0, 0.0 ] },
										"west": { "texture": "#bloomery", "uv": [ 0.0, 0.0, 0.0, 0.0 ] },
										"up": { "texture": "#bloomery", "uv": [ 0.0, 0.0, 0.0, 0.0 ] },
										"down": { "texture": "#bloomery", "uv": [ 0.0, 0.0, 0.0, 0.0 ] }
									},
									"children": [
										{
											"name": "cube36",
											"from": [ 2.1503, 21.0782, 1.0447 ],
											"to": [ 5.3615, 22.9682, 2.2053 ],
											"shade": false,
											"rotationOrigin": [ 3.7752, 23.5551, 1.4441 ],
											"rotationY": -15.0,
											"faces": {
												"north": { "texture": "#bloomery", "uv": [ 3.0, 10.0, 6.2112, 11.9 ], "autoUv": false },
												"east": { "texture": "#bloomery", "uv": [ 0.0, 0.0, 3.0, 28.0 ], "autoUv": false },
												"south": { "texture": "#bloomery", "uv": [ 18.2112, 0.0, 15.0, 1.9 ], "autoUv": false },
												"west": { "texture": "#bloomery", "uv": [ 0.0, 0.0, 3.0, 28.0 ], "autoUv": false },
												"up": { "texture": "#bloomery", "uv": [ 16.5, 6.5, 19.7112, 7.6607 ], "rotation": 180, "autoUv": false },
												"down": { "texture": "#bloomery", "uv": [ 0.0, 0.0, 8.3, 3.0 ], "autoUv": false }
											}
										},
										{
											"name": "cube37",
											"from": [ 5.1246, 21.0782, 2.7594 ],
											"to": [ 8.3281, 22.9782, 3.92 ],
											"shade": false,
											"rotationOrigin": [ 6.8269, 24.3289, 2.4621 ],
											"rotationY": -45.0,
											"faces": {
												"north": { "texture": "#bloomery", "uv": [ 0.0, 10.0, 3.2035, 11.9 ], "autoUv": false },
												"east": { "texture": "#bloomery", "uv": [ 0.0, 0.0, 3.0, 32.0 ], "autoUv": false },
												"south": { "texture": "#bloomery", "uv": [ 27.7035, 0.0, 24.5, 1.9 ], "autoUv": false },
												"west": { "texture": "#bloomery", "uv": [ 0.0, 0.0, 3.0, 32.0 ], "autoUv": false },
												"up": { "texture": "#bloomery", "uv": [ 26.0, 6.5, 29.2035, 7.6607 ], "rotation": 180, "autoUv": false },
												"down": { "texture": "#bloomery", "uv": [ 0.0, 0.0, 8.28, 3.0 ], "autoUv": false }
											}
										},
										{
											"name": "cube38",
											"from": [ 6.6977, 21.0782, 5.5984 ],
											"to": [ 9.9089, 22.9682, 6.759 ],
											"shade": false,
											"rotationOrigin": [ 8.4, 24.3289, 5.2936 ],
											"rotationY": -75.25,
											"faces": {
												"north": { "texture": "#bloomery", "uv": [ 13.0, 10.0, 16.2112, 11.9 ], "autoUv": false },
												"east": { "texture": "#bloomery", "uv": [ 0.0, 0.0, 3.0, 28.0 ], "autoUv": false },
												"south": { "texture": "#bloomery", "uv": [ 10.0, 0.0, 13.2112, 1.9 ], "autoUv": false },
												"west": { "texture": "#bloomery", "uv": [ 0.0, 0.0, 3.0, 28.0 ], "autoUv": false },
												"up": { "texture": "#bloomery", "uv": [ 11.5, 6.5, 14.7112, 7.6607 ], "autoUv": false },
												"down": { "texture": "#bloomery", "uv": [ 0.0, 0.0, 8.3, 3.0 ], "autoUv": false }
											}
										},
										{
											"name": "cube39",
											"from": [ 6.6494, 21.0782, 8.8142 ],
											"to": [ 9.8606, 22.9782, 10.0909 ],
											"shade": false,
											"rotationOrigin": [ 8.3324, 24.3289, 8.5319 ],
											"rotationY": -105.0,
											"faces": {
												"north": { "texture": "#bloomery", "uv": [ 28.5, 10.0, 31.7112, 11.9 ], "autoUv": false },
												"east": { "texture": "#bloomery", "uv": [ 0.0, 0.0, 1.5, 15.0 ], "autoUv": false },
												"south": { "texture": "#bloomery", "uv": [ 16.5, 0.0, 19.7112, 1.9 ], "autoUv": false },
												"west": { "texture": "#bloomery", "uv": [ 0.0, 0.0, 1.5, 15.0 ], "autoUv": false },
												"up": { "texture": "#bloomery", "uv": [ 18.0, 6.5, 21.2112, 7.7767 ], "autoUv": false },
												"down": { "texture": "#bloomery", "uv": [ 0.0, 0.0, 8.3, 3.0 ], "autoUv": false }
											}
										},
										{
											"name": "cube39a",
											"from": [ 4.9975, 21.0782, 11.6246 ],
											"to": [ 8.2087, 22.9682, 12.7852 ],
											"shade": false,
											"rotationOrigin": [ 6.6805, 24.3289, 11.3337 ],
											"rotationY": -135.0,
											"faces": {
												"north": { "texture": "#bloomery", "uv": [ 26.0, 10.0, 29.2112, 11.9 ], "autoUv": false },
												"east": { "texture": "#bloomery", "uv": [ 0.0, 0.0, 1.5, 15.0 ], "autoUv": false },
												"south": { "texture": "#bloomery", "uv": [ 24.7112, 0.0, 21.5, 1.9 ], "autoUv": false },
												"west": { "texture": "#bloomery", "uv": [ 0.0, 0.0, 1.5, 15.0 ], "autoUv": false },
												"up": { "texture": "#bloomery", "uv": [ 23.0, 6.5, 26.2112, 7.6607 ], "rotation": 180, "autoUv": false },
												"down": { "texture": "#bloomery", "uv": [ 0.0, 0.0, 8.3, 3.0 ], "autoUv": false }
											}
										},
										{
											"name": "cube39b",
											"from": [ 2.1591, 21.0782, 13.2441 ],
											"to": [ 5.3703, 22.9782, 14.4048 ],
											"shade": false,
											"rotationOrigin": [ 3.849, 24.3289, 12.9341 ],
											"rotationY": -165.0,
											"faces": {
												"north": { "texture": "#bloomery", "uv": [ 23.0, 10.0, 26.2112, 11.9 ], "autoUv": false },
												"east": { "texture": "#bloomery", "uv": [ 0.0, 0.0, 1.5, 15.0 ], "autoUv": false },
												"south": { "texture": "#bloomery", "uv": [ 16.7112, 0.0, 13.5, 1.9 ], "autoUv": false },
												"west": { "texture": "#bloomery", "uv": [ 0.0, 0.0, 1.5, 15.0 ], "autoUv": false },
												"up": { "texture": "#bloomery", "uv": [ 18.2112, 6.5, 15.0, 7.6607 ], "autoUv": false },
												"down": { "texture": "#bloomery", "uv": [ 0.0, 0.0, 8.3, 3.0 ], "autoUv": false }
											}
										}
									]
								},
								{
									"name": "cube30",
									"from": [ 7.175, 21.0782, 1.0447 ],
									"to": [ 10.3862, 22.9682, 2.3291 ],
									"shade": false,
									"rotationOrigin": [ 8.7999, 21.4651, 1.4441 ],
									"rotationY": -15.0,
									"faces": {
										"north": { "texture": "#bloomery", "uv": [ 23.2112, 10.0, 20.0, 11.9 ], "autoUv": false },
										"east": { "texture": "#bloomery", "uv": [ 0.0, 0.0, 1.5, 15.0 ], "autoUv": false },
										"south": { "texture": "#bloomery", "uv": [ 0.5, 0.0, 3.7112, 1.9 ], "autoUv": false },
										"west": { "texture": "#bloomery", "uv": [ 0.0, 0.0, 1.5, 15.0 ], "autoUv": false },
										"up": { "texture": "#bloomery", "uv": [ 2.0, 6.5, 5.2112, 7.7845 ], "autoUv": false },
										"down": { "texture": "#bloomery", "uv": [ 0.0, 0.0, 8.3, 3.0 ], "autoUv": false }
									}
								},
								{
									"name": "cube31",
									"from": [ 10.1493, 21.0782, 2.7594 ],
									"to": [ 13.3528, 22.9782, 3.92 ],
									"shade": false,
									"rotationOrigin": [ 11.8516, 22.2389, 2.4621 ],
									"rotationY": -45.0,
									"faces": {
										"north": { "texture": "#bloomery", "uv": [ 17.5, 10.0, 20.7035, 11.9 ], "autoUv": false },
										"east": { "texture": "#bloomery", "uv": [ 0.0, 0.0, 1.5, 15.0 ], "autoUv": false },
										"south": { "texture": "#bloomery", "uv": [ 28.2035, 0.0, 25.0, 1.9 ], "autoUv": false },
										"west": { "texture": "#bloomery", "uv": [ 0.0, 0.0, 1.5, 15.0 ], "autoUv": false },
										"up": { "texture": "#bloomery", "uv": [ 29.7035, 6.5, 26.5, 7.6607 ], "autoUv": false },
										"down": { "texture": "#bloomery", "uv": [ 0.0, 0.0, 8.28, 3.0 ], "autoUv": false }
									}
								},
								{
									"name": "cube32",
									"from": [ 11.7224, 21.0782, 5.5984 ],
									"to": [ 14.9335, 22.9682, 6.759 ],
									"shade": false,
									"rotationOrigin": [ 13.4247, 22.2389, 5.2936 ],
									"rotationY": -75.25,
									"faces": {
										"north": { "texture": "#bloomery", "uv": [ 14.5, 10.0, 17.7112, 11.9 ], "autoUv": false },
										"east": { "texture": "#bloomery", "uv": [ 0.0, 0.0, 1.5, 15.0 ], "autoUv": false },
										"south": { "texture": "#bloomery", "uv": [ 13.7112, 0.0, 10.5, 1.9 ], "autoUv": false },
										"west": { "texture": "#bloomery", "uv": [ 0.0, 0.0, 1.5, 15.0 ], "autoUv": false },
										"up": { "texture": "#bloomery", "uv": [ 12.0, 6.5, 15.2112, 7.6607 ], "rotation": 180, "autoUv": false },
										"down": { "texture": "#bloomery", "uv": [ 0.0, 0.0, 8.3, 3.0 ], "autoUv": false }
									}
								},
								{
									"name": "cube33",
									"from": [ 11.6741, 21.0782, 8.8142 ],
									"to": [ 14.8853, 22.9782, 9.9749 ],
									"shade": false,
									"rotationOrigin": [ 13.3571, 22.2389, 8.5319 ],
									"rotationY": -105.0,
									"faces": {
										"north": { "texture": "#bloomery", "uv": [ 11.5, 10.0, 14.7112, 11.9 ], "autoUv": false },
										"east": { "texture": "#bloomery", "uv": [ 0.0, 0.0, 1.5, 15.0 ], "autoUv": false },
										"south": { "texture": "#bloomery", "uv": [ 9.7112, 0.0, 6.5, 1.9 ], "autoUv": false },
										"west": { "texture": "#bloomery", "uv": [ 0.0, 0.0, 1.5, 15.0 ], "autoUv": false },
										"up": { "texture": "#bloomery", "uv": [ 11.2112, 6.5, 8.0, 7.6607 ], "autoUv": false },
										"down": { "texture": "#bloomery", "uv": [ 0.0, 0.0, 8.3, 3.0 ], "autoUv": false }
									}
								},
								{
									"name": "cube34",
									"from": [ 10.0222, 21.0782, 11.6246 ],
									"to": [ 13.2334, 22.9682, 12.9013 ],
									"shade": false,
									"rotationOrigin": [ 11.7052, 22.2389, 11.3337 ],
									"rotationY": -135.0,
									"faces": {
										"north": { "texture": "#bloomery", "uv": [ 8.0, 10.0, 11.2112, 11.9 ], "autoUv": false },
										"east": { "texture": "#bloomery", "uv": [ 0.5, 0.0, 2.0, 15.0 ], "autoUv": false },
										"south": { "texture": "#bloomery", "uv": [ 0.5, 0.0, 3.7112, 1.9 ], "autoUv": false },
										"west": { "texture": "#bloomery", "uv": [ 0.0, 0.0, 1.5, 15.0 ], "autoUv": false },
										"up": { "texture": "#bloomery", "uv": [ 2.0, 6.5, 5.2112, 7.7767 ], "autoUv": false },
										"down": { "texture": "#bloomery", "uv": [ 0.0, 0.0, 8.3, 3.0 ], "autoUv": false }
									}
								},
								{
									"name": "cube35",
									"from": [ 7.1837, 21.0782, 13.2441 ],
									"to": [ 10.3949, 22.9782, 14.4048 ],
									"shade": false,
									"rotationOrigin": [ 8.8737, 22.2389, 12.9341 ],
									"rotationY": -165.0,
									"faces": {
										"north": { "texture": "#bloomery", "uv": [ 5.5, 10.0, 8.7112, 11.9 ], "autoUv": false },
										"east": { "texture": "#bloomery", "uv": [ 0.0, 0.0, 3.0, 28.0 ], "autoUv": false },
										"south": { "texture": "#bloomery", "uv": [ 11.7212, 0.0, 8.51, 1.9 ], "autoUv": false },
										"west": { "texture": "#bloomery", "uv": [ 0.0, 0.0, 3.0, 28.0 ], "autoUv": false },
										"up": { "texture": "#bloomery", "uv": [ 13.2112, 6.5, 10.0, 7.6607 ], "autoUv": false },
										"down": { "texture": "#bloomery", "uv": [ 0.0, 0.0, 8.3, 3.0 ], "autoUv": false }
									}
								}
							]
						},
						{
							"name": "top4",
							"from": [ 0.0, -1.0, 0.0 ],
							"to": [ 0.0, -1.0, 0.0 ],
							"rotationOrigin": [ 11.259, 19.45, 6.8331 ],
							"faces": {
								"north": { "texture": "#bloomery", "uv": [ 0.0, 0.0, 0.5, 0.5 ] },
								"east": { "texture": "#bloomery", "uv": [ 0.0, 0.0, 0.5, 0.5 ] },
								"south": { "texture": "#bloomery", "uv": [ 0.0, 0.0, 0.5, 0.5 ] },
								"west": { "texture": "#bloomery", "uv": [ 0.0, 0.0, 0.5, 0.5 ] },
								"up": { "texture": "#bloomery", "uv": [ 0.0, 0.0, 0.5, 0.5 ] },
								"down": { "texture": "#bloomery", "uv": [ 0.0, 0.0, 0.5, 0.5 ] }
							},
							"children": [
								{
									"name": "bone3",
									"from": [ 0.0, 0.0, 0.0 ],
									"to": [ 0.0, 0.0, 0.0 ],
									"rotationOrigin": [ 4.148, 18.2815, 6.8339 ],
									"rotationY": -180.0,
									"faces": {
										"north": { "texture": "#bloomery", "uv": [ 0.0, 0.0, 0.0, 0.0 ] },
										"east": { "texture": "#bloomery", "uv": [ 0.0, 0.0, 0.0, 0.0 ] },
										"south": { "texture": "#bloomery", "uv": [ 0.0, 0.0, 0.0, 0.0 ] },
										"west": { "texture": "#bloomery", "uv": [ 0.0, 0.0, 0.0, 0.0 ] },
										"up": { "texture": "#bloomery", "uv": [ 0.0, 0.0, 0.0, 0.0 ] },
										"down": { "texture": "#bloomery", "uv": [ 0.0, 0.0, 0.0, 0.0 ] }
									},
									"children": [
										{
											"name": "cube4665",
											"from": [ 0.763, 17.0639, 0.4191 ],
											"to": [ 4.3211, 22.0539, 1.7052 ],
											"shade": false,
											"rotationOrigin": [ 2.5635, 19.5926, 0.8617 ],
											"rotationY": -15.0,
											"faces": {
												"north": { "texture": "#bloomery", "uv": [ 4.0, 11.5, 7.5, 16.0 ] },
												"east": { "texture": "#bloomery", "uv": [ 0.0, 0.0, 1.0, 4.5 ] },
												"south": { "texture": "#bloomery", "uv": [ 20.5, 2.0, 24.0, 6.5 ] },
												"west": { "texture": "#bloomery", "uv": [ 0.0, 0.0, 1.0, 4.5 ] },
												"up": { "texture": "#bloomery", "uv": [ 16.5, 10.0, 20.0, 11.0 ], "rotation": 180 },
												"down": { "texture": "#bloomery", "uv": [ 0.0, 0.0, 3.5, 1.0 ] }
											}
										},
										{
											"name": "cube4766",
											"from": [ 4.0587, 17.0639, 2.3191 ],
											"to": [ 7.6082, 22.0639, 3.6051 ],
											"shade": false,
											"rotationOrigin": [ 5.9449, 20.45, 1.9897 ],
											"rotationY": -45.0,
											"faces": {
												"north": { "texture": "#bloomery", "uv": [ 0.5, 11.5, 4.0, 16.5 ] },
												"east": { "texture": "#bloomery", "uv": [ 0.0, 0.0, 1.0, 5.0 ] },
												"south": { "texture": "#bloomery", "uv": [ 28.0, 2.0, 31.5, 7.0 ] },
												"west": { "texture": "#bloomery", "uv": [ 0.0, 0.0, 1.0, 5.0 ] },
												"up": { "texture": "#bloomery", "uv": [ 26.0, 10.0, 29.5, 11.0 ], "rotation": 180 },
												"down": { "texture": "#bloomery", "uv": [ 0.0, 0.0, 3.5, 1.0 ] }
											}
										},
										{
											"name": "cube4867",
											"from": [ 5.8016, 17.0639, 5.4648 ],
											"to": [ 9.3598, 22.0539, 6.7508 ],
											"shade": false,
											"rotationOrigin": [ 7.6879, 20.45, 5.127 ],
											"rotationY": -75.25,
											"faces": {
												"north": { "texture": "#bloomery", "uv": [ 8.5, 11.5, 12.0, 16.0 ] },
												"east": { "texture": "#bloomery", "uv": [ 0.0, 0.0, 1.0, 4.5 ] },
												"south": { "texture": "#bloomery", "uv": [ 9.5, 2.0, 13.0, 6.5 ] },
												"west": { "texture": "#bloomery", "uv": [ 0.0, 0.0, 1.0, 4.5 ] },
												"up": { "texture": "#bloomery", "uv": [ 11.5, 10.0, 15.0, 11.0 ] },
												"down": { "texture": "#bloomery", "uv": [ 0.0, 0.0, 3.5, 1.0 ] }
											}
										},
										{
											"name": "cube4968",
											"from": [ 5.7482, 17.0639, 9.028 ],
											"to": [ 9.3063, 22.0639, 10.4427 ],
											"shade": false,
											"rotationOrigin": [ 7.613, 20.45, 8.7153 ],
											"rotationY": -105.0,
											"faces": {
												"north": { "texture": "#bloomery", "uv": [ 26.0, 11.5, 29.5, 16.5 ] },
												"east": { "texture": "#bloomery", "uv": [ 0.0, 0.0, 1.0, 5.0 ] },
												"south": { "texture": "#bloomery", "uv": [ 16.0, 2.0, 19.5, 7.0 ] },
												"west": { "texture": "#bloomery", "uv": [ 0.0, 0.0, 1.0, 5.0 ] },
												"up": { "texture": "#bloomery", "uv": [ 18.0, 10.0, 21.5, 11.0 ] },
												"down": { "texture": "#bloomery", "uv": [ 0.0, 0.0, 3.5, 1.0 ] }
											}
										},
										{
											"name": "cube49a69",
											"from": [ 3.9178, 17.0639, 12.142 ],
											"to": [ 7.4759, 22.0539, 13.4281 ],
											"shade": false,
											"rotationOrigin": [ 5.7826, 20.45, 11.8197 ],
											"rotationY": -135.0,
											"faces": {
												"north": { "texture": "#bloomery", "uv": [ 22.5, 11.5, 26.0, 16.0 ] },
												"east": { "texture": "#bloomery", "uv": [ 0.0, 0.0, 1.0, 4.5 ] },
												"south": { "texture": "#bloomery", "uv": [ 24.5, 2.0, 28.0, 6.5 ] },
												"west": { "texture": "#bloomery", "uv": [ 0.0, 0.0, 1.0, 4.5 ] },
												"up": { "texture": "#bloomery", "uv": [ 23.0, 10.0, 26.5, 11.0 ], "rotation": 180 },
												"down": { "texture": "#bloomery", "uv": [ 0.0, 0.0, 3.5, 1.0 ] }
											}
										},
										{
											"name": "cube49b70",
											"from": [ 0.7727, 17.0639, 13.9365 ],
											"to": [ 4.3308, 22.0639, 15.2226 ],
											"shade": false,
											"rotationOrigin": [ 2.6452, 20.45, 13.593 ],
											"rotationY": -165.0,
											"faces": {
												"north": { "texture": "#bloomery", "uv": [ 26.0, 11.5, 29.5, 16.5 ] },
												"east": { "texture": "#bloomery", "uv": [ 0.0, 0.0, 1.0, 5.0 ] },
												"south": { "texture": "#bloomery", "uv": [ 16.5, 2.0, 20.0, 7.0 ] },
												"west": { "texture": "#bloomery", "uv": [ 0.0, 0.0, 1.0, 5.0 ] },
												"up": { "texture": "#bloomery", "uv": [ 18.5, 10.0, 22.0, 11.0 ] },
												"down": { "texture": "#bloomery", "uv": [ 0.0, 0.0, 3.5, 1.0 ] }
											}
										}
									]
								},
								{
									"name": "cube4059",
									"from": [ 7.2329, 17.0639, 0.4191 ],
									"to": [ 10.7911, 22.0539, 1.8424 ],
									"shade": false,
									"rotationOrigin": [ 9.0334, 17.4926, 0.8617 ],
									"rotationY": -15.0,
									"faces": {
										"north": { "texture": "#bloomery", "uv": [ 26.0, 11.5, 29.5, 16.0 ] },
										"east": { "texture": "#bloomery", "uv": [ 0.0, 0.0, 1.0, 4.5 ] },
										"south": { "texture": "#bloomery", "uv": [ 0.0, 2.0, 3.5, 6.5 ] },
										"west": { "texture": "#bloomery", "uv": [ 0.0, 0.0, 1.0, 4.5 ] },
										"up": { "texture": "#bloomery", "uv": [ 2.0, 10.0, 5.5, 11.0 ] },
										"down": { "texture": "#bloomery", "uv": [ 0.0, 0.0, 3.5, 1.0 ] }
									}
								},
								{
									"name": "cube4160",
									"from": [ 10.5286, 17.0639, 2.3191 ],
									"to": [ 14.0781, 22.0639, 3.6051 ],
									"shade": false,
									"rotationOrigin": [ 12.4148, 18.35, 1.9897 ],
									"rotationY": -45.0,
									"faces": {
										"north": { "texture": "#bloomery", "uv": [ 3.0, 11.0, 6.5, 16.0 ] },
										"east": { "texture": "#bloomery", "uv": [ 0.0, 0.0, 1.0, 5.0 ] },
										"south": { "texture": "#bloomery", "uv": [ 28.0, 2.0, 31.5, 7.0 ] },
										"west": { "texture": "#bloomery", "uv": [ 0.0, 0.0, 1.0, 5.0 ] },
										"up": { "texture": "#bloomery", "uv": [ 28.5, 10.0, 32.0, 11.0 ] },
										"down": { "texture": "#bloomery", "uv": [ 0.0, 0.0, 3.5, 1.0 ] }
									}
								},
								{
									"name": "cube4261",
									"from": [ 12.2716, 17.0639, 5.4648 ],
									"to": [ 15.8297, 22.0539, 6.7508 ],
									"shade": false,
									"rotationOrigin": [ 14.1578, 18.35, 5.127 ],
									"rotationY": -75.25,
									"faces": {
										"north": { "texture": "#bloomery", "uv": [ 16.0, 11.5, 19.5, 16.0 ] },
										"east": { "texture": "#bloomery", "uv": [ 0.0, 0.0, 1.0, 4.5 ] },
										"south": { "texture": "#bloomery", "uv": [ 13.5, 2.0, 17.0, 6.5 ] },
										"west": { "texture": "#bloomery", "uv": [ 0.0, 0.0, 1.0, 4.5 ] },
										"up": { "texture": "#bloomery", "uv": [ 12.0, 10.0, 15.5, 11.0 ], "rotation": 180 },
										"down": { "texture": "#bloomery", "uv": [ 0.0, 0.0, 3.5, 1.0 ] }
									}
								},
								{
									"name": "cube4362",
									"from": [ 12.2181, 17.0639, 9.028 ],
									"to": [ 15.7763, 22.0639, 10.3141 ],
									"shade": false,
									"rotationOrigin": [ 14.0829, 18.35, 8.7153 ],
									"rotationY": -105.0,
									"faces": {
										"north": { "texture": "#bloomery", "uv": [ 11.5, 11.5, 15.0, 16.5 ] },
										"east": { "texture": "#bloomery", "uv": [ 0.0, 0.0, 1.0, 5.0 ] },
										"south": { "texture": "#bloomery", "uv": [ 12.0, 2.0, 15.5, 7.0 ] },
										"west": { "texture": "#bloomery", "uv": [ 0.0, 0.0, 1.0, 5.0 ] },
										"up": { "texture": "#bloomery", "uv": [ 11.5, 10.0, 15.0, 11.0 ] },
										"down": { "texture": "#bloomery", "uv": [ 0.0, 0.0, 3.5, 1.0 ] }
									}
								},
								{
									"name": "cube4463",
									"from": [ 10.3878, 17.0639, 12.142 ],
									"to": [ 13.9459, 22.0539, 13.5567 ],
									"shade": false,
									"rotationOrigin": [ 12.2525, 18.35, 11.8197 ],
									"rotationY": -135.0,
									"faces": {
										"north": { "texture": "#bloomery", "uv": [ 8.5, 11.5, 12.0, 16.0 ] },
										"east": { "texture": "#bloomery", "uv": [ 0.5, 0.0, 1.5, 4.5 ] },
										"south": { "texture": "#bloomery", "uv": [ 2.5, 2.0, 6.0, 6.5 ] },
										"west": { "texture": "#bloomery", "uv": [ 0.0, 0.0, 1.0, 4.5 ] },
										"up": { "texture": "#bloomery", "uv": [ 2.0, 10.0, 5.5, 11.0 ] },
										"down": { "texture": "#bloomery", "uv": [ 0.0, 0.0, 3.5, 1.0 ] }
									}
								},
								{
									"name": "cube4564",
									"from": [ 7.2427, 17.0639, 13.9365 ],
									"to": [ 10.8008, 22.0639, 15.2226 ],
									"shade": false,
									"rotationOrigin": [ 9.1152, 18.35, 13.593 ],
									"rotationY": -165.0,
									"faces": {
										"north": { "texture": "#bloomery", "uv": [ 4.5, 11.0, 8.0, 16.0 ] },
										"east": { "texture": "#bloomery", "uv": [ 0.0, 0.0, 1.0, 5.0 ] },
										"south": { "texture": "#bloomery", "uv": [ 14.0, 2.0, 17.5, 7.0 ] },
										"west": { "texture": "#bloomery", "uv": [ 0.0, 0.0, 1.0, 5.0 ] },
										"up": { "texture": "#bloomery", "uv": [ 13.5, 10.0, 17.0, 11.0 ] },
										"down": { "texture": "#bloomery", "uv": [ 0.0, 0.0, 3.5, 1.0 ] }
									}
								}
							]
						}
					]
				}
			]
		}
	]}