{"textureWidth":16,"textureHeight":16,"textures":{"material":"block/metal/ingot/copper","handle":"item/tool/material/handle","string":"item/tool/material/string"},"textureSizes":{"material":[32,32],"handle":[32,32],"string":[32,32]},"elements":[{"name":"origin","from":[14.6304,0.4791,7.6838],"to":[14.6304,0.4791,7.6838],"rotationOrigin":[22.0998,0.5,7.7079],"rotationX":-90,"group":"Scene Collection","faces":{"north":{"texture":"#0","uv":[0,0,4,4],"autoUv":false},"east":{"texture":"#0","uv":[0,0,4,4],"autoUv":false},"south":{"texture":"#0","uv":[0,0,4,4],"autoUv":false},"west":{"texture":"#0","uv":[0,0,4,4],"autoUv":false},"up":{"texture":"#material","uv":[14.0093,15.6844,14.0093,15.6844],"autoUv":false},"down":{"texture":"#0","uv":[0,0,4,4],"autoUv":false}},"children":[{"name":"handle","from":[-8.6331,-0.0666,0.52],"to":[0.2069,0.5425,1.0092],"rotationOrigin":[-1.0061,0.2379,0.2741],"rotationX":22.5,"rotationY":0,"rotationZ":0,"group":"Scene Collection","faces":{"north":{"texture":"#handle","uv":[26.5169,18.5217,5.2451,19.8757],"autoUv":false},"east":{"texture":"#handle","uv":[24.69,18.4651,24.69,20.2696],"autoUv":false,"rotation":90},"south":{"texture":"#handle","uv":[5.2451,19.0849,26.5169,20.4389],"autoUv":false},"west":{"texture":"#handle","uv":[15.4315,18.9157,15.4315,19.8191],"autoUv":false},"up":{"texture":"#handle","uv":[5.2451,18.2959,26.5169,18.7464],"autoUv":false},"down":{"texture":"#handle","uv":[5.2451,20.4389,26.5169,19.9883],"autoUv":false,"rotation":180}},"children":[{"name":"handle 01","from":[-16,0,0],"to":[0,0.609,0.4893],"rotationOrigin":[-8.3729,0.3045,-0.2459],"rotationX":0,"rotationY":0,"rotationZ":0,"group":"Scene Collection","faces":{"north":{"texture":"#handle","uv":[31.8137,18.5217,0.1505,19.8757],"autoUv":false},"east":{"texture":"#handle","uv":[16.1421,18.4651,16.1421,20.2696],"autoUv":false},"south":{"texture":"#handle","uv":[0.1505,19.0849,31.8137,20.4389],"autoUv":false},"west":{"texture":"#handle","uv":[8.5278,18.9157,8.5278,19.8191],"autoUv":false},"up":{"texture":"#handle","uv":[0.1505,18.2959,31.8137,18.7464],"autoUv":false},"down":{"texture":"#handle","uv":[0.1505,20.4389,31.8137,19.9883],"autoUv":false,"rotation":180}},"children":[]},{"name":"handle 02","from":[7.3225,-0.9085,-0.9811],"to":[7.9316,7.9316,-0.4918],"rotationOrigin":[7.6271,0.3045,-0.2459],"rotationX":135,"rotationY":0,"rotationZ":90.0001,"group":"Scene Collection","faces":{"north":{"texture":"#handle","uv":[5.2451,17.3925,26.5169,18.7464],"autoUv":false,"rotation":90},"east":{"texture":"#handle","uv":[5.2451,19.0849,26.5169,19.5355],"autoUv":false,"rotation":90},"south":{"texture":"#handle","uv":[26.5169,17.9557,5.2451,19.3096],"autoUv":false,"rotation":270},"west":{"texture":"#handle","uv":[26.5169,17.3925,5.2451,17.843],"autoUv":false,"rotation":270},"up":{"texture":"#handle","uv":[15.4315,17.5617,15.4315,19.3662],"autoUv":false},"down":{"texture":"#handle","uv":[24.69,18.9157,24.69,18.0123],"autoUv":false,"rotation":270}},"children":[]},{"name":"handle 03","from":[0,0,0],"to":[8.84,0.609,0.4893],"rotationOrigin":[7.6271,0.3045,-0.2459],"rotationX":45,"rotationY":0,"rotationZ":0,"group":"Scene Collection","faces":{"north":{"texture":"#handle","uv":[26.5169,19.3186,5.2451,19.8794],"autoUv":false},"east":{"texture":"#handle","uv":[24.69,19.1819,24.69,20.8304],"autoUv":false,"rotation":90},"south":{"texture":"#handle","uv":[5.2451,20.6782,26.5169,21.239],"autoUv":false},"west":{"texture":"#handle","uv":[15.4315,19.7427,15.4315,20.2696],"autoUv":false,"rotation":270},"up":{"texture":"#handle","uv":[5.2451,19.1118,26.5169,20.1995],"autoUv":false},"down":{"texture":"#handle","uv":[5.2451,20.9005,26.5169,19.8128],"autoUv":false,"rotation":180}},"children":[]},{"name":"handle 04","from":[0,0,0],"to":[8.84,0.609,0.4893],"rotationOrigin":[7.6271,0.3045,-0.2459],"rotationX":135,"rotationY":0,"rotationZ":0,"group":"Scene Collection","faces":{"north":{"texture":"#handle","uv":[5.2451,18.5217,26.5169,19.8757],"autoUv":false,"rotation":180},"east":{"texture":"#handle","uv":[24.69,18.9157,24.69,19.8191],"autoUv":false,"rotation":180},"south":{"texture":"#handle","uv":[26.5169,19.0849,5.2451,20.4389],"autoUv":false,"rotation":180},"west":{"texture":"#handle","uv":[15.4315,18.4651,15.4315,20.2696],"autoUv":false,"rotation":180},"up":{"texture":"#handle","uv":[5.2451,19.9883,26.5169,20.4389],"autoUv":false},"down":{"texture":"#handle","uv":[5.2451,18.7464,26.5169,18.2959],"autoUv":false,"rotation":180}},"children":[]},{"name":"handle 05","from":[0,0,0],"to":[8.84,0.609,0.4893],"rotationOrigin":[7.6271,0.3045,-0.2459],"rotationX":-135,"rotationY":0,"rotationZ":0,"group":"Scene Collection","faces":{"north":{"texture":"#handle","uv":[5.2451,17.9519,26.5169,18.5128],"autoUv":false,"rotation":180},"east":{"texture":"#handle","uv":[24.69,17.0009,24.69,18.6494],"autoUv":false,"rotation":270},"south":{"texture":"#handle","uv":[26.5169,16.5923,5.2451,17.1531],"autoUv":false,"rotation":180},"west":{"texture":"#handle","uv":[15.4315,17.5617,15.4315,18.0886],"autoUv":false,"rotation":90},"up":{"texture":"#handle","uv":[26.5169,17.6318,5.2451,18.7195],"autoUv":false,"rotation":180},"down":{"texture":"#handle","uv":[26.5169,18.0185,5.2451,16.9308],"autoUv":false}},"children":[]},{"name":"handle 06","from":[0,0,0],"to":[8.84,0.609,0.4893],"rotationOrigin":[7.6271,0.3045,-0.2459],"rotationX":90,"rotationY":0,"rotationZ":0,"group":"Scene Collection","faces":{"north":{"texture":"#handle","uv":[5.2451,19.3186,26.5169,19.8794],"autoUv":false,"rotation":180},"east":{"texture":"#handle","uv":[24.69,19.7427,24.69,20.2696],"autoUv":false,"rotation":90},"south":{"texture":"#handle","uv":[26.5169,20.6782,5.2451,21.239],"autoUv":false,"rotation":180},"west":{"texture":"#handle","uv":[15.4315,19.1819,15.4315,20.8304],"autoUv":false,"rotation":180},"up":{"texture":"#handle","uv":[5.2451,19.8128,26.5169,20.9005],"autoUv":false},"down":{"texture":"#handle","uv":[5.2451,20.1995,26.5169,19.1118],"autoUv":false,"rotation":180}},"children":[]},{"name":"handle 07","from":[0,0,0],"to":[8.84,0.609,0.4893],"rotationOrigin":[7.6271,0.3045,-0.2459],"rotationX":-180,"rotationY":0,"rotationZ":0,"group":"Scene Collection","faces":{"north":{"texture":"#handle","uv":[5.2451,17.9557,26.5169,19.3096],"autoUv":false,"rotation":180},"east":{"texture":"#handle","uv":[24.69,17.5617,24.69,19.3662],"autoUv":false,"rotation":270},"south":{"texture":"#handle","uv":[26.5169,17.3925,5.2451,18.7464],"autoUv":false,"rotation":180},"west":{"texture":"#handle","uv":[15.4315,18.0123,15.4315,18.9157],"autoUv":false,"rotation":180},"up":{"texture":"#handle","uv":[26.5169,19.0849,5.2451,19.5355],"autoUv":false,"rotation":180},"down":{"texture":"#handle","uv":[26.5169,17.843,5.2451,17.3925],"autoUv":false}},"children":[]},{"name":"handle 08","from":[0,0,0],"to":[8.84,0.609,0.4893],"rotationOrigin":[7.6271,0.3045,-0.2459],"rotationX":-90,"rotationY":0,"rotationZ":0,"group":"Scene Collection","faces":{"north":{"texture":"#handle","uv":[26.5169,17.9519,5.2451,18.5128],"autoUv":false},"east":{"texture":"#handle","uv":[24.69,17.5617,24.69,18.0886],"autoUv":false,"rotation":270},"south":{"texture":"#handle","uv":[5.2451,16.5923,26.5169,17.1531],"autoUv":false},"west":{"texture":"#handle","uv":[15.4315,17.0009,15.4315,18.6494],"autoUv":false,"rotation":90},"up":{"texture":"#handle","uv":[26.5169,16.9308,5.2451,18.0185],"autoUv":false,"rotation":180},"down":{"texture":"#handle","uv":[26.5169,18.7195,5.2451,17.6318],"autoUv":false}},"children":[]},{"name":"handle 09","from":[-8.6775,-8.0684,-0.9811],"to":[-8.0684,7.9316,-0.4918],"rotationOrigin":[-8.3729,0.3045,-0.2459],"rotationX":135,"rotationY":0,"rotationZ":90,"group":"Scene Collection","faces":{"north":{"texture":"#handle","uv":[0.1505,17.3925,31.8137,18.7464],"autoUv":false,"rotation":90},"east":{"texture":"#handle","uv":[0.1505,19.0849,31.8137,19.5355],"autoUv":false,"rotation":90},"south":{"texture":"#handle","uv":[31.8137,17.9557,0.1505,19.3096],"autoUv":false,"rotation":270},"west":{"texture":"#handle","uv":[31.8137,17.3925,0.1506,17.843],"autoUv":false,"rotation":270},"up":{"texture":"#handle","uv":[8.5278,17.5617,8.5278,19.3662],"autoUv":false},"down":{"texture":"#handle","uv":[16.1421,18.9157,16.1421,18.0123],"autoUv":false}},"children":[]},{"name":"handle 10","from":[-16,0,0],"to":[0,0.609,0.4893],"rotationOrigin":[-8.3729,0.3045,-0.2459],"rotationX":45,"rotationY":0,"rotationZ":0,"group":"Scene Collection","faces":{"north":{"texture":"#handle","uv":[31.8137,19.3186,0.1505,19.8794],"autoUv":false},"east":{"texture":"#handle","uv":[16.1421,19.1819,16.1421,20.8304],"autoUv":false,"rotation":90},"south":{"texture":"#handle","uv":[0.1505,20.6782,31.8137,21.239],"autoUv":false},"west":{"texture":"#handle","uv":[8.5278,19.7427,8.5278,20.2696],"autoUv":false,"rotation":270},"up":{"texture":"#handle","uv":[0.1506,19.1118,31.8137,20.1995],"autoUv":false},"down":{"texture":"#handle","uv":[0.1506,20.9005,31.8137,19.8129],"autoUv":false,"rotation":180}},"children":[]},{"name":"handle 11","from":[-16,0,0],"to":[0,0.609,0.4893],"rotationOrigin":[-8.3729,0.3045,-0.2459],"rotationX":135,"rotationY":0,"rotationZ":0,"group":"Scene Collection","faces":{"north":{"texture":"#handle","uv":[0.1505,18.5217,31.8137,19.8757],"autoUv":false,"rotation":180},"east":{"texture":"#handle","uv":[16.1421,18.9157,16.1421,19.8191],"autoUv":false,"rotation":180},"south":{"texture":"#handle","uv":[31.8137,19.0849,0.1505,20.4389],"autoUv":false,"rotation":180},"west":{"texture":"#handle","uv":[8.5278,18.4651,8.5278,20.2696],"autoUv":false,"rotation":270},"up":{"texture":"#handle","uv":[0.1506,19.9883,31.8137,20.4389],"autoUv":false},"down":{"texture":"#handle","uv":[0.1505,18.7464,31.8137,18.2959],"autoUv":false,"rotation":180}},"children":[]},{"name":"handle 12","from":[-16,0,0],"to":[0,0.609,0.4893],"rotationOrigin":[-8.3729,0.3045,-0.2459],"rotationX":-135,"rotationY":0,"rotationZ":0,"group":"Scene Collection","faces":{"north":{"texture":"#handle","uv":[0.1505,17.9519,31.8137,18.5128],"autoUv":false,"rotation":180},"east":{"texture":"#handle","uv":[16.1421,17.0009,16.1421,18.6494],"autoUv":false,"rotation":270},"south":{"texture":"#handle","uv":[31.8137,16.5923,0.1505,17.1531],"autoUv":false,"rotation":180},"west":{"texture":"#handle","uv":[8.5278,17.5617,8.5278,18.0886],"autoUv":false},"up":{"texture":"#handle","uv":[31.8137,17.6318,0.1506,18.7195],"autoUv":false,"rotation":180},"down":{"texture":"#handle","uv":[31.8137,18.0185,0.1505,16.9308],"autoUv":false}},"children":[]},{"name":"handle 13","from":[-16,0,0],"to":[0,0.609,0.4893],"rotationOrigin":[-8.3729,0.3045,-0.2459],"rotationX":90,"rotationY":0,"rotationZ":0,"group":"Scene Collection","faces":{"north":{"texture":"#handle","uv":[0.1505,19.3186,31.8137,19.8794],"autoUv":false,"rotation":180},"east":{"texture":"#handle","uv":[16.1421,19.7427,16.1421,20.2696],"autoUv":false,"rotation":90},"south":{"texture":"#handle","uv":[31.8137,20.6782,0.1505,21.239],"autoUv":false,"rotation":180},"west":{"texture":"#handle","uv":[8.5278,19.1819,8.5278,20.8304],"autoUv":false,"rotation":180},"up":{"texture":"#handle","uv":[0.1505,19.8128,31.8137,20.9005],"autoUv":false},"down":{"texture":"#handle","uv":[0.1505,20.1995,31.8137,19.1118],"autoUv":false,"rotation":180}},"children":[]},{"name":"handle 14","from":[-16,0,0],"to":[0,0.609,0.4893],"rotationOrigin":[-8.3729,0.3045,-0.2459],"rotationX":-180,"rotationY":0,"rotationZ":0,"group":"Scene Collection","faces":{"north":{"texture":"#handle","uv":[0.1506,17.9557,31.8137,19.3096],"autoUv":false,"rotation":180},"east":{"texture":"#handle","uv":[16.1421,17.5617,16.1421,19.3662],"autoUv":false,"rotation":180},"south":{"texture":"#handle","uv":[31.8137,17.3925,0.1506,18.7464],"autoUv":false,"rotation":180},"west":{"texture":"#handle","uv":[8.5278,18.0123,8.5278,18.9157],"autoUv":false,"rotation":180},"up":{"texture":"#handle","uv":[31.8137,19.0849,0.1506,19.5355],"autoUv":false,"rotation":180},"down":{"texture":"#handle","uv":[31.8137,17.843,0.1505,17.3925],"autoUv":false}},"children":[]},{"name":"handle 15","from":[-16,0,0],"to":[0,0.609,0.4893],"rotationOrigin":[-8.3729,0.3045,-0.2459],"rotationX":-90,"rotationY":0,"rotationZ":0,"group":"Scene Collection","faces":{"north":{"texture":"#handle","uv":[31.8137,17.9519,0.1505,18.5128],"autoUv":false},"east":{"texture":"#handle","uv":[16.1421,17.5617,16.1421,18.0886],"autoUv":false,"rotation":270},"south":{"texture":"#handle","uv":[0.1505,16.5923,31.8137,17.1531],"autoUv":false},"west":{"texture":"#handle","uv":[8.5278,17.0009,8.5278,18.6494],"autoUv":false,"rotation":90},"up":{"texture":"#handle","uv":[31.8137,16.9308,0.1505,18.0185],"autoUv":false,"rotation":180},"down":{"texture":"#handle","uv":[31.8137,18.7195,0.1506,17.6318],"autoUv":false}},"children":[]},{"name":"handle 16","from":[-24.6775,-8.0684,-0.9811],"to":[-24.0684,-1.0693,-0.2124],"rotationOrigin":[-24.3729,0.3045,-0.2459],"rotationX":135,"rotationY":0,"rotationZ":90,"group":"Scene Collection","faces":{"north":{"texture":"#handle","uv":[14.1471,17.3925,30.9892,18.7464],"autoUv":false,"rotation":90},"east":{"texture":"#handle","uv":[14.1471,19.0849,30.9892,19.7927],"autoUv":false,"rotation":90},"south":{"texture":"#handle","uv":[30.9892,17.9557,14.1471,19.3096],"autoUv":false,"rotation":270},"west":{"texture":"#handle","uv":[30.9892,17.3925,14.1471,18.1003],"autoUv":false,"rotation":270},"up":{"texture":"#handle","uv":[2.6748,17.5617,2.6748,19.6235],"autoUv":false,"rotation":270},"down":{"texture":"#handle","uv":[11.9333,18.9157,11.9333,18.2695],"autoUv":false,"rotation":270}},"children":[]},{"name":"handle 17","from":[-22.9992,0,0],"to":[-16,0.609,0.4893],"rotationOrigin":[-24.3729,0.3045,-0.2459],"rotationX":0,"rotationY":0,"rotationZ":0,"group":"Scene Collection","faces":{"north":{"texture":"#handle","uv":[30.9892,18.5217,14.147,19.8757],"autoUv":false},"east":{"texture":"#handle","uv":[11.9333,18.4651,11.9333,20.2696],"autoUv":false,"rotation":90},"south":{"texture":"#handle","uv":[14.147,19.0849,30.9892,20.4389],"autoUv":false},"west":{"texture":"#handle","uv":[2.6748,18.9157,2.6748,19.8191],"autoUv":false,"rotation":90},"up":{"texture":"#handle","uv":[14.147,18.2959,30.9892,18.7464],"autoUv":false},"down":{"texture":"#handle","uv":[14.147,20.4389,30.9892,19.9883],"autoUv":false,"rotation":180}},"children":[]},{"name":"handle 18","from":[-22.9977,0,-0.2794],"to":[-16,0.609,0.4893],"rotationOrigin":[-24.3729,0.3045,-0.2459],"rotationX":45,"rotationY":0,"rotationZ":0,"group":"Scene Collection","faces":{"north":{"texture":"#handle","uv":[30.9892,19.3186,14.1505,19.8794],"autoUv":false},"east":{"texture":"#handle","uv":[11.9333,18.5609,11.9333,20.8304],"autoUv":false,"rotation":90},"south":{"texture":"#handle","uv":[14.1505,20.6782,30.9892,21.239],"autoUv":false},"west":{"texture":"#handle","uv":[2.6748,19.1217,2.6748,20.2696],"autoUv":false,"rotation":270},"up":{"texture":"#handle","uv":[14.1505,18.4908,30.9892,20.1995],"autoUv":false},"down":{"texture":"#handle","uv":[14.1505,20.9005,30.9892,19.8794],"autoUv":false,"rotation":180}},"children":[]},{"name":"handle 19","from":[-23.0009,0,-0.2794],"to":[-16,0.609,0.4893],"rotationOrigin":[-24.3729,0.3045,-0.2459],"rotationX":135,"rotationY":0,"rotationZ":0,"group":"Scene Collection","faces":{"north":{"texture":"#handle","uv":[14.143,18.5217,30.9892,19.8757],"autoUv":false,"rotation":180},"east":{"texture":"#handle","uv":[11.9333,18.9157,11.9333,19.5618],"autoUv":false,"rotation":180},"south":{"texture":"#handle","uv":[30.9892,19.0849,14.143,20.4389],"autoUv":false,"rotation":180},"west":{"texture":"#handle","uv":[2.6748,18.2079,2.6748,20.2696],"autoUv":false,"rotation":270},"up":{"texture":"#handle","uv":[14.143,19.7311,30.9892,20.4389],"autoUv":false},"down":{"texture":"#handle","uv":[14.143,18.7464,30.9892,18.0387],"autoUv":false,"rotation":180}},"children":[]},{"name":"handle 20","from":[-23,0,-0.2794],"to":[-16,0.609,0.4893],"rotationOrigin":[-24.3729,0.3045,-0.2459],"rotationX":-135,"rotationY":0,"rotationZ":0,"group":"Scene Collection","faces":{"north":{"texture":"#handle","uv":[14.1451,17.9519,30.9892,18.5128],"autoUv":false,"rotation":180},"east":{"texture":"#handle","uv":[11.9333,17.0009,11.9333,19.2705],"autoUv":false,"rotation":270},"south":{"texture":"#handle","uv":[30.9892,16.5923,14.1451,17.1531],"autoUv":false,"rotation":180},"west":{"texture":"#handle","uv":[2.6748,17.5617,2.6748,18.7096],"autoUv":false,"rotation":90},"up":{"texture":"#handle","uv":[30.9892,17.6318,14.1451,19.3406],"autoUv":false,"rotation":180},"down":{"texture":"#handle","uv":[30.9892,17.9519,14.1451,16.9308],"autoUv":false}},"children":[]},{"name":"handle 21","from":[-22.9995,0,-0.2794],"to":[-16,0.609,0.4893],"rotationOrigin":[-24.3729,0.3045,-0.2459],"rotationX":90,"rotationY":0,"rotationZ":0,"group":"Scene Collection","faces":{"north":{"texture":"#handle","uv":[14.1463,19.3186,30.9892,19.8794],"autoUv":false,"rotation":180},"east":{"texture":"#handle","uv":[11.9333,19.1217,11.9333,20.2696],"autoUv":false,"rotation":90},"south":{"texture":"#handle","uv":[30.9892,20.6782,14.1464,21.239],"autoUv":false,"rotation":180},"west":{"texture":"#handle","uv":[2.6748,18.5609,2.6748,20.8304],"autoUv":false,"rotation":180},"up":{"texture":"#handle","uv":[14.1463,19.8794,30.9892,20.9005],"autoUv":false},"down":{"texture":"#handle","uv":[14.1463,20.1995,30.9892,18.4908],"autoUv":false,"rotation":180}},"children":[]},{"name":"handle 22","from":[-22.9989,0,-0.2794],"to":[-16,0.609,0.4893],"rotationOrigin":[-24.3729,0.3045,-0.2459],"rotationX":-180,"rotationY":0,"rotationZ":0,"group":"Scene Collection","faces":{"north":{"texture":"#handle","uv":[14.1477,17.9557,30.9892,19.3096],"autoUv":false,"rotation":180},"east":{"texture":"#handle","uv":[11.9333,17.5617,11.9333,19.6235],"autoUv":false,"rotation":180},"south":{"texture":"#handle","uv":[30.9892,17.3925,14.1477,18.7464],"autoUv":false,"rotation":180},"west":{"texture":"#handle","uv":[2.6748,18.2695,2.6748,18.9157],"autoUv":false,"rotation":180},"up":{"texture":"#handle","uv":[30.9892,19.0849,14.1477,19.7927],"autoUv":false,"rotation":180},"down":{"texture":"#handle","uv":[30.9892,18.1003,14.1477,17.3925],"autoUv":false}},"children":[]},{"name":"handle 23","from":[-22.9983,0,-0.2794],"to":[-16,0.609,0.4893],"rotationOrigin":[-24.3729,0.3045,-0.2459],"rotationX":-90,"rotationY":0,"rotationZ":0,"group":"Scene Collection","faces":{"north":{"texture":"#handle","uv":[30.9892,17.9519,14.1491,18.5128],"autoUv":false},"east":{"texture":"#handle","uv":[11.9333,17.5617,11.9333,18.7096],"autoUv":false,"rotation":270},"south":{"texture":"#handle","uv":[14.1491,16.5923,30.9892,17.1531],"autoUv":false},"west":{"texture":"#handle","uv":[2.6748,17.0009,2.6748,19.2705],"autoUv":false,"rotation":90},"up":{"texture":"#handle","uv":[30.9892,16.9308,14.1491,17.9519],"autoUv":false,"rotation":180},"down":{"texture":"#handle","uv":[30.9891,19.3406,14.1491,17.6318],"autoUv":false}},"children":[]}]},{"name":"holder","from":[3.0242,-0.5748,-0.0082],"to":[7.8226,1.0507,0.6564],"rotationOrigin":[4.2704,0.2379,0.3241],"rotationX":0,"group":"Scene Collection","faces":{"north":{"texture":"#material","uv":[21.7293,22.3654,11.9518,25.6776],"autoUv":false},"east":{"texture":"#material","uv":[4.8242,23.1755,4.8242,27.0564],"autoUv":false,"rotation":180},"south":{"texture":"#material","uv":[11.9518,22.3654,21.7293,25.6776],"autoUv":false},"west":{"texture":"#material","uv":[2.6195,23.1755,2.6195,27.0564],"autoUv":false},"up":{"texture":"#material","uv":[12.6759,22.9851,22.2817,24.4802],"autoUv":false},"down":{"texture":"#material","uv":[12.6759,24.4802,22.2817,22.9851],"autoUv":false,"rotation":180}},"children":[{"name":"blade","from":[-0.9016,0.3373,-0.6367],"to":[-0.1404,3.4327,-0.0251],"rotationOrigin":[-0.521,0.8127,0.2823],"rotationX":157.5,"rotationY":0,"rotationZ":90,"group":"Scene Collection","faces":{"north":{"texture":"#material","uv":[0.5368,23.2512,10.0531,25.4135],"autoUv":false,"rotation":90},"east":{"texture":"#material","uv":[0.5368,25.4135,10.0531,26.133],"autoUv":false,"rotation":90},"south":{"texture":"#material","uv":[10.0531,23.9707,0.5368,26.133],"autoUv":false,"rotation":270},"west":{"texture":"#material","uv":[10.0531,23.2512,0.5368,23.9707],"autoUv":false,"rotation":270},"up":{"texture":"#material","uv":[1.237,23.2512,1.237,26.133],"autoUv":false},"down":{"texture":"#material","uv":[10.0531,25.4135,10.0531,23.9707],"autoUv":false}},"children":[]},{"name":"blade 01","from":[-3.1409,0.4321,0.5896],"to":[-0.0455,1.1934,1.2012],"rotationOrigin":[-0.521,0.8127,0.2823],"rotationX":22.5,"rotationY":0,"rotationZ":0,"group":"Scene Collection","faces":{"north":{"texture":"#material","uv":[10.0531,24.694,0.5368,26.8562],"autoUv":false},"east":{"texture":"#material","uv":[10.0531,24.694,10.0531,27.5758],"autoUv":false,"rotation":90},"south":{"texture":"#material","uv":[0.5368,25.4135,10.0531,27.5758],"autoUv":false},"west":{"texture":"#material","uv":[1.237,25.4135,1.237,26.8562],"autoUv":false,"rotation":90},"up":{"texture":"#material","uv":[0.5368,24.694,10.0531,25.4135],"autoUv":false},"down":{"texture":"#material","uv":[0.5368,27.5758,10.0531,26.8562],"autoUv":false,"rotation":180}},"children":[]},{"name":"blade 02","from":[-3.1409,0.4321,0.5896],"to":[-0.0455,1.1934,1.2012],"rotationOrigin":[-0.521,0.8127,0.2823],"rotationX":67.5,"rotationY":0,"rotationZ":0,"group":"Scene Collection","faces":{"north":{"texture":"#material","uv":[10.0531,25.8387,0.5368,26.7343],"autoUv":false},"east":{"texture":"#material","uv":[10.0531,25.8387,10.0531,28.4714],"autoUv":false,"rotation":90},"south":{"texture":"#material","uv":[0.5368,27.5757,10.0531,28.4714],"autoUv":false},"west":{"texture":"#material","uv":[1.237,26.7343,1.237,27.5758],"autoUv":false,"rotation":270},"up":{"texture":"#material","uv":[0.5368,25.8387,10.0531,27.5757],"autoUv":false},"down":{"texture":"#material","uv":[0.5368,28.4714,10.0531,26.7343],"autoUv":false,"rotation":180}},"children":[]},{"name":"blade 03","from":[-3.1409,0.4321,0.5896],"to":[-0.0455,1.1934,1.2012],"rotationOrigin":[-0.521,0.8127,0.2823],"rotationX":157.5,"rotationY":0,"rotationZ":0,"group":"Scene Collection","faces":{"north":{"texture":"#material","uv":[0.5368,24.694,10.0531,26.8562],"autoUv":false,"rotation":180},"east":{"texture":"#material","uv":[10.0531,25.4135,10.0531,26.8562],"autoUv":false,"rotation":270},"south":{"texture":"#material","uv":[10.0531,25.4135,0.5368,27.5758],"autoUv":false,"rotation":180},"west":{"texture":"#material","uv":[1.237,24.694,1.237,27.5757],"autoUv":false,"rotation":270},"up":{"texture":"#material","uv":[0.5368,26.8562,10.0531,27.5758],"autoUv":false},"down":{"texture":"#material","uv":[0.5368,25.4135,10.0531,24.694],"autoUv":false,"rotation":180}},"children":[]},{"name":"blade 04","from":[-3.1409,0.4321,0.5896],"to":[-0.0455,1.1934,1.2012],"rotationOrigin":[-0.521,0.8127,0.2823],"rotationX":-112.5,"rotationY":0,"rotationZ":0,"group":"Scene Collection","faces":{"north":{"texture":"#material","uv":[0.5368,24.0927,10.0531,24.9883],"autoUv":false,"rotation":180},"east":{"texture":"#material","uv":[10.0531,22.3556,10.0531,24.9883],"autoUv":false,"rotation":270},"south":{"texture":"#material","uv":[10.0531,22.3556,0.5368,23.2512],"autoUv":false,"rotation":180},"west":{"texture":"#material","uv":[1.237,23.2512,1.237,24.0927],"autoUv":false,"rotation":90},"up":{"texture":"#material","uv":[10.0531,23.2512,0.5368,24.9883],"autoUv":false,"rotation":180},"down":{"texture":"#material","uv":[10.0531,24.0927,0.5368,22.3556],"autoUv":false}},"children":[]},{"name":"blade 05","from":[-3.1409,0.4321,0.5896],"to":[-0.0455,1.1934,1.2012],"rotationOrigin":[-0.521,0.8127,0.2823],"rotationX":112.5,"rotationY":0,"rotationZ":0,"group":"Scene Collection","faces":{"north":{"texture":"#material","uv":[6.3481,17.7254,12.5252,18.3068],"autoUv":false,"rotation":180},"east":{"texture":"#material","uv":[12.5252,18.3068,12.5252,18.8529],"autoUv":false,"rotation":90},"south":{"texture":"#material","uv":[12.5252,18.8529,6.3481,19.4343],"autoUv":false,"rotation":180},"west":{"texture":"#material","uv":[6.8026,17.7254,6.8026,19.4343],"autoUv":false,"rotation":270},"up":{"texture":"#material","uv":[6.3481,18.3068,12.5252,19.4343],"autoUv":false},"down":{"texture":"#material","uv":[6.3481,18.8529,12.5252,17.7254],"autoUv":false,"rotation":180}},"children":[]},{"name":"blade 06","from":[-3.1409,0.4321,0.5896],"to":[-0.0455,1.1934,1.2012],"rotationOrigin":[-0.521,0.8127,0.2823],"rotationX":-157.5,"rotationY":0,"rotationZ":0,"group":"Scene Collection","faces":{"north":{"texture":"#material","uv":[0.5368,23.9707,10.0531,26.133],"autoUv":false,"rotation":180},"east":{"texture":"#material","uv":[10.0531,23.2512,10.0531,26.133],"autoUv":false,"rotation":270},"south":{"texture":"#material","uv":[10.0531,23.2512,0.5368,25.4135],"autoUv":false,"rotation":180},"west":{"texture":"#material","uv":[1.237,23.9707,1.237,25.4135],"autoUv":false,"rotation":270},"up":{"texture":"#material","uv":[10.0531,25.4135,0.5368,26.133],"autoUv":false,"rotation":180},"down":{"texture":"#material","uv":[10.0531,23.9707,0.5368,23.2512],"autoUv":false}},"children":[]},{"name":"blade 07","from":[-3.1409,0.4321,0.5896],"to":[-0.0455,1.1934,1.2012],"rotationOrigin":[-0.521,0.8127,0.2823],"rotationX":-67.5,"rotationY":0,"rotationZ":0,"group":"Scene Collection","faces":{"north":{"texture":"#material","uv":[10.0531,24.0927,0.5368,24.9883],"autoUv":false},"east":{"texture":"#material","uv":[10.0531,23.2512,10.0531,24.0927],"autoUv":false,"rotation":270},"south":{"texture":"#material","uv":[0.5368,22.3556,10.0531,23.2512],"autoUv":false},"west":{"texture":"#material","uv":[1.237,22.3556,1.237,24.9883],"autoUv":false},"up":{"texture":"#material","uv":[10.0531,22.3556,0.5368,24.0927],"autoUv":false,"rotation":180},"down":{"texture":"#material","uv":[10.0531,24.9883,0.5368,23.2512],"autoUv":false}},"children":[]},{"name":"blade 08","from":[-0.36,0.4468,-0.7655],"to":[1.2029,1.1787,0.058],"rotationOrigin":[0.4355,0.8127,-0.3625],"rotationX":-0.0001,"rotationY":-128.9128,"rotationZ":-0.0001,"group":"Scene Collection","faces":{"north":{"texture":"#material","uv":[6.5674,21.1369,9.3108,24.5354],"autoUv":false,"rotation":90},"east":{"texture":"#material","uv":[4.7437,23.0633,6.5674,24.5354],"autoUv":false},"south":{"texture":"#material","uv":[13.9224,23.3484,11.922,24.8319],"autoUv":false},"west":{"texture":"#material","uv":[7.4872,19.6648,9.3108,21.1369],"autoUv":false,"rotation":180},"up":{"texture":"#material","uv":[13.9021,20.5738,14.5846,24.0438],"autoUv":false,"rotation":180},"down":{"texture":"#material","uv":[12.6194,23.0082,15.8674,21.6093],"autoUv":false,"rotation":270}},"children":[]},{"name":"blade 09","from":[-0.36,0.4496,0.6066],"to":[1.2029,1.1759,1.4301],"rotationOrigin":[0.4355,0.8127,1.0271],"rotationX":-0.0001,"rotationY":128.9128,"rotationZ":0.0001,"group":"Scene Collection","faces":{"north":{"texture":"#material","uv":[11.922,23.3484,13.9224,24.8319],"autoUv":false},"east":{"texture":"#material","uv":[4.7437,23.0633,6.5674,24.5354],"autoUv":false,"rotation":90},"south":{"texture":"#material","uv":[6.5674,21.1369,9.3108,24.5354],"autoUv":false,"rotation":180},"west":{"texture":"#material","uv":[7.4872,19.6648,9.3108,21.1369],"autoUv":false,"rotation":270},"up":{"texture":"#material","uv":[13.9021,23.4215,14.5846,26.8915],"autoUv":false,"rotation":180},"down":{"texture":"#material","uv":[12.6194,25.856,15.8674,24.4571],"autoUv":false,"rotation":90}},"children":[]},{"name":"blade 10","from":[0.8593,0.4487,0.0014],"to":[2.9214,1.1768,1.7992],"rotationOrigin":[1.7185,0.8127,0.9003],"rotationX":-0.0001,"rotationY":5.4944,"rotationZ":-179.9984,"group":"Scene Collection","faces":{"north":{"texture":"#material","uv":[7.0361,24.789,11.9036,25.2572],"autoUv":false,"rotation":270},"east":{"texture":"#material","uv":[23.4852,24.5148,24.5148,28.1103],"autoUv":false,"rotation":270},"south":{"texture":"#material","uv":[7.526,19.6961,12.3935,20.1643],"autoUv":false,"rotation":180},"west":{"texture":"#material","uv":[11.9036,20.1643,12.3935,25.2572],"autoUv":false},"up":{"texture":"#material","uv":[17.6558,22.9138,13.8913,26.8915],"autoUv":false},"down":{"texture":"#material","uv":[18.0004,26.4963,13.5467,23.3091],"autoUv":false,"rotation":180}},"children":[]},{"name":"blade 11","from":[3.0186,-0.0791,-0.1987],"to":[3.7451,1.7045,1.5696],"rotationOrigin":[3.3819,0.8127,0.6854],"rotationX":-0.0001,"rotationY":10.142,"rotationZ":-89.9999,"group":"Scene Collection","faces":{"north":{"texture":"#material","uv":[11.5074,25.1182,16.504,26.012],"autoUv":false,"rotation":180},"east":{"texture":"#material","uv":[20.8918,22.3829,18.0004,26.4963],"autoUv":false,"rotation":90},"south":{"texture":"#material","uv":[12.3935,20.1643,17.3902,21.0581],"autoUv":false,"rotation":270},"west":{"texture":"#material","uv":[17.377,23.0116,21.5151,25.8675],"autoUv":false,"rotation":270},"up":{"texture":"#material","uv":[16.504,21.0581,17.3902,26.012],"autoUv":false,"rotation":90},"down":{"texture":"#material","uv":[12.3935,25.1182,11.5074,20.1643],"autoUv":false,"rotation":270}},"children":[]},{"name":"blade 12","from":[5.7396,0.3461,0.1022],"to":[6.4602,1.2794,0.8662],"rotationOrigin":[6.0999,0.8127,0.4842],"rotationX":0,"rotationY":21.6809,"rotationZ":-90.0001,"group":"Scene Collection","faces":{"north":{"texture":"#material","uv":[20.8749,23.3591,23.343,24.3403],"autoUv":false,"rotation":180},"east":{"texture":"#material","uv":[25.4727,22.9811,24.3017,25.0926],"autoUv":false,"rotation":90},"south":{"texture":"#material","uv":[21.3517,22.1598,23.8198,23.1411],"autoUv":false,"rotation":270},"west":{"texture":"#material","uv":[23.7366,23.6713,26.0378,24.4024],"autoUv":false,"rotation":270},"up":{"texture":"#material","uv":[23.343,23.1411,23.8198,24.3403],"autoUv":false,"rotation":90},"down":{"texture":"#material","uv":[21.3517,23.3591,20.8749,22.1598],"autoUv":false,"rotation":270}},"children":[]},{"name":"blade 13","from":[4.6062,0.0903,0.1612],"to":[5.3317,1.5351,1.2246],"rotationOrigin":[4.9689,0.8127,0.6929],"rotationX":0,"rotationY":15.5413,"rotationZ":-90.0003,"group":"Scene Collection","faces":{"north":{"texture":"#material","uv":[16.5793,23.9739,20.5408,25.0756],"autoUv":false,"rotation":180},"east":{"texture":"#material","uv":[23.7313,23.0416,21.5151,25.8675],"autoUv":false,"rotation":90},"south":{"texture":"#material","uv":[17.3902,21.0581,21.3517,22.1598],"autoUv":false,"rotation":270},"west":{"texture":"#material","uv":[20.9447,23.8165,24.3017,25.0926],"autoUv":false,"rotation":270},"up":{"texture":"#material","uv":[20.5408,22.1598,21.3517,25.0756],"autoUv":false,"rotation":90},"down":{"texture":"#material","uv":[17.3902,23.9739,16.5793,21.0581],"autoUv":false,"rotation":270}},"children":[]},{"name":"blade 14","from":[-0.0871,0.6737,-0.3475],"to":[2.5754,1.4338,1.012],"rotationOrigin":[1.0907,1.0071,0.3323],"rotationX":0,"rotationY":0,"rotationZ":-9.5506,"group":"Scene Collection","faces":{"north":{"texture":"#material","uv":[17.3019,23.2701,11.6949,23.8971],"autoUv":false},"east":{"texture":"#material","uv":[11.391,23.1755,11.0322,27.0564],"autoUv":false,"rotation":90},"south":{"texture":"#material","uv":[11.9518,22.3699,17.045,24.7973],"autoUv":false},"west":{"texture":"#material","uv":[4.5093,23.1755,4.8682,27.0564],"autoUv":false,"rotation":270},"up":{"texture":"#material","uv":[12.6449,22.3677,17.9011,25.0976],"autoUv":false},"down":{"texture":"#material","uv":[4.5093,27.0564,11.0322,23.1755],"autoUv":false,"rotation":180}},"children":[]},{"name":"blade 15","from":[3.0175,-0.0791,-0.905],"to":[3.7463,1.7045,0.8633],"rotationOrigin":[3.3819,0.8127,-0.0209],"rotationX":0,"rotationY":-10.142,"rotationZ":-90.0002,"group":"Scene Collection","faces":{"north":{"texture":"#material","uv":[12.3935,20.1643,17.3902,21.0581],"autoUv":false,"rotation":180},"east":{"texture":"#material","uv":[20.8918,20.9691,18.0004,25.0824],"autoUv":false,"rotation":90},"south":{"texture":"#material","uv":[11.5074,25.1182,16.504,26.012],"autoUv":false,"rotation":270},"west":{"texture":"#material","uv":[17.377,21.5978,21.5151,24.4537],"autoUv":false,"rotation":270},"up":{"texture":"#material","uv":[16.504,21.0581,17.3902,26.012],"autoUv":false},"down":{"texture":"#material","uv":[12.3935,25.1182,11.5074,20.1643],"autoUv":false,"rotation":180}},"children":[]},{"name":"blade 16","from":[5.7353,0.3461,-0.2017],"to":[6.4645,1.2794,0.5623],"rotationOrigin":[6.0999,0.8127,0.1803],"rotationX":0,"rotationY":-21.6809,"rotationZ":-90,"group":"Scene Collection","faces":{"north":{"texture":"#material","uv":[21.3517,22.1598,23.8198,23.1411],"autoUv":false,"rotation":180},"east":{"texture":"#material","uv":[25.4727,22.3727,24.3017,24.4842],"autoUv":false,"rotation":90},"south":{"texture":"#material","uv":[20.8749,23.3591,23.343,24.3403],"autoUv":false,"rotation":270},"west":{"texture":"#material","uv":[23.7366,23.063,26.0378,23.794],"autoUv":false,"rotation":270},"up":{"texture":"#material","uv":[23.343,23.1411,23.8198,24.3403],"autoUv":false},"down":{"texture":"#material","uv":[21.3517,23.3591,20.8749,22.1598],"autoUv":false,"rotation":180}},"children":[]},{"name":"blade 17","from":[-0.4083,0.1917,-0.3475],"to":[2.2685,0.9518,1.012],"rotationOrigin":[1.0907,0.6184,0.3323],"rotationX":0,"rotationY":-179.9997,"rotationZ":-9.5506,"group":"Scene Collection","faces":{"north":{"texture":"#material","uv":[11.9518,23.2408,17.0737,25.6731],"autoUv":false},"east":{"texture":"#material","uv":[4.8682,23.1755,4.5093,27.0564],"autoUv":false,"rotation":270},"south":{"texture":"#material","uv":[17.3307,24.1458,11.6949,24.7681],"autoUv":false},"west":{"texture":"#material","uv":[11.0248,23.1755,11.391,27.0564],"autoUv":false,"rotation":90},"up":{"texture":"#material","uv":[4.5093,23.1755,11.0248,27.0564],"autoUv":false,"rotation":180},"down":{"texture":"#material","uv":[12.645,25.0976,17.9294,22.3677],"autoUv":false}},"children":[]},{"name":"blade 18","from":[0.6025,0.5554,1.5377],"to":[2.6637,1.0702,2.0525],"rotationOrigin":[1.8045,0.8127,1.795],"rotationX":45.1321,"rotationY":3.8834,"rotationZ":-3.8916,"group":"Scene Collection","faces":{"north":{"texture":"#material","uv":[26.4408,26.6013,25.5475,31.5649],"autoUv":false,"rotation":270},"east":{"texture":"#material","uv":[25.5475,26.6013,27.3341,26.6013],"autoUv":false,"rotation":180},"south":{"texture":"#material","uv":[26.4408,26.6013,27.3341,31.5649],"autoUv":false,"rotation":90},"west":{"texture":"#material","uv":[23.4852,23.4852,24.5148,24.5148],"autoUv":false},"up":{"texture":"#material","uv":[25.5475,26.6013,26.4408,31.5649],"autoUv":false,"rotation":90},"down":{"texture":"#material","uv":[26.4408,31.5649,27.3341,26.6013],"autoUv":false,"rotation":90}},"children":[]},{"name":"blade 19","from":[3.2669,-0.092,1.3023],"to":[3.7793,1.721,1.8145],"rotationOrigin":[3.5231,0.8145,1.5584],"rotationX":-45.4512,"rotationY":7.1527,"rotationZ":97.2091,"group":"Scene Collection","faces":{"north":{"texture":"#material","uv":[27.3255,22.3024,26.4363,26.6013],"autoUv":false,"rotation":180},"east":{"texture":"#material","uv":[26.4363,22.3024,25.5475,26.6013],"autoUv":false,"rotation":180},"south":{"texture":"#material","uv":[25.5475,22.3024,26.4366,26.6013],"autoUv":false,"rotation":180},"west":{"texture":"#material","uv":[26.4366,22.3024,27.3255,26.6013],"autoUv":false,"rotation":180},"up":{"texture":"#material","uv":[25.5475,26.6013,27.3255,26.6013],"autoUv":false,"rotation":180},"down":{"texture":"#material","uv":[26.4366,22.3024,26.4363,22.3024],"autoUv":false,"rotation":270}},"children":[]},{"name":"blade 20","from":[6.3406,-0.0309,0.4417],"to":[6.853,1.7027,0.9539],"rotationOrigin":[6.5968,0.8145,0.6978],"rotationX":-47.1001,"rotationY":15.1432,"rotationZ":105.7017,"group":"Scene Collection","faces":{"north":{"texture":"#material","uv":[27.3255,15.5825,26.4363,18.8943],"autoUv":false,"rotation":180},"east":{"texture":"#material","uv":[26.4363,15.5825,25.5475,18.8943],"autoUv":false,"rotation":180},"south":{"texture":"#material","uv":[25.5475,15.5825,26.4366,18.8943],"autoUv":false,"rotation":180},"west":{"texture":"#material","uv":[26.4366,15.5825,27.3255,18.8943],"autoUv":false,"rotation":180},"up":{"texture":"#material","uv":[25.5475,18.8943,27.3255,18.8943],"autoUv":false,"rotation":180},"down":{"texture":"#material","uv":[26.4363,15.5825,26.4366,15.5825],"autoUv":false}},"children":[]},{"name":"blade 21","from":[4.6049,0.0903,-0.56],"to":[5.333,1.5351,0.5034],"rotationOrigin":[4.9689,0.8127,-0.0283],"rotationX":0,"rotationY":-15.5413,"rotationZ":-90,"group":"Scene Collection","faces":{"north":{"texture":"#material","uv":[17.3902,21.0581,21.3517,22.1598],"autoUv":false,"rotation":180},"east":{"texture":"#material","uv":[23.7313,21.5978,21.5151,24.4238],"autoUv":false,"rotation":90},"south":{"texture":"#material","uv":[16.5793,23.9739,20.5408,25.0756],"autoUv":false,"rotation":270},"west":{"texture":"#material","uv":[20.9447,22.3727,24.3017,23.6488],"autoUv":false,"rotation":270},"up":{"texture":"#material","uv":[20.5408,22.1598,21.3517,25.0756],"autoUv":false},"down":{"texture":"#material","uv":[17.3902,23.9739,16.5793,21.0581],"autoUv":false,"rotation":180}},"children":[]},{"name":"blade 22","from":[4.8388,0.0751,0.9536],"to":[5.3512,1.5539,1.4659],"rotationOrigin":[5.095,0.8145,1.2098],"rotationX":-46.0668,"rotationY":10.9211,"rotationZ":101.1251,"group":"Scene Collection","faces":{"north":{"texture":"#material","uv":[27.3255,18.8943,26.4363,22.3024],"autoUv":false,"rotation":180},"east":{"texture":"#material","uv":[26.4363,18.8943,25.5475,22.3024],"autoUv":false,"rotation":180},"south":{"texture":"#material","uv":[25.5475,18.8943,26.4366,22.3024],"autoUv":false,"rotation":180},"west":{"texture":"#material","uv":[26.4366,18.8943,27.3255,22.3024],"autoUv":false,"rotation":180},"up":{"texture":"#material","uv":[25.5475,22.3024,27.3255,22.3024],"autoUv":false,"rotation":180},"down":{"texture":"#material","uv":[26.4366,18.8943,26.4363,18.8943],"autoUv":false,"rotation":270}},"children":[]},{"name":"blade 23","from":[4.7178,0.6477,0],"to":[7.3796,1.403,0.6646],"rotationOrigin":[6.0487,1.0288,0.3323],"rotationX":0,"rotationY":0,"rotationZ":-9.5506,"group":"Scene Collection","faces":{"north":{"texture":"#material","uv":[22.3769,23.2793,16.7728,23.897],"autoUv":false},"east":{"texture":"#material","uv":[11.3073,22.093,9.8203,23.5758],"autoUv":false},"south":{"texture":"#material","uv":[17.0282,22.3794,22.1215,24.7969],"autoUv":false},"west":{"texture":"#material","uv":[4.5093,23.1755,4.8659,27.0564],"autoUv":false,"rotation":270},"up":{"texture":"#material","uv":[17.6655,22.9851,22.9202,24.4802],"autoUv":false},"down":{"texture":"#material","uv":[4.5093,27.0564,11.9284,23.1755],"autoUv":false,"rotation":180}},"children":[]},{"name":"blade 24","from":[4.7178,0.2228,0],"to":[7.3825,0.978,0.6645],"rotationOrigin":[6.0501,0.5969,0.3323],"rotationX":0,"rotationY":-179.9997,"rotationZ":-9.5506,"group":"Scene Collection","faces":{"north":{"texture":"#material","uv":[17.0282,23.2451,22.1273,25.6636],"autoUv":false},"east":{"texture":"#material","uv":[4.8659,23.1755,4.5093,27.0564],"autoUv":false,"rotation":270},"south":{"texture":"#material","uv":[22.3826,24.146,16.7728,24.7627],"autoUv":false},"west":{"texture":"#material","uv":[11.0322,23.1755,11.3888,27.0564],"autoUv":false,"rotation":90},"up":{"texture":"#material","uv":[4.5093,23.1755,11.0322,27.0564],"autoUv":false,"rotation":180},"down":{"texture":"#material","uv":[17.6655,24.4802,22.9258,22.9851],"autoUv":false}},"children":[]},{"name":"blade 25","from":[3.2669,-0.092,-1.15],"to":[3.7793,1.721,-0.6377],"rotationOrigin":[3.5231,0.8145,-0.8938],"rotationX":45.4512,"rotationY":-7.1527,"rotationZ":97.2091,"group":"Scene Collection","faces":{"north":{"texture":"#material","uv":[26.4366,22.3024,25.5475,26.6013],"autoUv":false,"rotation":180},"east":{"texture":"#material","uv":[25.5475,22.3024,26.4363,26.6013],"autoUv":false,"rotation":180},"south":{"texture":"#material","uv":[26.4363,22.3024,27.3255,26.6013],"autoUv":false,"rotation":180},"west":{"texture":"#material","uv":[27.3255,22.3024,26.4366,26.6013],"autoUv":false,"rotation":180},"up":{"texture":"#material","uv":[25.5475,26.6013,27.3255,26.6013],"autoUv":false,"rotation":90},"down":{"texture":"#material","uv":[26.4366,22.3024,26.4363,22.3024],"autoUv":false,"rotation":180}},"children":[]},{"name":"blade 26","from":[6.3406,-0.0702,-0.2894],"to":[6.853,1.7027,0.2228],"rotationOrigin":[6.5968,0.8145,-0.0333],"rotationX":47.1,"rotationY":-15.1432,"rotationZ":105.7017,"group":"Scene Collection","faces":{"north":{"texture":"#material","uv":[26.4366,15.5825,25.5475,18.8943],"autoUv":false,"rotation":180},"east":{"texture":"#material","uv":[25.5475,15.5825,26.4363,18.8943],"autoUv":false,"rotation":180},"south":{"texture":"#material","uv":[26.4363,15.5825,27.3255,18.8943],"autoUv":false,"rotation":180},"west":{"texture":"#material","uv":[27.3255,15.5825,26.4366,18.8943],"autoUv":false,"rotation":180},"up":{"texture":"#material","uv":[25.5475,18.8943,27.3255,18.8943],"autoUv":false,"rotation":90},"down":{"texture":"#material","uv":[26.4366,15.5825,26.4363,15.5825],"autoUv":false,"rotation":180}},"children":[]},{"name":"blade 27","from":[4.8388,0.0751,-0.8013],"to":[5.3512,1.5539,-0.2891],"rotationOrigin":[5.095,0.8145,-0.5452],"rotationX":46.0668,"rotationY":-10.9211,"rotationZ":101.1251,"group":"Scene Collection","faces":{"north":{"texture":"#material","uv":[26.4366,18.8943,25.5475,22.3024],"autoUv":false,"rotation":180},"east":{"texture":"#material","uv":[25.5475,18.8943,26.4363,22.3024],"autoUv":false,"rotation":180},"south":{"texture":"#material","uv":[26.4363,18.8943,27.3255,22.3024],"autoUv":false,"rotation":180},"west":{"texture":"#material","uv":[27.3255,18.8943,26.4366,22.3024],"autoUv":false,"rotation":180},"up":{"texture":"#material","uv":[25.5475,22.3024,27.3255,22.3024],"autoUv":false,"rotation":90},"down":{"texture":"#material","uv":[26.4366,18.8943,26.4363,18.8943],"autoUv":false,"rotation":180}},"children":[]},{"name":"blade 28","from":[0.8593,0.4501,-1.1346],"to":[2.9214,1.1754,0.6632],"rotationOrigin":[1.7185,0.8127,-0.2357],"rotationX":0,"rotationY":-5.4944,"rotationZ":-179.9988,"group":"Scene Collection","faces":{"north":{"texture":"#material","uv":[7.526,19.6961,12.3935,20.1643],"autoUv":false,"rotation":270},"east":{"texture":"#material","uv":[25.5475,23.0058,26.5771,26.6013],"autoUv":false,"rotation":270},"south":{"texture":"#material","uv":[7.0361,24.789,11.9036,25.2572],"autoUv":false,"rotation":180},"west":{"texture":"#material","uv":[11.9036,20.1643,12.3935,25.2572],"autoUv":false,"rotation":270},"up":{"texture":"#material","uv":[17.6558,20.5738,13.8913,24.5515],"autoUv":false},"down":{"texture":"#material","uv":[18.0004,24.1563,13.5467,20.9691],"autoUv":false,"rotation":180}},"children":[]},{"name":"blade 29","from":[0.9454,0.5553,-1.3879],"to":[3.0066,1.0701,-0.8731],"rotationOrigin":[1.8045,0.8127,-1.1305],"rotationX":-45.1321,"rotationY":-3.8834,"rotationZ":176.1084,"group":"Scene Collection","faces":{"north":{"texture":"#material","uv":[27.3341,26.6013,26.4408,31.5649],"autoUv":false,"rotation":90},"east":{"texture":"#material","uv":[25.5475,21.9763,26.5771,23.0058],"autoUv":false,"rotation":180},"south":{"texture":"#material","uv":[25.5475,26.6013,26.4408,31.5649],"autoUv":false,"rotation":270},"west":{"texture":"#material","uv":[25.5475,26.6013,27.3341,26.6013],"autoUv":false,"rotation":270},"up":{"texture":"#material","uv":[26.4408,26.6013,27.3341,31.5649],"autoUv":false,"rotation":270},"down":{"texture":"#material","uv":[25.5475,31.5649,26.4408,26.6013],"autoUv":false,"rotation":270}},"children":[]},{"name":"blade 30","from":[7.167,0.5553,0],"to":[7.6818,1.0701,0.6646],"rotationOrigin":[7.4244,0.8127,0.3323],"rotationX":0,"rotationY":0,"rotationZ":45,"group":"Scene Collection","faces":{"north":{"texture":"#material","uv":[27.2079,23.3484,27.2079,24.8319],"autoUv":false,"rotation":270},"east":{"texture":"#material","uv":[27.664,23.0588,28.3928,24.4065],"autoUv":false,"rotation":90},"south":{"texture":"#material","uv":[26.4661,24.0902,27.9496,24.0902],"autoUv":false,"rotation":90},"west":{"texture":"#material","uv":[2.6195,23.1755,2.6195,27.0564],"autoUv":false},"up":{"texture":"#material","uv":[9.9388,23.5977,12.0105,25.644],"autoUv":false},"down":{"texture":"#material","uv":[27.664,24.4065,28.3928,23.0588],"autoUv":false,"rotation":180}},"children":[]}]},{"name":"string","from":[0.553,-1.9287,0.9044],"to":[0.8978,-1.5394,2.3167],"rotationOrigin":[0.803,-1.734,0.8167],"rotationX":-90,"rotationY":20.2431,"rotationZ":0,"group":"Scene Collection","faces":{"north":{"texture":"#string","uv":[16.4408,6.1413,17.0118,6.7861],"autoUv":false,"rotation":180},"east":{"texture":"#string","uv":[15.0435,7.497,15.8197,9.8361],"autoUv":false,"rotation":90},"south":{"texture":"#string","uv":[17.0118,6.1413,17.5827,6.7861],"autoUv":false,"rotation":180},"west":{"texture":"#string","uv":[15.8197,7.497,16.5959,9.8361],"autoUv":false,"rotation":90},"up":{"texture":"#string","uv":[17.2831,7.497,17.9704,9.8361],"autoUv":false},"down":{"texture":"#string","uv":[17.2831,9.8361,16.5959,7.497],"autoUv":false}},"children":[{"name":"string 01","from":[-0.0112,0.5365,1.0377],"to":[0.8493,1.2126,1.729],"rotationOrigin":[0.4191,0.7373,2.0764],"rotationX":-23.2545,"rotationY":164.0663,"rotationZ":-75.4614,"group":"Scene Collection","faces":{"north":{"texture":"#string","uv":[9.0697,10.5256,10.8875,11.387],"autoUv":false,"rotation":90},"east":{"texture":"#string","uv":[9.0697,11.6024,10.8875,11.8891],"autoUv":false,"rotation":90},"south":{"texture":"#string","uv":[10.8875,10.8839,9.0697,11.7454],"autoUv":false,"rotation":270},"west":{"texture":"#string","uv":[10.8875,10.5256,9.0697,10.8123],"autoUv":false,"rotation":270},"up":{"texture":"#string","uv":[9.2153,1.2414,9.5244,1.3316],"autoUv":false},"down":{"texture":"#string","uv":[9.2925,1.4277,9.4472,1.1453],"autoUv":false,"rotation":180}},"children":[]},{"name":"string 02","from":[-0.0561,0.307,2.4239],"to":[0.6199,1.1675,3.1152],"rotationOrigin":[0.4191,0.7373,2.0764],"rotationX":24.0634,"rotationY":-21.3956,"rotationZ":1.4421,"group":"Scene Collection","faces":{"north":{"texture":"#string","uv":[24.8936,19.3029,23.0763,20.1643],"autoUv":false},"east":{"texture":"#string","uv":[17.6658,3.7713,17.3567,3.8616],"autoUv":false,"rotation":270},"south":{"texture":"#string","uv":[23.0763,19.6612,24.8936,20.5227],"autoUv":false},"west":{"texture":"#string","uv":[17.4338,3.6752,17.5886,3.9576],"autoUv":false,"rotation":90},"up":{"texture":"#string","uv":[23.0763,19.1592,24.8936,19.4459],"autoUv":false},"down":{"texture":"#string","uv":[23.0763,20.5227,24.8936,20.236],"autoUv":false,"rotation":180}},"children":[]},{"name":"string 03","from":[-0.0563,0.307,2.4239],"to":[0.6199,1.1675,3.1152],"rotationOrigin":[0.4191,0.7373,2.0764],"rotationX":70.8178,"rotationY":-13.9684,"rotationZ":16.4328,"group":"Scene Collection","faces":{"north":{"texture":"#string","uv":[10.8875,11.7511,9.0697,12.1079],"autoUv":false},"east":{"texture":"#string","uv":[9.7752,1.3186,9.4928,1.4733],"autoUv":false},"south":{"texture":"#string","uv":[9.0697,12.6161,10.8875,12.973],"autoUv":false},"west":{"texture":"#string","uv":[9.5889,1.2414,9.6792,1.5505],"autoUv":false},"up":{"texture":"#string","uv":[9.0697,11.6195,10.8875,12.3116],"autoUv":false},"down":{"texture":"#string","uv":[9.0697,12.7576,10.8875,12.0656],"autoUv":false,"rotation":180}},"children":[]},{"name":"string 04","from":[-0.0563,0.307,2.4239],"to":[0.6199,1.1675,3.1152],"rotationOrigin":[0.4191,0.7373,2.0764],"rotationX":156.7455,"rotationY":15.9337,"rotationZ":14.5386,"group":"Scene Collection","faces":{"north":{"texture":"#string","uv":[9.0697,11.2441,10.8875,12.1055],"autoUv":false,"rotation":180},"east":{"texture":"#string","uv":[9.602,1.5189,9.4472,1.8013],"autoUv":false,"rotation":90},"south":{"texture":"#string","uv":[10.8875,11.6024,9.0697,12.4639],"autoUv":false,"rotation":180},"west":{"texture":"#string","uv":[9.3701,1.615,9.6792,1.7052],"autoUv":false,"rotation":270},"up":{"texture":"#string","uv":[9.0697,12.1772,10.8875,12.4639],"autoUv":false},"down":{"texture":"#string","uv":[9.0697,11.387,10.8875,11.1004],"autoUv":false,"rotation":180}},"children":[]},{"name":"string 05","from":[-0.0563,0.307,2.4239],"to":[0.6199,1.1675,3.1152],"rotationOrigin":[0.4191,0.7373,2.0764],"rotationX":-109.1822,"rotationY":13.9684,"rotationZ":-16.4328,"group":"Scene Collection","faces":{"north":{"texture":"#string","uv":[9.0697,10.8816,10.8875,11.2384],"autoUv":false,"rotation":180},"east":{"texture":"#string","uv":[9.4016,1.4733,9.1192,1.6281],"autoUv":false,"rotation":180},"south":{"texture":"#string","uv":[10.8875,10.0165,9.0697,10.3733],"autoUv":false,"rotation":180},"west":{"texture":"#string","uv":[9.2153,1.3961,9.3056,1.7052],"autoUv":false,"rotation":180},"up":{"texture":"#string","uv":[10.8875,10.6779,9.0697,11.3699],"autoUv":false,"rotation":180},"down":{"texture":"#string","uv":[10.8875,10.9239,9.0697,10.2319],"autoUv":false}},"children":[]},{"name":"string 06","from":[-0.0561,0.307,2.4239],"to":[0.6199,1.1675,3.1152],"rotationOrigin":[0.4191,0.7373,2.0764],"rotationX":113.5372,"rotationY":1.3427,"rotationZ":21.4017,"group":"Scene Collection","faces":{"north":{"texture":"#string","uv":[9.07,11.7511,10.8875,12.1079],"autoUv":false,"rotation":180},"east":{"texture":"#string","uv":[9.6792,1.3961,9.5889,1.7052],"autoUv":false},"south":{"texture":"#string","uv":[10.8875,12.6161,9.07,12.973],"autoUv":false,"rotation":180},"west":{"texture":"#string","uv":[9.4928,1.4733,9.7752,1.6281],"autoUv":false},"up":{"texture":"#string","uv":[9.07,12.0656,10.8875,12.7576],"autoUv":false},"down":{"texture":"#string","uv":[9.07,12.3116,10.8875,11.6195],"autoUv":false,"rotation":180}},"children":[]},{"name":"string 07","from":[-0.056,0.307,2.4239],"to":[0.6199,1.1675,3.1152],"rotationOrigin":[0.4191,0.7373,2.0764],"rotationX":-155.9366,"rotationY":21.3956,"rotationZ":-1.4421,"group":"Scene Collection","faces":{"north":{"texture":"#string","uv":[9.0704,10.8839,10.8875,11.7454],"autoUv":false,"rotation":180},"east":{"texture":"#string","uv":[9.5244,1.615,9.2153,1.7052],"autoUv":false,"rotation":90},"south":{"texture":"#string","uv":[10.8875,10.5256,9.0704,11.387],"autoUv":false,"rotation":180},"west":{"texture":"#string","uv":[9.2925,1.5189,9.4472,1.8013],"autoUv":false,"rotation":270},"up":{"texture":"#string","uv":[10.8875,11.6024,9.0704,11.8891],"autoUv":false,"rotation":180},"down":{"texture":"#string","uv":[10.8875,10.8123,9.0704,10.5256],"autoUv":false}},"children":[]},{"name":"string 08","from":[-0.0558,0.307,2.4239],"to":[0.6199,1.1675,3.1152],"rotationOrigin":[0.4191,0.7373,2.0764],"rotationX":-66.4628,"rotationY":-1.3427,"rotationZ":-21.4017,"group":"Scene Collection","faces":{"north":{"texture":"#string","uv":[10.8875,10.8816,9.0707,11.2384],"autoUv":false},"east":{"texture":"#string","uv":[9.3056,1.2414,9.2153,1.5505],"autoUv":false,"rotation":180},"south":{"texture":"#string","uv":[9.0707,10.0165,10.8875,10.3733],"autoUv":false},"west":{"texture":"#string","uv":[9.1192,1.3186,9.4016,1.4733],"autoUv":false,"rotation":180},"up":{"texture":"#string","uv":[10.8875,10.2319,9.0707,10.9239],"autoUv":false,"rotation":180},"down":{"texture":"#string","uv":[10.8875,11.3699,9.0707,10.6779],"autoUv":false}},"children":[]},{"name":"string 09","from":[-0.6607,0.554,0.7102],"to":[0.2858,1.2978,1.4706],"rotationOrigin":[-0.1875,0.775,1.8528],"rotationX":156.1989,"rotationY":25.3908,"rotationZ":81.6597,"group":"Scene Collection","faces":{"north":{"texture":"#string","uv":[9.0697,5.9976,10.8875,6.859],"autoUv":false,"rotation":90},"east":{"texture":"#string","uv":[9.0697,7.0744,10.8875,7.361],"autoUv":false,"rotation":90},"south":{"texture":"#string","uv":[10.8875,6.3559,9.0697,7.2173],"autoUv":false,"rotation":270},"west":{"texture":"#string","uv":[10.8875,5.9976,9.0697,6.2842],"autoUv":false,"rotation":270},"up":{"texture":"#string","uv":[9.2153,1.2414,9.5244,1.3316],"autoUv":false},"down":{"texture":"#string","uv":[9.2925,1.4277,9.4472,1.1453],"autoUv":false,"rotation":180}},"children":[]},{"name":"string 10","from":[-0.7101,0.3017,2.2349],"to":[0.0334,1.2482,2.9953],"rotationOrigin":[-0.1875,0.775,1.8528],"rotationX":21.897,"rotationY":-12.154,"rotationZ":23.8873,"group":"Scene Collection","faces":{"north":{"texture":"#string","uv":[10.8875,6.716,9.0702,7.5775],"autoUv":false},"east":{"texture":"#string","uv":[9.6792,1.2414,9.3701,1.3316],"autoUv":false,"rotation":270},"south":{"texture":"#string","uv":[9.0702,7.0744,10.8875,7.9358],"autoUv":false},"west":{"texture":"#string","uv":[9.4472,1.1453,9.602,1.4277],"autoUv":false,"rotation":90},"up":{"texture":"#string","uv":[9.0702,6.5723,10.8875,6.859],"autoUv":false},"down":{"texture":"#string","uv":[9.0702,7.9358,10.8875,7.6492],"autoUv":false,"rotation":180}},"children":[]},{"name":"string 11","from":[-0.7103,0.3017,2.2349],"to":[0.0334,1.2482,2.9953],"rotationOrigin":[-0.1875,0.775,1.8528],"rotationX":62.6019,"rotationY":7.5298,"rotationZ":25.6276,"group":"Scene Collection","faces":{"north":{"texture":"#string","uv":[10.8875,7.223,9.0697,7.5799],"autoUv":false},"east":{"texture":"#string","uv":[9.7752,1.3186,9.4928,1.4733],"autoUv":false},"south":{"texture":"#string","uv":[9.0697,8.0881,10.8875,8.4449],"autoUv":false},"west":{"texture":"#string","uv":[9.5889,1.2414,9.6792,1.5505],"autoUv":false},"up":{"texture":"#string","uv":[9.0697,7.0915,10.8875,7.7835],"autoUv":false},"down":{"texture":"#string","uv":[9.0697,8.2295,10.8875,7.5375],"autoUv":false,"rotation":180}},"children":[]},{"name":"string 12","from":[-0.7103,0.3017,2.2349],"to":[0.0334,1.2482,2.9953],"rotationOrigin":[-0.1875,0.775,1.8528],"rotationX":156.1989,"rotationY":25.3908,"rotationZ":-8.3404,"group":"Scene Collection","faces":{"north":{"texture":"#string","uv":[9.0697,6.716,10.8875,7.5775],"autoUv":false,"rotation":180},"east":{"texture":"#string","uv":[9.602,1.5189,9.4472,1.8013],"autoUv":false,"rotation":90},"south":{"texture":"#string","uv":[10.8875,7.0744,9.0697,7.9358],"autoUv":false,"rotation":180},"west":{"texture":"#string","uv":[9.3701,1.615,9.6792,1.7052],"autoUv":false,"rotation":270},"up":{"texture":"#string","uv":[9.0697,7.6492,10.8875,7.9358],"autoUv":false},"down":{"texture":"#string","uv":[9.0697,6.859,10.8875,6.5723],"autoUv":false,"rotation":180}},"children":[]},{"name":"string 13","from":[-0.7103,0.3017,2.2349],"to":[0.0334,1.2482,2.9953],"rotationOrigin":[-0.1875,0.775,1.8528],"rotationX":-117.3981,"rotationY":-7.5298,"rotationZ":-25.6276,"group":"Scene Collection","faces":{"north":{"texture":"#string","uv":[9.0697,6.3535,10.8875,6.7103],"autoUv":false,"rotation":180},"east":{"texture":"#string","uv":[9.4016,1.4733,9.1192,1.6281],"autoUv":false,"rotation":180},"south":{"texture":"#string","uv":[10.8875,5.4885,9.0697,5.8453],"autoUv":false,"rotation":180},"west":{"texture":"#string","uv":[9.2153,1.3961,9.3056,1.7052],"autoUv":false,"rotation":180},"up":{"texture":"#string","uv":[10.8875,6.1498,9.0697,6.8419],"autoUv":false,"rotation":180},"down":{"texture":"#string","uv":[10.8875,6.3958,9.0697,5.7038],"autoUv":false}},"children":[]},{"name":"string 14","from":[-0.7102,0.3017,2.2349],"to":[0.0334,1.2482,2.9953],"rotationOrigin":[-0.1875,0.775,1.8528],"rotationX":106.5701,"rotationY":23.3197,"rotationZ":13.254,"group":"Scene Collection","faces":{"north":{"texture":"#string","uv":[9.07,7.223,10.8875,7.5799],"autoUv":false,"rotation":180},"east":{"texture":"#string","uv":[9.6792,1.3961,9.5889,1.7052],"autoUv":false},"south":{"texture":"#string","uv":[10.8875,8.0881,9.07,8.4449],"autoUv":false,"rotation":180},"west":{"texture":"#string","uv":[9.4928,1.4733,9.7752,1.6281],"autoUv":false},"up":{"texture":"#string","uv":[9.07,7.5375,10.8875,8.2295],"autoUv":false},"down":{"texture":"#string","uv":[9.07,7.7835,10.8875,7.0915],"autoUv":false,"rotation":180}},"children":[]},{"name":"string 15","from":[-0.71,0.3017,2.2349],"to":[0.0334,1.2482,2.9953],"rotationOrigin":[-0.1875,0.775,1.8528],"rotationX":-158.103,"rotationY":12.154,"rotationZ":-23.8873,"group":"Scene Collection","faces":{"north":{"texture":"#string","uv":[9.0704,6.3559,10.8875,7.2173],"autoUv":false,"rotation":180},"east":{"texture":"#string","uv":[9.5244,1.615,9.2153,1.7052],"autoUv":false,"rotation":90},"south":{"texture":"#string","uv":[10.8875,5.9976,9.0704,6.859],"autoUv":false,"rotation":180},"west":{"texture":"#string","uv":[9.2925,1.5189,9.4472,1.8013],"autoUv":false,"rotation":270},"up":{"texture":"#string","uv":[10.8875,7.0744,9.0704,7.361],"autoUv":false,"rotation":180},"down":{"texture":"#string","uv":[10.8875,6.2842,9.0704,5.9976],"autoUv":false}},"children":[]},{"name":"string 16","from":[-0.7098,0.3017,2.2349],"to":[0.0334,1.2482,2.9953],"rotationOrigin":[-0.1875,0.775,1.8528],"rotationX":-73.43,"rotationY":-23.3197,"rotationZ":-13.254,"group":"Scene Collection","faces":{"north":{"texture":"#string","uv":[10.8875,6.3535,9.0707,6.7103],"autoUv":false},"east":{"texture":"#string","uv":[9.3056,1.2414,9.2153,1.5505],"autoUv":false,"rotation":180},"south":{"texture":"#string","uv":[9.0707,5.4885,10.8875,5.8453],"autoUv":false},"west":{"texture":"#string","uv":[9.1192,1.3186,9.4016,1.4733],"autoUv":false,"rotation":180},"up":{"texture":"#string","uv":[10.8875,5.7038,9.0707,6.3959],"autoUv":false,"rotation":180},"down":{"texture":"#string","uv":[10.8875,6.8419,9.0707,6.1498],"autoUv":false}},"children":[]},{"name":"string 17","from":[-18.7774,0.5969,-5.7833],"to":[-18.0144,1.1965,-5.1703],"rotationOrigin":[-18.3959,0.775,-4.8622],"rotationX":155.9539,"rotationY":23.0479,"rotationZ":87.4452,"group":"Scene Collection","faces":{"north":{"texture":"#string","uv":[17.0563,8.5275,18.8741,9.3889],"autoUv":false,"rotation":90},"east":{"texture":"#string","uv":[17.0563,9.6043,18.8741,9.8909],"autoUv":false,"rotation":90},"south":{"texture":"#string","uv":[18.8741,8.8858,17.0563,9.7472],"autoUv":false,"rotation":270},"west":{"texture":"#string","uv":[18.8741,8.5275,17.0563,8.8141],"autoUv":false,"rotation":270},"up":{"texture":"#string","uv":[17.2019,3.7713,17.511,3.8616],"autoUv":false},"down":{"texture":"#string","uv":[17.2791,3.9576,17.4338,3.6752],"autoUv":false,"rotation":180}},"children":[]},{"name":"string 18","from":[-18.8172,0.3934,-4.5541],"to":[-18.2178,1.1565,-3.9411],"rotationOrigin":[-18.3959,0.775,-4.8622],"rotationX":22.7692,"rotationY":-14.3491,"rotationZ":18.4022,"group":"Scene Collection","faces":{"north":{"texture":"#string","uv":[18.8741,9.246,17.0568,10.1074],"autoUv":false},"east":{"texture":"#string","uv":[17.6658,3.7713,17.3567,3.8616],"autoUv":false,"rotation":270},"south":{"texture":"#string","uv":[17.0568,9.6043,18.8741,10.4657],"autoUv":false},"west":{"texture":"#string","uv":[17.4338,3.6752,17.5886,3.9576],"autoUv":false,"rotation":90},"up":{"texture":"#string","uv":[17.0568,9.1023,18.8741,9.3889],"autoUv":false},"down":{"texture":"#string","uv":[17.0568,10.4657,18.8741,10.1791],"autoUv":false,"rotation":180}},"children":[]},{"name":"string 19","from":[-18.8174,0.3934,-4.5541],"to":[-18.2178,1.1565,-3.9411],"rotationOrigin":[-18.3959,0.775,-4.8622],"rotationX":64.9531,"rotationY":2.3508,"rotationZ":23.0685,"group":"Scene Collection","faces":{"north":{"texture":"#string","uv":[18.8741,9.753,17.0563,10.1098],"autoUv":false},"east":{"texture":"#string","uv":[17.7618,3.8485,17.4795,4.0032],"autoUv":false},"south":{"texture":"#string","uv":[17.0563,10.618,18.8741,10.9748],"autoUv":false},"west":{"texture":"#string","uv":[17.5755,3.7713,17.6658,4.0804],"autoUv":false},"up":{"texture":"#string","uv":[17.0563,9.6214,18.8741,10.3134],"autoUv":false},"down":{"texture":"#string","uv":[17.0563,10.7595,18.8741,10.0674],"autoUv":false,"rotation":180}},"children":[]},{"name":"string 20","from":[-18.8174,0.3934,-4.5541],"to":[-18.2178,1.1565,-3.9411],"rotationOrigin":[-18.3959,0.775,-4.8622],"rotationX":155.9539,"rotationY":23.0479,"rotationZ":-2.5548,"group":"Scene Collection","faces":{"north":{"texture":"#string","uv":[17.0563,9.246,18.8741,10.1074],"autoUv":false,"rotation":180},"east":{"texture":"#string","uv":[17.5886,4.0488,17.4338,4.3312],"autoUv":false,"rotation":90},"south":{"texture":"#string","uv":[18.8741,9.6043,17.0563,10.4657],"autoUv":false,"rotation":180},"west":{"texture":"#string","uv":[17.3567,4.1449,17.6658,4.2352],"autoUv":false,"rotation":270},"up":{"texture":"#string","uv":[17.0563,10.1791,18.8741,10.4657],"autoUv":false},"down":{"texture":"#string","uv":[17.0563,9.3889,18.8741,9.1023],"autoUv":false,"rotation":180}},"children":[]},{"name":"string 21","from":[-18.8174,0.3934,-4.5541],"to":[-18.2178,1.1565,-3.941],"rotationOrigin":[-18.3959,0.775,-4.8622],"rotationX":-115.0469,"rotationY":-2.3508,"rotationZ":-23.0685,"group":"Scene Collection","faces":{"north":{"texture":"#string","uv":[17.0563,8.8834,18.8741,9.2402],"autoUv":false,"rotation":180},"east":{"texture":"#string","uv":[17.3882,4.0032,17.1059,4.158],"autoUv":false,"rotation":180},"south":{"texture":"#string","uv":[18.8741,8.0184,17.0563,8.3752],"autoUv":false,"rotation":180},"west":{"texture":"#string","uv":[17.2019,3.9261,17.2922,4.2352],"autoUv":false,"rotation":180},"up":{"texture":"#string","uv":[18.8741,8.6798,17.0563,9.3718],"autoUv":false,"rotation":180},"down":{"texture":"#string","uv":[18.8741,8.9258,17.0563,8.2337],"autoUv":false}},"children":[]},{"name":"string 22","from":[-18.8173,0.3934,-4.5541],"to":[-18.2178,1.1565,-3.9411],"rotationOrigin":[-18.3959,0.775,-4.8622],"rotationX":108.0557,"rotationY":17.8085,"rotationZ":15.088,"group":"Scene Collection","faces":{"north":{"texture":"#string","uv":[17.0566,9.753,18.8741,10.1098],"autoUv":false,"rotation":180},"east":{"texture":"#string","uv":[17.6658,3.9261,17.5755,4.2352],"autoUv":false},"south":{"texture":"#string","uv":[18.8741,10.618,17.0566,10.9748],"autoUv":false,"rotation":180},"west":{"texture":"#string","uv":[17.4795,4.0032,17.7618,4.158],"autoUv":false},"up":{"texture":"#string","uv":[17.0566,10.0674,18.8741,10.7595],"autoUv":false},"down":{"texture":"#string","uv":[17.0566,10.3134,18.8741,9.6214],"autoUv":false,"rotation":180}},"children":[]},{"name":"string 23","from":[-18.8172,0.3934,-4.5541],"to":[-18.2178,1.1565,-3.941],"rotationOrigin":[-18.3959,0.775,-4.8622],"rotationX":-157.2308,"rotationY":14.3491,"rotationZ":-18.4022,"group":"Scene Collection","faces":{"north":{"texture":"#string","uv":[17.057,8.8858,18.8741,9.7472],"autoUv":false,"rotation":180},"east":{"texture":"#string","uv":[17.511,4.1449,17.2019,4.2352],"autoUv":false,"rotation":90},"south":{"texture":"#string","uv":[18.8741,8.5275,17.057,9.3889],"autoUv":false,"rotation":180},"west":{"texture":"#string","uv":[17.2791,4.0488,17.4338,4.3312],"autoUv":false,"rotation":270},"up":{"texture":"#string","uv":[18.8741,9.6043,17.057,9.8909],"autoUv":false,"rotation":180},"down":{"texture":"#string","uv":[18.8741,8.8141,17.057,8.5275],"autoUv":false}},"children":[]},{"name":"string 24","from":[-18.817,0.3934,-4.5541],"to":[-18.2178,1.1565,-3.941],"rotationOrigin":[-18.3959,0.775,-4.8622],"rotationX":-71.9444,"rotationY":-17.8085,"rotationZ":-15.088,"group":"Scene Collection","faces":{"north":{"texture":"#string","uv":[18.8741,8.8834,17.0573,9.2402],"autoUv":false},"east":{"texture":"#string","uv":[17.2922,3.7713,17.2019,4.0804],"autoUv":false,"rotation":180},"south":{"texture":"#string","uv":[17.0573,8.0184,18.8741,8.3752],"autoUv":false},"west":{"texture":"#string","uv":[17.1059,3.8485,17.3882,4.0032],"autoUv":false,"rotation":180},"up":{"texture":"#string","uv":[18.8741,8.2337,17.0573,8.9258],"autoUv":false,"rotation":180},"down":{"texture":"#string","uv":[18.8741,9.3718,17.0573,8.6798],"autoUv":false}},"children":[]},{"name":"string 25","from":[-18.0177,0.5272,-5.4519],"to":[-17.3047,1.0875,-4.8791],"rotationOrigin":[-17.6612,0.6936,-4.5912],"rotationX":-22.8627,"rotationY":165.373,"rotationZ":-72.2801,"group":"Scene Collection","faces":{"north":{"texture":"#string","uv":[15.0892,11.5264,16.907,12.3879],"autoUv":false,"rotation":90},"east":{"texture":"#string","uv":[15.0892,12.6033,16.907,12.8899],"autoUv":false,"rotation":90},"south":{"texture":"#string","uv":[16.907,11.8848,15.0892,12.7462],"autoUv":false,"rotation":270},"west":{"texture":"#string","uv":[16.907,11.5265,15.0892,11.8131],"autoUv":false,"rotation":270},"up":{"texture":"#string","uv":[9.2153,1.2414,9.5244,1.3316],"autoUv":false},"down":{"texture":"#string","uv":[9.2925,1.4277,9.4472,1.1453],"autoUv":false,"rotation":180}},"children":[]},{"name":"string 26","from":[-18.0549,0.3371,-4.3034],"to":[-17.4948,1.0501,-3.7306],"rotationOrigin":[-17.6612,0.6936,-4.5912],"rotationX":24.0583,"rotationY":-22.7558,"rotationZ":-1.8444,"group":"Scene Collection","faces":{"north":{"texture":"#string","uv":[16.907,12.2449,15.0897,13.1064],"autoUv":false},"east":{"texture":"#string","uv":[9.6792,1.2414,9.3701,1.3316],"autoUv":false,"rotation":270},"south":{"texture":"#string","uv":[15.0897,12.6033,16.907,13.4647],"autoUv":false},"west":{"texture":"#string","uv":[9.4472,1.1453,9.602,1.4277],"autoUv":false,"rotation":90},"up":{"texture":"#string","uv":[15.0897,12.1012,16.907,12.3879],"autoUv":false},"down":{"texture":"#string","uv":[15.0897,13.4647,16.907,13.178],"autoUv":false,"rotation":180}},"children":[]},{"name":"string 27","from":[-18.0551,0.3371,-4.3034],"to":[-17.4948,1.0501,-3.7306],"rotationOrigin":[-17.6612,0.6936,-4.5912],"rotationX":71.7503,"rotationY":-17.1275,"rotationZ":15.3221,"group":"Scene Collection","faces":{"north":{"texture":"#string","uv":[16.907,12.7519,15.0892,13.1087],"autoUv":false},"east":{"texture":"#string","uv":[9.7752,1.3186,9.4928,1.4733],"autoUv":false},"south":{"texture":"#string","uv":[15.0892,13.617,16.907,13.9738],"autoUv":false},"west":{"texture":"#string","uv":[9.5889,1.2414,9.6792,1.5505],"autoUv":false},"up":{"texture":"#string","uv":[15.0892,12.6204,16.907,13.3124],"autoUv":false},"down":{"texture":"#string","uv":[15.0892,13.7584,16.907,13.0664],"autoUv":false,"rotation":180}},"children":[]},{"name":"string 28","from":[-18.0551,0.3371,-4.3034],"to":[-17.4948,1.0501,-3.7306],"rotationOrigin":[-17.6612,0.6936,-4.5912],"rotationX":157.1372,"rotationY":14.627,"rotationZ":17.7199,"group":"Scene Collection","faces":{"north":{"texture":"#string","uv":[15.0892,12.2449,16.907,13.1064],"autoUv":false,"rotation":180},"east":{"texture":"#string","uv":[9.602,1.5189,9.4472,1.8013],"autoUv":false,"rotation":90},"south":{"texture":"#string","uv":[16.907,12.6032,15.0892,13.4647],"autoUv":false,"rotation":180},"west":{"texture":"#string","uv":[9.3701,1.615,9.6792,1.7052],"autoUv":false,"rotation":270},"up":{"texture":"#string","uv":[15.0892,13.178,16.907,13.4647],"autoUv":false},"down":{"texture":"#string","uv":[15.0892,12.3879,16.907,12.1012],"autoUv":false,"rotation":180}},"children":[]},{"name":"string 29","from":[-18.0551,0.3371,-4.3034],"to":[-17.4948,1.0501,-3.7306],"rotationOrigin":[-17.6612,0.6936,-4.5912],"rotationX":-108.2497,"rotationY":17.1275,"rotationZ":-15.3221,"group":"Scene Collection","faces":{"north":{"texture":"#string","uv":[15.0892,11.8824,16.907,12.2392],"autoUv":false,"rotation":180},"east":{"texture":"#string","uv":[9.4016,1.4733,9.1192,1.6281],"autoUv":false,"rotation":180},"south":{"texture":"#string","uv":[16.907,11.0173,15.0892,11.3742],"autoUv":false,"rotation":180},"west":{"texture":"#string","uv":[9.2153,1.3961,9.3056,1.7052],"autoUv":false,"rotation":180},"up":{"texture":"#string","uv":[16.907,11.6787,15.0892,12.3708],"autoUv":false,"rotation":180},"down":{"texture":"#string","uv":[16.907,11.9247,15.0892,11.2327],"autoUv":false}},"children":[]},{"name":"string 30","from":[-18.0549,0.3371,-4.3034],"to":[-17.4948,1.0501,-3.7306],"rotationOrigin":[-17.6612,0.6936,-4.5912],"rotationX":114.7719,"rotationY":-1.7008,"rotationZ":22.7664,"group":"Scene Collection","faces":{"north":{"texture":"#string","uv":[15.0895,12.7519,16.907,13.1087],"autoUv":false,"rotation":180},"east":{"texture":"#string","uv":[9.6792,1.3961,9.5889,1.7052],"autoUv":false},"south":{"texture":"#string","uv":[16.907,13.617,15.0895,13.9738],"autoUv":false,"rotation":180},"west":{"texture":"#string","uv":[9.4928,1.4733,9.7752,1.6281],"autoUv":false},"up":{"texture":"#string","uv":[15.0895,13.0664,16.907,13.7584],"autoUv":false},"down":{"texture":"#string","uv":[15.0895,13.3124,16.907,12.6204],"autoUv":false,"rotation":180}},"children":[]},{"name":"string 31","from":[-18.0548,0.3371,-4.3034],"to":[-17.4948,1.0501,-3.7306],"rotationOrigin":[-17.6612,0.6936,-4.5912],"rotationX":-155.9417,"rotationY":22.7558,"rotationZ":1.8444,"group":"Scene Collection","faces":{"north":{"texture":"#string","uv":[15.0899,11.8848,16.907,12.7462],"autoUv":false,"rotation":180},"east":{"texture":"#string","uv":[9.5244,1.615,9.2153,1.7052],"autoUv":false,"rotation":90},"south":{"texture":"#string","uv":[16.907,11.5264,15.0899,12.3879],"autoUv":false,"rotation":180},"west":{"texture":"#string","uv":[9.2925,1.5189,9.4472,1.8013],"autoUv":false,"rotation":270},"up":{"texture":"#string","uv":[16.907,12.6033,15.0899,12.8899],"autoUv":false,"rotation":180},"down":{"texture":"#string","uv":[16.907,11.8131,15.0899,11.5264],"autoUv":false}},"children":[]},{"name":"string 32","from":[-18.0547,0.3371,-4.3034],"to":[-17.4948,1.0501,-3.7306],"rotationOrigin":[-17.6612,0.6936,-4.5912],"rotationX":-65.2281,"rotationY":1.7008,"rotationZ":-22.7664,"group":"Scene Collection","faces":{"north":{"texture":"#string","uv":[16.907,11.8824,15.0902,12.2392],"autoUv":false},"east":{"texture":"#string","uv":[9.3056,1.2414,9.2153,1.5505],"autoUv":false,"rotation":180},"south":{"texture":"#string","uv":[15.0902,11.0173,16.907,11.3742],"autoUv":false},"west":{"texture":"#string","uv":[9.1192,1.3186,9.4016,1.4733],"autoUv":false,"rotation":180},"up":{"texture":"#string","uv":[16.907,11.2327,15.0902,11.9247],"autoUv":false,"rotation":180},"down":{"texture":"#string","uv":[16.907,12.3708,15.0902,11.6787],"autoUv":false}},"children":[]},{"name":"string 33","from":[-17.0858,-0.0767,-5.5466],"to":[-16.7411,0.3127,-4.5224],"rotationOrigin":[-16.8358,0.118,-6.0224],"rotationX":0,"rotationY":-37.3187,"rotationZ":0,"group":"Scene Collection","faces":{"north":{"texture":"#string","uv":[18.4463,4.6783,19.0172,5.3231],"autoUv":false,"rotation":180},"east":{"texture":"#string","uv":[22.3622,6.5519,23.007,8.2481],"autoUv":false,"rotation":90},"south":{"texture":"#string","uv":[19.0172,4.6783,19.5882,5.3231],"autoUv":false,"rotation":180},"west":{"texture":"#string","uv":[22.3622,4.8556,23.007,6.5519],"autoUv":false,"rotation":90},"up":{"texture":"#string","uv":[23.007,4.8556,23.578,6.5519],"autoUv":false},"down":{"texture":"#string","uv":[23.578,8.2481,23.007,6.5519],"autoUv":false}},"children":[]}]}]}],"groups":[]}