
[

    {
        "file": "conquest:patches/survival/blocktypes/stone/stonebrick/stonebricks.json",
        "op": "remove",
        "path": "/0",
        "side": "server",
        "dependsOn": [
            {
                "modid": "bricklayers"
            }
        ]
    },

    {
        "file": "bricklayers:patches/survival-blocktypes-stone-stonebrick-stonebrick.json",
        "op": "replace",
        "path": "/1/value",
        "side": "server",
        "dependsOn": [
            {
                "modid": "bricklayers"
            }
        ],
        "value": {
            "*-kimberlite": {
                "all": {
                    "base": "bricklayers:block/stone/brick/{rock}*"
                }
            },
            "*-obsidian": {
                "all": {
                    "base": "bricklayers:block/stone/brick/{rock}*"
                }
            },
            "*-suevite": {
                "all": {
                    "base": "bricklayers:block/stone/brick/{rock}*"
                }
            },
            "@.*-(andesite|basalt|bauxite|chert|conglomerate|sandstone)": {
                "all": {
                    "base": "game:block/stone/brick/{rock}/1",
                    "tiles": [
                        { "base": "game:block/stone/brick/{rock}/*" }
                    ],
                    "tilesWidth": 4
                }
            },
            "@.*-(granite)": {
                "all": {
                    "base": "game:block/stone/brick/{rock}/1",
                    "tiles": [
                        { "base": "game:block/stone/brick/{rock}/*" }
                    ],
                    "tilesWidth": 3
                }
            },
            "@.*-(chalk|claystone|limestone|phyllite|peridotite|slate|shale)": {
                "all": { "base": "game:block/stone/brick/{rock}/*" }
            },
            "*": {
                "all": { "base": "game:block/stone/brick/{rock}*" }
            }
        }
    }
]
