[
    {
        "file": "bricklayers:patches/survival-blocktypes-stone-stonebrick-stonebrickstairs.json",
        "op": "replace",
        "path": "/1/value",
        "side": "server",
        "dependsOn": [
            {
                "modid": "bricklayers"
            }
        ],
        "value": {

            "*-kimberlite-*": {
                "all": {
                    "base": "bricklayers:block/stone/brick/{rock}*"
                }
            },
            "*-obsidian-*": {
                "all": {
                    "base": "bricklayers:block/stone/brick/{rock}*"
                }
            },
            "*-suevite-*": {
                "all": {
                    "base": "bricklayers:block/stone/brick/{rock}*"
                }
            },
            "*": {
                "all": {
                    "base": "game:block/stone/brick/{rock}/*"
                }
            }
        }
    }
]
