{
   "code":"pekin-duck-female",
   "class":"EntityAgent",
   "hitboxSize":{
      "x":0.6,
      "y":0.6
   },
	variantgroups: [
		{ "code": "age", "states": ["adult", "young"] }
	],
   "deadHitboxSize":{
      "x":0.5,
      "y":0.25
   },
   "eyeHeight":0.5,
   "weight":3.5,
   "attributes":{
	   
      "creatureDiet":{
         "foodCategories":[
            "Grain",
            "Fruit",
            "Vegetable"
         ],
         "skipFoodTags":[
            "honeycomb"
         ],
         "foodTags":[
            "fruitmash"
         ]
      },
      "basketCatchable":true,
      "trapChance":0.7,
      "trapDestroyChance":0.01,
      "handbook":{
         "groupcode":"thecritterpack:creaturegroup-pekinduck"
      }
   },
   "client":{
      "renderer":"Shape",
      "shape":{
         "base":"entity/land/duck/newduck_4"
      },
      "texture":{
         "base":"entity/duck/pekin-duck-female",
         "alternates":[
            {
               "base":"entity/duck/pekin-duck-female"
            }
         ]
      },
		sizeByType: { "pekin-duck-female-young": 0.84, "pekin-duck-female-adult": 1.10 },
		sizeGrowthFactorByType: { "pekin-duck-female-young": 0.24, "pekin-duck-female-adult": 0 },
      "behaviors":[
         {
            "code":"repulseagents"
         },
         {
            "code":"controlledphysics",
            "stepHeight":1.1251
         },
         {
            "code":"floatupwhenstuck",
            "onlyWhenDead":true
         },
         {
            "code":"interpolateposition"
         },
			{"code": "multiply", "enabledByType": { "*-female-adult": true, "*": false } },
         {
            "code":"harvestable"
         },
         {
            "code":"despawn",
            "minPlayerDistance":8,
            "belowLightLevel":8,
            "minSeconds":300
         },
         {
            "code":"pettable",
            "minGeneration":1
         }
      ],
      "animations":[
         {
            "code":"hurt",
            "animation":"hurt",
            "animationSpeed":2.2,
            "weight":10,
            "blendMode":"AddAverage"
         },
         {
            "code":"eat",
            "animation":"eat",
            "animationSpeed":1,
            "weight":1,
            "blendMode":"Add"
         },
			{
				code: "swim",
				animation: "Swim",
				supressDefaultAnimation: true,
				blendMode: "Average"
			},
			{
				code: "walk",
				animation: "Walk",
				supressDefaultAnimation: true,
				blendMode: "Average",
				"animationSpeed":2.2,
			},
			{
				code: "idle",
				animation: "Idle",
				blendMode: "AddAverage",
				easeOutSpeed: 4,
				triggeredBy: { "defaultAnim": true }
			},
         {
            "code":"die",
            "animation":"death",
            "animationSpeed":1.25,
            "weight":10,
            "blendMode":"Average",
            "triggeredBy":{
               "onControls":[
                  "dead"
               ]
            }
         },
         {
            "code":"sleep",
            "animation":"sleep",
            "easeInSpeed":4,
            "easeOutSpeed":4,
            "blendMode":"Average"
         },
         {
            "code":"sit",
            "animation":"sit",
            "easeInSpeed":4,
            "easeOutSpeed":4,
            "blendMode":"Average",
			supressDefaultAnimation: true,
         }
      ]
   },
   "server":{
      "attributes":{
         "pathfinder":{
            "minTurnAnglePerSec":190,
            "maxTurnAnglePerSec":280
         }
      },
      "behaviors":[
         {
            "code":"repulseagents"
         },
         {
            "code":"controlledphysics",
            "stepHeight":1.1251
         },
         {
            "code":"despawn",
            "minPlayerDistance":8,
            "belowLightLevel":8,
            "minSeconds":300
         },
         {
            "code":"health",
            "currenthealth":3,
            "maxhealth":3
         },
         {
            "code":"deaddecay",
            "hoursToDecay":96,
            "decayedBlock":"carcass-tiny"
         },
			{ code: "harvestable", drops: [
					{
						type: "item", 
						code: "poultry-raw", 
						quantityByType: {
							"pekin-duck-female-young":{ avg: 1.25, var: 0.25 }, 
							"pekin-duck-female-adult":{ avg: 2.25, var: 0.75 } 
						}
					},
					{
						type: "item", 
						code: "feather", 
						quantity: { avg: 6, var: 4 } 
					}
				],
			},
         {
            "code":"floatupwhenstuck",
            "onlyWhenDead":true
         },
		{
			"code": "multiply",
				"enabledByType": {
					"*-female-adult": true,
					"*": false
				},
				"spawnEntityCodesByType": {
					"thecritterpack:pekin-duck-female-adult": [ { "code":"thecritterpack:pekin-duck-egg"}]},
				"requiresNearbyEntityCodeByType": {
					"thecritterpack:pekin-duck-female-adult": "thecritterpack:pekin-duck-male-adult",
				},
				"eatAnyway": true,
				"requiresNearbyEntityRange": 20,
				"spawnQuantityMin": 1,
				"spawnQuantityMaxByType": {"*": 1},
				"pregnancyDaysByType": {"*": 0.03},
				"multiplyCooldownDaysMinByType": {"*": 1},
				"multiplyCooldownDaysMaxByType": {"*": 3},
				"portionsEatenForMultiplyByType": {
					"*": 1,
				}
		},
		{
				"code": "grow", 
				"enabledByType": {
					"*-young": true,
					"*-adult": false
				},
				"hoursToGrow": 78,
				"adultEntityCodesByType": {
					"*-female-adult": ["thecritterpack:pekin-duck-female-adult"],
				},
		},
         {
            "code":"emotionstates",
            "states":[
               {
                  "code":"alarmherdondamage",
                  "chance":0.35,
                  "slot":1,
                  "priority":1,
                  "accumType":"max"
               }
            ]
         },
         {
            "code":"taskai",
            "aiCreatureType":"SeaCreature",
            "aitasks":[
               {
                  "code":"fleeentity",
                  "entityCodes":[
                     "wolf-male",
                     "wolf-female",
                     "fox-*",
                     "bear-*"
                  ],
                  "priority":2.8,
                  "movespeed":0.025,
                  "animationSpeed":1.8,
                  "seekingRange":7,
                  "animation":"walk",
                  "instafleeOnDamageChance":1
               },
               {
                  "code":"stayclosetoentity",
                  "priority":2.6,
                  "entityCode":"*-nest-*",
                  "movespeed":0.017,
                  "maxDistance":3.95,
                  "searchRange":16,
                  "animation":"walk",
                  "animationSpeed":0.75
               },
               {
                  "code":"lookaround",
                  "priority":0.5
               },
               {
                  "code":"idle",
                  "priority":1.25,
                  "minduration":5000000,
                  "maxduration":5000000,
                  "mincooldown":5000,
                  "maxcooldown":15000,
                  "priorityForCancel":1.38,
                  "animation":"Sleep",
                  "wadultNotInEmotionState":"aggressiveondamage",
                  "duringDayTimeFrames":[
                     {
                        "fromHour":20,
                        "toHour":24
                     },
                     {
                        "fromHour":0,
                        "toHour":6
                     }
                  ],
                  "stopOnNearbyEntityCodes":[
                     "player",
                     "wolf-male",
                     "wolf-female",
                     "fox-*"
                  ],
                  "stopRange":8,
                  "stopOnHurt":true
               },
               {
                  "code":"getoutofwater",
                  "wadultSwimming":"true",
                  "priority":1.35,
                  "movespeed":0.023,
                  "animation":"Swim",
                  "animationSpeed":1.92
               },
               {
                  "code":"idle",
                  "priority":1.2,
                  "minduration":2500,
                  "maxduration":2500,
                  "mincooldown":1000,
                  "maxcooldown":10000,
                  "priorityForCancel":1.29,
                  "animation":"Eat"
               },
               {
                  "code":"idle",
                  "priority":1.1,
                  "minduration":1000,
                  "maxduration":3000,
                  "mincooldown":2000,
                  "maxcooldown":30000,
                  "animation":"Idle"
               },
               {
                  "code":"wander",
                  "priority":1.0,
                  "priorityForCancel":1.35,
                  "movespeed":0.008,
                  "animation":"Walk",
                  "stopOnNearbyEntityCodes":[
                     "fox-*",
                     "wolf-*",
                     "bear-*"
                  ],
                  "animationSpeed":0.75
               },
               {
                  "code":"idle",
                  "priority":1.2,
                  "minduration":6000,
                  "maxduration":40000,
                  "mincooldown":2000,
                  "maxcooldown":12000,
                  "priorityForCancel":1.29,
                  "animation":"Sit",
                  "stopRange":8,
                  "stopOnNearbyEntityCodes":[
                     "fox-*",
                     "wolf-*",
                     "bear-*"
                  ]
               },
               {
                  "code":"seekfoodandeat",
                  "priority":1.22,
                  "seekingRange":4,
                  "eatSound":"game:player/eat",
                  "eatTime":1.5,
                  "eatAnimation":"Eat",
                  "eatLooseItems":true,
                  "eatItemCategories":[
                     "Grain",
                     "Fruit",
                     "Vegetable"
                  ],
                  "movespeed":0.012,
                  "animation":"Walk",
                  "mincooldownHours":3,
                  "maxcooldownHours":4,
                  "animationSpeed":0.75
               },
               {
                  "code":"fleeentity",
                  "entityCodes":[
                     "player"
                  ],
                  "priority":2.7,
                  "movespeed":0.025,
                  "animationSpeed":1.8,
                  "seekingRange":4,
                  "animation":"walk",
                  "instafleeOnDamageChance":1
               }
            ]
         },	 
      ]
   },
   "sounds":{
      "idle":"creature/duck/female-duck",
      "hurt":"creature/duck/duckx-02"
   },
   "idleSoundChance":0.35
}