{
	"code": "clothes",
	"class": "ItemWearable",
	"variantgroups": [
		{ "code": "category", "states": ["face"] },
		{ "code": "face", "states": ["belcourtspectacles"] }
	],
	"shapeByType": {
		"*": { "base": "item/belcourtspectacles" }
	},
	"storageFlags": 128,
	"attributes": {
		"clothescategory": "face",
		"wearableAttachment": true
	},
	"attributesByType": {
		"*": { warmth: 0, eyeprotective: true }
	},
	"texturesByType": {
		"*": {
			"seraph": { "base": "game:block/transparent" },
			"face": { "base": "item/belcourtspectacles" }
		}
	},
	"creativeinventory": {
		"americanfrontiersmanwesternwear": ["*"]
	},
	"renderAlphaTest": 0.25,
	"fpHandTransform": {
		"translation": { "x": -0.25, "y": -0.1, "z": 0.5 },
		"rotation": { "x": 180, "y": 159, "z": 150 },
		"scale": 2
	},
	"tpHandTransform": {
		"translation": { "x": -0.74, "y": -2.39, "z": -0.97 },
		"rotation": { "x": 87, "y": 180, "z": 0 },
		"origin": {"x": 0.5, "y": 1.5, "z": 0.5 },
		"scale": 0.66
	},
	"guiTransform": {
		"translation": { "x": 0, "y": 0, "z": 19 },
		"rotation": { "x": 174, "y": -45, "z": 23 },
		"origin": {"x": 0.46, "y": 1.7, "z": 0.55 },
		"scale": 4
	}
}