{
	"enabled": false,
	"inheritFrom": "blocktypes/wood/crude-advanced.json",
	"variantgroups": [
		{ "code": "type", "states": [ "", "straw" ] },
        { "code": "wood", "states": ["aged"], "loadFromProperties": "block/wood" }
    ],
    "skipVariants": ["*-oak"],
	"creativeinventory": { "bradysthings": [ "*" ] },
	"shapeByType": {
		"*-straw": { "base": "block/wood/door/crude-advanced-straw.json" },
		"*": { "base": "block/wood/door/crude-advanced.json" }
	},
	"textures": {
        "top": {
            "base": "game:block/wood/debarked/{wood}",
            "//blendedOverlays": [{ "base": "block/door/rough-top", "blendMode": "Normal" }]
        },
        "bottom": {
            "base": "game:block/wood/debarked/{wood}",
            "//blendedOverlays": [{ "base": "block/door/rough-bottom", "blendMode": "Normal" }]
        }
    },
	"//dropsByType": {
		"*-straw": [ { "type": "item", "code": "caspart" } ],
		"*-advanced": [ { "type": "block", "code": "game:door-crude" } ]
	}
}