{
	"code": "loghalf",
	"behaviors": [	
		{ "name": "HorizontalOrientable" }, 
		{ "name": "WrenchOrientable", "properties": { "baseCode": "loghalf-{type}-{wood}"} }
	],
	"variantgroups": [
		{ "code": "type", "states": [ "barkedcorner", "debarkedcorner" ] },
		{ "code": "wood", "states": [ "aged" ], "loadFromProperties": "game:block/wood" },
		{ "code":"side", "loadFromProperties": "game:abstract/horizontalorientation" }
	],
	"shapeByType": {
		"*-north": { "base": "block/wood/typed/loghalf/corner", "rotateY": 0 },
		"*-east": { "base": "block/wood/typed/loghalf/corner", "rotateY": 270 },
		"*-south": { "base": "block/wood/typed/loghalf/corner2", "rotateY": 180 },
		"*-west": { "base": "block/wood/typed/loghalf/corner2", "rotateY": 90 }
	},
	"texturesByType": {
		"loghalf-barkedcorner-*": {
			"bark": { "base": "game:block/wood/bark/{wood}", "rotation": 90 },
			"barkup": { "base": "game:block/wood/bark/{wood}", "rotation": 90 },
			"core": { "base": "game:block/wood/treetrunk/{wood}" },
			"ends": { "base": "game:block/wood/treetrunk/{wood}" }
		},
		"loghalf-debarkedcorner-*": {
			"bark": { "base": "game:block/wood/debarked/{wood}", "rotation": 180 },
			"barkup": { "base": "game:block/wood/debarked/{wood}", "rotation": 180 },
			"core": { "base": "game:block/wood/treetrunk/{wood}" },
			"ends": { "base": "game:block/wood/treetrunk/{wood}" }
		}
	},
	"creativeinventory": { "bradysthings": [ "*-north" ], "construction": [ "*-north" ], "general": [ "*-north" ] },
	"drawtype": "json",
	"blockmaterial": "Wood",
	"requiredMiningTier": 1,
	"attributes": {
		"handbook": {
			"groupBy": ["loghalf-{type}-{wood}-north"]
		}
	},
	"replaceable": 500,
	"resistance": 4.5,
	"sounds": {
		"place": "game:block/planks",
		"walk": "game:walk/wood",
		"hit": "game:block/planks",
		"break": "game:block/planks",
		"byTool": {
			"Axe": { "hit": "game:block/chop", "break": "game:block/planks" }
		}
	},
	"drops": [
		{ "type": "block", "code": "loghalf-{type}-{wood}-north", "quantity": { "avg": 1 } }
	],
	"combustiblePropsByType": {
		"loghalf-*-birch-*": {
			"burnTemperature": 800,
			"burnDuration": 78
		},
		"loghalf-*-oak-*": {
			"burnTemperature": 800,
			"burnDuration": 98
		},
		"loghalf-*-ebony-*": {
			"burnTemperature": 800,
			"burnDuration": 110
		},
		"loghalf-*-pine-*": {
			"burnTemperature": 800,
			"burnDuration": 60
		},
		"loghalf-*-acacia-*": {
			"burnTemperature": 800,
			"burnDuration": 89
		},
		"loghalf-*-kapok-*": {
			"burnTemperature": 800,
			"burnDuration": 47
		},
		"loghalf-*-maple-*": {
			"burnTemperature": 800,
			"burnDuration": 79
		},
		"loghalf-*-redwood-*": {
			"burnTemperature": 800,
			"burnDuration": 72
		},
		"loghalf-*-aged-*": {
			"burnTemperature": 700,
			"burnDuration": 40
		},
		"*": {
			"burnTemperature": 800,
			"burnDuration": 72
		}
	},
	"maxStackSize": 16,
	"materialDensity": 700,
	"heldTpIdleAnimation": "holdbothhandslarge", "heldRightReadyAnimation": "heldblockready", "heldTpUseAnimation": "twohandplaceblock",
	"guiTransform": {
		"rotation": { "x": -22.6, "y": 130, "z": 0 }
	},
	"//tpHandTransform": {
		"translation": { "x": -1.83, "y": -1.01, "z": -0.5 },
		"rotation": { "x": 16, "y": 12, "z": -89 },
		"scale": 0.4
	},
	"tpHandTransform": {
		"translation": { "x": -1.23, "y": -0.91, "z": -0.8 },
		"rotation": { "x": -2, "y": 25, "z": -78 },
		"scale": 0.4
	}
}
