{
	"code": "scaffolding",
	"behaviors": [ { "name": "Ladder" } ],
	"attributes": {
		"handbook": {
			"groupBy": [ "scaffolding-{material}-*" ]
		},
	},
	"variantgroups": [
		{ "code": "material", "states": [ "aged", "bamboo", "wood" ], "loadFromProperties": "game:block/wood" },
		{ "code": "side", "loadFromProperties": "game:abstract/horizontalorientation" }
	],
	"creativeinventory": {
		"bradysthings": [ "*-north" ], "construction": [ "*-north" ], "general": [ "*-north" ]
	},	
	"shapeByType": {
		"@.*-(bamboo|wood)-north": { "base": "block/{material}/scaffold.json", "rotateY": 0 },
		"@.*-(bamboo|wood)-east": { "base": "block/{material}/scaffold.json", "rotateY": 270 },
		"@.*-(bamboo|wood)-south": { "base": "block/{material}/scaffold.json", "rotateY": 180 },
		"@.*-(bamboo|wood)-west": { "base": "block/{material}/scaffold.json", "rotateY": 90 },
		"*": {
			"base": "block/wood/typed/scaffold.json",	
			"rotateYByType": {
				"*-north": 0,
				"*-east": 270,
				"*-south": 180,
				"*-west": 90
			}
    	}
	},
	"texturesByType": {
		"*-bamboo-*": {
			"rope": { "base": "game:item/resource/rope" },
			"support": { "base": "game:block/plant/bamboo/stem-brown" }
		},
		"*-wood-*": { 
			"rope": { "base": "game:item/resource/rope" },
			"support": { "base": "game:block/wood/debarked/oak" }
		},
		"*": { 
			"batten": { "base": "game:block/wood/debarked/{material}" },
			"bracket": { "base": "game:block/metal/ingot/iron" },
			"support": {  "base": "game:block/wood/debarked/{material}", "overlays": [ "game:block/slightlydarker" ] }
		}
	},
	"blockmaterial": "Wood",
	"replaceable": 500,
	"resistance": 0.15,
	"lightAbsorption": 0,
	"rainPermeable": true,
	"climbable": true,
	"sidesolid": {
		"all": false
	},
	"sideopaque": {
		"all": false
	},
	"sideAO": {
		"all": false
	},
	"sounds": {
		"place": "game:block/planks",
		"hit": "game:block/planks",
		"break": "game:block/planks",
		"walk": "game:walk/wood"
	},
	"combustibleProps": {
		"burnTemperature": 600,
		"burnDuration": 12,
	},
	"collisionbox": {
		"x1": 0, "y1": 0, "z1": 0, 
		"x2": 1, "y2": 1, "z2<": 1,
		"rotateYByType": {
			"*-east": 270,
			"*-south": 180,
			"*-west": 90,
			"*-north": 0
		}
	},
	"selectionbox": {
		"x1": 0, "y1": 0, "z1": 0, 
		"x2": 1, "y2": 1, "z2": 1,
		"rotateYByType": {
			"*-east": 270,
			"*-south": 180,
			"*-west": 90,
			"*-north": 0
		}
	},
	"materialDensity": 600,
	"guiTransform": {
		"scale": 1.27
	},
	"heldTpIdleAnimation": "holdbothhandslarge", "heldRightReadyAnimation": "heldblockready", "heldTpUseAnimation": "twohandplaceblock",
	"tpHandTransform": {
		"translation": { "x": -0.75, "y": -1.2599, "z": -0.6 },
		"rotation": { "x": -80, "y": 4, "z": -100 },
		"scale": 0.62
	},
	"groundTransform": {
		"translation": { "x": 0, "y": 0, "z": 0 },
		"rotation": { "x": 90, "y": -45, "z": 0 },
		"origin": { "x": 0, "y": 0, "z": 1 },
		"scale": 2.07
	}
}


