{"textureWidth":16,"textureHeight":16,"textures":{"material":"game:block/metal/ingot/meteoriciron","handle":"game:item/tool/material/handle","string":"game:item/tool/material/string"},"textureSizes":{"material":[32,32],"handle":[32,32],"string":[32,32]},"elements":[{"name":"origin","from":[6.8381,0.4315,7.629],"to":[6.8381,0.4315,7.629],"rotationOrigin":[16.0234,0.5,7.7079],"rotationX":-90,"group":"Scene Collection","faces":{"north":{"texture":"#0","uv":[0,0,4,4],"autoUv":false},"east":{"texture":"#0","uv":[0,0,4,4],"autoUv":false},"south":{"texture":"#0","uv":[0,0,4,4],"autoUv":false},"west":{"texture":"#0","uv":[0,0,4,4],"autoUv":false},"up":{"texture":"#material","uv":[0,32,0,32],"autoUv":false},"down":{"texture":"#0","uv":[0,0,4,4],"autoUv":false}},"children":[{"name":"handle","from":[-6.9172,-0.019,0.5748],"to":[1.9228,0.59,1.0641],"rotationOrigin":[0.7098,0.2855,0.3289],"rotationX":22.5,"rotationY":0,"rotationZ":0,"group":"Scene Collection","faces":{"north":{"texture":"#handle","uv":[26.5169,18.5217,5.2451,19.8757],"autoUv":false},"east":{"texture":"#handle","uv":[24.69,18.4651,24.69,20.2696],"autoUv":false,"rotation":90},"south":{"texture":"#handle","uv":[5.2451,19.0849,26.5169,20.4389],"autoUv":false},"west":{"texture":"#handle","uv":[15.4315,18.9157,15.4315,19.8191],"autoUv":false},"up":{"texture":"#handle","uv":[5.2451,18.2959,26.5169,18.7464],"autoUv":false},"down":{"texture":"#handle","uv":[5.2451,20.4389,26.5169,19.9883],"autoUv":false,"rotation":180}},"children":[{"name":"handle 01","from":[-16,0,0],"to":[0,0.609,0.4893],"rotationOrigin":[-8.3729,0.3045,-0.2459],"rotationX":0,"rotationY":0,"rotationZ":0,"group":"Scene Collection","faces":{"north":{"texture":"#handle","uv":[31.8137,18.5217,0.1505,19.8757],"autoUv":false},"east":{"texture":"#handle","uv":[16.1421,18.4651,16.1421,20.2696],"autoUv":false},"south":{"texture":"#handle","uv":[0.1505,19.0849,31.8137,20.4389],"autoUv":false},"west":{"texture":"#handle","uv":[8.5278,18.9157,8.5278,19.8191],"autoUv":false},"up":{"texture":"#handle","uv":[0.1505,18.2959,31.8137,18.7464],"autoUv":false},"down":{"texture":"#handle","uv":[0.1505,20.4389,31.8137,19.9883],"autoUv":false,"rotation":180}},"children":[]},{"name":"handle 01.001","from":[-30.6741,0,0],"to":[-16,0.609,0.4893],"rotationOrigin":[-24.3729,0.3045,-0.2459],"rotationX":0,"rotationY":0,"rotationZ":0,"group":"Scene Collection","faces":{"north":{"texture":"#handle","uv":[31.8137,18.5217,2.7744,19.8757],"autoUv":false},"east":{"texture":"#handle","uv":[16.1421,18.4651,16.1421,20.2696],"autoUv":false},"south":{"texture":"#handle","uv":[2.7744,19.0849,31.8137,20.4389],"autoUv":false},"west":{"texture":"#handle","uv":[8.5278,18.9157,8.5278,19.8191],"autoUv":false},"up":{"texture":"#handle","uv":[2.7744,18.2959,31.8137,18.7464],"autoUv":false},"down":{"texture":"#handle","uv":[2.7744,20.4389,31.8137,19.9883],"autoUv":false,"rotation":180}},"children":[]},{"name":"handle 02","from":[7.3225,-0.9085,-0.9811],"to":[7.9316,7.9316,-0.4918],"rotationOrigin":[7.6271,0.3045,-0.2459],"rotationX":135,"rotationY":0,"rotationZ":90.0001,"group":"Scene Collection","faces":{"north":{"texture":"#handle","uv":[5.2451,17.3925,26.5169,18.7464],"autoUv":false,"rotation":90},"east":{"texture":"#handle","uv":[5.2451,19.0849,26.5169,19.5355],"autoUv":false,"rotation":90},"south":{"texture":"#handle","uv":[26.5169,17.9557,5.2451,19.3096],"autoUv":false,"rotation":270},"west":{"texture":"#handle","uv":[26.5169,17.3925,5.2451,17.843],"autoUv":false,"rotation":270},"up":{"texture":"#handle","uv":[15.4315,17.5617,15.4315,19.3662],"autoUv":false},"down":{"texture":"#handle","uv":[24.69,18.9157,24.69,18.0123],"autoUv":false,"rotation":270}},"children":[]},{"name":"handle 03","from":[0,0,0],"to":[8.84,0.609,0.4893],"rotationOrigin":[7.6271,0.3045,-0.2459],"rotationX":45,"rotationY":0,"rotationZ":0,"group":"Scene Collection","faces":{"north":{"texture":"#handle","uv":[26.5169,19.3186,5.2451,19.8794],"autoUv":false},"east":{"texture":"#handle","uv":[24.69,19.1819,24.69,20.8304],"autoUv":false,"rotation":90},"south":{"texture":"#handle","uv":[5.2451,20.6782,26.5169,21.239],"autoUv":false},"west":{"texture":"#handle","uv":[15.4315,19.7427,15.4315,20.2696],"autoUv":false,"rotation":270},"up":{"texture":"#handle","uv":[5.2451,19.1118,26.5169,20.1995],"autoUv":false},"down":{"texture":"#handle","uv":[5.2451,20.9005,26.5169,19.8128],"autoUv":false,"rotation":180}},"children":[]},{"name":"handle 04","from":[0,0,0],"to":[8.84,0.609,0.4893],"rotationOrigin":[7.6271,0.3045,-0.2459],"rotationX":135,"rotationY":0,"rotationZ":0,"group":"Scene Collection","faces":{"north":{"texture":"#handle","uv":[5.2451,18.5217,26.5169,19.8757],"autoUv":false,"rotation":180},"east":{"texture":"#handle","uv":[24.69,18.9157,24.69,19.8191],"autoUv":false,"rotation":180},"south":{"texture":"#handle","uv":[26.5169,19.0849,5.2451,20.4389],"autoUv":false,"rotation":180},"west":{"texture":"#handle","uv":[15.4315,18.4651,15.4315,20.2696],"autoUv":false,"rotation":180},"up":{"texture":"#handle","uv":[5.2451,19.9883,26.5169,20.4389],"autoUv":false},"down":{"texture":"#handle","uv":[5.2451,18.7464,26.5169,18.2959],"autoUv":false,"rotation":180}},"children":[]},{"name":"handle 05","from":[0,0,0],"to":[8.84,0.609,0.4893],"rotationOrigin":[7.6271,0.3045,-0.2459],"rotationX":-135,"rotationY":0,"rotationZ":0,"group":"Scene Collection","faces":{"north":{"texture":"#handle","uv":[5.2451,17.9519,26.5169,18.5128],"autoUv":false,"rotation":180},"east":{"texture":"#handle","uv":[24.69,17.0009,24.69,18.6494],"autoUv":false,"rotation":270},"south":{"texture":"#handle","uv":[26.5169,16.5923,5.2451,17.1531],"autoUv":false,"rotation":180},"west":{"texture":"#handle","uv":[15.4315,17.5617,15.4315,18.0886],"autoUv":false,"rotation":90},"up":{"texture":"#handle","uv":[26.5169,17.6318,5.2451,18.7195],"autoUv":false,"rotation":180},"down":{"texture":"#handle","uv":[26.5169,18.0185,5.2451,16.9308],"autoUv":false}},"children":[]},{"name":"handle 06","from":[0,0,0],"to":[8.84,0.609,0.4893],"rotationOrigin":[7.6271,0.3045,-0.2459],"rotationX":90,"rotationY":0,"rotationZ":0,"group":"Scene Collection","faces":{"north":{"texture":"#handle","uv":[5.2451,19.3186,26.5169,19.8794],"autoUv":false,"rotation":180},"east":{"texture":"#handle","uv":[24.69,19.7427,24.69,20.2696],"autoUv":false,"rotation":90},"south":{"texture":"#handle","uv":[26.5169,20.6782,5.2451,21.239],"autoUv":false,"rotation":180},"west":{"texture":"#handle","uv":[15.4315,19.1819,15.4315,20.8304],"autoUv":false,"rotation":180},"up":{"texture":"#handle","uv":[5.2451,19.8128,26.5169,20.9005],"autoUv":false},"down":{"texture":"#handle","uv":[5.2451,20.1995,26.5169,19.1118],"autoUv":false,"rotation":180}},"children":[]},{"name":"handle 07","from":[0,0,0],"to":[8.84,0.609,0.4893],"rotationOrigin":[7.6271,0.3045,-0.2459],"rotationX":-180,"rotationY":0,"rotationZ":0,"group":"Scene Collection","faces":{"north":{"texture":"#handle","uv":[5.2451,17.9557,26.5169,19.3096],"autoUv":false,"rotation":180},"east":{"texture":"#handle","uv":[24.69,17.5617,24.69,19.3662],"autoUv":false,"rotation":270},"south":{"texture":"#handle","uv":[26.5169,17.3925,5.2451,18.7464],"autoUv":false,"rotation":180},"west":{"texture":"#handle","uv":[15.4315,18.0123,15.4315,18.9157],"autoUv":false,"rotation":180},"up":{"texture":"#handle","uv":[26.5169,19.0849,5.2451,19.5355],"autoUv":false,"rotation":180},"down":{"texture":"#handle","uv":[26.5169,17.843,5.2451,17.3925],"autoUv":false}},"children":[]},{"name":"handle 08","from":[0,0,0],"to":[8.84,0.609,0.4893],"rotationOrigin":[7.6271,0.3045,-0.2459],"rotationX":-90,"rotationY":0,"rotationZ":0,"group":"Scene Collection","faces":{"north":{"texture":"#handle","uv":[26.5169,17.9519,5.2451,18.5128],"autoUv":false},"east":{"texture":"#handle","uv":[24.69,17.5617,24.69,18.0886],"autoUv":false,"rotation":270},"south":{"texture":"#handle","uv":[5.2451,16.5923,26.5169,17.1531],"autoUv":false},"west":{"texture":"#handle","uv":[15.4315,17.0009,15.4315,18.6494],"autoUv":false,"rotation":90},"up":{"texture":"#handle","uv":[26.5169,16.9308,5.2451,18.0185],"autoUv":false,"rotation":180},"down":{"texture":"#handle","uv":[26.5169,18.7195,5.2451,17.6318],"autoUv":false}},"children":[]},{"name":"handle 09","from":[-8.6775,-8.0684,-0.9811],"to":[-8.0684,7.9316,-0.4918],"rotationOrigin":[-8.3729,0.3045,-0.2459],"rotationX":135,"rotationY":0,"rotationZ":90,"group":"Scene Collection","faces":{"north":{"texture":"#handle","uv":[0.1505,17.3925,31.8137,18.7464],"autoUv":false,"rotation":90},"east":{"texture":"#handle","uv":[0.1505,19.0849,31.8137,19.5355],"autoUv":false,"rotation":90},"south":{"texture":"#handle","uv":[31.8137,17.9557,0.1505,19.3096],"autoUv":false,"rotation":270},"west":{"texture":"#handle","uv":[31.8137,17.3925,0.1506,17.843],"autoUv":false,"rotation":270},"up":{"texture":"#handle","uv":[8.5278,17.5617,8.5278,19.3662],"autoUv":false},"down":{"texture":"#handle","uv":[16.1421,18.9157,16.1421,18.0123],"autoUv":false}},"children":[]},{"name":"handle 09.001","from":[-24.6775,-8.0684,-0.9811],"to":[-24.0684,6.6057,-0.4918],"rotationOrigin":[-24.3729,0.3045,-0.2459],"rotationX":135,"rotationY":0,"rotationZ":90,"group":"Scene Collection","faces":{"north":{"texture":"#handle","uv":[2.7744,17.3925,31.8137,18.7464],"autoUv":false,"rotation":90},"east":{"texture":"#handle","uv":[2.7744,19.0849,31.8137,19.5355],"autoUv":false,"rotation":90},"south":{"texture":"#handle","uv":[31.8137,17.9557,2.7744,19.3096],"autoUv":false,"rotation":270},"west":{"texture":"#handle","uv":[31.8137,17.3925,2.7744,17.843],"autoUv":false,"rotation":270},"up":{"texture":"#handle","uv":[8.5278,17.5617,8.5278,19.3662],"autoUv":false,"rotation":270},"down":{"texture":"#handle","uv":[16.1421,18.9157,16.1421,18.0123],"autoUv":false}},"children":[]},{"name":"handle 10","from":[-16,0,0],"to":[0,0.609,0.4893],"rotationOrigin":[-8.3729,0.3045,-0.2459],"rotationX":45,"rotationY":0,"rotationZ":0,"group":"Scene Collection","faces":{"north":{"texture":"#handle","uv":[31.8137,19.3186,0.1505,19.8794],"autoUv":false},"east":{"texture":"#handle","uv":[16.1421,19.1819,16.1421,20.8304],"autoUv":false,"rotation":90},"south":{"texture":"#handle","uv":[0.1505,20.6782,31.8137,21.239],"autoUv":false},"west":{"texture":"#handle","uv":[8.5278,19.7427,8.5278,20.2696],"autoUv":false,"rotation":270},"up":{"texture":"#handle","uv":[0.1506,19.1118,31.8137,20.1995],"autoUv":false},"down":{"texture":"#handle","uv":[0.1506,20.9005,31.8137,19.8129],"autoUv":false,"rotation":180}},"children":[]},{"name":"handle 10.001","from":[-30.6741,0,0],"to":[-16,0.609,0.4893],"rotationOrigin":[-24.3729,0.3045,-0.2459],"rotationX":45,"rotationY":0,"rotationZ":0,"group":"Scene Collection","faces":{"north":{"texture":"#handle","uv":[31.8137,19.3186,2.7744,19.8461],"autoUv":false},"east":{"texture":"#handle","uv":[16.1421,19.1819,16.1421,20.8304],"autoUv":false,"rotation":90},"south":{"texture":"#handle","uv":[2.7744,20.6782,31.8137,21.239],"autoUv":false},"west":{"texture":"#handle","uv":[8.5278,19.7427,8.5278,20.2696],"autoUv":false,"rotation":270},"up":{"texture":"#handle","uv":[2.7744,19.1118,31.8137,20.1995],"autoUv":false},"down":{"texture":"#handle","uv":[2.7744,20.9005,31.8137,19.8129],"autoUv":false,"rotation":180}},"children":[]},{"name":"handle 11","from":[-16,0,0],"to":[0,0.609,0.4893],"rotationOrigin":[-8.3729,0.3045,-0.2459],"rotationX":135,"rotationY":0,"rotationZ":0,"group":"Scene Collection","faces":{"north":{"texture":"#handle","uv":[0.1505,18.5217,31.8137,19.8757],"autoUv":false,"rotation":180},"east":{"texture":"#handle","uv":[16.1421,18.9157,16.1421,19.8191],"autoUv":false,"rotation":180},"south":{"texture":"#handle","uv":[31.8137,19.0849,0.1505,20.4389],"autoUv":false,"rotation":180},"west":{"texture":"#handle","uv":[8.5278,18.4651,8.5278,20.2696],"autoUv":false,"rotation":270},"up":{"texture":"#handle","uv":[0.1506,19.9883,31.8137,20.4389],"autoUv":false},"down":{"texture":"#handle","uv":[0.1505,18.7464,31.8137,18.2959],"autoUv":false,"rotation":180}},"children":[]},{"name":"handle 11.001","from":[-30.6741,0,0],"to":[-16,0.609,0.4893],"rotationOrigin":[-24.3729,0.3045,-0.2459],"rotationX":135,"rotationY":0,"rotationZ":0,"group":"Scene Collection","faces":{"north":{"texture":"#handle","uv":[2.7744,18.5217,31.8137,19.8757],"autoUv":false,"rotation":180},"east":{"texture":"#handle","uv":[16.1421,18.9157,16.1421,19.8191],"autoUv":false,"rotation":180},"south":{"texture":"#handle","uv":[31.8137,19.0849,2.7744,20.4389],"autoUv":false,"rotation":180},"west":{"texture":"#handle","uv":[8.5278,18.4651,8.5278,20.2696],"autoUv":false,"rotation":270},"up":{"texture":"#handle","uv":[2.7744,19.9883,31.8137,20.4389],"autoUv":false},"down":{"texture":"#handle","uv":[2.7744,18.7464,31.8137,18.2959],"autoUv":false,"rotation":180}},"children":[]},{"name":"handle 12","from":[-16,0,0],"to":[0,0.609,0.4893],"rotationOrigin":[-8.3729,0.3045,-0.2459],"rotationX":-135,"rotationY":0,"rotationZ":0,"group":"Scene Collection","faces":{"north":{"texture":"#handle","uv":[0.1505,17.9519,31.8137,18.5128],"autoUv":false,"rotation":180},"east":{"texture":"#handle","uv":[16.1421,17.0009,16.1421,18.6494],"autoUv":false,"rotation":270},"south":{"texture":"#handle","uv":[31.8137,16.5923,0.1505,17.1531],"autoUv":false,"rotation":180},"west":{"texture":"#handle","uv":[8.5278,17.5617,8.5278,18.0886],"autoUv":false},"up":{"texture":"#handle","uv":[31.8137,17.6318,0.1506,18.7195],"autoUv":false,"rotation":180},"down":{"texture":"#handle","uv":[31.8137,18.0185,0.1505,16.9308],"autoUv":false}},"children":[]},{"name":"handle 12.001","from":[-30.6741,0,0],"to":[-16,0.609,0.4893],"rotationOrigin":[-24.3729,0.3045,-0.2459],"rotationX":-135,"rotationY":0,"rotationZ":0,"group":"Scene Collection","faces":{"north":{"texture":"#handle","uv":[2.7744,17.9852,31.8137,18.5128],"autoUv":false,"rotation":180},"east":{"texture":"#handle","uv":[16.1421,17.0009,16.1421,18.6494],"autoUv":false,"rotation":270},"south":{"texture":"#handle","uv":[31.8137,16.5923,2.7744,17.1531],"autoUv":false,"rotation":180},"west":{"texture":"#handle","uv":[8.5278,17.5617,8.5278,18.0886],"autoUv":false},"up":{"texture":"#handle","uv":[31.8137,17.6318,2.7744,18.7195],"autoUv":false,"rotation":180},"down":{"texture":"#handle","uv":[31.8137,18.0185,2.7744,16.9308],"autoUv":false}},"children":[]},{"name":"handle 13","from":[-16,0,0],"to":[0,0.609,0.4893],"rotationOrigin":[-8.3729,0.3045,-0.2459],"rotationX":90,"rotationY":0,"rotationZ":0,"group":"Scene Collection","faces":{"north":{"texture":"#handle","uv":[0.1505,19.3186,31.8137,19.8794],"autoUv":false,"rotation":180},"east":{"texture":"#handle","uv":[16.1421,19.7427,16.1421,20.2696],"autoUv":false,"rotation":90},"south":{"texture":"#handle","uv":[31.8137,20.6782,0.1505,21.239],"autoUv":false,"rotation":180},"west":{"texture":"#handle","uv":[8.5278,19.1819,8.5278,20.8304],"autoUv":false,"rotation":180},"up":{"texture":"#handle","uv":[0.1505,19.8128,31.8137,20.9005],"autoUv":false},"down":{"texture":"#handle","uv":[0.1505,20.1995,31.8137,19.1118],"autoUv":false,"rotation":180}},"children":[]},{"name":"handle 13.001","from":[-30.6741,0,0],"to":[-16,0.609,0.4893],"rotationOrigin":[-24.3729,0.3045,-0.2459],"rotationX":90,"rotationY":0,"rotationZ":0,"group":"Scene Collection","faces":{"north":{"texture":"#handle","uv":[2.7744,19.3186,31.8137,19.8794],"autoUv":false,"rotation":180},"east":{"texture":"#handle","uv":[16.1421,19.7427,16.1421,20.2696],"autoUv":false,"rotation":90},"south":{"texture":"#handle","uv":[31.8137,20.6782,2.7744,21.239],"autoUv":false,"rotation":180},"west":{"texture":"#handle","uv":[8.5278,19.1819,8.5278,20.8304],"autoUv":false,"rotation":180},"up":{"texture":"#handle","uv":[2.7744,19.8461,31.8137,20.9005],"autoUv":false},"down":{"texture":"#handle","uv":[2.7744,20.1995,31.8137,19.1118],"autoUv":false,"rotation":180}},"children":[]},{"name":"handle 14","from":[-16,0,0],"to":[0,0.609,0.4893],"rotationOrigin":[-8.3729,0.3045,-0.2459],"rotationX":-180,"rotationY":0,"rotationZ":0,"group":"Scene Collection","faces":{"north":{"texture":"#handle","uv":[0.1506,17.9557,31.8137,19.3096],"autoUv":false,"rotation":180},"east":{"texture":"#handle","uv":[16.1421,17.5617,16.1421,19.3662],"autoUv":false,"rotation":180},"south":{"texture":"#handle","uv":[31.8137,17.3925,0.1506,18.7464],"autoUv":false,"rotation":180},"west":{"texture":"#handle","uv":[8.5278,18.0123,8.5278,18.9157],"autoUv":false,"rotation":180},"up":{"texture":"#handle","uv":[31.8137,19.0849,0.1506,19.5355],"autoUv":false,"rotation":180},"down":{"texture":"#handle","uv":[31.8137,17.843,0.1505,17.3925],"autoUv":false}},"children":[]},{"name":"handle 14.001","from":[-30.6741,0,0],"to":[-16,0.609,0.4893],"rotationOrigin":[-24.3729,0.3045,-0.2459],"rotationX":-180,"rotationY":0,"rotationZ":0,"group":"Scene Collection","faces":{"north":{"texture":"#handle","uv":[2.7744,17.9557,31.8137,19.3096],"autoUv":false,"rotation":180},"east":{"texture":"#handle","uv":[16.1421,17.5617,16.1421,19.3662],"autoUv":false,"rotation":180},"south":{"texture":"#handle","uv":[31.8137,17.3925,2.7744,18.7464],"autoUv":false,"rotation":180},"west":{"texture":"#handle","uv":[8.5278,18.0123,8.5278,18.9157],"autoUv":false,"rotation":180},"up":{"texture":"#handle","uv":[31.8137,19.0849,2.7744,19.5355],"autoUv":false,"rotation":180},"down":{"texture":"#handle","uv":[31.8137,17.843,2.7744,17.3925],"autoUv":false}},"children":[]},{"name":"handle 15","from":[-16,0,0],"to":[0,0.609,0.4893],"rotationOrigin":[-8.3729,0.3045,-0.2459],"rotationX":-90,"rotationY":0,"rotationZ":0,"group":"Scene Collection","faces":{"north":{"texture":"#handle","uv":[31.8137,17.9519,0.1505,18.5128],"autoUv":false},"east":{"texture":"#handle","uv":[16.1421,17.5617,16.1421,18.0886],"autoUv":false,"rotation":270},"south":{"texture":"#handle","uv":[0.1505,16.5923,31.8137,17.1531],"autoUv":false},"west":{"texture":"#handle","uv":[8.5278,17.0009,8.5278,18.6494],"autoUv":false,"rotation":90},"up":{"texture":"#handle","uv":[31.8137,16.9308,0.1505,18.0185],"autoUv":false,"rotation":180},"down":{"texture":"#handle","uv":[31.8137,18.7195,0.1506,17.6318],"autoUv":false}},"children":[]},{"name":"handle 15.001","from":[-30.6741,0,0],"to":[-16,0.609,0.4893],"rotationOrigin":[-24.3729,0.3045,-0.2459],"rotationX":-90,"rotationY":0,"rotationZ":0,"group":"Scene Collection","faces":{"north":{"texture":"#handle","uv":[31.8137,17.9519,2.7744,18.5128],"autoUv":false},"east":{"texture":"#handle","uv":[16.1421,17.5617,16.1421,18.0886],"autoUv":false,"rotation":270},"south":{"texture":"#handle","uv":[2.7744,16.5923,31.8137,17.1531],"autoUv":false},"west":{"texture":"#handle","uv":[8.5278,17.0009,8.5278,18.6494],"autoUv":false,"rotation":90},"up":{"texture":"#handle","uv":[31.8137,16.9308,2.7744,17.9852],"autoUv":false,"rotation":180},"down":{"texture":"#handle","uv":[31.8137,18.7195,2.7744,17.6318],"autoUv":false}},"children":[]},{"name":"handle 16","from":[-39.3516,-8.0684,-0.9811],"to":[-38.7425,1.6783,-0.2125],"rotationOrigin":[-39.0471,0.3045,-0.2459],"rotationX":135,"rotationY":0,"rotationZ":90,"group":"Scene Collection","faces":{"north":{"texture":"#handle","uv":[7.5357,17.3925,30.9892,18.7464],"autoUv":false,"rotation":90},"east":{"texture":"#handle","uv":[7.5357,19.0849,30.9892,19.7927],"autoUv":false,"rotation":90},"south":{"texture":"#handle","uv":[30.9892,17.9557,7.5357,19.3096],"autoUv":false,"rotation":270},"west":{"texture":"#handle","uv":[30.9892,17.3925,7.5357,18.1003],"autoUv":false,"rotation":270},"up":{"texture":"#handle","uv":[2.6748,17.5617,2.6748,19.6235],"autoUv":false,"rotation":270},"down":{"texture":"#handle","uv":[11.9333,18.9157,11.9333,18.2695],"autoUv":false,"rotation":270}},"children":[]},{"name":"handle 17","from":[-40.4209,0,0],"to":[-30.6741,0.609,0.4893],"rotationOrigin":[-39.0471,0.3045,-0.2459],"rotationX":0,"rotationY":0,"rotationZ":0,"group":"Scene Collection","faces":{"north":{"texture":"#handle","uv":[30.9892,18.5217,7.5356,19.8757],"autoUv":false},"east":{"texture":"#handle","uv":[11.9333,18.4651,11.9333,20.2696],"autoUv":false,"rotation":90},"south":{"texture":"#handle","uv":[7.5356,19.0849,30.9892,20.4389],"autoUv":false},"west":{"texture":"#handle","uv":[2.6748,18.9157,2.6748,19.8191],"autoUv":false,"rotation":90},"up":{"texture":"#handle","uv":[7.5356,18.2959,30.9892,18.7464],"autoUv":false},"down":{"texture":"#handle","uv":[7.5356,20.4389,30.9892,19.9883],"autoUv":false,"rotation":180}},"children":[]},{"name":"handle 18","from":[-40.4194,0,-0.2794],"to":[-30.6741,0.609,0.4893],"rotationOrigin":[-39.0471,0.3045,-0.2459],"rotationX":45,"rotationY":0,"rotationZ":0,"group":"Scene Collection","faces":{"north":{"texture":"#handle","uv":[30.9892,19.3186,7.5391,19.8794],"autoUv":false},"east":{"texture":"#handle","uv":[11.9333,18.5609,11.9333,20.8304],"autoUv":false,"rotation":90},"south":{"texture":"#handle","uv":[7.5391,20.6782,30.9892,21.239],"autoUv":false},"west":{"texture":"#handle","uv":[2.6748,19.1217,2.6748,20.2696],"autoUv":false,"rotation":270},"up":{"texture":"#handle","uv":[7.5391,18.4908,30.9892,20.1995],"autoUv":false},"down":{"texture":"#handle","uv":[7.5391,20.9005,30.9892,19.8794],"autoUv":false,"rotation":180}},"children":[]},{"name":"handle 19","from":[-40.4225,0,-0.2794],"to":[-30.6741,0.609,0.4893],"rotationOrigin":[-39.0471,0.3045,-0.2459],"rotationX":135,"rotationY":0,"rotationZ":0,"group":"Scene Collection","faces":{"north":{"texture":"#handle","uv":[7.5316,18.5217,30.9892,19.8757],"autoUv":false,"rotation":180},"east":{"texture":"#handle","uv":[11.9333,18.9157,11.9333,19.5618],"autoUv":false,"rotation":180},"south":{"texture":"#handle","uv":[30.9892,19.0849,7.5316,20.4389],"autoUv":false,"rotation":180},"west":{"texture":"#handle","uv":[2.6748,18.2079,2.6748,20.2696],"autoUv":false,"rotation":270},"up":{"texture":"#handle","uv":[7.5316,19.7311,30.9892,20.4389],"autoUv":false},"down":{"texture":"#handle","uv":[7.5316,18.7464,30.9892,18.0387],"autoUv":false,"rotation":180}},"children":[]},{"name":"handle 20","from":[-40.4217,0,-0.2794],"to":[-30.6741,0.609,0.4893],"rotationOrigin":[-39.0471,0.3045,-0.2459],"rotationX":-135,"rotationY":0,"rotationZ":0,"group":"Scene Collection","faces":{"north":{"texture":"#handle","uv":[7.5337,17.9519,30.9892,18.5128],"autoUv":false,"rotation":180},"east":{"texture":"#handle","uv":[11.9333,17.0009,11.9333,19.2705],"autoUv":false,"rotation":270},"south":{"texture":"#handle","uv":[30.9892,16.5923,7.5337,17.1531],"autoUv":false,"rotation":180},"west":{"texture":"#handle","uv":[2.6748,17.5617,2.6748,18.7096],"autoUv":false,"rotation":90},"up":{"texture":"#handle","uv":[30.9892,17.6318,7.5337,19.3406],"autoUv":false,"rotation":180},"down":{"texture":"#handle","uv":[30.9892,17.9519,7.5337,16.9308],"autoUv":false}},"children":[]},{"name":"handle 21","from":[-40.4211,0,-0.2794],"to":[-30.6741,0.609,0.4893],"rotationOrigin":[-39.0471,0.3045,-0.2459],"rotationX":90,"rotationY":0,"rotationZ":0,"group":"Scene Collection","faces":{"north":{"texture":"#handle","uv":[7.5349,19.3186,30.9892,19.8794],"autoUv":false,"rotation":180},"east":{"texture":"#handle","uv":[11.9333,19.1217,11.9333,20.2696],"autoUv":false,"rotation":90},"south":{"texture":"#handle","uv":[30.9892,20.6782,7.5349,21.239],"autoUv":false,"rotation":180},"west":{"texture":"#handle","uv":[2.6748,18.5609,2.6748,20.8304],"autoUv":false,"rotation":180},"up":{"texture":"#handle","uv":[7.5349,19.8794,30.9892,20.9005],"autoUv":false},"down":{"texture":"#handle","uv":[7.5349,20.1995,30.9892,18.4908],"autoUv":false,"rotation":180}},"children":[]},{"name":"handle 22","from":[-40.4206,0,-0.2794],"to":[-30.6741,0.609,0.4893],"rotationOrigin":[-39.0471,0.3045,-0.2459],"rotationX":-180,"rotationY":0,"rotationZ":0,"group":"Scene Collection","faces":{"north":{"texture":"#handle","uv":[7.5363,17.9557,30.9892,19.3096],"autoUv":false,"rotation":180},"east":{"texture":"#handle","uv":[11.9333,17.5617,11.9333,19.6235],"autoUv":false,"rotation":180},"south":{"texture":"#handle","uv":[30.9892,17.3925,7.5363,18.7464],"autoUv":false,"rotation":180},"west":{"texture":"#handle","uv":[2.6748,18.2695,2.6748,18.9157],"autoUv":false,"rotation":180},"up":{"texture":"#handle","uv":[30.9892,19.0849,7.5363,19.7927],"autoUv":false,"rotation":180},"down":{"texture":"#handle","uv":[30.9892,18.1003,7.5363,17.3925],"autoUv":false}},"children":[]},{"name":"handle 23","from":[-40.42,0,-0.2794],"to":[-30.6741,0.609,0.4893],"rotationOrigin":[-39.0471,0.3045,-0.2459],"rotationX":-90,"rotationY":0,"rotationZ":0,"group":"Scene Collection","faces":{"north":{"texture":"#handle","uv":[30.9892,17.9519,7.5377,18.5128],"autoUv":false},"east":{"texture":"#handle","uv":[11.9333,17.5617,11.9333,18.7096],"autoUv":false,"rotation":270},"south":{"texture":"#handle","uv":[7.5377,16.5923,30.9892,17.1531],"autoUv":false},"west":{"texture":"#handle","uv":[2.6748,17.0009,2.6748,19.2705],"autoUv":false,"rotation":90},"up":{"texture":"#handle","uv":[30.9892,16.9308,7.5377,17.9519],"autoUv":false,"rotation":180},"down":{"texture":"#handle","uv":[30.9891,19.3406,7.5377,17.6318],"autoUv":false}},"children":[]}]},{"name":"holder","from":[3.6291,-0.6898,-0.0098],"to":[9.3871,1.2608,0.7876],"rotationOrigin":[5.9864,0.2855,0.3789],"rotationX":0,"group":"Scene Collection","faces":{"north":{"texture":"#material","uv":[21.4208,22.0342,9.6878,26.0088],"autoUv":false},"east":{"texture":"#material","uv":[4.8242,22.8458,4.8242,27.5029],"autoUv":false,"rotation":90},"south":{"texture":"#material","uv":[9.6878,22.0342,21.4208,26.0088],"autoUv":false},"west":{"texture":"#material","uv":[2.6195,22.8458,2.6195,27.5029],"autoUv":false},"up":{"texture":"#material","uv":[10.4517,22.8581,21.9786,24.6523],"autoUv":false},"down":{"texture":"#material","uv":[10.4517,24.6523,21.9786,22.858],"autoUv":false,"rotation":180}},"children":[{"name":"blade","from":[0.179,1.666,-0.6537],"to":[1.0012,5.009,0.0068],"rotationOrigin":[0.5901,0.9753,0.3387],"rotationX":157.5,"rotationY":0,"rotationZ":90,"group":"Scene Collection","faces":{"north":{"texture":"#material","uv":[0.1836,23.1647,10.4612,25.5],"autoUv":false,"rotation":90},"east":{"texture":"#material","uv":[0.1836,25.327,10.4612,26.1041],"autoUv":false,"rotation":90},"south":{"texture":"#material","uv":[10.4612,23.8843,0.1836,26.2195],"autoUv":false,"rotation":270},"west":{"texture":"#material","uv":[10.4612,23.1647,0.1836,23.9418],"autoUv":false,"rotation":270},"up":{"texture":"#material","uv":[5.2303,23.0783,5.2303,26.1906],"autoUv":false},"down":{"texture":"#material","uv":[10.0531,25.4135,10.0531,23.8553],"autoUv":false,"rotation":270}},"children":[]},{"name":"blade 01","from":[-3.4437,0.5642,0.6707],"to":[-0.1006,1.3864,1.3312],"rotationOrigin":[0.5901,0.9753,0.3387],"rotationX":22.5,"rotationY":0,"rotationZ":0,"group":"Scene Collection","faces":{"north":{"texture":"#material","uv":[10.4612,24.6075,0.1836,26.9427],"autoUv":false},"east":{"texture":"#material","uv":[10.0531,24.6364,10.0531,27.7487],"autoUv":false,"rotation":90},"south":{"texture":"#material","uv":[0.1836,25.327,10.4612,27.6622],"autoUv":false},"west":{"texture":"#material","uv":[5.2303,25.4135,5.2303,26.9717],"autoUv":false,"rotation":90},"up":{"texture":"#material","uv":[0.1836,24.7229,10.4612,25.5],"autoUv":false},"down":{"texture":"#material","uv":[0.1836,27.6622,10.4612,26.8852],"autoUv":false,"rotation":180}},"children":[]},{"name":"blade 01.001","from":[-1.9958,0.5044,2.9489],"to":[-1.3795,1.1206,3.6422],"rotationOrigin":[-1.7023,0.9753,3.3036],"rotationX":90,"rotationY":0,"rotationZ":120,"group":"Scene Collection","faces":{"north":{"texture":"#material","uv":[12.8506,17.4933,13.4412,18.7521],"autoUv":false},"east":{"texture":"#material","uv":[4.3424,15.5676,9.0128,16.8757],"autoUv":false,"rotation":180},"south":{"texture":"#material","uv":[7.8408,15.6544,8.651,16.6579],"autoUv":false,"rotation":180},"west":{"texture":"#material","uv":[7.2991,13.213,9.4875,14.9795],"autoUv":false,"rotation":270},"up":{"texture":"#material","uv":[13.9796,18.1512,14.9386,20.1128],"autoUv":false,"rotation":90},"down":{"texture":"#material","uv":[13.3993,19.3939,15.5189,18.8701],"autoUv":false}},"children":[]},{"name":"blade 02","from":[-3.4437,0.5642,0.6707],"to":[-0.1006,1.3864,1.3312],"rotationOrigin":[0.5901,0.9753,0.3387],"rotationX":67.5,"rotationY":0,"rotationZ":0,"group":"Scene Collection","faces":{"north":{"texture":"#material","uv":[10.4612,25.8029,0.1836,26.7702],"autoUv":false},"east":{"texture":"#material","uv":[10.0531,25.8727,10.0531,28.716],"autoUv":false,"rotation":90},"south":{"texture":"#material","uv":[0.1836,27.5399,10.4612,28.5072],"autoUv":false},"west":{"texture":"#material","uv":[5.2303,26.84,5.2303,27.7487],"autoUv":false,"rotation":270},"up":{"texture":"#material","uv":[0.1836,25.9085,10.4612,27.7846],"autoUv":false},"down":{"texture":"#material","uv":[0.1836,28.6802,10.4612,26.8042],"autoUv":false,"rotation":180}},"children":[]},{"name":"blade 02.001","from":[-2.2501,1.1596,0.4633],"to":[-0.9079,1.812,1.1567],"rotationOrigin":[-2.3018,0.9753,0.8181],"rotationX":90,"rotationY":0,"rotationZ":56.2574,"group":"Scene Collection","faces":{"north":{"texture":"#material","uv":[11.8239,16.0812,13.1104,17.4138],"autoUv":false},"east":{"texture":"#material","uv":[4.5557,16.6115,6.744,18.378],"autoUv":false,"rotation":90},"south":{"texture":"#material","uv":[8.137,16.291,6.4378,18.3959],"autoUv":false,"rotation":270},"west":{"texture":"#material","uv":[7.436,13.0434,8.0314,16.7832],"autoUv":false,"rotation":270},"up":{"texture":"#material","uv":[13.6546,16.9019,13.93,19.7101],"autoUv":false,"rotation":90},"down":{"texture":"#material","uv":[12.3907,18.4674,15.1939,18.1445],"autoUv":false,"rotation":90}},"children":[]},{"name":"blade 03","from":[-3.4437,0.5642,0.6707],"to":[-0.1006,1.3864,1.3312],"rotationOrigin":[0.5901,0.9753,0.3387],"rotationX":157.5,"rotationY":0,"rotationZ":0,"group":"Scene Collection","faces":{"north":{"texture":"#material","uv":[0.1836,24.6075,10.4612,26.9427],"autoUv":false,"rotation":180},"east":{"texture":"#material","uv":[10.0531,25.4135,10.0531,26.9717],"autoUv":false,"rotation":180},"south":{"texture":"#material","uv":[10.4612,25.327,0.1836,27.6622],"autoUv":false,"rotation":180},"west":{"texture":"#material","uv":[5.2303,24.6364,5.2303,27.7487],"autoUv":false,"rotation":180},"up":{"texture":"#material","uv":[0.1836,26.8852,10.4612,27.6622],"autoUv":false},"down":{"texture":"#material","uv":[0.1836,25.5,10.4612,24.7229],"autoUv":false,"rotation":180}},"children":[]},{"name":"blade 03.001","from":[-3.388,0.1907,-1.2317],"to":[-0.8836,1.0623,-0.5239],"rotationOrigin":[-1.6751,0.9753,-0.8859],"rotationX":-89.9998,"rotationY":0,"rotationZ":-105,"group":"Scene Collection","faces":{"north":{"texture":"#material","uv":[6.0134,14.8434,9.3056,18.9216],"autoUv":false,"rotation":270},"east":{"texture":"#material","uv":[9.4876,13.2131,7.2993,14.9796],"autoUv":false,"rotation":270},"south":{"texture":"#material","uv":[13.9186,16.1877,11.5181,17.9679],"autoUv":false,"rotation":180},"west":{"texture":"#material","uv":[6.7441,16.6116,4.5558,18.3781],"autoUv":false,"rotation":90},"up":{"texture":"#material","uv":[12.0903,17.7723,15.988,19.4509],"autoUv":false,"rotation":270},"down":{"texture":"#material","uv":[13.6297,20.6936,14.4486,16.5296],"autoUv":false,"rotation":180}},"children":[]},{"name":"blade 04","from":[-3.4437,0.5642,0.6707],"to":[-0.1006,1.3864,1.3312],"rotationOrigin":[0.5901,0.9753,0.3387],"rotationX":-112.5,"rotationY":0,"rotationZ":0,"group":"Scene Collection","faces":{"north":{"texture":"#material","uv":[0.1836,24.0568,10.4612,25.0241],"autoUv":false,"rotation":180},"east":{"texture":"#material","uv":[10.0531,22.111,10.0531,24.9543],"autoUv":false,"rotation":180},"south":{"texture":"#material","uv":[10.4612,22.3198,0.1836,23.2871],"autoUv":false,"rotation":180},"west":{"texture":"#material","uv":[5.2303,23.0783,5.2303,23.987],"autoUv":false,"rotation":90},"up":{"texture":"#material","uv":[10.4612,23.0424,0.1836,24.9184],"autoUv":false,"rotation":180},"down":{"texture":"#material","uv":[10.4612,24.0228,0.1836,22.1468],"autoUv":false}},"children":[]},{"name":"blade 04.001","from":[-2.0163,0.8249,-2.8854],"to":[-1.4,1.4412,-2.192],"rotationOrigin":[-1.7023,0.9753,-2.5468],"rotationX":-89.9998,"rotationY":0,"rotationZ":-60,"group":"Scene Collection","faces":{"north":{"texture":"#material","uv":[8.6625,15.6401,7.8523,16.6437],"autoUv":false},"east":{"texture":"#material","uv":[9.4875,13.213,7.2992,14.9796],"autoUv":false,"rotation":270},"south":{"texture":"#material","uv":[13.4496,17.4829,12.8589,18.7418],"autoUv":false,"rotation":180},"west":{"texture":"#material","uv":[4.3424,15.5676,9.0128,16.8757],"autoUv":false,"rotation":270},"up":{"texture":"#material","uv":[13.4075,18.8803,15.5272,19.4041],"autoUv":false},"down":{"texture":"#material","uv":[13.9879,20.123,14.9469,18.1615],"autoUv":false,"rotation":270}},"children":[]},{"name":"blade 05","from":[-3.4437,0.5642,0.6707],"to":[-0.1006,1.3864,1.3312],"rotationOrigin":[0.5901,0.9753,0.3387],"rotationX":112.5,"rotationY":0,"rotationZ":0,"group":"Scene Collection","faces":{"north":{"texture":"#material","uv":[3.5268,17.7021,10.198,18.33],"autoUv":false,"rotation":180},"east":{"texture":"#material","uv":[12.5252,18.3754,12.5252,18.9652],"autoUv":false,"rotation":90},"south":{"texture":"#material","uv":[10.198,18.8297,3.5268,19.4576],"autoUv":false,"rotation":180},"west":{"texture":"#material","uv":[6.8026,17.7475,6.8026,19.5931],"autoUv":false,"rotation":180},"up":{"texture":"#material","uv":[3.5268,18.3521,10.198,19.5698],"autoUv":false},"down":{"texture":"#material","uv":[3.5268,18.9885,10.198,17.7707],"autoUv":false,"rotation":180}},"children":[]},{"name":"blade 05.001","from":[-3.6872,0.1442,-0.3998],"to":[-2.345,0.7966,0.2935],"rotationOrigin":[-2.3018,0.9753,-0.0612],"rotationX":-89.9998,"rotationY":0,"rotationZ":-123.7426,"group":"Scene Collection","faces":{"north":{"texture":"#material","uv":[8.1477,16.2778,6.4484,18.3827],"autoUv":false},"east":{"texture":"#material","uv":[7.436,13.0434,8.0314,16.7832],"autoUv":false},"south":{"texture":"#material","uv":[13.1184,16.0927,11.832,17.4253],"autoUv":false,"rotation":180},"west":{"texture":"#material","uv":[6.744,16.6115,4.5557,18.378],"autoUv":false,"rotation":90},"up":{"texture":"#material","uv":[12.3986,18.1543,15.2018,18.4773],"autoUv":false,"rotation":270},"down":{"texture":"#material","uv":[13.6625,19.7199,13.9379,16.9117],"autoUv":false,"rotation":270}},"children":[]},{"name":"blade 06","from":[-3.4437,0.5642,0.6707],"to":[-0.1006,1.3864,1.3312],"rotationOrigin":[0.5901,0.9753,0.3387],"rotationX":-157.5,"rotationY":0,"rotationZ":0,"group":"Scene Collection","faces":{"north":{"texture":"#material","uv":[0.1836,23.8843,10.4612,26.2195],"autoUv":false,"rotation":180},"east":{"texture":"#material","uv":[10.0531,23.0782,10.0531,26.1906],"autoUv":false,"rotation":180},"south":{"texture":"#material","uv":[10.4612,23.1647,0.1836,25.5],"autoUv":false,"rotation":180},"west":{"texture":"#material","uv":[5.2303,23.8553,5.2303,25.4135],"autoUv":false,"rotation":180},"up":{"texture":"#material","uv":[10.4612,25.327,0.1836,26.1041],"autoUv":false,"rotation":180},"down":{"texture":"#material","uv":[10.4612,23.9418,0.1836,23.1647],"autoUv":false}},"children":[]},{"name":"blade 07","from":[-3.4437,0.5642,0.6707],"to":[-0.1006,1.3864,1.3312],"rotationOrigin":[0.5901,0.9753,0.3387],"rotationX":-67.5,"rotationY":0,"rotationZ":0,"group":"Scene Collection","faces":{"north":{"texture":"#material","uv":[10.4612,24.0568,0.1836,25.0241],"autoUv":false},"east":{"texture":"#material","uv":[10.0531,23.0783,10.0531,23.987],"autoUv":false,"rotation":270},"south":{"texture":"#material","uv":[0.1836,22.3198,10.4612,23.2871],"autoUv":false},"west":{"texture":"#material","uv":[5.2303,22.111,5.2303,24.9543],"autoUv":false},"up":{"texture":"#material","uv":[10.4612,22.1468,0.1836,24.0228],"autoUv":false,"rotation":180},"down":{"texture":"#material","uv":[10.4612,24.9184,0.1836,23.0424],"autoUv":false}},"children":[]},{"name":"blade 08","from":[1.1348,0.5362,0.0881],"to":[3.0103,1.4144,1.0763],"rotationOrigin":[1.5466,0.9753,-0.3061],"rotationX":-0.0001,"rotationY":-128.9128,"rotationZ":-0.0001,"group":"Scene Collection","faces":{"north":{"texture":"#material","uv":[8.6372,21.9714,5.345,26.0496],"autoUv":false,"rotation":180},"east":{"texture":"#material","uv":[2.6137,21.3438,4.8021,23.1104],"autoUv":false},"south":{"texture":"#material","uv":[13.4312,23.2001,11.0308,24.9803],"autoUv":false},"west":{"texture":"#material","uv":[7.5456,17.9453,5.3572,19.7119],"autoUv":false,"rotation":90},"up":{"texture":"#material","uv":[11.7848,19.9621,12.6038,24.126],"autoUv":false,"rotation":180},"down":{"texture":"#material","uv":[10.2455,22.8834,14.1431,21.2047],"autoUv":false,"rotation":270}},"children":[]},{"name":"blade 09","from":[1.1193,0.5395,-0.3114],"to":[2.9947,1.4111,0.6768],"rotationOrigin":[1.5466,0.9753,1.0835],"rotationX":-0.0001,"rotationY":128.9128,"rotationZ":0.0001,"group":"Scene Collection","faces":{"north":{"texture":"#material","uv":[11.0507,23.2001,13.4511,24.9803],"autoUv":false},"east":{"texture":"#material","uv":[2.5859,21.3213,4.7742,23.0879],"autoUv":false,"rotation":90},"south":{"texture":"#material","uv":[5.3723,21.9376,8.6645,26.0158],"autoUv":false,"rotation":180},"west":{"texture":"#material","uv":[5.3294,17.9229,7.5177,19.6894],"autoUv":false,"rotation":270},"up":{"texture":"#material","uv":[11.7848,23.3793,12.6038,27.5433],"autoUv":false,"rotation":180},"down":{"texture":"#material","uv":[10.2455,26.3007,14.1431,24.622],"autoUv":false,"rotation":90}},"children":[]},{"name":"blade 10","from":[2.5743,0.5384,-0.0724],"to":[5.0488,1.4121,2.0849],"rotationOrigin":[2.8295,0.9753,0.9567],"rotationX":-0.0001,"rotationY":5.4944,"rotationZ":-179.9976,"group":"Scene Collection","faces":{"north":{"texture":"#material","uv":[10.4782,24.5583,4.6371,25.1201],"autoUv":false,"rotation":180},"east":{"texture":"#material","uv":[23.3822,24.0561,24.6177,28.3707],"autoUv":false,"rotation":270},"south":{"texture":"#material","uv":[5.127,19.4653,10.9681,20.0272],"autoUv":false,"rotation":180},"west":{"texture":"#material","uv":[12.456,19.5146,11.8681,25.6262],"autoUv":false,"rotation":90},"up":{"texture":"#material","uv":[16.4275,22.77,11.9101,27.5433],"autoUv":false},"down":{"texture":"#material","uv":[16.841,27.069,11.4966,23.2443],"autoUv":false,"rotation":180}},"children":[]},{"name":"blade 11","from":[4.0571,-0.537,-0.3163],"to":[4.9288,1.6033,1.8057],"rotationOrigin":[4.493,0.9753,0.7419],"rotationX":-0.0001,"rotationY":10.142,"rotationZ":-89.9999,"group":"Scene Collection","faces":{"north":{"texture":"#material","uv":[9.7691,24.8072,15.7651,25.8798],"autoUv":false,"rotation":180},"east":{"texture":"#material","uv":[20.3107,22.133,16.841,27.069],"autoUv":false,"rotation":90},"south":{"texture":"#material","uv":[10.6553,19.8534,16.6513,20.926],"autoUv":false,"rotation":270},"west":{"texture":"#material","uv":[16.093,22.8874,21.0587,26.3145],"autoUv":false,"rotation":270},"up":{"texture":"#material","uv":[17.4802,20.5549,16.4168,26.4995],"autoUv":false,"rotation":180},"down":{"texture":"#material","uv":[11.4202,25.6056,12.4836,19.661],"autoUv":false}},"children":[]},{"name":"blade 12","from":[6.7786,0.5016,0.16],"to":[7.6433,1.6215,1.0768],"rotationOrigin":[7.211,0.9753,0.5407],"rotationX":0,"rotationY":21.681,"rotationZ":-90.0002,"group":"Scene Collection","faces":{"north":{"texture":"#material","uv":[23.818,23.3516,20.8563,24.5291],"autoUv":false,"rotation":90},"east":{"texture":"#material","uv":[25.8078,22.8508,24.4026,25.3846],"autoUv":false,"rotation":90},"south":{"texture":"#material","uv":[21.333,22.1524,24.2947,23.3299],"autoUv":false,"rotation":270},"west":{"texture":"#material","uv":[23.7245,23.679,26.4859,24.5563],"autoUv":false,"rotation":270},"up":{"texture":"#material","uv":[23.916,22.8991,23.3439,24.3382],"autoUv":false,"rotation":180},"down":{"texture":"#material","uv":[20.8758,23.3569,21.4479,21.9179],"autoUv":false}},"children":[]},{"name":"blade 13","from":[5.6447,-0.0266,0.159],"to":[6.5154,1.7072,1.4351],"rotationOrigin":[6.08,0.9753,0.7493],"rotationX":0,"rotationY":15.5413,"rotationZ":-90.0004,"group":"Scene Collection","faces":{"north":{"texture":"#material","uv":[15.813,23.7608,20.5668,25.0828],"autoUv":false,"rotation":180},"east":{"texture":"#material","uv":[23.7181,22.9234,21.0587,26.3145],"autoUv":false,"rotation":90},"south":{"texture":"#material","uv":[21.3777,20.845,16.6239,22.1671],"autoUv":false,"rotation":180},"west":{"texture":"#material","uv":[20.3742,23.8533,24.4026,25.3846],"autoUv":false,"rotation":270},"up":{"texture":"#material","uv":[21.4691,21.7375,20.4961,25.2364],"autoUv":false,"rotation":180},"down":{"texture":"#material","uv":[16.5346,24.1347,17.5077,20.6358],"autoUv":false}},"children":[]},{"name":"blade 14","from":[-0.0986,0.6598,-0.417],"to":[3.0964,1.5718,1.2144],"rotationOrigin":[2.2018,1.1697,0.3887],"rotationX":0,"rotationY":0,"rotationZ":-9.5506,"group":"Scene Collection","faces":{"north":{"texture":"#material","uv":[16.1079,23.1198,9.3795,23.8723],"autoUv":false},"east":{"texture":"#material","uv":[11.3795,22.816,10.9488,27.473],"autoUv":false,"rotation":90},"south":{"texture":"#material","uv":[9.6878,22.0396,15.7996,24.9525],"autoUv":false},"west":{"texture":"#material","uv":[4.426,22.816,4.8566,27.473],"autoUv":false,"rotation":270},"up":{"texture":"#material","uv":[10.4288,22.1148,16.7362,25.3907],"autoUv":false},"down":{"texture":"#material","uv":[1.7591,27.473,9.5865,22.816],"autoUv":false,"rotation":180}},"children":[]},{"name":"blade 15","from":[4.0557,-0.5335,-1.0085],"to":[4.9302,1.6069,1.1135],"rotationOrigin":[4.493,0.9753,0.0356],"rotationX":0,"rotationY":-10.142,"rotationZ":-90.0002,"group":"Scene Collection","faces":{"north":{"texture":"#material","uv":[16.6612,19.8551,10.6652,20.9277],"autoUv":false,"rotation":90},"east":{"texture":"#material","uv":[20.3107,20.4364,16.841,25.3724],"autoUv":false,"rotation":90},"south":{"texture":"#material","uv":[15.775,24.809,9.779,25.8816],"autoUv":false,"rotation":180},"west":{"texture":"#material","uv":[16.093,21.1908,21.0587,24.6179],"autoUv":false,"rotation":270},"up":{"texture":"#material","uv":[17.4704,20.61,16.407,26.5546],"autoUv":false,"rotation":90},"down":{"texture":"#material","uv":[11.4103,25.6608,12.4737,19.7162],"autoUv":false,"rotation":270}},"children":[]},{"name":"blade 16","from":[6.7734,0.509,-0.2808],"to":[7.6485,1.6289,0.636],"rotationOrigin":[7.211,0.9753,0.2368],"rotationX":0,"rotationY":-21.6809,"rotationZ":-90,"group":"Scene Collection","faces":{"north":{"texture":"#material","uv":[24.3143,22.1602,21.3526,23.3377],"autoUv":false,"rotation":90},"east":{"texture":"#material","uv":[25.8078,22.1208,24.4026,24.6546],"autoUv":false,"rotation":90},"south":{"texture":"#material","uv":[20.8758,23.3594,23.8375,24.5369],"autoUv":false,"rotation":270},"west":{"texture":"#material","uv":[23.7245,22.949,26.4859,23.8263],"autoUv":false,"rotation":270},"up":{"texture":"#material","uv":[23.9044,22.9283,23.3323,24.3673],"autoUv":false,"rotation":90},"down":{"texture":"#material","uv":[21.4363,23.3861,20.8642,21.947],"autoUv":false,"rotation":180}},"children":[]},{"name":"blade 17","from":[1.2899,0.3788,-0.437],"to":[4.5021,1.2908,1.1944],"rotationOrigin":[2.2018,0.7809,0.3887],"rotationX":0.0001,"rotationY":-179.9996,"rotationZ":-9.5506,"group":"Scene Collection","faces":{"north":{"texture":"#material","uv":[9.6878,23.0847,15.8341,26.0034],"autoUv":false},"east":{"texture":"#material","uv":[4.8566,22.816,4.426,27.473],"autoUv":false,"rotation":270},"south":{"texture":"#material","uv":[16.1425,24.1707,9.3795,24.9174],"autoUv":false},"west":{"texture":"#material","uv":[10.9398,22.816,11.3792,27.473],"autoUv":false,"rotation":90},"up":{"texture":"#material","uv":[1.7769,22.816,9.5955,27.473],"autoUv":false,"rotation":180},"down":{"texture":"#material","uv":[10.4288,25.3906,16.7701,22.1148],"autoUv":false}},"children":[]},{"name":"blade 18","from":[0.6974,0.8286,1.7048],"to":[3.1709,1.4464,2.3225],"rotationOrigin":[2.9156,0.9753,1.8515],"rotationX":45.1321,"rotationY":3.8834,"rotationZ":-3.8916,"group":"Scene Collection","faces":{"north":{"texture":"#material","uv":[26.2487,25.8233,25.1768,31.7796],"autoUv":false,"rotation":270},"east":{"texture":"#material","uv":[27.5127,26.6013,25.3688,26.6013],"autoUv":false},"south":{"texture":"#material","uv":[26.0701,25.8233,27.142,31.7796],"autoUv":false,"rotation":90},"west":{"texture":"#material","uv":[23.7065,23.0579,24.942,24.2934],"autoUv":false},"up":{"texture":"#material","uv":[25.7395,25.8233,26.8115,31.7796],"autoUv":false,"rotation":90},"down":{"texture":"#material","uv":[26.6328,31.7796,27.7048,25.8233],"autoUv":false,"rotation":90}},"children":[]},{"name":"blade 19","from":[4.1999,0.3343,1.4348],"to":[4.8148,2.51,2.0495],"rotationOrigin":[4.6341,0.977,1.6148],"rotationX":-45.4512,"rotationY":7.1527,"rotationZ":97.2091,"group":"Scene Collection","faces":{"north":{"texture":"#material","uv":[27.6344,22.9278,26.5674,28.0865],"autoUv":false,"rotation":180},"east":{"texture":"#material","uv":[26.3044,22.9278,25.2378,28.0865],"autoUv":false,"rotation":180},"south":{"texture":"#material","uv":[25.6786,22.9278,26.7455,28.0865],"autoUv":false,"rotation":180},"west":{"texture":"#material","uv":[26.1269,22.9278,27.1935,28.0865],"autoUv":false,"rotation":180},"up":{"texture":"#material","uv":[27.5024,26.6013,25.3689,26.6013],"autoUv":false},"down":{"texture":"#material","uv":[26.4358,22.3024,26.4355,22.3024],"autoUv":false,"rotation":180}},"children":[]},{"name":"blade 20","from":[7.2916,-0.2002,0.5562],"to":[7.9065,1.8801,1.1709],"rotationOrigin":[7.7079,0.977,0.7543],"rotationX":-47.1001,"rotationY":15.1432,"rotationZ":105.7017,"group":"Scene Collection","faces":{"north":{"texture":"#material","uv":[27.6031,14.9484,26.5362,18.9226],"autoUv":false,"rotation":180},"east":{"texture":"#material","uv":[26.3356,14.9484,25.269,18.9226],"autoUv":false,"rotation":180},"south":{"texture":"#material","uv":[25.6473,14.9484,26.7143,18.9226],"autoUv":false,"rotation":180},"west":{"texture":"#material","uv":[26.1582,14.9484,27.2248,18.9226],"autoUv":false,"rotation":180},"up":{"texture":"#material","uv":[25.3689,18.8943,27.5024,18.8943],"autoUv":false,"rotation":180},"down":{"texture":"#material","uv":[26.4355,15.5825,26.4358,15.5825],"autoUv":false}},"children":[]},{"name":"blade 21","from":[5.6432,-0.0212,-0.6383],"to":[6.5169,1.7125,0.6378],"rotationOrigin":[6.08,0.9753,0.0281],"rotationX":0,"rotationY":-15.5413,"rotationZ":-90,"group":"Scene Collection","faces":{"north":{"texture":"#material","uv":[16.6386,20.8491,21.3924,22.1711],"autoUv":false,"rotation":180},"east":{"texture":"#material","uv":[23.7181,21.1908,21.0587,24.582],"autoUv":false,"rotation":90},"south":{"texture":"#material","uv":[20.5815,23.7649,15.8277,25.0869],"autoUv":false,"rotation":180},"west":{"texture":"#material","uv":[20.3742,22.1208,24.4026,23.652],"autoUv":false,"rotation":270},"up":{"texture":"#material","uv":[20.4814,21.7903,21.4544,25.2893],"autoUv":false},"down":{"texture":"#material","uv":[16.5199,24.1876,17.493,20.6886],"autoUv":false,"rotation":270}},"children":[]},{"name":"blade 22","from":[5.79,0.2281,1.0681],"to":[6.4048,2.0028,1.6827],"rotationOrigin":[6.2061,0.977,1.2662],"rotationX":-46.0668,"rotationY":10.9211,"rotationZ":101.1251,"group":"Scene Collection","faces":{"north":{"texture":"#material","uv":[27.603,18.8725,26.536,22.9622],"autoUv":false,"rotation":180},"east":{"texture":"#material","uv":[26.3358,18.8725,25.2692,22.9622],"autoUv":false,"rotation":180},"south":{"texture":"#material","uv":[25.6472,18.8725,26.7141,22.9622],"autoUv":false,"rotation":180},"west":{"texture":"#material","uv":[26.1583,18.8725,27.2249,22.9622],"autoUv":false,"rotation":180},"up":{"texture":"#material","uv":[27.5024,22.3024,25.3688,22.3024],"autoUv":false},"down":{"texture":"#material","uv":[26.4355,18.8943,26.4358,18.8943],"autoUv":false}},"children":[]},{"name":"blade 23","from":[5.6529,0.793,0],"to":[8.847,1.6993,0.7975],"rotationOrigin":[7.1598,1.1914,0.3887],"rotationX":0,"rotationY":0,"rotationZ":-9.5506,"group":"Scene Collection","faces":{"north":{"texture":"#material","uv":[23.1381,23.1309,16.4133,23.8721],"autoUv":false},"east":{"texture":"#material","uv":[11.4784,21.8303,9.694,23.6096],"autoUv":false},"south":{"texture":"#material","uv":[16.7197,22.051,22.8317,24.952],"autoUv":false},"west":{"texture":"#material","uv":[4.5012,22.8458,4.9291,27.5029],"autoUv":false,"rotation":270},"up":{"texture":"#material","uv":[17.3179,22.8581,23.6236,24.6523],"autoUv":false},"down":{"texture":"#material","uv":[4.0186,27.5029,12.9215,22.8458],"autoUv":false,"rotation":180}},"children":[]},{"name":"blade 24","from":[5.472,0.2515,-0.02],"to":[8.6696,1.1578,0.7775],"rotationOrigin":[7.1612,0.7594,0.3887],"rotationX":0.0001,"rotationY":-179.9996,"rotationZ":-9.5506,"group":"Scene Collection","faces":{"north":{"texture":"#material","uv":[16.7197,23.0898,22.8385,25.992],"autoUv":false},"east":{"texture":"#material","uv":[4.9291,22.8458,4.5012,27.5029],"autoUv":false,"rotation":270},"south":{"texture":"#material","uv":[23.1449,24.1709,16.4133,24.9109],"autoUv":false},"west":{"texture":"#material","uv":[11.024,22.8458,11.452,27.5029],"autoUv":false,"rotation":90},"up":{"texture":"#material","uv":[4.0783,22.8458,11.9058,27.5029],"autoUv":false,"rotation":180},"down":{"texture":"#material","uv":[17.3179,24.6523,23.6304,22.8581],"autoUv":false}},"children":[]},{"name":"blade 25","from":[4.2138,0.3307,-1.2581],"to":[4.8287,2.5064,-0.6434],"rotationOrigin":[4.6341,0.977,-0.8374],"rotationX":45.4512,"rotationY":-7.1527,"rotationZ":97.2091,"group":"Scene Collection","faces":{"north":{"texture":"#material","uv":[26.7214,22.9194,25.6544,28.0781],"autoUv":false,"rotation":180},"east":{"texture":"#material","uv":[25.2619,22.9194,26.3285,28.0781],"autoUv":false,"rotation":180},"south":{"texture":"#material","uv":[26.5433,22.9194,27.6102,28.0781],"autoUv":false,"rotation":180},"west":{"texture":"#material","uv":[27.2176,22.9194,26.151,28.0781],"autoUv":false,"rotation":180},"up":{"texture":"#material","uv":[25.3689,26.6013,27.5024,26.6013],"autoUv":false,"rotation":90},"down":{"texture":"#material","uv":[26.4358,22.3024,26.4355,22.3024],"autoUv":false,"rotation":180}},"children":[]},{"name":"blade 26","from":[7.3048,-0.2548,-0.3803],"to":[7.9197,1.8727,0.2344],"rotationOrigin":[7.7079,0.977,0.0232],"rotationX":47.1,"rotationY":-15.1432,"rotationZ":105.7017,"group":"Scene Collection","faces":{"north":{"texture":"#material","uv":[26.6915,14.934,25.6245,18.9082],"autoUv":false,"rotation":180},"east":{"texture":"#material","uv":[25.2918,14.934,26.3584,18.9082],"autoUv":false,"rotation":180},"south":{"texture":"#material","uv":[26.5134,14.934,27.5803,18.9082],"autoUv":false,"rotation":180},"west":{"texture":"#material","uv":[27.2476,14.934,26.181,18.9082],"autoUv":false,"rotation":180},"up":{"texture":"#material","uv":[25.3689,18.8943,27.5024,18.8943],"autoUv":false,"rotation":180},"down":{"texture":"#material","uv":[26.4358,15.5825,26.4355,15.5825],"autoUv":false,"rotation":180}},"children":[]},{"name":"blade 27","from":[5.8036,0.2228,-0.8917],"to":[6.4185,1.9974,-0.277],"rotationOrigin":[6.2061,0.977,-0.4888],"rotationX":46.0668,"rotationY":-10.9211,"rotationZ":101.1251,"group":"Scene Collection","faces":{"north":{"texture":"#material","uv":[26.6905,18.8602,25.6235,22.9498],"autoUv":false,"rotation":180},"east":{"texture":"#material","uv":[25.2928,18.8602,26.3594,22.9498],"autoUv":false,"rotation":180},"south":{"texture":"#material","uv":[26.5124,18.8602,27.5793,22.9498],"autoUv":false,"rotation":180},"west":{"texture":"#material","uv":[27.2486,18.8602,26.182,22.9498],"autoUv":false,"rotation":180},"up":{"texture":"#material","uv":[25.3689,22.3024,27.5024,22.3024],"autoUv":false,"rotation":180},"down":{"texture":"#material","uv":[26.4358,18.8943,26.4355,18.8943],"autoUv":false,"rotation":180}},"children":[]},{"name":"blade 28","from":[2.5724,0.5401,-1.2876],"to":[5.0469,1.4104,0.8698],"rotationOrigin":[2.8295,0.9753,-0.1793],"rotationX":0,"rotationY":-5.4944,"rotationZ":-179.998,"group":"Scene Collection","faces":{"north":{"texture":"#material","uv":[5.1316,19.4658,10.9726,20.0276],"autoUv":false,"rotation":270},"east":{"texture":"#material","uv":[25.4445,22.7056,26.68,27.0202],"autoUv":false,"rotation":270},"south":{"texture":"#material","uv":[4.6417,24.5587,10.4827,25.1206],"autoUv":false,"rotation":180},"west":{"texture":"#material","uv":[12.4506,19.571,11.8627,25.6826],"autoUv":false},"up":{"texture":"#material","uv":[16.4275,19.962,11.9101,24.7353],"autoUv":false},"down":{"texture":"#material","uv":[16.841,24.261,11.4966,20.4364],"autoUv":false,"rotation":180}},"children":[]},{"name":"blade 29","from":[2.6585,0.5183,-1.531],"to":[5.1319,1.1361,-0.9132],"rotationOrigin":[2.9156,0.9753,-1.074],"rotationX":-45.1321,"rotationY":-3.8834,"rotationZ":176.1084,"group":"Scene Collection","faces":{"north":{"texture":"#material","uv":[27.1665,25.8186,26.0945,31.775],"autoUv":false,"rotation":90},"east":{"texture":"#material","uv":[25.1484,21.5771,26.3839,22.8126],"autoUv":false,"rotation":180},"south":{"texture":"#material","uv":[25.2012,25.8186,26.2732,31.775],"autoUv":false,"rotation":270},"west":{"texture":"#material","uv":[27.5127,26.6013,25.3688,26.6013],"autoUv":false},"up":{"texture":"#material","uv":[26.6084,25.8186,27.6803,31.775],"autoUv":false,"rotation":270},"down":{"texture":"#material","uv":[25.7151,31.775,26.7871,25.8186],"autoUv":false,"rotation":270}},"children":[]},{"name":"blade 30","from":[8.4909,0.4021,0],"to":[9.1087,1.0199,0.7975],"rotationOrigin":[8.5355,0.9753,0.3887],"rotationX":0,"rotationY":0,"rotationZ":45,"group":"Scene Collection","faces":{"north":{"texture":"#material","uv":[27.9695,23.2001,27.9695,24.9803],"autoUv":false,"rotation":270},"east":{"texture":"#material","uv":[27.9653,22.9443,28.8398,24.5615],"autoUv":false,"rotation":90},"south":{"texture":"#material","uv":[27.0794,24.0902,28.8597,24.0902],"autoUv":false,"rotation":90},"west":{"texture":"#material","uv":[2.6195,22.8458,2.6195,27.5029],"autoUv":false},"up":{"texture":"#material","uv":[10.7953,23.4239,13.2813,25.8794],"autoUv":false},"down":{"texture":"#material","uv":[27.9653,24.5615,28.8398,22.9443],"autoUv":false,"rotation":180}},"children":[]},{"name":"blade.001","from":[-2.4568,0.8909,1.2808],"to":[0.0476,1.7625,1.9886],"rotationOrigin":[-1.6751,0.9753,1.6427],"rotationX":90,"rotationY":0,"rotationZ":75,"group":"Scene Collection","faces":{"north":{"texture":"#material","uv":[11.5088,16.1823,13.9092,17.9626],"autoUv":false},"east":{"texture":"#material","uv":[6.7441,16.6115,4.5558,18.3781],"autoUv":false},"south":{"texture":"#material","uv":[6.0006,14.8594,9.2927,18.9375],"autoUv":false,"rotation":180},"west":{"texture":"#material","uv":[7.2993,13.2131,9.4876,14.9796],"autoUv":false,"rotation":270},"up":{"texture":"#material","uv":[13.6205,16.5182,14.4394,20.6822],"autoUv":false,"rotation":180},"down":{"texture":"#material","uv":[12.0811,19.4395,15.9788,17.7609],"autoUv":false,"rotation":90}},"children":[]}]},{"name":"string","from":[0.3794,2.097,-0.4688],"to":[1.0402,8.5611,0.0621],"rotationOrigin":[0.7098,0.2855,0.3289],"rotationX":157.5,"rotationY":0,"rotationZ":90,"group":"Scene Collection","faces":{"north":{"texture":"#string","uv":[5.2451,17.3925,19.5807,18.7464],"autoUv":false,"rotation":90},"east":{"texture":"#string","uv":[5.2451,19.0849,19.5807,19.5355],"autoUv":false,"rotation":90},"south":{"texture":"#string","uv":[19.5807,17.9557,5.2451,19.3096],"autoUv":false,"rotation":270},"west":{"texture":"#string","uv":[19.5807,17.3925,5.2451,17.843],"autoUv":false,"rotation":270},"up":{"texture":"#string","uv":[15.4315,17.5617,15.4315,19.3662],"autoUv":false},"down":{"texture":"#string","uv":[24.69,18.9157,24.69,18.0123],"autoUv":false,"rotation":270}},"children":[{"name":"handle 03.001","from":[-7.9452,-2.1419,1.0645],"to":[-1.4811,-1.4811,1.5953],"rotationOrigin":[0.3304,-1.8115,0.7977],"rotationY":90,"rotationZ":-90,"group":"Scene Collection","faces":{"north":{"texture":"#string","uv":[19.5807,19.3186,5.2451,19.8794],"autoUv":false},"east":{"texture":"#string","uv":[24.69,19.1819,24.69,20.8304],"autoUv":false,"rotation":90},"south":{"texture":"#string","uv":[5.2451,20.6782,19.5807,21.239],"autoUv":false},"west":{"texture":"#string","uv":[15.4315,19.7427,15.4315,20.2696],"autoUv":false,"rotation":270},"up":{"texture":"#string","uv":[5.2451,19.1118,19.5807,20.1995],"autoUv":false},"down":{"texture":"#string","uv":[5.2451,20.9005,19.5807,19.8128],"autoUv":false,"rotation":180}},"children":[]},{"name":"handle 04.001","from":[-7.9452,-2.1419,1.0645],"to":[-1.4811,-1.4811,1.5953],"rotationOrigin":[0.3304,-1.8115,0.7977],"rotationX":0,"rotationY":0,"rotationZ":-90,"group":"Scene Collection","faces":{"north":{"texture":"#string","uv":[5.2451,18.5217,19.5807,19.8757],"autoUv":false,"rotation":180},"east":{"texture":"#string","uv":[24.69,18.9157,24.69,19.8191],"autoUv":false,"rotation":180},"south":{"texture":"#string","uv":[19.5807,19.0849,5.2451,20.4389],"autoUv":false,"rotation":180},"west":{"texture":"#string","uv":[15.4315,18.4651,15.4315,20.2696],"autoUv":false,"rotation":180},"up":{"texture":"#string","uv":[5.2451,19.9883,19.5807,20.4389],"autoUv":false},"down":{"texture":"#string","uv":[5.2451,18.7464,19.5807,18.2959],"autoUv":false,"rotation":180}},"children":[]},{"name":"handle 05.001","from":[-7.9452,-2.1419,1.0645],"to":[-1.4811,-1.4811,1.5954],"rotationOrigin":[0.3304,-1.8115,0.7977],"rotationY":-90,"rotationZ":-90,"group":"Scene Collection","faces":{"north":{"texture":"#string","uv":[5.2451,17.9519,19.5807,18.5128],"autoUv":false,"rotation":180},"east":{"texture":"#string","uv":[24.69,17.0009,24.69,18.6494],"autoUv":false,"rotation":270},"south":{"texture":"#string","uv":[19.5807,16.5923,5.2451,17.1531],"autoUv":false,"rotation":180},"west":{"texture":"#string","uv":[15.4315,17.5617,15.4315,18.0886],"autoUv":false,"rotation":90},"up":{"texture":"#string","uv":[19.5807,17.6318,5.2451,18.7195],"autoUv":false,"rotation":180},"down":{"texture":"#string","uv":[19.5807,18.0185,5.2451,16.9308],"autoUv":false}},"children":[]},{"name":"handle 06.001","from":[-7.9452,-2.1419,1.0645],"to":[-1.4811,-1.4811,1.5953],"rotationOrigin":[0.3304,-1.8115,0.7977],"rotationX":0,"rotationY":45,"rotationZ":-90.0001,"group":"Scene Collection","faces":{"north":{"texture":"#string","uv":[5.2451,19.3186,19.5807,19.8794],"autoUv":false,"rotation":180},"east":{"texture":"#string","uv":[24.69,19.7427,24.69,20.2696],"autoUv":false,"rotation":90},"south":{"texture":"#string","uv":[19.5807,20.6782,5.2451,21.239],"autoUv":false,"rotation":180},"west":{"texture":"#string","uv":[15.4315,19.1819,15.4315,20.8304],"autoUv":false,"rotation":180},"up":{"texture":"#string","uv":[5.2451,19.8128,19.5807,20.9005],"autoUv":false},"down":{"texture":"#string","uv":[5.2451,20.1995,19.5807,19.1118],"autoUv":false,"rotation":180}},"children":[]},{"name":"handle 07.001","from":[-7.9452,-2.1419,1.0645],"to":[-1.4811,-1.4811,1.5953],"rotationOrigin":[0.3304,-1.8115,0.7977],"rotationX":0,"rotationY":-45,"rotationZ":-90.0001,"group":"Scene Collection","faces":{"north":{"texture":"#string","uv":[5.2451,17.9557,19.5807,19.3096],"autoUv":false,"rotation":180},"east":{"texture":"#string","uv":[24.69,17.5617,24.69,19.3662],"autoUv":false,"rotation":270},"south":{"texture":"#string","uv":[19.5807,17.3925,5.2451,18.7464],"autoUv":false,"rotation":180},"west":{"texture":"#string","uv":[15.4315,18.0123,15.4315,18.9157],"autoUv":false,"rotation":180},"up":{"texture":"#string","uv":[19.5807,19.0849,5.2451,19.5355],"autoUv":false,"rotation":180},"down":{"texture":"#string","uv":[19.5807,17.843,5.2451,17.3925],"autoUv":false}},"children":[]},{"name":"handle 08.001","from":[-7.9452,-2.1419,1.0645],"to":[-1.4811,-1.4811,1.5954],"rotationOrigin":[0.3304,-1.8115,0.7977],"rotationX":0,"rotationY":-135,"rotationZ":-90,"group":"Scene Collection","faces":{"north":{"texture":"#string","uv":[19.5807,17.9519,5.2451,18.5128],"autoUv":false},"east":{"texture":"#string","uv":[24.69,17.5617,24.69,18.0886],"autoUv":false,"rotation":270},"south":{"texture":"#string","uv":[5.2451,16.5923,19.5807,17.1531],"autoUv":false},"west":{"texture":"#string","uv":[15.4315,17.0009,15.4315,18.6494],"autoUv":false,"rotation":90},"up":{"texture":"#string","uv":[19.5807,16.9308,5.2451,18.0185],"autoUv":false,"rotation":180},"down":{"texture":"#string","uv":[19.5807,18.7195,5.2451,17.6318],"autoUv":false}},"children":[]},{"name":"handle.001","from":[-7.9452,-2.1419,1.0645],"to":[-1.4811,-1.4811,1.5953],"rotationOrigin":[0.3304,-1.8115,0.7977],"rotationX":0,"rotationY":135,"rotationZ":-90,"group":"Scene Collection","faces":{"north":{"texture":"#string","uv":[19.5807,18.5217,5.2451,19.8757],"autoUv":false},"east":{"texture":"#string","uv":[24.69,18.4651,24.69,20.2696],"autoUv":false,"rotation":90},"south":{"texture":"#string","uv":[5.2451,19.0849,19.5807,20.4389],"autoUv":false},"west":{"texture":"#string","uv":[15.4315,18.9157,15.4315,19.8191],"autoUv":false},"up":{"texture":"#string","uv":[5.2451,18.2959,19.5807,18.7464],"autoUv":false},"down":{"texture":"#string","uv":[5.2451,20.4389,19.5807,19.9883],"autoUv":false,"rotation":180}},"children":[]},{"name":"string 17","from":[-0.0655,-0.1346,-0.0887],"to":[0.6975,0.465,0.5244],"rotationOrigin":[0.316,0.0435,0.8325],"rotationX":84.666,"rotationY":85.5897,"rotationZ":-95.334,"group":"Scene Collection","faces":{"north":{"texture":"#string","uv":[17.0563,8.5275,18.8741,9.3889],"autoUv":false,"rotation":90},"east":{"texture":"#string","uv":[17.0563,9.6043,18.8741,9.8909],"autoUv":false,"rotation":90},"south":{"texture":"#string","uv":[18.8741,8.8858,17.0563,9.7472],"autoUv":false,"rotation":270},"west":{"texture":"#string","uv":[18.8741,8.5275,17.0563,8.8141],"autoUv":false,"rotation":270},"up":{"texture":"#string","uv":[17.2019,3.7713,17.511,3.8616],"autoUv":false},"down":{"texture":"#string","uv":[17.2791,3.9576,17.4338,3.6752],"autoUv":false,"rotation":180}},"children":[]},{"name":"string 18","from":[-0.1053,-0.338,1.1406],"to":[0.4941,0.4251,1.7536],"rotationOrigin":[0.316,0.0435,0.8325],"rotationX":-6.2425,"rotationY":-134.7596,"rotationZ":-83.7575,"group":"Scene Collection","faces":{"north":{"texture":"#string","uv":[18.8741,9.246,17.0568,10.1074],"autoUv":false},"east":{"texture":"#string","uv":[17.6658,3.7713,17.3567,3.8616],"autoUv":false,"rotation":270},"south":{"texture":"#string","uv":[17.0568,9.6043,18.8741,10.4657],"autoUv":false},"west":{"texture":"#string","uv":[17.4338,3.6752,17.5886,3.9576],"autoUv":false,"rotation":90},"up":{"texture":"#string","uv":[17.0568,9.1023,18.8741,9.3889],"autoUv":false},"down":{"texture":"#string","uv":[17.0568,10.4657,18.8741,10.1791],"autoUv":false,"rotation":180}},"children":[]},{"name":"string 19","from":[-0.1055,-0.338,1.1406],"to":[0.4941,0.4251,1.7536],"rotationOrigin":[0.316,0.0435,0.8325],"rotationX":169.3477,"rotationY":-0.4096,"rotationZ":94.3913,"group":"Scene Collection","faces":{"north":{"texture":"#string","uv":[18.8741,9.753,17.0563,10.1098],"autoUv":false},"east":{"texture":"#string","uv":[17.7618,3.8485,17.4795,4.0032],"autoUv":false},"south":{"texture":"#string","uv":[17.0563,10.618,18.8741,10.9748],"autoUv":false},"west":{"texture":"#string","uv":[17.5755,3.7713,17.6658,4.0804],"autoUv":false},"up":{"texture":"#string","uv":[17.0563,9.6214,18.8741,10.3134],"autoUv":false},"down":{"texture":"#string","uv":[17.0563,10.7595,18.8741,10.0674],"autoUv":false,"rotation":180}},"children":[]},{"name":"string 20","from":[-0.1055,-0.338,1.1406],"to":[0.4941,0.4251,1.7536],"rotationOrigin":[0.316,0.0435,0.8325],"rotationX":-95.3334,"rotationY":94.4103,"rotationZ":-5.3345,"group":"Scene Collection","faces":{"north":{"texture":"#string","uv":[17.0563,9.246,18.8741,10.1074],"autoUv":false,"rotation":180},"east":{"texture":"#string","uv":[17.5886,4.0488,17.4338,4.3312],"autoUv":false,"rotation":90},"south":{"texture":"#string","uv":[18.8741,9.6043,17.0563,10.4657],"autoUv":false,"rotation":180},"west":{"texture":"#string","uv":[17.3567,4.1449,17.6658,4.2352],"autoUv":false,"rotation":270},"up":{"texture":"#string","uv":[17.0563,10.1791,18.8741,10.4657],"autoUv":false},"down":{"texture":"#string","uv":[17.0563,9.3889,18.8741,9.1023],"autoUv":false,"rotation":180}},"children":[]},{"name":"string 21","from":[-0.1055,-0.338,1.1406],"to":[0.4941,0.4251,1.7536],"rotationOrigin":[0.316,0.0435,0.8325],"rotationX":-10.6523,"rotationY":0.4096,"rotationZ":-94.3913,"group":"Scene Collection","faces":{"north":{"texture":"#string","uv":[17.0563,8.8834,18.8741,9.2402],"autoUv":false,"rotation":180},"east":{"texture":"#string","uv":[17.3882,4.0032,17.1059,4.158],"autoUv":false,"rotation":180},"south":{"texture":"#string","uv":[18.8741,8.0184,17.0563,8.3752],"autoUv":false,"rotation":180},"west":{"texture":"#string","uv":[17.2019,3.9261,17.2922,4.2352],"autoUv":false,"rotation":180},"up":{"texture":"#string","uv":[18.8741,8.6798,17.0563,9.3718],"autoUv":false,"rotation":180},"down":{"texture":"#string","uv":[18.8741,8.9258,17.0563,8.2337],"autoUv":false}},"children":[]},{"name":"string 22","from":[-0.1054,-0.338,1.1406],"to":[0.4941,0.4251,1.7536],"rotationOrigin":[0.316,0.0435,0.8325],"rotationX":-15,"rotationY":135.5764,"rotationZ":-83.8457,"group":"Scene Collection","faces":{"north":{"texture":"#string","uv":[17.0566,9.753,18.8741,10.1098],"autoUv":false,"rotation":180},"east":{"texture":"#string","uv":[17.6658,3.9261,17.5755,4.2352],"autoUv":false},"south":{"texture":"#string","uv":[18.8741,10.618,17.0566,10.9748],"autoUv":false,"rotation":180},"west":{"texture":"#string","uv":[17.4795,4.0032,17.7618,4.158],"autoUv":false},"up":{"texture":"#string","uv":[17.0566,10.0674,18.8741,10.7595],"autoUv":false},"down":{"texture":"#string","uv":[17.0566,10.3134,18.8741,9.6214],"autoUv":false,"rotation":180}},"children":[]},{"name":"string 23","from":[-0.1053,-0.338,1.1406],"to":[0.4941,0.4251,1.7536],"rotationOrigin":[0.316,0.0435,0.8325],"rotationX":-6.2425,"rotationY":45.2404,"rotationZ":-96.2425,"group":"Scene Collection","faces":{"north":{"texture":"#string","uv":[17.057,8.8858,18.8741,9.7472],"autoUv":false,"rotation":180},"east":{"texture":"#string","uv":[17.511,4.1449,17.2019,4.2352],"autoUv":false,"rotation":90},"south":{"texture":"#string","uv":[18.8741,8.5275,17.057,9.3889],"autoUv":false,"rotation":180},"west":{"texture":"#string","uv":[17.2791,4.0488,17.4338,4.3312],"autoUv":false,"rotation":270},"up":{"texture":"#string","uv":[18.8741,9.6043,17.057,9.8909],"autoUv":false,"rotation":180},"down":{"texture":"#string","uv":[18.8741,8.8141,17.057,8.5275],"autoUv":false}},"children":[]},{"name":"string 24","from":[-0.1051,-0.338,1.1406],"to":[0.4941,0.4251,1.7536],"rotationOrigin":[0.316,0.0435,0.8325],"rotationX":-15,"rotationY":-44.4236,"rotationZ":-96.1543,"group":"Scene Collection","faces":{"north":{"texture":"#string","uv":[18.8741,8.8834,17.0573,9.2402],"autoUv":false},"east":{"texture":"#string","uv":[17.2922,3.7713,17.2019,4.0804],"autoUv":false,"rotation":180},"south":{"texture":"#string","uv":[17.0573,8.0184,18.8741,8.3752],"autoUv":false},"west":{"texture":"#string","uv":[17.1059,3.8485,17.3882,4.0032],"autoUv":false,"rotation":180},"up":{"texture":"#string","uv":[18.8741,8.2337,17.0573,8.9258],"autoUv":false,"rotation":180},"down":{"texture":"#string","uv":[18.8741,9.3718,17.0573,8.6798],"autoUv":false}},"children":[]},{"name":"string 25","from":[-0.0094,-0.9059,-0.1033],"to":[0.7036,-0.3457,0.4694],"rotationOrigin":[0.3471,-0.7395,0.7573],"rotationX":-85.0195,"rotationY":85.8808,"rotationZ":94.9808,"group":"Scene Collection","faces":{"north":{"texture":"#string","uv":[15.0892,11.5264,16.907,12.3879],"autoUv":false,"rotation":90},"east":{"texture":"#string","uv":[15.0892,12.6033,16.907,12.8899],"autoUv":false,"rotation":90},"south":{"texture":"#string","uv":[16.907,11.8848,15.0892,12.7462],"autoUv":false,"rotation":270},"west":{"texture":"#string","uv":[16.907,11.5265,15.0892,11.8131],"autoUv":false,"rotation":270},"up":{"texture":"#string","uv":[9.2153,1.2414,9.5244,1.3316],"autoUv":false},"down":{"texture":"#string","uv":[9.2925,1.4277,9.4472,1.1453],"autoUv":false,"rotation":180}},"children":[]},{"name":"string 26","from":[-0.0465,-1.096,1.0452],"to":[0.5135,-0.383,1.618],"rotationOrigin":[0.3471,-0.7395,0.7573],"rotationX":5.8297,"rotationY":-134.7903,"rotationZ":-95.8298,"group":"Scene Collection","faces":{"north":{"texture":"#string","uv":[16.907,12.2449,15.0897,13.1064],"autoUv":false},"east":{"texture":"#string","uv":[9.6792,1.2414,9.3701,1.3316],"autoUv":false,"rotation":270},"south":{"texture":"#string","uv":[15.0897,12.6033,16.907,13.4647],"autoUv":false},"west":{"texture":"#string","uv":[9.4472,1.1453,9.602,1.4277],"autoUv":false,"rotation":90},"up":{"texture":"#string","uv":[15.0897,12.1012,16.907,12.3879],"autoUv":false},"down":{"texture":"#string","uv":[15.0897,13.4647,16.907,13.178],"autoUv":false,"rotation":180}},"children":[]},{"name":"string 27","from":[-0.0467,-1.096,1.0452],"to":[0.5135,-0.383,1.618],"rotationOrigin":[0.3471,-0.7395,0.7573],"rotationX":-170.0515,"rotationY":-0.3573,"rotationZ":85.8964,"group":"Scene Collection","faces":{"north":{"texture":"#string","uv":[16.907,12.7519,15.0892,13.1087],"autoUv":false},"east":{"texture":"#string","uv":[9.7752,1.3186,9.4928,1.4733],"autoUv":false},"south":{"texture":"#string","uv":[15.0892,13.617,16.907,13.9738],"autoUv":false},"west":{"texture":"#string","uv":[9.5889,1.2414,9.6792,1.5505],"autoUv":false},"up":{"texture":"#string","uv":[15.0892,12.6204,16.907,13.3124],"autoUv":false},"down":{"texture":"#string","uv":[15.0892,13.7584,16.907,13.0664],"autoUv":false,"rotation":180}},"children":[]},{"name":"string 28","from":[-0.0467,-1.096,1.0452],"to":[0.5135,-0.383,1.618],"rotationOrigin":[0.3471,-0.7395,0.7573],"rotationX":-85.0196,"rotationY":85.8809,"rotationZ":4.981,"group":"Scene Collection","faces":{"north":{"texture":"#string","uv":[15.0892,12.2449,16.907,13.1064],"autoUv":false,"rotation":180},"east":{"texture":"#string","uv":[9.602,1.5189,9.4472,1.8013],"autoUv":false,"rotation":90},"south":{"texture":"#string","uv":[16.907,12.6032,15.0892,13.4647],"autoUv":false,"rotation":180},"west":{"texture":"#string","uv":[9.3701,1.615,9.6792,1.7052],"autoUv":false,"rotation":270},"up":{"texture":"#string","uv":[15.0892,13.178,16.907,13.4647],"autoUv":false},"down":{"texture":"#string","uv":[15.0892,12.3879,16.907,12.1012],"autoUv":false,"rotation":180}},"children":[]},{"name":"string 29","from":[-0.0467,-1.096,1.0452],"to":[0.5135,-0.383,1.618],"rotationOrigin":[0.3471,-0.7395,0.7573],"rotationX":9.9485,"rotationY":0.3573,"rotationZ":-85.8963,"group":"Scene Collection","faces":{"north":{"texture":"#string","uv":[15.0892,11.8824,16.907,12.2392],"autoUv":false,"rotation":180},"east":{"texture":"#string","uv":[9.4016,1.4733,9.1192,1.6281],"autoUv":false,"rotation":180},"south":{"texture":"#string","uv":[16.907,11.0173,15.0892,11.3742],"autoUv":false,"rotation":180},"west":{"texture":"#string","uv":[9.2153,1.3961,9.3056,1.7052],"autoUv":false,"rotation":180},"up":{"texture":"#string","uv":[16.907,11.6787,15.0892,12.3708],"autoUv":false,"rotation":180},"down":{"texture":"#string","uv":[16.907,11.9247,15.0892,11.2327],"autoUv":false}},"children":[]},{"name":"string 30","from":[-0.0466,-1.096,1.0452],"to":[0.5135,-0.383,1.618],"rotationOrigin":[0.3471,-0.7395,0.7573],"rotationX":14.0166,"rotationY":135.5031,"rotationZ":-95.7578,"group":"Scene Collection","faces":{"north":{"texture":"#string","uv":[15.0895,12.7519,16.907,13.1087],"autoUv":false,"rotation":180},"east":{"texture":"#string","uv":[9.6792,1.3961,9.5889,1.7052],"autoUv":false},"south":{"texture":"#string","uv":[16.907,13.617,15.0895,13.9738],"autoUv":false,"rotation":180},"west":{"texture":"#string","uv":[9.4928,1.4733,9.7752,1.6281],"autoUv":false},"up":{"texture":"#string","uv":[15.0895,13.0664,16.907,13.7584],"autoUv":false},"down":{"texture":"#string","uv":[15.0895,13.3124,16.907,12.6204],"autoUv":false,"rotation":180}},"children":[]},{"name":"string 31","from":[-0.0465,-1.096,1.0452],"to":[0.5135,-0.383,1.618],"rotationOrigin":[0.3471,-0.7395,0.7573],"rotationX":5.8298,"rotationY":45.2097,"rotationZ":-84.1703,"group":"Scene Collection","faces":{"north":{"texture":"#string","uv":[15.0899,11.8848,16.907,12.7462],"autoUv":false,"rotation":180},"east":{"texture":"#string","uv":[9.5244,1.615,9.2153,1.7052],"autoUv":false,"rotation":90},"south":{"texture":"#string","uv":[16.907,11.5264,15.0899,12.3879],"autoUv":false,"rotation":180},"west":{"texture":"#string","uv":[9.2925,1.5189,9.4472,1.8013],"autoUv":false,"rotation":270},"up":{"texture":"#string","uv":[16.907,12.6033,15.0899,12.8899],"autoUv":false,"rotation":180},"down":{"texture":"#string","uv":[16.907,11.8131,15.0899,11.5264],"autoUv":false}},"children":[]},{"name":"string 32","from":[-0.0464,-1.096,1.0452],"to":[0.5135,-0.383,1.618],"rotationOrigin":[0.3471,-0.7395,0.7573],"rotationX":14.0166,"rotationY":-44.4969,"rotationZ":-84.2422,"group":"Scene Collection","faces":{"north":{"texture":"#string","uv":[16.907,11.8824,15.0902,12.2392],"autoUv":false},"east":{"texture":"#string","uv":[9.3056,1.2414,9.2153,1.5505],"autoUv":false,"rotation":180},"south":{"texture":"#string","uv":[15.0902,11.0173,16.907,11.3742],"autoUv":false},"west":{"texture":"#string","uv":[9.1192,1.3186,9.4016,1.4733],"autoUv":false,"rotation":180},"up":{"texture":"#string","uv":[16.907,11.2327,15.0902,11.9247],"autoUv":false,"rotation":180},"down":{"texture":"#string","uv":[16.907,12.3708,15.0902,11.6787],"autoUv":false}},"children":[]},{"name":"string 33","from":[1.8218,-1.2134,1.3245],"to":[2.1665,-0.824,2.3487],"rotationOrigin":[2.0718,-1.0187,0.8487],"rotationX":38.7536,"rotationY":-117.9749,"rotationZ":-54.6673,"group":"Scene Collection","faces":{"north":{"texture":"#string","uv":[18.4463,4.6783,19.0172,5.3231],"autoUv":false,"rotation":180},"east":{"texture":"#string","uv":[22.3622,6.5519,23.007,8.2481],"autoUv":false,"rotation":90},"south":{"texture":"#string","uv":[19.0172,4.6783,19.5882,5.3231],"autoUv":false,"rotation":180},"west":{"texture":"#string","uv":[22.3622,4.8556,23.007,6.5519],"autoUv":false,"rotation":90},"up":{"texture":"#string","uv":[23.007,4.8556,23.578,6.5519],"autoUv":false},"down":{"texture":"#string","uv":[23.578,8.2481,23.007,6.5519],"autoUv":false}},"children":[]}]}]}],"groups":[]}