{"textureWidth":16,"textureHeight":16,"textures":{"material":"game:block/metal/ingot/copper","handle":"game:item/tool/material/handle","string":"game:item/tool/material/string"},"textureSizes":{"material":[32,32],"handle":[32,32],"string":[32,32]},"elements":[{"name":"origin","from":[6.8381,0.4315,7.629],"to":[6.8381,0.4315,7.629],"rotationOrigin":[16.0234,0.5,7.7079],"rotationX":-90,"group":"Scene Collection","faces":{"north":{"texture":"#0","uv":[0,0,4,4],"autoUv":false},"east":{"texture":"#0","uv":[0,0,4,4],"autoUv":false},"south":{"texture":"#0","uv":[0,0,4,4],"autoUv":false},"west":{"texture":"#0","uv":[0,0,4,4],"autoUv":false},"up":{"texture":"#material","uv":[0,32,0,32],"autoUv":false},"down":{"texture":"#0","uv":[0,0,4,4],"autoUv":false}},"children":[{"name":"handle","from":[-6.9172,-0.019,0.5748],"to":[1.9228,0.59,1.0641],"rotationOrigin":[0.7098,0.2855,0.3289],"rotationX":22.5,"rotationY":0,"rotationZ":0,"group":"Scene Collection","faces":{"north":{"texture":"#handle","uv":[26.5169,18.5217,5.2451,19.8757],"autoUv":false},"east":{"texture":"#handle","uv":[24.69,18.4651,24.69,20.2696],"autoUv":false,"rotation":90},"south":{"texture":"#handle","uv":[5.2451,19.0849,26.5169,20.4389],"autoUv":false},"west":{"texture":"#handle","uv":[15.4315,18.9157,15.4315,19.8191],"autoUv":false},"up":{"texture":"#handle","uv":[5.2451,18.2959,26.5169,18.7464],"autoUv":false},"down":{"texture":"#handle","uv":[5.2451,20.4389,26.5169,19.9883],"autoUv":false,"rotation":180}},"children":[{"name":"handle 01","from":[-16,0,0],"to":[0,0.609,0.4893],"rotationOrigin":[-8.3729,0.3045,-0.2459],"rotationX":0,"rotationY":0,"rotationZ":0,"group":"Scene Collection","faces":{"north":{"texture":"#handle","uv":[31.8137,18.5217,0.1505,19.8757],"autoUv":false},"east":{"texture":"#handle","uv":[16.1421,18.4651,16.1421,20.2696],"autoUv":false},"south":{"texture":"#handle","uv":[0.1505,19.0849,31.8137,20.4389],"autoUv":false},"west":{"texture":"#handle","uv":[8.5278,18.9157,8.5278,19.8191],"autoUv":false},"up":{"texture":"#handle","uv":[0.1505,18.2959,31.8137,18.7464],"autoUv":false},"down":{"texture":"#handle","uv":[0.1505,20.4389,31.8137,19.9883],"autoUv":false,"rotation":180}},"children":[]},{"name":"handle 01.001","from":[-30.6741,0,0],"to":[-16,0.609,0.4893],"rotationOrigin":[-24.3729,0.3045,-0.2459],"rotationX":0,"rotationY":0,"rotationZ":0,"group":"Scene Collection","faces":{"north":{"texture":"#handle","uv":[31.8137,18.5217,2.7744,19.8757],"autoUv":false},"east":{"texture":"#handle","uv":[16.1421,18.4651,16.1421,20.2696],"autoUv":false},"south":{"texture":"#handle","uv":[2.7744,19.0849,31.8137,20.4389],"autoUv":false},"west":{"texture":"#handle","uv":[8.5278,18.9157,8.5278,19.8191],"autoUv":false},"up":{"texture":"#handle","uv":[2.7744,18.2959,31.8137,18.7464],"autoUv":false},"down":{"texture":"#handle","uv":[2.7744,20.4389,31.8137,19.9883],"autoUv":false,"rotation":180}},"children":[]},{"name":"handle 02","from":[7.3225,-0.9085,-0.9811],"to":[7.9316,7.9316,-0.4918],"rotationOrigin":[7.6271,0.3045,-0.2459],"rotationX":135,"rotationY":0,"rotationZ":90.0001,"group":"Scene Collection","faces":{"north":{"texture":"#handle","uv":[5.2451,17.3925,26.5169,18.7464],"autoUv":false,"rotation":90},"east":{"texture":"#handle","uv":[5.2451,19.0849,26.5169,19.5355],"autoUv":false,"rotation":90},"south":{"texture":"#handle","uv":[26.5169,17.9557,5.2451,19.3096],"autoUv":false,"rotation":270},"west":{"texture":"#handle","uv":[26.5169,17.3925,5.2451,17.843],"autoUv":false,"rotation":270},"up":{"texture":"#handle","uv":[15.4315,17.5617,15.4315,19.3662],"autoUv":false},"down":{"texture":"#handle","uv":[24.69,18.9157,24.69,18.0123],"autoUv":false,"rotation":270}},"children":[]},{"name":"handle 03","from":[0,0,0],"to":[8.84,0.609,0.4893],"rotationOrigin":[7.6271,0.3045,-0.2459],"rotationX":45,"rotationY":0,"rotationZ":0,"group":"Scene Collection","faces":{"north":{"texture":"#handle","uv":[26.5169,19.3186,5.2451,19.8794],"autoUv":false},"east":{"texture":"#handle","uv":[24.69,19.1819,24.69,20.8304],"autoUv":false,"rotation":90},"south":{"texture":"#handle","uv":[5.2451,20.6782,26.5169,21.239],"autoUv":false},"west":{"texture":"#handle","uv":[15.4315,19.7427,15.4315,20.2696],"autoUv":false,"rotation":270},"up":{"texture":"#handle","uv":[5.2451,19.1118,26.5169,20.1995],"autoUv":false},"down":{"texture":"#handle","uv":[5.2451,20.9005,26.5169,19.8128],"autoUv":false,"rotation":180}},"children":[]},{"name":"handle 04","from":[0,0,0],"to":[8.84,0.609,0.4893],"rotationOrigin":[7.6271,0.3045,-0.2459],"rotationX":135,"rotationY":0,"rotationZ":0,"group":"Scene Collection","faces":{"north":{"texture":"#handle","uv":[5.2451,18.5217,26.5169,19.8757],"autoUv":false,"rotation":180},"east":{"texture":"#handle","uv":[24.69,18.9157,24.69,19.8191],"autoUv":false,"rotation":180},"south":{"texture":"#handle","uv":[26.5169,19.0849,5.2451,20.4389],"autoUv":false,"rotation":180},"west":{"texture":"#handle","uv":[15.4315,18.4651,15.4315,20.2696],"autoUv":false,"rotation":180},"up":{"texture":"#handle","uv":[5.2451,19.9883,26.5169,20.4389],"autoUv":false},"down":{"texture":"#handle","uv":[5.2451,18.7464,26.5169,18.2959],"autoUv":false,"rotation":180}},"children":[]},{"name":"handle 05","from":[0,0,0],"to":[8.84,0.609,0.4893],"rotationOrigin":[7.6271,0.3045,-0.2459],"rotationX":-135,"rotationY":0,"rotationZ":0,"group":"Scene Collection","faces":{"north":{"texture":"#handle","uv":[5.2451,17.9519,26.5169,18.5128],"autoUv":false,"rotation":180},"east":{"texture":"#handle","uv":[24.69,17.0009,24.69,18.6494],"autoUv":false,"rotation":270},"south":{"texture":"#handle","uv":[26.5169,16.5923,5.2451,17.1531],"autoUv":false,"rotation":180},"west":{"texture":"#handle","uv":[15.4315,17.5617,15.4315,18.0886],"autoUv":false,"rotation":90},"up":{"texture":"#handle","uv":[26.5169,17.6318,5.2451,18.7195],"autoUv":false,"rotation":180},"down":{"texture":"#handle","uv":[26.5169,18.0185,5.2451,16.9308],"autoUv":false}},"children":[]},{"name":"handle 06","from":[0,0,0],"to":[8.84,0.609,0.4893],"rotationOrigin":[7.6271,0.3045,-0.2459],"rotationX":90,"rotationY":0,"rotationZ":0,"group":"Scene Collection","faces":{"north":{"texture":"#handle","uv":[5.2451,19.3186,26.5169,19.8794],"autoUv":false,"rotation":180},"east":{"texture":"#handle","uv":[24.69,19.7427,24.69,20.2696],"autoUv":false,"rotation":90},"south":{"texture":"#handle","uv":[26.5169,20.6782,5.2451,21.239],"autoUv":false,"rotation":180},"west":{"texture":"#handle","uv":[15.4315,19.1819,15.4315,20.8304],"autoUv":false,"rotation":180},"up":{"texture":"#handle","uv":[5.2451,19.8128,26.5169,20.9005],"autoUv":false},"down":{"texture":"#handle","uv":[5.2451,20.1995,26.5169,19.1118],"autoUv":false,"rotation":180}},"children":[]},{"name":"handle 07","from":[0,0,0],"to":[8.84,0.609,0.4893],"rotationOrigin":[7.6271,0.3045,-0.2459],"rotationX":-180,"rotationY":0,"rotationZ":0,"group":"Scene Collection","faces":{"north":{"texture":"#handle","uv":[5.2451,17.9557,26.5169,19.3096],"autoUv":false,"rotation":180},"east":{"texture":"#handle","uv":[24.69,17.5617,24.69,19.3662],"autoUv":false,"rotation":270},"south":{"texture":"#handle","uv":[26.5169,17.3925,5.2451,18.7464],"autoUv":false,"rotation":180},"west":{"texture":"#handle","uv":[15.4315,18.0123,15.4315,18.9157],"autoUv":false,"rotation":180},"up":{"texture":"#handle","uv":[26.5169,19.0849,5.2451,19.5355],"autoUv":false,"rotation":180},"down":{"texture":"#handle","uv":[26.5169,17.843,5.2451,17.3925],"autoUv":false}},"children":[]},{"name":"handle 08","from":[0,0,0],"to":[8.84,0.609,0.4893],"rotationOrigin":[7.6271,0.3045,-0.2459],"rotationX":-90,"rotationY":0,"rotationZ":0,"group":"Scene Collection","faces":{"north":{"texture":"#handle","uv":[26.5169,17.9519,5.2451,18.5128],"autoUv":false},"east":{"texture":"#handle","uv":[24.69,17.5617,24.69,18.0886],"autoUv":false,"rotation":270},"south":{"texture":"#handle","uv":[5.2451,16.5923,26.5169,17.1531],"autoUv":false},"west":{"texture":"#handle","uv":[15.4315,17.0009,15.4315,18.6494],"autoUv":false,"rotation":90},"up":{"texture":"#handle","uv":[26.5169,16.9308,5.2451,18.0185],"autoUv":false,"rotation":180},"down":{"texture":"#handle","uv":[26.5169,18.7195,5.2451,17.6318],"autoUv":false}},"children":[]},{"name":"handle 09","from":[-8.6775,-8.0684,-0.9811],"to":[-8.0684,7.9316,-0.4918],"rotationOrigin":[-8.3729,0.3045,-0.2459],"rotationX":135,"rotationY":0,"rotationZ":90,"group":"Scene Collection","faces":{"north":{"texture":"#handle","uv":[0.1505,17.3925,31.8137,18.7464],"autoUv":false,"rotation":90},"east":{"texture":"#handle","uv":[0.1505,19.0849,31.8137,19.5355],"autoUv":false,"rotation":90},"south":{"texture":"#handle","uv":[31.8137,17.9557,0.1505,19.3096],"autoUv":false,"rotation":270},"west":{"texture":"#handle","uv":[31.8137,17.3925,0.1506,17.843],"autoUv":false,"rotation":270},"up":{"texture":"#handle","uv":[8.5278,17.5617,8.5278,19.3662],"autoUv":false},"down":{"texture":"#handle","uv":[16.1421,18.9157,16.1421,18.0123],"autoUv":false}},"children":[]},{"name":"handle 09.001","from":[-24.6775,-8.0684,-0.9811],"to":[-24.0684,6.6057,-0.4918],"rotationOrigin":[-24.3729,0.3045,-0.2459],"rotationX":135,"rotationY":0,"rotationZ":90,"group":"Scene Collection","faces":{"north":{"texture":"#handle","uv":[2.7744,17.3925,31.8137,18.7464],"autoUv":false,"rotation":90},"east":{"texture":"#handle","uv":[2.7744,19.0849,31.8137,19.5355],"autoUv":false,"rotation":90},"south":{"texture":"#handle","uv":[31.8137,17.9557,2.7744,19.3096],"autoUv":false,"rotation":270},"west":{"texture":"#handle","uv":[31.8137,17.3925,2.7744,17.843],"autoUv":false,"rotation":270},"up":{"texture":"#handle","uv":[8.5278,17.5617,8.5278,19.3662],"autoUv":false,"rotation":270},"down":{"texture":"#handle","uv":[16.1421,18.9157,16.1421,18.0123],"autoUv":false}},"children":[]},{"name":"handle 10","from":[-16,0,0],"to":[0,0.609,0.4893],"rotationOrigin":[-8.3729,0.3045,-0.2459],"rotationX":45,"rotationY":0,"rotationZ":0,"group":"Scene Collection","faces":{"north":{"texture":"#handle","uv":[31.8137,19.3186,0.1505,19.8794],"autoUv":false},"east":{"texture":"#handle","uv":[16.1421,19.1819,16.1421,20.8304],"autoUv":false,"rotation":90},"south":{"texture":"#handle","uv":[0.1505,20.6782,31.8137,21.239],"autoUv":false},"west":{"texture":"#handle","uv":[8.5278,19.7427,8.5278,20.2696],"autoUv":false,"rotation":270},"up":{"texture":"#handle","uv":[0.1506,19.1118,31.8137,20.1995],"autoUv":false},"down":{"texture":"#handle","uv":[0.1506,20.9005,31.8137,19.8129],"autoUv":false,"rotation":180}},"children":[]},{"name":"handle 10.001","from":[-30.6741,0,0],"to":[-16,0.609,0.4893],"rotationOrigin":[-24.3729,0.3045,-0.2459],"rotationX":45,"rotationY":0,"rotationZ":0,"group":"Scene Collection","faces":{"north":{"texture":"#handle","uv":[31.8137,19.3186,2.7744,19.8461],"autoUv":false},"east":{"texture":"#handle","uv":[16.1421,19.1819,16.1421,20.8304],"autoUv":false,"rotation":90},"south":{"texture":"#handle","uv":[2.7744,20.6782,31.8137,21.239],"autoUv":false},"west":{"texture":"#handle","uv":[8.5278,19.7427,8.5278,20.2696],"autoUv":false,"rotation":270},"up":{"texture":"#handle","uv":[2.7744,19.1118,31.8137,20.1995],"autoUv":false},"down":{"texture":"#handle","uv":[2.7744,20.9005,31.8137,19.8129],"autoUv":false,"rotation":180}},"children":[]},{"name":"handle 11","from":[-16,0,0],"to":[0,0.609,0.4893],"rotationOrigin":[-8.3729,0.3045,-0.2459],"rotationX":135,"rotationY":0,"rotationZ":0,"group":"Scene Collection","faces":{"north":{"texture":"#handle","uv":[0.1505,18.5217,31.8137,19.8757],"autoUv":false,"rotation":180},"east":{"texture":"#handle","uv":[16.1421,18.9157,16.1421,19.8191],"autoUv":false,"rotation":180},"south":{"texture":"#handle","uv":[31.8137,19.0849,0.1505,20.4389],"autoUv":false,"rotation":180},"west":{"texture":"#handle","uv":[8.5278,18.4651,8.5278,20.2696],"autoUv":false,"rotation":270},"up":{"texture":"#handle","uv":[0.1506,19.9883,31.8137,20.4389],"autoUv":false},"down":{"texture":"#handle","uv":[0.1505,18.7464,31.8137,18.2959],"autoUv":false,"rotation":180}},"children":[]},{"name":"handle 11.001","from":[-30.6741,0,0],"to":[-16,0.609,0.4893],"rotationOrigin":[-24.3729,0.3045,-0.2459],"rotationX":135,"rotationY":0,"rotationZ":0,"group":"Scene Collection","faces":{"north":{"texture":"#handle","uv":[2.7744,18.5217,31.8137,19.8757],"autoUv":false,"rotation":180},"east":{"texture":"#handle","uv":[16.1421,18.9157,16.1421,19.8191],"autoUv":false,"rotation":180},"south":{"texture":"#handle","uv":[31.8137,19.0849,2.7744,20.4389],"autoUv":false,"rotation":180},"west":{"texture":"#handle","uv":[8.5278,18.4651,8.5278,20.2696],"autoUv":false,"rotation":270},"up":{"texture":"#handle","uv":[2.7744,19.9883,31.8137,20.4389],"autoUv":false},"down":{"texture":"#handle","uv":[2.7744,18.7464,31.8137,18.2959],"autoUv":false,"rotation":180}},"children":[]},{"name":"handle 12","from":[-16,0,0],"to":[0,0.609,0.4893],"rotationOrigin":[-8.3729,0.3045,-0.2459],"rotationX":-135,"rotationY":0,"rotationZ":0,"group":"Scene Collection","faces":{"north":{"texture":"#handle","uv":[0.1505,17.9519,31.8137,18.5128],"autoUv":false,"rotation":180},"east":{"texture":"#handle","uv":[16.1421,17.0009,16.1421,18.6494],"autoUv":false,"rotation":270},"south":{"texture":"#handle","uv":[31.8137,16.5923,0.1505,17.1531],"autoUv":false,"rotation":180},"west":{"texture":"#handle","uv":[8.5278,17.5617,8.5278,18.0886],"autoUv":false},"up":{"texture":"#handle","uv":[31.8137,17.6318,0.1506,18.7195],"autoUv":false,"rotation":180},"down":{"texture":"#handle","uv":[31.8137,18.0185,0.1505,16.9308],"autoUv":false}},"children":[]},{"name":"handle 12.001","from":[-30.6741,0,0],"to":[-16,0.609,0.4893],"rotationOrigin":[-24.3729,0.3045,-0.2459],"rotationX":-135,"rotationY":0,"rotationZ":0,"group":"Scene Collection","faces":{"north":{"texture":"#handle","uv":[2.7744,17.9852,31.8137,18.5128],"autoUv":false,"rotation":180},"east":{"texture":"#handle","uv":[16.1421,17.0009,16.1421,18.6494],"autoUv":false,"rotation":270},"south":{"texture":"#handle","uv":[31.8137,16.5923,2.7744,17.1531],"autoUv":false,"rotation":180},"west":{"texture":"#handle","uv":[8.5278,17.5617,8.5278,18.0886],"autoUv":false},"up":{"texture":"#handle","uv":[31.8137,17.6318,2.7744,18.7195],"autoUv":false,"rotation":180},"down":{"texture":"#handle","uv":[31.8137,18.0185,2.7744,16.9308],"autoUv":false}},"children":[]},{"name":"handle 13","from":[-16,0,0],"to":[0,0.609,0.4893],"rotationOrigin":[-8.3729,0.3045,-0.2459],"rotationX":90,"rotationY":0,"rotationZ":0,"group":"Scene Collection","faces":{"north":{"texture":"#handle","uv":[0.1505,19.3186,31.8137,19.8794],"autoUv":false,"rotation":180},"east":{"texture":"#handle","uv":[16.1421,19.7427,16.1421,20.2696],"autoUv":false,"rotation":90},"south":{"texture":"#handle","uv":[31.8137,20.6782,0.1505,21.239],"autoUv":false,"rotation":180},"west":{"texture":"#handle","uv":[8.5278,19.1819,8.5278,20.8304],"autoUv":false,"rotation":180},"up":{"texture":"#handle","uv":[0.1505,19.8128,31.8137,20.9005],"autoUv":false},"down":{"texture":"#handle","uv":[0.1505,20.1995,31.8137,19.1118],"autoUv":false,"rotation":180}},"children":[]},{"name":"handle 13.001","from":[-30.6741,0,0],"to":[-16,0.609,0.4893],"rotationOrigin":[-24.3729,0.3045,-0.2459],"rotationX":90,"rotationY":0,"rotationZ":0,"group":"Scene Collection","faces":{"north":{"texture":"#handle","uv":[2.7744,19.3186,31.8137,19.8794],"autoUv":false,"rotation":180},"east":{"texture":"#handle","uv":[16.1421,19.7427,16.1421,20.2696],"autoUv":false,"rotation":90},"south":{"texture":"#handle","uv":[31.8137,20.6782,2.7744,21.239],"autoUv":false,"rotation":180},"west":{"texture":"#handle","uv":[8.5278,19.1819,8.5278,20.8304],"autoUv":false,"rotation":180},"up":{"texture":"#handle","uv":[2.7744,19.8461,31.8137,20.9005],"autoUv":false},"down":{"texture":"#handle","uv":[2.7744,20.1995,31.8137,19.1118],"autoUv":false,"rotation":180}},"children":[]},{"name":"handle 14","from":[-16,0,0],"to":[0,0.609,0.4893],"rotationOrigin":[-8.3729,0.3045,-0.2459],"rotationX":-180,"rotationY":0,"rotationZ":0,"group":"Scene Collection","faces":{"north":{"texture":"#handle","uv":[0.1506,17.9557,31.8137,19.3096],"autoUv":false,"rotation":180},"east":{"texture":"#handle","uv":[16.1421,17.5617,16.1421,19.3662],"autoUv":false,"rotation":180},"south":{"texture":"#handle","uv":[31.8137,17.3925,0.1506,18.7464],"autoUv":false,"rotation":180},"west":{"texture":"#handle","uv":[8.5278,18.0123,8.5278,18.9157],"autoUv":false,"rotation":180},"up":{"texture":"#handle","uv":[31.8137,19.0849,0.1506,19.5355],"autoUv":false,"rotation":180},"down":{"texture":"#handle","uv":[31.8137,17.843,0.1505,17.3925],"autoUv":false}},"children":[]},{"name":"handle 14.001","from":[-30.6741,0,0],"to":[-16,0.609,0.4893],"rotationOrigin":[-24.3729,0.3045,-0.2459],"rotationX":-180,"rotationY":0,"rotationZ":0,"group":"Scene Collection","faces":{"north":{"texture":"#handle","uv":[2.7744,17.9557,31.8137,19.3096],"autoUv":false,"rotation":180},"east":{"texture":"#handle","uv":[16.1421,17.5617,16.1421,19.3662],"autoUv":false,"rotation":180},"south":{"texture":"#handle","uv":[31.8137,17.3925,2.7744,18.7464],"autoUv":false,"rotation":180},"west":{"texture":"#handle","uv":[8.5278,18.0123,8.5278,18.9157],"autoUv":false,"rotation":180},"up":{"texture":"#handle","uv":[31.8137,19.0849,2.7744,19.5355],"autoUv":false,"rotation":180},"down":{"texture":"#handle","uv":[31.8137,17.843,2.7744,17.3925],"autoUv":false}},"children":[]},{"name":"handle 15","from":[-16,0,0],"to":[0,0.609,0.4893],"rotationOrigin":[-8.3729,0.3045,-0.2459],"rotationX":-90,"rotationY":0,"rotationZ":0,"group":"Scene Collection","faces":{"north":{"texture":"#handle","uv":[31.8137,17.9519,0.1505,18.5128],"autoUv":false},"east":{"texture":"#handle","uv":[16.1421,17.5617,16.1421,18.0886],"autoUv":false,"rotation":270},"south":{"texture":"#handle","uv":[0.1505,16.5923,31.8137,17.1531],"autoUv":false},"west":{"texture":"#handle","uv":[8.5278,17.0009,8.5278,18.6494],"autoUv":false,"rotation":90},"up":{"texture":"#handle","uv":[31.8137,16.9308,0.1505,18.0185],"autoUv":false,"rotation":180},"down":{"texture":"#handle","uv":[31.8137,18.7195,0.1506,17.6318],"autoUv":false}},"children":[]},{"name":"handle 15.001","from":[-30.6741,0,0],"to":[-16,0.609,0.4893],"rotationOrigin":[-24.3729,0.3045,-0.2459],"rotationX":-90,"rotationY":0,"rotationZ":0,"group":"Scene Collection","faces":{"north":{"texture":"#handle","uv":[31.8137,17.9519,2.7744,18.5128],"autoUv":false},"east":{"texture":"#handle","uv":[16.1421,17.5617,16.1421,18.0886],"autoUv":false,"rotation":270},"south":{"texture":"#handle","uv":[2.7744,16.5923,31.8137,17.1531],"autoUv":false},"west":{"texture":"#handle","uv":[8.5278,17.0009,8.5278,18.6494],"autoUv":false,"rotation":90},"up":{"texture":"#handle","uv":[31.8137,16.9308,2.7744,17.9852],"autoUv":false,"rotation":180},"down":{"texture":"#handle","uv":[31.8137,18.7195,2.7744,17.6318],"autoUv":false}},"children":[]},{"name":"handle 16","from":[-39.3516,-8.0684,-0.9811],"to":[-38.7425,1.6783,-0.2125],"rotationOrigin":[-39.0471,0.3045,-0.2459],"rotationX":135,"rotationY":0,"rotationZ":90,"group":"Scene Collection","faces":{"north":{"texture":"#handle","uv":[7.5357,17.3925,30.9892,18.7464],"autoUv":false,"rotation":90},"east":{"texture":"#handle","uv":[7.5357,19.0849,30.9892,19.7927],"autoUv":false,"rotation":90},"south":{"texture":"#handle","uv":[30.9892,17.9557,7.5357,19.3096],"autoUv":false,"rotation":270},"west":{"texture":"#handle","uv":[30.9892,17.3925,7.5357,18.1003],"autoUv":false,"rotation":270},"up":{"texture":"#handle","uv":[2.6748,17.5617,2.6748,19.6235],"autoUv":false,"rotation":270},"down":{"texture":"#handle","uv":[11.9333,18.9157,11.9333,18.2695],"autoUv":false,"rotation":270}},"children":[]},{"name":"handle 17","from":[-40.4209,0,0],"to":[-30.6741,0.609,0.4893],"rotationOrigin":[-39.0471,0.3045,-0.2459],"rotationX":0,"rotationY":0,"rotationZ":0,"group":"Scene Collection","faces":{"north":{"texture":"#handle","uv":[30.9892,18.5217,7.5356,19.8757],"autoUv":false},"east":{"texture":"#handle","uv":[11.9333,18.4651,11.9333,20.2696],"autoUv":false,"rotation":90},"south":{"texture":"#handle","uv":[7.5356,19.0849,30.9892,20.4389],"autoUv":false},"west":{"texture":"#handle","uv":[2.6748,18.9157,2.6748,19.8191],"autoUv":false,"rotation":90},"up":{"texture":"#handle","uv":[7.5356,18.2959,30.9892,18.7464],"autoUv":false},"down":{"texture":"#handle","uv":[7.5356,20.4389,30.9892,19.9883],"autoUv":false,"rotation":180}},"children":[]},{"name":"handle 18","from":[-40.4194,0,-0.2794],"to":[-30.6741,0.609,0.4893],"rotationOrigin":[-39.0471,0.3045,-0.2459],"rotationX":45,"rotationY":0,"rotationZ":0,"group":"Scene Collection","faces":{"north":{"texture":"#handle","uv":[30.9892,19.3186,7.5391,19.8794],"autoUv":false},"east":{"texture":"#handle","uv":[11.9333,18.5609,11.9333,20.8304],"autoUv":false,"rotation":90},"south":{"texture":"#handle","uv":[7.5391,20.6782,30.9892,21.239],"autoUv":false},"west":{"texture":"#handle","uv":[2.6748,19.1217,2.6748,20.2696],"autoUv":false,"rotation":270},"up":{"texture":"#handle","uv":[7.5391,18.4908,30.9892,20.1995],"autoUv":false},"down":{"texture":"#handle","uv":[7.5391,20.9005,30.9892,19.8794],"autoUv":false,"rotation":180}},"children":[]},{"name":"handle 19","from":[-40.4225,0,-0.2794],"to":[-30.6741,0.609,0.4893],"rotationOrigin":[-39.0471,0.3045,-0.2459],"rotationX":135,"rotationY":0,"rotationZ":0,"group":"Scene Collection","faces":{"north":{"texture":"#handle","uv":[7.5316,18.5217,30.9892,19.8757],"autoUv":false,"rotation":180},"east":{"texture":"#handle","uv":[11.9333,18.9157,11.9333,19.5618],"autoUv":false,"rotation":180},"south":{"texture":"#handle","uv":[30.9892,19.0849,7.5316,20.4389],"autoUv":false,"rotation":180},"west":{"texture":"#handle","uv":[2.6748,18.2079,2.6748,20.2696],"autoUv":false,"rotation":270},"up":{"texture":"#handle","uv":[7.5316,19.7311,30.9892,20.4389],"autoUv":false},"down":{"texture":"#handle","uv":[7.5316,18.7464,30.9892,18.0387],"autoUv":false,"rotation":180}},"children":[]},{"name":"handle 20","from":[-40.4217,0,-0.2794],"to":[-30.6741,0.609,0.4893],"rotationOrigin":[-39.0471,0.3045,-0.2459],"rotationX":-135,"rotationY":0,"rotationZ":0,"group":"Scene Collection","faces":{"north":{"texture":"#handle","uv":[7.5337,17.9519,30.9892,18.5128],"autoUv":false,"rotation":180},"east":{"texture":"#handle","uv":[11.9333,17.0009,11.9333,19.2705],"autoUv":false,"rotation":270},"south":{"texture":"#handle","uv":[30.9892,16.5923,7.5337,17.1531],"autoUv":false,"rotation":180},"west":{"texture":"#handle","uv":[2.6748,17.5617,2.6748,18.7096],"autoUv":false,"rotation":90},"up":{"texture":"#handle","uv":[30.9892,17.6318,7.5337,19.3406],"autoUv":false,"rotation":180},"down":{"texture":"#handle","uv":[30.9892,17.9519,7.5337,16.9308],"autoUv":false}},"children":[]},{"name":"handle 21","from":[-40.4211,0,-0.2794],"to":[-30.6741,0.609,0.4893],"rotationOrigin":[-39.0471,0.3045,-0.2459],"rotationX":90,"rotationY":0,"rotationZ":0,"group":"Scene Collection","faces":{"north":{"texture":"#handle","uv":[7.5349,19.3186,30.9892,19.8794],"autoUv":false,"rotation":180},"east":{"texture":"#handle","uv":[11.9333,19.1217,11.9333,20.2696],"autoUv":false,"rotation":90},"south":{"texture":"#handle","uv":[30.9892,20.6782,7.5349,21.239],"autoUv":false,"rotation":180},"west":{"texture":"#handle","uv":[2.6748,18.5609,2.6748,20.8304],"autoUv":false,"rotation":180},"up":{"texture":"#handle","uv":[7.5349,19.8794,30.9892,20.9005],"autoUv":false},"down":{"texture":"#handle","uv":[7.5349,20.1995,30.9892,18.4908],"autoUv":false,"rotation":180}},"children":[]},{"name":"handle 22","from":[-40.4206,0,-0.2794],"to":[-30.6741,0.609,0.4893],"rotationOrigin":[-39.0471,0.3045,-0.2459],"rotationX":-180,"rotationY":0,"rotationZ":0,"group":"Scene Collection","faces":{"north":{"texture":"#handle","uv":[7.5363,17.9557,30.9892,19.3096],"autoUv":false,"rotation":180},"east":{"texture":"#handle","uv":[11.9333,17.5617,11.9333,19.6235],"autoUv":false,"rotation":180},"south":{"texture":"#handle","uv":[30.9892,17.3925,7.5363,18.7464],"autoUv":false,"rotation":180},"west":{"texture":"#handle","uv":[2.6748,18.2695,2.6748,18.9157],"autoUv":false,"rotation":180},"up":{"texture":"#handle","uv":[30.9892,19.0849,7.5363,19.7927],"autoUv":false,"rotation":180},"down":{"texture":"#handle","uv":[30.9892,18.1003,7.5363,17.3925],"autoUv":false}},"children":[]},{"name":"handle 23","from":[-40.42,0,-0.2794],"to":[-30.6741,0.609,0.4893],"rotationOrigin":[-39.0471,0.3045,-0.2459],"rotationX":-90,"rotationY":0,"rotationZ":0,"group":"Scene Collection","faces":{"north":{"texture":"#handle","uv":[30.9892,17.9519,7.5377,18.5128],"autoUv":false},"east":{"texture":"#handle","uv":[11.9333,17.5617,11.9333,18.7096],"autoUv":false,"rotation":270},"south":{"texture":"#handle","uv":[7.5377,16.5923,30.9892,17.1531],"autoUv":false},"west":{"texture":"#handle","uv":[2.6748,17.0009,2.6748,19.2705],"autoUv":false,"rotation":90},"up":{"texture":"#handle","uv":[30.9892,16.9308,7.5377,17.9519],"autoUv":false,"rotation":180},"down":{"texture":"#handle","uv":[30.9891,19.3406,7.5377,17.6318],"autoUv":false}},"children":[]}]},{"name":"holder","from":[3.6291,-0.6898,-0.0098],"to":[9.3871,1.2608,0.7876],"rotationOrigin":[5.9864,0.2855,0.3789],"rotationX":0,"group":"Scene Collection","faces":{"north":{"texture":"#material","uv":[21.4208,22.0342,9.6878,26.0088],"autoUv":false},"east":{"texture":"#material","uv":[4.8242,22.8458,4.8242,27.5029],"autoUv":false,"rotation":90},"south":{"texture":"#material","uv":[9.6878,22.0342,21.4208,26.0088],"autoUv":false},"west":{"texture":"#material","uv":[2.6195,22.8458,2.6195,27.5029],"autoUv":false},"up":{"texture":"#material","uv":[10.4517,22.8581,21.9786,24.6523],"autoUv":false},"down":{"texture":"#material","uv":[10.4517,24.6523,21.9786,22.858],"autoUv":false,"rotation":180}},"children":[{"name":"blade","from":[0.179,1.666,-0.6537],"to":[1.0012,5.009,0.0068],"rotationOrigin":[0.5901,0.9753,0.3387],"rotationX":157.5,"rotationY":0,"rotationZ":90,"group":"Scene Collection","faces":{"north":{"texture":"#material","uv":[0.1836,23.1647,10.4612,25.5],"autoUv":false,"rotation":90},"east":{"texture":"#material","uv":[0.1836,25.327,10.4612,26.1041],"autoUv":false,"rotation":90},"south":{"texture":"#material","uv":[10.4612,23.8843,0.1836,26.2195],"autoUv":false,"rotation":270},"west":{"texture":"#material","uv":[10.4612,23.1647,0.1836,23.9418],"autoUv":false,"rotation":270},"up":{"texture":"#material","uv":[5.2303,23.0783,5.2303,26.1906],"autoUv":false},"down":{"texture":"#material","uv":[10.0531,25.4135,10.0531,23.8553],"autoUv":false,"rotation":270}},"children":[]},{"name":"blade 01","from":[-3.4437,0.5642,0.6707],"to":[-0.1006,1.3864,1.3312],"rotationOrigin":[0.5901,0.9753,0.3387],"rotationX":22.5,"rotationY":0,"rotationZ":0,"group":"Scene Collection","faces":{"north":{"texture":"#material","uv":[10.4612,24.6075,0.1836,26.9427],"autoUv":false},"east":{"texture":"#material","uv":[10.0531,24.6364,10.0531,27.7487],"autoUv":false,"rotation":90},"south":{"texture":"#material","uv":[0.1836,25.327,10.4612,27.6622],"autoUv":false},"west":{"texture":"#material","uv":[5.2303,25.4135,5.2303,26.9717],"autoUv":false,"rotation":90},"up":{"texture":"#material","uv":[0.1836,24.7229,10.4612,25.5],"autoUv":false},"down":{"texture":"#material","uv":[0.1836,27.6622,10.4612,26.8852],"autoUv":false,"rotation":180}},"children":[]},{"name":"blade 02","from":[-3.4437,0.5642,0.6707],"to":[-0.1006,1.3864,1.3312],"rotationOrigin":[0.5901,0.9753,0.3387],"rotationX":67.5,"rotationY":0,"rotationZ":0,"group":"Scene Collection","faces":{"north":{"texture":"#material","uv":[10.4612,25.8029,0.1836,26.7702],"autoUv":false},"east":{"texture":"#material","uv":[10.0531,25.8727,10.0531,28.716],"autoUv":false,"rotation":90},"south":{"texture":"#material","uv":[0.1836,27.5399,10.4612,28.5072],"autoUv":false},"west":{"texture":"#material","uv":[5.2303,26.84,5.2303,27.7487],"autoUv":false,"rotation":270},"up":{"texture":"#material","uv":[0.1836,25.9085,10.4612,27.7846],"autoUv":false},"down":{"texture":"#material","uv":[0.1836,28.6802,10.4612,26.8042],"autoUv":false,"rotation":180}},"children":[]},{"name":"blade 03","from":[-3.4437,0.5642,0.6707],"to":[-0.1006,1.3864,1.3312],"rotationOrigin":[0.5901,0.9753,0.3387],"rotationX":157.5,"rotationY":0,"rotationZ":0,"group":"Scene Collection","faces":{"north":{"texture":"#material","uv":[0.1836,24.6075,10.4612,26.9427],"autoUv":false,"rotation":180},"east":{"texture":"#material","uv":[10.0531,25.4135,10.0531,26.9717],"autoUv":false,"rotation":180},"south":{"texture":"#material","uv":[10.4612,25.327,0.1836,27.6622],"autoUv":false,"rotation":180},"west":{"texture":"#material","uv":[5.2303,24.6364,5.2303,27.7487],"autoUv":false,"rotation":180},"up":{"texture":"#material","uv":[0.1836,26.8852,10.4612,27.6622],"autoUv":false},"down":{"texture":"#material","uv":[0.1836,25.5,10.4612,24.7229],"autoUv":false,"rotation":180}},"children":[]},{"name":"blade 04","from":[-3.4437,0.5642,0.6707],"to":[-0.1006,1.3864,1.3312],"rotationOrigin":[0.5901,0.9753,0.3387],"rotationX":-112.5,"rotationY":0,"rotationZ":0,"group":"Scene Collection","faces":{"north":{"texture":"#material","uv":[0.1836,24.0568,10.4612,25.0241],"autoUv":false,"rotation":180},"east":{"texture":"#material","uv":[10.0531,22.111,10.0531,24.9543],"autoUv":false,"rotation":180},"south":{"texture":"#material","uv":[10.4612,22.3198,0.1836,23.2871],"autoUv":false,"rotation":180},"west":{"texture":"#material","uv":[5.2303,23.0783,5.2303,23.987],"autoUv":false,"rotation":90},"up":{"texture":"#material","uv":[10.4612,23.0424,0.1836,24.9184],"autoUv":false,"rotation":180},"down":{"texture":"#material","uv":[10.4612,24.0228,0.1836,22.1468],"autoUv":false}},"children":[]},{"name":"blade 05","from":[-3.4437,0.5642,0.6707],"to":[-0.1006,1.3864,1.3312],"rotationOrigin":[0.5901,0.9753,0.3387],"rotationX":112.5,"rotationY":0,"rotationZ":0,"group":"Scene Collection","faces":{"north":{"texture":"#material","uv":[3.5268,17.7021,10.198,18.33],"autoUv":false,"rotation":180},"east":{"texture":"#material","uv":[12.5252,18.3754,12.5252,18.9652],"autoUv":false,"rotation":90},"south":{"texture":"#material","uv":[10.198,18.8297,3.5268,19.4576],"autoUv":false,"rotation":180},"west":{"texture":"#material","uv":[6.8026,17.7475,6.8026,19.5931],"autoUv":false,"rotation":180},"up":{"texture":"#material","uv":[3.5268,18.3521,10.198,19.5698],"autoUv":false},"down":{"texture":"#material","uv":[3.5268,18.9885,10.198,17.7707],"autoUv":false,"rotation":180}},"children":[]},{"name":"blade 06","from":[-3.4437,0.5642,0.6707],"to":[-0.1006,1.3864,1.3312],"rotationOrigin":[0.5901,0.9753,0.3387],"rotationX":-157.5,"rotationY":0,"rotationZ":0,"group":"Scene Collection","faces":{"north":{"texture":"#material","uv":[0.1836,23.8843,10.4612,26.2195],"autoUv":false,"rotation":180},"east":{"texture":"#material","uv":[10.0531,23.0782,10.0531,26.1906],"autoUv":false,"rotation":180},"south":{"texture":"#material","uv":[10.4612,23.1647,0.1836,25.5],"autoUv":false,"rotation":180},"west":{"texture":"#material","uv":[5.2303,23.8553,5.2303,25.4135],"autoUv":false,"rotation":180},"up":{"texture":"#material","uv":[10.4612,25.327,0.1836,26.1041],"autoUv":false,"rotation":180},"down":{"texture":"#material","uv":[10.4612,23.9418,0.1836,23.1647],"autoUv":false}},"children":[]},{"name":"blade 07","from":[-3.4437,0.5642,0.6707],"to":[-0.1006,1.3864,1.3312],"rotationOrigin":[0.5901,0.9753,0.3387],"rotationX":-67.5,"rotationY":0,"rotationZ":0,"group":"Scene Collection","faces":{"north":{"texture":"#material","uv":[10.4612,24.0568,0.1836,25.0241],"autoUv":false},"east":{"texture":"#material","uv":[10.0531,23.0783,10.0531,23.987],"autoUv":false,"rotation":270},"south":{"texture":"#material","uv":[0.1836,22.3198,10.4612,23.2871],"autoUv":false},"west":{"texture":"#material","uv":[5.2303,22.111,5.2303,24.9543],"autoUv":false},"up":{"texture":"#material","uv":[10.4612,22.1468,0.1836,24.0228],"autoUv":false,"rotation":180},"down":{"texture":"#material","uv":[10.4612,24.9184,0.1836,23.0424],"autoUv":false}},"children":[]},{"name":"blade 08","from":[1.1348,0.5362,0.0881],"to":[3.0103,1.4144,1.0763],"rotationOrigin":[1.5466,0.9753,-0.3061],"rotationX":-0.0001,"rotationY":-128.9128,"rotationZ":-0.0001,"group":"Scene Collection","faces":{"north":{"texture":"#material","uv":[8.6372,21.9714,5.345,26.0496],"autoUv":false,"rotation":180},"east":{"texture":"#material","uv":[2.6137,21.3438,4.8021,23.1104],"autoUv":false},"south":{"texture":"#material","uv":[13.4312,23.2001,11.0308,24.9803],"autoUv":false},"west":{"texture":"#material","uv":[7.5456,17.9453,5.3572,19.7119],"autoUv":false,"rotation":90},"up":{"texture":"#material","uv":[11.7848,19.9621,12.6038,24.126],"autoUv":false,"rotation":180},"down":{"texture":"#material","uv":[10.2455,22.8834,14.1431,21.2047],"autoUv":false,"rotation":270}},"children":[]},{"name":"blade 09","from":[1.1193,0.5395,-0.3114],"to":[2.9947,1.4111,0.6768],"rotationOrigin":[1.5466,0.9753,1.0835],"rotationX":-0.0001,"rotationY":128.9128,"rotationZ":0.0001,"group":"Scene Collection","faces":{"north":{"texture":"#material","uv":[11.0507,23.2001,13.4511,24.9803],"autoUv":false},"east":{"texture":"#material","uv":[2.5859,21.3213,4.7742,23.0879],"autoUv":false,"rotation":90},"south":{"texture":"#material","uv":[5.3723,21.9376,8.6645,26.0158],"autoUv":false,"rotation":180},"west":{"texture":"#material","uv":[5.3294,17.9229,7.5177,19.6894],"autoUv":false,"rotation":270},"up":{"texture":"#material","uv":[11.7848,23.3793,12.6038,27.5433],"autoUv":false,"rotation":180},"down":{"texture":"#material","uv":[10.2455,26.3007,14.1431,24.622],"autoUv":false,"rotation":90}},"children":[]},{"name":"blade 10","from":[2.5743,0.5384,-0.0724],"to":[5.0488,1.4121,2.0849],"rotationOrigin":[2.8295,0.9753,0.9567],"rotationX":-0.0001,"rotationY":5.4944,"rotationZ":-179.9977,"group":"Scene Collection","faces":{"north":{"texture":"#material","uv":[10.4782,24.5583,4.6371,25.1201],"autoUv":false,"rotation":180},"east":{"texture":"#material","uv":[23.3822,24.0561,24.6177,28.3707],"autoUv":false,"rotation":270},"south":{"texture":"#material","uv":[5.127,19.4653,10.9681,20.0272],"autoUv":false,"rotation":180},"west":{"texture":"#material","uv":[12.456,19.5146,11.8681,25.6262],"autoUv":false,"rotation":90},"up":{"texture":"#material","uv":[16.4275,22.77,11.9101,27.5433],"autoUv":false},"down":{"texture":"#material","uv":[16.841,27.069,11.4966,23.2443],"autoUv":false,"rotation":180}},"children":[]},{"name":"blade 11","from":[4.0571,-0.537,-0.3163],"to":[4.9288,1.6033,1.8057],"rotationOrigin":[4.493,0.9753,0.7419],"rotationX":-0.0001,"rotationY":10.142,"rotationZ":-89.9998,"group":"Scene Collection","faces":{"north":{"texture":"#material","uv":[9.7691,24.8072,15.7651,25.8798],"autoUv":false,"rotation":180},"east":{"texture":"#material","uv":[20.3107,22.133,16.841,27.069],"autoUv":false,"rotation":90},"south":{"texture":"#material","uv":[10.6553,19.8534,16.6513,20.926],"autoUv":false,"rotation":270},"west":{"texture":"#material","uv":[16.093,22.8874,21.0587,26.3145],"autoUv":false,"rotation":270},"up":{"texture":"#material","uv":[17.4802,20.5549,16.4168,26.4995],"autoUv":false,"rotation":180},"down":{"texture":"#material","uv":[11.4202,25.6056,12.4836,19.661],"autoUv":false}},"children":[]},{"name":"blade 12","from":[6.7786,0.5016,0.16],"to":[7.6433,1.6215,1.0768],"rotationOrigin":[7.211,0.9753,0.5407],"rotationX":0,"rotationY":21.681,"rotationZ":-90.0002,"group":"Scene Collection","faces":{"north":{"texture":"#material","uv":[23.818,23.3516,20.8563,24.5291],"autoUv":false,"rotation":90},"east":{"texture":"#material","uv":[25.8078,22.8508,24.4026,25.3846],"autoUv":false,"rotation":90},"south":{"texture":"#material","uv":[21.333,22.1524,24.2947,23.3299],"autoUv":false,"rotation":270},"west":{"texture":"#material","uv":[23.7245,23.679,26.4859,24.5563],"autoUv":false,"rotation":270},"up":{"texture":"#material","uv":[23.916,22.8991,23.3439,24.3382],"autoUv":false,"rotation":180},"down":{"texture":"#material","uv":[20.8758,23.3569,21.4479,21.9179],"autoUv":false}},"children":[]},{"name":"blade 13","from":[5.6447,-0.0266,0.159],"to":[6.5154,1.7072,1.4351],"rotationOrigin":[6.08,0.9753,0.7493],"rotationX":0,"rotationY":15.5413,"rotationZ":-90.0004,"group":"Scene Collection","faces":{"north":{"texture":"#material","uv":[15.813,23.7608,20.5668,25.0828],"autoUv":false,"rotation":180},"east":{"texture":"#material","uv":[23.7181,22.9234,21.0587,26.3145],"autoUv":false,"rotation":90},"south":{"texture":"#material","uv":[21.3777,20.845,16.6239,22.1671],"autoUv":false,"rotation":180},"west":{"texture":"#material","uv":[20.3742,23.8533,24.4026,25.3846],"autoUv":false,"rotation":270},"up":{"texture":"#material","uv":[21.4691,21.7375,20.4961,25.2364],"autoUv":false,"rotation":180},"down":{"texture":"#material","uv":[16.5346,24.1347,17.5077,20.6358],"autoUv":false}},"children":[]},{"name":"blade 14","from":[-0.0986,0.6598,-0.417],"to":[3.0964,1.5718,1.2144],"rotationOrigin":[2.2018,1.1697,0.3887],"rotationX":0,"rotationY":0,"rotationZ":-9.5506,"group":"Scene Collection","faces":{"north":{"texture":"#material","uv":[16.1079,23.1198,9.3795,23.8723],"autoUv":false},"east":{"texture":"#material","uv":[11.3795,22.816,10.9488,27.473],"autoUv":false,"rotation":90},"south":{"texture":"#material","uv":[9.6878,22.0396,15.7996,24.9525],"autoUv":false},"west":{"texture":"#material","uv":[4.426,22.816,4.8566,27.473],"autoUv":false,"rotation":270},"up":{"texture":"#material","uv":[10.4288,22.1148,16.7362,25.3907],"autoUv":false},"down":{"texture":"#material","uv":[1.7591,27.473,9.5865,22.816],"autoUv":false,"rotation":180}},"children":[]},{"name":"blade 15","from":[4.0557,-0.5335,-1.0085],"to":[4.9302,1.6069,1.1135],"rotationOrigin":[4.493,0.9753,0.0356],"rotationX":0,"rotationY":-10.142,"rotationZ":-90.0002,"group":"Scene Collection","faces":{"north":{"texture":"#material","uv":[16.6612,19.8551,10.6652,20.9277],"autoUv":false,"rotation":90},"east":{"texture":"#material","uv":[20.3107,20.4364,16.841,25.3724],"autoUv":false,"rotation":90},"south":{"texture":"#material","uv":[15.775,24.809,9.779,25.8816],"autoUv":false,"rotation":180},"west":{"texture":"#material","uv":[16.093,21.1908,21.0587,24.6179],"autoUv":false,"rotation":270},"up":{"texture":"#material","uv":[17.4704,20.61,16.407,26.5546],"autoUv":false,"rotation":90},"down":{"texture":"#material","uv":[11.4103,25.6608,12.4737,19.7162],"autoUv":false,"rotation":270}},"children":[]},{"name":"blade 16","from":[6.7734,0.509,-0.2808],"to":[7.6485,1.6289,0.636],"rotationOrigin":[7.211,0.9753,0.2368],"rotationX":0,"rotationY":-21.6809,"rotationZ":-90,"group":"Scene Collection","faces":{"north":{"texture":"#material","uv":[24.3143,22.1602,21.3526,23.3377],"autoUv":false,"rotation":90},"east":{"texture":"#material","uv":[25.8078,22.1208,24.4026,24.6546],"autoUv":false,"rotation":90},"south":{"texture":"#material","uv":[20.8758,23.3594,23.8375,24.5369],"autoUv":false,"rotation":270},"west":{"texture":"#material","uv":[23.7245,22.949,26.4859,23.8263],"autoUv":false,"rotation":270},"up":{"texture":"#material","uv":[23.9044,22.9283,23.3323,24.3673],"autoUv":false,"rotation":90},"down":{"texture":"#material","uv":[21.4363,23.3861,20.8642,21.947],"autoUv":false,"rotation":180}},"children":[]},{"name":"blade 17","from":[1.2899,0.3788,-0.437],"to":[4.5021,1.2908,1.1944],"rotationOrigin":[2.2018,0.7809,0.3887],"rotationX":0.0001,"rotationY":-179.9996,"rotationZ":-9.5506,"group":"Scene Collection","faces":{"north":{"texture":"#material","uv":[9.6878,23.0847,15.8341,26.0034],"autoUv":false},"east":{"texture":"#material","uv":[4.8566,22.816,4.426,27.473],"autoUv":false,"rotation":270},"south":{"texture":"#material","uv":[16.1425,24.1707,9.3795,24.9174],"autoUv":false},"west":{"texture":"#material","uv":[10.9398,22.816,11.3792,27.473],"autoUv":false,"rotation":90},"up":{"texture":"#material","uv":[1.7769,22.816,9.5955,27.473],"autoUv":false,"rotation":180},"down":{"texture":"#material","uv":[10.4288,25.3906,16.7701,22.1148],"autoUv":false}},"children":[]},{"name":"blade 18","from":[0.6974,0.8286,1.7048],"to":[3.1709,1.4464,2.3225],"rotationOrigin":[2.9156,0.9753,1.8515],"rotationX":45.1321,"rotationY":3.8834,"rotationZ":-3.8916,"group":"Scene Collection","faces":{"north":{"texture":"#material","uv":[26.2487,25.8233,25.1768,31.7796],"autoUv":false,"rotation":270},"east":{"texture":"#material","uv":[27.5127,26.6013,25.3688,26.6013],"autoUv":false},"south":{"texture":"#material","uv":[26.0701,25.8233,27.142,31.7796],"autoUv":false,"rotation":90},"west":{"texture":"#material","uv":[23.7065,23.0579,24.942,24.2934],"autoUv":false},"up":{"texture":"#material","uv":[25.7395,25.8233,26.8115,31.7796],"autoUv":false,"rotation":90},"down":{"texture":"#material","uv":[26.6328,31.7796,27.7048,25.8233],"autoUv":false,"rotation":90}},"children":[]},{"name":"blade 19","from":[4.1999,0.3343,1.4348],"to":[4.8148,2.51,2.0495],"rotationOrigin":[4.6341,0.977,1.6148],"rotationX":-45.4512,"rotationY":7.1527,"rotationZ":97.2091,"group":"Scene Collection","faces":{"north":{"texture":"#material","uv":[27.6344,22.9278,26.5674,28.0865],"autoUv":false,"rotation":180},"east":{"texture":"#material","uv":[26.3044,22.9278,25.2378,28.0865],"autoUv":false,"rotation":180},"south":{"texture":"#material","uv":[25.6786,22.9278,26.7455,28.0865],"autoUv":false,"rotation":180},"west":{"texture":"#material","uv":[26.1269,22.9278,27.1935,28.0865],"autoUv":false,"rotation":180},"up":{"texture":"#material","uv":[27.5024,26.6013,25.3689,26.6013],"autoUv":false},"down":{"texture":"#material","uv":[26.4358,22.3024,26.4355,22.3024],"autoUv":false,"rotation":180}},"children":[]},{"name":"blade 20","from":[7.2916,-0.2002,0.5562],"to":[7.9065,1.8801,1.1709],"rotationOrigin":[7.7079,0.977,0.7543],"rotationX":-47.1001,"rotationY":15.1432,"rotationZ":105.7017,"group":"Scene Collection","faces":{"north":{"texture":"#material","uv":[27.6031,14.9484,26.5362,18.9226],"autoUv":false,"rotation":180},"east":{"texture":"#material","uv":[26.3356,14.9484,25.269,18.9226],"autoUv":false,"rotation":180},"south":{"texture":"#material","uv":[25.6473,14.9484,26.7143,18.9226],"autoUv":false,"rotation":180},"west":{"texture":"#material","uv":[26.1582,14.9484,27.2248,18.9226],"autoUv":false,"rotation":180},"up":{"texture":"#material","uv":[25.3689,18.8943,27.5024,18.8943],"autoUv":false,"rotation":180},"down":{"texture":"#material","uv":[26.4355,15.5825,26.4358,15.5825],"autoUv":false}},"children":[]},{"name":"blade 21","from":[5.6432,-0.0212,-0.6383],"to":[6.5169,1.7125,0.6378],"rotationOrigin":[6.08,0.9753,0.0281],"rotationX":0,"rotationY":-15.5413,"rotationZ":-90,"group":"Scene Collection","faces":{"north":{"texture":"#material","uv":[16.6386,20.8491,21.3924,22.1711],"autoUv":false,"rotation":180},"east":{"texture":"#material","uv":[23.7181,21.1908,21.0587,24.582],"autoUv":false,"rotation":90},"south":{"texture":"#material","uv":[20.5815,23.7649,15.8277,25.0869],"autoUv":false,"rotation":180},"west":{"texture":"#material","uv":[20.3742,22.1208,24.4026,23.652],"autoUv":false,"rotation":270},"up":{"texture":"#material","uv":[20.4814,21.7903,21.4544,25.2893],"autoUv":false},"down":{"texture":"#material","uv":[16.5199,24.1876,17.493,20.6886],"autoUv":false,"rotation":270}},"children":[]},{"name":"blade 22","from":[5.79,0.2281,1.0681],"to":[6.4048,2.0028,1.6827],"rotationOrigin":[6.2061,0.977,1.2662],"rotationX":-46.0668,"rotationY":10.9211,"rotationZ":101.1251,"group":"Scene Collection","faces":{"north":{"texture":"#material","uv":[27.603,18.8725,26.536,22.9622],"autoUv":false,"rotation":180},"east":{"texture":"#material","uv":[26.3358,18.8725,25.2692,22.9622],"autoUv":false,"rotation":180},"south":{"texture":"#material","uv":[25.6472,18.8725,26.7141,22.9622],"autoUv":false,"rotation":180},"west":{"texture":"#material","uv":[26.1583,18.8725,27.2249,22.9622],"autoUv":false,"rotation":180},"up":{"texture":"#material","uv":[27.5024,22.3024,25.3688,22.3024],"autoUv":false},"down":{"texture":"#material","uv":[26.4355,18.8943,26.4358,18.8943],"autoUv":false}},"children":[]},{"name":"blade 23","from":[5.6529,0.793,0],"to":[8.847,1.6993,0.7975],"rotationOrigin":[7.1598,1.1914,0.3887],"rotationX":0,"rotationY":0,"rotationZ":-9.5506,"group":"Scene Collection","faces":{"north":{"texture":"#material","uv":[23.1381,23.1309,16.4133,23.8721],"autoUv":false},"east":{"texture":"#material","uv":[11.4784,21.8303,9.694,23.6096],"autoUv":false},"south":{"texture":"#material","uv":[16.7197,22.051,22.8317,24.952],"autoUv":false},"west":{"texture":"#material","uv":[4.5012,22.8458,4.9291,27.5029],"autoUv":false,"rotation":270},"up":{"texture":"#material","uv":[17.3179,22.8581,23.6236,24.6523],"autoUv":false},"down":{"texture":"#material","uv":[4.0186,27.5029,12.9215,22.8458],"autoUv":false,"rotation":180}},"children":[]},{"name":"blade 24","from":[5.472,0.2515,-0.02],"to":[8.6696,1.1578,0.7775],"rotationOrigin":[7.1612,0.7594,0.3887],"rotationX":0.0001,"rotationY":-179.9996,"rotationZ":-9.5506,"group":"Scene Collection","faces":{"north":{"texture":"#material","uv":[16.7197,23.0898,22.8385,25.992],"autoUv":false},"east":{"texture":"#material","uv":[4.9291,22.8458,4.5012,27.5029],"autoUv":false,"rotation":270},"south":{"texture":"#material","uv":[23.1449,24.1709,16.4133,24.9109],"autoUv":false},"west":{"texture":"#material","uv":[11.024,22.8458,11.452,27.5029],"autoUv":false,"rotation":90},"up":{"texture":"#material","uv":[4.0783,22.8458,11.9058,27.5029],"autoUv":false,"rotation":180},"down":{"texture":"#material","uv":[17.3179,24.6523,23.6304,22.8581],"autoUv":false}},"children":[]},{"name":"blade 25","from":[4.2138,0.3307,-1.2581],"to":[4.8287,2.5064,-0.6434],"rotationOrigin":[4.6341,0.977,-0.8374],"rotationX":45.4512,"rotationY":-7.1527,"rotationZ":97.2091,"group":"Scene Collection","faces":{"north":{"texture":"#material","uv":[26.7214,22.9194,25.6544,28.0781],"autoUv":false,"rotation":180},"east":{"texture":"#material","uv":[25.2619,22.9194,26.3285,28.0781],"autoUv":false,"rotation":180},"south":{"texture":"#material","uv":[26.5433,22.9194,27.6102,28.0781],"autoUv":false,"rotation":180},"west":{"texture":"#material","uv":[27.2176,22.9194,26.151,28.0781],"autoUv":false,"rotation":180},"up":{"texture":"#material","uv":[25.3689,26.6013,27.5024,26.6013],"autoUv":false,"rotation":90},"down":{"texture":"#material","uv":[26.4358,22.3024,26.4355,22.3024],"autoUv":false,"rotation":180}},"children":[]},{"name":"blade 26","from":[7.3048,-0.2548,-0.3803],"to":[7.9197,1.8727,0.2344],"rotationOrigin":[7.7079,0.977,0.0232],"rotationX":47.1,"rotationY":-15.1432,"rotationZ":105.7017,"group":"Scene Collection","faces":{"north":{"texture":"#material","uv":[26.6915,14.934,25.6245,18.9082],"autoUv":false,"rotation":180},"east":{"texture":"#material","uv":[25.2918,14.934,26.3584,18.9082],"autoUv":false,"rotation":180},"south":{"texture":"#material","uv":[26.5134,14.934,27.5803,18.9082],"autoUv":false,"rotation":180},"west":{"texture":"#material","uv":[27.2476,14.934,26.181,18.9082],"autoUv":false,"rotation":180},"up":{"texture":"#material","uv":[25.3689,18.8943,27.5024,18.8943],"autoUv":false,"rotation":180},"down":{"texture":"#material","uv":[26.4358,15.5825,26.4355,15.5825],"autoUv":false,"rotation":180}},"children":[]},{"name":"blade 27","from":[5.8036,0.2228,-0.8917],"to":[6.4185,1.9974,-0.277],"rotationOrigin":[6.2061,0.977,-0.4888],"rotationX":46.0668,"rotationY":-10.9211,"rotationZ":101.1251,"group":"Scene Collection","faces":{"north":{"texture":"#material","uv":[26.6905,18.8602,25.6235,22.9498],"autoUv":false,"rotation":180},"east":{"texture":"#material","uv":[25.2928,18.8602,26.3594,22.9498],"autoUv":false,"rotation":180},"south":{"texture":"#material","uv":[26.5124,18.8602,27.5793,22.9498],"autoUv":false,"rotation":180},"west":{"texture":"#material","uv":[27.2486,18.8602,26.182,22.9498],"autoUv":false,"rotation":180},"up":{"texture":"#material","uv":[25.3689,22.3024,27.5024,22.3024],"autoUv":false,"rotation":180},"down":{"texture":"#material","uv":[26.4358,18.8943,26.4355,18.8943],"autoUv":false,"rotation":180}},"children":[]},{"name":"blade 28","from":[2.5724,0.5401,-1.2876],"to":[5.0469,1.4104,0.8698],"rotationOrigin":[2.8295,0.9753,-0.1793],"rotationX":0,"rotationY":-5.4944,"rotationZ":-179.9981,"group":"Scene Collection","faces":{"north":{"texture":"#material","uv":[5.1316,19.4658,10.9726,20.0276],"autoUv":false,"rotation":270},"east":{"texture":"#material","uv":[25.4445,22.7056,26.68,27.0202],"autoUv":false,"rotation":270},"south":{"texture":"#material","uv":[4.6417,24.5587,10.4827,25.1206],"autoUv":false,"rotation":180},"west":{"texture":"#material","uv":[12.4506,19.571,11.8627,25.6826],"autoUv":false},"up":{"texture":"#material","uv":[16.4275,19.962,11.9101,24.7353],"autoUv":false},"down":{"texture":"#material","uv":[16.841,24.261,11.4966,20.4364],"autoUv":false,"rotation":180}},"children":[]},{"name":"blade 29","from":[2.6585,0.5183,-1.531],"to":[5.1319,1.1361,-0.9132],"rotationOrigin":[2.9156,0.9753,-1.074],"rotationX":-45.1321,"rotationY":-3.8834,"rotationZ":176.1084,"group":"Scene Collection","faces":{"north":{"texture":"#material","uv":[27.1665,25.8186,26.0945,31.775],"autoUv":false,"rotation":90},"east":{"texture":"#material","uv":[25.1484,21.5771,26.3839,22.8126],"autoUv":false,"rotation":180},"south":{"texture":"#material","uv":[25.2012,25.8186,26.2732,31.775],"autoUv":false,"rotation":270},"west":{"texture":"#material","uv":[27.5127,26.6013,25.3688,26.6013],"autoUv":false},"up":{"texture":"#material","uv":[26.6084,25.8186,27.6803,31.775],"autoUv":false,"rotation":270},"down":{"texture":"#material","uv":[25.7151,31.775,26.7871,25.8186],"autoUv":false,"rotation":270}},"children":[]},{"name":"blade 30","from":[8.4909,0.4021,0],"to":[9.1087,1.0199,0.7975],"rotationOrigin":[8.5355,0.9753,0.3887],"rotationX":0,"rotationY":0,"rotationZ":45,"group":"Scene Collection","faces":{"north":{"texture":"#material","uv":[27.9695,23.2001,27.9695,24.9803],"autoUv":false,"rotation":270},"east":{"texture":"#material","uv":[27.9653,22.9443,28.8398,24.5615],"autoUv":false,"rotation":90},"south":{"texture":"#material","uv":[27.0794,24.0902,28.8597,24.0902],"autoUv":false,"rotation":90},"west":{"texture":"#material","uv":[2.6195,22.8458,2.6195,27.5029],"autoUv":false},"up":{"texture":"#material","uv":[10.7953,23.4239,13.2813,25.8794],"autoUv":false},"down":{"texture":"#material","uv":[27.9653,24.5615,28.8398,22.9443],"autoUv":false,"rotation":180}},"children":[]}]},{"name":"string","from":[0.9888,-1.9414,1.0015],"to":[1.3621,-1.5198,2.5307],"rotationOrigin":[0.6893,-1.6864,0.8715],"rotationX":-90,"rotationY":20.2431,"rotationZ":0,"group":"Scene Collection","faces":{"north":{"texture":"#string","uv":[17.351,6.0414,17.9693,6.7397],"autoUv":false,"rotation":180},"east":{"texture":"#string","uv":[15.0995,7.567,15.9399,10.0998],"autoUv":false,"rotation":90},"south":{"texture":"#string","uv":[16.0544,6.0415,16.6726,6.7397],"autoUv":false,"rotation":180},"west":{"texture":"#string","uv":[15.8756,7.2333,16.7161,9.7661],"autoUv":false,"rotation":90},"up":{"texture":"#string","uv":[18.3786,7.5672,19.1228,10.0999],"autoUv":false},"down":{"texture":"#string","uv":[18.4356,9.7662,17.6914,7.2334],"autoUv":false}},"children":[{"name":"string 01","from":[-0.6698,-0.0371,0.8803],"to":[0.262,0.6951,1.6288],"rotationOrigin":[-0.1305,0.7976,2.0342],"rotationX":-23.2545,"rotationY":164.0663,"rotationZ":-75.4614,"group":"Scene Collection","faces":{"north":{"texture":"#string","uv":[10.6233,10.4164,12.5917,11.3492],"autoUv":false,"rotation":90},"east":{"texture":"#string","uv":[10.6233,11.5546,12.5917,11.8651],"autoUv":false,"rotation":90},"south":{"texture":"#string","uv":[12.5917,10.7748,10.6233,11.7076],"autoUv":false,"rotation":270},"west":{"texture":"#string","uv":[12.5917,10.4778,10.6233,10.7882],"autoUv":false,"rotation":270},"up":{"texture":"#string","uv":[9.1731,1.2225,9.5078,1.3202],"autoUv":false},"down":{"texture":"#string","uv":[9.2566,1.4243,9.4242,1.1185],"autoUv":false,"rotation":180}},"children":[]},{"name":"string 02","from":[-0.0277,0.4042,2.3791],"to":[0.7042,1.336,3.1276],"rotationOrigin":[-0.1305,0.7976,2.0342],"rotationX":24.0634,"rotationY":-21.3956,"rotationZ":1.4422,"group":"Scene Collection","faces":{"north":{"texture":"#string","uv":[26.5979,19.1946,24.63,20.1274],"autoUv":false},"east":{"texture":"#string","uv":[17.6619,3.7524,17.3272,3.8502],"autoUv":false,"rotation":270},"south":{"texture":"#string","uv":[24.63,19.553,26.5978,20.4857],"autoUv":false},"west":{"texture":"#string","uv":[17.4108,3.6484,17.5784,3.9542],"autoUv":false,"rotation":90},"up":{"texture":"#string","uv":[24.63,19.1582,26.5979,19.4686],"autoUv":false},"down":{"texture":"#string","uv":[24.63,20.5454,26.5978,20.235],"autoUv":false,"rotation":180}},"children":[]},{"name":"string 03","from":[-0.0279,0.3609,2.337],"to":[0.7042,1.2927,3.0855],"rotationOrigin":[-0.1305,0.7976,2.0342],"rotationX":70.8178,"rotationY":-13.9684,"rotationZ":16.4328,"group":"Scene Collection","faces":{"north":{"texture":"#string","uv":[12.5917,11.7242,10.6233,12.1106],"autoUv":false},"east":{"texture":"#string","uv":[9.7794,1.3061,9.4736,1.4736],"autoUv":false},"south":{"texture":"#string","uv":[10.6233,12.5893,12.5917,12.9756],"autoUv":false},"west":{"texture":"#string","uv":[9.5776,1.2225,9.6753,1.5572],"autoUv":false},"up":{"texture":"#string","uv":[10.6233,11.5749,12.5917,12.3242],"autoUv":false},"down":{"texture":"#string","uv":[10.6233,12.7702,12.5917,12.0209],"autoUv":false,"rotation":180}},"children":[]},{"name":"string 04","from":[-0.0279,0.2583,2.3812],"to":[0.7042,1.1901,3.1297],"rotationOrigin":[-0.1305,0.7976,2.0342],"rotationX":156.7455,"rotationY":15.9337,"rotationZ":14.5386,"group":"Scene Collection","faces":{"north":{"texture":"#string","uv":[10.6233,11.1349,12.5917,12.0677],"autoUv":false,"rotation":180},"east":{"texture":"#string","uv":[9.5918,1.523,9.4242,1.8288],"autoUv":false,"rotation":90},"south":{"texture":"#string","uv":[12.5917,11.4932,10.6233,12.426],"autoUv":false,"rotation":180},"west":{"texture":"#string","uv":[9.3406,1.6271,9.6753,1.7248],"autoUv":false,"rotation":270},"up":{"texture":"#string","uv":[10.6233,12.177,12.5917,12.4874],"autoUv":false},"down":{"texture":"#string","uv":[10.6233,11.4106,12.5917,11.1003],"autoUv":false,"rotation":180}},"children":[]},{"name":"string 05","from":[-0.0279,0.3026,2.4838],"to":[0.7042,1.2343,3.2323],"rotationOrigin":[-0.1305,0.7976,2.0342],"rotationX":-109.1822,"rotationY":13.9684,"rotationZ":-16.4328,"group":"Scene Collection","faces":{"north":{"texture":"#string","uv":[10.6233,10.8547,12.5917,11.2411],"autoUv":false,"rotation":180},"east":{"texture":"#string","uv":[9.3748,1.4736,9.069,1.6412],"autoUv":false,"rotation":180},"south":{"texture":"#string","uv":[12.5917,9.9896,10.6233,10.376],"autoUv":false,"rotation":180},"west":{"texture":"#string","uv":[9.1731,1.3901,9.2708,1.7248],"autoUv":false,"rotation":180},"up":{"texture":"#string","uv":[12.5917,10.5183,10.6233,11.2676],"autoUv":false,"rotation":180},"down":{"texture":"#string","uv":[12.5917,10.8216,10.6233,10.0723],"autoUv":false}},"children":[]},{"name":"string 06","from":[-0.0278,0.3004,2.3378],"to":[0.7042,1.2322,3.0864],"rotationOrigin":[-0.1305,0.7976,2.0342],"rotationX":113.5372,"rotationY":1.3427,"rotationZ":21.4018,"group":"Scene Collection","faces":{"north":{"texture":"#string","uv":[10.6237,11.7233,12.5917,12.1097],"autoUv":false,"rotation":180},"east":{"texture":"#string","uv":[9.6753,1.3901,9.5776,1.7248],"autoUv":false},"south":{"texture":"#string","uv":[12.5917,12.5884,10.6237,12.9747],"autoUv":false,"rotation":180},"west":{"texture":"#string","uv":[9.4736,1.4736,9.7793,1.6412],"autoUv":false},"up":{"texture":"#string","uv":[10.6237,12.0217,12.5918,12.7711],"autoUv":false},"down":{"texture":"#string","uv":[10.6237,12.3251,12.5917,11.5757],"autoUv":false,"rotation":180}},"children":[]},{"name":"string 07","from":[-0.0276,0.2592,2.4417],"to":[0.7042,1.191,3.1902],"rotationOrigin":[-0.1305,0.7976,2.0342],"rotationX":-155.9366,"rotationY":21.3956,"rotationZ":-1.4421,"group":"Scene Collection","faces":{"north":{"texture":"#string","uv":[10.6241,10.7756,12.5918,11.7084],"autoUv":false,"rotation":180},"east":{"texture":"#string","uv":[9.5078,1.6271,9.1731,1.7248],"autoUv":false,"rotation":90},"south":{"texture":"#string","uv":[12.5918,10.4173,10.6241,11.3501],"autoUv":false,"rotation":180},"west":{"texture":"#string","uv":[9.2566,1.523,9.4242,1.8288],"autoUv":false,"rotation":270},"up":{"texture":"#string","uv":[12.5918,11.5538,10.6242,11.8641],"autoUv":false,"rotation":180},"down":{"texture":"#string","uv":[12.5918,10.7874,10.6241,10.477],"autoUv":false}},"children":[]},{"name":"string 08","from":[-0.0275,0.363,2.4829],"to":[0.7042,1.2948,3.2314],"rotationOrigin":[-0.1305,0.7976,2.0342],"rotationX":-66.4628,"rotationY":-1.3427,"rotationZ":-21.4018,"group":"Scene Collection","faces":{"north":{"texture":"#string","uv":[12.5918,10.8538,10.6246,11.2402],"autoUv":false},"east":{"texture":"#string","uv":[9.2708,1.2225,9.1731,1.5572],"autoUv":false,"rotation":180},"south":{"texture":"#string","uv":[10.6246,9.9887,12.5918,10.3751],"autoUv":false},"west":{"texture":"#string","uv":[9.069,1.3061,9.3748,1.4736],"autoUv":false,"rotation":180},"up":{"texture":"#string","uv":[12.5918,10.0731,10.6246,10.8225],"autoUv":false,"rotation":180},"down":{"texture":"#string","uv":[12.5918,11.2685,10.6246,10.5191],"autoUv":false}},"children":[]},{"name":"string 09","from":[-1.0936,0.053,0.6391],"to":[-0.0687,0.8584,1.4625],"rotationOrigin":[-0.737,0.8353,1.8105],"rotationX":156.1989,"rotationY":25.3908,"rotationZ":81.6596,"group":"Scene Collection","faces":{"north":{"texture":"#string","uv":[10.291,6.1037,12.2594,7.0365],"autoUv":false,"rotation":90},"east":{"texture":"#string","uv":[10.291,7.0635,12.2594,7.3739],"autoUv":false,"rotation":90},"south":{"texture":"#string","uv":[12.2594,6.4621,10.291,7.3948],"autoUv":false,"rotation":270},"west":{"texture":"#string","uv":[12.2594,5.9867,10.291,6.2971],"autoUv":false,"rotation":270},"up":{"texture":"#string","uv":[9.241,1.2225,9.5757,1.3202],"autoUv":false},"down":{"texture":"#string","uv":[9.3245,1.4242,9.4921,1.1185],"autoUv":false,"rotation":180}},"children":[]},{"name":"string 10","from":[-0.7599,0.1661,2.288],"to":[0.0452,1.191,3.1114],"rotationOrigin":[-0.737,0.8353,1.8105],"rotationX":21.897,"rotationY":-12.154,"rotationZ":23.8873,"group":"Scene Collection","faces":{"north":{"texture":"#string","uv":[12.2595,6.823,10.2916,7.7558],"autoUv":false},"east":{"texture":"#string","uv":[9.7432,1.2225,9.4085,1.3202],"autoUv":false,"rotation":270},"south":{"texture":"#string","uv":[10.2916,7.1813,12.2595,8.1141],"autoUv":false},"west":{"texture":"#string","uv":[9.4921,1.1185,9.6597,1.4242],"autoUv":false,"rotation":90},"up":{"texture":"#string","uv":[10.2916,6.6083,12.2595,6.9187],"autoUv":false},"down":{"texture":"#string","uv":[10.2916,7.9955,12.2595,7.6851],"autoUv":false,"rotation":180}},"children":[]},{"name":"string 11","from":[-0.7602,0.257,2.3802],"to":[0.0452,1.2819,3.2035],"rotationOrigin":[-0.737,0.8353,1.8105],"rotationX":62.6019,"rotationY":7.5298,"rotationZ":25.6276,"group":"Scene Collection","faces":{"north":{"texture":"#string","uv":[12.2594,7.2331,10.291,7.6194],"autoUv":false},"east":{"texture":"#string","uv":[9.8473,1.306,9.5415,1.4736],"autoUv":false},"south":{"texture":"#string","uv":[10.291,8.0981,12.2594,8.4845],"autoUv":false},"west":{"texture":"#string","uv":[9.6455,1.2225,9.7432,1.5572],"autoUv":false},"up":{"texture":"#string","uv":[10.291,7.2621,12.2594,8.0115],"autoUv":false},"down":{"texture":"#string","uv":[10.291,8.4575,12.2594,7.7081],"autoUv":false,"rotation":180}},"children":[]},{"name":"string 12","from":[-0.7602,0.4786,2.2901],"to":[0.0452,1.5036,3.1135],"rotationOrigin":[-0.737,0.8353,1.8105],"rotationX":156.1989,"rotationY":25.3908,"rotationZ":-8.3404,"group":"Scene Collection","faces":{"north":{"texture":"#string","uv":[10.291,6.8222,12.2594,7.755],"autoUv":false,"rotation":180},"east":{"texture":"#string","uv":[9.6597,1.523,9.4921,1.8288],"autoUv":false,"rotation":90},"south":{"texture":"#string","uv":[12.2594,7.1805,10.2911,8.1133],"autoUv":false,"rotation":180},"west":{"texture":"#string","uv":[9.4085,1.627,9.7432,1.7247],"autoUv":false,"rotation":270},"up":{"texture":"#string","uv":[10.291,7.6859,12.2594,7.9963],"autoUv":false},"down":{"texture":"#string","uv":[10.291,6.9195,12.2594,6.6091],"autoUv":false,"rotation":180}},"children":[]},{"name":"string 13","from":[-0.7602,0.3886,2.0685],"to":[0.0452,1.4135,2.8918],"rotationOrigin":[-0.737,0.8353,1.8105],"rotationX":-117.3981,"rotationY":-7.5298,"rotationZ":-25.6276,"group":"Scene Collection","faces":{"north":{"texture":"#string","uv":[10.291,6.3635,12.2594,6.7499],"autoUv":false,"rotation":180},"east":{"texture":"#string","uv":[9.4427,1.4736,9.1369,1.6412],"autoUv":false,"rotation":180},"south":{"texture":"#string","uv":[12.2594,5.4985,10.291,5.8849],"autoUv":false,"rotation":180},"west":{"texture":"#string","uv":[9.241,1.39,9.3387,1.7248],"autoUv":false,"rotation":180},"up":{"texture":"#string","uv":[12.2594,6.2055,10.291,6.9549],"autoUv":false,"rotation":180},"down":{"texture":"#string","uv":[12.2594,6.5089,10.291,5.7595],"autoUv":false}},"children":[]},{"name":"string 14","from":[-0.76,0.3865,2.381],"to":[0.0452,1.4114,3.2044],"rotationOrigin":[-0.737,0.8353,1.8105],"rotationX":106.57,"rotationY":23.3197,"rotationZ":13.2541,"group":"Scene Collection","faces":{"north":{"texture":"#string","uv":[10.2914,7.2323,12.2594,7.6186],"autoUv":false,"rotation":180},"east":{"texture":"#string","uv":[9.7432,1.39,9.6455,1.7248],"autoUv":false},"south":{"texture":"#string","uv":[12.2595,8.0973,10.2914,8.4837],"autoUv":false,"rotation":180},"west":{"texture":"#string","uv":[9.5415,1.4736,9.8473,1.6412],"autoUv":false},"up":{"texture":"#string","uv":[10.2914,7.709,12.2594,8.4583],"autoUv":false},"down":{"texture":"#string","uv":[10.2914,8.0123,12.2594,7.2629],"autoUv":false,"rotation":180}},"children":[]},{"name":"string 15","from":[-0.7598,0.4795,2.1606],"to":[0.0452,1.5045,2.984],"rotationOrigin":[-0.737,0.8353,1.8105],"rotationX":-158.103,"rotationY":12.154,"rotationZ":-23.8873,"group":"Scene Collection","faces":{"north":{"texture":"#string","uv":[10.2919,6.4628,12.2595,7.3956],"autoUv":false,"rotation":180},"east":{"texture":"#string","uv":[9.5757,1.627,9.241,1.7248],"autoUv":false,"rotation":90},"south":{"texture":"#string","uv":[12.2595,6.1045,10.2919,7.0373],"autoUv":false,"rotation":180},"west":{"texture":"#string","uv":[9.3245,1.523,9.4921,1.8288],"autoUv":false,"rotation":270},"up":{"texture":"#string","uv":[12.2595,7.0627,10.2919,7.3731],"autoUv":false,"rotation":180},"down":{"texture":"#string","uv":[12.2595,6.2963,10.2918,5.9859],"autoUv":false}},"children":[]},{"name":"string 16","from":[-0.7596,0.2591,2.0676],"to":[0.0452,1.2841,2.891],"rotationOrigin":[-0.737,0.8353,1.8105],"rotationX":-73.43,"rotationY":-23.3197,"rotationZ":-13.2541,"group":"Scene Collection","faces":{"north":{"texture":"#string","uv":[12.2595,6.3628,10.2923,6.7491],"autoUv":false},"east":{"texture":"#string","uv":[9.3387,1.2225,9.241,1.5572],"autoUv":false,"rotation":180},"south":{"texture":"#string","uv":[10.2923,5.4977,12.2595,5.884],"autoUv":false},"west":{"texture":"#string","uv":[9.1369,1.306,9.4427,1.4736],"autoUv":false,"rotation":180},"up":{"texture":"#string","uv":[12.2595,5.7603,10.2923,6.5097],"autoUv":false,"rotation":180},"down":{"texture":"#string","uv":[12.2595,6.9557,10.2923,6.2064],"autoUv":false}},"children":[]},{"name":"string 17","from":[-40.946,0.6572,-13.7983],"to":[-40.1829,1.2568,-13.1853],"rotationOrigin":[-40.5644,0.8353,-12.8772],"rotationX":155.9539,"rotationY":23.0479,"rotationZ":87.4452,"group":"Scene Collection","faces":{"north":{"texture":"#string","uv":[17.0563,8.5275,18.8741,9.3889],"autoUv":false,"rotation":90},"east":{"texture":"#string","uv":[17.0563,9.6043,18.8741,9.8909],"autoUv":false,"rotation":90},"south":{"texture":"#string","uv":[18.8741,8.8858,17.0563,9.7472],"autoUv":false,"rotation":270},"west":{"texture":"#string","uv":[18.8741,8.5275,17.0563,8.8141],"autoUv":false,"rotation":270},"up":{"texture":"#string","uv":[17.2019,3.7713,17.511,3.8616],"autoUv":false},"down":{"texture":"#string","uv":[17.2791,3.9576,17.4338,3.6752],"autoUv":false,"rotation":180}},"children":[]},{"name":"string 18","from":[-40.9858,0.4537,-12.5691],"to":[-40.3863,1.2168,-11.956],"rotationOrigin":[-40.5644,0.8353,-12.8772],"rotationX":22.7692,"rotationY":-14.3491,"rotationZ":18.4022,"group":"Scene Collection","faces":{"north":{"texture":"#string","uv":[18.8741,9.246,17.0568,10.1074],"autoUv":false},"east":{"texture":"#string","uv":[17.6658,3.7713,17.3567,3.8616],"autoUv":false,"rotation":270},"south":{"texture":"#string","uv":[17.0568,9.6043,18.8741,10.4657],"autoUv":false},"west":{"texture":"#string","uv":[17.4338,3.6752,17.5886,3.9576],"autoUv":false,"rotation":90},"up":{"texture":"#string","uv":[17.0568,9.1023,18.8741,9.3889],"autoUv":false},"down":{"texture":"#string","uv":[17.0568,10.4657,18.8741,10.1791],"autoUv":false,"rotation":180}},"children":[]},{"name":"string 19","from":[-40.986,0.4537,-12.5691],"to":[-40.3863,1.2168,-11.956],"rotationOrigin":[-40.5644,0.8353,-12.8772],"rotationX":64.9531,"rotationY":2.3508,"rotationZ":23.0685,"group":"Scene Collection","faces":{"north":{"texture":"#string","uv":[18.8741,9.753,17.0563,10.1098],"autoUv":false},"east":{"texture":"#string","uv":[17.7618,3.8485,17.4795,4.0032],"autoUv":false},"south":{"texture":"#string","uv":[17.0563,10.618,18.8741,10.9748],"autoUv":false},"west":{"texture":"#string","uv":[17.5755,3.7713,17.6658,4.0804],"autoUv":false},"up":{"texture":"#string","uv":[17.0563,9.6214,18.8741,10.3134],"autoUv":false},"down":{"texture":"#string","uv":[17.0563,10.7595,18.8741,10.0674],"autoUv":false,"rotation":180}},"children":[]},{"name":"string 20","from":[-40.986,0.4537,-12.5691],"to":[-40.3863,1.2168,-11.956],"rotationOrigin":[-40.5644,0.8353,-12.8772],"rotationX":155.9539,"rotationY":23.0479,"rotationZ":-2.5548,"group":"Scene Collection","faces":{"north":{"texture":"#string","uv":[17.0563,9.246,18.8741,10.1074],"autoUv":false,"rotation":180},"east":{"texture":"#string","uv":[17.5886,4.0488,17.4338,4.3312],"autoUv":false,"rotation":90},"south":{"texture":"#string","uv":[18.8741,9.6043,17.0563,10.4657],"autoUv":false,"rotation":180},"west":{"texture":"#string","uv":[17.3567,4.1449,17.6658,4.2352],"autoUv":false,"rotation":270},"up":{"texture":"#string","uv":[17.0563,10.1791,18.8741,10.4657],"autoUv":false},"down":{"texture":"#string","uv":[17.0563,9.3889,18.8741,9.1023],"autoUv":false,"rotation":180}},"children":[]},{"name":"string 21","from":[-40.986,0.4537,-12.5691],"to":[-40.3863,1.2168,-11.956],"rotationOrigin":[-40.5644,0.8353,-12.8772],"rotationX":-115.0469,"rotationY":-2.3508,"rotationZ":-23.0685,"group":"Scene Collection","faces":{"north":{"texture":"#string","uv":[17.0563,8.8834,18.8741,9.2402],"autoUv":false,"rotation":180},"east":{"texture":"#string","uv":[17.3882,4.0032,17.1059,4.158],"autoUv":false,"rotation":180},"south":{"texture":"#string","uv":[18.8741,8.0184,17.0563,8.3752],"autoUv":false,"rotation":180},"west":{"texture":"#string","uv":[17.2019,3.9261,17.2922,4.2352],"autoUv":false,"rotation":180},"up":{"texture":"#string","uv":[18.8741,8.6798,17.0563,9.3718],"autoUv":false,"rotation":180},"down":{"texture":"#string","uv":[18.8741,8.9258,17.0563,8.2337],"autoUv":false}},"children":[]},{"name":"string 22","from":[-40.9858,0.4537,-12.5691],"to":[-40.3863,1.2168,-11.956],"rotationOrigin":[-40.5644,0.8353,-12.8772],"rotationX":108.0557,"rotationY":17.8085,"rotationZ":15.088,"group":"Scene Collection","faces":{"north":{"texture":"#string","uv":[17.0566,9.753,18.8741,10.1098],"autoUv":false,"rotation":180},"east":{"texture":"#string","uv":[17.6658,3.9261,17.5755,4.2352],"autoUv":false},"south":{"texture":"#string","uv":[18.8741,10.618,17.0566,10.9748],"autoUv":false,"rotation":180},"west":{"texture":"#string","uv":[17.4795,4.0032,17.7618,4.158],"autoUv":false},"up":{"texture":"#string","uv":[17.0566,10.0674,18.8741,10.7595],"autoUv":false},"down":{"texture":"#string","uv":[17.0566,10.3134,18.8741,9.6214],"autoUv":false,"rotation":180}},"children":[]},{"name":"string 23","from":[-40.9857,0.4537,-12.5691],"to":[-40.3863,1.2168,-11.956],"rotationOrigin":[-40.5644,0.8353,-12.8772],"rotationX":-157.2308,"rotationY":14.3491,"rotationZ":-18.4022,"group":"Scene Collection","faces":{"north":{"texture":"#string","uv":[17.057,8.8858,18.8741,9.7472],"autoUv":false,"rotation":180},"east":{"texture":"#string","uv":[17.511,4.1449,17.2019,4.2352],"autoUv":false,"rotation":90},"south":{"texture":"#string","uv":[18.8741,8.5275,17.057,9.3889],"autoUv":false,"rotation":180},"west":{"texture":"#string","uv":[17.2791,4.0488,17.4338,4.3312],"autoUv":false,"rotation":270},"up":{"texture":"#string","uv":[18.8741,9.6043,17.057,9.8909],"autoUv":false,"rotation":180},"down":{"texture":"#string","uv":[18.8741,8.8141,17.057,8.5275],"autoUv":false}},"children":[]},{"name":"string 24","from":[-40.9856,0.4537,-12.5691],"to":[-40.3863,1.2168,-11.956],"rotationOrigin":[-40.5644,0.8353,-12.8772],"rotationX":-71.9444,"rotationY":-17.8085,"rotationZ":-15.088,"group":"Scene Collection","faces":{"north":{"texture":"#string","uv":[18.8741,8.8834,17.0573,9.2402],"autoUv":false},"east":{"texture":"#string","uv":[17.2922,3.7713,17.2019,4.0804],"autoUv":false,"rotation":180},"south":{"texture":"#string","uv":[17.0573,8.0184,18.8741,8.3752],"autoUv":false},"west":{"texture":"#string","uv":[17.1059,3.8485,17.3882,4.0032],"autoUv":false,"rotation":180},"up":{"texture":"#string","uv":[18.8741,8.2337,17.0573,8.9258],"autoUv":false,"rotation":180},"down":{"texture":"#string","uv":[18.8741,9.3718,17.0573,8.6798],"autoUv":false}},"children":[]},{"name":"string 25","from":[-40.1862,0.5875,-13.4669],"to":[-39.4733,1.1478,-12.8941],"rotationOrigin":[-39.8297,0.7539,-12.6062],"rotationX":-22.8628,"rotationY":165.373,"rotationZ":-72.2801,"group":"Scene Collection","faces":{"north":{"texture":"#string","uv":[15.0892,11.5264,16.907,12.3879],"autoUv":false,"rotation":90},"east":{"texture":"#string","uv":[15.0892,12.6033,16.907,12.8899],"autoUv":false,"rotation":90},"south":{"texture":"#string","uv":[16.907,11.8848,15.0892,12.7462],"autoUv":false,"rotation":270},"west":{"texture":"#string","uv":[16.907,11.5265,15.0892,11.8131],"autoUv":false,"rotation":270},"up":{"texture":"#string","uv":[9.2153,1.2414,9.5244,1.3316],"autoUv":false},"down":{"texture":"#string","uv":[9.2925,1.4277,9.4472,1.1453],"autoUv":false,"rotation":180}},"children":[]},{"name":"string 26","from":[-40.2234,0.3974,-12.3183],"to":[-39.6633,1.1104,-11.7456],"rotationOrigin":[-39.8297,0.7539,-12.6062],"rotationX":24.0583,"rotationY":-22.7558,"rotationZ":-1.8443,"group":"Scene Collection","faces":{"north":{"texture":"#string","uv":[16.907,12.2449,15.0897,13.1064],"autoUv":false},"east":{"texture":"#string","uv":[9.6792,1.2414,9.3701,1.3316],"autoUv":false,"rotation":270},"south":{"texture":"#string","uv":[15.0897,12.6033,16.907,13.4647],"autoUv":false},"west":{"texture":"#string","uv":[9.4472,1.1453,9.602,1.4277],"autoUv":false,"rotation":90},"up":{"texture":"#string","uv":[15.0897,12.1012,16.907,12.3879],"autoUv":false},"down":{"texture":"#string","uv":[15.0897,13.4647,16.907,13.178],"autoUv":false,"rotation":180}},"children":[]},{"name":"string 27","from":[-40.2236,0.3974,-12.3184],"to":[-39.6633,1.1104,-11.7456],"rotationOrigin":[-39.8297,0.7539,-12.6062],"rotationX":71.7503,"rotationY":-17.1275,"rotationZ":15.3221,"group":"Scene Collection","faces":{"north":{"texture":"#string","uv":[16.907,12.7519,15.0892,13.1087],"autoUv":false},"east":{"texture":"#string","uv":[9.7752,1.3186,9.4928,1.4733],"autoUv":false},"south":{"texture":"#string","uv":[15.0892,13.617,16.907,13.9738],"autoUv":false},"west":{"texture":"#string","uv":[9.5889,1.2414,9.6792,1.5505],"autoUv":false},"up":{"texture":"#string","uv":[15.0892,12.6204,16.907,13.3124],"autoUv":false},"down":{"texture":"#string","uv":[15.0892,13.7584,16.907,13.0664],"autoUv":false,"rotation":180}},"children":[]},{"name":"string 28","from":[-40.2236,0.3974,-12.3183],"to":[-39.6633,1.1104,-11.7456],"rotationOrigin":[-39.8297,0.7539,-12.6062],"rotationX":157.1372,"rotationY":14.627,"rotationZ":17.7199,"group":"Scene Collection","faces":{"north":{"texture":"#string","uv":[15.0892,12.2449,16.907,13.1064],"autoUv":false,"rotation":180},"east":{"texture":"#string","uv":[9.602,1.5189,9.4472,1.8013],"autoUv":false,"rotation":90},"south":{"texture":"#string","uv":[16.907,12.6032,15.0892,13.4647],"autoUv":false,"rotation":180},"west":{"texture":"#string","uv":[9.3701,1.615,9.6792,1.7052],"autoUv":false,"rotation":270},"up":{"texture":"#string","uv":[15.0892,13.178,16.907,13.4647],"autoUv":false},"down":{"texture":"#string","uv":[15.0892,12.3879,16.907,12.1012],"autoUv":false,"rotation":180}},"children":[]},{"name":"string 29","from":[-40.2236,0.3974,-12.3183],"to":[-39.6633,1.1104,-11.7456],"rotationOrigin":[-39.8297,0.7539,-12.6062],"rotationX":-108.2497,"rotationY":17.1275,"rotationZ":-15.3221,"group":"Scene Collection","faces":{"north":{"texture":"#string","uv":[15.0892,11.8824,16.907,12.2392],"autoUv":false,"rotation":180},"east":{"texture":"#string","uv":[9.4016,1.4733,9.1192,1.6281],"autoUv":false,"rotation":180},"south":{"texture":"#string","uv":[16.907,11.0173,15.0892,11.3742],"autoUv":false,"rotation":180},"west":{"texture":"#string","uv":[9.2153,1.3961,9.3056,1.7052],"autoUv":false,"rotation":180},"up":{"texture":"#string","uv":[16.907,11.6787,15.0892,12.3708],"autoUv":false,"rotation":180},"down":{"texture":"#string","uv":[16.907,11.9247,15.0892,11.2327],"autoUv":false}},"children":[]},{"name":"string 30","from":[-40.2235,0.3974,-12.3183],"to":[-39.6633,1.1104,-11.7456],"rotationOrigin":[-39.8297,0.7539,-12.6062],"rotationX":114.7719,"rotationY":-1.7008,"rotationZ":22.7664,"group":"Scene Collection","faces":{"north":{"texture":"#string","uv":[15.0895,12.7519,16.907,13.1087],"autoUv":false,"rotation":180},"east":{"texture":"#string","uv":[9.6792,1.3961,9.5889,1.7052],"autoUv":false},"south":{"texture":"#string","uv":[16.907,13.617,15.0895,13.9738],"autoUv":false,"rotation":180},"west":{"texture":"#string","uv":[9.4928,1.4733,9.7752,1.6281],"autoUv":false},"up":{"texture":"#string","uv":[15.0895,13.0664,16.907,13.7584],"autoUv":false},"down":{"texture":"#string","uv":[15.0895,13.3124,16.907,12.6204],"autoUv":false,"rotation":180}},"children":[]},{"name":"string 31","from":[-40.2234,0.3974,-12.3183],"to":[-39.6633,1.1104,-11.7456],"rotationOrigin":[-39.8297,0.7539,-12.6062],"rotationX":-155.9417,"rotationY":22.7558,"rotationZ":1.8444,"group":"Scene Collection","faces":{"north":{"texture":"#string","uv":[15.0899,11.8848,16.907,12.7462],"autoUv":false,"rotation":180},"east":{"texture":"#string","uv":[9.5244,1.615,9.2153,1.7052],"autoUv":false,"rotation":90},"south":{"texture":"#string","uv":[16.907,11.5264,15.0899,12.3879],"autoUv":false,"rotation":180},"west":{"texture":"#string","uv":[9.2925,1.5189,9.4472,1.8013],"autoUv":false,"rotation":270},"up":{"texture":"#string","uv":[16.907,12.6033,15.0899,12.8899],"autoUv":false,"rotation":180},"down":{"texture":"#string","uv":[16.907,11.8131,15.0899,11.5264],"autoUv":false}},"children":[]},{"name":"string 32","from":[-40.2232,0.3974,-12.3183],"to":[-39.6633,1.1104,-11.7456],"rotationOrigin":[-39.8297,0.7539,-12.6062],"rotationX":-65.2281,"rotationY":1.7008,"rotationZ":-22.7664,"group":"Scene Collection","faces":{"north":{"texture":"#string","uv":[16.907,11.8824,15.0902,12.2392],"autoUv":false},"east":{"texture":"#string","uv":[9.3056,1.2414,9.2153,1.5505],"autoUv":false,"rotation":180},"south":{"texture":"#string","uv":[15.0902,11.0173,16.907,11.3742],"autoUv":false},"west":{"texture":"#string","uv":[9.1192,1.3186,9.4016,1.4733],"autoUv":false,"rotation":180},"up":{"texture":"#string","uv":[16.907,11.2327,15.0902,11.9247],"autoUv":false,"rotation":180},"down":{"texture":"#string","uv":[16.907,12.3708,15.0902,11.6787],"autoUv":false}},"children":[]},{"name":"string 33","from":[-39.2544,-0.0164,-13.5616],"to":[-38.9097,0.373,-12.5374],"rotationOrigin":[-39.0044,0.1783,-14.0374],"rotationX":0,"rotationY":-37.3187,"rotationZ":0,"group":"Scene Collection","faces":{"north":{"texture":"#string","uv":[18.4463,4.6783,19.0172,5.3231],"autoUv":false,"rotation":180},"east":{"texture":"#string","uv":[22.3622,6.5519,23.007,8.2481],"autoUv":false,"rotation":90},"south":{"texture":"#string","uv":[19.0172,4.6783,19.5882,5.3231],"autoUv":false,"rotation":180},"west":{"texture":"#string","uv":[22.3622,4.8556,23.007,6.5519],"autoUv":false,"rotation":90},"up":{"texture":"#string","uv":[23.007,4.8556,23.578,6.5519],"autoUv":false},"down":{"texture":"#string","uv":[23.578,8.2481,23.007,6.5519],"autoUv":false}},"children":[]}]}]}],"groups":[]}