[
	{
		"ingredientPattern": "BL,C_,P_",
		"recipeGroup": 2,
		"ingredients": {
			"B": { "type": "item", "code": "visorhelmets:armor-head-*-closed", "name": "metal", "allowedVariants": ["copper", "tinbronze", "bismuthbronze", "blackbronze", "iron", "meteoriciron", "steel", "gold", "silver"] },
			"P": { "type": "item", "code": "game:metalplate-*", "name": "metal", "allowedVariants": ["copper", "tinbronze", "bismuthbronze", "blackbronze", "iron", "meteoriciron", "steel", "gold", "silver"] },
			"C": { "type": "item", "code": "game:metalchain-*", "name": "metal", "allowedVariants": ["copper", "tinbronze", "bismuthbronze", "blackbronze", "iron", "meteoriciron", "steel", "gold", "silver"] },
			"L": { "type": "item", "code": "game:leather-normal-plain" }
		},
		"width": 2,
		"height": 3,
		"shapeless": true,
		"copyAttributesFrom": 'B',
		"averageDurability": false,
		"name": "closed visor helmet repair",
		"output": { "type": "item", "code": "visorhelmets:armor-head-{metal}-closed"  }
	},
	{
		ingredientPattern: "BL,C_,P_",
		recipeGroup: 2,
		ingredients: {
			"B": { type: "item", code: "visorhelmets:armor-head-*-opened", name: "metal", allowedVariants: ["copper", "tinbronze", "bismuthbronze", "blackbronze", "iron", "meteoriciron", "steel", "gold", "silver"] },
			"P": { type: "item", code: "game:metalplate-*", name: "metal", allowedVariants: ["copper", "tinbronze", "bismuthbronze", "blackbronze", "iron", "meteoriciron", "steel", "gold", "silver"] },
			"C": { type: "item", code: "game:metalchain-*", name: "metal", allowedVariants: ["copper", "tinbronze", "bismuthbronze", "blackbronze", "iron", "meteoriciron", "steel", "gold", "silver"] },
			"L": { type: "item", code: "game:leather-normal-plain" }
		},
		width: 2,
		height: 3,
		shapeless: true,
		copyAttributesFrom: 'B',
		averageDurability: false,
		name: "opened visor helmet repair",
		output: { type: "item", code: "visorhelmets:armor-head-{metal}-opened"  }
	},
	{
		ingredientPattern: "BL,C_,P_",
		recipeGroup: 2,
		ingredients: {
			"B": { type: "item", code: "visorhelmets:armor-head-vanilla*-closed", name: "metal", allowedVariants: ["meteoriciron", "gold", "silver"] },
			"P": { type: "item", code: "game:metalplate-*", name: "metal", allowedVariants: ["meteoriciron", "gold", "silver"] },
			"C": { type: "item", code: "game:metalchain-*", name: "metal", allowedVariants: ["meteoriciron", "gold", "silver"] },
			"L": { type: "item", code: "game:leather-normal-plain" }
		},
		width: 2,
		height: 3,
		shapeless: true,
		copyAttributesFrom: 'B',
		averageDurability: false,
		name: "vanilla closed visor helmet repair",
		output: { type: "item", code: "visorhelmets:armor-head-vanilla{metal}-closed"  }
	},
	{
		ingredientPattern: "BL,C_,P_",
		recipeGroup: 2,
		ingredients: {
			"B": { type: "item", code: "visorhelmets:armor-head-vanilla*-opened", name: "metal", allowedVariants: ["meteoriciron", "gold", "silver"] },
			"P": { type: "item", code: "game:metalplate-*", name: "metal", allowedVariants: ["meteoriciron", "gold", "silver"] },
			"C": { type: "item", code: "game:metalchain-*", name: "metal", allowedVariants: ["meteoriciron", "gold", "silver"] },
			"L": { type: "item", code: "game:leather-normal-plain" }
		},
		width: 2,
		height: 3,
		shapeless: true,
		copyAttributesFrom: 'B',
		averageDurability: false,
		name: "vanilla opened visor helmet repair",
		output: { type: "item", code: "visorhelmets:armor-head-vanilla{metal}-opened"  }
	},
	{
		ingredientPattern: "H,C,P",
		recipeGroup: 2,
		ingredients: {
			"P": { type: "item", code: "game:metalplate-iron" },
			"H": { type: "item", code: "visorhelmets:armor-head-blackguard-closed" },
			"C": { type: "item", code: "game:metalchain-iron" },
		},
		width: 1,
		height: 3,
		shapeless: true,
		copyAttributesFrom: 'H',
		averageDurability: false,
		name: "closed visored blackguard helmet repair",
		output: { type: "item", code: "visorhelmets:armor-head-blackguard-closed"  }
	},
	{
		ingredientPattern: "H,C,P",
		recipeGroup: 2,
		ingredients: {
			"P": { type: "item", code: "game:metalplate-iron" },
			"H": { type: "item", code: "visorhelmets:armor-head-blackguard-opened" },
			"C": { type: "item", code: "game:metalchain-iron" },
		},
		width: 1,
		height: 3,
		shapeless: true,
		copyAttributesFrom: 'H',
		averageDurability: false,
		name: "opened visored blackguard helmet repair",
		output: { type: "item", code: "visorhelmets:armor-head-blackguard-opened"  }
	},
	{
		ingredientPattern: "H,C,P",
		recipeGroup: 2,
		ingredients: {
			"P": { type: "item", code: "game:metalplate-iron" },
			"H": { type: "item", code: "visorhelmets:armor-head-forlorn-closed" },
			"C": { type: "item", code: "game:metalchain-iron" },
		},
		width: 1,
		height: 3,
		shapeless: true,
		copyAttributesFrom: 'H',
		averageDurability: false,
		name: "closed visored forlorn helmet repair",
		output: { type: "item", code: "visorhelmets:armor-head-forlorn-closed"  }
	},
	{
		ingredientPattern: "H,C,P",
		recipeGroup: 2,
		ingredients: {
			"P": { type: "item", code: "game:metalplate-iron" },
			"H": { type: "item", code: "visorhelmets:armor-head-forlorn-opened" },
			"C": { type: "item", code: "game:metalchain-iron" },
		},
		width: 1,
		height: 3,
		shapeless: true,
		copyAttributesFrom: 'H',
		averageDurability: false,
		name: "opened visored forlorn helmet repair",
		output: { type: "item", code: "visorhelmets:armor-head-forlorn-opened"  }
	}
]