[
	{
		"enabled": false,
		"comment": "Ffs...",
		"file": "compatibility/clayworks/blocktypes/clay/bucketcoloured.json",
		"op": "replace",
		"path": "/enabled",
		"value": "false",
		"side": "server"
	},
	{
		"enabled": false,
		"file": "compatibility/clayworks/blocktypes/clay/bucketcoloured.json",
		"op": "add",
		"path": "/skipVariants",
		"value": [ "*-white-raw", "*-yellow-raw" ],
		"side": "server"
	},
	{
		"enabled": false,
		"file": "compatibility/clayworks/recipes/clayforming/bucket.json",
		"op": "remove",
		"path": "/ingredient/allowedVariants/0",
		"side": "server"
	}
]