[
	{
		"enabled": false,
		"file": "recipes/clayforming/bucket.json",
		"op": "addmerge",
		"path": "/ingredient/allowedVariants/-",
		"value": "malachite",
		"side": "server"
	},
	{
		"enabled": false,//stay disabled
		"file": "blocktypes/clay/bucket.json",
		"op": "addeach",
		"path": "/variantgroups/0/states/-",
		"value": [ "blurple", "darkgrey", "green", "lavender", "light", "malachite", "paleblue", "palegreen", "palered", "peach", "pink", "purple", "sunflower", "white", "yellow" ],
		"side": "server"
	},
	{
		"enabled": false,
		"file": "blocktypes/clay/bucket.json",
		"op": "addeach",
		"path": "/variantgroups/0/states/-",
		"value": [ "blurple", "green", "malachite", "pink", "purple" ],
		"side": "server"
	},
	{
		"enabled": false,
		"file": "blocktypes/clay/bucket.json",
		"op": "addeach",
		"path": "/skipVariants/-",
		"value": [ "*-blurple-raw", "*-green-raw", "*-pink-raw", "*-purple-raw" ],
		"side": "server"
	},
	{
		"enabled": false,//stay disabled
		"file": "blocktypes/clay/bucket.json",
		"op": "addmerge",
		"path": "/texturesByType",
		"value": {
			"@.*-(blurple|darkgrey|green|lavender|light|malachite|pink|paleblue|palegreen|palered|peach|purple|sunflower|white|yellow)-raw": {
				"all": { "base": "bricklayers:block/clay/raw/{color}" }
			}
		},
		"side": "server"
	},
	{
		"enabled": false,
		"file": "blocktypes/clay/bucket.json",
		"op": "addmerge",
		"path": "/texturesByType",
		"value": {
			"*-malachite-raw": {
				"all": { "base": "bricklayers:block/clay/raw/{color}" }
			}
		},
		"side": "server"
	},
	{
		"enabled": false,
		"file": "blocktypes/clay/bucket.json",
		"op": "move",
		"frompath": "/texturesByType/*-raw",
		"path": "/temp",
		"side": "server"
	},
	{
		"enabled": false,
		"file": "blocktypes/clay/bucket.json",
		"op": "move",
		"frompath": "/temp",
		"path": "/texturesByType/*-raw",
		"side": "server"
	},
	{
		"enabled": false,//stay disabled
		"file": "blocktypes/clay/bucket.json",
		"op": "addmerge",
		"path": "/texturesByType",
		"value": {
			"@.*-(green|lavender|light|malachite|pink|paleblue|palegreen|palered|peach|purple|sunflower|white|yellow)-fired": {
				"side": { "base": "bricklayers:block/clay/burnt/{color}" },
				"bottom": { "base": "bricklayers:block/clay/burnt/{color}", "overlays": [ "game:block/slightlydarker" ] }
			}
		},
		"side": "server"
	},
	{
		"enabled": false,
		"file": "blocktypes/clay/bucket.json",
		"op": "addmerge",
		"path": "/texturesByType",
		"value": {
			"@.*-(blurple|green|malachite|pink|purple)-fired": {
				"all": { "base": "bricklayers:block/clay/burnt/{color}" }
			}
		},
		"side": "server"
	},
	{
		"enabled": false,
		"file": "blocktypes/clay/bucket.json",
		"op": "move",
		"frompath": "/texturesByType/*-fired",
		"path": "/temp",
		"side": "server"
	},
	{
		"enabled": false,
		"file": "blocktypes/clay/bucket.json",
		"op": "move",
		"frompath": "/temp",
		"path": "/texturesByType/*-fired",
		"side": "server"
	},
	{
		"enabled": false,
		"file": "blocktypes/clay/bucket.json",
		"op": "addmerge",
		"path": "/combustiblePropsByType/*-malachite-raw",
		"value": {
			"meltingPoint": 600,
			"meltingDuration": 30,
			"smeltedRatio": 1,
			"smeltingType": "fire",
			"requiresContainer": false,
			"smeltedStack": { "type": "block", "code": "bradycrudebuilding:claybucket-green-fired" }
    },
		"side": "server"
	},
	{
		"enabled": false,//stay disabled
		"//comment": "https://github.com/anegostudios/Tavis.JsonPatch/pull/3",
		"file": "blocktypes/clay/bucket.json",
		"op": "addmerge",
		"path": "/attributesByType/claybucket-fire-raw/beehivekiln/3/code",
		"value": "bradycrudebuilding:claybucket-yellow-fired",
		"side": "server"
	},
	{
		"enabled": true,
		"file": "blocktypes/clay/bucket.json",
		"op": "replace",
		"path": "/attributesByType/claybucket-fire-raw",
		"value": {
			"beehivekiln": {
				"0": { "type": "block", "code": "bradycrudebuilding:claybucket-fire-fired" },
				"1": { "type": "block", "code": "bradycrudebuilding:claybucket-fire-fired" },
				"2": { "type": "block", "code": "bradycrudebuilding:claybucket-fire-fired" },
				"3": { "type": "block", "code": "bradycrudebuilding:claybucket-yellow-fired" }
			}
		},
		"side": "server"
	},
	{
		"enabled": false,//stay disabled
		"file": "blocktypes/clay/bucket.json",
		"op": "addmerge",
		"path": "/attributesByType/*-red-raw/beehivekiln/0/code",
		"value": "bradycrudebuilding:claybucket-pink-fired",
		"side": "server"
	},
	{
		"enabled": true,
		"file": "blocktypes/clay/bucket.json",
		"op": "replace",
		"path": "/attributesByType/claybucket-red-raw",
		"value": {
			"beehivekiln": {
				"0": { "type": "block", "code": "bradycrudebuilding:claybucket-pink-fired" },
				"1": { "type": "block", "code": "bradycrudebuilding:claybucket-orange-fired" },
				"2": { "type": "block", "code": "bradycrudebuilding:claybucket-red-fired" },
				"3": { "type": "block", "code": "bradycrudebuilding:claybucket-brown-fired" }
			}
		},
		"side": "server"
	},
	{
		"enabled": false,
		"file": "blocktypes/clay/bucket.json",
		"op": "addmerge",
		"path": "/attributesByType/*-malachite-raw",
		"value": {
			"beehivekiln": {
				"0": { "type": "block", "code": "bradycrudebuilding:claybucket-green-fired" },
				"1": { "type": "block", "code": "bradycrudebuilding:claybucket-malachite-fired" },
				"2": { "type": "block", "code": "bradycrudebuilding:claybucket-blurple-fired" },
				"3": { "type": "block", "code": "bradycrudebuilding:claybucket-purple-fired" }
			}
		},
		"side": "server"
	}
]