[
	{
		"file": "game:itemtypes/tool/axe-metal.json",
		"op": "addmerge",
		"path": "/shapeByType",
		"value": {
		"axe-scrap-scrap": { "base": "item/tool/axe/scrap" },
		"axe-felling-copper": { "base": "item/tool/axe/copper" },
		"axe-felling-tinbronze": { "base": "item/tool/axe/bronze" },
		"axe-felling-bismuthbronze": { "base": "item/tool/axe/bronze" },
		"axe-felling-blackbronze": { "base": "item/tool/axe/bronze" },
		"axe-felling-gold": { "base": "item/tool/axe/iron" },
		"axe-felling-silver": { "base": "item/tool/axe/iron" },
		"axe-felling-iron": { "base": "item/tool/axe/iron" },
		"axe-felling-meteoriciron": { "base": "item/tool/axe/iron" },
		"axe-felling-steel": { "base": "item/tool/axe/iron" },
		"*-ruined": { base: "item/tool/axe/ruined/{type}" }
		}
	}
]