[
    {
        "file": "game:itemtypes/tool/blade.json",
        "op": "replace",
        "path": "/attributes/groundStorageTransformByType",
        "value": {
            "blade-scrap-scrap": {
                translation: { x: 0.24, y: 0.34, z: 0 },
                rotation: { x: 24, y: 61, z: -87 },
                scale: 0.88
            },
            "blade-forlorn-iron": {
                translation: { x: 0, y: 0.60, z: -0.07 },
                rotation: { x: 22, y: 88, z: -87 },
                scale: 0.80
            },
            "blade-falx-*": {
                translation: { x: 0.24, y: 0.305, z: -0.06 },
                rotation: { x: 24, y: 61, z: -87 },
                scale: 0.88
            },
            "blade-gladius-ruined": {
                translation: { x: 0, y: 0.33, z: 0.07 },
                rotation: { x: 24, y: 90, z: -87 },
                scale: 0.63
            },
            "blade-arming-ruined": {
                translation: { x: 0, y: 0.63, z: 0.08 },
                rotation: { x: 24, y: 90, z: -87 },
                scale: 0.63
            },
            "blade-claymore-ruined": {
                translation: { x: 0, y: 1.05, z: 0.065 },
                rotation: { x: 24, y: 90, z: -87 },
                scale: 0.63
            },
            "*": {
                translation: { x: 0.24, y: 0.195, z: -0.06 },
                rotation: { x: 24, y: 61, z: -87 },
                scale: 0.88
            }
        }
    },
    {
        "op": "replace",
        "path": "/guiTransformByType",
        "value": {
            "blade-scrap-scrap": {
                translation: { x: 0, y: 0, z: 0 },
                rotation: { x: -94, y: 47, z: 44 },
                origin: { x: 0.73, y: 0, z: 0.48 },
                scale: 2.2
            },
            "blade-blackguard-iron": {
                translation: { x: 0, y: 0, z: 0 },
                rotation: { x: -89, y: 47, z: -13 },
                origin: { x: 0.6, y: -0.1, z: 0.44 },
                scale: 1.65
            },
            "blade-forlorn-iron": {
                translation: { x: 0, y: 0, z: 0 },
                rotation: { x: -89, y: 47, z: 44 },
                origin: { x: 0.6, y: -0.2, z: 0.44 },
                scale: 1.42
            },
            "blade-longsword-admin": {
                translation: { x: 0, y: 0, z: 0 },
                rotation: { x: -53, y: 118, z: -5 },
                origin: { x: 0.64, y: 0.1, z: 0.44 },
                scale: 1.65
            },
            "blade-claymore-ruined": {
                translation: { x: 0, y: 0, z: 0 },
                rotation: { x: -87, y: 119, z: 30 },
                origin: { x: 1.15, y: -0.1, z: 0.57 },
                scale: 1.95
            },
            "blade-sabre-ruined": {
                translation: { x: 0, y: 0, z: 0 },
                rotation: { x: -37, y: 124, z: -7 },
                origin: { x: 0.85, y: -0.1, z: 0.57 },
                scale: 2.06
            },
            "*-ruined": {
                translation: { x: 0, y: 0, z: 0 },
                rotation: { x: -53, y: 118, z: 8 },
                origin: { x: 1.15, y: 0.2, z: 0.57 },
                scale: 1.76
            },
            "@blade-falx-(copper|tinbronze|bismuthbronze|blackbronze)": {
                translation: { x: 5, y: 0, z: 0 },
                rotation: { x: -53, y: 110, z: -5 },
                origin: { x: 0.65, y: 0.1, z: 0.37 },
                scale: 1.65
            },
            "@blade-falx-(iron|meteoriciron|steel|gold|silver)": {
                translation: { x: 0, y: 0, z: 0 },
                rotation: { x: -53, y: 118, z: -5 },
                origin: { x: 0.65, y: 0.1, z: 0.37 },
                scale: 1.65
            }
        },
        "file": "game:itemtypes/tool/blade.json"
    }
]