[
	{
		"file": "game:itemtypes/tool/hammer.json",
		"op": "addmerge",
		"path": "/shapeByType",
		"value": {
		"hammer-bismuthbronze": { base: "item/tool/hammer-bronze" },
		"hammer-tinbronze": { base: "item/tool/hammer-bronze" },
		"hammer-blackbronze": { base: "item/tool/hammer-bronze" },
		"hammer-gold": { base: "item/tool/hammer-iron" },
		"hammer-silver": { base: "item/tool/hammer-iron" },
		"hammer-iron": { base: "item/tool/hammer-iron" },
		"hammer-meteoriciron": { base: "item/tool/hammer-iron" },
		"hammer-steel": { base: "item/tool/hammer-iron" }
		}
	}
]