[
	{
		"file": "game:itemtypes/tool/hoe.json",
		"op": "addmerge",
		"path": "/shapeByType",
		"value": {
		"*-bismuthbronze": { base: "item/tool/hoe-bronze" },
		"*-tinbronze": { base: "item/tool/hoe-bronze" },
		"*-blackbronze": { base: "item/tool/hoe-bronze" },
		"*-gold": { base: "item/tool/hoe-iron" },
		"*-silver": { base: "item/tool/hoe-iron" },
		"*-iron": { base: "item/tool/hoe-iron" },
		"*-meteoriciron": { base: "item/tool/hoe-iron" },
		"*-steel": { base: "item/tool/hoe-iron" }
		}
	}
]