[
  {
    "file": "game:itemtypes/tool/knife.json",
    "op": "replace",
    "path": "/shapeByType",
    "value": {
      "@knife-generic-(chert|granite|andesite|basalt|obsidian|flint|peridotite)": {
        base: "game:item/tool/knife/stone"
      },
      "knife-generic-bone*": {
        base: "item/tool/knife/stone"
      },
      "*-copper": {
        base: "item/tool/knife/copper"
      },
      "@knife-generic-(tinbronze|bismuthbronze|blackbronze)": {
        base: "item/tool/knife/bronze"
      },
      "@knife-generic-(gold|silver|iron|meteoriciron)": {
        base: "item/tool/knife/iron"
      },
      "*-steel": {
        base: "item/tool/knife/iron"
      },
      "*-ruined": {
        base: "item/tool/knife/ruined/{type}"
      },
      "*": {
        base: "item/tool/knife/copper"
      }
    }
  }
]