[
	{
		"file": "game:itemtypes/tool/pickaxe.json",
		"op": "addmerge",
		"path": "/shapeByType",
		"value": {
		"pickaxe-bismuthbronze": { base: "item/tool/pickaxe-bronze" },
		"pickaxe-tinbronze": { base: "item/tool/pickaxe-bronze" },
		"pickaxe-blackbronze": { base: "item/tool/pickaxe-bronze" },
		"pickaxe-gold": { base: "item/tool/pickaxe-iron" },
		"pickaxe-silver": { base: "item/tool/pickaxe-iron" },
		"pickaxe-iron": { base: "item/tool/pickaxe-iron" },
		"pickaxe-meteoriciron": { base: "item/tool/pickaxe-iron" },
		"pickaxe-steel": { base: "item/tool/pickaxe-iron" }
		}
	}
]