[
	{
		"file": "game:itemtypes/tool/scythe.json",
		"op": "addmerge",
		"path": "/shapeByType",
		"value": {
		"scythe-bismuthbronze": { base: "item/tool/scythe-bronze" },
		"scythe-tinbronze": { base: "item/tool/scythe-bronze" },
		"scythe-blackbronze": { base: "item/tool/scythe-bronze" },
		"scythe-gold": { base: "item/tool/scythe-iron" },
		"scythe-silver": { base: "item/tool/scythe-iron" },
		"scythe-iron": { base: "item/tool/scythe-iron" },
		"scythe-meteoriciron": { base: "item/tool/scythe-iron" },
		"scythe-steel": { base: "item/tool/scythe-iron" }
		}
	}
]