[
    {
        "op": "replace",
        "path": "/guiTransform",
        "value": {
		translation: { x: 0.5, y: 4, z: 0 },
		rotation: { x: -89, y: 45, z: 33 },
		origin: { x: 0.85, y: 0.4, z: 0.48 },
		scale: 2.5
        },
        "file": "game:itemtypes/tool/shears.json"
    },
    {
        "op": "replace",
        "path": "/attributes/groundStorageTransform",
        "value": {
			translation: { x: 0, y: 0.065, z: 0.035 },
			rotation: { x: 26, y: 88, z: -87 },
			scale: 0.88
        },
        "file": "game:itemtypes/tool/shears.json"
    }
]