[
	{
		"file": "game:itemtypes/tool/spear.json",
		"op": "replace",
		"path": "/guiTransformByType",
		"value": {
		"*-erel": {
			translation: { x: -0.1, y: 0, z: 0 },
			rotation: { x: -60, y: 124, z: 6 },
			origin: { x: 0.39, y: 0, z: 0.5 },
			scale: 2.26
		},
		"spear-generic-hacking": {
			translation: { x: 0, y: 0, z: 0 },
			rotation: { x: 23, y: -180, z: -52 },
			origin: { x: 1.43, y: 0, z: 0.52 },
			scale: 2.26
		},
		"spear-scrap-scrap": {
			translation: { x: 0, y: 0, z: 0 },
			rotation: { x: -60, y: 124, z: 6 },
			origin: { x: 1.54, y: 0, z: 0.5 },
			scale: 2.26
		},
		"spear-voulge-ruined": {
			translation: { x: 0, y: 0, z: 0 },
			rotation: { x: -180, y: 128, z: 38 },
			origin: { x: 1.29, y: 0, z: 0.5 },
			scale: 2.26
		},
		"spear-ranseur-ruined": {
			translation: { x: 0, y: 0, z: 0 },
			rotation: { x: -175, y: 140, z: 38 },
			origin: { x: 1.19, y: 0, z: 0.6 },
			scale: 2.26
		},
		"@spear-generic-(copper|tinbronze|bismuthbronze|blackbronze|ornate-gold|ornate-silver)": {
			translation: { x: 0, y: 0, z: 0 },
			rotation: { x: 33, y: 0, z: -127 },
			origin: { x: 1.29, y: 0.05, z: 0.52 },
			scale: 2.26
		},
		"*": {
			translation: { x: 0, y: 0, z: 0 },
			rotation: { x: 33, y: 0, z: -127 },
			origin: { x: 1.19, y: 0, z: 0.5 },
			scale: 2.26
			}
		}
	}
]