[
    {
        "file": "game:blocktypes/plant/bigberrybush.json",
        "op": "add",
        "path": "/guiTransform",
        "side": "server",
        "value": {
            "rotation": {
                "x": -23,
                "y": -25,
                "z": 0
            },
            "origin": {
                "x": 0.7,
                "y": 0.69,
                "z": 0.4
            }
        }
    },
    {
        "file": "game:blocktypes/plant/bigberrybush.json",
        "op": "replace",
        "path": "/shapeByType",
        "side": "server",
        "value": {
            "*-empty": {
                "base": "game:block/plant/berrybush/currant*",
                "selectiveElements": [ "Stem/*", "Leaves/*", "Leaves2/*", "Largeleaves/*" ],
                "alternates": [
                    { "rotateY": 10 },
                    { "rotateY": 70 },
                    { "rotateY": 130 },
                    { "rotateY": 190 },
                    { "rotateY": 250 },
                    { "rotateY": 310 }
                ]
            },
            "*": {
                "base": "game:block/plant/berrybush/currant*",
                "alternates": [
                    { "rotateY": 10 },
                    { "rotateY": 70 },
                    { "rotateY": 130 },
                    { "rotateY": 190 },
                    { "rotateY": 250 },
                    { "rotateY": 310 }
                ]
            }
        }
    },
    {
        "file": "game:blocktypes/plant/bigberrybush.json",
        "op": "replace",
        "path": "/textures",
        "side": "server",
        "value": {
            "leavessmall": {
                "base": "game:block/plant/berrybush/small/leaves/currant1",
                "alternates": [
                    { "base": "game:block/plant/berrybush/small/leaves/currant2" },
                    { "base": "game:block/plant/berrybush/small/leaves/currant3" },
                    { "base": "game:block/plant/berrybush/small/leaves/currant4" },
                    { "base": "game:block/plant/berrybush/small/leaves/currant5" }
                ]
            },
            "leavessmall2": {
                "base": "game:block/plant/berrybush/small/leaves/currant2",
                "alternates": [
                    { "base": "game:block/plant/berrybush/small/leaves/currant3" },
                    { "base": "game:block/plant/berrybush/small/leaves/currant4" },
                    { "base": "game:block/plant/berrybush/small/leaves/currant5" },
                    { "base": "game:block/plant/berrybush/small/leaves/currant1" }
                ]
            },
            "leavessmall3": {
                "base": "game:block/plant/berrybush/small/leaves/currant3",
                "alternates": [
                    { "base": "game:block/plant/berrybush/small/leaves/currant4" },
                    { "base": "game:block/plant/berrybush/small/leaves/currant5" },
                    { "base": "game:block/plant/berrybush/small/leaves/currant1" },
                    { "base": "game:block/plant/berrybush/small/leaves/currant2" }
                ]
            },
            "leavessmall4": {
                "base": "game:block/plant/berrybush/small/leaves/currant4",
                "alternates": [
                    { "base": "game:block/plant/berrybush/small/leaves/currant5" },
                    { "base": "game:block/plant/berrybush/small/leaves/currant1" },
                    { "base": "game:block/plant/berrybush/small/leaves/currant2" },
                    { "base": "game:block/plant/berrybush/small/leaves/currant3" }
                ]
            },
            "leavessmall5": {
                "base": "game:block/plant/berrybush/small/leaves/currant5",
                "alternates": [
                    { "base": "game:block/plant/berrybush/small/leaves/currant1" },
                    { "base": "game:block/plant/berrybush/small/leaves/currant2" },
                    { "base": "game:block/plant/berrybush/small/leaves/currant3" },
                    { "base": "game:block/plant/berrybush/small/leaves/currant4" }
                ]
            },

            "stem": {
                "base": "game:block/plant/berrybush/small/branches/currant1",
                "alternates": [
                    { "base": "game:block/plant/berrybush/small/branches/currant2" },
                    { "base": "game:block/plant/berrybush/small/branches/currant3" },
                    { "base": "game:block/plant/berrybush/small/branches/currant4" },
                    { "base": "game:block/plant/berrybush/small/branches/currant5" }
                ]
            },
            "stem2": {
                "base": "game:block/plant/berrybush/small/branches/currant2",
                "alternates": [
                    { "base": "game:block/plant/berrybush/small/branches/currant3" },
                    { "base": "game:block/plant/berrybush/small/branches/currant4" },
                    { "base": "game:block/plant/berrybush/small/branches/currant5" },
                    { "base": "game:block/plant/berrybush/small/branches/currant1" }
                ]
            },
            "stem3": {
                "base": "game:block/plant/berrybush/small/branches/currant3",
                "alternates": [
                    { "base": "game:block/plant/berrybush/small/branches/currant4" },
                    { "base": "game:block/plant/berrybush/small/branches/currant5" },
                    { "base": "game:block/plant/berrybush/small/branches/currant1" },
                    { "base": "game:block/plant/berrybush/small/branches/currant2" }
                ]
            },
            "stem4": {
                "base": "game:block/plant/berrybush/small/branches/currant4",
                "alternates": [
                    { "base": "game:block/plant/berrybush/small/branches/currant5" },
                    { "base": "game:block/plant/berrybush/small/branches/currant1" },
                    { "base": "game:block/plant/berrybush/small/branches/currant2" },
                    { "base": "game:block/plant/berrybush/small/branches/currant3" }
                ]
            },
            "stem5": {
                "base": "game:block/plant/berrybush/small/branches/currant5",
                "alternates": [
                    { "base": "game:block/plant/berrybush/small/branches/currant1" },
                    { "base": "game:block/plant/berrybush/small/branches/currant2" },
                    { "base": "game:block/plant/berrybush/small/branches/currant3" },
                    { "base": "game:block/plant/berrybush/small/branches/currant4" }
                ]
            }
        }
    },
    {
        "file": "game:blocktypes/plant/bigberrybush.json",
        "op": "replace",
        "path": "/texturesByType",
        "side": "server",
        "value": {
            "*-flowering": {
                "flowerberrysmall": {
                    "base": "game:block/plant/berrybush/small/flower/{type}1",
                    "alternates": [
                        { "base": "game:block/plant/berrybush/small/flower/{type}2" },
                        { "base": "game:block/plant/berrybush/small/flower/{type}3" },
                        { "base": "game:block/plant/berrybush/small/flower/{type}4" },
                        { "base": "game:block/plant/berrybush/small/flower/{type}5" }
                    ]
                },

                "flowerberrysmall2": {
                    "base": "game:block/plant/berrybush/small/flower/{type}2",
                    "alternates": [
                        { "base": "game:block/plant/berrybush/small/flower/{type}3" },
                        { "base": "game:block/plant/berrybush/small/flower/{type}4" },
                        { "base": "game:block/plant/berrybush/small/flower/{type}5" },
                        { "base": "game:block/plant/berrybush/small/flower/{type}1" }
                    ]
                },
                "flowerberrysmall3": {
                    "base": "game:block/plant/berrybush/small/flower/{type}3",
                    "alternates": [
                        { "base": "game:block/plant/berrybush/small/flower/{type}4" },
                        { "base": "game:block/plant/berrybush/small/flower/{type}5" },
                        { "base": "game:block/plant/berrybush/small/flower/{type}1" },
                        { "base": "game:block/plant/berrybush/small/flower/{type}2" }
                    ]
                },
                "flowerberrysmall4": {
                    "base": "game:block/plant/berrybush/small/flower/{type}4",
                    "alternates": [
                        { "base": "game:block/plant/berrybush/small/flower/{type}5" },
                        { "base": "game:block/plant/berrybush/small/flower/{type}1" },
                        { "base": "game:block/plant/berrybush/small/flower/{type}2" },
                        { "base": "game:block/plant/berrybush/small/flower/{type}3" }
                    ]
                },
                "flowerberrysmall5": {
                    "base": "game:block/plant/berrybush/small/flower/{type}5",
                    "alternates": [
                        { "base": "game:block/plant/berrybush/small/flower/{type}1" },
                        { "base": "game:block/plant/berrybush/small/flower/{type}2" },
                        { "base": "game:block/plant/berrybush/small/flower/{type}3" },
                        { "base": "game:block/plant/berrybush/small/flower/{type}4" }
                    ]
                }

            },
            "*-ripe": {

                "flowerberrysmall": {
                    "base": "game:block/plant/berrybush/small/fruit/{type}1",
                    "alternates": [
                        { "base": "game:block/plant/berrybush/small/fruit/{type}2" },
                        { "base": "game:block/plant/berrybush/small/fruit/{type}3" },
                        { "base": "game:block/plant/berrybush/small/fruit/{type}4" },
                        { "base": "game:block/plant/berrybush/small/fruit/{type}5" }
                    ]
                },
                "flowerberrysmall2": {
                    "base": "game:block/plant/berrybush/small/fruit/{type}2",
                    "alternates": [
                        { "base": "game:block/plant/berrybush/small/fruit/{type}3" },
                        { "base": "game:block/plant/berrybush/small/fruit/{type}4" },
                        { "base": "game:block/plant/berrybush/small/fruit/{type}5" },
                        { "base": "game:block/plant/berrybush/small/fruit/{type}1" }
                    ]
                },
                "flowerberrysmall3": {
                    "base": "game:block/plant/berrybush/small/fruit/{type}3",
                    "alternates": [
                        { "base": "game:block/plant/berrybush/small/fruit/{type}4" },
                        { "base": "game:block/plant/berrybush/small/fruit/{type}5" },
                        { "base": "game:block/plant/berrybush/small/fruit/{type}1" },
                        { "base": "game:block/plant/berrybush/small/fruit/{type}2" }
                    ]
                },
                "flowerberrysmall4": {
                    "base": "game:block/plant/berrybush/small/fruit/{type}4",
                    "alternates": [
                        { "base": "game:block/plant/berrybush/small/fruit/{type}5" },
                        { "base": "game:block/plant/berrybush/small/fruit/{type}1" },
                        { "base": "game:block/plant/berrybush/small/fruit/{type}2" },
                        { "base": "game:block/plant/berrybush/small/fruit/{type}3" }
                    ]
                },
                "flowerberrysmall5": {
                    "base": "game:block/plant/berrybush/small/fruit/{type}5",
                    "alternates": [
                        { "base": "game:block/plant/berrybush/small/fruit/{type}1" },
                        { "base": "game:block/plant/berrybush/small/fruit/{type}2" },
                        { "base": "game:block/plant/berrybush/small/fruit/{type}3" },
                        { "base": "game:block/plant/berrybush/small/fruit/{type}4" }
                    ]
                }


            }
        }
    }
]
