[
    {
        "file": "game:blocktypes/plant/flower-lupine.json",
        "op": "replace",
        "path": "/shape",
        "side": "server",
        "value": {
            "base": "game:block/plant/flowers/lupine/lupine_*"
        }
    },
    {
        "file": "game:blocktypes/plant/flower-lupine.json",
        "op": "replace",
        "path": "/attributes",
        "side": "server",
        "value": {
            "butterflyFeed": true,
            "beeFeed": true,
            "reinforcable": true,
            "sitHeight": 0.8125,
            "plantContainable": {
                "smallContainer": {
                    "shape": { "base": "game:block/clay/flowerpot/contents" },
                    "textures": {
                        "north": { "base": "game:block/plant/potted/{flower}-{color}" },
                        "south": { "base": "game:block/plant/potted/{flower}-{color}" }
                    }
                },
                "largeContainer": {
                    "shape": { "base": "game:block/clay/planter/contents-lupine" },
                    "textures": {
                        "1": {
                            "base": "game:block/plant/potted/{flower}-{color}1",
                            "alternates": [
                                { "base": "game:block/plant/potted/{flower}-{color}2" },
                                { "base": "game:block/plant/potted/{flower}-{color}3" }
                            ]
                        },
                        "2": {
                            "base": "game:block/plant/potted/{flower}-{color}2",
                            "alternates": [
                                { "base": "game:block/plant/potted/{flower}-{color}3" },
                                { "base": "game:block/plant/potted/{flower}-{color}1" }
                            ]
                        },
                        "3": {
                            "base": "game:block/plant/potted/{flower}-{color}3",
                            "alternates": [
                                { "base": "game:block/plant/potted/{flower}-{color}1" },
                                { "base": "game:block/plant/potted/{flower}-{color}2" }
                            ]
                        }
                    }
                }
            }
        }
    },
    {
        "file": "game:blocktypes/plant/flower-lupine.json",
        "op": "replace",
        "path": "/textures",
        "side": "server",
        "value": {
            "1": { "base": "game:block/plant/flower/petal/lupine/{color}_1" },
            "2": { "base": "game:block/plant/flower/petal/lupine/{color}_2" },
            "3": { "base": "game:block/plant/flower/petal/lupine/{color}_3" },
            "4": { "base": "game:block/plant/flower/petal/lupine/{color}_4" },
            "10": { "base": "game:block/plant/flower/petal/lupine/stem_1" },
            "20": { "base": "game:block/plant/flower/petal/lupine/stem_2" },
            "30": { "base": "game:block/plant/flower/petal/lupine/stem_3" },
            "40": { "base": "game:block/plant/flower/petal/lupine/stem_4" },
            "lupineleaves3": { "base": "game:block/plant/flower/petal/lupine/lupineleaves3" },
            "lupineleaves2": { "base": "game:block/plant/flower/petal/lupine/lupineleaves2" },
            "lupineleaves4": { "base": "game:block/plant/flower/petal/lupine/lupineleaves4" }
        }
    },
    {
        "file": "game:blocktypes/plant/flower-lupine.json",
        "op": "replace",
        "path": "/guiTransform",
        "side": "server",
        "value": {

            "translation": {
                "x": 0,
                "y": 0.8,
                "z": 0.1
            },
            "rotation": {
                "x": -19,
                "y": 23,
                "z": 5
            },
            "origin": {
                "x": 0.5,
                "y": 0.46,
                "z": 0.56
            },
            "scale": 1.33
        }
    }
]
