[


    {
        "file": "game:blocktypes/plant/flower.json",
        "op": "replace",
        "path": "/attributes",
        "side": "server",
        "value": {
            "butterflyFeed": true,
            "beeFeed": true,
            "reinforcable": true,
            "sitHeightByType": {
                "*-catmint-*": 0.8125,
                "*-cornflower-*": 0.6,
                "*-forgetmenot-*": 0.2,
                "*-lilyofthevalley-*": 0.2,
                "*-edelweiss-*": 0.46,
                "*-heather-*": 0.4375,
                "*-horsetail-*": 0.75,
                "*-orangemallow-*": 0.6875,
                "*-wilddaisy-*": 0.85,
                "*-westerngorse-*": 0.45,
                "*-cowparsley-*": 0.9375,
                "*-goldenpoppy-*": 0.41,
                "*-woad-*": 0.8125,
                "*-redtopgrass-*": 0.75
            },
            "overrideRandomDrawOffsetByType": {
                "*-heather-*": 3
            },
            "plantContainable": {
                "smallContainerByType": {
                    "*-lilyofthevalley-*": {
                        "shape": { "base": "game:block/clay/planter/contents-lilyofthevalley" },
                        "textures": {
                            "1": {
                                "base": "game:block/plant/potted/lilyofthevalley1",
                                "alternates": [
                                    { "base": "game:block/plant/potted/lilyofthevalley2" },
                                    { "base": "game:block/plant/potted/lilyofthevalley3" }
                                ]
                            },
                            "2": {
                                "base": "game:block/plant/potted/lilyofthevalley2",
                                "alternates": [
                                    { "base": "game:block/plant/potted/lilyofthevalley3" },
                                    { "base": "game:block/plant/potted/lilyofthevalley1" }
                                ]
                            },
                            "3": {
                                "base": "game:block/plant/potted/lilyofthevalley3",
                                "alternates": [
                                    { "base": "game:block/plant/potted/lilyofthevalley1" },
                                    { "base": "game:block/plant/potted/lilyofthevalley2" }
                                ]
                            }
                        }
                    },
                    "@.*-(catmint|forgetmenot|cowparsley|heather|orangemallow|westerngorse|woad)-.*": {
                        "shape": { "base": "game:block/clay/planter/contents-shrub" },
                        "textures": {
                            "1": {
                                "base": "game:block/plant/potted/{flower}1",
                                "alternates": [
                                    { "base": "game:block/plant/potted/{flower}2" },
                                    { "base": "game:block/plant/potted/{flower}3" }
                                ]
                            },
                            "2": {
                                "base": "game:block/plant/potted/{flower}2",
                                "alternates": [
                                    { "base": "game:block/plant/potted/{flower}3" },
                                    { "base": "game:block/plant/potted/{flower}1" }
                                ]
                            },
                            "3": {
                                "base": "game:block/plant/potted/{flower}3",
                                "alternates": [
                                    { "base": "game:block/plant/potted/{flower}1" },
                                    { "base": "game:block/plant/potted/{flower}2" }
                                ]
                            }
                        }

                    },

                    "*": {
                        "shape": { "base": "game:block/clay/planter/contents-basic" },
                        "textures": {
                            "1": {
                                "base": "game:block/plant/potted/{flower}1",
                                "alternates": [
                                    { "base": "game:block/plant/potted/{flower}2" },
                                    { "base": "game:block/plant/potted/{flower}3" }
                                ]
                            },
                            "2": {
                                "base": "game:block/plant/potted/{flower}2",
                                "alternates": [
                                    { "base": "game:block/plant/potted/{flower}3" },
                                    { "base": "game:block/plant/potted/{flower}1" }
                                ]
                            },
                            "3": {
                                "base": "game:block/plant/potted/{flower}3",
                                "alternates": [
                                    { "base": "game:block/plant/potted/{flower}1" },
                                    { "base": "game:block/plant/potted/{flower}2" }
                                ]
                            }
                        }
                    }
                },
                "largeContainerByType": {
                    "*-lilyofthevalley-*": {
                        "shape": { "base": "game:block/clay/planter/contents-lilyofthevalley" },
                        "textures": {
                            "1": {
                                "base": "game:block/plant/potted/lilyofthevalley1",
                                "alternates": [
                                    { "base": "game:block/plant/potted/lilyofthevalley2" },
                                    { "base": "game:block/plant/potted/lilyofthevalley3" }
                                ]
                            },
                            "2": {
                                "base": "game:block/plant/potted/lilyofthevalley2",
                                "alternates": [
                                    { "base": "game:block/plant/potted/lilyofthevalley3" },
                                    { "base": "game:block/plant/potted/lilyofthevalley1" }
                                ]
                            },
                            "3": {
                                "base": "game:block/plant/potted/lilyofthevalley3",
                                "alternates": [
                                    { "base": "game:block/plant/potted/lilyofthevalley1" },
                                    { "base": "game:block/plant/potted/lilyofthevalley2" }
                                ]
                            }
                        }
                    },
                    "@.*-(catmint|forgetmenot|cowparsley|heather|orangemallow|westerngorse|woad)-.*": {
                        "shape": { "base": "game:block/clay/planter/contents-shrub" },
                        "textures": {
                            "1": {
                                "base": "game:block/plant/potted/{flower}1",
                                "alternates": [
                                    { "base": "game:block/plant/potted/{flower}2" },
                                    { "base": "game:block/plant/potted/{flower}3" }
                                ]
                            },
                            "2": {
                                "base": "game:block/plant/potted/{flower}2",
                                "alternates": [
                                    { "base": "game:block/plant/potted/{flower}3" },
                                    { "base": "game:block/plant/potted/{flower}1" }
                                ]
                            },
                            "3": {
                                "base": "game:block/plant/potted/{flower}3",
                                "alternates": [
                                    { "base": "game:block/plant/potted/{flower}1" },
                                    { "base": "game:block/plant/potted/{flower}2" }
                                ]
                            }
                        }

                    },

                    "*": {
                        "shape": { "base": "game:block/clay/planter/contents-basic" },
                        "textures": {
                            "1": {
                                "base": "game:block/plant/potted/{flower}1",
                                "alternates": [
                                    { "base": "game:block/plant/potted/{flower}2" },
                                    { "base": "game:block/plant/potted/{flower}3" }
                                ]
                            },
                            "2": {
                                "base": "game:block/plant/potted/{flower}2",
                                "alternates": [
                                    { "base": "game:block/plant/potted/{flower}3" },
                                    { "base": "game:block/plant/potted/{flower}1" }
                                ]
                            },
                            "3": {
                                "base": "game:block/plant/potted/{flower}3",
                                "alternates": [
                                    { "base": "game:block/plant/potted/{flower}1" },
                                    { "base": "game:block/plant/potted/{flower}2" }
                                ]
                            }
                        }
                    }
                }
            }
        }
    },
    {
        "file": "game:blocktypes/plant/flower.json",
        "op": "replace",
        "path": "/drawtypeByType",
        "side": "server",
        "value": {
            "*-snow": "JSONAndSnowLayer",
            "*-lilyofthevalley-*": "JSON",
            "*-orangemallow-*": "JSON",
            "*-cornflower-*": "JSON",
            "*-westerngorse-*": "JSON",
            "*-dandelion-*": "JSON",
            "*-smallheather-*": "JSON",
            "*-heather-*": "JSON",
            "*-edelweiss-*": "JSON",
            "*-horsetail-*": "JSON",
            "*": "JSON"
        }

    },
    {
        "file": "game:blocktypes/plant/flower.json",
        "op": "replace",
        "path": "/shapeByType",
        "side": "server",
        "value": {
            "*-lilyofthevalley-*": {
                "base": "game:block/plant/flowers/lillyofthevalley/lillyofthevalley_*",
                "scaleAdjust": 0.15
            },
            "*-goldenpoppy-*": { "base": "game:block/plant/flowers/basic/flower_64_*" },
            "*-orangemallow-*": { "base": "game:block/plant/flowers/basic/flower_shrub_64_*" },
            "*-westerngorse-*": { "base": "game:block/plant/flowers/basic/flower_shrub_64_*" },
            "*-cornflower-*": { "base": "game:block/plant/flowers/basic/flower_64_*" },
            "*-heather-*": { "base": "game:block/plant/flowers/heather/heather_*" },
            "*-smallheather-*": { "base": "game:block/plant/heather-short" },
            "*-dandelion-*": { "base": "game:block/basic/flower-48x48" },
            "*-edelweiss-*": { "base": "game:block/plant/flowers/basic/flower_64_*" },
            "*-cowparsley-*": { "base": "game:block/plant/flowers/cowparsley/cowparsley*" },
            "*-horsetail-*": { "base": "game:block/plant/flowers/basic/flower_64_*" },
            "*-catmint-*": { "base": "game:block/plant/flowers/basic/flower_shrub_64_*" },
            "*-woad-*": { "base": "game:block/plant/flowers/cowparsley/cowparsley*" },
            "*-wilddaisy-*": { "base": "game:block/plant/flowers/basic/flower_64_*" },
            "*-forgetmenot-*": { "base": "game:block/plant/flowers/basic/flower_shrub_64_*" },
            "*-redtopgrass-*": { "base": "game:block/plant/flowers/basic/flower_64_*" },
            "*": { "base": "game:block/plant/flower/1patch-cross-24x24" }
        }

    },
    {
        "file": "game:blocktypes/plant/flower.json",
        "op": "replace",
        "path": "/lod2shapeByType",
        "side": "server",
        "value": {
            "*-smallheather-*": { "base": "game:block/basic/flower-tall" }
        }

    },
    {
        "file": "game:blocktypes/plant/flower.json",
        "op": "replace",
        "path": "/texturesByType",
        "side": "server",
        "value": {
            "*-lilyofthevalley-*": {
                "1": {
                    "base": "game:block/plant/flower/petal/lilyofthevalley1",
                    "alternates": [
                        { "base": "game:block/plant/flower/petal/lilyofthevalley2" },
                        { "base": "game:block/plant/flower/petal/lilyofthevalley3" },
                        { "base": "game:block/plant/flower/petal/lilyofthevalley4" },
                        { "base": "game:block/plant/flower/petal/lilyofthevalley5" },
                        { "base": "game:block/plant/flower/petal/lilyofthevalley6" }
                    ]
                },
                "2": {
                    "base": "game:block/plant/flower/petal/lilyofthevalley2",
                    "alternates": [
                        { "base": "game:block/plant/flower/petal/lilyofthevalley3" },
                        { "base": "game:block/plant/flower/petal/lilyofthevalley4" },
                        { "base": "game:block/plant/flower/petal/lilyofthevalley5" },
                        { "base": "game:block/plant/flower/petal/lilyofthevalley6" },
                        { "base": "game:block/plant/flower/petal/lilyofthevalley1" }
                    ]
                },
                "3": {
                    "base": "game:block/plant/flower/petal/lilyofthevalley3",
                    "alternates": [
                        { "base": "game:block/plant/flower/petal/lilyofthevalley4" },
                        { "base": "game:block/plant/flower/petal/lilyofthevalley5" },
                        { "base": "game:block/plant/flower/petal/lilyofthevalley6" },
                        { "base": "game:block/plant/flower/petal/lilyofthevalley1" },
                        { "base": "game:block/plant/flower/petal/lilyofthevalley2" }
                    ]
                },
                "4": {
                    "base": "game:block/plant/flower/petal/lilyofthevalley4",
                    "alternates": [
                        { "base": "game:block/plant/flower/petal/lilyofthevalley5" },
                        { "base": "game:block/plant/flower/petal/lilyofthevalley6" },
                        { "base": "game:block/plant/flower/petal/lilyofthevalley1" },
                        { "base": "game:block/plant/flower/petal/lilyofthevalley2" },
                        { "base": "game:block/plant/flower/petal/lilyofthevalley3" }
                    ]
                },
                "5": {
                    "base": "game:block/plant/flower/petal/lilyofthevalley5",
                    "alternates": [
                        { "base": "game:block/plant/flower/petal/lilyofthevalley6" },
                        { "base": "game:block/plant/flower/petal/lilyofthevalley1" },
                        { "base": "game:block/plant/flower/petal/lilyofthevalley2" },
                        { "base": "game:block/plant/flower/petal/lilyofthevalley3" },
                        { "base": "game:block/plant/flower/petal/lilyofthevalley4" }
                    ]
                },
                "6": {
                    "base": "game:block/plant/flower/petal/lilyofthevalley6",
                    "alternates": [
                        { "base": "game:block/plant/flower/petal/lilyofthevalley1" },
                        { "base": "game:block/plant/flower/petal/lilyofthevalley2" },
                        { "base": "game:block/plant/flower/petal/lilyofthevalley3" },
                        { "base": "game:block/plant/flower/petal/lilyofthevalley4" },
                        { "base": "game:block/plant/flower/petal/lilyofthevalley5" }
                    ]
                },
                "10": {
                    "base": "game:block/plant/flower/stem/lilyofthevalley1",
                    "alternates": [
                        { "base": "game:block/plant/flower/stem/lilyofthevalley2" },
                        { "base": "game:block/plant/flower/stem/lilyofthevalley3" },
                        { "base": "game:block/plant/flower/stem/lilyofthevalley4" },
                        { "base": "game:block/plant/flower/stem/lilyofthevalley5" },
                        { "base": "game:block/plant/flower/stem/lilyofthevalley6" }
                    ]
                },
                "20": {
                    "base": "game:block/plant/flower/stem/lilyofthevalley2",
                    "alternates": [
                        { "base": "game:block/plant/flower/stem/lilyofthevalley3" },
                        { "base": "game:block/plant/flower/stem/lilyofthevalley4" },
                        { "base": "game:block/plant/flower/stem/lilyofthevalley5" },
                        { "base": "game:block/plant/flower/stem/lilyofthevalley6" },
                        { "base": "game:block/plant/flower/stem/lilyofthevalley1" }
                    ]
                },
                "30": {
                    "base": "game:block/plant/flower/stem/lilyofthevalley3",
                    "alternates": [
                        { "base": "game:block/plant/flower/stem/lilyofthevalley4" },
                        { "base": "game:block/plant/flower/stem/lilyofthevalley5" },
                        { "base": "game:block/plant/flower/stem/lilyofthevalley6" },
                        { "base": "game:block/plant/flower/stem/lilyofthevalley1" },
                        { "base": "game:block/plant/flower/stem/lilyofthevalley2" }
                    ]
                },
                "40": {
                    "base": "game:block/plant/flower/stem/lilyofthevalley4",
                    "alternates": [
                        { "base": "game:block/plant/flower/stem/lilyofthevalley5" },
                        { "base": "game:block/plant/flower/stem/lilyofthevalley6" },
                        { "base": "game:block/plant/flower/stem/lilyofthevalley1" },
                        { "base": "game:block/plant/flower/stem/lilyofthevalley2" },
                        { "base": "game:block/plant/flower/stem/lilyofthevalley3" }
                    ]
                },
                "50": {
                    "base": "game:block/plant/flower/stem/lilyofthevalley5",
                    "alternates": [
                        { "base": "game:block/plant/flower/stem/lilyofthevalley6" },
                        { "base": "game:block/plant/flower/stem/lilyofthevalley1" },
                        { "base": "game:block/plant/flower/stem/lilyofthevalley2" },
                        { "base": "game:block/plant/flower/stem/lilyofthevalley3" },
                        { "base": "game:block/plant/flower/stem/lilyofthevalley4" }
                    ]
                },
                "60": {
                    "base": "game:block/plant/flower/stem/lilyofthevalley6",
                    "alternates": [
                        { "base": "game:block/plant/flower/stem/lilyofthevalley1" },
                        { "base": "game:block/plant/flower/stem/lilyofthevalley2" },
                        { "base": "game:block/plant/flower/stem/lilyofthevalley3" },
                        { "base": "game:block/plant/flower/stem/lilyofthevalley4" },
                        { "base": "game:block/plant/flower/stem/lilyofthevalley5" }
                    ]
                }
            },
            "*-woad-*": {
                "1": {
                    "base": "game:block/plant/flower/petal/woad_1",
                    "alternates": [
                        { "base": "game:block/plant/flower/petal/woad_2" },
                        { "base": "game:block/plant/flower/petal/woad_3" }
                    ]
                },
                "2": {
                    "base": "game:block/plant/flower/petal/woad_2",
                    "alternates": [
                        { "base": "game:block/plant/flower/petal/woad_3" },
                        { "base": "game:block/plant/flower/petal/woad_1" }
                    ]
                },
                "3": {
                    "base": "game:block/plant/flower/petal/woad_3",
                    "alternates": [
                        { "base": "game:block/plant/flower/petal/woad_1" },
                        { "base": "game:block/plant/flower/petal/woad_2" }
                    ]
                },
                "10": {
                    "base": "game:block/plant/flower/stem/woad_1",
                    "alternates": [
                        { "base": "game:block/plant/flower/stem/woad_2" },
                        { "base": "game:block/plant/flower/stem/woad_3" }
                    ]
                },
                "20": {
                    "base": "game:block/plant/flower/stem/woad_2",
                    "alternates": [
                        { "base": "game:block/plant/flower/stem/woad_3" },
                        { "base": "game:block/plant/flower/stem/woad_1" }
                    ]
                },
                "30": {
                    "base": "game:block/plant/flower/stem/woad_3",
                    "alternates": [
                        { "base": "game:block/plant/flower/stem/woad_1" },
                        { "base": "game:block/plant/flower/stem/woad_2" }
                    ]
                }
            },
            "*-cowparsley-*": {
                "1": {
                    "base": "game:block/plant/flower/petal/cowparsley1",
                    "alternates": [
                        { "base": "game:block/plant/flower/petal/cowparsley2" },
                        { "base": "game:block/plant/flower/petal/cowparsley3" }
                    ]
                },
                "2": {
                    "base": "game:block/plant/flower/petal/cowparsley2",
                    "alternates": [
                        { "base": "game:block/plant/flower/petal/cowparsley3" },
                        { "base": "game:block/plant/flower/petal/cowparsley1" }
                    ]
                },
                "3": {
                    "base": "game:block/plant/flower/petal/cowparsley3",
                    "alternates": [
                        { "base": "game:block/plant/flower/petal/cowparsley1" },
                        { "base": "game:block/plant/flower/petal/cowparsley2" }
                    ]
                },
                "10": {
                    "base": "game:block/plant/flower/stem/cowparsley1",
                    "alternates": [
                        { "base": "game:block/plant/flower/stem/cowparsley2" },
                        { "base": "game:block/plant/flower/stem/cowparsley3" }
                    ]
                },
                "20": {
                    "base": "game:block/plant/flower/stem/cowparsley2",
                    "alternates": [
                        { "base": "game:block/plant/flower/stem/cowparsley3" },
                        { "base": "game:block/plant/flower/stem/cowparsley1" }
                    ]
                },
                "30": {
                    "base": "game:block/plant/flower/stem/cowparsley3",
                    "alternates": [
                        { "base": "game:block/plant/flower/stem/cowparsley1" },
                        { "base": "game:block/plant/flower/stem/cowparsley2" }
                    ]
                }
            },
            "*-heather-*": {
                "1": {
                    "base": "game:block/plant/flower/petal/heather1",
                    "alternates": [
                        { "base": "game:block/plant/flower/petal/heather2" },
                        { "base": "game:block/plant/flower/petal/heather3" },
                        { "base": "game:block/plant/flower/petal/heather4" },
                        { "base": "game:block/plant/flower/petal/heather5" },
                        { "base": "game:block/plant/flower/petal/heather6" },
                        { "base": "game:block/plant/flower/petal/heather7" }

                    ]
                },
                "2": {
                    "base": "game:block/plant/flower/petal/heather2",
                    "alternates": [
                        { "base": "game:block/plant/flower/petal/heather3" },
                        { "base": "game:block/plant/flower/petal/heather1" },
                        { "base": "game:block/plant/flower/petal/heather4" },
                        { "base": "game:block/plant/flower/petal/heather5" },
                        { "base": "game:block/plant/flower/petal/heather6" },
                        { "base": "game:block/plant/flower/petal/heather7" }

                    ]
                },
                "3": {
                    "base": "game:block/plant/flower/petal/heather3",
                    "alternates": [
                        { "base": "game:block/plant/flower/petal/heather1" },
                        { "base": "game:block/plant/flower/petal/heather2" },
                        { "base": "game:block/plant/flower/petal/heather4" },
                        { "base": "game:block/plant/flower/petal/heather5" },
                        { "base": "game:block/plant/flower/petal/heather6" },
                        { "base": "game:block/plant/flower/petal/heather7" }

                    ]
                },
                "4": {
                    "base": "game:block/plant/flower/petal/heather4",
                    "alternates": [
                        { "base": "game:block/plant/flower/petal/heather1" },
                        { "base": "game:block/plant/flower/petal/heather2" },
                        { "base": "game:block/plant/flower/petal/heather3" },
                        { "base": "game:block/plant/flower/petal/heather5" },
                        { "base": "game:block/plant/flower/petal/heather6" },
                        { "base": "game:block/plant/flower/petal/heather7" }

                    ]
                },
                "5": {
                    "base": "game:block/plant/flower/petal/heather5",
                    "alternates": [
                        { "base": "game:block/plant/flower/petal/heather1" },
                        { "base": "game:block/plant/flower/petal/heather2" },
                        { "base": "game:block/plant/flower/petal/heather4" },
                        { "base": "game:block/plant/flower/petal/heather3" },
                        { "base": "game:block/plant/flower/petal/heather6" },
                        { "base": "game:block/plant/flower/petal/heather7" }

                    ]
                },
                "6": {
                    "base": "game:block/plant/flower/petal/heather6",
                    "alternates": [
                        { "base": "game:block/plant/flower/petal/heather1" },
                        { "base": "game:block/plant/flower/petal/heather2" },
                        { "base": "game:block/plant/flower/petal/heather4" },
                        { "base": "game:block/plant/flower/petal/heather5" },
                        { "base": "game:block/plant/flower/petal/heather3" },
                        { "base": "game:block/plant/flower/petal/heather7" }

                    ]
                },
                "7": {
                    "base": "game:block/plant/flower/petal/heather7",
                    "alternates": [
                        { "base": "game:block/plant/flower/petal/heather1" },
                        { "base": "game:block/plant/flower/petal/heather2" },
                        { "base": "game:block/plant/flower/petal/heather4" },
                        { "base": "game:block/plant/flower/petal/heather5" },
                        { "base": "game:block/plant/flower/petal/heather6" },
                        { "base": "game:block/plant/flower/petal/heather3" }

                    ]
                },
                "10": {
                    "base": "game:block/plant/flower/stem/heather1",
                    "alternates": [
                        { "base": "game:block/plant/flower/stem/heather2" },
                        { "base": "game:block/plant/flower/stem/heather3" },
                        { "base": "game:block/plant/flower/stem/heather4" },
                        { "base": "game:block/plant/flower/stem/heather5" },
                        { "base": "game:block/plant/flower/stem/heather6" },
                        { "base": "game:block/plant/flower/stem/heather7" }

                    ]
                },
                "20": {
                    "base": "game:block/plant/flower/stem/heather2",
                    "alternates": [
                        { "base": "game:block/plant/flower/stem/heather3" },
                        { "base": "game:block/plant/flower/stem/heather1" },
                        { "base": "game:block/plant/flower/stem/heather4" },
                        { "base": "game:block/plant/flower/stem/heather5" },
                        { "base": "game:block/plant/flower/stem/heather6" },
                        { "base": "game:block/plant/flower/stem/heather7" }

                    ]
                },
                "30": {
                    "base": "game:block/plant/flower/stem/heather3",
                    "alternates": [
                        { "base": "game:block/plant/flower/stem/heather1" },
                        { "base": "game:block/plant/flower/stem/heather2" },
                        { "base": "game:block/plant/flower/stem/heather4" },
                        { "base": "game:block/plant/flower/stem/heather5" },
                        { "base": "game:block/plant/flower/stem/heather6" },
                        { "base": "game:block/plant/flower/stem/heather7" }

                    ]
                },
                "40": {
                    "base": "game:block/plant/flower/stem/heather4",
                    "alternates": [
                        { "base": "game:block/plant/flower/stem/heather1" },
                        { "base": "game:block/plant/flower/stem/heather2" },
                        { "base": "game:block/plant/flower/stem/heather3" },
                        { "base": "game:block/plant/flower/stem/heather5" },
                        { "base": "game:block/plant/flower/stem/heather6" },
                        { "base": "game:block/plant/flower/stem/heather7" }

                    ]
                },
                "50": {
                    "base": "game:block/plant/flower/stem/heather5",
                    "alternates": [
                        { "base": "game:block/plant/flower/stem/heather1" },
                        { "base": "game:block/plant/flower/stem/heather2" },
                        { "base": "game:block/plant/flower/stem/heather4" },
                        { "base": "game:block/plant/flower/stem/heather3" },
                        { "base": "game:block/plant/flower/stem/heather6" },
                        { "base": "game:block/plant/flower/stem/heather7" }

                    ]
                },
                "60": {
                    "base": "game:block/plant/flower/stem/heather6",
                    "alternates": [
                        { "base": "game:block/plant/flower/stem/heather1" },
                        { "base": "game:block/plant/flower/stem/heather2" },
                        { "base": "game:block/plant/flower/stem/heather4" },
                        { "base": "game:block/plant/flower/stem/heather5" },
                        { "base": "game:block/plant/flower/stem/heather3" },
                        { "base": "game:block/plant/flower/stem/heather7" }

                    ]
                },
                "70": {
                    "base": "game:block/plant/flower/stem/heather7",
                    "alternates": [
                        { "base": "game:block/plant/flower/stem/heather1" },
                        { "base": "game:block/plant/flower/stem/heather2" },
                        { "base": "game:block/plant/flower/stem/heather4" },
                        { "base": "game:block/plant/flower/stem/heather5" },
                        { "base": "game:block/plant/flower/stem/heather6" },
                        { "base": "game:block/plant/flower/stem/heather3" }

                    ]
                }
            },


            "*": {
                "1": {
                    "base": "game:block/plant/flower/petal/{flower}1",
                    "alternates": [
                        { "base": "game:block/plant/flower/petal/{flower}2" },
                        { "base": "game:block/plant/flower/petal/{flower}3" },
                        { "base": "game:block/plant/flower/petal/{flower}4" }
                    ]
                },
                "2": {
                    "base": "game:block/plant/flower/petal/{flower}2",
                    "alternates": [
                        { "base": "game:block/plant/flower/petal/{flower}3" },
                        { "base": "game:block/plant/flower/petal/{flower}4" },
                        { "base": "game:block/plant/flower/petal/{flower}1" }
                    ]
                },
                "3": {
                    "base": "game:block/plant/flower/petal/{flower}3",
                    "alternates": [
                        { "base": "game:block/plant/flower/petal/{flower}4" },
                        { "base": "game:block/plant/flower/petal/{flower}1" },
                        { "base": "game:block/plant/flower/petal/{flower}2" }
                    ]
                },
                "4": {
                    "base": "game:block/plant/flower/petal/{flower}4",
                    "alternates": [
                        { "base": "game:block/plant/flower/petal/{flower}1" },
                        { "base": "game:block/plant/flower/petal/{flower}2" },
                        { "base": "game:block/plant/flower/petal/{flower}3" }
                    ]
                },
                "10": {
                    "base": "game:block/plant/flower/stem/{flower}1",
                    "alternates": [
                        { "base": "game:block/plant/flower/stem/{flower}2" },
                        { "base": "game:block/plant/flower/stem/{flower}3" },
                        { "base": "game:block/plant/flower/stem/{flower}4" }
                    ]
                },
                "20": {
                    "base": "game:block/plant/flower/stem/{flower}2",
                    "alternates": [
                        { "base": "game:block/plant/flower/stem/{flower}3" },
                        { "base": "game:block/plant/flower/stem/{flower}4" },
                        { "base": "game:block/plant/flower/stem/{flower}1" }
                    ]
                },
                "30": {
                    "base": "game:block/plant/flower/stem/{flower}3",
                    "alternates": [
                        { "base": "game:block/plant/flower/stem/{flower}4" },
                        { "base": "game:block/plant/flower/stem/{flower}1" },
                        { "base": "game:block/plant/flower/stem/{flower}2" }
                    ]
                },
                "40": {
                    "base": "game:block/plant/flower/stem/{flower}4",
                    "alternates": [
                        { "base": "game:block/plant/flower/stem/{flower}1" },
                        { "base": "game:block/plant/flower/stem/{flower}2" },
                        { "base": "game:block/plant/flower/stem/{flower}3" }
                    ]
                }
            }
        }
    },
    {
        "file": "game:blocktypes/plant/flower.json",
        "op": "replace",
        "path": "/guitransformByType",
        "side": "server",
        "value": {
            "*-forgetmenot-*": {
                "rotation": {
                    "x": 0,
                    "y": 37,
                    "z": 0
                },
                "origin": {
                    "x": 0.5,
                    "y": 0.44,
                    "z": 0.67
                },
                "scale": 1.4
            },
            "*-lilyofthevalley-*": {
                "rotation": {
                    "x": 5,
                    "y": 101,
                    "z": -5
                },
                "origin": {
                    "x": 0.5,
                    "y": 0.49,
                    "z": 0.54
                },
                "scale": 1.28
            },
            "*-edelweiss-*": {
                "rotation": {
                    "x": 0,
                    "y": -71,
                    "z": 0
                },
                "origin": {
                    "x": 0.5,
                    "y": 0.51,
                    "z": 0.3
                },
                "scale": 1.35
            },
            "*-horsetail-*": {
                "rotation": {
                    "x": 166,
                    "y": 34,
                    "z": -40
                },
                "origin": {
                    "x": 0.53,
                    "y": 0.13,
                    "z": 0.55
                },
                "scale": 3.3
            },
            "*-redtopgrass-*": {
                "rotation": {
                    "x": 0,
                    "y": -49,
                    "z": 0
                },
                "origin": {
                    "x": 0.5,
                    "y": 0.54,
                    "z": 0.26
                },
                "scale": 1.3
            },
            "*-cowparsley-*": {
                "rotation": {
                    "x": 0,
                    "y": 34,
                    "z": 0
                },
                "origin": {
                    "x": 0.5,
                    "y": 0.76,
                    "z": 0.5
                },
                "scale": 0.85
            },
            "*-orangemallow-*": {
                "rotation": {
                    "x": 0,
                    "y": 5,
                    "z": 0
                },
                "origin": {
                    "x": 0.44,
                    "y": 0.65,
                    "z": 0.61
                },
                "scale": 0.96
            },
            "*-catmint-*": {
                "rotation": {
                    "x": 0,
                    "y": 6,
                    "z": 0
                },
                "origin": {
                    "x": 0.39,
                    "y": 0.6,
                    "z": 0.5
                },
                "scale": 1.09
            },
            "*-cornflower-*": {
                "rotation": {
                    "x": 0,
                    "y": -5,
                    "z": 0
                },
                "origin": {
                    "x": 0.75,
                    "y": 0.5,
                    "z": 0.5
                },
                "scale": 1.37
            },
            "*-wilddaisy-*": {
                "rotation": {
                    "x": 0,
                    "y": -28,
                    "z": 0
                },
                "origin": {
                    "x": 0.59,
                    "y": 0.4,
                    "z": 0.5
                },
                "scale": 1.58
            },
            "*-westerngorse-*": {
                "rotation": {
                    "x": 0,
                    "y": 65,
                    "z": 0
                },
                "origin": {
                    "x": 0.7,
                    "y": 0.64,
                    "z": 0.5
                },
                "scale": 0.97
            },
            "*-goldenpoppy-*": {
                "rotation": {
                    "x": 0,
                    "y": -44,
                    "z": 0
                },
                "origin": {
                    "x": 0.59,
                    "y": 0.45,
                    "z": 0.5
                },
                "scale": 1.41
            },
            "*-woad-*": {
                "rotation": {
                    "x": 0,
                    "y": -94,
                    "z": 0
                },
                "origin": {
                    "x": 1.4,
                    "y": 0.64,
                    "z": 0.5
                },
                "scale": 0.83
            },
            "*": {
                "rotation": {
                    "x": 0,
                    "y": 0,
                    "z": 0
                },
                "origin": {
                    "x": 0.5,
                    "y": 0.6,
                    "z": 0.5
                }
            }
        }
    },
    {
        "file": "game:blocktypes/plant/flower.json",
        "op": "replace",
        "path": "/tpHandTransformByType",
        "side": "server",
        "value": {
            "*": {
                "translation": {
                    "x": -1,
                    "y": -0.1,
                    "z": -1
                },
                "rotation": {
                    "x": 71,
                    "y": 0,
                    "z": -84
                },
                "origin": {
                    "x": 0.5,
                    "y": 0.1,
                    "z": 0.5
                },
                "scale": 0.48
            },
            "*-horsetail-*": {
                "translation": {
                    "x": -0.7,
                    "y": -0.2,
                    "z": -0.5
                },
                "rotation": {
                    "x": 16,
                    "y": 25,
                    "z": -25
                },
                "origin": {
                    "x": 0.5,
                    "y": 0.1,
                    "z": 0.5
                },
                "scale": 0.9
            },
            "*-woad-*": {
                "translation": {
                    "x": -1,
                    "y": -0.1,
                    "z": -1
                },
                "rotation": {
                    "x": 71,
                    "y": 0,
                    "z": -84
                },
                "origin": {
                    "x": 0.33,
                    "y": -0,
                    "z": 0.32
                },
                "scale": 0.35
            }
        },
        "*-westerngorse-*": {
            "translation": {
                "x": -1,
                "y": -0.1,
                "z": -1
            },
            "rotation": {
                "x": 71,
                "y": 0,
                "z": -84
            },
            "origin": {
                "x": 0.3,
                "y": 0.07,
                "z": 0.43
            },
            "scale": 0.37
        },
        "*-orangemallow-*": {
            "translation": {
                "x": -1,
                "y": -0.1,
                "z": -1
            },
            "rotation": {
                "x": 71,
                "y": 0,
                "z": -84
            },
            "origin": {
                "x": 0.5,
                "y": -0.1,
                "z": 0.4
            },
            "scale": 0.37
        },
        "*-cowparsley-*": {
            "translation": {
                "x": -1,
                "y": -0.1,
                "z": -1
            },
            "rotation": {
                "x": 71,
                "y": 0,
                "z": -84
            },
            "origin": {
                "x": 0.4,
                "y": 0,
                "z": 0.3
            },
            "scale": 0.28
        }

    }
]