[
    {
        "file": "game:blocktypes/plant/hay.json",
        "op": "replace",
        "path": "/texturesByType",
        "side": "server",
        "value": {
            "*-ud": {
                "horizontals": { "base": "game:block/hay/{type}-side*" },
                "verticals": { "base": "game:block/hay/{type}-top*" }
            },
            "*-ns": {
                "all": {
                    "base": "game:block/hay/{type}-side*",
                    "rotation": 90
                },
                "west": {
                    "base": "game:block/hay/{type}-side*",
                    "rotation": 270
                },
                "up": { "base": "game:block/hay/{type}-side*" },
                "down": {
                    "base": "game:block/hay/{type}-side*",
                    "rotation": 90
                },

                "north": { "base": "game:block/hay/{type}-top*" },
                "south": { "base": "game:block/hay/{type}-top*" }
            },
            "*-we": {
                "all": {
                    "base": "game:block/hay/{type}-side*",
                    "rotation": 270
                },
                "south": {
                    "base": "game:block/hay/{type}-side*",
                    "rotation": 90
                },
                "up": {
                    "base": "game:block/hay/{type}-side*",
                    "rotation": 270
                },

                "west": { "base": "game:block/hay/{type}-top*" },
                "east": { "base": "game:block/hay/{type}-top*" }
            }

        }
    }
]