[
	{
		"file": "game:blocktypes/plant/tallgrass.json",
		"op": "replace",
		"path": "/texturesByType",
		"side": "server",
		"value": {

			"*-free": {
				"north": { "base": "game:block/plant/tallgrass/{cover}/{tallgrass}-north*" },
				"south": { "base": "game:block/plant/tallgrass/{cover}/{tallgrass}-south*" }
			},
			"*-snow*": {
				"north": { "base": "game:block/plant/tallgrass/snow/{tallgrass}-north" },
				"south": { "base": "game:block/plant/tallgrass/snow/{tallgrass}-south" }
			}
		}
	},
	{
		"file": "game:blocktypes/plant/tallgrass.json",
		"op": "replace",
		"path": "/shape",
		"side": "server",
		"value": {
			"base": "game:block/basic/cross",
			"alternates": [
				{ "base": "game:block/basic/cross1" }
			]
		}
	}
]

