{
    "code": "creature",
    "class": "ItemCreature",
    "maxstacksize": 64,
    "variantgroups": [
        {
            "code": "type",
            "states": [ "buzzybee" ]
        }
    ],
    "shape": {
        "base": "entity/animal/invertebrate/buzzybee"
    },
    "textures": {
        "bee": { "base": "game:entity/bee" },
        "quartz": { "base": "game:block/glass/quartz" }
    },
    "creativeinventory": {
        "general": [ "*" ],
        "items": [ "*" ],
        "creatures": [ "*" ]
    },
    "materialDensity": 600,
    "guiTransform": {
        "rotation": {
            "x": 0,
            "y": -90,
            "z": -180
        },
        "origin": {
            "x": 0.5,
            "y": 0.15,
            "z": 0.5
        },
        "scale": 6
    },
    "fpHandTransform": {
        "rotation": {
            "x": 0,
            "y": -90,
            "z": 0
        },
        "origin": {
            "x": 0.5,
            "y": 0.15,
            "z": 0.5
        },
        "scale": 6
    },
    "groundTransform": {
        "translation": {
            "x": 0,
            "y": 0.15,
            "z": 0
        },
        "rotation": {
            "x": 0,
            "y": -90,
            "z": 0
        },
        "origin": {
            "x": 0.5,
            "y": 0.15,
            "z": 0.5
        },
        "scale": 6
    }
}