[
    {
        "file": "game:blocktypes/stone/stonebrick/agedstonebricks.json",
        "op": "remove",
        "path": "/textures",
        "side": "server"

    },
    {
        "file": "game:blocktypes/stone/stonebrick/agedstonebricks.json",
        "op": "add",
        "path": "/texturesByType",
        "side": "server",
        "value": {
            "@.*-(andesite|basalt|bauxite|chert|conglomerate|sandstone|shale)": {
                "all": {
                    "base": "game:block/stone/agedbrick/{rock}/1",
                    "tiles": [
                        { "base": "game:block/stone/agedbrickbrick/{rock}/*" }
                    ],
                    "tilesWidth": 4
                }
            },
            "@.*-(limestone|granite)": {
                "all": {
                    "base": "game:block/stone/agedbrick/{rock}/1",
                    "tiles": [
                        { "base": "game:block/stone/agedbrickbrick/{rock}/*" }
                    ],
                    "tilesWidth": 3
                }
            },
            "*": {
                "all": { "base": "game:block/stone/agedbrick/{rock}/*" }
            }
        }
    }
]