{
	code: "acornbreadedfishnugget",
  	class: "ExpandedFood",
	maxstacksize: 64,
	variantgroups: [

		{ code: "state", states: ["smashed", "partbaked", "tender", "charred", "syruppartbaked", "syrups", "syrupcharred", "oiled"] },
	],
	attributes: {
		displaycaseable: true,
		shelvable: true,
		handbook: { "groupBy": [ "acornbreadedfishnugget-*" ] },
  		"expandedNutritionProps": {
			"game:flour-flax": {saturation: 80, foodcategory: "Grain"},
			"game:flour-rye": {saturation: 150, foodcategory: "Grain"},
			"game:flour-spelt": {saturation: 150, foodcategory: "Grain"},
			"game:flour-cassava": {saturation: 150, foodcategory: "Grain"},
			"game:flour-amaranth": {saturation: 150, foodcategory: "Grain"},
			"game:flour-sunflower": {saturation: 150, foodcategory: "Grain"},
			"game:flour-rice": {saturation: 165, foodcategory: "Grain"},
      		"game:flour-birch" : { saturation: 50, foodcategory: "Grain" },
      		"game:flour-pine" : { saturation: 50, foodcategory: "Grain" },
      		"game:flour-maple" : { saturation: 50, foodcategory: "Grain" },
			"acorns:flour-acorn": {saturation: 150, foodcategory: "Grain"},
			"expandedfoods:acornbreadcrumbs-acornflax": {saturation: 80, foodcategory: "Grain"},
			"expandedfoods:acornbreadcrumbs-acornrice": {saturation: 160, foodcategory: "Grain"},
			"expandedfoods:acornbreadcrumbs-acornspelt": {saturation: 150, foodcategory: "Grain"},
			"expandedfoods:acornbreadcrumbs-acornrye": {saturation: 150, foodcategory: "Grain"},
			"expandedfoods:acornbreadcrumbs-acorncassava": {saturation: 150, foodcategory: "Grain"},
			"expandedfoods:acornbreadcrumbs-acornamaranth": {saturation: 150, foodcategory: "Grain"},
			"expandedfoods:acornbreadcrumbs-acornsunflower": {saturation: 150, foodcategory: "Grain"},
			"expandedfoods:acornbreadcrumbs-acornbirch": {saturation: 50, foodcategory: "Grain"},
			"expandedfoods:acornbreadcrumbs-acornpine": {saturation: 50, foodcategory: "Grain"},
			"expandedfoods:acornbreadcrumbs-acornmaple": {saturation: 50, foodcategory: "Grain"},
			"aculinaryartillery:eggwhiteportion": { saturation: 3, foodcategory: "Protein"},
			"aculinaryartillery:eggyolkportion-chicken": { saturation: 17, foodcategory: "Protein"},
			"aculinaryartillery:eggyolkportion-pheasant": { saturation: 25, foodcategory: "Protein"},
			"aculinaryartillery:eggyolkportion-goldenpheasant": { saturation: 25, foodcategory: "Protein"},
			"aculinaryartillery:eggyolkportion-capercaillie": { saturation: 25, foodcategory: "Protein"},
			"aculinaryartillery:eggyolkportion-wildturkey": { saturation: 25, foodcategory: "Protein"},
			"aculinaryartillery:eggyolkfullportion-chicken": { saturation: 20, foodcategory: "Protein"},
			"aculinaryartillery:eggyolkfullportion-pheasant": { saturation: 28, foodcategory: "Protein"},
			"aculinaryartillery:eggyolkfullportion-goldenpheasant": { saturation: 28, foodcategory: "Protein"},
			"aculinaryartillery:eggyolkfullportion-capercaillie": { saturation: 28, foodcategory: "Protein"},
			"aculinaryartillery:eggyolkfullportion-wildturkey": { saturation: 28, foodcategory: "Protein"},
    		"expandedfoods:foodoilportion-*" : { saturation: 6.4, "health": 0.1, foodcategory: "Vegetable" },
    		"expandedfoods:treesyrupportion-*" : { saturation: 9.6, "health": 0.1, foodcategory: "Fruit" },
    		"expandedfoods:fruitsyrupportion-saguaro" : { saturation: 12, "health": 0.2, foodcategory: "Fruit" }, 
      		"expandedfoods:fruitsyrupportion-*" : { saturation: 12, "health": 0.1, foodcategory: "Fruit" },
      		"expandedfoods:wildfruitsyrupportion-cloudberry" : { saturation: 12, "health": 0.5, foodcategory: "Fruit" },
      		"expandedfoods:wildfruitsyrupportion-husktomato" : { saturation: 12, "health": 0.3, foodcategory: "Fruit" },
      		"expandedfoods:wildfruitsyrupportion-juniper" : { saturation: 12, "health": 0.3, foodcategory: "Fruit" },
      		"expandedfoods:wildfruitsyrupportion-coralbead" : { saturation: 12, "health": -0.1, foodcategory: "Fruit" },
      		"expandedfoods:wildfruitsyrupportion-pokeberry" : { saturation: 12, "health": -0.25, foodcategory: "Fruit" },
      		"expandedfoods:wildfruitsyrupportion-snowberry" : { saturation: 12, "health": -0.25, foodcategory: "Fruit" },
      		"expandedfoods:wildfruitsyrupportion-falseorange" : { saturation: 12, "health": -0.25, foodcategory: "Fruit" },
      		"expandedfoods:wildfruitsyrupportion-blacknightshadeunripe" : { saturation: 12, "health": -1, foodcategory: "Fruit" },
      		"expandedfoods:wildfruitsyrupportion-bitternightshade" : { saturation: 12, "health": -2, foodcategory: "Fruit" },
      		"expandedfoods:wildfruitsyrupportion-wolfberry" : { saturation: 12, "health": -3, foodcategory: "Fruit" },
      		"expandedfoods:wildfruitsyrupportion-seamango" : { saturation: 12, "health": -4, foodcategory: "Fruit" },
      		"expandedfoods:wildfruitsyrupportion-crowseye" : { saturation: 12, "health": -5, foodcategory: "Fruit" },
      		"expandedfoods:wildfruitsyrupportion-*" : { saturation: 12, "health": 0.1, foodcategory: "Fruit" },
    		"expandedfoods:lard" : { saturation: 16, "health": 0.1, foodcategory: "Protein" },
    		"expandedfoods:fishsauce" : { saturation: 5, foodcategory: "Protein" },
    		"expandedfoods:soysauce" : { saturation: 6.4, "health": 0.1, foodcategory: "Protein" },
    		"game:honeyportion" : { saturation: 4, foodcategory: "Fruit" },
			"game:salt": {saturation: 10, health: 0.5, foodcategory: "Grain"},
		},
		renderIngredientsByType: {
			"@*-(oiled|smashed)": { "expandedfoods:fishnugget-smashed": "expandedfoods:shapes/item/food/meat/fish-smash.json", "primitivesurvival:smokedmeat-fish-raw": "expandedfoods:shapes/item/food/meat/fish-smash.json", "primitivesurvival:curedsmokedmeat-fish-raw": "expandedfoods:shapes/item/food/meat/fish-smash.json" },
			"@*-(partbaked|tender|charred|syruppartbaked|syrups|syrupcharred)": { "expandedfoods:fishnugget-smashed": "expandedfoods:shapes/item/food/meat/fish-tender.json", "primitivesurvival:smokedmeat-fish-raw": "expandedfoods:shapes/item/food/meat/fish-tender.json", "primitivesurvival:curedsmokedmeat-fish-raw": "expandedfoods:shapes/item/food/meat/fish-tender.json" },
		},
		bakingPropertiesByType: {
			"@*-(smashed|oiled)": {
				temp: 150,
				levelFrom: 0.0,
				levelTo: 0.25,
				startScaleY: 1.0,
				endScaleY: 1.0,
				resultCode: "expandedfoods:acornbreadedfishnugget-partbaked",
			},
			"*-partbaked": {
				temp: 150,
				levelFrom: 0.25,
				levelTo: 0.5,
				startScaleY: 1.0,
				endScaleY: 1.0,
				resultCode: "expandedfoods:acornbreadedfishnugget-tender",
			},
			"*-tender": {
				temp: 150,
				levelFrom: 0.5,
				levelTo: 0.75,
				startScaleY: 1.0,
				endScaleY: 1.0,
				resultCode: "expandedfoods:acornbreadedfishnugget-charred",
				initialCode: "expandedfoods:acornbreadedfishnugget-partbaked",
			},
			"*-charred": {
				temp: 150,
				levelFrom: 0.75,
				levelTo: 1.0,
				startScaleY: 1.0,
				endScaleY: 0.9,
				initialCode: "expandedfoods:acornbreadedfishnugget-tender",
			},
			"*-syruppartbaked": {
				temp: 150,
				levelFrom: 0.25,
				levelTo: 0.5,
				startScaleY: 1.0,
				endScaleY: 1.0,
				resultCode: "expandedfoods:acornbreadedfishnugget-syrups"
			},
			"*-syrups": {
				temp: 150,
				levelFrom: 0.5,
				levelTo: 0.75,
				startScaleY: 1.0,
				endScaleY: 1.0,
				resultCode: "expandedfoods:acornbreadedfishnugget-syrupcharred",
				initialCode: "expandedfoods:acornbreadedfishnugget-syruppartbaked",
			},
			"*-syrupcharred": {
				temp: 150,
				levelFrom: 0.75,
				levelTo: 1.0,
				startScaleY: 1.0,
				endScaleY: 0.9,
				initialCode: "expandedfoods:acornbreadedfishnugget-syrups",
			},
		},
		onDisplayTransform: { 
			translation: { x: 0, y: -0.1525, z: 0 },
			rotation: { x: 0, y: -45, z: 0 }, 
			scale: 0.66
		},
		satMultByType: {
			"@*-(partbaked|syruppartbaked)": 0.5,
			"@*-(cooked|syrups)": 1,
			"@*-(charred|syrupcharred)": 0.75,
		},
	},
	shapebytype:	{
		"@*-(syruppartbaked|syrups|syrupcharred|partbaked|tender|charred)": {base: "item/food/meat/fish-tender"},
		"@*-(smashed|oiled)": {base: "item/food/meat/fish-smash"},
	},
	texturesbytype: {
		"*-oiled":	{
			"raw": {base: "expandedfoods:item/food/grain/breading/acorn-oiled" },
		},		
		"@*-(syruppartbaked|syrups|syrupcharred)":	{
			"cooked": {base: "expandedfoods:item/food/grain/breading/acorn-fish" },
		},
		"*-partbaked":	{
			"cooked": {base: "expandedfoods:item/food/grain/breading/acorn-partbaked" }
		},
		"*-tender":	{
			"cooked": {base: "expandedfoods:item/food/grain/breading/acorn-cooked" },
		},
		"*-charred":	{
			"cooked": {base: "expandedfoods:item/food/grain/breading/acorn-charred" },
		},
		"*-smashed":	{
			"raw": {base: "expandedfoods:item/food/grain/breading/acorn-raw" },
		},
	},
	nutritionPropsByType: {
		"@*-(syrups|tender)": { satiety: 90, foodcategory: "Protein" },
		"@*-(syruppartbaked|partbaked)": { satiety: 80, foodcategory: "Protein" },
		"@*-(syrupcharred|charred)": { satiety: 70, foodcategory: "Protein" },

	},
	creativeinventory: { "general": ["*"], "items": ["*"], "expandedfoods": ["*"] },
	materialDensity: 600,
	transitionablePropsByType: {
		"@*-(oiled|smashed)": [{
			type: "Perish",
			freshHours: { avg: 24 },
			transitionHours: { avg: 48 },
			transitionedStack: { type: "item", code: "game:rot" },
			transitionRatio: 1
			}
		],
		"@*-(charred|syrupcharred)": [{
			type: "Perish",
			freshHours: { avg: 200 },
			transitionHours: { avg: 144 },
			transitionedStack: { type: "item", code: "game:rot" },
			transitionRatio: 1
		}],
		"*": [{
			type: "Perish",
			freshHours: { avg: 100 },
			transitionHours: { avg: 72 },
			transitionedStack: { type: "item", code: "game:rot" },
			transitionRatio: 1
		}],
	},
	materialDensity: 600,
	guiTransformByType: {
		"*": {
			rotate: false,
			translation: { x: 3, y: 0, z: 0 },
			rotation: { x: -22.5, y: -44.6875, z: -158 },
			origin: { x: 0.55, y: 0.03, z: 0.51 },
			scale: 2.31
		},
	},
	tpHandTransformByType: {
		"*": {
			translation: { x: -0.99, y: -0.2, z: -1.08 },
			rotation: { x: -106, y: -1, z: -5 },
			origin: { x: 0.5, y: 0.12, z: 0.54 },
			scale: 0.55
		},
	},
	groundTransformByType: {
		"*": {
			translation: { x: 0, y: 0, z: 0 },
			rotation: { x: 0, y: 0, z: 0 },
			origin: { x: 0.5, y: 0, z: 0.5 },
			scale: 2.5
		},
	},
	combustiblePropsByType: {
		"@*-(oiled|smashed|partbaked|tender)": {
			meltingPoint: 150,
			meltingDuration: 30,
			smeltedRatio: 1,
			smeltingType: "cook",
			smeltedStack: { type: "item", code: "acornbreadedfishnugget-charred" },
			requiresContainer: false
		},
		"@*-(syruppartbaked|syrups)": {
			meltingPoint: 150,
			meltingDuration: 30,
			smeltedRatio: 1,
			smeltingType: "cook",
			smeltedStack: { type: "item", code: "acornbreadedfishnugget-syrupcharred" },
			requiresContainer: false
		},
	}
}