{
	code: "acorndumpling",
  	class: "ExpandedFood",
	maxstacksize: 32,
	variantgroups: [
		{ code: "type", states: ["raw", "partbaked", "cooked", "charred"]}
	],
	attributes: {
		displaycaseable: true,
		shelvable: true,
		handbook: { "groupBy": [ "acorndumpling-*" ] },
    	"expandedNutritionProps": {
      		"game:milkportion" : { saturation: 1.5, foodcategory: "Dairy" },
			"expandedfoods:breadstarter-wild": { saturation: 2, health: 0.16, foodcategory: "Grain"},
			"expandedfoods:lard": { saturation: 16, "health":  0.1, foodcategory: "Protein"},
			"expandedfoods:pasteurizedmilk": { saturation: 1.15, "health":  0.1, foodcategory: "Dairy"},
			"expandedfoods:brothportion-bone": { saturation: 1, "health": 0.1, foodcategory: "Protein"},
			"expandedfoods:brothportion-vegetable": { saturation: 1, "health": 0.1, foodcategory: "Vegetable"},
			"expandedfoods:brothportion-meat": { saturation: 1.25, "health": 0.1, foodcategory: "Protein"},
			"expandedfoods:brothportion-fish": { saturation: 1, "health": 0.1, foodcategory: "Protein"},
			"expandedfoods:clarifiedbrothportion-bone": { saturation: 1, "health": 0.1, foodcategory: "Protein"},
			"expandedfoods:clarifiedbrothportion-vegetable": { saturation: 1, "health": 0.1, foodcategory: "Vegetable"},
			"expandedfoods:clarifiedbrothportion-meat": { saturation: 1.25, "health": 0.1, foodcategory: "Protein"},
			"expandedfoods:clarifiedbrothportion-fish": { saturation: 1, "health": 0.1, foodcategory: "Protein"},
			"expandedfoods:soymilk-edible": { saturation: 1.125, "health": 0.1, foodcategory: "Dairy"},
      		"game:flour-rice" : { saturation: 170, foodcategory: "Grain" },
      		"game:flour-rye" : { saturation: 140, foodcategory: "Grain" },
      		"game:flour-spelt" : { saturation: 140, foodcategory: "Grain" },
      		"game:flour-cassava" : { saturation: 140, foodcategory: "Grain" },
      		"game:flour-amaranth" : { saturation: 140, foodcategory: "Grain" },
      		"game:flour-sunflower" : { saturation: 140, foodcategory: "Grain" },
			"aculinaryartillery:eggyolkfullportion-chicken": { saturation: 20, foodcategory: "Protein"},
			"aculinaryartillery:eggyolkfullportion-pheasant": { saturation: 28, foodcategory: "Protein"},
			"aculinaryartillery:eggyolkfullportion-goldenpheasant": { saturation: 28, foodcategory: "Protein"},
			"aculinaryartillery:eggyolkfullportion-capercaillie": { saturation: 28, foodcategory: "Protein"},
			"aculinaryartillery:eggyolkfullportion-wildturkey": { saturation: 28, foodcategory: "Protein"},
      		"acorns:flour-acorn" : { saturation: 140, foodcategory: "Grain" },
			"game:salt": {saturation: 10, health: 0.5, foodcategory: "Grain"},
		},
    	renderIngredientsByType: {
			"*-raw": {
      			"game:flour-*" : "expandedfoods:shapes/item/food/dumpling.json",
			},
			"@*-(partbaked|cooked|charred)": {
      			"game:flour-*" : "expandedfoods:shapes/item/food/dumpling.json",
			},
		},
		bakingPropertiesByType: {
			"*-raw": {
				temp: 160,
				levelFrom: 0.0,
				levelTo: 0.25,
				startScaleY: 0.95,
				endScaleY: 1.0,
				resultCode: "expandedfoods:acorndumpling-partbaked",
			},
			"*-partbaked": {
				temp: 160,
				levelFrom: 0.25,
				levelTo: 0.5,
				startScaleY: 1.0,
				endScaleY: 1.05,
				resultCode: "expandedfoods:acorndumpling-cooked",
				initialCode: "expandedfoods:acorndumpling-raw"
			},
			"*-cooked": {
				temp: 160,
				levelFrom: 0.5,
				levelTo: 0.75,
				startScaleY: 1.05,
				endScaleY: 1.07,
				resultCode: "expandedfoods:acorndumpling-charred",
				initialCode: "expandedfoods:acorndumpling-partbaked"
			},
			"*-charred": {
				temp: 160,
				levelFrom: 0.75,
				levelTo: 1.0,
				startScaleY: 1.07,
				endScaleY: 1.0,
				initialCode: "expandedfoods:acorndumpling-cooked"
			},
		},
		onDisplayTransform: { 
			translation: { x: 0, y: 0, z: 0 },
		},
		satMultByType: {
			"*-partbaked": 0.5,
			"*-cooked": 1,
			"*-charred": 0.75
		},
	},
	shape: { base: "expandedfoods:item/food/dumpling" },
  	textures: {
		"dough": { base: "item/food/dumpling/acorn{type}" },
  	},
	creativeinventory: { "general": ["*"], "items": ["*"], "expandedfoods": ["*"] },
	nutritionPropsByType: {
		"*-partbaked": { saturation: 270, foodcategory: "Grain" },
		"*-cooked": { saturation: 300, foodcategory: "Grain" },
		"*-charred": { saturation: 240, foodcategory: "Grain" },
	},
	transitionablePropsByType: {
		"*-raw": [{
			type: "Perish",
			freshHours: { avg: 96 },
			transitionHours: { avg: 24 },
			transitionedStack: { type: "item", code: "game:rot" },
			transitionRatio: 1
		}],
		"*-charred": [{
			type: "Perish",
			freshHours: { avg: 384 },
			transitionHours: { avg: 48 },
			transitionedStack: { type: "item", code: "game:rot" },
			transitionRatio: 1
		}],
		"*": [{
			type: "Perish",
			freshHours: { avg: 192 },
			transitionHours: { avg: 24 },
			transitionedStack: { type: "item", code: "game:rot" },
			transitionRatio: 1
		}],
	},
	combustiblePropsByType: {
		"@*-(raw|partbaked|cooked)": {
			meltingPoint: 150,
			meltingDuration: 30,
			smeltedRatio: 1,
			smeltingType: "cook",
			smeltedStack: { type: "item", code: "expandedfoods:acorndumpling-charred" },
			requiresContainer: false
		},
	},
	materialDensity: 600,
	guiTransform: {
		translation: { x: 0, y: 0, z: 0 },
		rotation: { x: -37, y: 142, z: -180 },
		origin: { x: 0.46, y: 0, z: 0.55 },
		scale: 4.2
	},
	tpHandTransform: {
		translation: { x: 0.1, y: -0.1, z: -0.25 },
		rotation: { x: -19, y: 61, z: -34 },
		origin: { x: 0.23, y: 0, z: 0.13 },
		scale: 0.75
	},
	groundTransform: {
		translation: { x: 0, y: 0, z: 0 },
		rotation: { x: 0, y: 0, z: 0 },
		origin: { x: 0, y: 0, z: 0 },
		scale: 4
	},
}
