{
	code: "acornmuffin",
  	class: "ExpandedFood",
	maxstacksize: 32,
	variantgroups: [
		{code: "state", states: ["dough", "partbaked", "cooked", "charred", "syruppartbaked", "syrup", "syrupcharred"]}
	],
	attributes: {
		displaycaseable: true,
		shelvable: true,
		handbook: { "groupBy": [ "acornmuffin-*" ] },
    	expandedNutritionProps: {
      		"game:milkportion" : { saturation: 1.5, foodcategory: "Dairy" },
			"expandedfoods:lard": { saturation: 16, "health":  0.1, foodcategory: "Protein"},
			"expandedfoods:pasteurizedmilk": { saturation: 1.15, "health":  0.1, foodcategory: "Dairy"},
			"expandedfoods:brothportion-bone": { saturation: 1, "health": 0.1, foodcategory: "Protein"},
			"expandedfoods:brothportion-meat": { saturation: 1.25, "health": 0.1, foodcategory: "Protein"},
			"expandedfoods:brothportion-fish": { saturation: 1, "health": 0.1, foodcategory: "Protein"},
			"expandedfoods:brothportion-vegetable": { saturation: 1, "health": 0.1, foodcategory: "Vegetable"},
			"expandedfoods:clarifiedbrothportion-bone": { saturation: 1, "health": 0.1, foodcategory: "Protein"},
			"expandedfoods:clarifiedbrothportion-vegetable": { saturation: 1, "health": 0.1, foodcategory: "Vegetable"},
			"expandedfoods:clarifiedbrothportion-meat": { saturation: 1.25, "health": 0.1, foodcategory: "Protein"},
			"expandedfoods:clarifiedbrothportion-fish": { saturation: 1, "health": 0.1, foodcategory: "Protein"},
			"expandedfoods:soymilk-edible": { saturation: 1.125, "health": 0.1, foodcategory: "Dairy"},
      		"game:flour-rice" : { saturation: 170, foodcategory: "Grain" },
      		"game:flour-rye" : { saturation: 140, foodcategory: "Grain" },
      		"game:flour-spelt" : { saturation: 140, foodcategory: "Grain" },
      		"game:flour-cassava" : { saturation: 140, foodcategory: "Grain" },
      		"game:flour-amaranth" : { saturation: 140, foodcategory: "Grain" },
      		"game:flour-sunflower" : { saturation: 140, foodcategory: "Grain" },
      		"game:flour-birch" : { saturation: 45, foodcategory: "Grain" },
      		"game:flour-pine" : { saturation: 45, foodcategory: "Grain" },
      		"game:flour-maple" : { saturation: 45, foodcategory: "Grain" },
			"aculinaryartillery:eggyolkfullportion-chicken": { saturation: 20, foodcategory: "Protein"},
			"aculinaryartillery:eggyolkfullportion-pheasant": { saturation: 28, foodcategory: "Protein"},
			"aculinaryartillery:eggyolkfullportion-goldenpheasant": { saturation: 28, foodcategory: "Protein"},
			"aculinaryartillery:eggyolkfullportion-capercaillie": { saturation: 28, foodcategory: "Protein"},
			"aculinaryartillery:eggyolkfullportion-wildturkey": { saturation: 28, foodcategory: "Protein"},
      		"expandedfoods:foodoilportion-*" : { saturation: 6, "health": 0.1, foodcategory: "Vegetable" }, 
      		"acorns:flour-acorn" : { saturation: 140, foodcategory: "Grain" },
      		"game:honeyportion" : { saturation: 4, foodcategory: "Fruit" },
      		"expandedfoods:fruitsyrupportion-saguaro" : { saturation: 12, "health": 0.2, foodcategory: "Fruit" }, 
      		"expandedfoods:fruitsyrupportion-*" : { saturation: 12, "health": 0.1, foodcategory: "Fruit" },
      		"expandedfoods:wildfruitsyrupportion-cloudberry" : { saturation: 12, "health": 0.5, foodcategory: "Fruit" },
      		"expandedfoods:wildfruitsyrupportion-husktomato" : { saturation: 12, "health": 0.3, foodcategory: "Fruit" },
      		"expandedfoods:wildfruitsyrupportion-juniper" : { saturation: 12, "health": 0.3, foodcategory: "Fruit" },
      		"expandedfoods:wildfruitsyrupportion-coralbead" : { saturation: 12, "health": -0.1, foodcategory: "Fruit" },
      		"expandedfoods:wildfruitsyrupportion-pokeberry" : { saturation: 12, "health": -0.25, foodcategory: "Fruit" },
      		"expandedfoods:wildfruitsyrupportion-snowberry" : { saturation: 12, "health": -0.25, foodcategory: "Fruit" },
      		"expandedfoods:wildfruitsyrupportion-falseorange" : { saturation: 12, "health": -0.25, foodcategory: "Fruit" },
      		"expandedfoods:wildfruitsyrupportion-blacknightshadeunripe" : { saturation: 12, "health": -1, foodcategory: "Fruit" },
      		"expandedfoods:wildfruitsyrupportion-bitternightshade" : { saturation: 12, "health": -2, foodcategory: "Fruit" },
      		"expandedfoods:wildfruitsyrupportion-wolfberry" : { saturation: 12, "health": -3, foodcategory: "Fruit" },
      		"expandedfoods:wildfruitsyrupportion-seamango" : { saturation: 12, "health": -4, foodcategory: "Fruit" },
      		"expandedfoods:wildfruitsyrupportion-crowseye" : { saturation: 12, "health": -5, foodcategory: "Fruit" },
      		"expandedfoods:wildfruitsyrupportion-*" : { saturation: 12, "health": 0.1, foodcategory: "Fruit" },
      		"expandedfoods:treesyrupportion-*" : { saturation: 9.6, "health": 0.1, foodcategory: "Fruit" },
		},
  		renderIngredientsByType: {
			"@*-(syruppartbaked|partbaked)": {
				"game:flour-*": { "shape": "expandedfoods:shapes/item/food/bread/muffins/cooked.json", "name": "flour", "textureMap": { "bread": "acornflaxbread2" } },
				"game:fruit-*": { "shape": "expandedfoods:shapes/item/food/bread/overlays/fruit/muffin.json", "name": "type", "textureMap": { "fruit": "{type}" } },
				"expandedfoods:dryfruit-*": { "shape": "expandedfoods:shapes/item/food/bread/overlays/fruit/muffin.json", "name": "type", "textureMap": { "fruit": "{type}" } },
				"expandedfoods:dehydratedfruit-*": { "shape": "expandedfoods:shapes/item/food/bread/overlays/fruit/muffin.json", "name": "type", "textureMap": { "fruit": "{type}" } },
				"expandedfoods:candiedfruit-*": { "shape": "expandedfoods:shapes/item/food/bread/overlays/fruit/muffin.json", "name": "type", "textureMap": { "fruit": "{type}" } },
				"expandedfoods:choppedvegetable-pumpkin": { "shape": "expandedfoods:shapes/item/food/bread/overlays/fruit/muffin.json", "textureMap": { "fruit": "pumpkin" } },
				"game:legume-peanut": { "shape": "expandedfoods:shapes/item/food/bread/overlays/fruit/muffin.json", "name": "type", "textureMap": { "fruit": "peanut" } },
				"expandedfoods:peanut-kernels": { "shape": "expandedfoods:shapes/item/food/bread/overlays/fruit/muffin.json", "name": "type", "textureMap": { "fruit": "peanut" } },
				"expandedfoods:peanut-cooked": { "shape": "expandedfoods:shapes/item/food/bread/overlays/fruit/muffin.json", "name": "type", "textureMap": { "fruit": "peanut" } },
				"wildcraftfruit:fruit-*": { "shape": "expandedfoods:shapes/item/food/bread/overlays/fruit/muffin.json", "name": "type", "textureMap": { "fruit": "{type}" } },
				"expandedfoods:wilddryfruit-*": { "shape": "expandedfoods:shapes/item/food/bread/overlays/fruit/muffin.json", "name": "type", "textureMap": { "fruit": "{type}" } },
				"expandedfoods:wilddehydratedfruit-*": { "shape": "expandedfoods:shapes/item/food/bread/overlays/fruit/muffin.json", "name": "type", "textureMap": { "fruit": "{type}" } },
				"expandedfoods:wildcandiedfruit-*": { "shape": "expandedfoods:shapes/item/food/bread/overlays/fruit/muffin.json", "name": "type", "textureMap": { "fruit": "{type}" } },
				"wildcraftfruit:nut-*": { "shape": "expandedfoods:shapes/item/food/bread/overlays/fruit/muffin.json", "name": "type", "textureMap": { "fruit": "{type}" } },
				"game:honeyportion": { "shape": "expandedfoods:shapes/item/food/food/bread/overlays/syrup/muffin.json", "textureMap": { "syrup": "honey" } },
				"expandedfoods:peanutliquid-paste": { "shape": "expandedfoods:shapes/item/food/food/bread/overlays/syrup/muffin.json", "textureMap": { "syrup": "peanutbutter" } },
				"expandedfoods:treesyrupportion-birch": { "shape": "expandedfoods:shapes/item/food/bread/overlays/syrup/muffin.json", "textureMap": { "syrup": "weaktannin" } },
				"expandedfoods:treesyrupportion-maple": { "shape": "expandedfoods:shapes/item/food/bread/overlays/syrup/muffin.json", "textureMap": { "syrup": "strongtannin" } },
				"expandedfoods:fruitsyrupportion-*": { "shape": "expandedfoods:shapes/item/food/bread/overlays/syrup/muffin.json", "name": "type", "textureMap": { "syrup": "fill-{type}" } },
				"expandedfoods:wildfruitsyrupportion-*": { "shape": "expandedfoods:shapes/item/food/bread/overlays/syrup/muffin.json", "name": "type", "textureMap": { "syrup": "fill-{type}" } },
			},
			"@*-(syrup|cooked)": {
				"game:flour-*": { "shape": "expandedfoods:shapes/item/food/bread/muffins/cooked.json", "name": "flour", "textureMap": { "bread": "acornbread" } },
				"game:fruit-*": { "shape": "expandedfoods:shapes/item/food/bread/overlays/fruit/muffin.json", "name": "type", "textureMap": { "fruit": "{type}" } },
				"expandedfoods:dryfruit-*": { "shape": "expandedfoods:shapes/item/food/bread/overlays/fruit/muffin.json", "name": "type", "textureMap": { "fruit": "{type}" } },
				"expandedfoods:dehydratedfruit-*": { "shape": "expandedfoods:shapes/item/food/bread/overlays/fruit/muffin.json", "name": "type", "textureMap": { "fruit": "{type}" } },
				"expandedfoods:candiedfruit-*": { "shape": "expandedfoods:shapes/item/food/bread/overlays/fruit/muffin.json", "name": "type", "textureMap": { "fruit": "{type}" } },
				"expandedfoods:choppedvegetable-pumpkin": { "shape": "expandedfoods:shapes/item/food/bread/overlays/fruit/muffin.json", "textureMap": { "fruit": "pumpkin" } },
				"game:legume-peanut": { "shape": "expandedfoods:shapes/item/food/bread/overlays/fruit/muffin.json", "name": "type", "textureMap": { "fruit": "peanut" } },
				"expandedfoods:peanut-kernels": { "shape": "expandedfoods:shapes/item/food/bread/overlays/fruit/muffin.json", "name": "type", "textureMap": { "fruit": "peanut" } },
				"expandedfoods:peanut-cooked": { "shape": "expandedfoods:shapes/item/food/bread/overlays/fruit/muffin.json", "name": "type", "textureMap": { "fruit": "peanut" } },
				"wildcraftfruit:fruit-*": { "shape": "expandedfoods:shapes/item/food/bread/overlays/fruit/muffin.json", "name": "type", "textureMap": { "fruit": "{type}" } },
				"expandedfoods:wilddryfruit-*": { "shape": "expandedfoods:shapes/item/food/bread/overlays/fruit/muffin.json", "name": "type", "textureMap": { "fruit": "{type}" } },
				"expandedfoods:wilddehydratedfruit-*": { "shape": "expandedfoods:shapes/item/food/bread/overlays/fruit/muffin.json", "name": "type", "textureMap": { "fruit": "{type}" } },
				"expandedfoods:wildcandiedfruit-*": { "shape": "expandedfoods:shapes/item/food/bread/overlays/fruit/muffin.json", "name": "type", "textureMap": { "fruit": "{type}" } },
				"wildcraftfruit:nut-*": { "shape": "expandedfoods:shapes/item/food/bread/overlays/fruit/muffin.json", "name": "type", "textureMap": { "fruit": "{type}" } },
				"game:honeyportion": { "shape": "expandedfoods:shapes/item/food/food/bread/overlays/syrup/muffin.json", "textureMap": { "syrup": "honey" } },
				"expandedfoods:peanutliquid-paste": { "shape": "expandedfoods:shapes/item/food/food/bread/overlays/syrup/muffin.json", "textureMap": { "syrup": "peanutbutter" } },
				"expandedfoods:treesyrupportion-birch": { "shape": "expandedfoods:shapes/item/food/bread/overlays/syrup/muffin.json", "textureMap": { "syrup": "weaktannin" } },
				"expandedfoods:treesyrupportion-maple": { "shape": "expandedfoods:shapes/item/food/bread/overlays/syrup/muffin.json", "textureMap": { "syrup": "strongtannin" } },
				"expandedfoods:fruitsyrupportion-*": { "shape": "expandedfoods:shapes/item/food/bread/overlays/syrup/muffin.json", "name": "type", "textureMap": { "syrup": "fill-{type}" } },
				"expandedfoods:wildfruitsyrupportion-*": { "shape": "expandedfoods:shapes/item/food/bread/overlays/syrup/muffin.json", "name": "type", "textureMap": { "syrup": "fill-{type}" } },
			},
			"@*-(syrupcharred|charred)": {
				"game:flour-*": { "shape": "expandedfoods:shapes/item/food/bread/muffins/cooked.json", "name": "flour", "textureMap": { "bread": "acornflaxbread1" } },
				"game:fruit-*": { "shape": "expandedfoods:shapes/item/food/bread/overlays/fruit/muffin.json", "name": "type", "textureMap": { "fruit": "{type}" } },
				"expandedfoods:dryfruit-*": { "shape": "expandedfoods:shapes/item/food/bread/overlays/fruit/muffin.json", "name": "type", "textureMap": { "fruit": "{type}" } },
				"expandedfoods:dehydratedfruit-*": { "shape": "expandedfoods:shapes/item/food/bread/overlays/fruit/muffin.json", "name": "type", "textureMap": { "fruit": "{type}" } },
				"expandedfoods:candiedfruit-*": { "shape": "expandedfoods:shapes/item/food/bread/overlays/fruit/muffin.json", "name": "type", "textureMap": { "fruit": "{type}" } },
				"expandedfoods:choppedvegetable-pumpkin": { "shape": "expandedfoods:shapes/item/food/bread/overlays/fruit/muffin.json", "textureMap": { "fruit": "pumpkin" } },
				"game:legume-peanut": { "shape": "expandedfoods:shapes/item/food/bread/overlays/fruit/muffin.json", "name": "type", "textureMap": { "fruit": "peanut" } },
				"expandedfoods:peanut-kernels": { "shape": "expandedfoods:shapes/item/food/bread/overlays/fruit/muffin.json", "name": "type", "textureMap": { "fruit": "peanut" } },
				"expandedfoods:peanut-cooked": { "shape": "expandedfoods:shapes/item/food/bread/overlays/fruit/muffin.json", "name": "type", "textureMap": { "fruit": "peanut" } },
				"wildcraftfruit:fruit-*": { "shape": "expandedfoods:shapes/item/food/bread/overlays/fruit/muffin.json", "name": "type", "textureMap": { "fruit": "{type}" } },
				"expandedfoods:wilddryfruit-*": { "shape": "expandedfoods:shapes/item/food/bread/overlays/fruit/muffin.json", "name": "type", "textureMap": { "fruit": "{type}" } },
				"expandedfoods:wilddehydratedfruit-*": { "shape": "expandedfoods:shapes/item/food/bread/overlays/fruit/muffin.json", "name": "type", "textureMap": { "fruit": "{type}" } },
				"expandedfoods:wildcandiedfruit-*": { "shape": "expandedfoods:shapes/item/food/bread/overlays/fruit/muffin.json", "name": "type", "textureMap": { "fruit": "{type}" } },
				"wildcraftfruit:nut-*": { "shape": "expandedfoods:shapes/item/food/bread/overlays/fruit/muffin.json", "name": "type", "textureMap": { "fruit": "{type}" } },
				"game:honeyportion": { "shape": "expandedfoods:shapes/item/food/food/bread/overlays/syrup/muffin.json", "textureMap": { "syrup": "honey" } },
				"expandedfoods:peanutliquid-paste": { "shape": "expandedfoods:shapes/item/food/food/bread/overlays/syrup/muffin.json", "textureMap": { "syrup": "peanutbutter" } },
				"expandedfoods:treesyrupportion-birch": { "shape": "expandedfoods:shapes/item/food/bread/overlays/syrup/muffin.json", "textureMap": { "syrup": "weaktannin" } },
				"expandedfoods:treesyrupportion-maple": { "shape": "expandedfoods:shapes/item/food/bread/overlays/syrup/muffin.json", "textureMap": { "syrup": "strongtannin" } },
				"expandedfoods:fruitsyrupportion-*": { "shape": "expandedfoods:shapes/item/food/bread/overlays/syrup/muffin.json", "name": "type", "textureMap": { "syrup": "fill-{type}" } },
				"expandedfoods:wildfruitsyrupportion-*": { "shape": "expandedfoods:shapes/item/food/bread/overlays/syrup/muffin.json", "name": "type", "textureMap": { "syrup": "fill-{type}" } },
			},
			"*-dough": {
				"game:flour-*": { "shape": "expandedfoods:shapes/item/food/bread/muffins/dough.json", "name": "flour", "textureMap": { "dough": "acornbread" } },
				"game:fruit-*": { "shape": "expandedfoods:shapes/item/food/bread/overlays/fruit/muffin.json", "name": "type", "textureMap": { "fruit": "{type}" } },
				"expandedfoods:dryfruit-*": { "shape": "expandedfoods:shapes/item/food/bread/overlays/fruit/muffin.json", "name": "type", "textureMap": { "fruit": "{type}" } },
				"expandedfoods:dehydratedfruit-*": { "shape": "expandedfoods:shapes/item/food/bread/overlays/fruit/muffin.json", "name": "type", "textureMap": { "fruit": "{type}" } },
				"expandedfoods:candiedfruit-*": { "shape": "expandedfoods:shapes/item/food/bread/overlays/fruit/muffin.json", "name": "type", "textureMap": { "fruit": "{type}" } },
				"expandedfoods:choppedvegetable-pumpkin": { "shape": "expandedfoods:shapes/item/food/bread/overlays/fruit/muffin.json", "textureMap": { "fruit": "pumpkin" } },
				"game:legume-peanut": { "shape": "expandedfoods:shapes/item/food/bread/overlays/fruit/muffin.json", "name": "type", "textureMap": { "fruit": "peanut" } },
				"expandedfoods:peanut-kernels": { "shape": "expandedfoods:shapes/item/food/bread/overlays/fruit/muffin.json", "name": "type", "textureMap": { "fruit": "peanut" } },
				"expandedfoods:peanut-cooked": { "shape": "expandedfoods:shapes/item/food/bread/overlays/fruit/muffin.json", "name": "type", "textureMap": { "fruit": "peanut" } },
				"wildcraftfruit:fruit-*": { "shape": "expandedfoods:shapes/item/food/bread/overlays/fruit/muffin.json", "name": "type", "textureMap": { "fruit": "{type}" } },
				"expandedfoods:wilddryfruit-*": { "shape": "expandedfoods:shapes/item/food/bread/overlays/fruit/muffin.json", "name": "type", "textureMap": { "fruit": "{type}" } },
				"expandedfoods:wilddehydratedfruit-*": { "shape": "expandedfoods:shapes/item/food/bread/overlays/fruit/muffin.json", "name": "type", "textureMap": { "fruit": "{type}" } },
				"expandedfoods:wildcandiedfruit-*": { "shape": "expandedfoods:shapes/item/food/bread/overlays/fruit/muffin.json", "name": "type", "textureMap": { "fruit": "{type}" } },
				"wildcraftfruit:nut-*": { "shape": "expandedfoods:shapes/item/food/bread/overlays/fruit/muffin.json", "name": "type", "textureMap": { "fruit": "{type}" } },
			},
		},
		bakingPropertiesByType: {
			"*-dough": {
				temp: 160,
				levelFrom: 0.0,
				levelTo: 0.25,
				startScaleY: 0.95,
				endScaleY: 1.0,
				resultCode: "expandedfoods:acornmuffin-partbaked",
			},
			"*-partbaked": {
				temp: 160,
				levelFrom: 0.25,
				levelTo: 0.5,
				startScaleY: 1.0,
				endScaleY: 1.05,
				resultCode: "expandedfoods:acornmuffin-cooked",
				initialCode: "expandedfoods:acornmuffin-dough"
			},
			"*-cooked": {
				temp: 160,
				levelFrom: 0.5,
				levelTo: 0.75,
				startScaleY: 1.05,
				endScaleY: 1.07,
				resultCode: "expandedfoods:acornmuffin-charred",
				initialCode: "expandedfoods:acorn-partbaked"
			},
			"*-charred": {
				temp: 160,
				levelFrom: 0.75,
				levelTo: 1.0,
				startScaleY: 1.07,
				endScaleY: 1.0,
				initialCode: "expandedfoods:acornmuffin-cooked"
			},
			"*-syruppartbaked": {
				temp: 160,
				levelFrom: 0.25,
				levelTo: 0.5,
				startScaleY: 1.0,
				endScaleY: 1.05,
				resultCode: "expandedfoods:acornmuffin-syrup"
			},
			"*-syrup": {
				temp: 160,
				levelFrom: 0.5,
				levelTo: 0.75,
				startScaleY: 1.05,
				endScaleY: 1.07,
				resultCode: "expandedfoods:acornmuffin-syrupcharred",
				initialCode: "expandedfoods:acornmuffin-syruppartbaked"
			},
			"*-syrupcharred": {
				temp: 160,
				levelFrom: 0.75,
				levelTo: 1.0,
				startScaleY: 1.07,
				endScaleY: 1.0,
				initialCode: "expandedfoods:acornmuffin-syrup"
			},
		},
		satMultByType: {
			"@*-(partbaked|syruppartbaked)": 0.5,
			"@*-(cooked|syrup)": 1,
			"@*-(charred|syrupcharred)": 0.75
		},	
		onDisplayTransform: {
			rotation: { x: 0, y: 0, z: 0 },			
			translation: { x: 0, y: -0.125, z: 0 },
			scale: 0.75
		},
	},
	shapeByType: {
		"*-dough": { base: "expandedfoods:item/food/bread/muffins/dough" },
		"*": { base: "expandedfoods:item/food/bread/muffins/cooked" },
	},
  	textures: {
    	"dough": {base: "game:item/food/grain/acornbread" },
    	"bread": {base: "game:item/food/grain/acornbread" },
    	"acornbread": {base: "game:item/food/grain/acornbread" },
    	"acornflaxbread1": {base: "game:item/food/grain/acornflaxbread1" },
    	"acornflaxbread2": {base: "game:item/food/grain/acornflaxbread2" },
		"cranberry" : {base: "expandedfoods:item/food/grain/overlays/cranberry" },
		"blueberry" : {base: "expandedfoods:item/food/grain/overlays/blueberry" },
		"redcurrant" : {base: "expandedfoods:item/food/grain/overlays/redcurrant" },
		"blackcurrant" : {base: "expandedfoods:item/food/grain/overlays/blackcurrant" },
		"whitecurrant" : {base: "expandedfoods:item/food/grain/overlays/whitecurrant" },
		"pinkapple" : {base: "expandedfoods:item/food/grain/overlays/apple" },
		"redapple" : {base: "expandedfoods:item/food/grain/overlays/apple" },
		"yellowapple" : {base: "expandedfoods:item/food/grain/overlays/apple" },
		"breadfruit" : {base: "expandedfoods:item/food/grain/overlays/breadfruit" },
		"cherry" : {base: "expandedfoods:item/food/grain/overlays/cherry" },
		"lychee" : {base: "expandedfoods:item/food/grain/overlays/lychee" },
		"mango" : {base: "expandedfoods:item/food/grain/overlays/mango" },
		"orange" : {base: "expandedfoods:item/food/grain/overlays/orange" },
		"peach" : {base: "expandedfoods:item/food/grain/overlays/peach" },
		"pear" : {base: "expandedfoods:item/food/grain/overlays/pear" },
		"pineapple" : {base: "expandedfoods:item/food/grain/overlays/pineapple" },
		"pomegranate" : {base: "expandedfoods:item/food/grain/overlays/pomegranate" },
		"pumpkin" : {base: "expandedfoods:item/food/grain/overlays/pumpkin" },
		"saguarosolid" : {base: "expandedfoods:item/food/grain/overlays/saguaro" },
		"weaktannin": { base: "game:block/liquid/weaktannin"},
		"strongtannin": { base: "game:block/liquid/strongtannin"},
		"honey": { base: "game:block/liquid/honey"},
		"peanutbutter": { base: "item/food/peanut/butter" },
		"peanut" : {base: "expandedfoods:item/food/grain/overlays/peanut" },
		"fill-pinkapple": { base: "game:block/food/pie/fill-apple" },
		"fill-redapple": { base: "game:block/food/pie/fill-apple" },
		"fill-yellowapple": { base: "game:block/food/pie/fill-apple" },
		"fill-blackcurrant": { base: "game:block/food/pie/fill-blackcurrant" },
		"fill-blueberry": { base: "game:block/food/pie/fill-blueberry" },
		"fill-breadfruit": { base: "game:block/food/pie/fill-breadfruit" },
		"fill-cherry": { base: "game:block/food/pie/fill-cherry" },
		"fill-cranberry": { base: "game:block/food/pie/fill-cranberry" },
		"fill-lychee": { base: "game:block/food/pie/fill-lychee" },
		"fill-mango": { base: "game:block/food/pie/fill-mango" },
		"fill-orange": { base: "game:block/food/pie/fill-orange" },
		"fill-peach": { base: "game:block/food/pie/fill-peach" },
		"fill-pear": { base: "game:block/food/pie/fill-pear" },
		"fill-pineapple": { base: "game:block/food/pie/fill-pineapple" },
		"fill-pomegranate": { base: "game:block/food/pie/fill-pomegranate" },
		"fill-redcurrant": { base: "game:block/food/pie/fill-redcurrant" },
		"fill-saguaro": { base: "game:block/food/pie/fill-saguaro" },
		"fill-whitecurrant": { base: "game:block/food/pie/fill-whitecurrant" },
		"achacha" : {base: "expandedfoods:item/food/grain/overlays/achacha" },
		"apricot" : {base: "expandedfoods:item/food/grain/overlays/apricot" },
		"beachalmondwhole" : {base: "expandedfoods:item/food/grain/overlays/beachalmond" },
		"beautyberry" : {base: "expandedfoods:item/food/grain/overlays/beautyberry" },
		"bitternightshade" : {base: "expandedfoods:item/food/grain/overlays/bitternightshade" },
		"blacknightshade" : {base: "expandedfoods:item/food/grain/overlays/blacknightshade" },
		"blacknightshadeunripe" : {base: "expandedfoods:item/food/grain/overlays/blacknightshadeunripe" },
		"blueraspberry": { base: "expandedfoods:item/food/grain/overlays/blueraspberry" },
		"bluetongue": { base: "expandedfoods:item/food/grain/overlays/bluetongue" },
		"brambleberry" : {base: "expandedfoods:item/food/grain/overlays/brambleberry" },
		"bunchberry": { base: "expandedfoods:item/food/grain/overlays/bunchberry" },
		"bushlawyer" : {base: "expandedfoods:item/food/grain/overlays/bushlawyer" },
		"cashewapple" : {base: "expandedfoods:item/food/grain/overlays/cashewapple" },
		"cheeseberry" : {base: "expandedfoods:item/food/grain/overlays/cheeseberry" },
		"cherryplum" : {base: "expandedfoods:item/food/grain/overlays/cherryplum" },
		"chinaberry" : {base: "expandedfoods:item/food/grain/overlays/chinaberry" },
		"citron" : {base: "expandedfoods:item/food/grain/overlays/citron" },
		"cloudberry" : {base: "expandedfoods:item/food/grain/overlays/cloudberry" },
		"cocoa" : {base: "expandedfoods:item/food/grain/overlays/cocoa" },
		"coralbead" : {base: "expandedfoods:item/food/grain/overlays/coralbead" },
		"creepingpine" : {base: "expandedfoods:item/food/grain/overlays/creepingpine" },
		"crowberry": { base: "expandedfoods:item/food/grain/overlays/crowberry" },
		"crowseye" : {base: "expandedfoods:item/food/grain/overlays/crowseye" },
		"dogrose" : {base: "expandedfoods:item/food/grain/overlays/dogrose" },
		"elderberry" : {base: "expandedfoods:item/food/grain/overlays/elderberry" },
		"engkala" : {base: "expandedfoods:item/food/grain/overlays/engkala" },
		"falseorange" : {base: "expandedfoods:item/food/grain/overlays/falseorange" },
		"falsestrawberry" : {base: "expandedfoods:item/food/grain/overlays/falsestrawberry" },
		"feijoa" : {base: "expandedfoods:item/food/grain/overlays/feijoa" },
		"fig" : {base: "expandedfoods:item/food/grain/overlays/fig" },
		"fingerlime" : {base: "expandedfoods:item/food/grain/overlays/fingerlime" },
		"flaxlily" : {base: "expandedfoods:item/food/grain/overlays/flaxlily" },
		"foxgrape" : {base: "expandedfoods:item/food/grain/overlays/foxgrape" },
		"fractureberry" : {base: "expandedfoods:item/food/grain/overlays/fractureberry" },
		"gardenstrawberry" : {base: "expandedfoods:item/food/grain/overlays/gardenstrawberry" },
		"gooseberry" : {base: "expandedfoods:item/food/grain/overlays/gooseberry" },
		"guajava" : {base: "expandedfoods:item/food/grain/overlays/guajava" },
		"hawthorn" : {base: "expandedfoods:item/food/grain/overlays/hawthorn" },
		"honeypots" : {base: "expandedfoods:item/food/grain/overlays/honeypots" },
		"honeysuckle" : {base: "expandedfoods:item/food/grain/overlays/honeysuckle" },
		"huckleberry" : {base: "expandedfoods:item/food/grain/overlays/huckleberry" },
		"husktomato": { base: "expandedfoods:item/food/grain/overlays/husktomato" },
		"illawarra" : {base: "expandedfoods:item/food/grain/overlays/illawarra" },
		"jujube" : {base: "expandedfoods:item/food/grain/overlays/jujube" },
		"kakaha" : {base: "expandedfoods:item/food/grain/overlays/kakaha" },
		"kawakawa" : {base: "expandedfoods:item/food/grain/overlays/kawakawa" },
		"knyazberry" : {base: "expandedfoods:item/food/grain/overlays/knyazberry" },
		"kumquat" : {base: "expandedfoods:item/food/grain/overlays/kumquat" },
		"lemon" : {base: "expandedfoods:item/food/grain/overlays/lemon" },
		"lemonaspen" : {base: "expandedfoods:item/food/grain/overlays/lemonaspen" },
		"lillypillyblue" : {base: "expandedfoods:item/food/grain/overlays/lillypillypink" },
		"lillypillypink" : {base: "expandedfoods:item/food/grain/overlays/lillypillypink" },
		"lillypillywhite" : {base: "expandedfoods:item/food/grain/overlays/lillypillypink" },
		"lingonberry" : {base: "expandedfoods:item/food/grain/overlays/lingonberry" },
		"loquat" : {base: "expandedfoods:item/food/grain/overlays/loquat" },
		"midyimberry" : {base: "expandedfoods:item/food/grain/overlays/midyimberry" },
		"mingimingi" : {base: "expandedfoods:item/food/grain/overlays/mingimingi" },
		"munthari" : {base: "expandedfoods:item/food/grain/overlays/munthari" },
		"naranjilla" : {base: "expandedfoods:item/food/grain/overlays/naranjilla" },
		"numnum" : {base: "expandedfoods:item/food/grain/overlays/numnum" },
		"pandanbits" : {base: "expandedfoods:item/food/grain/overlays/pandanbits" },
		"pilo" : {base: "expandedfoods:item/food/grain/overlays/pilo" },
		"pineheath" : {base: "expandedfoods:item/food/grain/overlays/pineheath" },
		"pittedapricot" : {base: "expandedfoods:item/food/grain/overlays/apricot" },
		"pittedbreadfruit" : {base: "expandedfoods:item/food/grain/overlays/breadfruit" },
		"pittedcherry" : {base: "expandedfoods:item/food/grain/overlays/cherry" },
		"pittedchinaberry" : {base: "expandedfoods:item/food/grain/overlays/chinaberry" },
		"pokeberry" : {base: "expandedfoods:item/food/grain/overlays/pokeberry" },
		"pomelo" : {base: "expandedfoods:item/food/grain/overlays/pomelo" },
		"pricklyheath" : {base: "expandedfoods:item/food/grain/overlays/pricklyheath" },
		"purpleplum" : {base: "expandedfoods:item/food/grain/overlays/purpleplum" },
		"quince" : {base: "expandedfoods:item/food/grain/overlays/quince" },
		"raspberry": { base: "expandedfoods:item/food/grain/overlays/raspberry" },
		"redgrape" : {base: "expandedfoods:item/food/grain/overlays/redgrape" },
		"redquandong" : {base: "expandedfoods:item/food/grain/overlays/redquandong" },
		"roseapple" : {base: "expandedfoods:item/food/grain/overlays/roseapple" },
		"rowanberry" : {base: "expandedfoods:item/food/grain/overlays/rowanberry" },
		"rubysaltbush" : {base: "expandedfoods:item/food/grain/overlays/rubysaltbush" },
		"sallowthorn" : {base: "expandedfoods:item/food/grain/overlays/sallowthorn" },
		"seamango" : {base: "expandedfoods:item/food/grain/overlays/seamango" },
		"silvernettle" : {base: "expandedfoods:item/food/grain/overlays/silvernettle" },
		"snowberry" : {base: "expandedfoods:item/food/grain/overlays/snowberry" },
		"spindle" : {base: "expandedfoods:item/food/grain/overlays/spindle" },
		"strawberry" : {base: "expandedfoods:item/food/grain/overlays/strawberry" },
		"turkscap" : {base: "expandedfoods:item/food/grain/overlays/turkscap" },
		"ugni" : {base: "expandedfoods:item/food/grain/overlays/ugni" },
		"virgingrape" : {base: "expandedfoods:item/food/grain/overlays/virgingrape" },
		"whitegrape" : {base: "expandedfoods:item/food/grain/overlays/whitegrape" },
        "wolfberry": { base: "expandedfoods:item/food/grain/overlays/wolfberry" },
		"fill-achacha": { base: "wildcraftfruit:block/food/pie/fill-achacha" },
		"fill-apricot": { base: "wildcraftfruit:block/food/pie/fill-apricot" },
		"fill-beachalmond": { base: "wildcraftfruit:block/food/pie/fill-beachalmond" },
		"fill-beautyberry": { base: "wildcraftfruit:block/food/pie/fill-beautyberry" },
		"fill-bitternightshade": { base: "wildcraftfruit:block/food/pie/fill-bitternightshade" },
		"fill-blacknightshade": { base: "wildcraftfruit:block/food/pie/fill-blacknightshade" },
		"fill-blacknightshadeunripe": { base: "wildcraftfruit:block/food/pie/fill-blacknightshadeunripe" },
		"fill-blueraspberry": { base: "wildcraftfruit:block/food/pie/fill-blueraspberry" },
		"fill-bluetongue": { base: "wildcraftfruit:block/food/pie/fill-bluetongue" },
		"fill-brambleberry": { base: "wildcraftfruit:block/food/pie/fill-brambleberry" },
		"fill-bunchberry": { base: "wildcraftfruit:block/food/pie/fill-bunchberry" },
		"fill-cashewapple": { base: "wildcraftfruit:block/food/pie/fill-cashewapple" },
		"fill-cheeseberry": { base: "wildcraftfruit:block/food/pie/fill-cheeseberry" },
		"fill-cherryplum": { base: "wildcraftfruit:block/food/pie/fill-cherryplum" },
		"fill-chinaberry": { base: "wildcraftfruit:block/food/pie/fill-chinaberry" },
		"fill-citron": { base: "wildcraftfruit:block/food/pie/fill-citron" },
		"fill-cloudberry": { base: "wildcraftfruit:block/food/pie/fill-cloudberry" },
		"fill-cocoa": { base: "wildcraftfruit:block/food/pie/fill-cocoa" },
		"fill-coralbead": { base: "wildcraftfruit:block/food/pie/fill-coralbead" },
		"fill-creepingpine": { base: "wildcraftfruit:block/food/pie/fill-creepingpine" },
		"fill-crowberry": { base: "wildcraftfruit:block/food/pie/fill-crowberry" },
		"fill-crowseye": { base: "wildcraftfruit:block/food/pie/fill-crowseye" },
		"fill-dogrose": { base: "wildcraftfruit:block/food/pie/fill-dogrose" },
		"fill-elderberry": { base: "wildcraftfruit:block/food/pie/fill-elderberry" },
		"fill-engkala": { base: "wildcraftfruit:block/food/pie/fill-engkala" },
		"fill-falseorange": { base: "wildcraftfruit:block/food/pie/fill-falseorange" },
		"fill-falsestrawberry": { base: "wildcraftfruit:block/food/pie/fill-falsestrawberry" },
		"fill-feijoa": { base: "wildcraftfruit:block/food/pie/fill-feijoa" },
		"fill-fig": { base: "wildcraftfruit:block/food/pie/fill-fig" },
		"fill-fingerlime": { base: "wildcraftfruit:block/food/pie/fill-fingerlime" },
		"fill-flaxlily": { base: "wildcraftfruit:block/food/pie/fill-flaxlily" },
		"fill-foxgrape": { base: "wildcraftfruit:block/food/pie/fill-foxgrape" },
		"fill-fractureberry": { base: "wildcraftfruit:block/food/pie/fill-fractureberry" },
		"fill-gardenstrawberry": { base: "wildcraftfruit:block/food/pie/fill-gardenstrawberry" },
		"fill-gooseberry": { base: "wildcraftfruit:block/food/pie/fill-gooseberry" },
		"fill-guajava": { base: "wildcraftfruit:block/food/pie/fill-guajava" },
		"fill-hawthorn": { base: "wildcraftfruit:block/food/pie/fill-hawthorn" },
		"fill-honeypots": { base: "wildcraftfruit:block/food/pie/fill-honeypots" },
		"fill-honeysuckle": { base: "wildcraftfruit:block/food/pie/fill-honeysuckle" },
		"fill-huckleberry": { base: "wildcraftfruit:block/food/pie/fill-huckleberry" },
		"fill-husktomato": { base: "wildcraftfruit:block/food/pie/fill-husktomato" },
		"fill-illawarra": { base: "wildcraftfruit:block/food/pie/fill-illawarra" },
		"fill-jujube": { base: "wildcraftfruit:block/food/pie/fill-jujube" },
		"fill-juniper": { base: "wildcraftfruit:block/food/pie/fill-juniper" },
		"fill-kakaha": { base: "wildcraftfruit:block/food/pie/fill-kakaha" },
		"fill-kawakawa": { base: "wildcraftfruit:block/food/pie/fill-kawakawa" },
		"fill-knyazberry": { base: "wildcraftfruit:block/food/pie/fill-knyazberry" },
		"fill-kumquat": { base: "wildcraftfruit:block/food/pie/fill-kumquat" },
		"fill-lemonaspen": { base: "wildcraftfruit:block/food/pie/fill-lemonaspen" },
		"fill-lillypillypink": { base: "wildcraftfruit:block/food/pie/fill-lillypillypink" },
		"fill-lingonberry": { base: "wildcraftfruit:block/food/pie/fill-lingonberry" },
		"fill-loquat": { base: "wildcraftfruit:block/food/pie/fill-loquat" },
		"fill-midyimberry": { base: "wildcraftfruit:block/food/pie/fill-midyimberry" },
		"fill-mingimingi": { base: "wildcraftfruit:block/food/pie/fill-mingimingi" },
		"fill-munthari": { base: "wildcraftfruit:block/food/pie/fill-munthari" },
		"fill-naranjilla": { base: "wildcraftfruit:block/food/pie/fill-naranjilla" },
		"fill-numnum": { base: "wildcraftfruit:block/food/pie/fill-numnum" },
		"fill-pandanbits": { base: "wildcraftfruit:block/food/pie/fill-pandanbits" },
		"fill-pilo": { base: "wildcraftfruit:block/food/pie/fill-pilo" },
		"fill-pineheath": { base: "wildcraftfruit:block/food/pie/fill-pineheath" },
		"fill-pokeberry": { base: "wildcraftfruit:block/food/pie/fill-pokeberry" },
		"fill-pomelo": { base: "wildcraftfruit:block/food/pie/fill-pomelo" },
		"fill-pricklyheath": { base: "wildcraftfruit:block/food/pie/fill-pricklyheath" },
		"fill-purpleplum": { base: "wildcraftfruit:block/food/pie/fill-purpleplum" },
		"fill-quince": { base: "wildcraftfruit:block/food/pie/fill-quince" },
		"fill-raspberry": { base: "wildcraftfruit:block/food/pie/fill-raspberry" },
		"fill-redgrape": { base: "wildcraftfruit:block/food/pie/fill-redgrape" },
		"fill-redquandong": { base: "wildcraftfruit:block/food/pie/fill-redquandong" },
		"fill-roseapple": { base: "wildcraftfruit:block/food/pie/fill-roseapple" },
		"fill-rowanberry": { base: "wildcraftfruit:block/food/pie/fill-rowanberry" },
		"fill-rubysaltbush": { base: "wildcraftfruit:block/food/pie/fill-rubysaltbush" },
		"fill-sallowthorn": { base: "wildcraftfruit:block/food/pie/fill-sallowthorn" },
		"fill-seamango": { base: "wildcraftfruit:block/food/pie/fill-seamango" },
		"fill-silvernettle": { base: "wildcraftfruit:block/food/pie/fill-silvernettle" },
		"fill-snowberry": { base: "wildcraftfruit:block/food/pie/fill-snowberry" },
		"fill-spindle": { base: "wildcraftfruit:block/food/pie/fill-spindle" },
		"fill-strawberry": { base: "wildcraftfruit:block/food/pie/fill-strawberry" },
		"fill-sumac": { base: "wildcraftfruit:block/food/pie/fill-sumac" },
		"fill-turkscap": { base: "wildcraftfruit:block/food/pie/fill-turkscap" },
		"fill-ugni": { base: "wildcraftfruit:block/food/pie/fill-ugni" },
		"fill-virgingrape": { base: "wildcraftfruit:block/food/pie/fill-virgingrape" },
		"fill-whitegrape": { base: "wildcraftfruit:block/food/pie/fill-whitegrape" },
		"fill-wolfberry": { base: "wildcraftfruit:block/food/pie/fill-wolfberry" },

		"acornshelled" : {base: "expandedfoods:item/food/grain/overlays/acornleached" },
		"acornleached" : {base: "expandedfoods:item/food/grain/overlays/acornleached" },
		"almond" : {base: "expandedfoods:item/food/grain/overlays/almond" },
		"almondground" : {base: "expandedfoods:item/food/grain/overlays/almond" },
		"apricotpit" : {base: "expandedfoods:item/food/grain/overlays/apricotpit" },
		"apricotpitground" : {base: "expandedfoods:item/food/grain/overlays/apricotpit" },
		"beachalmond" : {base: "expandedfoods:item/food/grain/overlays/beachalmond" },
		"bluequandong" : {base: "expandedfoods:item/food/grain/overlays/bluequandong" },
		"breadnut" : {base: "expandedfoods:item/food/grain/overlays/breadnut" },
		"breadnutbaked" : {base: "expandedfoods:item/food/grain/overlays/breadnutbaked" },
		"bunya" : {base: "expandedfoods:item/food/grain/overlays/bunya" },
		"cashewnut" : {base: "expandedfoods:item/food/grain/overlays/cashewnut" },
		"cherrypit" : {base: "expandedfoods:item/food/grain/overlays/cherrypit" },
		"chestnut" : {base: "expandedfoods:item/food/grain/overlays/chestnut" },
		"chestnutbaked" : {base: "expandedfoods:item/food/grain/overlays/chestnutbaked" },
		"chocolate" : {base: "expandedfoods:item/food/grain/overlays/chocolate" },
		"commonhackberry" : {base: "expandedfoods:item/food/grain/overlays/commonhackberry" },
		"hackberrypit" : {base: "expandedfoods:item/food/grain/overlays/hackberrypit" },
		"hazelnut" : {base: "expandedfoods:item/food/grain/overlays/hazelnut" },
		"juniper" : {base: "expandedfoods:item/food/grain/overlays/juniper" },
		"macadamiashelled" : {base: "expandedfoods:item/food/grain/overlays/macadamiashelled" },
		"oldmansaltbush" : {base: "expandedfoods:item/food/grain/overlays/oldmansaltbush" },
		"peanutground" : {base: "expandedfoods:item/food/grain/overlays/peanutground" },
		"pinenut" : {base: "expandedfoods:item/food/grain/overlays/pinenut" },
		"pistachioberry" : {base: "expandedfoods:item/food/grain/overlays/pistachionut" },
		"pistachionut" : {base: "expandedfoods:item/food/grain/overlays/pistachionut" },
		"pumpkinseed" : {base: "expandedfoods:item/food/grain/overlays/pumpkinseed" },
		"sugarhackberry" : {base: "expandedfoods:item/food/grain/overlays/sugarhackberry" },
		"sumac" : {base: "expandedfoods:item/food/grain/overlays/sumac" },
  	},
	creativeinventory: { "general": ["*"], "items": ["*"], "expandedfoods": ["*"] },
	nutritionPropsByType: {
 		"@*-(partbaked|syruppartbaked)": { saturation: 190, foodcategory: "Grain" },
 		"@*-(cooked|syrup)": { saturation: 210, foodcategory: "Grain" },
 		"@*-(charred|syrupcharred)": { saturation: 170, foodcategory: "Grain" },
	},
	transitionablePropsByType: { 
		"*-dough": [{
			type: "Perish",
			freshHours: { avg: 48 },
			transitionHours: { avg: 24 },
			transitionedStack: { type: "item", code: "game:rot" },
			transitionRatio: 1
		}],
		"@*-(charred|syrupcharred)": [{
			type: "Perish",
			freshHours: { avg: 864 },
			transitionHours: { avg: 72 },
			transitionedStack: { type: "item", code: "game:rot" },
			transitionRatio: 1
		}],
		"*": [{
			type: "Perish",
			freshHours: { avg: 432 },
			transitionHours: { avg: 36 },
			transitionedStack: { type: "item", code: "game:rot" },
			transitionRatio: 1
		}],
	},
	combustiblePropsByType: {
		"@*-(dough|partbaked|cooked)": {
			meltingPoint: 160,
			meltingDuration: 15,
			smeltedRatio: 1,
			smeltingType: "bake",
			smeltedStack: { type: "item", code: "expandedfoods:acornmuffin-charred" },
			requiresContainer: false
		},
		"@*-(syruppartbaked|syrup)": {
			meltingPoint: 160,
			meltingDuration: 15,
			smeltedRatio: 1,
			smeltingType: "bake",
			smeltedStack: { type: "item", code: "expandedfoods:acornmuffin-syrupcharred" },
			requiresContainer: false
		},
	},
	heldTpIdleAnimationByType: { "*": "holdbothhands" },
	materialDensity: 200,
	guiTransform: {
		translation: { x: 2, y: 0, z: 0 },
		rotation: { x: -34, y: 30, z: 180 },
		origin: { x: 0.5, y: 0.07, z: 0.5 },
		scale: 4
	},
	groundTransform: {
		translation: { x: 0, y: 0, z: 0 },
		rotation: { x: 0, y: 0, z: 1 },
		origin: { x: 0.5, y: 0, z: 0.5 },
		scale: 4
	},
	tpHandTransform: {
		translation: { x: 0.1, y: 0.5, z: 0.1 },
		rotation: { x: -41, y: 35, z: -102 },
		origin: { x: 0.02, y: 0.1, z: 0.04 },
		scale: 0.8
	}
}
