﻿[
  {"side": "server", "file": "visorhelmets:recipes/grid/armor/armor.json", "op": "add", "path": "/0/enabled", "value": false, "dependsOn": [ { "modid": "combatoverhaul" } ]},
  {"side": "server", "file": "visorhelmets:recipes/smithing/armor.json", "op": "add", "path": "/0/enabled", "value": true, "dependsOn": [ { "modid": "combatoverhaul" } ]},
  {"side": "server", "file": "visorhelmets:recipes/smithing/armor.json", "op": "add", "path": "/0/enabled", "value": false, "dependsOn": [ { "modid": "combatoverhaul", "invert": true } ]}
]