{
	"editor": {
		"collapsedPaths": "Root/group/sticks,Root/top2,Root/top3",
		"allAngles": false,
		"entityTextureMode": false
	},
	"textureWidth": 16,
	"textureHeight": 16,
	"textureSizes": {
	},
	"textures": {
	
	},
	"elements": [
		{
			"name": "stick1",
			"from": [ 7.0, 0.0, 0.0 ],
			"to": [ 8.0, 1.0, 1.0 ],
			"shade": false,
			"rotationOrigin": [ 7.0, 0.0, 0.0 ],
			"rotationY": -23.0,
			"faces": {
			},
			"children": [
				{
					"name": "Cube8",
					"from": [ 0.0, 0.0, 0.0 ],
					"to": [ 1.0, 1.0, 7.5 ],
					"shade": false,
					"faces": {
						"north": { "texture": "#log", "uv": [ 0.0, 0.0, 1.0, 1.0 ] },
						"east": { "texture": "#log", "uv": [ 3.5, 8.5, 4.5, 16.0 ], "rotation": 90 },
						"south": { "texture": "#log", "uv": [ 0.0, 0.0, 1.0, 1.0 ] },
						"west": { "texture": "#log", "uv": [ 10.5, 5.0, 11.5, 12.5 ], "rotation": 90 },
						"up": { "texture": "#log", "uv": [ 2.5, 8.0, 3.5, 15.5 ] },
						"down": { "texture": "#log", "uv": [ 0.0, 0.0, 1.0, 7.5 ] }
					}
				},
				{
					"name": "Cube9",
					"from": [ -0.02, 0.0, 7.5 ],
					"to": [ 0.98, 1.0, 13.0 ],
					"shade": false,
					"rotationOrigin": [ 0.0, 0.0, 7.5 ],
					"rotationX": -7.0,
					"rotationY": 17.0,
					"faces": {
						"north": { "texture": "#log", "uv": [ 0.0, 0.0, 1.0, 1.0 ] },
						"east": { "texture": "#log", "uv": [ 9.5, 7.0, 10.5, 12.5 ], "rotation": 90 },
						"south": { "texture": "#log", "uv": [ 0.0, 0.0, 1.0, 1.0 ] },
						"west": { "texture": "#log", "uv": [ 10.0, 4.0, 11.0, 9.5 ], "rotation": 90 },
						"up": { "texture": "#log", "uv": [ 12.0, 2.5, 13.0, 8.0 ] },
						"down": { "texture": "#log", "uv": [ 10.5, 1.5, 11.5, 7.0 ] }
					}
				},
				{
					"name": "Cube10",
					"from": [ -1.3, 0.7, 8.0 ],
					"to": [ 0.7, 1.2, 8.5 ],
					"shade": false,
					"rotationOrigin": [ -1.3, 0.7, 8.0 ],
					"rotationY": 40.0,
					"rotationZ": -15.0,
					"faces": {
						"north": { "texture": "#log", "uv": [ 9.5, 2.0, 10.0, 4.0 ], "rotation": 90 },
						"east": { "texture": "#log", "uv": [ 0.0, 0.0, 0.5, 0.5 ] },
						"south": { "texture": "#log", "uv": [ 7.0, 2.0, 7.5, 4.0 ], "rotation": 90 },
						"west": { "texture": "#log", "uv": [ 6.0, 8.5, 6.5, 9.0 ] },
						"up": { "texture": "#log", "uv": [ 6.5, 3.5, 7.0, 5.5 ], "rotation": 90 },
						"down": { "texture": "#log", "uv": [ 3.5, 2.5, 4.0, 4.5 ], "rotation": 90 }
					}
				},
				{
					"name": "Cube11",
					"from": [ -1.65, 0.85, 8.33 ],
					"to": [ -1.15, 1.15, 8.83 ],
					"shade": false,
					"rotationOrigin": [ -1.7, 0.9, 8.3 ],
					"rotationY": 40.0,
					"rotationZ": -15.0,
					"faces": {
						"north": { "texture": "#log", "uv": [ 4.5, 6.5, 5.0, 7.0 ] },
						"east": { "texture": "#log", "uv": [ 4.5, 5.5, 5.0, 6.0 ] },
						"south": { "texture": "#log", "uv": [ 8.5, 4.0, 9.0, 4.5 ] },
						"west": { "texture": "#log", "uv": [ 6.0, 7.0, 6.5, 7.5 ] },
						"up": { "texture": "#log", "uv": [ 5.5, 6.5, 6.0, 7.0 ] },
						"down": { "texture": "#log", "uv": [ 4.0, 2.5, 4.5, 3.0 ] }
					}
				},
				{
					"name": "Cube12",
					"from": [ 1.78, 0.7, 12.3 ],
					"to": [ 2.53, 1.45, 16.3 ],
					"shade": false,
					"rotationOrigin": [ 1.8, 0.7, 12.3 ],
					"rotationX": -20.0,
					"rotationY": -2.0,
					"faces": {
						"north": { "texture": "#log", "uv": [ 10.5, 4.0, 11.0, 4.5 ] },
						"east": { "texture": "#log", "uv": [ 7.0, 3.0, 8.0, 7.0 ], "rotation": 90, "autoUv": false },
						"south": { "texture": "#log", "uv": [ 5.6, 9.0, 6.4, 10.0 ], "autoUv": false },
						"west": { "texture": "#log", "uv": [ 7.0, 10.0, 8.0, 14.0 ], "rotation": 90, "autoUv": false },
						"up": { "texture": "#log", "uv": [ 7.5, 2.0, 6.5, 6.0 ], "autoUv": false },
						"down": { "texture": "#log", "uv": [ 8.0, 0.5, 8.5, 4.5 ] }
					}
				}
			]
		},
		{
			"name": "stick2",
			"from": [ 5.0, -0.7, 5.0 ],
			"to": [ 6.0, 0.3, 6.0 ],
			"shade": false,
			"rotationOrigin": [ 5.0, -0.7, 5.0 ],
			"rotationY": 22.0,
			"rotationZ": 8.0,
			"faces": {
			},
			"children": [
				{
					"name": "Cube2",
					"from": [ 3.0, 0.0, 1.0 ],
					"to": [ 4.0, 1.0, 8.5 ],
					"shade": false,
					"rotationOrigin": [ 3.0, 0.0, 1.0 ],
					"rotationX": -7.0,
					"faces": {
						"north": { "texture": "#log", "uv": [ 0.0, 0.0, 1.0, 1.0 ] },
						"east": { "texture": "#log", "uv": [ 12.0, 3.0, 13.0, 10.5 ], "rotation": 90 },
						"south": { "texture": "#log", "uv": [ 0.0, 0.0, 1.0, 1.0 ] },
						"west": { "texture": "#log", "uv": [ 14.0, 2.0, 15.0, 9.5 ], "rotation": 90 },
						"up": { "texture": "#log", "uv": [ 11.5, 1.5, 12.5, 9.0 ] },
						"down": { "texture": "#log", "uv": [ 11.0, 2.0, 12.0, 9.5 ] }
					}
				},
				{
					"name": "Cube3",
					"from": [ 3.1, 0.8, 8.1 ],
					"to": [ 4.1, 1.8, 13.6 ],
					"shade": false,
					"rotationOrigin": [ 3.1, 0.8, 8.1 ],
					"rotationX": 11.0,
					"rotationY": 33.3,
					"rotationZ": 3.0,
					"faces": {
						"north": { "texture": "#log", "uv": [ 0.0, 0.0, 1.0, 1.0 ] },
						"east": { "texture": "#log", "uv": [ 13.5, 5.0, 14.5, 10.5 ], "rotation": 90 },
						"south": { "texture": "#log", "uv": [ 0.0, 0.0, 1.0, 1.0 ] },
						"west": { "texture": "#log", "uv": [ 13.0, 6.0, 14.0, 11.5 ], "rotation": 90 },
						"up": { "texture": "#log", "uv": [ 10.0, 1.5, 11.0, 7.0 ] },
						"down": { "texture": "#log", "uv": [ 10.5, 4.0, 11.5, 9.5 ] }
					}
				},
				{
					"name": "Cube4",
					"from": [ 3.0, 1.0, 8.0 ],
					"to": [ 3.5, 1.5, 10.9 ],
					"shade": false,
					"rotationOrigin": [ 3.0, 1.0, 8.0 ],
					"rotationX": -16.0,
					"rotationY": -3.0,
					"rotationZ": 1.0,
					"faces": {
						"north": { "texture": "#log", "uv": [ 0.0, 0.0, 0.5, 0.5 ] },
						"east": { "texture": "#log", "uv": [ 14.0, 4.5, 14.5, 7.0 ], "rotation": 90 },
						"south": { "texture": "#log", "uv": [ 0.0, 0.0, 0.5, 0.5 ] },
						"west": { "texture": "#log", "uv": [ 12.5, 3.0, 13.0, 5.5 ], "rotation": 90 },
						"up": { "texture": "#log", "uv": [ 7.5, 3.5, 8.0, 6.0 ] },
						"down": { "texture": "#log", "uv": [ 10.0, 2.5, 10.5, 5.0 ] }
					}
				}
			]
		}
	]}