{
    "code": "foal",
    "class": "EntityAgent",
    "variantgroups": [
        { "code": "tame", "states": ["wild", "tamed"] },
        { "code": "type", "states": ["percheron", "arabian", "donkey", "shire", "quarter" ] }
    ],
    "tagsByType": {
        "*-tamed": [ "animal", "huntable", "habitat-land", "tamed" ],
        "*": [ "animal", "huntable", "habitat-land" ]
    },
    "hitboxSize": { "x": 0.7, "y": 1.0 },
    "deadHitboxSize": { "x": 1.0, "y": 0.4 },
    "eyeHeight": 0.9,
    "drops": [],
    "attributes":{
        "creatureDiet": {
            "foodCategories": [ "Grain" ],
            "foodTags": [ "grass", "tamingfeedbundle", "carrot", "cabbage", "turnip", "redapple", "yellowapple", "pinkapple" ],
            "skipFoodTags": [ "rice", "amaranth", "sunflower" ]
        },
        "trappable": {
			"large": { "trapChance": 0.6, "trapDestroyChance": 0.15 }
		},
        "handbook": {
			"groupcode": "feverstonehorses:creaturegroup-fshorse"
		}
    },
    
    "client": {
        "renderer": "Shape",
        "shapeByType": {
            "*-percheron": { "base": "entity/land/horse-percheron" },
            "*-arabian": { "base": "entity/land/horse-arabian" },
            "*-donkey": { "base": "entity/land/horse-donkey" },
            "*-shire": { "base": "entity/land/horse-shire" },
            "*-quarter": { "base": "entity/land/horse-quarter" }
        },
        "texturesByType": {
            "*-shire": { "skin": { "base": "entity/land/horse/horseskin1", 
                            "alternates": [ { "base": "entity/land/horse/horseskin2" }, { "base": "entity/land/horse/horseskin4"},
                                            { "base": "entity/land/horse/horseskin6" }, { "base": "entity/land/horse/horseskin10"},
                                            { "base": "entity/land/horse/horseskin18" }, { "base": "entity/land/horse/horseskin22"},
                                            { "base": "entity/land/horse/horseskin21" }, { "base": "entity/land/horse/horseskin12"},
                                            { "base": "entity/land/horse/horseskin20" }, { "base": "entity/land/horse/horseskin23"},
                                            { "base": "entity/land/horse/horseskin24" }, { "base": "entity/land/horse/horseskin25"},
                                            { "base": "entity/land/horse/horseskin26" } ] },
                         "mane": { "base": "entity/land/horse/horsemane", 
                            "alternates": [ { "base": "entity/land/horse/horsemane2" }, { "base": "entity/land/horse/horsemane3" },
                                            { "base": "entity/land/horse/horsemane4" }, { "base": "entity/land/horse/horsemane5" },
                                            { "base": "entity/land/horse/horsemane6" }, { "base": "entity/land/horse/horsemane7" },
                                            { "base": "entity/land/horse/horsemane8" }, { "base": "entity/land/horse/horsemane9" },
                                            { "base": "entity/land/horse/horsemane10" }, { "base": "entity/land/horse/horsemane11" },
                                            { "base": "entity/land/horse/horsemane12" } ] } },
            "*-quarter": { "skin": { "base": "entity/land/horse/horseskin3", 
                            "alternates": [ { "base": "entity/land/horse/horseskin5" }, { "base": "entity/land/horse/horseskin7"},
                                            { "base": "entity/land/horse/horseskin8" }, { "base": "entity/land/horse/horseskin9"},
                                            { "base": "entity/land/horse/horseskin11" }, { "base": "entity/land/horse/horseskin13"},
                                            { "base": "entity/land/horse/horseskin14" }, { "base": "entity/land/horse/horseskin15"},
                                            { "base": "entity/land/horse/horseskin21" }, { "base": "entity/land/horse/horseskin12"},
                                            { "base": "entity/land/horse/horseskin20" }, { "base": "entity/land/horse/horseskin23"},
                                            { "base": "entity/land/horse/horseskin24" }, { "base": "entity/land/horse/horseskin25"},
                                            { "base": "entity/land/horse/horseskin26" } ] },
                         "mane": { "base": "entity/land/horse/horsemane", 
                            "alternates": [ { "base": "entity/land/horse/horsemane2" }, { "base": "entity/land/horse/horsemane3" },
                                            { "base": "entity/land/horse/horsemane4" }, { "base": "entity/land/horse/horsemane5" },
                                            { "base": "entity/land/horse/horsemane6" }, { "base": "entity/land/horse/horsemane7" },
                                            { "base": "entity/land/horse/horsemane8" }, { "base": "entity/land/horse/horsemane9" },
                                            { "base": "entity/land/horse/horsemane10" }, { "base": "entity/land/horse/horsemane11" },
                                            { "base": "entity/land/horse/horsemane12" } ] } },

            "__comment": "More horse breeds to come!"
            
        },
        "sizeByType": {
            "foal-*-percheron": 0.6,
            "foal-*-arabian": 0.55,
            "foal-*-donkey": 0.52,
            "foal-*-shire": 0.62,
            "foal-*-quarter": 0.56
        },
        "behaviors": [
            { "code": "mouthinventory",
                "acceptStacks": [
                    { "type": "item", "code": "vegetable-carrot" },
                    { "type": "item", "code": "vegetable-cabbage" },
                    { "type": "item", "code": "vegetable-turnip" },
                    { "type": "item", "code": "feverstonehorses:carrotbundle" },
                    { "type": "item", "code": "feverstonehorses:drygrassbundle" },
                    { "type": "item", "code": "drygrass" },
                    { "type": "item", "code": "fruit-pinkapple" },
                    { "type": "item", "code": "fruit-redapple" },
                    { "type": "item", "code": "fruit-yellowapple" },
                    { "type": "item", "code": "grain-flax" },
                    { "type": "item", "code": "grain-rye" },
                    { "type": "item", "code": "grain-spelt" }
                ]
            },
            { "code": "repulseagents"  },
			{ "code": "harvestable" },
            { "code": "controlledphysics", "stepHeight": 1.1251 },
            { "code": "floatupwhenstuck", "onlyWhenDead": true },
            { "code": "interpolateposition" },
            { "code": "despawn",  "minPlayerDistance": 8, "belowLightLevel": 8, "minSeconds": 300 },
            { "code": "ropetieable", "minGeneration": 2 }
        ],
        "animations": [
            {
                "code": "idle",
                "animation": "idle",
                "blendMode": "addAverage",
                "easeOutSpeed": 3,
                "triggeredBy": { "defaultAnim": true },
                "animationSpeed": 0.5
            },
            {
                "code": "die",
                "animation": "dead",
                "easeInSpeed": 2,
                "weight": 10,
                "blendMode": "average",
                "triggeredBy": {  "onControls": [ "dead" ] }
            },
            {
                "code": "walk",
                "animation": "walk",
                "blendMode": "average",
                "mulWithWalkSpeed": true,
                "animationSpeed": 0.8
            },
            {
                "code": "run",
                "animation": "run",
                "blendMode": "average",
                "mulWithWalkSpeed": true,
                "animationSpeed": 1.1
            }
        ]
    },
    "server": {
        "attributes": {
            "pathfinder": {
                "minTurnAnglePerSec": 105,
                "maxTurnAnglePerSec": 175
            }
        },
        "behaviors": [
            { "code": "mouthinventory",
                "acceptStacks": [
                    { "type": "item", "code": "vegetable-carrot" },
                    { "type": "item", "code": "vegetable-cabbage" },
                    { "type": "item", "code": "vegetable-turnip" },
                    { "type": "item", "code": "feverstonehorses:carrotbundle" },
                    { "type": "item", "code": "feverstonehorses:drygrassbundle" },
                    { "type": "item", "code": "drygrass" },
                    { "type": "item", "code": "fruit-pinkapple" },
                    { "type": "item", "code": "fruit-redapple" },
                    { "type": "item", "code": "fruit-yellowapple" },
                    { "type": "item", "code": "grain-flax" },
                    { "type": "item", "code": "grain-rye" },
                    { "type": "item", "code": "grain-spelt" }
                ]
            },
            { "code": "repulseagents" },
            { "code": "controlledphysics", "stepHeight": 1.1251 },
            { "code": "despawn", "minPlayerDistance": 8, "belowLightLevel": 8, "minSeconds": 300 },
            { "code": "health", "currenthealth": 8, "maxhealth": 8 },
            { "code": "deaddecay", "hoursToDecay": 48, "decayedBlock": "carcass-small" },
            { "code": "floatupwhenstuck", "onlyWhenDead": true },
            { "code": "harvestable",
                "drops": [
                    { "type": "item", "code": "redmeat-raw", "quantity": { "avg": 6, "var": 2 } },
                    { "type": "item", "code": "hide-raw-medium", "quantity": { "avg": 1, "var": 0.5 } },
                    { "type": "item", "code": "fat", "quantity": { "avg": 0.7, "var": 0.3 } }
                ]
            },
            { "code": "breathe" },
            {
                "code": "emotionstates",
                "states": [
                    {
                        "code": "fleeondamage",
                        "duration": 60,
                        "chance": 0.85,
                        "slot": 0,
                        "priority": 5,
                        "accumType": "max",
                        "whenHealthRelBelow": 0.75
                    },
                    {
                        "code": "fleeondamage",
                        "duration": 30,
                        "chance": 1,
                        "slot": 0,
                        "priority": 1,
                        "accumType": "max"
                    }, 
					{
						"code": "saturated",
						"duration": 900,
						"chance": 1,
						"slot": 0,
						"priority": 1,
						"accumType": "sum"
					},
					{
						"code": "alarmherdondamage",
						"chance": 1,
						"slot": 1,
						"priority": 1,
						"accumType": "max"
					}
                ]
            },
			{ "code": "grow", "hoursToGrow": 178,
                "orPortionsEatenForGrowing": 12,
				"fedAdultEntityCodesByType": { "*-percheron": ["feverstonehorses:taminghorse-wild-male-percheron", "feverstonehorses:taminghorse-wild-female-percheron"],
                                            "*-arabian": ["feverstonehorses:taminghorse-wild-male-arabian", "feverstonehorses:taminghorse-wild-female-arabian"],
                                            "*-donkey": [ "feverstonehorses:taminghorse-wild-male-donkey", "feverstonehorses:taminghorse-wild-female-donkey" ],
                                            "*-shire": [ "feverstonehorses:taminghorse-wild-male-shire", "feverstonehorses:taminghorse-wild-female-shire" ],
                                            "*-quarter": [ "feverstonehorses:taminghorse-wild-male-quarter", "feverstonehorses:taminghorse-wild-female-quarter" ]  },
				"adultEntityCodesByType": { "*-percheron": ["feverstonehorses:horse-wild-male-percheron", "feverstonehorses:horse-wild-female-percheron"],
                                            "*-arabian": ["feverstonehorses:horse-wild-male-arabian", "feverstonehorses:horse-wild-female-arabian"],
                                            "*-donkey": [ "feverstonehorses:horse-wild-male-donkey", "feverstonehorses:horse-wild-female-donkey" ],
                                            "*-shire": [ "feverstonehorses:horse-wild-male-shire", "feverstonehorses:horse-wild-female-shire" ],
                                            "*-quarter": [ "feverstonehorses:horse-wild-male-quarter", "feverstonehorses:horse-wild-female-quarter" ]  }
			},
            {
                "code": "taskai",
                "aiCreatureType": "LandCreature",
                "aitasks": [
                    {
                        "code": "fleeentity",
                        "entityCodes": [ "player", "wolf-*" ],
                        "priority": 1.5,
                        "movespeed": 0.05,
                        "seekingRange": 12,
                        "animation": "run",
                        "animationSpeed": 2.2,
                        "whenInEmotionState": "fleeondamage"
                    },
                    {
                        "code": "stayclosetoentity",
                        "priority": 1.3,
                        "entityCodesByType":{
                            "*-percheron": [ "feverstonehorses:horse-{tame}-male-percheron", "feverstonehorses:horse-{tame}-female-percheron" ],
                            "*-arabian": [ "feverstonehorses:horse-{tame}-male-arabian", "feverstonehorses:horse-{tame}-female-arabian" ],
                            "*-donkey": [ "feverstonehorses:horse-{tame}-male-donkey", "feverstonehorses:horse-{tame}-female-donkey" ],
                            "*-shire": [ "feverstonehorses:horse-{tame}-male-shire", "feverstonehorses:horse-{tame}-female-shire" ],
                            "*-quarter": [ "feverstonehorses:horse-{tame}-male-quarter", "feverstonehorses:horse-{tame}-female-quarter" ]
                        },
                        "maxDistance": 12,
                        "searchRange": 30,
                        "moveSpeed": 0.02,
                        "animation": "run",
                        "animationSpeed": 2.2
                    },
                    {
                        "code": "followmaster",
                        "priority": 2,
                        "priorityForCancel": 1.9,
                        "command": "followmaster",
                        "movespeed": 0.045,
                        "animationSpeed": 2.2,
                        "maxDistance": 8,
                        "searchRange": 40,
                        "animation": "run"
                    },
                    {
                        "code": "stay",
                        "priority": 2,
                        "priorityForCancel": 1.9,
                        "command": "stay",
                        "movespeed": 0.006,
                        "maxDistance": 10,
                        "searchRange": 40,
                        "animation": "walk"
                    },
                    {
                        "code": "getoutofwater",
                        "priority": 1.4,
                        "movespeed": 0.02,
                        "animation": "walk",
                        "animationSpeed": 2.2
                    },
                    {
                        "code": "useinventory",
                        "animation": "eat",
                        "animationSpeed": 1,
                        "priority": 1.6,
                        "priorityForCancel": 1.7,
						"eatItemCategories": [ "Vegetable", "Grain", "Fruit" ],
                        "eatItemCodes": [ "drygrass", "feverstonehorses:carrotbundle", "feverstonehorses:drygrassbundle" ],
                        "eatSound": "feverstonehorses:horse/horseeating",
                        "soundRange": 2,
                        "soundStartMs": 600,
                        "useTime": 4,
                        "mincooldownHours": 1,
                        "maxcooldownHours": 1.5
                    },
                    {
                        "code": "idle",
                        "priority": 1.35,
                        "priorityForCancel": 1.35,
                        "minduration": 5000000,
                        "maxduration": 5000000,
                        "mincooldown": 10000,
                        "maxcooldown": 30000,
                        "animation": "sleeplay",
                        "whenNotInEmotionState": "aggressiveondamage",
                        "duringDayTimeFrames": [
                            { "fromHour": 22, "toHour": 24 },
                            { "fromHour": 0, "toHour": 5 }
                        ],
                        "stopOnNearbyEntityCodes": [ "player", "wolf-*" ],
                        "stopRange": 6,
                        "stopOnHurt": true
                    },
                    {
                        "code": "seekfoodandeat",
                        "movespeed": 0.004,
                        "priority": 1.35,
                        "eatSound": "player/eat",
                        "eatTime": 1.5,
                        "animationSpeed": 1.4,
                        "animation": "walk",
                        "mincooldownHours": 1,
                        "maxcooldownHours": 4
                    },
                    {
                        "code": "idle",
                        "priority": 1.1,
                        "priorityForCancel": 1.35,
                        "minduration": 16000,
                        "maxduration": 24000,
                        "mincooldown": 9000,
                        "maxcooldown": 160000,
                        "animation": "idleFlickL",
                        "animationSpeed": 0.85,
                        "whenNotInEmotionState": "aggressiveondamage"
                    },
                    {
                        "code": "wander",
                        "priority": 1.0,
                        "priorityForCancel": 1.35,
                        "movespeed": 0.006,
                        "animationSpeed": 1.4,
                        "animation": "walk",
                        "preferredLightLevel": 10
                    },
                    { "code": "lookaround", "priority": 0.5 }
                ]
            },
            { "code": "ropetieable", "minGeneration": 2 },
            { "code": "pettable", "minGeneration": 1 }
        ]
    },
    "sounds": {
        "hurt": "feverstonehorses:horse/horsedamage",
        "death": "feverstonehorses:horse/horsedamage",
        "idle": "feverstonehorses:horse/neigh"
    },
    "idleSoundChance": 0.002
}