{
	"editor": {
		"collapsedPaths": ",Root/origin/flower2,Root/origin/flower4,Root/origin/flower6,Root/origin/flower5,Root/origin/stemdown5,Root/origin/stemdown4,Root/origin/stemdown3,Root/origin/stemdown2,Root/origin2/stemtop5,Root/origin/stemdown28,Root/origin/stemdown26,Root/origin/budorigin3/bud7,Root/origin/stemdown25,Root/origin2,Root/origin/stemdown22,Root/origin/stemdown21,Root/origin/flower10,Root/origin/flower15,Root/origin/flower12,Root/origin/flower18,Root/origin/flower19,Root/origin/flower16,Root/origin/flower17,Root/origin/flower,Root/origin/stemtop9,Root/origin/stemtop5,Root/origin/budstembiglower,Root/origin/stemdown30,Root/origin/bud5,Root/origin/flower4/cham4/bud19,Root/origin/flower14/stemdown2,Root/origin/bud,Root/origin/flower2/stemdown32,Root/origin/bud4,Root/origin/bud3,Root/origin/bud2,Root/origin/flower7,Root/origin/flower5/stemtop35,Root/origin/flower9,Root/origin/flower5/stembiglower5/budstembiglower5",
		"allAngles": true,
		"entityTextureMode": false
	},
	"textureWidth": 16,
	"textureHeight": 16,
	"textureSizes": {
		"chamomile": [16,16]
	},
	"textures": {
	},
	"elements": [
		{
			"name": "origin",
			"from": [ 8.0, 0.0, 8.0 ],
			"to": [ 8.0, 0.0, 8.0 ],
			"rotationOrigin": [ 8.0, 0.0, 8.0 ],
			"faces": {
			},
			"children": [
				{
					"name": "flower14",
					"from": [ 0.8394, -0.1291, -1.8166 ],
					"to": [ 0.9901, 2.0232, -1.6659 ],
					"rotationOrigin": [ 0.9254, -0.1291, -1.7004 ],
					"rotationY": 45.0,
					"faces": {
						"north": { "texture": "#chamomile", "uv": [ 1.0, 11.0, 1.5, 16.0 ], "autoUv": false, "windMode": [0,4,4,0] },
						"east": { "texture": "#chamomile", "uv": [ 1.0, 11.0, 1.5, 16.0 ], "autoUv": false, "windMode": [0,4,4,0] },
						"south": { "texture": "#chamomile", "uv": [ 0.5, 11.0, 1.0, 16.0 ], "autoUv": false, "windMode": [0,0,4,4] },
						"west": { "texture": "#chamomile", "uv": [ 0.5, 11.0, 1.0, 16.0 ], "autoUv": false, "windMode": [0,0,4,4] },
						"up": { "texture": "#chamomile", "uv": [ 0.0, 0.0, 0.5, 0.5 ], "autoUv": false, "windMode": [4,4,4,4] }
					},
					"children": [
						{
							"name": "stemdown2",
							"from": [ 0.0571, 0.0, -0.7197 ],
							"to": [ 0.0571, 2.1523, 0.7869 ],
							"rotationOrigin": [ 0.0556, 0.0, 0.0554 ],
							"rotationY": -89.9802,
							"faces": {
								"east": { "texture": "#chamomile", "uv": [ 5.0, 10.5, 8.5, 15.5 ], "autoUv": false, "windMode": [0,1,1,0] }
							},
							"children": [
								{
									"name": "Cube2",
									"from": [ -0.7318, 0.0, 0.7748 ],
									"to": [ 0.7748, 2.1523, 0.7748 ],
									"rotationOrigin": [ 0.0, 0.0, 0.7748 ],
									"faces": {
										"north": { "texture": "#chamomile", "uv": [ 5.0, 11.0, 8.5, 16.0 ], "autoUv": false, "windMode": [0,1,1,0] }
									}
								}
							]
						}
					]
				},
				{
					"name": "flower9",
					"from": [ 2.5613, -0.1291, -2.6775 ],
					"to": [ 2.712, 2.0232, -2.5269 ],
					"rotationOrigin": [ 2.6473, -0.1291, -2.5613 ],
					"rotationY": 45.0,
					"faces": {
						"north": { "texture": "#chamomile", "uv": [ 1.0, 11.0, 1.5, 16.0 ], "autoUv": false, "windMode": [0,4,4,0] },
						"east": { "texture": "#chamomile", "uv": [ 0.5, 11.0, 1.0, 16.0 ], "autoUv": false, "windMode": [0,4,4,0] },
						"south": { "texture": "#chamomile", "uv": [ 1.0, 11.0, 1.5, 16.0 ], "autoUv": false, "windMode": [0,0,4,4] },
						"west": { "texture": "#chamomile", "uv": [ 0.5, 11.0, 1.0, 16.0 ], "autoUv": false, "windMode": [0,0,4,4] },
						"up": { "texture": "#chamomile", "uv": [ 0.0, 0.0, 0.5, 0.5 ], "autoUv": false, "windMode": [4,4,4,4] }
					},
					"children": [
						{
							"name": "stemdown25",
							"from": [ 0.0567, 0.0, -0.7187 ],
							"to": [ 0.0567, 2.1523, 0.7878 ],
							"rotationOrigin": [ 0.0556, 0.0, 0.0554 ],
							"rotationY": -89.9802,
							"faces": {
								"east": { "texture": "#chamomile", "uv": [ 5.0, 11.0, 8.5, 16.0 ], "autoUv": false, "windMode": [0,1,1,0] }
							},
							"children": [
								{
									"name": "Cube26",
									"from": [ -0.7318, 0.0, 0.7748 ],
									"to": [ 0.7748, 2.1523, 0.7748 ],
									"rotationOrigin": [ 0.0, 0.0, 0.7748 ],
									"faces": {
										"north": { "texture": "#chamomile", "uv": [ 5.0, 10.5, 8.5, 15.5 ], "autoUv": false, "windMode": [0,1,1,0] }
									}
								}
							]
						}
					]
				},
				{
					"name": "flower",
					"from": [ 1.7004, -0.1291, -0.31 ],
					"to": [ 1.851, 2.0232, -0.1592 ],
					"rotationOrigin": [ 1.7864, -0.1291, -0.1937 ],
					"rotationY": 45.0,
					"faces": {
						"north": { "texture": "#chamomile", "uv": [ 1.0, 11.0, 1.5, 16.0 ], "autoUv": false, "windMode": [0,4,4,0] },
						"east": { "texture": "#chamomile", "uv": [ 1.0, 11.0, 1.5, 16.0 ], "autoUv": false, "windMode": [0,4,4,0] },
						"south": { "texture": "#chamomile", "uv": [ 0.5, 11.0, 1.0, 16.0 ], "autoUv": false, "windMode": [0,0,4,4] },
						"west": { "texture": "#chamomile", "uv": [ 0.5, 11.0, 1.0, 16.0 ], "autoUv": false, "windMode": [0,0,4,4] },
						"up": { "texture": "#chamomile", "uv": [ 0.0, 0.0, 0.5, 0.5 ], "autoUv": false, "windMode": [4,4,4,4] }
					},
					"children": [
						{
							"name": "stemdown26",
							"from": [ 0.0561, 0.0, -0.719 ],
							"to": [ 0.0561, 2.1523, 0.7876 ],
							"rotationOrigin": [ 0.0556, 0.0, 0.0554 ],
							"rotationY": -89.9802,
							"faces": {
								"east": { "texture": "#chamomile", "uv": [ 5.0, 10.5, 8.5, 15.5 ], "autoUv": false, "windMode": [0,1,1,0] }
							},
							"children": [
								{
									"name": "Cube27",
									"from": [ -0.7318, 0.0, 0.7748 ],
									"to": [ 0.7748, 2.1523, 0.7748 ],
									"rotationOrigin": [ 0.0, 0.0, 0.7748 ],
									"faces": {
										"north": { "texture": "#chamomile", "uv": [ 5.0, 10.5, 8.5, 15.5 ], "autoUv": false, "windMode": [0,1,1,0] }
									}
								}
							]
						}
					]
				},
				{
					"name": "flower12",
					"from": [ 0.4089, -0.1291, 0.551 ],
					"to": [ 0.5595, 2.0232, 0.7016 ],
					"rotationOrigin": [ 0.495, -0.1291, 0.6672 ],
					"rotationY": 45.0,
					"faces": {
						"north": { "texture": "#chamomile", "uv": [ 0.5, 11.0, 1.0, 16.0 ], "autoUv": false, "windMode": [0,4,4,0] },
						"east": { "texture": "#chamomile", "uv": [ 1.0, 11.0, 1.5, 16.0 ], "autoUv": false, "windMode": [0,4,4,0] },
						"south": { "texture": "#chamomile", "uv": [ 0.5, 11.0, 1.0, 16.0 ], "autoUv": false, "windMode": [0,0,4,4] },
						"west": { "texture": "#chamomile", "uv": [ 0.5, 11.0, 1.0, 16.0 ], "autoUv": false, "windMode": [0,0,4,4] },
						"up": { "texture": "#chamomile", "uv": [ 0.0, 0.0, 0.5, 0.5 ], "autoUv": false, "windMode": [4,4,4,4] }
					},
					"children": [
						{
							"name": "stemdown23",
							"from": [ 0.0555, 0.0, -0.7186 ],
							"to": [ 0.0555, 2.1523, 0.788 ],
							"rotationOrigin": [ 0.0556, 0.0, 0.0554 ],
							"rotationY": -89.9802,
							"faces": {
								"east": { "texture": "#chamomile", "uv": [ 5.0, 10.5, 8.5, 15.5 ], "autoUv": false, "windMode": [0,1,1,0] }
							},
							"children": [
								{
									"name": "Cube24",
									"from": [ -0.7318, 0.0, 0.7748 ],
									"to": [ 0.7748, 2.1523, 0.7748 ],
									"rotationOrigin": [ 0.0, 0.0, 0.7748 ],
									"faces": {
										"north": { "texture": "#chamomile", "uv": [ 5.0, 10.5, 8.5, 15.5 ], "autoUv": false, "windMode": [0,1,1,0] }
									}
								}
							]
						}
					]
				},
				{
					"name": "flower6",
					"from": [ -3.0347, -0.1291, -0.0947 ],
					"to": [ -2.8842, 2.0232, 0.056 ],
					"rotationOrigin": [ -2.9486, -0.1291, 0.0215 ],
					"rotationY": 45.0,
					"faces": {
						"north": { "texture": "#chamomile", "uv": [ 0.5, 11.0, 1.0, 16.0 ], "autoUv": false, "windMode": [0,4,4,0] },
						"east": { "texture": "#chamomile", "uv": [ 1.0, 11.0, 1.5, 16.0 ], "autoUv": false, "windMode": [0,4,4,0] },
						"south": { "texture": "#chamomile", "uv": [ 0.5, 11.0, 1.0, 16.0 ], "autoUv": false, "windMode": [0,0,4,4] },
						"west": { "texture": "#chamomile", "uv": [ 1.0, 11.0, 1.5, 16.0 ], "autoUv": false, "windMode": [0,0,4,4] },
						"up": { "texture": "#chamomile", "uv": [ 0.0, 0.0, 0.5, 0.5 ], "autoUv": false, "windMode": [4,4,4,4] }
					},
					"children": [
						{
							"name": "stemdown3",
							"from": [ 0.0561, 0.0, -0.7201 ],
							"to": [ 0.0561, 2.1523, 0.7865 ],
							"rotationOrigin": [ 0.0556, 0.0, 0.0554 ],
							"rotationY": -89.9802,
							"faces": {
								"east": { "texture": "#chamomile", "uv": [ 5.0, 11.0, 8.5, 16.0 ], "autoUv": false, "windMode": [0,1,1,0] }
							},
							"children": [
								{
									"name": "Cube3",
									"from": [ -0.7318, 0.0, 0.7748 ],
									"to": [ 0.7748, 2.1523, 0.7748 ],
									"rotationOrigin": [ 0.0, 0.0, 0.7748 ],
									"faces": {
										"north": { "texture": "#chamomile", "uv": [ 5.0, 11.0, 8.5, 16.0 ], "autoUv": false, "windMode": [0,1,1,0] }
									}
								}
							]
						}
					]
				},
				{
					"name": "flower4",
					"from": [ -0.452, -0.1291, -1.3862 ],
					"to": [ -0.3013, 2.0232, -1.2354 ],
					"rotationOrigin": [ -0.3659, -0.1291, -1.2698 ],
					"faces": {
						"north": { "texture": "#chamomile", "uv": [ 1.0, 11.0, 1.5, 16.0 ], "autoUv": false, "windMode": [0,4,4,0] },
						"east": { "texture": "#chamomile", "uv": [ 1.0, 11.0, 1.5, 16.0 ], "autoUv": false, "windMode": [0,4,4,0] },
						"south": { "texture": "#chamomile", "uv": [ 0.5, 11.0, 1.0, 16.0 ], "autoUv": false, "windMode": [0,0,4,4] },
						"west": { "texture": "#chamomile", "uv": [ 0.5, 11.0, 1.0, 16.0 ], "autoUv": false, "windMode": [0,0,4,4] },
						"up": { "texture": "#chamomile", "uv": [ 0.0, 0.0, 0.5, 0.5 ], "autoUv": false, "windMode": [4,4,4,4] }
					},
					"children": [
						{
							"name": "stemdown35",
							"from": [ 0.0561, 0.0, -0.719 ],
							"to": [ 0.0561, 2.1523, 0.7876 ],
							"rotationOrigin": [ 0.0556, 0.0, 0.0554 ],
							"rotationY": -89.9802,
							"faces": {
								"east": { "texture": "#chamomile", "uv": [ 5.0, 10.5, 8.5, 15.5 ], "autoUv": false, "windMode": [0,1,1,0] }
							},
							"children": [
								{
									"name": "Cube36",
									"from": [ -0.7318, 0.0, 0.7748 ],
									"to": [ 0.7748, 2.1523, 0.7748 ],
									"rotationOrigin": [ 0.0, 0.0, 0.7748 ],
									"faces": {
										"north": { "texture": "#chamomile", "uv": [ 5.0, 10.5, 8.5, 15.5 ], "autoUv": false, "windMode": [0,1,1,0] }
									}
								}
							]
						}
					]
				},
				{
					"name": "flower5",
					"from": [ -1.9586, -0.1291, -1.3862 ],
					"to": [ -1.808, 2.0232, -1.2354 ],
					"rotationOrigin": [ -1.8725, -0.1291, -1.2698 ],
					"rotationY": 90.0,
					"faces": {
						"north": { "texture": "#chamomile", "uv": [ 1.0, 11.0, 1.5, 16.0 ], "autoUv": false, "windMode": [0,4,4,0] },
						"east": { "texture": "#chamomile", "uv": [ 1.0, 11.0, 1.5, 16.0 ], "autoUv": false, "windMode": [0,4,4,0] },
						"south": { "texture": "#chamomile", "uv": [ 0.5, 11.0, 1.0, 16.0 ], "autoUv": false, "windMode": [0,0,4,4] },
						"west": { "texture": "#chamomile", "uv": [ 0.5, 11.0, 1.0, 16.0 ], "autoUv": false, "windMode": [0,0,4,4] },
						"up": { "texture": "#chamomile", "uv": [ 0.0, 0.0, 0.5, 0.5 ], "autoUv": false, "windMode": [4,4,4,4] }
					},
					"children": [
						{
							"name": "stemdown37",
							"from": [ 0.0561, 0.0, -0.719 ],
							"to": [ 0.0561, 2.1523, 0.7876 ],
							"rotationOrigin": [ 0.0556, 0.0, 0.0554 ],
							"rotationY": -89.9802,
							"faces": {
								"east": { "texture": "#chamomile", "uv": [ 5.0, 10.5, 8.5, 15.5 ], "autoUv": false, "windMode": [0,1,1,0] }
							},
							"children": [
								{
									"name": "Cube38",
									"from": [ -0.7318, 0.0, 0.7748 ],
									"to": [ 0.7748, 2.1523, 0.7748 ],
									"rotationOrigin": [ 0.0, 0.0, 0.7748 ],
									"faces": {
										"north": { "texture": "#chamomile", "uv": [ 5.0, 10.5, 8.5, 15.5 ], "autoUv": false, "windMode": [0,1,1,0] }
									}
								}
							]
						}
					]
				},
				{
					"name": "flower10",
					"from": [ -1.7434, -0.1291, 0.7663 ],
					"to": [ -1.5927, 2.0232, 0.9169 ],
					"rotationOrigin": [ -1.6573, -0.1291, 0.8824 ],
					"rotationY": 11.0,
					"faces": {
						"north": { "texture": "#chamomile", "uv": [ 1.0, 11.0, 1.5, 16.0 ], "autoUv": false, "windMode": [0,4,4,0] },
						"east": { "texture": "#chamomile", "uv": [ 0.5, 11.0, 1.0, 16.0 ], "autoUv": false, "windMode": [0,4,4,0] },
						"south": { "texture": "#chamomile", "uv": [ 1.0, 11.0, 1.5, 16.0 ], "autoUv": false, "windMode": [0,0,4,4] },
						"west": { "texture": "#chamomile", "uv": [ 0.5, 11.0, 1.0, 16.0 ], "autoUv": false, "windMode": [0,0,4,4] },
						"up": { "texture": "#chamomile", "uv": [ 0.0, 0.0, 0.5, 0.5 ], "autoUv": false, "windMode": [4,4,4,4] }
					},
					"children": [
						{
							"name": "stemdown42",
							"from": [ 0.0567, 0.0, -0.7187 ],
							"to": [ 0.0567, 2.1523, 0.7878 ],
							"rotationOrigin": [ 0.0556, 0.0, 0.0554 ],
							"rotationY": -89.9802,
							"faces": {
								"east": { "texture": "#chamomile", "uv": [ 5.0, 11.0, 8.5, 16.0 ], "autoUv": false, "windMode": [0,1,1,0] }
							},
							"children": [
								{
									"name": "Cube43",
									"from": [ -0.7318, 0.0, 0.7748 ],
									"to": [ 0.7748, 2.1523, 0.7748 ],
									"rotationOrigin": [ 0.0, 0.0, 0.7748 ],
									"faces": {
										"north": { "texture": "#chamomile", "uv": [ 5.0, 10.5, 8.5, 15.5 ], "autoUv": false, "windMode": [0,1,1,0] }
									}
								}
							]
						}
					]
				},
				{
					"name": "flower15",
					"from": [ -2.6043, -0.1291, -2.2471 ],
					"to": [ -2.4537, 2.0232, -2.0964 ],
					"rotationOrigin": [ -2.5182, -0.1291, -2.1308 ],
					"rotationY": 45.0,
					"faces": {
						"north": { "texture": "#chamomile", "uv": [ 1.0, 11.0, 1.5, 16.0 ], "autoUv": false, "windMode": [0,4,4,0] },
						"east": { "texture": "#chamomile", "uv": [ 1.0, 11.0, 1.5, 16.0 ], "autoUv": false, "windMode": [0,4,4,0] },
						"south": { "texture": "#chamomile", "uv": [ 0.5, 11.0, 1.0, 16.0 ], "autoUv": false, "windMode": [0,0,4,4] },
						"west": { "texture": "#chamomile", "uv": [ 0.5, 11.0, 1.0, 16.0 ], "autoUv": false, "windMode": [0,0,4,4] },
						"up": { "texture": "#chamomile", "uv": [ 0.0, 0.0, 0.5, 0.5 ], "autoUv": false, "windMode": [4,4,4,4] }
					},
					"children": [
						{
							"name": "stemdown40",
							"from": [ 0.0561, 0.0, -0.719 ],
							"to": [ 0.0561, 2.1523, 0.7876 ],
							"rotationOrigin": [ 0.0556, 0.0, 0.0554 ],
							"rotationY": -89.9802,
							"faces": {
								"east": { "texture": "#chamomile", "uv": [ 5.0, 10.5, 8.5, 15.5 ], "autoUv": false, "windMode": [0,1,1,0] }
							},
							"children": [
								{
									"name": "Cube41",
									"from": [ -0.7318, 0.0, 0.7748 ],
									"to": [ 0.7748, 2.1523, 0.7748 ],
									"rotationOrigin": [ 0.0, 0.0, 0.7748 ],
									"faces": {
										"north": { "texture": "#chamomile", "uv": [ 5.0, 10.5, 8.5, 15.5 ], "autoUv": false, "windMode": [0,1,1,0] }
									}
								}
							]
						}
					]
				},
				{
					"name": "flower16",
					"from": [ -2.1738, -0.1291, 2.0576 ],
					"to": [ -2.0232, 2.0232, 2.2083 ],
					"rotationOrigin": [ -2.0877, -0.1291, 2.1738 ],
					"rotationY": -58.0,
					"faces": {
						"north": { "texture": "#chamomile", "uv": [ 1.0, 11.0, 1.5, 16.0 ], "autoUv": false, "windMode": [0,4,4,0] },
						"east": { "texture": "#chamomile", "uv": [ 1.0, 11.0, 1.5, 16.0 ], "autoUv": false, "windMode": [0,4,4,0] },
						"south": { "texture": "#chamomile", "uv": [ 0.5, 11.0, 1.0, 16.0 ], "autoUv": false, "windMode": [0,0,4,4] },
						"west": { "texture": "#chamomile", "uv": [ 0.5, 11.0, 1.0, 16.0 ], "autoUv": false, "windMode": [0,0,4,4] },
						"up": { "texture": "#chamomile", "uv": [ 0.0, 0.0, 0.5, 0.5 ], "autoUv": false, "windMode": [4,4,4,4] }
					},
					"children": [
						{
							"name": "stemdown47",
							"from": [ 0.0561, 0.0, -0.719 ],
							"to": [ 0.0561, 2.1523, 0.7876 ],
							"rotationOrigin": [ 0.0556, 0.0, 0.0554 ],
							"rotationY": -89.9802,
							"faces": {
								"east": { "texture": "#chamomile", "uv": [ 5.0, 10.5, 8.5, 15.5 ], "autoUv": false, "windMode": [0,1,1,0] }
							},
							"children": [
								{
									"name": "Cube48",
									"from": [ -0.7318, 0.0, 0.7748 ],
									"to": [ 0.7748, 2.1523, 0.7748 ],
									"rotationOrigin": [ 0.0, 0.0, 0.7748 ],
									"faces": {
										"north": { "texture": "#chamomile", "uv": [ 5.0, 10.5, 8.5, 15.5 ], "autoUv": false, "windMode": [0,1,1,0] }
									}
								}
							]
						}
					]
				},
				{
					"name": "flower17",
					"from": [ 1.2698, -0.1291, 2.2729 ],
					"to": [ 1.4205, 2.0232, 2.4235 ],
					"rotationOrigin": [ 1.3559, -0.1291, 2.3891 ],
					"rotationY": -58.0,
					"faces": {
						"north": { "texture": "#chamomile", "uv": [ 1.0, 11.0, 1.5, 16.0 ], "autoUv": false, "windMode": [0,4,4,0] },
						"east": { "texture": "#chamomile", "uv": [ 1.0, 11.0, 1.5, 16.0 ], "autoUv": false, "windMode": [0,4,4,0] },
						"south": { "texture": "#chamomile", "uv": [ 0.5, 11.0, 1.0, 16.0 ], "autoUv": false, "windMode": [0,0,4,4] },
						"west": { "texture": "#chamomile", "uv": [ 0.5, 11.0, 1.0, 16.0 ], "autoUv": false, "windMode": [0,0,4,4] },
						"up": { "texture": "#chamomile", "uv": [ 0.0, 0.0, 0.5, 0.5 ], "autoUv": false, "windMode": [4,4,4,4] }
					},
					"children": [
						{
							"name": "stemdown49",
							"from": [ 0.0561, 0.0, -0.719 ],
							"to": [ 0.0561, 2.1523, 0.7876 ],
							"rotationOrigin": [ 0.0556, 0.0, 0.0554 ],
							"rotationY": -89.9802,
							"faces": {
								"east": { "texture": "#chamomile", "uv": [ 5.0, 10.5, 8.5, 15.5 ], "autoUv": false, "windMode": [0,1,1,0] }
							},
							"children": [
								{
									"name": "Cube50",
									"from": [ -0.7318, 0.0, 0.7748 ],
									"to": [ 0.7748, 2.1523, 0.7748 ],
									"rotationOrigin": [ 0.0, 0.0, 0.7748 ],
									"faces": {
										"north": { "texture": "#chamomile", "uv": [ 5.0, 10.5, 8.5, 15.5 ], "autoUv": false, "windMode": [0,1,1,0] }
									}
								}
							]
						}
					]
				},
				{
					"name": "flower18",
					"from": [ -0.8824, -0.1291, 0.3357 ],
					"to": [ -0.7318, 2.0232, 0.4865 ],
					"rotationOrigin": [ -0.7964, -0.1291, 0.452 ],
					"rotationY": -11.0,
					"faces": {
						"north": { "texture": "#chamomile", "uv": [ 1.0, 11.0, 1.5, 16.0 ], "autoUv": false, "windMode": [0,4,4,0] },
						"east": { "texture": "#chamomile", "uv": [ 1.0, 11.0, 1.5, 16.0 ], "autoUv": false, "windMode": [0,4,4,0] },
						"south": { "texture": "#chamomile", "uv": [ 0.5, 11.0, 1.0, 16.0 ], "autoUv": false, "windMode": [0,0,4,4] },
						"west": { "texture": "#chamomile", "uv": [ 0.5, 11.0, 1.0, 16.0 ], "autoUv": false, "windMode": [0,0,4,4] },
						"up": { "texture": "#chamomile", "uv": [ 0.0, 0.0, 0.5, 0.5 ], "autoUv": false, "windMode": [4,4,4,4] }
					},
					"children": [
						{
							"name": "stemdown51",
							"from": [ 0.0561, 0.0, -0.719 ],
							"to": [ 0.0561, 2.1523, 0.7876 ],
							"rotationOrigin": [ 0.0556, 0.0, 0.0554 ],
							"rotationY": -89.9802,
							"faces": {
								"east": { "texture": "#chamomile", "uv": [ 5.0, 10.5, 8.5, 15.5 ], "autoUv": false, "windMode": [0,1,1,0] }
							},
							"children": [
								{
									"name": "Cube52",
									"from": [ -0.7318, 0.0, 0.7748 ],
									"to": [ 0.7748, 2.1523, 0.7748 ],
									"rotationOrigin": [ 0.0, 0.0, 0.7748 ],
									"faces": {
										"north": { "texture": "#chamomile", "uv": [ 5.0, 10.5, 8.5, 15.5 ], "autoUv": false, "windMode": [0,1,1,0] }
									}
								}
							]
						}
					]
				},
				{
					"name": "flower19",
					"from": [ 2.5613, -0.1291, 0.7663 ],
					"to": [ 2.712, 2.0232, 0.9169 ],
					"rotationOrigin": [ 2.6473, -0.1291, 0.8824 ],
					"rotationY": -180.0,
					"faces": {
						"north": { "texture": "#chamomile", "uv": [ 1.0, 11.0, 1.5, 16.0 ], "autoUv": false, "windMode": [0,4,4,0] },
						"east": { "texture": "#chamomile", "uv": [ 1.0, 11.0, 1.5, 16.0 ], "autoUv": false, "windMode": [0,4,4,0] },
						"south": { "texture": "#chamomile", "uv": [ 0.5, 11.0, 1.0, 16.0 ], "autoUv": false, "windMode": [0,0,4,4] },
						"west": { "texture": "#chamomile", "uv": [ 0.5, 11.0, 1.0, 16.0 ], "autoUv": false, "windMode": [0,0,4,4] },
						"up": { "texture": "#chamomile", "uv": [ 0.0, 0.0, 0.5, 0.5 ], "autoUv": false, "windMode": [4,4,4,4] }
					},
					"children": [
						{
							"name": "stemdown53",
							"from": [ 0.0561, 0.0, -0.719 ],
							"to": [ 0.0561, 2.1523, 0.7876 ],
							"rotationOrigin": [ 0.0556, 0.0, 0.0554 ],
							"rotationY": -89.9802,
							"faces": {
								"east": { "texture": "#chamomile", "uv": [ 5.0, 10.5, 8.5, 15.5 ], "autoUv": false, "windMode": [0,1,1,0] }
							},
							"children": [
								{
									"name": "Cube54",
									"from": [ -0.7318, 0.0, 0.7748 ],
									"to": [ 0.7748, 2.1523, 0.7748 ],
									"rotationOrigin": [ 0.0, 0.0, 0.7748 ],
									"faces": {
										"north": { "texture": "#chamomile", "uv": [ 5.0, 10.5, 8.5, 15.5 ], "autoUv": false, "windMode": [0,1,1,0] }
									}
								}
							]
						}
					]
				},
				{
					"name": "flower2",
					"from": [ -0.452, -0.1291, 1.6271 ],
					"to": [ -0.3013, 2.0232, 1.7778 ],
					"rotationOrigin": [ -0.3659, -0.1291, 1.7434 ],
					"rotationY": 127.0,
					"faces": {
						"north": { "texture": "#chamomile", "uv": [ 1.0, 11.0, 1.5, 16.0 ], "autoUv": false, "windMode": [0,4,4,0] },
						"east": { "texture": "#chamomile", "uv": [ 1.0, 11.0, 1.5, 16.0 ], "autoUv": false, "windMode": [0,4,4,0] },
						"south": { "texture": "#chamomile", "uv": [ 0.5, 11.0, 1.0, 16.0 ], "autoUv": false, "windMode": [0,0,4,4] },
						"west": { "texture": "#chamomile", "uv": [ 0.5, 11.0, 1.0, 16.0 ], "autoUv": false, "windMode": [0,0,4,4] },
						"up": { "texture": "#chamomile", "uv": [ 0.0, 0.0, 0.5, 0.5 ], "autoUv": false, "windMode": [4,4,4,4] }
					},
					"children": [
						{
							"name": "stemdown30",
							"from": [ 0.0561, 0.0, -0.719 ],
							"to": [ 0.0561, 2.1523, 0.7876 ],
							"rotationOrigin": [ 0.0556, 0.0, 0.0554 ],
							"rotationY": -89.9802,
							"faces": {
								"east": { "texture": "#chamomile", "uv": [ 5.0, 10.5, 8.5, 15.5 ], "autoUv": false, "windMode": [0,1,1,0] }
							},
							"children": [
								{
									"name": "Cube31",
									"from": [ -0.7318, 0.0, 0.7748 ],
									"to": [ 0.7748, 2.1523, 0.7748 ],
									"rotationOrigin": [ 0.0, 0.0, 0.7748 ],
									"faces": {
										"north": { "texture": "#chamomile", "uv": [ 5.0, 10.5, 8.5, 15.5 ], "autoUv": false, "windMode": [0,1,1,0] }
									}
								}
							]
						}
					]
				}
			]
		}
	]}