{
	"editor": {
		"collapsedPaths": ",Root/origin/flower2,Root/origin/flower4,Root/origin/flower6,Root/origin/flower5,Root/origin/stemdown5,Root/origin/stemdown4,Root/origin/stemdown3,Root/origin/stemdown2,Root/origin2/stemtop5,Root/origin/stemdown28,Root/origin/flower18/stembiglower9,Root/origin/stemdown26,Root/origin/budorigin3/bud7,Root/origin/stemdown25,Root/origin2,Root/origin/stemdown22,Root/origin/stemdown21,Root/origin/flower10,Root/origin/flower14,Root/origin/flower15,Root/origin/flower12/stemtop7,Root/origin/flower12,Root/origin/flower18,Root/origin/flower19,Root/origin/flower16,Root/origin/flower17,Root/origin/flower,Root/origin/stemtop9,Root/origin/stemtop5,Root/origin/budstembiglower,Root/origin/stemdown30,Root/origin/bud5,Root/origin/flower4/cham4/bud19,Root/origin/flower14/stemdown2,Root/origin/flower/stembiglower,Root/origin/bud,Root/origin/flower2/stemdown32,Root/origin/bud4,Root/origin/bud3,Root/origin/bud2,Root/origin/flower15/stembiglower6,Root/origin/flower7,Root/origin/flower5/stemtop35,Root/origin/flower9,Root/origin/flower5/stembiglower5/budstembiglower5",
		"allAngles": true,
		"entityTextureMode": false
	},
	"textureWidth": 16,
	"textureHeight": 16,
	"textureSizes": {
		"chamomile": [16,16]
	},
	"textures": {
	},
	"elements": [
		{
			"name": "origin",
			"from": [ 8.0, 0.0, 8.0 ],
			"to": [ 8.0, 0.0, 8.0 ],
			"rotationOrigin": [ 8.0, 0.0, 8.0 ],
			"faces": {
			},
			"children": [
				{
					"name": "flower14",
					"from": [ 1.2793, -0.1968, -2.7688 ],
					"to": [ 1.509, 3.0837, -2.5391 ],
					"rotationOrigin": [ 1.4106, -0.1968, -2.5915 ],
					"rotationY": 45.0,
					"faces": {
						"north": { "texture": "#chamomile", "uv": [ 1.0, 11.0, 1.5, 16.0 ], "autoUv": false, "windMode": [0,4,4,0] },
						"east": { "texture": "#chamomile", "uv": [ 1.0, 11.0, 1.5, 16.0 ], "autoUv": false, "windMode": [0,4,4,0] },
						"south": { "texture": "#chamomile", "uv": [ 0.5, 11.0, 1.0, 16.0 ], "autoUv": false, "windMode": [0,0,4,4] },
						"west": { "texture": "#chamomile", "uv": [ 0.5, 11.0, 1.0, 16.0 ], "autoUv": false, "windMode": [0,0,4,4] }
					},
					"children": [
						{
							"name": "stemdown2",
							"from": [ 0.087, 0.0, -1.0969 ],
							"to": [ 0.087, 3.2805, 1.1994 ],
							"rotationOrigin": [ 0.0848, 0.0, 0.0844 ],
							"rotationY": -89.9802,
							"faces": {
								"east": { "texture": "#chamomile", "uv": [ 5.0, 10.5, 8.5, 15.5 ], "autoUv": false, "windMode": [0,1,1,0] }
							},
							"children": [
								{
									"name": "Cube2",
									"from": [ -1.1154, 0.0, 1.181 ],
									"to": [ 1.181, 3.2805, 1.181 ],
									"rotationOrigin": [ 0.0, 0.0, 1.181 ],
									"faces": {
										"north": { "texture": "#chamomile", "uv": [ 5.0, 11.0, 8.5, 16.0 ], "autoUv": false, "windMode": [0,1,1,0] }
									}
								}
							]
						},
						{
							"name": "stem10",
							"from": [ 0.0, 3.2805, 0.0 ],
							"to": [ 0.2296, 6.561, 0.2296 ],
							"rotationOrigin": [ 0.1312, 3.2805, 0.1771 ],
							"faces": {
								"north": { "texture": "#chamomile", "uv": [ 1.0, 7.0, 1.5, 12.0 ], "autoUv": false, "windMode": [4,4,4,4] },
								"east": { "texture": "#chamomile", "uv": [ 0.5, 7.0, 1.0, 12.0 ], "autoUv": false, "windMode": [4,4,4,4] },
								"south": { "texture": "#chamomile", "uv": [ 0.0, 6.5, 0.5, 11.5 ], "autoUv": false, "windMode": [4,4,4,4] },
								"west": { "texture": "#chamomile", "uv": [ 1.0, 6.0, 1.5, 11.0 ], "autoUv": false, "windMode": [4,4,4,4] },
								"up": { "texture": "#chamomile", "uv": [ 0.0, 0.0, 0.5, 0.5 ], "autoUv": false, "windMode": [4,4,4,4] }
							}
						},
						{
							"name": "stemdown5",
							"from": [ 0.0848, 3.2805, -1.0966 ],
							"to": [ 0.0848, 6.561, 1.1998 ],
							"rotationOrigin": [ 0.0848, 3.2805, 0.0844 ],
							"rotationX": -180.0,
							"rotationY": -45.0,
							"rotationZ": -180.0,
							"faces": {
								"east": { "texture": "#chamomile", "uv": [ 5.0, 10.5, 8.5, 15.5 ], "autoUv": false, "windMode": [4,1,1,4] }
							},
							"children": [
								{
									"name": "Cube5",
									"from": [ -1.1154, 0.0, 1.181 ],
									"to": [ 1.181, 3.2805, 1.181 ],
									"rotationOrigin": [ 0.0, 0.0, 1.181 ],
									"faces": {
										"north": { "texture": "#chamomile", "uv": [ 5.0, 11.0, 8.5, 16.0 ], "autoUv": false, "windMode": [4,1,1,4] }
									}
								}
							]
						},
						{
							"name": "stemtop5",
							"from": [ 0.0573, 6.4298, 0.0382 ],
							"to": [ 0.2214, 7.742, 0.2022 ],
							"rotationOrigin": [ 0.0246, 6.4298, 0.0054 ],
							"rotationX": -2.1208,
							"rotationY": 0.0393,
							"rotationZ": 5.8792,
							"faces": {
								"north": { "texture": "#chamomile", "uv": [ 1.0, 7.0, 1.5, 9.0 ], "autoUv": false, "windMode": [4,4,4,4] },
								"east": { "texture": "#chamomile", "uv": [ 0.5, 7.0, 1.0, 9.0 ], "autoUv": false, "windMode": [4,4,4,4] },
								"south": { "texture": "#chamomile", "uv": [ 0.0, 6.5, 0.5, 8.5 ], "autoUv": false, "windMode": [4,4,4,4] },
								"west": { "texture": "#chamomile", "uv": [ 1.0, 6.0, 1.5, 8.0 ], "autoUv": false, "windMode": [4,4,4,4] },
								"up": { "texture": "#chamomile", "uv": [ 0.0, 0.0, 0.5, 0.5 ], "autoUv": false, "windMode": [4,4,4,4] }
							}
						}
					]
				},
				{
					"name": "flower9",
					"from": [ 3.9037, -0.1968, -4.081 ],
					"to": [ 4.1334, 3.0837, -3.8513 ],
					"rotationOrigin": [ 4.035, -0.1968, -3.9037 ],
					"rotationY": 45.0,
					"faces": {
						"north": { "texture": "#chamomile", "uv": [ 1.0, 11.0, 1.5, 16.0 ], "autoUv": false, "windMode": [0,4,4,0] },
						"east": { "texture": "#chamomile", "uv": [ 0.5, 11.0, 1.0, 16.0 ], "autoUv": false, "windMode": [0,4,4,0] },
						"south": { "texture": "#chamomile", "uv": [ 1.0, 11.0, 1.5, 16.0 ], "autoUv": false, "windMode": [0,0,4,4] },
						"west": { "texture": "#chamomile", "uv": [ 0.5, 11.0, 1.0, 16.0 ], "autoUv": false, "windMode": [0,0,4,4] }
					},
					"children": [
						{
							"name": "stem11",
							"from": [ 0.0, 3.2805, 0.0 ],
							"to": [ 0.2296, 6.561, 0.2296 ],
							"rotationOrigin": [ 0.1312, 3.2805, 0.1771 ],
							"faces": {
								"north": { "texture": "#chamomile", "uv": [ 1.0, 7.0, 1.5, 12.0 ], "autoUv": false, "windMode": [4,4,4,4] },
								"east": { "texture": "#chamomile", "uv": [ 0.5, 7.0, 1.0, 12.0 ], "autoUv": false, "windMode": [4,4,4,4] },
								"south": { "texture": "#chamomile", "uv": [ 0.0, 6.5, 0.5, 11.5 ], "autoUv": false, "windMode": [4,4,4,4] },
								"west": { "texture": "#chamomile", "uv": [ 1.0, 6.0, 1.5, 11.0 ], "autoUv": false, "windMode": [4,4,4,4] },
								"up": { "texture": "#chamomile", "uv": [ 0.0, 0.0, 0.5, 0.5 ], "autoUv": false, "windMode": [4,4,4,4] }
							}
						},
						{
							"name": "stemdown28",
							"from": [ 0.0848, 3.2805, -1.0966 ],
							"to": [ 0.0848, 6.561, 1.1998 ],
							"rotationOrigin": [ 0.0848, 3.2805, 0.0844 ],
							"rotationX": -180.0,
							"rotationY": -45.0,
							"rotationZ": -180.0,
							"faces": {
								"east": { "texture": "#chamomile", "uv": [ 5.0, 11.0, 8.5, 16.0 ], "autoUv": false, "windMode": [4,1,1,4] }
							},
							"children": [
								{
									"name": "Cube29",
									"from": [ -1.1154, 0.0, 1.181 ],
									"to": [ 1.181, 3.2805, 1.181 ],
									"rotationOrigin": [ 0.0, 0.0, 1.181 ],
									"faces": {
										"north": { "texture": "#chamomile", "uv": [ 5.0, 10.5, 8.5, 15.5 ], "autoUv": false, "windMode": [4,1,1,4] }
									}
								}
							]
						},
						{
							"name": "stemdown25",
							"from": [ 0.0865, 0.0, -1.0955 ],
							"to": [ 0.0865, 3.2805, 1.2008 ],
							"rotationOrigin": [ 0.0848, 0.0, 0.0844 ],
							"rotationY": -89.9802,
							"faces": {
								"east": { "texture": "#chamomile", "uv": [ 5.0, 11.0, 8.5, 16.0 ], "autoUv": false, "windMode": [0,1,1,0] }
							},
							"children": [
								{
									"name": "Cube26",
									"from": [ -1.1154, 0.0, 1.181 ],
									"to": [ 1.181, 3.2805, 1.181 ],
									"rotationOrigin": [ 0.0, 0.0, 1.181 ],
									"faces": {
										"north": { "texture": "#chamomile", "uv": [ 5.0, 10.5, 8.5, 15.5 ], "autoUv": false, "windMode": [0,1,1,0] }
									}
								}
							]
						},
						{
							"name": "stemtop15",
							"from": [ 0.2096, 6.4298, -0.0671 ],
							"to": [ 0.3737, 7.742, 0.0968 ],
							"rotationOrigin": [ 0.1637, 6.4298, -0.0409 ],
							"rotationX": -48.2267,
							"rotationY": -87.0582,
							"rotationZ": -57.1422,
							"faces": {
								"north": { "texture": "#chamomile", "uv": [ 1.0, 7.0, 1.5, 9.0 ], "autoUv": false, "windMode": [4,4,4,4] },
								"east": { "texture": "#chamomile", "uv": [ 0.5, 7.0, 1.0, 9.0 ], "autoUv": false, "windMode": [4,4,4,4] },
								"south": { "texture": "#chamomile", "uv": [ 0.0, 6.5, 0.5, 8.5 ], "autoUv": false, "windMode": [4,4,4,4] },
								"west": { "texture": "#chamomile", "uv": [ 1.0, 6.0, 1.5, 8.0 ], "autoUv": false, "windMode": [4,4,4,4] },
								"up": { "texture": "#chamomile", "uv": [ 0.0, 0.0, 0.5, 0.5 ], "autoUv": false, "windMode": [4,4,4,4] }
							}
						}
					]
				},
				{
					"name": "flower",
					"from": [ 2.5915, -0.1968, -0.4724 ],
					"to": [ 2.8212, 3.0837, -0.2427 ],
					"rotationOrigin": [ 2.7228, -0.1968, -0.2952 ],
					"rotationY": 45.0,
					"faces": {
						"north": { "texture": "#chamomile", "uv": [ 1.0, 11.0, 1.5, 16.0 ], "autoUv": false, "windMode": [0,4,4,0] },
						"east": { "texture": "#chamomile", "uv": [ 1.0, 11.0, 1.5, 16.0 ], "autoUv": false, "windMode": [0,4,4,0] },
						"south": { "texture": "#chamomile", "uv": [ 0.5, 11.0, 1.0, 16.0 ], "autoUv": false, "windMode": [0,0,4,4] },
						"west": { "texture": "#chamomile", "uv": [ 0.5, 11.0, 1.0, 16.0 ], "autoUv": false, "windMode": [0,0,4,4] }
					},
					"children": [
						{
							"name": "stemdown26",
							"from": [ 0.0856, 0.0, -1.0959 ],
							"to": [ 0.0856, 3.2805, 1.2004 ],
							"rotationOrigin": [ 0.0848, 0.0, 0.0844 ],
							"rotationY": -89.9802,
							"faces": {
								"east": { "texture": "#chamomile", "uv": [ 5.0, 10.5, 8.5, 15.5 ], "autoUv": false, "windMode": [0,1,1,0] }
							},
							"children": [
								{
									"name": "Cube27",
									"from": [ -1.1154, 0.0, 1.181 ],
									"to": [ 1.181, 3.2805, 1.181 ],
									"rotationOrigin": [ 0.0, 0.0, 1.181 ],
									"faces": {
										"north": { "texture": "#chamomile", "uv": [ 5.0, 10.5, 8.5, 15.5 ], "autoUv": false, "windMode": [0,1,1,0] }
									}
								}
							]
						},
						{
							"name": "stem12",
							"from": [ 0.0, 3.2805, 0.0 ],
							"to": [ 0.2296, 6.561, 0.2296 ],
							"rotationOrigin": [ 0.1312, 3.2805, 0.1771 ],
							"faces": {
								"north": { "texture": "#chamomile", "uv": [ 1.0, 7.0, 1.5, 12.0 ], "autoUv": false, "windMode": [4,4,4,4] },
								"east": { "texture": "#chamomile", "uv": [ 0.5, 7.0, 1.0, 12.0 ], "autoUv": false, "windMode": [4,4,4,4] },
								"south": { "texture": "#chamomile", "uv": [ 0.0, 6.5, 0.5, 11.5 ], "autoUv": false, "windMode": [4,4,4,4] },
								"west": { "texture": "#chamomile", "uv": [ 1.0, 6.0, 1.5, 11.0 ], "autoUv": false, "windMode": [4,4,4,4] },
								"up": { "texture": "#chamomile", "uv": [ 0.0, 0.0, 0.5, 0.5 ], "autoUv": false, "windMode": [4,4,4,4] }
							}
						},
						{
							"name": "stemdown29",
							"from": [ 0.0848, 3.2805, -1.0966 ],
							"to": [ 0.0848, 6.561, 1.1998 ],
							"rotationOrigin": [ 0.0848, 3.2805, 0.0844 ],
							"rotationX": -180.0,
							"rotationY": -45.0,
							"rotationZ": -180.0,
							"faces": {
								"east": { "texture": "#chamomile", "uv": [ 5.0, 10.5, 8.5, 15.5 ], "autoUv": false, "windMode": [4,1,1,4] }
							},
							"children": [
								{
									"name": "Cube30",
									"from": [ -1.1154, 0.0, 1.181 ],
									"to": [ 1.181, 3.2805, 1.181 ],
									"rotationOrigin": [ 0.0, 0.0, 1.181 ],
									"faces": {
										"north": { "texture": "#chamomile", "uv": [ 5.0, 10.5, 8.5, 15.5 ], "autoUv": false, "windMode": [4,1,1,4] }
									}
								}
							]
						},
						{
							"name": "stemtop3",
							"from": [ 0.0652, 6.4298, 0.0509 ],
							"to": [ 0.2293, 7.742, 0.215 ],
							"rotationOrigin": [ 0.1637, 6.4298, -0.0409 ],
							"rotationX": -7.2988,
							"rotationY": -1.5496,
							"rotationZ": 15.9444,
							"faces": {
								"north": { "texture": "#chamomile", "uv": [ 1.0, 7.0, 1.5, 9.0 ], "autoUv": false, "windMode": [4,4,4,4] },
								"east": { "texture": "#chamomile", "uv": [ 0.5, 7.0, 1.0, 9.0 ], "autoUv": false, "windMode": [4,4,4,4] },
								"south": { "texture": "#chamomile", "uv": [ 0.0, 6.5, 0.5, 8.5 ], "autoUv": false, "windMode": [4,4,4,4] },
								"west": { "texture": "#chamomile", "uv": [ 1.0, 6.0, 1.5, 8.0 ], "autoUv": false, "windMode": [4,4,4,4] },
								"up": { "texture": "#chamomile", "uv": [ 0.0, 0.0, 0.5, 0.5 ], "autoUv": false, "windMode": [4,4,4,4] }
							}
						},
						{
							"name": "stembiglower",
							"from": [ -0.0084, 4.6671, 0.2385 ],
							"to": [ 0.1557, 5.9793, 0.4026 ],
							"rotationOrigin": [ 0.031, 4.864, 0.2385 ],
							"rotationX": 131.7732,
							"rotationY": 87.0581,
							"rotationZ": -100.8577,
							"faces": {
								"north": { "texture": "#chamomile", "uv": [ 1.0, 7.0, 1.5, 9.0 ], "autoUv": false, "windMode": [4,4,4,4] },
								"east": { "texture": "#chamomile", "uv": [ 0.5, 7.0, 1.0, 9.0 ], "autoUv": false, "windMode": [4,4,4,4] },
								"south": { "texture": "#chamomile", "uv": [ 0.0, 6.5, 0.5, 8.5 ], "autoUv": false, "windMode": [4,4,4,4] },
								"west": { "texture": "#chamomile", "uv": [ 1.0, 6.0, 1.5, 8.0 ], "autoUv": false, "windMode": [4,4,4,4] },
								"up": { "texture": "#chamomile", "uv": [ 0.0, 0.0, 0.5, 0.5 ], "autoUv": false, "windMode": [4,4,4,4] }
							},
							"children": [
								{
									"name": "stemtop19",
									"from": [ 0.0295, 1.2697, 0.0132 ],
									"to": [ 0.1607, 1.9258, 0.1444 ],
									"rotationOrigin": [ 0.0886, 1.2697, -0.0328 ],
									"rotationZ": -26.0,
									"faces": {
										"north": { "texture": "#chamomile", "uv": [ 1.0, 7.0, 1.5, 8.0 ], "autoUv": false, "windMode": [4,4,4,4] },
										"east": { "texture": "#chamomile", "uv": [ 0.5, 7.0, 1.0, 8.0 ], "autoUv": false, "windMode": [4,4,4,4] },
										"south": { "texture": "#chamomile", "uv": [ 0.0, 6.5, 0.5, 7.5 ], "autoUv": false, "windMode": [4,4,4,4] },
										"west": { "texture": "#chamomile", "uv": [ 1.0, 6.0, 1.5, 7.0 ], "autoUv": false, "windMode": [4,4,4,4] },
										"up": { "texture": "#chamomile", "uv": [ 0.0, 0.0, 0.5, 0.5 ], "autoUv": false, "windMode": [4,4,4,4] }
									}
								}
							]
						},
						{
							"name": "bud4",
							"from": [ 0.0459, 6.3642, 0.6561 ],
							"to": [ 0.3083, 6.6266, 0.9185 ],
							"rotationOrigin": [ -0.3936, 6.2067, 0.7915 ],
							"rotationX": 3.23,
							"rotationY": 1.03,
							"rotationZ": -1.99,
							"faces": {
								"north": { "texture": "#chamomile", "uv": [ 2.5, 7.5, 5.0, 10.0 ], "autoUv": false, "windMode": [4,4,4,4] },
								"east": { "texture": "#chamomile", "uv": [ 2.5, 7.5, 5.0, 10.0 ], "autoUv": false, "windMode": [4,4,4,4] },
								"south": { "texture": "#chamomile", "uv": [ 2.5, 7.5, 5.0, 10.0 ], "autoUv": false, "windMode": [4,4,4,4] },
								"west": { "texture": "#chamomile", "uv": [ 2.5, 7.5, 5.0, 10.0 ], "autoUv": false, "windMode": [4,4,4,4] },
								"up": { "texture": "#chamomile", "uv": [ 2.5, 7.5, 5.0, 10.0 ], "autoUv": false, "windMode": [4,4,4,4] }
							},
							"children": [
								{
									"name": "budbase4",
									"from": [ -0.0066, -0.0131, -0.0066 ],
									"to": [ 0.269, 0.0131, 0.269 ],
									"rotationOrigin": [ 0.1214, -0.5017, 0.0132 ],
									"faces": {
										"north": { "texture": "#chamomile", "uv": [ 0.0, 6.0, 1.5, 6.5 ], "autoUv": false, "windMode": [4,4,4,4] },
										"east": { "texture": "#chamomile", "uv": [ 0.0, 8.0, 1.5, 8.5 ], "autoUv": false, "windMode": [4,4,4,4] },
										"south": { "texture": "#chamomile", "uv": [ 0.0, 2.5, 1.5, 3.0 ], "autoUv": false, "windMode": [4,4,4,4] },
										"west": { "texture": "#chamomile", "uv": [ 0.5, 2.5, 2.0, 3.0 ], "autoUv": false, "windMode": [4,4,4,4] },
										"up": { "texture": "#chamomile", "uv": [ 14.5, 3.0, 16.0, 4.5 ], "autoUv": false, "windMode": [4,4,4,4] },
										"down": { "texture": "#chamomile", "uv": [ 0.0, 1.0, 1.5, 2.5 ], "autoUv": false, "windMode": [4,4,4,4] }
									}
								}
							]
						}
					]
				},
				{
					"name": "flower12",
					"from": [ 0.6232, -0.1968, 0.8398 ],
					"to": [ 0.8529, 3.0837, 1.0695 ],
					"rotationOrigin": [ 0.7545, -0.1968, 1.0169 ],
					"rotationY": 45.0,
					"faces": {
						"north": { "texture": "#chamomile", "uv": [ 0.5, 11.0, 1.0, 16.0 ], "autoUv": false, "windMode": [0,4,4,0] },
						"east": { "texture": "#chamomile", "uv": [ 1.0, 11.0, 1.5, 16.0 ], "autoUv": false, "windMode": [0,4,4,0] },
						"south": { "texture": "#chamomile", "uv": [ 0.5, 11.0, 1.0, 16.0 ], "autoUv": false, "windMode": [0,0,4,4] },
						"west": { "texture": "#chamomile", "uv": [ 0.5, 11.0, 1.0, 16.0 ], "autoUv": false, "windMode": [0,0,4,4] }
					},
					"children": [
						{
							"name": "stem13",
							"from": [ 0.0, 3.2805, 0.0 ],
							"to": [ 0.2296, 6.561, 0.2296 ],
							"rotationOrigin": [ 0.1312, 3.2805, 0.1771 ],
							"faces": {
								"north": { "texture": "#chamomile", "uv": [ 1.0, 7.0, 1.5, 12.0 ], "autoUv": false, "windMode": [4,4,4,4] },
								"east": { "texture": "#chamomile", "uv": [ 0.5, 7.0, 1.0, 12.0 ], "autoUv": false, "windMode": [4,4,4,4] },
								"south": { "texture": "#chamomile", "uv": [ 0.0, 6.5, 0.5, 11.5 ], "autoUv": false, "windMode": [4,4,4,4] },
								"west": { "texture": "#chamomile", "uv": [ 1.0, 6.0, 1.5, 11.0 ], "autoUv": false, "windMode": [4,4,4,4] },
								"up": { "texture": "#chamomile", "uv": [ 0.0, 0.0, 0.5, 0.5 ], "autoUv": false, "windMode": [4,4,4,4] }
							}
						},
						{
							"name": "stemdown27",
							"from": [ 0.0848, 3.2805, -1.0966 ],
							"to": [ 0.0848, 6.561, 1.1998 ],
							"rotationOrigin": [ 0.0848, 3.2805, 0.0844 ],
							"rotationX": -180.0,
							"rotationY": -45.0,
							"rotationZ": -180.0,
							"faces": {
								"east": { "texture": "#chamomile", "uv": [ 5.0, 10.5, 8.5, 15.5 ], "autoUv": false, "windMode": [4,1,1,4] }
							},
							"children": [
								{
									"name": "Cube28",
									"from": [ -1.1154, 0.0, 1.181 ],
									"to": [ 1.181, 3.2805, 1.181 ],
									"rotationOrigin": [ 0.0, 0.0, 1.181 ],
									"faces": {
										"north": { "texture": "#chamomile", "uv": [ 5.0, 10.5, 8.5, 15.5 ], "autoUv": false, "windMode": [4,1,1,4] }
									}
								}
							]
						},
						{
							"name": "stemdown23",
							"from": [ 0.0845, 0.0, -1.0952 ],
							"to": [ 0.0845, 3.2805, 1.2011 ],
							"rotationOrigin": [ 0.0848, 0.0, 0.0844 ],
							"rotationY": -89.9802,
							"faces": {
								"east": { "texture": "#chamomile", "uv": [ 5.0, 10.5, 8.5, 15.5 ], "autoUv": false, "windMode": [0,1,1,0] }
							},
							"children": [
								{
									"name": "Cube24",
									"from": [ -1.1154, 0.0, 1.181 ],
									"to": [ 1.181, 3.2805, 1.181 ],
									"rotationOrigin": [ 0.0, 0.0, 1.181 ],
									"faces": {
										"north": { "texture": "#chamomile", "uv": [ 5.0, 10.5, 8.5, 15.5 ], "autoUv": false, "windMode": [0,1,1,0] }
									}
								}
							]
						},
						{
							"name": "stemtop7",
							"from": [ 0.0573, 6.4298, 0.0383 ],
							"to": [ 0.2214, 7.742, 0.2023 ],
							"rotationOrigin": [ 0.0246, 6.4298, 0.0055 ],
							"rotationX": -2.1208,
							"rotationY": 0.0393,
							"rotationZ": 5.8792,
							"faces": {
								"north": { "texture": "#chamomile", "uv": [ 1.0, 7.0, 1.5, 9.0 ], "autoUv": false, "windMode": [4,4,4,4] },
								"east": { "texture": "#chamomile", "uv": [ 0.5, 7.0, 1.0, 9.0 ], "autoUv": false, "windMode": [4,4,4,4] },
								"south": { "texture": "#chamomile", "uv": [ 0.0, 6.5, 0.5, 8.5 ], "autoUv": false, "windMode": [4,4,4,4] },
								"west": { "texture": "#chamomile", "uv": [ 1.0, 6.0, 1.5, 8.0 ], "autoUv": false, "windMode": [4,4,4,4] },
								"up": { "texture": "#chamomile", "uv": [ 0.0, 0.0, 0.5, 0.5 ], "autoUv": false, "windMode": [4,4,4,4] }
							},
							"children": [
								{
									"name": "stemtop8",
									"from": [ 0.0295, 1.2697, 0.0132 ],
									"to": [ 0.1607, 1.9258, 0.1444 ],
									"rotationOrigin": [ 0.0886, 1.2697, -0.0328 ],
									"rotationZ": -26.0,
									"faces": {
										"north": { "texture": "#chamomile", "uv": [ 1.0, 7.0, 1.5, 8.0 ], "autoUv": false, "windMode": [4,4,4,4] },
										"east": { "texture": "#chamomile", "uv": [ 0.5, 7.0, 1.0, 8.0 ], "autoUv": false, "windMode": [4,4,4,4] },
										"south": { "texture": "#chamomile", "uv": [ 0.0, 6.5, 0.5, 7.5 ], "autoUv": false, "windMode": [4,4,4,4] },
										"west": { "texture": "#chamomile", "uv": [ 1.0, 6.0, 1.5, 7.0 ], "autoUv": false, "windMode": [4,4,4,4] },
										"up": { "texture": "#chamomile", "uv": [ 0.0, 0.0, 0.5, 0.5 ], "autoUv": false, "windMode": [4,4,4,4] }
									}
								}
							]
						},
						{
							"name": "bud7",
							"from": [ -0.059, 8.3251, -0.0606 ],
							"to": [ 0.2034, 8.5875, 0.2019 ],
							"rotationOrigin": [ 0.0606, 7.8233, -0.0473 ],
							"rotationX": -1.3152,
							"rotationY": 4.0162,
							"rotationZ": -19.4175,
							"faces": {
								"north": { "texture": "#chamomile", "uv": [ 2.5, 7.5, 5.0, 10.0 ], "autoUv": false, "windMode": [4,4,4,4] },
								"east": { "texture": "#chamomile", "uv": [ 2.5, 7.5, 5.0, 10.0 ], "autoUv": false, "windMode": [4,4,4,4] },
								"south": { "texture": "#chamomile", "uv": [ 2.5, 7.5, 5.0, 10.0 ], "autoUv": false, "windMode": [4,4,4,4] },
								"west": { "texture": "#chamomile", "uv": [ 2.5, 7.5, 5.0, 10.0 ], "autoUv": false, "windMode": [4,4,4,4] },
								"up": { "texture": "#chamomile", "uv": [ 2.5, 7.5, 5.0, 10.0 ], "autoUv": false, "windMode": [4,4,4,4] }
							},
							"children": [
								{
									"name": "budbase7",
									"from": [ -0.0066, -0.0131, -0.0066 ],
									"to": [ 0.269, 0.0131, 0.269 ],
									"rotationOrigin": [ 0.1214, -0.5017, 0.0132 ],
									"faces": {
										"north": { "texture": "#chamomile", "uv": [ 0.0, 6.0, 1.5, 6.5 ], "autoUv": false, "windMode": [4,4,4,4] },
										"east": { "texture": "#chamomile", "uv": [ 0.0, 8.0, 1.5, 8.5 ], "autoUv": false, "windMode": [4,4,4,4] },
										"south": { "texture": "#chamomile", "uv": [ 0.0, 2.5, 1.5, 3.0 ], "autoUv": false, "windMode": [4,4,4,4] },
										"west": { "texture": "#chamomile", "uv": [ 0.5, 2.5, 2.0, 3.0 ], "autoUv": false, "windMode": [4,4,4,4] },
										"up": { "texture": "#chamomile", "uv": [ 14.5, 3.0, 16.0, 4.5 ], "autoUv": false, "windMode": [4,4,4,4] },
										"down": { "texture": "#chamomile", "uv": [ 0.0, 1.0, 1.5, 2.5 ], "autoUv": false, "windMode": [4,4,4,4] }
									}
								}
							]
						}
					]
				},
				{
					"name": "flower6",
					"from": [ -4.6255, -0.1968, -0.1444 ],
					"to": [ -4.3959, 3.0837, 0.0853 ],
					"rotationOrigin": [ -4.4942, -0.1968, 0.0328 ],
					"rotationY": 45.0,
					"faces": {
						"north": { "texture": "#chamomile", "uv": [ 0.5, 11.0, 1.0, 16.0 ], "autoUv": false, "windMode": [0,4,4,0] },
						"east": { "texture": "#chamomile", "uv": [ 1.0, 11.0, 1.5, 16.0 ], "autoUv": false, "windMode": [0,4,4,0] },
						"south": { "texture": "#chamomile", "uv": [ 0.5, 11.0, 1.0, 16.0 ], "autoUv": false, "windMode": [0,0,4,4] },
						"west": { "texture": "#chamomile", "uv": [ 1.0, 11.0, 1.5, 16.0 ], "autoUv": false, "windMode": [0,0,4,4] }
					},
					"children": [
						{
							"name": "stem15",
							"from": [ 0.0, 3.2805, 0.0 ],
							"to": [ 0.2296, 6.561, 0.2296 ],
							"rotationOrigin": [ 0.1312, 3.2805, 0.1771 ],
							"faces": {
								"north": { "texture": "#chamomile", "uv": [ 1.0, 7.0, 1.5, 12.0 ], "autoUv": false, "windMode": [4,4,4,4] },
								"east": { "texture": "#chamomile", "uv": [ 0.5, 7.0, 1.0, 12.0 ], "autoUv": false, "windMode": [4,4,4,4] },
								"south": { "texture": "#chamomile", "uv": [ 0.0, 6.5, 0.5, 11.5 ], "autoUv": false, "windMode": [4,4,4,4] },
								"west": { "texture": "#chamomile", "uv": [ 1.0, 6.0, 1.5, 11.0 ], "autoUv": false, "windMode": [4,4,4,4] },
								"up": { "texture": "#chamomile", "uv": [ 0.0, 0.0, 0.5, 0.5 ], "autoUv": false, "windMode": [4,4,4,4] }
							}
						},
						{
							"name": "stemdown6",
							"from": [ 0.0848, 3.2805, -1.0966 ],
							"to": [ 0.0848, 6.561, 1.1998 ],
							"rotationOrigin": [ 0.0848, 3.2805, 0.0844 ],
							"rotationX": -180.0,
							"rotationY": -45.0,
							"rotationZ": -180.0,
							"faces": {
								"east": { "texture": "#chamomile", "uv": [ 5.0, 11.0, 8.5, 16.0 ], "autoUv": false, "windMode": [4,1,1,4] }
							},
							"children": [
								{
									"name": "Cube6",
									"from": [ -1.1154, 0.0, 1.181 ],
									"to": [ 1.181, 3.2805, 1.181 ],
									"rotationOrigin": [ 0.0, 0.0, 1.181 ],
									"faces": {
										"north": { "texture": "#chamomile", "uv": [ 5.0, 11.0, 8.5, 16.0 ], "autoUv": false, "windMode": [4,1,1,4] }
									}
								}
							]
						},
						{
							"name": "stemdown3",
							"from": [ 0.0856, 0.0, -1.0975 ],
							"to": [ 0.0856, 3.2805, 1.1988 ],
							"rotationOrigin": [ 0.0848, 0.0, 0.0844 ],
							"rotationY": -89.9802,
							"faces": {
								"east": { "texture": "#chamomile", "uv": [ 5.0, 11.0, 8.5, 16.0 ], "autoUv": false, "windMode": [0,1,1,0] }
							},
							"children": [
								{
									"name": "Cube3",
									"from": [ -1.1154, 0.0, 1.181 ],
									"to": [ 1.181, 3.2805, 1.181 ],
									"rotationOrigin": [ 0.0, 0.0, 1.181 ],
									"faces": {
										"north": { "texture": "#chamomile", "uv": [ 5.0, 11.0, 8.5, 16.0 ], "autoUv": false, "windMode": [0,1,1,0] }
									}
								}
							]
						},
						{
							"name": "stemtop13",
							"from": [ 0.2096, 6.4298, -0.0671 ],
							"to": [ 0.3737, 7.742, 0.0968 ],
							"rotationOrigin": [ 0.1637, 6.4298, -0.0409 ],
							"rotationX": -48.2267,
							"rotationY": -87.0582,
							"rotationZ": -57.1422,
							"faces": {
								"north": { "texture": "#chamomile", "uv": [ 1.0, 7.0, 1.5, 9.0 ], "autoUv": false, "windMode": [4,4,4,4] },
								"east": { "texture": "#chamomile", "uv": [ 0.5, 7.0, 1.0, 9.0 ], "autoUv": false, "windMode": [4,4,4,4] },
								"south": { "texture": "#chamomile", "uv": [ 0.0, 6.5, 0.5, 8.5 ], "autoUv": false, "windMode": [4,4,4,4] },
								"west": { "texture": "#chamomile", "uv": [ 1.0, 6.0, 1.5, 8.0 ], "autoUv": false, "windMode": [4,4,4,4] },
								"up": { "texture": "#chamomile", "uv": [ 0.0, 0.0, 0.5, 0.5 ], "autoUv": false, "windMode": [4,4,4,4] }
							}
						}
					]
				},
				{
					"name": "flower4",
					"from": [ -0.6889, -0.1968, -2.1127 ],
					"to": [ -0.4593, 3.0837, -1.883 ],
					"rotationOrigin": [ -0.5576, -0.1968, -1.9354 ],
					"faces": {
						"north": { "texture": "#chamomile", "uv": [ 1.0, 11.0, 1.5, 16.0 ], "autoUv": false, "windMode": [0,4,4,0] },
						"east": { "texture": "#chamomile", "uv": [ 1.0, 11.0, 1.5, 16.0 ], "autoUv": false, "windMode": [0,4,4,0] },
						"south": { "texture": "#chamomile", "uv": [ 0.5, 11.0, 1.0, 16.0 ], "autoUv": false, "windMode": [0,0,4,4] },
						"west": { "texture": "#chamomile", "uv": [ 0.5, 11.0, 1.0, 16.0 ], "autoUv": false, "windMode": [0,0,4,4] }
					},
					"children": [
						{
							"name": "stemdown35",
							"from": [ 0.0856, 0.0, -1.0959 ],
							"to": [ 0.0856, 3.2805, 1.2004 ],
							"rotationOrigin": [ 0.0848, 0.0, 0.0844 ],
							"rotationY": -89.9802,
							"faces": {
								"east": { "texture": "#chamomile", "uv": [ 5.0, 10.5, 8.5, 15.5 ], "autoUv": false, "windMode": [0,1,1,0] }
							},
							"children": [
								{
									"name": "Cube36",
									"from": [ -1.1154, 0.0, 1.181 ],
									"to": [ 1.181, 3.2805, 1.181 ],
									"rotationOrigin": [ 0.0, 0.0, 1.181 ],
									"faces": {
										"north": { "texture": "#chamomile", "uv": [ 5.0, 10.5, 8.5, 15.5 ], "autoUv": false, "windMode": [0,1,1,0] }
									}
								}
							]
						},
						{
							"name": "stem19",
							"from": [ 0.0, 3.2805, 0.0 ],
							"to": [ 0.2296, 6.561, 0.2296 ],
							"rotationOrigin": [ 0.1312, 3.2805, 0.1771 ],
							"faces": {
								"north": { "texture": "#chamomile", "uv": [ 1.0, 7.0, 1.5, 12.0 ], "autoUv": false, "windMode": [4,4,4,4] },
								"east": { "texture": "#chamomile", "uv": [ 0.5, 7.0, 1.0, 12.0 ], "autoUv": false, "windMode": [4,4,4,4] },
								"south": { "texture": "#chamomile", "uv": [ 0.0, 6.5, 0.5, 11.5 ], "autoUv": false, "windMode": [4,4,4,4] },
								"west": { "texture": "#chamomile", "uv": [ 1.0, 6.0, 1.5, 11.0 ], "autoUv": false, "windMode": [4,4,4,4] },
								"up": { "texture": "#chamomile", "uv": [ 0.0, 0.0, 0.5, 0.5 ], "autoUv": false, "windMode": [4,4,4,4] }
							}
						},
						{
							"name": "stemdown36",
							"from": [ 0.0848, 3.2805, -1.0966 ],
							"to": [ 0.0848, 6.561, 1.1998 ],
							"rotationOrigin": [ 0.0848, 3.2805, 0.0844 ],
							"rotationX": -180.0,
							"rotationY": -45.0,
							"rotationZ": -180.0,
							"faces": {
								"east": { "texture": "#chamomile", "uv": [ 5.0, 10.5, 8.5, 15.5 ], "autoUv": false, "windMode": [4,1,1,4] }
							},
							"children": [
								{
									"name": "Cube37",
									"from": [ -1.1154, 0.0, 1.181 ],
									"to": [ 1.181, 3.2805, 1.181 ],
									"rotationOrigin": [ 0.0, 0.0, 1.181 ],
									"faces": {
										"north": { "texture": "#chamomile", "uv": [ 5.0, 10.5, 8.5, 15.5 ], "autoUv": false, "windMode": [4,1,1,4] }
									}
								}
							]
						},
						{
							"name": "stemtop33",
							"from": [ 0.0652, 6.4298, 0.0509 ],
							"to": [ 0.2293, 7.742, 0.215 ],
							"rotationOrigin": [ 0.1637, 6.4298, -0.0409 ],
							"rotationX": -7.2988,
							"rotationY": -1.5496,
							"rotationZ": 15.9444,
							"faces": {
								"north": { "texture": "#chamomile", "uv": [ 1.0, 7.0, 1.5, 9.0 ], "autoUv": false, "windMode": [4,4,4,4] },
								"east": { "texture": "#chamomile", "uv": [ 0.5, 7.0, 1.0, 9.0 ], "autoUv": false, "windMode": [4,4,4,4] },
								"south": { "texture": "#chamomile", "uv": [ 0.0, 6.5, 0.5, 8.5 ], "autoUv": false, "windMode": [4,4,4,4] },
								"west": { "texture": "#chamomile", "uv": [ 1.0, 6.0, 1.5, 8.0 ], "autoUv": false, "windMode": [4,4,4,4] },
								"up": { "texture": "#chamomile", "uv": [ 0.0, 0.0, 0.5, 0.5 ], "autoUv": false, "windMode": [4,4,4,4] }
							}
						},
						{
							"name": "stembiglower4",
							"from": [ -0.0084, 4.6671, 0.2385 ],
							"to": [ 0.1557, 5.9793, 0.4026 ],
							"rotationOrigin": [ 0.031, 4.864, 0.2385 ],
							"rotationX": 131.7732,
							"rotationY": 87.0581,
							"rotationZ": -100.8577,
							"faces": {
								"north": { "texture": "#chamomile", "uv": [ 1.0, 7.0, 1.5, 9.0 ], "autoUv": false, "windMode": [4,4,4,4] },
								"east": { "texture": "#chamomile", "uv": [ 0.5, 7.0, 1.0, 9.0 ], "autoUv": false, "windMode": [4,4,4,4] },
								"south": { "texture": "#chamomile", "uv": [ 0.0, 6.5, 0.5, 8.5 ], "autoUv": false, "windMode": [4,4,4,4] },
								"west": { "texture": "#chamomile", "uv": [ 1.0, 6.0, 1.5, 8.0 ], "autoUv": false, "windMode": [4,4,4,4] },
								"up": { "texture": "#chamomile", "uv": [ 0.0, 0.0, 0.5, 0.5 ], "autoUv": false, "windMode": [4,4,4,4] }
							}
						},
						{
							"name": "stemtop36",
							"from": [ -0.0652, 7.1284, -0.0283 ],
							"to": [ 0.0661, 7.7845, 0.1029 ],
							"rotationOrigin": [ -0.006, 7.1284, -0.0742 ],
							"rotationX": -7.8625,
							"rotationY": 0.0256,
							"rotationZ": -21.0439,
							"faces": {
								"north": { "texture": "#chamomile", "uv": [ 1.0, 7.0, 1.5, 8.0 ], "autoUv": false, "windMode": [4,4,4,4] },
								"east": { "texture": "#chamomile", "uv": [ 0.5, 7.0, 1.0, 8.0 ], "autoUv": false, "windMode": [4,4,4,4] },
								"south": { "texture": "#chamomile", "uv": [ 0.0, 6.5, 0.5, 7.5 ], "autoUv": false, "windMode": [4,4,4,4] },
								"west": { "texture": "#chamomile", "uv": [ 1.0, 6.0, 1.5, 7.0 ], "autoUv": false, "windMode": [4,4,4,4] },
								"up": { "texture": "#chamomile", "uv": [ 0.0, 0.0, 0.5, 0.5 ], "autoUv": false, "windMode": [4,4,4,4] }
							}
						},
						{
							"name": "bud19",
							"from": [ -0.4207, 8.2656, -0.2091 ],
							"to": [ -0.1582, 8.528, 0.0534 ],
							"rotationOrigin": [ -0.2992, 7.7639, -0.1959 ],
							"rotationX": -5.5493,
							"rotationY": 1.2739,
							"rotationZ": 31.351,
							"faces": {
								"north": { "texture": "#chamomile", "uv": [ 2.5, 7.5, 5.0, 10.0 ], "autoUv": false, "windMode": [4,4,4,4] },
								"east": { "texture": "#chamomile", "uv": [ 2.5, 7.5, 5.0, 10.0 ], "autoUv": false, "windMode": [4,4,4,4] },
								"south": { "texture": "#chamomile", "uv": [ 2.5, 7.5, 5.0, 10.0 ], "autoUv": false, "windMode": [4,4,4,4] },
								"west": { "texture": "#chamomile", "uv": [ 2.5, 7.5, 5.0, 10.0 ], "autoUv": false, "windMode": [4,4,4,4] },
								"up": { "texture": "#chamomile", "uv": [ 2.5, 7.5, 5.0, 10.0 ], "autoUv": false, "windMode": [4,4,4,4] }
							},
							"children": [
								{
									"name": "budbase23",
									"from": [ -0.0066, -0.0131, -0.0066 ],
									"to": [ 0.269, 0.0131, 0.269 ],
									"rotationOrigin": [ 0.1214, -0.5017, 0.0132 ],
									"faces": {
										"north": { "texture": "#chamomile", "uv": [ 0.0, 6.0, 1.5, 6.5 ], "autoUv": false, "windMode": [4,4,4,4] },
										"east": { "texture": "#chamomile", "uv": [ 0.0, 8.0, 1.5, 8.5 ], "autoUv": false, "windMode": [4,4,4,4] },
										"south": { "texture": "#chamomile", "uv": [ 0.0, 2.5, 1.5, 3.0 ], "autoUv": false, "windMode": [4,4,4,4] },
										"west": { "texture": "#chamomile", "uv": [ 0.5, 2.5, 2.0, 3.0 ], "autoUv": false, "windMode": [4,4,4,4] },
										"up": { "texture": "#chamomile", "uv": [ 14.5, 3.0, 16.0, 4.5 ], "autoUv": false, "windMode": [4,4,4,4] },
										"down": { "texture": "#chamomile", "uv": [ 0.0, 1.0, 1.5, 2.5 ], "autoUv": false, "windMode": [4,4,4,4] }
									}
								}
							]
						},
						{
							"name": "stemtop34",
							"from": [ -0.255, 7.6444, -0.1007 ],
							"to": [ -0.1237, 8.3005, 0.0305 ],
							"rotationOrigin": [ -0.1959, 7.6444, -0.1466 ],
							"rotationX": -7.2988,
							"rotationY": -1.5496,
							"rotationZ": 32.9444,
							"faces": {
								"north": { "texture": "#chamomile", "uv": [ 1.0, 7.0, 1.5, 8.0 ], "autoUv": false, "windMode": [4,4,4,4] },
								"east": { "texture": "#chamomile", "uv": [ 0.5, 7.0, 1.0, 8.0 ], "autoUv": false, "windMode": [4,4,4,4] },
								"south": { "texture": "#chamomile", "uv": [ 0.0, 6.5, 0.5, 7.5 ], "autoUv": false, "windMode": [4,4,4,4] },
								"west": { "texture": "#chamomile", "uv": [ 1.0, 6.0, 1.5, 7.0 ], "autoUv": false, "windMode": [4,4,4,4] },
								"up": { "texture": "#chamomile", "uv": [ 0.0, 0.0, 0.5, 0.5 ], "autoUv": false, "windMode": [4,4,4,4] }
							}
						}
					]
				},
				{
					"name": "flower5",
					"from": [ -2.9852, -0.1968, -2.1127 ],
					"to": [ -2.7556, 3.0837, -1.883 ],
					"rotationOrigin": [ -2.854, -0.1968, -1.9354 ],
					"rotationY": 90.0,
					"faces": {
						"north": { "texture": "#chamomile", "uv": [ 1.0, 11.0, 1.5, 16.0 ], "autoUv": false, "windMode": [0,4,4,0] },
						"east": { "texture": "#chamomile", "uv": [ 1.0, 11.0, 1.5, 16.0 ], "autoUv": false, "windMode": [0,4,4,0] },
						"south": { "texture": "#chamomile", "uv": [ 0.5, 11.0, 1.0, 16.0 ], "autoUv": false, "windMode": [0,0,4,4] },
						"west": { "texture": "#chamomile", "uv": [ 0.5, 11.0, 1.0, 16.0 ], "autoUv": false, "windMode": [0,0,4,4] }
					},
					"children": [
						{
							"name": "stemdown37",
							"from": [ 0.0856, 0.0, -1.0959 ],
							"to": [ 0.0856, 3.2805, 1.2004 ],
							"rotationOrigin": [ 0.0848, 0.0, 0.0844 ],
							"rotationY": -89.9802,
							"faces": {
								"east": { "texture": "#chamomile", "uv": [ 5.0, 10.5, 8.5, 15.5 ], "autoUv": false, "windMode": [0,1,1,0] }
							},
							"children": [
								{
									"name": "Cube38",
									"from": [ -1.1154, 0.0, 1.181 ],
									"to": [ 1.181, 3.2805, 1.181 ],
									"rotationOrigin": [ 0.0, 0.0, 1.181 ],
									"faces": {
										"north": { "texture": "#chamomile", "uv": [ 5.0, 10.5, 8.5, 15.5 ], "autoUv": false, "windMode": [0,1,1,0] }
									}
								}
							]
						},
						{
							"name": "stem20",
							"from": [ 0.0, 3.2805, 0.0 ],
							"to": [ 0.2296, 6.561, 0.2296 ],
							"rotationOrigin": [ 0.1312, 3.2805, 0.1771 ],
							"faces": {
								"north": { "texture": "#chamomile", "uv": [ 1.0, 7.0, 1.5, 12.0 ], "autoUv": false, "windMode": [4,4,4,4] },
								"east": { "texture": "#chamomile", "uv": [ 0.5, 7.0, 1.0, 12.0 ], "autoUv": false, "windMode": [4,4,4,4] },
								"south": { "texture": "#chamomile", "uv": [ 0.0, 6.5, 0.5, 11.5 ], "autoUv": false, "windMode": [4,4,4,4] },
								"west": { "texture": "#chamomile", "uv": [ 1.0, 6.0, 1.5, 11.0 ], "autoUv": false, "windMode": [4,4,4,4] },
								"up": { "texture": "#chamomile", "uv": [ 0.0, 0.0, 0.5, 0.5 ], "autoUv": false, "windMode": [4,4,4,4] }
							}
						},
						{
							"name": "stemdown38",
							"from": [ 0.0848, 3.2805, -1.0966 ],
							"to": [ 0.0848, 6.561, 1.1998 ],
							"rotationOrigin": [ 0.0848, 3.2805, 0.0844 ],
							"rotationX": -180.0,
							"rotationY": -45.0,
							"rotationZ": -180.0,
							"faces": {
								"east": { "texture": "#chamomile", "uv": [ 5.0, 10.5, 8.5, 15.5 ], "autoUv": false, "windMode": [4,1,1,4] }
							},
							"children": [
								{
									"name": "Cube39",
									"from": [ -1.1154, 0.0, 1.181 ],
									"to": [ 1.181, 3.2805, 1.181 ],
									"rotationOrigin": [ 0.0, 0.0, 1.181 ],
									"faces": {
										"north": { "texture": "#chamomile", "uv": [ 5.0, 10.5, 8.5, 15.5 ], "autoUv": false, "windMode": [4,1,1,4] }
									}
								}
							]
						},
						{
							"name": "stemtop38",
							"from": [ 0.0652, 6.4298, 0.0509 ],
							"to": [ 0.2293, 7.742, 0.215 ],
							"rotationOrigin": [ 0.1637, 6.4298, -0.0409 ],
							"rotationX": -7.2988,
							"rotationY": -1.5496,
							"rotationZ": 15.9444,
							"faces": {
								"north": { "texture": "#chamomile", "uv": [ 1.0, 7.0, 1.5, 9.0 ], "autoUv": false, "windMode": [4,4,4,4] },
								"east": { "texture": "#chamomile", "uv": [ 0.5, 7.0, 1.0, 9.0 ], "autoUv": false, "windMode": [4,4,4,4] },
								"south": { "texture": "#chamomile", "uv": [ 0.0, 6.5, 0.5, 8.5 ], "autoUv": false, "windMode": [4,4,4,4] },
								"west": { "texture": "#chamomile", "uv": [ 1.0, 6.0, 1.5, 8.0 ], "autoUv": false, "windMode": [4,4,4,4] },
								"up": { "texture": "#chamomile", "uv": [ 0.0, 0.0, 0.5, 0.5 ], "autoUv": false, "windMode": [4,4,4,4] }
							}
						}
					]
				},
				{
					"name": "flower10",
					"from": [ -2.6572, -0.1968, 1.1678 ],
					"to": [ -2.4276, 3.0837, 1.3975 ],
					"rotationOrigin": [ -2.5259, -0.1968, 1.345 ],
					"rotationY": 11.0,
					"faces": {
						"north": { "texture": "#chamomile", "uv": [ 1.0, 11.0, 1.5, 16.0 ], "autoUv": false, "windMode": [0,4,4,0] },
						"east": { "texture": "#chamomile", "uv": [ 0.5, 11.0, 1.0, 16.0 ], "autoUv": false, "windMode": [0,4,4,0] },
						"south": { "texture": "#chamomile", "uv": [ 1.0, 11.0, 1.5, 16.0 ], "autoUv": false, "windMode": [0,0,4,4] },
						"west": { "texture": "#chamomile", "uv": [ 0.5, 11.0, 1.0, 16.0 ], "autoUv": false, "windMode": [0,0,4,4] }
					},
					"children": [
						{
							"name": "stem22",
							"from": [ 0.0, 3.2805, 0.0 ],
							"to": [ 0.2296, 6.561, 0.2296 ],
							"rotationOrigin": [ 0.1312, 3.2805, 0.1771 ],
							"faces": {
								"north": { "texture": "#chamomile", "uv": [ 1.0, 7.0, 1.5, 12.0 ], "autoUv": false, "windMode": [4,4,4,4] },
								"east": { "texture": "#chamomile", "uv": [ 0.5, 7.0, 1.0, 12.0 ], "autoUv": false, "windMode": [4,4,4,4] },
								"south": { "texture": "#chamomile", "uv": [ 0.0, 6.5, 0.5, 11.5 ], "autoUv": false, "windMode": [4,4,4,4] },
								"west": { "texture": "#chamomile", "uv": [ 1.0, 6.0, 1.5, 11.0 ], "autoUv": false, "windMode": [4,4,4,4] },
								"up": { "texture": "#chamomile", "uv": [ 0.0, 0.0, 0.5, 0.5 ], "autoUv": false, "windMode": [4,4,4,4] }
							}
						},
						{
							"name": "stemdown41",
							"from": [ 0.0848, 3.2805, -1.0966 ],
							"to": [ 0.0848, 6.561, 1.1998 ],
							"rotationOrigin": [ 0.0848, 3.2805, 0.0844 ],
							"rotationX": -180.0,
							"rotationY": -45.0,
							"rotationZ": -180.0,
							"faces": {
								"east": { "texture": "#chamomile", "uv": [ 5.0, 11.0, 8.5, 16.0 ], "autoUv": false, "windMode": [4,1,1,4] }
							},
							"children": [
								{
									"name": "Cube42",
									"from": [ -1.1154, 0.0, 1.181 ],
									"to": [ 1.181, 3.2805, 1.181 ],
									"rotationOrigin": [ 0.0, 0.0, 1.181 ],
									"faces": {
										"north": { "texture": "#chamomile", "uv": [ 5.0, 10.5, 8.5, 15.5 ], "autoUv": false, "windMode": [4,1,1,4] }
									}
								}
							]
						},
						{
							"name": "stemdown42",
							"from": [ 0.0865, 0.0, -1.0955 ],
							"to": [ 0.0865, 3.2805, 1.2008 ],
							"rotationOrigin": [ 0.0848, 0.0, 0.0844 ],
							"rotationY": -89.9802,
							"faces": {
								"east": { "texture": "#chamomile", "uv": [ 5.0, 11.0, 8.5, 16.0 ], "autoUv": false, "windMode": [0,1,1,0] }
							},
							"children": [
								{
									"name": "Cube43",
									"from": [ -1.1154, 0.0, 1.181 ],
									"to": [ 1.181, 3.2805, 1.181 ],
									"rotationOrigin": [ 0.0, 0.0, 1.181 ],
									"faces": {
										"north": { "texture": "#chamomile", "uv": [ 5.0, 10.5, 8.5, 15.5 ], "autoUv": false, "windMode": [0,1,1,0] }
									}
								}
							]
						},
						{
							"name": "stemtop47",
							"from": [ 0.2096, 6.4298, -0.0671 ],
							"to": [ 0.3737, 7.742, 0.0968 ],
							"rotationOrigin": [ 0.1637, 6.4298, -0.0409 ],
							"rotationX": -48.2267,
							"rotationY": -87.0582,
							"rotationZ": -57.1422,
							"faces": {
								"north": { "texture": "#chamomile", "uv": [ 1.0, 7.0, 1.5, 9.0 ], "autoUv": false, "windMode": [4,4,4,4] },
								"east": { "texture": "#chamomile", "uv": [ 0.5, 7.0, 1.0, 9.0 ], "autoUv": false, "windMode": [4,4,4,4] },
								"south": { "texture": "#chamomile", "uv": [ 0.0, 6.5, 0.5, 8.5 ], "autoUv": false, "windMode": [4,4,4,4] },
								"west": { "texture": "#chamomile", "uv": [ 1.0, 6.0, 1.5, 8.0 ], "autoUv": false, "windMode": [4,4,4,4] },
								"up": { "texture": "#chamomile", "uv": [ 0.0, 0.0, 0.5, 0.5 ], "autoUv": false, "windMode": [4,4,4,4] }
							}
						}
					]
				},
				{
					"name": "flower15",
					"from": [ -3.9694, -0.1968, -3.4249 ],
					"to": [ -3.7398, 3.0837, -3.1952 ],
					"rotationOrigin": [ -3.8381, -0.1968, -3.2476 ],
					"rotationY": 45.0,
					"faces": {
						"north": { "texture": "#chamomile", "uv": [ 1.0, 11.0, 1.5, 16.0 ], "autoUv": false, "windMode": [0,4,4,0] },
						"east": { "texture": "#chamomile", "uv": [ 1.0, 11.0, 1.5, 16.0 ], "autoUv": false, "windMode": [0,4,4,0] },
						"south": { "texture": "#chamomile", "uv": [ 0.5, 11.0, 1.0, 16.0 ], "autoUv": false, "windMode": [0,0,4,4] },
						"west": { "texture": "#chamomile", "uv": [ 0.5, 11.0, 1.0, 16.0 ], "autoUv": false, "windMode": [0,0,4,4] }
					},
					"children": [
						{
							"name": "stemdown40",
							"from": [ 0.0856, 0.0, -1.0959 ],
							"to": [ 0.0856, 3.2805, 1.2004 ],
							"rotationOrigin": [ 0.0848, 0.0, 0.0844 ],
							"rotationY": -89.9802,
							"faces": {
								"east": { "texture": "#chamomile", "uv": [ 5.0, 10.5, 8.5, 15.5 ], "autoUv": false, "windMode": [0,1,1,0] }
							},
							"children": [
								{
									"name": "Cube41",
									"from": [ -1.1154, 0.0, 1.181 ],
									"to": [ 1.181, 3.2805, 1.181 ],
									"rotationOrigin": [ 0.0, 0.0, 1.181 ],
									"faces": {
										"north": { "texture": "#chamomile", "uv": [ 5.0, 10.5, 8.5, 15.5 ], "autoUv": false, "windMode": [0,1,1,0] }
									}
								}
							]
						},
						{
							"name": "stem21",
							"from": [ 0.0, 3.2805, 0.0 ],
							"to": [ 0.2296, 6.561, 0.2296 ],
							"rotationOrigin": [ 0.1312, 3.2805, 0.1771 ],
							"faces": {
								"north": { "texture": "#chamomile", "uv": [ 1.0, 7.0, 1.5, 12.0 ], "autoUv": false, "windMode": [4,4,4,4] },
								"east": { "texture": "#chamomile", "uv": [ 0.5, 7.0, 1.0, 12.0 ], "autoUv": false, "windMode": [4,4,4,4] },
								"south": { "texture": "#chamomile", "uv": [ 0.0, 6.5, 0.5, 11.5 ], "autoUv": false, "windMode": [4,4,4,4] },
								"west": { "texture": "#chamomile", "uv": [ 1.0, 6.0, 1.5, 11.0 ], "autoUv": false, "windMode": [4,4,4,4] },
								"up": { "texture": "#chamomile", "uv": [ 0.0, 0.0, 0.5, 0.5 ], "autoUv": false, "windMode": [4,4,4,4] }
							}
						},
						{
							"name": "stemdown44",
							"from": [ 0.0848, 3.2805, -1.0966 ],
							"to": [ 0.0848, 6.561, 1.1998 ],
							"rotationOrigin": [ 0.0848, 3.2805, 0.0844 ],
							"rotationX": -180.0,
							"rotationY": -45.0,
							"rotationZ": -180.0,
							"faces": {
								"east": { "texture": "#chamomile", "uv": [ 5.0, 10.5, 8.5, 15.5 ], "autoUv": false, "windMode": [4,1,1,4] }
							},
							"children": [
								{
									"name": "Cube45",
									"from": [ -1.1154, 0.0, 1.181 ],
									"to": [ 1.181, 3.2805, 1.181 ],
									"rotationOrigin": [ 0.0, 0.0, 1.181 ],
									"faces": {
										"north": { "texture": "#chamomile", "uv": [ 5.0, 10.5, 8.5, 15.5 ], "autoUv": false, "windMode": [4,1,1,4] }
									}
								}
							]
						},
						{
							"name": "stemtop41",
							"from": [ 0.0652, 6.4298, 0.0509 ],
							"to": [ 0.2293, 7.742, 0.215 ],
							"rotationOrigin": [ 0.1637, 6.4298, -0.0409 ],
							"rotationX": -7.2988,
							"rotationY": -1.5496,
							"rotationZ": 15.9444,
							"faces": {
								"north": { "texture": "#chamomile", "uv": [ 1.0, 7.0, 1.5, 9.0 ], "autoUv": false, "windMode": [4,4,4,4] },
								"east": { "texture": "#chamomile", "uv": [ 0.5, 7.0, 1.0, 9.0 ], "autoUv": false, "windMode": [4,4,4,4] },
								"south": { "texture": "#chamomile", "uv": [ 0.0, 6.5, 0.5, 8.5 ], "autoUv": false, "windMode": [4,4,4,4] },
								"west": { "texture": "#chamomile", "uv": [ 1.0, 6.0, 1.5, 8.0 ], "autoUv": false, "windMode": [4,4,4,4] },
								"up": { "texture": "#chamomile", "uv": [ 0.0, 0.0, 0.5, 0.5 ], "autoUv": false, "windMode": [4,4,4,4] }
							}
						},
						{
							"name": "stembiglower6",
							"from": [ -0.0084, 4.6671, 0.2385 ],
							"to": [ 0.1557, 5.9793, 0.4026 ],
							"rotationOrigin": [ 0.031, 4.864, 0.2385 ],
							"rotationX": 131.7732,
							"rotationY": 87.0581,
							"rotationZ": -100.8577,
							"faces": {
								"north": { "texture": "#chamomile", "uv": [ 1.0, 7.0, 1.5, 9.0 ], "autoUv": false, "windMode": [4,4,4,4] },
								"east": { "texture": "#chamomile", "uv": [ 0.5, 7.0, 1.0, 9.0 ], "autoUv": false, "windMode": [4,4,4,4] },
								"south": { "texture": "#chamomile", "uv": [ 0.0, 6.5, 0.5, 8.5 ], "autoUv": false, "windMode": [4,4,4,4] },
								"west": { "texture": "#chamomile", "uv": [ 1.0, 6.0, 1.5, 8.0 ], "autoUv": false, "windMode": [4,4,4,4] },
								"up": { "texture": "#chamomile", "uv": [ 0.0, 0.0, 0.5, 0.5 ], "autoUv": false, "windMode": [4,4,4,4] }
							},
							"children": [
								{
									"name": "stemtop32",
									"from": [ 0.0295, 1.2697, 0.0132 ],
									"to": [ 0.1607, 1.9258, 0.1444 ],
									"rotationOrigin": [ 0.0886, 1.2697, -0.0328 ],
									"rotationZ": -26.0,
									"faces": {
										"north": { "texture": "#chamomile", "uv": [ 1.0, 7.0, 1.5, 8.0 ], "autoUv": false, "windMode": [4,4,4,4] },
										"east": { "texture": "#chamomile", "uv": [ 0.5, 7.0, 1.0, 8.0 ], "autoUv": false, "windMode": [4,4,4,4] },
										"south": { "texture": "#chamomile", "uv": [ 0.0, 6.5, 0.5, 7.5 ], "autoUv": false, "windMode": [4,4,4,4] },
										"west": { "texture": "#chamomile", "uv": [ 1.0, 6.0, 1.5, 7.0 ], "autoUv": false, "windMode": [4,4,4,4] },
										"up": { "texture": "#chamomile", "uv": [ 0.0, 0.0, 0.5, 0.5 ], "autoUv": false, "windMode": [4,4,4,4] }
									}
								}
							]
						},
						{
							"name": "budstembiglower9",
							"from": [ 1.1285, 6.4298, 0.3739 ],
							"to": [ 1.3909, 6.6922, 0.6364 ],
							"rotationOrigin": [ 0.7019, 5.6707, 0.6156 ],
							"rotationX": 183.65,
							"rotationY": -2.31,
							"rotationZ": -176.57,
							"faces": {
								"north": { "texture": "#chamomile", "uv": [ 2.5, 7.5, 5.0, 10.0 ], "autoUv": false, "windMode": [4,4,4,4] },
								"east": { "texture": "#chamomile", "uv": [ 2.5, 7.5, 5.0, 10.0 ], "autoUv": false, "windMode": [4,4,4,4] },
								"south": { "texture": "#chamomile", "uv": [ 2.5, 7.5, 5.0, 10.0 ], "autoUv": false, "windMode": [4,4,4,4] },
								"west": { "texture": "#chamomile", "uv": [ 2.5, 7.5, 5.0, 10.0 ], "autoUv": false, "windMode": [4,4,4,4] },
								"up": { "texture": "#chamomile", "uv": [ 2.5, 7.5, 5.0, 10.0 ], "autoUv": false, "windMode": [4,4,4,4] }
							},
							"children": [
								{
									"name": "budbase31",
									"from": [ -0.0066, -0.0131, -0.0066 ],
									"to": [ 0.269, 0.0131, 0.269 ],
									"rotationOrigin": [ 0.1214, -0.5017, 0.0132 ],
									"faces": {
										"north": { "texture": "#chamomile", "uv": [ 0.0, 6.0, 1.5, 6.5 ], "autoUv": false, "windMode": [4,4,4,4] },
										"east": { "texture": "#chamomile", "uv": [ 0.0, 8.0, 1.5, 8.5 ], "autoUv": false, "windMode": [4,4,4,4] },
										"south": { "texture": "#chamomile", "uv": [ 0.0, 2.5, 1.5, 3.0 ], "autoUv": false, "windMode": [4,4,4,4] },
										"west": { "texture": "#chamomile", "uv": [ 0.5, 2.5, 2.0, 3.0 ], "autoUv": false, "windMode": [4,4,4,4] },
										"up": { "texture": "#chamomile", "uv": [ 14.5, 3.0, 16.0, 4.5 ], "autoUv": false, "windMode": [4,4,4,4] },
										"down": { "texture": "#chamomile", "uv": [ 0.0, 1.0, 1.5, 2.5 ], "autoUv": false, "windMode": [4,4,4,4] }
									}
								}
							]
						}
					]
				},
				{
					"name": "flower16",
					"from": [ -3.3133, -0.1968, 3.1361 ],
					"to": [ -3.0837, 3.0837, 3.3658 ],
					"rotationOrigin": [ -3.182, -0.1968, 3.3133 ],
					"rotationY": -58.0,
					"faces": {
						"north": { "texture": "#chamomile", "uv": [ 1.0, 11.0, 1.5, 16.0 ], "autoUv": false, "windMode": [0,4,4,0] },
						"east": { "texture": "#chamomile", "uv": [ 1.0, 11.0, 1.5, 16.0 ], "autoUv": false, "windMode": [0,4,4,0] },
						"south": { "texture": "#chamomile", "uv": [ 0.5, 11.0, 1.0, 16.0 ], "autoUv": false, "windMode": [0,0,4,4] },
						"west": { "texture": "#chamomile", "uv": [ 0.5, 11.0, 1.0, 16.0 ], "autoUv": false, "windMode": [0,0,4,4] }
					},
					"children": [
						{
							"name": "stemdown47",
							"from": [ 0.0856, 0.0, -1.0959 ],
							"to": [ 0.0856, 3.2805, 1.2004 ],
							"rotationOrigin": [ 0.0848, 0.0, 0.0844 ],
							"rotationY": -89.9802,
							"faces": {
								"east": { "texture": "#chamomile", "uv": [ 5.0, 10.5, 8.5, 15.5 ], "autoUv": false, "windMode": [0,1,1,0] }
							},
							"children": [
								{
									"name": "Cube48",
									"from": [ -1.1154, 0.0, 1.181 ],
									"to": [ 1.181, 3.2805, 1.181 ],
									"rotationOrigin": [ 0.0, 0.0, 1.181 ],
									"faces": {
										"north": { "texture": "#chamomile", "uv": [ 5.0, 10.5, 8.5, 15.5 ], "autoUv": false, "windMode": [0,1,1,0] }
									}
								}
							]
						},
						{
							"name": "stem23",
							"from": [ 0.0, 3.2805, 0.0 ],
							"to": [ 0.2296, 6.561, 0.2296 ],
							"rotationOrigin": [ 0.1312, 3.2805, 0.1771 ],
							"faces": {
								"north": { "texture": "#chamomile", "uv": [ 1.0, 7.0, 1.5, 12.0 ], "autoUv": false, "windMode": [4,4,4,4] },
								"east": { "texture": "#chamomile", "uv": [ 0.5, 7.0, 1.0, 12.0 ], "autoUv": false, "windMode": [4,4,4,4] },
								"south": { "texture": "#chamomile", "uv": [ 0.0, 6.5, 0.5, 11.5 ], "autoUv": false, "windMode": [4,4,4,4] },
								"west": { "texture": "#chamomile", "uv": [ 1.0, 6.0, 1.5, 11.0 ], "autoUv": false, "windMode": [4,4,4,4] },
								"up": { "texture": "#chamomile", "uv": [ 0.0, 0.0, 0.5, 0.5 ], "autoUv": false, "windMode": [4,4,4,4] }
							}
						},
						{
							"name": "stemdown48",
							"from": [ 0.0848, 3.2805, -1.0966 ],
							"to": [ 0.0848, 6.561, 1.1998 ],
							"rotationOrigin": [ 0.0848, 3.2805, 0.0844 ],
							"rotationX": -180.0,
							"rotationY": -45.0,
							"rotationZ": -180.0,
							"faces": {
								"east": { "texture": "#chamomile", "uv": [ 5.0, 10.5, 8.5, 15.5 ], "autoUv": false, "windMode": [4,1,1,4] }
							},
							"children": [
								{
									"name": "Cube49",
									"from": [ -1.1154, 0.0, 1.181 ],
									"to": [ 1.181, 3.2805, 1.181 ],
									"rotationOrigin": [ 0.0, 0.0, 1.181 ],
									"faces": {
										"north": { "texture": "#chamomile", "uv": [ 5.0, 10.5, 8.5, 15.5 ], "autoUv": false, "windMode": [4,1,1,4] }
									}
								}
							]
						},
						{
							"name": "stemtop45",
							"from": [ 0.0652, 6.4298, 0.0509 ],
							"to": [ 0.2293, 7.742, 0.215 ],
							"rotationOrigin": [ 0.1637, 6.4298, -0.0409 ],
							"rotationX": -7.2988,
							"rotationY": -1.5496,
							"rotationZ": 15.9444,
							"faces": {
								"north": { "texture": "#chamomile", "uv": [ 1.0, 7.0, 1.5, 9.0 ], "autoUv": false, "windMode": [4,4,4,4] },
								"east": { "texture": "#chamomile", "uv": [ 0.5, 7.0, 1.0, 9.0 ], "autoUv": false, "windMode": [4,4,4,4] },
								"south": { "texture": "#chamomile", "uv": [ 0.0, 6.5, 0.5, 8.5 ], "autoUv": false, "windMode": [4,4,4,4] },
								"west": { "texture": "#chamomile", "uv": [ 1.0, 6.0, 1.5, 8.0 ], "autoUv": false, "windMode": [4,4,4,4] },
								"up": { "texture": "#chamomile", "uv": [ 0.0, 0.0, 0.5, 0.5 ], "autoUv": false, "windMode": [4,4,4,4] }
							}
						},
						{
							"name": "stembiglower7",
							"from": [ -0.0084, 4.6671, 0.2385 ],
							"to": [ 0.1557, 5.9793, 0.4026 ],
							"rotationOrigin": [ 0.031, 4.864, 0.2385 ],
							"rotationX": 131.7732,
							"rotationY": 87.0581,
							"rotationZ": -100.8577,
							"faces": {
								"north": { "texture": "#chamomile", "uv": [ 1.0, 7.0, 1.5, 9.0 ], "autoUv": false, "windMode": [4,4,4,4] },
								"east": { "texture": "#chamomile", "uv": [ 0.5, 7.0, 1.0, 9.0 ], "autoUv": false, "windMode": [4,4,4,4] },
								"south": { "texture": "#chamomile", "uv": [ 0.0, 6.5, 0.5, 8.5 ], "autoUv": false, "windMode": [4,4,4,4] },
								"west": { "texture": "#chamomile", "uv": [ 1.0, 6.0, 1.5, 8.0 ], "autoUv": false, "windMode": [4,4,4,4] },
								"up": { "texture": "#chamomile", "uv": [ 0.0, 0.0, 0.5, 0.5 ], "autoUv": false, "windMode": [4,4,4,4] }
							}
						},
						{
							"name": "stemtop49",
							"from": [ 0.0458, 6.1803, 8.0E-4 ],
							"to": [ 0.177, 6.8364, 0.132 ],
							"rotationOrigin": [ 0.1048, 6.1803, -0.0451 ],
							"rotationX": -34.4386,
							"rotationY": 3.9284,
							"rotationZ": 3.9453,
							"faces": {
								"north": { "texture": "#chamomile", "uv": [ 1.0, 7.0, 1.5, 8.0 ], "autoUv": false, "windMode": [4,4,4,4] },
								"east": { "texture": "#chamomile", "uv": [ 0.5, 7.0, 1.0, 8.0 ], "autoUv": false, "windMode": [4,4,4,4] },
								"south": { "texture": "#chamomile", "uv": [ 0.0, 6.5, 0.5, 7.5 ], "autoUv": false, "windMode": [4,4,4,4] },
								"west": { "texture": "#chamomile", "uv": [ 1.0, 6.0, 1.5, 7.0 ], "autoUv": false, "windMode": [4,4,4,4] },
								"up": { "texture": "#chamomile", "uv": [ 0.0, 0.0, 0.5, 0.5 ], "autoUv": false, "windMode": [4,4,4,4] }
							}
						},
						{
							"name": "budstembiglower10",
							"from": [ 0.971, 6.8234, -0.2176 ],
							"to": [ 1.2334, 7.0859, 0.0448 ],
							"rotationOrigin": [ 0.5707, 6.0644, 0.0251 ],
							"rotationX": 144.65,
							"rotationY": -2.31,
							"rotationZ": -176.57,
							"faces": {
								"north": { "texture": "#chamomile", "uv": [ 2.5, 7.5, 5.0, 10.0 ], "autoUv": false, "windMode": [4,4,4,4] },
								"east": { "texture": "#chamomile", "uv": [ 2.5, 7.5, 5.0, 10.0 ], "autoUv": false, "windMode": [4,4,4,4] },
								"south": { "texture": "#chamomile", "uv": [ 2.5, 7.5, 5.0, 10.0 ], "autoUv": false, "windMode": [4,4,4,4] },
								"west": { "texture": "#chamomile", "uv": [ 2.5, 7.5, 5.0, 10.0 ], "autoUv": false, "windMode": [4,4,4,4] },
								"up": { "texture": "#chamomile", "uv": [ 2.5, 7.5, 5.0, 10.0 ], "autoUv": false, "windMode": [4,4,4,4] }
							},
							"children": [
								{
									"name": "budbase35",
									"from": [ -0.0066, -0.0131, -0.0066 ],
									"to": [ 0.269, 0.0131, 0.269 ],
									"rotationOrigin": [ 0.1214, -0.5017, 0.0132 ],
									"faces": {
										"north": { "texture": "#chamomile", "uv": [ 0.0, 6.0, 1.5, 6.5 ], "autoUv": false, "windMode": [4,4,4,4] },
										"east": { "texture": "#chamomile", "uv": [ 0.0, 8.0, 1.5, 8.5 ], "autoUv": false, "windMode": [4,4,4,4] },
										"south": { "texture": "#chamomile", "uv": [ 0.0, 2.5, 1.5, 3.0 ], "autoUv": false, "windMode": [4,4,4,4] },
										"west": { "texture": "#chamomile", "uv": [ 0.5, 2.5, 2.0, 3.0 ], "autoUv": false, "windMode": [4,4,4,4] },
										"up": { "texture": "#chamomile", "uv": [ 14.5, 3.0, 16.0, 4.5 ], "autoUv": false, "windMode": [4,4,4,4] },
										"down": { "texture": "#chamomile", "uv": [ 0.0, 1.0, 1.5, 2.5 ], "autoUv": false, "windMode": [4,4,4,4] }
									}
								}
							]
						},
						{
							"name": "stemtop44",
							"from": [ -0.255, 7.6444, -0.1007 ],
							"to": [ -0.1237, 8.3005, 0.0305 ],
							"rotationOrigin": [ -0.1959, 7.6444, -0.1466 ],
							"rotationX": -7.2988,
							"rotationY": -1.5496,
							"rotationZ": 32.9444,
							"faces": {
								"north": { "texture": "#chamomile", "uv": [ 1.0, 7.0, 1.5, 8.0 ], "autoUv": false, "windMode": [4,4,4,4] },
								"east": { "texture": "#chamomile", "uv": [ 0.5, 7.0, 1.0, 8.0 ], "autoUv": false, "windMode": [4,4,4,4] },
								"south": { "texture": "#chamomile", "uv": [ 0.0, 6.5, 0.5, 7.5 ], "autoUv": false, "windMode": [4,4,4,4] },
								"west": { "texture": "#chamomile", "uv": [ 1.0, 6.0, 1.5, 7.0 ], "autoUv": false, "windMode": [4,4,4,4] },
								"up": { "texture": "#chamomile", "uv": [ 0.0, 0.0, 0.5, 0.5 ], "autoUv": false, "windMode": [4,4,4,4] }
							}
						},
						{
							"name": "stemtop50",
							"from": [ -0.0652, 7.1284, -0.0283 ],
							"to": [ 0.0661, 7.7845, 0.1029 ],
							"rotationOrigin": [ -0.006, 7.1284, -0.0742 ],
							"rotationX": -7.8625,
							"rotationY": 0.0256,
							"rotationZ": -21.0439,
							"faces": {
								"north": { "texture": "#chamomile", "uv": [ 1.0, 7.0, 1.5, 8.0 ], "autoUv": false, "windMode": [4,4,4,4] },
								"east": { "texture": "#chamomile", "uv": [ 0.5, 7.0, 1.0, 8.0 ], "autoUv": false, "windMode": [4,4,4,4] },
								"south": { "texture": "#chamomile", "uv": [ 0.0, 6.5, 0.5, 7.5 ], "autoUv": false, "windMode": [4,4,4,4] },
								"west": { "texture": "#chamomile", "uv": [ 1.0, 6.0, 1.5, 7.0 ], "autoUv": false, "windMode": [4,4,4,4] },
								"up": { "texture": "#chamomile", "uv": [ 0.0, 0.0, 0.5, 0.5 ], "autoUv": false, "windMode": [4,4,4,4] }
							}
						}
					]
				},
				{
					"name": "flower17",
					"from": [ 1.9354, -0.1968, 3.4642 ],
					"to": [ 2.1651, 3.0837, 3.6939 ],
					"rotationOrigin": [ 2.0667, -0.1968, 3.6413 ],
					"rotationY": -58.0,
					"faces": {
						"north": { "texture": "#chamomile", "uv": [ 1.0, 11.0, 1.5, 16.0 ], "autoUv": false, "windMode": [0,4,4,0] },
						"east": { "texture": "#chamomile", "uv": [ 1.0, 11.0, 1.5, 16.0 ], "autoUv": false, "windMode": [0,4,4,0] },
						"south": { "texture": "#chamomile", "uv": [ 0.5, 11.0, 1.0, 16.0 ], "autoUv": false, "windMode": [0,0,4,4] },
						"west": { "texture": "#chamomile", "uv": [ 0.5, 11.0, 1.0, 16.0 ], "autoUv": false, "windMode": [0,0,4,4] }
					},
					"children": [
						{
							"name": "stemdown49",
							"from": [ 0.0856, 0.0, -1.0959 ],
							"to": [ 0.0856, 3.2805, 1.2004 ],
							"rotationOrigin": [ 0.0848, 0.0, 0.0844 ],
							"rotationY": -89.9802,
							"faces": {
								"east": { "texture": "#chamomile", "uv": [ 5.0, 10.5, 8.5, 15.5 ], "autoUv": false, "windMode": [0,1,1,0] }
							},
							"children": [
								{
									"name": "Cube50",
									"from": [ -1.1154, 0.0, 1.181 ],
									"to": [ 1.181, 3.2805, 1.181 ],
									"rotationOrigin": [ 0.0, 0.0, 1.181 ],
									"faces": {
										"north": { "texture": "#chamomile", "uv": [ 5.0, 10.5, 8.5, 15.5 ], "autoUv": false, "windMode": [0,1,1,0] }
									}
								}
							]
						},
						{
							"name": "stem25",
							"from": [ 0.0, 3.2805, 0.0 ],
							"to": [ 0.2296, 6.561, 0.2296 ],
							"rotationOrigin": [ 0.1312, 3.2805, 0.1771 ],
							"faces": {
								"north": { "texture": "#chamomile", "uv": [ 1.0, 7.0, 1.5, 12.0 ], "autoUv": false, "windMode": [4,4,4,4] },
								"east": { "texture": "#chamomile", "uv": [ 0.5, 7.0, 1.0, 12.0 ], "autoUv": false, "windMode": [4,4,4,4] },
								"south": { "texture": "#chamomile", "uv": [ 0.0, 6.5, 0.5, 11.5 ], "autoUv": false, "windMode": [4,4,4,4] },
								"west": { "texture": "#chamomile", "uv": [ 1.0, 6.0, 1.5, 11.0 ], "autoUv": false, "windMode": [4,4,4,4] },
								"up": { "texture": "#chamomile", "uv": [ 0.0, 0.0, 0.5, 0.5 ], "autoUv": false, "windMode": [4,4,4,4] }
							}
						},
						{
							"name": "stemdown50",
							"from": [ 0.0848, 3.2805, -1.0966 ],
							"to": [ 0.0848, 6.561, 1.1998 ],
							"rotationOrigin": [ 0.0848, 3.2805, 0.0844 ],
							"rotationX": -180.0,
							"rotationY": -45.0,
							"rotationZ": -180.0,
							"faces": {
								"east": { "texture": "#chamomile", "uv": [ 5.0, 10.5, 8.5, 15.5 ], "autoUv": false, "windMode": [4,1,1,4] }
							},
							"children": [
								{
									"name": "Cube51",
									"from": [ -1.1154, 0.0, 1.181 ],
									"to": [ 1.181, 3.2805, 1.181 ],
									"rotationOrigin": [ 0.0, 0.0, 1.181 ],
									"faces": {
										"north": { "texture": "#chamomile", "uv": [ 5.0, 10.5, 8.5, 15.5 ], "autoUv": false, "windMode": [4,1,1,4] }
									}
								}
							]
						},
						{
							"name": "stemtop52",
							"from": [ 0.0652, 6.4298, 0.0509 ],
							"to": [ 0.2293, 7.742, 0.215 ],
							"rotationOrigin": [ 0.1637, 6.4298, -0.0409 ],
							"rotationX": -7.2988,
							"rotationY": -1.5496,
							"rotationZ": 15.9444,
							"faces": {
								"north": { "texture": "#chamomile", "uv": [ 1.0, 7.0, 1.5, 9.0 ], "autoUv": false, "windMode": [4,4,4,4] },
								"east": { "texture": "#chamomile", "uv": [ 0.5, 7.0, 1.0, 9.0 ], "autoUv": false, "windMode": [4,4,4,4] },
								"south": { "texture": "#chamomile", "uv": [ 0.0, 6.5, 0.5, 8.5 ], "autoUv": false, "windMode": [4,4,4,4] },
								"west": { "texture": "#chamomile", "uv": [ 1.0, 6.0, 1.5, 8.0 ], "autoUv": false, "windMode": [4,4,4,4] },
								"up": { "texture": "#chamomile", "uv": [ 0.0, 0.0, 0.5, 0.5 ], "autoUv": false, "windMode": [4,4,4,4] }
							}
						},
						{
							"name": "stembiglower8",
							"from": [ -0.0084, 4.6671, 0.2385 ],
							"to": [ 0.1557, 5.9793, 0.4026 ],
							"rotationOrigin": [ 0.031, 4.864, 0.2385 ],
							"rotationX": 131.7732,
							"rotationY": 87.0581,
							"rotationZ": -100.8577,
							"faces": {
								"north": { "texture": "#chamomile", "uv": [ 1.0, 7.0, 1.5, 9.0 ], "autoUv": false, "windMode": [4,4,4,4] },
								"east": { "texture": "#chamomile", "uv": [ 0.5, 7.0, 1.0, 9.0 ], "autoUv": false, "windMode": [4,4,4,4] },
								"south": { "texture": "#chamomile", "uv": [ 0.0, 6.5, 0.5, 8.5 ], "autoUv": false, "windMode": [4,4,4,4] },
								"west": { "texture": "#chamomile", "uv": [ 1.0, 6.0, 1.5, 8.0 ], "autoUv": false, "windMode": [4,4,4,4] },
								"up": { "texture": "#chamomile", "uv": [ 0.0, 0.0, 0.5, 0.5 ], "autoUv": false, "windMode": [4,4,4,4] }
							},
							"children": [
								{
									"name": "stemtop53",
									"from": [ 0.0295, 1.2697, 0.0132 ],
									"to": [ 0.1607, 1.9258, 0.1444 ],
									"rotationOrigin": [ 0.0886, 1.2697, -0.0328 ],
									"rotationZ": -26.0,
									"faces": {
										"north": { "texture": "#chamomile", "uv": [ 1.0, 7.0, 1.5, 8.0 ], "autoUv": false, "windMode": [4,4,4,4] },
										"east": { "texture": "#chamomile", "uv": [ 0.5, 7.0, 1.0, 8.0 ], "autoUv": false, "windMode": [4,4,4,4] },
										"south": { "texture": "#chamomile", "uv": [ 0.0, 6.5, 0.5, 7.5 ], "autoUv": false, "windMode": [4,4,4,4] },
										"west": { "texture": "#chamomile", "uv": [ 1.0, 6.0, 1.5, 7.0 ], "autoUv": false, "windMode": [4,4,4,4] },
										"up": { "texture": "#chamomile", "uv": [ 0.0, 0.0, 0.5, 0.5 ], "autoUv": false, "windMode": [4,4,4,4] }
									}
								}
							]
						},
						{
							"name": "bud26",
							"from": [ -0.0878, 7.782, -0.1397 ],
							"to": [ 0.1746, 8.0445, 0.1228 ],
							"rotationOrigin": [ 0.0337, 7.2804, -0.1264 ],
							"rotationX": -4.55,
							"rotationY": 0.27,
							"rotationZ": -22.65,
							"faces": {
								"north": { "texture": "#chamomile", "uv": [ 2.5, 7.5, 5.0, 10.0 ], "autoUv": false, "windMode": [4,4,4,4] },
								"east": { "texture": "#chamomile", "uv": [ 2.5, 7.5, 5.0, 10.0 ], "autoUv": false, "windMode": [4,4,4,4] },
								"south": { "texture": "#chamomile", "uv": [ 2.5, 7.5, 5.0, 10.0 ], "autoUv": false, "windMode": [4,4,4,4] },
								"west": { "texture": "#chamomile", "uv": [ 2.5, 7.5, 5.0, 10.0 ], "autoUv": false, "windMode": [4,4,4,4] },
								"up": { "texture": "#chamomile", "uv": [ 2.5, 7.5, 5.0, 10.0 ], "autoUv": false, "windMode": [4,4,4,4] }
							},
							"children": [
								{
									"name": "budbase38",
									"from": [ -0.0066, -0.0131, -0.0066 ],
									"to": [ 0.269, 0.0131, 0.269 ],
									"rotationOrigin": [ 0.1214, -0.5017, 0.0132 ],
									"faces": {
										"north": { "texture": "#chamomile", "uv": [ 0.0, 6.0, 1.5, 6.5 ], "autoUv": false, "windMode": [4,4,4,4] },
										"east": { "texture": "#chamomile", "uv": [ 0.0, 8.0, 1.5, 8.5 ], "autoUv": false, "windMode": [4,4,4,4] },
										"south": { "texture": "#chamomile", "uv": [ 0.0, 2.5, 1.5, 3.0 ], "autoUv": false, "windMode": [4,4,4,4] },
										"west": { "texture": "#chamomile", "uv": [ 0.5, 2.5, 2.0, 3.0 ], "autoUv": false, "windMode": [4,4,4,4] },
										"up": { "texture": "#chamomile", "uv": [ 14.5, 3.0, 16.0, 4.5 ], "autoUv": false, "windMode": [4,4,4,4] },
										"down": { "texture": "#chamomile", "uv": [ 0.0, 1.0, 1.5, 2.5 ], "autoUv": false, "windMode": [4,4,4,4] }
									}
								}
							]
						},
						{
							"name": "stemtop57",
							"from": [ -0.0652, 7.1284, -0.0283 ],
							"to": [ 0.0661, 7.7845, 0.1029 ],
							"rotationOrigin": [ -0.006, 7.1284, -0.0742 ],
							"rotationX": -7.8625,
							"rotationY": 0.0256,
							"rotationZ": -21.0439,
							"faces": {
								"north": { "texture": "#chamomile", "uv": [ 1.0, 7.0, 1.5, 8.0 ], "autoUv": false, "windMode": [4,4,4,4] },
								"east": { "texture": "#chamomile", "uv": [ 0.5, 7.0, 1.0, 8.0 ], "autoUv": false, "windMode": [4,4,4,4] },
								"south": { "texture": "#chamomile", "uv": [ 0.0, 6.5, 0.5, 7.5 ], "autoUv": false, "windMode": [4,4,4,4] },
								"west": { "texture": "#chamomile", "uv": [ 1.0, 6.0, 1.5, 7.0 ], "autoUv": false, "windMode": [4,4,4,4] },
								"up": { "texture": "#chamomile", "uv": [ 0.0, 0.0, 0.5, 0.5 ], "autoUv": false, "windMode": [4,4,4,4] }
							}
						}
					]
				},
				{
					"name": "flower18",
					"from": [ -1.345, -0.1968, 0.5117 ],
					"to": [ -1.1154, 3.0837, 0.7414 ],
					"rotationOrigin": [ -1.2137, -0.1968, 0.6889 ],
					"rotationY": -11.0,
					"faces": {
						"north": { "texture": "#chamomile", "uv": [ 1.0, 11.0, 1.5, 16.0 ], "autoUv": false, "windMode": [0,4,4,0] },
						"east": { "texture": "#chamomile", "uv": [ 1.0, 11.0, 1.5, 16.0 ], "autoUv": false, "windMode": [0,4,4,0] },
						"south": { "texture": "#chamomile", "uv": [ 0.5, 11.0, 1.0, 16.0 ], "autoUv": false, "windMode": [0,0,4,4] },
						"west": { "texture": "#chamomile", "uv": [ 0.5, 11.0, 1.0, 16.0 ], "autoUv": false, "windMode": [0,0,4,4] }
					},
					"children": [
						{
							"name": "stemdown51",
							"from": [ 0.0856, 0.0, -1.0959 ],
							"to": [ 0.0856, 3.2805, 1.2004 ],
							"rotationOrigin": [ 0.0848, 0.0, 0.0844 ],
							"rotationY": -89.9802,
							"faces": {
								"east": { "texture": "#chamomile", "uv": [ 5.0, 10.5, 8.5, 15.5 ], "autoUv": false, "windMode": [0,1,1,0] }
							},
							"children": [
								{
									"name": "Cube52",
									"from": [ -1.1154, 0.0, 1.181 ],
									"to": [ 1.181, 3.2805, 1.181 ],
									"rotationOrigin": [ 0.0, 0.0, 1.181 ],
									"faces": {
										"north": { "texture": "#chamomile", "uv": [ 5.0, 10.5, 8.5, 15.5 ], "autoUv": false, "windMode": [0,1,1,0] }
									}
								}
							]
						},
						{
							"name": "stem26",
							"from": [ 0.0, 3.2805, 0.0 ],
							"to": [ 0.2296, 6.561, 0.2296 ],
							"rotationOrigin": [ 0.1312, 3.2805, 0.1771 ],
							"faces": {
								"north": { "texture": "#chamomile", "uv": [ 1.0, 7.0, 1.5, 12.0 ], "autoUv": false, "windMode": [4,4,4,4] },
								"east": { "texture": "#chamomile", "uv": [ 0.5, 7.0, 1.0, 12.0 ], "autoUv": false, "windMode": [4,4,4,4] },
								"south": { "texture": "#chamomile", "uv": [ 0.0, 6.5, 0.5, 11.5 ], "autoUv": false, "windMode": [4,4,4,4] },
								"west": { "texture": "#chamomile", "uv": [ 1.0, 6.0, 1.5, 11.0 ], "autoUv": false, "windMode": [4,4,4,4] },
								"up": { "texture": "#chamomile", "uv": [ 0.0, 0.0, 0.5, 0.5 ], "autoUv": false, "windMode": [4,4,4,4] }
							}
						},
						{
							"name": "stemdown52",
							"from": [ 0.0848, 3.2805, -1.0966 ],
							"to": [ 0.0848, 6.561, 1.1998 ],
							"rotationOrigin": [ 0.0848, 3.2805, 0.0844 ],
							"rotationX": -180.0,
							"rotationY": -45.0,
							"rotationZ": -180.0,
							"faces": {
								"east": { "texture": "#chamomile", "uv": [ 5.0, 10.5, 8.5, 15.5 ], "autoUv": false, "windMode": [4,1,1,4] }
							},
							"children": [
								{
									"name": "Cube53",
									"from": [ -1.1154, 0.0, 1.181 ],
									"to": [ 1.181, 3.2805, 1.181 ],
									"rotationOrigin": [ 0.0, 0.0, 1.181 ],
									"faces": {
										"north": { "texture": "#chamomile", "uv": [ 5.0, 10.5, 8.5, 15.5 ], "autoUv": false, "windMode": [4,1,1,4] }
									}
								}
							]
						},
						{
							"name": "stemtop56",
							"from": [ 0.0652, 6.4298, 0.0509 ],
							"to": [ 0.2293, 7.742, 0.215 ],
							"rotationOrigin": [ 0.1637, 6.4298, -0.0409 ],
							"rotationX": -7.2988,
							"rotationY": -1.5496,
							"rotationZ": 15.9444,
							"faces": {
								"north": { "texture": "#chamomile", "uv": [ 1.0, 7.0, 1.5, 9.0 ], "autoUv": false, "windMode": [4,4,4,4] },
								"east": { "texture": "#chamomile", "uv": [ 0.5, 7.0, 1.0, 9.0 ], "autoUv": false, "windMode": [4,4,4,4] },
								"south": { "texture": "#chamomile", "uv": [ 0.0, 6.5, 0.5, 8.5 ], "autoUv": false, "windMode": [4,4,4,4] },
								"west": { "texture": "#chamomile", "uv": [ 1.0, 6.0, 1.5, 8.0 ], "autoUv": false, "windMode": [4,4,4,4] },
								"up": { "texture": "#chamomile", "uv": [ 0.0, 0.0, 0.5, 0.5 ], "autoUv": false, "windMode": [4,4,4,4] }
							}
						},
						{
							"name": "stembiglower9",
							"from": [ -0.0084, 4.6671, 0.2385 ],
							"to": [ 0.1557, 5.9793, 0.4026 ],
							"rotationOrigin": [ 0.031, 4.864, 0.2385 ],
							"rotationX": 131.7732,
							"rotationY": 87.0581,
							"rotationZ": -100.8577,
							"faces": {
								"north": { "texture": "#chamomile", "uv": [ 1.0, 7.0, 1.5, 9.0 ], "autoUv": false, "windMode": [4,4,4,4] },
								"east": { "texture": "#chamomile", "uv": [ 0.5, 7.0, 1.0, 9.0 ], "autoUv": false, "windMode": [4,4,4,4] },
								"south": { "texture": "#chamomile", "uv": [ 0.0, 6.5, 0.5, 8.5 ], "autoUv": false, "windMode": [4,4,4,4] },
								"west": { "texture": "#chamomile", "uv": [ 1.0, 6.0, 1.5, 8.0 ], "autoUv": false, "windMode": [4,4,4,4] },
								"up": { "texture": "#chamomile", "uv": [ 0.0, 0.0, 0.5, 0.5 ], "autoUv": false, "windMode": [4,4,4,4] }
							},
							"children": [
								{
									"name": "stemtop58",
									"from": [ 0.0295, 1.2697, 0.0132 ],
									"to": [ 0.1607, 1.9258, 0.1444 ],
									"rotationOrigin": [ 0.0886, 1.2697, -0.0328 ],
									"rotationZ": -26.0,
									"faces": {
										"north": { "texture": "#chamomile", "uv": [ 1.0, 7.0, 1.5, 8.0 ], "autoUv": false, "windMode": [4,4,4,4] },
										"east": { "texture": "#chamomile", "uv": [ 0.5, 7.0, 1.0, 8.0 ], "autoUv": false, "windMode": [4,4,4,4] },
										"south": { "texture": "#chamomile", "uv": [ 0.0, 6.5, 0.5, 7.5 ], "autoUv": false, "windMode": [4,4,4,4] },
										"west": { "texture": "#chamomile", "uv": [ 1.0, 6.0, 1.5, 7.0 ], "autoUv": false, "windMode": [4,4,4,4] },
										"up": { "texture": "#chamomile", "uv": [ 0.0, 0.0, 0.5, 0.5 ], "autoUv": false, "windMode": [4,4,4,4] }
									}
								}
							]
						},
						{
							"name": "budstembiglower18",
							"from": [ 1.1285, 6.4298, 0.3739 ],
							"to": [ 1.3909, 6.6922, 0.6364 ],
							"rotationOrigin": [ 0.7019, 5.6707, 0.6156 ],
							"rotationX": 183.65,
							"rotationY": -2.31,
							"rotationZ": -176.57,
							"faces": {
								"north": { "texture": "#chamomile", "uv": [ 2.5, 7.5, 5.0, 10.0 ], "autoUv": false, "windMode": [4,4,4,4] },
								"east": { "texture": "#chamomile", "uv": [ 2.5, 7.5, 5.0, 10.0 ], "autoUv": false, "windMode": [4,4,4,4] },
								"south": { "texture": "#chamomile", "uv": [ 2.5, 7.5, 5.0, 10.0 ], "autoUv": false, "windMode": [4,4,4,4] },
								"west": { "texture": "#chamomile", "uv": [ 2.5, 7.5, 5.0, 10.0 ], "autoUv": false, "windMode": [4,4,4,4] },
								"up": { "texture": "#chamomile", "uv": [ 2.5, 7.5, 5.0, 10.0 ], "autoUv": false, "windMode": [4,4,4,4] }
							},
							"children": [
								{
									"name": "budbase48",
									"from": [ -0.0066, -0.0131, -0.0066 ],
									"to": [ 0.269, 0.0131, 0.269 ],
									"rotationOrigin": [ 0.1214, -0.5017, 0.0132 ],
									"faces": {
										"north": { "texture": "#chamomile", "uv": [ 0.0, 6.0, 1.5, 6.5 ], "autoUv": false, "windMode": [4,4,4,4] },
										"east": { "texture": "#chamomile", "uv": [ 0.0, 8.0, 1.5, 8.5 ], "autoUv": false, "windMode": [4,4,4,4] },
										"south": { "texture": "#chamomile", "uv": [ 0.0, 2.5, 1.5, 3.0 ], "autoUv": false, "windMode": [4,4,4,4] },
										"west": { "texture": "#chamomile", "uv": [ 0.5, 2.5, 2.0, 3.0 ], "autoUv": false, "windMode": [4,4,4,4] },
										"up": { "texture": "#chamomile", "uv": [ 14.5, 3.0, 16.0, 4.5 ], "autoUv": false, "windMode": [4,4,4,4] },
										"down": { "texture": "#chamomile", "uv": [ 0.0, 1.0, 1.5, 2.5 ], "autoUv": false, "windMode": [4,4,4,4] }
									}
								}
							]
						},
						{
							"name": "stemtop55",
							"from": [ -0.255, 7.6444, -0.1007 ],
							"to": [ -0.1237, 8.3005, 0.0305 ],
							"rotationOrigin": [ -0.1959, 7.6444, -0.1466 ],
							"rotationX": -7.2988,
							"rotationY": -1.5496,
							"rotationZ": 32.9444,
							"faces": {
								"north": { "texture": "#chamomile", "uv": [ 1.0, 7.0, 1.5, 8.0 ], "autoUv": false, "windMode": [4,4,4,4] },
								"east": { "texture": "#chamomile", "uv": [ 0.5, 7.0, 1.0, 8.0 ], "autoUv": false, "windMode": [4,4,4,4] },
								"south": { "texture": "#chamomile", "uv": [ 0.0, 6.5, 0.5, 7.5 ], "autoUv": false, "windMode": [4,4,4,4] },
								"west": { "texture": "#chamomile", "uv": [ 1.0, 6.0, 1.5, 7.0 ], "autoUv": false, "windMode": [4,4,4,4] },
								"up": { "texture": "#chamomile", "uv": [ 0.0, 0.0, 0.5, 0.5 ], "autoUv": false, "windMode": [4,4,4,4] }
							}
						}
					]
				},
				{
					"name": "flower19",
					"from": [ 3.9037, -0.1968, 1.1678 ],
					"to": [ 4.1334, 3.0837, 1.3975 ],
					"rotationOrigin": [ 4.035, -0.1968, 1.345 ],
					"rotationY": -180.0,
					"faces": {
						"north": { "texture": "#chamomile", "uv": [ 1.0, 11.0, 1.5, 16.0 ], "autoUv": false, "windMode": [0,4,4,0] },
						"east": { "texture": "#chamomile", "uv": [ 1.0, 11.0, 1.5, 16.0 ], "autoUv": false, "windMode": [0,4,4,0] },
						"south": { "texture": "#chamomile", "uv": [ 0.5, 11.0, 1.0, 16.0 ], "autoUv": false, "windMode": [0,0,4,4] },
						"west": { "texture": "#chamomile", "uv": [ 0.5, 11.0, 1.0, 16.0 ], "autoUv": false, "windMode": [0,0,4,4] }
					},
					"children": [
						{
							"name": "stemdown53",
							"from": [ 0.0856, 0.0, -1.0959 ],
							"to": [ 0.0856, 3.2805, 1.2004 ],
							"rotationOrigin": [ 0.0848, 0.0, 0.0844 ],
							"rotationY": -89.9802,
							"faces": {
								"east": { "texture": "#chamomile", "uv": [ 5.0, 10.5, 8.5, 15.5 ], "autoUv": false, "windMode": [0,1,1,0] }
							},
							"children": [
								{
									"name": "Cube54",
									"from": [ -1.1154, 0.0, 1.181 ],
									"to": [ 1.181, 3.2805, 1.181 ],
									"rotationOrigin": [ 0.0, 0.0, 1.181 ],
									"faces": {
										"north": { "texture": "#chamomile", "uv": [ 5.0, 10.5, 8.5, 15.5 ], "autoUv": false, "windMode": [0,1,1,0] }
									}
								}
							]
						},
						{
							"name": "stem27",
							"from": [ 0.0, 3.2805, 0.0 ],
							"to": [ 0.2296, 6.561, 0.2296 ],
							"rotationOrigin": [ 0.1312, 3.2805, 0.1771 ],
							"faces": {
								"north": { "texture": "#chamomile", "uv": [ 1.0, 7.0, 1.5, 12.0 ], "autoUv": false, "windMode": [4,4,4,4] },
								"east": { "texture": "#chamomile", "uv": [ 0.5, 7.0, 1.0, 12.0 ], "autoUv": false, "windMode": [4,4,4,4] },
								"south": { "texture": "#chamomile", "uv": [ 0.0, 6.5, 0.5, 11.5 ], "autoUv": false, "windMode": [4,4,4,4] },
								"west": { "texture": "#chamomile", "uv": [ 1.0, 6.0, 1.5, 11.0 ], "autoUv": false, "windMode": [4,4,4,4] },
								"up": { "texture": "#chamomile", "uv": [ 0.0, 0.0, 0.5, 0.5 ], "autoUv": false, "windMode": [4,4,4,4] }
							}
						},
						{
							"name": "stemdown54",
							"from": [ 0.0848, 3.2805, -1.0966 ],
							"to": [ 0.0848, 6.561, 1.1998 ],
							"rotationOrigin": [ 0.0848, 3.2805, 0.0844 ],
							"rotationX": -180.0,
							"rotationY": -45.0,
							"rotationZ": -180.0,
							"faces": {
								"east": { "texture": "#chamomile", "uv": [ 5.0, 10.5, 8.5, 15.5 ], "autoUv": false, "windMode": [4,1,1,4] }
							},
							"children": [
								{
									"name": "Cube55",
									"from": [ -1.1154, 0.0, 1.181 ],
									"to": [ 1.181, 3.2805, 1.181 ],
									"rotationOrigin": [ 0.0, 0.0, 1.181 ],
									"faces": {
										"north": { "texture": "#chamomile", "uv": [ 5.0, 10.5, 8.5, 15.5 ], "autoUv": false, "windMode": [4,1,1,4] }
									}
								}
							]
						},
						{
							"name": "stemtop62",
							"from": [ 0.0652, 6.4298, 0.0509 ],
							"to": [ 0.2293, 7.742, 0.215 ],
							"rotationOrigin": [ 0.1637, 6.4298, -0.0409 ],
							"rotationX": -7.2988,
							"rotationY": -1.5496,
							"rotationZ": 15.9444,
							"faces": {
								"north": { "texture": "#chamomile", "uv": [ 1.0, 7.0, 1.5, 9.0 ], "autoUv": false, "windMode": [4,4,4,4] },
								"east": { "texture": "#chamomile", "uv": [ 0.5, 7.0, 1.0, 9.0 ], "autoUv": false, "windMode": [4,4,4,4] },
								"south": { "texture": "#chamomile", "uv": [ 0.0, 6.5, 0.5, 8.5 ], "autoUv": false, "windMode": [4,4,4,4] },
								"west": { "texture": "#chamomile", "uv": [ 1.0, 6.0, 1.5, 8.0 ], "autoUv": false, "windMode": [4,4,4,4] },
								"up": { "texture": "#chamomile", "uv": [ 0.0, 0.0, 0.5, 0.5 ], "autoUv": false, "windMode": [4,4,4,4] }
							}
						},
						{
							"name": "stembiglower10",
							"from": [ -0.0084, 4.6671, 0.2385 ],
							"to": [ 0.1557, 5.9793, 0.4026 ],
							"rotationOrigin": [ 0.031, 4.864, 0.2385 ],
							"rotationX": 131.7732,
							"rotationY": 87.0581,
							"rotationZ": -100.8577,
							"faces": {
								"north": { "texture": "#chamomile", "uv": [ 1.0, 7.0, 1.5, 9.0 ], "autoUv": false, "windMode": [4,4,4,4] },
								"east": { "texture": "#chamomile", "uv": [ 0.5, 7.0, 1.0, 9.0 ], "autoUv": false, "windMode": [4,4,4,4] },
								"south": { "texture": "#chamomile", "uv": [ 0.0, 6.5, 0.5, 8.5 ], "autoUv": false, "windMode": [4,4,4,4] },
								"west": { "texture": "#chamomile", "uv": [ 1.0, 6.0, 1.5, 8.0 ], "autoUv": false, "windMode": [4,4,4,4] },
								"up": { "texture": "#chamomile", "uv": [ 0.0, 0.0, 0.5, 0.5 ], "autoUv": false, "windMode": [4,4,4,4] }
							}
						},
						{
							"name": "bud31",
							"from": [ -0.4207, 8.2656, -0.2091 ],
							"to": [ -0.1582, 8.528, 0.0534 ],
							"rotationOrigin": [ -0.2992, 7.7639, -0.1959 ],
							"rotationX": -5.5493,
							"rotationY": 1.2739,
							"rotationZ": 31.351,
							"faces": {
								"north": { "texture": "#chamomile", "uv": [ 2.5, 7.5, 5.0, 10.0 ], "autoUv": false, "windMode": [4,4,4,4] },
								"east": { "texture": "#chamomile", "uv": [ 2.5, 7.5, 5.0, 10.0 ], "autoUv": false, "windMode": [4,4,4,4] },
								"south": { "texture": "#chamomile", "uv": [ 2.5, 7.5, 5.0, 10.0 ], "autoUv": false, "windMode": [4,4,4,4] },
								"west": { "texture": "#chamomile", "uv": [ 2.5, 7.5, 5.0, 10.0 ], "autoUv": false, "windMode": [4,4,4,4] },
								"up": { "texture": "#chamomile", "uv": [ 2.5, 7.5, 5.0, 10.0 ], "autoUv": false, "windMode": [4,4,4,4] }
							},
							"children": [
								{
									"name": "budbase49",
									"from": [ -0.0066, -0.0131, -0.0066 ],
									"to": [ 0.269, 0.0131, 0.269 ],
									"rotationOrigin": [ 0.1214, -0.5017, 0.0132 ],
									"faces": {
										"north": { "texture": "#chamomile", "uv": [ 0.0, 6.0, 1.5, 6.5 ], "autoUv": false, "windMode": [4,4,4,4] },
										"east": { "texture": "#chamomile", "uv": [ 0.0, 8.0, 1.5, 8.5 ], "autoUv": false, "windMode": [4,4,4,4] },
										"south": { "texture": "#chamomile", "uv": [ 0.0, 2.5, 1.5, 3.0 ], "autoUv": false, "windMode": [4,4,4,4] },
										"west": { "texture": "#chamomile", "uv": [ 0.5, 2.5, 2.0, 3.0 ], "autoUv": false, "windMode": [4,4,4,4] },
										"up": { "texture": "#chamomile", "uv": [ 14.5, 3.0, 16.0, 4.5 ], "autoUv": false, "windMode": [4,4,4,4] },
										"down": { "texture": "#chamomile", "uv": [ 0.0, 1.0, 1.5, 2.5 ], "autoUv": false, "windMode": [4,4,4,4] }
									}
								}
							]
						},
						{
							"name": "stemtop61",
							"from": [ -0.255, 7.6444, -0.1007 ],
							"to": [ -0.1237, 8.3005, 0.0305 ],
							"rotationOrigin": [ -0.1959, 7.6444, -0.1466 ],
							"rotationX": -7.2988,
							"rotationY": -1.5496,
							"rotationZ": 32.9444,
							"faces": {
								"north": { "texture": "#chamomile", "uv": [ 1.0, 7.0, 1.5, 8.0 ], "autoUv": false, "windMode": [4,4,4,4] },
								"east": { "texture": "#chamomile", "uv": [ 0.5, 7.0, 1.0, 8.0 ], "autoUv": false, "windMode": [4,4,4,4] },
								"south": { "texture": "#chamomile", "uv": [ 0.0, 6.5, 0.5, 7.5 ], "autoUv": false, "windMode": [4,4,4,4] },
								"west": { "texture": "#chamomile", "uv": [ 1.0, 6.0, 1.5, 7.0 ], "autoUv": false, "windMode": [4,4,4,4] },
								"up": { "texture": "#chamomile", "uv": [ 0.0, 0.0, 0.5, 0.5 ], "autoUv": false, "windMode": [4,4,4,4] }
							}
						},
						{
							"name": "stemtop65",
							"from": [ -0.0652, 7.1284, -0.0283 ],
							"to": [ 0.0661, 7.7845, 0.1029 ],
							"rotationOrigin": [ -0.006, 7.1284, -0.0742 ],
							"rotationX": -7.8625,
							"rotationY": 0.0256,
							"rotationZ": -21.0439,
							"faces": {
								"north": { "texture": "#chamomile", "uv": [ 1.0, 7.0, 1.5, 8.0 ], "autoUv": false, "windMode": [4,4,4,4] },
								"east": { "texture": "#chamomile", "uv": [ 0.5, 7.0, 1.0, 8.0 ], "autoUv": false, "windMode": [4,4,4,4] },
								"south": { "texture": "#chamomile", "uv": [ 0.0, 6.5, 0.5, 7.5 ], "autoUv": false, "windMode": [4,4,4,4] },
								"west": { "texture": "#chamomile", "uv": [ 1.0, 6.0, 1.5, 7.0 ], "autoUv": false, "windMode": [4,4,4,4] },
								"up": { "texture": "#chamomile", "uv": [ 0.0, 0.0, 0.5, 0.5 ], "autoUv": false, "windMode": [4,4,4,4] }
							}
						}
					]
				},
				{
					"name": "flower2",
					"from": [ -0.6889, -0.1968, 2.48 ],
					"to": [ -0.4593, 3.0837, 2.7097 ],
					"rotationOrigin": [ -0.5576, -0.1968, 2.6572 ],
					"rotationY": 127.0,
					"faces": {
						"north": { "texture": "#chamomile", "uv": [ 1.0, 11.0, 1.5, 16.0 ], "autoUv": false, "windMode": [0,4,4,0] },
						"east": { "texture": "#chamomile", "uv": [ 1.0, 11.0, 1.5, 16.0 ], "autoUv": false, "windMode": [0,4,4,0] },
						"south": { "texture": "#chamomile", "uv": [ 0.5, 11.0, 1.0, 16.0 ], "autoUv": false, "windMode": [0,0,4,4] },
						"west": { "texture": "#chamomile", "uv": [ 0.5, 11.0, 1.0, 16.0 ], "autoUv": false, "windMode": [0,0,4,4] }
					},
					"children": [
						{
							"name": "stemdown30",
							"from": [ 0.0856, 0.0, -1.0959 ],
							"to": [ 0.0856, 3.2805, 1.2004 ],
							"rotationOrigin": [ 0.0848, 0.0, 0.0844 ],
							"rotationY": -89.9802,
							"faces": {
								"east": { "texture": "#chamomile", "uv": [ 5.0, 10.5, 8.5, 15.5 ], "autoUv": false, "windMode": [0,1,1,0] }
							},
							"children": [
								{
									"name": "Cube31",
									"from": [ -1.1154, 0.0, 1.181 ],
									"to": [ 1.181, 3.2805, 1.181 ],
									"rotationOrigin": [ 0.0, 0.0, 1.181 ],
									"faces": {
										"north": { "texture": "#chamomile", "uv": [ 5.0, 10.5, 8.5, 15.5 ], "autoUv": false, "windMode": [0,1,1,0] }
									}
								}
							]
						},
						{
							"name": "stem14",
							"from": [ 0.0, 3.2805, 0.0 ],
							"to": [ 0.2296, 6.561, 0.2296 ],
							"rotationOrigin": [ 0.1312, 3.2805, 0.1771 ],
							"faces": {
								"north": { "texture": "#chamomile", "uv": [ 1.0, 7.0, 1.5, 12.0 ], "autoUv": false, "windMode": [4,4,4,4] },
								"east": { "texture": "#chamomile", "uv": [ 0.5, 7.0, 1.0, 12.0 ], "autoUv": false, "windMode": [4,4,4,4] },
								"south": { "texture": "#chamomile", "uv": [ 0.0, 6.5, 0.5, 11.5 ], "autoUv": false, "windMode": [4,4,4,4] },
								"west": { "texture": "#chamomile", "uv": [ 1.0, 6.0, 1.5, 11.0 ], "autoUv": false, "windMode": [4,4,4,4] },
								"up": { "texture": "#chamomile", "uv": [ 0.0, 0.0, 0.5, 0.5 ], "autoUv": false, "windMode": [4,4,4,4] }
							}
						},
						{
							"name": "stemdown31",
							"from": [ 0.0848, 3.2805, -1.0966 ],
							"to": [ 0.0848, 6.561, 1.1998 ],
							"rotationOrigin": [ 0.0848, 3.2805, 0.0844 ],
							"rotationX": -180.0,
							"rotationY": -45.0,
							"rotationZ": -180.0,
							"faces": {
								"east": { "texture": "#chamomile", "uv": [ 5.0, 10.5, 8.5, 15.5 ], "autoUv": false, "windMode": [4,1,1,4] }
							},
							"children": [
								{
									"name": "Cube32",
									"from": [ -1.1154, 0.0, 1.181 ],
									"to": [ 1.181, 3.2805, 1.181 ],
									"rotationOrigin": [ 0.0, 0.0, 1.181 ],
									"faces": {
										"north": { "texture": "#chamomile", "uv": [ 5.0, 10.5, 8.5, 15.5 ], "autoUv": false, "windMode": [4,1,1,4] }
									}
								}
							]
						},
						{
							"name": "stemtop9",
							"from": [ 0.0652, 6.4298, 0.0509 ],
							"to": [ 0.2293, 7.742, 0.215 ],
							"rotationOrigin": [ 0.1637, 6.4298, -0.0409 ],
							"rotationX": -7.2988,
							"rotationY": -1.5496,
							"rotationZ": 15.9444,
							"faces": {
								"north": { "texture": "#chamomile", "uv": [ 1.0, 7.0, 1.5, 9.0 ], "autoUv": false, "windMode": [4,4,4,4] },
								"east": { "texture": "#chamomile", "uv": [ 0.5, 7.0, 1.0, 9.0 ], "autoUv": false, "windMode": [4,4,4,4] },
								"south": { "texture": "#chamomile", "uv": [ 0.0, 6.5, 0.5, 8.5 ], "autoUv": false, "windMode": [4,4,4,4] },
								"west": { "texture": "#chamomile", "uv": [ 1.0, 6.0, 1.5, 8.0 ], "autoUv": false, "windMode": [4,4,4,4] },
								"up": { "texture": "#chamomile", "uv": [ 0.0, 0.0, 0.5, 0.5 ], "autoUv": false, "windMode": [4,4,4,4] }
							}
						},
						{
							"name": "stembiglower2",
							"from": [ -0.0084, 4.6671, 0.2385 ],
							"to": [ 0.1557, 5.9793, 0.4026 ],
							"rotationOrigin": [ 0.031, 4.864, 0.2385 ],
							"rotationX": 131.7732,
							"rotationY": 87.0581,
							"rotationZ": -100.8577,
							"faces": {
								"north": { "texture": "#chamomile", "uv": [ 1.0, 7.0, 1.5, 9.0 ], "autoUv": false, "windMode": [4,4,4,4] },
								"east": { "texture": "#chamomile", "uv": [ 0.5, 7.0, 1.0, 9.0 ], "autoUv": false, "windMode": [4,4,4,4] },
								"south": { "texture": "#chamomile", "uv": [ 0.0, 6.5, 0.5, 8.5 ], "autoUv": false, "windMode": [4,4,4,4] },
								"west": { "texture": "#chamomile", "uv": [ 1.0, 6.0, 1.5, 8.0 ], "autoUv": false, "windMode": [4,4,4,4] },
								"up": { "texture": "#chamomile", "uv": [ 0.0, 0.0, 0.5, 0.5 ], "autoUv": false, "windMode": [4,4,4,4] }
							}
						}
					]
				}
			]
		}
	]}