{
	"editor": {
		"collapsedPaths": ",Root/origin/flower2,Root/origin/flower4,Root/origin/flower6,Root/origin/flower5,Root/origin/stemdown5,Root/origin/stemdown4,Root/origin/stemdown3,Root/origin/stemdown2,Root/origin2/stemtop5,Root/origin/stemdown28,Root/origin/stemdown26,Root/origin/budorigin3/bud7,Root/origin/stemdown25,Root/origin2,Root/origin/stemdown22,Root/origin/stemdown21,Root/origin/flower10,Root/origin/flower14,Root/origin/flower15,Root/origin/flower12,Root/origin/flower18,Root/origin/flower19,Root/origin/flower16,Root/origin/flower17,Root/origin/flower,Root/origin/stemtop9,Root/origin/stemtop5,Root/origin/budstembiglower,Root/origin/stemdown30,Root/origin/bud5,Root/origin/flower4/cham4/bud19,Root/origin/flower14/stemdown2,Root/origin/bud,Root/origin/flower2/stemdown32,Root/origin/bud4,Root/origin/bud3,Root/origin/bud2,Root/origin/flower7,Root/origin/flower5/stemtop35,Root/origin/flower9,Root/origin/flower5/stembiglower5/budstembiglower5",
		"allAngles": true,
		"entityTextureMode": false
	},
	"textureWidth": 16,
	"textureHeight": 16,
	"textureSizes": {
		"chamomile": [16,16]
	},
	"textures": {
	},
	"elements": [
		{
			"name": "origin",
			"from": [ 8.0, 0.0, 8.0 ],
			"to": [ 8.0, 0.0, 8.0 ],
			"rotationOrigin": [ 8.0, 0.0, 8.0 ],
			"faces": {
			},
			"children": [
				{
					"name": "flower14",
					"from": [ 0.9327, -0.1435, -2.0184 ],
					"to": [ 1.1001, 2.248, -1.851 ],
					"rotationOrigin": [ 1.0282, -0.1435, -1.8893 ],
					"rotationY": 45.0,
					"faces": {
						"north": { "texture": "#chamomile", "uv": [ 1.0, 11.0, 1.5, 16.0 ], "autoUv": false, "windMode": [0,4,4,0] },
						"east": { "texture": "#chamomile", "uv": [ 1.0, 11.0, 1.5, 16.0 ], "autoUv": false, "windMode": [0,4,4,0] },
						"south": { "texture": "#chamomile", "uv": [ 0.5, 11.0, 1.0, 16.0 ], "autoUv": false, "windMode": [0,0,4,4] },
						"west": { "texture": "#chamomile", "uv": [ 0.5, 11.0, 1.0, 16.0 ], "autoUv": false, "windMode": [0,0,4,4] }
					},
					"children": [
						{
							"name": "stemdown2",
							"from": [ 0.0634, 0.0, -0.7996 ],
							"to": [ 0.0634, 2.3915, 0.8743 ],
							"rotationOrigin": [ 0.0618, 0.0, 0.0616 ],
							"rotationY": -89.9802,
							"faces": {
								"east": { "texture": "#chamomile", "uv": [ 5.0, 10.5, 8.5, 15.5 ], "autoUv": false, "windMode": [0,1,1,0] }
							},
							"children": [
								{
									"name": "Cube2",
									"from": [ -0.8131, 0.0, 0.8609 ],
									"to": [ 0.8609, 2.3915, 0.8609 ],
									"rotationOrigin": [ 0.0, 0.0, 0.8609 ],
									"faces": {
										"north": { "texture": "#chamomile", "uv": [ 5.0, 11.0, 8.5, 16.0 ], "autoUv": false, "windMode": [0,1,1,0] }
									}
								}
							]
						},
						{
							"name": "stem10",
							"from": [ 0.0, 2.3915, 0.0 ],
							"to": [ 0.1673, 3.235, 0.1673 ],
							"rotationOrigin": [ 0.0957, 2.3915, 0.1291 ],
							"faces": {
								"north": { "texture": "#chamomile", "uv": [ 1.0, 7.0, 1.5, 12.0 ], "autoUv": false, "windMode": [4,4,4,4] },
								"east": { "texture": "#chamomile", "uv": [ 0.5, 7.0, 1.0, 12.0 ], "autoUv": false, "windMode": [4,4,4,4] },
								"south": { "texture": "#chamomile", "uv": [ 0.0, 6.5, 0.5, 11.5 ], "autoUv": false, "windMode": [4,4,4,4] },
								"west": { "texture": "#chamomile", "uv": [ 1.0, 6.0, 1.5, 11.0 ], "autoUv": false, "windMode": [4,4,4,4] },
								"up": { "texture": "#chamomile", "uv": [ 0.0, 0.0, 0.5, 0.5 ], "autoUv": false, "windMode": [4,4,4,4] }
							}
						},
						{
							"name": "stemdown5",
							"from": [ 0.0618, 2.3915, -0.7994 ],
							"to": [ 0.0618, 3.154, 0.8746 ],
							"rotationOrigin": [ 0.0618, 2.3915, 0.0616 ],
							"rotationX": -180.0,
							"rotationY": -45.0,
							"rotationZ": -180.0,
							"faces": {
								"east": { "texture": "#chamomile", "uv": [ 5.0, 14.0, 8.5, 15.5 ], "autoUv": false, "windMode": [4,1,1,4] }
							},
							"children": [
								{
									"name": "Cube5",
									"from": [ -0.8131, 0.0, 0.8609 ],
									"to": [ 0.8609, 0.7625, 0.8609 ],
									"rotationOrigin": [ 0.0, 0.0, 0.8609 ],
									"faces": {
										"north": { "texture": "#chamomile", "uv": [ 5.0, 14.0, 8.5, 16.0 ], "autoUv": false, "windMode": [4,1,1,4] }
									}
								}
							]
						}
					]
				},
				{
					"name": "flower9",
					"from": [ 2.8459, -0.1435, -2.975 ],
					"to": [ 3.0133, 2.248, -2.8076 ],
					"rotationOrigin": [ 2.9415, -0.1435, -2.8459 ],
					"rotationY": 45.0,
					"faces": {
						"north": { "texture": "#chamomile", "uv": [ 1.0, 11.0, 1.5, 16.0 ], "autoUv": false, "windMode": [0,4,4,0] },
						"east": { "texture": "#chamomile", "uv": [ 0.5, 11.0, 1.0, 16.0 ], "autoUv": false, "windMode": [0,4,4,0] },
						"south": { "texture": "#chamomile", "uv": [ 1.0, 11.0, 1.5, 16.0 ], "autoUv": false, "windMode": [0,0,4,4] },
						"west": { "texture": "#chamomile", "uv": [ 0.5, 11.0, 1.0, 16.0 ], "autoUv": false, "windMode": [0,0,4,4] }
					},
					"children": [
						{
							"name": "stem11",
							"from": [ 0.0, 2.3915, 0.0 ],
							"to": [ 0.1673, 3.478, 0.1673 ],
							"rotationOrigin": [ 0.0957, 2.3915, 0.1291 ],
							"faces": {
								"north": { "texture": "#chamomile", "uv": [ 1.0, 7.0, 1.5, 12.0 ], "autoUv": false, "windMode": [4,4,4,4] },
								"east": { "texture": "#chamomile", "uv": [ 0.5, 7.0, 1.0, 12.0 ], "autoUv": false, "windMode": [4,4,4,4] },
								"south": { "texture": "#chamomile", "uv": [ 0.0, 6.5, 0.5, 11.5 ], "autoUv": false, "windMode": [4,4,4,4] },
								"west": { "texture": "#chamomile", "uv": [ 1.0, 6.0, 1.5, 11.0 ], "autoUv": false, "windMode": [4,4,4,4] },
								"up": { "texture": "#chamomile", "uv": [ 0.0, 0.0, 0.5, 0.5 ], "autoUv": false, "windMode": [4,4,4,4] }
							}
						},
						{
							"name": "stemdown28",
							"from": [ 0.0618, 2.3915, -0.7994 ],
							"to": [ 0.0618, 3.397, 0.8746 ],
							"rotationOrigin": [ 0.0618, 2.3915, 0.0616 ],
							"rotationX": -180.0,
							"rotationY": -45.0,
							"rotationZ": -180.0,
							"faces": {
								"east": { "texture": "#chamomile", "uv": [ 5.0, 14.0, 8.5, 16.0 ], "autoUv": false, "windMode": [4,1,1,4] }
							},
							"children": [
								{
									"name": "Cube29",
									"from": [ -0.8131, 0.0, 0.8609 ],
									"to": [ 0.8609, 1.0055, 0.8609 ],
									"rotationOrigin": [ 0.0, 0.0, 0.8609 ],
									"faces": {
										"north": { "texture": "#chamomile", "uv": [ 5.0, 13.0, 8.5, 15.5 ], "autoUv": false, "windMode": [4,1,1,4] }
									}
								}
							]
						},
						{
							"name": "stemdown25",
							"from": [ 0.063, 0.0, -0.7986 ],
							"to": [ 0.063, 2.3915, 0.8753 ],
							"rotationOrigin": [ 0.0618, 0.0, 0.0616 ],
							"rotationY": -89.9802,
							"faces": {
								"east": { "texture": "#chamomile", "uv": [ 5.0, 11.0, 8.5, 16.0 ], "autoUv": false, "windMode": [0,1,1,0] }
							},
							"children": [
								{
									"name": "Cube26",
									"from": [ -0.8131, 0.0, 0.8609 ],
									"to": [ 0.8609, 2.3915, 0.8609 ],
									"rotationOrigin": [ 0.0, 0.0, 0.8609 ],
									"faces": {
										"north": { "texture": "#chamomile", "uv": [ 5.0, 10.5, 8.5, 15.5 ], "autoUv": false, "windMode": [0,1,1,0] }
									}
								}
							]
						}
					]
				},
				{
					"name": "flower",
					"from": [ 1.8893, -0.1435, -0.3444 ],
					"to": [ 2.0567, 2.248, -0.1769 ],
					"rotationOrigin": [ 1.9849, -0.1435, -0.2152 ],
					"rotationY": 45.0,
					"faces": {
						"north": { "texture": "#chamomile", "uv": [ 1.0, 11.0, 1.5, 16.0 ], "autoUv": false, "windMode": [0,4,4,0] },
						"east": { "texture": "#chamomile", "uv": [ 1.0, 11.0, 1.5, 16.0 ], "autoUv": false, "windMode": [0,4,4,0] },
						"south": { "texture": "#chamomile", "uv": [ 0.5, 11.0, 1.0, 16.0 ], "autoUv": false, "windMode": [0,0,4,4] },
						"west": { "texture": "#chamomile", "uv": [ 0.5, 11.0, 1.0, 16.0 ], "autoUv": false, "windMode": [0,0,4,4] }
					},
					"children": [
						{
							"name": "stemdown26",
							"from": [ 0.0624, 0.0, -0.7989 ],
							"to": [ 0.0624, 2.3915, 0.8752 ],
							"rotationOrigin": [ 0.0618, 0.0, 0.0616 ],
							"rotationY": -89.9802,
							"faces": {
								"east": { "texture": "#chamomile", "uv": [ 5.0, 10.5, 8.5, 15.5 ], "autoUv": false, "windMode": [0,1,1,0] }
							},
							"children": [
								{
									"name": "Cube27",
									"from": [ -0.8131, 0.0, 0.8609 ],
									"to": [ 0.8609, 2.3915, 0.8609 ],
									"rotationOrigin": [ 0.0, 0.0, 0.8609 ],
									"faces": {
										"north": { "texture": "#chamomile", "uv": [ 5.0, 10.5, 8.5, 15.5 ], "autoUv": false, "windMode": [0,1,1,0] }
									}
								}
							]
						},
						{
							"name": "stem12",
							"from": [ 0.0, 2.3915, 0.0 ],
							"to": [ 0.1673, 3.397, 0.1673 ],
							"rotationOrigin": [ 0.0957, 2.3915, 0.1291 ],
							"faces": {
								"north": { "texture": "#chamomile", "uv": [ 1.0, 7.0, 1.5, 12.0 ], "autoUv": false, "windMode": [4,4,4,4] },
								"east": { "texture": "#chamomile", "uv": [ 0.5, 7.0, 1.0, 12.0 ], "autoUv": false, "windMode": [4,4,4,4] },
								"south": { "texture": "#chamomile", "uv": [ 0.0, 6.5, 0.5, 11.5 ], "autoUv": false, "windMode": [4,4,4,4] },
								"west": { "texture": "#chamomile", "uv": [ 1.0, 6.0, 1.5, 11.0 ], "autoUv": false, "windMode": [4,4,4,4] },
								"up": { "texture": "#chamomile", "uv": [ 0.0, 0.0, 0.5, 0.5 ], "autoUv": false, "windMode": [4,4,4,4] }
							}
						},
						{
							"name": "stemdown29",
							"from": [ 0.0618, 2.3915, -0.7994 ],
							"to": [ 0.0618, 3.316, 0.8746 ],
							"rotationOrigin": [ 0.0618, 2.3915, 0.0616 ],
							"rotationX": -180.0,
							"rotationY": -45.0,
							"rotationZ": -180.0,
							"faces": {
								"east": { "texture": "#chamomile", "uv": [ 5.0, 13.0, 8.5, 15.5 ], "autoUv": false, "windMode": [4,1,1,4] }
							},
							"children": [
								{
									"name": "Cube30",
									"from": [ -0.8131, 0.0, 0.8609 ],
									"to": [ 0.8609, 0.9245, 0.8609 ],
									"rotationOrigin": [ 0.0, 0.0, 0.8609 ],
									"faces": {
										"north": { "texture": "#chamomile", "uv": [ 5.0, 13.0, 8.5, 15.5 ], "autoUv": false, "windMode": [4,1,1,4] }
									}
								}
							]
						}
					]
				},
				{
					"name": "flower12",
					"from": [ 0.4543, -0.1435, 0.6122 ],
					"to": [ 0.6217, 2.248, 0.7796 ],
					"rotationOrigin": [ 0.55, -0.1435, 0.7413 ],
					"rotationY": 45.0,
					"faces": {
						"north": { "texture": "#chamomile", "uv": [ 0.5, 11.0, 1.0, 16.0 ], "autoUv": false, "windMode": [0,4,4,0] },
						"east": { "texture": "#chamomile", "uv": [ 1.0, 11.0, 1.5, 16.0 ], "autoUv": false, "windMode": [0,4,4,0] },
						"south": { "texture": "#chamomile", "uv": [ 0.5, 11.0, 1.0, 16.0 ], "autoUv": false, "windMode": [0,0,4,4] },
						"west": { "texture": "#chamomile", "uv": [ 0.5, 11.0, 1.0, 16.0 ], "autoUv": false, "windMode": [0,0,4,4] }
					},
					"children": [
						{
							"name": "stem13",
							"from": [ 0.0, 2.3915, 0.0 ],
							"to": [ 0.1673, 3.478, 0.1673 ],
							"rotationOrigin": [ 0.0957, 2.3915, 0.1291 ],
							"faces": {
								"north": { "texture": "#chamomile", "uv": [ 1.0, 7.0, 1.5, 12.0 ], "autoUv": false, "windMode": [4,4,4,4] },
								"east": { "texture": "#chamomile", "uv": [ 0.5, 7.0, 1.0, 12.0 ], "autoUv": false, "windMode": [4,4,4,4] },
								"south": { "texture": "#chamomile", "uv": [ 0.0, 6.5, 0.5, 11.5 ], "autoUv": false, "windMode": [4,4,4,4] },
								"west": { "texture": "#chamomile", "uv": [ 1.0, 6.0, 1.5, 11.0 ], "autoUv": false, "windMode": [4,4,4,4] },
								"up": { "texture": "#chamomile", "uv": [ 0.0, 0.0, 0.5, 0.5 ], "autoUv": false, "windMode": [4,4,4,4] }
							}
						},
						{
							"name": "stemdown27",
							"from": [ 0.0618, 2.3915, -0.7994 ],
							"to": [ 0.0618, 3.397, 0.8746 ],
							"rotationOrigin": [ 0.0618, 2.3915, 0.0616 ],
							"rotationX": -180.0,
							"rotationY": -45.0,
							"rotationZ": -180.0,
							"faces": {
								"east": { "texture": "#chamomile", "uv": [ 5.0, 13.0, 8.5, 15.5 ], "autoUv": false, "windMode": [4,1,1,4] }
							},
							"children": [
								{
									"name": "Cube28",
									"from": [ -0.8131, 0.0, 0.8609 ],
									"to": [ 0.8609, 1.0055, 0.8609 ],
									"rotationOrigin": [ 0.0, 0.0, 0.8609 ],
									"faces": {
										"north": { "texture": "#chamomile", "uv": [ 5.0, 13.0, 8.5, 15.5 ], "autoUv": false, "windMode": [4,1,1,4] }
									}
								}
							]
						},
						{
							"name": "stemdown23",
							"from": [ 0.0616, 0.0, -0.7984 ],
							"to": [ 0.0616, 2.3915, 0.8756 ],
							"rotationOrigin": [ 0.0618, 0.0, 0.0616 ],
							"rotationY": -89.9802,
							"faces": {
								"east": { "texture": "#chamomile", "uv": [ 5.0, 10.5, 8.5, 15.5 ], "autoUv": false, "windMode": [0,1,1,0] }
							},
							"children": [
								{
									"name": "Cube24",
									"from": [ -0.8131, 0.0, 0.8609 ],
									"to": [ 0.8609, 2.3915, 0.8609 ],
									"rotationOrigin": [ 0.0, 0.0, 0.8609 ],
									"faces": {
										"north": { "texture": "#chamomile", "uv": [ 5.0, 10.5, 8.5, 15.5 ], "autoUv": false, "windMode": [0,1,1,0] }
									}
								}
							]
						}
					]
				},
				{
					"name": "flower6",
					"from": [ -3.3719, -0.1435, -0.1052 ],
					"to": [ -3.2046, 2.248, 0.0622 ],
					"rotationOrigin": [ -3.2763, -0.1435, 0.0238 ],
					"rotationY": 45.0,
					"faces": {
						"north": { "texture": "#chamomile", "uv": [ 0.5, 11.0, 1.0, 16.0 ], "autoUv": false, "windMode": [0,4,4,0] },
						"east": { "texture": "#chamomile", "uv": [ 1.0, 11.0, 1.5, 16.0 ], "autoUv": false, "windMode": [0,4,4,0] },
						"south": { "texture": "#chamomile", "uv": [ 0.5, 11.0, 1.0, 16.0 ], "autoUv": false, "windMode": [0,0,4,4] },
						"west": { "texture": "#chamomile", "uv": [ 1.0, 11.0, 1.5, 16.0 ], "autoUv": false, "windMode": [0,0,4,4] }
					},
					"children": [
						{
							"name": "stem15",
							"from": [ 0.0, 2.3915, 0.0 ],
							"to": [ 0.1673, 3.316, 0.1673 ],
							"rotationOrigin": [ 0.0957, 2.3915, 0.1291 ],
							"faces": {
								"north": { "texture": "#chamomile", "uv": [ 1.0, 7.0, 1.5, 12.0 ], "autoUv": false, "windMode": [4,4,4,4] },
								"east": { "texture": "#chamomile", "uv": [ 0.5, 7.0, 1.0, 12.0 ], "autoUv": false, "windMode": [4,4,4,4] },
								"south": { "texture": "#chamomile", "uv": [ 0.0, 6.5, 0.5, 11.5 ], "autoUv": false, "windMode": [4,4,4,4] },
								"west": { "texture": "#chamomile", "uv": [ 1.0, 6.0, 1.5, 11.0 ], "autoUv": false, "windMode": [4,4,4,4] },
								"up": { "texture": "#chamomile", "uv": [ 0.0, 0.0, 0.5, 0.5 ], "autoUv": false, "windMode": [4,4,4,4] }
							}
						},
						{
							"name": "stemdown6",
							"from": [ 0.0618, 2.3915, -0.7994 ],
							"to": [ 0.0618, 3.235, 0.8746 ],
							"rotationOrigin": [ 0.0618, 2.3915, 0.0616 ],
							"rotationX": -180.0,
							"rotationY": -45.0,
							"rotationZ": -180.0,
							"faces": {
								"east": { "texture": "#chamomile", "uv": [ 5.0, 14.0, 8.5, 16.0 ], "autoUv": false, "windMode": [4,1,1,4] }
							},
							"children": [
								{
									"name": "Cube6",
									"from": [ -0.8131, 0.0, 0.8609 ],
									"to": [ 0.8609, 0.8435, 0.8609 ],
									"rotationOrigin": [ 0.0, 0.0, 0.8609 ],
									"faces": {
										"north": { "texture": "#chamomile", "uv": [ 5.0, 14.0, 8.5, 16.0 ], "autoUv": false, "windMode": [4,1,1,4] }
									}
								}
							]
						},
						{
							"name": "stemdown3",
							"from": [ 0.0624, 0.0, -0.8001 ],
							"to": [ 0.0624, 2.3915, 0.8739 ],
							"rotationOrigin": [ 0.0618, 0.0, 0.0616 ],
							"rotationY": -89.9802,
							"faces": {
								"east": { "texture": "#chamomile", "uv": [ 5.0, 11.0, 8.5, 16.0 ], "autoUv": false, "windMode": [0,1,1,0] }
							},
							"children": [
								{
									"name": "Cube3",
									"from": [ -0.8131, 0.0, 0.8609 ],
									"to": [ 0.8609, 2.3915, 0.8609 ],
									"rotationOrigin": [ 0.0, 0.0, 0.8609 ],
									"faces": {
										"north": { "texture": "#chamomile", "uv": [ 5.0, 11.0, 8.5, 16.0 ], "autoUv": false, "windMode": [0,1,1,0] }
									}
								}
							]
						}
					]
				},
				{
					"name": "flower4",
					"from": [ -0.5022, -0.1435, -1.5402 ],
					"to": [ -0.3348, 2.248, -1.3727 ],
					"rotationOrigin": [ -0.4065, -0.1435, -1.4109 ],
					"faces": {
						"north": { "texture": "#chamomile", "uv": [ 1.0, 11.0, 1.5, 16.0 ], "autoUv": false, "windMode": [0,4,4,0] },
						"east": { "texture": "#chamomile", "uv": [ 1.0, 11.0, 1.5, 16.0 ], "autoUv": false, "windMode": [0,4,4,0] },
						"south": { "texture": "#chamomile", "uv": [ 0.5, 11.0, 1.0, 16.0 ], "autoUv": false, "windMode": [0,0,4,4] },
						"west": { "texture": "#chamomile", "uv": [ 0.5, 11.0, 1.0, 16.0 ], "autoUv": false, "windMode": [0,0,4,4] }
					},
					"children": [
						{
							"name": "stemdown35",
							"from": [ 0.0624, 0.0, -0.7989 ],
							"to": [ 0.0624, 2.3915, 0.8752 ],
							"rotationOrigin": [ 0.0618, 0.0, 0.0616 ],
							"rotationY": -89.9802,
							"faces": {
								"east": { "texture": "#chamomile", "uv": [ 5.0, 10.5, 8.5, 15.5 ], "autoUv": false, "windMode": [0,1,1,0] }
							},
							"children": [
								{
									"name": "Cube36",
									"from": [ -0.8131, 0.0, 0.8609 ],
									"to": [ 0.8609, 2.3915, 0.8609 ],
									"rotationOrigin": [ 0.0, 0.0, 0.8609 ],
									"faces": {
										"north": { "texture": "#chamomile", "uv": [ 5.0, 10.5, 8.5, 15.5 ], "autoUv": false, "windMode": [0,1,1,0] }
									}
								}
							]
						},
						{
							"name": "stem19",
							"from": [ 0.0, 2.3915, 0.0 ],
							"to": [ 0.1673, 3.559, 0.1673 ],
							"rotationOrigin": [ 0.0957, 2.3915, 0.1291 ],
							"faces": {
								"north": { "texture": "#chamomile", "uv": [ 1.0, 7.0, 1.5, 12.0 ], "autoUv": false, "windMode": [4,4,4,4] },
								"east": { "texture": "#chamomile", "uv": [ 0.5, 7.0, 1.0, 12.0 ], "autoUv": false, "windMode": [4,4,4,4] },
								"south": { "texture": "#chamomile", "uv": [ 0.0, 6.5, 0.5, 11.5 ], "autoUv": false, "windMode": [4,4,4,4] },
								"west": { "texture": "#chamomile", "uv": [ 1.0, 6.0, 1.5, 11.0 ], "autoUv": false, "windMode": [4,4,4,4] },
								"up": { "texture": "#chamomile", "uv": [ 0.0, 0.0, 0.5, 0.5 ], "autoUv": false, "windMode": [4,4,4,4] }
							}
						},
						{
							"name": "stemdown36",
							"from": [ 0.0618, 2.3915, -0.7994 ],
							"to": [ 0.0618, 3.478, 0.8746 ],
							"rotationOrigin": [ 0.0618, 2.3915, 0.0616 ],
							"rotationX": -180.0,
							"rotationY": -45.0,
							"rotationZ": -180.0,
							"faces": {
								"east": { "texture": "#chamomile", "uv": [ 5.0, 13.0, 8.5, 15.5 ], "autoUv": false, "windMode": [4,1,1,4] }
							},
							"children": [
								{
									"name": "Cube37",
									"from": [ -0.8131, 0.0, 0.8609 ],
									"to": [ 0.8609, 1.0865, 0.8609 ],
									"rotationOrigin": [ 0.0, 0.0, 0.8609 ],
									"faces": {
										"north": { "texture": "#chamomile", "uv": [ 5.0, 13.0, 8.5, 15.5 ], "autoUv": false, "windMode": [4,1,1,4] }
									}
								}
							]
						}
					]
				},
				{
					"name": "flower5",
					"from": [ -2.1762, -0.1435, -1.5402 ],
					"to": [ -2.0089, 2.248, -1.3727 ],
					"rotationOrigin": [ -2.0805, -0.1435, -1.4109 ],
					"rotationY": 90.0,
					"faces": {
						"north": { "texture": "#chamomile", "uv": [ 1.0, 11.0, 1.5, 16.0 ], "autoUv": false, "windMode": [0,4,4,0] },
						"east": { "texture": "#chamomile", "uv": [ 1.0, 11.0, 1.5, 16.0 ], "autoUv": false, "windMode": [0,4,4,0] },
						"south": { "texture": "#chamomile", "uv": [ 0.5, 11.0, 1.0, 16.0 ], "autoUv": false, "windMode": [0,0,4,4] },
						"west": { "texture": "#chamomile", "uv": [ 0.5, 11.0, 1.0, 16.0 ], "autoUv": false, "windMode": [0,0,4,4] }
					},
					"children": [
						{
							"name": "stemdown37",
							"from": [ 0.0624, 0.0, -0.7989 ],
							"to": [ 0.0624, 2.3915, 0.8752 ],
							"rotationOrigin": [ 0.0618, 0.0, 0.0616 ],
							"rotationY": -89.9802,
							"faces": {
								"east": { "texture": "#chamomile", "uv": [ 5.0, 10.5, 8.5, 15.5 ], "autoUv": false, "windMode": [0,1,1,0] }
							},
							"children": [
								{
									"name": "Cube38",
									"from": [ -0.8131, 0.0, 0.8609 ],
									"to": [ 0.8609, 2.3915, 0.8609 ],
									"rotationOrigin": [ 0.0, 0.0, 0.8609 ],
									"faces": {
										"north": { "texture": "#chamomile", "uv": [ 5.0, 10.5, 8.5, 15.5 ], "autoUv": false, "windMode": [0,1,1,0] }
									}
								}
							]
						},
						{
							"name": "stem20",
							"from": [ 0.0, 2.3915, 0.0 ],
							"to": [ 0.1673, 3.397, 0.1673 ],
							"rotationOrigin": [ 0.0957, 2.3915, 0.1291 ],
							"faces": {
								"north": { "texture": "#chamomile", "uv": [ 1.0, 7.0, 1.5, 12.0 ], "autoUv": false, "windMode": [4,4,4,4] },
								"east": { "texture": "#chamomile", "uv": [ 0.5, 7.0, 1.0, 12.0 ], "autoUv": false, "windMode": [4,4,4,4] },
								"south": { "texture": "#chamomile", "uv": [ 0.0, 6.5, 0.5, 11.5 ], "autoUv": false, "windMode": [4,4,4,4] },
								"west": { "texture": "#chamomile", "uv": [ 1.0, 6.0, 1.5, 11.0 ], "autoUv": false, "windMode": [4,4,4,4] },
								"up": { "texture": "#chamomile", "uv": [ 0.0, 0.0, 0.5, 0.5 ], "autoUv": false, "windMode": [4,4,4,4] }
							}
						},
						{
							"name": "stemdown38",
							"from": [ 0.0618, 2.3915, -0.7994 ],
							"to": [ 0.0618, 3.316, 0.8746 ],
							"rotationOrigin": [ 0.0618, 2.3915, 0.0616 ],
							"rotationX": -180.0,
							"rotationY": -45.0,
							"rotationZ": -180.0,
							"faces": {
								"east": { "texture": "#chamomile", "uv": [ 5.0, 13.0, 8.5, 15.5 ], "autoUv": false, "windMode": [4,1,1,4] }
							},
							"children": [
								{
									"name": "Cube39",
									"from": [ -0.8131, 0.0, 0.8609 ],
									"to": [ 0.8609, 0.9245, 0.8609 ],
									"rotationOrigin": [ 0.0, 0.0, 0.8609 ],
									"faces": {
										"north": { "texture": "#chamomile", "uv": [ 5.0, 13.0, 8.5, 15.5 ], "autoUv": false, "windMode": [4,1,1,4] }
									}
								}
							]
						}
					]
				},
				{
					"name": "flower10",
					"from": [ -1.9371, -0.1435, 0.8514 ],
					"to": [ -1.7697, 2.248, 1.0188 ],
					"rotationOrigin": [ -1.8414, -0.1435, 0.9805 ],
					"rotationY": 11.0,
					"faces": {
						"north": { "texture": "#chamomile", "uv": [ 1.0, 11.0, 1.5, 16.0 ], "autoUv": false, "windMode": [0,4,4,0] },
						"east": { "texture": "#chamomile", "uv": [ 0.5, 11.0, 1.0, 16.0 ], "autoUv": false, "windMode": [0,4,4,0] },
						"south": { "texture": "#chamomile", "uv": [ 1.0, 11.0, 1.5, 16.0 ], "autoUv": false, "windMode": [0,0,4,4] },
						"west": { "texture": "#chamomile", "uv": [ 0.5, 11.0, 1.0, 16.0 ], "autoUv": false, "windMode": [0,0,4,4] }
					},
					"children": [
						{
							"name": "stem22",
							"from": [ 0.0, 2.3915, 0.0 ],
							"to": [ 0.1673, 3.559, 0.1673 ],
							"rotationOrigin": [ 0.0957, 2.3915, 0.1291 ],
							"faces": {
								"north": { "texture": "#chamomile", "uv": [ 1.0, 7.0, 1.5, 12.0 ], "autoUv": false, "windMode": [4,4,4,4] },
								"east": { "texture": "#chamomile", "uv": [ 0.5, 7.0, 1.0, 12.0 ], "autoUv": false, "windMode": [4,4,4,4] },
								"south": { "texture": "#chamomile", "uv": [ 0.0, 6.5, 0.5, 11.5 ], "autoUv": false, "windMode": [4,4,4,4] },
								"west": { "texture": "#chamomile", "uv": [ 1.0, 6.0, 1.5, 11.0 ], "autoUv": false, "windMode": [4,4,4,4] },
								"up": { "texture": "#chamomile", "uv": [ 0.0, 0.0, 0.5, 0.5 ], "autoUv": false, "windMode": [4,4,4,4] }
							}
						},
						{
							"name": "stemdown41",
							"from": [ 0.0618, 2.3915, -0.7994 ],
							"to": [ 0.0618, 3.478, 0.8746 ],
							"rotationOrigin": [ 0.0618, 2.3915, 0.0616 ],
							"rotationX": -180.0,
							"rotationY": -45.0,
							"rotationZ": -180.0,
							"faces": {
								"east": { "texture": "#chamomile", "uv": [ 5.0, 14.0, 8.5, 16.0 ], "autoUv": false, "windMode": [4,1,1,4] }
							},
							"children": [
								{
									"name": "Cube42",
									"from": [ -0.8131, 0.0, 0.8609 ],
									"to": [ 0.8609, 1.0865, 0.8609 ],
									"rotationOrigin": [ 0.0, 0.0, 0.8609 ],
									"faces": {
										"north": { "texture": "#chamomile", "uv": [ 5.0, 13.0, 8.5, 15.5 ], "autoUv": false, "windMode": [4,1,1,4] }
									}
								}
							]
						},
						{
							"name": "stemdown42",
							"from": [ 0.063, 0.0, -0.7986 ],
							"to": [ 0.063, 2.3915, 0.8753 ],
							"rotationOrigin": [ 0.0618, 0.0, 0.0616 ],
							"rotationY": -89.9802,
							"faces": {
								"east": { "texture": "#chamomile", "uv": [ 5.0, 11.0, 8.5, 16.0 ], "autoUv": false, "windMode": [0,1,1,0] }
							},
							"children": [
								{
									"name": "Cube43",
									"from": [ -0.8131, 0.0, 0.8609 ],
									"to": [ 0.8609, 2.3915, 0.8609 ],
									"rotationOrigin": [ 0.0, 0.0, 0.8609 ],
									"faces": {
										"north": { "texture": "#chamomile", "uv": [ 5.0, 10.5, 8.5, 15.5 ], "autoUv": false, "windMode": [0,1,1,0] }
									}
								}
							]
						}
					]
				},
				{
					"name": "flower15",
					"from": [ -2.8937, -0.1435, -2.4968 ],
					"to": [ -2.7263, 2.248, -2.3293 ],
					"rotationOrigin": [ -2.798, -0.1435, -2.3675 ],
					"rotationY": 45.0,
					"faces": {
						"north": { "texture": "#chamomile", "uv": [ 1.0, 11.0, 1.5, 16.0 ], "autoUv": false, "windMode": [0,4,4,0] },
						"east": { "texture": "#chamomile", "uv": [ 1.0, 11.0, 1.5, 16.0 ], "autoUv": false, "windMode": [0,4,4,0] },
						"south": { "texture": "#chamomile", "uv": [ 0.5, 11.0, 1.0, 16.0 ], "autoUv": false, "windMode": [0,0,4,4] },
						"west": { "texture": "#chamomile", "uv": [ 0.5, 11.0, 1.0, 16.0 ], "autoUv": false, "windMode": [0,0,4,4] }
					},
					"children": [
						{
							"name": "stemdown40",
							"from": [ 0.0624, 0.0, -0.7989 ],
							"to": [ 0.0624, 2.3915, 0.8752 ],
							"rotationOrigin": [ 0.0618, 0.0, 0.0616 ],
							"rotationY": -89.9802,
							"faces": {
								"east": { "texture": "#chamomile", "uv": [ 5.0, 10.5, 8.5, 15.5 ], "autoUv": false, "windMode": [0,1,1,0] }
							},
							"children": [
								{
									"name": "Cube41",
									"from": [ -0.8131, 0.0, 0.8609 ],
									"to": [ 0.8609, 2.3915, 0.8609 ],
									"rotationOrigin": [ 0.0, 0.0, 0.8609 ],
									"faces": {
										"north": { "texture": "#chamomile", "uv": [ 5.0, 10.5, 8.5, 15.5 ], "autoUv": false, "windMode": [0,1,1,0] }
									}
								}
							]
						},
						{
							"name": "stem21",
							"from": [ 0.0, 2.3915, 0.0 ],
							"to": [ 0.1673, 3.235, 0.1673 ],
							"rotationOrigin": [ 0.0957, 2.3915, 0.1291 ],
							"faces": {
								"north": { "texture": "#chamomile", "uv": [ 1.0, 7.0, 1.5, 12.0 ], "autoUv": false, "windMode": [4,4,4,4] },
								"east": { "texture": "#chamomile", "uv": [ 0.5, 7.0, 1.0, 12.0 ], "autoUv": false, "windMode": [4,4,4,4] },
								"south": { "texture": "#chamomile", "uv": [ 0.0, 6.5, 0.5, 11.5 ], "autoUv": false, "windMode": [4,4,4,4] },
								"west": { "texture": "#chamomile", "uv": [ 1.0, 6.0, 1.5, 11.0 ], "autoUv": false, "windMode": [4,4,4,4] },
								"up": { "texture": "#chamomile", "uv": [ 0.0, 0.0, 0.5, 0.5 ], "autoUv": false, "windMode": [4,4,4,4] }
							}
						},
						{
							"name": "stemdown44",
							"from": [ 0.0618, 2.3915, -0.7994 ],
							"to": [ 0.0618, 3.154, 0.8746 ],
							"rotationOrigin": [ 0.0618, 2.3915, 0.0616 ],
							"rotationX": -180.0,
							"rotationY": -45.0,
							"rotationZ": -180.0,
							"faces": {
								"east": { "texture": "#chamomile", "uv": [ 5.0, 14.0, 8.5, 15.5 ], "autoUv": false, "windMode": [4,1,1,4] }
							},
							"children": [
								{
									"name": "Cube45",
									"from": [ -0.8131, 0.0, 0.8609 ],
									"to": [ 0.8609, 0.7625, 0.8609 ],
									"rotationOrigin": [ 0.0, 0.0, 0.8609 ],
									"faces": {
										"north": { "texture": "#chamomile", "uv": [ 5.0, 14.0, 8.5, 15.5 ], "autoUv": false, "windMode": [4,1,1,4] }
									}
								}
							]
						}
					]
				},
				{
					"name": "flower16",
					"from": [ -2.4153, -0.1435, 2.2862 ],
					"to": [ -2.248, 2.248, 2.4537 ],
					"rotationOrigin": [ -2.3197, -0.1435, 2.4153 ],
					"rotationY": -58.0,
					"faces": {
						"north": { "texture": "#chamomile", "uv": [ 1.0, 11.0, 1.5, 16.0 ], "autoUv": false, "windMode": [0,4,4,0] },
						"east": { "texture": "#chamomile", "uv": [ 1.0, 11.0, 1.5, 16.0 ], "autoUv": false, "windMode": [0,4,4,0] },
						"south": { "texture": "#chamomile", "uv": [ 0.5, 11.0, 1.0, 16.0 ], "autoUv": false, "windMode": [0,0,4,4] },
						"west": { "texture": "#chamomile", "uv": [ 0.5, 11.0, 1.0, 16.0 ], "autoUv": false, "windMode": [0,0,4,4] }
					},
					"children": [
						{
							"name": "stemdown47",
							"from": [ 0.0624, 0.0, -0.7989 ],
							"to": [ 0.0624, 2.3915, 0.8752 ],
							"rotationOrigin": [ 0.0618, 0.0, 0.0616 ],
							"rotationY": -89.9802,
							"faces": {
								"east": { "texture": "#chamomile", "uv": [ 5.0, 10.5, 8.5, 15.5 ], "autoUv": false, "windMode": [0,1,1,0] }
							},
							"children": [
								{
									"name": "Cube48",
									"from": [ -0.8131, 0.0, 0.8609 ],
									"to": [ 0.8609, 2.3915, 0.8609 ],
									"rotationOrigin": [ 0.0, 0.0, 0.8609 ],
									"faces": {
										"north": { "texture": "#chamomile", "uv": [ 5.0, 10.5, 8.5, 15.5 ], "autoUv": false, "windMode": [0,1,1,0] }
									}
								}
							]
						},
						{
							"name": "stem23",
							"from": [ 0.0, 2.3915, 0.0 ],
							"to": [ 0.1673, 3.478, 0.1673 ],
							"rotationOrigin": [ 0.0957, 2.3915, 0.1291 ],
							"faces": {
								"north": { "texture": "#chamomile", "uv": [ 1.0, 7.0, 1.5, 12.0 ], "autoUv": false, "windMode": [4,4,4,4] },
								"east": { "texture": "#chamomile", "uv": [ 0.5, 7.0, 1.0, 12.0 ], "autoUv": false, "windMode": [4,4,4,4] },
								"south": { "texture": "#chamomile", "uv": [ 0.0, 6.5, 0.5, 11.5 ], "autoUv": false, "windMode": [4,4,4,4] },
								"west": { "texture": "#chamomile", "uv": [ 1.0, 6.0, 1.5, 11.0 ], "autoUv": false, "windMode": [4,4,4,4] },
								"up": { "texture": "#chamomile", "uv": [ 0.0, 0.0, 0.5, 0.5 ], "autoUv": false, "windMode": [4,4,4,4] }
							}
						},
						{
							"name": "stemdown48",
							"from": [ 0.0618, 2.3915, -0.7994 ],
							"to": [ 0.0618, 3.397, 0.8746 ],
							"rotationOrigin": [ 0.0618, 2.3915, 0.0616 ],
							"rotationX": -180.0,
							"rotationY": -45.0,
							"rotationZ": -180.0,
							"faces": {
								"east": { "texture": "#chamomile", "uv": [ 5.0, 13.0, 8.5, 15.5 ], "autoUv": false, "windMode": [4,1,1,4] }
							},
							"children": [
								{
									"name": "Cube49",
									"from": [ -0.8131, 0.0, 0.8609 ],
									"to": [ 0.8609, 1.0055, 0.8609 ],
									"rotationOrigin": [ 0.0, 0.0, 0.8609 ],
									"faces": {
										"north": { "texture": "#chamomile", "uv": [ 5.0, 13.0, 8.5, 15.5 ], "autoUv": false, "windMode": [4,1,1,4] }
									}
								}
							]
						}
					]
				},
				{
					"name": "flower17",
					"from": [ 1.4109, -0.1435, 2.5254 ],
					"to": [ 1.5783, 2.248, 2.6928 ],
					"rotationOrigin": [ 1.5066, -0.1435, 2.6545 ],
					"rotationY": -58.0,
					"faces": {
						"north": { "texture": "#chamomile", "uv": [ 1.0, 11.0, 1.5, 16.0 ], "autoUv": false, "windMode": [0,4,4,0] },
						"east": { "texture": "#chamomile", "uv": [ 1.0, 11.0, 1.5, 16.0 ], "autoUv": false, "windMode": [0,4,4,0] },
						"south": { "texture": "#chamomile", "uv": [ 0.5, 11.0, 1.0, 16.0 ], "autoUv": false, "windMode": [0,0,4,4] },
						"west": { "texture": "#chamomile", "uv": [ 0.5, 11.0, 1.0, 16.0 ], "autoUv": false, "windMode": [0,0,4,4] }
					},
					"children": [
						{
							"name": "stemdown49",
							"from": [ 0.0624, 0.0, -0.7989 ],
							"to": [ 0.0624, 2.3915, 0.8752 ],
							"rotationOrigin": [ 0.0618, 0.0, 0.0616 ],
							"rotationY": -89.9802,
							"faces": {
								"east": { "texture": "#chamomile", "uv": [ 5.0, 10.5, 8.5, 15.5 ], "autoUv": false, "windMode": [0,1,1,0] }
							},
							"children": [
								{
									"name": "Cube50",
									"from": [ -0.8131, 0.0, 0.8609 ],
									"to": [ 0.8609, 2.3915, 0.8609 ],
									"rotationOrigin": [ 0.0, 0.0, 0.8609 ],
									"faces": {
										"north": { "texture": "#chamomile", "uv": [ 5.0, 10.5, 8.5, 15.5 ], "autoUv": false, "windMode": [0,1,1,0] }
									}
								}
							]
						},
						{
							"name": "stem25",
							"from": [ 0.0, 2.3915, 0.0 ],
							"to": [ 0.1673, 3.154, 0.1673 ],
							"rotationOrigin": [ 0.0957, 2.3915, 0.1291 ],
							"faces": {
								"north": { "texture": "#chamomile", "uv": [ 1.0, 7.0, 1.5, 12.0 ], "autoUv": false, "windMode": [4,4,4,4] },
								"east": { "texture": "#chamomile", "uv": [ 0.5, 7.0, 1.0, 12.0 ], "autoUv": false, "windMode": [4,4,4,4] },
								"south": { "texture": "#chamomile", "uv": [ 0.0, 6.5, 0.5, 11.5 ], "autoUv": false, "windMode": [4,4,4,4] },
								"west": { "texture": "#chamomile", "uv": [ 1.0, 6.0, 1.5, 11.0 ], "autoUv": false, "windMode": [4,4,4,4] },
								"up": { "texture": "#chamomile", "uv": [ 0.0, 0.0, 0.5, 0.5 ], "autoUv": false, "windMode": [4,4,4,4] }
							}
						},
						{
							"name": "stemdown50",
							"from": [ 0.0618, 2.3915, -0.7994 ],
							"to": [ 0.0618, 3.073, 0.8746 ],
							"rotationOrigin": [ 0.0618, 2.3915, 0.0616 ],
							"rotationX": -180.0,
							"rotationY": -45.0,
							"rotationZ": -180.0,
							"faces": {
								"east": { "texture": "#chamomile", "uv": [ 5.0, 14.0, 8.5, 15.5 ], "autoUv": false, "windMode": [4,1,1,4] }
							},
							"children": [
								{
									"name": "Cube51",
									"from": [ -0.8131, 0.0, 0.8609 ],
									"to": [ 0.8609, 0.6815, 0.8609 ],
									"rotationOrigin": [ 0.0, 0.0, 0.8609 ],
									"faces": {
										"north": { "texture": "#chamomile", "uv": [ 5.0, 14.0, 8.5, 15.5 ], "autoUv": false, "windMode": [4,1,1,4] }
									}
								}
							]
						}
					]
				},
				{
					"name": "flower18",
					"from": [ -0.9805, -0.1435, 0.373 ],
					"to": [ -0.8131, 2.248, 0.5405 ],
					"rotationOrigin": [ -0.8849, -0.1435, 0.5022 ],
					"rotationY": -11.0,
					"faces": {
						"north": { "texture": "#chamomile", "uv": [ 1.0, 11.0, 1.5, 16.0 ], "autoUv": false, "windMode": [0,4,4,0] },
						"east": { "texture": "#chamomile", "uv": [ 1.0, 11.0, 1.5, 16.0 ], "autoUv": false, "windMode": [0,4,4,0] },
						"south": { "texture": "#chamomile", "uv": [ 0.5, 11.0, 1.0, 16.0 ], "autoUv": false, "windMode": [0,0,4,4] },
						"west": { "texture": "#chamomile", "uv": [ 0.5, 11.0, 1.0, 16.0 ], "autoUv": false, "windMode": [0,0,4,4] }
					},
					"children": [
						{
							"name": "stemdown51",
							"from": [ 0.0624, 0.0, -0.7989 ],
							"to": [ 0.0624, 2.3915, 0.8752 ],
							"rotationOrigin": [ 0.0618, 0.0, 0.0616 ],
							"rotationY": -89.9802,
							"faces": {
								"east": { "texture": "#chamomile", "uv": [ 5.0, 10.5, 8.5, 15.5 ], "autoUv": false, "windMode": [0,1,1,0] }
							},
							"children": [
								{
									"name": "Cube52",
									"from": [ -0.8131, 0.0, 0.8609 ],
									"to": [ 0.8609, 2.3915, 0.8609 ],
									"rotationOrigin": [ 0.0, 0.0, 0.8609 ],
									"faces": {
										"north": { "texture": "#chamomile", "uv": [ 5.0, 10.5, 8.5, 15.5 ], "autoUv": false, "windMode": [0,1,1,0] }
									}
								}
							]
						},
						{
							"name": "stem26",
							"from": [ 0.0, 2.3915, 0.0 ],
							"to": [ 0.1673, 3.316, 0.1673 ],
							"rotationOrigin": [ 0.0957, 2.3915, 0.1291 ],
							"faces": {
								"north": { "texture": "#chamomile", "uv": [ 1.0, 7.0, 1.5, 12.0 ], "autoUv": false, "windMode": [4,4,4,4] },
								"east": { "texture": "#chamomile", "uv": [ 0.5, 7.0, 1.0, 12.0 ], "autoUv": false, "windMode": [4,4,4,4] },
								"south": { "texture": "#chamomile", "uv": [ 0.0, 6.5, 0.5, 11.5 ], "autoUv": false, "windMode": [4,4,4,4] },
								"west": { "texture": "#chamomile", "uv": [ 1.0, 6.0, 1.5, 11.0 ], "autoUv": false, "windMode": [4,4,4,4] },
								"up": { "texture": "#chamomile", "uv": [ 0.0, 0.0, 0.5, 0.5 ], "autoUv": false, "windMode": [4,4,4,4] }
							}
						},
						{
							"name": "stemdown52",
							"from": [ 0.0618, 2.3915, -0.7994 ],
							"to": [ 0.0618, 3.235, 0.8746 ],
							"rotationOrigin": [ 0.0618, 2.3915, 0.0616 ],
							"rotationX": -180.0,
							"rotationY": -45.0,
							"rotationZ": -180.0,
							"faces": {
								"east": { "texture": "#chamomile", "uv": [ 5.0, 14.0, 8.5, 15.5 ], "autoUv": false, "windMode": [4,1,1,4] }
							},
							"children": [
								{
									"name": "Cube53",
									"from": [ -0.8131, 0.0, 0.8609 ],
									"to": [ 0.8609, 0.8435, 0.8609 ],
									"rotationOrigin": [ 0.0, 0.0, 0.8609 ],
									"faces": {
										"north": { "texture": "#chamomile", "uv": [ 5.0, 14.0, 8.5, 15.5 ], "autoUv": false, "windMode": [4,1,1,4] }
									}
								}
							]
						}
					]
				},
				{
					"name": "flower19",
					"from": [ 2.8459, -0.1435, 0.8514 ],
					"to": [ 3.0133, 2.248, 1.0188 ],
					"rotationOrigin": [ 2.9415, -0.1435, 0.9805 ],
					"rotationY": -180.0,
					"faces": {
						"north": { "texture": "#chamomile", "uv": [ 1.0, 11.0, 1.5, 16.0 ], "autoUv": false, "windMode": [0,4,4,0] },
						"east": { "texture": "#chamomile", "uv": [ 1.0, 11.0, 1.5, 16.0 ], "autoUv": false, "windMode": [0,4,4,0] },
						"south": { "texture": "#chamomile", "uv": [ 0.5, 11.0, 1.0, 16.0 ], "autoUv": false, "windMode": [0,0,4,4] },
						"west": { "texture": "#chamomile", "uv": [ 0.5, 11.0, 1.0, 16.0 ], "autoUv": false, "windMode": [0,0,4,4] }
					},
					"children": [
						{
							"name": "stemdown53",
							"from": [ 0.0624, 0.0, -0.7989 ],
							"to": [ 0.0624, 2.3915, 0.8752 ],
							"rotationOrigin": [ 0.0618, 0.0, 0.0616 ],
							"rotationY": -89.9802,
							"faces": {
								"east": { "texture": "#chamomile", "uv": [ 5.0, 10.5, 8.5, 15.5 ], "autoUv": false, "windMode": [0,1,1,0] }
							},
							"children": [
								{
									"name": "Cube54",
									"from": [ -0.8131, 0.0, 0.8609 ],
									"to": [ 0.8609, 2.3915, 0.8609 ],
									"rotationOrigin": [ 0.0, 0.0, 0.8609 ],
									"faces": {
										"north": { "texture": "#chamomile", "uv": [ 5.0, 10.5, 8.5, 15.5 ], "autoUv": false, "windMode": [0,1,1,0] }
									}
								}
							]
						},
						{
							"name": "stem27",
							"from": [ 0.0, 2.3915, 0.0 ],
							"to": [ 0.1673, 3.316, 0.1673 ],
							"rotationOrigin": [ 0.0957, 2.3915, 0.1291 ],
							"faces": {
								"north": { "texture": "#chamomile", "uv": [ 1.0, 7.0, 1.5, 12.0 ], "autoUv": false, "windMode": [4,4,4,4] },
								"east": { "texture": "#chamomile", "uv": [ 0.5, 7.0, 1.0, 12.0 ], "autoUv": false, "windMode": [4,4,4,4] },
								"south": { "texture": "#chamomile", "uv": [ 0.0, 6.5, 0.5, 11.5 ], "autoUv": false, "windMode": [4,4,4,4] },
								"west": { "texture": "#chamomile", "uv": [ 1.0, 6.0, 1.5, 11.0 ], "autoUv": false, "windMode": [4,4,4,4] },
								"up": { "texture": "#chamomile", "uv": [ 0.0, 0.0, 0.5, 0.5 ], "autoUv": false, "windMode": [4,4,4,4] }
							}
						},
						{
							"name": "stemdown54",
							"from": [ 0.0618, 2.3915, -0.7994 ],
							"to": [ 0.0618, 3.235, 0.8746 ],
							"rotationOrigin": [ 0.0618, 2.3915, 0.0616 ],
							"rotationX": -180.0,
							"rotationY": -45.0,
							"rotationZ": -180.0,
							"faces": {
								"east": { "texture": "#chamomile", "uv": [ 5.0, 14.0, 8.5, 15.5 ], "autoUv": false, "windMode": [4,1,1,4] }
							},
							"children": [
								{
									"name": "Cube55",
									"from": [ -0.8131, 0.0, 0.8609 ],
									"to": [ 0.8609, 0.8435, 0.8609 ],
									"rotationOrigin": [ 0.0, 0.0, 0.8609 ],
									"faces": {
										"north": { "texture": "#chamomile", "uv": [ 5.0, 14.0, 8.5, 15.5 ], "autoUv": false, "windMode": [4,1,1,4] }
									}
								}
							]
						}
					]
				},
				{
					"name": "flower2",
					"from": [ -0.5022, -0.1435, 1.8079 ],
					"to": [ -0.3348, 2.248, 1.9753 ],
					"rotationOrigin": [ -0.4065, -0.1435, 1.9371 ],
					"rotationY": 127.0,
					"faces": {
						"north": { "texture": "#chamomile", "uv": [ 1.0, 11.0, 1.5, 16.0 ], "autoUv": false, "windMode": [0,4,4,0] },
						"east": { "texture": "#chamomile", "uv": [ 1.0, 11.0, 1.5, 16.0 ], "autoUv": false, "windMode": [0,4,4,0] },
						"south": { "texture": "#chamomile", "uv": [ 0.5, 11.0, 1.0, 16.0 ], "autoUv": false, "windMode": [0,0,4,4] },
						"west": { "texture": "#chamomile", "uv": [ 0.5, 11.0, 1.0, 16.0 ], "autoUv": false, "windMode": [0,0,4,4] }
					},
					"children": [
						{
							"name": "stemdown30",
							"from": [ 0.0624, 0.0, -0.7989 ],
							"to": [ 0.0624, 2.3915, 0.8752 ],
							"rotationOrigin": [ 0.0618, 0.0, 0.0616 ],
							"rotationY": -89.9802,
							"faces": {
								"east": { "texture": "#chamomile", "uv": [ 5.0, 10.5, 8.5, 15.5 ], "autoUv": false, "windMode": [0,1,1,0] }
							},
							"children": [
								{
									"name": "Cube31",
									"from": [ -0.8131, 0.0, 0.8609 ],
									"to": [ 0.8609, 2.3915, 0.8609 ],
									"rotationOrigin": [ 0.0, 0.0, 0.8609 ],
									"faces": {
										"north": { "texture": "#chamomile", "uv": [ 5.0, 10.5, 8.5, 15.5 ], "autoUv": false, "windMode": [0,1,1,0] }
									}
								}
							]
						},
						{
							"name": "stem14",
							"from": [ 0.0, 2.3915, 0.0 ],
							"to": [ 0.1673, 3.316, 0.1673 ],
							"rotationOrigin": [ 0.0957, 2.3915, 0.1291 ],
							"faces": {
								"north": { "texture": "#chamomile", "uv": [ 1.0, 7.0, 1.5, 12.0 ], "autoUv": false, "windMode": [4,4,4,4] },
								"east": { "texture": "#chamomile", "uv": [ 0.5, 7.0, 1.0, 12.0 ], "autoUv": false, "windMode": [4,4,4,4] },
								"south": { "texture": "#chamomile", "uv": [ 0.0, 6.5, 0.5, 11.5 ], "autoUv": false, "windMode": [4,4,4,4] },
								"west": { "texture": "#chamomile", "uv": [ 1.0, 6.0, 1.5, 11.0 ], "autoUv": false, "windMode": [4,4,4,4] },
								"up": { "texture": "#chamomile", "uv": [ 0.0, 0.0, 0.5, 0.5 ], "autoUv": false, "windMode": [4,4,4,4] }
							}
						},
						{
							"name": "stemdown31",
							"from": [ 0.0618, 2.3915, -0.7994 ],
							"to": [ 0.0618, 3.235, 0.8746 ],
							"rotationOrigin": [ 0.0618, 2.3915, 0.0616 ],
							"rotationX": -180.0,
							"rotationY": -45.0,
							"rotationZ": -180.0,
							"faces": {
								"east": { "texture": "#chamomile", "uv": [ 5.0, 14.0, 8.5, 15.5 ], "autoUv": false, "windMode": [4,1,1,4] }
							},
							"children": [
								{
									"name": "Cube32",
									"from": [ -0.8131, 0.0, 0.8609 ],
									"to": [ 0.8609, 0.8435, 0.8609 ],
									"rotationOrigin": [ 0.0, 0.0, 0.8609 ],
									"faces": {
										"north": { "texture": "#chamomile", "uv": [ 5.0, 14.0, 8.5, 15.5 ], "autoUv": false, "windMode": [4,1,1,4] }
									}
								}
							]
						}
					]
				}
			]
		}
	]}