{
	"editor": {
		"collapsedPaths": ",Root/origin/flower2,Root/origin/flower4,Root/origin/flower6,Root/origin/flower5,Root/origin/stemdown5,Root/origin/stemdown4,Root/origin/stemdown3,Root/origin/stemdown2,Root/origin2/stemtop5,Root/origin/stemdown28,Root/origin/stemdown26,Root/origin/budorigin3/bud7,Root/origin/stemdown25,Root/origin2,Root/origin/stemdown22,Root/origin/stemdown21,Root/origin/flower10,Root/origin/flower14,Root/origin/flower15,Root/origin/flower12,Root/origin/flower18,Root/origin/flower19,Root/origin/flower16,Root/origin/flower17,Root/origin/flower,Root/origin/stemtop9,Root/origin/stemtop5,Root/origin/budstembiglower,Root/origin/stemdown30,Root/origin/bud5,Root/origin/flower4/cham4/bud19,Root/origin/flower14/stemdown2,Root/origin/bud,Root/origin/flower2/stemdown32,Root/origin/bud4,Root/origin/bud3,Root/origin/bud2,Root/origin/flower7,Root/origin/flower5/stemtop35,Root/origin/flower9,Root/origin/flower5/stembiglower5/budstembiglower5",
		"allAngles": true,
		"entityTextureMode": false
	},
	"textureWidth": 16,
	"textureHeight": 16,
	"textureSizes": {
		"chamomile": [16,16]
	},
	"textures": {
	},
	"elements": [
		{
			"name": "origin",
			"from": [ 8.0, 0.0, 8.0 ],
			"to": [ 8.0, 0.0, 8.0 ],
			"rotationOrigin": [ 8.0, 0.0, 8.0 ],
			"faces": {
			},
			"children": [
				{
					"name": "flower14",
					"from": [ 1.0363, -0.1594, -2.2427 ],
					"to": [ 1.2223, 2.4978, -2.0567 ],
					"rotationOrigin": [ 1.1425, -0.1594, -2.0992 ],
					"rotationY": 45.0,
					"faces": {
						"north": { "texture": "#chamomile", "uv": [ 1.0, 11.0, 1.5, 16.0 ], "autoUv": false, "windMode": [0,4,4,0] },
						"east": { "texture": "#chamomile", "uv": [ 1.0, 11.0, 1.5, 16.0 ], "autoUv": false, "windMode": [0,4,4,0] },
						"south": { "texture": "#chamomile", "uv": [ 0.5, 11.0, 1.0, 16.0 ], "autoUv": false, "windMode": [0,0,4,4] },
						"west": { "texture": "#chamomile", "uv": [ 0.5, 11.0, 1.0, 16.0 ], "autoUv": false, "windMode": [0,0,4,4] }
					},
					"children": [
						{
							"name": "stemdown2",
							"from": [ 0.0705, 0.0, -0.8885 ],
							"to": [ 0.0705, 2.6572, 0.9715 ],
							"rotationOrigin": [ 0.0687, 0.0, 0.0684 ],
							"rotationY": -89.9802,
							"faces": {
								"east": { "texture": "#chamomile", "uv": [ 5.0, 10.5, 8.5, 15.5 ], "autoUv": false, "windMode": [0,1,1,0] }
							},
							"children": [
								{
									"name": "Cube2",
									"from": [ -0.9034, 0.0, 0.9566 ],
									"to": [ 0.9566, 2.6572, 0.9566 ],
									"rotationOrigin": [ 0.0, 0.0, 0.9566 ],
									"faces": {
										"north": { "texture": "#chamomile", "uv": [ 5.0, 11.0, 8.5, 16.0 ], "autoUv": false, "windMode": [0,1,1,0] }
									}
								}
							]
						},
						{
							"name": "stem10",
							"from": [ 0.0, 2.6572, 0.0 ],
							"to": [ 0.1859, 4.5944, 0.1859 ],
							"rotationOrigin": [ 0.1063, 2.6572, 0.1435 ],
							"faces": {
								"north": { "texture": "#chamomile", "uv": [ 1.0, 7.0, 1.5, 12.0 ], "autoUv": false, "windMode": [4,4,4,4] },
								"east": { "texture": "#chamomile", "uv": [ 0.5, 7.0, 1.0, 12.0 ], "autoUv": false, "windMode": [4,4,4,4] },
								"south": { "texture": "#chamomile", "uv": [ 0.0, 6.5, 0.5, 11.5 ], "autoUv": false, "windMode": [4,4,4,4] },
								"west": { "texture": "#chamomile", "uv": [ 1.0, 6.0, 1.5, 11.0 ], "autoUv": false, "windMode": [4,4,4,4] },
								"up": { "texture": "#chamomile", "uv": [ 0.0, 0.0, 0.5, 0.5 ], "autoUv": false, "windMode": [4,4,4,4] }
							}
						},
						{
							"name": "stemdown5",
							"from": [ 0.0687, 2.6572, -0.8882 ],
							"to": [ 0.0687, 4.5044, 0.9718 ],
							"rotationOrigin": [ 0.0687, 2.6572, 0.0684 ],
							"rotationX": -180.0,
							"rotationY": -45.0,
							"rotationZ": -180.0,
							"faces": {
								"east": { "texture": "#chamomile", "uv": [ 5.0, 10.5, 8.5, 15.5 ], "autoUv": false, "windMode": [4,1,1,4] }
							},
							"children": [
								{
									"name": "Cube5",
									"from": [ -0.9034, 0.0, 0.9566 ],
									"to": [ 0.9566, 1.8472, 0.9566 ],
									"rotationOrigin": [ 0.0, 0.0, 0.9566 ],
									"faces": {
										"north": { "texture": "#chamomile", "uv": [ 5.0, 11.0, 8.5, 16.0 ], "autoUv": false, "windMode": [4,1,1,4] }
									}
								}
							]
						}
					]
				},
				{
					"name": "flower9",
					"from": [ 3.1621, -0.1594, -3.3056 ],
					"to": [ 3.3481, 2.4978, -3.1196 ],
					"rotationOrigin": [ 3.2683, -0.1594, -3.1621 ],
					"rotationY": 45.0,
					"faces": {
						"north": { "texture": "#chamomile", "uv": [ 1.0, 11.0, 1.5, 16.0 ], "autoUv": false, "windMode": [0,4,4,0] },
						"east": { "texture": "#chamomile", "uv": [ 0.5, 11.0, 1.0, 16.0 ], "autoUv": false, "windMode": [0,4,4,0] },
						"south": { "texture": "#chamomile", "uv": [ 1.0, 11.0, 1.5, 16.0 ], "autoUv": false, "windMode": [0,0,4,4] },
						"west": { "texture": "#chamomile", "uv": [ 0.5, 11.0, 1.0, 16.0 ], "autoUv": false, "windMode": [0,0,4,4] }
					},
					"children": [
						{
							"name": "stem11",
							"from": [ 0.0, 2.6572, 0.0 ],
							"to": [ 0.1859, 4.8644, 0.1859 ],
							"rotationOrigin": [ 0.1063, 2.6572, 0.1435 ],
							"faces": {
								"north": { "texture": "#chamomile", "uv": [ 1.0, 7.0, 1.5, 12.0 ], "autoUv": false, "windMode": [4,4,4,4] },
								"east": { "texture": "#chamomile", "uv": [ 0.5, 7.0, 1.0, 12.0 ], "autoUv": false, "windMode": [4,4,4,4] },
								"south": { "texture": "#chamomile", "uv": [ 0.0, 6.5, 0.5, 11.5 ], "autoUv": false, "windMode": [4,4,4,4] },
								"west": { "texture": "#chamomile", "uv": [ 1.0, 6.0, 1.5, 11.0 ], "autoUv": false, "windMode": [4,4,4,4] },
								"up": { "texture": "#chamomile", "uv": [ 0.0, 0.0, 0.5, 0.5 ], "autoUv": false, "windMode": [4,4,4,4] }
							}
						},
						{
							"name": "stemdown28",
							"from": [ 0.0687, 2.6572, -0.8882 ],
							"to": [ 0.0687, 4.7744, 0.9718 ],
							"rotationOrigin": [ 0.0687, 2.6572, 0.0684 ],
							"rotationX": -180.0,
							"rotationY": -45.0,
							"rotationZ": -180.0,
							"faces": {
								"east": { "texture": "#chamomile", "uv": [ 5.0, 11.0, 8.5, 16.0 ], "autoUv": false, "windMode": [4,1,1,4] }
							},
							"children": [
								{
									"name": "Cube29",
									"from": [ -0.9034, 0.0, 0.9566 ],
									"to": [ 0.9566, 2.1172, 0.9566 ],
									"rotationOrigin": [ 0.0, 0.0, 0.9566 ],
									"faces": {
										"north": { "texture": "#chamomile", "uv": [ 5.0, 10.5, 8.5, 15.5 ], "autoUv": false, "windMode": [4,1,1,4] }
									}
								}
							]
						},
						{
							"name": "stemdown25",
							"from": [ 0.07, 0.0, -0.8873 ],
							"to": [ 0.07, 2.6572, 0.9726 ],
							"rotationOrigin": [ 0.0687, 0.0, 0.0684 ],
							"rotationY": -89.9802,
							"faces": {
								"east": { "texture": "#chamomile", "uv": [ 5.0, 11.0, 8.5, 16.0 ], "autoUv": false, "windMode": [0,1,1,0] }
							},
							"children": [
								{
									"name": "Cube26",
									"from": [ -0.9034, 0.0, 0.9566 ],
									"to": [ 0.9566, 2.6572, 0.9566 ],
									"rotationOrigin": [ 0.0, 0.0, 0.9566 ],
									"faces": {
										"north": { "texture": "#chamomile", "uv": [ 5.0, 10.5, 8.5, 15.5 ], "autoUv": false, "windMode": [0,1,1,0] }
									}
								}
							]
						},
						{
							"name": "stemtop15",
							"from": [ 0.1697, 4.761, -0.0544 ],
							"to": [ 0.3027, 5.8239, 0.0785 ],
							"rotationOrigin": [ 0.1326, 4.7581, -0.0331 ],
							"rotationX": -48.2267,
							"rotationY": -87.0582,
							"rotationZ": -57.1422,
							"faces": {
								"north": { "texture": "#chamomile", "uv": [ 1.0, 7.0, 1.5, 9.0 ], "autoUv": false, "windMode": [4,4,4,4] },
								"east": { "texture": "#chamomile", "uv": [ 0.5, 7.0, 1.0, 9.0 ], "autoUv": false, "windMode": [4,4,4,4] },
								"south": { "texture": "#chamomile", "uv": [ 0.0, 6.5, 0.5, 8.5 ], "autoUv": false, "windMode": [4,4,4,4] },
								"west": { "texture": "#chamomile", "uv": [ 1.0, 6.0, 1.5, 8.0 ], "autoUv": false, "windMode": [4,4,4,4] },
								"up": { "texture": "#chamomile", "uv": [ 0.0, 0.0, 0.5, 0.5 ], "autoUv": false, "windMode": [4,4,4,4] }
							}
						}
					]
				},
				{
					"name": "flower",
					"from": [ 2.0992, -0.1594, -0.3827 ],
					"to": [ 2.2852, 2.4978, -0.1966 ],
					"rotationOrigin": [ 2.2054, -0.1594, -0.2391 ],
					"rotationY": 45.0,
					"faces": {
						"north": { "texture": "#chamomile", "uv": [ 1.0, 11.0, 1.5, 16.0 ], "autoUv": false, "windMode": [0,4,4,0] },
						"east": { "texture": "#chamomile", "uv": [ 1.0, 11.0, 1.5, 16.0 ], "autoUv": false, "windMode": [0,4,4,0] },
						"south": { "texture": "#chamomile", "uv": [ 0.5, 11.0, 1.0, 16.0 ], "autoUv": false, "windMode": [0,0,4,4] },
						"west": { "texture": "#chamomile", "uv": [ 0.5, 11.0, 1.0, 16.0 ], "autoUv": false, "windMode": [0,0,4,4] }
					},
					"children": [
						{
							"name": "stemdown26",
							"from": [ 0.0693, 0.0, -0.8877 ],
							"to": [ 0.0693, 2.6572, 0.9724 ],
							"rotationOrigin": [ 0.0687, 0.0, 0.0684 ],
							"rotationY": -89.9802,
							"faces": {
								"east": { "texture": "#chamomile", "uv": [ 5.0, 10.5, 8.5, 15.5 ], "autoUv": false, "windMode": [0,1,1,0] }
							},
							"children": [
								{
									"name": "Cube27",
									"from": [ -0.9034, 0.0, 0.9566 ],
									"to": [ 0.9566, 2.6572, 0.9566 ],
									"rotationOrigin": [ 0.0, 0.0, 0.9566 ],
									"faces": {
										"north": { "texture": "#chamomile", "uv": [ 5.0, 10.5, 8.5, 15.5 ], "autoUv": false, "windMode": [0,1,1,0] }
									}
								}
							]
						},
						{
							"name": "stem12",
							"from": [ 0.0, 2.6572, 0.0 ],
							"to": [ 0.1859, 4.7744, 0.1859 ],
							"rotationOrigin": [ 0.1063, 2.6572, 0.1435 ],
							"faces": {
								"north": { "texture": "#chamomile", "uv": [ 1.0, 7.0, 1.5, 12.0 ], "autoUv": false, "windMode": [4,4,4,4] },
								"east": { "texture": "#chamomile", "uv": [ 0.5, 7.0, 1.0, 12.0 ], "autoUv": false, "windMode": [4,4,4,4] },
								"south": { "texture": "#chamomile", "uv": [ 0.0, 6.5, 0.5, 11.5 ], "autoUv": false, "windMode": [4,4,4,4] },
								"west": { "texture": "#chamomile", "uv": [ 1.0, 6.0, 1.5, 11.0 ], "autoUv": false, "windMode": [4,4,4,4] },
								"up": { "texture": "#chamomile", "uv": [ 0.0, 0.0, 0.5, 0.5 ], "autoUv": false, "windMode": [4,4,4,4] }
							}
						},
						{
							"name": "stemdown29",
							"from": [ 0.0687, 2.6572, -0.8882 ],
							"to": [ 0.0687, 4.6844, 0.9718 ],
							"rotationOrigin": [ 0.0687, 2.6572, 0.0684 ],
							"rotationX": -180.0,
							"rotationY": -45.0,
							"rotationZ": -180.0,
							"faces": {
								"east": { "texture": "#chamomile", "uv": [ 5.0, 10.5, 8.5, 15.5 ], "autoUv": false, "windMode": [4,1,1,4] }
							},
							"children": [
								{
									"name": "Cube30",
									"from": [ -0.9034, 0.0, 0.9566 ],
									"to": [ 0.9566, 2.0272, 0.9566 ],
									"rotationOrigin": [ 0.0, 0.0, 0.9566 ],
									"faces": {
										"north": { "texture": "#chamomile", "uv": [ 5.0, 10.5, 8.5, 15.5 ], "autoUv": false, "windMode": [4,1,1,4] }
									}
								}
							]
						}
					]
				},
				{
					"name": "flower12",
					"from": [ 0.5048, -0.1594, 0.6802 ],
					"to": [ 0.6908, 2.4978, 0.8662 ],
					"rotationOrigin": [ 0.6111, -0.1594, 0.8237 ],
					"rotationY": 45.0,
					"faces": {
						"north": { "texture": "#chamomile", "uv": [ 0.5, 11.0, 1.0, 16.0 ], "autoUv": false, "windMode": [0,4,4,0] },
						"east": { "texture": "#chamomile", "uv": [ 1.0, 11.0, 1.5, 16.0 ], "autoUv": false, "windMode": [0,4,4,0] },
						"south": { "texture": "#chamomile", "uv": [ 0.5, 11.0, 1.0, 16.0 ], "autoUv": false, "windMode": [0,0,4,4] },
						"west": { "texture": "#chamomile", "uv": [ 0.5, 11.0, 1.0, 16.0 ], "autoUv": false, "windMode": [0,0,4,4] }
					},
					"children": [
						{
							"name": "stem13",
							"from": [ 0.0, 2.6572, 0.0 ],
							"to": [ 0.1859, 4.8644, 0.1859 ],
							"rotationOrigin": [ 0.1063, 2.6572, 0.1435 ],
							"faces": {
								"north": { "texture": "#chamomile", "uv": [ 1.0, 7.0, 1.5, 12.0 ], "autoUv": false, "windMode": [4,4,4,4] },
								"east": { "texture": "#chamomile", "uv": [ 0.5, 7.0, 1.0, 12.0 ], "autoUv": false, "windMode": [4,4,4,4] },
								"south": { "texture": "#chamomile", "uv": [ 0.0, 6.5, 0.5, 11.5 ], "autoUv": false, "windMode": [4,4,4,4] },
								"west": { "texture": "#chamomile", "uv": [ 1.0, 6.0, 1.5, 11.0 ], "autoUv": false, "windMode": [4,4,4,4] },
								"up": { "texture": "#chamomile", "uv": [ 0.0, 0.0, 0.5, 0.5 ], "autoUv": false, "windMode": [4,4,4,4] }
							}
						},
						{
							"name": "stemdown27",
							"from": [ 0.0687, 2.6572, -0.8882 ],
							"to": [ 0.0687, 4.7744, 0.9718 ],
							"rotationOrigin": [ 0.0687, 2.6572, 0.0684 ],
							"rotationX": -180.0,
							"rotationY": -45.0,
							"rotationZ": -180.0,
							"faces": {
								"east": { "texture": "#chamomile", "uv": [ 5.0, 10.5, 8.5, 15.5 ], "autoUv": false, "windMode": [4,1,1,4] }
							},
							"children": [
								{
									"name": "Cube28",
									"from": [ -0.9034, 0.0, 0.9566 ],
									"to": [ 0.9566, 2.1172, 0.9566 ],
									"rotationOrigin": [ 0.0, 0.0, 0.9566 ],
									"faces": {
										"north": { "texture": "#chamomile", "uv": [ 5.0, 10.5, 8.5, 15.5 ], "autoUv": false, "windMode": [4,1,1,4] }
									}
								}
							]
						},
						{
							"name": "stemdown23",
							"from": [ 0.0685, 0.0, -0.8871 ],
							"to": [ 0.0685, 2.6572, 0.9729 ],
							"rotationOrigin": [ 0.0687, 0.0, 0.0684 ],
							"rotationY": -89.9802,
							"faces": {
								"east": { "texture": "#chamomile", "uv": [ 5.0, 10.5, 8.5, 15.5 ], "autoUv": false, "windMode": [0,1,1,0] }
							},
							"children": [
								{
									"name": "Cube24",
									"from": [ -0.9034, 0.0, 0.9566 ],
									"to": [ 0.9566, 2.6572, 0.9566 ],
									"rotationOrigin": [ 0.0, 0.0, 0.9566 ],
									"faces": {
										"north": { "texture": "#chamomile", "uv": [ 5.0, 10.5, 8.5, 15.5 ], "autoUv": false, "windMode": [0,1,1,0] }
									}
								}
							]
						},
						{
							"name": "stemtop7",
							"from": [ 0.0464, 4.761, 0.031 ],
							"to": [ 0.1794, 5.8239, 0.1639 ],
							"rotationOrigin": [ 0.0199, 4.7581, 0.0044 ],
							"rotationX": -2.1208,
							"rotationY": 0.0393,
							"rotationZ": 5.8792,
							"faces": {
								"north": { "texture": "#chamomile", "uv": [ 1.0, 7.0, 1.5, 9.0 ], "autoUv": false, "windMode": [4,4,4,4] },
								"east": { "texture": "#chamomile", "uv": [ 0.5, 7.0, 1.0, 9.0 ], "autoUv": false, "windMode": [4,4,4,4] },
								"south": { "texture": "#chamomile", "uv": [ 0.0, 6.5, 0.5, 8.5 ], "autoUv": false, "windMode": [4,4,4,4] },
								"west": { "texture": "#chamomile", "uv": [ 1.0, 6.0, 1.5, 8.0 ], "autoUv": false, "windMode": [4,4,4,4] },
								"up": { "texture": "#chamomile", "uv": [ 0.0, 0.0, 0.5, 0.5 ], "autoUv": false, "windMode": [4,4,4,4] }
							}
						}
					]
				},
				{
					"name": "flower6",
					"from": [ -3.7466, -0.1594, -0.1169 ],
					"to": [ -3.5607, 2.4978, 0.0691 ],
					"rotationOrigin": [ -3.6403, -0.1594, 0.0265 ],
					"rotationY": 45.0,
					"faces": {
						"north": { "texture": "#chamomile", "uv": [ 0.5, 11.0, 1.0, 16.0 ], "autoUv": false, "windMode": [0,4,4,0] },
						"east": { "texture": "#chamomile", "uv": [ 1.0, 11.0, 1.5, 16.0 ], "autoUv": false, "windMode": [0,4,4,0] },
						"south": { "texture": "#chamomile", "uv": [ 0.5, 11.0, 1.0, 16.0 ], "autoUv": false, "windMode": [0,0,4,4] },
						"west": { "texture": "#chamomile", "uv": [ 1.0, 11.0, 1.5, 16.0 ], "autoUv": false, "windMode": [0,0,4,4] }
					},
					"children": [
						{
							"name": "stem15",
							"from": [ 0.0, 2.6572, 0.0 ],
							"to": [ 0.1859, 4.6844, 0.1859 ],
							"rotationOrigin": [ 0.1063, 2.6572, 0.1435 ],
							"faces": {
								"north": { "texture": "#chamomile", "uv": [ 1.0, 7.0, 1.5, 12.0 ], "autoUv": false, "windMode": [4,4,4,4] },
								"east": { "texture": "#chamomile", "uv": [ 0.5, 7.0, 1.0, 12.0 ], "autoUv": false, "windMode": [4,4,4,4] },
								"south": { "texture": "#chamomile", "uv": [ 0.0, 6.5, 0.5, 11.5 ], "autoUv": false, "windMode": [4,4,4,4] },
								"west": { "texture": "#chamomile", "uv": [ 1.0, 6.0, 1.5, 11.0 ], "autoUv": false, "windMode": [4,4,4,4] },
								"up": { "texture": "#chamomile", "uv": [ 0.0, 0.0, 0.5, 0.5 ], "autoUv": false, "windMode": [4,4,4,4] }
							}
						},
						{
							"name": "stemdown6",
							"from": [ 0.0687, 2.6572, -0.8882 ],
							"to": [ 0.0687, 4.5944, 0.9718 ],
							"rotationOrigin": [ 0.0687, 2.6572, 0.0684 ],
							"rotationX": -180.0,
							"rotationY": -45.0,
							"rotationZ": -180.0,
							"faces": {
								"east": { "texture": "#chamomile", "uv": [ 5.0, 11.0, 8.5, 16.0 ], "autoUv": false, "windMode": [4,1,1,4] }
							},
							"children": [
								{
									"name": "Cube6",
									"from": [ -0.9034, 0.0, 0.9566 ],
									"to": [ 0.9566, 1.9372, 0.9566 ],
									"rotationOrigin": [ 0.0, 0.0, 0.9566 ],
									"faces": {
										"north": { "texture": "#chamomile", "uv": [ 5.0, 11.0, 8.5, 16.0 ], "autoUv": false, "windMode": [4,1,1,4] }
									}
								}
							]
						},
						{
							"name": "stemdown3",
							"from": [ 0.0693, 0.0, -0.889 ],
							"to": [ 0.0693, 2.6572, 0.971 ],
							"rotationOrigin": [ 0.0687, 0.0, 0.0684 ],
							"rotationY": -89.9802,
							"faces": {
								"east": { "texture": "#chamomile", "uv": [ 5.0, 11.0, 8.5, 16.0 ], "autoUv": false, "windMode": [0,1,1,0] }
							},
							"children": [
								{
									"name": "Cube3",
									"from": [ -0.9034, 0.0, 0.9566 ],
									"to": [ 0.9566, 2.6572, 0.9566 ],
									"rotationOrigin": [ 0.0, 0.0, 0.9566 ],
									"faces": {
										"north": { "texture": "#chamomile", "uv": [ 5.0, 11.0, 8.5, 16.0 ], "autoUv": false, "windMode": [0,1,1,0] }
									}
								}
							]
						}
					]
				},
				{
					"name": "flower4",
					"from": [ -0.558, -0.1594, -1.7113 ],
					"to": [ -0.372, 2.4978, -1.5252 ],
					"rotationOrigin": [ -0.4517, -0.1594, -1.5677 ],
					"faces": {
						"north": { "texture": "#chamomile", "uv": [ 1.0, 11.0, 1.5, 16.0 ], "autoUv": false, "windMode": [0,4,4,0] },
						"east": { "texture": "#chamomile", "uv": [ 1.0, 11.0, 1.5, 16.0 ], "autoUv": false, "windMode": [0,4,4,0] },
						"south": { "texture": "#chamomile", "uv": [ 0.5, 11.0, 1.0, 16.0 ], "autoUv": false, "windMode": [0,0,4,4] },
						"west": { "texture": "#chamomile", "uv": [ 0.5, 11.0, 1.0, 16.0 ], "autoUv": false, "windMode": [0,0,4,4] }
					},
					"children": [
						{
							"name": "stemdown35",
							"from": [ 0.0693, 0.0, -0.8877 ],
							"to": [ 0.0693, 2.6572, 0.9724 ],
							"rotationOrigin": [ 0.0687, 0.0, 0.0684 ],
							"rotationY": -89.9802,
							"faces": {
								"east": { "texture": "#chamomile", "uv": [ 5.0, 10.5, 8.5, 15.5 ], "autoUv": false, "windMode": [0,1,1,0] }
							},
							"children": [
								{
									"name": "Cube36",
									"from": [ -0.9034, 0.0, 0.9566 ],
									"to": [ 0.9566, 2.6572, 0.9566 ],
									"rotationOrigin": [ 0.0, 0.0, 0.9566 ],
									"faces": {
										"north": { "texture": "#chamomile", "uv": [ 5.0, 10.5, 8.5, 15.5 ], "autoUv": false, "windMode": [0,1,1,0] }
									}
								}
							]
						},
						{
							"name": "stem19",
							"from": [ 0.0, 2.6572, 0.0 ],
							"to": [ 0.1859, 4.9544, 0.1859 ],
							"rotationOrigin": [ 0.1063, 2.6572, 0.1435 ],
							"faces": {
								"north": { "texture": "#chamomile", "uv": [ 1.0, 7.0, 1.5, 12.0 ], "autoUv": false, "windMode": [4,4,4,4] },
								"east": { "texture": "#chamomile", "uv": [ 0.5, 7.0, 1.0, 12.0 ], "autoUv": false, "windMode": [4,4,4,4] },
								"south": { "texture": "#chamomile", "uv": [ 0.0, 6.5, 0.5, 11.5 ], "autoUv": false, "windMode": [4,4,4,4] },
								"west": { "texture": "#chamomile", "uv": [ 1.0, 6.0, 1.5, 11.0 ], "autoUv": false, "windMode": [4,4,4,4] },
								"up": { "texture": "#chamomile", "uv": [ 0.0, 0.0, 0.5, 0.5 ], "autoUv": false, "windMode": [4,4,4,4] }
							}
						},
						{
							"name": "stemdown36",
							"from": [ 0.0687, 2.6572, -0.8882 ],
							"to": [ 0.0687, 4.8644, 0.9718 ],
							"rotationOrigin": [ 0.0687, 2.6572, 0.0684 ],
							"rotationX": -180.0,
							"rotationY": -45.0,
							"rotationZ": -180.0,
							"faces": {
								"east": { "texture": "#chamomile", "uv": [ 5.0, 10.5, 8.5, 15.5 ], "autoUv": false, "windMode": [4,1,1,4] }
							},
							"children": [
								{
									"name": "Cube37",
									"from": [ -0.9034, 0.0, 0.9566 ],
									"to": [ 0.9566, 2.2072, 0.9566 ],
									"rotationOrigin": [ 0.0, 0.0, 0.9566 ],
									"faces": {
										"north": { "texture": "#chamomile", "uv": [ 5.0, 10.5, 8.5, 15.5 ], "autoUv": false, "windMode": [4,1,1,4] }
									}
								}
							]
						}
					]
				},
				{
					"name": "flower5",
					"from": [ -2.418, -0.1594, -1.7113 ],
					"to": [ -2.2321, 2.4978, -1.5252 ],
					"rotationOrigin": [ -2.3117, -0.1594, -1.5677 ],
					"rotationY": 90.0,
					"faces": {
						"north": { "texture": "#chamomile", "uv": [ 1.0, 11.0, 1.5, 16.0 ], "autoUv": false, "windMode": [0,4,4,0] },
						"east": { "texture": "#chamomile", "uv": [ 1.0, 11.0, 1.5, 16.0 ], "autoUv": false, "windMode": [0,4,4,0] },
						"south": { "texture": "#chamomile", "uv": [ 0.5, 11.0, 1.0, 16.0 ], "autoUv": false, "windMode": [0,0,4,4] },
						"west": { "texture": "#chamomile", "uv": [ 0.5, 11.0, 1.0, 16.0 ], "autoUv": false, "windMode": [0,0,4,4] }
					},
					"children": [
						{
							"name": "stemdown37",
							"from": [ 0.0693, 0.0, -0.8877 ],
							"to": [ 0.0693, 2.6572, 0.9724 ],
							"rotationOrigin": [ 0.0687, 0.0, 0.0684 ],
							"rotationY": -89.9802,
							"faces": {
								"east": { "texture": "#chamomile", "uv": [ 5.0, 10.5, 8.5, 15.5 ], "autoUv": false, "windMode": [0,1,1,0] }
							},
							"children": [
								{
									"name": "Cube38",
									"from": [ -0.9034, 0.0, 0.9566 ],
									"to": [ 0.9566, 2.6572, 0.9566 ],
									"rotationOrigin": [ 0.0, 0.0, 0.9566 ],
									"faces": {
										"north": { "texture": "#chamomile", "uv": [ 5.0, 10.5, 8.5, 15.5 ], "autoUv": false, "windMode": [0,1,1,0] }
									}
								}
							]
						},
						{
							"name": "stem20",
							"from": [ 0.0, 2.6572, 0.0 ],
							"to": [ 0.1859, 4.7744, 0.1859 ],
							"rotationOrigin": [ 0.1063, 2.6572, 0.1435 ],
							"faces": {
								"north": { "texture": "#chamomile", "uv": [ 1.0, 7.0, 1.5, 12.0 ], "autoUv": false, "windMode": [4,4,4,4] },
								"east": { "texture": "#chamomile", "uv": [ 0.5, 7.0, 1.0, 12.0 ], "autoUv": false, "windMode": [4,4,4,4] },
								"south": { "texture": "#chamomile", "uv": [ 0.0, 6.5, 0.5, 11.5 ], "autoUv": false, "windMode": [4,4,4,4] },
								"west": { "texture": "#chamomile", "uv": [ 1.0, 6.0, 1.5, 11.0 ], "autoUv": false, "windMode": [4,4,4,4] },
								"up": { "texture": "#chamomile", "uv": [ 0.0, 0.0, 0.5, 0.5 ], "autoUv": false, "windMode": [4,4,4,4] }
							}
						},
						{
							"name": "stemdown38",
							"from": [ 0.0687, 2.6572, -0.8882 ],
							"to": [ 0.0687, 4.6844, 0.9718 ],
							"rotationOrigin": [ 0.0687, 2.6572, 0.0684 ],
							"rotationX": -180.0,
							"rotationY": -45.0,
							"rotationZ": -180.0,
							"faces": {
								"east": { "texture": "#chamomile", "uv": [ 5.0, 10.5, 8.5, 15.5 ], "autoUv": false, "windMode": [4,1,1,4] }
							},
							"children": [
								{
									"name": "Cube39",
									"from": [ -0.9034, 0.0, 0.9566 ],
									"to": [ 0.9566, 2.0272, 0.9566 ],
									"rotationOrigin": [ 0.0, 0.0, 0.9566 ],
									"faces": {
										"north": { "texture": "#chamomile", "uv": [ 5.0, 10.5, 8.5, 15.5 ], "autoUv": false, "windMode": [4,1,1,4] }
									}
								}
							]
						},
						{
							"name": "stemtop38",
							"from": [ 0.0528, 4.671, 0.0412 ],
							"to": [ 0.1858, 5.7339, 0.1741 ],
							"rotationOrigin": [ 0.1326, 4.6681, -0.0331 ],
							"rotationX": -7.2988,
							"rotationY": -1.5496,
							"rotationZ": 15.9444,
							"faces": {
								"north": { "texture": "#chamomile", "uv": [ 1.0, 7.0, 1.5, 9.0 ], "autoUv": false, "windMode": [4,4,4,4] },
								"east": { "texture": "#chamomile", "uv": [ 0.5, 7.0, 1.0, 9.0 ], "autoUv": false, "windMode": [4,4,4,4] },
								"south": { "texture": "#chamomile", "uv": [ 0.0, 6.5, 0.5, 8.5 ], "autoUv": false, "windMode": [4,4,4,4] },
								"west": { "texture": "#chamomile", "uv": [ 1.0, 6.0, 1.5, 8.0 ], "autoUv": false, "windMode": [4,4,4,4] },
								"up": { "texture": "#chamomile", "uv": [ 0.0, 0.0, 0.5, 0.5 ], "autoUv": false, "windMode": [4,4,4,4] }
							}
						}
					]
				},
				{
					"name": "flower10",
					"from": [ -2.1523, -0.1594, 0.946 ],
					"to": [ -1.9663, 2.4978, 1.132 ],
					"rotationOrigin": [ -2.046, -0.1594, 1.0894 ],
					"rotationY": 11.0,
					"faces": {
						"north": { "texture": "#chamomile", "uv": [ 1.0, 11.0, 1.5, 16.0 ], "autoUv": false, "windMode": [0,4,4,0] },
						"east": { "texture": "#chamomile", "uv": [ 0.5, 11.0, 1.0, 16.0 ], "autoUv": false, "windMode": [0,4,4,0] },
						"south": { "texture": "#chamomile", "uv": [ 1.0, 11.0, 1.5, 16.0 ], "autoUv": false, "windMode": [0,0,4,4] },
						"west": { "texture": "#chamomile", "uv": [ 0.5, 11.0, 1.0, 16.0 ], "autoUv": false, "windMode": [0,0,4,4] }
					},
					"children": [
						{
							"name": "stem22",
							"from": [ 0.0, 2.6572, 0.0 ],
							"to": [ 0.1859, 4.9544, 0.1859 ],
							"rotationOrigin": [ 0.1063, 2.6572, 0.1435 ],
							"faces": {
								"north": { "texture": "#chamomile", "uv": [ 1.0, 7.0, 1.5, 12.0 ], "autoUv": false, "windMode": [4,4,4,4] },
								"east": { "texture": "#chamomile", "uv": [ 0.5, 7.0, 1.0, 12.0 ], "autoUv": false, "windMode": [4,4,4,4] },
								"south": { "texture": "#chamomile", "uv": [ 0.0, 6.5, 0.5, 11.5 ], "autoUv": false, "windMode": [4,4,4,4] },
								"west": { "texture": "#chamomile", "uv": [ 1.0, 6.0, 1.5, 11.0 ], "autoUv": false, "windMode": [4,4,4,4] },
								"up": { "texture": "#chamomile", "uv": [ 0.0, 0.0, 0.5, 0.5 ], "autoUv": false, "windMode": [4,4,4,4] }
							}
						},
						{
							"name": "stemdown41",
							"from": [ 0.0687, 2.6572, -0.8882 ],
							"to": [ 0.0687, 4.8644, 0.9718 ],
							"rotationOrigin": [ 0.0687, 2.6572, 0.0684 ],
							"rotationX": -180.0,
							"rotationY": -45.0,
							"rotationZ": -180.0,
							"faces": {
								"east": { "texture": "#chamomile", "uv": [ 5.0, 11.0, 8.5, 16.0 ], "autoUv": false, "windMode": [4,1,1,4] }
							},
							"children": [
								{
									"name": "Cube42",
									"from": [ -0.9034, 0.0, 0.9566 ],
									"to": [ 0.9566, 2.2072, 0.9566 ],
									"rotationOrigin": [ 0.0, 0.0, 0.9566 ],
									"faces": {
										"north": { "texture": "#chamomile", "uv": [ 5.0, 10.5, 8.5, 15.5 ], "autoUv": false, "windMode": [4,1,1,4] }
									}
								}
							]
						},
						{
							"name": "stemdown42",
							"from": [ 0.07, 0.0, -0.8873 ],
							"to": [ 0.07, 2.6572, 0.9726 ],
							"rotationOrigin": [ 0.0687, 0.0, 0.0684 ],
							"rotationY": -89.9802,
							"faces": {
								"east": { "texture": "#chamomile", "uv": [ 5.0, 11.0, 8.5, 16.0 ], "autoUv": false, "windMode": [0,1,1,0] }
							},
							"children": [
								{
									"name": "Cube43",
									"from": [ -0.9034, 0.0, 0.9566 ],
									"to": [ 0.9566, 2.6572, 0.9566 ],
									"rotationOrigin": [ 0.0, 0.0, 0.9566 ],
									"faces": {
										"north": { "texture": "#chamomile", "uv": [ 5.0, 10.5, 8.5, 15.5 ], "autoUv": false, "windMode": [0,1,1,0] }
									}
								}
							]
						},
						{
							"name": "stemtop47",
							"from": [ 0.1697, 4.851, -0.0544 ],
							"to": [ 0.3027, 5.9139, 0.0785 ],
							"rotationOrigin": [ 0.1326, 4.8481, -0.0331 ],
							"rotationX": -48.2267,
							"rotationY": -87.0582,
							"rotationZ": -57.1422,
							"faces": {
								"north": { "texture": "#chamomile", "uv": [ 1.0, 7.0, 1.5, 9.0 ], "autoUv": false, "windMode": [4,4,4,4] },
								"east": { "texture": "#chamomile", "uv": [ 0.5, 7.0, 1.0, 9.0 ], "autoUv": false, "windMode": [4,4,4,4] },
								"south": { "texture": "#chamomile", "uv": [ 0.0, 6.5, 0.5, 8.5 ], "autoUv": false, "windMode": [4,4,4,4] },
								"west": { "texture": "#chamomile", "uv": [ 1.0, 6.0, 1.5, 8.0 ], "autoUv": false, "windMode": [4,4,4,4] },
								"up": { "texture": "#chamomile", "uv": [ 0.0, 0.0, 0.5, 0.5 ], "autoUv": false, "windMode": [4,4,4,4] }
							}
						}
					]
				},
				{
					"name": "flower15",
					"from": [ -3.2152, -0.1594, -2.7742 ],
					"to": [ -3.0292, 2.4978, -2.5881 ],
					"rotationOrigin": [ -3.1089, -0.1594, -2.6306 ],
					"rotationY": 45.0,
					"faces": {
						"north": { "texture": "#chamomile", "uv": [ 1.0, 11.0, 1.5, 16.0 ], "autoUv": false, "windMode": [0,4,4,0] },
						"east": { "texture": "#chamomile", "uv": [ 1.0, 11.0, 1.5, 16.0 ], "autoUv": false, "windMode": [0,4,4,0] },
						"south": { "texture": "#chamomile", "uv": [ 0.5, 11.0, 1.0, 16.0 ], "autoUv": false, "windMode": [0,0,4,4] },
						"west": { "texture": "#chamomile", "uv": [ 0.5, 11.0, 1.0, 16.0 ], "autoUv": false, "windMode": [0,0,4,4] }
					},
					"children": [
						{
							"name": "stemdown40",
							"from": [ 0.0693, 0.0, -0.8877 ],
							"to": [ 0.0693, 2.6572, 0.9724 ],
							"rotationOrigin": [ 0.0687, 0.0, 0.0684 ],
							"rotationY": -89.9802,
							"faces": {
								"east": { "texture": "#chamomile", "uv": [ 5.0, 10.5, 8.5, 15.5 ], "autoUv": false, "windMode": [0,1,1,0] }
							},
							"children": [
								{
									"name": "Cube41",
									"from": [ -0.9034, 0.0, 0.9566 ],
									"to": [ 0.9566, 2.6572, 0.9566 ],
									"rotationOrigin": [ 0.0, 0.0, 0.9566 ],
									"faces": {
										"north": { "texture": "#chamomile", "uv": [ 5.0, 10.5, 8.5, 15.5 ], "autoUv": false, "windMode": [0,1,1,0] }
									}
								}
							]
						},
						{
							"name": "stem21",
							"from": [ 0.0, 2.6572, 0.0 ],
							"to": [ 0.1859, 4.5944, 0.1859 ],
							"rotationOrigin": [ 0.1063, 2.6572, 0.1435 ],
							"faces": {
								"north": { "texture": "#chamomile", "uv": [ 1.0, 7.0, 1.5, 12.0 ], "autoUv": false, "windMode": [4,4,4,4] },
								"east": { "texture": "#chamomile", "uv": [ 0.5, 7.0, 1.0, 12.0 ], "autoUv": false, "windMode": [4,4,4,4] },
								"south": { "texture": "#chamomile", "uv": [ 0.0, 6.5, 0.5, 11.5 ], "autoUv": false, "windMode": [4,4,4,4] },
								"west": { "texture": "#chamomile", "uv": [ 1.0, 6.0, 1.5, 11.0 ], "autoUv": false, "windMode": [4,4,4,4] },
								"up": { "texture": "#chamomile", "uv": [ 0.0, 0.0, 0.5, 0.5 ], "autoUv": false, "windMode": [4,4,4,4] }
							}
						},
						{
							"name": "stemdown44",
							"from": [ 0.0687, 2.6572, -0.8882 ],
							"to": [ 0.0687, 4.5044, 0.9718 ],
							"rotationOrigin": [ 0.0687, 2.6572, 0.0684 ],
							"rotationX": -180.0,
							"rotationY": -45.0,
							"rotationZ": -180.0,
							"faces": {
								"east": { "texture": "#chamomile", "uv": [ 5.0, 10.5, 8.5, 15.5 ], "autoUv": false, "windMode": [4,1,1,4] }
							},
							"children": [
								{
									"name": "Cube45",
									"from": [ -0.9034, 0.0, 0.9566 ],
									"to": [ 0.9566, 1.8472, 0.9566 ],
									"rotationOrigin": [ 0.0, 0.0, 0.9566 ],
									"faces": {
										"north": { "texture": "#chamomile", "uv": [ 5.0, 10.5, 8.5, 15.5 ], "autoUv": false, "windMode": [4,1,1,4] }
									}
								}
							]
						}
					]
				},
				{
					"name": "flower16",
					"from": [ -2.6837, -0.1594, 2.5402 ],
					"to": [ -2.4978, 2.4978, 2.7263 ],
					"rotationOrigin": [ -2.5774, -0.1594, 2.6837 ],
					"rotationY": -58.0,
					"faces": {
						"north": { "texture": "#chamomile", "uv": [ 1.0, 11.0, 1.5, 16.0 ], "autoUv": false, "windMode": [0,4,4,0] },
						"east": { "texture": "#chamomile", "uv": [ 1.0, 11.0, 1.5, 16.0 ], "autoUv": false, "windMode": [0,4,4,0] },
						"south": { "texture": "#chamomile", "uv": [ 0.5, 11.0, 1.0, 16.0 ], "autoUv": false, "windMode": [0,0,4,4] },
						"west": { "texture": "#chamomile", "uv": [ 0.5, 11.0, 1.0, 16.0 ], "autoUv": false, "windMode": [0,0,4,4] }
					},
					"children": [
						{
							"name": "stemdown47",
							"from": [ 0.0693, 0.0, -0.8877 ],
							"to": [ 0.0693, 2.6572, 0.9724 ],
							"rotationOrigin": [ 0.0687, 0.0, 0.0684 ],
							"rotationY": -89.9802,
							"faces": {
								"east": { "texture": "#chamomile", "uv": [ 5.0, 10.5, 8.5, 15.5 ], "autoUv": false, "windMode": [0,1,1,0] }
							},
							"children": [
								{
									"name": "Cube48",
									"from": [ -0.9034, 0.0, 0.9566 ],
									"to": [ 0.9566, 2.6572, 0.9566 ],
									"rotationOrigin": [ 0.0, 0.0, 0.9566 ],
									"faces": {
										"north": { "texture": "#chamomile", "uv": [ 5.0, 10.5, 8.5, 15.5 ], "autoUv": false, "windMode": [0,1,1,0] }
									}
								}
							]
						},
						{
							"name": "stem23",
							"from": [ 0.0, 2.6572, 0.0 ],
							"to": [ 0.1859, 4.8644, 0.1859 ],
							"rotationOrigin": [ 0.1063, 2.6572, 0.1435 ],
							"faces": {
								"north": { "texture": "#chamomile", "uv": [ 1.0, 7.0, 1.5, 12.0 ], "autoUv": false, "windMode": [4,4,4,4] },
								"east": { "texture": "#chamomile", "uv": [ 0.5, 7.0, 1.0, 12.0 ], "autoUv": false, "windMode": [4,4,4,4] },
								"south": { "texture": "#chamomile", "uv": [ 0.0, 6.5, 0.5, 11.5 ], "autoUv": false, "windMode": [4,4,4,4] },
								"west": { "texture": "#chamomile", "uv": [ 1.0, 6.0, 1.5, 11.0 ], "autoUv": false, "windMode": [4,4,4,4] },
								"up": { "texture": "#chamomile", "uv": [ 0.0, 0.0, 0.5, 0.5 ], "autoUv": false, "windMode": [4,4,4,4] }
							}
						},
						{
							"name": "stemdown48",
							"from": [ 0.0687, 2.6572, -0.8882 ],
							"to": [ 0.0687, 4.7744, 0.9718 ],
							"rotationOrigin": [ 0.0687, 2.6572, 0.0684 ],
							"rotationX": -180.0,
							"rotationY": -45.0,
							"rotationZ": -180.0,
							"faces": {
								"east": { "texture": "#chamomile", "uv": [ 5.0, 10.5, 8.5, 15.5 ], "autoUv": false, "windMode": [4,1,1,4] }
							},
							"children": [
								{
									"name": "Cube49",
									"from": [ -0.9034, 0.0, 0.9566 ],
									"to": [ 0.9566, 2.1172, 0.9566 ],
									"rotationOrigin": [ 0.0, 0.0, 0.9566 ],
									"faces": {
										"north": { "texture": "#chamomile", "uv": [ 5.0, 10.5, 8.5, 15.5 ], "autoUv": false, "windMode": [4,1,1,4] }
									}
								}
							]
						}
					]
				},
				{
					"name": "flower17",
					"from": [ 1.5677, -0.1594, 2.806 ],
					"to": [ 1.7537, 2.4978, 2.992 ],
					"rotationOrigin": [ 1.674, -0.1594, 2.9495 ],
					"rotationY": -58.0,
					"faces": {
						"north": { "texture": "#chamomile", "uv": [ 1.0, 11.0, 1.5, 16.0 ], "autoUv": false, "windMode": [0,4,4,0] },
						"east": { "texture": "#chamomile", "uv": [ 1.0, 11.0, 1.5, 16.0 ], "autoUv": false, "windMode": [0,4,4,0] },
						"south": { "texture": "#chamomile", "uv": [ 0.5, 11.0, 1.0, 16.0 ], "autoUv": false, "windMode": [0,0,4,4] },
						"west": { "texture": "#chamomile", "uv": [ 0.5, 11.0, 1.0, 16.0 ], "autoUv": false, "windMode": [0,0,4,4] }
					},
					"children": [
						{
							"name": "stemdown49",
							"from": [ 0.0693, 0.0, -0.8877 ],
							"to": [ 0.0693, 2.6572, 0.9724 ],
							"rotationOrigin": [ 0.0687, 0.0, 0.0684 ],
							"rotationY": -89.9802,
							"faces": {
								"east": { "texture": "#chamomile", "uv": [ 5.0, 10.5, 8.5, 15.5 ], "autoUv": false, "windMode": [0,1,1,0] }
							},
							"children": [
								{
									"name": "Cube50",
									"from": [ -0.9034, 0.0, 0.9566 ],
									"to": [ 0.9566, 2.6572, 0.9566 ],
									"rotationOrigin": [ 0.0, 0.0, 0.9566 ],
									"faces": {
										"north": { "texture": "#chamomile", "uv": [ 5.0, 10.5, 8.5, 15.5 ], "autoUv": false, "windMode": [0,1,1,0] }
									}
								}
							]
						},
						{
							"name": "stem25",
							"from": [ 0.0, 2.6572, 0.0 ],
							"to": [ 0.1859, 4.5044, 0.1859 ],
							"rotationOrigin": [ 0.1063, 2.6572, 0.1435 ],
							"faces": {
								"north": { "texture": "#chamomile", "uv": [ 1.0, 7.0, 1.5, 12.0 ], "autoUv": false, "windMode": [4,4,4,4] },
								"east": { "texture": "#chamomile", "uv": [ 0.5, 7.0, 1.0, 12.0 ], "autoUv": false, "windMode": [4,4,4,4] },
								"south": { "texture": "#chamomile", "uv": [ 0.0, 6.5, 0.5, 11.5 ], "autoUv": false, "windMode": [4,4,4,4] },
								"west": { "texture": "#chamomile", "uv": [ 1.0, 6.0, 1.5, 11.0 ], "autoUv": false, "windMode": [4,4,4,4] },
								"up": { "texture": "#chamomile", "uv": [ 0.0, 0.0, 0.5, 0.5 ], "autoUv": false, "windMode": [4,4,4,4] }
							}
						},
						{
							"name": "stemdown50",
							"from": [ 0.0687, 2.6572, -0.8882 ],
							"to": [ 0.0687, 4.4144, 0.9718 ],
							"rotationOrigin": [ 0.0687, 2.6572, 0.0684 ],
							"rotationX": -180.0,
							"rotationY": -45.0,
							"rotationZ": -180.0,
							"faces": {
								"east": { "texture": "#chamomile", "uv": [ 5.0, 10.5, 8.5, 15.5 ], "autoUv": false, "windMode": [4,1,1,4] }
							},
							"children": [
								{
									"name": "Cube51",
									"from": [ -0.9034, 0.0, 0.9566 ],
									"to": [ 0.9566, 1.7572, 0.9566 ],
									"rotationOrigin": [ 0.0, 0.0, 0.9566 ],
									"faces": {
										"north": { "texture": "#chamomile", "uv": [ 5.0, 10.5, 8.5, 15.5 ], "autoUv": false, "windMode": [4,1,1,4] }
									}
								}
							]
						}
					]
				},
				{
					"name": "flower18",
					"from": [ -1.0894, -0.1594, 0.4145 ],
					"to": [ -0.9034, 2.4978, 0.6006 ],
					"rotationOrigin": [ -0.9832, -0.1594, 0.558 ],
					"rotationY": -11.0,
					"faces": {
						"north": { "texture": "#chamomile", "uv": [ 1.0, 11.0, 1.5, 16.0 ], "autoUv": false, "windMode": [0,4,4,0] },
						"east": { "texture": "#chamomile", "uv": [ 1.0, 11.0, 1.5, 16.0 ], "autoUv": false, "windMode": [0,4,4,0] },
						"south": { "texture": "#chamomile", "uv": [ 0.5, 11.0, 1.0, 16.0 ], "autoUv": false, "windMode": [0,0,4,4] },
						"west": { "texture": "#chamomile", "uv": [ 0.5, 11.0, 1.0, 16.0 ], "autoUv": false, "windMode": [0,0,4,4] }
					},
					"children": [
						{
							"name": "stemdown51",
							"from": [ 0.0693, 0.0, -0.8877 ],
							"to": [ 0.0693, 2.6572, 0.9724 ],
							"rotationOrigin": [ 0.0687, 0.0, 0.0684 ],
							"rotationY": -89.9802,
							"faces": {
								"east": { "texture": "#chamomile", "uv": [ 5.0, 10.5, 8.5, 15.5 ], "autoUv": false, "windMode": [0,1,1,0] }
							},
							"children": [
								{
									"name": "Cube52",
									"from": [ -0.9034, 0.0, 0.9566 ],
									"to": [ 0.9566, 2.6572, 0.9566 ],
									"rotationOrigin": [ 0.0, 0.0, 0.9566 ],
									"faces": {
										"north": { "texture": "#chamomile", "uv": [ 5.0, 10.5, 8.5, 15.5 ], "autoUv": false, "windMode": [0,1,1,0] }
									}
								}
							]
						},
						{
							"name": "stem26",
							"from": [ 0.0, 2.6572, 0.0 ],
							"to": [ 0.1859, 4.6844, 0.1859 ],
							"rotationOrigin": [ 0.1063, 2.6572, 0.1435 ],
							"faces": {
								"north": { "texture": "#chamomile", "uv": [ 1.0, 7.0, 1.5, 12.0 ], "autoUv": false, "windMode": [4,4,4,4] },
								"east": { "texture": "#chamomile", "uv": [ 0.5, 7.0, 1.0, 12.0 ], "autoUv": false, "windMode": [4,4,4,4] },
								"south": { "texture": "#chamomile", "uv": [ 0.0, 6.5, 0.5, 11.5 ], "autoUv": false, "windMode": [4,4,4,4] },
								"west": { "texture": "#chamomile", "uv": [ 1.0, 6.0, 1.5, 11.0 ], "autoUv": false, "windMode": [4,4,4,4] },
								"up": { "texture": "#chamomile", "uv": [ 0.0, 0.0, 0.5, 0.5 ], "autoUv": false, "windMode": [4,4,4,4] }
							}
						},
						{
							"name": "stemdown52",
							"from": [ 0.0687, 2.6572, -0.8882 ],
							"to": [ 0.0687, 4.5944, 0.9718 ],
							"rotationOrigin": [ 0.0687, 2.6572, 0.0684 ],
							"rotationX": -180.0,
							"rotationY": -45.0,
							"rotationZ": -180.0,
							"faces": {
								"east": { "texture": "#chamomile", "uv": [ 5.0, 10.5, 8.5, 15.5 ], "autoUv": false, "windMode": [4,1,1,4] }
							},
							"children": [
								{
									"name": "Cube53",
									"from": [ -0.9034, 0.0, 0.9566 ],
									"to": [ 0.9566, 1.9372, 0.9566 ],
									"rotationOrigin": [ 0.0, 0.0, 0.9566 ],
									"faces": {
										"north": { "texture": "#chamomile", "uv": [ 5.0, 10.5, 8.5, 15.5 ], "autoUv": false, "windMode": [4,1,1,4] }
									}
								}
							]
						}
					]
				},
				{
					"name": "flower19",
					"from": [ 3.1621, -0.1594, 0.946 ],
					"to": [ 3.3481, 2.4978, 1.132 ],
					"rotationOrigin": [ 3.2683, -0.1594, 1.0894 ],
					"rotationY": -180.0,
					"faces": {
						"north": { "texture": "#chamomile", "uv": [ 1.0, 11.0, 1.5, 16.0 ], "autoUv": false, "windMode": [0,4,4,0] },
						"east": { "texture": "#chamomile", "uv": [ 1.0, 11.0, 1.5, 16.0 ], "autoUv": false, "windMode": [0,4,4,0] },
						"south": { "texture": "#chamomile", "uv": [ 0.5, 11.0, 1.0, 16.0 ], "autoUv": false, "windMode": [0,0,4,4] },
						"west": { "texture": "#chamomile", "uv": [ 0.5, 11.0, 1.0, 16.0 ], "autoUv": false, "windMode": [0,0,4,4] }
					},
					"children": [
						{
							"name": "stemdown53",
							"from": [ 0.0693, 0.0, -0.8877 ],
							"to": [ 0.0693, 2.6572, 0.9724 ],
							"rotationOrigin": [ 0.0687, 0.0, 0.0684 ],
							"rotationY": -89.9802,
							"faces": {
								"east": { "texture": "#chamomile", "uv": [ 5.0, 10.5, 8.5, 15.5 ], "autoUv": false, "windMode": [0,1,1,0] }
							},
							"children": [
								{
									"name": "Cube54",
									"from": [ -0.9034, 0.0, 0.9566 ],
									"to": [ 0.9566, 2.6572, 0.9566 ],
									"rotationOrigin": [ 0.0, 0.0, 0.9566 ],
									"faces": {
										"north": { "texture": "#chamomile", "uv": [ 5.0, 10.5, 8.5, 15.5 ], "autoUv": false, "windMode": [0,1,1,0] }
									}
								}
							]
						},
						{
							"name": "stem27",
							"from": [ 0.0, 2.6572, 0.0 ],
							"to": [ 0.1859, 4.6844, 0.1859 ],
							"rotationOrigin": [ 0.1063, 2.6572, 0.1435 ],
							"faces": {
								"north": { "texture": "#chamomile", "uv": [ 1.0, 7.0, 1.5, 12.0 ], "autoUv": false, "windMode": [4,4,4,4] },
								"east": { "texture": "#chamomile", "uv": [ 0.5, 7.0, 1.0, 12.0 ], "autoUv": false, "windMode": [4,4,4,4] },
								"south": { "texture": "#chamomile", "uv": [ 0.0, 6.5, 0.5, 11.5 ], "autoUv": false, "windMode": [4,4,4,4] },
								"west": { "texture": "#chamomile", "uv": [ 1.0, 6.0, 1.5, 11.0 ], "autoUv": false, "windMode": [4,4,4,4] },
								"up": { "texture": "#chamomile", "uv": [ 0.0, 0.0, 0.5, 0.5 ], "autoUv": false, "windMode": [4,4,4,4] }
							}
						},
						{
							"name": "stemdown54",
							"from": [ 0.0687, 2.6572, -0.8882 ],
							"to": [ 0.0687, 4.5944, 0.9718 ],
							"rotationOrigin": [ 0.0687, 2.6572, 0.0684 ],
							"rotationX": -180.0,
							"rotationY": -45.0,
							"rotationZ": -180.0,
							"faces": {
								"east": { "texture": "#chamomile", "uv": [ 5.0, 10.5, 8.5, 15.5 ], "autoUv": false, "windMode": [4,1,1,4] }
							},
							"children": [
								{
									"name": "Cube55",
									"from": [ -0.9034, 0.0, 0.9566 ],
									"to": [ 0.9566, 1.9372, 0.9566 ],
									"rotationOrigin": [ 0.0, 0.0, 0.9566 ],
									"faces": {
										"north": { "texture": "#chamomile", "uv": [ 5.0, 10.5, 8.5, 15.5 ], "autoUv": false, "windMode": [4,1,1,4] }
									}
								}
							]
						},
						{
							"name": "stemtop62",
							"from": [ 0.0528, 4.581, 0.0412 ],
							"to": [ 0.1858, 5.6439, 0.1741 ],
							"rotationOrigin": [ 0.1326, 4.5781, -0.0331 ],
							"rotationX": -7.2988,
							"rotationY": -1.5496,
							"rotationZ": 15.9444,
							"faces": {
								"north": { "texture": "#chamomile", "uv": [ 1.0, 7.0, 1.5, 9.0 ], "autoUv": false, "windMode": [4,4,4,4] },
								"east": { "texture": "#chamomile", "uv": [ 0.5, 7.0, 1.0, 9.0 ], "autoUv": false, "windMode": [4,4,4,4] },
								"south": { "texture": "#chamomile", "uv": [ 0.0, 6.5, 0.5, 8.5 ], "autoUv": false, "windMode": [4,4,4,4] },
								"west": { "texture": "#chamomile", "uv": [ 1.0, 6.0, 1.5, 8.0 ], "autoUv": false, "windMode": [4,4,4,4] },
								"up": { "texture": "#chamomile", "uv": [ 0.0, 0.0, 0.5, 0.5 ], "autoUv": false, "windMode": [4,4,4,4] }
							}
						}
					]
				},
				{
					"name": "flower2",
					"from": [ -0.558, -0.1594, 2.0088 ],
					"to": [ -0.372, 2.4978, 2.1948 ],
					"rotationOrigin": [ -0.4517, -0.1594, 2.1523 ],
					"rotationY": 127.0,
					"faces": {
						"north": { "texture": "#chamomile", "uv": [ 1.0, 11.0, 1.5, 16.0 ], "autoUv": false, "windMode": [0,4,4,0] },
						"east": { "texture": "#chamomile", "uv": [ 1.0, 11.0, 1.5, 16.0 ], "autoUv": false, "windMode": [0,4,4,0] },
						"south": { "texture": "#chamomile", "uv": [ 0.5, 11.0, 1.0, 16.0 ], "autoUv": false, "windMode": [0,0,4,4] },
						"west": { "texture": "#chamomile", "uv": [ 0.5, 11.0, 1.0, 16.0 ], "autoUv": false, "windMode": [0,0,4,4] }
					},
					"children": [
						{
							"name": "stemdown30",
							"from": [ 0.0693, 0.0, -0.8877 ],
							"to": [ 0.0693, 2.6572, 0.9724 ],
							"rotationOrigin": [ 0.0687, 0.0, 0.0684 ],
							"rotationY": -89.9802,
							"faces": {
								"east": { "texture": "#chamomile", "uv": [ 5.0, 10.5, 8.5, 15.5 ], "autoUv": false, "windMode": [0,1,1,0] }
							},
							"children": [
								{
									"name": "Cube31",
									"from": [ -0.9034, 0.0, 0.9566 ],
									"to": [ 0.9566, 2.6572, 0.9566 ],
									"rotationOrigin": [ 0.0, 0.0, 0.9566 ],
									"faces": {
										"north": { "texture": "#chamomile", "uv": [ 5.0, 10.5, 8.5, 15.5 ], "autoUv": false, "windMode": [0,1,1,0] }
									}
								}
							]
						},
						{
							"name": "stem14",
							"from": [ 0.0, 2.6572, 0.0 ],
							"to": [ 0.1859, 4.6844, 0.1859 ],
							"rotationOrigin": [ 0.1063, 2.6572, 0.1435 ],
							"faces": {
								"north": { "texture": "#chamomile", "uv": [ 1.0, 7.0, 1.5, 12.0 ], "autoUv": false, "windMode": [4,4,4,4] },
								"east": { "texture": "#chamomile", "uv": [ 0.5, 7.0, 1.0, 12.0 ], "autoUv": false, "windMode": [4,4,4,4] },
								"south": { "texture": "#chamomile", "uv": [ 0.0, 6.5, 0.5, 11.5 ], "autoUv": false, "windMode": [4,4,4,4] },
								"west": { "texture": "#chamomile", "uv": [ 1.0, 6.0, 1.5, 11.0 ], "autoUv": false, "windMode": [4,4,4,4] },
								"up": { "texture": "#chamomile", "uv": [ 0.0, 0.0, 0.5, 0.5 ], "autoUv": false, "windMode": [4,4,4,4] }
							}
						},
						{
							"name": "stemdown31",
							"from": [ 0.0687, 2.6572, -0.8882 ],
							"to": [ 0.0687, 4.5944, 0.9718 ],
							"rotationOrigin": [ 0.0687, 2.6572, 0.0684 ],
							"rotationX": -180.0,
							"rotationY": -45.0,
							"rotationZ": -180.0,
							"faces": {
								"east": { "texture": "#chamomile", "uv": [ 5.0, 10.5, 8.5, 15.5 ], "autoUv": false, "windMode": [4,1,1,4] }
							},
							"children": [
								{
									"name": "Cube32",
									"from": [ -0.9034, 0.0, 0.9566 ],
									"to": [ 0.9566, 1.9372, 0.9566 ],
									"rotationOrigin": [ 0.0, 0.0, 0.9566 ],
									"faces": {
										"north": { "texture": "#chamomile", "uv": [ 5.0, 10.5, 8.5, 15.5 ], "autoUv": false, "windMode": [4,1,1,4] }
									}
								}
							]
						}
					]
				}
			]
		}
	]}