{
	"editor": {
		"collapsedPaths": ",Root/origin/flower2,Root/origin/flower4,Root/origin/flower6,Root/origin/flower5,Root/origin/stemdown5,Root/origin/stemdown4,Root/origin/stemdown3,Root/origin/stemdown2,Root/origin2/stemtop5,Root/origin/stemdown28,Root/origin/stemdown26,Root/origin/budorigin3/bud7,Root/origin/stemdown25,Root/origin2,Root/origin/stemdown22,Root/origin/stemdown21,Root/origin/flower10,Root/origin/flower14,Root/origin/flower15,Root/origin/flower12,Root/origin/flower18,Root/origin/flower19,Root/origin/flower16,Root/origin/flower17,Root/origin/flower,Root/origin/stemtop9,Root/origin/stemtop5,Root/origin/budstembiglower,Root/origin/stemdown30,Root/origin/bud5,Root/origin/flower4/cham4/bud19,Root/origin/flower14/stemdown2,Root/origin/bud,Root/origin/flower2/stemdown32,Root/origin/bud4,Root/origin/bud3,Root/origin/bud2,Root/origin/flower7,Root/origin/flower5/stemtop35,Root/origin/flower9,Root/origin/flower5/stembiglower5/budstembiglower5",
		"allAngles": true,
		"entityTextureMode": false
	},
	"textureWidth": 16,
	"textureHeight": 16,
	"textureSizes": {
		"chamomile": [16,16]
	},
	"textures": {
	},
	"elements": [
		{
			"name": "origin",
			"from": [ 8.0, 0.0, 8.0 ],
			"to": [ 8.0, 0.0, 8.0 ],
			"rotationOrigin": [ 8.0, 0.0, 8.0 ],
			"faces": {
			},
			"children": [
				{
					"name": "flower14",
					"from": [ 1.1514, -0.1771, -2.4919 ],
					"to": [ 1.3581, 2.7753, -2.2852 ],
					"rotationOrigin": [ 1.2695, -0.1771, -2.3324 ],
					"rotationY": 45.0,
					"faces": {
						"north": { "texture": "#chamomile", "uv": [ 1.0, 11.0, 1.5, 16.0 ], "autoUv": false, "windMode": [0,4,4,0] },
						"east": { "texture": "#chamomile", "uv": [ 1.0, 11.0, 1.5, 16.0 ], "autoUv": false, "windMode": [0,4,4,0] },
						"south": { "texture": "#chamomile", "uv": [ 0.5, 11.0, 1.0, 16.0 ], "autoUv": false, "windMode": [0,0,4,4] },
						"west": { "texture": "#chamomile", "uv": [ 0.5, 11.0, 1.0, 16.0 ], "autoUv": false, "windMode": [0,0,4,4] }
					},
					"children": [
						{
							"name": "stemdown2",
							"from": [ 0.0783, 0.0, -0.9872 ],
							"to": [ 0.0783, 2.9524, 1.0795 ],
							"rotationOrigin": [ 0.0763, 0.0, 0.076 ],
							"rotationY": -89.9802,
							"faces": {
								"east": { "texture": "#chamomile", "uv": [ 5.0, 10.5, 8.5, 15.5 ], "autoUv": false, "windMode": [0,1,1,0] }
							},
							"children": [
								{
									"name": "Cube2",
									"from": [ -1.0038, 0.0, 1.0629 ],
									"to": [ 1.0629, 2.9524, 1.0629 ],
									"rotationOrigin": [ 0.0, 0.0, 1.0629 ],
									"faces": {
										"north": { "texture": "#chamomile", "uv": [ 5.0, 11.0, 8.5, 16.0 ], "autoUv": false, "windMode": [0,1,1,0] }
									}
								}
							]
						},
						{
							"name": "stem10",
							"from": [ 0.0, 2.9524, 0.0 ],
							"to": [ 0.2066, 5.9049, 0.2066 ],
							"rotationOrigin": [ 0.1181, 2.9524, 0.1594 ],
							"faces": {
								"north": { "texture": "#chamomile", "uv": [ 1.0, 7.0, 1.5, 12.0 ], "autoUv": false, "windMode": [4,4,4,4] },
								"east": { "texture": "#chamomile", "uv": [ 0.5, 7.0, 1.0, 12.0 ], "autoUv": false, "windMode": [4,4,4,4] },
								"south": { "texture": "#chamomile", "uv": [ 0.0, 6.5, 0.5, 11.5 ], "autoUv": false, "windMode": [4,4,4,4] },
								"west": { "texture": "#chamomile", "uv": [ 1.0, 6.0, 1.5, 11.0 ], "autoUv": false, "windMode": [4,4,4,4] },
								"up": { "texture": "#chamomile", "uv": [ 0.0, 0.0, 0.5, 0.5 ], "autoUv": false, "windMode": [4,4,4,4] }
							}
						},
						{
							"name": "stemdown5",
							"from": [ 0.0763, 2.9524, -0.9869 ],
							"to": [ 0.0763, 5.9049, 1.0798 ],
							"rotationOrigin": [ 0.0763, 2.9524, 0.076 ],
							"rotationX": -180.0,
							"rotationY": -45.0,
							"rotationZ": -180.0,
							"faces": {
								"east": { "texture": "#chamomile", "uv": [ 5.0, 10.5, 8.5, 15.5 ], "autoUv": false, "windMode": [4,1,1,4] }
							},
							"children": [
								{
									"name": "Cube5",
									"from": [ -1.0038, 0.0, 1.0629 ],
									"to": [ 1.0629, 2.9524, 1.0629 ],
									"rotationOrigin": [ 0.0, 0.0, 1.0629 ],
									"faces": {
										"north": { "texture": "#chamomile", "uv": [ 5.0, 11.0, 8.5, 16.0 ], "autoUv": false, "windMode": [4,1,1,4] }
									}
								}
							]
						}
					]
				},
				{
					"name": "flower9",
					"from": [ 3.5134, -0.1771, -3.6729 ],
					"to": [ 3.7201, 2.7753, -3.4662 ],
					"rotationOrigin": [ 3.6315, -0.1771, -3.5134 ],
					"rotationY": 45.0,
					"faces": {
						"north": { "texture": "#chamomile", "uv": [ 1.0, 11.0, 1.5, 16.0 ], "autoUv": false, "windMode": [0,4,4,0] },
						"east": { "texture": "#chamomile", "uv": [ 0.5, 11.0, 1.0, 16.0 ], "autoUv": false, "windMode": [0,4,4,0] },
						"south": { "texture": "#chamomile", "uv": [ 1.0, 11.0, 1.5, 16.0 ], "autoUv": false, "windMode": [0,0,4,4] },
						"west": { "texture": "#chamomile", "uv": [ 0.5, 11.0, 1.0, 16.0 ], "autoUv": false, "windMode": [0,0,4,4] }
					},
					"children": [
						{
							"name": "stem11",
							"from": [ 0.0, 2.9524, 0.0 ],
							"to": [ 0.2066, 5.9049, 0.2066 ],
							"rotationOrigin": [ 0.1181, 2.9524, 0.1594 ],
							"faces": {
								"north": { "texture": "#chamomile", "uv": [ 1.0, 7.0, 1.5, 12.0 ], "autoUv": false, "windMode": [4,4,4,4] },
								"east": { "texture": "#chamomile", "uv": [ 0.5, 7.0, 1.0, 12.0 ], "autoUv": false, "windMode": [4,4,4,4] },
								"south": { "texture": "#chamomile", "uv": [ 0.0, 6.5, 0.5, 11.5 ], "autoUv": false, "windMode": [4,4,4,4] },
								"west": { "texture": "#chamomile", "uv": [ 1.0, 6.0, 1.5, 11.0 ], "autoUv": false, "windMode": [4,4,4,4] },
								"up": { "texture": "#chamomile", "uv": [ 0.0, 0.0, 0.5, 0.5 ], "autoUv": false, "windMode": [4,4,4,4] }
							}
						},
						{
							"name": "stemdown28",
							"from": [ 0.0763, 2.9524, -0.9869 ],
							"to": [ 0.0763, 5.9049, 1.0798 ],
							"rotationOrigin": [ 0.0763, 2.9524, 0.076 ],
							"rotationX": -180.0,
							"rotationY": -45.0,
							"rotationZ": -180.0,
							"faces": {
								"east": { "texture": "#chamomile", "uv": [ 5.0, 11.0, 8.5, 16.0 ], "autoUv": false, "windMode": [4,1,1,4] }
							},
							"children": [
								{
									"name": "Cube29",
									"from": [ -1.0038, 0.0, 1.0629 ],
									"to": [ 1.0629, 2.9524, 1.0629 ],
									"rotationOrigin": [ 0.0, 0.0, 1.0629 ],
									"faces": {
										"north": { "texture": "#chamomile", "uv": [ 5.0, 10.5, 8.5, 15.5 ], "autoUv": false, "windMode": [4,1,1,4] }
									}
								}
							]
						},
						{
							"name": "stemdown25",
							"from": [ 0.0778, 0.0, -0.9859 ],
							"to": [ 0.0778, 2.9524, 1.0807 ],
							"rotationOrigin": [ 0.0763, 0.0, 0.076 ],
							"rotationY": -89.9802,
							"faces": {
								"east": { "texture": "#chamomile", "uv": [ 5.0, 11.0, 8.5, 16.0 ], "autoUv": false, "windMode": [0,1,1,0] }
							},
							"children": [
								{
									"name": "Cube26",
									"from": [ -1.0038, 0.0, 1.0629 ],
									"to": [ 1.0629, 2.9524, 1.0629 ],
									"rotationOrigin": [ 0.0, 0.0, 1.0629 ],
									"faces": {
										"north": { "texture": "#chamomile", "uv": [ 5.0, 10.5, 8.5, 15.5 ], "autoUv": false, "windMode": [0,1,1,0] }
									}
								}
							]
						},
						{
							"name": "stemtop15",
							"from": [ 0.1886, 5.7868, -0.0604 ],
							"to": [ 0.3363, 6.9678, 0.0872 ],
							"rotationOrigin": [ 0.1473, 5.7868, -0.0368 ],
							"rotationX": -48.2267,
							"rotationY": -87.0582,
							"rotationZ": -57.1422,
							"faces": {
								"north": { "texture": "#chamomile", "uv": [ 1.0, 7.0, 1.5, 9.0 ], "autoUv": false, "windMode": [4,4,4,4] },
								"east": { "texture": "#chamomile", "uv": [ 0.5, 7.0, 1.0, 9.0 ], "autoUv": false, "windMode": [4,4,4,4] },
								"south": { "texture": "#chamomile", "uv": [ 0.0, 6.5, 0.5, 8.5 ], "autoUv": false, "windMode": [4,4,4,4] },
								"west": { "texture": "#chamomile", "uv": [ 1.0, 6.0, 1.5, 8.0 ], "autoUv": false, "windMode": [4,4,4,4] },
								"up": { "texture": "#chamomile", "uv": [ 0.0, 0.0, 0.5, 0.5 ], "autoUv": false, "windMode": [4,4,4,4] }
							}
						}
					]
				},
				{
					"name": "flower",
					"from": [ 2.3324, -0.1771, -0.4252 ],
					"to": [ 2.5391, 2.7753, -0.2185 ],
					"rotationOrigin": [ 2.4505, -0.1771, -0.2657 ],
					"rotationY": 45.0,
					"faces": {
						"north": { "texture": "#chamomile", "uv": [ 1.0, 11.0, 1.5, 16.0 ], "autoUv": false, "windMode": [0,4,4,0] },
						"east": { "texture": "#chamomile", "uv": [ 1.0, 11.0, 1.5, 16.0 ], "autoUv": false, "windMode": [0,4,4,0] },
						"south": { "texture": "#chamomile", "uv": [ 0.5, 11.0, 1.0, 16.0 ], "autoUv": false, "windMode": [0,0,4,4] },
						"west": { "texture": "#chamomile", "uv": [ 0.5, 11.0, 1.0, 16.0 ], "autoUv": false, "windMode": [0,0,4,4] }
					},
					"children": [
						{
							"name": "stemdown26",
							"from": [ 0.077, 0.0, -0.9863 ],
							"to": [ 0.077, 2.9524, 1.0804 ],
							"rotationOrigin": [ 0.0763, 0.0, 0.076 ],
							"rotationY": -89.9802,
							"faces": {
								"east": { "texture": "#chamomile", "uv": [ 5.0, 10.5, 8.5, 15.5 ], "autoUv": false, "windMode": [0,1,1,0] }
							},
							"children": [
								{
									"name": "Cube27",
									"from": [ -1.0038, 0.0, 1.0629 ],
									"to": [ 1.0629, 2.9524, 1.0629 ],
									"rotationOrigin": [ 0.0, 0.0, 1.0629 ],
									"faces": {
										"north": { "texture": "#chamomile", "uv": [ 5.0, 10.5, 8.5, 15.5 ], "autoUv": false, "windMode": [0,1,1,0] }
									}
								}
							]
						},
						{
							"name": "stem12",
							"from": [ 0.0, 2.9524, 0.0 ],
							"to": [ 0.2066, 5.9049, 0.2066 ],
							"rotationOrigin": [ 0.1181, 2.9524, 0.1594 ],
							"faces": {
								"north": { "texture": "#chamomile", "uv": [ 1.0, 7.0, 1.5, 12.0 ], "autoUv": false, "windMode": [4,4,4,4] },
								"east": { "texture": "#chamomile", "uv": [ 0.5, 7.0, 1.0, 12.0 ], "autoUv": false, "windMode": [4,4,4,4] },
								"south": { "texture": "#chamomile", "uv": [ 0.0, 6.5, 0.5, 11.5 ], "autoUv": false, "windMode": [4,4,4,4] },
								"west": { "texture": "#chamomile", "uv": [ 1.0, 6.0, 1.5, 11.0 ], "autoUv": false, "windMode": [4,4,4,4] },
								"up": { "texture": "#chamomile", "uv": [ 0.0, 0.0, 0.5, 0.5 ], "autoUv": false, "windMode": [4,4,4,4] }
							}
						},
						{
							"name": "stemdown29",
							"from": [ 0.0763, 2.9524, -0.9869 ],
							"to": [ 0.0763, 5.9049, 1.0798 ],
							"rotationOrigin": [ 0.0763, 2.9524, 0.076 ],
							"rotationX": -180.0,
							"rotationY": -45.0,
							"rotationZ": -180.0,
							"faces": {
								"east": { "texture": "#chamomile", "uv": [ 5.0, 10.5, 8.5, 15.5 ], "autoUv": false, "windMode": [4,1,1,4] }
							},
							"children": [
								{
									"name": "Cube30",
									"from": [ -1.0038, 0.0, 1.0629 ],
									"to": [ 1.0629, 2.9524, 1.0629 ],
									"rotationOrigin": [ 0.0, 0.0, 1.0629 ],
									"faces": {
										"north": { "texture": "#chamomile", "uv": [ 5.0, 10.5, 8.5, 15.5 ], "autoUv": false, "windMode": [4,1,1,4] }
									}
								}
							]
						},
						{
							"name": "stembiglower",
							"from": [ -0.0075, 4.2004, 0.2146 ],
							"to": [ 0.1401, 5.3814, 0.3623 ],
							"rotationOrigin": [ 0.0279, 4.3776, 0.2146 ],
							"rotationX": 131.7732,
							"rotationY": 87.0581,
							"rotationZ": -100.8577,
							"faces": {
								"north": { "texture": "#chamomile", "uv": [ 1.0, 7.0, 1.5, 9.0 ], "autoUv": false, "windMode": [4,4,4,4] },
								"east": { "texture": "#chamomile", "uv": [ 0.5, 7.0, 1.0, 9.0 ], "autoUv": false, "windMode": [4,4,4,4] },
								"south": { "texture": "#chamomile", "uv": [ 0.0, 6.5, 0.5, 8.5 ], "autoUv": false, "windMode": [4,4,4,4] },
								"west": { "texture": "#chamomile", "uv": [ 1.0, 6.0, 1.5, 8.0 ], "autoUv": false, "windMode": [4,4,4,4] },
								"up": { "texture": "#chamomile", "uv": [ 0.0, 0.0, 0.5, 0.5 ], "autoUv": false, "windMode": [4,4,4,4] }
							}
						}
					]
				},
				{
					"name": "flower12",
					"from": [ 0.5609, -0.1771, 0.7558 ],
					"to": [ 0.7676, 2.7753, 0.9625 ],
					"rotationOrigin": [ 0.679, -0.1771, 0.9152 ],
					"rotationY": 45.0,
					"faces": {
						"north": { "texture": "#chamomile", "uv": [ 0.5, 11.0, 1.0, 16.0 ], "autoUv": false, "windMode": [0,4,4,0] },
						"east": { "texture": "#chamomile", "uv": [ 1.0, 11.0, 1.5, 16.0 ], "autoUv": false, "windMode": [0,4,4,0] },
						"south": { "texture": "#chamomile", "uv": [ 0.5, 11.0, 1.0, 16.0 ], "autoUv": false, "windMode": [0,0,4,4] },
						"west": { "texture": "#chamomile", "uv": [ 0.5, 11.0, 1.0, 16.0 ], "autoUv": false, "windMode": [0,0,4,4] }
					},
					"children": [
						{
							"name": "stem13",
							"from": [ 0.0, 2.9524, 0.0 ],
							"to": [ 0.2066, 5.9049, 0.2066 ],
							"rotationOrigin": [ 0.1181, 2.9524, 0.1594 ],
							"faces": {
								"north": { "texture": "#chamomile", "uv": [ 1.0, 7.0, 1.5, 12.0 ], "autoUv": false, "windMode": [4,4,4,4] },
								"east": { "texture": "#chamomile", "uv": [ 0.5, 7.0, 1.0, 12.0 ], "autoUv": false, "windMode": [4,4,4,4] },
								"south": { "texture": "#chamomile", "uv": [ 0.0, 6.5, 0.5, 11.5 ], "autoUv": false, "windMode": [4,4,4,4] },
								"west": { "texture": "#chamomile", "uv": [ 1.0, 6.0, 1.5, 11.0 ], "autoUv": false, "windMode": [4,4,4,4] },
								"up": { "texture": "#chamomile", "uv": [ 0.0, 0.0, 0.5, 0.5 ], "autoUv": false, "windMode": [4,4,4,4] }
							}
						},
						{
							"name": "stemdown27",
							"from": [ 0.0763, 2.9524, -0.9869 ],
							"to": [ 0.0763, 5.9049, 1.0798 ],
							"rotationOrigin": [ 0.0763, 2.9524, 0.076 ],
							"rotationX": -180.0,
							"rotationY": -45.0,
							"rotationZ": -180.0,
							"faces": {
								"east": { "texture": "#chamomile", "uv": [ 5.0, 10.5, 8.5, 15.5 ], "autoUv": false, "windMode": [4,1,1,4] }
							},
							"children": [
								{
									"name": "Cube28",
									"from": [ -1.0038, 0.0, 1.0629 ],
									"to": [ 1.0629, 2.9524, 1.0629 ],
									"rotationOrigin": [ 0.0, 0.0, 1.0629 ],
									"faces": {
										"north": { "texture": "#chamomile", "uv": [ 5.0, 10.5, 8.5, 15.5 ], "autoUv": false, "windMode": [4,1,1,4] }
									}
								}
							]
						},
						{
							"name": "stemdown23",
							"from": [ 0.0761, 0.0, -0.9857 ],
							"to": [ 0.0761, 2.9524, 1.081 ],
							"rotationOrigin": [ 0.0763, 0.0, 0.076 ],
							"rotationY": -89.9802,
							"faces": {
								"east": { "texture": "#chamomile", "uv": [ 5.0, 10.5, 8.5, 15.5 ], "autoUv": false, "windMode": [0,1,1,0] }
							},
							"children": [
								{
									"name": "Cube24",
									"from": [ -1.0038, 0.0, 1.0629 ],
									"to": [ 1.0629, 2.9524, 1.0629 ],
									"rotationOrigin": [ 0.0, 0.0, 1.0629 ],
									"faces": {
										"north": { "texture": "#chamomile", "uv": [ 5.0, 10.5, 8.5, 15.5 ], "autoUv": false, "windMode": [0,1,1,0] }
									}
								}
							]
						},
						{
							"name": "stemtop7",
							"from": [ 0.0516, 5.7868, 0.0345 ],
							"to": [ 0.1993, 6.9678, 0.1821 ],
							"rotationOrigin": [ 0.0221, 5.7868, 0.0049 ],
							"rotationX": -2.1208,
							"rotationY": 0.0393,
							"rotationZ": 5.8792,
							"faces": {
								"north": { "texture": "#chamomile", "uv": [ 1.0, 7.0, 1.5, 9.0 ], "autoUv": false, "windMode": [4,4,4,4] },
								"east": { "texture": "#chamomile", "uv": [ 0.5, 7.0, 1.0, 9.0 ], "autoUv": false, "windMode": [4,4,4,4] },
								"south": { "texture": "#chamomile", "uv": [ 0.0, 6.5, 0.5, 8.5 ], "autoUv": false, "windMode": [4,4,4,4] },
								"west": { "texture": "#chamomile", "uv": [ 1.0, 6.0, 1.5, 8.0 ], "autoUv": false, "windMode": [4,4,4,4] },
								"up": { "texture": "#chamomile", "uv": [ 0.0, 0.0, 0.5, 0.5 ], "autoUv": false, "windMode": [4,4,4,4] }
							}
						}
					]
				},
				{
					"name": "flower6",
					"from": [ -4.1629, -0.1771, -0.1299 ],
					"to": [ -3.9563, 2.7753, 0.0768 ],
					"rotationOrigin": [ -4.0448, -0.1771, 0.0295 ],
					"rotationY": 45.0,
					"faces": {
						"north": { "texture": "#chamomile", "uv": [ 0.5, 11.0, 1.0, 16.0 ], "autoUv": false, "windMode": [0,4,4,0] },
						"east": { "texture": "#chamomile", "uv": [ 1.0, 11.0, 1.5, 16.0 ], "autoUv": false, "windMode": [0,4,4,0] },
						"south": { "texture": "#chamomile", "uv": [ 0.5, 11.0, 1.0, 16.0 ], "autoUv": false, "windMode": [0,0,4,4] },
						"west": { "texture": "#chamomile", "uv": [ 1.0, 11.0, 1.5, 16.0 ], "autoUv": false, "windMode": [0,0,4,4] }
					},
					"children": [
						{
							"name": "stem15",
							"from": [ 0.0, 2.9524, 0.0 ],
							"to": [ 0.2066, 5.9049, 0.2066 ],
							"rotationOrigin": [ 0.1181, 2.9524, 0.1594 ],
							"faces": {
								"north": { "texture": "#chamomile", "uv": [ 1.0, 7.0, 1.5, 12.0 ], "autoUv": false, "windMode": [4,4,4,4] },
								"east": { "texture": "#chamomile", "uv": [ 0.5, 7.0, 1.0, 12.0 ], "autoUv": false, "windMode": [4,4,4,4] },
								"south": { "texture": "#chamomile", "uv": [ 0.0, 6.5, 0.5, 11.5 ], "autoUv": false, "windMode": [4,4,4,4] },
								"west": { "texture": "#chamomile", "uv": [ 1.0, 6.0, 1.5, 11.0 ], "autoUv": false, "windMode": [4,4,4,4] },
								"up": { "texture": "#chamomile", "uv": [ 0.0, 0.0, 0.5, 0.5 ], "autoUv": false, "windMode": [4,4,4,4] }
							}
						},
						{
							"name": "stemdown6",
							"from": [ 0.0763, 2.9524, -0.9869 ],
							"to": [ 0.0763, 5.9049, 1.0798 ],
							"rotationOrigin": [ 0.0763, 2.9524, 0.076 ],
							"rotationX": -180.0,
							"rotationY": -45.0,
							"rotationZ": -180.0,
							"faces": {
								"east": { "texture": "#chamomile", "uv": [ 5.0, 11.0, 8.5, 16.0 ], "autoUv": false, "windMode": [4,1,1,4] }
							},
							"children": [
								{
									"name": "Cube6",
									"from": [ -1.0038, 0.0, 1.0629 ],
									"to": [ 1.0629, 2.9524, 1.0629 ],
									"rotationOrigin": [ 0.0, 0.0, 1.0629 ],
									"faces": {
										"north": { "texture": "#chamomile", "uv": [ 5.0, 11.0, 8.5, 16.0 ], "autoUv": false, "windMode": [4,1,1,4] }
									}
								}
							]
						},
						{
							"name": "stemdown3",
							"from": [ 0.077, 0.0, -0.9878 ],
							"to": [ 0.077, 2.9524, 1.0789 ],
							"rotationOrigin": [ 0.0763, 0.0, 0.076 ],
							"rotationY": -89.9802,
							"faces": {
								"east": { "texture": "#chamomile", "uv": [ 5.0, 11.0, 8.5, 16.0 ], "autoUv": false, "windMode": [0,1,1,0] }
							},
							"children": [
								{
									"name": "Cube3",
									"from": [ -1.0038, 0.0, 1.0629 ],
									"to": [ 1.0629, 2.9524, 1.0629 ],
									"rotationOrigin": [ 0.0, 0.0, 1.0629 ],
									"faces": {
										"north": { "texture": "#chamomile", "uv": [ 5.0, 11.0, 8.5, 16.0 ], "autoUv": false, "windMode": [0,1,1,0] }
									}
								}
							]
						}
					]
				},
				{
					"name": "flower4",
					"from": [ -0.62, -0.1771, -1.9014 ],
					"to": [ -0.4133, 2.7753, -1.6947 ],
					"rotationOrigin": [ -0.5019, -0.1771, -1.7419 ],
					"faces": {
						"north": { "texture": "#chamomile", "uv": [ 1.0, 11.0, 1.5, 16.0 ], "autoUv": false, "windMode": [0,4,4,0] },
						"east": { "texture": "#chamomile", "uv": [ 1.0, 11.0, 1.5, 16.0 ], "autoUv": false, "windMode": [0,4,4,0] },
						"south": { "texture": "#chamomile", "uv": [ 0.5, 11.0, 1.0, 16.0 ], "autoUv": false, "windMode": [0,0,4,4] },
						"west": { "texture": "#chamomile", "uv": [ 0.5, 11.0, 1.0, 16.0 ], "autoUv": false, "windMode": [0,0,4,4] }
					},
					"children": [
						{
							"name": "stemdown35",
							"from": [ 0.077, 0.0, -0.9863 ],
							"to": [ 0.077, 2.9524, 1.0804 ],
							"rotationOrigin": [ 0.0763, 0.0, 0.076 ],
							"rotationY": -89.9802,
							"faces": {
								"east": { "texture": "#chamomile", "uv": [ 5.0, 10.5, 8.5, 15.5 ], "autoUv": false, "windMode": [0,1,1,0] }
							},
							"children": [
								{
									"name": "Cube36",
									"from": [ -1.0038, 0.0, 1.0629 ],
									"to": [ 1.0629, 2.9524, 1.0629 ],
									"rotationOrigin": [ 0.0, 0.0, 1.0629 ],
									"faces": {
										"north": { "texture": "#chamomile", "uv": [ 5.0, 10.5, 8.5, 15.5 ], "autoUv": false, "windMode": [0,1,1,0] }
									}
								}
							]
						},
						{
							"name": "stem19",
							"from": [ 0.0, 2.9524, 0.0 ],
							"to": [ 0.2066, 5.9049, 0.2066 ],
							"rotationOrigin": [ 0.1181, 2.9524, 0.1594 ],
							"faces": {
								"north": { "texture": "#chamomile", "uv": [ 1.0, 7.0, 1.5, 12.0 ], "autoUv": false, "windMode": [4,4,4,4] },
								"east": { "texture": "#chamomile", "uv": [ 0.5, 7.0, 1.0, 12.0 ], "autoUv": false, "windMode": [4,4,4,4] },
								"south": { "texture": "#chamomile", "uv": [ 0.0, 6.5, 0.5, 11.5 ], "autoUv": false, "windMode": [4,4,4,4] },
								"west": { "texture": "#chamomile", "uv": [ 1.0, 6.0, 1.5, 11.0 ], "autoUv": false, "windMode": [4,4,4,4] },
								"up": { "texture": "#chamomile", "uv": [ 0.0, 0.0, 0.5, 0.5 ], "autoUv": false, "windMode": [4,4,4,4] }
							}
						},
						{
							"name": "stemdown36",
							"from": [ 0.0763, 2.9524, -0.9869 ],
							"to": [ 0.0763, 5.9049, 1.0798 ],
							"rotationOrigin": [ 0.0763, 2.9524, 0.076 ],
							"rotationX": -180.0,
							"rotationY": -45.0,
							"rotationZ": -180.0,
							"faces": {
								"east": { "texture": "#chamomile", "uv": [ 5.0, 10.5, 8.5, 15.5 ], "autoUv": false, "windMode": [4,1,1,4] }
							},
							"children": [
								{
									"name": "Cube37",
									"from": [ -1.0038, 0.0, 1.0629 ],
									"to": [ 1.0629, 2.9524, 1.0629 ],
									"rotationOrigin": [ 0.0, 0.0, 1.0629 ],
									"faces": {
										"north": { "texture": "#chamomile", "uv": [ 5.0, 10.5, 8.5, 15.5 ], "autoUv": false, "windMode": [4,1,1,4] }
									}
								}
							]
						},
						{
							"name": "stemtop33",
							"from": [ 0.0587, 5.7868, 0.0458 ],
							"to": [ 0.2064, 6.9678, 0.1935 ],
							"rotationOrigin": [ 0.1473, 5.7868, -0.0368 ],
							"rotationX": -7.2988,
							"rotationY": -1.5496,
							"rotationZ": 15.9444,
							"faces": {
								"north": { "texture": "#chamomile", "uv": [ 1.0, 7.0, 1.5, 9.0 ], "autoUv": false, "windMode": [4,4,4,4] },
								"east": { "texture": "#chamomile", "uv": [ 0.5, 7.0, 1.0, 9.0 ], "autoUv": false, "windMode": [4,4,4,4] },
								"south": { "texture": "#chamomile", "uv": [ 0.0, 6.5, 0.5, 8.5 ], "autoUv": false, "windMode": [4,4,4,4] },
								"west": { "texture": "#chamomile", "uv": [ 1.0, 6.0, 1.5, 8.0 ], "autoUv": false, "windMode": [4,4,4,4] },
								"up": { "texture": "#chamomile", "uv": [ 0.0, 0.0, 0.5, 0.5 ], "autoUv": false, "windMode": [4,4,4,4] }
							}
						}
					]
				},
				{
					"name": "flower5",
					"from": [ -2.6867, -0.1771, -1.9014 ],
					"to": [ -2.4801, 2.7753, -1.6947 ],
					"rotationOrigin": [ -2.5686, -0.1771, -1.7419 ],
					"rotationY": 90.0,
					"faces": {
						"north": { "texture": "#chamomile", "uv": [ 1.0, 11.0, 1.5, 16.0 ], "autoUv": false, "windMode": [0,4,4,0] },
						"east": { "texture": "#chamomile", "uv": [ 1.0, 11.0, 1.5, 16.0 ], "autoUv": false, "windMode": [0,4,4,0] },
						"south": { "texture": "#chamomile", "uv": [ 0.5, 11.0, 1.0, 16.0 ], "autoUv": false, "windMode": [0,0,4,4] },
						"west": { "texture": "#chamomile", "uv": [ 0.5, 11.0, 1.0, 16.0 ], "autoUv": false, "windMode": [0,0,4,4] }
					},
					"children": [
						{
							"name": "stemdown37",
							"from": [ 0.077, 0.0, -0.9863 ],
							"to": [ 0.077, 2.9524, 1.0804 ],
							"rotationOrigin": [ 0.0763, 0.0, 0.076 ],
							"rotationY": -89.9802,
							"faces": {
								"east": { "texture": "#chamomile", "uv": [ 5.0, 10.5, 8.5, 15.5 ], "autoUv": false, "windMode": [0,1,1,0] }
							},
							"children": [
								{
									"name": "Cube38",
									"from": [ -1.0038, 0.0, 1.0629 ],
									"to": [ 1.0629, 2.9524, 1.0629 ],
									"rotationOrigin": [ 0.0, 0.0, 1.0629 ],
									"faces": {
										"north": { "texture": "#chamomile", "uv": [ 5.0, 10.5, 8.5, 15.5 ], "autoUv": false, "windMode": [0,1,1,0] }
									}
								}
							]
						},
						{
							"name": "stem20",
							"from": [ 0.0, 2.9524, 0.0 ],
							"to": [ 0.2066, 5.9049, 0.2066 ],
							"rotationOrigin": [ 0.1181, 2.9524, 0.1594 ],
							"faces": {
								"north": { "texture": "#chamomile", "uv": [ 1.0, 7.0, 1.5, 12.0 ], "autoUv": false, "windMode": [4,4,4,4] },
								"east": { "texture": "#chamomile", "uv": [ 0.5, 7.0, 1.0, 12.0 ], "autoUv": false, "windMode": [4,4,4,4] },
								"south": { "texture": "#chamomile", "uv": [ 0.0, 6.5, 0.5, 11.5 ], "autoUv": false, "windMode": [4,4,4,4] },
								"west": { "texture": "#chamomile", "uv": [ 1.0, 6.0, 1.5, 11.0 ], "autoUv": false, "windMode": [4,4,4,4] },
								"up": { "texture": "#chamomile", "uv": [ 0.0, 0.0, 0.5, 0.5 ], "autoUv": false, "windMode": [4,4,4,4] }
							}
						},
						{
							"name": "stemdown38",
							"from": [ 0.0763, 2.9524, -0.9869 ],
							"to": [ 0.0763, 5.9049, 1.0798 ],
							"rotationOrigin": [ 0.0763, 2.9524, 0.076 ],
							"rotationX": -180.0,
							"rotationY": -45.0,
							"rotationZ": -180.0,
							"faces": {
								"east": { "texture": "#chamomile", "uv": [ 5.0, 10.5, 8.5, 15.5 ], "autoUv": false, "windMode": [4,1,1,4] }
							},
							"children": [
								{
									"name": "Cube39",
									"from": [ -1.0038, 0.0, 1.0629 ],
									"to": [ 1.0629, 2.9524, 1.0629 ],
									"rotationOrigin": [ 0.0, 0.0, 1.0629 ],
									"faces": {
										"north": { "texture": "#chamomile", "uv": [ 5.0, 10.5, 8.5, 15.5 ], "autoUv": false, "windMode": [4,1,1,4] }
									}
								}
							]
						},
						{
							"name": "stemtop38",
							"from": [ 0.0587, 5.7868, 0.0458 ],
							"to": [ 0.2064, 6.9678, 0.1935 ],
							"rotationOrigin": [ 0.1473, 5.7868, -0.0368 ],
							"rotationX": -7.2988,
							"rotationY": -1.5496,
							"rotationZ": 15.9444,
							"faces": {
								"north": { "texture": "#chamomile", "uv": [ 1.0, 7.0, 1.5, 9.0 ], "autoUv": false, "windMode": [4,4,4,4] },
								"east": { "texture": "#chamomile", "uv": [ 0.5, 7.0, 1.0, 9.0 ], "autoUv": false, "windMode": [4,4,4,4] },
								"south": { "texture": "#chamomile", "uv": [ 0.0, 6.5, 0.5, 8.5 ], "autoUv": false, "windMode": [4,4,4,4] },
								"west": { "texture": "#chamomile", "uv": [ 1.0, 6.0, 1.5, 8.0 ], "autoUv": false, "windMode": [4,4,4,4] },
								"up": { "texture": "#chamomile", "uv": [ 0.0, 0.0, 0.5, 0.5 ], "autoUv": false, "windMode": [4,4,4,4] }
							}
						}
					]
				},
				{
					"name": "flower10",
					"from": [ -2.3914, -0.1771, 1.0511 ],
					"to": [ -2.1848, 2.7753, 1.2578 ],
					"rotationOrigin": [ -2.2733, -0.1771, 1.2105 ],
					"rotationY": 11.0,
					"faces": {
						"north": { "texture": "#chamomile", "uv": [ 1.0, 11.0, 1.5, 16.0 ], "autoUv": false, "windMode": [0,4,4,0] },
						"east": { "texture": "#chamomile", "uv": [ 0.5, 11.0, 1.0, 16.0 ], "autoUv": false, "windMode": [0,4,4,0] },
						"south": { "texture": "#chamomile", "uv": [ 1.0, 11.0, 1.5, 16.0 ], "autoUv": false, "windMode": [0,0,4,4] },
						"west": { "texture": "#chamomile", "uv": [ 0.5, 11.0, 1.0, 16.0 ], "autoUv": false, "windMode": [0,0,4,4] }
					},
					"children": [
						{
							"name": "stem22",
							"from": [ 0.0, 2.9524, 0.0 ],
							"to": [ 0.2066, 5.9049, 0.2066 ],
							"rotationOrigin": [ 0.1181, 2.9524, 0.1594 ],
							"faces": {
								"north": { "texture": "#chamomile", "uv": [ 1.0, 7.0, 1.5, 12.0 ], "autoUv": false, "windMode": [4,4,4,4] },
								"east": { "texture": "#chamomile", "uv": [ 0.5, 7.0, 1.0, 12.0 ], "autoUv": false, "windMode": [4,4,4,4] },
								"south": { "texture": "#chamomile", "uv": [ 0.0, 6.5, 0.5, 11.5 ], "autoUv": false, "windMode": [4,4,4,4] },
								"west": { "texture": "#chamomile", "uv": [ 1.0, 6.0, 1.5, 11.0 ], "autoUv": false, "windMode": [4,4,4,4] },
								"up": { "texture": "#chamomile", "uv": [ 0.0, 0.0, 0.5, 0.5 ], "autoUv": false, "windMode": [4,4,4,4] }
							}
						},
						{
							"name": "stemdown41",
							"from": [ 0.0763, 2.9524, -0.9869 ],
							"to": [ 0.0763, 5.9049, 1.0798 ],
							"rotationOrigin": [ 0.0763, 2.9524, 0.076 ],
							"rotationX": -180.0,
							"rotationY": -45.0,
							"rotationZ": -180.0,
							"faces": {
								"east": { "texture": "#chamomile", "uv": [ 5.0, 11.0, 8.5, 16.0 ], "autoUv": false, "windMode": [4,1,1,4] }
							},
							"children": [
								{
									"name": "Cube42",
									"from": [ -1.0038, 0.0, 1.0629 ],
									"to": [ 1.0629, 2.9524, 1.0629 ],
									"rotationOrigin": [ 0.0, 0.0, 1.0629 ],
									"faces": {
										"north": { "texture": "#chamomile", "uv": [ 5.0, 10.5, 8.5, 15.5 ], "autoUv": false, "windMode": [4,1,1,4] }
									}
								}
							]
						},
						{
							"name": "stemdown42",
							"from": [ 0.0778, 0.0, -0.9859 ],
							"to": [ 0.0778, 2.9524, 1.0807 ],
							"rotationOrigin": [ 0.0763, 0.0, 0.076 ],
							"rotationY": -89.9802,
							"faces": {
								"east": { "texture": "#chamomile", "uv": [ 5.0, 11.0, 8.5, 16.0 ], "autoUv": false, "windMode": [0,1,1,0] }
							},
							"children": [
								{
									"name": "Cube43",
									"from": [ -1.0038, 0.0, 1.0629 ],
									"to": [ 1.0629, 2.9524, 1.0629 ],
									"rotationOrigin": [ 0.0, 0.0, 1.0629 ],
									"faces": {
										"north": { "texture": "#chamomile", "uv": [ 5.0, 10.5, 8.5, 15.5 ], "autoUv": false, "windMode": [0,1,1,0] }
									}
								}
							]
						},
						{
							"name": "stemtop47",
							"from": [ 0.1886, 5.7868, -0.0604 ],
							"to": [ 0.3363, 6.9678, 0.0872 ],
							"rotationOrigin": [ 0.1473, 5.7868, -0.0368 ],
							"rotationX": -48.2267,
							"rotationY": -87.0582,
							"rotationZ": -57.1422,
							"faces": {
								"north": { "texture": "#chamomile", "uv": [ 1.0, 7.0, 1.5, 9.0 ], "autoUv": false, "windMode": [4,4,4,4] },
								"east": { "texture": "#chamomile", "uv": [ 0.5, 7.0, 1.0, 9.0 ], "autoUv": false, "windMode": [4,4,4,4] },
								"south": { "texture": "#chamomile", "uv": [ 0.0, 6.5, 0.5, 8.5 ], "autoUv": false, "windMode": [4,4,4,4] },
								"west": { "texture": "#chamomile", "uv": [ 1.0, 6.0, 1.5, 8.0 ], "autoUv": false, "windMode": [4,4,4,4] },
								"up": { "texture": "#chamomile", "uv": [ 0.0, 0.0, 0.5, 0.5 ], "autoUv": false, "windMode": [4,4,4,4] }
							}
						}
					]
				},
				{
					"name": "flower15",
					"from": [ -3.5724, -0.1771, -3.0824 ],
					"to": [ -3.3658, 2.7753, -2.8757 ],
					"rotationOrigin": [ -3.4543, -0.1771, -2.9229 ],
					"rotationY": 45.0,
					"faces": {
						"north": { "texture": "#chamomile", "uv": [ 1.0, 11.0, 1.5, 16.0 ], "autoUv": false, "windMode": [0,4,4,0] },
						"east": { "texture": "#chamomile", "uv": [ 1.0, 11.0, 1.5, 16.0 ], "autoUv": false, "windMode": [0,4,4,0] },
						"south": { "texture": "#chamomile", "uv": [ 0.5, 11.0, 1.0, 16.0 ], "autoUv": false, "windMode": [0,0,4,4] },
						"west": { "texture": "#chamomile", "uv": [ 0.5, 11.0, 1.0, 16.0 ], "autoUv": false, "windMode": [0,0,4,4] }
					},
					"children": [
						{
							"name": "stemdown40",
							"from": [ 0.077, 0.0, -0.9863 ],
							"to": [ 0.077, 2.9524, 1.0804 ],
							"rotationOrigin": [ 0.0763, 0.0, 0.076 ],
							"rotationY": -89.9802,
							"faces": {
								"east": { "texture": "#chamomile", "uv": [ 5.0, 10.5, 8.5, 15.5 ], "autoUv": false, "windMode": [0,1,1,0] }
							},
							"children": [
								{
									"name": "Cube41",
									"from": [ -1.0038, 0.0, 1.0629 ],
									"to": [ 1.0629, 2.9524, 1.0629 ],
									"rotationOrigin": [ 0.0, 0.0, 1.0629 ],
									"faces": {
										"north": { "texture": "#chamomile", "uv": [ 5.0, 10.5, 8.5, 15.5 ], "autoUv": false, "windMode": [0,1,1,0] }
									}
								}
							]
						},
						{
							"name": "stem21",
							"from": [ 0.0, 2.9524, 0.0 ],
							"to": [ 0.2066, 5.9049, 0.2066 ],
							"rotationOrigin": [ 0.1181, 2.9524, 0.1594 ],
							"faces": {
								"north": { "texture": "#chamomile", "uv": [ 1.0, 7.0, 1.5, 12.0 ], "autoUv": false, "windMode": [4,4,4,4] },
								"east": { "texture": "#chamomile", "uv": [ 0.5, 7.0, 1.0, 12.0 ], "autoUv": false, "windMode": [4,4,4,4] },
								"south": { "texture": "#chamomile", "uv": [ 0.0, 6.5, 0.5, 11.5 ], "autoUv": false, "windMode": [4,4,4,4] },
								"west": { "texture": "#chamomile", "uv": [ 1.0, 6.0, 1.5, 11.0 ], "autoUv": false, "windMode": [4,4,4,4] },
								"up": { "texture": "#chamomile", "uv": [ 0.0, 0.0, 0.5, 0.5 ], "autoUv": false, "windMode": [4,4,4,4] }
							}
						},
						{
							"name": "stemdown44",
							"from": [ 0.0763, 2.9524, -0.9869 ],
							"to": [ 0.0763, 5.9049, 1.0798 ],
							"rotationOrigin": [ 0.0763, 2.9524, 0.076 ],
							"rotationX": -180.0,
							"rotationY": -45.0,
							"rotationZ": -180.0,
							"faces": {
								"east": { "texture": "#chamomile", "uv": [ 5.0, 10.5, 8.5, 15.5 ], "autoUv": false, "windMode": [4,1,1,4] }
							},
							"children": [
								{
									"name": "Cube45",
									"from": [ -1.0038, 0.0, 1.0629 ],
									"to": [ 1.0629, 2.9524, 1.0629 ],
									"rotationOrigin": [ 0.0, 0.0, 1.0629 ],
									"faces": {
										"north": { "texture": "#chamomile", "uv": [ 5.0, 10.5, 8.5, 15.5 ], "autoUv": false, "windMode": [4,1,1,4] }
									}
								}
							]
						},
						{
							"name": "stembiglower6",
							"from": [ -0.0075, 4.2004, 0.2146 ],
							"to": [ 0.1401, 5.3814, 0.3623 ],
							"rotationOrigin": [ 0.0279, 4.3776, 0.2146 ],
							"rotationX": 131.7732,
							"rotationY": 87.0581,
							"rotationZ": -100.8577,
							"faces": {
								"north": { "texture": "#chamomile", "uv": [ 1.0, 7.0, 1.5, 9.0 ], "autoUv": false, "windMode": [4,4,4,4] },
								"east": { "texture": "#chamomile", "uv": [ 0.5, 7.0, 1.0, 9.0 ], "autoUv": false, "windMode": [4,4,4,4] },
								"south": { "texture": "#chamomile", "uv": [ 0.0, 6.5, 0.5, 8.5 ], "autoUv": false, "windMode": [4,4,4,4] },
								"west": { "texture": "#chamomile", "uv": [ 1.0, 6.0, 1.5, 8.0 ], "autoUv": false, "windMode": [4,4,4,4] },
								"up": { "texture": "#chamomile", "uv": [ 0.0, 0.0, 0.5, 0.5 ], "autoUv": false, "windMode": [4,4,4,4] }
							}
						}
					]
				},
				{
					"name": "flower16",
					"from": [ -2.9819, -0.1771, 2.8225 ],
					"to": [ -2.7753, 2.7753, 3.0292 ],
					"rotationOrigin": [ -2.8638, -0.1771, 2.9819 ],
					"rotationY": -58.0,
					"faces": {
						"north": { "texture": "#chamomile", "uv": [ 1.0, 11.0, 1.5, 16.0 ], "autoUv": false, "windMode": [0,4,4,0] },
						"east": { "texture": "#chamomile", "uv": [ 1.0, 11.0, 1.5, 16.0 ], "autoUv": false, "windMode": [0,4,4,0] },
						"south": { "texture": "#chamomile", "uv": [ 0.5, 11.0, 1.0, 16.0 ], "autoUv": false, "windMode": [0,0,4,4] },
						"west": { "texture": "#chamomile", "uv": [ 0.5, 11.0, 1.0, 16.0 ], "autoUv": false, "windMode": [0,0,4,4] }
					},
					"children": [
						{
							"name": "stemdown47",
							"from": [ 0.077, 0.0, -0.9863 ],
							"to": [ 0.077, 2.9524, 1.0804 ],
							"rotationOrigin": [ 0.0763, 0.0, 0.076 ],
							"rotationY": -89.9802,
							"faces": {
								"east": { "texture": "#chamomile", "uv": [ 5.0, 10.5, 8.5, 15.5 ], "autoUv": false, "windMode": [0,1,1,0] }
							},
							"children": [
								{
									"name": "Cube48",
									"from": [ -1.0038, 0.0, 1.0629 ],
									"to": [ 1.0629, 2.9524, 1.0629 ],
									"rotationOrigin": [ 0.0, 0.0, 1.0629 ],
									"faces": {
										"north": { "texture": "#chamomile", "uv": [ 5.0, 10.5, 8.5, 15.5 ], "autoUv": false, "windMode": [0,1,1,0] }
									}
								}
							]
						},
						{
							"name": "stem23",
							"from": [ 0.0, 2.9524, 0.0 ],
							"to": [ 0.2066, 5.9049, 0.2066 ],
							"rotationOrigin": [ 0.1181, 2.9524, 0.1594 ],
							"faces": {
								"north": { "texture": "#chamomile", "uv": [ 1.0, 7.0, 1.5, 12.0 ], "autoUv": false, "windMode": [4,4,4,4] },
								"east": { "texture": "#chamomile", "uv": [ 0.5, 7.0, 1.0, 12.0 ], "autoUv": false, "windMode": [4,4,4,4] },
								"south": { "texture": "#chamomile", "uv": [ 0.0, 6.5, 0.5, 11.5 ], "autoUv": false, "windMode": [4,4,4,4] },
								"west": { "texture": "#chamomile", "uv": [ 1.0, 6.0, 1.5, 11.0 ], "autoUv": false, "windMode": [4,4,4,4] },
								"up": { "texture": "#chamomile", "uv": [ 0.0, 0.0, 0.5, 0.5 ], "autoUv": false, "windMode": [4,4,4,4] }
							}
						},
						{
							"name": "stemdown48",
							"from": [ 0.0763, 2.9524, -0.9869 ],
							"to": [ 0.0763, 5.9049, 1.0798 ],
							"rotationOrigin": [ 0.0763, 2.9524, 0.076 ],
							"rotationX": -180.0,
							"rotationY": -45.0,
							"rotationZ": -180.0,
							"faces": {
								"east": { "texture": "#chamomile", "uv": [ 5.0, 10.5, 8.5, 15.5 ], "autoUv": false, "windMode": [4,1,1,4] }
							},
							"children": [
								{
									"name": "Cube49",
									"from": [ -1.0038, 0.0, 1.0629 ],
									"to": [ 1.0629, 2.9524, 1.0629 ],
									"rotationOrigin": [ 0.0, 0.0, 1.0629 ],
									"faces": {
										"north": { "texture": "#chamomile", "uv": [ 5.0, 10.5, 8.5, 15.5 ], "autoUv": false, "windMode": [4,1,1,4] }
									}
								}
							]
						},
						{
							"name": "stemtop45",
							"from": [ 0.0587, 5.7868, 0.0458 ],
							"to": [ 0.2064, 6.9678, 0.1935 ],
							"rotationOrigin": [ 0.1473, 5.7868, -0.0368 ],
							"rotationX": -7.2988,
							"rotationY": -1.5496,
							"rotationZ": 15.9444,
							"faces": {
								"north": { "texture": "#chamomile", "uv": [ 1.0, 7.0, 1.5, 9.0 ], "autoUv": false, "windMode": [4,4,4,4] },
								"east": { "texture": "#chamomile", "uv": [ 0.5, 7.0, 1.0, 9.0 ], "autoUv": false, "windMode": [4,4,4,4] },
								"south": { "texture": "#chamomile", "uv": [ 0.0, 6.5, 0.5, 8.5 ], "autoUv": false, "windMode": [4,4,4,4] },
								"west": { "texture": "#chamomile", "uv": [ 1.0, 6.0, 1.5, 8.0 ], "autoUv": false, "windMode": [4,4,4,4] },
								"up": { "texture": "#chamomile", "uv": [ 0.0, 0.0, 0.5, 0.5 ], "autoUv": false, "windMode": [4,4,4,4] }
							}
						}
					]
				},
				{
					"name": "flower17",
					"from": [ 1.7419, -0.1771, 3.1178 ],
					"to": [ 1.9486, 2.7753, 3.3245 ],
					"rotationOrigin": [ 1.86, -0.1771, 3.2772 ],
					"rotationY": -58.0,
					"faces": {
						"north": { "texture": "#chamomile", "uv": [ 1.0, 11.0, 1.5, 16.0 ], "autoUv": false, "windMode": [0,4,4,0] },
						"east": { "texture": "#chamomile", "uv": [ 1.0, 11.0, 1.5, 16.0 ], "autoUv": false, "windMode": [0,4,4,0] },
						"south": { "texture": "#chamomile", "uv": [ 0.5, 11.0, 1.0, 16.0 ], "autoUv": false, "windMode": [0,0,4,4] },
						"west": { "texture": "#chamomile", "uv": [ 0.5, 11.0, 1.0, 16.0 ], "autoUv": false, "windMode": [0,0,4,4] }
					},
					"children": [
						{
							"name": "stemdown49",
							"from": [ 0.077, 0.0, -0.9863 ],
							"to": [ 0.077, 2.9524, 1.0804 ],
							"rotationOrigin": [ 0.0763, 0.0, 0.076 ],
							"rotationY": -89.9802,
							"faces": {
								"east": { "texture": "#chamomile", "uv": [ 5.0, 10.5, 8.5, 15.5 ], "autoUv": false, "windMode": [0,1,1,0] }
							},
							"children": [
								{
									"name": "Cube50",
									"from": [ -1.0038, 0.0, 1.0629 ],
									"to": [ 1.0629, 2.9524, 1.0629 ],
									"rotationOrigin": [ 0.0, 0.0, 1.0629 ],
									"faces": {
										"north": { "texture": "#chamomile", "uv": [ 5.0, 10.5, 8.5, 15.5 ], "autoUv": false, "windMode": [0,1,1,0] }
									}
								}
							]
						},
						{
							"name": "stem25",
							"from": [ 0.0, 2.9524, 0.0 ],
							"to": [ 0.2066, 5.9049, 0.2066 ],
							"rotationOrigin": [ 0.1181, 2.9524, 0.1594 ],
							"faces": {
								"north": { "texture": "#chamomile", "uv": [ 1.0, 7.0, 1.5, 12.0 ], "autoUv": false, "windMode": [4,4,4,4] },
								"east": { "texture": "#chamomile", "uv": [ 0.5, 7.0, 1.0, 12.0 ], "autoUv": false, "windMode": [4,4,4,4] },
								"south": { "texture": "#chamomile", "uv": [ 0.0, 6.5, 0.5, 11.5 ], "autoUv": false, "windMode": [4,4,4,4] },
								"west": { "texture": "#chamomile", "uv": [ 1.0, 6.0, 1.5, 11.0 ], "autoUv": false, "windMode": [4,4,4,4] },
								"up": { "texture": "#chamomile", "uv": [ 0.0, 0.0, 0.5, 0.5 ], "autoUv": false, "windMode": [4,4,4,4] }
							}
						},
						{
							"name": "stemdown50",
							"from": [ 0.0763, 2.9524, -0.9869 ],
							"to": [ 0.0763, 5.9049, 1.0798 ],
							"rotationOrigin": [ 0.0763, 2.9524, 0.076 ],
							"rotationX": -180.0,
							"rotationY": -45.0,
							"rotationZ": -180.0,
							"faces": {
								"east": { "texture": "#chamomile", "uv": [ 5.0, 10.5, 8.5, 15.5 ], "autoUv": false, "windMode": [4,1,1,4] }
							},
							"children": [
								{
									"name": "Cube51",
									"from": [ -1.0038, 0.0, 1.0629 ],
									"to": [ 1.0629, 2.9524, 1.0629 ],
									"rotationOrigin": [ 0.0, 0.0, 1.0629 ],
									"faces": {
										"north": { "texture": "#chamomile", "uv": [ 5.0, 10.5, 8.5, 15.5 ], "autoUv": false, "windMode": [4,1,1,4] }
									}
								}
							]
						},
						{
							"name": "stemtop52",
							"from": [ 0.0587, 5.7868, 0.0458 ],
							"to": [ 0.2064, 6.9678, 0.1935 ],
							"rotationOrigin": [ 0.1473, 5.7868, -0.0368 ],
							"rotationX": -7.2988,
							"rotationY": -1.5496,
							"rotationZ": 15.9444,
							"faces": {
								"north": { "texture": "#chamomile", "uv": [ 1.0, 7.0, 1.5, 9.0 ], "autoUv": false, "windMode": [4,4,4,4] },
								"east": { "texture": "#chamomile", "uv": [ 0.5, 7.0, 1.0, 9.0 ], "autoUv": false, "windMode": [4,4,4,4] },
								"south": { "texture": "#chamomile", "uv": [ 0.0, 6.5, 0.5, 8.5 ], "autoUv": false, "windMode": [4,4,4,4] },
								"west": { "texture": "#chamomile", "uv": [ 1.0, 6.0, 1.5, 8.0 ], "autoUv": false, "windMode": [4,4,4,4] },
								"up": { "texture": "#chamomile", "uv": [ 0.0, 0.0, 0.5, 0.5 ], "autoUv": false, "windMode": [4,4,4,4] }
							}
						},
						{
							"name": "stembiglower8",
							"from": [ -0.0075, 4.2004, 0.2146 ],
							"to": [ 0.1401, 5.3814, 0.3623 ],
							"rotationOrigin": [ 0.0279, 4.3776, 0.2146 ],
							"rotationX": 131.7732,
							"rotationY": 87.0581,
							"rotationZ": -100.8577,
							"faces": {
								"north": { "texture": "#chamomile", "uv": [ 1.0, 7.0, 1.5, 9.0 ], "autoUv": false, "windMode": [4,4,4,4] },
								"east": { "texture": "#chamomile", "uv": [ 0.5, 7.0, 1.0, 9.0 ], "autoUv": false, "windMode": [4,4,4,4] },
								"south": { "texture": "#chamomile", "uv": [ 0.0, 6.5, 0.5, 8.5 ], "autoUv": false, "windMode": [4,4,4,4] },
								"west": { "texture": "#chamomile", "uv": [ 1.0, 6.0, 1.5, 8.0 ], "autoUv": false, "windMode": [4,4,4,4] },
								"up": { "texture": "#chamomile", "uv": [ 0.0, 0.0, 0.5, 0.5 ], "autoUv": false, "windMode": [4,4,4,4] }
							}
						}
					]
				},
				{
					"name": "flower18",
					"from": [ -1.2105, -0.1771, 0.4606 ],
					"to": [ -1.0038, 2.7753, 0.6673 ],
					"rotationOrigin": [ -1.0924, -0.1771, 0.62 ],
					"rotationY": -11.0,
					"faces": {
						"north": { "texture": "#chamomile", "uv": [ 1.0, 11.0, 1.5, 16.0 ], "autoUv": false, "windMode": [0,4,4,0] },
						"east": { "texture": "#chamomile", "uv": [ 1.0, 11.0, 1.5, 16.0 ], "autoUv": false, "windMode": [0,4,4,0] },
						"south": { "texture": "#chamomile", "uv": [ 0.5, 11.0, 1.0, 16.0 ], "autoUv": false, "windMode": [0,0,4,4] },
						"west": { "texture": "#chamomile", "uv": [ 0.5, 11.0, 1.0, 16.0 ], "autoUv": false, "windMode": [0,0,4,4] }
					},
					"children": [
						{
							"name": "stemdown51",
							"from": [ 0.077, 0.0, -0.9863 ],
							"to": [ 0.077, 2.9524, 1.0804 ],
							"rotationOrigin": [ 0.0763, 0.0, 0.076 ],
							"rotationY": -89.9802,
							"faces": {
								"east": { "texture": "#chamomile", "uv": [ 5.0, 10.5, 8.5, 15.5 ], "autoUv": false, "windMode": [0,1,1,0] }
							},
							"children": [
								{
									"name": "Cube52",
									"from": [ -1.0038, 0.0, 1.0629 ],
									"to": [ 1.0629, 2.9524, 1.0629 ],
									"rotationOrigin": [ 0.0, 0.0, 1.0629 ],
									"faces": {
										"north": { "texture": "#chamomile", "uv": [ 5.0, 10.5, 8.5, 15.5 ], "autoUv": false, "windMode": [0,1,1,0] }
									}
								}
							]
						},
						{
							"name": "stem26",
							"from": [ 0.0, 2.9524, 0.0 ],
							"to": [ 0.2066, 5.9049, 0.2066 ],
							"rotationOrigin": [ 0.1181, 2.9524, 0.1594 ],
							"faces": {
								"north": { "texture": "#chamomile", "uv": [ 1.0, 7.0, 1.5, 12.0 ], "autoUv": false, "windMode": [4,4,4,4] },
								"east": { "texture": "#chamomile", "uv": [ 0.5, 7.0, 1.0, 12.0 ], "autoUv": false, "windMode": [4,4,4,4] },
								"south": { "texture": "#chamomile", "uv": [ 0.0, 6.5, 0.5, 11.5 ], "autoUv": false, "windMode": [4,4,4,4] },
								"west": { "texture": "#chamomile", "uv": [ 1.0, 6.0, 1.5, 11.0 ], "autoUv": false, "windMode": [4,4,4,4] },
								"up": { "texture": "#chamomile", "uv": [ 0.0, 0.0, 0.5, 0.5 ], "autoUv": false, "windMode": [4,4,4,4] }
							}
						},
						{
							"name": "stemdown52",
							"from": [ 0.0763, 2.9524, -0.9869 ],
							"to": [ 0.0763, 5.9049, 1.0798 ],
							"rotationOrigin": [ 0.0763, 2.9524, 0.076 ],
							"rotationX": -180.0,
							"rotationY": -45.0,
							"rotationZ": -180.0,
							"faces": {
								"east": { "texture": "#chamomile", "uv": [ 5.0, 10.5, 8.5, 15.5 ], "autoUv": false, "windMode": [4,1,1,4] }
							},
							"children": [
								{
									"name": "Cube53",
									"from": [ -1.0038, 0.0, 1.0629 ],
									"to": [ 1.0629, 2.9524, 1.0629 ],
									"rotationOrigin": [ 0.0, 0.0, 1.0629 ],
									"faces": {
										"north": { "texture": "#chamomile", "uv": [ 5.0, 10.5, 8.5, 15.5 ], "autoUv": false, "windMode": [4,1,1,4] }
									}
								}
							]
						},
						{
							"name": "stemtop56",
							"from": [ 0.0587, 5.7868, 0.0458 ],
							"to": [ 0.2064, 6.9678, 0.1935 ],
							"rotationOrigin": [ 0.1473, 5.7868, -0.0368 ],
							"rotationX": -7.2988,
							"rotationY": -1.5496,
							"rotationZ": 15.9444,
							"faces": {
								"north": { "texture": "#chamomile", "uv": [ 1.0, 7.0, 1.5, 9.0 ], "autoUv": false, "windMode": [4,4,4,4] },
								"east": { "texture": "#chamomile", "uv": [ 0.5, 7.0, 1.0, 9.0 ], "autoUv": false, "windMode": [4,4,4,4] },
								"south": { "texture": "#chamomile", "uv": [ 0.0, 6.5, 0.5, 8.5 ], "autoUv": false, "windMode": [4,4,4,4] },
								"west": { "texture": "#chamomile", "uv": [ 1.0, 6.0, 1.5, 8.0 ], "autoUv": false, "windMode": [4,4,4,4] },
								"up": { "texture": "#chamomile", "uv": [ 0.0, 0.0, 0.5, 0.5 ], "autoUv": false, "windMode": [4,4,4,4] }
							}
						},
						{
							"name": "stembiglower9",
							"from": [ -0.0075, 4.2004, 0.2146 ],
							"to": [ 0.1401, 5.3814, 0.3623 ],
							"rotationOrigin": [ 0.0279, 4.3776, 0.2146 ],
							"rotationX": 131.7732,
							"rotationY": 87.0581,
							"rotationZ": -100.8577,
							"faces": {
								"north": { "texture": "#chamomile", "uv": [ 1.0, 7.0, 1.5, 9.0 ], "autoUv": false, "windMode": [4,4,4,4] },
								"east": { "texture": "#chamomile", "uv": [ 0.5, 7.0, 1.0, 9.0 ], "autoUv": false, "windMode": [4,4,4,4] },
								"south": { "texture": "#chamomile", "uv": [ 0.0, 6.5, 0.5, 8.5 ], "autoUv": false, "windMode": [4,4,4,4] },
								"west": { "texture": "#chamomile", "uv": [ 1.0, 6.0, 1.5, 8.0 ], "autoUv": false, "windMode": [4,4,4,4] },
								"up": { "texture": "#chamomile", "uv": [ 0.0, 0.0, 0.5, 0.5 ], "autoUv": false, "windMode": [4,4,4,4] }
							}
						}
					]
				},
				{
					"name": "flower19",
					"from": [ 3.5134, -0.1771, 1.0511 ],
					"to": [ 3.7201, 2.7753, 1.2578 ],
					"rotationOrigin": [ 3.6315, -0.1771, 1.2105 ],
					"rotationY": -180.0,
					"faces": {
						"north": { "texture": "#chamomile", "uv": [ 1.0, 11.0, 1.5, 16.0 ], "autoUv": false, "windMode": [0,4,4,0] },
						"east": { "texture": "#chamomile", "uv": [ 1.0, 11.0, 1.5, 16.0 ], "autoUv": false, "windMode": [0,4,4,0] },
						"south": { "texture": "#chamomile", "uv": [ 0.5, 11.0, 1.0, 16.0 ], "autoUv": false, "windMode": [0,0,4,4] },
						"west": { "texture": "#chamomile", "uv": [ 0.5, 11.0, 1.0, 16.0 ], "autoUv": false, "windMode": [0,0,4,4] }
					},
					"children": [
						{
							"name": "stemdown53",
							"from": [ 0.077, 0.0, -0.9863 ],
							"to": [ 0.077, 2.9524, 1.0804 ],
							"rotationOrigin": [ 0.0763, 0.0, 0.076 ],
							"rotationY": -89.9802,
							"faces": {
								"east": { "texture": "#chamomile", "uv": [ 5.0, 10.5, 8.5, 15.5 ], "autoUv": false, "windMode": [0,1,1,0] }
							},
							"children": [
								{
									"name": "Cube54",
									"from": [ -1.0038, 0.0, 1.0629 ],
									"to": [ 1.0629, 2.9524, 1.0629 ],
									"rotationOrigin": [ 0.0, 0.0, 1.0629 ],
									"faces": {
										"north": { "texture": "#chamomile", "uv": [ 5.0, 10.5, 8.5, 15.5 ], "autoUv": false, "windMode": [0,1,1,0] }
									}
								}
							]
						},
						{
							"name": "stem27",
							"from": [ 0.0, 2.9524, 0.0 ],
							"to": [ 0.2066, 5.9049, 0.2066 ],
							"rotationOrigin": [ 0.1181, 2.9524, 0.1594 ],
							"faces": {
								"north": { "texture": "#chamomile", "uv": [ 1.0, 7.0, 1.5, 12.0 ], "autoUv": false, "windMode": [4,4,4,4] },
								"east": { "texture": "#chamomile", "uv": [ 0.5, 7.0, 1.0, 12.0 ], "autoUv": false, "windMode": [4,4,4,4] },
								"south": { "texture": "#chamomile", "uv": [ 0.0, 6.5, 0.5, 11.5 ], "autoUv": false, "windMode": [4,4,4,4] },
								"west": { "texture": "#chamomile", "uv": [ 1.0, 6.0, 1.5, 11.0 ], "autoUv": false, "windMode": [4,4,4,4] },
								"up": { "texture": "#chamomile", "uv": [ 0.0, 0.0, 0.5, 0.5 ], "autoUv": false, "windMode": [4,4,4,4] }
							}
						},
						{
							"name": "stemdown54",
							"from": [ 0.0763, 2.9524, -0.9869 ],
							"to": [ 0.0763, 5.9049, 1.0798 ],
							"rotationOrigin": [ 0.0763, 2.9524, 0.076 ],
							"rotationX": -180.0,
							"rotationY": -45.0,
							"rotationZ": -180.0,
							"faces": {
								"east": { "texture": "#chamomile", "uv": [ 5.0, 10.5, 8.5, 15.5 ], "autoUv": false, "windMode": [4,1,1,4] }
							},
							"children": [
								{
									"name": "Cube55",
									"from": [ -1.0038, 0.0, 1.0629 ],
									"to": [ 1.0629, 2.9524, 1.0629 ],
									"rotationOrigin": [ 0.0, 0.0, 1.0629 ],
									"faces": {
										"north": { "texture": "#chamomile", "uv": [ 5.0, 10.5, 8.5, 15.5 ], "autoUv": false, "windMode": [4,1,1,4] }
									}
								}
							]
						},
						{
							"name": "stemtop62",
							"from": [ 0.0587, 5.7868, 0.0458 ],
							"to": [ 0.2064, 6.9678, 0.1935 ],
							"rotationOrigin": [ 0.1473, 5.7868, -0.0368 ],
							"rotationX": -7.2988,
							"rotationY": -1.5496,
							"rotationZ": 15.9444,
							"faces": {
								"north": { "texture": "#chamomile", "uv": [ 1.0, 7.0, 1.5, 9.0 ], "autoUv": false, "windMode": [4,4,4,4] },
								"east": { "texture": "#chamomile", "uv": [ 0.5, 7.0, 1.0, 9.0 ], "autoUv": false, "windMode": [4,4,4,4] },
								"south": { "texture": "#chamomile", "uv": [ 0.0, 6.5, 0.5, 8.5 ], "autoUv": false, "windMode": [4,4,4,4] },
								"west": { "texture": "#chamomile", "uv": [ 1.0, 6.0, 1.5, 8.0 ], "autoUv": false, "windMode": [4,4,4,4] },
								"up": { "texture": "#chamomile", "uv": [ 0.0, 0.0, 0.5, 0.5 ], "autoUv": false, "windMode": [4,4,4,4] }
							}
						}
					]
				},
				{
					"name": "flower2",
					"from": [ -0.62, -0.1771, 2.232 ],
					"to": [ -0.4133, 2.7753, 2.4387 ],
					"rotationOrigin": [ -0.5019, -0.1771, 2.3914 ],
					"rotationY": 127.0,
					"faces": {
						"north": { "texture": "#chamomile", "uv": [ 1.0, 11.0, 1.5, 16.0 ], "autoUv": false, "windMode": [0,4,4,0] },
						"east": { "texture": "#chamomile", "uv": [ 1.0, 11.0, 1.5, 16.0 ], "autoUv": false, "windMode": [0,4,4,0] },
						"south": { "texture": "#chamomile", "uv": [ 0.5, 11.0, 1.0, 16.0 ], "autoUv": false, "windMode": [0,0,4,4] },
						"west": { "texture": "#chamomile", "uv": [ 0.5, 11.0, 1.0, 16.0 ], "autoUv": false, "windMode": [0,0,4,4] }
					},
					"children": [
						{
							"name": "stemdown30",
							"from": [ 0.077, 0.0, -0.9863 ],
							"to": [ 0.077, 2.9524, 1.0804 ],
							"rotationOrigin": [ 0.0763, 0.0, 0.076 ],
							"rotationY": -89.9802,
							"faces": {
								"east": { "texture": "#chamomile", "uv": [ 5.0, 10.5, 8.5, 15.5 ], "autoUv": false, "windMode": [0,1,1,0] }
							},
							"children": [
								{
									"name": "Cube31",
									"from": [ -1.0038, 0.0, 1.0629 ],
									"to": [ 1.0629, 2.9524, 1.0629 ],
									"rotationOrigin": [ 0.0, 0.0, 1.0629 ],
									"faces": {
										"north": { "texture": "#chamomile", "uv": [ 5.0, 10.5, 8.5, 15.5 ], "autoUv": false, "windMode": [0,1,1,0] }
									}
								}
							]
						},
						{
							"name": "stem14",
							"from": [ 0.0, 2.9524, 0.0 ],
							"to": [ 0.2066, 5.9049, 0.2066 ],
							"rotationOrigin": [ 0.1181, 2.9524, 0.1594 ],
							"faces": {
								"north": { "texture": "#chamomile", "uv": [ 1.0, 7.0, 1.5, 12.0 ], "autoUv": false, "windMode": [4,4,4,4] },
								"east": { "texture": "#chamomile", "uv": [ 0.5, 7.0, 1.0, 12.0 ], "autoUv": false, "windMode": [4,4,4,4] },
								"south": { "texture": "#chamomile", "uv": [ 0.0, 6.5, 0.5, 11.5 ], "autoUv": false, "windMode": [4,4,4,4] },
								"west": { "texture": "#chamomile", "uv": [ 1.0, 6.0, 1.5, 11.0 ], "autoUv": false, "windMode": [4,4,4,4] },
								"up": { "texture": "#chamomile", "uv": [ 0.0, 0.0, 0.5, 0.5 ], "autoUv": false, "windMode": [4,4,4,4] }
							}
						},
						{
							"name": "stemdown31",
							"from": [ 0.0763, 2.9524, -0.9869 ],
							"to": [ 0.0763, 5.9049, 1.0798 ],
							"rotationOrigin": [ 0.0763, 2.9524, 0.076 ],
							"rotationX": -180.0,
							"rotationY": -45.0,
							"rotationZ": -180.0,
							"faces": {
								"east": { "texture": "#chamomile", "uv": [ 5.0, 10.5, 8.5, 15.5 ], "autoUv": false, "windMode": [4,1,1,4] }
							},
							"children": [
								{
									"name": "Cube32",
									"from": [ -1.0038, 0.0, 1.0629 ],
									"to": [ 1.0629, 2.9524, 1.0629 ],
									"rotationOrigin": [ 0.0, 0.0, 1.0629 ],
									"faces": {
										"north": { "texture": "#chamomile", "uv": [ 5.0, 10.5, 8.5, 15.5 ], "autoUv": false, "windMode": [4,1,1,4] }
									}
								}
							]
						}
					]
				}
			]
		}
	]}