﻿{
  "code": "bolt",
  "class": "CombatOverhaul:Projectile",
  "hitboxSize": {"x": 0.125, "y": 0.125},
  "variantgroups": [{"code": "material", "states": ["crude", "copper", "tinbronze", "bismuthbronze", "blackbronze", "iron", "meteoriciron", "steel"]}],
  "client": {
    "size": 1,
    "renderer": "Shape",
    "shapeByType": {
      "*-crude": {"base": "bolt-crude"},
      "*-copper": {"base": "bolt-crude"},
      "*-meteoriciron": {"base": "bolt-envelop"},
      "*-steel": {"base": "bolt-envelop"},
      "*-iron": {"base": "bolt-envelop"},
      "*": {"base": "bolt-insert"}
    },
    "texturesByType": {"*-crude": {"head": {"base": "game:block/stone/flint"}}, "*": {"head": {"base": "game:block/metal/ingot/{material}"}}},
    "behaviors": [{"code": "CombatOverhaul:ProjectilePhysics", "groundDragFactor": 1, "airDragFactor": 0.3, "gravityFactor": 0.5}, {"code": "interpolateposition"}]
  },
  "server": {"behaviors": [{"code": "CombatOverhaul:ProjectilePhysics", "groundDragFactor": 1, "airDragFactor": 1, "gravityFactor": 1}, {"code": "despawn", "minSeconds": 600}]},
  "sounds": {}
}