{
  "code": "villager2",
  "class": "EntityAgent",
  "enabled": true,
  "habitat": "land",

  "canclimb": true,
  "canClimbAnywhere": false,
  "rotateModelOnClimb": true,
  "fallDamage": false,

  "eyeHeight": 1.5,
  "hitboxsize": {
    "x": 0.75,
    "y": 2.5
  },
  "deadHitboxSize": {
    "x": 0.75,
    "y": 2
  },

  "drops": [
    {
      "type": "item",
      "code": "essencedust",
      "quantity": {
        "avg": 0.05,
        "var": 0
      }
    }
  ],

  "client": {
    "renderer": "Shape",
    "shape": { "base": "villagers/human/villager2" },
    "behaviors": [
      {
        "code": "interpolateposition"
      },
      {
        "code": "controlledphysics",
        "stepHeight": 1.1251
      },
      {
        "code": "repulseagents"
      }
    ],
    "animations": [
      {
        "code": "idle",
        "animation": "Balanced-Idle",
        "blendMode": "Average",
        "triggeredBy": { "defaultAnim": true }
      },
      {
        "code": "wander",
        "priority": 0.8,
        "priorityForCancel": 1.1,
        "movespeed": 0.008,
        "animation": "Balanced-Walk",
        "animationSpeed": 1,
        "preferredLightLevel": 15
      },
      {
        "code": "die",
        "animation": "Balanced-Die",
        "animationSpeed": 1.0,
        "weight": 10,
        "blendMode": "Average",
        "triggeredBy": { "onControls": [ "dead" ] }
      }
    ]
  },

  "server": {
    "behaviors": [
      {
        "code": "health",
        "currenthealth": 20,
        "maxhealth": 20
      },
      {
        "code": "repulseagents"
      },
      {
        "code": "controlledphysics",
        "stepHeight": 1.1251
      },
      {
        "code": "deaddecay",
        "hoursToDecay": 1
      },
      {
        "code": "taskai",
        "aitasks": [
          {
            "code": "idle",
            "priority": 1.1,
            "priorityForCancel": 1.35,
            "minduration": 4000,
            "maxduration": 6000,
            "chance": 0.0003,
            "initialMinCoolDown": 2000,
            "initialMaxCoolDown": 150000,
            "mincooldown": 400000,
            "maxcooldown": 10000000,
            "animation": "Balanced-Idle"
          },
          {
            "code": "wander",
            "priority": 0.8,
            "priorityForCancel": 1.1,
            "movespeed": 0.008,
            "animation": "Balanced-Walk",
            "animationSpeed": 1,
            "preferredLightLevel": 15,
            "wanderRangeMax": 30,
            "wanderRangeMin": 2,
            "maxHeight": 5,
            "maxDistanceToSpawn": 30
          }
        ]
      }
    ],
    "idleSoundRange": 15,
    "sounds": {
      "death": "",
      "hurt": ""
    },
    "idleSoundChance": 0.5,
    "hurtSoundChance": 0.5,
    "deathSoundChance": 0.5
  }
}