{
	"editor": {
		"collapsedPaths": ",Root,Root/Scaffold/Pole0S,Root/Scaffold/Rope0,Root/Scaffold/Rope1,Root/Scaffold/Rope2,Root/Scaffold/Rope3",
		"allAngles": false,
		"entityTextureMode": false
	},
	"textureWidth": 16,
	"textureHeight": 16,
	"textureSizes": { },
	"textures": {
		"rope": "",
		"support": ""
	},
	"elements": [
		{
			"name": "Scaffold",
			"from": [ 1.0, 1.0, 1.0 ],
			"to": [ 1.0, 1.0, 1.0 ],
			"faces": {
				"north": { "texture": "#support", "uv": [ 0.0, 0.0, 0.5, 0.5 ] },
				"east": { "texture": "#support", "uv": [ 0.0, 0.0, 0.5, 0.5 ] },
				"south": { "texture": "#support", "uv": [ 0.0, 0.0, 0.5, 0.5 ] },
				"west": { "texture": "#support", "uv": [ 0.0, 0.0, 0.5, 0.5 ] },
				"up": { "texture": "#support", "uv": [ 0.0, 0.0, 0.5, 0.5 ] },
				"down": { "texture": "#support", "uv": [ 0.0, 0.0, 0.5, 0.5 ] }
			},
			"children": [
				{
					"name": "Pole0",
					"from": [ 1.0, -1.0, 1.0 ],
					"to": [ 3.0, 15.0, 3.0 ],
					"rotationOrigin": [ 1.0, -1.0, 1.0 ],
					"faces": {
						"north": { "texture": "#support", "uv": [ 0.0, 0.0, 2.0, 16.0 ] },
						"east": { "texture": "#support", "uv": [ 0.0, 0.0, 2.0, 16.0 ] },
						"south": { "texture": "#support", "uv": [ 0.0, 0.0, 2.0, 16.0 ] },
						"west": { "texture": "#support", "uv": [ 0.0, 0.0, 2.0, 16.0 ] },
						"up": { "texture": "#support", "uv": [ 13.0, 6.0, 16.0, 9.0 ], "autoUv": false },
						"down": { "texture": "#support", "uv": [ 13.0, 8.5, 16.0, 11.5 ], "autoUv": false }
					},
					"children": [
						{
							"name": "Pole1",
							"from": [ 10.0, 0.0, 0.0 ],
							"to": [ 12.0, 16.0, 2.0 ],
							"faces": {
								"north": { "texture": "#support", "uv": [ 0.0, 0.0, 2.0, 16.0 ], "rotation": 180 },
								"east": { "texture": "#support", "uv": [ 0.0, 0.0, 2.0, 16.0 ], "rotation": 180 },
								"south": { "texture": "#support", "uv": [ 0.0, 0.0, 2.0, 16.0 ], "rotation": 180, "windMode": [-1,-1,-1,-1], "windData": [0,0,1,1] },
								"west": { "texture": "#support", "uv": [ 0.0, 0.0, 2.0, 16.0 ], "rotation": 180, "windMode": [-1,-1,-1,-1], "windData": [0,0,1,1] },
								"up": { "texture": "#support", "uv": [ 13.0, 8.5, 16.0, 11.5 ], "autoUv": false },
								"down": { "texture": "#support", "uv": [ 13.0, 6.0, 16.0, 9.0 ], "autoUv": false }
							}
						},
						{
							"name": "Pole3",
							"from": [ 0.0, 0.0, 10.0 ],
							"to": [ 2.0, 16.0, 12.0 ],
							"faces": {
								"north": { "texture": "#support", "uv": [ 0.0, 0.0, 2.0, 16.0 ] },
								"east": { "texture": "#support", "uv": [ 0.0, 0.0, 2.0, 16.0 ] },
								"south": { "texture": "#support", "uv": [ 0.0, 0.0, 2.0, 16.0 ] },
								"west": { "texture": "#support", "uv": [ 0.0, 0.0, 2.0, 16.0 ] },
								"up": { "texture": "#support", "uv": [ 13.0, 8.5, 16.0, 11.5 ], "autoUv": false },
								"down": { "texture": "#support", "uv": [ 10.5, 11.0, 13.5, 14.0 ], "autoUv": false }
							}
						},
						{
							"name": "Pole2",
							"from": [ 10.0, 0.0, 10.0 ],
							"to": [ 12.0, 16.0, 12.0 ],
							"rotationOrigin": [ 1.0, 0.0, 1.0 ],
							"faces": {
								"north": { "texture": "#support", "uv": [ 0.0, 0.0, 2.0, 16.0 ] },
								"east": { "texture": "#support", "uv": [ 0.0, 0.0, 2.0, 16.0 ] },
								"south": { "texture": "#support", "uv": [ 0.0, 0.0, 2.0, 16.0 ] },
								"west": { "texture": "#support", "uv": [ 0.0, 0.0, 2.0, 16.0 ] },
								"up": { "texture": "#support", "uv": [ 13.0, 11.0, 16.0, 14.0 ], "autoUv": false },
								"down": { "texture": "#support", "uv": [ 13.0, 6.0, 16.0, 9.0 ], "autoUv": false }
							}
						},
						{
							"name": "Detail0",
							"from": [ 0.5, 12.35, 1.6 ],
							"to": [ 1.25, 15.35, 2.35 ],
							"rotationOrigin": [ 0.5, 12.35, 1.6 ],
							"rotationX": 58.0,
							"rotationY": 0.0,
							"rotationZ": -22.5,
							"faces": {
								"north": { "texture": "#support", "uv": [ 13.0, 8.0, 13.5, 11.0 ] },
								"east": { "texture": "#support", "uv": [ 13.0, 8.0, 13.5, 11.0 ] },
								"south": { "texture": "#support", "uv": [ 13.0, 8.0, 13.5, 11.0 ] },
								"west": { "texture": "#support", "uv": [ 13.0, 8.0, 13.5, 11.0 ] },
								"up": { "texture": "#support", "uv": [ 11.0, 9.0, 11.5, 9.5 ] },
								"down": { "texture": "#support", "uv": [ 0.0, 0.0, 0.5, 0.5 ] }
							}
						},
						{
							"name": "Detail1",
							"from": [ 0.5, 5.55, 9.85 ],
							"to": [ 1.0, 8.55, 10.0 ],
							"rotationOrigin": [ 0.5, 5.55, 9.85 ],
							"rotationZ": -2.0,
							"faces": {
								"north": { "texture": "#support", "uv": [ 4.0, 4.5, 4.5, 7.5 ] },
								"east": { "texture": "#support", "uv": [ 4.0, 4.5, 4.5, 7.5 ] },
								"south": { "texture": "#support", "uv": [ 0.0, 0.0, 0.5, 3.0 ] },
								"west": { "texture": "#support", "uv": [ 4.0, 4.5, 4.5, 7.5 ] },
								"up": { "texture": "#support", "uv": [ 0.0, 0.0, 0.5, 0.5 ] },
								"down": { "texture": "#support", "uv": [ 0.0, 0.0, 0.5, 0.5 ] }
							}
						},
						{
							"name": "Detail3",
							"from": [ 11.4, 5.0, 11.0 ],
							"to": [ 11.9, 9.0, 11.5 ],
							"rotationOrigin": [ 11.4, 5.0, 11.0 ],
							"rotationX": 2.0,
							"rotationY": -10.0,
							"rotationZ": -12.0,
							"faces": {
								"north": { "texture": "#support", "uv": [ 0.0, 0.0, 0.5, 4.0 ] },
								"east": { "texture": "#support", "uv": [ 0.0, 0.0, 0.5, 4.0 ] },
								"south": { "texture": "#support", "uv": [ 0.0, 0.0, 0.5, 4.0 ] },
								"west": { "texture": "#support", "uv": [ 0.0, 0.0, 0.5, 4.0 ] },
								"up": { "texture": "#support", "uv": [ 0.0, 0.0, 0.5, 0.5 ] },
								"down": { "texture": "#support", "uv": [ 0.0, 0.0, 0.5, 0.5 ] }
							}
						},
						{
							"name": "Detail4",
							"from": [ 9.8, 1.0, 10.7 ],
							"to": [ 10.05, 2.0, 11.7 ],
							"rotationOrigin": [ 9.8, 1.0, 10.7 ],
							"rotationX": 2.0,
							"rotationY": 2.0,
							"rotationZ": -1.0,
							"faces": {
								"north": { "texture": "#support", "uv": [ 1.5, 14.5, 2.5, 15.5 ], "autoUv": false },
								"east": { "texture": "#support", "uv": [ 0.0, 13.0, 0.5, 13.5 ], "autoUv": false },
								"south": { "texture": "#support", "uv": [ 0.0, 13.0, 1.5, 14.0 ], "autoUv": false },
								"west": { "texture": "#support", "uv": [ 0.0, 13.0, 1.5, 13.5 ], "autoUv": false },
								"up": { "texture": "#support", "uv": [ 5.0, 7.0, 5.5, 8.5 ], "autoUv": false },
								"down": { "texture": "#support", "uv": [ 11.0, 1.5, 12.5, 2.5 ], "autoUv": false }
							},
							"children": [
								{
									"name": "Detail4-1",
									"from": [ -0.1, 0.2, 0.6 ],
									"to": [ 0.15, 0.45, 0.85 ],
									"rotationOrigin": [ -0.1, 0.2, 0.6 ],
									"rotationX": -2.0,
									"rotationY": -2.0,
									"rotationZ": 2.0,
									"faces": {
										"north": { "texture": "#support", "uv": [ 0.5, 13.0, 1.0, 13.5 ], "autoUv": false },
										"east": { "texture": "#support", "uv": [ 0.5, 13.0, 1.0, 13.5 ], "autoUv": false },
										"south": { "texture": "#support", "uv": [ 0.5, 13.0, 1.0, 13.5 ], "autoUv": false },
										"west": { "texture": "#support", "uv": [ 0.5, 13.0, 1.0, 13.5 ], "autoUv": false },
										"up": { "texture": "#support", "uv": [ 0.5, 11.0, 1.0, 11.5 ], "autoUv": false },
										"down": { "texture": "#support", "uv": [ 0.5, 13.0, 1.0, 13.5 ], "autoUv": false }
									}
								}
							]
						}
					]
				},
				{
					"name": "Pole0S",
					"from": [ -1.0, 12.5, 3.0 ],
					"to": [ 15.0, 14.0, 4.5 ],
					"rotationOrigin": [ -0.9, 11.0, 3.0 ],
					"faces": {
						"north": { "texture": "#support", "uv": [ 0.0, 0.0, 2.0, 16.0 ], "rotation": 270, "autoUv": false },
						"east": { "texture": "#support", "uv": [ 13.0, 8.5, 16.0, 11.5 ], "rotation": 90, "autoUv": false },
						"south": { "texture": "#support", "uv": [ 0.0, 0.0, 2.0, 16.0 ], "rotation": 90, "autoUv": false },
						"west": { "texture": "#support", "uv": [ 10.5, 11.0, 13.5, 14.0 ], "rotation": 90, "autoUv": false },
						"up": { "texture": "#support", "uv": [ 0.0, 0.0, 2.0, 16.0 ], "rotation": 90, "autoUv": false },
						"down": { "texture": "#support", "uv": [ 0.0, 0.0, 1.5, 16.0 ], "rotation": 270 }
					},
					"children": [
						{
							"name": "Pole1S",
							"from": [ 11.0, 1.5, -3.0 ],
							"to": [ 12.0, 2.5, 11.0 ],
							"rotationOrigin": [ 10.5, 2.01, -2.0 ],
							"faces": {
								"north": { "texture": "#support", "uv": [ 8.0, 11.0, 11.0, 14.0 ], "autoUv": false },
								"east": { "texture": "#support", "uv": [ 0.0, 2.0, 1.0, 16.0 ], "rotation": 270, "windMode": [-1,-1,-1,-1], "windData": [0,1,1,0] },
								"south": { "texture": "#support", "uv": [ 13.0, 6.0, 16.0, 9.0 ], "autoUv": false },
								"west": { "texture": "#support", "uv": [ 2.0, 2.0, 3.0, 16.0 ], "rotation": 90 },
								"up": { "texture": "#support", "uv": [ 0.0, 2.0, 1.0, 16.0 ], "rotation": 180 },
								"down": { "texture": "#support", "uv": [ 0.0, 2.0, 1.0, 16.0 ], "rotation": 180 }
							}
						},
						{
							"name": "Pole2S",
							"from": [ 4.0, 1.5, -3.0 ],
							"to": [ 5.0, 2.5, 11.0 ],
							"rotationOrigin": [ 2.5, 2.01, -2.0 ],
							"faces": {
								"north": { "texture": "#support", "uv": [ 13.0, 11.0, 16.0, 14.0 ], "autoUv": false },
								"east": { "texture": "#support", "uv": [ 0.0, 0.0, 1.0, 14.0 ], "rotation": 270 },
								"south": { "texture": "#support", "uv": [ 13.0, 11.0, 16.0, 14.0 ], "autoUv": false },
								"west": { "texture": "#support", "uv": [ 0.0, 0.0, 1.0, 14.0 ], "rotation": 90 },
								"up": { "texture": "#support", "uv": [ 0.0, 0.0, 1.0, 14.0 ], "rotation": 180 },
								"down": { "texture": "#support", "uv": [ 0.0, 0.0, 1.0, 14.0 ], "rotation": 180 }
							}
						},
						{
							"name": "PoleS3",
							"from": [ 0.0, 0.0, 6.5 ],
							"to": [ 16.0, 1.5, 8.0 ],
							"rotationOrigin": [ 0.0, 0.0, 7.0 ],
							"faces": {
								"north": { "texture": "#support", "uv": [ 0.0, 0.0, 2.0, 16.0 ], "rotation": 90, "autoUv": false },
								"east": { "texture": "#support", "uv": [ 13.0, 6.0, 16.0, 9.0 ], "rotation": 90, "autoUv": false },
								"south": { "texture": "#support", "uv": [ 0.0, 0.0, 2.0, 16.0 ], "rotation": 270, "autoUv": false },
								"west": { "texture": "#support", "uv": [ 13.0, 6.0, 16.0, 9.0 ], "rotation": 90, "autoUv": false },
								"up": { "texture": "#support", "uv": [ 0.0, 0.0, 2.0, 16.0 ], "rotation": 270, "autoUv": false },
								"down": { "texture": "#support", "uv": [ 0.0, 0.0, 1.5, 16.0 ], "rotation": 90 }
							}
						}
					]
				},
				{
					"name": "Rope0",
					"from": [ 2.0, 12.0, 3.0 ],
					"to": [ 2.5, 14.5, 5.5 ],
					"rotationOrigin": [ 1.5, 13.0, 4.0 ],
					"rotationX": -180.0,
					"rotationZ": -180.0,
					"faces": {
						"north": { "texture": "#rope", "uv": [ 0.0, 0.0, 0.5, 2.5 ] },
						"east": { "texture": "#rope", "uv": [ 0.0, 0.0, 2.5, 2.5 ] },
						"south": { "texture": "#rope", "uv": [ 0.0, 0.0, 0.5, 2.5 ] },
						"west": { "texture": "#rope", "uv": [ 0.0, 0.0, 2.5, 2.5 ] },
						"up": { "texture": "#rope", "uv": [ 0.0, 0.0, 0.5, 2.5 ] },
						"down": { "texture": "#rope", "uv": [ 0.0, 0.0, 0.5, 2.5 ] }
					},
					"children": [
						{
							"name": "Rope0-1",
							"from": [ -1.5, 2.0, 2.5 ],
							"to": [ 0.5, 2.5, 4.5 ],
							"rotationOrigin": [ -1.5, 2.0, 3.5 ],
							"faces": {
								"north": { "texture": "#rope", "uv": [ 0.0, 0.0, 2.0, 0.5 ] },
								"east": { "texture": "#rope", "uv": [ 0.0, 0.0, 2.0, 0.5 ] },
								"south": { "texture": "#rope", "uv": [ 0.0, 0.0, 2.0, 0.5 ] },
								"west": { "texture": "#rope", "uv": [ 0.0, 0.0, 2.0, 0.5 ] },
								"up": { "texture": "#rope", "uv": [ 0.0, 0.0, 2.0, 2.0 ] },
								"down": { "texture": "#rope", "uv": [ 0.0, 0.0, 2.0, 2.0 ] }
							}
						},
						{
							"name": "Rope0-2",
							"from": [ -3.5, 1.5, 4.0 ],
							"to": [ -1.5, 3.5, 4.5 ],
							"rotationOrigin": [ -2.5, 1.0, 4.5 ],
							"faces": {
								"north": { "texture": "#rope", "uv": [ 0.0, 0.0, 2.0, 2.0 ] },
								"east": { "texture": "#rope", "uv": [ 0.0, 0.0, 0.5, 2.0 ] },
								"south": { "texture": "#rope", "uv": [ 0.0, 0.0, 2.0, 2.0 ] },
								"west": { "texture": "#rope", "uv": [ 0.0, 0.0, 0.5, 2.0 ] },
								"up": { "texture": "#rope", "uv": [ 0.0, 0.0, 2.0, 0.5 ] },
								"down": { "texture": "#rope", "uv": [ 0.0, 0.0, 2.0, 0.5 ] }
							}
						}
					]
				},
				{
					"name": "Rope2",
					"from": [ 13.0, 12.0, 9.0 ],
					"to": [ 13.5, 14.5, 11.5 ],
					"rotationOrigin": [ 13.0, 12.0, 9.0 ],
					"rotationX": -180.0,
					"rotationY": -180.0,
					"rotationZ": -180.0,
					"faces": {
						"north": { "texture": "#rope", "uv": [ 0.0, 0.0, 0.5, 2.5 ] },
						"east": { "texture": "#rope", "uv": [ 0.0, 0.0, 2.5, 2.5 ] },
						"south": { "texture": "#rope", "uv": [ 0.0, 0.0, 0.5, 2.5 ] },
						"west": { "texture": "#rope", "uv": [ 0.0, 0.0, 2.5, 2.5 ] },
						"up": { "texture": "#rope", "uv": [ 0.0, 0.0, 0.5, 2.5 ] },
						"down": { "texture": "#rope", "uv": [ 0.0, 0.0, 0.5, 2.5 ] }
					},
					"children": [
						{
							"name": "Rope2-1",
							"from": [ -1.5, 2.0, 2.5 ],
							"to": [ 0.5, 2.5, 4.5 ],
							"rotationOrigin": [ -1.5, 2.0, 3.5 ],
							"faces": {
								"north": { "texture": "#rope", "uv": [ 0.0, 0.0, 2.0, 0.5 ] },
								"east": { "texture": "#rope", "uv": [ 0.0, 0.0, 2.0, 0.5 ] },
								"south": { "texture": "#rope", "uv": [ 0.0, 0.0, 2.0, 0.5 ] },
								"west": { "texture": "#rope", "uv": [ 0.0, 0.0, 2.0, 0.5 ] },
								"up": { "texture": "#rope", "uv": [ 0.0, 0.0, 2.0, 2.0 ] },
								"down": { "texture": "#rope", "uv": [ 0.0, 0.0, 2.0, 2.0 ] }
							}
						},
						{
							"name": "Rope2-2",
							"from": [ -3.5, 1.5, 4.0 ],
							"to": [ -1.5, 3.5, 4.5 ],
							"rotationOrigin": [ -2.5, 1.0, 4.5 ],
							"faces": {
								"north": { "texture": "#rope", "uv": [ 0.0, 0.0, 2.0, 2.0 ] },
								"east": { "texture": "#rope", "uv": [ 0.0, 0.0, 0.5, 2.0 ] },
								"south": { "texture": "#rope", "uv": [ 0.0, 0.0, 2.0, 2.0 ] },
								"west": { "texture": "#rope", "uv": [ 0.0, 0.0, 0.5, 2.0 ] },
								"up": { "texture": "#rope", "uv": [ 0.0, 0.0, 2.0, 0.5 ] },
								"down": { "texture": "#rope", "uv": [ 0.0, 0.0, 2.0, 0.5 ] }
							}
						}
					]
				},
				{
					"name": "Rope1",
					"from": [ 13.0, 12.0, 2.5 ],
					"to": [ 13.5, 14.5, 5.0 ],
					"rotationOrigin": [ 13.0, 12.0, 5.0 ],
					"rotationX": -180.0,
					"rotationY": -180.0,
					"rotationZ": -180.0,
					"faces": {
						"north": { "texture": "#rope", "uv": [ 0.0, 0.0, 0.5, 2.5 ] },
						"east": { "texture": "#rope", "uv": [ 0.0, 0.0, 2.5, 2.5 ] },
						"south": { "texture": "#rope", "uv": [ 0.0, 0.0, 0.5, 2.5 ] },
						"west": { "texture": "#rope", "uv": [ 0.0, 0.0, 2.5, 2.5 ] },
						"up": { "texture": "#rope", "uv": [ 0.0, 0.0, 0.5, 2.5 ] },
						"down": { "texture": "#rope", "uv": [ 0.0, 0.0, 0.5, 2.5 ] }
					},
					"children": [
						{
							"name": "Rope1-1",
							"from": [ -1.5, 2.0, -2.0 ],
							"to": [ 0.5, 2.5, 0.0 ],
							"rotationOrigin": [ -1.5, 2.0, -0.5 ],
							"faces": {
								"north": { "texture": "#rope", "uv": [ 0.0, 0.0, 2.0, 0.5 ] },
								"east": { "texture": "#rope", "uv": [ 0.0, 0.0, 2.0, 0.5 ] },
								"south": { "texture": "#rope", "uv": [ 0.0, 0.0, 2.0, 0.5 ] },
								"west": { "texture": "#rope", "uv": [ 0.0, 0.0, 2.0, 0.5 ] },
								"up": { "texture": "#rope", "uv": [ 0.0, 0.0, 2.0, 2.0 ] },
								"down": { "texture": "#rope", "uv": [ 0.0, 0.0, 2.0, 2.0 ] }
							}
						},
						{
							"name": "Rope1-2",
							"from": [ -3.5, 1.5, -2.0 ],
							"to": [ -1.5, 3.5, -1.5 ],
							"rotationOrigin": [ -2.5, 1.0, -1.5 ],
							"faces": {
								"north": { "texture": "#rope", "uv": [ 0.0, 0.0, 2.0, 2.0 ] },
								"east": { "texture": "#rope", "uv": [ 0.0, 0.0, 0.5, 2.0 ] },
								"south": { "texture": "#rope", "uv": [ 0.0, 0.0, 2.0, 2.0 ] },
								"west": { "texture": "#rope", "uv": [ 0.0, 0.0, 0.5, 2.0 ] },
								"up": { "texture": "#rope", "uv": [ 0.0, 0.0, 2.0, 0.5 ] },
								"down": { "texture": "#rope", "uv": [ 0.0, 0.0, 2.0, 0.5 ] }
							}
						}
					]
				},
				{
					"name": "Rope3",
					"from": [ 0.5, 12.0, 9.0 ],
					"to": [ 1.0, 14.5, 11.5 ],
					"rotationOrigin": [ 0.5, 12.0, 9.0 ],
					"rotationX": -180.0,
					"rotationY": -180.0,
					"rotationZ": -180.0,
					"faces": {
						"north": { "texture": "#rope", "uv": [ 0.0, 0.0, 0.5, 2.5 ] },
						"east": { "texture": "#rope", "uv": [ 0.0, 0.0, 2.5, 2.5 ] },
						"south": { "texture": "#rope", "uv": [ 0.0, 0.0, 0.5, 2.5 ] },
						"west": { "texture": "#rope", "uv": [ 0.0, 0.0, 2.5, 2.5 ] },
						"up": { "texture": "#rope", "uv": [ 0.0, 0.0, 0.5, 2.5 ] },
						"down": { "texture": "#rope", "uv": [ 0.0, 0.0, 0.5, 2.5 ] }
					},
					"children": [
						{
							"name": "Rope3-1",
							"from": [ 0.0, 2.0, 2.5 ],
							"to": [ 2.0, 2.5, 4.5 ],
							"rotationOrigin": [ -0.5, 2.0, 3.5 ],
							"faces": {
								"north": { "texture": "#rope", "uv": [ 0.0, 0.0, 2.0, 0.5 ] },
								"east": { "texture": "#rope", "uv": [ 0.0, 0.0, 2.0, 0.5 ] },
								"south": { "texture": "#rope", "uv": [ 0.0, 0.0, 2.0, 0.5 ] },
								"west": { "texture": "#rope", "uv": [ 0.0, 0.0, 2.0, 0.5 ] },
								"up": { "texture": "#rope", "uv": [ 0.0, 0.0, 2.0, 2.0 ] },
								"down": { "texture": "#rope", "uv": [ 0.0, 0.0, 2.0, 2.0 ] }
							}
						},
						{
							"name": "Rope3-2",
							"from": [ 2.0, 1.5, 4.0 ],
							"to": [ 4.0, 3.5, 4.5 ],
							"rotationOrigin": [ 3.5, 1.0, 4.5 ],
							"faces": {
								"north": { "texture": "#rope", "uv": [ 0.0, 0.0, 2.0, 2.0 ] },
								"east": { "texture": "#rope", "uv": [ 0.0, 0.0, 0.5, 2.0 ] },
								"south": { "texture": "#rope", "uv": [ 0.0, 0.0, 2.0, 2.0 ] },
								"west": { "texture": "#rope", "uv": [ 0.0, 0.0, 0.5, 2.0 ] },
								"up": { "texture": "#rope", "uv": [ 0.0, 0.0, 2.0, 0.5 ] },
								"down": { "texture": "#rope", "uv": [ 0.0, 0.0, 2.0, 0.5 ] }
							}
						}
					]
				}
			]
		}
	]}