[
    {
        "op": "addmerge",
        "path": "/-",
        "file": "game:worldgen/blockpatches/crop.json",
        "value": {
            "comment": "Small patches of cabbage",
            "blockCodes": ["crop-cabbage-5", "crop-cabbage-7", "crop-cabbage-9", "crop-cabbage-11", "crop-cabbage-12"],
            "minTemp": 3,
            "maxTemp": 26,
            "minRain": 0.35,
            "maxRain": 0.75,
            "maxForest": 0.5,
            "quantity": { "avg": 5, "var": 5 },
            "chance": 0.005
        },
        "side": "Server"
    },
    {
        "op": "addmerge",
        "path": "/-",
        "file": "game:worldgen/blockpatches/crop.json",
        "value": {
            "comment": "Small patches of pumpkin",
            "blockCodes": ["pumpkin-fruit-3", "pumpkin-fruit-4", "crop-pumpkin-6", "crop-pumpkin-7", "pumpkin-vine-3-normal"],
            "minTemp": 3,
            "maxTemp": 26,
            "minRain": 0.35,
            "maxRain": 0.75,
            "maxForest": 0.5,
            "quantity": { "avg": 5, "var": 5 },
            "chance": 0.005
        },
        "side": "Server"
    }
]