[
	{
		"name": "Barked Loghalf 3 pieces - fotsa mediterrania",
		"ingredientPattern": "__,LA,LL",
		"ingredients": {
			"A": { "type": "item", "code": "game:axe-*", "isTool": true  },
			"L": { "type": "block", "code": "floralzonesmediterraneanregion:log-placed-*-ud", "name": "wuud", "allowedVariants": [ "populusalba", "taxusbaccata" ] }
		},
		"width": 2,
		"height": 3,
		"recipeGroup": 1,
		"output": { "type": "block", "code": "loghalf-barkedcorner-{wuud}-north", "quantity": 3  }
	},
	{
		"name": "Barked Loghalf 5 pieces - fotsa mediterrania",
		"ingredientPattern": "L__,LA_,LLL",
		"ingredients": {
			"A": { "type": "item", "code": "game:axe-*", "isTool": true  },
			"L": { "type": "block", "code": "floralzonesmediterraneanregion:log-placed-*-ud", "name": "wuud", "allowedVariants": [ "populusalba", "taxusbaccata" ] }
		},
		"width": 3,
		"height": 3,
		"recipeGroup": 1,
		"output": { "type": "block", "code": "loghalf-barkedcorner-{wuud}-north", "name": "material" , "quantity": 5  }
	},
	{
		"name": "Debarked Loghalf 3 pieces - fotsa mediterrania",
		"ingredientPattern": "__,LA,LL",
		"ingredients": {
			"A": { "type": "item", "code": "game:axe-*", "isTool": true  },
			"L": { "type": "block", "code": "floralzonesmediterraneanregion:debarkedlog-*-ud", "name": "wuud", "allowedVariants": [ "populusalba", "taxusbaccata" ] }
		},
		"width": 2,
		"height": 3,
		"recipeGroup": 1,
		"output": { "type": "block", "code": "loghalf-debarkedcorner-{wuud}-north", "quantity": 3  }
	},
	{
		"name": "Debarked Loghalf 5 pieces - fotsa mediterrania",
		"ingredientPattern": "L__,LA_,LLL",
		"ingredients": {
			"A": { "type": "item", "code": "game:axe-*", "isTool": true  },
			"L": { "type": "block", "code": "floralzonesmediterraneanregion:debarkedlog-*-ud", "name": "wuud", "allowedVariants": [ "populusalba", "taxusbaccata" ] }
		},
		"width": 3,
		"height": 3,
		"recipeGroup": 1,
		"output": { "type": "block", "code": "loghalf-debarkedcorner-{wuud}-north", "quantity": 5  }
	},
	{
		"enabled": true,
		"name": "Loghalf Barked Conversion - fotsa mediterrania -> brady",
		"ingredientPattern": "L",
		"ingredients": {
			"L": { "type": "block", "code": "floralzonesmediterraneanregion:logquad-barkedcorner-*-north", "name": "wuud", "allowedVariants": [ "populusalba", "taxusbaccata" ] }
		},
		"width": 1,
		"height": 1,
		"output": { "type": "block", "code": "loghalf-barkedcorner-{wuud}-north" }
	},
	{
		"enabled": true,
		"name": "Loghalf Debarked Conversion - fotsa mediterrania -> brady",
		"ingredientPattern": "L",
		"ingredients": {
			"L": { "type": "block", "code": "floralzonesmediterraneanregion:logquad-debarkedcorner-*-north", "name": "wuud", "allowedVariants": [ "populusalba", "taxusbaccata" ] }
		},
		"width": 1,
		"height": 1,
		"output": { "type": "block", "code": "loghalf-debarkedcorner-{wuud}-north" }
	},
	{
		"enabled": true,
		"name": "Logquad Barked Conversion - brady -> fotsa mediterrania",
		"ingredientPattern": "L",
		"ingredients": {
			"L": { "type": "block", "code": "loghalf-barkedcorner-*-north", "name": "wuud", "allowedVariants": [ "populusalba", "taxusbaccata" ]  }
		},
		"width": 1,
		"height": 1,
		"output": { "type": "block", "code": "floralzonesmediterraneanregion:logquad-barkedcorner-{wuud}-north" }
	},
	{
		"enabled": true,
		"name": "Logquad Debarked Conversion - brady -> fotsa mediterrania",
		"ingredientPattern": "L",
		"ingredients": {
			"L": { "type": "block", "code": "loghalf-debarkedcorner-*-north", "name": "wuud", "allowedVariants": [ "populusalba", "taxusbaccata" ]  }
		},
		"width": 1,
		"height": 1,
		"output": { "type": "block", "code": "floralzonesmediterraneanregion:logquad-debarkedcorner-{wuud}-north" }
	}
]