
{
  "code": "brazierlit",
  "entityClass": "ndlvillagers.brazierlit",

  "behaviors": [
    {
      "name": "Unstable",
      "properties": {
        "attachedToFaces": [ "down" ]
      }
    }
  ],

  "drops": [
    {
      "type": "block",
      "code": "brazierunlit"
    }
  ],

  "shape": { "base": "brazier/brazierlit" },

  "doNotRenderAtLod2": true,
  "sidesolid": {
    "all": false
  },
  "sideopaque": {
    "all": false
  },
  "creativeinventory": {
    "general": [ "*" ],
    "decorative": [ "*" ],
    "NDLVillagers": [ "*" ]
  },
  "replaceable": 5001,
  "resistance": 0.5,
  "maxStackSize": 999,
  "lightAbsorption": 0,
  "lightHsv": [ 4, 4, 14 ],
  "lightlevel": 20,

  "particleProperties": [
    {
      "__comment": "Ember cubicles",
      "hsvaColor": [
        {
          "avg": 130,
          "var": 0
        },
        {
          "avg": 130,
          "var": 0
        },
        {
          "avg": 130,
          "var": 0
        },
        {
          "avg": 130,
          "var": 0
        }
      ],
      "gravityEffect": {
        "dist": "invexp",
        "avg": -0.07,
        "var": 0.4
      },
      "posOffset": [
        {
          "avg": 0,
          "var": 0.15
        },
        {
          "avg": 0,
          "var": 0.5
        },
        {
          "avg": 0,
          "var": 0.15
        }
      ],
      "velocity": [
        {
          "avg": 0,
          "var": 0.15
        },
        {
          "avg": 0.5,
          "var": 0.1
        },
        {
          "avg": 0,
          "var": 0.15
        }
      ],
      "quantity": { "avg": 0.5 },
      "size": {
        "avg": 0.4,
        "var": 0
      },
      "sizeEvolve": {
        "transform": "quadratic",
        "factor": -0.7
      },
      "lifeLength": { "avg": 1.5 },
      "vertexFlags": 128,
      "windAffectednes": 0.2
    },
    {
      "__comment": "Smoke quads",
      "hsvaColor": [
        {
          "avg": 0,
          "var": 0
        },
        {
          "avg": 0,
          "var": 0
        },
        {
          "avg": 40,
          "var": 30
        },
        {
          "avg": 220,
          "var": 50
        }
      ],
      "opacityEvolve": {
        "transform": "quadratic",
        "factor": -16
      },
      "gravityEffect": {
        "avg": 0,
        "var": 0
      },
      "posOffset": [
        {
          "avg": 0,
          "var": 0.15
        },
        {
          "avg": 0,
          "var": 0.5
        },
        {
          "avg": 0,
          "var": 0.15
        }
      ],
      "velocity": [
        {
          "avg": 0,
          "var": 0.025
        },
        {
          "avg": 0.15,
          "var": 0.1
        },
        {
          "avg": 0,
          "var": 0.025
        }
      ],
      "quantity": { "avg": 0.5 },
      "size": {
        "avg": 0.25,
        "var": 0.05
      },
      "sizeEvolve": {
        "transform": "linear",
        "factor": 0.5
      },
      "particleModel": "Quad",
      "windAffectednes": 0.7
    },
    {
      "__comment": "Fire quads",
      "hsvaColor": [
        {
          "avg": 130,
          "var": 0
        },
        {
          "avg": 130,
          "var": 0
        },
        {
          "avg": 130,
          "var": 0
        },
        {
          "avg": 130,
          "var": 0
        }
      ],
      "opacityEvolve": {
        "transform": "quadratic",
        "factor": -16
      },
      "gravityEffect": {
        "avg": 0,
        "var": 0
      },
      "posOffset": [
        {
          "avg": 0,
          "var": 0.15
        },
        {
          "avg": 0,
          "var": 0.5
        },
        {
          "avg": 0,
          "var": 0.15
        }
      ],
      "velocity": [
        {
          "avg": 0,
          "var": 0.025
        },
        {
          "avg": 0.18,
          "var": 0.07
        },
        {
          "avg": 0,
          "var": 0.025
        }
      ],
      "quantity": { "avg": 0.75 },
      "size": {
        "avg": 0.25,
        "var": 0.05
      },
      "lifeLength": { "avg": 0.5 },
      "sizeEvolve": {
        "transform": "linear",
        "factor": 0.5
      },
      "particleModel": "Quad",
      "vertexFlags": 128,
      "windAffectednes": 0.7
    }
  ],

  "tpHandTransform": {
    "translation": {
      "x": -1.23,
      "y": -0.91,
      "z": -0.8
    },
    "rotation": {
      "x": -2,
      "y": 25,
      "z": -78
    },
    "scale": 0.4
  },
  "rainPermeable": true,
  "materialDensity": 600
}