{
  "code": "brazierunlit",

  "behaviors": [
    {
      "name": "Unstable",
      "properties": {
        "attachedToFaces": [ "down" ]
      }
    }
  ],

  "drops": [
    {
      "type": "block",
      "code": "brazierunlit"
    }
  ],

  "shape": { "base": "brazier/brazierunlit" },

  "doNotRenderAtLod2": true,
  "sidesolid": {
    "all": false
  },
  "sideopaque": {
    "all": false
  },
  "creativeinventory": {
    "general": [ "*" ],
    "decorative": [ "*" ],
    "NDLVillagers": [ "*" ]
  },
  "replaceable": 5001,
  "resistance": 0.5,
  "maxStackSize": 999,
  "lightAbsorption": 0,

  "tpHandTransform": {
    "translation": {
      "x": -1.23,
      "y": -0.91,
      "z": -0.8
    },
    "rotation": {
      "x": -2,
      "y": 25,
      "z": -78
    },
    "scale": 0.4
  },
  "rainPermeable": true,
  "materialDensity": 600
}