{
    "code": "buzzybee",
    "class": "EntityBuzzyBee",
    "habitat": "Air",
    "hitboxSize": {
        "x": 0.2,
        "y": 0.2
    },
    "client": {
        "renderer": "Shape",
        "size": 0.8,
        "shape": { "base": "entity/animal/invertebrate/buzzybee" },
        "textures": {
            "bee": { "base": "game:entity/bee" },
            "quartz": { "base": "game:block/glass/quartz" }
        },
        "behaviors": [
            {
                "code": "controlledphysics",
                "stepHeight": 1.0001
            },
            { "code": "interpolateposition" }
        ],
        "animations": [
            {
                "code": "feed",
                "animation": "feed",
                "animationSpeed": 1,
                "weight": 1,
                "blendMode": "Average"
            },
            {
                "code": "rest",
                "animation": "rest",
                "animationSpeed": 1,
                "weight": 1,
                "blendMode": "Average"
            },
            {
                "code": "fly",
                "animation": "fly",
                "animationSpeed": 1,
                "weight": 1,
                "blendMode": "Average"
            }
        ]
    },
    "server": {
        "attributes": {
            "pathfinder": {
                "minTurnAnglePerSec": 1800,
                "maxTurnAnglePerSec": 3600
            }
        },
        "behaviors": [
            { "code": "breathe" },
            {
                "code": "health",
                "currenthealth": 0.1,
                "maxhealth": 0.1
            },
            {
                "code": "controlledphysics",
                "stepHeight": 1.0001
            },
            {
                "code": "despawn",
                "belowLightLevel": 8,
                "minSeconds": 5
            },
            {
                "code": "despawn",
                "minPlayerDistance": 20,
                "minSeconds": 5
            },
            {
                "code": "taskai",
                "aitasks": [
                    {
                        "code": "buzzybeerest",
                        "priority": 0.8,
                        "movespeed": 0.01,
                        "maxHeight": 10,
                        "targetDistance": 0.15,
                        "mincooldownHours": 1,
                        "maxcooldownHours": 5
                    },
                    {
                        "code": "buzzybeefeedonflowers",
                        "priority": 1.4,
                        "movespeed": 0.01,
                        "maxHeight": 10,
                        "targetDistance": 0.15
                    },
                    {
                        "code": "buzzybeewander",
                        "priority": 0.9,
                        "movespeed": 0.01,
                        "maxHeight": 10,
                        "targetDistance": 0.15
                    }
                ]
            }
        ]
    },
    "sounds": {
        "idle": "buzzybee"
    },
    "idleSoundChance": 0.02,
    "idleSoundRange": 8
}