{
	"code": "pressedmash",
	"class": "ItemPressedMash",
	"maxstacksize": 64,
	"variantgroups": [
		{
			"code": "scent",
			"states": [ "chamomile", "hibiscus", "lavender", "calendula", "mint" ]
		}
	],
	"attributes": {
        "foodTags": ["fruitmash"],
		"juiceablePropertiesByType": {
			"*": {
				"liquidStack": { "type": "item", "code": "oil-{scent}", "stacksize": 1 },
				"pressedStack": { "type": "item", "code": "pressedmash-{scent}", "stacksize": 1 }
			}
		},
		"inTrapTransform": {
			"translation": { "x": -0.03, "y": -0.09, "z": 0 },
			"scale": 0.7
		}
	},
	"shape": { "base": "game:item/pressedmash" },
	"texturesByType": {
		"*-chamomile": {
			"material": { "base": "game:block/food/pie/fill-cabbage" }
		},
		"*-hibiscus": {
			"material": { "base": "game:block/food/pie/fill-saguaro" }
		},
		"*-lavender": {
			"material": { "base": "game:item/resource/lavendermash" }
		},
		"*-calendula": {
			"material": { "base": "game:block/food/pie/fill-orange" }
		},
		"*-mint": {
			"material": { "base": "game:item/resource/mintmash" }
		}
	},
	"creativeinventory": { "general": ["*"], "items": ["*"], "soaplyeandbloom": ["*"] },
	"transitionableProps": [{
		"type": "Perish",
		"freshHours": { "avg": 36 },
		"transitionHours": { "avg": 12 },
		"transitionedStack": { "type": "item", "code": "game:rot" },
		"transitionRatio": 1
	}],
	"fpHandTransform": {
		"rotation": { "x": 29, "y": 113, "z": -30 },
		"origin": { "x": 0.5, "y": 0.25, "z": 0.5 },
		"scale": 1.44
	},
	"guiTransform": {
		"translation": { "x": 0, "y": 0, "z": 0 },
		"rotation": { "x": -28, "y": -40, "z": 0 },
		"origin": { "x": 0.49, "y": 0.04, "z": 0.53 },
		"scale": 2.3
	},
	"groundTransform": {
		"translation": { "x": 0, "y": 0, "z": 0 },
		"rotation": { "x": 0, "y": 0, "z": 0 },
		"origin": { "x": 0.5, "y": 0, "z": 0.5 },
		"scale": 2
	},
	"tpHandTransform": {
		"translation": { "x": -1.1, "y": -0.3, "z": -0.9 },
		"rotation": { "x": 1, "y": -34, "z": -11 },
		"origin": { "x": 0.5, "y": 0.25, "z": 0.5 },
		"scale": 0.5
	}
}