{
	"code": "shea",
	"maxstacksize": 64,
	"variantgroups": [
		{ "code": "type", "states": [ "fruit", "nut", "nut-dried", "kernel", "butter" ] }
	],
	"shapebytype": {
		"*-nut-dried": { "base": "item/resource/shea/nut" },
		"*": { "base": "item/resource/shea/{type}" }
	},
	"textureByType": {
		"*-nut-dried": { "base": "item/resource/shea/nut-dried" },
		"*": { "base": "item/resource/shea/{type}" }
	},
	"creativeinventory": { "general": ["*"], "items": ["*"], "soaplyeandbloom": ["*"] },
	"nutritionPropsByType": {
		"*-fruit": { "satiety": 60, "foodcategory": "Fruit" }
	},
	"transitionablePropsByType": {
		"*-nut": [{
			"type": "Dry",
			"freshHours": { "avg": 0 },
			"transitionHours": { "avg": 72 },
			"transitionedStack": { "type": "item", "code": "shea-nut-dried" },
			"transitionRatio": 1
		}],
		"*-butter": [{
			"type": "Perish",
			"freshHours": { "avg": 1350 },
			"transitionHours": { "avg": 48 },
			"transitionedStack": { "type": "item", "code": "game:rot" },
			"transitionRatio": 0.5
		}],
		"*": [{
			"type": "Perish",
			"freshHours": { "avg": 288 },
			"transitionHours": { "avg": 48 },
			"transitionedStack": { "type": "item", "code": "game:rot" },
			"transitionRatio": 0.5
		}]
	},
	"guiTransformByType": {
		"*-fruit": {
			"translation": { "x": 2, "y": 3, "z": 0 },
			"rotation": { "x": 33, "y": 47, "z": 22 },
			"origin": { "x": 0.5, "y": 0.1, "z": 0.5 },
			"scale": 2.68
		},
		"*-nut": {
			"translation": { "x": 2, "y": 3, "z": 0 },
			"rotation": { "x": 33, "y": 47, "z": 22 },
			"origin": { "x": 0.5, "y": 0.06, "z": 0.5 },
			"scale": 3.5
		},
		"*-nut-dried": {
			"translation": { "x": 2, "y": 3, "z": 0 },
			"rotation": { "x": 33, "y": 47, "z": 22 },
			"origin": { "x": 0.5, "y": 0.06, "z": 0.5 },
			"scale": 3.5
		},
		"*-kernel": {
			"translation": { "x": 2, "y": 3, "z": 0 },
			"rotation": { "x": 33, "y": 47, "z": 22 },
			"origin": { "x": 0.5, "y": 0.06, "z": 0.5 },
			"scale": 3.5
		},
		"*-butter": {
			"rotation": { "x": 142, "y": -35, "z": 0 },
			"origin": { "x": 0.5, "y": 0.09, "z": 0.5 },
			"scale": 1.3
		}
	},
	"fpHandTransformByType": {
		"*-fruit": {
			"translation": { "x": -0.55, "y": 0.07, "z": -0.51 },
			"rotation": { "x": -49, "y": 90, "z": -30 },
			"origin": { "x": 0.7, "y": 0.1, "z": 0.5 },
			"scale": 1.74
		},
		"*-nut": {
			"translation": { "x": -0.05, "y": 0.1, "z": 0 },
			"rotation": { "x": -49, "y": 90, "z": -30 },
			"origin": { "x": 0.7, "y": 0.05, "z": 0.5 },
			"scale": 1.74
		},
		"*-nut-dried": {
			"translation": { "x": -0.05, "y": 0.1, "z": 0 },
			"rotation": { "x": -49, "y": 90, "z": -30 },
			"origin": { "x": 0.7, "y": 0.05, "z": 0.5 },
			"scale": 1.74
		},
		"*-kernel": {
			"translation": { "x": -0.05, "y": 0.1, "z": 0 },
			"rotation": { "x": -49, "y": 90, "z": -30 },
			"origin": { "x": 0.7, "y": 0.05, "z": 0.5 },
			"scale": 1.74
		},
		"*-butter": {
			"translation": { "x": 0.0468, "y": -0.1, "z": 0 },
			"rotation": { "x": 6, "y": 49, "z": 20 }
		}
	},
	"tpHandTransformByType": {
		"*-fruit": {
			"translation": { "x": -0.55, "y": 0.07, "z": -0.51 },
			"rotation": { "x": 66, "y": 8, "z": -170 },
			"origin": { "x": -0.55, "y": 0.1, "z": 0.7 },
			"scale": 0.98
		},
		"*-nut": {
			"translation": { "x": -0.55, "y": 0.07, "z": -0.51 },
			"rotation": { "x": 66, "y": 8, "z": -170 },
			"origin": { "x": -0.55, "y": 0.05, "z": 0.7 },
			"scale": 0.98
		},
		"*-nut-dried": {
			"translation": { "x": -0.55, "y": 0.07, "z": -0.51 },
			"rotation": { "x": 66, "y": 8, "z": -170 },
			"origin": { "x": -0.55, "y": 0.05, "z": 0.7 },
			"scale": 0.98
		},
		"*-kernel": {
			"translation": { "x": -0.55, "y": 0.07, "z": -0.51 },
			"rotation": { "x": 66, "y": 8, "z": -170 },
			"origin": { "x": -0.55, "y": 0.05, "z": 0.7 },
			"scale": 0.98
		},
		"*-butter": {
			"translation": { "x": -2.08, "y": -1.24, "z": -1.22 },
			"rotation": { "x": -31, "y": 11, "z": -98 },
			"scale": 0.38
		}
	},
	"groundTransformByType": {
		"*-fruit": {
			"translation": { "x": 0, "y": 0, "z": 0 },
			"rotation": { "x": 0, "y": 0, "z": -3 },
			"origin": { "x": 0.47, "y": 0, "z": 0.5 },
			"scale": 5
		},
		"*-nut": {
			"translation": { "x": 0, "y": 0, "z": 0 },
			"rotation": { "x": 0, "y": 0, "z": -3 },
			"origin": { "x": 0.47, "y": 0, "z": 0.5 },
			"scale": 6
		},
		"*-nut-dried": {
			"translation": { "x": 0, "y": 0, "z": 0 },
			"rotation": { "x": 0, "y": 0, "z": -3 },
			"origin": { "x": 0.47, "y": 0, "z": 0.5 },
			"scale": 6
		},
		"*-kernel": {
			"translation": { "x": 0, "y": 0, "z": 0 },
			"rotation": { "x": 0, "y": 0, "z": -3 },
			"origin": { "x": 0.47, "y": 0, "z": 0.5 },
			"scale": 6
		},
		"*-butter": {
			"translation": { "x": 0, "y": 0.05, "z": 0 },
			"rotation": { "x": -1, "y": 0, "z": 0 },
			"origin": { "x": 0.5, "y": 0.17, "z": 0.5 },
			"scale": 1.5
		}
	}
}
