[
  {
    "op": "addmerge",
    "path": "/attributes/juiceablePropertiesByType/*-honey",
    "value": {
      "liquidStack": {
        "type": "item",
        "code": "game:honeyportion",
        "stacksize": 1
      },
      "pressedStack": {
        "type": "item",
        "code": "game:pressedmash-{fruit}",
        "stacksize": 1
      }
    },
    "side": "server",
    "file": "game:itemtypes/resource/pressedmash.json"
  },
  {
    "op": "addmerge",
    "path": "/attributes/juiceablePropertiesByType/*-soybean",
    "value": {
      "liquidStack": {
        "type": "item",
        "code": "expandedfoods:foodoilportion-soy",
        "stacksize": 1
      },
      "pressedStack": {
        "type": "item",
        "code": "game:pressedmash-{fruit}",
        "stacksize": 1
      }
    },
    "side": "server",
    "file": "game:itemtypes/resource/pressedmash.json"
  },
  {
    "op": "addmerge",
    "path": "/attributes/juiceablePropertiesByType/*-soyblend",
    "value": {
      "liquidStack": {
        "type": "item",
        "code": "expandedfoods:soymilk-raw",
        "stacksize": 1
      },
      "pressedStack": {
        "type": "item",
        "code": "game:pressedmash-{fruit}",
        "stacksize": 1
      }
    },
    "side": "server",
    "file": "game:itemtypes/resource/pressedmash.json"
  },
  {
    "op": "addmerge",
    "path": "/attributes/juiceablePropertiesByType/*-soyslurry",
    "value": {
      "liquidStack": {
        "type": "item",
        "code": "expandedfoods:soysauce",
        "stacksize": 1
      },
      "pressedStack": {
        "type": "item",
        "code": "game:pressedmash-{fruit}",
        "stacksize": 1
      }
    },
    "side": "server",
    "file": "game:itemtypes/resource/pressedmash.json"
  },
  {
    "op": "addmerge",
    "path": "/attributes/juiceablePropertiesByType/@*-(carrot|cabbage|onion||turnip|pumpkin|bellpepper|cassava|parsnip)",
    "value": {
      "liquidStack": {
        "type": "item",
        "code": "expandedfoods:vegetablejuiceportion-{fruit}",
        "stacksize": 1
      },
      "pressedStack": {
        "type": "item",
        "code": "game:pressedmash-{fruit}",
        "stacksize": 1
      }
    },
    "side": "server",
    "file": "game:itemtypes/resource/pressedmash.json"
  },
  {
    "op": "addmerge",
    "path": "/attributes/juiceablePropertiesByType/@*-(flax|rice|sunflower|seed|peanut)",
    "value": {
      "liquidStack": {
        "type": "item",
        "code": "expandedfoods:foodoilportion-{fruit}",
        "stacksize": 1
      },
      "pressedStack": {
        "type": "item",
        "code": "game:pressedmash-{fruit}",
        "stacksize": 1
      }
    },
    "side": "server",
    "file": "game:itemtypes/resource/pressedmash.json"
  },
  {
    "op": "replace",
    "path": "/attributes/juiceablePropertiesByType/*-olive",
    "value": {
      "liquidStack": {
        "type": "item",
        "code": "expandedfoods:foodoilportion-olive",
        "stacksize": 1
      },
      "pressedStack": {
        "type": "item",
        "code": "pressedmash-olive",
        "stacksize": 1
      }
    },
    "side": "server",
    "file": "game:itemtypes/resource/pressedmash.json"
  },
  {
    "op": "addmerge",
    "path": "/attributes/juiceablePropertiesByType/*-fish",
    "value": {
      "liquidStack": {
        "type": "item",
        "code": "expandedfoods:fishsauce",
        "stacksize": 1
      },
      "pressedStack": {
        "type": "item",
        "code": "game:pressedmash-{fruit}",
        "stacksize": 1
      }
    },
    "side": "server",
    "file": "game:itemtypes/resource/pressedmash.json",
  },
  {
    "op": "addeach",
    "side": "server",
    "path": "/variantgroups/0/states/-",
    "value": [ "flax", "rice", "sunflower", "seed", "honey", "soybean", "peanut", "carrot", "cabbage", "onion", "turnip", "parsnip", "pumpkin", "bellpepper", "cassava", "soyslurry", "soyblend", "olive", "fish"],
    "file": "game:itemtypes/resource/pressedmash.json"
  },
  {
    "op": "move",
    "fromPath": "/transitionableProps",
    "path": "/62a0089e-5444-4b79-9481-d36dd4bd748b",
    "side": "server",
    "file": "game:itemtypes/resource/pressedmash.json"    
  },
  {
    "op": "addmerge",
    "path": "/transitionablePropsByType",
    "value": {
      "*-honey": null,
      "*": null
    },
    "side": "server",
    "file": "game:itemtypes/resource/pressedmash.json"    
  }, 
  {
    "op": "move",
    "fromPath": "/62a0089e-5444-4b79-9481-d36dd4bd748b",
    "path": "/transitionablePropsByType/*",
    "side": "server",
    "file": "game:itemtypes/resource/pressedmash.json"    
  },    
  {
    "op": "move",
    "side": "server",
    "path": "/temp",
    "frompath": "/attributes/juiceablePropertiesByType/*",
    "file": "game:itemtypes/resource/pressedmash.json"
  },
  {
    "op": "move",
    "side": "server",
    "path": "/attributes/juiceablePropertiesByType/*",
    "frompath": "/temp",
    "file": "game:itemtypes/resource/pressedmash.json"
  },
]