[
    {
        "code": "dye-yellow",
        "sealHours": 8,
        "ingredients": [
            { "type": "item", "code": "game:waterportion", "litres": 5 },
            { "type": "block", "code": "flower-chamomile-free", "quantity": 1 }
        ],
        "output": { "type": "item", "code": "game:dye-yellow", "litres": 5
        }
    },
    {
        "code": "dye-pink",
        "sealHours": 8,
        "ingredients": [
            { "type": "item", "code": "game:waterportion", "litres": 5 },
            { "type": "block", "code": "flower-hibiscus-free", "quantity": 1 }
        ],
        "output": { "type": "item", "code": "game:dye-pink", "litres": 5
        }
    },
    {
        "code": "dye-purple",
        "sealHours": 8,
        "ingredients": [
            { "type": "item", "code": "game:waterportion", "litres": 5 },
            { "type": "block", "code": "flower-lavender-free", "quantity": 1 }
        ],
        "output": { "type": "item", "code": "game:dye-purple", "litres": 5
        }
    },
    {
        "code": "dye-orange",
        "sealHours": 8,
        "ingredients": [
            { "type": "item", "code": "game:waterportion", "litres": 5 },
            { "type": "block", "code": "flower-calendula-free", "quantity": 1 }
        ],
        "output": { "type": "item", "code": "game:dye-orange", "litres": 5
        }
    },
    {
        "code": "dye-green",
        "sealHours": 8,
        "ingredients": [
            { "type": "item", "code": "game:waterportion", "litres": 5 },
            { "type": "block", "code": "flower-mint-free", "quantity": 1 }
        ],
        "output": { "type": "item", "code": "game:dye-green", "litres": 5
        }
    }
]