[
    {
        "file": "game:blocktypes/wood/woodtyped/crate.json",
        "op": "replace",
        "path": "/shapeByType",
        "side": "server",
        "value": {
            "@.*-(pine|larch)": {
                "base": "game:block/wood/crates/normal-closed",
                "rotateY": 0
            },
            "*": {
                "base": "game:block/wood/crate/normal-closed",
                "rotateY": 0
            }
        }
    },
    {
        "file": "game:blocktypes/wood/woodtyped/crate.json",
        "op": "replace",
        "path": "/textures",
        "side": "server",
        "value": {
            "label-building": { "base": "game:block/wood/crate/label-building" },
            "label-decoration": { "base": "game:block/wood/crate/label-decoration" },
            "label-defense": { "base": "game:block/wood/crate/label-defense" },
            "label-empty": { "base": "game:block/wood/crate/label-empty" },
            "label-ingredients": { "base": "game:block/wood/crate/label-ingredients" },
            "label-storage": { "base": "game:block/wood/crate/label-storage" },
            "label-tools": { "base": "game:block/wood/crate/label-tools" },
            "woodlabel-empty": { "base": "game:block/wood/trunk/accessories" },
            "crate": { "base": "game:block/wood/crate/aged-crate" },
            "aged-inside": { "base": "game:block/wood/crate/aged-inside" },
            "aged1": { "base": "game:block/wood/planks/aged1" },
            "building": { "base": "game:block/wood/crate/label-building" },
            "wood-aged-crate": { "base": "game:block/wood/crate/aged-crate" },
            "wood-birch-crate": { "base": "game:block/wood/crate/birch-crate" },
            "wood-oak-crate": { "base": "game:block/wood/crate/oak-crate" },
            "wood-maple-crate": { "base": "game:block/wood/crate/maple-crate" },
            "wood-pine-crate": { "base": "game:block/wood/crate/pine-crate" },
            "wood-acacia-crate": { "base": "game:block/wood/crate/acacia-crate" },
            "wood-kapok-crate": { "base": "game:block/wood/crate/kapok-crate" },
            "wood-baldcypress-crate": { "base": "game:block/wood/crate/baldcypress-crate" },
            "wood-larch-crate": { "base": "game:block/wood/crate/larch-crate" },
            "wood-redwood-crate": { "base": "game:block/wood/crate/redwood-crate" },
            "wood-ebony-crate": { "base": "game:block/wood/crate/ebony-crate" },
            "wood-walnut-crate": { "base": "game:block/wood/crate/walnut-crate" },
            "wood-purpleheart-crate": { "base": "game:block/wood/crate/purpleheart-crate" }
        }
    },
    {
        "file": "game:blocktypes/wood/woodtyped/crate.json",
        "op": "replace",
        "path": "/heldTpIdleAnimation",
        "side": "server",
        "value": "holdbothhandslarge"
    },
    {
        "file": "game:blocktypes/wood/woodtyped/crate.json",
        "op": "replace",
        "path": "/tpHandTransform",
        "side": "server",
        "value": {
            "translation": {
                "x": -1.3,
                "y": -0.9,
                "z": -0.6
            },
            "rotation": {
                "x": 17,
                "y": 8,
                "z": -70
            },
            "scale": 0.43
        }
    },
    {
        "file": "game:blocktypes/wood/woodtyped/crate.json",
        "op": "replace",
        "path": "/guiTransform",
        "side": "server",
        "value": {
            "origin": {
                "x": 0.5,
                "y": 0.5,
                "z": 0.5
            },
            "scale": 0.96
        }
    }
]

