[
    {
        "file": "game:blocktypes/wood/woodtyped/log-withresin.json",
        "op": "remove",
        "path": "/textures",
        "side": "server"


    },
    {
        "file": "game:blocktypes/wood/woodtyped/log-withresin.json",
        "op": "add",
        "path": "/texturesByType",
        "side": "server",
        "value": {
            "@.*-(oak|acacia|aged|baldcypress|birch|ebony|kapok|larch|maple|pine|purpleheart|redwood|walnut)-.*": {
                "bark": { "base": "game:block/wood/bark/vertical/{wood}*" },
                "trunk": { "base": "game:block/wood/treetrunk/{wood}*" },
                "resinbark1": {
                    "base": "game:block/wood/bark/vertical/{wood}*",
                    "overlays": [ "game:block/wood/bark/resin1" ]
                },
                "resinbark2": {
                    "base": "game:block/wood/bark/vertical/{wood}*",
                    "overlays": [ "game:block/wood/bark/resin2" ]
                }
            },
            "*": {
                "bark": { "base": "game:block/wood/bark/{wood}" },
                "trunk": { "base": "game:block/wood/treetrunk/{wood}" },
                "resinbark1": {
                    "base": "game:block/wood/bark/{wood}",
                    "overlays": [ "game:block/wood/bark/resin1" ]
                },
                "resinbark2": {
                    "base": "game:block/wood/bark/{wood}",
                    "overlays": [ "game:block/wood/bark/resin2" ]
                }
            }
        }
    }
]