[
    {
        "file": "game:blocktypes/wood/woodtyped/plankslab.json",
        "op": "add",
        "path": "/textures",
        "side": "server",
        "value": {
            "sides": {
                "baseByType": {
                    "plankslab-acacia-*": "game:block/wood/planks/acacia/sides/*",
                    "@.*-(aged|agedebony|baldcypress|birch|ebony|kapok|larch|maple|oak|pine|purpleheart|redwood|rottenebony|walnut)-.*": "game:block/wood/planks/{wood}/top/*",
                    "*": "game:block/wood/planks/{wood}*"
                }
            }
        }
    }
]
