[
	{
		"ingredientPattern": "LLL,L_L,SK_",
		"ingredients": {
			"L": { "type": "item", "code": "game:leather-normal-*", "quantity": 2, "name": "color", "allowedVariants": ["black", "gray", "plain"], }, 
			"K": { "type": "item", "code": "stitchingkitleather", "quantity": 1 }, 
			"S": { "type": "item", "code": "game:shears-*", isTool: true }
		},
		"width": 3,
		"height": 3,
		"output": { "type": "item", "code": "clothes-arm-leatherchaps-{color}", "quantity": 1 }
	},
	{
		"ingredientPattern": "LLL,LBL,SK_",
		"ingredients": {
			"L": { "type": "item", "code": "game:leather-normal-plain", "quantity": 2 }, 
			"B": { "type": "block", "code": "game:woodbucket" },
			"K": { "type": "item", "code": "stitchingkitleather", "quantity": 1 }, 
			"S": { "type": "item", "code": "game:shears-*", isTool: true }
		},
		"width": 3,
		"height": 3,
		"attributes": {
			"liquidContainerProps": {
				"requiresContent": { "type": "item", "code": "strongtanninportion" },
				"requiresLitres": 2
			}
		},
		"output": { "type": "item", "code": "clothes-arm-leatherchaps-brown", "quantity": 1 }
	},
	{
		"ingredientPattern": "LLL,L_L,SK_",
		"requiresTrait": "clothier",
		"ingredients": {
			"L": { "type": "item", "code": "game:leather-normal-*", "quantity": 1, "name": "color", "allowedVariants": ["black", "gray", "plain"], }, 
			"K": { "type": "item", "code": "stitchingkitleather", "quantity": 1 },
			"S": { "type": "item", "code": "game:shears-*", isTool: true }
		},
		"width": 3,
		"height": 3,
		"output": { "type": "item", "code": "clothes-arm-leatherchaps-{color}", "quantity": 1 }
	},
	{
		"ingredientPattern": "LLL,LBL,SK_",
		"requiresTrait": "clothier",
		"ingredients": {
			"L": { "type": "item", "code": "game:leather-normal-plain", "quantity": 1 }, 
			"B": { "type": "block", "code": "game:woodbucket" }, 
			"K": { "type": "item", "code": "stitchingkitleather", "quantity": 1 },
			"S": { "type": "item", "code": "game:shears-*", isTool: true }
		},
		"width": 3,
		"height": 3,
		"attributes": {
			"liquidContainerProps": {
				"requiresContent": { "type": "item", "code": "strongtanninportion" },
				"requiresLitres": 2
			}
		},
		"output": { "type": "item", "code": "clothes-arm-leatherchaps-brown", "quantity": 1 }
	}
]