[
	{
		"ingredientPattern": "PPS,CCK",
		"ingredients": {
			"P": { "type": "item", "code": "game:hide-pelt-small", "quantity": 2 }, 
			"C": { "type": "item", "code": "game:cloth-*", "quantity": 2, "name": "color", "allowedVariants": ["black", "brown", "white", "plain"], }, 
			"S": { "type": "item", "code": "game:shears-*", isTool: true },
			"K": { "type": "item", "code": "stitchingkitleather", "quantity": 1 }
		},
		"width": 3,
		"height": 2,
		"output": { "type": "item", "code": "clothes-foot-mukluks-{color}", "quantity": 1 }
	},
	{
		"ingredientPattern": "PPS,CCK",
		"requiresTrait": "clothier",
		"ingredients": {
			"P": { "type": "item", "code": "game:hide-pelt-small", "quantity": 1 },
			"C": { "type": "item", "code": "game:cloth-*", "quantity": 1, "name": "color", "allowedVariants": ["black", "brown", "white", "plain"], },
			"S": { "type": "item", "code": "game:shears-*", isTool: true },
			"K": { "type": "item", "code": "stitchingkitleather", "quantity": 1 }
		},
		"width": 3,
		"height": 2,
		"output": { "type": "item", "code": "clothes-foot-mukluks-{color}", "quantity": 1 }
	}
]