[
	{
		"ingredientPattern": "LPL,ST_",
		"ingredients": {
			"L": { "type": "item", "code": "game:leather-normal-*", "quantity": 2, "name": "color", "allowedVariants": ["black", "red", "brown", "gray", "white", "plain"], },
			"P": { "type": "item", "code": "game:hide-pelt-small", "quantity": 2 },
			"T": { "type": "item", "code": "stitchingkitleather", "quantity": 1 },
			"S": { "type": "item", "code": "game:shears-*", isTool: true }
		},
		"width": 3,
		"height": 2,
		"output": { "type": "item", "code": "clothes-hand-leatherglovesfringe-{color}", "quantity": 1 }
	},
	{
		"ingredientPattern": "LPL,STB",
		"ingredients": {
			"L": { "type": "item", "code": "game:leather-normal-plain", "quantity": 2 },
			"P": { "type": "item", "code": "game:hide-pelt-small", "quantity": 2 },
			"T": { "type": "item", "code": "stitchingkitleather", "quantity": 1 },
			"S": { "type": "item", "code": "game:shears-*", isTool: true },
			"B": { "type": "block", "code": "game:woodbucket" }
			
		},
		"width": 3,
		"height": 2,
		"attributes": {
			"liquidContainerProps": {
				"requiresContent": { "type": "item", "code": "strongtanninportion" },
				"requiresLitres": 2
			}
		},
		"output": { "type": "item", "code": "clothes-hand-leatherglovesfringe-brown", "quantity": 1 }
	},
	{
		"ingredientPattern": "LPL,SK_",
		"requiresTrait": "clothier",
		"ingredients": {
			"L": { "type": "item", "code": "game:leather-normal-*", "quantity": 1, "name": "color", "allowedVariants": ["black", "red", "brown", "gray", "white", "plain"], },
			"P": { "type": "item", "code": "game:hide-pelt-small", "quantity": 1 },
			"K": { "type": "item", "code": "stitchingkitleather", "quantity": 1 },
			"S": { "type": "item", "code": "game:shears-*", isTool: true }
		},
		"width": 3,
		"height": 2,
		"output": { "type": "item", "code": "clothes-hand-leatherglovesfringe-{color}", "quantity":1 }
	},
	{
		"ingredientPattern": "LPL,SKB",
		"requiresTrait": "clothier",
		"ingredients": {
			"L": { "type": "item", "code": "game:leather-normal-plain", "quantity": 1 },
			"P": { "type": "item", "code": "game:hide-pelt-small", "quantity": 1 },
			"K": { "type": "item", "code": "stitchingkitleather", "quantity": 1 },
			"S": { "type": "item", "code": "game:shears-*", isTool: true },
			"B": { "type": "block", "code": "game:woodbucket" }
		},
		"width": 3,
		"height": 2,
		"attributes": {
			"liquidContainerProps": {
				"requiresContent": { "type": "item", "code": "strongtanninportion" },
				"requiresLitres": 2
			}
		},
		"output": { "type": "item", "code": "clothes-hand-leatherglovesfringe-brown", "quantity":1 }
	},
	{
		"ingredientPattern": "SG",
		"ingredients": {
			"G": { "type": "item", "code": "americanfrontiersman:clothes-hand-leatherglovesfringe-*", "quantity": 1, "name": "color", "allowedVariants": ["black", "red", "brown", "gray", "white", "plain"], },
			"S": { "type": "item", "code": "game:shears-*", isTool: true }
		},
		"width": 2,
		"height": 1,
		"output": { "type": "item", "code": "clothes-hand-leathergloves-{color}", "quantity": 1 }
	}
]