[
	{
		"ingredientPattern": "TPS,PCP",
		"ingredients": {
			"P": { "type": "item", "code": "game:hide-pelt-small", "quantity": 2 }, 
			"C": { "type": "item", "code": "game:cloth-plain", "quantity": 2 }, 
			"S": { "type": "item", "code": "game:shears-*", isTool: true },
			"T": { "type": "item", "code": "stitchingkitleather", "quantity": 1 }
		},
		"width": 3,
		"height": 2,
		"output": { "type": "item", "code": "clothes-head-coonskincap", "quantity": 1 }
	},
	{
		"ingredientPattern": "KPS,PCP",
		"requiresTrait": "clothier",
		"ingredients": {
			"P": { "type": "item", "code": "game:hide-pelt-small", "quantity": 1 },
			"C": { "type": "item", "code": "game:cloth-plain", "quantity": 1 },
			"S": { "type": "item", "code": "game:shears-*", isTool: true },
			"K": { "type": "item", "code": "stitchingkitleather", "quantity": 1 }
		},
		"width": 3,
		"height": 2,
		"output": { "type": "item", "code": "clothes-head-coonskincap", "quantity": 1 }
	}
]