[
	{
		"ingredientPattern": "_L_,LCL,SK_",
		"ingredients": {
			"L": { "type": "item", "code": "game:leather-normal-*", "quantity": 2, "name": "color", "allowedVariants": ["blue", "green", "gray", "orange", "purple", "red", "white", "yellow", "plain"], }, 
			"C": { "type": "item", "code": "game:cloth-black", "quantity": 2 }, 
			"K": { "type": "item", "code": "stitchingkitmedium", "quantity": 1 },
			"S": { "type": "item", "code": "game:shears-*", isTool: true }
		},
		"width": 3,
		"height": 3,
		"output": { "type": "item", "code": "clothes-head-cowboyhatopencrown-{color}", "quantity": 1 }
	},
	{
		"ingredientPattern": "_L_,LCL,SKB",
		"ingredients": {
			"L": { "type": "item", "code": "game:leather-normal-plain" }, 
			"C": { "type": "item", "code": "game:cloth-black", "quantity": 2 }, 
			"K": { "type": "item", "code": "stitchingkitmedium", "quantity": 1 }, 
			"S": { "type": "item", "code": "game:shears-*", isTool: true },
			"B": { "type": "block", "code": "game:woodbucket" }
		},
		"width": 3,
		"height": 3,
		"attributes": {
			"liquidContainerProps": {
				"requiresContent": { "type": "item", "code": "strongtanninportion" },
				"requiresLitres": 2
			}
		},
		"output": { "type": "item", "code": "clothes-head-cowboyhatopencrown-brown", "quantity": 1 }
	},
	{
		"ingredientPattern": "_L_,LCL,SK_",
		"ingredients": {
			"L": { "type": "item", "code": "game:leather-normal-*", "quantity": 2, "name": "color", "allowedVariants": ["black", "pink"], }, 
			"C": { "type": "item", "code": "game:cloth-white", "quantity": 2 }, 
			"K": { "type": "item", "code": "stitchingkitmedium", "quantity": 1 }, 
			"S": { "type": "item", "code": "game:shears-*", isTool: true }
		},
		"width": 3,
		"height": 3,
		"output": { "type": "item", "code": "clothes-head-cowboyhatopencrown-{color}", "quantity": 1 }
	},
	{
		"ingredientPattern": "_L_,LCL,SK_",
		"requiresTrait": "clothier",
		"ingredients": {
			"L": { "type": "item", "code": "game:leather-normal-*", "quantity": 1, "name": "color", "allowedVariants": ["blue", "brown", "green", "gray", "orange", "purple", "red", "white", "yellow", "plain"], }, 
			"C": { "type": "item", "code": "game:cloth-black", "quantity": 1 }, 
			"S": { "type": "item", "code": "game:shears-*", isTool: true },
			"K": { "type": "item", "code": "stitchingkitmedium", "quantity": 1 }
		},
		"width": 3,
		"height": 3,
		"output": { "type": "item", "code": "clothes-head-cowboyhatopencrown-{color}", "quantity": 1 }
	},
	{
		"ingredientPattern": "_L_,LCL,SKB",
		"requiresTrait": "clothier",
		"ingredients": {
			"L": { "type": "item", "code": "game:leather-normal-plain", "quantity": 1 }, 
			"C": { "type": "item", "code": "game:cloth-black", "quantity": 1 }, 
			"S": { "type": "item", "code": "game:shears-*", isTool: true },
			"K": { "type": "item", "code": "stitchingkitmedium", "quantity": 1 },
			"B": { "type": "block", "code": "game:woodbucket" }
		},
		"width": 3,
		"height": 3,
		"attributes": {
			"liquidContainerProps": {
				"requiresContent": { "type": "item", "code": "strongtanninportion" },
				"requiresLitres": 2
			}
		},
		"output": { "type": "item", "code": "clothes-head-cowboyhatopencrown-brown", "quantity": 1 }
	},
	{
		"ingredientPattern": "_L_,LCL,SK_",
		"requiresTrait": "clothier",
		"ingredients": {
			"L": { "type": "item", "code": "game:leather-normal-*", "quantity": 1, "name": "color", "allowedVariants": ["black", "pink"], }, 
			"C": { "type": "item", "code": "game:cloth-white", "quantity": 1 }, 
			"S": { "type": "item", "code": "game:shears-*", isTool: true },
			"K": { "type": "item", "code": "stitchingkitmedium", "quantity": 1 }
		},
		"width": 3,
		"height": 3,
		"output": { "type": "item", "code": "clothes-head-cowboyhatopencrown-{color}", "quantity": 1 }
	}
]