[
	{
		"ingredientPattern": "CCC,SCK",
		"ingredients": {
			"C": { "type": "item", "code": "game:cloth-*", "quantity": 1, "name": "color", "allowedVariants": ["black", "blue", "brown", "green", "gray", "orange", "pink", "purple", "red", "white", "yellow", "plain"], }, 
			"K": { "type": "item", "code": "stitchingkitlight", "quantity": 1 },
			"S": { "type": "item", "code": "game:shears-*", isTool: true }
		},
		"width": 3,
		"height": 2,
		"output": { "type": "item", "code": "clothes-upperbody-woolsweater-{color}", "quantity": 1 }
	},
	{
		"ingredientPattern": "S",
		"ingredients": {
			"S": { "type": "item", "code": "americanfrontiersman:clothes-upperbody-woolsweatertucked-*", "quantity": 1, "name": "color", "allowedVariants": ["black", "blue", "brown", "green", "gray", "orange", "pink", "purple", "red", "white", "yellow", "plain"], }
		},
		"width": 1,
		"height": 1,
		"output": { "type": "item", "code": "clothes-upperbody-woolsweater-{color}", "quantity": 1 }
	},
	{
		"ingredientPattern": "S",
		"ingredients": {
			"S": { "type": "item", "code": "americanfrontiersman:clothes-upperbody-woolsweater-*", "quantity": 1, "name": "color", "allowedVariants": ["black", "blue", "brown", "green", "gray", "orange", "pink", "purple", "red", "white", "yellow", "plain"], }
		},
		"width": 1,
		"height": 1,
		"output": { "type": "item", "code": "clothes-upperbody-woolsweatertucked-{color}", "quantity": 1 }
	},
	{
		"ingredientPattern": "SW",
		"ingredients": {
			"S": { "type": "item", "code": "game:shears-*", isTool: true },
			"W": { "type": "item", "code": "americanfrontiersman:clothes-upperbody-woolsweater-*", "quantity": 1, "name": "color", "allowedVariants": ["black", "blue", "brown", "green", "gray", "orange", "pink", "purple", "red", "white", "yellow", "plain"], }
		},
		"width": 2,
		"height": 1,
		"output": { "type": "item", "code": "clothes-upperbody-woolsweatershort-{color}", "quantity": 1 }
	},
	{
		"ingredientPattern": "S",
		"ingredients": {
			"S": { "type": "item", "code": "americanfrontiersman:clothes-upperbody-woolsweatershort-*", "quantity": 1, "name": "color", "allowedVariants": ["black", "blue", "brown", "green", "gray", "orange", "pink", "purple", "red", "white", "yellow", "plain"], }
		},
		"width": 1,
		"height": 1,
		"output": { "type": "item", "code": "clothes-upperbody-woolsweatertuckedshort-{color}", "quantity": 1 }
	},
	{
		"ingredientPattern": "S",
		"ingredients": {
			"S": { "type": "item", "code": "americanfrontiersman:clothes-upperbody-woolsweatertuckedshort-*", "quantity": 1, "name": "color", "allowedVariants": ["black", "blue", "brown", "green", "gray", "orange", "pink", "purple", "red", "white", "yellow", "plain"], }
		},
		"width": 1,
		"height": 1,
		"output": { "type": "item", "code": "clothes-upperbody-woolsweatershort-{color}", "quantity": 1 }
	}
]