{
	"editor": {
		"allAngles": false,
		"entityTextureMode": false
	},
	"textureWidth": 16,
	"textureHeight": 16,
	"textureSizes": {
	},
	"textures": {
		"blue": "clayworks:block/clay/hardened/blue"
	},
	"elements": [
		{
			"name": "Cube2",
			"from": [ 1.0, 0.0, 1.0 ],
			"to": [ 15.0, 0.5, 15.0 ],
			"rotationOrigin": [ 1.0, 0.0, 1.0 ],
			"faces": {
				"north": { "texture": "#blue", "uv": [ 0.0, 0.0, 14.0, 0.5 ] },
				"east": { "texture": "#blue", "uv": [ 0.0, 0.0, 14.0, 0.5 ] },
				"south": { "texture": "#blue", "uv": [ 0.0, 0.0, 14.0, 0.5 ] },
				"west": { "texture": "#blue", "uv": [ 0.0, 0.0, 14.0, 0.5 ] },
				"up": { "texture": "#blue", "uv": [ 0.0, 0.0, 14.0, 14.0 ] },
				"down": { "texture": "#blue", "uv": [ 0.0, 0.0, 14.0, 14.0 ] }
			}
		}
	]}
