{
	"editor": {
		"collapsedPaths": "Root/Cube5/Cube65,Root/Cube5/Cube55,Root/Cube5/Cube45,Root/Cube5/Cube35,Root/Cube5/Cube29,Root/Cube1,Root/Cube28,Root/Cube29,Root/Cube4,Root/Cube5,Root/Cube2,Root/Cube3,Root/Cube4/Cube29,Root/Cube4/Cube28,Root/Cube5/Cube90,Root/Cube5/Cube80,Root/Cube5/Cube60,Root/Cube5/Cube50,Root/Cube5/Cube40,Root/Cube5/Cube95,Root/Cube5/Cube30,Root/Cube5/Cube85,Root/Cube5/Cube75",
		"allAngles": false,
		"entityTextureMode": false
	},
	"textureWidth": 16,
	"textureHeight": 16,
	"textureSizes": {
	},
	"textures": {
		"oak": "nt/Brutus/Games/VintageStory/dev/vintagestory/assets/survival/textures/block/wood/oak",
		"blue": "nt/Gajusz/Repos/vs-clayworks/clayworks/assets/clayworks/textures/block/clay/hardened/blue"
	},
	"elements": [
		{
			"name": "Cube1",
			"from": [ 0.0, 0.0, 0.0 ],
			"to": [ 0.0, 0.0, 0.0 ],
			"faces": {
			},
			"children": [
				{
					"name": "Cube111",
					"from": [ 2.0, 0.0, 0.5 ],
					"to": [ 2.5, 0.5, 15.5 ],
					"rotationOrigin": [ 2.0, 0.0, 0.0 ],
					"faces": {
						"north": { "texture": "#oak", "uv": [ 7.0, 4.5, 8.5, 6.0 ], "autoUv": false },
						"east": { "texture": "#oak", "uv": [ 0.0, 0.0, 15.0, 0.5 ] },
						"south": { "texture": "#oak", "uv": [ 0.0, 0.0, 1.5, 1.5 ], "autoUv": false },
						"west": { "texture": "#oak", "uv": [ 0.0, 0.0, 15.0, 0.5 ] },
						"up": { "texture": "#oak", "uv": [ 0.0, 0.0, 0.5, 15.0 ] },
						"down": { "texture": "#oak", "uv": [ 0.0, 0.0, 0.5, 15.0 ] }
					}
				},
				{
					"name": "Cube122",
					"from": [ 13.0, 0.0, 0.5 ],
					"to": [ 13.5, 0.5, 15.5 ],
					"rotationOrigin": [ 13.0, 0.0, 0.0 ],
					"faces": {
						"north": { "texture": "#oak", "uv": [ 7.0, 4.5, 8.5, 6.0 ], "autoUv": false },
						"east": { "texture": "#oak", "uv": [ 0.0, 0.0, 15.0, 0.5 ] },
						"south": { "texture": "#oak", "uv": [ 0.0, 0.0, 1.5, 1.5 ], "autoUv": false },
						"west": { "texture": "#oak", "uv": [ 0.0, 0.0, 15.0, 0.5 ] },
						"up": { "texture": "#oak", "uv": [ 0.0, 0.0, 0.5, 15.0 ] },
						"down": { "texture": "#oak", "uv": [ 0.0, 0.0, 0.5, 15.0 ] }
					}
				},
				{
					"name": "Cube133",
					"from": [ 10.0, 0.0, 0.5 ],
					"to": [ 10.5, 0.5, 15.5 ],
					"rotationOrigin": [ 10.0, 0.0, 0.0 ],
					"faces": {
						"north": { "texture": "#oak", "uv": [ 7.0, 4.5, 8.5, 6.0 ], "autoUv": false },
						"east": { "texture": "#oak", "uv": [ 0.0, 0.0, 15.0, 0.5 ] },
						"south": { "texture": "#oak", "uv": [ 0.0, 0.0, 1.5, 1.5 ], "autoUv": false },
						"west": { "texture": "#oak", "uv": [ 0.0, 0.0, 15.0, 0.5 ] },
						"up": { "texture": "#oak", "uv": [ 0.0, 0.0, 0.5, 15.0 ] },
						"down": { "texture": "#oak", "uv": [ 0.0, 0.0, 0.5, 15.0 ] }
					}
				},
				{
					"name": "Cube144",
					"from": [ 5.0, 0.0, 0.5 ],
					"to": [ 5.5, 0.5, 15.5 ],
					"rotationOrigin": [ 5.0, 0.0, 0.0 ],
					"faces": {
						"north": { "texture": "#oak", "uv": [ 7.0, 4.5, 8.5, 6.0 ], "autoUv": false },
						"east": { "texture": "#oak", "uv": [ 0.0, 0.0, 15.0, 0.5 ] },
						"south": { "texture": "#oak", "uv": [ 0.0, 0.0, 1.5, 1.5 ], "autoUv": false },
						"west": { "texture": "#oak", "uv": [ 0.0, 0.0, 15.0, 0.5 ] },
						"up": { "texture": "#oak", "uv": [ 0.0, 0.0, 0.5, 15.0 ] },
						"down": { "texture": "#oak", "uv": [ 0.0, 0.0, 0.5, 15.0 ] }
					}
				},
				{
					"name": "Cube155",
					"from": [ 1.0, 0.5, 1.0 ],
					"to": [ 15.0, 1.0, 15.0 ],
					"rotationOrigin": [ 8.0, 1.0, 8.0 ],
					"faces": {
						"north": { "texture": "#blue", "uv": [ 0.0, 0.0, 14.0, 0.5 ] },
						"east": { "texture": "#blue", "uv": [ 0.0, 0.0, 14.0, 0.5 ] },
						"south": { "texture": "#blue", "uv": [ 0.0, 0.0, 14.0, 0.5 ] },
						"west": { "texture": "#blue", "uv": [ 0.0, 0.0, 14.0, 0.5 ] },
						"up": { "texture": "#blue", "uv": [ 0.0, 0.0, 14.0, 14.0 ] },
						"down": { "texture": "#blue", "uv": [ 0.0, 0.0, 14.0, 14.0 ] }
					}
				}
			]
		},
		{
			"name": "Cube2",
			"from": [ 0.0, 0.0, 0.0 ],
			"to": [ 0.0, 0.0, 0.0 ],
			"faces": {
			},
			"children": [
				{
					"name": "Cube211",
					"from": [ 0.5, 1.0, 5.5 ],
					"to": [ 15.5, 1.5, 6.0 ],
					"rotationOrigin": [ 0.0, 1.0, 5.0 ],
					"faces": {
						"north": { "texture": "#oak", "uv": [ 7.0, 4.5, 8.5, 6.0 ], "autoUv": false },
						"east": { "texture": "#oak", "uv": [ 0.0, 0.0, 0.5, 0.5 ] },
						"south": { "texture": "#oak", "uv": [ 0.0, 0.0, 1.5, 1.5 ], "autoUv": false },
						"west": { "texture": "#oak", "uv": [ 0.0, 0.0, 0.5, 0.5 ] },
						"up": { "texture": "#oak", "uv": [ 0.0, 0.0, 15.0, 0.5 ] },
						"down": { "texture": "#oak", "uv": [ 0.0, 0.0, 15.0, 0.5 ] }
					}
				},
				{
					"name": "Cube222",
					"from": [ 0.5, 1.0, 10.5 ],
					"to": [ 15.5, 1.5, 11.0 ],
					"rotationOrigin": [ 0.0, 1.0, 10.0 ],
					"faces": {
						"north": { "texture": "#oak", "uv": [ 7.0, 4.5, 8.5, 6.0 ], "autoUv": false },
						"east": { "texture": "#oak", "uv": [ 0.0, 0.0, 0.5, 0.5 ] },
						"south": { "texture": "#oak", "uv": [ 0.0, 0.0, 1.5, 1.5 ], "autoUv": false },
						"west": { "texture": "#oak", "uv": [ 0.0, 0.0, 0.5, 0.5 ] },
						"up": { "texture": "#oak", "uv": [ 0.0, 0.0, 15.0, 0.5 ] },
						"down": { "texture": "#oak", "uv": [ 0.0, 0.0, 15.0, 0.5 ] }
					}
				},
				{
					"name": "Cube233",
					"from": [ 0.5, 1.0, 13.5 ],
					"to": [ 15.5, 1.5, 14.0 ],
					"rotationOrigin": [ 0.0, 1.0, 13.0 ],
					"faces": {
						"north": { "texture": "#oak", "uv": [ 7.0, 4.5, 8.5, 6.0 ], "autoUv": false },
						"east": { "texture": "#oak", "uv": [ 0.0, 0.0, 0.5, 0.5 ] },
						"south": { "texture": "#oak", "uv": [ 0.0, 0.0, 1.5, 1.5 ], "autoUv": false },
						"west": { "texture": "#oak", "uv": [ 0.0, 0.0, 0.5, 0.5 ] },
						"up": { "texture": "#oak", "uv": [ 0.0, 0.0, 15.0, 0.5 ] },
						"down": { "texture": "#oak", "uv": [ 0.0, 0.0, 15.0, 0.5 ] }
					}
				},
				{
					"name": "Cube244",
					"from": [ 0.5, 1.0, 2.5 ],
					"to": [ 15.5, 1.5, 3.0 ],
					"rotationOrigin": [ 0.0, 1.0, 2.0 ],
					"faces": {
						"north": { "texture": "#oak", "uv": [ 7.0, 4.5, 8.5, 6.0 ], "autoUv": false },
						"east": { "texture": "#oak", "uv": [ 0.0, 0.0, 0.5, 0.5 ] },
						"south": { "texture": "#oak", "uv": [ 0.0, 0.0, 1.5, 1.5 ], "autoUv": false },
						"west": { "texture": "#oak", "uv": [ 0.0, 0.0, 0.5, 0.5 ] },
						"up": { "texture": "#oak", "uv": [ 0.0, 0.0, 15.0, 0.5 ] },
						"down": { "texture": "#oak", "uv": [ 0.0, 0.0, 15.0, 0.5 ] }
					}
				},
				{
					"name": "Cube213",
					"from": [ 1.0, 1.5, 1.0 ],
					"to": [ 15.0, 2.0, 15.0 ],
					"rotationOrigin": [ 8.0, 1.0, 8.0 ],
					"rotationY": -5.0,
					"faces": {
						"north": { "texture": "#blue", "uv": [ 0.0, 0.0, 14.0, 0.5 ] },
						"east": { "texture": "#blue", "uv": [ 0.0, 0.0, 14.0, 0.5 ] },
						"south": { "texture": "#blue", "uv": [ 0.0, 0.0, 14.0, 0.5 ] },
						"west": { "texture": "#blue", "uv": [ 0.0, 0.0, 14.0, 0.5 ] },
						"up": { "texture": "#blue", "uv": [ 0.0, 0.0, 14.0, 14.0 ] },
						"down": { "texture": "#blue", "uv": [ 0.0, 0.0, 14.0, 14.0 ] }
					}
				}
			]
		},
		{
			"name": "Cube3",
			"from": [ 0.0, 2.0, 0.0 ],
			"to": [ 0.0, 2.0, 0.0 ],
			"rotationOrigin": [ 0.0, 2.0, 0.0 ],
			"faces": {
			},
			"children": [
				{
					"name": "Cube31",
					"from": [ 2.0, 0.0, 0.5 ],
					"to": [ 2.5, 0.5, 15.5 ],
					"rotationOrigin": [ 2.0, 0.0, 0.0 ],
					"faces": {
						"north": { "texture": "#oak", "uv": [ 7.0, 4.5, 8.5, 6.0 ], "autoUv": false },
						"east": { "texture": "#oak", "uv": [ 0.0, 0.0, 15.0, 0.5 ] },
						"south": { "texture": "#oak", "uv": [ 0.0, 0.0, 1.5, 1.5 ], "autoUv": false },
						"west": { "texture": "#oak", "uv": [ 0.0, 0.0, 15.0, 0.5 ] },
						"up": { "texture": "#oak", "uv": [ 0.0, 0.0, 0.5, 15.0 ] },
						"down": { "texture": "#oak", "uv": [ 0.0, 0.0, 0.5, 15.0 ] }
					}
				},
				{
					"name": "Cube32",
					"from": [ 13.0, 0.0, 0.5 ],
					"to": [ 13.5, 0.5, 15.5 ],
					"rotationOrigin": [ 13.0, 0.0, 0.0 ],
					"faces": {
						"north": { "texture": "#oak", "uv": [ 7.0, 4.5, 8.5, 6.0 ], "autoUv": false },
						"east": { "texture": "#oak", "uv": [ 0.0, 0.0, 15.0, 0.5 ] },
						"south": { "texture": "#oak", "uv": [ 0.0, 0.0, 1.5, 1.5 ], "autoUv": false },
						"west": { "texture": "#oak", "uv": [ 0.0, 0.0, 15.0, 0.5 ] },
						"up": { "texture": "#oak", "uv": [ 0.0, 0.0, 0.5, 15.0 ] },
						"down": { "texture": "#oak", "uv": [ 0.0, 0.0, 0.5, 15.0 ] }
					}
				},
				{
					"name": "Cube33",
					"from": [ 10.0, 0.0, 0.5 ],
					"to": [ 10.5, 0.5, 15.5 ],
					"rotationOrigin": [ 10.0, 0.0, 0.0 ],
					"faces": {
						"north": { "texture": "#oak", "uv": [ 7.0, 4.5, 8.5, 6.0 ], "autoUv": false },
						"east": { "texture": "#oak", "uv": [ 0.0, 0.0, 15.0, 0.5 ] },
						"south": { "texture": "#oak", "uv": [ 0.0, 0.0, 1.5, 1.5 ], "autoUv": false },
						"west": { "texture": "#oak", "uv": [ 0.0, 0.0, 15.0, 0.5 ] },
						"up": { "texture": "#oak", "uv": [ 0.0, 0.0, 0.5, 15.0 ] },
						"down": { "texture": "#oak", "uv": [ 0.0, 0.0, 0.5, 15.0 ] }
					}
				},
				{
					"name": "Cube34",
					"from": [ 5.0, 0.0, 0.5 ],
					"to": [ 5.5, 0.5, 15.5 ],
					"rotationOrigin": [ 5.0, 0.0, 0.0 ],
					"faces": {
						"north": { "texture": "#oak", "uv": [ 7.0, 4.5, 8.5, 6.0 ], "autoUv": false },
						"east": { "texture": "#oak", "uv": [ 0.0, 0.0, 15.0, 0.5 ] },
						"south": { "texture": "#oak", "uv": [ 0.0, 0.0, 1.5, 1.5 ], "autoUv": false },
						"west": { "texture": "#oak", "uv": [ 0.0, 0.0, 15.0, 0.5 ] },
						"up": { "texture": "#oak", "uv": [ 0.0, 0.0, 0.5, 15.0 ] },
						"down": { "texture": "#oak", "uv": [ 0.0, 0.0, 0.5, 15.0 ] }
					}
				},
				{
					"name": "Cube143",
					"from": [ 1.0, 0.5, 1.0 ],
					"to": [ 15.0, 1.0, 15.0 ],
					"rotationOrigin": [ 8.0, 0.0, 8.0 ],
					"rotationY": 10.0,
					"faces": {
						"north": { "texture": "#blue", "uv": [ 0.0, 0.0, 14.0, 0.5 ] },
						"east": { "texture": "#blue", "uv": [ 0.0, 0.0, 14.0, 0.5 ] },
						"south": { "texture": "#blue", "uv": [ 0.0, 0.0, 14.0, 0.5 ] },
						"west": { "texture": "#blue", "uv": [ 0.0, 0.0, 14.0, 0.5 ] },
						"up": { "texture": "#blue", "uv": [ 0.0, 0.0, 14.0, 14.0 ] },
						"down": { "texture": "#blue", "uv": [ 0.0, 0.0, 14.0, 14.0 ] }
					}
				}
			]
		},
		{
			"name": "Cube4",
			"from": [ 0.0, 2.0, 0.0 ],
			"to": [ 0.0, 2.0, 0.0 ],
			"rotationOrigin": [ 0.0, 2.0, 0.0 ],
			"faces": {
			},
			"children": [
				{
					"name": "Cube36",
					"from": [ 0.5, 1.0, 5.5 ],
					"to": [ 15.5, 1.5, 6.0 ],
					"rotationOrigin": [ 0.0, 1.0, 5.0 ],
					"faces": {
						"north": { "texture": "#oak", "uv": [ 7.0, 4.5, 8.5, 6.0 ], "autoUv": false },
						"east": { "texture": "#oak", "uv": [ 0.0, 0.0, 0.5, 0.5 ] },
						"south": { "texture": "#oak", "uv": [ 0.0, 0.0, 1.5, 1.5 ], "autoUv": false },
						"west": { "texture": "#oak", "uv": [ 0.0, 0.0, 0.5, 0.5 ] },
						"up": { "texture": "#oak", "uv": [ 0.0, 0.0, 15.0, 0.5 ] },
						"down": { "texture": "#oak", "uv": [ 0.0, 0.0, 15.0, 0.5 ] }
					}
				},
				{
					"name": "Cube37",
					"from": [ 0.5, 1.0, 10.5 ],
					"to": [ 15.5, 1.5, 11.0 ],
					"rotationOrigin": [ 0.0, 1.0, 10.0 ],
					"faces": {
						"north": { "texture": "#oak", "uv": [ 7.0, 4.5, 8.5, 6.0 ], "autoUv": false },
						"east": { "texture": "#oak", "uv": [ 0.0, 0.0, 0.5, 0.5 ] },
						"south": { "texture": "#oak", "uv": [ 0.0, 0.0, 1.5, 1.5 ], "autoUv": false },
						"west": { "texture": "#oak", "uv": [ 0.0, 0.0, 0.5, 0.5 ] },
						"up": { "texture": "#oak", "uv": [ 0.0, 0.0, 15.0, 0.5 ] },
						"down": { "texture": "#oak", "uv": [ 0.0, 0.0, 15.0, 0.5 ] }
					}
				},
				{
					"name": "Cube38",
					"from": [ 0.5, 1.0, 13.5 ],
					"to": [ 15.5, 1.5, 14.0 ],
					"rotationOrigin": [ 0.0, 1.0, 13.0 ],
					"faces": {
						"north": { "texture": "#oak", "uv": [ 7.0, 4.5, 8.5, 6.0 ], "autoUv": false },
						"east": { "texture": "#oak", "uv": [ 0.0, 0.0, 0.5, 0.5 ] },
						"south": { "texture": "#oak", "uv": [ 0.0, 0.0, 1.5, 1.5 ], "autoUv": false },
						"west": { "texture": "#oak", "uv": [ 0.0, 0.0, 0.5, 0.5 ] },
						"up": { "texture": "#oak", "uv": [ 0.0, 0.0, 15.0, 0.5 ] },
						"down": { "texture": "#oak", "uv": [ 0.0, 0.0, 15.0, 0.5 ] }
					}
				},
				{
					"name": "Cube39",
					"from": [ 0.5, 1.0, 2.5 ],
					"to": [ 15.5, 1.5, 3.0 ],
					"rotationOrigin": [ 0.0, 1.0, 2.0 ],
					"faces": {
						"north": { "texture": "#oak", "uv": [ 7.0, 4.5, 8.5, 6.0 ], "autoUv": false },
						"east": { "texture": "#oak", "uv": [ 0.0, 0.0, 0.5, 0.5 ] },
						"south": { "texture": "#oak", "uv": [ 0.0, 0.0, 1.5, 1.5 ], "autoUv": false },
						"west": { "texture": "#oak", "uv": [ 0.0, 0.0, 0.5, 0.5 ] },
						"up": { "texture": "#oak", "uv": [ 0.0, 0.0, 15.0, 0.5 ] },
						"down": { "texture": "#oak", "uv": [ 0.0, 0.0, 15.0, 0.5 ] }
					}
				},
				{
					"name": "Cube154",
					"from": [ 1.0, 1.5, 1.0 ],
					"to": [ 15.0, 2.0, 15.0 ],
					"rotationOrigin": [ 8.0, 1.0, 8.0 ],
					"faces": {
						"north": { "texture": "#blue", "uv": [ 0.0, 0.0, 14.0, 0.5 ] },
						"east": { "texture": "#blue", "uv": [ 0.0, 0.0, 14.0, 0.5 ] },
						"south": { "texture": "#blue", "uv": [ 0.0, 0.0, 14.0, 0.5 ] },
						"west": { "texture": "#blue", "uv": [ 0.0, 0.0, 14.0, 0.5 ] },
						"up": { "texture": "#blue", "uv": [ 0.0, 0.0, 14.0, 14.0 ] },
						"down": { "texture": "#blue", "uv": [ 0.0, 0.0, 14.0, 14.0 ] }
					}
				}
			]
		},
		{
			"name": "Cube5",
			"from": [ 0.0, 4.0, 0.0 ],
			"to": [ 0.0, 4.0, 0.0 ],
			"rotationOrigin": [ 0.0, 4.0, 0.0 ],
			"faces": {
			},
			"children": [
				{
					"name": "Cube71",
					"from": [ 2.0, 0.0, 0.5 ],
					"to": [ 2.5, 0.5, 15.5 ],
					"rotationOrigin": [ 2.0, 0.0, 0.0 ],
					"faces": {
						"north": { "texture": "#oak", "uv": [ 7.0, 4.5, 8.5, 6.0 ], "autoUv": false },
						"east": { "texture": "#oak", "uv": [ 0.0, 0.0, 15.0, 0.5 ] },
						"south": { "texture": "#oak", "uv": [ 0.0, 0.0, 1.5, 1.5 ], "autoUv": false },
						"west": { "texture": "#oak", "uv": [ 0.0, 0.0, 15.0, 0.5 ] },
						"up": { "texture": "#oak", "uv": [ 0.0, 0.0, 0.5, 15.0 ] },
						"down": { "texture": "#oak", "uv": [ 0.0, 0.0, 0.5, 15.0 ] }
					}
				},
				{
					"name": "Cube72",
					"from": [ 13.0, 0.0, 0.5 ],
					"to": [ 13.5, 0.5, 15.5 ],
					"rotationOrigin": [ 13.0, 0.0, 0.0 ],
					"faces": {
						"north": { "texture": "#oak", "uv": [ 7.0, 4.5, 8.5, 6.0 ], "autoUv": false },
						"east": { "texture": "#oak", "uv": [ 0.0, 0.0, 15.0, 0.5 ] },
						"south": { "texture": "#oak", "uv": [ 0.0, 0.0, 1.5, 1.5 ], "autoUv": false },
						"west": { "texture": "#oak", "uv": [ 0.0, 0.0, 15.0, 0.5 ] },
						"up": { "texture": "#oak", "uv": [ 0.0, 0.0, 0.5, 15.0 ] },
						"down": { "texture": "#oak", "uv": [ 0.0, 0.0, 0.5, 15.0 ] }
					}
				},
				{
					"name": "Cube73",
					"from": [ 10.0, 0.0, 0.5 ],
					"to": [ 10.5, 0.5, 15.5 ],
					"rotationOrigin": [ 10.0, 0.0, 0.0 ],
					"faces": {
						"north": { "texture": "#oak", "uv": [ 7.0, 4.5, 8.5, 6.0 ], "autoUv": false },
						"east": { "texture": "#oak", "uv": [ 0.0, 0.0, 15.0, 0.5 ] },
						"south": { "texture": "#oak", "uv": [ 0.0, 0.0, 1.5, 1.5 ], "autoUv": false },
						"west": { "texture": "#oak", "uv": [ 0.0, 0.0, 15.0, 0.5 ] },
						"up": { "texture": "#oak", "uv": [ 0.0, 0.0, 0.5, 15.0 ] },
						"down": { "texture": "#oak", "uv": [ 0.0, 0.0, 0.5, 15.0 ] }
					}
				},
				{
					"name": "Cube74",
					"from": [ 5.0, 0.0, 0.5 ],
					"to": [ 5.5, 0.5, 15.5 ],
					"rotationOrigin": [ 5.0, 0.0, 0.0 ],
					"faces": {
						"north": { "texture": "#oak", "uv": [ 7.0, 4.5, 8.5, 6.0 ], "autoUv": false },
						"east": { "texture": "#oak", "uv": [ 0.0, 0.0, 15.0, 0.5 ] },
						"south": { "texture": "#oak", "uv": [ 0.0, 0.0, 1.5, 1.5 ], "autoUv": false },
						"west": { "texture": "#oak", "uv": [ 0.0, 0.0, 15.0, 0.5 ] },
						"up": { "texture": "#oak", "uv": [ 0.0, 0.0, 0.5, 15.0 ] },
						"down": { "texture": "#oak", "uv": [ 0.0, 0.0, 0.5, 15.0 ] }
					}
				},
				{
					"name": "Cube164",
					"from": [ 1.0, 0.5, 1.0 ],
					"to": [ 15.0, 1.0, 15.0 ],
					"rotationOrigin": [ 8.0, 0.0, 8.0 ],
					"rotationY": 5.0,
					"faces": {
						"north": { "texture": "#blue", "uv": [ 0.0, 0.0, 14.0, 0.5 ] },
						"east": { "texture": "#blue", "uv": [ 0.0, 0.0, 14.0, 0.5 ] },
						"south": { "texture": "#blue", "uv": [ 0.0, 0.0, 14.0, 0.5 ] },
						"west": { "texture": "#blue", "uv": [ 0.0, 0.0, 14.0, 0.5 ] },
						"up": { "texture": "#blue", "uv": [ 0.0, 0.0, 14.0, 14.0 ] },
						"down": { "texture": "#blue", "uv": [ 0.0, 0.0, 14.0, 14.0 ] }
					}
				}
			]
		},
		{
			"name": "Cube6",
			"from": [ 0.0, 4.0, 0.0 ],
			"to": [ 0.0, 4.0, 0.0 ],
			"rotationOrigin": [ 0.0, 4.0, 0.0 ],
			"faces": {
			},
			"children": [
				{
					"name": "Cube41",
					"from": [ 0.5, 1.0, 5.5 ],
					"to": [ 15.5, 1.5, 6.0 ],
					"rotationOrigin": [ 0.0, 1.0, 5.0 ],
					"faces": {
						"north": { "texture": "#oak", "uv": [ 7.0, 4.5, 8.5, 6.0 ], "autoUv": false },
						"east": { "texture": "#oak", "uv": [ 0.0, 0.0, 0.5, 0.5 ] },
						"south": { "texture": "#oak", "uv": [ 0.0, 0.0, 1.5, 1.5 ], "autoUv": false },
						"west": { "texture": "#oak", "uv": [ 0.0, 0.0, 0.5, 0.5 ] },
						"up": { "texture": "#oak", "uv": [ 0.0, 0.0, 15.0, 0.5 ] },
						"down": { "texture": "#oak", "uv": [ 0.0, 0.0, 15.0, 0.5 ] }
					}
				},
				{
					"name": "Cube42",
					"from": [ 0.5, 1.0, 10.5 ],
					"to": [ 15.5, 1.5, 11.0 ],
					"rotationOrigin": [ 0.0, 1.0, 10.0 ],
					"faces": {
						"north": { "texture": "#oak", "uv": [ 7.0, 4.5, 8.5, 6.0 ], "autoUv": false },
						"east": { "texture": "#oak", "uv": [ 0.0, 0.0, 0.5, 0.5 ] },
						"south": { "texture": "#oak", "uv": [ 0.0, 0.0, 1.5, 1.5 ], "autoUv": false },
						"west": { "texture": "#oak", "uv": [ 0.0, 0.0, 0.5, 0.5 ] },
						"up": { "texture": "#oak", "uv": [ 0.0, 0.0, 15.0, 0.5 ] },
						"down": { "texture": "#oak", "uv": [ 0.0, 0.0, 15.0, 0.5 ] }
					}
				},
				{
					"name": "Cube43",
					"from": [ 0.5, 1.0, 13.5 ],
					"to": [ 15.5, 1.5, 14.0 ],
					"rotationOrigin": [ 0.0, 1.0, 13.0 ],
					"faces": {
						"north": { "texture": "#oak", "uv": [ 7.0, 4.5, 8.5, 6.0 ], "autoUv": false },
						"east": { "texture": "#oak", "uv": [ 0.0, 0.0, 0.5, 0.5 ] },
						"south": { "texture": "#oak", "uv": [ 0.0, 0.0, 1.5, 1.5 ], "autoUv": false },
						"west": { "texture": "#oak", "uv": [ 0.0, 0.0, 0.5, 0.5 ] },
						"up": { "texture": "#oak", "uv": [ 0.0, 0.0, 15.0, 0.5 ] },
						"down": { "texture": "#oak", "uv": [ 0.0, 0.0, 15.0, 0.5 ] }
					}
				},
				{
					"name": "Cube44",
					"from": [ 0.5, 1.0, 2.5 ],
					"to": [ 15.5, 1.5, 3.0 ],
					"rotationOrigin": [ 0.0, 1.0, 2.0 ],
					"faces": {
						"north": { "texture": "#oak", "uv": [ 7.0, 4.5, 8.5, 6.0 ], "autoUv": false },
						"east": { "texture": "#oak", "uv": [ 0.0, 0.0, 0.5, 0.5 ] },
						"south": { "texture": "#oak", "uv": [ 0.0, 0.0, 1.5, 1.5 ], "autoUv": false },
						"west": { "texture": "#oak", "uv": [ 0.0, 0.0, 0.5, 0.5 ] },
						"up": { "texture": "#oak", "uv": [ 0.0, 0.0, 15.0, 0.5 ] },
						"down": { "texture": "#oak", "uv": [ 0.0, 0.0, 15.0, 0.5 ] }
					}
				},
				{
					"name": "Cube17",
					"from": [ 1.0, 1.5, 1.0 ],
					"to": [ 15.0, 2.0, 15.0 ],
					"rotationOrigin": [ 8.0, 1.0, 8.0 ],
					"rotationY": -5.0,
					"faces": {
						"north": { "texture": "#blue", "uv": [ 0.0, 0.0, 14.0, 0.5 ] },
						"east": { "texture": "#blue", "uv": [ 0.0, 0.0, 14.0, 0.5 ] },
						"south": { "texture": "#blue", "uv": [ 0.0, 0.0, 14.0, 0.5 ] },
						"west": { "texture": "#blue", "uv": [ 0.0, 0.0, 14.0, 0.5 ] },
						"up": { "texture": "#blue", "uv": [ 0.0, 0.0, 14.0, 14.0 ] },
						"down": { "texture": "#blue", "uv": [ 0.0, 0.0, 14.0, 14.0 ] }
					}
				}
			]
		},
		{
			"name": "Cube7",
			"from": [ 0.0, 6.0, 0.0 ],
			"to": [ 0.0, 6.0, 0.0 ],
			"rotationOrigin": [ 0.0, 6.0, 0.0 ],
			"faces": {
			},
			"children": [
				{
					"name": "Cube76",
					"from": [ 2.0, 0.0, 0.5 ],
					"to": [ 2.5, 0.5, 15.5 ],
					"rotationOrigin": [ 2.0, 0.0, 0.0 ],
					"faces": {
						"north": { "texture": "#oak", "uv": [ 7.0, 4.5, 8.5, 6.0 ], "autoUv": false },
						"east": { "texture": "#oak", "uv": [ 0.0, 0.0, 15.0, 0.5 ] },
						"south": { "texture": "#oak", "uv": [ 0.0, 0.0, 1.5, 1.5 ], "autoUv": false },
						"west": { "texture": "#oak", "uv": [ 0.0, 0.0, 15.0, 0.5 ] },
						"up": { "texture": "#oak", "uv": [ 0.0, 0.0, 0.5, 15.0 ] },
						"down": { "texture": "#oak", "uv": [ 0.0, 0.0, 0.5, 15.0 ] }
					}
				},
				{
					"name": "Cube77",
					"from": [ 13.0, 0.0, 0.5 ],
					"to": [ 13.5, 0.5, 15.5 ],
					"rotationOrigin": [ 13.0, 0.0, 0.0 ],
					"faces": {
						"north": { "texture": "#oak", "uv": [ 7.0, 4.5, 8.5, 6.0 ], "autoUv": false },
						"east": { "texture": "#oak", "uv": [ 0.0, 0.0, 15.0, 0.5 ] },
						"south": { "texture": "#oak", "uv": [ 0.0, 0.0, 1.5, 1.5 ], "autoUv": false },
						"west": { "texture": "#oak", "uv": [ 0.0, 0.0, 15.0, 0.5 ] },
						"up": { "texture": "#oak", "uv": [ 0.0, 0.0, 0.5, 15.0 ] },
						"down": { "texture": "#oak", "uv": [ 0.0, 0.0, 0.5, 15.0 ] }
					}
				},
				{
					"name": "Cube78",
					"from": [ 10.0, 0.0, 0.5 ],
					"to": [ 10.5, 0.5, 15.5 ],
					"rotationOrigin": [ 10.0, 0.0, 0.0 ],
					"faces": {
						"north": { "texture": "#oak", "uv": [ 7.0, 4.5, 8.5, 6.0 ], "autoUv": false },
						"east": { "texture": "#oak", "uv": [ 0.0, 0.0, 15.0, 0.5 ] },
						"south": { "texture": "#oak", "uv": [ 0.0, 0.0, 1.5, 1.5 ], "autoUv": false },
						"west": { "texture": "#oak", "uv": [ 0.0, 0.0, 15.0, 0.5 ] },
						"up": { "texture": "#oak", "uv": [ 0.0, 0.0, 0.5, 15.0 ] },
						"down": { "texture": "#oak", "uv": [ 0.0, 0.0, 0.5, 15.0 ] }
					}
				},
				{
					"name": "Cube79",
					"from": [ 5.0, 0.0, 0.5 ],
					"to": [ 5.5, 0.5, 15.5 ],
					"rotationOrigin": [ 5.0, 0.0, 0.0 ],
					"faces": {
						"north": { "texture": "#oak", "uv": [ 7.0, 4.5, 8.5, 6.0 ], "autoUv": false },
						"east": { "texture": "#oak", "uv": [ 0.0, 0.0, 15.0, 0.5 ] },
						"south": { "texture": "#oak", "uv": [ 0.0, 0.0, 1.5, 1.5 ], "autoUv": false },
						"west": { "texture": "#oak", "uv": [ 0.0, 0.0, 15.0, 0.5 ] },
						"up": { "texture": "#oak", "uv": [ 0.0, 0.0, 0.5, 15.0 ] },
						"down": { "texture": "#oak", "uv": [ 0.0, 0.0, 0.5, 15.0 ] }
					}
				},
				{
					"name": "Cube18",
					"from": [ 1.0, 0.5, 1.0 ],
					"to": [ 15.0, 1.0, 15.0 ],
					"rotationOrigin": [ 8.0, 0.0, 8.0 ],
					"faces": {
						"north": { "texture": "#blue", "uv": [ 0.0, 0.0, 14.0, 0.5 ] },
						"east": { "texture": "#blue", "uv": [ 0.0, 0.0, 14.0, 0.5 ] },
						"south": { "texture": "#blue", "uv": [ 0.0, 0.0, 14.0, 0.5 ] },
						"west": { "texture": "#blue", "uv": [ 0.0, 0.0, 14.0, 0.5 ] },
						"up": { "texture": "#blue", "uv": [ 0.0, 0.0, 14.0, 14.0 ] },
						"down": { "texture": "#blue", "uv": [ 0.0, 0.0, 14.0, 14.0 ] }
					}
				}
			]
		},
		{
			"name": "Cube8",
			"from": [ 0.0, 6.0, 0.0 ],
			"to": [ 0.0, 6.0, 0.0 ],
			"rotationOrigin": [ 0.0, 6.0, 0.0 ],
			"faces": {
			},
			"children": [
				{
					"name": "Cube46",
					"from": [ 0.5, 1.0, 5.5 ],
					"to": [ 15.5, 1.5, 6.0 ],
					"rotationOrigin": [ 0.0, 1.0, 5.0 ],
					"faces": {
						"north": { "texture": "#oak", "uv": [ 7.0, 4.5, 8.5, 6.0 ], "autoUv": false },
						"east": { "texture": "#oak", "uv": [ 0.0, 0.0, 0.5, 0.5 ] },
						"south": { "texture": "#oak", "uv": [ 0.0, 0.0, 1.5, 1.5 ], "autoUv": false },
						"west": { "texture": "#oak", "uv": [ 0.0, 0.0, 0.5, 0.5 ] },
						"up": { "texture": "#oak", "uv": [ 0.0, 0.0, 15.0, 0.5 ] },
						"down": { "texture": "#oak", "uv": [ 0.0, 0.0, 15.0, 0.5 ] }
					}
				},
				{
					"name": "Cube47",
					"from": [ 0.5, 1.0, 10.5 ],
					"to": [ 15.5, 1.5, 11.0 ],
					"rotationOrigin": [ 0.0, 1.0, 10.0 ],
					"faces": {
						"north": { "texture": "#oak", "uv": [ 7.0, 4.5, 8.5, 6.0 ], "autoUv": false },
						"east": { "texture": "#oak", "uv": [ 0.0, 0.0, 0.5, 0.5 ] },
						"south": { "texture": "#oak", "uv": [ 0.0, 0.0, 1.5, 1.5 ], "autoUv": false },
						"west": { "texture": "#oak", "uv": [ 0.0, 0.0, 0.5, 0.5 ] },
						"up": { "texture": "#oak", "uv": [ 0.0, 0.0, 15.0, 0.5 ] },
						"down": { "texture": "#oak", "uv": [ 0.0, 0.0, 15.0, 0.5 ] }
					}
				},
				{
					"name": "Cube48",
					"from": [ 0.5, 1.0, 13.5 ],
					"to": [ 15.5, 1.5, 14.0 ],
					"rotationOrigin": [ 0.0, 1.0, 13.0 ],
					"faces": {
						"north": { "texture": "#oak", "uv": [ 7.0, 4.5, 8.5, 6.0 ], "autoUv": false },
						"east": { "texture": "#oak", "uv": [ 0.0, 0.0, 0.5, 0.5 ] },
						"south": { "texture": "#oak", "uv": [ 0.0, 0.0, 1.5, 1.5 ], "autoUv": false },
						"west": { "texture": "#oak", "uv": [ 0.0, 0.0, 0.5, 0.5 ] },
						"up": { "texture": "#oak", "uv": [ 0.0, 0.0, 15.0, 0.5 ] },
						"down": { "texture": "#oak", "uv": [ 0.0, 0.0, 15.0, 0.5 ] }
					}
				},
				{
					"name": "Cube49",
					"from": [ 0.5, 1.0, 2.5 ],
					"to": [ 15.5, 1.5, 3.0 ],
					"rotationOrigin": [ 0.0, 1.0, 2.0 ],
					"faces": {
						"north": { "texture": "#oak", "uv": [ 7.0, 4.5, 8.5, 6.0 ], "autoUv": false },
						"east": { "texture": "#oak", "uv": [ 0.0, 0.0, 0.5, 0.5 ] },
						"south": { "texture": "#oak", "uv": [ 0.0, 0.0, 1.5, 1.5 ], "autoUv": false },
						"west": { "texture": "#oak", "uv": [ 0.0, 0.0, 0.5, 0.5 ] },
						"up": { "texture": "#oak", "uv": [ 0.0, 0.0, 15.0, 0.5 ] },
						"down": { "texture": "#oak", "uv": [ 0.0, 0.0, 15.0, 0.5 ] }
					}
				},
				{
					"name": "Cube19",
					"from": [ 1.0, 1.5, 1.0 ],
					"to": [ 15.0, 2.0, 15.0 ],
					"rotationOrigin": [ 8.0, 1.0, 8.0 ],
					"rotationY": -5.0,
					"faces": {
						"north": { "texture": "#blue", "uv": [ 0.0, 0.0, 14.0, 0.5 ] },
						"east": { "texture": "#blue", "uv": [ 0.0, 0.0, 14.0, 0.5 ] },
						"south": { "texture": "#blue", "uv": [ 0.0, 0.0, 14.0, 0.5 ] },
						"west": { "texture": "#blue", "uv": [ 0.0, 0.0, 14.0, 0.5 ] },
						"up": { "texture": "#blue", "uv": [ 0.0, 0.0, 14.0, 14.0 ] },
						"down": { "texture": "#blue", "uv": [ 0.0, 0.0, 14.0, 14.0 ] }
					}
				}
			]
		},
		{
			"name": "Cube9",
			"from": [ 0.0, 8.0, 0.0 ],
			"to": [ 0.0, 8.0, 0.0 ],
			"rotationOrigin": [ 0.0, 8.0, 0.0 ],
			"faces": {
			},
			"children": [
				{
					"name": "Cube81",
					"from": [ 2.0, 0.0, 0.5 ],
					"to": [ 2.5, 0.5, 15.5 ],
					"rotationOrigin": [ 2.0, 0.0, 0.0 ],
					"faces": {
						"north": { "texture": "#oak", "uv": [ 7.0, 4.5, 8.5, 6.0 ], "autoUv": false },
						"east": { "texture": "#oak", "uv": [ 0.0, 0.0, 15.0, 0.5 ] },
						"south": { "texture": "#oak", "uv": [ 0.0, 0.0, 1.5, 1.5 ], "autoUv": false },
						"west": { "texture": "#oak", "uv": [ 0.0, 0.0, 15.0, 0.5 ] },
						"up": { "texture": "#oak", "uv": [ 0.0, 0.0, 0.5, 15.0 ] },
						"down": { "texture": "#oak", "uv": [ 0.0, 0.0, 0.5, 15.0 ] }
					}
				},
				{
					"name": "Cube82",
					"from": [ 13.0, 0.0, 0.5 ],
					"to": [ 13.5, 0.5, 15.5 ],
					"rotationOrigin": [ 13.0, 0.0, 0.0 ],
					"faces": {
						"north": { "texture": "#oak", "uv": [ 7.0, 4.5, 8.5, 6.0 ], "autoUv": false },
						"east": { "texture": "#oak", "uv": [ 0.0, 0.0, 15.0, 0.5 ] },
						"south": { "texture": "#oak", "uv": [ 0.0, 0.0, 1.5, 1.5 ], "autoUv": false },
						"west": { "texture": "#oak", "uv": [ 0.0, 0.0, 15.0, 0.5 ] },
						"up": { "texture": "#oak", "uv": [ 0.0, 0.0, 0.5, 15.0 ] },
						"down": { "texture": "#oak", "uv": [ 0.0, 0.0, 0.5, 15.0 ] }
					}
				},
				{
					"name": "Cube83",
					"from": [ 10.0, 0.0, 0.5 ],
					"to": [ 10.5, 0.5, 15.5 ],
					"rotationOrigin": [ 10.0, 0.0, 0.0 ],
					"faces": {
						"north": { "texture": "#oak", "uv": [ 7.0, 4.5, 8.5, 6.0 ], "autoUv": false },
						"east": { "texture": "#oak", "uv": [ 0.0, 0.0, 15.0, 0.5 ] },
						"south": { "texture": "#oak", "uv": [ 0.0, 0.0, 1.5, 1.5 ], "autoUv": false },
						"west": { "texture": "#oak", "uv": [ 0.0, 0.0, 15.0, 0.5 ] },
						"up": { "texture": "#oak", "uv": [ 0.0, 0.0, 0.5, 15.0 ] },
						"down": { "texture": "#oak", "uv": [ 0.0, 0.0, 0.5, 15.0 ] }
					}
				},
				{
					"name": "Cube84",
					"from": [ 5.0, 0.0, 0.5 ],
					"to": [ 5.5, 0.5, 15.5 ],
					"rotationOrigin": [ 5.0, 0.0, 0.0 ],
					"faces": {
						"north": { "texture": "#oak", "uv": [ 7.0, 4.5, 8.5, 6.0 ], "autoUv": false },
						"east": { "texture": "#oak", "uv": [ 0.0, 0.0, 15.0, 0.5 ] },
						"south": { "texture": "#oak", "uv": [ 0.0, 0.0, 1.5, 1.5 ], "autoUv": false },
						"west": { "texture": "#oak", "uv": [ 0.0, 0.0, 15.0, 0.5 ] },
						"up": { "texture": "#oak", "uv": [ 0.0, 0.0, 0.5, 15.0 ] },
						"down": { "texture": "#oak", "uv": [ 0.0, 0.0, 0.5, 15.0 ] }
					}
				},
				{
					"name": "Cube20",
					"from": [ 1.0, 0.5, 1.0 ],
					"to": [ 15.0, 1.0, 15.0 ],
					"rotationOrigin": [ 8.0, 0.0, 8.0 ],
					"rotationY": 10.0,
					"faces": {
						"north": { "texture": "#blue", "uv": [ 0.0, 0.0, 14.0, 0.5 ] },
						"east": { "texture": "#blue", "uv": [ 0.0, 0.0, 14.0, 0.5 ] },
						"south": { "texture": "#blue", "uv": [ 0.0, 0.0, 14.0, 0.5 ] },
						"west": { "texture": "#blue", "uv": [ 0.0, 0.0, 14.0, 0.5 ] },
						"up": { "texture": "#blue", "uv": [ 0.0, 0.0, 14.0, 14.0 ] },
						"down": { "texture": "#blue", "uv": [ 0.0, 0.0, 14.0, 14.0 ] }
					}
				}
			]
		},
		{
			"name": "Cube10",
			"from": [ 0.0, 8.0, 0.0 ],
			"to": [ 0.0, 8.0, 0.0 ],
			"rotationOrigin": [ 0.0, 8.0, 0.0 ],
			"faces": {
			},
			"children": [
				{
					"name": "Cube51",
					"from": [ 0.5, 1.0, 5.5 ],
					"to": [ 15.5, 1.5, 6.0 ],
					"rotationOrigin": [ 0.0, 1.0, 5.0 ],
					"faces": {
						"north": { "texture": "#oak", "uv": [ 7.0, 4.5, 8.5, 6.0 ], "autoUv": false },
						"east": { "texture": "#oak", "uv": [ 0.0, 0.0, 0.5, 0.5 ] },
						"south": { "texture": "#oak", "uv": [ 0.0, 0.0, 1.5, 1.5 ], "autoUv": false },
						"west": { "texture": "#oak", "uv": [ 0.0, 0.0, 0.5, 0.5 ] },
						"up": { "texture": "#oak", "uv": [ 0.0, 0.0, 15.0, 0.5 ] },
						"down": { "texture": "#oak", "uv": [ 0.0, 0.0, 15.0, 0.5 ] }
					}
				},
				{
					"name": "Cube52",
					"from": [ 0.5, 1.0, 10.5 ],
					"to": [ 15.5, 1.5, 11.0 ],
					"rotationOrigin": [ 0.0, 1.0, 10.0 ],
					"faces": {
						"north": { "texture": "#oak", "uv": [ 7.0, 4.5, 8.5, 6.0 ], "autoUv": false },
						"east": { "texture": "#oak", "uv": [ 0.0, 0.0, 0.5, 0.5 ] },
						"south": { "texture": "#oak", "uv": [ 0.0, 0.0, 1.5, 1.5 ], "autoUv": false },
						"west": { "texture": "#oak", "uv": [ 0.0, 0.0, 0.5, 0.5 ] },
						"up": { "texture": "#oak", "uv": [ 0.0, 0.0, 15.0, 0.5 ] },
						"down": { "texture": "#oak", "uv": [ 0.0, 0.0, 15.0, 0.5 ] }
					}
				},
				{
					"name": "Cube53",
					"from": [ 0.5, 1.0, 13.5 ],
					"to": [ 15.5, 1.5, 14.0 ],
					"rotationOrigin": [ 0.0, 1.0, 13.0 ],
					"faces": {
						"north": { "texture": "#oak", "uv": [ 7.0, 4.5, 8.5, 6.0 ], "autoUv": false },
						"east": { "texture": "#oak", "uv": [ 0.0, 0.0, 0.5, 0.5 ] },
						"south": { "texture": "#oak", "uv": [ 0.0, 0.0, 1.5, 1.5 ], "autoUv": false },
						"west": { "texture": "#oak", "uv": [ 0.0, 0.0, 0.5, 0.5 ] },
						"up": { "texture": "#oak", "uv": [ 0.0, 0.0, 15.0, 0.5 ] },
						"down": { "texture": "#oak", "uv": [ 0.0, 0.0, 15.0, 0.5 ] }
					}
				},
				{
					"name": "Cube54",
					"from": [ 0.5, 1.0, 2.5 ],
					"to": [ 15.5, 1.5, 3.0 ],
					"rotationOrigin": [ 0.0, 1.0, 2.0 ],
					"faces": {
						"north": { "texture": "#oak", "uv": [ 7.0, 4.5, 8.5, 6.0 ], "autoUv": false },
						"east": { "texture": "#oak", "uv": [ 0.0, 0.0, 0.5, 0.5 ] },
						"south": { "texture": "#oak", "uv": [ 0.0, 0.0, 1.5, 1.5 ], "autoUv": false },
						"west": { "texture": "#oak", "uv": [ 0.0, 0.0, 0.5, 0.5 ] },
						"up": { "texture": "#oak", "uv": [ 0.0, 0.0, 15.0, 0.5 ] },
						"down": { "texture": "#oak", "uv": [ 0.0, 0.0, 15.0, 0.5 ] }
					}
				},
				{
					"name": "Cube21",
					"from": [ 1.0, 1.5, 1.0 ],
					"to": [ 15.0, 2.0, 15.0 ],
					"rotationOrigin": [ 8.0, 1.0, 8.0 ],
					"faces": {
						"north": { "texture": "#blue", "uv": [ 0.0, 0.0, 14.0, 0.5 ] },
						"east": { "texture": "#blue", "uv": [ 0.0, 0.0, 14.0, 0.5 ] },
						"south": { "texture": "#blue", "uv": [ 0.0, 0.0, 14.0, 0.5 ] },
						"west": { "texture": "#blue", "uv": [ 0.0, 0.0, 14.0, 0.5 ] },
						"up": { "texture": "#blue", "uv": [ 0.0, 0.0, 14.0, 14.0 ] },
						"down": { "texture": "#blue", "uv": [ 0.0, 0.0, 14.0, 14.0 ] }
					}
				}
			]
		},
		{
			"name": "Cube11",
			"from": [ 0.0, 10.0, 0.0 ],
			"to": [ 0.0, 10.0, 0.0 ],
			"rotationOrigin": [ 0.0, 10.0, 0.0 ],
			"faces": {
			},
			"children": [
				{
					"name": "Cube86",
					"from": [ 2.0, 0.0, 0.5 ],
					"to": [ 2.5, 0.5, 15.5 ],
					"rotationOrigin": [ 2.0, 0.0, 0.0 ],
					"faces": {
						"north": { "texture": "#oak", "uv": [ 7.0, 4.5, 8.5, 6.0 ], "autoUv": false },
						"east": { "texture": "#oak", "uv": [ 0.0, 0.0, 15.0, 0.5 ] },
						"south": { "texture": "#oak", "uv": [ 0.0, 0.0, 1.5, 1.5 ], "autoUv": false },
						"west": { "texture": "#oak", "uv": [ 0.0, 0.0, 15.0, 0.5 ] },
						"up": { "texture": "#oak", "uv": [ 0.0, 0.0, 0.5, 15.0 ] },
						"down": { "texture": "#oak", "uv": [ 0.0, 0.0, 0.5, 15.0 ] }
					}
				},
				{
					"name": "Cube87",
					"from": [ 13.0, 0.0, 0.5 ],
					"to": [ 13.5, 0.5, 15.5 ],
					"rotationOrigin": [ 13.0, 0.0, 0.0 ],
					"faces": {
						"north": { "texture": "#oak", "uv": [ 7.0, 4.5, 8.5, 6.0 ], "autoUv": false },
						"east": { "texture": "#oak", "uv": [ 0.0, 0.0, 15.0, 0.5 ] },
						"south": { "texture": "#oak", "uv": [ 0.0, 0.0, 1.5, 1.5 ], "autoUv": false },
						"west": { "texture": "#oak", "uv": [ 0.0, 0.0, 15.0, 0.5 ] },
						"up": { "texture": "#oak", "uv": [ 0.0, 0.0, 0.5, 15.0 ] },
						"down": { "texture": "#oak", "uv": [ 0.0, 0.0, 0.5, 15.0 ] }
					}
				},
				{
					"name": "Cube88",
					"from": [ 10.0, 0.0, 0.5 ],
					"to": [ 10.5, 0.5, 15.5 ],
					"rotationOrigin": [ 10.0, 0.0, 0.0 ],
					"faces": {
						"north": { "texture": "#oak", "uv": [ 7.0, 4.5, 8.5, 6.0 ], "autoUv": false },
						"east": { "texture": "#oak", "uv": [ 0.0, 0.0, 15.0, 0.5 ] },
						"south": { "texture": "#oak", "uv": [ 0.0, 0.0, 1.5, 1.5 ], "autoUv": false },
						"west": { "texture": "#oak", "uv": [ 0.0, 0.0, 15.0, 0.5 ] },
						"up": { "texture": "#oak", "uv": [ 0.0, 0.0, 0.5, 15.0 ] },
						"down": { "texture": "#oak", "uv": [ 0.0, 0.0, 0.5, 15.0 ] }
					}
				},
				{
					"name": "Cube89",
					"from": [ 5.0, 0.0, 0.5 ],
					"to": [ 5.5, 0.5, 15.5 ],
					"rotationOrigin": [ 5.0, 0.0, 0.0 ],
					"faces": {
						"north": { "texture": "#oak", "uv": [ 7.0, 4.5, 8.5, 6.0 ], "autoUv": false },
						"east": { "texture": "#oak", "uv": [ 0.0, 0.0, 15.0, 0.5 ] },
						"south": { "texture": "#oak", "uv": [ 0.0, 0.0, 1.5, 1.5 ], "autoUv": false },
						"west": { "texture": "#oak", "uv": [ 0.0, 0.0, 15.0, 0.5 ] },
						"up": { "texture": "#oak", "uv": [ 0.0, 0.0, 0.5, 15.0 ] },
						"down": { "texture": "#oak", "uv": [ 0.0, 0.0, 0.5, 15.0 ] }
					}
				},
				{
					"name": "Cube22",
					"from": [ 1.0, 0.5, 1.0 ],
					"to": [ 15.0, 1.0, 15.0 ],
					"rotationOrigin": [ 8.0, 0.0, 8.0 ],
					"rotationY": -10.0,
					"faces": {
						"north": { "texture": "#blue", "uv": [ 0.0, 0.0, 14.0, 0.5 ] },
						"east": { "texture": "#blue", "uv": [ 0.0, 0.0, 14.0, 0.5 ] },
						"south": { "texture": "#blue", "uv": [ 0.0, 0.0, 14.0, 0.5 ] },
						"west": { "texture": "#blue", "uv": [ 0.0, 0.0, 14.0, 0.5 ] },
						"up": { "texture": "#blue", "uv": [ 0.0, 0.0, 14.0, 14.0 ] },
						"down": { "texture": "#blue", "uv": [ 0.0, 0.0, 14.0, 14.0 ] }
					}
				}
			]
		},
		{
			"name": "Cube12",
			"from": [ 0.0, 10.0, 0.0 ],
			"to": [ 0.0, 10.0, 0.0 ],
			"rotationOrigin": [ 0.0, 10.0, 0.0 ],
			"faces": {
			},
			"children": [
				{
					"name": "Cube56",
					"from": [ 0.5, 1.0, 5.5 ],
					"to": [ 15.5, 1.5, 6.0 ],
					"rotationOrigin": [ 0.0, 1.0, 5.0 ],
					"faces": {
						"north": { "texture": "#oak", "uv": [ 7.0, 4.5, 8.5, 6.0 ], "autoUv": false },
						"east": { "texture": "#oak", "uv": [ 0.0, 0.0, 0.5, 0.5 ] },
						"south": { "texture": "#oak", "uv": [ 0.0, 0.0, 1.5, 1.5 ], "autoUv": false },
						"west": { "texture": "#oak", "uv": [ 0.0, 0.0, 0.5, 0.5 ] },
						"up": { "texture": "#oak", "uv": [ 0.0, 0.0, 15.0, 0.5 ] },
						"down": { "texture": "#oak", "uv": [ 0.0, 0.0, 15.0, 0.5 ] }
					}
				},
				{
					"name": "Cube57",
					"from": [ 0.5, 1.0, 10.5 ],
					"to": [ 15.5, 1.5, 11.0 ],
					"rotationOrigin": [ 0.0, 1.0, 10.0 ],
					"faces": {
						"north": { "texture": "#oak", "uv": [ 7.0, 4.5, 8.5, 6.0 ], "autoUv": false },
						"east": { "texture": "#oak", "uv": [ 0.0, 0.0, 0.5, 0.5 ] },
						"south": { "texture": "#oak", "uv": [ 0.0, 0.0, 1.5, 1.5 ], "autoUv": false },
						"west": { "texture": "#oak", "uv": [ 0.0, 0.0, 0.5, 0.5 ] },
						"up": { "texture": "#oak", "uv": [ 0.0, 0.0, 15.0, 0.5 ] },
						"down": { "texture": "#oak", "uv": [ 0.0, 0.0, 15.0, 0.5 ] }
					}
				},
				{
					"name": "Cube58",
					"from": [ 0.5, 1.0, 13.5 ],
					"to": [ 15.5, 1.5, 14.0 ],
					"rotationOrigin": [ 0.0, 1.0, 13.0 ],
					"faces": {
						"north": { "texture": "#oak", "uv": [ 7.0, 4.5, 8.5, 6.0 ], "autoUv": false },
						"east": { "texture": "#oak", "uv": [ 0.0, 0.0, 0.5, 0.5 ] },
						"south": { "texture": "#oak", "uv": [ 0.0, 0.0, 1.5, 1.5 ], "autoUv": false },
						"west": { "texture": "#oak", "uv": [ 0.0, 0.0, 0.5, 0.5 ] },
						"up": { "texture": "#oak", "uv": [ 0.0, 0.0, 15.0, 0.5 ] },
						"down": { "texture": "#oak", "uv": [ 0.0, 0.0, 15.0, 0.5 ] }
					}
				},
				{
					"name": "Cube59",
					"from": [ 0.5, 1.0, 2.5 ],
					"to": [ 15.5, 1.5, 3.0 ],
					"rotationOrigin": [ 0.0, 1.0, 2.0 ],
					"faces": {
						"north": { "texture": "#oak", "uv": [ 7.0, 4.5, 8.5, 6.0 ], "autoUv": false },
						"east": { "texture": "#oak", "uv": [ 0.0, 0.0, 0.5, 0.5 ] },
						"south": { "texture": "#oak", "uv": [ 0.0, 0.0, 1.5, 1.5 ], "autoUv": false },
						"west": { "texture": "#oak", "uv": [ 0.0, 0.0, 0.5, 0.5 ] },
						"up": { "texture": "#oak", "uv": [ 0.0, 0.0, 15.0, 0.5 ] },
						"down": { "texture": "#oak", "uv": [ 0.0, 0.0, 15.0, 0.5 ] }
					}
				},
				{
					"name": "Cube23",
					"from": [ 1.0, 1.5, 1.0 ],
					"to": [ 15.0, 2.0, 15.0 ],
					"rotationOrigin": [ 8.0, 1.0, 8.0 ],
					"faces": {
						"north": { "texture": "#blue", "uv": [ 0.0, 0.0, 14.0, 0.5 ] },
						"east": { "texture": "#blue", "uv": [ 0.0, 0.0, 14.0, 0.5 ] },
						"south": { "texture": "#blue", "uv": [ 0.0, 0.0, 14.0, 0.5 ] },
						"west": { "texture": "#blue", "uv": [ 0.0, 0.0, 14.0, 0.5 ] },
						"up": { "texture": "#blue", "uv": [ 0.0, 0.0, 14.0, 14.0 ] },
						"down": { "texture": "#blue", "uv": [ 0.0, 0.0, 14.0, 14.0 ] }
					}
				}
			]
		},
		{
			"name": "Cube13",
			"from": [ 0.0, 12.0, 0.0 ],
			"to": [ 0.0, 12.0, 0.0 ],
			"rotationOrigin": [ 0.0, 12.0, 0.0 ],
			"faces": {
			},
			"children": [
				{
					"name": "Cube91",
					"from": [ 2.0, 0.0, 0.5 ],
					"to": [ 2.5, 0.5, 15.5 ],
					"rotationOrigin": [ 2.0, 0.0, 0.0 ],
					"faces": {
						"north": { "texture": "#oak", "uv": [ 7.0, 4.5, 8.5, 6.0 ], "autoUv": false },
						"east": { "texture": "#oak", "uv": [ 0.0, 0.0, 15.0, 0.5 ] },
						"south": { "texture": "#oak", "uv": [ 0.0, 0.0, 1.5, 1.5 ], "autoUv": false },
						"west": { "texture": "#oak", "uv": [ 0.0, 0.0, 15.0, 0.5 ] },
						"up": { "texture": "#oak", "uv": [ 0.0, 0.0, 0.5, 15.0 ] },
						"down": { "texture": "#oak", "uv": [ 0.0, 0.0, 0.5, 15.0 ] }
					}
				},
				{
					"name": "Cube92",
					"from": [ 13.0, 0.0, 0.5 ],
					"to": [ 13.5, 0.5, 15.5 ],
					"rotationOrigin": [ 13.0, 0.0, 0.0 ],
					"faces": {
						"north": { "texture": "#oak", "uv": [ 7.0, 4.5, 8.5, 6.0 ], "autoUv": false },
						"east": { "texture": "#oak", "uv": [ 0.0, 0.0, 15.0, 0.5 ] },
						"south": { "texture": "#oak", "uv": [ 0.0, 0.0, 1.5, 1.5 ], "autoUv": false },
						"west": { "texture": "#oak", "uv": [ 0.0, 0.0, 15.0, 0.5 ] },
						"up": { "texture": "#oak", "uv": [ 0.0, 0.0, 0.5, 15.0 ] },
						"down": { "texture": "#oak", "uv": [ 0.0, 0.0, 0.5, 15.0 ] }
					}
				},
				{
					"name": "Cube93",
					"from": [ 10.0, 0.0, 0.5 ],
					"to": [ 10.5, 0.5, 15.5 ],
					"rotationOrigin": [ 10.0, 0.0, 0.0 ],
					"faces": {
						"north": { "texture": "#oak", "uv": [ 7.0, 4.5, 8.5, 6.0 ], "autoUv": false },
						"east": { "texture": "#oak", "uv": [ 0.0, 0.0, 15.0, 0.5 ] },
						"south": { "texture": "#oak", "uv": [ 0.0, 0.0, 1.5, 1.5 ], "autoUv": false },
						"west": { "texture": "#oak", "uv": [ 0.0, 0.0, 15.0, 0.5 ] },
						"up": { "texture": "#oak", "uv": [ 0.0, 0.0, 0.5, 15.0 ] },
						"down": { "texture": "#oak", "uv": [ 0.0, 0.0, 0.5, 15.0 ] }
					}
				},
				{
					"name": "Cube94",
					"from": [ 5.0, 0.0, 0.5 ],
					"to": [ 5.5, 0.5, 15.5 ],
					"rotationOrigin": [ 5.0, 0.0, 0.0 ],
					"faces": {
						"north": { "texture": "#oak", "uv": [ 7.0, 4.5, 8.5, 6.0 ], "autoUv": false },
						"east": { "texture": "#oak", "uv": [ 0.0, 0.0, 15.0, 0.5 ] },
						"south": { "texture": "#oak", "uv": [ 0.0, 0.0, 1.5, 1.5 ], "autoUv": false },
						"west": { "texture": "#oak", "uv": [ 0.0, 0.0, 15.0, 0.5 ] },
						"up": { "texture": "#oak", "uv": [ 0.0, 0.0, 0.5, 15.0 ] },
						"down": { "texture": "#oak", "uv": [ 0.0, 0.0, 0.5, 15.0 ] }
					}
				},
				{
					"name": "Cube24",
					"from": [ 1.0, 0.5, 1.0 ],
					"to": [ 15.0, 1.0, 15.0 ],
					"rotationOrigin": [ 8.0, 0.0, 8.0 ],
					"rotationY": -5.0,
					"faces": {
						"north": { "texture": "#blue", "uv": [ 0.0, 0.0, 14.0, 0.5 ] },
						"east": { "texture": "#blue", "uv": [ 0.0, 0.0, 14.0, 0.5 ] },
						"south": { "texture": "#blue", "uv": [ 0.0, 0.0, 14.0, 0.5 ] },
						"west": { "texture": "#blue", "uv": [ 0.0, 0.0, 14.0, 0.5 ] },
						"up": { "texture": "#blue", "uv": [ 0.0, 0.0, 14.0, 14.0 ] },
						"down": { "texture": "#blue", "uv": [ 0.0, 0.0, 14.0, 14.0 ] }
					}
				}
			]
		},
		{
			"name": "Cube14",
			"from": [ 0.0, 12.0, 0.0 ],
			"to": [ 0.0, 12.0, 0.0 ],
			"rotationOrigin": [ 0.0, 12.0, 0.0 ],
			"faces": {
			},
			"children": [
				{
					"name": "Cube61",
					"from": [ 0.5, 1.0, 5.5 ],
					"to": [ 15.5, 1.5, 6.0 ],
					"rotationOrigin": [ 0.0, 1.0, 5.0 ],
					"faces": {
						"north": { "texture": "#oak", "uv": [ 7.0, 4.5, 8.5, 6.0 ], "autoUv": false },
						"east": { "texture": "#oak", "uv": [ 0.0, 0.0, 0.5, 0.5 ] },
						"south": { "texture": "#oak", "uv": [ 0.0, 0.0, 1.5, 1.5 ], "autoUv": false },
						"west": { "texture": "#oak", "uv": [ 0.0, 0.0, 0.5, 0.5 ] },
						"up": { "texture": "#oak", "uv": [ 0.0, 0.0, 15.0, 0.5 ] },
						"down": { "texture": "#oak", "uv": [ 0.0, 0.0, 15.0, 0.5 ] }
					}
				},
				{
					"name": "Cube62",
					"from": [ 0.5, 1.0, 10.5 ],
					"to": [ 15.5, 1.5, 11.0 ],
					"rotationOrigin": [ 0.0, 1.0, 10.0 ],
					"faces": {
						"north": { "texture": "#oak", "uv": [ 7.0, 4.5, 8.5, 6.0 ], "autoUv": false },
						"east": { "texture": "#oak", "uv": [ 0.0, 0.0, 0.5, 0.5 ] },
						"south": { "texture": "#oak", "uv": [ 0.0, 0.0, 1.5, 1.5 ], "autoUv": false },
						"west": { "texture": "#oak", "uv": [ 0.0, 0.0, 0.5, 0.5 ] },
						"up": { "texture": "#oak", "uv": [ 0.0, 0.0, 15.0, 0.5 ] },
						"down": { "texture": "#oak", "uv": [ 0.0, 0.0, 15.0, 0.5 ] }
					}
				},
				{
					"name": "Cube63",
					"from": [ 0.5, 1.0, 13.5 ],
					"to": [ 15.5, 1.5, 14.0 ],
					"rotationOrigin": [ 0.0, 1.0, 13.0 ],
					"faces": {
						"north": { "texture": "#oak", "uv": [ 7.0, 4.5, 8.5, 6.0 ], "autoUv": false },
						"east": { "texture": "#oak", "uv": [ 0.0, 0.0, 0.5, 0.5 ] },
						"south": { "texture": "#oak", "uv": [ 0.0, 0.0, 1.5, 1.5 ], "autoUv": false },
						"west": { "texture": "#oak", "uv": [ 0.0, 0.0, 0.5, 0.5 ] },
						"up": { "texture": "#oak", "uv": [ 0.0, 0.0, 15.0, 0.5 ] },
						"down": { "texture": "#oak", "uv": [ 0.0, 0.0, 15.0, 0.5 ] }
					}
				},
				{
					"name": "Cube64",
					"from": [ 0.5, 1.0, 2.5 ],
					"to": [ 15.5, 1.5, 3.0 ],
					"rotationOrigin": [ 0.0, 1.0, 2.0 ],
					"faces": {
						"north": { "texture": "#oak", "uv": [ 7.0, 4.5, 8.5, 6.0 ], "autoUv": false },
						"east": { "texture": "#oak", "uv": [ 0.0, 0.0, 0.5, 0.5 ] },
						"south": { "texture": "#oak", "uv": [ 0.0, 0.0, 1.5, 1.5 ], "autoUv": false },
						"west": { "texture": "#oak", "uv": [ 0.0, 0.0, 0.5, 0.5 ] },
						"up": { "texture": "#oak", "uv": [ 0.0, 0.0, 15.0, 0.5 ] },
						"down": { "texture": "#oak", "uv": [ 0.0, 0.0, 15.0, 0.5 ] }
					}
				},
				{
					"name": "Cube25",
					"from": [ 1.0, 1.5, 1.0 ],
					"to": [ 15.0, 2.0, 15.0 ],
					"rotationOrigin": [ 8.0, 1.0, 8.0 ],
					"rotationY": 5.0,
					"faces": {
						"north": { "texture": "#blue", "uv": [ 0.0, 0.0, 14.0, 0.5 ] },
						"east": { "texture": "#blue", "uv": [ 0.0, 0.0, 14.0, 0.5 ] },
						"south": { "texture": "#blue", "uv": [ 0.0, 0.0, 14.0, 0.5 ] },
						"west": { "texture": "#blue", "uv": [ 0.0, 0.0, 14.0, 0.5 ] },
						"up": { "texture": "#blue", "uv": [ 0.0, 0.0, 14.0, 14.0 ] },
						"down": { "texture": "#blue", "uv": [ 0.0, 0.0, 14.0, 14.0 ] }
					}
				}
			]
		},
		{
			"name": "Cube15",
			"from": [ 0.0, 14.0, 0.0 ],
			"to": [ 0.0, 14.0, 0.0 ],
			"rotationOrigin": [ 0.0, 14.0, 0.0 ],
			"faces": {
			},
			"children": [
				{
					"name": "Cube96",
					"from": [ 2.0, 0.0, 0.5 ],
					"to": [ 2.5, 0.5, 15.5 ],
					"rotationOrigin": [ 2.0, 0.0, 0.0 ],
					"faces": {
						"north": { "texture": "#oak", "uv": [ 7.0, 4.5, 8.5, 6.0 ], "autoUv": false },
						"east": { "texture": "#oak", "uv": [ 0.0, 0.0, 15.0, 0.5 ] },
						"south": { "texture": "#oak", "uv": [ 0.0, 0.0, 1.5, 1.5 ], "autoUv": false },
						"west": { "texture": "#oak", "uv": [ 0.0, 0.0, 15.0, 0.5 ] },
						"up": { "texture": "#oak", "uv": [ 0.0, 0.0, 0.5, 15.0 ] },
						"down": { "texture": "#oak", "uv": [ 0.0, 0.0, 0.5, 15.0 ] }
					}
				},
				{
					"name": "Cube97",
					"from": [ 13.0, 0.0, 0.5 ],
					"to": [ 13.5, 0.5, 15.5 ],
					"rotationOrigin": [ 13.0, 0.0, 0.0 ],
					"faces": {
						"north": { "texture": "#oak", "uv": [ 7.0, 4.5, 8.5, 6.0 ], "autoUv": false },
						"east": { "texture": "#oak", "uv": [ 0.0, 0.0, 15.0, 0.5 ] },
						"south": { "texture": "#oak", "uv": [ 0.0, 0.0, 1.5, 1.5 ], "autoUv": false },
						"west": { "texture": "#oak", "uv": [ 0.0, 0.0, 15.0, 0.5 ] },
						"up": { "texture": "#oak", "uv": [ 0.0, 0.0, 0.5, 15.0 ] },
						"down": { "texture": "#oak", "uv": [ 0.0, 0.0, 0.5, 15.0 ] }
					}
				},
				{
					"name": "Cube98",
					"from": [ 10.0, 0.0, 0.5 ],
					"to": [ 10.5, 0.5, 15.5 ],
					"rotationOrigin": [ 10.0, 0.0, 0.0 ],
					"faces": {
						"north": { "texture": "#oak", "uv": [ 7.0, 4.5, 8.5, 6.0 ], "autoUv": false },
						"east": { "texture": "#oak", "uv": [ 0.0, 0.0, 15.0, 0.5 ] },
						"south": { "texture": "#oak", "uv": [ 0.0, 0.0, 1.5, 1.5 ], "autoUv": false },
						"west": { "texture": "#oak", "uv": [ 0.0, 0.0, 15.0, 0.5 ] },
						"up": { "texture": "#oak", "uv": [ 0.0, 0.0, 0.5, 15.0 ] },
						"down": { "texture": "#oak", "uv": [ 0.0, 0.0, 0.5, 15.0 ] }
					}
				},
				{
					"name": "Cube99",
					"from": [ 5.0, 0.0, 0.5 ],
					"to": [ 5.5, 0.5, 15.5 ],
					"rotationOrigin": [ 5.0, 0.0, 0.0 ],
					"faces": {
						"north": { "texture": "#oak", "uv": [ 7.0, 4.5, 8.5, 6.0 ], "autoUv": false },
						"east": { "texture": "#oak", "uv": [ 0.0, 0.0, 15.0, 0.5 ] },
						"south": { "texture": "#oak", "uv": [ 0.0, 0.0, 1.5, 1.5 ], "autoUv": false },
						"west": { "texture": "#oak", "uv": [ 0.0, 0.0, 15.0, 0.5 ] },
						"up": { "texture": "#oak", "uv": [ 0.0, 0.0, 0.5, 15.0 ] },
						"down": { "texture": "#oak", "uv": [ 0.0, 0.0, 0.5, 15.0 ] }
					}
				},
				{
					"name": "Cube26",
					"from": [ 1.0, 0.5, 1.0 ],
					"to": [ 15.0, 1.0, 15.0 ],
					"rotationOrigin": [ 8.0, 0.0, 8.0 ],
					"faces": {
						"north": { "texture": "#blue", "uv": [ 0.0, 0.0, 14.0, 0.5 ] },
						"east": { "texture": "#blue", "uv": [ 0.0, 0.0, 14.0, 0.5 ] },
						"south": { "texture": "#blue", "uv": [ 0.0, 0.0, 14.0, 0.5 ] },
						"west": { "texture": "#blue", "uv": [ 0.0, 0.0, 14.0, 0.5 ] },
						"up": { "texture": "#blue", "uv": [ 0.0, 0.0, 14.0, 14.0 ] },
						"down": { "texture": "#blue", "uv": [ 0.0, 0.0, 14.0, 14.0 ] }
					}
				}
			]
		},
		{
			"name": "Cube16",
			"from": [ 0.0, 14.0, 0.0 ],
			"to": [ 0.0, 14.0, 0.0 ],
			"rotationOrigin": [ 0.0, 14.0, 0.0 ],
			"faces": {
			},
			"children": [
				{
					"name": "Cube66",
					"from": [ 0.5, 1.0, 5.5 ],
					"to": [ 15.5, 1.5, 6.0 ],
					"rotationOrigin": [ 0.0, 1.0, 5.0 ],
					"faces": {
						"north": { "texture": "#oak", "uv": [ 7.0, 4.5, 8.5, 6.0 ], "autoUv": false },
						"east": { "texture": "#oak", "uv": [ 0.0, 0.0, 0.5, 0.5 ] },
						"south": { "texture": "#oak", "uv": [ 0.0, 0.0, 1.5, 1.5 ], "autoUv": false },
						"west": { "texture": "#oak", "uv": [ 0.0, 0.0, 0.5, 0.5 ] },
						"up": { "texture": "#oak", "uv": [ 0.0, 0.0, 15.0, 0.5 ] },
						"down": { "texture": "#oak", "uv": [ 0.0, 0.0, 15.0, 0.5 ] }
					}
				},
				{
					"name": "Cube67",
					"from": [ 0.5, 1.0, 10.5 ],
					"to": [ 15.5, 1.5, 11.0 ],
					"rotationOrigin": [ 0.0, 1.0, 10.0 ],
					"faces": {
						"north": { "texture": "#oak", "uv": [ 7.0, 4.5, 8.5, 6.0 ], "autoUv": false },
						"east": { "texture": "#oak", "uv": [ 0.0, 0.0, 0.5, 0.5 ] },
						"south": { "texture": "#oak", "uv": [ 0.0, 0.0, 1.5, 1.5 ], "autoUv": false },
						"west": { "texture": "#oak", "uv": [ 0.0, 0.0, 0.5, 0.5 ] },
						"up": { "texture": "#oak", "uv": [ 0.0, 0.0, 15.0, 0.5 ] },
						"down": { "texture": "#oak", "uv": [ 0.0, 0.0, 15.0, 0.5 ] }
					}
				},
				{
					"name": "Cube68",
					"from": [ 0.5, 1.0, 13.5 ],
					"to": [ 15.5, 1.5, 14.0 ],
					"rotationOrigin": [ 0.0, 1.0, 13.0 ],
					"faces": {
						"north": { "texture": "#oak", "uv": [ 7.0, 4.5, 8.5, 6.0 ], "autoUv": false },
						"east": { "texture": "#oak", "uv": [ 0.0, 0.0, 0.5, 0.5 ] },
						"south": { "texture": "#oak", "uv": [ 0.0, 0.0, 1.5, 1.5 ], "autoUv": false },
						"west": { "texture": "#oak", "uv": [ 0.0, 0.0, 0.5, 0.5 ] },
						"up": { "texture": "#oak", "uv": [ 0.0, 0.0, 15.0, 0.5 ] },
						"down": { "texture": "#oak", "uv": [ 0.0, 0.0, 15.0, 0.5 ] }
					}
				},
				{
					"name": "Cube69",
					"from": [ 0.5, 1.0, 2.5 ],
					"to": [ 15.5, 1.5, 3.0 ],
					"rotationOrigin": [ 0.0, 1.0, 2.0 ],
					"faces": {
						"north": { "texture": "#oak", "uv": [ 7.0, 4.5, 8.5, 6.0 ], "autoUv": false },
						"east": { "texture": "#oak", "uv": [ 0.0, 0.0, 0.5, 0.5 ] },
						"south": { "texture": "#oak", "uv": [ 0.0, 0.0, 1.5, 1.5 ], "autoUv": false },
						"west": { "texture": "#oak", "uv": [ 0.0, 0.0, 0.5, 0.5 ] },
						"up": { "texture": "#oak", "uv": [ 0.0, 0.0, 15.0, 0.5 ] },
						"down": { "texture": "#oak", "uv": [ 0.0, 0.0, 15.0, 0.5 ] }
					}
				},
				{
					"name": "Cube27",
					"from": [ 1.0, 1.5, 1.0 ],
					"to": [ 15.0, 2.0, 15.0 ],
					"rotationOrigin": [ 8.0, 1.0, 8.0 ],
					"rotationY": -10.0,
					"faces": {
						"north": { "texture": "#blue", "uv": [ 0.0, 0.0, 14.0, 0.5 ] },
						"east": { "texture": "#blue", "uv": [ 0.0, 0.0, 14.0, 0.5 ] },
						"south": { "texture": "#blue", "uv": [ 0.0, 0.0, 14.0, 0.5 ] },
						"west": { "texture": "#blue", "uv": [ 0.0, 0.0, 14.0, 0.5 ] },
						"up": { "texture": "#blue", "uv": [ 0.0, 0.0, 14.0, 14.0 ] },
						"down": { "texture": "#blue", "uv": [ 0.0, 0.0, 14.0, 14.0 ] }
					}
				}
			]
		}
	]}