{
	"editor": {
		"collapsedPaths": "Root/Cube5/Cube65,Root/Cube5/Cube55,Root/Cube5/Cube45,Root/Cube5/Cube35,Root/Cube5/Cube28,Root/Cube5/Cube29,Root/Cube5,Root/Cube5/Cube90,Root/Cube5/Cube80,Root/Cube5/Cube70,Root/Cube5/Cube60,Root/Cube5/Cube50,Root/Cube5/Cube40,Root/Cube5/Cube95,Root/Cube5/Cube30,Root/Cube5/Cube85,Root/Cube5/Cube75",
		"allAngles": false,
		"entityTextureMode": false
	},
	"textureWidth": 16,
	"textureHeight": 16,
	"textureSizes": {
	},
	"textures": {
		"blue": "nt/Gajusz/Repos/vs-clayworks/clayworks/assets/clayworks/textures/block/clay/hardened/blue"
	},
	"elements": [
		{
			"name": "Cube1",
			"from": [ 1.0, 0.0, 1.0 ],
			"to": [ 15.0, 0.5, 15.0 ],
			"rotationOrigin": [ 8.0, 1.0, 8.0 ],
			"faces": {
				"north": { "texture": "#blue", "uv": [ 0.0, 0.0, 14.0, 0.5 ] },
				"east": { "texture": "#blue", "uv": [ 0.0, 0.0, 14.0, 0.5 ] },
				"south": { "texture": "#blue", "uv": [ 0.0, 0.0, 14.0, 0.5 ] },
				"west": { "texture": "#blue", "uv": [ 0.0, 0.0, 14.0, 0.5 ] },
				"up": { "texture": "#blue", "uv": [ 0.0, 0.0, 14.0, 14.0 ] },
				"down": { "texture": "#blue", "uv": [ 0.0, 0.0, 14.0, 14.0 ] }
			}
		},
		{
			"name": "Cube2",
			"from": [ 1.0, 0.5, 1.0 ],
			"to": [ 15.0, 1.0, 15.0 ],
			"rotationOrigin": [ 8.0, 1.0, 8.0 ],
			"rotationY": -5.0,
			"faces": {
				"north": { "texture": "#blue", "uv": [ 0.0, 0.0, 14.0, 0.5 ] },
				"east": { "texture": "#blue", "uv": [ 0.0, 0.0, 14.0, 0.5 ] },
				"south": { "texture": "#blue", "uv": [ 0.0, 0.0, 14.0, 0.5 ] },
				"west": { "texture": "#blue", "uv": [ 0.0, 0.0, 14.0, 0.5 ] },
				"up": { "texture": "#blue", "uv": [ 0.0, 0.0, 14.0, 14.0 ] },
				"down": { "texture": "#blue", "uv": [ 0.0, 0.0, 14.0, 14.0 ] }
			}
		},
		{
			"name": "Cube3",
			"from": [ 1.0, 1.0, 1.0 ],
			"to": [ 15.0, 1.5, 15.0 ],
			"rotationOrigin": [ 8.0, 2.0, 8.0 ],
			"faces": {
				"north": { "texture": "#blue", "uv": [ 0.0, 0.0, 14.0, 0.5 ] },
				"east": { "texture": "#blue", "uv": [ 0.0, 0.0, 14.0, 0.5 ] },
				"south": { "texture": "#blue", "uv": [ 0.0, 0.0, 14.0, 0.5 ] },
				"west": { "texture": "#blue", "uv": [ 0.0, 0.0, 14.0, 0.5 ] },
				"up": { "texture": "#blue", "uv": [ 0.0, 0.0, 14.0, 14.0 ] },
				"down": { "texture": "#blue", "uv": [ 0.0, 0.0, 14.0, 14.0 ] }
			}
		},
		{
			"name": "Cube4",
			"from": [ 1.0, 1.5, 1.0 ],
			"to": [ 15.0, 2.0, 15.0 ],
			"rotationOrigin": [ 8.0, 1.0, 8.0 ],
			"rotationY": -5.0,
			"faces": {
				"north": { "texture": "#blue", "uv": [ 0.0, 0.0, 14.0, 0.5 ] },
				"east": { "texture": "#blue", "uv": [ 0.0, 0.0, 14.0, 0.5 ] },
				"south": { "texture": "#blue", "uv": [ 0.0, 0.0, 14.0, 0.5 ] },
				"west": { "texture": "#blue", "uv": [ 0.0, 0.0, 14.0, 0.5 ] },
				"up": { "texture": "#blue", "uv": [ 0.0, 0.0, 14.0, 14.0 ] },
				"down": { "texture": "#blue", "uv": [ 0.0, 0.0, 14.0, 14.0 ] }
			}
		},
		{
			"name": "Cube5",
			"from": [ 1.0, 2.0, 1.0 ],
			"to": [ 15.0, 2.5, 15.0 ],
			"rotationOrigin": [ 8.0, 2.0, 8.0 ],
			"rotationY": 10.0,
			"faces": {
				"north": { "texture": "#blue", "uv": [ 0.0, 0.0, 14.0, 0.5 ] },
				"east": { "texture": "#blue", "uv": [ 0.0, 0.0, 14.0, 0.5 ] },
				"south": { "texture": "#blue", "uv": [ 0.0, 0.0, 14.0, 0.5 ] },
				"west": { "texture": "#blue", "uv": [ 0.0, 0.0, 14.0, 0.5 ] },
				"up": { "texture": "#blue", "uv": [ 0.0, 0.0, 14.0, 14.0 ] },
				"down": { "texture": "#blue", "uv": [ 0.0, 0.0, 14.0, 14.0 ] }
			}
		},
		{
			"name": "Cube6",
			"from": [ 1.0, 2.5, 1.0 ],
			"to": [ 15.0, 3.0, 15.0 ],
			"rotationOrigin": [ 8.0, 2.0, 8.0 ],
			"faces": {
				"north": { "texture": "#blue", "uv": [ 0.0, 0.0, 14.0, 0.5 ] },
				"east": { "texture": "#blue", "uv": [ 0.0, 0.0, 14.0, 0.5 ] },
				"south": { "texture": "#blue", "uv": [ 0.0, 0.0, 14.0, 0.5 ] },
				"west": { "texture": "#blue", "uv": [ 0.0, 0.0, 14.0, 0.5 ] },
				"up": { "texture": "#blue", "uv": [ 0.0, 0.0, 14.0, 14.0 ] },
				"down": { "texture": "#blue", "uv": [ 0.0, 0.0, 14.0, 14.0 ] }
			}
		},
		{
			"name": "Cube7",
			"from": [ 1.0, 3.0, 1.0 ],
			"to": [ 15.0, 3.5, 15.0 ],
			"rotationOrigin": [ 8.0, 3.0, 8.0 ],
			"rotationY": 5.0,
			"faces": {
				"north": { "texture": "#blue", "uv": [ 0.0, 0.0, 14.0, 0.5 ] },
				"east": { "texture": "#blue", "uv": [ 0.0, 0.0, 14.0, 0.5 ] },
				"south": { "texture": "#blue", "uv": [ 0.0, 0.0, 14.0, 0.5 ] },
				"west": { "texture": "#blue", "uv": [ 0.0, 0.0, 14.0, 0.5 ] },
				"up": { "texture": "#blue", "uv": [ 0.0, 0.0, 14.0, 14.0 ] },
				"down": { "texture": "#blue", "uv": [ 0.0, 0.0, 14.0, 14.0 ] }
			}
		},
		{
			"name": "Cube8",
			"from": [ 1.0, 3.5, 1.0 ],
			"to": [ 15.0, 4.0, 15.0 ],
			"rotationOrigin": [ 8.0, 3.0, 8.0 ],
			"rotationY": -5.0,
			"faces": {
				"north": { "texture": "#blue", "uv": [ 0.0, 0.0, 14.0, 0.5 ] },
				"east": { "texture": "#blue", "uv": [ 0.0, 0.0, 14.0, 0.5 ] },
				"south": { "texture": "#blue", "uv": [ 0.0, 0.0, 14.0, 0.5 ] },
				"west": { "texture": "#blue", "uv": [ 0.0, 0.0, 14.0, 0.5 ] },
				"up": { "texture": "#blue", "uv": [ 0.0, 0.0, 14.0, 14.0 ] },
				"down": { "texture": "#blue", "uv": [ 0.0, 0.0, 14.0, 14.0 ] }
			}
		},
		{
			"name": "Cube9",
			"from": [ 1.0, 4.0, 1.0 ],
			"to": [ 15.0, 4.5, 15.0 ],
			"rotationOrigin": [ 8.0, 4.0, 8.0 ],
			"faces": {
				"north": { "texture": "#blue", "uv": [ 0.0, 0.0, 14.0, 0.5 ] },
				"east": { "texture": "#blue", "uv": [ 0.0, 0.0, 14.0, 0.5 ] },
				"south": { "texture": "#blue", "uv": [ 0.0, 0.0, 14.0, 0.5 ] },
				"west": { "texture": "#blue", "uv": [ 0.0, 0.0, 14.0, 0.5 ] },
				"up": { "texture": "#blue", "uv": [ 0.0, 0.0, 14.0, 14.0 ] },
				"down": { "texture": "#blue", "uv": [ 0.0, 0.0, 14.0, 14.0 ] }
			}
		},
		{
			"name": "Cube10",
			"from": [ 1.0, 4.5, 1.0 ],
			"to": [ 15.0, 5.0, 15.0 ],
			"rotationOrigin": [ 8.0, 4.0, 8.0 ],
			"rotationY": -5.0,
			"faces": {
				"north": { "texture": "#blue", "uv": [ 0.0, 0.0, 14.0, 0.5 ] },
				"east": { "texture": "#blue", "uv": [ 0.0, 0.0, 14.0, 0.5 ] },
				"south": { "texture": "#blue", "uv": [ 0.0, 0.0, 14.0, 0.5 ] },
				"west": { "texture": "#blue", "uv": [ 0.0, 0.0, 14.0, 0.5 ] },
				"up": { "texture": "#blue", "uv": [ 0.0, 0.0, 14.0, 14.0 ] },
				"down": { "texture": "#blue", "uv": [ 0.0, 0.0, 14.0, 14.0 ] }
			}
		},
		{
			"name": "Cube11",
			"from": [ 1.0, 5.0, 1.0 ],
			"to": [ 15.0, 5.5, 15.0 ],
			"rotationOrigin": [ 8.0, 5.0, 8.0 ],
			"rotationY": 10.0,
			"faces": {
				"north": { "texture": "#blue", "uv": [ 0.0, 0.0, 14.0, 0.5 ] },
				"east": { "texture": "#blue", "uv": [ 0.0, 0.0, 14.0, 0.5 ] },
				"south": { "texture": "#blue", "uv": [ 0.0, 0.0, 14.0, 0.5 ] },
				"west": { "texture": "#blue", "uv": [ 0.0, 0.0, 14.0, 0.5 ] },
				"up": { "texture": "#blue", "uv": [ 0.0, 0.0, 14.0, 14.0 ] },
				"down": { "texture": "#blue", "uv": [ 0.0, 0.0, 14.0, 14.0 ] }
			}
		},
		{
			"name": "Cube12",
			"from": [ 1.0, 5.5, 1.0 ],
			"to": [ 15.0, 6.0, 15.0 ],
			"rotationOrigin": [ 8.0, 5.0, 8.0 ],
			"faces": {
				"north": { "texture": "#blue", "uv": [ 0.0, 0.0, 14.0, 0.5 ] },
				"east": { "texture": "#blue", "uv": [ 0.0, 0.0, 14.0, 0.5 ] },
				"south": { "texture": "#blue", "uv": [ 0.0, 0.0, 14.0, 0.5 ] },
				"west": { "texture": "#blue", "uv": [ 0.0, 0.0, 14.0, 0.5 ] },
				"up": { "texture": "#blue", "uv": [ 0.0, 0.0, 14.0, 14.0 ] },
				"down": { "texture": "#blue", "uv": [ 0.0, 0.0, 14.0, 14.0 ] }
			}
		},
		{
			"name": "Cube13",
			"from": [ 1.0, 6.0, 1.0 ],
			"to": [ 15.0, 6.5, 15.0 ],
			"rotationOrigin": [ 8.0, 6.0, 8.0 ],
			"rotationY": -10.0,
			"faces": {
				"north": { "texture": "#blue", "uv": [ 0.0, 0.0, 14.0, 0.5 ] },
				"east": { "texture": "#blue", "uv": [ 0.0, 0.0, 14.0, 0.5 ] },
				"south": { "texture": "#blue", "uv": [ 0.0, 0.0, 14.0, 0.5 ] },
				"west": { "texture": "#blue", "uv": [ 0.0, 0.0, 14.0, 0.5 ] },
				"up": { "texture": "#blue", "uv": [ 0.0, 0.0, 14.0, 14.0 ] },
				"down": { "texture": "#blue", "uv": [ 0.0, 0.0, 14.0, 14.0 ] }
			}
		},
		{
			"name": "Cube14",
			"from": [ 1.0, 6.5, 1.0 ],
			"to": [ 15.0, 7.0, 15.0 ],
			"rotationOrigin": [ 8.0, 6.0, 8.0 ],
			"faces": {
				"north": { "texture": "#blue", "uv": [ 0.0, 0.0, 14.0, 0.5 ] },
				"east": { "texture": "#blue", "uv": [ 0.0, 0.0, 14.0, 0.5 ] },
				"south": { "texture": "#blue", "uv": [ 0.0, 0.0, 14.0, 0.5 ] },
				"west": { "texture": "#blue", "uv": [ 0.0, 0.0, 14.0, 0.5 ] },
				"up": { "texture": "#blue", "uv": [ 0.0, 0.0, 14.0, 14.0 ] },
				"down": { "texture": "#blue", "uv": [ 0.0, 0.0, 14.0, 14.0 ] }
			}
		},
		{
			"name": "Cube15",
			"from": [ 1.0, 7.0, 1.0 ],
			"to": [ 15.0, 7.5, 15.0 ],
			"rotationOrigin": [ 8.0, 7.0, 8.0 ],
			"rotationY": -5.0,
			"faces": {
				"north": { "texture": "#blue", "uv": [ 0.0, 0.0, 14.0, 0.5 ] },
				"east": { "texture": "#blue", "uv": [ 0.0, 0.0, 14.0, 0.5 ] },
				"south": { "texture": "#blue", "uv": [ 0.0, 0.0, 14.0, 0.5 ] },
				"west": { "texture": "#blue", "uv": [ 0.0, 0.0, 14.0, 0.5 ] },
				"up": { "texture": "#blue", "uv": [ 0.0, 0.0, 14.0, 14.0 ] },
				"down": { "texture": "#blue", "uv": [ 0.0, 0.0, 14.0, 14.0 ] }
			}
		},
		{
			"name": "Cube16",
			"from": [ 1.0, 7.5, 1.0 ],
			"to": [ 15.0, 8.0, 15.0 ],
			"rotationOrigin": [ 8.0, 7.0, 8.0 ],
			"rotationY": 5.0,
			"faces": {
				"north": { "texture": "#blue", "uv": [ 0.0, 0.0, 14.0, 0.5 ] },
				"east": { "texture": "#blue", "uv": [ 0.0, 0.0, 14.0, 0.5 ] },
				"south": { "texture": "#blue", "uv": [ 0.0, 0.0, 14.0, 0.5 ] },
				"west": { "texture": "#blue", "uv": [ 0.0, 0.0, 14.0, 0.5 ] },
				"up": { "texture": "#blue", "uv": [ 0.0, 0.0, 14.0, 14.0 ] },
				"down": { "texture": "#blue", "uv": [ 0.0, 0.0, 14.0, 14.0 ] }
			}
		},
		{
			"name": "Cube17",
			"from": [ 1.0, 8.0, 1.0 ],
			"to": [ 15.0, 8.5, 15.0 ],
			"rotationOrigin": [ 8.0, 8.0, 8.0 ],
			"faces": {
				"north": { "texture": "#blue", "uv": [ 0.0, 0.0, 14.0, 0.5 ] },
				"east": { "texture": "#blue", "uv": [ 0.0, 0.0, 14.0, 0.5 ] },
				"south": { "texture": "#blue", "uv": [ 0.0, 0.0, 14.0, 0.5 ] },
				"west": { "texture": "#blue", "uv": [ 0.0, 0.0, 14.0, 0.5 ] },
				"up": { "texture": "#blue", "uv": [ 0.0, 0.0, 14.0, 14.0 ] },
				"down": { "texture": "#blue", "uv": [ 0.0, 0.0, 14.0, 14.0 ] }
			}
		},
		{
			"name": "Cube18",
			"from": [ 1.0, 8.5, 1.0 ],
			"to": [ 15.0, 9.0, 15.0 ],
			"rotationOrigin": [ 8.0, 8.0, 8.0 ],
			"rotationY": -10.0,
			"faces": {
				"north": { "texture": "#blue", "uv": [ 0.0, 0.0, 14.0, 0.5 ] },
				"east": { "texture": "#blue", "uv": [ 0.0, 0.0, 14.0, 0.5 ] },
				"south": { "texture": "#blue", "uv": [ 0.0, 0.0, 14.0, 0.5 ] },
				"west": { "texture": "#blue", "uv": [ 0.0, 0.0, 14.0, 0.5 ] },
				"up": { "texture": "#blue", "uv": [ 0.0, 0.0, 14.0, 14.0 ] },
				"down": { "texture": "#blue", "uv": [ 0.0, 0.0, 14.0, 14.0 ] }
			}
		},
		{
			"name": "Cube19",
			"from": [ 1.0, 9.0, 1.0 ],
			"to": [ 15.0, 9.5, 15.0 ],
			"rotationOrigin": [ 8.0, 9.0, 8.0 ],
			"faces": {
				"north": { "texture": "#blue", "uv": [ 0.0, 0.0, 14.0, 0.5 ] },
				"east": { "texture": "#blue", "uv": [ 0.0, 0.0, 14.0, 0.5 ] },
				"south": { "texture": "#blue", "uv": [ 0.0, 0.0, 14.0, 0.5 ] },
				"west": { "texture": "#blue", "uv": [ 0.0, 0.0, 14.0, 0.5 ] },
				"up": { "texture": "#blue", "uv": [ 0.0, 0.0, 14.0, 14.0 ] },
				"down": { "texture": "#blue", "uv": [ 0.0, 0.0, 14.0, 14.0 ] }
			}
		},
		{
			"name": "Cube20",
			"from": [ 1.0, 9.5, 1.0 ],
			"to": [ 15.0, 10.0, 15.0 ],
			"rotationOrigin": [ 8.0, 9.0, 8.0 ],
			"rotationY": 5.0,
			"faces": {
				"north": { "texture": "#blue", "uv": [ 0.0, 0.0, 14.0, 0.5 ] },
				"east": { "texture": "#blue", "uv": [ 0.0, 0.0, 14.0, 0.5 ] },
				"south": { "texture": "#blue", "uv": [ 0.0, 0.0, 14.0, 0.5 ] },
				"west": { "texture": "#blue", "uv": [ 0.0, 0.0, 14.0, 0.5 ] },
				"up": { "texture": "#blue", "uv": [ 0.0, 0.0, 14.0, 14.0 ] },
				"down": { "texture": "#blue", "uv": [ 0.0, 0.0, 14.0, 14.0 ] }
			}
		},
		{
			"name": "Cube21",
			"from": [ 1.0, 10.0, 1.0 ],
			"to": [ 15.0, 10.5, 15.0 ],
			"rotationOrigin": [ 8.0, 10.0, 8.0 ],
			"rotationY": -5.0,
			"faces": {
				"north": { "texture": "#blue", "uv": [ 0.0, 0.0, 14.0, 0.5 ] },
				"east": { "texture": "#blue", "uv": [ 0.0, 0.0, 14.0, 0.5 ] },
				"south": { "texture": "#blue", "uv": [ 0.0, 0.0, 14.0, 0.5 ] },
				"west": { "texture": "#blue", "uv": [ 0.0, 0.0, 14.0, 0.5 ] },
				"up": { "texture": "#blue", "uv": [ 0.0, 0.0, 14.0, 14.0 ] },
				"down": { "texture": "#blue", "uv": [ 0.0, 0.0, 14.0, 14.0 ] }
			}
		},
		{
			"name": "Cube22",
			"from": [ 1.0, 10.5, 1.0 ],
			"to": [ 15.0, 11.0, 15.0 ],
			"rotationOrigin": [ 8.0, 10.0, 8.0 ],
			"rotationY": 10.0,
			"faces": {
				"north": { "texture": "#blue", "uv": [ 0.0, 0.0, 14.0, 0.5 ] },
				"east": { "texture": "#blue", "uv": [ 0.0, 0.0, 14.0, 0.5 ] },
				"south": { "texture": "#blue", "uv": [ 0.0, 0.0, 14.0, 0.5 ] },
				"west": { "texture": "#blue", "uv": [ 0.0, 0.0, 14.0, 0.5 ] },
				"up": { "texture": "#blue", "uv": [ 0.0, 0.0, 14.0, 14.0 ] },
				"down": { "texture": "#blue", "uv": [ 0.0, 0.0, 14.0, 14.0 ] }
			}
		},
		{
			"name": "Cube23",
			"from": [ 1.0, 11.0, 1.0 ],
			"to": [ 15.0, 11.5, 15.0 ],
			"rotationOrigin": [ 8.0, 11.0, 8.0 ],
			"faces": {
				"north": { "texture": "#blue", "uv": [ 0.0, 0.0, 14.0, 0.5 ] },
				"east": { "texture": "#blue", "uv": [ 0.0, 0.0, 14.0, 0.5 ] },
				"south": { "texture": "#blue", "uv": [ 0.0, 0.0, 14.0, 0.5 ] },
				"west": { "texture": "#blue", "uv": [ 0.0, 0.0, 14.0, 0.5 ] },
				"up": { "texture": "#blue", "uv": [ 0.0, 0.0, 14.0, 14.0 ] },
				"down": { "texture": "#blue", "uv": [ 0.0, 0.0, 14.0, 14.0 ] }
			}
		},
		{
			"name": "Cube24",
			"from": [ 1.0, 11.5, 1.0 ],
			"to": [ 15.0, 12.0, 15.0 ],
			"rotationOrigin": [ 8.0, 11.0, 8.0 ],
			"rotationY": -5.0,
			"faces": {
				"north": { "texture": "#blue", "uv": [ 0.0, 0.0, 14.0, 0.5 ] },
				"east": { "texture": "#blue", "uv": [ 0.0, 0.0, 14.0, 0.5 ] },
				"south": { "texture": "#blue", "uv": [ 0.0, 0.0, 14.0, 0.5 ] },
				"west": { "texture": "#blue", "uv": [ 0.0, 0.0, 14.0, 0.5 ] },
				"up": { "texture": "#blue", "uv": [ 0.0, 0.0, 14.0, 14.0 ] },
				"down": { "texture": "#blue", "uv": [ 0.0, 0.0, 14.0, 14.0 ] }
			}
		},
		{
			"name": "Cube25",
			"from": [ 1.0, 12.0, 1.0 ],
			"to": [ 15.0, 12.5, 15.0 ],
			"rotationOrigin": [ 8.0, 12.0, 8.0 ],
			"rotationY": -10.0,
			"faces": {
				"north": { "texture": "#blue", "uv": [ 0.0, 0.0, 14.0, 0.5 ] },
				"east": { "texture": "#blue", "uv": [ 0.0, 0.0, 14.0, 0.5 ] },
				"south": { "texture": "#blue", "uv": [ 0.0, 0.0, 14.0, 0.5 ] },
				"west": { "texture": "#blue", "uv": [ 0.0, 0.0, 14.0, 0.5 ] },
				"up": { "texture": "#blue", "uv": [ 0.0, 0.0, 14.0, 14.0 ] },
				"down": { "texture": "#blue", "uv": [ 0.0, 0.0, 14.0, 14.0 ] }
			}
		},
		{
			"name": "Cube26",
			"from": [ 1.0, 12.5, 1.0 ],
			"to": [ 15.0, 13.0, 15.0 ],
			"rotationOrigin": [ 8.0, 12.0, 8.0 ],
			"faces": {
				"north": { "texture": "#blue", "uv": [ 0.0, 0.0, 14.0, 0.5 ] },
				"east": { "texture": "#blue", "uv": [ 0.0, 0.0, 14.0, 0.5 ] },
				"south": { "texture": "#blue", "uv": [ 0.0, 0.0, 14.0, 0.5 ] },
				"west": { "texture": "#blue", "uv": [ 0.0, 0.0, 14.0, 0.5 ] },
				"up": { "texture": "#blue", "uv": [ 0.0, 0.0, 14.0, 14.0 ] },
				"down": { "texture": "#blue", "uv": [ 0.0, 0.0, 14.0, 14.0 ] }
			}
		},
		{
			"name": "Cube27",
			"from": [ 1.0, 13.0, 1.0 ],
			"to": [ 15.0, 13.5, 15.0 ],
			"rotationOrigin": [ 8.0, 13.0, 8.0 ],
			"rotationY": 10.0,
			"faces": {
				"north": { "texture": "#blue", "uv": [ 0.0, 0.0, 14.0, 0.5 ] },
				"east": { "texture": "#blue", "uv": [ 0.0, 0.0, 14.0, 0.5 ] },
				"south": { "texture": "#blue", "uv": [ 0.0, 0.0, 14.0, 0.5 ] },
				"west": { "texture": "#blue", "uv": [ 0.0, 0.0, 14.0, 0.5 ] },
				"up": { "texture": "#blue", "uv": [ 0.0, 0.0, 14.0, 14.0 ] },
				"down": { "texture": "#blue", "uv": [ 0.0, 0.0, 14.0, 14.0 ] }
			}
		},
		{
			"name": "Cube28",
			"from": [ 1.0, 13.5, 1.0 ],
			"to": [ 15.0, 14.0, 15.0 ],
			"rotationOrigin": [ 8.0, 13.0, 8.0 ],
			"rotationY": -5.0,
			"faces": {
				"north": { "texture": "#blue", "uv": [ 0.0, 0.0, 14.0, 0.5 ] },
				"east": { "texture": "#blue", "uv": [ 0.0, 0.0, 14.0, 0.5 ] },
				"south": { "texture": "#blue", "uv": [ 0.0, 0.0, 14.0, 0.5 ] },
				"west": { "texture": "#blue", "uv": [ 0.0, 0.0, 14.0, 0.5 ] },
				"up": { "texture": "#blue", "uv": [ 0.0, 0.0, 14.0, 14.0 ] },
				"down": { "texture": "#blue", "uv": [ 0.0, 0.0, 14.0, 14.0 ] }
			}
		},
		{
			"name": "Cube29",
			"from": [ 1.0, 14.0, 1.0 ],
			"to": [ 15.0, 14.5, 15.0 ],
			"rotationOrigin": [ 8.0, 14.0, 8.0 ],
			"rotationY": 5.0,
			"faces": {
				"north": { "texture": "#blue", "uv": [ 0.0, 0.0, 14.0, 0.5 ] },
				"east": { "texture": "#blue", "uv": [ 0.0, 0.0, 14.0, 0.5 ] },
				"south": { "texture": "#blue", "uv": [ 0.0, 0.0, 14.0, 0.5 ] },
				"west": { "texture": "#blue", "uv": [ 0.0, 0.0, 14.0, 0.5 ] },
				"up": { "texture": "#blue", "uv": [ 0.0, 0.0, 14.0, 14.0 ] },
				"down": { "texture": "#blue", "uv": [ 0.0, 0.0, 14.0, 14.0 ] }
			}
		},
		{
			"name": "Cube30",
			"from": [ 1.0, 14.5, 1.0 ],
			"to": [ 15.0, 15.0, 15.0 ],
			"rotationOrigin": [ 8.0, 14.0, 8.0 ],
			"faces": {
				"north": { "texture": "#blue", "uv": [ 0.0, 0.0, 14.0, 0.5 ] },
				"east": { "texture": "#blue", "uv": [ 0.0, 0.0, 14.0, 0.5 ] },
				"south": { "texture": "#blue", "uv": [ 0.0, 0.0, 14.0, 0.5 ] },
				"west": { "texture": "#blue", "uv": [ 0.0, 0.0, 14.0, 0.5 ] },
				"up": { "texture": "#blue", "uv": [ 0.0, 0.0, 14.0, 14.0 ] },
				"down": { "texture": "#blue", "uv": [ 0.0, 0.0, 14.0, 14.0 ] }
			}
		},
		{
			"name": "Cube31",
			"from": [ 1.0, 15.0, 1.0 ],
			"to": [ 15.0, 15.5, 15.0 ],
			"rotationOrigin": [ 8.0, 15.0, 8.0 ],
			"rotationY": -10.0,
			"faces": {
				"north": { "texture": "#blue", "uv": [ 0.0, 0.0, 14.0, 0.5 ] },
				"east": { "texture": "#blue", "uv": [ 0.0, 0.0, 14.0, 0.5 ] },
				"south": { "texture": "#blue", "uv": [ 0.0, 0.0, 14.0, 0.5 ] },
				"west": { "texture": "#blue", "uv": [ 0.0, 0.0, 14.0, 0.5 ] },
				"up": { "texture": "#blue", "uv": [ 0.0, 0.0, 14.0, 14.0 ] },
				"down": { "texture": "#blue", "uv": [ 0.0, 0.0, 14.0, 14.0 ] }
			}
		},
		{
			"name": "Cube32",
			"from": [ 1.0, 15.5, 1.0 ],
			"to": [ 15.0, 16.0, 15.0 ],
			"rotationOrigin": [ 8.0, 15.0, 8.0 ],
			"rotationY": 5.0,
			"faces": {
				"north": { "texture": "#blue", "uv": [ 0.0, 0.0, 14.0, 0.5 ] },
				"east": { "texture": "#blue", "uv": [ 0.0, 0.0, 14.0, 0.5 ] },
				"south": { "texture": "#blue", "uv": [ 0.0, 0.0, 14.0, 0.5 ] },
				"west": { "texture": "#blue", "uv": [ 0.0, 0.0, 14.0, 0.5 ] },
				"up": { "texture": "#blue", "uv": [ 0.0, 0.0, 14.0, 14.0 ] },
				"down": { "texture": "#blue", "uv": [ 0.0, 0.0, 14.0, 14.0 ] }
			}
		}
	]}