{
	"editor": {
		"allAngles": true,
		"entityTextureMode": false
	},
	"textureWidth": 16,
	"textureHeight": 16,
	"textureSizes": {
	},
	"textures": {
		"ceramic": "nt/Brutus/Games/VintageStory/dev/vintagestory/assets/survival/textures/block/clay/ceramic",
		"inside": "nt/Brutus/Games/VintageStory/dev/vintagestory/assets/survival/textures/block/clay/inside",
		"sides": "nt/Brutus/Games/VintageStory/dev/vintagestory/assets/survival/textures/block/clay/sides",
		"top": "nt/Brutus/Games/VintageStory/dev/vintagestory/assets/survival/textures/block/clay/top"
	},
	"elements": [
		{
			"name": "root",
			"from": [ 0.0, 0.0, 0.0 ],
			"to": [ 1.0, 1.0, 1.0 ],
			"faces": {
			},
			"children": [
				{
					"name": "lid",
					"from": [ 3.0, 4.0, 3.0 ],
					"to": [ 13.0, 6.0, 13.0 ],
					"rotationOrigin": [ 8.0, 3.0, 4.5 ],
					"rotationZ": -180.0,
					"faces": {
						"north": { "texture": "#sides", "uv": [ 0.0, 0.0, 10.0, 2.0 ] },
						"east": { "texture": "#sides", "uv": [ 4.0, 0.0, 14.0, 2.0 ] },
						"south": { "texture": "#sides", "uv": [ 6.0, 0.0, 16.0, 2.0 ] },
						"west": { "texture": "#sides", "uv": [ 2.0, 0.0, 12.0, 2.0 ] },
						"up": { "texture": "#top", "uv": [ 3.0, 3.0, 13.0, 13.0 ] },
						"down": { "texture": "#ceramic", "uv": [ 0.0, 6.0, 10.0, 16.0 ] }
					},
					"children": [
						{
							"name": "neck W",
							"from": [ 1.0, -2.0, 1.0 ],
							"to": [ 3.0, 0.0, 9.0 ],
							"rotationOrigin": [ 0.0, -3.0, 0.0 ],
							"faces": {
								"north": { "texture": "#inside", "uv": [ 13.0, 6.0, 15.0, 8.0 ] },
								"east": { "texture": "#inside", "uv": [ 8.0, 0.0, 16.0, 2.0 ] },
								"south": { "texture": "#inside", "uv": [ 8.0, 6.0, 10.0, 8.0 ] },
								"west": { "texture": "#inside", "uv": [ 0.0, 6.0, 8.0, 8.0 ] },
								"up": { "texture": "#inside", "uv": [ 0.0, 8.0, 2.0, 16.0 ] },
								"down": { "texture": "#inside", "uv": [ 1.5, 3.0, 3.5, 11.0 ], "windMode": [-1,-1,-1,-1] }
							}
						},
						{
							"name": "neck E",
							"from": [ 7.0, -2.0, 1.0 ],
							"to": [ 9.0, 0.0, 9.0 ],
							"rotationOrigin": [ 0.0, -3.0, 0.0 ],
							"faces": {
								"north": { "texture": "#inside", "uv": [ 4.0, 6.0, 6.0, 8.0 ] },
								"east": { "texture": "#inside", "uv": [ 6.0, 6.0, 14.0, 8.0 ] },
								"south": { "texture": "#inside", "uv": [ 11.0, 6.0, 13.0, 8.0 ] },
								"west": { "texture": "#inside", "uv": [ 3.5, 0.0, 11.5, 2.0 ] },
								"down": { "texture": "#inside", "uv": [ 0.0, 0.0, 2.0, 8.0 ], "windMode": [-1,-1,-1,-1] }
							}
						},
						{
							"name": "neck N",
							"from": [ 3.0, -2.0, 1.0 ],
							"to": [ 7.0, 0.0, 3.0 ],
							"rotationOrigin": [ 0.0, -3.0, 0.0 ],
							"faces": {
								"north": { "texture": "#inside", "uv": [ 1.0, 6.0, 5.0, 8.0 ] },
								"south": { "texture": "#inside", "uv": [ 11.0, 0.0, 15.0, 2.0 ] },
								"down": { "texture": "#inside", "uv": [ 0.0, 0.0, 4.0, 2.0 ], "windMode": [-1,-1,-1,-1] }
							}
						},
						{
							"name": "neck S",
							"from": [ 3.0, -2.0, 7.0 ],
							"to": [ 7.0, 0.0, 9.0 ],
							"rotationOrigin": [ 0.0, -3.0, 0.0 ],
							"faces": {
								"north": { "texture": "#inside", "uv": [ 1.5, 0.0, 5.5, 2.0 ] },
								"south": { "texture": "#inside", "uv": [ 11.0, 6.0, 15.0, 8.0 ] },
								"down": { "texture": "#inside", "uv": [ 0.0, 0.0, 4.0, 2.0 ], "windMode": [-1,-1,-1,-1] }
							}
						}
					]
				}
			]
		}
	],
	"animations": [
		{
			"name": "lidopen",
			"code": "lidopen",
			"quantityframes": 30,
			"onActivityStopped": "Rewind",
			"onAnimationEnd": "Hold",
			"keyframes": [
				{
					"frame": 0,
					"elements": {
						"lid": { "offsetX": 0.0, "offsetY": 0.0, "offsetZ": 0.0, "rotationX": 0.0, "rotationY": 0.0, "rotationZ": 0.0 }
					}
				},
				{
					"frame": 29,
					"elements": {
						"lid": { "offsetX": 0.0, "offsetY": 1.0, "offsetZ": -12.0, "rotationX": -85.0, "rotationY": 0.0, "rotationZ": 0.0 }
					}
				}
			]
		}
	]
}