{
	"editor": {
		"allAngles": true,
		"entityTextureMode": false
	},
	"textureWidth": 16,
	"textureHeight": 16,
	"textureSizes": {
	},
	"textures": {
		"ceramic": "nt/Brutus/Games/VintageStory/dev/vintagestory/assets/survival/textures/block/clay/ceramic",
		"inside": "nt/Brutus/Games/VintageStory/dev/vintagestory/assets/survival/textures/block/clay/inside",
		"sides": "nt/Brutus/Games/VintageStory/dev/vintagestory/assets/survival/textures/block/clay/sides",
		"top": "nt/Brutus/Games/VintageStory/dev/vintagestory/assets/survival/textures/block/clay/top"
	},
	"elements": [
		{
			"name": "root",
			"from": [ 0.0, 0.0, 0.0 ],
			"to": [ 1.0, 1.0, 1.0 ],
			"faces": {
			},
			"children": [
				{
					"name": "base",
					"from": [ 2.0, 2.0, 2.0 ],
					"to": [ 3.0, 12.0, 14.0 ],
					"faces": {
						"north": { "texture": "#sides", "uv": [ 2.0, 4.0, 3.0, 14.0 ] },
						"east": { "texture": "#sides", "uv": [ 2.0, 4.0, 14.0, 14.0 ] },
						"south": { "texture": "#sides", "uv": [ 2.0, 4.0, 3.0, 14.0 ] },
						"west": { "texture": "#sides", "uv": [ 2.0, 4.0, 14.0, 14.0 ] },
						"up": { "texture": "#top", "uv": [ 2.0, 2.0, 3.0, 14.0 ] },
						"down": { "texture": "#top", "uv": [ 2.0, 2.0, 3.0, 14.0 ] }
					}
				},
				{
					"name": "bottom",
					"from": [ 3.0, 0.0, 3.0 ],
					"to": [ 13.0, 2.0, 13.0 ],
					"faces": {
						"north": { "texture": "#sides", "uv": [ 0.0, 14.0, 10.0, 16.0 ] },
						"east": { "texture": "#sides", "uv": [ 5.0, 14.0, 15.0, 16.0 ] },
						"south": { "texture": "#sides", "uv": [ 2.0, 14.0, 12.0, 16.0 ] },
						"west": { "texture": "#sides", "uv": [ 6.0, 14.0, 16.0, 16.0 ] },
						"up": { "texture": "#sides", "uv": [ 0.0, 0.0, 10.0, 10.0 ], "windMode": [-1,-1,-1,-1] },
						"down": { "texture": "#ceramic", "uv": [ 0.0, 6.0, 10.0, 16.0 ] }
					}
				},
				{
					"name": "neck W",
					"from": [ 3.0, 12.0, 3.0 ],
					"to": [ 5.0, 13.0, 13.0 ],
					"rotationOrigin": [ 2.0, 11.0, 2.0 ],
					"faces": {
						"north": { "texture": "#inside", "uv": [ 13.0, 6.0, 15.0, 7.0 ] },
						"east": { "texture": "#inside", "uv": [ 5.5, 0.0, 15.5, 1.0 ] },
						"south": { "texture": "#inside", "uv": [ 8.0, 6.0, 10.0, 7.0 ] },
						"west": { "texture": "#inside", "uv": [ 0.0, 6.0, 10.0, 7.0 ] },
						"up": { "texture": "#inside", "uv": [ 0.0, 4.0, 2.0, 14.0 ] }
					}
				},
				{
					"name": "neck E",
					"from": [ 11.0, 12.0, 3.0 ],
					"to": [ 13.0, 13.0, 13.0 ],
					"rotationOrigin": [ 4.0, 11.0, 2.0 ],
					"faces": {
						"north": { "texture": "#inside", "uv": [ 4.0, 6.0, 6.0, 7.0 ] },
						"east": { "texture": "#inside", "uv": [ 6.0, 6.0, 16.0, 7.0 ] },
						"south": { "texture": "#inside", "uv": [ 11.0, 6.0, 13.0, 7.0 ] },
						"west": { "texture": "#inside", "uv": [ 3.5, 0.0, 13.5, 1.0 ] },
						"up": { "texture": "#inside", "uv": [ 6.0, 5.5, 8.0, 15.5 ] }
					}
				},
				{
					"name": "neck N",
					"from": [ 5.0, 12.0, 3.0 ],
					"to": [ 11.0, 13.0, 5.0 ],
					"rotationOrigin": [ 2.0, 11.0, 2.0 ],
					"faces": {
						"north": { "texture": "#inside", "uv": [ 1.0, 6.0, 7.0, 7.0 ] },
						"south": { "texture": "#inside", "uv": [ 9.0, 0.0, 15.0, 1.0 ] },
						"up": { "texture": "#inside", "uv": [ 2.0, 8.0, 8.0, 10.0 ] }
					}
				},
				{
					"name": "neck S",
					"from": [ 5.0, 12.0, 11.0 ],
					"to": [ 11.0, 13.0, 13.0 ],
					"rotationOrigin": [ 2.0, 11.0, 4.0 ],
					"faces": {
						"north": { "texture": "#inside", "uv": [ 1.5, 0.0, 7.5, 1.0 ] },
						"south": { "texture": "#inside", "uv": [ 8.5, 6.0, 14.5, 7.0 ] },
						"up": { "texture": "#inside", "uv": [ 2.0, 14.0, 8.0, 16.0 ] }
					}
				},
				{
					"name": "base2",
					"from": [ 13.0, 2.0, 2.0 ],
					"to": [ 14.0, 12.0, 14.0 ],
					"rotationOrigin": [ 11.0, 0.0, 0.0 ],
					"faces": {
						"north": { "texture": "#sides", "uv": [ 2.0, 4.0, 3.0, 14.0 ] },
						"east": { "texture": "#sides", "uv": [ 2.0, 4.0, 14.0, 14.0 ] },
						"south": { "texture": "#sides", "uv": [ 2.0, 4.0, 3.0, 14.0 ] },
						"west": { "texture": "#sides", "uv": [ 2.0, 4.0, 14.0, 14.0 ] },
						"up": { "texture": "#top", "uv": [ 2.0, 2.0, 3.0, 14.0 ] },
						"down": { "texture": "#top", "uv": [ 2.0, 2.0, 3.0, 14.0 ] }
					}
				},
				{
					"name": "base3",
					"from": [ 3.0, 2.0, 2.0 ],
					"to": [ 13.0, 12.0, 3.0 ],
					"rotationOrigin": [ 1.0, 0.0, 0.0 ],
					"faces": {
						"north": { "texture": "#sides", "uv": [ 2.0, 4.0, 12.0, 14.0 ] },
						"south": { "texture": "#sides", "uv": [ 2.0, 4.0, 12.0, 14.0 ] },
						"up": { "texture": "#top", "uv": [ 2.0, 2.0, 12.0, 3.0 ] },
						"down": { "texture": "#top", "uv": [ 2.0, 2.0, 12.0, 3.0 ] }
					}
				},
				{
					"name": "base4",
					"from": [ 3.0, 2.0, 13.0 ],
					"to": [ 13.0, 12.0, 14.0 ],
					"rotationOrigin": [ 1.0, 0.0, 11.0 ],
					"faces": {
						"north": { "texture": "#sides", "uv": [ 2.0, 4.0, 12.0, 14.0 ] },
						"south": { "texture": "#sides", "uv": [ 2.0, 4.0, 12.0, 14.0 ] },
						"up": { "texture": "#top", "uv": [ 2.0, 2.0, 12.0, 3.0 ] },
						"down": { "texture": "#top", "uv": [ 2.0, 2.0, 12.0, 3.0 ] }
					}
				}
			]
		}
	],
	"animations": [
	]
}