{
	"editor": {
		"backDropShape": "entity/humanoid/seraph-hairless",
		"collapsedPaths": "Root/Lens-R,Root/bandN/toothR1,Root/bandN/toothL1",
		"allAngles": true,
		"entityTextureMode": true
	},
	"textureWidth": 16,
	"textureHeight": 16,
	"textureSizes": {
		"brass": [16,16],
		"belcourt spectacles": [12,12],
		"belcourtspectacles": [12,12]
	},
	"textures": {
		"belcourtspectacles": "item/belcourtspectacles"
	},
	"elements": [
		{
			"name": "Glasses-nasal",
			"stepParentName": "Head",
			"from": [ -0.2, 2.15, 2.1 ],
			"to": [ -0.1, 2.25, 2.9 ],
			"uv": [ 0.0, 3.5 ],
			"rotationOrigin": [ -0.2, 2.1, 2.5 ],
			"faces": {
				"west": { "texture": "#belcourtspectacles", "uv": [ 0.0, 4.0, 0.5, 4.5 ] },
				"up": { "texture": "#belcourtspectacles", "uv": [ 0.0, 3.5, 0.5, 4.0 ] },
				"down": { "texture": "#belcourtspectacles", "uv": [ 0.5, 3.5, 1.0, 4.0 ] }
			},
			"children": [
				{
					"name": "Lens-R",
					"from": [ 0.0071, -0.25, -1.3 ],
					"to": [ 0.1071, 0.35, -0.1 ],
					"uv": [ 2.5, 2.5 ],
					"rotationOrigin": [ -0.1, -0.25, -1.2 ],
					"faces": {
						"north": { "texture": "#belcourtspectacles", "uv": [ 2.5, 3.5, 3.0, 4.0 ] },
						"east": { "texture": "#belcourtspectacles", "uv": [ 3.0, 3.5, 4.0, 4.0 ] },
						"south": { "texture": "#belcourtspectacles", "uv": [ 4.0, 3.5, 4.5, 4.0 ] },
						"west": { "texture": "#belcourtspectacles", "uv": [ 4.5, 3.5, 5.5, 4.0 ] },
						"up": { "texture": "#belcourtspectacles", "uv": [ 2.5, 2.5, 3.0, 3.5 ] }
					},
					"children": [
						{
							"name": "Frame-R1",
							"from": [ -0.03, -0.1, -0.1 ],
							"to": [ 0.12, 0.0, 1.3 ],
							"uv": [ 0.0, 2.0 ],
							"rotationOrigin": [ 0.02, -0.1, -0.1 ],
							"faces": {
								"west": { "texture": "#belcourtspectacles", "uv": [ 0.0, 3.0, 1.0, 3.5 ] },
								"up": { "texture": "#belcourtspectacles", "uv": [ 0.0, 2.0, 0.5, 3.0 ] },
								"down": { "texture": "#belcourtspectacles", "uv": [ 0.5, 2.0, 1.0, 3.0 ] }
							}
						},
						{
							"name": "Frame-R2",
							"from": [ -0.03, -0.1, 1.2 ],
							"to": [ 0.12, 0.7, 1.3 ],
							"uv": [ 3.0, 1.0 ],
							"rotationOrigin": [ 0.02, -0.1, 1.2 ],
							"faces": {
								"north": { "texture": "#belcourtspectacles", "uv": [ 3.0, 1.5, 3.5, 2.0 ], "windMode": [-1,-1,-1,-1] },
								"east": { "texture": "#belcourtspectacles", "uv": [ 3.5, 1.5, 4.0, 2.0 ], "windMode": [-1,-1,-1,-1] },
								"south": { "texture": "#belcourtspectacles", "uv": [ 4.0, 1.5, 4.5, 2.0 ], "windMode": [-1,-1,-1,-1] },
								"west": { "texture": "#belcourtspectacles", "uv": [ 4.5, 1.5, 5.0, 2.0 ] },
								"up": { "texture": "#belcourtspectacles", "uv": [ 3.0, 1.0, 3.5, 1.5 ] },
								"down": { "texture": "#belcourtspectacles", "uv": [ 3.5, 1.0, 4.0, 1.5 ] }
							}
						},
						{
							"name": "Frame-R3",
							"from": [ -0.03, -0.1, -0.1 ],
							"to": [ 0.12, 0.7, 0.0 ],
							"uv": [ 1.0, 1.0 ],
							"rotationOrigin": [ 0.02, -0.1, -0.1 ],
							"faces": {
								"north": { "texture": "#belcourtspectacles", "uv": [ 1.0, 1.5, 1.5, 2.0 ] },
								"east": { "texture": "#belcourtspectacles", "uv": [ 1.5, 1.5, 2.0, 2.0 ] },
								"south": { "texture": "#belcourtspectacles", "uv": [ 2.0, 1.5, 2.5, 2.0 ] },
								"west": { "texture": "#belcourtspectacles", "uv": [ 2.5, 1.5, 3.0, 2.0 ] },
								"up": { "texture": "#belcourtspectacles", "uv": [ 1.0, 1.0, 1.5, 1.5 ] },
								"down": { "texture": "#belcourtspectacles", "uv": [ 1.5, 1.0, 2.0, 1.5 ] }
							}
						},
						{
							"name": "Frame-R4",
							"from": [ -0.03, 0.6, 0.0 ],
							"to": [ 0.12, 0.7, 1.2 ],
							"uv": [ 1.0, 2.0 ],
							"rotationOrigin": [ 0.02, 0.6, 0.0 ],
							"faces": {
								"west": { "texture": "#belcourtspectacles", "uv": [ 1.0, 3.0, 2.0, 3.5 ] },
								"up": { "texture": "#belcourtspectacles", "uv": [ 1.0, 2.0, 1.5, 3.0 ] },
								"down": { "texture": "#belcourtspectacles", "uv": [ 1.5, 2.0, 2.0, 3.0 ] }
							}
						}
					]
				},
				{
					"name": "Lens-L",
					"from": [ 0.0072, -0.25, 0.9 ],
					"to": [ 0.1072, 0.35, 2.1 ],
					"uv": [ 2.5, 7.0 ],
					"rotationOrigin": [ 0.0, -0.25, 2.0 ],
					"faces": {
						"north": { "texture": "#belcourtspectacles", "uv": [ 2.5, 8.0, 3.0, 8.5 ] },
						"east": { "texture": "#belcourtspectacles", "uv": [ 3.0, 8.0, 4.0, 8.5 ] },
						"south": { "texture": "#belcourtspectacles", "uv": [ 4.0, 8.0, 4.5, 8.5 ] },
						"west": { "texture": "#belcourtspectacles", "uv": [ 4.5, 8.0, 5.5, 8.5 ] },
						"up": { "texture": "#belcourtspectacles", "uv": [ 2.5, 7.0, 3.0, 8.0 ] }
					},
					"children": [
						{
							"name": "Frame-L1",
							"from": [ -0.03, -0.1, 0.0 ],
							"to": [ 0.12, 0.0, 1.2 ],
							"uv": [ 0.0, 6.5 ],
							"faces": {
								"west": { "texture": "#belcourtspectacles", "uv": [ 0.0, 7.5, 1.0, 8.0 ] },
								"up": { "texture": "#belcourtspectacles", "uv": [ 0.0, 6.5, 0.5, 7.5 ] },
								"down": { "texture": "#belcourtspectacles", "uv": [ 0.5, 6.5, 1.0, 7.5 ] }
							}
						},
						{
							"name": "Frame-L2",
							"from": [ -0.03, -0.1, -0.1 ],
							"to": [ 0.12, 0.7, 0.0 ],
							"uv": [ 2.5, 5.5 ],
							"rotationOrigin": [ 0.0, 0.0, -0.1 ],
							"faces": {
								"north": { "texture": "#belcourtspectacles", "uv": [ 2.5, 6.0, 3.0, 6.5 ], "windMode": [-1,-1,-1,-1] },
								"south": { "texture": "#belcourtspectacles", "uv": [ 3.0, 6.0, 3.5, 6.5 ], "windMode": [-1,-1,-1,-1] },
								"west": { "texture": "#belcourtspectacles", "uv": [ 3.5, 6.0, 4.0, 6.5 ] },
								"up": { "texture": "#belcourtspectacles", "uv": [ 2.5, 5.5, 3.0, 6.0 ] },
								"down": { "texture": "#belcourtspectacles", "uv": [ 3.0, 5.5, 3.5, 6.0 ] }
							}
						},
						{
							"name": "Frame-L3",
							"from": [ -0.03, -0.1, 1.2 ],
							"to": [ 0.12, 0.7, 1.3 ],
							"uv": [ 1.0, 5.5 ],
							"rotationOrigin": [ 0.0, 0.0, 1.2 ],
							"faces": {
								"north": { "texture": "#belcourtspectacles", "uv": [ 1.0, 6.0, 1.5, 6.5 ] },
								"south": { "texture": "#belcourtspectacles", "uv": [ 1.5, 6.0, 2.0, 6.5 ] },
								"west": { "texture": "#belcourtspectacles", "uv": [ 2.0, 6.0, 2.5, 6.5 ] },
								"up": { "texture": "#belcourtspectacles", "uv": [ 1.0, 5.5, 1.5, 6.0 ] },
								"down": { "texture": "#belcourtspectacles", "uv": [ 1.5, 5.5, 2.0, 6.0 ] }
							}
						},
						{
							"name": "Frame-L4",
							"from": [ -0.03, 0.6, 0.0 ],
							"to": [ 0.12, 0.7, 1.2 ],
							"uv": [ 1.0, 6.5 ],
							"rotationOrigin": [ 0.0, 0.7, 0.0 ],
							"faces": {
								"west": { "texture": "#belcourtspectacles", "uv": [ 1.0, 7.5, 2.0, 8.0 ] },
								"up": { "texture": "#belcourtspectacles", "uv": [ 1.0, 6.5, 1.5, 7.5 ] },
								"down": { "texture": "#belcourtspectacles", "uv": [ 1.5, 6.5, 2.0, 7.5 ] }
							}
						}
					]
				},
				{
					"name": "Face-R",
					"from": [ 0.0, -0.05, -2.2 ],
					"to": [ 0.1, 0.15, -1.4 ],
					"uv": [ 0.0, 1.0 ],
					"rotationOrigin": [ 0.0, 0.05, -2.1 ],
					"faces": {
						"north": { "texture": "#belcourtspectacles", "uv": [ 0.0, 1.5, 0.5, 2.0 ] },
						"west": { "texture": "#belcourtspectacles", "uv": [ 0.5, 1.5, 1.0, 2.0 ] },
						"up": { "texture": "#belcourtspectacles", "uv": [ 0.0, 1.0, 0.5, 1.5 ] },
						"down": { "texture": "#belcourtspectacles", "uv": [ 0.5, 1.0, 1.0, 1.5 ] }
					},
					"children": [
						{
							"name": "Ear-R",
							"from": [ 0.1, 0.0, 0.0 ],
							"to": [ 4.1, 0.2, 0.1 ],
							"uv": [ 0.0, 0.0 ],
							"rotationOrigin": [ 0.1, 0.0, 0.0 ],
							"faces": {
								"north": { "texture": "#belcourtspectacles", "uv": [ 0.0, 0.5, 4.0, 1.0 ] },
								"east": { "texture": "#belcourtspectacles", "uv": [ 4.0, 0.5, 4.5, 1.0 ] },
								"up": { "texture": "#belcourtspectacles", "uv": [ 0.0, 0.0, 4.0, 0.5 ] },
								"down": { "texture": "#belcourtspectacles", "uv": [ 4.0, 0.0, 8.0, 0.5 ] }
							}
						}
					]
				},
				{
					"name": "Face-L",
					"from": [ -0.0059, -0.05, 2.2 ],
					"to": [ 0.0941, 0.15, 3.0 ],
					"uv": [ 0.0, 5.5 ],
					"rotationOrigin": [ 0.0, -0.05, 2.3 ],
					"faces": {
						"south": { "texture": "#belcourtspectacles", "uv": [ 0.0, 6.0, 0.5, 6.5 ], "windMode": [-1,-1,-1,-1] },
						"west": { "texture": "#belcourtspectacles", "uv": [ 0.5, 6.0, 1.0, 6.5 ] },
						"up": { "texture": "#belcourtspectacles", "uv": [ 0.0, 5.5, 0.5, 6.0 ] },
						"down": { "texture": "#belcourtspectacles", "uv": [ 0.5, 5.5, 1.0, 6.0 ] }
					},
					"children": [
						{
							"name": "Ear-L",
							"from": [ 0.1, 0.0, 0.7 ],
							"to": [ 4.1, 0.2, 0.8 ],
							"uv": [ 0.0, 4.5 ],
							"rotationOrigin": [ 0.1, 0.0, 0.7 ],
							"faces": {
								"east": { "texture": "#belcourtspectacles", "uv": [ 0.0, 5.0, 0.5, 5.5 ] },
								"south": { "texture": "#belcourtspectacles", "uv": [ 0.5, 5.0, 4.5, 5.5 ] },
								"up": { "texture": "#belcourtspectacles", "uv": [ 0.0, 4.5, 4.0, 5.0 ] },
								"down": { "texture": "#belcourtspectacles", "uv": [ 4.0, 4.5, 8.0, 5.0 ] }
							}
						}
					]
				}
			]
		}
	]}