{
	"editor": {
		"backDropShape": "entity/humanoid/seraph-hairless",
		"collapsedPaths": "",
		"allAngles": false,
		"entityTextureMode": false
	},
	"textureWidth": 16,
	"textureHeight": 16,
	"textureSizes": {
		"Cigar": [20,20],
		"cigarette-texture": [20,20]
	},
	"textures": {
		"cigarette-texture": "item/cigarette-texture"
	},
	"elements": [
		{
			"name": "Ciggie",
			"stepParentName": "Head",
			"from": [ -1.2, 0.6, 1.8 ],
			"to": [ 0.0, 0.8, 2.0 ],
			"rotationOrigin": [ -1.2, 0.5, 1.8 ],
			"rotationY": -5.0,
			"rotationZ": 5.0,
			"faces": {
				"north": { "texture": "#cigarette-texture", "uv": [ 5.0, 2.5, 20.0, 5.0 ], "autoUv": false, "windMode": [-1,-1,-1,-1], "windData": [1,1,1,1] },
				"east": { "texture": "#cigarette-texture", "uv": [ 0.0, 0.0, 0.5, 0.5 ] },
				"south": { "texture": "#cigarette-texture", "uv": [ 2.5, 0.0, 17.5, 2.5 ], "autoUv": false, "windMode": [-1,-1,-1,-1], "windData": [1,1,1,1] },
				"west": { "texture": "#cigarette-texture", "uv": [ 0.0, 0.0, 0.5, 0.5 ] },
				"up": { "texture": "#cigarette-texture", "uv": [ 0.0, 0.0, 15.0, 2.5 ], "autoUv": false, "windMode": [-1,-1,-1,-1], "windData": [1,1,1,1] },
				"down": { "texture": "#cigarette-texture", "uv": [ 2.0, 6.5, 17.0, 9.0 ], "autoUv": false, "windMode": [-1,-1,-1,-1], "windData": [1,1,1,1] }
			},
			"children": [
				{
					"name": "Ciggie End",
					"from": [ -0.05, 0.02, 0.025 ],
					"to": [ 0.0, 0.17, 0.175 ],
					"rotationOrigin": [ -0.1, 0.0, 0.0 ],
					"faces": {
						"north": { "texture": "#cigarette-texture", "uv": [ 19.0, 17.5, 18.0, 20.0 ], "autoUv": false, "windMode": [-1,-1,-1,-1], "windData": [1,1,1,1] },
						"east": { "texture": "#cigarette-texture", "uv": [ 15.5, 19.0, 16.0, 19.5 ] },
						"south": { "texture": "#cigarette-texture", "uv": [ 18.5, 17.5, 19.5, 20.0 ], "autoUv": false, "windMode": [-1,-1,-1,-1], "windData": [1,1,1,1] },
						"west": { "texture": "#cigarette-texture", "uv": [ 20.0, 20.0, 17.5, 17.5 ], "autoUv": false, "windMode": [-1,-1,-1,-1], "windData": [1,1,1,1] },
						"up": { "texture": "#cigarette-texture", "uv": [ 18.5, 17.5, 17.5, 20.0 ], "autoUv": false, "windMode": [-1,-1,-1,-1], "windData": [1,1,1,1] },
						"down": { "texture": "#cigarette-texture", "uv": [ 19.5, 17.5, 18.5, 20.0 ], "autoUv": false, "windMode": [-1,-1,-1,-1], "windData": [1,1,1,1] }
					}
				}
			]
		}
	]}