{
	"editor": {
		"backDropShape": "entity/humanoid/seraph-hairless",
		"collapsedPaths": "Root/Base/Buckle,Root/bandN/toothR1,Root/hidehat/Brim,Root/bandN/toothL1,Root/Brim/Band 1,Root/Band 1",
		"allAngles": true,
		"entityTextureMode": true
	},
	"textureWidth": 20,
	"textureHeight": 20,
	"textureSizes": {
		"raccoon-hat": [32,32],
		"plain": [16,16],
		"black": [16,16],
		"copper": [16,16],
		"cowboyhat1": [16,16],
		"cowboyhatopen": [20,20],
		"cowboyhatopen1": [20,20]
	},
	"textures": {
		"cowboyhatopen": "item/cowboyhatopen"
	},
	"elements": [
		{
			"name": "Brim Main",
			"stepParentName": "Head",
			"from": [ -2.85, 3.9, -3.0 ],
			"to": [ 8.65, 3.95, 8.0 ],
			"autoUnwrap": false,
			"uv": [ -3.0, 0.0 ],
			"rotationOrigin": [ 2.3364, 32.7491, 1.4 ],
			"faces": {
				"north": { "texture": "#cowboyhatopen", "uv": [ 0.0, 11.0, 11.5, 11.5 ] },
				"east": { "texture": "#cowboyhatopen", "uv": [ 0.0, 11.0, 11.0, 11.5 ] },
				"south": { "texture": "#cowboyhatopen", "uv": [ 0.0, 11.0, 11.5, 11.5 ] },
				"west": { "texture": "#cowboyhatopen", "uv": [ 0.0, 11.0, 11.0, 11.5 ] },
				"up": { "texture": "#cowboyhatopen", "uv": [ 0.0, 0.0, 11.5, 11.0 ] },
				"down": { "texture": "#cowboyhatopen", "uv": [ 0.0, 0.0, 11.5, 11.0 ] }
			},
			"children": [
				{
					"name": "Crown Base 1",
					"from": [ 2.2, 0.0, 2.0 ],
					"to": [ 9.2, 1.6, 9.0 ],
					"unwrapMode": 4,
					"autoUnwrap": false,
					"uv": [ 0.5, 11.0 ],
					"rotationOrigin": [ 2.2, 0.0, 2.0 ],
					"faces": {
						"north": { "texture": "#cowboyhatopen", "uv": [ 11.5, 5.5, 18.5, 7.0 ] },
						"east": { "texture": "#cowboyhatopen", "uv": [ 11.5, 1.0, 18.5, 2.5 ] },
						"south": { "texture": "#cowboyhatopen", "uv": [ 11.5, 2.5, 18.5, 4.0 ] },
						"west": { "texture": "#cowboyhatopen", "uv": [ 11.5, 4.0, 18.5, 5.5 ] },
						"up": { "texture": "#cowboyhatopen", "uv": [ 11.5, 0.0, 18.5, 7.0 ], "rotation": 90 }
					},
					"children": [
						{
							"name": "Crown Base 2",
							"from": [ 0.4993, 1.6, 0.5 ],
							"to": [ 6.4993, 2.7, 6.5 ],
							"unwrapMode": 4,
							"autoUnwrap": false,
							"uv": [ 3.5, 10.5 ],
							"rotationOrigin": [ 4.4957, 1.5971, 2.9 ],
							"faces": {
								"north": { "texture": "#cowboyhatopen", "uv": [ 0.5, 2.0, 6.5, 3.0 ] },
								"east": { "texture": "#cowboyhatopen", "uv": [ 0.5, 5.0, 6.5, 6.0 ] },
								"south": { "texture": "#cowboyhatopen", "uv": [ 0.5, 4.0, 6.5, 5.0 ] },
								"west": { "texture": "#cowboyhatopen", "uv": [ 0.5, 3.0, 6.5, 4.0 ] },
								"up": { "texture": "#cowboyhatopen", "uv": [ 0.5, 0.5, 6.5, 6.5 ], "rotation": 90 }
							},
							"children": [
								{
									"name": "Crown Base 3",
									"from": [ 0.54, 1.1, 0.55 ],
									"to": [ 5.54, 1.9, 5.55 ],
									"unwrapMode": 4,
									"autoUnwrap": false,
									"uv": [ 9.5, 13.5 ],
									"rotationOrigin": [ 4.4964, 1.1002, 2.9 ],
									"faces": {
										"north": { "texture": "#cowboyhatopen", "uv": [ 11.5, 3.0, 16.5, 3.5 ] },
										"east": { "texture": "#cowboyhatopen", "uv": [ 11.5, 4.5, 16.5, 5.0 ] },
										"south": { "texture": "#cowboyhatopen", "uv": [ 11.5, 4.0, 16.5, 4.5 ] },
										"west": { "texture": "#cowboyhatopen", "uv": [ 11.5, 3.5, 16.5, 4.0 ] },
										"up": { "texture": "#cowboyhatopen", "uv": [ 11.5, 0.0, 16.5, 5.0 ], "rotation": 90 }
									}
								}
							]
						}
					]
				},
				{
					"name": "Brim W",
					"from": [ -1.0, 0.0, 1.0 ],
					"to": [ 0.0, 0.05, 10.0 ],
					"autoUnwrap": false,
					"uv": [ 2.0, 11.5 ],
					"rotationOrigin": [ -1.0, 0.0, 1.0 ],
					"faces": {
						"north": { "texture": "#cowboyhatopen", "uv": [ 7.0, 11.0, 8.0, 11.5 ] },
						"east": { "texture": "#cowboyhatopen", "uv": [ 0.0, 11.0, 9.0, 11.5 ] },
						"south": { "texture": "#cowboyhatopen", "uv": [ 3.5, 11.0, 4.5, 11.5 ] },
						"west": { "texture": "#cowboyhatopen", "uv": [ 2.5, 11.0, 11.5, 11.5 ] },
						"up": { "texture": "#cowboyhatopen", "uv": [ 15.5, 7.5, 16.5, 16.5 ] },
						"down": { "texture": "#cowboyhatopen", "uv": [ 15.5, 7.5, 16.5, 16.5 ], "rotation": 180 }
					}
				},
				{
					"name": "Brim N",
					"from": [ 1.0, 0.0, -1.0 ],
					"to": [ 10.49, 0.05, 0.0 ],
					"autoUnwrap": false,
					"uv": [ 2.5, 16.5 ],
					"rotationOrigin": [ 1.0, 0.0, -1.0 ],
					"faces": {
						"north": { "texture": "#cowboyhatopen", "uv": [ 0.0, 11.0, 9.0, 11.5 ] },
						"east": { "texture": "#cowboyhatopen", "uv": [ 2.5, 11.0, 3.5, 11.5 ] },
						"south": { "texture": "#cowboyhatopen", "uv": [ 2.5, 11.0, 11.5, 11.5 ] },
						"west": { "texture": "#cowboyhatopen", "uv": [ 8.0, 11.0, 9.0, 11.5 ] },
						"up": { "texture": "#cowboyhatopen", "uv": [ 11.0, 16.5, 20.0, 17.5 ] },
						"down": { "texture": "#cowboyhatopen", "uv": [ 11.0, 16.5, 20.0, 17.5 ] }
					}
				},
				{
					"name": "Brim E",
					"from": [ 11.5, 0.0, 1.0 ],
					"to": [ 12.5, 0.05, 10.0 ],
					"autoUnwrap": false,
					"uv": [ 7.0, 12.0 ],
					"rotationOrigin": [ 11.5, 0.0, 1.0 ],
					"faces": {
						"north": { "texture": "#cowboyhatopen", "uv": [ 6.0, 11.0, 7.0, 11.5 ] },
						"east": { "texture": "#cowboyhatopen", "uv": [ 0.0, 11.0, 9.0, 11.5 ] },
						"south": { "texture": "#cowboyhatopen", "uv": [ 5.0, 11.0, 6.0, 11.5 ] },
						"west": { "texture": "#cowboyhatopen", "uv": [ 2.5, 11.0, 11.5, 11.5 ] },
						"up": { "texture": "#cowboyhatopen", "uv": [ 16.5, 7.5, 17.5, 16.5 ] },
						"down": { "texture": "#cowboyhatopen", "uv": [ 16.5, 7.5, 17.5, 16.5 ], "rotation": 180 }
					}
				},
				{
					"name": "Brim S",
					"from": [ 1.0, 0.0, 11.0 ],
					"to": [ 10.49, 0.05, 12.0 ],
					"autoUnwrap": false,
					"uv": [ 2.5, 14.5 ],
					"rotationOrigin": [ 1.0, 0.0, 11.0 ],
					"faces": {
						"north": { "texture": "#cowboyhatopen", "uv": [ 0.0, 11.0, 9.0, 11.5 ] },
						"east": { "texture": "#cowboyhatopen", "uv": [ 1.5, 11.0, 2.5, 11.5 ] },
						"south": { "texture": "#cowboyhatopen", "uv": [ 2.5, 11.0, 11.5, 11.5 ] },
						"west": { "texture": "#cowboyhatopen", "uv": [ 9.0, 11.0, 10.0, 11.5 ] },
						"up": { "texture": "#cowboyhatopen", "uv": [ 11.0, 17.5, 20.0, 18.5 ] },
						"down": { "texture": "#cowboyhatopen", "uv": [ 11.0, 17.5, 20.0, 18.5 ] }
					}
				},
				{
					"name": "Band Main",
					"from": [ 2.18, 0.05, 1.98 ],
					"to": [ 9.22, 0.3, 9.02 ],
					"autoUnwrap": false,
					"uv": [ 0.0, 11.5 ],
					"rotationOrigin": [ 2.1, 0.1, 1.9 ],
					"faces": {
						"north": { "texture": "#cowboyhatopen", "uv": [ 7.0, 12.0, 14.0, 12.5 ] },
						"east": { "texture": "#cowboyhatopen", "uv": [ 7.0, 11.5, 14.0, 12.0 ] },
						"south": { "texture": "#cowboyhatopen", "uv": [ 7.0, 12.5, 14.0, 13.0 ] },
						"west": { "texture": "#cowboyhatopen", "uv": [ 7.0, 13.0, 14.0, 13.5 ] },
						"up": { "texture": "#cowboyhatopen", "uv": [ 0.0, 11.5, 7.0, 18.5 ] },
						"down": { "texture": "#cowboyhatopen", "uv": [ 0.0, 11.5, 7.0, 18.5 ] }
					},
					"children": [
						{
							"name": "Buckle",
							"from": [ 3.27, 0.0, -0.07 ],
							"to": [ 3.77, 0.27, 0.08 ],
							"uv": [ 7.5, 16.0 ],
							"rotationOrigin": [ 3.02, -0.05, -0.97 ],
							"faces": {
								"north": { "texture": "#cowboyhatopen", "uv": [ 7.5, 16.5, 8.0, 17.0 ] },
								"east": { "texture": "#cowboyhatopen", "uv": [ 8.0, 16.5, 8.5, 17.0 ] },
								"south": { "texture": "#cowboyhatopen", "uv": [ 8.5, 16.5, 9.0, 17.0 ] },
								"west": { "texture": "#cowboyhatopen", "uv": [ 9.0, 16.5, 9.5, 17.0 ] },
								"up": { "texture": "#cowboyhatopen", "uv": [ 7.5, 16.0, 8.0, 16.5 ] },
								"down": { "texture": "#cowboyhatopen", "uv": [ 8.0, 16.0, 8.5, 16.5 ] }
							},
							"children": [
								{
									"name": "Band Ext E",
									"from": [ 0.3, 0.0, 0.0 ],
									"to": [ 2.3, 0.25, 0.02 ],
									"uv": [ 7.0, 14.5 ],
									"rotationOrigin": [ 0.75, -0.05, -0.9 ],
									"rotationY": 8.0,
									"faces": {
										"north": { "texture": "#cowboyhatopen", "uv": [ 7.0, 15.0, 9.0, 15.5 ] },
										"east": { "texture": "#cowboyhatopen", "uv": [ 9.0, 15.0, 9.5, 15.5 ] },
										"south": { "texture": "#cowboyhatopen", "uv": [ 9.5, 15.0, 11.5, 15.5 ] },
										"west": { "texture": "#cowboyhatopen", "uv": [ 11.5, 15.0, 12.0, 15.5 ] },
										"up": { "texture": "#cowboyhatopen", "uv": [ 7.0, 14.5, 9.0, 15.0 ] },
										"down": { "texture": "#cowboyhatopen", "uv": [ 9.0, 14.5, 11.0, 15.0 ] }
									}
								},
								{
									"name": "Band Ext W",
									"from": [ -1.75, 0.0, -0.15 ],
									"to": [ 0.25, 0.25, -0.13 ],
									"uv": [ 7.0, 13.5 ],
									"rotationOrigin": [ -1.25, -0.05, -0.9 ],
									"rotationY": -8.0,
									"faces": {
										"north": { "texture": "#cowboyhatopen", "uv": [ 7.0, 14.0, 9.0, 14.5 ] },
										"east": { "texture": "#cowboyhatopen", "uv": [ 9.0, 14.0, 9.5, 14.5 ] },
										"south": { "texture": "#cowboyhatopen", "uv": [ 9.5, 14.0, 11.5, 14.5 ] },
										"west": { "texture": "#cowboyhatopen", "uv": [ 11.5, 14.0, 12.0, 14.5 ] },
										"up": { "texture": "#cowboyhatopen", "uv": [ 7.0, 13.5, 9.0, 14.0 ] },
										"down": { "texture": "#cowboyhatopen", "uv": [ 9.0, 13.5, 11.0, 14.0 ] }
									}
								}
							]
						}
					]
				}
			]
		}
	]}