{
	"editor": {
		"backDropShape": "F:/Games/Vintagestory/assets/game/shapes/entity/humanoid/seraph-hairless",
		"collapsedPaths": "Root/Base/Buckle,Root/Brim Main/Brim W/Brim Lip NW,Root/Brim Main/Crown Base 1/Hat Band,Root/Brim Main/Brim W/Brim Lip SW,Root/Brim Main/Brim W/Brim Lip W SW1,Root/Brim Main/Brim W,Root/Band 1,Root/Brim Main/Brim W/Brim Lip W NW1,Root/Brim Main/Brim N,Root/Crown Base 1,Root/bandN/toothR1,Root/Brim Main/Brim S,Root/hidehat/Brim,Root/bandN/toothL1,Root/Brim Main/Brim E,Root/Brim Main/Crown Base 1",
		"allAngles": true,
		"entityTextureMode": true
	},
	"textureWidth": 20,
	"textureHeight": 20,
	"textureSizes": {
		"raccoon-hat": [32,32],
		"plain": [16,16],
		"black": [16,16],
		"copper": [16,16],
		"Derby2": [20,20],
		"Derby1": [20,20],
		"derby1": [20,20]
	},
	"textures": {
		"derby1": "item/derby1"
	},
	"elements": [
		{
			"name": "Brim Main",
			"stepParentName": "Head",
			"from": [ -0.95, 3.7, -1.2 ],
			"to": [ 6.45, 3.8, 6.2 ],
			"autoUnwrap": false,
			"uv": [ -1.5, 0.5 ],
			"rotationOrigin": [ -0.9, 3.7, -1.2 ],
			"faces": {
				"north": { "texture": "#derby1", "uv": [ 0.0, 7.0, 7.0, 7.5 ] },
				"east": { "texture": "#derby1", "uv": [ 5.5, 7.5, 12.5, 8.0 ] },
				"south": { "texture": "#derby1", "uv": [ 7.0, 7.0, 14.0, 7.5 ] },
				"west": { "texture": "#derby1", "uv": [ 7.0, 7.5, 14.0, 8.0 ] },
				"up": { "texture": "#derby1", "uv": [ 0.0, 0.0, 7.0, 7.0 ] },
				"down": { "texture": "#derby1", "uv": [ 7.0, 0.5, 14.0, 7.5 ] }
			},
			"children": [
				{
					"name": "Brim W",
					"from": [ -0.4, 0.0, 0.5 ],
					"to": [ 0.0, 0.1, 6.9 ],
					"uv": [ 0.0, 0.0 ],
					"faces": {
						"north": { "texture": "#derby1", "uv": [ 0.0, 6.0, 0.5, 6.5 ] },
						"east": { "texture": "#derby1", "uv": [ 0.5, 6.0, 6.5, 6.5 ] },
						"south": { "texture": "#derby1", "uv": [ 6.5, 6.0, 7.0, 6.5 ] },
						"west": { "texture": "#derby1", "uv": [ 7.0, 6.0, 13.0, 6.5 ] },
						"up": { "texture": "#derby1", "uv": [ 0.0, 0.0, 0.5, 6.0 ] },
						"down": { "texture": "#derby1", "uv": [ 0.5, 0.0, 1.0, 6.0 ] }
					},
					"children": [
						{
							"name": "Brim Lip W",
							"from": [ 0.0, 0.0, 0.0 ],
							"to": [ 0.35, 0.1, 6.4 ],
							"uv": [ 0.0, 0.0 ],
							"rotationOrigin": [ 0.0, 0.0, 0.0 ],
							"rotationZ": 90.0,
							"faces": {
								"north": { "texture": "#derby1", "uv": [ 0.0, 6.0, 0.5, 6.5 ] },
								"east": { "texture": "#derby1", "uv": [ 0.5, 6.0, 6.5, 6.5 ] },
								"south": { "texture": "#derby1", "uv": [ 6.5, 6.0, 7.0, 6.5 ] },
								"west": { "texture": "#derby1", "uv": [ 7.0, 6.0, 13.0, 6.5 ] },
								"up": { "texture": "#derby1", "uv": [ 0.0, 0.0, 0.5, 6.0 ] },
								"down": { "texture": "#derby1", "uv": [ 0.5, 0.0, 1.0, 6.0 ] }
							},
							"children": [
								{
									"name": "Brim Lip W NW1",
									"from": [ 0.0, 0.1, -0.1 ],
									"to": [ 0.35, 0.2, 0.4 ],
									"uv": [ 0.0, 0.0 ],
									"rotationOrigin": [ 0.0, 0.1, -0.1 ],
									"rotationX": 90.0,
									"faces": {
										"north": { "texture": "#derby1", "uv": [ 0.0, 0.5, 0.5, 1.0 ] },
										"east": { "texture": "#derby1", "uv": [ 0.5, 0.5, 1.0, 1.0 ] },
										"south": { "texture": "#derby1", "uv": [ 1.0, 0.5, 1.5, 1.0 ] },
										"west": { "texture": "#derby1", "uv": [ 1.5, 0.5, 2.0, 1.0 ] },
										"up": { "texture": "#derby1", "uv": [ 0.0, 0.0, 0.5, 0.5 ] },
										"down": { "texture": "#derby1", "uv": [ 0.5, 0.0, 1.0, 0.5 ] }
									},
									"children": [
										{
											"name": "Brim Lip W NW2",
											"from": [ 0.0, 0.0, 0.4 ],
											"to": [ 0.35, 0.1, 0.9 ],
											"uv": [ 0.0, 0.0 ],
											"rotationOrigin": [ 0.0, 0.0, 0.4 ],
											"rotationX": 90.0,
											"faces": {
												"north": { "texture": "#derby1", "uv": [ 0.0, 0.5, 0.5, 1.0 ] },
												"east": { "texture": "#derby1", "uv": [ 0.5, 0.5, 1.0, 1.0 ] },
												"south": { "texture": "#derby1", "uv": [ 1.0, 0.5, 1.5, 1.0 ] },
												"west": { "texture": "#derby1", "uv": [ 1.5, 0.5, 2.0, 1.0 ] },
												"up": { "texture": "#derby1", "uv": [ 0.0, 0.0, 0.5, 0.5 ] },
												"down": { "texture": "#derby1", "uv": [ 0.5, 0.0, 1.0, 0.5 ] }
											}
										}
									]
								},
								{
									"name": "Brim Lip W SW1",
									"from": [ 0.0, 0.1, 6.4 ],
									"to": [ 0.35, 0.2, 6.9 ],
									"uv": [ 0.0, 0.0 ],
									"rotationOrigin": [ 0.0, 0.1, 6.4 ],
									"rotationX": 90.0,
									"faces": {
										"north": { "texture": "#derby1", "uv": [ 0.0, 0.5, 0.5, 1.0 ] },
										"east": { "texture": "#derby1", "uv": [ 0.5, 0.5, 1.0, 1.0 ] },
										"south": { "texture": "#derby1", "uv": [ 1.0, 0.5, 1.5, 1.0 ] },
										"west": { "texture": "#derby1", "uv": [ 1.5, 0.5, 2.0, 1.0 ] },
										"up": { "texture": "#derby1", "uv": [ 0.0, 0.0, 0.5, 0.5 ] },
										"down": { "texture": "#derby1", "uv": [ 0.5, 0.0, 1.0, 0.5 ] }
									},
									"children": [
										{
											"name": "Brim Lip W SW2",
											"from": [ 0.0, 0.1, 0.5 ],
											"to": [ 0.35, 0.2, 1.0 ],
											"uv": [ 0.0, 0.0 ],
											"rotationOrigin": [ 0.0, 0.1, 0.5 ],
											"rotationX": -90.0,
											"faces": {
												"north": { "texture": "#derby1", "uv": [ 0.0, 0.5, 0.5, 1.0 ] },
												"east": { "texture": "#derby1", "uv": [ 0.5, 0.5, 1.0, 1.0 ] },
												"south": { "texture": "#derby1", "uv": [ 1.0, 0.5, 1.5, 1.0 ] },
												"west": { "texture": "#derby1", "uv": [ 1.5, 0.5, 2.0, 1.0 ] },
												"up": { "texture": "#derby1", "uv": [ 0.0, 0.0, 0.5, 0.5 ] },
												"down": { "texture": "#derby1", "uv": [ 0.5, 0.0, 1.0, 0.5 ] }
											}
										}
									]
								}
							]
						}
					]
				},
				{
					"name": "Brim N",
					"from": [ 0.5, 0.0, -0.4 ],
					"to": [ 6.9, 0.1, 0.0 ],
					"uv": [ 0.0, 0.0 ],
					"rotationOrigin": [ 0.3923, 0.0055, -0.4 ],
					"faces": {
						"north": { "texture": "#derby1", "uv": [ 0.0, 0.5, 6.0, 1.0 ] },
						"east": { "texture": "#derby1", "uv": [ 6.0, 0.5, 6.5, 1.0 ] },
						"south": { "texture": "#derby1", "uv": [ 6.5, 0.5, 12.5, 1.0 ] },
						"west": { "texture": "#derby1", "uv": [ 12.5, 0.5, 13.0, 1.0 ] },
						"up": { "texture": "#derby1", "uv": [ 0.0, 0.0, 6.0, 0.5 ] },
						"down": { "texture": "#derby1", "uv": [ 6.0, 0.0, 12.0, 0.5 ] }
					},
					"children": [
						{
							"name": "Brim Lip N",
							"from": [ 0.0, 0.0, 0.0 ],
							"to": [ 6.4, 0.1, 0.35 ],
							"uv": [ 0.0, 0.0 ],
							"rotationOrigin": [ 0.0, 0.0, 0.0 ],
							"rotationX": -90.0,
							"faces": {
								"north": { "texture": "#derby1", "uv": [ 0.0, 0.5, 6.0, 1.0 ] },
								"east": { "texture": "#derby1", "uv": [ 6.0, 0.5, 6.5, 1.0 ] },
								"south": { "texture": "#derby1", "uv": [ 6.5, 0.5, 12.5, 1.0 ] },
								"west": { "texture": "#derby1", "uv": [ 12.5, 0.5, 13.0, 1.0 ] },
								"up": { "texture": "#derby1", "uv": [ 0.0, 0.0, 6.0, 0.5 ] },
								"down": { "texture": "#derby1", "uv": [ 6.0, 0.0, 12.0, 0.5 ] }
							},
							"children": [
								{
									"name": "Brim Lip N NW1",
									"from": [ -0.1, 0.1, 0.0 ],
									"to": [ 0.3, 0.2, 0.35 ],
									"uv": [ 0.0, 0.0 ],
									"rotationOrigin": [ -0.1, 0.1, 0.0 ],
									"rotationZ": -90.0,
									"faces": {
										"north": { "texture": "#derby1", "uv": [ 0.0, 0.5, 0.5, 1.0 ] },
										"east": { "texture": "#derby1", "uv": [ 0.5, 0.5, 1.0, 1.0 ] },
										"south": { "texture": "#derby1", "uv": [ 1.0, 0.5, 1.5, 1.0 ] },
										"west": { "texture": "#derby1", "uv": [ 1.5, 0.5, 2.0, 1.0 ] },
										"up": { "texture": "#derby1", "uv": [ 0.0, 0.0, 0.5, 0.5 ] },
										"down": { "texture": "#derby1", "uv": [ 0.5, 0.0, 1.0, 0.5 ] }
									},
									"children": [
										{
											"name": "Brim Lip N NW2",
											"from": [ 0.4, 0.1, 0.0 ],
											"to": [ 0.9, 0.2, 0.35 ],
											"uv": [ 0.0, 0.0 ],
											"rotationOrigin": [ 0.4, 0.1, 0.0 ],
											"rotationZ": -90.0,
											"faces": {
												"north": { "texture": "#derby1", "uv": [ 0.0, 0.5, 0.5, 1.0 ] },
												"east": { "texture": "#derby1", "uv": [ 0.5, 0.5, 1.0, 1.0 ] },
												"south": { "texture": "#derby1", "uv": [ 1.0, 0.5, 1.5, 1.0 ] },
												"west": { "texture": "#derby1", "uv": [ 1.5, 0.5, 2.0, 1.0 ] },
												"up": { "texture": "#derby1", "uv": [ 0.0, 0.0, 0.5, 0.5 ] },
												"down": { "texture": "#derby1", "uv": [ 0.5, 0.0, 1.0, 0.5 ] }
											}
										}
									]
								},
								{
									"name": "Brim Lip N NE1",
									"from": [ 6.4, 0.1, 0.0 ],
									"to": [ 6.8, 0.2, 0.35 ],
									"uv": [ 0.0, 0.0 ],
									"rotationOrigin": [ 6.4, 0.1, 0.0 ],
									"rotationZ": -90.0,
									"faces": {
										"north": { "texture": "#derby1", "uv": [ 0.0, 0.5, 0.5, 1.0 ] },
										"east": { "texture": "#derby1", "uv": [ 0.5, 0.5, 1.0, 1.0 ] },
										"south": { "texture": "#derby1", "uv": [ 1.0, 0.5, 1.5, 1.0 ] },
										"west": { "texture": "#derby1", "uv": [ 1.5, 0.5, 2.0, 1.0 ] },
										"up": { "texture": "#derby1", "uv": [ 0.0, 0.0, 0.5, 0.5 ] },
										"down": { "texture": "#derby1", "uv": [ 0.5, 0.0, 1.0, 0.5 ] }
									},
									"children": [
										{
											"name": "Brim Lip N NE2",
											"from": [ 0.4, 0.5, 0.0 ],
											"to": [ 0.9, 0.6, 0.35 ],
											"uv": [ 0.0, 0.0 ],
											"rotationOrigin": [ 0.4, 0.5, 0.0 ],
											"rotationZ": -90.0,
											"faces": {
												"north": { "texture": "#derby1", "uv": [ 0.0, 0.5, 0.5, 1.0 ] },
												"east": { "texture": "#derby1", "uv": [ 0.5, 0.5, 1.0, 1.0 ] },
												"south": { "texture": "#derby1", "uv": [ 1.0, 0.5, 1.5, 1.0 ] },
												"west": { "texture": "#derby1", "uv": [ 1.5, 0.5, 2.0, 1.0 ] },
												"up": { "texture": "#derby1", "uv": [ 0.0, 0.0, 0.5, 0.5 ] },
												"down": { "texture": "#derby1", "uv": [ 0.5, 0.0, 1.0, 0.5 ] }
											}
										}
									]
								}
							]
						}
					]
				},
				{
					"name": "Brim S",
					"from": [ 0.5, 0.0, 7.4 ],
					"to": [ 6.9, 0.1, 7.8 ],
					"uv": [ 0.0, 0.0 ],
					"rotationOrigin": [ 0.3923, 0.0055, 7.4 ],
					"faces": {
						"north": { "texture": "#derby1", "uv": [ 0.0, 0.5, 6.0, 1.0 ] },
						"east": { "texture": "#derby1", "uv": [ 6.0, 0.5, 6.5, 1.0 ] },
						"south": { "texture": "#derby1", "uv": [ 6.5, 0.5, 12.5, 1.0 ] },
						"west": { "texture": "#derby1", "uv": [ 12.5, 0.5, 13.0, 1.0 ] },
						"up": { "texture": "#derby1", "uv": [ 0.0, 0.0, 6.0, 0.5 ] },
						"down": { "texture": "#derby1", "uv": [ 6.0, 0.0, 12.0, 0.5 ] }
					},
					"children": [
						{
							"name": "Brim Lip S",
							"from": [ 0.0, 0.0, 0.5 ],
							"to": [ 6.4, 0.1, 0.85 ],
							"uv": [ 0.0, 0.0 ],
							"rotationOrigin": [ 0.0, 0.0, 0.5 ],
							"rotationX": -90.0,
							"faces": {
								"north": { "texture": "#derby1", "uv": [ 0.0, 0.5, 6.0, 1.0 ] },
								"east": { "texture": "#derby1", "uv": [ 6.0, 0.5, 6.5, 1.0 ] },
								"south": { "texture": "#derby1", "uv": [ 6.5, 0.5, 12.5, 1.0 ] },
								"west": { "texture": "#derby1", "uv": [ 12.5, 0.5, 13.0, 1.0 ] },
								"up": { "texture": "#derby1", "uv": [ 0.0, 0.0, 6.0, 0.5 ] },
								"down": { "texture": "#derby1", "uv": [ 6.0, 0.0, 12.0, 0.5 ] }
							},
							"children": [
								{
									"name": "Brim Lip S SW1",
									"from": [ 0.0, 0.0, 0.0 ],
									"to": [ 0.4, 0.1, 0.35 ],
									"uv": [ 0.0, 0.0 ],
									"rotationOrigin": [ 0.0, 0.0, 0.0 ],
									"rotationZ": 90.0,
									"faces": {
										"north": { "texture": "#derby1", "uv": [ 0.0, 0.5, 0.5, 1.0 ] },
										"east": { "texture": "#derby1", "uv": [ 0.5, 0.5, 1.0, 1.0 ] },
										"south": { "texture": "#derby1", "uv": [ 1.0, 0.5, 1.5, 1.0 ] },
										"west": { "texture": "#derby1", "uv": [ 1.5, 0.5, 2.0, 1.0 ] },
										"up": { "texture": "#derby1", "uv": [ 0.0, 0.0, 0.5, 0.5 ] },
										"down": { "texture": "#derby1", "uv": [ 0.5, 0.0, 1.0, 0.5 ] }
									},
									"children": [
										{
											"name": "Brim Lip S SW2",
											"from": [ 0.5, 0.0, 0.0 ],
											"to": [ 1.0, 0.1, 0.35 ],
											"uv": [ 0.0, 0.0 ],
											"rotationOrigin": [ 0.5, 0.0, 0.0 ],
											"rotationZ": 90.0,
											"faces": {
												"north": { "texture": "#derby1", "uv": [ 0.0, 0.5, 0.5, 1.0 ] },
												"east": { "texture": "#derby1", "uv": [ 0.5, 0.5, 1.0, 1.0 ] },
												"south": { "texture": "#derby1", "uv": [ 1.0, 0.5, 1.5, 1.0 ] },
												"west": { "texture": "#derby1", "uv": [ 1.5, 0.5, 2.0, 1.0 ] },
												"up": { "texture": "#derby1", "uv": [ 0.0, 0.0, 0.5, 0.5 ] },
												"down": { "texture": "#derby1", "uv": [ 0.5, 0.0, 1.0, 0.5 ] }
											}
										}
									]
								},
								{
									"name": "Brim Lip S SE1",
									"from": [ 6.5, 0.0, 0.0 ],
									"to": [ 6.9, 0.1, 0.35 ],
									"uv": [ 0.0, 0.0 ],
									"rotationOrigin": [ 6.5, 0.0, 0.0 ],
									"rotationZ": 90.0,
									"faces": {
										"north": { "texture": "#derby1", "uv": [ 0.0, 0.5, 0.5, 1.0 ] },
										"east": { "texture": "#derby1", "uv": [ 0.5, 0.5, 1.0, 1.0 ] },
										"south": { "texture": "#derby1", "uv": [ 1.0, 0.5, 1.5, 1.0 ] },
										"west": { "texture": "#derby1", "uv": [ 1.5, 0.5, 2.0, 1.0 ] },
										"up": { "texture": "#derby1", "uv": [ 0.0, 0.0, 0.5, 0.5 ] },
										"down": { "texture": "#derby1", "uv": [ 0.5, 0.0, 1.0, 0.5 ] }
									},
									"children": [
										{
											"name": "Brim Lip S SE2",
											"from": [ 0.5, -0.4, 0.0 ],
											"to": [ 1.0, -0.3, 0.35 ],
											"uv": [ 0.0, 0.0 ],
											"rotationOrigin": [ 0.5, -0.4, 0.0 ],
											"rotationZ": 90.0,
											"faces": {
												"north": { "texture": "#derby1", "uv": [ 0.0, 0.5, 0.5, 1.0 ] },
												"east": { "texture": "#derby1", "uv": [ 0.5, 0.5, 1.0, 1.0 ] },
												"south": { "texture": "#derby1", "uv": [ 1.0, 0.5, 1.5, 1.0 ] },
												"west": { "texture": "#derby1", "uv": [ 1.5, 0.5, 2.0, 1.0 ] },
												"up": { "texture": "#derby1", "uv": [ 0.0, 0.0, 0.5, 0.5 ] },
												"down": { "texture": "#derby1", "uv": [ 0.5, 0.0, 1.0, 0.5 ] }
											}
										}
									]
								}
							]
						}
					]
				},
				{
					"name": "Brim E",
					"from": [ 7.4, 0.0, 0.5 ],
					"to": [ 7.8, 0.1, 6.9 ],
					"uv": [ 0.0, 0.0 ],
					"rotationOrigin": [ 7.2923, 0.0055, 0.5 ],
					"faces": {
						"north": { "texture": "#derby1", "uv": [ 0.0, 6.0, 0.5, 6.5 ] },
						"east": { "texture": "#derby1", "uv": [ 0.5, 6.0, 6.5, 6.5 ] },
						"south": { "texture": "#derby1", "uv": [ 6.5, 6.0, 7.0, 6.5 ] },
						"west": { "texture": "#derby1", "uv": [ 7.0, 6.0, 13.0, 6.5 ] },
						"up": { "texture": "#derby1", "uv": [ 0.0, 0.0, 0.5, 6.0 ] },
						"down": { "texture": "#derby1", "uv": [ 0.5, 0.0, 1.0, 6.0 ] }
					},
					"children": [
						{
							"name": "Brim Lip E",
							"from": [ 0.5, 0.0, 0.0 ],
							"to": [ 0.85, 0.1, 6.4 ],
							"uv": [ 0.0, 0.0 ],
							"rotationOrigin": [ 0.5, 0.0, 0.0 ],
							"rotationZ": 90.0,
							"faces": {
								"north": { "texture": "#derby1", "uv": [ 0.0, 6.0, 0.5, 6.5 ] },
								"east": { "texture": "#derby1", "uv": [ 0.5, 6.0, 6.5, 6.5 ] },
								"south": { "texture": "#derby1", "uv": [ 6.5, 6.0, 7.0, 6.5 ] },
								"west": { "texture": "#derby1", "uv": [ 7.0, 6.0, 13.0, 6.5 ] },
								"up": { "texture": "#derby1", "uv": [ 0.0, 0.0, 0.5, 6.0 ] },
								"down": { "texture": "#derby1", "uv": [ 0.5, 0.0, 1.0, 6.0 ] }
							},
							"children": [
								{
									"name": "Brim Lip E SE1",
									"from": [ 0.0, 0.0, 6.5 ],
									"to": [ 0.35, 0.1, 6.9 ],
									"uv": [ 0.0, 0.0 ],
									"rotationOrigin": [ 0.0, 0.0, 6.5 ],
									"rotationX": -90.0,
									"faces": {
										"north": { "texture": "#derby1", "uv": [ 0.0, 0.5, 0.5, 1.0 ] },
										"east": { "texture": "#derby1", "uv": [ 0.5, 0.5, 1.0, 1.0 ] },
										"south": { "texture": "#derby1", "uv": [ 1.0, 0.5, 1.5, 1.0 ] },
										"west": { "texture": "#derby1", "uv": [ 1.5, 0.5, 2.0, 1.0 ] },
										"up": { "texture": "#derby1", "uv": [ 0.0, 0.0, 0.5, 0.5 ] },
										"down": { "texture": "#derby1", "uv": [ 0.5, 0.0, 1.0, 0.5 ] }
									},
									"children": [
										{
											"name": "Brim Lip E SE2",
											"from": [ 0.0, 0.1, 0.4 ],
											"to": [ 0.35, 0.2, 1.0 ],
											"uv": [ 0.0, 0.0 ],
											"rotationOrigin": [ 0.0, 0.1, 0.4 ],
											"rotationX": 90.0,
											"faces": {
												"north": { "texture": "#derby1", "uv": [ 0.0, 0.5, 0.5, 1.0 ] },
												"east": { "texture": "#derby1", "uv": [ 0.5, 0.5, 1.0, 1.0 ] },
												"south": { "texture": "#derby1", "uv": [ 1.0, 0.5, 1.5, 1.0 ] },
												"west": { "texture": "#derby1", "uv": [ 1.5, 0.5, 2.0, 1.0 ] },
												"up": { "texture": "#derby1", "uv": [ 0.0, 0.0, 0.5, 0.5 ] },
												"down": { "texture": "#derby1", "uv": [ 0.5, 0.0, 1.0, 0.5 ] }
											}
										}
									]
								},
								{
									"name": "Brim Lip E NE1",
									"from": [ 0.0, 0.0, 0.0 ],
									"to": [ 0.35, 0.1, 0.4 ],
									"uv": [ 0.0, 0.0 ],
									"rotationOrigin": [ 0.0, 0.0, 0.0 ],
									"rotationX": -90.0,
									"faces": {
										"north": { "texture": "#derby1", "uv": [ 0.0, 0.5, 0.5, 1.0 ] },
										"east": { "texture": "#derby1", "uv": [ 0.5, 0.5, 1.0, 1.0 ] },
										"south": { "texture": "#derby1", "uv": [ 1.0, 0.5, 1.5, 1.0 ] },
										"west": { "texture": "#derby1", "uv": [ 1.5, 0.5, 2.0, 1.0 ] },
										"up": { "texture": "#derby1", "uv": [ 0.0, 0.0, 0.5, 0.5 ] },
										"down": { "texture": "#derby1", "uv": [ 0.5, 0.0, 1.0, 0.5 ] }
									},
									"children": [
										{
											"name": "Brim Lip E NE2",
											"from": [ 0.0, 0.6, 0.4 ],
											"to": [ 0.35, 0.7, 1.0 ],
											"uv": [ 0.0, 0.0 ],
											"rotationOrigin": [ 0.0, 0.6, 0.4 ],
											"rotationX": 90.0,
											"faces": {
												"north": { "texture": "#derby1", "uv": [ 0.0, 0.5, 0.5, 1.0 ] },
												"east": { "texture": "#derby1", "uv": [ 0.5, 0.5, 1.0, 1.0 ] },
												"south": { "texture": "#derby1", "uv": [ 1.0, 0.5, 1.5, 1.0 ] },
												"west": { "texture": "#derby1", "uv": [ 1.5, 0.5, 2.0, 1.0 ] },
												"up": { "texture": "#derby1", "uv": [ 0.0, 0.0, 0.5, 0.5 ] },
												"down": { "texture": "#derby1", "uv": [ 0.5, 0.0, 1.0, 0.5 ] }
											}
										}
									]
								}
							]
						}
					]
				},
				{
					"name": "Crown Base 1",
					"from": [ 0.6, 0.0775, 0.6 ],
					"to": [ 6.8, 1.8775, 6.8 ],
					"unwrapMode": 4,
					"autoUnwrap": false,
					"uv": [ -5.5, 6.5 ],
					"rotationOrigin": [ 4.5901, 0.0746, 3.05 ],
					"faces": {
						"north": { "texture": "#derby1", "uv": [ 0.0, 12.0, 6.0, 14.0 ], "autoUv": false },
						"east": { "texture": "#derby1", "uv": [ 18.0, 8.0, 20.0, 14.0 ], "rotation": 270, "autoUv": false },
						"south": { "texture": "#derby1", "uv": [ 0.0, 10.0, 6.0, 12.0 ], "autoUv": false },
						"west": { "texture": "#derby1", "uv": [ 16.0, 8.0, 18.0, 14.0 ], "rotation": 270, "autoUv": false },
						"up": { "texture": "#derby1", "uv": [ 7.0, 13.0, 13.0, 19.0 ], "rotation": 90 }
					},
					"children": [
						{
							"name": "Crown Base 2",
							"from": [ 0.4993, 1.8, 0.5 ],
							"to": [ 5.4993, 2.5, 5.5 ],
							"unwrapMode": 4,
							"autoUnwrap": false,
							"uv": [ -3.0, 9.0 ],
							"rotationOrigin": [ 4.4957, 1.7971, 2.9 ],
							"faces": {
								"north": { "texture": "#derby1", "uv": [ 18.5, 8.5, 19.5, 13.5 ], "rotation": 270, "autoUv": false },
								"east": { "texture": "#derby1", "uv": [ 0.5, 12.5, 5.5, 13.5 ], "autoUv": false },
								"south": { "texture": "#derby1", "uv": [ 16.5, 8.5, 17.5, 13.5 ], "rotation": 270, "autoUv": false },
								"west": { "texture": "#derby1", "uv": [ 0.5, 10.5, 5.5, 11.5 ], "autoUv": false },
								"up": { "texture": "#derby1", "uv": [ 7.5, 13.5, 12.5, 18.5 ], "rotation": 90 }
							},
							"children": [
								{
									"name": "Crown Base 3",
									"from": [ 0.54, 0.7, 0.55 ],
									"to": [ 4.54, 1.2, 4.55 ],
									"unwrapMode": 4,
									"autoUnwrap": false,
									"uv": [ -0.5, 10.5 ],
									"rotationOrigin": [ 4.4964, 0.7002, 2.9 ],
									"faces": {
										"north": { "texture": "#derby1", "uv": [ 18.5, 9.0, 19.5, 13.0 ], "rotation": 90, "autoUv": false },
										"east": { "texture": "#derby1", "uv": [ 1.0, 10.5, 5.0, 11.5 ], "autoUv": false },
										"south": { "texture": "#derby1", "uv": [ 16.5, 9.0, 17.5, 13.0 ], "rotation": 90, "autoUv": false },
										"west": { "texture": "#derby1", "uv": [ 1.0, 12.5, 5.0, 13.5 ], "autoUv": false },
										"up": { "texture": "#derby1", "uv": [ 8.0, 14.0, 12.0, 18.0 ], "rotation": 90 }
									}
								}
							]
						},
						{
							"name": "Hat Band",
							"from": [ -0.02, 0.0, -0.02 ],
							"to": [ 6.22, 0.5, 6.22 ],
							"autoUnwrap": false,
							"uv": [ 0.0, 13.5 ],
							"rotationOrigin": [ -0.1, 0.0, -0.1 ],
							"faces": {
								"north": { "texture": "#derby1", "uv": [ 0.0, 19.5, 6.0, 20.0 ] },
								"east": { "texture": "#derby1", "uv": [ 6.0, 19.5, 12.0, 20.0 ] },
								"south": { "texture": "#derby1", "uv": [ 14.0, 19.5, 20.0, 20.0 ] },
								"west": { "texture": "#derby1", "uv": [ 14.0, 19.0, 20.0, 19.5 ] },
								"up": { "texture": "#derby1", "uv": [ 0.0, 14.0, 6.0, 20.0 ] },
								"down": { "texture": "#derby1", "uv": [ 14.0, 14.0, 20.0, 20.0 ] }
							},
							"children": [
								{
									"name": "Buckle",
									"from": [ 2.6693, 0.0269, -0.08 ],
									"to": [ 3.3693, 0.5269, 0.07 ],
									"uv": [ 8.5, 19.0 ],
									"rotationOrigin": [ 1.9193, 0.0269, -0.98 ],
									"faces": {
										"north": { "texture": "#derby1", "uv": [ 8.5, 19.5, 9.0, 20.0 ] },
										"east": { "texture": "#derby1", "uv": [ 9.0, 19.5, 9.5, 20.0 ] },
										"south": { "texture": "#derby1", "uv": [ 9.5, 19.5, 10.0, 20.0 ] },
										"west": { "texture": "#derby1", "uv": [ 10.0, 19.5, 10.5, 20.0 ] },
										"up": { "texture": "#derby1", "uv": [ 8.5, 19.0, 9.0, 19.5 ] },
										"down": { "texture": "#derby1", "uv": [ 9.0, 19.0, 9.5, 19.5 ] }
									},
									"children": [
										{
											"name": "Band 1 ext",
											"from": [ 0.3, 0.0, 0.03 ],
											"to": [ 2.1, 0.48, 0.13 ],
											"uv": [ 1.5, 19.0 ],
											"rotationOrigin": [ 0.75, 0.0, -0.8 ],
											"rotationY": -3.0,
											"faces": {
												"north": { "texture": "#derby1", "uv": [ 1.5, 19.5, 3.0, 20.0 ] },
												"east": { "texture": "#derby1", "uv": [ 3.0, 19.5, 3.5, 20.0 ] },
												"south": { "texture": "#derby1", "uv": [ 3.5, 19.5, 5.0, 20.0 ] },
												"west": { "texture": "#derby1", "uv": [ 5.0, 19.5, 5.5, 20.0 ] },
												"up": { "texture": "#derby1", "uv": [ 1.5, 19.0, 3.0, 19.5 ] },
												"down": { "texture": "#derby1", "uv": [ 3.0, 19.0, 4.5, 19.5 ] }
											}
										},
										{
											"name": "Band 1 ext2",
											"from": [ -1.75, 0.0, 0.09 ],
											"to": [ 0.05, 0.48, 0.19 ],
											"uv": [ 12.0, 19.0 ],
											"rotationOrigin": [ -1.25, 0.0, -0.8 ],
											"rotationY": 3.0,
											"faces": {
												"north": { "texture": "#derby1", "uv": [ 12.0, 19.5, 13.5, 20.0 ] },
												"east": { "texture": "#derby1", "uv": [ 13.5, 19.5, 14.0, 20.0 ] },
												"south": { "texture": "#derby1", "uv": [ 14.0, 19.5, 15.5, 20.0 ] },
												"west": { "texture": "#derby1", "uv": [ 15.5, 19.5, 16.0, 20.0 ] },
												"up": { "texture": "#derby1", "uv": [ 12.0, 19.0, 13.5, 19.5 ] },
												"down": { "texture": "#derby1", "uv": [ 13.5, 19.0, 15.0, 19.5 ] }
											}
										}
									]
								}
							]
						}
					]
				}
			]
		}
	]}