{
	"editor": {
		"backDropShape": "F:/Games/Vintagestory/assets/game/shapes/entity/humanoid/seraph-faceless",
		"collapsedPaths": "Root/LowerArmLorigin/LArm Fringe 1,Root/UpperTorsoOrigin/Fringe Ridge,Root/LowerArmROrigin/RArm Lower Fringe 1,Root/LowerTorsoOrigin,Root/UpperArmLorigin/LArm Upper Fringe 1,Root/UpperTorsoOrigin,Root/LowerArmLorigin/LArm Lower Fringe 1,Root/UpperTorsoOrigin/Lace 1,Root/bandN/toothR1,Root/UpperArmROrigin/RArm Upper Fringe 1,Root/bandN/toothL1,Root/UpperTorsoOrigin/Fringe Ridge/Fringe W1",
		"allAngles": true,
		"entityTextureMode": true
	},
	"textureWidth": 28,
	"textureHeight": 56,
	"textureSizes": {
		"coat": [28,56],
		"warm-robe": [28,56],
		"commoner-coat": [28,44],
		"hunter-coat": [28,44],
		"fur-coat": [28,72],
		"mountaineercoat": [28,56],
		"duster": [28,56],
		"plain": [28,56]
	},
	"textures": {
		"plain": "F:/Games/Vintagestory/Mods/AmericanFrontiersmanWesternWear_1.7.2/assets/americanfrontiersman/textures/item/canvasduster/plain"
	},
	"elements": [
		{
			"name": "UpperTorsoOrigin",
			"stepParentName": "UpperTorso",
			"from": [ -0.03, -0.03, -0.03 ],
			"to": [ 5.03, 5.03, 6.23 ],
			"unwrapMode": 4,
			"autoUnwrap": false,
			"uv": [ 10.0, 0.0 ],
			"rotationOrigin": [ 2.0, 2.0, 3.25 ],
			"faces": {
				"north": { "texture": "#plain", "uv": [ 1.0, 5.5, 6.0, 10.5 ], "windMode": [-1,-1,-1,-1], "windData": [1,1,1,1] },
				"east": { "texture": "#plain", "uv": [ 17.0, 5.5, 23.0, 10.5 ], "windMode": [-1,-1,-1,-1] },
				"south": { "texture": "#plain", "uv": [ 12.0, 5.5, 17.0, 10.5 ] },
				"west": { "texture": "#plain", "uv": [ 6.0, 5.5, 12.0, 10.5 ] },
				"up": { "texture": "#plain", "uv": [ 6.0, 0.5, 12.0, 5.5 ], "rotation": 90 },
				"down": { "texture": "#plain", "uv": [ 19.0, 31.5, 25.0, 36.5 ], "rotation": 90, "windMode": [-1,-1,-1,-1] }
			},
			"children": [
				{
					"name": "Buttons Top",
					"from": [ -0.01, 0.0, 1.3 ],
					"to": [ 0.09, 4.0, 1.8 ],
					"uv": [ 23.5, 6.5 ],
					"rotationOrigin": [ -0.1, 0.0, 1.3 ],
					"faces": {
						"west": { "texture": "#plain", "uv": [ 23.5, 6.5, 24.0, 10.5 ] }
					}
				},
				{
					"name": "Upper Torso Blackout",
					"from": [ 0.05, 0.04, 1.5 ],
					"to": [ 4.35, 5.01, 5.0 ],
					"autoUnwrap": false,
					"uv": [ 5.5, 25.0 ],
					"rotationOrigin": [ 0.1, 0.1, 1.5 ],
					"faces": {
						"north": { "texture": "#plain", "uv": [ 10.0, 22.0, 14.0, 26.5 ] },
						"east": { "texture": "#plain", "uv": [ 10.0, 22.0, 13.5, 26.5 ] },
						"south": { "texture": "#plain", "uv": [ 10.0, 22.0, 14.0, 26.5 ] },
						"west": { "texture": "#plain", "uv": [ 10.5, 22.0, 14.0, 26.5 ] },
						"up": { "texture": "#plain", "uv": [ 10.0, 22.0, 14.0, 25.5 ] },
						"down": { "texture": "#plain", "uv": [ 10.0, 22.0, 14.0, 25.5 ] }
					}
				}
			]
		},
		{
			"name": "LowerTorsoOrigin",
			"stepParentName": "LowerTorso",
			"from": [ -0.03, -0.03, -0.03 ],
			"to": [ 5.03, 5.0, 6.03 ],
			"unwrapMode": 4,
			"autoUnwrap": false,
			"uv": [ 9.0, 10.0 ],
			"rotationOrigin": [ 3.0, 3.0, 3.0 ],
			"faces": {
				"north": { "texture": "#plain", "uv": [ 1.0, 10.0, 6.0, 15.0 ] },
				"east": { "texture": "#plain", "uv": [ 17.0, 10.0, 23.0, 15.0 ] },
				"south": { "texture": "#plain", "uv": [ 12.0, 10.0, 17.0, 15.0 ] },
				"west": { "texture": "#plain", "uv": [ 6.0, 10.0, 12.0, 15.0 ] },
				"up": { "texture": "#plain", "uv": [ 19.0, 31.5, 25.0, 36.56 ], "rotation": 270, "autoUv": false, "windMode": [-1,-1,-1,-1], "windData": [1,1,1,1] },
				"down": { "texture": "#plain", "uv": [ 19.0, 31.5, 25.0, 36.5 ], "rotation": 90, "windMode": [-1,-1,-1,-1] }
			},
			"children": [
				{
					"name": "Buttons Bottom",
					"from": [ -0.01, 0.5, 1.3 ],
					"to": [ 0.09, 4.5, 1.7 ],
					"uv": [ 23.5, 10.5 ],
					"rotationOrigin": [ -0.1646, 5.0266, 1.7 ],
					"faces": {
						"west": { "texture": "#plain", "uv": [ 23.5, 10.5, 24.0, 14.5 ] }
					}
				},
				{
					"name": "Lower Torso Blackout",
					"from": [ 0.05, 0.05, 0.05 ],
					"to": [ 4.71, 4.55, 6.02 ],
					"autoUnwrap": false,
					"uv": [ 9.5, 11.0 ],
					"rotationOrigin": [ 0.1, 0.1, 0.1 ],
					"faces": {
						"north": { "texture": "#plain", "uv": [ 10.0, 22.0, 14.5, 26.5 ] },
						"east": { "texture": "#plain", "uv": [ 9.5, 22.0, 14.0, 27.5 ], "rotation": 90 },
						"south": { "texture": "#plain", "uv": [ 9.5, 22.0, 14.0, 26.5 ] },
						"west": { "texture": "#plain", "uv": [ 10.0, 22.0, 14.5, 27.5 ], "rotation": 90 },
						"up": { "texture": "#plain", "uv": [ 10.0, 22.0, 14.5, 27.5 ] },
						"down": { "texture": "#plain", "uv": [ 9.5, 22.0, 14.0, 27.5 ] }
					}
				}
			]
		},
		{
			"name": "UpperFootLorigin",
			"stepParentName": "UpperFootL",
			"from": [ -0.23, -0.03, -0.03 ],
			"to": [ 4.33, 9.03, 3.25 ],
			"unwrapMode": 3,
			"autoUnwrap": false,
			"uv": [ 15.0, 19.62 ],
			"rotationOrigin": [ 1.8, 9.0, 3.2 ],
			"faces": {
				"east": { "texture": "#plain", "uv": [ 20.0, 22.0, 23.0, 31.0 ], "windMode": [-1,-1,-1,-1] },
				"south": { "texture": "#plain", "uv": [ 16.0, 22.0, 20.5, 31.0 ], "windMode": [-1,-1,-1,-1] },
				"west": { "texture": "#plain", "uv": [ 9.0, 12.0, 12.0, 21.0 ] },
				"up": { "texture": "#plain", "uv": [ 18.5, 21.0, 23.0, 24.0 ], "windMode": [-1,-1,-1,-1], "windData": [1,1,1,1] }
			}
		},
		{
			"name": "UpperFootRorigin",
			"stepParentName": "UpperFootR",
			"from": [ -0.23, -0.03, -0.05 ],
			"to": [ 4.33, 9.03, 3.23 ],
			"unwrapMode": 1,
			"autoUnwrap": false,
			"uv": [ 1.0, 19.62 ],
			"rotationOrigin": [ 1.8, 9.0, 0.0 ],
			"faces": {
				"north": { "texture": "#plain", "uv": [ 3.5, 22.0, 8.0, 31.0 ], "windMode": [-1,-1,-1,-1], "windData": [0,1,1,0] },
				"east": { "texture": "#plain", "uv": [ 1.0, 22.0, 4.0, 31.0 ], "windMode": [-1,-1,-1,-1] },
				"west": { "texture": "#plain", "uv": [ 6.0, 12.0, 9.0, 21.0 ], "windMode": [-1,-1,-1,-1] },
				"up": { "texture": "#plain", "uv": [ 1.0, 21.0, 5.5, 24.0 ], "rotation": 180, "windMode": [-1,-1,-1,-1], "windData": [1,1,1,1] }
			}
		},
		{
			"name": "UpperArmROrigin",
			"stepParentName": "UpperArmR",
			"from": [ -0.03, -0.03, -0.03 ],
			"to": [ 3.03, 7.03, 2.03 ],
			"unwrapMode": 1,
			"autoUnwrap": false,
			"uv": [ 8.0, 21.0 ],
			"rotationOrigin": [ 1.5, 7.0, 1.0 ],
			"faces": {
				"north": { "texture": "#plain", "uv": [ 4.0, 37.0, 7.0, 44.0 ] },
				"east": { "texture": "#plain", "uv": [ 2.0, 37.0, 4.0, 44.0 ] },
				"south": { "texture": "#plain", "uv": [ 9.0, 37.0, 12.0, 44.0 ] },
				"west": { "texture": "#plain", "uv": [ 7.0, 37.0, 9.0, 44.0 ] },
				"up": { "texture": "#plain", "uv": [ 7.0, 34.0, 9.0, 37.0 ], "rotation": 90, "windMode": [-1,-1,-1,-1] },
				"down": { "texture": "#plain", "uv": [ 10.0, 33.5, 12.0, 36.5 ], "rotation": 90, "windMode": [-1,-1,-1,-1] }
			}
		},
		{
			"name": "UpperArmLorigin",
			"stepParentName": "UpperArmL",
			"from": [ -0.03, -0.03, -0.03 ],
			"to": [ 3.03, 7.03, 2.03 ],
			"unwrapMode": 3,
			"autoUnwrap": false,
			"uv": [ 0.0, 13.0 ],
			"rotationOrigin": [ 1.5, 6.9, 1.0 ],
			"faces": {
				"north": { "texture": "#plain", "uv": [ 13.0, 37.0, 16.0, 44.0 ] },
				"east": { "texture": "#plain", "uv": [ 21.0, 37.0, 23.0, 44.0 ], "windMode": [-1,-1,-1,-1] },
				"south": { "texture": "#plain", "uv": [ 18.0, 37.0, 21.0, 44.0 ], "windMode": [-1,-1,-1,-1] },
				"west": { "texture": "#plain", "uv": [ 16.0, 37.0, 18.0, 44.0 ] },
				"up": { "texture": "#plain", "uv": [ 16.0, 34.0, 18.0, 37.0 ], "rotation": 90, "windMode": [-1,-1,-1,-1] },
				"down": { "texture": "#plain", "uv": [ 13.0, 33.5, 15.0, 36.5 ], "rotation": 90, "windMode": [-1,-1,-1,-1] }
			}
		},
		{
			"name": "LowerArmROrigin",
			"stepParentName": "LowerArmR",
			"from": [ -0.03, -0.03, -0.03 ],
			"to": [ 2.53, 8.03, 2.03 ],
			"unwrapMode": 1,
			"autoUnwrap": false,
			"uv": [ 0.0, 0.0 ],
			"rotationOrigin": [ 1.3, 7.8, 1.0 ],
			"faces": {
				"north": { "texture": "#plain", "uv": [ 4.5, 44.0, 7.0, 52.0 ] },
				"east": { "texture": "#plain", "uv": [ 2.0, 44.0, 4.0, 52.0 ] },
				"south": { "texture": "#plain", "uv": [ 9.0, 44.0, 11.5, 52.0 ] },
				"west": { "texture": "#plain", "uv": [ 7.0, 44.0, 9.0, 52.0 ] },
				"up": { "texture": "#plain", "uv": [ 10.0, 34.0, 12.0, 36.5 ], "rotation": 90, "windMode": [-1,-1,-1,-1] },
				"down": { "texture": "#plain", "uv": [ 7.0, 52.0, 9.0, 54.5 ], "rotation": 90, "windMode": [-1,-1,-1,-1] }
			},
			"children": [
				{
					"name": "LowerArmR Blackout",
					"from": [ 0.04, 1.54, 0.04 ],
					"to": [ 2.54, 2.54, 2.02 ],
					"autoUnwrap": false,
					"uv": [ 8.5, 28.0 ],
					"rotationOrigin": [ 0.0, 1.6, 0.1 ],
					"faces": {
						"north": { "texture": "#plain", "uv": [ 9.5, 25.5, 12.0, 26.5 ] },
						"east": { "texture": "#plain", "uv": [ 9.5, 26.5, 11.0, 27.5 ] },
						"south": { "texture": "#plain", "uv": [ 10.5, 26.5, 13.0, 27.5 ] },
						"west": { "texture": "#plain", "uv": [ 13.0, 26.5, 14.5, 27.5 ] },
						"up": { "texture": "#plain", "uv": [ 12.0, 25.0, 14.5, 26.5 ] },
						"down": { "texture": "#plain", "uv": [ 9.5, 25.0, 12.0, 26.5 ] }
					}
				}
			]
		},
		{
			"name": "LowerArmLorigin",
			"stepParentName": "LowerArmL",
			"from": [ -0.03, -0.03, -0.03 ],
			"to": [ 2.53, 8.03, 2.03 ],
			"unwrapMode": 3,
			"autoUnwrap": false,
			"uv": [ 0.0, 8.0 ],
			"rotationOrigin": [ 1.3, 7.8, 1.0 ],
			"faces": {
				"north": { "texture": "#plain", "uv": [ 13.5, 44.0, 16.0, 52.0 ] },
				"east": { "texture": "#plain", "uv": [ 21.0, 44.0, 23.0, 52.0 ], "windMode": [-1,-1,-1,-1] },
				"south": { "texture": "#plain", "uv": [ 18.0, 44.0, 20.5, 52.0 ] },
				"west": { "texture": "#plain", "uv": [ 16.0, 44.0, 18.0, 52.0 ] },
				"up": { "texture": "#plain", "uv": [ 13.0, 34.0, 15.0, 36.5 ], "rotation": 90, "windMode": [-1,-1,-1,-1] },
				"down": { "texture": "#plain", "uv": [ 16.0, 52.0, 18.0, 54.5 ], "rotation": 90, "windMode": [-1,-1,-1,-1] }
			},
			"children": [
				{
					"name": "LowerArmL Blackout",
					"from": [ 0.04, 1.54, 0.04 ],
					"to": [ 2.54, 2.54, 2.02 ],
					"autoUnwrap": false,
					"uv": [ 8.5, 28.0 ],
					"rotationOrigin": [ 0.04, 1.54, 0.04 ],
					"faces": {
						"north": { "texture": "#plain", "uv": [ 9.5, 25.5, 12.0, 26.5 ] },
						"east": { "texture": "#plain", "uv": [ 9.5, 26.5, 11.0, 27.5 ] },
						"south": { "texture": "#plain", "uv": [ 10.5, 26.5, 13.0, 27.5 ] },
						"west": { "texture": "#plain", "uv": [ 13.0, 26.5, 14.5, 27.5 ] },
						"up": { "texture": "#plain", "uv": [ 12.0, 25.0, 14.5, 26.5 ] },
						"down": { "texture": "#plain", "uv": [ 9.5, 25.0, 12.0, 26.5 ] }
					}
				}
			]
		},
		{
			"name": "Collar",
			"stepParentName": "Neck",
			"from": [ -0.15, 0.0, -0.05 ],
			"to": [ 3.05, 1.7, 3.05 ],
			"autoUnwrap": false,
			"uv": [ 12.5, 0.5 ],
			"rotationOrigin": [ -0.2, 0.0, -0.1 ],
			"faces": {
				"north": { "texture": "#plain", "uv": [ 18.0, 3.5, 21.0, 5.0 ] },
				"east": { "texture": "#plain", "uv": [ 15.5, 3.5, 18.5, 5.0 ] },
				"south": { "texture": "#plain", "uv": [ 12.5, 3.5, 16.0, 5.0 ], "autoUv": false }
			}
		}
	]}