{
	"editor": {
		"backDropShape": "entity/humanoid/seraph-faceless",
		"collapsedPaths": ",Root/Left Glove",
		"allAngles": false,
		"entityTextureMode": true
	},
	"textureWidth": 8,
	"textureHeight": 12,
	"textureSizes": {
		"plain": [16,16],
		"Fringe Gloves Base": [16,24],
		"fringegloves": [16,24],
		"nonfringegloves": [16,24]
	},
	"textures": {
		"nonfringegloves": "item/nonfringegloves"
	},
	"elements": [
		{
			"name": "Right Glove",
			"stepParentName": "LowerArmR",
			"from": [ -0.05, -0.05, -0.05 ],
			"to": [ 2.55, 2.45, 2.05 ],
			"unwrapMode": 4,
			"uv": [ 0.0, 0.0 ],
			"rotationOrigin": [ -0.1, -0.1, -3.1 ],
			"faces": {
				"north": { "texture": "#nonfringegloves", "uv": [ 0.0, 2.5, 2.5, 5.0 ] },
				"east": { "texture": "#nonfringegloves", "uv": [ 7.0, 2.5, 9.0, 5.0 ] },
				"south": { "texture": "#nonfringegloves", "uv": [ 4.5, 2.5, 7.0, 5.0 ] },
				"west": { "texture": "#nonfringegloves", "uv": [ 2.5, 2.5, 4.5, 5.0 ] },
				"up": { "texture": "#nonfringegloves", "uv": [ 2.5, 0.0, 4.5, 2.5 ], "rotation": 90 },
				"down": { "texture": "#nonfringegloves", "uv": [ 2.5, 5.0, 4.5, 7.5 ], "rotation": 90 }
			},
			"children": [
				{
					"name": "RG Flare N",
					"from": [ 0.0, 2.4, 0.0 ],
					"to": [ 2.6, 2.9, 0.1 ],
					"unwrapMode": 1,
					"uv": [ 5.0, 0.5 ],
					"rotationOrigin": [ 0.0, 2.4, 0.0 ],
					"rotationX": -10.0,
					"faces": {
						"north": { "texture": "#nonfringegloves", "uv": [ 5.5, 1.0, 8.0, 1.5 ] },
						"east": { "texture": "#nonfringegloves", "uv": [ 5.0, 1.0, 5.5, 1.5 ] },
						"south": { "texture": "#nonfringegloves", "uv": [ 8.5, 1.0, 11.0, 1.5 ] },
						"west": { "texture": "#nonfringegloves", "uv": [ 8.0, 1.0, 8.5, 1.5 ] },
						"up": { "texture": "#nonfringegloves", "uv": [ 5.5, 0.5, 8.0, 1.0 ], "rotation": 180 },
						"down": { "texture": "#nonfringegloves", "uv": [ 5.5, 1.5, 8.0, 2.0 ] }
					}
				},
				{
					"name": "RG Flare S",
					"from": [ 0.0, 2.42, 2.0 ],
					"to": [ 2.6, 2.92, 2.1 ],
					"unwrapMode": 3,
					"uv": [ 5.0, 5.5 ],
					"rotationOrigin": [ 0.0, 2.4, 2.0 ],
					"rotationX": 10.0,
					"faces": {
						"north": { "texture": "#nonfringegloves", "uv": [ 8.5, 6.0, 11.0, 6.5 ] },
						"east": { "texture": "#nonfringegloves", "uv": [ 8.0, 6.0, 8.5, 6.5 ] },
						"south": { "texture": "#nonfringegloves", "uv": [ 5.5, 6.0, 8.0, 6.5 ] },
						"west": { "texture": "#nonfringegloves", "uv": [ 5.0, 6.0, 5.5, 6.5 ] },
						"up": { "texture": "#nonfringegloves", "uv": [ 5.5, 5.5, 8.0, 6.0 ] },
						"down": { "texture": "#nonfringegloves", "uv": [ 5.5, 6.5, 8.0, 7.0 ], "rotation": 180 }
					}
				},
				{
					"name": "RG Flare W",
					"from": [ 0.0, 2.4, 0.0 ],
					"to": [ 0.1, 2.9, 2.1 ],
					"unwrapMode": 4,
					"uv": [ 9.5, 2.0 ],
					"rotationOrigin": [ 0.0, 2.4, 0.0 ],
					"rotationZ": 10.0,
					"faces": {
						"north": { "texture": "#nonfringegloves", "uv": [ 9.5, 2.5, 10.0, 3.0 ] },
						"east": { "texture": "#nonfringegloves", "uv": [ 12.5, 2.5, 14.5, 3.0 ] },
						"south": { "texture": "#nonfringegloves", "uv": [ 12.0, 2.5, 12.5, 3.0 ] },
						"west": { "texture": "#nonfringegloves", "uv": [ 10.0, 2.5, 12.0, 3.0 ] },
						"up": { "texture": "#nonfringegloves", "uv": [ 10.0, 2.0, 12.0, 2.5 ], "rotation": 90 },
						"down": { "texture": "#nonfringegloves", "uv": [ 10.0, 3.0, 12.0, 3.5 ], "rotation": 90 }
					}
				},
				{
					"name": "RG Flare E",
					"from": [ 2.5, 2.42, 0.0 ],
					"to": [ 2.6, 2.92, 2.1 ],
					"unwrapMode": 2,
					"uv": [ 9.5, 4.0 ],
					"rotationOrigin": [ 2.5, 2.4, 0.0 ],
					"rotationZ": -10.0,
					"faces": {
						"north": { "texture": "#nonfringegloves", "uv": [ 12.0, 4.5, 12.5, 5.0 ] },
						"east": { "texture": "#nonfringegloves", "uv": [ 10.0, 4.5, 12.0, 5.0 ] },
						"south": { "texture": "#nonfringegloves", "uv": [ 9.5, 4.5, 10.0, 5.0 ] },
						"west": { "texture": "#nonfringegloves", "uv": [ 12.5, 4.5, 14.5, 5.0 ] },
						"up": { "texture": "#nonfringegloves", "uv": [ 10.0, 4.0, 12.0, 4.5 ], "rotation": 270 },
						"down": { "texture": "#nonfringegloves", "uv": [ 10.0, 5.0, 12.0, 5.5 ], "rotation": 270 }
					}
				},
				{
					"name": "RG Trim",
					"from": [ -0.05, 2.25, -0.05 ],
					"to": [ 2.65, 2.55, 2.15 ],
					"uv": [ 0.0, 8.0 ],
					"rotationOrigin": [ -0.1, 2.2, -0.1 ],
					"faces": {
						"north": { "texture": "#nonfringegloves", "uv": [ 0.0, 10.0, 2.5, 10.5 ] },
						"east": { "texture": "#nonfringegloves", "uv": [ 2.5, 10.0, 4.5, 10.5 ] },
						"south": { "texture": "#nonfringegloves", "uv": [ 4.5, 10.0, 7.0, 10.5 ] },
						"west": { "texture": "#nonfringegloves", "uv": [ 7.0, 10.0, 9.0, 10.5 ] },
						"up": { "texture": "#nonfringegloves", "uv": [ 0.0, 8.0, 2.5, 10.0 ] },
						"down": { "texture": "#nonfringegloves", "uv": [ 2.5, 8.0, 5.0, 10.0 ] }
					}
				}
			]
		},
		{
			"name": "Left Glove",
			"stepParentName": "LowerArmL",
			"from": [ -0.05, -0.05, -0.05 ],
			"to": [ 2.55, 2.45, 2.05 ],
			"unwrapMode": 4,
			"uv": [ 0.0, 14.0 ],
			"faces": {
				"north": { "texture": "#nonfringegloves", "uv": [ 0.0, 16.5, 2.5, 19.0 ] },
				"east": { "texture": "#nonfringegloves", "uv": [ 7.0, 16.5, 9.0, 19.0 ] },
				"south": { "texture": "#nonfringegloves", "uv": [ 4.5, 16.5, 7.0, 19.0 ] },
				"west": { "texture": "#nonfringegloves", "uv": [ 2.5, 16.5, 4.5, 19.0 ] },
				"up": { "texture": "#nonfringegloves", "uv": [ 2.5, 14.0, 4.5, 16.5 ], "rotation": 90 },
				"down": { "texture": "#nonfringegloves", "uv": [ 2.5, 19.0, 4.5, 21.5 ], "rotation": 90 }
			},
			"children": [
				{
					"name": "LG Flare W",
					"from": [ 0.0, 2.4, 0.0 ],
					"to": [ 0.1, 2.9, 2.1 ],
					"unwrapMode": 4,
					"uv": [ 9.5, 16.0 ],
					"rotationOrigin": [ 0.0, 2.4, 0.0 ],
					"rotationZ": 10.0,
					"faces": {
						"north": { "texture": "#nonfringegloves", "uv": [ 9.5, 16.5, 10.0, 17.0 ] },
						"east": { "texture": "#nonfringegloves", "uv": [ 12.5, 16.5, 14.5, 17.0 ] },
						"south": { "texture": "#nonfringegloves", "uv": [ 12.0, 16.5, 12.5, 17.0 ] },
						"west": { "texture": "#nonfringegloves", "uv": [ 10.0, 16.5, 12.0, 17.0 ] },
						"up": { "texture": "#nonfringegloves", "uv": [ 10.0, 16.0, 12.0, 16.5 ], "rotation": 90 },
						"down": { "texture": "#nonfringegloves", "uv": [ 10.0, 17.0, 12.0, 17.5 ], "rotation": 90 }
					}
				},
				{
					"name": "LG Flare E",
					"from": [ 2.5, 2.42, 0.0 ],
					"to": [ 2.6, 2.92, 2.1 ],
					"unwrapMode": 2,
					"uv": [ 9.5, 18.0 ],
					"rotationOrigin": [ 2.5, 2.4, 0.0 ],
					"rotationZ": -10.0,
					"faces": {
						"north": { "texture": "#nonfringegloves", "uv": [ 12.0, 18.5, 12.5, 19.0 ] },
						"east": { "texture": "#nonfringegloves", "uv": [ 10.0, 18.5, 12.0, 19.0 ] },
						"south": { "texture": "#nonfringegloves", "uv": [ 9.5, 18.5, 10.0, 19.0 ] },
						"west": { "texture": "#nonfringegloves", "uv": [ 12.5, 18.5, 14.5, 19.0 ] },
						"up": { "texture": "#nonfringegloves", "uv": [ 10.0, 18.0, 12.0, 18.5 ], "rotation": 270 },
						"down": { "texture": "#nonfringegloves", "uv": [ 10.0, 19.0, 12.0, 19.5 ], "rotation": 270 }
					}
				},
				{
					"name": "LG Flare S",
					"from": [ 0.0, 2.42, 2.0 ],
					"to": [ 2.6, 2.92, 2.1 ],
					"unwrapMode": 3,
					"uv": [ 5.0, 19.5 ],
					"rotationOrigin": [ 0.0, 2.4, 2.0 ],
					"rotationX": 10.0,
					"faces": {
						"north": { "texture": "#nonfringegloves", "uv": [ 8.5, 20.0, 11.0, 20.5 ] },
						"east": { "texture": "#nonfringegloves", "uv": [ 8.0, 20.0, 8.5, 20.5 ] },
						"south": { "texture": "#nonfringegloves", "uv": [ 5.5, 20.0, 8.0, 20.5 ] },
						"west": { "texture": "#nonfringegloves", "uv": [ 5.0, 20.0, 5.5, 20.5 ] },
						"up": { "texture": "#nonfringegloves", "uv": [ 5.5, 19.5, 8.0, 20.0 ] },
						"down": { "texture": "#nonfringegloves", "uv": [ 5.5, 20.5, 8.0, 21.0 ], "rotation": 180 }
					}
				},
				{
					"name": "LG Flare N",
					"from": [ 0.0, 2.4, 0.0 ],
					"to": [ 2.6, 2.9, 0.1 ],
					"unwrapMode": 1,
					"uv": [ 5.0, 14.5 ],
					"rotationOrigin": [ 0.0, 2.4, 0.0 ],
					"rotationX": -10.0,
					"faces": {
						"north": { "texture": "#nonfringegloves", "uv": [ 5.5, 15.0, 8.0, 15.5 ] },
						"east": { "texture": "#nonfringegloves", "uv": [ 5.0, 15.0, 5.5, 15.5 ] },
						"south": { "texture": "#nonfringegloves", "uv": [ 8.5, 15.0, 11.0, 15.5 ] },
						"west": { "texture": "#nonfringegloves", "uv": [ 8.0, 15.0, 8.5, 15.5 ] },
						"up": { "texture": "#nonfringegloves", "uv": [ 5.5, 14.5, 8.0, 15.0 ], "rotation": 180 },
						"down": { "texture": "#nonfringegloves", "uv": [ 5.5, 15.5, 8.0, 16.0 ] }
					}
				},
				{
					"name": "LG Trim",
					"from": [ -0.05, 2.25, -0.05 ],
					"to": [ 2.65, 2.55, 2.15 ],
					"uv": [ 0.0, 11.0 ],
					"faces": {
						"north": { "texture": "#nonfringegloves", "uv": [ 0.0, 13.0, 2.5, 13.5 ] },
						"east": { "texture": "#nonfringegloves", "uv": [ 2.5, 13.0, 4.5, 13.5 ] },
						"south": { "texture": "#nonfringegloves", "uv": [ 4.5, 13.0, 7.0, 13.5 ] },
						"west": { "texture": "#nonfringegloves", "uv": [ 7.0, 13.0, 9.0, 13.5 ] },
						"up": { "texture": "#nonfringegloves", "uv": [ 0.0, 11.0, 2.5, 13.0 ] },
						"down": { "texture": "#nonfringegloves", "uv": [ 2.5, 11.0, 5.0, 13.0 ] }
					}
				}
			]
		}
	]}