{
	"editor": {
		"allAngles": true,
		"entityTextureMode": false
	},
	"textureWidth": 16,
	"textureHeight": 16,
	"textureSizes": {
		"string": [16,16],
		"wood-generic": [16,16]
	},
	"textures": {
		"string": "F:/Games/Vintagestory/assets/survival/textures/block/cloth/burlap/string",
		"wood-generic": "F:/Games/Vintagestory/assets/survival/textures/block/wood-generic"
	},
	"elements": [
		{
			"name": "origin",
			"from": [ 8.0, 0.0, 8.0 ],
			"to": [ 8.0, 0.0, 8.0 ],
			"rotationOrigin": [ 8.0, 0.0, 8.0 ],
			"faces": {
			},
			"children": [
				{
					"name": "spool-bottom",
					"from": [ -1.5, 0.0, -1.5 ],
					"to": [ 1.5, 0.5, 1.5 ],
					"rotationOrigin": [ 0.0, 0.0, 0.0 ],
					"rotationY": 125.0,
					"faces": {
						"north": { "texture": "#wood-generic", "uv": [ 1.0, 6.0, 4.0, 6.5 ] },
						"east": { "texture": "#wood-generic", "uv": [ 6.0, 1.0, 9.0, 1.5 ] },
						"south": { "texture": "#wood-generic", "uv": [ 11.0, 12.5, 14.0, 13.0 ] },
						"west": { "texture": "#wood-generic", "uv": [ 5.0, 13.5, 8.0, 14.0 ] },
						"up": { "texture": "#wood-generic", "uv": [ 2.0, 10.5, 5.0, 13.5 ] },
						"down": { "texture": "#wood-generic", "uv": [ 6.5, 3.0, 9.5, 6.0 ] }
					},
					"children": [
						{
							"name": "spool-twine",
							"from": [ 0.3, 0.5, 0.3 ],
							"to": [ 2.7, 3.5, 2.7 ],
							"rotationOrigin": [ 1.5, 1.5, 1.4 ],
							"faces": {
								"north": { "texture": "#string", "uv": [ 8.5, 10.0, 11.5, 12.0 ], "rotation": 90 },
								"east": { "texture": "#string", "uv": [ 10.0, 0.0, 13.0, 2.0 ], "rotation": 90 },
								"south": { "texture": "#string", "uv": [ 2.0, 6.5, 5.0, 8.5 ], "rotation": 90 },
								"west": { "texture": "#string", "uv": [ 12.0, 3.5, 15.0, 5.5 ], "rotation": 90 }
							}
						},
						{
							"name": "spool-top",
							"from": [ 0.0, 3.0, 0.0 ],
							"to": [ 3.0, 3.5, 3.0 ],
							"rotationOrigin": [ 1.5, 3.0, 1.5 ],
							"faces": {
								"north": { "texture": "#wood-generic", "uv": [ 8.5, 5.0, 11.5, 5.5 ] },
								"east": { "texture": "#wood-generic", "uv": [ 9.0, 1.5, 12.0, 2.0 ] },
								"south": { "texture": "#wood-generic", "uv": [ 12.0, 14.0, 15.0, 14.5 ] },
								"west": { "texture": "#wood-generic", "uv": [ 2.0, 2.5, 5.0, 3.0 ] },
								"up": { "texture": "#wood-generic", "uv": [ 0.0, 1.0, 3.0, 4.0 ] },
								"down": { "texture": "#wood-generic", "uv": [ 10.5, 9.0, 13.5, 12.0 ] }
							}
						},
						{
							"name": "needle",
							"from": [ 0.1, -0.5, 0.7 ],
							"to": [ 0.5, 4.5, 1.1 ],
							"rotationOrigin": [ 0.3, 2.0, 0.9 ],
							"rotationY": 42.0,
							"rotationZ": 50.0,
							"faces": {
								"north": { "texture": "#wood-generic", "uv": [ 3.0, 5.5, 3.5, 10.5 ] },
								"east": { "texture": "#wood-generic", "uv": [ 7.0, 1.0, 7.5, 6.0 ] },
								"south": { "texture": "#wood-generic", "uv": [ 9.5, 3.0, 10.0, 8.0 ] },
								"west": { "texture": "#wood-generic", "uv": [ 2.0, 6.0, 2.5, 11.0 ] },
								"up": { "texture": "#wood-generic", "uv": [ 0.5, 3.5, 1.0, 4.0 ] },
								"down": { "texture": "#wood-generic", "uv": [ 2.0, 0.0, 2.5, 0.5 ] }
							}
						}
					]
				}
			]
		}
	]}