{
	"editor": {
		"backDropShape": "F:/Games/Vintagestory/assets/game/shapes/entity/humanoid/seraph-hairless",
		"collapsedPaths": "Root/Suspender Front Bottom S/Knot S1,Root/Suspender Front S,Root/Suspender Rear Bottom S/Knot S3,Root/Suspender Front Bottom S,Root/Suspender Bottom Rear2,Root/Suspender Bottom Rear3,Root/Suspender Rear Bottom N,Root/Suspender Front Bottom N,Root/Suspender Front N,Root/Suspender Front Bottom N/Knot N1,Root/Suspender Bottom Rear,Root/Suspender Rear Bottom S",
		"allAngles": true,
		"entityTextureMode": true
	},
	"textureWidth": 20,
	"textureHeight": 20,
	"textureSizes": {
		"suspenders": [20,20],
		"suspendersleather": [20,20],
		"suspenders linen": [20,20],
		"ropedcloth": [16,16]
	},
	"textures": {
		"ropedcloth": "F:/Games/Vintagestory/assets/survival/textures/block/cloth/ropedcloth"
	},
	"elements": [
		{
			"name": "Suspender Front N",
			"stepParentName": "UpperTorso",
			"from": [ -0.2, -0.05, 1.0 ],
			"to": [ 0.2, 5.0, 1.4 ],
			"uv": [ 14.0, 0.0 ],
			"rotationOrigin": [ -0.3, 0.0, 1.0 ],
			"faces": {
				"north": { "texture": "#ropedcloth", "uv": [ 14.0, 0.5, 14.5, 5.5 ] },
				"east": { "texture": "#ropedcloth", "uv": [ 14.5, 0.5, 15.0, 5.5 ] },
				"south": { "texture": "#ropedcloth", "uv": [ 15.0, 0.5, 15.5, 5.5 ] },
				"west": { "texture": "#ropedcloth", "uv": [ 15.5, 0.5, 16.0, 5.5 ] },
				"up": { "texture": "#ropedcloth", "uv": [ 14.0, 0.0, 14.5, 0.5 ] },
				"down": { "texture": "#ropedcloth", "uv": [ 14.5, 0.0, 15.0, 0.5 ] }
			},
			"children": [
				{
					"name": "Suspender Top N",
					"from": [ 0.0, 4.8, 0.0 ],
					"to": [ 5.4, 5.2, 0.4 ],
					"uv": [ 4.0, 0.0 ],
					"rotationOrigin": [ 0.0, 4.7, 0.0 ],
					"faces": {
						"north": { "texture": "#ropedcloth", "uv": [ 4.0, 0.5, 9.0, 1.0 ] },
						"east": { "texture": "#ropedcloth", "uv": [ 9.0, 0.5, 9.5, 1.0 ] },
						"south": { "texture": "#ropedcloth", "uv": [ 9.5, 0.5, 14.5, 1.0 ] },
						"west": { "texture": "#ropedcloth", "uv": [ 14.5, 0.5, 15.0, 1.0 ] },
						"up": { "texture": "#ropedcloth", "uv": [ 4.0, 0.0, 9.0, 0.5 ] },
						"down": { "texture": "#ropedcloth", "uv": [ 9.0, 0.0, 14.0, 0.5 ] }
					}
				},
				{
					"name": "Suspender Rear N",
					"from": [ 5.0, 0.0, 0.0 ],
					"to": [ 5.4, 4.8, 0.4 ],
					"uv": [ 12.0, 2.0 ],
					"rotationOrigin": [ 5.0, 0.0, 0.0 ],
					"faces": {
						"north": { "texture": "#ropedcloth", "uv": [ 12.0, 2.5, 12.5, 7.0 ] },
						"east": { "texture": "#ropedcloth", "uv": [ 12.5, 2.5, 13.0, 7.0 ] },
						"south": { "texture": "#ropedcloth", "uv": [ 13.0, 2.5, 13.5, 7.0 ] },
						"west": { "texture": "#ropedcloth", "uv": [ 13.5, 2.5, 14.0, 7.0 ] },
						"up": { "texture": "#ropedcloth", "uv": [ 12.0, 2.0, 12.5, 2.5 ] },
						"down": { "texture": "#ropedcloth", "uv": [ 12.5, 2.0, 13.0, 2.5 ] }
					}
				}
			]
		},
		{
			"name": "Suspender Front S",
			"stepParentName": "UpperTorso",
			"from": [ -0.2, -0.05, 4.8 ],
			"to": [ 0.2, 5.0, 5.2 ],
			"uv": [ 8.0, 2.0 ],
			"rotationOrigin": [ -0.3, -0.1, 4.8 ],
			"faces": {
				"north": { "texture": "#ropedcloth", "uv": [ 8.0, 2.5, 8.5, 7.5 ] },
				"east": { "texture": "#ropedcloth", "uv": [ 8.5, 2.5, 9.0, 7.5 ] },
				"south": { "texture": "#ropedcloth", "uv": [ 9.0, 2.5, 9.5, 7.5 ], "autoUv": false },
				"west": { "texture": "#ropedcloth", "uv": [ 9.5, 2.5, 10.0, 7.5 ] },
				"up": { "texture": "#ropedcloth", "uv": [ 8.0, 2.0, 8.5, 2.5 ] },
				"down": { "texture": "#ropedcloth", "uv": [ 8.5, 2.0, 9.0, 2.5 ] }
			},
			"children": [
				{
					"name": "Suspender Top S",
					"from": [ 0.0, 4.8, 0.0 ],
					"to": [ 5.4, 5.2, 0.4 ],
					"uv": [ 4.0, 1.0 ],
					"rotationOrigin": [ 0.0, 4.7, 0.0 ],
					"faces": {
						"north": { "texture": "#ropedcloth", "uv": [ 4.0, 1.5, 9.0, 2.0 ] },
						"east": { "texture": "#ropedcloth", "uv": [ 9.0, 1.5, 9.5, 2.0 ] },
						"south": { "texture": "#ropedcloth", "uv": [ 9.5, 1.5, 14.5, 2.0 ] },
						"west": { "texture": "#ropedcloth", "uv": [ 14.5, 1.5, 15.0, 2.0 ] },
						"up": { "texture": "#ropedcloth", "uv": [ 4.0, 1.0, 9.0, 1.5 ] },
						"down": { "texture": "#ropedcloth", "uv": [ 9.0, 1.0, 14.0, 1.5 ] }
					}
				},
				{
					"name": "Suspender Rear S",
					"from": [ 5.0, 0.0, 0.0 ],
					"to": [ 5.4, 4.8, 0.4 ],
					"uv": [ 10.0, 2.0 ],
					"rotationOrigin": [ 5.0, 0.0, 0.0 ],
					"faces": {
						"north": { "texture": "#ropedcloth", "uv": [ 10.0, 2.5, 10.5, 7.0 ] },
						"east": { "texture": "#ropedcloth", "uv": [ 10.5, 2.5, 11.0, 7.0 ] },
						"south": { "texture": "#ropedcloth", "uv": [ 11.0, 2.5, 11.5, 7.0 ] },
						"west": { "texture": "#ropedcloth", "uv": [ 11.5, 2.5, 12.0, 7.0 ] },
						"up": { "texture": "#ropedcloth", "uv": [ 10.0, 2.0, 10.5, 2.5 ] },
						"down": { "texture": "#ropedcloth", "uv": [ 10.5, 2.0, 11.0, 2.5 ] }
					}
				}
			]
		},
		{
			"name": "Suspender Front Bottom N",
			"stepParentName": "LowerTorso",
			"from": [ -0.23, 3.1, 0.9 ],
			"to": [ 0.17, 4.7, 1.3 ],
			"uv": [ 0.0, 2.0 ],
			"rotationOrigin": [ -0.23, 3.1, 0.9 ],
			"faces": {
				"north": { "texture": "#ropedcloth", "uv": [ 0.0, 2.5, 0.5, 4.0 ] },
				"east": { "texture": "#ropedcloth", "uv": [ 0.5, 2.5, 1.0, 4.0 ] },
				"south": { "texture": "#ropedcloth", "uv": [ 1.0, 2.5, 1.5, 4.0 ] },
				"west": { "texture": "#ropedcloth", "uv": [ 1.5, 2.5, 2.0, 4.0 ] },
				"up": { "texture": "#ropedcloth", "uv": [ 0.0, 2.0, 0.5, 2.5 ] },
				"down": { "texture": "#ropedcloth", "uv": [ 0.5, 2.0, 1.0, 2.5 ] }
			},
			"children": [
				{
					"name": "Knot N1",
					"from": [ 0.0, -0.2, 0.0 ],
					"to": [ 0.4, 0.2, 0.4 ],
					"uv": [ 2.0, 0.0 ],
					"rotationOrigin": [ 0.2, 0.0, 0.2 ],
					"rotationX": 45.0,
					"rotationY": 45.0,
					"rotationZ": 45.0,
					"faces": {
						"north": { "texture": "#ropedcloth", "uv": [ 2.0, 0.5, 2.5, 1.0 ] },
						"east": { "texture": "#ropedcloth", "uv": [ 2.5, 0.5, 3.0, 1.0 ] },
						"south": { "texture": "#ropedcloth", "uv": [ 3.0, 0.5, 3.5, 1.0 ] },
						"west": { "texture": "#ropedcloth", "uv": [ 3.5, 0.5, 4.0, 1.0 ] },
						"up": { "texture": "#ropedcloth", "uv": [ 2.0, 0.0, 2.5, 0.5 ] },
						"down": { "texture": "#ropedcloth", "uv": [ 2.5, 0.0, 3.0, 0.5 ] }
					},
					"children": [
						{
							"name": "Knot N2",
							"from": [ 0.0, 0.0, 0.0 ],
							"to": [ 0.4, 0.4, 0.4 ],
							"uv": [ 2.0, 1.0 ],
							"rotationOrigin": [ 0.2, 0.2, 0.2 ],
							"rotationX": -35.2644,
							"rotationY": -30.0,
							"rotationZ": -9.7356,
							"faces": {
								"north": { "texture": "#ropedcloth", "uv": [ 2.0, 1.5, 2.5, 2.0 ] },
								"east": { "texture": "#ropedcloth", "uv": [ 2.5, 1.5, 3.0, 2.0 ] },
								"south": { "texture": "#ropedcloth", "uv": [ 3.0, 1.5, 3.5, 2.0 ] },
								"west": { "texture": "#ropedcloth", "uv": [ 3.5, 1.5, 4.0, 2.0 ] },
								"up": { "texture": "#ropedcloth", "uv": [ 2.0, 1.0, 2.5, 1.5 ] },
								"down": { "texture": "#ropedcloth", "uv": [ 2.5, 1.0, 3.0, 1.5 ] }
							}
						}
					]
				}
			]
		},
		{
			"name": "Suspender Front Bottom S",
			"stepParentName": "LowerTorso",
			"from": [ -0.23, 3.1, 4.7 ],
			"to": [ 0.17, 4.7, 5.1 ],
			"uv": [ 2.0, 2.0 ],
			"rotationOrigin": [ -0.23, 3.1, 4.7 ],
			"faces": {
				"north": { "texture": "#ropedcloth", "uv": [ 2.0, 2.5, 2.5, 4.0 ] },
				"east": { "texture": "#ropedcloth", "uv": [ 2.5, 2.5, 3.0, 4.0 ] },
				"south": { "texture": "#ropedcloth", "uv": [ 3.0, 2.5, 3.5, 4.0 ] },
				"west": { "texture": "#ropedcloth", "uv": [ 3.5, 2.5, 4.0, 4.0 ] },
				"up": { "texture": "#ropedcloth", "uv": [ 2.0, 2.0, 2.5, 2.5 ] },
				"down": { "texture": "#ropedcloth", "uv": [ 2.5, 2.0, 3.0, 2.5 ] }
			},
			"children": [
				{
					"name": "Knot S1",
					"from": [ 0.0, -0.2, 0.0 ],
					"to": [ 0.4, 0.2, 0.4 ],
					"uv": [ 4.0, 2.0 ],
					"rotationOrigin": [ 0.2, 0.0, 0.2 ],
					"rotationX": 45.0,
					"rotationY": 45.0,
					"rotationZ": 45.0,
					"faces": {
						"north": { "texture": "#ropedcloth", "uv": [ 4.0, 2.5, 4.5, 3.0 ] },
						"east": { "texture": "#ropedcloth", "uv": [ 4.5, 2.5, 5.0, 3.0 ] },
						"south": { "texture": "#ropedcloth", "uv": [ 5.0, 2.5, 5.5, 3.0 ] },
						"west": { "texture": "#ropedcloth", "uv": [ 5.5, 2.5, 6.0, 3.0 ] },
						"up": { "texture": "#ropedcloth", "uv": [ 4.0, 2.0, 4.5, 2.5 ] },
						"down": { "texture": "#ropedcloth", "uv": [ 4.5, 2.0, 5.0, 2.5 ] }
					},
					"children": [
						{
							"name": "Knot S2",
							"from": [ 0.0, 0.0, 0.0 ],
							"to": [ 0.4, 0.4, 0.4 ],
							"uv": [ 0.0, 0.0 ],
							"rotationOrigin": [ 0.2, 0.2, 0.2 ],
							"rotationX": -35.2644,
							"rotationY": -30.0,
							"rotationZ": -9.7356,
							"faces": {
								"north": { "texture": "#ropedcloth", "uv": [ 0.0, 0.5, 0.5, 1.0 ] },
								"east": { "texture": "#ropedcloth", "uv": [ 0.5, 0.5, 1.0, 1.0 ] },
								"south": { "texture": "#ropedcloth", "uv": [ 1.0, 0.5, 1.5, 1.0 ] },
								"west": { "texture": "#ropedcloth", "uv": [ 1.5, 0.5, 2.0, 1.0 ] },
								"up": { "texture": "#ropedcloth", "uv": [ 0.0, 0.0, 0.5, 0.5 ] },
								"down": { "texture": "#ropedcloth", "uv": [ 0.5, 0.0, 1.0, 0.5 ] }
							}
						}
					]
				}
			]
		},
		{
			"name": "Suspender Rear Bottom N",
			"stepParentName": "LowerTorso",
			"from": [ 4.8, 3.1, 0.9 ],
			"to": [ 5.2, 4.7, 1.3 ],
			"uv": [ 4.0, 2.0 ],
			"rotationOrigin": [ 4.8, 3.1, 0.9 ],
			"faces": {
				"north": { "texture": "#ropedcloth", "uv": [ 4.0, 2.5, 4.5, 4.0 ] },
				"east": { "texture": "#ropedcloth", "uv": [ 4.5, 2.5, 5.0, 4.0 ] },
				"south": { "texture": "#ropedcloth", "uv": [ 5.0, 2.5, 5.5, 4.0 ] },
				"west": { "texture": "#ropedcloth", "uv": [ 5.5, 2.5, 6.0, 4.0 ] },
				"up": { "texture": "#ropedcloth", "uv": [ 4.0, 2.0, 4.5, 2.5 ] },
				"down": { "texture": "#ropedcloth", "uv": [ 4.5, 2.0, 5.0, 2.5 ] }
			},
			"children": [
				{
					"name": "Knot S5",
					"from": [ 0.07, -0.2, 0.0 ],
					"to": [ 0.47, 0.2, 0.4 ],
					"uv": [ 4.0, 2.0 ],
					"rotationOrigin": [ 0.27, 0.0, 0.2 ],
					"rotationX": 45.0,
					"rotationY": 45.0,
					"rotationZ": 45.0,
					"faces": {
						"north": { "texture": "#ropedcloth", "uv": [ 4.0, 2.5, 4.5, 3.0 ] },
						"east": { "texture": "#ropedcloth", "uv": [ 4.5, 2.5, 5.0, 3.0 ] },
						"south": { "texture": "#ropedcloth", "uv": [ 5.0, 2.5, 5.5, 3.0 ] },
						"west": { "texture": "#ropedcloth", "uv": [ 5.5, 2.5, 6.0, 3.0 ] },
						"up": { "texture": "#ropedcloth", "uv": [ 4.0, 2.0, 4.5, 2.5 ] },
						"down": { "texture": "#ropedcloth", "uv": [ 4.5, 2.0, 5.0, 2.5 ] }
					},
					"children": [
						{
							"name": "Knot S6",
							"from": [ 0.0, 0.0, 0.0 ],
							"to": [ 0.4, 0.4, 0.4 ],
							"uv": [ 0.0, 0.0 ],
							"rotationOrigin": [ 0.2, 0.2, 0.2 ],
							"rotationX": -35.2644,
							"rotationY": -30.0,
							"rotationZ": -9.7356,
							"faces": {
								"north": { "texture": "#ropedcloth", "uv": [ 0.0, 0.5, 0.5, 1.0 ] },
								"east": { "texture": "#ropedcloth", "uv": [ 0.5, 0.5, 1.0, 1.0 ] },
								"south": { "texture": "#ropedcloth", "uv": [ 1.0, 0.5, 1.5, 1.0 ] },
								"west": { "texture": "#ropedcloth", "uv": [ 1.5, 0.5, 2.0, 1.0 ] },
								"up": { "texture": "#ropedcloth", "uv": [ 0.0, 0.0, 0.5, 0.5 ] },
								"down": { "texture": "#ropedcloth", "uv": [ 0.5, 0.0, 1.0, 0.5 ] }
							}
						}
					]
				}
			]
		},
		{
			"name": "Suspender Rear Bottom S",
			"stepParentName": "LowerTorso",
			"from": [ 4.8, 3.1, 4.7 ],
			"to": [ 5.2, 4.7, 5.1 ],
			"uv": [ 6.0, 2.0 ],
			"rotationOrigin": [ 4.8, 3.1, 4.7 ],
			"faces": {
				"north": { "texture": "#ropedcloth", "uv": [ 6.0, 2.5, 6.5, 4.0 ] },
				"east": { "texture": "#ropedcloth", "uv": [ 6.5, 2.5, 7.0, 4.0 ] },
				"south": { "texture": "#ropedcloth", "uv": [ 7.0, 2.5, 7.5, 4.0 ] },
				"west": { "texture": "#ropedcloth", "uv": [ 7.5, 2.5, 8.0, 4.0 ] },
				"up": { "texture": "#ropedcloth", "uv": [ 6.0, 2.0, 6.5, 2.5 ] },
				"down": { "texture": "#ropedcloth", "uv": [ 6.5, 2.0, 7.0, 2.5 ] }
			},
			"children": [
				{
					"name": "Knot S3",
					"from": [ 0.07, -0.2, 0.0 ],
					"to": [ 0.47, 0.2, 0.4 ],
					"uv": [ 4.0, 2.0 ],
					"rotationOrigin": [ 0.27, 0.0, 0.2 ],
					"rotationX": 45.0,
					"rotationY": 45.0,
					"rotationZ": 45.0,
					"faces": {
						"north": { "texture": "#ropedcloth", "uv": [ 4.0, 2.5, 4.5, 3.0 ] },
						"east": { "texture": "#ropedcloth", "uv": [ 4.5, 2.5, 5.0, 3.0 ] },
						"south": { "texture": "#ropedcloth", "uv": [ 5.0, 2.5, 5.5, 3.0 ] },
						"west": { "texture": "#ropedcloth", "uv": [ 5.5, 2.5, 6.0, 3.0 ] },
						"up": { "texture": "#ropedcloth", "uv": [ 4.0, 2.0, 4.5, 2.5 ] },
						"down": { "texture": "#ropedcloth", "uv": [ 4.5, 2.0, 5.0, 2.5 ] }
					},
					"children": [
						{
							"name": "Knot S4",
							"from": [ 0.0, 0.0, 0.0 ],
							"to": [ 0.4, 0.4, 0.4 ],
							"uv": [ 0.0, 0.0 ],
							"rotationOrigin": [ 0.2, 0.2, 0.2 ],
							"rotationX": -35.2644,
							"rotationY": -30.0,
							"rotationZ": -9.7356,
							"faces": {
								"north": { "texture": "#ropedcloth", "uv": [ 0.0, 0.5, 0.5, 1.0 ] },
								"east": { "texture": "#ropedcloth", "uv": [ 0.5, 0.5, 1.0, 1.0 ] },
								"south": { "texture": "#ropedcloth", "uv": [ 1.0, 0.5, 1.5, 1.0 ] },
								"west": { "texture": "#ropedcloth", "uv": [ 1.5, 0.5, 2.0, 1.0 ] },
								"up": { "texture": "#ropedcloth", "uv": [ 0.0, 0.0, 0.5, 0.5 ] },
								"down": { "texture": "#ropedcloth", "uv": [ 0.5, 0.0, 1.0, 0.5 ] }
							}
						}
					]
				}
			]
		}
	]}