{
	"editor": {
		"backDropShape": "entity/humanoid/seraph-hairless",
		"collapsedPaths": "Root/Suspender Front Bottom S,Root/Suspender Bottom Rear2,Root/Suspender Bottom Rear3,Root/Suspender Cross Section 1,Root/Suspender Front Bottom N,Root/Suspender Bottom Rear",
		"allAngles": true,
		"entityTextureMode": true
	},
	"textureWidth": 20,
	"textureHeight": 20,
	"textureSizes": {
		"suspenders": [20,20],
		"suspendersleather": [20,20],
		"suspenders linen": [20,20]
	},
	"textures": {
		"suspendersleather": "item/suspendersleather"
	},
	"elements": [
		{
			"name": "Suspender Bottom Rear",
			"stepParentName": "LowerTorso",
			"from": [ 4.93, 3.5, 2.6 ],
			"to": [ 5.03, 4.8, 3.4 ],
			"autoUnwrap": false,
			"uv": [ 17.0, 6.0 ],
			"rotationOrigin": [ 4.9, 3.5, 2.6 ],
			"faces": {
				"north": { "texture": "#suspendersleather", "uv": [ 17.0, 6.5, 17.5, 7.5 ] },
				"east": { "texture": "#suspendersleather", "uv": [ 14.0, 16.5, 15.5, 18.5 ], "autoUv": false },
				"south": { "texture": "#suspendersleather", "uv": [ 18.0, 6.5, 18.5, 7.5 ] },
				"west": { "texture": "#suspendersleather", "uv": [ 18.5, 6.5, 19.0, 7.5 ] },
				"up": { "texture": "#suspendersleather", "uv": [ 17.0, 6.0, 17.5, 6.5 ] },
				"down": { "texture": "#suspendersleather", "uv": [ 17.5, 6.0, 18.0, 6.5 ] }
			},
			"children": [
				{
					"name": "Hook Rear 1",
					"from": [ 0.01, -0.3, -0.3 ],
					"to": [ 0.11, 0.3, 0.0 ],
					"autoUnwrap": false,
					"uv": [ 17.0, 3.0 ],
					"rotationOrigin": [ 0.0, -0.3, -0.3 ],
					"rotationX": 30.0,
					"faces": {
						"north": { "texture": "#suspendersleather", "uv": [ 17.0, 3.5, 17.5, 4.0 ] },
						"east": { "texture": "#suspendersleather", "uv": [ 18.5, 10.5, 19.5, 12.0 ], "autoUv": false },
						"south": { "texture": "#suspendersleather", "uv": [ 18.0, 3.5, 18.5, 4.0 ] },
						"west": { "texture": "#suspendersleather", "uv": [ 18.5, 3.5, 19.0, 4.0 ] },
						"up": { "texture": "#suspendersleather", "uv": [ 17.0, 3.0, 17.5, 3.5 ] },
						"down": { "texture": "#suspendersleather", "uv": [ 17.5, 3.0, 18.0, 3.5 ] }
					},
					"children": [
						{
							"name": "Button Rear 1",
							"from": [ 0.02, 0.05, 0.1 ],
							"to": [ 0.12, 0.15, 0.2 ],
							"uv": [ 17.0, 1.5 ],
							"rotationOrigin": [ 0.0, 0.0, 0.1 ],
							"faces": {
								"north": { "texture": "#suspendersleather", "uv": [ 17.0, 2.0, 17.5, 2.5 ] },
								"east": { "texture": "#suspendersleather", "uv": [ 17.5, 2.0, 18.0, 2.5 ] },
								"south": { "texture": "#suspendersleather", "uv": [ 18.0, 2.0, 18.5, 2.5 ] },
								"west": { "texture": "#suspendersleather", "uv": [ 18.5, 2.0, 19.0, 2.5 ] },
								"up": { "texture": "#suspendersleather", "uv": [ 17.0, 1.5, 17.5, 2.0 ] },
								"down": { "texture": "#suspendersleather", "uv": [ 17.5, 1.5, 18.0, 2.0 ] }
							}
						}
					]
				},
				{
					"name": "Hook Rear 2",
					"from": [ 0.01, -0.45, 0.8 ],
					"to": [ 0.11, 0.15, 1.1 ],
					"autoUnwrap": false,
					"uv": [ 17.0, 4.5 ],
					"rotationOrigin": [ 0.0, -0.4, 0.8 ],
					"rotationX": -30.0,
					"faces": {
						"north": { "texture": "#suspendersleather", "uv": [ 17.0, 5.0, 17.5, 5.5 ] },
						"east": { "texture": "#suspendersleather", "uv": [ 17.0, 10.5, 18.0, 12.0 ], "autoUv": false },
						"south": { "texture": "#suspendersleather", "uv": [ 18.0, 5.0, 18.5, 5.5 ] },
						"west": { "texture": "#suspendersleather", "uv": [ 18.5, 5.0, 19.0, 5.5 ] },
						"up": { "texture": "#suspendersleather", "uv": [ 17.0, 4.5, 17.5, 5.0 ] },
						"down": { "texture": "#suspendersleather", "uv": [ 17.5, 4.5, 18.0, 5.0 ] }
					},
					"children": [
						{
							"name": "Button Rear 2",
							"from": [ 0.02, 0.05, 0.1 ],
							"to": [ 0.12, 0.15, 0.2 ],
							"uv": [ 17.0, 0.0 ],
							"rotationOrigin": [ 0.0, 0.0, 0.1 ],
							"faces": {
								"north": { "texture": "#suspendersleather", "uv": [ 17.0, 0.5, 17.5, 1.0 ] },
								"east": { "texture": "#suspendersleather", "uv": [ 17.5, 0.5, 18.0, 1.0 ] },
								"south": { "texture": "#suspendersleather", "uv": [ 18.0, 0.5, 18.5, 1.0 ] },
								"west": { "texture": "#suspendersleather", "uv": [ 18.5, 0.5, 19.0, 1.0 ] },
								"up": { "texture": "#suspendersleather", "uv": [ 17.0, 0.0, 17.5, 0.5 ] },
								"down": { "texture": "#suspendersleather", "uv": [ 17.5, 0.0, 18.0, 0.5 ] }
							}
						}
					]
				},
				{
					"name": "Hook Rear 3",
					"from": [ 0.02, 0.0, 0.0 ],
					"to": [ 0.12, 0.22, 0.82 ],
					"autoUnwrap": false,
					"uv": [ 10.0, 15.0 ],
					"faces": {
						"north": { "texture": "#suspendersleather", "uv": [ 10.0, 15.5, 10.5, 16.0 ] },
						"east": { "texture": "#suspendersleather", "uv": [ 10.0, 16.0, 11.5, 16.5 ], "autoUv": false },
						"south": { "texture": "#suspendersleather", "uv": [ 10.5, 15.5, 11.0, 16.0 ] },
						"west": { "texture": "#suspendersleather", "uv": [ 11.0, 15.5, 11.5, 16.0 ] },
						"up": { "texture": "#suspendersleather", "uv": [ 10.0, 15.0, 10.5, 15.5 ] },
						"down": { "texture": "#suspendersleather", "uv": [ 10.5, 15.0, 11.0, 15.5 ] }
					}
				}
			]
		},
		{
			"name": "Suspender Front N",
			"stepParentName": "UpperTorso",
			"from": [ -0.03, -0.05, 0.6 ],
			"to": [ 0.07, 5.0, 1.4 ],
			"autoUnwrap": false,
			"uv": [ 0.0, 9.5 ],
			"rotationOrigin": [ -0.1, 0.0, 0.6 ],
			"faces": {
				"north": { "texture": "#suspendersleather", "uv": [ 0.0, 10.0, 0.5, 15.0 ] },
				"east": { "texture": "#suspendersleather", "uv": [ 0.5, 10.0, 1.0, 15.0 ] },
				"south": { "texture": "#suspendersleather", "uv": [ 1.0, 10.0, 1.5, 15.0 ] },
				"west": { "texture": "#suspendersleather", "uv": [ 5.0, 7.0, 6.5, 15.0 ], "autoUv": false },
				"up": { "texture": "#suspendersleather", "uv": [ 0.0, 9.5, 0.5, 10.0 ] },
				"down": { "texture": "#suspendersleather", "uv": [ 0.5, 9.5, 1.0, 10.0 ] }
			},
			"children": [
				{
					"name": "Suspender Top N",
					"from": [ 0.0, 5.0, 0.0 ],
					"to": [ 5.07, 5.1, 0.8 ],
					"autoUnwrap": false,
					"uv": [ 5.0, 5.5 ],
					"rotationOrigin": [ 0.0, 4.9, 0.0 ],
					"faces": {
						"north": { "texture": "#suspendersleather", "uv": [ 5.0, 6.0, 10.0, 6.5 ] },
						"east": { "texture": "#suspendersleather", "uv": [ 18.0, 9.0, 19.5, 9.5 ], "autoUv": false },
						"south": { "texture": "#suspendersleather", "uv": [ 10.5, 6.0, 15.5, 6.5 ] },
						"west": { "texture": "#suspendersleather", "uv": [ 18.0, 9.5, 19.5, 10.0 ], "autoUv": false },
						"up": { "texture": "#suspendersleather", "uv": [ 0.5, 16.0, 9.5, 17.5 ], "autoUv": false },
						"down": { "texture": "#suspendersleather", "uv": [ 10.0, 5.5, 15.0, 6.0 ] }
					}
				},
				{
					"name": "Suspender Rear N",
					"from": [ 4.97, 4.55, 0.0 ],
					"to": [ 5.07, 5.05, 0.8 ],
					"autoUnwrap": false,
					"uv": [ 0.0, 8.0 ],
					"rotationOrigin": [ 4.9, 4.5, 0.0 ],
					"faces": {
						"north": { "texture": "#suspendersleather", "uv": [ 0.0, 8.5, 0.5, 9.0 ] },
						"east": { "texture": "#suspendersleather", "uv": [ 14.0, 7.0, 15.5, 8.0 ], "autoUv": false },
						"south": { "texture": "#suspendersleather", "uv": [ 1.0, 8.5, 1.5, 9.0 ] },
						"west": { "texture": "#suspendersleather", "uv": [ 1.5, 8.5, 2.0, 9.0 ] },
						"up": { "texture": "#suspendersleather", "uv": [ 0.0, 8.0, 0.5, 8.5 ] },
						"down": { "texture": "#suspendersleather", "uv": [ 0.5, 8.0, 1.0, 8.5 ] }
					},
					"children": [
						{
							"name": "Suspender Rear N2",
							"from": [ 0.0, -2.1, 2.1 ],
							"to": [ 0.1, 0.9, 2.8 ],
							"autoUnwrap": false,
							"uv": [ 10.5, 0.0 ],
							"rotationOrigin": [ 0.0, -2.1, 2.1 ],
							"rotationX": -45.0,
							"faces": {
								"north": { "texture": "#suspendersleather", "uv": [ 10.5, 0.5, 11.0, 3.5 ] },
								"east": { "texture": "#suspendersleather", "uv": [ 14.0, 11.0, 15.5, 16.0 ], "autoUv": false },
								"south": { "texture": "#suspendersleather", "uv": [ 11.5, 0.5, 12.0, 3.5 ] },
								"west": { "texture": "#suspendersleather", "uv": [ 12.0, 0.5, 12.5, 3.5 ] },
								"up": { "texture": "#suspendersleather", "uv": [ 10.5, 0.0, 11.0, 0.5 ] },
								"down": { "texture": "#suspendersleather", "uv": [ 11.0, 0.0, 11.5, 0.5 ] }
							}
						}
					]
				},
				{
					"name": "Brass Slider N",
					"from": [ -0.01, 3.5, -0.01 ],
					"to": [ 0.09, 3.7, 0.81 ],
					"autoUnwrap": false,
					"uv": [ 10.0, 17.0 ],
					"rotationOrigin": [ 0.0, 3.5, 0.0 ],
					"faces": {
						"north": { "texture": "#suspendersleather", "uv": [ 10.0, 17.5, 10.5, 18.0 ] },
						"east": { "texture": "#suspendersleather", "uv": [ 10.5, 17.5, 11.0, 18.0 ] },
						"south": { "texture": "#suspendersleather", "uv": [ 11.0, 17.5, 11.5, 18.0 ] },
						"west": { "texture": "#suspendersleather", "uv": [ 10.0, 18.0, 11.5, 18.5 ], "autoUv": false },
						"up": { "texture": "#suspendersleather", "uv": [ 10.0, 17.0, 10.5, 17.5 ] },
						"down": { "texture": "#suspendersleather", "uv": [ 10.5, 17.0, 11.0, 17.5 ] }
					}
				}
			]
		},
		{
			"name": "Suspender Front S",
			"stepParentName": "UpperTorso",
			"from": [ -0.03, -0.05, 4.8 ],
			"to": [ 0.07, 5.0, 5.6 ],
			"autoUnwrap": false,
			"uv": [ 2.5, 9.5 ],
			"rotationOrigin": [ -0.1, -0.1, 4.8 ],
			"faces": {
				"north": { "texture": "#suspendersleather", "uv": [ 2.5, 10.0, 3.0, 15.0 ] },
				"east": { "texture": "#suspendersleather", "uv": [ 3.0, 10.0, 3.5, 15.0 ] },
				"south": { "texture": "#suspendersleather", "uv": [ 3.5, 10.0, 4.0, 15.0 ] },
				"west": { "texture": "#suspendersleather", "uv": [ 7.0, 7.0, 8.5, 15.0 ], "autoUv": false },
				"up": { "texture": "#suspendersleather", "uv": [ 2.5, 9.5, 3.0, 10.0 ] },
				"down": { "texture": "#suspendersleather", "uv": [ 3.0, 9.5, 3.5, 10.0 ] }
			},
			"children": [
				{
					"name": "Suspender Top S",
					"from": [ 0.0, 5.0, 0.0 ],
					"to": [ 5.07, 5.1, 0.8 ],
					"autoUnwrap": false,
					"uv": [ 5.0, 4.0 ],
					"rotationOrigin": [ 0.0, 4.9, 0.0 ],
					"faces": {
						"north": { "texture": "#suspendersleather", "uv": [ 5.0, 4.5, 10.0, 5.0 ] },
						"east": { "texture": "#suspendersleather", "uv": [ 18.0, 8.0, 19.5, 8.5 ], "autoUv": false },
						"south": { "texture": "#suspendersleather", "uv": [ 10.5, 4.5, 15.5, 5.0 ] },
						"west": { "texture": "#suspendersleather", "uv": [ 18.0, 8.5, 19.5, 9.0 ], "autoUv": false },
						"up": { "texture": "#suspendersleather", "uv": [ 0.5, 18.0, 9.5, 19.5 ], "autoUv": false },
						"down": { "texture": "#suspendersleather", "uv": [ 10.0, 4.0, 15.0, 4.5 ] }
					}
				},
				{
					"name": "Suspender Rear S",
					"from": [ 4.97, 4.55, 0.0 ],
					"to": [ 5.07, 5.05, 0.8 ],
					"autoUnwrap": false,
					"uv": [ 2.5, 8.0 ],
					"rotationOrigin": [ 4.9, 4.5, 0.0 ],
					"faces": {
						"north": { "texture": "#suspendersleather", "uv": [ 2.5, 8.5, 3.0, 9.0 ] },
						"east": { "texture": "#suspendersleather", "uv": [ 14.0, 8.5, 15.5, 9.5 ], "autoUv": false },
						"south": { "texture": "#suspendersleather", "uv": [ 3.5, 8.5, 4.0, 9.0 ] },
						"west": { "texture": "#suspendersleather", "uv": [ 4.0, 8.5, 4.5, 9.0 ] },
						"up": { "texture": "#suspendersleather", "uv": [ 2.5, 8.0, 3.0, 8.5 ] },
						"down": { "texture": "#suspendersleather", "uv": [ 3.0, 8.0, 3.5, 8.5 ] }
					},
					"children": [
						{
							"name": "Suspender Rear S2",
							"from": [ 0.0, -1.6, -1.8 ],
							"to": [ 0.1, 1.4, -1.1 ],
							"autoUnwrap": false,
							"uv": [ 13.0, 0.0 ],
							"rotationOrigin": [ 0.0, -1.6, -1.8 ],
							"rotationX": 45.0,
							"faces": {
								"north": { "texture": "#suspendersleather", "uv": [ 13.0, 0.5, 13.5, 3.5 ] },
								"east": { "texture": "#suspendersleather", "uv": [ 12.0, 11.0, 13.5, 16.0 ], "autoUv": false },
								"south": { "texture": "#suspendersleather", "uv": [ 14.0, 0.5, 14.5, 3.5 ] },
								"west": { "texture": "#suspendersleather", "uv": [ 14.5, 0.5, 15.0, 3.5 ] },
								"up": { "texture": "#suspendersleather", "uv": [ 13.0, 0.0, 13.5, 0.5 ] },
								"down": { "texture": "#suspendersleather", "uv": [ 13.5, 0.0, 14.0, 0.5 ] }
							}
						}
					]
				},
				{
					"name": "Brass Slider S",
					"from": [ -0.01, 3.5, -0.01 ],
					"to": [ 0.09, 3.7, 0.81 ],
					"autoUnwrap": false,
					"uv": [ 12.5, 17.0 ],
					"rotationOrigin": [ 0.0, 3.5, 0.0 ],
					"faces": {
						"north": { "texture": "#suspendersleather", "uv": [ 12.0, 17.5, 12.5, 18.0 ] },
						"east": { "texture": "#suspendersleather", "uv": [ 12.5, 17.5, 13.0, 18.0 ] },
						"south": { "texture": "#suspendersleather", "uv": [ 13.0, 17.5, 13.5, 18.0 ] },
						"west": { "texture": "#suspendersleather", "uv": [ 12.0, 18.0, 13.5, 18.5 ], "autoUv": false },
						"up": { "texture": "#suspendersleather", "uv": [ 12.0, 17.0, 12.5, 17.5 ] },
						"down": { "texture": "#suspendersleather", "uv": [ 12.5, 17.0, 13.0, 17.5 ] }
					}
				}
			]
		},
		{
			"name": "Suspender Cross Section 1",
			"stepParentName": "UpperTorso",
			"from": [ 5.0, 2.5, 2.1 ],
			"to": [ 5.05, 3.0, 4.1 ],
			"autoUnwrap": false,
			"uv": [ 5.0, 1.0 ],
			"rotationOrigin": [ 5.0, 2.5, 2.1 ],
			"faces": {
				"north": { "texture": "#suspendersleather", "uv": [ 5.0, 3.0, 5.5, 3.5 ] },
				"east": { "texture": "#suspendersleather", "uv": [ 16.5, 12.5, 19.5, 13.5 ], "autoUv": false },
				"south": { "texture": "#suspendersleather", "uv": [ 7.5, 3.0, 8.0, 3.5 ] },
				"west": { "texture": "#suspendersleather", "uv": [ 8.0, 3.0, 10.0, 3.5 ] },
				"up": { "texture": "#suspendersleather", "uv": [ 5.0, 1.0, 5.5, 3.0 ] },
				"down": { "texture": "#suspendersleather", "uv": [ 5.5, 1.0, 6.0, 3.0 ] }
			},
			"children": [
				{
					"name": "Suspender Cross Section 2",
					"from": [ 0.0, -0.3, 0.2 ],
					"to": [ 0.05, 0.0, 1.8 ],
					"autoUnwrap": false,
					"uv": [ 6.0, 1.0 ],
					"rotationOrigin": [ 0.0, -0.3, 0.2 ],
					"faces": {
						"north": { "texture": "#suspendersleather", "uv": [ 6.0, 2.5, 6.5, 3.0 ] },
						"east": { "texture": "#suspendersleather", "uv": [ 16.5, 14.0, 19.0, 14.5 ], "autoUv": false },
						"south": { "texture": "#suspendersleather", "uv": [ 8.0, 2.5, 8.5, 3.0 ] },
						"west": { "texture": "#suspendersleather", "uv": [ 8.5, 2.5, 10.0, 3.0 ] },
						"up": { "texture": "#suspendersleather", "uv": [ 6.0, 1.0, 6.5, 2.5 ] },
						"down": { "texture": "#suspendersleather", "uv": [ 6.5, 1.0, 7.0, 2.5 ] }
					}
				},
				{
					"name": "Suspender Cross Section 3",
					"from": [ 0.0, -0.6, 0.4 ],
					"to": [ 0.05, -0.3, 1.6 ],
					"autoUnwrap": false,
					"uv": [ 7.0, 1.0 ],
					"rotationOrigin": [ 0.0, -0.6, 0.4 ],
					"faces": {
						"north": { "texture": "#suspendersleather", "uv": [ 7.0, 2.0, 7.5, 2.5 ] },
						"east": { "texture": "#suspendersleather", "uv": [ 16.5, 15.0, 18.5, 15.5 ], "autoUv": false },
						"south": { "texture": "#suspendersleather", "uv": [ 8.5, 2.0, 9.0, 2.5 ] },
						"west": { "texture": "#suspendersleather", "uv": [ 9.0, 2.0, 10.0, 2.5 ] },
						"up": { "texture": "#suspendersleather", "uv": [ 7.0, 1.0, 7.5, 2.0 ] },
						"down": { "texture": "#suspendersleather", "uv": [ 7.5, 1.0, 8.0, 2.0 ] }
					},
					"children": [
						{
							"name": "Suspender Rear",
							"from": [ 0.0, -1.9, 0.2 ],
							"to": [ 0.04, 0.0, 1.0 ],
							"autoUnwrap": false,
							"uv": [ 17.0, 8.0 ],
							"rotationOrigin": [ 0.0, -1.9, 0.2 ],
							"faces": {
								"north": { "texture": "#suspendersleather", "uv": [ 16.0, 8.0, 16.5, 9.5 ] },
								"east": { "texture": "#suspendersleather", "uv": [ 9.0, 7.0, 10.5, 10.5 ], "autoUv": false },
								"south": { "texture": "#suspendersleather", "uv": [ 16.5, 8.0, 17.0, 9.5 ] },
								"west": { "texture": "#suspendersleather", "uv": [ 17.0, 8.0, 17.5, 9.5 ] },
								"up": { "texture": "#suspendersleather", "uv": [ 16.0, 9.5, 16.5, 10.0 ] },
								"down": { "texture": "#suspendersleather", "uv": [ 16.5, 9.5, 17.0, 10.0 ] }
							}
						}
					]
				}
			]
		},
		{
			"name": "Suspender Front Bottom N",
			"stepParentName": "LowerTorso",
			"from": [ -0.03, 3.6, 0.5 ],
			"to": [ 0.07, 5.0, 1.3 ],
			"autoUnwrap": false,
			"uv": [ 0.0, 6.0 ],
			"rotationOrigin": [ -0.1, 3.6, 0.5 ],
			"faces": {
				"north": { "texture": "#suspendersleather", "uv": [ 0.0, 6.5, 0.5, 7.5 ] },
				"east": { "texture": "#suspendersleather", "uv": [ 0.5, 6.5, 1.0, 7.5 ] },
				"south": { "texture": "#suspendersleather", "uv": [ 1.0, 6.5, 1.5, 7.5 ] },
				"west": { "texture": "#suspendersleather", "uv": [ 18.0, 16.0, 19.5, 18.5 ], "autoUv": false },
				"up": { "texture": "#suspendersleather", "uv": [ 0.0, 6.0, 0.5, 6.5 ] },
				"down": { "texture": "#suspendersleather", "uv": [ 0.5, 6.0, 1.0, 6.5 ] }
			},
			"children": [
				{
					"name": "Hook Front N1",
					"from": [ -0.01, -0.3, -0.3 ],
					"to": [ 0.09, 0.3, 0.0 ],
					"autoUnwrap": false,
					"uv": [ 0.0, 4.5 ],
					"rotationOrigin": [ -0.1, -0.3, -0.3 ],
					"rotationX": 30.0,
					"faces": {
						"north": { "texture": "#suspendersleather", "uv": [ 0.0, 5.0, 0.5, 5.5 ] },
						"east": { "texture": "#suspendersleather", "uv": [ 0.5, 5.0, 1.0, 5.5 ] },
						"south": { "texture": "#suspendersleather", "uv": [ 1.0, 5.0, 1.5, 5.5 ] },
						"west": { "texture": "#suspendersleather", "uv": [ 11.0, 7.0, 12.0, 8.5 ], "autoUv": false },
						"up": { "texture": "#suspendersleather", "uv": [ 0.0, 4.5, 0.5, 5.0 ] },
						"down": { "texture": "#suspendersleather", "uv": [ 0.5, 4.5, 1.0, 5.0 ] }
					},
					"children": [
						{
							"name": "Button N2",
							"from": [ -0.02, 0.05, 0.1 ],
							"to": [ 0.08, 0.15, 0.2 ],
							"uv": [ 0.0, 1.5 ],
							"rotationOrigin": [ -0.1, 0.1, 0.1 ],
							"faces": {
								"north": { "texture": "#suspendersleather", "uv": [ 0.0, 2.0, 0.5, 2.5 ] },
								"east": { "texture": "#suspendersleather", "uv": [ 0.5, 2.0, 1.0, 2.5 ] },
								"south": { "texture": "#suspendersleather", "uv": [ 1.0, 2.0, 1.5, 2.5 ] },
								"west": { "texture": "#suspendersleather", "uv": [ 1.5, 2.0, 2.0, 2.5 ] },
								"up": { "texture": "#suspendersleather", "uv": [ 0.0, 1.5, 0.5, 2.0 ] },
								"down": { "texture": "#suspendersleather", "uv": [ 0.5, 1.5, 1.0, 2.0 ] }
							}
						}
					]
				},
				{
					"name": "Hook Front N2",
					"from": [ -0.01, -0.46, 0.8 ],
					"to": [ 0.09, 0.14, 1.1 ],
					"autoUnwrap": false,
					"uv": [ 0.0, 3.0 ],
					"rotationOrigin": [ 0.0, -0.4, 0.8 ],
					"rotationX": -30.0,
					"faces": {
						"north": { "texture": "#suspendersleather", "uv": [ 0.0, 3.5, 0.5, 4.0 ] },
						"east": { "texture": "#suspendersleather", "uv": [ 0.5, 3.5, 1.0, 4.0 ] },
						"south": { "texture": "#suspendersleather", "uv": [ 1.0, 3.5, 1.5, 4.0 ] },
						"west": { "texture": "#suspendersleather", "uv": [ 12.5, 7.0, 13.5, 8.5 ], "autoUv": false },
						"up": { "texture": "#suspendersleather", "uv": [ 0.0, 3.0, 0.5, 3.5 ] },
						"down": { "texture": "#suspendersleather", "uv": [ 0.5, 3.0, 1.0, 3.5 ] }
					},
					"children": [
						{
							"name": "Button N4",
							"from": [ -0.02, 0.05, 0.1 ],
							"to": [ 0.08, 0.15, 0.2 ],
							"uv": [ 0.0, 0.0 ],
							"rotationOrigin": [ 0.1, 0.1, 0.1 ],
							"faces": {
								"north": { "texture": "#suspendersleather", "uv": [ 0.0, 0.5, 0.5, 1.0 ] },
								"east": { "texture": "#suspendersleather", "uv": [ 0.5, 0.5, 1.0, 1.0 ] },
								"south": { "texture": "#suspendersleather", "uv": [ 1.0, 0.5, 1.5, 1.0 ] },
								"west": { "texture": "#suspendersleather", "uv": [ 1.5, 0.5, 2.0, 1.0 ] },
								"up": { "texture": "#suspendersleather", "uv": [ 0.0, 0.0, 0.5, 0.5 ] },
								"down": { "texture": "#suspendersleather", "uv": [ 0.5, 0.0, 1.0, 0.5 ] }
							}
						}
					]
				},
				{
					"name": "Hook Front N5",
					"from": [ -0.02, 0.0, -0.01 ],
					"to": [ 0.08, 0.22, 0.81 ],
					"autoUnwrap": false,
					"uv": [ 9.0, 11.0 ],
					"rotationOrigin": [ -0.1, 0.0, -0.1 ],
					"faces": {
						"north": { "texture": "#suspendersleather", "uv": [ 9.0, 14.0, 9.5, 14.5 ] },
						"east": { "texture": "#suspendersleather", "uv": [ 9.5, 14.0, 10.0, 14.5 ] },
						"south": { "texture": "#suspendersleather", "uv": [ 10.0, 14.0, 10.5, 14.5 ] },
						"west": { "texture": "#suspendersleather", "uv": [ 9.0, 13.5, 10.5, 14.0 ], "autoUv": false },
						"up": { "texture": "#suspendersleather", "uv": [ 9.0, 13.0, 9.5, 13.5 ] },
						"down": { "texture": "#suspendersleather", "uv": [ 9.5, 13.0, 10.0, 13.5 ] }
					}
				}
			]
		},
		{
			"name": "Suspender Front Bottom S",
			"stepParentName": "LowerTorso",
			"from": [ -0.03, 3.6, 4.7 ],
			"to": [ 0.07, 5.0, 5.5 ],
			"autoUnwrap": false,
			"uv": [ 2.5, 6.0 ],
			"rotationOrigin": [ -0.1, 3.6, 4.7 ],
			"faces": {
				"north": { "texture": "#suspendersleather", "uv": [ 2.5, 6.5, 3.0, 7.5 ] },
				"east": { "texture": "#suspendersleather", "uv": [ 3.0, 6.5, 3.5, 7.5 ] },
				"south": { "texture": "#suspendersleather", "uv": [ 3.5, 6.5, 4.0, 7.5 ] },
				"west": { "texture": "#suspendersleather", "uv": [ 16.0, 16.0, 17.5, 18.5 ], "autoUv": false },
				"up": { "texture": "#suspendersleather", "uv": [ 2.5, 6.0, 3.0, 6.5 ] },
				"down": { "texture": "#suspendersleather", "uv": [ 3.0, 6.0, 3.5, 6.5 ] }
			},
			"children": [
				{
					"name": "Hook Front S1",
					"from": [ -0.01, -0.3, -0.3 ],
					"to": [ 0.09, 0.3, 0.0 ],
					"autoUnwrap": false,
					"uv": [ 2.5, 4.5 ],
					"rotationOrigin": [ 0.0, -0.3, -0.3 ],
					"rotationX": 30.0,
					"faces": {
						"north": { "texture": "#suspendersleather", "uv": [ 2.5, 5.0, 3.0, 5.5 ] },
						"east": { "texture": "#suspendersleather", "uv": [ 3.0, 5.0, 3.5, 5.5 ] },
						"south": { "texture": "#suspendersleather", "uv": [ 3.5, 5.0, 4.0, 5.5 ] },
						"west": { "texture": "#suspendersleather", "uv": [ 11.0, 9.0, 12.0, 10.5 ], "autoUv": false },
						"up": { "texture": "#suspendersleather", "uv": [ 2.5, 4.5, 3.0, 5.0 ] },
						"down": { "texture": "#suspendersleather", "uv": [ 3.0, 4.5, 3.5, 5.0 ] }
					},
					"children": [
						{
							"name": "Button S2",
							"from": [ -0.02, 0.05, 0.1 ],
							"to": [ 0.08, 0.15, 0.2 ],
							"uv": [ 2.5, 1.5 ],
							"rotationOrigin": [ 0.0, 0.0, 0.1 ],
							"faces": {
								"north": { "texture": "#suspendersleather", "uv": [ 2.5, 2.0, 3.0, 2.5 ] },
								"east": { "texture": "#suspendersleather", "uv": [ 3.0, 2.0, 3.5, 2.5 ] },
								"south": { "texture": "#suspendersleather", "uv": [ 3.5, 2.0, 4.0, 2.5 ] },
								"west": { "texture": "#suspendersleather", "uv": [ 4.0, 2.0, 4.5, 2.5 ] },
								"up": { "texture": "#suspendersleather", "uv": [ 2.5, 1.5, 3.0, 2.0 ] },
								"down": { "texture": "#suspendersleather", "uv": [ 3.0, 1.5, 3.5, 2.0 ] }
							}
						}
					]
				},
				{
					"name": "Hook Front S2",
					"from": [ -0.01, -0.46, 0.8 ],
					"to": [ 0.09, 0.14, 1.1 ],
					"autoUnwrap": false,
					"uv": [ 2.5, 3.0 ],
					"rotationOrigin": [ 0.0, -0.4, 0.8 ],
					"rotationX": -30.0,
					"faces": {
						"north": { "texture": "#suspendersleather", "uv": [ 2.5, 3.5, 3.0, 4.0 ] },
						"east": { "texture": "#suspendersleather", "uv": [ 3.0, 3.5, 3.5, 4.0 ] },
						"south": { "texture": "#suspendersleather", "uv": [ 3.5, 3.5, 4.0, 4.0 ] },
						"west": { "texture": "#suspendersleather", "uv": [ 12.5, 9.0, 13.5, 10.5 ], "autoUv": false },
						"up": { "texture": "#suspendersleather", "uv": [ 2.5, 3.0, 3.0, 3.5 ] },
						"down": { "texture": "#suspendersleather", "uv": [ 3.0, 3.0, 3.5, 3.5 ] }
					},
					"children": [
						{
							"name": "Button S4",
							"from": [ -0.02, 0.05, 0.1 ],
							"to": [ 0.08, 0.15, 0.2 ],
							"uv": [ 2.5, 0.0 ],
							"rotationOrigin": [ 0.0, 0.0, 0.1 ],
							"faces": {
								"north": { "texture": "#suspendersleather", "uv": [ 2.5, 0.5, 3.0, 1.0 ] },
								"east": { "texture": "#suspendersleather", "uv": [ 3.0, 0.5, 3.5, 1.0 ] },
								"south": { "texture": "#suspendersleather", "uv": [ 3.5, 0.5, 4.0, 1.0 ] },
								"west": { "texture": "#suspendersleather", "uv": [ 4.0, 0.5, 4.5, 1.0 ] },
								"up": { "texture": "#suspendersleather", "uv": [ 2.5, 0.0, 3.0, 0.5 ] },
								"down": { "texture": "#suspendersleather", "uv": [ 3.0, 0.0, 3.5, 0.5 ] }
							}
						}
					]
				},
				{
					"name": "Hook Front S5",
					"from": [ -0.02, 0.0, -0.01 ],
					"to": [ 0.08, 0.22, 0.81 ],
					"autoUnwrap": false,
					"uv": [ 9.0, 11.0 ],
					"rotationOrigin": [ -0.1, 0.0, -0.1 ],
					"faces": {
						"north": { "texture": "#suspendersleather", "uv": [ 9.0, 12.0, 9.5, 12.5 ] },
						"east": { "texture": "#suspendersleather", "uv": [ 9.5, 12.0, 10.0, 12.5 ] },
						"south": { "texture": "#suspendersleather", "uv": [ 10.0, 12.0, 10.5, 12.5 ] },
						"west": { "texture": "#suspendersleather", "uv": [ 9.0, 11.5, 10.5, 12.0 ], "autoUv": false },
						"up": { "texture": "#suspendersleather", "uv": [ 9.0, 11.0, 9.5, 11.5 ] },
						"down": { "texture": "#suspendersleather", "uv": [ 9.5, 11.0, 10.0, 11.5 ] }
					}
				}
			]
		}
	]}