{
   "code":"isopod-woodlouse",
   "class":"EntityAgent",
   "canClimb":true,
   "canClimbAnywhere":true,
   "climbTouchDistance":0.175,
   "rotateModelOnClimb":true,
   "fallDamageMultiplier":0.0,
   "hitboxSize":{
      "x":0.1,
      "y":0.1
   },
   "eyeHeight":0.1,
   "attributes":{
      "handbook":{
         "groupcode":"thecritterpack:creaturegroup-isopods"
      }
   },
   "client":{
      "renderer":"Shape",
      "shape":{
         "base":"entity/land/woodlouse/woodlouse_idea1"
      },
      "texture":{
         "base":"entity/woodlouse/woodlouse1"
      },
      "size":0.6,
      "behaviors":[
         {
            "code":"controlledphysics",
            "stepHeight":0.1055
         },
         {
            "code":"floatupwhenstuck",
            "onlyWhenDead":true
         },
         {
            "code":"interpolateposition"
         },
         {
            "code":"despawn",
            "minPlayerDistance":8,
            "belowLightLevel":4,
            "minSeconds":300
         }
      ],
      "animations":[
         {
            "code":"hurt",
            "animation":"animation1",
            "animationSpeed":1.8,
            "weight":10,
            "blendMode":"AddAverage"
         },
         {
            "code":"die",
            "animation":"animation2",
            "animationSpeed":1.25,
            "weight":10,
            "blendMode":"Average",
            "triggeredBy":{
               "onControls":[
                  "dead"
               ]
            }
         },
         {
            "code":"idle",
            "animation":"animation1",
            "blendMode":"AddAverage",
            "easeOutSpeed":4,
            "triggeredBy":{
               "defaultAnim":true
            }
         },
         {
            "code":"sleep",
            "animation":"animation2",
            "easeInSpeed":4,
            "easeOutSpeed":4,
            "blendMode":"Average"
         }
      ]
   },
   "server":{
      "behaviors":[
         {
            "code":"controlledphysics",
            "stepHeight":0.1055
         },
         {
            "code":"despawn",
            "minPlayerDistance":7,
            "belowLightLevel":8,
            "minSeconds":120
         },
         {
            "code":"health",
            "currenthealth":0.4,
            "maxhealth":0.4
         },
         {
            "code":"deaddecay",
            "hoursToDecay":0.1
         },
         {
            "code":"floatupwhenstuck",
            "onlyWhenDead":true
         },
         {
            "code":"emotionstates",
            "states":[
               {
                  "code":"fleeondamage",
                  "duration":60,
                  "chance":1,
                  "slot":2,
                  "priority":5,
                  "accumType":"max",
                  "whenHealthRelBelow":1.65
               },
               {
                  "code":"saturated",
                  "duration":1200,
                  "chance":1,
                  "slot":0,
                  "priority":1,
                  "accumType":"sum"
               },
               {
                  "code":"aggressiveondamage",
                  "duration":30,
                  "chance":1,
                  "slot":2,
                  "priority":2,
                  "accumType":"noaccum"
               },
               {
                  "code":"alarmherdondamage",
                  "chance":1,
                  "slot":1,
                  "priority":1,
                  "accumType":"max"
               }
            ]
         },
         {
            "code":"taskai",
            "aitasks":[
               {
                  "code":"getoutofwater",
                  "priority":4.1,
                  "movespeed":0.0256,
                  "animation":"animation1",
                  "animationSpeed":2.1
               },
               {
                  "code":"idle",
                  "priority":1.88,
                  "minduration":10000,
                  "maxduration":1200000,
                  "mincooldown":10000,
                  "maxcooldown":80000,
                  "priorityForCancel":1.98,
                  "animation":"animation2",
                  "animationSpeed":3.3,
                  "whenNotInEmotionState":"aggressiveondamage",
                  "duringDayTimeFrames":[
                     {
                        "fromHour":10,
                        "toHour":16
                     },
                     {
                        "fromHour":12,
                        "toHour":15
                     }
                  ],
                  "stopOnHurt":true
               },
               {
                  "code":"idle",
                  "priority":1.1,
                  "minduration":1000,
                  "maxduration":3000,
                  "mincooldown":2000,
                  "maxcooldown":30000,
                  "animation":"animation2",
                  "stopOnNearbyEntityCodes":[
                     "player",
                     "wolf-male",
                     "wolf-female",
                     "fox-*",
                     "hyena-male",
                     "hyena-female"
                  ],
                  "stopRange":1
               },
               {
                  "code":"wander",
                  "priority":1.0,
                  "priorityForCancel":1.35,
                  "movespeed":0.0030,
                  "animationSpeed":2.5,
                  "animation":"animation1"
               }
            ]
         }
      ],
      "spawnconditions":{
         "worldgen":{
            "TriesPerChunk":{
               "avg":0.012,
               "var":0.058
            },
            "tryOnlySurface":true,
            "maxLightLevel":8,
            "groupSize":{
               "dist":"verynarrowgaussian",
               "avg":1,
               "var":6
            },
            "insideBlockCodes":[
               "game:air",
               "game:tallgrass-*",
               "game:loosestick-*"
            ],
            "minTemp":2,
            "maxTemp":18,
            "minRain":0.2,
            "maxRain":8.2,
            "minForestOrShrubs":0.20,
            "maxForest":5.00,
            "maxShrubs":1.80,
            "companions":[
               "thecritterpack:isopod-woodlouse"
            ]
         },
         "runtime":{
            "group":"neutral",
            "tryOnlySurface":true,
            "chance":0.0019,
            "maxQuantity":2,
            "__comment":"Make them spawn away from artifical light so they don't spawn inside farmland",
            "maxLightLevel":9,
            "lightLevelType":"onlyBlockLight",
            "minLightLevel":3,
            "groupSize":{
               "dist":"verynarrowgaussian",
               "avg":1,
               "var":3
            },
            "insideBlockCodes":[
               "game:tallgrass-*",
               "game:loosestick-*",
               "game:rawclay-*",
               "game:mushroom-*"
            ],
            "minTemp":2,
            "maxTemp":18,
            "minRain":0.2,
            "maxRain":8.2,
            "minForestOrShrubs":0.20,
            "maxForest":5.00,
            "maxShrubs":1.80,
            "companions":[
               "thecritterpack:isopod-woodlouse"
            ]
         }
      }
   },
   "sounds":{
      
   }
}