[
  {
    "file": "game:blocktypes/clay/fired/flowerpot",
    "side": "Server",
    "op": "add",
    "path": "/behaviors/-",
    "value": {
      "name": "Carryable",
      "properties": {
        "translation": [
          0.3175,
          0.1,
          0
        ],
        "rotation": [
          0,
          180,
          0
        ],
        "scale": 1,
        "slots": {
          "Hands": {
            "animation": "carryon:holdlight"
          },
          "Back": {}
        }
      }
    },
    "condition": {
      "when": "carryon:FlowerpotEnabled",
      "isValue": "true"
    }
  }
]