[
  {
    "file": "game:blocktypes/wood/woodtyped/log-withresin",
    "side": "Server",
    "op": "add",
    "path": "/behaviorsByType/*/-",
    "value": {
      "name": "Carryable",
      "properties": {
        "translation": [
          0.0625,
          0,
          0
        ],
        "rotation": [
          0,
          180,
          0
        ],
        "slots": {
          "Hands": {},
          "Back": {}
        }
      }
    },
    "condition": {
      "when": "carryon:LogWithResinEnabled",
      "isValue": "true"
    }
  },
  {
    "op": "add",
    "path": "/behaviorsByType/log-resinharvested-*/-",
    "value": {
      "name": "Carryable",
      "properties": {
        "translation": [
          0.0625,
          0,
          0
        ],
        "rotation": [
          0,
          180,
          0
        ],
        "slots": {
          "Hands": {},
          "Back": {}
        }
      }
    },
    "file": "game:blocktypes/wood/woodtyped/log-withresin.json",
    "condition": {
      "when": "carryon:LogWithResinEnabled",
      "isValue": "true"
    }
  }
]