[
  {
    "op": "add",
    "path": "/structures/-",
    "value": {
                  "code": "brsurfaceruins-medium",
                  "chance": 0.005,
                  "replacewithblocklayers": [
                    "soil-low-none",
                    "soil-medium-none",
                    "soil-medium-normal",
                    "soil-low-normal",
                    "forestfloor-1",
                    "soil-verylow-normal",
                    "soil-verylow-none",
                    "soil-verylow-sparse",
                    "soil-verylow-verysparse"
                  ],

                  "schematics": [
                    "overground/main/mediumruins/*"
                  ],
                  "suppressTrees": true,
                  "suppressWaterfalls": true,
                  "rockTypeRemapGroup": "standard",
                  "MaxBelowSealevel": 2
    },
    "file": "game:worldgen/structures.json",
    "side": "Server"
  },
  {
    "op": "add",
    "path": "/structures/-",
    "value": {
                  "code": "gates",
                  "name": "surface-translocators-1",
                  "group": "translocators",
                  "minGroupDistance": 1600,
                  "chance": 0.03,
                  "placement": "surface",
                  "replacewithblocklayers": [
                    "soil-low-none",
                    "soil-medium-none",
                    "soil-medium-normal",
                    "soil-low-normal",
                    "forestfloor-1",
                    "soil-verylow-normal",
                    "soil-verylow-none",
                    "soil-verylow-sparse",
                    "soil-verylow-verysparse"
                  ],
                              "schematics": [
                    "overground/main/translocators/o2/*"
                  ],
                  "suppressTrees": true,
                  "suppressWaterfalls": true,
                  "rockTypeRemapGroup": "standard",
                  "MaxBelowSealevel": 2,
                  "MinSpawnDistance": 1500
    },
    "file": "game:worldgen/structures.json",
    "side": "Server"
  },
  {
    "op": "add",
    "path": "/structures/-",
    "value": {
                  "code": "gates",
                  "name": "surface-translocators-2",
                  "group": "translocators",
                  "minGroupDistance": 1600,
                  "chance": 0.001,
                  "placement": "surface",
                  "replacewithblocklayers": [
                    "soil-low-none",
                    "soil-medium-none",
                    "soil-medium-normal",
                    "soil-low-normal",
                    "forestfloor-1",
                    "soil-verylow-normal",
                    "soil-verylow-none",
                    "soil-verylow-sparse",
                    "soil-verylow-verysparse"
                  ],
                              "schematics": [
                    "overground/main/translocators/o1/*"
                  ],
                  "suppressTrees": true,
                  "suppressWaterfalls": true,
                  "rockTypeRemapGroup": "standard",
                  "MaxBelowSealevel": 2,
                  "MinSpawnDistance": 1500
    },
    "file": "game:worldgen/structures.json",
    "side": "Server"
  },
  {
    "op": "add",
    "path": "/structures/-",
    "value": {
                  "code": "gates",
                  "name": "surface-translocators-3",
                  "group": "translocators",
                  "minGroupDistance": 1600,
                  "chance": 0.006,
                  "placement": "surface",
                  "replacewithblocklayers": [
                    "soil-low-none",
                    "soil-medium-none",
                    "soil-medium-normal",
                    "soil-low-normal",
                    "forestfloor-1",
                    "soil-verylow-normal",
                    "soil-verylow-none",
                    "soil-verylow-sparse",
                    "soil-verylow-verysparse"
                  ],
                              "schematics": [
                    "overground/main/translocators/o4/*"
                  ],
                  "suppressTrees": true,
                  "suppressWaterfalls": true,
                  "rockTypeRemapGroup": "standard",
                  "MaxBelowSealevel": 2,
                  "MinSpawnDistance": 1500
    },
    "file": "game:worldgen/structures.json",
    "side": "Server"
  },
  {
    "op": "add",
    "path": "/structures/-",
    "value": {
                  "code": "brsurfaceruins-desert1",
                  "name": "brsurfaceruins-desert1",
                  "group": "desertspecific",
                  "minGroupDistance": 1800,
                  "chance": 0.001,
                  "schematics": [
                    "overground/main/desert-climate/desertclimate-o1-niclass-small1", "overground/main/desert-climate/desertclimate-o1-niclass-small2", "overground/main/desert-climate/desertclimate-o1-niclass-small3", "overground/main/desert-climate/desertclimate-o1-niclass-small4"
                  ],
                  "rockTypeRemapGroup": "standard",
                  "minTemp": 28,
                  "maxTemp": 60,
                  "MaxBelowSealevel": 2
    },
    "file": "game:worldgen/structures.json",
    "side": "Server"
  },
  {
    "op": "add",
    "path": "/structures/-",
    "value": {
                  "code": "brsurfaceruins-desert2",
                  "name": "brsurfaceruins-desert2",
                  "group": "desertspecific",
                  "minGroupDistance": 1800,
                  "chance": 0.003,
                  "schematics": [
                    "overground/main/desert-climate/desertclimate-o1-stadrian-deserthouse1", 
                    "overground/main/desert-climate/desertclimate-o2-dampus-greek1",
                    "overground/main/desert-climate/desertclimate-o2-stadrian-cube1",
                    "overground/main/desert-climate/desertclimate-o2-stadrian-deserthouse2",
                    "overground/main/desert-climate/desertclimate-o20-stadrian-undergroundwithentrance",
                    "overground/main/desert-climate/femuroasiso6",
                    "overground/main/desert-climate/mixco-viejo-o6-yapludepatte",
                    "overground/main/desert-climate/lzmalpyramid-o6-1",
                    "overground/main/desert-climate/wildwest1-virrno-o4"
                  ],
                  "rockTypeRemapGroup": "standard",
                  "replacewithblocklayers": ["soil-medium-normal", "soil-medium-none"],
                  "minTemp": 25,
                  "maxTemp": 60,
                  "MaxBelowSealevel": 2
    },
    "file": "game:worldgen/structures.json",
    "side": "Server"
  }
]