[
	{
		"file": "game:shapes/block/basic/stairs/normal.json",
		"op": "replace",
		"path": "/elements",
		"value": [
			{
				"name": "Base",
				"from": [ 0.0, 0.0, 0.0 ],
				"to": [ 16.0, 8.0, 16.0 ],
				"faces": {
					"north": {
						"texture": "#north",
						"uv": [ 0.0, 7.5, 16.0, 15.5 ]
					},
					"east": {
						"texture": "#east",
						"uv": [ 0.0, 8.0, 16.0, 16.0 ]
					},
					"south": {
						"texture": "#south",
						"uv": [ 0.0, 8.0, 16.0, 16.0 ]
					},
					"west": {
						"texture": "#west",
						"uv": [ 0.0, 8.0, 16.0, 16.0 ]
					},
					"up": {
						"texture": "#up",
						"uv": [ 0.0, 0.0, 16.0, 16.0 ],
						"rotation": 180
					},
					"down": {
						"texture": "#down",
						"uv": [ 0.0, 0.0, 16.0, 16.0 ]
					}
				}
			},
			{
				"name": "Step",
				"from": [ 0.0, 8.0, 0.0 ],
				"to": [ 16.0, 16.0, 8.0 ],
				"faces": {
					"north": {
						"texture": "#north",
						"uv": [ 0.0, 0.0, 16.0, 8.0 ]
					},
					"east": {
						"texture": "#east",
						"uv": [ 0.0, 0.0, 8.0, 8.0 ]
					},
					"south": {
						"texture": "#south",
						"uv": [ 0.0, 0.0, 16.0, 8.0 ]
					},
					"west": {
						"texture": "#west",
						"uv": [ 0.0, 0.0, 8.0, 8.0 ]
					},
					"up": {
						"texture": "#up",
						"uv": [ 0.0, 0.0, 16.0, 8.0 ],
						"rotation": 180
					},
					"down": {
						"texture": "#down",
						"uv": [ 0.0, 0.0, 16.0, 8.0 ],
						"enabled": false
					}
				}
			}
		]
	}
]