[
	{
		"file": "game:shapes/block/basic/stairs/snow-normal.json",
		"op": "replace",
		"path": "/elements",
		"value": [
			{
				"name": "Base",
				"from": [ 0.0, 0.0, 0.0 ],
				"to": [ 16.0, 8.0, 16.0 ],
				"faces": {
					"north": {
						"texture": "#north",
						"uv": [ 0.0, 7.5, 16.0, 15.5 ]
					},
					"east": {
						"texture": "#east",
						"uv": [ 0.0, 8.0, 16.0, 16.0 ]
					},
					"south": {
						"texture": "#south",
						"uv": [ 0.0, 8.0, 16.0, 16.0 ]
					},
					"west": {
						"texture": "#west",
						"uv": [ 0.0, 8.0, 16.0, 16.0 ]
					},
					"up": {
						"texture": "#up",
						"uv": [ 0.0, 0.0, 16.0, 16.0 ],
						"rotation": 180
					},
					"down": {
						"texture": "#down",
						"uv": [ 0.0, 0.0, 16.0, 16.0 ]
					}
				},
				"children": [
					{
						"name": "Base-snow",
						"from": [ 0.0, 8.01, 8.0 ],
						"to": [ 16.0, 10.01, 16.0 ],
						"rotationOrigin": [ 0.0, 0.0, 8.0 ],
						"faces": {
							"north": {
								"texture": "#snowcover",
								"uv": [ 0.0, 0.0, 16.0, 2.0 ],
								"enabled": false
							},
							"east": {
								"texture": "#snowcover",
								"uv": [ 0.0, 0.0, 8.0, 2.0 ]
							},
							"south": {
								"texture": "#snowcover",
								"uv": [ 0.0, 0.0, 16.0, 2.0 ]
							},
							"west": {
								"texture": "#snowcover",
								"uv": [ 0.0, 0.0, 8.0, 2.0 ]
							},
							"up": {
								"texture": "#snowcover",
								"uv": [ 0.0, 0.0, 16.0, 8.0 ],
								"rotation": 180
							},
							"down": {
								"texture": "#snowcover",
								"uv": [ 0.0, 0.0, 16.0, 8.0 ],
								"enabled": false
							}
						}
					}
				]
			},
			{
				"name": "Step",
				"from": [ 0.0, 8.0, 0.0 ],
				"to": [ 16.0, 16.0, 8.0 ],
				"faces": {
					"north": {
						"texture": "#north",
						"uv": [ 0.0, 0.0, 16.0, 8.0 ]
					},
					"east": {
						"texture": "#east",
						"uv": [ 0.0, 0.0, 8.0, 8.0 ]
					},
					"south": {
						"texture": "#south",
						"uv": [ 0.0, 0.0, 16.0, 8.0 ]
					},
					"west": {
						"texture": "#west",
						"uv": [ 0.0, 0.0, 8.0, 8.0 ]
					},
					"up": {
						"texture": "#up",
						"uv": [ 0.0, 0.0, 16.0, 8.0 ],
						"rotation": 180
					},
					"down": {
						"texture": "#down",
						"uv": [ 0.0, 0.0, 16.0, 8.0 ],
						"enabled": false
					}
				},
				"children": [
					{
						"name": "Step-snow",
						"from": [ 0.0, 8.01, 0.0 ],
						"to": [ 16.0, 10.01, 8.0 ],
						"faces": {
							"north": {
								"texture": "#snowcover",
								"uv": [ 0.0, 0.0, 16.0, 2.0 ]
							},
							"east": {
								"texture": "#snowcover",
								"uv": [ 0.0, 0.0, 8.0, 2.0 ]
							},
							"south": {
								"texture": "#snowcover",
								"uv": [ 0.0, 0.0, 16.0, 2.0 ]
							},
							"west": {
								"texture": "#snowcover",
								"uv": [ 0.0, 0.0, 8.0, 2.0 ]
							},
							"up": {
								"texture": "#snowcover",
								"uv": [ 0.0, 0.0, 16.0, 8.0 ],
								"rotation": 180
							},
							"down": {
								"texture": "#snowcover",
								"uv": [ 0.0, 0.0, 16.0, 8.0 ],
								"enabled": false
							}
						}
					}
				]
			}
		]
	}
]