{
	"editor": {
		"collapsedPaths": "Root/Plant2/flower2,Root/dome/floor2,Root/dome/dome4,Root/dome/dome5,Root/dome/dome6,Root/dome/dome7,Root/legs,Root/flower4,Root/dome1,Root/dome3,Root/dome4,Root/flower25,Root/flower1,Root/dome6,Root/flower2,Root/dome7,Root/flower3,Root/bottom,Root/flower31,Root/stone,Root/Top",
		"allAngles": false,
		"entityTextureMode": false
	},
	"textureWidth": 16,
	"textureHeight": 16,
	"textureSizes": {
	},
	"textures": {
	},
	"elements": [
		{
			"name": "flower1",
			"from": [ 3.0, 0.0, -2.4 ],
			"to": [ 4.0, 1.0, -1.4 ],
			"shade": false,
			"rotationOrigin": [ 3.0, 0.0, -2.4 ],
			"rotationY": -89.0,
			"faces": {
			},
			"children": [
				{
					"name": "Cube10",
					"from": [ 3.0, 0.0, -4.8 ],
					"to": [ 19.0, 16.0, -4.8 ],
					"shade": false,
					"rotationOrigin": [ 3.0, 0.0, -5.1 ],
					"faces": {
						"north": {
							"texture": "#2",
							"uv": [ 0.0, 0.0, 16.0, 16.0 ],
							"autoUv": false,
							"windMode": [ 0, 2, 2, 0 ],
							"windData": [ 0, 1, 1, 0 ]
						}
					}
				},
				{
					"name": "Cube13",
					"from": [ 11.0, 0.0, -12.9 ],
					"to": [ 27.0, 16.0, -12.9 ],
					"shade": false,
					"rotationOrigin": [ 11.0, 0.0, -12.9 ],
					"rotationY": -90.0,
					"faces": {
						"north": {
							"texture": "#6",
							"uv": [ 0.0, 0.0, 16.0, 16.0 ],
							"autoUv": false,
							"windMode": [ 0, 2, 2, 0 ],
							"windData": [ 0, 1, 1, 0 ]
						}
					}
				},
				{
					"name": "stem5",
					"from": [ 0.0, 0.0, 0.0 ],
					"to": [ 1.0, 1.0, 1.0 ],
					"climateColorMap": "climatePlantTint",
					"seasonColorMap": "seasonalFoliage",
					"faces": {
					},
					"children": [
						{
							"name": "Cube19",
							"from": [ 3.0, 0.0, -4.8 ],
							"to": [ 19.0, 16.0, -4.8 ],
							"shade": false,
							"climateColorMap": "climatePlantTint",
							"seasonColorMap": "seasonalFoliage",
							"rotationOrigin": [ 3.0, 0.0, -4.8 ],
							"faces": {
								"north": {
									"texture": "#20",
									"uv": [ 0.0, 0.0, 16.0, 16.0 ],
									"autoUv": false,
									"windMode": [ 0, 2, 2, 0 ],
									"windData": [ 0, 1, 1, 0 ]
								}
							}
						},
						{
							"name": "Cube22",
							"from": [ 11.0, 0.0, -12.9 ],
							"to": [ 27.0, 16.0, -12.9 ],
							"shade": false,
							"climateColorMap": "climatePlantTint",
							"seasonColorMap": "seasonalFoliage",
							"rotationOrigin": [ 11.0, 0.0, -12.9 ],
							"rotationY": -89.98,
							"faces": {
								"north": {
									"texture": "#60",
									"uv": [ 0.0, 0.0, 16.0, 16.0 ],
									"autoUv": false,
									"windMode": [ 0, 2, 2, 0 ],
									"windData": [ 0, 1, 1, 0 ]
								}
							}
						}
					]
				}
			]
		},
		{
			"name": "flower2",
			"from": [ -8.0, 0.0, 9.7 ],
			"to": [ -7.0, 1.0, 10.7 ],
			"shade": false,
			"rotationOrigin": [ -8.0, 0.0, 9.7 ],
			"rotationY": -45.0,
			"faces": {
			},
			"children": [
				{
					"name": "Cube11",
					"from": [ 3.0, 0.0, -4.8 ],
					"to": [ 19.0, 16.0, -4.8 ],
					"shade": false,
					"rotationOrigin": [ 3.0, 0.0, -5.1 ],
					"faces": {
						"north": {
							"texture": "#3",
							"uv": [ 0.0, 0.0, 16.0, 16.0 ],
							"autoUv": false,
							"windMode": [ 0, 2, 2, 0 ],
							"windData": [ 0, 1, 1, 0 ]
						}
					}
				},
				{
					"name": "Cube16",
					"from": [ 11.0, 0.0, -12.9 ],
					"to": [ 27.0, 16.0, -12.9 ],
					"shade": false,
					"rotationOrigin": [ 11.0, 0.0, -12.9 ],
					"rotationY": -90.0,
					"faces": {
						"north": {
							"texture": "#4",
							"uv": [ 0.0, 0.0, 16.0, 16.0 ],
							"autoUv": false,
							"windMode": [ 0, 2, 2, 0 ],
							"windData": [ 0, 1, 1, 0 ]
						}
					}
				},
				{
					"name": "stem6",
					"from": [ 0.0, 0.0, 0.0 ],
					"to": [ 1.0, 1.0, 1.0 ],
					"climateColorMap": "climatePlantTint",
					"seasonColorMap": "seasonalFoliage",
					"faces": {
					},
					"children": [
						{
							"name": "Cube25",
							"from": [ 3.0, 0.0, -4.8 ],
							"to": [ 19.0, 16.0, -4.8 ],
							"shade": false,
							"climateColorMap": "climatePlantTint",
							"seasonColorMap": "seasonalFoliage",
							"rotationOrigin": [ 3.0, 0.0, -4.8 ],
							"faces": {
								"north": {
									"texture": "#30",
									"uv": [ 0.0, 0.0, 16.0, 16.0 ],
									"autoUv": false,
									"windMode": [ 0, 2, 2, 0 ],
									"windData": [ 0, 1, 1, 0 ]
								}
							}
						},
						{
							"name": "Cube28",
							"from": [ 11.0, 0.0, -12.9 ],
							"to": [ 27.0, 16.0, -12.9 ],
							"shade": false,
							"climateColorMap": "climatePlantTint",
							"seasonColorMap": "seasonalFoliage",
							"rotationOrigin": [ 11.0, 0.0, -12.9 ],
							"rotationY": -89.98,
							"faces": {
								"north": {
									"texture": "#40",
									"uv": [ 0.0, 0.0, 16.0, 16.0 ],
									"autoUv": false,
									"windMode": [ 0, 2, 2, 0 ],
									"windData": [ 0, 1, 1, 0 ]
								}
							}
						}
					]
				}
			]
		},
		{
			"name": "flower3",
			"from": [ -2.3, 0.0, -5.8 ],
			"to": [ -1.3, 1.0, -4.8 ],
			"shade": false,
			"rotationOrigin": [ -2.3, 0.0, -5.8 ],
			"rotationY": -90.0,
			"faces": {
			},
			"children": [
				{
					"name": "Cube12",
					"from": [ 3.0, 0.0, -4.8 ],
					"to": [ 19.0, 16.0, -4.8 ],
					"shade": false,
					"rotationOrigin": [ 3.0, 0.0, -5.1 ],
					"faces": {
						"north": {
							"texture": "#1",
							"uv": [ 0.0, 0.0, 16.0, 16.0 ],
							"autoUv": false,
							"windMode": [ 0, 2, 2, 0 ],
							"windData": [ 0, 1, 1, 0 ]
						}
					}
				},
				{
					"name": "Cube31",
					"from": [ 11.0, 0.0, -12.9 ],
					"to": [ 27.0, 16.0, -12.9 ],
					"shade": false,
					"rotationOrigin": [ 11.0, 0.0, -12.9 ],
					"rotationY": -90.0,
					"faces": {
						"north": {
							"texture": "#6",
							"uv": [ 0.0, 0.0, 16.0, 16.0 ],
							"autoUv": false,
							"windMode": [ 0, 2, 2, 0 ],
							"windData": [ 0, 1, 1, 0 ]
						}
					}
				},
				{
					"name": "stem7",
					"from": [ 0.0, 0.0, 0.0 ],
					"to": [ 1.0, 1.0, 1.0 ],
					"climateColorMap": "climatePlantTint",
					"seasonColorMap": "seasonalFoliage",
					"faces": {
					},
					"children": [
						{
							"name": "Cube34",
							"from": [ 3.0, 0.0, -4.8 ],
							"to": [ 19.0, 16.0, -4.8 ],
							"shade": false,
							"climateColorMap": "climatePlantTint",
							"seasonColorMap": "seasonalFoliage",
							"rotationOrigin": [ 3.0, 0.0, -4.8 ],
							"faces": {
								"north": {
									"texture": "#10",
									"uv": [ 0.0, 0.0, 16.0, 16.0 ],
									"autoUv": false,
									"windMode": [ 0, 2, 2, 0 ],
									"windData": [ 0, 1, 1, 0 ]
								}
							}
						},
						{
							"name": "Cube37",
							"from": [ 11.0, 0.0, -12.9 ],
							"to": [ 27.0, 16.0, -12.9 ],
							"shade": false,
							"climateColorMap": "climatePlantTint",
							"seasonColorMap": "seasonalFoliage",
							"rotationOrigin": [ 11.0, 0.0, -12.9 ],
							"rotationY": -89.98,
							"faces": {
								"north": {
									"texture": "#60",
									"uv": [ 0.0, 0.0, 16.0, 16.0 ],
									"autoUv": false,
									"windMode": [ 0, 2, 2, 0 ],
									"windData": [ 0, 1, 1, 0 ]
								}
							}
						}
					]
				}
			]
		},
		{
			"name": "flower4",
			"from": [ 1.0, 0.0, -0.3 ],
			"to": [ 2.0, 1.0, 0.7 ],
			"shade": false,
			"rotationOrigin": [ 1.0, 0.0, -0.3 ],
			"rotationY": -45.0,
			"faces": {
			},
			"children": [
				{
					"name": "Cube14",
					"from": [ 3.0, 0.0, -4.8 ],
					"to": [ 19.0, 16.0, -4.8 ],
					"shade": false,
					"rotationOrigin": [ 3.0, 0.0, -5.1 ],
					"faces": {
						"north": {
							"texture": "#4",
							"uv": [ 0.0, 0.0, 16.0, 16.0 ],
							"autoUv": false,
							"windMode": [ 0, 2, 2, 0 ],
							"windData": [ 0, 1, 1, 0 ]
						}
					}
				},
				{
					"name": "Cube38",
					"from": [ 11.0, 0.0, -12.9 ],
					"to": [ 27.0, 16.0, -12.9 ],
					"shade": false,
					"rotationOrigin": [ 11.0, 0.0, -12.9 ],
					"rotationY": -90.0,
					"faces": {
						"north": {
							"texture": "#2",
							"uv": [ 0.0, 0.0, 16.0, 16.0 ],
							"autoUv": false,
							"windMode": [ 0, 2, 2, 0 ],
							"windData": [ 0, 1, 1, 0 ]
						}
					}
				},
				{
					"name": "stem8",
					"from": [ 0.0, 0.0, 0.0 ],
					"to": [ 1.0, 1.0, 1.0 ],
					"climateColorMap": "climatePlantTint",
					"seasonColorMap": "seasonalFoliage",
					"faces": {
					},
					"children": [
						{
							"name": "Cube39",
							"from": [ 3.0, 0.0, -4.8 ],
							"to": [ 19.0, 16.0, -4.8 ],
							"shade": false,
							"climateColorMap": "climatePlantTint",
							"seasonColorMap": "seasonalFoliage",
							"rotationOrigin": [ 3.0, 0.0, -4.8 ],
							"faces": {
								"north": {
									"texture": "#40",
									"uv": [ 0.0, 0.0, 16.0, 16.0 ],
									"autoUv": false,
									"windMode": [ 0, 2, 2, 0 ],
									"windData": [ 0, 1, 1, 0 ]
								}
							}
						},
						{
							"name": "Cube40",
							"from": [ 11.0, 0.0, -12.9 ],
							"to": [ 27.0, 16.0, -12.9 ],
							"shade": false,
							"climateColorMap": "climatePlantTint",
							"seasonColorMap": "seasonalFoliage",
							"rotationOrigin": [ 11.0, 0.0, -12.9 ],
							"rotationY": -89.98,
							"faces": {
								"north": {
									"texture": "#20",
									"uv": [ 0.0, 0.0, 16.0, 16.0 ],
									"autoUv": false,
									"windMode": [ 0, 2, 2, 0 ],
									"windData": [ 0, 1, 1, 0 ]
								}
							}
						}
					]
				}
			]
		},
		{
			"name": "flower5",
			"from": [ -0.6, 0.0, -4.9 ],
			"to": [ 0.4, 1.0, -3.9 ],
			"shade": false,
			"rotationOrigin": [ -0.6, 0.0, -5.9 ],
			"rotationY": -67.5,
			"faces": {
			},
			"children": [
				{
					"name": "Cube15",
					"from": [ 3.0, 0.0, -4.8 ],
					"to": [ 19.0, 16.0, -4.8 ],
					"shade": false,
					"rotationOrigin": [ 3.0, 0.0, -5.1 ],
					"faces": {
						"north": {
							"texture": "#5",
							"uv": [ 0.0, 0.0, 16.0, 16.0 ],
							"autoUv": false,
							"windMode": [ 0, 2, 2, 0 ],
							"windData": [ 0, 1, 1, 0 ]
						}
					}
				},
				{
					"name": "Cube41",
					"from": [ 11.0, 0.0, -12.9 ],
					"to": [ 27.0, 16.0, -12.9 ],
					"shade": false,
					"rotationOrigin": [ 11.0, 0.0, -12.9 ],
					"rotationY": -90.0,
					"faces": {
						"north": {
							"texture": "#3",
							"uv": [ 0.0, 0.0, 16.0, 16.0 ],
							"autoUv": false,
							"windMode": [ 0, 2, 2, 0 ],
							"windData": [ 0, 1, 1, 0 ]
						}
					}
				},
				{
					"name": "stem9",
					"from": [ 0.0, 0.0, 0.0 ],
					"to": [ 1.0, 1.0, 1.0 ],
					"climateColorMap": "climatePlantTint",
					"seasonColorMap": "seasonalFoliage",
					"faces": {
					},
					"children": [
						{
							"name": "Cube42",
							"from": [ 3.0, 0.0, -4.8 ],
							"to": [ 19.0, 16.0, -4.8 ],
							"shade": false,
							"climateColorMap": "climatePlantTint",
							"seasonColorMap": "seasonalFoliage",
							"rotationOrigin": [ 3.0, 0.0, -4.8 ],
							"faces": {
								"north": {
									"texture": "#50",
									"uv": [ 0.0, 0.0, 16.0, 16.0 ],
									"autoUv": false,
									"windMode": [ 0, 2, 2, 0 ],
									"windData": [ 0, 1, 1, 0 ]
								}
							}
						},
						{
							"name": "Cube43",
							"from": [ 11.0, 0.0, -12.9 ],
							"to": [ 27.0, 16.0, -12.9 ],
							"shade": false,
							"climateColorMap": "climatePlantTint",
							"seasonColorMap": "seasonalFoliage",
							"rotationOrigin": [ 11.0, 0.0, -12.9 ],
							"rotationY": -89.98,
							"faces": {
								"north": {
									"texture": "#30",
									"uv": [ 0.0, 0.0, 16.0, 16.0 ],
									"autoUv": false,
									"windMode": [ 0, 2, 2, 0 ],
									"windData": [ 0, 1, 1, 0 ]
								}
							}
						}
					]
				}
			]
		},
		{
			"name": "flower6",
			"from": [ 1.5, 0.0, 12.1 ],
			"to": [ 2.5, 1.0, 13.1 ],
			"shade": false,
			"rotationOrigin": [ 1.5, 0.0, 11.1 ],
			"rotationY": -22.5,
			"faces": {
			},
			"children": [
				{
					"name": "Cube17",
					"from": [ 3.0, 0.0, -4.8 ],
					"to": [ 19.0, 16.0, -4.8 ],
					"shade": false,
					"rotationOrigin": [ 3.0, 0.0, -5.1 ],
					"faces": {
						"north": {
							"texture": "#1",
							"uv": [ 0.0, 0.0, 16.0, 16.0 ],
							"autoUv": false,
							"windMode": [ 0, 2, 2, 0 ],
							"windData": [ 0, 1, 1, 0 ]
						}
					}
				},
				{
					"name": "Cube44",
					"from": [ 11.0, 0.0, -12.9 ],
					"to": [ 27.0, 16.0, -12.9 ],
					"shade": false,
					"rotationOrigin": [ 11.0, 0.0, -12.9 ],
					"rotationY": -90.0,
					"faces": {
						"north": {
							"texture": "#5",
							"uv": [ 0.0, 0.0, 16.0, 16.0 ],
							"autoUv": false,
							"windMode": [ 0, 2, 2, 0 ],
							"windData": [ 0, 1, 1, 0 ]
						}
					}
				},
				{
					"name": "stem10",
					"from": [ 0.0, 0.0, 0.0 ],
					"to": [ 1.0, 1.0, 1.0 ],
					"climateColorMap": "climatePlantTint",
					"seasonColorMap": "seasonalFoliage",
					"faces": {
					},
					"children": [
						{
							"name": "Cube45",
							"from": [ 3.0, 0.0, -4.8 ],
							"to": [ 19.0, 16.0, -4.8 ],
							"shade": false,
							"climateColorMap": "climatePlantTint",
							"seasonColorMap": "seasonalFoliage",
							"rotationOrigin": [ 3.0, 0.0, -4.8 ],
							"faces": {
								"north": {
									"texture": "#10",
									"uv": [ 0.0, 0.0, 16.0, 16.0 ],
									"autoUv": false,
									"windMode": [ 0, 2, 2, 0 ],
									"windData": [ 0, 1, 1, 0 ]
								}
							}
						},
						{
							"name": "Cube46",
							"from": [ 11.0, 0.0, -12.9 ],
							"to": [ 27.0, 16.0, -12.9 ],
							"shade": false,
							"climateColorMap": "climatePlantTint",
							"seasonColorMap": "seasonalFoliage",
							"rotationOrigin": [ 11.0, 0.0, -12.9 ],
							"rotationY": -89.98,
							"faces": {
								"north": {
									"texture": "#50",
									"uv": [ 0.0, 0.0, 16.0, 16.0 ],
									"autoUv": false,
									"windMode": [ 0, 2, 2, 0 ],
									"windData": [ 0, 1, 1, 0 ]
								}
							}
						}
					]
				}
			]
		}
	]}