{
	"editor": {
		"collapsedPaths": "Root/Plant2/flower2,Root/dome/dome4,Root/dome/dome5,Root/dome/dome6,Root/dome/dome7,Root/legs,Root/flower37,Root/flower31,Root/dome/floor2,Root/flower8,Root/flower4,Root/dome1,Root/flower5,Root/flower6,Root/dome3,Root/flower7,Root/dome4,Root/flower25,Root/flower1,Root/dome6,Root/flower2,Root/dome7,Root/flower3,Root/bottom,Root/flower43,Root/stone,Root/Top",
		"allAngles": false,
		"entityTextureMode": false
	},
	"textureWidth": 16,
	"textureHeight": 16,
	"textureSizes": {
	},
	"textures": {
	},
	"elements": [
		{
			"name": "flower3",
			"from": [ 3.0, 0.0, -3.0 ],
			"to": [ 4.0, 1.0, -2.0 ],
			"shade": false,
			"rotationOrigin": [ 3.0, 0.0, -3.0 ],
			"rotationY": -89.0,
			"faces": {
			},
			"children": [
				{
					"name": "Cube8",
					"from": [ 3.0, 0.0, -4.7 ],
					"to": [ 19.0, 16.0, -4.7 ],
					"shade": false,
					"rotationOrigin": [ 3.0, 0.0, -4.7 ],
					"faces": {
						"north": {
							"texture": "#2",
							"uv": [ 0.0, 0.0, 16.0, 16.0 ],
							"autoUv": false,
							"windMode": [ 0, 2, 2, 0 ],
							"windData": [ 0, 1, 1, 0 ]
						}
					}
				},
				{
					"name": "Cube9",
					"from": [ 11.0, 0.0, -12.8 ],
					"to": [ 27.0, 16.0, -12.8 ],
					"shade": false,
					"rotationOrigin": [ 11.0, 0.0, -12.8 ],
					"rotationY": -90.0,
					"faces": {
						"north": { "texture": "#5", "uv": [ 0.0, 0.0, 16.0, 16.0 ], "autoUv": false, "windMode": [0,2,2,0], "windData": [0,1,1,0] }
					}
				},
				{
					"name": "stem3",
					"from": [ 0.0, 0.0, 0.0 ],
					"to": [ 1.0, 1.0, 1.0 ],
					"climateColorMap": "climatePlantTint",
					"seasonColorMap": "seasonalFoliage",
					"faces": {
					},
					"children": [
						{
							"name": "Cube17",
							"from": [ 3.0, 0.0, -4.7 ],
							"to": [ 19.0, 16.0, -4.7 ],
							"shade": false,
							"climateColorMap": "climatePlantTint",
							"seasonColorMap": "seasonalFoliage",
							"rotationOrigin": [ 3.0, 0.0, -4.7 ],
							"faces": {
								"north": { "texture": "#20", "uv": [ 0.0, 0.0, 16.0, 16.0 ], "autoUv": false, "windMode": [0,2,2,0], "windData": [0,1,1,0] }
							}
						},
						{
							"name": "Cube18",
							"from": [ 11.0, 0.0, -12.8 ],
							"to": [ 27.0, 16.0, -12.8 ],
							"shade": false,
							"climateColorMap": "climatePlantTint",
							"seasonColorMap": "seasonalFoliage",
							"rotationOrigin": [ 11.0, 0.0, -12.8 ],
							"rotationY": -90.0,
							"faces": {
								"north": { "texture": "#50", "uv": [ 0.0, 0.0, 16.0, 16.0 ], "autoUv": false, "windMode": [0,2,2,0], "windData": [0,1,1,0] }
							}
						}
					]
				}
			]
		},
		{
			"name": "flower1",
			"from": [ -5.9, 0.0, 4.4 ],
			"to": [ -4.9, 1.0, 5.4 ],
			"shade": false,
			"rotationOrigin": [ -5.9, 0.0, 4.4 ],
			"rotationY": -45.0,
			"faces": {
			},
			"children": [
				{
					"name": "Cube10",
					"from": [ 3.0, 0.0, -4.7 ],
					"to": [ 19.0, 16.0, -4.7 ],
					"shade": false,
					"rotationOrigin": [ 3.0, 0.0, -4.7 ],
					"faces": {
						"north": {
							"texture": "#4",
							"uv": [ 0.0, 0.0, 16.0, 16.0 ],
							"autoUv": false,
							"windMode": [ 0, 2, 2, 0 ],
							"windData": [ 0, 1, 1, 0 ]
						}
					}
				},
				{
					"name": "Cube13",
					"from": [ 11.0, 0.0, -12.8 ],
					"to": [ 27.0, 16.0, -12.8 ],
					"shade": false,
					"rotationOrigin": [ 11.0, 0.0, -12.8 ],
					"rotationY": -90.0,
					"faces": {
						"north": {
							"texture": "#3",
							"uv": [ 0.0, 0.0, 16.0, 16.0 ],
							"autoUv": false,
							"windMode": [ 0, 2, 2, 0 ],
							"windData": [ 0, 1, 1, 0 ]
						}
					}
				},
				{
					"name": "stem5",
					"from": [ 0.0, 0.0, 0.0 ],
					"to": [ 1.0, 1.0, 1.0 ],
					"climateColorMap": "climatePlantTint",
					"seasonColorMap": "seasonalFoliage",
					"faces": {
					},
					"children": [
						{
							"name": "Cube19",
							"from": [ 3.0, 0.0, -4.7 ],
							"to": [ 19.0, 16.0, -4.7 ],
							"shade": false,
							"climateColorMap": "climatePlantTint",
							"seasonColorMap": "seasonalFoliage",
							"rotationOrigin": [ 3.0, 0.0, -4.7 ],
							"faces": {
								"north": {
									"texture": "#40",
									"uv": [ 0.0, 0.0, 16.0, 16.0 ],
									"autoUv": false,
									"windMode": [ 0, 2, 2, 0 ],
									"windData": [ 0, 1, 1, 0 ]
								}
							}
						},
						{
							"name": "Cube22",
							"from": [ 11.0, 0.0, -12.8 ],
							"to": [ 27.0, 16.0, -12.8 ],
							"shade": false,
							"climateColorMap": "climatePlantTint",
							"seasonColorMap": "seasonalFoliage",
							"rotationOrigin": [ 11.0, 0.0, -12.8 ],
							"rotationY": -90.0,
							"faces": {
								"north": {
									"texture": "#30",
									"uv": [ 0.0, 0.0, 16.0, 16.0 ],
									"autoUv": false,
									"windMode": [ 0, 2, 2, 0 ],
									"windData": [ 0, 1, 1, 0 ]
								}
							}
						}
					]
				}
			]
		},
		{
			"name": "flower2",
			"from": [ -5.0, 0.0, 5.2 ],
			"to": [ -4.0, 1.0, 6.2 ],
			"shade": false,
			"rotationOrigin": [ -5.0, 0.0, 5.2 ],
			"rotationY": -67.5,
			"faces": {
			},
			"children": [
				{
					"name": "Cube11",
					"from": [ 3.0, 0.0, -4.7 ],
					"to": [ 19.0, 16.0, -4.7 ],
					"shade": false,
					"rotationOrigin": [ 3.0, 0.0, -4.7 ],
					"faces": {
						"north": {
							"texture": "#2",
							"uv": [ 0.0, 0.0, 16.0, 16.0 ],
							"autoUv": false,
							"windMode": [ 0, 2, 2, 0 ],
							"windData": [ 0, 1, 1, 0 ]
						}
					}
				},
				{
					"name": "Cube16",
					"from": [ 11.0, 0.0, -12.8 ],
					"to": [ 27.0, 16.0, -12.8 ],
					"shade": false,
					"rotationOrigin": [ 11.0, 0.0, -12.8 ],
					"rotationY": -90.0,
					"faces": {
						"north": {
							"texture": "#6",
							"uv": [ 0.0, 0.0, 16.0, 16.0 ],
							"autoUv": false,
							"windMode": [ 0, 2, 2, 0 ],
							"windData": [ 0, 1, 1, 0 ]
						}
					}
				},
				{
					"name": "stem6",
					"from": [ 0.0, 0.0, 0.0 ],
					"to": [ 1.0, 1.0, 1.0 ],
					"climateColorMap": "climatePlantTint",
					"seasonColorMap": "seasonalFoliage",
					"faces": {
					},
					"children": [
						{
							"name": "Cube25",
							"from": [ 3.0, 0.0, -4.7 ],
							"to": [ 19.0, 16.0, -4.7 ],
							"shade": false,
							"climateColorMap": "climatePlantTint",
							"seasonColorMap": "seasonalFoliage",
							"rotationOrigin": [ 3.0, 0.0, -4.7 ],
							"faces": {
								"north": {
									"texture": "#20",
									"uv": [ 0.0, 0.0, 16.0, 16.0 ],
									"autoUv": false,
									"windMode": [ 0, 2, 2, 0 ],
									"windData": [ 0, 1, 1, 0 ]
								}
							}
						},
						{
							"name": "Cube28",
							"from": [ 11.0, 0.0, -12.8 ],
							"to": [ 27.0, 16.0, -12.8 ],
							"shade": false,
							"climateColorMap": "climatePlantTint",
							"seasonColorMap": "seasonalFoliage",
							"rotationOrigin": [ 11.0, 0.0, -12.8 ],
							"rotationY": -90.0,
							"faces": {
								"north": {
									"texture": "#60",
									"uv": [ 0.0, 0.0, 16.0, 16.0 ],
									"autoUv": false,
									"windMode": [ 0, 2, 2, 0 ],
									"windData": [ 0, 1, 1, 0 ]
								}
							}
						}
					]
				}
			]
		},
		{
			"name": "flower4",
			"from": [ 9.4, 0.0, -2.1 ],
			"to": [ 10.4, 1.0, -1.1 ],
			"shade": false,
			"rotationOrigin": [ 9.4, 0.0, -2.1 ],
			"rotationY": -104.0,
			"faces": {
			},
			"children": [
				{
					"name": "Cube12",
					"from": [ 3.0, 0.0, -4.7 ],
					"to": [ 19.0, 16.0, -4.7 ],
					"shade": false,
					"rotationOrigin": [ 3.0, 0.0, -4.7 ],
					"faces": {
						"north": {
							"texture": "#5",
							"uv": [ 0.0, 0.0, 16.0, 16.0 ],
							"autoUv": false,
							"windMode": [ 0, 2, 2, 0 ],
							"windData": [ 0, 1, 1, 0 ]
						}
					}
				},
				{
					"name": "Cube14",
					"from": [ 11.0, 0.0, -12.8 ],
					"to": [ 27.0, 16.0, -12.8 ],
					"shade": false,
					"rotationOrigin": [ 11.0, 0.0, -12.8 ],
					"rotationY": -90.0,
					"faces": {
						"north": {
							"texture": "#3",
							"uv": [ 0.0, 0.0, 16.0, 16.0 ],
							"autoUv": false,
							"windMode": [ 0, 2, 2, 0 ],
							"windData": [ 0, 1, 1, 0 ]
						}
					}
				},
				{
					"name": "stem7",
					"from": [ 0.0, 0.0, 0.0 ],
					"to": [ 1.0, 1.0, 1.0 ],
					"climateColorMap": "climatePlantTint",
					"seasonColorMap": "seasonalFoliage",
					"faces": {
					},
					"children": [
						{
							"name": "Cube31",
							"from": [ 3.0, 0.0, -4.7 ],
							"to": [ 19.0, 16.0, -4.7 ],
							"shade": false,
							"climateColorMap": "climatePlantTint",
							"seasonColorMap": "seasonalFoliage",
							"rotationOrigin": [ 3.0, 0.0, -4.7 ],
							"faces": {
								"north": {
									"texture": "#50",
									"uv": [ 0.0, 0.0, 16.0, 16.0 ],
									"autoUv": false,
									"windMode": [ 0, 2, 2, 0 ],
									"windData": [ 0, 1, 1, 0 ]
								}
							}
						},
						{
							"name": "Cube34",
							"from": [ 11.0, 0.0, -12.8 ],
							"to": [ 27.0, 16.0, -12.8 ],
							"shade": false,
							"climateColorMap": "climatePlantTint",
							"seasonColorMap": "seasonalFoliage",
							"rotationOrigin": [ 11.0, 0.0, -12.8 ],
							"rotationY": -90.0,
							"faces": {
								"north": {
									"texture": "#30",
									"uv": [ 0.0, 0.0, 16.0, 16.0 ],
									"autoUv": false,
									"windMode": [ 0, 2, 2, 0 ],
									"windData": [ 0, 1, 1, 0 ]
								}
							}
						}
					]
				}
			]
		},
		{
			"name": "flower5",
			"from": [ 3.2, 0.0, -8.7 ],
			"to": [ 4.2, 1.0, -7.7 ],
			"shade": false,
			"rotationOrigin": [ 3.2, 0.0, -8.7 ],
			"rotationY": -97.0,
			"faces": {
			},
			"children": [
				{
					"name": "Cube15",
					"from": [ 3.0, 0.0, -4.7 ],
					"to": [ 19.0, 16.0, -4.7 ],
					"shade": false,
					"rotationOrigin": [ 3.0, 0.0, -4.7 ],
					"faces": {
						"north": {
							"texture": "#2",
							"uv": [ 0.0, 0.0, 16.0, 16.0 ],
							"autoUv": false,
							"windMode": [ 0, 2, 2, 0 ],
							"windData": [ 0, 1, 1, 0 ]
						}
					}
				},
				{
					"name": "Cube20",
					"from": [ 11.0, 0.0, -12.8 ],
					"to": [ 27.0, 16.0, -12.8 ],
					"shade": false,
					"rotationOrigin": [ 11.0, 0.0, -12.8 ],
					"rotationY": -90.0,
					"faces": {
						"north": {
							"texture": "#6",
							"uv": [ 0.0, 0.0, 16.0, 16.0 ],
							"autoUv": false,
							"windMode": [ 0, 2, 2, 0 ],
							"windData": [ 0, 1, 1, 0 ]
						}
					}
				},
				{
					"name": "stem8",
					"from": [ 0.0, 0.0, 0.0 ],
					"to": [ 1.0, 1.0, 1.0 ],
					"climateColorMap": "climatePlantTint",
					"seasonColorMap": "seasonalFoliage",
					"faces": {
					},
					"children": [
						{
							"name": "Cube37",
							"from": [ 3.0, 0.0, -4.7 ],
							"to": [ 19.0, 16.0, -4.7 ],
							"shade": false,
							"climateColorMap": "climatePlantTint",
							"seasonColorMap": "seasonalFoliage",
							"rotationOrigin": [ 3.0, 0.0, -4.7 ],
							"faces": {
								"north": {
									"texture": "#20",
									"uv": [ 0.0, 0.0, 16.0, 16.0 ],
									"autoUv": false,
									"windMode": [ 0, 2, 2, 0 ],
									"windData": [ 0, 1, 1, 0 ]
								}
							}
						},
						{
							"name": "Cube40",
							"from": [ 11.0, 0.0, -12.8 ],
							"to": [ 27.0, 16.0, -12.8 ],
							"shade": false,
							"climateColorMap": "climatePlantTint",
							"seasonColorMap": "seasonalFoliage",
							"rotationOrigin": [ 11.0, 0.0, -12.8 ],
							"rotationY": -90.0,
							"faces": {
								"north": {
									"texture": "#60",
									"uv": [ 0.0, 0.0, 16.0, 16.0 ],
									"autoUv": false,
									"windMode": [ 0, 2, 2, 0 ],
									"windData": [ 0, 1, 1, 0 ]
								}
							}
						}
					]
				}
			]
		},
		{
			"name": "flower6",
			"from": [ 13.2, 0.0, 0.3 ],
			"to": [ 14.2, 1.0, 1.3 ],
			"shade": false,
			"rotationOrigin": [ 13.2, 0.0, 0.3 ],
			"rotationY": -112.0,
			"faces": {
			},
			"children": [
				{
					"name": "Cube21",
					"from": [ 3.0, 0.0, -4.7 ],
					"to": [ 19.0, 16.0, -4.7 ],
					"shade": false,
					"rotationOrigin": [ 3.0, 0.0, -4.7 ],
					"faces": {
						"north": {
							"texture": "#1",
							"uv": [ 0.0, 0.0, 16.0, 16.0 ],
							"autoUv": false,
							"windMode": [ 0, 2, 2, 0 ],
							"windData": [ 0, 1, 1, 0 ]
						}
					}
				},
				{
					"name": "Cube23",
					"from": [ 11.0, 0.0, -12.8 ],
					"to": [ 27.0, 16.0, -12.8 ],
					"shade": false,
					"rotationOrigin": [ 11.0, 0.0, -12.8 ],
					"rotationY": -90.0,
					"faces": {
						"north": {
							"texture": "#4",
							"uv": [ 0.0, 0.0, 16.0, 16.0 ],
							"autoUv": false,
							"windMode": [ 0, 2, 2, 0 ],
							"windData": [ 0, 1, 1, 0 ]
						}
					}
				},
				{
					"name": "stem9",
					"from": [ 0.0, 0.0, 0.0 ],
					"to": [ 1.0, 1.0, 1.0 ],
					"climateColorMap": "climatePlantTint",
					"seasonColorMap": "seasonalFoliage",
					"faces": {
					},
					"children": [
						{
							"name": "Cube43",
							"from": [ 3.0, 0.0, -4.7 ],
							"to": [ 19.0, 16.0, -4.7 ],
							"shade": false,
							"climateColorMap": "climatePlantTint",
							"seasonColorMap": "seasonalFoliage",
							"rotationOrigin": [ 3.0, 0.0, -4.7 ],
							"faces": {
								"north": {
									"texture": "#10",
									"uv": [ 0.0, 0.0, 16.0, 16.0 ],
									"autoUv": false,
									"windMode": [ 0, 2, 2, 0 ],
									"windData": [ 0, 1, 1, 0 ]
								}
							}
						},
						{
							"name": "Cube46",
							"from": [ 11.0, 0.0, -12.8 ],
							"to": [ 27.0, 16.0, -12.8 ],
							"shade": false,
							"climateColorMap": "climatePlantTint",
							"seasonColorMap": "seasonalFoliage",
							"rotationOrigin": [ 11.0, 0.0, -12.8 ],
							"rotationY": -90.0,
							"faces": {
								"north": {
									"texture": "#40",
									"uv": [ 0.0, 0.0, 16.0, 16.0 ],
									"autoUv": false,
									"windMode": [ 0, 2, 2, 0 ],
									"windData": [ 0, 1, 1, 0 ]
								}
							}
						}
					]
				}
			]
		},
		{
			"name": "flower7",
			"from": [ 9.2, 0.0, -8.5 ],
			"to": [ 10.2, 1.0, -7.5 ],
			"shade": false,
			"rotationOrigin": [ 9.2, 0.0, -8.5 ],
			"rotationY": -90.0,
			"faces": {
			},
			"children": [
				{
					"name": "Cube24",
					"from": [ 3.0, 0.0, -4.7 ],
					"to": [ 19.0, 16.0, -4.7 ],
					"shade": false,
					"rotationOrigin": [ 3.0, 0.0, -4.7 ],
					"faces": {
						"north": {
							"texture": "#2",
							"uv": [ 0.0, 0.0, 16.0, 16.0 ],
							"autoUv": false,
							"windMode": [ 0, 2, 2, 0 ],
							"windData": [ 0, 1, 1, 0 ]
						}
					}
				},
				{
					"name": "Cube26",
					"from": [ 11.0, 0.0, -12.8 ],
					"to": [ 27.0, 16.0, -12.8 ],
					"shade": false,
					"rotationOrigin": [ 11.0, 0.0, -12.8 ],
					"rotationY": -90.0,
					"faces": {
						"north": {
							"texture": "#3",
							"uv": [ 0.0, 0.0, 16.0, 16.0 ],
							"autoUv": false,
							"windMode": [ 0, 2, 2, 0 ],
							"windData": [ 0, 1, 1, 0 ]
						}
					}
				},
				{
					"name": "stem10",
					"from": [ 0.0, 0.0, 0.0 ],
					"to": [ 1.0, 1.0, 1.0 ],
					"climateColorMap": "climatePlantTint",
					"seasonColorMap": "seasonalFoliage",
					"faces": {
					},
					"children": [
						{
							"name": "Cube49",
							"from": [ 3.0, 0.0, -4.7 ],
							"to": [ 19.0, 16.0, -4.7 ],
							"shade": false,
							"climateColorMap": "climatePlantTint",
							"seasonColorMap": "seasonalFoliage",
							"rotationOrigin": [ 3.0, 0.0, -4.7 ],
							"faces": {
								"north": {
									"texture": "#20",
									"uv": [ 0.0, 0.0, 16.0, 16.0 ],
									"autoUv": false,
									"windMode": [ 0, 2, 2, 0 ],
									"windData": [ 0, 1, 1, 0 ]
								}
							}
						},
						{
							"name": "Cube50",
							"from": [ 11.0, 0.0, -12.8 ],
							"to": [ 27.0, 16.0, -12.8 ],
							"shade": false,
							"climateColorMap": "climatePlantTint",
							"seasonColorMap": "seasonalFoliage",
							"rotationOrigin": [ 11.0, 0.0, -12.8 ],
							"rotationY": -90.0,
							"faces": {
								"north": {
									"texture": "#30",
									"uv": [ 0.0, 0.0, 16.0, 16.0 ],
									"autoUv": false,
									"windMode": [ 0, 2, 2, 0 ],
									"windData": [ 0, 1, 1, 0 ]
								}
							}
						}
					]
				}
			]
		},
		{
			"name": "flower8",
			"from": [ -2.0, 0.0, 10.5 ],
			"to": [ -1.0, 1.0, 11.5 ],
			"shade": false,
			"rotationOrigin": [ -2.0, 0.0, 10.5 ],
			"rotationY": -45.0,
			"faces": {
			},
			"children": [
				{
					"name": "Cube27",
					"from": [ 3.0, 0.0, -4.7 ],
					"to": [ 19.0, 16.0, -4.7 ],
					"shade": false,
					"rotationOrigin": [ 3.0, 0.0, -4.7 ],
					"faces": {
						"north": {
							"texture": "#6",
							"uv": [ 0.0, 0.0, 16.0, 16.0 ],
							"autoUv": false,
							"windMode": [ 0, 2, 2, 0 ],
							"windData": [ 0, 1, 1, 0 ]
						}
					}
				},
				{
					"name": "Cube29",
					"from": [ 11.0, 0.0, -12.8 ],
					"to": [ 27.0, 16.0, -12.8 ],
					"shade": false,
					"rotationOrigin": [ 11.0, 0.0, -12.8 ],
					"rotationY": -90.0,
					"faces": {
						"north": {
							"texture": "#5",
							"uv": [ 0.0, 0.0, 16.0, 16.0 ],
							"autoUv": false,
							"windMode": [ 0, 2, 2, 0 ],
							"windData": [ 0, 1, 1, 0 ]
						}
					}
				},
				{
					"name": "stem11",
					"from": [ 0.0, 0.0, 0.0 ],
					"to": [ 1.0, 1.0, 1.0 ],
					"climateColorMap": "climatePlantTint",
					"seasonColorMap": "seasonalFoliage",
					"faces": {
					},
					"children": [
						{
							"name": "Cube51",
							"from": [ 3.0, 0.0, -4.7 ],
							"to": [ 19.0, 16.0, -4.7 ],
							"shade": false,
							"climateColorMap": "climatePlantTint",
							"seasonColorMap": "seasonalFoliage",
							"rotationOrigin": [ 3.0, 0.0, -4.7 ],
							"faces": {
								"north": {
									"texture": "#60",
									"uv": [ 0.0, 0.0, 16.0, 16.0 ],
									"autoUv": false,
									"windMode": [ 0, 2, 2, 0 ],
									"windData": [ 0, 1, 1, 0 ]
								}
							}
						},
						{
							"name": "Cube52",
							"from": [ 11.0, 0.0, -12.8 ],
							"to": [ 27.0, 16.0, -12.8 ],
							"shade": false,
							"climateColorMap": "climatePlantTint",
							"seasonColorMap": "seasonalFoliage",
							"rotationOrigin": [ 11.0, 0.0, -12.8 ],
							"rotationY": -90.0,
							"faces": {
								"north": {
									"texture": "#50",
									"uv": [ 0.0, 0.0, 16.0, 16.0 ],
									"autoUv": false,
									"windMode": [ 0, 2, 2, 0 ],
									"windData": [ 0, 1, 1, 0 ]
								}
							}
						}
					]
				}
			]
		}
	]}