{
	"editor": {
		"allAngles": false,
		"entityTextureMode": false
	},
	"textureWidth": 16,
	"textureHeight": 16,
	"textureSizes": {
	},
	"textures": {
	},
	"elements": [
		{
			"name": "flower1",
			"from": [ 0.0, 0.0, 8.0 ],
			"to": [ 1.0, 1.0, 9.0 ],
			"shade": false,
			"rotationOrigin": [ 0.0, 0.0, 8.0 ],
			"faces": {
			},
			"children": [
				{
					"name": "Cube1",
					"from": [ 0.0, 0.0, 4.0 ],
					"to": [ 16.0, 16.0, 4.0 ],
					"shade": false,
					"rotationOrigin": [ 0.0, 0.0, 4.0 ],
					"faces": {
						"north": {
							"texture": "#3",
							"uv": [ 0.0, 0.0, 16.0, 16.0 ],
							"autoUv": false,
							"windMode": [ 0, 2, 2, 0 ],
							"windData": [ 0, 1, 1, 0 ]
						}
					}
				},
				{
					"name": "Cube2",
					"from": [ 7.9, 0.0, -4.1 ],
					"to": [ 23.9, 16.0, -4.1 ],
					"shade": false,
					"rotationOrigin": [ 7.9, 0.0, -4.1 ],
					"rotationY": -89.98,
					"faces": {
						"north": {
							"texture": "#1",
							"uv": [ 0.0, 0.0, 16.0, 16.0 ],
							"autoUv": false,
							"windMode": [ 0, 2, 2, 0 ],
							"windData": [ 0, 1, 1, 0 ]
						}
					}
				},
				{
					"name": "stem1",
					"from": [ 0.0, 0.0, 0.0 ],
					"to": [ 1.0, 1.0, 1.0 ],
					"climateColorMap": "climatePlantTint",
					"seasonColorMap": "seasonalFoliage",
					"faces": {
					},
					"children": [
						{
							"name": "Cube11",
							"from": [ 0.0, 0.0, 4.0 ],
							"to": [ 16.0, 16.0, 4.0 ],
							"shade": false,
							"climateColorMap": "climatePlantTint",
							"seasonColorMap": "seasonalFoliage",
							"rotationOrigin": [ 0.0, 0.0, 4.0 ],
							"faces": {
								"north": {
									"texture": "#30",
									"uv": [ 0.0, 0.0, 16.0, 16.0 ],
									"autoUv": false,
									"windMode": [ 0, 2, 2, 0 ],
									"windData": [ 0, 1, 1, 0 ]
								}
							}
						},
						{
							"name": "Cube12",
							"from": [ 7.9, 0.0, -4.1 ],
							"to": [ 23.9, 16.0, -4.1 ],
							"shade": false,
							"climateColorMap": "climatePlantTint",
							"seasonColorMap": "seasonalFoliage",
							"rotationOrigin": [ 7.9, 0.0, -4.1 ],
							"rotationY": -89.98,
							"faces": {
								"north": {
									"texture": "#10",
									"uv": [ 0.0, 0.0, 16.0, 16.0 ],
									"autoUv": false,
									"windMode": [ 0, 2, 2, 0 ],
									"windData": [ 0, 1, 1, 0 ]
								}
							}
						}
					]
				}
			]
		},
		{
			"name": "flower2",
			"from": [ -2.0, 0.0, 8.0 ],
			"to": [ -1.0, 1.0, 9.0 ],
			"shade": false,
			"rotationOrigin": [ -2.0, 0.0, 8.0 ],
			"rotationY": -45.0,
			"faces": {
			},
			"children": [
				{
					"name": "Cube5",
					"from": [ 1.0, 0.0, -1.0 ],
					"to": [ 17.0, 16.0, -1.0 ],
					"shade": false,
					"rotationOrigin": [ 1.0, 0.0, -1.0 ],
					"faces": {
						"north": {
							"texture": "#6",
							"uv": [ 0.0, 0.0, 16.0, 16.0 ],
							"autoUv": false,
							"windMode": [ 0, 2, 2, 0 ],
							"windData": [ 0, 1, 1, 0 ]
						}
					}
				},
				{
					"name": "Cube6",
					"from": [ 9.6, 0.0, -9.7 ],
					"to": [ 25.6, 16.0, -9.7 ],
					"shade": false,
					"rotationOrigin": [ 8.6, 0.0, -9.7 ],
					"rotationY": -89.98,
					"faces": {
						"north": {
							"texture": "#2",
							"uv": [ 0.0, 0.0, 16.0, 16.0 ],
							"autoUv": false,
							"windMode": [ 0, 2, 2, 0 ],
							"windData": [ 0, 1, 1, 0 ]
						}
					}
				},
				{
					"name": "stem2",
					"from": [ 0.0, 0.0, 0.0 ],
					"to": [ 1.0, 1.0, 1.0 ],
					"climateColorMap": "climatePlantTint",
					"seasonColorMap": "seasonalFoliage",
					"faces": {
					},
					"children": [
						{
							"name": "Cube14",
							"from": [ 1.0, 0.0, -1.0 ],
							"to": [ 17.0, 16.0, -1.0 ],
							"shade": false,
							"climateColorMap": "climatePlantTint",
							"seasonColorMap": "seasonalFoliage",
							"rotationOrigin": [ 1.0, 0.0, -1.0 ],
							"faces": {
								"north": {
									"texture": "#60",
									"uv": [ 0.0, 0.0, 16.0, 16.0 ],
									"autoUv": false,
									"windMode": [ 0, 2, 2, 0 ],
									"windData": [ 0, 1, 1, 0 ]
								}
							}
						},
						{
							"name": "Cube15",
							"from": [ 8.6, 0.0, -8.7 ],
							"to": [ 24.6, 16.0, -8.7 ],
							"shade": false,
							"climateColorMap": "climatePlantTint",
							"seasonColorMap": "seasonalFoliage",
							"rotationOrigin": [ 8.6, 0.0, -8.7 ],
							"rotationY": -89.98,
							"faces": {
								"north": {
									"texture": "#20",
									"uv": [ 0.0, 0.0, 16.0, 16.0 ],
									"autoUv": false,
									"windMode": [ 0, 2, 2, 0 ],
									"windData": [ 0, 1, 1, 0 ]
								}
							}
						}
					]
				}
			]
		},
		{
			"name": "flower3",
			"from": [ -4.7, 0.0, 3.9 ],
			"to": [ -3.7, 1.0, 4.9 ],
			"shade": false,
			"rotationOrigin": [ -4.7, 0.0, 3.9 ],
			"rotationY": 22.5,
			"faces": {
			},
			"children": [
				{
					"name": "Cube3",
					"from": [ 0.0, 0.0, 4.0 ],
					"to": [ 16.0, 16.0, 4.0 ],
					"shade": false,
					"rotationOrigin": [ 0.0, 0.0, 4.0 ],
					"faces": {
						"north": {
							"texture": "#4",
							"uv": [ 0.0, 0.0, 16.0, 16.0 ],
							"autoUv": false,
							"windMode": [ 0, 2, 2, 0 ],
							"windData": [ 0, 1, 1, 0 ]
						}
					}
				},
				{
					"name": "Cube4",
					"from": [ 7.9, 0.0, -4.1 ],
					"to": [ 23.9, 16.0, -4.1 ],
					"shade": false,
					"rotationOrigin": [ 7.9, 0.0, -4.1 ],
					"rotationY": -89.98,
					"faces": {
						"north": {
							"texture": "#2",
							"uv": [ 0.0, 0.0, 16.0, 16.0 ],
							"autoUv": false,
							"windMode": [ 0, 2, 2, 0 ],
							"windData": [ 0, 1, 1, 0 ]
						}
					}
				},
				{
					"name": "stem4",
					"from": [ 0.0, 0.0, 0.0 ],
					"to": [ 1.0, 1.0, 1.0 ],
					"climateColorMap": "climatePlantTint",
					"seasonColorMap": "seasonalFoliage",
					"faces": {
					},
					"children": [
						{
							"name": "Cube13",
							"from": [ 0.0, 0.0, 4.0 ],
							"to": [ 16.0, 16.0, 4.0 ],
							"shade": false,
							"climateColorMap": "climatePlantTint",
							"seasonColorMap": "seasonalFoliage",
							"rotationOrigin": [ 0.0, 0.0, 4.0 ],
							"faces": {
								"north": {
									"texture": "#40",
									"uv": [ 0.0, 0.0, 16.0, 16.0 ],
									"autoUv": false,
									"windMode": [ 0, 2, 2, 0 ],
									"windData": [ 0, 1, 1, 0 ]
								}
							}
						},
						{
							"name": "Cube16",
							"from": [ 7.9, 0.0, -4.1 ],
							"to": [ 23.9, 16.0, -4.1 ],
							"shade": false,
							"climateColorMap": "climatePlantTint",
							"seasonColorMap": "seasonalFoliage",
							"rotationOrigin": [ 7.9, 0.0, -4.1 ],
							"rotationY": -89.98,
							"faces": {
								"north": {
									"texture": "#20",
									"uv": [ 0.0, 0.0, 16.0, 16.0 ],
									"autoUv": false,
									"windMode": [ 0, 2, 2, 0 ],
									"windData": [ 0, 1, 1, 0 ]
								}
							}
						}
					]
				}
			]
		},
		{
			"name": "flower4",
			"from": [ -0.1, 0.0, 3.7 ],
			"to": [ 0.9, 1.0, 4.7 ],
			"shade": false,
			"rotationOrigin": [ -0.1, 0.0, 3.7 ],
			"faces": {
			},
			"children": [
				{
					"name": "Cube7",
					"from": [ 0.0, 0.0, 4.0 ],
					"to": [ 16.0, 16.0, 4.0 ],
					"shade": false,
					"rotationOrigin": [ 0.0, 0.0, 4.0 ],
					"faces": {
						"north": {
							"texture": "#6",
							"uv": [ 0.0, 0.0, 16.0, 16.0 ],
							"autoUv": false,
							"windMode": [ 0, 2, 2, 0 ],
							"windData": [ 0, 1, 1, 0 ]
						}
					}
				},
				{
					"name": "Cube8",
					"from": [ 7.9, 0.0, -4.1 ],
					"to": [ 23.9, 16.0, -4.1 ],
					"shade": false,
					"rotationOrigin": [ 7.9, 0.0, -4.1 ],
					"rotationY": -89.98,
					"faces": {
						"north": {
							"texture": "#1",
							"uv": [ 0.0, 0.0, 16.0, 16.0 ],
							"autoUv": false,
							"windMode": [ 0, 2, 2, 0 ],
							"windData": [ 0, 1, 1, 0 ]
						}
					}
				},
				{
					"name": "stem5",
					"from": [ 0.0, 0.0, 0.0 ],
					"to": [ 1.0, 1.0, 1.0 ],
					"climateColorMap": "climatePlantTint",
					"seasonColorMap": "seasonalFoliage",
					"faces": {
					},
					"children": [
						{
							"name": "Cube17",
							"from": [ 0.0, 0.0, 4.0 ],
							"to": [ 16.0, 16.0, 4.0 ],
							"shade": false,
							"climateColorMap": "climatePlantTint",
							"seasonColorMap": "seasonalFoliage",
							"rotationOrigin": [ 0.0, 0.0, 4.0 ],
							"faces": {
								"north": {
									"texture": "#60",
									"uv": [ 0.0, 0.0, 16.0, 16.0 ],
									"autoUv": false,
									"windMode": [ 0, 2, 2, 0 ],
									"windData": [ 0, 1, 1, 0 ]
								}
							}
						},
						{
							"name": "Cube18",
							"from": [ 7.9, 0.0, -4.1 ],
							"to": [ 23.9, 16.0, -4.1 ],
							"shade": false,
							"climateColorMap": "climatePlantTint",
							"seasonColorMap": "seasonalFoliage",
							"rotationOrigin": [ 7.9, 0.0, -4.1 ],
							"rotationY": -89.98,
							"faces": {
								"north": {
									"texture": "#10",
									"uv": [ 0.0, 0.0, 16.0, 16.0 ],
									"autoUv": false,
									"windMode": [ 0, 2, 2, 0 ],
									"windData": [ 0, 1, 1, 0 ]
								}
							}
						}
					]
				}
			]
		},
		{
			"name": "flower5",
			"from": [ 5.9, 0.0, -1.3 ],
			"to": [ 6.9, 1.0, -0.3 ],
			"shade": false,
			"rotationOrigin": [ 5.9, 0.0, -1.3 ],
			"rotationY": -18.0,
			"faces": {
			},
			"children": [
				{
					"name": "Cube9",
					"from": [ 0.0, 0.0, 4.0 ],
					"to": [ 16.0, 16.0, 4.0 ],
					"shade": false,
					"rotationOrigin": [ 0.0, 0.0, 4.0 ],
					"faces": {
						"north": {
							"texture": "#4",
							"uv": [ 0.0, 0.0, 16.0, 16.0 ],
							"autoUv": false,
							"windMode": [ 0, 2, 2, 0 ],
							"windData": [ 0, 1, 1, 0 ]
						}
					}
				},
				{
					"name": "Cube10",
					"from": [ 7.9, 0.0, -4.1 ],
					"to": [ 23.9, 16.0, -4.1 ],
					"shade": false,
					"rotationOrigin": [ 7.9, 0.0, -4.1 ],
					"rotationY": -89.98,
					"faces": {
						"north": {
							"texture": "#5",
							"uv": [ 0.0, 0.0, 16.0, 16.0 ],
							"autoUv": false,
							"windMode": [ 0, 2, 2, 0 ],
							"windData": [ 0, 1, 1, 0 ]
						}
					}
				},
				{
					"name": "stem6",
					"from": [ 0.0, 0.0, 0.0 ],
					"to": [ 1.0, 1.0, 1.0 ],
					"climateColorMap": "climatePlantTint",
					"seasonColorMap": "seasonalFoliage",
					"faces": {
					},
					"children": [
						{
							"name": "Cube19",
							"from": [ 0.0, 0.0, 4.0 ],
							"to": [ 16.0, 16.0, 4.0 ],
							"shade": false,
							"climateColorMap": "climatePlantTint",
							"seasonColorMap": "seasonalFoliage",
							"rotationOrigin": [ 0.0, 0.0, 4.0 ],
							"faces": {
								"north": {
									"texture": "#40",
									"uv": [ 0.0, 0.0, 16.0, 16.0 ],
									"autoUv": false,
									"windMode": [ 0, 2, 2, 0 ],
									"windData": [ 0, 1, 1, 0 ]
								}
							}
						},
						{
							"name": "Cube20",
							"from": [ 7.9, 0.0, -4.1 ],
							"to": [ 23.9, 16.0, -4.1 ],
							"shade": false,
							"climateColorMap": "climatePlantTint",
							"seasonColorMap": "seasonalFoliage",
							"rotationOrigin": [ 7.9, 0.0, -4.1 ],
							"rotationY": -89.98,
							"faces": {
								"north": {
									"texture": "#50",
									"uv": [ 0.0, 0.0, 16.0, 16.0 ],
									"autoUv": false,
									"windMode": [ 0, 2, 2, 0 ],
									"windData": [ 0, 1, 1, 0 ]
								}
							}
						}
					]
				}
			]
		}
	]}