{
	code: "sticksupportbeam",
	class: "BlockSupportBeam",
	entityClass: "Generic",
	attributes: {
		unstableRockStabilization: 3
	},
	entityBehaviors: [ { name: "SupportBeam" } ],
	creativeinventory: { "general": ["*"], "construction": ["*"] },
	shape: { base: "game:block/wood/supportbeam" },
	blockmaterial: "Wood",
	drawtype: "json",
	textures: {
		wood: { base: "game:block/wood/firewood/bark"  }
	},
	faceCullMode: "NeverCull",
	sideOpaque: { all: false },
	emitSideAo: { all: false },
	lightAbsorption: 0,
	rainPermeable: true,
	resistance: 3.5,
	sounds: {
		"hit": "game:block/wood",
		"break": "game:block/planks",
		"place": "game:block/planks",
		"walk": "game:walk/planks"
	},
	combustibleProps: {
		burnTemperature: 800,
		burnDuration: 20,
	},
	maxStackSize: 32,
	materialDensity: 600,
	tpHandTransform: {
		translation: { x: -1.13, y: -0.81, z: -1.2 },
		rotation: { x: -95, y: 29, z: 3 },
		scale: 0.55
	},
	guiTransform: {
		origin: { x: 0.5, y: 0.25, z: 0.5 },
		scale: 1.4
	},
	drops: []
}