{
	"editor": {
		"collapsedPaths": ",Root/Walkway2,Root/Walkway/ChainSupport/ChainSupport5,Root/Walkway3,Root/Walkway/ChainSupport/ChainSupport2,Root/Walkway/Chain/ChainSupport,Root/Walkway/ChainSupport/ChainSupport13,Root/Walkway/ChainSupport/ChainSupport2/ChainSupport3,Root/Walkway/ChainSupport/ChainSupport9",
		"allAngles": false,
		"entityTextureMode": false
	},
	"textureWidth": 16,
	"textureHeight": 32,
	"textureSizes": {
		"material2": [16,32],
		"material": [16,16],
		"metal": [16,16]
	},
	"textures": {
		"material2": "block/wood/debarked/oak",
		"material": "block/wood/debarked/oak"
	},
	"elements": [
		{
			"name": "Walkway",
			"from": [ 0.01, -1.5, 15.99 ],
			"to": [ 15.99, 0.01, 31.97 ],
			"rotationOrigin": [ 0.01, -3.0, 15.99 ],
			"rotationY": 90.0,
			"faces": {
				"north": { "texture": "#material", "uv": [ 0.0, 0.0, 15.5, 1.5 ] },
				"east": { "texture": "#material", "uv": [ 0.0, 0.0, 15.5, 1.5 ] },
				"south": { "texture": "#material", "uv": [ 0.0, 0.0, 15.5, 1.5 ] },
				"west": { "texture": "#material", "uv": [ 0.0, 0.0, 15.5, 1.5 ] },
				"up": { "texture": "#material", "uv": [ 0.0, 0.0, 15.5, 15.5 ] },
				"down": { "texture": "#material", "uv": [ 0.0, 0.0, 15.5, 15.5 ] }
			},
			"children": [
				{
					"name": "Chain",
					"from": [ 0.9, 1.05, -1.5 ],
					"to": [ 2.0, 21.05, -0.5 ],
					"rotationOrigin": [ 1.0, 0.1, 0.0 ],
					"rotationY": -180.0,
					"rotationZ": 45.0,
					"faces": {
						"north": { "texture": "#material2", "uv": [ 0.0, 0.0, 2.0, 32.0 ], "autoUv": false },
						"east": { "texture": "#material2", "uv": [ 0.0, 0.0, 2.0, 32.0 ], "autoUv": false },
						"south": { "texture": "#material2", "uv": [ 0.0, 0.0, 2.0, 32.0 ], "autoUv": false, "windMode": [-1,-1,-1,-1] },
						"west": { "texture": "#material2", "uv": [ 0.0, 0.0, 2.0, 32.0 ], "autoUv": false, "windMode": [-1,-1,-1,-1] }
					},
					"children": [
						{
							"name": "Chain2",
							"from": [ 0.0, 0.0, -14.0 ],
							"to": [ 1.1, 20.0, -13.0 ],
							"rotationOrigin": [ -0.1, -1.0, -10.0 ],
							"faces": {
								"north": { "texture": "#material2", "uv": [ 0.0, 0.0, 1.0, 32.0 ], "autoUv": false },
								"east": { "texture": "#material2", "uv": [ 0.0, 0.0, 1.0, 32.0 ], "autoUv": false },
								"south": { "texture": "#material2", "uv": [ 0.0, 0.0, 1.0, 32.0 ], "autoUv": false, "windMode": [-1,-1,-1,-1] },
								"west": { "texture": "#material2", "uv": [ 0.0, 0.0, 1.0, 32.0 ], "autoUv": false, "windMode": [-1,-1,-1,-1] }
							}
						},
						{
							"name": "ChainSupport",
							"from": [ 0.3828, 0.7471, 0.49 ],
							"to": [ 1.3628, 3.7471, 1.99 ],
							"rotationOrigin": [ 0.3828, 0.7471, 0.99 ],
							"rotationX": 90.0,
							"rotationY": 45.0,
							"rotationZ": -90.0,
							"faces": {
								"east": { "texture": "#material", "uv": [ 0.0, 0.0, 1.5, 3.0 ] },
								"south": { "texture": "#material", "uv": [ 0.0, 0.0, 1.0, 3.0 ], "autoUv": false, "windMode": [-1,-1,-1,-1] },
								"west": { "texture": "#material", "uv": [ 0.0, 0.0, 1.5, 3.0 ], "windMode": [-1,-1,-1,-1] }
							},
							"children": [
								{
									"name": "ChainSupport2",
									"from": [ 0.0, 1.5, -1.5 ],
									"to": [ 0.98, 3.0, 0.0 ],
									"rotationOrigin": [ 0.0, 1.0, 0.5 ],
									"faces": {
										"east": { "texture": "#material", "uv": [ 0.0, 0.0, 1.5, 1.5 ] },
										"west": { "texture": "#material", "uv": [ 0.0, 0.0, 1.5, 1.5 ], "windMode": [-1,-1,-1,-1] }
									},
									"children": [
										{
											"name": "ChainSupport3",
											"from": [ 14.0, -1.5, 1.5 ],
											"to": [ 14.98, 1.5, 3.0 ],
											"rotationOrigin": [ 14.0, -1.5, 2.0 ],
											"faces": {
												"east": { "texture": "#material", "uv": [ 0.0, 0.0, 1.5, 3.0 ] },
												"south": { "texture": "#material", "uv": [ 0.0, 0.0, 1.0, 3.0 ], "autoUv": false },
												"west": { "texture": "#material", "uv": [ 0.0, 0.0, 1.5, 3.0 ] }
											},
											"children": [
												{
													"name": "ChainSupport4",
													"from": [ 0.0, 1.5, -1.5 ],
													"to": [ 0.98, 3.0, 0.0 ],
													"rotationOrigin": [ 0.0, 1.0, 0.5 ],
													"faces": {
														"east": { "texture": "#material", "uv": [ 0.0, 0.0, 1.5, 1.5 ] },
														"west": { "texture": "#material", "uv": [ 0.0, 0.0, 1.5, 1.5 ] }
													}
												}
											]
										}
									]
								},
								{
									"name": "ChainSupport5",
									"from": [ 0.0, 4.0, -4.0 ],
									"to": [ 0.98, 7.0, -2.5 ],
									"rotationOrigin": [ 0.0, 4.0, -3.5 ],
									"faces": {
										"east": { "texture": "#material", "uv": [ 0.0, 0.0, 1.5, 3.0 ] },
										"south": { "texture": "#material", "uv": [ 0.0, 0.0, 1.0, 3.0 ], "autoUv": false },
										"west": { "texture": "#material", "uv": [ 0.0, 0.0, 1.5, 3.0 ] }
									},
									"children": [
										{
											"name": "ChainSupport6",
											"from": [ 0.0, 1.5, -1.5 ],
											"to": [ 0.98, 3.0, 0.0 ],
											"rotationOrigin": [ 0.0, 1.0, 0.5 ],
											"faces": {
												"east": { "texture": "#material", "uv": [ 0.0, 0.0, 1.5, 1.5 ] },
												"west": { "texture": "#material", "uv": [ 0.0, 0.0, 1.5, 1.5 ] }
											}
										},
										{
											"name": "ChainSupport7",
											"from": [ 14.0, 0.0, 0.0 ],
											"to": [ 14.98, 3.0, 1.5 ],
											"rotationOrigin": [ 14.0, 0.0, 0.5 ],
											"faces": {
												"east": { "texture": "#material", "uv": [ 0.0, 0.0, 1.5, 3.0 ] },
												"south": { "texture": "#material", "uv": [ 0.0, 0.0, 1.0, 3.0 ], "autoUv": false },
												"west": { "texture": "#material", "uv": [ 0.0, 0.0, 1.5, 3.0 ] }
											},
											"children": [
												{
													"name": "ChainSupport8",
													"from": [ 0.0, 1.5, -1.5 ],
													"to": [ 0.98, 3.0, 0.0 ],
													"rotationOrigin": [ 0.0, 1.0, 0.5 ],
													"faces": {
														"east": { "texture": "#material", "uv": [ 0.0, 0.0, 1.5, 1.5 ] },
														"west": { "texture": "#material", "uv": [ 0.0, 0.0, 1.5, 1.5 ] }
													}
												}
											]
										}
									]
								},
								{
									"name": "ChainSupport9",
									"from": [ 0.0, 8.0, -8.0 ],
									"to": [ 0.98, 11.0, -6.5 ],
									"rotationOrigin": [ 0.0, 8.0, -7.5 ],
									"faces": {
										"east": { "texture": "#material", "uv": [ 0.0, 0.0, 1.5, 3.0 ] },
										"south": { "texture": "#material", "uv": [ 0.0, 0.0, 1.0, 3.0 ], "autoUv": false },
										"west": { "texture": "#material", "uv": [ 0.0, 0.0, 1.5, 3.0 ] }
									},
									"children": [
										{
											"name": "ChainSupport10",
											"from": [ 0.0, 1.5, -1.5 ],
											"to": [ 0.98, 3.0, 0.0 ],
											"rotationOrigin": [ 0.0, 1.0, 0.5 ],
											"faces": {
												"east": { "texture": "#material", "uv": [ 0.0, 0.0, 1.5, 1.5 ] },
												"west": { "texture": "#material", "uv": [ 0.0, 0.0, 1.5, 1.5 ] }
											}
										},
										{
											"name": "ChainSupport11",
											"from": [ 14.0, 0.0, 0.0 ],
											"to": [ 14.98, 3.0, 1.5 ],
											"rotationOrigin": [ 14.0, 0.0, 0.5 ],
											"faces": {
												"east": { "texture": "#material", "uv": [ 0.0, 0.0, 1.5, 3.0 ] },
												"south": { "texture": "#material", "uv": [ 0.0, 0.0, 1.0, 3.0 ], "autoUv": false },
												"west": { "texture": "#material", "uv": [ 0.0, 0.0, 1.5, 3.0 ] }
											},
											"children": [
												{
													"name": "ChainSupport12",
													"from": [ 0.0, 1.5, -1.5 ],
													"to": [ 0.98, 3.0, 0.0 ],
													"rotationOrigin": [ 0.0, 1.0, 0.5 ],
													"faces": {
														"east": { "texture": "#material", "uv": [ 0.0, 0.0, 1.5, 1.5 ] },
														"west": { "texture": "#material", "uv": [ 0.0, 0.0, 1.5, 1.5 ] }
													}
												}
											]
										}
									]
								},
								{
									"name": "ChainSupport13",
									"from": [ 0.0, 12.0, -12.0 ],
									"to": [ 0.98, 15.0, -10.5 ],
									"rotationOrigin": [ 0.0, 12.0, -11.5 ],
									"faces": {
										"east": { "texture": "#material", "uv": [ 0.0, 0.0, 1.5, 3.0 ] },
										"south": { "texture": "#material", "uv": [ 0.0, 0.0, 1.0, 3.0 ], "autoUv": false },
										"west": { "texture": "#material", "uv": [ 0.0, 0.0, 1.5, 3.0 ] }
									},
									"children": [
										{
											"name": "ChainSupport14",
											"from": [ 0.0, 1.5, -0.5 ],
											"to": [ 0.98, 3.0, 0.0 ],
											"rotationOrigin": [ 0.0, 1.0, 1.5 ],
											"faces": {
												"east": { "texture": "#material", "uv": [ 0.0, 0.0, 0.5, 1.5 ] },
												"west": { "texture": "#material", "uv": [ 0.0, 0.0, 0.5, 1.5 ] }
											}
										},
										{
											"name": "ChainSupport15",
											"from": [ 14.0, 0.0, 0.0 ],
											"to": [ 14.98, 3.0, 1.5 ],
											"rotationOrigin": [ 14.0, 0.0, 0.5 ],
											"faces": {
												"east": { "texture": "#material", "uv": [ 0.0, 0.0, 1.5, 3.0 ] },
												"south": { "texture": "#material", "uv": [ 0.0, 0.0, 1.0, 3.0 ], "autoUv": false },
												"west": { "texture": "#material", "uv": [ 0.0, 0.0, 1.5, 3.0 ], "autoUv": false }
											},
											"children": [
												{
													"name": "ChainSupport16",
													"from": [ 0.0, 1.5, -0.5 ],
													"to": [ 0.98, 3.0, 0.0 ],
													"rotationOrigin": [ 0.0, 1.0, 1.5 ],
													"faces": {
														"east": { "texture": "#material", "uv": [ 1.5, 0.0, 2.0, 1.5 ], "windMode": [-1,-1,-1,-1], "windData": [0,1,1,0] },
														"west": { "texture": "#material", "uv": [ 2.0, 0.0, 1.5, 1.5 ], "autoUv": false, "windMode": [-1,-1,-1,-1], "windData": [0,0,1,1] }
													}
												}
											]
										}
									]
								}
							]
						},
						{
							"name": "Chain5",
							"from": [ -9.4202, 10.793, 1.5 ],
							"to": [ -8.3202, 25.793, 2.5 ],
							"rotationOrigin": [ -9.8702, 10.293, 1.5 ],
							"rotationX": 90.0,
							"rotationY": 45.0,
							"rotationZ": -90.0,
							"faces": {
								"north": { "texture": "#material", "uv": [ 1.0, 0.0, 2.0, 15.0 ] },
								"east": { "texture": "#material", "uv": [ 1.0, 0.0, 2.0, 15.0 ] },
								"south": { "texture": "#material", "uv": [ 1.0, 0.0, 2.0, 15.0 ] },
								"west": { "texture": "#material", "uv": [ 1.0, 0.0, 2.0, 15.0 ] }
							},
							"children": [
								{
									"name": "Chain6",
									"from": [ 14.0, 0.0, 0.0 ],
									"to": [ 15.1, 15.0, 1.0 ],
									"rotationOrigin": [ -0.45, -0.5, 0.0 ],
									"faces": {
										"north": { "texture": "#material", "uv": [ 2.0, 0.0, 3.0, 15.0 ] },
										"east": { "texture": "#material", "uv": [ 2.0, 0.0, 3.0, 15.0 ] },
										"south": { "texture": "#material", "uv": [ 2.0, 0.0, 3.0, 15.0 ] },
										"west": { "texture": "#material", "uv": [ 2.0, 0.0, 3.0, 15.0 ] }
									}
								}
							]
						},
						{
							"name": "Stairs",
							"from": [ -5.4958, 2.8684, -8.5 ],
							"to": [ 10.5042, 3.8684, -4.5 ],
							"rotationOrigin": [ 2.5042, 2.8684, -6.5 ],
							"rotationX": 90.0,
							"rotationY": 45.0,
							"rotationZ": -90.0,
							"faces": {
								"north": { "texture": "#material", "uv": [ 0.0, 0.0, 16.0, 1.0 ], "windMode": [-1,-1,-1,-1] },
								"east": { "texture": "#material", "uv": [ 0.0, 0.0, 4.0, 1.0 ] },
								"south": { "texture": "#material", "uv": [ 0.0, 0.0, 16.0, 1.0 ] },
								"west": { "texture": "#material", "uv": [ 0.0, 0.0, 4.0, 1.0 ] },
								"up": { "texture": "#material", "uv": [ 0.0, 0.0, 16.0, 4.0 ], "autoUv": false, "windMode": [-1,-1,-1,-1] },
								"down": { "texture": "#material", "uv": [ 0.0, 0.0, 16.0, 4.0 ] }
							},
							"children": [
								{
									"name": "Stairs2",
									"from": [ 0.0, 4.0, -4.0 ],
									"to": [ 16.0, 5.0, 0.0 ],
									"rotationOrigin": [ 8.0, 4.0, -2.0 ],
									"faces": {
										"north": { "texture": "#material", "uv": [ 0.0, 1.0, 16.0, 2.0 ] },
										"east": { "texture": "#material", "uv": [ 0.0, 1.0, 4.0, 2.0 ] },
										"south": { "texture": "#material", "uv": [ 0.0, 1.0, 16.0, 2.0 ] },
										"west": { "texture": "#material", "uv": [ 0.0, 1.0, 4.0, 2.0 ] },
										"up": { "texture": "#material", "uv": [ 0.0, 4.0, 16.0, 8.0 ] },
										"down": { "texture": "#material", "uv": [ 0.0, 4.0, 16.0, 8.0 ], "windMode": [-1,-1,-1,-1] }
									}
								},
								{
									"name": "Stairs3",
									"from": [ 0.0, 8.0, -8.0 ],
									"to": [ 16.0, 9.0, -4.0 ],
									"rotationOrigin": [ 8.0, 8.0, -6.0 ],
									"faces": {
										"north": { "texture": "#material", "uv": [ 0.0, 2.0, 16.0, 3.0 ], "windMode": [-1,-1,-1,-1] },
										"east": { "texture": "#material", "uv": [ 0.0, 2.0, 4.0, 3.0 ] },
										"south": { "texture": "#material", "uv": [ 0.0, 2.0, 16.0, 3.0 ] },
										"west": { "texture": "#material", "uv": [ 0.0, 2.0, 4.0, 3.0 ] },
										"up": { "texture": "#material", "uv": [ 0.0, 8.0, 16.0, 12.0 ] },
										"down": { "texture": "#material", "uv": [ 0.0, 8.0, 16.0, 12.0 ], "windMode": [-1,-1,-1,-1] }
									}
								},
								{
									"name": "Stairs4",
									"from": [ 0.0, 12.0, -12.0 ],
									"to": [ 16.0, 13.0, -8.0 ],
									"rotationOrigin": [ 8.0, 11.0, -10.0 ],
									"faces": {
										"north": { "texture": "#material", "uv": [ 0.0, 3.0, 16.0, 4.0 ] },
										"east": { "texture": "#material", "uv": [ 0.0, 3.0, 4.0, 4.0 ] },
										"south": { "texture": "#material", "uv": [ 0.0, 3.0, 16.0, 4.0 ] },
										"west": { "texture": "#material", "uv": [ 0.0, 3.0, 4.0, 4.0 ] },
										"up": { "texture": "#material", "uv": [ 0.0, 12.0, 16.0, 15.5 ], "autoUv": false, "windMode": [-1,-1,-1,-1], "windData": [1,1,1,1] },
										"down": { "texture": "#material", "uv": [ 0.0, 12.0, 16.0, 16.0 ] }
									}
								}
							]
						}
					]
				},
				{
					"name": "Support",
					"from": [ 2.0, -2.5, -1.0 ],
					"to": [ 4.5, 0.0, 17.0 ],
					"rotationOrigin": [ 2.0, -3.0, -1.0 ],
					"faces": {
						"north": { "texture": "#material2", "uv": [ 0.0, 0.0, 3.0, 5.0 ], "autoUv": false, "windMode": [-1,-1,-1,-1] },
						"east": { "texture": "#material2", "uv": [ 1.0, 0.0, 3.5, 30.0 ], "rotation": 90, "autoUv": false, "windMode": [-1,-1,-1,-1] },
						"south": { "texture": "#material2", "uv": [ 0.0, 0.0, 3.0, 5.0 ], "autoUv": false, "windMode": [-1,-1,-1,-1] },
						"west": { "texture": "#material2", "uv": [ 0.0, 0.0, 4.0, 30.0 ], "rotation": 90, "autoUv": false, "windMode": [-1,-1,-1,-1] },
						"up": { "texture": "#material2", "uv": [ 0.0, 0.0, 4.0, 30.0 ], "autoUv": false, "windMode": [-1,-1,-1,-1] },
						"down": { "texture": "#material2", "uv": [ 0.0, 0.0, 4.0, 30.0 ], "autoUv": false, "windMode": [-1,-1,-1,-1] }
					},
					"children": [
						{
							"name": "Support2",
							"from": [ 9.5, 0.0, 0.0 ],
							"to": [ 12.0, 2.5, 18.0 ],
							"rotationOrigin": [ 9.0, -0.5, 0.0 ],
							"faces": {
								"north": { "texture": "#material2", "uv": [ 0.0, 27.0, 3.0, 32.0 ], "autoUv": false, "windMode": [-1,-1,-1,-1] },
								"east": { "texture": "#material2", "uv": [ 0.5, 0.0, 3.0, 30.0 ], "rotation": 90, "autoUv": false, "windMode": [-1,-1,-1,-1] },
								"south": { "texture": "#material2", "uv": [ 0.0, 27.0, 3.0, 32.0 ], "autoUv": false, "windMode": [-1,-1,-1,-1] },
								"west": { "texture": "#material2", "uv": [ 0.0, 0.0, 4.0, 30.0 ], "rotation": 90, "autoUv": false, "windMode": [-1,-1,-1,-1] },
								"up": { "texture": "#material2", "uv": [ 0.0, 0.0, 4.0, 30.0 ], "autoUv": false, "windMode": [-1,-1,-1,-1] },
								"down": { "texture": "#material2", "uv": [ 0.0, 0.0, 4.0, 30.0 ], "autoUv": false, "windMode": [-1,-1,-1,-1] }
							}
						}
					]
				}
			]
		}
	]}