{
	"enabled": true,
	"code": "claybucket",
	"classByType": {
		"*-raw": "Block",
		"*": "BlockBucket",
	},
	"entityClassByType": {
		"*-raw": null,
		"*":  "Bucket"
	},
	"behaviorsByType": {
		"*-raw": [ 
			{ "name": "GroundStorable", "properties": { "layout": "SingleCenter" } },
			{ "name": "Unplaceable" },
			{ "name": "RightClickPickup" } 
		],
		"*": [
			{ "name": "Lockable" },
			{ "name": "UnstableFalling" }, 
			{ "name": "RightClickPickup" }, 
			{ "name": "MilkingContainer" }
		]
	},
	"variantgroups": [
		{ "code": "color", "states": [ "azure", "black", "brown", "crimson", "gray", "green", "naturalblue", "naturalfire", "naturalred", "orange", "pink", "purple", "white", "yellow" ] },
		{ "code": "state", "states": [ "fired0", "fired1", "fired2", "fired3", "raw" ] }
	],
	"shape": { "base": "block/clay/bucket/empty" },
	"textures": {
		"all": { "base": "game:block/clay/hardened/black", "overlays": [ "clayworks:block/clay/color/{state}/{color}", "clayworks:block/clay/overlay_vessel_natural" ]
			}
	},
	"attributes": {
		"reinforcable": true,
		"liquidContainerPropsByType": {
			"@.*-(fired0|fired1|fired2|fired3)": {
				"capacityLitres": 10,
				"transferSizeLitres": 1,
				"emptyShapeLoc": "shapes/block/clay/bucket/empty",
				"opaqueContentShapeLoc": "game:shapes/block/wood/bucket/contents",
				"liquidContentShapeLoc": "game:shapes/block/wood/bucket/liquidcontents",
				"liquidMaxYTranslate": 0.4375
			}
		},
	},
	"attributesByType": {
		"*-raw": {
			"beehivekiln": {
				"0": { "type": "block", "code": "bradycrudebuilding:claybucket-{color}-fired0" },
				"1": { "type": "block", "code": "bradycrudebuilding:claybucket-{color}-fired1" },
				"2": { "type": "block", "code": "bradycrudebuilding:claybucket-{color}-fired2" },
				"3": { "type": "block", "code": "bradycrudebuilding:claybucket-{color}-fired3" }
			}
		}
	},
	"combustiblePropsByType": {
		"*-raw": {
			"meltingPoint": 600,
			"meltingDuration": 45,
			"smeltedRatio": 1,
			"smeltingType": "fire",
			"smeltedStackByType": {
				"*-naturalfire-*":	{ "type": "block", "code": "bradycrudebuilding:claybucket-naturalfire-fired2" },
				"*-naturalred-*": { "type": "block", "code": "bradycrudebuilding:claybucket-naturalred-fired2" },
				"*":{ "type": "block", "code": "bradycrudebuilding:claybucket-naturalblue-fired3" }
			},
			"requiresContainer": false
		}
	},
	"//heldRightReadyAnimation": "helditemreadybucket",
	"heldTpIdleAnimation": "holdbothhandslarge",
	"heldRightReadyAnimation": "heldblockready",
	"heldTpUseAnimation": "twohandplaceblock",
	"creativeinventory": { "bradysthings": [ "*" ] },
	"sideSolidOpaqueAo": { "all": false	},
	"blockmaterial": "Ceramic",
	"replaceable": 900,
	"resistance": 1.5,
	"maxStackSize": 4,
	"liquidSelectable": 1,
	"lightAbsorption": 0,
	"sounds": {
		"walk": "game:walk/stone",
		"break": "game:block/ceramicplace",
		"hit": "game:block/ceramichit",
		"place": "game:block/ceramicplace"
	},
	"collisionSelectionBoxes": [
		{ "x1": 0.2185, "y1": 0, "z1": 0.2185, "x2": 0.7815, "y2": 0.5625, "z2": 0.7815 }
	],
	"materialDensity": 400,
	"tpHandTransform": {
		"translation": { "x": -1.17, "y": -1.12, "z": -0.66 },
		"rotation": { "x": -83, "y": 25, "z": -104 },
		"scale": 0.48
	},
	"guiTransform": {
		"origin": { "x": 0.5, "y": 0.3, "z": 0.5 },
		"scale": 1.75
	},
	"groundTransform": {
		"origin": { "x": 0.5, "y": 0, "z": 0.5 },
		"scale": 3.88
	}
}