[
    {
	"code": "swashingfleece",
	"sealHours": 12,
	"ingredients": [
		{ "type": "item", "code": "justsoapandlye:soapportion-lye", "litres": 0.5, "consumeLitres": 0.5 },
		{ "type": "item", "code": "wool:fleece-*-plain", "name": "type" }
	],
	"output": { "type": "item", "code": "wool:fibers-{type}-plain" }
	},
	{
	"code": "swashingfleece1",
	"sealHours": 6,
	"ingredients": [
		{ "type": "item", "code": "justsoapandlye:soapportion-honey", "litres": 0.25, "consumeLitres": 0.25 },
		{ "type": "item", "code": "wool:fleece-*-plain", "name": "type" }
	],
	"output": { "type": "item", "code": "wool:fibers-{type}-plain" }
	},

	{
	"code": "swashingfleece",
	"sealHours": 12,
	"ingredients": [
		{ "type": "item", "code": "justsoapandlye:soapportion-lye", "litres": 0.5, "consumeLitres": 0.5 },
		{ "type": "item", "code": "wool:fleece-*-brown", "name": "type" }
	],
	"output": { "type": "item", "code": "wool:fibers-{type}-brown" }
	},
	{
	"code": "swashingfleece1",
	"sealHours": 6,
	"ingredients": [
		{ "type": "item", "code": "justsoapandlye:soapportion-honey", "litres": 0.25, "consumeLitres": 0.25 },
		{ "type": "item", "code": "wool:fleece-generic-brown" }
	],
	"output": { "type": "item", "code": "wool:fibers-generic-brown" }
	},
	{
	"code": "swashingfleece1",
	"sealHours": 6,
	"ingredients": [
		{ "type": "item", "code": "justsoapandlye:soapportion-honey", "litres": 0.25, "consumeLitres": 0.25 },
		{ "type": "item", "code": "wool:fleece-muskox-brown" }
	],
	"output": { "type": "item", "code": "wool:fibers-muskox-brown" }
	},

	{
	"code": "swashingfleece",
	"sealHours": 12,
	"ingredients": [
		{ "type": "item", "code": "justsoapandlye:soapportion-lye", "litres": 0.5, "consumeLitres": 0.5 },
		{ "type": "item", "code": "wool:fleece-*-redbrown", "name": "type" }
	],
	"output": { "type": "item", "code": "wool:fibers-{type}-redbrown" }
	},
	{
	"code": "swashingfleece1",
	"sealHours": 6,
	"ingredients": [
		{ "type": "item", "code": "justsoapandlye:soapportion-honey", "litres": 0.25, "consumeLitres": 0.25 },
		{ "type": "item", "code": "wool:fleece-*-redbrown", "name": "type" }
	],
	"output": { "type": "item", "code": "wool:fibers-{type}-redbrown" }
	},

	{
	"code": "swashingfleece",
	"sealHours": 12,
	"ingredients": [
		{ "type": "item", "code": "justsoapandlye:soapportion-lye", "litres": 0.5, "consumeLitres": 0.5 },
		{ "type": "item", "code": "wool:fleece-*-lightbrown", "name": "type" }
	],
	"output": { "type": "item", "code": "wool:fibers-{type}-lightbrown" }
	},
	{
	"code": "swashingfleece1",
	"sealHours": 6,
	"ingredients": [
		{ "type": "item", "code": "justsoapandlye:soapportion-honey", "litres": 0.25, "consumeLitres": 0.25 },
		{ "type": "item", "code": "wool:fleece-*-lightbrown", "name": "type" }
	],
	"output": { "type": "item", "code": "wool:fibers-{type}-lightbrown" }
	},

	{
	"code": "swashingfleece",
	"sealHours": 12,
	"ingredients": [
		{ "type": "item", "code": "justsoapandlye:soapportion-lye", "litres": 0.5, "consumeLitres": 0.5 },
		{ "type": "item", "code": "wool:fleece-*-black", "name": "type" }
	],
	"output": { "type": "item", "code": "wool:fibers-{type}-black" }
	},
	{
	"code": "swashingfleece1",
	"sealHours": 6,
	"ingredients": [
		{ "type": "item", "code": "justsoapandlye:soapportion-honey", "litres": 0.25, "consumeLitres": 0.25 },
		{ "type": "item", "code": "wool:fleece-*-black", "name": "type" }
	],
	"output": { "type": "item", "code": "wool:fibers-{type}-black" }
	},

	{
	"code": "swashingfleece",
	"sealHours": 12,
	"ingredients": [
		{ "type": "item", "code": "justsoapandlye:soapportion-lye", "litres": 0.5, "consumeLitres": 0.5 },
		{ "type": "item", "code": "wool:fleece-*-gray", "name": "type" }
	],
	"output": { "type": "item", "code": "wool:fibers-{type}-gray" }
	},
	{
	"code": "swashingfleece1",
	"sealHours": 6,
	"ingredients": [
		{ "type": "item", "code": "justsoapandlye:soapportion-honey", "litres": 0.25, "consumeLitres": 0.25 },
		{ "type": "item", "code": "wool:fleece-*-gray", "name": "type" }
	],
	"output": { "type": "item", "code": "wool:fibers-{type}-gray" }
	},

	{
	"code": "swashingfleece",
	"sealHours": 12,
	"ingredients": [
		{ "type": "item", "code": "justsoapandlye:soapportion-lye", "litres": 0.5, "consumeLitres": 0.5 },
		{ "type": "item", "code": "wool:fleece-*-white", "name": "type" }
	],
	"output": { "type": "item", "code": "wool:fibers-{type}-white" }
	},
	{
	"code": "swashingfleece1",
	"sealHours": 6,
	"ingredients": [
		{ "type": "item", "code": "justsoapandlye:soapportion-honey", "litres": 0.25, "consumeLitres": 0.25 },
		{ "type": "item", "code": "wool:fleece-generic-white" }
	],
	"output": { "type": "item", "code": "wool:fibers-generic-white" }
	},
	{
	"code": "swashingfleece1",
	"sealHours": 6,
	"ingredients": [
		{ "type": "item", "code": "justsoapandlye:soapportion-honey", "litres": 0.25, "consumeLitres": 0.25 },
		{ "type": "item", "code": "wool:fleece-angora-white" }
	],
	"output": { "type": "item", "code": "wool:fibers-angora-white" }
	},

	{
	"code": "swashingfleece",
	"sealHours": 12,
	"ingredients": [
		{ "type": "item", "code": "justsoapandlye:soapportion-lye", "litres": 0.5, "consumeLitres": 0.5 },
		{ "type": "item", "code": "wool:fleece-*-yellow", "name": "type" }
	],
	"output": { "type": "item", "code": "wool:fibers-{type}-yellow" }
	},
	{
	"code": "swashingfleece1",
	"sealHours": 6,
	"ingredients": [
		{ "type": "item", "code": "justsoapandlye:soapportion-honey", "litres": 0.25, "consumeLitres": 0.25 },
		{ "type": "item", "code": "wool:fleece-*-yellow", "name": "type" }
	],
	"output": { "type": "item", "code": "wool:fibers-{type}-yellow" }
	}
]