[
	{
		code: "gold",
		triesPerChunk: 3,		
		handbookPageCode: "item-nugget-nativegold",
		generator: "disc-followsealevel",
		attributes: {
			inblock: { code: "rock-*", name: "rock", allowedVariants: ["andesite", "granite", "basalt", "shale", "chert"] },
			placeblock: {
				code: "ore-*-nativegold-{rock}",
				name: "grade",
				allowedVariantsByInBlock: {
					"rock-andesite": ["bountiful"],
					"rock-granite": ["bountiful"],
					"rock-basalt": ["bountiful"],
					"rock-shale": ["bountiful"],
					"rock-chert": ["bountiful"]
				}
			},
			radius: { dist: "uniform", avg: 4, var: 1 },
			yPosRel: {dist: "uniform", avg: 0.25, var: 0.2 },
			thickness: { dist: "uniform", avg: 2, var: 1 }
		}
	}
]