[
  {
    "op": "add",
    "side": "server",
    "path": "/creativeinventory/wildfarming",
    "value": [ "*-wfradmin" ],
    "file": "game:itemtypes/tool/axe-metal.json",
    "dependsOn": [
      {
        "modid": "indappledgroves",
        "invert": true
      }
    ]
  },
  {
    "op": "add",
    "side": "server",
    "path": "/attackpowerbytype/axe-felling-wfradmin",
    "value": 40,
    "file": "game:itemtypes/tool/axe-metal.json",
    "dependsOn": [
      {
        "modid": "indappledgroves",
        "invert": true
      }
    ]
  },
  {
    "op": "add",
    "side": "server",
    "path": "/durabilitybytype/axe-felling-wfradmin",
    "value": 36000,
    "file": "game:itemtypes/tool/axe-metal.json",
    "dependsOn": [
      {
        "modid": "indappledgroves",
        "invert": true
      }
    ]
  },
  {
    "op": "add",
    "side": "server",
    "path": "/miningspeedbytype/axe-felling-wfradmin",
    "value": {
      "wood": 110,
      "plant": 60,
      "leaves": 40
    },
    "file": "game:itemtypes/tool/axe-metal.json",
    "dependsOn": [
      {
        "modid": "indappledgroves",
        "invert": true
      }
    ]
  },
  {
    "op": "add",
    "side": "server",
    "path": "/shapeByType/axe-felling-wfradmin",
    "value": {
      "base": "item/tool/axe/iron"
    },
    "file": "game:itemtypes/tool/axe-metal.json",
    "dependsOn": [
      {
        "modid": "indappledgroves",
        "invert": true
      }
    ]
  },
  {
    "op": "add",
    "path": "/tooltierbytype/*-wfradmin",
    "value": 5,
    "file": "game:itemtypes/tool/axe-metal.json"
  },
  {
    "op": "add",
    "path": "/variantgroups/1/states/11",
    "value": "wfradmin",
    "file": "game:itemtypes/tool/axe-metal.json",
    "dependsOn": [
      {
        "modid": "indappledgroves",
        "invert": true
      }
    ]
  }
]
