{
	"editor": {
		"collapsedPaths": "Root/bottom,Root/legs,Root/stone,Root/Top",
		"allAngles": false,
		"entityTextureMode": false
	},
	"textureWidth": 16,
	"textureHeight": 16,
	"textureSizes": {
	},
	"textures": {
	},
	"elements": [
		{
			"name": "Origin",
			"from": [ 8.0, 0.28, 8.0 ],
			"to": [ 8.0, 0.28, 8.0 ],
			"rotationOrigin": [ 8.0, 0.3, 8.0 ],
			"faces": {
			},
			"children": [
				{
					"name": "Cube1",
					"from": [ -1.1, 0.5, -2.0 ],
					"to": [ 1.9, 1.0, 2.0 ],
					"rotationOrigin": [ -0.1, 0.5, 0.0 ],
					"faces": {
						"north": {
							"texture": "#rot-solids",
							"uv": [ 7.5, 10.0, 10.5, 10.5 ]
						},
						"east": {
							"texture": "#rot-solids",
							"uv": [ 7.5, 4.5, 11.5, 5.0 ]
						},
						"south": {
							"texture": "#rot-solids",
							"uv": [ 3.0, 15.0, 6.0, 15.5 ]
						},
						"west": {
							"texture": "#rot-solids",
							"uv": [ 0.0, 15.0, 4.0, 15.5 ]
						},
						"up": {
							"texture": "#rot-solids",
							"uv": [ 7.5, 3.5, 10.5, 7.5 ]
						},
						"down": {
							"texture": "#rot-solids",
							"uv": [ 0.0, 1.0, 3.0, 5.0 ]
						}
					}
				},
				{
					"name": "Cube5",
					"from": [ -1.9, 0.0, -1.9 ],
					"to": [ 1.9, 0.5, 1.8 ],
					"rotationOrigin": [ 1.1, 0.0, 0.1 ],
					"faces": {
						"north": {
							"texture": "#rot-solids",
							"uv": [ 7.5, 10.0, 11.0, 10.5 ]
						},
						"east": {
							"texture": "#rot-solids",
							"uv": [ 4.0, 5.0, 7.5, 5.5 ]
						},
						"south": {
							"texture": "#rot-solids",
							"uv": [ 3.5, 15.0, 7.0, 15.5 ]
						},
						"west": {
							"texture": "#rot-solids",
							"uv": [ 6.0, 0.0, 9.5, 0.5 ]
						},
						"up": {
							"texture": "#rot-solids",
							"uv": [ 9.0, 4.5, 12.5, 8.0 ]
						},
						"down": {
							"texture": "#rot-solids",
							"uv": [ 0.0, 1.0, 3.5, 4.5 ]
						}
					}
				},
				{
					"name": "shroomie 1",
					"from": [ -1.0, 0.7, 0.1 ],
					"to": [ -0.5, 1.7, 0.6 ],
					"rotationOrigin": [ -0.8, 0.7, 0.3 ],
					"rotationZ": 22.5,
					"faces": {
						"north": {
							"texture": "#rot-solids",
							"uv": [ 10.0, 11.5, 10.5, 12.5 ]
						},
						"east": {
							"texture": "#rot-solids",
							"uv": [ 4.0, 5.0, 4.5, 6.0 ]
						},
						"south": {
							"texture": "#rot-solids",
							"uv": [ 5.0, 5.5, 5.5, 6.5 ]
						},
						"west": {
							"texture": "#rot-solids",
							"uv": [ 6.0, 13.5, 6.5, 14.5 ]
						},
						"up": {
							"texture": "#rot-solids",
							"uv": [ 5.0, 3.5, 5.5, 4.0 ]
						},
						"down": {
							"texture": "#rot-solids",
							"uv": [ 0.0, 1.0, 0.5, 1.5 ]
						}
					},
					"children": [
						{
							"name": "Cube7",
							"from": [ -0.2, 1.0, -0.2 ],
							"to": [ 0.8, 1.5, 0.8 ],
							"rotationOrigin": [ -0.2, 1.0, -0.2 ],
							"faces": {
								"north": {
									"texture": "#rot-solids",
									"uv": [ 8.0, 6.0, 9.0, 6.5 ]
								},
								"east": {
									"texture": "#rot-solids",
									"uv": [ 5.5, 3.0, 6.5, 3.5 ]
								},
								"south": {
									"texture": "#rot-solids",
									"uv": [ 9.5, 3.0, 10.5, 3.5 ]
								},
								"west": {
									"texture": "#rot-solids",
									"uv": [ 3.5, 3.0, 4.5, 3.5 ]
								},
								"up": {
									"texture": "#rot-solids",
									"uv": [ 6.0, 9.0, 7.0, 10.0 ]
								},
								"down": {
									"texture": "#rot-solids",
									"uv": [ 0.0, 0.0, 1.0, 1.0 ]
								}
							}
						}
					]
				},
				{
					"name": "face 1",
					"from": [ -1.4, 0.5, -1.0 ],
					"to": [ 0.6, 3.5, -1.0 ],
					"renderPass": 2,
					"rotationOrigin": [ 2.1, -1.5, 0.0 ],
					"faces": {
						"south": {
							"texture": "#rot-spill",
							"uv": [ 0.0, 13.0, 2.0, 16.0 ]
						}
					}
				},
				{
					"name": "Cube10",
					"from": [ -0.5, 1.0, -1.5 ],
					"to": [ 1.5, 1.5, 0.0 ],
					"renderPass": 2,
					"rotationOrigin": [ -0.5, 0.0, -2.0 ],
					"faces": {
						"north": {
							"texture": "#rot-solids",
							"uv": [ 10.0, 11.5, 12.0, 12.0 ]
						},
						"east": {
							"texture": "#rot-solids",
							"uv": [ 4.0, 5.0, 5.5, 5.5 ]
						},
						"south": {
							"texture": "#rot-solids",
							"uv": [ 5.0, 5.5, 7.0, 6.0 ]
						},
						"west": {
							"texture": "#rot-solids",
							"uv": [ 6.0, 13.5, 7.5, 14.0 ]
						},
						"up": {
							"texture": "#rot-solids",
							"uv": [ 5.0, 3.5, 7.0, 5.0 ]
						},
						"down": {
							"texture": "#rot-solids",
							"uv": [ 0.0, 1.0, 2.0, 2.5 ]
						}
					}
				},
				{
					"name": "Cube11",
					"from": [ -1.9, 0.1, -1.3 ],
					"to": [ -1.4, 1.1, 0.2 ],
					"renderPass": 2,
					"rotationOrigin": [ 0.1, 0.1, -1.8 ],
					"faces": {
						"north": {
							"texture": "#rot-solids",
							"uv": [ 10.0, 11.5, 10.5, 12.5 ]
						},
						"east": {
							"texture": "#rot-solids",
							"uv": [ 4.0, 5.0, 5.5, 6.0 ]
						},
						"south": {
							"texture": "#rot-solids",
							"uv": [ 5.0, 5.5, 5.5, 6.5 ]
						},
						"west": {
							"texture": "#rot-solids",
							"uv": [ 2.5, 8.0, 4.0, 9.0 ]
						},
						"up": {
							"texture": "#rot-solids",
							"uv": [ 11.5, 4.5, 12.0, 6.0 ]
						},
						"down": {
							"texture": "#rot-solids",
							"uv": [ 0.0, 1.0, 0.5, 2.5 ]
						}
					}
				},
				{
					"name": "Cube14",
					"from": [ -1.7, 0.2, -1.8 ],
					"to": [ -0.7, 1.2, -0.8 ],
					"renderPass": 2,
					"rotationOrigin": [ 3.3, 0.7, -2.3 ],
					"faces": {
						"north": {
							"texture": "#rot-solids",
							"uv": [ 13.5, 14.0, 14.5, 15.0 ]
						},
						"east": {
							"texture": "#rot-solids",
							"uv": [ 1.0, 8.0, 2.0, 9.0 ]
						},
						"south": {
							"texture": "#rot-solids",
							"uv": [ 3.0, 15.0, 4.0, 16.0 ]
						},
						"west": {
							"texture": "#rot-solids",
							"uv": [ 15.0, 11.5, 16.0, 12.5 ]
						},
						"up": {
							"texture": "#rot-solids",
							"uv": [ 14.0, 14.0, 15.0, 15.0 ]
						},
						"down": {
							"texture": "#rot-solids",
							"uv": [ 0.0, 1.0, 1.0, 2.0 ]
						}
					}
				},
				{
					"name": "face 18",
					"from": [ -0.5, 1.5, -2.0 ],
					"to": [ -0.5, 4.5, 0.0 ],
					"renderPass": 2,
					"rotationOrigin": [ 3.0, -0.5, -1.0 ],
					"faces": {
						"east": {
							"texture": "#rot-spill",
							"uv": [ 0.5, 11.5, 2.5, 14.5 ]
						}
					}
				},
				{
					"name": "face 19",
					"from": [ -1.1, 0.0, 1.1 ],
					"to": [ 1.4, 3.0, 1.1 ],
					"renderPass": 2,
					"rotationOrigin": [ 2.4, -2.0, 2.1 ],
					"faces": {
						"south": {
							"texture": "#rot-spill",
							"uv": [ 3.0, 12.5, 5.5, 15.5 ]
						}
					}
				},
				{
					"name": "face 20",
					"from": [ 0.5, 0.5, 0.6 ],
					"to": [ 0.5, 3.0, 1.6 ],
					"renderPass": 2,
					"rotationOrigin": [ 1.0, 1.0, -1.4 ],
					"faces": {
						"east": {
							"texture": "#rot-spill",
							"uv": [ 3.5, 12.5, 4.5, 15.0 ]
						}
					}
				}
			]
		}
	]
}
