{
	"editor": {
		"backDropShape": "block/clay/bowl-empty-ground",
		"collapsedPaths": "Root/bottom,Root/legs,Root/stone,Root/Top",
		"allAngles": false,
		"entityTextureMode": false
	},
	"textureWidth": 16,
	"textureHeight": 16,
	"textureSizes": {
	},
	"textures": {
	},
	"elements": [
		{
			"name": "bowl",
			"from": [ 6.5, -1.2, 6.5 ],
			"to": [ 9.5, -0.2, 9.5 ],
			"rotationOrigin": [ 0.0, -1.2, 0.0 ],
			"faces": {
			},
			"children": [
				{
					"name": "egg",
					"from": [ -0.5, 1.8, -0.5 ],
					"to": [ 3.5, 2.3, 3.5 ],
					"faces": {
						"north": {
							"texture": "#scrambledegg",
							"uv": [ 12.0, 9.5, 16.0, 10.0 ]
						},
						"east": {
							"texture": "#scrambledegg",
							"uv": [ 10.5, 12.5, 14.5, 13.0 ]
						},
						"south": {
							"texture": "#scrambledegg",
							"uv": [ 11.0, 12.5, 15.0, 13.0 ]
						},
						"west": {
							"texture": "#scrambledegg",
							"uv": [ 10.0, 12.0, 14.0, 12.5 ]
						},
						"up": {
							"texture": "#scrambledegg",
							"uv": [ 9.5, 11.0, 13.5, 15.0 ]
						}
					},
					"children": [
						{
							"name": "voxel1",
							"from": [ 0.5, 0.3, 1.5 ],
							"to": [ 1.5, 0.8, 2.5 ],
							"rotationOrigin": [ 0.5, 0.0, 1.5 ],
							"faces": {
								"north": {
									"texture": "#scrambledegg",
									"uv": [ 13.5, 12.5, 14.5, 13.0 ]
								},
								"east": {
									"texture": "#scrambledegg",
									"uv": [ 12.5, 11.0, 13.5, 11.5 ]
								},
								"south": {
									"texture": "#scrambledegg",
									"uv": [ 11.5, 12.0, 12.5, 12.5 ]
								},
								"west": {
									"texture": "#scrambledegg",
									"uv": [ 13.5, 11.5, 14.5, 12.0 ]
								},
								"up": {
									"texture": "#scrambledegg",
									"uv": [ 12.5, 12.5, 13.5, 13.5 ]
								}
							}
						},
						{
							"name": "voxel68",
							"from": [ 2.5, 0.3, 1.0 ],
							"to": [ 3.5, 0.8, 2.0 ],
							"rotationOrigin": [ 0.5, 0.0, 1.5 ],
							"faces": {
								"north": {
									"texture": "#scrambledegg",
									"uv": [ 10.5, 12.0, 11.5, 12.5 ]
								},
								"east": {
									"texture": "#scrambledegg",
									"uv": [ 14.0, 10.5, 15.0, 11.0 ]
								},
								"south": {
									"texture": "#scrambledegg",
									"uv": [ 10.5, 12.5, 11.5, 13.0 ]
								},
								"west": {
									"texture": "#scrambledegg",
									"uv": [ 12.5, 13.5, 13.5, 14.0 ]
								},
								"up": {
									"texture": "#scrambledegg",
									"uv": [ 9.0, 12.0, 10.0, 13.0 ]
								}
							}
						},
						{
							"name": "voxel69",
							"from": [ 3.4, 0.3, 0.5 ],
							"to": [ 3.9, 0.8, 1.0 ],
							"rotationOrigin": [ 0.4, 0.0, 1.5 ],
							"faces": {
								"north": {
									"texture": "#scrambledegg",
									"uv": [ 13.0, 12.0, 13.5, 12.5 ]
								},
								"east": {
									"texture": "#scrambledegg",
									"uv": [ 10.5, 14.0, 11.0, 14.5 ]
								},
								"south": {
									"texture": "#scrambledegg",
									"uv": [ 12.5, 11.5, 13.0, 12.0 ]
								},
								"west": {
									"texture": "#scrambledegg",
									"uv": [ 13.0, 9.5, 13.5, 10.0 ]
								},
								"up": {
									"texture": "#scrambledegg",
									"uv": [ 13.0, 12.0, 13.5, 12.5 ]
								}
							}
						},
						{
							"name": "voxel70",
							"from": [ 1.0, 0.3, 0.5 ],
							"to": [ 1.5, 0.8, 1.0 ],
							"rotationOrigin": [ 0.5, 0.0, 1.5 ],
							"faces": {
								"north": {
									"texture": "#scrambledegg",
									"uv": [ 9.0, 12.5, 9.5, 13.0 ]
								},
								"east": {
									"texture": "#scrambledegg",
									"uv": [ 12.5, 10.5, 13.0, 11.0 ]
								},
								"south": {
									"texture": "#scrambledegg",
									"uv": [ 13.0, 8.5, 13.5, 9.0 ]
								},
								"west": {
									"texture": "#scrambledegg",
									"uv": [ 8.0, 15.5, 8.5, 16.0 ]
								},
								"up": {
									"texture": "#scrambledegg",
									"uv": [ 13.0, 12.0, 13.5, 12.5 ]
								}
							}
						},
						{
							"name": "voxel71",
							"from": [ 2.6, 0.3, 2.6 ],
							"to": [ 3.1, 0.8, 3.1 ],
							"rotationOrigin": [ 0.5, 0.0, 1.5 ],
							"faces": {
								"north": {
									"texture": "#scrambledegg",
									"uv": [ 10.5, 14.0, 11.0, 14.5 ]
								},
								"east": {
									"texture": "#scrambledegg",
									"uv": [ 12.0, 10.5, 12.5, 11.0 ]
								},
								"south": {
									"texture": "#scrambledegg",
									"uv": [ 10.0, 14.0, 10.5, 14.5 ]
								},
								"west": {
									"texture": "#scrambledegg",
									"uv": [ 14.0, 14.0, 14.5, 14.5 ]
								},
								"up": {
									"texture": "#scrambledegg",
									"uv": [ 9.5, 12.0, 10.0, 12.5 ]
								}
							}
						},
						{
							"name": "voxel72",
							"from": [ 1.5, 0.3, 3.4 ],
							"to": [ 2.0, 0.8, 3.9 ],
							"rotationOrigin": [ 0.5, 0.0, 1.4 ],
							"faces": {
								"north": {
									"texture": "#scrambledegg",
									"uv": [ 13.0, 9.0, 13.5, 9.5 ]
								},
								"east": {
									"texture": "#scrambledegg",
									"uv": [ 14.5, 13.0, 15.0, 13.5 ]
								},
								"south": {
									"texture": "#scrambledegg",
									"uv": [ 12.5, 10.0, 13.0, 10.5 ]
								},
								"west": {
									"texture": "#scrambledegg",
									"uv": [ 14.5, 11.5, 15.0, 12.0 ]
								},
								"up": {
									"texture": "#scrambledegg",
									"uv": [ 13.0, 11.0, 13.5, 11.5 ]
								}
							}
						}
					]
				},
				{
					"name": "vegetable 1",
					"from": [ -0.5, 2.8, -0.5 ],
					"to": [ 3.5, 3.3, 3.5 ],
					"renderInEditor": false,
					"faces": {
					},
					"children": [
						{
							"name": "voxel74",
							"from": [ 1.5, -0.6, 1.5 ],
							"to": [ 2.5, -0.1, 2.5 ],
							"rotationOrigin": [ 0.5, 0.0, 1.5 ],
							"faces": {
								"north": {
									"texture": "#vegetable",
									"uv": [ 9.0, 4.0, 10.0, 4.5 ]
								},
								"east": {
									"texture": "#vegetable",
									"uv": [ 14.0, 1.0, 15.0, 1.5 ]
								},
								"south": {
									"texture": "#vegetable",
									"uv": [ 13.5, 1.5, 14.5, 2.0 ]
								},
								"west": {
									"texture": "#vegetable",
									"uv": [ 12.0, 4.5, 13.0, 5.0 ]
								},
								"up": {
									"texture": "#vegetable",
									"uv": [ 12.5, 3.0, 13.5, 4.0 ]
								}
							}
						},
						{
							"name": "voxel75",
							"from": [ 0.9, -0.6, 2.5 ],
							"to": [ 1.9, -0.1, 3.5 ],
							"rotationOrigin": [ 0.5, 0.0, 1.5 ],
							"faces": {
								"north": {
									"texture": "#vegetable",
									"uv": [ 13.5, 2.0, 14.5, 2.5 ]
								},
								"east": {
									"texture": "#vegetable",
									"uv": [ 10.5, 4.0, 11.5, 4.5 ]
								},
								"south": {
									"texture": "#vegetable",
									"uv": [ 11.0, 6.0, 12.0, 6.5 ]
								},
								"west": {
									"texture": "#vegetable",
									"uv": [ 8.5, 3.5, 9.5, 4.0 ]
								},
								"up": {
									"texture": "#vegetable",
									"uv": [ 14.5, 4.0, 15.5, 5.0 ]
								}
							}
						},
						{
							"name": "voxel76",
							"from": [ 0.5, -0.6, 1.0 ],
							"to": [ 1.0, -0.1, 1.5 ],
							"rotationOrigin": [ 0.4, 0.0, 1.5 ],
							"faces": {
								"north": {
									"texture": "#vegetable",
									"uv": [ 11.0, 1.5, 11.5, 2.0 ]
								},
								"east": {
									"texture": "#vegetable",
									"uv": [ 11.5, 5.0, 12.0, 5.5 ]
								},
								"south": {
									"texture": "#vegetable",
									"uv": [ 13.5, 6.5, 14.0, 7.0 ]
								},
								"west": {
									"texture": "#vegetable",
									"uv": [ 14.5, 1.0, 15.0, 1.5 ]
								},
								"up": {
									"texture": "#vegetable",
									"uv": [ 14.0, 5.0, 14.5, 5.5 ]
								}
							}
						},
						{
							"name": "voxel77",
							"from": [ 2.5, -0.6, 0.5 ],
							"to": [ 3.0, -0.1, 1.0 ],
							"rotationOrigin": [ 0.5, 0.0, 1.5 ],
							"faces": {
								"north": {
									"texture": "#vegetable",
									"uv": [ 13.0, 4.0, 13.5, 4.5 ]
								},
								"east": {
									"texture": "#vegetable",
									"uv": [ 10.0, 1.0, 10.5, 1.5 ]
								},
								"south": {
									"texture": "#vegetable",
									"uv": [ 11.0, 2.0, 11.5, 2.5 ]
								},
								"west": {
									"texture": "#vegetable",
									"uv": [ 12.0, 3.0, 12.5, 3.5 ]
								},
								"up": {
									"texture": "#vegetable",
									"uv": [ 13.5, 4.5, 14.0, 5.0 ]
								}
							}
						},
						{
							"name": "voxel78",
							"from": [ 3.0, -0.6, 3.0 ],
							"to": [ 3.5, -0.1, 3.5 ],
							"rotationOrigin": [ 0.5, 0.0, 1.5 ],
							"faces": {
								"north": {
									"texture": "#vegetable",
									"uv": [ 10.5, 3.5, 11.0, 4.0 ]
								},
								"east": {
									"texture": "#vegetable",
									"uv": [ 11.0, 6.0, 11.5, 6.5 ]
								},
								"south": {
									"texture": "#vegetable",
									"uv": [ 15.0, 3.0, 15.5, 3.5 ]
								},
								"west": {
									"texture": "#vegetable",
									"uv": [ 9.0, 0.5, 9.5, 1.0 ]
								},
								"up": {
									"texture": "#vegetable",
									"uv": [ 13.0, 6.0, 13.5, 6.5 ]
								}
							}
						},
						{
							"name": "voxel79",
							"from": [ 3.4, -0.6, 1.6 ],
							"to": [ 3.9, -0.1, 2.1 ],
							"rotationOrigin": [ 0.5, 0.0, 1.4 ],
							"faces": {
								"north": {
									"texture": "#vegetable",
									"uv": [ 15.0, 7.5, 15.5, 8.0 ]
								},
								"east": {
									"texture": "#vegetable",
									"uv": [ 13.5, 4.5, 14.0, 5.0 ]
								},
								"south": {
									"texture": "#vegetable",
									"uv": [ 12.0, 0.5, 12.5, 1.0 ]
								},
								"west": {
									"texture": "#vegetable",
									"uv": [ 14.5, 4.5, 15.0, 5.0 ]
								},
								"up": {
									"texture": "#vegetable",
									"uv": [ 9.5, 3.0, 10.0, 3.5 ]
								}
							}
						}
					]
				},
				{
					"name": "vegetable 2",
					"from": [ -0.5, 2.8, -1.0 ],
					"to": [ 3.5, 3.3, 3.0 ],
					"renderInEditor": false,
					"faces": {
					},
					"children": [
						{
							"name": "voxel21",
							"from": [ 1.5, -0.9, 1.0 ],
							"to": [ 2.5, 0.1, 2.0 ],
							"rotationOrigin": [ 0.5, 0.0, 1.5 ],
							"faces": {
								"north": {
									"texture": "#vegetable",
									"uv": [ 9.0, 4.0, 10.0, 5.0 ]
								},
								"east": {
									"texture": "#vegetable",
									"uv": [ 14.0, 1.0, 15.0, 2.0 ]
								},
								"south": {
									"texture": "#vegetable",
									"uv": [ 13.5, 1.5, 14.5, 2.5 ]
								},
								"west": {
									"texture": "#vegetable",
									"uv": [ 12.0, 4.5, 13.0, 5.5 ]
								},
								"up": {
									"texture": "#vegetable",
									"uv": [ 12.5, 3.0, 13.5, 4.0 ]
								}
							}
						},
						{
							"name": "voxel22",
							"from": [ 1.6, -0.5, 2.5 ],
							"to": [ 2.6, 0.0, 3.5 ],
							"rotationOrigin": [ 0.5, 0.0, 1.5 ],
							"faces": {
								"north": {
									"texture": "#vegetable",
									"uv": [ 13.5, 2.0, 14.5, 2.5 ]
								},
								"east": {
									"texture": "#vegetable",
									"uv": [ 10.5, 4.0, 11.5, 4.5 ]
								},
								"south": {
									"texture": "#vegetable",
									"uv": [ 11.0, 6.0, 12.0, 6.5 ]
								},
								"west": {
									"texture": "#vegetable",
									"uv": [ 8.5, 3.5, 9.5, 4.0 ]
								},
								"up": {
									"texture": "#vegetable",
									"uv": [ 14.5, 4.0, 15.5, 5.0 ]
								}
							}
						},
						{
							"name": "voxel23",
							"from": [ 1.0, -0.5, 1.5 ],
							"to": [ 1.5, 0.0, 2.0 ],
							"rotationOrigin": [ 0.4, 0.0, 1.5 ],
							"faces": {
								"north": {
									"texture": "#vegetable",
									"uv": [ 11.0, 1.5, 11.5, 2.0 ]
								},
								"east": {
									"texture": "#vegetable",
									"uv": [ 11.5, 5.0, 12.0, 5.5 ]
								},
								"south": {
									"texture": "#vegetable",
									"uv": [ 13.5, 6.5, 14.0, 7.0 ]
								},
								"west": {
									"texture": "#vegetable",
									"uv": [ 14.5, 1.0, 15.0, 1.5 ]
								},
								"up": {
									"texture": "#vegetable",
									"uv": [ 14.0, 5.0, 14.5, 5.5 ]
								}
							}
						},
						{
							"name": "voxel24",
							"from": [ 2.0, -0.5, 0.6 ],
							"to": [ 2.5, 0.0, 1.1 ],
							"rotationOrigin": [ 0.5, 0.0, 1.5 ],
							"faces": {
								"north": {
									"texture": "#vegetable",
									"uv": [ 13.0, 4.0, 13.5, 4.5 ]
								},
								"east": {
									"texture": "#vegetable",
									"uv": [ 10.0, 1.0, 10.5, 1.5 ]
								},
								"south": {
									"texture": "#vegetable",
									"uv": [ 11.0, 2.0, 11.5, 2.5 ]
								},
								"west": {
									"texture": "#vegetable",
									"uv": [ 12.0, 3.0, 12.5, 3.5 ]
								},
								"up": {
									"texture": "#vegetable",
									"uv": [ 12.0, 5.0, 12.5, 5.5 ]
								}
							}
						},
						{
							"name": "voxel25",
							"from": [ 1.0, -0.4, 2.5 ],
							"to": [ 1.5, 0.1, 3.0 ],
							"rotationOrigin": [ 0.5, 0.0, 1.5 ],
							"faces": {
								"north": {
									"texture": "#vegetable",
									"uv": [ 10.5, 3.5, 11.0, 4.0 ]
								},
								"east": {
									"texture": "#vegetable",
									"uv": [ 11.5, 6.0, 12.0, 6.5 ]
								},
								"south": {
									"texture": "#vegetable",
									"uv": [ 15.0, 3.0, 15.5, 3.5 ]
								},
								"west": {
									"texture": "#vegetable",
									"uv": [ 9.0, 0.5, 9.5, 1.0 ]
								},
								"up": {
									"texture": "#vegetable",
									"uv": [ 13.0, 6.0, 13.5, 6.5 ]
								}
							}
						},
						{
							"name": "voxel26",
							"from": [ 0.1, -0.8, 1.0 ],
							"to": [ 0.6, -0.3, 1.5 ],
							"rotationOrigin": [ 0.5, 0.0, 1.4 ],
							"faces": {
								"north": {
									"texture": "#vegetable",
									"uv": [ 15.0, 7.5, 15.5, 8.0 ]
								},
								"east": {
									"texture": "#vegetable",
									"uv": [ 13.0, 5.5, 13.5, 6.0 ]
								},
								"south": {
									"texture": "#vegetable",
									"uv": [ 12.0, 0.5, 12.5, 1.0 ]
								},
								"west": {
									"texture": "#vegetable",
									"uv": [ 14.5, 4.5, 15.0, 5.0 ]
								},
								"up": {
									"texture": "#vegetable",
									"uv": [ 9.5, 3.0, 10.0, 3.5 ]
								}
							}
						}
					]
				},
				{
					"name": "vegetable 3",
					"from": [ -0.5, 2.8, -1.0 ],
					"to": [ 3.5, 3.3, 3.0 ],
					"renderInEditor": false,
					"faces": {
					},
					"children": [
						{
							"name": "voxel28",
							"from": [ 2.1, -0.9, 2.0 ],
							"to": [ 3.1, 0.1, 3.0 ],
							"rotationOrigin": [ 0.5, 0.0, 1.5 ],
							"faces": {
								"north": {
									"texture": "#vegetable",
									"uv": [ 9.0, 4.0, 10.0, 5.0 ]
								},
								"east": {
									"texture": "#vegetable",
									"uv": [ 14.0, 1.0, 15.0, 2.0 ]
								},
								"south": {
									"texture": "#vegetable",
									"uv": [ 13.5, 1.5, 14.5, 2.5 ]
								},
								"west": {
									"texture": "#vegetable",
									"uv": [ 12.0, 4.5, 13.0, 5.5 ]
								},
								"up": {
									"texture": "#vegetable",
									"uv": [ 12.5, 3.0, 13.5, 4.0 ]
								}
							}
						},
						{
							"name": "voxel29",
							"from": [ 2.0, -0.8, 3.4 ],
							"to": [ 3.0, -0.3, 4.4 ],
							"rotationOrigin": [ 0.5, 0.0, 1.5 ],
							"faces": {
								"north": {
									"texture": "#vegetable",
									"uv": [ 13.5, 2.0, 14.5, 2.5 ]
								},
								"east": {
									"texture": "#vegetable",
									"uv": [ 10.5, 4.0, 11.5, 4.5 ]
								},
								"south": {
									"texture": "#vegetable",
									"uv": [ 11.0, 6.0, 12.0, 6.5 ]
								},
								"west": {
									"texture": "#vegetable",
									"uv": [ 8.5, 3.5, 9.5, 4.0 ]
								},
								"up": {
									"texture": "#vegetable",
									"uv": [ 14.5, 4.0, 15.5, 5.0 ]
								}
							}
						},
						{
							"name": "voxel30",
							"from": [ 2.0, -0.4, 3.4 ],
							"to": [ 2.5, 0.1, 3.9 ],
							"rotationOrigin": [ 0.4, 0.0, 1.5 ],
							"faces": {
								"north": {
									"texture": "#vegetable",
									"uv": [ 11.0, 1.5, 11.5, 2.0 ]
								},
								"east": {
									"texture": "#vegetable",
									"uv": [ 11.5, 5.0, 12.0, 5.5 ]
								},
								"south": {
									"texture": "#vegetable",
									"uv": [ 13.5, 6.5, 14.0, 7.0 ]
								},
								"west": {
									"texture": "#vegetable",
									"uv": [ 14.5, 1.0, 15.0, 1.5 ]
								},
								"up": {
									"texture": "#vegetable",
									"uv": [ 14.0, 5.0, 14.5, 5.5 ]
								}
							}
						},
						{
							"name": "voxel31",
							"from": [ 0.1, -0.8, 3.5 ],
							"to": [ 0.6, -0.3, 4.0 ],
							"rotationOrigin": [ 0.5, 0.0, 1.5 ],
							"faces": {
								"north": {
									"texture": "#vegetable",
									"uv": [ 13.0, 4.0, 13.5, 4.5 ]
								},
								"east": {
									"texture": "#vegetable",
									"uv": [ 10.0, 1.0, 10.5, 1.5 ]
								},
								"south": {
									"texture": "#vegetable",
									"uv": [ 11.0, 2.0, 11.5, 2.5 ]
								},
								"west": {
									"texture": "#vegetable",
									"uv": [ 12.0, 3.0, 12.5, 3.5 ]
								},
								"up": {
									"texture": "#vegetable",
									"uv": [ 12.0, 5.0, 12.5, 5.5 ]
								}
							}
						},
						{
							"name": "voxel32",
							"from": [ 0.5, -0.5, 3.1 ],
							"to": [ 1.0, 0.0, 3.6 ],
							"rotationOrigin": [ 0.5, 0.0, 1.5 ],
							"faces": {
								"north": {
									"texture": "#vegetable",
									"uv": [ 10.5, 3.5, 11.0, 4.0 ]
								},
								"east": {
									"texture": "#vegetable",
									"uv": [ 11.5, 6.0, 12.0, 6.5 ]
								},
								"south": {
									"texture": "#vegetable",
									"uv": [ 15.0, 3.0, 15.5, 3.5 ]
								},
								"west": {
									"texture": "#vegetable",
									"uv": [ 9.0, 0.5, 9.5, 1.0 ]
								},
								"up": {
									"texture": "#vegetable",
									"uv": [ 13.0, 6.0, 13.5, 6.5 ]
								}
							}
						}
					]
				},
				{
					"name": "cheese 1",
					"from": [ -0.5, 2.8, -0.5 ],
					"to": [ 3.5, 3.3, 3.5 ],
					"faces": {
					},
					"children": [
						{
							"name": "voxel33",
							"from": [ 1.5, -0.6, 1.5 ],
							"to": [ 2.5, -0.1, 2.5 ],
							"rotationOrigin": [ 0.5, 0.0, 1.5 ],
							"faces": {
								"north": {
									"texture": "#cheese",
									"uv": [ 13.0, 10.5, 14.0, 11.0 ]
								},
								"east": {
									"texture": "#cheese",
									"uv": [ 11.5, 9.0, 12.5, 9.5 ]
								},
								"south": {
									"texture": "#cheese",
									"uv": [ 10.5, 13.0, 11.5, 13.5 ]
								},
								"west": {
									"texture": "#cheese",
									"uv": [ 12.5, 9.0, 13.5, 9.5 ]
								},
								"up": {
									"texture": "#cheese",
									"uv": [ 12.5, 9.5, 13.5, 10.5 ]
								}
							}
						},
						{
							"name": "voxel33",
							"from": [ 0.9, -0.6, 2.5 ],
							"to": [ 1.9, -0.1, 3.5 ],
							"rotationOrigin": [ 0.5, 0.0, 1.5 ],
							"faces": {
								"north": {
									"texture": "#cheese",
									"uv": [ 11.0, 8.5, 12.0, 9.0 ]
								},
								"east": {
									"texture": "#cheese",
									"uv": [ 10.0, 14.5, 11.0, 15.0 ]
								},
								"south": {
									"texture": "#cheese",
									"uv": [ 11.5, 12.0, 12.5, 12.5 ]
								},
								"west": {
									"texture": "#cheese",
									"uv": [ 14.0, 10.0, 15.0, 10.5 ]
								},
								"up": {
									"texture": "#cheese",
									"uv": [ 14.0, 14.5, 15.0, 15.5 ]
								}
							}
						},
						{
							"name": "voxel33",
							"from": [ 0.5, -0.6, 1.0 ],
							"to": [ 1.0, -0.1, 1.5 ],
							"rotationOrigin": [ 0.4, 0.0, 1.5 ],
							"faces": {
								"north": {
									"texture": "#cheese",
									"uv": [ 11.0, 8.5, 11.5, 9.0 ]
								},
								"east": {
									"texture": "#cheese",
									"uv": [ 14.0, 11.5, 14.5, 12.0 ]
								},
								"south": {
									"texture": "#cheese",
									"uv": [ 15.0, 13.0, 15.5, 13.5 ]
								},
								"west": {
									"texture": "#cheese",
									"uv": [ 14.0, 12.0, 14.5, 12.5 ]
								},
								"up": {
									"texture": "#cheese",
									"uv": [ 9.5, 14.5, 10.0, 15.0 ]
								}
							}
						},
						{
							"name": "voxel33",
							"from": [ 2.5, -0.6, 0.5 ],
							"to": [ 3.0, -0.1, 1.0 ],
							"rotationOrigin": [ 0.5, 0.0, 1.5 ],
							"faces": {
								"north": {
									"texture": "#cheese",
									"uv": [ 11.5, 10.0, 12.0, 10.5 ]
								},
								"east": {
									"texture": "#cheese",
									"uv": [ 12.5, 11.0, 13.0, 11.5 ]
								},
								"south": {
									"texture": "#cheese",
									"uv": [ 12.0, 10.0, 12.5, 10.5 ]
								},
								"west": {
									"texture": "#cheese",
									"uv": [ 12.0, 9.0, 12.5, 9.5 ]
								},
								"up": {
									"texture": "#cheese",
									"uv": [ 11.5, 8.5, 12.0, 9.0 ]
								}
							}
						},
						{
							"name": "voxel34",
							"from": [ 3.0, -0.6, 3.0 ],
							"to": [ 3.5, -0.1, 3.5 ],
							"rotationOrigin": [ 0.5, 0.0, 1.5 ],
							"faces": {
								"north": {
									"texture": "#cheese",
									"uv": [ 13.0, 9.5, 13.5, 10.0 ]
								},
								"east": {
									"texture": "#cheese",
									"uv": [ 12.0, 8.5, 12.5, 9.0 ]
								},
								"south": {
									"texture": "#cheese",
									"uv": [ 13.0, 14.0, 13.5, 14.5 ]
								},
								"west": {
									"texture": "#cheese",
									"uv": [ 13.0, 13.5, 13.5, 14.0 ]
								},
								"up": {
									"texture": "#cheese",
									"uv": [ 14.5, 15.0, 15.0, 15.5 ]
								}
							}
						},
						{
							"name": "voxel35",
							"from": [ 3.4, -0.6, 1.6 ],
							"to": [ 3.9, -0.1, 2.1 ],
							"rotationOrigin": [ 0.5, 0.0, 1.4 ],
							"faces": {
								"north": {
									"texture": "#cheese",
									"uv": [ 14.0, 11.0, 14.5, 11.5 ]
								},
								"east": {
									"texture": "#cheese",
									"uv": [ 10.0, 12.5, 10.5, 13.0 ]
								},
								"south": {
									"texture": "#cheese",
									"uv": [ 14.5, 11.0, 15.0, 11.5 ]
								},
								"west": {
									"texture": "#cheese",
									"uv": [ 15.0, 10.5, 15.5, 11.0 ]
								},
								"up": {
									"texture": "#cheese",
									"uv": [ 11.5, 13.0, 12.0, 13.5 ]
								}
							}
						}
					]
				},
				{
					"name": "cheese 2",
					"from": [ -0.5, 2.8, -1.0 ],
					"to": [ 3.5, 3.3, 3.0 ],
					"faces": {
					},
					"children": [
						{
							"name": "voxel37",
							"from": [ 1.5, -0.9, 1.0 ],
							"to": [ 2.5, 0.1, 2.0 ],
							"rotationOrigin": [ 0.5, 0.0, 1.5 ],
							"faces": {
								"north": {
									"texture": "#cheese",
									"uv": [ 11.5, 8.5, 12.5, 9.5 ]
								},
								"east": {
									"texture": "#cheese",
									"uv": [ 11.5, 12.5, 12.5, 13.5 ]
								},
								"south": {
									"texture": "#cheese",
									"uv": [ 12.0, 11.5, 13.0, 12.5 ]
								},
								"west": {
									"texture": "#cheese",
									"uv": [ 13.0, 11.0, 14.0, 12.0 ]
								},
								"up": {
									"texture": "#cheese",
									"uv": [ 13.5, 13.0, 14.5, 14.0 ]
								}
							}
						},
						{
							"name": "voxel38",
							"from": [ 1.6, -0.5, 2.5 ],
							"to": [ 2.6, 0.0, 3.5 ],
							"rotationOrigin": [ 0.5, 0.0, 1.5 ],
							"faces": {
								"north": {
									"texture": "#cheese",
									"uv": [ 11.5, 8.5, 12.5, 9.0 ]
								},
								"east": {
									"texture": "#cheese",
									"uv": [ 14.0, 14.5, 15.0, 15.0 ]
								},
								"south": {
									"texture": "#cheese",
									"uv": [ 11.0, 12.5, 12.0, 13.0 ]
								},
								"west": {
									"texture": "#cheese",
									"uv": [ 12.0, 11.5, 13.0, 12.0 ]
								},
								"up": {
									"texture": "#cheese",
									"uv": [ 13.0, 14.0, 14.0, 15.0 ]
								}
							}
						},
						{
							"name": "voxel39",
							"from": [ 1.0, -0.5, 1.5 ],
							"to": [ 1.5, 0.0, 2.0 ],
							"rotationOrigin": [ 0.4, 0.0, 1.5 ],
							"faces": {
								"north": {
									"texture": "#cheese",
									"uv": [ 13.0, 11.0, 13.5, 11.5 ]
								},
								"east": {
									"texture": "#cheese",
									"uv": [ 14.5, 9.5, 15.0, 10.0 ]
								},
								"south": {
									"texture": "#cheese",
									"uv": [ 13.0, 14.0, 13.5, 14.5 ]
								},
								"west": {
									"texture": "#cheese",
									"uv": [ 10.0, 14.0, 10.5, 14.5 ]
								},
								"up": {
									"texture": "#cheese",
									"uv": [ 14.5, 15.0, 15.0, 15.5 ]
								}
							}
						},
						{
							"name": "voxel40",
							"from": [ 2.0, -0.5, 0.6 ],
							"to": [ 2.5, 0.0, 1.1 ],
							"rotationOrigin": [ 0.5, 0.0, 1.5 ],
							"faces": {
								"north": {
									"texture": "#cheese",
									"uv": [ 11.5, 8.5, 12.0, 9.0 ]
								},
								"east": {
									"texture": "#cheese",
									"uv": [ 14.5, 12.0, 15.0, 12.5 ]
								},
								"south": {
									"texture": "#cheese",
									"uv": [ 14.0, 9.0, 14.5, 9.5 ]
								},
								"west": {
									"texture": "#cheese",
									"uv": [ 10.0, 14.5, 10.5, 15.0 ]
								},
								"up": {
									"texture": "#cheese",
									"uv": [ 11.5, 8.5, 12.0, 9.0 ]
								}
							}
						},
						{
							"name": "voxel41",
							"from": [ 1.0, -0.4, 2.5 ],
							"to": [ 1.5, 0.1, 3.0 ],
							"rotationOrigin": [ 0.5, 0.0, 1.5 ],
							"faces": {
								"north": {
									"texture": "#cheese",
									"uv": [ 8.5, 14.0, 9.0, 14.5 ]
								},
								"east": {
									"texture": "#cheese",
									"uv": [ 10.0, 15.0, 10.5, 15.5 ]
								},
								"south": {
									"texture": "#cheese",
									"uv": [ 13.0, 9.0, 13.5, 9.5 ]
								},
								"west": {
									"texture": "#cheese",
									"uv": [ 14.5, 12.0, 15.0, 12.5 ]
								},
								"up": {
									"texture": "#cheese",
									"uv": [ 13.5, 14.0, 14.0, 14.5 ]
								}
							}
						},
						{
							"name": "voxel42",
							"from": [ 0.1, -0.8, 1.0 ],
							"to": [ 0.6, -0.3, 1.5 ],
							"rotationOrigin": [ 0.5, 0.0, 1.4 ],
							"faces": {
								"north": {
									"texture": "#cheese",
									"uv": [ 10.5, 12.0, 11.0, 12.5 ]
								},
								"east": {
									"texture": "#cheese",
									"uv": [ 10.0, 11.5, 10.5, 12.0 ]
								},
								"south": {
									"texture": "#cheese",
									"uv": [ 8.5, 14.0, 9.0, 14.5 ]
								},
								"west": {
									"texture": "#cheese",
									"uv": [ 13.5, 9.5, 14.0, 10.0 ]
								},
								"up": {
									"texture": "#cheese",
									"uv": [ 15.5, 12.0, 16.0, 12.5 ]
								}
							}
						}
					]
				},
				{
					"name": "cheese 3",
					"from": [ -0.5, 2.8, -1.0 ],
					"to": [ 3.5, 3.3, 3.0 ],
					"faces": {
					},
					"children": [
						{
							"name": "voxel44",
							"from": [ 2.1, -0.9, 2.0 ],
							"to": [ 3.1, 0.1, 3.0 ],
							"rotationOrigin": [ 0.5, 0.0, 1.5 ],
							"faces": {
								"north": {
									"texture": "#cheese",
									"uv": [ 13.0, 13.5, 14.0, 14.5 ]
								},
								"east": {
									"texture": "#cheese",
									"uv": [ 11.0, 10.5, 12.0, 11.5 ]
								},
								"south": {
									"texture": "#cheese",
									"uv": [ 11.5, 11.0, 12.5, 12.0 ]
								},
								"west": {
									"texture": "#cheese",
									"uv": [ 12.0, 9.0, 13.0, 10.0 ]
								},
								"up": {
									"texture": "#cheese",
									"uv": [ 11.5, 8.5, 12.5, 9.5 ]
								}
							}
						},
						{
							"name": "voxel45",
							"from": [ 2.0, -0.8, 3.4 ],
							"to": [ 3.0, -0.3, 4.4 ],
							"rotationOrigin": [ 0.5, 0.0, 1.5 ],
							"faces": {
								"north": {
									"texture": "#cheese",
									"uv": [ 12.0, 8.5, 13.0, 9.0 ]
								},
								"east": {
									"texture": "#cheese",
									"uv": [ 12.5, 13.0, 13.5, 13.5 ]
								},
								"south": {
									"texture": "#cheese",
									"uv": [ 12.0, 8.5, 13.0, 9.0 ]
								},
								"west": {
									"texture": "#cheese",
									"uv": [ 12.5, 11.5, 13.5, 12.0 ]
								},
								"up": {
									"texture": "#cheese",
									"uv": [ 11.0, 8.0, 12.0, 9.0 ]
								}
							}
						},
						{
							"name": "voxel46",
							"from": [ 2.0, -0.4, 3.4 ],
							"to": [ 2.5, 0.1, 3.9 ],
							"rotationOrigin": [ 0.4, 0.0, 1.5 ],
							"faces": {
								"north": {
									"texture": "#cheese",
									"uv": [ 14.0, 12.5, 14.5, 13.0 ]
								},
								"east": {
									"texture": "#cheese",
									"uv": [ 13.0, 15.0, 13.5, 15.5 ]
								},
								"south": {
									"texture": "#cheese",
									"uv": [ 11.5, 8.5, 12.0, 9.0 ]
								},
								"west": {
									"texture": "#cheese",
									"uv": [ 14.0, 8.5, 14.5, 9.0 ]
								},
								"up": {
									"texture": "#cheese",
									"uv": [ 13.5, 13.5, 14.0, 14.0 ]
								}
							}
						},
						{
							"name": "voxel47",
							"from": [ 0.1, -0.8, 3.5 ],
							"to": [ 0.6, -0.3, 4.0 ],
							"rotationOrigin": [ 0.5, 0.0, 1.5 ],
							"faces": {
								"north": {
									"texture": "#cheese",
									"uv": [ 9.0, 11.5, 9.5, 12.0 ]
								},
								"east": {
									"texture": "#cheese",
									"uv": [ 14.0, 15.5, 14.5, 16.0 ]
								},
								"south": {
									"texture": "#cheese",
									"uv": [ 14.5, 10.5, 15.0, 11.0 ]
								},
								"west": {
									"texture": "#cheese",
									"uv": [ 12.5, 13.0, 13.0, 13.5 ]
								},
								"up": {
									"texture": "#cheese",
									"uv": [ 14.5, 11.0, 15.0, 11.5 ]
								}
							}
						},
						{
							"name": "voxel48",
							"from": [ 0.5, -0.5, 3.1 ],
							"to": [ 1.0, 0.0, 3.6 ],
							"rotationOrigin": [ 0.5, 0.0, 1.5 ],
							"faces": {
								"north": {
									"texture": "#cheese",
									"uv": [ 10.5, 12.0, 11.0, 12.5 ]
								},
								"east": {
									"texture": "#cheese",
									"uv": [ 13.5, 15.5, 14.0, 16.0 ]
								},
								"south": {
									"texture": "#cheese",
									"uv": [ 13.5, 8.0, 14.0, 8.5 ]
								},
								"west": {
									"texture": "#cheese",
									"uv": [ 13.0, 11.5, 13.5, 12.0 ]
								},
								"up": {
									"texture": "#cheese",
									"uv": [ 9.0, 14.0, 9.5, 14.5 ]
								}
							}
						}
					]
				},
				{
					"name": "scrambled eggs 2",
					"from": [ -0.5, 2.8, -0.5 ],
					"to": [ 3.5, 3.3, 3.5 ],
					"renderInEditor": false,
					"faces": {
					},
					"children": [
						{
							"name": "voxel50",
							"from": [ 1.5, -0.6, 1.5 ],
							"to": [ 2.5, -0.1, 2.5 ],
							"rotationOrigin": [ 0.5, 0.0, 1.5 ],
							"faces": {
								"north": {
									"texture": "#scrambledegg",
									"uv": [ 13.0, 10.5, 14.0, 11.0 ]
								},
								"east": {
									"texture": "#scrambledegg",
									"uv": [ 11.5, 9.0, 12.5, 9.5 ]
								},
								"south": {
									"texture": "#scrambledegg",
									"uv": [ 10.5, 13.0, 11.5, 13.5 ]
								},
								"west": {
									"texture": "#scrambledegg",
									"uv": [ 12.5, 9.0, 13.5, 9.5 ]
								},
								"up": {
									"texture": "#scrambledegg",
									"uv": [ 12.5, 9.5, 13.5, 10.5 ]
								}
							}
						},
						{
							"name": "voxel51",
							"from": [ 0.9, -0.6, 2.5 ],
							"to": [ 1.9, -0.1, 3.5 ],
							"rotationOrigin": [ 0.5, 0.0, 1.5 ],
							"faces": {
								"north": {
									"texture": "#scrambledegg",
									"uv": [ 11.0, 8.5, 12.0, 9.0 ]
								},
								"east": {
									"texture": "#scrambledegg",
									"uv": [ 10.0, 14.5, 11.0, 15.0 ]
								},
								"south": {
									"texture": "#scrambledegg",
									"uv": [ 11.5, 12.0, 12.5, 12.5 ]
								},
								"west": {
									"texture": "#scrambledegg",
									"uv": [ 14.0, 10.0, 15.0, 10.5 ]
								},
								"up": {
									"texture": "#scrambledegg",
									"uv": [ 14.0, 14.5, 15.0, 15.5 ]
								}
							}
						},
						{
							"name": "voxel52",
							"from": [ 0.5, -0.6, 1.0 ],
							"to": [ 1.0, -0.1, 1.5 ],
							"rotationOrigin": [ 0.4, 0.0, 1.5 ],
							"faces": {
								"north": {
									"texture": "#scrambledegg",
									"uv": [ 11.0, 8.5, 11.5, 9.0 ]
								},
								"east": {
									"texture": "#scrambledegg",
									"uv": [ 14.0, 11.5, 14.5, 12.0 ]
								},
								"south": {
									"texture": "#scrambledegg",
									"uv": [ 15.0, 13.0, 15.5, 13.5 ]
								},
								"west": {
									"texture": "#scrambledegg",
									"uv": [ 14.0, 12.0, 14.5, 12.5 ]
								},
								"up": {
									"texture": "#scrambledegg",
									"uv": [ 9.5, 14.5, 10.0, 15.0 ]
								}
							}
						},
						{
							"name": "voxel53",
							"from": [ 2.5, -0.6, 0.5 ],
							"to": [ 3.0, -0.1, 1.0 ],
							"rotationOrigin": [ 0.5, 0.0, 1.5 ],
							"faces": {
								"north": {
									"texture": "#scrambledegg",
									"uv": [ 11.5, 10.0, 12.0, 10.5 ]
								},
								"east": {
									"texture": "#scrambledegg",
									"uv": [ 12.5, 11.0, 13.0, 11.5 ]
								},
								"south": {
									"texture": "#scrambledegg",
									"uv": [ 12.0, 10.0, 12.5, 10.5 ]
								},
								"west": {
									"texture": "#scrambledegg",
									"uv": [ 12.0, 9.0, 12.5, 9.5 ]
								},
								"up": {
									"texture": "#scrambledegg",
									"uv": [ 11.5, 8.5, 12.0, 9.0 ]
								}
							}
						},
						{
							"name": "voxel54",
							"from": [ 3.0, -0.6, 3.0 ],
							"to": [ 3.5, -0.1, 3.5 ],
							"rotationOrigin": [ 0.5, 0.0, 1.5 ],
							"faces": {
								"north": {
									"texture": "#scrambledegg",
									"uv": [ 13.0, 9.5, 13.5, 10.0 ]
								},
								"east": {
									"texture": "#scrambledegg",
									"uv": [ 12.0, 8.5, 12.5, 9.0 ]
								},
								"south": {
									"texture": "#scrambledegg",
									"uv": [ 13.0, 14.0, 13.5, 14.5 ]
								},
								"west": {
									"texture": "#scrambledegg",
									"uv": [ 13.0, 13.5, 13.5, 14.0 ]
								},
								"up": {
									"texture": "#scrambledegg",
									"uv": [ 14.5, 15.0, 15.0, 15.5 ]
								}
							}
						},
						{
							"name": "voxel55",
							"from": [ 3.4, -0.6, 1.6 ],
							"to": [ 3.9, -0.1, 2.1 ],
							"rotationOrigin": [ 0.5, 0.0, 1.4 ],
							"faces": {
								"north": {
									"texture": "#scrambledegg",
									"uv": [ 14.0, 11.0, 14.5, 11.5 ]
								},
								"east": {
									"texture": "#scrambledegg",
									"uv": [ 10.0, 12.5, 10.5, 13.0 ]
								},
								"south": {
									"texture": "#scrambledegg",
									"uv": [ 14.5, 11.0, 15.0, 11.5 ]
								},
								"west": {
									"texture": "#scrambledegg",
									"uv": [ 15.0, 10.5, 15.5, 11.0 ]
								},
								"up": {
									"texture": "#scrambledegg",
									"uv": [ 11.5, 13.0, 12.0, 13.5 ]
								}
							}
						}
					]
				},
				{
					"name": "scrambled eggs 3",
					"from": [ -0.5, 2.8, -1.0 ],
					"to": [ 3.5, 3.3, 3.0 ],
					"renderInEditor": false,
					"faces": {
					},
					"children": [
						{
							"name": "voxel57",
							"from": [ 1.5, -0.9, 1.0 ],
							"to": [ 2.5, 0.1, 2.0 ],
							"rotationOrigin": [ 0.5, 0.0, 1.5 ],
							"faces": {
								"north": {
									"texture": "#scrambledegg",
									"uv": [ 12.0, 12.5, 13.0, 13.5 ]
								},
								"east": {
									"texture": "#scrambledegg",
									"uv": [ 14.5, 8.0, 15.5, 9.0 ]
								},
								"south": {
									"texture": "#scrambledegg",
									"uv": [ 11.0, 10.0, 12.0, 11.0 ]
								},
								"west": {
									"texture": "#scrambledegg",
									"uv": [ 12.0, 15.0, 13.0, 16.0 ]
								},
								"up": {
									"texture": "#scrambledegg",
									"uv": [ 13.0, 8.0, 14.0, 9.0 ]
								}
							}
						},
						{
							"name": "voxel58",
							"from": [ 1.6, -0.5, 2.5 ],
							"to": [ 2.6, 0.0, 3.5 ],
							"rotationOrigin": [ 0.5, 0.0, 1.5 ],
							"faces": {
								"north": {
									"texture": "#scrambledegg",
									"uv": [ 15.0, 9.5, 16.0, 10.0 ]
								},
								"east": {
									"texture": "#scrambledegg",
									"uv": [ 15.0, 14.5, 16.0, 15.0 ]
								},
								"south": {
									"texture": "#scrambledegg",
									"uv": [ 15.0, 8.0, 16.0, 8.5 ]
								},
								"west": {
									"texture": "#scrambledegg",
									"uv": [ 8.0, 13.5, 9.0, 14.0 ]
								},
								"up": {
									"texture": "#scrambledegg",
									"uv": [ 8.0, 11.0, 9.0, 12.0 ]
								}
							}
						},
						{
							"name": "voxel59",
							"from": [ 1.0, -0.5, 1.5 ],
							"to": [ 1.5, 0.0, 2.0 ],
							"rotationOrigin": [ 0.4, 0.0, 1.5 ],
							"faces": {
								"north": {
									"texture": "#scrambledegg",
									"uv": [ 13.5, 10.0, 14.0, 10.5 ]
								},
								"east": {
									"texture": "#scrambledegg",
									"uv": [ 10.5, 15.0, 11.0, 15.5 ]
								},
								"south": {
									"texture": "#scrambledegg",
									"uv": [ 15.0, 15.0, 15.5, 15.5 ]
								},
								"west": {
									"texture": "#scrambledegg",
									"uv": [ 14.0, 9.0, 14.5, 9.5 ]
								},
								"up": {
									"texture": "#scrambledegg",
									"uv": [ 13.5, 13.5, 14.0, 14.0 ]
								}
							}
						},
						{
							"name": "voxel60",
							"from": [ 2.0, -0.5, 0.6 ],
							"to": [ 2.5, 0.0, 1.1 ],
							"rotationOrigin": [ 0.5, 0.0, 1.5 ],
							"faces": {
								"north": {
									"texture": "#scrambledegg",
									"uv": [ 15.5, 11.0, 16.0, 11.5 ]
								},
								"east": {
									"texture": "#scrambledegg",
									"uv": [ 11.5, 12.0, 12.0, 12.5 ]
								},
								"south": {
									"texture": "#scrambledegg",
									"uv": [ 8.5, 14.5, 9.0, 15.0 ]
								},
								"west": {
									"texture": "#scrambledegg",
									"uv": [ 11.0, 8.5, 11.5, 9.0 ]
								},
								"up": {
									"texture": "#scrambledegg",
									"uv": [ 9.0, 13.0, 9.5, 13.5 ]
								}
							}
						},
						{
							"name": "voxel61",
							"from": [ 1.0, -0.4, 2.5 ],
							"to": [ 1.5, 0.1, 3.0 ],
							"rotationOrigin": [ 0.5, 0.0, 1.5 ],
							"faces": {
								"north": {
									"texture": "#scrambledegg",
									"uv": [ 14.0, 12.5, 14.5, 13.0 ]
								},
								"east": {
									"texture": "#scrambledegg",
									"uv": [ 15.0, 13.5, 15.5, 14.0 ]
								},
								"south": {
									"texture": "#scrambledegg",
									"uv": [ 12.0, 13.0, 12.5, 13.5 ]
								},
								"west": {
									"texture": "#scrambledegg",
									"uv": [ 14.5, 11.0, 15.0, 11.5 ]
								},
								"up": {
									"texture": "#scrambledegg",
									"uv": [ 9.5, 13.5, 10.0, 14.0 ]
								}
							}
						},
						{
							"name": "voxel62",
							"from": [ 0.1, -0.8, 1.0 ],
							"to": [ 0.6, -0.3, 1.5 ],
							"rotationOrigin": [ 0.5, 0.0, 1.4 ],
							"faces": {
								"north": {
									"texture": "#scrambledegg",
									"uv": [ 13.0, 12.0, 13.5, 12.5 ]
								},
								"east": {
									"texture": "#scrambledegg",
									"uv": [ 9.0, 11.0, 9.5, 11.5 ]
								},
								"south": {
									"texture": "#scrambledegg",
									"uv": [ 14.5, 13.0, 15.0, 13.5 ]
								},
								"west": {
									"texture": "#scrambledegg",
									"uv": [ 8.0, 15.5, 8.5, 16.0 ]
								},
								"up": {
									"texture": "#scrambledegg",
									"uv": [ 11.5, 9.0, 12.0, 9.5 ]
								}
							}
						}
					]
				},
				{
					"name": "scrambled eggs 4",
					"from": [ -0.5, 2.8, -1.0 ],
					"to": [ 3.5, 3.3, 3.0 ],
					"renderInEditor": false,
					"faces": {
					},
					"children": [
						{
							"name": "voxel64",
							"from": [ 2.1, -0.9, 2.0 ],
							"to": [ 3.1, 0.1, 3.0 ],
							"rotationOrigin": [ 0.5, 0.0, 1.5 ],
							"faces": {
								"north": {
									"texture": "#scrambledegg",
									"uv": [ 11.5, 12.5, 12.5, 13.5 ]
								},
								"east": {
									"texture": "#scrambledegg",
									"uv": [ 14.0, 13.5, 15.0, 14.5 ]
								},
								"south": {
									"texture": "#scrambledegg",
									"uv": [ 15.0, 15.0, 16.0, 16.0 ]
								},
								"west": {
									"texture": "#scrambledegg",
									"uv": [ 14.5, 10.5, 15.5, 11.5 ]
								},
								"up": {
									"texture": "#scrambledegg",
									"uv": [ 8.5, 12.0, 9.5, 13.0 ]
								}
							}
						},
						{
							"name": "voxel65",
							"from": [ 2.0, -0.8, 3.4 ],
							"to": [ 3.0, -0.3, 4.4 ],
							"rotationOrigin": [ 0.5, 0.0, 1.5 ],
							"faces": {
								"north": {
									"texture": "#scrambledegg",
									"uv": [ 10.5, 11.5, 11.5, 12.0 ]
								},
								"east": {
									"texture": "#scrambledegg",
									"uv": [ 11.5, 13.5, 12.5, 14.0 ]
								},
								"south": {
									"texture": "#scrambledegg",
									"uv": [ 8.5, 11.0, 9.5, 11.5 ]
								},
								"west": {
									"texture": "#scrambledegg",
									"uv": [ 13.0, 11.5, 14.0, 12.0 ]
								},
								"up": {
									"texture": "#scrambledegg",
									"uv": [ 13.5, 11.0, 14.5, 12.0 ]
								}
							}
						},
						{
							"name": "voxel66",
							"from": [ 2.0, -0.4, 3.4 ],
							"to": [ 2.5, 0.1, 3.9 ],
							"rotationOrigin": [ 0.4, 0.0, 1.5 ],
							"faces": {
								"north": {
									"texture": "#scrambledegg",
									"uv": [ 13.0, 11.0, 13.5, 11.5 ]
								},
								"east": {
									"texture": "#scrambledegg",
									"uv": [ 14.0, 11.0, 14.5, 11.5 ]
								},
								"south": {
									"texture": "#scrambledegg",
									"uv": [ 9.0, 15.0, 9.5, 15.5 ]
								},
								"west": {
									"texture": "#scrambledegg",
									"uv": [ 9.5, 12.0, 10.0, 12.5 ]
								},
								"up": {
									"texture": "#scrambledegg",
									"uv": [ 12.0, 11.0, 12.5, 11.5 ]
								}
							}
						},
						{
							"name": "voxel67",
							"from": [ 0.1, -0.8, 3.5 ],
							"to": [ 0.6, -0.3, 4.0 ],
							"rotationOrigin": [ 0.5, 0.0, 1.5 ],
							"faces": {
								"north": {
									"texture": "#scrambledegg",
									"uv": [ 11.5, 11.5, 12.0, 12.0 ]
								},
								"east": {
									"texture": "#scrambledegg",
									"uv": [ 9.5, 12.5, 10.0, 13.0 ]
								},
								"south": {
									"texture": "#scrambledegg",
									"uv": [ 13.0, 12.0, 13.5, 12.5 ]
								},
								"west": {
									"texture": "#scrambledegg",
									"uv": [ 13.5, 12.5, 14.0, 13.0 ]
								},
								"up": {
									"texture": "#scrambledegg",
									"uv": [ 9.0, 12.5, 9.5, 13.0 ]
								}
							}
						},
						{
							"name": "voxel73",
							"from": [ 0.5, -0.5, 3.1 ],
							"to": [ 1.0, 0.0, 3.6 ],
							"rotationOrigin": [ 0.5, 0.0, 1.5 ],
							"faces": {
								"north": {
									"texture": "#scrambledegg",
									"uv": [ 12.0, 11.5, 12.5, 12.0 ]
								},
								"east": {
									"texture": "#scrambledegg",
									"uv": [ 13.5, 11.5, 14.0, 12.0 ]
								},
								"south": {
									"texture": "#scrambledegg",
									"uv": [ 13.5, 10.0, 14.0, 10.5 ]
								},
								"west": {
									"texture": "#scrambledegg",
									"uv": [ 12.0, 12.5, 12.5, 13.0 ]
								},
								"up": {
									"texture": "#scrambledegg",
									"uv": [ 10.5, 12.0, 11.0, 12.5 ]
								}
							}
						}
					]
				}
			]
		}
	]
}
