[
  {
    "op": "replace",
    "path": "/1/ingredients/0/litres",
    "value": 5,
    "file": "game:recipes/barrel/leather.json",
  },
  {
    "op": "replace",
    "path": "/1/ingredients/0/consumeLitres",
    "value": 5,
    "file": "game:recipes/barrel/leather.json",
  },
  {
    "op": "replace",
    "path": "/2/ingredients/0/litres",
    "value": 5,
    "file": "game:recipes/barrel/leather.json",
  },
  {
    "op": "replace",
    "path": "/2/ingredients/0/consumeLitres",
    "value": 5,
    "file": "game:recipes/barrel/leather.json",
  }
]