[
  {
    "op": "addmerge",
    "path": "/-",
	"file": "game:recipes/barrel/strongtannin.json",
    "value": {
		"code": "strongtannin",
		"sealHours": 40,
		"ingredients": [
			{ "type": "block", "code": "log-placed-oak-ud",  "quantity": 2 },
			{ "type": "item", "code": "waterportion",  "litres": 10 },
		],
		"output": { "type": "item", "code": "strongtanninportion", "litres": 10 }
	}
    
  },
  {
    "op": "addmerge",
    "path": "/-",
	"file": "game:recipes/barrel/strongtannin.json",
    "value": {
		"code": "strongtannin",
		"sealHours": 40,
		"ingredients": [
			{ "type": "block", "code": "log-placed-acacia-ud",  "quantity": 2 },
			{ "type": "item", "code": "waterportion",  "litres": 10 },
		],
		"output": { "type": "item", "code": "strongtanninportion", "litres": 10 }
	}
    
  }
]