{
	"code": "carpentedhandle",
	"maxstacksize": 4,
	"behaviors": [
		{
			"name": "GroundStorable",
			"properties": {
				"layout": "Quadrants",
				"collisionBox": {
					"x1": 0, "y1": 0, "z1": 0,
					"x2": 1, "y2": 0.125, "z2": 1
				}
			}
		},
		{
			"name": "toolsmith:ModularPartRenderingFromAttributes",
			"properties": {
				"textures": [
					{
						"code": "wood",
						"Default": "game:block/wood/debarked/oak",
						"values": [
							"game:block/wood/debarked/aged",
							"game:block/wood/debarked/birch",
							"game:block/wood/debarked/oak",
							"game:block/wood/debarked/maple",
							"game:block/wood/debarked/pine",
							"game:block/wood/debarked/acacia",
							"game:block/wood/debarked/kapok",
							"game:block/wood/debarked/baldcypress",
							"game:block/wood/debarked/larch",
							"game:block/wood/debarked/redwood",
							"game:block/wood/debarked/ebony",
							"game:block/wood/debarked/walnut",
							"game:block/wood/debarked/purpleheart"
						]
					}
				],
				"skipCreativeInventoryAdditions": false,
				"creativeTabs": [ "general", "items" ]
			}
		}
	],
	"attributes": {
		"rackable": true,
		"toolrackTransform": {
			"translation": { "x": 0, "y": 0.6, "z":0 },
			"scale": 1.25
		}
	},
	"storageFlags" : 257,
	"shape": { "base": "toolsmith:item/parts/handles/carpentedhandle" },
	"creativeinventory": { "general": ["*"], "items": ["*"] },
	"tpHandTransform": {
		"translation": { "x": 0, "y": -0.4, "z": -0.2 },
		"rotation": { "x": 111, "y": 10, "z": 10 },
		"origin": { "x": 0, "y": 0, "z": 0 },
		"scale": 0.58
	},
	"guiTransform": {
		"translation": { "x": 0, "y": 0, "z": 0 },
		"rotation": { "x": -115, "y": -9, "z": 110 },
		"origin": { "x": 1.07, "y": -0.175, "z": 0.75 },
		"scale": 2.55
	},
	"groundTransform": {
		"translation": { "x": 0, "y": 0, "z": 0 },
		"rotation": { "x": 0, "y": 0, "z": 0 },
		"origin": { "x": 0.5, "y": 0, "z": 0.5 },
		"scale": 5
	}
}