{
  "code": "floursack",
  "class": "FoodShelves.BlockFSContainer",
  "entityclass": "FoodShelves.BEFlourSack",
  "variantgroups": [
    { "code": "type", "states": ["normal"] },
    { "code": "side", "loadFromProperties": "abstract/horizontalorientation" }
  ],
  "attributes": {
    "materials": { "loadFromProperties": "block/wood" },
    "variantTextures": {
      "surface": [ "game:block/wood/debarked/{wood}", "foodshelves:variants/wood/{wood}" ],
      "cloth": [ "game:block/cloth/basic/{cloth}" ],
      "seed": [ "game:item/resource/seeds/{seed}" ]
    },
    "handbook": {
      "groupBy": [ "floursack-*" ],
      "extraSections": [
        {
          "title": "foodshelves:blockdesc-canhold-title",
          "text": "foodshelves:blockdesc-floursack-text"
        }
      ]
    }
  },
  "behaviors": [
    { "name": "UnstableFalling" },
    { "name": "HorizontalOrientable", "properties": { "dropBlockFace": "east" } }
  ],
  "shape": {
    "base": "block/other/floursack",
    "rotateYByType": { "*-north": 0, "*-east": 270, "*-west": 90, "*-south": 180 }
  },
  "heldTpIdleAnimation": "holdunderarm",
  "blockmaterial": "Wood",
  "lightAbsorption": 1,
  "replaceable": 900,
  "resistance": 1.5,
  "materialDensity": 400,
  "faceCullMode": "NeverCull",
  "emitSideAo": { "all": false },
  "sidesolid": { "all": false },
  "sideopaque": { "all": false },
  "combustibleProps": {
    "burnTemperature": 700,
    "burnDuration": 36
  },
  "tpHandTransform": {
	  "translation": { "x": -0.8, "y": -0.68, "z": -0.41 },
	  "rotation": { "x": 99, "y": -10, "z": -6 },
	  "scale": 0.5
  },
  "sounds": {
    "place": "game:block/planks",
    "hit": "game:block/planks",
    "break": "game:block/planks"
  },
  "collisionSelectionBoxes": [ 
    { "x1": 0.03, "y1": 0, "z1": 0.03, "x2": 0.97, "y2": 1, "z2": 0.97 }
  ]
}
