{
	"editor": {
		"backDropShape": "villager",
		"allAngles": false,
		"entityTextureMode": true
	},
	"textureWidth": 16,
	"textureHeight": 16,
	"textureSizes": {
	},
	"textures": {
		"material": "game:entity/humanoid/traderaccessories/apron/leather"
	},
	"elements": [
		{
			"name": "ApronUpperTorso",
			"stepParentName": "UpperTorso",
			"from": [ -0.37, -1.0, 0.5 ], 
			"to": [ 0.03, 3.0, 5.7 ], 
			"uv": [ 0.0, 7.0 ],
			"rotationOrigin": [ -0.3, -1.0, 0.5 ],
			"faces": {
				"north": { "texture": "#material", "uv": [ 0.0, 12.0, 0.5, 16.0 ] },
				"east": { "texture": "#material", "uv": [ 0.0, 0.0, 5.0, 4.0 ], "enabled": false },
				"south": { "texture": "#material", "uv": [ 0.5, 12.0, 1.0, 16.0 ] },
				"west": { "texture": "#material", "uv": [ 1.0, 12.0, 6.0, 16.0 ] },
				"up": { "texture": "#material", "uv": [ 0.0, 7.0, 0.5, 12.0 ] },
				"down": { "texture": "#material", "uv": [ 0.5, 7.0, 1.0, 12.0 ] }
			},
			"children": [
				{
					"name": "ApronR",
					"from": [ -0.15, 3.6, 0.5 ], 
					"to": [ 0.35, 6.1, 1.0 ], 
					"uv": [ 2.0, 2.0 ],
					"rotationOrigin": [ -0.1, 3.6, 0.5 ],
					"faces": {
						"north": { "texture": "#material", "uv": [ 2.0, 2.5, 2.5, 5.0 ] },
						"east": { "texture": "#material", "uv": [ 0.0, 0.0, 0.5, 2.5 ], "enabled": false },
						"south": { "texture": "#material", "uv": [ 2.5, 2.5, 3.0, 5.0 ] },
						"west": { "texture": "#material", "uv": [ 3.0, 2.5, 3.5, 5.0 ] },
						"up": { "texture": "#material", "uv": [ 2.0, 2.0, 2.5, 2.5 ] },
						"down": { "texture": "#material", "uv": [ 2.5, 2.0, 3.0, 2.5 ] }
					}
				},
				{
					"name": "ApronL",
					"from": [ -0.15, 3.6, 4.1 ], 
					"to": [ 0.35, 6.1, 4.6 ], 
					"uv": [ 0.0, 2.0 ],
					"rotationOrigin": [ -0.1, 3.6, 4.1 ],
					"faces": {
						"north": { "texture": "#material", "uv": [ 0.0, 2.5, 0.5, 5.0 ] },
						"east": { "texture": "#material", "uv": [ 0.5, 2.5, 1.0, 5.0 ] },
						"south": { "texture": "#material", "uv": [ 1.0, 2.5, 1.5, 5.0 ] },
						"west": { "texture": "#material", "uv": [ 1.5, 2.5, 2.0, 5.0 ] },
						"up": { "texture": "#material", "uv": [ 0.0, 2.0, 0.5, 2.5 ] },
						"down": { "texture": "#material", "uv": [ 0.5, 2.0, 1.0, 2.5 ] }
					}
				}
			]
		},
		{
			"name": "ApronNeckBack",
			"stepParentName": "Neck",
			"from": [ 3.0, 1.7, -0.6 ], 
			"to": [ 3.5, 2.2, 3.54 ], 
			"autoUnwrap": false,
			"uv": [ 1.0, 4.5 ],
			"rotationOrigin": [ 2.63, 1.0, -0.5 ],
			"faces": {
				"north": { "texture": "#material", "uv": [ 1.0, 8.5, 1.5, 9.0 ] },
				"east": { "texture": "#material", "uv": [ 1.5, 8.5, 5.5, 9.0 ] },
				"south": { "texture": "#material", "uv": [ 5.5, 8.5, 6.0, 9.0 ] },
				"west": { "texture": "#material", "uv": [ 6.0, 8.5, 10.0, 9.0 ] },
				"up": { "texture": "#material", "uv": [ 8.5, 9.0, 9.0, 13.0 ] },
				"down": { "texture": "#material", "uv": [ 8.0, 9.0, 8.5, 13.0 ] }
			},
			"children": [
				{
					"name": "ApronNeckR",
					"from": [ -4.0, 0.0, 0.0 ], 
					"to": [ 0.0, 0.5, 0.5 ], 
					"uv": [ 0.0, 1.0 ],
					"rotationOrigin": [ -4.0, 0.0, 0.0 ],
					"faces": {
						"north": { "texture": "#material", "uv": [ 0.0, 1.5, 4.0, 2.0 ] },
						"east": { "texture": "#material", "uv": [ 4.0, 1.5, 4.5, 2.0 ] },
						"south": { "texture": "#material", "uv": [ 4.5, 1.5, 8.5, 2.0 ] },
						"west": { "texture": "#material", "uv": [ 8.5, 1.5, 9.0, 2.0 ] },
						"up": { "texture": "#material", "uv": [ 0.0, 1.0, 4.0, 1.5 ] },
						"down": { "texture": "#material", "uv": [ 4.0, 1.0, 8.0, 1.5 ] }
					}
				},
				{
					"name": "ApronNeckL",
					"from": [ -4.0, 0.0, 3.64 ], 
					"to": [ 0.0, 0.5, 4.14 ], 
					"uv": [ 0.0, 0.0 ],
					"rotationOrigin": [ -4.0, 0.0, 3.0 ],
					"faces": {
						"north": { "texture": "#material", "uv": [ 0.0, 0.5, 4.0, 1.0 ] },
						"east": { "texture": "#material", "uv": [ 4.0, 0.5, 4.5, 1.0 ] },
						"south": { "texture": "#material", "uv": [ 4.5, 0.5, 8.5, 1.0 ] },
						"west": { "texture": "#material", "uv": [ 8.5, 0.5, 9.0, 1.0 ] },
						"up": { "texture": "#material", "uv": [ 0.0, 0.0, 4.0, 0.5 ] },
						"down": { "texture": "#material", "uv": [ 4.0, 0.0, 8.0, 0.5 ] }
					}
				}
			]
		},
		{
			"name": "ApronLowerTorso",
			"stepParentName": "LowerTorso",
			"from": [ -0.5, -3.5, 0.0 ], 
			"to": [ -0.1, 3.5, 6.0 ], 
			"autoUnwrap": false,
			"uv": [ 8.0, 3.0 ],
			"rotationOrigin": [ -0.77, -4.0, 0.5 ],
			"faces": {
				"north": { "texture": "#material", "uv": [ 9.5, 9.0, 10.0, 16.0 ] },
				"east": { "texture": "#material", "uv": [ 0.0, 0.0, 6.0, 7.0 ], "enabled": false },
				"south": { "texture": "#material", "uv": [ 9.0, 9.0, 9.5, 16.0 ] },
				"west": { "texture": "#material", "uv": [ 10.0, 9.0, 16.0, 16.0 ] },
				"up": { "texture": "#material", "uv": [ 10.0, 8.0, 16.0, 8.5 ], "rotation": 90 },
				"down": { "texture": "#material", "uv": [ 10.0, 8.5, 16.0, 9.0 ], "rotation": 90 }
			},
			"children": [
				{
					"name": "ApronTieLower",
					"from": [ 0.19, 5.0, -0.4 ], 
					"to": [ 5.89, 5.6, 6.4 ], 
					"autoUnwrap": false,
					"uv": [ -1.5, 1.0 ],
					"rotationOrigin": [ 0.3, 5.0, -0.3 ],
					"faces": {
						"north": { "texture": "#material", "uv": [ 10.5, 2.0, 11.0, 7.5 ], "rotation": 90 },
						"east": { "texture": "#material", "uv": [ 9.5, 7.5, 16.0, 8.0 ] },
						"south": { "texture": "#material", "uv": [ 11.0, 6.5, 16.5, 7.0 ] },
						"west": { "texture": "#material", "uv": [ 9.5, 7.0, 16.0, 7.5 ] },
						"up": { "texture": "#material", "uv": [ 11.0, 0.0, 16.5, 6.5 ] },
						"down": { "texture": "#material", "uv": [ 11.0, 0.0, 16.5, 6.5 ] }
					},
					"children": [
						{
							"name": "ApronKnot",
							"from": [ 4.9, -0.2, 2.8 ], 
							"to": [ 5.9, 0.8, 3.8 ], 
							"uv": [ 1.0, 10.0 ],
							"rotationOrigin": [ 4.9, -0.2, 2.8 ],
							"faces": {
								"north": { "texture": "#material", "uv": [ 1.0, 11.0, 2.0, 12.0 ] },
								"east": { "texture": "#material", "uv": [ 2.0, 11.0, 3.0, 12.0 ] },
								"south": { "texture": "#material", "uv": [ 3.0, 11.0, 4.0, 12.0 ] },
								"west": { "texture": "#material", "uv": [ 0.0, 0.0, 1.0, 1.0 ], "enabled": false },
								"up": { "texture": "#material", "uv": [ 1.0, 10.0, 2.0, 11.0 ] },
								"down": { "texture": "#material", "uv": [ 2.0, 10.0, 3.0, 11.0 ] }
							},
							"children": [
								{
									"name": "ApronStringL",
									"from": [ 0.3, -2.3, 0.3 ], 
									"to": [ 0.9, 0.2, 0.9 ], 
									"uv": [ 6.0, 13.0 ],
									"rotationOrigin": [ 0.7, 0.2, 0.6 ],
									"rotationX": -4.0,
									"faces": {
										"north": { "texture": "#material", "uv": [ 6.0, 13.5, 6.5, 16.0 ] },
										"east": { "texture": "#material", "uv": [ 6.5, 13.5, 7.0, 16.0 ] },
										"south": { "texture": "#material", "uv": [ 7.0, 13.5, 7.5, 16.0 ] },
										"west": { "texture": "#material", "uv": [ 7.5, 13.5, 8.0, 16.0 ] },
										"up": { "texture": "#material", "uv": [ 0.0, 0.0, 0.5, 0.5 ], "enabled": false },
										"down": { "texture": "#material", "uv": [ 6.0, 13.0, 6.5, 13.5 ] }
									}
								},
								{
									"name": "ApronStringR",
									"from": [ 0.2, -2.3, 0.0 ], 
									"to": [ 0.8, 0.2, 0.6 ], 
									"uv": [ 6.0, 10.0 ],
									"rotationOrigin": [ 0.6, 0.2, 0.3 ],
									"rotationX": 10.0,
									"faces": {
										"north": { "texture": "#material", "uv": [ 6.0, 10.5, 6.5, 13.0 ] },
										"east": { "texture": "#material", "uv": [ 6.5, 10.5, 7.0, 13.0 ] },
										"south": { "texture": "#material", "uv": [ 7.0, 10.5, 7.5, 13.0 ] },
										"west": { "texture": "#material", "uv": [ 7.5, 10.5, 8.0, 13.0 ] },
										"up": { "texture": "#material", "uv": [ 0.0, 0.0, 0.5, 0.5 ], "enabled": false },
										"down": { "texture": "#material", "uv": [ 6.0, 10.0, 6.5, 10.5 ] }
									}
								}
							]
						}
					]
				}
			]
		}
	]}