{
	"editor": {
		"backDropShape": "E:/Vintagestory/assets/survival/shapes/entity/humanoid/trader",
		"allAngles": false,
		"entityTextureMode": false
	},
	"textureWidth": 16,
	"textureHeight": 16,
	"textureSizes": {
	},
	"textures": {
		"string": "game:item/tool/material/string",
		"rusty-iron": "game:block/metal/tarnished/rusty-iron"
	},
	"elements": [
		{
			"name": "origin",
			"stepParentName": "UpperTorso",
			"from": [ -3.0, 4.0, -3.0 ], 
			"to": [ -3.0, 4.0, -3.0 ], 
			"rotationOrigin": [ 5.0, 4.0, 5.0 ],
			"rotationX": 45.0,
			"rotationZ": -85.0,
			"faces": {
				"north": { "texture": "#null", "uv": [ 0.0, 0.0, 0.5, 0.5 ], "enabled": false },
				"east": { "texture": "#null", "uv": [ 0.0, 0.0, 0.5, 0.5 ], "enabled": false },
				"south": { "texture": "#null", "uv": [ 0.0, 0.0, 0.5, 0.5 ], "enabled": false },
				"west": { "texture": "#null", "uv": [ 0.0, 0.0, 0.5, 0.5 ], "enabled": false },
				"up": { "texture": "#null", "uv": [ 0.0, 0.0, 0.5, 0.5 ], "enabled": false },
				"down": { "texture": "#null", "uv": [ 0.0, 0.0, 0.5, 0.5 ], "enabled": false }
			},
			"children": [
				{
					"name": "handle",
					"from": [ 2.0, -0.3, 7.8 ], 
					"to": [ 8.0, 0.3, 8.4 ], 
					"rotationOrigin": [ 5.0, 0.0, 8.0 ],
					"faces": {
						"north": { "texture": "#rusty-iron", "uv": [ 0.0, 0.0, 6.0, 0.5 ] },
						"east": { "texture": "#rusty-iron", "uv": [ 0.0, 0.0, 0.5, 0.5 ] },
						"south": { "texture": "#rusty-iron", "uv": [ 0.0, 0.0, 6.0, 0.5 ] },
						"west": { "texture": "#rusty-iron", "uv": [ 0.0, 0.0, 0.5, 0.5 ] },
						"up": { "texture": "#rusty-iron", "uv": [ 0.0, 0.0, 6.0, 0.5 ] },
						"down": { "texture": "#rusty-iron", "uv": [ 0.0, 0.0, 6.0, 0.5 ] }
					},
					"children": [
						{
							"name": "blade",
							"from": [ 6.0, 0.2, -0.2 ], 
							"to": [ 19.0, 0.4, 0.8 ], 
							"rotationOrigin": [ 6.0, 0.3, 0.3 ],
							"faces": {
								"north": { "texture": "#rusty-iron", "uv": [ 2.0, 6.0, 15.0, 6.5 ] },
								"east": { "texture": "#rusty-iron", "uv": [ 0.0, 0.0, 1.0, 0.5 ] },
								"south": { "texture": "#rusty-iron", "uv": [ 1.0, 4.5, 14.0, 5.0 ] },
								"west": { "texture": "#rusty-iron", "uv": [ 1.5, 3.5, 2.5, 4.0 ] },
								"up": { "texture": "#rusty-iron", "uv": [ 1.5, 6.0, 14.5, 7.0 ] },
								"down": { "texture": "#rusty-iron", "uv": [ 1.5, 7.5, 14.5, 8.5 ] }
							},
							"children": [
								{
									"name": "blade4",
									"from": [ 1.0, 0.0, -0.3 ], 
									"to": [ 8.0, 0.2, 0.0 ], 
									"rotationOrigin": [ 1.0, 0.1, 0.1 ],
									"faces": {
										"north": { "texture": "#rusty-iron", "uv": [ 0.0, 0.0, 7.0, 0.5 ] },
										"east": { "texture": "#rusty-iron", "uv": [ 0.0, 0.0, 0.5, 0.5 ] },
										"south": { "texture": "#rusty-iron", "uv": [ 0.0, 0.0, 7.0, 0.5 ], "enabled": false },
										"west": { "texture": "#rusty-iron", "uv": [ 0.0, 0.0, 0.5, 0.5 ] },
										"up": { "texture": "#rusty-iron", "uv": [ 0.0, 0.0, 7.0, 0.5 ] },
										"down": { "texture": "#rusty-iron", "uv": [ 0.0, 0.0, 7.0, 0.5 ] }
									}
								},
								{
									"name": "blade5",
									"from": [ 2.0, 0.0, 1.0 ], 
									"to": [ 6.0, 0.2, 1.3 ], 
									"rotationOrigin": [ 2.0, 0.1, 1.5 ],
									"faces": {
										"north": { "texture": "#rusty-iron", "uv": [ 0.0, 0.0, 4.0, 0.5 ], "enabled": false },
										"east": { "texture": "#rusty-iron", "uv": [ 3.0, 3.5, 3.5, 4.0 ] },
										"south": { "texture": "#rusty-iron", "uv": [ 3.0, 3.5, 7.0, 4.0 ] },
										"west": { "texture": "#rusty-iron", "uv": [ 4.0, 4.0, 4.5, 4.5 ] },
										"up": { "texture": "#rusty-iron", "uv": [ 2.5, 2.5, 6.5, 3.0 ] },
										"down": { "texture": "#rusty-iron", "uv": [ 2.0, 2.5, 6.0, 3.0 ] }
									}
								},
								{
									"name": "blade6",
									"from": [ 6.9, 0.0, 1.0 ], 
									"to": [ 10.9, 0.2, 1.5 ], 
									"rotationOrigin": [ 7.0, 0.1, 1.1 ],
									"faces": {
										"north": { "texture": "#rusty-iron", "uv": [ 0.0, 0.0, 4.0, 0.5 ], "enabled": false },
										"east": { "texture": "#rusty-iron", "uv": [ 5.5, 6.0, 6.0, 6.5 ] },
										"south": { "texture": "#rusty-iron", "uv": [ 3.0, 3.0, 7.0, 3.5 ] },
										"west": { "texture": "#rusty-iron", "uv": [ 5.0, 3.0, 5.5, 3.5 ] },
										"up": { "texture": "#rusty-iron", "uv": [ 5.5, 6.5, 9.5, 7.0 ] },
										"down": { "texture": "#rusty-iron", "uv": [ 5.5, 4.0, 9.5, 4.5 ] }
									}
								},
								{
									"name": "blade7",
									"from": [ 10.0, 0.0, -0.5 ], 
									"to": [ 14.0, 0.2, 0.0 ], 
									"rotationOrigin": [ 10.0, 0.1, 0.0 ],
									"faces": {
										"north": { "texture": "#rusty-iron", "uv": [ 2.0, 4.5, 6.0, 5.0 ] },
										"east": { "texture": "#rusty-iron", "uv": [ 3.5, 4.5, 4.0, 5.0 ] },
										"south": { "texture": "#rusty-iron", "uv": [ 3.0, 4.5, 7.0, 5.0 ] },
										"west": { "texture": "#rusty-iron", "uv": [ 3.5, 5.5, 4.0, 6.0 ] },
										"up": { "texture": "#rusty-iron", "uv": [ 2.0, 5.0, 6.0, 5.5 ] },
										"down": { "texture": "#rusty-iron", "uv": [ 4.0, 4.5, 8.0, 5.0 ] }
									}
								},
								{
									"name": "hilt",
									"from": [ -0.3, -0.15, -0.5 ], 
									"to": [ 0.2, 0.35, 1.5 ], 
									"rotationOrigin": [ -0.1, 0.1, -0.5 ],
									"faces": {
										"north": { "texture": "#rusty-iron", "uv": [ 0.0, 0.0, 0.5, 0.5 ] },
										"east": { "texture": "#rusty-iron", "uv": [ 0.0, 0.0, 2.0, 0.5 ] },
										"south": { "texture": "#rusty-iron", "uv": [ 0.0, 0.0, 0.5, 0.5 ] },
										"west": { "texture": "#rusty-iron", "uv": [ 0.0, 0.0, 2.0, 0.5 ] },
										"up": { "texture": "#rusty-iron", "uv": [ 0.0, 0.0, 0.5, 2.0 ] },
										"down": { "texture": "#rusty-iron", "uv": [ 0.0, 0.0, 0.5, 2.0 ] }
									}
								}
							]
						},
						{
							"name": "wrap",
							"from": [ 0.7, -0.1, -0.1 ], 
							"to": [ 1.2, 0.7, 0.7 ], 
							"rotationOrigin": [ 0.7, -0.1, -0.1 ],
							"faces": {
								"north": { "texture": "#string", "uv": [ 0.0, 0.0, 0.5, 0.5 ] },
								"east": { "texture": "#string", "uv": [ 0.0, 0.0, 0.5, 0.5 ] },
								"south": { "texture": "#string", "uv": [ 0.0, 0.0, 0.5, 0.5 ] },
								"west": { "texture": "#string", "uv": [ 0.0, 0.0, 0.5, 0.5 ] },
								"up": { "texture": "#string", "uv": [ 0.0, 0.0, 0.5, 0.5 ] },
								"down": { "texture": "#string", "uv": [ 0.0, 0.0, 0.5, 0.5 ] }
							},
							"children": [
								{
									"name": "wrap10",
									"from": [ 0.7, 0.0, 0.0 ], 
									"to": [ 3.2, 0.8, 0.8 ], 
									"rotationOrigin": [ 1.0, 0.0, 0.0 ],
									"faces": {
										"north": { "texture": "#string", "uv": [ 3.5, 3.5, 6.0, 4.0 ] },
										"east": { "texture": "#string", "uv": [ 2.5, 2.5, 3.0, 3.0 ] },
										"south": { "texture": "#string", "uv": [ 1.5, 2.0, 4.0, 2.5 ] },
										"west": { "texture": "#string", "uv": [ 3.0, 1.5, 3.5, 2.0 ] },
										"up": { "texture": "#string", "uv": [ 2.5, 1.5, 5.0, 2.0 ] },
										"down": { "texture": "#string", "uv": [ 3.0, 1.5, 5.5, 2.0 ] }
									}
								},
								{
									"name": "wrap11",
									"from": [ 3.4, 0.0, 0.0 ], 
									"to": [ 3.9, 0.8, 0.8 ], 
									"rotationOrigin": [ 3.7, 0.0, 0.0 ],
									"faces": {
										"north": { "texture": "#string", "uv": [ 5.5, 6.0, 6.0, 6.5 ] },
										"east": { "texture": "#string", "uv": [ 3.5, 3.5, 4.0, 4.0 ] },
										"south": { "texture": "#string", "uv": [ 1.5, 2.0, 2.0, 2.5 ] },
										"west": { "texture": "#string", "uv": [ 3.0, 1.5, 3.5, 2.0 ] },
										"up": { "texture": "#string", "uv": [ 5.0, 3.0, 5.5, 3.5 ] },
										"down": { "texture": "#string", "uv": [ 4.5, 1.5, 5.0, 2.0 ] }
									}
								},
								{
									"name": "wrap12",
									"from": [ 4.6, 0.05, -0.1 ], 
									"to": [ 5.1, 0.75, 1.2 ], 
									"rotationOrigin": [ 4.9, 0.4, -0.1 ],
									"rotationY": 45.0,
									"faces": {
										"north": { "texture": "#string", "uv": [ 7.0, 6.0, 7.5, 6.5 ] },
										"east": { "texture": "#string", "uv": [ 6.0, 3.5, 7.0, 4.0 ] },
										"south": { "texture": "#string", "uv": [ 1.5, 2.0, 2.0, 2.5 ] },
										"west": { "texture": "#string", "uv": [ 3.5, 2.0, 4.5, 2.5 ] },
										"up": { "texture": "#string", "uv": [ 7.5, 2.5, 8.0, 3.5 ] },
										"down": { "texture": "#string", "uv": [ 7.0, 2.0, 7.5, 3.0 ] }
									}
								},
								{
									"name": "wrap13",
									"from": [ 4.4, 0.051, 0.7 ], 
									"to": [ 4.9, 0.751, 2.1 ], 
									"rotationOrigin": [ 4.7, 0.4, 0.7 ],
									"rotationY": 135.0,
									"faces": {
										"north": { "texture": "#string", "uv": [ 7.0, 6.0, 7.5, 6.5 ] },
										"east": { "texture": "#string", "uv": [ 6.0, 3.5, 7.0, 4.0 ] },
										"south": { "texture": "#string", "uv": [ 1.5, 2.0, 2.0, 2.5 ] },
										"west": { "texture": "#string", "uv": [ 4.0, 2.0, 5.0, 2.5 ] },
										"up": { "texture": "#string", "uv": [ 10.0, 3.5, 10.5, 4.5 ] },
										"down": { "texture": "#string", "uv": [ 7.0, 2.0, 7.5, 3.0 ] }
									}
								}
							]
						}
					]
				}
			]
		}
	]}