{
	"editor": {
		"collapsedPaths": ",Root/origin/flower15/bud22,Root/origin/flower2,Root/origin/flower4,Root/origin/flower6,Root/origin/flower5,Root/origin/stemdown5,Root/origin/stemdown4,Root/origin/stemdown3,Root/origin/stemdown2,Root/origin/flower16/budstembiglower10,Root/origin/flower16/stembiglower7,Root/origin2/stemtop5,Root/origin/flower10/stemtop47,Root/origin/flower2/bud5,Root/origin/flower2/bud6,Root/origin/flower4/stembiglower4,Root/origin/flower/bud4,Root/origin/flower16/budstembiglower11,Root/origin/flower/bud3,Root/origin/stemdown28,Root/origin/stemdown26,Root/origin/budorigin3/bud7,Root/origin/stemdown25,Root/origin/flower18/bud29,Root/origin2,Root/origin/stemdown22,Root/origin/stemdown21,Root/origin/flower9/bud2,Root/origin/flower5/budstembiglower5,Root/origin/flower10,Root/origin/flower14,Root/origin/flower15,Root/origin/flower12/stemtop7,Root/origin/flower12,Root/origin/flower19,Root/origin/flower16,Root/origin/flower/stemtop3,Root/origin/flower17,Root/origin/flower10/bud27,Root/origin/flower,Root/origin/flower6/budstembiglower14,Root/origin/stemtop9,Root/origin/flower19/budstembiglower19,Root/origin/flower4/budstembiglower7,Root/origin/stemtop5,Root/origin/budstembiglower,Root/origin/stemdown30,Root/origin/flower4/budstembiglower6,Root/origin/bud5,Root/origin/flower14/bud28,Root/origin/flower9/stemtop15,Root/origin/flower10/stemdown41,Root/origin/flower4/cham4/bud19,Root/origin/flower12/bud7,Root/origin/flower2/stembiglower2,Root/origin/flower15/budstembiglower8,Root/origin/flower15/budstembiglower9,Root/origin/flower14/stemdown2,Root/origin/flower/stembiglower,Root/origin/bud,Root/origin/flower2/stemdown32,Root/origin/flower5/budstembiglower15,Root/origin/bud4,Root/origin/bud3,Root/origin/bud2,Root/origin/flower4/bud20,Root/origin/flower14/stemtop5,Root/origin/flower17/budstembiglower13,Root/origin/flower15/stembiglower6,Root/origin/flower17/budstembiglower12,Root/origin/flower7,Root/origin/flower5/stemtop35,Root/origin/flower9,Root/origin/flower5/stembiglower5/budstembiglower5,Root/origin/flower19/budstembiglower20",
		"allAngles": true,
		"entityTextureMode": false
	},
	"textureWidth": 16,
	"textureHeight": 16,
	"textureSizes": {
		"chamomile": [16,16]
	},
	"textures": {
	},
	"elements": [
		{
			"name": "origin",
			"from": [ 8.0, 0.0, 8.0 ],
			"to": [ 8.0, 0.0, 8.0 ],
			"rotationOrigin": [ 8.0, 0.0, 8.0 ],
			"rotationY": 45.0,
			"faces": {
			},
			"children": [
				{
					"name": "flower18",
					"from": [ -0.15, 0.0, -0.18 ],
					"to": [ 0.2, 5.0, 0.17 ],
					"rotationOrigin": [ 0.05, -0.3, 0.15 ],
					"faces": {
						"north": { "texture": "#chamomile", "uv": [ 11.0, 1.0, 11.5, 6.0 ] },
						"east": { "texture": "#chamomile", "uv": [ 9.5, 0.5, 10.0, 5.5 ] },
						"south": { "texture": "#chamomile", "uv": [ 11.0, 1.0, 11.5, 6.0 ] },
						"west": { "texture": "#chamomile", "uv": [ 9.5, 0.5, 10.0, 5.5 ] },
						"down": { "texture": "#chamomile", "uv": [ 9.5, 5.0, 10.0, 5.5 ] }
					},
					"children": [
						{
							"name": "stemdown51",
							"from": [ 0.1305, 0.0, -1.6704 ],
							"to": [ 0.1305, 5.0, 1.8296 ],
							"rotationOrigin": [ 0.1293, 0.0, 0.1286 ],
							"rotationY": -89.9802,
							"faces": {
								"east": { "texture": "#chamomile", "uv": [ 9.0, 10.5, 12.5, 15.5 ] }
							},
							"children": [
								{
									"name": "Cube52",
									"from": [ -1.7, 0.0, 1.8 ],
									"to": [ 1.8, 5.0, 1.8 ],
									"rotationOrigin": [ 0.0, 0.0, 1.8 ],
									"faces": {
										"north": { "texture": "#chamomile", "uv": [ 9.0, 10.5, 12.5, 15.5 ] }
									}
								}
							]
						},
						{
							"name": "stem26",
							"from": [ 0.0, 5.0, 0.0 ],
							"to": [ 0.35, 10.0, 0.35 ],
							"rotationOrigin": [ 0.2, 5.0, 0.27 ],
							"faces": {
								"north": { "texture": "#chamomile", "uv": [ 9.5, 1.0, 10.0, 6.0 ] },
								"east": { "texture": "#chamomile", "uv": [ 11.0, 1.0, 11.5, 6.0 ] },
								"south": { "texture": "#chamomile", "uv": [ 9.5, 1.0, 10.0, 6.0 ] },
								"west": { "texture": "#chamomile", "uv": [ 9.5, 0.5, 10.0, 5.5 ] },
								"up": { "texture": "#chamomile", "uv": [ 9.5, 2.5, 10.0, 3.0 ] }
							}
						},
						{
							"name": "stemdown52",
							"from": [ 0.1293, 5.0, -1.6714 ],
							"to": [ 0.1293, 10.0, 1.8286 ],
							"rotationOrigin": [ 0.1293, 5.0, 0.1286 ],
							"rotationX": -180.0,
							"rotationY": -45.0,
							"rotationZ": -180.0,
							"faces": {
								"east": { "texture": "#chamomile", "uv": [ 9.0, 10.5, 12.5, 15.5 ] }
							},
							"children": [
								{
									"name": "Cube53",
									"from": [ -1.7, 0.0, 1.8 ],
									"to": [ 1.8, 5.0, 1.8 ],
									"rotationOrigin": [ 0.0, 0.0, 1.8 ],
									"faces": {
										"north": { "texture": "#chamomile", "uv": [ 9.0, 10.5, 12.5, 15.5 ] }
									}
								}
							]
						},
						{
							"name": "stemtop56",
							"from": [ 0.0995, 9.8, 0.0777 ],
							"to": [ 0.3495, 11.8, 0.3277 ],
							"rotationOrigin": [ 0.2495, 9.8, -0.0623 ],
							"rotationX": -7.2988,
							"rotationY": -1.5496,
							"rotationZ": 15.9444,
							"faces": {
								"north": { "texture": "#chamomile", "uv": [ 10.5, 3.5, 11.0, 5.5 ] },
								"east": { "texture": "#chamomile", "uv": [ 10.0, 3.5, 10.5, 5.5 ] },
								"south": { "texture": "#chamomile", "uv": [ 10.5, 3.0, 11.0, 5.0 ] },
								"west": { "texture": "#chamomile", "uv": [ 10.0, 3.0, 10.5, 5.0 ] },
								"up": { "texture": "#chamomile", "uv": [ 10.0, 2.5, 10.5, 3.0 ] }
							}
						},
						{
							"name": "bud29",
							"from": [ -0.6411, 12.5982, -0.3187 ],
							"to": [ -0.2411, 12.9982, 0.0813 ],
							"rotationOrigin": [ -0.456, 11.8335, -0.2986 ],
							"rotationX": -5.5493,
							"rotationY": 1.2739,
							"rotationZ": 31.351,
							"faces": {
								"north": { "texture": "#chamomile", "uv": [ 5.5, 4.5, 8.0, 7.0 ], "autoUv": false },
								"east": { "texture": "#chamomile", "uv": [ 5.5, 4.5, 8.0, 7.0 ], "autoUv": false },
								"south": { "texture": "#chamomile", "uv": [ 5.5, 4.5, 8.0, 7.0 ], "autoUv": false },
								"west": { "texture": "#chamomile", "uv": [ 5.5, 4.5, 8.0, 7.0 ], "autoUv": false },
								"up": { "texture": "#chamomile", "uv": [ 5.5, 4.5, 8.0, 7.0 ], "autoUv": false }
							},
							"children": [
								{
									"name": "petal353",
									"from": [ 0.33, 0.0237, -0.15 ],
									"to": [ 0.63, 0.0237, 0.55 ],
									"rotationOrigin": [ 0.3289, 0.0237, -0.1911 ],
									"rotationZ": -14.0,
									"faces": {
										"up": { "texture": "#chamomile", "uv": [ 4.0, 0.0, 8.5, 1.5 ], "rotation": 90, "autoUv": false }
									}
								},
								{
									"name": "petal354",
									"from": [ 0.53, 0.05, 0.3 ],
									"to": [ 0.83, 0.05, 1.0 ],
									"rotationOrigin": [ 0.5289, 0.0237, 0.3089 ],
									"rotationY": -90.0,
									"rotationZ": -14.0,
									"faces": {
										"up": { "texture": "#chamomile", "uv": [ 4.0, 0.0, 8.5, 1.5 ], "rotation": 90, "autoUv": false }
									}
								},
								{
									"name": "petal355",
									"from": [ 0.13, 0.06, 0.67 ],
									"to": [ 0.43, 0.06, 1.37 ],
									"rotationOrigin": [ 0.1289, 0.0237, 0.6089 ],
									"rotationY": -180.0,
									"rotationZ": -14.0,
									"faces": {
										"up": { "texture": "#chamomile", "uv": [ 4.0, 0.0, 8.5, 1.5 ], "rotation": 90, "autoUv": false }
									}
								},
								{
									"name": "petal356",
									"from": [ -0.17, 0.05, 0.13 ],
									"to": [ 0.13, 0.05, 0.83 ],
									"rotationOrigin": [ -0.1711, 0.0237, 0.1089 ],
									"rotationY": 90.0,
									"rotationZ": -14.0,
									"faces": {
										"up": { "texture": "#chamomile", "uv": [ 4.0, 0.0, 8.5, 1.5 ], "rotation": 90, "autoUv": false }
									}
								},
								{
									"name": "petal357",
									"from": [ 0.0, 0.03, -0.09 ],
									"to": [ 0.3, 0.03, 0.61 ],
									"rotationOrigin": [ 0.0289, 0.0237, -0.0911 ],
									"rotationY": 45.0,
									"rotationZ": -2.0,
									"faces": {
										"up": { "texture": "#chamomile", "uv": [ 4.0, 0.0, 8.5, 1.5 ], "rotation": 90, "autoUv": false }
									}
								},
								{
									"name": "petal358",
									"from": [ 0.55, 0.04, -0.09 ],
									"to": [ 0.85, 0.04, 0.61 ],
									"rotationOrigin": [ 0.4289, 0.0237, -0.0911 ],
									"rotationY": -45.0,
									"rotationZ": -2.0,
									"faces": {
										"up": { "texture": "#chamomile", "uv": [ 4.0, 0.0, 8.5, 1.5 ], "rotation": 90, "autoUv": false }
									}
								},
								{
									"name": "petal359",
									"from": [ 0.74, 0.04, 0.28 ],
									"to": [ 1.04, 0.04, 0.98 ],
									"rotationOrigin": [ 0.5289, 0.0237, 0.3089 ],
									"rotationY": -135.0,
									"rotationZ": -2.0,
									"faces": {
										"up": { "texture": "#chamomile", "uv": [ 4.0, 0.0, 8.5, 1.5 ], "rotation": 90, "autoUv": false }
									}
								},
								{
									"name": "petal360",
									"from": [ 0.43, 0.03, -0.82 ],
									"to": [ 0.73, 0.03, -0.12 ],
									"rotationOrigin": [ 0.4289, 0.0237, -0.0911 ],
									"rotationY": 135.0,
									"rotationZ": -2.0,
									"faces": {
										"up": { "texture": "#chamomile", "uv": [ 4.0, 0.0, 8.5, 1.5 ], "rotation": 90, "autoUv": false }
									}
								},
								{
									"name": "budbase45",
									"from": [ -0.01, -0.02, -0.01 ],
									"to": [ 0.41, 0.02, 0.41 ],
									"rotationOrigin": [ 0.1851, -0.7647, 0.0201 ],
									"faces": {
										"north": { "texture": "#chamomile", "uv": [ 9.5, 3.5, 11.0, 4.0 ], "autoUv": false },
										"east": { "texture": "#chamomile", "uv": [ 10.0, 4.0, 11.5, 4.5 ], "autoUv": false },
										"south": { "texture": "#chamomile", "uv": [ 9.5, 3.5, 11.0, 4.0 ], "autoUv": false },
										"west": { "texture": "#chamomile", "uv": [ 9.5, 2.0, 11.0, 2.5 ], "autoUv": false },
										"up": { "texture": "#chamomile", "uv": [ 9.5, 4.0, 11.0, 5.5 ], "autoUv": false },
										"down": { "texture": "#chamomile", "uv": [ 10.0, 3.0, 11.5, 4.5 ], "autoUv": false }
									}
								}
							]
						},
						{
							"name": "stemtop55",
							"from": [ -0.3887, 11.6513, -0.1535 ],
							"to": [ -0.1887, 12.6513, 0.0465 ],
							"rotationOrigin": [ -0.2987, 11.6513, -0.2235 ],
							"rotationX": -7.2988,
							"rotationY": -1.5496,
							"rotationZ": 32.9444,
							"faces": {
								"north": { "texture": "#chamomile", "uv": [ 10.5, 4.0, 11.0, 5.0 ] },
								"east": { "texture": "#chamomile", "uv": [ 10.0, 4.0, 10.5, 5.0 ] },
								"south": { "texture": "#chamomile", "uv": [ 10.0, 4.0, 10.5, 5.0 ] },
								"west": { "texture": "#chamomile", "uv": [ 10.5, 4.0, 11.0, 5.0 ] }
							}
						},
						{
							"name": "stemtop59",
							"from": [ 0.0699, 9.38, 0.0012 ],
							"to": [ 0.2699, 10.38, 0.2012 ],
							"rotationOrigin": [ 0.1599, 9.4198, -0.0688 ],
							"rotationX": -34.4386,
							"rotationY": 3.9284,
							"rotationZ": 3.9453,
							"faces": {
								"north": { "texture": "#chamomile", "uv": [ 9.5, 3.5, 10.0, 4.5 ] },
								"east": { "texture": "#chamomile", "uv": [ 11.0, 4.0, 11.5, 5.0 ] },
								"south": { "texture": "#chamomile", "uv": [ 9.5, 4.5, 10.0, 5.5 ] },
								"west": { "texture": "#chamomile", "uv": [ 11.0, 5.0, 11.5, 6.0 ] }
							}
						},
						{
							"name": "budstembiglower17",
							"from": [ 1.4799, 10.36, -0.3317 ],
							"to": [ 1.8799, 10.76, 0.0683 ],
							"rotationOrigin": [ 0.8698, 9.2431, 0.0383 ],
							"rotationX": 144.65,
							"rotationY": -2.31,
							"rotationZ": -176.57,
							"faces": {
								"north": { "texture": "#chamomile", "uv": [ 5.5, 4.5, 8.0, 7.0 ], "autoUv": false },
								"east": { "texture": "#chamomile", "uv": [ 5.5, 4.5, 8.0, 7.0 ], "autoUv": false },
								"south": { "texture": "#chamomile", "uv": [ 5.5, 4.5, 8.0, 7.0 ], "autoUv": false },
								"west": { "texture": "#chamomile", "uv": [ 5.5, 4.5, 8.0, 7.0 ], "autoUv": false },
								"up": { "texture": "#chamomile", "uv": [ 5.5, 4.5, 8.0, 7.0 ], "autoUv": false }
							},
							"children": [
								{
									"name": "petal369",
									"from": [ 0.33, 0.04, -0.15 ],
									"to": [ 0.63, 0.04, 0.55 ],
									"rotationOrigin": [ 0.3289, 0.0237, -0.1911 ],
									"rotationZ": -14.0,
									"faces": {
										"up": { "texture": "#chamomile", "uv": [ 4.0, 0.0, 8.5, 1.5 ], "rotation": 90, "autoUv": false }
									}
								},
								{
									"name": "petal370",
									"from": [ 0.53, 0.05, 0.3 ],
									"to": [ 0.83, 0.05, 1.0 ],
									"rotationOrigin": [ 0.5289, 0.0237, 0.3089 ],
									"rotationY": -90.0,
									"rotationZ": -14.0,
									"faces": {
										"up": { "texture": "#chamomile", "uv": [ 4.0, 0.0, 8.5, 1.5 ], "rotation": 90, "autoUv": false }
									}
								},
								{
									"name": "petal371",
									"from": [ 0.13, 0.06, 0.67 ],
									"to": [ 0.43, 0.06, 1.37 ],
									"rotationOrigin": [ 0.1289, 0.0237, 0.6089 ],
									"rotationY": -180.0,
									"rotationZ": -14.0,
									"faces": {
										"up": { "texture": "#chamomile", "uv": [ 4.0, 0.0, 8.5, 1.5 ], "rotation": 90, "autoUv": false }
									}
								},
								{
									"name": "petal372",
									"from": [ -0.23, 0.04, 0.13 ],
									"to": [ 0.07, 0.04, 0.83 ],
									"rotationOrigin": [ -0.1711, 0.0237, 0.1089 ],
									"rotationY": 97.0,
									"rotationZ": -14.0,
									"faces": {
										"up": { "texture": "#chamomile", "uv": [ 4.0, 0.0, 8.5, 1.5 ], "rotation": 90, "autoUv": false }
									}
								},
								{
									"name": "petal373",
									"from": [ 0.0, 0.03, -0.09 ],
									"to": [ 0.3, 0.03, 0.61 ],
									"rotationOrigin": [ 0.0289, 0.0237, -0.0911 ],
									"rotationY": 42.0,
									"rotationZ": 3.0,
									"faces": {
										"up": { "texture": "#chamomile", "uv": [ 4.0, 0.0, 8.5, 1.5 ], "rotation": 90, "autoUv": false }
									}
								},
								{
									"name": "petal374",
									"from": [ 0.55, 0.04, -0.09 ],
									"to": [ 0.85, 0.04, 0.61 ],
									"rotationOrigin": [ 0.4289, 0.0237, -0.0911 ],
									"rotationY": -45.0,
									"rotationZ": -2.0,
									"faces": {
										"up": { "texture": "#chamomile", "uv": [ 4.0, 0.0, 8.5, 1.5 ], "rotation": 90, "autoUv": false }
									}
								},
								{
									"name": "petal375",
									"from": [ 0.74, 0.04, 0.28 ],
									"to": [ 1.04, 0.04, 0.98 ],
									"rotationOrigin": [ 0.5289, 0.0237, 0.3089 ],
									"rotationY": -135.0,
									"rotationZ": -2.0,
									"faces": {
										"up": { "texture": "#chamomile", "uv": [ 4.0, 0.0, 8.5, 1.5 ], "rotation": 90, "autoUv": false }
									}
								},
								{
									"name": "petal376",
									"from": [ 0.43, 0.03, -0.82 ],
									"to": [ 0.73, 0.03, -0.12 ],
									"rotationOrigin": [ 0.4289, 0.0237, -0.0911 ],
									"rotationY": 135.0,
									"rotationZ": -2.0,
									"faces": {
										"up": { "texture": "#chamomile", "uv": [ 4.0, 0.0, 8.5, 1.5 ], "rotation": 90, "autoUv": false }
									}
								},
								{
									"name": "budbase47",
									"from": [ -0.01, -0.02, -0.01 ],
									"to": [ 0.41, 0.02, 0.41 ],
									"rotationOrigin": [ 0.1851, -0.7647, 0.0201 ],
									"faces": {
										"north": { "texture": "#chamomile", "uv": [ 10.0, 5.0, 11.5, 5.5 ], "autoUv": false },
										"east": { "texture": "#chamomile", "uv": [ 9.5, 4.5, 11.0, 5.0 ], "autoUv": false },
										"south": { "texture": "#chamomile", "uv": [ 10.0, 2.0, 11.5, 2.5 ], "autoUv": false },
										"west": { "texture": "#chamomile", "uv": [ 9.5, 4.5, 11.0, 5.0 ], "autoUv": false },
										"up": { "texture": "#chamomile", "uv": [ 9.5, 3.0, 11.0, 4.5 ], "autoUv": false },
										"down": { "texture": "#chamomile", "uv": [ 9.5, 2.0, 11.0, 3.5 ], "autoUv": false }
									}
								}
							]
						}
					]
				}
			]
		}
	]}