{
	"editor": {
		"collapsedPaths": "Root/stemgroup3/bulb45,Root/stemgroup3/bulb41,Root/origin/leaf7,Root/origin/leaf9,Root/origin/leaf3,Root/origin/leaf5,Root/stemgroup3/bulb37,Root/origin/leaf39,Root/origin/leaf45,Root/bulbgroup/bulb13,Root/origin/leaf43,Root/origin/leaf49,Root/bulbgroup/bulb5,Root/bulbgroup/bulb17,Root/origin/leaf47,Root/bulbgroup/bulb9,Root/stemgroup3/bulb33,Root/origin/leaf41,Root/leafgroup2/leaf99,Root/leafgroup2/leaf95,Root/leafgroup2/leaf93,Root/leafgroup/leaf5,Root/leafgroup2/leaf91,Root/leafgroup/leaf7,Root/leafgroup/leaf3,Root/leafgroup/leaf49,Root/leafgroup/leaf45,Root/leafgroup/leaf43,Root/leafgroup/leaf41,Root/bulbgroup/flower10,Root/bulbgroup/flower11,Root/bulbgroup/flower12,Root/bulbgroup/flower13,Root/stemgroup/stem14,Root/stemgroup/stem15,Root/stemgroup/stem12,Root/stemgroup/stem13,Root/origin/leaf,Root/stemgroup/stem19,Root/leafgroup/leaf29,Root/leafgroup/leaf39,Root/leafgroup/leaf37,Root/leafgroup/leaf9,Root/leafgroup/leaf35,Root/leafgroup/leaf33,Root/leafgroup/leaf31,Root/bulbgroup/flower,Root/leafgroup2/leaf77,Root/leafgroup2/leaf73,Root/leafgroup2/leaf71,Root/leafgroup/leaf19,Root/bulbgroup/bulb41,Root/origin/leaf11,Root/leafgroup/leaf27,Root/bulbgroup/bulb45,Root/origin/leaf15,Root/leafgroup/leaf23,Root/origin/leaf13,Root/leafgroup/leaf21,Root/bulbgroup/bulb49,Root/leafgroup2/leaf79,Root/leafgroup2/leaf87,Root/leafgroup2/leaf85,Root/leafgroup2/leaf83,Root/leafgroup2/leaf81,Root/leafgroup/leaf17,Root/leafgroup/leaf11,Root/leafgroup2/leaf89,Root/stemgroup3/bulb29,Root/leafgroup2/leaf55,Root/leafgroup2/leaf53,Root/stemgroup3/bulb25,Root/origin/leaf29,Root/bulbgroup/bulb21,Root/origin/leaf33,Root/bulbgroup/bulb25,Root/origin/leaf31,Root/bulbgroup/flower9,Root/origin/leaf37,Root/bulbgroup/bulb29,Root/origin/leaf35,Root/stemgroup3/bulb21,Root/bulbgroup/flower3,Root/bulbgroup/flower4,Root/bulbgroup/flower2,Root/bulbgroup/flower7,Root/leafgroup2/leaf59,Root/bulbgroup/flower5,Root/stemgroup3/bulb,Root/bulbgroup/flower6,Root/leafgroup2/leaf57,Root/leafgroup2/leaf65,Root/stemgroup3/bulb17,Root/leafgroup2/leaf61,Root/stemgroup3/bulb13,Root/bulbgroup/bulb,Root/origin/leaf19,Root/origin/leaf17,Root/bulbgroup/bulb33,Root/bulbgroup/bulb37,Root/origin/leaf23,Root/origin/leaf21,Root/stemgroup3/bulb5,Root/origin/leaf27,Root/origin/leaf25,Root/stemgroup3/bulb9,Root/leafgroup2/leaf69,Root/leafgroup2/leaf67",
		"allAngles": false,
		"entityTextureMode": false
	},
	"textureWidth": 16,
	"textureHeight": 16,
	"textureSizes": {
		"lavender": [16,16]
	},
	"textures": {
	},
	"elements": [
		{
			"name": "stemgroup",
			"from": [ 7.8, 0.0, 6.9 ],
			"to": [ 7.8, 0.0, 6.9 ],
			"rotationOrigin": [ 7.8, 0.0, 6.9 ],
			"faces": {
			},
			"children": [
				{
					"name": "stem12",
					"from": [ 0.57, 0.0, 0.93 ],
					"to": [ 0.72, 4.0, 1.08 ],
					"rotationOrigin": [ 0.64, 0.0, 1.0 ],
					"faces": {
						"north": { "texture": "#lavender", "uv": [ 1.0, 12.0, 1.5, 16.0 ] },
						"east": { "texture": "#lavender", "uv": [ 1.0, 12.0, 1.5, 16.0 ] },
						"south": { "texture": "#lavender", "uv": [ 1.0, 12.0, 1.5, 16.0 ] },
						"west": { "texture": "#lavender", "uv": [ 1.0, 12.0, 1.5, 16.0 ] },
						"up": { "texture": "#lavender", "uv": [ 1.0, 15.0, 1.5, 15.5 ] },
						"down": { "texture": "#lavender", "uv": [ 1.0, 0.0, 1.5, 0.5 ], "windMode": [-1,-1,-1,-1] }
					},
					"children": [
						{
							"name": "stem37",
							"from": [ 0.0, 3.98, 0.0 ],
							"to": [ 0.15, 7.98, 0.15 ],
							"rotationOrigin": [ 0.07, 3.98, 0.07 ],
							"rotationX": -3.0,
							"faces": {
								"north": { "texture": "#lavender", "uv": [ 1.0, 12.0, 1.5, 16.0 ] },
								"east": { "texture": "#lavender", "uv": [ 1.0, 12.0, 1.5, 16.0 ] },
								"south": { "texture": "#lavender", "uv": [ 1.0, 12.0, 1.5, 16.0 ] },
								"west": { "texture": "#lavender", "uv": [ 1.0, 12.0, 1.5, 16.0 ] }
							},
							"children": [
								{
									"name": "leaf51",
									"from": [ -1.17, -0.5, 0.07 ],
									"to": [ 1.33, 3.0, 0.07 ],
									"rotationOrigin": [ 0.08, -0.5, 0.07 ],
									"faces": {
										"north": { "texture": "#lavender", "uv": [ 10.5, 12.5, 13.0, 16.0 ] }
									},
									"children": [
										{
											"name": "leaf52",
											"from": [ 0.0, 0.0, 4.0E-4 ],
											"to": [ 2.5, 3.5, 4.0E-4 ],
											"rotationOrigin": [ 1.25, 0.0, 0.0 ],
											"rotationY": 89.9802,
											"faces": {
												"north": { "texture": "#lavender", "uv": [ 13.5, 12.5, 16.0, 16.0 ] }
											}
										}
									]
								},
								{
									"name": "flower5",
									"from": [ -0.04, 3.95, -0.05 ],
									"to": [ 0.21, 4.2, 0.2 ],
									"rotationOrigin": [ 0.07, 4.6, 0.07 ],
									"faces": {
										"north": { "texture": "#lavender", "uv": [ 7.5, 2.0, 6.0, 3.5 ], "autoUv": false },
										"east": { "texture": "#lavender", "uv": [ 5.0, 4.0, 6.5, 5.5 ], "autoUv": false },
										"south": { "texture": "#lavender", "uv": [ 5.0, 1.0, 6.5, 2.5 ], "autoUv": false },
										"west": { "texture": "#lavender", "uv": [ 6.0, 0.0, 7.5, 1.5 ], "autoUv": false },
										"up": { "texture": "#lavender", "uv": [ 7.5, 5.0, 6.0, 3.5 ], "autoUv": false },
										"down": { "texture": "#lavender", "uv": [ 5.5, 5.0, 6.0, 5.5 ] }
									},
									"children": [
										{
											"name": "bulb18",
											"from": [ 0.01, 0.25, 0.01 ],
											"to": [ 0.24, 0.5, 0.24 ],
											"rotationOrigin": [ 0.11, 0.95, 0.12 ],
											"faces": {
												"north": { "texture": "#lavender", "uv": [ 6.5, 1.5, 5.0, 0.0 ], "autoUv": false },
												"east": { "texture": "#lavender", "uv": [ 7.5, 3.0, 6.0, 1.5 ], "autoUv": false },
												"south": { "texture": "#lavender", "uv": [ 7.0, 4.0, 5.5, 2.5 ], "autoUv": false },
												"west": { "texture": "#lavender", "uv": [ 6.5, 5.0, 5.0, 3.5 ], "autoUv": false },
												"up": { "texture": "#lavender", "uv": [ 7.5, 5.5, 6.0, 4.0 ], "autoUv": false }
											}
										},
										{
											"name": "bulb20",
											"from": [ 0.02, 0.5, 0.02 ],
											"to": [ 0.23, 0.75, 0.23 ],
											"rotationOrigin": [ 0.11, 0.95, 0.12 ],
											"faces": {
												"north": { "texture": "#lavender", "uv": [ 7.5, 3.0, 6.0, 1.5 ], "autoUv": false },
												"east": { "texture": "#lavender", "uv": [ 6.5, 4.0, 5.0, 2.5 ], "autoUv": false },
												"south": { "texture": "#lavender", "uv": [ 6.5, 1.5, 5.0, 0.0 ], "autoUv": false },
												"west": { "texture": "#lavender", "uv": [ 7.5, 1.5, 6.0, 0.0 ], "autoUv": false },
												"up": { "texture": "#lavender", "uv": [ 6.5, 5.5, 5.0, 4.0 ], "autoUv": false }
											}
										}
									]
								}
							]
						},
						{
							"name": "leaf",
							"from": [ -1.17, 0.0, 0.07 ],
							"to": [ 1.33, 3.5, 0.07 ],
							"rotationOrigin": [ 0.08, 0.0, 0.07 ],
							"faces": {
								"north": { "texture": "#lavender", "uv": [ 10.5, 12.5, 13.0, 16.0 ] }
							},
							"children": [
								{
									"name": "leaf2",
									"from": [ 0.0, 0.0, 4.0E-4 ],
									"to": [ 2.5, 3.5, 4.0E-4 ],
									"rotationOrigin": [ 1.25, 0.0, 0.0 ],
									"rotationY": 89.9802,
									"faces": {
										"north": { "texture": "#lavender", "uv": [ 13.5, 12.5, 16.0, 16.0 ] }
									}
								}
							]
						}
					]
				},
				{
					"name": "stem13",
					"from": [ 0.27, 0.0, 1.13 ],
					"to": [ 0.42, 3.75, 1.28 ],
					"rotationOrigin": [ 0.34, 0.0, 1.2 ],
					"rotationY": 22.5,
					"faces": {
						"north": { "texture": "#lavender", "uv": [ 1.0, 12.5, 1.5, 16.0 ] },
						"east": { "texture": "#lavender", "uv": [ 1.0, 12.5, 1.5, 16.0 ] },
						"south": { "texture": "#lavender", "uv": [ 1.0, 12.5, 1.5, 16.0 ] },
						"west": { "texture": "#lavender", "uv": [ 1.0, 12.5, 1.5, 16.0 ] },
						"down": { "texture": "#lavender", "uv": [ 1.0, 0.0, 1.5, 0.5 ], "windMode": [-1,-1,-1,-1] }
					},
					"children": [
						{
							"name": "stem38",
							"from": [ 0.0, 3.74, 0.0 ],
							"to": [ 0.15, 7.49, 0.15 ],
							"rotationOrigin": [ 0.07, 3.74, 0.07 ],
							"rotationX": -1.0,
							"rotationZ": 1.0,
							"faces": {
								"north": { "texture": "#lavender", "uv": [ 1.0, 12.5, 1.5, 16.0 ] },
								"east": { "texture": "#lavender", "uv": [ 1.0, 12.5, 1.5, 16.0 ] },
								"south": { "texture": "#lavender", "uv": [ 1.0, 12.5, 1.5, 16.0 ] },
								"west": { "texture": "#lavender", "uv": [ 1.0, 12.5, 1.5, 16.0 ] }
							},
							"children": [
								{
									"name": "leaf75",
									"from": [ -1.1708, -0.25, 0.0738 ],
									"to": [ 1.3292, 3.25, 0.0738 ],
									"rotationOrigin": [ 0.0792, -0.25, 0.0738 ],
									"faces": {
										"north": { "texture": "#lavender", "uv": [ 10.5, 12.5, 13.0, 16.0 ] }
									},
									"children": [
										{
											"name": "leaf76",
											"from": [ 0.0, 0.0, 4.0E-4 ],
											"to": [ 2.5, 3.5, 4.0E-4 ],
											"rotationOrigin": [ 1.25, 0.0, 0.0 ],
											"rotationY": 89.9802,
											"faces": {
												"north": { "texture": "#lavender", "uv": [ 13.5, 12.5, 16.0, 16.0 ] }
											}
										}
									]
								},
								{
									"name": "bulb49",
									"from": [ -0.04, 3.7, -0.05 ],
									"to": [ 0.21, 3.95, 0.2 ],
									"rotationOrigin": [ 0.07, 4.35, 0.07 ],
									"faces": {
										"north": { "texture": "#lavender", "uv": [ 7.5, 0.0, 6.0, 1.5 ], "autoUv": false },
										"east": { "texture": "#lavender", "uv": [ 5.0, 0.5, 6.5, 2.0 ], "autoUv": false },
										"south": { "texture": "#lavender", "uv": [ 6.0, 2.0, 7.5, 3.5 ], "autoUv": false },
										"west": { "texture": "#lavender", "uv": [ 5.0, 3.0, 6.5, 4.5 ], "autoUv": false },
										"up": { "texture": "#lavender", "uv": [ 7.0, 4.0, 5.5, 2.5 ], "autoUv": false },
										"down": { "texture": "#lavender", "uv": [ 5.5, 5.0, 6.0, 5.5 ] }
									},
									"children": [
										{
											"name": "bulb86",
											"from": [ 0.01, 0.25, 0.01 ],
											"to": [ 0.24, 0.5, 0.24 ],
											"rotationOrigin": [ 0.11, 0.95, 0.12 ],
											"faces": {
												"north": { "texture": "#lavender", "uv": [ 7.5, 2.0, 6.0, 0.5 ], "autoUv": false },
												"east": { "texture": "#lavender", "uv": [ 6.5, 3.5, 5.0, 2.0 ], "autoUv": false },
												"south": { "texture": "#lavender", "uv": [ 6.5, 2.0, 5.0, 0.5 ], "autoUv": false },
												"west": { "texture": "#lavender", "uv": [ 7.5, 5.0, 6.0, 3.5 ], "autoUv": false },
												"up": { "texture": "#lavender", "uv": [ 6.5, 5.5, 5.0, 4.0 ], "autoUv": false }
											}
										},
										{
											"name": "bulb88",
											"from": [ 0.02, 0.5, 0.02 ],
											"to": [ 0.23, 0.75, 0.23 ],
											"rotationOrigin": [ 0.11, 0.95, 0.12 ],
											"faces": {
												"north": { "texture": "#lavender", "uv": [ 6.5, 1.5, 5.0, 0.0 ], "autoUv": false },
												"east": { "texture": "#lavender", "uv": [ 7.0, 5.5, 5.5, 4.0 ], "autoUv": false },
												"south": { "texture": "#lavender", "uv": [ 7.5, 2.0, 6.0, 0.5 ], "autoUv": false },
												"west": { "texture": "#lavender", "uv": [ 6.5, 5.0, 5.0, 3.5 ], "autoUv": false },
												"up": { "texture": "#lavender", "uv": [ 7.0, 5.5, 5.5, 4.0 ], "autoUv": false }
											}
										}
									]
								}
							]
						},
						{
							"name": "leaf25",
							"from": [ -1.1708, 0.0, 0.0738 ],
							"to": [ 1.3292, 3.5, 0.0738 ],
							"rotationOrigin": [ 0.0792, 0.0, 0.0738 ],
							"faces": {
								"north": { "texture": "#lavender", "uv": [ 10.5, 12.5, 13.0, 16.0 ] }
							},
							"children": [
								{
									"name": "leaf26",
									"from": [ 0.0, 0.0, 4.0E-4 ],
									"to": [ 2.5, 3.5, 4.0E-4 ],
									"rotationOrigin": [ 1.25, 0.0, 0.0 ],
									"rotationY": 89.9802,
									"faces": {
										"north": { "texture": "#lavender", "uv": [ 13.5, 12.5, 16.0, 16.0 ] }
									}
								}
							]
						}
					]
				},
				{
					"name": "stem14",
					"from": [ 0.12, 0.0, 1.53 ],
					"to": [ 0.27, 3.55, 1.68 ],
					"rotationOrigin": [ 0.14, 0.0, 1.6 ],
					"faces": {
						"north": { "texture": "#lavender", "uv": [ 1.0, 12.5, 1.5, 16.0 ] },
						"east": { "texture": "#lavender", "uv": [ 1.0, 12.5, 1.5, 16.0 ] },
						"south": { "texture": "#lavender", "uv": [ 1.0, 12.5, 1.5, 16.0 ] },
						"west": { "texture": "#lavender", "uv": [ 1.0, 12.5, 1.5, 16.0 ] },
						"up": { "texture": "#lavender", "uv": [ 1.0, 15.0, 1.5, 15.5 ] },
						"down": { "texture": "#lavender", "uv": [ 1.0, 0.0, 1.5, 0.5 ], "windMode": [-1,-1,-1,-1] }
					},
					"children": [
						{
							"name": "stem39",
							"from": [ 0.0, 3.54, 0.0 ],
							"to": [ 0.15, 7.09, 0.15 ],
							"rotationOrigin": [ 0.07, 3.54, 0.07 ],
							"rotationX": 1.0,
							"rotationZ": 4.0,
							"faces": {
								"north": { "texture": "#lavender", "uv": [ 1.0, 12.5, 1.5, 16.0 ] },
								"east": { "texture": "#lavender", "uv": [ 1.0, 12.5, 1.5, 16.0 ] },
								"south": { "texture": "#lavender", "uv": [ 1.0, 12.5, 1.5, 16.0 ] },
								"west": { "texture": "#lavender", "uv": [ 1.0, 12.5, 1.5, 16.0 ] }
							},
							"children": [
								{
									"name": "leaf65",
									"from": [ -1.17, -0.05, 0.07 ],
									"to": [ 1.33, 3.45, 0.07 ],
									"rotationOrigin": [ 0.08, -0.05, 0.07 ],
									"faces": {
										"north": { "texture": "#lavender", "uv": [ 10.5, 12.5, 13.0, 16.0 ] }
									},
									"children": [
										{
											"name": "leaf66",
											"from": [ 0.0, 0.0, 4.0E-4 ],
											"to": [ 2.5, 3.5, 4.0E-4 ],
											"rotationOrigin": [ 1.25, 0.0, 0.0 ],
											"rotationY": 89.9802,
											"faces": {
												"north": { "texture": "#lavender", "uv": [ 13.5, 12.5, 16.0, 16.0 ] }
											}
										}
									]
								},
								{
									"name": "flower4",
									"from": [ -0.04, 3.5, -0.05 ],
									"to": [ 0.21, 3.75, 0.2 ],
									"rotationOrigin": [ 0.07, 4.15, 0.07 ],
									"faces": {
										"north": { "texture": "#lavender", "uv": [ 7.5, 0.5, 6.0, 2.0 ], "autoUv": false },
										"east": { "texture": "#lavender", "uv": [ 5.0, 3.0, 6.5, 4.5 ], "autoUv": false },
										"south": { "texture": "#lavender", "uv": [ 5.0, 0.5, 6.5, 2.0 ], "autoUv": false },
										"west": { "texture": "#lavender", "uv": [ 6.0, 4.0, 7.5, 5.5 ], "autoUv": false },
										"up": { "texture": "#lavender", "uv": [ 6.5, 5.0, 5.0, 3.5 ], "autoUv": false },
										"down": { "texture": "#lavender", "uv": [ 5.5, 5.0, 6.0, 5.5 ] }
									},
									"children": [
										{
											"name": "bulb14",
											"from": [ 0.01, 0.25, 0.01 ],
											"to": [ 0.24, 0.5, 0.24 ],
											"rotationOrigin": [ 0.11, 0.95, 0.12 ],
											"faces": {
												"north": { "texture": "#lavender", "uv": [ 6.5, 2.5, 5.0, 1.0 ], "autoUv": false },
												"east": { "texture": "#lavender", "uv": [ 6.5, 3.5, 5.0, 2.0 ], "autoUv": false },
												"south": { "texture": "#lavender", "uv": [ 7.5, 5.5, 6.0, 4.0 ], "autoUv": false },
												"west": { "texture": "#lavender", "uv": [ 7.5, 3.0, 6.0, 1.5 ], "autoUv": false },
												"up": { "texture": "#lavender", "uv": [ 7.0, 3.0, 5.5, 1.5 ], "autoUv": false }
											}
										},
										{
											"name": "bulb16",
											"from": [ 0.02, 0.5, 0.02 ],
											"to": [ 0.23, 0.75, 0.23 ],
											"rotationOrigin": [ 0.11, 0.95, 0.12 ],
											"faces": {
												"north": { "texture": "#lavender", "uv": [ 7.0, 1.5, 5.5, 0.0 ], "autoUv": false },
												"east": { "texture": "#lavender", "uv": [ 7.0, 3.0, 5.5, 1.5 ], "autoUv": false },
												"south": { "texture": "#lavender", "uv": [ 7.0, 5.0, 5.5, 3.5 ], "autoUv": false },
												"west": { "texture": "#lavender", "uv": [ 7.0, 5.5, 5.5, 4.0 ], "autoUv": false },
												"up": { "texture": "#lavender", "uv": [ 6.5, 4.0, 5.0, 2.5 ], "autoUv": false }
											}
										}
									]
								}
							]
						},
						{
							"name": "leaf15",
							"from": [ -1.17, 0.0, 0.07 ],
							"to": [ 1.33, 3.5, 0.07 ],
							"rotationOrigin": [ 0.08, 0.0, 0.07 ],
							"faces": {
								"north": { "texture": "#lavender", "uv": [ 10.5, 12.5, 13.0, 16.0 ] }
							},
							"children": [
								{
									"name": "leaf16",
									"from": [ 0.0, 0.0, 4.0E-4 ],
									"to": [ 2.5, 3.5, 4.0E-4 ],
									"rotationOrigin": [ 1.25, 0.0, 0.0 ],
									"rotationY": 89.9802,
									"faces": {
										"north": { "texture": "#lavender", "uv": [ 13.5, 12.5, 16.0, 16.0 ] }
									}
								}
							]
						}
					]
				},
				{
					"name": "stem15",
					"from": [ -0.23, 0.0, 1.23 ],
					"to": [ -0.08, 4.0, 1.38 ],
					"rotationOrigin": [ -0.16, 0.0, 1.3 ],
					"rotationY": 45.0,
					"faces": {
						"north": { "texture": "#lavender", "uv": [ 1.0, 12.0, 1.5, 16.0 ] },
						"east": { "texture": "#lavender", "uv": [ 1.0, 12.0, 1.5, 16.0 ] },
						"south": { "texture": "#lavender", "uv": [ 1.0, 12.0, 1.5, 16.0 ] },
						"west": { "texture": "#lavender", "uv": [ 1.0, 12.0, 1.5, 16.0 ] },
						"up": { "texture": "#lavender", "uv": [ 1.0, 15.0, 1.5, 15.5 ] },
						"down": { "texture": "#lavender", "uv": [ 1.0, 0.0, 1.5, 0.5 ], "windMode": [-1,-1,-1,-1] }
					},
					"children": [
						{
							"name": "stem40",
							"from": [ 0.0, 3.98, 0.0 ],
							"to": [ 0.15, 7.78, 0.15 ],
							"rotationOrigin": [ 0.07, 3.98, 0.07 ],
							"rotationX": -5.0,
							"rotationZ": 1.0,
							"faces": {
								"north": { "texture": "#lavender", "uv": [ 1.0, 12.5, 1.5, 16.0 ] },
								"east": { "texture": "#lavender", "uv": [ 1.0, 12.5, 1.5, 16.0 ] },
								"south": { "texture": "#lavender", "uv": [ 1.0, 12.5, 1.5, 16.0 ] },
								"west": { "texture": "#lavender", "uv": [ 1.0, 12.5, 1.5, 16.0 ] }
							},
							"children": [
								{
									"name": "leaf97",
									"from": [ -1.1729, -0.5, 0.0771 ],
									"to": [ 1.3271, 3.0, 0.0771 ],
									"rotationOrigin": [ 0.0771, -0.5, 0.0771 ],
									"faces": {
										"north": { "texture": "#lavender", "uv": [ 10.5, 12.5, 13.0, 16.0 ] }
									},
									"children": [
										{
											"name": "leaf98",
											"from": [ 0.0, 0.0, 4.0E-4 ],
											"to": [ 2.5, 3.5, 4.0E-4 ],
											"rotationOrigin": [ 1.25, 0.0, 0.0 ],
											"rotationY": 89.9802,
											"faces": {
												"north": { "texture": "#lavender", "uv": [ 13.5, 12.5, 16.0, 16.0 ] }
											}
										}
									]
								},
								{
									"name": "bulb",
									"from": [ -0.04, 3.75, -0.05 ],
									"to": [ 0.21, 4.0, 0.2 ],
									"rotationOrigin": [ 0.07, 4.4, 0.07 ],
									"faces": {
										"north": { "texture": "#lavender", "uv": [ 7.5, 0.5, 6.0, 2.0 ], "autoUv": false },
										"east": { "texture": "#lavender", "uv": [ 5.0, 1.0, 6.5, 2.5 ], "autoUv": false },
										"south": { "texture": "#lavender", "uv": [ 5.5, 3.5, 7.0, 5.0 ], "autoUv": false },
										"west": { "texture": "#lavender", "uv": [ 6.0, 4.0, 7.5, 5.5 ], "autoUv": false },
										"up": { "texture": "#lavender", "uv": [ 6.5, 5.0, 5.0, 3.5 ], "autoUv": false },
										"down": { "texture": "#lavender", "uv": [ 5.5, 5.0, 6.0, 5.5 ] }
									},
									"children": [
										{
											"name": "bulb50",
											"from": [ 0.01, 0.25, 0.01 ],
											"to": [ 0.24, 0.5, 0.24 ],
											"rotationOrigin": [ 0.11, 0.95, 0.12 ],
											"faces": {
												"north": { "texture": "#lavender", "uv": [ 6.5, 3.5, 5.0, 2.0 ], "autoUv": false },
												"east": { "texture": "#lavender", "uv": [ 7.5, 2.0, 6.0, 0.5 ], "autoUv": false },
												"south": { "texture": "#lavender", "uv": [ 7.0, 5.5, 5.5, 4.0 ], "autoUv": false },
												"west": { "texture": "#lavender", "uv": [ 6.5, 3.0, 5.0, 1.5 ], "autoUv": false },
												"up": { "texture": "#lavender", "uv": [ 7.5, 4.5, 6.0, 3.0 ], "autoUv": false }
											}
										},
										{
											"name": "bulb52",
											"from": [ 0.02, 0.5, 0.02 ],
											"to": [ 0.23, 0.75, 0.23 ],
											"rotationOrigin": [ 0.11, 0.95, 0.12 ],
											"faces": {
												"north": { "texture": "#lavender", "uv": [ 7.5, 1.5, 6.0, 0.0 ], "autoUv": false },
												"east": { "texture": "#lavender", "uv": [ 7.0, 4.0, 5.5, 2.5 ], "autoUv": false },
												"south": { "texture": "#lavender", "uv": [ 6.5, 4.0, 5.0, 2.5 ], "autoUv": false },
												"west": { "texture": "#lavender", "uv": [ 7.0, 5.5, 5.5, 4.0 ], "autoUv": false },
												"up": { "texture": "#lavender", "uv": [ 6.5, 2.0, 5.0, 0.5 ], "autoUv": false }
											}
										}
									]
								}
							]
						},
						{
							"name": "leaf47",
							"from": [ -1.1729, 0.0, 0.0771 ],
							"to": [ 1.3271, 3.5, 0.0771 ],
							"rotationOrigin": [ 0.0771, 0.0, 0.0771 ],
							"faces": {
								"north": { "texture": "#lavender", "uv": [ 10.5, 12.5, 13.0, 16.0 ] }
							},
							"children": [
								{
									"name": "leaf48",
									"from": [ 0.0, 0.0, 4.0E-4 ],
									"to": [ 2.5, 3.5, 4.0E-4 ],
									"rotationOrigin": [ 1.25, 0.0, 0.0 ],
									"rotationY": 89.9802,
									"faces": {
										"north": { "texture": "#lavender", "uv": [ 13.5, 12.5, 16.0, 16.0 ] }
									}
								}
							]
						}
					]
				},
				{
					"name": "stem19",
					"from": [ 0.04, 0.0, 0.73 ],
					"to": [ 0.19, 3.65, 0.88 ],
					"rotationOrigin": [ 0.14, 0.0, 0.8 ],
					"faces": {
						"north": { "texture": "#lavender", "uv": [ 1.0, 12.5, 1.5, 16.0 ] },
						"east": { "texture": "#lavender", "uv": [ 1.0, 12.5, 1.5, 16.0 ] },
						"south": { "texture": "#lavender", "uv": [ 1.0, 12.5, 1.5, 16.0 ] },
						"west": { "texture": "#lavender", "uv": [ 1.0, 12.5, 1.5, 16.0 ] },
						"up": { "texture": "#lavender", "uv": [ 1.0, 15.0, 1.5, 15.5 ] },
						"down": { "texture": "#lavender", "uv": [ 1.0, 0.0, 1.5, 0.5 ], "windMode": [-1,-1,-1,-1] }
					},
					"children": [
						{
							"name": "stem44",
							"from": [ 0.0, 3.64, 0.0 ],
							"to": [ 0.15, 7.29, 0.15 ],
							"rotationOrigin": [ 0.06, 3.64, 0.07 ],
							"rotationX": -2.0,
							"faces": {
								"north": { "texture": "#lavender", "uv": [ 1.0, 12.5, 1.5, 16.0 ] },
								"east": { "texture": "#lavender", "uv": [ 1.0, 12.5, 1.5, 16.0 ] },
								"south": { "texture": "#lavender", "uv": [ 1.0, 12.5, 1.5, 16.0 ] },
								"west": { "texture": "#lavender", "uv": [ 1.0, 12.5, 1.5, 16.0 ] }
							},
							"children": [
								{
									"name": "leaf63",
									"from": [ -1.18, -0.15, 0.07 ],
									"to": [ 1.32, 3.35, 0.07 ],
									"rotationOrigin": [ 0.07, -0.15, 0.07 ],
									"faces": {
										"north": { "texture": "#lavender", "uv": [ 10.5, 12.5, 13.0, 16.0 ] }
									},
									"children": [
										{
											"name": "leaf64",
											"from": [ 0.0, 0.0, 4.0E-4 ],
											"to": [ 2.5, 3.5, 4.0E-4 ],
											"rotationOrigin": [ 1.25, 0.0, 0.0 ],
											"rotationY": 90.0,
											"faces": {
												"north": { "texture": "#lavender", "uv": [ 13.5, 12.5, 16.0, 16.0 ] }
											}
										}
									]
								},
								{
									"name": "flower3",
									"from": [ -0.05, 3.6, -0.05 ],
									"to": [ 0.2, 3.85, 0.2 ],
									"rotationOrigin": [ 0.06, 4.25, 0.07 ],
									"faces": {
										"north": { "texture": "#lavender", "uv": [ 7.5, 0.0, 6.0, 1.5 ], "autoUv": false },
										"east": { "texture": "#lavender", "uv": [ 5.0, 3.0, 6.5, 4.5 ], "autoUv": false },
										"south": { "texture": "#lavender", "uv": [ 5.0, 1.5, 6.5, 3.0 ], "autoUv": false },
										"west": { "texture": "#lavender", "uv": [ 6.0, 4.0, 7.5, 5.5 ], "autoUv": false },
										"up": { "texture": "#lavender", "uv": [ 7.0, 3.5, 5.5, 2.0 ], "autoUv": false },
										"down": { "texture": "#lavender", "uv": [ 5.5, 5.0, 6.0, 5.5 ] }
									},
									"children": [
										{
											"name": "bulb10",
											"from": [ 0.01, 0.25, 0.01 ],
											"to": [ 0.24, 0.5, 0.24 ],
											"rotationOrigin": [ 0.11, 0.95, 0.12 ],
											"faces": {
												"north": { "texture": "#lavender", "uv": [ 7.0, 2.0, 5.5, 0.5 ], "autoUv": false },
												"east": { "texture": "#lavender", "uv": [ 7.5, 2.5, 6.0, 1.0 ], "autoUv": false },
												"south": { "texture": "#lavender", "uv": [ 7.0, 4.5, 5.5, 3.0 ], "autoUv": false },
												"west": { "texture": "#lavender", "uv": [ 6.5, 5.5, 5.0, 4.0 ], "autoUv": false },
												"up": { "texture": "#lavender", "uv": [ 6.5, 3.0, 5.0, 1.5 ], "autoUv": false }
											}
										},
										{
											"name": "bulb12",
											"from": [ 0.02, 0.5, 0.02 ],
											"to": [ 0.23, 0.75, 0.23 ],
											"rotationOrigin": [ 0.11, 0.95, 0.12 ],
											"faces": {
												"north": { "texture": "#lavender", "uv": [ 7.5, 3.0, 6.0, 1.5 ], "autoUv": false },
												"east": { "texture": "#lavender", "uv": [ 7.0, 2.0, 5.5, 0.5 ], "autoUv": false },
												"south": { "texture": "#lavender", "uv": [ 7.5, 5.0, 6.0, 3.5 ], "autoUv": false },
												"west": { "texture": "#lavender", "uv": [ 6.5, 5.0, 5.0, 3.5 ], "autoUv": false },
												"up": { "texture": "#lavender", "uv": [ 7.5, 5.0, 6.0, 3.5 ], "autoUv": false }
											}
										}
									]
								}
							]
						},
						{
							"name": "leaf13",
							"from": [ -1.18, 0.0, 0.07 ],
							"to": [ 1.32, 3.5, 0.07 ],
							"rotationOrigin": [ 0.07, 0.0, 0.07 ],
							"faces": {
								"north": { "texture": "#lavender", "uv": [ 10.5, 12.5, 13.0, 16.0 ] }
							},
							"children": [
								{
									"name": "leaf14",
									"from": [ 0.0, 0.0, 4.0E-4 ],
									"to": [ 2.5, 3.5, 4.0E-4 ],
									"rotationOrigin": [ 1.25, 0.0, 0.0 ],
									"rotationY": 90.0,
									"faces": {
										"north": { "texture": "#lavender", "uv": [ 13.5, 12.5, 16.0, 16.0 ] }
									}
								}
							]
						}
					]
				}
			]
		}
	]}