{
    "code": "villagergear",
    "class": "ItemVillagerGear",
    "maxstacksize": 1,
    "attributes": {
        "wearableAttachment": true,
        "handbook": {
            "exclude": true
        }
    },
    "variantgroups": [
        {
            "code": "type",
            "states": [
                "arms"
            ]
        },
        {
            "code": "name",
            "states": [
                "armor",
                "armor-hallowcroft",
                "bandage-left",
                "bandage-right",
                "jewelry-left-bracelet",
                "jewelry-right-bracelet",
                "jewelry-left-bracelet-copper",
                "jewelry-right-bracelet-copper",
                "jewelry-left-bracelet-gold",
                "jewelry-right-bracelet-gold",
                "jewelry-left-rings",
                "jewelry-right-rings",
                "jewelry-left-rings-copper",
                "jewelry-right-rings-copper",
                "jewelry-left-rings-gold",
                "jewelry-right-rings-gold",
                "abacus",
                "gloves"
            ]
        }
    ],
    "shapeByType": {
        "*-armor": {
            "base": "game:entity/humanoid/traderaccessories/armor/bracers"
        },
        "*-armor-hallowcroft": {
            "base": "game:entity/humanoid/traderaccessories/armor/bracers"
        },
        "*-bandage-left": {
            "base": "game:entity/humanoid/traderaccessories/bandages/left-arm"
        },
        "*-bandage-right": {
            "base": "game:entity/humanoid/traderaccessories/bandages/right-arm"
        },
        "*-jewelry-left-bracelet": {
            "base": "game:entity/humanoid/traderaccessories/jewelry/left-bracelet"
        },
        "*-jewelry-right-bracelet": {
            "base": "game:entity/humanoid/traderaccessories/jewelry/right-bracelet"
        },
        "*-jewelry-left-rings": {
            "base": "game:entity/humanoid/traderaccessories/jewelry/left-rings"
        },
        "*-jewelry-right-rings": {
            "base": "game:entity/humanoid/traderaccessories/jewelry/right-rings"
        },
        "*-jewelry-left-bracelet-*": {
            "base": "game:entity/humanoid/traderaccessories/jewelry/left-bracelet"
        },
        "*-jewelry-right-bracelet-*": {
            "base": "game:entity/humanoid/traderaccessories/jewelry/right-bracelet"
        },
        "*-jewelry-left-rings-*": {
            "base": "game:entity/humanoid/traderaccessories/jewelry/left-rings"
        },
        "*-jewelry-right-rings-*": {
            "base": "game:entity/humanoid/traderaccessories/jewelry/right-rings"
        },
        "*-abacus": {
            "base": "game:entity/humanoid/traderaccessories/navigation/abacus"
        },
        "*-gloves": {
            "base": "game:entity/humanoid/traderaccessories/gloves"
        }
    },
    "texturesByType": {
        "*-armor-hallowcroft": {
            "material": {
                "base": "game:entity/humanoid/traderaccessories/armor/hallowcroft"
            }
        },
        "*-copper": {
            "material": {
                "base": "game:entity/humanoid/traderaccessories/jewelry/copper"
            }
        },
        "*-gold": {
            "material": {
                "base": "game:entity/humanoid/traderaccessories/jewelry/gold"
            }
        }
    }
}