{
    "code": "villagergear",
    "class": "ItemVillagerGear",
    "maxstacksize": 1,
    "attributesByType": {
        "*-knife": {
            "weaponAssetLocation": "knife-generic-tinbronze",
            "wearableAttachment": true,
            "handbook": {
                "exclude": true
            }
        },
        "*": {
            "wearableAttachment": true,
            "handbook": {
                "exclude": true
            }
        }
    },
    "variantgroups": [
        {
            "code": "type",
            "states": [
                "feet"
            ]
        },
        {
            "code": "name",
            "states": [
                "armor",
                "armor-hallowcroft",
                "bandage-left",
                "bandage-right",
                "knife",
                "boots"
            ]
        }
    ],
    "shapeByType": {
        "*-armor": {
            "base": "game:entity/humanoid/traderaccessories/armor/shins"
        },
        "*-armor-hallowcroft": {
            "base": "game:entity/humanoid/traderaccessories/armor/shins"
        },
        "*-bandage-left": {
            "base": "game:entity/humanoid/traderaccessories/bandages/left-shin"
        },
        "*-bandage-right": {
            "base": "game:entity/humanoid/traderaccessories/bandages/right-shin"
        },
        "*-knife": {
            "base": "game:entity/humanoid/traderaccessories/tools/knife"
        },
        "*-boots": {
            "base": "game:entity/humanoid/traderaccessories/boots"
        }
    },
    "texturesByType": {
        "*-armor-hallowcroft": {
            "material": {
                "base": "game:entity/humanoid/traderaccessories/armor/hallowcroft"
            }
        }
    }
}