{
	"editor": {
		"collapsedPaths": "Root/frame/InnerPannel,Root/aceesories,Root/door_frame/InnerPannel,Root/door_frame/frame,Root/frame,Root/frame/frame",
		"allAngles": false,
		"entityTextureMode": false
	},
	"textureWidth": 32,
	"textureHeight": 32,
	"textureSizes": {
		"tall-extension": [16,16],
		"tall": [32,32]
	},
	"textures": {
	},
	"elements": [
		{
			"name": "door",
			"from": [ -13.7, 0.0, -13.7 ],
			"to": [ -13.7, 0.0, -13.7 ],
			"rotationOrigin": [ 1.15, 0.0, 14.65 ],
			"rotationY": -180.0,
			"faces": {
			},
			"children": [
				{
					"name": "frame",
					"from": [ 0.0, 0.0, 0.0 ],
					"to": [ 0.0, 0.0, 0.0 ],
					"rotationOrigin": [ 8.0, 0.0, 28.0 ],
					"faces": {
					},
					"children": [
						{
							"name": "base4",
							"from": [ 0.01, 0.01, 27.0 ],
							"to": [ 15.99, 32.01, 29.5 ],
							"rotationOrigin": [ 8.0, 0.0, 28.0 ],
							"faces": {
								"north": { "texture": "#tall", "uv": [ 0.0, 0.02, 15.98, 31.5 ], "autoUv": false },
								"east": { "texture": "#tall", "uv": [ 24.0, 0.0, 26.5, 32.0 ] },
								"south": { "texture": "#tall", "uv": [ 15.98, 0.02, 0.0, 31.5 ], "autoUv": false },
								"west": { "texture": "#tall", "uv": [ 27.5, 0.0, 30.0, 32.0 ] },
								"up": { "texture": "#tall", "uv": [ 0.0, 4.0, 15.5, 6.5 ] },
								"down": { "texture": "#tall", "uv": [ 0.0, 4.0, 15.5, 6.5 ] }
							}
						},
						{
							"name": "extension",
							"from": [ 0.01, 32.01, 27.0 ],
							"to": [ 16.01, 48.01, 29.5 ],
							"rotationOrigin": [ 8.0, 32.0, 28.0 ],
							"faces": {
								"north": { "texture": "#tall-extension", "uv": [ 0.0, 0.0, 16.0, 16.0 ] },
								"east": { "texture": "#tall", "uv": [ 21.0, 16.0, 23.5, 32.0 ] },
								"south": { "texture": "#tall-extension", "uv": [ 0.0, 16.0, 16.0, 0.0 ], "rotation": 180, "autoUv": false },
								"west": { "texture": "#tall", "uv": [ 27.5, 0.0, 30.0, 16.0 ] },
								"up": { "texture": "#tall", "uv": [ 0.0, 4.0, 16.0, 6.5 ] },
								"down": { "texture": "#tall", "uv": [ 0.0, 0.0, 15.98, 2.0 ], "autoUv": false }
							}
						}
					]
				},
				{
					"name": "handle1",
					"from": [ -0.9, 1.2, 0.0 ],
					"to": [ -0.9, 1.2, 0.0 ],
					"rotationOrigin": [ 8.6, 0.7, 28.075 ],
					"faces": {
					},
					"children": [
						{
							"name": "handle11",
							"from": [ 1.5, 12.5, 26.6 ],
							"to": [ 5.0, 16.0, 26.6 ],
							"rotationOrigin": [ 9.5, -0.5, 27.875 ],
							"renderPass": 2,
							"faces": {
								"north": {
									"texture": "#tall",
									"uv": [ 19.0, 10.5, 22.5, 14.0 ],
									"autoUv": false
								}
							}
						},
						{
							"name": "handle22",
							"from": [ 3.25, 15.0, 26.175 ],
							"to": [ 3.25, 16.5, 27.175 ],
							"rotationOrigin": [ 9.5, -0.5, 28.075 ],
							"renderPass": 2,
							"faces": {
								"west": {
									"texture": "#tall",
									"uv": [ 20.5, 10.5, 21.5, 9.0 ],
									"autoUv": false
								}
							}
						},
						{
							"name": "handle43",
							"from": [ 2.5, 15.5, 26.825 ],
							"to": [ 4.0, 17.0, 27.325 ],
							"rotationOrigin": [ 9.5, -0.5, 28.075 ],
							"faces": {
								"north": { "texture": "#tall", "uv": [ 20.0, 8.0, 21.5, 9.5 ], "autoUv": false },
								"east": { "texture": "#tall", "uv": [ 20.0, 8.0, 20.5, 9.5 ] },
								"south": { "texture": "#tall", "uv": [ 20.0, 8.0, 21.5, 9.5 ] },
								"west": { "texture": "#tall", "uv": [ 21.0, 8.0, 21.5, 9.5 ] },
								"up": { "texture": "#tall", "uv": [ 20.0, 8.0, 21.5, 8.5 ] },
								"down": { "texture": "#tall", "uv": [ 20.0, 9.0, 21.5, 9.5 ] }
							}
						}
					]
				},
				{
					"name": "handle2",
					"from": [ -13.5, 1.2, 0.4 ],
					"to": [ -13.5, 1.2, 0.4 ],
					"rotationOrigin": [ -4.0, 0.7, 28.475 ],
					"rotationY": -180.0,
					"faces": {
					},
					"children": [
						{
							"name": "handle12",
							"from": [ 1.5, 12.5, 26.6 ],
							"to": [ 5.0, 16.0, 26.6 ],
							"rotationOrigin": [ 9.5, -0.5, 27.875 ],
							"renderPass": 2,
							"faces": {
								"north": {
									"texture": "#tall",
									"uv": [ 19.0, 10.5, 22.5, 14.0 ],
									"autoUv": false
								}
							}
						},
						{
							"name": "handle23",
							"from": [ 3.25, 15.0, 26.175 ],
							"to": [ 3.25, 16.5, 27.175 ],
							"rotationOrigin": [ 9.5, -0.5, 28.075 ],
							"renderPass": 2,
							"faces": {
								"west": {
									"texture": "#tall",
									"uv": [ 20.5, 10.5, 21.5, 9.0 ],
									"autoUv": false
								}
							}
						},
						{
							"name": "handle44",
							"from": [ 2.5, 15.5, 26.825 ],
							"to": [ 4.0, 17.0, 27.325 ],
							"rotationOrigin": [ 9.5, -0.5, 28.075 ],
							"faces": {
								"north": { "texture": "#tall", "uv": [ 20.0, 8.0, 21.5, 9.5 ], "autoUv": false },
								"east": { "texture": "#tall", "uv": [ 20.0, 8.0, 20.5, 9.5 ] },
								"south": { "texture": "#tall", "uv": [ 20.0, 8.0, 21.5, 9.5 ] },
								"west": { "texture": "#tall", "uv": [ 21.0, 8.0, 21.5, 9.5 ] },
								"up": { "texture": "#tall", "uv": [ 20.0, 8.0, 21.5, 8.5 ] },
								"down": { "texture": "#tall", "uv": [ 20.0, 9.0, 21.5, 9.5 ] }
							}
						}
					]
				}
			]
		}
	],
	"animations": [
		{
			"name": "opened",
			"code": "opened",
			"quantityframes": 2,
			"onActivityStopped": "Rewind",
			"onAnimationEnd": "Hold",
			"keyframes": [
				{
					"frame": 0,
					"elements": {
						"door": { "offsetX": 0.2, "offsetY": 0.0, "offsetZ": 0.0, "rotationX": 0.0, "rotationY": 90.0, "rotationZ": 0.0 }
					}
				}
			]
		}
	]
}