{
	"editor": {
		"collapsedPaths": "Root/frame/InnerPannel,Root/aceesories,Root/door_frame/InnerPannel,Root/door_frame/frame,Root/frame,Root/frame/frame,Root/door/handle1",
		"allAngles": false,
		"entityTextureMode": false
	},
	"textureWidth": 32,
	"textureHeight": 32,
	"textureSizes": {
		"tall-extension": [16,16],
		"tall": [32,32]
	},
	"textures": {
	},
	"elements": [
		{
			"name": "door",
			"from": [ -13.6, 0.0, -13.55 ],
			"to": [ -13.6, 0.0, -13.55 ],
			"rotationOrigin": [ 1.2, 0.0, 14.6 ],
			"rotationY": -180.0,
			"faces": {
			},
			"children": [
				{
					"name": "frame",
					"from": [ 0.0, 0.0, 0.0 ],
					"to": [ 0.0, 0.0, 0.0 ],
					"rotationOrigin": [ 8.0, 0.0, 28.0 ],
					"faces": {
					},
					"children": [
						{
							"name": "bottom0",
							"from": [ 0.0, 0.0, 26.75 ],
							"to": [ 16.0, 1.5, 29.25 ],
							"rotationOrigin": [ 8.0, 0.0, 28.0 ],
							"faces": {
								"north": { "texture": "#tall", "uv": [ 0.0, 30.5, 16.0, 32.0 ], "autoUv": false },
								"east": { "texture": "#tall", "uv": [ 11.5, 30.5, 14.0, 32.0 ], "autoUv": false },
								"south": { "texture": "#tall", "uv": [ 0.0, 30.5, 16.0, 32.0 ], "autoUv": false },
								"west": { "texture": "#tall", "uv": [ 11.5, 30.5, 14.0, 32.0 ], "autoUv": false },
								"up": { "texture": "#tall", "uv": [ 16.0, 29.5, 32.0, 32.0 ], "autoUv": false },
								"down": { "texture": "#tall", "uv": [ 16.0, 8.5, 0.0, 11.0 ], "autoUv": false }
							}
						},
						{
							"name": "base4",
							"from": [ 0.01, 0.01, 27.0 ],
							"to": [ 15.99, 31.99, 29.0 ],
							"rotationOrigin": [ 8.0, 0.0, 28.0 ],
							"faces": {
								"north": { "texture": "#tall", "uv": [ 0.0, 0.02, 15.98, 32.0 ], "autoUv": false },
								"east": { "texture": "#tall", "uv": [ 26.0, 0.0, 24.0, 31.98 ], "autoUv": false },
								"south": { "texture": "#tall", "uv": [ 15.98, 0.02, 0.0, 32.0 ], "autoUv": false },
								"west": { "texture": "#tall", "uv": [ 24.0, 0.0, 26.0, 31.98 ], "autoUv": false },
								"up": { "texture": "#tall", "uv": [ 16.0, 0.0, 0.02, 2.0 ], "autoUv": false },
								"down": { "texture": "#tall", "uv": [ 0.0, 0.0, 15.98, 2.0 ], "autoUv": false }
							}
						},
						{
							"name": "hinge38",
							"from": [ 14.51, 23.05, 27.01 ],
							"to": [ 16.01, 26.55, 28.99 ],
							"rotationOrigin": [ 0.75, 16.25, 15.05 ],
							"faces": {
								"north": { "texture": "#tall", "uv": [ 16.5, 8.0, 18.0, 11.5 ], "autoUv": false },
								"east": { "texture": "#tall", "uv": [ 16.5, 9.0, 18.5, 12.5 ], "autoUv": false },
								"south": { "texture": "#tall", "uv": [ 16.5, 8.5, 18.0, 12.0 ], "autoUv": false },
								"west": { "texture": "#tall", "uv": [ 16.5, 8.5, 18.0, 12.0 ], "autoUv": false },
								"up": { "texture": "#tall", "uv": [ 16.5, 8.5, 18.0, 12.0 ], "autoUv": false },
								"down": { "texture": "#tall", "uv": [ 16.5, 8.5, 18.0, 12.0 ], "autoUv": false }
							}
						},
						{
							"name": "hinge49",
							"from": [ 14.51, 5.55, 27.01 ],
							"to": [ 16.01, 9.05, 29.0 ],
							"rotationOrigin": [ 0.75, 16.25, 15.05 ],
							"faces": {
								"north": { "texture": "#tall", "uv": [ 16.5, 8.0, 18.0, 11.5 ], "autoUv": false },
								"east": { "texture": "#tall", "uv": [ 16.5, 9.0, 18.5, 12.5 ], "autoUv": false },
								"south": { "texture": "#tall", "uv": [ 16.5, 8.5, 18.0, 12.0 ], "autoUv": false },
								"west": { "texture": "#tall", "uv": [ 16.5, 8.5, 18.0, 12.0 ], "autoUv": false },
								"up": { "texture": "#tall", "uv": [ 16.5, 8.5, 18.0, 12.0 ], "autoUv": false },
								"down": { "texture": "#tall", "uv": [ 16.5, 8.5, 18.0, 12.0 ], "autoUv": false }
							}
						},
						{
							"name": "window10",
							"from": [ 5.5, 22.5, 27.0 ],
							"to": [ 10.5, 27.5, 29.0 ],
							"rotationOrigin": [ 8.0, 0.0, 28.0 ],
							"faces": {
								"east": { "texture": "#tall", "uv": [ 16.0, 2.5, 18.0, 7.5 ], "autoUv": false },
								"west": { "texture": "#tall", "uv": [ 16.0, 2.5, 18.0, 7.5 ], "autoUv": false },
								"up": { "texture": "#tall", "uv": [ 16.0, 2.5, 18.0, 7.5 ], "rotation": 90, "autoUv": false },
								"down": { "texture": "#tall", "uv": [ 16.0, 7.5, 18.0, 2.5 ], "rotation": 90, "autoUv": false }
							}
						},
						{
							"name": "window111",
							"from": [ 7.5, 22.5, 27.5 ],
							"to": [ 8.5, 27.5, 28.5 ],
							"rotationOrigin": [ 8.0, 0.0, 28.0 ],
							"faces": {
								"north": { "texture": "#tall", "uv": [ 20.5, 2.5, 21.5, 7.5 ], "autoUv": false },
								"east": { "texture": "#tall", "uv": [ 20.5, 2.5, 21.5, 7.5 ], "autoUv": false },
								"south": { "texture": "#tall", "uv": [ 20.5, 2.5, 21.5, 7.5 ], "autoUv": false },
								"west": { "texture": "#tall", "uv": [ 20.5, 2.5, 21.5, 7.5 ], "autoUv": false },
								"up": { "texture": "#tall", "uv": [ 20.5, 2.5, 21.5, 7.5 ], "autoUv": false },
								"down": { "texture": "#tall", "uv": [ 20.5, 2.5, 21.5, 7.5 ], "autoUv": false }
							}
						},
						{
							"name": "window212",
							"from": [ 5.5, 24.5, 27.5 ],
							"to": [ 10.5, 25.5, 28.5 ],
							"rotationOrigin": [ 8.0, 0.0, 28.0 ],
							"faces": {
								"north": { "texture": "#tall", "uv": [ 18.5, 4.5, 23.5, 5.5 ], "autoUv": false },
								"east": { "texture": "#tall", "uv": [ 18.5, 4.5, 23.5, 5.5 ], "autoUv": false },
								"south": { "texture": "#tall", "uv": [ 18.5, 4.5, 23.5, 5.5 ], "autoUv": false },
								"west": { "texture": "#tall", "uv": [ 18.5, 4.5, 23.5, 5.5 ], "autoUv": false },
								"up": { "texture": "#tall", "uv": [ 18.5, 4.5, 23.5, 5.5 ], "autoUv": false },
								"down": { "texture": "#tall", "uv": [ 18.5, 4.5, 23.5, 5.5 ], "autoUv": false }
							}
						}
					]
				},
				{
					"name": "handle1",
					"from": [ 0.0, 0.0, 0.0 ],
					"to": [ 0.0, 0.0, 0.0 ],
					"rotationOrigin": [ 9.5, -0.5, 28.075 ],
					"faces": {
					},
					"children": [
						{
							"name": "handle11",
							"from": [ 1.5, 12.5, 26.8 ],
							"to": [ 5.0, 16.0, 26.8 ],
							"rotationOrigin": [ 9.5, -0.5, 28.075 ],
							"renderPass": 2,
							"faces": {
								"north": {
									"texture": "#tall",
									"uv": [ 19.0, 10.5, 22.5, 14.0 ],
									"autoUv": false
								}
							}
						},
						{
							"name": "handle22",
							"from": [ 3.25, 15.0, 26.175 ],
							"to": [ 3.25, 16.5, 27.175 ],
							"rotationOrigin": [ 9.5, -0.5, 28.075 ],
							"renderPass": 2,
							"faces": {
								"west": {
									"texture": "#tall",
									"uv": [ 20.5, 11.0, 21.5, 9.5 ],
									"autoUv": false
								}
							}
						},
						{
							"name": "handle43",
							"from": [ 2.5, 15.5, 26.825 ],
							"to": [ 4.0, 17.0, 27.325 ],
							"rotationOrigin": [ 9.5, -0.5, 28.075 ],
							"faces": {
								"north": { "texture": "#tall", "uv": [ 0.0, 0.0, 1.5, 1.5 ], "autoUv": false },
								"east": { "texture": "#tall", "uv": [ 0.0, 0.0, 1.5, 1.5 ], "autoUv": false },
								"south": { "texture": "#tall", "uv": [ 0.0, 0.0, 1.5, 1.5 ], "autoUv": false },
								"west": { "texture": "#tall", "uv": [ 0.0, 0.0, 1.5, 1.5 ], "autoUv": false },
								"up": { "texture": "#tall", "uv": [ 0.0, 0.0, 1.5, 1.5 ], "autoUv": false },
								"down": { "texture": "#tall", "uv": [ 0.0, 0.0, 1.5, 1.5 ], "autoUv": false }
							}
						}
					]
				},
				{
					"name": "handle2",
					"from": [ 0.0, 0.0, 0.0 ],
					"to": [ 0.0, 0.0, 0.0 ],
					"rotationOrigin": [ 3.25, 15.4167, 29.3167 ],
					"rotationY": -180.0,
					"faces": {
					},
					"children": [
						{
							"name": "handle25",
							"from": [ 1.5, 12.5, 29.3 ],
							"to": [ 5.0, 16.0, 29.3 ],
							"rotationOrigin": [ 9.5, -0.5, 30.575 ],
							"renderPass": 2,
							"faces": {
								"north": {
									"texture": "#tall",
									"uv": [ 19.0, 10.5, 22.5, 14.0 ],
									"autoUv": false
								}
							}
						},
						{
							"name": "handle36",
							"from": [ 3.25, 15.0, 28.675 ],
							"to": [ 3.25, 16.5, 29.675 ],
							"rotationOrigin": [ 9.5, -0.5, 30.575 ],
							"renderPass": 2,
							"faces": {
								"west": {
									"texture": "#tall",
									"uv": [ 20.5, 11.0, 21.5, 9.5 ],
									"autoUv": false
								}
							}
						},
						{
							"name": "handle57",
							"from": [ 2.5, 15.5, 29.325 ],
							"to": [ 4.0, 17.0, 29.825 ],
							"rotationOrigin": [ 9.5, -0.5, 30.575 ],
							"faces": {
								"north": { "texture": "#tall", "uv": [ 20.0, 8.5, 21.5, 10.0 ], "autoUv": false },
								"east": { "texture": "#tall", "uv": [ 20.0, 8.5, 21.5, 10.0 ], "autoUv": false },
								"south": { "texture": "#tall", "uv": [ 20.0, 8.5, 21.5, 10.0 ], "autoUv": false },
								"west": { "texture": "#tall", "uv": [ 20.0, 8.5, 21.5, 10.0 ], "autoUv": false },
								"up": { "texture": "#tall", "uv": [ 20.0, 8.5, 21.5, 10.0 ], "autoUv": false },
								"down": { "texture": "#tall", "uv": [ 20.0, 8.5, 21.5, 10.0 ], "autoUv": false }
							}
						}
					]
				},
				{
					"name": "extensiom",
					"from": [ 0.0, 32.0, 0.0 ],
					"to": [ 0.0, 32.0, 0.0 ],
					"rotationOrigin": [ 8.0, 32.0, 28.0 ],
					"faces": {
					},
					"children": [
						{
							"name": "bottom1",
							"from": [ 0.0, 14.5, 26.99 ],
							"to": [ 16.0, 16.0, 29.01 ],
							"rotationOrigin": [ 8.0, 14.5, 28.2 ],
							"faces": {
								"north": { "texture": "#tall-extension", "uv": [ 0.0, 0.0, 16.0, 1.5 ] },
								"east": { "texture": "#tall-extension", "uv": [ 11.5, 0.0, 13.5, 1.5 ] },
								"south": { "texture": "#tall-extension", "uv": [ 0.0, 0.0, 16.0, 1.5 ] },
								"west": { "texture": "#tall", "uv": [ 11.5, 30.5, 14.0, 32.0 ], "autoUv": false },
								"up": { "texture": "#tall", "uv": [ 0.0, 0.0, 16.0, 2.0 ] },
								"down": { "texture": "#tall", "uv": [ 16.0, 8.5, 0.0, 11.0 ], "autoUv": false }
							}
						},
						{
							"name": "base5",
							"from": [ 0.01, 0.01, 27.0 ],
							"to": [ 15.99, 16.01, 29.0 ],
							"rotationOrigin": [ 8.0, 0.0, 28.0 ],
							"faces": {
								"north": { "texture": "#tall-extension", "uv": [ 0.0, 0.0, 16.0, 16.0 ], "autoUv": false },
								"east": { "texture": "#tall", "uv": [ 24.0, 0.0, 26.0, 16.0 ] },
								"south": { "texture": "#tall-extension", "uv": [ 0.0, 16.0, 16.0, 0.0 ], "rotation": 180, "autoUv": false },
								"west": { "texture": "#tall", "uv": [ 24.0, 0.0, 26.0, 16.0 ] },
								"up": { "texture": "#tall", "uv": [ 0.0, 0.0, 15.5, 2.0 ] },
								"down": { "texture": "#tall", "uv": [ 0.0, 0.0, 15.98, 2.0 ], "autoUv": false }
							}
						},
						{
							"name": "hinge50",
							"from": [ 14.51, 7.0, 27.01 ],
							"to": [ 16.01, 10.5, 28.99 ],
							"rotationOrigin": [ 0.75, 17.75, 15.05 ],
							"faces": {
								"north": { "texture": "#tall", "uv": [ 16.5, 8.0, 18.0, 11.5 ], "autoUv": false },
								"east": { "texture": "#tall", "uv": [ 16.5, 9.0, 18.5, 12.5 ], "autoUv": false },
								"south": { "texture": "#tall", "uv": [ 16.5, 8.5, 18.0, 12.0 ], "autoUv": false },
								"west": { "texture": "#tall", "uv": [ 16.5, 8.5, 18.0, 12.0 ], "autoUv": false },
								"up": { "texture": "#tall", "uv": [ 16.5, 8.5, 18.0, 12.0 ], "autoUv": false },
								"down": { "texture": "#tall", "uv": [ 16.5, 8.5, 18.0, 12.0 ], "autoUv": false }
							}
						}
					]
				}
			]
		}
	],
	"animations": [
		{
			"name": "opened",
			"code": "opened",
			"quantityframes": 2,
			"onActivityStopped": "Rewind",
			"onAnimationEnd": "Hold",
			"keyframes": [
				{
					"frame": 0,
					"elements": {
						"door": { "offsetX": 0.2, "offsetY": 0.0, "offsetZ": 0.1, "rotationX": 0.0, "rotationY": 90.0, "rotationZ": 0.0 }
					}
				}
			]
		}
	]
}