{
	"editor": {
		"collapsedPaths": "Root/frame/InnerPannel,Root/aceesories,Root/door_frame/InnerPannel,Root/door_frame/frame,Root/frame,Root/frame/frame",
		"allAngles": false,
		"entityTextureMode": false
	},
	"textureWidth": 32,
	"textureHeight": 32,
	"textureSizes": {
		"tall-extension": [16,16],
		"tall": [32,32]
	},
	"textures": {
	},
	"elements": [
		{
			"name": "door",
			"from": [ -16.0, 0.0, -13.0 ],
			"to": [ -16.0, 0.0, -13.0 ],
			"rotationOrigin": [ 0.0, 0.0, 15.0 ],
			"rotationY": -180.0,
			"faces": {
			},
			"children": [
				{
					"name": "frame",
					"from": [ 0.0, 0.0, 0.0 ],
					"to": [ 0.0, 0.0, 0.0 ],
					"rotationOrigin": [ 8.0, 0.0, 28.0 ],
					"faces": {
					},
					"children": [
						{
							"name": "base4",
							"from": [ 0.01, 0.01, 27.0 ],
							"to": [ 15.99, 31.99, 29.0 ],
							"rotationOrigin": [ 8.0, 0.0, 28.0 ],
							"faces": {
								"north": { "texture": "#tall", "uv": [ 0.0, 0.02, 15.98, 32.0 ], "autoUv": false },
								"east": { "texture": "#tall", "uv": [ 26.0, 0.0, 24.0, 31.98 ], "autoUv": false },
								"south": { "texture": "#tall", "uv": [ 15.98, 0.02, 0.0, 32.0 ], "autoUv": false },
								"west": { "texture": "#tall", "uv": [ 24.0, 0.0, 26.0, 31.98 ], "autoUv": false },
								"up": { "texture": "#tall", "uv": [ 16.0, 0.0, 0.02, 2.0 ], "autoUv": false },
								"down": { "texture": "#tall", "uv": [ 0.0, 0.0, 15.98, 2.0 ], "autoUv": false }
							}
						},
						{
							"name": "hinge38",
							"from": [ 15.21, 23.15, 28.11 ],
							"to": [ 16.21, 26.65, 29.19 ],
							"rotationOrigin": [ 1.45, 16.35, 16.15 ],
							"faces": {
								"north": { "texture": "#tall", "uv": [ 28.5, 17.0, 29.5, 20.5 ] },
								"east": { "texture": "#tall", "uv": [ 17.0, 9.0, 18.0, 12.5 ], "rotation": 180, "autoUv": false, "snapUv": false },
								"south": { "texture": "#tall", "uv": [ 17.0, 9.0, 18.0, 12.5 ] },
								"west": { "texture": "#tall", "uv": [ 17.0, 14.0, 18.0, 17.5 ] },
								"up": { "texture": "#tall", "uv": [ 17.0, 14.5, 18.0, 15.5 ] },
								"down": { "texture": "#tall", "uv": [ 16.5, 8.5, 18.0, 12.0 ], "autoUv": false }
							}
						},
						{
							"name": "window10",
							"from": [ 5.5, 22.5, 27.0 ],
							"to": [ 10.5, 27.5, 29.0 ],
							"rotationOrigin": [ 8.0, 0.0, 28.0 ],
							"faces": {
								"east": { "texture": "#tall", "uv": [ 16.0, 2.5, 18.0, 7.5 ], "autoUv": false },
								"west": { "texture": "#tall", "uv": [ 16.0, 2.5, 18.0, 7.5 ], "autoUv": false },
								"up": { "texture": "#tall", "uv": [ 16.0, 2.5, 18.0, 7.5 ], "rotation": 90, "autoUv": false },
								"down": { "texture": "#tall", "uv": [ 16.0, 7.5, 18.0, 2.5 ], "rotation": 90, "autoUv": false }
							}
						},
						{
							"name": "window111",
							"from": [ 7.5, 22.5, 27.5 ],
							"to": [ 8.5, 27.5, 28.5 ],
							"rotationOrigin": [ 8.0, 0.0, 28.0 ],
							"faces": {
								"north": { "texture": "#tall", "uv": [ 20.5, 2.5, 21.5, 7.5 ], "autoUv": false },
								"east": { "texture": "#tall", "uv": [ 20.5, 2.5, 21.5, 7.5 ], "autoUv": false },
								"south": { "texture": "#tall", "uv": [ 20.5, 2.5, 21.5, 7.5 ], "autoUv": false },
								"west": { "texture": "#tall", "uv": [ 20.5, 2.5, 21.5, 7.5 ], "autoUv": false },
								"up": { "texture": "#tall", "uv": [ 20.5, 2.5, 21.5, 7.5 ], "autoUv": false },
								"down": { "texture": "#tall", "uv": [ 20.5, 2.5, 21.5, 7.5 ], "autoUv": false }
							}
						},
						{
							"name": "window212",
							"from": [ 5.5, 24.5, 27.5 ],
							"to": [ 10.5, 25.5, 28.5 ],
							"rotationOrigin": [ 8.0, 0.0, 28.0 ],
							"faces": {
								"north": { "texture": "#tall", "uv": [ 18.5, 4.5, 23.5, 5.5 ], "autoUv": false },
								"east": { "texture": "#tall", "uv": [ 18.5, 4.5, 23.5, 5.5 ], "autoUv": false },
								"south": { "texture": "#tall", "uv": [ 18.5, 4.5, 23.5, 5.5 ], "autoUv": false },
								"west": { "texture": "#tall", "uv": [ 18.5, 4.5, 23.5, 5.5 ], "autoUv": false },
								"up": { "texture": "#tall", "uv": [ 18.5, 4.5, 23.5, 5.5 ], "autoUv": false },
								"down": { "texture": "#tall", "uv": [ 18.5, 4.5, 23.5, 5.5 ], "autoUv": false }
							}
						},
						{
							"name": "hinge39",
							"from": [ 15.21, 38.05, 28.11 ],
							"to": [ 16.21, 41.55, 29.19 ],
							"rotationOrigin": [ 1.45, 31.25, 16.15 ],
							"faces": {
								"north": { "texture": "#tall", "uv": [ 28.5, 17.0, 29.5, 20.5 ] },
								"east": { "texture": "#tall", "uv": [ 17.0, 9.0, 18.0, 12.5 ], "rotation": 180, "autoUv": false },
								"south": { "texture": "#tall", "uv": [ 17.0, 9.0, 18.0, 12.5 ] },
								"west": { "texture": "#tall", "uv": [ 17.0, 14.0, 18.0, 17.5 ] },
								"up": { "texture": "#tall", "uv": [ 17.0, 14.5, 18.0, 15.5 ] },
								"down": { "texture": "#tall", "uv": [ 16.5, 8.5, 18.0, 12.0 ], "autoUv": false }
							}
						},
						{
							"name": "hinge40",
							"from": [ 15.21, 6.05, 28.11 ],
							"to": [ 16.21, 9.55, 29.19 ],
							"rotationOrigin": [ 1.45, -0.75, 16.15 ],
							"faces": {
								"north": { "texture": "#tall", "uv": [ 28.5, 17.0, 29.5, 20.5 ] },
								"east": { "texture": "#tall", "uv": [ 17.0, 9.0, 18.0, 12.5 ], "rotation": 180, "autoUv": false },
								"south": { "texture": "#tall", "uv": [ 17.0, 9.0, 18.0, 12.5 ] },
								"west": { "texture": "#tall", "uv": [ 17.0, 14.0, 18.0, 17.5 ] },
								"up": { "texture": "#tall", "uv": [ 17.0, 14.5, 18.0, 15.5 ] },
								"down": { "texture": "#tall", "uv": [ 16.5, 8.5, 18.0, 12.0 ], "autoUv": false }
							}
						}
					]
				},
				{
					"name": "handle1",
					"from": [ -1.0, -2.0, -0.2 ],
					"to": [ -1.0, -2.0, -0.2 ],
					"rotationOrigin": [ 8.5, -2.5, 27.875 ],
					"faces": {
					},
					"children": [
						{
							"name": "handle11",
							"from": [ 1.5, 12.0, 26.7 ],
							"to": [ 5.0, 16.0, 26.7 ],
							"rotationOrigin": [ 9.5, -1.0, 27.975 ],
							"renderPass": 2,
							"faces": {
								"north": {
									"texture": "#tall",
									"uv": [ 19.0, 10.5, 22.5, 14.5 ]
								}
							}
						},
						{
							"name": "handle22",
							"from": [ 3.25, 15.0, 26.175 ],
							"to": [ 3.25, 16.5, 27.175 ],
							"rotationOrigin": [ 9.5, -0.5, 28.075 ],
							"renderPass": 2,
							"faces": {
								"west": {
									"texture": "#tall",
									"uv": [ 20.5, 11.0, 21.5, 9.5 ],
									"autoUv": false
								}
							}
						},
						{
							"name": "handle43",
							"from": [ 2.5, 15.5, 26.825 ],
							"to": [ 4.0, 17.0, 27.325 ],
							"rotationOrigin": [ 9.5, -0.5, 28.075 ],
							"faces": {
								"north": { "texture": "#tall", "uv": [ 28.0, 9.0, 29.5, 10.5 ] },
								"east": { "texture": "#tall", "uv": [ 28.5, 7.0, 29.0, 8.5 ] },
								"south": { "texture": "#tall", "uv": [ 28.5, 7.5, 30.0, 9.0 ] },
								"west": { "texture": "#tall", "uv": [ 28.5, 10.5, 29.0, 12.0 ] },
								"up": { "texture": "#tall", "uv": [ 28.5, 11.5, 30.0, 12.0 ] },
								"down": { "texture": "#tall", "uv": [ 28.5, 7.5, 30.0, 8.0 ] }
							}
						}
					]
				},
				{
					"name": "handle2",
					"from": [ -1.1, -2.0, 0.1 ],
					"to": [ -1.1, -2.0, 0.1 ],
					"rotationOrigin": [ 2.15, 13.4167, 29.4167 ],
					"rotationY": -180.0,
					"faces": {
					},
					"children": [
						{
							"name": "handle25",
							"from": [ 1.5, 12.0, 29.3 ],
							"to": [ 5.0, 16.0, 29.3 ],
							"rotationOrigin": [ 9.5, -1.0, 30.575 ],
							"renderPass": 2,
							"faces": {
								"north": {
									"texture": "#tall",
									"uv": [ 19.0, 10.5, 22.5, 14.5 ]
								}
							}
						},
						{
							"name": "handle36",
							"from": [ 3.25, 15.0, 28.675 ],
							"to": [ 3.25, 16.5, 29.675 ],
							"rotationOrigin": [ 9.5, -0.5, 30.575 ],
							"renderPass": 2,
							"faces": {
								"west": {
									"texture": "#tall",
									"uv": [ 20.5, 11.0, 21.5, 9.5 ],
									"autoUv": false
								}
							}
						},
						{
							"name": "handle57",
							"from": [ 2.5, 15.5, 29.325 ],
							"to": [ 4.0, 17.0, 29.825 ],
							"rotationOrigin": [ 9.5, -0.5, 30.575 ],
							"faces": {
								"north": { "texture": "#tall", "uv": [ 28.0, 10.5, 29.5, 12.0 ] },
								"east": { "texture": "#tall", "uv": [ 28.5, 12.5, 29.0, 14.0 ] },
								"south": { "texture": "#tall", "uv": [ 28.0, 12.0, 29.5, 13.5 ] },
								"west": { "texture": "#tall", "uv": [ 28.0, 12.0, 28.5, 13.5 ] },
								"up": { "texture": "#tall", "uv": [ 28.0, 13.5, 29.5, 14.0 ] },
								"down": { "texture": "#tall", "uv": [ 28.0, 12.0, 29.5, 12.5 ] }
							}
						}
					]
				},
				{
					"name": "extensiom",
					"from": [ 0.0, 32.0, 0.0 ],
					"to": [ 0.0, 32.0, 0.0 ],
					"rotationOrigin": [ 8.0, 32.0, 28.0 ],
					"faces": {
					},
					"children": [
						{
							"name": "base5",
							"from": [ 0.01, 0.01, 27.0 ],
							"to": [ 15.99, 16.01, 29.0 ],
							"rotationOrigin": [ 8.0, 0.0, 28.0 ],
							"faces": {
								"north": { "texture": "#tall-extension", "uv": [ 0.0, 0.0, 16.0, 16.0 ], "autoUv": false },
								"east": { "texture": "#tall", "uv": [ 23.5, 16.0, 25.5, 32.0 ] },
								"south": { "texture": "#tall-extension", "uv": [ 0.0, 16.0, 16.0, 0.0 ], "rotation": 180, "autoUv": false },
								"west": { "texture": "#tall", "uv": [ 23.5, 16.0, 25.5, 32.0 ] },
								"up": { "texture": "#tall", "uv": [ 27.5, 10.5, 29.5, 26.0 ], "rotation": 90 },
								"down": { "texture": "#tall", "uv": [ 0.0, 0.0, 15.98, 2.0 ], "autoUv": false }
							}
						}
					]
				}
			]
		}
	],
	"animations": [
		{
			"name": "opened",
			"code": "opened",
			"quantityframes": 2,
			"onActivityStopped": "Rewind",
			"onAnimationEnd": "Hold",
			"keyframes": [
				{
					"frame": 0,
					"elements": {
						"door": { "offsetX": 1.0, "offsetY": 0.0, "offsetZ": -1.0, "rotationX": 0.0, "rotationY": 88.0, "rotationZ": 0.0 }
					}
				}
			]
		}
	]
}