{
	"editor": {
		"collapsedPaths": "Root/origin/METAL/frame-bottomW/frame-topW,Root/origin/METAL/frame-bottomW/barA1,Root/origin/METAL/frame-bottomW/frameE1,Root/origin/METAL/frame-bottomW/barB1,Root/door_frame/InnerPannel,Root/origin/METAL/frame-bottomW/barE1,Root/door_frame/frame,Root/origin/METAL/frame-bottomW/barG1,Root/origin/METAL/frame-bottomW/frame-bottomE,Root/origin/METAL/frame-bottomW/barF1,Root/frame,Root/origin/METAL/frame-bottomW/barM1,Root/origin/METAL/frame-bottomW/barL1,Root/origin/METAL/frame-bottomW/barO1,Root/origin/METAL/frame-bottomW/barN1,Root/frame/InnerPannel,Root/aceesories,Root/origin/METAL/frame-bottomW/frameW1,Root/frame/frame",
		"allAngles": false,
		"entityTextureMode": false
	},
	"textureWidth": 32,
	"textureHeight": 32,
	"textureSizes": {
	},
	"textures": {
	},
	"elements": [
		{
			"name": "origin",
			"from": [ 8.0, 0.0, 8.0 ],
			"to": [ 8.0, 0.0, 8.0 ],
			"rotationOrigin": [ 1.5, 0.0, 14.5 ],
			"faces": {
			},
			"children": [
				{
					"name": "METAL",
					"from": [ -8.0, 0.0, 5.0 ],
					"to": [ -8.0, 0.0, 5.0 ],
					"rotationOrigin": [ -8.0, 0.0, 5.0 ],
					"faces": {
					},
					"children": [
						{
							"name": "diamondframe",
							"from": [ 0.0, 0.0, 0.0 ],
							"to": [ 16.0, 2.0, 3.0 ],
							"rotationOrigin": [ 0.0, 1.0, 0.0 ],
							"faces": {
							},
							"children": [
								{
									"name": "barA1",
									"from": [ 1.0, 2.0, 0.7 ],
									"to": [ 3.0, 34.0, 2.7 ],
									"rotationOrigin": [ 2.0, 2.0, 1.7 ],
									"rotationZ": -45.0,
									"faces": {
										"north": { "texture": "#gate", "uv": [ 29.5, 0.0, 31.5, 32.0 ], "rotation": 180 },
										"east": { "texture": "#gate", "uv": [ 29.5, 0.0, 31.5, 32.0 ] },
										"south": { "texture": "#gate", "uv": [ 29.5, 0.0, 31.5, 32.0 ] },
										"west": { "texture": "#gate", "uv": [ 29.5, 0.0, 31.5, 32.0 ] }
									},
									"children": [
										{
											"name": "barA3",
											"from": [ 0.0, 32.0, 0.0 ],
											"to": [ 2.0, 41.0, 2.0 ],
											"rotationOrigin": [ 1.0, 32.0, 1.0 ],
											"faces": {
												"north": { "texture": "#gate", "uv": [ 29.5, 4.5, 31.5, 13.5 ], "rotation": 180 },
												"east": { "texture": "#gate", "uv": [ 29.5, 7.5, 31.5, 16.5 ] },
												"south": { "texture": "#gate", "uv": [ 29.5, 4.0, 31.5, 13.0 ] },
												"west": { "texture": "#gate", "uv": [ 29.5, 6.0, 31.5, 15.0 ] }
											}
										}
									]
								},
								{
									"name": "barB1",
									"from": [ 11.0, 0.5, 0.7 ],
									"to": [ 13.0, 16.5, 2.7 ],
									"rotationOrigin": [ 12.0, 2.0, 1.7 ],
									"rotationZ": -45.0,
									"faces": {
										"north": { "texture": "#gate", "uv": [ 29.5, 0.0, 31.5, 16.0 ], "rotation": 180 },
										"east": { "texture": "#gate", "uv": [ 29.5, 16.0, 31.5, 32.0 ] },
										"south": { "texture": "#gate", "uv": [ 29.5, 0.0, 31.5, 16.0 ] },
										"west": { "texture": "#gate", "uv": [ 29.5, 0.5, 31.5, 16.5 ] }
									},
									"children": [
										{
											"name": "barB2",
											"from": [ 0.0, 16.0, 0.0 ],
											"to": [ 2.0, 28.5, 2.0 ],
											"rotationOrigin": [ 1.0, 16.0, 1.0 ],
											"faces": {
												"north": { "texture": "#gate", "uv": [ 29.5, 0.0, 31.5, 12.5 ], "rotation": 180 },
												"east": { "texture": "#gate", "uv": [ 29.5, 6.0, 31.5, 18.5 ] },
												"south": { "texture": "#gate", "uv": [ 29.5, 0.0, 31.5, 12.5 ] },
												"west": { "texture": "#gate", "uv": [ 29.5, 4.5, 31.5, 17.0 ] }
											}
										}
									]
								},
								{
									"name": "barC1",
									"from": [ 21.0, 0.5, 0.7 ],
									"to": [ 23.0, 14.5, 2.7 ],
									"rotationOrigin": [ 22.0, 2.0, 1.7 ],
									"rotationZ": -45.0,
									"faces": {
										"north": { "texture": "#gate", "uv": [ 29.5, 13.5, 31.5, 27.5 ], "rotation": 180 },
										"east": { "texture": "#gate", "uv": [ 29.0, 6.0, 31.0, 20.0 ] },
										"south": { "texture": "#gate", "uv": [ 29.5, 16.0, 31.5, 30.0 ] },
										"west": { "texture": "#gate", "uv": [ 29.5, 0.5, 31.5, 14.5 ] }
									}
								},
								{
									"name": "barD1",
									"from": [ 0.0, 11.5, 0.7 ],
									"to": [ 2.0, 43.5, 2.7 ],
									"rotationOrigin": [ 1.0, 11.5, 1.7 ],
									"rotationZ": -45.0,
									"faces": {
										"north": { "texture": "#gate", "uv": [ 29.5, 0.0, 31.5, 32.0 ], "rotation": 180 },
										"east": { "texture": "#gate", "uv": [ 29.5, 0.0, 31.5, 32.0 ] },
										"south": { "texture": "#gate", "uv": [ 29.5, 0.0, 31.5, 32.0 ] },
										"west": { "texture": "#gate", "uv": [ 29.5, 0.0, 31.5, 32.0 ] }
									},
									"children": [
										{
											"name": "barD3",
											"from": [ 0.0, 32.0, 0.0 ],
											"to": [ 2.0, 42.0, 2.0 ],
											"rotationOrigin": [ 1.0, 32.0, 1.0 ],
											"faces": {
												"north": { "texture": "#gate", "uv": [ 29.5, 5.0, 31.5, 15.0 ], "rotation": 180 },
												"east": { "texture": "#gate", "uv": [ 29.5, 5.5, 31.5, 15.5 ] },
												"south": { "texture": "#gate", "uv": [ 29.5, 3.5, 31.5, 13.5 ] },
												"west": { "texture": "#gate", "uv": [ 29.5, 3.5, 31.5, 13.5 ] }
											}
										}
									]
								},
								{
									"name": "barE1",
									"from": [ 0.0, 22.5, 0.7 ],
									"to": [ 2.0, 54.5, 2.7 ],
									"rotationOrigin": [ 1.0, 22.5, 1.7 ],
									"rotationZ": -45.0,
									"faces": {
										"north": { "texture": "#gate", "uv": [ 29.5, 0.0, 31.5, 32.0 ], "rotation": 180 },
										"east": { "texture": "#gate", "uv": [ 29.5, 0.0, 31.5, 32.0 ] },
										"south": { "texture": "#gate", "uv": [ 29.5, 0.0, 31.5, 32.0 ] },
										"west": { "texture": "#gate", "uv": [ 29.5, 0.0, 31.5, 32.0 ] }
									},
									"children": [
										{
											"name": "barE3",
											"from": [ 0.0, 32.0, 0.0 ],
											"to": [ 2.0, 42.0, 2.0 ],
											"rotationOrigin": [ 1.0, 32.0, 1.0 ],
											"faces": {
												"north": { "texture": "#gate", "uv": [ 29.5, 2.0, 31.5, 12.0 ], "rotation": 180 },
												"east": { "texture": "#gate", "uv": [ 29.5, 2.0, 31.5, 12.0 ] },
												"south": { "texture": "#gate", "uv": [ 29.5, 5.0, 31.5, 15.0 ] },
												"west": { "texture": "#gate", "uv": [ 29.5, 3.5, 31.5, 13.5 ] }
											}
										}
									]
								},
								{
									"name": "barF1",
									"from": [ 0.0, 33.0, 0.7 ],
									"to": [ 2.0, 65.0, 2.7 ],
									"rotationOrigin": [ 1.0, 33.0, 1.7 ],
									"rotationZ": -45.0,
									"faces": {
										"north": { "texture": "#gate", "uv": [ 29.5, 0.0, 31.5, 32.0 ], "rotation": 180 },
										"east": { "texture": "#gate", "uv": [ 29.5, 0.0, 31.5, 32.0 ] },
										"south": { "texture": "#gate", "uv": [ 29.5, 0.0, 31.5, 32.0 ] },
										"west": { "texture": "#gate", "uv": [ 29.5, 0.0, 31.5, 32.0 ] }
									},
									"children": [
										{
											"name": "barF3",
											"from": [ 0.0, 32.0, 0.0 ],
											"to": [ 2.0, 42.0, 2.0 ],
											"rotationOrigin": [ 1.0, 32.0, 1.0 ],
											"faces": {
												"north": { "texture": "#gate", "uv": [ 29.5, 2.0, 31.5, 12.0 ], "rotation": 180 },
												"east": { "texture": "#gate", "uv": [ 29.5, 2.0, 31.5, 12.0 ] },
												"south": { "texture": "#gate", "uv": [ 29.5, 5.0, 31.5, 15.0 ] },
												"west": { "texture": "#gate", "uv": [ 29.5, 4.5, 31.5, 14.5 ] }
											}
										}
									]
								},
								{
									"name": "barG1",
									"from": [ 0.0, 43.5, 0.7 ],
									"to": [ 2.0, 59.5, 2.7 ],
									"rotationOrigin": [ 1.0, 43.5, 1.7 ],
									"rotationZ": -45.0,
									"faces": {
										"north": { "texture": "#gate", "uv": [ 29.5, 2.5, 31.5, 18.5 ], "rotation": 180 },
										"east": { "texture": "#gate", "uv": [ 29.5, 0.0, 31.5, 16.0 ] },
										"south": { "texture": "#gate", "uv": [ 29.5, 1.5, 31.5, 17.5 ] },
										"west": { "texture": "#gate", "uv": [ 29.5, 2.0, 31.5, 18.0 ] }
									},
									"children": [
										{
											"name": "barG2",
											"from": [ 0.0, 16.0, 0.0 ],
											"to": [ 2.0, 27.5, 2.0 ],
											"rotationOrigin": [ 1.0, 16.0, 1.0 ],
											"faces": {
												"north": { "texture": "#gate", "uv": [ 29.5, 4.0, 31.5, 15.5 ], "rotation": 180 },
												"east": { "texture": "#gate", "uv": [ 29.5, 8.0, 31.5, 19.5 ] },
												"south": { "texture": "#gate", "uv": [ 29.5, 5.5, 31.5, 17.0 ] },
												"west": { "texture": "#gate", "uv": [ 29.5, 0.5, 31.5, 12.0 ] }
											}
										}
									]
								},
								{
									"name": "barH1",
									"from": [ 0.0, 53.5, 0.7 ],
									"to": [ 2.0, 67.0, 2.7 ],
									"rotationOrigin": [ 1.0, 53.5, 1.7 ],
									"rotationZ": -45.0,
									"faces": {
										"north": { "texture": "#gate", "uv": [ 29.5, 1.0, 31.5, 14.5 ], "rotation": 180 },
										"east": { "texture": "#gate", "uv": [ 29.5, 1.5, 31.5, 15.0 ] },
										"south": { "texture": "#gate", "uv": [ 29.5, 2.0, 31.5, 15.5 ] },
										"west": { "texture": "#gate", "uv": [ 29.5, 3.5, 31.5, 17.0 ] }
									}
								},
								{
									"name": "barI1",
									"from": [ 29.0, 3.0, 0.3 ],
									"to": [ 31.0, 35.0, 2.3 ],
									"rotationOrigin": [ 30.0, 4.0, 1.3 ],
									"rotationZ": 45.0,
									"faces": {
										"north": { "texture": "#gate", "uv": [ 29.5, 0.0, 31.5, 32.0 ] },
										"east": { "texture": "#gate", "uv": [ 29.5, 0.0, 31.5, 32.0 ] },
										"south": { "texture": "#gate", "uv": [ 29.5, 0.0, 31.5, 32.0 ], "rotation": 180 },
										"west": { "texture": "#gate", "uv": [ 29.5, 0.0, 31.5, 32.0 ] }
									},
									"children": [
										{
											"name": "barI3",
											"from": [ 0.0, 32.0, 0.0 ],
											"to": [ 2.0, 41.0, 2.0 ],
											"rotationOrigin": [ 1.0, 32.0, 1.0 ],
											"faces": {
												"north": { "texture": "#gate", "uv": [ 29.5, 8.0, 31.5, 17.0 ] },
												"east": { "texture": "#gate", "uv": [ 29.5, 10.0, 31.5, 19.0 ] },
												"south": { "texture": "#gate", "uv": [ 29.5, 6.0, 31.5, 15.0 ], "rotation": 180 },
												"west": { "texture": "#gate", "uv": [ 29.5, 2.0, 31.5, 11.0 ] }
											}
										}
									]
								},
								{
									"name": "barJ1",
									"from": [ 20.0, 1.0, 0.3 ],
									"to": [ 22.0, 17.0, 2.3 ],
									"rotationOrigin": [ 21.0, 2.0, 1.3 ],
									"rotationZ": 45.0,
									"faces": {
										"north": { "texture": "#gate", "uv": [ 29.5, 1.0, 31.5, 17.0 ] },
										"east": { "texture": "#gate", "uv": [ 29.5, 3.0, 31.5, 19.0 ] },
										"south": { "texture": "#gate", "uv": [ 29.5, 3.5, 31.5, 19.5 ], "rotation": 180 },
										"west": { "texture": "#gate", "uv": [ 29.5, 5.0, 31.5, 21.0 ] }
									},
									"children": [
										{
											"name": "barJ2",
											"from": [ 0.0, 16.0, 0.0 ],
											"to": [ 2.0, 29.5, 2.0 ],
											"rotationOrigin": [ 1.0, 16.0, 1.0 ],
											"faces": {
												"north": { "texture": "#gate", "uv": [ 29.5, 7.0, 31.5, 20.5 ] },
												"east": { "texture": "#gate", "uv": [ 29.5, 4.5, 31.5, 18.0 ] },
												"south": { "texture": "#gate", "uv": [ 29.5, 2.0, 31.5, 15.5 ], "rotation": 180 },
												"west": { "texture": "#gate", "uv": [ 29.5, 4.0, 31.5, 17.5 ] }
											}
										}
									]
								},
								{
									"name": "barK1",
									"from": [ 10.0, 1.0, 0.3 ],
									"to": [ 12.0, 16.5, 2.3 ],
									"rotationOrigin": [ 11.0, 2.0, 1.3 ],
									"rotationZ": 45.0,
									"faces": {
										"north": { "texture": "#gate", "uv": [ 29.5, 7.0, 31.5, 22.5 ] },
										"east": { "texture": "#gate", "uv": [ 29.5, 3.5, 31.5, 19.0 ] },
										"south": { "texture": "#gate", "uv": [ 29.5, 6.0, 31.5, 21.5 ], "rotation": 180 },
										"west": { "texture": "#gate", "uv": [ 29.5, 2.5, 31.5, 18.0 ] }
									}
								},
								{
									"name": "barL1",
									"from": [ 29.0, 14.0, 0.3 ],
									"to": [ 31.0, 46.0, 2.3 ],
									"rotationOrigin": [ 30.0, 15.0, 1.3 ],
									"rotationZ": 45.0,
									"faces": {
										"north": { "texture": "#gate", "uv": [ 29.5, 0.0, 31.5, 32.0 ] },
										"east": { "texture": "#gate", "uv": [ 29.5, 0.0, 31.5, 32.0 ] },
										"south": { "texture": "#gate", "uv": [ 29.5, 0.0, 31.5, 32.0 ], "rotation": 180 },
										"west": { "texture": "#gate", "uv": [ 29.5, 0.0, 31.5, 32.0 ] }
									},
									"children": [
										{
											"name": "barL3",
											"from": [ 0.0, 32.0, 0.0 ],
											"to": [ 2.0, 41.5, 2.0 ],
											"rotationOrigin": [ 1.0, 32.0, 1.0 ],
											"faces": {
												"north": { "texture": "#gate", "uv": [ 29.5, 6.0, 31.5, 15.5 ] },
												"east": { "texture": "#gate", "uv": [ 29.0, 6.5, 31.0, 16.0 ] },
												"south": { "texture": "#gate", "uv": [ 29.5, 4.0, 31.5, 13.5 ], "rotation": 180 },
												"west": { "texture": "#gate", "uv": [ 29.5, 1.0, 31.5, 10.5 ] }
											}
										}
									]
								},
								{
									"name": "barM1",
									"from": [ 29.0, 25.0, 0.3 ],
									"to": [ 31.0, 57.0, 2.3 ],
									"rotationOrigin": [ 30.0, 26.0, 1.3 ],
									"rotationZ": 45.0,
									"faces": {
										"north": { "texture": "#gate", "uv": [ 29.5, 0.0, 31.5, 32.0 ] },
										"east": { "texture": "#gate", "uv": [ 29.5, 0.0, 31.5, 32.0 ] },
										"south": { "texture": "#gate", "uv": [ 29.5, 0.0, 31.5, 32.0 ], "rotation": 180 },
										"west": { "texture": "#gate", "uv": [ 29.5, 0.0, 31.5, 32.0 ] }
									},
									"children": [
										{
											"name": "barM3",
											"from": [ 0.0, 32.0, 0.0 ],
											"to": [ 2.0, 41.5, 2.0 ],
											"rotationOrigin": [ 1.0, 32.0, 1.0 ],
											"faces": {
												"north": { "texture": "#gate", "uv": [ 29.5, 2.5, 31.5, 12.0 ] },
												"east": { "texture": "#gate", "uv": [ 29.5, 6.5, 31.5, 16.0 ] },
												"south": { "texture": "#gate", "uv": [ 29.5, 3.5, 31.5, 13.0 ], "rotation": 180 },
												"west": { "texture": "#gate", "uv": [ 29.5, 2.0, 31.5, 11.5 ] }
											}
										}
									]
								},
								{
									"name": "barN1",
									"from": [ 29.0, 35.5, 0.3 ],
									"to": [ 31.0, 67.5, 2.3 ],
									"rotationOrigin": [ 30.0, 36.5, 1.3 ],
									"rotationZ": 45.0,
									"faces": {
										"north": { "texture": "#gate", "uv": [ 29.5, 0.0, 31.5, 32.0 ] },
										"east": { "texture": "#gate", "uv": [ 29.5, 0.0, 31.5, 32.0 ] },
										"south": { "texture": "#gate", "uv": [ 29.5, 0.0, 31.5, 32.0 ], "rotation": 180 },
										"west": { "texture": "#gate", "uv": [ 29.5, 0.0, 31.5, 32.0 ] }
									},
									"children": [
										{
											"name": "barN3",
											"from": [ 0.0, 32.0, 0.0 ],
											"to": [ 2.0, 38.5, 2.0 ],
											"rotationOrigin": [ 1.0, 32.0, 1.0 ],
											"faces": {
												"north": { "texture": "#gate", "uv": [ 29.5, 9.5, 31.5, 16.0 ] },
												"east": { "texture": "#gate", "uv": [ 29.0, 14.5, 31.0, 21.0 ] },
												"south": { "texture": "#gate", "uv": [ 29.5, 9.0, 31.5, 15.5 ], "rotation": 180 },
												"west": { "texture": "#gate", "uv": [ 29.5, 5.5, 31.5, 12.0 ] }
											}
										}
									]
								},
								{
									"name": "barO1",
									"from": [ 29.0, 46.0, 0.3 ],
									"to": [ 31.0, 62.0, 2.3 ],
									"rotationOrigin": [ 30.0, 47.0, 1.3 ],
									"rotationZ": 45.0,
									"faces": {
										"north": { "texture": "#gate", "uv": [ 29.5, 10.5, 31.5, 26.5 ] },
										"east": { "texture": "#gate", "uv": [ 29.5, 0.5, 31.5, 16.5 ] },
										"south": { "texture": "#gate", "uv": [ 29.5, 5.5, 31.5, 21.5 ], "rotation": 180 },
										"west": { "texture": "#gate", "uv": [ 29.5, 9.5, 31.5, 25.5 ] }
									},
									"children": [
										{
											"name": "barO2",
											"from": [ 0.0, 16.0, 0.0 ],
											"to": [ 2.0, 24.0, 2.0 ],
											"rotationOrigin": [ 1.0, 16.0, 1.0 ],
											"faces": {
												"north": { "texture": "#gate", "uv": [ 29.5, 6.5, 31.5, 14.5 ] },
												"east": { "texture": "#gate", "uv": [ 29.5, 9.5, 31.5, 17.5 ] },
												"south": { "texture": "#gate", "uv": [ 29.5, 7.0, 31.5, 15.0 ], "rotation": 180 },
												"west": { "texture": "#gate", "uv": [ 29.5, 12.5, 31.5, 20.5 ] }
											}
										}
									]
								}
							]
						},
						{
							"name": "frameW1",
							"from": [ 0.0, 2.0, 0.0 ],
							"to": [ 2.0, 34.0, 3.0 ],
							"rotationOrigin": [ 0.0, 2.0, 1.5 ],
							"faces": {
								"north": { "texture": "#gate", "uv": [ 29.5, 0.0, 31.5, 32.0 ] },
								"east": { "texture": "#gate", "uv": [ 26.0, 0.0, 29.0, 32.0 ] },
								"south": { "texture": "#gate", "uv": [ 29.5, 0.0, 31.5, 32.0 ] },
								"west": { "texture": "#gate", "uv": [ 26.0, 0.0, 29.0, 32.0 ] }
							}
						},
						{
							"name": "frame-bottomE",
							"from": [ 0.0, 0.0, 0.0 ],
							"to": [ 32.0, 2.0, 3.0 ],
							"faces": {
								"north": { "texture": "#gate", "uv": [ 29.5, 0.0, 31.5, 32.0 ], "rotation": 90 },
								"east": { "texture": "#gate", "uv": [ 26.0, 11.5, 29.0, 13.5 ], "windMode": [-1,-1,-1,-1] },
								"south": { "texture": "#gate", "uv": [ 29.5, 0.0, 31.5, 32.0 ], "rotation": 90 },
								"west": { "texture": "#gate", "uv": [ 26.0, 9.0, 29.0, 11.0 ], "windMode": [-1,-1,-1,-1] },
								"up": { "texture": "#gate", "uv": [ 26.0, 0.0, 29.0, 32.0 ], "rotation": 90 },
								"down": { "texture": "#gate", "uv": [ 26.0, 0.0, 29.0, 32.0 ], "rotation": 90 }
							}
						},
						{
							"name": "frameE1",
							"from": [ 30.0, 2.0, 0.0 ],
							"to": [ 32.0, 34.0, 3.0 ],
							"rotationOrigin": [ 30.0, 2.0, 1.5 ],
							"faces": {
								"north": { "texture": "#gate", "uv": [ 29.5, 0.0, 31.5, 32.0 ] },
								"east": { "texture": "#gate", "uv": [ 26.0, 0.0, 29.0, 32.0 ] },
								"south": { "texture": "#gate", "uv": [ 29.5, 0.0, 31.5, 32.0 ] },
								"west": { "texture": "#gate", "uv": [ 26.0, 0.0, 29.0, 32.0 ] }
							}
						},
						{
							"name": "frame-topW",
							"from": [ 0.0, 62.0, 0.0 ],
							"to": [ 32.0, 64.0, 3.0 ],
							"rotationOrigin": [ 0.0, 63.0, 1.5 ],
							"faces": {
								"north": { "texture": "#gate", "uv": [ 29.5, 0.0, 31.5, 32.0 ], "rotation": 90 },
								"east": { "texture": "#gate", "uv": [ 26.0, 13.0, 29.0, 15.0 ], "windMode": [-1,-1,-1,-1], "windData": [3,4,4,3] },
								"south": { "texture": "#gate", "uv": [ 29.5, 0.0, 31.5, 32.0 ], "rotation": 90 },
								"west": { "texture": "#gate", "uv": [ 26.0, 7.0, 29.0, 9.0 ] },
								"up": { "texture": "#gate", "uv": [ 26.0, 0.0, 29.0, 32.0 ], "rotation": 90 },
								"down": { "texture": "#gate", "uv": [ 26.0, 0.0, 29.0, 32.0 ], "rotation": 90 }
							}
						},
						{
							"name": "frameW2",
							"from": [ 0.0, 34.0, 0.0 ],
							"to": [ 2.0, 62.0, 3.0 ],
							"rotationOrigin": [ 0.0, 34.0, 1.5 ],
							"faces": {
								"north": { "texture": "#gate", "uv": [ 29.5, 1.0, 31.5, 29.0 ] },
								"east": { "texture": "#gate", "uv": [ 26.0, 1.0, 29.0, 29.0 ] },
								"south": { "texture": "#gate", "uv": [ 29.5, 0.5, 31.5, 28.5 ] },
								"west": { "texture": "#gate", "uv": [ 26.0, 0.5, 29.0, 28.5 ] }
							}
						},
						{
							"name": "frameE2",
							"from": [ 30.0, 34.0, 0.0 ],
							"to": [ 32.0, 62.0, 3.0 ],
							"rotationOrigin": [ 30.0, 34.0, 1.5 ],
							"faces": {
								"north": { "texture": "#gate", "uv": [ 29.5, 0.0, 31.5, 28.0 ] },
								"east": { "texture": "#gate", "uv": [ 26.0, 0.0, 29.0, 28.0 ] },
								"south": { "texture": "#gate", "uv": [ 29.5, 0.0, 31.5, 28.0 ] },
								"west": { "texture": "#gate", "uv": [ 26.0, 0.0, 29.0, 28.0 ] }
							}
						},
						{
							"name": "rivet1",
							"from": [ 5.9, 6.0, 0.1 ],
							"to": [ 6.9, 7.0, 2.8 ],
							"rotationOrigin": [ 5.9, 6.0, 0.1 ],
							"faces": {
								"north": { "texture": "#gate", "uv": [ 24.0, 0.0, 25.0, 1.0 ] },
								"east": { "texture": "#gate", "uv": [ 24.0, 1.5, 25.0, 4.0 ], "rotation": 90 },
								"south": { "texture": "#gate", "uv": [ 24.0, 0.0, 25.0, 1.0 ] },
								"west": { "texture": "#gate", "uv": [ 24.0, 1.5, 25.0, 4.0 ], "rotation": 90 },
								"up": { "texture": "#gate", "uv": [ 24.0, 0.5, 25.0, 3.0 ] },
								"down": { "texture": "#gate", "uv": [ 24.0, 1.0, 25.0, 3.5 ] }
							}
						},
						{
							"name": "rivet2",
							"from": [ 16.0, 5.9, 0.1 ],
							"to": [ 17.0, 6.9, 2.8 ],
							"rotationOrigin": [ 16.0, 5.9, 0.1 ],
							"faces": {
								"north": { "texture": "#gate", "uv": [ 24.0, 0.0, 25.0, 1.0 ] },
								"east": { "texture": "#gate", "uv": [ 24.0, 1.5, 25.0, 4.0 ], "rotation": 90 },
								"south": { "texture": "#gate", "uv": [ 24.0, 0.0, 25.0, 1.0 ] },
								"west": { "texture": "#gate", "uv": [ 24.0, 1.5, 25.0, 4.0 ], "rotation": 90 },
								"up": { "texture": "#gate", "uv": [ 24.0, 0.5, 25.0, 3.0 ] },
								"down": { "texture": "#gate", "uv": [ 24.0, 1.0, 25.0, 3.5 ] }
							}
						},
						{
							"name": "rivet3",
							"from": [ 26.5, 6.6, 0.1 ],
							"to": [ 27.5, 7.6, 2.8 ],
							"rotationOrigin": [ 26.5, 6.6, 0.1 ],
							"faces": {
								"north": { "texture": "#gate", "uv": [ 24.0, 0.0, 25.0, 1.0 ] },
								"east": { "texture": "#gate", "uv": [ 24.0, 1.5, 25.0, 4.0 ], "rotation": 90 },
								"south": { "texture": "#gate", "uv": [ 24.0, 0.0, 25.0, 1.0 ] },
								"west": { "texture": "#gate", "uv": [ 24.0, 1.5, 25.0, 4.0 ], "rotation": 90 },
								"up": { "texture": "#gate", "uv": [ 24.0, 0.5, 25.0, 3.0 ] },
								"down": { "texture": "#gate", "uv": [ 24.0, 1.0, 25.0, 3.5 ] }
							}
						},
						{
							"name": "rivet4",
							"from": [ 26.9, 17.0, 0.1 ],
							"to": [ 27.9, 18.0, 2.8 ],
							"rotationOrigin": [ 26.9, 17.0, 0.1 ],
							"faces": {
								"north": { "texture": "#gate", "uv": [ 24.0, 0.0, 25.0, 1.0 ] },
								"east": { "texture": "#gate", "uv": [ 24.0, 1.5, 25.0, 4.0 ], "rotation": 90 },
								"south": { "texture": "#gate", "uv": [ 24.0, 0.0, 25.0, 1.0 ] },
								"west": { "texture": "#gate", "uv": [ 24.0, 1.5, 25.0, 4.0 ], "rotation": 90 },
								"up": { "texture": "#gate", "uv": [ 24.0, 0.5, 25.0, 3.0 ] },
								"down": { "texture": "#gate", "uv": [ 24.0, 1.0, 25.0, 3.5 ] }
							}
						},
						{
							"name": "rivet5",
							"from": [ 27.5, 27.4, 0.1 ],
							"to": [ 28.5, 28.4, 2.8 ],
							"rotationOrigin": [ 27.5, 27.4, 0.1 ],
							"faces": {
								"north": { "texture": "#gate", "uv": [ 24.0, 0.0, 25.0, 1.0 ] },
								"east": { "texture": "#gate", "uv": [ 24.0, 1.5, 25.0, 4.0 ], "rotation": 90 },
								"south": { "texture": "#gate", "uv": [ 24.0, 0.0, 25.0, 1.0 ] },
								"west": { "texture": "#gate", "uv": [ 24.0, 1.5, 25.0, 4.0 ], "rotation": 90 },
								"up": { "texture": "#gate", "uv": [ 24.0, 0.5, 25.0, 3.0 ] },
								"down": { "texture": "#gate", "uv": [ 24.0, 1.0, 25.0, 3.5 ] }
							}
						},
						{
							"name": "rivet6",
							"from": [ 27.3, 38.0, 0.1 ],
							"to": [ 28.3, 39.0, 2.8 ],
							"rotationOrigin": [ 27.3, 38.0, 0.1 ],
							"faces": {
								"north": { "texture": "#gate", "uv": [ 24.0, 0.0, 25.0, 1.0 ] },
								"east": { "texture": "#gate", "uv": [ 24.0, 1.5, 25.0, 4.0 ], "rotation": 90 },
								"south": { "texture": "#gate", "uv": [ 24.0, 0.0, 25.0, 1.0 ] },
								"west": { "texture": "#gate", "uv": [ 24.0, 1.5, 25.0, 4.0 ], "rotation": 90 },
								"up": { "texture": "#gate", "uv": [ 24.0, 0.5, 25.0, 3.0 ] },
								"down": { "texture": "#gate", "uv": [ 24.0, 1.0, 25.0, 3.5 ] }
							}
						},
						{
							"name": "rivet7",
							"from": [ 27.1, 48.7, 0.1 ],
							"to": [ 28.1, 49.7, 2.8 ],
							"rotationOrigin": [ 27.1, 48.7, 0.1 ],
							"faces": {
								"north": { "texture": "#gate", "uv": [ 24.0, 0.0, 25.0, 1.0 ] },
								"east": { "texture": "#gate", "uv": [ 24.0, 1.5, 25.0, 4.0 ], "rotation": 90 },
								"south": { "texture": "#gate", "uv": [ 24.0, 0.0, 25.0, 1.0 ] },
								"west": { "texture": "#gate", "uv": [ 24.0, 1.5, 25.0, 4.0 ], "rotation": 90 },
								"up": { "texture": "#gate", "uv": [ 24.0, 0.5, 25.0, 3.0 ] },
								"down": { "texture": "#gate", "uv": [ 24.0, 1.0, 25.0, 3.5 ] }
							}
						},
						{
							"name": "rivet8",
							"from": [ 27.2, 59.2, 0.1 ],
							"to": [ 28.2, 60.2, 2.8 ],
							"rotationOrigin": [ 27.2, 59.2, 0.1 ],
							"faces": {
								"north": { "texture": "#gate", "uv": [ 24.0, 0.0, 25.0, 1.0 ] },
								"east": { "texture": "#gate", "uv": [ 24.0, 1.5, 25.0, 4.0 ], "rotation": 90 },
								"south": { "texture": "#gate", "uv": [ 24.0, 0.0, 25.0, 1.0 ] },
								"west": { "texture": "#gate", "uv": [ 24.0, 1.5, 25.0, 4.0 ], "rotation": 90 },
								"up": { "texture": "#gate", "uv": [ 24.0, 0.5, 25.0, 3.0 ] },
								"down": { "texture": "#gate", "uv": [ 24.0, 1.0, 25.0, 3.5 ] }
							}
						},
						{
							"name": "rivet9",
							"from": [ 16.4, 16.5, 0.1 ],
							"to": [ 17.4, 17.5, 2.8 ],
							"rotationOrigin": [ 16.4, 16.5, 0.1 ],
							"faces": {
								"north": { "texture": "#gate", "uv": [ 24.0, 0.0, 25.0, 1.0 ] },
								"east": { "texture": "#gate", "uv": [ 24.0, 1.5, 25.0, 4.0 ], "rotation": 90 },
								"south": { "texture": "#gate", "uv": [ 24.0, 0.0, 25.0, 1.0 ] },
								"west": { "texture": "#gate", "uv": [ 24.0, 1.5, 25.0, 4.0 ], "rotation": 90 },
								"up": { "texture": "#gate", "uv": [ 24.0, 0.5, 25.0, 3.0 ] },
								"down": { "texture": "#gate", "uv": [ 24.0, 1.0, 25.0, 3.5 ] }
							}
						},
						{
							"name": "rivet10",
							"from": [ 16.7, 27.2, 0.1 ],
							"to": [ 17.7, 28.2, 2.8 ],
							"rotationOrigin": [ 16.7, 27.2, 0.1 ],
							"faces": {
								"north": { "texture": "#gate", "uv": [ 24.0, 0.0, 25.0, 1.0 ] },
								"east": { "texture": "#gate", "uv": [ 24.0, 1.5, 25.0, 4.0 ], "rotation": 90 },
								"south": { "texture": "#gate", "uv": [ 24.0, 0.0, 25.0, 1.0 ] },
								"west": { "texture": "#gate", "uv": [ 24.0, 1.5, 25.0, 4.0 ], "rotation": 90 },
								"up": { "texture": "#gate", "uv": [ 24.0, 0.5, 25.0, 3.0 ] },
								"down": { "texture": "#gate", "uv": [ 24.0, 1.0, 25.0, 3.5 ] }
							}
						},
						{
							"name": "rivet11",
							"from": [ 16.7, 38.2, 0.1 ],
							"to": [ 17.7, 39.2, 2.8 ],
							"rotationOrigin": [ 16.7, 38.2, 0.1 ],
							"faces": {
								"north": { "texture": "#gate", "uv": [ 24.0, 0.0, 25.0, 1.0 ] },
								"east": { "texture": "#gate", "uv": [ 24.0, 1.5, 25.0, 4.0 ], "rotation": 90 },
								"south": { "texture": "#gate", "uv": [ 24.0, 0.0, 25.0, 1.0 ] },
								"west": { "texture": "#gate", "uv": [ 24.0, 1.5, 25.0, 4.0 ], "rotation": 90 },
								"up": { "texture": "#gate", "uv": [ 24.0, 0.5, 25.0, 3.0 ] },
								"down": { "texture": "#gate", "uv": [ 24.0, 1.0, 25.0, 3.5 ] }
							}
						},
						{
							"name": "rivet12",
							"from": [ 16.7, 48.7, 0.1 ],
							"to": [ 17.7, 49.7, 2.8 ],
							"rotationOrigin": [ 16.7, 48.7, 0.1 ],
							"faces": {
								"north": { "texture": "#gate", "uv": [ 24.0, 0.0, 25.0, 1.0 ] },
								"east": { "texture": "#gate", "uv": [ 24.0, 1.5, 25.0, 4.0 ], "rotation": 90 },
								"south": { "texture": "#gate", "uv": [ 24.0, 0.0, 25.0, 1.0 ] },
								"west": { "texture": "#gate", "uv": [ 24.0, 1.5, 25.0, 4.0 ], "rotation": 90 },
								"up": { "texture": "#gate", "uv": [ 24.0, 0.5, 25.0, 3.0 ] },
								"down": { "texture": "#gate", "uv": [ 24.0, 1.0, 25.0, 3.5 ] }
							}
						},
						{
							"name": "rivet13",
							"from": [ 16.7, 59.2, 0.1 ],
							"to": [ 17.7, 60.2, 2.8 ],
							"rotationOrigin": [ 16.7, 59.2, 0.1 ],
							"faces": {
								"north": { "texture": "#gate", "uv": [ 24.0, 0.0, 25.0, 1.0 ] },
								"east": { "texture": "#gate", "uv": [ 24.0, 1.5, 25.0, 4.0 ], "rotation": 90 },
								"south": { "texture": "#gate", "uv": [ 24.0, 0.0, 25.0, 1.0 ] },
								"west": { "texture": "#gate", "uv": [ 24.0, 1.5, 25.0, 4.0 ], "rotation": 90 },
								"up": { "texture": "#gate", "uv": [ 24.0, 0.5, 25.0, 3.0 ] },
								"down": { "texture": "#gate", "uv": [ 24.0, 1.0, 25.0, 3.5 ] }
							}
						},
						{
							"name": "rivet14",
							"from": [ 5.7, 16.1, 0.1 ],
							"to": [ 6.7, 17.1, 2.8 ],
							"rotationOrigin": [ 5.7, 16.1, 0.1 ],
							"faces": {
								"north": { "texture": "#gate", "uv": [ 24.0, 0.0, 25.0, 1.0 ] },
								"east": { "texture": "#gate", "uv": [ 24.0, 1.5, 25.0, 4.0 ], "rotation": 90 },
								"south": { "texture": "#gate", "uv": [ 24.0, 0.0, 25.0, 1.0 ] },
								"west": { "texture": "#gate", "uv": [ 24.0, 1.5, 25.0, 4.0 ], "rotation": 90 },
								"up": { "texture": "#gate", "uv": [ 24.0, 0.5, 25.0, 3.0 ] },
								"down": { "texture": "#gate", "uv": [ 24.0, 1.0, 25.0, 3.5 ] }
							}
						},
						{
							"name": "rivet15",
							"from": [ 5.7, 27.2, 0.1 ],
							"to": [ 6.7, 28.2, 2.8 ],
							"rotationOrigin": [ 5.7, 27.2, 0.1 ],
							"faces": {
								"north": { "texture": "#gate", "uv": [ 24.0, 0.0, 25.0, 1.0 ] },
								"east": { "texture": "#gate", "uv": [ 24.0, 1.5, 25.0, 4.0 ], "rotation": 90 },
								"south": { "texture": "#gate", "uv": [ 24.0, 0.0, 25.0, 1.0 ] },
								"west": { "texture": "#gate", "uv": [ 24.0, 1.5, 25.0, 4.0 ], "rotation": 90 },
								"up": { "texture": "#gate", "uv": [ 24.0, 0.5, 25.0, 3.0 ] },
								"down": { "texture": "#gate", "uv": [ 24.0, 1.0, 25.0, 3.5 ] }
							}
						},
						{
							"name": "rivet16",
							"from": [ 5.8, 38.0, 0.1 ],
							"to": [ 6.8, 39.0, 2.8 ],
							"rotationOrigin": [ 5.8, 38.0, 0.1 ],
							"faces": {
								"north": { "texture": "#gate", "uv": [ 24.0, 0.0, 25.0, 1.0 ] },
								"east": { "texture": "#gate", "uv": [ 24.0, 1.5, 25.0, 4.0 ], "rotation": 90 },
								"south": { "texture": "#gate", "uv": [ 24.0, 0.0, 25.0, 1.0 ] },
								"west": { "texture": "#gate", "uv": [ 24.0, 1.5, 25.0, 4.0 ], "rotation": 90 },
								"up": { "texture": "#gate", "uv": [ 24.0, 0.5, 25.0, 3.0 ] },
								"down": { "texture": "#gate", "uv": [ 24.0, 1.0, 25.0, 3.5 ] }
							}
						},
						{
							"name": "rivet17",
							"from": [ 6.1, 48.7, 0.1 ],
							"to": [ 7.1, 49.7, 2.8 ],
							"rotationOrigin": [ 6.1, 48.7, 0.1 ],
							"faces": {
								"north": { "texture": "#gate", "uv": [ 24.0, 0.0, 25.0, 1.0 ] },
								"east": { "texture": "#gate", "uv": [ 24.0, 1.5, 25.0, 4.0 ], "rotation": 90 },
								"south": { "texture": "#gate", "uv": [ 24.0, 0.0, 25.0, 1.0 ] },
								"west": { "texture": "#gate", "uv": [ 24.0, 1.5, 25.0, 4.0 ], "rotation": 90 },
								"up": { "texture": "#gate", "uv": [ 24.0, 0.5, 25.0, 3.0 ] },
								"down": { "texture": "#gate", "uv": [ 24.0, 1.0, 25.0, 3.5 ] }
							}
						},
						{
							"name": "rivet18",
							"from": [ 6.4, 59.0, 0.1 ],
							"to": [ 7.4, 60.0, 2.8 ],
							"rotationOrigin": [ 6.4, 59.0, 0.1 ],
							"faces": {
								"north": { "texture": "#gate", "uv": [ 24.0, 0.0, 25.0, 1.0 ] },
								"east": { "texture": "#gate", "uv": [ 24.0, 1.5, 25.0, 4.0 ], "rotation": 90 },
								"south": { "texture": "#gate", "uv": [ 24.0, 0.0, 25.0, 1.0 ] },
								"west": { "texture": "#gate", "uv": [ 24.0, 1.5, 25.0, 4.0 ], "rotation": 90 },
								"up": { "texture": "#gate", "uv": [ 24.0, 0.5, 25.0, 3.0 ] },
								"down": { "texture": "#gate", "uv": [ 24.0, 1.0, 25.0, 3.5 ] }
							}
						},
						{
							"name": "rivet19",
							"from": [ 0.5, 0.5, -0.4 ],
							"to": [ 1.5, 1.5, 3.3 ],
							"rotationOrigin": [ 0.5, 0.5, -0.4 ],
							"faces": {
								"north": { "texture": "#gate", "uv": [ 24.0, 0.0, 25.0, 1.0 ] },
								"east": { "texture": "#gate", "uv": [ 24.0, 1.5, 25.0, 5.0 ], "rotation": 90 },
								"south": { "texture": "#gate", "uv": [ 24.0, 0.0, 25.0, 1.0 ] },
								"west": { "texture": "#gate", "uv": [ 24.0, 1.5, 25.0, 5.0 ], "rotation": 90 },
								"up": { "texture": "#gate", "uv": [ 24.0, 0.5, 25.0, 4.0 ] },
								"down": { "texture": "#gate", "uv": [ 24.0, 1.0, 25.0, 4.5 ] }
							}
						},
						{
							"name": "rivet20",
							"from": [ 11.5, 0.5, -0.4 ],
							"to": [ 12.5, 1.5, 3.3 ],
							"rotationOrigin": [ 11.5, 0.5, -0.4 ],
							"faces": {
								"north": { "texture": "#gate", "uv": [ 24.0, 0.0, 25.0, 1.0 ] },
								"east": { "texture": "#gate", "uv": [ 24.0, 1.5, 25.0, 5.0 ], "rotation": 90 },
								"south": { "texture": "#gate", "uv": [ 24.0, 0.0, 25.0, 1.0 ] },
								"west": { "texture": "#gate", "uv": [ 24.0, 1.5, 25.0, 5.0 ], "rotation": 90 },
								"up": { "texture": "#gate", "uv": [ 24.0, 0.5, 25.0, 4.0 ] },
								"down": { "texture": "#gate", "uv": [ 24.0, 1.0, 25.0, 4.5 ] }
							}
						},
						{
							"name": "rivet21",
							"from": [ 21.5, 0.5, -0.4 ],
							"to": [ 22.5, 1.5, 3.3 ],
							"rotationOrigin": [ 21.5, 0.5, -0.4 ],
							"faces": {
								"north": { "texture": "#gate", "uv": [ 24.0, 0.0, 25.0, 1.0 ] },
								"east": { "texture": "#gate", "uv": [ 24.0, 1.5, 25.0, 5.0 ], "rotation": 90 },
								"south": { "texture": "#gate", "uv": [ 24.0, 0.0, 25.0, 1.0 ] },
								"west": { "texture": "#gate", "uv": [ 24.0, 1.5, 25.0, 5.0 ], "rotation": 90 },
								"up": { "texture": "#gate", "uv": [ 24.0, 0.5, 25.0, 4.0 ] },
								"down": { "texture": "#gate", "uv": [ 24.0, 1.0, 25.0, 4.5 ] }
							}
						},
						{
							"name": "rivet22",
							"from": [ 30.5, 0.5, -0.4 ],
							"to": [ 31.5, 1.5, 3.3 ],
							"rotationOrigin": [ 30.5, 0.5, -0.4 ],
							"faces": {
								"north": { "texture": "#gate", "uv": [ 24.0, 0.0, 25.0, 1.0 ] },
								"east": { "texture": "#gate", "uv": [ 24.0, 1.5, 25.0, 5.0 ], "rotation": 90 },
								"south": { "texture": "#gate", "uv": [ 24.0, 0.0, 25.0, 1.0 ] },
								"west": { "texture": "#gate", "uv": [ 24.0, 1.5, 25.0, 5.0 ], "rotation": 90 },
								"up": { "texture": "#gate", "uv": [ 24.0, 0.5, 25.0, 4.0 ] },
								"down": { "texture": "#gate", "uv": [ 24.0, 1.0, 25.0, 4.5 ] }
							}
						},
						{
							"name": "rivet23",
							"from": [ 30.5, 12.0, -0.4 ],
							"to": [ 31.5, 13.0, 3.3 ],
							"rotationOrigin": [ 30.5, 12.0, -0.4 ],
							"faces": {
								"north": { "texture": "#gate", "uv": [ 24.0, 0.0, 25.0, 1.0 ] },
								"east": { "texture": "#gate", "uv": [ 24.0, 1.5, 25.0, 5.0 ], "rotation": 90 },
								"south": { "texture": "#gate", "uv": [ 24.0, 0.0, 25.0, 1.0 ] },
								"west": { "texture": "#gate", "uv": [ 24.0, 1.5, 25.0, 5.0 ], "rotation": 90 },
								"up": { "texture": "#gate", "uv": [ 24.0, 0.5, 25.0, 4.0 ] },
								"down": { "texture": "#gate", "uv": [ 24.0, 1.0, 25.0, 4.5 ] }
							}
						},
						{
							"name": "rivet24",
							"from": [ 30.5, 22.5, -0.4 ],
							"to": [ 31.5, 23.5, 3.3 ],
							"rotationOrigin": [ 30.5, 22.5, -0.4 ],
							"faces": {
								"north": { "texture": "#gate", "uv": [ 24.0, 0.0, 25.0, 1.0 ] },
								"east": { "texture": "#gate", "uv": [ 24.0, 1.5, 25.0, 5.0 ], "rotation": 90 },
								"south": { "texture": "#gate", "uv": [ 24.0, 0.0, 25.0, 1.0 ] },
								"west": { "texture": "#gate", "uv": [ 24.0, 1.5, 25.0, 5.0 ], "rotation": 90 },
								"up": { "texture": "#gate", "uv": [ 24.0, 0.5, 25.0, 4.0 ] },
								"down": { "texture": "#gate", "uv": [ 24.0, 1.0, 25.0, 4.5 ] }
							}
						},
						{
							"name": "rivet25",
							"from": [ 30.5, 33.0, -0.4 ],
							"to": [ 31.5, 34.0, 3.3 ],
							"rotationOrigin": [ 30.5, 33.0, -0.4 ],
							"faces": {
								"north": { "texture": "#gate", "uv": [ 24.0, 0.0, 25.0, 1.0 ] },
								"east": { "texture": "#gate", "uv": [ 24.0, 1.5, 25.0, 5.0 ], "rotation": 90 },
								"south": { "texture": "#gate", "uv": [ 24.0, 0.0, 25.0, 1.0 ] },
								"west": { "texture": "#gate", "uv": [ 24.0, 1.5, 25.0, 5.0 ], "rotation": 90 },
								"up": { "texture": "#gate", "uv": [ 24.0, 0.5, 25.0, 4.0 ] },
								"down": { "texture": "#gate", "uv": [ 24.0, 1.0, 25.0, 4.5 ] }
							}
						},
						{
							"name": "rivet26",
							"from": [ 30.5, 43.5, -0.4 ],
							"to": [ 31.5, 44.5, 3.3 ],
							"rotationOrigin": [ 30.5, 43.5, -0.4 ],
							"faces": {
								"north": { "texture": "#gate", "uv": [ 24.0, 0.0, 25.0, 1.0 ] },
								"east": { "texture": "#gate", "uv": [ 24.0, 1.5, 25.0, 5.0 ], "rotation": 90 },
								"south": { "texture": "#gate", "uv": [ 24.0, 0.0, 25.0, 1.0 ] },
								"west": { "texture": "#gate", "uv": [ 24.0, 1.5, 25.0, 5.0 ], "rotation": 90 },
								"up": { "texture": "#gate", "uv": [ 24.0, 0.5, 25.0, 4.0 ] },
								"down": { "texture": "#gate", "uv": [ 24.0, 1.0, 25.0, 4.5 ] }
							}
						},
						{
							"name": "rivet27",
							"from": [ 30.5, 54.0, -0.4 ],
							"to": [ 31.5, 55.0, 3.3 ],
							"rotationOrigin": [ 30.5, 54.0, -0.4 ],
							"faces": {
								"north": { "texture": "#gate", "uv": [ 24.0, 0.0, 25.0, 1.0 ] },
								"east": { "texture": "#gate", "uv": [ 24.0, 1.5, 25.0, 5.0 ], "rotation": 90 },
								"south": { "texture": "#gate", "uv": [ 24.0, 0.0, 25.0, 1.0 ] },
								"west": { "texture": "#gate", "uv": [ 24.0, 1.5, 25.0, 5.0 ], "rotation": 90 },
								"up": { "texture": "#gate", "uv": [ 24.0, 0.5, 25.0, 4.0 ] },
								"down": { "texture": "#gate", "uv": [ 24.0, 1.0, 25.0, 4.5 ] }
							}
						},
						{
							"name": "rivet28",
							"from": [ 30.5, 62.5, -0.4 ],
							"to": [ 31.5, 63.5, 3.3 ],
							"rotationOrigin": [ 30.5, 62.5, -0.4 ],
							"faces": {
								"north": { "texture": "#gate", "uv": [ 24.0, 0.0, 25.0, 1.0 ] },
								"east": { "texture": "#gate", "uv": [ 24.0, 1.5, 25.0, 5.0 ], "rotation": 90 },
								"south": { "texture": "#gate", "uv": [ 24.0, 0.0, 25.0, 1.0 ] },
								"west": { "texture": "#gate", "uv": [ 24.0, 1.5, 25.0, 5.0 ], "rotation": 90 },
								"up": { "texture": "#gate", "uv": [ 24.0, 0.5, 25.0, 4.0 ] },
								"down": { "texture": "#gate", "uv": [ 24.0, 1.0, 25.0, 4.5 ] }
							}
						},
						{
							"name": "rivet29",
							"from": [ 22.0, 62.5, -0.4 ],
							"to": [ 23.0, 63.5, 3.3 ],
							"rotationOrigin": [ 22.0, 62.5, -0.4 ],
							"faces": {
								"north": { "texture": "#gate", "uv": [ 24.0, 0.0, 25.0, 1.0 ] },
								"east": { "texture": "#gate", "uv": [ 24.0, 1.5, 25.0, 5.0 ], "rotation": 90 },
								"south": { "texture": "#gate", "uv": [ 24.0, 0.0, 25.0, 1.0 ] },
								"west": { "texture": "#gate", "uv": [ 24.0, 1.5, 25.0, 5.0 ], "rotation": 90 },
								"up": { "texture": "#gate", "uv": [ 24.0, 0.5, 25.0, 4.0 ] },
								"down": { "texture": "#gate", "uv": [ 24.0, 1.0, 25.0, 4.5 ] }
							}
						},
						{
							"name": "rivet30",
							"from": [ 12.0, 62.5, -0.4 ],
							"to": [ 13.0, 63.5, 3.3 ],
							"rotationOrigin": [ 12.0, 62.5, -0.4 ],
							"faces": {
								"north": { "texture": "#gate", "uv": [ 24.0, 0.0, 25.0, 1.0 ] },
								"east": { "texture": "#gate", "uv": [ 24.0, 1.5, 25.0, 5.0 ], "rotation": 90 },
								"south": { "texture": "#gate", "uv": [ 24.0, 0.0, 25.0, 1.0 ] },
								"west": { "texture": "#gate", "uv": [ 24.0, 1.5, 25.0, 5.0 ], "rotation": 90 },
								"up": { "texture": "#gate", "uv": [ 24.0, 0.5, 25.0, 4.0 ] },
								"down": { "texture": "#gate", "uv": [ 24.0, 1.0, 25.0, 4.5 ] }
							}
						},
						{
							"name": "rivet31",
							"from": [ 0.5, 62.5, -0.4 ],
							"to": [ 1.5, 63.5, 3.3 ],
							"rotationOrigin": [ 0.5, 62.5, -0.4 ],
							"faces": {
								"north": { "texture": "#gate", "uv": [ 24.0, 0.0, 25.0, 1.0 ] },
								"east": { "texture": "#gate", "uv": [ 24.0, 1.5, 25.0, 5.0 ], "rotation": 90 },
								"south": { "texture": "#gate", "uv": [ 24.0, 0.0, 25.0, 1.0 ] },
								"west": { "texture": "#gate", "uv": [ 24.0, 1.5, 25.0, 5.0 ], "rotation": 90 },
								"up": { "texture": "#gate", "uv": [ 24.0, 0.5, 25.0, 4.0 ] },
								"down": { "texture": "#gate", "uv": [ 24.0, 1.0, 25.0, 4.5 ] }
							}
						},
						{
							"name": "rivet32",
							"from": [ 0.5, 54.0, -0.4 ],
							"to": [ 1.5, 55.0, 3.3 ],
							"rotationOrigin": [ 0.5, 54.0, -0.4 ],
							"faces": {
								"north": { "texture": "#gate", "uv": [ 24.0, 0.0, 25.0, 1.0 ] },
								"east": { "texture": "#gate", "uv": [ 24.0, 1.5, 25.0, 5.0 ], "rotation": 90 },
								"south": { "texture": "#gate", "uv": [ 24.0, 0.0, 25.0, 1.0 ] },
								"west": { "texture": "#gate", "uv": [ 24.0, 1.5, 25.0, 5.0 ], "rotation": 90 },
								"up": { "texture": "#gate", "uv": [ 24.0, 0.5, 25.0, 4.0 ] },
								"down": { "texture": "#gate", "uv": [ 24.0, 1.0, 25.0, 4.5 ] }
							}
						},
						{
							"name": "rivet33",
							"from": [ 0.5, 43.5, -0.4 ],
							"to": [ 1.5, 44.5, 3.3 ],
							"rotationOrigin": [ 0.5, 43.5, -0.4 ],
							"faces": {
								"north": { "texture": "#gate", "uv": [ 24.0, 0.0, 25.0, 1.0 ] },
								"east": { "texture": "#gate", "uv": [ 24.0, 1.5, 25.0, 5.0 ], "rotation": 90 },
								"south": { "texture": "#gate", "uv": [ 24.0, 0.0, 25.0, 1.0 ] },
								"west": { "texture": "#gate", "uv": [ 24.0, 1.5, 25.0, 5.0 ], "rotation": 90 },
								"up": { "texture": "#gate", "uv": [ 24.0, 0.5, 25.0, 4.0 ] },
								"down": { "texture": "#gate", "uv": [ 24.0, 1.0, 25.0, 4.5 ] }
							}
						},
						{
							"name": "rivet34",
							"from": [ 0.5, 33.0, -0.4 ],
							"to": [ 1.5, 34.0, 3.3 ],
							"rotationOrigin": [ 30.5, 33.0, -0.4 ],
							"faces": {
								"north": { "texture": "#gate", "uv": [ 24.0, 0.0, 25.0, 1.0 ] },
								"east": { "texture": "#gate", "uv": [ 24.0, 1.5, 25.0, 5.0 ], "rotation": 90 },
								"south": { "texture": "#gate", "uv": [ 24.0, 0.0, 25.0, 1.0 ] },
								"west": { "texture": "#gate", "uv": [ 24.0, 1.5, 25.0, 5.0 ], "rotation": 90 },
								"up": { "texture": "#gate", "uv": [ 24.0, 0.5, 25.0, 4.0 ] },
								"down": { "texture": "#gate", "uv": [ 24.0, 1.0, 25.0, 4.5 ] }
							}
						},
						{
							"name": "rivet35",
							"from": [ 0.5, 22.5, -0.4 ],
							"to": [ 1.5, 23.5, 3.3 ],
							"rotationOrigin": [ 30.5, 22.5, -0.4 ],
							"faces": {
								"north": { "texture": "#gate", "uv": [ 24.0, 0.0, 25.0, 1.0 ] },
								"east": { "texture": "#gate", "uv": [ 24.0, 1.5, 25.0, 5.0 ], "rotation": 90 },
								"south": { "texture": "#gate", "uv": [ 24.0, 0.0, 25.0, 1.0 ] },
								"west": { "texture": "#gate", "uv": [ 24.0, 1.5, 25.0, 5.0 ], "rotation": 90 },
								"up": { "texture": "#gate", "uv": [ 24.0, 0.5, 25.0, 4.0 ] },
								"down": { "texture": "#gate", "uv": [ 24.0, 1.0, 25.0, 4.5 ] }
							}
						},
						{
							"name": "rivet36",
							"from": [ 0.5, 12.0, -0.4 ],
							"to": [ 1.5, 13.0, 3.3 ],
							"rotationOrigin": [ 30.5, 12.0, -0.4 ],
							"faces": {
								"north": { "texture": "#gate", "uv": [ 24.0, 0.0, 25.0, 1.0 ] },
								"east": { "texture": "#gate", "uv": [ 24.0, 1.5, 25.0, 5.0 ], "rotation": 90 },
								"south": { "texture": "#gate", "uv": [ 24.0, 0.0, 25.0, 1.0 ] },
								"west": { "texture": "#gate", "uv": [ 24.0, 1.5, 25.0, 5.0 ], "rotation": 90 },
								"up": { "texture": "#gate", "uv": [ 24.0, 0.5, 25.0, 4.0 ] },
								"down": { "texture": "#gate", "uv": [ 24.0, 1.0, 25.0, 4.5 ] }
							}
						},
						{
							"name": "rivet37",
							"from": [ 30.1, 17.0, -2.4 ],
							"to": [ 32.1, 18.0, 0.3 ],
							"rotationOrigin": [ 30.1, 17.0, -2.4 ],
							"faces": {
								"north": { "texture": "#gate", "uv": [ 28.0, 3.5, 29.0, 5.5 ], "rotation": 90 },
								"east": { "texture": "#gate", "uv": [ 27.5, 3.5, 28.5, 6.0 ], "rotation": 90 },
								"south": { "texture": "#gate", "uv": [ 27.5, 5.0, 28.5, 7.0 ], "rotation": 90 },
								"west": { "texture": "#gate", "uv": [ 27.0, 5.0, 28.0, 7.5 ], "rotation": 90 },
								"up": { "texture": "#gate", "uv": [ 26.0, 2.5, 28.0, 5.0 ] },
								"down": { "texture": "#gate", "uv": [ 26.0, 2.0, 28.0, 4.5 ] }
							}
						},
						{
							"name": "rivet38",
							"from": [ 30.11, 17.0, -2.5 ],
							"to": [ 32.09, 20.0, -1.5 ],
							"rotationOrigin": [ 60.1, 17.0, -2.5 ],
							"faces": {
								"north": { "texture": "#gate", "uv": [ 26.0, 1.0, 27.5, 4.0 ] },
								"east": { "texture": "#gate", "uv": [ 26.5, 3.5, 27.5, 6.5 ] },
								"south": { "texture": "#gate", "uv": [ 26.0, 1.5, 27.5, 4.5 ] },
								"west": { "texture": "#gate", "uv": [ 27.5, 2.5, 28.5, 5.5 ] },
								"up": { "texture": "#gate", "uv": [ 27.0, 1.5, 28.0, 3.0 ], "rotation": 90 },
								"down": { "texture": "#gate", "uv": [ 26.5, 2.0, 27.5, 3.5 ], "rotation": 90 }
							}
						},
						{
							"name": "hinge",
							"from": [ 0.0, 0.0, 0.0 ],
							"to": [ 1.0, 1.0, 1.0 ],
							"faces": {
							},
							"children": [
								{
									"name": "hinge1",
									"from": [ -0.2, 10.0, -0.2 ],
									"to": [ 0.8, 15.0, 0.8 ],
									"rotationOrigin": [ 29.8, 10.0, -0.2 ],
									"faces": {
										"north": { "texture": "#gate", "uv": [ 19.0, 1.0, 20.0, 6.0 ], "rotation": 180 },
										"east": { "texture": "#gate", "uv": [ 19.0, 1.5, 20.0, 6.5 ] },
										"south": { "texture": "#gate", "uv": [ 28.0, 5.5, 29.0, 10.5 ] },
										"west": { "texture": "#gate", "uv": [ 19.0, 1.5, 20.0, 6.5 ] },
										"up": { "texture": "#gate", "uv": [ 26.0, 2.5, 27.0, 3.5 ] },
										"down": { "texture": "#gate", "uv": [ 26.0, 2.0, 27.0, 3.0 ] }
									}
								},
								{
									"name": "hinge2",
									"from": [ -0.2, 31.0, -0.2 ],
									"to": [ 0.8, 36.0, 0.8 ],
									"rotationOrigin": [ 29.8, 31.0, -0.2 ],
									"faces": {
										"north": { "texture": "#gate", "uv": [ 19.0, 1.0, 20.0, 6.0 ], "rotation": 180 },
										"east": { "texture": "#gate", "uv": [ 19.0, 1.5, 20.0, 6.5 ] },
										"south": { "texture": "#gate", "uv": [ 28.0, 5.5, 29.0, 10.5 ] },
										"west": { "texture": "#gate", "uv": [ 19.0, 1.5, 20.0, 6.5 ] },
										"up": { "texture": "#gate", "uv": [ 26.0, 2.5, 27.0, 3.5 ] },
										"down": { "texture": "#gate", "uv": [ 26.0, 2.0, 27.0, 3.0 ] }
									}
								},
								{
									"name": "hinge3",
									"from": [ -0.2, 52.0, -0.2 ],
									"to": [ 0.8, 57.0, 0.8 ],
									"rotationOrigin": [ 29.8, 52.0, -0.2 ],
									"faces": {
										"north": { "texture": "#gate", "uv": [ 19.0, 1.0, 20.0, 6.0 ], "rotation": 180 },
										"east": { "texture": "#gate", "uv": [ 19.0, 1.5, 20.0, 6.5 ] },
										"south": { "texture": "#gate", "uv": [ 28.0, 5.5, 29.0, 10.5 ] },
										"west": { "texture": "#gate", "uv": [ 19.0, 1.5, 20.0, 6.5 ] },
										"up": { "texture": "#gate", "uv": [ 26.0, 2.5, 27.0, 3.5 ] },
										"down": { "texture": "#gate", "uv": [ 26.0, 2.0, 27.0, 3.0 ] }
									}
								}
							]
						}
					]
				},
				{
					"name": "WOOD",
					"from": [ 0.0, 0.0, 0.0 ],
					"to": [ 0.0, 0.0, 0.0 ],
					"faces": {
					},
					"children": [
						{
							"name": "FRAME1",
							"from": [ -8.0, 0.0, 6.0 ],
							"to": [ 8.0, 32.0, 7.0 ],
							"rotationOrigin": [ -8.0, 49.0, 6.0 ],
							"faces": {
								"north": { "texture": "#gate", "uv": [ 0.0, 0.0, 16.0, 32.0 ] },
								"south": { "texture": "#gate", "uv": [ 0.0, 0.0, 16.0, 32.0 ] }
							}
						},
						{
							"name": "FRAME2",
							"from": [ -8.0, 32.0, 6.0 ],
							"to": [ 8.0, 64.0, 7.0 ],
							"rotationOrigin": [ -8.0, 81.0, 6.0 ],
							"faces": {
								"north": { "texture": "#gate", "uv": [ 0.0, 0.0, 16.0, 32.0 ] },
								"south": { "texture": "#gate", "uv": [ 0.0, 0.0, 16.0, 32.0 ] }
							}
						},
						{
							"name": "FRAME3",
							"from": [ 8.0, 32.0, 6.0 ],
							"to": [ 24.0, 64.0, 7.0 ],
							"rotationOrigin": [ 8.0, 81.0, 6.0 ],
							"faces": {
								"north": { "texture": "#gate", "uv": [ 0.0, 0.0, 16.0, 32.0 ] },
								"south": { "texture": "#gate", "uv": [ 0.0, 0.0, 16.0, 32.0 ] }
							}
						},
						{
							"name": "FRAME4",
							"from": [ 8.0, 0.0, 6.0 ],
							"to": [ 24.0, 32.0, 7.0 ],
							"rotationOrigin": [ 8.0, 81.0, 6.0 ],
							"faces": {
								"north": { "texture": "#gate", "uv": [ 0.0, 0.0, 16.0, 32.0 ] },
								"south": { "texture": "#gate", "uv": [ 0.0, 0.0, 16.0, 32.0 ] }
							}
						}
					]
				}
			]
		}
	],
	"animations": [
		{
			"name": "opened",
			"code": "opened",
			"quantityframes": 2,
			"onActivityStopped": "Rewind",
			"onAnimationEnd": "Hold",
			"keyframes": [
				{
					"frame": 0,
					"elements": {
						"origin": { "rotationX": 0.0, "rotationY": 88.0, "rotationZ": 0.0 }
					}
				}
			]
		}
	]
}