{
	"editor": {
		"collapsedPaths": "Root/door_frame/InnerPannel,Root/door_frame/frame,Root/frame,Root/frame/InnerPannel,Root/aceesories,Root/frame/frame",
		"allAngles": false,
		"entityTextureMode": false
	},
	"textureWidth": 32,
	"textureHeight": 32,
	"textureSizes": {
	},
	"textures": {
	},
	"elements": [
		{
			"name": "door",
			"from": [ -13.5, 0.0, -13.25 ],
			"to": [ -13.5, 0.0, -13.25 ],
			"rotationOrigin": [ 1.25, 0.0, 14.75 ],
			"rotationY": -180.0,
			"faces": {
			},
			"children": [
				{
					"name": "frame",
					"from": [ 0.0, 0.0, 0.0 ],
					"to": [ 0.0, 0.0, 0.0 ],
					"rotationOrigin": [ 8.0, 0.0, 28.0 ],
					"faces": {
					},
					"children": [
						{
							"name": "bottom0",
							"from": [ 0.0, 0.0, 26.75 ],
							"to": [ 16.0, 2.0, 29.25 ],
							"rotationOrigin": [ 8.0, 0.0, 28.0 ],
							"faces": {
								"north": { "texture": "#solid", "uv": [ 0.0, 30.0, 16.0, 32.0 ], "autoUv": false },
								"east": { "texture": "#solid", "uv": [ 22.0, 30.0, 24.5, 32.0 ], "autoUv": false },
								"south": { "texture": "#solid", "uv": [ 0.0, 30.0, 16.0, 32.0 ], "autoUv": false },
								"west": { "texture": "#solid", "uv": [ 22.0, 30.0, 24.5, 32.0 ], "autoUv": false },
								"up": { "texture": "#solid", "uv": [ 25.0, 12.5, 27.5, 28.5 ], "rotation": 90, "autoUv": false },
								"down": { "texture": "#solid", "uv": [ 25.0, 25.5, 27.5, 9.5 ], "rotation": 90, "autoUv": false }
							}
						},
						{
							"name": "top1",
							"from": [ 0.0, 31.0, 26.75 ],
							"to": [ 16.0, 32.0, 29.25 ],
							"rotationOrigin": [ 8.0, 0.0, 28.0 ],
							"faces": {
								"north": { "texture": "#solid", "uv": [ 0.0, 0.0, 16.0, 1.0 ], "autoUv": false },
								"east": { "texture": "#solid", "uv": [ 22.0, 0.0, 24.5, 1.0 ], "autoUv": false },
								"south": { "texture": "#solid", "uv": [ 0.0, 0.0, 16.0, 1.0 ], "autoUv": false },
								"west": { "texture": "#solid", "uv": [ 22.0, 0.0, 24.5, 1.0 ], "autoUv": false },
								"up": { "texture": "#solid", "uv": [ 25.0, 4.5, 27.5, 20.5 ], "rotation": 90, "autoUv": false },
								"down": { "texture": "#solid", "uv": [ 25.0, 6.5, 27.5, 22.5 ], "rotation": 90, "autoUv": false }
							}
						},
						{
							"name": "side15",
							"from": [ 0.0, 2.0, 26.75 ],
							"to": [ 1.0, 31.0, 29.25 ],
							"rotationOrigin": [ 8.0, 0.0, 28.0 ],
							"faces": {
								"north": { "texture": "#solid", "uv": [ 15.0, 1.0, 16.0, 30.0 ], "autoUv": false },
								"east": { "texture": "#solid", "uv": [ 25.0, 3.0, 27.5, 32.0 ], "autoUv": false },
								"south": { "texture": "#solid", "uv": [ 15.0, 1.0, 16.0, 30.0 ], "autoUv": false },
								"west": { "texture": "#solid", "uv": [ 25.0, 1.0, 27.5, 30.0 ], "autoUv": false },
								"up": { "texture": "#solid", "uv": [ 0.0, 10.0, 16.0, 12.5 ], "autoUv": false },
								"down": { "texture": "#solid", "uv": [ 0.0, 0.5, 16.0, 3.0 ], "autoUv": false }
							}
						},
						{
							"name": "base6",
							"from": [ 0.01, 0.01, 27.0 ],
							"to": [ 15.99, 31.99, 29.0 ],
							"rotationOrigin": [ 8.0, 0.0, 28.0 ],
							"faces": {
								"north": { "texture": "#solid", "uv": [ 0.0, 0.02, 15.98, 32.0 ], "autoUv": false },
								"east": { "texture": "#solid", "uv": [ 23.5, 0.0, 21.5, 31.98 ], "autoUv": false },
								"south": { "texture": "#solid", "uv": [ 15.98, 0.02, 0.0, 32.0 ], "autoUv": false },
								"west": { "texture": "#solid", "uv": [ 22.0, 0.0, 24.0, 31.98 ], "autoUv": false },
								"up": { "texture": "#solid", "uv": [ 25.5, 25.48, 27.5, 9.5 ], "rotation": 90, "autoUv": false },
								"down": { "texture": "#solid", "uv": [ 0.0, 0.0, 15.98, 2.0 ], "autoUv": false }
							}
						},
						{
							"name": "side27",
							"from": [ 15.0, 2.0, 26.75 ],
							"to": [ 16.0, 31.0, 29.25 ],
							"rotationOrigin": [ 8.0, 0.0, 28.0 ],
							"faces": {
								"north": { "texture": "#solid", "uv": [ 0.0, 1.0, 1.0, 30.0 ], "autoUv": false },
								"east": { "texture": "#solid", "uv": [ 22.0, 1.0, 24.5, 30.0 ], "autoUv": false },
								"south": { "texture": "#solid", "uv": [ 0.0, 1.0, 1.0, 30.0 ], "autoUv": false },
								"west": { "texture": "#solid", "uv": [ 22.0, 1.0, 24.5, 30.0 ], "autoUv": false },
								"up": { "texture": "#solid", "uv": [ 0.0, 10.0, 16.0, 12.5 ], "autoUv": false },
								"down": { "texture": "#solid", "uv": [ 0.0, 0.5, 16.0, 3.0 ], "autoUv": false }
							}
						}
					]
				},
				{
					"name": "handle1",
					"from": [ 0.0, 0.0, 0.0 ],
					"to": [ 0.0, 0.0, 0.0 ],
					"rotationOrigin": [ 9.5, -0.5, 28.075 ],
					"faces": {
					},
					"children": [
						{
							"name": "handle12",
							"from": [ 1.5, 12.5, 26.6 ],
							"to": [ 5.0, 16.0, 26.6 ],
							"rotationOrigin": [ 9.5, -0.5, 27.875 ],
							"renderPass": 2,
							"faces": {
								"north": {
									"texture": "#solid",
									"uv": [ 17.0, 10.0, 20.5, 13.5 ],
									"autoUv": false
								}
							}
						},
						{
							"name": "handle23",
							"from": [ 3.25, 15.0, 26.175 ],
							"to": [ 3.25, 16.5, 27.175 ],
							"rotationOrigin": [ 9.5, -0.5, 28.075 ],
							"renderPass": 2,
							"faces": {
								"west": {
									"texture": "#solid",
									"uv": [ 18.5, 10.5, 19.5, 9.0 ],
									"autoUv": false
								}
							}
						},
						{
							"name": "handle44",
							"from": [ 2.5, 15.5, 26.825 ],
							"to": [ 4.0, 17.0, 27.325 ],
							"rotationOrigin": [ 9.5, -0.5, 28.075 ],
							"faces": {
								"north": { "texture": "#solid", "uv": [ 18.0, 8.0, 19.5, 9.5 ], "autoUv": false },
								"east": { "texture": "#solid", "uv": [ 18.0, 8.0, 19.5, 9.5 ], "autoUv": false },
								"south": { "texture": "#solid", "uv": [ 18.0, 8.0, 19.5, 9.5 ], "autoUv": false },
								"west": { "texture": "#solid", "uv": [ 18.0, 8.0, 19.5, 9.5 ], "autoUv": false },
								"up": { "texture": "#solid", "uv": [ 18.0, 8.0, 19.5, 9.5 ], "autoUv": false },
								"down": { "texture": "#solid", "uv": [ 18.0, 8.0, 19.5, 9.5 ], "autoUv": false }
							}
						}
					]
				},
				{
					"name": "handle2",
					"from": [ 0.0, 0.0, 0.0 ],
					"to": [ 0.0, 0.0, 0.0 ],
					"rotationOrigin": [ 3.25, 15.4167, 29.3167 ],
					"rotationY": -180.0,
					"faces": {
					},
					"children": [
						{
							"name": "handle28",
							"from": [ 1.5, 12.5, 29.2 ],
							"to": [ 5.0, 16.0, 29.2 ],
							"rotationOrigin": [ 9.5, -0.5, 30.475 ],
							"renderPass": 2,
							"faces": {
								"north": {
									"texture": "#solid",
									"uv": [ 17.0, 10.0, 20.5, 13.5 ],
									"autoUv": false
								}
							}
						},
						{
							"name": "handle39",
							"from": [ 3.25, 15.0, 28.675 ],
							"to": [ 3.25, 16.5, 29.675 ],
							"rotationOrigin": [ 9.5, -0.5, 30.575 ],
							"renderPass": 2,
							"faces": {
								"west": {
									"texture": "#solid",
									"uv": [ 18.5, 10.5, 19.5, 9.0 ],
									"autoUv": false
								}
							}
						},
						{
							"name": "handle510",
							"from": [ 2.5, 15.5, 29.325 ],
							"to": [ 4.0, 17.0, 29.825 ],
							"rotationOrigin": [ 9.5, -0.5, 30.575 ],
							"faces": {
								"north": { "texture": "#solid", "uv": [ 18.0, 8.0, 19.5, 9.5 ], "autoUv": false },
								"east": { "texture": "#solid", "uv": [ 18.0, 8.0, 19.5, 9.5 ], "autoUv": false },
								"south": { "texture": "#solid", "uv": [ 18.0, 8.0, 19.5, 9.5 ], "autoUv": false },
								"west": { "texture": "#solid", "uv": [ 18.0, 8.0, 19.5, 9.5 ], "autoUv": false },
								"up": { "texture": "#solid", "uv": [ 18.0, 8.0, 19.5, 9.5 ], "autoUv": false },
								"down": { "texture": "#solid", "uv": [ 18.0, 8.0, 19.5, 9.5 ], "autoUv": false }
							}
						}
					]
				}
			]
		}
	],
	"animations": [
		{
			"name": "opened",
			"code": "opened",
			"quantityframes": 2,
			"onActivityStopped": "Rewind",
			"onAnimationEnd": "Hold",
			"keyframes": [
				{
					"frame": 0,
					"elements": {
						"door": { "offsetX": 0.0, "offsetY": 0.0, "offsetZ": 0.0, "rotationX": 0.0, "rotationY": 90.0, "rotationZ": 0.0 }
					}
				}
			]
		}
	]
}