{
	"editor": {
		"collapsedPaths": "Root/door_frame/InnerPannel,Root/door_frame/frame,Root/frame,Root/frame/InnerPannel,Root/aceesories,Root/frame/frame",
		"allAngles": false,
		"entityTextureMode": false
	},
	"textureWidth": 32,
	"textureHeight": 32,
	"textureSizes": {
	},
	"textures": {

	},
	"elements": [
		{
			"name": "door",
			"from": [ -13.5, 0.0, -13.25 ],
			"to": [ -13.5, 0.0, -13.25 ],
			"rotationOrigin": [ 1.25, 0.0, 14.75 ],
			"rotationY": -180.0,
			"faces": {
			},
			"children": [
				{
					"name": "frame",
					"from": [ 0.0, 0.0, 0.0 ],
					"to": [ 0.0, 0.0, 0.0 ],
					"rotationOrigin": [ 8.0, 0.0, 28.0 ],
					"faces": {
					},
					"children": [
						{
							"name": "bottom0",
							"from": [ 0.0, 0.0, 26.75 ],
							"to": [ 16.0, 1.5, 29.25 ],
							"rotationOrigin": [ 8.0, 0.0, 28.0 ],
							"faces": {
								"north": { "texture": "#solid", "uv": [ 0.0, 30.5, 16.0, 32.0 ], "autoUv": false },
								"east": { "texture": "#solid", "uv": [ 11.5, 30.5, 14.0, 32.0 ], "autoUv": false },
								"south": { "texture": "#solid", "uv": [ 0.0, 30.5, 16.0, 32.0 ], "autoUv": false },
								"west": { "texture": "#solid", "uv": [ 11.5, 30.5, 14.0, 32.0 ], "autoUv": false },
								"up": { "texture": "#solid", "uv": [ 16.0, 29.5, 32.0, 32.0 ], "autoUv": false },
								"down": { "texture": "#solid", "uv": [ 16.0, 8.5, 0.0, 11.0 ], "autoUv": false }
							}
						},
						{
							"name": "base4",
							"from": [ 0.01, 0.01, 27.0 ],
							"to": [ 15.99, 31.99, 29.0 ],
							"rotationOrigin": [ 8.0, 0.0, 28.0 ],
							"faces": {
								"north": { "texture": "#solid", "uv": [ 0.0, 0.02, 15.98, 32.0 ], "autoUv": false },
								"east": { "texture": "#solid", "uv": [ 10.0, 0.0, 8.0, 31.98 ], "autoUv": false },
								"south": { "texture": "#solid", "uv": [ 15.98, 0.02, 0.0, 32.0 ], "autoUv": false },
								"west": { "texture": "#solid", "uv": [ 8.0, 0.0, 10.0, 31.98 ], "autoUv": false },
								"up": { "texture": "#solid", "uv": [ 16.0, 1.5, 0.02, 3.5 ], "autoUv": false },
								"down": { "texture": "#solid", "uv": [ 0.0, 0.0, 15.98, 2.0 ], "autoUv": false }
							}
						},
						{
							"name": "angle8",
							"from": [ 6.76, 0.46, 29.0 ],
							"to": [ 8.76, 22.46, 29.49 ],
							"rotationOrigin": [ 1.01, 16.0, 32.25 ],
							"rotationZ": 32.5,
							"faces": {
								"north": { "texture": "#solid", "uv": [ 1.0, 0.02, 3.0, 21.02 ], "autoUv": false },
								"east": { "texture": "#solid", "uv": [ 8.99, 0.0, 8.5, 21.0 ], "autoUv": false },
								"south": { "texture": "#solid", "uv": [ 8.5, 0.02, 6.5, 22.02 ], "autoUv": false },
								"west": { "texture": "#solid", "uv": [ 8.0, 2.0, 8.49, 23.0 ], "autoUv": false },
								"up": { "texture": "#solid", "uv": [ 2.02, 4.5, 2.51, 2.5 ], "rotation": 90, "autoUv": false },
								"down": { "texture": "#solid", "uv": [ 0.0, 0.0, 15.98, 2.0 ], "autoUv": false }
							}
						},
						{
							"name": "board19",
							"from": [ 0.01, 6.01, 29.0 ],
							"to": [ 16.01, 8.01, 29.5 ],
							"rotationOrigin": [ 1.01, 16.0, 32.25 ],
							"faces": {
								"north": { "texture": "#solid", "uv": [ 0.0, 0.02, 15.98, 32.0 ], "autoUv": false },
								"east": { "texture": "#solid", "uv": [ 14.0, 1.0, 13.5, 3.0 ], "autoUv": false },
								"south": { "texture": "#solid", "uv": [ 6.5, 17.02, 8.5, 1.02 ], "rotation": 90, "autoUv": false },
								"west": { "texture": "#solid", "uv": [ 22.5, 0.0, 22.0, 2.0 ], "autoUv": false },
								"up": { "texture": "#solid", "uv": [ 3.02, 30.5, 3.52, 14.5 ], "rotation": 90, "autoUv": false },
								"down": { "texture": "#solid", "uv": [ 8.0, 0.0, 8.5, 16.0 ], "rotation": 90, "autoUv": false }
							}
						},
						{
							"name": "board110",
							"from": [ 0.01, 24.26, 29.0 ],
							"to": [ 16.01, 26.26, 29.5 ],
							"rotationOrigin": [ 1.01, 16.0, 32.25 ],
							"faces": {
								"north": { "texture": "#solid", "uv": [ 0.0, 0.02, 15.98, 32.0 ], "autoUv": false },
								"east": { "texture": "#solid", "uv": [ 14.5, 0.0, 14.0, 2.0 ], "autoUv": false },
								"south": { "texture": "#solid", "uv": [ 2.0, 20.52, 4.0, 6.02 ], "rotation": 90, "autoUv": false },
								"west": { "texture": "#solid", "uv": [ 22.0, 0.0, 22.5, 2.0 ], "autoUv": false },
								"up": { "texture": "#solid", "uv": [ 3.02, 29.5, 3.52, 13.5 ], "rotation": 90, "autoUv": false },
								"down": { "texture": "#solid", "uv": [ 8.0, 0.5, 8.5, 16.5 ], "rotation": 90, "autoUv": false }
							}
						},
						{
							"name": "hinge11",
							"from": [ 0.01, 22.01, 26.99 ],
							"to": [ 16.01, 28.51, 26.99 ],
							"rotationOrigin": [ 1.01, 16.0, 32.25 ],
							"faces": {
								"north": { "texture": "#solid", "uv": [ 16.0, 0.02, 32.0, 6.52 ], "autoUv": false },
								"east": { "texture": "#solid", "uv": [ 22.0, 0.0, 14.0, 31.98 ], "autoUv": false },
								"south": { "texture": "#solid", "uv": [ 32.0, 0.0, 16.0, 6.5 ], "autoUv": false },
								"west": { "texture": "#solid", "uv": [ 22.0, 0.0, 24.0, 31.98 ], "autoUv": false },
								"up": { "texture": "#solid", "uv": [ 16.0, 1.5, 0.02, 3.5 ], "autoUv": false },
								"down": { "texture": "#solid", "uv": [ 0.0, 0.0, 15.98, 2.0 ], "autoUv": false }
							}
						},
						{
							"name": "hinge12",
							"from": [ 0.01, 4.01, 26.99 ],
							"to": [ 16.01, 10.51, 26.99 ],
							"rotationOrigin": [ 1.01, 16.0, 32.25 ],
							"faces": {
								"north": { "texture": "#solid", "uv": [ 16.0, 22.02, 32.0, 28.52 ], "autoUv": false },
								"east": { "texture": "#solid", "uv": [ 22.0, 0.0, 14.0, 31.98 ], "autoUv": false },
								"south": { "texture": "#solid", "uv": [ 32.0, 0.0, 16.0, 6.5 ], "autoUv": false },
								"west": { "texture": "#solid", "uv": [ 22.0, 0.0, 24.0, 31.98 ], "autoUv": false },
								"up": { "texture": "#solid", "uv": [ 16.0, 1.5, 0.02, 3.5 ], "autoUv": false },
								"down": { "texture": "#solid", "uv": [ 0.0, 0.0, 15.98, 2.0 ], "autoUv": false }
							}
						},
						{
							"name": "hinge313",
							"from": [ 14.5, 23.55, 27.0 ],
							"to": [ 16.0, 27.05, 28.99 ],
							"rotationOrigin": [ 0.75, 16.25, 15.05 ],
							"faces": {
								"north": { "texture": "#solid", "uv": [ 16.5, 8.0, 18.0, 11.5 ], "autoUv": false },
								"east": { "texture": "#solid", "uv": [ 16.5, 9.0, 18.5, 12.5 ], "autoUv": false },
								"south": { "texture": "#solid", "uv": [ 16.5, 8.5, 18.0, 12.0 ], "autoUv": false },
								"west": { "texture": "#solid", "uv": [ 16.5, 8.5, 18.0, 12.0 ], "autoUv": false },
								"up": { "texture": "#solid", "uv": [ 16.5, 8.5, 18.0, 12.0 ], "autoUv": false },
								"down": { "texture": "#solid", "uv": [ 16.5, 8.5, 18.0, 12.0 ], "autoUv": false }
							}
						},
						{
							"name": "hinge414",
							"from": [ 14.5, 5.55, 27.0 ],
							"to": [ 16.0, 9.05, 28.99 ],
							"rotationOrigin": [ 0.75, 16.25, 15.05 ],
							"faces": {
								"north": { "texture": "#solid", "uv": [ 16.5, 8.0, 18.0, 11.5 ], "autoUv": false },
								"east": { "texture": "#solid", "uv": [ 16.5, 9.0, 18.5, 12.5 ], "autoUv": false },
								"south": { "texture": "#solid", "uv": [ 16.5, 8.5, 18.0, 12.0 ], "autoUv": false },
								"west": { "texture": "#solid", "uv": [ 16.5, 8.5, 18.0, 12.0 ], "autoUv": false },
								"up": { "texture": "#solid", "uv": [ 16.5, 8.5, 18.0, 12.0 ], "autoUv": false },
								"down": { "texture": "#solid", "uv": [ 16.5, 8.5, 18.0, 12.0 ], "autoUv": false }
							}
						}
					]
				},
				{
					"name": "handle1",
					"from": [ 0.0, 0.0, 0.0 ],
					"to": [ 0.0, 0.0, 0.0 ],
					"rotationOrigin": [ 9.5, -0.5, 28.075 ],
					"faces": {
					},
					"children": [
						{
							"name": "handle11",
							"from": [ 1.5, 12.5, 26.8 ],
							"to": [ 5.0, 16.0, 26.8 ],
							"rotationOrigin": [ 9.5, -0.5, 28.075 ],
							"renderPass": 2,
							"faces": {
								"north": {
									"texture": "#solid",
									"uv": [ 19.0, 10.5, 22.5, 14.0 ],
									"autoUv": false
								}
							}
						},
						{
							"name": "handle22",
							"from": [ 3.25, 15.0, 26.175 ],
							"to": [ 3.25, 16.5, 27.175 ],
							"rotationOrigin": [ 9.5, -0.5, 28.075 ],
							"renderPass": 2,
							"faces": {
								"west": {
									"texture": "#solid",
									"uv": [ 20.5, 11.0, 21.5, 9.5 ],
									"autoUv": false
								}
							}
						},
						{
							"name": "handle43",
							"from": [ 2.5, 15.5, 26.825 ],
							"to": [ 4.0, 17.0, 27.325 ],
							"rotationOrigin": [ 9.5, -0.5, 28.075 ],
							"faces": {
								"north": { "texture": "#solid", "uv": [ 20.0, 8.5, 21.5, 10.0 ] },
								"east": { "texture": "#solid", "uv": [ 20.0, 8.5, 20.5, 10.0 ] },
								"south": { "texture": "#solid", "uv": [ 20.0, 8.5, 21.5, 10.0 ] },
								"west": { "texture": "#solid", "uv": [ 20.0, 8.5, 20.5, 10.0 ] },
								"up": { "texture": "#solid", "uv": [ 20.0, 8.5, 21.5, 9.0 ] },
								"down": { "texture": "#solid", "uv": [ 20.0, 9.0, 21.5, 9.5 ] }
							}
						}
					]
				},
				{
					"name": "handle2",
					"from": [ 0.0, 0.0, 0.0 ],
					"to": [ 0.0, 0.0, 0.0 ],
					"rotationOrigin": [ 3.25, 15.4167, 29.3167 ],
					"rotationY": -180.0,
					"faces": {
					},
					"children": [
						{
							"name": "handle25",
							"from": [ 1.5, 12.5, 29.3 ],
							"to": [ 5.0, 16.0, 29.3 ],
							"rotationOrigin": [ 9.5, -0.5, 30.575 ],
							"renderPass": 2,
							"faces": {
								"north": {
									"texture": "#solid",
									"uv": [ 19.0, 10.5, 22.5, 14.0 ],
									"autoUv": false
								}
							}
						},
						{
							"name": "handle36",
							"from": [ 3.25, 15.0, 28.675 ],
							"to": [ 3.25, 16.5, 29.675 ],
							"rotationOrigin": [ 9.5, -0.5, 30.575 ],
							"renderPass": 2,
							"faces": {
								"west": {
									"texture": "#solid",
									"uv": [ 20.5, 11.0, 21.5, 9.5 ],
									"autoUv": false
								}
							}
						},
						{
							"name": "handle57",
							"from": [ 2.5, 15.5, 29.325 ],
							"to": [ 4.0, 17.0, 29.825 ],
							"rotationOrigin": [ 9.5, -0.5, 30.575 ],
							"faces": {
								"north": { "texture": "#solid", "uv": [ 20.0, 8.5, 21.5, 10.0 ] },
								"east": { "texture": "#solid", "uv": [ 20.0, 8.5, 20.5, 10.0 ] },
								"south": { "texture": "#solid", "uv": [ 20.0, 8.5, 21.5, 10.0 ] },
								"west": { "texture": "#solid", "uv": [ 20.0, 8.5, 20.5, 10.0 ] },
								"up": { "texture": "#solid", "uv": [ 20.0, 8.5, 21.5, 9.0 ] },
								"down": { "texture": "#solid", "uv": [ 20.0, 9.5, 21.5, 10.0 ] }
							}
						}
					]
				}
			]
		}
	],
	"animations": [
		{
			"name": "opened",
			"code": "opened",
			"quantityframes": 2,
			"onActivityStopped": "Rewind",
			"onAnimationEnd": "Hold",
			"keyframes": [
				{
					"frame": 0,
					"elements": {
						"door": { "offsetX": 0.0, "offsetY": 0.0, "offsetZ": 0.0, "rotationX": 0.0, "rotationY": 90.0, "rotationZ": 0.0 }
					}
				}
			]
		}
	]
}