{
	"editor": {
		"collapsedPaths": ",Root/origin2",
		"allAngles": false,
		"entityTextureMode": false
	},
	"textureWidth": 16,
	"textureHeight": 16,
	"textureSizes": {
	},
	"textures": {
		"duck_egg": "entity/duck/egg/duck_egg",
		"nest-sticks": "entity/duck/nest-sticks"
	},
	"elements": [
		{
			"name": "origin",
			"from": [ 8.0, 0.0, 12.0 ],
			"to": [ 8.0, 0.0, 12.0 ],
			"rotationOrigin": [ 8.0, 1.2, 8.0 ],
			"faces": {
			},
			"children": [
				{
					"name": "stick3",
					"from": [ 2.2, -0.4, -9.0 ],
					"to": [ 3.7, 1.1, 1.5 ],
					"rotationOrigin": [ 2.2, -0.4, -9.0 ],
					"rotationX": 3.0,
					"rotationY": 22.5,
					"faces": {
						"north": { "texture": "#nest-sticks", "uv": [ 0.0, 0.0, 1.0, 1.0 ], "autoUv": false },
						"east": { "texture": "#nest-sticks", "uv": [ 0.0, 0.0, 7.0, 1.0 ], "autoUv": false },
						"south": { "texture": "#nest-sticks", "uv": [ 0.0, 0.0, 1.0, 1.0 ], "autoUv": false },
						"west": { "texture": "#nest-sticks", "uv": [ 0.0, 0.0, 7.0, 1.0 ], "autoUv": false },
						"up": { "texture": "#nest-sticks", "uv": [ 0.0, 0.0, 7.0, 1.0 ], "rotation": 90, "autoUv": false },
						"down": { "texture": "#nest-sticks", "uv": [ 0.0, 0.0, 7.0, 1.0 ], "rotation": 90, "autoUv": false }
					},
					"children": [
						{
							"name": "stick4",
							"from": [ 3.9, 0.3, 5.1 ],
							"to": [ 5.4, 1.8, 9.6 ],
							"rotationOrigin": [ 3.9, 0.3, 5.1 ],
							"rotationX": -180.0,
							"rotationY": -45.0,
							"rotationZ": -180.0,
							"faces": {
								"north": { "texture": "#nest-sticks", "uv": [ 0.0, 0.0, 1.0, 1.0 ], "autoUv": false },
								"east": { "texture": "#nest-sticks", "uv": [ 0.0, 0.0, 3.0, 1.0 ], "autoUv": false },
								"south": { "texture": "#nest-sticks", "uv": [ 0.0, 0.0, 1.0, 1.0 ], "autoUv": false },
								"west": { "texture": "#nest-sticks", "uv": [ 0.0, 0.0, 3.0, 1.0 ], "autoUv": false },
								"up": { "texture": "#nest-sticks", "uv": [ 0.0, 0.0, 3.0, 1.0 ], "rotation": 90, "autoUv": false },
								"down": { "texture": "#nest-sticks", "uv": [ 0.0, 0.0, 3.0, 1.0 ], "rotation": 90, "autoUv": false }
							},
							"children": [
								{
									"name": "stick5",
									"from": [ 1.2668, 0.014, -1.5 ],
									"to": [ 2.7668, 1.514, 7.5 ],
									"rotationOrigin": [ 1.2668, 0.014, -1.494 ],
									"rotationX": -67.5,
									"rotationY": 86.1116,
									"rotationZ": 91.9453,
									"faces": {
										"north": { "texture": "#nest-sticks", "uv": [ 0.0, 0.0, 1.0, 1.0 ], "autoUv": false },
										"east": { "texture": "#nest-sticks", "uv": [ 0.0, 0.0, 6.0, 1.0 ], "autoUv": false },
										"south": { "texture": "#nest-sticks", "uv": [ 0.0, 0.0, 1.0, 1.0 ], "autoUv": false },
										"west": { "texture": "#nest-sticks", "uv": [ 0.0, 0.0, 6.0, 1.0 ], "autoUv": false },
										"up": { "texture": "#nest-sticks", "uv": [ 0.0, 0.0, 6.0, 1.0 ], "rotation": 90, "autoUv": false },
										"down": { "texture": "#nest-sticks", "uv": [ 0.0, 0.0, 6.0, 1.0 ], "rotation": 90, "autoUv": false }
									}
								}
							]
						}
					]
				},
				{
					"name": "stick7",
					"from": [ 6.0, 0.0, 3.0 ],
					"to": [ 7.5, 1.5, 13.5 ],
					"rotationOrigin": [ 6.0, 0.0, 3.0 ],
					"rotationX": -45.0,
					"rotationY": -90.0,
					"faces": {
						"north": { "texture": "#nest-sticks", "uv": [ 0.0, 0.0, 1.0, 1.0 ], "autoUv": false },
						"east": { "texture": "#nest-sticks", "uv": [ 0.0, 0.0, 7.0, 1.0 ], "autoUv": false },
						"south": { "texture": "#nest-sticks", "uv": [ 0.0, 0.0, 1.0, 1.0 ], "autoUv": false },
						"west": { "texture": "#nest-sticks", "uv": [ 0.0, 0.0, 7.0, 1.0 ], "autoUv": false },
						"up": { "texture": "#nest-sticks", "uv": [ 0.0, 0.0, 7.0, 1.0 ], "rotation": 90, "autoUv": false },
						"down": { "texture": "#nest-sticks", "uv": [ 0.0, 0.0, 7.0, 1.0 ], "rotation": 90, "autoUv": false }
					},
					"children": [
						{
							"name": "stick8",
							"from": [ 3.9, 0.3, 5.1 ],
							"to": [ 5.4, 1.8, 9.6 ],
							"rotationOrigin": [ 3.9, 0.3, 5.1 ],
							"rotationX": -180.0,
							"rotationY": -45.0,
							"rotationZ": -180.0,
							"faces": {
								"north": { "texture": "#nest-sticks", "uv": [ 0.0, 0.0, 1.0, 1.0 ], "autoUv": false },
								"east": { "texture": "#nest-sticks", "uv": [ 0.0, 0.0, 3.0, 1.0 ], "autoUv": false },
								"south": { "texture": "#nest-sticks", "uv": [ 0.0, 0.0, 1.0, 1.0 ], "autoUv": false },
								"west": { "texture": "#nest-sticks", "uv": [ 0.0, 0.0, 3.0, 1.0 ], "autoUv": false },
								"up": { "texture": "#nest-sticks", "uv": [ 0.0, 0.0, 3.0, 1.0 ], "rotation": 90, "autoUv": false },
								"down": { "texture": "#nest-sticks", "uv": [ 0.0, 0.0, 3.0, 1.0 ], "rotation": 90, "autoUv": false }
							}
						},
						{
							"name": "stick9",
							"from": [ 2.85, 0.314, 7.05 ],
							"to": [ 4.35, 1.814, 13.05 ],
							"rotationOrigin": [ 2.8608, 0.314, 7.0524 ],
							"rotationX": -45.0,
							"rotationY": -67.5,
							"rotationZ": 0.1393,
							"faces": {
								"north": { "texture": "#nest-sticks", "uv": [ 0.0, 0.0, 1.0, 1.0 ], "autoUv": false },
								"east": { "texture": "#nest-sticks", "uv": [ 0.0, 0.0, 4.0, 1.0 ], "autoUv": false },
								"south": { "texture": "#nest-sticks", "uv": [ 0.0, 0.0, 1.0, 1.0 ], "autoUv": false },
								"west": { "texture": "#nest-sticks", "uv": [ 0.0, 0.0, 4.0, 1.0 ], "autoUv": false },
								"up": { "texture": "#nest-sticks", "uv": [ 0.0, 0.0, 4.0, 1.0 ], "rotation": 90, "autoUv": false },
								"down": { "texture": "#nest-sticks", "uv": [ 0.0, 0.0, 4.0, 1.0 ], "rotation": 90, "autoUv": false }
							}
						}
					]
				},
				{
					"name": "stick10",
					"from": [ 6.0, 0.0, 3.0 ],
					"to": [ 7.5, 1.5, 9.5 ],
					"rotationOrigin": [ 6.0, 0.0, 3.0 ],
					"rotationY": -157.5,
					"rotationZ": -45.0,
					"faces": {
						"north": { "texture": "#nest-sticks", "uv": [ 0.0, 0.0, 1.0, 1.0 ], "autoUv": false },
						"east": { "texture": "#nest-sticks", "uv": [ 0.0, 0.0, 7.0, 1.0 ], "autoUv": false },
						"south": { "texture": "#nest-sticks", "uv": [ 0.0, 0.0, 1.0, 1.0 ], "autoUv": false },
						"west": { "texture": "#nest-sticks", "uv": [ 0.0, 0.0, 7.0, 1.0 ], "autoUv": false },
						"up": { "texture": "#nest-sticks", "uv": [ 0.0, 0.0, 7.0, 1.0 ], "rotation": 90, "autoUv": false },
						"down": { "texture": "#nest-sticks", "uv": [ 0.0, 0.0, 7.0, 1.0 ], "rotation": 90, "autoUv": false }
					},
					"children": [
						{
							"name": "stick11",
							"from": [ 3.9, 0.3, 5.1 ],
							"to": [ 5.4, 1.8, 9.6 ],
							"rotationOrigin": [ 3.9, 0.3, 5.1 ],
							"rotationX": -180.0,
							"rotationY": -45.0,
							"rotationZ": -180.0,
							"faces": {
								"north": { "texture": "#nest-sticks", "uv": [ 0.0, 0.0, 1.0, 1.0 ], "autoUv": false },
								"east": { "texture": "#nest-sticks", "uv": [ 0.0, 0.0, 3.0, 1.0 ], "autoUv": false },
								"south": { "texture": "#nest-sticks", "uv": [ 0.0, 0.0, 1.0, 1.0 ], "autoUv": false },
								"west": { "texture": "#nest-sticks", "uv": [ 0.0, 0.0, 3.0, 1.0 ], "autoUv": false },
								"up": { "texture": "#nest-sticks", "uv": [ 0.0, 0.0, 3.0, 1.0 ], "rotation": 90, "autoUv": false },
								"down": { "texture": "#nest-sticks", "uv": [ 0.0, 0.0, 3.0, 1.0 ], "rotation": 90, "autoUv": false }
							}
						},
						{
							"name": "stick12",
							"from": [ -0.14, -1.5, 9.16 ],
							"to": [ 1.36, 0.0, 13.16 ],
							"rotationOrigin": [ -0.1392, -1.486, 9.1524 ],
							"rotationX": -45.0,
							"rotationY": -67.5,
							"rotationZ": 0.1393,
							"faces": {
								"north": { "texture": "#nest-sticks", "uv": [ 0.0, 0.0, 1.0, 1.0 ], "autoUv": false },
								"east": { "texture": "#nest-sticks", "uv": [ 0.0, 0.0, 4.0, 1.0 ], "autoUv": false },
								"south": { "texture": "#nest-sticks", "uv": [ 0.0, 0.0, 1.0, 1.0 ], "autoUv": false },
								"west": { "texture": "#nest-sticks", "uv": [ 0.0, 0.0, 4.0, 1.0 ], "autoUv": false },
								"up": { "texture": "#nest-sticks", "uv": [ 0.0, 0.0, 4.0, 1.0 ], "rotation": 90, "autoUv": false },
								"down": { "texture": "#nest-sticks", "uv": [ 0.0, 0.0, 4.0, 1.0 ], "rotation": 90, "autoUv": false }
							}
						}
					]
				},
				{
					"name": "origin2",
					"from": [ 3.2, -0.2, -5.6 ],
					"to": [ 3.2, -0.2, -5.6 ],
					"rotationOrigin": [ 3.2, 1.16, -5.6 ],
					"rotationX": -180.0,
					"rotationY": 22.5,
					"rotationZ": -180.0,
					"faces": {
					},
					"children": [
						{
							"name": "stick6",
							"from": [ 3.4, 0.0, -10.2 ],
							"to": [ 5.1, 1.7, -2.3 ],
							"rotationOrigin": [ 3.4, 0.0, -10.2 ],
							"rotationX": 3.0,
							"rotationY": 22.5,
							"faces": {
								"north": { "texture": "#nest-sticks", "uv": [ 0.0, 0.0, 1.0, 1.0 ], "autoUv": false },
								"east": { "texture": "#nest-sticks", "uv": [ 0.0, 0.0, 7.0, 1.0 ], "autoUv": false },
								"south": { "texture": "#nest-sticks", "uv": [ 0.0, 0.0, 1.0, 1.0 ], "autoUv": false },
								"west": { "texture": "#nest-sticks", "uv": [ 0.0, 0.0, 7.0, 1.0 ], "autoUv": false },
								"up": { "texture": "#nest-sticks", "uv": [ 0.0, 0.0, 7.0, 1.0 ], "rotation": 90, "autoUv": false },
								"down": { "texture": "#nest-sticks", "uv": [ 0.0, 0.0, 7.0, 1.0 ], "rotation": 90, "autoUv": false }
							},
							"children": [
								{
									"name": "stick13",
									"from": [ 4.42, 0.34, 5.78 ],
									"to": [ 6.12, 2.04, 10.88 ],
									"rotationOrigin": [ 4.42, 0.34, 5.78 ],
									"rotationX": -180.0,
									"rotationY": -45.0,
									"rotationZ": -180.0,
									"faces": {
										"north": { "texture": "#nest-sticks", "uv": [ 0.0, 0.0, 1.0, 1.0 ], "autoUv": false },
										"east": { "texture": "#nest-sticks", "uv": [ 0.0, 0.0, 3.0, 1.0 ], "autoUv": false },
										"south": { "texture": "#nest-sticks", "uv": [ 0.0, 0.0, 1.0, 1.0 ], "autoUv": false },
										"west": { "texture": "#nest-sticks", "uv": [ 0.0, 0.0, 3.0, 1.0 ], "autoUv": false },
										"up": { "texture": "#nest-sticks", "uv": [ 0.0, 0.0, 3.0, 1.0 ], "rotation": 90, "autoUv": false },
										"down": { "texture": "#nest-sticks", "uv": [ 0.0, 0.0, 3.0, 1.0 ], "rotation": 90, "autoUv": false }
									},
									"children": [
										{
											"name": "stick14",
											"from": [ 1.436, 0.016, -0.5 ],
											"to": [ 3.136, 1.716, 7.7 ],
											"rotationOrigin": [ 1.436, 0.016, -0.4936 ],
											"rotationX": -67.5,
											"rotationY": 86.1116,
											"rotationZ": 91.9453,
											"faces": {
												"north": { "texture": "#nest-sticks", "uv": [ 0.0, 0.0, 1.0, 1.0 ], "autoUv": false },
												"east": { "texture": "#nest-sticks", "uv": [ 0.0, 0.0, 6.0, 1.0 ], "autoUv": false },
												"south": { "texture": "#nest-sticks", "uv": [ 0.0, 0.0, 1.0, 1.0 ], "autoUv": false },
												"west": { "texture": "#nest-sticks", "uv": [ 0.0, 0.0, 6.0, 1.0 ], "autoUv": false },
												"up": { "texture": "#nest-sticks", "uv": [ 0.0, 0.0, 6.0, 1.0 ], "rotation": 90, "autoUv": false },
												"down": { "texture": "#nest-sticks", "uv": [ 0.0, 0.0, 6.0, 1.0 ], "rotation": 90, "autoUv": false }
											}
										}
									]
								}
							]
						},
						{
							"name": "stick15",
							"from": [ 6.8, 0.0, 3.4 ],
							"to": [ 8.5, 1.7, 15.3 ],
							"rotationOrigin": [ 6.8, 0.0, 3.4 ],
							"rotationX": -45.0,
							"rotationY": -90.0,
							"faces": {
								"north": { "texture": "#nest-sticks", "uv": [ 0.0, 0.0, 1.0, 1.0 ], "autoUv": false },
								"east": { "texture": "#nest-sticks", "uv": [ 0.0, 0.0, 7.0, 1.0 ], "autoUv": false },
								"south": { "texture": "#nest-sticks", "uv": [ 0.0, 0.0, 1.0, 1.0 ], "autoUv": false },
								"west": { "texture": "#nest-sticks", "uv": [ 0.0, 0.0, 7.0, 1.0 ], "autoUv": false },
								"up": { "texture": "#nest-sticks", "uv": [ 0.0, 0.0, 7.0, 1.0 ], "rotation": 90, "autoUv": false },
								"down": { "texture": "#nest-sticks", "uv": [ 0.0, 0.0, 7.0, 1.0 ], "rotation": 90, "autoUv": false }
							},
							"children": [
								{
									"name": "stick16",
									"from": [ 4.42, 0.34, 5.78 ],
									"to": [ 6.12, 2.04, 10.88 ],
									"rotationOrigin": [ 4.42, 0.34, 5.78 ],
									"rotationX": -180.0,
									"rotationY": -45.0,
									"rotationZ": -180.0,
									"faces": {
										"north": { "texture": "#nest-sticks", "uv": [ 0.0, 0.0, 1.0, 1.0 ], "autoUv": false },
										"east": { "texture": "#nest-sticks", "uv": [ 0.0, 0.0, 3.0, 1.0 ], "autoUv": false },
										"south": { "texture": "#nest-sticks", "uv": [ 0.0, 0.0, 1.0, 1.0 ], "autoUv": false },
										"west": { "texture": "#nest-sticks", "uv": [ 0.0, 0.0, 3.0, 1.0 ], "autoUv": false },
										"up": { "texture": "#nest-sticks", "uv": [ 0.0, 0.0, 3.0, 1.0 ], "rotation": 90, "autoUv": false },
										"down": { "texture": "#nest-sticks", "uv": [ 0.0, 0.0, 3.0, 1.0 ], "rotation": 90, "autoUv": false }
									}
								},
								{
									"name": "stick17",
									"from": [ 3.23, 0.356, 7.99 ],
									"to": [ 4.93, 2.056, 14.79 ],
									"rotationOrigin": [ 3.242, 0.356, 7.9928 ],
									"rotationX": -45.0,
									"rotationY": -67.5,
									"rotationZ": 0.1393,
									"faces": {
										"north": { "texture": "#nest-sticks", "uv": [ 0.0, 0.0, 1.0, 1.0 ], "autoUv": false },
										"east": { "texture": "#nest-sticks", "uv": [ 0.0, 0.0, 4.0, 1.0 ], "autoUv": false },
										"south": { "texture": "#nest-sticks", "uv": [ 0.0, 0.0, 1.0, 1.0 ], "autoUv": false },
										"west": { "texture": "#nest-sticks", "uv": [ 0.0, 0.0, 4.0, 1.0 ], "autoUv": false },
										"up": { "texture": "#nest-sticks", "uv": [ 0.0, 0.0, 4.0, 1.0 ], "rotation": 90, "autoUv": false },
										"down": { "texture": "#nest-sticks", "uv": [ 0.0, 0.0, 4.0, 1.0 ], "rotation": 90, "autoUv": false }
									}
								}
							]
						},
						{
							"name": "stick18",
							"from": [ 6.8, 0.0, 3.4 ],
							"to": [ 8.5, 1.7, 9.3 ],
							"rotationOrigin": [ 6.8, 0.0, 3.4 ],
							"rotationX": 13.0,
							"rotationY": -180.0,
							"rotationZ": -45.0,
							"faces": {
								"north": { "texture": "#nest-sticks", "uv": [ 0.0, 0.0, 1.0, 1.0 ], "autoUv": false },
								"east": { "texture": "#nest-sticks", "uv": [ 0.0, 0.0, 7.0, 1.0 ], "autoUv": false },
								"south": { "texture": "#nest-sticks", "uv": [ 0.0, 0.0, 1.0, 1.0 ], "autoUv": false },
								"west": { "texture": "#nest-sticks", "uv": [ 0.0, 0.0, 7.0, 1.0 ], "autoUv": false },
								"up": { "texture": "#nest-sticks", "uv": [ 0.0, 0.0, 7.0, 1.0 ], "rotation": 90, "autoUv": false },
								"down": { "texture": "#nest-sticks", "uv": [ 0.0, 0.0, 7.0, 1.0 ], "rotation": 90, "autoUv": false }
							}
						}
					]
				},
				{
					"name": "Nestfloor",
					"from": [ 0.0, -0.6, -9.0 ],
					"to": [ 8.0, 0.6, -1.0 ],
					"rotationOrigin": [ 0.0, -0.6, -9.0 ],
					"rotationY": -45.0,
					"faces": {
						"north": { "texture": "#nest-sticks", "uv": [ 0.0, 0.0, 8.0, 1.0 ] },
						"east": { "texture": "#nest-sticks", "uv": [ 0.0, 0.0, 8.0, 1.0 ] },
						"south": { "texture": "#nest-sticks", "uv": [ 0.0, 0.0, 8.0, 1.0 ] },
						"west": { "texture": "#nest-sticks", "uv": [ 0.0, 0.0, 8.0, 1.0 ] },
						"up": { "texture": "#nest-sticks", "uv": [ 0.0, 0.0, 8.0, 8.0 ] },
						"down": { "texture": "#nest-sticks", "uv": [ 0.0, 0.0, 8.0, 8.0 ] }
					}
				}
			],
			"attachmentpoints": [
				{
					"code": "Center",
					"posX": "0.0","posY": "0.0","posZ": "0.0",
					"rotationX": "0.0","rotationY": "0.0","rotationZ": "0.0"
				}
			]
		},
		{
			"name": "egg1",
			"from": [ 4.0, 0.4, 6.6 ],
			"to": [ 7.0, 2.4, 10.6 ],
			"rotationOrigin": [ 6.0, 2.6, 8.6 ],
			"rotationX": -3.4,
			"rotationY": 2.1,
			"faces": {
				"north": { "texture": "#duck_egg", "uv": [ 5.5, 8.0, 8.5, 10.0 ] },
				"east": { "texture": "#duck_egg", "uv": [ 11.5, 11.5, 15.5, 13.5 ] },
				"south": { "texture": "#duck_egg", "uv": [ 10.0, 11.0, 13.0, 13.0 ] },
				"west": { "texture": "#duck_egg", "uv": [ 11.0, 13.0, 15.0, 15.0 ] },
				"up": { "texture": "#duck_egg", "uv": [ 8.0, 5.0, 11.0, 9.0 ] },
				"down": { "texture": "#duck_egg", "uv": [ 7.5, 7.5, 10.5, 11.5 ] }
			},
			"children": [
				{
					"name": "egg2",
					"from": [ 2.489, -0.3776, 3.0761 ],
					"to": [ 5.489, 1.6224, 7.0761 ],
					"rotationOrigin": [ 4.489, 1.8224, 5.0761 ],
					"rotationX": -18.4471,
					"rotationY": 43.0117,
					"rotationZ": -0.9396,
					"faces": {
						"north": { "texture": "#duck_egg", "uv": [ 11.5, 13.0, 14.5, 15.0 ] },
						"east": { "texture": "#duck_egg", "uv": [ 5.0, 9.5, 9.0, 11.5 ] },
						"south": { "texture": "#duck_egg", "uv": [ 6.5, 7.0, 9.5, 9.0 ] },
						"west": { "texture": "#duck_egg", "uv": [ 5.5, 5.0, 9.5, 7.0 ] },
						"up": { "texture": "#duck_egg", "uv": [ 6.5, 2.5, 9.5, 6.5 ] },
						"down": { "texture": "#duck_egg", "uv": [ 4.0, 3.5, 7.0, 7.5 ] }
					}
				},
				{
					"name": "egg3",
					"from": [ 5.996, 0.0, 0.2199 ],
					"to": [ 8.996, 2.0, 4.2199 ],
					"rotationOrigin": [ 7.996, 2.2, 2.2199 ],
					"rotationX": 3.3685,
					"rotationY": 13.2037,
					"rotationZ": 3.7279,
					"faces": {
						"north": { "texture": "#duck_egg", "uv": [ 11.5, 13.0, 14.5, 15.0 ] },
						"east": { "texture": "#duck_egg", "uv": [ 5.0, 4.5, 9.0, 6.5 ] },
						"south": { "texture": "#duck_egg", "uv": [ 4.0, 5.0, 7.0, 7.0 ] },
						"west": { "texture": "#duck_egg", "uv": [ 6.5, 7.5, 10.5, 9.5 ] },
						"up": { "texture": "#duck_egg", "uv": [ 6.5, 4.5, 9.5, 8.5 ] },
						"down": { "texture": "#duck_egg", "uv": [ 7.0, 5.0, 10.0, 9.0 ] }
					}
				},
				{
					"name": "egg4",
					"from": [ 1.6945, -0.0455, -2.5469 ],
					"to": [ 4.6945, 1.9545, 1.4531 ],
					"rotationOrigin": [ 3.6945, 2.1545, -0.5469 ],
					"rotationX": -154.46,
					"rotationY": -20.608,
					"rotationZ": 179.0202,
					"faces": {
						"north": { "texture": "#duck_egg", "uv": [ 7.5, 12.0, 10.5, 14.0 ] },
						"east": { "texture": "#duck_egg", "uv": [ 8.0, 8.0, 12.0, 10.0 ] },
						"south": { "texture": "#duck_egg", "uv": [ 10.0, 11.0, 13.0, 13.0 ] },
						"west": { "texture": "#duck_egg", "uv": [ 11.0, 13.0, 15.0, 15.0 ] },
						"up": { "texture": "#duck_egg", "uv": [ 7.0, 5.5, 10.0, 9.5 ] },
						"down": { "texture": "#duck_egg", "uv": [ 7.5, 7.0, 10.5, 11.0 ] }
					}
				}
			]
		}
	]}