{
	"editor": {
		"collapsedPaths": ",Root/origin2",
		"allAngles": false,
		"entityTextureMode": false
	},
	"textureWidth": 16,
	"textureHeight": 16,
	"textureSizes": {
		
	},
	"textures": {
		"nest-sticks": "entity/duck/nest-sticks"
	},
	"elements": [
		{
			"name": "origin",
			"from": [ 8.0, 0.0, 12.0 ],
			"to": [ 8.0, 0.0, 12.0 ],
			"rotationOrigin": [ 8.0, 1.2, 8.0 ],
			"faces": {
			},
			"children": [
				{
					"name": "stick3",
					"from": [ 2.2, -0.4, -9.0 ],
					"to": [ 3.7, 1.1, 1.5 ],
					"rotationOrigin": [ 2.2, -0.4, -9.0 ],
					"rotationX": 3.0,
					"rotationY": 22.5,
					"faces": {
						"north": { "texture": "#nest-sticks", "uv": [ 0.0, 0.0, 1.0, 1.0 ], "autoUv": false },
						"east": { "texture": "#nest-sticks", "uv": [ 0.0, 0.0, 7.0, 1.0 ], "autoUv": false },
						"south": { "texture": "#nest-sticks", "uv": [ 0.0, 0.0, 1.0, 1.0 ], "autoUv": false },
						"west": { "texture": "#nest-sticks", "uv": [ 0.0, 0.0, 7.0, 1.0 ], "autoUv": false },
						"up": { "texture": "#nest-sticks", "uv": [ 0.0, 0.0, 7.0, 1.0 ], "rotation": 90, "autoUv": false },
						"down": { "texture": "#nest-sticks", "uv": [ 0.0, 0.0, 7.0, 1.0 ], "rotation": 90, "autoUv": false }
					}
				},
				{
					"name": "stick10",
					"from": [ 6.0, 0.0, 3.0 ],
					"to": [ 7.5, 1.5, 9.5 ],
					"rotationOrigin": [ 6.0, 0.0, 3.0 ],
					"rotationY": -157.5,
					"rotationZ": -45.0,
					"faces": {
						"north": { "texture": "#nest-sticks", "uv": [ 0.0, 0.0, 1.0, 1.0 ], "autoUv": false },
						"east": { "texture": "#nest-sticks", "uv": [ 0.0, 0.0, 7.0, 1.0 ], "autoUv": false },
						"south": { "texture": "#nest-sticks", "uv": [ 0.0, 0.0, 1.0, 1.0 ], "autoUv": false },
						"west": { "texture": "#nest-sticks", "uv": [ 0.0, 0.0, 7.0, 1.0 ], "autoUv": false },
						"up": { "texture": "#nest-sticks", "uv": [ 0.0, 0.0, 7.0, 1.0 ], "rotation": 90, "autoUv": false },
						"down": { "texture": "#nest-sticks", "uv": [ 0.0, 0.0, 7.0, 1.0 ], "rotation": 90, "autoUv": false }
					},
					"children": [
						{
							"name": "stick11",
							"from": [ 3.9, 0.3, 5.1 ],
							"to": [ 5.4, 1.8, 9.6 ],
							"rotationOrigin": [ 3.9, 0.3, 5.1 ],
							"rotationX": -180.0,
							"rotationY": -45.0,
							"rotationZ": -180.0,
							"faces": {
								"north": { "texture": "#nest-sticks", "uv": [ 0.0, 0.0, 1.0, 1.0 ], "autoUv": false },
								"east": { "texture": "#nest-sticks", "uv": [ 0.0, 0.0, 3.0, 1.0 ], "autoUv": false },
								"south": { "texture": "#nest-sticks", "uv": [ 0.0, 0.0, 1.0, 1.0 ], "autoUv": false },
								"west": { "texture": "#nest-sticks", "uv": [ 0.0, 0.0, 3.0, 1.0 ], "autoUv": false },
								"up": { "texture": "#nest-sticks", "uv": [ 0.0, 0.0, 3.0, 1.0 ], "rotation": 90, "autoUv": false },
								"down": { "texture": "#nest-sticks", "uv": [ 0.0, 0.0, 3.0, 1.0 ], "rotation": 90, "autoUv": false }
							}
						},
						{
							"name": "stick12",
							"from": [ -0.14, -1.5, 9.16 ],
							"to": [ 1.36, 0.0, 13.16 ],
							"rotationOrigin": [ -0.1392, -1.486, 9.1524 ],
							"rotationX": -45.0,
							"rotationY": -67.5,
							"rotationZ": 0.1393,
							"faces": {
								"north": { "texture": "#nest-sticks", "uv": [ 0.0, 0.0, 1.0, 1.0 ], "autoUv": false },
								"east": { "texture": "#nest-sticks", "uv": [ 0.0, 0.0, 4.0, 1.0 ], "autoUv": false },
								"south": { "texture": "#nest-sticks", "uv": [ 0.0, 0.0, 1.0, 1.0 ], "autoUv": false },
								"west": { "texture": "#nest-sticks", "uv": [ 0.0, 0.0, 4.0, 1.0 ], "autoUv": false },
								"up": { "texture": "#nest-sticks", "uv": [ 0.0, 0.0, 4.0, 1.0 ], "rotation": 90, "autoUv": false },
								"down": { "texture": "#nest-sticks", "uv": [ 0.0, 0.0, 4.0, 1.0 ], "rotation": 90, "autoUv": false }
							}
						}
					]
				},
				{
					"name": "origin2",
					"from": [ 3.2, -0.2, -5.6 ],
					"to": [ 3.2, -0.2, -5.6 ],
					"rotationOrigin": [ 3.2, 1.16, -5.6 ],
					"rotationX": -180.0,
					"rotationY": 22.5,
					"rotationZ": -180.0,
					"faces": {
					},
					"children": [
						{
							"name": "stick6",
							"from": [ 3.4, 0.0, -10.2 ],
							"to": [ 5.1, 1.7, -2.3 ],
							"rotationOrigin": [ 3.4, 0.0, -10.2 ],
							"rotationX": 3.0,
							"rotationY": 22.5,
							"faces": {
								"north": { "texture": "#nest-sticks", "uv": [ 0.0, 0.0, 1.0, 1.0 ], "autoUv": false },
								"east": { "texture": "#nest-sticks", "uv": [ 0.0, 0.0, 7.0, 1.0 ], "autoUv": false },
								"south": { "texture": "#nest-sticks", "uv": [ 0.0, 0.0, 1.0, 1.0 ], "autoUv": false },
								"west": { "texture": "#nest-sticks", "uv": [ 0.0, 0.0, 7.0, 1.0 ], "autoUv": false },
								"up": { "texture": "#nest-sticks", "uv": [ 0.0, 0.0, 7.0, 1.0 ], "rotation": 90, "autoUv": false },
								"down": { "texture": "#nest-sticks", "uv": [ 0.0, 0.0, 7.0, 1.0 ], "rotation": 90, "autoUv": false }
							},
							"children": [
								{
									"name": "stick13",
									"from": [ 4.42, 0.34, 5.78 ],
									"to": [ 6.12, 2.04, 10.88 ],
									"rotationOrigin": [ 4.42, 0.34, 5.78 ],
									"rotationX": -180.0,
									"rotationY": -45.0,
									"rotationZ": -180.0,
									"faces": {
										"north": { "texture": "#nest-sticks", "uv": [ 0.0, 0.0, 1.0, 1.0 ], "autoUv": false },
										"east": { "texture": "#nest-sticks", "uv": [ 0.0, 0.0, 3.0, 1.0 ], "autoUv": false },
										"south": { "texture": "#nest-sticks", "uv": [ 0.0, 0.0, 1.0, 1.0 ], "autoUv": false },
										"west": { "texture": "#nest-sticks", "uv": [ 0.0, 0.0, 3.0, 1.0 ], "autoUv": false },
										"up": { "texture": "#nest-sticks", "uv": [ 0.0, 0.0, 3.0, 1.0 ], "rotation": 90, "autoUv": false },
										"down": { "texture": "#nest-sticks", "uv": [ 0.0, 0.0, 3.0, 1.0 ], "rotation": 90, "autoUv": false }
									},
									"children": [
										{
											"name": "stick14",
											"from": [ 1.436, 0.016, -0.5 ],
											"to": [ 3.136, 1.716, 7.7 ],
											"rotationOrigin": [ 1.436, 0.016, -0.4936 ],
											"rotationX": -67.5,
											"rotationY": 86.1116,
											"rotationZ": 91.9453,
											"faces": {
												"north": { "texture": "#nest-sticks", "uv": [ 0.0, 0.0, 1.0, 1.0 ], "autoUv": false },
												"east": { "texture": "#nest-sticks", "uv": [ 0.0, 0.0, 6.0, 1.0 ], "autoUv": false },
												"south": { "texture": "#nest-sticks", "uv": [ 0.0, 0.0, 1.0, 1.0 ], "autoUv": false },
												"west": { "texture": "#nest-sticks", "uv": [ 0.0, 0.0, 6.0, 1.0 ], "autoUv": false },
												"up": { "texture": "#nest-sticks", "uv": [ 0.0, 0.0, 6.0, 1.0 ], "rotation": 90, "autoUv": false },
												"down": { "texture": "#nest-sticks", "uv": [ 0.0, 0.0, 6.0, 1.0 ], "rotation": 90, "autoUv": false }
											}
										}
									]
								}
							]
						},
						{
							"name": "stick18",
							"from": [ 6.8, 0.0, 3.4 ],
							"to": [ 8.5, 1.7, 9.3 ],
							"rotationOrigin": [ 6.8, 0.0, 3.4 ],
							"rotationX": 13.0,
							"rotationY": -180.0,
							"rotationZ": -45.0,
							"faces": {
								"north": { "texture": "#nest-sticks", "uv": [ 0.0, 0.0, 1.0, 1.0 ], "autoUv": false },
								"east": { "texture": "#nest-sticks", "uv": [ 0.0, 0.0, 7.0, 1.0 ], "autoUv": false },
								"south": { "texture": "#nest-sticks", "uv": [ 0.0, 0.0, 1.0, 1.0 ], "autoUv": false },
								"west": { "texture": "#nest-sticks", "uv": [ 0.0, 0.0, 7.0, 1.0 ], "autoUv": false },
								"up": { "texture": "#nest-sticks", "uv": [ 0.0, 0.0, 7.0, 1.0 ], "rotation": 90, "autoUv": false },
								"down": { "texture": "#nest-sticks", "uv": [ 0.0, 0.0, 7.0, 1.0 ], "rotation": 90, "autoUv": false }
							}
						}
					]
				}
			],
			"attachmentpoints": [
				{
					"code": "Center",
					"posX": "0.0","posY": "0.0","posZ": "0.0",
					"rotationX": "0.0","rotationY": "0.0","rotationZ": "0.0"
				}
			]
		}
	]}