{
	"editor": {
		"allAngles": true,
		"entityTextureMode": true
	},
	"textureWidth": 32,
	"textureHeight": 32,
	"textureSizes": {
		"duck-female-3": [32,32],
		"duck-male-3": [32,32]
	},
	"textures": {
	},
	"elements": [
		{
			"name": "Body",
			"from": [ 4.0, 2.6, 5.75 ],
			"to": [ 10.0, 5.6, 10.25 ],
			"unwrapMode": 5,
			"unwrapRotation": 1,
			"uv": [ 1.0, 16.0 ],
			"rotationOrigin": [ 7.5, 3.0, 8.25 ],
			"faces": {
				"north": { "texture": "#duck-male-3", "uv": [ 1.0, 19.0, 4.0, 25.0 ], "rotation": 270 },
				"east": { "texture": "#duck-male-3", "uv": [ 4.0, 16.0, 8.5, 19.0 ], "rotation": 180 },
				"south": { "texture": "#duck-male-3", "uv": [ 8.5, 19.0, 11.5, 25.0 ], "rotation": 90 },
				"west": { "texture": "#duck-male-3", "uv": [ 4.0, 25.0, 8.5, 28.0 ] },
				"up": { "texture": "#duck-male-3", "uv": [ 4.0, 19.0, 8.5, 25.0 ], "rotation": 90 },
				"down": { "texture": "#duck-male-3", "uv": [ 11.5, 19.0, 16.0, 25.0 ], "rotation": 270 }
			},
			"children": [
				{
					"name": "throat",
					"from": [ 0.0, 1.0, 1.5 ],
					"to": [ 1.5, 3.8, 3.0 ],
					"unwrapMode": 2,
					"uv": [ 1.0, 12.0 ],
					"rotationOrigin": [ 0.3, 1.0, 2.25 ],
					"rotationZ": 35.0,
					"faces": {
						"north": { "texture": "#duck-male-3", "uv": [ 4.0, 13.5, 5.5, 16.0 ] },
						"east": { "texture": "#duck-male-3", "uv": [ 2.5, 13.5, 4.0, 16.0 ] },
						"south": { "texture": "#duck-male-3", "uv": [ 1.0, 13.5, 2.5, 16.0 ] },
						"west": { "texture": "#duck-male-3", "uv": [ 5.5, 13.5, 7.0, 16.0 ] },
						"up": { "texture": "#duck-male-3", "uv": [ 2.5, 12.0, 4.0, 13.5 ], "rotation": 270 },
						"down": { "texture": "#duck-male-3", "uv": [ 2.5, 16.0, 4.0, 17.5 ], "rotation": 270 }
					},
					"children": [
						{
							"name": "head",
							"from": [ -0.5, 2.0, -0.33 ],
							"to": [ 2.0, 4.2, 1.87 ],
							"unwrapMode": 5,
							"unwrapRotation": 1,
							"uv": [ 10.5, 10.0 ],
							"rotationOrigin": [ 1.0, 2.0, 0.75 ],
							"rotationZ": -25.0,
							"faces": {
								"north": { "texture": "#duck-male-3", "uv": [ 10.5, 12.0, 12.5, 14.5 ], "rotation": 270 },
								"east": { "texture": "#duck-male-3", "uv": [ 12.5, 10.0, 14.5, 12.0 ], "rotation": 180 },
								"south": { "texture": "#duck-male-3", "uv": [ 14.5, 12.0, 16.5, 14.5 ], "rotation": 90 },
								"west": { "texture": "#duck-male-3", "uv": [ 12.5, 14.5, 14.5, 16.5 ] },
								"up": { "texture": "#duck-male-3", "uv": [ 12.5, 12.0, 14.5, 14.5 ], "rotation": 90 },
								"down": { "texture": "#duck-male-3", "uv": [ 16.5, 12.0, 18.5, 14.5 ], "rotation": 270 }
							},
							"children": [
								{
									"name": "beak",
									"from": [ -1.8, 0.7, 0.3 ],
									"to": [ 0.0, 1.2, 1.9 ],
									"uv": [ 21.0, 1.0 ],
									"rotationOrigin": [ -1.0, 1.0, 1.1 ],
									"faces": {
										"north": { "texture": "#duck-male-3", "uv": [ 21.0, 2.5, 22.5, 3.0 ] },
										"south": { "texture": "#duck-male-3", "uv": [ 22.5, 2.5, 24.0, 3.0 ] },
										"west": { "texture": "#duck-male-3", "uv": [ 24.0, 2.5, 25.5, 3.0 ] },
										"up": { "texture": "#duck-male-3", "uv": [ 21.0, 1.0, 22.5, 2.5 ] },
										"down": { "texture": "#duck-male-3", "uv": [ 22.5, 1.0, 24.0, 2.5 ] }
									},
									"children": [
										{
											"name": "beak2",
											"from": [ 1.6, 0.2, 0.2 ],
											"to": [ 2.2, 0.8, 1.4 ],
											"uv": [ 26.5, 1.5 ],
											"rotationOrigin": [ 1.6, 0.2, 0.2 ],
											"faces": {
												"north": { "texture": "#duck-male-3", "uv": [ 26.5, 2.5, 27.0, 3.0 ] },
												"east": { "texture": "#duck-male-3", "uv": [ 27.0, 2.5, 28.0, 3.0 ] },
												"south": { "texture": "#duck-male-3", "uv": [ 28.0, 2.5, 28.5, 3.0 ] },
												"west": { "texture": "#duck-male-3", "uv": [ 28.5, 2.5, 29.5, 3.0 ] },
												"up": { "texture": "#duck-male-3", "uv": [ 26.5, 1.5, 27.0, 2.5 ] },
												"down": { "texture": "#duck-male-3", "uv": [ 27.0, 1.5, 27.5, 2.5 ] }
											}
										}
									]
								}
							]
						}
					]
				},
				{
					"name": "tail",
					"from": [ 5.0, 1.0, 0.75 ],
					"to": [ 9.0, 3.0, 3.75 ],
					"unwrapMode": 5,
					"autoUnwrap": false,
					"uv": [ 26.0, 5.5 ],
					"rotationOrigin": [ 6.0, 2.0, 2.5 ],
					"rotationZ": 8.0,
					"faces": {
						"north": { "texture": "#duck-male-3", "uv": [ 28.0, 6.0, 32.0, 9.0 ], "rotation": 180, "autoUv": false },
						"south": { "texture": "#duck-male-3", "uv": [ 28.0, 10.0, 32.0, 13.0 ], "autoUv": false },
						"west": { "texture": "#duck-male-3", "uv": [ 26.0, 8.0, 28.0, 11.0 ], "rotation": 270 },
						"up": { "texture": "#duck-male-3", "uv": [ 28.0, 8.0, 32.0, 11.0 ], "autoUv": false }
					}
				},
				{
					"name": "thighs right",
					"from": [ 2.0, -0.5, 0.25 ],
					"to": [ 5.0, 2.0, 2.25 ],
					"uv": [ 22.0, 13.5 ],
					"rotationOrigin": [ 3.5, 0.0, 1.5 ],
					"faces": {
						"north": { "texture": "#duck-male-3", "uv": [ 22.0, 15.5, 25.0, 18.0 ] },
						"east": { "texture": "#duck-male-3", "uv": [ 25.0, 15.5, 27.0, 18.0 ] },
						"south": { "texture": "#duck-male-3", "uv": [ 27.0, 15.5, 30.0, 18.0 ] },
						"west": { "texture": "#duck-male-3", "uv": [ 30.0, 15.5, 32.0, 18.0 ] },
						"up": { "texture": "#duck-male-3", "uv": [ 22.0, 13.5, 25.0, 15.5 ] },
						"down": { "texture": "#duck-male-3", "uv": [ 25.0, 13.5, 28.0, 15.5 ] }
					},
					"children": [
						{
							"name": "leg right",
							"from": [ 1.0, -2.0, 0.5 ],
							"to": [ 2.0, 1.0, 1.5 ],
							"uv": [ 16.0, 22.0 ],
							"rotationOrigin": [ 1.5, 2.0, 1.0 ],
							"faces": {
								"north": { "texture": "#duck-male-3", "uv": [ 16.0, 23.0, 17.0, 26.0 ] },
								"east": { "texture": "#duck-male-3", "uv": [ 17.0, 23.0, 18.0, 26.0 ] },
								"south": { "texture": "#duck-male-3", "uv": [ 18.0, 23.0, 19.0, 26.0 ] },
								"west": { "texture": "#duck-male-3", "uv": [ 19.0, 23.0, 20.0, 26.0 ] },
								"down": { "texture": "#duck-male-3", "uv": [ 16.0, 22.0, 17.0, 23.0 ] }
							},
							"children": [
								{
									"name": "toes right",
									"from": [ -1.0, 0.0, -0.7 ],
									"to": [ 1.0, 1.0, 1.3 ],
									"uv": [ 20.0, 22.0 ],
									"rotationOrigin": [ 0.0, 0.0, 0.8 ],
									"faces": {
										"down": { "texture": "#duck-male-3", "uv": [ 20.0, 22.0, 22.0, 24.0 ] }
									}
								}
							]
						}
					]
				},
				{
					"name": "thighs left",
					"from": [ 2.0, -0.5, 2.25 ],
					"to": [ 5.0, 2.0, 4.25 ],
					"uv": [ 22.0, 13.5 ],
					"rotationOrigin": [ 3.5, 0.0, 3.5 ],
					"faces": {
						"north": { "texture": "#duck-male-3", "uv": [ 22.0, 15.5, 25.0, 18.0 ] },
						"east": { "texture": "#duck-male-3", "uv": [ 25.0, 15.5, 27.0, 18.0 ] },
						"south": { "texture": "#duck-male-3", "uv": [ 27.0, 15.5, 30.0, 18.0 ] },
						"west": { "texture": "#duck-male-3", "uv": [ 30.0, 15.5, 32.0, 18.0 ] },
						"down": { "texture": "#duck-male-3", "uv": [ 22.0, 13.5, 25.0, 15.5 ] }
					},
					"children": [
						{
							"name": "leg left",
							"from": [ 1.0, -2.0, 0.5 ],
							"to": [ 2.0, 1.0, 1.5 ],
							"uv": [ 16.0, 22.0 ],
							"rotationOrigin": [ 1.5, 2.0, 1.0 ],
							"faces": {
								"north": { "texture": "#duck-male-3", "uv": [ 16.0, 23.0, 17.0, 26.0 ] },
								"east": { "texture": "#duck-male-3", "uv": [ 17.0, 23.0, 18.0, 26.0 ] },
								"south": { "texture": "#duck-male-3", "uv": [ 18.0, 23.0, 19.0, 26.0 ] },
								"west": { "texture": "#duck-male-3", "uv": [ 19.0, 23.0, 20.0, 26.0 ] },
								"down": { "texture": "#duck-male-3", "uv": [ 16.0, 22.0, 17.0, 23.0 ] }
							},
							"children": [
								{
									"name": "toes left",
									"from": [ -1.0, 0.0, -0.3 ],
									"to": [ 1.0, 1.0, 1.7 ],
									"uv": [ 22.0, 22.0 ],
									"rotationOrigin": [ 0.0, 0.0, 0.2 ],
									"faces": {
										"down": { "texture": "#duck-male-3", "uv": [ 22.0, 22.0, 24.0, 24.0 ] }
									}
								}
							]
						}
					]
				},
				{
					"name": "right wing",
					"from": [ 0.5, 0.4, -0.5 ],
					"to": [ 5.5, 2.9, 0.5 ],
					"unwrapMode": 1,
					"uv": [ 0.0, 28.5 ],
					"rotationOrigin": [ 1.0, 3.5, 0.0 ],
					"faces": {
						"north": { "texture": "#duck-male-3", "uv": [ 1.0, 29.5, 6.0, 32.0 ] },
						"south": { "texture": "#duck-male-3", "uv": [ 7.0, 29.5, 12.0, 32.0 ] },
						"west": { "texture": "#duck-male-3", "uv": [ 6.0, 29.5, 7.0, 32.0 ] },
						"up": { "texture": "#duck-male-3", "uv": [ 1.0, 28.5, 6.0, 29.5 ], "rotation": 180 }
					}
				},
				{
					"name": "left wing",
					"from": [ 0.5, 0.4, 4.0 ],
					"to": [ 5.5, 2.9, 5.0 ],
					"unwrapMode": 1,
					"uv": [ 21.0, 28.5 ],
					"rotationOrigin": [ 1.0, 3.5, 5.0 ],
					"faces": {
						"north": { "texture": "#duck-male-3", "uv": [ 21.0, 29.5, 26.0, 32.0 ] },
						"south": { "texture": "#duck-male-3", "uv": [ 27.0, 29.5, 32.0, 32.0 ] },
						"west": { "texture": "#duck-male-3", "uv": [ 26.0, 29.5, 27.0, 32.0 ] },
						"up": { "texture": "#duck-male-3", "uv": [ 21.0, 28.5, 26.0, 29.5 ], "rotation": 180 }
					}
				}
			],
			"attachmentpoints": [
				{
					"code": "Center",
					"posX": "3.0","posY": "2.0","posZ": "2.5",
					"rotationX": "0.0","rotationY": "0.0","rotationZ": "0.0"
				}
			]
		}
	],
	"animations": [
		{
			"name": "Eat",
			"code": "eat",
			"quantityframes": 40,
			"onActivityStopped": "EaseOut",
			"onAnimationEnd": "Repeat",
			"keyframes": [
				{
					"frame": 0,
					"elements": {
						"Body": { "rotationX": 0.0, "rotationY": 0.0, "rotationZ": 0.0 },
						"throat": { "offsetX": -0.1692, "offsetY": -0.2308, "offsetZ": 0.0, "rotationX": 0.0, "rotationY": 0.0, "rotationZ": 0.0 },
						"head": { "offsetX": -0.2, "offsetY": 0.0, "offsetZ": 0.0, "rotationX": 0.0, "rotationY": 0.0, "rotationZ": 0.0 },
						"leg left": { "rotationX": 0.0, "rotationY": 0.0, "rotationZ": 0.0 },
						"leg right": { "rotationX": 0.0, "rotationY": 0.0, "rotationZ": 0.0 }
					}
				},
				{
					"frame": 10,
					"elements": {
						"Body": { "offsetX": 0.0, "offsetY": -0.5, "offsetZ": 0.0, "rotationX": 0.0, "rotationY": 0.0, "rotationZ": 17.0 },
						"throat": { "offsetX": 0.6, "offsetY": -1.0, "offsetZ": 0.0, "rotationX": 0.0, "rotationY": 0.0, "rotationZ": 69.0 },
						"head": { "offsetX": -0.2, "offsetY": 0.0, "offsetZ": 0.0, "rotationX": 0.0, "rotationY": 0.0, "rotationZ": 0.0 },
						"leg left": { "offsetX": 0.0, "offsetY": 0.5, "offsetZ": 0.0, "rotationX": 0.0, "rotationY": 0.0, "rotationZ": -17.0 },
						"leg right": { "offsetX": 0.0, "offsetY": 0.5, "offsetZ": 0.0, "rotationX": 0.0, "rotationY": 0.0, "rotationZ": -17.0 }
					}
				},
				{
					"frame": 13,
					"elements": {
						"Body": { "offsetX": 0.0, "offsetY": -0.5, "offsetZ": 0.0, "rotationX": 0.0, "rotationY": 0.0, "rotationZ": 17.0 },
						"throat": { "offsetX": 0.6, "offsetY": -1.0, "offsetZ": 0.0, "rotationX": 0.0, "rotationY": 0.0, "rotationZ": 69.0 },
						"head": { "offsetX": -0.2, "offsetY": 0.0, "offsetZ": 0.0, "rotationX": 0.0, "rotationY": 0.0, "rotationZ": 0.0 },
						"leg right": { "offsetX": 0.0, "offsetY": 0.5, "offsetZ": 0.0, "rotationX": 0.0, "rotationY": 0.0, "rotationZ": -17.0 },
						"leg left": { "offsetX": 0.0, "offsetY": 0.5, "offsetZ": 0.0, "rotationX": 0.0, "rotationY": 0.0, "rotationZ": -17.0 }
					}
				},
				{
					"frame": 16,
					"elements": {
						"Body": { "offsetX": 0.0, "offsetY": -0.5, "offsetZ": 0.0, "rotationX": 0.0, "rotationY": 0.0, "rotationZ": 22.0 },
						"throat": { "offsetX": 0.6, "offsetY": -0.9, "offsetZ": 0.0, "rotationX": 0.0, "rotationY": 0.0, "rotationZ": 72.0 },
						"head": { "offsetX": -0.5, "offsetY": 0.0, "offsetZ": 0.0, "rotationX": 0.0, "rotationY": 0.0, "rotationZ": -22.5 },
						"leg right": { "offsetX": 0.0, "offsetY": 0.5, "offsetZ": 0.0, "rotationX": 0.0, "rotationY": 0.0, "rotationZ": -22.0 },
						"leg left": { "offsetX": 0.0, "offsetY": 0.5, "offsetZ": 0.0, "rotationX": 0.0, "rotationY": 0.0, "rotationZ": -22.0 }
					}
				},
				{
					"frame": 19,
					"elements": {
						"Body": { "offsetX": 0.0, "offsetY": -0.5, "offsetZ": 0.0, "rotationX": 0.0, "rotationY": 0.0, "rotationZ": 17.0 },
						"throat": { "offsetX": 0.6, "offsetY": -1.0, "offsetZ": 0.0, "rotationX": 0.0, "rotationY": 0.0, "rotationZ": 69.0 },
						"head": { "offsetX": -0.2, "offsetY": 0.0, "offsetZ": 0.0, "rotationX": 0.0, "rotationY": 0.0, "rotationZ": 0.0 },
						"leg right": { "offsetX": 0.0, "offsetY": 0.5, "offsetZ": 0.0, "rotationX": 0.0, "rotationY": 0.0, "rotationZ": -17.0 },
						"leg left": { "offsetX": 0.0, "offsetY": 0.5, "offsetZ": 0.0, "rotationX": 0.0, "rotationY": 0.0, "rotationZ": -17.0 }
					}
				},
				{
					"frame": 21,
					"elements": {
						"Body": { "offsetX": 0.0, "offsetY": -0.5, "offsetZ": 0.0, "rotationX": 0.0, "rotationY": 0.0, "rotationZ": 17.0 },
						"throat": { "offsetX": 0.6, "offsetY": -1.0, "offsetZ": 0.0, "rotationX": 0.0, "rotationY": 0.0, "rotationZ": 69.0 },
						"head": { "offsetX": -0.2, "offsetY": 0.0, "offsetZ": 0.0, "rotationX": 0.0, "rotationY": 0.0, "rotationZ": 0.0 },
						"leg right": { "offsetX": 0.0, "offsetY": 0.5, "offsetZ": 0.0, "rotationX": 0.0, "rotationY": 0.0, "rotationZ": -17.0 },
						"leg left": { "offsetX": 0.0, "offsetY": 0.5, "offsetZ": 0.0, "rotationX": 0.0, "rotationY": 0.0, "rotationZ": -17.0 }
					}
				},
				{
					"frame": 24,
					"elements": {
						"Body": { "offsetX": 0.0, "offsetY": -0.5, "offsetZ": 0.0, "rotationX": 0.0, "rotationY": 0.0, "rotationZ": 22.0 },
						"throat": { "offsetX": 0.6, "offsetY": -0.8, "offsetZ": 0.0, "rotationX": 0.0, "rotationY": 0.0, "rotationZ": 75.0 },
						"head": { "offsetX": -0.5, "offsetY": 0.0, "offsetZ": 0.0, "rotationX": 0.0, "rotationY": 0.0, "rotationZ": -22.5 },
						"leg right": { "offsetX": 0.0, "offsetY": 0.5, "offsetZ": 0.0, "rotationX": 0.0, "rotationY": 0.0, "rotationZ": -22.0 },
						"leg left": { "offsetX": 0.0, "offsetY": 0.5, "offsetZ": 0.0, "rotationX": 0.0, "rotationY": 0.0, "rotationZ": -22.0 }
					}
				},
				{
					"frame": 26,
					"elements": {
						"Body": { "offsetX": 0.0, "offsetY": -0.5, "offsetZ": 0.0, "rotationX": 0.0, "rotationY": 0.0, "rotationZ": 17.0 },
						"throat": { "offsetX": 0.6, "offsetY": -1.0, "offsetZ": 0.0, "rotationX": 0.0, "rotationY": 0.0, "rotationZ": 69.0 },
						"head": { "offsetX": -0.2, "offsetY": 0.0, "offsetZ": 0.0, "rotationX": 0.0, "rotationY": 0.0, "rotationZ": 0.0 },
						"leg right": { "offsetX": 0.0, "offsetY": 0.5, "offsetZ": 0.0, "rotationX": 0.0, "rotationY": 0.0, "rotationZ": -17.0 },
						"leg left": { "offsetX": 0.0, "offsetY": 0.5, "offsetZ": 0.0, "rotationX": 0.0, "rotationY": 0.0, "rotationZ": -17.0 }
					}
				},
				{
					"frame": 29,
					"elements": {
						"Body": { "offsetX": 0.0, "offsetY": -0.5, "offsetZ": 0.0, "rotationX": 0.0, "rotationY": 0.0, "rotationZ": 22.0 },
						"throat": { "offsetX": 0.4, "offsetY": -1.0, "offsetZ": 0.0, "rotationX": 0.0, "rotationY": 0.0, "rotationZ": 83.0 },
						"head": { "offsetX": -0.5, "offsetY": 0.0, "offsetZ": 0.0, "rotationX": 0.0, "rotationY": 0.0, "rotationZ": -22.5 },
						"leg right": { "offsetX": 0.0, "offsetY": 0.5, "offsetZ": 0.0, "rotationX": 0.0, "rotationY": 0.0, "rotationZ": -22.0 },
						"leg left": { "offsetX": 0.0, "offsetY": 0.5, "offsetZ": 0.0, "rotationX": 0.0, "rotationY": 0.0, "rotationZ": -22.0 }
					}
				},
				{
					"frame": 37,
					"elements": {
						"Body": { "offsetX": 0.0, "offsetY": -0.5, "offsetZ": 0.0, "rotationX": 0.0, "rotationY": 0.0, "rotationZ": 0.0 },
						"throat": { "offsetX": -0.014, "offsetY": -0.4406, "offsetZ": 0.0, "rotationX": 0.0, "rotationY": 0.0, "rotationZ": 0.0 },
						"head": { "offsetX": -0.2, "offsetY": 0.0, "offsetZ": 0.0, "rotationX": 0.0, "rotationY": 0.0, "rotationZ": 0.0 },
						"leg right": { "offsetX": 0.0, "offsetY": 0.5, "offsetZ": 0.0, "rotationX": 0.0, "rotationY": 0.0, "rotationZ": 0.0 },
						"leg left": { "offsetX": 0.0, "offsetY": 0.5, "offsetZ": 0.0, "rotationX": 0.0, "rotationY": 0.0, "rotationZ": 0.0 }
					}
				}
			]
		},

		{
			"name": "Walk",
			"code": "walk",
			"quantityframes": 16,
			"onActivityStopped": "EaseOut",
			"onAnimationEnd": "Repeat",
			"keyframes": [
				{
					"frame": 0,
					"elements": {
						"Body": { "offsetX": -0.5, "offsetY": -0.3, "offsetZ": 0.0, "rotationX": 0.0, "rotationY": 8.0, "rotationZ": -4.0 },
						"throat": { "offsetX": 0.7, "offsetY": 0.0, "offsetZ": 0.0, "rotationX": 0.0, "rotationY": 0.0, "rotationZ": -8.0 },
						"head": { "offsetX": 0.0, "offsetY": 0.0, "offsetZ": 0.0, "rotationX": 0.0, "rotationY": 0.0, "rotationZ": 8.0 },
						"tail": { "offsetX": 0.3, "offsetY": 0.3, "offsetZ": 0.0, "rotationX": 0.0, "rotationY": 25.0, "rotationZ": 25.0 },
						"thighs right": { "offsetX": 1.5, "offsetY": -0.5, "offsetZ": 0.0, "rotationX": 3.0, "rotationY": 0.0, "rotationZ": 37.0 },
						"leg right": { "offsetX": 0.0, "offsetY": 0.0, "offsetZ": 0.0, "rotationX": 0.0, "rotationY": 0.0, "rotationZ": 8.0 },
						"toes right": { "offsetX": 0.0, "offsetY": 0.0, "offsetZ": 0.0, "rotationX": 0.0, "rotationY": 0.0, "rotationZ": -25.0 },
						"thighs left": { "offsetX": 0.0, "offsetY": 0.0, "offsetZ": 0.0, "rotationX": 3.0, "rotationY": 0.0, "rotationZ": -24.0 },
						"leg left": { "offsetX": -1.0, "offsetY": 1.0, "offsetZ": 0.0, "rotationX": 0.0, "rotationY": 0.0, "rotationZ": 28.0 },
						"toes left": { "offsetX": 0.0, "offsetY": 0.0, "offsetZ": 0.0, "rotationX": 0.0, "rotationY": 0.0, "rotationZ": 30.0 },
						"right wing": { "offsetX": 0.0, "offsetY": 0.0, "offsetZ": 0.0, "rotationX": 0.0, "rotationY": 0.0, "rotationZ": 0.0 },
						"left wing": { "offsetX": 0.0, "offsetY": 0.0, "offsetZ": 0.0, "rotationX": 0.0, "rotationY": 0.0, "rotationZ": 0.0 }
					}
				},
				{
					"frame": 4,
					"elements": {
						"Body": { "offsetX": -1.0, "offsetY": 0.0, "offsetZ": 0.0, "rotationX": -3.0, "rotationY": 0.0, "rotationZ": -1.0 },
						"throat": { "offsetX": 0.0, "offsetY": 0.0, "offsetZ": 0.0 },
						"tail": { "offsetX": 0.0, "offsetY": 0.0, "offsetZ": 0.0, "rotationX": 0.0, "rotationY": 0.0, "rotationZ": 8.0 },
						"thighs right": { "offsetX": 0.5, "offsetY": -1.0, "offsetZ": 0.0, "rotationX": 3.0, "rotationY": -8.0, "rotationZ": 35.0 },
						"leg right": { "offsetX": 0.0, "offsetY": 0.0, "offsetZ": 0.0, "rotationX": 0.0, "rotationY": 0.0, "rotationZ": 11.0 },
						"toes right": { "offsetX": 0.0, "offsetY": 0.0, "offsetZ": 0.0, "rotationX": 0.0, "rotationY": 0.0, "rotationZ": -8.0 },
						"thighs left": { "offsetX": -0.5, "offsetY": -1.5, "offsetZ": 0.0, "rotationX": 3.0, "rotationY": 0.0, "rotationZ": -51.0 },
						"leg left": { "offsetX": -0.5, "offsetY": 0.0, "offsetZ": 0.0, "rotationX": 0.0, "rotationY": 0.0, "rotationZ": 17.0 },
						"toes left": { "offsetX": 0.0, "offsetY": 0.0, "offsetZ": 0.0, "rotationX": 0.0, "rotationY": 0.0, "rotationZ": -1.0 },
						"right wing": { "offsetX": 0.0, "offsetY": 0.0, "offsetZ": 0.0, "rotationX": 0.0, "rotationY": 0.0, "rotationZ": 0.0 },
						"left wing": { "offsetX": 0.0, "offsetY": 0.0, "offsetZ": 0.0, "rotationX": 0.0, "rotationY": 0.0, "rotationZ": 0.0 }
					}
				},
				{
					"frame": 8,
					"elements": {
						"Body": { "offsetX": -0.5, "offsetY": -0.3, "offsetZ": 0.0, "rotationX": 0.0, "rotationY": -8.0, "rotationZ": -4.0 },
						"throat": { "offsetX": -0.3, "offsetY": 0.0, "offsetZ": 0.0 },
						"tail": { "offsetX": 0.3, "offsetY": 0.3, "offsetZ": 0.0, "rotationX": 0.0, "rotationY": -25.0, "rotationZ": 25.0 },
						"thighs right": { "offsetX": 0.0, "offsetY": 0.0, "offsetZ": 0.0, "rotationX": -3.0, "rotationY": 0.0, "rotationZ": -32.0 },
						"leg right": { "offsetX": -1.0, "offsetY": 1.0, "offsetZ": 0.0, "rotationX": 0.0, "rotationY": 0.0, "rotationZ": 28.0 },
						"toes right": { "offsetX": 0.0, "offsetY": 0.0, "offsetZ": 0.0, "rotationX": -5.0, "rotationY": 0.0, "rotationZ": 25.0 },
						"thighs left": { "offsetX": 1.5, "offsetY": -0.5, "offsetZ": 0.0, "rotationX": -3.0, "rotationY": 0.0, "rotationZ": 37.0 },
						"leg left": { "offsetX": 0.0, "offsetY": 0.0, "offsetZ": 0.0, "rotationX": 0.0, "rotationY": 0.0, "rotationZ": 8.0 },
						"toes left": { "offsetX": 0.0, "offsetY": 0.0, "offsetZ": 0.0, "rotationX": 0.0, "rotationY": 0.0, "rotationZ": -25.0 },
						"right wing": { "offsetX": 0.0, "offsetY": 0.0, "offsetZ": 0.0 },
						"left wing": { "offsetX": 0.0, "offsetY": 0.0, "offsetZ": 0.0 }
					}
				},
				{
					"frame": 12,
					"elements": {
						"Body": { "offsetX": -1.0, "offsetY": 0.0, "offsetZ": 0.0, "rotationX": 3.0, "rotationY": 0.0, "rotationZ": -1.0 },
						"throat": { "offsetX": 0.0, "offsetY": 0.0, "offsetZ": 0.0 },
						"tail": { "offsetX": 0.0, "offsetY": 0.0, "offsetZ": 0.0, "rotationX": 0.0, "rotationY": 0.0, "rotationZ": 8.0 },
						"thighs right": { "offsetX": -0.5, "offsetY": -1.5, "offsetZ": 0.0, "rotationX": -3.0, "rotationY": 8.0, "rotationZ": -51.0 },
						"leg right": { "offsetX": 0.0, "offsetY": 0.0, "offsetZ": 0.0, "rotationX": 0.0, "rotationY": 0.0, "rotationZ": 17.0 },
						"toes right": { "offsetX": 0.0, "offsetY": 0.0, "offsetZ": 0.0, "rotationX": -5.0, "rotationY": 0.0, "rotationZ": 1.0 },
						"thighs left": { "offsetX": 0.5, "offsetY": -1.0, "offsetZ": 0.0, "rotationX": -3.0, "rotationY": 0.0, "rotationZ": 35.0 },
						"leg left": { "offsetX": 0.0, "offsetY": 0.0, "offsetZ": 0.0, "rotationX": 0.0, "rotationY": 0.0, "rotationZ": 11.0 },
						"toes left": { "offsetX": 0.0, "offsetY": 0.0, "offsetZ": 0.0, "rotationX": 0.0, "rotationY": 0.0, "rotationZ": -8.0 },
						"right wing": { "offsetX": 0.0, "offsetY": 0.0, "offsetZ": 0.0, "rotationX": 0.0, "rotationY": 0.0, "rotationZ": 0.0 },
						"left wing": { "offsetX": 0.0, "offsetY": 0.0, "offsetZ": 0.0, "rotationX": 0.0, "rotationY": 0.0, "rotationZ": 0.0 }
					}
				}
			]
		},

		{
			"name": "Swim",
			"code": "swim",
			"quantityframes": 40,
			"onActivityStopped": "EaseOut",
			"onAnimationEnd": "Repeat",
			"keyframes": [
				{
					"frame": 0,
					"elements": {
						"Body": { "offsetX": 0.0, "offsetY": 1.6, "offsetZ": 0.0, "rotationX": 0.0, "rotationY": -3.0, "rotationZ": 0.0 },
						"throat": { "offsetX": 0.0, "offsetY": 0.0, "offsetZ": 0.0, "rotationX": 0.0, "rotationY": 0.0, "rotationZ": 3.0 },
						"head": { "offsetX": 0.0, "offsetY": 0.0, "offsetZ": 0.0 },
						"leg right": { "offsetX": 0.0, "offsetY": 0.0, "offsetZ": 0.0, "rotationX": 0.0, "rotationY": 0.0, "rotationZ": 25.0 },
						"toes right": { "offsetX": 0.0, "offsetY": 0.0, "offsetZ": 0.0 },
						"leg left": { "offsetX": -1.0, "offsetY": 1.0, "offsetZ": 0.0, "rotationX": 0.0, "rotationY": 0.0, "rotationZ": 28.0 },
						"toes left": { "offsetX": 0.0, "offsetY": 0.0, "offsetZ": 0.0, "rotationX": 0.0, "rotationY": 0.0, "rotationZ": 30.0 },
						"right wing": { "offsetX": 0.0, "offsetY": 0.0, "offsetZ": 0.0 },
						"left wing": { "offsetX": 0.0, "offsetY": 0.0, "offsetZ": 0.0 }
					}
				},
				{
					"frame": 10,
					"elements": {
						"Body": { "rotationX": 0.0, "rotationY": 0.0, "rotationZ": 0.0 },
						"throat": { "offsetX": 0.0, "offsetY": 0.0, "offsetZ": 0.0 },
						"head": { "offsetX": 0.0, "offsetY": 0.0, "offsetZ": 0.0 },
						"tail": { "rotationX": 0.0, "rotationY": 0.0, "rotationZ": 8.0 },
						"leg right": { "offsetX": 0.0, "offsetY": 0.0, "offsetZ": 0.0, "rotationX": 0.0, "rotationY": 0.0, "rotationZ": 11.0 },
						"toes right": { "offsetX": 0.0, "offsetY": 0.0, "offsetZ": 0.0, "rotationX": 0.0, "rotationY": 0.0, "rotationZ": -33.0 },
						"thighs left": { "offsetX": 1.0, "offsetY": -0.8, "offsetZ": 0.0, "rotationX": -3.0, "rotationY": 0.0, "rotationZ": 35.0 },
						"leg left": { "offsetX": -0.5, "offsetY": 0.0, "offsetZ": 0.0, "rotationX": 0.0, "rotationY": 0.0, "rotationZ": 17.0 },
						"toes left": { "offsetX": 0.0, "offsetY": 0.0, "offsetZ": 0.0, "rotationX": 0.0, "rotationY": 0.0, "rotationZ": 47.0 },
						"right wing": { "offsetX": 0.0, "offsetY": 0.0, "offsetZ": 0.0 },
						"left wing": { "offsetX": 0.0, "offsetY": 0.0, "offsetZ": 0.0 },
						"thighs right": { "offsetX": 1.0, "offsetY": -0.8, "offsetZ": 0.0, "rotationX": 0.0, "rotationY": 0.0, "rotationZ": 35.0 }
					}
				},
				{
					"frame": 20,
					"elements": {
						"Body": { "offsetX": 0.0, "offsetY": 2.1, "offsetZ": 0.0, "rotationX": 0.0, "rotationY": 3.0, "rotationZ": 0.0 },
						"throat": { "offsetX": -0.2, "offsetY": 0.0, "offsetZ": 0.0 },
						"head": { "offsetX": 0.0, "offsetY": 0.0, "offsetZ": 0.0 },
						"leg right": { "offsetX": -1.0, "offsetY": 1.0, "offsetZ": 0.0, "rotationX": 0.0, "rotationY": 0.0, "rotationZ": 28.0 },
						"toes right": { "offsetX": 0.0, "offsetY": 0.0, "offsetZ": 0.0, "rotationX": -5.0, "rotationY": 0.0, "rotationZ": 25.0 },
						"leg left": { "offsetX": 0.0, "offsetY": 0.0, "offsetZ": 0.0, "rotationX": 0.0, "rotationY": 0.0, "rotationZ": 25.0 },
						"toes left": { "offsetX": 0.0, "offsetY": 0.0, "offsetZ": 0.0 },
						"right wing": { "offsetX": 0.0, "offsetY": 0.0, "offsetZ": 0.0 },
						"left wing": { "offsetX": 0.0, "offsetY": 0.0, "offsetZ": 0.0 }
					}
				},
				{
					"frame": 30,
					"elements": {
						"Body": { "rotationX": 0.0, "rotationY": 0.0, "rotationZ": 0.0 },
						"throat": { "offsetX": 0.0, "offsetY": 0.0, "offsetZ": 0.0 },
						"head": { "offsetX": 0.0, "offsetY": 0.0, "offsetZ": 0.0 },
						"tail": { "rotationX": 0.0, "rotationY": 0.0, "rotationZ": 8.0 },
						"leg right": { "offsetX": 0.0, "offsetY": 0.0, "offsetZ": 0.0, "rotationX": 0.0, "rotationY": 0.0, "rotationZ": 17.0 },
						"toes right": { "offsetX": 0.0, "offsetY": 0.0, "offsetZ": 0.0, "rotationX": -5.0, "rotationY": 0.0, "rotationZ": 42.0 },
						"thighs left": { "offsetX": 0.6, "offsetY": -1.0, "offsetZ": 0.0, "rotationX": -3.0, "rotationY": 0.0, "rotationZ": 35.0 },
						"leg left": { "offsetX": 0.0, "offsetY": 0.0, "offsetZ": 0.0, "rotationX": 0.0, "rotationY": 0.0, "rotationZ": 11.0 },
						"toes left": { "offsetX": 0.0, "offsetY": 0.0, "offsetZ": 0.0, "rotationX": 0.0, "rotationY": 0.0, "rotationZ": -33.0 },
						"right wing": { "offsetX": 0.0, "offsetY": 0.0, "offsetZ": 0.0, "rotationX": 0.0, "rotationY": 0.0, "rotationZ": 0.0 },
						"left wing": { "offsetX": 0.0, "offsetY": 0.0, "offsetZ": 0.0, "rotationX": 0.0, "rotationY": 0.0, "rotationZ": 0.0 },
						"thighs right": { "offsetX": 1.0, "offsetY": -1.0, "offsetZ": 0.0, "rotationX": 3.0, "rotationY": 0.0, "rotationZ": 35.0 }
					}
				}
			]
		},

		{
			"name": "Death",
			"code": "death",
			"quantityframes": 45,
			"onActivityStopped": "PlayTillEnd",
			"onAnimationEnd": "Hold",
			"keyframes": [
				{
					"frame": 0,
					"elements": {
						"Body": { "offsetX": 0.0, "offsetY": 0.0, "offsetZ": 0.0, "rotationX": 0.0, "rotationY": 0.0, "rotationZ": 0.0 },
						"throat": { "offsetX": 0.0, "offsetY": 0.0, "offsetZ": 0.0, "rotationX": 0.0, "rotationY": 0.0, "rotationZ": 0.0 },
						"head": { "offsetX": 0.0, "offsetY": 0.0, "offsetZ": 0.0, "rotationX": 0.0, "rotationY": 0.0, "rotationZ": 0.0 },
						"tail": { "offsetX": 0.0, "offsetY": 0.0, "offsetZ": 0.0, "rotationX": 0.0, "rotationY": 0.0, "rotationZ": 0.0 },
						"thighs right": { "offsetX": 0.0, "offsetY": 0.0, "offsetZ": 0.0, "rotationX": 0.0, "rotationY": 0.0, "rotationZ": 0.0 },
						"leg right": { "offsetX": 0.0, "offsetY": 0.0, "offsetZ": 0.0, "rotationX": 0.0, "rotationY": 0.0, "rotationZ": 0.0 },
						"toes right": { "offsetX": 0.0, "offsetY": 0.0, "offsetZ": 0.0, "rotationX": 0.0, "rotationY": 0.0, "rotationZ": 0.0 },
						"thighs left": { "offsetX": 0.0, "offsetY": 0.0, "offsetZ": 0.0, "rotationX": 0.0, "rotationY": 0.0, "rotationZ": 0.0 },
						"leg left": { "offsetX": 0.0, "offsetY": 0.0, "offsetZ": 0.0, "rotationX": 0.0, "rotationY": 0.0, "rotationZ": 0.0 },
						"toes left": { "offsetX": 0.0, "offsetY": 0.0, "offsetZ": 0.0, "rotationX": 0.0, "rotationY": 0.0, "rotationZ": 0.0 },
						"right wing": { "offsetX": 0.0, "offsetY": 0.0, "offsetZ": 0.0, "rotationX": 0.0, "rotationY": 0.0, "rotationZ": 0.0 },
						"left wing": { "offsetX": 0.0, "offsetY": 0.0, "offsetZ": 0.0, "rotationX": 0.0, "rotationY": 0.0, "rotationZ": 0.0 }
					}
				},
				{
					"frame": 8,
					"elements": {
						"Body": { "offsetX": 1.0, "offsetY": 4.0, "offsetZ": 0.0, "rotationX": -25.0, "rotationY": 0.0, "rotationZ": -47.0 },
						"throat": { "offsetX": 0.0, "offsetY": 0.0, "offsetZ": 0.0, "rotationX": 19.0, "rotationY": 17.0, "rotationZ": 28.0 },
						"head": { "offsetX": 0.0, "offsetY": 0.0, "offsetZ": 0.0, "rotationX": -6.0, "rotationY": 0.0, "rotationZ": 30.0 },
						"tail": { "offsetX": 0.0, "offsetY": 0.0, "offsetZ": 0.0, "rotationX": 0.0, "rotationY": 0.0, "rotationZ": 50.0 },
						"thighs right": { "offsetX": 0.0, "offsetY": 0.0, "offsetZ": 0.0, "rotationX": 22.0, "rotationY": 8.0, "rotationZ": -55.0 },
						"leg right": { "offsetX": 0.0, "offsetY": 0.0, "offsetZ": 0.0, "rotationX": 14.0, "rotationY": -6.0, "rotationZ": 55.0 },
						"toes right": { "offsetX": 0.0, "offsetY": 0.0, "offsetZ": 0.0, "rotationX": 0.0, "rotationY": 0.0, "rotationZ": 47.0 },
						"thighs left": { "offsetX": 0.0, "offsetY": 0.0, "offsetZ": 0.0, "rotationX": 0.0, "rotationY": 0.0, "rotationZ": -30.0 },
						"leg left": { "offsetX": 0.0, "offsetY": 0.0, "offsetZ": 0.0, "rotationX": -8.0, "rotationY": 0.0, "rotationZ": 53.0 },
						"toes left": { "offsetX": 0.0, "offsetY": 0.0, "offsetZ": 0.0, "rotationX": 0.0, "rotationY": 0.0, "rotationZ": 39.0 },
						"right wing": { "offsetX": 0.0, "offsetY": 0.0, "offsetZ": 0.0, "rotationX": 22.0, "rotationY": 155.0, "rotationZ": -25.0 },
						"left wing": { "offsetX": 0.0, "offsetY": 0.0, "offsetZ": 0.0, "rotationX": -6.0, "rotationY": -133.0, "rotationZ": -3.0 }
					}
				},
				{
					"frame": 18,
					"elements": {
						"Body": { "offsetX": -2.0, "offsetY": 5.0, "offsetZ": -4.0, "rotationX": -83.0, "rotationY": -25.0, "rotationZ": -89.0 },
						"throat": { "offsetX": 0.0, "offsetY": -1.0, "offsetZ": 0.0, "rotationX": 28.0, "rotationY": -11.0, "rotationZ": 86.0 },
						"head": { "offsetX": 0.0, "offsetY": 0.0, "offsetZ": 0.0, "rotationX": 19.0, "rotationY": -19.0, "rotationZ": 39.0 },
						"tail": { "offsetX": 0.0, "offsetY": 0.0, "offsetZ": 0.0, "rotationX": -28.0, "rotationY": 42.0, "rotationZ": -3.0 },
						"thighs right": { "offsetX": 0.0, "offsetY": 0.0, "offsetZ": 0.0, "rotationX": -30.0, "rotationY": 3.0, "rotationZ": -66.0 },
						"leg right": { "offsetX": 0.0, "offsetY": 0.0, "offsetZ": 0.0, "rotationX": 39.0, "rotationY": -6.0, "rotationZ": 55.0 },
						"toes right": { "offsetX": 0.0, "offsetY": 0.0, "offsetZ": 0.0, "rotationX": 8.0, "rotationY": -44.0, "rotationZ": 55.0 },
						"thighs left": { "offsetX": 0.0, "offsetY": 0.0, "offsetZ": 0.0, "rotationX": 17.0, "rotationY": 25.0, "rotationZ": 3.0 },
						"leg left": { "offsetX": 0.0, "offsetY": 0.0, "offsetZ": 0.0, "rotationX": -14.0, "rotationY": 8.0, "rotationZ": 39.0 },
						"toes left": { "offsetX": 0.0, "offsetY": 0.0, "offsetZ": 0.0, "rotationX": 14.0, "rotationY": 33.0, "rotationZ": 64.0 },
						"right wing": { "offsetX": 0.0, "offsetY": 0.0, "offsetZ": 0.0, "rotationX": -14.0, "rotationY": 147.0, "rotationZ": -33.0 },
						"left wing": { "offsetX": 0.0, "offsetY": 0.0, "offsetZ": 0.0, "rotationX": -11.0, "rotationY": -11.0, "rotationZ": 22.0 }
					}
				},
				{
					"frame": 44,
					"elements": {
						"Body": { "offsetX": -2.0, "offsetY": 5.0, "offsetZ": -4.0, "rotationX": -83.0, "rotationY": -25.0, "rotationZ": -89.0 },
						"throat": { "offsetX": 0.0, "offsetY": -1.0, "offsetZ": 0.0, "rotationX": 28.0, "rotationY": -11.0, "rotationZ": 86.0 },
						"head": { "offsetX": 0.0, "offsetY": 0.0, "offsetZ": 0.0, "rotationX": 19.0, "rotationY": -19.0, "rotationZ": 39.0 },
						"tail": { "offsetX": 0.0, "offsetY": 0.0, "offsetZ": 0.0, "rotationX": -28.0, "rotationY": 42.0, "rotationZ": -3.0 },
						"thighs right": { "offsetX": 0.0, "offsetY": 0.0, "offsetZ": 0.0, "rotationX": -30.0, "rotationY": 3.0, "rotationZ": -66.0 },
						"leg right": { "offsetX": 0.0, "offsetY": 0.0, "offsetZ": 0.0, "rotationX": 39.0, "rotationY": -6.0, "rotationZ": 55.0 },
						"toes right": { "offsetX": 0.0, "offsetY": 0.0, "offsetZ": 0.0, "rotationX": 8.0, "rotationY": -44.0, "rotationZ": 55.0 },
						"thighs left": { "offsetX": 0.0, "offsetY": 0.0, "offsetZ": 0.0, "rotationX": 17.0, "rotationY": 25.0, "rotationZ": 3.0 },
						"leg left": { "offsetX": 0.0, "offsetY": 0.0, "offsetZ": 0.0, "rotationX": -14.0, "rotationY": 8.0, "rotationZ": 39.0 },
						"toes left": { "offsetX": 0.0, "offsetY": 0.0, "offsetZ": 0.0, "rotationX": 14.0, "rotationY": 33.0, "rotationZ": 64.0 },
						"right wing": { "offsetX": 0.0, "offsetY": 0.0, "offsetZ": 0.0, "rotationX": -14.0, "rotationY": 147.0, "rotationZ": -33.0 },
						"left wing": { "offsetX": 0.0, "offsetY": 0.0, "offsetZ": 0.0, "rotationX": -11.0, "rotationY": -11.0, "rotationZ": 22.0 }
					}
				}
			]
		},

		{
			"name": "Run",
			"code": "run",
			"quantityframes": 25,
			"onActivityStopped": "EaseOut",
			"onAnimationEnd": "Repeat",
			"keyframes": [
				{
					"frame": 0,
					"elements": {
						"Body": { "offsetX": -1.0, "offsetY": 0.0, "offsetZ": 0.0, "rotationX": 0.0, "rotationY": 0.0, "rotationZ": -25.0 },
						"throat": { "offsetX": 0.0, "offsetY": 0.0, "offsetZ": 0.0, "rotationX": 0.0, "rotationY": 0.0, "rotationZ": -14.0 },
						"head": { "offsetX": 0.3, "offsetY": 0.0, "offsetZ": 0.0, "rotationX": 0.0, "rotationY": 0.0, "rotationZ": 39.0 },
						"tail": { "offsetX": 0.0, "offsetY": 0.0, "offsetZ": 0.0, "rotationX": 0.0, "rotationY": 0.0, "rotationZ": 17.0 },
						"thighs right": { "offsetX": 0.0, "offsetY": -1.6, "offsetZ": 0.0, "rotationX": 0.0, "rotationY": 0.0, "rotationZ": 66.0 },
						"leg right": { "offsetX": 0.0, "offsetY": 0.0, "offsetZ": 0.0, "rotationX": 0.0, "rotationY": 0.0, "rotationZ": 0.0 },
						"toes right": { "offsetX": 0.0, "offsetY": 0.0, "offsetZ": 0.0, "rotationX": 0.0, "rotationY": 0.0, "rotationZ": -28.0 },
						"thighs left": { "offsetX": 0.7, "offsetY": 0.0, "offsetZ": 0.0, "rotationX": 0.0, "rotationY": 0.0, "rotationZ": -39.0 },
						"leg left": { "offsetX": -1.0, "offsetY": 0.0, "offsetZ": 0.0, "rotationX": 0.0, "rotationY": 0.0, "rotationZ": 39.0 },
						"toes left": { "offsetX": 0.0, "offsetY": 0.0, "offsetZ": 0.0, "rotationX": 0.0, "rotationY": 0.0, "rotationZ": 22.0 },
						"right wing": { "offsetX": 0.0, "offsetY": 0.0, "offsetZ": 0.0, "rotationX": 0.0, "rotationY": 62.0, "rotationZ": 42.0 },
						"left wing": { "offsetX": 0.0, "offsetY": 0.0, "offsetZ": 0.0, "rotationX": 0.0, "rotationY": -66.0, "rotationZ": 42.0 }
					}
				},
				{
					"frame": 6,
					"elements": {
						"Body": { "offsetX": 0.0, "offsetY": 0.0, "offsetZ": 0.0, "rotationX": 0.0, "rotationY": 0.0, "rotationZ": -19.0 },
						"throat": { "offsetX": 0.0, "offsetY": 0.0, "offsetZ": 0.0, "rotationX": 0.0, "rotationY": 0.0, "rotationZ": -14.0 },
						"head": { "offsetX": 0.3, "offsetY": 0.0, "offsetZ": 0.0, "rotationX": 0.0, "rotationY": 0.0, "rotationZ": 39.0 },
						"tail": { "offsetX": 0.0, "offsetY": 0.0, "offsetZ": 0.0, "rotationX": 0.0, "rotationY": 0.0, "rotationZ": 0.0 },
						"thighs right": { "offsetX": 0.0, "offsetY": 0.0, "offsetZ": 0.0, "rotationX": 0.0, "rotationY": 0.0, "rotationZ": 47.0 },
						"leg right": { "offsetX": 0.0, "offsetY": 0.0, "offsetZ": 0.0, "rotationX": 0.0, "rotationY": 0.0, "rotationZ": 17.0 },
						"toes right": { "offsetX": 0.0, "offsetY": 0.0, "offsetZ": 0.0, "rotationX": 0.0, "rotationY": 0.0, "rotationZ": 19.0 },
						"thighs left": { "offsetX": 0.5, "offsetY": 0.0, "offsetZ": 0.0, "rotationX": 0.0, "rotationY": 0.0, "rotationZ": 8.0 },
						"leg left": { "offsetX": -0.5, "offsetY": -0.5, "offsetZ": 0.0, "rotationX": 0.0, "rotationY": 0.0, "rotationZ": 17.0 },
						"toes left": { "offsetX": 0.0, "offsetY": 0.0, "offsetZ": 0.0, "rotationX": 0.0, "rotationY": 0.0, "rotationZ": 17.0 },
						"right wing": { "offsetX": 0.0, "offsetY": 0.0, "offsetZ": 0.0, "rotationX": 0.0, "rotationY": 11.0, "rotationZ": 42.0 },
						"left wing": { "offsetX": 0.0, "offsetY": 0.0, "offsetZ": 0.0, "rotationX": 0.0, "rotationY": -11.0, "rotationZ": 42.0 }
					}
				},
				{
					"frame": 12,
					"elements": {
						"Body": { "offsetX": -1.0, "offsetY": 0.0, "offsetZ": 0.0, "rotationX": 0.0, "rotationY": 0.0, "rotationZ": -25.0 },
						"throat": { "offsetX": 0.0, "offsetY": 0.0, "offsetZ": 0.0, "rotationX": 0.0, "rotationY": 0.0, "rotationZ": -14.0 },
						"head": { "offsetX": 0.3, "offsetY": 0.0, "offsetZ": 0.0, "rotationX": 0.0, "rotationY": 0.0, "rotationZ": 39.0 },
						"tail": { "offsetX": 0.0, "offsetY": 0.0, "offsetZ": 0.0, "rotationX": 0.0, "rotationY": 0.0, "rotationZ": 17.0 },
						"thighs right": { "offsetX": 0.7, "offsetY": 0.0, "offsetZ": 0.0, "rotationX": 0.0, "rotationY": 0.0, "rotationZ": -39.0 },
						"leg right": { "offsetX": -1.0, "offsetY": 0.0, "offsetZ": 0.0, "rotationX": 0.0, "rotationY": 0.0, "rotationZ": 39.0 },
						"toes right": { "offsetX": 0.0, "offsetY": 0.0, "offsetZ": 0.0, "rotationX": 0.0, "rotationY": 0.0, "rotationZ": 22.0 },
						"thighs left": { "offsetX": 0.0, "offsetY": -1.6, "offsetZ": 0.0, "rotationX": 0.0, "rotationY": 0.0, "rotationZ": 66.0 },
						"leg left": { "offsetX": 0.0, "offsetY": 0.0, "offsetZ": 0.0, "rotationX": 0.0, "rotationY": 0.0, "rotationZ": 0.0 },
						"toes left": { "offsetX": 0.0, "offsetY": 0.0, "offsetZ": 0.0, "rotationX": 0.0, "rotationY": 0.0, "rotationZ": -28.0 },
						"right wing": { "offsetX": 0.0, "offsetY": 0.0, "offsetZ": 0.0, "rotationX": 0.0, "rotationY": 62.0, "rotationZ": 42.0 },
						"left wing": { "offsetX": 0.0, "offsetY": 0.0, "offsetZ": 0.0, "rotationX": 0.0, "rotationY": -66.0, "rotationZ": 42.0 }
					}
				},
				{
					"frame": 18,
					"elements": {
						"Body": { "offsetX": 0.0, "offsetY": 0.0, "offsetZ": 0.0, "rotationX": 0.0, "rotationY": 0.0, "rotationZ": -19.0 },
						"throat": { "offsetX": 0.0, "offsetY": 0.0, "offsetZ": 0.0, "rotationX": 0.0, "rotationY": 0.0, "rotationZ": -14.0 },
						"head": { "offsetX": 0.3, "offsetY": 0.0, "offsetZ": 0.0, "rotationX": 0.0, "rotationY": 0.0, "rotationZ": 39.0 },
						"tail": { "offsetX": 0.0, "offsetY": 0.0, "offsetZ": 0.0, "rotationX": 0.0, "rotationY": 0.0, "rotationZ": 0.0 },
						"thighs right": { "offsetX": 0.5, "offsetY": 0.0, "offsetZ": 0.0, "rotationX": 0.0, "rotationY": 0.0, "rotationZ": 8.0 },
						"leg right": { "offsetX": -0.5, "offsetY": -0.5, "offsetZ": 0.0, "rotationX": 0.0, "rotationY": 0.0, "rotationZ": 17.0 },
						"toes right": { "offsetX": 0.0, "offsetY": 0.0, "offsetZ": 0.0, "rotationX": 0.0, "rotationY": 0.0, "rotationZ": 17.0 },
						"thighs left": { "offsetX": 0.0, "offsetY": 0.0, "offsetZ": 0.0, "rotationX": 0.0, "rotationY": 0.0, "rotationZ": 47.0 },
						"leg left": { "offsetX": 0.0, "offsetY": 0.0, "offsetZ": 0.0, "rotationX": 0.0, "rotationY": 0.0, "rotationZ": 17.0 },
						"toes left": { "offsetX": 0.0, "offsetY": 0.0, "offsetZ": 0.0, "rotationX": 0.0, "rotationY": 0.0, "rotationZ": 19.0 },
						"right wing": { "offsetX": 0.0, "offsetY": 0.0, "offsetZ": 0.0, "rotationX": 0.0, "rotationY": 11.0, "rotationZ": 42.0 },
						"left wing": { "offsetX": 0.0, "offsetY": 0.0, "offsetZ": 0.0, "rotationX": 0.0, "rotationY": -11.0, "rotationZ": 42.0 }
					}
				},
				{
					"frame": 24,
					"elements": {
						"Body": { "offsetX": -1.0, "offsetY": 0.0, "offsetZ": 0.0, "rotationX": 0.0, "rotationY": 0.0, "rotationZ": -25.0 },
						"throat": { "offsetX": 0.0, "offsetY": 0.0, "offsetZ": 0.0, "rotationX": 0.0, "rotationY": 0.0, "rotationZ": -14.0 },
						"head": { "offsetX": 0.3, "offsetY": 0.0, "offsetZ": 0.0, "rotationX": 0.0, "rotationY": 0.0, "rotationZ": 39.0 },
						"tail": { "offsetX": 0.0, "offsetY": 0.0, "offsetZ": 0.0, "rotationX": 0.0, "rotationY": 0.0, "rotationZ": 17.0 },
						"thighs right": { "offsetX": 0.0, "offsetY": -1.6, "offsetZ": 0.0, "rotationX": 0.0, "rotationY": 0.0, "rotationZ": 66.0 },
						"leg right": { "offsetX": 0.0, "offsetY": 0.0, "offsetZ": 0.0, "rotationX": 0.0, "rotationY": 0.0, "rotationZ": 0.0 },
						"toes right": { "offsetX": 0.0, "offsetY": 0.0, "offsetZ": 0.0, "rotationX": 0.0, "rotationY": 0.0, "rotationZ": -28.0 },
						"thighs left": { "offsetX": 0.7, "offsetY": 0.0, "offsetZ": 0.0, "rotationX": 0.0, "rotationY": 0.0, "rotationZ": -39.0 },
						"leg left": { "offsetX": -1.0, "offsetY": 0.0, "offsetZ": 0.0, "rotationX": 0.0, "rotationY": 0.0, "rotationZ": 39.0 },
						"toes left": { "offsetX": 0.0, "offsetY": 0.0, "offsetZ": 0.0, "rotationX": 0.0, "rotationY": 0.0, "rotationZ": 22.0 },
						"right wing": { "offsetX": 0.0, "offsetY": 0.0, "offsetZ": 0.0, "rotationX": 0.0, "rotationY": 62.0, "rotationZ": 42.0 },
						"left wing": { "offsetX": 0.0, "offsetY": 0.0, "offsetZ": 0.0, "rotationX": 0.0, "rotationY": -66.0, "rotationZ": 42.0 }
					}
				}
			]
		},

		{
			"name": "Hurt",
			"code": "hurt",
			"quantityframes": 30,
			"onActivityStopped": "PlayTillEnd",
			"onAnimationEnd": "Stop",
			"keyframes": [
				{
					"frame": 0,
					"elements": {
						"Body": { "offsetX": 0.0, "offsetY": 0.0, "offsetZ": 0.0, "rotationX": 0.0, "rotationY": 0.0, "rotationZ": 0.0 },
						"throat": { "offsetX": 0.0, "offsetY": 0.0, "offsetZ": 0.0, "rotationX": 0.0, "rotationY": 0.0, "rotationZ": 0.0 },
						"head": { "offsetX": 0.0, "offsetY": 0.0, "offsetZ": 0.0, "rotationX": 0.0, "rotationY": 0.0, "rotationZ": 0.0 },
						"tail": { "rotationX": 0.0, "rotationY": 0.0, "rotationZ": 0.0 },
						"thighs right": { "offsetX": 0.0, "offsetY": 0.0, "offsetZ": 0.0, "rotationX": 0.0, "rotationY": 0.0, "rotationZ": 0.0 },
						"leg right": { "offsetX": 0.0, "offsetY": 0.0, "offsetZ": 0.0, "rotationX": 0.0, "rotationY": 0.0, "rotationZ": 0.0 },
						"toes right": { "offsetX": 0.0, "offsetY": 0.0, "offsetZ": 0.0, "rotationX": 0.0, "rotationY": 0.0, "rotationZ": 0.0 },
						"thighs left": { "offsetX": 0.0, "offsetY": 0.0, "offsetZ": 0.0, "rotationX": 0.0, "rotationY": 0.0, "rotationZ": 0.0 },
						"leg left": { "offsetX": 0.0, "offsetY": 0.0, "offsetZ": 0.0, "rotationX": 0.0, "rotationY": 0.0, "rotationZ": 0.0 },
						"toes left": { "offsetX": 0.0, "offsetY": 0.0, "offsetZ": 0.0, "rotationX": 0.0, "rotationY": 0.0, "rotationZ": 0.0 },
						"right wing": { "rotationX": 0.0, "rotationY": 0.0, "rotationZ": 0.0 },
						"left wing": { "rotationX": 0.0, "rotationY": 0.0, "rotationZ": 0.0 }
					}
				},
				{
					"frame": 6,
					"elements": {
						"Body": { "offsetX": 0.0, "offsetY": 0.0, "offsetZ": 0.0, "rotationX": 0.0, "rotationY": 0.0, "rotationZ": -10.0 },
						"throat": { "offsetX": 0.0, "offsetY": 0.0, "offsetZ": 0.0, "rotationX": 0.0, "rotationY": 0.0, "rotationZ": -15.0 },
						"head": { "offsetX": 0.0, "offsetY": 0.0, "offsetZ": 0.0, "rotationX": 0.0, "rotationY": 0.0, "rotationZ": 5.0 },
						"tail": { "rotationX": 0.0, "rotationY": 0.0, "rotationZ": 15.0 },
						"thighs right": { "offsetX": 0.0, "offsetY": 0.0, "offsetZ": 0.0, "rotationX": 0.0, "rotationY": 0.0, "rotationZ": 2.0 },
						"leg right": { "offsetX": 0.0, "offsetY": 0.0, "offsetZ": 0.0, "rotationX": 0.0, "rotationY": 0.0, "rotationZ": 5.0 },
						"toes right": { "offsetX": 0.0, "offsetY": 0.0, "offsetZ": 0.0, "rotationX": 0.0, "rotationY": 0.0, "rotationZ": 0.0 },
						"thighs left": { "offsetX": 0.0, "offsetY": 0.0, "offsetZ": 0.0, "rotationX": 0.0, "rotationY": 0.0, "rotationZ": 0.0 },
						"leg left": { "offsetX": 0.0, "offsetY": 0.0, "offsetZ": 0.0, "rotationX": 0.0, "rotationY": 0.0, "rotationZ": 3.0 },
						"toes left": { "offsetX": 0.0, "offsetY": 0.0, "offsetZ": 0.0, "rotationX": 0.0, "rotationY": 0.0, "rotationZ": 0.0 },
						"right wing": { "rotationX": 30.0, "rotationY": 34.0, "rotationZ": 8.0 },
						"left wing": { "rotationX": -30.0, "rotationY": -34.0, "rotationZ": 8.0 }
					}
				}
			]
		},

		{
			"name": "Idle",
			"code": "idle",
			"quantityframes": 30,
			"onActivityStopped": "EaseOut",
			"onAnimationEnd": "Repeat",
			"keyframes": [
				{
					"frame": 0,
					"elements": {
						"Body": { "offsetX": 0.0, "offsetY": 0.0, "offsetZ": 0.0, "rotationX": 0.0, "rotationY": 0.0, "rotationZ": 0.0 },
						"throat": { "offsetX": 0.0, "offsetY": 0.0, "offsetZ": 0.0, "rotationX": 0.0, "rotationY": 0.0, "rotationZ": 0.0 },
						"head": { "offsetX": 0.0, "offsetY": 0.0, "offsetZ": 0.0, "rotationX": 0.0, "rotationY": 0.0, "rotationZ": 0.0 },
						"tail": { "rotationX": 0.0, "rotationY": 0.0, "rotationZ": 0.0 },
						"thighs right": { "offsetX": 0.0, "offsetY": 0.0, "offsetZ": 0.0, "rotationX": 0.0, "rotationY": 0.0, "rotationZ": 0.0 },
						"leg right": { "offsetX": 0.0, "offsetY": 0.0, "offsetZ": 0.0, "rotationX": 0.0, "rotationY": 0.0, "rotationZ": 0.0 },
						"toes right": { "offsetX": 0.0, "offsetY": 0.0, "offsetZ": 0.0, "rotationX": 0.0, "rotationY": 0.0, "rotationZ": 0.0 },
						"thighs left": { "offsetX": 0.0, "offsetY": 0.0, "offsetZ": 0.0, "rotationX": 0.0, "rotationY": 0.0, "rotationZ": 0.0 },
						"leg left": { "offsetX": 0.0, "offsetY": 0.0, "offsetZ": 0.0, "rotationX": 0.0, "rotationY": 0.0, "rotationZ": 0.0 },
						"toes left": { "offsetX": 0.0, "offsetY": 0.0, "offsetZ": 0.0, "rotationX": 0.0, "rotationY": 0.0, "rotationZ": 0.0 },
						"left wing": { "rotationX": 0.0, "rotationY": 0.0, "rotationZ": 0.0 },
						"right wing": { "rotationX": 0.0, "rotationY": 0.0, "rotationZ": 0.0 }
					}
				},
				{
					"frame": 15,
					"elements": {
						"Body": { "offsetX": 0.0, "offsetY": 0.0, "offsetZ": 0.0, "rotationX": 0.0, "rotationY": 0.0, "rotationZ": -1.0 },
						"throat": { "offsetX": 0.0, "offsetY": 0.0, "offsetZ": 0.0, "rotationX": 0.0, "rotationY": 0.0, "rotationZ": 1.0 },
						"head": { "offsetX": 0.0, "offsetY": 0.0, "offsetZ": 0.0, "rotationX": 0.0, "rotationY": 0.0, "rotationZ": 0.0 },
						"tail": { "rotationX": 0.0, "rotationY": 0.0, "rotationZ": 0.0 },
						"thighs right": { "offsetX": 0.0, "offsetY": 0.0, "offsetZ": 0.0, "rotationX": 0.0, "rotationY": 0.0, "rotationZ": 1.0 },
						"leg right": { "offsetX": 0.0, "offsetY": 0.0, "offsetZ": 0.0, "rotationX": 0.0, "rotationY": 0.0, "rotationZ": 0.0 },
						"toes right": { "offsetX": 0.0, "offsetY": 0.0, "offsetZ": 0.0, "rotationX": 0.0, "rotationY": 0.0, "rotationZ": 0.0 },
						"thighs left": { "offsetX": 0.0, "offsetY": 0.0, "offsetZ": 0.0, "rotationX": 0.0, "rotationY": 0.0, "rotationZ": 1.0 },
						"leg left": { "offsetX": 0.0, "offsetY": 0.0, "offsetZ": 0.0, "rotationX": 0.0, "rotationY": 0.0, "rotationZ": 0.0 },
						"toes left": { "offsetX": 0.0, "offsetY": 0.0, "offsetZ": 0.0, "rotationX": 0.0, "rotationY": 0.0, "rotationZ": 0.0 },
						"right wing": { "rotationX": 0.0, "rotationY": 0.0, "rotationZ": 0.0 },
						"left wing": { "rotationX": 0.0, "rotationY": 0.0, "rotationZ": 0.0 }
					}
				}
			]
		},

		{
			"name": "Sit",
			"code": "sit",
			"quantityframes": 30,
			"onActivityStopped": "EaseOut",
			"onAnimationEnd": "Repeat",
			"keyframes": [
				{
					"frame": 0,
					"elements": {
						"Body": { "offsetX": 0.0, "offsetY": -2.5, "offsetZ": 0.0, "rotationX": 0.0, "rotationY": 0.0, "rotationZ": 3.0 },
						"throat": { "rotationX": 0.0, "rotationY": 0.0, "rotationZ": -33.0 },
						"head": { "offsetX": 0.3, "offsetY": 0.0, "offsetZ": 0.0, "rotationX": 0.0, "rotationY": 0.0, "rotationZ": 28.0 },
						"thighs right": { "offsetX": 1.0, "offsetY": -0.5, "offsetZ": 0.0, "rotationX": 0.0, "rotationY": 0.0, "rotationZ": 3.0 },
						"leg right": { "offsetX": 1.0, "offsetY": 0.0, "offsetZ": 0.0, "rotationX": 0.0, "rotationY": 0.0, "rotationZ": -94.0 },
						"toes right": { "offsetX": 0.0, "offsetY": 0.5, "offsetZ": 0.0, "rotationX": 0.0, "rotationY": 0.0, "rotationZ": -102.0 },
						"thighs left": { "offsetX": 1.0, "offsetY": -0.5, "offsetZ": 0.0, "rotationX": 0.0, "rotationY": 0.0, "rotationZ": 7.0 },
						"leg left": { "offsetX": 0.5, "offsetY": 0.0, "offsetZ": 0.0, "rotationX": 0.0, "rotationY": 0.0, "rotationZ": -89.0 },
						"toes left": { "offsetX": 0.0, "offsetY": -0.5, "offsetZ": 0.0, "rotationX": 0.0, "rotationY": 0.0, "rotationZ": 78.0 }
					}
				},
				{
					"frame": 15,
					"elements": {
						"Body": { "offsetX": 0.0, "offsetY": -2.5, "offsetZ": 0.0, "rotationX": 0.0, "rotationY": 0.0, "rotationZ": 2.0 },
						"throat": { "rotationX": 0.0, "rotationY": 0.0, "rotationZ": -32.0 },
						"head": { "offsetX": 0.3, "offsetY": 0.0, "offsetZ": 0.0, "rotationX": 0.0, "rotationY": 0.0, "rotationZ": 28.0 },
						"thighs right": { "offsetX": 1.1, "offsetY": -0.5, "offsetZ": 0.0, "rotationX": 0.0, "rotationY": 0.0, "rotationZ": 4.0 },
						"leg right": { "offsetX": 1.0, "offsetY": 0.0, "offsetZ": 0.0, "rotationX": 0.0, "rotationY": 0.0, "rotationZ": -94.0 },
						"toes right": { "offsetX": 0.0, "offsetY": 0.5, "offsetZ": 0.0, "rotationX": 0.0, "rotationY": 0.0, "rotationZ": -102.0 },
						"thighs left": { "offsetX": 1.1, "offsetY": -0.5, "offsetZ": 0.0, "rotationX": 0.0, "rotationY": 0.0, "rotationZ": 8.0 },
						"leg left": { "offsetX": 0.5, "offsetY": 0.0, "offsetZ": 0.0, "rotationX": 0.0, "rotationY": 0.0, "rotationZ": -89.0 },
						"toes left": { "offsetX": 0.0, "offsetY": -0.5, "offsetZ": 0.0, "rotationX": 0.0, "rotationY": 0.0, "rotationZ": 78.0 }
					}
				}
			]
		},

		{
			"name": "Sleep",
			"code": "sleep",
			"quantityframes": 30,
			"onActivityStopped": "EaseOut",
			"onAnimationEnd": "Repeat",
			"keyframes": [
				{
					"frame": 0,
					"elements": {
						"Body": { "offsetX": 0.0, "offsetY": -4.0, "offsetZ": 0.0, "rotationX": 0.0, "rotationY": 0.0, "rotationZ": 3.0 },
						"throat": { "offsetX": 0.0, "offsetY": -1.0, "offsetZ": 0.0, "rotationX": 0.0, "rotationY": 0.0, "rotationZ": -30.0 },
						"head": { "offsetX": 0.3, "offsetY": 0.0, "offsetZ": 0.0, "rotationX": 0.0, "rotationY": 0.0, "rotationZ": 61.0 },
						"thighs right": { "offsetX": 1.0, "offsetY": 0.5, "offsetZ": 0.0, "rotationX": 0.0, "rotationY": 0.0, "rotationZ": 3.0 },
						"leg right": { "offsetX": 1.0, "offsetY": 0.0, "offsetZ": 0.0, "rotationX": 0.0, "rotationY": 0.0, "rotationZ": -94.0 },
						"toes right": { "offsetX": 0.0, "offsetY": 0.5, "offsetZ": 0.0, "rotationX": 0.0, "rotationY": 0.0, "rotationZ": -102.0 },
						"thighs left": { "offsetX": 1.0, "offsetY": 0.5, "offsetZ": 0.0, "rotationX": 0.0, "rotationY": 0.0, "rotationZ": 6.0 },
						"leg left": { "offsetX": 0.5, "offsetY": 0.0, "offsetZ": 0.0, "rotationX": 0.0, "rotationY": 0.0, "rotationZ": -89.0 },
						"toes left": { "offsetX": 0.0, "offsetY": -0.5, "offsetZ": 0.0, "rotationX": 0.0, "rotationY": 0.0, "rotationZ": 78.0 }
					}
				},
				{
					"frame": 15,
					"elements": {
						"Body": { "offsetX": 0.0, "offsetY": -4.0, "offsetZ": 0.0, "rotationX": 0.0, "rotationY": 0.0, "rotationZ": 2.0 },
						"throat": { "offsetX": 0.0, "offsetY": -1.0, "offsetZ": 0.0, "rotationX": 0.0, "rotationY": 0.0, "rotationZ": -30.0 },
						"head": { "offsetX": 0.3, "offsetY": 0.0, "offsetZ": 0.0, "rotationX": 0.0, "rotationY": 0.0, "rotationZ": 63.0 },
						"thighs right": { "offsetX": 1.1, "offsetY": 0.5, "offsetZ": 0.0, "rotationX": 0.0, "rotationY": 0.0, "rotationZ": 4.0 },
						"leg right": { "offsetX": 1.0, "offsetY": 0.0, "offsetZ": 0.0, "rotationX": 0.0, "rotationY": 0.0, "rotationZ": -94.0 },
						"toes right": { "offsetX": 0.0, "offsetY": 0.5, "offsetZ": 0.0, "rotationX": 0.0, "rotationY": 0.0, "rotationZ": -102.0 },
						"thighs left": { "offsetX": 1.1, "offsetY": 0.5, "offsetZ": 0.0, "rotationX": 0.0, "rotationY": 0.0, "rotationZ": 7.0 },
						"leg left": { "offsetX": 0.5, "offsetY": 0.0, "offsetZ": 0.0, "rotationX": 0.0, "rotationY": 0.0, "rotationZ": -89.0 },
						"toes left": { "offsetX": 0.0, "offsetY": -0.5, "offsetZ": 0.0, "rotationX": 0.0, "rotationY": 0.0, "rotationZ": 78.0 }
					}
				}
			]
		}
	]
}