{
	"code": "clothes",
	"class": "ItemWearable",
	"variantgroups": [
		{ "code": "category", "states": ["foot"] },
		{ "code": "foot", "onVariant": "category", "states": ["mukluks"] },
		{ "code": "color", "states": ["black", "brown", "white", "plain"] }
	],
	"shapeByType": {
		"*": { "base": "item/mukluks" }
	},
	"storageFlags": 128,
	"attributes": {
		"clothescategory": "foot",
		"wearableAttachment": true
	},
	"attributesByType": {
		"*": { warmth: 2 }
	},
	"texturesByType": {
		"*": {
			"seraph": { "base": "game:block/transparent" },
			"mukluks": { "base": "item/mukluks/{color}" }
		}
	},
	"creativeinventory": {
		"americanfrontiersmanwesternwear": ["*"]
	},
	"renderAlphaTest": 0.25,
	"fpHandTransform": {
		"translation": { "x": -0.25, "y": -0.1, "z": 0.5 },
		"rotation": { "x": 180, "y": 159, "z": 150 },
		"scale": 2
	},
	"tpHandTransform": {
		"translation": { "x": 0.48, "y": -0.38, "z": -0.57 },
		"rotation": { "x": 0, "y": 90, "z": 0 },
		"origin": {"x": 0, "y": 0, "z": 0 },
		"scale": 0.75
	},
	"guiTransform": {
		"translation": { "x": 0, "y": -4, "z": 0 },
		"rotation": { "x": -21, "y": -46, "z": 180 },
		"origin": {"x": 1, "y": 0, "z": 0 },
		"scaleXyz": { x: -2.4, y: 2.4, z: 2.4 }
	}
}