{
    "code": "pekin-duck-male",
    "class": "EntityAgent",
	tags: ["animal", "huntable", "adult", "habitat-land"],		
 "hitboxSize": {
        "x": 0.6,
        "y": 0.6
    },
    "variantgroups": [
        {
            "code": "age",
            "states": [
                "adult",
                "young"
            ]
        }
    ],
    "deadHitboxSize": {
        "x": 0.5,
        "y": 0.25
    },
    "eyeHeight": 0.5,
    "weight": 0.83,
    "attributes": {
"creatureDiet":{
		  "foodCategories": ["Grain","Fruit","Vegetable"],
		  "weightedFoodTags":[
            {
               "weight":0.5,
               "code":"nibbleCrop"
            },
            {
               "weight":0.3,
               "code":"lootableSweet"
            },
            {
               "weight":0.3,
               "code":"tastyvegetable"
            },
            {
               "weight":0.7,
               "code":"sweetBerryBush"
            },
            {
               "weight":1,
               "code":"grain"
            }
         ],
         "skipFoodTags":[
            "honeycomb"
         ]
      },		
		trappable: {
			"small": { trapChance: 0.5, trapDestroyChance: 0.01 }
		},
        "handbook": {
            "groupcode": "thecritterpack:creaturegroup-pekinduck"
        }
    },
    "client": {
        "renderer": "Shape",
        "shape": {
            "base": "entity/land/duck/pekin-duck-shape"
        },
        "texture": {
            "base": "entity/duck/pekin-duck-male",
            "alternates": [
                {
                    "base": "entity/duck/pekin-duck-male"
                }
            ]
        },
        "sizeByType": {
            "*-young": 1.1,
            "*": 1.32
        },
        "sizeGrowthFactorByType": {
            "*-young": 0.2,
            "*": 0
        },
        "behaviors": [
            {
                "code": "repulseagents"
            },
            {
                "code": "controlledphysics",
                "stepHeight": 1.1251
            },
            {
                "code": "floatupwhenstuck",
                "onlyWhenDead": true
            },
            {
                "code": "interpolateposition"
            },
            {
                "code": "harvestable"
            },
            {
                "code": "despawn",
                "minPlayerDistance": 8,
                "belowLightLevel": 8,
                "minSeconds": 300
            },
            {
                "code": "pettable",
                "minGeneration": 1
            }
        ],
        "animations": [
            {
                "code": "hurt",
                "animation": "hurt",
                "animationSpeed": 2.2,
                "weight": 10,
                "blendMode": "AddAverage"
            },
            {
                "code": "eat",
                "animation": "eat",
                "animationSpeed": 1,
                "weight": 1,
                "blendMode": "Add"
            },{
                "code": "swim",
                "animation": "Swim",
                "supressDefaultAnimation": true,
				"weight": 2,
                "blendMode": "Average",				
                "triggeredBy": {
                    "onControls": [
                    "swim",
                    ]
                },
				"animationSpeed": 0.5
				
            },	
            {
                "code": "walk",
                "animation": "Walk",
                "supressDefaultAnimation": true,
                "blendMode": "Average",
                "animationSpeed": 2.2
            },
            {
                "code": "idle",
                "animation": "Idle",
                "blendMode": "AddAverage",
                "easeOutSpeed": 4,
                "triggeredBy": {
                    "defaultAnim": true
                }
            },
            {
                "code": "die",
                "animation": "death",
                "animationSpeed": 1.25,
                "weight": 10,
                "blendMode": "Average",
                "triggeredBy": {
                    "onControls": [
                        "dead"
                    ]
                }
            },
            {
                "code": "sleep",
                "animation": "sleep",
                "easeInSpeed": 4,
                "easeOutSpeed": 4,
                "blendMode": "Average"
            },
			{
				code: "sit", 
				animation: "sit",
				easeInSpeed: 4,
				easeOutSpeed: 4,
				blendMode: "Average", 
			}
        ]
    },
    "server": {
        "attributes": {
            "pathfinder": {
                "minTurnAnglePerSec": 190,
                "maxTurnAnglePerSec": 280
            }
        },
        "behaviors": [
            {
                "code": "repulseagents"
            },
            {
                "code": "controlledphysics",
                "stepHeight": 1.1251
            },
            {
                "code": "despawn",
                "minPlayerDistance": 8,
                "belowLightLevel": 8,
                "minSeconds": 300
            },
            {
                "code": "health",
                "currenthealth": 3,
                "maxhealth": 3
            },
            {
                "code": "deaddecay",
                "hoursToDecay": 96,
                "decayedBlock": "carcass-tiny"
            },
            {
                "code": "floatupwhenstuck",
                "onlyWhenDead": true
            },
            {
                "code": "harvestable",
                "drops": [
                    {
                        "type": "item",
                        "code": "poultry-raw",
                        "quantityByType": {
                            "*-young": {
                                "avg": 1.25,
                                "var": 0.25
                            },
                            "*": {
                                "avg": 2.25,
                                "var": 1.75
                            }
                        }
                    },
                    {
                        "type": "item",
                        "code": "feather",
                        "quantity": {
                            "avg": 6,
                            "var": 4
                        }
                    }
                ]
            },
            {
                "code": "grow",
                "enabledByType": {
                    "*-young": true,
                    "*-adult": false
                },
                "hoursToGrow": 78,
                "adultEntityCodesByType": {
                    "*-male-adult": [
                        "thecritterpack:pekin-duck-male-adult"
                    ]
                }
            },
            {
                "code": "emotionstates",
                "states": [
                    {
                        "code": "alarmherdondamage",
                        "chance": 0.35,
                        "slot": 1,
                        "priority": 1,
                        "accumType": "max"
                    }
                ]
            },
            {
                "code": "taskai",
                "aiCreatureType": "SeaCreature",
                "aitasks": [
                    {
                        "code": "fleeentity",
                        "entityCodes": [
                            "wolf-male",
                            "wolf-female",
                            "fox-*",
                            "bear-*"
                        ],
                        "priority": 2.8,
                        "movespeed": 0.025,
                        "animationSpeed": 1.8,
                        "seekingRange": 7,
                        "animation": "walk",
                        "instafleeOnDamageChance": 1
                    },
                    {
                        "code": "stayclosetoentity",
                        "priority": 2.7,
                        "entityCodeByType": {
                            "pekin-duck-male-*": "pekin-duck-female-adult"
                        },
                        "movespeed": 0.013,
                        "maxDistance": 9,
                        "searchRange": 20,
                        "animation": "walk",
                        "animationSpeed": 0.75
                    },
                    {
                        "code": "fleeentity",
                        "entityCodes": [
                            "player",
                            "wolf-male",
                            "wolf-female",
                            "fox-*",
                            "bear-*"
                        ],
                        "priority": 1.5,
                        "movespeed": 0.012,
                        "seekingRange": 7,
                        "animation": "Walk",
                        "animationSpeed": 2.4,
                        "instafleeOnDamageChance": 0
                    },
                    {
                        "code": "idle",
                        "priority": 1.27,
                        "minduration": 5000000,
                        "maxduration": 5000000,
                        "mincooldown": 5000,
                        "maxcooldown": 15000,
                        "priorityForCancel": 1.38,
                        "animation": "Sleep",
                        "whenNotInEmotionState": "aggressiveondamage",
                        "duringDayTimeFrames": [
                            {
                                "fromHour": 20,
                                "toHour": 24
                            },
                            {
                                "fromHour": 0,
                                "toHour": 6
                            }
                        ],
                        "stopOnNearbyEntityCodes": [
                            "player",
                            "wolf-male",
                            "wolf-female",
                            "fox-*"
                        ],
                        "stopRange": 8,
                        "stopOnHurt": true
                    },
                    {
                        "code": "getoutofwater",
                        "whenSwimming": "true",
                        "priority": 2.35,
                        "priorityForCancel": 1.35,
                        "movespeed": 0.023,
                        "animation": "Swim",
                        "animationSpeed": 1.92
                    },
                    {
                        "code": "idle",
                        "priority": 1.2,
                        "minduration": 1500,
                        "maxduration": 4500,
                        "mincooldown": 1000,
                        "maxcooldown": 10000,
                        "priorityForCancel": 1.29,
                        "animation": "Eat"
                    },
                    {
                        "code": "idle",
                        "priority": 1.1,
                        "minduration": 1000,
                        "maxduration": 3000,
                        "mincooldown": 2000,
                        "maxcooldown": 30000,
                        "priorityForCancel": 1.29,
                        "animation": "Idle"
                    },
                    {
                        "code": "wander",
                        "priority": 1,
                        "priorityForCancel": 1.35,
                        "movespeed": 0.008,
                        "animation": "Walk",
                        "stopOnNearbyEntityCodes": [
                            "fox-*",
                            "wolf-*",
                            "bear-*"
                        ],
                        "animationSpeed": 0.75
                    },
                    {
                        "code": "idle",
                        "priority": 0.9,
                        "minduration": 6000,
                        "maxduration": 40000,
                        "mincooldown": 2000,
                        "maxcooldown": 12000,
                        "priorityForCancel": 1.29,
                        "animation": "Sit",
                        "stopRange": 9,
                        "stopOnNearbyEntityCodes": [
                            "fox-*",
                            "wolf-*",
                            "bear-*"
                        ]
                    },
                    {
                        "code": "seekfoodandeat",
                        "priority": 1.62,
                        "seekingRange": 4,
                        "eatSound": "game:player/eat",
                        "eatTime": 1.5,
                        "eatAnimation": "Eat",
                        "eatLooseItems": true,
                        "eatItemCategories": [
                            "Grain",
                            "Fruit",
                            "Vegetable"
                        ],
                        "movespeed": 0.012,
						animationSpeed: 0.7,
                        "animation": "Walk",
                        "mincooldownHours": 3,
                        "maxcooldownHours": 4
                    },
                    {
                        "code": "lookaround",
                        "priority": 0.5
                    },
                    {
                        "code": "fleeentity",
                        "entityCodes": [
                            "player"
                        ],
                        "priority": 2.7,
                        "movespeed": 0.025,
                        "animationSpeed": 1.8,
                        "seekingRange": 4,
                        "animation": "walk",
                        "instafleeOnDamageChance": 1
                    },
                    {
                        "code": "fleeentity",
                        "entityCodes": [
                            "straw-scarecrow-entity"
                        ],
                        "priority": 2.0,
                        "movespeed": 0.010,
                        "animation": "Walk",
                        "animationSpeed": 0.75
                    },
                ]
            },
			{ code: "entitystatetags" },			
        ],
        "spawnconditions": {
            "worldgen": {
                "TriesPerChunk": {
                    "avg": 0.002,
                    "var": 0.008
                },
                "tryOnlySurface": true,
                "minLightLevel": 7,
                "groupSize": {
                    "dist": "INVERSEGAUSSIAN",
                    "avg": 3,
                    "var": 2
                },
				"maxQuantity":1,
                "insideBlockCodes": [
					"game:air",
                    "game:tallplant-*",
                    "game:tallplant-coopersreed-water-normal-free",
                    "game:aquatic-watercrowfoot-top",
                    "game:tallplant-coopersreed-land-normal-free",
                    "game:tallplant-tule-land-normal-free",
                    "game:tallplant-brownsedge-land-normal-free",
                    "game:water-still-*",
                    "game:sand-*"
                ],
                "minTemp": -2,
                "maxTemp": 25,
                "minRain": 0.1,
                "minShrubs": 0.1,
                "minForest": 0,
                "maxForest": 0.5,
                "companions": [
                    "thecritterpack:pekin-duck-female-adult",
                    "thecritterpack:pekin-duck-baby"
                ]
            },
            "runtime": {
                "tryOnlySurface": true,
                "chance": 0.0001,
                "maxQuantity": 1,
                "maxLightLevel": 7,
                "lightLevelType": "onlyBlockLight",
                "groupSize": {
                    "dist": "INVERSEGAUSSIAN",
                    "avg": 2,
                    "var": 1
                },
                "insideBlockCodes": [
                    "game:tallplant-*",
                    "game:tallplant-coopersreed-water-normal-free",
                    "game:aquatic-watercrowfoot-top",
                    "game:tallplant-coopersreed-land-normal-free",
                    "game:tallplant-tule-land-normal-free",
                    "game:tallplant-brownsedge-land-normal-free",
                    "game:water-still-7"
                ],
                "minTemp": -2,
                "maxTemp": 25,
                "minRain": 0.1,
                "minForest": 0,
                "maxForest": 0.45,
                "companions": [
                    "thecritterpack:pekin-duck-female-adult"
                ]
            }
        }
    },
    "sounds": {
        "idle": "creature/duck/male-duck-*",
        "hurt": "creature/duck/duckx-02"
    },
    "idleSoundChance": 0.25
}