[
	{
		"enabled": false,
		"name": "Create Cellar Door 45°",
		"ingredientPattern": "D",
		"ingredients": {
			"D": { "type": "block", "code": "game:door-solid-*", "name": "wuud" }
		},
		"width": 1,
		"height": 1,
		"output": { "type": "block", "code": "cellardoor-solide-{wuud}-45" }
	},
	{
		"name": "Transform Cellar Door 70°",
		"ingredientPattern": "D",
		"ingredients": {
			"D": { "type": "block", "code": "cellardoor-solide-*-45", "name": "wuud" }
		},
		"width": 1,
		"height": 1,
		"output": { "type": "block", "code": "cellardoor-solide-{wuud}-70" }
	},
	{
		"name": "Transform Cellar Door 90°",
		"ingredientPattern": "D",
		"ingredients": {
			"D": { "type": "block", "code": "cellardoor-solide-*-70", "name": "wuud" }
		},
		"width": 1,
		"height": 1,
		"output": { "type": "block", "code": "cellardoor-solide-{wuud}-90" }
	},
	{
		"name": "Create Vanilla Door",
		"ingredientPattern": "D",
		"ingredients": {
			"D": { "type": "block", "code": "cellardoor-solide-*-90", "name": "wuud" }
		},
		"width": 1,
		"height": 1,
		"output": { "type": "block", "code": "game:door-solid-{wuud}" }
	}	
]