[
	{
		"ingredientPattern": "R_,RD,R_",
		"ingredients": {
			"D": { "type": "block", "code": "game:door-crude" },
			"R": { "type": "item", "code": "game:rope" }
		},
		"width": 2,
		"height": 3,
		"output": { "type": "block", "code": "door-crude-advanced" }
	},
	{
		"ingredientPattern": "_S_,SDG,_S_",
		"ingredients": {
			"D": { "type": "block", "code": "door-crude-advanced" },
			"G": { "type": "item", "code": "game:glueportion-pitch-hot" },
			"S": { "type": "item", "code": "game:drygrass"}
		},
		"width": 3,
		"height": 3,
		"output": { "type": "block", "code": "door-crude-advanced-straw" }
	},
	{
		"ingredientPattern": "R_,RD,R_",
		"ingredients": {
			"D": { "type": "item", "code": "caspart" },
			"R": { "type": "item", "code": "game:rope" }
		},
		"width": 2,
		"height": 3,
		"output": { "type": "block", "code": "door-crude-advanced-straw" }
	},
	{
		"//comment": "Why though",
		"ingredientPattern": "KD",
		"ingredients": {
			"D": { "type": "block", "code": "door-crude-advanced" },
			"K": { "type": "item", "code": "game:knife-*", "isTool": true, "toolDurabilityCost": 3 }
		},
		"width": 2,
		"height": 1,
		"shapeless": true,
		"output": { "type": "block", "code": "game:door-crude" }
	}
]