{
	"editor": {
		"allAngles": false,
		"entityTextureMode": false
	},
	"textureWidth": 16,
	"textureHeight": 16,
	"textureSizes": {
	},
	"textures": {
		"sides": "game:block/clay/flowerpot/sides/burnt",
		"topbottom": "game:block/clay/flowerpot/sides/burnt"
	},
	"elements": [
		{
			"name": "origin",
			"from": [ 6.0, 0.0, 6.0 ],
			"to": [ 6.0, 0.0, 6.0 ],
			"rotationOrigin": [ 6.0, 0.0, 6.0 ],
			"faces": {
			},
			"children": [
				{
					"name": "Bottom",
					"from": [ 0.0, 0.0, 0.0 ],
					"to": [ 4.0, 1.0, 4.0 ],
					"rotationOrigin": [ -6.0, 0.0, -6.0 ],
					"faces": {
						"up": { "texture": "#topbottom", "uv": [ 8.0, 12.0, 12.0, 16.0 ] },
						"down": { "texture": "#topbottom", "uv": [ 1.0, 11.0, 5.0, 15.0 ] }
					}
				},
				{
					"name": "Side N",
					"from": [ -0.5, 0.0, -0.5 ],
					"to": [ 4.5, 5.0, 0.0 ],
					"rotationOrigin": [ -6.0, 0.0, -6.0 ],
					"faces": {
						"north": { "texture": "#sides", "uv": [ 1.0, 1.0, 6.0, 6.0 ] },
						"east": { "texture": "#sides", "uv": [ 0.0, 1.0, 0.5, 6.0 ] },
						"south": { "texture": "#topbottom", "uv": [ 0.0, 0.0, 5.0, 5.0 ] },
						"west": { "texture": "#sides", "uv": [ 7.0, 1.0, 7.5, 6.0 ] },
						"up": { "texture": "#sides", "uv": [ 1.0, 0.0, 6.0, 0.5 ], "rotation": 180 },
						"down": { "texture": "#topbottom", "uv": [ 0.0, 10.0, 5.0, 10.5 ] }
					}
				},
				{
					"name": "Side S",
					"from": [ -0.5, 0.0, 4.0 ],
					"to": [ 4.5, 5.0, 4.5 ],
					"rotationOrigin": [ -6.0, 0.0, -6.0 ],
					"faces": {
						"north": { "texture": "#topbottom", "uv": [ 4.0, 0.0, 9.0, 5.0 ] },
						"east": { "texture": "#sides", "uv": [ 15.0, 1.0, 15.5, 6.0 ] },
						"south": { "texture": "#sides", "uv": [ 9.0, 1.0, 14.0, 6.0 ] },
						"west": { "texture": "#sides", "uv": [ 8.0, 1.0, 8.5, 6.0 ] },
						"up": { "texture": "#sides", "uv": [ 9.0, 0.0, 14.0, 0.5 ] },
						"down": { "texture": "#topbottom", "uv": [ 0.0, 15.0, 5.0, 15.5 ] }
					}
				},
				{
					"name": "Side W",
					"from": [ -0.5, 0.0, 0.0 ],
					"to": [ 0.0, 5.0, 4.0 ],
					"rotationOrigin": [ -6.0, 0.0, -6.0 ],
					"faces": {
						"east": { "texture": "#topbottom", "uv": [ 8.5, 0.0, 12.5, 5.0 ] },
						"west": { "texture": "#sides", "uv": [ 2.0, 9.0, 6.0, 14.0 ] },
						"up": { "texture": "#sides", "uv": [ 2.0, 8.0, 6.0, 8.5 ], "rotation": 90 },
						"down": { "texture": "#topbottom", "uv": [ 5.0, 11.0, 5.5, 15.0 ] }
					}
				},
				{
					"name": "Side E",
					"from": [ 4.0, 0.0, 0.0 ],
					"to": [ 4.5, 5.0, 4.0 ],
					"rotationOrigin": [ -6.0, 0.0, -6.0 ],
					"faces": {
						"east": { "texture": "#sides", "uv": [ 10.0, 9.0, 14.0, 14.0 ] },
						"west": { "texture": "#topbottom", "uv": [ 12.0, 0.0, 16.0, 5.0 ] },
						"up": { "texture": "#sides", "uv": [ 10.0, 8.0, 14.0, 8.5 ], "rotation": 270 },
						"down": { "texture": "#topbottom", "uv": [ 0.0, 11.0, 0.5, 15.0 ] }
					}
				},
				{
					"name": "Side N2",
					"from": [ 0.0, 5.0, 0.0 ],
					"to": [ 4.0, 6.0, 0.5 ],
					"rotationOrigin": [ -6.0, 5.0, -5.0 ],
					"faces": {
						"north": { "texture": "#sides", "uv": [ 1.0, 1.0, 5.0, 2.0 ] },
						"east": { "texture": "#sides", "uv": [ 0.0, 1.0, 0.5, 2.0 ] },
						"south": { "texture": "#topbottom", "uv": [ 0.0, 0.0, 4.0, 1.0 ] },
						"west": { "texture": "#sides", "uv": [ 7.0, 1.0, 7.5, 2.0 ] },
						"up": { "texture": "#sides", "uv": [ 1.0, 0.0, 5.0, 0.5 ], "rotation": 180 },
						"down": { "texture": "#topbottom", "uv": [ 0.0, 10.0, 4.0, 10.5 ] }
					}
				},
				{
					"name": "Side N3",
					"from": [ 0.0, 5.0, 3.5 ],
					"to": [ 4.0, 6.0, 4.0 ],
					"rotationOrigin": [ -6.0, 5.0, -2.0 ],
					"faces": {
						"north": { "texture": "#sides", "uv": [ 1.0, 1.0, 5.0, 2.0 ] },
						"east": { "texture": "#sides", "uv": [ 0.0, 1.0, 0.5, 2.0 ] },
						"south": { "texture": "#topbottom", "uv": [ 0.0, 0.0, 4.0, 1.0 ] },
						"west": { "texture": "#sides", "uv": [ 7.0, 1.0, 7.5, 2.0 ] },
						"up": { "texture": "#sides", "uv": [ 1.0, 0.0, 5.0, 0.5 ], "rotation": 180 },
						"down": { "texture": "#topbottom", "uv": [ 0.0, 10.0, 4.0, 10.5 ] }
					}
				},
				{
					"name": "Side E2",
					"from": [ 3.5, 5.0, 0.5 ],
					"to": [ 4.0, 6.0, 3.5 ],
					"rotationOrigin": [ -7.0, 5.0, -6.0 ],
					"faces": {
						"east": { "texture": "#sides", "uv": [ 10.0, 9.0, 13.0, 10.0 ] },
						"west": { "texture": "#topbottom", "uv": [ 12.0, 0.0, 15.0, 1.0 ] },
						"up": { "texture": "#sides", "uv": [ 10.0, 8.0, 13.0, 8.5 ], "rotation": 270 },
						"down": { "texture": "#topbottom", "uv": [ 0.0, 11.0, 0.5, 14.0 ] }
					}
				},
				{
					"name": "Side E3",
					"from": [ 0.0, 5.0, 0.5 ],
					"to": [ 0.5, 6.0, 3.5 ],
					"rotationOrigin": [ -11.0, 5.0, -6.0 ],
					"faces": {
						"east": { "texture": "#sides", "uv": [ 10.0, 9.0, 13.0, 10.0 ] },
						"west": { "texture": "#topbottom", "uv": [ 12.0, 0.0, 15.0, 1.0 ] },
						"up": { "texture": "#sides", "uv": [ 10.0, 8.0, 13.0, 8.5 ], "rotation": 270 },
						"down": { "texture": "#topbottom", "uv": [ 0.0, 11.0, 0.5, 14.0 ] }
					}
				},
				{
					"name": "Side E4",
					"from": [ -0.5, 6.0, 0.0 ],
					"to": [ 0.0, 6.5, 4.0 ],
					"rotationOrigin": [ -11.0, 6.0, -6.0 ],
					"faces": {
						"east": { "texture": "#sides", "uv": [ 10.0, 9.0, 14.0, 9.5 ] },
						"west": { "texture": "#topbottom", "uv": [ 12.0, 0.0, 16.0, 0.5 ] },
						"up": { "texture": "#sides", "uv": [ 10.0, 8.0, 14.0, 8.5 ], "rotation": 270 },
						"down": { "texture": "#topbottom", "uv": [ 0.0, 11.0, 0.5, 15.0 ] }
					}
				},
				{
					"name": "Side E5",
					"from": [ 4.0, 6.0, 0.0 ],
					"to": [ 4.5, 6.5, 4.0 ],
					"rotationOrigin": [ -6.0, 6.0, -6.0 ],
					"faces": {
						"east": { "texture": "#sides", "uv": [ 10.0, 9.0, 14.0, 9.5 ] },
						"west": { "texture": "#topbottom", "uv": [ 12.0, 0.0, 16.0, 0.5 ] },
						"up": { "texture": "#sides", "uv": [ 10.0, 8.0, 14.0, 8.5 ], "rotation": 270 },
						"down": { "texture": "#topbottom", "uv": [ 0.0, 11.0, 0.5, 15.0 ] }
					}
				},
				{
					"name": "Side N4",
					"from": [ -0.5, 6.0, 4.0 ],
					"to": [ 4.5, 6.5, 4.5 ],
					"rotationOrigin": [ -6.0, 6.0, -1.0 ],
					"faces": {
						"north": { "texture": "#sides", "uv": [ 1.0, 1.0, 6.0, 1.5 ] },
						"east": { "texture": "#sides", "uv": [ 0.0, 1.0, 0.5, 1.5 ] },
						"south": { "texture": "#topbottom", "uv": [ 0.0, 0.0, 5.0, 0.5 ] },
						"west": { "texture": "#sides", "uv": [ 7.0, 1.0, 7.5, 1.5 ] },
						"up": { "texture": "#sides", "uv": [ 1.0, 0.0, 6.0, 0.5 ], "rotation": 180 },
						"down": { "texture": "#topbottom", "uv": [ 0.0, 10.0, 5.0, 10.5 ] }
					}
				},
				{
					"name": "Side N5",
					"from": [ -0.5, 6.0, -0.5 ],
					"to": [ 4.5, 6.5, 0.0 ],
					"rotationOrigin": [ -6.0, 6.0, -5.0 ],
					"faces": {
						"north": { "texture": "#sides", "uv": [ 1.0, 1.0, 6.0, 1.5 ] },
						"east": { "texture": "#sides", "uv": [ 0.0, 1.0, 0.5, 1.5 ] },
						"south": { "texture": "#topbottom", "uv": [ 0.0, 0.0, 5.0, 0.5 ] },
						"west": { "texture": "#sides", "uv": [ 7.0, 1.0, 7.5, 1.5 ] },
						"up": { "texture": "#sides", "uv": [ 1.0, 0.0, 6.0, 0.5 ], "rotation": 180 },
						"down": { "texture": "#topbottom", "uv": [ 0.0, 10.0, 5.0, 10.5 ] }
					}
				}
			]
		}
	]}
