{
	"editor": {
		"allAngles": false,
		"entityTextureMode": false
	},
	"textureWidth": 16,
	"textureHeight": 16,
	"textureSizes": {
	},
	"textures": {
	},
	"elements": [
		{
			"name": "Floor",
			"from": [ 5.0, 0.0, 5.0 ],
			"to": [ 11.0, 1.0, 11.0 ],
			"faces": {
			},
			"children": [
				{
					"name": "contents",
					"from": [ 1.0, 0.0, 1.0 ],
					"to": [ 5.0, 1.0, 5.0 ],
					"renderPass": 4,
					"rotationOrigin": [ 1.0, 0.0, 1.0 ],
					"faces": {
						"up": { "texture": "#water_bucket", "uv": [ 7.0, 7.0, 11.0, 11.0 ] }
					}
				}
			]
		}
	]}