[
  {
    "ingredientPattern": "IS",
    "ingredients": {
      "I": { "type": "block", "code": "game:glacierice" },
      "S": { "type": "item", "code": "game:saw-*", "isTool": true }
    },
    "width": 2, "height": 1, "recipeGroup": 1, "shapeless": true,
    "output": { "type": "item", "code": "cutice", "quantity": 8 }
  },
  {
    "ingredientPattern": "IS",
    "ingredients": {
      "I": { "type": "block", "code": "game:lakeice" },
      "S": { "type": "item", "code": "game:saw-*", "isTool": true }
    },
    "width": 2, "height": 1, "recipeGroup": 1, "shapeless": true,
    "output": { "type": "item", "code": "cutice", "quantity": 8 }
  },
  {
    "ingredientPattern": "IS",
    "ingredients": {
      "I": { "type": "block", "code": "game:packedglacierice" },
      "S": { "type": "item", "code": "game:saw-*", "isTool": true }
    },
    "width": 2, "height": 1, "recipeGroup": 1, "shapeless": true,
    "output": { "type": "item", "code": "cutice", "quantity": 8 }
  }
]
