{
	"code": "clothes",
	"class": "ItemWearable",
	"variantgroups": [
		{ "code": "category", "states": ["lowerbody"] },
		{ "code": "lowerbody", "onVariant": "category", "states": ["mountaineerpants"] },
		{ "code": "color", "states": ["black", "brown", "gray", "plain"] }
	],
	"shapeByType": {
		"*": { "base": "item/mountaineerpants" }
	},
	"storageFlags": 128,
	"attributes": {
		"clothescategory": "lowerbody",
		"wearableAttachment": true
	},
	"attributesByType": {
		"*": { "warmth": 3 }
	},
	"texturesByType": {
		"*": {
			"seraph": { "base": "game:block/transparent" },
			"mountaineerpants": { "base": "item/lowerbody/mountaineerpants/{color}"}
		}
	},
	"creativeinventory": {
		"americanfrontiersmanwesternwear": ["*"]
	},
	"renderAlphaTest": 0.25,
	"fpHandTransform": {
		"translation": { "x": -0.25, "y": -0.1, "z": 0.5 },
		"rotation": { "x": 180, "y": 159, "z": 150 },
		"scale": 2
	},
	"tpHandTransform": {
		"translation": { "x": 0.8, "y": -0.6, "z": 0.5 },
		"rotation": { "x": -75, "y": 180, "z": 90 },
		"origin": { "x": 0, "y": 0, "z": 0 },
		"scale": 0.55
	},
	"guiTransform": {
		"translation": { "x": 0, "y": 0, "z": 0 },
		"rotation": { "x": 180, "y": -79, "z": 38 },
		"origin": { "x": 0.5, "y": 0.63, "z": 0.6 },
		"scale": 1.4
	}
}