[
	{
		"ingredientPattern": "CF",
		"ingredients": {
			"C": { 
				"type": "block", 
				"code": "claybucket-*-fired"
			},
			"F": { 
				"type": "item", 
				"code": "game:flour-*", 
				"allowedVariants": ["flax", "millet", "rice", "rye", "spelt", "cassava", "amaranth", "sunflower"],
				"name": "type"
			}
		},
		"width": 2,
		"height": 1,
		"attributes": {
			"liquidContainerProps": {
				"requiresContent": { "type": "item", "code": "waterportion" },
				"requiresLitres": 1
			}
		},
		"name": "dough",
		"shapeless": true,
		"output": { "type": "item", "code": "game:dough-{type}"  }
	},
	{
		"ingredientPattern": "CB",
		"ingredients": {
			"C": { 
				"type": "block", 
				"code": "claybucket-*-fired"
			},
			"B": { 
				"type": "item", 
				"code": "game:bandage-clean" 
			}
		},
		"width": 2,
		"height": 1,
		"attributes": {
			"liquidContainerProps": {
				"requiresContent": { "type": "item", "code": "alcoholportion" },
				"requiresLitres": 0.2
			}
		},
		"shapeless": true,
		"output": { "type": "item", "code": "game:bandage-alcoholed"  }
	}
]