{
    "code": "potashlye",
    "perishableProps": {
        "type": "None",
        "freshHours": { "avg": 36 },
        "transitionHours": { "avg": 36 },
        "transitionRatio": 1,
        "transitionedStack": {
            "type": "item",
            "code": "woodash"
        }
    },
    "shape": { "base": "block/food/meal/liquid" },
    "ingredients": [
        {
            "code": "water",
            "validStacks": [ { "type": "item", "code": "game:waterportion" } ],
            "minQuantity": 2,
            "maxQuantity": 2,
            "portionSizeLitres": 1
        },
        {
            "code": "woodash",
            "validStacks": [ { "type": "item", "code": "woodash" } ],
            "minQuantity": 2,
            "maxQuantity": 2
        }
    ],
    "cooksInto": { "type": "item", "code": "game:potash", "quantity": 2 }
}