{
	"editor": {
		"allAngles": false,
		"entityTextureMode": false
	},
	"textureWidth": 16,
	"textureHeight": 16,
	"textureSizes": {
	},
	"textures": {
	},
	"elements": [
		{
			"name": "origin",
			"from": [ 8.0, 0.0, 8.0 ],
			"to": [ 8.0, 0.0, 8.0 ],
			"rotationOrigin": [ 8.0, 0.0, 8.0 ],
			"faces": {
			},
			"children": [
				{
					"name": "label",
					"from": [ -2.0, 1.0, 3.01 ],
					"to": [ 2.0, 3.5, 3.51 ],
					"rotationOrigin": [ -3.0, 0.4, 3.5 ],
					"faces": {
						"south": { "texture": "#label", "uv": [ 0.0, 10.0, 4.0, 12.5 ] }
					}
				}
			]
		}
	]}