{
	"editor": {
		"allAngles": false,
		"entityTextureMode": false
	},
	"textureWidth": 16,
	"textureHeight": 16,
	"textureSizes": {
	},
	"textures": {
		"iron": "game:block/metal/ingot/lead",
		"lead": "game:block/metal/ingot/lead",
		"darkiron": "game:block/metal/sheet/lead1"
	},
	"elements": [
		{
			"name": "Frameleft",
			"from": [ 0.0, 0.0, 15.0 ],
			"to": [ 3.0, 16.0, 16.0 ],
			"faces": {
				"north": { "texture": "#darkiron", "uv": [ 13.0, 0.0, 16.0, 16.0 ] },
				"east": { "texture": "#darkiron", "uv": [ 0.0, 0.0, 1.0, 16.0 ] },
				"south": { "texture": "#darkiron", "uv": [ 0.0, 0.0, 3.0, 16.0 ] },
				"west": { "texture": "#darkiron", "uv": [ 0.0, 0.0, 1.0, 16.0 ] },
				"up": { "texture": "#darkiron", "uv": [ 0.0, 0.0, 3.0, 1.0 ] },
				"down": { "texture": "#darkiron", "uv": [ 0.0, 0.0, 3.0, 1.0 ] }
			}
		},
		{
			"name": "Frameright",
			"from": [ 13.0, 0.0, 15.0 ],
			"to": [ 16.0, 16.0, 16.0 ],
			"faces": {
				"north": { "texture": "#darkiron", "uv": [ 0.0, 0.0, 3.0, 16.0 ] },
				"east": { "texture": "#darkiron", "uv": [ 0.0, 0.0, 1.0, 16.0 ] },
				"south": { "texture": "#darkiron", "uv": [ 13.0, 0.0, 16.0, 16.0 ] },
				"west": { "texture": "#darkiron", "uv": [ 0.0, 0.0, 1.0, 16.0 ] },
				"up": { "texture": "#darkiron", "uv": [ 0.0, 0.0, 3.0, 1.0 ] },
				"down": { "texture": "#darkiron", "uv": [ 0.0, 0.0, 3.0, 1.0 ] }
			}
		},
		{
			"name": "Framebottom",
			"from": [ 3.0, 0.0, 15.0 ],
			"to": [ 13.0, 3.0, 16.0 ],
			"faces": {
				"north": { "texture": "#darkiron", "uv": [ 3.0, 13.0, 13.0, 16.0 ] },
				"south": { "texture": "#darkiron", "uv": [ 3.0, 13.0, 13.0, 16.0 ] },
				"up": { "texture": "#darkiron", "uv": [ 0.0, 0.0, 10.0, 1.0 ] },
				"down": { "texture": "#darkiron", "uv": [ 0.0, 0.0, 10.0, 1.0 ] }
			}
		},
		{
			"name": "Frametop",
			"from": [ 3.0, 13.0, 15.0 ],
			"to": [ 13.0, 16.0, 16.0 ],
			"faces": {
				"north": { "texture": "#darkiron", "uv": [ 2.0, 0.0, 12.0, 3.0 ] },
				"south": { "texture": "#darkiron", "uv": [ 2.0, 0.0, 12.0, 3.0 ] },
				"up": { "texture": "#darkiron", "uv": [ 0.0, 0.0, 10.0, 1.0 ] },
				"down": { "texture": "#darkiron", "uv": [ 0.0, 0.0, 10.0, 1.0 ] }
			}
		},
		{
			"name": "door",
			"from": [ 0.0, 0.0, 0.0 ],
			"to": [ 1.0, 1.0, 1.0 ],
			"rotationOrigin": [ 2.8, 0.0, 16.0 ],
			"rotationY": -90.0,
			"faces": {
			},
			"children": [
				{
					"name": "Doorbase",
					"from": [ 2.0, 2.0, 16.0 ],
					"to": [ 14.0, 13.0, 17.0 ],
					"faces": {
						"north": { "texture": "#iron", "uv": [ 0.0, 0.0, 12.0, 11.0 ] },
						"east": { "texture": "#iron", "uv": [ 0.0, 0.0, 1.0, 11.0 ] },
						"south": { "texture": "#iron", "uv": [ 1.5, 2.5, 13.5, 13.5 ] },
						"west": { "texture": "#iron", "uv": [ 0.0, 0.0, 1.0, 11.0 ] },
						"up": { "texture": "#iron", "uv": [ 0.0, 0.0, 12.0, 1.0 ] },
						"down": { "texture": "#iron", "uv": [ 0.0, 0.0, 12.0, 1.0 ] }
					}
				},
				{
					"name": "Doortop",
					"from": [ 4.0, 13.0, 16.0 ],
					"to": [ 12.0, 14.0, 17.0 ],
					"faces": {
						"north": { "texture": "#iron", "uv": [ 0.0, 0.0, 8.0, 1.0 ] },
						"east": { "texture": "#iron", "uv": [ 0.0, 0.0, 1.0, 1.0 ] },
						"south": { "texture": "#iron", "uv": [ 0.0, 0.0, 8.0, 1.0 ] },
						"west": { "texture": "#iron", "uv": [ 0.0, 0.0, 1.0, 1.0 ] },
						"up": { "texture": "#iron", "uv": [ 0.0, 0.0, 8.0, 1.0 ] }
					}
				},
				{
					"name": "Handle",
					"from": [ 12.0, 6.0, 17.0 ],
					"to": [ 13.0, 8.0, 18.0 ],
					"rotationOrigin": [ 0.0, 0.0, 1.0 ],
					"faces": {
						"east": { "texture": "#iron", "uv": [ 0.0, 0.0, 1.0, 2.0 ] },
						"south": { "texture": "#iron", "uv": [ 0.0, 0.0, 1.0, 2.0 ] },
						"west": { "texture": "#iron", "uv": [ 0.0, 0.0, 1.0, 2.0 ] },
						"up": { "texture": "#iron", "uv": [ 0.0, 0.0, 1.0, 1.0 ] },
						"down": { "texture": "#iron", "uv": [ 0.0, 0.0, 1.0, 1.0 ] }
					}
				},
				{
					"name": "Hingetop",
					"from": [ 2.0, 8.5, 16.0 ],
					"to": [ 5.0, 10.5, 17.5 ],
					"rotationOrigin": [ 1.0, 0.0, 0.0 ],
					"faces": {
						"east": { "texture": "#iron", "uv": [ 0.0, 0.0, 1.5, 2.0 ] },
						"south": { "texture": "#iron", "uv": [ 0.0, 0.0, 3.0, 2.0 ] },
						"west": { "texture": "#iron", "uv": [ 0.0, 0.0, 1.5, 2.0 ] },
						"up": { "texture": "#iron", "uv": [ 0.0, 0.0, 3.0, 1.5 ] },
						"down": { "texture": "#iron", "uv": [ 0.0, 0.0, 3.0, 1.5 ] }
					}
				},
				{
					"name": "Hingebottom",
					"from": [ 2.0, 4.0, 16.0 ],
					"to": [ 5.0, 6.0, 17.5 ],
					"rotationOrigin": [ 1.0, 0.0, 0.0 ],
					"faces": {
						"east": { "texture": "#iron", "uv": [ 0.0, 0.0, 1.5, 2.0 ] },
						"south": { "texture": "#iron", "uv": [ 0.0, 0.0, 3.0, 2.0 ] },
						"west": { "texture": "#iron", "uv": [ 0.0, 0.0, 1.5, 2.0 ] },
						"up": { "texture": "#iron", "uv": [ 0.0, 0.0, 3.0, 1.5 ] },
						"down": { "texture": "#iron", "uv": [ 0.0, 0.0, 3.0, 1.5 ] }
					}
				}
			]
		}
	]}