[
	{
		"name": "Barked Loghalf 3 pieces - fotsa caribbean",
		"ingredientPattern": "__,LA,LL",
		"ingredients": {
			"A": { "type": "item", "code": "game:axe-*", "isTool": true },
			"L": { "type": "block", "code": "floralzonescaribbeanregion:log-placed-*-ud", "name": "wuud", "allowedVariants": [ "lysilomalatisiliquum" ] }
		},
		"width": 2,
		"height": 3,
		"recipeGroup": 1,
		"output": { "type": "block", "code": "loghalf-barkedcorner-{wuud}-north", "quantity": 3 }
	},
	{
		"name": "Barked Loghalf 5 pieces - fotsa caribbean",
		"ingredientPattern": "L__,LA_,LLL",
		"ingredients": {
			"A": { "type": "item", "code": "game:axe-*", "isTool": true },
			"L": { "type": "block", "code": "floralzonescaribbeanregion:log-placed-*-ud", "name": "wuud", "allowedVariants": [ "lysilomalatisiliquum" ] }
		},
		"width": 3,
		"height": 3,
		"recipeGroup": 1,
		"output": { "type": "block", "code": "loghalf-barkedcorner-{wuud}-north", "name": "material" , "quantity": 5 }
	},
	{
		"name": "Debarked Loghalf 3 pieces - fotsa caribbean",
		"ingredientPattern": "__,LA,LL",
		"ingredients": {
			"A": { "type": "item", "code": "game:axe-*", "isTool": true },
			"L": { "type": "block", "code": "floralzonescaribbeanregion:debarkedlog-*-ud", "name": "wuud", "allowedVariants": [ "lysilomalatisiliquum" ] }
		},
		"width": 2,
		"height": 3,
		"recipeGroup": 1,
		"output": { "type": "block", "code": "loghalf-debarkedcorner-{wuud}-north", "quantity": 3 }
	},
	{
		"name": "Debarked Loghalf 5 pieces - fotsa caribbean",
		"ingredientPattern": "L__,LA_,LLL",
		"ingredients": {
			"A": { "type": "item", "code": "game:axe-*", "isTool": true },
			"L": { "type": "block", "code": "floralzonescaribbeanregion:debarkedlog-*-ud", "name": "wuud", "allowedVariants": [ "lysilomalatisiliquum" ] }
		},
		"width": 3,
		"height": 3,
		"recipeGroup": 1,
		"output": { "type": "block", "code": "loghalf-debarkedcorner-{wuud}-north", "quantity": 5 }
	},
	{
		"enabled": true,
		"name": "Loghalf Barked Conversion - fotsa caribbean -> brady",
		"ingredientPattern": "L",
		"ingredients": {
			"L": { "type": "block", "code": "floralzonescaribbeanregion:logquad-barkedcorner-*-north", "name": "wuud", "allowedVariants": [ "lysilomalatisiliquum" ] }
		},
		"width": 1,
		"height": 1,
		"output": { "type": "block", "code": "loghalf-barkedcorner-{wuud}-north" }
	},
	{
		"enabled": true,
		"name": "Loghalf Debarked Conversion - fotsa caribbean -> brady",
		"ingredientPattern": "L",
		"ingredients": {
			"L": { "type": "block", "code": "floralzonescaribbeanregion:logquad-debarkedcorner-*-north", "name": "wuud", "allowedVariants": [ "lysilomalatisiliquum" ] }
		},
		"width": 1,
		"height": 1,
		"output": { "type": "block", "code": "loghalf-debarkedcorner-{wuud}-north" }
	},
	{
		"enabled": true,
		"name": "Logquad Barked Conversion - brady -> fotsa caribbean",
		"ingredientPattern": "L",
		"ingredients": {
			"L": { "type": "block", "code": "loghalf-barkedcorner-*-north", "name": "wuud", "allowedVariants": [ "lysilomalatisiliquum" ] }
		},
		"width": 1,
		"height": 1,
		"output": { "type": "block", "code": "floralzonescaribbeanregion:logquad-barkedcorner-{wuud}-north" }
	},
	{
		"enabled": true,
		"name": "Logquad Debarked Conversion - brady -> fotsa caribbean",
		"ingredientPattern": "L",
		"ingredients": {
			"L": { "type": "block", "code": "loghalf-debarkedcorner-*-north", "name": "wuud", "allowedVariants": [ "lysilomalatisiliquum" ] }
		},
		"width": 1,
		"height": 1,
		"output": { "type": "block", "code": "floralzonescaribbeanregion:logquad-debarkedcorner-{wuud}-north" }
	}
]