[
    {
      "op": "add",
      "path": "/variantgroups/0/states/-",
      "value": "humanoid-trader-painter",
      "file": "game:itemtypes/creature.json",
      "side": "Server"
    },
    {
      "op": "add",
      "path": "/variantgroups/0/states/-",
      "value": "humanoid-trader-chef",
      "file": "game:itemtypes/creature.json",
      "side": "Server"
    },
    {
      "op": "replace",
      "path": "/enabled",
      "value": "true",
      "file": "game:itemtypes/food/pemmican.json"
    },
    {
      "op": "add",
      "path": "/variantgroups/0/states/-",
      "value": "humanoid-trader-masonrysupply",
      "file": "game:itemtypes/creature.json",
      "side": "Server"
    },
    {
      "op": "add",
      "path": "/variantgroups/0/states/-",
      "value": "humanoid-trader-smallrocksupply",
      "file": "game:itemtypes/creature.json",
      "side": "Server"
    },
    {
      "op": "add",
      "path": "/variantgroups/0/states/-",
      "value": "humanoid-trader-mastermason",
      "file": "game:itemtypes/creature.json",
      "side": "Server"
    },
    {
      "op": "add",
      "path": "/variantgroups/0/states/-",
      "value": "humanoid-trader-apprenticemason-ashlarblocks",
      "file": "game:itemtypes/creature.json",
      "side": "Server"
    },
    {
      "op": "add",
      "path": "/variantgroups/0/states/-",
      "value": "humanoid-trader-apprenticemason-ashlarstairs",
      "file": "game:itemtypes/creature.json",
      "side": "Server"
    },
    {
      "op": "add",
      "path": "/variantgroups/0/states/-",
      "value": "humanoid-trader-apprenticemason-ashlarslab",
      "file": "game:itemtypes/creature.json",
      "side": "Server"
    },
    {
      "op": "add",
      "path": "/variantgroups/0/states/-",
      "value": "humanoid-trader-apprenticemason-agedashlarblocks",
      "file": "game:itemtypes/creature.json",
      "side": "Server"
    },
    {
      "op": "add",
      "path": "/variantgroups/0/states/-",
      "value": "humanoid-trader-apprenticemason-crackedashlarblocks",
      "file": "game:itemtypes/creature.json",
      "side": "Server"
    },
    {
      "op": "add",
      "path": "/variantgroups/0/states/-",
      "value": "humanoid-trader-apprenticemason-cobblestone",
      "file": "game:itemtypes/creature.json",
      "side": "Server"
    },
    {
      "op": "add",
      "path": "/variantgroups/0/states/-",
      "value": "humanoid-trader-apprenticemason-cobblestonestairs",
      "file": "game:itemtypes/creature.json",
      "side": "Server"
    },
    {
      "op": "add",
      "path": "/variantgroups/0/states/-",
      "value": "humanoid-trader-apprenticemason-drycobblestone",
      "file": "game:itemtypes/creature.json",
      "side": "Server"
    },
    {
      "op": "add",
      "path": "/variantgroups/0/states/-",
      "value": "humanoid-trader-apprenticemason-cobbleskull",
      "file": "game:itemtypes/creature.json",
      "side": "Server"
    },
    {
      "op": "add",
      "path": "/variantgroups/0/states/-",
      "value": "humanoid-trader-apprenticemason-cobblestonefan",
      "file": "game:itemtypes/creature.json",
      "side": "Server"
    },
    {
      "op": "add",
      "path": "/variantgroups/0/states/-",
      "value": "humanoid-trader-apprenticemason-plainrock",
      "file": "game:itemtypes/creature.json",
      "side": "Server"
    },
    {
      "op": "add",
      "path": "/variantgroups/0/states/-",
      "value": "humanoid-trader-apprenticemason-crackedstone",
      "file": "game:itemtypes/creature.json",
      "side": "Server"
    },
    {
      "op": "add",
      "path": "/variantgroups/0/states/-",
      "value": "humanoid-trader-apprenticemason-polishedstone",
      "file": "game:itemtypes/creature.json",
      "side": "Server"
    },
    {
      "op": "add",
      "path": "/variantgroups/0/states/-",
      "value": "humanoid-trader-apprenticemason-polishedslab",
      "file": "game:itemtypes/creature.json",
      "side": "Server"
    },
    {
      "op": "add",
      "path": "/variantgroups/0/states/-",
      "value": "humanoid-trader-apprenticemason-agedpolishedrock",
      "file": "game:itemtypes/creature.json",
      "side": "Server"
    },
    {
      "op": "add",
      "path": "/variantgroups/0/states/-",
      "value": "humanoid-trader-apprenticemason-agedpolishedcobrock",
      "file": "game:itemtypes/creature.json",
      "side": "Server"
    }
  ]