[
    {
        "file": "game:config/tradelists/trader-commodities.json", 
        "op": "replace",
        "path": "/money/avg",
        "value": 125
    },
    {
        "file": "game:config/tradelists/trader-commodities.json", 
        "op": "replace",
        "path": "/selling/list",
        "value":[
            {
                "code": "feather",
                "type": "item",
                "stacksize": 8,
                "stock": {
                    "avg": 8,
                    "var": 2
                },
                "price": {
                    "avg": 2,
                    "var": 0.5
                }
            },
            {
                "code": "creature-humanoid-trader-commodities",
                "type": "item",
                "stacksize": 1,
                "stock": {
                    "avg": 1,
                    "var": 0.25
                },
                "price": {
                    "avg": 50,
                    "var": 0.5
                }
            },
            {
                "code": "candle",
                "type": "item",
                "stacksize": 2,
                "stock": {
                    "avg": 4,
                    "var": 1
                },
                "price": {
                    "avg": 4,
                    "var": 0.75
                }
            },
            {
                "code": "charcoal",
                "type": "item",
                "stacksize": 8,
                "stock": {
                    "avg": 8,
                    "var": 2
                },
                "price": {
                    "avg": 2,
                    "var": 0.5
                }
            },
            {
                "code": "flaxtwine",
                "type": "item",
                "stacksize": 4,
                "stock": {
                    "avg": 4,
                    "var": 1
                },
                "price": {
                    "avg": 3,
                    "var": 0.75
                }
            },
            {
                "code": "nugget-nativecopper",
                "type": "item",
                "stacksize": 16,
                "stock": {
                    "avg": 4,
                    "var": 1
                },
                "price": {
                    "avg": 2,
                    "var": 0.5
                }
            },
            {
                "code": "nugget-cassiterite",
                "type": "item",
                "stacksize": 5,
                "stock": {
                    "avg": 6,
                    "var": 1.5
                },
                "price": {
                    "avg": 2,
                    "var": 0.5
                }
            },
            {
                "code": "nugget-bismuthinite",
                "type": "item",
                "stacksize": 5,
                "stock": {
                    "avg": 6,
                    "var": 1.5
                },
                "price": {
                    "avg": 2,
                    "var": 0.5
                }
            },
            {
                "code": "nugget-sphalerite",
                "type": "item",
                "stacksize": 5,
                "stock": {
                    "avg": 6,
                    "var": 1.5
                },
                "price": {
                    "avg": 2,
                    "var": 0.5
                }
            },
            {
                "code": "ore-sulfur",
                "type": "item",
                "stacksize": 8,
                "stock": {
                    "avg": 4,
                    "var": 1
                },
                "price": {
                    "avg": 4,
                    "var": 1
                }
            },
            {
                "code": "blastingpowder",
                "type": "item",
                "stacksize": 2,
                "stock": {
                    "avg": 8,
                    "var": 2
                },
                "price": {
                    "avg": 2,
                    "var": 0.5
                }
            },
            {
                "code": "saltpeter",
                "type": "item",
                "stacksize": 8,
                "stock": {
                    "avg": 8,
                    "var": 2
                },
                "price": {
                    "avg": 2,
                    "var": 0.5
                }
            },
            {
                "code": "lime",
                "type": "item",
                "stacksize": 16,
                "stock": {
                    "avg": 12,
                    "var": 3
                },
                "price": {
                    "avg": 2,
                    "var": 0.5
                }
            },
            {
                "code": "peatbrick",
                "type": "block",
                "stacksize": 16,
                "stock": {
                    "avg": 4,
                    "var": 1
                },
                "price": {
                    "avg": 2,
                    "var": 0.5
                }
            },
            {
                "code": "linen-diamond-down",
                "type": "block",
                "stacksize": 2,
                "stock": {
                    "avg": 4,
                    "var": 1
                },
                "price": {
                    "avg": 6,
                    "var": 1.5
                }
            },
            {
                "code": "linen-normal-down",
                "type": "block",
                "stacksize": 2,
                "stock": {
                    "avg": 4,
                    "var": 1
                },
                "price": {
                    "avg": 6,
                    "var": 1.5
                }
            },
            {
                "code": "linen-offset-down",
                "type": "block",
                "stacksize": 2,
                "stock": {
                    "avg": 4,
                    "var": 1
                },
                "price": {
                    "avg": 6,
                    "var": 1.5
                }
            },
            {
                "code": "linen-square-down",
                "type": "block",
                "stacksize": 2,
                "stock": {
                    "avg": 4,
                    "var": 1
                },
                "price": {
                    "avg": 6,
                    "var": 1.5
                }
            },
            {
                "code": "metal-parts",
                "type": "block",
                "stacksize": 4,
                "stock": {
                    "avg": 6,
                    "var": 1.5
                },
                "price": {
                    "avg": 2,
                    "var": 0.5
                }
            },
            {
                "code": "stone-halite",
                "type": "item",
                "stacksize": 16,
                "stock": {
                    "avg": 12,
                    "var": 3
                },
                "price": {
                    "avg": 3,
                    "var": 0.75
                }
            },
            {
                "code": "potash",
                "type": "item",
                "stacksize": 10,
                "stock": {
                    "avg": 4,
                    "var": 1
                },
                "price": {
                    "avg": 3,
                    "var": 0.75
                }
            },
            {
                "code": "ore-alum",
                "type": "item",
                "stacksize": 8,
                "stock": {
                    "avg": 4,
                    "var": 1
                },
                "price": {
                    "avg": 6,
                    "var": 1.5
                }
            },
            {
                "code": "paper-parchment",
                "type": "item",
                "stacksize": 5,
                "stock": {
                    "avg": 3,
                    "var": 0.75
                },
                "price": {
                    "avg": 1,
                    "var": 0.25
                }
            },
            {
                "code": "resin",
                "type": "item",
                "stacksize": 2,
                "stock": {
                    "avg": 5,
                    "var": 1.25
                },
                "price": {
                    "avg": 2,
                    "var": 0.5
                }
            },
            {
                "code": "sewingkit",
                "type": "item",
                "stacksize": 1,
                "stock": {
                    "avg": 2,
                    "var": 0.5
                },
                "price": {
                    "avg": 3,
                    "var": 0.75
                }
            },
            {
                "code": "metalnailsandstrips-copper",
                "type": "item",
                "stacksize": 2,
                "stock": {
                    "avg": 2,
                    "var": 0.5
                },
                "price": {
                    "avg": 2,
                    "var": 0.5
                }
            }
        ]
    },
    {
        "file": "game:config/tradelists/trader-commodities.json", 
        "op": "replace",
        "path": "/buying/list",
        "value":[
            {
                "code": "peatbrick",
                "type": "block",
                "stacksize": 32,
                "stock": {
                    "avg": 4,
                    "var": 1
                },
                "price": {
                    "avg": 1,
                    "var": 0.5
                }
            },
            {
                "code": "pickaxe-tinbronze",
                "type": "item",
                "stacksize": 1,
                "stock": {
                    "avg": 4,
                    "var": 1
                },
                "price": {
                    "avg": 13,
                    "var": 2.75
                }
            },
            {
                "code": "pickaxe-bismuthbronze",
                "type": "item",
                "stacksize": 1,
                "stock": {
                    "avg": 4,
                    "var": 1
                },
                "price": {
                    "avg": 14,
                    "var": 3
                }
            },
            {
                "code": "pickaxe-blackbronze",
                "type": "item",
                "stacksize": 1,
                "stock": {
                    "avg": 4,
                    "var": 1
                },
                "price": {
                    "avg": 15,
                    "var": 3.25
                }
            },
            {
                "code": "crate",
                "type": "block",
                "stacksize": 1,
                "stock": {
                    "avg": 2,
                    "var": 0.5
                },
                "price": {
                    "avg": 3,
                    "var": 0.25
                },
                "attributes": {
                    "type": "wood-pine"
                }
            },
            {
                "code": "crate",
                "type": "block",
                "stacksize": 1,
                "stock": {
                    "avg": 2,
                    "var": 0.5
                },
                "price": {
                    "avg": 3,
                    "var": 0.25
                },
                "attributes": {
                    "type": "wood-oak"
                }
            },
            {
                "code": "crate",
                "type": "block",
                "stacksize": 1,
                "stock": {
                    "avg": 2,
                    "var": 0.5
                },
                "price": {
                    "avg": 3,
                    "var": 0.25
                },
                "attributes": {
                    "type": "wood-maple"
                }
            },
            {
                "code": "crate",
                "type": "block",
                "stacksize": 1,
                "stock": {
                    "avg": 2,
                    "var": 0.5
                },
                "price": {
                    "avg": 3,
                    "var": 0.25
                },
                "attributes": {
                    "type": "wood-birch"
                }
            },
            {
                "code": "beeswax",
                "type": "item",
                "stacksize": 2,
                "stock": {
                    "avg": 4,
                    "var": 1
                },
                "price": {
                    "avg": 4,
                    "var": 0.75
                }
            },
            {
                "code": "hoovedwearables-blanket-plaidblue",
                "type": "item",
                "stacksize": 1,
                "stock": {
                    "avg": 1,
                    "var": 0.25
                },
                "price": {
                    "avg": 3,
                    "var": 0.75
                }
            },
            {
                "code": "hoovedwearables-blanket-plaincloth",
                "type": "item",
                "stacksize": 1,
                "stock": {
                    "avg": 1,
                    "var": 0.25
                },
                "price": {
                    "avg": 10,
                    "var": 2.5
                }
            }
        ]
    }
]