[
    {
        "file": "game:config/tradelists/trader-survivalgoods.json", 
        "op": "replace",
        "path": "/money/avg",
        "value": 125
    },
    {
        "file": "game:config/tradelists/trader-survivalgoods.json", 
        "op": "replace",
        "path": "/selling/list",
        "value": [
            {
                "code": "linensack",
                "type": "item",
                "stacksize": 1,
                "stock": {
                    "avg": 8,
                    "var": 2
                },
                "price": {
                    "avg": 2,
                    "var": 0.5
                }
            },
            {
                "code": "creature-humanoid-trader-survivalgoods",
                "type": "item",
                "stacksize": 1,
                "stock": {
                    "avg": 1,
                    "var": 0.25
                },
                "price": {
                    "avg": 50,
                    "var": 0.5
                }
            },
            {
                "code": "arrow-tinbronze",
                "type": "item",
                "stacksize": 8,
                "stock": {
                    "avg": 8,
                    "var": 2
                },
                "price": {
                    "avg": 2,
                    "var": 0.5
                }
            },
            {
                "code": "arrow-bismuthbronze",
                "type": "item",
                "stacksize": 8,
                "stock": {
                    "avg": 4,
                    "var": 1
                },
                "price": {
                    "avg": 2,
                    "var": 0.5
                }
            },
            {
                "code": "arrow-blackbronze",
                "type": "item",
                "stacksize": 8,
                "stock": {
                    "avg": 4,
                    "var": 1
                },
                "price": {
                    "avg": 3,
                    "var": 0.75
                }
            },
            {
                "code": "bow-simple",
                "type": "item",
                "stacksize": 1,
                "stock": {
                    "avg": 2,
                    "var": 0.5
                },
                "price": {
                    "avg": 4,
                    "var": 1
                }
            },
            {
                "code": "bow-long",
                "type": "item",
                "stacksize": 1,
                "stock": {
                    "avg": 2,
                    "var": 0.5
                },
                "price": {
                    "avg": 9,
                    "var": 2.25
                }
            },
            {
                "code": "bow-recurve",
                "type": "item",
                "stacksize": 1,
                "stock": {
                    "avg": 2,
                    "var": 0.5
                },
                "price": {
                    "avg": 10,
                    "var": 2.5
                }
            },
            {
                "code": "blade-falx-tinbronze",
                "type": "item",
                "stacksize": 1,
                "stock": {
                    "avg": 2,
                    "var": 0.5
                },
                "price": {
                    "avg": 10,
                    "var": 2.5
                }
            },
            {
                "code": "blade-falx-bismuthbronze",
                "type": "item",
                "stacksize": 1,
                "stock": {
                    "avg": 2,
                    "var": 0.5
                },
                "price": {
                    "avg": 11,
                    "var": 2.75
                }
            },
            {
                "code": "blade-falx-blackbronze",
                "type": "item",
                "stacksize": 1,
                "stock": {
                    "avg": 2,
                    "var": 0.5
                },
                "price": {
                    "avg": 12,
                    "var": 3
                }
            },
            {
                "code": "pickaxe-tinbronze",
                "type": "item",
                "stacksize": 1,
                "stock": {
                    "avg": 4,
                    "var": 1
                },
                "price": {
                    "avg": 11,
                    "var": 2.75
                }
            },
            {
                "code": "pickaxe-bismuthbronze",
                "type": "item",
                "stacksize": 1,
                "stock": {
                    "avg": 4,
                    "var": 1
                },
                "price": {
                    "avg": 12,
                    "var": 3
                }
            },
            {
                "code": "pickaxe-blackbronze",
                "type": "item",
                "stacksize": 1,
                "stock": {
                    "avg": 4,
                    "var": 1
                },
                "price": {
                    "avg": 13,
                    "var": 3.25
                }
            },
            {
                "code": "axe-felling-tinbronze",
                "type": "item",
                "stacksize": 1,
                "stock": {
                    "avg": 2,
                    "var": 0.5
                },
                "price": {
                    "avg": 10,
                    "var": 2.5
                }
            },
            {
                "code": "axe-felling-bismuthbronze",
                "type": "item",
                "stacksize": 1,
                "stock": {
                    "avg": 2,
                    "var": 0.5
                },
                "price": {
                    "avg": 11,
                    "var": 2.75
                }
            },
            {
                "code": "axe-felling-blackbronze",
                "type": "item",
                "stacksize": 1,
                "stock": {
                    "avg": 2,
                    "var": 0.5
                },
                "price": {
                    "avg": 12,
                    "var": 3
                }
            },
            {
                "code": "spear-generic-tinbronze",
                "type": "item",
                "stacksize": 1,
                "stock": {
                    "avg": 2,
                    "var": 0.5
                },
                "price": {
                    "avg": 10,
                    "var": 2.5
                }
            },
            {
                "code": "spear-generic-bismuthbronze",
                "type": "item",
                "stacksize": 1,
                "stock": {
                    "avg": 2,
                    "var": 0.5
                },
                "price": {
                    "avg": 11,
                    "var": 2.75
                }
            },
            {
                "code": "spear-generic-blackbronze",
                "type": "item",
                "stacksize": 1,
                "stock": {
                    "avg": 2,
                    "var": 0.5
                },
                "price": {
                    "avg": 12,
                    "var": 3
                }
            },
            {
                "code": "clothes-upperbodyover-fur-coat",
                "type": "item",
                "stacksize": 1,
                "stock": {
                    "avg": 2,
                    "var": 0.5
                },
                "price": {
                    "avg": 8,
                    "var": 2
                }
            },
            {
                "code": "clothes-hand-fur-gloves",
                "type": "item",
                "stacksize": 1,
                "stock": {
                    "avg": 2,
                    "var": 0.5
                },
                "price": {
                    "avg": 4,
                    "var": 1
                }
            },
            {
                "code": "clothes-foot-knee-high-fur-boots",
                "type": "item",
                "stacksize": 1,
                "stock": {
                    "avg": 2,
                    "var": 0.5
                },
                "price": {
                    "avg": 6,
                    "var": 1.5
                }
            },
            {
                "code": "clothes-arm-leather-bracers",
                "type": "item",
                "stacksize": 1,
                "stock": {
                    "avg": 2,
                    "var": 0.5
                },
                "price": {
                    "avg": 2,
                    "var": 0.5
                }
            },
            {
                "code": "clothes-arm-bronze-armlet",
                "type": "item",
                "stacksize": 1,
                "stock": {
                    "avg": 2,
                    "var": 0.5
                },
                "price": {
                    "avg": 3,
                    "var": 0.75
                }
            },
            {
                "code": "creature-wolf-pup",
                "type": "item",
                "stacksize": 1,
                "stock": {
                    "avg": 1,
                    "var": 0.25
                },
                "price": {
                    "avg": 8,
                    "var": 2
                }
            },
            {
                "code": "bed-hay-head-north",
                "type": "block",
                "stacksize": 1,
                "stock": {
                    "avg": 1,
                    "var": 0.25
                },
                "price": {
                    "avg": 1,
                    "var": 0.25
                }
            },
            {
                "code": "stone-halite",
                "type": "item",
                "stacksize": 16,
                "stock": {
                    "avg": 12,
                    "var": 3
                },
                "price": {
                    "avg": 3,
                    "var": 0.75
                }
            },
            {
                "code": "lime",
                "type": "item",
                "stacksize": 16,
                "stock": {
                    "avg": 12,
                    "var": 3
                },
                "price": {
                    "avg": 2,
                    "var": 0.5
                }
            },
            {
                "code": "shield-woodmetal",
                "type": "item",
                "stacksize": 1,
                "stock": {
                    "avg": 1,
                    "var": 0.25
                },
                "price": {
                    "avg": 10,
                    "var": 2.5
                },
                "attributes": {
                    "wood": "birch",
                    "metal": "blackbronze",
                    "deco": "none"
                }
            },
            {
                "code": "shield-woodmetalleather",
                "type": "item",
                "stacksize": 1,
                "stock": {
                    "avg": 1,
                    "var": 0.25
                },
                "price": {
                    "avg": 13,
                    "var": 3.25
                },
                "attributes": {
                    "wood": "generic",
                    "metal": "bismuthbronze",
                    "color": "blue",
                    "deco": "none"
                }
            },
            {
                "code": "sewingkit",
                "type": "item",
                "stacksize": 1,
                "stock": {
                    "avg": 2,
                    "var": 0.5
                },
                "price": {
                    "avg": 3,
                    "var": 0.75
                }
            }
        ]
    },
    {
        "file": "game:config/tradelists/trader-survivalgoods.json", 
        "op": "replace",
        "path": "/buying/list",
        "value": [
            {
                "code": "cattailtops",
                "type": "item",
                "stacksize": 64,
                "stock": {
                    "avg": 2,
                    "var": 0.5
                },
                "price": {
                    "avg": 1,
                    "var": 0.25
                }
            },
            {
                "code": "knife-generic-boneflint",
                "type": "item",
                "stacksize": 5,
                "stock": {
                    "avg": 2,
                    "var": 0.5
                },
                "price": {
                    "avg": 1,
                    "var": 0.25
                }
            },
            {
                "code": "firewood",
                "type": "item",
                "stacksize": 32,
                "stock": {
                    "avg": 2,
                    "var": 0.5
                },
                "price": {
                    "avg": 1,
                    "var": 0.25
                }
            },
            {
                "code": "flaxtwine",
                "type": "item",
                "stacksize": 8,
                "stock": {
                    "avg": 2,
                    "var": 0.5
                },
                "price": {
                    "avg": 1,
                    "var": 0.25
                }
            },
            {
                "code": "feather",
                "type": "item",
                "stacksize": 32,
                "stock": {
                    "avg": 2,
                    "var": 0.5
                },
                "price": {
                    "avg": 1,
                    "var": 0.25
                }
            },
            {
                "code": "charcoal",
                "type": "item",
                "stacksize": 12,
                "stock": {
                    "avg": 4,
                    "var": 1
                },
                "price": {
                    "avg": 1,
                    "var": 0.25
                }
            },
            {
                "code": "leather-normal-plain",
                "type": "item",
                "stacksize": 2,
                "stock": {
                    "avg": 5,
                    "var": 1.25
                },
                "price": {
                    "avg": 1,
                    "var": 0.25
                }
            },
            {
                "code": "bread-spelt-perfect",
                "type": "item",
                "stacksize": 8,
                "stock": {
                    "avg": 5,
                    "var": 1.25
                },
                "price": {
                    "avg": 1,
                    "var": 0.25
                }
            },
            {
                "code": "bread-rye-perfect",
                "type": "item",
                "stacksize": 8,
                "stock": {
                    "avg": 5,
                    "var": 1.25
                },
                "price": {
                    "avg": 1,
                    "var": 0.25
                }
            },
            {
                "code": "bread-flax-perfect",
                "type": "item",
                "stacksize": 8,
                "stock": {
                    "avg": 5,
                    "var": 1.25
                },
                "price": {
                    "avg": 1,
                    "var": 0.25
                }
            },
            {
                "code": "bread-rice-perfect",
                "type": "item",
                "stacksize": 8,
                "stock": {
                    "avg": 5,
                    "var": 1.25
                },
                "price": {
                    "avg": 1,
                    "var": 0.25
                }
            },
            {
                "code": "bowl-fired",
                "type": "block",
                "stacksize": 2,
                "stock": {
                    "avg": 3,
                    "var": 0.75
                },
                "price": {
                    "avg": 1,
                    "var": 0.25
                },
                "attributes": {
                    "ucontents": [
                        {
                            "type": "item",
                            "code": "honeyportion",
                            "makefull": true
                        }
                    ]
                }
            },
            {
                "code": "lantern-up",
                "type": "block",
                "stacksize": 1,
                "stock": {
                    "avg": 2,
                    "var": 0.5
                },
                "price": {
                    "avg": 5,
                    "var": 1.25
                },
                "attributes": {
                    "material": "copper",
                    "lining": "plain"
                }
            },
            {
                "code": "lantern-up",
                "type": "block",
                "stacksize": 1,
                "stock": {
                    "avg": 2,
                    "var": 0.5
                },
                "price": {
                    "avg": 7,
                    "var": 1.75
                },
                "attributes": {
                    "material": "tinbronze",
                    "lining": "plain"
                }
            },
            {
                "code": "lantern-up",
                "type": "block",
                "stacksize": 1,
                "stock": {
                    "avg": 2,
                    "var": 0.5
                },
                "price": {
                    "avg": 8,
                    "var": 2
                },
                "attributes": {
                    "material": "bismuthbronze",
                    "lining": "plain"
                }
            },
            {
                "code": "lantern-up",
                "type": "block",
                "stacksize": 1,
                "stock": {
                    "avg": 2,
                    "var": 0.5
                },
                "price": {
                    "avg": 9,
                    "var": 2.25
                },
                "attributes": {
                    "material": "blackbronze",
                    "lining": "plain"
                }
            },
            {
                "code": "ingot-copper",
                "type": "item",
                "stacksize": 1,
                "stock": {
                    "avg": 5,
                    "var": 1.25
                },
                "price": {
                    "avg": 1,
                    "var": 0.25
                }
            },
            {
                "code": "ingot-tin",
                "type": "item",
                "stacksize": 1,
                "stock": {
                    "avg": 5,
                    "var": 1.25
                },
                "price": {
                    "avg": 2,
                    "var": 0.5
                }
            },
            {
                "code": "sewingkit",
                "type": "item",
                "stacksize": 1,
                "stock": {
                    "avg": 4,
                    "var": 1
                },
                "price": {
                    "avg": 1,
                    "var": 0.25
                }
            },
            {
                "code": "ingot-steel",
                "type": "item",
                "stacksize": 1,
                "stock": {
                    "avg": 3,
                    "var": 0.75
                },
                "price": {
                    "avg": 3,
                    "var": 0.75
                }
            }
        ]
    }
]


