[
    {
        "file": "game:config/tradelists/trader-luxuries.json", 
        "op": "replace",
        "path": "/money/avg",
        "value": 125
    },
    {
        "file": "game:config/tradelists/trader-luxuries.json", 
        "op": "replace",
        "path": "/selling/list",
        "value":[
            {
                "code": "chandelier-candle0",
                "type": "block",
                "stacksize": 1,
                "stock": {
                    "avg": 1,
                    "var": 0.25
                },
                "price": {
                    "avg": 17,
                    "var": 4.25
                }
            },
            {
                "code": "creature-humanoid-trader-luxuries",
                "type": "item",
                "stacksize": 1,
                "stock": {
                    "avg": 1,
                    "var": 0.25
                },
                "price": {
                    "avg": 50,
                    "var": 0.5
                }
            },
            {
                "code": "glass-green",
                "type": "block",
                "stacksize": 4,
                "stock": {
                    "avg": 16,
                    "var": 4
                },
                "price": {
                    "avg": 1,
                    "var": 0.25
                }
            },
            {
                "code": "glass-blue",
                "type": "block",
                "stacksize": 4,
                "stock": {
                    "avg": 16,
                    "var": 4
                },
                "price": {
                    "avg": 1,
                    "var": 0.25
                }
            },
            {
                "code": "glass-violet",
                "type": "block",
                "stacksize": 4,
                "stock": {
                    "avg": 16,
                    "var": 4
                },
                "price": {
                    "avg": 1,
                    "var": 0.25
                }
            },
            {
                "code": "glass-red",
                "type": "block",
                "stacksize": 4,
                "stock": {
                    "avg": 16,
                    "var": 4
                },
                "price": {
                    "avg": 1,
                    "var": 0.25
                }
            },
            {
                "code": "glass-yellow",
                "type": "block",
                "stacksize": 4,
                "stock": {
                    "avg": 16,
                    "var": 4
                },
                "price": {
                    "avg": 1,
                    "var": 0.25
                }
            },
            {
                "code": "glass-brown",
                "type": "block",
                "stacksize": 4,
                "stock": {
                    "avg": 16,
                    "var": 4
                },
                "price": {
                    "avg": 1,
                    "var": 0.25
                }
            },
            {
                "code": "clothes-foot-aristocrat-shoes",
                "type": "item",
                "stacksize": 1,
                "stock": {
                    "avg": 2,
                    "var": 0.5
                },
                "price": {
                    "avg": 7,
                    "var": 1.75
                }
            },
            {
                "code": "clothes-lowerbody-aristocrat-leggings",
                "type": "item",
                "stacksize": 1,
                "stock": {
                    "avg": 1,
                    "var": 0.25
                },
                "price": {
                    "avg": 10,
                    "var": 2.5
                }
            },
            {
                "code": "clothes-shoulder-aristocrat-mantle",
                "type": "item",
                "stacksize": 1,
                "stock": {
                    "avg": 1,
                    "var": 0.25
                },
                "price": {
                    "avg": 14,
                    "var": 3.5
                }
            },
            {
                "code": "clothes-upperbody-aristocrat-shirt",
                "type": "item",
                "stacksize": 1,
                "stock": {
                    "avg": 2,
                    "var": 0.5
                },
                "price": {
                    "avg": 10,
                    "var": 2.5
                }
            },
            {
                "code": "clothes-waist-aristocrat-belt",
                "type": "item",
                "stacksize": 1,
                "stock": {
                    "avg": 1,
                    "var": 0.25
                },
                "price": {
                    "avg": 7,
                    "var": 1.75
                }
            },
            {
                "code": "clothes-upperbody-scarlet-ornate-linen-tunic",
                "type": "item",
                "stacksize": 1,
                "stock": {
                    "avg": 1,
                    "var": 0.25
                },
                "price": {
                    "avg": 16,
                    "var": 4
                }
            },
            {
                "code": "clothes-foot-tigh-high-boots",
                "type": "item",
                "stacksize": 1,
                "stock": {
                    "avg": 2,
                    "var": 0.5
                },
                "price": {
                    "avg": 9,
                    "var": 2.25
                }
            },
            {
                "code": "clothes-neck-bronze-gem-necklace",
                "type": "item",
                "stacksize": 1,
                "stock": {
                    "avg": 2,
                    "var": 0.5
                },
                "price": {
                    "avg": 8,
                    "var": 2
                }
            },
            {
                "code": "clothes-neck-pearl-necklace",
                "type": "item",
                "stacksize": 1,
                "stock": {
                    "avg": 1,
                    "var": 0.25
                },
                "price": {
                    "avg": 13,
                    "var": 3.25
                }
            },
            {
                "code": "clothes-head-silver-diadem",
                "type": "item",
                "stacksize": 1,
                "stock": {
                    "avg": 1,
                    "var": 0.25
                },
                "price": {
                    "avg": 17,
                    "var": 4.25
                }
            },
            {
                "code": "clothes-arm-silver-chain",
                "type": "item",
                "stacksize": 1,
                "stock": {
                    "avg": 1,
                    "var": 0.25
                },
                "price": {
                    "avg": 13,
                    "var": 3.25
                }
            },
            {
                "code": "clothes-arm-silver-bracelet",
                "type": "item",
                "stacksize": 1,
                "stock": {
                    "avg": 2,
                    "var": 0.5
                },
                "price": {
                    "avg": 9,
                    "var": 2.25
                }
            },
            {
                "code": "blade-falx-silver",
                "type": "item",
                "stacksize": 1,
                "stock": {
                    "avg": 1,
                    "var": 0.25
                },
                "price": {
                    "avg": 60,
                    "var": 15
                }
            },
            {
                "code": "arrow-silver",
                "type": "item",
                "stacksize": 1,
                "stock": {
                    "avg": 16,
                    "var": 4
                },
                "price": {
                    "avg": 2,
                    "var": 0.5
                }
            },
            {
                "code": "arrow-gold",
                "type": "item",
                "stacksize": 1,
                "stock": {
                    "avg": 16,
                    "var": 4
                },
                "price": {
                    "avg": 3,
                    "var": 0.75
                }
            },
            {
                "code": "spear-generic-ornatesilver",
                "type": "item",
                "stacksize": 1,
                "stock": {
                    "avg": 1,
                    "var": 0.25
                },
                "price": {
                    "avg": 22,
                    "var": 5.5
                }
            },
            {
                "code": "spear-generic-ornategold",
                "type": "item",
                "stacksize": 1,
                "stock": {
                    "avg": 1,
                    "var": 0.25
                },
                "price": {
                    "avg": 28,
                    "var": 7
                }
            },
            {
                "code": "lantern-up",
                "type": "block",
                "stacksize": 1,
                "stock": {
                    "avg": 4,
                    "var": 1
                },
                "price": {
                    "avg": 18,
                    "var": 4.5
                },
                "attributes": {
                    "material": "gold",
                    "lining": "plain"
                }
            },
            {
                "code": "smallcarpet-blue",
                "type": "block",
                "stacksize": 1,
                "stock": {
                    "avg": 1,
                    "var": 0.25
                },
                "price": {
                    "avg": 10,
                    "var": 2.5
                }
            },
            {
                "code": "smallcarpet-brown",
                "type": "block",
                "stacksize": 1,
                "stock": {
                    "avg": 1,
                    "var": 0.25
                },
                "price": {
                    "avg": 8,
                    "var": 2
                }
            },
            {
                "code": "smallcarpet-red",
                "type": "block",
                "stacksize": 1,
                "stock": {
                    "avg": 1,
                    "var": 0.25
                },
                "price": {
                    "avg": 10,
                    "var": 2.5
                }
            },
            {
                "code": "smallcarpet-turqoise",
                "type": "block",
                "stacksize": 1,
                "stock": {
                    "avg": 1,
                    "var": 0.25
                },
                "price": {
                    "avg": 8,
                    "var": 2
                }
            },
            {
                "code": "resonator-north",
                "type": "block",
                "stacksize": 1,
                "stock": {
                    "avg": 1,
                    "var": 0.25
                },
                "price": {
                    "avg": 30,
                    "var": 7.5
                }
            },
            {
                "code": "armor-head-antique-forlorn-broken",
                "type": "item",
                "stacksize": 1,
                "stock": {
                    "avg": 1,
                    "var": 0.25
                },
                "price": {
                    "avg": 30,
                    "var": 7.5
                }
            },
            {
                "code": "armor-body-antique-forlorn-broken",
                "type": "item",
                "stacksize": 1,
                "stock": {
                    "avg": 1,
                    "var": 0.25
                },
                "price": {
                    "avg": 52,
                    "var": 13
                }
            },
            {
                "code": "armor-legs-antique-forlorn-broken",
                "type": "item",
                "stacksize": 1,
                "stock": {
                    "avg": 1,
                    "var": 0.25
                },
                "price": {
                    "avg": 42,
                    "var": 10.5
                }
            },
            {
                "code": "blade-forlorn-iron",
                "type": "item",
                "stacksize": 1,
                "stock": {
                    "avg": 1,
                    "var": 0.25
                },
                "price": {
                    "avg": 32,
                    "var": 8
                }
            },
            {
                "code": "hoovedwearables-blanket-forlorn",
                "type": "item",
                "stacksize": 1,
                "stock": {
                    "avg": 1,
                    "var": 0.25
                },
                "price": {
                    "avg": 20,
                    "var": 5
                }
            },
            {
                "code": "shield-woodmetalleather",
                "type": "item",
                "stacksize": 1,
                "stock": {
                    "avg": 1,
                    "var": 0.25
                },
                "price": {
                    "avg": 24,
                    "var": 6
                },
                "attributes": {
                    "metal": "gold",
                    "color": "red",
                    "deco": "ornate"
                }
            },
            {
                "code": "shield-woodmetalleather",
                "type": "item",
                "stacksize": 1,
                "stock": {
                    "avg": 1,
                    "var": 0.25
                },
                "price": {
                    "avg": 20,
                    "var": 5
                },
                "attributes": {
                    "metal": "silver",
                    "color": "green",
                    "deco": "ornate"
                }
            },
            {
                "code": "omokpiece-gold",
                "type": "item",
                "stacksize": 30,
                "stock": {
                    "avg": 2,
                    "var": 0.5
                },
                "price": {
                    "avg": 2,
                    "var": 0.5
                }
            },
            {
                "code": "omokpiece-lead",
                "type": "item",
                "stacksize": 30,
                "stock": {
                    "avg": 2,
                    "var": 0.5
                },
                "price": {
                    "avg": 2,
                    "var": 0.5
                }
            },
            {
                "code": "hoovedwearables-face-face2",
                "type": "item",
                "stacksize": 1,
                "stock": {
                    "avg": 1,
                    "var": 0.25
                },
                "price": {
                    "avg": 24,
                    "var": 6
                }
            },
            {
                "code": "hoovedwearables-face-face3",
                "type": "item",
                "stacksize": 1,
                "stock": {
                    "avg": 1,
                    "var": 0.25
                },
                "price": {
                    "avg": 20,
                    "var": 5
                }
            },
            {
                "code": "hoovedwearables-face-face4",
                "type": "item",
                "stacksize": 1,
                "stock": {
                    "avg": 1,
                    "var": 0.25
                },
                "price": {
                    "avg": 22,
                    "var": 5.5
                }
            }
        ]
    },
    {
        "file": "game:config/tradelists/trader-luxuries.json", 
        "op": "replace",
        "path": "/buying/list",
        "value":[
            {
                "code": "clothes-foot-prince-boots",
                "type": "item",
                "stacksize": 1,
                "stock": {
                    "avg": 1,
                    "var": 0.25
                },
                "price": {
                    "avg": 9,
                    "var": 2.25
                }
            },
            {
                "code": "clothes-hand-prince-gloves",
                "type": "item",
                "stacksize": 1,
                "stock": {
                    "avg": 1,
                    "var": 0.25
                },
                "price": {
                    "avg": 9,
                    "var": 2.25
                }
            },
            {
                "code": "clothes-lowerbody-prince-breeches",
                "type": "item",
                "stacksize": 1,
                "stock": {
                    "avg": 1,
                    "var": 0.25
                },
                "price": {
                    "avg": 11,
                    "var": 2.75
                }
            },
            {
                "code": "clothes-upperbody-prince-tunic",
                "type": "item",
                "stacksize": 1,
                "stock": {
                    "avg": 1,
                    "var": 0.25
                },
                "price": {
                    "avg": 11,
                    "var": 2.75
                }
            },
            {
                "code": "clothes-waist-prince-waistband",
                "type": "item",
                "stacksize": 1,
                "stock": {
                    "avg": 1,
                    "var": 0.25
                },
                "price": {
                    "avg": 9,
                    "var": 2.25
                }
            },
            {
                "code": "hoovedwearables-blanket-prince",
                "type": "item",
                "stacksize": 1,
                "stock": {
                    "avg": 1,
                    "var": 0.25
                },
                "price": {
                    "avg": 9,
                    "var": 2.25
                }
            },
            {
                "code": "clothes-foot-noble-shoes",
                "type": "item",
                "stacksize": 1,
                "stock": {
                    "avg": 1,
                    "var": 0.25
                },
                "price": {
                    "avg": 6,
                    "var": 1.5
                }
            },
            {
                "code": "clothes-hand-noble-riding-gloves",
                "type": "item",
                "stacksize": 1,
                "stock": {
                    "avg": 1,
                    "var": 0.25
                },
                "price": {
                    "avg": 6,
                    "var": 1.5
                }
            },
            {
                "code": "clothes-head-noble-fillet",
                "type": "item",
                "stacksize": 1,
                "stock": {
                    "avg": 1,
                    "var": 0.25
                },
                "price": {
                    "avg": 7,
                    "var": 1.75
                }
            },
            {
                "code": "clothes-lowerbody-noble-pants",
                "type": "item",
                "stacksize": 1,
                "stock": {
                    "avg": 1,
                    "var": 0.25
                },
                "price": {
                    "avg": 7,
                    "var": 1.75
                }
            },
            {
                "code": "clothes-neck-noble-necklace",
                "type": "item",
                "stacksize": 1,
                "stock": {
                    "avg": 1,
                    "var": 0.25
                },
                "price": {
                    "avg": 6,
                    "var": 1.5
                }
            },
            {
                "code": "clothes-shoulder-noble-fur-collar",
                "type": "item",
                "stacksize": 1,
                "stock": {
                    "avg": 1,
                    "var": 0.25
                },
                "price": {
                    "avg": 6,
                    "var": 1.5
                }
            },
            {
                "code": "clothes-upperbody-noble-shirt",
                "type": "item",
                "stacksize": 1,
                "stock": {
                    "avg": 1,
                    "var": 0.25
                },
                "price": {
                    "avg": 7,
                    "var": 1.75
                }
            },
            {
                "code": "clothes-waist-noble-sash",
                "type": "item",
                "stacksize": 1,
                "stock": {
                    "avg": 1,
                    "var": 0.25
                },
                "price": {
                    "avg": 7,
                    "var": 1.75
                }
            },
            {
                "code": "clothes-neck-golden-necklace",
                "type": "item",
                "stacksize": 1,
                "stock": {
                    "avg": 1,
                    "var": 0.25
                },
                "price": {
                    "avg": 9,
                    "var": 2.25
                }
            },
            {
                "code": "clothes-head-gold-coronet",
                "type": "item",
                "stacksize": 1,
                "stock": {
                    "avg": 1,
                    "var": 0.25
                },
                "price": {
                    "avg": 16,
                    "var": 4
                }
            },
            {
                "code": "clothes-head-gem-encrusted-fur-hat",
                "type": "item",
                "stacksize": 1,
                "stock": {
                    "avg": 1,
                    "var": 0.25
                },
                "price": {
                    "avg": 10,
                    "var": 2.5
                }
            },
            {
                "code": "clothes-neck-fancy-royal-collar",
                "type": "item",
                "stacksize": 1,
                "stock": {
                    "avg": 1,
                    "var": 0.25
                },
                "price": {
                    "avg": 12,
                    "var": 3
                }
            },
            {
                "code": "clothes-shoulder-royal-fur",
                "type": "item",
                "stacksize": 1,
                "stock": {
                    "avg": 1,
                    "var": 0.25
                },
                "price": {
                    "avg": 16,
                    "var": 4
                }
            },
            {
                "code": "clothes-waist-gold-waist-chain",
                "type": "item",
                "stacksize": 1,
                "stock": {
                    "avg": 1,
                    "var": 0.25
                },
                "price": {
                    "avg": 16,
                    "var": 4
                }
            },
            {
                "code": "clothes-waist-fancy-royal-belt",
                "type": "item",
                "stacksize": 1,
                "stock": {
                    "avg": 1,
                    "var": 0.25
                },
                "price": {
                    "avg": 10,
                    "var": 2.5
                }
            },
            {
                "code": "painting-howl-north",
                "type": "block",
                "stacksize": 1,
                "stock": {
                    "avg": 1,
                    "var": 0.25
                },
                "price": {
                    "avg": 9,
                    "var": 2.25
                }
            },
            {
                "code": "painting-elk-north",
                "type": "block",
                "stacksize": 1,
                "stock": {
                    "avg": 1,
                    "var": 0.25
                },
                "price": {
                    "avg": 9,
                    "var": 2.25
                }
            },
            {
                "code": "painting-underwater-north",
                "type": "block",
                "stacksize": 1,
                "stock": {
                    "avg": 1,
                    "var": 0.25
                },
                "price": {
                    "avg": 9,
                    "var": 2.25
                }
            },
            {
                "code": "painting-prey-north",
                "type": "block",
                "stacksize": 1,
                "stock": {
                    "avg": 1,
                    "var": 0.25
                },
                "price": {
                    "avg": 9,
                    "var": 2.25
                }
            },
            {
                "code": "painting-forestdawn-north",
                "type": "block",
                "stacksize": 1,
                "stock": {
                    "avg": 1,
                    "var": 0.25
                },
                "price": {
                    "avg": 9,
                    "var": 2.25
                }
            },
            {
                "code": "ingot-gold",
                "type": "item",
                "stacksize": 1,
                "stock": {
                    "avg": 2,
                    "var": 0.5
                },
                "price": {
                    "avg": 4,
                    "var": 1
                }
            },
            {
                "code": "ingot-silver",
                "type": "item",
                "stacksize": 1,
                "stock": {
                    "avg": 3,
                    "var": 0.75
                },
                "price": {
                    "avg": 3,
                    "var": 0.75
                }
            },
            {
                "code": "gem-emerald-rough",
                "type": "item",
                "stacksize": 1,
                "stock": {
                    "avg": 1,
                    "var": 0.25
                },
                "price": {
                    "avg": 16,
                    "var": 4
                },
                "attributes": {
                    "potential": "high"
                }
            },
            {
                "code": "gem-emerald-rough",
                "type": "item",
                "stacksize": 1,
                "stock": {
                    "avg": 1,
                    "var": 0.25
                },
                "price": {
                    "avg": 14,
                    "var": 3.5
                },
                "attributes": {
                    "potential": "medium"
                }
            },
            {
                "code": "gem-emerald-rough",
                "type": "item",
                "stacksize": 1,
                "stock": {
                    "avg": 1,
                    "var": 0.25
                },
                "price": {
                    "avg": 12,
                    "var": 3
                },
                "attributes": {
                    "potential": "low"
                }
            },
            {
                "code": "ore-lapislazuli",
                "type": "item",
                "stacksize": 4,
                "stock": {
                    "avg": 5,
                    "var": 1.25
                },
                "price": {
                    "avg": 1,
                    "var": 0.25
                }
            },
            {
                "code": "omoktabletop",
                "type": "block",
                "stacksize": 1,
                "stock": {
                    "avg": 2,
                    "var": 0.5
                },
                "price": {
                    "avg": 4,
                    "var": 1
                }
            },
            {
                "code": "lore-book-aged-orange",
                "type": "item",
                "stacksize": 1,
                "stock": {
                    "avg": 3,
                    "var": 0.75
                },
                "price": {
                    "avg": 4,
                    "var": 1
                },
                "attributes": {
                    "category": "diaries"
                }
            },
            {
                "code": "chest-east",
                "type": "block",
                "stacksize": 1,
                "stock": {
                    "avg": 1,
                    "var": 0.25
                },
                "price": {
                    "avg": 14,
                    "var": 3.5
                },
                "attributes": {
                    "type": "golden"
                }
            },
            {
                "code": "storagevessel-chthonic",
                "type": "block",
                "stacksize": 1,
                "stock": {
                    "avg": 1,
                    "var": 0.25
                },
                "price": {
                    "avg": 8,
                    "var": 2
                },
                "attributes": {
                    "type": "normal"
                }
            },
            {
                "code": "painting-fishandtherain-north",
                "type": "block",
                "stacksize": 1,
                "stock": {
                    "avg": 1,
                    "var": 0.25
                },
                "price": {
                    "avg": 20,
                    "var": 5
                }
            },
            {
                "code": "gem-diamond-rough",
                "type": "item",
                "stacksize": 1,
                "stock": {
                    "avg": 1,
                    "var": 0.25
                },
                "price": {
                    "avg": 12,
                    "var": 3
                },
                "attributes": {
                    "potential": "high"
                }
            },
            {
                "code": "gem-diamond-rough",
                "type": "item",
                "stacksize": 1,
                "stock": {
                    "avg": 1,
                    "var": 0.25
                },
                "price": {
                    "avg": 10,
                    "var": 2.5
                },
                "attributes": {
                    "potential": "medium"
                }
            },
            {
                "code": "gem-diamond-rough",
                "type": "item",
                "stacksize": 1,
                "stock": {
                    "avg": 1,
                    "var": 0.25
                },
                "price": {
                    "avg": 8,
                    "var": 2
                },
                "attributes": {
                    "potential": "low"
                }
            },
            {
                "code": "gem-olivine_peridot-rough",
                "type": "item",
                "stacksize": 1,
                "stock": {
                    "avg": 1,
                    "var": 0.25
                },
                "price": {
                    "avg": 12,
                    "var": 3
                },
                "attributes": {
                    "potential": "high"
                }
            },
            {
                "code": "gem-olivine_peridot-rough",
                "type": "item",
                "stacksize": 1,
                "stock": {
                    "avg": 1,
                    "var": 0.25
                },
                "price": {
                    "avg": 10,
                    "var": 2.5
                },
                "attributes": {
                    "potential": "medium"
                }
            },
            {
                "code": "gem-olivine_peridot-rough",
                "type": "item",
                "stacksize": 1,
                "stock": {
                    "avg": 1,
                    "var": 0.25
                },
                "price": {
                    "avg": 8,
                    "var": 2
                },
                "attributes": {
                    "potential": "low"
                }
            }
        ]
    }
]