[
    {
        "file": "game:config/tradelists/trader-agriculture.json", 
        "op": "replace",
        "path": "/money/avg",
        "value": 125
    },
    {
        "file": "game:config/tradelists/trader-agriculture.json", 
        "op": "replace",
        "path": "/selling/list",
        "value":[
            {
                "code": "hoe-tinbronze",
                "type": "item",
                "stacksize": 1,
                "stock": {
                    "avg": 1,
                    "var": 0.25
                },
                "price": {
                    "avg": 8,
                    "var": 1
                }
            },
            {
                "code": "hoe-bismuthbronze",
                "type": "item",
                "stacksize": 1,
                "stock": {
                    "avg": 1,
                    "var": 0.25
                },
                "price": {
                    "avg": 9,
                    "var": 1.25
                }
            },
            {
                "code": "hoe-blackbronze",
                "type": "item",
                "stacksize": 1,
                "stock": {
                    "avg": 1,
                    "var": 0.25
                },
                "price": {
                    "avg": 10,
                    "var": 1.5
                }
            },
            {
                "code": "scythe-tinbronze",
                "type": "item",
                "stacksize": 1,
                "stock": {
                    "avg": 1,
                    "var": 0.25
                },
                "price": {
                    "avg": 9,
                    "var": 1.25
                }
            },
            {
                "code": "scythe-bismuthbronze",
                "type": "item",
                "stacksize": 1,
                "stock": {
                    "avg": 1,
                    "var": 0.25
                },
                "price": {
                    "avg": 10,
                    "var": 1.5
                }
            },
            {
                "code": "scythe-blackbronze",
                "type": "item",
                "stacksize": 1,
                "stock": {
                    "avg": 1,
                    "var": 0.25
                },
                "price": {
                    "avg": 11,
                    "var": 1.75
                }
            },
            {
                "code": "linensack",
                "type": "item",
                "stacksize": 1,
                "stock": {
                    "avg": 2,
                    "var": 0.5
                },
                "price": {
                    "avg": 5,
                    "var": 0.25
                }
            },
            {
                "code": "creature-humanoid-trader-foods",
                "type": "item",
                "stacksize": 1,
                "stock": {
                    "avg": 1,
                    "var": 0.25
                },
                "price": {
                    "avg": 50,
                    "var": 0.5
                }
            },
            {
                "code": "creature-humanoid-trader-chef",
                "type": "item",
                "stacksize": 1,
                "stock": {
                    "avg": 1,
                    "var": 0.25
                },
                "price": {
                    "avg": 100,
                    "var": 0.5
                }
            },
            {
                "code": "skep-populated-east",
                "type": "block",
                "stacksize": 1,
                "stock": {
                    "avg": 1,
                    "var": 0.25
                },
                "price": {
                    "avg": 20,
                    "var": 0.25
                }
            },
            {
                "code": "bowl-fired",
                "type": "block",
                "stacksize": 4,
                "stock": {
                    "avg": 2,
                    "var": 0.5
                },
                "price": {
                    "avg": 1,
                    "var": 0.25
                },
                "attributes": {
                    "ucontents": [
                        {
                            "type": "item",
                            "code": "honeyportion",
                            "makefull": true
                        }
                    ]
                }
            },
            {
                "code": "beeswax",
                "type": "item",
                "stacksize": 2,
                "stock": {
                    "avg": 4,
                    "var": 1
                },
                "price": {
                    "avg": 2,
                    "var": 0.5
                }
            },
            {
                "code": "honeycomb",
                "type": "item",
                "stacksize": 1,
                "stock": {
                    "avg": 16,
                    "var": 4
                },
                "price": {
                    "avg": 1,
                    "var": 0.25
                }
            },
            {
                "code": "treeseed-oak",
                "type": "item",
                "stacksize": 2,
                "stock": {
                    "avg": 4,
                    "var": 1
                },
                "price": {
                    "avg": 4,
                    "var": 1
                }
            },
            {
                "code": "treeseed-maple",
                "type": "item",
                "stacksize": 2,
                "stock": {
                    "avg": 4,
                    "var": 1
                },
                "price": {
                    "avg": 4,
                    "var": 1
                }
            },
            {
                "code": "treeseed-pine",
                "type": "item",
                "stacksize": 2,
                "stock": {
                    "avg": 4,
                    "var": 1
                },
                "price": {
                    "avg": 4,
                    "var": 1
                }
            },
            {
                "code": "treeseed-redwood",
                "type": "item",
                "stacksize": 1,
                "stock": {
                    "avg": 2,
                    "var": 0.5
                },
                "price": {
                    "avg": 8,
                    "var": 2
                }
            },
            {
                "code": "treeseed-kapok",
                "type": "item",
                "stacksize": 1,
                "stock": {
                    "avg": 2,
                    "var": 0.5
                },
                "price": {
                    "avg": 8,
                    "var": 2
                }
            },
            {
                "code": "seeds-flax",
                "type": "item",
                "stacksize": 4,
                "stock": {
                    "avg": 2,
                    "var": 0.5
                },
                "price": {
                    "avg": 4,
                    "var": 1
                }
            },
            {
                "code": "seeds-spelt",
                "type": "item",
                "stacksize": 4,
                "stock": {
                    "avg": 2,
                    "var": 0.5
                },
                "price": {
                    "avg": 4,
                    "var": 1
                }
            },
            {
                "code": "seeds-rice",
                "type": "item",
                "stacksize": 4,
                "stock": {
                    "avg": 2,
                    "var": 0.5
                },
                "price": {
                    "avg": 4,
                    "var": 1
                }
            },
            {
                "code": "seeds-rye",
                "type": "item",
                "stacksize": 4,
                "stock": {
                    "avg": 2,
                    "var": 0.5
                },
                "price": {
                    "avg": 4,
                    "var": 1
                }
            },
            {
                "code": "seeds-sunflower",
                "type": "item",
                "stacksize": 4,
                "stock": {
                    "avg": 2,
                    "var": 0.5
                },
                "price": {
                    "avg": 4,
                    "var": 1
                }
            },
            {
                "code": "seeds-cabbage",
                "type": "item",
                "stacksize": 2,
                "stock": {
                    "avg": 2,
                    "var": 0.5
                },
                "price": {
                    "avg": 6,
                    "var": 1.5
                }
            },
            {
                "code": "seeds-parsnip",
                "type": "item",
                "stacksize": 4,
                "stock": {
                    "avg": 2,
                    "var": 0.5
                },
                "price": {
                    "avg": 4,
                    "var": 1
                }
            },
            {
                "code": "seeds-carrot",
                "type": "item",
                "stacksize": 4,
                "stock": {
                    "avg": 2,
                    "var": 0.5
                },
                "price": {
                    "avg": 4,
                    "var": 1
                }
            },
            {
                "code": "seeds-onion",
                "type": "item",
                "stacksize": 4,
                "stock": {
                    "avg": 2,
                    "var": 0.5
                },
                "price": {
                    "avg": 4,
                    "var": 1
                }
            },
            {
                "code": "seeds-turnip",
                "type": "item",
                "stacksize": 4,
                "stock": {
                    "avg": 2,
                    "var": 0.5
                },
                "price": {
                    "avg": 4,
                    "var": 1
                }
            },
            {
                "code": "seeds-pumpkin",
                "type": "item",
                "stacksize": 2,
                "stock": {
                    "avg": 2,
                    "var": 0.5
                },
                "price": {
                    "avg": 6,
                    "var": 1.5
                }
            },
            {
                "code": "seeds-soybean",
                "type": "item",
                "stacksize": 2,
                "stock": {
                    "avg": 2,
                    "var": 0.5
                },
                "price": {
                    "avg": 6,
                    "var": 1.5
                }
            },
            {
                "code": "seeds-pineapple",
                "type": "item",
                "stacksize": 2,
                "stock": {
                    "avg": 2,
                    "var": 0.5
                },
                "price": {
                    "avg": 6,
                    "var": 1.5
                }
            },
            {
                "code": "seeds-cassava",
                "type": "item",
                "stacksize": 2,
                "stock": {
                    "avg": 2,
                    "var": 0.5
                },
                "price": {
                    "avg": 6,
                    "var": 1.5
                }
            },
            {
                "code": "seeds-amaranth",
                "type": "item",
                "stacksize": 2,
                "stock": {
                    "avg": 2,
                    "var": 0.5
                },
                "price": {
                    "avg": 6,
                    "var": 1.5
                }
            },
            {
                "code": "seeds-peanut",
                "type": "item",
                "stacksize": 2,
                "stock": {
                    "avg": 2,
                    "var": 0.5
                },
                "price": {
                    "avg": 6,
                    "var": 1.5
                }
            },
            {
                "code": "seeds-bellpepper",
                "type": "item",
                "stacksize": 2,
                "stock": {
                    "avg": 2,
                    "var": 0.5
                },
                "price": {
                    "avg": 6,
                    "var": 1.5
                }
            },
            {
                "code": "compost",
                "type": "item",
                "stacksize": 8,
                "stock": {
                    "avg": 4,
                    "var": 1
                },
                "price": {
                    "avg": 4,
                    "var": 1
                }
            },
            {
                "code": "paper-parchment",
                "type": "item",
                "stacksize": 5,
                "stock": {
                    "avg": 3,
                    "var": 0.75
                },
                "price": {
                    "avg": 1,
                    "var": 0.25
                }
            }
        ]
    },
    {
        "file": "game:config/tradelists/trader-agriculture.json", 
        "op": "replace",
        "path": "/buying/list",
        "value":[
            {
                "code": "skep-empty-east",
                "type": "block",
                "stacksize": 1,
                "stock": {
                    "avg": 1,
                    "var": 0.25
                },
                "price": {
                    "avg": 1,
                    "var": 0.25
                }
            },
            {
                "code": "bowl-fired",
                "type": "block",
                "stacksize": 6,
                "stock": {
                    "avg": 4,
                    "var": 1
                },
                "price": {
                    "avg": 1,
                    "var": 0.25
                }
            },
            {
                "code": "creature-wolf-pup",
                "type": "item",
                "stacksize": 1,
                "stock": {
                    "avg": 1,
                    "var": 0.25
                },
                "price": {
                    "avg": 14,
                    "var": 3.5
                }
            },
            {
                "code": "fruit-blueberry",
                "type": "item",
                "stacksize": 16,
                "stock": {
                    "avg": 8,
                    "var": 2
                },
                "price": {
                    "avg": 1,
                    "var": 0.25
                }
            },
            {
                "code": "fruit-cranberry",
                "type": "item",
                "stacksize": 16,
                "stock": {
                    "avg": 8,
                    "var": 2
                },
                "price": {
                    "avg": 1,
                    "var": 0.25
                }
            },
            {
                "code": "fruit-redcurrant",
                "type": "item",
                "stacksize": 16,
                "stock": {
                    "avg": 8,
                    "var": 2
                },
                "price": {
                    "avg": 1,
                    "var": 0.25
                }
            },
            {
                "code": "fruit-whitecurrant",
                "type": "item",
                "stacksize": 16,
                "stock": {
                    "avg": 8,
                    "var": 2
                },
                "price": {
                    "avg": 1,
                    "var": 0.25
                }
            },
            {
                "code": "fruit-blackcurrant",
                "type": "item",
                "stacksize": 16,
                "stock": {
                    "avg": 8,
                    "var": 2
                },
                "price": {
                    "avg": 1,
                    "var": 0.25
                }
            },
            {
                "code": "pumpkin-fruit-4",
                "type": "block",
                "stacksize": 4,
                "stock": {
                    "avg": 5,
                    "var": 1.25
                },
                "price": {
                    "avg": 1,
                    "var": 0.25
                }
            },
            {
                "code": "fruit-pineapple",
                "type": "block",
                "stacksize": 4,
                "stock": {
                    "avg": 5,
                    "var": 1.25
                },
                "price": {
                    "avg": 1,
                    "var": 0.25
                }
            },
            {
                "code": "grain-spelt",
                "type": "item",
                "stacksize": 64,
                "stock": {
                    "avg": 8,
                    "var": 2
                },
                "price": {
                    "avg": 1,
                    "var": 0.5
                }
            },
            {
                "code": "grain-rice",
                "type": "item",
                "stacksize": 64,
                "stock": {
                    "avg": 8,
                    "var": 2
                },
                "price": {
                    "avg": 1,
                    "var": 0.5
                }
            },
            {
                "code": "grain-flax",
                "type": "item",
                "stacksize": 64,
                "stock": {
                    "avg": 8,
                    "var": 2
                },
                "price": {
                    "avg": 1,
                    "var": 0.5
                }
            },
            {
                "code": "grain-rye",
                "type": "item",
                "stacksize": 64,
                "stock": {
                    "avg": 8,
                    "var": 2
                },
                "price": {
                    "avg": 1,
                    "var": 0.5
                }
            },
            {
                "code": "grain-amaranth",
                "type": "item",
                "stacksize": 64,
                "stock": {
                    "avg": 8,
                    "var": 2
                },
                "price": {
                    "avg": 1,
                    "var": 0.5
                }
            },
            {
                "code": "grain-sunflower",
                "type": "item",
                "stacksize": 64,
                "stock": {
                    "avg": 8,
                    "var": 2
                },
                "price": {
                    "avg": 1,
                    "var": 0.5
                }
            },
            {
                "code": "vegetable-carrot",
                "type": "item",
                "stacksize": 16,
                "stock": {
                    "avg": 8,
                    "var": 2
                },
                "price": {
                    "avg": 1,
                    "var": 0.5
                }
            },
            {
                "code": "vegetable-cabbage",
                "type": "item",
                "stacksize": 16,
                "stock": {
                    "avg": 8,
                    "var": 2
                },
                "price": {
                    "avg": 1,
                    "var": 0.5
                }
            },
            {
                "code": "vegetable-onion",
                "type": "item",
                "stacksize": 16,
                "stock": {
                    "avg": 8,
                    "var": 2
                },
                "price": {
                    "avg": 1,
                    "var": 0.5
                }
            },
            {
                "code": "vegetable-turnip",
                "type": "item",
                "stacksize": 16,
                "stock": {
                    "avg": 8,
                    "var": 2
                },
                "price": {
                    "avg": 1,
                    "var": 0.5
                }
            },
            {
                "code": "vegetable-bellpepper",
                "type": "item",
                "stacksize": 16,
                "stock": {
                    "avg": 8,
                    "var": 2
                },
                "price": {
                    "avg": 1,
                    "var": 0.5
                }
            },
            {
                "code": "vegetable-parsnip",
                "type": "item",
                "stacksize": 16,
                "stock": {
                    "avg": 8,
                    "var": 2
                },
                "price": {
                    "avg": 1,
                    "var": 0.5
                }
            },
            {
                "code": "legume-soybean",
                "type": "item",
                "stacksize": 16,
                "stock": {
                    "avg": 5,
                    "var": 1.25
                },
                "price": {
                    "avg": 1,
                    "var": 0.25
                }
            },
            {
                "code": "legume-peanut",
                "type": "item",
                "stacksize": 16,
                "stock": {
                    "avg": 5,
                    "var": 1.25
                },
                "price": {
                    "avg": 1,
                    "var": 0.25
                }
            }
        ]
    }
]