[
    {
        "file": "game:config/tradelists/trader-buildmaterials.json", 
        "op": "replace",
        "path": "/money/avg",
        "value": 125
    },
    {
        "file": "game:config/tradelists/trader-buildmaterials.json", 
        "op": "replace",
        "path": "/selling/list",
        "value":[
            {
                "code": "creature-humanoid-trader-buildmaterials",
                "type": "item",
                "stacksize": 1,
                "stock": {
                    "avg": 1,
                    "var": 0.25
                },
                "price": {
                    "avg": 50,
                    "var": 0.5
                }
            },
            {
                "code": "creature-humanoid-trader-masonrysupply",
                "type": "item",
                "stacksize": 1,
                "stock": {
                    "avg": 1,
                    "var": 0.25
                },
                "price": {
                    "avg": 100,
                    "var": 0.5
                }
            },
            {
                "code": "plank-birch",
                "type": "item",
                "stacksize": 32,
                "stock": {
                    "avg": 4,
                    "var": 1
                },
                "price": {
                    "avg": 1,
                    "var": 0.5
                }
            },
            {
                "code": "plank-oak",
                "type": "item",
                "stacksize": 32,
                "stock": {
                    "avg": 4,
                    "var": 1
                },
                "price": {
                    "avg": 1,
                    "var": 0.5
                }
            },
            {
                "code": "plank-maple",
                "type": "item",
                "stacksize": 32,
                "stock": {
                    "avg": 4,
                    "var": 1
                },
                "price": {
                    "avg": 1,
                    "var": 0.5
                }
            },
            {
                "code": "plank-pine",
                "type": "item",
                "stacksize": 32,
                "stock": {
                    "avg": 4,
                    "var": 1
                },
                "price": {
                    "avg": 1,
                    "var": 0.5
                }
            },
            {
                "code": "burnedbrick-fire",
                "type": "item",
                "stacksize": 8,
                "stock": {
                    "avg": 4,
                    "var": 1
                },
                "price": {
                    "avg": 2,
                    "var": 0.5
                }
            },
            {
                "code": "burnedbrick-brown",
                "type": "item",
                "stacksize": 8,
                "stock": {
                    "avg": 8,
                    "var": 2
                },
                "price": {
                    "avg": 2,
                    "var": 0.5
                }
            },
            {
                "code": "burnedbrick-red",
                "type": "item",
                "stacksize": 8,
                "stock": {
                    "avg": 8,
                    "var": 2
                },
                "price": {
                    "avg": 2,
                    "var": 0.5
                }
            },
            {
                "code": "shingle-burned-gray",
                "type": "item",
                "stacksize": 9,
                "stock": {
                    "avg": 6,
                    "var": 1.5
                },
                "price": {
                    "avg": 2,
                    "var": 0.5
                }
            },
            {
                "code": "shingle-burned-fire",
                "type": "item",
                "stacksize": 9,
                "stock": {
                    "avg": 6,
                    "var": 1.5
                },
                "price": {
                    "avg": 2,
                    "var": 0.5
                }
            },
            {
                "code": "shingle-burned-red",
                "type": "item",
                "stacksize": 9,
                "stock": {
                    "avg": 6,
                    "var": 1.5
                },
                "price": {
                    "avg": 2,
                    "var": 0.5
                }
            },
            {
                "code": "shingle-burned-brown",
                "type": "item",
                "stacksize": 9,
                "stock": {
                    "avg": 6,
                    "var": 1.5
                },
                "price": {
                    "avg": 2,
                    "var": 0.5
                }
            },
            {
                "code": "plaster-plain",
                "type": "block",
                "stacksize": 32,
                "stock": {
                    "avg": 4,
                    "var": 1
                },
                "price": {
                    "avg": 3,
                    "var": 0.75
                }
            },
            {
                "code": "glass-plain",
                "type": "block",
                "stacksize": 8,
                "stock": {
                    "avg": 4,
                    "var": 1
                },
                "price": {
                    "avg": 2,
                    "var": 0.5
                }
            },
            {
                "code": "wallpaper-blue4",
                "type": "block",
                "stacksize": 16,
                "stock": {
                    "avg": 4,
                    "var": 1
                },
                "price": {
                    "avg": 6,
                    "var": 1.5
                }
            },
            {
                "code": "wallpaper-green1",
                "type": "block",
                "stacksize": 16,
                "stock": {
                    "avg": 4,
                    "var": 1
                },
                "price": {
                    "avg": 6,
                    "var": 1.5
                }
            },
            {
                "code": "wallpaper-grey1",
                "type": "block",
                "stacksize": 16,
                "stock": {
                    "avg": 4,
                    "var": 1
                },
                "price": {
                    "avg": 6,
                    "var": 1.5
                }
            },
            {
                "code": "wallpaper-brown",
                "type": "block",
                "stacksize": 16,
                "stock": {
                    "avg": 4,
                    "var": 1
                },
                "price": {
                    "avg": 6,
                    "var": 1.5
                }
            },
            {
                "code": "wallpaper-walnut",
                "type": "block",
                "stacksize": 16,
                "stock": {
                    "avg": 4,
                    "var": 1
                },
                "price": {
                    "avg": 6,
                    "var": 1.5
                }
            },
            {
                "code": "wallpaper-darkpurple",
                "type": "block",
                "stacksize": 16,
                "stock": {
                    "avg": 4,
                    "var": 1
                },
                "price": {
                    "avg": 6,
                    "var": 1.5
                }
            },
            {
                "code": "wallpaper-yellow",
                "type": "block",
                "stacksize": 16,
                "stock": {
                    "avg": 4,
                    "var": 1
                },
                "price": {
                    "avg": 6,
                    "var": 1.5
                }
            },
            {
                "code": "wallpaper-pink",
                "type": "block",
                "stacksize": 16,
                "stock": {
                    "avg": 4,
                    "var": 1
                },
                "price": {
                    "avg": 6,
                    "var": 1.5
                }
            },
            {
                "code": "wallpaper-lightgreen",
                "type": "block",
                "stacksize": 16,
                "stock": {
                    "avg": 4,
                    "var": 1
                },
                "price": {
                    "avg": 6,
                    "var": 1.5
                }
            },
            {
                "code": "rushmat",
                "type": "block",
                "stacksize": 16,
                "stock": {
                    "avg": 4,
                    "var": 1
                },
                "price": {
                    "avg": 6,
                    "var": 1.5
                }
            },
            {
                "code": "ironfence-base-ew",
                "type": "block",
                "stacksize": 16,
                "stock": {
                    "avg": 4,
                    "var": 1
                },
                "price": {
                    "avg": 6,
                    "var": 1.5
                }
            },
            {
                "code": "ironfence-top-ew",
                "type": "block",
                "stacksize": 16,
                "stock": {
                    "avg": 4,
                    "var": 1
                },
                "price": {
                    "avg": 6,
                    "var": 1.5
                }
            },
            {
                "code": "stonebrick-granite",
                "type": "block",
                "stacksize": 16,
                "stock": {
                    "avg": 4,
                    "var": 1
                },
                "price": {
                    "avg": 6,
                    "var": 1.5
                }
            },
            {
                "code": "mortar",
                "type": "item",
                "stacksize": 16,
                "stock": {
                    "avg": 5,
                    "var": 1.25
                },
                "price": {
                    "avg": 1,
                    "var": 0.25
                }
            }
        ]
    },
    {
        "file": "game:config/tradelists/trader-buildmaterials.json", 
        "op": "replace",
        "path": "/buying/list",
        "value":[
            {
                "code": "saw-tinbronze",
                "type": "item",
                "stacksize": 1,
                "stock": {
                    "avg": 1,
                    "var": 0.25
                },
                "price": {
                    "avg": 5,
                    "var": 1.25
                }
            },
            {
                "code": "saw-bismuthbronze",
                "type": "item",
                "stacksize": 1,
                "stock": {
                    "avg": 1,
                    "var": 0.25
                },
                "price": {
                    "avg": 6,
                    "var": 1.5
                }
            },
            {
                "code": "saw-blackbronze",
                "type": "item",
                "stacksize": 1,
                "stock": {
                    "avg": 1,
                    "var": 0.25
                },
                "price": {
                    "avg": 7,
                    "var": 1.75
                }
            },
            {
                "code": "axe-felling-tinbronze",
                "type": "item",
                "stacksize": 1,
                "stock": {
                    "avg": 1,
                    "var": 0.25
                },
                "price": {
                    "avg": 4,
                    "var": 1
                }
            },
            {
                "code": "axe-felling-bismuthbronze",
                "type": "item",
                "stacksize": 1,
                "stock": {
                    "avg": 1,
                    "var": 0.25
                },
                "price": {
                    "avg": 5,
                    "var": 1.25
                }
            },
            {
                "code": "axe-felling-blackbronze",
                "type": "item",
                "stacksize": 1,
                "stock": {
                    "avg": 1,
                    "var": 0.25
                },
                "price": {
                    "avg": 6,
                    "var": 1.5
                }
            },
            {
                "code": "hammer-tinbronze",
                "type": "item",
                "stacksize": 1,
                "stock": {
                    "avg": 1,
                    "var": 0.25
                },
                "price": {
                    "avg": 4,
                    "var": 1
                }
            },
            {
                "code": "hammer-bismuthbronze",
                "type": "item",
                "stacksize": 1,
                "stock": {
                    "avg": 1,
                    "var": 0.25
                },
                "price": {
                    "avg": 5,
                    "var": 1.25
                }
            },
            {
                "code": "hammer-blackbronze",
                "type": "item",
                "stacksize": 1,
                "stock": {
                    "avg": 1,
                    "var": 0.25
                },
                "price": {
                    "avg": 6,
                    "var": 1.5
                }
            },
            {
                "code": "quicklime",
                "type": "item",
                "stacksize": 16,
                "stock": {
                    "avg": 5,
                    "var": 1.25
                },
                "price": {
                    "avg": 1,
                    "var": 0.25
                }
            },
            {
                "code": "log-placed-birch-ud",
                "type": "block",
                "stacksize": 16,
                "stock": {
                    "avg": 4,
                    "var": 1
                },
                "price": {
                    "avg": 1,
                    "var": 0.5
                }
            },
            {
                "code": "log-placed-oak-ud",
                "type": "block",
                "stacksize": 16,
                "stock": {
                    "avg": 4,
                    "var": 1
                },
                "price": {
                    "avg": 1,
                    "var": 0.5
                }
            },
            {
                "code": "log-placed-maple-ud",
                "type": "block",
                "stacksize": 16,
                "stock": {
                    "avg": 4,
                    "var": 1
                },
                "price": {
                    "avg": 1,
                    "var": 0.5
                }
            },
            {
                "code": "log-placed-pine-ud",
                "type": "block",
                "stacksize": 16,
                "stock": {
                    "avg": 4,
                    "var": 1
                },
                "price": {
                    "avg": 1,
                    "var": 0.5
                }
            },
            {
                "code": "cattailtops",
                "type": "item",
                "stacksize": 64,
                "stock": {
                    "avg": 2,
                    "var": 0.5
                },
                "price": {
                    "avg": 1,
                    "var": 0.25
                }
            },
            {
                "code": "clay-blue",
                "type": "item",
                "stacksize": 64,
                "stock": {
                    "avg": 3,
                    "var": 0.75
                },
                "price": {
                    "avg": 1,
                    "var": 0.25
                }
            },
            {
                "code": "clay-red",
                "type": "item",
                "stacksize": 64,
                "stock": {
                    "avg": 3,
                    "var": 0.75
                },
                "price": {
                    "avg": 1,
                    "var": 0.25
                }
            },
            {
                "code": "clay-fire",
                "type": "item",
                "stacksize": 32,
                "stock": {
                    "avg": 1,
                    "var": 0.25
                },
                "price": {
                    "avg": 1,
                    "var": 0.25
                }
            },
            {
                "code": "crate",
                "type": "block",
                "stacksize": 1,
                "stock": {
                    "avg": 2,
                    "var": 0.5
                },
                "price": {
                    "avg": 3,
                    "var": 0.25
                },
                "attributes": {
                    "type": "wood-pine"
                }
            },
            {
                "code": "crate",
                "type": "block",
                "stacksize": 1,
                "stock": {
                    "avg": 2,
                    "var": 0.5
                },
                "price": {
                    "avg": 3,
                    "var": 0.25
                },
                "attributes": {
                    "type": "wood-oak"
                }
            },
            {
                "code": "crate",
                "type": "block",
                "stacksize": 1,
                "stock": {
                    "avg": 2,
                    "var": 0.5
                },
                "price": {
                    "avg": 3,
                    "var": 0.25
                },
                "attributes": {
                    "type": "wood-maple"
                }
            },
            {
                "code": "crate",
                "type": "block",
                "stacksize": 1,
                "stock": {
                    "avg": 2,
                    "var": 0.5
                },
                "price": {
                    "avg": 3,
                    "var": 0.25
                },
                "attributes": {
                    "type": "wood-birch"
                }
            },
            {
                "code": "metal-scraps",
                "type": "block",
                "stacksize": 5,
                "stock": {
                    "avg": 3,
                    "var": 0.75
                },
                "price": {
                    "avg": 1,
                    "var": 0.25
                }
            },
            {
                "code": "clothes-hand-heavy-leather-gloves",
                "type": "item",
                "stacksize": 1,
                "stock": {
                    "avg": 1,
                    "var": 0.25
                },
                "price": {
                    "avg": 5,
                    "var": 1.25
                }
            }
        ]
    }
]