[
    {
        "file": "game:blocktypes/stone/cobble/cobblestonestairs.json",
        "op": "remove",
        "path": "/textures",
        "side": "server"
    },
    {
        "file": "game:blocktypes/stone/cobble/cobblestonestairs.json",
        "op": "add",
        "path": "/texturesbytype",
        "side": "server",
        "value": {
            "@.*-(limestone|slate)-.*": {
                "sides": { "base": "game:block/stone/cobblestone/{rock}/sides/*" }
            },
            "*": {
                "sides": { "base": "game:block/stone/cobblestone/{rock}/*" }
            }

        }
    }
]