﻿[

 {
    "op": "addeach",
    "path": "/ingredients/1/validStacks/-",
    "value": [
        {
          "type": "item",
          "code": "expandedfoods:wilddryfruit-achacha",
          "shapeElement": "bowl/fruit 1/*",
          "textureMapping": [
            "fruit",
            "fruit-achacha"
          ]
        },
        {
          "type": "item",
          "code": "expandedfoods:wilddehydratedfruit-achacha",
          "shapeElement": "bowl/fruit 1/*",
          "textureMapping": [
            "fruit",
            "fruit-achacha"
          ]
        },
        {
          "type": "item",
          "code": "expandedfoods:wilddryfruit-apricot",
          "shapeElement": "bowl/fruit 1/*",
          "textureMapping": [
            "fruit",
            "fruit-apricot"
          ]
        },
        {
          "type": "item",
          "code": "expandedfoods:wilddehydratedfruit-apricot",
          "shapeElement": "bowl/fruit 1/*",
          "textureMapping": [
            "fruit",
            "fruit-apricot"
          ]
        },
        {
          "type": "item",
          "code": "expandedfoods:wilddryfruit-beachalmondwhole",
          "shapeElement": "bowl/fruit 1/*",
          "textureMapping": [
            "fruit",
            "fruit-beachalmondwhole"
          ]
        },
        {
          "type": "item",
          "code": "expandedfoods:wilddehydratedfruit-beachalmondwhole",
          "shapeElement": "bowl/fruit 1/*",
          "textureMapping": [
            "fruit",
            "fruit-beachalmondwhole"
          ]
        },
        {
          "type": "item",
          "code": "expandedfoods:wilddryfruit-beautyberry",
          "shapeElement": "bowl/fruit 1/*",
          "textureMapping": [
            "fruit",
            "fruit-beautyberry"
          ]
        },
        {
          "type": "item",
          "code": "expandedfoods:wilddehydratedfruit-beautyberry",
          "shapeElement": "bowl/fruit 1/*",
          "textureMapping": [
            "fruit",
            "fruit-beautyberry"
          ]
        },
        {
          "type": "item",
          "code": "expandedfoods:wilddryfruit-bitternightshade",
          "shapeElement": "bowl/fruit 1/*",
          "textureMapping": [
            "fruit",
            "fruit-bitternightshade"
          ]
        },
        {
          "type": "item",
          "code": "expandedfoods:wilddehydratedfruit-bitternightshade",
          "shapeElement": "bowl/fruit 1/*",
          "textureMapping": [
            "fruit",
            "fruit-bitternightshade"
          ]
        },
        {
          "type": "item",
          "code": "expandedfoods:wilddryfruit-blacknightshade",
          "shapeElement": "bowl/fruit 1/*",
          "textureMapping": [
            "fruit",
            "fruit-blacknightshade"
          ]
        },
        {
          "type": "item",
          "code": "expandedfoods:wilddehydratedfruit-blacknightshade",
          "shapeElement": "bowl/fruit 1/*",
          "textureMapping": [
            "fruit",
            "fruit-blacknightshade"
          ]
        },
        {
          "type": "item",
          "code": "expandedfoods:wilddryfruit-blacknightshadeunripe",
          "shapeElement": "bowl/fruit 1/*",
          "textureMapping": [
            "fruit",
            "fruit-blacknightshadeunripe"
          ]
        },
        {
          "type": "item",
          "code": "expandedfoods:wilddehydratedfruit-blacknightshadeunripe",
          "shapeElement": "bowl/fruit 1/*",
          "textureMapping": [
            "fruit",
            "fruit-blacknightshadeunripe"
          ]
        },
        {
          "type": "item",
          "code": "expandedfoods:wilddryfruit-blueraspberry",
          "shapeElement": "bowl/fruit 1/*",
          "textureMapping": [
            "fruit",
            "fruit-blueraspberry"
          ]
        },
        {
          "type": "item",
          "code": "expandedfoods:wilddehydratedfruit-blueraspberry",
          "shapeElement": "bowl/fruit 1/*",
          "textureMapping": [
            "fruit",
            "fruit-blueraspberry"
          ]
        },
        {
          "type": "item",
          "code": "expandedfoods:wilddryfruit-bluetongue",
          "shapeElement": "bowl/fruit 1/*",
          "textureMapping": [
            "fruit",
            "fruit-bluetongue"
          ]
        },
        {
          "type": "item",
          "code": "expandedfoods:wilddehydratedfruit-bluetongue",
          "shapeElement": "bowl/fruit 1/*",
          "textureMapping": [
            "fruit",
            "fruit-bluetongue"
          ]
        },
        {
          "type": "item",
          "code": "expandedfoods:wilddryfruit-brambleberry",
          "shapeElement": "bowl/fruit 1/*",
          "textureMapping": [
            "fruit",
            "fruit-brambleberry"
          ]
        },
        {
          "type": "item",
          "code": "expandedfoods:wilddehydratedfruit-brambleberry",
          "shapeElement": "bowl/fruit 1/*",
          "textureMapping": [
            "fruit",
            "fruit-brambleberry"
          ]
        },
        {
          "type": "item",
          "code": "expandedfoods:wilddryfruit-bunchberry",
          "shapeElement": "bowl/fruit 1/*",
          "textureMapping": [
            "fruit",
            "fruit-bunchberry"
          ]
        },
        {
          "type": "item",
          "code": "expandedfoods:wilddehydratedfruit-bunchberry",
          "shapeElement": "bowl/fruit 1/*",
          "textureMapping": [
            "fruit",
            "fruit-bunchberry"
          ]
        },
        {
          "type": "item",
          "code": "expandedfoods:wilddryfruit-bushlawyer",
          "shapeElement": "bowl/fruit 1/*",
          "textureMapping": [
            "fruit",
            "fruit-bushlawyer"
          ]
        },
        {
          "type": "item",
          "code": "expandedfoods:wilddehydratedfruit-bushlawyer",
          "shapeElement": "bowl/fruit 1/*",
          "textureMapping": [
            "fruit",
            "fruit-bushlawyer"
          ]
        },
        {
          "type": "item",
          "code": "expandedfoods:wilddryfruit-cashewapple",
          "shapeElement": "bowl/fruit 1/*",
          "textureMapping": [
            "fruit",
            "fruit-cashewapple"
          ]
        },
        {
          "type": "item",
          "code": "expandedfoods:wilddehydratedfruit-cashewapple",
          "shapeElement": "bowl/fruit 1/*",
          "textureMapping": [
            "fruit",
            "fruit-cashewapple"
          ]
        },
        {
          "type": "item",
          "code": "expandedfoods:wilddryfruit-cheeseberry",
          "shapeElement": "bowl/fruit 1/*",
          "textureMapping": [
            "fruit",
            "fruit-cheeseberry"
          ]
        },
        {
          "type": "item",
          "code": "expandedfoods:wilddehydratedfruit-cheeseberry",
          "shapeElement": "bowl/fruit 1/*",
          "textureMapping": [
            "fruit",
            "fruit-cheeseberry"
          ]
        },
        {
          "type": "item",
          "code": "expandedfoods:wilddryfruit-cherryplum",
          "shapeElement": "bowl/fruit 1/*",
          "textureMapping": [
            "fruit",
            "fruit-cherryplum"
          ]
        },
        {
          "type": "item",
          "code": "expandedfoods:wilddehydratedfruit-cherryplum",
          "shapeElement": "bowl/fruit 1/*",
          "textureMapping": [
            "fruit",
            "fruit-cherryplum"
          ]
        },
        {
          "type": "item",
          "code": "expandedfoods:wilddryfruit-chinaberry",
          "shapeElement": "bowl/fruit 1/*",
          "textureMapping": [
            "fruit",
            "fruit-chinaberry"
          ]
        },
        {
          "type": "item",
          "code": "expandedfoods:wilddehydratedfruit-chinaberry",
          "shapeElement": "bowl/fruit 1/*",
          "textureMapping": [
            "fruit",
            "fruit-chinaberry"
          ]
        },
        {
          "type": "item",
          "code": "expandedfoods:wilddryfruit-citron",
          "shapeElement": "bowl/fruit 1/*",
          "textureMapping": [
            "fruit",
            "fruit-citron"
          ]
        },
        {
          "type": "item",
          "code": "expandedfoods:wilddehydratedfruit-citron",
          "shapeElement": "bowl/fruit 1/*",
          "textureMapping": [
            "fruit",
            "fruit-citron"
          ]
        },
        {
          "type": "item",
          "code": "expandedfoods:wilddryfruit-cloudberry",
          "shapeElement": "bowl/fruit 1/*",
          "textureMapping": [
            "fruit",
            "fruit-cloudberry"
          ]
        },
        {
          "type": "item",
          "code": "expandedfoods:wilddehydratedfruit-cloudberry",
          "shapeElement": "bowl/fruit 1/*",
          "textureMapping": [
            "fruit",
            "fruit-cloudberry"
          ]
        },
        {
          "type": "item",
          "code": "expandedfoods:wilddryfruit-cocoa",
          "shapeElement": "bowl/fruit 1/*",
          "textureMapping": [
            "fruit",
            "fruit-cocoa"
          ]
        },
        {
          "type": "item",
          "code": "expandedfoods:wilddehydratedfruit-cocoa",
          "shapeElement": "bowl/fruit 1/*",
          "textureMapping": [
            "fruit",
            "fruit-cocoa"
          ]
        },
        {
          "type": "item",
          "code": "expandedfoods:wilddryfruit-coralbead",
          "shapeElement": "bowl/fruit 1/*",
          "textureMapping": [
            "fruit",
            "fruit-coralbead"
          ]
        },
        {
          "type": "item",
          "code": "expandedfoods:wilddehydratedfruit-coralbead",
          "shapeElement": "bowl/fruit 1/*",
          "textureMapping": [
            "fruit",
            "fruit-coralbead"
          ]
        },
        {
          "type": "item",
          "code": "expandedfoods:wilddryfruit-creepingpine",
          "shapeElement": "bowl/fruit 1/*",
          "textureMapping": [
            "fruit",
            "fruit-creepingpine"
          ]
        },
        {
          "type": "item",
          "code": "expandedfoods:wilddehydratedfruit-creepingpine",
          "shapeElement": "bowl/fruit 1/*",
          "textureMapping": [
            "fruit",
            "fruit-creepingpine"
          ]
        },
        {
          "type": "item",
          "code": "expandedfoods:wilddryfruit-crowberry",
          "shapeElement": "bowl/fruit 1/*",
          "textureMapping": [
            "fruit",
            "fruit-crowberry"
          ]
        },
        {
          "type": "item",
          "code": "expandedfoods:wilddehydratedfruit-crowberry",
          "shapeElement": "bowl/fruit 1/*",
          "textureMapping": [
            "fruit",
            "fruit-crowberry"
          ]
        },
        {
          "type": "item",
          "code": "expandedfoods:wilddryfruit-crowseye",
          "shapeElement": "bowl/fruit 1/*",
          "textureMapping": [
            "fruit",
            "fruit-crowseye"
          ]
        },
        {
          "type": "item",
          "code": "expandedfoods:wilddehydratedfruit-crowseye",
          "shapeElement": "bowl/fruit 1/*",
          "textureMapping": [
            "fruit",
            "fruit-crowseye"
          ]
        },
        {
          "type": "item",
          "code": "expandedfoods:wilddryfruit-dogrose",
          "shapeElement": "bowl/fruit 1/*",
          "textureMapping": [
            "fruit",
            "fruit-dogrose"
          ]
        },
        {
          "type": "item",
          "code": "expandedfoods:wilddehydratedfruit-dogrose",
          "shapeElement": "bowl/fruit 1/*",
          "textureMapping": [
            "fruit",
            "fruit-dogrose"
          ]
        },
        {
          "type": "item",
          "code": "expandedfoods:wilddryfruit-elderberry",
          "shapeElement": "bowl/fruit 1/*",
          "textureMapping": [
            "fruit",
            "fruit-elderberry"
          ]
        },
        {
          "type": "item",
          "code": "expandedfoods:wilddehydratedfruit-elderberry",
          "shapeElement": "bowl/fruit 1/*",
          "textureMapping": [
            "fruit",
            "fruit-elderberry"
          ]
        },
        {
          "type": "item",
          "code": "expandedfoods:wilddryfruit-engkala",
          "shapeElement": "bowl/fruit 1/*",
          "textureMapping": [
            "fruit",
            "fruit-engkala"
          ]
        },
        {
          "type": "item",
          "code": "expandedfoods:wilddehydratedfruit-engkala",
          "shapeElement": "bowl/fruit 1/*",
          "textureMapping": [
            "fruit",
            "fruit-engkala"
          ]
        },
        {
          "type": "item",
          "code": "expandedfoods:wilddehydratedfruit-falseorange",
          "shapeElement": "bowl/fruit 1/*",
          "textureMapping": [
            "fruit",
            "fruit-falseorange"
          ]
        },
        {
          "type": "item",
          "code": "expandedfoods:wilddryfruit-falseorange",
          "shapeElement": "bowl/fruit 1/*",
          "textureMapping": [
            "fruit",
            "fruit-falseorange"
          ]
        },
        {
          "type": "item",
          "code": "expandedfoods:wilddryfruit-falsestrawberry",
          "shapeElement": "bowl/fruit 1/*",
          "textureMapping": [
            "fruit",
            "fruit-falsestrawberry"
          ]
        },
        {
          "type": "item",
          "code": "expandedfoods:wilddehydratedfruit-falsestrawberry",
          "shapeElement": "bowl/fruit 1/*",
          "textureMapping": [
            "fruit",
            "fruit-falsestrawberry"
          ]
        },
        {
          "type": "item",
          "code": "expandedfoods:wilddryfruit-feijoa",
          "shapeElement": "bowl/fruit 1/*",
          "textureMapping": [
            "fruit",
            "fruit-feijoa"
          ]
        },
        {
          "type": "item",
          "code": "expandedfoods:wilddehydratedfruit-feijoa",
          "shapeElement": "bowl/fruit 1/*",
          "textureMapping": [
            "fruit",
            "fruit-feijoa"
          ]
        },
        {
          "type": "item",
          "code": "expandedfoods:wilddryfruit-fig",
          "shapeElement": "bowl/fruit 1/*",
          "textureMapping": [
            "fruit",
            "fruit-fig"
          ]
        },
        {
          "type": "item",
          "code": "expandedfoods:wilddehydratedfruit-fig",
          "shapeElement": "bowl/fruit 1/*",
          "textureMapping": [
            "fruit",
            "fruit-fig"
          ]
        },
        {
          "type": "item",
          "code": "expandedfoods:wilddryfruit-fingerlime",
          "shapeElement": "bowl/fruit 1/*",
          "textureMapping": [
            "fruit",
            "fruit-fingerlime"
          ]
        },
        {
          "type": "item",
          "code": "expandedfoods:wilddehydratedfruit-fingerlime",
          "shapeElement": "bowl/fruit 1/*",
          "textureMapping": [
            "fruit",
            "fruit-fingerlime"
          ]
        },
        {
          "type": "item",
          "code": "expandedfoods:wilddryfruit-flaxlily",
          "shapeElement": "bowl/fruit 1/*",
          "textureMapping": [
            "fruit",
            "fruit-flaxlily"
          ]
        },
        {
          "type": "item",
          "code": "expandedfoods:wilddehydratedfruit-flaxlily",
          "shapeElement": "bowl/fruit 1/*",
          "textureMapping": [
            "fruit",
            "fruit-flaxlily"
          ]
        },
        {
          "type": "item",
          "code": "expandedfoods:wilddryfruit-foxgrape",
          "shapeElement": "bowl/fruit 1/*",
          "textureMapping": [
            "fruit",
            "fruit-foxgrape"
          ]
        },
        {
          "type": "item",
          "code": "expandedfoods:wilddehydratedfruit-foxgrape",
          "shapeElement": "bowl/fruit 1/*",
          "textureMapping": [
            "fruit",
            "fruit-foxgrape"
          ]
        },
        {
          "type": "item",
          "code": "expandedfoods:wilddryfruit-fractureberry",
          "shapeElement": "bowl/fruit 1/*",
          "textureMapping": [
            "fruit",
            "fruit-fractureberry"
          ]
        },
        {
          "type": "item",
          "code": "expandedfoods:wilddehydratedfruit-fractureberry",
          "shapeElement": "bowl/fruit 1/*",
          "textureMapping": [
            "fruit",
            "fruit-fractureberry"
          ]
        },
        {
          "type": "item",
          "code": "expandedfoods:wilddryfruit-gardenstrawberry",
          "shapeElement": "bowl/fruit 1/*",
          "textureMapping": [
            "fruit",
            "fruit-gardenstrawberry"
          ]
        },
        {
          "type": "item",
          "code": "expandedfoods:wilddehydratedfruit-gardenstrawberry",
          "shapeElement": "bowl/fruit 1/*",
          "textureMapping": [
            "fruit",
            "fruit-gardenstrawberry"
          ]
        },
        {
          "type": "item",
          "code": "expandedfoods:wilddryfruit-gooseberry",
          "shapeElement": "bowl/fruit 1/*",
          "textureMapping": [
            "fruit",
            "fruit-gooseberry"
          ]
        },
        {
          "type": "item",
          "code": "expandedfoods:wilddehydratedfruit-gooseberry",
          "shapeElement": "bowl/fruit 1/*",
          "textureMapping": [
            "fruit",
            "fruit-gooseberry"
          ]
        },
        {
          "type": "item",
          "code": "expandedfoods:wilddryfruit-guajava",
          "shapeElement": "bowl/fruit 1/*",
          "textureMapping": [
            "fruit",
            "fruit-guajava"
          ]
        },
        {
          "type": "item",
          "code": "expandedfoods:wilddehydratedfruit-guajava",
          "shapeElement": "bowl/fruit 1/*",
          "textureMapping": [
            "fruit",
            "fruit-guajava"
          ]
        },
        {
          "type": "item",
          "code": "expandedfoods:wilddryfruit-hawthorn",
          "shapeElement": "bowl/fruit 1/*",
          "textureMapping": [
            "fruit",
            "fruit-hawthorn"
          ]
        },
        {
          "type": "item",
          "code": "expandedfoods:wilddehydratedfruit-hawthorn",
          "shapeElement": "bowl/fruit 1/*",
          "textureMapping": [
            "fruit",
            "fruit-hawthorn"
          ]
        },
        {
          "type": "item",
          "code": "expandedfoods:wilddryfruit-honeypots",
          "shapeElement": "bowl/fruit 1/*",
          "textureMapping": [
            "fruit",
            "fruit-honeypots"
          ]
        },
        {
          "type": "item",
          "code": "expandedfoods:wilddehydratedfruit-honeypots",
          "shapeElement": "bowl/fruit 1/*",
          "textureMapping": [
            "fruit",
            "fruit-honeypots"
          ]
        },
        {
          "type": "item",
          "code": "expandedfoods:wilddryfruit-honeysuckle",
          "shapeElement": "bowl/fruit 1/*",
          "textureMapping": [
            "fruit",
            "fruit-honeysuckle"
          ]
        },
        {
          "type": "item",
          "code": "expandedfoods:wilddehydratedfruit-honeysuckle",
          "shapeElement": "bowl/fruit 1/*",
          "textureMapping": [
            "fruit",
            "fruit-honeysuckle"
          ]
        },
        {
          "type": "item",
          "code": "expandedfoods:wilddryfruit-huckleberry",
          "shapeElement": "bowl/fruit 1/*",
          "textureMapping": [
            "fruit",
            "fruit-huckleberry"
          ]
        },
        {
          "type": "item",
          "code": "expandedfoods:wilddehydratedfruit-huckleberry",
          "shapeElement": "bowl/fruit 1/*",
          "textureMapping": [
            "fruit",
            "fruit-huckleberry"
          ]
        },
        {
          "type": "item",
          "code": "expandedfoods:wilddryfruit-husktomato",
          "shapeElement": "bowl/fruit 1/*",
          "textureMapping": [
            "fruit",
            "fruit-husktomato"
          ]
        },
        {
          "type": "item",
          "code": "expandedfoods:wilddehydratedfruit-husktomato",
          "shapeElement": "bowl/fruit 1/*",
          "textureMapping": [
            "fruit",
            "fruit-husktomato"
          ]
        },
        {
          "type": "item",
          "code": "expandedfoods:wilddryfruit-illawarra",
          "shapeElement": "bowl/fruit 1/*",
          "textureMapping": [
            "fruit",
            "fruit-illawarra"
          ]
        },
        {
          "type": "item",
          "code": "expandedfoods:wilddehydratedfruit-illawarra",
          "shapeElement": "bowl/fruit 1/*",
          "textureMapping": [
            "fruit",
            "fruit-illawarra"
          ]
        },
        {
          "type": "item",
          "code": "expandedfoods:wilddryfruit-jujube",
          "shapeElement": "bowl/fruit 1/*",
          "textureMapping": [
            "fruit",
            "fruit-jujube"
          ]
        },
        {
          "type": "item",
          "code": "expandedfoods:wilddehydratedfruit-jujube",
          "shapeElement": "bowl/fruit 1/*",
          "textureMapping": [
            "fruit",
            "fruit-jujube"
          ]
        },
        {
          "type": "item",
          "code": "expandedfoods:wilddryfruit-juniper",
          "shapeElement": "bowl/fruit 1/*",
          "textureMapping": [
            "fruit",
            "fruit-juniper"
          ]
        },
        {
          "type": "item",
          "code": "expandedfoods:wilddryfruit-kakaha",
          "shapeElement": "bowl/fruit 1/*",
          "textureMapping": [
            "fruit",
            "fruit-kakaha"
          ]
        },
        {
          "type": "item",
          "code": "expandedfoods:wilddehydratedfruit-kakaha",
          "shapeElement": "bowl/fruit 1/*",
          "textureMapping": [
            "fruit",
            "fruit-kakaha"
          ]
        },
        {
          "type": "item",
          "code": "expandedfoods:wilddryfruit-kawakawa",
          "shapeElement": "bowl/fruit 1/*",
          "textureMapping": [
            "fruit",
            "fruit-kawakawa"
          ]
        },
        {
          "type": "item",
          "code": "expandedfoods:wilddehydratedfruit-kawakawa",
          "shapeElement": "bowl/fruit 1/*",
          "textureMapping": [
            "fruit",
            "fruit-kawakawa"
          ]
        },
        {
          "type": "item",
          "code": "expandedfoods:wilddryfruit-knyazberry",
          "shapeElement": "bowl/fruit 1/*",
          "textureMapping": [
            "fruit",
            "fruit-knyazberry"
          ]
        },
        {
          "type": "item",
          "code": "expandedfoods:wilddehydratedfruit-knyazberry",
          "shapeElement": "bowl/fruit 1/*",
          "textureMapping": [
            "fruit",
            "fruit-knyazberry"
          ]
        },
        {
          "type": "item",
          "code": "expandedfoods:wilddryfruit-kumquat",
          "shapeElement": "bowl/fruit 1/*",
          "textureMapping": [
            "fruit",
            "fruit-kumquat"
          ]
        },
        {
          "type": "item",
          "code": "expandedfoods:wilddehydratedfruit-kumquat",
          "shapeElement": "bowl/fruit 1/*",
          "textureMapping": [
            "fruit",
            "fruit-kumquat"
          ]
        },
        {
          "type": "item",
          "code": "expandedfoods:wilddryfruit-lemon",
          "shapeElement": "bowl/fruit 1/*",
          "textureMapping": [
            "fruit",
            "fruit-lemon"
          ]
        },
        {
          "type": "item",
          "code": "expandedfoods:wilddehydratedfruit-lemon",
          "shapeElement": "bowl/fruit 1/*",
          "textureMapping": [
            "fruit",
            "fruit-lemon"
          ]
        },
        {
          "type": "item",
          "code": "expandedfoods:wilddryfruit-lemonaspen",
          "shapeElement": "bowl/fruit 1/*",
          "textureMapping": [
            "fruit",
            "fruit-lemonaspen"
          ]
        },
        {
          "type": "item",
          "code": "expandedfoods:wilddehydratedfruit-lemonaspen",
          "shapeElement": "bowl/fruit 1/*",
          "textureMapping": [
            "fruit",
            "fruit-lemonaspen"
          ]
        },
        {
          "type": "item",
          "code": "expandedfoods:wilddryfruit-lillypillyblue",
          "shapeElement": "bowl/fruit 1/*",
          "textureMapping": [
            "fruit",
            "fruit-lillypillyblue"
          ]
        },
        {
          "type": "item",
          "code": "expandedfoods:wilddehydratedfruit-lillypillyblue",
          "shapeElement": "bowl/fruit 1/*",
          "textureMapping": [
            "fruit",
            "fruit-lillypillyblue"
          ]
        },
        {
          "type": "item",
          "code": "expandedfoods:wilddryfruit-lillypillypink",
          "shapeElement": "bowl/fruit 1/*",
          "textureMapping": [
            "fruit",
            "fruit-lillypillypink"
          ]
        },
        {
          "type": "item",
          "code": "expandedfoods:wilddehydratedfruit-lillypillypink",
          "shapeElement": "bowl/fruit 1/*",
          "textureMapping": [
            "fruit",
            "fruit-lillypillypink"
          ]
        },
        {
          "type": "item",
          "code": "expandedfoods:wilddryfruit-lillypillywhite",
          "shapeElement": "bowl/fruit 1/*",
          "textureMapping": [
            "fruit",
            "fruit-lillypillywhite"
          ]
        },
        {
          "type": "item",
          "code": "expandedfoods:wilddehydratedfruit-lillypillywhite",
          "shapeElement": "bowl/fruit 1/*",
          "textureMapping": [
            "fruit",
            "fruit-lillypillywhite"
          ]
        },
        {
          "type": "item",
          "code": "expandedfoods:wilddryfruit-lingonberry",
          "shapeElement": "bowl/fruit 1/*",
          "textureMapping": [
            "fruit",
            "fruit-lingonberry"
          ]
        },
        {
          "type": "item",
          "code": "expandedfoods:wilddehydratedfruit-lingonberry",
          "shapeElement": "bowl/fruit 1/*",
          "textureMapping": [
            "fruit",
            "fruit-lingonberry"
          ]
        },
        {
          "type": "item",
          "code": "expandedfoods:wilddryfruit-loquat",
          "shapeElement": "bowl/fruit 1/*",
          "textureMapping": [
            "fruit",
            "fruit-loquat"
          ]
        },
        {
          "type": "item",
          "code": "expandedfoods:wilddehydratedfruit-loquat",
          "shapeElement": "bowl/fruit 1/*",
          "textureMapping": [
            "fruit",
            "fruit-loquat"
          ]
        },
        {
          "type": "item",
          "code": "expandedfoods:wilddryfruit-midyimberry",
          "shapeElement": "bowl/fruit 1/*",
          "textureMapping": [
            "fruit",
            "fruit-midyimberry"
          ]
        },
        {
          "type": "item",
          "code": "expandedfoods:wilddehydratedfruit-midyimberry",
          "shapeElement": "bowl/fruit 1/*",
          "textureMapping": [
            "fruit",
            "fruit-midyimberry"
          ]
        },
        {
          "type": "item",
          "code": "expandedfoods:wilddryfruit-mingimingi",
          "shapeElement": "bowl/fruit 1/*",
          "textureMapping": [
            "fruit",
            "fruit-mingimingi"
          ]
        },
        {
          "type": "item",
          "code": "expandedfoods:wilddehydratedfruit-mingimingi",
          "shapeElement": "bowl/fruit 1/*",
          "textureMapping": [
            "fruit",
            "fruit-mingimingi"
          ]
        },
        {
          "type": "item",
          "code": "expandedfoods:wilddryfruit-munthari",
          "shapeElement": "bowl/fruit 1/*",
          "textureMapping": [
            "fruit",
            "fruit-munthari"
          ]
        },
        {
          "type": "item",
          "code": "expandedfoods:wilddehydratedfruit-munthari",
          "shapeElement": "bowl/fruit 1/*",
          "textureMapping": [
            "fruit",
            "fruit-munthari"
          ]
        },
        {
          "type": "item",
          "code": "expandedfoods:wilddryfruit-naranjilla",
          "shapeElement": "bowl/fruit 1/*",
          "textureMapping": [
            "fruit",
            "fruit-naranjilla"
          ]
        },
        {
          "type": "item",
          "code": "expandedfoods:wilddehydratedfruit-naranjilla",
          "shapeElement": "bowl/fruit 1/*",
          "textureMapping": [
            "fruit",
            "fruit-naranjilla"
          ]
        },
        {
          "type": "item",
          "code": "expandedfoods:wilddryfruit-numnum",
          "shapeElement": "bowl/fruit 1/*",
          "textureMapping": [
            "fruit",
            "fruit-numnum"
          ]
        },
        {
          "type": "item",
          "code": "expandedfoods:wilddehydratedfruit-numnum",
          "shapeElement": "bowl/fruit 1/*",
          "textureMapping": [
            "fruit",
            "fruit-numnum"
          ]
        },
        {
          "type": "item",
          "code": "expandedfoods:wilddryfruit-pandanbits",
          "shapeElement": "bowl/fruit 1/*",
          "textureMapping": [
            "fruit",
            "fruit-pandanbits"
          ]
        },
        {
          "type": "item",
          "code": "expandedfoods:wilddehydratedfruit-pandanbits",
          "shapeElement": "bowl/fruit 1/*",
          "textureMapping": [
            "fruit",
            "fruit-pandanbits"
          ]
        },
        {
          "type": "item",
          "code": "expandedfoods:wilddryfruit-pilo",
          "shapeElement": "bowl/fruit 1/*",
          "textureMapping": [
            "fruit",
            "fruit-pilo"
          ]
        },
        {
          "type": "item",
          "code": "expandedfoods:wilddehydratedfruit-pilo",
          "shapeElement": "bowl/fruit 1/*",
          "textureMapping": [
            "fruit",
            "fruit-pilo"
          ]
        },
        {
          "type": "item",
          "code": "expandedfoods:wilddryfruit-pineheath",
          "shapeElement": "bowl/fruit 1/*",
          "textureMapping": [
            "fruit",
            "fruit-pineheath"
          ]
        },
        {
          "type": "item",
          "code": "expandedfoods:wilddehydratedfruit-pineheath",
          "shapeElement": "bowl/fruit 1/*",
          "textureMapping": [
            "fruit",
            "fruit-pineheath"
          ]
        },
        {
          "type": "item",
          "code": "expandedfoods:wilddryfruit-pittedapricot",
          "shapeElement": "bowl/fruit 1/*",
          "textureMapping": [
            "fruit",
            "fruit-pittedapricot"
          ]
        },
        {
          "type": "item",
          "code": "expandedfoods:wilddehydratedfruit-pittedapricot",
          "shapeElement": "bowl/fruit 1/*",
          "textureMapping": [
            "fruit",
            "fruit-pittedapricot"
          ]
        },
        {
          "type": "item",
          "code": "expandedfoods:wilddryfruit-pittedbreadfruit",
          "shapeElement": "bowl/fruit 1/*",
          "textureMapping": [
            "fruit",
            "fruit-pittedbreadfruit"
          ]
        },
        {
          "type": "item",
          "code": "expandedfoods:wilddehydratedfruit-pittedbreadfruit",
          "shapeElement": "bowl/fruit 1/*",
          "textureMapping": [
            "fruit",
            "fruit-pittedbreadfruit"
          ]
        },
        {
          "type": "item",
          "code": "expandedfoods:wilddryfruit-pittedcherry",
          "shapeElement": "bowl/fruit 1/*",
          "textureMapping": [
            "fruit",
            "fruit-pittedcherry"
          ]
        },
        {
          "type": "item",
          "code": "expandedfoods:wilddehydratedfruit-pittedcherry",
          "shapeElement": "bowl/fruit 1/*",
          "textureMapping": [
            "fruit",
            "fruit-pittedcherry"
          ]
        },
        {
          "type": "item",
          "code": "expandedfoods:wilddryfruit-pittedchinaberry",
          "shapeElement": "bowl/fruit 1/*",
          "textureMapping": [
            "fruit",
            "fruit-pittedchinaberry"
          ]
        },
        {
          "type": "item",
          "code": "expandedfoods:wilddehydratedfruit-pittedchinaberry",
          "shapeElement": "bowl/fruit 1/*",
          "textureMapping": [
            "fruit",
            "fruit-pittedchinaberry"
          ]
        },
        {
          "type": "item",
          "code": "expandedfoods:wilddryfruit-pokeberry",
          "shapeElement": "bowl/fruit 1/*",
          "textureMapping": [
            "fruit",
            "fruit-pokeberry"
          ]
        },
        {
          "type": "item",
          "code": "expandedfoods:wilddehydratedfruit-pokeberry",
          "shapeElement": "bowl/fruit 1/*",
          "textureMapping": [
            "fruit",
            "fruit-pokeberry"
          ]
        },
        {
          "type": "item",
          "code": "expandedfoods:wilddryfruit-pomelo",
          "shapeElement": "bowl/fruit 1/*",
          "textureMapping": [
            "fruit",
            "fruit-pomelo"
          ]
        },
        {
          "type": "item",
          "code": "expandedfoods:wilddehydratedfruit-pomelo",
          "shapeElement": "bowl/fruit 1/*",
          "textureMapping": [
            "fruit",
            "fruit-pomelo"
          ]
        },
        {
          "type": "item",
          "code": "expandedfoods:wilddryfruit-pricklyheath",
          "shapeElement": "bowl/fruit 1/*",
          "textureMapping": [
            "fruit",
            "fruit-pricklyheath"
          ]
        },
        {
          "type": "item",
          "code": "expandedfoods:wilddehydratedfruit-pricklyheath",
          "shapeElement": "bowl/fruit 1/*",
          "textureMapping": [
            "fruit",
            "fruit-pricklyheath"
          ]
        },
        {
          "type": "item",
          "code": "expandedfoods:wilddryfruit-purpleplum",
          "shapeElement": "bowl/fruit 1/*",
          "textureMapping": [
            "fruit",
            "fruit-purpleplum"
          ]
        },
        {
          "type": "item",
          "code": "expandedfoods:wilddehydratedfruit-purpleplum",
          "shapeElement": "bowl/fruit 1/*",
          "textureMapping": [
            "fruit",
            "fruit-purpleplum"
          ]
        },
        {
          "type": "item",
          "code": "expandedfoods:wilddryfruit-quince",
          "shapeElement": "bowl/fruit 1/*",
          "textureMapping": [
            "fruit",
            "fruit-quince"
          ]
        },
        {
          "type": "item",
          "code": "expandedfoods:wilddehydratedfruit-quince",
          "shapeElement": "bowl/fruit 1/*",
          "textureMapping": [
            "fruit",
            "fruit-quince"
          ]
        },
        {
          "type": "item",
          "code": "expandedfoods:wilddryfruit-raspberry",
          "shapeElement": "bowl/fruit 1/*",
          "textureMapping": [
            "fruit",
            "fruit-raspberry"
          ]
        },
        {
          "type": "item",
          "code": "expandedfoods:wilddehydratedfruit-raspberry",
          "shapeElement": "bowl/fruit 1/*",
          "textureMapping": [
            "fruit",
            "fruit-raspberry"
          ]
        },
        {
          "type": "item",
          "code": "expandedfoods:wilddryfruit-redgrape",
          "shapeElement": "bowl/fruit 1/*",
          "textureMapping": [
            "fruit",
            "fruit-redgrape"
          ]
        },
        {
          "type": "item",
          "code": "expandedfoods:wilddehydratedfruit-redgrape",
          "shapeElement": "bowl/fruit 1/*",
          "textureMapping": [
            "fruit",
            "fruit-redgrape"
          ]
        },
        {
          "type": "item",
          "code": "expandedfoods:wilddryfruit-redquandong",
          "shapeElement": "bowl/fruit 1/*",
          "textureMapping": [
            "fruit",
            "fruit-redquandong"
          ]
        },
        {
          "type": "item",
          "code": "expandedfoods:wilddehydratedfruit-redquandong",
          "shapeElement": "bowl/fruit 1/*",
          "textureMapping": [
            "fruit",
            "fruit-redquandong"
          ]
        },
        {
          "type": "item",
          "code": "expandedfoods:wilddryfruit-roseapple",
          "shapeElement": "bowl/fruit 1/*",
          "textureMapping": [
            "fruit",
            "fruit-roseapple"
          ]
        },
        {
          "type": "item",
          "code": "expandedfoods:wilddehydratedfruit-roseapple",
          "shapeElement": "bowl/fruit 1/*",
          "textureMapping": [
            "fruit",
            "fruit-roseapple"
          ]
        },
        {
          "type": "item",
          "code": "expandedfoods:wilddryfruit-rowanberry",
          "shapeElement": "bowl/fruit 1/*",
          "textureMapping": [
            "fruit",
            "fruit-rowanberry"
          ]
        },
        {
          "type": "item",
          "code": "expandedfoods:wilddehydratedfruit-rowanberry",
          "shapeElement": "bowl/fruit 1/*",
          "textureMapping": [
            "fruit",
            "fruit-rowanberry"
          ]
        },
        {
          "type": "item",
          "code": "expandedfoods:wilddryfruit-rubysaltbush",
          "shapeElement": "bowl/fruit 1/*",
          "textureMapping": [
            "fruit",
            "fruit-rubysaltbush"
          ]
        },
        {
          "type": "item",
          "code": "expandedfoods:wilddehydratedfruit-rubysaltbush",
          "shapeElement": "bowl/fruit 1/*",
          "textureMapping": [
            "fruit",
            "fruit-rubysaltbush"
          ]
        },
        {
          "type": "item",
          "code": "expandedfoods:wilddryfruit-sallowthorn",
          "shapeElement": "bowl/fruit 1/*",
          "textureMapping": [
            "fruit",
            "fruit-sallowthorn"
          ]
        },
        {
          "type": "item",
          "code": "expandedfoods:wilddehydratedfruit-sallowthorn",
          "shapeElement": "bowl/fruit 1/*",
          "textureMapping": [
            "fruit",
            "fruit-sallowthorn"
          ]
        },
        {
          "type": "item",
          "code": "expandedfoods:wilddryfruit-seamango",
          "shapeElement": "bowl/fruit 1/*",
          "textureMapping": [
            "fruit",
            "fruit-seamango"
          ]
        },
        {
          "type": "item",
          "code": "expandedfoods:wilddehydratedfruit-seamango",
          "shapeElement": "bowl/fruit 1/*",
          "textureMapping": [
            "fruit",
            "fruit-seamango"
          ]
        },
        {
          "type": "item",
          "code": "expandedfoods:wilddryfruit-silvernettle",
          "shapeElement": "bowl/fruit 1/*",
          "textureMapping": [
            "fruit",
            "fruit-silvernettle"
          ]
        },
        {
          "type": "item",
          "code": "expandedfoods:wilddehydratedfruit-silvernettle",
          "shapeElement": "bowl/fruit 1/*",
          "textureMapping": [
            "fruit",
            "fruit-silvernettle"
          ]
        },
        {
          "type": "item",
          "code": "expandedfoods:wilddryfruit-snowberry",
          "shapeElement": "bowl/fruit 1/*",
          "textureMapping": [
            "fruit",
            "fruit-snowberry"
          ]
        },
        {
          "type": "item",
          "code": "expandedfoods:wilddehydratedfruit-snowberry",
          "shapeElement": "bowl/fruit 1/*",
          "textureMapping": [
            "fruit",
            "fruit-silvernettle"
          ]
        },
        {
          "type": "item",
          "code": "expandedfoods:wilddryfruit-spindle",
          "shapeElement": "bowl/fruit 1/*",
          "textureMapping": [
            "fruit",
            "fruit-spindle"
          ]
        },
        {
          "type": "item",
          "code": "expandedfoods:wilddehydratedfruit-spindle",
          "shapeElement": "bowl/fruit 1/*",
          "textureMapping": [
            "fruit",
            "fruit-spindle"
          ]
        },
        {
          "type": "item",
          "code": "expandedfoods:wilddryfruit-strawberry",
          "shapeElement": "bowl/fruit 1/*",
          "textureMapping": [
            "fruit",
            "fruit-strawberry"
          ]
        },
        {
          "type": "item",
          "code": "expandedfoods:wilddehydratedfruit-strawberry",
          "shapeElement": "bowl/fruit 1/*",
          "textureMapping": [
            "fruit",
            "fruit-strawberry"
          ]
        },
        {
          "type": "item",
          "code": "expandedfoods:wilddryfruit-sumac",
          "shapeElement": "bowl/fruit 1/*",
          "textureMapping": [
            "fruit",
            "fruit-sumac"
          ]
        },
        {
          "type": "item",
          "code": "expandedfoods:wilddryfruit-turkscap",
          "shapeElement": "bowl/fruit 1/*",
          "textureMapping": [
            "fruit",
            "fruit-turkscap"
          ]
        },
        {
          "type": "item",
          "code": "expandedfoods:wilddehydratedfruit-turkscap",
          "shapeElement": "bowl/fruit 1/*",
          "textureMapping": [
            "fruit",
            "fruit-turkscap"
          ]
        },
        {
          "type": "item",
          "code": "expandedfoods:wilddryfruit-ugni",
          "shapeElement": "bowl/fruit 1/*",
          "textureMapping": [
            "fruit",
            "fruit-ugni"
          ]
        },
        {
          "type": "item",
          "code": "expandedfoods:wilddehydratedfruit-ugni",
          "shapeElement": "bowl/fruit 1/*",
          "textureMapping": [
            "fruit",
            "fruit-ugni"
          ]
        },
        {
          "type": "item",
          "code": "expandedfoods:wilddryfruit-virgingrape",
          "shapeElement": "bowl/fruit 1/*",
          "textureMapping": [
            "fruit",
            "fruit-virgingrape"
          ]
        },
        {
          "type": "item",
          "code": "expandedfoods:wilddehydratedfruit-virgingrape",
          "shapeElement": "bowl/fruit 1/*",
          "textureMapping": [
            "fruit",
            "fruit-virgingrape"
          ]
        },
        {
          "type": "item",
          "code": "expandedfoods:wilddryfruit-whitegrape",
          "shapeElement": "bowl/fruit 1/*",
          "textureMapping": [
            "fruit",
            "fruit-whitegrape"
          ]
        },
        {
          "type": "item",
          "code": "expandedfoods:wilddehydratedfruit-whitegrape",
          "shapeElement": "bowl/fruit 1/*",
          "textureMapping": [
            "fruit",
            "fruit-whitegrape"
          ]
        },
        {
          "type": "item",
          "code": "expandedfoods:wilddryfruit-wolfberry",
          "shapeElement": "bowl/fruit 1/*",
          "textureMapping": [
            "fruit",
            "fruit-wolfberry"
          ]
        },
        {
          "type": "item",
          "code": "expandedfoods:wilddehydratedfruit-wolfberry",
          "shapeElement": "bowl/fruit 1/*",
          "textureMapping": [
            "fruit",
            "fruit-wolfberry"
          ]
        },
      ],
    "side": "server",
    "file": "game:recipes/cooking/porridge.json",
    dependsOn: [{ "modid": "wildcraftfruit" }]
  },
 {
    "op": "addeach",
    "path": "/ingredients/2/validStacks/-",
    "value": [
        {
          "type": "item",
          "code": "expandedfoods:wilddryfruit-achacha",
          "shapeElement": "bowl/fruit 2/*",
          "textureMapping": [
            "fruit",
            "fruit-achacha"
          ]
        },
        {
          "type": "item",
          "code": "expandedfoods:wilddehydratedfruit-achacha",
          "shapeElement": "bowl/fruit 2/*",
          "textureMapping": [
            "fruit",
            "fruit-achacha"
          ]
        },
        {
          "type": "item",
          "code": "expandedfoods:wilddryfruit-apricot",
          "shapeElement": "bowl/fruit 2/*",
          "textureMapping": [
            "fruit",
            "fruit-apricot"
          ]
        },
        {
          "type": "item",
          "code": "expandedfoods:wilddehydratedfruit-apricot",
          "shapeElement": "bowl/fruit 2/*",
          "textureMapping": [
            "fruit",
            "fruit-apricot"
          ]
        },
        {
          "type": "item",
          "code": "expandedfoods:wilddryfruit-beachalmondwhole",
          "shapeElement": "bowl/fruit 2/*",
          "textureMapping": [
            "fruit",
            "fruit-beachalmondwhole"
          ]
        },
        {
          "type": "item",
          "code": "expandedfoods:wilddehydratedfruit-beachalmondwhole",
          "shapeElement": "bowl/fruit 2/*",
          "textureMapping": [
            "fruit",
            "fruit-beachalmondwhole"
          ]
        },
        {
          "type": "item",
          "code": "expandedfoods:wilddryfruit-beautyberry",
          "shapeElement": "bowl/fruit 2/*",
          "textureMapping": [
            "fruit",
            "fruit-beautyberry"
          ]
        },
        {
          "type": "item",
          "code": "expandedfoods:wilddehydratedfruit-beautyberry",
          "shapeElement": "bowl/fruit 2/*",
          "textureMapping": [
            "fruit",
            "fruit-beautyberry"
          ]
        },
        {
          "type": "item",
          "code": "expandedfoods:wilddryfruit-bitternightshade",
          "shapeElement": "bowl/fruit 2/*",
          "textureMapping": [
            "fruit",
            "fruit-bitternightshade"
          ]
        },
        {
          "type": "item",
          "code": "expandedfoods:wilddehydratedfruit-bitternightshade",
          "shapeElement": "bowl/fruit 2/*",
          "textureMapping": [
            "fruit",
            "fruit-bitternightshade"
          ]
        },
        {
          "type": "item",
          "code": "expandedfoods:wilddryfruit-blacknightshade",
          "shapeElement": "bowl/fruit 2/*",
          "textureMapping": [
            "fruit",
            "fruit-blacknightshade"
          ]
        },
        {
          "type": "item",
          "code": "expandedfoods:wilddehydratedfruit-blacknightshade",
          "shapeElement": "bowl/fruit 2/*",
          "textureMapping": [
            "fruit",
            "fruit-blacknightshade"
          ]
        },
        {
          "type": "item",
          "code": "expandedfoods:wilddryfruit-blacknightshadeunripe",
          "shapeElement": "bowl/fruit 2/*",
          "textureMapping": [
            "fruit",
            "fruit-blacknightshadeunripe"
          ]
        },
        {
          "type": "item",
          "code": "expandedfoods:wilddehydratedfruit-blacknightshadeunripe",
          "shapeElement": "bowl/fruit 2/*",
          "textureMapping": [
            "fruit",
            "fruit-blacknightshadeunripe"
          ]
        },
        {
          "type": "item",
          "code": "expandedfoods:wilddryfruit-blueraspberry",
          "shapeElement": "bowl/fruit 2/*",
          "textureMapping": [
            "fruit",
            "fruit-blueraspberry"
          ]
        },
        {
          "type": "item",
          "code": "expandedfoods:wilddehydratedfruit-blueraspberry",
          "shapeElement": "bowl/fruit 2/*",
          "textureMapping": [
            "fruit",
            "fruit-blueraspberry"
          ]
        },
        {
          "type": "item",
          "code": "expandedfoods:wilddryfruit-bluetongue",
          "shapeElement": "bowl/fruit 2/*",
          "textureMapping": [
            "fruit",
            "fruit-bluetongue"
          ]
        },
        {
          "type": "item",
          "code": "expandedfoods:wilddehydratedfruit-bluetongue",
          "shapeElement": "bowl/fruit 2/*",
          "textureMapping": [
            "fruit",
            "fruit-bluetongue"
          ]
        },
        {
          "type": "item",
          "code": "expandedfoods:wilddryfruit-brambleberry",
          "shapeElement": "bowl/fruit 2/*",
          "textureMapping": [
            "fruit",
            "fruit-brambleberry"
          ]
        },
        {
          "type": "item",
          "code": "expandedfoods:wilddehydratedfruit-brambleberry",
          "shapeElement": "bowl/fruit 2/*",
          "textureMapping": [
            "fruit",
            "fruit-brambleberry"
          ]
        },
        {
          "type": "item",
          "code": "expandedfoods:wilddryfruit-bunchberry",
          "shapeElement": "bowl/fruit 2/*",
          "textureMapping": [
            "fruit",
            "fruit-bunchberry"
          ]
        },
        {
          "type": "item",
          "code": "expandedfoods:wilddehydratedfruit-bunchberry",
          "shapeElement": "bowl/fruit 2/*",
          "textureMapping": [
            "fruit",
            "fruit-bunchberry"
          ]
        },
        {
          "type": "item",
          "code": "expandedfoods:wilddryfruit-bushlawyer",
          "shapeElement": "bowl/fruit 2/*",
          "textureMapping": [
            "fruit",
            "fruit-bushlawyer"
          ]
        },
        {
          "type": "item",
          "code": "expandedfoods:wilddehydratedfruit-bushlawyer",
          "shapeElement": "bowl/fruit 2/*",
          "textureMapping": [
            "fruit",
            "fruit-bushlawyer"
          ]
        },
        {
          "type": "item",
          "code": "expandedfoods:wilddryfruit-cashewapple",
          "shapeElement": "bowl/fruit 2/*",
          "textureMapping": [
            "fruit",
            "fruit-cashewapple"
          ]
        },
        {
          "type": "item",
          "code": "expandedfoods:wilddehydratedfruit-cashewapple",
          "shapeElement": "bowl/fruit 2/*",
          "textureMapping": [
            "fruit",
            "fruit-cashewapple"
          ]
        },
        {
          "type": "item",
          "code": "expandedfoods:wilddryfruit-cheeseberry",
          "shapeElement": "bowl/fruit 2/*",
          "textureMapping": [
            "fruit",
            "fruit-cheeseberry"
          ]
        },
        {
          "type": "item",
          "code": "expandedfoods:wilddehydratedfruit-cheeseberry",
          "shapeElement": "bowl/fruit 2/*",
          "textureMapping": [
            "fruit",
            "fruit-cheeseberry"
          ]
        },
        {
          "type": "item",
          "code": "expandedfoods:wilddryfruit-cherryplum",
          "shapeElement": "bowl/fruit 2/*",
          "textureMapping": [
            "fruit",
            "fruit-cherryplum"
          ]
        },
        {
          "type": "item",
          "code": "expandedfoods:wilddehydratedfruit-cherryplum",
          "shapeElement": "bowl/fruit 2/*",
          "textureMapping": [
            "fruit",
            "fruit-cherryplum"
          ]
        },
        {
          "type": "item",
          "code": "expandedfoods:wilddryfruit-chinaberry",
          "shapeElement": "bowl/fruit 2/*",
          "textureMapping": [
            "fruit",
            "fruit-chinaberry"
          ]
        },
        {
          "type": "item",
          "code": "expandedfoods:wilddehydratedfruit-chinaberry",
          "shapeElement": "bowl/fruit 2/*",
          "textureMapping": [
            "fruit",
            "fruit-chinaberry"
          ]
        },
        {
          "type": "item",
          "code": "expandedfoods:wilddryfruit-citron",
          "shapeElement": "bowl/fruit 2/*",
          "textureMapping": [
            "fruit",
            "fruit-citron"
          ]
        },
        {
          "type": "item",
          "code": "expandedfoods:wilddehydratedfruit-citron",
          "shapeElement": "bowl/fruit 2/*",
          "textureMapping": [
            "fruit",
            "fruit-citron"
          ]
        },
        {
          "type": "item",
          "code": "expandedfoods:wilddryfruit-cloudberry",
          "shapeElement": "bowl/fruit 2/*",
          "textureMapping": [
            "fruit",
            "fruit-cloudberry"
          ]
        },
        {
          "type": "item",
          "code": "expandedfoods:wilddehydratedfruit-cloudberry",
          "shapeElement": "bowl/fruit 2/*",
          "textureMapping": [
            "fruit",
            "fruit-cloudberry"
          ]
        },
        {
          "type": "item",
          "code": "expandedfoods:wilddryfruit-cocoa",
          "shapeElement": "bowl/fruit 2/*",
          "textureMapping": [
            "fruit",
            "fruit-cocoa"
          ]
        },
        {
          "type": "item",
          "code": "expandedfoods:wilddehydratedfruit-cocoa",
          "shapeElement": "bowl/fruit 2/*",
          "textureMapping": [
            "fruit",
            "fruit-cocoa"
          ]
        },
        {
          "type": "item",
          "code": "expandedfoods:wilddryfruit-coralbead",
          "shapeElement": "bowl/fruit 2/*",
          "textureMapping": [
            "fruit",
            "fruit-coralbead"
          ]
        },
        {
          "type": "item",
          "code": "expandedfoods:wilddehydratedfruit-coralbead",
          "shapeElement": "bowl/fruit 2/*",
          "textureMapping": [
            "fruit",
            "fruit-coralbead"
          ]
        },
        {
          "type": "item",
          "code": "expandedfoods:wilddryfruit-creepingpine",
          "shapeElement": "bowl/fruit 2/*",
          "textureMapping": [
            "fruit",
            "fruit-creepingpine"
          ]
        },
        {
          "type": "item",
          "code": "expandedfoods:wilddehydratedfruit-creepingpine",
          "shapeElement": "bowl/fruit 2/*",
          "textureMapping": [
            "fruit",
            "fruit-creepingpine"
          ]
        },
        {
          "type": "item",
          "code": "expandedfoods:wilddryfruit-crowberry",
          "shapeElement": "bowl/fruit 2/*",
          "textureMapping": [
            "fruit",
            "fruit-crowberry"
          ]
        },
        {
          "type": "item",
          "code": "expandedfoods:wilddehydratedfruit-crowberry",
          "shapeElement": "bowl/fruit 2/*",
          "textureMapping": [
            "fruit",
            "fruit-crowberry"
          ]
        },
        {
          "type": "item",
          "code": "expandedfoods:wilddryfruit-crowseye",
          "shapeElement": "bowl/fruit 2/*",
          "textureMapping": [
            "fruit",
            "fruit-crowseye"
          ]
        },
        {
          "type": "item",
          "code": "expandedfoods:wilddehydratedfruit-crowseye",
          "shapeElement": "bowl/fruit 2/*",
          "textureMapping": [
            "fruit",
            "fruit-crowseye"
          ]
        },
        {
          "type": "item",
          "code": "expandedfoods:wilddryfruit-dogrose",
          "shapeElement": "bowl/fruit 2/*",
          "textureMapping": [
            "fruit",
            "fruit-dogrose"
          ]
        },
        {
          "type": "item",
          "code": "expandedfoods:wilddehydratedfruit-dogrose",
          "shapeElement": "bowl/fruit 2/*",
          "textureMapping": [
            "fruit",
            "fruit-dogrose"
          ]
        },
        {
          "type": "item",
          "code": "expandedfoods:wilddryfruit-elderberry",
          "shapeElement": "bowl/fruit 2/*",
          "textureMapping": [
            "fruit",
            "fruit-elderberry"
          ]
        },
        {
          "type": "item",
          "code": "expandedfoods:wilddehydratedfruit-elderberry",
          "shapeElement": "bowl/fruit 2/*",
          "textureMapping": [
            "fruit",
            "fruit-elderberry"
          ]
        },
        {
          "type": "item",
          "code": "expandedfoods:wilddryfruit-engkala",
          "shapeElement": "bowl/fruit 2/*",
          "textureMapping": [
            "fruit",
            "fruit-engkala"
          ]
        },
        {
          "type": "item",
          "code": "expandedfoods:wilddehydratedfruit-engkala",
          "shapeElement": "bowl/fruit 2/*",
          "textureMapping": [
            "fruit",
            "fruit-engkala"
          ]
        },
        {
          "type": "item",
          "code": "expandedfoods:wilddehydratedfruit-falseorange",
          "shapeElement": "bowl/fruit 2/*",
          "textureMapping": [
            "fruit",
            "fruit-falseorange"
          ]
        },
        {
          "type": "item",
          "code": "expandedfoods:wilddryfruit-falseorange",
          "shapeElement": "bowl/fruit 2/*",
          "textureMapping": [
            "fruit",
            "fruit-falseorange"
          ]
        },
        {
          "type": "item",
          "code": "expandedfoods:wilddryfruit-falsestrawberry",
          "shapeElement": "bowl/fruit 2/*",
          "textureMapping": [
            "fruit",
            "fruit-falsestrawberry"
          ]
        },
        {
          "type": "item",
          "code": "expandedfoods:wilddehydratedfruit-falsestrawberry",
          "shapeElement": "bowl/fruit 2/*",
          "textureMapping": [
            "fruit",
            "fruit-falsestrawberry"
          ]
        },
        {
          "type": "item",
          "code": "expandedfoods:wilddryfruit-feijoa",
          "shapeElement": "bowl/fruit 2/*",
          "textureMapping": [
            "fruit",
            "fruit-feijoa"
          ]
        },
        {
          "type": "item",
          "code": "expandedfoods:wilddehydratedfruit-feijoa",
          "shapeElement": "bowl/fruit 2/*",
          "textureMapping": [
            "fruit",
            "fruit-feijoa"
          ]
        },
        {
          "type": "item",
          "code": "expandedfoods:wilddryfruit-fig",
          "shapeElement": "bowl/fruit 2/*",
          "textureMapping": [
            "fruit",
            "fruit-fig"
          ]
        },
        {
          "type": "item",
          "code": "expandedfoods:wilddehydratedfruit-fig",
          "shapeElement": "bowl/fruit 2/*",
          "textureMapping": [
            "fruit",
            "fruit-fig"
          ]
        },
        {
          "type": "item",
          "code": "expandedfoods:wilddryfruit-fingerlime",
          "shapeElement": "bowl/fruit 2/*",
          "textureMapping": [
            "fruit",
            "fruit-fingerlime"
          ]
        },
        {
          "type": "item",
          "code": "expandedfoods:wilddehydratedfruit-fingerlime",
          "shapeElement": "bowl/fruit 2/*",
          "textureMapping": [
            "fruit",
            "fruit-fingerlime"
          ]
        },
        {
          "type": "item",
          "code": "expandedfoods:wilddryfruit-flaxlily",
          "shapeElement": "bowl/fruit 2/*",
          "textureMapping": [
            "fruit",
            "fruit-flaxlily"
          ]
        },
        {
          "type": "item",
          "code": "expandedfoods:wilddehydratedfruit-flaxlily",
          "shapeElement": "bowl/fruit 2/*",
          "textureMapping": [
            "fruit",
            "fruit-flaxlily"
          ]
        },
        {
          "type": "item",
          "code": "expandedfoods:wilddryfruit-foxgrape",
          "shapeElement": "bowl/fruit 2/*",
          "textureMapping": [
            "fruit",
            "fruit-foxgrape"
          ]
        },
        {
          "type": "item",
          "code": "expandedfoods:wilddehydratedfruit-foxgrape",
          "shapeElement": "bowl/fruit 2/*",
          "textureMapping": [
            "fruit",
            "fruit-foxgrape"
          ]
        },
        {
          "type": "item",
          "code": "expandedfoods:wilddryfruit-fractureberry",
          "shapeElement": "bowl/fruit 2/*",
          "textureMapping": [
            "fruit",
            "fruit-fractureberry"
          ]
        },
        {
          "type": "item",
          "code": "expandedfoods:wilddehydratedfruit-fractureberry",
          "shapeElement": "bowl/fruit 2/*",
          "textureMapping": [
            "fruit",
            "fruit-fractureberry"
          ]
        },
        {
          "type": "item",
          "code": "expandedfoods:wilddryfruit-gardenstrawberry",
          "shapeElement": "bowl/fruit 2/*",
          "textureMapping": [
            "fruit",
            "fruit-gardenstrawberry"
          ]
        },
        {
          "type": "item",
          "code": "expandedfoods:wilddehydratedfruit-gardenstrawberry",
          "shapeElement": "bowl/fruit 2/*",
          "textureMapping": [
            "fruit",
            "fruit-gardenstrawberry"
          ]
        },
        {
          "type": "item",
          "code": "expandedfoods:wilddryfruit-gooseberry",
          "shapeElement": "bowl/fruit 2/*",
          "textureMapping": [
            "fruit",
            "fruit-gooseberry"
          ]
        },
        {
          "type": "item",
          "code": "expandedfoods:wilddehydratedfruit-gooseberry",
          "shapeElement": "bowl/fruit 2/*",
          "textureMapping": [
            "fruit",
            "fruit-gooseberry"
          ]
        },
        {
          "type": "item",
          "code": "expandedfoods:wilddryfruit-guajava",
          "shapeElement": "bowl/fruit 2/*",
          "textureMapping": [
            "fruit",
            "fruit-guajava"
          ]
        },
        {
          "type": "item",
          "code": "expandedfoods:wilddehydratedfruit-guajava",
          "shapeElement": "bowl/fruit 2/*",
          "textureMapping": [
            "fruit",
            "fruit-guajava"
          ]
        },
        {
          "type": "item",
          "code": "expandedfoods:wilddryfruit-hawthorn",
          "shapeElement": "bowl/fruit 2/*",
          "textureMapping": [
            "fruit",
            "fruit-hawthorn"
          ]
        },
        {
          "type": "item",
          "code": "expandedfoods:wilddehydratedfruit-hawthorn",
          "shapeElement": "bowl/fruit 2/*",
          "textureMapping": [
            "fruit",
            "fruit-hawthorn"
          ]
        },
        {
          "type": "item",
          "code": "expandedfoods:wilddryfruit-honeypots",
          "shapeElement": "bowl/fruit 2/*",
          "textureMapping": [
            "fruit",
            "fruit-honeypots"
          ]
        },
        {
          "type": "item",
          "code": "expandedfoods:wilddehydratedfruit-honeypots",
          "shapeElement": "bowl/fruit 2/*",
          "textureMapping": [
            "fruit",
            "fruit-honeypots"
          ]
        },
        {
          "type": "item",
          "code": "expandedfoods:wilddryfruit-honeysuckle",
          "shapeElement": "bowl/fruit 2/*",
          "textureMapping": [
            "fruit",
            "fruit-honeysuckle"
          ]
        },
        {
          "type": "item",
          "code": "expandedfoods:wilddehydratedfruit-honeysuckle",
          "shapeElement": "bowl/fruit 2/*",
          "textureMapping": [
            "fruit",
            "fruit-honeysuckle"
          ]
        },
        {
          "type": "item",
          "code": "expandedfoods:wilddryfruit-huckleberry",
          "shapeElement": "bowl/fruit 2/*",
          "textureMapping": [
            "fruit",
            "fruit-huckleberry"
          ]
        },
        {
          "type": "item",
          "code": "expandedfoods:wilddehydratedfruit-huckleberry",
          "shapeElement": "bowl/fruit 2/*",
          "textureMapping": [
            "fruit",
            "fruit-huckleberry"
          ]
        },
        {
          "type": "item",
          "code": "expandedfoods:wilddryfruit-husktomato",
          "shapeElement": "bowl/fruit 2/*",
          "textureMapping": [
            "fruit",
            "fruit-husktomato"
          ]
        },
        {
          "type": "item",
          "code": "expandedfoods:wilddehydratedfruit-husktomato",
          "shapeElement": "bowl/fruit 2/*",
          "textureMapping": [
            "fruit",
            "fruit-husktomato"
          ]
        },
        {
          "type": "item",
          "code": "expandedfoods:wilddryfruit-illawarra",
          "shapeElement": "bowl/fruit 2/*",
          "textureMapping": [
            "fruit",
            "fruit-illawarra"
          ]
        },
        {
          "type": "item",
          "code": "expandedfoods:wilddehydratedfruit-illawarra",
          "shapeElement": "bowl/fruit 2/*",
          "textureMapping": [
            "fruit",
            "fruit-illawarra"
          ]
        },
        {
          "type": "item",
          "code": "expandedfoods:wilddryfruit-jujube",
          "shapeElement": "bowl/fruit 2/*",
          "textureMapping": [
            "fruit",
            "fruit-jujube"
          ]
        },
        {
          "type": "item",
          "code": "expandedfoods:wilddehydratedfruit-jujube",
          "shapeElement": "bowl/fruit 2/*",
          "textureMapping": [
            "fruit",
            "fruit-jujube"
          ]
        },
        {
          "type": "item",
          "code": "expandedfoods:wilddryfruit-juniper",
          "shapeElement": "bowl/fruit 2/*",
          "textureMapping": [
            "fruit",
            "fruit-juniper"
          ]
        },
        {
          "type": "item",
          "code": "expandedfoods:wilddryfruit-kakaha",
          "shapeElement": "bowl/fruit 2/*",
          "textureMapping": [
            "fruit",
            "fruit-kakaha"
          ]
        },
        {
          "type": "item",
          "code": "expandedfoods:wilddehydratedfruit-kakaha",
          "shapeElement": "bowl/fruit 2/*",
          "textureMapping": [
            "fruit",
            "fruit-kakaha"
          ]
        },
        {
          "type": "item",
          "code": "expandedfoods:wilddryfruit-kawakawa",
          "shapeElement": "bowl/fruit 2/*",
          "textureMapping": [
            "fruit",
            "fruit-kawakawa"
          ]
        },
        {
          "type": "item",
          "code": "expandedfoods:wilddehydratedfruit-kawakawa",
          "shapeElement": "bowl/fruit 2/*",
          "textureMapping": [
            "fruit",
            "fruit-kawakawa"
          ]
        },
        {
          "type": "item",
          "code": "expandedfoods:wilddryfruit-knyazberry",
          "shapeElement": "bowl/fruit 2/*",
          "textureMapping": [
            "fruit",
            "fruit-knyazberry"
          ]
        },
        {
          "type": "item",
          "code": "expandedfoods:wilddehydratedfruit-knyazberry",
          "shapeElement": "bowl/fruit 2/*",
          "textureMapping": [
            "fruit",
            "fruit-knyazberry"
          ]
        },
        {
          "type": "item",
          "code": "expandedfoods:wilddryfruit-kumquat",
          "shapeElement": "bowl/fruit 2/*",
          "textureMapping": [
            "fruit",
            "fruit-kumquat"
          ]
        },
        {
          "type": "item",
          "code": "expandedfoods:wilddehydratedfruit-kumquat",
          "shapeElement": "bowl/fruit 2/*",
          "textureMapping": [
            "fruit",
            "fruit-kumquat"
          ]
        },
        {
          "type": "item",
          "code": "expandedfoods:wilddryfruit-lemon",
          "shapeElement": "bowl/fruit 2/*",
          "textureMapping": [
            "fruit",
            "fruit-lemon"
          ]
        },
        {
          "type": "item",
          "code": "expandedfoods:wilddehydratedfruit-lemon",
          "shapeElement": "bowl/fruit 2/*",
          "textureMapping": [
            "fruit",
            "fruit-lemon"
          ]
        },
        {
          "type": "item",
          "code": "expandedfoods:wilddryfruit-lemonaspen",
          "shapeElement": "bowl/fruit 2/*",
          "textureMapping": [
            "fruit",
            "fruit-lemonaspen"
          ]
        },
        {
          "type": "item",
          "code": "expandedfoods:wilddehydratedfruit-lemonaspen",
          "shapeElement": "bowl/fruit 2/*",
          "textureMapping": [
            "fruit",
            "fruit-lemonaspen"
          ]
        },
        {
          "type": "item",
          "code": "expandedfoods:wilddryfruit-lillypillyblue",
          "shapeElement": "bowl/fruit 2/*",
          "textureMapping": [
            "fruit",
            "fruit-lillypillyblue"
          ]
        },
        {
          "type": "item",
          "code": "expandedfoods:wilddehydratedfruit-lillypillyblue",
          "shapeElement": "bowl/fruit 2/*",
          "textureMapping": [
            "fruit",
            "fruit-lillypillyblue"
          ]
        },
        {
          "type": "item",
          "code": "expandedfoods:wilddryfruit-lillypillypink",
          "shapeElement": "bowl/fruit 2/*",
          "textureMapping": [
            "fruit",
            "fruit-lillypillypink"
          ]
        },
        {
          "type": "item",
          "code": "expandedfoods:wilddehydratedfruit-lillypillypink",
          "shapeElement": "bowl/fruit 2/*",
          "textureMapping": [
            "fruit",
            "fruit-lillypillypink"
          ]
        },
        {
          "type": "item",
          "code": "expandedfoods:wilddryfruit-lillypillywhite",
          "shapeElement": "bowl/fruit 2/*",
          "textureMapping": [
            "fruit",
            "fruit-lillypillywhite"
          ]
        },
        {
          "type": "item",
          "code": "expandedfoods:wilddehydratedfruit-lillypillywhite",
          "shapeElement": "bowl/fruit 2/*",
          "textureMapping": [
            "fruit",
            "fruit-lillypillywhite"
          ]
        },
        {
          "type": "item",
          "code": "expandedfoods:wilddryfruit-lingonberry",
          "shapeElement": "bowl/fruit 2/*",
          "textureMapping": [
            "fruit",
            "fruit-lingonberry"
          ]
        },
        {
          "type": "item",
          "code": "expandedfoods:wilddehydratedfruit-lingonberry",
          "shapeElement": "bowl/fruit 2/*",
          "textureMapping": [
            "fruit",
            "fruit-lingonberry"
          ]
        },
        {
          "type": "item",
          "code": "expandedfoods:wilddryfruit-loquat",
          "shapeElement": "bowl/fruit 2/*",
          "textureMapping": [
            "fruit",
            "fruit-loquat"
          ]
        },
        {
          "type": "item",
          "code": "expandedfoods:wilddehydratedfruit-loquat",
          "shapeElement": "bowl/fruit 2/*",
          "textureMapping": [
            "fruit",
            "fruit-loquat"
          ]
        },
        {
          "type": "item",
          "code": "expandedfoods:wilddryfruit-midyimberry",
          "shapeElement": "bowl/fruit 2/*",
          "textureMapping": [
            "fruit",
            "fruit-midyimberry"
          ]
        },
        {
          "type": "item",
          "code": "expandedfoods:wilddehydratedfruit-midyimberry",
          "shapeElement": "bowl/fruit 2/*",
          "textureMapping": [
            "fruit",
            "fruit-midyimberry"
          ]
        },
        {
          "type": "item",
          "code": "expandedfoods:wilddryfruit-mingimingi",
          "shapeElement": "bowl/fruit 2/*",
          "textureMapping": [
            "fruit",
            "fruit-mingimingi"
          ]
        },
        {
          "type": "item",
          "code": "expandedfoods:wilddehydratedfruit-mingimingi",
          "shapeElement": "bowl/fruit 2/*",
          "textureMapping": [
            "fruit",
            "fruit-mingimingi"
          ]
        },
        {
          "type": "item",
          "code": "expandedfoods:wilddryfruit-munthari",
          "shapeElement": "bowl/fruit 2/*",
          "textureMapping": [
            "fruit",
            "fruit-munthari"
          ]
        },
        {
          "type": "item",
          "code": "expandedfoods:wilddehydratedfruit-munthari",
          "shapeElement": "bowl/fruit 2/*",
          "textureMapping": [
            "fruit",
            "fruit-munthari"
          ]
        },
        {
          "type": "item",
          "code": "expandedfoods:wilddryfruit-naranjilla",
          "shapeElement": "bowl/fruit 2/*",
          "textureMapping": [
            "fruit",
            "fruit-naranjilla"
          ]
        },
        {
          "type": "item",
          "code": "expandedfoods:wilddehydratedfruit-naranjilla",
          "shapeElement": "bowl/fruit 2/*",
          "textureMapping": [
            "fruit",
            "fruit-naranjilla"
          ]
        },
        {
          "type": "item",
          "code": "expandedfoods:wilddryfruit-numnum",
          "shapeElement": "bowl/fruit 2/*",
          "textureMapping": [
            "fruit",
            "fruit-numnum"
          ]
        },
        {
          "type": "item",
          "code": "expandedfoods:wilddehydratedfruit-numnum",
          "shapeElement": "bowl/fruit 2/*",
          "textureMapping": [
            "fruit",
            "fruit-numnum"
          ]
        },
        {
          "type": "item",
          "code": "expandedfoods:wilddryfruit-pandanbits",
          "shapeElement": "bowl/fruit 2/*",
          "textureMapping": [
            "fruit",
            "fruit-pandanbits"
          ]
        },
        {
          "type": "item",
          "code": "expandedfoods:wilddehydratedfruit-pandanbits",
          "shapeElement": "bowl/fruit 2/*",
          "textureMapping": [
            "fruit",
            "fruit-pandanbits"
          ]
        },
        {
          "type": "item",
          "code": "expandedfoods:wilddryfruit-pilo",
          "shapeElement": "bowl/fruit 2/*",
          "textureMapping": [
            "fruit",
            "fruit-pilo"
          ]
        },
        {
          "type": "item",
          "code": "expandedfoods:wilddehydratedfruit-pilo",
          "shapeElement": "bowl/fruit 2/*",
          "textureMapping": [
            "fruit",
            "fruit-pilo"
          ]
        },
        {
          "type": "item",
          "code": "expandedfoods:wilddryfruit-pineheath",
          "shapeElement": "bowl/fruit 2/*",
          "textureMapping": [
            "fruit",
            "fruit-pineheath"
          ]
        },
        {
          "type": "item",
          "code": "expandedfoods:wilddehydratedfruit-pineheath",
          "shapeElement": "bowl/fruit 2/*",
          "textureMapping": [
            "fruit",
            "fruit-pineheath"
          ]
        },
        {
          "type": "item",
          "code": "expandedfoods:wilddryfruit-pittedapricot",
          "shapeElement": "bowl/fruit 2/*",
          "textureMapping": [
            "fruit",
            "fruit-pittedapricot"
          ]
        },
        {
          "type": "item",
          "code": "expandedfoods:wilddehydratedfruit-pittedapricot",
          "shapeElement": "bowl/fruit 2/*",
          "textureMapping": [
            "fruit",
            "fruit-pittedapricot"
          ]
        },
        {
          "type": "item",
          "code": "expandedfoods:wilddryfruit-pittedbreadfruit",
          "shapeElement": "bowl/fruit 2/*",
          "textureMapping": [
            "fruit",
            "fruit-pittedbreadfruit"
          ]
        },
        {
          "type": "item",
          "code": "expandedfoods:wilddehydratedfruit-pittedbreadfruit",
          "shapeElement": "bowl/fruit 2/*",
          "textureMapping": [
            "fruit",
            "fruit-pittedbreadfruit"
          ]
        },
        {
          "type": "item",
          "code": "expandedfoods:wilddryfruit-pittedcherry",
          "shapeElement": "bowl/fruit 2/*",
          "textureMapping": [
            "fruit",
            "fruit-pittedcherry"
          ]
        },
        {
          "type": "item",
          "code": "expandedfoods:wilddehydratedfruit-pittedcherry",
          "shapeElement": "bowl/fruit 2/*",
          "textureMapping": [
            "fruit",
            "fruit-pittedcherry"
          ]
        },
        {
          "type": "item",
          "code": "expandedfoods:wilddryfruit-pittedchinaberry",
          "shapeElement": "bowl/fruit 2/*",
          "textureMapping": [
            "fruit",
            "fruit-pittedchinaberry"
          ]
        },
        {
          "type": "item",
          "code": "expandedfoods:wilddehydratedfruit-pittedchinaberry",
          "shapeElement": "bowl/fruit 2/*",
          "textureMapping": [
            "fruit",
            "fruit-pittedchinaberry"
          ]
        },
        {
          "type": "item",
          "code": "expandedfoods:wilddryfruit-pokeberry",
          "shapeElement": "bowl/fruit 2/*",
          "textureMapping": [
            "fruit",
            "fruit-pokeberry"
          ]
        },
        {
          "type": "item",
          "code": "expandedfoods:wilddehydratedfruit-pokeberry",
          "shapeElement": "bowl/fruit 2/*",
          "textureMapping": [
            "fruit",
            "fruit-pokeberry"
          ]
        },
        {
          "type": "item",
          "code": "expandedfoods:wilddryfruit-pomelo",
          "shapeElement": "bowl/fruit 2/*",
          "textureMapping": [
            "fruit",
            "fruit-pomelo"
          ]
        },
        {
          "type": "item",
          "code": "expandedfoods:wilddehydratedfruit-pomelo",
          "shapeElement": "bowl/fruit 2/*",
          "textureMapping": [
            "fruit",
            "fruit-pomelo"
          ]
        },
        {
          "type": "item",
          "code": "expandedfoods:wilddryfruit-pricklyheath",
          "shapeElement": "bowl/fruit 2/*",
          "textureMapping": [
            "fruit",
            "fruit-pricklyheath"
          ]
        },
        {
          "type": "item",
          "code": "expandedfoods:wilddehydratedfruit-pricklyheath",
          "shapeElement": "bowl/fruit 2/*",
          "textureMapping": [
            "fruit",
            "fruit-pricklyheath"
          ]
        },
        {
          "type": "item",
          "code": "expandedfoods:wilddryfruit-purpleplum",
          "shapeElement": "bowl/fruit 2/*",
          "textureMapping": [
            "fruit",
            "fruit-purpleplum"
          ]
        },
        {
          "type": "item",
          "code": "expandedfoods:wilddehydratedfruit-purpleplum",
          "shapeElement": "bowl/fruit 2/*",
          "textureMapping": [
            "fruit",
            "fruit-purpleplum"
          ]
        },
        {
          "type": "item",
          "code": "expandedfoods:wilddryfruit-quince",
          "shapeElement": "bowl/fruit 2/*",
          "textureMapping": [
            "fruit",
            "fruit-quince"
          ]
        },
        {
          "type": "item",
          "code": "expandedfoods:wilddehydratedfruit-quince",
          "shapeElement": "bowl/fruit 2/*",
          "textureMapping": [
            "fruit",
            "fruit-quince"
          ]
        },
        {
          "type": "item",
          "code": "expandedfoods:wilddryfruit-raspberry",
          "shapeElement": "bowl/fruit 2/*",
          "textureMapping": [
            "fruit",
            "fruit-raspberry"
          ]
        },
        {
          "type": "item",
          "code": "expandedfoods:wilddehydratedfruit-raspberry",
          "shapeElement": "bowl/fruit 2/*",
          "textureMapping": [
            "fruit",
            "fruit-raspberry"
          ]
        },
        {
          "type": "item",
          "code": "expandedfoods:wilddryfruit-redgrape",
          "shapeElement": "bowl/fruit 2/*",
          "textureMapping": [
            "fruit",
            "fruit-redgrape"
          ]
        },
        {
          "type": "item",
          "code": "expandedfoods:wilddehydratedfruit-redgrape",
          "shapeElement": "bowl/fruit 2/*",
          "textureMapping": [
            "fruit",
            "fruit-redgrape"
          ]
        },
        {
          "type": "item",
          "code": "expandedfoods:wilddryfruit-redquandong",
          "shapeElement": "bowl/fruit 2/*",
          "textureMapping": [
            "fruit",
            "fruit-redquandong"
          ]
        },
        {
          "type": "item",
          "code": "expandedfoods:wilddehydratedfruit-redquandong",
          "shapeElement": "bowl/fruit 2/*",
          "textureMapping": [
            "fruit",
            "fruit-redquandong"
          ]
        },
        {
          "type": "item",
          "code": "expandedfoods:wilddryfruit-roseapple",
          "shapeElement": "bowl/fruit 2/*",
          "textureMapping": [
            "fruit",
            "fruit-roseapple"
          ]
        },
        {
          "type": "item",
          "code": "expandedfoods:wilddehydratedfruit-roseapple",
          "shapeElement": "bowl/fruit 2/*",
          "textureMapping": [
            "fruit",
            "fruit-roseapple"
          ]
        },
        {
          "type": "item",
          "code": "expandedfoods:wilddryfruit-rowanberry",
          "shapeElement": "bowl/fruit 2/*",
          "textureMapping": [
            "fruit",
            "fruit-rowanberry"
          ]
        },
        {
          "type": "item",
          "code": "expandedfoods:wilddehydratedfruit-rowanberry",
          "shapeElement": "bowl/fruit 2/*",
          "textureMapping": [
            "fruit",
            "fruit-rowanberry"
          ]
        },
        {
          "type": "item",
          "code": "expandedfoods:wilddryfruit-rubysaltbush",
          "shapeElement": "bowl/fruit 2/*",
          "textureMapping": [
            "fruit",
            "fruit-rubysaltbush"
          ]
        },
        {
          "type": "item",
          "code": "expandedfoods:wilddehydratedfruit-rubysaltbush",
          "shapeElement": "bowl/fruit 2/*",
          "textureMapping": [
            "fruit",
            "fruit-rubysaltbush"
          ]
        },
        {
          "type": "item",
          "code": "expandedfoods:wilddryfruit-sallowthorn",
          "shapeElement": "bowl/fruit 2/*",
          "textureMapping": [
            "fruit",
            "fruit-sallowthorn"
          ]
        },
        {
          "type": "item",
          "code": "expandedfoods:wilddehydratedfruit-sallowthorn",
          "shapeElement": "bowl/fruit 2/*",
          "textureMapping": [
            "fruit",
            "fruit-sallowthorn"
          ]
        },
        {
          "type": "item",
          "code": "expandedfoods:wilddryfruit-seamango",
          "shapeElement": "bowl/fruit 2/*",
          "textureMapping": [
            "fruit",
            "fruit-seamango"
          ]
        },
        {
          "type": "item",
          "code": "expandedfoods:wilddehydratedfruit-seamango",
          "shapeElement": "bowl/fruit 2/*",
          "textureMapping": [
            "fruit",
            "fruit-seamango"
          ]
        },
        {
          "type": "item",
          "code": "expandedfoods:wilddryfruit-silvernettle",
          "shapeElement": "bowl/fruit 2/*",
          "textureMapping": [
            "fruit",
            "fruit-silvernettle"
          ]
        },
        {
          "type": "item",
          "code": "expandedfoods:wilddehydratedfruit-silvernettle",
          "shapeElement": "bowl/fruit 2/*",
          "textureMapping": [
            "fruit",
            "fruit-silvernettle"
          ]
        },
        {
          "type": "item",
          "code": "expandedfoods:wilddryfruit-snowberry",
          "shapeElement": "bowl/fruit 2/*",
          "textureMapping": [
            "fruit",
            "fruit-snowberry"
          ]
        },
        {
          "type": "item",
          "code": "expandedfoods:wilddehydratedfruit-snowberry",
          "shapeElement": "bowl/fruit 2/*",
          "textureMapping": [
            "fruit",
            "fruit-silvernettle"
          ]
        },
        {
          "type": "item",
          "code": "expandedfoods:wilddryfruit-spindle",
          "shapeElement": "bowl/fruit 2/*",
          "textureMapping": [
            "fruit",
            "fruit-spindle"
          ]
        },
        {
          "type": "item",
          "code": "expandedfoods:wilddehydratedfruit-spindle",
          "shapeElement": "bowl/fruit 2/*",
          "textureMapping": [
            "fruit",
            "fruit-spindle"
          ]
        },
        {
          "type": "item",
          "code": "expandedfoods:wilddryfruit-strawberry",
          "shapeElement": "bowl/fruit 2/*",
          "textureMapping": [
            "fruit",
            "fruit-strawberry"
          ]
        },
        {
          "type": "item",
          "code": "expandedfoods:wilddehydratedfruit-strawberry",
          "shapeElement": "bowl/fruit 2/*",
          "textureMapping": [
            "fruit",
            "fruit-strawberry"
          ]
        },
        {
          "type": "item",
          "code": "expandedfoods:wilddryfruit-sumac",
          "shapeElement": "bowl/fruit 2/*",
          "textureMapping": [
            "fruit",
            "fruit-sumac"
          ]
        },
        {
          "type": "item",
          "code": "expandedfoods:wilddryfruit-turkscap",
          "shapeElement": "bowl/fruit 2/*",
          "textureMapping": [
            "fruit",
            "fruit-turkscap"
          ]
        },
        {
          "type": "item",
          "code": "expandedfoods:wilddehydratedfruit-turkscap",
          "shapeElement": "bowl/fruit 2/*",
          "textureMapping": [
            "fruit",
            "fruit-turkscap"
          ]
        },
        {
          "type": "item",
          "code": "expandedfoods:wilddryfruit-ugni",
          "shapeElement": "bowl/fruit 2/*",
          "textureMapping": [
            "fruit",
            "fruit-ugni"
          ]
        },
        {
          "type": "item",
          "code": "expandedfoods:wilddehydratedfruit-ugni",
          "shapeElement": "bowl/fruit 2/*",
          "textureMapping": [
            "fruit",
            "fruit-ugni"
          ]
        },
        {
          "type": "item",
          "code": "expandedfoods:wilddryfruit-virgingrape",
          "shapeElement": "bowl/fruit 2/*",
          "textureMapping": [
            "fruit",
            "fruit-virgingrape"
          ]
        },
        {
          "type": "item",
          "code": "expandedfoods:wilddehydratedfruit-virgingrape",
          "shapeElement": "bowl/fruit 2/*",
          "textureMapping": [
            "fruit",
            "fruit-virgingrape"
          ]
        },
        {
          "type": "item",
          "code": "expandedfoods:wilddryfruit-whitegrape",
          "shapeElement": "bowl/fruit 2/*",
          "textureMapping": [
            "fruit",
            "fruit-whitegrape"
          ]
        },
        {
          "type": "item",
          "code": "expandedfoods:wilddehydratedfruit-whitegrape",
          "shapeElement": "bowl/fruit 2/*",
          "textureMapping": [
            "fruit",
            "fruit-whitegrape"
          ]
        },
        {
          "type": "item",
          "code": "expandedfoods:wilddryfruit-wolfberry",
          "shapeElement": "bowl/fruit 2/*",
          "textureMapping": [
            "fruit",
            "fruit-wolfberry"
          ]
        },
        {
          "type": "item",
          "code": "expandedfoods:wilddehydratedfruit-wolfberry",
          "shapeElement": "bowl/fruit 2/*",
          "textureMapping": [
            "fruit",
            "fruit-wolfberry"
          ]
        },
      ],
    "side": "server",
    "file": "game:recipes/cooking/porridge.json",
    dependsOn: [{ "modid": "wildcraftfruit" }]
  },
]