{
	"editor": {
		"allAngles": false,
		"entityTextureMode": false
	},
	"textureWidth": 8,
	"textureHeight": 8,
	"textureSizes": {
	},
	"textures": {
		"blacknightshade": "items/fruit/blacknightshade"
	},
	"elements": [
		{
			"name": "origin",
			"from": [ 5.0, 1.0, 9.0 ], 
			"to": [ 5.0, 2.0, 9.0 ], 
			"rotationOrigin": [ 5.0, 1.0, 9.0 ],
			"rotationZ": 18.0,
			"faces": {
				"north": { "texture": "#blacknightshade", "uv": [ 0.0, 0.0, 0.5, 1.0 ], "enabled": false },
				"east": { "texture": "#blacknightshade", "uv": [ 0.0, 0.0, 0.5, 1.0 ], "enabled": false },
				"south": { "texture": "#blacknightshade", "uv": [ 0.0, 0.0, 0.5, 1.0 ], "enabled": false },
				"west": { "texture": "#blacknightshade", "uv": [ 0.0, 0.0, 0.5, 1.0 ], "enabled": false },
				"up": { "texture": "#blacknightshade", "uv": [ 0.0, 0.0, 0.5, 0.5 ], "enabled": false },
				"down": { "texture": "#blacknightshade", "uv": [ 0.0, 0.0, 0.5, 0.5 ], "enabled": false }
			},
			"children": [
				{
					"name": "berry3",
					"from": [ -0.8, -0.2, -0.9 ], 
					"to": [ 1.2, 1.8, 1.1 ], 
					"rotationOrigin": [ 0.5, 1.0, 0.0 ],
					"rotationY": 10.0,
					"faces": {
						"north": { "texture": "#blacknightshade", "uv": [ 0.0, 0.5, 2.0, 2.5 ], "rotation": 90 },
						"east": { "texture": "#blacknightshade", "uv": [ 0.0, 0.5, 2.0, 2.5 ] },
						"south": { "texture": "#blacknightshade", "uv": [ 0.0, 0.0, 2.0, 2.0 ], "rotation": 90 },
						"west": { "texture": "#blacknightshade", "uv": [ 0.0, 0.5, 2.0, 2.5 ] },
						"up": { "texture": "#blacknightshade", "uv": [ 0.0, 0.0, 2.0, 2.0 ], "rotation": 90 },
						"down": { "texture": "#blacknightshade", "uv": [ 0.0, 0.0, 2.0, 2.0 ], "rotation": 90 }
					},
					"children": [
						{
							"name": "Cube1",
							"from": [ 2.0, 0.5, 0.5 ], 
							"to": [ 2.5, 1.5, 1.5 ], 
							"rotationOrigin": [ 2.0, 0.0, 0.0 ],
							"faces": {
								"north": { "texture": "#blacknightshade", "uv": [ 3.0, 2.0, 3.5, 3.0 ] },
								"east": { "texture": "#blacknightshade", "uv": [ 2.5, 2.0, 3.5, 3.0 ] },
								"south": { "texture": "#blacknightshade", "uv": [ 3.0, 1.5, 3.5, 2.5 ] },
								"west": { "texture": "#blacknightshade", "uv": [ 2.5, 0.0, 3.5, 1.0 ], "enabled": false },
								"up": { "texture": "#blacknightshade", "uv": [ 2.5, 1.5, 3.0, 2.5 ] },
								"down": { "texture": "#blacknightshade", "uv": [ 2.5, 2.5, 3.0, 3.5 ] }
							},
							"children": [
								{
									"name": "Cube17",
									"from": [ 0.0, 1.0, 0.0 ], 
									"to": [ 0.0, 1.5, 1.0 ], 
									"rotationOrigin": [ 0.0, 1.0, 0.0 ],
									"rotationZ": -22.5,
									"faces": {
										"north": { "texture": "#blacknightshade", "uv": [ 0.0, 0.0, 0.5, 0.5 ], "enabled": false },
										"east": { "texture": "#blacknightshade", "uv": [ 2.5, 1.0, 3.5, 1.5 ] },
										"south": { "texture": "#blacknightshade", "uv": [ 0.0, 0.0, 0.5, 0.5 ], "enabled": false },
										"west": { "texture": "#blacknightshade", "uv": [ 2.5, 1.5, 3.5, 2.0 ], "enabled": false },
										"up": { "texture": "#blacknightshade", "uv": [ 2.5, 1.5, 3.0, 2.5 ], "enabled": false },
										"down": { "texture": "#blacknightshade", "uv": [ 0.0, 0.0, 0.5, 1.0 ], "enabled": false }
									}
								},
								{
									"name": "Cube18",
									"from": [ 0.0, -0.5, 0.0 ], 
									"to": [ 0.0, 0.0, 1.0 ], 
									"rotationOrigin": [ 0.0, 0.0, 0.0 ],
									"rotationZ": 22.5,
									"faces": {
										"north": { "texture": "#blacknightshade", "uv": [ 0.0, 0.0, 0.5, 0.5 ], "enabled": false },
										"east": { "texture": "#blacknightshade", "uv": [ 2.5, 1.0, 3.5, 1.5 ] },
										"south": { "texture": "#blacknightshade", "uv": [ 0.0, 0.0, 0.5, 0.5 ], "enabled": false },
										"west": { "texture": "#blacknightshade", "uv": [ 2.5, 1.5, 3.5, 2.0 ], "enabled": false },
										"up": { "texture": "#blacknightshade", "uv": [ 2.5, 1.5, 3.0, 2.5 ], "enabled": false },
										"down": { "texture": "#blacknightshade", "uv": [ 0.0, 0.0, 0.5, 1.0 ], "enabled": false }
									}
								},
								{
									"name": "Cube19",
									"from": [ 0.0, 0.0, -0.5 ], 
									"to": [ 0.0, 1.0, 0.0 ], 
									"rotationOrigin": [ 0.0, 0.0, 0.0 ],
									"rotationY": -22.5,
									"faces": {
										"north": { "texture": "#blacknightshade", "uv": [ 0.0, 0.0, 0.5, 1.0 ], "enabled": false },
										"east": { "texture": "#blacknightshade", "uv": [ 3.0, 3.0, 3.5, 4.0 ] },
										"south": { "texture": "#blacknightshade", "uv": [ 0.0, 0.0, 0.5, 1.0 ], "enabled": false },
										"west": { "texture": "#blacknightshade", "uv": [ 2.5, 1.5, 3.0, 2.5 ], "enabled": false },
										"up": { "texture": "#blacknightshade", "uv": [ 2.5, 1.5, 3.0, 2.0 ], "enabled": false },
										"down": { "texture": "#blacknightshade", "uv": [ 0.0, 0.0, 0.5, 0.5 ], "enabled": false }
									}
								},
								{
									"name": "Cube20",
									"from": [ 0.0, 0.0, 1.0 ], 
									"to": [ 0.0, 1.0, 1.5 ], 
									"rotationOrigin": [ 0.0, 0.0, 1.0 ],
									"rotationY": 22.5,
									"faces": {
										"north": { "texture": "#blacknightshade", "uv": [ 0.0, 0.0, 0.5, 1.0 ], "enabled": false },
										"east": { "texture": "#blacknightshade", "uv": [ 3.0, 3.0, 3.5, 4.0 ] },
										"south": { "texture": "#blacknightshade", "uv": [ 0.0, 0.0, 0.5, 1.0 ], "enabled": false },
										"west": { "texture": "#blacknightshade", "uv": [ 2.5, 1.5, 3.0, 2.5 ], "enabled": false },
										"up": { "texture": "#blacknightshade", "uv": [ 2.5, 1.5, 3.0, 2.0 ], "enabled": false },
										"down": { "texture": "#blacknightshade", "uv": [ 0.0, 0.0, 0.5, 0.5 ], "enabled": false }
									}
								}
							]
						}
					]
				},
				{
					"name": "berry1",
					"from": [ 1.5, -1.2, -4.0 ], 
					"to": [ 3.0, 0.3, -2.5 ], 
					"rotationOrigin": [ 1.7744, -0.5765, -2.659 ],
					"rotationX": -16.075,
					"rotationY": -20.0,
					"rotationZ": -23.954,
					"faces": {
						"north": { "texture": "#blacknightshade", "uv": [ 0.5, 1.0, 2.0, 2.5 ], "rotation": 90 },
						"east": { "texture": "#blacknightshade", "uv": [ 0.5, 1.0, 2.0, 2.5 ] },
						"south": { "texture": "#blacknightshade", "uv": [ 0.0, 0.0, 1.5, 1.5 ], "rotation": 90 },
						"west": { "texture": "#blacknightshade", "uv": [ 0.0, 0.5, 1.5, 2.0 ] },
						"up": { "texture": "#blacknightshade", "uv": [ 0.0, 0.5, 1.5, 2.0 ], "rotation": 90 },
						"down": { "texture": "#blacknightshade", "uv": [ 0.5, 0.0, 2.0, 1.5 ], "rotation": 90 }
					},
					"children": [
						{
							"name": "Cube14",
							"from": [ 1.5, 0.25, 0.25 ], 
							"to": [ 2.0, 1.25, 1.25 ], 
							"rotationOrigin": [ 2.0, 0.0, 0.0 ],
							"faces": {
								"north": { "texture": "#blacknightshade", "uv": [ 3.0, 1.5, 3.5, 2.5 ] },
								"east": { "texture": "#blacknightshade", "uv": [ 2.5, 1.5, 3.5, 2.5 ] },
								"south": { "texture": "#blacknightshade", "uv": [ 3.0, 2.5, 3.5, 3.5 ] },
								"west": { "texture": "#blacknightshade", "uv": [ 2.5, 1.5, 3.5, 2.5 ], "enabled": false },
								"up": { "texture": "#blacknightshade", "uv": [ 2.5, 2.0, 3.0, 3.0 ] },
								"down": { "texture": "#blacknightshade", "uv": [ 3.0, 2.5, 3.5, 3.5 ] }
							},
							"children": [
								{
									"name": "Cube21",
									"from": [ 0.0, 1.0, 0.0 ], 
									"to": [ 0.0, 1.5, 1.0 ], 
									"rotationOrigin": [ 0.0, 1.0, 0.0 ],
									"rotationZ": -22.5,
									"faces": {
										"north": { "texture": "#blacknightshade", "uv": [ 0.0, 0.0, 0.5, 0.5 ], "enabled": false },
										"east": { "texture": "#blacknightshade", "uv": [ 2.5, 2.0, 3.5, 2.5 ] },
										"south": { "texture": "#blacknightshade", "uv": [ 0.0, 0.0, 0.5, 0.5 ], "enabled": false },
										"west": { "texture": "#blacknightshade", "uv": [ 0.0, 0.0, 1.0, 0.5 ], "enabled": false },
										"up": { "texture": "#blacknightshade", "uv": [ 0.0, 0.0, 0.5, 1.0 ], "enabled": false },
										"down": { "texture": "#blacknightshade", "uv": [ 0.0, 0.0, 0.5, 1.0 ], "enabled": false }
									}
								},
								{
									"name": "Cube22",
									"from": [ 0.0, -0.5, 0.0 ], 
									"to": [ 0.0, 0.0, 1.0 ], 
									"rotationOrigin": [ 0.0, 0.0, 0.0 ],
									"rotationZ": 22.5,
									"faces": {
										"north": { "texture": "#blacknightshade", "uv": [ 0.0, 0.0, 0.5, 0.5 ], "enabled": false },
										"east": { "texture": "#blacknightshade", "uv": [ 2.5, 2.0, 3.5, 2.5 ] },
										"south": { "texture": "#blacknightshade", "uv": [ 0.0, 0.0, 0.5, 0.5 ], "enabled": false },
										"west": { "texture": "#blacknightshade", "uv": [ 0.0, 0.0, 1.0, 0.5 ], "enabled": false },
										"up": { "texture": "#blacknightshade", "uv": [ 0.0, 0.0, 0.5, 1.0 ], "enabled": false },
										"down": { "texture": "#blacknightshade", "uv": [ 0.0, 0.0, 0.5, 1.0 ], "enabled": false }
									}
								},
								{
									"name": "Cube23",
									"from": [ 0.0, 0.0, -0.5 ], 
									"to": [ 0.0, 1.0, 0.0 ], 
									"rotationOrigin": [ 0.0, 0.0, 0.0 ],
									"rotationY": -22.5,
									"faces": {
										"north": { "texture": "#blacknightshade", "uv": [ 0.0, 0.0, 0.5, 1.0 ], "enabled": false },
										"east": { "texture": "#blacknightshade", "uv": [ 3.0, 0.0, 3.5, 1.0 ] },
										"south": { "texture": "#blacknightshade", "uv": [ 0.0, 0.0, 0.5, 1.0 ], "enabled": false },
										"west": { "texture": "#blacknightshade", "uv": [ 0.0, 0.0, 0.5, 1.0 ], "enabled": false },
										"up": { "texture": "#blacknightshade", "uv": [ 0.0, 0.0, 0.5, 0.5 ], "enabled": false },
										"down": { "texture": "#blacknightshade", "uv": [ 0.0, 0.0, 0.5, 0.5 ], "enabled": false }
									}
								},
								{
									"name": "Cube24",
									"from": [ 0.0, 0.0, 1.0 ], 
									"to": [ 0.0, 1.0, 1.5 ], 
									"rotationOrigin": [ 0.0, 0.0, 1.0 ],
									"rotationY": 22.5,
									"faces": {
										"north": { "texture": "#blacknightshade", "uv": [ 0.0, 0.0, 0.5, 1.0 ], "enabled": false },
										"east": { "texture": "#blacknightshade", "uv": [ 3.0, 0.0, 3.5, 1.0 ] },
										"south": { "texture": "#blacknightshade", "uv": [ 0.0, 0.0, 0.5, 1.0 ], "enabled": false },
										"west": { "texture": "#blacknightshade", "uv": [ 0.0, 0.0, 0.5, 1.0 ], "enabled": false },
										"up": { "texture": "#blacknightshade", "uv": [ 0.0, 0.0, 0.5, 0.5 ], "enabled": false },
										"down": { "texture": "#blacknightshade", "uv": [ 0.0, 0.0, 0.5, 0.5 ], "enabled": false }
									}
								}
							]
						}
					]
				},
				{
					"name": "berry2",
					"from": [ 1.5, -2.55, -1.8 ], 
					"to": [ 3.5, -0.55, 0.2 ], 
					"rotationOrigin": [ 3.5, -1.2503, -0.8924 ],
					"rotationX": -22.5,
					"rotationY": -7.0,
					"faces": {
						"north": { "texture": "#blacknightshade", "uv": [ 0.0, 0.0, 2.0, 2.0 ], "rotation": 90 },
						"east": { "texture": "#blacknightshade", "uv": [ 0.0, 0.0, 2.0, 2.0 ] },
						"south": { "texture": "#blacknightshade", "uv": [ 0.0, 0.0, 2.0, 2.0 ], "rotation": 90 },
						"west": { "texture": "#blacknightshade", "uv": [ 0.0, 0.5, 2.0, 2.5 ] },
						"up": { "texture": "#blacknightshade", "uv": [ 0.0, 0.0, 2.0, 2.0 ], "rotation": 90 },
						"down": { "texture": "#blacknightshade", "uv": [ 0.0, 0.0, 2.0, 2.0 ], "rotation": 90 }
					},
					"children": [
						{
							"name": "Cube15",
							"from": [ 2.0, 0.5, 0.5 ], 
							"to": [ 2.5, 1.5, 1.5 ], 
							"rotationOrigin": [ 2.0, 0.0, 0.0 ],
							"faces": {
								"north": { "texture": "#blacknightshade", "uv": [ 3.0, 2.0, 3.5, 3.0 ] },
								"east": { "texture": "#blacknightshade", "uv": [ 2.5, 3.0, 3.5, 4.0 ] },
								"south": { "texture": "#blacknightshade", "uv": [ 2.5, 2.0, 3.0, 3.0 ] },
								"west": { "texture": "#blacknightshade", "uv": [ 0.0, 0.0, 1.0, 1.0 ], "enabled": false },
								"up": { "texture": "#blacknightshade", "uv": [ 3.0, 3.0, 3.5, 4.0 ] },
								"down": { "texture": "#blacknightshade", "uv": [ 3.0, 1.0, 3.5, 2.0 ] }
							},
							"children": [
								{
									"name": "Cube25",
									"from": [ 0.0, 1.0, 0.0 ], 
									"to": [ 0.0, 1.5, 1.0 ], 
									"rotationOrigin": [ 0.0, 1.0, 0.0 ],
									"rotationZ": -22.5,
									"faces": {
										"north": { "texture": "#blacknightshade", "uv": [ 0.0, 0.0, 0.5, 0.5 ], "enabled": false },
										"east": { "texture": "#blacknightshade", "uv": [ 2.5, 2.0, 3.5, 2.5 ] },
										"south": { "texture": "#blacknightshade", "uv": [ 0.0, 0.0, 0.5, 0.5 ], "enabled": false },
										"west": { "texture": "#blacknightshade", "uv": [ 0.0, 0.0, 1.0, 0.5 ], "enabled": false },
										"up": { "texture": "#blacknightshade", "uv": [ 0.0, 0.0, 0.5, 1.0 ], "enabled": false },
										"down": { "texture": "#blacknightshade", "uv": [ 0.0, 0.0, 0.5, 1.0 ], "enabled": false }
									}
								},
								{
									"name": "Cube26",
									"from": [ 0.0, -0.5, 0.0 ], 
									"to": [ 0.0, 0.0, 1.0 ], 
									"rotationOrigin": [ 0.0, 0.0, 0.0 ],
									"rotationZ": 22.5,
									"faces": {
										"north": { "texture": "#blacknightshade", "uv": [ 0.0, 0.0, 0.5, 0.5 ], "enabled": false },
										"east": { "texture": "#blacknightshade", "uv": [ 2.5, 2.0, 3.5, 2.5 ] },
										"south": { "texture": "#blacknightshade", "uv": [ 0.0, 0.0, 0.5, 0.5 ], "enabled": false },
										"west": { "texture": "#blacknightshade", "uv": [ 0.0, 0.0, 1.0, 0.5 ], "enabled": false },
										"up": { "texture": "#blacknightshade", "uv": [ 0.0, 0.0, 0.5, 1.0 ], "enabled": false },
										"down": { "texture": "#blacknightshade", "uv": [ 0.0, 0.0, 0.5, 1.0 ], "enabled": false }
									}
								},
								{
									"name": "Cube27",
									"from": [ 0.0, 0.0, 1.0 ], 
									"to": [ 0.0, 1.0, 1.5 ], 
									"rotationOrigin": [ 0.0, 0.0, 1.0 ],
									"rotationY": 22.5,
									"faces": {
										"north": { "texture": "#blacknightshade", "uv": [ 0.0, 0.0, 0.5, 1.0 ], "enabled": false },
										"east": { "texture": "#blacknightshade", "uv": [ 3.0, 4.0, 3.5, 5.0 ] },
										"south": { "texture": "#blacknightshade", "uv": [ 0.0, 0.0, 0.5, 1.0 ], "enabled": false },
										"west": { "texture": "#blacknightshade", "uv": [ 0.0, 0.0, 0.5, 1.0 ], "enabled": false },
										"up": { "texture": "#blacknightshade", "uv": [ 0.0, 0.0, 0.5, 0.5 ], "enabled": false },
										"down": { "texture": "#blacknightshade", "uv": [ 0.0, 0.0, 0.5, 0.5 ], "enabled": false }
									}
								},
								{
									"name": "Cube28",
									"from": [ 0.0, 0.0, -0.5 ], 
									"to": [ 0.0, 1.0, 0.0 ], 
									"rotationOrigin": [ 0.0, 0.0, 0.0 ],
									"rotationY": -22.5,
									"faces": {
										"north": { "texture": "#blacknightshade", "uv": [ 0.0, 0.0, 0.5, 1.0 ], "enabled": false },
										"east": { "texture": "#blacknightshade", "uv": [ 3.0, 4.0, 3.5, 5.0 ] },
										"south": { "texture": "#blacknightshade", "uv": [ 0.0, 0.0, 0.5, 1.0 ], "enabled": false },
										"west": { "texture": "#blacknightshade", "uv": [ 0.0, 0.0, 0.5, 1.0 ], "enabled": false },
										"up": { "texture": "#blacknightshade", "uv": [ 0.0, 0.0, 0.5, 0.5 ], "enabled": false },
										"down": { "texture": "#blacknightshade", "uv": [ 0.0, 0.0, 0.5, 0.5 ], "enabled": false }
									}
								}
							]
						}
					]
				},
				{
					"name": "berry3stem1",
					"from": [ 1.3, 0.6, -0.3 ], 
					"to": [ 5.3, 1.1, 0.2 ], 
					"rotationOrigin": [ 1.5, 0.9, 0.0 ],
					"rotationY": 20.0,
					"rotationZ": -22.5,
					"faces": {
						"north": { "texture": "#blacknightshade", "uv": [ 3.0, 0.0, 3.5, 4.0 ], "rotation": 90, "autoUv": false },
						"east": { "texture": "#blacknightshade", "uv": [ 3.0, 2.0, 3.5, 2.5 ] },
						"south": { "texture": "#blacknightshade", "uv": [ 2.5, 1.0, 3.0, 5.0 ], "rotation": 90, "autoUv": false },
						"west": { "texture": "#blacknightshade", "uv": [ 0.0, 0.0, 0.5, 0.5 ], "enabled": false },
						"up": { "texture": "#blacknightshade", "uv": [ 3.0, 0.0, 3.5, 4.0 ], "rotation": 90, "autoUv": false },
						"down": { "texture": "#blacknightshade", "uv": [ 2.5, 0.0, 3.0, 4.0 ], "rotation": 90, "autoUv": false }
					}
				},
				{
					"name": "berry3stem3",
					"from": [ 4.51, -1.7259, -0.8677 ], 
					"to": [ 7.01, -1.2259, -0.3677 ], 
					"rotationOrigin": [ 6.89, -1.2459, -0.5677 ],
					"rotationX": -30.269,
					"rotationY": -4.323,
					"rotationZ": -29.649,
					"faces": {
						"north": { "texture": "#blacknightshade", "uv": [ 3.0, 1.0, 3.5, 3.5 ], "rotation": 90, "autoUv": false },
						"east": { "texture": "#blacknightshade", "uv": [ 3.0, 3.5, 3.5, 4.0 ] },
						"south": { "texture": "#blacknightshade", "uv": [ 2.5, 0.0, 3.0, 2.5 ], "rotation": 90, "autoUv": false },
						"west": { "texture": "#blacknightshade", "uv": [ 3.0, 1.5, 3.5, 2.0 ], "windMode": [-1,-1,-1,-1] },
						"up": { "texture": "#blacknightshade", "uv": [ 3.0, 2.5, 3.5, 5.0 ], "rotation": 90, "autoUv": false, "windMode": [-1,-1,-1,-1] },
						"down": { "texture": "#blacknightshade", "uv": [ 2.5, 1.0, 3.0, 3.5 ], "rotation": 90, "autoUv": false }
					}
				},
				{
					"name": "berry1stem1",
					"from": [ 2.8177, -1.2155, -2.936 ], 
					"to": [ 4.8177, -0.7155, -2.436 ], 
					"rotationOrigin": [ 2.8177, -0.9155, -2.636 ],
					"rotationX": 8.656,
					"rotationY": -17.293,
					"rotationZ": -7.862,
					"faces": {
						"north": { "texture": "#blacknightshade", "uv": [ 2.5, 1.5, 3.0, 3.5 ], "rotation": 90, "autoUv": false },
						"east": { "texture": "#blacknightshade", "uv": [ 3.0, 2.5, 3.5, 3.0 ] },
						"south": { "texture": "#blacknightshade", "uv": [ 3.0, 1.0, 3.5, 3.0 ], "rotation": 90, "autoUv": false },
						"west": { "texture": "#blacknightshade", "uv": [ 0.0, 0.0, 0.5, 0.5 ], "enabled": false },
						"up": { "texture": "#blacknightshade", "uv": [ 3.0, 2.0, 3.5, 4.0 ], "rotation": 90, "autoUv": false },
						"down": { "texture": "#blacknightshade", "uv": [ 2.5, 2.0, 3.0, 4.0 ], "rotation": 90, "autoUv": false }
					},
					"children": [
						{
							"name": "berry1stem2",
							"from": [ 1.9, 0.02, 0.0 ], 
							"to": [ 4.4, 0.52, 0.5 ], 
							"rotationOrigin": [ 2.0, 0.3, 0.3 ],
							"rotationY": -25.0,
							"faces": {
								"north": { "texture": "#blacknightshade", "uv": [ 3.0, 0.0, 3.5, 2.5 ], "rotation": 90, "autoUv": false },
								"east": { "texture": "#blacknightshade", "uv": [ 2.5, 3.5, 3.0, 4.0 ] },
								"south": { "texture": "#blacknightshade", "uv": [ 2.5, 0.5, 3.0, 3.0 ], "rotation": 90, "autoUv": false },
								"west": { "texture": "#blacknightshade", "uv": [ 0.0, 0.0, 0.5, 0.5 ], "enabled": false },
								"up": { "texture": "#blacknightshade", "uv": [ 2.5, 2.5, 3.0, 5.0 ], "rotation": 90, "autoUv": false },
								"down": { "texture": "#blacknightshade", "uv": [ 3.0, 2.0, 3.5, 4.5 ], "rotation": 90, "autoUv": false }
							}
						}
					]
				},
				{
					"name": "berry2stem1",
					"from": [ 3.4193, -1.6318, -0.8181 ], 
					"to": [ 6.4193, -1.1318, -0.3181 ], 
					"rotationOrigin": [ 3.4193, -1.3318, -0.5181 ],
					"rotationX": -4.058,
					"rotationY": 4.463,
					"rotationZ": -6.889,
					"faces": {
						"north": { "texture": "#blacknightshade", "uv": [ 3.0, 2.0, 3.5, 5.0 ], "rotation": 90, "autoUv": false },
						"east": { "texture": "#blacknightshade", "uv": [ 2.5, 2.5, 3.0, 3.0 ] },
						"south": { "texture": "#blacknightshade", "uv": [ 2.5, 2.0, 3.0, 5.0 ], "rotation": 90, "autoUv": false },
						"west": { "texture": "#blacknightshade", "uv": [ 0.0, 0.0, 0.5, 0.5 ], "enabled": false },
						"up": { "texture": "#blacknightshade", "uv": [ 3.0, 1.0, 3.5, 4.0 ], "rotation": 90, "autoUv": false },
						"down": { "texture": "#blacknightshade", "uv": [ 2.5, 0.0, 3.0, 3.0 ], "rotation": 90, "autoUv": false }
					}
				}
			]
		},
		{
			"name": "berry4",
			"from": [ 6.7, 0.1, 9.9 ], 
			"to": [ 8.7, 2.1, 11.9 ], 
			"rotationOrigin": [ 9.41, 1.0, 10.7132 ],
			"rotationX": 22.5,
			"rotationY": 22.5,
			"rotationZ": -4.0,
			"faces": {
				"north": { "texture": "#blacknightshade", "uv": [ 0.0, 0.0, 2.0, 2.0 ], "rotation": 90 },
				"east": { "texture": "#blacknightshade", "uv": [ 0.0, 0.0, 2.0, 2.0 ] },
				"south": { "texture": "#blacknightshade", "uv": [ 0.0, 0.0, 2.0, 2.0 ], "rotation": 90 },
				"west": { "texture": "#blacknightshade", "uv": [ 0.0, 0.0, 2.0, 2.0 ] },
				"up": { "texture": "#blacknightshade", "uv": [ 0.0, 0.0, 2.0, 2.0 ], "rotation": 90 },
				"down": { "texture": "#blacknightshade", "uv": [ 0.0, 0.5, 2.0, 2.5 ], "rotation": 90 }
			},
			"children": [
				{
					"name": "Cube16",
					"from": [ 2.0, 0.5, 0.5 ], 
					"to": [ 2.5, 1.5, 1.5 ], 
					"rotationOrigin": [ 2.0, 0.0, 0.0 ],
					"faces": {
						"north": { "texture": "#blacknightshade", "uv": [ 3.0, 2.0, 3.5, 3.0 ] },
						"east": { "texture": "#blacknightshade", "uv": [ 2.5, 2.0, 3.5, 3.0 ] },
						"south": { "texture": "#blacknightshade", "uv": [ 2.5, 1.0, 3.0, 2.0 ] },
						"west": { "texture": "#blacknightshade", "uv": [ 2.5, 2.5, 3.5, 3.5 ], "enabled": false },
						"up": { "texture": "#blacknightshade", "uv": [ 3.0, 3.5, 3.5, 4.5 ] },
						"down": { "texture": "#blacknightshade", "uv": [ 3.0, 2.0, 3.5, 3.0 ] }
					},
					"children": [
						{
							"name": "Cube29",
							"from": [ 0.0, 1.0, 0.0 ], 
							"to": [ 0.0, 1.5, 1.0 ], 
							"rotationOrigin": [ 0.0, 1.0, 0.0 ],
							"rotationZ": -22.5,
							"faces": {
								"north": { "texture": "#blacknightshade", "uv": [ 0.0, 0.0, 0.5, 0.5 ], "enabled": false },
								"east": { "texture": "#blacknightshade", "uv": [ 2.5, 1.5, 3.5, 2.0 ] },
								"south": { "texture": "#blacknightshade", "uv": [ 0.0, 0.0, 0.5, 0.5 ], "enabled": false },
								"west": { "texture": "#blacknightshade", "uv": [ 0.0, 0.0, 1.0, 0.5 ], "enabled": false },
								"up": { "texture": "#blacknightshade", "uv": [ 0.0, 0.0, 0.5, 1.0 ], "enabled": false },
								"down": { "texture": "#blacknightshade", "uv": [ 0.0, 0.0, 0.5, 1.0 ], "enabled": false }
							}
						},
						{
							"name": "Cube30",
							"from": [ 0.0, -0.5, 0.0 ], 
							"to": [ 0.0, 0.0, 1.0 ], 
							"rotationOrigin": [ 0.0, 0.0, 0.0 ],
							"rotationZ": 22.5,
							"faces": {
								"north": { "texture": "#blacknightshade", "uv": [ 0.0, 0.0, 0.5, 0.5 ], "enabled": false },
								"east": { "texture": "#blacknightshade", "uv": [ 2.5, 2.5, 3.5, 3.0 ] },
								"south": { "texture": "#blacknightshade", "uv": [ 0.0, 0.0, 0.5, 0.5 ], "enabled": false },
								"west": { "texture": "#blacknightshade", "uv": [ 0.0, 0.0, 1.0, 0.5 ], "enabled": false },
								"up": { "texture": "#blacknightshade", "uv": [ 0.0, 0.0, 0.5, 1.0 ], "enabled": false },
								"down": { "texture": "#blacknightshade", "uv": [ 0.0, 0.0, 0.5, 1.0 ], "enabled": false }
							}
						},
						{
							"name": "Cube31",
							"from": [ 0.0, 0.0, 1.0 ], 
							"to": [ 0.0, 1.0, 1.5 ], 
							"rotationOrigin": [ 0.0, 0.0, 1.0 ],
							"rotationY": 22.5,
							"faces": {
								"north": { "texture": "#blacknightshade", "uv": [ 0.0, 0.0, 0.5, 1.0 ], "enabled": false },
								"east": { "texture": "#blacknightshade", "uv": [ 3.0, 2.5, 3.5, 3.5 ] },
								"south": { "texture": "#blacknightshade", "uv": [ 0.0, 0.0, 0.5, 1.0 ], "enabled": false },
								"west": { "texture": "#blacknightshade", "uv": [ 0.0, 0.0, 0.5, 1.0 ], "enabled": false },
								"up": { "texture": "#blacknightshade", "uv": [ 0.0, 0.0, 0.5, 0.5 ], "enabled": false },
								"down": { "texture": "#blacknightshade", "uv": [ 0.0, 0.0, 0.5, 0.5 ], "enabled": false }
							}
						},
						{
							"name": "Cube32",
							"from": [ 0.0, 0.0, -0.5 ], 
							"to": [ 0.0, 1.0, 0.0 ], 
							"rotationOrigin": [ 0.0, 0.0, 0.0 ],
							"rotationY": -22.5,
							"faces": {
								"north": { "texture": "#blacknightshade", "uv": [ 0.0, 0.0, 0.5, 1.0 ], "enabled": false },
								"east": { "texture": "#blacknightshade", "uv": [ 3.0, 2.5, 3.5, 3.5 ] },
								"south": { "texture": "#blacknightshade", "uv": [ 0.0, 0.0, 0.5, 1.0 ], "enabled": false },
								"west": { "texture": "#blacknightshade", "uv": [ 0.0, 0.0, 0.5, 1.0 ], "enabled": false },
								"up": { "texture": "#blacknightshade", "uv": [ 0.0, 0.0, 0.5, 0.5 ], "enabled": false },
								"down": { "texture": "#blacknightshade", "uv": [ 0.0, 0.0, 0.5, 0.5 ], "enabled": false }
							}
						}
					]
				}
			]
		},
		{
			"name": "berry4stem1",
			"from": [ 9.2291, 0.7, 10.8394 ], 
			"to": [ 11.2291, 1.2, 11.3394 ], 
			"rotationOrigin": [ 9.2291, 1.0, 11.1394 ],
			"rotationY": 35.0,
			"faces": {
				"north": { "texture": "#blacknightshade", "uv": [ 3.0, 1.0, 3.5, 3.0 ], "rotation": 90, "autoUv": false },
				"east": { "texture": "#blacknightshade", "uv": [ 2.5, 2.5, 3.0, 3.0 ] },
				"south": { "texture": "#blacknightshade", "uv": [ 2.5, 1.5, 3.0, 3.5 ], "rotation": 90, "autoUv": false },
				"west": { "texture": "#blacknightshade", "uv": [ 0.0, 0.0, 0.5, 0.5 ], "enabled": false },
				"up": { "texture": "#blacknightshade", "uv": [ 3.0, 3.0, 3.5, 5.0 ], "rotation": 90, "autoUv": false },
				"down": { "texture": "#blacknightshade", "uv": [ 3.0, 3.0, 3.5, 5.0 ], "rotation": 90, "autoUv": false }
			},
			"children": [
				{
					"name": "berry4stem2",
					"from": [ 1.8, 0.0, 0.05 ], 
					"to": [ 3.8, 0.5, 0.55 ], 
					"rotationOrigin": [ 1.8, 0.3, 0.3 ],
					"rotationY": 30.0,
					"rotationZ": 10.0,
					"faces": {
						"north": { "texture": "#blacknightshade", "uv": [ 2.5, 0.0, 3.0, 2.0 ], "rotation": 90, "autoUv": false },
						"east": { "texture": "#blacknightshade", "uv": [ 3.0, 2.5, 3.5, 3.0 ] },
						"south": { "texture": "#blacknightshade", "uv": [ 3.0, 1.0, 3.5, 3.0 ], "rotation": 90 },
						"west": { "texture": "#blacknightshade", "uv": [ 0.0, 0.0, 0.5, 0.5 ], "enabled": false },
						"up": { "texture": "#blacknightshade", "uv": [ 2.5, 2.0, 3.0, 4.0 ], "rotation": 90 },
						"down": { "texture": "#blacknightshade", "uv": [ 3.0, 2.0, 3.5, 4.0 ], "rotation": 90 }
					}
				}
			]
		}
	]}