{
	"editor": {
		"allAngles": false,
		"entityTextureMode": false
	},
	"textureWidth": 8,
	"textureHeight": 8,
	"textureSizes": {
	},
	"textures": {
		"cashewnut": "items/fruit/cashewnut"
	},
	"elements": [
		{
			"name": "origin",
			"from": [ 9.7, 0.6, 8.0 ], 
			"to": [ 9.7, 0.6, 8.0 ], 
			"rotationOrigin": [ 9.0, 1.0, 8.0 ],
			"rotationZ": -22.5,
			"faces": {
				"north": { "texture": "#cashewnut", "uv": [ 0.0, 0.0, 0.5, 0.5 ], "enabled": false },
				"east": { "texture": "#cashewnut", "uv": [ 0.0, 0.0, 0.5, 0.5 ], "enabled": false },
				"south": { "texture": "#cashewnut", "uv": [ 0.0, 0.0, 0.5, 0.5 ], "enabled": false },
				"west": { "texture": "#cashewnut", "uv": [ 0.0, 0.0, 0.5, 0.5 ], "enabled": false },
				"up": { "texture": "#cashewnut", "uv": [ 0.0, 0.0, 0.5, 0.5 ], "enabled": false },
				"down": { "texture": "#cashewnut", "uv": [ 0.0, 0.0, 0.5, 0.5 ], "enabled": false }
			},
			"children": [
				{
					"name": "bottom",
					"from": [ -2.0, 0.0, -2.0 ], 
					"to": [ 0.0, 2.0, 0.0 ], 
					"rotationOrigin": [ 0.0, 0.0, 0.0 ],
					"rotationY": -45.0,
					"faces": {
						"north": { "texture": "#cashewnut", "uv": [ 0.0, 0.0, 2.0, 2.0 ], "rotation": 90, "windMode": [-1,-1,-1,-1] },
						"east": { "texture": "#cashewnut", "uv": [ 0.0, 0.0, 2.0, 2.0 ], "rotation": 90, "windMode": [-1,-1,-1,-1] },
						"south": { "texture": "#cashewnut", "uv": [ 0.0, 1.0, 2.0, 3.0 ], "rotation": 90, "windMode": [-1,-1,-1,-1] },
						"west": { "texture": "#cashewnut", "uv": [ 3.0, 0.0, 5.0, 2.0 ], "windMode": [-1,-1,-1,-1] },
						"up": { "texture": "#cashewnut", "uv": [ 0.0, 0.5, 2.0, 2.5 ], "rotation": 90, "windMode": [-1,-1,-1,-1] },
						"down": { "texture": "#cashewnut", "uv": [ 0.0, 1.0, 2.0, 3.0 ], "rotation": 90, "windMode": [-1,-1,-1,-1] }
					},
					"children": [
						{
							"name": "Cube1",
							"from": [ 2.0, 0.24, 0.0 ], 
							"to": [ 4.0, 1.72, 1.5 ], 
							"rotationOrigin": [ 2.0, 0.0, 0.0 ],
							"rotationY": -22.5,
							"faces": {
								"north": { "texture": "#cashewnut", "uv": [ 0.0, 1.5, 1.5, 3.5 ], "rotation": 90, "autoUv": false },
								"east": { "texture": "#cashewnut", "uv": [ 0.0, 0.0, 1.5, 1.5 ], "autoUv": false },
								"south": { "texture": "#cashewnut", "uv": [ 0.0, 0.0, 1.5, 2.0 ], "rotation": 90, "autoUv": false },
								"west": { "texture": "#cashewnut", "uv": [ 0.0, 0.0, 1.5, 1.5 ], "rotation": 90, "autoUv": false },
								"up": { "texture": "#cashewnut", "uv": [ 0.5, 0.0, 2.0, 2.0 ], "rotation": 90 },
								"down": { "texture": "#cashewnut", "uv": [ 0.5, 0.0, 2.0, 2.0 ], "rotation": 90 }
							},
							"children": [
								{
									"name": "Cube4",
									"from": [ 2.0, -0.01, 0.0 ], 
									"to": [ 3.5, 1.5, 1.5 ], 
									"rotationOrigin": [ 2.0, 0.0, 0.0 ],
									"rotationY": -45.0,
									"faces": {
										"north": { "texture": "#cashewnut", "uv": [ 4.5, 1.0, 6.0, 2.5 ], "rotation": 90 },
										"east": { "texture": "#cashewnut", "uv": [ 3.5, 0.0, 5.0, 1.5 ] },
										"south": { "texture": "#cashewnut", "uv": [ 1.5, 0.5, 3.0, 2.0 ] },
										"west": { "texture": "#cashewnut", "uv": [ 0.0, 0.0, 1.5, 1.5 ] },
										"up": { "texture": "#cashewnut", "uv": [ 0.5, 1.0, 2.0, 2.5 ], "rotation": 90 },
										"down": { "texture": "#cashewnut", "uv": [ 4.5, 0.5, 6.0, 2.0 ], "rotation": 90 }
									}
								}
							]
						}
					]
				}
			]
		},
		{
			"name": "origin5",
			"from": [ 6.1, 0.0, 9.5 ], 
			"to": [ 6.1, 0.0, 9.5 ], 
			"rotationOrigin": [ 7.0, 0.0, 9.0 ],
			"rotationX": 25.0,
			"rotationY": -135.0,
			"faces": {
				"north": { "texture": "#cashewnut", "uv": [ 0.0, 0.0, 0.5, 0.5 ], "enabled": false },
				"east": { "texture": "#cashewnut", "uv": [ 0.0, 0.0, 0.5, 0.5 ], "enabled": false },
				"south": { "texture": "#cashewnut", "uv": [ 0.0, 0.0, 0.5, 0.5 ], "enabled": false },
				"west": { "texture": "#cashewnut", "uv": [ 0.0, 0.0, 0.5, 0.5 ], "enabled": false },
				"up": { "texture": "#cashewnut", "uv": [ 0.0, 0.0, 0.5, 0.5 ], "enabled": false },
				"down": { "texture": "#cashewnut", "uv": [ 0.0, 0.0, 0.5, 0.5 ], "enabled": false }
			},
			"children": [
				{
					"name": "bottom6",
					"from": [ -2.0, 0.0, -2.0 ], 
					"to": [ 0.0, 2.0, 0.0 ], 
					"rotationOrigin": [ 0.0, 0.0, 0.0 ],
					"rotationY": -45.0,
					"faces": {
						"north": { "texture": "#cashewnut", "uv": [ 0.0, 0.0, 2.0, 2.0 ], "rotation": 90 },
						"east": { "texture": "#cashewnut", "uv": [ 0.0, 0.0, 2.0, 2.0 ], "rotation": 90 },
						"south": { "texture": "#cashewnut", "uv": [ 0.0, 1.0, 2.0, 3.0 ], "rotation": 90 },
						"west": { "texture": "#cashewnut", "uv": [ 3.0, 0.0, 5.0, 2.0 ] },
						"up": { "texture": "#cashewnut", "uv": [ 0.0, 0.5, 2.0, 2.5 ], "rotation": 90 },
						"down": { "texture": "#cashewnut", "uv": [ 0.0, 1.0, 2.0, 3.0 ], "rotation": 90 }
					},
					"children": [
						{
							"name": "Cube7",
							"from": [ 2.0, 0.24, 0.0 ], 
							"to": [ 4.0, 1.72, 1.5 ], 
							"rotationOrigin": [ 2.0, 0.0, 0.0 ],
							"rotationY": -22.5,
							"faces": {
								"north": { "texture": "#cashewnut", "uv": [ 0.0, 1.5, 1.5, 3.5 ], "rotation": 90, "autoUv": false },
								"east": { "texture": "#cashewnut", "uv": [ 0.0, 0.0, 1.5, 1.5 ], "autoUv": false },
								"south": { "texture": "#cashewnut", "uv": [ 0.0, 0.0, 1.5, 2.0 ], "rotation": 90, "autoUv": false },
								"west": { "texture": "#cashewnut", "uv": [ 0.0, 0.0, 1.5, 1.5 ], "rotation": 90, "autoUv": false },
								"up": { "texture": "#cashewnut", "uv": [ 0.5, 0.0, 2.0, 2.0 ], "rotation": 90 },
								"down": { "texture": "#cashewnut", "uv": [ 0.5, 0.0, 2.0, 2.0 ], "rotation": 90 }
							},
							"children": [
								{
									"name": "Cube8",
									"from": [ 2.0, -0.01, 0.0 ], 
									"to": [ 3.5, 1.5, 1.5 ], 
									"rotationOrigin": [ 2.0, 0.0, 0.0 ],
									"rotationY": -45.0,
									"faces": {
										"north": { "texture": "#cashewnut", "uv": [ 4.5, 1.0, 6.0, 2.5 ], "rotation": 90 },
										"east": { "texture": "#cashewnut", "uv": [ 3.5, 0.0, 5.0, 1.5 ] },
										"south": { "texture": "#cashewnut", "uv": [ 1.5, 0.5, 3.0, 2.0 ] },
										"west": { "texture": "#cashewnut", "uv": [ 0.0, 0.0, 1.5, 1.5 ] },
										"up": { "texture": "#cashewnut", "uv": [ 0.5, 1.0, 2.0, 2.5 ], "rotation": 90 },
										"down": { "texture": "#cashewnut", "uv": [ 4.5, 0.5, 6.0, 2.0 ], "rotation": 90 }
									}
								}
							]
						}
					]
				}
			]
		},
		{
			"name": "origin9",
			"from": [ 7.2, 3.0, 8.5 ], 
			"to": [ 7.2, 3.0, 8.5 ], 
			"rotationOrigin": [ 7.0, 3.0, 8.0 ],
			"rotationX": -67.5,
			"rotationY": 13.0,
			"rotationZ": -22.5,
			"faces": {
				"north": { "texture": "#cashewnut", "uv": [ 0.0, 0.0, 0.5, 0.5 ], "enabled": false },
				"east": { "texture": "#cashewnut", "uv": [ 0.0, 0.0, 0.5, 0.5 ], "enabled": false },
				"south": { "texture": "#cashewnut", "uv": [ 0.0, 0.0, 0.5, 0.5 ], "enabled": false },
				"west": { "texture": "#cashewnut", "uv": [ 0.0, 0.0, 0.5, 0.5 ], "enabled": false },
				"up": { "texture": "#cashewnut", "uv": [ 0.0, 0.0, 0.5, 0.5 ], "enabled": false },
				"down": { "texture": "#cashewnut", "uv": [ 0.0, 0.0, 0.5, 0.5 ], "enabled": false }
			},
			"children": [
				{
					"name": "bottom10",
					"from": [ -2.0, 0.0, -2.0 ], 
					"to": [ 0.0, 2.0, 0.0 ], 
					"rotationOrigin": [ 0.0, 0.0, 0.0 ],
					"rotationY": -45.0,
					"faces": {
						"north": { "texture": "#cashewnut", "uv": [ 0.0, 0.0, 2.0, 2.0 ], "rotation": 90 },
						"east": { "texture": "#cashewnut", "uv": [ 0.0, 0.0, 2.0, 2.0 ], "rotation": 90 },
						"south": { "texture": "#cashewnut", "uv": [ 0.0, 1.0, 2.0, 3.0 ], "rotation": 90 },
						"west": { "texture": "#cashewnut", "uv": [ 3.0, 0.0, 5.0, 2.0 ] },
						"up": { "texture": "#cashewnut", "uv": [ 0.0, 0.5, 2.0, 2.5 ], "rotation": 90 },
						"down": { "texture": "#cashewnut", "uv": [ 0.0, 1.0, 2.0, 3.0 ], "rotation": 90 }
					},
					"children": [
						{
							"name": "Cube11",
							"from": [ 2.0, 0.24, 0.0 ], 
							"to": [ 4.0, 1.72, 1.5 ], 
							"rotationOrigin": [ 2.0, 0.0, 0.0 ],
							"rotationY": -22.5,
							"faces": {
								"north": { "texture": "#cashewnut", "uv": [ 0.0, 1.5, 1.5, 3.5 ], "rotation": 90, "autoUv": false },
								"east": { "texture": "#cashewnut", "uv": [ 0.0, 0.0, 1.5, 1.5 ], "autoUv": false },
								"south": { "texture": "#cashewnut", "uv": [ 0.0, 0.0, 1.5, 2.0 ], "rotation": 90, "autoUv": false },
								"west": { "texture": "#cashewnut", "uv": [ 0.0, 0.0, 1.5, 1.5 ], "rotation": 90, "autoUv": false },
								"up": { "texture": "#cashewnut", "uv": [ 0.5, 0.0, 2.0, 2.0 ], "rotation": 90 },
								"down": { "texture": "#cashewnut", "uv": [ 0.5, 0.0, 2.0, 2.0 ], "rotation": 90 }
							},
							"children": [
								{
									"name": "Cube12",
									"from": [ 2.0, -0.01, 0.0 ], 
									"to": [ 3.5, 1.5, 1.5 ], 
									"rotationOrigin": [ 2.0, 0.0, 0.0 ],
									"rotationY": -45.0,
									"faces": {
										"north": { "texture": "#cashewnut", "uv": [ 4.5, 1.0, 6.0, 2.5 ], "rotation": 90 },
										"east": { "texture": "#cashewnut", "uv": [ 3.5, 0.0, 5.0, 1.5 ] },
										"south": { "texture": "#cashewnut", "uv": [ 1.5, 0.5, 3.0, 2.0 ] },
										"west": { "texture": "#cashewnut", "uv": [ 0.0, 0.0, 1.5, 1.5 ] },
										"up": { "texture": "#cashewnut", "uv": [ 0.5, 1.0, 2.0, 2.5 ], "rotation": 90 },
										"down": { "texture": "#cashewnut", "uv": [ 4.5, 0.5, 6.0, 2.0 ], "rotation": 90 }
									}
								}
							]
						}
					]
				}
			]
		}
	]}