{
	"editor": {
		"allAngles": false,
		"entityTextureMode": false
	},
	"textureWidth": 16,
	"textureHeight": 16,
	"textureSizes": {
	},
	"textures": {
		"cheeseberry": "items/fruit/cheeseberry"
	},
	"elements": [
		{
			"name": "Apricot",
			"from": [ 5.0, 0.5, 4.25 ], 
			"to": [ 6.5, 2.5, 6.25 ], 
			"rotationOrigin": [ 7.0, 0.0, 6.0 ],
			"rotationX": 45.0,
			"rotationY": -45.0,
			"rotationZ": -22.5,
			"faces": {
				"north": { "texture": "#cheeseberry", "uv": [ 6.0, 0.0, 10.0, 3.0 ], "rotation": 90, "autoUv": false },
				"east": { "texture": "#cheeseberry", "uv": [ 0.0, 6.0, 4.0, 10.0 ], "autoUv": false },
				"south": { "texture": "#cheeseberry", "uv": [ 6.0, 0.0, 10.0, 3.0 ], "rotation": 90, "autoUv": false },
				"west": { "texture": "#cheeseberry", "uv": [ 0.0, 0.0, 4.0, 4.0 ], "autoUv": false },
				"up": { "texture": "#cheeseberry", "uv": [ 6.0, 0.0, 10.0, 3.0 ], "rotation": 90, "autoUv": false },
				"down": { "texture": "#cheeseberry", "uv": [ 6.0, 0.0, 10.0, 3.0 ], "rotation": 90, "autoUv": false }
			},
			"children": [
				{
					"name": "Cube1",
					"from": [ 1.5, 1.25, 0.0 ], 
					"to": [ 1.5, 3.25, 2.5 ], 
					"rotationOrigin": [ 1.5, 1.25, 1.25 ],
					"rotationX": 45.0,
					"rotationY": -16.0,
					"rotationZ": -29.0,
					"faces": {
						"north": { "texture": "#cheeseberry", "uv": [ 0.0, 0.0, 0.5, 2.0 ], "enabled": false },
						"east": { "texture": "#cheeseberry", "uv": [ 0.0, 0.0, 2.5, 2.0 ], "enabled": false },
						"south": { "texture": "#cheeseberry", "uv": [ 0.0, 0.0, 0.5, 2.0 ], "enabled": false },
						"west": { "texture": "#cheeseberry", "uv": [ 6.0, 5.0, 11.0, 9.0 ], "autoUv": false },
						"up": { "texture": "#cheeseberry", "uv": [ 0.0, 0.0, 0.5, 2.5 ], "enabled": false },
						"down": { "texture": "#cheeseberry", "uv": [ 0.0, 0.0, 0.5, 2.5 ], "enabled": false }
					}
				}
			]
		},
		{
			"name": "Apricot6",
			"from": [ 7.0, 0.5, 9.25 ], 
			"to": [ 8.5, 2.5, 11.25 ], 
			"rotationOrigin": [ 9.0, 0.0, 11.0 ],
			"rotationX": -45.0,
			"rotationY": 112.5,
			"rotationZ": -22.5,
			"faces": {
				"north": { "texture": "#cheeseberry", "uv": [ 6.0, 0.0, 10.0, 3.0 ], "rotation": 90, "autoUv": false },
				"east": { "texture": "#cheeseberry", "uv": [ 0.0, 6.0, 4.0, 10.0 ], "autoUv": false },
				"south": { "texture": "#cheeseberry", "uv": [ 6.0, 0.0, 10.0, 3.0 ], "rotation": 90, "autoUv": false },
				"west": { "texture": "#cheeseberry", "uv": [ 0.0, 0.0, 4.0, 4.0 ], "rotation": 180, "autoUv": false },
				"up": { "texture": "#cheeseberry", "uv": [ 6.0, 0.0, 10.0, 3.0 ], "rotation": 90, "autoUv": false },
				"down": { "texture": "#cheeseberry", "uv": [ 6.0, 0.0, 10.0, 3.0 ], "rotation": 90, "autoUv": false }
			},
			"children": [
				{
					"name": "Cube5",
					"from": [ 1.4, -0.3, -1.8 ], 
					"to": [ 1.4, 2.2, 1.2 ], 
					"rotationOrigin": [ 1.5, 1.0, 1.3 ],
					"rotationX": 31.0,
					"rotationY": -18.0,
					"faces": {
						"north": { "texture": "#cheeseberry", "uv": [ 0.0, 0.0, 1.0, 2.0 ], "enabled": false },
						"east": { "texture": "#cheeseberry", "uv": [ 6.0, 5.0, 11.0, 11.0 ], "rotation": 90, "autoUv": false },
						"south": { "texture": "#cheeseberry", "uv": [ 0.0, 0.0, 1.0, 2.0 ], "enabled": false },
						"west": { "texture": "#cheeseberry", "uv": [ 0.0, 0.0, 3.0, 2.0 ], "enabled": false },
						"up": { "texture": "#cheeseberry", "uv": [ 0.0, 0.0, 1.0, 3.0 ], "enabled": false },
						"down": { "texture": "#cheeseberry", "uv": [ 0.0, 0.0, 1.0, 3.0 ], "enabled": false }
					}
				}
			]
		},
		{
			"name": "Apricot11",
			"from": [ 10.0, 3.0, 6.25 ], 
			"to": [ 11.5, 5.0, 8.25 ], 
			"rotationOrigin": [ 12.0, 2.5, 8.0 ],
			"rotationX": -22.5,
			"rotationZ": 67.5,
			"faces": {
				"north": { "texture": "#cheeseberry", "uv": [ 6.0, 0.0, 10.0, 3.0 ], "rotation": 90, "autoUv": false },
				"east": { "texture": "#cheeseberry", "uv": [ 0.0, 6.0, 4.0, 10.0 ], "autoUv": false },
				"south": { "texture": "#cheeseberry", "uv": [ 6.0, 0.0, 10.0, 3.0 ], "rotation": 90, "autoUv": false },
				"west": { "texture": "#cheeseberry", "uv": [ 0.0, 0.0, 4.0, 4.0 ], "rotation": 90, "autoUv": false },
				"up": { "texture": "#cheeseberry", "uv": [ 6.0, 0.0, 10.0, 3.0 ], "rotation": 270, "autoUv": false },
				"down": { "texture": "#cheeseberry", "uv": [ 6.0, 0.0, 10.0, 3.0 ], "rotation": 90, "autoUv": false }
			},
			"children": [
				{
					"name": "Cube6",
					"from": [ 1.5, 0.8, -0.3 ], 
					"to": [ 1.5, 2.8, 1.7 ], 
					"rotationOrigin": [ 1.5, 1.3, 1.2 ],
					"rotationX": -32.0,
					"rotationY": -22.5,
					"rotationZ": -22.5,
					"faces": {
						"north": { "texture": "#cheeseberry", "uv": [ 0.0, 0.0, 1.0, 2.0 ], "enabled": false },
						"east": { "texture": "#cheeseberry", "uv": [ 6.0, 5.0, 10.0, 9.0 ], "autoUv": false },
						"south": { "texture": "#cheeseberry", "uv": [ 0.0, 0.0, 1.0, 2.0 ], "enabled": false },
						"west": { "texture": "#cheeseberry", "uv": [ 0.0, 0.0, 2.0, 2.0 ], "enabled": false },
						"up": { "texture": "#cheeseberry", "uv": [ 0.0, 0.0, 1.0, 2.0 ], "enabled": false },
						"down": { "texture": "#cheeseberry", "uv": [ 0.0, 0.0, 1.0, 2.0 ], "enabled": false }
					}
				}
			]
		}
	]}