{
	"editor": {
		"allAngles": false,
		"entityTextureMode": false
	},
	"textureWidth": 16,
	"textureHeight": 16,
	"textureSizes": {
	},
	"textures": {
		"fruitleaves": "items/fruit/fruitleaves",
		"ripe": "block/plant/fruittree/citron/ripe"
	},
	"elements": [
		{
			"name": "origin",
			"from": [ 8.0, 0.0, 8.0 ], 
			"to": [ 8.0, 0.0, 8.0 ], 
			"rotationOrigin": [ 8.0, 0.0, 8.0 ],
			"faces": {
				"north": { "texture": "#apple", "uv": [ 0.0, 1.0, 1.0, 2.0 ], "enabled": false },
				"east": { "texture": "#apple", "uv": [ 1.0, 1.0, 2.0, 2.0 ], "enabled": false },
				"south": { "texture": "#apple", "uv": [ 2.0, 1.0, 3.0, 2.0 ], "enabled": false },
				"west": { "texture": "#apple", "uv": [ 3.0, 1.0, 4.0, 2.0 ], "enabled": false },
				"up": { "texture": "#apple", "uv": [ 0.0, 0.0, 1.0, 1.0 ], "enabled": false },
				"down": { "texture": "#apple", "uv": [ 1.0, 0.0, 2.0, 1.0 ], "enabled": false }
			},
			"children": [
				{
					"name": "CitronBody",
					"from": [ -2.0, 0.5, -2.0 ], 
					"to": [ 1.0, 3.5, 2.5 ], 
					"rotationOrigin": [ 0.0, 2.5, 0.0 ],
					"faces": {
						"north": { "texture": "#ripe", "uv": [ 1.5, 5.5, 4.5, 8.5 ] },
						"east": { "texture": "#ripe", "uv": [ 4.0, 11.0, 8.5, 14.0 ] },
						"south": { "texture": "#ripe", "uv": [ 0.0, 11.5, 3.0, 14.5 ] },
						"west": { "texture": "#ripe", "uv": [ 4.0, 3.0, 8.5, 6.0 ] },
						"up": { "texture": "#ripe", "uv": [ 3.0, 8.0, 6.0, 12.5 ] },
						"down": { "texture": "#ripe", "uv": [ 0.0, 8.0, 3.0, 12.5 ] }
					},
					"children": [
						{
							"name": "CitronEndLeft",
							"from": [ 0.5, 0.5, -1.0 ], 
							"to": [ 2.5, 2.5, 0.0 ], 
							"rotationOrigin": [ 1.5, 0.5, 0.5 ],
							"faces": {
								"north": { "texture": "#ripe", "uv": [ 7.5, 10.5, 9.5, 12.5 ] },
								"east": { "texture": "#ripe", "uv": [ 7.5, 12.5, 8.5, 14.5 ] },
								"south": { "texture": "#ripe", "uv": [ 6.5, 10.0, 8.5, 12.0 ], "enabled": false },
								"west": { "texture": "#ripe", "uv": [ 2.5, 2.0, 3.5, 4.0 ] },
								"up": { "texture": "#ripe", "uv": [ 3.5, 9.5, 5.5, 10.5 ] },
								"down": { "texture": "#ripe", "uv": [ 2.0, 4.5, 4.0, 5.5 ], "windMode": [-1,-1,-1,-1] }
							}
						},
						{
							"name": "CitronEndRight",
							"from": [ 0.5, 0.5, 4.5 ], 
							"to": [ 2.5, 2.5, 5.5 ], 
							"rotationOrigin": [ 1.5, 0.5, 4.5 ],
							"faces": {
								"north": { "texture": "#ripe", "uv": [ 8.0, 10.5, 10.0, 12.5 ], "enabled": false },
								"east": { "texture": "#ripe", "uv": [ 7.5, 12.5, 8.5, 14.5 ] },
								"south": { "texture": "#ripe", "uv": [ 6.5, 10.0, 8.5, 12.0 ] },
								"west": { "texture": "#ripe", "uv": [ 2.5, 2.0, 3.5, 4.0 ] },
								"up": { "texture": "#ripe", "uv": [ 3.5, 9.5, 5.5, 10.5 ] },
								"down": { "texture": "#ripe", "uv": [ 2.0, 4.5, 4.0, 5.5 ], "windMode": [-1,-1,-1,-1] }
							}
						}
					]
				},
				{
					"name": "CitronStem",
					"from": [ -0.6, 1.6, -2.82 ], 
					"to": [ -0.1, 3.6, -2.32 ], 
					"rotationOrigin": [ -0.6, 1.6, -2.8243 ],
					"rotationX": -90.0,
					"rotationY": -35.0,
					"faces": {
						"north": { "texture": "#fruitleaves", "uv": [ 13.5, 1.5, 14.0, 3.5 ] },
						"east": { "texture": "#fruitleaves", "uv": [ 14.5, 1.5, 15.0, 3.5 ] },
						"south": { "texture": "#fruitleaves", "uv": [ 14.0, 1.5, 14.5, 3.5 ] },
						"west": { "texture": "#fruitleaves", "uv": [ 14.5, 1.5, 15.0, 3.5 ] },
						"up": { "texture": "#fruitleaves", "uv": [ 13.5, 2.0, 14.0, 2.5 ] },
						"down": { "texture": "#fruitleaves", "uv": [ 7.0, 1.0, 7.5, 1.5 ], "enabled": false }
					},
					"children": [
						{
							"name": "CitronLeaf1",
							"from": [ -2.8, 1.1, 0.3 ], 
							"to": [ 0.7, 3.6, 0.3 ], 
							"rotationOrigin": [ 0.7, 1.1, 0.3 ],
							"rotationY": 11.0,
							"rotationZ": 22.5,
							"faces": {
								"north": { "texture": "#apple", "uv": [ 2.5, 6.5, 6.0, 9.0 ], "enabled": false },
								"east": { "texture": "#apple", "uv": [ 8.0, 7.0, 8.5, 9.5 ], "enabled": false },
								"south": { "texture": "#fruitleaves", "uv": [ 5.0, 4.0, 7.5, 7.5 ], "rotation": 270 },
								"west": { "texture": "#apple", "uv": [ 6.0, 3.5, 6.5, 6.0 ], "enabled": false },
								"up": { "texture": "#apple", "uv": [ 6.0, 8.5, 9.5, 9.0 ], "enabled": false },
								"down": { "texture": "#apple", "uv": [ 8.0, 1.5, 12.0, 2.0 ], "enabled": false, "autoUv": false }
							}
						},
						{
							"name": "CitronLeaf2",
							"from": [ -2.9, -2.0, 0.6 ], 
							"to": [ -0.4, 1.0, 0.6 ], 
							"rotationOrigin": [ 0.0, 1.0, 0.6 ],
							"rotationX": 11.0,
							"rotationY": -134.0,
							"rotationZ": -59.0,
							"faces": {
								"north": { "texture": "#apple", "uv": [ 2.5, 6.5, 5.0, 9.5 ], "enabled": false },
								"east": { "texture": "#apple", "uv": [ 8.0, 7.0, 8.5, 10.0 ], "enabled": false },
								"south": { "texture": "#fruitleaves", "uv": [ 8.5, 5.0, 11.5, 7.5 ], "rotation": 270 },
								"west": { "texture": "#apple", "uv": [ 6.0, 3.5, 6.5, 6.5 ], "enabled": false },
								"up": { "texture": "#apple", "uv": [ 6.0, 8.5, 8.5, 9.0 ], "enabled": false },
								"down": { "texture": "#apple", "uv": [ 8.0, 1.5, 12.0, 2.0 ], "enabled": false, "autoUv": false }
							}
						}
					]
				}
			]
		}
	]}