{
	"editor": {
		"allAngles": false,
		"entityTextureMode": false
	},
	"textureWidth": 8,
	"textureHeight": 8,
	"textureSizes": {
	},
	"textures": {
		"huckleberry": "items/fruit/huckleberry"
	},
	"elements": [
		{
			"name": "origin",
			"from": [ 8.0, 0.0, 8.0 ], 
			"to": [ 8.0, 0.0, 8.0 ], 
			"rotationOrigin": [ 8.0, 0.0, 8.0 ],
			"faces": {
				"north": { "texture": "#huckleberry", "uv": [ 0.0, 0.0, 0.5, 0.5 ], "enabled": false },
				"east": { "texture": "#huckleberry", "uv": [ 0.0, 0.0, 0.5, 0.5 ], "enabled": false },
				"south": { "texture": "#huckleberry", "uv": [ 0.0, 0.0, 0.5, 0.5 ], "enabled": false },
				"west": { "texture": "#huckleberry", "uv": [ 0.0, 0.0, 0.5, 0.5 ], "enabled": false },
				"up": { "texture": "#huckleberry", "uv": [ 0.0, 0.0, 0.5, 0.5 ], "enabled": false },
				"down": { "texture": "#huckleberry", "uv": [ 0.0, 0.0, 0.5, 0.5 ], "enabled": false }
			},
			"children": [
				{
					"name": "berry1",
					"from": [ 0.0, 1.0, 1.16 ], 
					"to": [ 2.0, 3.0, 3.16 ], 
					"rotationOrigin": [ 1.0, 2.2304, 2.1585 ],
					"rotationX": 36.5,
					"rotationY": -45.0,
					"faces": {
						"north": { "texture": "#huckleberry", "uv": [ 0.0, 0.0, 2.0, 2.0 ] },
						"east": { "texture": "#huckleberry", "uv": [ 0.0, 2.0, 2.0, 4.0 ] },
						"south": { "texture": "#huckleberry", "uv": [ 0.0, 2.0, 2.0, 4.0 ] },
						"west": { "texture": "#huckleberry", "uv": [ 0.0, 0.0, 2.0, 2.0 ] },
						"up": { "texture": "#huckleberry", "uv": [ 0.0, 0.0, 2.0, 2.0 ] },
						"down": { "texture": "#huckleberry", "uv": [ 0.0, 2.0, 2.0, 4.0 ] }
					},
					"children": [
						{
							"name": "w1",
							"from": [ 0.0, 1.5, 1.0 ], 
							"to": [ 2.0, 2.5, 1.0 ], 
							"rotationOrigin": [ 1.0, 3.0, 1.0 ],
							"rotationY": -45.0,
							"faces": {
								"north": { "texture": "#huckleberry", "uv": [ 2.5, 0.0, 4.5, 1.0 ] },
								"east": { "texture": "#huckleberry", "uv": [ 0.0, 0.0, 0.5, 1.0 ], "enabled": false },
								"south": { "texture": "#huckleberry", "uv": [ 0.0, 0.0, 2.0, 1.0 ], "enabled": false },
								"west": { "texture": "#huckleberry", "uv": [ 0.0, 0.0, 0.5, 1.0 ], "enabled": false },
								"up": { "texture": "#huckleberry", "uv": [ 0.0, 0.0, 2.0, 0.5 ], "enabled": false },
								"down": { "texture": "#huckleberry", "uv": [ 0.0, 0.0, 2.0, 0.5 ], "enabled": false }
							}
						},
						{
							"name": "e1",
							"from": [ 0.0, 1.5, 1.0 ], 
							"to": [ 2.0, 2.5, 1.0 ], 
							"rotationOrigin": [ 1.0, 3.0, 1.0 ],
							"rotationY": 45.0,
							"faces": {
								"north": { "texture": "#huckleberry", "uv": [ 2.5, 2.0, 4.5, 3.0 ] },
								"east": { "texture": "#huckleberry", "uv": [ 0.0, 0.0, 0.5, 1.0 ], "enabled": false },
								"south": { "texture": "#huckleberry", "uv": [ 0.0, 0.0, 2.0, 1.0 ], "enabled": false },
								"west": { "texture": "#huckleberry", "uv": [ 0.0, 0.0, 0.5, 1.0 ], "enabled": false },
								"up": { "texture": "#huckleberry", "uv": [ 0.0, 0.0, 2.0, 0.5 ], "enabled": false },
								"down": { "texture": "#huckleberry", "uv": [ 0.0, 0.0, 2.0, 0.5 ], "enabled": false }
							}
						}
					]
				},
				{
					"name": "berry2",
					"from": [ -3.0, 0.1585, -2.23 ], 
					"to": [ -1.0, 2.1585, -0.23 ], 
					"rotationOrigin": [ -2.0, 1.1585, -1.2304 ],
					"rotationX": -39.5,
					"rotationY": -16.0,
					"faces": {
						"north": { "texture": "#huckleberry", "uv": [ 0.0, 2.0, 2.0, 4.0 ] },
						"east": { "texture": "#huckleberry", "uv": [ 0.0, 2.0, 2.0, 4.0 ] },
						"south": { "texture": "#huckleberry", "uv": [ 0.0, 0.0, 2.0, 2.0 ] },
						"west": { "texture": "#huckleberry", "uv": [ 0.0, 0.0, 2.0, 2.0 ] },
						"up": { "texture": "#huckleberry", "uv": [ 0.0, 2.0, 2.0, 4.0 ] },
						"down": { "texture": "#huckleberry", "uv": [ 0.0, 0.0, 2.0, 2.0 ] }
					},
					"children": [
						{
							"name": "w2",
							"from": [ 0.0, 1.5, 1.0 ], 
							"to": [ 2.0, 2.5, 1.0 ], 
							"rotationOrigin": [ 1.0, 3.0, 1.0 ],
							"rotationY": -45.0,
							"faces": {
								"north": { "texture": "#huckleberry", "uv": [ 2.5, 2.0, 4.5, 3.0 ] },
								"east": { "texture": "#huckleberry", "uv": [ 0.0, 0.0, 0.5, 1.0 ], "enabled": false },
								"south": { "texture": "#huckleberry", "uv": [ 0.0, 0.0, 2.0, 1.0 ], "enabled": false },
								"west": { "texture": "#huckleberry", "uv": [ 0.0, 0.0, 0.5, 1.0 ], "enabled": false },
								"up": { "texture": "#huckleberry", "uv": [ 0.0, 0.0, 2.0, 0.5 ], "enabled": false },
								"down": { "texture": "#huckleberry", "uv": [ 0.0, 0.0, 2.0, 0.5 ], "enabled": false }
							}
						},
						{
							"name": "e2",
							"from": [ 0.0, 1.5, 1.0 ], 
							"to": [ 2.0, 2.5, 1.0 ], 
							"rotationOrigin": [ 1.0, 3.0, 1.0 ],
							"rotationY": 45.0,
							"faces": {
								"north": { "texture": "#huckleberry", "uv": [ 2.5, 0.0, 4.5, 1.0 ] },
								"east": { "texture": "#huckleberry", "uv": [ 0.0, 0.0, 0.5, 1.0 ], "enabled": false },
								"south": { "texture": "#huckleberry", "uv": [ 0.0, 0.0, 2.0, 1.0 ], "enabled": false },
								"west": { "texture": "#huckleberry", "uv": [ 0.0, 0.0, 0.5, 1.0 ], "enabled": false },
								"up": { "texture": "#huckleberry", "uv": [ 0.0, 0.0, 2.0, 0.5 ], "enabled": false },
								"down": { "texture": "#huckleberry", "uv": [ 0.0, 0.0, 2.0, 0.5 ], "enabled": false }
							}
						}
					]
				},
				{
					"name": "berry3",
					"from": [ 0.0, -0.1, -2.6892 ], 
					"to": [ 2.5, 1.9, -0.1892 ], 
					"rotationOrigin": [ 1.0, 0.4651, -1.6892 ],
					"rotationX": -8.0,
					"rotationY": 21.5,
					"rotationZ": 0.0,
					"faces": {
						"north": { "texture": "#huckleberry", "uv": [ 0.0, 0.0, 2.5, 2.0 ] },
						"east": { "texture": "#huckleberry", "uv": [ 0.0, 0.0, 2.5, 2.0 ] },
						"south": { "texture": "#huckleberry", "uv": [ 0.0, 0.5, 2.5, 2.5 ] },
						"west": { "texture": "#huckleberry", "uv": [ 0.0, 0.5, 2.5, 2.5 ] },
						"up": { "texture": "#huckleberry", "uv": [ 0.0, 0.0, 2.5, 2.5 ] },
						"down": { "texture": "#huckleberry", "uv": [ 0.0, 0.0, 2.5, 2.5 ] }
					},
					"children": [
						{
							"name": "w3",
							"from": [ 0.35, 1.5, 1.0 ], 
							"to": [ 2.35, 2.5, 1.0 ], 
							"rotationOrigin": [ 1.0, 3.0, 1.0 ],
							"rotationY": -45.0,
							"faces": {
								"north": { "texture": "#huckleberry", "uv": [ 2.5, 0.0, 4.5, 1.0 ] },
								"east": { "texture": "#huckleberry", "uv": [ 0.0, 0.0, 0.5, 1.0 ], "enabled": false },
								"south": { "texture": "#huckleberry", "uv": [ 0.0, 0.0, 2.0, 1.0 ], "enabled": false },
								"west": { "texture": "#huckleberry", "uv": [ 0.0, 0.0, 0.5, 1.0 ], "enabled": false },
								"up": { "texture": "#huckleberry", "uv": [ 0.0, 0.0, 2.0, 0.5 ], "enabled": false },
								"down": { "texture": "#huckleberry", "uv": [ 0.0, 0.0, 2.0, 0.5 ], "enabled": false }
							}
						},
						{
							"name": "e3",
							"from": [ 0.0, 1.5, 1.35 ], 
							"to": [ 2.0, 2.5, 1.35 ], 
							"rotationOrigin": [ 1.0, 3.0, 1.0 ],
							"rotationY": 45.0,
							"faces": {
								"north": { "texture": "#huckleberry", "uv": [ 2.5, 0.0, 4.5, 1.0 ] },
								"east": { "texture": "#huckleberry", "uv": [ 0.0, 0.0, 0.5, 1.0 ], "enabled": false },
								"south": { "texture": "#huckleberry", "uv": [ 0.0, 0.0, 2.0, 1.0 ], "enabled": false },
								"west": { "texture": "#huckleberry", "uv": [ 0.0, 0.0, 0.5, 1.0 ], "enabled": false },
								"up": { "texture": "#huckleberry", "uv": [ 0.0, 0.0, 2.0, 0.5 ], "enabled": false },
								"down": { "texture": "#huckleberry", "uv": [ 0.0, 0.0, 2.0, 0.5 ], "enabled": false }
							}
						}
					]
				},
				{
					"name": "berry4",
					"from": [ -3.0, -0.23, 0.6 ], 
					"to": [ -0.5, 1.77, 3.1 ], 
					"rotationOrigin": [ -2.0, 0.7716, 1.8519 ],
					"rotationX": 16.5,
					"rotationY": -4.5,
					"rotationZ": 18.0,
					"faces": {
						"north": { "texture": "#huckleberry", "uv": [ 0.0, 0.5, 2.5, 2.5 ] },
						"east": { "texture": "#huckleberry", "uv": [ 0.0, 0.5, 2.5, 2.5 ] },
						"south": { "texture": "#huckleberry", "uv": [ 0.0, 0.0, 2.5, 2.0 ] },
						"west": { "texture": "#huckleberry", "uv": [ 0.0, 0.0, 2.5, 2.0 ] },
						"up": { "texture": "#huckleberry", "uv": [ 0.0, 0.0, 2.5, 2.5 ] },
						"down": { "texture": "#huckleberry", "uv": [ 0.0, 0.0, 2.5, 2.5 ] }
					},
					"children": [
						{
							"name": "Cube1",
							"from": [ 1.25, 2.0, 0.75 ], 
							"to": [ 1.25, 2.5, 1.75 ], 
							"rotationOrigin": [ 1.25, 2.0, 1.25 ],
							"rotationY": -45.0,
							"faces": {
								"north": { "texture": "#huckleberry", "uv": [ 0.0, 0.0, 0.5, 0.5 ], "enabled": false },
								"east": { "texture": "#huckleberry", "uv": [ 2.5, 0.5, 3.5, 1.0 ] },
								"south": { "texture": "#huckleberry", "uv": [ 0.0, 0.0, 0.5, 0.5 ], "enabled": false },
								"west": { "texture": "#huckleberry", "uv": [ 2.5, 0.5, 3.5, 1.0 ], "enabled": false },
								"up": { "texture": "#huckleberry", "uv": [ 0.0, 0.0, 0.5, 1.0 ], "enabled": false },
								"down": { "texture": "#huckleberry", "uv": [ 0.0, 0.0, 0.5, 1.0 ], "enabled": false }
							}
						},
						{
							"name": "Cube22",
							"from": [ 1.25, 2.0, 0.75 ], 
							"to": [ 1.25, 2.5, 1.75 ], 
							"rotationOrigin": [ 1.25, 2.0, 1.25 ],
							"rotationY": 45.0,
							"faces": {
								"north": { "texture": "#huckleberry", "uv": [ 0.0, 0.0, 0.5, 0.5 ], "enabled": false },
								"east": { "texture": "#huckleberry", "uv": [ 2.5, 2.5, 3.5, 3.0 ] },
								"south": { "texture": "#huckleberry", "uv": [ 0.0, 0.0, 0.5, 0.5 ], "enabled": false },
								"west": { "texture": "#huckleberry", "uv": [ 2.5, 0.5, 3.5, 1.0 ], "enabled": false },
								"up": { "texture": "#huckleberry", "uv": [ 0.0, 0.0, 0.5, 1.0 ], "enabled": false },
								"down": { "texture": "#huckleberry", "uv": [ 0.0, 0.0, 0.5, 1.0 ], "enabled": false }
							}
						}
					]
				},
				{
					"name": "berry5",
					"from": [ -1.5, 1.55, -1.0 ], 
					"to": [ 0.5, 3.55, 1.0 ], 
					"rotationOrigin": [ -0.5, 2.5381, 0.1913 ],
					"rotationX": -41.5,
					"rotationY": -44.0,
					"rotationZ": -23.5,
					"faces": {
						"north": { "texture": "#huckleberry", "uv": [ 0.0, 1.0, 2.0, 3.0 ] },
						"east": { "texture": "#huckleberry", "uv": [ 0.0, 1.0, 2.0, 3.0 ] },
						"south": { "texture": "#huckleberry", "uv": [ 0.0, 1.5, 2.0, 3.5 ] },
						"west": { "texture": "#huckleberry", "uv": [ 0.0, 0.5, 2.0, 2.5 ] },
						"up": { "texture": "#huckleberry", "uv": [ 0.0, 1.5, 2.0, 3.5 ] },
						"down": { "texture": "#huckleberry", "uv": [ 0.0, 0.0, 2.0, 2.0 ] }
					},
					"children": [
						{
							"name": "w5",
							"from": [ 0.5, 1.5, 1.0 ], 
							"to": [ 1.5, 2.5, 1.0 ], 
							"rotationOrigin": [ 1.0, 2.0, 1.0 ],
							"rotationY": -45.0,
							"faces": {
								"north": { "texture": "#huckleberry", "uv": [ 3.0, 0.0, 4.0, 1.0 ] },
								"east": { "texture": "#huckleberry", "uv": [ 0.0, 0.0, 0.5, 1.0 ], "enabled": false },
								"south": { "texture": "#huckleberry", "uv": [ 0.0, 0.0, 1.0, 1.0 ], "enabled": false },
								"west": { "texture": "#huckleberry", "uv": [ 0.0, 0.0, 0.5, 1.0 ], "enabled": false },
								"up": { "texture": "#huckleberry", "uv": [ 0.0, 0.0, 1.0, 0.5 ], "enabled": false },
								"down": { "texture": "#huckleberry", "uv": [ 0.0, 0.0, 1.0, 0.5 ], "enabled": false }
							}
						},
						{
							"name": "e5",
							"from": [ 0.5, 1.5, 1.0 ], 
							"to": [ 1.5, 2.5, 1.0 ], 
							"rotationOrigin": [ 1.0, 2.0, 1.0 ],
							"rotationY": 45.0,
							"faces": {
								"north": { "texture": "#huckleberry", "uv": [ 3.0, 0.0, 4.0, 1.0 ] },
								"east": { "texture": "#huckleberry", "uv": [ 0.0, 0.0, 0.5, 1.0 ], "enabled": false },
								"south": { "texture": "#huckleberry", "uv": [ 0.0, 0.0, 1.0, 1.0 ], "enabled": false },
								"west": { "texture": "#huckleberry", "uv": [ 0.0, 0.0, 0.5, 1.0 ], "enabled": false },
								"up": { "texture": "#huckleberry", "uv": [ 0.0, 0.0, 1.0, 0.5 ], "enabled": false },
								"down": { "texture": "#huckleberry", "uv": [ 0.0, 0.0, 1.0, 0.5 ], "enabled": false }
							}
						}
					]
				},
				{
					"name": "berry7",
					"from": [ 2.1, 0.0, -0.5 ], 
					"to": [ 4.1, 2.0, 1.5 ], 
					"rotationOrigin": [ 3.0, 1.0, 1.0 ],
					"rotationX": -22.5,
					"rotationY": -22.5,
					"rotationZ": 22.5,
					"faces": {
						"north": { "texture": "#huckleberry", "uv": [ 0.0, 1.0, 2.0, 3.0 ] },
						"east": { "texture": "#huckleberry", "uv": [ 0.0, 0.5, 2.0, 2.5 ] },
						"south": { "texture": "#huckleberry", "uv": [ 0.0, 0.0, 2.0, 2.0 ] },
						"west": { "texture": "#huckleberry", "uv": [ 0.5, 0.5, 2.5, 2.5 ] },
						"up": { "texture": "#huckleberry", "uv": [ 0.5, 0.0, 2.5, 2.0 ] },
						"down": { "texture": "#huckleberry", "uv": [ 0.0, 1.0, 2.0, 3.0 ] }
					},
					"children": [
						{
							"name": "Cube18",
							"from": [ 2.0, 0.5, 1.0 ], 
							"to": [ 2.5, 1.5, 1.0 ], 
							"rotationOrigin": [ 2.0, 1.0, 1.0 ],
							"rotationX": -45.0,
							"faces": {
								"north": { "texture": "#huckleberry", "uv": [ 0.0, 0.0, 0.5, 1.0 ], "enabled": false },
								"east": { "texture": "#huckleberry", "uv": [ 0.0, 0.0, 0.5, 1.0 ], "enabled": false },
								"south": { "texture": "#huckleberry", "uv": [ 2.5, 2.0, 3.0, 3.0 ] },
								"west": { "texture": "#huckleberry", "uv": [ 0.0, 0.0, 0.5, 1.0 ], "enabled": false },
								"up": { "texture": "#huckleberry", "uv": [ 0.0, 0.0, 0.5, 0.5 ], "enabled": false },
								"down": { "texture": "#huckleberry", "uv": [ 0.0, 0.0, 0.5, 0.5 ], "enabled": false }
							}
						},
						{
							"name": "Cube19",
							"from": [ 2.0, 0.5, 1.0 ], 
							"to": [ 2.5, 1.5, 1.0 ], 
							"rotationOrigin": [ 2.0, 1.0, 1.0 ],
							"rotationX": 45.0,
							"faces": {
								"north": { "texture": "#huckleberry", "uv": [ 0.0, 0.0, 0.5, 1.0 ], "enabled": false },
								"east": { "texture": "#huckleberry", "uv": [ 0.0, 0.0, 0.5, 1.0 ], "enabled": false },
								"south": { "texture": "#huckleberry", "uv": [ 2.5, 0.0, 3.0, 1.0 ] },
								"west": { "texture": "#huckleberry", "uv": [ 0.0, 0.0, 0.5, 1.0 ], "enabled": false },
								"up": { "texture": "#huckleberry", "uv": [ 0.0, 0.0, 0.5, 0.5 ], "enabled": false },
								"down": { "texture": "#huckleberry", "uv": [ 0.0, 0.0, 0.5, 0.5 ], "enabled": false }
							}
						}
					]
				},
				{
					"name": "Cube20",
					"from": [ 1.0, 2.0, -1.0 ], 
					"to": [ 6.0, 2.0, 2.5 ], 
					"rotationOrigin": [ 1.0, 2.0, 0.75 ],
					"rotationX": 25.0,
					"rotationY": 26.0,
					"rotationZ": 22.0,
					"faces": {
						"north": { "texture": "#huckleberry", "uv": [ 0.0, 0.0, 5.0, 0.5 ], "enabled": false },
						"east": { "texture": "#huckleberry", "uv": [ 0.0, 0.0, 3.5, 0.5 ], "enabled": false },
						"south": { "texture": "#huckleberry", "uv": [ 0.0, 0.0, 5.0, 0.5 ], "enabled": false },
						"west": { "texture": "#huckleberry", "uv": [ 0.0, 0.0, 3.5, 0.5 ], "enabled": false },
						"up": { "texture": "#huckleberry", "uv": [ 4.5, 1.0, 8.0, 6.0 ], "rotation": 90 },
						"down": { "texture": "#huckleberry", "uv": [ 0.0, 0.0, 5.0, 3.5 ], "enabled": false }
					}
				},
				{
					"name": "Cube21",
					"from": [ -1.3, 1.0, 1.5 ], 
					"to": [ 2.2, 1.0, 6.5 ], 
					"rotationOrigin": [ -0.25, 1.0, 1.5 ],
					"rotationX": -6.0,
					"rotationY": 4.0,
					"rotationZ": -39.0,
					"faces": {
						"north": { "texture": "#huckleberry", "uv": [ 0.0, 0.0, 3.5, 0.5 ], "enabled": false },
						"east": { "texture": "#huckleberry", "uv": [ 0.0, 0.0, 5.0, 0.5 ], "enabled": false },
						"south": { "texture": "#huckleberry", "uv": [ 0.0, 0.0, 3.5, 0.5 ], "enabled": false },
						"west": { "texture": "#huckleberry", "uv": [ 0.0, 0.0, 5.0, 0.5 ], "enabled": false },
						"up": { "texture": "#huckleberry", "uv": [ 4.5, 1.0, 8.0, 6.0 ], "rotation": 180 },
						"down": { "texture": "#huckleberry", "uv": [ 4.5, 1.0, 8.0, 6.0 ], "enabled": false }
					}
				}
			]
		}
	]}