{
	"editor": {
		"allAngles": false,
		"entityTextureMode": false
	},
	"textureWidth": 8,
	"textureHeight": 8,
	"textureSizes": {
	},
	"textures": {
		"watermelon": "items/fruit/kolkhoznitsa"
	},
	"elements": [
		{
			"name": "origin",
			"from": [ 8.0, 0.0, 8.0 ], 
			"to": [ 8.0, 0.0, 8.0 ], 
			"rotationOrigin": [ 8.0, 0.0, 8.0 ],
			"faces": {
				"north": { "texture": "#watermelon", "uv": [ 0.0, 0.0, 0.5, 0.5 ], "enabled": false },
				"east": { "texture": "#watermelon", "uv": [ 0.0, 0.0, 0.5, 0.5 ], "enabled": false },
				"south": { "texture": "#watermelon", "uv": [ 0.0, 0.0, 0.5, 0.5 ], "enabled": false },
				"west": { "texture": "#watermelon", "uv": [ 0.0, 0.0, 0.5, 0.5 ], "enabled": false },
				"up": { "texture": "#watermelon", "uv": [ 0.0, 0.0, 0.5, 0.5 ], "enabled": false },
				"down": { "texture": "#watermelon", "uv": [ 0.0, 0.0, 0.5, 0.5 ], "enabled": false }
			},
			"children": [
				{
					"name": "Cube1",
					"from": [ -3.0, 0.0, -1.0 ], 
					"to": [ 2.0, 0.5, 1.0 ], 
					"rotationOrigin": [ -3.0, 0.0, -1.0 ],
					"faces": {
						"north": { "texture": "#watermelon", "uv": [ 0.0, 0.0, 0.5, 5.0 ], "rotation": 90 },
						"east": { "texture": "#watermelon", "uv": [ 0.0, 0.0, 0.5, 2.0 ], "rotation": 90 },
						"south": { "texture": "#watermelon", "uv": [ 0.0, 0.0, 0.5, 5.0 ], "rotation": 90 },
						"west": { "texture": "#watermelon", "uv": [ 0.0, 0.0, 0.5, 2.0 ], "rotation": 90 },
						"up": { "texture": "#watermelon", "uv": [ 0.0, 0.0, 2.0, 5.0 ], "rotation": 90 },
						"down": { "texture": "#watermelon", "uv": [ 0.0, 0.0, 2.0, 5.0 ], "rotation": 90 }
					},
					"children": [
						{
							"name": "Cube3",
							"from": [ 0.0, 0.5, 0.25 ], 
							"to": [ 5.0, 3.0, 1.75 ], 
							"rotationOrigin": [ 0.0, 1.0, 0.0 ],
							"faces": {
								"north": { "texture": "#watermelon", "uv": [ 3.0, 0.0, 5.5, 5.0 ], "rotation": 270 },
								"east": { "texture": "#watermelon", "uv": [ 3.0, 0.0, 5.5, 1.5 ], "rotation": 270 },
								"south": { "texture": "#watermelon", "uv": [ 3.0, 0.0, 5.5, 5.0 ], "rotation": 270 },
								"west": { "texture": "#watermelon", "uv": [ 3.0, 0.0, 5.5, 1.5 ], "rotation": 270 },
								"up": { "texture": "#watermelon", "uv": [ 4.0, 0.0, 5.5, 5.0 ], "rotation": 90 },
								"down": { "texture": "#watermelon", "uv": [ 0.0, 0.0, 1.5, 5.0 ], "rotation": 90, "enabled": false }
							}
						},
						{
							"name": "Cube4",
							"from": [ -2.5, 0.0, 0.01 ], 
							"to": [ 0.0, 0.5, 2.01 ], 
							"rotationOrigin": [ 0.0, 0.0, 1.0 ],
							"rotationZ": -33.6,
							"faces": {
								"north": { "texture": "#watermelon", "uv": [ 0.0, 0.0, 0.5, 2.5 ], "rotation": 90 },
								"east": { "texture": "#watermelon", "uv": [ 0.0, 0.0, 2.0, 0.5 ] },
								"south": { "texture": "#watermelon", "uv": [ 0.0, 0.0, 0.5, 2.5 ], "rotation": 90 },
								"west": { "texture": "#watermelon", "uv": [ 0.0, 0.0, 0.5, 2.0 ], "rotation": 90 },
								"up": { "texture": "#watermelon", "uv": [ 0.0, 0.0, 2.0, 2.5 ], "rotation": 90 },
								"down": { "texture": "#watermelon", "uv": [ 0.0, 0.0, 2.0, 2.5 ], "rotation": 90 }
							},
							"children": [
								{
									"name": "Cube5",
									"from": [ 0.0, 0.5, 0.25 ], 
									"to": [ 2.5, 2.5, 1.75 ], 
									"faces": {
										"north": { "texture": "#watermelon", "uv": [ 3.0, 0.5, 5.0, 3.0 ], "rotation": 270 },
										"east": { "texture": "#watermelon", "uv": [ 3.5, 1.5, 5.0, 3.5 ], "enabled": false },
										"south": { "texture": "#watermelon", "uv": [ 3.0, 2.0, 5.0, 4.5 ], "rotation": 270 },
										"west": { "texture": "#watermelon", "uv": [ 3.0, 1.5, 5.0, 3.0 ], "rotation": 270 },
										"up": { "texture": "#watermelon", "uv": [ 4.0, 0.5, 5.5, 3.0 ], "rotation": 90 },
										"down": { "texture": "#watermelon", "uv": [ 0.0, 0.0, 2.5, 1.5 ], "enabled": false }
									}
								}
							]
						},
						{
							"name": "Cube6",
							"from": [ 5.0, 0.0, 0.01 ], 
							"to": [ 7.5, 0.5, 2.01 ], 
							"rotationOrigin": [ 5.0, 0.0, 1.0 ],
							"rotationZ": 33.6,
							"faces": {
								"north": { "texture": "#watermelon", "uv": [ 0.0, 0.0, 0.5, 2.5 ], "rotation": 90 },
								"east": { "texture": "#watermelon", "uv": [ 0.0, 0.0, 2.0, 0.5 ] },
								"south": { "texture": "#watermelon", "uv": [ 0.0, 0.0, 0.5, 2.5 ], "rotation": 90 },
								"west": { "texture": "#watermelon", "uv": [ 0.0, 0.0, 0.5, 2.0 ], "rotation": 90 },
								"up": { "texture": "#watermelon", "uv": [ 0.0, 0.0, 2.0, 2.5 ], "rotation": 90 },
								"down": { "texture": "#watermelon", "uv": [ 0.0, 0.0, 2.0, 2.5 ], "rotation": 90 }
							},
							"children": [
								{
									"name": "Cube7",
									"from": [ 0.0, 0.5, 0.25 ], 
									"to": [ 2.5, 2.5, 1.75 ], 
									"faces": {
										"north": { "texture": "#watermelon", "uv": [ 3.0, 2.5, 5.0, 5.0 ], "rotation": 270 },
										"east": { "texture": "#watermelon", "uv": [ 3.0, 1.5, 5.0, 3.0 ], "rotation": 270, "windMode": [-1,-1,-1,-1] },
										"south": { "texture": "#watermelon", "uv": [ 3.0, 2.5, 5.0, 5.0 ], "rotation": 270 },
										"west": { "texture": "#watermelon", "uv": [ 3.0, 1.5, 5.0, 3.0 ], "rotation": 270, "enabled": false },
										"up": { "texture": "#watermelon", "uv": [ 4.0, 0.5, 5.5, 3.0 ], "rotation": 90 },
										"down": { "texture": "#watermelon", "uv": [ 0.0, 0.0, 2.5, 1.5 ], "enabled": false }
									}
								}
							]
						}
					]
				}
			]
		}
	]}