{
	"editor": {
		"allAngles": false,
		"entityTextureMode": false
	},
	"textureWidth": 16,
	"textureHeight": 16,
	"textureSizes": {
	},
	"textures": {
		"maritabits2": "items/fruit/maritabits"
	},
	"elements": [
		{
			"name": "Cube1",
			"from": [ 7.0, 0.0, 6.0 ], 
			"to": [ 10.0, 1.0, 11.0 ], 
			"rotationOrigin": [ 7.0, 0.0, 6.0 ],
			"rotationY": -21.0,
			"faces": {
				"north": { "texture": "#maritabits2", "uv": [ 3.0, 11.0, 9.0, 13.0 ], "rotation": 180, "autoUv": false },
				"east": { "texture": "#maritabits2", "uv": [ 0.0, 0.0, 5.0, 1.0 ], "enabled": false },
				"south": { "texture": "#maritabits2", "uv": [ 1.0, 11.0, 7.0, 13.0 ], "rotation": 180, "autoUv": false },
				"west": { "texture": "#maritabits2", "uv": [ 0.0, 0.0, 6.0, 2.0 ], "enabled": false, "autoUv": false },
				"up": { "texture": "#maritabits2", "uv": [ 8.0, 0.0, 14.0, 10.0 ], "autoUv": false },
				"down": { "texture": "#maritabits2", "uv": [ 0.0, 0.0, 6.0, 10.0 ], "autoUv": false }
			},
			"children": [
				{
					"name": "Cube2",
					"from": [ -2.5, 0.0, 0.02 ], 
					"to": [ 0.0, 1.0, 5.02 ], 
					"rotationOrigin": [ 0.0, 0.0, 0.0 ],
					"rotationZ": -55.0,
					"faces": {
						"north": { "texture": "#maritabits2", "uv": [ 11.0, 11.0, 16.0, 13.0 ], "rotation": 180, "autoUv": false },
						"east": { "texture": "#maritabits2", "uv": [ 1.0, 3.0, 6.0, 4.0 ], "enabled": false },
						"south": { "texture": "#maritabits2", "uv": [ 6.0, 11.0, 11.0, 13.0 ], "rotation": 180, "autoUv": false },
						"west": { "texture": "#maritabits2", "uv": [ 3.0, 11.0, 13.0, 13.0 ], "rotation": 180, "autoUv": false },
						"up": { "texture": "#maritabits2", "uv": [ 10.0, 0.0, 15.0, 10.0 ], "autoUv": false },
						"down": { "texture": "#maritabits2", "uv": [ 0.0, 0.0, 5.0, 10.0 ], "autoUv": false }
					}
				},
				{
					"name": "Cube3",
					"from": [ 3.0, 0.0, 0.02 ], 
					"to": [ 5.5, 1.0, 5.02 ], 
					"rotationOrigin": [ 3.0, 0.0, 0.0 ],
					"rotationZ": 55.0,
					"faces": {
						"north": { "texture": "#maritabits2", "uv": [ 10.0, 11.0, 15.0, 13.0 ], "rotation": 180, "autoUv": false },
						"east": { "texture": "#maritabits2", "uv": [ 3.0, 11.0, 13.0, 13.0 ], "rotation": 180, "autoUv": false },
						"south": { "texture": "#maritabits2", "uv": [ 0.0, 11.0, 5.0, 13.0 ], "rotation": 180, "autoUv": false },
						"west": { "texture": "#maritabits2", "uv": [ 0.0, 0.0, 8.0, 3.0 ], "enabled": false, "autoUv": false },
						"up": { "texture": "#maritabits2", "uv": [ 10.0, 0.0, 15.0, 10.0 ], "autoUv": false },
						"down": { "texture": "#maritabits2", "uv": [ 1.0, 0.0, 6.0, 10.0 ], "autoUv": false }
					}
				}
			]
		},
		{
			"name": "Cube4",
			"from": [ 10.0, 4.0, 10.0 ], 
			"to": [ 13.0, 5.0, 15.0 ], 
			"rotationOrigin": [ 10.0, 4.0, 10.0 ],
			"rotationX": 180.0,
			"rotationY": -8.0,
			"rotationZ": 30.5,
			"faces": {
				"north": { "texture": "#maritabits2", "uv": [ 3.0, 11.0, 9.0, 13.0 ], "rotation": 180, "autoUv": false },
				"east": { "texture": "#maritabits2", "uv": [ 0.0, 0.0, 5.0, 1.0 ], "enabled": false },
				"south": { "texture": "#maritabits2", "uv": [ 1.0, 11.0, 7.0, 13.0 ], "rotation": 180, "autoUv": false },
				"west": { "texture": "#maritabits2", "uv": [ 0.0, 0.0, 6.0, 2.0 ], "enabled": false, "autoUv": false },
				"up": { "texture": "#maritabits2", "uv": [ 8.0, 0.0, 14.0, 10.0 ], "autoUv": false },
				"down": { "texture": "#maritabits2", "uv": [ 0.0, 0.0, 6.0, 10.0 ], "autoUv": false }
			},
			"children": [
				{
					"name": "Cube5",
					"from": [ -2.5, 0.0, 0.02 ], 
					"to": [ 0.0, 1.0, 5.02 ], 
					"rotationOrigin": [ 0.0, 0.0, 0.0 ],
					"rotationZ": -55.0,
					"faces": {
						"north": { "texture": "#maritabits2", "uv": [ 11.0, 11.0, 16.0, 13.0 ], "rotation": 180, "autoUv": false },
						"east": { "texture": "#maritabits2", "uv": [ 1.0, 3.0, 6.0, 4.0 ], "enabled": false },
						"south": { "texture": "#maritabits2", "uv": [ 6.0, 11.0, 11.0, 13.0 ], "rotation": 180, "autoUv": false },
						"west": { "texture": "#maritabits2", "uv": [ 3.0, 11.0, 13.0, 13.0 ], "rotation": 180, "autoUv": false },
						"up": { "texture": "#maritabits2", "uv": [ 10.0, 0.0, 15.0, 10.0 ], "autoUv": false },
						"down": { "texture": "#maritabits2", "uv": [ 0.0, 0.0, 5.0, 10.0 ], "autoUv": false }
					}
				},
				{
					"name": "Cube6",
					"from": [ 3.0, 0.0, 0.02 ], 
					"to": [ 5.5, 1.0, 5.02 ], 
					"rotationOrigin": [ 3.0, 0.0, 0.0 ],
					"rotationZ": 55.0,
					"faces": {
						"north": { "texture": "#maritabits2", "uv": [ 10.0, 11.0, 15.0, 13.0 ], "rotation": 180, "autoUv": false },
						"east": { "texture": "#maritabits2", "uv": [ 3.0, 11.0, 13.0, 13.0 ], "rotation": 180, "autoUv": false },
						"south": { "texture": "#maritabits2", "uv": [ 0.0, 11.0, 5.0, 13.0 ], "rotation": 180, "autoUv": false },
						"west": { "texture": "#maritabits2", "uv": [ 0.0, 0.0, 8.0, 3.0 ], "enabled": false, "autoUv": false },
						"up": { "texture": "#maritabits2", "uv": [ 10.0, 0.0, 15.0, 10.0 ], "autoUv": false },
						"down": { "texture": "#maritabits2", "uv": [ 1.0, 0.0, 6.0, 10.0 ], "autoUv": false }
					}
				}
			]
		}
	]}