{
	"editor": {
		"allAngles": false,
		"entityTextureMode": false
	},
	"textureWidth": 16,
	"textureHeight": 16,
	"textureSizes": {
	},
	"textures": {
		"pomelo": "items/fruit/pomelo",
		"fruitleaves": "items/fruit/fruitleaves"
	},
	"elements": [
		{
			"name": "Cube1",
			"from": [ 5.25, 1.0, 5.25 ], 
			"to": [ 10.75, 4.5, 10.75 ], 
			"rotationOrigin": [ 8.0, 0.0, 8.0 ],
			"faces": {
				"north": { "texture": "#pomelo", "uv": [ 3.0, 0.0, 10.0, 11.0 ], "rotation": 90, "autoUv": false },
				"east": { "texture": "#pomelo", "uv": [ 2.0, 0.0, 9.0, 11.0 ], "rotation": 90, "autoUv": false },
				"south": { "texture": "#pomelo", "uv": [ 3.0, 0.0, 10.0, 11.0 ], "rotation": 90, "autoUv": false },
				"west": { "texture": "#pomelo", "uv": [ 1.0, 0.0, 8.0, 10.0 ], "rotation": 90, "autoUv": false },
				"up": { "texture": "#pomelo", "uv": [ 0.0, 0.0, 10.0, 10.0 ], "autoUv": false },
				"down": { "texture": "#pomelo", "uv": [ 0.0, 0.0, 10.0, 10.0 ], "autoUv": false }
			},
			"children": [
				{
					"name": "Cube2",
					"from": [ 0.75, 3.5, 0.75 ], 
					"to": [ 4.75, 5.0, 4.75 ], 
					"rotationOrigin": [ 2.0, 4.0, 2.0 ],
					"faces": {
						"north": { "texture": "#pomelo", "uv": [ 8.0, 13.0, 16.0, 16.0 ], "rotation": 180, "autoUv": false },
						"east": { "texture": "#pomelo", "uv": [ 8.0, 8.0, 16.0, 11.0 ], "autoUv": false },
						"south": { "texture": "#pomelo", "uv": [ 8.0, 13.0, 16.0, 16.0 ], "rotation": 180, "autoUv": false },
						"west": { "texture": "#pomelo", "uv": [ 8.0, 8.0, 16.0, 11.0 ], "autoUv": false },
						"up": { "texture": "#pomelo", "uv": [ 8.0, 8.0, 16.0, 16.0 ], "autoUv": false },
						"down": { "texture": "#pomelo", "uv": [ 9.0, 0.0, 17.0, 8.0 ], "enabled": false, "autoUv": false }
					},
					"children": [
						{
							"name": "Cube3",
							"from": [ 0.5, 2.2, 2.1 ], 
							"to": [ 3.0, 5.7, 2.1 ], 
							"rotationOrigin": [ 1.75, 2.1, 1.7 ],
							"rotationX": 45.0,
							"rotationZ": -22.5,
							"faces": {
								"north": { "texture": "#fruitleaves", "uv": [ 5.0, 4.0, 7.5, 7.5 ], "autoUv": false },
								"east": { "texture": "#pomelo", "uv": [ 0.0, 0.0, 1.0, 3.0 ], "enabled": false },
								"south": { "texture": "#pomelo", "uv": [ 0.0, 0.0, 2.0, 3.0 ], "enabled": false },
								"west": { "texture": "#pomelo", "uv": [ 0.0, 0.0, 1.0, 3.0 ], "enabled": false },
								"up": { "texture": "#pomelo", "uv": [ 0.0, 0.0, 2.0, 1.0 ], "enabled": false },
								"down": { "texture": "#pomelo", "uv": [ 0.0, 0.0, 2.0, 1.0 ], "enabled": false }
							}
						},
						{
							"name": "Cube5",
							"from": [ 1.75, 1.4, 1.75 ], 
							"to": [ 2.25, 1.9, 2.25 ], 
							"rotationOrigin": [ 2.0, 1.5, 2.0 ],
							"rotationY": -9.0,
							"rotationZ": 8.0,
							"faces": {
								"north": { "texture": "#fruitleaves", "uv": [ 2.5, 1.5, 3.0, 2.0 ] },
								"east": { "texture": "#fruitleaves", "uv": [ 10.0, 3.0, 10.5, 3.5 ] },
								"south": { "texture": "#fruitleaves", "uv": [ 10.0, 2.5, 10.5, 3.0 ] },
								"west": { "texture": "#fruitleaves", "uv": [ 6.5, 2.0, 7.0, 2.5 ] },
								"up": { "texture": "#fruitleaves", "uv": [ 5.5, 1.5, 6.0, 2.0 ] },
								"down": { "texture": "#fruitleaves", "uv": [ 0.0, 0.0, 0.5, 0.5 ], "enabled": false }
							}
						}
					]
				},
				{
					"name": "Cube4",
					"from": [ 0.5, -1.0, 0.5 ], 
					"to": [ 5.0, 0.0, 5.0 ], 
					"rotationOrigin": [ 0.0, -1.0, 0.0 ],
					"faces": {
						"north": { "texture": "#pomelo", "uv": [ 1.0, 0.0, 10.0, 2.0 ], "rotation": 180, "autoUv": false },
						"east": { "texture": "#pomelo", "uv": [ 0.0, 14.0, 9.0, 16.0 ], "autoUv": false },
						"south": { "texture": "#pomelo", "uv": [ 0.0, 11.0, 9.0, 13.0 ], "autoUv": false },
						"west": { "texture": "#pomelo", "uv": [ 0.0, 9.0, 9.0, 11.0 ], "autoUv": false },
						"up": { "texture": "#pomelo", "uv": [ 0.0, 0.0, 8.0, 8.0 ], "enabled": false, "autoUv": false },
						"down": { "texture": "#pomelo", "uv": [ 1.0, 0.0, 10.0, 9.0 ], "autoUv": false }
					}
				}
			]
		}
	]}