[{
	"ingredient": { 
    "type": "item", 
    "code": "game:clay-*", 
    "name": "type", 
    "allowedVariants": [
      "azure",
      "black",
      "brown",
      "gray",
      "green",
      "orange",
      "pink",
      "purple",
      "crimson",
      "yellow"
    ] 
  },
	"pattern": [[
		"#####",
		"#####",
		"#####",
		"#####",
		"#####"
	],
	[
		"#####",
		"#___#",
		"#___#",
		"#___#",
		"#####"
	]],
	"name": "Bowl",
	"output": { 
    "type": "block", 
    "code": "clayworks:bowl-{type}-raw"
  }
},
{
	"ingredient": { 
    "type": "item", 
    "code": "game:clay-snow", 
  },
	"pattern": [[
		"#####",
		"#####",
		"#####",
		"#####",
		"#####"
	],
	[
		"#####",
		"#___#",
		"#___#",
		"#___#",
		"#####"
	]],
	"name": "Bowl",
	"output": { 
    "type": "block", 
    "code": "clayworks:bowl-white-raw"
  }
}]
