[{
	"ingredient": { 
    "type": "item", 
    "code": "game:clay-*", 
    "name": "type", 
    "allowedVariants": [
      "azure", 
      "black", 
      "brown",
      "crimson",
      "gray",
      "green",
      "orange",
      "pink",
      "purple",
      "yellow"
    ] 
  },
	"pattern": [[
		"######",
		"######",
		"######",
		"######",
		"######",
		"######"
	],
	[
		"######",
		"#____#",
		"#____#",
		"#____#",
		"#____#",
		"######"
	],
	[
		"######",
		"#____#",
		"#____#",
		"#____#",
		"#____#",
		"######"
	],
	[
		"######",
		"#____#",
		"#____#",
		"#____#",
		"#____#",
		"######"
	],
	[
		"######",
		"#____#",
		"#____#",
		"#____#",
		"#____#",
		"######"
	],
	[
		"######",
		"#____#",
		"#____#",
		"#____#",
		"#____#",
		"######"
	],
	[
		"######",
		"#____#",
		"#____#",
		"#____#",
		"#____#",
		"######"
	],
	[
		"______",
		"_####_",
		"_#__#_",
		"_#__#_",
		"_####_",
		"______"
	],
	[
		"______",
		"_####_",
		"_#__#_",
		"_#__#_",
		"_####_",
		"______"
	],
	[
		"######",
		"#____#",
		"#____#",
		"#____#",
		"#____#",
		"######"
	]],
	"name": "Bucket",
	"output": { 
    "type": "block", 
    "code": "clayworks:bucket-{type}-raw"  
  }
},
{
	"ingredient": { 
    "type": "item", 
    "code": "game:clay-snow", 
  },
	"pattern": [[
		"######",
		"######",
		"######",
		"######",
		"######",
		"######"
	],
	[
		"######",
		"#____#",
		"#____#",
		"#____#",
		"#____#",
		"######"
	],
	[
		"######",
		"#____#",
		"#____#",
		"#____#",
		"#____#",
		"######"
	],
	[
		"######",
		"#____#",
		"#____#",
		"#____#",
		"#____#",
		"######"
	],
	[
		"######",
		"#____#",
		"#____#",
		"#____#",
		"#____#",
		"######"
	],
	[
		"######",
		"#____#",
		"#____#",
		"#____#",
		"#____#",
		"######"
	],
	[
		"######",
		"#____#",
		"#____#",
		"#____#",
		"#____#",
		"######"
	],
	[
		"______",
		"_####_",
		"_#__#_",
		"_#__#_",
		"_####_",
		"______"
	],
	[
		"______",
		"_####_",
		"_#__#_",
		"_#__#_",
		"_####_",
		"______"
	],
	[
		"######",
		"#____#",
		"#____#",
		"#____#",
		"#____#",
		"######"
	]],
	"name": "Bucket",
	"output": { 
    "type": "block", 
    "code": "clayworks:bucket-white-raw"  
  }
}]
