{
	"ingredient": { 
    "type": "item", 
    "code": "game:clay-*", 
    "name": "type", 
    "allowedVariants": [
      "blue", 
      "fire", 
      "red"
    ] 
  },
	"pattern": [[
		"######",
		"######",
		"######",
		"######",
		"######",
		"######"
	],
	[
		"######",
		"#____#",
		"#____#",
		"#____#",
		"#____#",
		"######"
	],
	[
		"######",
		"#____#",
		"#____#",
		"#____#",
		"#____#",
		"######"
	],
	[
		"######",
		"#____#",
		"#____#",
		"#____#",
		"#____#",
		"######"
	],
	[
		"######",
		"#____#",
		"#____#",
		"#____#",
		"#____#",
		"######"
	],
	[
		"######",
		"#____#",
		"#____#",
		"#____#",
		"#____#",
		"######"
	],
	[
		"######",
		"#____#",
		"#____#",
		"#____#",
		"#____#",
		"######"
	],
	[
		"______",
		"_####_",
		"_#__#_",
		"_#__#_",
		"_####_",
		"______"
	],
	[
		"______",
		"_####_",
		"_#__#_",
		"_#__#_",
		"_####_",
		"______"
	],
	[
		"######",
		"#____#",
		"#____#",
		"#____#",
		"#____#",
		"######"
	]],
	"name": "Bucket",
	"output": { 
    "type": "block", 
    "code": "clayworks:bucket-natural{type}-raw"  
  }
}
