[{
	"ingredient": { 
    "type": "item", 
    "code": "game:clay-*",
    "name": "color",
    "allowedVariants": [
      "azure",
      "black",
      "brown",
      "green",
      "orange",
      "pink",
      "purple",
      "crimson",
      "yellow"
    ]

  },
	"pattern": [
    [
		"##############",
		"##############",
		"##############",
		"##############",
		"##############",
		"##############",
		"##############",
		"##############",
		"##############",
		"##############",
		"##############",
		"##############",
		"##############",
		"##############"
	  ]
	],
	"name": "Storagevessel",
	"output": { 
    "type": "block", 
    "code": "clayworks:clayplate-{color}-raw"  
  }
},
{
	"ingredient": { 
    "type": "item", 
    "code": "game:clay-snow"
  },
	"pattern": [
    [
		"##############",
		"##############",
		"##############",
		"##############",
		"##############",
		"##############",
		"##############",
		"##############",
		"##############",
		"##############",
		"##############",
		"##############",
		"##############",
		"##############"
	  ]
	],
	"name": "Storagevessel",
	"output": { 
    "type": "block", 
    "code": "clayworks:clayplate-white-raw"  
  }
}]
