{
	"ingredient": { 
    "type": "item", 
    "code": "game:clay-*",
    "name": "color",
    "allowedVariants": [
      "blue",
      "red",
      "fire"
    ]

  },
	"pattern": [
    [
		"##############",
		"##############",
		"##############",
		"##############",
		"##############",
		"##############",
		"##############",
		"##############",
		"##############",
		"##############",
		"##############",
		"##############",
		"##############",
		"##############"
	  ]
	],
	"name": "Storagevessel",
	"output": { 
    "type": "block", 
    "code": "clayworks:clayplate-natural{color}-raw"  
  }
}
