[{
	"ingredient": { 
    "type": "item", 
    "code": "game:clay-*", 
    "name": "type", 
    "allowedVariants": [
      "azure",
      "black",
      "brown",
      "gray",
      "green",
      "orange",
      "pink",
      "purple",
      "crimson",
      "yellow"
    ] 
  },
	"pattern": [[
		"_____",
		"_###_",
		"_###_",
		"_###_",
		"_____"
	],
	[
		"#####",
		"#___#",
		"#___#",
		"#___#",
		"#####"
	],
	[
		"#####",
		"#___#",
		"#___#",
		"#___#",
		"#####"
	],
	[
		"#####",
		"#___#",
		"#___#",
		"#___#",
		"#####"
	],
	[
		"#####",
		"#___#",
		"#___#",
		"#___#",
		"#####"
	],
	[
		"#####",
		"#####",
		"#####",
		"#####",
		"#####"
	],
	[
		"_____",
		"_____",
		"__#__",
		"_____",
		"_____"
	]],
	"name": "Crock",
	"output": { 
    "type": "block", 
    "code": "clayworks:crock-raw-{type}-east"  
  }
},
{
	"ingredient": { 
    "type": "item", 
    "code": "game:clay-snow", 
  },
	"pattern": [[
		"_____",
		"_###_",
		"_###_",
		"_###_",
		"_____"
	],
	[
		"#####",
		"#___#",
		"#___#",
		"#___#",
		"#####"
	],
	[
		"#####",
		"#___#",
		"#___#",
		"#___#",
		"#####"
	],
	[
		"#####",
		"#___#",
		"#___#",
		"#___#",
		"#####"
	],
	[
		"#####",
		"#___#",
		"#___#",
		"#___#",
		"#####"
	],
	[
		"#####",
		"#####",
		"#####",
		"#####",
		"#####"
	],
	[
		"_____",
		"_____",
		"__#__",
		"_____",
		"_____"
	]],
	"name": "Crock",
	"output": { 
    "type": "block", 
    "code": "clayworks:crock-raw-white-east"  
  }
}]
