{
	"ingredient": { 
    "type": "item", 
    "code": "game:clay-*", 
    "name": "type", 
    "allowedVariants": [
      "blue",
      "red",
      "fire"
    ] 
  },
	"pattern": [[
		"_____",
		"_###_",
		"_###_",
		"_###_",
		"_____"
	],
	[
		"#####",
		"#___#",
		"#___#",
		"#___#",
		"#####"
	],
	[
		"#####",
		"#___#",
		"#___#",
		"#___#",
		"#####"
	],
	[
		"#####",
		"#___#",
		"#___#",
		"#___#",
		"#####"
	],
	[
		"#####",
		"#___#",
		"#___#",
		"#___#",
		"#####"
	],
	[
		"#####",
		"#####",
		"#####",
		"#####",
		"#####"
	],
	[
		"_____",
		"_____",
		"__#__",
		"_____",
		"_____"
	]],
	"name": "Crock",
	"output": { 
    "type": "block", 
    "code": "clayworks:crock-raw-natural{type}-east"  
  }
}
