[
{
	"ingredient": { 
    "type": "item", 
    "code": "game:clay-*", 
    "name": "type", 
    "allowedVariants": [
      "azure",
      "black",
      "brown",
      "crimson",
      "gray",
      "green",
      "orange",
      "pink",
      "purple",
      "yellow"
    ] 
  },
	"pattern": [[
		"######",
		"######",
		"######",
		"######",
		"######",
		"######",
	],
	[
		"######",
		"#____#",
		"#____#",
		"#____#",
		"#____#",
		"######",
	],
	[
		"######",
		"#____#",
		"#____#",
		"#____#",
		"#____#",
		"######",
	],
	[
		"######",
		"#____#",
		"#____#",
		"#____#",
		"#____#",
		"######",
	],
	[
		"######",
		"#____#",
		"#____#",
		"#____#",
		"#____#",
		"######",
	],
	[
		"######",
		"#____#",
		"#____#",
		"#____#",
		"#____#",
		"######",
	],
	[
		"######",
		"#____#",
		"#____#",
		"#____#",
		"#____#",
		"######",
	]],
	"name": "Flowerpot",
	"output": { 
    "type": "block", 
    "code": "clayworks:flowerpotcolored-{type}-raw"  
  }
},
  {
	"ingredient": { 
    "type": "item", 
    "code": "game:clay-snow", 
  },
	"pattern": [[
		"######",
		"######",
		"######",
		"######",
		"######",
		"######",
	],
	[
		"######",
		"#____#",
		"#____#",
		"#____#",
		"#____#",
		"######",
	],
	[
		"######",
		"#____#",
		"#____#",
		"#____#",
		"#____#",
		"######",
	],
	[
		"######",
		"#____#",
		"#____#",
		"#____#",
		"#____#",
		"######",
	],
	[
		"######",
		"#____#",
		"#____#",
		"#____#",
		"#____#",
		"######",
	],
	[
		"######",
		"#____#",
		"#____#",
		"#____#",
		"#____#",
		"######",
	],
	[
		"######",
		"#____#",
		"#____#",
		"#____#",
		"#____#",
		"######",
	]],
	"name": "Flowerpot",
	"output": { 
    "type": "block", 
    "code": "clayworks:flowerpotcolored-white-raw"  
  }
}]
