{
	"ingredient": { 
    "type": "item", 
    "code": "game:clay-*", 
    "name": "type", 
    "allowedVariants": [
      "blue", 
      "fire", 
      "red"
    ] 
  },
	"pattern": [[
		"######",
		"######",
		"######",
		"######",
		"######",
		"######",
	],
	[
		"######",
		"#____#",
		"#____#",
		"#____#",
		"#____#",
		"######",
	],
	[
		"######",
		"#____#",
		"#____#",
		"#____#",
		"#____#",
		"######",
	],
	[
		"######",
		"#____#",
		"#____#",
		"#____#",
		"#____#",
		"######",
	],
	[
		"######",
		"#____#",
		"#____#",
		"#____#",
		"#____#",
		"######",
	],
	[
		"######",
		"#____#",
		"#____#",
		"#____#",
		"#____#",
		"######",
	],
	[
		"######",
		"#____#",
		"#____#",
		"#____#",
		"#____#",
		"######",
	]],
	"name": "Flowerpot",
	"output": { 
    "type": "block", 
    "code": "clayworks:flowerpotcolored-natural{type}-raw"  
  }
}
