{
	"ingredient": { 
    "type": "item", 
    "code": "game:clay-*", 
    "name": "type", 
    "allowedVariants": [
      "blue",
      "red",
      "fire"
    ] 
  },
	"pattern": [[
		"#####__#####",
		"#####__#####",
		"#####__#####",
		"#####__#####",
		"#####__#####",
		"____________",
		"____________",
		"#####__#####",
		"#####__#####",
		"#####__#####",
		"#####__#####",
		"#####__#####"
	],
	[
		"#####__#####",
		"#___#__#___#",
		"#___#__#___#",
		"#___#__#___#",
		"#####__#####",
		"____________",
		"____________",
		"#####__#####",
		"#___#__#___#",
		"#___#__#___#",
		"#___#__#___#",
		"#####__#####"
	]],
	"name": "Bowl",
	"output": { 
    "type": "block", 
    "code": "clayworks:bowl-natural{type}-raw",
    "stacksize": 4
  }
}
