{
	"ingredient": { 
    "type": "item", 
    "code": "game:clay-*", 
    "name": "type", 
    "allowedVariants": [
      "blue", 
      "fire", 
      "red"
    ] 
  },
	"pattern": [[
		"######__######",
		"######__######",
		"######__######",
		"######__######",
		"######__######",
		"######__######",
		"______________",
		"______________",
		"######__######",
		"######__######",
		"######__######",
		"######__######",
		"######__######",
		"######__######",
	],
	[
		"######__######",
		"#____#__#____#",
		"#____#__#____#",
		"#____#__#____#",
		"#____#__#____#",
		"######__######",
		"______________",
		"______________",
		"######__######",
		"#____#__#____#",
		"#____#__#____#",
		"#____#__#____#",
		"#____#__#____#",
		"######__######",
	],
	[
		"######__######",
		"#____#__#____#",
		"#____#__#____#",
		"#____#__#____#",
		"#____#__#____#",
		"######__######",
		"______________",
		"______________",
		"######__######",
		"#____#__#____#",
		"#____#__#____#",
		"#____#__#____#",
		"#____#__#____#",
		"######__######",
	],
	[
		"######__######",
		"#____#__#____#",
		"#____#__#____#",
		"#____#__#____#",
		"#____#__#____#",
		"######__######",
		"______________",
		"______________",
		"######__######",
		"#____#__#____#",
		"#____#__#____#",
		"#____#__#____#",
		"#____#__#____#",
		"######__######",
	],
	[
		"######__######",
		"#____#__#____#",
		"#____#__#____#",
		"#____#__#____#",
		"#____#__#____#",
		"######__######",
		"______________",
		"______________",
		"######__######",
		"#____#__#____#",
		"#____#__#____#",
		"#____#__#____#",
		"#____#__#____#",
		"######__######",
	],
	[
		"######__######",
		"#____#__#____#",
		"#____#__#____#",
		"#____#__#____#",
		"#____#__#____#",
		"######__######",
		"______________",
		"______________",
		"######__######",
		"#____#__#____#",
		"#____#__#____#",
		"#____#__#____#",
		"#____#__#____#",
		"######__######",
	],
	[
		"######__######",
		"#____#__#____#",
		"#____#__#____#",
		"#____#__#____#",
		"#____#__#____#",
		"######__######",
		"______________",
		"______________",
		"######__######",
		"#____#__#____#",
		"#____#__#____#",
		"#____#__#____#",
		"#____#__#____#",
		"######__######",
	]],
	"name": "Flowerpot",
	"output": { 
    "type": "block", 
    "code": "clayworks:flowerpotcolored-natural{type}-raw", 
    "stacksize": 4 
  }
}
