[
{
	"ingredient": { 
    "type": "item", 
    "code": "game:clay-*", 
    "name": "type", 
    "allowedVariants": [
      "azure",
      "black",
      "brown",
      "gray",
      "green",
      "orange",
      "pink",
      "purple",
      "crimson",
      "yellow"
    ] 
  },
	"pattern": [[
		"#####__#####",
		"#####__#####",
		"#####__#####",
		"#####__#####",
		"#####__#####",
		"____________",
		"____________",
		"#####__#####",
		"#####__#####",
		"#####__#####",
		"#####__#####",
		"#####__#####"
	],
	[
		"#####__#####",
		"#___#__#___#",
		"#___#__#___#",
		"#___#__#___#",
		"#####__#####",
		"____________",
		"____________",
		"#####__#####",
		"#___#__#___#",
		"#___#__#___#",
		"#___#__#___#",
		"#####__#####"
	]],
	"name": "Bowl",
	"output": { 
    "type": "block", 
    "code": "clayworks:bowl-{type}-raw",
    "stacksize": 4
  }
},
  {
	"ingredient": { 
    "type": "item", 
    "code": "game:clay-snow", 
  },
	"pattern": [[
		"#####__#####",
		"#####__#####",
		"#####__#####",
		"#####__#####",
		"#####__#####",
		"____________",
		"____________",
		"#####__#####",
		"#####__#####",
		"#####__#####",
		"#####__#####",
		"#####__#####"
	],
	[
		"#####__#####",
		"#___#__#___#",
		"#___#__#___#",
		"#___#__#___#",
		"#####__#####",
		"____________",
		"____________",
		"#####__#####",
		"#___#__#___#",
		"#___#__#___#",
		"#___#__#___#",
		"#####__#####"
	]],
	"name": "Bowl",
	"output": { 
    "type": "block", 
    "code": "clayworks:bowl-white-raw",
    "stacksize": 4
  }
}]
