{
	"ingredient": { 
    "type": "item", 
    "code": "game:clay-*", 
    "name": "type", 
    "allowedVariants": [
      "blue",
      "fire",
      "red"
    ] 
  },
	"pattern": [[
		"____________",
		"_###____###_",
		"_###____###_",
		"_###____###_",
		"____________",
		"____________",
		"____________",
		"____________",
		"_###____###_",
		"_###____###_",
		"_###____###_",
		"____________"
	],
	[
		"#####__#####",
		"#___#__#___#",
		"#___#__#___#",
		"#___#__#___#",
		"#####__#####",
		"____________",
		"____________",
		"#####__#####",
		"#___#__#___#",
		"#___#__#___#",
		"#___#__#___#",
		"#####__#####"
	],
	[
		"#####__#####",
		"#___#__#___#",
		"#___#__#___#",
		"#___#__#___#",
		"#####__#####",
		"____________",
		"____________",
		"#####__#####",
		"#___#__#___#",
		"#___#__#___#",
		"#___#__#___#",
		"#####__#####"
	],
	[
		"#####__#####",
		"#___#__#___#",
		"#___#__#___#",
		"#___#__#___#",
		"#####__#####",
		"____________",
		"____________",
		"#####__#####",
		"#___#__#___#",
		"#___#__#___#",
		"#___#__#___#",
		"#####__#####"
	],
	[
		"#####__#####",
		"#___#__#___#",
		"#___#__#___#",
		"#___#__#___#",
		"#####__#####",
		"____________",
		"____________",
		"#####__#####",
		"#___#__#___#",
		"#___#__#___#",
		"#___#__#___#",
		"#####__#####"
	],
	[
		"#####__#####",
		"#####__#####",
		"#####__#####",
		"#####__#####",
		"#####__#####",
		"____________",
		"____________",
		"#####__#####",
		"#####__#####",
		"#####__#####",
		"#####__#####",
		"#####__#####"
	],
	[
		"____________",
		"____________",
		"__#______#__",
		"____________",
		"____________",
		"____________",
		"____________",
		"____________",
		"____________",
		"__#______#__",
		"____________",
		"____________"
	]],
	"name": "4x Crock",
	"output": { 
    "type": "block", 
    "code": "clayworks:crock-raw-natural{type}-east", 
    "stacksize": 4  
  }
}
