{
	"ingredient": { 
    "type": "item", 
    "code": "game:clay-fire" 
  },
	"pattern": [[
		"######",
		"######",
		"######",
		"######",
		"######",
		"######",

	],
	[
		"######",
		"#____#",
		"#____#",
		"#____#",
		"#____#",
		"######",
	],
	[
		"######",
		"#____#",
		"#____#",
		"#____#",
		"#____#",
		"######",
	],
	[
		"######",
		"#____#",
		"#____#",
		"#____#",
		"#____#",
		"######",
	],
	[
		"######",
		"#____#",
		"#____#",
		"#____#",
		"#____#",
		"######",
	],
	[
		"######",
		"#____#",
		"#____#",
		"#____#",
		"#____#",
		"######",
	],
	[
		"######",
		"#____#",
		"#____#",
		"#____#",
		"#____#",
		"######",
	],
	[
		"______",
		"_####_",
		"_####_",
		"_####_",
		"_####_",
		"______",
	],
	[
		"______",
		"______",
		"__##__",
		"__##__",
		"______",
		"______",
	],
	[
		"______",
		"______",
		"__##__",
		"__##__",
		"______",
		"______",
	]
	],
	"name": "Jug",
	"output": { 
    "type": "block", 
    "code": "clayworks:jug-naturalfire-raw"  
  }
}
