{
	"ingredient": { 
    "type": "item", 
    "code": "game:clay-*", 
    "name": "type", 
    "allowedVariants": [
      "blue",
      "red",
      "fire"
    ] 
  },
	"pattern": [
	[
    "####__####__####",
    "####__####__####",
		"####__####__####",
		"####__####__####",
		"####__####__####",
		"________________",
		"####__####__####",
		"####__####__####",
		"####__####__####",
    "####__####__####",
    "####__####__####"
	],
	[
    "####__####__####",
		"####__####__####",
    "####__####__####",
		"####__####__####",
		"####__####__####",
		"________________",
		"####__####__####",
		"####__####__####",
		"####__####__####",
    "####__####__####",
    "####__####__####"
	],
	[
    "####__####__####",
		"####__####__####",
    "####__####__####",
		"####__####__####",
		"####__####__####",
		"________________",
		"####__####__####",
		"####__####__####",
		"####__####__####",
    "####__####__####",
    "####__####__####"
	]],
	"name": "Bricks",
	"output": { 
    "type": "item", 
    "code": "game:rawbrick-{type}", 
    "stacksize": 6  
  }
}
