[{
	"ingredient": { 
    "type": "item", 
    "code": "game:clay-*", 
    "name": "type", 
    "allowedVariants": [
      "azure", 
      "black",
      "brown",
      "gray",
      "green",
      "orange",
      "pink",
      "purple",
      "crimson",
      "yellow",
    ] 
  },
	"pattern": [
	[
    "####__####__####",
    "####__####__####",
		"####__####__####",
		"####__####__####",
		"####__####__####",
		"________________",
		"####__####__####",
		"####__####__####",
		"####__####__####",
    "####__####__####",
    "####__####__####"
	],
	[
    "####__####__####",
		"####__####__####",
    "####__####__####",
		"####__####__####",
		"####__####__####",
		"________________",
		"####__####__####",
		"####__####__####",
		"####__####__####",
    "####__####__####",
    "####__####__####"
	],
	[
    "####__####__####",
		"####__####__####",
    "####__####__####",
		"####__####__####",
		"####__####__####",
		"________________",
		"####__####__####",
		"####__####__####",
		"####__####__####",
    "####__####__####",
    "####__####__####"
	]],
	"name": "Bricks",
	"output": { 
    "type": "item", 
    "code": "clayworks:brick-{type}-raw", 
    "stacksize": 6  
  }
},
{
	"ingredient": { 
    "type": "item", 
    "code": "game:clay-snow" 
  },
	"pattern": [
	[
    "####__####__####",
    "####__####__####",
		"####__####__####",
		"####__####__####",
		"####__####__####",
		"________________",
		"####__####__####",
		"####__####__####",
		"####__####__####",
    "####__####__####",
    "####__####__####"
	],
	[
    "####__####__####",
		"####__####__####",
    "####__####__####",
		"####__####__####",
		"####__####__####",
		"________________",
		"####__####__####",
		"####__####__####",
		"####__####__####",
    "####__####__####",
    "####__####__####"
	],
	[
    "####__####__####",
		"####__####__####",
    "####__####__####",
		"####__####__####",
		"####__####__####",
		"________________",
		"####__####__####",
		"####__####__####",
		"####__####__####",
    "####__####__####",
    "####__####__####"
	]],
	"name": "Bricks",
	"output": { 
    "type": "item", 
    "code": "clayworks:brick-white-raw", 
    "stacksize": 6  
  }
}]
