[
{
	"ingredient": { 
    "type": "item", 
    "code": "game:clay-*", 
    "name": "type", 
    "allowedVariants": [
      "azure",
      "black",
      "brown",
      "crimson",
      "gray",
      "green",
      "orange",
      "purple",
      "pink",
      "yellow"
    ] 
  },
	"pattern": [[
		"###_###_###_###",
		"###_###_###_###",
		"###_###_###_###",
		"###_###_###_###",
		"_______________",
		"###_###_###_###",
		"###_###_###_###",
		"###_###_###_###",
		"###_###_###_###",
		"_______________",
		"###_###_###_###",
		"###_###_###_###",
		"###_###_###_###",
		"###_###_###_###",
	]],
	"name": "Shingles",
	"output": { 
    "type": "item", 
    "code": "clayworks:shinglecolored-{type}-raw", 
    "stacksize": 12   
  }
},
{
	"ingredient": { 
    "type": "item", 
    "code": "game:clay-snow"
  },
	"pattern": [[
		"###_###_###_###",
		"###_###_###_###",
		"###_###_###_###",
		"###_###_###_###",
		"_______________",
		"###_###_###_###",
		"###_###_###_###",
		"###_###_###_###",
		"###_###_###_###",
		"_______________",
		"###_###_###_###",
		"###_###_###_###",
		"###_###_###_###",
		"###_###_###_###",
	]],
	"name": "Shingles",
	"output": { 
    "type": "item", 
    "code": "clayworks:shinglecolored-white-raw", 
    "stacksize": 12   
  }
}
]
