{
	"ingredient": { 
    "type": "item", 
    "code": "game:clay-*", 
    "name": "type", 
    "allowedVariants": [
      "blue", 
      "fire", 
      "red"
    ] 
  },
	"pattern": [[
		"_____________",
		"____#####____",
		"____#####____",
		"____#####____",
		"____#####____",
		"____#####____",
		"_____________",
	],
	[
		"___#######___",
		"___#_____#___",
		"___#_____#___",
		"___#_____#___",
		"___#_____#___",
		"___#_____#___",
		"___#######___",
	],
	[
		"___#######___",
		"___#_____#___",
		"___#_____#___",
		"___#_____#___",
		"___#_____#___",
		"___#_____#___",
		"___#######___",
	],
	[
		"___#######___",
		"___#_____#___",
		"___#_____#___",
		"___#_____#___",
		"___#_____#___",
		"___#_____#___",
		"___#######___",
	],
	[
		"___#######___",
		"___#_____#___",
		"___#_____#___",
		"___#_____#___",
		"___#_____#___",
		"___#_____#___",
		"___#######___",
	],
	[
		"___#######___",
		"___#_____#___",
		"___#_____###_",
		"___#_____###_",
		"___#_____###_",
		"___#_____#___",
		"___#######___",
	],
	[
		"___#######___",
		"___#_____#___",
		"___#_____#_##",
		"___#_____#_##",
		"___#_____#_##",
		"___#_____#___",
		"___#######___",
	],
	[
		"___#######___",
		"___#_____#___",
		"####_____#_##",
		"####_____#_##",
		"####_____#_##",
		"___#_____#___",
		"___#######___",
	],
	[
		"_____________",
		"____#####____",
		"####_____#_##",
		"####_____#_##",
		"####_____#_##",
		"____#####____",
		"_____________",
	],
	[
		"_____________",
		"____#####____",
		"____#___####_",
		"____#___####_",
		"____#___####_",
		"____#####____",
		"_____________",
	],
		[
		"_____________",
		"____#####____",
		"____#####____",
		"____#####____",
		"____#####____",
		"____#####____",
		"_____________",
	]],
	"name": "Wateringcan",
	"output": { 
    "type": "block", 
    "code": "clayworks:wateringcancolored-natural{type}-raw"  
  }
}
