[
  {
    "code": "clay-naturalblue-color",
    "sealHours": 24,
    "ingredients": [
      {
        "type": "item",
        "code": "game:dye-*",
        "litres": 1,
        "name": "color",
        "allowedVariants": [
          "purple",
          "black",
          "gray",
          "green"
        ]
      },
      {
        "type": "item",
        "code": "game:clay-blue",
        "quanity": 1
      }
    ],
    "output": {
      "type": "item",
      "code": "game:clay-{color}",
      "stackSize": 1
    }
  },
  {
    "code": "clay-azure-color-natural",
    "sealHours": 24,
    "ingredients": [
      {
        "type": "item",
        "code": "game:dye-blue",
        "litres": 1
      },
      {
        "type": "item",
        "code": "game:clay-*",
        "name": "type",
        "allowedVariants": [
          "fire",
          "blue"
        ],
        "quanity": 1
      }
    ],
    "output": {
      "type": "item",
      "code": "game:clay-azure",
      "stackSize": 1
    }
  },
  {
    "code": "clay-azure-color",
    "sealHours": 24,
    "ingredients": [
      {
        "type": "item",
        "code": "game:dye-blue",
        "litres": 1
      },
      {
        "type": "item",
        "code": "game:clay-gray",
        "name": "type",
        "quanity": 1
      }
    ],
    "output": {
      "type": "item",
      "code": "game:clay-azure",
      "stackSize": 1
    }
  },
  {
    "code": "clay-naturalred-color",
    "sealHours": 24,
    "ingredients": [
      {
        "type": "item",
        "code": "game:dye-*",
        "litres": 1,
        "name": "color",
        "allowedVariants": [
          "crimson",
          "yellow",
          "orange",
          "black",
          "gray",
          "pink"
        ]
      },
      {
        "type": "item",
        "code": "game:clay-red",
        "quanity": 1
      }
    ],
    "output": {
      "type": "item",
      "code": "game:clay-{color}",
      "stackSize": 1
    }
  },
  {
    "code": "clay-crimson-color-natural",
    "sealHours": 24,
    "ingredients": [
      {
        "type": "item",
        "code": "game:dye-red",
        "litres": 1
      },
      {
        "type": "item",
        "code": "game:clay-*",
        "name": "type",
        "allowedVariants": [
          "fire",
          "red"
        ],
        "quanity": 1
      }
    ],
    "output": {
      "type": "item",
      "code": "game:clay-crimson",
      "stackSize": 1
    }
  },
  {
    "code": "clay-crimson-color",
    "sealHours": 24,
    "ingredients": [
      {
        "type": "item",
        "code": "game:dye-red",
        "litres": 1
      },
      {
        "type": "item",
        "code": "game:clay-pink",
        "name": "type",
        "quanity": 1
      }
    ],
    "output": {
      "type": "item",
      "code": "game:clay-crimson",
      "stackSize": 1
    }
  },
  {
    "code": "clay-naturalfire-color",
    "sealHours": 24,
    "ingredients": [
      {
        "type": "item",
        "code": "game:dye-*",
        "litres": 1,
        "name": "color",
        "allowedVariants": [
          "yellow",
          "purple",
          "brown",
          "green",
          "orange",
          "black",
          "gray",
          "pink"
        ]
      },
      {
        "type": "item",
        "code": "game:clay-fire",
        "quanity": 1
      }
    ],
    "output": {
      "type": "item",
      "code": "game:clay-{color}",
      "stackSize": 1
    }
  },
  {
    "code": "clay-naturalfire-color-white",
    "sealHours": 24,
    "ingredients": [
      {
        "type": "item",
        "code": "game:dye-*",
        "litres": 1,
        "name": "color",
        "allowedVariants": [
          "white"
        ]
      },
      {
        "type": "item",
        "code": "game:clay-fire",
        "quanity": 1
      }
    ],
    "output": {
      "type": "item",
      "code": "game:clay-snow",
      "stackSize": 1
    }
  },
  {
    "code": "clay-blue-color-woad",
    "sealHours": 24,
    "ingredients": [
      {
        "type": "item",
        "code": "game:dye-woad",
        "litres": 1
      },
      {
        "type": "item",
        "code": "game:clay-*",
        "quanity": 1,
        "name": "type",
        "allowedVariants": [
          "azure",
          "fire"
        ]
      }
    ],
    "output": {
      "type": "item",
      "code": "game:clay-azure",
      "stackSize": 1
    }
  },
  {
    "code": "clay-snow-color",
    "sealHours": 24,
    "ingredients": [
      {
        "type": "item",
        "code": "game:dye-*",
        "litres": 1,
        "name": "color",
        "allowedVariants": [
          "brown",
          "yellow",
          "purple",
          "green",
          "orange",
          "gray",
          "pink"
        ]
      },
      {
        "type": "item",
        "code": "game:clay-snow",
        "quanity": 1
      }
    ],
    "output": {
      "type": "item",
      "code": "game:clay-{color}",
      "stackSize": 1
    }
  },
  {
    "code": "clay-gray-color",
    "sealHours": 24,
    "ingredients": [
      {
        "type": "item",
        "code": "game:dye-*",
        "litres": 1,
        "name": "color",
        "allowedVariants": [
          "purple",
          "green",
          "black"
        ]
      },
      {
        "type": "item",
        "code": "game:clay-gray",
        "quanity": 1
      }
    ],
    "output": {
      "type": "item",
      "code": "game:clay-{color}",
      "stackSize": 1
    }
  },
  {
    "code": "clay-gray-color-white",
    "sealHours": 24,
    "ingredients": [
      {
        "type": "item",
        "code": "game:dye-*",
        "litres": 1,
        "name": "color",
        "allowedVariants": [
          "white"
        ]
      },
      {
        "type": "item",
        "code": "game:clay-gray",
        "quanity": 1
      }
    ],
    "output": {
      "type": "item",
      "code": "game:clay-snow",
      "stackSize": 1
    }
  },
  {
    "code": "clay-blue-yellow-color",
    "sealHours": 24,
    "ingredients": [
      {
        "type": "item",
        "code": "game:dye-yellow",
        "litres": 1
      },
      {
        "type": "item",
        "code": "game:clay-azure",
        "quanity": 1
      }
    ],
    "output": {
      "type": "item",
      "code": "game:clay-green",
      "stackSize": 1
    }
  },
  {
    "code": "clay-yellow-blue-color",
    "sealHours": 24,
    "ingredients": [
      {
        "type": "item",
        "code": "game:dye-blue",
        "litres": 1
      },
      {
        "type": "item",
        "code": "game:clay-yellow",
        "quanity": 1
      }
    ],
    "output": {
      "type": "item",
      "code": "game:clay-green",
      "stackSize": 1
    }
  },
  {
    "code": "clay-red-yellow-color",
    "sealHours": 24,
    "ingredients": [
      {
        "type": "item",
        "code": "game:dye-yellow",
        "litres": 1
      },
      {
        "type": "item",
        "code": "game:clay-crimson",
        "quanity": 1
      }
    ],
    "output": {
      "type": "item",
      "code": "game:clay-orange",
      "stackSize": 1
    }
  },
  {
    "code": "clay-yellow-red-color",
    "sealHours": 24,
    "ingredients": [
      {
        "type": "item",
        "code": "game:dye-red",
        "litres": 1
      },
      {
        "type": "item",
        "code": "game:clay-yellow",
        "quanity": 1
      }
    ],
    "output": {
      "type": "item",
      "code": "game:clay-orange",
      "stackSize": 1
    }
  },
  {
    "code": "clay-red-blue-color",
    "sealHours": 24,
    "ingredients": [
      {
        "type": "item",
        "code": "game:dye-blue",
        "litres": 1
      },
      {
        "type": "item",
        "code": "game:clay-crimson",
        "quanity": 1
      }
    ],
    "output": {
      "type": "item",
      "code": "game:clay-purple",
      "stackSize": 1
    }
  },
  {
    "code": "clay-blue-red-color",
    "sealHours": 24,
    "ingredients": [
      {
        "type": "item",
        "code": "game:dye-red",
        "litres": 1
      },
      {
        "type": "item",
        "code": "game:clay-azure",
        "quanity": 1
      }
    ],
    "output": {
      "type": "item",
      "code": "game:clay-purple",
      "stackSize": 1
    }
  },
  {
    "code": "clay-red-white-color",
    "sealHours": 24,
    "ingredients": [
      {
        "type": "item",
        "code": "game:dye-white",
        "litres": 1
      },
      {
        "type": "item",
        "code": "game:clay-crimson",
        "quanity": 1
      }
    ],
    "output": {
      "type": "item",
      "code": "game:clay-pink",
      "stackSize": 1
    }
  },
  {
    "code": "clay-snow-red-color",
    "sealHours": 24,
    "ingredients": [
      {
        "type": "item",
        "code": "game:dye-red",
        "litres": 1
      },
      {
        "type": "item",
        "code": "game:clay-snow",
        "quanity": 1
      }
    ],
    "output": {
      "type": "item",
      "code": "game:clay-pink",
      "stackSize": 1
    }
  },
  {
    "code": "clay-black-white-color",
    "sealHours": 24,
    "ingredients": [
      {
        "type": "item",
        "code": "game:dye-white",
        "litres": 1
      },
      {
        "type": "item",
        "code": "game:clay-black",
        "quanity": 1
      }
    ],
    "output": {
      "type": "item",
      "code": "game:clay-gray",
      "stackSize": 1
    }
  },
  {
    "code": "clay-snow-black-color",
    "sealHours": 24,
    "ingredients": [
      {
        "type": "item",
        "code": "game:dye-black",
        "litres": 1
      },
      {
        "type": "item",
        "code": "game:clay-snow",
        "quanity": 1
      }
    ],
    "output": {
      "type": "item",
      "code": "game:clay-gray",
      "stackSize": 1
    }
  },
  {
    "code": "clay-red-green-color",
    "sealHours": 24,
    "ingredients": [
      {
        "type": "item",
        "code": "game:dye-green",
        "litres": 1
      },
      {
        "type": "item",
        "code": "game:clay-crimson",
        "quanity": 1
      }
    ],
    "output": {
      "type": "item",
      "code": "game:clay-brown",
      "stackSize": 1
    }
  },
  {
    "code": "clay-green-red-color",
    "sealHours": 24,
    "ingredients": [
      {
        "type": "item",
        "code": "game:dye-red",
        "litres": 1
      },
      {
        "type": "item",
        "code": "game:clay-green",
        "quanity": 1
      }
    ],
    "output": {
      "type": "item",
      "code": "game:clay-brown",
      "stackSize": 1
    }
  }
]
