{
	code: "tongsiron",
	class: "ItemTongs",
	behaviors: [{ 
		name: "GroundStorable",
		properties: {
			layout: 'WallHalves',
			wallOffY: 2,
			ctrlKey: true,
			selectionBox: { x1: 0, y1: 0, z1: 0, x2: 1, y2: 0.1, z2: 1 },
			collisionBox: { x1: 0, y1: 0, z1: 0, x2: 0, y2: 0, z2: 0 },
		}
	}],
	variantgroups: [
		{ code: "metal", states: ["copper", "tinbronze", "bismuthbronze", "blackbronze", "gold", "silver", "iron", "meteoriciron", "steel" ] },
	],
	storageFlags: 257,
	attributes: {
		rackable: true,
		toolrackTransform: {
			translation: { x: 0.8, y: 0, z: 0 },
			rotation: { x: 0, y: 0, z: 180 },
			origin: { x: 0, y: 0.5, z: 0 },
			scale: 0.85
		},
		heatResistant: true,
		groundStorageTransformByType: {
			"*": {
				translation: { x: 0, y: 0, z: 0.3 },
				rotation: { x: 0, y: -91, z: -109 },
				scale: 0.65
			}
		}
	},
	shapeByType: {
		"tongsiron-copper": { "base": "item/tool/tongscopper" },
		"tongsiron-tinbronze": { "base": "item/tool/tongscopper" },
		"tongsiron-bismuthbronze": { "base": "item/tool/tongscopper" },
		"tongsiron-blackbronze": { "base": "item/tool/tongscopper" },
		"tongsiron-gold": { "base": "item/tool/tongsiron" },
		"tongsiron-silver": { "base": "item/tool/tongsiron" },
		"tongsiron-iron": { "base": "item/tool/tongsiron" },
		"tongsiron-meteoriciron": { "base": "item/tool/tongsiron" },
		"tongsiron-steel": { "base": "item/tool/tongsiron" },
	},
	textures: {
		"metal": { base: "block/metal/ingot/{metal}" }
	},
	creativeinventory: { "general": ["*"], "items": ["*"], "tools": ["*"] },
	guiTransform: {
		translation: { x: -6, y: 8, z: 0 },
		rotation: { x: -77, y: 46, z: 8 },
		origin: { x: 0.59, y: 0.5, z: 0.49 },
		scale: 1.7
	},
	fpHandTransform: {
		translation: { x: -0.01, y: -0.48, z: 0 },
		rotation: { x: 35, y: 50, z: -11 },
		scale: 2.75
	},
	groundTransform: {
		translation: { x: 0, y: 0, z: 0 },
		rotation: { x: -6, y: 0, z: 0 },
		origin: { x: 0.5, y: 0.46, z: 0.5 },
		scale: 3.2
	},
	tpHandTransform: {
		translation: { x: -0.8, y: -0.9, z: -1.1 },
		rotation: { x: 26, y: 0, z: -73 },
		origin: { x: 0.5, y: 0.2, z: 0.5 },
		scale: 0.6
	}
}