[
    {
        "ingredientPattern": "S,W",
        "ingredients": {
            "S": {
                "type": "item",
                "code": "game:saw-*",
                "isTool": "true"
            },
            "W": {
                "type": "item",
                "code": "game:firewood"
            }
        },
		"width": 1,
		"height": 2,
        "output": {
            "type": "item",
            "code": "game:stick",
            "quantity": 4
        }
    },
    {
        "ingredientPattern": "A,W",
        "ingredients": {
            "A": {
                "type": "item",
                "code": "game:axe-*",
                "isTool": "true"
            },
            "W": {
                "type": "item",
                "code": "game:firewood"
            }
        },
		"width": 1,
		"height": 2,
        "output": {
            "type": "item",
            "code": "game:stick",
            "quantity": 2
        }
    },
    {
        "ingredientPattern": "K,W",
        "ingredients": {
            "K": {
                "type": "item",
                "code": "game:knife-*",
                "isTool": "true"
            },
            "W": {
                "type": "item",
                "code": "game:firewood"
            }
        },
		"width": 1,
		"height": 2,
        "output": {
            "type": "item",
            "code": "game:stick",
            "quantity": 1
        }
    },
	{
		"ingredientPattern": "S,P",
		"ingredients": {
			"S": {
				"type": "item",
				"code": "game:saw-*",
				"isTool": "true"
			},
			"P": {
				"type": "item",
				"code": "game:plank-*"
			}
		},
		"width": 1,
		"height": 2,
		"output": {
			"type": "item",
			"code": "game:stick",
			"quantity": 3
		}
	},
	{
		"ingredientPattern": "A,P",
		"ingredients": {
			"A": {
				"type": "item",
				"code": "game:axe-*",
				"isTool": "true"
			},
			"P": {
				"type": "item",
				"code": "game:plank-*"
			}
		},
		"width": 1,
		"height": 2,
		"output": {
			"type": "item",
			"code": "game:stick",
			"quantity": 2
		}
	},
	{
		"ingredientPattern": "K,P",
		"ingredients": {
			"K": {
				"type": "item",
				"code": "game:knife-*",
				"isTool": "true"
			},
			"P": {
				"type": "item",
				"code": "game:plank-*"
			}
		},
		"width": 1,
		"height": 2,
		"output": {
			"type": "item",
			"code": "game:stick",
			"quantity": 1
		}
	}
]