{
	"version": 2,
	"patches": {
		"boolean": {
	  		"bradycrudebuilding:blocktypes/clay/bucket.json": { "enabled": "BUCKET_CLAY" },
			"bradycrudebuilding:recipes/clayforming/bucket.json": { "enabled": "BUCKET_CLAY" },
			"bradycrudebuilding:compatibility/bricklayers/blocktypes/clay/bucketcoloured.json": { "enabled": "BUCKET_CLAY" },
			"bradycrudebuilding:compatibility/bricklayers/recipes/clayforming/bucket.json": { "enabled": "BUCKET_CLAY" },
			"bradycrudebuilding:blocktypes/clay/bowl-large.json": { "enabled": "BRAZIER_CLAY" },
			"bradycrudebuilding:recipes/clayforming/bowl-large.json": { "enabled": "BRAZIER_CLAY" },
			"bradycrudebuilding:blocktypes/clay/oilbrazier.json": { "enabled": "BRAZIER_CLAY" },
			"bradycrudebuilding:recipes/grid/oilbrazier.json": { "0/enabled": "BRAZIER_CLAY" },
			"bradycrudebuilding:patches/config/disabledwalkwaysnow.json": {
				"0/enabled": "WALKWAY_SNOW",
				"1/enabled": "WALKWAY_SNOW"
			},
			"bradycrudebuilding:compatibility/clayworks/patches/bricklayers.json": {
				"1/enabled": "(COMPAT_CLAY) ? true : false", 
				"2/enabled": "(COMPAT_CLAY) ? true : false"
			},
			"bradycrudebuilding:compatibility/bricklayers/patches/clayworks.json": {
				"1/enabled": "(COMPAT_CLAY) ? false : true", 
				"2/enabled": "(COMPAT_CLAY) ? false : true"
			}

		}
	},
	"settings": {
		"boolean": {
			"BUCKET_CLAY": {
				"name": "bucket-clay",
				"ingui": "setting-bucket-clay",
				"weight": 0.1,
				"comment": "hint-bucket-clay",
				"default": true
			},
			"BRAZIER_CLAY": {
				"name": "brazier-clay",
				"ingui": "setting-brazier-clay",
				"weight": 0.2,
				"comment": "hint-brazier-clay",
				"default": true
			},
			"WALKWAY_SNOW": {
				"name": "walkway-snow",
				"ingui": "setting-walkway-snow",
				"weight": 5.0,
				"comment": "hint-walkway-snow",
				"default": false
			},
			"COMPAT_CLAY": {
				"name": "compat-clay",
				"ingui": "setting-compat-clay",
				"weight": 99,
				"comment": "hint-compat-clay",
				"default": true
			},
		}
	},
	"//formatting": [
		{
			"type": "separator",
			"weight": 1.0
		}
	]
}