{
  "code": "tailoredbrigandine",
  "class": "ItemWearable",
  "heldTpIdleAnimation": "holdunderarm",
  "variantgroups": [
    { "code": "bodypart", "states": ["head", "body", "legs"] },
    {
      "code": "material",
      "states": [
        "copper",
        "tinbronze",
        "bismuthbronze",
        "blackbronze",
        "iron",
        "meteoriciron",
        "steel",
        "leather"
      ]
    },
    {
      "code": "color",
      "states": ["blue", "red", "green", "black", "purple", "gray", "orange"]
    }
  ],
  "skipVariants": ["tailoredbrigandine-head-leather-*"],
  "shapeByType": {
    "tailoredbrigandine-head-tinbronze-*": {
      "base": "game:entity/humanoid/seraph/armor/brigandine/{bodypart}-bronze"
    },
    "tailoredbrigandine-head-bismuthbronze-*": {
      "base": "game:entity/humanoid/seraph/armor/brigandine/{bodypart}-bronze"
    },
    "tailoredbrigandine-head-blackbronze-*": {
      "base": "game:entity/humanoid/seraph/armor/brigandine/{bodypart}-bronze"
    },
    "tailoredbrigandine-head-meteoriciron-*": {
      "base": "entity/humanoid/seraph/armor/tailoredbrigandine/{bodypart}-steel"
    },
    "tailoredbrigandine-head-steel-*": {
      "base": "entity/humanoid/seraph/armor/tailoredbrigandine/{bodypart}-steel"
    },
    "tailoredbrigandine-head-*": {
      "base": "game:entity/humanoid/seraph/armor/brigandine/head-{material}"
    },
    "tailoredbrigandine-*": {
      "base": "game:entity/humanoid/seraph/armor/brigandine/{bodypart}"
    }
  },
  "texturesByType": {
    "*tailoredbrigandine-*-copper-*": {
      "seraph": { "base": "game:block/transparent" },
      "material": {
        "baseByType": {
          "*": "entity/humanoid/serapharmor/tailoredbrigandine/copper-{color}"
        }
      }
    },
    "*tailoredbrigandine-*-tinbronze-*": {
      "seraph": { "base": "game:block/transparent" },
      "material": {
        "baseByType": {
          "*": "entity/humanoid/serapharmor/tailoredbrigandine/tinbronze-{color}"
        }
      }
    },
    "*tailoredbrigandine-*-blackbronze-*": {
      "seraph": { "base": "game:block/transparent" },
      "material": {
        "baseByType": {
          "*": "entity/humanoid/serapharmor/tailoredbrigandine/blackbronze-{color}"
        }
      }
    },
    "*tailoredbrigandine-*-bismuthbronze-*": {
      "seraph": { "base": "game:block/transparent" },
      "material": {
        "baseByType": {
          "*": "entity/humanoid/serapharmor/tailoredbrigandine/bismuthbronze-{color}"
        }
      }
    },
    "*tailoredbrigandine-*-iron-*": {
      "seraph": { "base": "game:block/transparent" },
      "material": {
        "baseByType": {
          "*": "entity/humanoid/serapharmor/tailoredbrigandine/iron-{color}"
        }
      }
    },
    "*tailoredbrigandine-*-meteoriciron-*": {
      "seraph": { "base": "game:block/transparent" },
      "material": {
        "baseByType": {
          "*": "entity/humanoid/serapharmor/tailoredbrigandine/meteoriciron-{color}"
        }
      }
    },
    "*tailoredbrigandine-*-steel-*": {
      "seraph": { "base": "game:block/transparent" },
      "material": {
        "baseByType": {
          "*": "entity/humanoid/serapharmor/tailoredbrigandine/steel-{color}"
        }
      }
    },
    "*tailoredbrigandine-*-leather-*": {
      "seraph": { "base": "game:block/transparent" },
      "leather": {
        "baseByType": {
          "*": "entity/humanoid/serapharmor/tailoredbrigandine/leather-{color}"
        }
      }
    }
  },
  "storageFlags": 128,
  "attributes": {
    "visibleDamageEffect": true,
    "wearableAttachment": true,
    "clothescategoryByType": {
      "tailoredbrigandine-head-*": "armorhead",
      "tailoredbrigandine-body-*": "armorbody",
      "tailoredbrigandine-legs-*": "armorlegs"
    },
    "disableElementsByType": {
      "tailoredbrigandine-head-*": [
        "Hair tile upper part",
        "Ponytail1",
        "hideme"
      ],
      "tailoredbrigandine-body-*": ["Waist", "hideupperarm", "hidelowerarm"]
    },
    "defaultProtLoss": {
      "perTierRelativeProtectionLoss": [0.03, 0.15],
      "perTierFlatDamageReductionLoss": [0.1, 0.2]
    },
    "footStepSoundByType": {
      "tailoredbrigandine-body-leather-*": "game:wearable/leather*",
      "tailoredbrigandine-body-*": "game:wearable/brigandine*"
    },
    "protectionModifiersByType": {
      "tailoredbrigandine-*-leather-*": {
        "relativeProtection": 0.4,
        "flatDamageReduction": 0.25,
        "protectionTier": 1
      },
      "tailoredbrigandine-*-copper-*": {
        "relativeProtection": 0.78,
        "flatDamageReduction": 1.0,
        "protectionTier": 1
      },
      "tailoredbrigandine-*-tinbronze-*": {
        "relativeProtection": 0.8,
        "flatDamageReduction": 1.1,
        "protectionTier": 2
      },
      "tailoredbrigandine-*-bismuthbronze-*": {
        "relativeProtection": 0.79,
        "flatDamageReduction": 1.1,
        "protectionTier": 2
      },
      "tailoredbrigandine-*-blackbronze-*": {
        "relativeProtection": 0.81,
        "flatDamageReduction": 1.15,
        "protectionTier": 2
      },
      "tailoredbrigandine-*-iron-*": {
        "relativeProtection": 0.82,
        "flatDamageReduction": 1.2,
        "protectionTier": 3
      },
      "tailoredbrigandine-*-meteoriciron-*": {
        "relativeProtection": 0.825,
        "flatDamageReduction": 1.22,
        "protectionTier": 3
      },
      "tailoredbrigandine-*-steel-*": {
        "relativeProtection": 0.84,
        "flatDamageReduction": 1.3,
        "protectionTier": 4
      }
    },
    "statModifiersByType": {
      "tailoredbrigandine-*-leather-*": {},
      "tailoredbrigandine-*": {
        "rangedWeaponsAcc": -0.05,
        "rangedWeaponsSpeed": -0.1,
        "walkSpeed": -0.04,
        "healingeffectivness": -0.12,
        "hungerrate": 0.05
      }
    }
  },
  "creativeinventory": {
    "general": ["*"],
    "items": ["*"],
    "clothing": ["*"],
    "litbrig": ["*"]
  },
  "renderAlphaTest": 0.25,
  "durabilityByType": {
    "tailoredbrigandine-*-leather-*": 250,
    "tailoredbrigandine-*-copper-*": 1050,
    "tailoredbrigandine-*-tinbronze-*": 1350,
    "tailoredbrigandine-*-bismuthbronze-*": 1300,
    "tailoredbrigandine-*-blackbronze-*": 1450,
    "tailoredbrigandine-*-iron-*": 1550,
    "tailoredbrigandine-*-meteoriciron-*": 1750,
    "tailoredbrigandine-*-steel-*": 2850
  },
  "fpHandTransformByType": {
    "tailoredbrigandine-head-*": {
      "translation": { "x": 0.4, "y": -1.9, "z": -0.5 },
      "rotation": { "x": 163, "y": -111, "z": -180 },
      "origin": { "x": 0.5, "y": 1.7, "z": 0.5 },
      "scale": 2.15
    },
    "tailoredbrigandine-body-*": {
      "translation": { "x": 0.4, "y": -1.2, "z": -0.5 },
      "rotation": { "x": 163, "y": -111, "z": -180 },
      "origin": { "x": 0.5, "y": 1.6, "z": 0.5 },
      "scale": 2.15
    },
    "tailoredbrigandine-legs-*": {
      "translation": { "x": 0.4, "y": -1.2, "z": -0.5 },
      "rotation": { "x": 163, "y": -111, "z": -180 },
      "origin": { "x": 0.5, "y": 1.6, "z": 0.5 },
      "scale": 2.15
    }
  },
  "tpHandTransformByType": {
    "tailoredbrigandine-head-*": {
      "translation": { "x": -0.82, "y": -2.2, "z": -0.5 },
      "rotation": { "x": 18, "y": 169, "z": 30 },
      "origin": { "x": 0.5, "y": 1.7, "z": 0.5 },
      "scale": 0.64
    },
    "tailoredbrigandine-body-*": {
      "translation": { "x": -1, "y": -1.9, "z": -0.5 },
      "rotation": { "x": 97, "y": -168, "z": 94 },
      "origin": { "x": 0.5, "y": 1.5, "z": 0.5 },
      "scale": 0.67
    },
    "tailoredbrigandine-legs-*": {
      "translation": { "x": -0.7, "y": -0.6, "z": -0.4 },
      "rotation": { "x": 95, "y": -20, "z": -91 },
      "origin": { "x": 0.5, "y": 0.7, "z": 0.5 },
      "scale": 0.74
    }
  },
  "guiTransformByType": {
    "tailoredbrigandine-head-*": {
      "translation": { "x": 0, "y": 0, "z": 0 },
      "rotation": { "x": -26, "y": -46, "z": -180 },
      "origin": { "x": 0.6, "y": 1.72, "z": 0.5 },
      "scale": 2
    },
    "tailoredbrigandine-body-*": {
      "translation": { "x": 3, "y": 0, "z": 0 },
      "rotation": { "x": -26, "y": -46, "z": -180 },
      "origin": { "x": 0.5, "y": 1.11, "z": 0.5 },
      "scale": 1.37
    },
    "tailoredbrigandine-legs-*": {
      "translation": { "x": 1, "y": 0, "z": 0 },
      "rotation": { "x": -26, "y": -46, "z": -180 },
      "origin": { "x": 0.5, "y": 0.6, "z": 0.5 },
      "scale": 1.25
    }
  },
  "groundTransformByType": {
    "tailoredbrigandine-head-*": {
      "translation": { "x": 0, "y": 0, "z": 0 },
      "rotation": { "x": 0, "y": 0, "z": 0 },
      "origin": { "x": 0.34, "y": 1.71, "z": 0.5 },
      "scale": 3.1
    },
    "tailoredbrigandine-body-*": {
      "translation": { "x": 0, "y": 0, "z": 0 },
      "rotation": { "x": 0, "y": 0, "z": 90 },
      "origin": { "x": 0.34, "y": 1.12, "z": 0.5 },
      "scale": 3.1
    },
    "tailoredbrigandine-legs-*": {
      "translation": { "x": 0, "y": 0, "z": 0 },
      "rotation": { "x": 0, "y": 0, "z": 90 },
      "origin": { "x": 0.34, "y": 1.12, "z": 0.5 },
      "scale": 3.1
    }
  }
}
