﻿{
	code: "wildpotentflowerwineportion",
	class: "TransLiquid",
	matterState: "liquid",
	variantgroups: [
		{ code: "flower", states: ["currant", "rose", "hibiscus", "honeysuckle", "elder"] }
	],
	attributes: {
		handbook: {
			ignoreCreativeInvStacks: true
		},
		"inBowlShape": { "base": "game:block/food/meal/liquid" },
		nutritionPropsWhenInMealByType: {
			"*": { satiety: 150, health: 1, foodcategory: "Fruit" },
		},
		waterTightContainerProps: {
			containable: true,
			itemsPerLitre: 100,
			"texturebytype": {
				"*-rose": { "base": "wildcraftfruit:block/food/pie/fill-rosepetal", "alpha": 140, },
				"*-hibiscus": { "base": "wildcraftfruit:block/food/pie/fill-hibiscuspetal", "alpha": 140, },
				"*-elder": { "base": "wildcraftfruit:block/food/pie/fill-elderflower", "alpha": 140, },
				"*-currant": { "base": "wildcraftfruit:block/food/pie/fill-currantflower", "alpha": 140, },
				"*-honeysuckle": { "base": "wildcraftfruit:block/food/pie/fill-honeysuckleflower", "alpha": 140, }
			},
			allowSpill: true,
			whenSpilled: {
				action: "DropContents",
				stack: { type: "item", code: "expandedfoods:wildpotentflowerwineportion-{flower}" }
			},
			nutritionPropsPerLitreByType: {
				"*": { saturation: 100, "health": 1, "intoxication": 0.45, foodcategory: "Fruit" },
			},
		},
	},
	transitionableProps: [{
    		type: "Perish",
    		freshHours: { avg: 6720 },
    		transitionHours: { avg: 288 },
    		transitionedStack: { type: "item", code: "game:vinegarportion" },
			transitionRatio: 0.005
  	},
	{
    		type: "Cure",
    		freshHours: { avg: 6720 },
    		transitionHours: { avg: 2016 },
    		transitionedStack: { type: "item", code: "wildpotentflowerwineportion-{flower}" },
    		transitionRatio: 1
  	}],
	shape: { base: "game:item/liquid" },
	"texturebytype": {
		"*-rose": { "base": "wildcraftfruit:block/food/pie/fill-rosepetal", "alpha": 140, },
		"*-hibiscus": { "base": "wildcraftfruit:block/food/pie/fill-hibiscuspetal", "alpha": 140, },
		"*-elder": { "base": "wildcraftfruit:block/food/pie/fill-elderflower", "alpha": 140, },
		"*-currant": { "base": "wildcraftfruit:block/food/pie/fill-currantflower", "alpha": 140, },
		"*-honeysuckle": { "base": "wildcraftfruit:block/food/pie/fill-honeysuckleflower", "alpha": 140, }
	},
	creativeinventoryStacks: [ { tabs: ["general", "liquids", "expandedfoods"], stacks: [ { type: "block", code: "game:woodbucket", attributes: { ucontents: [ { type:"item", code: "expandedfoods:wildpotentflowerwineportion-{flower}", makefull: true } ] } } ] } ],
	maxstacksize: 5000,
	materialDensity: 200,
	nutritionProps: { saturation: 1, health: 0.01, foodcategory: "Fruit" },
	guiTransform: {
		rotation: { x: 128, y: 40, z: 7 },
		origin: { x: 0.5, y: 0, z: 0.5 },
		scale: 1.4
	},
	tpHandTransform: {
		translation: { x: -1.5, y: -1, z: -1.4 },
	},
}
