﻿{
	code: "wildstrongspiritportion",
	class: "TransLiquid",
	matterState: "liquid",
	variantgroups: [
		{ code: "fruit", "loadFromProperties": "wildcraftfruit:block/fruit", "states": ["sumac", "juniper"] },
	],
	"skipVariants": ["*-pittedcherry", "*-pittedapricot", "*-pittedbreadfruit", "*-cashewwhole", "*-chinaberry", "*-beachalmondwhole", "*-lillypillywhite", "*-lillypillyblue", "*-lemon", "*-blacknightshadeunripe"],
	attributes: {
		handbook: {
			ignoreCreativeInvStacks: true
		},
		distillationProps: {
			distilledStack: { type: "item", code: "game:alcoholportion" },
			ratio: 0.75
		},
		"inBowlShape": { "base": "game:block/food/meal/liquid" },
		nutritionPropsWhenInMealByType: {
			"*-wolfberry": { satiety: 135, health: -5, foodcategory: "NoNutrition" },
			"*-crowseye": { satiety: 135, health: -10, foodcategory: "NoNutrition" },
			"*-seamango": { satiety: 135, health: -8, foodcategory: "NoNutrition" },
			"*": { satiety: 135, health: 0.5, foodcategory: "NoNutrition" },
		},
		waterTightContainerProps: {
			containable: true,
			itemsPerLitre: 100,
	        texture: { base: "wildcraftfruit:block/food/pie/fill-{fruit}", "alpha":  120, overlays: ["expandedfoods:item/liquid/syrup"] },
			allowSpill: true,
			whenSpilled: {
				action: "DropContents",
				stack: { type: "item", code: "expandedfoods:wildstrongspiritportion-{fruit}" }
			},
			nutritionPropsPerLitreByType: {
				"*-wolfberry": { saturation: 90, health: -5, intoxication: 2.0, foodcategory: "NoNutrition" },
				"*-crowseye": { saturation: 90, health: -10, intoxication: 2.0, foodcategory: "NoNutrition" },
				"*-seamango": { saturation: 90, health: -8, intoxication: 2.0, foodcategory: "NoNutrition" },
				"*": { saturation: 90, "health": 0.5, "intoxication": 2.0, foodcategory: "NoNutrition" },
			},
		},
	},
	transitionableProps: [{
    	type: "Cure",
    	freshHours: { avg: 13440 },
    	transitionHours: { avg: 4032 },
    	transitionedStack: { type: "item", code: "wildpotentspiritportion-{fruit}" },
    	transitionRatio: 1
  	}],
	shape: { base: "game:item/liquid" },
	"texture": { "base": "wildcraftfruit:block/food/pie/fill-{fruit}", "alpha": 120, overlays: ["expandedfoods:item/liquid/syrup"] },
	creativeinventoryStacks: [ { tabs: ["general", "liquids", "expandedfoods"], stacks: [ { type: "block", code: "game:woodbucket", attributes: { ucontents: [ { type:"item", code: "expandedfoods:wildstrongspiritportion-{fruit}", makefull: true } ] } } ] } ],
	maxstacksize: 5000,
	materialDensity: 200,
	nutritionProps: { saturation: 0.9, health: 0.005, foodcategory: "NoNutrition" },
	guiTransform: {
		rotation: { x: 128, y: 40, z: 7 },
		origin: { x: 0.5, y: 0, z: 0.5 },
		scale: 1.4
	},
	tpHandTransform: {
		translation: { x: -1.5, y: -1, z: -1.4 },
	},
}
