[
	{
		"file": "game:shapes/block/wood/chest/normal.json",
		"op": "replace",
		"path": "/textureWidth",
		"value": 128
	},
	{
		"file": "game:shapes/block/wood/chest/normal.json",
		"op": "replace",
		"path": "/textureHeight",
		"value": 128
	},
	{
		"file": "game:shapes/block/wood/chest/normal.json",
		"op": "replace",
		"path": "/textures",
		"value": {
			"sides2": "game:block/wood/trunk/chest",
			"lid": "game:block/wood/trunk/chest" ,
			"accessories":  "game:block/wood/trunk/chest" 
		}
	},
	{
		"file": "game:shapes/block/wood/chest/normal.json",
		"op": "replace",
		"path": "/elements",
		"value": [
			{
				"name": "handle",
				"from": [ 0.0, 0.0, -0.95 ],
				"to": [ 0.0, 0.0, -0.95 ],
				"rotationOrigin": [ 8.0, 0.0, 7.425 ],
				"rotationX": -180.0,
				"rotationY": 0.0,
				"rotationZ": -180.0,
				"renderPass": 2,
				"faces": {
					"north": {
						"texture": "#lid",
						"uv": [ 0.0, 0.0, 0.0, 0.0 ]
					},
					"east": {
						"texture": "#accessories",
						"uv": [ 0.0, 0.0, 0.0, 0.0 ]
					},
					"south": {
						"texture": "#sides2",
						"uv": [ 0.0, 0.0, 0.0, 0.0 ]
					},
					"west": {
						"texture": "#sides2",
						"uv": [ 0.0, 0.0, 0.0, 0.0 ]
					},
					"up": {
						"texture": "#sides2",
						"uv": [ 0.0, 0.0, 0.0, 0.0 ]
					},
					"down": {
						"texture": "#sides2",
						"uv": [ 0.0, 0.0, 0.0, 0.0 ]
					}
				},
				"children": [
					{
						"name": "right_handle11",
						"from": [ 16.3, 3.5, 6.375 ],
						"to": [ 16.31, 7.5, 10.375 ],
						"rotationOrigin": [ 16.0, 6.125, 8.375 ],
						"rotationX": -180.0,
						"rotationZ": -180.0,
						"renderPass": 2,
						"faces": {
							"north": {
								"texture": "#sides2",
								"uv": [ 61.0, 33.0, 65.0, 35.0 ],
								"autoUv": false
							},
							"east": {
								"texture": "#sides2",
								"uv": [ 4.0, 4.0, 8.0, 8.0 ],
								"autoUv": false
							},
							"south": {
								"texture": "#sides2",
								"uv": [ 61.0, 33.0, 65.0, 35.0 ],
								"autoUv": false
							},
							"west": {
								"texture": "#sides2",
								"uv": [ 4.0, 4.0, 8.0, 8.0 ],
								"autoUv": false
							},
							"up": {
								"texture": "#sides2",
								"uv": [ 61.0, 33.0, 65.0, 35.0 ],
								"autoUv": false
							},
							"down": {
								"texture": "#sides2",
								"uv": [ 61.0, 33.0, 65.0, 35.0 ],
								"autoUv": false
							}
						}
					},
					{
						"name": "lid_front_side16",
						"from": [ 16.0, 5.0, 7.875 ],
						"to": [ 16.01, 7.5, 8.875 ],
						"rotationOrigin": [ 16.0, 6.125, 8.375 ],
						"rotationY": -90.0,
						"renderPass": 2,
						"faces": {
							"north": {
								"texture": "#sides2",
								"uv": [ 61.0, 33.0, 65.0, 35.0 ],
								"autoUv": false
							},
							"east": {
								"texture": "#sides2",
								"uv": [ 6.0, 2.0, 7.0, 4.5 ],
								"autoUv": false
							},
							"south": {
								"texture": "#sides2",
								"uv": [ 61.0, 33.0, 65.0, 35.0 ],
								"autoUv": false
							},
							"west": {
								"texture": "#sides2",
								"uv": [ 7.0, 2.0, 6.0, 4.5 ],
								"autoUv": false
							},
							"up": {
								"texture": "#sides2",
								"uv": [ 61.0, 33.0, 65.0, 35.0 ],
								"autoUv": false
							},
							"down": {
								"texture": "#sides2",
								"uv": [ 61.0, 33.0, 65.0, 35.0 ],
								"autoUv": false
							}
						}
					},
					{
						"name": "lid_front_side17",
						"from": [ -7.0, 5.0, 1.875 ],
						"to": [ -6.99, 7.5, 2.875 ],
						"rotationOrigin": [ -0.5, 7.75, 1.875 ],
						"rotationY": 90.0,
						"renderPass": 2,
						"faces": {
							"north": {
								"texture": "#sides2",
								"uv": [ 61.0, 33.0, 65.0, 35.0 ],
								"autoUv": false
							},
							"east": {
								"texture": "#sides2",
								"uv": [ 6.0, 2.0, 7.0, 4.5 ],
								"autoUv": false
							},
							"south": {
								"texture": "#sides2",
								"uv": [ 61.0, 33.0, 65.0, 35.0 ],
								"autoUv": false
							},
							"west": {
								"texture": "#sides2",
								"uv": [ 7.0, 2.0, 6.0, 4.5 ],
								"autoUv": false
							},
							"up": {
								"texture": "#sides2",
								"uv": [ 61.0, 33.0, 65.0, 35.0 ],
								"autoUv": false
							},
							"down": {
								"texture": "#sides2",
								"uv": [ 61.0, 33.0, 65.0, 35.0 ],
								"autoUv": false
							}
						}
					},
					{
						"name": "right_handle18",
						"from": [ 0.2667, 3.5, 6.375 ],
						"to": [ 0.2767, 7.5, 10.375 ],
						"rotationOrigin": [ 0.0, 6.5, 8.38 ],
						"renderPass": 2,
						"faces": {
							"north": {
								"texture": "#sides2",
								"uv": [ 61.0, 33.0, 65.0, 35.0 ],
								"autoUv": false
							},
							"east": {
								"texture": "#sides2",
								"uv": [ 4.0, 4.0, 8.0, 8.0 ],
								"autoUv": false
							},
							"south": {
								"texture": "#sides2",
								"uv": [ 61.0, 33.0, 65.0, 35.0 ],
								"autoUv": false
							},
							"west": {
								"texture": "#sides2",
								"uv": [ 4.0, 4.0, 8.0, 8.0 ],
								"autoUv": false
							},
							"up": {
								"texture": "#sides2",
								"uv": [ 61.0, 33.0, 65.0, 35.0 ],
								"autoUv": false
							},
							"down": {
								"texture": "#sides2",
								"uv": [ 61.0, 33.0, 65.0, 35.0 ],
								"autoUv": false
							}
						}
					},
					{
						"name": "lid_front_side19",
						"from": [ 8.0, 6.0, 1.375 ],
						"to": [ 8.01, 8.5, 2.375 ],
						"rotationOrigin": [ 0.0, 6.25, -0.125 ],
						"renderPass": 2,
						"faces": {
							"north": {
								"texture": "#sides2",
								"uv": [ 61.0, 33.0, 65.0, 35.0 ],
								"autoUv": false
							},
							"east": {
								"texture": "#sides2",
								"uv": [ 6.0, 2.0, 7.0, 4.5 ],
								"autoUv": false
							},
							"south": {
								"texture": "#sides2",
								"uv": [ 61.0, 33.0, 65.0, 35.0 ],
								"autoUv": false
							},
							"west": {
								"texture": "#sides2",
								"uv": [ 7.0, 2.0, 6.0, 4.5 ],
								"autoUv": false
							},
							"up": {
								"texture": "#sides2",
								"uv": [ 61.0, 33.0, 65.0, 35.0 ],
								"autoUv": false
							},
							"down": {
								"texture": "#sides2",
								"uv": [ 61.0, 33.0, 65.0, 35.0 ],
								"autoUv": false
							}
						}
					}
				]
			},
			{
				"name": "chest_sides",
				"from": [ 0.0, 0.0, -0.95 ],
				"to": [ 0.0, 0.0, -0.95 ],
				"rotationOrigin": [ 8.0, 0.0, 7.425 ],
				"rotationX": -180.0,
				"rotationY": 0.0,
				"rotationZ": -180.0,
				"faces": {
					"north": {
						"texture": "#sides2",
						"uv": [ 0.0, 0.0, 0.0, 0.0 ]
					},
					"east": {
						"texture": "#sides2",
						"uv": [ 0.0, 0.0, 0.0, 0.0 ]
					},
					"south": {
						"texture": "#sides2",
						"uv": [ 0.0, 0.0, 0.0, 0.0 ]
					},
					"west": {
						"texture": "#sides2",
						"uv": [ 0.0, 0.0, 0.0, 0.0 ]
					},
					"up": {
						"texture": "#sides2",
						"uv": [ 0.0, 0.0, 0.0, 0.0 ]
					},
					"down": {
						"texture": "#sides2",
						"uv": [ 0.0, 0.0, 0.0, 0.0 ]
					}
				},
				"children": [
					{
						"name": "left_side0",
						"from": [ 14.5, 1.0, 2.375 ],
						"to": [ 15.5, 9.0, 15.375 ],
						"rotationOrigin": [ 8.0, -0.5, 8.375 ],
						"faces": {
							"north": {
								"texture": "#sides2",
								"uv": [ 13.0, 49.0, 14.0, 57.0 ],
								"autoUv": false
							},
							"east": {
								"texture": "#sides2",
								"uv": [ 0.0, 49.0, 13.0, 57.0 ],
								"autoUv": false
							},
							"south": {
								"texture": "#sides2",
								"uv": [ 27.0, 49.0, 28.0, 57.0 ],
								"autoUv": false
							},
							"west": {
								"texture": "#sides2",
								"uv": [ 14.0, 49.0, 27.0, 57.0 ],
								"autoUv": false
							},
							"up": {
								"texture": "#sides2",
								"uv": [ 14.0, 49.0, 13.0, 36.0 ],
								"autoUv": false
							},
							"down": {
								"texture": "#sides2",
								"uv": [ 15.0, 36.0, 14.0, 49.0 ],
								"autoUv": false
							}
						}
					},
					{
						"name": "right_side2",
						"from": [ 0.5, 1.0, 2.375 ],
						"to": [ 1.5, 9.0, 15.375 ],
						"rotationOrigin": [ 8.0, -0.5, 8.375 ],
						"faces": {
							"north": {
								"texture": "#sides2",
								"uv": [ 37.0, 36.0, 38.0, 44.0 ],
								"autoUv": false
							},
							"east": {
								"texture": "#sides2",
								"uv": [ 24.0, 36.0, 37.0, 44.0 ],
								"autoUv": false
							},
							"south": {
								"texture": "#sides2",
								"uv": [ 51.0, 36.0, 52.0, 44.0 ],
								"autoUv": false
							},
							"west": {
								"texture": "#sides2",
								"uv": [ 38.0, 36.0, 51.0, 44.0 ],
								"autoUv": false
							},
							"up": {
								"texture": "#sides2",
								"uv": [ 38.0, 36.0, 37.0, 23.0 ],
								"autoUv": false
							},
							"down": {
								"texture": "#sides2",
								"uv": [ 39.0, 23.0, 38.0, 36.0 ],
								"autoUv": false
							}
						}
					},
					{
						"name": "back_side3",
						"from": [ 1.5, 1.0, 14.375 ],
						"to": [ 14.5, 9.0, 15.375 ],
						"rotationOrigin": [ 8.0, -0.5, 8.375 ],
						"faces": {
							"north": {
								"texture": "#sides2",
								"uv": [ 44.0, 1.0, 57.0, 9.0 ],
								"autoUv": false
							},
							"east": {
								"texture": "#sides2",
								"uv": [ 43.0, 1.0, 44.0, 9.0 ],
								"autoUv": false
							},
							"south": {
								"texture": "#sides2",
								"uv": [ 58.0, 1.0, 71.0, 9.0 ],
								"autoUv": false
							},
							"west": {
								"texture": "#sides2",
								"uv": [ 57.0, 1.0, 58.0, 9.0 ],
								"autoUv": false
							},
							"up": {
								"texture": "#sides2",
								"uv": [ 57.0, 1.0, 44.0, 0.0 ],
								"autoUv": false
							},
							"down": {
								"texture": "#sides2",
								"uv": [ 70.0, 0.0, 57.0, 1.0 ],
								"autoUv": false
							}
						}
					},
					{
						"name": "front_side4",
						"from": [ 1.5, 1.0, 2.375 ],
						"to": [ 14.5, 9.0, 3.375 ],
						"rotationOrigin": [ 8.0, -0.5, 8.375 ],
						"faces": {
							"north": {
								"texture": "#sides2",
								"uv": [ 29.0, 47.0, 42.0, 55.0 ],
								"autoUv": false
							},
							"east": {
								"texture": "#sides2",
								"uv": [ 28.0, 47.0, 29.0, 55.0 ],
								"autoUv": false
							},
							"south": {
								"texture": "#sides2",
								"uv": [ 43.0, 47.0, 56.0, 55.0 ],
								"autoUv": false
							},
							"west": {
								"texture": "#sides2",
								"uv": [ 42.0, 47.0, 43.0, 55.0 ],
								"autoUv": false
							},
							"up": {
								"texture": "#sides2",
								"uv": [ 42.0, 47.0, 29.0, 46.0 ],
								"autoUv": false
							},
							"down": {
								"texture": "#sides2",
								"uv": [ 55.0, 46.0, 42.0, 47.0 ],
								"autoUv": false
							}
						}
					}
				]
			},
			{
				"name": "bottom",
				"from": [ 0.0, 0.0, -0.95 ],
				"to": [ 0.0, 0.0, -0.95 ],
				"rotationOrigin": [ 8.0, 0.0, 7.425 ],
				"rotationX": -180.0,
				"rotationY": 0.0,
				"rotationZ": -180.0,
				"faces": {
					"north": {
						"texture": "#sides2",
						"uv": [ 0.0, 0.0, 0.0, 0.0 ]
					},
					"east": {
						"texture": "#sides2",
						"uv": [ 0.0, 0.0, 0.0, 0.0 ]
					},
					"south": {
						"texture": "#sides2",
						"uv": [ 0.0, 0.0, 0.0, 0.0 ]
					},
					"west": {
						"texture": "#sides2",
						"uv": [ 0.0, 0.0, 0.0, 0.0 ]
					},
					"up": {
						"texture": "#sides2",
						"uv": [ 0.0, 0.0, 0.0, 0.0 ]
					},
					"down": {
						"texture": "#sides2",
						"uv": [ 0.0, 0.0, 0.0, 0.0 ]
					}
				},
				"children": [
					{
						"name": "bottom_legs5",
						"from": [ 0.5, 0.0, 2.375 ],
						"to": [ 15.5, 1.0, 15.375 ],
						"rotationOrigin": [ 8.0, -0.5, 8.375 ],
						"renderPass": 2,
						"faces": {
							"north": {
								"texture": "#sides2",
								"uv": [ 13.0, 13.0, 28.0, 14.0 ],
								"autoUv": false
							},
							"east": {
								"texture": "#sides2",
								"uv": [ 0.0, 13.0, 13.0, 14.0 ],
								"autoUv": false
							},
							"south": {
								"texture": "#sides2",
								"uv": [ 41.0, 13.0, 56.0, 14.0 ],
								"autoUv": false
							},
							"west": {
								"texture": "#sides2",
								"uv": [ 28.0, 13.0, 41.0, 14.0 ],
								"autoUv": false
							},
							"up": {
								"texture": "#sides2",
								"uv": [ 0.0, 0.0, 0.0, 0.0 ],
								"enabled": false
							},
							"down": {
								"texture": "#sides2",
								"uv": [ 0.0, 0.0, 0.0, 0.0 ],
								"enabled": false
							}
						}
					},
					{
						"name": "inside_bottom6",
						"from": [ 1.5, 1.5, 3.375 ],
						"to": [ 14.5, 2.0, 14.375 ],
						"rotationOrigin": [ 8.0, -0.5, 8.375 ],
						"faces": {
							"north": {
								"texture": "#sides2",
								"uv": [ 0.0, 0.0, 0.0, 0.0 ],
								"autoUv": false
							},
							"east": {
								"texture": "#sides2",
								"uv": [ 0.0, 0.0, 0.0, 0.0 ],
								"autoUv": false
							},
							"south": {
								"texture": "#sides2",
								"uv": [ 0.0, 0.0, 0.0, 0.0 ],
								"autoUv": false
							},
							"west": {
								"texture": "#sides2",
								"uv": [ 0.0, 0.0, 0.0, 0.0 ],
								"autoUv": false
							},
							"up": {
								"texture": "#sides2",
								"uv": [ 24.0, 36.0, 11.0, 25.0 ],
								"autoUv": false
							},
							"down": {
								"texture": "#sides2",
								"uv": [ 37.0, 25.0, 24.0, 36.0 ],
								"autoUv": false
							}
						}
					}
				]
			},
			{
				"name": "lid",
				"from": [ 0.0, 0.0, -14.5525 ],
				"to": [ 0.0, 0.0, -14.5525 ],
				"rotationOrigin": [ 8.0, 9.0005, 0.6287 ],
				"rotationX": -180.0,
				"rotationY": 0.0,
				"rotationZ": -180.0,
				"faces": {
					"north": {
						"texture": "#sides2",
						"uv": [ 0.0, 0.0, 0.5, 0.5 ]
					},
					"east": {
						"texture": "#sides2",
						"uv": [ 0.0, 0.0, 0.5, 0.5 ]
					},
					"south": {
						"texture": "#sides2",
						"uv": [ 0.0, 0.0, 0.5, 0.5 ]
					},
					"west": {
						"texture": "#sides2",
						"uv": [ 0.0, 0.0, 0.5, 0.5 ]
					},
					"up": {
						"texture": "#sides2",
						"uv": [ 0.0, 0.0, 0.5, 0.5 ]
					},
					"down": {
						"texture": "#sides2",
						"uv": [ 0.0, 0.0, 0.5, 0.5 ]
					}
				},
				"children": [
					{
						"name": "lock",
						"from": [ 0.0, 0.0, 0.0 ],
						"to": [ 0.0, 0.0, 0.0 ],
						"rotationOrigin": [ 7.9833, 18.9854, 6.2463 ],
						"renderPass": 2,
						"faces": {
							"north": {
								"texture": "#sides2",
								"uv": [ 0.0, 0.0, 0.0, 0.0 ]
							},
							"east": {
								"texture": "#sides2",
								"uv": [ 0.0, 0.0, 0.0, 0.0 ]
							},
							"south": {
								"texture": "#sides2",
								"uv": [ 0.0, 0.0, 0.0, 0.0 ]
							},
							"west": {
								"texture": "#sides2",
								"uv": [ 0.0, 0.0, 0.0, 0.0 ]
							},
							"up": {
								"texture": "#sides2",
								"uv": [ 0.0, 0.0, 0.0, 0.0 ]
							},
							"down": {
								"texture": "#sides2",
								"uv": [ 0.0, 0.0, 0.0, 0.0 ]
							}
						},
						"children": [
							{
								"name": "front_side12",
								"from": [ 7.23, 5.4975, 2.1 ],
								"to": [ 8.73, 9.4975, 2.1 ],
								"rotationOrigin": [ 8.0, 8.9975, 2.0 ],
								"rotationX": 1.3,
								"renderPass": 2,
								"faces": {
									"north": {
										"texture": "#sides2",
										"uv": [ 8.0, 2.0, 9.5, 6.0 ],
										"windMode": [ -1, -1, -1, -1 ]
									},
									"east": {
										"texture": "#sides2",
										"uv": [ 0.0, 0.0, 0.0, 0.0 ],
										"autoUv": false
									},
									"south": {
										"texture": "#sides2",
										"uv": [ 8.0, 2.0, 9.5, 6.0 ],
										"windMode": [ -1, -1, -1, -1 ]
									},
									"west": {
										"texture": "#sides2",
										"uv": [ 0.0, 0.0, 0.0, 0.0 ],
										"autoUv": false
									},
									"up": {
										"texture": "#sides2",
										"uv": [ 0.0, 0.0, 0.0, 0.0 ],
										"autoUv": false
									},
									"down": {
										"texture": "#sides2",
										"uv": [ 0.0, 0.0, 0.0, 0.0 ],
										"autoUv": false
									}
								}
							}
						]
					},
					{
						"name": "lid_right_side1",
						"from": [ 0.5, 8.9975, 2.3857 ],
						"to": [ 1.5, 10.9975, 15.3857 ],
						"rotationOrigin": [ 8.0, 8.9975, 15.3857 ],
						"faces": {
							"north": {
								"texture": "#sides2",
								"uv": [ 52.0, 44.0, 53.0, 46.0 ],
								"autoUv": false
							},
							"east": {
								"texture": "#sides2",
								"uv": [ 39.0, 44.0, 52.0, 46.0 ],
								"autoUv": false
							},
							"south": {
								"texture": "#sides2",
								"uv": [ 66.0, 44.0, 67.0, 46.0 ],
								"autoUv": false
							},
							"west": {
								"texture": "#sides2",
								"uv": [ 53.0, 44.0, 66.0, 46.0 ],
								"autoUv": false
							},
							"up": {
								"texture": "#sides2",
								"uv": [ 53.0, 44.0, 52.0, 31.0 ],
								"autoUv": false
							},
							"down": {
								"texture": "#sides2",
								"uv": [ 54.0, 31.0, 53.0, 44.0 ],
								"autoUv": false
							}
						}
					},
					{
						"name": "lid_left_side7",
						"from": [ 14.5, 8.9975, 2.3857 ],
						"to": [ 15.5, 10.9975, 15.3857 ],
						"rotationOrigin": [ 8.0, 8.9975, 15.3857 ],
						"faces": {
							"north": {
								"texture": "#sides2",
								"uv": [ 52.0, 27.0, 53.0, 29.0 ],
								"autoUv": false
							},
							"east": {
								"texture": "#sides2",
								"uv": [ 39.0, 27.0, 52.0, 29.0 ],
								"autoUv": false
							},
							"south": {
								"texture": "#sides2",
								"uv": [ 66.0, 27.0, 67.0, 29.0 ],
								"autoUv": false
							},
							"west": {
								"texture": "#sides2",
								"uv": [ 53.0, 27.0, 66.0, 29.0 ],
								"autoUv": false
							},
							"up": {
								"texture": "#sides2",
								"uv": [ 53.0, 27.0, 52.0, 14.0 ],
								"autoUv": false
							},
							"down": {
								"texture": "#sides2",
								"uv": [ 54.0, 14.0, 53.0, 27.0 ],
								"autoUv": false
							}
						}
					},
					{
						"name": "lid_back_side8",
						"from": [ 1.5, 8.9975, 14.3857 ],
						"to": [ 14.5, 10.9975, 15.3857 ],
						"rotationOrigin": [ 8.0, 8.9975, 15.3857 ],
						"faces": {
							"north": {
								"texture": "#sides2",
								"uv": [ 55.0, 15.0, 68.0, 17.0 ],
								"autoUv": false
							},
							"east": {
								"texture": "#sides2",
								"uv": [ 54.0, 15.0, 55.0, 17.0 ],
								"autoUv": false
							},
							"south": {
								"texture": "#sides2",
								"uv": [ 69.0, 15.0, 82.0, 17.0 ],
								"autoUv": false
							},
							"west": {
								"texture": "#sides2",
								"uv": [ 68.0, 15.0, 69.0, 17.0 ],
								"autoUv": false
							},
							"up": {
								"texture": "#sides2",
								"uv": [ 68.0, 15.0, 55.0, 14.0 ],
								"autoUv": false
							},
							"down": {
								"texture": "#sides2",
								"uv": [ 81.0, 14.0, 68.0, 15.0 ],
								"autoUv": false
							}
						}
					},
					{
						"name": "lid_front_side9",
						"from": [ 1.5, 8.9975, 2.3857 ],
						"to": [ 14.5, 10.9975, 3.3857 ],
						"rotationOrigin": [ 8.0, 8.9975, 15.3857 ],
						"faces": {
							"north": {
								"texture": "#sides2",
								"uv": [ 44.0, 10.0, 57.0, 12.0 ],
								"autoUv": false
							},
							"east": {
								"texture": "#sides2",
								"uv": [ 43.0, 10.0, 44.0, 12.0 ],
								"autoUv": false
							},
							"south": {
								"texture": "#sides2",
								"uv": [ 58.0, 10.0, 71.0, 12.0 ],
								"autoUv": false
							},
							"west": {
								"texture": "#sides2",
								"uv": [ 57.0, 10.0, 58.0, 12.0 ],
								"autoUv": false
							},
							"up": {
								"texture": "#sides2",
								"uv": [ 57.0, 10.0, 44.0, 9.0 ],
								"autoUv": false
							},
							"down": {
								"texture": "#sides2",
								"uv": [ 70.0, 9.0, 57.0, 10.0 ],
								"autoUv": false
							}
						}
					},
					{
						"name": "lid_top10",
						"from": [ 1.5, 10.4975, 3.3857 ],
						"to": [ 14.5, 10.9975, 14.3857 ],
						"rotationOrigin": [ 8.0, 8.9975, 15.3857 ],
						"faces": {
							"north": {
								"texture": "#sides2",
								"uv": [ 0.0, 0.0, 0.0, 0.0 ],
								"autoUv": false
							},
							"east": {
								"texture": "#sides2",
								"uv": [ 0.0, 0.0, 0.0, 0.0 ],
								"autoUv": false
							},
							"south": {
								"texture": "#sides2",
								"uv": [ 0.0, 0.0, 0.0, 0.0 ],
								"autoUv": false
							},
							"west": {
								"texture": "#sides2",
								"uv": [ 0.0, 0.0, 0.0, 0.0 ],
								"autoUv": false
							},
							"up": {
								"texture": "#sides2",
								"uv": [ 24.0, 25.0, 11.0, 14.0 ],
								"autoUv": false
							},
							"down": {
								"texture": "#sides2",
								"uv": [ 37.0, 14.0, 24.0, 25.0 ],
								"autoUv": false
							}
						}
					},
					{
						"name": "lid_front_side13",
						"from": [ 7.0, 8.9975, 1.8857 ],
						"to": [ 9.0, 10.9975, 2.3857 ],
						"rotationOrigin": [ 8.0, 8.9975, 15.3857 ],
						"faces": {
							"north": {
								"texture": "#sides2",
								"uv": [ 6.0, 0.0, 8.0, 2.0 ],
								"autoUv": false
							},
							"east": {
								"texture": "#sides2",
								"uv": [ 6.0, 0.0, 6.5, 2.0 ],
								"autoUv": false
							},
							"south": {
								"texture": "#sides2",
								"uv": [ 9.0, 0.0, 11.0, 2.0 ],
								"autoUv": false
							},
							"west": {
								"texture": "#sides2",
								"uv": [ 9.0, 0.0, 9.5, 2.0 ],
								"autoUv": false
							},
							"up": {
								"texture": "#sides2",
								"uv": [ 8.0, 0.0, 6.0, 0.5 ],
								"autoUv": false
							},
							"down": {
								"texture": "#sides2",
								"uv": [ 11.0, 0.0, 9.0, 0.5 ],
								"autoUv": false
							}
						}
					},
					{
						"name": "lid_back_side14",
						"from": [ 3.0, 8.4167, 15.35 ],
						"to": [ 5.0, 9.4167, 15.85 ],
						"rotationOrigin": [ 8.0, 9.15, 15.575 ],
						"faces": {
							"north": {
								"texture": "#sides2",
								"uv": [ 0.0, 2.0, 2.0, 3.0 ],
								"autoUv": false
							},
							"east": {
								"texture": "#sides2",
								"uv": [ 0.0, 2.0, 0.5, 3.0 ],
								"autoUv": false
							},
							"south": {
								"texture": "#sides2",
								"uv": [ 3.0, 2.0, 5.0, 3.0 ],
								"autoUv": false
							},
							"west": {
								"texture": "#sides2",
								"uv": [ 3.0, 2.0, 3.5, 3.0 ],
								"autoUv": false
							},
							"up": {
								"texture": "#sides2",
								"uv": [ 2.0, 2.0, 0.0, 2.5 ],
								"autoUv": false
							},
							"down": {
								"texture": "#sides2",
								"uv": [ 2.0, 3.0, 0.0, 3.5 ],
								"autoUv": false
							}
						}
					},
					{
						"name": "lid_back_side15",
						"from": [ 11.0, 8.4167, 15.35 ],
						"to": [ 13.0, 9.4167, 15.85 ],
						"rotationOrigin": [ 8.0, 9.15, 15.575 ],
						"faces": {
							"north": {
								"texture": "#sides2",
								"uv": [ 0.0, 0.0, 2.0, 1.0 ],
								"autoUv": false
							},
							"east": {
								"texture": "#sides2",
								"uv": [ 0.0, 0.0, 0.5, 1.0 ],
								"autoUv": false
							},
							"south": {
								"texture": "#sides2",
								"uv": [ 3.0, 0.0, 5.0, 1.0 ],
								"autoUv": false
							},
							"west": {
								"texture": "#sides2",
								"uv": [ 3.0, 0.0, 3.5, 1.0 ],
								"autoUv": false
							},
							"up": {
								"texture": "#sides2",
								"uv": [ 2.0, 0.0, 0.0, 0.5 ],
								"autoUv": false
							},
							"down": {
								"texture": "#sides2",
								"uv": [ 2.0, 1.0, 0.0, 1.5 ],
								"autoUv": false
							}
						}
					}
				]
			}
		]
	},
	{
		"file": "game:shapes/block/wood/chest/normal.json",
		"op": "replace",
		"path": "/animations",
		"value": [
			{
				"name": "LidOpen",
				"code": "lidopen",
				"quantityframes": 60,
				"onActivityStopped": "EaseOut",
				"onAnimationEnd": "Hold",
				"keyframes": [
					{
						"frame": 0,
						"elements": {
							"lid": {
								"rotationX": 0.0,
								"rotationY": 0.0,
								"rotationZ": 0.0
							},
							"lock": {},
							"front_side12": {
								"rotationX": 0.0,
								"rotationY": 0.0,
								"rotationZ": 0.0
							}
						}
					},
					{
						"frame": 4,
						"elements": {
							"lid": {
								"rotationX": 0.0,
								"rotationY": 0.0,
								"rotationZ": 0.0
							},
							"lock": {},
							"front_side12": {
								"rotationX": 22.5,
								"rotationY": 0.0,
								"rotationZ": 0.0
							}
						}
					},
					{
						"frame": 9,
						"elements": {
							"handle": {},
							"right_handle18": {
								"rotationX": 0.0,
								"rotationY": 0.0,
								"rotationZ": 0.0
							},
							"lid": {
								"rotationX": 0.0,
								"rotationY": 0.0,
								"rotationZ": 0.0
							},
							"lock": {},
							"front_side12": {
								"rotationX": 45.0,
								"rotationY": 0.0,
								"rotationZ": 0.0
							}
						}
					},
					{
						"frame": 12,
						"elements": {
							"handle": {},
							"right_handle11": {
								"rotationX": 0.0,
								"rotationY": 0.0,
								"rotationZ": 0.0
							},
							"right_handle18": {
								"rotationX": 0.0,
								"rotationY": 0.0,
								"rotationZ": 0.0
							},
							"lid": {
								"rotationX": -14.0,
								"rotationY": 0.0,
								"rotationZ": 0.0
							},
							"lock": {},
							"front_side12": {
								"rotationX": -25.0,
								"rotationY": 0.0,
								"rotationZ": 0.0
							}
						}
					},
					{
						"frame": 18,
						"elements": {
							"handle": {},
							"right_handle11": {
								"rotationX": -5.0,
								"rotationY": 0.0,
								"rotationZ": 0.0
							},
							"right_handle18": {
								"rotationX": -5.0,
								"rotationY": 0.0,
								"rotationZ": 0.0
							},
							"lid": {
								"rotationX": -22.5,
								"rotationY": 0.0,
								"rotationZ": 0.0
							},
							"lock": {},
							"front_side12": {
								"rotationX": -22.0,
								"rotationY": 0.0,
								"rotationZ": 0.0
							}
						}
					},
					{
						"frame": 21,
						"elements": {
							"handle": {},
							"right_handle11": {
								"rotationX": 0.0,
								"rotationY": 0.0,
								"rotationZ": 0.0
							},
							"right_handle18": {
								"rotationX": 0.0,
								"rotationY": 0.0,
								"rotationZ": 0.0
							},
							"lid": {
								"rotationX": -29.0,
								"rotationY": 0.0,
								"rotationZ": 0.0
							},
							"lock": {},
							"front_side12": {
								"rotationX": -15.0,
								"rotationY": 0.0,
								"rotationZ": 0.0
							}
						}
					},
					{
						"frame": 30,
						"elements": {
							"handle": {},
							"right_handle11": {
								"rotationX": 5.0,
								"rotationY": 0.0,
								"rotationZ": 0.0
							},
							"right_handle18": {
								"rotationX": 5.0,
								"rotationY": 0.0,
								"rotationZ": 0.0
							},
							"lid": {
								"rotationX": -44.0,
								"rotationY": 0.0,
								"rotationZ": 0.0
							},
							"lock": {},
							"front_side12": {
								"rotationX": -10.0,
								"rotationY": 0.0,
								"rotationZ": 0.0
							}
						}
					},
					{
						"frame": 39,
						"elements": {
							"handle": {},
							"right_handle11": {
								"rotationX": 0.0,
								"rotationY": 0.0,
								"rotationZ": 0.0
							},
							"right_handle18": {
								"rotationX": 0.0,
								"rotationY": 0.0,
								"rotationZ": 0.0
							},
							"lid": {
								"rotationX": -59.0,
								"rotationY": 0.0,
								"rotationZ": 0.0
							},
							"lock": {},
							"front_side12": {
								"rotationX": -31.5,
								"rotationY": 0.0,
								"rotationZ": 0.0
							}
						}
					},
					{
						"frame": 59,
						"elements": {
							"lid": {
								"rotationX": -59.0,
								"rotationY": 0.0,
								"rotationZ": 0.0
							},
							"lock": {},
							"front_side12": {
								"rotationX": -31.5,
								"rotationY": 0.0,
								"rotationZ": 0.0
							}
						}
					}
				]
			}
		]
	}
]