[
    {
        "file": "foodshelves:blocktypes/shelves/barshelf.json",
        "op": "replace",
        "path": "/enabled",
        "side": "server",
        "value": true,
        "dependsOn": [ { "modid": "foodshelves" } ]
    },
    {
        "file": "foodshelves:recipes/grid/shelves/barshelf.json",
        "op": "replace",
        "path": "/0/enabled",
        "side": "server",
        "value": true,
        "dependsOn": [ { "modid": "foodshelves" } ]
    },
    {
        "file": "foodshelves:recipes/grid/shelves/barshelf.json",
        "op": "replace",
        "path": "/1/enabled",
        "side": "server",
        "value": true,
        "dependsOn": [ { "modid": "foodshelves" } ]
    },

    {
        "file": "foodshelves:config/restrictions/shelves/barshelf.json",
        "op": "addmerge",
        "path": "/CollectibleCodes",
        "side": "server",
        "value": [
            "soaplyeandbloom:soapbar-*"
        ],
        "dependsOn": [ { "modid": "foodshelves" } ]
    },
    {
        "file": "foodshelves:config/transformations/shelves/barshelf.json",
        "op": "addmerge",
        "path": "/soaplyeandbloom:soapbar-*",
        "side": "server",
        "value": {
            "translation": {
                "x": -0.01,
                "y": -0.034,
                "z": -0.01
            }
        },
        "dependsOn": [ { "modid": "foodshelves" } ]
    }
]