{
  "code": "clippingbucket",
  "attributes": {},
  "maxstacksize": 4,
  "creativeinventory": {
    "general": [ "*" ],
    "items": [ "*" ],
    "wildcraftfruit": [ "*" ]
  },
	"attributes": { 
		"handbook": { "groupBy": ["clippingbucket-*" ] } 
	},
  "behaviors": [{ name: "GroundStorable", properties: { layout: 'Quadrants', collisionBox: { x1: 0, y1: 0, z1: 0, x2: 1, y2: 0.25, z2: 1 } } }],
  "variantgroups": [
    {
      "code": "type",
      "states": [ "dwarfpine", "juniper", "marita", "flaxlily", "kawakawa", "baneberry", "gooseberry", "josta", "blackcurrant", "redcurrant", "whitecurrant", "blackgrape", "redgrape", "whitegrape", "foxgrape", "virgingrape", "raspberry", "loganberry", "blueraspberry", "brambleberry", "boysenberry", "dewberry", "bushlawyer", "dogrose", "beachrose", "sloe", "sallowthorn", "deserthackberry", "hazel", "cucumber", "bryony", "passionfruit", "granadilla", "spindle", "ugni", "midyimberry", "munthari", "feijoa", "lillypillypink", "lillypillyblue", "lillypillywhite", "bluetongue", "turkscap", "wolfberry", "caper", "fingerlime", "kumquat", "sumac", "pistachio", "oldmansaltbush", "pokeberry", "bearberry", "pricklyheath", "cranberry", "bilberry", "blueberry", "huckleberry", "swamphuckle", "kiwi", "kolomikta", "woodbine", "honeysuckle", "snowberry", "blackelder", "elderberry", "ivy", "hairyappleberry", "purpleappleberry", "blacknightshade", "bitternightshade", "naranjilla", "belladonna", "husktomato", "beautyberry", "numnum", "seamango", "pilo", "mingimingi", "fractureberry" ]
    }
  ],
  "shapeByType": {
    "*-baneberry": { "base": "wildcraftfruit:item/clipping/clippingbucket_shrub" },
    "*-belladonna": { "base": "wildcraftfruit:item/clipping/clippingbucket_shrub" },
    "*-elderberry": { "base": "wildcraftfruit:item/clipping/clippingbucket_shrub" },
    "*-husktomato": { "base": "wildcraftfruit:item/clipping/clippingbucket_shrub" },
    "*-pokeberry": { "base": "wildcraftfruit:item/clipping/clippingbucket_shrub" },
    "*-turkscap": { "base": "wildcraftfruit:item/clipping/clippingbucket_shrub" },
    "*-naranjilla": { "base": "wildcraftfruit:item/clipping/clippingbucket_shrub" },
    "*-blacknightshade": { "base": "wildcraftfruit:item/clipping/clippingbucket_shrub" },
    "*-bitternightshade": { "base": "wildcraftfruit:item/clipping/clippingbucket_shrub" },
    "*-fractureberry": { "base": "wildcraftfruit:item/clipping/clippingbucket_shrub" },
    "*-flaxlily": { "base": "wildcraftfruit:item/clipping/clippingbucket_shrub" },
    "*-oldmansaltbush": { "base": "wildcraftfruit:item/clipping/clippingbucket_shrub" },
    "*-bryony": { "base": "wildcraftfruit:item/clipping/clippingbucket_thin" },
    "*-passionfruit": { "base": "wildcraftfruit:item/clipping/clippingbucket_thin" },
    "*-granadilla": { "base": "wildcraftfruit:item/clipping/clippingbucket_thin" },
    "*-cucumber": { "base": "wildcraftfruit:item/clipping/clippingbucket_thin" },
    "*-numnum": { "base": "wildcraftfruit:item/clipping/clippingbucket_thin" },
    "*-cranberry": { "base": "wildcraftfruit:item/clipping/clippingbucket_thin" },
    "*-bluetongue": { "base": "wildcraftfruit:item/clipping/clippingbucket_thin" },
    "*-bushlawyer": { "base": "wildcraftfruit:item/clipping/clippingbucket_thin" },
    "*-kawakawa": { "base": "wildcraftfruit:item/clipping/clippingbucket_thin" },
    "*-caper": { "base": "wildcraftfruit:item/clipping/clippingbucket_thin" },
    "*-hairyappleberry": { "base": "wildcraftfruit:item/clipping/clippingbucket_thin" },
    "*-purpleappleberry": { "base": "wildcraftfruit:item/clipping/clippingbucket_thin" },
    "*-kolomikta": { "base": "wildcraftfruit:item/clipping/clippingbucket_thin" },
    "*-woodbine": { "base": "wildcraftfruit:item/clipping/clippingbucket_thin" },
    "*-bearberry": { "base": "wildcraftfruit:item/clipping/clippingbucket_thin" },
    "*-marita": { "base": "wildcraftfruit:item/clipping/clippingbucket_marita" },
    "*": { "base": "wildcraftfruit:item/clipping/clippingbucket" },
  },
  "texturesByType": {
    "*-blackcurrant": {
      "leaves": { "base": "wildcraftfruit:block/plant/clipping/currant_green*" }
    },
    "*-redcurrant": {
      "leaves": { "base": "wildcraftfruit:block/plant/clipping/currant_green*" }
    },
    "*-whitecurrant": {
      "leaves": { "base": "wildcraftfruit:block/plant/clipping/currant_green*" }
    },
    "*-blueberry": {
      "leaves": { "base": "wildcraftfruit:block/plant/clipping/blueberry_green*" }
    },
    "*-cranberry": {
      "leaves": { "base": "wildcraftfruit:block/plant/clipping/cranberry_green*" }
    },
    "*-fractureberry": {
      "leaves": { "base": "wildcraftfruit:block/plant/clipping/fractureberry_growing*" }
    },
    "*": {
      "leaves": { "base": "wildcraftfruit:block/plant/clipping/{type}_green*" }
    }
  },
  "materialDensity": 600,
	tpHandTransformByType: {
        "*": {
		translation: { x: -0.85, y: -1, z: -0.8 },
		rotation: { x: 0, y: 0, z: 0 },
		scale: 0.62
	}
        },
	guiTransformByType: {
        "*": {
		translation: { x: 3, y: 0, z: 0 },
		rotation: { x: 160, y: 45, z: 0 },
		origin: { x: 0.5, y: 0.47, z: 0.5 },
		scale: 1.4
        }
	},
	fpHandTransformByType: {
        "*": {
		translation: { x: 0, y: 0, z: 0 },
		rotation: { x: 3, y: 24, z: 0 },
		origin: { x: 0.5, y: -0.2, z: 0.5 },
		scale: 1.5
	}
        },
	groundTransformByType: {
        "*": {
		translation: { x: 0, y: 0, z: 0 },
		rotation: { x: 0, y: 0, z: 0 },
		origin: { x: 0.5, y: 0, z: 0.5 },
		scale: 2
	}
        }
}
