{
   "code":"isopod-rubberducky",
   "class":"EntityAgent",
   "canClimb":true,
   "canClimbAnywhere":true,
   "climbTouchDistance":0.175,
   "rotateModelOnClimb":true,
   "fallDamageMultiplier":0.0,
   "hitboxSize":{
      "x":0.1,
      "y":0.1
   },
   "eyeHeight":0.1,
   "attributes":{
      "handbook":{
         "groupcode":"thecritterpack:creaturegroup-isopods"
      }
   },
   "client":{
      "renderer":"Shape",
      "shape":{
         "base":"entity/land/isopod/isopod_model_3"
      },
      "texture":{
         "base":"entity/isopod/isopod_ruberducky_v3"
      },
      "size":0.5,
      "behaviors":[
         {
            "code":"repulseagents"
         },
         {
            "code":"controlledphysics",
            "stepHeight":0.1251
         },
         {
            "code":"floatupwhenstuck",
            "onlyWhenDead":true
         },
         {
            "code":"interpolateposition"
         },
         {
            "code":"despawn",
            "minPlayerDistance":8,
            "belowLightLevel":4,
            "minSeconds":300
         }
      ],
      "animations":[
         {
            "code":"die",
            "animation":"idle",
            "animationSpeed":1,
            "weight":10,
            "blendMode":"Average",
            "triggeredBy":{
               "onControls":[
                  "dead"
               ]
            }
         },
         {
            "code":"idle",
            "animation":"idle",
            "blendMode":"AddAverage",
            "easeOutSpeed":4,
            "triggeredBy":{
               "defaultAnim":true
            }
         }
      ]
   },
   "server":{
      "behaviors":[
         {
            "code":"repulseagents"
         },
         {
            "code":"controlledphysics",
            "stepHeight":0.1251
         },
         {
            "code":"despawn",
            "minPlayerDistance":8,
            "belowLightLevel":0,
            "minSeconds":300
         },
         {
            "code":"health",
            "currenthealth":1,
            "maxhealth":1
         },
         {
            "code":"floatupwhenstuck",
            "onlyWhenDead":true
         },
         {
            "code":"taskai",
            "aitasks":[
               {
                  "code":"wander",
                  "priority":1.0,
                  "priorityForCancel":1.35,
                  "movespeed":0.005,
                  "animationSpeed":0.8,
                  "animation":"walk",
                  "preferredLightLevel":8
               },
               {
                  "code":"stayclosetoentity",
                  "priority":1.35,
                  "entityCode":"*-isopod-rubberducky",
                  "movespeed":0.008,
                  "maxDistance":9,
                  "onlyIfLowerId":true,
                  "searchRange":12,
                  "animation":"walk",
                  "animationSpeed":1.1
               },
               {
                  "code":"idle",
                  "priority":1.88,
                  "minduration":10000,
                  "maxduration":1200000,
                  "mincooldown":10000,
                  "maxcooldown":80000,
                  "priorityForCancel":1.98,
                  "animation":"idle",
                  "animationSpeed":3.3,
                  "duringDayTimeFrames":[
                     {
                        "fromHour":8,
                        "toHour":19
                     },
                     {
                        "fromHour":12,
                        "toHour":15
                     }
                  ],
                  "stopOnHurt":true,
                  "preferredLightLevel":12
               }
            ]
         }
      ],
      "spawnconditions":{
         "worldgen":{
            "TriesPerChunk":{
               "avg":0.008,
               "var":0.058
            },
            "tryOnlySurface":true,
            "maxLightLevel":8,
            "groupSize":{
               "dist":"verynarrowgaussian",
               "avg":1,
               "var":6
            },
            "insideBlockCodes":[
               "game:tallgrass-*",
               "game:loosestick-*",
               "game:rawclay-*"
            ],
            "minTemp":9,
            "maxTemp":32,
            "minRain":0.4,
            "maxRain":8.2,
            "minForestOrShrubs":0.20,
            "maxForest":5.00,
            "maxShrubs":1.80,
            "companions":[
               "thecritterpack:isopod-rubberducky"
            ]
         },
         "runtime":{
            "group":"neutral",
            "tryOnlySurface":true,
            "chance":0.0029,
            "maxQuantity":6,
            "__comment":"Make them spawn away from artifical light so they don't spawn inside farmland",
            "maxLightLevel":6,
            "lightLevelType":"onlyBlockLight",
            "minLightLevel":0,
            "groupSize":{
               "dist":"verynarrowgaussian",
               "avg":1,
               "var":3
            },
            "insideBlockCodes":[
               "game:tallgrass-*",
               "game:loosestick-*",
               "game:rawclay-*",
               "game:mushroom-*"
            ],
            "minTemp":9,
            "maxTemp":32,
            "minRain":0.4,
            "maxRain":8.2,
            "minForestOrShrubs":0.50,
            "maxForest":5.00,
            "maxShrubs":1.80,
            "companions":[
               "thecritterpack:isopod-rubberducky"
            ]
         }
      }
   }
}