[
    {
        "file": "wildcrafttree:blocktypes/wood/woodtyped/crate.json",
        "op": "replace",
        "path": "/attributes",
        "side": "server",
        "value": {
            "partialAttachable": true,
            "inventoryClassName": "crate",
            "defaultType": "wood-willow",
            "handbook": {
                "groupBy": [ "crate" ]
            },
            "labels": {
                "paper-empty": {
                    "editableShape": { "base": "game::block/wood/crate/label-paper-item" },
                    "texture": "label-empty",
                    "shape": { "base": "game::block/wood/crate/label-paper_v" }
                },
                "wood": {
                    "texture": "game:woodlabel-empty",
                    "editable": true,
                    "shape": { "base": "game:block/wood/crate/label-wood_v" }
                }
            },
            "types": [ "wood-saxaul", "wood-catalpa", "wood-jacaranda", "wood-empresstree", "wood-honeylocust", "wood-dalbergia", "wood-elm", "wood-guajacum", "wood-umnini", "wood-banyan", "wood-beech", "wood-bearnut", "wood-poplar", "wood-willow", "wood-eucalyptus", "wood-ghostgum", "wood-ohia", "wood-bluemahoe", "wood-sal", "wood-mahogany", "wood-sycamore", "wood-ginkgo", "wood-douglasfir", "wood-cedar", "wood-spruce", "wood-yew", "wood-tuja", "wood-redcedar", "wood-kauri", "wood-chlorociboria" ],
            "properties": {
                "wood-bluemahoe": {
                    "quantitySlots": 25,
                    "rotatatableInterval": "22.5deg",
                    "storageType": 189,
                    "retrieveOnly": false,
                    "shape": {
                        "base": "game:block/wood/crate/normal-closed_v",
                        "rotateY": 180
                    }
                },
                "wood-guajacum": {
                    "quantitySlots": 25,
                    "rotatatableInterval": "22.5deg",
                    "storageType": 189,
                    "retrieveOnly": false,
                    "shape": {
                        "base": "game:block/wood/crate/normal-closed_v",
                        "rotateY": 180
                    }
                },
                "wood-umnini": {
                    "quantitySlots": 25,
                    "rotatatableInterval": "22.5deg",
                    "storageType": 189,
                    "retrieveOnly": false,
                    "shape": {
                        "base": "game:block/wood/crate/normal-closed_v",
                        "rotateY": 180
                    }
                },
                "wood-jacaranda": {
                    "quantitySlots": 25,
                    "rotatatableInterval": "22.5deg",
                    "storageType": 189,
                    "retrieveOnly": false,
                    "shape": {
                        "base": "game:block/wood/crate/normal-closed_v",
                        "rotateY": 180
                    }
                },
                "wood-saxaul": {
                    "quantitySlots": 25,
                    "rotatatableInterval": "22.5deg",
                    "storageType": 189,
                    "retrieveOnly": false,
                    "shape": {
                        "base": "game:block/wood/crate/normal-closed_v",
                        "rotateY": 180
                    }
                },
                "wood-chlorociboria": {
                    "quantitySlots": 25,
                    "rotatatableInterval": "22.5deg",
                    "storageType": 189,
                    "retrieveOnly": false,
                    "shape": {
                        "base": "game:block/wood/crate/normal-closed_v",
                        "rotateY": 180
                    }
                },
                "wood-dalbergia": {
                    "quantitySlots": 25,
                    "rotatatableInterval": "22.5deg",
                    "storageType": 189,
                    "retrieveOnly": false,
                    "shape": {
                        "base": "game:block/wood/crate/normal-closed_v",
                        "rotateY": 180
                    }
                },
                "wood-mahogany": {
                    "quantitySlots": 25,
                    "rotatatableInterval": "22.5deg",
                    "storageType": 189,
                    "retrieveOnly": false,
                    "shape": {
                        "base": "game:block/wood/crate/normal-closed_v",
                        "rotateY": 180
                    }
                },
                "*": {
                    "quantitySlots": 20,
                    "rotatatableInterval": "22.5deg",
                    "storageType": 189,
                    "retrieveOnly": false,
                    "shape": {
                        "base": "game:block/wood/crate/normal-closed_v",
                        "rotateY": 180
                    }
                }
            }
        }
    },

    {
        "file": "wildcrafttree:blocktypes/wood/woodtyped/crate.json",
        "op": "replace",
        "path": "/shapeInventory",
        "side": "server",
        "value": {

            "base": "game:block/wood/crate/normal-closed_v",
            "rotateY": 0
        }
    },
    {
        "file": "wildcrafttree:blocktypes/wood/woodtyped/crate.json",
        "op": "replace",
        "path": "/shapeByType",
        "side": "server",
        "value": {

            "base": "game:block/wood/crate/normal-closed_v",
            "rotateY": 0
        }
    }
]
   
          