{
	"editor": {
		"collapsedPaths": ",Root/origin/stemgroup/stem30,Root/origin/stemgroup/stem3,Root/origin/stemgroup/stem28,Root/origin/stemgroup/stem5,Root/origin/stem12,Root/origin/stemgroup/stem4,Root/origin/stem17,Root/origin/bulbbase,Root/origin/flowerbase,Root/origin/stem3,Root/origin/stem4,Root/origin/stemgroup/stem21,Root/origin/stem40,Root/origin/bulbbase10,Root/origin/bulbbase11,Root/origin/stemgroup/stem17,Root/origin/stem5,Root/origin/stemgroup/stem19,Root/origin/stem45,Root/origin/bulbbase7,Root/origin/bulbbase6,Root/origin/bulbbase9,Root/origin/bulbbase8,Root/origin/stemgroup/stem12,Root/origin/stem30,Root/origin/stem35,Root/origin/stemgroup/stem40,Root/origin/stemgroup/stem45,Root/origin/stemgroup/stem35,Root/origin/stem26,Root/origin/bulbbase1,Root/origin/stem28,Root/origin/stem27,Root/origin/bulbbase3,Root/origin/bulbbase2,Root/origin/bulbbase5,Root/origin/stem,Root/origin/bulbbase4",
		"allAngles": false,
		"entityTextureMode": false
	},
	"textureWidth": 16,
	"textureHeight": 16,
	"textureSizes": {
		"hibiscus": [16,16]
	},
	"textures": {
	},
	"elements": [
		{
			"name": "origin",
			"from": [ 8.0, 0.0, 8.0 ],
			"to": [ 8.0, 0.0, 8.0 ],
			"rotationOrigin": [ 8.0, 0.0, 8.0 ],
			"faces": {
			},
			"children": [
				{
					"name": "stem19",
					"from": [ -0.17, 1.9, -4.33 ],
					"to": [ 0.205, 2.275, 2.07 ],
					"rotationOrigin": [ 0.0, 1.9, 0.172 ],
					"rotationX": 90.0,
					"rotationZ": -180.0,
					"faces": {
						"north": { "texture": "#hibiscus", "uv": [ 14.5, 2.0, 15.0, 2.5 ], "autoUv": false },
						"east": { "texture": "#hibiscus", "uv": [ 14.5, 0.0, 15.0, 6.0 ], "rotation": 90, "autoUv": false },
						"south": { "texture": "#hibiscus", "uv": [ 14.5, 3.0, 15.0, 3.5 ] },
						"west": { "texture": "#hibiscus", "uv": [ 15.0, 0.0, 15.5, 6.0 ], "rotation": 90, "autoUv": false },
						"up": { "texture": "#hibiscus", "uv": [ 15.0, 0.0, 15.5, 6.0 ], "autoUv": false },
						"down": { "texture": "#hibiscus", "uv": [ 14.5, 0.0, 15.0, 6.0 ], "autoUv": false }
					},
					"children": [
						{
							"name": "stem20",
							"from": [ 0.49, -0.36, -1.9 ],
							"to": [ 0.79, -0.06, 0.1 ],
							"rotationOrigin": [ 0.165, 0.0, 4.5 ],
							"rotationX": 4.32,
							"rotationY": 5.94,
							"rotationZ": 5.69,
							"faces": {
								"north": { "texture": "#hibiscus", "uv": [ 14.5, 3.0, 15.0, 3.5 ], "autoUv": false },
								"east": { "texture": "#hibiscus", "uv": [ 15.0, 1.5, 15.5, 4.0 ], "rotation": 90, "autoUv": false },
								"west": { "texture": "#hibiscus", "uv": [ 15.0, 2.5, 15.5, 5.0 ], "rotation": 90, "autoUv": false },
								"up": { "texture": "#hibiscus", "uv": [ 14.5, 2.0, 15.0, 4.5 ], "autoUv": false },
								"down": { "texture": "#hibiscus", "uv": [ 15.0, 2.5, 15.5, 5.0 ], "autoUv": false }
							}
						},
						{
							"name": "flowerbase8",
							"from": [ -0.04, -0.15, -1.7 ],
							"to": [ 0.36, 0.45, -1.1 ],
							"rotationOrigin": [ -0.2359, -0.1495, -1.7047 ],
							"rotationX": -115.3852,
							"rotationY": 79.637,
							"rotationZ": 153.01,
							"faces": {
								"north": { "texture": "#hibiscus", "uv": [ 10.0, 10.5, 11.0, 11.5 ], "autoUv": false },
								"east": { "texture": "#hibiscus", "uv": [ 10.0, 10.5, 11.0, 11.5 ], "autoUv": false },
								"south": { "texture": "#hibiscus", "uv": [ 10.0, 10.5, 11.0, 11.5 ], "autoUv": false },
								"west": { "texture": "#hibiscus", "uv": [ 10.0, 10.5, 11.0, 11.5 ], "autoUv": false },
								"up": { "texture": "#hibiscus", "uv": [ 10.0, 10.5, 11.0, 11.5 ], "autoUv": false },
								"down": { "texture": "#hibiscus", "uv": [ 10.0, 10.5, 11.0, 11.5 ], "autoUv": false }
							}
						},
						{
							"name": "petal41",
							"from": [ -0.1, 0.65, -3.45 ],
							"to": [ -0.1, 2.9, -1.2 ],
							"rotationOrigin": [ -0.1353, 0.7264, -2.289 ],
							"rotationX": 176.239,
							"rotationY": 78.946,
							"rotationZ": 146.0,
							"faces": {
								"east": { "texture": "#hibiscus", "uv": [ 11.0, 11.0, 16.0, 16.0 ], "autoUv": false }
							}
						},
						{
							"name": "petal42",
							"from": [ -0.1, 0.5052, -3.2 ],
							"to": [ -0.1, 2.7552, -0.95 ],
							"rotationOrigin": [ -0.0749, 0.5052, -1.9648 ],
							"rotationX": 124.9878,
							"rotationY": 11.2405,
							"rotationZ": -176.5,
							"faces": {
								"east": { "texture": "#hibiscus", "uv": [ 11.0, 11.0, 16.0, 16.0 ], "autoUv": false }
							}
						},
						{
							"name": "petal43",
							"from": [ -0.2, 0.5052, -3.25 ],
							"to": [ -0.2, 2.7552, -1.0 ],
							"rotationOrigin": [ -0.0749, 0.5052, -1.9648 ],
							"rotationX": 107.8916,
							"rotationY": -59.426,
							"rotationZ": -186.5,
							"faces": {
								"east": { "texture": "#hibiscus", "uv": [ 11.0, 11.0, 16.0, 16.0 ], "autoUv": false }
							}
						},
						{
							"name": "petal44",
							"from": [ -0.1, 0.5052, -3.2 ],
							"to": [ -0.1, 2.7552, -0.95 ],
							"rotationOrigin": [ -0.0749, 0.5052, -1.9648 ],
							"rotationX": -47.2767,
							"rotationY": -46.6387,
							"rotationZ": 18.98,
							"faces": {
								"east": { "texture": "#hibiscus", "uv": [ 11.0, 11.0, 16.0, 16.0 ], "autoUv": false }
							}
						},
						{
							"name": "petal45",
							"from": [ -0.1, 0.5052, -3.17 ],
							"to": [ -0.1, 2.7552, -0.92 ],
							"rotationOrigin": [ -0.0749, 0.5052, -1.9648 ],
							"rotationX": -60.8323,
							"rotationY": 24.3079,
							"rotationZ": 20.12,
							"faces": {
								"east": { "texture": "#hibiscus", "uv": [ 11.0, 11.0, 16.0, 16.0 ], "autoUv": false }
							}
						}
					]
				},
				{
					"name": "stem22",
					"from": [ 0.3202, 0.2728, -3.6565 ],
					"to": [ 0.6202, 0.5728, -1.4066 ],
					"rotationOrigin": [ 0.469, 0.1528, 0.2563 ],
					"rotationX": 89.3603,
					"rotationY": 17.21,
					"rotationZ": -173.9813,
					"faces": {
						"north": { "texture": "#hibiscus", "uv": [ 14.5, 3.0, 15.0, 3.5 ], "autoUv": false },
						"east": { "texture": "#hibiscus", "uv": [ 14.5, 1.5, 15.0, 4.0 ], "rotation": 90, "autoUv": false },
						"west": { "texture": "#hibiscus", "uv": [ 14.5, 2.5, 15.0, 5.0 ], "rotation": 90, "autoUv": false },
						"up": { "texture": "#hibiscus", "uv": [ 14.5, 2.5, 15.0, 5.0 ], "autoUv": false },
						"down": { "texture": "#hibiscus", "uv": [ 15.0, 0.5, 15.5, 3.0 ], "autoUv": false }
					}
				},
				{
					"name": "stem23",
					"from": [ -1.3585, 0.2853, -5.105 ],
					"to": [ -1.0585, 0.5853, -2.855 ],
					"rotationOrigin": [ -1.0596, 0.1953, -0.5921 ],
					"rotationX": 112.4471,
					"rotationY": -23.8655,
					"rotationZ": -177.7993,
					"faces": {
						"north": { "texture": "#hibiscus", "uv": [ 15.0, 3.0, 15.5, 3.5 ], "autoUv": false },
						"east": { "texture": "#hibiscus", "uv": [ 14.5, 2.0, 15.0, 4.5 ], "rotation": 90, "autoUv": false },
						"west": { "texture": "#hibiscus", "uv": [ 15.0, 2.5, 15.5, 5.0 ], "rotation": 90, "autoUv": false },
						"up": { "texture": "#hibiscus", "uv": [ 14.5, 0.5, 15.0, 3.0 ], "autoUv": false },
						"down": { "texture": "#hibiscus", "uv": [ 15.0, 0.5, 15.5, 3.0 ], "autoUv": false }
					}
				},
				{
					"name": "leaf4",
					"from": [ -2.045, 5.1949, -1.2651 ],
					"to": [ 0.205, 5.1949, 2.4849 ],
					"rotationOrigin": [ -2.5, 4.7426, -0.7527 ],
					"rotationX": 45.7602,
					"rotationY": 62.77,
					"rotationZ": -140.5237,
					"faces": {
						"up": { "texture": "#hibiscus", "uv": [ 9.5, 8.5, 11.5, 12.0 ], "autoUv": false }
					}
				},
				{
					"name": "leaf17",
					"from": [ 4.442, 3.5425, 0.5525 ],
					"to": [ 6.692, 3.5425, 4.3025 ],
					"rotationOrigin": [ 4.5035, 3.5456, 0.5519 ],
					"rotationX": 134.38,
					"rotationY": -72.46,
					"rotationZ": 178.8557,
					"faces": {
						"up": { "texture": "#hibiscus", "uv": [ 9.0, 8.0, 11.5, 12.0 ], "autoUv": false }
					}
				},
				{
					"name": "flowerbase4",
					"from": [ 0.5028, 5.1824, 0.7724 ],
					"to": [ 0.9028, 5.7824, 1.3724 ],
					"rotationOrigin": [ -0.5661, 4.9992, 0.5582 ],
					"rotationX": 118.46,
					"rotationY": -61.85,
					"rotationZ": -134.32,
					"faces": {
						"north": { "texture": "#hibiscus", "uv": [ 10.0, 10.5, 11.0, 11.5 ], "autoUv": false },
						"east": { "texture": "#hibiscus", "uv": [ 10.0, 10.5, 11.0, 11.5 ], "autoUv": false },
						"south": { "texture": "#hibiscus", "uv": [ 10.0, 10.5, 11.0, 11.5 ], "autoUv": false },
						"west": { "texture": "#hibiscus", "uv": [ 10.0, 10.5, 11.0, 11.5 ], "autoUv": false },
						"up": { "texture": "#hibiscus", "uv": [ 10.0, 10.5, 11.0, 11.5 ], "autoUv": false },
						"down": { "texture": "#hibiscus", "uv": [ 10.0, 10.5, 11.0, 11.5 ], "autoUv": false }
					}
				},
				{
					"name": "flowerbase18",
					"from": [ 2.2534, 4.9787, 1.0787 ],
					"to": [ 2.6534, 5.5787, 1.6787 ],
					"rotationOrigin": [ 1.4942, 4.9744, 1.0193 ],
					"rotationX": -75.7197,
					"rotationY": -53.5191,
					"rotationZ": 25.0003,
					"faces": {
						"north": { "texture": "#hibiscus", "uv": [ 10.0, 10.5, 11.0, 11.5 ], "autoUv": false },
						"east": { "texture": "#hibiscus", "uv": [ 10.0, 10.5, 11.0, 11.5 ], "autoUv": false },
						"south": { "texture": "#hibiscus", "uv": [ 10.0, 10.5, 11.0, 11.5 ], "autoUv": false },
						"west": { "texture": "#hibiscus", "uv": [ 10.0, 10.5, 11.0, 11.5 ], "autoUv": false },
						"up": { "texture": "#hibiscus", "uv": [ 10.0, 10.5, 11.0, 11.5 ], "autoUv": false },
						"down": { "texture": "#hibiscus", "uv": [ 10.0, 10.5, 11.0, 11.5 ], "autoUv": false }
					}
				},
				{
					"name": "stem25",
					"from": [ 5.6848, 2.5513, -2.1609 ],
					"to": [ 5.9098, 2.7762, 0.0891 ],
					"rotationOrigin": [ 3.0004, 1.2391, 1.9827 ],
					"rotationX": 86.68,
					"rotationY": -20.2,
					"rotationZ": 173.24,
					"faces": {
						"north": { "texture": "#hibiscus", "uv": [ 14.5, 3.5, 15.0, 4.0 ], "autoUv": false },
						"east": { "texture": "#hibiscus", "uv": [ 15.0, 2.5, 15.5, 5.0 ], "rotation": 90, "autoUv": false },
						"west": { "texture": "#hibiscus", "uv": [ 14.5, 2.5, 15.0, 5.0 ], "rotation": 90, "autoUv": false },
						"up": { "texture": "#hibiscus", "uv": [ 15.0, 2.0, 15.5, 4.5 ], "autoUv": false },
						"down": { "texture": "#hibiscus", "uv": [ 14.5, 1.5, 15.0, 4.0 ], "autoUv": false }
					}
				},
				{
					"name": "stem24",
					"from": [ 0.3061, 0.3844, -5.2749 ],
					"to": [ 0.5311, 0.6093, -3.0249 ],
					"rotationOrigin": [ 0.4089, 0.2344, 0.838 ],
					"rotationX": 80.09,
					"rotationY": 16.67,
					"rotationZ": -168.42,
					"faces": {
						"north": { "texture": "#hibiscus", "uv": [ 14.5, 3.0, 15.0, 3.5 ], "autoUv": false },
						"east": { "texture": "#hibiscus", "uv": [ 15.0, 1.5, 15.5, 4.0 ], "rotation": 90, "autoUv": false },
						"west": { "texture": "#hibiscus", "uv": [ 14.5, 2.0, 15.0, 4.5 ], "rotation": 90, "autoUv": false },
						"up": { "texture": "#hibiscus", "uv": [ 15.0, 2.5, 15.5, 5.0 ], "autoUv": false },
						"down": { "texture": "#hibiscus", "uv": [ 14.5, 2.5, 15.0, 5.0 ], "autoUv": false }
					}
				},
				{
					"name": "petal21",
					"from": [ -1.648, 5.899, -1.811 ],
					"to": [ -1.648, 8.149, 0.439 ],
					"rotationOrigin": [ -1.4265, 6.2991, -0.6551 ],
					"rotationX": 89.72,
					"rotationY": -74.2,
					"rotationZ": 107.48,
					"faces": {
						"east": { "texture": "#hibiscus", "uv": [ 11.0, 11.0, 16.0, 16.0 ], "autoUv": false }
					}
				},
				{
					"name": "petal91",
					"from": [ 1.7312, 6.0266, -0.7534 ],
					"to": [ 1.7312, 8.2766, 1.4966 ],
					"rotationOrigin": [ 1.9481, 6.3778, 0.4238 ],
					"rotationX": -24.6,
					"rotationY": -6.24,
					"rotationZ": -22.0,
					"faces": {
						"east": { "texture": "#hibiscus", "uv": [ 11.0, 11.0, 16.0, 16.0 ], "autoUv": false }
					}
				},
				{
					"name": "petal92",
					"from": [ 1.787, 6.0613, -0.5088 ],
					"to": [ 1.787, 8.3113, 1.7412 ],
					"rotationOrigin": [ 1.757, 6.0613, 0.5549 ],
					"rotationX": 6.34,
					"rotationY": 42.55,
					"rotationZ": -20.0,
					"faces": {
						"east": { "texture": "#hibiscus", "uv": [ 11.0, 11.0, 16.0, 16.0 ], "autoUv": false }
					}
				},
				{
					"name": "petal93",
					"from": [ 1.802, 6.0613, -0.5088 ],
					"to": [ 1.802, 8.3113, 1.7412 ],
					"rotationOrigin": [ 1.757, 6.0613, 0.5549 ],
					"rotationX": 61.97,
					"rotationY": 61.8,
					"rotationZ": -67.5,
					"faces": {
						"east": { "texture": "#hibiscus", "uv": [ 11.0, 11.0, 16.0, 16.0 ], "autoUv": false }
					}
				},
				{
					"name": "petal94",
					"from": [ 1.749, 6.0612, -0.5388 ],
					"to": [ 1.749, 8.3112, 1.7112 ],
					"rotationOrigin": [ 1.757, 6.0613, 0.5549 ],
					"rotationX": 170.28,
					"rotationY": -3.43,
					"rotationZ": -135.0,
					"faces": {
						"east": { "texture": "#hibiscus", "uv": [ 11.0, 11.0, 16.0, 16.0 ], "autoUv": false }
					}
				},
				{
					"name": "petal95",
					"from": [ 1.787, 6.0613, -0.7388 ],
					"to": [ 1.787, 8.3113, 1.5112 ],
					"rotationOrigin": [ 1.757, 6.0613, 0.5549 ],
					"rotationX": -150.5,
					"rotationY": -62.29,
					"rotationZ": -112.0,
					"faces": {
						"east": { "texture": "#hibiscus", "uv": [ 11.0, 11.0, 16.0, 16.0 ], "autoUv": false }
					}
				},
				{
					"name": "petal22",
					"from": [ -1.3002, 5.9574, -1.5596 ],
					"to": [ -1.3002, 8.2074, 0.6904 ],
					"rotationOrigin": [ -1.3302, 5.9574, -0.472 ],
					"rotationX": -16.76,
					"rotationY": -19.29,
					"rotationZ": 29.57,
					"faces": {
						"east": { "texture": "#hibiscus", "uv": [ 11.0, 11.0, 16.0, 16.0 ], "autoUv": false }
					}
				},
				{
					"name": "petal23",
					"from": [ -1.2852, 5.9574, -1.5496 ],
					"to": [ -1.2852, 8.2074, 0.7004 ],
					"rotationOrigin": [ -1.3302, 5.9574, -0.472 ],
					"rotationX": -40.0,
					"rotationY": 41.69,
					"rotationZ": 41.05,
					"faces": {
						"east": { "texture": "#hibiscus", "uv": [ 11.0, 11.0, 16.0, 16.0 ], "autoUv": false }
					}
				},
				{
					"name": "petal24",
					"from": [ -1.2702, 5.9575, -1.5096 ],
					"to": [ -1.2702, 8.2075, 0.7404 ],
					"rotationOrigin": [ -1.3302, 5.9574, -0.472 ],
					"rotationX": -175.4599,
					"rotationY": 53.3,
					"rotationZ": 164.92,
					"faces": {
						"east": { "texture": "#hibiscus", "uv": [ 11.0, 11.0, 16.0, 16.0 ], "autoUv": false }
					}
				},
				{
					"name": "petal25",
					"from": [ -1.3002, 5.9204, -1.4996 ],
					"to": [ -1.3002, 8.1704, 0.7504 ],
					"rotationOrigin": [ -1.3302, 5.9574, -0.472 ],
					"rotationX": 152.82,
					"rotationY": -34.49,
					"rotationZ": -177.24,
					"faces": {
						"east": { "texture": "#hibiscus", "uv": [ 11.0, 11.0, 16.0, 16.0 ], "autoUv": false }
					}
				}
			]
		}
	]}