{
	"editor": {
		"collapsedPaths": ",Root/origin/stembendexample5/stembend6/petalgroup12,Root/origin/stembendbulbexample/stembend2/petalgroup6/bulbgroup20,Root/origin/stemgroup,Root/origin/stembendbulbexample/leafgroup16,Root/origin/stembendbulbexample/leafgroup17,Root/origin/flowergroup/stembase/leafgroup7,Root/origin/stembendbulbexample/stembend2/petalgroup6/bulbgroup18,Root/origin/flowerexample/stem6,Root/origin/stembendbulbexample/stembend2/petalgroup6/bulbgroup19,Root/origin/flowergroup4/flower4/stem6/petalgroup8,Root/origin/stembendbulbexample/stembend2/petalgroup6/bulbgroup17,Root/origin/flowergroup/stembase/leafgroup6,Root/origin/flowergroup/stembase/leafgroup5,Root/origin/stembendexampledark2,Root/origin/stembendexample6,Root/origin/stembendexampledark3,Root/origin/stembendexample5,Root/origin/stembendexampledark4,Root/origin/stembendexample4,Root/origin/flowerexample/stem3/bulbgroup5,Root/origin/stembendexample3,Root/origin/flowerexample/stem3/bulbgroup6,Root/origin/stembendexample2,Root/origin/flowerexample/stem3/bulbgroup7,Root/origin/flowerexample/stem3/bulbgroup8,Root/origin/stembendexample/stembend/petalgroup5,Root/petalgroup,Root/origin/flowerexample,Root/origin/stembendbulbexample/stembend2/petalgroup6,Root/origin/stembendexampledark/stembend7/petalgroup13/bulbgroup48,Root/origin/stembendexampledark/stembend7/petalgroup13/bulbgroup47,Root/origin/petalgroup,Root/origin/stembendexampledark/stembend7/petalgroup13/bulbgroup46,Root/origin/stembendexampledark/stembend7/petalgroup13/bulbgroup45,Root/petalgroup/petal5,Root/origin/stembendexample/stembend/leafgroup15,Root/origin/flower,Root/origin/flowergroup/flower4,Root/origin/flowergroup/flower3,Root/origin/flowergroup/flower2,Root/origin/stembendbulbexample/stembend2,Root/origin/flower2/stem5/bulbgroup9,Root/origin/stembendexampledark/leafgroup52,Root/origin/stembendexampledark/leafgroup53,Root/origin/flower2/stem5/petalgroup4/pset13,Root/origin/stembendexample/stembend/petalgroup5/pset17,Root/origin/stembendbulbexample/stembend2/petalgroup6/bulbgroup19/bulb42,Root/origin/stembendexample/stembend/petalgroup5/pset18,Root/origin/stembendexample/stembend/petalgroup5/pset19,Root/origin/flower2/stem5/petalgroup4/pset16,Root/origin/leafgroupexample2,Root/origin/stembendexample/leafgroup15,Root/origin/flower2/stem5/petalgroup4/pset14,Root/origin/stembendexample/leafgroup13,Root/origin/flowergroup/flower,Root/origin/flower2/stem5/petalgroup4/pset15,Root/origin/stembendexample/leafgroup14,Root/origin/stembendexample/stembend/petalgroup5/bulbgroup16,Root/origin/stembendexample/stembend/petalgroup5/bulbgroup14,Root/origin/stembendexample/stembend/petalgroup5/bulbgroup15,Root/origin/stembendexample,Root/origin/flowergroup4,Root/origin/stembendexampledark/stembend7/petalgroup13/pset47,Root/origin/stembendexampledark/stembend7/petalgroup13/pset48,Root/origin/stembendexampledark/stembend7/petalgroup13/pset45,Root/origin/stembendexampledark/stembend7/petalgroup13/pset46,Root/origin/flowergroup2,Root/origin/flowergroup/stembase2,Root/origin/stembendbulbexample/stembend2/petalgroup13,Root/origin/flower2/stem4/bulbgroup9,Root/origin/flowergroup3/stembase3/leafgroup29,Root/origin/flowergroup3/stembase3/leafgroup28,Root/origin/flowergroup3/stembase3/leafgroup27,Root/origin/flowergroup3/stembase3/leafgroup26,Root/origin/flower2/stem5/bulbgroup11,Root/origin/flower2/stem4/bulbgroup10,Root/origin/flower2/stem5/bulbgroup10,Root/origin/flowergroup3/stembase2/leafgroup21,Root/origin/flower2/stem4/bulbgroup11,Root/origin/flowergroup3/stembase2/leafgroup22,Root/origin/flower2/stem4/bulbgroup12,Root/origin/stembendexampledark,Root/origin/flower2/stem4/petalgroup4/pset13,Root/origin/flower2/stem4/petalgroup4/pset14,Root/origin/stembendexample/stembend/petalgroup5/bulbgroup13,Root/origin/flower2/stem4/petalgroup4/pset15,Root/origin/flower2/stem4/petalgroup4/pset16,Root/origin/stembendexample/stembend/petalgroup5/pset20,Root/origin/stemgroup/stembase/leafgroup,Root/origin/flower2/stem5/bulbgroup12,Root/origin/stemgroup/stembase/leafgroup6,Root/origin/stemgroup/stembase/leafgroup5,Root/origin/stemgroup/stembase/leafgroup7,Root/origin/flowergroup,Root/origin/stemgroup/stembase/leafgroup2,Root/petalgroup2,Root/origin/stemgroup/stembase/leafgroup4,Root/origin/stemgroup/stembase/leafgroup3,Root/origin/stemgroup/stembase,Root/origin/leafgroupexample,Root/origin/flowergroup3/stembase3/leafgroup31,Root/origin/flowergroup3/stembase3/leafgroup30,Root/origin/flowergroup3/flower2/stem4/petalgroup4/pset15,Root/origin/flowergroup3/flower2/stem4/petalgroup4/pset16,Root/origin/flowergroup3/flower2/stem4/petalgroup4/pset13,Root/origin/flowergroup3/flower2/stem4/petalgroup4/pset14,Root/origin/stembendexample5/leafgroup50,Root/origin/stembendexample5/leafgroup49,Root/origin/stembendbulbexample,Root/origin/petalgroup/pset4,Root/origin/petalgroup/pset3,Root/origin/flowergroup3/stembendexample3/stembend4/petalgroup10/pset35,Root/origin/petalgroup/pset2,Root/origin/flowergroup3/stembendexample3/stembend4/petalgroup10/pset36,Root/origin/petalgroup/pset1,Root/origin/flowergroup3/stembendexample3/stembend4/petalgroup10/pset33,Root/origin/flowergroup3/stembendexample3/stembend4/petalgroup10/pset34,Root/origin/stembendexample2/stembend2/petalgroup6/pset22,Root/origin/stembendexample2/stembend2/petalgroup6/pset23,Root/origin/stembendexample2/stembend2/petalgroup6/pset24,Root/origin/stembendexample2/stembend2/petalgroup6/bulbgroup20,Root/origin/stembendexample2/stembend2/petalgroup6/pset21,Root/origin/stembendexample2/stembend2/petalgroup6/bulbgroup19,Root/origin/flowerexample/stem3/petalgroup3,Root/petalgroup/pset2,Root/origin/stembendexample2/stembend2/petalgroup6/bulbgroup17,Root/petalgroup/pset1,Root/origin/stembendexample2/stembend2/petalgroup6/bulbgroup18,Root/origin/stembendexampledark/stembend7,Root/petalgroup/pset3,Root/origin/stemexample",
		"allAngles": false,
		"entityTextureMode": false
	},
	"textureWidth": 16,
	"textureHeight": 16,
	"textureSizes": {
	},
	"textures": {
	},
	"elements": [
		{
			"name": "origin",
			"from": [ 8.0, 0.0, 8.0 ],
			"to": [ 8.0, 0.0, 8.0 ],
			"rotationOrigin": [ 8.0, 0.0, 8.0 ],
			"faces": {
			},
			"children": [
				{
					"name": "flowergroup3",
					"from": [ -0.15, -4.0, -0.15 ],
					"to": [ -0.15, -4.0, -0.15 ],
					"faces": {
					},
					"children": [
						{
							"name": "stembendexample2",
							"from": [ 0.0, 6.2, 0.0 ],
							"to": [ 0.35, 9.2, 0.35 ],
							"rotationOrigin": [ 0.17, 6.2, 0.17 ],
							"rotationX": 41.0,
							"rotationY": -34.0,
							"rotationZ": 7.0,
							"faces": {
								"north": { "texture": "#calendula", "uv": [ 0.5, 8.0, 1.0, 11.0 ] },
								"east": { "texture": "#calendula", "uv": [ 0.5, 8.0, 1.0, 11.0 ] },
								"south": { "texture": "#calendula", "uv": [ 0.5, 8.0, 1.0, 11.0 ] },
								"west": { "texture": "#calendula", "uv": [ 0.5, 8.0, 1.0, 11.0 ] },
								"up": { "texture": "#calendula", "uv": [ 0.5, 7.5, 1.0, 8.0 ] }
							},
							"children": [
								{
									"name": "leafgroup40",
									"from": [ 0.0, 0.0, 0.0 ],
									"to": [ 0.0, 0.0, 0.0 ],
									"rotationOrigin": [ 0.17, 0.0, 0.17 ],
									"faces": {
									},
									"children": [
										{
											"name": "leaf171",
											"from": [ -0.82, 1.3, 0.0 ],
											"to": [ 1.18, 1.3, 4.0 ],
											"rotationOrigin": [ 0.18, 1.3, 0.0 ],
											"rotationX": -18.0,
											"rotationY": -30.0,
											"rotationZ": 12.0,
											"faces": {
												"up": { "texture": "#calendula", "uv": [ 11.0, 10.5, 13.5, 16.0 ], "rotation": 180, "autoUv": false }
											}
										}
									]
								},
								{
									"name": "leafgroup41",
									"from": [ 0.0, 2.0, 0.0 ],
									"to": [ 0.0, 2.0, 0.0 ],
									"rotationOrigin": [ 0.17, 2.0, 0.17 ],
									"faces": {
									},
									"children": [
										{
											"name": "leaf173",
											"from": [ 0.0, 1.0, -0.82 ],
											"to": [ 4.0, 1.0, 1.18 ],
											"rotationOrigin": [ 0.0, 1.0, 0.18 ],
											"rotationX": -7.0,
											"rotationY": 4.0,
											"rotationZ": 30.0,
											"faces": {
												"up": { "texture": "#calendula", "uv": [ 11.0, 10.5, 13.5, 16.0 ], "rotation": 90, "autoUv": false }
											}
										},
										{
											"name": "leaf174",
											"from": [ -3.65, 1.0, -0.82 ],
											"to": [ 0.35, 1.0, 1.18 ],
											"rotationOrigin": [ 0.35, 1.0, 0.17 ],
											"rotationZ": -12.0,
											"faces": {
												"up": { "texture": "#calendula", "uv": [ 11.0, 10.5, 13.5, 16.0 ], "rotation": 270, "autoUv": false }
											}
										}
									]
								},
								{
									"name": "stembend3",
									"from": [ 0.0, 2.9, 0.0 ],
									"to": [ 0.35, 5.9, 0.35 ],
									"rotationOrigin": [ 0.17, 3.0, 0.17 ],
									"rotationX": 7.0,
									"rotationZ": 14.0,
									"faces": {
										"north": { "texture": "#calendula", "uv": [ 0.5, 8.0, 1.0, 11.0 ] },
										"east": { "texture": "#calendula", "uv": [ 0.5, 8.0, 1.0, 11.0 ] },
										"south": { "texture": "#calendula", "uv": [ 0.5, 8.0, 1.0, 11.0 ] },
										"west": { "texture": "#calendula", "uv": [ 0.5, 8.0, 1.0, 11.0 ] },
										"up": { "texture": "#calendula", "uv": [ 0.5, 7.5, 1.0, 8.0 ] }
									},
									"children": [
										{
											"name": "leafgroup42",
											"from": [ 0.0, 1.0, 0.0 ],
											"to": [ 0.0, 1.0, 0.0 ],
											"rotationOrigin": [ 0.17, 1.0, 0.17 ],
											"faces": {
											},
											"children": [
												{
													"name": "leaf177",
													"from": [ 0.0, 1.0, -0.82 ],
													"to": [ 4.0, 1.0, 1.18 ],
													"rotationOrigin": [ 0.0, 1.0, 0.18 ],
													"rotationZ": 30.0,
													"faces": {
														"up": { "texture": "#calendula", "uv": [ 11.0, 10.5, 13.5, 16.0 ], "rotation": 90, "autoUv": false }
													}
												},
												{
													"name": "leaf178",
													"from": [ -3.65, 1.0, -0.82 ],
													"to": [ 0.35, 1.0, 1.18 ],
													"rotationOrigin": [ 0.35, 1.0, 0.17 ],
													"rotationZ": -8.0,
													"faces": {
														"up": { "texture": "#calendula", "uv": [ 11.0, 10.5, 13.5, 16.0 ], "rotation": 270, "autoUv": false }
													}
												},
												{
													"name": "leaf179",
													"from": [ -0.82, 1.3, 0.0 ],
													"to": [ 1.18, 1.3, 4.0 ],
													"rotationOrigin": [ 0.18, 1.3, 0.0 ],
													"rotationX": -22.0,
													"faces": {
														"up": { "texture": "#calendula", "uv": [ 11.0, 10.5, 13.5, 16.0 ], "rotation": 180, "autoUv": false }
													}
												},
												{
													"name": "leaf180",
													"from": [ -0.82, 1.3, -3.65 ],
													"to": [ 1.18, 1.3, 0.35 ],
													"rotationOrigin": [ 0.18, 1.3, 0.35 ],
													"faces": {
														"up": { "texture": "#calendula", "uv": [ 11.0, 10.5, 13.5, 16.0 ], "autoUv": false }
													}
												}
											]
										},
										{
											"name": "petalgroup9",
											"from": [ -1.85, 0.7, -1.85 ],
											"to": [ -1.85, 0.7, -1.85 ],
											"rotationOrigin": [ 0.2, 3.25, 0.15 ],
											"rotationX": -5.0,
											"rotationZ": 7.0,
											"faces": {
											},
											"children": [
												{
													"name": "center8",
													"from": [ 1.42, 2.49, 1.42 ],
													"to": [ 2.64, 2.49, 2.64 ],
													"rotationOrigin": [ 1.25, 2.49, 1.25 ],
													"faces": {
														"up": { "texture": "#calendula", "uv": [ 12.0, 0.0, 14.0, 2.0 ], "autoUv": false }
													}
												},
												{
													"name": "bulb65",
													"from": [ 1.805, 2.25, 1.805 ],
													"to": [ 2.255, 2.48, 2.255 ],
													"rotationOrigin": [ 1.85, -3.65, 1.85 ],
													"faces": {
														"north": { "texture": "#calendula", "uv": [ 0.5, 7.5, 1.0, 8.0 ] },
														"east": { "texture": "#calendula", "uv": [ 0.5, 7.5, 1.0, 8.0 ] },
														"south": { "texture": "#calendula", "uv": [ 0.5, 7.5, 1.0, 8.0 ] },
														"west": { "texture": "#calendula", "uv": [ 0.5, 7.5, 1.0, 8.0 ] },
														"up": { "texture": "#calendula", "uv": [ 0.5, 7.5, 1.0, 8.0 ] },
														"down": { "texture": "#calendula", "uv": [ 0.5, 7.5, 1.0, 8.0 ] }
													}
												},
												{
													"name": "bulbgroup29",
													"from": [ 1.81, 2.25, 1.75 ],
													"to": [ 1.81, 2.25, 1.75 ],
													"rotationOrigin": [ 1.81, 2.25, 1.75 ],
													"faces": {
													},
													"children": [
														{
															"name": "bulb66",
															"from": [ 0.0, 0.0, 0.0 ],
															"to": [ 0.12, 0.25, 0.56 ],
															"rotationOrigin": [ 0.0, 0.0, 0.0 ],
															"rotationZ": 69.0,
															"faces": {
																"north": { "texture": "#calendula", "uv": [ 0.5, 8.5, 1.0, 9.0 ] },
																"east": { "texture": "#calendula", "uv": [ 0.5, 8.5, 1.0, 9.0 ] },
																"south": { "texture": "#calendula", "uv": [ 0.5, 8.5, 1.0, 9.0 ] },
																"west": { "texture": "#calendula", "uv": [ 0.5, 8.5, 1.0, 9.0 ] },
																"up": { "texture": "#calendula", "uv": [ 0.5, 8.5, 1.0, 9.0 ] },
																"down": { "texture": "#calendula", "uv": [ 0.5, 8.5, 1.0, 9.0 ] }
															},
															"children": [
																{
																	"name": "bulb67",
																	"from": [ 0.16, 0.03, 0.0 ],
																	"to": [ 0.24, 0.42, 0.56 ],
																	"rotationOrigin": [ 0.08, 0.0, 0.0 ],
																	"rotationZ": 21.0,
																	"faces": {
																		"north": { "texture": "#calendula", "uv": [ 0.5, 8.5, 1.0, 9.0 ] },
																		"east": { "texture": "#calendula", "uv": [ 0.5, 8.5, 1.0, 9.0 ] },
																		"south": { "texture": "#calendula", "uv": [ 0.5, 8.5, 1.0, 9.0 ] },
																		"west": { "texture": "#calendula", "uv": [ 0.5, 8.5, 1.0, 9.0 ] },
																		"up": { "texture": "#calendula", "uv": [ 0.5, 8.5, 1.0, 9.0 ] },
																		"down": { "texture": "#calendula", "uv": [ 0.5, 8.5, 1.0, 9.0 ] }
																	}
																}
															]
														}
													]
												},
												{
													"name": "bulbgroup30",
													"from": [ 1.7501, 2.25, 2.25 ],
													"to": [ 1.7501, 2.25, 2.25 ],
													"rotationOrigin": [ 1.75, 2.25, 2.25 ],
													"rotationY": 89.9802,
													"faces": {
													},
													"children": [
														{
															"name": "bulb68",
															"from": [ 0.0, 0.0, 0.0 ],
															"to": [ 0.12, 0.25, 0.56 ],
															"rotationOrigin": [ 0.0, 0.0, 0.0 ],
															"rotationZ": 69.0,
															"faces": {
																"north": { "texture": "#calendula", "uv": [ 0.5, 8.5, 1.0, 9.0 ] },
																"east": { "texture": "#calendula", "uv": [ 0.5, 8.5, 1.0, 9.0 ] },
																"south": { "texture": "#calendula", "uv": [ 0.5, 8.5, 1.0, 9.0 ] },
																"west": { "texture": "#calendula", "uv": [ 0.5, 8.5, 1.0, 9.0 ] },
																"up": { "texture": "#calendula", "uv": [ 0.5, 8.5, 1.0, 9.0 ] },
																"down": { "texture": "#calendula", "uv": [ 0.5, 8.5, 1.0, 9.0 ] }
															},
															"children": [
																{
																	"name": "bulb69",
																	"from": [ 0.16, 0.03, 0.0 ],
																	"to": [ 0.24, 0.42, 0.56 ],
																	"rotationOrigin": [ 0.08, 0.0, 0.0 ],
																	"rotationZ": 21.0,
																	"faces": {
																		"north": { "texture": "#calendula", "uv": [ 0.5, 8.5, 1.0, 9.0 ] },
																		"east": { "texture": "#calendula", "uv": [ 0.5, 8.5, 1.0, 9.0 ] },
																		"south": { "texture": "#calendula", "uv": [ 0.5, 8.5, 1.0, 9.0 ] },
																		"west": { "texture": "#calendula", "uv": [ 0.5, 8.5, 1.0, 9.0 ] },
																		"up": { "texture": "#calendula", "uv": [ 0.5, 8.5, 1.0, 9.0 ] },
																		"down": { "texture": "#calendula", "uv": [ 0.5, 8.5, 1.0, 9.0 ] }
																	}
																}
															]
														}
													]
												},
												{
													"name": "bulbgroup31",
													"from": [ 2.31, 2.25, 1.8502 ],
													"to": [ 2.31, 2.25, 1.8502 ],
													"rotationOrigin": [ 2.31, 2.25, 1.85 ],
													"rotationY": -89.9802,
													"faces": {
													},
													"children": [
														{
															"name": "bulb70",
															"from": [ -0.04, 0.0, 0.0 ],
															"to": [ 0.08, 0.25, 0.56 ],
															"rotationOrigin": [ -0.04, 0.0, 0.0 ],
															"rotationZ": 69.0,
															"faces": {
																"north": { "texture": "#calendula", "uv": [ 0.5, 8.5, 1.0, 9.0 ] },
																"east": { "texture": "#calendula", "uv": [ 0.5, 8.5, 1.0, 9.0 ] },
																"south": { "texture": "#calendula", "uv": [ 0.5, 8.5, 1.0, 9.0 ] },
																"west": { "texture": "#calendula", "uv": [ 0.5, 8.5, 1.0, 9.0 ] },
																"up": { "texture": "#calendula", "uv": [ 0.5, 8.5, 1.0, 9.0 ] },
																"down": { "texture": "#calendula", "uv": [ 0.5, 8.5, 1.0, 9.0 ] }
															},
															"children": [
																{
																	"name": "bulb71",
																	"from": [ 0.16, 0.03, 0.0 ],
																	"to": [ 0.24, 0.42, 0.56 ],
																	"rotationOrigin": [ 0.08, 0.0, 0.0 ],
																	"rotationZ": 21.0,
																	"faces": {
																		"north": { "texture": "#calendula", "uv": [ 0.5, 8.5, 1.0, 9.0 ] },
																		"east": { "texture": "#calendula", "uv": [ 0.5, 8.5, 1.0, 9.0 ] },
																		"south": { "texture": "#calendula", "uv": [ 0.5, 8.5, 1.0, 9.0 ] },
																		"west": { "texture": "#calendula", "uv": [ 0.5, 8.5, 1.0, 9.0 ] },
																		"up": { "texture": "#calendula", "uv": [ 0.5, 8.5, 1.0, 9.0 ] },
																		"down": { "texture": "#calendula", "uv": [ 0.5, 8.5, 1.0, 9.0 ] }
																	}
																}
															]
														}
													]
												},
												{
													"name": "bulbgroup32",
													"from": [ 2.21, 2.25, 1.75 ],
													"to": [ 2.21, 2.25, 1.75 ],
													"rotationOrigin": [ 2.21, 2.25, 1.75 ],
													"rotationX": 180.0,
													"rotationZ": 180.0,
													"faces": {
													},
													"children": [
														{
															"name": "bulb72",
															"from": [ -0.04, 0.0, -0.56 ],
															"to": [ 0.08, 0.25, 0.0 ],
															"rotationOrigin": [ -0.04, 0.0, -0.56 ],
															"rotationZ": 69.0,
															"faces": {
																"north": { "texture": "#calendula", "uv": [ 0.5, 8.5, 1.0, 9.0 ] },
																"east": { "texture": "#calendula", "uv": [ 0.5, 8.5, 1.0, 9.0 ] },
																"south": { "texture": "#calendula", "uv": [ 0.5, 8.5, 1.0, 9.0 ] },
																"west": { "texture": "#calendula", "uv": [ 0.5, 8.5, 1.0, 9.0 ] },
																"up": { "texture": "#calendula", "uv": [ 0.5, 8.5, 1.0, 9.0 ] },
																"down": { "texture": "#calendula", "uv": [ 0.5, 8.5, 1.0, 9.0 ] }
															},
															"children": [
																{
																	"name": "bulb73",
																	"from": [ 0.16, 0.03, 0.0 ],
																	"to": [ 0.24, 0.42, 0.56 ],
																	"rotationOrigin": [ 0.08, 0.0, 0.0 ],
																	"rotationZ": 21.0,
																	"faces": {
																		"north": { "texture": "#calendula", "uv": [ 0.5, 8.5, 1.0, 9.0 ] },
																		"east": { "texture": "#calendula", "uv": [ 0.5, 8.5, 1.0, 9.0 ] },
																		"south": { "texture": "#calendula", "uv": [ 0.5, 8.5, 1.0, 9.0 ] },
																		"west": { "texture": "#calendula", "uv": [ 0.5, 8.5, 1.0, 9.0 ] },
																		"up": { "texture": "#calendula", "uv": [ 0.5, 8.5, 1.0, 9.0 ] },
																		"down": { "texture": "#calendula", "uv": [ 0.5, 8.5, 1.0, 9.0 ] }
																	}
																}
															]
														}
													]
												},
												{
													"name": "Cube2",
													"from": [ 0.04, -0.03, 0.04 ],
													"to": [ 0.04, -0.03, 0.04 ],
													"faces": {
													},
													"children": [
														{
															"name": "pset29",
															"from": [ 0.0, 2.5, 0.0 ],
															"to": [ 3.75, 2.5, 1.5 ],
															"rotationOrigin": [ 0.0, 2.5, 1.5 ],
															"rotationX": 100.0,
															"faces": {
																"up": { "texture": "#calendula", "uv": [ 0.0, 3.0, 7.5, 6.0 ], "autoUv": false }
															},
															"children": [
																{
																	"name": "petal75",
																	"from": [ 0.0, 0.0, 0.0 ],
																	"to": [ 3.75, 0.0, 1.5 ],
																	"rotationOrigin": [ 0.0, 0.0, 1.5 ],
																	"rotationX": -30.0,
																	"faces": {
																		"up": { "texture": "#calendula", "uv": [ 0.0, 3.0, 7.5, 6.0 ], "autoUv": false }
																	}
																},
																{
																	"name": "petal76",
																	"from": [ 0.0, -0.3882, 0.0511 ],
																	"to": [ 3.75, -0.3882, 1.5511 ],
																	"rotationOrigin": [ 0.0, -0.3882, 0.0511 ],
																	"rotationX": -15.0,
																	"faces": {
																		"up": { "texture": "#calendula", "uv": [ 0.0, 3.0, 7.5, 6.0 ], "autoUv": false }
																	}
																}
															]
														},
														{
															"name": "pset30",
															"from": [ 0.0, 2.51, 4.0 ],
															"to": [ 0.0, 2.51, 4.0 ],
															"rotationOrigin": [ 1.5, 2.51, 4.0 ],
															"rotationZ": -100.0,
															"faces": {
																"north": { "texture": "#calendula", "uv": [ 0.0, 0.0, 0.5, 0.5 ] },
																"east": { "texture": "#calendula", "uv": [ 0.0, 0.0, 0.5, 0.5 ] },
																"south": { "texture": "#calendula", "uv": [ 0.0, 0.0, 0.5, 0.5 ] },
																"west": { "texture": "#calendula", "uv": [ 0.0, 0.0, 0.5, 0.5 ] },
																"up": { "texture": "#calendula", "uv": [ 0.0, 0.0, 0.5, 0.5 ] },
																"down": { "texture": "#calendula", "uv": [ 0.0, 0.0, 0.5, 0.5 ] }
															},
															"children": [
																{
																	"name": "petal77",
																	"from": [ 0.0014, 0.0, 0.0 ],
																	"to": [ 3.7514, 0.0, 1.5 ],
																	"rotationOrigin": [ 0.0, 0.0, 0.0 ],
																	"rotationY": 90.0,
																	"faces": {
																		"up": { "texture": "#calendula", "uv": [ 0.0, 3.0, 7.5, 6.0 ], "autoUv": false }
																	}
																},
																{
																	"name": "Cube24",
																	"from": [ 0.0, 0.0, 0.0 ],
																	"to": [ 0.0, 0.0, 0.0 ],
																	"rotationOrigin": [ 1.5, 0.0, 0.0 ],
																	"rotationZ": 30.0,
																	"faces": {
																		"north": { "texture": "#calendula", "uv": [ 0.0, 0.0, 0.5, 0.5 ] },
																		"east": { "texture": "#calendula", "uv": [ 0.0, 0.0, 0.5, 0.5 ] },
																		"south": { "texture": "#calendula", "uv": [ 0.0, 0.0, 0.5, 0.5 ] },
																		"west": { "texture": "#calendula", "uv": [ 0.0, 0.0, 0.5, 0.5 ] },
																		"up": { "texture": "#calendula", "uv": [ 0.0, 0.0, 0.5, 0.5 ] },
																		"down": { "texture": "#calendula", "uv": [ 0.0, 0.0, 0.5, 0.5 ] }
																	},
																	"children": [
																		{
																			"name": "petal78",
																			"from": [ 0.0014, 0.0, 0.0 ],
																			"to": [ 3.7514, 0.0, 1.5 ],
																			"rotationOrigin": [ 0.0, 0.0, 0.0 ],
																			"rotationY": 90.0,
																			"faces": {
																				"up": { "texture": "#calendula", "uv": [ 0.0, 3.0, 7.5, 6.0 ], "autoUv": false }
																			}
																		}
																	]
																},
																{
																	"name": "petal79",
																	"from": [ 0.0511, -0.3882, 0.0 ],
																	"to": [ 3.8011, -0.3882, 1.5 ],
																	"rotationOrigin": [ 0.0511, -0.3882, 0.0 ],
																	"rotationX": -90.0,
																	"rotationY": 75.0,
																	"rotationZ": 90.0,
																	"faces": {
																		"up": { "texture": "#calendula", "uv": [ 0.0, 3.0, 7.5, 6.0 ], "autoUv": false }
																	}
																}
															]
														},
														{
															"name": "pset31",
															"from": [ 3.75, 2.52, 4.0 ],
															"to": [ 3.75, 2.52, 4.0 ],
															"rotationOrigin": [ 3.75, 2.52, 2.5 ],
															"rotationX": -100.0,
															"faces": {
																"north": { "texture": "#calendula", "uv": [ 0.0, 0.0, 0.5, 0.5 ] },
																"east": { "texture": "#calendula", "uv": [ 0.0, 0.0, 0.5, 0.5 ] },
																"south": { "texture": "#calendula", "uv": [ 0.0, 0.0, 0.5, 0.5 ] },
																"west": { "texture": "#calendula", "uv": [ 0.0, 0.0, 0.5, 0.5 ] },
																"up": { "texture": "#calendula", "uv": [ 0.0, 0.0, 0.5, 0.5 ] },
																"down": { "texture": "#calendula", "uv": [ 0.0, 0.0, 0.5, 0.5 ] }
															},
															"children": [
																{
																	"name": "petal80",
																	"from": [ 0.0, 0.0, 0.0 ],
																	"to": [ 3.75, 0.0, 1.5 ],
																	"rotationOrigin": [ 0.0, 0.0, 0.0 ],
																	"rotationX": -180.0,
																	"rotationZ": -180.0,
																	"faces": {
																		"up": { "texture": "#calendula", "uv": [ 0.0, 3.0, 7.5, 6.0 ], "autoUv": false }
																	}
																},
																{
																	"name": "Cube25",
																	"from": [ 0.0, 0.0, 0.0 ],
																	"to": [ 0.0, 0.0, 0.0 ],
																	"rotationOrigin": [ 0.0, 0.0, -1.5 ],
																	"rotationX": 30.0,
																	"faces": {
																		"north": { "texture": "#calendula", "uv": [ 0.0, 0.0, 0.5, 0.5 ] },
																		"east": { "texture": "#calendula", "uv": [ 0.0, 0.0, 0.5, 0.5 ] },
																		"south": { "texture": "#calendula", "uv": [ 0.0, 0.0, 0.5, 0.5 ] },
																		"west": { "texture": "#calendula", "uv": [ 0.0, 0.0, 0.5, 0.5 ] },
																		"up": { "texture": "#calendula", "uv": [ 0.0, 0.0, 0.5, 0.5 ] },
																		"down": { "texture": "#calendula", "uv": [ 0.0, 0.0, 0.5, 0.5 ] }
																	},
																	"children": [
																		{
																			"name": "petal81",
																			"from": [ 0.0, 0.0, 0.0 ],
																			"to": [ 3.75, 0.0, 1.5 ],
																			"rotationOrigin": [ 0.0, 0.0, 0.0 ],
																			"rotationX": -180.0,
																			"rotationZ": -180.0,
																			"faces": {
																				"up": { "texture": "#calendula", "uv": [ 0.0, 3.0, 7.5, 6.0 ], "autoUv": false }
																			}
																		}
																	]
																},
																{
																	"name": "petal82",
																	"from": [ 0.0, -0.3882, -0.0511 ],
																	"to": [ 3.75, -0.3882, 1.4489 ],
																	"rotationOrigin": [ 0.0, -0.3882, -0.0511 ],
																	"rotationX": -165.0,
																	"rotationZ": -180.0,
																	"faces": {
																		"up": { "texture": "#calendula", "uv": [ 0.0, 3.0, 7.5, 6.0 ], "autoUv": false }
																	}
																}
															]
														},
														{
															"name": "pset32",
															"from": [ 4.0, 2.53, 0.25 ],
															"to": [ 4.0, 2.53, 0.25 ],
															"rotationOrigin": [ 2.5, 2.53, 0.25 ],
															"rotationZ": 100.0,
															"faces": {
																"north": { "texture": "#calendula", "uv": [ 0.0, 0.0, 0.5, 0.5 ] },
																"east": { "texture": "#calendula", "uv": [ 0.0, 0.0, 0.5, 0.5 ] },
																"south": { "texture": "#calendula", "uv": [ 0.0, 0.0, 0.5, 0.5 ] },
																"west": { "texture": "#calendula", "uv": [ 0.0, 0.0, 0.5, 0.5 ] },
																"up": { "texture": "#calendula", "uv": [ 0.0, 0.0, 0.5, 0.5 ] },
																"down": { "texture": "#calendula", "uv": [ 0.0, 0.0, 0.5, 0.5 ] }
															},
															"children": [
																{
																	"name": "petal83",
																	"from": [ -1.0E-4, 0.0, 0.0014 ],
																	"to": [ 3.7499, 0.0, 1.5014 ],
																	"rotationOrigin": [ 0.0, 0.0, 0.0 ],
																	"rotationY": -90.0,
																	"faces": {
																		"up": { "texture": "#calendula", "uv": [ 0.0, 3.0, 7.5, 6.0 ], "autoUv": false }
																	}
																},
																{
																	"name": "Cube26",
																	"from": [ 0.0, 0.0, 0.0 ],
																	"to": [ 0.0, 0.0, 0.0 ],
																	"rotationOrigin": [ -1.5, 0.0, 0.0 ],
																	"rotationZ": -30.0,
																	"faces": {
																		"north": { "texture": "#calendula", "uv": [ 0.0, 0.0, 0.5, 0.5 ] },
																		"east": { "texture": "#calendula", "uv": [ 0.0, 0.0, 0.5, 0.5 ] },
																		"south": { "texture": "#calendula", "uv": [ 0.0, 0.0, 0.5, 0.5 ] },
																		"west": { "texture": "#calendula", "uv": [ 0.0, 0.0, 0.5, 0.5 ] },
																		"up": { "texture": "#calendula", "uv": [ 0.0, 0.0, 0.5, 0.5 ] },
																		"down": { "texture": "#calendula", "uv": [ 0.0, 0.0, 0.5, 0.5 ] }
																	},
																	"children": [
																		{
																			"name": "petal84",
																			"from": [ -1.0E-4, 0.0, 0.0014 ],
																			"to": [ 3.7499, 0.0, 1.5014 ],
																			"rotationOrigin": [ 0.0, 0.0, 0.0 ],
																			"rotationY": -90.0,
																			"faces": {
																				"up": { "texture": "#calendula", "uv": [ 0.0, 3.0, 7.5, 6.0 ], "autoUv": false }
																			}
																		}
																	]
																},
																{
																	"name": "petal85",
																	"from": [ -0.0511, -0.3882, 0.0 ],
																	"to": [ 3.6989, -0.3882, 1.5 ],
																	"rotationOrigin": [ -0.0511, -0.3882, 0.0 ],
																	"rotationX": -90.0,
																	"rotationY": -75.0,
																	"rotationZ": -90.0,
																	"faces": {
																		"up": { "texture": "#calendula", "uv": [ 0.0, 3.0, 7.5, 6.0 ], "autoUv": false }
																	}
																}
															]
														}
													]
												}
											]
										}
									]
								}
							]
						},
						{
							"name": "stembendexample3",
							"from": [ 0.6, 10.5, 0.2 ],
							"to": [ 0.95, 13.5, 0.55 ],
							"rotationOrigin": [ 0.77, 10.5, 0.37 ],
							"rotationX": -32.0,
							"rotationZ": 22.0,
							"faces": {
								"north": { "texture": "#calendula", "uv": [ 0.5, 8.0, 1.0, 11.0 ] },
								"east": { "texture": "#calendula", "uv": [ 0.5, 8.0, 1.0, 11.0 ] },
								"south": { "texture": "#calendula", "uv": [ 0.5, 8.0, 1.0, 11.0 ] },
								"west": { "texture": "#calendula", "uv": [ 0.5, 8.0, 1.0, 11.0 ] },
								"up": { "texture": "#calendula", "uv": [ 0.5, 7.5, 1.0, 8.0 ] }
							},
							"children": [
								{
									"name": "leafgroup43",
									"from": [ 0.0, 0.0, 0.0 ],
									"to": [ 0.0, 0.0, 0.0 ],
									"rotationOrigin": [ 0.17, 0.0, 0.17 ],
									"faces": {
									},
									"children": [
										{
											"name": "leaf182",
											"from": [ -3.65, 1.0, -0.82 ],
											"to": [ 0.35, 1.0, 1.18 ],
											"rotationOrigin": [ 0.35, 1.0, 0.17 ],
											"rotationZ": -21.0,
											"faces": {
												"up": { "texture": "#calendula", "uv": [ 11.0, 10.5, 13.5, 16.0 ], "rotation": 270, "autoUv": false }
											}
										},
										{
											"name": "leaf184",
											"from": [ -0.82, 1.3, -3.65 ],
											"to": [ 1.18, 1.3, 0.35 ],
											"rotationOrigin": [ 0.18, 1.3, 0.35 ],
											"rotationX": 33.0,
											"rotationY": -3.0,
											"rotationZ": 2.0,
											"faces": {
												"up": { "texture": "#calendula", "uv": [ 11.0, 10.5, 13.5, 16.0 ], "autoUv": false }
											}
										}
									]
								},
								{
									"name": "leafgroup44",
									"from": [ 0.0, 2.0, 0.0 ],
									"to": [ 0.0, 2.0, 0.0 ],
									"rotationOrigin": [ 0.17, 2.0, 0.17 ],
									"faces": {
									},
									"children": [
										{
											"name": "leaf186",
											"from": [ -3.65, 1.0, -0.82 ],
											"to": [ 0.35, 1.0, 1.18 ],
											"rotationOrigin": [ 0.35, 1.0, 0.17 ],
											"rotationX": 17.0,
											"rotationY": 2.0,
											"rotationZ": -28.0,
											"faces": {
												"up": { "texture": "#calendula", "uv": [ 11.0, 10.5, 13.5, 16.0 ], "rotation": 270, "autoUv": false }
											}
										},
										{
											"name": "leaf188",
											"from": [ -0.82, 1.3, -3.65 ],
											"to": [ 1.18, 1.3, 0.35 ],
											"rotationOrigin": [ 0.18, 1.3, 0.35 ],
											"rotationX": 45.0,
											"rotationY": -21.0,
											"rotationZ": 7.0,
											"faces": {
												"up": { "texture": "#calendula", "uv": [ 11.0, 10.5, 13.5, 16.0 ], "autoUv": false }
											}
										}
									]
								},
								{
									"name": "stembend4",
									"from": [ 0.0, 2.9, 0.0 ],
									"to": [ 0.35, 5.9, 0.35 ],
									"rotationOrigin": [ 0.17, 3.0, 0.17 ],
									"rotationX": 21.0,
									"faces": {
										"north": { "texture": "#calendula", "uv": [ 0.5, 8.0, 1.0, 11.0 ] },
										"east": { "texture": "#calendula", "uv": [ 0.5, 8.0, 1.0, 11.0 ] },
										"south": { "texture": "#calendula", "uv": [ 0.5, 8.0, 1.0, 11.0 ] },
										"west": { "texture": "#calendula", "uv": [ 0.5, 8.0, 1.0, 11.0 ] },
										"up": { "texture": "#calendula", "uv": [ 0.5, 7.5, 1.0, 8.0 ] }
									},
									"children": [
										{
											"name": "leafgroup45",
											"from": [ 0.0, 1.0, 0.0 ],
											"to": [ 0.0, 1.0, 0.0 ],
											"rotationOrigin": [ 0.17, 1.0, 0.17 ],
											"faces": {
											},
											"children": [
												{
													"name": "leaf189",
													"from": [ 0.0, 1.0, -0.82 ],
													"to": [ 4.0, 1.0, 1.18 ],
													"rotationOrigin": [ 0.0, 1.0, 0.18 ],
													"rotationZ": 10.0,
													"faces": {
														"up": { "texture": "#calendula", "uv": [ 11.0, 10.5, 13.5, 16.0 ], "rotation": 90, "autoUv": false }
													}
												},
												{
													"name": "leaf190",
													"from": [ -3.65, 1.0, -0.82 ],
													"to": [ 0.35, 1.0, 1.18 ],
													"rotationOrigin": [ 0.35, 1.0, 0.17 ],
													"rotationZ": -27.0,
													"faces": {
														"up": { "texture": "#calendula", "uv": [ 11.0, 10.5, 13.5, 16.0 ], "rotation": 270, "autoUv": false }
													}
												},
												{
													"name": "leaf191",
													"from": [ -0.82, 1.3, 0.0 ],
													"to": [ 1.18, 1.3, 4.0 ],
													"rotationOrigin": [ 0.18, 1.3, 0.0 ],
													"faces": {
														"up": { "texture": "#calendula", "uv": [ 11.0, 10.5, 13.5, 16.0 ], "rotation": 180, "autoUv": false }
													}
												},
												{
													"name": "leaf192",
													"from": [ -0.82, 1.3, -3.65 ],
													"to": [ 1.18, 1.3, 0.35 ],
													"rotationOrigin": [ 0.18, 1.3, 0.35 ],
													"rotationX": 19.0,
													"faces": {
														"up": { "texture": "#calendula", "uv": [ 11.0, 10.5, 13.5, 16.0 ], "autoUv": false }
													}
												}
											]
										},
										{
											"name": "petalgroup10",
											"from": [ -1.85, 0.7, -1.85 ],
											"to": [ -1.85, 0.7, -1.85 ],
											"rotationOrigin": [ 0.2, 3.25, 0.15 ],
											"rotationX": 8.0,
											"rotationZ": -13.0,
											"faces": {
											},
											"children": [
												{
													"name": "center9",
													"from": [ 1.42, 2.49, 1.42 ],
													"to": [ 2.64, 2.49, 2.64 ],
													"rotationOrigin": [ 1.25, 2.49, 1.25 ],
													"faces": {
														"up": { "texture": "#calendula", "uv": [ 12.0, 0.0, 14.0, 2.0 ], "autoUv": false }
													}
												},
												{
													"name": "bulb74",
													"from": [ 1.805, 2.25, 1.805 ],
													"to": [ 2.255, 2.48, 2.255 ],
													"rotationOrigin": [ 1.85, -3.65, 1.85 ],
													"faces": {
														"north": { "texture": "#calendula", "uv": [ 0.5, 7.5, 1.0, 8.0 ] },
														"east": { "texture": "#calendula", "uv": [ 0.5, 7.5, 1.0, 8.0 ] },
														"south": { "texture": "#calendula", "uv": [ 0.5, 7.5, 1.0, 8.0 ] },
														"west": { "texture": "#calendula", "uv": [ 0.5, 7.5, 1.0, 8.0 ] },
														"up": { "texture": "#calendula", "uv": [ 0.5, 7.5, 1.0, 8.0 ] },
														"down": { "texture": "#calendula", "uv": [ 0.5, 7.5, 1.0, 8.0 ] }
													}
												},
												{
													"name": "bulbgroup33",
													"from": [ 1.81, 2.25, 1.75 ],
													"to": [ 1.81, 2.25, 1.75 ],
													"rotationOrigin": [ 1.81, 2.25, 1.75 ],
													"faces": {
													},
													"children": [
														{
															"name": "bulb75",
															"from": [ 0.0, 0.0, 0.0 ],
															"to": [ 0.12, 0.25, 0.56 ],
															"rotationOrigin": [ 0.0, 0.0, 0.0 ],
															"rotationZ": 69.0,
															"faces": {
																"north": { "texture": "#calendula", "uv": [ 0.5, 8.5, 1.0, 9.0 ] },
																"east": { "texture": "#calendula", "uv": [ 0.5, 8.5, 1.0, 9.0 ] },
																"south": { "texture": "#calendula", "uv": [ 0.5, 8.5, 1.0, 9.0 ] },
																"west": { "texture": "#calendula", "uv": [ 0.5, 8.5, 1.0, 9.0 ] },
																"up": { "texture": "#calendula", "uv": [ 0.5, 8.5, 1.0, 9.0 ] },
																"down": { "texture": "#calendula", "uv": [ 0.5, 8.5, 1.0, 9.0 ] }
															},
															"children": [
																{
																	"name": "bulb76",
																	"from": [ 0.16, 0.03, 0.0 ],
																	"to": [ 0.24, 0.42, 0.56 ],
																	"rotationOrigin": [ 0.08, 0.0, 0.0 ],
																	"rotationZ": 21.0,
																	"faces": {
																		"north": { "texture": "#calendula", "uv": [ 0.5, 8.5, 1.0, 9.0 ] },
																		"east": { "texture": "#calendula", "uv": [ 0.5, 8.5, 1.0, 9.0 ] },
																		"south": { "texture": "#calendula", "uv": [ 0.5, 8.5, 1.0, 9.0 ] },
																		"west": { "texture": "#calendula", "uv": [ 0.5, 8.5, 1.0, 9.0 ] },
																		"up": { "texture": "#calendula", "uv": [ 0.5, 8.5, 1.0, 9.0 ] },
																		"down": { "texture": "#calendula", "uv": [ 0.5, 8.5, 1.0, 9.0 ] }
																	}
																}
															]
														}
													]
												},
												{
													"name": "bulbgroup34",
													"from": [ 1.7501, 2.25, 2.25 ],
													"to": [ 1.7501, 2.25, 2.25 ],
													"rotationOrigin": [ 1.75, 2.25, 2.25 ],
													"rotationY": 89.9802,
													"faces": {
													},
													"children": [
														{
															"name": "bulb77",
															"from": [ 0.0, 0.0, 0.0 ],
															"to": [ 0.12, 0.25, 0.56 ],
															"rotationOrigin": [ 0.0, 0.0, 0.0 ],
															"rotationZ": 69.0,
															"faces": {
																"north": { "texture": "#calendula", "uv": [ 0.5, 8.5, 1.0, 9.0 ] },
																"east": { "texture": "#calendula", "uv": [ 0.5, 8.5, 1.0, 9.0 ] },
																"south": { "texture": "#calendula", "uv": [ 0.5, 8.5, 1.0, 9.0 ] },
																"west": { "texture": "#calendula", "uv": [ 0.5, 8.5, 1.0, 9.0 ] },
																"up": { "texture": "#calendula", "uv": [ 0.5, 8.5, 1.0, 9.0 ] },
																"down": { "texture": "#calendula", "uv": [ 0.5, 8.5, 1.0, 9.0 ] }
															},
															"children": [
																{
																	"name": "bulb78",
																	"from": [ 0.16, 0.03, 0.0 ],
																	"to": [ 0.24, 0.42, 0.56 ],
																	"rotationOrigin": [ 0.08, 0.0, 0.0 ],
																	"rotationZ": 21.0,
																	"faces": {
																		"north": { "texture": "#calendula", "uv": [ 0.5, 8.5, 1.0, 9.0 ] },
																		"east": { "texture": "#calendula", "uv": [ 0.5, 8.5, 1.0, 9.0 ] },
																		"south": { "texture": "#calendula", "uv": [ 0.5, 8.5, 1.0, 9.0 ] },
																		"west": { "texture": "#calendula", "uv": [ 0.5, 8.5, 1.0, 9.0 ] },
																		"up": { "texture": "#calendula", "uv": [ 0.5, 8.5, 1.0, 9.0 ] },
																		"down": { "texture": "#calendula", "uv": [ 0.5, 8.5, 1.0, 9.0 ] }
																	}
																}
															]
														}
													]
												},
												{
													"name": "bulbgroup35",
													"from": [ 2.31, 2.25, 1.8502 ],
													"to": [ 2.31, 2.25, 1.8502 ],
													"rotationOrigin": [ 2.31, 2.25, 1.85 ],
													"rotationY": -89.9802,
													"faces": {
													},
													"children": [
														{
															"name": "bulb79",
															"from": [ -0.04, 0.0, 0.0 ],
															"to": [ 0.08, 0.25, 0.56 ],
															"rotationOrigin": [ -0.04, 0.0, 0.0 ],
															"rotationZ": 69.0,
															"faces": {
																"north": { "texture": "#calendula", "uv": [ 0.5, 8.5, 1.0, 9.0 ] },
																"east": { "texture": "#calendula", "uv": [ 0.5, 8.5, 1.0, 9.0 ] },
																"south": { "texture": "#calendula", "uv": [ 0.5, 8.5, 1.0, 9.0 ] },
																"west": { "texture": "#calendula", "uv": [ 0.5, 8.5, 1.0, 9.0 ] },
																"up": { "texture": "#calendula", "uv": [ 0.5, 8.5, 1.0, 9.0 ] },
																"down": { "texture": "#calendula", "uv": [ 0.5, 8.5, 1.0, 9.0 ] }
															},
															"children": [
																{
																	"name": "bulb80",
																	"from": [ 0.16, 0.03, 0.0 ],
																	"to": [ 0.24, 0.42, 0.56 ],
																	"rotationOrigin": [ 0.08, 0.0, 0.0 ],
																	"rotationZ": 21.0,
																	"faces": {
																		"north": { "texture": "#calendula", "uv": [ 0.5, 8.5, 1.0, 9.0 ] },
																		"east": { "texture": "#calendula", "uv": [ 0.5, 8.5, 1.0, 9.0 ] },
																		"south": { "texture": "#calendula", "uv": [ 0.5, 8.5, 1.0, 9.0 ] },
																		"west": { "texture": "#calendula", "uv": [ 0.5, 8.5, 1.0, 9.0 ] },
																		"up": { "texture": "#calendula", "uv": [ 0.5, 8.5, 1.0, 9.0 ] },
																		"down": { "texture": "#calendula", "uv": [ 0.5, 8.5, 1.0, 9.0 ] }
																	}
																}
															]
														}
													]
												},
												{
													"name": "bulbgroup36",
													"from": [ 2.21, 2.25, 1.75 ],
													"to": [ 2.21, 2.25, 1.75 ],
													"rotationOrigin": [ 2.21, 2.25, 1.75 ],
													"rotationX": 180.0,
													"rotationZ": 180.0,
													"faces": {
													},
													"children": [
														{
															"name": "bulb81",
															"from": [ -0.04, 0.0, -0.56 ],
															"to": [ 0.08, 0.25, 0.0 ],
															"rotationOrigin": [ -0.04, 0.0, -0.56 ],
															"rotationZ": 69.0,
															"faces": {
																"north": { "texture": "#calendula", "uv": [ 0.5, 8.5, 1.0, 9.0 ] },
																"east": { "texture": "#calendula", "uv": [ 0.5, 8.5, 1.0, 9.0 ] },
																"south": { "texture": "#calendula", "uv": [ 0.5, 8.5, 1.0, 9.0 ] },
																"west": { "texture": "#calendula", "uv": [ 0.5, 8.5, 1.0, 9.0 ] },
																"up": { "texture": "#calendula", "uv": [ 0.5, 8.5, 1.0, 9.0 ] },
																"down": { "texture": "#calendula", "uv": [ 0.5, 8.5, 1.0, 9.0 ] }
															},
															"children": [
																{
																	"name": "bulb82",
																	"from": [ 0.16, 0.03, 0.0 ],
																	"to": [ 0.24, 0.42, 0.56 ],
																	"rotationOrigin": [ 0.08, 0.0, 0.0 ],
																	"rotationZ": 21.0,
																	"faces": {
																		"north": { "texture": "#calendula", "uv": [ 0.5, 8.5, 1.0, 9.0 ] },
																		"east": { "texture": "#calendula", "uv": [ 0.5, 8.5, 1.0, 9.0 ] },
																		"south": { "texture": "#calendula", "uv": [ 0.5, 8.5, 1.0, 9.0 ] },
																		"west": { "texture": "#calendula", "uv": [ 0.5, 8.5, 1.0, 9.0 ] },
																		"up": { "texture": "#calendula", "uv": [ 0.5, 8.5, 1.0, 9.0 ] },
																		"down": { "texture": "#calendula", "uv": [ 0.5, 8.5, 1.0, 9.0 ] }
																	}
																}
															]
														}
													]
												},
												{
													"name": "Cube3",
													"from": [ 0.04, -0.03, 0.04 ],
													"to": [ 0.04, -0.03, 0.04 ],
													"faces": {
													},
													"children": [
														{
															"name": "pset33",
															"from": [ 0.0, 2.5, 0.0 ],
															"to": [ 3.75, 2.5, 1.5 ],
															"rotationOrigin": [ 0.0, 2.5, 1.5 ],
															"rotationX": 100.0,
															"faces": {
																"up": { "texture": "#calendula", "uv": [ 0.0, 3.0, 7.5, 6.0 ], "autoUv": false }
															},
															"children": [
																{
																	"name": "petal86",
																	"from": [ 0.0, 0.0, 0.0 ],
																	"to": [ 3.75, 0.0, 1.5 ],
																	"rotationOrigin": [ 0.0, 0.0, 1.5 ],
																	"rotationX": -30.0,
																	"faces": {
																		"up": { "texture": "#calendula", "uv": [ 0.0, 3.0, 7.5, 6.0 ], "autoUv": false }
																	}
																},
																{
																	"name": "petal87",
																	"from": [ 0.0, -0.3882, 0.0511 ],
																	"to": [ 3.75, -0.3882, 1.5511 ],
																	"rotationOrigin": [ 0.0, -0.3882, 0.0511 ],
																	"rotationX": -15.0,
																	"faces": {
																		"up": { "texture": "#calendula", "uv": [ 0.0, 3.0, 7.5, 6.0 ], "autoUv": false }
																	}
																}
															]
														},
														{
															"name": "pset34",
															"from": [ 0.0, 2.51, 4.0 ],
															"to": [ 0.0, 2.51, 4.0 ],
															"rotationOrigin": [ 1.5, 2.51, 4.0 ],
															"rotationZ": -100.0,
															"faces": {
																"north": { "texture": "#calendula", "uv": [ 0.0, 0.0, 0.5, 0.5 ] },
																"east": { "texture": "#calendula", "uv": [ 0.0, 0.0, 0.5, 0.5 ] },
																"south": { "texture": "#calendula", "uv": [ 0.0, 0.0, 0.5, 0.5 ] },
																"west": { "texture": "#calendula", "uv": [ 0.0, 0.0, 0.5, 0.5 ] },
																"up": { "texture": "#calendula", "uv": [ 0.0, 0.0, 0.5, 0.5 ] },
																"down": { "texture": "#calendula", "uv": [ 0.0, 0.0, 0.5, 0.5 ] }
															},
															"children": [
																{
																	"name": "petal88",
																	"from": [ 0.0014, 0.0, 0.0 ],
																	"to": [ 3.7514, 0.0, 1.5 ],
																	"rotationOrigin": [ 0.0, 0.0, 0.0 ],
																	"rotationY": 90.0,
																	"faces": {
																		"up": { "texture": "#calendula", "uv": [ 0.0, 3.0, 7.5, 6.0 ], "autoUv": false }
																	}
																},
																{
																	"name": "Cube27",
																	"from": [ 0.0, 0.0, 0.0 ],
																	"to": [ 0.0, 0.0, 0.0 ],
																	"rotationOrigin": [ 1.5, 0.0, 0.0 ],
																	"rotationZ": 30.0,
																	"faces": {
																		"north": { "texture": "#calendula", "uv": [ 0.0, 0.0, 0.5, 0.5 ] },
																		"east": { "texture": "#calendula", "uv": [ 0.0, 0.0, 0.5, 0.5 ] },
																		"south": { "texture": "#calendula", "uv": [ 0.0, 0.0, 0.5, 0.5 ] },
																		"west": { "texture": "#calendula", "uv": [ 0.0, 0.0, 0.5, 0.5 ] },
																		"up": { "texture": "#calendula", "uv": [ 0.0, 0.0, 0.5, 0.5 ] },
																		"down": { "texture": "#calendula", "uv": [ 0.0, 0.0, 0.5, 0.5 ] }
																	},
																	"children": [
																		{
																			"name": "petal89",
																			"from": [ 0.0014, 0.0, 0.0 ],
																			"to": [ 3.7514, 0.0, 1.5 ],
																			"rotationOrigin": [ 0.0, 0.0, 0.0 ],
																			"rotationY": 90.0,
																			"faces": {
																				"up": { "texture": "#calendula", "uv": [ 0.0, 3.0, 7.5, 6.0 ], "autoUv": false }
																			}
																		}
																	]
																},
																{
																	"name": "petal90",
																	"from": [ 0.0511, -0.3882, 0.0 ],
																	"to": [ 3.8011, -0.3882, 1.5 ],
																	"rotationOrigin": [ 0.0511, -0.3882, 0.0 ],
																	"rotationX": -90.0,
																	"rotationY": 75.0,
																	"rotationZ": 90.0,
																	"faces": {
																		"up": { "texture": "#calendula", "uv": [ 0.0, 3.0, 7.5, 6.0 ], "autoUv": false }
																	}
																}
															]
														},
														{
															"name": "pset35",
															"from": [ 3.75, 2.52, 4.0 ],
															"to": [ 3.75, 2.52, 4.0 ],
															"rotationOrigin": [ 3.75, 2.52, 2.5 ],
															"rotationX": -100.0,
															"faces": {
																"north": { "texture": "#calendula", "uv": [ 0.0, 0.0, 0.5, 0.5 ] },
																"east": { "texture": "#calendula", "uv": [ 0.0, 0.0, 0.5, 0.5 ] },
																"south": { "texture": "#calendula", "uv": [ 0.0, 0.0, 0.5, 0.5 ] },
																"west": { "texture": "#calendula", "uv": [ 0.0, 0.0, 0.5, 0.5 ] },
																"up": { "texture": "#calendula", "uv": [ 0.0, 0.0, 0.5, 0.5 ] },
																"down": { "texture": "#calendula", "uv": [ 0.0, 0.0, 0.5, 0.5 ] }
															},
															"children": [
																{
																	"name": "petal91",
																	"from": [ 0.0, 0.0, 0.0 ],
																	"to": [ 3.75, 0.0, 1.5 ],
																	"rotationOrigin": [ 0.0, 0.0, 0.0 ],
																	"rotationX": -180.0,
																	"rotationZ": -180.0,
																	"faces": {
																		"up": { "texture": "#calendula", "uv": [ 0.0, 3.0, 7.5, 6.0 ], "autoUv": false }
																	}
																},
																{
																	"name": "Cube28",
																	"from": [ 0.0, 0.0, 0.0 ],
																	"to": [ 0.0, 0.0, 0.0 ],
																	"rotationOrigin": [ 0.0, 0.0, -1.5 ],
																	"rotationX": 30.0,
																	"faces": {
																		"north": { "texture": "#calendula", "uv": [ 0.0, 0.0, 0.5, 0.5 ] },
																		"east": { "texture": "#calendula", "uv": [ 0.0, 0.0, 0.5, 0.5 ] },
																		"south": { "texture": "#calendula", "uv": [ 0.0, 0.0, 0.5, 0.5 ] },
																		"west": { "texture": "#calendula", "uv": [ 0.0, 0.0, 0.5, 0.5 ] },
																		"up": { "texture": "#calendula", "uv": [ 0.0, 0.0, 0.5, 0.5 ] },
																		"down": { "texture": "#calendula", "uv": [ 0.0, 0.0, 0.5, 0.5 ] }
																	},
																	"children": [
																		{
																			"name": "petal92",
																			"from": [ 0.0, 0.0, 0.0 ],
																			"to": [ 3.75, 0.0, 1.5 ],
																			"rotationOrigin": [ 0.0, 0.0, 0.0 ],
																			"rotationX": -180.0,
																			"rotationZ": -180.0,
																			"faces": {
																				"up": { "texture": "#calendula", "uv": [ 0.0, 3.0, 7.5, 6.0 ], "autoUv": false }
																			}
																		}
																	]
																},
																{
																	"name": "petal93",
																	"from": [ 0.0, -0.3882, -0.0511 ],
																	"to": [ 3.75, -0.3882, 1.4489 ],
																	"rotationOrigin": [ 0.0, -0.3882, -0.0511 ],
																	"rotationX": -165.0,
																	"rotationZ": -180.0,
																	"faces": {
																		"up": { "texture": "#calendula", "uv": [ 0.0, 3.0, 7.5, 6.0 ], "autoUv": false }
																	}
																}
															]
														},
														{
															"name": "pset36",
															"from": [ 4.0, 2.53, 0.25 ],
															"to": [ 4.0, 2.53, 0.25 ],
															"rotationOrigin": [ 2.5, 2.53, 0.25 ],
															"rotationZ": 100.0,
															"faces": {
																"north": { "texture": "#calendula", "uv": [ 0.0, 0.0, 0.5, 0.5 ] },
																"east": { "texture": "#calendula", "uv": [ 0.0, 0.0, 0.5, 0.5 ] },
																"south": { "texture": "#calendula", "uv": [ 0.0, 0.0, 0.5, 0.5 ] },
																"west": { "texture": "#calendula", "uv": [ 0.0, 0.0, 0.5, 0.5 ] },
																"up": { "texture": "#calendula", "uv": [ 0.0, 0.0, 0.5, 0.5 ] },
																"down": { "texture": "#calendula", "uv": [ 0.0, 0.0, 0.5, 0.5 ] }
															},
															"children": [
																{
																	"name": "petal94",
																	"from": [ -1.0E-4, 0.0, 0.0014 ],
																	"to": [ 3.7499, 0.0, 1.5014 ],
																	"rotationOrigin": [ 0.0, 0.0, 0.0 ],
																	"rotationY": -90.0,
																	"faces": {
																		"up": { "texture": "#calendula", "uv": [ 0.0, 3.0, 7.5, 6.0 ], "autoUv": false }
																	}
																},
																{
																	"name": "Cube29",
																	"from": [ 0.0, 0.0, 0.0 ],
																	"to": [ 0.0, 0.0, 0.0 ],
																	"rotationOrigin": [ -1.5, 0.0, 0.0 ],
																	"rotationZ": -30.0,
																	"faces": {
																		"north": { "texture": "#calendula", "uv": [ 0.0, 0.0, 0.5, 0.5 ] },
																		"east": { "texture": "#calendula", "uv": [ 0.0, 0.0, 0.5, 0.5 ] },
																		"south": { "texture": "#calendula", "uv": [ 0.0, 0.0, 0.5, 0.5 ] },
																		"west": { "texture": "#calendula", "uv": [ 0.0, 0.0, 0.5, 0.5 ] },
																		"up": { "texture": "#calendula", "uv": [ 0.0, 0.0, 0.5, 0.5 ] },
																		"down": { "texture": "#calendula", "uv": [ 0.0, 0.0, 0.5, 0.5 ] }
																	},
																	"children": [
																		{
																			"name": "petal95",
																			"from": [ -1.0E-4, 0.0, 0.0014 ],
																			"to": [ 3.7499, 0.0, 1.5014 ],
																			"rotationOrigin": [ 0.0, 0.0, 0.0 ],
																			"rotationY": -90.0,
																			"faces": {
																				"up": { "texture": "#calendula", "uv": [ 0.0, 3.0, 7.5, 6.0 ], "autoUv": false }
																			}
																		}
																	]
																},
																{
																	"name": "petal96",
																	"from": [ -0.0511, -0.3882, 0.0 ],
																	"to": [ 3.6989, -0.3882, 1.5 ],
																	"rotationOrigin": [ -0.0511, -0.3882, 0.0 ],
																	"rotationX": -90.0,
																	"rotationY": -75.0,
																	"rotationZ": -90.0,
																	"faces": {
																		"up": { "texture": "#calendula", "uv": [ 0.0, 3.0, 7.5, 6.0 ], "autoUv": false }
																	}
																}
															]
														}
													]
												}
											]
										}
									]
								}
							]
						},
						{
							"name": "stembase2",
							"from": [ 0.0, 4.0, 0.0 ],
							"to": [ 0.35, 8.0, 0.35 ],
							"faces": {
								"north": { "texture": "#calendula", "uv": [ 0.5, 8.0, 1.0, 12.0 ] },
								"east": { "texture": "#calendula", "uv": [ 0.5, 8.0, 1.0, 12.0 ] },
								"south": { "texture": "#calendula", "uv": [ 0.5, 8.0, 1.0, 12.0 ] },
								"west": { "texture": "#calendula", "uv": [ 0.5, 8.0, 1.0, 12.0 ] },
								"up": { "texture": "#calendula", "uv": [ 0.5, 7.5, 1.0, 8.0 ] },
								"down": { "texture": "#calendula", "uv": [ 0.5, 8.0, 1.0, 8.5 ], "windMode": [-1,-1,-1,-1] }
							},
							"children": [
								{
									"name": "leafgroup21",
									"from": [ 0.0, 0.0, 0.0 ],
									"to": [ 0.0, 0.0, 0.0 ],
									"rotationOrigin": [ 0.17, 0.0, 0.17 ],
									"faces": {
									},
									"children": [
										{
											"name": "leaf93",
											"from": [ 0.0, 1.0, -0.82 ],
											"to": [ 4.0, 1.0, 1.18 ],
											"rotationOrigin": [ 0.0, 1.0, 0.18 ],
											"rotationX": -14.0,
											"rotationY": 3.0,
											"rotationZ": 22.0,
											"faces": {
												"up": { "texture": "#calendula", "uv": [ 11.0, 10.5, 13.5, 16.0 ], "rotation": 90, "autoUv": false }
											}
										},
										{
											"name": "leaf95",
											"from": [ -0.82, 1.3, 0.0 ],
											"to": [ 1.18, 1.3, 4.0 ],
											"rotationOrigin": [ 0.18, 1.3, 0.0 ],
											"rotationX": -20.0,
											"rotationY": 10.0,
											"faces": {
												"up": { "texture": "#calendula", "uv": [ 11.0, 10.5, 13.5, 16.0 ], "rotation": 180, "autoUv": false }
											}
										},
										{
											"name": "leaf96",
											"from": [ -0.82, 1.3, -3.65 ],
											"to": [ 1.18, 1.3, 0.35 ],
											"rotationOrigin": [ 0.18, 1.3, 0.35 ],
											"rotationX": 17.0,
											"rotationY": 2.0,
											"rotationZ": 9.0,
											"faces": {
												"up": { "texture": "#calendula", "uv": [ 11.0, 10.5, 13.5, 16.0 ], "autoUv": false }
											}
										}
									]
								},
								{
									"name": "leafgroup22",
									"from": [ 0.0, 2.0, 0.0 ],
									"to": [ 0.0, 2.0, 0.0 ],
									"rotationOrigin": [ 0.17, 2.0, 0.17 ],
									"rotationY": 45.0,
									"faces": {
									},
									"children": [
										{
											"name": "leaf97",
											"from": [ 0.0, 1.0, -0.82 ],
											"to": [ 4.0, 1.0, 1.18 ],
											"rotationOrigin": [ 0.0, 1.0, 0.18 ],
											"rotationX": 3.0,
											"rotationY": -11.0,
											"rotationZ": 22.0,
											"faces": {
												"up": { "texture": "#calendula", "uv": [ 11.0, 10.5, 13.5, 16.0 ], "rotation": 90, "autoUv": false }
											}
										},
										{
											"name": "leaf100",
											"from": [ -0.82, 1.3, -3.65 ],
											"to": [ 1.18, 1.3, 0.35 ],
											"rotationOrigin": [ 0.18, 1.3, 0.35 ],
											"rotationX": 18.0,
											"rotationY": -9.0,
											"rotationZ": 12.0,
											"faces": {
												"up": { "texture": "#calendula", "uv": [ 11.0, 10.5, 13.5, 16.0 ], "autoUv": false }
											}
										}
									]
								}
							]
						},
						{
							"name": "flower2",
							"from": [ 0.17, 8.0, 0.17 ],
							"to": [ 0.17, 8.0, 0.17 ],
							"rotationOrigin": [ 0.17, 8.0, 0.17 ],
							"rotationX": 4.0,
							"rotationY": 7.0,
							"rotationZ": -15.0,
							"faces": {
							},
							"children": [
								{
									"name": "stem4",
									"from": [ -0.17, 0.0, -0.17 ],
									"to": [ 0.18, 6.0, 0.18 ],
									"rotationOrigin": [ -0.17, 0.0, -0.17 ],
									"faces": {
										"north": { "texture": "#calendula", "uv": [ 0.5, 8.0, 1.0, 14.0 ] },
										"east": { "texture": "#calendula", "uv": [ 0.5, 8.0, 1.0, 14.0 ] },
										"south": { "texture": "#calendula", "uv": [ 0.5, 8.0, 1.0, 14.0 ] },
										"west": { "texture": "#calendula", "uv": [ 0.5, 8.0, 1.0, 14.0 ] },
										"up": { "texture": "#calendula", "uv": [ 0.5, 7.5, 1.0, 8.0 ] }
									},
									"children": [
										{
											"name": "bulb19",
											"from": [ -0.045, 5.95, -0.045 ],
											"to": [ 0.405, 6.18, 0.405 ],
											"rotationOrigin": [ 0.0, 0.05, 0.0 ],
											"faces": {
												"north": { "texture": "#calendula", "uv": [ 0.5, 7.5, 1.0, 8.0 ] },
												"east": { "texture": "#calendula", "uv": [ 0.5, 7.5, 1.0, 8.0 ] },
												"south": { "texture": "#calendula", "uv": [ 0.5, 7.5, 1.0, 8.0 ] },
												"west": { "texture": "#calendula", "uv": [ 0.5, 7.5, 1.0, 8.0 ] },
												"up": { "texture": "#calendula", "uv": [ 0.5, 7.5, 1.0, 8.0 ] },
												"down": { "texture": "#calendula", "uv": [ 0.5, 7.5, 1.0, 8.0 ] }
											}
										},
										{
											"name": "bulbgroup9",
											"from": [ -0.04, 5.95, -0.1 ],
											"to": [ -0.04, 5.95, -0.1 ],
											"rotationOrigin": [ -0.04, 5.95, -0.1 ],
											"faces": {
											},
											"children": [
												{
													"name": "bulb20",
													"from": [ 0.0, 0.0, 0.0 ],
													"to": [ 0.12, 0.25, 0.56 ],
													"rotationOrigin": [ 0.0, 0.0, 0.0 ],
													"rotationZ": 69.0,
													"faces": {
														"north": { "texture": "#calendula", "uv": [ 0.5, 8.5, 1.0, 9.0 ] },
														"east": { "texture": "#calendula", "uv": [ 0.5, 8.5, 1.0, 9.0 ] },
														"south": { "texture": "#calendula", "uv": [ 0.5, 8.5, 1.0, 9.0 ] },
														"west": { "texture": "#calendula", "uv": [ 0.5, 8.5, 1.0, 9.0 ] },
														"up": { "texture": "#calendula", "uv": [ 0.5, 8.5, 1.0, 9.0 ] },
														"down": { "texture": "#calendula", "uv": [ 0.5, 8.5, 1.0, 9.0 ] }
													},
													"children": [
														{
															"name": "bulb21",
															"from": [ 0.16, 0.03, 0.0 ],
															"to": [ 0.24, 0.42, 0.56 ],
															"rotationOrigin": [ 0.08, 0.0, 0.0 ],
															"rotationZ": 21.0,
															"faces": {
																"north": { "texture": "#calendula", "uv": [ 0.5, 8.5, 1.0, 9.0 ] },
																"east": { "texture": "#calendula", "uv": [ 0.5, 8.5, 1.0, 9.0 ] },
																"south": { "texture": "#calendula", "uv": [ 0.5, 8.5, 1.0, 9.0 ] },
																"west": { "texture": "#calendula", "uv": [ 0.5, 8.5, 1.0, 9.0 ] },
																"up": { "texture": "#calendula", "uv": [ 0.5, 8.5, 1.0, 9.0 ] },
																"down": { "texture": "#calendula", "uv": [ 0.5, 8.5, 1.0, 9.0 ] }
															}
														}
													]
												}
											]
										},
										{
											"name": "bulbgroup10",
											"from": [ -0.0999, 5.95, 0.4 ],
											"to": [ -0.0999, 5.95, 0.4 ],
											"rotationOrigin": [ -0.1, 5.95, 0.4 ],
											"rotationY": 89.9802,
											"faces": {
											},
											"children": [
												{
													"name": "bulb22",
													"from": [ 0.0, 0.0, 0.0 ],
													"to": [ 0.12, 0.25, 0.56 ],
													"rotationOrigin": [ 0.0, 0.0, 0.0 ],
													"rotationZ": 69.0,
													"faces": {
														"north": { "texture": "#calendula", "uv": [ 0.5, 8.5, 1.0, 9.0 ] },
														"east": { "texture": "#calendula", "uv": [ 0.5, 8.5, 1.0, 9.0 ] },
														"south": { "texture": "#calendula", "uv": [ 0.5, 8.5, 1.0, 9.0 ] },
														"west": { "texture": "#calendula", "uv": [ 0.5, 8.5, 1.0, 9.0 ] },
														"up": { "texture": "#calendula", "uv": [ 0.5, 8.5, 1.0, 9.0 ] },
														"down": { "texture": "#calendula", "uv": [ 0.5, 8.5, 1.0, 9.0 ] }
													},
													"children": [
														{
															"name": "bulb23",
															"from": [ 0.16, 0.03, 0.0 ],
															"to": [ 0.24, 0.42, 0.56 ],
															"rotationOrigin": [ 0.08, 0.0, 0.0 ],
															"rotationZ": 21.0,
															"faces": {
																"north": { "texture": "#calendula", "uv": [ 0.5, 8.5, 1.0, 9.0 ] },
																"east": { "texture": "#calendula", "uv": [ 0.5, 8.5, 1.0, 9.0 ] },
																"south": { "texture": "#calendula", "uv": [ 0.5, 8.5, 1.0, 9.0 ] },
																"west": { "texture": "#calendula", "uv": [ 0.5, 8.5, 1.0, 9.0 ] },
																"up": { "texture": "#calendula", "uv": [ 0.5, 8.5, 1.0, 9.0 ] },
																"down": { "texture": "#calendula", "uv": [ 0.5, 8.5, 1.0, 9.0 ] }
															}
														}
													]
												}
											]
										},
										{
											"name": "bulbgroup11",
											"from": [ 0.46, 5.95, 2.0E-4 ],
											"to": [ 0.46, 5.95, 2.0E-4 ],
											"rotationOrigin": [ 0.46, 5.95, 0.0 ],
											"rotationY": -89.9802,
											"faces": {
											},
											"children": [
												{
													"name": "bulb24",
													"from": [ -0.04, 0.0, 0.0 ],
													"to": [ 0.08, 0.25, 0.56 ],
													"rotationOrigin": [ -0.04, 0.0, 0.0 ],
													"rotationZ": 69.0,
													"faces": {
														"north": { "texture": "#calendula", "uv": [ 0.5, 8.5, 1.0, 9.0 ] },
														"east": { "texture": "#calendula", "uv": [ 0.5, 8.5, 1.0, 9.0 ] },
														"south": { "texture": "#calendula", "uv": [ 0.5, 8.5, 1.0, 9.0 ] },
														"west": { "texture": "#calendula", "uv": [ 0.5, 8.5, 1.0, 9.0 ] },
														"up": { "texture": "#calendula", "uv": [ 0.5, 8.5, 1.0, 9.0 ] },
														"down": { "texture": "#calendula", "uv": [ 0.5, 8.5, 1.0, 9.0 ] }
													},
													"children": [
														{
															"name": "bulb25",
															"from": [ 0.16, 0.03, 0.0 ],
															"to": [ 0.24, 0.42, 0.56 ],
															"rotationOrigin": [ 0.08, 0.0, 0.0 ],
															"rotationZ": 21.0,
															"faces": {
																"north": { "texture": "#calendula", "uv": [ 0.5, 8.5, 1.0, 9.0 ] },
																"east": { "texture": "#calendula", "uv": [ 0.5, 8.5, 1.0, 9.0 ] },
																"south": { "texture": "#calendula", "uv": [ 0.5, 8.5, 1.0, 9.0 ] },
																"west": { "texture": "#calendula", "uv": [ 0.5, 8.5, 1.0, 9.0 ] },
																"up": { "texture": "#calendula", "uv": [ 0.5, 8.5, 1.0, 9.0 ] },
																"down": { "texture": "#calendula", "uv": [ 0.5, 8.5, 1.0, 9.0 ] }
															}
														}
													]
												}
											]
										},
										{
											"name": "bulbgroup12",
											"from": [ 0.36, 5.95, -0.1 ],
											"to": [ 0.36, 5.95, -0.1 ],
											"rotationOrigin": [ 0.36, 5.95, -0.1 ],
											"rotationX": -180.0,
											"rotationZ": -180.0,
											"faces": {
											},
											"children": [
												{
													"name": "bulb26",
													"from": [ -0.04, 0.0, -0.56 ],
													"to": [ 0.08, 0.25, 0.0 ],
													"rotationOrigin": [ -0.04, 0.0, -0.56 ],
													"rotationZ": 69.0,
													"faces": {
														"north": { "texture": "#calendula", "uv": [ 0.5, 8.5, 1.0, 9.0 ] },
														"east": { "texture": "#calendula", "uv": [ 0.5, 8.5, 1.0, 9.0 ] },
														"south": { "texture": "#calendula", "uv": [ 0.5, 8.5, 1.0, 9.0 ] },
														"west": { "texture": "#calendula", "uv": [ 0.5, 8.5, 1.0, 9.0 ] },
														"up": { "texture": "#calendula", "uv": [ 0.5, 8.5, 1.0, 9.0 ] },
														"down": { "texture": "#calendula", "uv": [ 0.5, 8.5, 1.0, 9.0 ] }
													},
													"children": [
														{
															"name": "bulb27",
															"from": [ 0.16, 0.03, 0.0 ],
															"to": [ 0.24, 0.42, 0.56 ],
															"rotationOrigin": [ 0.08, 0.0, 0.0 ],
															"rotationZ": 21.0,
															"faces": {
																"north": { "texture": "#calendula", "uv": [ 0.5, 8.5, 1.0, 9.0 ] },
																"east": { "texture": "#calendula", "uv": [ 0.5, 8.5, 1.0, 9.0 ] },
																"south": { "texture": "#calendula", "uv": [ 0.5, 8.5, 1.0, 9.0 ] },
																"west": { "texture": "#calendula", "uv": [ 0.5, 8.5, 1.0, 9.0 ] },
																"up": { "texture": "#calendula", "uv": [ 0.5, 8.5, 1.0, 9.0 ] },
																"down": { "texture": "#calendula", "uv": [ 0.5, 8.5, 1.0, 9.0 ] }
															}
														}
													]
												}
											]
										},
										{
											"name": "petalgroup4",
											"from": [ -1.85, 3.7, -1.85 ],
											"to": [ -1.85, 3.7, -1.85 ],
											"rotationOrigin": [ 0.2, 6.25, 0.15 ],
											"faces": {
											},
											"children": [
												{
													"name": "center4",
													"from": [ 1.42, 2.49, 1.42 ],
													"to": [ 2.64, 2.49, 2.64 ],
													"rotationOrigin": [ 1.25, 2.49, 1.25 ],
													"faces": {
														"up": { "texture": "#calendula", "uv": [ 12.0, 0.0, 14.0, 2.0 ], "autoUv": false }
													}
												},
												{
													"name": "Cube4",
													"from": [ 0.04, -0.03, 0.04 ],
													"to": [ 0.04, -0.03, 0.04 ],
													"faces": {
													},
													"children": [
														{
															"name": "pset13",
															"from": [ 0.0, 2.5, 0.0 ],
															"to": [ 3.75, 2.5, 1.5 ],
															"rotationOrigin": [ 0.0, 2.5, 1.5 ],
															"rotationX": 100.0,
															"faces": {
																"up": { "texture": "#calendula", "uv": [ 8.5, 5.5, 16.0, 8.5 ], "autoUv": false }
															},
															"children": [
																{
																	"name": "petal34",
																	"from": [ 0.0, 0.0, 0.0 ],
																	"to": [ 3.75, 0.0, 1.5 ],
																	"rotationOrigin": [ 0.0, 0.0, 1.5 ],
																	"rotationX": -30.0,
																	"faces": {
																		"up": { "texture": "#calendula", "uv": [ 8.5, 5.5, 16.0, 8.5 ], "autoUv": false }
																	}
																},
																{
																	"name": "petal6",
																	"from": [ 0.0, -0.3882, 0.0511 ],
																	"to": [ 3.75, -0.3882, 1.5511 ],
																	"rotationOrigin": [ 0.0, -0.3882, 0.0511 ],
																	"rotationX": -15.0,
																	"faces": {
																		"up": { "texture": "#calendula", "uv": [ 8.5, 5.5, 16.0, 8.5 ], "autoUv": false }
																	}
																}
															]
														},
														{
															"name": "pset14",
															"from": [ 0.0, 2.51, 4.0 ],
															"to": [ 0.0, 2.51, 4.0 ],
															"rotationOrigin": [ 1.5, 2.51, 4.0 ],
															"rotationZ": -100.0,
															"faces": {
															},
															"children": [
																{
																	"name": "petal35",
																	"from": [ 0.0014, 0.0, 0.0 ],
																	"to": [ 3.7514, 0.0, 1.5 ],
																	"rotationOrigin": [ 0.0, 0.0, 0.0 ],
																	"rotationY": 90.0,
																	"faces": {
																		"up": { "texture": "#calendula", "uv": [ 8.5, 5.5, 16.0, 8.5 ], "autoUv": false }
																	}
																},
																{
																	"name": "Cube12",
																	"from": [ 0.0, 0.0, 0.0 ],
																	"to": [ 0.0, 0.0, 0.0 ],
																	"rotationOrigin": [ 1.5, 0.0, 0.0 ],
																	"rotationZ": 30.0,
																	"faces": {
																	},
																	"children": [
																		{
																			"name": "petal36",
																			"from": [ 0.0014, 0.0, 0.0 ],
																			"to": [ 3.7514, 0.0, 1.5 ],
																			"rotationOrigin": [ 0.0, 0.0, 0.0 ],
																			"rotationY": 90.0,
																			"faces": {
																				"up": { "texture": "#calendula", "uv": [ 8.5, 5.5, 16.0, 8.5 ], "autoUv": false }
																			}
																		}
																	]
																},
																{
																	"name": "petal37",
																	"from": [ 0.0511, -0.3882, 0.0 ],
																	"to": [ 3.8011, -0.3882, 1.5 ],
																	"rotationOrigin": [ 0.0511, -0.3882, 0.0 ],
																	"rotationX": -90.0,
																	"rotationY": 75.0,
																	"rotationZ": 90.0,
																	"faces": {
																		"up": { "texture": "#calendula", "uv": [ 8.5, 5.5, 16.0, 8.5 ], "autoUv": false }
																	}
																}
															]
														},
														{
															"name": "pset15",
															"from": [ 3.75, 2.52, 4.0 ],
															"to": [ 3.75, 2.52, 4.0 ],
															"rotationOrigin": [ 3.75, 2.52, 2.5 ],
															"rotationX": -100.0,
															"faces": {
															},
															"children": [
																{
																	"name": "petal38",
																	"from": [ 0.0, 0.0, 0.0 ],
																	"to": [ 3.75, 0.0, 1.5 ],
																	"rotationOrigin": [ 0.0, 0.0, 0.0 ],
																	"rotationX": -180.0,
																	"rotationZ": -180.0,
																	"faces": {
																		"up": { "texture": "#calendula", "uv": [ 8.5, 5.5, 16.0, 8.5 ], "autoUv": false }
																	}
																},
																{
																	"name": "Cube13",
																	"from": [ 0.0, 0.0, 0.0 ],
																	"to": [ 0.0, 0.0, 0.0 ],
																	"rotationOrigin": [ 0.0, 0.0, -1.5 ],
																	"rotationX": 30.0,
																	"faces": {
																	},
																	"children": [
																		{
																			"name": "petal39",
																			"from": [ 0.0, 0.0, 0.0 ],
																			"to": [ 3.75, 0.0, 1.5 ],
																			"rotationOrigin": [ 0.0, 0.0, 0.0 ],
																			"rotationX": -180.0,
																			"rotationZ": -180.0,
																			"faces": {
																				"up": { "texture": "#calendula", "uv": [ 8.5, 5.5, 16.0, 8.5 ], "autoUv": false }
																			}
																		}
																	]
																},
																{
																	"name": "petal40",
																	"from": [ 0.0, -0.3882, -0.0511 ],
																	"to": [ 3.75, -0.3882, 1.4489 ],
																	"rotationOrigin": [ 0.0, -0.3882, -0.0511 ],
																	"rotationX": -165.0,
																	"rotationZ": -180.0,
																	"faces": {
																		"up": { "texture": "#calendula", "uv": [ 8.5, 5.5, 16.0, 8.5 ], "autoUv": false }
																	}
																}
															]
														},
														{
															"name": "pset16",
															"from": [ 4.0, 2.53, 0.25 ],
															"to": [ 4.0, 2.53, 0.25 ],
															"rotationOrigin": [ 2.5, 2.53, 0.25 ],
															"rotationZ": 100.0,
															"faces": {
															},
															"children": [
																{
																	"name": "petal41",
																	"from": [ -1.0E-4, 0.0, 0.0014 ],
																	"to": [ 3.7499, 0.0, 1.5014 ],
																	"rotationOrigin": [ 0.0, 0.0, 0.0 ],
																	"rotationY": -90.0,
																	"faces": {
																		"up": { "texture": "#calendula", "uv": [ 8.5, 5.5, 16.0, 8.5 ], "autoUv": false }
																	}
																},
																{
																	"name": "Cube14",
																	"from": [ 0.0, 0.0, 0.0 ],
																	"to": [ 0.0, 0.0, 0.0 ],
																	"rotationOrigin": [ -1.5, 0.0, 0.0 ],
																	"rotationZ": -30.0,
																	"faces": {
																	},
																	"children": [
																		{
																			"name": "petal42",
																			"from": [ -1.0E-4, 0.0, 0.0014 ],
																			"to": [ 3.7499, 0.0, 1.5014 ],
																			"rotationOrigin": [ 0.0, 0.0, 0.0 ],
																			"rotationY": -90.0,
																			"faces": {
																				"up": { "texture": "#calendula", "uv": [ 8.5, 5.5, 16.0, 8.5 ], "autoUv": false }
																			}
																		}
																	]
																},
																{
																	"name": "petal43",
																	"from": [ -0.0511, -0.3882, 0.0 ],
																	"to": [ 3.6989, -0.3882, 1.5 ],
																	"rotationOrigin": [ -0.0511, -0.3882, 0.0 ],
																	"rotationX": -90.0,
																	"rotationY": -75.0,
																	"rotationZ": -90.0,
																	"faces": {
																		"up": { "texture": "#calendula", "uv": [ 8.5, 5.5, 16.0, 8.5 ], "autoUv": false }
																	}
																}
															]
														}
													]
												}
											]
										}
									]
								},
								{
									"name": "leafgroup23",
									"from": [ -0.17, 0.0, -0.17 ],
									"to": [ -0.17, 0.0, -0.17 ],
									"faces": {
									},
									"children": [
										{
											"name": "leaf101",
											"from": [ 0.0, 1.0, -0.82 ],
											"to": [ 4.0, 1.0, 1.18 ],
											"rotationOrigin": [ 0.0, 1.0, 0.18 ],
											"rotationX": 9.0,
											"rotationY": -2.0,
											"rotationZ": 28.0,
											"faces": {
												"up": { "texture": "#calendula", "uv": [ 11.0, 10.5, 13.5, 16.0 ], "rotation": 90, "autoUv": false }
											}
										},
										{
											"name": "leaf103",
											"from": [ -0.82, 1.3, 0.0 ],
											"to": [ 1.18, 1.3, 4.0 ],
											"rotationOrigin": [ 0.18, 1.3, 0.0 ],
											"rotationX": -15.0,
											"rotationY": -4.0,
											"rotationZ": 15.0,
											"faces": {
												"up": { "texture": "#calendula", "uv": [ 11.0, 10.5, 13.5, 16.0 ], "rotation": 180, "autoUv": false }
											}
										}
									]
								},
								{
									"name": "leafgroup24",
									"from": [ -0.17, 2.0, -0.17 ],
									"to": [ -0.17, 2.0, -0.17 ],
									"rotationOrigin": [ 0.0, 2.0, 0.0 ],
									"rotationY": 45.0,
									"faces": {
									},
									"children": [
										{
											"name": "leaf105",
											"from": [ 0.0, 1.0, -0.82 ],
											"to": [ 4.0, 1.0, 1.18 ],
											"rotationOrigin": [ 0.0, 1.0, 0.18 ],
											"rotationX": -11.0,
											"rotationY": 5.0,
											"rotationZ": 27.0,
											"faces": {
												"up": { "texture": "#calendula", "uv": [ 11.0, 10.5, 13.5, 16.0 ], "rotation": 90, "autoUv": false }
											}
										},
										{
											"name": "leaf107",
											"from": [ -0.82, 1.3, 0.0 ],
											"to": [ 1.18, 1.3, 4.0 ],
											"rotationOrigin": [ 0.18, 1.3, 0.0 ],
											"rotationX": -15.0,
											"faces": {
												"up": { "texture": "#calendula", "uv": [ 11.0, 10.5, 13.5, 16.0 ], "rotation": 180, "autoUv": false }
											}
										}
									]
								},
								{
									"name": "leafgroup25",
									"from": [ -0.17, 4.0, -0.17 ],
									"to": [ -0.17, 4.0, -0.17 ],
									"rotationOrigin": [ 0.0, 4.0, 0.0 ],
									"faces": {
									},
									"children": [
										{
											"name": "leaf109",
											"from": [ 0.0, 1.0, -0.82 ],
											"to": [ 4.0, 1.0, 1.18 ],
											"rotationOrigin": [ 0.0, 1.0, 0.18 ],
											"rotationX": -6.0,
											"rotationY": 4.0,
											"rotationZ": 20.0,
											"faces": {
												"up": { "texture": "#calendula", "uv": [ 11.0, 10.5, 13.5, 16.0 ], "rotation": 90, "autoUv": false }
											}
										},
										{
											"name": "leaf110",
											"from": [ -3.65, 1.0, -0.82 ],
											"to": [ 0.35, 1.0, 1.18 ],
											"rotationOrigin": [ 0.35, 1.0, 0.17 ],
											"rotationX": 6.0,
											"rotationY": -3.0,
											"rotationZ": -19.0,
											"faces": {
												"up": { "texture": "#calendula", "uv": [ 11.0, 10.5, 13.5, 16.0 ], "rotation": 270, "autoUv": false }
											}
										},
										{
											"name": "leaf111",
											"from": [ -0.82, 1.3, 0.0 ],
											"to": [ 1.18, 1.3, 4.0 ],
											"rotationOrigin": [ 0.18, 1.3, 0.0 ],
											"rotationX": -13.0,
											"rotationY": -4.0,
											"rotationZ": 4.0,
											"faces": {
												"up": { "texture": "#calendula", "uv": [ 11.0, 10.5, 13.5, 16.0 ], "rotation": 180, "autoUv": false }
											}
										},
										{
											"name": "leaf112",
											"from": [ -0.82, 1.3, -3.65 ],
											"to": [ 1.18, 1.3, 0.35 ],
											"rotationOrigin": [ 0.18, 1.3, 0.35 ],
											"rotationX": 11.0,
											"rotationY": 4.0,
											"rotationZ": -5.0,
											"faces": {
												"up": { "texture": "#calendula", "uv": [ 11.0, 10.5, 13.5, 16.0 ], "autoUv": false }
											}
										}
									]
								}
							]
						}
					]
				}
			]
		}
	]}