{
	"editor": {
		"collapsedPaths": ",Root/leafgroup,Root/stemgroup2,Root/origin/mint7,Root/origin/mint6,Root/origin/mint9,Root/origin/mint8,Root/origin/mint3,Root/origin/mint2,Root/origin/mint5,Root/leafgroup2,Root/origin/mint4,Root/origin/mint1,Root/origin/mint,Root/origin/mint5/bulb5/needle3,Root/stemgroup",
		"allAngles": false,
		"entityTextureMode": false
	},
	"textureWidth": 16,
	"textureHeight": 16,
	"textureSizes": {
		"lavender": [16,16],
		"mint": [16,16]
	},
	"textures": {
	},
	"elements": [
		{
			"name": "origin",
			"from": [ 8.0, 0.0, 8.0 ],
			"to": [ 8.0, 0.0, 8.0 ],
			"rotationOrigin": [ 8.0, 0.0, 8.0 ],
			"faces": {
			},
			"children": [
				{
					"name": "mint",
					"from": [ -0.07, 0.0, -0.07 ],
					"to": [ -0.07, 0.0, -0.07 ],
					"faces": {
					},
					"children": [
						{
							"name": "leafgroup21",
							"from": [ 0.075, 0.0, 0.0 ],
							"to": [ 0.075, 0.0, 0.0 ],
							"rotationOrigin": [ 0.07, 0.0, 0.07 ],
							"rotationY": 15.0,
							"faces": {
							},
							"children": [
								{
									"name": "leaf97",
									"from": [ 0.0, 3.0, -0.95 ],
									"to": [ 3.0, 3.0, 1.05 ],
									"rotationOrigin": [ 0.0, 3.0, 0.075 ],
									"rotationZ": -10.0,
									"faces": {
										"up": { "texture": "#mint", "uv": [ 3.0, 8.5, 7.5, 16.0 ], "rotation": 90, "autoUv": false }
									},
									"children": [
										{
											"name": "leaf98",
											"from": [ 0.0, 0.1, 0.0 ],
											"to": [ 3.0, 0.1, 2.0 ],
											"rotationOrigin": [ 0.0, 0.1, 1.025 ],
											"rotationX": -180.0,
											"rotationZ": -200.0,
											"faces": {
												"up": { "texture": "#mint", "uv": [ 3.0, 8.5, 7.5, 16.0 ], "rotation": 90, "autoUv": false }
											}
										}
									]
								},
								{
									"name": "leaf99",
									"from": [ 0.0, 3.3, -0.95 ],
									"to": [ 3.0, 3.3, 1.05 ],
									"rotationOrigin": [ 0.0, 3.3, 0.075 ],
									"rotationY": 90.0,
									"rotationZ": -10.0,
									"faces": {
										"up": { "texture": "#mint", "uv": [ 3.0, 8.5, 7.5, 16.0 ], "rotation": 90, "autoUv": false }
									},
									"children": [
										{
											"name": "leaf100",
											"from": [ 0.0, 0.1, 0.0 ],
											"to": [ 3.0, 0.1, 2.0 ],
											"rotationOrigin": [ 0.0, 0.1, 1.025 ],
											"rotationX": -180.0,
											"rotationZ": -200.0,
											"faces": {
												"up": { "texture": "#mint", "uv": [ 3.0, 8.5, 7.5, 16.0 ], "rotation": 90, "autoUv": false }
											}
										}
									]
								}
							]
						},
						{
							"name": "leafgroup22",
							"from": [ 0.075, 1.0, 0.0 ],
							"to": [ 0.075, 1.0, 0.0 ],
							"rotationOrigin": [ 0.07, 1.0, 0.07 ],
							"rotationY": 45.0,
							"faces": {
							},
							"children": [
								{
									"name": "leaf101",
									"from": [ 0.0, 3.0, -0.95 ],
									"to": [ 3.0, 3.0, 1.05 ],
									"rotationOrigin": [ 0.0, 3.0, 0.075 ],
									"rotationZ": -10.0,
									"faces": {
										"up": { "texture": "#mint", "uv": [ 3.0, 8.5, 7.5, 16.0 ], "rotation": 90, "autoUv": false }
									},
									"children": [
										{
											"name": "leaf102",
											"from": [ 0.0, 0.1, 0.0 ],
											"to": [ 3.0, 0.1, 2.0 ],
											"rotationOrigin": [ 0.0, 0.1, 1.025 ],
											"rotationX": -180.0,
											"rotationZ": -200.0,
											"faces": {
												"up": { "texture": "#mint", "uv": [ 3.0, 8.5, 7.5, 16.0 ], "rotation": 90, "autoUv": false }
											}
										}
									]
								},
								{
									"name": "leaf103",
									"from": [ 0.0, 3.3, -0.95 ],
									"to": [ 3.0, 3.3, 1.05 ],
									"rotationOrigin": [ 0.0, 3.3, 0.075 ],
									"rotationY": 90.0,
									"rotationZ": -10.0,
									"faces": {
										"up": { "texture": "#mint", "uv": [ 3.0, 8.5, 7.5, 16.0 ], "rotation": 90, "autoUv": false }
									},
									"children": [
										{
											"name": "leaf104",
											"from": [ 0.0, 0.1, 0.0 ],
											"to": [ 3.0, 0.1, 2.0 ],
											"rotationOrigin": [ 0.0, 0.1, 1.025 ],
											"rotationX": -180.0,
											"rotationZ": -200.0,
											"faces": {
												"up": { "texture": "#mint", "uv": [ 3.0, 8.5, 7.5, 16.0 ], "rotation": 90, "autoUv": false }
											}
										}
									]
								}
							]
						},
						{
							"name": "leafgroup23",
							"from": [ 0.075, 2.0, 0.0 ],
							"to": [ 0.075, 2.0, 0.0 ],
							"rotationOrigin": [ 0.07, 2.0, 0.07 ],
							"rotationY": 8.0,
							"faces": {
							},
							"children": [
								{
									"name": "leaf105",
									"from": [ 0.0, 3.0, -0.95 ],
									"to": [ 3.0, 3.0, 1.05 ],
									"rotationOrigin": [ 0.0, 3.0, 0.075 ],
									"rotationZ": -10.0,
									"faces": {
										"up": { "texture": "#mint", "uv": [ 3.0, 8.5, 7.5, 16.0 ], "rotation": 90, "autoUv": false }
									},
									"children": [
										{
											"name": "leaf106",
											"from": [ 0.0, 0.1, 0.0 ],
											"to": [ 3.0, 0.1, 2.0 ],
											"rotationOrigin": [ 0.0, 0.1, 1.025 ],
											"rotationX": -180.0,
											"rotationZ": -200.0,
											"faces": {
												"up": { "texture": "#mint", "uv": [ 3.0, 8.5, 7.5, 16.0 ], "rotation": 90, "autoUv": false }
											}
										}
									]
								},
								{
									"name": "leaf107",
									"from": [ 0.0, 3.3, -0.95 ],
									"to": [ 3.0, 3.3, 1.05 ],
									"rotationOrigin": [ 0.0, 3.3, 0.075 ],
									"rotationY": 90.0,
									"rotationZ": -10.0,
									"faces": {
										"up": { "texture": "#mint", "uv": [ 3.0, 8.5, 7.5, 16.0 ], "rotation": 90, "autoUv": false }
									},
									"children": [
										{
											"name": "leaf108",
											"from": [ 0.0, 0.1, 0.0 ],
											"to": [ 3.0, 0.1, 2.0 ],
											"rotationOrigin": [ 0.0, 0.1, 1.025 ],
											"rotationX": -180.0,
											"rotationZ": -200.0,
											"faces": {
												"up": { "texture": "#mint", "uv": [ 3.0, 8.5, 7.5, 16.0 ], "rotation": 90, "autoUv": false }
											}
										}
									]
								}
							]
						},
						{
							"name": "leafgroup24",
							"from": [ 0.075, 3.0, 0.0 ],
							"to": [ 0.075, 3.0, 0.0 ],
							"rotationOrigin": [ 0.07, 3.0, 0.07 ],
							"rotationY": -35.0,
							"faces": {
							},
							"children": [
								{
									"name": "leaf109",
									"from": [ 0.0, 3.0, -0.95 ],
									"to": [ 3.0, 3.0, 1.05 ],
									"rotationOrigin": [ 0.0, 3.0, 0.075 ],
									"rotationZ": -10.0,
									"faces": {
										"up": { "texture": "#mint", "uv": [ 3.0, 8.5, 7.5, 16.0 ], "rotation": 90, "autoUv": false }
									},
									"children": [
										{
											"name": "leaf110",
											"from": [ 0.0, 0.1, 0.0 ],
											"to": [ 3.0, 0.1, 2.0 ],
											"rotationOrigin": [ 0.0, 0.1, 1.025 ],
											"rotationX": -180.0,
											"rotationZ": -200.0,
											"faces": {
												"up": { "texture": "#mint", "uv": [ 3.0, 8.5, 7.5, 16.0 ], "rotation": 90, "autoUv": false }
											}
										}
									]
								},
								{
									"name": "leaf111",
									"from": [ 0.0, 3.3, -0.95 ],
									"to": [ 3.0, 3.3, 1.05 ],
									"rotationOrigin": [ 0.0, 3.3, 0.075 ],
									"rotationY": 90.0,
									"rotationZ": -10.0,
									"faces": {
										"up": { "texture": "#mint", "uv": [ 3.0, 8.5, 7.5, 16.0 ], "rotation": 90, "autoUv": false }
									},
									"children": [
										{
											"name": "leaf112",
											"from": [ 0.0, 0.1, 0.0 ],
											"to": [ 3.0, 0.1, 2.0 ],
											"rotationOrigin": [ 0.0, 0.1, 1.025 ],
											"rotationX": -180.0,
											"rotationZ": -200.0,
											"faces": {
												"up": { "texture": "#mint", "uv": [ 3.0, 8.5, 7.5, 16.0 ], "rotation": 90, "autoUv": false }
											}
										}
									]
								}
							]
						},
						{
							"name": "leafgroup25",
							"from": [ 0.075, 4.0, 0.0 ],
							"to": [ 0.075, 4.0, 0.0 ],
							"rotationOrigin": [ 0.07, 4.0, 0.0 ],
							"faces": {
							},
							"children": [
								{
									"name": "leaf113",
									"from": [ 0.0, 3.0, -0.95 ],
									"to": [ 3.0, 3.0, 1.05 ],
									"rotationOrigin": [ 0.0, 3.0, 0.075 ],
									"rotationZ": -10.0,
									"faces": {
										"up": { "texture": "#mint", "uv": [ 3.0, 8.5, 7.5, 16.0 ], "rotation": 90, "autoUv": false }
									},
									"children": [
										{
											"name": "leaf114",
											"from": [ 0.0, 0.1, 0.0 ],
											"to": [ 3.0, 0.1, 2.0 ],
											"rotationOrigin": [ 0.0, 0.1, 1.025 ],
											"rotationX": -180.0,
											"rotationZ": -200.0,
											"faces": {
												"up": { "texture": "#mint", "uv": [ 3.0, 8.5, 7.5, 16.0 ], "rotation": 90, "autoUv": false }
											}
										}
									]
								},
								{
									"name": "leaf115",
									"from": [ 0.0, 3.3, -0.95 ],
									"to": [ 3.0, 3.3, 1.05 ],
									"rotationOrigin": [ 0.0, 3.3, 0.075 ],
									"rotationY": 90.0,
									"rotationZ": -10.0,
									"faces": {
										"up": { "texture": "#mint", "uv": [ 3.0, 8.5, 7.5, 16.0 ], "rotation": 90, "autoUv": false }
									},
									"children": [
										{
											"name": "leaf116",
											"from": [ 0.0, 0.1, 0.0 ],
											"to": [ 3.0, 0.1, 2.0 ],
											"rotationOrigin": [ 0.0, 0.1, 1.025 ],
											"rotationX": -180.0,
											"rotationZ": -200.0,
											"faces": {
												"up": { "texture": "#mint", "uv": [ 3.0, 8.5, 7.5, 16.0 ], "rotation": 90, "autoUv": false }
											}
										}
									]
								}
							]
						},
						{
							"name": "smallleafgroup5",
							"from": [ 0.07, 5.4, 0.0 ],
							"to": [ 0.07, 5.4, 0.0 ],
							"rotationOrigin": [ 0.07, 5.4, 0.07 ],
							"rotationY": 45.0,
							"faces": {
							},
							"children": [
								{
									"name": "leaf117",
									"from": [ 0.0, 2.6, -0.42 ],
									"to": [ 1.5, 2.6, 0.58 ],
									"rotationOrigin": [ 0.0, 2.7, 0.1 ],
									"rotationZ": -14.0,
									"faces": {
										"up": { "texture": "#mint", "uv": [ 3.0, 8.5, 7.5, 16.0 ], "rotation": 90, "autoUv": false }
									},
									"children": [
										{
											"name": "leaf118",
											"from": [ 0.0, 0.0, 0.02 ],
											"to": [ 1.5, 0.0, 1.02 ],
											"rotationOrigin": [ 0.0, 0.0, 0.5125 ],
											"rotationX": -180.0,
											"rotationZ": 150.5,
											"faces": {
												"up": { "texture": "#mint", "uv": [ 3.0, 8.5, 7.5, 16.0 ], "rotation": 90, "autoUv": false }
											}
										}
									]
								},
								{
									"name": "leaf119",
									"from": [ 0.0, 2.63, -0.665 ],
									"to": [ 2.1, 2.63, 0.735 ],
									"rotationOrigin": [ 0.0, 2.63, 0.0525 ],
									"rotationY": 90.0,
									"rotationZ": -13.5,
									"faces": {
										"up": { "texture": "#mint", "uv": [ 3.0, 8.5, 7.5, 16.0 ], "rotation": 90, "autoUv": false }
									},
									"children": [
										{
											"name": "leaf120",
											"from": [ 0.0, 0.0, 0.0 ],
											"to": [ 2.1, 0.0, 1.4 ],
											"rotationOrigin": [ 0.0, 0.0, 0.7175 ],
											"rotationX": -180.0,
											"rotationZ": 155.5,
											"faces": {
												"up": { "texture": "#mint", "uv": [ 3.0, 8.5, 7.5, 16.0 ], "rotation": 90, "autoUv": false }
											}
										}
									]
								}
							]
						},
						{
							"name": "stalk9",
							"from": [ 0.0, 6.5, 0.0 ],
							"to": [ 0.15, 10.5, 0.15 ],
							"rotationOrigin": [ 0.0, 6.5, 0.0 ],
							"faces": {
								"north": { "texture": "#mint", "uv": [ 0.0, 4.5, 0.5, 8.5 ] },
								"east": { "texture": "#mint", "uv": [ 0.0, 2.0, 0.5, 6.0 ], "autoUv": false },
								"south": { "texture": "#mint", "uv": [ 0.5, 6.5, 1.0, 10.5 ] },
								"west": { "texture": "#mint", "uv": [ 0.0, 8.0, 0.5, 12.0 ] },
								"up": { "texture": "#mint", "uv": [ 0.0, 0.0, 0.5, 0.5 ] }
							},
							"children": [
								{
									"name": "stalk10",
									"from": [ 0.0, -4.0, 0.0 ],
									"to": [ 0.15, 0.0, 0.15 ],
									"rotationOrigin": [ 0.0, -4.0, 0.0 ],
									"faces": {
										"north": { "texture": "#mint", "uv": [ 0.0, 4.5, 0.5, 8.5 ] },
										"east": { "texture": "#mint", "uv": [ 0.0, 2.0, 0.5, 6.0 ], "autoUv": false },
										"south": { "texture": "#mint", "uv": [ 0.5, 6.5, 1.0, 10.5 ] },
										"west": { "texture": "#mint", "uv": [ 0.0, 8.0, 0.5, 12.0 ] },
										"up": { "texture": "#mint", "uv": [ 0.0, 0.0, 0.5, 0.5 ] }
									}
								},
								{
									"name": "stalk11",
									"from": [ 0.0, -6.5, 0.0 ],
									"to": [ 0.15, -4.0, 0.15 ],
									"rotationOrigin": [ 0.0, -6.5, 0.0 ],
									"faces": {
										"north": { "texture": "#mint", "uv": [ 0.0, 4.5, 0.5, 7.0 ] },
										"east": { "texture": "#mint", "uv": [ 0.0, 2.0, 0.5, 6.0 ], "autoUv": false },
										"south": { "texture": "#mint", "uv": [ 0.5, 6.5, 1.0, 9.0 ] },
										"west": { "texture": "#mint", "uv": [ 0.0, 8.0, 0.5, 10.5 ] },
										"up": { "texture": "#mint", "uv": [ 0.0, 0.0, 0.5, 0.5 ] }
									}
								}
							]
						},
						{
							"name": "bulb",
							"from": [ -0.24, 10.2, -0.25 ],
							"to": [ 0.26, 10.7, 0.25 ],
							"rotationOrigin": [ -0.2, 10.2, -0.3 ],
							"rotationX": -3.0,
							"rotationZ": 6.0,
							"faces": {
								"north": { "texture": "#mint", "uv": [ 10.5, 0.0, 13.0, 2.5 ], "autoUv": false },
								"east": { "texture": "#mint", "uv": [ 10.5, 0.0, 13.0, 2.5 ], "autoUv": false },
								"south": { "texture": "#mint", "uv": [ 10.5, 0.0, 13.0, 2.5 ], "autoUv": false },
								"west": { "texture": "#mint", "uv": [ 10.5, 0.0, 13.0, 2.5 ], "autoUv": false },
								"up": { "texture": "#mint", "uv": [ 10.5, 0.0, 13.0, 2.5 ], "autoUv": false },
								"down": { "texture": "#mint", "uv": [ 5.0, 14.0, 3.5, 12.5 ], "autoUv": false }
							},
							"children": [
								{
									"name": "bulb2",
									"from": [ 0.2, 0.2, 0.2 ],
									"to": [ 0.7, 0.7, 0.7 ],
									"rotationOrigin": [ 0.24, 0.2, 0.15 ],
									"rotationX": 6.0,
									"rotationZ": -8.0,
									"faces": {
										"north": { "texture": "#mint", "uv": [ 10.5, 0.0, 13.0, 2.5 ], "autoUv": false },
										"east": { "texture": "#mint", "uv": [ 10.5, 0.0, 13.0, 2.5 ], "autoUv": false },
										"south": { "texture": "#mint", "uv": [ 10.5, 0.0, 13.0, 2.5 ], "autoUv": false },
										"west": { "texture": "#mint", "uv": [ 10.5, 0.0, 13.0, 2.5 ], "autoUv": false },
										"up": { "texture": "#mint", "uv": [ 10.5, 0.0, 13.0, 2.5 ], "autoUv": false },
										"down": { "texture": "#mint", "uv": [ 5.5, 14.0, 4.0, 12.5 ], "autoUv": false }
									}
								},
								{
									"name": "bulb3",
									"from": [ 0.1, -0.1, 0.3 ],
									"to": [ 0.6, 0.4, 0.8 ],
									"rotationOrigin": [ 0.14, -0.1, 0.25 ],
									"rotationX": 11.0,
									"faces": {
										"north": { "texture": "#mint", "uv": [ 10.5, 0.0, 13.0, 2.5 ], "autoUv": false },
										"east": { "texture": "#mint", "uv": [ 10.5, 0.0, 13.0, 2.5 ], "autoUv": false },
										"south": { "texture": "#mint", "uv": [ 10.5, 0.0, 13.0, 2.5 ], "autoUv": false },
										"west": { "texture": "#mint", "uv": [ 10.5, 0.0, 13.0, 2.5 ], "autoUv": false },
										"up": { "texture": "#mint", "uv": [ 10.5, 0.0, 13.0, 2.5 ], "autoUv": false },
										"down": { "texture": "#mint", "uv": [ 7.0, 13.5, 5.5, 12.0 ], "autoUv": false }
									}
								},
								{
									"name": "bulb4",
									"from": [ 0.2, -0.1, 0.1 ],
									"to": [ 0.7, 0.4, 0.6 ],
									"rotationOrigin": [ 0.24, -0.1, 0.05 ],
									"rotationX": 6.0,
									"rotationZ": -19.0,
									"faces": {
										"north": { "texture": "#mint", "uv": [ 10.5, 0.0, 13.0, 2.5 ], "autoUv": false },
										"east": { "texture": "#mint", "uv": [ 10.5, 0.0, 13.0, 2.5 ], "autoUv": false },
										"south": { "texture": "#mint", "uv": [ 10.5, 0.0, 13.0, 2.5 ], "autoUv": false },
										"west": { "texture": "#mint", "uv": [ 10.5, 0.0, 13.0, 2.5 ], "autoUv": false },
										"up": { "texture": "#mint", "uv": [ 10.5, 0.0, 13.0, 2.5 ], "autoUv": false },
										"down": { "texture": "#mint", "uv": [ 7.0, 13.0, 5.5, 11.5 ], "autoUv": false }
									}
								},
								{
									"name": "needle",
									"from": [ 0.45, -0.35, -0.16 ],
									"to": [ 0.45, 0.9, 1.09 ],
									"rotationOrigin": [ 0.3, -0.35, 0.53 ],
									"rotationY": 45.0,
									"faces": {
										"east": { "texture": "#mint", "uv": [ 3.0, 0.5, 9.5, 7.0 ], "autoUv": false }
									},
									"children": [
										{
											"name": "needle2",
											"from": [ 0.0853, 0.0, 0.1264 ],
											"to": [ 0.0853, 1.25, 1.3764 ],
											"rotationOrigin": [ 0.0056, 0.0, 0.7466 ],
											"rotationY": 89.9802,
											"faces": {
												"east": { "texture": "#mint", "uv": [ 3.0, 0.5, 9.5, 7.0 ], "autoUv": false }
											}
										}
									]
								}
							]
						},
						{
							"name": "smallleafgroup6",
							"from": [ 0.0525, 7.85, 0.0 ],
							"to": [ 0.0525, 7.85, 0.0 ],
							"rotationOrigin": [ 0.0525, 7.85, 0.0525 ],
							"faces": {
							},
							"children": [
								{
									"name": "leaf121",
									"from": [ 0.0, 2.175, -0.315 ],
									"to": [ 1.125, 2.175, 0.435 ],
									"rotationOrigin": [ 0.0, 2.25, 0.075 ],
									"rotationZ": -16.5,
									"faces": {
										"up": { "texture": "#mint", "uv": [ 3.0, 8.5, 7.5, 16.0 ], "rotation": 90, "autoUv": false }
									},
									"children": [
										{
											"name": "leaf122",
											"from": [ 0.0, 0.0, 0.015 ],
											"to": [ 1.125, 0.0, 0.765 ],
											"rotationOrigin": [ 0.0, 0.0, 0.3844 ],
											"rotationX": -180.0,
											"rotationZ": 141.0,
											"faces": {
												"up": { "texture": "#mint", "uv": [ 3.0, 8.5, 7.5, 16.0 ], "rotation": 90, "autoUv": false }
											}
										}
									]
								},
								{
									"name": "leaf123",
									"from": [ 0.0, 2.1, -0.56 ],
									"to": [ 1.575, 2.1, 0.49 ],
									"rotationOrigin": [ 0.1, 2.0975, 0.0394 ],
									"rotationY": 90.0,
									"rotationZ": -23.0,
									"faces": {
										"up": { "texture": "#mint", "uv": [ 3.0, 8.5, 7.5, 16.0 ], "rotation": 90, "autoUv": false }
									},
									"children": [
										{
											"name": "leaf124",
											"from": [ 0.0, 0.0, 0.0 ],
											"to": [ 1.575, 0.0, 1.05 ],
											"rotationOrigin": [ 0.0, 0.0, 0.5381 ],
											"rotationX": -180.0,
											"rotationZ": 135.0,
											"faces": {
												"up": { "texture": "#mint", "uv": [ 3.0, 8.5, 7.5, 16.0 ], "rotation": 90, "autoUv": false }
											}
										}
									]
								}
							]
						},
						{
							"name": "bulb5",
							"from": [ -0.46, 8.2, 0.15 ],
							"to": [ 0.04, 8.7, 0.65 ],
							"rotationOrigin": [ -0.5, 8.2, 0.1 ],
							"rotationX": -4.0,
							"rotationY": 45.0,
							"rotationZ": -3.0,
							"faces": {
								"north": { "texture": "#mint", "uv": [ 10.5, 0.0, 13.0, 2.5 ], "autoUv": false },
								"east": { "texture": "#mint", "uv": [ 10.5, 0.0, 13.0, 2.5 ], "autoUv": false },
								"south": { "texture": "#mint", "uv": [ 10.5, 0.0, 13.0, 2.5 ], "autoUv": false },
								"west": { "texture": "#mint", "uv": [ 10.5, 0.0, 13.0, 2.5 ], "autoUv": false },
								"up": { "texture": "#mint", "uv": [ 10.5, 0.0, 13.0, 2.5 ], "autoUv": false },
								"down": { "texture": "#mint", "uv": [ 5.0, 14.0, 3.5, 12.5 ], "autoUv": false }
							},
							"children": [
								{
									"name": "bulb7",
									"from": [ 0.1, -0.1, 0.3 ],
									"to": [ 0.6, 0.4, 0.8 ],
									"rotationOrigin": [ 0.14, -0.1, 0.25 ],
									"rotationX": 10.0,
									"rotationZ": 6.0,
									"faces": {
										"north": { "texture": "#mint", "uv": [ 10.5, 0.0, 13.0, 2.5 ], "autoUv": false },
										"east": { "texture": "#mint", "uv": [ 10.5, 0.0, 13.0, 2.5 ], "autoUv": false },
										"south": { "texture": "#mint", "uv": [ 10.5, 0.0, 13.0, 2.5 ], "autoUv": false },
										"west": { "texture": "#mint", "uv": [ 10.5, 0.0, 13.0, 2.5 ], "autoUv": false },
										"up": { "texture": "#mint", "uv": [ 10.5, 0.0, 13.0, 2.5 ], "autoUv": false },
										"down": { "texture": "#mint", "uv": [ 7.0, 13.5, 5.5, 12.0 ], "autoUv": false }
									}
								},
								{
									"name": "bulb8",
									"from": [ 0.3, -0.2, 0.1 ],
									"to": [ 0.8, 0.3, 0.6 ],
									"rotationOrigin": [ 0.34, -0.2, 0.05 ],
									"rotationZ": -4.0,
									"faces": {
										"north": { "texture": "#mint", "uv": [ 10.5, 0.0, 13.0, 2.5 ], "autoUv": false },
										"east": { "texture": "#mint", "uv": [ 10.5, 0.0, 13.0, 2.5 ], "autoUv": false },
										"south": { "texture": "#mint", "uv": [ 10.5, 0.0, 13.0, 2.5 ], "autoUv": false },
										"west": { "texture": "#mint", "uv": [ 10.5, 0.0, 13.0, 2.5 ], "autoUv": false },
										"up": { "texture": "#mint", "uv": [ 10.5, 0.0, 13.0, 2.5 ], "autoUv": false },
										"down": { "texture": "#mint", "uv": [ 7.0, 13.0, 5.5, 11.5 ], "autoUv": false }
									}
								},
								{
									"name": "needle3",
									"from": [ 0.3787, -0.5, -0.2167 ],
									"to": [ 0.3787, 0.75, 1.0333 ],
									"rotationOrigin": [ 0.2287, -0.45, 0.4733 ],
									"faces": {
										"east": { "texture": "#mint", "uv": [ 3.0, 0.5, 9.5, 7.0 ], "autoUv": false }
									},
									"children": [
										{
											"name": "needle4",
											"from": [ 0.0853, 0.0, 0.1264 ],
											"to": [ 0.0853, 1.25, 1.3764 ],
											"rotationOrigin": [ 0.0056, 0.0, 0.7466 ],
											"rotationY": 89.9802,
											"faces": {
												"east": { "texture": "#mint", "uv": [ 3.0, 0.5, 9.5, 7.0 ], "autoUv": false }
											}
										}
									]
								}
							]
						}
					]
				}
			]
		}
	]}