﻿[
	{
		"code": "lye",
		"sealHours": 0,
		"ingredients": [
			{ "type": "item", "code": "game:waterportion", "litres": 1 },
			{ "type": "item", "code": "justsoapandlye:woodash", "quantity": 2 }
		],
		"output": { "type": "item", "code": "justsoapandlye:lyeportion", "litres": 1 }
	},
	{
		"code": "soakedhidelime",
		"sealHours": 20,
		"ingredients": [
			{ "type": "item", "code": "justsoapandlye:lyeportion", "litres": 2, "consumeLitres": 2 },
			{ "type": "item", "code": "game:hide-raw-small", "quantity": 1 }
		],
		"output": {
			"type": "item", "code": "game:hide-soaked-small", "stackSize": 1 }
	},
	{
		"code": "soakedhidelime",
		"sealHours": 20,
		"ingredients": [
			{ "type": "item", "code": "justsoapandlye:lyeportion", "litres": 4, "consumeLitres": 4 },
			{ "type": "item", "code": "game:hide-raw-medium", "quantity": 1 }
		],
		"output": { "type": "item", "code": "game:hide-soaked-medium", "stackSize": 1 }
	},
	{
		"code": "soakedhidelime",
		"sealHours": 20,
		"ingredients": [
			{ "type": "item", "code": "justsoapandlye:lyeportion", "litres": 6, "consumeLitres": 6 },
			{ "type": "item", "code": "game:hide-raw-large", "quantity": 1
			}
		],
		"output": { "type": "item", "code": "game:hide-soaked-large", "stackSize": 1 }
	},
	{
		"code": "soakedhidelime",
		"sealHours": 20,
		"ingredients": [
			{ "type": "item", "code": "justsoapandlye:lyeportion", "litres": 10, "consumeLitres": 10 },
			{ "type": "item", "code": "game:hide-raw-huge", "quantity": 1 }
		],
		"output": { "type": "item", "code": "game:hide-soaked-huge", "stackSize": 1 }
	},

	{
		"code": "soakedhidelime",
		"sealHours": 20,
		"ingredients": [
			{ "type": "item", "code": "justsoapandlye:lyeportion", "litres": 2, "consumeLitres": 2 },
			{ "type": "item", "code": "game:hide-salted-small", "quantity": 1 }
		],
		"output": { "type": "item", "code": "game:hide-soaked-small", "stackSize": 1 }
	},
	{
		"code": "soakedhidelime",
		"sealHours": 20,
		"ingredients": [
			{ "type": "item", "code": "justsoapandlye:lyeportion", "litres": 4, "consumeLitres": 4 },
			{ "type": "item", "code": "game:hide-salted-medium", "quantity": 1 }
		],
		"output": { "type": "item", "code": "game:hide-soaked-medium", "stackSize": 1 }
	},
	{
		"code": "soakedhidelime",
		"sealHours": 20,
		"ingredients": [
			{ "type": "item", "code": "justsoapandlye:lyeportion", "litres": 6, "consumeLitres": 6 },
			{ "type": "item", "code": "game:hide-salted-large", "quantity": 1 }
		],
		"output": { "type": "item", "code": "game:hide-soaked-large", "stackSize": 1 }
	},
	{
		"code": "soakedhidelime",
		"sealHours": 20,
		"ingredients": [
			{ "type": "item", "code": "justsoapandlye:lyeportion", "litres": 10, "consumeLitres": 10 },
			{ "type": "item", "code": "game:hide-salted-huge", "quantity": 1 }
		],
		"output": { "type": "item", "code": "game:hide-soaked-huge", "stackSize": 1
		}
	}
]
