﻿[
	{
	"code": "soapbar",
	"sealHours": 24,
	"ingredients": [
		{ "type": "item", "code": "lyeportion", "litres": 2, "consumeLitres": 2 },
		{ "type": "item", "code": "game:fat", "quantity": 1 }
	],
		"output": { "type": "item", "code": "soapbar-lye", "quantity": 2 }
	},
	{
	"code": "soapportion",
	"sealHours": 1,
	"ingredients": [
		{ "type": "item", "code": "game:waterportion", "litres": 1 },
		{ "type": "item", "code": "soapbar-lye", "quantity": 1 }
	],
		"output": { "type": "item", "code": "soapportion-lye", "litres": 1 }
	},
	{
	"code": "honeysoapportion",
	"sealHours": 28,
	"ingredients": [
		{ "type": "item", "code": "soapportion-lye", "litres": 1 },
		{ "type": "item", "code": "game:honeycomb", "quantity": 2 }
	],
		"output": { "type": "item", "code": "soapportion-honey", "litres": 1 }
	},
	{
	"code": "honeysoapbar",
	"sealHours": 28,
	"ingredients": [
		{ "type": "item", "code": "game:honeyportion", "litres": 0.4, "consumeLitres": 0.4 },
		{ "type": "item", "code": "soapbar-lye", "quantity": 1 }
	],
		"output": { "type": "item", "code": "soapbar-honey", "quantity": 1 }
	},


	{
	"code": "removemordant",
	"sealHours": 24,
	"ingredients": [
		{ "type": "item", "code": "soapportion-lye", "litres": 2, "consumeLitres": 2 },
		{ "type": "item", "code": "game:cloth-mordant", "quantity": 1 }
	],
		"output": { "type": "item", "code": "game:cloth-plain", "quantity": 1 }
	},
	{
	"code": "removemordant",
	"sealHours": 12,
	"ingredients": [
		{ "type": "item", "code": "soapportion-honey", "litres": 1, "consumeLitres": 1 },
		{ "type": "item", "code": "game:cloth-mordant", "quantity": 1 }
	],
		"output": { "type": "item", "code": "game:cloth-plain", "quantity": 1 }
	},

	{
	"code": "removedyecloth",
	"sealHours": 24,
	"ingredients": [
		{ "type": "item", "code": "soapportion-lye", "litres": 2, "consumeLitres": 2 },
		{ "type": "item", "code": "game:cloth-*", "name": "color", "allowedVariants": [ "orange", "black", "red", "blue", "green", "yellow", "white", "gray", "purple", "pink" ] }
	],
		"output": { "type": "item", "code": "game:cloth-mordant", "quantity": 1 }
	},
	{
	"code": "removedyecloth",
	"sealHours": 12,
	"ingredients": [
		{ "type": "item", "code": "soapportion-honey", "litres": 1, "consumeLitres": 1 },
		{ "type": "item", "code": "game:cloth-*", "name": "color", "allowedVariants": [ "orange", "black", "red", "blue", "green", "yellow", "white", "gray", "purple", "pink" ] }
	],
		"output": { "type": "item", "code": "game:cloth-mordant", "quantity": 1 }
	},

	{
	"code": "removedyeleather",
	"sealHours": 24,
	"ingredients": [
		{ "type": "item", "code": "soapportion-lye", "litres": 4, "consumeLitres": 4 },
		{ "type": "item", "code": "game:leather-normal-*", "name": "color", "allowedVariants": [ "orange", "black", "red", "blue", "green", "yellow", "white", "gray", "purple", "pink" ] }
	],
		"output": { "type": "item", "code": "game:leather-normal-plain", "quantity": 1 }
	},
	{
	"code": "removedyeleather",
	"sealHours": 12,
	"ingredients": [
		{ "type": "item", "code": "soapportion-honey", "litres": 2, "consumeLitres": 2 },
		{ "type": "item", "code": "game:leather-normal-*", "name": "color", "allowedVariants": [ "orange", "black", "red", "blue", "green", "yellow", "white", "gray", "purple", "pink" ] }
	],
		"output": { "type": "item", "code": "game:leather-normal-plain", "quantity": 1 }
	},


	{
	"code": "cleanpot",
	"sealHours": 12,
	"ingredients": [
		{ "type": "item", "code": "soapportion-lye", "litres": 5, "consumeLitres": 5 },
		{ "type": "block", "code": "game:dirtyclaypot-empty" }
	],
		"output": { "type": "block", "code": "game:claypot-burned", "quantity": 1 }
	},
	{
	"code": "cleanpot2",
	"sealHours": 12,
	"ingredients": [
		{ "type": "item", "code": "soapportion-honey", "litres": 2.5, "consumeLitres": 2.5 },
		{ "type": "block", "code": "game:dirtyclaypot-empty" }
	],
		"output": { "type": "block", "code": "game:claypot-burned", "quantity": 1 }
	}
]
