[
    {
        "comment": "Small patches of chamomile",
        "blockCodes": [ "crop-chamomile-2", "crop-chamomile-4", "crop-chamomile-6", "crop-chamomile-8" ],
        "minTemp": -1,
        "maxTemp": 38,
        "minRain": 0.35,
        "maxRain": 0.75,
        "maxForest": 0.2,
        "quantity": {
            "avg": 3,
            "var": 1
        },
        "chance": 0.02
    },
    {
        "comment": "Small patches of hibiscus",
        "blockCodes": [ "crop-hibiscus-2", "crop-hibiscus-4", "crop-hibiscus-6", "crop-hibiscus-8" ],
        "minTemp": 3,
        "maxTemp": 43,
        "minRain": 0.35,
        "maxRain": 0.75,
        "maxForest": 0.5,
        "quantity": {
            "avg": 2,
            "var": 2
        },
        "chance": 0.015
    },
    {
        "comment": "Small patches of lavender",
        "blockCodes": [ "crop-lavender-2", "crop-lavender-3", "crop-lavender-5", "crop-lavender-6" ],
        "minTemp": -7,
        "maxTemp": 27,
        "minRain": 0.35,
        "maxRain": 0.75,
        "maxForest": 1,
        "quantity": {
            "avg": 2,
            "var": 1
        },
        "chance": 0.01
    },
    {
        "comment": "Small patches of calendula",
        "blockCodes": [ "crop-calendula-2", "crop-calendula-4", "crop-calendula-6", "crop-calendula-8" ],
        "minTemp": 3,
        "maxTemp": 43,
        "minRain": 0.35,
        "maxRain": 0.75,
        "minForest": 0.5,
        "maxForest": 1,
        "quantity": {
            "avg": 2,
            "var": 1
        },
        "chance": 0.01
    },
    {
        "comment": "Small patches of mint",
        "blockCodes": [ "crop-mint-1", "crop-mint-3", "crop-mint-5", "crop-mint-7" ],
        "minTemp": 3,
        "maxTemp": 35,
        "minRain": 0.35,
        "maxRain": 0.75,
        "minForest": 0.1,
        "maxForest": 1,
        "quantity": {
            "avg": 4,
            "var": 1
        },
        "chance": 0.008
    }
]