{
	"enabled":  false,
	code: "herbalacornbread",
  	classByType: {
		"*-dough": "ExpandedDough",
		"*": "ExpandedFood",
	},
	maxstacksize: 32,
	variantgroups: [
		{code: "state", states: ["dough", "partbaked", "cooked", "charred", "syruppartbaked", "syrup", "syrupcharred"]}
	],
	attributes: {
		displaycaseable: true,
		shelvable: true,
		handbook: { "groupBy": [ "herbalacornbread-*" ] },
		inPiePropertiesByType: {
			"*-dough": { texture: "game:block/food/pie/herbalacorn{bakeLevel}", partType: 'Crust'  },
		},
		expandedNutritionProps: {
      		"game:milkportion" : { saturation: 1.5, foodcategory: "Dairy" },
			"expandedfoods:lard": { saturation: 16, "health":  0.1, foodcategory: "Protein"},
			"expandedfoods:pasteurizedmilk": { saturation: 1.15, "health":  0.1, foodcategory: "Dairy"},
			"expandedfoods:brothportion-bone": { saturation: 1, "health": 0.1, foodcategory: "Protein"},
			"expandedfoods:brothportion-vegetable": { saturation: 1, "health": 0.1, foodcategory: "Vegetable"},
			"expandedfoods:brothportion-meat": { saturation: 1.25, "health": 0.1, foodcategory: "Protein"},
			"expandedfoods:brothportion-fish": { saturation: 1, "health": 0.1, foodcategory: "Protein"},
			"expandedfoods:clarifiedbrothportion-bone": { saturation: 1, "health": 0.1, foodcategory: "Protein"},
			"expandedfoods:clarifiedbrothportion-vegetable": { saturation: 1, "health": 0.1, foodcategory: "Vegetable"},
			"expandedfoods:clarifiedbrothportion-meat": { saturation: 1.25, "health": 0.1, foodcategory: "Protein"},
			"expandedfoods:clarifiedbrothportion-fish": { saturation: 1, "health": 0.1, foodcategory: "Protein"},
			"expandedfoods:soymilk-edible": { saturation: 1.125, "health": 0.1, foodcategory: "Dairy"},
      		"game:flour-rice" : { saturation: 170, foodcategory: "Grain" },
      		"game:flour-rye" : { saturation: 140, foodcategory: "Grain" },
      		"game:flour-spelt" : { saturation: 140, foodcategory: "Grain" },
      		"game:flour-cassava" : { saturation: 140, foodcategory: "Grain" },
      		"game:flour-amaranth" : { saturation: 140, foodcategory: "Grain" },
      		"game:flour-sunflower" : { saturation: 140, foodcategory: "Grain" },
      		"wildcraftfruit:flour-acorn" : { saturation: 50, foodcategory: "Grain" },
			"aculinaryartillery:eggyolkfullportion-chicken": { saturation: 20, foodcategory: "Protein"},
			"aculinaryartillery:eggyolkfullportion-pheasant": { saturation: 28, foodcategory: "Protein"},
			"aculinaryartillery:eggyolkfullportion-goldenpheasant": { saturation: 28, foodcategory: "Protein"},
			"aculinaryartillery:eggyolkfullportion-capercaillie": { saturation: 28, foodcategory: "Protein"},
			"aculinaryartillery:eggyolkfullportion-wildturkey": { saturation: 28, foodcategory: "Protein"},
      		"acorns:flour-acorn" : { saturation: 140, foodcategory: "Grain" },
      		"game:honeyportion" : { saturation: 4, foodcategory: "Fruit" },
      		"expandedfoods:fruitsyrupportion-saguaro" : { saturation: 12, "health": 0.2, foodcategory: "Fruit" }, 
      		"expandedfoods:fruitsyrupportion-*" : { saturation: 12, "health": 0.1, foodcategory: "Fruit" },
      		"expandedfoods:treesyrupportion-*" : { saturation: 9.6, "health": 0.1, foodcategory: "Fruit" }, 
      		"expandedfoods:wildfruitsyrupportion-cloudberry" : { saturation: 12, "health": 0.5, foodcategory: "Fruit" },
      		"expandedfoods:wildfruitsyrupportion-husktomato" : { saturation: 12, "health": 0.3, foodcategory: "Fruit" },
      		"expandedfoods:wildfruitsyrupportion-juniper" : { saturation: 12, "health": 0.3, foodcategory: "Fruit" },
      		"expandedfoods:wildfruitsyrupportion-coralbead" : { saturation: 12, "health": -0.1, foodcategory: "Fruit" },
      		"expandedfoods:wildfruitsyrupportion-pokeberry" : { saturation: 12, "health": -0.25, foodcategory: "Fruit" },
      		"expandedfoods:wildfruitsyrupportion-snowberry" : { saturation: 12, "health": -0.25, foodcategory: "Fruit" },
      		"expandedfoods:wildfruitsyrupportion-falseorange" : { saturation: 12, "health": -0.25, foodcategory: "Fruit" },
      		"expandedfoods:wildfruitsyrupportion-blacknightshadeunripe" : { saturation: 12, "health": -1, foodcategory: "Fruit" },
      		"expandedfoods:wildfruitsyrupportion-bitternightshade" : { saturation: 12, "health": -2, foodcategory: "Fruit" },
      		"expandedfoods:wildfruitsyrupportion-wolfberry" : { saturation: 12, "health": -3, foodcategory: "Fruit" },
      		"expandedfoods:wildfruitsyrupportion-seamango" : { saturation: 12, "health": -4, foodcategory: "Fruit" },
      		"expandedfoods:wildfruitsyrupportion-crowseye" : { saturation: 12, "health": -5, foodcategory: "Fruit" },
      		"expandedfoods:wildfruitsyrupportion-*" : { saturation: 12, "health": 0.1, foodcategory: "Fruit" },
      		"expandedfoods:wildtreefruitsyrupportion-*" : { saturation: 12, "health": 0.1, foodcategory: "Fruit" },
		},
    	renderIngredientsByType: {
			"@*-(syruppartbaked|syrup|syrupcharred)": {
                "game:flour-*" : "game:shapes/item/food/bread/acornamaranthbread.json",
				"game:honeyportion": { "shape": "expandedfoods:shapes/item/food/bread/overlays/syrup/acornbread.json", "textureMap": { "syrup": "honey" } },
				"expandedfoods:peanutliquid-paste": { "shape": "expandedfoods:shapes/item/food/bread/overlays/syrup/acornbread.json", "textureMap": { "syrup": "peanutbutter" } },
				"expandedfoods:treesyrupportion-birch": { "shape": "expandedfoods:shapes/item/food/bread/overlays/syrup/acornbread.json", "textureMap": { "syrup": "weaktannin" } },
				"expandedfoods:treesyrupportion-maple": { "shape": "expandedfoods:shapes/item/food/bread/overlays/syrup/acornbread.json", "textureMap": { "syrup": "strongtannin" } },
				"expandedfoods:fruitsyrupportion-*": { "shape": "expandedfoods:shapes/item/food/bread/overlays/syrup/acornbread.json", "name": "type", "textureMap": { "syrup": "fill-{type}" } },
				"expandedfoods:wildfruitsyrupportion-*": { "shape": "expandedfoods:shapes/item/food/bread/overlays/syrup/acornbread.json", "name": "type", "textureMap": { "syrup": "fill-{type}" } },
			},
		},
		bakingPropertiesByType: {
			"*-dough": {
				temp: 160,
				levelFrom: 0.0,
				levelTo: 0.25,
				startScaleY: 0.9,
				endScaleY: 0.95,
				resultCode: "expandedfoods:herbalacornbread-partbaked",
			},
			"*-partbaked": {
				temp: 160,
				levelFrom: 0.25,
				levelTo: 0.5,
				startScaleY: 0.95,
				endScaleY: 1.10,
				resultCode: "expandedfoods:herbalacornbread-cooked",
				initialCode: "expandedfoods:herbalacornbread-dough",
			},
			"*-cooked": {
				temp: 160,
				levelFrom: 0.5,
				levelTo: 0.75,
				startScaleY: 1.10,
				endScaleY: 1.13,
				resultCode: "expandedfoods:herbalacornbread-charred",
				initialCode: "expandedfoods:herbalacornbread-partbaked",
			},
			"*-charred": {
				temp: 160,
				levelFrom: 0.75,
				levelTo: 1.0,
				startScaleY: 1.13,
				endScaleY: 1.10,
				initialCode: "expandedfoods:herbalacornbread-cooked",
			},
			"*-syruppartbaked": {
				temp: 160,
				levelFrom: 0.25,
				levelTo: 0.5,
				startScaleY: 0.95,
				endScaleY: 1.10,
				resultCode: "expandedfoods:herbalacornbread-syrup",
			},
			"*-syrup": {
				temp: 160,
				levelFrom: 0.5,
				levelTo: 0.75,
				startScaleY: 1.10,
				endScaleY: 1.13,
				resultCode: "expandedfoods:herbalacornbread-syrupcharred",
				initialCode: "expandedfoods:herbalacornbread-syruppartbaked",
			},
			"*-syrupcharred": {
				temp: 160,
				levelFrom: 0.75,
				levelTo: 1.0,
				startScaleY: 1.13,
				endScaleY: 1.10,
				initialCode: "expandedfoods:herbalacornbread-syrup",
			},
		},
		satMultByType: {
			"@*-(partbaked|syruppartbaked)": 0.5,
			"@*-(cooked|syrup)": 1,
			"@*-(charred|syrupcharred)": 0.75,
		},
	},
	shapebyType: {
		"*-dough": { base: "game:item/food/bread/acornamaranthbread-dough" },
		"*": { base: "game:item/food/bread/acornamaranthbread" },
	},
  	texturesByType: {
		"*-syruppartbaked": {
			"weaktannin": { base: "game:block/liquid/weaktannin"},
			"strongtannin": { base: "game:block/liquid/strongtannin"},
			"honey": { base: "game:block/liquid/honey"},
    		"bread": {base: "item/food/grain/herbal/acornbread2" },
			"fill-apple": { base: "game:block/food/pie/fill-apple" },
			"fill-blackcurrant": { base: "game:block/food/pie/fill-blackcurrant" },
			"fill-blueberry": { base: "game:block/food/pie/fill-blueberry" },
			"fill-breadfruit": { base: "game:block/food/pie/fill-breadfruit" },
			"fill-cherry": { base: "game:block/food/pie/fill-cherry" },
			"fill-cranberry": { base: "game:block/food/pie/fill-cranberry" },
			"fill-lychee": { base: "game:block/food/pie/fill-lychee" },
			"fill-mango": { base: "game:block/food/pie/fill-mango" },
			"fill-orange": { base: "game:block/food/pie/fill-orange" },
			"fill-peach": { base: "game:block/food/pie/fill-peach" },
			"fill-pear": { base: "game:block/food/pie/fill-pear" },
			"fill-pineapple": { base: "game:block/food/pie/fill-pineapple" },
			"fill-pomegranate": { base: "game:block/food/pie/fill-pomegranate" },
			"fill-redcurrant": { base: "game:block/food/pie/fill-redcurrant" },
			"fill-saguaro": { base: "game:block/food/pie/fill-saguaro" },
			"fill-whitecurrant": { base: "game:block/food/pie/fill-whitecurrant" },
		"fill-achacha": { base: "wildcraftfruit:block/food/pie/fill-achacha" },
		"fill-apricot": { base: "wildcraftfruit:block/food/pie/fill-apricot" },
		"fill-beachalmond": { base: "wildcraftfruit:block/food/pie/fill-beachalmond" },
		"fill-beautyberry": { base: "wildcraftfruit:block/food/pie/fill-beautyberry" },
		"fill-bitternightshade": { base: "wildcraftfruit:block/food/pie/fill-bitternightshade" },
		"fill-blacknightshade": { base: "wildcraftfruit:block/food/pie/fill-blacknightshade" },
		"fill-blacknightshadeunripe": { base: "wildcraftfruit:block/food/pie/fill-blacknightshadeunripe" },
		"fill-blueraspberry": { base: "wildcraftfruit:block/food/pie/fill-blueraspberry" },
		"fill-bluetongue": { base: "wildcraftfruit:block/food/pie/fill-bluetongue" },
		"fill-brambleberry": { base: "wildcraftfruit:block/food/pie/fill-brambleberry" },
		"fill-bunchberry": { base: "wildcraftfruit:block/food/pie/fill-bunchberry" },
		"fill-cashewapple": { base: "wildcraftfruit:block/food/pie/fill-cashewapple" },
		"fill-cheeseberry": { base: "wildcraftfruit:block/food/pie/fill-cheeseberry" },
		"fill-cherryplum": { base: "wildcraftfruit:block/food/pie/fill-cherryplum" },
		"fill-chinaberry": { base: "wildcraftfruit:block/food/pie/fill-chinaberry" },
		"fill-citron": { base: "wildcraftfruit:block/food/pie/fill-citron" },
		"fill-cloudberry": { base: "wildcraftfruit:block/food/pie/fill-cloudberry" },
		"fill-cocoa": { base: "wildcraftfruit:block/food/pie/fill-cocoa" },
		"fill-coralbead": { base: "wildcraftfruit:block/food/pie/fill-coralbead" },
		"fill-creepingpine": { base: "wildcraftfruit:block/food/pie/fill-creepingpine" },
		"fill-crowberry": { base: "wildcraftfruit:block/food/pie/fill-crowberry" },
		"fill-crowseye": { base: "wildcraftfruit:block/food/pie/fill-crowseye" },
		"fill-dogrose": { base: "wildcraftfruit:block/food/pie/fill-dogrose" },
		"fill-elderberry": { base: "wildcraftfruit:block/food/pie/fill-elderberry" },
		"fill-engkala": { base: "wildcraftfruit:block/food/pie/fill-engkala" },
		"fill-falseorange": { base: "wildcraftfruit:block/food/pie/fill-falseorange" },
		"fill-falsestrawberry": { base: "wildcraftfruit:block/food/pie/fill-falsestrawberry" },
		"fill-feijoa": { base: "wildcraftfruit:block/food/pie/fill-feijoa" },
		"fill-fig": { base: "wildcraftfruit:block/food/pie/fill-fig" },
		"fill-fingerlime": { base: "wildcraftfruit:block/food/pie/fill-fingerlime" },
		"fill-flaxlily": { base: "wildcraftfruit:block/food/pie/fill-flaxlily" },
		"fill-foxgrape": { base: "wildcraftfruit:block/food/pie/fill-foxgrape" },
		"fill-fractureberry": { base: "wildcraftfruit:block/food/pie/fill-fractureberry" },
		"fill-gardenstrawberry": { base: "wildcraftfruit:block/food/pie/fill-gardenstrawberry" },
		"fill-gooseberry": { base: "wildcraftfruit:block/food/pie/fill-gooseberry" },
		"fill-guajava": { base: "wildcraftfruit:block/food/pie/fill-guajava" },
		"fill-hawthorn": { base: "wildcraftfruit:block/food/pie/fill-hawthorn" },
		"fill-honeypots": { base: "wildcraftfruit:block/food/pie/fill-honeypots" },
		"fill-honeysuckle": { base: "wildcraftfruit:block/food/pie/fill-honeysuckle" },
		"fill-huckleberry": { base: "wildcraftfruit:block/food/pie/fill-huckleberry" },
		"fill-husktomato": { base: "wildcraftfruit:block/food/pie/fill-husktomato" },
		"fill-illawarra": { base: "wildcraftfruit:block/food/pie/fill-illawarra" },
		"fill-jujube": { base: "wildcraftfruit:block/food/pie/fill-jujube" },
		"fill-juniper": { base: "wildcraftfruit:block/food/pie/fill-juniper" },
		"fill-kakaha": { base: "wildcraftfruit:block/food/pie/fill-kakaha" },
		"fill-kawakawa": { base: "wildcraftfruit:block/food/pie/fill-kawakawa" },
		"fill-knyazberry": { base: "wildcraftfruit:block/food/pie/fill-knyazberry" },
		"fill-kumquat": { base: "wildcraftfruit:block/food/pie/fill-kumquat" },
		"fill-lemonaspen": { base: "wildcraftfruit:block/food/pie/fill-lemonaspen" },
		"fill-lillypillypink": { base: "wildcraftfruit:block/food/pie/fill-lillypillypink" },
		"fill-lingonberry": { base: "wildcraftfruit:block/food/pie/fill-lingonberry" },
		"fill-loquat": { base: "wildcraftfruit:block/food/pie/fill-loquat" },
		"fill-midyimberry": { base: "wildcraftfruit:block/food/pie/fill-midyimberry" },
		"fill-mingimingi": { base: "wildcraftfruit:block/food/pie/fill-mingimingi" },
		"fill-munthari": { base: "wildcraftfruit:block/food/pie/fill-munthari" },
		"fill-naranjilla": { base: "wildcraftfruit:block/food/pie/fill-naranjilla" },
		"fill-numnum": { base: "wildcraftfruit:block/food/pie/fill-numnum" },
		"fill-pandanbits": { base: "wildcraftfruit:block/food/pie/fill-pandanbits" },
		"fill-pilo": { base: "wildcraftfruit:block/food/pie/fill-pilo" },
		"fill-pineheath": { base: "wildcraftfruit:block/food/pie/fill-pineheath" },
		"fill-pokeberry": { base: "wildcraftfruit:block/food/pie/fill-pokeberry" },
		"fill-pomelo": { base: "wildcraftfruit:block/food/pie/fill-pomelo" },
		"fill-pricklyheath": { base: "wildcraftfruit:block/food/pie/fill-pricklyheath" },
		"fill-purpleplum": { base: "wildcraftfruit:block/food/pie/fill-purpleplum" },
		"fill-quince": { base: "wildcraftfruit:block/food/pie/fill-quince" },
		"fill-raspberry": { base: "wildcraftfruit:block/food/pie/fill-raspberry" },
		"fill-redgrape": { base: "wildcraftfruit:block/food/pie/fill-redgrape" },
		"fill-redquandong": { base: "wildcraftfruit:block/food/pie/fill-redquandong" },
		"fill-roseapple": { base: "wildcraftfruit:block/food/pie/fill-roseapple" },
		"fill-rowanberry": { base: "wildcraftfruit:block/food/pie/fill-rowanberry" },
		"fill-rubysaltbush": { base: "wildcraftfruit:block/food/pie/fill-rubysaltbush" },
		"fill-sallowthorn": { base: "wildcraftfruit:block/food/pie/fill-sallowthorn" },
		"fill-seamango": { base: "wildcraftfruit:block/food/pie/fill-seamango" },
		"fill-silvernettle": { base: "wildcraftfruit:block/food/pie/fill-silvernettle" },
		"fill-snowberry": { base: "wildcraftfruit:block/food/pie/fill-snowberry" },
		"fill-spindle": { base: "wildcraftfruit:block/food/pie/fill-spindle" },
		"fill-strawberry": { base: "wildcraftfruit:block/food/pie/fill-strawberry" },
		"fill-sumac": { base: "wildcraftfruit:block/food/pie/fill-sumac" },
		"fill-turkscap": { base: "wildcraftfruit:block/food/pie/fill-turkscap" },
		"fill-ugni": { base: "wildcraftfruit:block/food/pie/fill-ugni" },
		"fill-virgingrape": { base: "wildcraftfruit:block/food/pie/fill-virgingrape" },
		"fill-whitegrape": { base: "wildcraftfruit:block/food/pie/fill-whitegrape" },
		"fill-wolfberry": { base: "wildcraftfruit:block/food/pie/fill-wolfberry" },
		},
		"*-syrupcharred": {
			"weaktannin": { base: "game:block/liquid/weaktannin"},
			"strongtannin": { base: "game:block/liquid/strongtannin"},
			"honey": { base: "game:block/liquid/honey"},
    		"bread": {base: "item/food/grain/herbal/acornbread1" },
			"fill-apple": { base: "game:block/food/pie/fill-apple" },
			"fill-blackcurrant": { base: "game:block/food/pie/fill-blackcurrant" },
			"fill-blueberry": { base: "game:block/food/pie/fill-blueberry" },
			"fill-breadfruit": { base: "game:block/food/pie/fill-breadfruit" },
			"fill-cherry": { base: "game:block/food/pie/fill-cherry" },
			"fill-cranberry": { base: "game:block/food/pie/fill-cranberry" },
			"fill-lychee": { base: "game:block/food/pie/fill-lychee" },
			"fill-mango": { base: "game:block/food/pie/fill-mango" },
			"fill-orange": { base: "game:block/food/pie/fill-orange" },
			"fill-peach": { base: "game:block/food/pie/fill-peach" },
			"fill-pear": { base: "game:block/food/pie/fill-pear" },
			"fill-pineapple": { base: "game:block/food/pie/fill-pineapple" },
			"fill-pomegranate": { base: "game:block/food/pie/fill-pomegranate" },
			"fill-redcurrant": { base: "game:block/food/pie/fill-redcurrant" },
			"fill-saguaro": { base: "game:block/food/pie/fill-saguaro" },
			"fill-whitecurrant": { base: "game:block/food/pie/fill-whitecurrant" },
		"fill-achacha": { base: "wildcraftfruit:block/food/pie/fill-achacha" },
		"fill-apricot": { base: "wildcraftfruit:block/food/pie/fill-apricot" },
		"fill-beachalmond": { base: "wildcraftfruit:block/food/pie/fill-beachalmond" },
		"fill-beautyberry": { base: "wildcraftfruit:block/food/pie/fill-beautyberry" },
		"fill-bitternightshade": { base: "wildcraftfruit:block/food/pie/fill-bitternightshade" },
		"fill-blacknightshade": { base: "wildcraftfruit:block/food/pie/fill-blacknightshade" },
		"fill-blacknightshadeunripe": { base: "wildcraftfruit:block/food/pie/fill-blacknightshadeunripe" },
		"fill-blueraspberry": { base: "wildcraftfruit:block/food/pie/fill-blueraspberry" },
		"fill-bluetongue": { base: "wildcraftfruit:block/food/pie/fill-bluetongue" },
		"fill-brambleberry": { base: "wildcraftfruit:block/food/pie/fill-brambleberry" },
		"fill-bunchberry": { base: "wildcraftfruit:block/food/pie/fill-bunchberry" },
		"fill-cashewapple": { base: "wildcraftfruit:block/food/pie/fill-cashewapple" },
		"fill-cheeseberry": { base: "wildcraftfruit:block/food/pie/fill-cheeseberry" },
		"fill-cherryplum": { base: "wildcraftfruit:block/food/pie/fill-cherryplum" },
		"fill-chinaberry": { base: "wildcraftfruit:block/food/pie/fill-chinaberry" },
		"fill-citron": { base: "wildcraftfruit:block/food/pie/fill-citron" },
		"fill-cloudberry": { base: "wildcraftfruit:block/food/pie/fill-cloudberry" },
		"fill-cocoa": { base: "wildcraftfruit:block/food/pie/fill-cocoa" },
		"fill-coralbead": { base: "wildcraftfruit:block/food/pie/fill-coralbead" },
		"fill-creepingpine": { base: "wildcraftfruit:block/food/pie/fill-creepingpine" },
		"fill-crowberry": { base: "wildcraftfruit:block/food/pie/fill-crowberry" },
		"fill-crowseye": { base: "wildcraftfruit:block/food/pie/fill-crowseye" },
		"fill-dogrose": { base: "wildcraftfruit:block/food/pie/fill-dogrose" },
		"fill-elderberry": { base: "wildcraftfruit:block/food/pie/fill-elderberry" },
		"fill-engkala": { base: "wildcraftfruit:block/food/pie/fill-engkala" },
		"fill-falseorange": { base: "wildcraftfruit:block/food/pie/fill-falseorange" },
		"fill-falsestrawberry": { base: "wildcraftfruit:block/food/pie/fill-falsestrawberry" },
		"fill-feijoa": { base: "wildcraftfruit:block/food/pie/fill-feijoa" },
		"fill-fig": { base: "wildcraftfruit:block/food/pie/fill-fig" },
		"fill-fingerlime": { base: "wildcraftfruit:block/food/pie/fill-fingerlime" },
		"fill-flaxlily": { base: "wildcraftfruit:block/food/pie/fill-flaxlily" },
		"fill-foxgrape": { base: "wildcraftfruit:block/food/pie/fill-foxgrape" },
		"fill-fractureberry": { base: "wildcraftfruit:block/food/pie/fill-fractureberry" },
		"fill-gardenstrawberry": { base: "wildcraftfruit:block/food/pie/fill-gardenstrawberry" },
		"fill-gooseberry": { base: "wildcraftfruit:block/food/pie/fill-gooseberry" },
		"fill-guajava": { base: "wildcraftfruit:block/food/pie/fill-guajava" },
		"fill-hawthorn": { base: "wildcraftfruit:block/food/pie/fill-hawthorn" },
		"fill-honeypots": { base: "wildcraftfruit:block/food/pie/fill-honeypots" },
		"fill-honeysuckle": { base: "wildcraftfruit:block/food/pie/fill-honeysuckle" },
		"fill-huckleberry": { base: "wildcraftfruit:block/food/pie/fill-huckleberry" },
		"fill-husktomato": { base: "wildcraftfruit:block/food/pie/fill-husktomato" },
		"fill-illawarra": { base: "wildcraftfruit:block/food/pie/fill-illawarra" },
		"fill-jujube": { base: "wildcraftfruit:block/food/pie/fill-jujube" },
		"fill-juniper": { base: "wildcraftfruit:block/food/pie/fill-juniper" },
		"fill-kakaha": { base: "wildcraftfruit:block/food/pie/fill-kakaha" },
		"fill-kawakawa": { base: "wildcraftfruit:block/food/pie/fill-kawakawa" },
		"fill-knyazberry": { base: "wildcraftfruit:block/food/pie/fill-knyazberry" },
		"fill-kumquat": { base: "wildcraftfruit:block/food/pie/fill-kumquat" },
		"fill-lemonaspen": { base: "wildcraftfruit:block/food/pie/fill-lemonaspen" },
		"fill-lillypillypink": { base: "wildcraftfruit:block/food/pie/fill-lillypillypink" },
		"fill-lingonberry": { base: "wildcraftfruit:block/food/pie/fill-lingonberry" },
		"fill-loquat": { base: "wildcraftfruit:block/food/pie/fill-loquat" },
		"fill-midyimberry": { base: "wildcraftfruit:block/food/pie/fill-midyimberry" },
		"fill-mingimingi": { base: "wildcraftfruit:block/food/pie/fill-mingimingi" },
		"fill-munthari": { base: "wildcraftfruit:block/food/pie/fill-munthari" },
		"fill-naranjilla": { base: "wildcraftfruit:block/food/pie/fill-naranjilla" },
		"fill-numnum": { base: "wildcraftfruit:block/food/pie/fill-numnum" },
		"fill-pandanbits": { base: "wildcraftfruit:block/food/pie/fill-pandanbits" },
		"fill-pilo": { base: "wildcraftfruit:block/food/pie/fill-pilo" },
		"fill-pineheath": { base: "wildcraftfruit:block/food/pie/fill-pineheath" },
		"fill-pokeberry": { base: "wildcraftfruit:block/food/pie/fill-pokeberry" },
		"fill-pomelo": { base: "wildcraftfruit:block/food/pie/fill-pomelo" },
		"fill-pricklyheath": { base: "wildcraftfruit:block/food/pie/fill-pricklyheath" },
		"fill-purpleplum": { base: "wildcraftfruit:block/food/pie/fill-purpleplum" },
		"fill-quince": { base: "wildcraftfruit:block/food/pie/fill-quince" },
		"fill-raspberry": { base: "wildcraftfruit:block/food/pie/fill-raspberry" },
		"fill-redgrape": { base: "wildcraftfruit:block/food/pie/fill-redgrape" },
		"fill-redquandong": { base: "wildcraftfruit:block/food/pie/fill-redquandong" },
		"fill-roseapple": { base: "wildcraftfruit:block/food/pie/fill-roseapple" },
		"fill-rowanberry": { base: "wildcraftfruit:block/food/pie/fill-rowanberry" },
		"fill-rubysaltbush": { base: "wildcraftfruit:block/food/pie/fill-rubysaltbush" },
		"fill-sallowthorn": { base: "wildcraftfruit:block/food/pie/fill-sallowthorn" },
		"fill-seamango": { base: "wildcraftfruit:block/food/pie/fill-seamango" },
		"fill-silvernettle": { base: "wildcraftfruit:block/food/pie/fill-silvernettle" },
		"fill-snowberry": { base: "wildcraftfruit:block/food/pie/fill-snowberry" },
		"fill-spindle": { base: "wildcraftfruit:block/food/pie/fill-spindle" },
		"fill-strawberry": { base: "wildcraftfruit:block/food/pie/fill-strawberry" },
		"fill-sumac": { base: "wildcraftfruit:block/food/pie/fill-sumac" },
		"fill-turkscap": { base: "wildcraftfruit:block/food/pie/fill-turkscap" },
		"fill-ugni": { base: "wildcraftfruit:block/food/pie/fill-ugni" },
		"fill-virgingrape": { base: "wildcraftfruit:block/food/pie/fill-virgingrape" },
		"fill-whitegrape": { base: "wildcraftfruit:block/food/pie/fill-whitegrape" },
		"fill-wolfberry": { base: "wildcraftfruit:block/food/pie/fill-wolfberry" },
		},
		"*-partbaked": {
    		"bread": {base: "item/food/grain/herbal/acornbread2" },
		},
		"*-charred": {
    		"bread": {base: "item/food/grain/herbal/acornbread1" },
		},
		"*": {
			"weaktannin": { base: "game:block/liquid/weaktannin"},
			"strongtannin": { base: "game:block/liquid/strongtannin"},
			"honey": { base: "game:block/liquid/honey"},
    		"bread": {base: "item/food/grain/herbal/acornbread" },
    		"acornbread": {base: "item/food/grain/herbal/acornbread" },
			"fill-apple": { base: "game:block/food/pie/fill-apple" },
			"fill-blackcurrant": { base: "game:block/food/pie/fill-blackcurrant" },
			"fill-blueberry": { base: "game:block/food/pie/fill-blueberry" },
			"fill-breadfruit": { base: "game:block/food/pie/fill-breadfruit" },
			"fill-cherry": { base: "game:block/food/pie/fill-cherry" },
			"fill-cranberry": { base: "game:block/food/pie/fill-cranberry" },
			"fill-lychee": { base: "game:block/food/pie/fill-lychee" },
			"fill-mango": { base: "game:block/food/pie/fill-mango" },
			"fill-orange": { base: "game:block/food/pie/fill-orange" },
			"fill-peach": { base: "game:block/food/pie/fill-peach" },
			"fill-pear": { base: "game:block/food/pie/fill-pear" },
			"fill-pineapple": { base: "game:block/food/pie/fill-pineapple" },
			"fill-pomegranate": { base: "game:block/food/pie/fill-pomegranate" },
			"fill-redcurrant": { base: "game:block/food/pie/fill-redcurrant" },
			"fill-saguaro": { base: "game:block/food/pie/fill-saguaro" },
			"fill-whitecurrant": { base: "game:block/food/pie/fill-whitecurrant" },
		"fill-achacha": { base: "wildcraftfruit:block/food/pie/fill-achacha" },
		"fill-apricot": { base: "wildcraftfruit:block/food/pie/fill-apricot" },
		"fill-beachalmond": { base: "wildcraftfruit:block/food/pie/fill-beachalmond" },
		"fill-beautyberry": { base: "wildcraftfruit:block/food/pie/fill-beautyberry" },
		"fill-bitternightshade": { base: "wildcraftfruit:block/food/pie/fill-bitternightshade" },
		"fill-blacknightshade": { base: "wildcraftfruit:block/food/pie/fill-blacknightshade" },
		"fill-blacknightshadeunripe": { base: "wildcraftfruit:block/food/pie/fill-blacknightshadeunripe" },
		"fill-blueraspberry": { base: "wildcraftfruit:block/food/pie/fill-blueraspberry" },
		"fill-bluetongue": { base: "wildcraftfruit:block/food/pie/fill-bluetongue" },
		"fill-brambleberry": { base: "wildcraftfruit:block/food/pie/fill-brambleberry" },
		"fill-bunchberry": { base: "wildcraftfruit:block/food/pie/fill-bunchberry" },
		"fill-cashewapple": { base: "wildcraftfruit:block/food/pie/fill-cashewapple" },
		"fill-cheeseberry": { base: "wildcraftfruit:block/food/pie/fill-cheeseberry" },
		"fill-cherryplum": { base: "wildcraftfruit:block/food/pie/fill-cherryplum" },
		"fill-chinaberry": { base: "wildcraftfruit:block/food/pie/fill-chinaberry" },
		"fill-citron": { base: "wildcraftfruit:block/food/pie/fill-citron" },
		"fill-cloudberry": { base: "wildcraftfruit:block/food/pie/fill-cloudberry" },
		"fill-cocoa": { base: "wildcraftfruit:block/food/pie/fill-cocoa" },
		"fill-coralbead": { base: "wildcraftfruit:block/food/pie/fill-coralbead" },
		"fill-creepingpine": { base: "wildcraftfruit:block/food/pie/fill-creepingpine" },
		"fill-crowberry": { base: "wildcraftfruit:block/food/pie/fill-crowberry" },
		"fill-crowseye": { base: "wildcraftfruit:block/food/pie/fill-crowseye" },
		"fill-dogrose": { base: "wildcraftfruit:block/food/pie/fill-dogrose" },
		"fill-elderberry": { base: "wildcraftfruit:block/food/pie/fill-elderberry" },
		"fill-engkala": { base: "wildcraftfruit:block/food/pie/fill-engkala" },
		"fill-falseorange": { base: "wildcraftfruit:block/food/pie/fill-falseorange" },
		"fill-falsestrawberry": { base: "wildcraftfruit:block/food/pie/fill-falsestrawberry" },
		"fill-feijoa": { base: "wildcraftfruit:block/food/pie/fill-feijoa" },
		"fill-fig": { base: "wildcraftfruit:block/food/pie/fill-fig" },
		"fill-fingerlime": { base: "wildcraftfruit:block/food/pie/fill-fingerlime" },
		"fill-flaxlily": { base: "wildcraftfruit:block/food/pie/fill-flaxlily" },
		"fill-foxgrape": { base: "wildcraftfruit:block/food/pie/fill-foxgrape" },
		"fill-fractureberry": { base: "wildcraftfruit:block/food/pie/fill-fractureberry" },
		"fill-gardenstrawberry": { base: "wildcraftfruit:block/food/pie/fill-gardenstrawberry" },
		"fill-gooseberry": { base: "wildcraftfruit:block/food/pie/fill-gooseberry" },
		"fill-guajava": { base: "wildcraftfruit:block/food/pie/fill-guajava" },
		"fill-hawthorn": { base: "wildcraftfruit:block/food/pie/fill-hawthorn" },
		"fill-honeypots": { base: "wildcraftfruit:block/food/pie/fill-honeypots" },
		"fill-honeysuckle": { base: "wildcraftfruit:block/food/pie/fill-honeysuckle" },
		"fill-huckleberry": { base: "wildcraftfruit:block/food/pie/fill-huckleberry" },
		"fill-husktomato": { base: "wildcraftfruit:block/food/pie/fill-husktomato" },
		"fill-illawarra": { base: "wildcraftfruit:block/food/pie/fill-illawarra" },
		"fill-jujube": { base: "wildcraftfruit:block/food/pie/fill-jujube" },
		"fill-juniper": { base: "wildcraftfruit:block/food/pie/fill-juniper" },
		"fill-kakaha": { base: "wildcraftfruit:block/food/pie/fill-kakaha" },
		"fill-kawakawa": { base: "wildcraftfruit:block/food/pie/fill-kawakawa" },
		"fill-knyazberry": { base: "wildcraftfruit:block/food/pie/fill-knyazberry" },
		"fill-kumquat": { base: "wildcraftfruit:block/food/pie/fill-kumquat" },
		"fill-lemonaspen": { base: "wildcraftfruit:block/food/pie/fill-lemonaspen" },
		"fill-lillypillypink": { base: "wildcraftfruit:block/food/pie/fill-lillypillypink" },
		"fill-lingonberry": { base: "wildcraftfruit:block/food/pie/fill-lingonberry" },
		"fill-loquat": { base: "wildcraftfruit:block/food/pie/fill-loquat" },
		"fill-midyimberry": { base: "wildcraftfruit:block/food/pie/fill-midyimberry" },
		"fill-mingimingi": { base: "wildcraftfruit:block/food/pie/fill-mingimingi" },
		"fill-munthari": { base: "wildcraftfruit:block/food/pie/fill-munthari" },
		"fill-naranjilla": { base: "wildcraftfruit:block/food/pie/fill-naranjilla" },
		"fill-numnum": { base: "wildcraftfruit:block/food/pie/fill-numnum" },
		"fill-pandanbits": { base: "wildcraftfruit:block/food/pie/fill-pandanbits" },
		"fill-pilo": { base: "wildcraftfruit:block/food/pie/fill-pilo" },
		"fill-pineheath": { base: "wildcraftfruit:block/food/pie/fill-pineheath" },
		"fill-pokeberry": { base: "wildcraftfruit:block/food/pie/fill-pokeberry" },
		"fill-pomelo": { base: "wildcraftfruit:block/food/pie/fill-pomelo" },
		"fill-pricklyheath": { base: "wildcraftfruit:block/food/pie/fill-pricklyheath" },
		"fill-purpleplum": { base: "wildcraftfruit:block/food/pie/fill-purpleplum" },
		"fill-quince": { base: "wildcraftfruit:block/food/pie/fill-quince" },
		"fill-raspberry": { base: "wildcraftfruit:block/food/pie/fill-raspberry" },
		"fill-redgrape": { base: "wildcraftfruit:block/food/pie/fill-redgrape" },
		"fill-redquandong": { base: "wildcraftfruit:block/food/pie/fill-redquandong" },
		"fill-roseapple": { base: "wildcraftfruit:block/food/pie/fill-roseapple" },
		"fill-rowanberry": { base: "wildcraftfruit:block/food/pie/fill-rowanberry" },
		"fill-rubysaltbush": { base: "wildcraftfruit:block/food/pie/fill-rubysaltbush" },
		"fill-sallowthorn": { base: "wildcraftfruit:block/food/pie/fill-sallowthorn" },
		"fill-seamango": { base: "wildcraftfruit:block/food/pie/fill-seamango" },
		"fill-silvernettle": { base: "wildcraftfruit:block/food/pie/fill-silvernettle" },
		"fill-snowberry": { base: "wildcraftfruit:block/food/pie/fill-snowberry" },
		"fill-spindle": { base: "wildcraftfruit:block/food/pie/fill-spindle" },
		"fill-strawberry": { base: "wildcraftfruit:block/food/pie/fill-strawberry" },
		"fill-sumac": { base: "wildcraftfruit:block/food/pie/fill-sumac" },
		"fill-turkscap": { base: "wildcraftfruit:block/food/pie/fill-turkscap" },
		"fill-ugni": { base: "wildcraftfruit:block/food/pie/fill-ugni" },
		"fill-virgingrape": { base: "wildcraftfruit:block/food/pie/fill-virgingrape" },
		"fill-whitegrape": { base: "wildcraftfruit:block/food/pie/fill-whitegrape" },
		"fill-wolfberry": { base: "wildcraftfruit:block/food/pie/fill-wolfberry" },
		},
  	},
	"grindingPropsByType": {
		"@*-(partbaked|cooked|charred)": { "GroundStack": { "type":  "item", "code": "expandedfoods:herbalacornbreadcrumbs", "quantity": 4 } },
	},
	creativeinventory: { "general": ["*"], "items": ["*"], "expandedfoods": ["*"] },
	nutritionPropsByType: {
		"@*-(partbaked|syruppartbaked)": {saturation: 145, foodcategory: "Grain" },
		"@*-(cooked|syrup)": {saturation: 160, foodcategory: "Grain" },
		"@*-(charred|syrupcharred)": {saturation: 130, foodcategory: "Grain" },
	},
	combustiblePropsByType: {
		"@*-(dough|partbaked|cooked)": {
			meltingPoint: 200,
			meltingDuration: 15,
			smeltedRatio: 1,
			smeltingType: "bake",
			smeltedStack: { type: "item", code: "expandedfoods:herbalacornbread-charred" },
			requiresContainer: false
		},
		"@*-(syruppartbaked|syrup)": {
			meltingPoint: 200,
			meltingDuration: 15,
			smeltedRatio: 1,
			smeltingType: "bake",
			smeltedStack: { type: "item", code: "expandedfoods:herbalacornbread-syrupcharred" },
			requiresContainer: false
		},
	},
	transitionablePropsByType: { 
		"*-dough": [{
			type: "Perish",
			freshHours: { avg: 48 },
			transitionHours: { avg: 24 },
			transitionedStack: { type: "item", code: "game:rot" },
			transitionRatio: 1
		}],
		"@*-(charred|syrupcharred)": [{
			type: "Perish",
			freshHours: { avg: 864 },
			transitionHours: { avg: 72 },
			transitionedStack: { type: "item", code: "game:rot" },
			transitionRatio: 1
		}],
		"*": [{
			type: "Perish",
			freshHours: { avg: 432 },
			transitionHours: { avg: 36 },
			transitionedStack: { type: "item", code: "game:rot" },
			transitionRatio: 1
		}],
	},
	materialDensity: 200,
	guiTransform: {
		translation: { x: 3, y: 0, z: 0 },
		rotation: { x: -28, y: 23, z: 180 },
		origin: { x: 0.5, y: 0.07, z: 0.5 },
		scale: 5
	},
	groundTransform: {
		translation: { x: 0, y: 0, z: 0 },
		rotation: { x: 0, y: 0, z: 1 },
		origin: { x: 0.5, y: 0, z: 0.5 },
		scale: 4.5
	},
	tpHandTransform: {
		translation: { x: -0.54, y: -0.16, z: -0.4 },
		rotation: { x: 44, y: -69, z: 2 },
		origin: { x: 0.5, y: 0.13, z: 0.5 },
		scale: 1
	}
}
