{
	"code": "woodash",
	"creativeinventory": {
		"general": [ "*" ]
	},
	"behaviors": [
		{ "name": "GroundStorable", "properties": { "layout": "Quadrants", "collisionBox": { "x1": 0, "y1": 0, "z1": 0, "x2": 1, "y2": 0.125, "z2": 1 } } }
	],
	"heldTpIdleAnimation": "holdbothhands",
	"heldRightReadyAnimation": "holdbothhands",
	"maxstacksize": 64,
	"materialDensity": 500,
	"attributes": {
		"handbook": {
			"exclude": false
		},
		"dissolveInWater": true,
		"displaycaseable": true,
		"shelvable": true,
		"groundStorageTransform": {
			"translation": { "x": 0, "y": -0.06, "z": 0 },
			"scale": 0.89
		},
		"onDisplayTransform": {
			"translation": { "x": 0.05, "y": 0, "z": 0 },
			"origin": { "x": 0.5, "y": 0, "z": 0.5 },
			"scale": 0.65
		}
	},
	"shape": {
		"base": "game:item/food/flour" },
	"textures": {
		"flour": { "base": "game:item/resource/crushed/lime" }
	},
	"guiTransform": {
		"translation": { "x": 0, "y": 0, "z": 0 },
		"rotation": { "x": 149, "y": 12, "z": 0 },
		"origin": { "x": 0.41, "y": -0.1, "z": 0.8 },
		"scale": 2.54
	},
	"fpHandTransform": {
		"rotation": { "x": 54, "y": 95, "z": -31 },
		"scale": 1.34
	},
	"tpHandTransform": {
		"translation": { "x": -1.87, "y": -1.25, "z": -0.8 },
		"rotation": { "x": 70, "y": 11, "z": -65 },
		"scale": 0.41
	},
	"groundTransform": {
		"translation": { "x": 0, "y": 0.2, "z": 0 },
		"rotation": { "x": -4, "y": 8, "z": 0 },
		"origin": { "x": 0.5, "y": 0.5, "z": 0.5299 },
		"scale": 1.92
	}
}