[
    {
        "ingredientPattern": "B,L",
        "recipeGroup": 2,
        "ingredients": {
            "B": {
                "type": "item",
                "code": "tailoredbrigandine-body-leather-*",
                "name": "color",
                "allowedVariants": [
                    "blue",
                    "red",
                    "green",
                    "black",
                    "purple",
                    "gray",
                    "orange"
                ]
            },
            "L": {
                "type": "item",
                "code": "game:leather-normal-*",
                "name": "color",
                "allowedVariants": [
                    "blue",
                    "red",
                    "green",
                    "black",
                    "purple",
                    "gray",
                    "orange"
                ]
            }
        },
        "width": 1,
        "height": 2,
        "shapeless": true,
        "copyAttributesFrom": "B",
        "averageDurability": false,
        "name": "tailored brigandine body armor repair",
        "output": {
            "type": "item",
            "code": "tailoredbrigandine-body-leather-{color}"
        }
    },
    {
        "ingredientPattern": "B,L",
        "recipeGroup": 2,
        "ingredients": {
            "B": {
                "type": "item",
                "code": "tailoredbrigandine-legs-leather-*",
                "name": "color",
                "allowedVariants": [
                    "blue",
                    "red",
                    "green",
                    "black",
                    "purple",
                    "gray",
                    "orange"
                ]
            },
            "L": {
                "type": "item",
                "code": "game:leather-normal-*",
                "name": "color",
                "allowedVariants": [
                    "blue",
                    "red",
                    "green",
                    "black",
                    "purple",
                    "gray",
                    "orange"
                ]
            }
        },
        "width": 1,
        "height": 2,
        "shapeless": true,
        "copyAttributesFrom": "B",
        "averageDurability": false,
        "name": "tailored brigandine leg armor repair",
        "output": {
            "type": "item",
            "code": "tailoredbrigandine-legs-leather-{color}"
        }
    },
    {
        "ingredientPattern": "B,L,P",
        "recipeGroup": 2,
        "ingredients": {
            "B": {
                "type": "item",
                "code": "tailoredbrigandine-head-copper-*",
                "name": "color",
                "allowedVariants": [
                    "blue",
                    "red",
                    "green",
                    "black",
                    "purple",
                    "gray",
                    "orange"
                ]
            },
            "L": {
                "type": "item",
                "code": "game:leather-normal-*",
                "name": "color",
                "allowedVariants": [
                    "blue",
                    "red",
                    "green",
                    "black",
                    "purple",
                    "gray",
                    "orange"
                ]
            },
            "P": {
                "type": "item",
                "code": "game:metalplate-copper"
            }
        },
        "width": 1,
        "height": 3,
        "shapeless": true,
        "copyAttributesFrom": "B",
        "averageDurability": false,
        "name": "tailored brigandine helmet repair",
        "output": {
            "type": "item",
            "code": "tailoredbrigandine-head-copper-{color}"
        }
    },
    {
        "ingredientPattern": "B,L,P",
        "recipeGroup": 2,
        "ingredients": {
            "B": {
                "type": "item",
                "code": "tailoredbrigandine-body-copper-*",
                "name": "color",
                "allowedVariants": [
                    "blue",
                    "red",
                    "green",
                    "black",
                    "purple",
                    "gray",
                    "orange"
                ]
            },
            "L": {
                "type": "item",
                "code": "game:leather-normal-*",
                "name": "color",
                "allowedVariants": [
                    "blue",
                    "red",
                    "green",
                    "black",
                    "purple",
                    "gray",
                    "orange"
                ]
            },
            "P": {
                "type": "item",
                "code": "game:metalplate-copper"
            }
        },
        "width": 1,
        "height": 3,
        "shapeless": true,
        "copyAttributesFrom": "B",
        "averageDurability": false,
        "name": "tailored brigandine body armor repair",
        "output": {
            "type": "item",
            "code": "tailoredbrigandine-body-copper-{color}"
        }
    },
    {
        "ingredientPattern": "B,L,P",
        "recipeGroup": 2,
        "ingredients": {
            "B": {
                "type": "item",
                "code": "tailoredbrigandine-legs-copper-*",
                "name": "color",
                "allowedVariants": [
                    "blue",
                    "red",
                    "green",
                    "black",
                    "purple",
                    "gray",
                    "orange"
                ]
            },
            "L": {
                "type": "item",
                "code": "game:leather-normal-*",
                "name": "color",
                "allowedVariants": [
                    "blue",
                    "red",
                    "green",
                    "black",
                    "purple",
                    "gray",
                    "orange"
                ]
            },
            "P": {
                "type": "item",
                "code": "game:metalplate-copper"
            }
        },
        "width": 1,
        "height": 3,
        "shapeless": true,
        "copyAttributesFrom": "B",
        "averageDurability": false,
        "name": "tailored brigandine leg armor repair",
        "output": {
            "type": "item",
            "code": "tailoredbrigandine-legs-copper-{color}"
        }
    },
    {
        "ingredientPattern": "B,L,P",
        "recipeGroup": 2,
        "ingredients": {
            "B": {
                "type": "item",
                "code": "tailoredbrigandine-head-tinbronze-*",
                "name": "color",
                "allowedVariants": [
                    "blue",
                    "red",
                    "green",
                    "black",
                    "purple",
                    "gray",
                    "orange"
                ]
            },
            "L": {
                "type": "item",
                "code": "game:leather-normal-*",
                "name": "color",
                "allowedVariants": [
                    "blue",
                    "red",
                    "green",
                    "black",
                    "purple",
                    "gray",
                    "orange"
                ]
            },
            "P": {
                "type": "item",
                "code": "game:metalplate-tinbronze"
            }
        },
        "width": 1,
        "height": 3,
        "shapeless": true,
        "copyAttributesFrom": "B",
        "averageDurability": false,
        "name": "tailored brigandine helmet repair",
        "output": {
            "type": "item",
            "code": "tailoredbrigandine-head-tinbronze-{color}"
        }
    },
    {
        "ingredientPattern": "B,L,P",
        "recipeGroup": 2,
        "ingredients": {
            "B": {
                "type": "item",
                "code": "tailoredbrigandine-body-tinbronze-*",
                "name": "color",
                "allowedVariants": [
                    "blue",
                    "red",
                    "green",
                    "black",
                    "purple",
                    "gray",
                    "orange"
                ]
            },
            "L": {
                "type": "item",
                "code": "game:leather-normal-*",
                "name": "color",
                "allowedVariants": [
                    "blue",
                    "red",
                    "green",
                    "black",
                    "purple",
                    "gray",
                    "orange"
                ]
            },
            "P": {
                "type": "item",
                "code": "game:metalplate-tinbronze"
            }
        },
        "width": 1,
        "height": 3,
        "shapeless": true,
        "copyAttributesFrom": "B",
        "averageDurability": false,
        "name": "tailored brigandine body armor repair",
        "output": {
            "type": "item",
            "code": "tailoredbrigandine-body-tinbronze-{color}"
        }
    },
    {
        "ingredientPattern": "B,L,P",
        "recipeGroup": 2,
        "ingredients": {
            "B": {
                "type": "item",
                "code": "tailoredbrigandine-legs-tinbronze-*",
                "name": "color",
                "allowedVariants": [
                    "blue",
                    "red",
                    "green",
                    "black",
                    "purple",
                    "gray",
                    "orange"
                ]
            },
            "L": {
                "type": "item",
                "code": "game:leather-normal-*",
                "name": "color",
                "allowedVariants": [
                    "blue",
                    "red",
                    "green",
                    "black",
                    "purple",
                    "gray",
                    "orange"
                ]
            },
            "P": {
                "type": "item",
                "code": "game:metalplate-tinbronze"
            }
        },
        "width": 1,
        "height": 3,
        "shapeless": true,
        "copyAttributesFrom": "B",
        "averageDurability": false,
        "name": "tailored brigandine leg armor repair",
        "output": {
            "type": "item",
            "code": "tailoredbrigandine-legs-tinbronze-{color}"
        }
    },
    {
        "ingredientPattern": "B,L,P",
        "recipeGroup": 2,
        "ingredients": {
            "B": {
                "type": "item",
                "code": "tailoredbrigandine-head-bismuthbronze-*",
                "name": "color",
                "allowedVariants": [
                    "blue",
                    "red",
                    "green",
                    "black",
                    "purple",
                    "gray",
                    "orange"
                ]
            },
            "L": {
                "type": "item",
                "code": "game:leather-normal-*",
                "name": "color",
                "allowedVariants": [
                    "blue",
                    "red",
                    "green",
                    "black",
                    "purple",
                    "gray",
                    "orange"
                ]
            },
            "P": {
                "type": "item",
                "code": "game:metalplate-bismuthbronze"
            }
        },
        "width": 1,
        "height": 3,
        "shapeless": true,
        "copyAttributesFrom": "B",
        "averageDurability": false,
        "name": "tailored brigandine helmet repair",
        "output": {
            "type": "item",
            "code": "tailoredbrigandine-head-bismuthbronze-{color}"
        }
    },
    {
        "ingredientPattern": "B,L,P",
        "recipeGroup": 2,
        "ingredients": {
            "B": {
                "type": "item",
                "code": "tailoredbrigandine-body-bismuthbronze-*",
                "name": "color",
                "allowedVariants": [
                    "blue",
                    "red",
                    "green",
                    "black",
                    "purple",
                    "gray",
                    "orange"
                ]
            },
            "L": {
                "type": "item",
                "code": "game:leather-normal-*",
                "name": "color",
                "allowedVariants": [
                    "blue",
                    "red",
                    "green",
                    "black",
                    "purple",
                    "gray",
                    "orange"
                ]
            },
            "P": {
                "type": "item",
                "code": "game:metalplate-bismuthbronze"
            }
        },
        "width": 1,
        "height": 3,
        "shapeless": true,
        "copyAttributesFrom": "B",
        "averageDurability": false,
        "name": "tailored brigandine body armor repair",
        "output": {
            "type": "item",
            "code": "tailoredbrigandine-body-bismuthbronze-{color}"
        }
    },
    {
        "ingredientPattern": "B,L,P",
        "recipeGroup": 2,
        "ingredients": {
            "B": {
                "type": "item",
                "code": "tailoredbrigandine-legs-bismuthbronze-*",
                "name": "color",
                "allowedVariants": [
                    "blue",
                    "red",
                    "green",
                    "black",
                    "purple",
                    "gray",
                    "orange"
                ]
            },
            "L": {
                "type": "item",
                "code": "game:leather-normal-*",
                "name": "color",
                "allowedVariants": [
                    "blue",
                    "red",
                    "green",
                    "black",
                    "purple",
                    "gray",
                    "orange"
                ]
            },
            "P": {
                "type": "item",
                "code": "game:metalplate-bismuthbronze"
            }
        },
        "width": 1,
        "height": 3,
        "shapeless": true,
        "copyAttributesFrom": "B",
        "averageDurability": false,
        "name": "tailored brigandine leg armor repair",
        "output": {
            "type": "item",
            "code": "tailoredbrigandine-legs-bismuthbronze-{color}"
        }
    },
    {
        "ingredientPattern": "B,L,P",
        "recipeGroup": 2,
        "ingredients": {
            "B": {
                "type": "item",
                "code": "tailoredbrigandine-head-blackbronze-*",
                "name": "color",
                "allowedVariants": [
                    "blue",
                    "red",
                    "green",
                    "black",
                    "purple",
                    "gray",
                    "orange"
                ]
            },
            "L": {
                "type": "item",
                "code": "game:leather-normal-*",
                "name": "color",
                "allowedVariants": [
                    "blue",
                    "red",
                    "green",
                    "black",
                    "purple",
                    "gray",
                    "orange"
                ]
            },
            "P": {
                "type": "item",
                "code": "game:metalplate-blackbronze"
            }
        },
        "width": 1,
        "height": 3,
        "shapeless": true,
        "copyAttributesFrom": "B",
        "averageDurability": false,
        "name": "tailored brigandine helmet repair",
        "output": {
            "type": "item",
            "code": "tailoredbrigandine-head-blackbronze-{color}"
        }
    },
    {
        "ingredientPattern": "B,L,P",
        "recipeGroup": 2,
        "ingredients": {
            "B": {
                "type": "item",
                "code": "tailoredbrigandine-body-blackbronze-*",
                "name": "color",
                "allowedVariants": [
                    "blue",
                    "red",
                    "green",
                    "black",
                    "purple",
                    "gray",
                    "orange"
                ]
            },
            "L": {
                "type": "item",
                "code": "game:leather-normal-*",
                "name": "color",
                "allowedVariants": [
                    "blue",
                    "red",
                    "green",
                    "black",
                    "purple",
                    "gray",
                    "orange"
                ]
            },
            "P": {
                "type": "item",
                "code": "game:metalplate-blackbronze"
            }
        },
        "width": 1,
        "height": 3,
        "shapeless": true,
        "copyAttributesFrom": "B",
        "averageDurability": false,
        "name": "tailored brigandine body armor repair",
        "output": {
            "type": "item",
            "code": "tailoredbrigandine-body-blackbronze-{color}"
        }
    },
    {
        "ingredientPattern": "B,L,P",
        "recipeGroup": 2,
        "ingredients": {
            "B": {
                "type": "item",
                "code": "tailoredbrigandine-legs-blackbronze-*",
                "name": "color",
                "allowedVariants": [
                    "blue",
                    "red",
                    "green",
                    "black",
                    "purple",
                    "gray",
                    "orange"
                ]
            },
            "L": {
                "type": "item",
                "code": "game:leather-normal-*",
                "name": "color",
                "allowedVariants": [
                    "blue",
                    "red",
                    "green",
                    "black",
                    "purple",
                    "gray",
                    "orange"
                ]
            },
            "P": {
                "type": "item",
                "code": "game:metalplate-blackbronze"
            }
        },
        "width": 1,
        "height": 3,
        "shapeless": true,
        "copyAttributesFrom": "B",
        "averageDurability": false,
        "name": "tailored brigandine leg armor repair",
        "output": {
            "type": "item",
            "code": "tailoredbrigandine-legs-blackbronze-{color}"
        }
    },
    {
        "ingredientPattern": "B,L,P",
        "recipeGroup": 2,
        "ingredients": {
            "B": {
                "type": "item",
                "code": "tailoredbrigandine-head-iron-*",
                "name": "color",
                "allowedVariants": [
                    "blue",
                    "red",
                    "green",
                    "black",
                    "purple",
                    "gray",
                    "orange"
                ]
            },
            "L": {
                "type": "item",
                "code": "game:leather-normal-*",
                "name": "color",
                "allowedVariants": [
                    "blue",
                    "red",
                    "green",
                    "black",
                    "purple",
                    "gray",
                    "orange"
                ]
            },
            "P": {
                "type": "item",
                "code": "game:metalplate-iron"
            }
        },
        "width": 1,
        "height": 3,
        "shapeless": true,
        "copyAttributesFrom": "B",
        "averageDurability": false,
        "name": "tailored brigandine helmet repair",
        "output": {
            "type": "item",
            "code": "tailoredbrigandine-head-iron-{color}"
        }
    },
    {
        "ingredientPattern": "B,L,P",
        "recipeGroup": 2,
        "ingredients": {
            "B": {
                "type": "item",
                "code": "tailoredbrigandine-body-iron-*",
                "name": "color",
                "allowedVariants": [
                    "blue",
                    "red",
                    "green",
                    "black",
                    "purple",
                    "gray",
                    "orange"
                ]
            },
            "L": {
                "type": "item",
                "code": "game:leather-normal-*",
                "name": "color",
                "allowedVariants": [
                    "blue",
                    "red",
                    "green",
                    "black",
                    "purple",
                    "gray",
                    "orange"
                ]
            },
            "P": {
                "type": "item",
                "code": "game:metalplate-iron"
            }
        },
        "width": 1,
        "height": 3,
        "shapeless": true,
        "copyAttributesFrom": "B",
        "averageDurability": false,
        "name": "tailored brigandine body armor repair",
        "output": {
            "type": "item",
            "code": "tailoredbrigandine-body-iron-{color}"
        }
    },
    {
        "ingredientPattern": "B,L,P",
        "recipeGroup": 2,
        "ingredients": {
            "B": {
                "type": "item",
                "code": "tailoredbrigandine-legs-iron-*",
                "name": "color",
                "allowedVariants": [
                    "blue",
                    "red",
                    "green",
                    "black",
                    "purple",
                    "gray",
                    "orange"
                ]
            },
            "L": {
                "type": "item",
                "code": "game:leather-normal-*",
                "name": "color",
                "allowedVariants": [
                    "blue",
                    "red",
                    "green",
                    "black",
                    "purple",
                    "gray",
                    "orange"
                ]
            },
            "P": {
                "type": "item",
                "code": "game:metalplate-iron"
            }
        },
        "width": 1,
        "height": 3,
        "shapeless": true,
        "copyAttributesFrom": "B",
        "averageDurability": false,
        "name": "tailored brigandine leg armor repair",
        "output": {
            "type": "item",
            "code": "tailoredbrigandine-legs-iron-{color}"
        }
    },
    {
        "ingredientPattern": "B,L,P",
        "recipeGroup": 2,
        "ingredients": {
            "B": {
                "type": "item",
                "code": "tailoredbrigandine-head-meteoriciron-*",
                "name": "color",
                "allowedVariants": [
                    "blue",
                    "red",
                    "green",
                    "black",
                    "purple",
                    "gray",
                    "orange"
                ]
            },
            "L": {
                "type": "item",
                "code": "game:leather-normal-*",
                "name": "color",
                "allowedVariants": [
                    "blue",
                    "red",
                    "green",
                    "black",
                    "purple",
                    "gray",
                    "orange"
                ]
            },
            "P": {
                "type": "item",
                "code": "game:metalplate-meteoriciron"
            }
        },
        "width": 1,
        "height": 3,
        "shapeless": true,
        "copyAttributesFrom": "B",
        "averageDurability": false,
        "name": "tailored brigandine helmet repair",
        "output": {
            "type": "item",
            "code": "tailoredbrigandine-head-meteoriciron-{color}"
        }
    },
    {
        "ingredientPattern": "B,L,P",
        "recipeGroup": 2,
        "ingredients": {
            "B": {
                "type": "item",
                "code": "tailoredbrigandine-body-meteoriciron-*",
                "name": "color",
                "allowedVariants": [
                    "blue",
                    "red",
                    "green",
                    "black",
                    "purple",
                    "gray",
                    "orange"
                ]
            },
            "L": {
                "type": "item",
                "code": "game:leather-normal-*",
                "name": "color",
                "allowedVariants": [
                    "blue",
                    "red",
                    "green",
                    "black",
                    "purple",
                    "gray",
                    "orange"
                ]
            },
            "P": {
                "type": "item",
                "code": "game:metalplate-meteoriciron"
            }
        },
        "width": 1,
        "height": 3,
        "shapeless": true,
        "copyAttributesFrom": "B",
        "averageDurability": false,
        "name": "tailored brigandine body armor repair",
        "output": {
            "type": "item",
            "code": "tailoredbrigandine-body-meteoriciron-{color}"
        }
    },
    {
        "ingredientPattern": "B,L,P",
        "recipeGroup": 2,
        "ingredients": {
            "B": {
                "type": "item",
                "code": "tailoredbrigandine-legs-meteoriciron-*",
                "name": "color",
                "allowedVariants": [
                    "blue",
                    "red",
                    "green",
                    "black",
                    "purple",
                    "gray",
                    "orange"
                ]
            },
            "L": {
                "type": "item",
                "code": "game:leather-normal-*",
                "name": "color",
                "allowedVariants": [
                    "blue",
                    "red",
                    "green",
                    "black",
                    "purple",
                    "gray",
                    "orange"
                ]
            },
            "P": {
                "type": "item",
                "code": "game:metalplate-meteoriciron"
            }
        },
        "width": 1,
        "height": 3,
        "shapeless": true,
        "copyAttributesFrom": "B",
        "averageDurability": false,
        "name": "tailored brigandine leg armor repair",
        "output": {
            "type": "item",
            "code": "tailoredbrigandine-legs-meteoriciron-{color}"
        }
    },
    {
        "ingredientPattern": "B,L,P",
        "recipeGroup": 2,
        "ingredients": {
            "B": {
                "type": "item",
                "code": "tailoredbrigandine-head-steel-*",
                "name": "color",
                "allowedVariants": [
                    "blue",
                    "red",
                    "green",
                    "black",
                    "purple",
                    "gray",
                    "orange"
                ]
            },
            "L": {
                "type": "item",
                "code": "game:leather-normal-*",
                "name": "color",
                "allowedVariants": [
                    "blue",
                    "red",
                    "green",
                    "black",
                    "purple",
                    "gray",
                    "orange"
                ]
            },
            "P": {
                "type": "item",
                "code": "game:metalplate-steel"
            }
        },
        "width": 1,
        "height": 3,
        "shapeless": true,
        "copyAttributesFrom": "B",
        "averageDurability": false,
        "name": "tailored brigandine helmet repair",
        "output": {
            "type": "item",
            "code": "tailoredbrigandine-head-steel-{color}"
        }
    },
    {
        "ingredientPattern": "B,L,P",
        "recipeGroup": 2,
        "ingredients": {
            "B": {
                "type": "item",
                "code": "tailoredbrigandine-body-steel-*",
                "name": "color",
                "allowedVariants": [
                    "blue",
                    "red",
                    "green",
                    "black",
                    "purple",
                    "gray",
                    "orange"
                ]
            },
            "L": {
                "type": "item",
                "code": "game:leather-normal-*",
                "name": "color",
                "allowedVariants": [
                    "blue",
                    "red",
                    "green",
                    "black",
                    "purple",
                    "gray",
                    "orange"
                ]
            },
            "P": {
                "type": "item",
                "code": "game:metalplate-steel"
            }
        },
        "width": 1,
        "height": 3,
        "shapeless": true,
        "copyAttributesFrom": "B",
        "averageDurability": false,
        "name": "tailored brigandine body armor repair",
        "output": {
            "type": "item",
            "code": "tailoredbrigandine-body-steel-{color}"
        }
    },
    {
        "ingredientPattern": "B,L,P",
        "recipeGroup": 2,
        "ingredients": {
            "B": {
                "type": "item",
                "code": "tailoredbrigandine-legs-steel-*",
                "name": "color",
                "allowedVariants": [
                    "blue",
                    "red",
                    "green",
                    "black",
                    "purple",
                    "gray",
                    "orange"
                ]
            },
            "L": {
                "type": "item",
                "code": "game:leather-normal-*",
                "name": "color",
                "allowedVariants": [
                    "blue",
                    "red",
                    "green",
                    "black",
                    "purple",
                    "gray",
                    "orange"
                ]
            },
            "P": {
                "type": "item",
                "code": "game:metalplate-steel"
            }
        },
        "width": 1,
        "height": 3,
        "shapeless": true,
        "copyAttributesFrom": "B",
        "averageDurability": false,
        "name": "tailored brigandine leg armor repair",
        "output": {
            "type": "item",
            "code": "tailoredbrigandine-legs-steel-{color}"
        }
    }
]