[
    {
        "ingredientPattern": "LPL,LNL",
        "recipeGroup": 1,
        "ingredients": {
            "L": {
                "type": "item",
                "code": "game:leather-normal-*",
                "quantity": 2,
                "name": "color",
                "allowedVariants": [
                    "blue",
                    "red",
                    "green",
                    "black",
                    "purple",
					"gray",
					"orange"
                ],
                "recipeAttributes": {
                    "repairMat": {
                        "type": "item",
                        "code": "game:leather-normal-*",
                        "name": "color",
                        "allowedVariants": [
                            "blue",
                            "red",
                            "green",
                            "black",
                            "purple",
							"gray",
							"orange"
                        ],
                        "stacksize": 1
                    }
                }
            },
            "P": {
                "type": "item",
                "code": "game:metalplate-copper",
				"quantity": 2
            },
            "N": {
                "type": "item",
                "code": "game:metalnailsandstrips-copper",
                "quantity": 2
            }
        },
        "width": 3,
        "height": 2,
        "name": "tailored brigandine helmet (copper)",
        "output": {
            "type": "item",
            "code": "tailoredbrigandine-head-copper-{color}"
        }
    },
	{
        "ingredientPattern": "LPL,LNL",
        "recipeGroup": 1,
        "ingredients": {
            "L": {
                "type": "item",
                "code": "game:leather-normal-*",
                "quantity": 2,
                "name": "color",
                "allowedVariants": [
                    "blue",
                    "red",
                    "green",
                    "black",
                    "purple",
					"gray",
					"orange"
                ],
                "recipeAttributes": {
                    "repairMat": {
                        "type": "item",
                        "code": "game:leather-normal-*",
                        "name": "color",
                        "allowedVariants": [
                            "blue",
                            "red",
                            "green",
                            "black",
                            "purple",
							"gray",
							"orange"
                        ],
                        "stacksize": 1
                    }
                }
            },
            "P": {
                "type": "item",
                "code": "game:metalplate-tinbronze",
				"quantity": 2
            },
            "N": {
                "type": "item",
                "code": "game:metalnailsandstrips-tinbronze",
                "quantity": 2
            }
        },
        "width": 3,
        "height": 2,
        "name": "tailored brigandine helmet (tinbronze)",
        "output": {
            "type": "item",
            "code": "tailoredbrigandine-head-tinbronze-{color}"
        }
    },
	{
        "ingredientPattern": "LPL,LNL",
        "recipeGroup": 1,
        "ingredients": {
            "L": {
                "type": "item",
                "code": "game:leather-normal-*",
                "quantity": 2,
                "name": "color",
                "allowedVariants": [
                    "blue",
                    "red",
                    "green",
                    "black",
                    "purple",
					"gray",
					"orange"
                ],
                "recipeAttributes": {
                    "repairMat": {
                        "type": "item",
                        "code": "game:leather-normal-*",
                        "name": "color",
                        "allowedVariants": [
                            "blue",
                            "red",
                            "green",
                            "black",
                            "purple",
							"gray",
							"orange"
                        ],
                        "stacksize": 1
                    }
                }
            },
            "P": {
                "type": "item",
                "code": "game:metalplate-blackbronze",
				"quantity": 2
            },
            "N": {
                "type": "item",
                "code": "game:metalnailsandstrips-blackbronze",
                "quantity": 2
            }
        },
        "width": 3,
        "height": 2,
        "name": "tailored brigandine helmet (blackbronze)",
        "output": {
            "type": "item",
            "code": "tailoredbrigandine-head-blackbronze-{color}"
        }
    },
	{
        "ingredientPattern": "LPL,LNL",
        "recipeGroup": 1,
        "ingredients": {
            "L": {
                "type": "item",
                "code": "game:leather-normal-*",
                "quantity": 2,
                "name": "color",
                "allowedVariants": [
                    "blue",
                    "red",
                    "green",
                    "black",
                    "purple",
					"gray",
					"orange"
                ],
                "recipeAttributes": {
                    "repairMat": {
                        "type": "item",
                        "code": "game:leather-normal-*",
                        "name": "color",
                        "allowedVariants": [
                            "blue",
                            "red",
                            "green",
                            "black",
                            "purple",
							"gray",
							"orange"
                        ],
                        "stacksize": 1
                    }
                }
            },
            "P": {
                "type": "item",
                "code": "game:metalplate-bismuthbronze",
				"quantity": 2
            },
            "N": {
                "type": "item",
                "code": "game:metalnailsandstrips-bismuthbronze",
                "quantity": 2
            }
        },
        "width": 3,
        "height": 2,
        "name": "tailored brigandine helmet (bismuthbronze)",
        "output": {
            "type": "item",
            "code": "tailoredbrigandine-head-bismuthbronze-{color}"
        }
    },
		{
        "ingredientPattern": "LPL,LNL",
        "recipeGroup": 1,
        "ingredients": {
            "L": {
                "type": "item",
                "code": "game:leather-normal-*",
                "quantity": 2,
                "name": "color",
                "allowedVariants": [
                    "blue",
                    "red",
                    "green",
                    "black",
                    "purple",
					"gray",
					"orange"
                ],
                "recipeAttributes": {
                    "repairMat": {
                        "type": "item",
                        "code": "game:leather-normal-*",
                        "name": "color",
                        "allowedVariants": [
                            "blue",
                            "red",
                            "green",
                            "black",
                            "purple",
							"gray",
							"orange"
                        ],
                        "stacksize": 1
                    }
                }
            },
            "P": {
                "type": "item",
                "code": "game:metalplate-iron",
				"quantity": 2
            },
            "N": {
                "type": "item",
                "code": "game:metalnailsandstrips-iron",
                "quantity": 2
            }
        },
        "width": 3,
        "height": 2,
        "name": "tailored brigandine helmet (iron)",
        "output": {
            "type": "item",
            "code": "tailoredbrigandine-head-iron-{color}"
        }
    },
		{
        "ingredientPattern": "LPL,LNL",
        "recipeGroup": 1,
        "ingredients": {
            "L": {
                "type": "item",
                "code": "game:leather-normal-*",
                "quantity": 2,
                "name": "color",
                "allowedVariants": [
                    "blue",
                    "red",
                    "green",
                    "black",
                    "purple",
					"gray",
					"orange"
                ],
                "recipeAttributes": {
                    "repairMat": {
                        "type": "item",
                        "code": "game:leather-normal-*",
                        "name": "color",
                        "allowedVariants": [
                            "blue",
                            "red",
                            "green",
                            "black",
                            "purple",
							"gray",
							"orange"
                        ],
                        "stacksize": 1
                    }
                }
            },
            "P": {
                "type": "item",
                "code": "game:metalplate-meteoriciron",
				"quantity": 2
            },
            "N": {
                "type": "item",
                "code": "game:metalnailsandstrips-meteoriciron",
                "quantity": 2
            }
        },
        "width": 3,
        "height": 2,
        "name": "tailored brigandine helmet (meteoriciron)",
        "output": {
            "type": "item",
            "code": "tailoredbrigandine-head-meteoriciron-{color}"
        }
    },
		{
        "ingredientPattern": "LPL,LNL",
        "recipeGroup": 1,
        "ingredients": {
            "L": {
                "type": "item",
                "code": "game:leather-normal-*",
                "quantity": 2,
                "name": "color",
                "allowedVariants": [
                    "blue",
                    "red",
                    "green",
                    "black",
                    "purple",
					"gray",
					"orange"
                ],
                "recipeAttributes": {
                    "repairMat": {
                        "type": "item",
                        "code": "game:leather-normal-*",
                        "name": "color",
                        "allowedVariants": [
                            "blue",
                            "red",
                            "green",
                            "black",
                            "purple",
							"gray",
							"orange"
                        ],
                        "stacksize": 1
                    }
                }
            },
            "P": {
                "type": "item",
                "code": "game:metalplate-steel",
				"quantity": 2
            },
            "N": {
                "type": "item",
                "code": "game:metalnailsandstrips-steel",
                "quantity": 2
            }
        },
        "width": 3,
        "height": 2,
        "name": "tailored brigandine helmet (steel)",
        "output": {
            "type": "item",
            "code": "tailoredbrigandine-head-steel-{color}"
        }
    },
	
	
	
	
	
	
    {
        "ingredientPattern": "PNP,PJP,PPP",
        "recipeGroup": 1,
        "ingredients": {
            "J": {
                "type": "item",
                "code": "tailoredbrigandine-body-leather-*",
                "quantity": 1,
                "name": "color",
                "allowedVariants": [
                    "blue",
                    "red",
                    "green",
                    "black",
                    "purple",
					"gray",
					"orange"
                ],
                "recipeAttributes": {
                    "repairMat": {
                        "type": "item",
                        "code": "game:leather-normal-*",
                        "name": "color",
						"stacksize": 9,
                        "allowedVariants": [
                            "blue",
                            "red",
                            "green",
                            "black",
                            "purple",
							"gray",
							"orange"
                        ]
                    }
                }
            },
            "P": {
                "type": "item",
                "code": "game:metalplate-copper",
				"quantity": 1
            },
            "N": {
                "type": "item",
                "code": "game:metalnailsandstrips-copper",
                "quantity": 8
            }
        },
        "width": 3,
        "height": 3,
        "name": "tailored brigandine body armor (copper)",
        "output": {
            "type": "item",
            "code": "tailoredbrigandine-body-copper-{color}"
        }
    },
	    {
        "ingredientPattern": "PNP,PJP,PPP",
        "recipeGroup": 1,
        "ingredients": {
            "J": {
                "type": "item",
                "code": "tailoredbrigandine-body-leather-*",
                "quantity": 1,
                "name": "color",
                "allowedVariants": [
                    "blue",
                    "red",
                    "green",
                    "black",
                    "purple",
					"gray",
					"orange"
                ],
                "recipeAttributes": {
                    "repairMat": {
                        "type": "item",
                        "code": "game:leather-normal-*",
                        "name": "color",
						"stacksize": 9,
                        "allowedVariants": [
                            "blue",
                            "red",
                            "green",
                            "black",
                            "purple",
							"gray",
							"orange"
                        ]
                    }
                }
            },
            "P": {
                "type": "item",
                "code": "game:metalplate-tinbronze",
				"quantity": 1
            },
            "N": {
                "type": "item",
                "code": "game:metalnailsandstrips-tinbronze",
                "quantity": 8
            }
        },
        "width": 3,
        "height": 3,
        "name": "tailored brigandine body armor (tinbronze)",
        "output": {
            "type": "item",
            "code": "tailoredbrigandine-body-tinbronze-{color}"
        }
    },
    {
        "ingredientPattern": "PNP,PJP,PPP",
        "recipeGroup": 1,
        "ingredients": {
            "J": {
                "type": "item",
                "code": "tailoredbrigandine-body-leather-*",
                "quantity": 1,
                "name": "color",
                "allowedVariants": [
                    "blue",
                    "red",
                    "green",
                    "black",
                    "purple",
					"gray",
					"orange"
                ],
                "recipeAttributes": {
                    "repairMat": {
                        "type": "item",
                        "code": "game:leather-normal-*",
                        "name": "color",
						"stacksize": 9,
                        "allowedVariants": [
                            "blue",
                            "red",
                            "green",
                            "black",
                            "purple",
							"gray",
							"orange"
                        ]
                    }
                }
            },
            "P": {
                "type": "item",
                "code": "game:metalplate-blackbronze",
				"quantity": 1
            },
            "N": {
                "type": "item",
                "code": "game:metalnailsandstrips-blackbronze",
                "quantity": 8
            }
        },
        "width": 3,
        "height": 3,
        "name": "tailored brigandine body armor (blackbronze)",
        "output": {
            "type": "item",
            "code": "tailoredbrigandine-body-blackbronze-{color}"
        }
    },
	    {
        "ingredientPattern": "PNP,PJP,PPP",
        "recipeGroup": 1,
        "ingredients": {
            "J": {
                "type": "item",
                "code": "tailoredbrigandine-body-leather-*",
                "quantity": 1,
                "name": "color",
                "allowedVariants": [
                    "blue",
                    "red",
                    "green",
                    "black",
                    "purple",
					"gray",
					"orange"
                ],
                "recipeAttributes": {
                    "repairMat": {
                        "type": "item",
                        "code": "game:leather-normal-*",
                        "name": "color",
						"stacksize": 9,
                        "allowedVariants": [
                            "blue",
                            "red",
                            "green",
                            "black",
                            "purple",
							"gray",
							"orange"
                        ]
                    }
                }
            },
            "P": {
                "type": "item",
                "code": "game:metalplate-bismuthbronze",
				"quantity": 1
            },
            "N": {
                "type": "item",
                "code": "game:metalnailsandstrips-bismuthbronze",
                "quantity": 8
            }
        },
        "width": 3,
        "height": 3,
        "name": "tailored brigandine body armor (bismuthbronze)",
        "output": {
            "type": "item",
            "code": "tailoredbrigandine-body-bismuthbronze-{color}"
        }
    },
	    {
        "ingredientPattern": "PNP,PJP,PPP",
        "recipeGroup": 1,
        "ingredients": {
            "J": {
                "type": "item",
                "code": "tailoredbrigandine-body-leather-*",
                "quantity": 1,
                "name": "color",
                "allowedVariants": [
                    "blue",
                    "red",
                    "green",
                    "black",
                    "purple",
					"gray",
					"orange"
                ],
                "recipeAttributes": {
                    "repairMat": {
                        "type": "item",
                        "code": "game:leather-normal-*",
                        "name": "color",
						"stacksize": 9,
                        "allowedVariants": [
                            "blue",
                            "red",
                            "green",
                            "black",
                            "purple",
							"gray",
							"orange"
                        ]
                    }
                }
            },
            "P": {
                "type": "item",
                "code": "game:metalplate-iron",
				"quantity": 1
            },
            "N": {
                "type": "item",
                "code": "game:metalnailsandstrips-iron",
                "quantity": 8
            }
        },
        "width": 3,
        "height": 3,
        "name": "tailored brigandine body armor (iron)",
        "output": {
            "type": "item",
            "code": "tailoredbrigandine-body-iron-{color}"
        }
    },
	    {
        "ingredientPattern": "PNP,PJP,PPP",
        "recipeGroup": 1,
        "ingredients": {
            "J": {
                "type": "item",
                "code": "tailoredbrigandine-body-leather-*",
                "quantity": 1,
                "name": "color",
                "allowedVariants": [
                    "blue",
                    "red",
                    "green",
                    "black",
                    "purple",
					"gray",
					"orange"
                ],
                "recipeAttributes": {
                    "repairMat": {
                        "type": "item",
                        "code": "game:leather-normal-*",
                        "name": "color",
						"stacksize": 9,
                        "allowedVariants": [
                            "blue",
                            "red",
                            "green",
                            "black",
                            "purple",
							"gray",
							"orange"
                        ]
                    }
                }
            },
            "P": {
                "type": "item",
                "code": "game:metalplate-meteoriciron",
				"quantity": 1
            },
            "N": {
                "type": "item",
                "code": "game:metalnailsandstrips-meteoriciron",
                "quantity": 8
            }
        },
        "width": 3,
        "height": 3,
        "name": "tailored brigandine body armor (meteoriciron)",
        "output": {
            "type": "item",
            "code": "tailoredbrigandine-body-meteoriciron-{color}"
        }
    },
	    {
        "ingredientPattern": "PNP,PJP,PPP",
        "recipeGroup": 1,
        "ingredients": {
            "J": {
                "type": "item",
                "code": "tailoredbrigandine-body-leather-*",
                "quantity": 1,
                "name": "color",
                "allowedVariants": [
                    "blue",
                    "red",
                    "green",
                    "black",
                    "purple",
					"gray",
					"orange"
                ],
                "recipeAttributes": {
                    "repairMat": {
                        "type": "item",
                        "code": "game:leather-normal-*",
                        "name": "color",
						"stacksize": 9,
                        "allowedVariants": [
                            "blue",
                            "red",
                            "green",
                            "black",
                            "purple",
							"gray",
							"orange"
                        ]
                    }
                }
            },
            "P": {
                "type": "item",
                "code": "game:metalplate-steel",
				"quantity": 1
            },
            "N": {
                "type": "item",
                "code": "game:metalnailsandstrips-steel",
                "quantity": 8
            }
        },
        "width": 3,
        "height": 3,
        "name": "tailored brigandine body armor (steel)",
        "output": {
            "type": "item",
            "code": "tailoredbrigandine-body-steel-{color}"
        }
    },
	
	
	
	
	
    {
        "ingredientPattern": "PJP,PNP",
        "recipeGroup": 1,
        "ingredients": {
            "J": {
                "type": "item",
                "code": "tailoredbrigandine-legs-leather-*",
                "quantity": 1,
                "name": "color",
                "allowedVariants": [
                    "blue",
                    "red",
                    "green",
                    "black",
                    "purple",
					"gray",
					"orange"
                ],
                "recipeAttributes": {
                    "repairMat": {
                        "type": "item",
                        "code": "game:leather-normal-*",
                        "name": "color",
						"stacksize": 6,
                        "allowedVariants": [
                            "blue",
                            "red",
                            "green",
                            "black",
                            "purple",
							"gray",
							"orange"
                        ]
                    }
                }
            },
            "P": {
                "type": "item",
                "code": "game:metalplate-copper",
                "quantity": 1
            },
            "N": {
                "type": "item",
                "code": "game:metalnailsandstrips-copper",
                "quantity": 4
            }
        },
        "width": 3,
        "height": 2,
        "name": "tailored brigandine leg armor (copper)",
        "output": {
            "type": "item",
            "code": "tailoredbrigandine-legs-copper-{color}"
        }
    },
    {
        "ingredientPattern": "PJP,PNP",
        "recipeGroup": 1,
        "ingredients": {
            "J": {
                "type": "item",
                "code": "tailoredbrigandine-legs-leather-*",
                "quantity": 1,
                "name": "color",
                "allowedVariants": [
                    "blue",
                    "red",
                    "green",
                    "black",
                    "purple",
					"gray",
					"orange"
                ],
                "recipeAttributes": {
                    "repairMat": {
                        "type": "item",
                        "code": "game:leather-normal-*",
                        "name": "color",
						"stacksize": 6,
                        "allowedVariants": [
                            "blue",
                            "red",
                            "green",
                            "black",
                            "purple",
							"gray",
							"orange"
                        ]
                    }
                }
            },
            "P": {
                "type": "item",
                "code": "game:metalplate-tinbronze",
                "quantity": 1
            },
            "N": {
                "type": "item",
                "code": "game:metalnailsandstrips-tinbronze",
                "quantity": 4
            }
        },
        "width": 3,
        "height": 2,
        "name": "tailored brigandine leg armor (tinbronze)",
        "output": {
            "type": "item",
            "code": "tailoredbrigandine-legs-tinbronze-{color}"
        }
    },	
    {
        "ingredientPattern": "PJP,PNP",
        "recipeGroup": 1,
        "ingredients": {
            "J": {
                "type": "item",
                "code": "tailoredbrigandine-legs-leather-*",
                "quantity": 1,
                "name": "color",
                "allowedVariants": [
                    "blue",
                    "red",
                    "green",
                    "black",
                    "purple",
					"gray",
					"orange"
                ],
                "recipeAttributes": {
                    "repairMat": {
                        "type": "item",
                        "code": "game:leather-normal-*",
                        "name": "color",
						"stacksize": 6,
                        "allowedVariants": [
                            "blue",
                            "red",
                            "green",
                            "black",
                            "purple",
							"gray",
							"orange"
                        ]
                    }
                }
            },
            "P": {
                "type": "item",
                "code": "game:metalplate-blackbronze",
                "quantity": 1
            },
            "N": {
                "type": "item",
                "code": "game:metalnailsandstrips-blackbronze",
                "quantity": 4
            }
        },
        "width": 3,
        "height": 2,
        "name": "tailored brigandine leg armor (blackbronze)",
        "output": {
            "type": "item",
            "code": "tailoredbrigandine-legs-blackbronze-{color}"
        }
    },
	    {
        "ingredientPattern": "PJP,PNP",
        "recipeGroup": 1,
        "ingredients": {
            "J": {
                "type": "item",
                "code": "tailoredbrigandine-legs-leather-*",
                "quantity": 1,
                "name": "color",
                "allowedVariants": [
                    "blue",
                    "red",
                    "green",
                    "black",
                    "purple",
					"gray",
					"orange"
                ],
                "recipeAttributes": {
                    "repairMat": {
                        "type": "item",
                        "code": "game:leather-normal-*",
                        "name": "color",
						"stacksize": 6,
                        "allowedVariants": [
                            "blue",
                            "red",
                            "green",
                            "black",
                            "purple",
							"gray",
							"orange"
                        ]
                    }
                }
            },
            "P": {
                "type": "item",
                "code": "game:metalplate-bismuthbronze",
                "quantity": 1
            },
            "N": {
                "type": "item",
                "code": "game:metalnailsandstrips-bismuthbronze",
                "quantity": 4
            }
        },
        "width": 3,
        "height": 2,
        "name": "tailored brigandine leg armor (bismuthbronze)",
        "output": {
            "type": "item",
            "code": "tailoredbrigandine-legs-bismuthbronze-{color}"
        }
    },
    {
        "ingredientPattern": "PJP,PNP",
        "recipeGroup": 1,
        "ingredients": {
            "J": {
                "type": "item",
                "code": "tailoredbrigandine-legs-leather-*",
                "quantity": 1,
                "name": "color",
                "allowedVariants": [
                    "blue",
                    "red",
                    "green",
                    "black",
                    "purple",
					"gray",
					"orange"
                ],
                "recipeAttributes": {
                    "repairMat": {
                        "type": "item",
                        "code": "game:leather-normal-*",
                        "name": "color",
						"stacksize": 6,
                        "allowedVariants": [
                            "blue",
                            "red",
                            "green",
                            "black",
                            "purple",
							"gray",
							"orange"
                        ]
                    }
                }
            },
            "P": {
                "type": "item",
                "code": "game:metalplate-iron",
                "quantity": 1
            },
            "N": {
                "type": "item",
                "code": "game:metalnailsandstrips-iron",
                "quantity": 4
            }
        },
        "width": 3,
        "height": 2,
        "name": "tailored brigandine leg armor (iron)",
        "output": {
            "type": "item",
            "code": "tailoredbrigandine-legs-iron-{color}"
        }
    },
    {
        "ingredientPattern": "PJP,PNP",
        "recipeGroup": 1,
        "ingredients": {
            "J": {
                "type": "item",
                "code": "tailoredbrigandine-legs-leather-*",
                "quantity": 1,
                "name": "color",
                "allowedVariants": [
                    "blue",
                    "red",
                    "green",
                    "black",
                    "purple",
					"gray",
					"orange"
                ],
                "recipeAttributes": {
                    "repairMat": {
                        "type": "item",
                        "code": "game:leather-normal-*",
                        "name": "color",
						"stacksize": 6,
                        "allowedVariants": [
                            "blue",
                            "red",
                            "green",
                            "black",
                            "purple",
							"gray",
							"orange"
                        ]
                    }
                }
            },
            "P": {
                "type": "item",
                "code": "game:metalplate-meteoriciron",
                "quantity": 1
            },
            "N": {
                "type": "item",
                "code": "game:metalnailsandstrips-meteoriciron",
                "quantity": 4
            }
        },
        "width": 3,
        "height": 2,
        "name": "tailored brigandine leg armor (meteoriciron)",
        "output": {
            "type": "item",
            "code": "tailoredbrigandine-legs-meteoriciron-{color}"
        }
    },
	{
        "ingredientPattern": "PJP,PNP",
        "recipeGroup": 1,
        "ingredients": {
            "J": {
                "type": "item",
                "code": "tailoredbrigandine-legs-leather-*",
                "quantity": 1,
                "name": "color",
                "allowedVariants": [
                    "blue",
                    "red",
                    "green",
                    "black",
                    "purple",
					"gray",
					"orange"
                ],
                "recipeAttributes": {
                    "repairMat": {
                        "type": "item",
                        "code": "game:leather-normal-*",
                        "name": "color",
						"stacksize": 6,
                        "allowedVariants": [
                            "blue",
                            "red",
                            "green",
                            "black",
                            "purple",
							"gray",
							"orange"
                        ]
                    }
                }
            },
            "P": {
                "type": "item",
                "code": "game:metalplate-steel",
                "quantity": 1
            },
            "N": {
                "type": "item",
                "code": "game:metalnailsandstrips-steel",
                "quantity": 4
            }
        },
        "width": 3,
        "height": 2,
        "name": "tailored brigandine leg armor (steel)",
        "output": {
            "type": "item",
            "code": "tailoredbrigandine-legs-steel-{color}"
        }
    },
]