[
    {
        "ingredientPattern": "Q_Q,LLL,LLL",
        "recipeGroup": 1,
        "ingredients": {
            "L": {
                "type": "item",
                "code": "game:leather-normal-*",
                "quantity": 2,
                "name": "color",
                "allowedVariants": [
                    "blue",
                    "red",
                    "green",
                    "black",
                    "purple",
                    "gray",
                    "orange"
                ]
            },
            "Q": {
                "type": "item",
                "code": "game:leather-normal-*",
                "quantity": 1,
                "name": "color",
                "allowedVariants": [
                    "blue",
                    "red",
                    "green",
                    "black",
                    "purple",
                    "gray",
                    "orange"
                ]
            }
        },
        "width": 3,
        "height": 3,
        "name": "tailored leather body jerkin",
        "output": {
            "type": "item",
            "code": "tailoredbrigandine-body-leather-{color}"
        }
    },
    {
        "ingredientPattern": "QLQ,Q_Q,Q_Q",
        "recipeGroup": 1,
        "ingredients": {
            "L": {
                "type": "item",
                "code": "game:leather-normal-*",
                "quantity": 2,
                "name": "color",
                "allowedVariants": [
                    "blue",
                    "red",
                    "green",
                    "black",
                    "purple"
                ]
            },
            "Q": {
                "type": "item",
                "code": "game:leather-normal-*",
                "quantity": 1,
                "name": "color",
                "allowedVariants": [
                    "blue",
                    "red",
                    "green",
                    "black",
                    "purple"
                ]
            }
        },
        "width": 3,
        "height": 3,
        "name": "tailored leather legs jerkin",
        "output": {
            "type": "item",
            "code": "tailoredbrigandine-legs-leather-{color}"
        }
    }
]