[
    {
        "ingredientPattern": "KF",
        "ingredients": {
            "F": {
                "type": "item",
                "code": "soaplyeandbloom:flower-*-fresh",
                "name": "flower",
                "allowedVariants": [
                    "chamomile",
                    "lavender",
                    "mint"
                ],
                "quantity": 2
            },
            "K": {
                "type": "item",
                "code": "game:shears-*",
                "isTool": true
            }
        },
        "width": 2,
        "height": 1,
        "output": {
            "type": "item",
            "code": "alchemy:cuttings-{flower}-raw"
        }
    },
    {
        "ingredientPattern": "KF",
        "ingredients": {
            "F": {
                "type": "item",
                "code": "soaplyeandbloom:flower-*-fresh",
                "name": "flower",
                "allowedVariants": [
                    "hibiscus",
                    "calendula"
                ],
                "quantity": 2
            },
            "K": {
                "type": "item",
                "code": "game:shears-*",
                "isTool": true
            }
        },
        "width": 2,
        "height": 1,
        "output": {
            "type": "item",
            "code": "soaplyeandbloom:cuttings-{flower}-raw"
        }
    },
    {
        "ingredientPattern": "KF",
        "ingredients": {
            "F": {
                "type": "item",
                "code": "soaplyeandbloom:flower-*-dried",
                "name": "flower",
                "allowedVariants": [
                    "chamomile",
                    "lavender",
                    "mint"
                ],
                "quantity": 2
            },
            "K": {
                "type": "item",
                "code": "game:shears-*",
                "isTool": true
            }
        },
        "width": 2,
        "height": 1,
        "output": {
            "type": "item",
            "code": "alchemy:cuttings-{flower}-dried"
        }
    },
    {
        "ingredientPattern": "KF",
        "ingredients": {
            "F": {
                "type": "item",
                "code": "soaplyeandbloom:flower-*-dried",
                "name": "flower",
                "allowedVariants": [
                    "hibiscus",
                    "calendula"
                ],
                "quantity": 2
            },
            "K": {
                "type": "item",
                "code": "game:shears-*",
                "isTool": true
            }
        },
        "width": 2,
        "height": 1,
        "output": {
            "type": "item",
            "code": "soaplyeandbloom:cuttings-{flower}-dried"
        }
    }
]