[
    {
        "recipeGroup": 1,
        "ingredientPattern": "H,F,T",
        "ingredients": {
            "H": {
                "type": "item",
                "code": "game:*meat-*"
            },
            "F": {
                "type": "item",
                "code": "soaplyeandbloom:flower-hibiscus-fresh"
            },
            "T": {
                "type": "item",
                "code": "alchemy:mortarpestle-*",
                "isTool": true
            }
        },
        "shapeless": true,
        "width": 1,
        "height": 3,
        "output": {
            "type": "item",
            "code": "alchemy:potionbase-predator-weak"
        }
    },
    {
        "recipeGroup": 1,
        "ingredientPattern": "H,F,T",
        "ingredients": {
            "H": {
                "type": "item",
                "code": "game:*meat-*"
            },
            "F": {
                "type": "item",
                "code": "soaplyeandbloom:cuttings-hibiscus-cooked"
            },
            "T": {
                "type": "item",
                "code": "alchemy:mortarpestle-*",
                "isTool": true
            }
        },
        "shapeless": true,
        "width": 1,
        "height": 3,
        "output": {
            "type": "item",
            "code": "alchemy:potionbase-predator-strong"
        }
    }
]