[
    {
        "recipeGroup": 1,
        "ingredientPattern": "H,F,T",
        "ingredients": {
            "H": {
                "type": "item",
                "code": "soaplyeandbloom:flower-calendula-fresh"
            },
            "F": {
                "type": "item",
                "code": "soaplyeandbloom:flower-chamomile-fresh"
            },
            "T": {
                "type": "item",
                "code": "alchemy:mortarpestle-*",
                "isTool": true
            }
        },
        "shapeless": true,
        "width": 1,
        "height": 3,
        "output": {
            "type": "item",
            "code": "alchemy:potionbase-healingeffect-weak"
        }
    },
    {
        "recipeGroup": 1,
        "ingredientPattern": "H,F,T",
        "ingredients": {
            "H": {
                "type": "item",
                "code": "soaplyeandbloom:cuttings-calendula-cooked"
            },
            "F": {
                "type": "item",
                "code": "alchemy:cuttings-chamomile-cooked"
            },
            "T": {
                "type": "item",
                "code": "alchemy:mortarpestle-*",
                "isTool": true
            }
        },
        "shapeless": true,
        "width": 1,
        "height": 3,
        "output": {
            "type": "item",
            "code": "alchemy:potionbase-healingeffect-strong"
        }
    }
]