{
    "code": "waypoint",
    "entityClass": "VillagerWaypoint",
    "shape": {
        "base": "waypoint"
    },
	"behaviors": [
		{
			"name": "Multiblock",
			"properties": {
				"sizex": 1,
				"sizey": 3,
				"sizez": 1,
				"cposition": {
					"x": 0,
					"y": 0,
					"z": 0
				}
			}
		}
	],
    "sidesolid": {
        "all": false
    },
    "sideopaque": {
        "all": false
    },
    "creativeinventory": {
        "general": [
            "*"
        ]
    },
    "blockmaterial": "Wood",
	"sounds": {
		"place": "game:block/planks",
		"hit": "game:block/planks",
		"break": "game:block/planks",
		"walk": "game:walk/wood"
	},
    "lightAbsorption": 1,
    "maxStackSize": 16,
    "collisionBoxes": [],
    "selectionBoxes": [
        {
            "x1": 0.25,
            "y1": 0,
            "z1": 0.25,
            "x2": 0.75,
            "y2": 1.0625,
            "z2": 0.75
        }
    ]
}