{
	"editor": {
		"allAngles": false,
		"entityTextureMode": false
	},
	"textureWidth": 16,
	"textureHeight": 16,
	"textureSizes": {
	},
	"textures": {
		"ceramic": "game:block/clay/ceramic",
		"soil": "game:block/clay/planter/soil"
	},
	"elements": [
		{
			"name": "body",
			"from": [ 8.0, 1.0, 8.0 ],
			"to": [ 8.0, 1.0, 8.0 ],
			"rotationOrigin": [ 8.0, 1.0, 8.0 ],
			"faces": {
			},
			"children": [
				{
					"name": "base",
					"from": [ -6.25, 0.0, -6.25 ],
					"to": [ 6.25, 0.5, 6.25 ],
					"faces": {
						"north": { "texture": "#ceramic", "uv": [ 0.0, 0.0, 12.5, 0.5 ] },
						"east": { "texture": "#ceramic", "uv": [ 0.0, 0.0, 12.5, 0.5 ] },
						"south": { "texture": "#ceramic", "uv": [ 0.0, 0.0, 12.5, 0.5 ] },
						"west": { "texture": "#ceramic", "uv": [ 0.0, 0.0, 12.5, 0.5 ] },
						"down": { "texture": "#ceramic", "uv": [ 0.0, 0.0, 12.5, 12.5 ] }
					}
				},
				{
					"name": "Cube2",
					"from": [ -6.25, 0.5, -6.25 ],
					"to": [ -5.25, 12.5, 6.25 ],
					"faces": {
						"north": { "texture": "#ceramic", "uv": [ 0.0, 0.0, 1.0, 12.0 ] },
						"south": { "texture": "#ceramic", "uv": [ 0.0, 0.0, 1.0, 16.0 ], "autoUv": false },
						"west": { "texture": "#ceramic", "uv": [ 0.0, 0.0, 16.0, 16.0 ], "autoUv": false },
						"up": { "texture": "#ceramic", "uv": [ 0.0, 0.0, 1.0, 12.0 ], "autoUv": false }
					}
				},
				{
					"name": "Cube3",
					"from": [ -5.25, 0.5, -6.25 ],
					"to": [ 5.25, 12.5, -5.25 ],
					"faces": {
						"north": { "texture": "#ceramic", "uv": [ 0.0, 0.0, 16.0, 16.0 ], "autoUv": false },
						"up": { "texture": "#ceramic", "uv": [ 0.0, 0.0, 10.5, 1.0 ], "autoUv": false }
					}
				},
				{
					"name": "Cube4",
					"from": [ 5.25, 0.5, -6.25 ],
					"to": [ 6.25, 12.5, 6.25 ],
					"faces": {
						"north": { "texture": "#ceramic", "uv": [ 0.0, 0.0, 1.0, 12.0 ] },
						"east": { "texture": "#ceramic", "uv": [ 0.0, 0.0, 16.0, 16.0 ], "autoUv": false },
						"south": { "texture": "#ceramic", "uv": [ 0.0, 0.0, 1.0, 16.0 ], "autoUv": false, "windMode": [-1,-1,-1,-1] },
						"up": { "texture": "#ceramic", "uv": [ 0.0, 0.0, 1.0, 12.5 ] }
					}
				},
				{
					"name": "Cube5",
					"from": [ -5.25, 0.5, 5.25 ],
					"to": [ 5.25, 12.5, 6.25 ],
					"faces": {
						"south": { "texture": "#ceramic", "uv": [ 0.0, 0.0, 16.0, 16.0 ], "autoUv": false, "windMode": [-1,-1,-1,-1] },
						"up": { "texture": "#ceramic", "uv": [ 0.0, 0.0, 10.5, 1.0 ] }
					}
				},
				{
					"name": "Cube6",
					"from": [ -5.25, 12.5, -5.25 ],
					"to": [ -4.5, 13.5, 5.25 ],
					"rotationOrigin": [ 0.0, 12.0, 0.0 ],
					"faces": {
						"north": { "texture": "#ceramic", "uv": [ 0.0, 0.0, 0.5, 1.0 ] },
						"east": { "texture": "#ceramic", "uv": [ 0.0, 0.0, 11.0, 1.0 ], "autoUv": false },
						"south": { "texture": "#ceramic", "uv": [ 0.0, 0.0, 0.5, 1.0 ] },
						"west": { "texture": "#ceramic", "uv": [ 0.0, 0.0, 11.0, 1.0 ], "autoUv": false },
						"up": { "texture": "#ceramic", "uv": [ 0.0, 0.0, 0.5, 10.5 ] }
					}
				},
				{
					"name": "base2",
					"from": [ -5.5, -1.0, -5.5 ],
					"to": [ 5.5, 0.0, 5.5 ],
					"rotationOrigin": [ 0.0, -1.0, 0.0 ],
					"faces": {
						"north": { "texture": "#ceramic", "uv": [ 0.0, 0.0, 11.0, 1.0 ] },
						"east": { "texture": "#ceramic", "uv": [ 0.0, 0.0, 11.0, 1.0 ] },
						"south": { "texture": "#ceramic", "uv": [ 0.0, 0.0, 11.0, 1.0 ] },
						"west": { "texture": "#ceramic", "uv": [ 0.0, 0.0, 11.0, 1.0 ] },
						"down": { "texture": "#ceramic", "uv": [ 0.0, 0.0, 16.0, 16.0 ], "autoUv": false }
					}
				},
				{
					"name": "Cube7",
					"from": [ -4.5, 12.0, -4.5 ],
					"to": [ -3.75, 12.5, 4.5 ],
					"rotationOrigin": [ 1.0, 12.0, 1.0 ],
					"faces": {
						"east": { "texture": "#ceramic", "uv": [ 0.0, 0.0, 14.0, 1.0 ], "autoUv": false },
						"up": { "texture": "#ceramic", "uv": [ 0.0, 0.0, 1.0, 12.0 ], "autoUv": false }
					}
				},
				{
					"name": "Cube8",
					"from": [ 4.5, 12.5, -5.25 ],
					"to": [ 5.25, 13.5, 5.25 ],
					"rotationOrigin": [ 10.0, 12.0, 0.0 ],
					"faces": {
						"north": { "texture": "#ceramic", "uv": [ 0.0, 0.0, 0.5, 1.0 ] },
						"east": { "texture": "#ceramic", "uv": [ 0.0, 0.0, 10.5, 1.0 ] },
						"south": { "texture": "#ceramic", "uv": [ 0.0, 0.0, 0.5, 1.0 ] },
						"west": { "texture": "#ceramic", "uv": [ 0.0, 0.0, 10.5, 1.0 ] },
						"up": { "texture": "#ceramic", "uv": [ 0.0, 0.0, 0.5, 10.5 ] }
					}
				},
				{
					"name": "Cube9",
					"from": [ -4.5, 12.5, -5.25 ],
					"to": [ 4.5, 13.5, -4.5 ],
					"rotationOrigin": [ 0.0, 12.0, 1.0 ],
					"faces": {
						"north": { "texture": "#ceramic", "uv": [ 0.0, 0.0, 9.0, 1.0 ] },
						"south": { "texture": "#ceramic", "uv": [ 1.5, 1.5, 10.5, 2.5 ] },
						"up": { "texture": "#ceramic", "uv": [ 0.0, 0.0, 9.0, 0.5 ] }
					}
				},
				{
					"name": "Cube10",
					"from": [ -4.5, 12.5, 4.5 ],
					"to": [ 4.5, 13.5, 5.25 ],
					"rotationOrigin": [ 0.0, 12.0, 11.0 ],
					"faces": {
						"north": { "texture": "#ceramic", "uv": [ 0.0, 0.0, 9.0, 1.0 ] },
						"south": { "texture": "#ceramic", "uv": [ 1.5, 1.5, 10.5, 2.5 ] },
						"up": { "texture": "#ceramic", "uv": [ 0.0, 0.0, 9.0, 0.5 ] }
					}
				},
				{
					"name": "Cube11",
					"from": [ 3.75, 12.0, -4.5 ],
					"to": [ 4.5, 12.5, 4.5 ],
					"rotationOrigin": [ 9.0, 12.0, 1.0 ],
					"faces": {
						"west": { "texture": "#ceramic", "uv": [ 0.0, 0.0, 9.0, 0.5 ], "windMode": [-1,-1,-1,-1] },
						"up": { "texture": "#ceramic", "uv": [ 0.0, 0.0, 0.5, 9.0 ] }
					}
				},
				{
					"name": "Cube12",
					"from": [ -3.75, 12.0, -4.5 ],
					"to": [ 3.75, 12.5, -3.75 ],
					"rotationOrigin": [ 1.0, 12.0, 1.0 ],
					"faces": {
						"south": { "texture": "#ceramic", "uv": [ 0.0, 0.0, 7.5, 0.5 ], "windMode": [-1,-1,-1,-1] },
						"up": { "texture": "#ceramic", "uv": [ 0.0, 0.0, 7.5, 0.5 ] }
					}
				},
				{
					"name": "Cube13",
					"from": [ -3.75, 12.0, 3.75 ],
					"to": [ 3.75, 12.5, 4.5 ],
					"rotationOrigin": [ 1.0, 12.0, 9.0 ],
					"faces": {
						"north": { "texture": "#ceramic", "uv": [ 0.0, 0.0, 7.5, 0.5 ], "windMode": [-1,-1,-1,-1] },
						"up": { "texture": "#ceramic", "uv": [ 0.0, 0.0, 7.5, 0.5 ] }
					}
				},
				{
					"name": "soil",
					"from": [ -6.25, 12.0, -6.25 ],
					"to": [ 6.25, 12.0, 6.25 ],
					"rotationOrigin": [ 0.0, 12.0, 0.0 ],
					"faces": {
						"up": { "texture": "#soil", "uv": [ 0.0, 0.0, 16.0, 16.0 ], "autoUv": false }
					}
				}
			]
		}
	]}
