{
	"code": "clothes",
	"class": "ItemWearable",
	"variantgroups": [
		{ "code": "category", "states": ["head"] },
	{ "code": "head", "states": ["coonskincap"] }
	],
	"shapeByType": {
		"*": { "base": "item/coonskincap" }
	},
	"storageFlags": 128,
	"attributes": {
		"clothescategory": "head",
		"wearableAttachment": true
	},
	"attributesByType": {
		"*": { disableElements: ["ponytailhigh", "hair-uncovered", "sidehigh", "sidelow", "bangs"], keepElements: ["hair-covered"], warmth: 1.5 }
	},
	"texturesByType": {
		"*": {
			"seraph": { "base": "game:block/transparent" },
			"head": { "base": "item/coonskincap" }
		}
	},
	"creativeinventory": {
		"americanfrontiersmanwesternwear": ["*"]
	},
	"renderAlphaTest": 0.25,
	"fpHandTransform": {
		"translation": { "x": -0.25, "y": -0.1, "z": 0.5 },
		"rotation": { "x": 180, "y": 159, "z": 150 },
		"scale": 2
	},
	"tpHandTransform": {
		"translation": { "x": 0, "y": 0, "z": 0 },
		"rotation": { "x": 0, "y": 180, "z": 70 },
		"origin": {"x": 1.4, "y": 0, "z": -1.5},
		"scale": 0.75
	},
	"guiTransform": {
		"translation": { "x": 0, "y": 0, "z": 100 },
		"rotation": { "x": -21, "y": -46, "z": 180 },
		"origin": {"x": -0.05, "y": 2.1, "z": 1 },
		"scaleXyz": { x: -2.5, y: 2.5, z: 2.5 }
	}
}