[
{
    "side": "Server",
    "file": "combatoverhaul:patches/entities/drifter",
    "op": "remove",
    "path": "/0/value/elementsByType/*",
    "dependsOn": [
      {
        "modid": "combatoverhaul"
      }
    ]
},
{
  "side": "Server",
  "file": "combatoverhaul:patches/entities/drifter",
  "op": "remove",
  "path": "/0/value/elementsByType/*-double-headed",
  "dependsOn": [
    {
      "modid": "combatoverhaul"
    }
  ]
},
{
  "side": "Server",
  "file": "combatoverhaul:patches/entities/drifter",
  "op": "remove",
  "path": "/1/value/elementsByType/*",
  "dependsOn": [
    {
      "modid": "combatoverhaul"
    }
  ]
},
{
"side": "Server",
"file": "combatoverhaul:patches/entities/drifter",
"op": "remove",
"path": "/1/value/elementsByType/*-double-headed",
    "dependsOn": [
      {
        "modid": "combatoverhaul"
      }
    ]
},
  {
    "side": "Server",
    "file": "combatoverhaul:patches/entities/drifter",
    "op": "add",
    "path": "/0/value/elementsByType",
    "value": {
        "*-normal": {
          "Torso": ["Body", "Abdomen"],
          "Head": ["Kupris", "Neck", "Head"],
          "Arm": ["L shoulder", "L upper arm", "L lower arm", "R shoulder", "R upper arm", "R lower arm"],
          "Leg": ["L thigh", "L feet", "R thigh", "R feet"],
          "Critical": [],
          "Resistant": []
        },
        "*-deep": {
          "Torso": ["Body", "Abdomen"],
          "Head": ["Kupris", "Neck", "Head"],
          "Arm": ["L shoulder", "L upper arm", "L lower arm", "R shoulder", "R upper arm", "R lower arm"],
          "Leg": ["L thigh", "L feet", "R thigh", "R feet"],
          "Critical": [],
          "Resistant": ["Spine1", "Spine2", "Spine3"]
        },
"*-tainted": {
  "Torso": ["Body", "Abdomen"],
  "Head": ["Kupris", "Neck", "Head"],
  "Arm": ["L shoulder", "L upper arm", "L lower arm", "R shoulder", "R upper arm", "R lower arm"],
  "Leg": ["L thigh", "L feet", "R thigh", "R feet"],
  "Critical": [],
  "Resistant": []
      },
        "*-corrupt": {
        "Torso": ["Body", "Abdomen"],
        "Head": ["Kupris", "Neck", "Head"],
        "Arm": ["L shoulder", "L upper arm", "L lower arm", "R shoulder", "R upper arm", "R lower arm"],
        "Leg": ["L thigh", "L feet", "R thigh", "R feet"],
        "Critical": [],
        "Resistant": []
        },
        "*-nightmare": {
          "Torso": ["Body", "Abdomen"],
          "Head": ["Kupris", "Neck", "Head"],
          "Arm": ["L shoulder", "L upper arm", "R shoulder", "R upper arm", "R lower arm"],
          "Leg": ["L thigh", "L feet", "R thigh", "R feet"],
          "Critical": [],
          "Resistant": ["L lower arm", "metal", "teeth 1", "teeth 2", "teeth 3","teeth 4", "teeth 5", "teeth 6", "teeth 37", "teeth 38", "metal3"]
        },
        "*-double-headed": {
          "Torso": ["Body", "Abdomen"],
          "Head": ["Kupris", "Neck 1", "Neck 2", "Head 1", "Head 2", "Extra neck", "Extra head"],
          "Arm": ["L shoulder", "L upper arm", "R shoulder", "R upper arm", "R lower arm", "L lower arm"],
          "Leg": ["L thigh", "L feet", "R thigh", "R feet"],
          "Critical": [],
          "Resistant": ["metal35", "metal36"]
        }
      },
      "dependsOn": [
        {
          "modid": "combatoverhaul"
        }
      ]
    },
  {
    "side": "Server",
    "file": "combatoverhaul:patches/entities/drifter",
    "op": "add",
    "path": "/1/value/elementsByType",
    "value": {
      "*-normal": {
        "Torso": ["Body", "Abdomen"],
        "Head": ["Kupris", "Neck", "Head"],
        "Arm": ["L shoulder", "L upper arm", "L lower arm", "R shoulder", "R upper arm", "R lower arm"],
        "Leg": ["L thigh", "L feet", "R thigh", "R feet"],
        "Critical": [],
        "Resistant": []
      },
      "*-deep": {
        "Torso": ["Body", "Abdomen"],
        "Head": ["Kupris", "Neck", "Head"],
        "Arm": ["L shoulder", "L upper arm", "L lower arm", "R shoulder", "R upper arm", "R lower arm"],
        "Leg": ["L thigh", "L feet", "R thigh", "R feet"],
        "Critical": [],
        "Resistant": ["Spine1", "Spine2", "Spine3"]
      },
     "*-tainted": {
        "Torso": ["Body", "Abdomen"],
        "Head": ["Kupris", "Neck", "Head"],
        "Arm": ["L shoulder", "L upper arm", "L lower arm", "R shoulder", "R upper arm", "R lower arm"],
        "Leg": ["L thigh", "L feet", "R thigh", "R feet"],
        "Critical": [],
        "Resistant": []
      },
      "*-corrupt": {
      "Torso": ["Body", "Abdomen"],
      "Head": ["Kupris", "Neck", "Head"],
      "Arm": ["L shoulder", "L upper arm", "L lower arm", "R shoulder", "R upper arm", "R lower arm"],
      "Leg": ["L thigh", "L feet", "R thigh", "R feet"],
      "Critical": [],
      "Resistant": []
      },
      "*-nightmare": {
        "Torso": ["Body", "Abdomen"],
        "Head": ["Kupris", "Neck", "Head"],
        "Arm": ["L shoulder", "L upper arm", "R shoulder", "R upper arm", "R lower arm"],
        "Leg": ["L thigh", "L feet", "R thigh", "R feet"],
        "Critical": [],
        "Resistant": ["L lower arm", "metal", "teeth 1", "teeth 2", "teeth 3","teeth 4", "teeth 5", "teeth 6", "teeth 37", "teeth 38", "metal3"]
      },
      "*-double-headed": {
        "Torso": ["Body", "Abdomen"],
        "Head": ["Kupris", "Neck 1", "Neck 2", "Head 1", "Head 2", "Extra neck", "Extra head"],
        "Arm": ["L shoulder", "L upper arm", "R shoulder", "R upper arm", "R lower arm", "L lower arm"],
        "Leg": ["L thigh", "L feet", "R thigh", "R feet"],
        "Critical": [],
        "Resistant": ["metal35", "metal36"]
        }
          },
    "dependsOn": [
      {
        "modid": "combatoverhaul"
      }
    ]
  }
  ]