{
	"editor": {
		"allAngles": false,
		"entityTextureMode": false
	},
	"textureWidth": 16,
	"textureHeight": 16,
	"textureSizes": {},
	"textures": {
		"oak": "game:block/wood/oak",
		"plainoak": "game:block/wood/plainoak"
	},
	"elements": [
		{
			"name": "Center",
			"from": [
				6.5,
				0.0,
				6.5
			],
			"to": [
				9.5,
				16.0,
				9.5
			],
			"faces": {
				"north": {
					"texture": "#oak",
					"uv": [
						0.0,
						0.0,
						3.0,
						16.0
					]
				},
				"east": {
					"texture": "#oak",
					"uv": [
						3.0,
						0.0,
						6.0,
						16.0
					]
				},
				"south": {
					"texture": "#oak",
					"uv": [
						6.0,
						0.0,
						9.0,
						16.0
					]
				},
				"west": {
					"texture": "#oak",
					"uv": [
						9.0,
						0.0,
						12.0,
						16.0
					]
				},
				"up": {
					"texture": "#oak",
					"uv": [
						5.0,
						0.0,
						8.0,
						3.0
					]
				},
				"down": {
					"texture": "#oak",
					"uv": [
						6.5,
						0.0,
						9.5,
						3.0
					]
				}
			}
		},
		{
			"name": "Center2",
			"from": [
				6.5,
				16.0,
				6.5
			],
			"to": [
				9.5,
				32.0,
				9.5
			],
			"rotationOrigin": [
				0.0,
				16.0,
				0.0
			],
			"faces": {
				"north": {
					"texture": "#oak",
					"uv": [
						0.0,
						0.0,
						3.0,
						16.0
					]
				},
				"east": {
					"texture": "#oak",
					"uv": [
						3.0,
						0.0,
						6.0,
						16.0
					]
				},
				"south": {
					"texture": "#oak",
					"uv": [
						6.0,
						0.0,
						9.0,
						16.0
					]
				},
				"west": {
					"texture": "#oak",
					"uv": [
						9.0,
						0.0,
						12.0,
						16.0
					]
				},
				"up": {
					"texture": "#oak",
					"uv": [
						5.0,
						0.0,
						8.0,
						3.0
					]
				},
				"down": {
					"texture": "#oak",
					"uv": [
						6.5,
						0.0,
						9.5,
						3.0
					]
				}
			}
		},
		{
			"name": "Center3",
			"from": [
				6.5,
				32.0,
				6.5
			],
			"to": [
				9.5,
				48.0,
				9.5
			],
			"rotationOrigin": [
				0.0,
				32.0,
				0.0
			],
			"faces": {
				"north": {
					"texture": "#oak",
					"uv": [
						0.0,
						0.0,
						3.0,
						16.0
					]
				},
				"east": {
					"texture": "#oak",
					"uv": [
						3.0,
						0.0,
						6.0,
						16.0
					]
				},
				"south": {
					"texture": "#oak",
					"uv": [
						6.0,
						0.0,
						9.0,
						16.0
					]
				},
				"west": {
					"texture": "#oak",
					"uv": [
						9.0,
						0.0,
						12.0,
						16.0
					]
				},
				"up": {
					"texture": "#oak",
					"uv": [
						5.0,
						0.0,
						8.0,
						3.0
					]
				},
				"down": {
					"texture": "#oak",
					"uv": [
						6.5,
						0.0,
						9.5,
						3.0
					]
				}
			},
			"children": [
				{
					"name": "Sign1",
					"from": [
						1.0,
						13.0,
						1.0
					],
					"to": [
						2.0,
						15.0,
						17.0
					],
					"rotationOrigin": [
						1.5,
						13.0,
						1.5
					],
					"faces": {
						"north": {
							"texture": "#plainoak",
							"uv": [
								0.0,
								0.0,
								1.0,
								2.0
							]
						},
						"east": {
							"texture": "#plainoak",
							"uv": [
								0.0,
								0.0,
								16.0,
								2.0
							]
						},
						"south": {
							"texture": "#plainoak",
							"uv": [
								0.0,
								0.0,
								1.0,
								2.0
							]
						},
						"west": {
							"texture": "#plainoak",
							"uv": [
								0.0,
								0.0,
								16.0,
								2.0
							]
						},
						"up": {
							"texture": "#plainoak",
							"uv": [
								0.0,
								0.0,
								1.0,
								16.0
							]
						},
						"down": {
							"texture": "#plainoak",
							"uv": [
								0.0,
								0.0,
								1.0,
								16.0
							]
						}
					}
				},
				{
					"name": "Sign2",
					"from": [
						1.0,
						13.0,
						1.0
					],
					"to": [
						2.0,
						15.0,
						17.0
					],
					"rotationOrigin": [
						1.5,
						13.0,
						1.5
					],
					"rotationY": 67.5,
					"faces": {
						"north": {
							"texture": "#plainoak",
							"uv": [
								0.0,
								0.0,
								1.0,
								2.0
							]
						},
						"east": {
							"texture": "#plainoak",
							"uv": [
								0.0,
								0.0,
								16.0,
								2.0
							]
						},
						"south": {
							"texture": "#plainoak",
							"uv": [
								0.0,
								0.0,
								1.0,
								2.0
							]
						},
						"west": {
							"texture": "#plainoak",
							"uv": [
								0.0,
								0.0,
								16.0,
								2.0
							]
						},
						"up": {
							"texture": "#plainoak",
							"uv": [
								0.0,
								0.0,
								1.0,
								16.0
							]
						},
						"down": {
							"texture": "#plainoak",
							"uv": [
								0.0,
								0.0,
								1.0,
								16.0
							]
						}
					}
				},
				{
					"name": "Sign3",
					"from": [
						1.0,
						13.0,
						1.0
					],
					"to": [
						2.0,
						15.0,
						17.0
					],
					"rotationOrigin": [
						1.5,
						13.0,
						1.5
					],
					"rotationY": 135.0,
					"faces": {
						"north": {
							"texture": "#plainoak",
							"uv": [
								0.0,
								0.0,
								1.0,
								2.0
							]
						},
						"east": {
							"texture": "#plainoak",
							"uv": [
								0.0,
								0.0,
								16.0,
								2.0
							]
						},
						"south": {
							"texture": "#plainoak",
							"uv": [
								0.0,
								0.0,
								1.0,
								2.0
							]
						},
						"west": {
							"texture": "#plainoak",
							"uv": [
								0.0,
								0.0,
								16.0,
								2.0
							]
						},
						"up": {
							"texture": "#plainoak",
							"uv": [
								0.0,
								0.0,
								1.0,
								16.0
							]
						},
						"down": {
							"texture": "#plainoak",
							"uv": [
								0.0,
								0.0,
								1.0,
								16.0
							]
						}
					}
				},
				{
					"name": "Sign4",
					"from": [
						1.0,
						13.0,
						1.0
					],
					"to": [
						2.0,
						15.0,
						17.0
					],
					"rotationOrigin": [
						1.5,
						13.0,
						1.5
					],
					"rotationY": -90.0,
					"faces": {
						"north": {
							"texture": "#plainoak",
							"uv": [
								0.0,
								0.0,
								1.0,
								2.0
							]
						},
						"east": {
							"texture": "#plainoak",
							"uv": [
								0.0,
								0.0,
								16.0,
								2.0
							]
						},
						"south": {
							"texture": "#plainoak",
							"uv": [
								0.0,
								0.0,
								1.0,
								2.0
							]
						},
						"west": {
							"texture": "#plainoak",
							"uv": [
								0.0,
								0.0,
								16.0,
								2.0
							]
						},
						"up": {
							"texture": "#plainoak",
							"uv": [
								0.0,
								0.0,
								1.0,
								16.0
							]
						},
						"down": {
							"texture": "#plainoak",
							"uv": [
								0.0,
								0.0,
								1.0,
								16.0
							]
						}
					}
				},
				{
					"name": "Sign5",
					"from": [
						1.0,
						13.0,
						1.0
					],
					"to": [
						2.0,
						15.0,
						17.0
					],
					"rotationOrigin": [
						1.5,
						13.0,
						1.5
					],
					"rotationY": -135.0,
					"faces": {
						"north": {
							"texture": "#plainoak",
							"uv": [
								0.0,
								0.0,
								1.0,
								2.0
							]
						},
						"east": {
							"texture": "#plainoak",
							"uv": [
								0.0,
								0.0,
								16.0,
								2.0
							]
						},
						"south": {
							"texture": "#plainoak",
							"uv": [
								0.0,
								0.0,
								1.0,
								2.0
							]
						},
						"west": {
							"texture": "#plainoak",
							"uv": [
								0.0,
								0.0,
								16.0,
								2.0
							]
						},
						"up": {
							"texture": "#plainoak",
							"uv": [
								0.0,
								0.0,
								1.0,
								16.0
							]
						},
						"down": {
							"texture": "#plainoak",
							"uv": [
								0.0,
								0.0,
								1.0,
								16.0
							]
						}
					}
				},
				{
					"name": "Sign6",
					"from": [
						1.0,
						13.0,
						1.0
					],
					"to": [
						2.0,
						15.0,
						17.0
					],
					"rotationOrigin": [
						1.5,
						13.0,
						1.5
					],
					"rotationY": -180.0,
					"faces": {
						"north": {
							"texture": "#plainoak",
							"uv": [
								0.0,
								0.0,
								1.0,
								2.0
							]
						},
						"east": {
							"texture": "#plainoak",
							"uv": [
								0.0,
								0.0,
								16.0,
								2.0
							]
						},
						"south": {
							"texture": "#plainoak",
							"uv": [
								0.0,
								0.0,
								1.0,
								2.0
							]
						},
						"west": {
							"texture": "#plainoak",
							"uv": [
								0.0,
								0.0,
								16.0,
								2.0
							]
						},
						"up": {
							"texture": "#plainoak",
							"uv": [
								0.0,
								0.0,
								1.0,
								16.0
							]
						},
						"down": {
							"texture": "#plainoak",
							"uv": [
								0.0,
								0.0,
								1.0,
								16.0
							]
						}
					}
				}
			]
		}
	]
}