[
    {
        "ingredientPattern": "KF",
        "ingredients": {
            "K": { "type": "item", "code": "game:knife-*", "isTool": true, "toolDurabilityCost": 1 },
            "F": { "type": "item", "code": "flower-*-fresh", "name": "flower", "allowedVariants": [ "chamomile", "hibiscus", "lavender", "calendula" ] }
        },
        "shapeless": true,
        "width": 2,
        "height": 1,
        "output": { "type": "item", "code": "herb-{flower}-fresh", "quantity": 1
        }
    },
    {
        "ingredientPattern": "KF",
        "ingredients": {
            "K": { "type": "item", "code": "game:knife-*", "isTool": true, "toolDurabilityCost": 1 },
            "F": { "type": "item", "code": "flower-mint-fresh", "quantity": 2 }
        },
        "shapeless": true,
        "width": 2,
        "height": 1,
        "output": { "type": "item", "code": "herb-mint-fresh", "quantity": 1
        }
    },
    {
        "ingredientPattern": "KF",
        "ingredients": {
            "K": { "type": "item", "code": "game:knife-*", "isTool": true, "toolDurabilityCost": 1 },
            "F": { "type": "item", "code": "flower-*-dried", "name": "flower", "allowedVariants": [ "chamomile", "hibiscus", "lavender", "calendula" ] }
        },
        "shapeless": true,
        "width": 2,
        "height": 1,
        "output": { "type": "item", "code": "herb-{flower}-dried", "quantity": 1
        }
    },
    {
        "ingredientPattern": "KF",
        "ingredients": {
            "K": { "type": "item", "code": "game:knife-*", "isTool": true, "toolDurabilityCost": 1 },
            "F": { "type": "item", "code": "flower-mint-dried", "quantity": 2 }
        },
        "shapeless": true,
        "width": 2,
        "height": 1,
        "output": { "type": "item", "code": "herb-mint-dried", "quantity": 1
        }
    },
    {
        "ingredientPattern": "_F_,FFF,_F_",
        "ingredients": {
            "F": { "type": "item", "code": "flower-*-fresh", "name": "flower", "allowedVariants": [ "chamomile", "hibiscus", "lavender", "calendula" ] }
        },
        "shapeless": true,
        "width": 3,
        "height": 3,
        "output": { "type": "block", "code": "flower-{flower}-free", "quantity": 1
        }
    },
    {
        "ingredientPattern": "KF",
        "ingredients": {
            "K": { "type": "item", "code": "game:knife-*", "isTool": true, "toolDurabilityCost": 1 },
            "F": { "type": "item", "code": "flower-mint-fresh", "quantity": 2 }
        },
        "shapeless": true,
        "width": 2,
        "height": 1,
        "output": { "type": "item", "code": "herb-mint-fresh", "quantity": 1
        }
    }
]