{
	"code": "lyeportion",
	"class": "ItemLiquidPortion",
	"matterState": "liquid",
	"attributes": {
		"handbook": {
			"ignoreCreativeInvStacks": true,
			"exclude": false
		},
		"waterTightContainerProps": {
			"containable": true,
			"itemsPerLitre": 100,
			"texture": { "base": "game:block/liquid/limewater", "alpha": 150 },
			"allowSpill": true,
			"whenSpilled": { 
				"action": "DropContents",
				"stack": { "type": "item", "code": "soaplyeandbloom:lyeportion" } 
			}
		}
	},
	"shape": { "base": "game:item/liquid" },
	"texture": { "base": "game:block/liquid/limewater", "aplha": 150 },
	"creativeinventoryStacks": [ { "tabs": ["liquids", "soaplyeandbloom"], "stacks": [ { "type": "block", "code": "game:woodbucket", "attributes": { "ucontents": [ { "type":"item", "code": "soaplyeandbloom:lyeportion", "makefull": true } ] } } ] } ],
	"maxstacksize": 5000,
	"materialDensity": 200,
	"guiTransform": {
		"translation": { "x": 0, "y": 1, "z": 0 },
		"rotation": { "x": 123, "y": -33, "z": -13 },
		"origin": { "x": 0.5, "y": 0, "z": 0.5 },
		"scale": 1.4
	},
	"fpHandTransform": {
		"translation": { "x": 0, "y": 0, "z": 0 },
		"rotation": { "x": 25, "y": 157, "z": -5 }
	},
	"tpHandTransform": {
		"translation": { "x": -1.5, "y": -1, "z": -1.4 }
	}
}