{
	"editor": {
		"collapsedPaths": "Root/door_frame/frame,Root/frame,Root/frame/InnerPannel,Root/door_frame/InnerPannel,Root/aceesories,Root/frame/frame",
		"allAngles": false,
		"entityTextureMode": false
	},
	"textureWidth": 32,
	"textureHeight": 64,
	"textureSizes": {
	},
	"textures": {
	},
	"elements": [
		{
			"name": "stem",
			"from": [ 0.0, 0.0, 0.0 ],
			"to": [ 1.0, 1.0, 1.0 ],
			"faces": {
			},
			"children": [
				{
					"name": "Cube1a2",
					"from": [ -5.0, 0.0, 7.998 ],
					"to": [ 27.0, 64.0, 8.0 ],
					"shade": false,
					"climateColorMap": "climatePlantTint",
					"seasonColorMap": "seasonalGrass",
					"renderPass": 2,
					"rotationOrigin": [ -8.0, 0.0, -8.0 ],
					"faces": {
						"north": { "texture": "#10", "uv": [ 0.0, 0.0, 32.0, 64.0 ], "windMode": [0,5,5,0], "windData": [0,4,4,0] }
					}
				},
				{
					"name": "Cube2a2",
					"from": [ 16.0, 0.0, -6.0 ],
					"to": [ 16.002, 64.0, 26.0 ],
					"shade": false,
					"climateColorMap": "climatePlantTint",
					"seasonColorMap": "seasonalGrass",
					"renderPass": 2,
					"rotationOrigin": [ 16.0, 0.0, -6.0 ],
					"rotationY": -22.5,
					"faces": {
						"east": { "texture": "#20", "uv": [ 0.0, 0.0, 32.0, 64.0 ], "windMode": [0,5,5,0], "windData": [0,4,4,0] }
					}
				},
				{
					"name": "Cube3a2",
					"from": [ -1.0, 0.0, -3.0 ],
					"to": [ -0.998, 64.0, 29.0 ],
					"shade": false,
					"climateColorMap": "climatePlantTint",
					"seasonColorMap": "seasonalGrass",
					"renderPass": 2,
					"rotationOrigin": [ -1.0, 0.0, -3.0 ],
					"rotationY": 45.0,
					"faces": {
						"east": { "texture": "#30", "uv": [ 0.0, 0.0, 32.0, 64.0 ], "windMode": [0,5,5,0], "windData": [0,4,4,0] }
					}
				}
			]
		}
	]}