{
    "code": "flower",
    "maxstacksize": 64,
    "storageFlags": 32,
    "variantgroups": [
        {
            "code": "flower",
            "states": [ "chamomile", "hibiscus", "lavender", "calendula", "mint" ]
        },
        {
            "code": "state",
            "states": [ "fresh", "dried" ]
        }
    ],
    "shapeByType": {
        "*-fresh": { "base": "item/plant/flower/fresh-{flower}" },
        "*-dried": { "base": "item/plant/flower/dried-{flower}" }
    },
    "texture": {
        "base": "block/plant/crop/{flower}"
    },
    "creativeinventory": {
        "general": [ "*" ],
        "items": [ "*" ],
        "soaplyeandbloom": [ "*" ]
    },
    "transitionablePropsByType": {
        "*-fresh": [
            {
                "type": "Dry",
                "freshHours": { "avg": 2 },
                "transitionHours": { "avg": 168 },
                "transitionedStack": {
                    "type": "item",
                    "code": "flower-{flower}-dried"
                },
                "transitionRatio": 1
            }
        ],
        "*-dried": [
            {
                "type": "Perish",
                "freshHours": { "avg": 2 },
                "transitionHours": { "avg": 24 },
                "transitionedStack": {
                    "type": "item",
                    "code": "game:rot"
                },
                "transitionRatio": 0.5
            }
        ]
    },
    "heldTpIdleAnimation": "holdbothhands",
	"heldRightReadyAnimation": "holdbothhands",
    "materialDensity": 600,
    "guiTransformByType": {
        "*-chamomile-*": {
            "translation": { "x": 0, "y": 0, "z": 0 },
            "rotation": { "x": 165, "y": -88, "z": 0 },
            "origin": { "x": 0.5, "y": 0.66, "z": 0.5 },
            "scale": 3.85,
            "rotate": true
        },
        "*-hibiscus-*": {
            "translation": { "x": 0, "y": 0, "z": 0 },
            "rotation": { "x": 180, "y": -10, "z": 0 },
            "origin": { "x": 0.5, "y": 0.4, "z": 0.5 },
            "scale": 3.05,
            "rotate": true
        },
        "*-lavender-*": {
            "translation": { "x": 0, "y": 0, "z": 0 },
            "rotation": { "x": 165, "y": 113, "z": 0 },
            "origin": { "x": 0.5, "y": 0.45, "z": 0.5 },
            "scale": 4.57,
            "rotate": true
        },
        "*-calendula-*": {
            "translation": { "x": 0, "y": 0, "z": 0 },
            "rotation": { "x": 129, "y": -166, "z": 17 },
            "origin": { "x": 0.5, "y": 0.6, "z": 0.5 },
            "scale": 3.05,
            "rotate": true
        },
        "*-mint-*": {
            "translation": { "x": 0, "y": 0, "z": 0 },
            "rotation": { "x": 165, "y": -88, "z": 0 },
            "origin": { "x": 0.5, "y": 0.6, "z": 0.5 },
            "scale": 3.85,
            "rotate": true
        }
    },
    "fpHandTransformByType": {
        "*-chamomile-*": {
            "translation": { "x": -0.15, "y": -0.6, "z": -0.27 },
            "rotation": { "x": -18, "y": -161, "z": 106 },
            "origin": { "x": 0, "y": 0, "z": -0.1 },
            "scale": 1
        },
        "*-hibiscus-*": {
            "translation": { "x": -0.6, "y": -0.19, "z": -0.44 },
            "rotation": { "x": -71, "y": -159, "z": 104 },
            "origin": { "x": 0.5, "y": 0.2, "z": 0.5 },
            "scale": 1
        },
        "*-lavender-*": {
            "translation": { "x": -0.15, "y": -0.6, "z": -0.27 },
            "rotation": { "x": -18, "y": -161, "z": 106 },
            "origin": { "x": 0, "y": 0, "z": -0.1 },
            "scale": 1
        },
        "*-calendula-*": {
            "translation": { "x": -0.4, "y": -0.2, "z": -0.5 },
            "rotation": { "x": -71, "y": -160, "z": 104 },
            "origin": { "x": 0.5, "y": 0.2, "z": 0.5 },
            "scale": 1
        },
        "*-mint-*": {
            "translation": { "x": -0.1, "y": -0.7, "z": -0.37 },
            "rotation": { "x": -18, "y": -161, "z": 95 },
            "origin": { "x": 0, "y": 0, "z": -0.1 },
            "scale": 1
        }
    },
    "tpHandTransformByType": {
        "*-chamomile-*": {
            "translation": { "x": 0.1, "y": -0.6, "z": -0.37 },
            "rotation": { "x": -18, "y": -161, "z": 106 },
            "origin": { "x": 0, "y": 0, "z": -0.1 },
            "scale": 1
        },
        "*-hibiscus-*": {
            "translation": { "x": -0.6, "y": -0.19, "z": -0.44 },
            "rotation": { "x": -71, "y": -159, "z": 104 },
            "origin": { "x": 0.5, "y": 0.2, "z": 0.5 },
            "scale": 1
        },
        "*-lavender-*": {
            "translation": { "x": 0.1, "y": -0.6, "z": -0.37 },
            "rotation": { "x": -18, "y": -161, "z": 106 },
            "origin": { "x": 0, "y": 0, "z": -0.1 },
            "scale": 1
        },
        "*-calendula-*": {
            "translation": { "x": -0.4, "y": -0.2, "z": -0.5 },
            "rotation": { "x": -71, "y": -160, "z": 104 },
            "origin": { "x": 0.5, "y": 0.2, "z": 0.5 },
            "scale": 1
        },
        "*-mint-*": {
            "translation": { "x": -0.1, "y": -0.59, "z": -0.28 },
            "rotation": { "x": -18, "y": -161, "z": 94 },
            "origin": { "x": 0.04, "y": 0, "z": -0.1 },
            "scale": 1
        }
    },
    "groundTransformByType": {
        "*-chamomile-*": {
            "translation": { "x": 0, "y": 0.02, "z": 0 },
            "rotation": { "x": 90, "y": 0, "z": -80 },
            "origin": { "x": 0.5, "y": 0.1, "z": 0.5 },
            "scale": 6
        },
        "*-hibiscus-*": {
            "translation": { "x": 0, "y": 0.03, "z": 0 },
            "rotation": { "x": 87, "y": 0, "z": 21 },
            "origin": { "x": 0.5, "y": 0.1, "z": 0.5 },
            "scale": 6
        },
        "*-lavender-*": {
            "translation": { "x": 0, "y": 0.03, "z": 0 },
            "rotation": { "x": 90, "y": 0, "z": -28 },
            "origin": { "x": 0.5, "y": 0.1, "z": 0.5 },
            "scale": 6
        },
        "*-calendula-*": {
            "translation": { "x": 0, "y": 0.05, "z": 0 },
            "rotation": { "x": 58, "y": 0, "z": -48 },
            "origin": { "x": 0.5, "y": 0.1, "z": 0.5 },
            "scale": 6
        },
        "*-mint-*": {
            "translation": { "x": 0, "y": 0.02, "z": 0 },
            "rotation": { "x": 90, "y": 0, "z": -80 },
            "origin": { "x": 0.5, "y": 0.1, "z": 0.5 },
            "scale": 6
        }
    }
}