[
	{
		"file": "game:shapes/block/wood/ladder-inventory.json",
		"op": "replace",
		"path": "/textureWidth",
		"value": 32
	},
	{
		"file": "game:shapes/block/wood/ladder-inventory.json",
		"op": "replace",
		"path": "/textureHeight",
		"value": 32
	},
	{
		"file": "game:shapes/block/wood/ladder-inventory.json",
		"op": "replace",
		"path": "/textures",
		"value": {
			"0": "game:block/wood/ladder"
		}
	},
	{
		"file": "game:shapes/block/wood/ladder-inventory.json",
		"op": "replace",
		"path": "/elements",
		"value": [
			{
				"name": "ladder",
				"from": [ 0.0, 0.0, 7.0 ],
				"to": [ 0.0, 0.0, 7.0 ],
				"rotationOrigin": [ 8.0, 7.75, 8.0 ],
				"rotationY": -90.0,
				"faces": {
					"north": {
						"texture": "#",
						"uv": [ 0.0, 0.0, 0.5, 0.5 ]
					},
					"east": {
						"texture": "#",
						"uv": [ 0.0, 0.0, 0.5, 0.5 ]
					},
					"south": {
						"texture": "#",
						"uv": [ 0.0, 0.0, 0.5, 0.5 ]
					},
					"west": {
						"texture": "#",
						"uv": [ 0.0, 0.0, 0.5, 0.5 ]
					},
					"up": {
						"texture": "#",
						"uv": [ 0.0, 0.0, 0.5, 0.5 ]
					},
					"down": {
						"texture": "#",
						"uv": [ 0.0, 0.0, 0.5, 0.5 ]
					}
				},
				"children": [
					{
						"name": "cube0",
						"from": [ 7.5, 0.0, -4.5 ],
						"to": [ 9.0, 16.0, -2.0 ],
						"rotationOrigin": [ 8.75, 8.0, -4.25 ],
						"faces": {
							"north": {
								"texture": "#0",
								"uv": [ 4.0, 12.0, 5.5, 28.0 ],
								"autoUv": false
							},
							"east": {
								"texture": "#0",
								"uv": [ 2.0, 0.0, 4.5, 16.0 ],
								"autoUv": false
							},
							"south": {
								"texture": "#0",
								"uv": [ 0.0, 0.0, 1.5, 16.0 ],
								"autoUv": false
							},
							"west": {
								"texture": "#0",
								"uv": [ 12.5, 10.5, 15.0, 26.5 ],
								"autoUv": false
							},
							"up": {
								"texture": "#0",
								"uv": [ 18.5, 13.5, 20.0, 16.0 ],
								"autoUv": false
							},
							"down": {
								"texture": "#0",
								"uv": [ 0.0, 0.0, 1.5, 2.5 ],
								"autoUv": false
							}
						}
					},
					{
						"name": "cube1",
						"from": [ 7.5, 0.0, 4.0 ],
						"to": [ 9.0, 16.0, 6.5 ],
						"rotationOrigin": [ 2.0, 0.0, 1.0 ],
						"faces": {
							"north": {
								"texture": "#0",
								"uv": [ 2.0, 16.0, 3.5, 32.0 ],
								"autoUv": false
							},
							"east": {
								"texture": "#0",
								"uv": [ 1.5, 0.0, 4.0, 16.0 ],
								"autoUv": false
							},
							"south": {
								"texture": "#0",
								"uv": [ 0.0, 0.0, 1.5, 16.0 ],
								"autoUv": false
							},
							"west": {
								"texture": "#0",
								"uv": [ 12.5, 0.0, 15.0, 16.0 ],
								"autoUv": false
							},
							"up": {
								"texture": "#0",
								"uv": [ 16.0, 13.5, 17.5, 16.0 ],
								"autoUv": false
							},
							"down": {
								"texture": "#0",
								"uv": [ 0.0, 0.0, 1.5, 2.5 ],
								"autoUv": false
							}
						}
					},
					{
						"name": "cube2",
						"from": [ 7.0, 10.5, -5.0 ],
						"to": [ 8.5, 12.5, 7.0 ],
						"rotationOrigin": [ 2.0, 0.0, 1.0 ],
						"faces": {
							"north": {
								"texture": "#0",
								"uv": [ 15.5, 0.0, 17.0, 2.0 ],
								"autoUv": false
							},
							"east": {
								"texture": "#0",
								"uv": [ 16.0, 16.0, 28.0, 18.0 ],
								"autoUv": false
							},
							"south": {
								"texture": "#0",
								"uv": [ 15.5, 0.0, 17.0, 2.0 ],
								"autoUv": false
							},
							"west": {
								"texture": "#0",
								"uv": [ 17.0, 2.0, 29.0, 4.0 ],
								"autoUv": false
							},
							"up": {
								"texture": "#0",
								"uv": [ 14.5, 17.0, 16.0, 29.0 ],
								"autoUv": false
							},
							"down": {
								"texture": "#0",
								"uv": [ 2.0, 6.0, 3.5, 18.0 ],
								"autoUv": false
							}
						}
					},
					{
						"name": "cube3",
						"from": [ 7.0, 2.5, -5.0 ],
						"to": [ 8.5, 4.5, 7.0 ],
						"rotationOrigin": [ 2.0, 0.0, 1.0 ],
						"faces": {
							"north": {
								"texture": "#0",
								"uv": [ 15.5, 0.0, 17.0, 2.0 ],
								"autoUv": false
							},
							"east": {
								"texture": "#0",
								"uv": [ 16.0, 18.0, 28.0, 20.0 ],
								"autoUv": false
							},
							"south": {
								"texture": "#0",
								"uv": [ 15.5, 0.0, 17.0, 2.0 ],
								"autoUv": false
							},
							"west": {
								"texture": "#0",
								"uv": [ 17.0, 6.5, 29.0, 8.5 ],
								"autoUv": false
							},
							"up": {
								"texture": "#0",
								"uv": [ 7.0, 9.0, 8.5, 21.0 ],
								"autoUv": false
							},
							"down": {
								"texture": "#0",
								"uv": [ 2.5, 8.0, 4.0, 20.0 ],
								"autoUv": false
							}
						}
					}
				]
			}
		]
	}
]	