﻿[
 {
   file: "expandedfoods:recipes/kneading/ancienttools/wildcraftherb/herbalbread.json",
    op: "replace", 
    path: "/0/enabled", 
    value: "true",
    side: "server",
    dependsOn: [{ "modid": "ancienttools" }, { "modid": "wildcraftherb" }]
 },
 {
   file: "expandedfoods:recipes/kneading/ancienttools/wildcraftherb/herbalbread.json",
    op: "replace", 
    path: "/1/enabled", 
    value: "true",
    side: "server",
    dependsOn: [{ "modid": "ancienttools" }, { "modid": "wildcraftherb" }]
 },
 {
   file: "expandedfoods:recipes/kneading/ancienttools/wildcraftherb/herbalbread.json",
    op: "replace", 
    path: "/2/enabled", 
    value: "true",
    side: "server",
    dependsOn: [{ "modid": "ancienttools" }, { "modid": "wildcraftherb" }]
 },
 {
   file: "expandedfoods:recipes/kneading/ancienttools/wildcraftherb/herbalbread.json",
    op: "replace", 
    path: "/3/enabled", 
    value: "true",
    side: "server",
    dependsOn: [{ "modid": "ancienttools" }, { "modid": "wildcraftherb" }]
 },
 {
   file: "expandedfoods:recipes/kneading/ancienttools/wildcraftherb/herbalbread.json",
    op: "replace", 
    path: "/4/enabled", 
    value: "true",
    side: "server",
    dependsOn: [{ "modid": "ancienttools" }, { "modid": "wildcraftherb" }]
 },
]