[
	{
		"file": "game:shapes/block/plant/fruittree/fruit-olive.json",
		"op": "replace",
		"path": "/textureWidth",
		"value": 32
	},
	{
		"file": "game:shapes/block/plant/fruittree/fruit-olive.json",
		"op": "replace",
		"path": "/textureHeight",
		"value": 32
	},
	{
		"file": "game:shapes/block/plant/fruittree/fruit-olive.json",
		"op": "replace",
		"path": "/textureSizes",
		"value": {
			"fruit": [ 32, 32 ]
		}
	},
	{
		"file": "game:shapes/block/plant/fruittree/fruit-olive.json",
		"op": "replace",
		"path": "/elements",
		"value": [

			{
				"name": "fruits-s",
				"from": [ -7.3, -5.0, 6.0 ],
				"to": [ -6.3, -4.0, 7.0 ],
				"renderPass": 2,
				"rotationOrigin": [ 9.7, -5.0, 6.0 ],
				"rotationY": 22.5,
				"faces": {
					"north": {
						"texture": "#fruiting",
						"uv": [ 0.0, 0.0, 1.0, 1.0 ],
						"enabled": false
					},
					"east": {
						"texture": "#fruiting",
						"uv": [ 0.0, 0.0, 1.0, 1.0 ],
						"enabled": false
					},
					"south": {
						"texture": "#fruiting",
						"uv": [ 0.0, 0.0, 1.0, 1.0 ],
						"enabled": false
					},
					"west": {
						"texture": "#fruiting",
						"uv": [ 0.0, 0.0, 1.0, 1.0 ],
						"enabled": false
					},
					"up": {
						"texture": "#fruiting",
						"uv": [ 0.0, 0.0, 1.0, 1.0 ],
						"enabled": false
					},
					"down": {
						"texture": "#fruiting",
						"uv": [ 0.0, 0.0, 1.0, 1.0 ],
						"enabled": false
					}
				},
				"children": [
					{
						"name": "fruit1",
						"from": [ 5.0, 2.0, 1.0 ],
						"to": [ 37.0, 34.0, 1.1 ],
						"shade": false,
						"renderPass": 2,
						"rotationOrigin": [ 21.0, 2.0, 1.0 ],
						"rotationZ": 22.5,
						"faces": {
							"north": {
								"texture": "#fruit",
								"uv": [ 0.0, 0.0, 32.0, 32.0 ],
								"autoUv": false,
								"windMode": [ 3, 3, 3, 3 ]
							},
							"east": {
								"texture": "#fruit",
								"uv": [ 0.0, 0.0, 0.5, 32.0 ],
								"enabled": false
							},
							"south": {
								"texture": "#fruit",
								"uv": [ 0.0, 0.0, 32.0, 32.0 ],
								"enabled": false
							},
							"west": {
								"texture": "#fruit",
								"uv": [ 0.0, 0.0, 0.5, 32.0 ],
								"enabled": false
							},
							"up": {
								"texture": "#fruit",
								"uv": [ 0.0, 0.0, 32.0, 0.5 ],
								"enabled": false
							},
							"down": {
								"texture": "#fruit",
								"uv": [ 0.0, 0.0, 32.0, 0.5 ],
								"enabled": false
							}
						}
					},
					{
						"name": "fruit2",
						"from": [ 15.0, 0.0, -15.0 ],
						"to": [ 15.1, 32.0, 17.0 ],
						"shade": false,
						"renderPass": 2,
						"rotationOrigin": [ 15.0, 0.0, -15.0 ],
						"faces": {
							"north": {
								"texture": "#fruit",
								"uv": [ 0.0, 0.0, 0.5, 32.0 ],
								"enabled": false
							},
							"east": {
								"texture": "#fruit",
								"uv": [ 0.0, 0.0, 32.0, 32.0 ],
								"enabled": false
							},
							"south": {
								"texture": "#fruit",
								"uv": [ 0.0, 0.0, 0.5, 32.0 ],
								"enabled": false
							},
							"west": {
								"texture": "#fruit",
								"uv": [ 0.0, 0.0, 32.0, 32.0 ],
								"windMode": [ 3, 3, 3, 3 ]
							},
							"up": {
								"texture": "#fruit",
								"uv": [ 0.0, 0.0, 0.5, 32.0 ],
								"enabled": false
							},
							"down": {
								"texture": "#fruit",
								"uv": [ 0.0, 0.0, 0.5, 32.0 ],
								"enabled": false
							}
						}
					},
					{
						"name": "Cube1",
						"from": [ 11.0, 5.0, -7.0 ],
						"to": [ 23.5, 21.0, 5.5 ],
						"shade": false,
						"renderPass": 2,
						"rotationOrigin": [ 11.0, 5.0, -7.0 ],
						"rotationY": -22.5,
						"faces": {
							"north": {
								"texture": "#fruit",
								"uv": [ 19.0, 15.0, 31.5, 31.0 ],
								"windMode": [ 3, 3, 3, 3 ]
							},
							"east": {
								"texture": "#fruit",
								"uv": [ 0.0, 0.0, 12.5, 16.0 ],
								"windMode": [ 3, 3, 3, 3 ]
							},
							"south": {
								"texture": "#fruit",
								"uv": [ 3.0, 15.0, 15.5, 31.0 ],
								"windMode": [ 3, 3, 3, 3 ]
							},
							"west": {
								"texture": "#fruit",
								"uv": [ 0.0, 0.0, 12.5, 16.0 ],
								"windMode": [ 3, 3, 3, 3 ]
							},
							"up": {
								"texture": "#fruit",
								"uv": [ 14.0, 2.0, 26.5, 14.5 ],
								"enabled": false,
								"windMode": [ 3, 3, 3, 3 ]
							},
							"down": {
								"texture": "#fruit",
								"uv": [ 15.5, 2.5, 28.0, 15.0 ],
								"windMode": [ 3, 3, 3, 3 ]
							}
						}
					}
				]
			},
			{
				"name": "fruits-w",
				"from": [ -7.3, -5.0, 6.0 ],
				"to": [ -6.3, -4.0, 7.0 ],
				"renderPass": 2,
				"rotationOrigin": [ 9.7, -5.0, 6.0 ],
				"rotationY": 22.5,
				"faces": {
					"north": {
						"texture": "#fruiting",
						"uv": [ 0.0, 0.0, 1.0, 1.0 ],
						"enabled": false
					},
					"east": {
						"texture": "#fruiting",
						"uv": [ 0.0, 0.0, 1.0, 1.0 ],
						"enabled": false
					},
					"south": {
						"texture": "#fruiting",
						"uv": [ 0.0, 0.0, 1.0, 1.0 ],
						"enabled": false
					},
					"west": {
						"texture": "#fruiting",
						"uv": [ 0.0, 0.0, 1.0, 1.0 ],
						"enabled": false
					},
					"up": {
						"texture": "#fruiting",
						"uv": [ 0.0, 0.0, 1.0, 1.0 ],
						"enabled": false
					},
					"down": {
						"texture": "#fruiting",
						"uv": [ 0.0, 0.0, 1.0, 1.0 ],
						"enabled": false
					}
				},
				"children": [
					{
						"name": "fruit6",
						"from": [ 5.0, 2.0, 1.0 ],
						"to": [ 37.0, 34.0, 1.1 ],
						"shade": false,
						"renderPass": 2,
						"rotationOrigin": [ 21.0, 2.0, 1.0 ],
						"rotationZ": 22.5,
						"faces": {
							"north": {
								"texture": "#fruit",
								"uv": [ 0.0, 0.0, 32.0, 32.0 ],
								"autoUv": false,
								"windMode": [ 3, 3, 3, 3 ]
							},
							"east": {
								"texture": "#fruit",
								"uv": [ 0.0, 0.0, 0.5, 32.0 ],
								"enabled": false
							},
							"south": {
								"texture": "#fruit",
								"uv": [ 0.0, 0.0, 32.0, 32.0 ],
								"enabled": false
							},
							"west": {
								"texture": "#fruit",
								"uv": [ 0.0, 0.0, 0.5, 32.0 ],
								"enabled": false
							},
							"up": {
								"texture": "#fruit",
								"uv": [ 0.0, 0.0, 32.0, 0.5 ],
								"enabled": false
							},
							"down": {
								"texture": "#fruit",
								"uv": [ 0.0, 0.0, 32.0, 0.5 ],
								"enabled": false
							}
						}
					},
					{
						"name": "fruit7",
						"from": [ 15.0, 0.0, -15.0 ],
						"to": [ 15.1, 32.0, 17.0 ],
						"shade": false,
						"renderPass": 2,
						"rotationOrigin": [ 15.0, 0.0, -15.0 ],
						"faces": {
							"north": {
								"texture": "#fruit",
								"uv": [ 0.0, 0.0, 0.5, 32.0 ],
								"enabled": false
							},
							"east": {
								"texture": "#fruit",
								"uv": [ 0.0, 0.0, 32.0, 32.0 ],
								"enabled": false
							},
							"south": {
								"texture": "#fruit",
								"uv": [ 0.0, 0.0, 0.5, 32.0 ],
								"enabled": false
							},
							"west": {
								"texture": "#fruit",
								"uv": [ 0.0, 0.0, 32.0, 32.0 ],
								"windMode": [ 3, 3, 3, 3 ]
							},
							"up": {
								"texture": "#fruit",
								"uv": [ 0.0, 0.0, 0.5, 32.0 ],
								"enabled": false
							},
							"down": {
								"texture": "#fruit",
								"uv": [ 0.0, 0.0, 0.5, 32.0 ],
								"enabled": false
							}
						}
					},
					{
						"name": "Cube8",
						"from": [ 11.0, 5.0, -7.0 ],
						"to": [ 23.5, 21.0, 5.5 ],
						"shade": false,
						"renderPass": 2,
						"rotationOrigin": [ 11.0, 5.0, -7.0 ],
						"rotationY": -22.5,
						"faces": {
							"north": {
								"texture": "#fruit",
								"uv": [ 19.0, 15.0, 31.5, 31.0 ],
								"windMode": [ 3, 3, 3, 3 ]
							},
							"east": {
								"texture": "#fruit",
								"uv": [ 0.0, 0.0, 12.5, 16.0 ],
								"windMode": [ 3, 3, 3, 3 ]
							},
							"south": {
								"texture": "#fruit",
								"uv": [ 3.0, 15.0, 15.5, 31.0 ],
								"windMode": [ 3, 3, 3, 3 ]
							},
							"west": {
								"texture": "#fruit",
								"uv": [ 0.0, 0.0, 12.5, 16.0 ],
								"windMode": [ 3, 3, 3, 3 ]
							},
							"up": {
								"texture": "#fruit",
								"uv": [ 14.0, 2.0, 26.5, 14.5 ],
								"enabled": false,
								"windMode": [ 3, 3, 3, 3 ]
							},
							"down": {
								"texture": "#fruit",
								"uv": [ 15.5, 2.5, 28.0, 15.0 ],
								"windMode": [ 3, 3, 3, 3 ]
							}
						}
					}
				]
			},
			{
				"name": "fruits-n",
				"from": [ -7.3, -5.0, 6.0 ],
				"to": [ -6.3, -4.0, 7.0 ],
				"renderPass": 2,
				"rotationOrigin": [ 9.7, -5.0, 6.0 ],
				"rotationY": 22.5,
				"faces": {
					"north": {
						"texture": "#fruiting",
						"uv": [ 0.0, 0.0, 1.0, 1.0 ],
						"enabled": false
					},
					"east": {
						"texture": "#fruiting",
						"uv": [ 0.0, 0.0, 1.0, 1.0 ],
						"enabled": false
					},
					"south": {
						"texture": "#fruiting",
						"uv": [ 0.0, 0.0, 1.0, 1.0 ],
						"enabled": false
					},
					"west": {
						"texture": "#fruiting",
						"uv": [ 0.0, 0.0, 1.0, 1.0 ],
						"enabled": false
					},
					"up": {
						"texture": "#fruiting",
						"uv": [ 0.0, 0.0, 1.0, 1.0 ],
						"enabled": false
					},
					"down": {
						"texture": "#fruiting",
						"uv": [ 0.0, 0.0, 1.0, 1.0 ],
						"enabled": false
					}
				},
				"children": [
					{
						"name": "fruit10",
						"from": [ 5.0, 2.0, 1.0 ],
						"to": [ 37.0, 34.0, 1.1 ],
						"shade": false,
						"renderPass": 2,
						"rotationOrigin": [ 21.0, 2.0, 1.0 ],
						"rotationZ": 22.5,
						"faces": {
							"north": {
								"texture": "#fruit",
								"uv": [ 0.0, 0.0, 32.0, 32.0 ],
								"autoUv": false,
								"windMode": [ 3, 3, 3, 3 ]
							},
							"east": {
								"texture": "#fruit",
								"uv": [ 0.0, 0.0, 0.5, 32.0 ],
								"enabled": false
							},
							"south": {
								"texture": "#fruit",
								"uv": [ 0.0, 0.0, 32.0, 32.0 ],
								"enabled": false
							},
							"west": {
								"texture": "#fruit",
								"uv": [ 0.0, 0.0, 0.5, 32.0 ],
								"enabled": false
							},
							"up": {
								"texture": "#fruit",
								"uv": [ 0.0, 0.0, 32.0, 0.5 ],
								"enabled": false
							},
							"down": {
								"texture": "#fruit",
								"uv": [ 0.0, 0.0, 32.0, 0.5 ],
								"enabled": false
							}
						}
					},
					{
						"name": "fruit11",
						"from": [ 15.0, 0.0, -15.0 ],
						"to": [ 15.1, 32.0, 17.0 ],
						"shade": false,
						"renderPass": 2,
						"rotationOrigin": [ 15.0, 0.0, -15.0 ],
						"faces": {
							"north": {
								"texture": "#fruit",
								"uv": [ 0.0, 0.0, 0.5, 32.0 ],
								"enabled": false
							},
							"east": {
								"texture": "#fruit",
								"uv": [ 0.0, 0.0, 32.0, 32.0 ],
								"enabled": false
							},
							"south": {
								"texture": "#fruit",
								"uv": [ 0.0, 0.0, 0.5, 32.0 ],
								"enabled": false
							},
							"west": {
								"texture": "#fruit",
								"uv": [ 0.0, 0.0, 32.0, 32.0 ],
								"windMode": [ 3, 3, 3, 3 ]
							},
							"up": {
								"texture": "#fruit",
								"uv": [ 0.0, 0.0, 0.5, 32.0 ],
								"enabled": false
							},
							"down": {
								"texture": "#fruit",
								"uv": [ 0.0, 0.0, 0.5, 32.0 ],
								"enabled": false
							}
						}
					},
					{
						"name": "Cube12",
						"from": [ 11.0, 5.0, -7.0 ],
						"to": [ 23.5, 21.0, 5.5 ],
						"shade": false,
						"renderPass": 2,
						"rotationOrigin": [ 11.0, 5.0, -7.0 ],
						"rotationY": -22.5,
						"faces": {
							"north": {
								"texture": "#fruit",
								"uv": [ 19.0, 15.0, 31.5, 31.0 ],
								"windMode": [ 3, 3, 3, 3 ]
							},
							"east": {
								"texture": "#fruit",
								"uv": [ 0.0, 0.0, 12.5, 16.0 ],
								"windMode": [ 3, 3, 3, 3 ]
							},
							"south": {
								"texture": "#fruit",
								"uv": [ 3.0, 15.0, 15.5, 31.0 ],
								"windMode": [ 3, 3, 3, 3 ]
							},
							"west": {
								"texture": "#fruit",
								"uv": [ 0.0, 0.0, 12.5, 16.0 ],
								"windMode": [ 3, 3, 3, 3 ]
							},
							"up": {
								"texture": "#fruit",
								"uv": [ 14.0, 2.0, 26.5, 14.5 ],
								"enabled": false,
								"windMode": [ 3, 3, 3, 3 ]
							},
							"down": {
								"texture": "#fruit",
								"uv": [ 15.5, 2.5, 28.0, 15.0 ],
								"windMode": [ 3, 3, 3, 3 ]
							}
						}
					}
				]
			},
			{
				"name": "fruits-e",
				"from": [ -7.3, -5.0, 6.0 ],
				"to": [ -6.3, -4.0, 7.0 ],
				"renderPass": 2,
				"rotationOrigin": [ 9.7, -5.0, 6.0 ],
				"rotationY": 22.5,
				"faces": {
					"north": {
						"texture": "#fruiting",
						"uv": [ 0.0, 0.0, 1.0, 1.0 ],
						"enabled": false
					},
					"east": {
						"texture": "#fruiting",
						"uv": [ 0.0, 0.0, 1.0, 1.0 ],
						"enabled": false
					},
					"south": {
						"texture": "#fruiting",
						"uv": [ 0.0, 0.0, 1.0, 1.0 ],
						"enabled": false
					},
					"west": {
						"texture": "#fruiting",
						"uv": [ 0.0, 0.0, 1.0, 1.0 ],
						"enabled": false
					},
					"up": {
						"texture": "#fruiting",
						"uv": [ 0.0, 0.0, 1.0, 1.0 ],
						"enabled": false
					},
					"down": {
						"texture": "#fruiting",
						"uv": [ 0.0, 0.0, 1.0, 1.0 ],
						"enabled": false
					}
				},
				"children": [
					{
						"name": "fruit14",
						"from": [ 5.0, 2.0, 1.0 ],
						"to": [ 37.0, 34.0, 1.1 ],
						"shade": false,
						"renderPass": 2,
						"rotationOrigin": [ 21.0, 2.0, 1.0 ],
						"rotationZ": 22.5,
						"faces": {
							"north": {
								"texture": "#fruit",
								"uv": [ 0.0, 0.0, 32.0, 32.0 ],
								"autoUv": false,
								"windMode": [ 3, 3, 3, 3 ]
							},
							"east": {
								"texture": "#fruit",
								"uv": [ 0.0, 0.0, 0.5, 32.0 ],
								"enabled": false
							},
							"south": {
								"texture": "#fruit",
								"uv": [ 0.0, 0.0, 32.0, 32.0 ],
								"enabled": false
							},
							"west": {
								"texture": "#fruit",
								"uv": [ 0.0, 0.0, 0.5, 32.0 ],
								"enabled": false
							},
							"up": {
								"texture": "#fruit",
								"uv": [ 0.0, 0.0, 32.0, 0.5 ],
								"enabled": false
							},
							"down": {
								"texture": "#fruit",
								"uv": [ 0.0, 0.0, 32.0, 0.5 ],
								"enabled": false
							}
						}
					},
					{
						"name": "fruit15",
						"from": [ 15.0, 0.0, -15.0 ],
						"to": [ 15.1, 32.0, 17.0 ],
						"shade": false,
						"renderPass": 2,
						"rotationOrigin": [ 15.0, 0.0, -15.0 ],
						"faces": {
							"north": {
								"texture": "#fruit",
								"uv": [ 0.0, 0.0, 0.5, 32.0 ],
								"enabled": false
							},
							"east": {
								"texture": "#fruit",
								"uv": [ 0.0, 0.0, 32.0, 32.0 ],
								"enabled": false
							},
							"south": {
								"texture": "#fruit",
								"uv": [ 0.0, 0.0, 0.5, 32.0 ],
								"enabled": false
							},
							"west": {
								"texture": "#fruit",
								"uv": [ 0.0, 0.0, 32.0, 32.0 ],
								"windMode": [ 3, 3, 3, 3 ]
							},
							"up": {
								"texture": "#fruit",
								"uv": [ 0.0, 0.0, 0.5, 32.0 ],
								"enabled": false
							},
							"down": {
								"texture": "#fruit",
								"uv": [ 0.0, 0.0, 0.5, 32.0 ],
								"enabled": false
							}
						}
					},
					{
						"name": "Cube16",
						"from": [ 11.0, 5.0, -7.0 ],
						"to": [ 23.5, 21.0, 5.5 ],
						"shade": false,
						"renderPass": 2,
						"rotationOrigin": [ 11.0, 5.0, -7.0 ],
						"rotationY": -22.5,
						"faces": {
							"north": {
								"texture": "#fruit",
								"uv": [ 19.0, 15.0, 31.5, 31.0 ],
								"windMode": [ 3, 3, 3, 3 ]
							},
							"east": {
								"texture": "#fruit",
								"uv": [ 0.0, 0.0, 12.5, 16.0 ],
								"windMode": [ 3, 3, 3, 3 ]
							},
							"south": {
								"texture": "#fruit",
								"uv": [ 3.0, 15.0, 15.5, 31.0 ],
								"windMode": [ 3, 3, 3, 3 ]
							},
							"west": {
								"texture": "#fruit",
								"uv": [ 0.0, 0.0, 12.5, 16.0 ],
								"windMode": [ 3, 3, 3, 3 ]
							},
							"up": {
								"texture": "#fruit",
								"uv": [ 14.0, 2.0, 26.5, 14.5 ],
								"enabled": false,
								"windMode": [ 3, 3, 3, 3 ]
							},
							"down": {
								"texture": "#fruit",
								"uv": [ 15.5, 2.5, 28.0, 15.0 ],
								"windMode": [ 3, 3, 3, 3 ]
							}
						}
					}
				]
			}
		]
	}
]