[
	{
		"file": "game:shapes/block/plant/fruittree/fruit-orange.json",
		"op": "replace",
		"path": "/textureWidth",
		"value": 32
	},
	{
		"file": "game:shapes/block/plant/fruittree/fruit-orange.json",
		"op": "replace",
		"path": "/textureHeight",
		"value": 32
	},
	{
		"file": "game:shapes/block/plant/fruittree/fruit-orange.json",
		"op": "replace",
		"path": "/textureSizes",
		"value": {
			"fruit": [ 32, 32 ],
			"largeleavesfruit": [ 32, 32 ]
		}
	},
	{
		"file": "game:shapes/block/plant/fruittree/fruit-orange.json",
		"op": "replace",
		"path": "/elements",
		"value": [

			{
				"name": "fruits-s",
				"from": [ -6.0, -5.0, 7.0 ],
				"to": [ -5.0, -4.0, 8.0 ],
				"rotationOrigin": [ 11.0, -5.0, 7.0 ],
				"rotationY": 22.5,
				"faces": {
					"north": {
						"texture": "#fruiting",
						"uv": [ 0.0, 0.0, 1.0, 1.0 ],
						"enabled": false
					},
					"east": {
						"texture": "#fruiting",
						"uv": [ 0.0, 0.0, 1.0, 1.0 ],
						"enabled": false
					},
					"south": {
						"texture": "#fruiting",
						"uv": [ 0.0, 0.0, 1.0, 1.0 ],
						"enabled": false
					},
					"west": {
						"texture": "#fruiting",
						"uv": [ 0.0, 0.0, 1.0, 1.0 ],
						"enabled": false
					},
					"up": {
						"texture": "#fruiting",
						"uv": [ 0.0, 0.0, 1.0, 1.0 ],
						"enabled": false
					},
					"down": {
						"texture": "#fruiting",
						"uv": [ 0.0, 0.0, 1.0, 1.0 ],
						"enabled": false
					}
				},
				"children": [
					{
						"name": "fruit1",
						"from": [ -2.0, -5.0, -4.0 ],
						"to": [ 30.0, 27.0, -4.0 ],
						"shade": false,
						"renderPass": 1,
						"rotationOrigin": [ 14.0, -5.0, -4.0 ],
						"faces": {
							"north": {
								"texture": "#fruit",
								"uv": [ 0.0, 0.0, 32.0, 32.0 ],
								"autoUv": false,
								"windMode": [ 3, 3, 3, 3 ]
							},
							"east": {
								"texture": "#ripe",
								"uv": [ 0.0, 0.0, 0.5, 32.0 ],
								"enabled": false
							},
							"south": {
								"texture": "#ripe",
								"uv": [ 0.0, 0.0, 32.0, 32.0 ],
								"enabled": false
							},
							"west": {
								"texture": "#ripe",
								"uv": [ 0.0, 0.0, 0.5, 32.0 ],
								"enabled": false
							},
							"up": {
								"texture": "#ripe",
								"uv": [ 0.0, 0.0, 32.0, 0.5 ],
								"enabled": false
							},
							"down": {
								"texture": "#ripe",
								"uv": [ 0.0, 0.0, 32.0, 0.5 ],
								"enabled": false
							}
						}
					},
					{
						"name": "fruit2",
						"from": [ 17.0, -7.0, -14.0 ],
						"to": [ 17.0, 25.0, 18.0 ],
						"shade": false,
						"renderPass": 1,
						"rotationOrigin": [ 17.0, -7.0, 1.0 ],
						"rotationY": 180.0,
						"faces": {
							"north": {
								"texture": "#ripe2",
								"uv": [ 0.0, 0.0, 0.5, 32.0 ],
								"enabled": false
							},
							"east": {
								"texture": "#ripe2",
								"uv": [ 0.0, 0.0, 32.0, 32.0 ],
								"enabled": false
							},
							"south": {
								"texture": "#ripe2",
								"uv": [ 0.0, 0.0, 0.5, 32.0 ],
								"enabled": false
							},
							"west": {
								"texture": "#fruit2",
								"uv": [ 0.0, 0.0, 32.0, 32.0 ],
								"windMode": [ 3, 3, 3, 3 ]
							},
							"up": {
								"texture": "#ripe2",
								"uv": [ 0.0, 0.0, 0.5, 32.0 ],
								"enabled": false
							},
							"down": {
								"texture": "#ripe2",
								"uv": [ 0.0, 0.0, 0.5, 32.0 ],
								"enabled": false
							}
						}
					},
					{
						"name": "Cube1",
						"from": [ 13.0, 5.0, -8.0 ],
						"to": [ 25.5, 21.0, 4.5 ],
						"shade": false,
						"renderPass": 1,
						"rotationOrigin": [ 13.0, 5.0, -8.0 ],
						"rotationY": -22.5,
						"faces": {
							"north": {
								"texture": "#fruit",
								"uv": [ 7.5, 0.0, 20.0, 16.0 ],
								"windMode": [ 3, 3, 3, 3 ]
							},
							"east": {
								"texture": "#fruit",
								"uv": [ 0.0, 0.0, 12.5, 16.0 ],
								"enabled": false,
								"windMode": [ 3, 3, 3, 3 ]
							},
							"south": {
								"texture": "#fruit",
								"uv": [ 14.0, 12.5, 26.5, 28.5 ],
								"enabled": false,
								"windMode": [ 3, 3, 3, 3 ]
							},
							"west": {
								"texture": "#fruit",
								"uv": [ 7.5, 0.0, 20.0, 16.0 ],
								"windMode": [ 3, 3, 3, 3 ]
							},
							"up": {
								"texture": "#fruit",
								"uv": [ 8.0, 1.0, 20.5, 13.5 ],
								"enabled": false,
								"windMode": [ 3, 3, 3, 3 ]
							},
							"down": {
								"texture": "#fruit",
								"uv": [ 6.5, 0.0, 19.0, 12.5 ],
								"windMode": [ 3, 3, 3, 3 ]
							}
						}
					}
				]
			},
			{
				"name": "fruits-w",
				"from": [ -6.0, -5.0, 7.0 ],
				"to": [ -5.0, -4.0, 8.0 ],
				"rotationOrigin": [ 11.0, -5.0, 7.0 ],
				"rotationY": 22.5,
				"faces": {
					"north": {
						"texture": "#fruiting",
						"uv": [ 0.0, 0.0, 1.0, 1.0 ],
						"enabled": false
					},
					"east": {
						"texture": "#fruiting",
						"uv": [ 0.0, 0.0, 1.0, 1.0 ],
						"enabled": false
					},
					"south": {
						"texture": "#fruiting",
						"uv": [ 0.0, 0.0, 1.0, 1.0 ],
						"enabled": false
					},
					"west": {
						"texture": "#fruiting",
						"uv": [ 0.0, 0.0, 1.0, 1.0 ],
						"enabled": false
					},
					"up": {
						"texture": "#fruiting",
						"uv": [ 0.0, 0.0, 1.0, 1.0 ],
						"enabled": false
					},
					"down": {
						"texture": "#fruiting",
						"uv": [ 0.0, 0.0, 1.0, 1.0 ],
						"enabled": false
					}
				},
				"children": [
					{
						"name": "fruit7",
						"from": [ -2.0, -5.0, -4.0 ],
						"to": [ 30.0, 27.0, -4.0 ],
						"shade": false,
						"renderPass": 1,
						"rotationOrigin": [ 14.0, -5.0, -4.0 ],
						"faces": {
							"north": {
								"texture": "#fruit",
								"uv": [ 0.0, 0.0, 32.0, 32.0 ],
								"autoUv": false,
								"windMode": [ 3, 3, 3, 3 ]
							},
							"east": {
								"texture": "#ripe",
								"uv": [ 0.0, 0.0, 0.5, 32.0 ],
								"enabled": false
							},
							"south": {
								"texture": "#ripe",
								"uv": [ 0.0, 0.0, 32.0, 32.0 ],
								"enabled": false
							},
							"west": {
								"texture": "#ripe",
								"uv": [ 0.0, 0.0, 0.5, 32.0 ],
								"enabled": false
							},
							"up": {
								"texture": "#ripe",
								"uv": [ 0.0, 0.0, 32.0, 0.5 ],
								"enabled": false
							},
							"down": {
								"texture": "#ripe",
								"uv": [ 0.0, 0.0, 32.0, 0.5 ],
								"enabled": false
							}
						}
					},
					{
						"name": "fruit8",
						"from": [ 17.0, -7.0, -14.0 ],
						"to": [ 17.0, 25.0, 18.0 ],
						"shade": false,
						"renderPass": 1,
						"rotationOrigin": [ 17.0, -7.0, 1.0 ],
						"rotationY": 180.0,
						"faces": {
							"north": {
								"texture": "#ripe2",
								"uv": [ 0.0, 0.0, 0.5, 32.0 ],
								"enabled": false
							},
							"east": {
								"texture": "#ripe2",
								"uv": [ 0.0, 0.0, 32.0, 32.0 ],
								"enabled": false
							},
							"south": {
								"texture": "#ripe2",
								"uv": [ 0.0, 0.0, 0.5, 32.0 ],
								"enabled": false
							},
							"west": {
								"texture": "#fruit2",
								"uv": [ 0.0, 0.0, 32.0, 32.0 ],
								"windMode": [ 3, 3, 3, 3 ]
							},
							"up": {
								"texture": "#ripe2",
								"uv": [ 0.0, 0.0, 0.5, 32.0 ],
								"enabled": false
							},
							"down": {
								"texture": "#ripe2",
								"uv": [ 0.0, 0.0, 0.5, 32.0 ],
								"enabled": false
							}
						}
					},
					{
						"name": "Cube9",
						"from": [ 13.0, 5.0, -8.0 ],
						"to": [ 25.5, 21.0, 4.5 ],
						"shade": false,
						"renderPass": 1,
						"rotationOrigin": [ 13.0, 5.0, -8.0 ],
						"rotationY": -22.5,
						"faces": {
							"north": {
								"texture": "#fruit",
								"uv": [ 7.5, 0.0, 20.0, 16.0 ],
								"windMode": [ 3, 3, 3, 3 ]
							},
							"east": {
								"texture": "#fruit",
								"uv": [ 0.0, 0.0, 12.5, 16.0 ],
								"enabled": false,
								"windMode": [ 3, 3, 3, 3 ]
							},
							"south": {
								"texture": "#fruit",
								"uv": [ 14.0, 12.5, 26.5, 28.5 ],
								"enabled": false,
								"windMode": [ 3, 3, 3, 3 ]
							},
							"west": {
								"texture": "#fruit",
								"uv": [ 7.5, 0.0, 20.0, 16.0 ],
								"windMode": [ 3, 3, 3, 3 ]
							},
							"up": {
								"texture": "#fruit",
								"uv": [ 8.0, 1.0, 20.5, 13.5 ],
								"enabled": false,
								"windMode": [ 3, 3, 3, 3 ]
							},
							"down": {
								"texture": "#fruit",
								"uv": [ 6.5, 0.0, 19.0, 12.5 ],
								"windMode": [ 3, 3, 3, 3 ]
							}
						}
					}
				]
			},
			{
				"name": "fruits-n",
				"from": [ -6.0, -5.0, 7.0 ],
				"to": [ -5.0, -4.0, 8.0 ],
				"rotationOrigin": [ 11.0, -5.0, 7.0 ],
				"rotationY": 22.5,
				"faces": {
					"north": {
						"texture": "#fruiting",
						"uv": [ 0.0, 0.0, 1.0, 1.0 ],
						"enabled": false
					},
					"east": {
						"texture": "#fruiting",
						"uv": [ 0.0, 0.0, 1.0, 1.0 ],
						"enabled": false
					},
					"south": {
						"texture": "#fruiting",
						"uv": [ 0.0, 0.0, 1.0, 1.0 ],
						"enabled": false
					},
					"west": {
						"texture": "#fruiting",
						"uv": [ 0.0, 0.0, 1.0, 1.0 ],
						"enabled": false
					},
					"up": {
						"texture": "#fruiting",
						"uv": [ 0.0, 0.0, 1.0, 1.0 ],
						"enabled": false
					},
					"down": {
						"texture": "#fruiting",
						"uv": [ 0.0, 0.0, 1.0, 1.0 ],
						"enabled": false
					}
				},
				"children": [
					{
						"name": "fruit12",
						"from": [ -2.0, -5.0, -4.0 ],
						"to": [ 30.0, 27.0, -4.0 ],
						"shade": false,
						"renderPass": 1,
						"rotationOrigin": [ 14.0, -5.0, -4.0 ],
						"faces": {
							"north": {
								"texture": "#fruit",
								"uv": [ 0.0, 0.0, 32.0, 32.0 ],
								"autoUv": false,
								"windMode": [ 3, 3, 3, 3 ]
							},
							"east": {
								"texture": "#ripe",
								"uv": [ 0.0, 0.0, 0.5, 32.0 ],
								"enabled": false
							},
							"south": {
								"texture": "#ripe",
								"uv": [ 0.0, 0.0, 32.0, 32.0 ],
								"enabled": false
							},
							"west": {
								"texture": "#ripe",
								"uv": [ 0.0, 0.0, 0.5, 32.0 ],
								"enabled": false
							},
							"up": {
								"texture": "#ripe",
								"uv": [ 0.0, 0.0, 32.0, 0.5 ],
								"enabled": false
							},
							"down": {
								"texture": "#ripe",
								"uv": [ 0.0, 0.0, 32.0, 0.5 ],
								"enabled": false
							}
						}
					},
					{
						"name": "fruit13",
						"from": [ 17.0, -7.0, -14.0 ],
						"to": [ 17.0, 25.0, 18.0 ],
						"shade": false,
						"renderPass": 1,
						"rotationOrigin": [ 17.0, -7.0, 1.0 ],
						"rotationY": 180.0,
						"faces": {
							"north": {
								"texture": "#ripe2",
								"uv": [ 0.0, 0.0, 0.5, 32.0 ],
								"enabled": false
							},
							"east": {
								"texture": "#ripe2",
								"uv": [ 0.0, 0.0, 32.0, 32.0 ],
								"enabled": false
							},
							"south": {
								"texture": "#ripe2",
								"uv": [ 0.0, 0.0, 0.5, 32.0 ],
								"enabled": false
							},
							"west": {
								"texture": "#fruit2",
								"uv": [ 0.0, 0.0, 32.0, 32.0 ],
								"windMode": [ 3, 3, 3, 3 ]
							},
							"up": {
								"texture": "#ripe2",
								"uv": [ 0.0, 0.0, 0.5, 32.0 ],
								"enabled": false
							},
							"down": {
								"texture": "#ripe2",
								"uv": [ 0.0, 0.0, 0.5, 32.0 ],
								"enabled": false
							}
						}
					},
					{
						"name": "Cube14",
						"from": [ 13.0, 5.0, -8.0 ],
						"to": [ 25.5, 21.0, 4.5 ],
						"shade": false,
						"renderPass": 1,
						"rotationOrigin": [ 13.0, 5.0, -8.0 ],
						"rotationY": -22.5,
						"faces": {
							"north": {
								"texture": "#fruit",
								"uv": [ 7.5, 0.0, 20.0, 16.0 ],
								"enabled": false,
								"windMode": [ 3, 3, 3, 3 ]
							},
							"east": {
								"texture": "#fruit",
								"uv": [ 0.0, 0.0, 12.5, 16.0 ],
								"windMode": [ 3, 3, 3, 3 ]
							},
							"south": {
								"texture": "#fruit",
								"uv": [ 14.0, 12.5, 26.5, 28.5 ],
								"windMode": [ 3, 3, 3, 3 ]
							},
							"west": {
								"texture": "#fruit",
								"uv": [ 7.5, 0.0, 20.0, 16.0 ],
								"enabled": false,
								"windMode": [ 3, 3, 3, 3 ]
							},
							"up": {
								"texture": "#fruit",
								"uv": [ 8.0, 1.0, 20.5, 13.5 ],
								"enabled": false,
								"windMode": [ 3, 3, 3, 3 ]
							},
							"down": {
								"texture": "#fruit",
								"uv": [ 6.5, 0.0, 19.0, 12.5 ],
								"windMode": [ 3, 3, 3, 3 ]
							}
						}
					}
				]
			},
			{
				"name": "fruits-e",
				"from": [ -6.0, -5.0, 7.0 ],
				"to": [ -5.0, -4.0, 8.0 ],
				"rotationOrigin": [ 11.0, -5.0, 7.0 ],
				"rotationY": 22.5,
				"faces": {
					"north": {
						"texture": "#fruiting",
						"uv": [ 0.0, 0.0, 1.0, 1.0 ],
						"enabled": false
					},
					"east": {
						"texture": "#fruiting",
						"uv": [ 0.0, 0.0, 1.0, 1.0 ],
						"enabled": false
					},
					"south": {
						"texture": "#fruiting",
						"uv": [ 0.0, 0.0, 1.0, 1.0 ],
						"enabled": false
					},
					"west": {
						"texture": "#fruiting",
						"uv": [ 0.0, 0.0, 1.0, 1.0 ],
						"enabled": false
					},
					"up": {
						"texture": "#fruiting",
						"uv": [ 0.0, 0.0, 1.0, 1.0 ],
						"enabled": false
					},
					"down": {
						"texture": "#fruiting",
						"uv": [ 0.0, 0.0, 1.0, 1.0 ],
						"enabled": false
					}
				},
				"children": [
					{
						"name": "fruit17",
						"from": [ -2.0, -5.0, -4.0 ],
						"to": [ 30.0, 27.0, -4.0 ],
						"shade": false,
						"renderPass": 1,
						"rotationOrigin": [ 14.0, -5.0, -4.0 ],
						"faces": {
							"north": {
								"texture": "#fruit",
								"uv": [ 0.0, 0.0, 32.0, 32.0 ],
								"autoUv": false,
								"windMode": [ 3, 3, 3, 3 ]
							},
							"east": {
								"texture": "#ripe",
								"uv": [ 0.0, 0.0, 0.5, 32.0 ],
								"enabled": false
							},
							"south": {
								"texture": "#ripe",
								"uv": [ 0.0, 0.0, 32.0, 32.0 ],
								"enabled": false
							},
							"west": {
								"texture": "#ripe",
								"uv": [ 0.0, 0.0, 0.5, 32.0 ],
								"enabled": false
							},
							"up": {
								"texture": "#ripe",
								"uv": [ 0.0, 0.0, 32.0, 0.5 ],
								"enabled": false
							},
							"down": {
								"texture": "#ripe",
								"uv": [ 0.0, 0.0, 32.0, 0.5 ],
								"enabled": false
							}
						}
					},
					{
						"name": "fruit18",
						"from": [ 17.0, -7.0, -14.0 ],
						"to": [ 17.0, 25.0, 18.0 ],
						"shade": false,
						"renderPass": 1,
						"rotationOrigin": [ 17.0, -7.0, 1.0 ],
						"rotationY": 180.0,
						"faces": {
							"north": {
								"texture": "#ripe2",
								"uv": [ 0.0, 0.0, 0.5, 32.0 ],
								"enabled": false
							},
							"east": {
								"texture": "#ripe2",
								"uv": [ 0.0, 0.0, 32.0, 32.0 ],
								"enabled": false
							},
							"south": {
								"texture": "#ripe2",
								"uv": [ 0.0, 0.0, 0.5, 32.0 ],
								"enabled": false
							},
							"west": {
								"texture": "#fruit2",
								"uv": [ 0.0, 0.0, 32.0, 32.0 ],
								"windMode": [ 3, 3, 3, 3 ]
							},
							"up": {
								"texture": "#ripe2",
								"uv": [ 0.0, 0.0, 0.5, 32.0 ],
								"enabled": false
							},
							"down": {
								"texture": "#ripe2",
								"uv": [ 0.0, 0.0, 0.5, 32.0 ],
								"enabled": false
							}
						}
					},
					{
						"name": "Cube19",
						"from": [ 13.0, 5.0, -8.0 ],
						"to": [ 25.5, 21.0, 4.5 ],
						"shade": false,
						"renderPass": 1,
						"rotationOrigin": [ 13.0, 5.0, -8.0 ],
						"rotationY": -22.5,
						"faces": {
							"north": {
								"texture": "#fruit",
								"uv": [ 7.5, 0.0, 20.0, 16.0 ],
								"enabled": false,
								"windMode": [ 3, 3, 3, 3 ]
							},
							"east": {
								"texture": "#fruit",
								"uv": [ 0.0, 0.0, 12.5, 16.0 ],
								"windMode": [ 3, 3, 3, 3 ]
							},
							"south": {
								"texture": "#fruit",
								"uv": [ 14.0, 12.5, 26.5, 28.5 ],
								"windMode": [ 3, 3, 3, 3 ]
							},
							"west": {
								"texture": "#fruit",
								"uv": [ 7.5, 0.0, 20.0, 16.0 ],
								"enabled": false,
								"windMode": [ 3, 3, 3, 3 ]
							},
							"up": {
								"texture": "#fruit",
								"uv": [ 8.0, 1.0, 20.5, 13.5 ],
								"enabled": false,
								"windMode": [ 3, 3, 3, 3 ]
							},
							"down": {
								"texture": "#fruit",
								"uv": [ 6.5, 0.0, 19.0, 12.5 ],
								"windMode": [ 3, 3, 3, 3 ]
							}
						}
					}
				]
			}
		]
	}
]