[
	{
		"file": "game:shapes/block/plant/fruittree/leaves-ver.json",
		"op": "replace",
		"path": "/textureWidth",
		"value": 32
	},
	{
		"file": "game:shapes/block/plant/fruittree/leaves-ver.json",
		"op": "replace",
		"path": "/textureHeight",
		"value": 32
	},
	{
		"file": "game:shapes/block/plant/fruittree/leaves-ver.json",
		"op": "replace",
		"path": "/textureSizes",
		"value": {
			"fruit": [ 32, 32 ],
			"bark": [ 16, 16 ],
			"sticks1": [ 32, 32 ]
		}
	},
	{
		"file": "game:shapes/block/plant/fruittree/leaves-ver.json",
		"op": "replace",
		"path": "/elements",
		"value": [

			{
				"name": "leaves",
				"from": [ -9.0, -6.0, 8.0 ],
				"to": [ -8.0, -5.0, 9.0 ],
				"renderInEditor": false,
				"rotationOrigin": [ -9.0, -6.0, 8.0 ],
				"faces": {
					"north": {
						"texture": "#sticks",
						"uv": [ 0.0, 0.0, 1.0, 1.0 ],
						"enabled": false
					},
					"east": {
						"texture": "#sticks",
						"uv": [ 0.0, 0.0, 1.0, 1.0 ],
						"enabled": false
					},
					"south": {
						"texture": "#sticks",
						"uv": [ 0.0, 0.0, 1.0, 1.0 ],
						"enabled": false
					},
					"west": {
						"texture": "#sticks",
						"uv": [ 0.0, 0.0, 1.0, 1.0 ],
						"enabled": false
					},
					"up": {
						"texture": "#sticks",
						"uv": [ 0.0, 0.0, 1.0, 1.0 ],
						"enabled": false
					},
					"down": {
						"texture": "#sticks",
						"uv": [ 0.0, 0.0, 1.0, 1.0 ],
						"enabled": false
					}
				},
				"children": [
					{
						"name": "leaves1",
						"from": [ 0.0, -2.0, 0.0 ],
						"to": [ 32.0, 30.0, 0.0 ],
						"shade": false,
						"renderPass": 1,
						"rotationOrigin": [ 0.0, -2.0, 0.0 ],
						"faces": {
							"north": {
								"texture": "#largeleaves",
								"uv": [ 0.0, 0.0, 32.0, 32.0 ],
								"windMode": [ 3, 3, 3, 3 ]
							},
							"east": {
								"texture": "#sticks",
								"uv": [ 0.0, 0.0, 0.5, 32.0 ],
								"enabled": false
							},
							"south": {
								"texture": "#sticks",
								"uv": [ 0.0, 0.0, 32.0, 32.0 ],
								"enabled": false
							},
							"west": {
								"texture": "#sticks",
								"uv": [ 0.0, 0.0, 0.5, 32.0 ],
								"enabled": false
							},
							"up": {
								"texture": "#sticks",
								"uv": [ 0.0, 0.0, 32.0, 0.5 ],
								"enabled": false
							},
							"down": {
								"texture": "#sticks",
								"uv": [ 0.0, 0.0, 32.0, 0.5 ],
								"enabled": false
							}
						}
					},
					{
						"name": "leaves2",
						"from": [ 17.0, 2.0, -15.0 ],
						"to": [ 17.0, 34.0, 17.0 ],
						"shade": false,
						"renderPass": 1,
						"rotationOrigin": [ 17.0, 2.0, -15.0 ],
						"faces": {
							"north": {
								"texture": "#sticks",
								"uv": [ 0.0, 0.0, 0.5, 32.0 ],
								"enabled": false
							},
							"east": {
								"texture": "#sticks",
								"uv": [ 0.0, 0.0, 32.0, 32.0 ],
								"enabled": false
							},
							"south": {
								"texture": "#sticks",
								"uv": [ 0.0, 0.0, 0.5, 32.0 ],
								"enabled": false
							},
							"west": {
								"texture": "#largeleaves",
								"uv": [ 0.0, 0.0, 32.0, 32.0 ],
								"windMode": [ 3, 3, 3, 3 ]
							},
							"up": {
								"texture": "#sticks",
								"uv": [ 0.0, 0.0, 0.5, 32.0 ],
								"enabled": false
							},
							"down": {
								"texture": "#sticks",
								"uv": [ 0.0, 0.0, 0.5, 32.0 ],
								"enabled": false
							}
						}
					},
					{
						"name": "aleaves1",
						"from": [ -1.4, 5.4, 9.3 ],
						"to": [ 30.6, 37.4, 9.3 ],
						"shade": false,
						"renderPass": 1,
						"rotationOrigin": [ -1.4, 5.4, 9.3 ],
						"rotationX": -45.0,
						"faces": {
							"north": {
								"texture": "#smallleaves",
								"uv": [ 0.0, 0.0, 32.0, 32.0 ],
								"windMode": [ 3, 3, 3, 3 ]
							},
							"east": {
								"texture": "#sticks",
								"uv": [ 0.0, 0.0, 0.5, 32.0 ],
								"enabled": false
							},
							"south": {
								"texture": "#sticks",
								"uv": [ 0.0, 0.0, 32.0, 32.0 ],
								"enabled": false
							},
							"west": {
								"texture": "#sticks",
								"uv": [ 0.0, 0.0, 0.5, 32.0 ],
								"enabled": false
							},
							"up": {
								"texture": "#sticks",
								"uv": [ 0.0, 0.0, 32.0, 0.5 ],
								"enabled": false
							},
							"down": {
								"texture": "#sticks",
								"uv": [ 0.0, 0.0, 32.0, 0.5 ],
								"enabled": false
							}
						}
					},
					{
						"name": "aleaves2",
						"from": [ -1.6, 5.0, -5.0 ],
						"to": [ 30.4, 37.0, -5.0 ],
						"shade": false,
						"renderPass": 1,
						"rotationOrigin": [ -1.6, 5.0, -5.0 ],
						"rotationX": 45.0,
						"faces": {
							"north": {
								"texture": "#smallleaves",
								"uv": [ 0.0, 0.0, 32.0, 32.0 ],
								"rotation": 270,
								"windMode": [ 3, 3, 3, 3 ]
							},
							"east": {
								"texture": "#sticks",
								"uv": [ 0.0, 0.0, 0.5, 32.0 ],
								"enabled": false
							},
							"south": {
								"texture": "#sticks",
								"uv": [ 0.0, 0.0, 32.0, 32.0 ],
								"enabled": false
							},
							"west": {
								"texture": "#sticks",
								"uv": [ 0.0, 0.0, 0.5, 32.0 ],
								"enabled": false
							},
							"up": {
								"texture": "#sticks",
								"uv": [ 0.0, 0.0, 32.0, 0.5 ],
								"enabled": false
							},
							"down": {
								"texture": "#sticks",
								"uv": [ 0.0, 0.0, 32.0, 0.5 ],
								"enabled": false
							}
						}
					}
				]
			},
			{
				"name": "blossom",
				"from": [ -9.0, -6.0, 8.0 ],
				"to": [ -8.0, -5.0, 9.0 ],
				"renderPass": 2,
				"rotationOrigin": [ -9.0, -6.0, 8.0 ],
				"faces": {
					"north": {
						"texture": "#sticks",
						"uv": [ 0.0, 0.0, 1.0, 1.0 ],
						"enabled": false
					},
					"east": {
						"texture": "#sticks",
						"uv": [ 0.0, 0.0, 1.0, 1.0 ],
						"enabled": false
					},
					"south": {
						"texture": "#sticks",
						"uv": [ 0.0, 0.0, 1.0, 1.0 ],
						"enabled": false
					},
					"west": {
						"texture": "#sticks",
						"uv": [ 0.0, 0.0, 1.0, 1.0 ],
						"enabled": false
					},
					"up": {
						"texture": "#sticks",
						"uv": [ 0.0, 0.0, 1.0, 1.0 ],
						"enabled": false
					},
					"down": {
						"texture": "#sticks",
						"uv": [ 0.0, 0.0, 1.0, 1.0 ],
						"enabled": false
					}
				},
				"children": [
					{
						"name": "blossom1",
						"from": [ 0.0, -2.0, 0.0 ],
						"to": [ 32.0, 30.0, 0.01 ],
						"shade": false,
						"renderPass": 2,
						"rotationOrigin": [ 0.0, -2.0, 0.0 ],
						"faces": {
							"north": {
								"texture": "#largeblossom",
								"uv": [ 0.0, 0.0, 32.0, 32.0 ],
								"windMode": [ 3, 3, 3, 3 ]
							},
							"east": {
								"texture": "#sticks",
								"uv": [ 0.0, 0.0, 0.5, 32.0 ],
								"enabled": false
							},
							"south": {
								"texture": "#sticks",
								"uv": [ 0.0, 0.0, 32.0, 32.0 ],
								"enabled": false
							},
							"west": {
								"texture": "#sticks",
								"uv": [ 0.0, 0.0, 0.5, 32.0 ],
								"enabled": false
							},
							"up": {
								"texture": "#sticks",
								"uv": [ 0.0, 0.0, 32.0, 0.5 ],
								"enabled": false
							},
							"down": {
								"texture": "#sticks",
								"uv": [ 0.0, 0.0, 32.0, 0.5 ],
								"enabled": false
							}
						}
					},
					{
						"name": "blossom2",
						"from": [ 17.0, 2.0, -15.0 ],
						"to": [ 17.01, 34.0, 17.0 ],
						"shade": false,
						"renderPass": 2,
						"rotationOrigin": [ 17.0, 2.0, -15.0 ],
						"faces": {
							"north": {
								"texture": "#sticks",
								"uv": [ 0.0, 0.0, 0.5, 32.0 ],
								"enabled": false
							},
							"east": {
								"texture": "#sticks",
								"uv": [ 0.0, 0.0, 32.0, 32.0 ],
								"enabled": false
							},
							"south": {
								"texture": "#sticks",
								"uv": [ 0.0, 0.0, 0.5, 32.0 ],
								"enabled": false
							},
							"west": {
								"texture": "#largeblossom",
								"uv": [ 0.0, 0.0, 32.0, 32.0 ],
								"windMode": [ 3, 3, 3, 3 ]
							},
							"up": {
								"texture": "#sticks",
								"uv": [ 0.0, 0.0, 0.5, 32.0 ],
								"enabled": false
							},
							"down": {
								"texture": "#sticks",
								"uv": [ 0.0, 0.0, 0.5, 32.0 ],
								"enabled": false
							}
						}
					},
					{
						"name": "sblossom1",
						"from": [ -1.4, 5.4, 9.3 ],
						"to": [ 30.6, 37.4, 9.31 ],
						"shade": false,
						"renderPass": 2,
						"rotationOrigin": [ -1.4, 5.4, 9.3 ],
						"rotationX": -45.0,
						"faces": {
							"north": {
								"texture": "#blossom",
								"uv": [ 0.0, 0.0, 32.0, 32.0 ],
								"windMode": [ 3, 3, 3, 3 ]
							},
							"east": {
								"texture": "#sticks",
								"uv": [ 0.0, 0.0, 0.5, 32.0 ],
								"enabled": false
							},
							"south": {
								"texture": "#sticks",
								"uv": [ 0.0, 0.0, 32.0, 32.0 ],
								"enabled": false
							},
							"west": {
								"texture": "#sticks",
								"uv": [ 0.0, 0.0, 0.5, 32.0 ],
								"enabled": false
							},
							"up": {
								"texture": "#sticks",
								"uv": [ 0.0, 0.0, 32.0, 0.5 ],
								"enabled": false
							},
							"down": {
								"texture": "#sticks",
								"uv": [ 0.0, 0.0, 32.0, 0.5 ],
								"enabled": false
							}
						}
					},
					{
						"name": "sblossom2",
						"from": [ -1.6, 5.0, -5.0 ],
						"to": [ 30.4, 37.0, -4.99 ],
						"shade": false,
						"renderPass": 2,
						"rotationOrigin": [ -1.6, 5.0, -5.0 ],
						"rotationX": 45.0,
						"faces": {
							"north": {
								"texture": "#blossom",
								"uv": [ 0.0, 0.0, 32.0, 32.0 ],
								"rotation": 270,
								"windMode": [ 3, 3, 3, 3 ]
							},
							"east": {
								"texture": "#sticks",
								"uv": [ 0.0, 0.0, 0.5, 32.0 ],
								"enabled": false
							},
							"south": {
								"texture": "#sticks",
								"uv": [ 0.0, 0.0, 32.0, 32.0 ],
								"enabled": false
							},
							"west": {
								"texture": "#sticks",
								"uv": [ 0.0, 0.0, 0.5, 32.0 ],
								"enabled": false
							},
							"up": {
								"texture": "#sticks",
								"uv": [ 0.0, 0.0, 32.0, 0.5 ],
								"enabled": false
							},
							"down": {
								"texture": "#sticks",
								"uv": [ 0.0, 0.0, 32.0, 0.5 ],
								"enabled": false
							}
						}
					}
				]
			},
			{
				"name": "sticks",
				"from": [ -9.0, -6.0, 8.0 ],
				"to": [ 23.0, 26.0, 8.0 ],
				"shade": false,
				"rotationOrigin": [ -9.0, -6.0, 8.0 ],
				"faces": {
					"north": {
						"texture": "#sticks1",
						"uv": [ 0.0, 0.0, 32.0, 32.0 ],
						"windMode": [ 0, 4, 4, 0 ],
						"windData": [ 0, 1, 1, 0 ]
					},
					"east": {
						"texture": "#sticks",
						"uv": [ 0.0, 0.0, 0.5, 32.0 ],
						"enabled": false
					},
					"south": {
						"texture": "#sticks",
						"uv": [ 0.0, 0.0, 32.0, 32.0 ],
						"enabled": false
					},
					"west": {
						"texture": "#sticks",
						"uv": [ 0.0, 0.0, 0.5, 32.0 ],
						"enabled": false
					},
					"up": {
						"texture": "#sticks",
						"uv": [ 0.0, 0.0, 32.0, 0.5 ],
						"enabled": false
					},
					"down": {
						"texture": "#sticks",
						"uv": [ 0.0, 0.0, 32.0, 0.5 ],
						"enabled": false
					}
				},
				"children": [
					{
						"name": "sticks1",
						"from": [ 17.0, 2.0, -15.0 ],
						"to": [ 17.0, 34.0, 17.0 ],
						"shade": false,
						"renderPass": 1,
						"rotationOrigin": [ 17.0, 2.0, -15.0 ],
						"faces": {
							"north": {
								"texture": "#sticks",
								"uv": [ 0.0, 0.0, 0.5, 32.0 ],
								"enabled": false
							},
							"east": {
								"texture": "#sticks",
								"uv": [ 0.0, 0.0, 32.0, 32.0 ],
								"enabled": false
							},
							"south": {
								"texture": "#sticks",
								"uv": [ 0.0, 0.0, 0.5, 32.0 ],
								"enabled": false
							},
							"west": {
								"texture": "#sticks1",
								"uv": [ 0.0, 0.0, 32.0, 32.0 ],
								"windMode": [ 0, 4, 4, 0 ],
								"windData": [ 0, 1, 1, 0 ]
							},
							"up": {
								"texture": "#sticks",
								"uv": [ 0.0, 0.0, 0.5, 32.0 ],
								"enabled": false
							},
							"down": {
								"texture": "#sticks",
								"uv": [ 0.0, 0.0, 0.5, 32.0 ],
								"enabled": false
							}
						}
					},
					{
						"name": "asticks1",
						"from": [ -1.4, 5.4, 9.3 ],
						"to": [ 30.6, 37.4, 9.3 ],
						"shade": false,
						"renderPass": 1,
						"rotationOrigin": [ -1.4, 5.4, 9.3 ],
						"rotationX": -45.0,
						"faces": {
							"north": {
								"texture": "#sticks1",
								"uv": [ 0.0, 0.0, 32.0, 32.0 ],
								"windMode": [ 0, 4, 4, 0 ],
								"windData": [ 0, 1, 1, 0 ]
							},
							"east": {
								"texture": "#sticks",
								"uv": [ 0.0, 0.0, 0.5, 32.0 ],
								"enabled": false
							},
							"south": {
								"texture": "#sticks",
								"uv": [ 0.0, 0.0, 32.0, 32.0 ],
								"enabled": false
							},
							"west": {
								"texture": "#sticks",
								"uv": [ 0.0, 0.0, 0.5, 32.0 ],
								"enabled": false
							},
							"up": {
								"texture": "#sticks",
								"uv": [ 0.0, 0.0, 32.0, 0.5 ],
								"enabled": false
							},
							"down": {
								"texture": "#sticks",
								"uv": [ 0.0, 0.0, 32.0, 0.5 ],
								"enabled": false
							}
						}
					},
					{
						"name": "asticks2",
						"from": [ -1.6, 5.0, -5.0 ],
						"to": [ 30.4, 37.0, -5.0 ],
						"shade": false,
						"renderPass": 1,
						"rotationOrigin": [ -1.6, 5.0, -5.0 ],
						"rotationX": 45.0,
						"faces": {
							"north": {
								"texture": "#sticks1",
								"uv": [ 0.0, 0.0, 32.0, 32.0 ],
								"rotation": 270,
								"windMode": [ 0, 4, 4, 0 ],
								"windData": [ 0, 1, 1, 0 ]
							},
							"east": {
								"texture": "#sticks",
								"uv": [ 0.0, 0.0, 0.5, 32.0 ],
								"enabled": false
							},
							"south": {
								"texture": "#sticks",
								"uv": [ 0.0, 0.0, 32.0, 32.0 ],
								"enabled": false
							},
							"west": {
								"texture": "#sticks",
								"uv": [ 0.0, 0.0, 0.5, 32.0 ],
								"enabled": false
							},
							"up": {
								"texture": "#sticks",
								"uv": [ 0.0, 0.0, 32.0, 0.5 ],
								"enabled": false
							},
							"down": {
								"texture": "#sticks",
								"uv": [ 0.0, 0.0, 32.0, 0.5 ],
								"enabled": false
							}
						}
					}
				]
			}
		]
	}
]