[
  {
    "op": "replace",
    "path": "/attributes/attachableToEntity/disableElementsByType/armor-head-sewn-*",
    "value": ["hidehat", "Hood", "hoodupperover", "Hair tile upper part", "ponytailhigh", "ponytaillow", "Hair", "hair-uncovered", "hidefacialhair", "sidehigh", "sidelow", "bangs", "ponytail1"],
    "file": "game:itemtypes/wearable/seraph/armor.json",
    "side": "Server"
  },
  {
    "op": "replace",
    "path": "/attributes/attachableToEntity/disableElementsByType/armor-head-tailored-*",
    "value": ["hidehat", "Hood", "hoodupperover", "Hair tile upper part", "ponytailhigh", "ponytaillow", "Hair", "hair-uncovered", "hidefacialhair", "sidehigh", "sidelow", "bangs", "ponytail1"],
    "file": "game:itemtypes/wearable/seraph/armor.json",
    "side": "Server"
  } 
]