{
	"editor": {
		"collapsedPaths": "Root/angleW2,Root/angleW4,Root/angleW3,Root/angleW,Root/legs/legNE,Root/legs/legNW3,Root/legs/legNW,Root/legs/legNW2",
		"allAngles": false,
		"entityTextureMode": false
	},
	"textureWidth": 32,
	"textureHeight": 32,
	"textureSizes": {
	},
	"textures": {
		"aged": "block/wood/chair/aged/aged"
	},
	"elements": [
		{
			"name": "Base",
			"from": [ 1.51, 0.0, 1.51 ],
			"to": [ 14.49, 8.0, 14.49 ],
			"rotationOrigin": [ 0.5, -5.0, 0.5 ],
			"renderPass": 2,
			"faces": {
				"north": {
					"texture": "#aged",
					"uv": [ 0.5, 16.0, 13.0, 24.0 ]
				},
				"east": {
					"texture": "#aged",
					"uv": [ 0.0, 16.0, 12.5, 24.0 ]
				},
				"south": {
					"texture": "#aged",
					"uv": [ 0.0, 16.0, 12.5, 24.0 ]
				},
				"west": {
					"texture": "#aged",
					"uv": [ 0.0, 16.0, 12.5, 24.0 ]
				}
			}
		},
		{
			"name": "legs",
			"from": [ 0.0, 0.0, 0.0 ],
			"to": [ 1.0, 1.0, 1.0 ],
			"faces": {
			},
			"children": [
				{
					"name": "legNW",
					"from": [ 1.5, 0.0, 1.5 ],
					"to": [ 4.1, 7.99, 4.1 ],
					"rotationOrigin": [ 1.5, 0.0, 1.5 ],
					"faces": {
						"north": { "texture": "#aged", "uv": [ 10.5, 16.5, 13.0, 24.0 ], "windMode": [-1,-1,-1,-1] },
						"east": { "texture": "#aged", "uv": [ 0.0, 16.5, 2.5, 24.0 ] },
						"south": { "texture": "#aged", "uv": [ 10.5, 16.5, 13.0, 24.0 ] },
						"west": { "texture": "#aged", "uv": [ 0.0, 16.5, 2.5, 24.0 ], "windMode": [-1,-1,-1,-1] },
						"up": { "texture": "#aged", "uv": [ 0.0, 16.0, 2.5, 18.5 ] },
						"down": { "texture": "#aged", "uv": [ 10.5, 16.0, 13.0, 18.5 ] }
					}
				},
				{
					"name": "legNW2",
					"from": [ 14.5, 0.0, 1.5 ],
					"to": [ 17.1, 7.99, 4.1 ],
					"rotationOrigin": [ 14.5, 0.0, 1.5 ],
					"rotationY": -90.0,
					"faces": {
						"north": { "texture": "#aged", "uv": [ 10.5, 16.5, 13.0, 24.0 ], "windMode": [-1,-1,-1,-1] },
						"east": { "texture": "#aged", "uv": [ 0.0, 16.5, 2.5, 24.0 ] },
						"south": { "texture": "#aged", "uv": [ 10.5, 16.5, 13.0, 24.0 ] },
						"west": { "texture": "#aged", "uv": [ 0.0, 16.5, 2.5, 24.0 ], "windMode": [-1,-1,-1,-1] },
						"up": { "texture": "#aged", "uv": [ 0.0, 16.5, 2.5, 19.0 ] },
						"down": { "texture": "#aged", "uv": [ 0.0, 17.0, 2.5, 19.5 ] }
					}
				},
				{
					"name": "legNW3",
					"from": [ 14.5, 0.0, 14.5 ],
					"to": [ 17.1, 7.99, 17.1 ],
					"rotationOrigin": [ 14.5, 0.0, 14.5 ],
					"rotationY": 180.0,
					"faces": {
						"north": { "texture": "#aged", "uv": [ 10.5, 16.5, 13.0, 24.0 ], "windMode": [-1,-1,-1,-1] },
						"east": { "texture": "#aged", "uv": [ 0.0, 16.5, 2.5, 24.0 ] },
						"south": { "texture": "#aged", "uv": [ 10.5, 16.0, 13.0, 23.5 ] },
						"west": { "texture": "#aged", "uv": [ 0.0, 16.5, 2.5, 24.0 ], "windMode": [-1,-1,-1,-1] },
						"up": { "texture": "#aged", "uv": [ 0.0, 18.0, 2.5, 20.5 ] },
						"down": { "texture": "#aged", "uv": [ 0.0, 17.5, 2.5, 20.0 ] }
					}
				},
				{
					"name": "legNW4",
					"from": [ 1.5, 0.0, 14.5 ],
					"to": [ 4.1, 7.99, 17.1 ],
					"rotationOrigin": [ 1.5, 0.0, 14.5 ],
					"rotationY": 90.0,
					"faces": {
						"north": { "texture": "#aged", "uv": [ 10.5, 16.5, 13.0, 24.0 ], "windMode": [-1,-1,-1,-1] },
						"east": { "texture": "#aged", "uv": [ 0.0, 16.5, 2.5, 24.0 ] },
						"south": { "texture": "#aged", "uv": [ 10.5, 16.5, 13.0, 24.0 ] },
						"west": { "texture": "#aged", "uv": [ 0.0, 16.5, 2.5, 24.0 ], "windMode": [-1,-1,-1,-1] },
						"up": { "texture": "#aged", "uv": [ 0.0, 17.5, 2.5, 20.0 ] },
						"down": { "texture": "#aged", "uv": [ 10.5, 16.5, 13.0, 19.0 ] }
					}
				}
			]
		},
		{
			"name": "Top",
			"from": [ 1.0, 5.5, 1.0 ],
			"to": [ 15.0, 8.0, 15.0 ],
			"rotationOrigin": [ 0.0, 0.5, 0.0 ],
			"renderPass": 2,
			"faces": {
				"north": {
					"texture": "#aged",
					"uv": [ 0.0, 0.5, 14.0, 3.0 ]
				},
				"east": {
					"texture": "#aged",
					"uv": [ 0.0, 0.5, 14.0, 3.0 ]
				},
				"south": {
					"texture": "#aged",
					"uv": [ 0.0, 0.5, 14.0, 3.0 ]
				},
				"west": {
					"texture": "#aged",
					"uv": [ 0.0, 0.5, 14.0, 3.0 ]
				},
				"up": {
					"texture": "#aged",
					"uv": [ 16.5, 1.0, 30.5, 15.0 ]
				}
			}
		},
		{
			"name": "frame",
			"from": [ 0.0, 0.0, 0.0 ],
			"to": [ 1.0, 1.0, 1.0 ],
			"faces": {
			},
			"children": [
				{
					"name": "n",
					"from": [ 1.01, 5.49, 1.01 ],
					"to": [ 14.99, 7.99, 2.01 ],
					"rotationOrigin": [ 0.0, 0.5, 0.0 ],
					"faces": {
						"north": { "texture": "#aged", "uv": [ 16.5, 16.5, 30.0, 19.0 ] },
						"east": { "texture": "#aged", "uv": [ 25.5, 16.0, 26.5, 18.5 ] },
						"south": { "texture": "#aged", "uv": [ 16.5, 16.5, 30.0, 19.0 ] },
						"west": { "texture": "#aged", "uv": [ 19.0, 16.5, 20.0, 19.0 ] },
						"up": { "texture": "#aged", "uv": [ 17.0, 22.0, 30.5, 23.0 ] },
						"down": { "texture": "#aged", "uv": [ 16.0, 18.0, 29.5, 19.0 ] }
					}
				},
				{
					"name": "s",
					"from": [ 0.99, 5.49, 13.99 ],
					"to": [ 14.97, 7.99, 14.99 ],
					"rotationOrigin": [ 0.0, 0.5, 13.0 ],
					"faces": {
						"north": { "texture": "#aged", "uv": [ 17.5, 20.5, 31.0, 23.0 ] },
						"east": { "texture": "#aged", "uv": [ 28.0, 20.0, 29.0, 22.5 ] },
						"south": { "texture": "#aged", "uv": [ 18.0, 20.5, 31.5, 23.0 ] },
						"west": { "texture": "#aged", "uv": [ 20.5, 20.0, 21.5, 22.5 ] },
						"up": { "texture": "#aged", "uv": [ 17.5, 22.0, 31.0, 23.0 ] },
						"down": { "texture": "#aged", "uv": [ 17.5, 22.0, 31.0, 23.0 ], "windMode": [-1,-1,-1,-1] }
					}
				},
				{
					"name": "w",
					"from": [ 1.01, 5.5, 1.01 ],
					"to": [ 2.01, 7.99, 14.99 ],
					"rotationOrigin": [ 0.1, 0.5, 0.0 ],
					"faces": {
						"north": { "texture": "#aged", "uv": [ 0.0, 0.5, 1.0, 2.5 ] },
						"east": { "texture": "#aged", "uv": [ 16.0, 25.5, 29.5, 27.5 ] },
						"south": { "texture": "#aged", "uv": [ 0.0, 0.5, 1.0, 2.5 ] },
						"west": { "texture": "#aged", "uv": [ 17.0, 25.5, 30.5, 27.5 ] },
						"up": { "texture": "#aged", "uv": [ 16.0, 20.5, 29.5, 21.5 ], "rotation": 90 },
						"down": { "texture": "#aged", "uv": [ 16.5, 21.5, 30.0, 22.5 ], "rotation": 90, "windMode": [-1,-1,-1,-1] }
					}
				},
				{
					"name": "e",
					"from": [ 13.99, 5.5, 1.01 ],
					"to": [ 14.99, 7.99, 14.99 ],
					"rotationOrigin": [ 13.0, 0.5, 0.0 ],
					"faces": {
						"north": { "texture": "#aged", "uv": [ 25.0, 29.0, 26.0, 31.0 ] },
						"east": { "texture": "#aged", "uv": [ 17.0, 29.0, 30.5, 31.0 ] },
						"south": { "texture": "#aged", "uv": [ 23.0, 29.0, 24.0, 31.0 ] },
						"west": { "texture": "#aged", "uv": [ 17.0, 28.5, 30.5, 30.5 ] },
						"up": { "texture": "#aged", "uv": [ 17.5, 20.5, 31.0, 21.5 ], "rotation": 90 },
						"down": { "texture": "#aged", "uv": [ 18.0, 22.0, 31.5, 23.0 ], "rotation": 90, "windMode": [-1,-1,-1,-1] }
					}
				}
			]
		}
	]}