{
	"editor": {
		"collapsedPaths": "Root/angleW2,Root/angleW4,Root/angleW3,Root/angleW,Root/legs/legNE,Root/legs/legNW3,Root/legs/legNW,Root/legs/legNW2",
		"allAngles": false,
		"entityTextureMode": false
	},
	"textureWidth": 32,
	"textureHeight": 32,
	"textureSizes": {
	},
	"textures": {
		
	},
	"elements": [
		{
			"name": "Base",
			"from": [ 1.5, 0.0, 1.5 ],
			"to": [ 14.5, 8.0, 14.5 ],
			"renderPass": 2,
			"rotationOrigin": [ 0.5, -5.0, 0.5 ],
			"faces": {
				"north": {
					"texture": "#cover",
					"uv": [ 0.0, 16.0, 13.0, 24.0 ]
				},
				"east": {
					"texture": "#cover",
					"uv": [ 0.0, 16.0, 13.0, 24.0 ]
				},
				"south": {
					"texture": "#cover",
					"uv": [ 0.0, 16.0, 13.0, 24.0 ]
				},
				"west": {
					"texture": "#cover",
					"uv": [ 0.0, 16.0, 13.0, 24.0 ]
				}
			}
		},
		{
			"name": "legs",
			"from": [ 0.0, 0.0, 0.0 ],
			"to": [ 1.0, 1.0, 1.0 ],
			"faces": {
			},
			"children": [
				{
					"name": "legNW",
					"from": [ 1.49, 0.0, 1.49 ],
					"to": [ 4.01, 7.99, 4.01 ],
					"rotationOrigin": [ 1.5, 0.0, 1.5 ],
					"faces": {
						"north": { "texture": "#cover", "uv": [ 10.5, 16.5, 13.0, 24.0 ], "windMode": [-1,-1,-1,-1] },
						"east": { "texture": "#cover", "uv": [ 0.0, 16.5, 2.5, 24.0 ] },
						"south": { "texture": "#cover", "uv": [ 10.5, 16.5, 13.0, 24.0 ] },
						"west": { "texture": "#cover", "uv": [ 0.0, 16.5, 2.5, 24.0 ], "windMode": [-1,-1,-1,-1] },
						"up": { "texture": "#cover", "uv": [ 0.0, 16.0, 2.5, 18.5 ] },
						"down": { "texture": "#cover", "uv": [ 10.5, 19.5, 13.0, 22.0 ], "autoUv": false }
					}
				},
				{
					"name": "legNW2",
					"from": [ 14.49, 0.0, 1.49 ],
					"to": [ 17.01, 7.99, 4.01 ],
					"rotationOrigin": [ 14.5, 0.0, 1.5 ],
					"rotationY": -90.0,
					"faces": {
						"north": { "texture": "#cover", "uv": [ 10.5, 16.5, 13.0, 24.0 ], "windMode": [-1,-1,-1,-1] },
						"east": { "texture": "#cover", "uv": [ 0.0, 16.5, 2.5, 24.0 ] },
						"south": { "texture": "#cover", "uv": [ 10.5, 16.5, 13.0, 24.0 ] },
						"west": { "texture": "#cover", "uv": [ 0.0, 16.5, 2.5, 24.0 ], "windMode": [-1,-1,-1,-1] },
						"up": { "texture": "#cover", "uv": [ 0.0, 16.5, 2.5, 19.0 ] },
						"down": { "texture": "#cover", "uv": [ 0.0, 19.5, 2.5, 22.0 ] }
					}
				},
				{
					"name": "legNW3",
					"from": [ 14.49, 0.0, 14.49 ],
					"to": [ 17.01, 7.99, 17.01 ],
					"rotationOrigin": [ 14.5, 0.0, 14.5 ],
					"rotationY": 180.0,
					"faces": {
						"north": { "texture": "#cover", "uv": [ 10.5, 16.5, 13.0, 24.0 ], "windMode": [-1,-1,-1,-1] },
						"east": { "texture": "#cover", "uv": [ 0.0, 16.5, 2.5, 24.0 ] },
						"south": { "texture": "#cover", "uv": [ 10.5, 16.5, 13.0, 24.0 ] },
						"west": { "texture": "#cover", "uv": [ 0.0, 16.5, 2.5, 24.0 ], "windMode": [-1,-1,-1,-1] },
						"up": { "texture": "#cover", "uv": [ 0.0, 18.0, 2.5, 20.5 ] },
						"down": { "texture": "#cover", "uv": [ 0.0, 19.5, 2.5, 22.0 ] }
					}
				},
				{
					"name": "legNW4",
					"from": [ 1.49, 0.0, 14.49 ],
					"to": [ 4.01, 7.99, 17.01 ],
					"rotationOrigin": [ 1.5, 0.0, 14.5 ],
					"rotationY": 90.0,
					"faces": {
						"north": { "texture": "#cover", "uv": [ 10.5, 16.5, 13.0, 24.0 ], "windMode": [-1,-1,-1,-1] },
						"east": { "texture": "#cover", "uv": [ 0.0, 16.5, 2.5, 24.0 ] },
						"south": { "texture": "#cover", "uv": [ 10.5, 16.5, 13.0, 24.0 ] },
						"west": { "texture": "#cover", "uv": [ 0.0, 16.5, 2.5, 24.0 ], "windMode": [-1,-1,-1,-1] },
						"up": { "texture": "#cover", "uv": [ 0.0, 17.5, 2.5, 20.0 ] },
						"down": { "texture": "#cover", "uv": [ 10.5, 20.0, 13.0, 22.5 ] }
					}
				}
			]
		},
		{
			"name": "Top",
			"from": [ 1.0, 5.5, 1.0 ],
			"to": [ 15.0, 8.0, 15.0 ],
			"renderPass": 2,
			"rotationOrigin": [ 0.0, 0.5, 0.0 ],
			"faces": {
				"north": {
					"texture": "#cover",
					"uv": [ 0.0, 0.5, 14.0, 3.0 ]
				},
				"east": {
					"texture": "#cover",
					"uv": [ 0.0, 0.5, 14.0, 3.0 ]
				},
				"south": {
					"texture": "#cover",
					"uv": [ 0.0, 0.5, 14.0, 3.0 ]
				},
				"west": {
					"texture": "#cover",
					"uv": [ 0.0, 0.5, 14.0, 3.0 ]
				},
				"up": {
					"texture": "#cover",
					"uv": [ 16.5, 1.0, 30.5, 15.0 ]
				},
				"down": {
					"texture": "#cover",
					"uv": [ 16.5, 16.5, 30.5, 30.5 ]
				}
			}
		}
	]}