{
	"editor": {
		"collapsedPaths": "Root/handle2,Root/handle3",
		"allAngles": false,
		"entityTextureMode": false
	},
	"textureWidth": 64,
	"textureHeight": 64,
	"textureSizes": {
	},
	"textures": {
		"0": "block/wood/shelf/shelf-wood"
	},
	"elements": [
		{
			"name": "bone",
			"from": [ 0.0, 0.0, 0.0 ],
			"to": [ 0.0, 0.0, 0.0 ],
			"rotationOrigin": [ 8.0, 0.0, 8.0 ],
			"faces": {
				"north": { "texture": "#", "uv": [ 0.0, 0.0, 0.0, 0.0 ] },
				"east": { "texture": "#", "uv": [ 0.0, 0.0, 0.0, 0.0 ] },
				"south": { "texture": "#", "uv": [ 0.0, 0.0, 0.0, 0.0 ] },
				"west": { "texture": "#", "uv": [ 0.0, 0.0, 0.0, 0.0 ] },
				"up": { "texture": "#", "uv": [ 0.0, 0.0, 0.0, 0.0 ] },
				"down": { "texture": "#", "uv": [ 0.0, 0.0, 0.0, 0.0 ] }
			},
			"children": [
				{
					"name": "cube0",
					"from": [ 0.0, 1.0, 0.0 ],
					"to": [ 16.0, 2.0, 4.0 ],
					"rotationOrigin": [ 8.0, 0.0, 8.0 ],
					"faces": {
						"north": { "texture": "#0", "uv": [ 18.5, 39.0, 34.5, 40.0 ], "autoUv": false },
						"east": { "texture": "#0", "uv": [ 26.5, 37.0, 30.5, 38.0 ], "autoUv": false },
						"south": { "texture": "#0", "uv": [ 16.0, 23.0, 32.0, 24.0 ], "autoUv": false },
						"west": { "texture": "#0", "uv": [ 26.5, 36.0, 30.5, 37.0 ], "autoUv": false },
						"up": { "texture": "#0", "uv": [ 16.0, 20.0, 0.0, 16.0 ], "autoUv": false },
						"down": { "texture": "#0", "uv": [ 29.75, 15.5, 13.75, 19.5 ], "autoUv": false }
					}
				},
				{
					"name": "cube1",
					"from": [ 0.0, 1.0, 9.5 ],
					"to": [ 16.0, 2.0, 13.5 ],
					"rotationOrigin": [ 8.0, 0.0, 8.0 ],
					"faces": {
						"north": { "texture": "#0", "uv": [ 0.0, 5.5, 16.0, 6.5 ], "autoUv": false },
						"east": { "texture": "#0", "uv": [ 26.5, 32.0, 30.5, 33.0 ], "autoUv": false },
						"south": { "texture": "#0", "uv": [ 18.5, 40.0, 34.5, 41.0 ], "autoUv": false },
						"west": { "texture": "#0", "uv": [ 26.5, 33.0, 30.5, 34.0 ], "autoUv": false },
						"up": { "texture": "#0", "uv": [ 33.0, 6.0, 17.0, 2.0 ], "autoUv": false },
						"down": { "texture": "#0", "uv": [ 33.0, 4.0, 17.0, 8.0 ], "autoUv": false }
					}
				},
				{
					"name": "cube2",
					"from": [ -0.5, 1.0, 4.5 ],
					"to": [ 15.5, 2.0, 8.5 ],
					"rotationOrigin": [ 8.0, 0.0, 8.0 ],
					"faces": {
						"north": { "texture": "#0", "uv": [ 0.0, 27.0, 16.0, 28.0 ], "autoUv": false },
						"east": { "texture": "#0", "uv": [ 26.5, 35.0, 30.5, 36.0 ], "autoUv": false },
						"south": { "texture": "#0", "uv": [ 0.0, 15.0, 16.0, 16.0 ], "autoUv": false },
						"west": { "texture": "#0", "uv": [ 26.5, 34.0, 30.5, 35.0 ], "autoUv": false },
						"up": { "texture": "#0", "uv": [ 16.0, 6.0, 0.0, 2.0 ], "autoUv": false },
						"down": { "texture": "#0", "uv": [ 16.0, 4.0, 0.0, 8.0 ], "autoUv": false }
					}
				},
				{
					"name": "cube3",
					"from": [ 0.0, 9.0, -0.5 ],
					"to": [ 16.0, 10.0, 3.5 ],
					"rotationOrigin": [ 8.0, 0.0, 8.0 ],
					"faces": {
						"north": { "texture": "#0", "uv": [ 18.5, 38.0, 34.5, 39.0 ], "autoUv": false },
						"east": { "texture": "#0", "uv": [ 30.5, 37.0, 34.5, 38.0 ], "autoUv": false },
						"south": { "texture": "#0", "uv": [ 0.0, 15.0, 16.0, 16.0 ], "autoUv": false },
						"west": { "texture": "#0", "uv": [ 30.5, 36.0, 34.5, 37.0 ], "autoUv": false },
						"up": { "texture": "#0", "uv": [ 33.0, 12.0, 17.0, 8.0 ], "autoUv": false },
						"down": { "texture": "#0", "uv": [ 33.0, 12.0, 17.0, 16.0 ], "autoUv": false }
					}
				},
				{
					"name": "cube4",
					"from": [ 0.0, 9.0, 9.0 ],
					"to": [ 16.0, 10.0, 13.0 ],
					"rotationOrigin": [ 8.0, 0.0, 8.0 ],
					"faces": {
						"north": { "texture": "#0", "uv": [ 17.0, 11.5, 33.0, 12.5 ], "autoUv": false },
						"east": { "texture": "#0", "uv": [ 30.5, 33.0, 34.5, 34.0 ], "autoUv": false },
						"south": { "texture": "#0", "uv": [ 18.5, 41.0, 34.5, 42.0 ], "autoUv": false },
						"west": { "texture": "#0", "uv": [ 30.5, 32.0, 34.5, 33.0 ], "autoUv": false },
						"up": { "texture": "#0", "uv": [ 16.0, 24.0, 0.0, 20.0 ], "autoUv": false },
						"down": { "texture": "#0", "uv": [ 32.0, 20.0, 16.0, 24.0 ], "autoUv": false }
					}
				},
				{
					"name": "cube5",
					"from": [ -0.5, 9.0, 4.5 ],
					"to": [ 15.5, 10.0, 8.5 ],
					"rotationOrigin": [ 8.0, 0.0, 8.0 ],
					"faces": {
						"north": { "texture": "#0", "uv": [ 16.0, 23.0, 32.0, 24.0 ], "autoUv": false },
						"east": { "texture": "#0", "uv": [ 30.5, 34.0, 34.5, 35.0 ], "autoUv": false },
						"south": { "texture": "#0", "uv": [ 0.0, 23.0, 16.0, 24.0 ], "autoUv": false },
						"west": { "texture": "#0", "uv": [ 30.5, 35.0, 34.5, 36.0 ], "autoUv": false },
						"up": { "texture": "#0", "uv": [ 16.0, 12.0, 0.0, 8.0 ], "autoUv": false },
						"down": { "texture": "#0", "uv": [ 16.0, 12.0, 0.0, 16.0 ], "autoUv": false }
					}
				},
				{
					"name": "cube6",
					"from": [ 12.8, 8.0, -0.5 ],
					"to": [ 14.8, 9.0, 12.0 ],
					"rotationOrigin": [ 8.8, 0.0, 8.0 ],
					"faces": {
						"north": { "texture": "#0", "uv": [ 12.5, 47.5, 15.0, 48.5 ], "autoUv": false },
						"east": { "texture": "#0", "uv": [ 0.0, 47.5, 12.5, 48.5 ], "autoUv": false },
						"south": { "texture": "#0", "uv": [ 12.5, 46.5, 15.0, 47.5 ], "autoUv": false },
						"west": { "texture": "#0", "uv": [ 0.0, 46.5, 12.5, 47.5 ], "autoUv": false },
						"up": { "texture": "#0", "uv": [ 10.0, 44.5, 7.5, 32.0 ], "autoUv": false },
						"down": { "texture": "#0", "uv": [ 7.5, 32.0, 5.0, 44.5 ], "autoUv": false }
					}
				},
				{
					"name": "cube7",
					"from": [ 0.7, 8.0, -0.5 ],
					"to": [ 2.7, 9.0, 12.0 ],
					"rotationOrigin": [ 7.2, 0.0, 8.0 ],
					"faces": {
						"north": { "texture": "#0", "uv": [ 12.5, 45.5, 15.0, 46.5 ], "autoUv": false },
						"east": { "texture": "#0", "uv": [ 0.0, 45.5, 12.5, 46.5 ], "autoUv": false },
						"south": { "texture": "#0", "uv": [ 12.5, 44.5, 15.0, 45.5 ], "autoUv": false },
						"west": { "texture": "#0", "uv": [ 0.0, 44.5, 12.5, 45.5 ], "autoUv": false },
						"up": { "texture": "#0", "uv": [ 2.5, 44.5, 0.0, 32.0 ], "autoUv": false },
						"down": { "texture": "#0", "uv": [ 5.0, 32.0, 2.5, 44.5 ], "autoUv": false }
					}
				},
				{
					"name": "cube8",
					"from": [ 12.8, 0.0, -0.5 ],
					"to": [ 14.8, 1.0, 12.0 ],
					"rotationOrigin": [ 8.8, 0.0, 8.0 ],
					"faces": {
						"north": { "texture": "#0", "uv": [ 12.5, 47.5, 15.0, 48.5 ], "autoUv": false },
						"east": { "texture": "#0", "uv": [ 0.0, 47.5, 12.5, 48.5 ], "autoUv": false },
						"south": { "texture": "#0", "uv": [ 12.5, 46.5, 15.0, 47.5 ], "autoUv": false },
						"west": { "texture": "#0", "uv": [ 0.0, 46.5, 12.5, 47.5 ], "autoUv": false },
						"up": { "texture": "#0", "uv": [ 10.0, 44.5, 7.5, 32.0 ], "autoUv": false },
						"down": { "texture": "#0", "uv": [ 7.5, 32.0, 5.0, 44.5 ], "autoUv": false }
					}
				},
				{
					"name": "cube9",
					"from": [ 0.7, 0.0, -0.5 ],
					"to": [ 2.7, 1.0, 12.0 ],
					"rotationOrigin": [ 7.2, 0.0, 8.0 ],
					"faces": {
						"north": { "texture": "#0", "uv": [ 12.5, 45.5, 15.0, 46.5 ], "autoUv": false },
						"east": { "texture": "#0", "uv": [ 0.0, 45.5, 12.5, 46.5 ], "autoUv": false },
						"south": { "texture": "#0", "uv": [ 12.5, 44.5, 15.0, 45.5 ], "autoUv": false },
						"west": { "texture": "#0", "uv": [ 0.0, 44.5, 12.5, 45.5 ], "autoUv": false },
						"up": { "texture": "#0", "uv": [ 2.5, 44.5, 0.0, 32.0 ], "autoUv": false },
						"down": { "texture": "#0", "uv": [ 5.0, 32.0, 2.5, 44.5 ], "autoUv": false }
					}
				}
			]
		}
	]}