{
	"inheritFrom": "itemtypes/caspart",
	"variantgroups": [
		{ "code": "material", "states": [ "aged" ], "loadFromProperties": "game:block/wood" }
	],
	"textures": {
		"bottom": {
            "base": "game:block/wood/debarked/{material}",
            "blendedOverlays": [ { "base": "vanvar:block/door/rough-bottom", "blendMode": "Normal" } ]
        },
        "top": {
            "base": "game:block/wood/debarked/{material}",
            "blendedOverlays": [ { "base": "vanvar:block/door/rough-top", "blendMode": "Normal" } ]
        }
    }
}