[
	{
		"ingredientPattern": "B,P",
		"ingredients": {
			"B": { "type": "block", "code": "claybucket-*-fired" },
			"P": { "type": "block", "code": "bricklayers:pattern-waxed-*", "name": "type" }
		},
		"width": 1,
		"height": 2,
		"attributes": {
			"liquidContainerProps": {
				"requiresContent": { "type": "item", "code": "bricklayers:glazing-clear-brown" },
	                        "requiresLitres": 2
			}
		},
		"output": { "type": "block", "code": "bricklayers:pattern-colored-{type}", "quantity": 1 }
	}
]