[
  {
    "side": "server",
    "file": "tradie:config/tradelists/trader-clockmaker",
    "op": "addeach",
    "path": "/buying/list/-",
    "value":
    [
                  {
                        "code": "translocatorengineeringredux:coalescencecrystalshard",
                        "type": "item",
                        "stacksize": 6,
                        "stock": {
                            "avg": 1,
                            "var": 0.25
                        },
                        "price": {
                            "avg": 7,
                             "var": 2.25
                        }
                   },
				   {
                        "code": "translocatorengineeringredux:rectifiedcoalescencecrystal",
                        "type": "item",
                        "stacksize": 1,
                        "stock": {
                            "avg": 1,
                            "var": 0.25
                        },
                        "price": {
                            "avg": 7,
                             "var": 2.25
                        }
                   },
				   {
                        "code": "translocatorengineeringredux:powercore",
                        "type": "item",
                        "stacksize": 1,
                        "stock": {
                            "avg": 1,
                            "var": 0.25
                        },
                        "price": {
                            "avg": 9,
                             "var": 0.5
                        }
                   },
				   {
                        "code": "translocatorengineeringredux:gatearray",
                        "type": "item",
                        "stacksize": 1,
                        "stock": {
                            "avg": 1,
                            "var": 0.25
                        },
                        "price": {
                            "avg": 13,
                             "var": 2.25
                        }
                   },
				   {
                        "code": "translocatorengineeringredux:particulationcomponent",
                        "type": "item",
                        "stacksize": 1,
                        "stock": {
                            "avg": 1,
                            "var": 0.25
                        },
                        "price": {
                            "avg": 13,
                             "var": 2.25
                        }
                   },
    ]
  },
  {
    "side": "server",
    "file": "tradie:config/tradelists/trader-clockmaker",
    "op": "addeach",
    "path": "/selling/list/-",
    "value":
    [
                    {       
                        "code": "translocatorengineeringredux:linker",
                        "type": "item",
                        "stacksize": 1,
                        "stock": {
                            "avg": 3,
                            "var": 1.25
                        },
                        "price": {
                            "avg": 100,
                             "var": 20.5
                        }
                    },
					{
                        "code": "game:statictranslocator-normal-north",
                        "type": "block",
                        "stacksize": 1,
                        "stock": {
                            "avg": 4,
                            "var": 1.25
                        },
                        "price": {
                            "avg": 300,
                             "var": 50
                        }
                    },
				]
	 }
]
