{
	"editor": {
		"collapsedPaths": "Root/base/bside1,Root/base,Root/GemSocket,Root/Hatcore",
		"allAngles": false,
		"entityTextureMode": false
	},
	"textureWidth": 16,
	"textureHeight": 16,
	"textureSizes": {
	},
	"textures": {
		"black": "hatColors/black",
		"yellow": "hatColors/yellow"
	},
	"elements": [
		{
			"name": "Hatcore",
			"from": [ 5.0, 3.0, 5.0 ],
			"to": [ 11.0, 11.0, 11.0 ],
			"rotationOrigin": [ 5.0, 3.0, 5.0 ],
			"faces": {
				"north": { "texture": "#black", "uv": [ 0.0, 0.0, 6.0, 8.0 ] },
				"east": { "texture": "#black", "uv": [ 0.0, 0.0, 6.0, 8.0 ] },
				"south": { "texture": "#black", "uv": [ 0.0, 0.0, 6.0, 8.0 ] },
				"west": { "texture": "#black", "uv": [ 0.0, 0.0, 6.0, 8.0 ] },
				"up": { "texture": "#black", "uv": [ 0.0, 0.0, 6.0, 6.0 ] },
				"down": { "texture": "#black", "uv": [ 0.0, 0.0, 6.0, 6.0 ] }
			},
			"children": [
				{
					"name": "side1",
					"from": [ 1.0, 0.0, -1.0 ],
					"to": [ 5.0, 8.0, 0.0 ],
					"rotationOrigin": [ 1.0, 0.0, -1.0 ],
					"faces": {
						"north": { "texture": "#black", "uv": [ 0.0, 0.0, 4.0, 8.0 ] },
						"east": { "texture": "#black", "uv": [ 0.0, 0.0, 1.0, 8.0 ] },
						"south": { "texture": "#black", "uv": [ 0.0, 0.0, 4.0, 8.0 ] },
						"west": { "texture": "#black", "uv": [ 0.0, 0.0, 1.0, 8.0 ] },
						"up": { "texture": "#black", "uv": [ 0.0, 0.0, 4.0, 1.0 ] },
						"down": { "texture": "#black", "uv": [ 0.0, 0.0, 4.0, 1.0 ] }
					}
				},
				{
					"name": "side2",
					"from": [ -1.0, 0.0, 1.0 ],
					"to": [ 0.0, 8.0, 5.0 ],
					"rotationOrigin": [ -1.0, 0.0, 1.0 ],
					"faces": {
						"north": { "texture": "#black", "uv": [ 0.0, 0.0, 1.0, 8.0 ] },
						"east": { "texture": "#black", "uv": [ 0.0, 0.0, 4.0, 8.0 ] },
						"south": { "texture": "#black", "uv": [ 0.0, 0.0, 1.0, 8.0 ] },
						"west": { "texture": "#black", "uv": [ 0.0, 0.0, 4.0, 8.0 ] },
						"up": { "texture": "#black", "uv": [ 1.0, 1.0, 2.0, 5.0 ] },
						"down": { "texture": "#black", "uv": [ 0.0, 0.0, 1.0, 4.0 ] }
					}
				},
				{
					"name": "side3",
					"from": [ 1.0, 0.0, 6.0 ],
					"to": [ 5.0, 8.0, 7.0 ],
					"rotationOrigin": [ 1.0, 0.0, 6.0 ],
					"faces": {
						"north": { "texture": "#black", "uv": [ 0.0, 0.0, 4.0, 8.0 ] },
						"east": { "texture": "#black", "uv": [ 0.0, 0.0, 1.0, 8.0 ] },
						"south": { "texture": "#black", "uv": [ 0.0, 0.0, 4.0, 8.0 ] },
						"west": { "texture": "#black", "uv": [ 0.0, 0.0, 1.0, 8.0 ] },
						"up": { "texture": "#black", "uv": [ 0.0, 0.0, 4.0, 1.0 ] },
						"down": { "texture": "#black", "uv": [ 0.0, 0.0, 4.0, 1.0 ] }
					}
				},
				{
					"name": "side4",
					"from": [ 6.0, 0.0, 1.0 ],
					"to": [ 7.0, 8.0, 5.0 ],
					"rotationOrigin": [ 6.0, 0.0, 1.0 ],
					"faces": {
						"north": { "texture": "#black", "uv": [ 0.0, 0.0, 1.0, 8.0 ] },
						"east": { "texture": "#black", "uv": [ 0.0, 0.0, 4.0, 8.0 ] },
						"south": { "texture": "#black", "uv": [ 0.0, 0.0, 1.0, 8.0 ] },
						"west": { "texture": "#black", "uv": [ 0.0, 0.0, 4.0, 8.0 ] },
						"up": { "texture": "#black", "uv": [ 0.0, 0.0, 1.0, 4.0 ] },
						"down": { "texture": "#black", "uv": [ 0.0, 0.0, 1.0, 4.0 ] }
					}
				}
			]
		},
		{
			"name": "base",
			"from": [ 3.0, 0.0, 3.0 ],
			"to": [ 13.0, 1.0, 13.0 ],
			"rotationOrigin": [ 3.0, 0.0, 3.0 ],
			"faces": {
				"north": { "texture": "#black", "uv": [ 0.0, 0.0, 10.0, 1.0 ] },
				"east": { "texture": "#black", "uv": [ 0.0, 0.0, 10.0, 1.0 ] },
				"south": { "texture": "#black", "uv": [ 0.0, 0.0, 10.0, 1.0 ] },
				"west": { "texture": "#black", "uv": [ 0.0, 0.0, 10.0, 1.0 ] },
				"up": { "texture": "#black", "uv": [ 0.0, 0.0, 10.0, 10.0 ] },
				"down": { "texture": "#black", "uv": [ 0.0, 0.0, 10.0, 10.0 ] }
			},
			"children": [
				{
					"name": "bside1a",
					"from": [ -1.0, 0.0, 1.0 ],
					"to": [ 0.0, 1.0, 9.0 ],
					"rotationOrigin": [ -1.0, 0.0, 1.0 ],
					"faces": {
						"north": { "texture": "#black", "uv": [ 0.0, 0.0, 1.0, 1.0 ] },
						"east": { "texture": "#black", "uv": [ 0.0, 0.0, 8.0, 1.0 ] },
						"south": { "texture": "#black", "uv": [ 0.0, 0.0, 1.0, 1.0 ] },
						"west": { "texture": "#black", "uv": [ 0.0, 0.0, 8.0, 1.0 ] },
						"up": { "texture": "#black", "uv": [ 0.0, 0.0, 1.0, 8.0 ] },
						"down": { "texture": "#black", "uv": [ 0.0, 0.0, 1.0, 8.0 ] }
					},
					"children": [
						{
							"name": "bside1b",
							"from": [ -1.0, 0.0, 1.0 ],
							"to": [ 0.0, 1.0, 7.0 ],
							"rotationOrigin": [ -1.0, 0.0, 1.0 ],
							"faces": {
								"north": { "texture": "#black", "uv": [ 0.0, 0.0, 1.0, 1.0 ] },
								"east": { "texture": "#black", "uv": [ 0.0, 0.0, 6.0, 1.0 ] },
								"south": { "texture": "#black", "uv": [ 0.0, 0.0, 1.0, 1.0 ] },
								"west": { "texture": "#black", "uv": [ 0.0, 0.0, 6.0, 1.0 ] },
								"up": { "texture": "#black", "uv": [ 0.0, 0.0, 1.0, 6.0 ] },
								"down": { "texture": "#black", "uv": [ 0.0, 0.0, 1.0, 6.0 ] }
							}
						}
					]
				},
				{
					"name": "bside2a",
					"from": [ 1.0, 0.0, -1.0 ],
					"to": [ 9.0, 1.0, 0.0 ],
					"rotationOrigin": [ 1.0, 0.0, -1.0 ],
					"faces": {
						"north": { "texture": "#black", "uv": [ 0.0, 0.0, 8.0, 1.0 ] },
						"east": { "texture": "#black", "uv": [ 0.0, 0.0, 1.0, 1.0 ] },
						"south": { "texture": "#black", "uv": [ 0.0, 0.0, 8.0, 1.0 ] },
						"west": { "texture": "#black", "uv": [ 0.0, 0.0, 1.0, 1.0 ] },
						"up": { "texture": "#black", "uv": [ 0.0, 0.0, 8.0, 1.0 ] },
						"down": { "texture": "#black", "uv": [ 0.0, 0.0, 8.0, 1.0 ] }
					},
					"children": [
						{
							"name": "bside2b",
							"from": [ 1.0, 0.0, -1.0 ],
							"to": [ 7.0, 1.0, 0.0 ],
							"rotationOrigin": [ 1.0, 0.0, -1.0 ],
							"faces": {
								"north": { "texture": "#black", "uv": [ 0.0, 0.0, 6.0, 1.0 ] },
								"east": { "texture": "#black", "uv": [ 0.0, 0.0, 1.0, 1.0 ] },
								"south": { "texture": "#black", "uv": [ 0.0, 0.0, 6.0, 1.0 ] },
								"west": { "texture": "#black", "uv": [ 0.0, 0.0, 1.0, 1.0 ] },
								"up": { "texture": "#black", "uv": [ 0.0, 0.0, 6.0, 1.0 ] },
								"down": { "texture": "#black", "uv": [ 0.0, 0.0, 6.0, 1.0 ] }
							}
						}
					]
				},
				{
					"name": "bside3a",
					"from": [ 10.0, 0.0, 1.0 ],
					"to": [ 11.0, 1.0, 9.0 ],
					"rotationOrigin": [ 10.0, 0.0, 1.0 ],
					"faces": {
						"north": { "texture": "#black", "uv": [ 0.0, 0.0, 1.0, 1.0 ] },
						"east": { "texture": "#black", "uv": [ 0.0, 0.0, 8.0, 1.0 ] },
						"south": { "texture": "#black", "uv": [ 0.0, 0.0, 1.0, 1.0 ] },
						"west": { "texture": "#black", "uv": [ 0.0, 0.0, 8.0, 1.0 ] },
						"up": { "texture": "#black", "uv": [ 0.0, 0.0, 1.0, 8.0 ] },
						"down": { "texture": "#black", "uv": [ 0.0, 0.0, 1.0, 8.0 ] }
					},
					"children": [
						{
							"name": "bside3b",
							"from": [ 1.0, 0.0, 1.0 ],
							"to": [ 2.0, 1.0, 7.0 ],
							"rotationOrigin": [ 1.0, 0.0, 1.0 ],
							"faces": {
								"north": { "texture": "#black", "uv": [ 0.0, 0.0, 1.0, 1.0 ] },
								"east": { "texture": "#black", "uv": [ 0.0, 0.0, 6.0, 1.0 ] },
								"south": { "texture": "#black", "uv": [ 0.0, 0.0, 1.0, 1.0 ] },
								"west": { "texture": "#black", "uv": [ 0.0, 0.0, 6.0, 1.0 ] },
								"up": { "texture": "#black", "uv": [ 0.0, 0.0, 1.0, 6.0 ] },
								"down": { "texture": "#black", "uv": [ 0.0, 0.0, 1.0, 6.0 ] }
							}
						}
					]
				},
				{
					"name": "bside4a",
					"from": [ 1.0, 0.0, 10.0 ],
					"to": [ 9.0, 1.0, 11.0 ],
					"rotationOrigin": [ 1.0, 0.0, 10.0 ],
					"faces": {
						"north": { "texture": "#black", "uv": [ 0.0, 0.0, 8.0, 1.0 ] },
						"east": { "texture": "#black", "uv": [ 0.0, 0.0, 1.0, 1.0 ] },
						"south": { "texture": "#black", "uv": [ 0.0, 0.0, 8.0, 1.0 ] },
						"west": { "texture": "#black", "uv": [ 0.0, 0.0, 1.0, 1.0 ] },
						"up": { "texture": "#black", "uv": [ 0.0, 0.0, 8.0, 1.0 ] },
						"down": { "texture": "#black", "uv": [ 0.0, 0.0, 8.0, 1.0 ] }
					},
					"children": [
						{
							"name": "bside4b",
							"from": [ 1.0, 0.0, 1.0 ],
							"to": [ 7.0, 1.0, 2.0 ],
							"rotationOrigin": [ 1.0, 0.0, 1.0 ],
							"faces": {
								"north": { "texture": "#black", "uv": [ 0.0, 0.0, 6.0, 1.0 ] },
								"east": { "texture": "#black", "uv": [ 0.0, 0.0, 1.0, 1.0 ] },
								"south": { "texture": "#black", "uv": [ 0.0, 0.0, 6.0, 1.0 ] },
								"west": { "texture": "#black", "uv": [ 0.0, 0.0, 1.0, 1.0 ] },
								"up": { "texture": "#black", "uv": [ 0.0, 0.0, 6.0, 1.0 ] },
								"down": { "texture": "#black", "uv": [ 0.0, 0.0, 6.0, 1.0 ] }
							}
						}
					]
				}
			]
		},
		{
			"name": "redrim",
			"from": [ 4.5, 1.0, 4.5 ],
			"to": [ 11.5, 3.0, 11.5 ],
			"rotationOrigin": [ 5.0, 1.0, 5.0 ],
			"faces": {
				"north": { "texture": "#yellow", "uv": [ 0.0, 0.0, 7.0, 2.0 ] },
				"east": { "texture": "#yellow", "uv": [ 0.0, 0.0, 7.0, 2.0 ] },
				"south": { "texture": "#yellow", "uv": [ 0.0, 0.0, 7.0, 2.0 ] },
				"west": { "texture": "#yellow", "uv": [ 0.0, 0.0, 7.0, 2.0 ] },
				"up": { "texture": "#yellow", "uv": [ 0.0, 0.0, 7.0, 7.0 ] },
				"down": { "texture": "#yellow", "uv": [ 0.0, 0.0, 7.0, 7.0 ] }
			},
			"children": [
				{
					"name": "rside1",
					"from": [ 1.0, 0.0, -1.0 ],
					"to": [ 6.0, 2.0, 0.0 ],
					"rotationOrigin": [ 0.0, 0.0, -4.0 ],
					"faces": {
						"north": { "texture": "#yellow", "uv": [ 0.0, 0.0, 5.0, 2.0 ] },
						"east": { "texture": "#yellow", "uv": [ 0.0, 0.0, 1.0, 2.0 ] },
						"south": { "texture": "#yellow", "uv": [ 0.0, 0.0, 5.0, 2.0 ] },
						"west": { "texture": "#yellow", "uv": [ 0.0, 0.0, 1.0, 2.0 ] },
						"up": { "texture": "#yellow", "uv": [ 0.0, 0.0, 5.0, 1.0 ] },
						"down": { "texture": "#yellow", "uv": [ 0.0, 0.0, 5.0, 1.0 ] }
					}
				},
				{
					"name": "rside2",
					"from": [ -1.0, 0.0, 1.0 ],
					"to": [ 0.0, 2.0, 6.0 ],
					"rotationOrigin": [ -1.0, 0.0, 1.0 ],
					"faces": {
						"north": { "texture": "#yellow", "uv": [ 0.0, 0.0, 1.0, 2.0 ] },
						"east": { "texture": "#yellow", "uv": [ 0.0, 0.0, 5.0, 2.0 ] },
						"south": { "texture": "#yellow", "uv": [ 0.0, 0.0, 1.0, 2.0 ] },
						"west": { "texture": "#yellow", "uv": [ 0.0, 0.0, 5.0, 2.0 ] },
						"up": { "texture": "#yellow", "uv": [ 0.0, 0.0, 1.0, 5.0 ] },
						"down": { "texture": "#yellow", "uv": [ 0.5, 0.0, 1.5, 5.0 ] }
					}
				},
				{
					"name": "rside3",
					"from": [ 1.0, 0.0, 7.0 ],
					"to": [ 6.0, 2.0, 8.0 ],
					"rotationOrigin": [ 1.0, 0.0, 7.0 ],
					"faces": {
						"north": { "texture": "#yellow", "uv": [ 0.5, 0.0, 5.5, 2.0 ] },
						"east": { "texture": "#yellow", "uv": [ 0.0, 0.0, 1.0, 2.0 ] },
						"south": { "texture": "#yellow", "uv": [ 0.0, 0.0, 5.0, 2.0 ] },
						"west": { "texture": "#yellow", "uv": [ 0.0, 0.0, 1.0, 2.0 ] },
						"up": { "texture": "#yellow", "uv": [ 0.0, 0.0, 5.0, 1.0 ] },
						"down": { "texture": "#yellow", "uv": [ 0.0, 0.0, 5.0, 1.0 ] }
					}
				},
				{
					"name": "rside4",
					"from": [ 7.0, 0.0, 1.0 ],
					"to": [ 8.0, 2.0, 6.0 ],
					"rotationOrigin": [ 8.0, 0.0, 1.0 ],
					"faces": {
						"north": { "texture": "#yellow", "uv": [ 0.0, 0.0, 1.0, 2.0 ] },
						"east": { "texture": "#yellow", "uv": [ 0.0, 0.0, 5.0, 2.0 ] },
						"south": { "texture": "#yellow", "uv": [ 0.0, 0.0, 1.0, 2.0 ] },
						"west": { "texture": "#yellow", "uv": [ 0.0, 0.0, 5.0, 2.0 ] },
						"up": { "texture": "#yellow", "uv": [ 0.0, 0.0, 1.0, 5.0 ] },
						"down": { "texture": "#yellow", "uv": [ 0.0, 0.0, 1.0, 5.0 ] }
					}
				}
			]
		}
	]}