[
  {
    "ingredient": {"type": "item", "code": "game:ingot-*", "name": "metal", "allowedVariants": ["copper", "tinbronze", "bismuthbronze", "blackbronze", "iron", "meteoriciron", "steel", "gold", "silver"]},
    "name": "armor",
    "pattern": [[
      "__##########__",
      "__##########__",
      "__##########__",
      "__##########__",
      "__##########__",
      "__##########__",
      "__##########__",
      "__##########__",
      "__##########__",
      "__##########__"
    ],[
      "__##########__",
      "__#________#__",
      "__#________#__",
      "__#________#__",
      "__#________#__",
      "__#________#__",
      "__#________#__",
      "__#________#__",
      "__#________#__",
      "__##########__"
    ],[
      "__##########__",
      "__#________#__",
      "__#________#__",
      "__#________#__",
      "__#________#__",
      "__#________#__",
      "__#________#__",
      "__#________#__",
      "__#________#__",
      "__##__##__##__"
    ]],
    "output": {"type": "item", "code": "visorhelmets:armor-head-{metal}-closed"}
  }
]