[
    {
        "file": "game:blocktypes/stone/looseflints.json",
        "op": "remove",
        "side": "server",
        "path": "/textures"
    },
            {
                "file": "game:blocktypes/stone/looseflints.json",
                "op": "add",
                "side": "server",
                "path": "/texturesByType",
                "value": {
                    "@.*-(andesite|basalt|chalk|kimberlite|obsidian|peridotite|phyllite|scoria|suevite|slate|greenmarble|redmarble|whitemarble)-.*": {
                        "rock": {
                            "base": "game:block/stone/rock/{rockwithdeposit}/1"
                        }
                    },
                    "@.*-(bauxite|chert|claystone|conglomerate|granite|limestone|sandstone|shale)-.*": {
                        "rock": {
                            "base": "game:block/stone/rock/{rockwithdeposit}/sides/1"
                        }
                    },
                    "*": {
                        "rock": { "base": "block/stone/rock/{rockwithdeposit}1" }
                    }
                }
            }
]