[
	{
		"file": "game:blocktypes/stone/loosestones.json",
		"op": "remove",
		"side": "server",
		"path": "/textures"
	},
		{
			"file": "game:blocktypes/stone/loosestones.json",
			"op": "add",
			"side": "server",
			"path": "/texturesByType",
			"value": {
				"@.*-(andesite|basalt|chalk|kimberlite|obsidian|peridotite|phyllite|scoria|suevite|slate|greenmarble|redmarble|whitemarble|meteorite-iron)-.*": {
					"rock": {
						"base": "game:block/stone/rock/{rock}/1"
					}
				},
				"@.*-(bauxite|chert|claystone|conglomerate|granite|limestone|sandstone|shale)-.*": {
					"rock": {
						"base": "game:block/stone/rock/{rock}/sides/1"
					}
				},
				"*": {
					"rock": { "base": "game:block/stone/rock/{rock}/*" }
				}
			}
		}
]


