[
	{
		"op": "remove",
		"side": "server",
		"path": "/textures",
		"file": "game:blocktypes/stone/ore-gem.json"
	},
	{
		"file": "game:blocktypes/stone/ore-gem.json",
		"op": "add",
		"side": "server",
		"path": "/texturesByType",
		"value": {
			"@.*-(basalt|phyllite|slate|kimberlite|suevite|peridotite)": {
				"all": {
					"base": "game:block/stone/rock/{rock}/1",
					"overlays": [
						"game:block/stone/ore/{type}1"
					],
					"alternates": [
						{
							"base": "game:block/stone/rock/{rock}/1",
							"overlays": [
								"game:block/stone/ore/{type}2"
							]
						},
						{
							"base": "game:block/stone/rock/{rock}/1",
							"overlays": [
								"game:block/stone/ore/{type}3"
							]
						}
					]
				}
			},
			"@.*-(limestone|shale)": {
				"all": {
					"base": "game:block/stone/rock/{rock}/sides/1",
					"overlays": [
						"game:block/stone/ore/{type}1"
					],
					"alternates": [
						{
							"base": "game:block/stone/rock/{rock}/sides/1",
							"overlays": [
								"game:block/stone/ore/{type}2"
							]
						},
						{
							"base": "game:block/stone/rock/{rock}/sides/1",
							"overlays": [
								"game:block/stone/ore/{type}3"
							]
						}
					]
				}
			}
		}
	}
]


			