[

    {
        "op": "remove",
        "side": "server",
        "path": "/textures",
        "file": "game:blocktypes/stone/ore-ungraded.json"
    },
    {
        "file": "game:blocktypes/stone/ore-ungraded.json",
        "op": "add",
        "side": "server",
        "path": "/texturesByType",
        "value": {
            "@.*-(andesite|basalt|phyllite|slate|kimberlite|obsidian|scoria|suevite|tuff|peridotite|greenmarble|redmarble|whitemarble|chalk|halite)": {
                "all": {
                    "base": "game:block/stone/rock/{rock}/1",
                    "overlays": [
                        "game:block/stone/ore/{type}1"
                    ],
                    "alternates": [
                        {
                            "base": "game:block/stone/rock/{rock}/1",
                            "overlays": [
                                "game:block/stone/ore/{type}2"
                            ]
                        },
                        {
                            "base": "game:block/stone/rock/{rock}/1",
                            "overlays": [
                                "game:block/stone/ore/{type}3"
                            ]
                        }
                    ]
                }
            },
            "@.*-(bauxite|chert|claystone|conglomerate|granite|limestone|sandstone|shale)": {
                "all": {
                    "base": "game:block/stone/rock/{rock}/sides/1",
                    "overlays": [
                        "game:block/stone/ore/{type}1"
                    ],
                    "alternates": [
                        {
                            "base": "game:block/stone/rock/{rock}/sides/1",
                            "overlays": [
                                "game:block/stone/ore/{type}2"
                            ]
                        },
                        {
                            "base": "game:block/stone/rock/{rock}/sides/1",
                            "overlays": [
                                "game:block/stone/ore/{type}3"
                            ]
                        }
                    ]
                }
            }
        }
    }
]
