[
    {
        "op": "remove",
        "path": "/textures",
        "file": "game:blocktypes/stone/polished/polishedrock.json",
        "side": "Server"
    },
    {
        "file": "game:blocktypes/stone/polished/polishedrock.json",
        "side": "Server",
        "op": "add",
        "path": "/texturesByType",
        "value": {
            "@.*-(andesite|basalt|bauxite|chalk|chert|claystone|conglomerate|granite|greenmarble|kimberlite|limestone|peridotite|phyllite|redmarble|slate|sandstone|shale|suevite|whitemarble)": {
                "all": { "base": "game:block/stone/polishedrock/{rock}*" },
                "inside-north": { "base": "game:block/stone/polishedrock/{rock}*" },
                "inside-east": { "base": "game:block/stone/polishedrock/{rock}*" },
                "inside-south": { "base": "game:block/stone/polishedrock/{rock}*" },
                "inside-west": { "base": "game:block/stone/polishedrock/{rock}*" },
                "inside-up": { "base": "game:block/stone/polishedrock/{rock}*" },
                "inside-down": { "base": "game:block/stone/polishedrock/{rock}*" }

            }
        },
        "*": {
            "all": {
                "base": "game:block/stone/polishedrock/{rock}"
            },
            "inside-north": {
                "base": "game:block/stone/polishedrock/{rock}-inside"
            },
            "inside-east": {
                "base": "game:block/stone/polishedrock/{rock}-inside"
            },
            "inside-south": {
                "base": "game:block/stone/polishedrock/{rock}-inside"
            },
            "inside-west": {
                "base": "game:block/stone/polishedrock/{rock}-inside"
            },
            "inside-up": {
                "base": "game:block/stone/polishedrock/{rock}-inside"
            },
            "inside-down": {
                "base": "game:block/stone/polishedrock/{rock}-inside"
            }
        }
    }
]