[
  
    {
        "file": "game:blocktypes/stone/rock.json",
        "op": "replace",
        "path": "/texturesByType",
        "side": "server",
        "value": {
            "*-slate": {
                "all": {
                    "base": "game:block/stone/rock/{rock}/1",
                    "tiles": [
                        { "base": "game:block/stone/rock/{rock}/*" }
                    ],
                    "tilesWidth": 2
                }
            },
            "@.*-(andesite|basalt|chalk|kimberlite|obsidian|peridotite|scoria|suevite|tuff|greenmarble|redmarble|whitemarble)": {
                "all": {
                    "base": "game:block/stone/rock/{rock}/1",
                    "tiles": [
                        { "base": "game:block/stone/rock/{rock}/*" }
                    ],
                    "tilesWidth": 4
                }
            },
            "*-phyllite": {
                "all": {
                    "base": "game:block/stone/rock/{rock}/1",
                    "tiles": [
                        { "base": "game:block/stone/rock/{rock}/*" }
                    ],
                    "tilesWidth": 8
                }
            },
            "@.*-(halite)": {
                "all": {
                    "base": "game:block/stone/rock/{rock}/1",
                    "tiles": [
                        { "base": "game:block/stone/rock/{rock}/*" }
                    ],
                    "tilesWidth": 8
                }
            },
            "@.*-(bauxite|chert|sandstone|conglomerate)": {
                "sides": {
                    "base": "game:block/stone/rock/{rock}/sides/1",
                    "tiles": [
                        { "base": "game:block/stone/rock/{rock}/sides/*" }
                    ],
                    "tilesWidth": 4
                },
                "up": {
                    "base": "game:block/stone/rock/{rock}/top/1",
                    "tiles": [
                        { "base": "game:block/stone/rock/{rock}/top/*" }
                    ],
                    "tilesWidth": 4
                },
                "down": {
                    "base": "game:block/stone/rock/{rock}/top/1",
                    "tiles": [
                        { "base": "game:block/stone/rock/{rock}/top/*" }
                    ],
                    "tilesWidth": 4
                }
            },
            "@.*-(claystone)": {
                "sides": {
                    "base": "game:block/stone/rock/{rock}/sides/1",
                    "tiles": [
                        { "base": "game:block/stone/rock/{rock}/sides/*" }
                    ],
                    "tilesWidth": 4
                },
                "up": {
                    "base": "game:block/stone/rock/{rock}/top/1",
                    "tiles": [
                        { "base": "game:block/stone/rock/{rock}/top/*" }
                    ],
                    "tilesWidth": 3
                },
                "down": {
                    "base": "game:block/stone/rock/{rock}/top/1",
                    "tiles": [
                        { "base": "game:block/stone/rock/{rock}/top/*" }
                    ],
                    "tilesWidth": 3
                }
            },
            "*-granite": {
                "sides": {
                    "base": "game:block/stone/rock/{rock}/sides/1",
                    "tiles": [
                        { "base": "game:block/stone/rock/{rock}/sides/*" }
                    ],
                    "tilesWidth": 8
                },
                "up": {
                    "base": "game:block/stone/rock/{rock}/top/1",
                    "tiles": [
                        { "base": "game:block/stone/rock/{rock}/top/*" }
                    ],
                    "tilesWidth": 8
                },
                "down": {
                    "base": "game:block/stone/rock/{rock}/top/1",
                    "tiles": [
                        { "base": "game:block/stone/rock/{rock}/top/*" }
                    ],
                    "tilesWidth": 8
                }
            },
            "*-limestone": {
                "sides": {
                    "base": "game:block/stone/rock/{rock}/sides/1",
                    "tiles": [
                        { "base": "game:block/stone/rock/{rock}/sides/*" }
                    ],
                    "tilesWidth": 8
                },
                "up": {
                    "base": "game:block/stone/rock/{rock}/top/1",
                    "tiles": [
                        { "base": "game:block/stone/rock/{rock}/top/*" }
                    ],
                    "tilesWidth": 7
                },
                "down": {
                    "base": "game:block/stone/rock/{rock}/top/1",
                    "tiles": [
                        { "base": "game:block/stone/rock/{rock}/top/*" }
                    ],
                    "tilesWidth": 7
                }
            },
            "*-shale": {
                "sides": {
                    "base": "game:block/stone/rock/{rock}/sides/1",
                    "tiles": [
                        { "base": "game:block/stone/rock/{rock}/sides/*" }
                    ],
                    "tilesWidth": 6
                },
                "up": {
                    "base": "game:block/stone/rock/{rock}/top/1",
                    "tiles": [
                        { "base": "game:block/stone/rock/{rock}/top/*" }
                    ],
                    "tilesWidth": 3
                },
                "down": {
                    "base": "game:block/stone/rock/{rock}/top/1",
                    "tiles": [
                        { "base": "game:block/stone/rock/{rock}/top/*" }
                    ],
                    "tilesWidth": 3
                }
            }
        }
    }
]