{
	"editor": {
		"allAngles": false,
		"entityTextureMode": false
	},
	"textureWidth": 16,
	"textureHeight": 16,
	"textureSizes": {
	},
	"textures": {
		"barkup": "block/wood/bark/birch",
		"bark": "block/wood/bark/birch",
		"core": "block/wood/treetrunk/birch",
		"ends": "block/wood/treetrunk/birch"
	},
	"elements": [
		{
			"name": "main",
			"from": [ 0.0, 0.0, 0.0 ],
			"to": [ 16.0, 16.0, 16.0 ],
			"faces": {
				"north": { "texture": "#ends", "uv": [ 0.0, 0.0, 16.0, 16.0 ], "rotation": 90 },
				"east": { "texture": "#bark", "uv": [ 0.0, 0.0, 16.0, 16.0 ], "rotation": 180 },
				"south": { "texture": "#bark", "uv": [ 0.0, 0.0, 16.0, 16.0 ], "rotation": 180 },
				"west": { "texture": "#ends", "uv": [ 0.0, 0.0, 16.0, 16.0 ], "rotation": 90 },
				"up": { "texture": "#barkup", "uv": [ 0.0, 0.0, 16.0, 16.0 ] },
				"down": { "texture": "#bark", "uv": [ 0.0, 0.0, 16.0, 16.0 ], "rotation": 180 }
			},
			"children": [
				{
					"name": "Cube2",
					"from": [ 0.01, 0.01, 16.0 ],
					"to": [ 15.99, 7.99, 19.0 ],
					"rotationOrigin": [ 8.0, 0.0, 16.0 ],
					"faces": {
						"east": { "texture": "#bark", "uv": [ 0.0, 0.0, 3.0, 8.0 ], "rotation": 180, "autoUv": false },
						"south": { "texture": "#ends", "uv": [ 0.0, 8.0, 16.0, 16.0 ], "autoUv": false, "windMode": [-1,-1,-1,-1] },
						"west": { "texture": "#bark", "uv": [ 0.0, 0.0, 3.0, 8.0 ], "rotation": 180, "autoUv": false },
						"up": { "texture": "#core", "uv": [ 5.0, 0.0, 8.0, 16.0 ], "rotation": 90, "autoUv": false },
						"down": { "texture": "#bark", "uv": [ 0.0, 0.0, 3.0, 16.0 ], "rotation": 90, "autoUv": false }
					}
				},
				{
					"name": "Cube3",
					"from": [ 16.0, 8.01, 0.01 ],
					"to": [ 19.0, 15.99, 15.99 ],
					"rotationOrigin": [ 16.0, 8.0, 8.0 ],
					"faces": {
						"north": { "texture": "#bark", "uv": [ 13.0, 8.0, 16.0, 16.0 ], "autoUv": false },
						"east": { "texture": "#ends", "uv": [ 0.0, 0.0, 16.0, 8.0 ], "autoUv": false, "windMode": [-1,-1,-1,-1], "windData": [0,1,1,0] },
						"south": { "texture": "#bark", "uv": [ 13.0, 8.0, 16.0, 16.0 ], "rotation": 180, "autoUv": false },
						"up": { "texture": "#barkup", "uv": [ 0.0, 0.0, 3.0, 16.0 ], "autoUv": false },
						"down": { "texture": "#core", "uv": [ 8.0, 0.0, 11.0, 16.0 ], "autoUv": false, "windMode": [-1,-1,-1,-1] }
					}
				}
			]
		}
	]}