{
    "code": "crop",
    "class": "BlockCrop",
    "behaviors": [ { "name": "Unstable" } ],
    "variantgroups": [
        {
            "code": "type",
            "states": [ "hibiscus" ]
        },
        {
            "code": "stage",
            "states": [ "1", "2", "3", "4", "5", "6", "7", "8", "9" ]
        }
    ],
    "creativeinventory": {
        "general": [ "*" ],
        "soaplyeandbloom": [ "*" ],
        "flora": [ "*" ]
    },
    "renderpass": "OpaqueNoCull",
    "shapeByType": {
        "*": { "base": "block/plant/crop/hibiscus/stage{stage}" }
    },
    "texturesByType": {
        "*-hibiscus-7": {
            "hibiscus": { "base": "block/plant/crop/hibiscus" },
            "hibiscus-bush": { "base": "block/plant/crop/hibiscus-bush" }
        },
        "*-hibiscus-8": {
            "hibiscus": { "base": "block/plant/crop/hibiscus" },
            "hibiscus-bush": { "base": "block/plant/crop/hibiscus-bush" }
        },
        "*-hibiscus-9": {
            "hibiscus": { "base": "block/plant/crop/hibiscus" },
            "hibiscus-bush": { "base": "block/plant/crop/hibiscus-bush" }
        },
        "*-hibiscus-*": {
            "hibiscus": { "base": "block/plant/crop/hibiscus" }
        }
    },
    "blockmaterial": "Plant",
    "randomizeRotations": true,
    "attributes": {
        "butterflyFeedByType": {
            "*-8": true,
            "*-9": true,
            "*": false
        },
        "beeFeedByType": {
            "*-8": true,
            "*-9": true,
            "*": false
        },
        "sitHeight": 0.35,
        "tickGrowthProbability": 0.05,
        "handbook": {
            "includeByType": {
                "*-9": true,
                "*": false
            }
        }
    },
    "sideopaque": {
        "all": false
    },
    "sidesolid": {
        "all": false
    },
    "replaceable": 3000,
    "lightAbsorption": 0,
    "resistance": 0.5,
    "sounds": {
        "place": "game:block/plant",
        "break": "game:block/plant",
        "hit": "game:block/plant"
    },
    "rainPermeable": false,
    "dropsByType": {
        "*-8": [
            {
                "type": "item",
                "code": "seeds-hibiscus",
                "quantity": { "avg": 0.99 }
            },
            {
                "type": "item",
                "code": "flower-hibiscus-fresh",
                "tool": "shears",
                "quantity": { "avg": 3, "var": 1 }
            }
        ],
        "*-9": [
            {
                "type": "item",
                "code": "seeds-hibiscus",
                "quantity": { "avg": 1.2 }
            },
            {
                "type": "item",
                "code": "flower-hibiscus-fresh",
                "tool": "shears",
                "quantity": { "avg": 7, "var": 1 }
            }
        ],
        "*": [
            {
                "type": "item",
                "code": "seeds-hibiscus",
                "quantity": { "avg": 0.7 }
            }
        ]
    },
    "cropPropsByType": {
        "*-hibiscus-*": {
            "requiredNutrient": "P",
            "nutrientConsumption": 20,
            "growthStages": 9,
            "totalGrowthMonths": 2.85,
            "coldDamageBelow": -4,
            "damageGrowthStuntMul": 0.75,
            "coldDamageRipeMul": 0.5,
            "heatDamageAbove": 45
        }
    },
    "collisionbox": null,
    "selectionbox": {
        "x1": 0.0625,
        "y1": 0,
        "z1": 0.0625,
        "x2": 0.9375,
        "y2": 0.25,
        "z2": 0.9375
    },
    "materialDensity": 200,
    "combustibleProps": {
        "burnTemperature": 600,
        "burnDuration": 10
    },
    "frostable": true
}
