[
	{
		"file": "game:shapes/block/wood/crate/label-paper.json",
		"op": "replace",
		"path": "/textures",
		"value": {
			"label-building": "game:block/wood/crate/label-empty"
		}
	},
	{
		"file": "game:shapes/block/wood/crate/label-paper.json",
		"op": "replace",
		"path": "/elements",
		"value": [
			{
				"name": "bone",
				"from": [ -0.25, 0.0, 0.1 ],
				"to": [ -0.25, 0.0, 0.1 ],
				"rotationOrigin": [ 7.9654, 7.5292, 0.1 ],
				"rotationY": -90.0,
				"rotationZ": 2.25,
				"faces": {
					"north": {
						"texture": "#label-building",
						"uv": [ 0.0, 0.0, 0.5, 0.5 ]
					},
					"east": {
						"texture": "#label-building",
						"uv": [ 0.0, 0.0, 0.5, 0.5 ]
					},
					"south": {
						"texture": "#label-building",
						"uv": [ 0.0, 0.0, 0.5, 0.5 ]
					},
					"west": {
						"texture": "#label-building",
						"uv": [ 0.0, 0.0, 0.5, 0.5 ]
					},
					"up": {
						"texture": "#label-building",
						"uv": [ 0.0, 0.0, 0.5, 0.5 ]
					},
					"down": {
						"texture": "#label-building",
						"uv": [ 0.0, 0.0, 0.5, 0.5 ]
					}
				},
				"children": [
					{
						"name": "cube0",
						"from": [ 8.275, 10.5, -4.5 ],
						"to": [ 8.275, 14.0, 4.5 ],
						"rotationOrigin": [ 8.525, 13.0, 0.0 ],
						"rotationZ": 2.25,
						"faces": {
							"north": {
								"texture": "#label-building",
								"uv": [ 0.0, 0.0, 0.0, 3.5 ],
								"autoUv": false
							},
							"east": {
								"texture": "#label-building",
								"uv": [ 3.5, 2.0, 12.5, 5.5 ],
								"enabled": false,
								"autoUv": false
							},
							"south": {
								"texture": "#label-building",
								"uv": [ 0.0, 0.0, 0.0, 3.5 ],
								"autoUv": false
							},
							"west": {
								"texture": "#label-building",
								"uv": [ 3.5, 2.0, 12.5, 5.5 ],
								"autoUv": false,
								"windMode": [ -1, -1, -1, -1 ]
							},
							"up": {
								"texture": "#label-building",
								"uv": [ 0.0, 0.0, 0.0, 9.0 ],
								"autoUv": false
							},
							"down": {
								"texture": "#label-building",
								"uv": [ 0.0, 0.0, 0.0, 9.0 ],
								"autoUv": false
							}
						}
					},
					{
						"name": "cube1",
						"from": [ 8.2326, 6.4621, -4.5 ],
						"to": [ 8.2326, 10.4621, 4.5 ],
						"rotationOrigin": [ 8.7326, 8.4621, 0.0 ],
						"rotationZ": -4.0,
						"faces": {
							"north": {
								"texture": "#label-building",
								"uv": [ 0.0, 0.0, 0.0, 5.0 ],
								"autoUv": false
							},
							"east": {
								"texture": "#label-building",
								"uv": [ 3.5, 5.5, 12.5, 10.5 ],
								"enabled": false,
								"autoUv": false
							},
							"south": {
								"texture": "#label-building",
								"uv": [ 0.0, 0.0, 0.0, 5.0 ],
								"autoUv": false
							},
							"west": {
								"texture": "#label-building",
								"uv": [ 3.5, 5.5, 12.5, 9.5 ]
							},
							"up": {
								"texture": "#label-building",
								"uv": [ 0.0, 0.0, 0.0, 9.0 ],
								"autoUv": false
							},
							"down": {
								"texture": "#label-building",
								"uv": [ 0.0, 0.0, 0.0, 9.0 ],
								"autoUv": false
							}
						}
					},
					{
						"name": "cube2",
						"from": [ 7.9164, 4.5178, -4.5 ],
						"to": [ 7.9164, 6.5178, 4.5 ],
						"rotationOrigin": [ 7.9164, 5.5178, 0.0 ],
						"rotationZ": -10.25,
						"faces": {
							"north": {
								"texture": "#label-building",
								"uv": [ 0.0, 0.0, 0.0, 2.0 ],
								"autoUv": false
							},
							"east": {
								"texture": "#label-building",
								"uv": [ 3.5, 10.5, 12.5, 12.5 ],
								"enabled": false,
								"autoUv": false
							},
							"south": {
								"texture": "#label-building",
								"uv": [ 0.0, 0.0, 0.0, 2.0 ],
								"autoUv": false
							},
							"west": {
								"texture": "#label-building",
								"uv": [ 3.5, 10.5, 12.5, 12.5 ],
								"autoUv": false
							},
							"up": {
								"texture": "#label-building",
								"uv": [ 0.0, 0.0, 0.0, 9.0 ],
								"autoUv": false
							},
							"down": {
								"texture": "#label-building",
								"uv": [ 0.0, 0.0, 0.0, 9.0 ],
								"autoUv": false
							}
						}
					},
					{
						"name": "cube3",
						"from": [ 7.4067, 2.6111, -4.5 ],
						"to": [ 7.4067, 4.6111, 4.5 ],
						"rotationOrigin": [ 7.4067, 3.8611, 0.0 ],
						"rotationZ": -26.25,
						"faces": {
							"north": {
								"texture": "#label-building",
								"uv": [ 0.0, 0.0, 0.0, 2.0 ],
								"autoUv": false
							},
							"east": {
								"texture": "#label-building",
								"uv": [ 3.5, 12.5, 12.5, 14.5 ],
								"enabled": false,
								"autoUv": false
							},
							"south": {
								"texture": "#label-building",
								"uv": [ 0.0, 0.0, 0.0, 2.0 ],
								"autoUv": false
							},
							"west": {
								"texture": "#label-building",
								"uv": [ 3.5, 12.5, 12.5, 14.5 ],
								"autoUv": false,
								"windMode": [ -1, -1, -1, -1 ]
							},
							"up": {
								"texture": "#label-building",
								"uv": [ 0.0, 0.0, 0.0, 9.0 ],
								"autoUv": false
							},
							"down": {
								"texture": "#label-building",
								"uv": [ 0.0, 0.0, 0.0, 9.0 ],
								"autoUv": false
							}
						}
					}
				]
			}
		]
	}
]
