[
	{
		"file": "game:shapes/block/wood/crate/normal-opened.json",
		"op": "replace",
		"path": "/textureWidth",
		"value": 32
	},
	{
		"file": "game:shapes/block/wood/crate/normal-opened.json",
		"op": "replace",
		"path": "/textureHeight",
		"value": 32
	},
	{
		"file": "game:shapes/block/wood/crate/normal-opened.json",
		"op": "replace",
		"path": "/textures",
		"value": {
			"crate": "game:block/wood/crate/oak-crate"
		}
	},
	{
		"file": "game:shapes/block/wood/crate/normal-opened.json",
		"op": "replace",
		"path": "/elements",
		"value": [
			{
				"name": "crate",
				"from": [ 0.0, 0.0, 0.0 ],
				"to": [ 0.0, 0.0, 0.0 ],
				"rotationOrigin": [ 15.75, 8.0, 8.0 ],
				"faces": {
					"north": {
						"texture": "#crate",
						"uv": [ 0.0, 0.0, 0.5, 0.5 ]
					},
					"east": {
						"texture": "#crate",
						"uv": [ 0.0, 0.0, 0.5, 0.5 ]
					},
					"south": {
						"texture": "#crate",
						"uv": [ 0.0, 0.0, 0.5, 0.5 ]
					},
					"west": {
						"texture": "#crate",
						"uv": [ 0.0, 0.0, 0.5, 0.5 ]
					},
					"up": {
						"texture": "#crate",
						"uv": [ 0.0, 0.0, 0.5, 0.5 ]
					},
					"down": {
						"texture": "#crate",
						"uv": [ 0.0, 0.0, 0.5, 0.5 ]
					}
				},
				"children": [
					{
						"name": "cover",
						"from": [ -7.4, 5.25, -0.3 ],
						"to": [ 4.6, 5.75, 11.7 ],
						"renderPass": 1,
						"rotationOrigin": [ -1.4, 6.0, 5.7 ],
						"rotationZ": 84.0,
						"faces": {
							"north": {
								"texture": "#crate",
								"uv": [ 2.5, 11.0, 14.0, 10.5 ],
								"autoUv": false,
								"windMode": [ -1, -1, -1, -1 ],
								"windData": [ 0, 1, 1, 0 ]
							},
							"east": {
								"texture": "#crate",
								"uv": [ 2.0, 0.5, 14.0, 1.0 ],
								"autoUv": false
							},
							"south": {
								"texture": "#crate",
								"uv": [ 2.0, 9.5, 14.0, 10.0 ],
								"autoUv": false,
								"windMode": [ -1, -1, -1, -1 ],
								"windData": [ 0, 0, 1, 1 ]
							},
							"west": {
								"texture": "#crate",
								"uv": [ 2.5, 14.0, 14.5, 14.5 ],
								"autoUv": false
							},
							"up": {
								"texture": "#crate",
								"uv": [ 0.0, 16.0, 12.0, 28.0 ],
								"autoUv": false,
								"windMode": [ -1, -1, -1, -1 ],
								"windData": [ 1, 1, 1, 1 ]
							},
							"down": {
								"texture": "#crate",
								"uv": [ 0.0, 16.0, 12.0, 28.0 ],
								"autoUv": false,
								"windMode": [ -1, -1, -1, -1 ]
							}
						}
					},
					{
						"name": "N Side",
						"from": [ 0.0, 0.0, 0.0 ],
						"to": [ 1.0, 1.0, 1.0 ],
						"faces": {
							"north": {
								"texture": "#crate",
								"uv": [ 0.0, 0.0, 1.0, 1.0 ],
								"enabled": false
							},
							"east": {
								"texture": "#crate",
								"uv": [ 0.0, 0.0, 1.0, 1.0 ],
								"enabled": false
							},
							"south": {
								"texture": "#crate",
								"uv": [ 0.0, 0.0, 1.0, 1.0 ],
								"enabled": false
							},
							"west": {
								"texture": "#crate",
								"uv": [ 0.0, 0.0, 1.0, 1.0 ],
								"enabled": false
							},
							"up": {
								"texture": "#crate",
								"uv": [ 0.0, 0.0, 1.0, 1.0 ],
								"enabled": false
							},
							"down": {
								"texture": "#crate",
								"uv": [ 0.0, 0.0, 1.0, 1.0 ],
								"enabled": false
							}
						},
						"children": [
							{
								"name": "cube0",
								"from": [ 0.0, 0.0, 0.0 ],
								"to": [ 2.0, 16.0, 0.5 ],
								"rotationOrigin": [ 8.0, 0.0, 32.0 ],
								"faces": {
									"north": {
										"texture": "#crate",
										"uv": [ 14.0, 0.0, 16.0, 16.0 ],
										"autoUv": false
									},
									"east": {
										"texture": "#crate",
										"uv": [ 0.5, 0.0, 1.0, 16.0 ],
										"autoUv": false
									},
									"south": {
										"texture": "#crate",
										"uv": [ 14.5, 0.0, 16.5, 16.0 ],
										"autoUv": false
									},
									"west": {
										"texture": "#crate",
										"uv": [ 0.0, 0.0, 0.5, 16.0 ],
										"autoUv": false
									},
									"up": {
										"texture": "#crate",
										"uv": [ 30.0, 0.0, 32.0, 0.5 ],
										"autoUv": false
									},
									"down": {
										"texture": "#crate",
										"uv": [ 0.5, 0.5, 2.5, 1.0 ],
										"autoUv": false
									}
								}
							},
							{
								"name": "Nside",
								"from": [ 0.5, 0.0, 0.5 ],
								"to": [ 15.5, 16.0, 2.0 ],
								"rotationOrigin": [ 8.0, 0.0, 32.0 ],
								"faces": {
									"north": {
										"texture": "#crate",
										"uv": [ 0.5, 0.0, 15.5, 16.0 ]
									},
									"east": {
										"texture": "#crate",
										"uv": [ 0.5, 0.0, 15.5, 16.0 ],
										"autoUv": false
									},
									"south": {
										"texture": "#crate",
										"uv": [ 0.5, 0.0, 15.5, 16.0 ],
										"autoUv": false
									},
									"west": {
										"texture": "#crate",
										"uv": [ 0.0, 0.0, 15.0, 16.0 ],
										"autoUv": false
									},
									"up": {
										"texture": "#crate",
										"uv": [ 16.5, 0.5, 31.5, 2.0 ]
									},
									"down": {
										"texture": "#crate",
										"uv": [ 0.5, 0.5, 15.5, 2.0 ]
									}
								}
							},
							{
								"name": "angle3",
								"from": [ 16.02, 7.0, -16.05 ],
								"to": [ 16.02, 9.0, 0.95 ],
								"rotationOrigin": [ 8.025, 8.0, -7.55 ],
								"rotationX": -90.0,
								"rotationY": -45.0,
								"rotationZ": -90.0,
								"faces": {
									"north": {
										"texture": "#crate",
										"uv": [ 0.5, 0.0, 1.0, 2.0 ],
										"autoUv": false
									},
									"east": {
										"texture": "#crate",
										"uv": [ 0.0, 28.0, 17.0, 30.0 ],
										"autoUv": false,
										"windMode": [ -1, -1, -1, -1 ]
									},
									"south": {
										"texture": "#crate",
										"uv": [ 0.5, 0.0, 1.0, 2.0 ],
										"autoUv": false
									},
									"west": {
										"texture": "#crate",
										"uv": [ 0.0, 28.0, 17.0, 30.0 ],
										"autoUv": false,
										"windMode": [ -1, -1, -1, -1 ]
									},
									"up": {
										"texture": "#crate",
										"uv": [ 0.0, 0.0, 17.0, 0.5 ],
										"rotation": 90,
										"autoUv": false
									},
									"down": {
										"texture": "#crate",
										"uv": [ 0.0, 0.0, 17.0, 0.5 ],
										"rotation": 90,
										"autoUv": false
									}
								}
							},
							{
								"name": "cube10",
								"from": [ 2.0, 0.0, 0.0 ],
								"to": [ 14.0, 2.0, 0.5 ],
								"rotationOrigin": [ 8.0, 0.0, 32.0 ],
								"faces": {
									"north": {
										"texture": "#crate",
										"uv": [ 2.0, 14.0, 14.0, 16.0 ],
										"autoUv": false
									},
									"east": {
										"texture": "#crate",
										"uv": [ 32.0, 32.0, 32.0, 32.0 ],
										"autoUv": false
									},
									"south": {
										"texture": "#crate",
										"uv": [ 32.0, 32.0, 32.0, 32.0 ],
										"autoUv": false
									},
									"west": {
										"texture": "#crate",
										"uv": [ 32.0, 32.0, 32.0, 32.0 ],
										"autoUv": false
									},
									"up": {
										"texture": "#crate",
										"uv": [ 16.5, 0.5, 28.5, 1.0 ],
										"autoUv": false
									},
									"down": {
										"texture": "#crate",
										"uv": [ 0.5, 0.5, 12.5, 1.0 ],
										"autoUv": false
									}
								}
							},
							{
								"name": "cube9",
								"from": [ 2.0, 14.0, 0.0 ],
								"to": [ 14.0, 16.0, 0.5 ],
								"rotationOrigin": [ 8.0, 0.0, 32.0 ],
								"faces": {
									"north": {
										"texture": "#crate",
										"uv": [ 2.0, 0.0, 14.0, 2.0 ],
										"autoUv": false
									},
									"east": {
										"texture": "#crate",
										"uv": [ 13.0, 10.5, 13.5, 12.5 ]
									},
									"south": {
										"texture": "#crate",
										"uv": [ 1.5, 14.0, 13.5, 16.0 ]
									},
									"west": {
										"texture": "#crate",
										"uv": [ 32.0, 32.0, 32.0, 32.0 ],
										"autoUv": false
									},
									"up": {
										"texture": "#crate",
										"uv": [ 18.0, 0.0, 30.0, 0.5 ],
										"autoUv": false
									},
									"down": {
										"texture": "#crate",
										"uv": [ 0.5, 0.5, 12.5, 1.0 ],
										"autoUv": false
									}
								}
							},
							{
								"name": "cube7",
								"from": [ 14.0, 0.0, 0.0 ],
								"to": [ 16.0, 16.0, 0.5 ],
								"rotationOrigin": [ 8.0, 0.0, 32.0 ],
								"faces": {
									"north": {
										"texture": "#crate",
										"uv": [ 0.0, 0.0, 2.0, 16.0 ],
										"autoUv": false
									},
									"east": {
										"texture": "#crate",
										"uv": [ 15.5, 0.0, 16.0, 16.0 ],
										"autoUv": false
									},
									"south": {
										"texture": "#crate",
										"uv": [ 0.0, 0.0, 2.0, 16.0 ]
									},
									"west": {
										"texture": "#crate",
										"uv": [ 0.0, 0.0, 0.5, 16.0 ],
										"autoUv": false
									},
									"up": {
										"texture": "#crate",
										"uv": [ 16.0, 0.0, 18.0, 0.5 ],
										"autoUv": false
									},
									"down": {
										"texture": "#crate",
										"uv": [ 0.5, 0.5, 2.5, 1.0 ],
										"autoUv": false
									}
								}
							}
						]
					},
					{
						"name": "S Side",
						"from": [ 0.0, 0.0, 0.0 ],
						"to": [ 1.0, 1.0, 1.0 ],
						"faces": {
							"north": {
								"texture": "#crate",
								"uv": [ 0.0, 0.0, 1.0, 1.0 ],
								"enabled": false
							},
							"east": {
								"texture": "#crate",
								"uv": [ 0.0, 0.0, 1.0, 1.0 ],
								"enabled": false
							},
							"south": {
								"texture": "#crate",
								"uv": [ 0.0, 0.0, 1.0, 1.0 ],
								"enabled": false
							},
							"west": {
								"texture": "#crate",
								"uv": [ 0.0, 0.0, 1.0, 1.0 ],
								"enabled": false
							},
							"up": {
								"texture": "#crate",
								"uv": [ 0.0, 0.0, 1.0, 1.0 ],
								"enabled": false
							},
							"down": {
								"texture": "#crate",
								"uv": [ 0.0, 0.0, 1.0, 1.0 ],
								"enabled": false
							}
						},
						"children": [
							{
								"name": "angle4",
								"from": [ 8.025, 7.0, 7.05 ],
								"to": [ 8.025, 9.0, 24.05 ],
								"rotationOrigin": [ 8.025, 8.0, 15.55 ],
								"rotationX": -90.0,
								"rotationY": 45.0,
								"rotationZ": -90.0,
								"faces": {
									"north": {
										"texture": "#crate",
										"uv": [ 0.5, 0.0, 1.0, 2.0 ],
										"autoUv": false
									},
									"east": {
										"texture": "#crate",
										"uv": [ 0.0, 30.0, 17.0, 32.0 ],
										"rotation": 180,
										"autoUv": false,
										"windMode": [ -1, -1, -1, -1 ]
									},
									"south": {
										"texture": "#crate",
										"uv": [ 0.5, 0.0, 1.0, 2.0 ],
										"autoUv": false
									},
									"west": {
										"texture": "#crate",
										"uv": [ 0.0, 30.0, 17.0, 32.0 ],
										"autoUv": false,
										"windMode": [ -1, -1, -1, -1 ]
									},
									"up": {
										"texture": "#crate",
										"uv": [ 0.0, 0.0, 17.0, 0.5 ],
										"rotation": 90,
										"autoUv": false
									},
									"down": {
										"texture": "#crate",
										"uv": [ 0.0, 0.0, 17.0, 0.5 ],
										"rotation": 90,
										"autoUv": false
									}
								}
							},
							{
								"name": "cube14",
								"from": [ 14.0, 0.0, -15.5 ],
								"to": [ 16.0, 16.0, -15.0 ],
								"rotationOrigin": [ 8.0, 8.0, 0.25 ],
								"rotationX": 180.0,
								"rotationZ": 180.0,
								"faces": {
									"north": {
										"texture": "#crate",
										"uv": [ 0.0, 0.0, 2.0, 16.0 ],
										"autoUv": false
									},
									"east": {
										"texture": "#crate",
										"uv": [ 15.5, 0.0, 16.0, 16.0 ],
										"autoUv": false
									},
									"south": {
										"texture": "#crate",
										"uv": [ 0.0, 0.0, 2.0, 16.0 ]
									},
									"west": {
										"texture": "#crate",
										"uv": [ 0.0, 0.0, 0.5, 16.0 ],
										"autoUv": false
									},
									"up": {
										"texture": "#crate",
										"uv": [ 16.0, 15.5, 18.0, 16.0 ],
										"autoUv": false
									},
									"down": {
										"texture": "#crate",
										"uv": [ 0.5, 0.5, 2.5, 1.0 ],
										"autoUv": false
									}
								}
							},
							{
								"name": "cube13",
								"from": [ 2.0, 14.0, -15.5 ],
								"to": [ 14.0, 16.0, -15.0 ],
								"rotationOrigin": [ 8.0, 8.0, 0.25 ],
								"rotationX": 180.0,
								"rotationZ": 180.0,
								"faces": {
									"north": {
										"texture": "#crate",
										"uv": [ 2.0, 0.0, 14.0, 2.0 ],
										"autoUv": false
									},
									"east": {
										"texture": "#crate",
										"uv": [ 32.0, 31.75, 32.0, 32.0 ],
										"autoUv": false
									},
									"south": {
										"texture": "#crate",
										"uv": [ 0.5, 14.0, 12.5, 16.0 ]
									},
									"west": {
										"texture": "#crate",
										"uv": [ 13.0, 11.0, 13.5, 13.0 ]
									},
									"up": {
										"texture": "#crate",
										"uv": [ 18.0, 15.5, 30.0, 16.0 ],
										"autoUv": false
									},
									"down": {
										"texture": "#crate",
										"uv": [ 0.5, 0.5, 12.5, 1.0 ],
										"autoUv": false
									}
								}
							},
							{
								"name": "cube12",
								"from": [ 0.0, 0.0, -15.5 ],
								"to": [ 2.0, 16.0, -15.0 ],
								"rotationOrigin": [ 8.0, 8.0, 0.25 ],
								"rotationX": 180.0,
								"rotationZ": 180.0,
								"faces": {
									"north": {
										"texture": "#crate",
										"uv": [ 14.0, 0.0, 16.0, 16.0 ],
										"autoUv": false
									},
									"east": {
										"texture": "#crate",
										"uv": [ 0.5, 0.0, 1.0, 16.0 ],
										"autoUv": false
									},
									"south": {
										"texture": "#crate",
										"uv": [ 0.0, 0.0, 2.0, 16.0 ]
									},
									"west": {
										"texture": "#crate",
										"uv": [ 0.0, 0.0, 0.5, 16.0 ],
										"autoUv": false
									},
									"up": {
										"texture": "#crate",
										"uv": [ 29.5, 15.5, 31.5, 16.0 ],
										"rotation": 180,
										"autoUv": false
									},
									"down": {
										"texture": "#crate",
										"uv": [ 7.0, 0.0, 9.0, 0.5 ],
										"autoUv": false
									}
								}
							},
							{
								"name": "cube11",
								"from": [ 2.0, 0.0, -15.5 ],
								"to": [ 14.0, 2.0, -15.0 ],
								"rotationOrigin": [ 8.0, 8.0, 0.25 ],
								"rotationX": 180.0,
								"rotationZ": 180.0,
								"faces": {
									"north": {
										"texture": "#crate",
										"uv": [ 2.0, 14.0, 14.0, 16.0 ],
										"autoUv": false
									},
									"east": {
										"texture": "#crate",
										"uv": [ 32.0, 32.0, 32.0, 32.0 ],
										"autoUv": false
									},
									"south": {
										"texture": "#crate",
										"uv": [ 32.0, 32.0, 32.0, 32.0 ],
										"autoUv": false
									},
									"west": {
										"texture": "#crate",
										"uv": [ 32.0, 32.0, 32.0, 32.0 ],
										"autoUv": false
									},
									"up": {
										"texture": "#crate",
										"uv": [ 16.5, 0.5, 28.5, 1.0 ],
										"autoUv": false
									},
									"down": {
										"texture": "#crate",
										"uv": [ 0.5, 0.5, 12.5, 1.0 ],
										"autoUv": false
									}
								}
							},
							{
								"name": "Sside",
								"from": [ 0.5, 0.0, 14.0 ],
								"to": [ 15.5, 16.0, 15.5 ],
								"rotationOrigin": [ 8.0, 0.0, 45.5 ],
								"faces": {
									"north": {
										"texture": "#crate",
										"uv": [ 0.5, 0.0, 15.5, 16.0 ]
									},
									"east": {
										"texture": "#crate",
										"uv": [ 0.5, 0.0, 15.5, 16.0 ],
										"autoUv": false
									},
									"south": {
										"texture": "#crate",
										"uv": [ 0.5, 0.0, 15.5, 16.0 ],
										"autoUv": false
									},
									"west": {
										"texture": "#crate",
										"uv": [ 0.0, 0.0, 15.0, 16.0 ],
										"autoUv": false
									},
									"up": {
										"texture": "#crate",
										"uv": [ 16.5, 14.0, 31.5, 15.5 ]
									},
									"down": {
										"texture": "#crate",
										"uv": [ 0.5, 0.5, 15.5, 2.0 ]
									}
								}
							}
						]
					},
					{
						"name": "E Side",
						"from": [ 0.0, 0.0, 0.0 ],
						"to": [ 1.0, 1.0, 1.0 ],
						"faces": {
							"north": {
								"texture": "#crate",
								"uv": [ 0.0, 0.0, 1.0, 1.0 ],
								"enabled": false
							},
							"east": {
								"texture": "#crate",
								"uv": [ 0.0, 0.0, 1.0, 1.0 ],
								"enabled": false
							},
							"south": {
								"texture": "#crate",
								"uv": [ 0.0, 0.0, 1.0, 1.0 ],
								"enabled": false
							},
							"west": {
								"texture": "#crate",
								"uv": [ 0.0, 0.0, 1.0, 1.0 ],
								"enabled": false
							},
							"up": {
								"texture": "#crate",
								"uv": [ 0.0, 0.0, 1.0, 1.0 ],
								"enabled": false
							},
							"down": {
								"texture": "#crate",
								"uv": [ 0.0, 0.0, 1.0, 1.0 ],
								"enabled": false
							}
						},
						"children": [
							{
								"name": "cube1",
								"from": [ 15.5, 0.0, 14.0 ],
								"to": [ 16.0, 16.0, 15.5 ],
								"rotationOrigin": [ 8.0, 0.0, 32.0 ],
								"faces": {
									"north": {
										"texture": "#crate",
										"uv": [ 0.5, 0.0, 1.0, 16.0 ],
										"autoUv": false
									},
									"east": {
										"texture": "#crate",
										"uv": [ 0.5, 0.0, 2.0, 16.0 ],
										"autoUv": false
									},
									"south": {
										"texture": "#crate",
										"uv": [ 0.5, 0.0, 1.0, 16.0 ],
										"autoUv": false
									},
									"west": {
										"texture": "#crate",
										"uv": [ 0.5, 0.0, 2.0, 16.0 ]
									},
									"up": {
										"texture": "#crate",
										"uv": [ 31.5, 14.0, 32.0, 15.5 ]
									},
									"down": {
										"texture": "#crate",
										"uv": [ 0.5, 0.5, 1.0, 2.0 ],
										"autoUv": false
									}
								}
							},
							{
								"name": "cube2",
								"from": [ 15.5, 0.0, 0.5 ],
								"to": [ 16.0, 16.0, 2.0 ],
								"rotationOrigin": [ 8.0, 0.0, 32.0 ],
								"faces": {
									"north": {
										"texture": "#crate",
										"uv": [ 0.5, 0.0, 1.0, 16.0 ],
										"autoUv": false
									},
									"east": {
										"texture": "#crate",
										"uv": [ 14.0, 0.0, 15.5, 16.0 ],
										"autoUv": false
									},
									"south": {
										"texture": "#crate",
										"uv": [ 31.5, 16.0, 32.0, 32.0 ],
										"autoUv": false
									},
									"west": {
										"texture": "#crate",
										"uv": [ 0.5, 0.0, 2.0, 16.0 ]
									},
									"up": {
										"texture": "#crate",
										"uv": [ 31.5, 0.5, 32.0, 2.0 ]
									},
									"down": {
										"texture": "#crate",
										"uv": [ 0.5, 0.5, 1.0, 2.0 ],
										"autoUv": false
									}
								}
							},
							{
								"name": "cube3",
								"from": [ 15.5, 14.0, 2.0 ],
								"to": [ 16.0, 16.0, 14.0 ],
								"rotationOrigin": [ 8.0, 0.0, 32.0 ],
								"faces": {
									"north": {
										"texture": "#crate",
										"uv": [ 32.0, 32.0, 32.0, 32.0 ],
										"autoUv": false
									},
									"east": {
										"texture": "#crate",
										"uv": [ 2.0, 0.0, 14.0, 2.0 ],
										"autoUv": false
									},
									"south": {
										"texture": "#crate",
										"uv": [ 32.0, 32.0, 32.0, 32.0 ],
										"autoUv": false
									},
									"west": {
										"texture": "#crate",
										"uv": [ 3.0, 14.0, 15.0, 16.0 ]
									},
									"up": {
										"texture": "#crate",
										"uv": [ 31.5, 2.0, 32.0, 14.0 ]
									},
									"down": {
										"texture": "#crate",
										"uv": [ 31.0, 18.0, 31.5, 30.0 ],
										"autoUv": false
									}
								}
							},
							{
								"name": "angle2",
								"from": [ 15.55, 7.0, -0.5 ],
								"to": [ 15.55, 9.0, 16.5 ],
								"rotationOrigin": [ 15.525, 8.0, 8.0 ],
								"rotationX": -45.0,
								"faces": {
									"north": {
										"texture": "#crate",
										"uv": [ 0.5, 0.0, 1.0, 2.0 ],
										"autoUv": false
									},
									"east": {
										"texture": "#crate",
										"uv": [ 0.0, 30.0, 17.0, 32.0 ],
										"autoUv": false,
										"windMode": [ -1, -1, -1, -1 ]
									},
									"south": {
										"texture": "#crate",
										"uv": [ 0.5, 0.0, 1.0, 2.0 ],
										"autoUv": false
									},
									"west": {
										"texture": "#crate",
										"uv": [ 0.0, 30.0, 17.0, 32.0 ],
										"autoUv": false,
										"windMode": [ -1, -1, -1, -1 ]
									},
									"up": {
										"texture": "#crate",
										"uv": [ 0.0, 0.0, 17.0, 0.5 ],
										"rotation": 90,
										"autoUv": false
									},
									"down": {
										"texture": "#crate",
										"uv": [ 0.0, 0.0, 17.0, 0.5 ],
										"rotation": 90,
										"autoUv": false
									}
								}
							},
							{
								"name": "cube4",
								"from": [ 15.5, 0.0, 2.0 ],
								"to": [ 16.0, 2.0, 14.0 ],
								"rotationOrigin": [ 8.0, 0.0, 32.0 ],
								"faces": {
									"north": {
										"texture": "#crate",
										"uv": [ 32.0, 32.0, 32.0, 32.0 ],
										"autoUv": false
									},
									"east": {
										"texture": "#crate",
										"uv": [ 2.0, 14.0, 14.0, 16.0 ],
										"autoUv": false
									},
									"south": {
										"texture": "#crate",
										"uv": [ 32.0, 32.0, 32.0, 32.0 ],
										"autoUv": false
									},
									"west": {
										"texture": "#crate",
										"uv": [ 32.0, 32.0, 32.0, 32.0 ],
										"autoUv": false
									},
									"up": {
										"texture": "#crate",
										"uv": [ 16.5, 0.5, 17.0, 12.5 ],
										"autoUv": false
									},
									"down": {
										"texture": "#crate",
										"uv": [ 0.5, 0.5, 1.0, 12.5 ],
										"autoUv": false
									}
								}
							},
							{
								"name": "Eside",
								"from": [ 14.0, 0.0, 2.0 ],
								"to": [ 15.5, 16.0, 14.0 ],
								"rotationOrigin": [ 21.0, 0.0, 33.5 ],
								"faces": {
									"north": {
										"texture": "#crate",
										"uv": [ 0.5, 0.0, 2.0, 16.0 ]
									},
									"east": {
										"texture": "#crate",
										"uv": [ 0.5, 0.0, 15.5, 16.0 ],
										"autoUv": false
									},
									"south": {
										"texture": "#crate",
										"uv": [ 0.5, 0.0, 15.5, 16.0 ],
										"autoUv": false
									},
									"west": {
										"texture": "#crate",
										"uv": [ 2.0, 0.0, 14.5, 16.0 ],
										"autoUv": false
									},
									"up": {
										"texture": "#crate",
										"uv": [ 30.0, 2.0, 31.5, 14.0 ]
									},
									"down": {
										"texture": "#crate",
										"uv": [ 0.5, 1.5, 2.0, 13.5 ]
									}
								}
							}
						]
					},
					{
						"name": "W Side",
						"from": [ 0.0, 0.0, 0.0 ],
						"to": [ 1.0, 1.0, 1.0 ],
						"faces": {
							"north": {
								"texture": "#crate",
								"uv": [ 0.0, 0.0, 1.0, 1.0 ],
								"enabled": false
							},
							"east": {
								"texture": "#crate",
								"uv": [ 0.0, 0.0, 1.0, 1.0 ],
								"enabled": false
							},
							"south": {
								"texture": "#crate",
								"uv": [ 0.0, 0.0, 1.0, 1.0 ],
								"enabled": false
							},
							"west": {
								"texture": "#crate",
								"uv": [ 0.0, 0.0, 1.0, 1.0 ],
								"enabled": false
							},
							"up": {
								"texture": "#crate",
								"uv": [ 0.0, 0.0, 1.0, 1.0 ],
								"enabled": false
							},
							"down": {
								"texture": "#crate",
								"uv": [ 0.0, 0.0, 1.0, 1.0 ],
								"enabled": false
							}
						},
						"children": [
							{
								"name": "cube18",
								"from": [ 31.0, 0.0, 14.0 ],
								"to": [ 31.5, 16.0, 15.5 ],
								"rotationOrigin": [ 15.75, 8.0, 8.0 ],
								"rotationX": 180.0,
								"rotationZ": 180.0,
								"faces": {
									"north": {
										"texture": "#crate",
										"uv": [ 0.0, 0.0, 0.5, 16.0 ],
										"autoUv": false
									},
									"east": {
										"texture": "#crate",
										"uv": [ 0.5, 0.0, 2.0, 16.0 ],
										"autoUv": false
									},
									"south": {
										"texture": "#crate",
										"uv": [ 0.5, 0.0, 1.0, 16.0 ],
										"autoUv": false
									},
									"west": {
										"texture": "#crate",
										"uv": [ 0.0, 0.0, 1.5, 16.0 ]
									},
									"up": {
										"texture": "#crate",
										"uv": [ 16.0, 0.0, 16.5, 1.5 ],
										"rotation": 180,
										"autoUv": false
									},
									"down": {
										"texture": "#crate",
										"uv": [ 0.5, 0.5, 1.0, 2.0 ],
										"autoUv": false
									}
								}
							},
							{
								"name": "cube17",
								"from": [ 31.0, 14.0, 2.0 ],
								"to": [ 31.5, 16.0, 14.0 ],
								"rotationOrigin": [ 15.75, 8.0, 8.0 ],
								"rotationX": 180.0,
								"rotationZ": 180.0,
								"faces": {
									"north": {
										"texture": "#crate",
										"uv": [ 0.5, 0.0, 1.0, 2.0 ],
										"autoUv": false
									},
									"east": {
										"texture": "#crate",
										"uv": [ 2.0, 0.0, 14.0, 2.0 ],
										"autoUv": false
									},
									"south": {
										"texture": "#crate",
										"uv": [ 0.5, 0.0, 1.0, 2.0 ],
										"autoUv": false
									},
									"west": {
										"texture": "#crate",
										"uv": [ 1.5, 14.0, 13.5, 16.0 ]
									},
									"up": {
										"texture": "#crate",
										"uv": [ 16.0, 2.0, 16.5, 14.0 ],
										"autoUv": false
									},
									"down": {
										"texture": "#crate",
										"uv": [ 0.5, 0.5, 1.0, 12.5 ],
										"autoUv": false
									}
								}
							},
							{
								"name": "cube16",
								"from": [ 31.0, 0.0, 0.5 ],
								"to": [ 31.5, 16.0, 2.0 ],
								"rotationOrigin": [ 15.75, 8.0, 8.0 ],
								"rotationX": 180.0,
								"rotationZ": 180.0,
								"faces": {
									"north": {
										"texture": "#crate",
										"uv": [ 0.5, 0.0, 1.0, 16.0 ],
										"autoUv": false
									},
									"east": {
										"texture": "#crate",
										"uv": [ 14.0, 0.0, 15.5, 16.0 ],
										"autoUv": false
									},
									"south": {
										"texture": "#crate",
										"uv": [ 0.5, 0.0, 1.0, 16.0 ],
										"autoUv": false
									},
									"west": {
										"texture": "#crate",
										"uv": [ 0.5, 0.0, 2.0, 16.0 ]
									},
									"up": {
										"texture": "#crate",
										"uv": [ 16.0, 14.5, 16.5, 16.0 ],
										"autoUv": false
									},
									"down": {
										"texture": "#crate",
										"uv": [ 0.5, 0.5, 1.0, 2.0 ],
										"autoUv": false
									}
								}
							},
							{
								"name": "cube15",
								"from": [ 31.0, 0.0, 2.0 ],
								"to": [ 31.5, 2.0, 14.0 ],
								"rotationOrigin": [ 15.75, 8.0, 8.0 ],
								"rotationX": 180.0,
								"rotationZ": 180.0,
								"faces": {
									"north": {
										"texture": "#crate",
										"uv": [ 0.5, 0.0, 1.0, 2.0 ],
										"autoUv": false
									},
									"east": {
										"texture": "#crate",
										"uv": [ 2.0, 14.0, 14.0, 16.0 ],
										"autoUv": false
									},
									"south": {
										"texture": "#crate",
										"uv": [ 0.5, 0.0, 1.0, 2.0 ],
										"autoUv": false
									},
									"west": {
										"texture": "#crate",
										"uv": [ 32.0, 32.0, 32.0, 32.0 ],
										"autoUv": false
									},
									"up": {
										"texture": "#crate",
										"uv": [ 16.5, 0.5, 17.0, 12.5 ],
										"autoUv": false
									},
									"down": {
										"texture": "#crate",
										"uv": [ 0.5, 0.5, 1.0, 12.5 ],
										"autoUv": false
									}
								}
							},
							{
								"name": "angle1",
								"from": [ -0.075, 7.0, -0.5 ],
								"to": [ -0.075, 9.0, 16.5 ],
								"rotationOrigin": [ 0.15, 8.0, 8.0 ],
								"rotationX": -135.0,
								"rotationZ": -180.0,
								"faces": {
									"north": {
										"texture": "#crate",
										"uv": [ 0.5, 0.0, 1.0, 2.0 ],
										"autoUv": false
									},
									"east": {
										"texture": "#crate",
										"uv": [ 0.0, 28.0, 17.0, 30.0 ],
										"autoUv": false,
										"windMode": [ -1, -1, -1, -1 ]
									},
									"south": {
										"texture": "#crate",
										"uv": [ 0.5, 0.0, 1.0, 2.0 ],
										"autoUv": false
									},
									"west": {
										"texture": "#crate",
										"uv": [ 0.0, 28.0, 17.0, 30.0 ],
										"autoUv": false,
										"windMode": [ -1, -1, -1, -1 ]
									},
									"up": {
										"texture": "#crate",
										"uv": [ 0.0, 0.0, 17.0, 0.5 ],
										"rotation": 90,
										"autoUv": false
									},
									"down": {
										"texture": "#crate",
										"uv": [ 0.0, 0.0, 17.0, 0.5 ],
										"rotation": 90,
										"autoUv": false
									}
								}
							},
							{
								"name": "Wside",
								"from": [ 0.5, 0.0, 2.0 ],
								"to": [ 2.0, 16.0, 14.0 ],
								"rotationOrigin": [ 8.0, 0.0, 33.5 ],
								"faces": {
									"north": {
										"texture": "#crate",
										"uv": [ 0.5, 0.0, 2.0, 16.0 ]
									},
									"east": {
										"texture": "#crate",
										"uv": [ 2.0, 0.0, 14.0, 16.0 ]
									},
									"south": {
										"texture": "#crate",
										"uv": [ 0.5, 0.0, 15.5, 16.0 ],
										"autoUv": false
									},
									"west": {
										"texture": "#crate",
										"uv": [ 0.0, 0.0, 15.0, 16.0 ],
										"autoUv": false
									},
									"up": {
										"texture": "#crate",
										"uv": [ 16.5, 2.0, 18.0, 14.0 ]
									},
									"down": {
										"texture": "#crate",
										"uv": [ 0.5, 0.5, 12.5, 2.0 ],
										"rotation": 90
									}
								}
							}
						]
					},
					{
						"name": "bottom",
						"from": [ 2.0, 0.3, 2.0 ],
						"to": [ 14.0, 1.3, 14.0 ],
						"renderPass": 1,
						"rotationOrigin": [ 8.0, 1.1, 8.0 ],
						"faces": {
							"north": {
								"texture": "#crate",
								"uv": [ 3.0, 30.0, 14.5, 29.5 ],
								"autoUv": false
							},
							"east": {
								"texture": "#crate",
								"uv": [ 2.0, 2.0, 14.0, 2.5 ],
								"autoUv": false
							},
							"south": {
								"texture": "#crate",
								"uv": [ 0.0, 29.5, 12.0, 30.0 ],
								"autoUv": false
							},
							"west": {
								"texture": "#crate",
								"uv": [ 5.0, 29.5, 17.0, 30.0 ],
								"autoUv": false
							},
							"up": {
								"texture": "#crate",
								"uv": [ 0.0, 16.0, 12.0, 28.0 ],
								"autoUv": false
							},
							"down": {
								"texture": "#crate",
								"uv": [ 0.0, 16.0, 12.0, 28.0 ],
								"autoUv": false
							}
						}
					}
				]
			}
		]
	}
]