{
    "editor": {
        "collapsedPaths": "Root/Plant3/Stem3,Root/fern/fern_leaves,Root/Sticklayer1,Root/top2,Root/top3",
        "allAngles": false,
        "entityTextureMode": false
    },
    "textureWidth": 16,
    "textureHeight": 16,
    "textureSizes": {
    },
    "textures": {

    },
    "elements": [
        {
            "name": "fern",
            "from": [ -4.1, 0.0, 1.9 ],
            "to": [ -4.1, 0.0, 1.9 ],
            "rotationOrigin": [ 9.7, 5.6, 9.8 ],
            "rotationY": -45.0,
            "faces": {
            },
            "children": [
                {
                    "name": "fern_leaves",
                    "from": [ 0.0, 0.0, 0.0 ],
                    "to": [ 0.0, 0.0, 0.0 ],
                    "climateColorMap": "climatePlantTint",
                    "seasonColorMap": "seasonalHartstongue",
                    "renderpass": 1,
                    "shade": false,
                    "rotationOrigin": [ 13.8, 5.6, 7.9 ],
                    "faces": {
                    },
                    "children": [
                        {
                            "name": "set1top",
                            "from": [ -1.0, 6.3062, 12.51 ],
                            "to": [ 17.0, 6.3062, 21.51 ],
                            "climateColorMap": "climatePlantTint",
                            "seasonColorMap": "seasonalHartstongue",
                            "renderpass": 1,
                            "shade": false,
                            "rotationOrigin": [ 7.0, 6.3062, 12.5075 ],
                            "rotationX": -22.5,
                            "faces": {
                                "up": {
                                    "texture": "#2",
                                    "uv": [ 0.0, 0.0, 16.0, 8.0 ],
                                    "rotation": 180,
                                    "autoUv": false,
                                    "windMode": [ 1, 1, 1, 1 ]
                                }
                            }
                        },
                        {
                            "name": "set1bottom",
                            "from": [ -1.0, -2.4, 11.8 ],
                            "to": [ 17.0, 6.6, 11.8 ],
                            "climateColorMap": "climatePlantTint",
                            "seasonColorMap": "seasonalHartstongue",
                            "renderpass": 1,
                            "shade": false,
                            "rotationOrigin": [ 8.0, 5.6, 11.8 ],
                            "rotationX": 45.0,
                            "faces": {
                                "north": {
                                    "texture": "#2",
                                    "uv": [ 0.0, 8.0, 16.0, 16.0 ],
                                    "autoUv": false,
                                    "windMode": [ 0, 1, 1, 0 ]
                                }
                            }
                        },
                        {
                            "name": "set2top",
                            "from": [ -1.0, 6.3069, -5.51 ],
                            "to": [ 17.0, 6.3069, 3.49 ],
                            "climateColorMap": "climatePlantTint",
                            "seasonColorMap": "seasonalHartstongue",
                            "renderpass": 1,
                            "shade": false,
                            "rotationOrigin": [ 7.0, 6.3069, 3.4932 ],
                            "rotationX": 22.5,
                            "faces": {
                                "up": {
                                    "texture": "#2",
                                    "uv": [ 0.0, 0.0, 16.0, 8.0 ],
                                    "autoUv": false,
                                    "windMode": [ 1, 1, 1, 1 ]
                                }
                            }
                        },
                        {
                            "name": "set2bottom",
                            "from": [ -1.0, -2.4, 4.2 ],
                            "to": [ 17.0, 6.6, 4.2 ],
                            "climateColorMap": "climatePlantTint",
                            "seasonColorMap": "seasonalHartstongue",
                            "renderpass": 1,
                            "shade": false,
                            "rotationOrigin": [ 8.0, 5.6, 4.2 ],
                            "rotationX": -45.0,
                            "faces": {
                                "north": {
                                    "texture": "#2",
                                    "uv": [ 16.0, 8.0, 0.0, 16.0 ],
                                    "autoUv": false,
                                    "windMode": [ 0, 1, 1, 0 ]
                                }
                            }
                        },
                        {
                            "name": "set3top",
                            "from": [ -5.51, 6.3069, -1.1 ],
                            "to": [ 3.49, 6.3069, 16.9 ],
                            "climateColorMap": "climatePlantTint",
                            "seasonColorMap": "seasonalHartstongue",
                            "renderpass": 1,
                            "shade": false,
                            "rotationOrigin": [ 3.4932, 6.3069, 6.9 ],
                            "rotationZ": -22.5,
                            "faces": {
                                "up": {
                                    "texture": "#2",
                                    "uv": [ 0.0, 0.0, 16.0, 8.0 ],
                                    "rotation": 270,
                                    "autoUv": false,
                                    "windMode": [ 1, 1, 1, 1 ]
                                }
                            }
                        },
                        {
                            "name": "set3bottom",
                            "from": [ 4.2, -2.4, -1.1 ],
                            "to": [ 4.2, 6.6, 16.9 ],
                            "climateColorMap": "climatePlantTint",
                            "seasonColorMap": "seasonalHartstongue",
                            "renderpass": 1,
                            "shade": false,
                            "rotationOrigin": [ 4.2, 5.6, 7.9 ],
                            "rotationZ": 45.0,
                            "faces": {
                                "east": {
                                    "texture": "#2",
                                    "uv": [ 0.0, 8.0, 16.0, 16.0 ],
                                    "autoUv": false,
                                    "windMode": [ 0, 1, 1, 0 ]
                                }
                            }
                        },
                        {
                            "name": "set4top",
                            "from": [ 12.51, 6.3062, -1.1 ],
                            "to": [ 21.51, 6.3062, 16.9 ],
                            "climateColorMap": "climatePlantTint",
                            "seasonColorMap": "seasonalHartstongue",
                            "renderpass": 1,
                            "shade": false,
                            "rotationOrigin": [ 12.5075, 6.3062, 6.9 ],
                            "rotationZ": 22.5,
                            "faces": {
                                "up": {
                                    "texture": "#2",
                                    "uv": [ 0.0, 0.0, 16.0, 8.0 ],
                                    "rotation": 90,
                                    "autoUv": false,
                                    "windMode": [ 1, 1, 1, 1 ]
                                }
                            }
                        },
                        {
                            "name": "set4bottom",
                            "from": [ 11.8, -2.4, -1.1 ],
                            "to": [ 11.8, 6.6, 16.9 ],
                            "climateColorMap": "climatePlantTint",
                            "seasonColorMap": "seasonalHartstongue",
                            "renderpass": 1,
                            "shade": false,
                            "rotationOrigin": [ 11.8, 5.6, 7.9 ],
                            "rotationZ": -45.0,
                            "faces": {
                                "east": {
                                    "texture": "#2",
                                    "uv": [ 16.0, 8.0, 0.0, 16.0 ],
                                    "autoUv": false,
                                    "windMode": [ 0, 1, 1, 0 ]
                                }
                            }
                        },
                        {
                            "name": "center",
                            "from": [ 9.8, 0.0, 0.2 ],
                            "to": [ 9.8, 16.0, 16.2 ],
                            "climateColorMap": "climatePlantTint",
                            "seasonColorMap": "seasonalHartstongue",
                            "renderpass": 1,
                            "shade": false,
                            "rotationOrigin": [ 9.8, 8.0, 9.2 ],
                            "rotationY": 45.0,
                            "faces": {
                                "east": {
                                    "texture": "#1",
                                    "uv": [ 0.0, 0.0, 16.0, 16.0 ],
                                    "windMode": [ 0, 1, 1, 0 ],
                                    "windData": [ 0, 1, 1, 0 ]
                                }
                            }
                        },
                        {
                            "name": "center2",
                            "from": [ 7.8, 0.0, -0.1 ],
                            "to": [ 7.8, 16.0, 15.9 ],
                            "climateColorMap": "climatePlantTint",
                            "seasonColorMap": "seasonalHartstongue",
                            "renderpass": 1,
                            "shade": false,
                            "rotationOrigin": [ 7.8, 8.0, 8.9 ],
                            "rotationY": -45.0,
                            "faces": {
                                "east": {
                                    "texture": "#1",
                                    "uv": [ 0.0, 0.0, 16.0, 16.0 ],
                                    "windMode": [ 0, 1, 1, 0 ],
                                    "windData": [ 0, 1, 1, 0 ]
                                }
                            }
                        }
                    ]
                }
            ]
        },
        {
            "name": "Plant1",
            "from": [ 19.0, 0.0, 10.0 ],
            "to": [ 20.0, 1.0, 11.0 ],
            "rotationOrigin": [ 19.0, 0.0, 10.0 ],
            "rotationY": -67.5,
            "faces": {
            },
            "children": [
                {
                    "name": "Stem1",
                    "from": [ -2.0, -0.4, 14.0 ],
                    "to": [ -1.0, 0.6, 15.0 ],
                    "shade": false,
                    "climateColorMap": "climatePlantTint",
                    "seasonColorMap": "seasonalHartstongue",
                    "renderpass": 1,
                    "rotationOrigin": [ -2.0, -0.4, 14.0 ],
                    "faces": {
                    },
                    "children": [
                        {
                            "name": "Center16",
                            "from": [ -9.0, 0.0, 0.0 ],
                            "to": [ 7.0, 16.0, 0.0 ],
                            "shade": false,
                            "climateColorMap": "climatePlantTint",
                            "seasonColorMap": "seasonalHartstongue",
                            "renderpass": 1,
                            "rotationOrigin": [ -1.0, 0.0, 0.0 ],
                            "rotationY": 45.0,
                            "faces": {
                                "north": {
                                    "texture": "#2",
                                    "uv": [ 0.0, 0.0, 16.0, 16.0 ],
                                    "windMode": [ 0, 1, 1, 0 ],
                                    "windData": [ 0, 0, 0, 0 ]
                                }
                            }
                        },
                        {
                            "name": "Center17",
                            "from": [ -9.0, 0.0, 0.0 ],
                            "to": [ 7.0, 16.0, 0.0 ],
                            "shade": false,
                            "climateColorMap": "climatePlantTint",
                            "seasonColorMap": "seasonalHartstongue",
                            "renderpass": 1,
                            "rotationOrigin": [ -9.0, 0.0, 0.0 ],
                            "faces": {
                                "north": {
                                    "texture": "#1",
                                    "uv": [ 0.0, 0.0, 16.0, 16.0 ],
                                    "windMode": [ 0, 1, 1, 0 ],
                                    "windData": [ 0, 0, 0, 0 ]
                                }
                            }
                        },
                        {
                            "name": "Center18",
                            "from": [ -9.0, 0.0, 0.0 ],
                            "to": [ 7.0, 16.0, 0.0 ],
                            "shade": false,
                            "climateColorMap": "climatePlantTint",
                            "seasonColorMap": "seasonalHartstongue",
                            "renderpass": 1,
                            "rotationOrigin": [ -1.0, 0.0, 0.0 ],
                            "rotationY": -67.5,
                            "faces": {
                                "north": {
                                    "texture": "#3",
                                    "uv": [ 0.0, 0.0, 16.0, 16.0 ],
                                    "windMode": [ 0, 1, 1, 0 ]
                                }
                            }
                        }
                    ]
                }
            ]
        },
        {
            "name": "Plant2",
            "from": [ 6.0, 0.0, -3.0 ],
            "to": [ 7.0, 1.0, -2.0 ],
            "renderInEditor": false,
            "rotationOrigin": [ 6.0, 0.0, -3.0 ],
            "faces": {
            },
            "children": [
                {
                    "name": "Stem2",
                    "from": [ 1.0, -0.4, 8.0 ],
                    "to": [ 2.0, 0.6, 9.0 ],
                    "shade": false,
                    "climateColorMap": "climatePlantTint",
                    "seasonColorMap": "seasonalHartstongue",
                    "renderpass": 1,
                    "rotationOrigin": [ 1.0, -0.4, 8.0 ],
                    "faces": {
                    },
                    "children": [
                        {
                            "name": "Center19",
                            "from": [ -9.0, 0.0, 0.0 ],
                            "to": [ 7.0, 16.0, 0.0 ],
                            "shade": false,
                            "climateColorMap": "climatePlantTint",
                            "seasonColorMap": "seasonalHartstongue",
                            "renderpass": 1,
                            "rotationOrigin": [ -1.0, 0.0, 0.0 ],
                            "rotationY": 90.0,
                            "faces": {
                                "north": {
                                    "texture": "#2",
                                    "uv": [ 0.0, 0.0, 16.0, 16.0 ],
                                    "windMode": [ 0, 1, 1, 0 ]
                                }
                            }
                        },
                        {
                            "name": "Center20",
                            "from": [ -9.0, 0.0, 0.0 ],
                            "to": [ 7.0, 16.0, 0.0 ],
                            "shade": false,
                            "climateColorMap": "climatePlantTint",
                            "seasonColorMap": "seasonalHartstongue",
                            "renderpass": 1,
                            "rotationOrigin": [ -9.0, 0.0, 0.0 ],
                            "faces": {
                                "north": {
                                    "texture": "#2",
                                    "uv": [ 0.0, 0.0, 16.0, 16.0 ],
                                    "windMode": [ 0, 1, 1, 0 ]
                                }
                            }
                        }
                    ]
                }
            ]
        },
        {
            "name": "Plant3",
            "from": [ 7.0, 0.0, 1.0 ],
            "to": [ 8.0, 1.0, 1.0 ],
            "rotationOrigin": [ 7.0, 0.0, 1.0 ],
            "rotationY": 45.0,
            "faces": {
            },
            "children": [
                {
                    "name": "Stem3",
                    "from": [ 1.0, -0.4, 8.0 ],
                    "to": [ 2.0, 0.6, 9.0 ],
                    "shade": false,
                    "climateColorMap": "climatePlantTint",
                    "seasonColorMap": "seasonalHartstongue",
                    "renderpass": 1,
                    "rotationOrigin": [ 1.0, -0.4, 8.0 ],
                    "faces": {
                    },
                    "children": [
                        {
                            "name": "Center22",
                            "from": [ -9.0, 0.0, 0.0 ],
                            "to": [ 7.0, 16.0, 0.0 ],
                            "shade": false,
                            "climateColorMap": "climatePlantTint",
                            "seasonColorMap": "seasonalHartstongue",
                            "renderpass": 1,
                            "rotationOrigin": [ -1.0, 0.0, 0.0 ],
                            "rotationY": 89.98,
                            "faces": {
                                "north": {
                                    "texture": "#3",
                                    "uv": [ 0.0, 0.0, 16.0, 16.0 ],
                                    "windMode": [ 0, 1, 1, 0 ]
                                }
                            }
                        },
                        {
                            "name": "Center23",
                            "from": [ -9.0, 0.0, 0.0 ],
                            "to": [ 7.0, 16.0, 0.0 ],
                            "shade": false,
                            "climateColorMap": "climatePlantTint",
                            "seasonColorMap": "seasonalHartstongue",
                            "renderpass": 1,
                            "rotationOrigin": [ -9.0, 0.0, 0.0 ],
                            "faces": {
                                "north": {
                                    "texture": "#3",
                                    "uv": [ 0.0, 0.0, 16.0, 16.0 ],
                                    "windMode": [ 0, 1, 1, 0 ]
                                }
                            }
                        },
                        {
                            "name": "Center24",
                            "from": [ -9.0, 0.0, 0.0 ],
                            "to": [ 7.0, 16.0, 0.0 ],
                            "shade": false,
                            "climateColorMap": "climatePlantTint",
                            "seasonColorMap": "seasonalHartstongue",
                            "renderpass": 1,
                            "rotationOrigin": [ -1.0, 0.0, 0.0 ],
                            "rotationY": -45.0,
                            "faces": {
                                "north": {
                                    "texture": "#3",
                                    "uv": [ 0.0, 0.0, 16.0, 16.0 ],
                                    "windMode": [ 0, 1, 1, 0 ]
                                }
                            }
                        }
                    ]
                }
            ]
        },
        {
            "name": "Plant4",
            "from": [ 7.0, 0.0, 5.0 ],
            "to": [ 8.0, 1.0, 5.0 ],
            "rotationOrigin": [ 7.0, 0.0, 5.0 ],
            "rotationY": 45.0,
            "faces": {
            },
            "children": [
                {
                    "name": "Stem4",
                    "from": [ 1.0, -0.4, 8.0 ],
                    "to": [ 2.0, 0.6, 9.0 ],
                    "shade": false,
                    "climateColorMap": "climatePlantTint",
                    "seasonColorMap": "seasonalHartstongue",
                    "renderpass": 1,
                    "rotationOrigin": [ 1.0, -0.4, 8.0 ],
                    "rotationY": -22.5,
                    "faces": {
                    },
                    "children": [
                        {
                            "name": "Center25",
                            "from": [ -9.0, 0.0, 0.0 ],
                            "to": [ 7.0, 16.0, 0.0 ],
                            "shade": false,
                            "climateColorMap": "climatePlantTint",
                            "seasonColorMap": "seasonalHartstongue",
                            "renderpass": 1,
                            "rotationOrigin": [ -1.0, 0.0, 0.0 ],
                            "rotationY": 89.98,
                            "faces": {
                                "north": {
                                    "texture": "#1",
                                    "uv": [ 0.0, 0.0, 16.0, 16.0 ],
                                    "windMode": [ 0, 1, 1, 0 ]
                                }
                            }
                        },
                        {
                            "name": "Center26",
                            "from": [ -9.0, 0.0, 0.0 ],
                            "to": [ 7.0, 16.0, 0.0 ],
                            "shade": false,
                            "climateColorMap": "climatePlantTint",
                            "seasonColorMap": "seasonalHartstongue",
                            "renderpass": 1,
                            "rotationOrigin": [ -9.0, 0.0, 0.0 ],
                            "faces": {
                                "north": {
                                    "texture": "#1",
                                    "uv": [ 0.0, 0.0, 16.0, 16.0 ],
                                    "windMode": [ 0, 1, 1, 0 ]
                                }
                            }
                        }
                    ]
                }
            ]
        }
    ]
}