{
   "code":"house-sparrow_f",
   "class":"EntityAgent",
   "hitboxSize":{
      "x":0.52,
      "y":0.52
   },
   "deadHitboxSize":{
      "x":0.6,
      "y":0.6
   },
   "eyeHeight":0.6,
   	swimmingEyeHeight: 0.1,
   "drops":[
      
   ],
   "habitat":"Air",
   "attributes":{
      "creatureDiet":{
         "foodCategories":[
            "Fruit"
         ],
         "foodTags":[
            "lootableSweet",
            "sweetBerryBush"
         ],
         "skipFoodTags":[
            "honeycomb",
         ]
      },
      "physics":{
         
      },
      "pathfinder":{
         "minTurnAnglePerSec":6400,
         "maxTurnAnglePerSec":6750
      }
   },
   "client":{
      "renderer":"Shape",
      "shape":{
         "base":"entity/air/sparrow/sparrow-house"
      },
      "texture":{
         "base":"entity/sparrow/sparrow-house-f",
         "alternates":[
            {
               "base":"entity/sparrow/sparrow-house-m"
            }
         ]
      },
      "size":0.55,
      "behaviors":[
         {
            "code":"repulseagents"
         },
         {
            "code":"controlledphysics",
            "stepHeight":1.8251
         },
         {
            "code":"interpolateposition"
         },
         {
            "code":"harvestable"
         },
         {
            "code":"floatupwhenstuck",
            "onlyWhenDead":true
         }
      ],
      "animations":[
         {
            "code":"hurt",
            "animation":"hurt",
            "animationSpeed":2.2,
            "weight":10,
            "blendMode":"AddAverage"
         },
         {
            "code":"die",
            "animation":"death",
            "animationSpeed":1.25,
            "weight":10,
            "blendMode":"Average",
            "triggeredBy":{
               "onControls":[
                  "dead"
               ]
            }
         },
         {
            "code":"idle",
            "animation":"idle",
            "blendMode":"addAverage",
            "easeOutSpeed":4,
            "animationSpeed":1,
            "supressDefaultAnimation":true
         },
         {
            "code":"sleep",
            "animation":"sleep",
            "easeInSpeed":4,
            "easeOutSpeed":4,
            "blendMode":"Average"
         },
         {
            "code":"sit",
            "animation":"sit",
            "easeInSpeed":4,
            "easeOutSpeed":4,
            "triggeredBy":{
               "onControls":[
                  "floorsitting"
               ],
               "matchExact":true
            },
            "blendMode":"Average"
         },
         {
            "code":"eat",
            "animation":"Eat",
            "easeInSpeed":12,
            "easeOutSpeed":12,
            "blendMode":"addAverage"
         },
         {
            "code":"fly",
            "animation":"fly",
            "animationSpeed":2.45,
            "weight":0.10,
            "blendMode":"Average",
            "triggeredBy":{
               "defaultAnim":true
            }
         }
      ]
   },
   "server":{
      "attributes":{
         "pathfinder":{
            "minTurnAnglePerSec":6400,
            "maxTurnAnglePerSec":6750
         }
      },
      "behaviors":[
         {
            "code":"repulseagents"
         },
         {
            "code":"despawn",
            "minPlayerDistance":16,
            "belowLightLevel":10,
            "minSeconds":125
         },
         {
            "code":"controlledphysics",
            "stepHeight":8.8251
         },
         {
            "code":"health",
            "currenthealth":4,
            "maxhealth":4
         },
         {
            "code":"deaddecay",
            "hoursToDecay":0.05
         },
         {
            "code":"floatupwhenstuck",
            "onlyWhenDead":true
         },
         {
            "code":"harvestable",
            "drops":[
               {
                  "type":"item",
                  "code":"poultry-raw",
                  "quantity":{
                     "avg":1.25,
                     "var":1.25
                  }
               },
               {
                  "type":"item",
                  "code":"feather",
                  "quantity":{
                     "avg":12,
                     "var":4
                  }
               },
               {
                  "type":"item",
                  "code":"bone",
                  "quantity":{
                     "avg":0.5,
                     "var":0
                  }
               }
            ]
         },
         {
            "code":"emotionstates",
            "states":[
               {
                  "code":"aggressiveondamage",
                  "duration":20,
                  "chance":0.4,
                  "slot":0,
                  "priority":2,
                  "accumType":"noaccum"
               },
               {
                  "code":"fleeondamage",
                  "duration":15,
                  "chance":1,
                  "slot":0,
                  "priority":1,
                  "accumType":"max"
               }
            ]
         },
         {
            "code":"taskai",

            "aitasks":[
               {
                  "code":"fleeentity",
                  "entityCodes":[
                     "player",
                     "wolf-male",
                     "wolf-female",
                     "fox-*",
                     "bear-*",
                     "little-scarecrow",
                     "*-owl-*"
                  ],
                  "priority":1.8,
                  "movespeed":0.0412,
                  "animationSpeed":2.4,
                  "seekingRange":8,
                  "animation":"fly",
                  "leapAtTarget":true,
                  "leapAnimation":"fly",
                  "leapChance":1
               },
               {
                  "code":"fleeentity",
                  "entityCodes":[
                     "scarecrow"
                  ],
                  "priority":1.95,
                  "movespeed":0.0412,
                  "animationSpeed":2.4,
                  "seekingRange":12,
                  "animation":"fly",
                  "leapAtTarget":true,
                  "leapAnimation":"fly",
                  "leapChance":1
               },
               {
                  "code":"fleeentity",
                  "entityCodes":[
                     "strawdummy"
                  ],
                  "priority":1.5,
                  "movespeed":0.0412,
                  "animationSpeed":2.4,
                  "seekingRange":5,
                  "animation":"fly",
                  "leapAtTarget":true,
                  "leapAnimation":"fly",
                  "leapChance":1
               },
               {
                  "code":"wander",
                  "priority":3.7,
                  "animationSpeed":0.95,
                  "movespeed":0.0412,
                  "animation":"Fly",
						wanderChance: 1,
						maxHeight: 16,
						awaitReached: false,				  
               },
               {
                  "code":"seekfoodandeat",
                  "seekingRange":3,
                  "movespeed":0.0612,
                  "priority":0.55,
                  "priorityForCancel":1.08,
                  "eatTime":0.1,
                  "eatLooseItems":true,
                  "animationSpeed":2.4,
                  "animation":"fly",
                  "eatAnimation":"Fly",
                  "mincooldownHours":7,
                  "maxcooldownHours":13,
                  "leapAtTarget":true,
                  "leapAnimation":"Fly",
                  "leapChance":1,
                  "stopOnNearbyEntityCodes":[
                     "player",
                     "wolf-male",
                     "wolf-female",
                     "fox-*",
                     "little-scarecrow",
                     ,
                     "strawdummy"
                  ],
                  "stopRange":15,
                  "stopOnHurt":true
               },
			   {
                  "code":"idle",
                  "priority":0.7,
                  "animationSpeed":0.95,
                  "movespeed":0.04,
                  "priorityForCancel":1.05,
                  "animation":"Fly"
				  
               },
               {
                  "code":"getoutofwater",
                  "priority":5.10,
                  "movespeed":0.0712,
                  "animation":"fly",
                  "animationSpeed":1.0,

               },			   
            ]
         }
      ],
      "spawnconditions":{
         "runtime":{
            "group":"passive",
            "tryOnlySurface":true,
            "minLightLevel":12,
            "maxLightLevel":24,
            "lightLevelType":"MaxTimeOfDayLight",
            "chance":0.035,
            "__comment":"Make them spawn in dark places so they don't spawn inside farmland",
            "maxQuantity":3,
            "groupSize":{
               "dist":"verynarrowgaussian",
               "avg":3,
               "var":5
            },
            "insideBlockCodes":[
               "game:tallgrass-*"
            ],
            "minTemp":-12,
            "maxTemp":38,
            "minRain":0.0,
            "maxRain":0.82,
            "minForestOrShrubs":0.05,
            "maxForest":0.85,
            "maxShrubs":0.55,
            "companions":[
               "thecritterpack:house-sparrow_f",
               "thecritterpack:house-sparrow_f",
               "thecritterpack:house-sparrow_f"
            ]
         }
      }
   },
   "sounds":{
      "idle":"creature/sparrow/housesparrow-chirp-*"
   },
   "idleSoundChance":0.08
}