{
	"editor": {
		"allAngles": false,
		"entityTextureMode": false
	},
	"textureWidth": 16,
	"textureHeight": 16,
	"textureSizes": {
	},
	"textures": {
		"bone": "block/creature/bone"
	},
	"elements": [
		{
			"name": "origin",
			"from": [ 8.0, 0.0, 8.0 ],
			"to": [ 8.0, 0.0, 8.0 ],
			"rotationOrigin": [ 8.0, 0.0, 8.0 ],
			"faces": {
				"north": { "texture": "#bone", "uv": [ 0.0, 0.0, 0.5, 0.5 ] },
				"east": { "texture": "#bone", "uv": [ 0.0, 0.0, 0.5, 0.5 ] },
				"south": { "texture": "#bone", "uv": [ 0.0, 0.0, 0.5, 0.5 ] },
				"west": { "texture": "#bone", "uv": [ 0.0, 0.0, 0.5, 0.5 ] },
				"up": { "texture": "#bone", "uv": [ 0.0, 0.0, 0.5, 0.5 ] },
				"down": { "texture": "#bone", "uv": [ 0.0, 0.0, 0.5, 0.5 ] }
			},
			"children": [
				{
					"name": "UpperHandle",
					"from": [ 5.5, 0.0, -0.75 ],
					"to": [ 8.5, 1.5, 0.75 ],
					"rotationOrigin": [ 12.0, 0.0, 0.0 ],
					"faces": {
						"north": { "texture": "#bone", "uv": [ 1.0, 8.0, 4.0, 9.5 ] },
						"east": { "texture": "#bone", "uv": [ 10.5, 11.5, 12.0, 13.0 ] },
						"south": { "texture": "#bone", "uv": [ 1.0, 12.0, 4.0, 13.5 ] },
						"west": { "texture": "#bone", "uv": [ 10.5, 11.5, 12.0, 13.0 ] },
						"up": { "texture": "#bone", "uv": [ 1.0, 10.0, 4.0, 11.5 ] },
						"down": { "texture": "#bone", "uv": [ 1.0, 13.5, 4.0, 15.0 ] }
					}
				},
				{
					"name": "LowerHandle",
					"from": [ -7.5, 0.0, -0.75 ],
					"to": [ -6.5, 1.5, 0.75 ],
					"rotationOrigin": [ -6.0, 0.0, 0.0 ],
					"faces": {
						"north": { "texture": "#bone", "uv": [ 13.5, 7.0, 14.5, 8.5 ] },
						"east": { "texture": "#bone", "uv": [ 3.5, 8.5, 5.0, 10.0 ], "windMode": [-1,-1,-1,-1] },
						"south": { "texture": "#bone", "uv": [ 10.0, 2.0, 11.0, 3.5 ] },
						"up": { "texture": "#bone", "uv": [ 0.0, 6.0, 1.0, 7.5 ] },
						"down": { "texture": "#bone", "uv": [ 4.5, 9.0, 5.5, 10.5 ] }
					}
				},
				{
					"name": "MainFractureLarge",
					"from": [ 8.5, 0.0, -0.75 ],
					"to": [ 10.5, 1.0, 0.25 ],
					"rotationOrigin": [ 9.0, 0.0, 0.0 ],
					"faces": {
						"north": { "texture": "#bone", "uv": [ 2.0, 9.5, 4.0, 10.5 ] },
						"east": { "texture": "#bone", "uv": [ 9.5, 2.5, 10.5, 3.5 ] },
						"south": { "texture": "#bone", "uv": [ 6.5, 4.0, 8.5, 5.0 ] },
						"up": { "texture": "#bone", "uv": [ 10.5, 11.5, 12.5, 12.5 ] },
						"down": { "texture": "#bone", "uv": [ 6.0, 7.5, 8.0, 8.5 ] }
					}
				},
				{
					"name": "MainFractureMedium",
					"from": [ 8.5, 1.0, -0.75 ],
					"to": [ 10.0, 1.5, 0.25 ],
					"rotationOrigin": [ 9.0, 1.0, 0.0 ],
					"faces": {
						"north": { "texture": "#bone", "uv": [ 7.0, 8.5, 8.5, 9.0 ] },
						"east": { "texture": "#bone", "uv": [ 6.0, 3.0, 7.0, 3.5 ] },
						"south": { "texture": "#bone", "uv": [ 4.5, 8.0, 6.0, 8.5 ] },
						"up": { "texture": "#bone", "uv": [ 5.0, 3.0, 6.5, 4.0 ] }
					}
				},
				{
					"name": "MainFractureSmall",
					"from": [ 8.5, 0.5, 0.25 ],
					"to": [ 9.5, 1.5, 0.75 ],
					"rotationOrigin": [ 9.0, 0.5, 1.0 ],
					"faces": {
						"east": { "texture": "#bone", "uv": [ 5.5, 6.5, 6.0, 7.5 ] },
						"south": { "texture": "#bone", "uv": [ 3.5, 4.5, 4.5, 5.5 ] },
						"up": { "texture": "#bone", "uv": [ 3.0, 6.0, 4.0, 6.5 ] },
						"down": { "texture": "#bone", "uv": [ 4.0, 4.0, 5.0, 4.5 ] }
					}
				},
				{
					"name": "BaseHandleBody",
					"from": [ -9.0, 0.0, -0.5 ],
					"to": [ -7.5, 1.5, 0.5 ],
					"rotationOrigin": [ -7.5, 0.0, -0.5 ],
					"faces": {
						"west": { "texture": "#bone", "uv": [ 3.5, 9.0, 4.5, 10.5 ] },
						"up": { "texture": "#bone", "uv": [ 10.0, 4.0, 11.5, 5.0 ] },
						"down": { "texture": "#bone", "uv": [ 4.0, 5.5, 5.5, 6.5 ] }
					}
				},
				{
					"name": "BaseHandleLeft",
					"from": [ -8.9, 1.5, -1.05 ],
					"to": [ -7.65, 2.1, -0.2 ],
					"rotationOrigin": [ -7.4, 1.5, -1.05 ],
					"rotationY": -6.0,
					"faces": {
						"north": { "texture": "#bone", "uv": [ 3.0, 7.0, 4.0, 7.5 ] },
						"east": { "texture": "#bone", "uv": [ 4.0, 8.5, 4.5, 9.0 ] },
						"south": { "texture": "#bone", "uv": [ 4.5, 6.0, 5.5, 6.5 ] },
						"west": { "texture": "#bone", "uv": [ 3.5, 6.5, 4.0, 7.0 ] },
						"up": { "texture": "#bone", "uv": [ 9.5, 6.0, 10.5, 6.5 ] }
					}
				},
				{
					"name": "BaseHandleBodyLSide",
					"from": [ -8.89, 0.01, -1.0 ],
					"to": [ -7.39, 1.49, -0.25 ],
					"rotationOrigin": [ -7.4, 0.0, -1.05 ],
					"rotationY": -9.0,
					"faces": {
						"north": { "texture": "#bone", "uv": [ 4.5, 7.0, 6.0, 8.0 ] },
						"east": { "texture": "#bone", "uv": [ 4.0, 2.5, 4.5, 3.5 ] },
						"west": { "texture": "#bone", "uv": [ 10.0, 8.0, 10.5, 9.0 ] },
						"up": { "texture": "#bone", "uv": [ 0.0, 0.0, 1.5, 0.5 ] },
						"down": { "texture": "#bone", "uv": [ 6.5, 10.0, 8.0, 10.5 ] }
					}
				},
				{
					"name": "BaseHandleBodyRSide",
					"from": [ -9.02, 0.01, 0.26 ],
					"to": [ -7.52, 1.49, 1.01 ],
					"rotationOrigin": [ -7.5, 0.0, 0.26 ],
					"rotationY": 9.0,
					"faces": {
						"east": { "texture": "#bone", "uv": [ 10.5, 7.0, 11.0, 8.0 ] },
						"south": { "texture": "#bone", "uv": [ 4.0, 5.5, 5.5, 6.5 ] },
						"west": { "texture": "#bone", "uv": [ 10.5, 7.5, 11.0, 8.5 ] },
						"up": { "texture": "#bone", "uv": [ 0.0, 0.0, 1.5, 0.5 ] },
						"down": { "texture": "#bone", "uv": [ 8.0, 12.5, 9.5, 13.0 ] }
					}
				},
				{
					"name": "UpperAngleUp",
					"from": [ 2.58, 1.0, -0.54 ],
					"to": [ 5.58, 1.5, 0.44 ],
					"rotationOrigin": [ 5.5, 1.0, 0.2 ],
					"rotationZ": 10.0,
					"faces": {
						"north": { "texture": "#bone", "uv": [ 0.0, 0.0, 3.0, 0.5 ] },
						"south": { "texture": "#bone", "uv": [ 2.0, 0.0, 5.0, 0.5 ] },
						"up": { "texture": "#bone", "uv": [ 10.5, 11.5, 13.5, 12.0 ] }
					}
				},
				{
					"name": "UpperAngle Right",
					"from": [ 2.75, 0.01, 0.25 ],
					"to": [ 5.56, 1.0, 0.75 ],
					"rotationOrigin": [ 5.7, 0.0, 0.25 ],
					"rotationY": -6.0,
					"faces": {
						"south": { "texture": "#bone", "uv": [ 10.0, 11.0, 12.5, 12.0 ], "autoUv": false },
						"up": { "texture": "#bone", "uv": [ 2.0, 0.0, 4.5, 0.5 ] },
						"down": { "texture": "#bone", "uv": [ 2.0, 0.0, 4.5, 0.5 ] }
					}
				},
				{
					"name": "UpperAngleLeft",
					"from": [ 2.7, 0.01, -0.75 ],
					"to": [ 5.51, 1.0, -0.25 ],
					"rotationOrigin": [ 5.7, 0.0, -0.75 ],
					"rotationY": 4.0,
					"faces": {
						"north": { "texture": "#bone", "uv": [ 10.0, 7.0, 12.5, 8.0 ], "autoUv": false },
						"up": { "texture": "#bone", "uv": [ 2.0, 0.0, 4.5, 0.5 ] },
						"down": { "texture": "#bone", "uv": [ 2.0, 0.0, 4.5, 0.5 ] }
					}
				},
				{
					"name": "LowerAngleUp",
					"from": [ -6.5, 1.0, -0.55 ],
					"to": [ -5.0, 1.5, 0.45 ],
					"rotationOrigin": [ -6.5, 1.5, 0.0 ],
					"rotationZ": -20.0,
					"faces": {
						"north": { "texture": "#bone", "uv": [ 0.0, 0.0, 1.5, 0.5 ] },
						"south": { "texture": "#bone", "uv": [ 0.0, 0.0, 1.5, 0.5 ] },
						"up": { "texture": "#bone", "uv": [ 4.5, 3.0, 6.0, 4.0 ] }
					}
				},
				{
					"name": "LowerAngleLeft",
					"from": [ -6.6, 0.01, -0.75 ],
					"to": [ -5.1, 1.0, -0.25 ],
					"rotationOrigin": [ -6.6, 0.0, -0.2 ],
					"rotationY": -8.0,
					"faces": {
						"north": { "texture": "#bone", "uv": [ 0.0, 8.0, 1.5, 9.0 ], "autoUv": false },
						"up": { "texture": "#bone", "uv": [ 0.0, 0.0, 1.5, 0.5 ] },
						"down": { "texture": "#bone", "uv": [ 0.0, 0.0, 1.5, 0.5 ] }
					}
				},
				{
					"name": "LowerAngleRight",
					"from": [ -6.6, 0.01, 0.25 ],
					"to": [ -5.1, 1.0, 0.75 ],
					"rotationOrigin": [ -6.6, 0.0, 0.25 ],
					"rotationY": 11.0,
					"faces": {
						"south": { "texture": "#bone", "uv": [ 5.0, 7.5, 6.5, 8.5 ], "autoUv": false },
						"up": { "texture": "#bone", "uv": [ 0.0, 0.0, 1.5, 0.5 ] },
						"down": { "texture": "#bone", "uv": [ 0.0, 0.0, 1.5, 0.5 ] }
					}
				},
				{
					"name": "MainHandle",
					"from": [ -6.5, 0.0, -0.55 ],
					"to": [ 5.5, 1.0, 0.45 ],
					"rotationOrigin": [ 0.0, 0.0, 0.2 ],
					"faces": {
						"north": { "texture": "#bone", "uv": [ 0.0, 6.5, 12.0, 7.5 ] },
						"south": { "texture": "#bone", "uv": [ 0.0, 2.0, 12.0, 3.0 ] },
						"up": { "texture": "#bone", "uv": [ 0.0, 0.0, 12.0, 1.0 ] },
						"down": { "texture": "#bone", "uv": [ 0.0, 0.0, 12.0, 1.0 ] }
					}
				},
				{
					"name": "BaseHandleRight",
					"from": [ -9.0, 1.5, 0.25 ],
					"to": [ -7.75, 2.1, 1.1 ],
					"rotationOrigin": [ -7.5, 1.5, 0.25 ],
					"rotationY": 6.0,
					"faces": {
						"north": { "texture": "#bone", "uv": [ 4.0, 7.0, 5.0, 7.5 ] },
						"east": { "texture": "#bone", "uv": [ 11.0, 11.5, 11.5, 12.0 ] },
						"south": { "texture": "#bone", "uv": [ 3.0, 8.0, 4.0, 8.5 ] },
						"west": { "texture": "#bone", "uv": [ 4.5, 7.0, 5.0, 7.5 ] },
						"up": { "texture": "#bone", "uv": [ 5.5, 6.0, 6.5, 6.5 ] }
					}
				}
			]
		}
	]}