{
	"editor": {
		"allAngles": false,
		"entityTextureMode": false
	},
	"textureWidth": 16,
	"textureHeight": 16,
	"textureSizes": {
	},
	"textures": {
		"bark": "block/wood/firewood/bark",
		"north": "block/wood/firewood/north",
		"side": "block/wood/firewood/side",
		"south": "block/wood/firewood/south",
		"string": "item/tool/material/string"
	},
	"elements": [
		{
			"name": "origin",
			"from": [ 11.0, 0.5, 7.7 ],
			"to": [ 11.0, 0.5, 7.7 ],
			"rotationOrigin": [ 8.0, 0.0, 8.0 ],
			"faces": {
			},
			"children": [
				{
					"name": "MainStick",
					"from": [ -10.0, -0.5, -0.5 ],
					"to": [ 4.0, 1.0, 1.0 ],
					"rotationOrigin": [ -4.0, -0.5, -0.5 ],
					"faces": {
						"north": { "texture": "#bark", "uv": [ 0.0, 0.0, 14.0, 2.0 ], "autoUv": false },
						"east": { "texture": "#north", "uv": [ 2.0, 0.0, 4.0, 2.0 ], "autoUv": false, "windMode": [-1,-1,-1,-1] },
						"south": { "texture": "#side", "uv": [ 0.0, 0.0, 14.0, 2.0 ], "autoUv": false },
						"west": { "texture": "#south", "uv": [ 0.0, 0.0, 2.0, 2.0 ], "autoUv": false, "windMode": [-1,-1,-1,-1] },
						"up": { "texture": "#bark", "uv": [ 2.0, 0.0, 16.0, 2.0 ], "autoUv": false },
						"down": { "texture": "#side", "uv": [ 2.0, 0.0, 16.0, 2.0 ], "autoUv": false, "windMode": [-1,-1,-1,-1] }
					},
					"children": [
						{
							"name": "HeadSplitUN",
							"from": [ 13.9, 0.75, 0.0 ],
							"to": [ 17.0, 1.5, 0.75 ],
							"rotationOrigin": [ 13.9, 0.75, 0.75 ],
							"rotationY": 4.0,
							"rotationZ": 3.0,
							"faces": {
								"north": { "texture": "#bark", "uv": [ 0.0, 0.0, 3.0, 1.0 ], "autoUv": false },
								"east": { "texture": "#north", "uv": [ 3.0, 0.0, 4.0, 1.0 ], "autoUv": false, "windMode": [-1,-1,-1,-1] },
								"south": { "texture": "#side", "uv": [ 0.0, 0.0, 3.0, 1.0 ], "autoUv": false },
								"up": { "texture": "#bark", "uv": [ 9.0, 0.0, 12.0, 1.0 ], "autoUv": false },
								"down": { "texture": "#side", "uv": [ 9.0, 0.0, 12.0, 1.0 ], "autoUv": false, "windMode": [-1,-1,-1,-1] }
							}
						},
						{
							"name": "HeadSplitDN",
							"from": [ 13.9, 0.0, 0.0 ],
							"to": [ 17.0, 0.75, 0.75 ],
							"rotationOrigin": [ 13.9, 0.75, 0.75 ],
							"rotationY": 2.0,
							"rotationZ": -2.0,
							"faces": {
								"north": { "texture": "#bark", "uv": [ 0.0, 1.0, 3.0, 2.0 ], "autoUv": false },
								"east": { "texture": "#north", "uv": [ 3.0, 1.0, 4.0, 2.0 ], "autoUv": false, "windMode": [-1,-1,-1,-1] },
								"south": { "texture": "#side", "uv": [ 0.0, 1.0, 3.0, 2.0 ], "autoUv": false },
								"up": { "texture": "#side", "uv": [ 9.0, 1.0, 12.0, 2.0 ], "autoUv": false },
								"down": { "texture": "#side", "uv": [ 9.0, 0.0, 12.0, 1.0 ], "autoUv": false, "windMode": [-1,-1,-1,-1] }
							}
						},
						{
							"name": "HeadSplitDS",
							"from": [ 13.9, 0.0, 0.75 ],
							"to": [ 17.0, 0.75, 1.5 ],
							"rotationOrigin": [ 13.9, 0.75, 0.75 ],
							"rotationY": -4.0,
							"rotationZ": -3.0,
							"faces": {
								"north": { "texture": "#side", "uv": [ 0.0, 2.0, 3.0, 3.0 ], "autoUv": false },
								"east": { "texture": "#north", "uv": [ 2.0, 1.0, 3.0, 2.0 ], "autoUv": false, "windMode": [-1,-1,-1,-1] },
								"south": { "texture": "#side", "uv": [ 0.0, 1.0, 3.0, 2.0 ], "autoUv": false },
								"up": { "texture": "#side", "uv": [ 9.0, 2.0, 12.0, 3.0 ], "autoUv": false },
								"down": { "texture": "#side", "uv": [ 9.0, 1.0, 12.0, 2.0 ], "autoUv": false, "windMode": [-1,-1,-1,-1] }
							}
						},
						{
							"name": "HeadSplitUS",
							"from": [ 13.9, 0.75, 0.75 ],
							"to": [ 17.0, 1.5, 1.5 ],
							"rotationOrigin": [ 13.9, 0.75, 0.75 ],
							"rotationY": -3.0,
							"rotationZ": 1.0,
							"faces": {
								"north": { "texture": "#side", "uv": [ 0.0, 2.0, 3.0, 3.0 ], "autoUv": false },
								"east": { "texture": "#north", "uv": [ 2.0, 0.0, 3.0, 1.0 ], "autoUv": false, "windMode": [-1,-1,-1,-1] },
								"south": { "texture": "#side", "uv": [ 0.0, 0.0, 3.0, 1.0 ], "autoUv": false },
								"up": { "texture": "#bark", "uv": [ 9.0, 1.0, 12.0, 2.0 ], "autoUv": false },
								"down": { "texture": "#side", "uv": [ 9.0, 2.0, 12.0, 3.0 ], "autoUv": false, "windMode": [-1,-1,-1,-1] }
							}
						},
						{
							"name": "BarkFlake1",
							"from": [ 11.2, 1.35, 0.3 ],
							"to": [ 12.7, 1.5, 1.05 ],
							"rotationOrigin": [ 11.2, 1.35, 1.05 ],
							"rotationZ": 4.0,
							"faces": {
								"north": { "texture": "#bark", "uv": [ 14.5, 0.0, 16.0, 0.5 ] },
								"east": { "texture": "#bark", "uv": [ 15.5, 0.5, 16.0, 1.0 ], "windMode": [-1,-1,-1,-1] },
								"south": { "texture": "#bark", "uv": [ 14.5, 0.0, 16.0, 0.5 ] },
								"up": { "texture": "#bark", "uv": [ 1.0, 1.0, 2.5, 2.0 ], "autoUv": false },
								"down": { "texture": "#bark", "uv": [ 14.5, 0.0, 16.0, 0.5 ], "windMode": [-1,-1,-1,-1] }
							}
						},
						{
							"name": "BarkFlake2",
							"from": [ 8.2, 1.35, 0.6 ],
							"to": [ 9.2, 1.5, 1.35 ],
							"rotationOrigin": [ 8.2, 1.35, 1.35 ],
							"rotationZ": 4.0,
							"faces": {
								"north": { "texture": "#bark", "uv": [ 14.5, 0.0, 15.5, 0.5 ] },
								"east": { "texture": "#bark", "uv": [ 15.5, 0.5, 16.0, 1.0 ], "windMode": [-1,-1,-1,-1] },
								"south": { "texture": "#bark", "uv": [ 14.5, 0.0, 15.5, 0.5 ] },
								"up": { "texture": "#bark", "uv": [ 3.5, 1.5, 4.5, 2.5 ], "autoUv": false },
								"down": { "texture": "#bark", "uv": [ 14.5, 0.0, 15.5, 0.5 ], "windMode": [-1,-1,-1,-1] }
							}
						},
						{
							"name": "BarkFlake3",
							"from": [ 4.2, 1.35, 0.1 ],
							"to": [ 6.2, 1.5, 0.85 ],
							"rotationOrigin": [ 4.2, 1.35, 0.85 ],
							"rotationZ": 4.0,
							"faces": {
								"north": { "texture": "#bark", "uv": [ 14.0, 0.0, 16.0, 0.5 ] },
								"east": { "texture": "#bark", "uv": [ 15.5, 0.5, 16.0, 1.0 ], "windMode": [-1,-1,-1,-1] },
								"south": { "texture": "#bark", "uv": [ 14.0, 0.0, 16.0, 0.5 ] },
								"up": { "texture": "#bark", "uv": [ 5.5, 0.5, 7.5, 1.5 ], "autoUv": false },
								"down": { "texture": "#bark", "uv": [ 14.0, 0.0, 16.0, 0.5 ], "windMode": [-1,-1,-1,-1] }
							}
						}
					]
				}
			]
		}
	]}