{
	"editor": {
		"allAngles": false,
		"entityTextureMode": false
	},
	"textureWidth": 16,
	"textureHeight": 16,
	"textureSizes": {
	},
	"textures": {
		"handle": "item/tool/material/handle",
		"string": "item/tool/material/string"
	},
	"elements": [
		{
			"name": "origin",
			"from": [ 11.0, 0.5, 7.7 ],
			"to": [ 11.0, 0.5, 7.7 ],
			"rotationOrigin": [ 8.0, 0.0, 8.0 ],
			"faces": {
				"north": { "texture": "#string", "uv": [ 0.0, 0.0, 0.5, 0.5 ] },
				"east": { "texture": "#string", "uv": [ 0.0, 0.0, 0.5, 0.5 ] },
				"south": { "texture": "#string", "uv": [ 0.0, 0.0, 0.5, 0.5 ] },
				"west": { "texture": "#string", "uv": [ 0.0, 0.0, 0.5, 0.5 ] },
				"up": { "texture": "#string", "uv": [ 0.0, 0.0, 0.5, 0.5 ] },
				"down": { "texture": "#string", "uv": [ 0.0, 0.0, 0.5, 0.5 ] }
			},
			"children": [
				{
					"name": "MainStick",
					"from": [ -8.0, -0.5, -0.5 ],
					"to": [ 8.0, 1.0, 0.5 ],
					"rotationOrigin": [ 0.0, 0.3, 0.0 ],
					"faces": {
						"north": { "texture": "#handle", "uv": [ 0.0, 5.5, 16.0, 7.0 ] },
						"east": { "texture": "#handle", "uv": [ 0.5, 0.5, 1.5, 2.0 ] },
						"south": { "texture": "#handle", "uv": [ 0.0, 10.5, 16.0, 12.0 ] },
						"up": { "texture": "#handle", "uv": [ 0.0, 4.5, 16.0, 5.5 ] },
						"down": { "texture": "#handle", "uv": [ 0.0, 5.0, 16.0, 6.0 ] }
					},
					"children": [
						{
							"name": "MainOffset",
							"from": [ -0.5, 0.0, 1.0 ],
							"to": [ 15.5, 1.5, 1.5 ],
							"rotationOrigin": [ -2.0, -7.5, 1.5 ],
							"faces": {
								"east": { "texture": "#handle", "uv": [ 0.5, 0.5, 1.0, 2.0 ] },
								"south": { "texture": "#handle", "uv": [ 0.0, 10.5, 16.0, 12.0 ] },
								"up": { "texture": "#handle", "uv": [ 0.0, 8.5, 16.0, 9.0 ] },
								"down": { "texture": "#handle", "uv": [ 0.0, 5.0, 16.0, 5.5 ] }
							}
						},
						{
							"name": "LowerStick",
							"from": [ -6.0, 0.0, 0.0 ],
							"to": [ 0.0, 1.5, 1.0 ],
							"rotationOrigin": [ -3.0, 0.8, 0.5 ],
							"faces": {
								"north": { "texture": "#handle", "uv": [ 0.0, 5.5, 6.0, 7.0 ] },
								"south": { "texture": "#handle", "uv": [ 0.0, 10.5, 6.0, 12.0 ] },
								"west": { "texture": "#handle", "uv": [ 14.0, 10.0, 15.0, 11.5 ] },
								"up": { "texture": "#handle", "uv": [ 0.0, 4.5, 6.0, 5.5 ] },
								"down": { "texture": "#handle", "uv": [ 0.0, 5.0, 6.0, 6.0 ] }
							}
						},
						{
							"name": "LowerOffset",
							"from": [ -4.5, 0.0, 1.0 ],
							"to": [ -0.5, 1.5, 1.5 ],
							"rotationOrigin": [ -6.0, -7.5, 1.5 ],
							"faces": {
								"south": { "texture": "#handle", "uv": [ 0.0, 10.5, 4.0, 12.0 ] },
								"west": { "texture": "#handle", "uv": [ 14.0, 10.0, 14.5, 11.5 ] },
								"up": { "texture": "#handle", "uv": [ 0.0, 8.5, 4.0, 9.0 ] },
								"down": { "texture": "#handle", "uv": [ 0.0, 5.0, 4.0, 5.5 ] }
							}
						},
						{
							"name": "OffshootSouth",
							"from": [ -1.5, 0.25, 1.0 ],
							"to": [ -0.5, 0.75, 1.5 ],
							"rotationOrigin": [ -0.5, 0.7, 1.5 ],
							"rotationY": 45.0,
							"faces": {
								"north": { "texture": "#handle", "uv": [ 0.0, 5.5, 1.0, 6.0 ], "windMode": [-1,-1,-1,-1] },
								"south": { "texture": "#handle", "uv": [ 2.5, 11.0, 3.5, 11.5 ] },
								"west": { "texture": "#handle", "uv": [ 14.0, 10.0, 14.5, 10.5 ] },
								"up": { "texture": "#handle", "uv": [ 0.0, 9.0, 1.0, 9.5 ] },
								"down": { "texture": "#handle", "uv": [ 0.0, 5.0, 1.0, 5.5 ] }
							}
						},
						{
							"name": "OffshootNorthLong",
							"from": [ 8.5, 0.75, 0.0 ],
							"to": [ 10.0, 1.25, 0.5 ],
							"rotationOrigin": [ 10.0, 1.2, 0.0 ],
							"rotationY": -45.0,
							"faces": {
								"north": { "texture": "#handle", "uv": [ 1.5, 5.5, 3.0, 6.0 ], "windMode": [-1,-1,-1,-1] },
								"south": { "texture": "#handle", "uv": [ 0.0, 10.5, 1.5, 11.0 ] },
								"west": { "texture": "#handle", "uv": [ 14.0, 9.5, 14.5, 10.0 ] },
								"up": { "texture": "#handle", "uv": [ 0.0, 8.5, 1.5, 9.0 ] },
								"down": { "texture": "#handle", "uv": [ 0.0, 5.0, 1.5, 5.5 ] }
							}
						},
						{
							"name": "OffshootNorthShort",
							"from": [ 9.0, 0.25, 0.0 ],
							"to": [ 10.0, 0.75, 0.5 ],
							"rotationOrigin": [ 10.0, 0.7, 0.0 ],
							"rotationY": -45.0,
							"faces": {
								"north": { "texture": "#handle", "uv": [ 1.5, 6.5, 2.5, 7.0 ], "windMode": [-1,-1,-1,-1] },
								"south": { "texture": "#handle", "uv": [ 4.5, 11.0, 5.5, 11.5 ] },
								"west": { "texture": "#handle", "uv": [ 14.0, 10.0, 14.5, 10.5 ] },
								"down": { "texture": "#handle", "uv": [ 2.0, 6.5, 3.0, 7.0 ] }
							}
						}
					]
				}
			]
		}
	]}