[
	{
		"ingredientPattern": "WF",
		"ingredients": {
			"W": { 
      "type": "block", 
      "code": "clayworks:bucket-*-fired0",
      "name": "color",
      "allowedVariants": [
        "azure",
        "black",
        "brown",
        "green",
        "orange",
        "pink",
        "purple",
        "crimson",
        "white",
        "yellow",
        "naturalblue",
        "naturalred",
        "naturalfire"
        ]
      },
			"F": { 
				"type": "item", 
				"code": "game:flour-*", 
				"allowedVariants": [
          "flax", 
          "millet", 
          "rice", 
          "rye", 
          "spelt", 
          "cassava", 
          "amaranth",
          "sunflower"
        ],
				"name": "type"
			}
		},
		"width": 2,
		"height": 1,
		"attributes": {
			"liquidContainerProps": {
				"requiresContent": { 
          "type": "item", 
          "code": "game:waterportion" },
				"requiresLitres": 1
			}
		},
		"name": "dough",
		"shapeless": true,
		"output": { 
      "type": "item", 
      "code": "game:dough-{type}"  
    }
	},
	{
		"ingredientPattern": "_L_	LBL	CLC",
		"ingredients": {
			"L": { 
        "type": "item", 
        "code": "game:cattailtops" 
      },
			"C": { 
        "type": "item", 
        "code": "game:clay-*" 
      },
			"B": { 
        "type": "block", 
        "code": "clayworks:bucket-*-fired0",
        "name": "color",
        "allowedVariants": [
          "azure",
          "black",
          "brown",
          "green",
          "orange",
          "pink",
          "purple",
          "crimson",
          "white",
          "yellow",
          "naturalblue",
          "naturalred",
          "naturalfire"
        ]
      }
		},
		"attributes": {
			"liquidContainerProps": {
				"requiresContent": { 
          "type": "item", 
          "code": "game:honeyportion" 
        },
				"requiresLitres": 0.25
			}
		},	
		"name": "skep",
		"width": 3,
		"height": 3,
		"output": { 
      "type": "item", 
      "code": "game:beenade-opened"  
    }
	},
	{
		"ingredientPattern": "_L_	LBL	CLC",
		"ingredients": {
			"L": { 
        "type": "item", 
        "code": "game:papyrustops" 
      },
			"C": { 
        "type": "item", 
        "code": "game:clay-*" 
      },
			"B": { 
        "type": "block", 
        "code": "clayworks:bucket-*-fired0",
        "name": "color",
        "allowedVariants": [
          "azure",
          "black",
          "brown",
          "green",
          "orange",
          "pink",
          "purple",
          "crimson",
          "white",
          "yellow",
          "naturalblue",
          "naturalred",
          "naturalfire"
        ]
      }
		},
		"attributes": {
			"liquidContainerProps": {
				"requiresContent": { 
          "type": "item", 
          "code": "game:honeyportion" 
        },
				"requiresLitres": 0.25
			}
		},	
		"name": "skep",
		"width": 3,
		"height": 3,
		"output": { 
      "type": "item", 
      "code": "game:beenade-opened"  
    }
	},
	{
		"ingredientPattern": "SBS	_L_",
		"ingredients": {
			"L": { 
        "type": "block", 
        "code": "game:linen-*" 
      },
			"S": { 
        "type": "item", 
        "code": "game:powder-sulfur" 
      },
			"B": { 
        "type": "block", 
        "code": "clayworks:bucket-*-fired0", 
        "name": "color",
        "allowedVariants": [
          "azure",
          "black",
          "brown",
          "green",
          "orange",
          "pink",
          "purple",
          "crimson",
          "white",
          "yellow",
          "naturalblue",
          "naturalred",
          "naturalfire"
        ]
      }
		},
		"attributes": {
			"liquidContainerProps": {
				"requiresContent": { 
          "type": "item", 
          "code": "game:honeyportion" 
        },
				"requiresLitres": 0.25
			}
		},		
		"width": 3,
		"height": 2,
		"output": { 
      "type": "item", 
      "code": "game:poultice-linen-honey-sulfur", 
      "quantity": 4  
    }
	},
	{
		"ingredientPattern": "SBS	_L_",
		"ingredients": {
			"L": { 
        "type": "item", 
        "code": "game:cattailtops" 
      },
			"S": { 
        "type": "item", 
        "code": "game:powder-sulfur" 
      },
			"B": { 
        "type": "block", 
        "code": "clayworks:bucket-*-fired0", 
        "name": "color",
        "allowedVariants": [
          "azure",
          "black",
          "brown",
          "green",
          "orange",
          "pink",
          "purple",
          "crimson",
          "white",
          "yellow",
          "naturalblue",
          "naturalred",
          "naturalfire"
        ]
      }
		},
		"attributes": {
			"liquidContainerProps": {
				"requiresContent": { 
          "type": "item", 
          "code": "game:honeyportion" 
        },
				"requiresLitres": 0.25
			}
		},		
		"width": 3,
		"height": 2,
		"output": { 
      "type": "item", 
      "code": "game:poultice-reed-honey-sulfur", 
      "quantity": 4  
    }
	},
	{
		"ingredientPattern": "SBS	_L_",
		"ingredients": {
			"L": { 
        "type": "item", 
        "code": "game:papyrustops" 
      },
			"S": { 
        "type": "item", 
        "code": "game:powder-sulfur" 
      },
			"B": { 
        "type": "block", 
        "code": "clayworks:bucket-*-fired0", 
        "name": "color",
        "allowedVariants": [
          "azure",
          "black",
          "brown",
          "green",
          "orange",
          "pink",
          "purple",
          "crimson",
          "white",
          "yellow",
          "naturalblue",
          "naturalred",
          "naturalfire"
        ]
      }
		},
		"attributes": {
			"liquidContainerProps": {
				"requiresContent": { 
          "type": "item", 
          "code": "game:honeyportion" 
        },
				"requiresLitres": 0.25
			}
		},		
		"width": 3,
		"height": 2,
		"output": { 
      "type": "item", 
      "code": "game:poultice-reed-honey-sulfur", 
      "quantity": 4  
    }
	},
	{
		"ingredientPattern": "WB",
		"ingredients": {
			"W": { 
				"type": "block", 
				"code": "clayworks:bucket-*-fired0",
        "name": "color",
        "allowedVariants": [
          "azure",
          "black",
          "brown",
          "green",
          "orange",
          "pink",
          "purple",
          "crimson",
          "white",
          "yellow",
          "naturalblue",
          "naturalred",
          "naturalfire"
        ]
			},
			"B": { 
				"type": "item", 
				"code": "game:bandage-clean" 
			}
		},
		"width": 2,
		"height": 1,
		"attributes": {
			"liquidContainerProps": {
				"requiresContent": { 
          "type": "item", 
          "code": "game:alcoholportion" 
        },
				"requiresLitres": 0.2
			}
		},
		"shapeless": true,
		"output": { 
      "type": "item", 
      "code": "game:bandage-alcoholed"  
    }
	},
	{
		"ingredientPattern": "WF",
		"ingredients": {
			"W": { 
				"type": "block", 
				"code": "clayworks:bucket-*-fired0",
        "name": "color",
        "allowedVariants": [
          "azure",
          "black",
          "brown",
          "green",
          "orange",
          "pink",
          "purple",
          "crimson",
          "white",
          "yellow",
          "naturalblue",
          "naturalred",
          "naturalfire"
        ]
			},
			"F": { 
				"type": "item", 
				"code": "game:feather"
			}
		},
		"width": 2,
		"height": 1,
		"attributes": {
			"liquidContainerProps": {
				"requiresContent": { 
          "type": "item", 
          "code": "game:dye-black" 
        },
				"requiresLitres": 1,
				"consumeContainer": true
			}
		},
		"name": "ink and quill",
		"shapeless": true,
		"output": { 
      "type": "item", 
      "code": "game:inkandquill"  
    }
	}
]
