[{
  "enabled": true,
	"ingredientPattern": "DDD, M ,DDD",
	"ingredients": {
		"D": { 
      "type": "block", 
      "code": "clayworks:clayplate-naturalblue-fired0" 
    },
		"M": { 
      "type": "item", 
      "code": "game:mortar"
    }
	},
	"width": 3,
	"height": 3,
	"output": { 
    "type": "block", 
    "code": "clayworks:hardenedclay-cream", 
    "quantity": 1  
  }
},
{
  "enabled": true,
	"ingredientPattern": "DDD, M ,DDD",
	"ingredients": {
		"D": { 
      "type": "block", 
      "code": "clayworks:clayplate-naturalblue-fired1" 
    },
		"M": { 
      "type": "item", 
      "code": "game:mortar"
    }
	},
	"width": 3,
	"height": 3,
	"output": { 
    "type": "block", 
    "code": "clayworks:hardenedclay-gray", 
    "quantity": 1  
  }
},
{
  "enabled": true,
	"ingredientPattern": "DDD, M ,DDD",
	"ingredients": {
		"D": { 
      "type": "block", 
      "code": "clayworks:clayplate-naturalblue-fired2" 
    },
		"M": { 
      "type": "item", 
      "code": "game:mortar"
    }
	},
	"width": 3,
	"height": 3,
	"output": { 
    "type": "block", 
    "code": "clayworks:hardenedclay-black", 
    "quantity": 1  
  }
},
{
  "enabled": true,
	"ingredientPattern": "DDD, M ,DDD",
	"ingredients": {
		"D": { 
      "type": "block", 
      "code": "clayworks:clayplate-naturalblue-fired3" 
    },
		"M": { 
      "type": "item", 
      "code": "game:mortar"
    }
	},
	"width": 3,
	"height": 3,
	"output": { 
    "type": "block", 
    "code": "clayworks:hardenedclay-blue", 
    "quantity": 1  
  }
},
{
  "enabled": true,
	"ingredientPattern": "DDD, M ,DDD",
	"ingredients": {
		"D": { 
      "type": "block", 
      "code": "clayworks:clayplate-naturalred-fired0" 
    },
		"M": { 
      "type": "item", 
      "code": "game:mortar"
    }
	},
	"width": 3,
	"height": 3,
	"output": { 
    "type": "block", 
    "code": "clayworks:hardenedclay-tan", 
    "quantity": 1  
  }
},
{
  "enabled": true,
	"ingredientPattern": "DDD, M ,DDD",
	"ingredients": {
		"D": { 
      "type": "block", 
      "code": "clayworks:clayplate-naturalred-fired1" 
    },
		"M": { 
      "type": "item", 
      "code": "game:mortar"
    }
	},
	"width": 3,
	"height": 3,
	"output": { 
    "type": "block", 
    "code": "clayworks:hardenedclay-orange", 
    "quantity": 1  
  }
},
{
  "enabled": true,
	"ingredientPattern": "DDD, M ,DDD",
	"ingredients": {
		"D": { 
      "type": "block", 
      "code": "clayworks:clayplate-naturalred-fired2" 
    },
		"M": { 
      "type": "item", 
      "code": "game:mortar"
    }
	},
	"width": 3,
	"height": 3,
	"output": { 
    "type": "block", 
    "code": "clayworks:hardenedclay-red", 
    "quantity": 1  
  }
},
{
  "enabled": true,
	"ingredientPattern": "DDD, M ,DDD",
	"ingredients": {
		"D": { 
      "type": "block", 
      "code": "clayworks:clayplate-naturalred-fired3" 
    },
		"M": { 
      "type": "item", 
      "code": "game:mortar"
    }
	},
	"width": 3,
	"height": 3,
	"output": { 
    "type": "block", 
    "code": "clayworks:hardenedclay-brown", 
    "quantity": 1  
  }
}
]
