[
{
  "enabled": true,
	"ingredientPattern": "DDD, M ,DDD",
	"ingredients": {
		"D": { 
      "type": "block", 
      "code": "clayworks:clayplate-*-fired0", 
      "name": "type",
      "allowedVariants": [
        "azure",
        "black",
        "brown",
        "gray",
        "green",
        "crimson",
        "orange",
        "pink",
        "purple",
        "yellow",
        "white",
        "naturalfire"
      ]
    },
		"M": { 
      "type": "item", 
      "code": "game:mortar"
    }
	},
	"width": 3,
	"height": 3,
	"output": { 
    "type": "block", 
    "code": "clayworks:hardenedclay-{type}-fired0", 
    "quantity": 1  
  }
},
{
  "enabled": true,
	"ingredientPattern": "DDD, M ,DDD",
	"ingredients": {
		"D": { 
      "type": "block", 
      "code": "clayworks:clayplate-*-fired1", 
      "name": "type",
      "allowedVariants": [
        "azure",
        "black",
        "brown",
        "gray",
        "green",
        "crimson",
        "orange",
        "pink",
        "purple",
        "yellow",
        "white",
        "naturalfire"
      ]
    },
		"M": { 
      "type": "item", 
      "code": "game:mortar"
    }
	},
	"width": 3,
	"height": 3,
	"output": { 
    "type": "block", 
    "code": "clayworks:hardenedclay-{type}-fired1", 
    "quantity": 1  
  }
},
{
  "enabled": true,
	"ingredientPattern": "DDD, M ,DDD",
	"ingredients": {
		"D": { 
      "type": "block", 
      "code": "clayworks:clayplate-*-fired2", 
      "name": "type",
      "allowedVariants": [
        "azure",
        "black",
        "brown",
        "gray",
        "green",
        "crimson",
        "orange",
        "pink",
        "purple",
        "yellow",
        "white",
        "naturalfire"
      ]
    },
		"M": { 
      "type": "item", 
      "code": "game:mortar"
    }
	},
	"width": 3,
	"height": 3,
	"output": { 
    "type": "block", 
    "code": "clayworks:hardenedclay-{type}-fired2", 
    "quantity": 1  
  }
},
{
  "enabled": true,
	"ingredientPattern": "DDD, M ,DDD",
	"ingredients": {
		"D": { 
      "type": "block", 
      "code": "clayworks:clayplate-*-fired3", 
      "name": "type",
      "allowedVariants": [
        "azure",
        "black",
        "brown",
        "gray",
        "green",
        "crimson",
        "orange",
        "pink",
        "purple",
        "yellow",
        "white",
        "naturalfire"
      ]
    },
		"M": { 
      "type": "item", 
      "code": "game:mortar"
    }
	},
	"width": 3,
	"height": 3,
	"output": { 
    "type": "block", 
    "code": "clayworks:hardenedclay-{type}-fired3", 
    "quantity": 1  
  }
}
]
