{
	"ingredientPattern": "BF",
	"ingredients": {
		"B": { 
      "type": "block", 
      "code": "clayworks:bowl-*-fired1",
      "name": "color",
      "allowedVariants": [
        "azure",
        "black",
        "brown",
        "green",
        "orange",
        "pink",
        "purple",
        "crimson",
        "white",
        "yellow",
        "naturalblue",
        "naturalred",
        "naturalfire"
      ]
    },
		"F": { 
      "type": "item", 
      "code": "game:fat" 
    }
	},
	"width": 2,
	"height": 1,
	"shapeless": true,
	"output": { 
    "type": "block", 
    "code": "clayworks:oillamp-{color}-fired1-up"  
  }
}
