[
	{
		ingredientPattern: "__H,_H_,H__",
		ingredients: {
			"H": { type: "item", code: "clayworks:shinglecolored-*-fired0", name: "material", quantity: 1 }
		},
		width: 3,
		height: 3,
		output: { type: "block", code: "clayworks:slantedroofingcolored-{material}-fired0-east-free", quantity: 2  }
	},
	{
		ingredientPattern: "HH,HH",
		ingredients: {
			"H": { type: "item", code: "clayworks:shinglecolored-*-fired0", name: "material", quantity: 1 }
		},
		width: 2,
		height: 2,
		output: { type: "block", code: "clayworks:clayshingleblockcolored-{material}-fired0", quantity: 2  }
	},
	{
		ingredientPattern: "_H_,H_H",
		ingredients: {
			"H": { type: "item", code: "clayworks:shinglecolored-*-fired0", name: "material", quantity: 1 }
		},
		width: 3,
		height: 2,
		output: { type: "block", code: "clayworks:slantedroofingridgecolored-{material}-fired0-ns-free", quantity: 2  }
	},
	{
		ingredientPattern: "_H_,HHH",
		ingredients: {
			"H": { type: "item", code: "clayworks:shinglecolored-*-fired0", name: "material", quantity: 1 }
		},
		width: 3,
		height: 2,
		output: { type: "block", code: "clayworks:slantedroofingtipcolored-{material}-fired0-free", quantity: 2  }
	},
	{
		ingredientPattern: "_H,H_,_H",
		ingredients: {
			"H": { type: "item", code: "clayworks:shinglecolored-*-fired0", name: "material", quantity: 1 }
		},
		width: 2,
		height: 3,
		output: { type: "block", code: "clayworks:slantedroofingcornerinnercolored-{material}-fired0-east-free", quantity: 2  }
	},
	{
		ingredientPattern: "_H,HH",
		ingredients: {
			"H": { type: "item", code: "clayworks:shinglecolored-*-fired0", name: "material", quantity: 1 }
		},
		width: 2,
		height: 2,
		output: { type: "block", code: "clayworks:slantedroofingcorneroutercolored-{material}-fired0-east-free", quantity: 2  }
	},
		{
		ingredientPattern: "___,___,_H_",
		ingredients: {
			"H": { type: "block", code: "clayworks:slantedroofingcolored-*-fired0-east-free", name: "material" }
		},
		width: 3,
		height: 3,
		output: { type: "block", code: "clayworks:slantedroofingbottomcolored-{material}-fired0-east-free", quantity: 1  }
	},
	{
		ingredientPattern: "_H_,___,___",
		ingredients: {
			"H": { type: "block", code: "clayworks:slantedroofingcolored-*-fired0-east-free", name: "material" }
		},
		width: 3,
		height: 3,
		output: { type: "block", code: "clayworks:slantedroofingtopcolored-{material}-fired0-east-free", quantity: 1  }
	},
	{
		ingredientPattern: "___,H__,___",
		ingredients: {
			"H": { type: "block", code: "clayworks:slantedroofingcolored-*-fired0-east-free", name: "material" }
		},
		width: 3,
		height: 3,
		output: { type: "block", code: "clayworks:slantedroofinghalfleftcolored-{material}-fired0-east-free", quantity: 1  }
	},
	{
		ingredientPattern: "___,__H,___",
		ingredients: {
			"H": { type: "block", code: "clayworks:slantedroofingcolored-*-fired0-east-free", name: "material" }
		},
		width: 3,
		height: 3,
		output: { type: "block", code: "clayworks:slantedroofinghalfrightcolored-{material}-fired0-east-free", quantity: 1  }
	},
	{
		ingredientPattern: "___,_H_,___",
		ingredients: {
			"H": { type: "block", code: "clayworks:slantedroofingridgecolored-*-fired0-ns-free", name: "material" }
		},
		width: 3,
		height: 3,
		output: { type: "block", code: "clayworks:slantedroofingridgeendcolored-{material}-fired0-east-free", quantity: 1  }
	},
	{
		ingredientPattern: "___,H__,___",
		ingredients: {
			"H": { type: "block", code: "clayworks:slantedroofingridgecolored-*-fired0-ns-free", name: "material" }
		},
		width: 3,
		height: 3,
		output: { type: "block", code: "clayworks:slantedroofingridgehalfleftcolored-{material}-fired0-east-free", quantity: 1  }
	},
	{
		ingredientPattern: "___,__H,___",
		ingredients: {
			"H": { type: "block", code: "clayworks:slantedroofingridgecolored-*-fired0-ns-free", name: "material" }
		},
		width: 3,
		height: 3,
		output: { type: "block", code: "clayworks:slantedroofingridgehalfrightcolored-{material}-fired0-east-free", quantity: 1  }
	},

]
