{
	"editor": {
		"allAngles": true,
		"entityTextureMode": false
	},
	"textureWidth": 16,
	"textureHeight": 16,
	"textureSizes": {
	},
	"textures": {
		"stone": "game:block/stone/rock/peridotite1"
	},
	"elements": [
		{
			"name": "origin",
			"from": [ 9.5, 0.5, 7.7 ],
			"to": [ 9.5, 0.5, 7.7 ],
			"rotationOrigin": [ 8.0, 0.0, 8.0 ],
			"faces": {
				"north": { "texture": "#stone", "uv": [ 0.0, 0.0, 0.5, 0.5 ] },
				"east": { "texture": "#stone", "uv": [ 0.0, 0.0, 0.5, 0.5 ] },
				"south": { "texture": "#stone", "uv": [ 0.0, 0.0, 0.5, 0.5 ] },
				"west": { "texture": "#stone", "uv": [ 0.0, 0.0, 0.5, 0.5 ] },
				"up": { "texture": "#stone", "uv": [ 0.0, 0.0, 0.5, 0.5 ] },
				"down": { "texture": "#stone", "uv": [ 0.0, 0.0, 0.5, 0.5 ] }
			},
			"children": [
				{
					"name": "Blade",
					"from": [ 0.1, -0.6, -2.8 ],
					"to": [ 1.1, 1.1, 1.2 ],
					"rotationOrigin": [ 0.1, 1.1, 0.3 ],
					"rotationY": 90.0,
					"faces": {
						"north": { "texture": "#stone", "uv": [ 7.0, 3.0, 8.0, 4.5 ] },
						"east": { "texture": "#stone", "uv": [ 8.5, 2.5, 12.5, 4.0 ] },
						"south": { "texture": "#stone", "uv": [ 6.0, 4.0, 7.0, 5.5 ] },
						"west": { "texture": "#stone", "uv": [ 4.0, 4.0, 8.0, 5.5 ] },
						"up": { "texture": "#stone", "uv": [ 9.0, 8.0, 10.0, 12.0 ] },
						"down": { "texture": "#stone", "uv": [ 4.0, 3.0, 5.0, 7.0 ] }
					},
					"children": [
						{
							"name": "Cube1",
							"from": [ -0.7, 0.1, -2.0 ],
							"to": [ 0.3, 1.6, 1.3 ],
							"rotationOrigin": [ -0.7, 0.1, -2.0 ],
							"rotationY": 12.0,
							"faces": {
								"north": { "texture": "#stone", "uv": [ 0.0, 0.0, 1.0, 1.5 ] },
								"east": { "texture": "#stone", "uv": [ 0.0, 0.0, 3.0, 1.5 ] },
								"south": { "texture": "#stone", "uv": [ 0.0, 0.0, 1.0, 1.5 ] },
								"west": { "texture": "#stone", "uv": [ 0.0, 0.0, 3.0, 1.5 ] },
								"up": { "texture": "#stone", "uv": [ 0.0, 0.0, 1.0, 3.0 ] },
								"down": { "texture": "#stone", "uv": [ 0.0, 0.0, 1.0, 3.0 ] }
							}
						},
						{
							"name": "Cube15",
							"from": [ 0.0, 0.0, 4.0 ],
							"to": [ 0.5, 1.7, 4.5 ],
							"rotationOrigin": [ 0.5, 0.0, 4.0 ],
							"faces": {
								"east": { "texture": "#stone", "uv": [ 4.0, 5.0, 4.5, 6.5 ] },
								"south": { "texture": "#stone", "uv": [ 8.5, 9.5, 9.0, 11.0 ] },
								"west": { "texture": "#stone", "uv": [ 5.0, 7.0, 5.5, 8.5 ] },
								"up": { "texture": "#stone", "uv": [ 3.0, 8.0, 3.5, 8.5 ] },
								"down": { "texture": "#stone", "uv": [ 9.0, 7.5, 9.5, 8.0 ] }
							}
						}
					]
				}
			]
		}
	]}