{
	"editor": {
		"allAngles": false,
		"entityTextureMode": false
	},
	"textureWidth": 16,
	"textureHeight": 16,
	"textureSizes": {
	},
	"textures": {
		"metal": "game:block/metal/ingot/copper"
	},
	"elements": [
		{
			"name": "origin",
			"from": [ 24.0, 0.5, 8.0 ],
			"to": [ 24.0, 0.5, 8.0 ],
			"rotationOrigin": [ 8.0, 0.0, 8.0 ],
			"faces": {
			},
			"children": [
				{
					"name": "holder",
					"from": [ -16.9, -0.6, 2.4 ],
					"to": [ -14.9, 1.1, 4.1 ],
					"rotationOrigin": [ -16.9, -0.6, 2.4 ],
					"rotationY": 90.0,
					"faces": {
						"north": { "texture": "#metal", "uv": [ 7.0, 3.0, 9.0, 4.5 ] },
						"east": { "texture": "#metal", "uv": [ 1.0, 2.0, 2.5, 3.5 ] },
						"south": { "texture": "#metal", "uv": [ 6.0, 4.0, 8.0, 5.5 ] },
						"west": { "texture": "#metal", "uv": [ 6.0, 2.0, 7.5, 3.5 ] },
						"up": { "texture": "#metal", "uv": [ 11.0, 3.5, 12.5, 5.5 ], "rotation": 90 },
						"down": { "texture": "#metal", "uv": [ 4.0, 3.0, 6.0, 4.5 ] }
					},
					"children": [
						{
							"name": "Blade",
							"from": [ 1.0, 0.3, -2.05 ],
							"to": [ 6.5, 0.8, 0.95 ],
							"rotationOrigin": [ 2.5, 0.3, 0.9 ],
							"rotationX": 18.0,
							"faces": {
								"north": { "texture": "#metal", "uv": [ 7.0, 3.0, 12.5, 3.5 ] },
								"east": { "texture": "#metal", "uv": [ 8.5, 3.5, 11.5, 4.0 ] },
								"south": { "texture": "#metal", "uv": [ 5.0, 6.0, 10.5, 6.5 ] },
								"west": { "texture": "#metal", "uv": [ 2.0, 6.0, 5.0, 6.5 ] },
								"up": { "texture": "#metal", "uv": [ 0.5, 5.5, 6.0, 8.5 ], "rotation": 180 },
								"down": { "texture": "#metal", "uv": [ 4.5, 8.5, 10.0, 11.5 ] }
							},
							"children": [
								{
									"name": "Blade13",
									"from": [ 5.5, 0.0, 0.5 ],
									"to": [ 6.0, 0.5, 3.0 ],
									"rotationOrigin": [ 5.5, 0.0, 3.2 ],
									"faces": {
										"north": { "texture": "#metal", "uv": [ 1.0, 8.5, 1.5, 9.0 ] },
										"east": { "texture": "#metal", "uv": [ 9.0, 3.0, 11.5, 3.5 ] },
										"south": { "texture": "#metal", "uv": [ 2.0, 7.0, 2.5, 7.5 ] },
										"west": { "texture": "#metal", "uv": [ 2.0, 6.0, 4.5, 6.5 ] },
										"up": { "texture": "#metal", "uv": [ 5.5, 7.5, 8.0, 8.0 ], "rotation": 90 },
										"down": { "texture": "#metal", "uv": [ 3.5, 6.0, 4.0, 8.5 ] }
									}
								},
								{
									"name": "Blade16",
									"from": [ 6.0, 0.0, 1.5 ],
									"to": [ 6.5, 0.5, 3.0 ],
									"rotationOrigin": [ 6.0, 0.0, 3.0 ],
									"faces": {
										"north": { "texture": "#metal", "uv": [ 1.0, 8.5, 1.5, 9.0 ] },
										"east": { "texture": "#metal", "uv": [ 8.5, 3.5, 10.0, 4.0 ] },
										"south": { "texture": "#metal", "uv": [ 2.0, 7.0, 2.5, 7.5 ] },
										"west": { "texture": "#metal", "uv": [ 2.0, 6.0, 3.5, 6.5 ] },
										"up": { "texture": "#metal", "uv": [ 8.5, 3.0, 10.0, 3.5 ], "rotation": 90 },
										"down": { "texture": "#metal", "uv": [ 8.0, 8.0, 8.5, 9.5 ] }
									}
								},
								{
									"name": "Blade27",
									"from": [ 0.0, 0.0, -0.5 ],
									"to": [ 0.5, 0.5, 1.5 ],
									"rotationOrigin": [ 0.0, 0.0, 1.5 ],
									"rotationY": 10.0,
									"rotationZ": -1.0,
									"faces": {
										"north": { "texture": "#metal", "uv": [ 1.0, 5.0, 1.5, 5.5 ] },
										"east": { "texture": "#metal", "uv": [ 4.0, 3.5, 6.0, 4.0 ] },
										"south": { "texture": "#metal", "uv": [ 2.0, 7.0, 2.5, 7.5 ] },
										"west": { "texture": "#metal", "uv": [ 2.0, 6.0, 4.0, 6.5 ] },
										"up": { "texture": "#metal", "uv": [ 2.5, 7.0, 4.5, 7.5 ], "rotation": 90 },
										"down": { "texture": "#metal", "uv": [ 3.0, 3.0, 3.5, 5.0 ] }
									}
								}
							]
						},
						{
							"name": "tang",
							"from": [ -4.0, 0.0, 0.6 ],
							"to": [ 0.0, 1.7, 1.1 ],
							"rotationOrigin": [ -2.5, 0.0, 3.2 ],
							"faces": {
								"north": { "texture": "#metal", "uv": [ 1.0, 5.0, 5.0, 6.5 ] },
								"east": { "texture": "#metal", "uv": [ 2.0, 5.0, 2.5, 6.5 ] },
								"south": { "texture": "#metal", "uv": [ 2.0, 7.0, 6.0, 8.5 ] },
								"west": { "texture": "#metal", "uv": [ 2.0, 6.0, 2.5, 7.5 ] },
								"up": { "texture": "#metal", "uv": [ 4.0, 9.5, 4.5, 13.5 ], "rotation": 90 },
								"down": { "texture": "#metal", "uv": [ 3.0, 3.0, 7.0, 3.5 ] }
							}
						},
						{
							"name": "Blade12",
							"from": [ 1.0, 0.3, 0.95 ],
							"to": [ 6.5, 0.8, 3.95 ],
							"rotationOrigin": [ 2.5, 0.3, 1.0 ],
							"rotationX": -18.0,
							"faces": {
								"north": { "texture": "#metal", "uv": [ 1.0, 5.0, 6.5, 5.5 ] },
								"east": { "texture": "#metal", "uv": [ 7.0, 5.0, 10.0, 5.5 ] },
								"south": { "texture": "#metal", "uv": [ 6.0, 3.5, 11.5, 4.0 ] },
								"west": { "texture": "#metal", "uv": [ 2.0, 6.0, 5.0, 6.5 ] },
								"up": { "texture": "#metal", "uv": [ 4.0, 1.0, 9.5, 4.0 ] },
								"down": { "texture": "#metal", "uv": [ 3.0, 7.0, 8.5, 10.0 ] }
							},
							"children": [
								{
									"name": "Blade14",
									"from": [ 5.5, 0.0, 0.0 ],
									"to": [ 6.0, 0.5, 2.5 ],
									"rotationOrigin": [ 5.5, 0.0021, 0.0 ],
									"faces": {
										"north": { "texture": "#metal", "uv": [ 1.0, 5.0, 1.5, 5.5 ] },
										"east": { "texture": "#metal", "uv": [ 9.5, 3.5, 12.0, 4.0 ] },
										"south": { "texture": "#metal", "uv": [ 8.5, 3.0, 9.0, 3.5 ] },
										"west": { "texture": "#metal", "uv": [ 2.0, 6.0, 4.5, 6.5 ] },
										"up": { "texture": "#metal", "uv": [ 8.5, 3.0, 11.0, 3.5 ], "rotation": 90 },
										"down": { "texture": "#metal", "uv": [ 3.0, 3.0, 3.5, 5.5 ] }
									}
								},
								{
									"name": "Blade15",
									"from": [ 6.0, 0.0, 0.0 ],
									"to": [ 6.5, 0.5, 1.5 ],
									"rotationOrigin": [ 6.0, 0.0021, 0.0 ],
									"faces": {
										"north": { "texture": "#metal", "uv": [ 1.0, 5.0, 1.5, 5.5 ] },
										"east": { "texture": "#metal", "uv": [ 10.0, 3.0, 11.5, 3.5 ] },
										"south": { "texture": "#metal", "uv": [ 8.5, 3.5, 9.0, 4.0 ] },
										"west": { "texture": "#metal", "uv": [ 2.0, 6.0, 3.5, 6.5 ] },
										"up": { "texture": "#metal", "uv": [ 10.0, 3.0, 11.5, 3.5 ], "rotation": 90 },
										"down": { "texture": "#metal", "uv": [ 4.5, 4.0, 5.0, 5.5 ] }
									}
								},
								{
									"name": "Blade28",
									"from": [ 0.0, 0.0, 1.5 ],
									"to": [ 0.5, 0.5, 3.5 ],
									"rotationOrigin": [ 0.5, 0.0021, 1.5 ],
									"rotationY": -10.0,
									"rotationZ": 1.0,
									"faces": {
										"north": { "texture": "#metal", "uv": [ 1.0, 5.0, 1.5, 5.5 ] },
										"east": { "texture": "#metal", "uv": [ 9.0, 3.5, 11.0, 4.0 ] },
										"south": { "texture": "#metal", "uv": [ 2.0, 7.0, 2.5, 7.5 ] },
										"west": { "texture": "#metal", "uv": [ 2.0, 6.0, 4.0, 6.5 ] },
										"up": { "texture": "#metal", "uv": [ 2.0, 9.5, 4.0, 10.0 ], "rotation": 90 },
										"down": { "texture": "#metal", "uv": [ 3.0, 3.0, 3.5, 5.0 ] }
									}
								}
							]
						}
					]
				}
			]
		}
	]}