{
	"editor": {
		"collapsedPaths": ",Root/origin/flower2,Root/origin/flower4,Root/origin/chamomile,Root/origin/flower3,Root/origin/flower6,Root/origin/flower5,Root/origin/stemdown5,Root/origin/stemdown4,Root/origin/stemdown3,Root/origin/stemdown2,Root/origin2/stemtop5,Root/origin/stemdown28,Root/origin/chamomile4,Root/origin/chamomile3,Root/origin/stemdown26,Root/origin/budorigin3/bud7,Root/origin/stemdown25,Root/origin2,Root/origin/stemdown22,Root/origin/stemdown21,Root/origin/flower10,Root/origin/flower11,Root/origin/flower6/bud5,Root/origin/flower14,Root/origin/flower12,Root/origin/flower,Root/origin/stemtop9,Root/origin/stemtop5,Root/origin/budstembiglower,Root/origin/stemdown30,Root/origin/bud6,Root/origin/bud5,Root/origin/flower8/cham6/bud25,Root/origin/flower2/stemdown31,Root/origin/bud,Root/origin/flower2/stemdown32,Root/origin/bud4,Root/origin/bud3,Root/origin/bud2,Root/origin/flower8,Root/origin/flower9",
		"allAngles": true,
		"entityTextureMode": false
	},
	"textureWidth": 16,
	"textureHeight": 16,
	"textureSizes": {
		"chamomile": [16,16]
	},
	"textures": {
	},
	"elements": [
		{
			"name": "origin",
			"from": [ 8.0, 0.0, 8.0 ],
			"to": [ 8.0, 0.0, 8.0 ],
			"rotationOrigin": [ 8.0, 0.0, 8.0 ],
			"faces": {
			},
			"children": [
				{
					"name": "chamomile",
					"from": [ 0.1, 0.5, -0.1 ],
					"to": [ 0.5, 0.9, 0.3 ],
					"rotationOrigin": [ 0.2, 0.0, 0.0 ],
					"rotationX": -104.0,
					"rotationZ": -180.0,
					"faces": {
						"north": { "texture": "#chamomile", "uv": [ 2.5, 7.5, 5.0, 10.0 ], "autoUv": false, "windMode": [-1,-1,-1,-1] },
						"east": { "texture": "#chamomile", "uv": [ 2.5, 7.5, 5.0, 10.0 ], "autoUv": false, "windMode": [-1,-1,-1,-1] },
						"south": { "texture": "#chamomile", "uv": [ 2.5, 4.5, 5.0, 7.0 ], "autoUv": false, "windMode": [-1,-1,-1,-1] },
						"west": { "texture": "#chamomile", "uv": [ 2.5, 4.5, 5.0, 7.0 ], "autoUv": false, "windMode": [-1,-1,-1,-1] },
						"up": { "texture": "#chamomile", "uv": [ 5.5, 7.5, 8.0, 10.0 ], "autoUv": false, "windMode": [-1,-1,-1,-1] }
					},
					"children": [
						{
							"name": "petal41",
							"from": [ 0.33, -0.02, -0.15 ],
							"to": [ 1.03, -0.02, 0.55 ],
							"rotationOrigin": [ 0.3289, 0.0237, -0.1911 ],
							"rotationZ": 30.0,
							"faces": {
								"up": { "texture": "#chamomile", "uv": [ 12.5, 0.0, 15.0, 2.5 ], "rotation": 90, "autoUv": false }
							}
						},
						{
							"name": "petal42",
							"from": [ 0.53, 0.05, 0.3 ],
							"to": [ 1.23, 0.05, 1.0 ],
							"rotationOrigin": [ 0.5289, 0.0237, 0.3089 ],
							"rotationY": -90.0,
							"rotationZ": -14.0,
							"faces": {
								"up": { "texture": "#chamomile", "uv": [ 12.5, 0.0, 15.0, 2.5 ], "rotation": 90, "autoUv": false }
							}
						},
						{
							"name": "petal43",
							"from": [ 0.03, 0.04, 0.67 ],
							"to": [ 0.73, 0.04, 1.37 ],
							"rotationOrigin": [ 0.0289, 0.0237, 0.6089 ],
							"rotationY": -180.0,
							"rotationZ": -14.0,
							"faces": {
								"up": { "texture": "#chamomile", "uv": [ 12.5, 0.0, 15.0, 2.5 ], "rotation": 90, "autoUv": false }
							}
						},
						{
							"name": "petal44",
							"from": [ -0.17, 0.0237, 0.03 ],
							"to": [ 0.53, 0.0237, 0.73 ],
							"rotationOrigin": [ -0.1711, 0.0237, 0.0089 ],
							"rotationY": 90.0,
							"rotationZ": 75.0,
							"faces": {
								"up": { "texture": "#chamomile", "uv": [ 12.5, 0.0, 15.0, 2.5 ], "rotation": 90, "autoUv": false }
							}
						},
						{
							"name": "petal45",
							"from": [ 0.09, 0.12, -0.09 ],
							"to": [ 0.79, 0.12, 0.61 ],
							"rotationOrigin": [ 0.0289, 0.1237, -0.0911 ],
							"rotationX": 48.0,
							"rotationY": 53.0,
							"rotationZ": 25.0,
							"faces": {
								"up": { "texture": "#chamomile", "uv": [ 12.5, 0.0, 15.0, 2.5 ], "rotation": 90, "autoUv": false }
							}
						},
						{
							"name": "petal46",
							"from": [ 0.55, 0.08, -0.09 ],
							"to": [ 1.35, 0.08, 0.61 ],
							"rotationOrigin": [ 0.4289, 0.0237, -0.0911 ],
							"rotationY": -45.0,
							"rotationZ": -10.0,
							"faces": {
								"up": { "texture": "#chamomile", "uv": [ 12.5, 0.0, 15.0, 2.5 ], "rotation": 90, "autoUv": false }
							}
						},
						{
							"name": "petal47",
							"from": [ 0.74, 0.04, 0.28 ],
							"to": [ 1.54, 0.04, 0.98 ],
							"rotationOrigin": [ 0.5289, 0.0237, 0.3089 ],
							"rotationY": -135.0,
							"rotationZ": -2.0,
							"faces": {
								"up": { "texture": "#chamomile", "uv": [ 12.5, 0.0, 15.0, 2.5 ], "rotation": 90, "autoUv": false }
							}
						},
						{
							"name": "petal48",
							"from": [ 0.1, -0.2, 0.34 ],
							"to": [ 0.8, -0.2, 1.04 ],
							"rotationOrigin": [ 0.0, -0.2, 0.28 ],
							"rotationX": 53.0,
							"rotationY": 150.0,
							"rotationZ": 1.0,
							"faces": {
								"up": { "texture": "#chamomile", "uv": [ 12.5, 0.0, 15.0, 2.5 ], "rotation": 90, "autoUv": false }
							}
						},
						{
							"name": "budbase6",
							"from": [ -0.01, -0.02, -0.01 ],
							"to": [ 0.41, 0.02, 0.41 ],
							"rotationOrigin": [ 0.1851, -0.7647, 0.0201 ],
							"faces": {
								"north": { "texture": "#chamomile", "uv": [ 0.0, 6.0, 1.5, 6.5 ], "autoUv": false },
								"east": { "texture": "#chamomile", "uv": [ 0.0, 8.0, 1.5, 8.5 ], "autoUv": false },
								"south": { "texture": "#chamomile", "uv": [ 0.0, 2.5, 1.5, 3.0 ], "autoUv": false },
								"west": { "texture": "#chamomile", "uv": [ 0.5, 2.5, 2.0, 3.0 ], "autoUv": false },
								"up": { "texture": "#chamomile", "uv": [ 14.5, 3.0, 16.0, 4.5 ], "autoUv": false },
								"down": { "texture": "#chamomile", "uv": [ 0.0, 1.0, 1.5, 2.5 ], "autoUv": false }
							}
						},
						{
							"name": "stemtop2",
							"from": [ 0.1, -0.5, 0.1 ],
							"to": [ 0.3, 0.0, 0.3 ],
							"rotationOrigin": [ 0.1, 0.0, 0.1 ],
							"faces": {
								"north": { "texture": "#chamomile", "uv": [ 1.0, 7.5, 1.5, 9.0 ], "autoUv": false },
								"east": { "texture": "#chamomile", "uv": [ 0.0, 7.5, 0.5, 9.0 ], "autoUv": false },
								"south": { "texture": "#chamomile", "uv": [ 0.0, 6.5, 0.5, 8.0 ], "autoUv": false },
								"west": { "texture": "#chamomile", "uv": [ 0.0, 7.0, 0.5, 8.5 ], "autoUv": false },
								"down": { "texture": "#chamomile", "uv": [ 1.0, 1.0, 1.5, 1.5 ] }
							}
						}
					]
				},
				{
					"name": "chamomile3",
					"from": [ -0.2, 0.5, -0.5 ],
					"to": [ 0.2, 0.9, -0.1 ],
					"rotationOrigin": [ -0.1, 0.0, -0.4 ],
					"rotationX": -101.0,
					"rotationY": 22.0,
					"rotationZ": 141.0,
					"faces": {
						"north": { "texture": "#chamomile", "uv": [ 2.5, 7.5, 5.0, 10.0 ], "autoUv": false, "windMode": [-1,-1,-1,-1] },
						"east": { "texture": "#chamomile", "uv": [ 2.5, 7.5, 5.0, 10.0 ], "autoUv": false, "windMode": [-1,-1,-1,-1] },
						"south": { "texture": "#chamomile", "uv": [ 2.5, 4.5, 5.0, 7.0 ], "autoUv": false, "windMode": [-1,-1,-1,-1] },
						"west": { "texture": "#chamomile", "uv": [ 2.5, 4.5, 5.0, 7.0 ], "autoUv": false, "windMode": [-1,-1,-1,-1] },
						"up": { "texture": "#chamomile", "uv": [ 5.5, 7.5, 8.0, 10.0 ], "autoUv": false, "windMode": [-1,-1,-1,-1] }
					},
					"children": [
						{
							"name": "petal57",
							"from": [ 0.33, 0.0237, -0.15 ],
							"to": [ 1.03, 0.0237, 0.55 ],
							"rotationOrigin": [ 0.3289, 0.0237, -0.1911 ],
							"rotationZ": 12.0,
							"faces": {
								"up": { "texture": "#chamomile", "uv": [ 12.5, 0.0, 15.0, 2.5 ], "rotation": 90, "autoUv": false }
							}
						},
						{
							"name": "petal58",
							"from": [ 0.53, 0.05, 0.3 ],
							"to": [ 1.23, 0.05, 1.0 ],
							"rotationOrigin": [ 0.5289, 0.0237, 0.3089 ],
							"rotationY": -90.0,
							"rotationZ": -14.0,
							"faces": {
								"up": { "texture": "#chamomile", "uv": [ 12.5, 0.0, 15.0, 2.5 ], "rotation": 90, "autoUv": false }
							}
						},
						{
							"name": "petal59",
							"from": [ -0.19, 0.02, 0.67 ],
							"to": [ 0.51, 0.02, 1.37 ],
							"rotationOrigin": [ 0.0289, 0.0237, 0.6089 ],
							"rotationY": -153.0,
							"rotationZ": -17.0,
							"faces": {
								"up": { "texture": "#chamomile", "uv": [ 12.5, 0.0, 15.0, 2.5 ], "rotation": 90, "autoUv": false }
							}
						},
						{
							"name": "petal60",
							"from": [ -0.17, 0.0237, 0.03 ],
							"to": [ 0.53, 0.0237, 0.73 ],
							"rotationOrigin": [ -0.1711, 0.0237, 0.0089 ],
							"rotationY": 90.0,
							"rotationZ": 59.0,
							"faces": {
								"up": { "texture": "#chamomile", "uv": [ 12.5, 0.0, 15.0, 2.5 ], "rotation": 90, "autoUv": false }
							}
						},
						{
							"name": "petal61",
							"from": [ 0.11, -0.07, -0.09 ],
							"to": [ 0.81, -0.07, 0.61 ],
							"rotationOrigin": [ 0.0289, -0.0763, -0.0911 ],
							"rotationY": 45.0,
							"rotationZ": 43.0,
							"faces": {
								"up": { "texture": "#chamomile", "uv": [ 12.5, 0.0, 15.0, 2.5 ], "rotation": 90, "autoUv": false }
							}
						},
						{
							"name": "petal62",
							"from": [ 0.55, 0.04, -0.09 ],
							"to": [ 1.35, 0.04, 0.61 ],
							"rotationOrigin": [ 0.4289, 0.0237, -0.0911 ],
							"rotationY": -45.0,
							"rotationZ": -2.0,
							"faces": {
								"up": { "texture": "#chamomile", "uv": [ 12.5, 0.0, 15.0, 2.5 ], "rotation": 90, "autoUv": false }
							}
						},
						{
							"name": "petal63",
							"from": [ 0.74, 0.04, 0.28 ],
							"to": [ 1.54, 0.04, 0.98 ],
							"rotationOrigin": [ 0.5289, 0.0237, 0.3089 ],
							"rotationY": -135.0,
							"rotationZ": -2.0,
							"faces": {
								"up": { "texture": "#chamomile", "uv": [ 12.5, 0.0, 15.0, 2.5 ], "rotation": 90, "autoUv": false }
							}
						},
						{
							"name": "petal64",
							"from": [ 0.48, -0.18, -0.76 ],
							"to": [ 1.18, -0.18, -0.06 ],
							"rotationOrigin": [ 0.4289, 0.0237, -0.0911 ],
							"rotationX": -15.0,
							"rotationY": 152.0,
							"rotationZ": 54.0,
							"faces": {
								"up": { "texture": "#chamomile", "uv": [ 12.5, 0.0, 15.0, 2.5 ], "rotation": 90, "autoUv": false }
							}
						},
						{
							"name": "budbase8",
							"from": [ -0.01, -0.02, -0.01 ],
							"to": [ 0.41, 0.02, 0.41 ],
							"rotationOrigin": [ 0.1851, -0.7647, 0.0201 ],
							"faces": {
								"north": { "texture": "#chamomile", "uv": [ 0.0, 6.0, 1.5, 6.5 ], "autoUv": false },
								"east": { "texture": "#chamomile", "uv": [ 0.0, 8.0, 1.5, 8.5 ], "autoUv": false },
								"south": { "texture": "#chamomile", "uv": [ 0.0, 2.5, 1.5, 3.0 ], "autoUv": false },
								"west": { "texture": "#chamomile", "uv": [ 0.5, 2.5, 2.0, 3.0 ], "autoUv": false },
								"up": { "texture": "#chamomile", "uv": [ 14.5, 3.0, 16.0, 4.5 ], "autoUv": false },
								"down": { "texture": "#chamomile", "uv": [ 0.0, 1.0, 1.5, 2.5 ], "autoUv": false }
							}
						},
						{
							"name": "stemtop4",
							"from": [ 0.1, -0.5, 0.1 ],
							"to": [ 0.3, 0.0, 0.3 ],
							"rotationOrigin": [ 0.1, 0.0, 0.1 ],
							"faces": {
								"north": { "texture": "#chamomile", "uv": [ 1.0, 7.5, 1.5, 9.0 ], "autoUv": false },
								"east": { "texture": "#chamomile", "uv": [ 0.0, 7.5, 0.5, 9.0 ], "autoUv": false },
								"south": { "texture": "#chamomile", "uv": [ 0.0, 6.5, 0.5, 8.0 ], "autoUv": false },
								"west": { "texture": "#chamomile", "uv": [ 0.0, 7.0, 0.5, 8.5 ], "autoUv": false },
								"down": { "texture": "#chamomile", "uv": [ 1.0, 1.0, 1.5, 1.5 ] }
							}
						}
					]
				},
				{
					"name": "chamomile4",
					"from": [ 0.06, 0.8, -0.3 ],
					"to": [ 0.46, 1.2, 0.1 ],
					"rotationOrigin": [ 0.1, 0.3, -0.2 ],
					"rotationX": -8.0,
					"rotationY": 28.0,
					"rotationZ": -78.0,
					"faces": {
						"north": { "texture": "#chamomile", "uv": [ 2.5, 7.5, 5.0, 10.0 ], "autoUv": false, "windMode": [-1,-1,-1,-1] },
						"east": { "texture": "#chamomile", "uv": [ 2.5, 7.5, 5.0, 10.0 ], "autoUv": false, "windMode": [-1,-1,-1,-1] },
						"south": { "texture": "#chamomile", "uv": [ 2.5, 4.5, 5.0, 7.0 ], "autoUv": false, "windMode": [-1,-1,-1,-1] },
						"west": { "texture": "#chamomile", "uv": [ 2.5, 4.5, 5.0, 7.0 ], "autoUv": false, "windMode": [-1,-1,-1,-1] },
						"up": { "texture": "#chamomile", "uv": [ 5.5, 7.5, 8.0, 10.0 ], "autoUv": false, "windMode": [-1,-1,-1,-1] }
					},
					"children": [
						{
							"name": "petal65",
							"from": [ 0.33, -0.05, -0.15 ],
							"to": [ 1.03, -0.05, 0.55 ],
							"rotationOrigin": [ 0.3289, 0.0237, -0.1911 ],
							"rotationZ": 84.0,
							"faces": {
								"up": { "texture": "#chamomile", "uv": [ 12.5, 0.0, 15.0, 2.5 ], "rotation": 90, "autoUv": false }
							}
						},
						{
							"name": "petal66",
							"from": [ 0.53, 0.05, 0.3 ],
							"to": [ 1.23, 0.05, 1.0 ],
							"rotationOrigin": [ 0.5289, 0.0237, 0.3089 ],
							"rotationY": -90.0,
							"rotationZ": -2.0,
							"faces": {
								"up": { "texture": "#chamomile", "uv": [ 12.5, 0.0, 15.0, 2.5 ], "rotation": 90, "autoUv": false }
							}
						},
						{
							"name": "petal67",
							"from": [ 0.03, 0.04, 0.67 ],
							"to": [ 0.73, 0.04, 1.37 ],
							"rotationOrigin": [ 0.0289, 0.0237, 0.6089 ],
							"rotationY": -180.0,
							"rotationZ": -14.0,
							"faces": {
								"up": { "texture": "#chamomile", "uv": [ 12.5, 0.0, 15.0, 2.5 ], "rotation": 90, "autoUv": false }
							}
						},
						{
							"name": "petal68",
							"from": [ -0.17, 0.0237, 0.03 ],
							"to": [ 0.53, 0.0237, 0.73 ],
							"rotationOrigin": [ -0.1711, 0.0237, 0.0089 ],
							"rotationY": 90.0,
							"rotationZ": 16.0,
							"faces": {
								"up": { "texture": "#chamomile", "uv": [ 12.5, 0.0, 15.0, 2.5 ], "rotation": 90, "autoUv": false }
							}
						},
						{
							"name": "petal69",
							"from": [ -0.08, -0.28, 0.04 ],
							"to": [ 0.52, -0.28, 0.74 ],
							"rotationOrigin": [ -0.0711, -0.0763, -0.0911 ],
							"rotationX": -55.0,
							"rotationY": 32.0,
							"rotationZ": 85.0,
							"faces": {
								"up": { "texture": "#chamomile", "uv": [ 12.5, 0.0, 15.0, 2.5 ], "rotation": 90, "autoUv": false }
							}
						},
						{
							"name": "petal71",
							"from": [ 0.74, 0.04, 0.28 ],
							"to": [ 1.54, 0.04, 0.98 ],
							"rotationOrigin": [ 0.5289, 0.0237, 0.3089 ],
							"rotationY": -135.0,
							"rotationZ": -2.0,
							"faces": {
								"up": { "texture": "#chamomile", "uv": [ 12.5, 0.0, 15.0, 2.5 ], "rotation": 90, "autoUv": false }
							}
						},
						{
							"name": "petal72",
							"from": [ 0.43, 0.03, -0.82 ],
							"to": [ 1.23, 0.03, -0.12 ],
							"rotationOrigin": [ 0.4289, 0.0237, -0.0911 ],
							"rotationY": 135.0,
							"rotationZ": -2.0,
							"faces": {
								"up": { "texture": "#chamomile", "uv": [ 12.5, 0.0, 15.0, 2.5 ], "rotation": 90, "autoUv": false }
							}
						},
						{
							"name": "budbase9",
							"from": [ -0.01, -0.02, -0.01 ],
							"to": [ 0.41, 0.02, 0.41 ],
							"rotationOrigin": [ 0.1851, -0.7647, 0.0201 ],
							"faces": {
								"north": { "texture": "#chamomile", "uv": [ 0.0, 6.0, 1.5, 6.5 ], "autoUv": false },
								"east": { "texture": "#chamomile", "uv": [ 0.0, 8.0, 1.5, 8.5 ], "autoUv": false },
								"south": { "texture": "#chamomile", "uv": [ 0.0, 2.5, 1.5, 3.0 ], "autoUv": false },
								"west": { "texture": "#chamomile", "uv": [ 0.5, 2.5, 2.0, 3.0 ], "autoUv": false },
								"up": { "texture": "#chamomile", "uv": [ 14.5, 3.0, 16.0, 4.5 ], "autoUv": false },
								"down": { "texture": "#chamomile", "uv": [ 0.0, 1.0, 1.5, 2.5 ], "autoUv": false }
							}
						},
						{
							"name": "stemtop5",
							"from": [ 0.1, -0.5, 0.1 ],
							"to": [ 0.3, 0.0, 0.3 ],
							"rotationOrigin": [ 0.1, 0.0, 0.1 ],
							"faces": {
								"north": { "texture": "#chamomile", "uv": [ 1.0, 7.5, 1.5, 9.0 ], "autoUv": false },
								"east": { "texture": "#chamomile", "uv": [ 0.0, 7.5, 0.5, 9.0 ], "autoUv": false },
								"south": { "texture": "#chamomile", "uv": [ 0.0, 6.5, 0.5, 8.0 ], "autoUv": false },
								"west": { "texture": "#chamomile", "uv": [ 0.0, 7.0, 0.5, 8.5 ], "autoUv": false },
								"down": { "texture": "#chamomile", "uv": [ 1.0, 1.0, 1.5, 1.5 ] }
							}
						},
						{
							"name": "petal70",
							"from": [ 0.4405, 0.148, -0.1512 ],
							"to": [ 1.2405, 0.148, 0.5488 ],
							"rotationOrigin": [ 0.3194, 0.1317, -0.0962 ],
							"rotationX": 52.0217,
							"rotationY": -12.857,
							"rotationZ": 70.9371,
							"faces": {
								"up": { "texture": "#chamomile", "uv": [ 12.5, 0.0, 15.0, 2.5 ], "rotation": 90, "autoUv": false }
							}
						}
					]
				}
			]
		}
	]}