{
	"editor": {
		"allAngles": false,
		"entityTextureMode": false
	},
	"textureWidth": 16,
	"textureHeight": 16,
	"textureSizes": {
	},
		"textures": {
		"snowcover": "block/liquid/snow/normal1"
	},
	"elements": [
		{
			"name": "Base",
			"from": [ 0.0, 0.0, 0.0 ],
			"to": [ 16.0, 8.0, 16.0 ],
			"faces": {
				"north": { "texture": "#north", "uv": [ 0.0, 0.0, 16.0, 8.0 ] },
				"east": { "texture": "#east", "uv": [ 0.0, 0.0, 16.0, 8.0 ] },
				"south": { "texture": "#south", "uv": [ 0.0, 0.0, 16.0, 8.0 ] },
				"west": { "texture": "#west", "uv": [ 0.0, 0.0, 16.0, 8.0 ] },
				"down": { "texture": "#down", "uv": [ 0.0, 0.0, 16.0, 16.0 ] }
			},
			"children": [
				{
					"name": "Base-snow",
					"from": [ 0.0, 8.01, 8.0 ],
					"to": [ 16.0, 10.01, 16.0 ],
					"rotationOrigin": [ 0.0, 0.0, 8.0 ],
					"faces": {
						"east": { "texture": "#snowcover", "uv": [ 0.0, 0.0, 8.0, 2.0 ] },
						"south": { "texture": "#snowcover", "uv": [ 0.0, 0.0, 16.0, 2.0 ] },
						"west": { "texture": "#snowcover", "uv": [ 0.0, 0.0, 8.0, 2.0 ] },
						"up": { "texture": "#snowcover", "uv": [ 0.0, 0.0, 16.0, 8.0 ], "rotation": 180 }
					}
				}
			]
		},
		{
			"name": "Step",
			"from": [ 0.0, 8.0, 0.0 ],
			"to": [ 16.0, 15.0, 8.0 ],
			"faces": {
				"north": { "texture": "#north", "uv": [ 0.0, 0.0, 16.0, 7.0 ] },
				"east": { "texture": "#east", "uv": [ 0.0, 0.0, 8.0, 7.0 ] },
				"south": { "texture": "#south", "uv": [ 0.0, 0.0, 16.0, 7.0 ] },
				"west": { "texture": "#west", "uv": [ 0.0, 0.0, 8.0, 7.0 ] }
			},
			"children": [
				{
					"name": "Step-snow",
					"from": [ 0.0, 7.01, 0.0 ],
					"to": [ 16.0, 9.01, 8.0 ],
					"rotationOrigin": [ 0.0, -1.0, 0.0 ],
					"faces": {
						"north": { "texture": "#snowcover", "uv": [ 0.0, 0.0, 16.0, 2.0 ] },
						"east": { "texture": "#snowcover", "uv": [ 0.0, 0.0, 8.0, 2.0 ] },
						"south": { "texture": "#snowcover", "uv": [ 0.0, 0.0, 16.0, 2.0 ] },
						"west": { "texture": "#snowcover", "uv": [ 0.0, 0.0, 8.0, 2.0 ] },
						"up": { "texture": "#snowcover", "uv": [ 0.0, 0.0, 16.0, 8.0 ], "rotation": 180 }
					}
				}
			]
		}
	]}