{
	"editor": {
		"backDropShape": "entity/humanoid/seraph-hairless",
		"collapsedPaths": "",
		"allAngles": true,
		"entityTextureMode": true
	},
	"textureWidth": 64,
	"textureHeight": 64,
	"textureSizes": {
	},
	"textures": {
	},
	"elements": [
		{
			"name": "ArmorHelmet",
			"stepParentName": "Head",
			"from": [ -0.2, -0.9, -0.6 ],
			"to": [ 5.9, 5.5, 5.7 ],
			"unwrapMode": 4,
			"autoUnwrap": false,
			"uv": [ 27.0, 14.5 ],
			"rotationOrigin": [ -0.2, -0.9, -0.6 ],
			"faces": {
				"north": { "texture": "#material", "uv": [ 27.0, 20.5, 33.0, 26.5 ] },
				"east": { "texture": "#material", "uv": [ 45.5, 20.5, 51.5, 26.5 ] },
				"south": { "texture": "#material", "uv": [ 39.0, 20.5, 45.0, 26.5 ] },
				"west": { "texture": "#material", "uv": [ 33.0, 20.5, 39.0, 26.5 ], "windMode": [-1,-1,-1,-1], "windData": [1,1,1,1] },
				"up": { "texture": "#material", "uv": [ 33.0, 14.5, 39.0, 20.5 ], "rotation": 90 },
				"down": { "texture": "#material", "uv": [ 33.0, 26.5, 39.0, 32.5 ], "rotation": 90 }
			},
			"children": [
				{
					"name": "Hinge",
					"from": [ 3.3, 4.25, 0.0 ],
					"to": [ 3.3, 4.25, 0.0 ],
					"uv": [ 61.5, 23.5 ],
					"rotationOrigin": [ 3.3, 4.25, 0.0 ],
					"faces": {
					},
					"children": [
						{
							"name": "Visor",
							"from": [ -3.31, -4.251, -0.01 ],
							"to": [ 2.81, 1.749, 6.31 ],
							"unwrapMode": 4,
							"autoUnwrap": false,
							"uv": [ 27.0, 14.5 ],
							"rotationOrigin": [ -3.31, -4.25, 0.0 ],
							"faces": {
								"north": { "texture": "#material", "uv": [ 39.0, 26.5, 45.0, 32.5 ] },
								"south": { "texture": "#material", "uv": [ 51.0, 26.5, 57.0, 32.5 ] },
								"west": { "texture": "#material", "uv": [ 45.0, 32.5, 51.0, 38.5 ], "windMode": [-1,-1,-1,-1], "windData": [1,1,1,1] },
								"down": { "texture": "#material", "uv": [ 51.5, 20.5, 57.5, 26.5 ], "rotation": 180 }
							},
							"children": [
								{
									"name": "Attempt2",
									"from": [ 0.0, -1.0, 0.0 ],
									"to": [ 0.0, -1.0, 0.0 ],
									"uv": [ 0.0, 0.0 ],
									"rotationOrigin": [ 0.0, -1.0, 0.0 ],
									"faces": {
										"north": { "texture": "#material", "uv": [ 0.0, 0.5, 0.5, 1.0 ] },
										"east": { "texture": "#material", "uv": [ 0.5, 0.5, 1.0, 1.0 ] },
										"south": { "texture": "#material", "uv": [ 1.0, 0.5, 1.5, 1.0 ] },
										"west": { "texture": "#material", "uv": [ 1.5, 0.5, 2.0, 1.0 ] },
										"up": { "texture": "#material", "uv": [ 0.0, 0.0, 0.5, 0.5 ] },
										"down": { "texture": "#material", "uv": [ 0.5, 0.0, 1.0, 0.5 ] }
									},
									"children": [
										{
											"name": "Snout_Lower_Right2",
											"from": [ -2.0, 0.5, 3.1 ],
											"to": [ -1.0, 1.5, 4.45 ],
											"uv": [ 18.5, 9.0 ],
											"rotationOrigin": [ 0.0, 0.5, 3.1 ],
											"rotationX": -89.2,
											"rotationY": -66.0,
											"rotationZ": -111.0,
											"faces": {
												"north": { "texture": "#material", "uv": [ 18.5, 10.0, 19.5, 11.0 ] },
												"east": { "texture": "#material", "uv": [ 19.5, 10.0, 20.5, 11.0 ] },
												"south": { "texture": "#material", "uv": [ 20.5, 10.0, 21.5, 11.0 ] },
												"west": { "texture": "#material", "uv": [ 21.5, 10.0, 22.5, 11.0 ] },
												"up": { "texture": "#material", "uv": [ 18.5, 9.0, 19.5, 10.0 ] },
												"down": { "texture": "#material", "uv": [ 19.5, 9.0, 20.5, 10.0 ] }
											}
										},
										{
											"name": "Snout_Lower_Right",
											"from": [ -1.0, 0.5, 3.1 ],
											"to": [ 0.0, 1.5, 5.35 ],
											"uv": [ 18.5, 8.5 ],
											"rotationOrigin": [ 0.0, 0.5, 3.1 ],
											"rotationX": -89.7,
											"rotationY": -66.7,
											"rotationZ": -111.0,
											"faces": {
												"north": { "texture": "#material", "uv": [ 18.5, 10.5, 19.5, 11.5 ] },
												"east": { "texture": "#material", "uv": [ 19.5, 10.5, 21.5, 11.5 ] },
												"south": { "texture": "#material", "uv": [ 21.5, 10.5, 22.5, 11.5 ] },
												"west": { "texture": "#material", "uv": [ 22.5, 10.5, 24.5, 11.5 ] },
												"up": { "texture": "#material", "uv": [ 18.5, 8.5, 19.5, 10.5 ] },
												"down": { "texture": "#material", "uv": [ 19.5, 8.5, 20.5, 10.5 ] }
											}
										},
										{
											"name": "Snout_Upper_Left2",
											"from": [ 0.0, 3.0, 4.8 ],
											"to": [ 1.0, 4.0, 5.55 ],
											"uv": [ 17.0, 7.5 ],
											"rotationOrigin": [ 0.0, 3.1, 4.8 ],
											"rotationX": 90.0,
											"rotationY": -50.0,
											"rotationZ": -32.0,
											"faces": {
												"north": { "texture": "#material", "uv": [ 17.0, 8.0, 18.0, 9.0 ] },
												"east": { "texture": "#material", "uv": [ 18.0, 8.0, 18.5, 9.0 ] },
												"south": { "texture": "#material", "uv": [ 18.5, 8.0, 19.5, 9.0 ] },
												"west": { "texture": "#material", "uv": [ 19.5, 8.0, 20.0, 9.0 ] },
												"up": { "texture": "#material", "uv": [ 17.0, 7.5, 18.0, 8.0 ] },
												"down": { "texture": "#material", "uv": [ 18.0, 7.5, 19.0, 8.0 ] }
											}
										},
										{
											"name": "Snout_Upper_Left",
											"from": [ 0.0, 4.5, 3.1 ],
											"to": [ 1.0, 6.5, 5.85 ],
											"autoUnwrap": false,
											"uv": [ 57.0, 32.5 ],
											"rotationOrigin": [ 0.0, 4.5, 3.1 ],
											"rotationX": 90.0,
											"rotationY": -50.0,
											"rotationZ": -32.0,
											"faces": {
												"south": { "texture": "#material", "uv": [ 47.5, 35.0, 48.5, 37.0 ] },
												"west": { "texture": "#material", "uv": [ 47.0, 35.5, 49.0, 38.0 ], "rotation": 90 }
											}
										},
										{
											"name": "Snout_Upper_Right2",
											"from": [ -0.15, 3.112, 1.4 ],
											"to": [ 0.85, 4.112, 2.15 ],
											"uv": [ 45.0, 36.5 ],
											"rotationOrigin": [ 0.0, 3.1, 1.4 ],
											"rotationX": 90.0,
											"rotationY": -50.0,
											"rotationZ": -58.0,
											"faces": {
												"north": { "texture": "#material", "uv": [ 45.0, 37.0, 46.0, 38.0 ] },
												"east": { "texture": "#material", "uv": [ 46.0, 37.0, 46.5, 38.0 ] },
												"south": { "texture": "#material", "uv": [ 46.5, 37.0, 47.5, 38.0 ] },
												"west": { "texture": "#material", "uv": [ 47.5, 37.0, 48.0, 38.0 ] },
												"up": { "texture": "#material", "uv": [ 45.0, 36.5, 46.0, 37.0 ] },
												"down": { "texture": "#material", "uv": [ 46.0, 36.5, 47.0, 37.0 ] }
											}
										},
										{
											"name": "Snout_Left_Beam",
											"from": [ -1.0, 1.0, 6.3 ],
											"to": [ 0.0, 2.0, 10.2 ],
											"autoUnwrap": false,
											"uv": [ 42.0, 35.5 ],
											"rotationOrigin": [ 0.0, 2.0, 6.3 ],
											"rotationX": 180.0,
											"rotationY": -46.0,
											"rotationZ": 135.0,
											"faces": {
												"east": { "texture": "#material", "uv": [ 47.5, 37.0, 51.0, 38.0 ], "windMode": [-1,-1,-1,-1], "windData": [1,1,1,1] },
												"south": { "texture": "#material", "uv": [ 49.5, 36.0, 50.5, 37.0 ] },
												"west": { "texture": "#material", "uv": [ 47.5, 37.0, 51.0, 38.0 ], "windMode": [-1,-1,-1,-1], "windData": [1,1,1,1] },
												"up": { "texture": "#material", "uv": [ 48.0, 30.5, 51.5, 31.5 ], "rotation": 270, "windMode": [-1,-1,-1,-1], "windData": [1,1,1,1] },
												"down": { "texture": "#material", "uv": [ 47.5, 37.0, 51.0, 38.0 ], "rotation": 90, "windMode": [-1,-1,-1,-1], "windData": [1,1,1,1] }
											}
										},
										{
											"name": "Snout_Upper_Right",
											"from": [ 0.0, 4.5, 3.1 ],
											"to": [ 1.9, 5.5, 5.85 ],
											"autoUnwrap": false,
											"uv": [ 53.5, 34.5 ],
											"rotationOrigin": [ 0.0, 4.5, 3.1 ],
											"rotationX": 90.0,
											"rotationY": -50.0,
											"rotationZ": -58.0,
											"faces": {
												"east": { "texture": "#material", "uv": [ 47.0, 34.0, 49.5, 35.0 ], "windMode": [-1,-1,-1,-1], "windData": [1,1,1,1] },
												"south": { "texture": "#material", "uv": [ 46.0, 36.0, 47.5, 37.0 ], "windMode": [-1,-1,-1,-1], "windData": [1,1,1,1] },
												"down": { "texture": "#material", "uv": [ 45.0, 35.5, 46.5, 38.0 ], "rotation": 180 }
											}
										},
										{
											"name": "Snout_Right_Beam",
											"from": [ 0.0, 1.0, 0.0 ],
											"to": [ 1.0, 2.0, 3.85 ],
											"autoUnwrap": false,
											"uv": [ 39.5, 35.0 ],
											"rotationOrigin": [ 0.0, 2.0, 0.0 ],
											"rotationY": -47.0,
											"rotationZ": 45.0,
											"faces": {
												"north": { "texture": "#material", "uv": [ 50.0, 36.0, 51.0, 37.0 ] },
												"east": { "texture": "#material", "uv": [ 45.0, 37.0, 48.5, 38.0 ], "windMode": [-1,-1,-1,-1], "windData": [1,1,1,1] },
												"south": { "texture": "#material", "uv": [ 49.5, 36.0, 50.5, 37.0 ], "windMode": [-1,-1,-1,-1], "windData": [1,1,1,1] },
												"west": { "texture": "#material", "uv": [ 44.5, 31.0, 48.0, 32.0 ], "windMode": [-1,-1,-1,-1], "windData": [1,1,1,1] },
												"up": { "texture": "#material", "uv": [ 44.5, 31.0, 48.0, 32.0 ], "rotation": 90, "windMode": [-1,-1,-1,-1], "windData": [1,1,1,1] },
												"down": { "texture": "#material", "uv": [ 45.0, 34.5, 46.0, 38.0 ], "windMode": [-1,-1,-1,-1], "windData": [1,1,1,1] }
											}
										},
										{
											"name": "Snout_Lower_Left",
											"from": [ -1.0, 0.5, 3.1 ],
											"to": [ 0.0, 1.5, 5.45 ],
											"uv": [ 18.5, 8.5 ],
											"rotationOrigin": [ 0.0, 0.5, 3.1 ],
											"rotationX": -90.0,
											"rotationY": -67.0,
											"rotationZ": -158.0,
											"faces": {
												"north": { "texture": "#material", "uv": [ 18.5, 10.5, 19.5, 11.5 ] },
												"east": { "texture": "#material", "uv": [ 19.5, 10.5, 21.5, 11.5 ] },
												"south": { "texture": "#material", "uv": [ 21.5, 10.5, 22.5, 11.5 ] },
												"west": { "texture": "#material", "uv": [ 22.5, 10.5, 24.5, 11.5 ] },
												"up": { "texture": "#material", "uv": [ 18.5, 8.5, 19.5, 10.5 ] },
												"down": { "texture": "#material", "uv": [ 19.5, 8.5, 20.5, 10.5 ] }
											}
										},
										{
											"name": "Snout_Lower_Left2",
											"from": [ -1.0, 1.5, 3.1 ],
											"to": [ 0.0, 2.5, 4.55 ],
											"uv": [ 18.5, 8.5 ],
											"rotationOrigin": [ 0.0, 0.5, 3.1 ],
											"rotationX": -90.0,
											"rotationY": -67.0,
											"rotationZ": -158.0,
											"faces": {
												"north": { "texture": "#material", "uv": [ 18.5, 9.5, 19.5, 10.5 ] },
												"east": { "texture": "#material", "uv": [ 19.5, 9.5, 20.5, 10.5 ] },
												"south": { "texture": "#material", "uv": [ 20.5, 9.5, 21.5, 10.5 ] },
												"west": { "texture": "#material", "uv": [ 21.5, 9.5, 22.5, 10.5 ] },
												"up": { "texture": "#material", "uv": [ 18.5, 8.5, 19.5, 9.5 ] },
												"down": { "texture": "#material", "uv": [ 19.5, 8.5, 20.5, 9.5 ] }
											}
										}
									]
								},
								{
									"name": "Eye_Right",
									"from": [ -0.3, 2.4, 0.6 ],
									"to": [ 0.0, 3.9, 3.3 ],
									"autoUnwrap": false,
									"uv": [ 39.5, 23.5 ],
									"rotationOrigin": [ -0.3, 2.4, 0.6 ],
									"rotationX": -5.0,
									"rotationY": -3.0,
									"rotationZ": -11.0,
									"faces": {
										"north": { "texture": "#material", "uv": [ 45.5, 28.5, 46.0, 30.0 ] },
										"south": { "texture": "#material", "uv": [ 50.0, 28.5, 50.5, 30.0 ] },
										"west": { "texture": "#material", "uv": [ 45.5, 28.5, 48.0, 30.0 ], "windMode": [-1,-1,-1,-1], "windData": [1,1,1,1] },
										"up": { "texture": "#material", "uv": [ 45.5, 28.5, 48.0, 29.0 ], "rotation": 90 },
										"down": { "texture": "#material", "uv": [ 45.5, 29.5, 48.0, 30.0 ], "rotation": 90 }
									}
								},
								{
									"name": "Eyes_Left",
									"from": [ -0.3, 2.4, 3.0 ],
									"to": [ 0.0, 3.9, 5.7 ],
									"autoUnwrap": false,
									"uv": [ 39.5, 23.5 ],
									"rotationOrigin": [ -0.3, 2.4, 5.7 ],
									"rotationX": 5.0,
									"rotationY": 3.0,
									"rotationZ": -11.0,
									"faces": {
										"north": { "texture": "#material", "uv": [ 45.5, 28.5, 46.0, 30.0 ] },
										"south": { "texture": "#material", "uv": [ 50.0, 28.5, 50.5, 30.0 ] },
										"west": { "texture": "#material", "uv": [ 45.5, 28.5, 48.0, 30.0 ] },
										"up": { "texture": "#material", "uv": [ 45.5, 28.5, 48.0, 29.0 ], "rotation": 90 },
										"down": { "texture": "#material", "uv": [ 45.5, 29.5, 48.0, 30.0 ], "rotation": 90 }
									}
								}
							]
						}
					]
				},
				{
					"name": "HeadTop",
					"from": [ 1.5, 6.4, 1.2 ],
					"to": [ 5.5, 6.9, 5.1 ],
					"autoUnwrap": false,
					"uv": [ 28.5, 8.0 ],
					"rotationOrigin": [ 1.5, 6.4, 1.2 ],
					"faces": {
						"north": { "texture": "#material", "uv": [ 33.5, 18.5, 37.5, 19.0 ] },
						"east": { "texture": "#material", "uv": [ 34.0, 15.0, 37.5, 15.5 ] },
						"south": { "texture": "#material", "uv": [ 37.0, 15.0, 37.5, 19.0 ], "rotation": 90 },
						"west": { "texture": "#material", "uv": [ 33.5, 15.0, 34.0, 18.5 ], "rotation": 90 },
						"up": { "texture": "#material", "uv": [ 34.0, 15.0, 37.5, 19.0 ], "rotation": 90 }
					}
				}
			]
		},
		{
			"name": "ArmorNeck",
			"stepParentName": "Neck",
			"from": [ -0.3, 0.6, -0.3 ],
			"to": [ 3.3, 2.4, 3.3 ],
			"unwrapMode": 4,
			"uv": [ 12.0, 5.5 ],
			"rotationOrigin": [ -0.3, 2.6, -0.3 ],
			"faces": {
				"north": { "texture": "#material", "uv": [ 12.0, 5.5, 15.5, 7.0 ] },
				"east": { "texture": "#material", "uv": [ 22.5, 5.5, 26.0, 7.0 ] },
				"south": { "texture": "#material", "uv": [ 19.0, 5.5, 22.5, 7.0 ] },
				"west": { "texture": "#material", "uv": [ 15.5, 5.5, 19.0, 7.0 ] }
			}
		}
	]}