{
    "code": "owl-brown-f",
    "class": "EntityAgent",	
	"tags": ["animal", "habitat-air"],	
	"habitat": "Air",		
    "hitboxSize": {
        "x": .70,
        "y": .72
    },
    "deadHitboxSize": {
        "x": 1.2,
        "y": 1.2
    },
    "eyeHeight": 0.6,

    "swimmingEyeHeight": 2.1,
	"fallDamageMultiplier": 0.05,	
    "drops": [],
    "weight": 0.75,	
        "attributes": {
			pathfinder: {
				minTurnAnglePerSec: 25,
				maxTurnAnglePerSec: 100
			},
        "creatureDiet": {
            "foodCategories": [
                "Protein"
            ],
            "skipFoodTags": [
                "honeycomb"
            ],
			
        },
        "passivephysics": {

        },
        "physics": {
            "airDragFactor": 0.5
        },
    },
    "client": {
        "renderer": "Shape",
        "shape": {
            "base": "entity/air/owl/owl_shape_newc"
        },
        "texture": {
            "base": "entity/owl/brown_owl",
            "alternates": [
                {
                    "base": "entity/owl/brown_owl-2"
                },
                {
                    "base": "entity/owl/brown_owl-2"
                },
                {
                    "base": "entity/owl/brown_owl-1"
                },
                {
                    "base": "entity/owl/brown_owl-1"
                }
            ]
        },
        "size": 1.45,
        "behaviors": [
            {
                "code": "controlledphysics",
                "stepHeight": 4.8251
            },
            {
                "code": "interpolateposition"
            },
			{
                "code": "repulseagents"
            },
        ],
        "animations": [
            {
                "code": "hurt",
                "animation": "hurt",
                "animationSpeed": 0.95,
                "weight": 0.55,
                "blendMode": "AddAverage"
            },
            {
                "code": "die",
                "animation": "death",
                "animationSpeed": 0.95,
                "weight": 10,
                "blendMode": "Average",
                "triggeredBy": {
                    "onControls": [
                        "dead"
                    ]
                },
				
            },
            {
                "code": "lookaround",
                "animation": "fly2",
                "blendMode": "Average",
                "animationSpeed": 1.05,
                "easeInSpeed": 3,
                "easeOutSpeed": 3,
				"weight": 0.87,
				"supressDefaultAnimation": true,
                "triggeredBy": {
                    "onControls": [
                        "fly","idle"
                    ]
                },				
            },
            {
                "code": "walk",
                "animation": "walk",
                "blendMode": "Average",
                "animationSpeed": 0.25,
                "easeInSpeed": 7,
                "easeOutSpeed": 7,
				"weight": 5.47,
                "triggeredBy": {
                    "onControls": [
                        "move",
                    ]
                },			
				"MatchExact": true,
            },
            {
                "code": "walk",
                "animation": "fly",
                "animationSpeed": 2.95,
                "weight": 10.55,
                "easeInSpeed": 4,
                "easeOutSpeed": 4,
                "triggeredBy": {
                    "onControls": [
                        "fly","move",
                    ]
                },		
				
				"MatchExact": true,
                "blendMode": "Average",
                "supressDefaultAnimation": true
            },
            {
                "code": "walk",
                "animation": "fly2",
                "animationSpeed": 1.75,
                "weight": 10.15,
                "easeInSpeed": 7,
                "easeOutSpeed": 7,
                "triggeredBy": {
                    "onControls": [
                        "fall","idle","fly"
                    ]
                },			
				"MatchExact":true,
                "blendMode": "Average",
                "supressDefaultAnimation": true
            }
        ]
    },
    "server": {
		"weight": 0.75,
        "attributes": {
			pathfinder: {
				minTurnAnglePerSec: 25,
				maxTurnAnglePerSec: 100
			},
        "passivephysics": {
        },
        "physics": {
            "airDragFactor": 0.5
			},
        },
        "behaviors": [
            {
                "code": "repulseagents"
            },
            {
                "code": "despawn",
                "minPlayerDistance": 10,
                "aboveLightLevel": 9,
                "minSeconds": 480
            },
            {
                "code": "controlledphysics",
                "stepHeight": 4.8251
            },
            {
                "code": "health",
                "currenthealth": 8,
                "maxhealth": 8
            },
            {
                "code": "deaddecay",
                "hoursToDecay": 0.02
            },
            {
                "code": "emotionstates",
                "states": [
                    {
                        "code": "fleeondamage",
                        "duration": 60,
                        "chance": 0.75,
                        "slot": 2,
                        "priority": 5,
                        "accumType": "max",
                        "whenHealthRelBelow": 0.8
                    },
                    {
                        "code": "saturated",
                        "duration": 1200,
                        "chance": 1,
                        "slot": 0,
                        "priority": 1,
                        "accumType": "sum",
                        "aboveTempDuration": 600,
                        "aboveTempThreshold": 5
                    },
                    {
                        "code": "aggressiveondamage",
                        "duration": 30,
                        "chance": 1,
                        "slot": 2,
                        "priority": 2,
                        "accumType": "noaccum"
                    },
                    {
                        "code": "alarmherdondamage",
                        "chance": 1,
                        "slot": 1,
                        "priority": 1,
                        "accumType": "max"
                    }
                ]
            },
            {
                "code": "taskai",
				"aiCreatureType": "Humanoid",
                "aitasks": [
                    {
                        "code": "fleeentity",
                        "entityCodes": [
                            "player",
                            "wolf-male",
                            "wolf-female",
                            "fox-*",
                            "bear-*",
                            "little-scarecrow"
                        ],
                        "priority": 1.8,
                        "movespeed": 0.0512,
                        "animationSpeed": 0.85,
                        "seekingRange": 18,
                        "animation": "fly"
                    },
                    {
                        "code": "fleeentity",
                        "entityCodes": [
                            "scarecrow"
                        ],
                        "priority": 1.95,
                        "movespeed": 0.0512,
                        "animationSpeed": 1.15,
                        "seekingRange": 24,
                        "animation": "fly"
                    },
                    {
                        "code": "fleeentity",
                        "entityCodes": [
                            "strawdummy"
                        ],
                        "priority": 1.5,
                        "movespeed": 0.0412,
                        "animationSpeed": 1.15,
                        "seekingRange": 8,
                        "animation": "fly"
                    },
                    {
                        "code": "wander",
                        "priority": 1.4,
                        "animationSpeed": 1.20,
                        "movespeed": 0.0275,
                        "animation": "walk",
						"preferredLightLevel": 12,
						"awaitReached": false
                    },
                    {
                        "code": "wander",
                        "priority": 1.4,
                        "animationSpeed": 1.50,
						"turnSpeedMul": 0.15,						
                        "movespeed": 0.0475,
                        "animation": "fly",
						"preferredLightLevel": 8,
						"awaitReached": false
                    },
                    {
                        "code": "idle",
                        "priority": 1.1,
                        "animationSpeed": 0.95,
                        "animation": "idle",
						"priorityForCancel": 1,
						
                    },
                    {
                        "code": "wander",
                        "priority": 1.1,
                        "animationSpeed": 0.95,
						"preferredLightLevel": 8,
                        "animation": "Fly",
                        "mincooldown": 6500,
                        "maxcooldown": 8700,
						"movespeed": 0.0305,
                    },
                    {
                        "code": "getoutofwater",
                        "priority": 2.1,
                        "movespeed": 0.0712,
                        "animation": "fly",
                        "animationSpeed": 1,
						"turnSpeedMul": 0.4,
                    },
                    {
                        "code": "meleeattack",
                        "entityCodes": [
                            "chicken-baby",
                            "duck-baby",
                            "fieldmus",
                            "Hedgehog-*",
                            "thecritterpack:squirrel-baby-*",
                            "thecritterpack:squirrel-female-*",
                            "thecritterpack:squirrel-male-*",
                            "thecritterpack:chipmunk-male-*",
                            "hare-*"
                        ],
                        "priority": 2.1,
                        "damage": 3,
                        "damageTier": 1,
                        "damageType": "SlashingAttack",
                        "slot": 1,
                        "mincooldown": 1500,
                        "maxcooldown": 1500,
                        "attackDurationMs": 800,
                        "damagePlayerAtMs": 500,
                        "animation": "hurt",
                        "animationSpeed": 0.2,
                        "stopOnNearbyEntityCodes": [
                            "player",
							"little-scarecrow",
							"scarecrow"							
                        ],
                        "stopRange": 15,
						"turnSpeedMul": 0.2,
                    },
                    {
                        "code": "seekentity",
                        "entityCodes": [
                            "chicken-baby",
                            "duck-baby",
                            "Hedgehog-*",
                            "thecritterpack:squirrel-baby-*",
                            "thecritterpack:squirrel-female-*",
                            "thecritterpack:squirrel-male-*",
                            "thecritterpack:chipmunk-male-*",
                            "hare-*"
                        ],
                        "priority": 1.5,
                        "movespeed": 0.0124,
                        "animationSpeed": 0.05,
                        "seekingRange": 5,
                        "maxFollowTime": 40,
                        "animation": "fly",
                        "stopOnNearbyEntityCodes": [
                            "player",
                            "wolf-*",
                            "fox-*",
                            "bear-*",
							"little-scarecrow",
							"scarecrow"
							
                        ],
						"turnSpeedMul": 0.8,
                        "stopRange": 12,
						
                    },
                    {
                        "code": "seekentity",
                        "entityCodes": [
                            "fieldmus",
                            "hare-baby",
                            "raccoon-baby"
                        ],
                        "priority": 1.5,
                        "movespeed": 0.0204,
                        "animationSpeed": 0.05,
                        "seekingRange": 25,
                        "maxFollowTime": 90,
                        "animation": "fly2",
                        "stopOnNearbyEntityCodes": [
                            "wolf-*"
                        ],
						"turnSpeedMul": 0.9,
                        "stopRange": 2
                    },
					{ 
						code: "lookaround", 
						"turnSpeedMul": 0.4,
						"animation": "fly",
						"priority": 1.2,
						"maxHeight": 25,
						"mincooldown": 2500,
                        "maxcooldown": 2700,
					}					
                ]
            },
			{ code: "entitystatetags" }	
        ],
        "spawnconditions": {
            "runtime": {
                "group": "passive",
                "MinDistanceToPlayer": 32,
                "tryOnlySurface": false,
                "chance": 0.091,
                "maxQuantity": 1,
                "__comment": "Make them spawn away from artifical light so they don't spawn inside farmland",
                "maxLightLevel": 7,
                "lightLevelType": "onlyBlockLight",
                "groupSize": {
                    "dist": "invexp",
                    "avg": 0,
                    "var": 1
                },
                "insideBlockCodes": [
                    "game:forestfloor-1",
                    "game:forestfloor-2",
                    "game:forestfloor-3",
                    "game:air",
                    "game:soil-*",
                    "tallgrass-*"
                ],
                "minTemp": 5,
                "maxTemp": 21,
                "minRain": 0.2,
                "maxRain": 0.85,
                "minForest": 0.3
            }
        }
    },
    "idleSoundRange": 24,
    "sounds": {
        "idle": "creature/owl/owl-hooting-*"
    },
    "idleSoundChance": 0.075
}