{
  "code": "essencedust",

  "heldTpUseAnimation": "interactstatic",
  "maxstacksize": 999,

  "shape": { "base": "essence/essencedust" },

  "creativeinventory": {
    "general": [ "*" ],
    "items": [ "*" ],
    "NDLVillagers": [ "*" ]
  },

  "fpHandTransform": {
    "translation": {
      "x": 0.1,
      "y": 0.16,
      "z": 0
    },
    "rotation": {
      "x": 37,
      "y": 77,
      "z": 2
    },
    "origin": {
      "x": 0.5,
      "y": 0.1,
      "z": 0.5
    },
    "scale": 1.95
  },
  "guiTransform": {
    "translation": {
      "x": 0,
      "y": 0,
      "z": -25
    },
    "rotation": {
      "x": 171,
      "y": 57,
      "z": -20
    },
    "origin": {
      "x": 0.46,
      "y": 0.11,
      "z": 0.39
    },
    "scale": 2.64
  },
  "groundTransform": {
    "translation": {
      "x": 0,
      "y": 0,
      "z": 0
    },
    "rotation": {
      "x": 3,
      "y": 1,
      "z": 0
    },
    "origin": {
      "x": 0.5,
      "y": 0,
      "z": 0.5
    },
    "scale": 2.65
  },
  "tpHandTransform": {
    "translation": {
      "x": -1.67,
      "y": -1.1,
      "z": -0.7
    },
    "rotation": {
      "x": 19,
      "y": 26,
      "z": -83
    },
    "scale": 0.48
  }
}