{
  "code": "essencethread",

  "heldTpUseAnimation": "interactstatic",
  "maxstacksize": 999,

  "shape": { "base": "essencethread/essencethread" },

  "creativeinventory": {
    "general": [ "*" ],
    "items": [ "*" ],
    "NDLVillagers": [ "*" ]
  },
  "guiTransform": {
    "rotation": {
      "x": 1,
      "y": 43,
      "z": -37
    },
    "origin": {
      "x": 0.5,
      "y": 0.1,
      "z": 0.5
    },
    "scale": 2.41
  },
  "fpHandTransform": {
    "rotation": {
      "x": 109,
      "y": 89,
      "z": -42
    },
    "origin": {
      "x": 0.6,
      "y": 0.3,
      "z": 0.5
    },
    "scale": 1.48
  },
  "groundTransform": {
    "translation": {
      "x": 0,
      "y": 0,
      "z": 0
    },
    "rotation": {
      "x": 0,
      "y": 0,
      "z": 0
    },
    "origin": {
      "x": 0.3,
      "y": 0.0,
      "z": 0.5299
    },
    "scale": 4
  },
  "tpHandTransform": {
    "translation": {
      "x": -1,
      "y": -1,
      "z": -1.3
    },
    "rotation": {
      "x": -93,
      "y": -3,
      "z": -5
    },
    "scale": 0.51
  }
}