[
    {
        "op": "remove",
        "side": "server",
        "path": "/textures",
        "file": "game:itemtypes/resource/stone.json"
    },
    {
        "file": "game:itemtypes/resource/stone.json",
        "op": "add",
        "side": "server",
        "path": "/texturesByType",
        "value": {
            "@.*-(andesite|basalt|phyllite|slate|kimberlite|obsidian|scoria|suevite|tuff|peridotite|greenmarble|redmarble|whitemarble|chalk|halite|meteorite-iron)": {
                "material": {
                    "base": "game:block/stone/rock/{rock}/1"
                }
            },
            "@.*-(bauxite|chert|claystone|conglomerate|granite|limestone|sandstone|shale)": {
                "material": {
                    "base": "game:block/stone/rock/{rock}/sides/1"
                }
            },
            "*": {
                "material": { "base": "block/stone/rock/{rock}1" }
            }
        }
    }
]
	