{
    "code": "c_crow",
    "class": "EntityAgent",
    "hitboxSize": {
        "x": 0.52,
        "y": 0.52
    },
    "deadHitboxSize": {
        "x": 0.6,
        "y": 0.6
    },
    "eyeHeight": 0.5,
    "drops": [],
    "canClimb": false,
    "canClimbAnywhere": false,
    "climbTouchDistance": 12.1,
    "rotateModelOnClimb": false,
    "fallDamageMultiplier": 0.55,
    "attributes": {
        "creatureDiet": {
            "foodCategories": [
                "Grain",
                "Fruit"
            ],
            "foodTags": [
                "nibbleCrop",
                "lootableSweet",
                "sweetBerryBush"
            ],
            "skipFoodTags": [
                "honeycomb"
            ]
        },
		trappable: {
			"small": { trapChance: 0.2, trapDestroyChance: 0.02 }
		},		
        "handbook": {
            "groupcode": "thecritterpack:creaturegroup-crow"
            },
            "passivephysics": {
                "airDragFallingFactor": .1,
                "gravityFactor": 0.23
            },
            "physics": {
                "airMovingStrength": 0.105
            },
        "pathfinder": {
            "minTurnAnglePerSec": 1200,
            "maxTurnAnglePerSec": 3200
        }
    },
    "client": {
        "renderer": "Shape",
        "shape": {
            "base": "entity/air/crow/crow2-0c"
        },
        "texture": {
            "base": "entity/c_crow/crow-redo-2"
        },
        "size": 1.15,
        "behaviors": [
            {
                "code": "repulseagents"
            },
            {
                "code": "controlledphysics",
                "stepHeight": 1.2251
            },
            {
                "code": "interpolateposition"
            },
            {
                "code": "harvestable"
            },
            {
                "code": "floatupwhenstuck",
                "onlyWhenDead": false
            }
        ],
        "animations": [
            {
                "code": "hurt",
                "animation": "hurt",
                "animationSpeed": 2.2,
                "weight": 10,
                "blendMode": "AddAverage"
            },
            {
                "code": "die",
                "animation": "death",
                "animationSpeed": 1.25,
                "weight": 10,
                "blendMode": "Average",
                "triggeredBy": {
                    "onControls": [
                        "dead"
                    ]
                }
            },
            {
                "code": "idle",
                "animation": "idle",
                "blendMode": "addAverage",
                "easeOutSpeed": 4,
                "animationSpeed": 1,
                "triggeredBy": {
                    "defaultAnim": true
                }
            },
            {
                "code": "sleep",
                "animation": "sleep",
                "easeInSpeed": 4,
                "easeOutSpeed": 4,
                "blendMode": "Average"
            },
            {
                "code": "sit",
                "animation": "sit",
                "easeInSpeed": 4,
                "easeOutSpeed": 4,
                "triggeredBy": {
                    "onControls": [
                        "floorsitting"
                    ],
                    "matchExact": true
                },
                "blendMode": "Average"
            },
            {
                "code": "eat",
                "animation": "Eat",
                "easeInSpeed": 4,
                "easeOutSpeed": 4,
                "blendMode": "Average"
            },
            {
                "code": "fly",
                "animation": "fly",
                "animationSpeed": 1.25,
                "weight": 1,
                "blendMode": "Average",
                "supressDefaultAnimation": true
            }
        ]
    },
    "server": {
        "attributes": {
            "pathfinder": {
                "minTurnAnglePerSec": 1200,
                "maxTurnAnglePerSec": 3200
            },
            "passivephysics": {
                "airDragFallingFactor": .1,
                "gravityFactor": 0.23
            },
            "physics": {
                "airMovingStrength": 0.105
            }
        },
        "behaviors": [
            {
                "code": "repulseagents"
            },
            {
                "code": "despawn",
                "minPlayerDistance": 64,
                "belowLightLevel": 4,
                "minSeconds": 400
            },
            {
                "code": "controlledphysics",
                "stepHeight": 1.2251
            },
            {
                "code": "health",
                "currenthealth": 3,
                "maxhealth": 3
            },
            {
                "code": "deaddecay",
                "hoursToDecay": 96,
                "decayedBlock": "carcass-tiny"
            },
            {
                "code": "floatupwhenstuck",
                "onlyWhenDead": false
            },
            {
                "code": "harvestable",
                "drops": [
                    {
                        "type": "item",
                        "code": "poultry-raw",
                        "quantity": {
                            "avg": 1.25,
                            "var": 1.25
                        }
                    },
                    {
                        "type": "item",
                        "code": "feather",
                        "quantity": {
                            "avg": 12,
                            "var": 4
                        }
                    },
                    {
                        "type": "item",
                        "code": "bone",
                        "quantity": {
                            "avg": 0.5,
                            "var": 0
                        }
                    }
                ]
            },
            {
                "code": "emotionstates",
                "states": [
                    {
                        "code": "aggressiveondamage",
                        "duration": 20,
                        "chance": 0.4,
                        "slot": 0,
                        "priority": 2,
                        "accumType": "noaccum"
                    },
                    {
                        "code": "fleeondamage",
                        "duration": 15,
                        "chance": 1,
                        "slot": 0,
                        "priority": 1,
                        "accumType": "max"
                    }
                ]
            },
            {
                "code": "taskai",
				"aiCreatureType": "Humanoid",
                "aitasks": [
                    {
                        "code": "fleeentity",
                        "entityCodes": [
                            "player",
                            "wolf-male",
                            "wolf-female",
                            "fox-*",
                            "bear-*",
                            "little-scarecrow"
                        ],
                        "priority": 1.8,
                        "movespeed": 0.027,
                        "animationSpeed": 2.4,
                        "seekingRange": 5,
                        "animation": "fly",
                        "leapAtTarget": true,
                        "leapAnimation": "fly",
                        "leapChance": 1,
                        "instafleeOnDamageChance": 1
                    },
                    {
                        "code": "fleeentity",
                        "entityCodes": [
                            "scarecrow",
                            "straw-scarecrow-entity"
                        ],
                        "priority": 1.95,
                        "movespeed": 0.047,
                        "animationSpeed": 2.4,
                        "seekingRange": 18,
                        "animation": "fly",
                        "leapAtTarget": true,
                        "leapAnimation": "fly",
                        "leapChance": 1,
                        "instafleeOnDamageChance": 1
                    },
                    {
                        "code": "fleeentity",
                        "entityCodes": [
                            "strawdummy"
                        ],
                        "priority": 1.5,
                        "movespeed": 0.027,
                        "animationSpeed": 2.4,
                        "seekingRange": 6,
                        "animation": "fly",
                        "leapAtTarget": true,
                        "leapAnimation": "fly",
                        "leapChance": 1,
                        "instafleeOnDamageChance": 1
                    },
                    {
                        "code": "idle",
                        "priority": 1.75,
                        "minduration": 5000000,
                        "maxduration": 5000000,
                        "mincooldown": 5000,
                        "maxcooldown": 15000,
                        "priorityForCancel": 1.38,
                        "animation": "Sleep",
                        "whenNotInEmotionState": "aggressiveondamage",
                        "duringDayTimeFrames": [
                            {
                                "fromHour": 20,
                                "toHour": 24
                            },
                            {
                                "fromHour": 0,
                                "toHour": 6
                            }
                        ],
                        "stopOnNearbyEntityCodes": [
                            "player",
                            "wolf-male",
                            "wolf-female",
                            "fox-*",
                            "strawdummy"
                        ],
                        "stopRange": 4,
                        "stopOnHurt": true
                    },
                    {
                        "code": "idle",
                        "priority": 1,
                        "animation": "Idle"
                    },
                    {
                        "code": "wander",
                        "priority": 1.1,
                        "movespeed": 0.01,
                        "priorityForCancel": 1.25,
                        "animation": "Walk"
                    },
                    {
                        "code": "wander",
                        "priority": 1.1,
                        "movespeed": 0.02,
                        "priorityForCancel": 1.25,
                        "animation": "Hopping"
                    },
                    {
                        "code": "idle",
                        "priority": 0.9,
                        "minduration": 6000,
                        "maxduration": 40000,
                        "mincooldown": 2000,
                        "maxcooldown": 120000,
                        "priorityForCancel": 1.29,
                        "animation": "Sit"
                    },
                    {
                        "code": "idle",
                        "priority": 1.0,
                        "animation": "call",
						"sound": "creature/crow/crow1-0*",
						"mincooldown": 2000,
                        "maxcooldown": 20000,
                    },
                    {
                        "code": "idle",
                        "priority": 2.0,
                        "animation": "eat",
						"sound": "creature/crow/crow1-0*",
						"mincooldown": 2000,
                        "maxcooldown": 20000,
                    },
                    {
                        "code": "getoutofwater",
                        "priority": 5.1,
                        "movespeed": 0.0212,
                        "animation": "Hopping",
                        "animationSpeed": 0.5
                    },
                    {
                        "code": "lookaround",
                        "priority": 0.5,
                        
                    },
                    {
                        "code": "seekfoodandeat",
                        "seekingRange": 4,
                        "movespeed": 0.0185,
                        "priority": 0.25,
                        "priorityForCancel": 0.58,
                        "eatTime": 2.3,
                        "eatLooseItems": true,
                        "animationSpeed": 1.2,
                        "animation": "Walk",
                        "eatAnimation": "Eat",
                        "mincooldownHours": 7,
                        "maxcooldownHours": 13,
                        "stopOnNearbyEntityCodes": [
                            "strawdummy",
                            "wolf-male",
                            "wolf-female",
                            "fox-*",
                            "little-scarecrow",
                            "scarecrow"
                        ],
                        "stopRange": 6,
                        "stopOnHurt": true
                    },
					{
                        "code": "stayclosetoentity",
                        "priority": 1.0,
                        "entityCode": "c_crow",
                        "movespeed": 0.027,
                        "maxDistance": 8.0,
                        "searchRange": 7,
                        "animation": "walk",
						"animationSpeed": 1.22
                    },	
					{
                        "code": "stayclosetoentity",
                        "priority": 1.1,
                        "entityCode": "player",
                        "movespeed": 0.027,
                        "maxDistance": 8.0,
                        "searchRange": 10,
                        "animation": "walk",
						"animationSpeed": 1.22
                    },	
                ]
            }
        ],
        "spawnconditions": {
            "worldgen": {
                "TriesPerChunk": {
                    "avg": 0.002,
                    "var": 0.1
                },
                "tryOnlySurface": true,
                "minLightLevel": 4,
                "maxLightLevel": 8,
                "requiresolidground": true,
                "groupSize": {
                    "dist": "verynarrowgaussian",
                    "avg": 1,
                    "var": 4
                },
				"insideBlockCodes": [
                    "game:tallgrass-*",
					"game:air"
                ],
                "minTemp": -3,
                "maxTemp": 25,
                "minRain": 0.1,
                "maxRain": 0.9,
                "minForestOrShrubs": 0.05,
                "maxForest": 1.65,
                "maxShrubs": 1.75,
                "companions": [
                    "thecritterpack:c_crow",
                    "thecritterpack:c_crow",
                    "thecritterpack:c_crow",
                    "thecritterpack:crow_flying",
                    "thecritterpack:crow_flying",
                ]
            },
            "runtime": {
                "group": "passive",
                "tryOnlySurface": true,
                "chance": 0.0012,
                "__comment": "Make them spawn in dark places so they don't spawn inside farmland",
                "lightLevelType": "onlyBlockLight",
                "maxLightLevel": 7,
                "maxQuantity": 2,
                "requiresolidground": true,
                "groupSize": {
                    "dist": "verynarrowgaussian",
                    "avg": 0.23,
                    "var": 0.23
                },
                "insideBlockCodes": [
                    "game:tallgrass-*",
                    "game:air"
                ],
                "minTemp": -3,
                "maxTemp": 25,
                "minRain": 0.1,
                "maxRain": 0.9,
                "minForestOrShrubs": 0.05,
                "maxForest": 1.65,
                "maxShrubs": 1.75,
                "companions": [
                    "thecritterpack:c_crow",
                    "thecritterpack:c_crow",
                    "thecritterpack:c_crow",
                    "thecritterpack:crow_flying",
                    "thecritterpack:crow_flying",
                ]
            }
        }
    },
    "sounds": {
        "idle": "creature/crow/crow1-0*",
        "hurt": "creature/crow/crow-2hurt"
    },
    "idleSoundChance": 0.05
}