{
  "code": "essencestone",
  "class": "EntityAgent",
  "enabled": true,
  "habitat": "land",

  "canclimb": true,
  "canClimbAnywhere": false,
  "rotateModelOnClimb": true,
  "fallDamage": false,

  "eyeHeight": 1.5,
  "hitboxsize": {
    "x": 0.75,
    "y": 2.5
  },
  "deadHitboxSize": {
    "x": 0.75,
    "y": 2
  },

  "drops": [
    {
      "type": "item",
      "code": "essencedust",
      "quantity": {
        "avg": 2.5,
        "var": 1.5
      }
    }
  ],

  "client": {
    "renderer": "Shape",
    "shape": { "base": "essencestone/essencestone" },
    "behaviors": [
      {
        "code": "interpolateposition"
      },
      {
        "code": "controlledphysics",
        "stepHeight": 1.1251
      },
      {
        "code": "repulseagents"
      }
    ],
    "animations": [
      {
        "code": "idle",
        "animation": "hoveranimation",
        "blendMode": "Average",
        "triggeredBy": { "defaultAnim": true }
      },
      {
        "code": "die",
        "animation": "deathanimation",
        "animationSpeed": 1.0,
        "weight": 10,
        "blendMode": "Average",
        "triggeredBy": { "onControls": [ "dead" ] }
      }
    ]
  },

  "server": {
    "behaviors": [
      {
        "code": "health",
        "currenthealth": 20,
        "maxhealth": 20
      },
      {
        "code": "repulseagents"
      },
      {
        "code": "despawn",
        "minPlayerDistance": 32,
        "minSeconds": 30
      },
      {
        "code": "despawn",
        "minPlayerDistance": 64,
        "minSeconds": 6
      },
      {
        "code": "controlledphysics",
        "stepHeight": 1.1251
      },
      {
        "code": "deaddecay",
        "hoursToDecay": 1
      },
      {
        "code": "taskai",
        "aitasks": [
          {
            "code": "idle",
            "priority": 1.1,
            "priorityForCancel": 1.35,
            "minduration": 4000,
            "maxduration": 6000,
            "chance": 0.0003,
            "initialMinCoolDown": 2000,
            "initialMaxCoolDown": 150000,
            "mincooldown": 400000,
            "maxcooldown": 10000000,
            "animation": "hoveranimation"
          }
        ]
      }
    ],
    "spawnconditions": {
      "runtime": {
        "group": "hostile",
        "maxQuantity": 10,
        "minLightLevel": 0,
        "maxLightLevel": 4,
        "minY": 0,
        "maxY": 2.0,
        "requireSolidGround": true,
        "tryOnlySurface": false,
        "chance": 0.1,
        "lightLevelType": "MaxTimeOfDayLight",
        "insideBlockCodes": [ "game:air", "game:tallgrass-*", "game:snowlayer-1", "game:loosestones-*", "game:looseboulders-*" ]
      },
      "idleSoundRange": 15,
      "sounds": {
        "death": "",
        "hurt": ""
      },
      "idleSoundChance": 0.5,
      "hurtSoundChance": 0.5,
      "deathSoundChance": 0.5
    }
  }
}