[
    { "file": "game:recipes/cooking/jam", "op": "replace", "path": "/shape", "value": { base: "block/food/meal/betterjam" }, "side": "server" },
    { "file": "game:recipes/cooking/vegetablestew", "op": "replace", "path": "/shape", "value": { base: "block/food/meal/bettervegetablestew" }, "side": "server" },
    { "file": "game:recipes/cooking/jam", "op": "add", "path": "/ingredients/1/validStacks/-", "value": {
            "type": "item",
            "code": "wildcraftfruit:fruit-cucumber",
            "shapeElement": "bowl/vegetable"
        },
        "side": "server"
    },
    { "file": "game:recipes/cooking/jam", "op": "add", "path": "/ingredients/1/validStacks/-", "value": {
            "type": "item",
            "code": "wildcraftfruit:fruit-maritabits",
            "shapeElement": "bowl/vegetable"
        },
        "side": "server"
    },
    { "file": "game:recipes/cooking/jam", "op": "add", "path": "/ingredients/1/validStacks/-", "value": {
            "type": "item",
            "code": "wildcraftfruit:fruit-*",
            "shapeElement": "bowl/fruit"
        },
        "side": "server"
    },
    { "file": "game:recipes/cooking/jam", "op": "add", "path": "/ingredients/1/validStacks/-", "value": {
            "type": "item",
            "code": "wildcraftfruit:berrymush-cloudberrymush",
            "shapeElement": "bowl/fruit"
        },
        "side": "server"
    },
    { "file": "game:recipes/cooking/jam", "op": "add", "path": "/ingredients/1/validStacks/-", "value": {
            "type": "item",
            "code": "wildcraftfruit:nut-juniper",
            "shapeElement": "bowl/fruit"
        },
        "side": "server"
    },
    { "file": "game:recipes/cooking/jam", "op": "add", "path": "/ingredients/1/validStacks/-", "value": {
            "type": "item",
            "code": "wildcraftfruit:nut-sumac",
            "shapeElement": "bowl/fruit"
        },
        "side": "server"
    },
    { "file": "game:recipes/cooking/jam", "op": "add", "path": "/ingredients/1/validStacks/-", "value": {
            "type": "item",
            "code": "wildcraftfruit:nut-walnut",
            "shapeElement": "bowl/fruit"
        },
        "side": "server"
    },
    { "file": "game:recipes/cooking/jam", "op": "add", "path": "/ingredients/1/validStacks/-", "value": {
            "type": "item",
            "code": "wildcraftfruit:nut-bluequandong",
            "shapeElement": "bowl/fruit"
        },
        "side": "server"
    },
    { "file": "game:recipes/cooking/jam", "op": "add", "path": "/ingredients/1/validStacks/-", "value": {
            "type": "item",
            "code": "wildcraftfruit:nut-sugarhackberry",
            "shapeElement": "bowl/fruit"
        },
        "side": "server"
    },
    { "file": "game:recipes/cooking/jam", "op": "add", "path": "/ingredients/1/validStacks/-", "value": {
            "type": "item",
            "code": "wildcraftfruit:nut-deserthackberry",
            "shapeElement": "bowl/fruit"
        },
        "side": "server"
    },
    { "file": "game:recipes/cooking/jam", "op": "add", "path": "/ingredients/1/validStacks/-", "value": {
            "type": "item",
            "code": "wildcraftfruit:nut-commonhackberry",
            "shapeElement": "bowl/fruit"
        },
        "side": "server"
    },
    { "file": "game:recipes/cooking/jam", "op": "add", "path": "/ingredients/1/validStacks/-", "value": {
            "type": "item",
            "code": "wildcraftfruit:nut-pistachioberry",
            "shapeElement": "bowl/fruit"
        },
        "side": "server"
    },
    { "file": "game:recipes/cooking/jam", "op": "add", "path": "/ingredients/1/validStacks/-", "value": {
            "type": "item",
            "code": "game:vegetable-carrot",
            "shapeElement": "bowl/vegetable"
        },
        "side": "server"
    },
    { "file": "game:recipes/cooking/jam", "op": "add", "path": "/ingredients/1/validStacks/-", "value": {
            "type": "item",
            "code": "game:vegetable-pumpkin",
            "shapeElement": "bowl/vegetable"
        },
        "side": "server"
    },
    { "file": "game:recipes/cooking/jam", "op": "add", "path": "/ingredients/1/validStacks/-", "value": {
            "type": "item",
            "code": "wildcraftfruit:vegetable-*",
            "shapeElement": "bowl/vegetable"
        },
        "side": "server"
    },
    { "file": "game:recipes/cooking/jam", "op": "add", "path": "/ingredients/1/validStacks/-", "value": {
            "type": "item",
            "code": "wildcraftfruit:flower-currant",
            "shapeElement": "bowl/fruit"
        },
        "side": "server"
    },
    { "file": "game:recipes/cooking/jam", "op": "add", "path": "/ingredients/1/validStacks/-", "value": {
            "type": "item",
            "code": "wildcraftfruit:flower-rose",
            "shapeElement": "bowl/fruit"
        },
        "side": "server"
    },
    { "file": "game:recipes/cooking/jam", "op": "add", "path": "/ingredients/1/validStacks/-", "value": {
            "type": "item",
            "code": "wildcraftfruit:flower-passionflower",
            "shapeElement": "bowl/fruit"
        },
        "side": "server"
    },
    { "file": "game:recipes/cooking/jam", "op": "add", "path": "/ingredients/1/validStacks/-", "value": {
            "type": "item",
            "code": "wildcraftfruit:flower-feijoa",
            "shapeElement": "bowl/fruit"
        },
        "side": "server"
    },
    { "file": "game:recipes/cooking/jam", "op": "add", "path": "/ingredients/1/validStacks/-", "value": {
            "type": "item",
            "code": "wildcraftfruit:flower-hibiscus",
            "shapeElement": "bowl/fruit"
        },
        "side": "server"
    },
    { "file": "game:recipes/cooking/jam", "op": "add", "path": "/ingredients/1/validStacks/-", "value": {
            "type": "item",
            "code": "wildcraftfruit:flower-honeysuckle",
            "shapeElement": "bowl/fruit"
        },
        "side": "server"
    },
    { "file": "game:recipes/cooking/jam", "op": "add", "path": "/ingredients/1/validStacks/-", "value": {
            "type": "item",
            "code": "wildcraftfruit:flower-elder",
            "shapeElement": "bowl/fruit"
        },
        "side": "server"
    },
    { "file": "game:recipes/cooking/porridge", "op": "add", "path": "/ingredients/0/validStacks/-", "value": {
            "type": "item",
            "code": "wildcraftfruit:nut-acornleached",
            "shapeElement": "bowl/grain/*"
        },
        "side": "server"
    },
    { "file": "game:recipes/cooking/porridge", "op": "add", "path": "/ingredients/0/validStacks/-", "value": {
            "type": "item",
            "code": "wildcraftfruit:nut-oldmansaltbush",
            "shapeElement": "bowl/grain/*"
        },
        "side": "server"
    },
    { "file": "game:recipes/cooking/porridge", "op": "add", "path": "/ingredients/4/validStacks/-", "value": {
            "type": "item",
            "code": "wildcraftfruit:pickledvegetable-cucumber",
            "shapeElement": "bowl/vegetable 2/*"
        },
        "side": "server"
    },
    { "file": "game:recipes/cooking/porridge", "op": "add", "path": "/ingredients/4/validStacks/-", "value": {
            "type": "item",
            "code": "wildcraftfruit:pickledvegetable-*",
            "shapeElement": "bowl/fruit 1/*"
        },
        "side": "server"
    },
    { "file": "game:recipes/cooking/porridge", "op": "add", "path": "/ingredients/3/validStacks/-", "value": {
            "type": "item",
            "code": "wildcraftfruit:vegetable-*",
            "shapeElement": "bowl/vegetable 1/*"
        },
        "side": "server"
    },
    { "file": "game:recipes/cooking/porridge", "op": "add", "path": "/ingredients/4/validStacks/-", "value": {
            "type": "item",
            "code": "wildcraftfruit:vegetable-*",
            "shapeElement": "bowl/vegetable 2/*"
        },
        "side": "server"
    },
    { "file": "game:recipes/cooking/porridge", "op": "add", "path": "/ingredients/3/validStacks/-", "value": {
            "type": "item",
            "code": "wildcraftfruit:fruit-cucumber",
            "shapeElement": "bowl/vegetable 1/*"
        },
        "side": "server"
    },
    { "file": "game:recipes/cooking/porridge", "op": "add", "path": "/ingredients/4/validStacks/-", "value": {
            "type": "item",
            "code": "wildcraftfruit:fruit-cucumber",
            "shapeElement": "bowl/vegetable 2/*"
        },
        "side": "server"
    },
    { "file": "game:recipes/cooking/porridge", "op": "add", "path": "/ingredients/3/validStacks/-", "value": {
            "type": "item",
            "code": "wildcraftfruit:fruit-maritabits",
            "shapeElement": "bowl/vegetable 1/*"
        },
        "side": "server"
    },
    { "file": "game:recipes/cooking/porridge", "op": "add", "path": "/ingredients/4/validStacks/-", "value": {
            "type": "item",
            "code": "wildcraftfruit:fruit-maritabits",
            "shapeElement": "bowl/vegetable 2/*"
        },
        "side": "server"
    },
    { "file": "game:recipes/cooking/porridge", "op": "add", "path": "/ingredients/3/validStacks/-", "value": {
            "type": "item",
            "code": "wildcraftfruit:nut-chestnut",
            "shapeElement": "bowl/vegetable 1/*"
        },
        "side": "server"
    },
    { "file": "game:recipes/cooking/porridge", "op": "add", "path": "/ingredients/4/validStacks/-", "value": {
            "type": "item",
            "code": "wildcraftfruit:nut-chestnut",
            "shapeElement": "bowl/vegetable 2/*"
        },
        "side": "server"
    },
    { "file": "game:recipes/cooking/porridge", "op": "add", "path": "/ingredients/3/validStacks/-", "value": {
            "type": "item",
            "code": "wildcraftfruit:nut-chestnutbaked",
            "shapeElement": "bowl/vegetable 1/*"
        },
        "side": "server"
    },
    { "file": "game:recipes/cooking/porridge", "op": "add", "path": "/ingredients/4/validStacks/-", "value": {
            "type": "item",
            "code": "wildcraftfruit:nut-chestnutbaked",
            "shapeElement": "bowl/vegetable 2/*"
        },
        "side": "server"
    },
    { "file": "game:recipes/cooking/porridge", "op": "add", "path": "/ingredients/3/validStacks/-", "value": {
            "type": "item",
            "code": "wildcraftfruit:nut-breadnut",
            "shapeElement": "bowl/vegetable 1/*"
        },
        "side": "server"
    },
    { "file": "game:recipes/cooking/porridge", "op": "add", "path": "/ingredients/4/validStacks/-", "value": {
            "type": "item",
            "code": "wildcraftfruit:nut-breadnut",
            "shapeElement": "bowl/vegetable 2/*"
        },
        "side": "server"
    },
    { "file": "game:recipes/cooking/porridge", "op": "add", "path": "/ingredients/3/validStacks/-", "value": {
            "type": "item",
            "code": "wildcraftfruit:nut-breadnutbaked",
            "shapeElement": "bowl/vegetable 1/*"
        },
        "side": "server"
    },
    { "file": "game:recipes/cooking/porridge", "op": "add", "path": "/ingredients/4/validStacks/-", "value": {
            "type": "item",
            "code": "wildcraftfruit:nut-breadnutbaked",
            "shapeElement": "bowl/vegetable 2/*"
        },
        "side": "server"
    },
    { "file": "game:recipes/cooking/porridge", "op": "add", "path": "/ingredients/3/validStacks/-", "value": {
            "type": "item",
            "code": "game:legume-soybean",
            "shapeElement": "bowl/vegetable 1/*"
        },
        "side": "server"
    },
    { "file": "game:recipes/cooking/porridge", "op": "add", "path": "/ingredients/4/validStacks/-", "value": {
            "type": "item",
            "code": "game:legume-soybean",
            "shapeElement": "bowl/vegetable 2/*"
        },
        "side": "server"
    },
    { "file": "game:recipes/cooking/porridge", "op": "add", "path": "/ingredients/4/validStacks/-", "value": {
            "type": "item",
            "code": "game:pickledlegume-soybean",
            "shapeElement": "bowl/vegetable 2/*"
        },
        "side": "server"
    },
    { "file": "game:recipes/cooking/porridge", "op": "add", "path": "/ingredients/3/validStacks/-", "value": {
            "type": "item",
            "code": "wildcraftfruit:nut-cookedsoya",
            "shapeElement": "bowl/vegetable 1/*"
        },
        "side": "server"
    },
    { "file": "game:recipes/cooking/porridge", "op": "add", "path": "/ingredients/4/validStacks/-", "value": {
            "type": "item",
            "code": "wildcraftfruit:nut-cookedsoya",
            "shapeElement": "bowl/vegetable 2/*"
        },
        "side": "server"
    },
    { "file": "game:recipes/cooking/porridge", "op": "add", "path": "/ingredients/3/validStacks/-", "value": {
            "type": "item",
            "code": "wildcraftfruit:soakedsoybean",
            "shapeElement": "bowl/vegetable 1/*"
        },
        "side": "server"
    },
    { "file": "game:recipes/cooking/porridge", "op": "add", "path": "/ingredients/4/validStacks/-", "value": {
            "type": "item",
            "code": "wildcraftfruit:soakedsoybean",
            "shapeElement": "bowl/vegetable 2/*"
        },
        "side": "server"
    },
    { "file": "game:recipes/cooking/porridge", "op": "add", "path": "/ingredients/1/validStacks/-", "value": {
            "type": "item",
            "code": "wildcraftfruit:fruit-*",
            "shapeElement": "bowl/fruit 1/*"
        },
        "side": "server"
    },
    { "file": "game:recipes/cooking/porridge", "op": "add", "path": "/ingredients/2/validStacks/-", "value": {
            "type": "item",
            "code": "wildcraftfruit:fruit-*",
            "shapeElement": "bowl/fruit 2/*"
        },
        "side": "server"
    },
    { "file": "game:recipes/cooking/porridge", "op": "add", "path": "/ingredients/1/validStacks/-", "value": {
            "type": "item",
            "code": "wildcraftfruit:nut-juniper",
            "shapeElement": "bowl/fruit 1/*"
        },
        "side": "server"
    },
    { "file": "game:recipes/cooking/porridge", "op": "add", "path": "/ingredients/2/validStacks/-", "value": {
            "type": "item",
            "code": "wildcraftfruit:nut-juniper",
            "shapeElement": "bowl/fruit 2/*"
        },
        "side": "server"
    },
    { "file": "game:recipes/cooking/porridge", "op": "add", "path": "/ingredients/1/validStacks/-", "value": {
            "type": "item",
            "code": "wildcraftfruit:nut-sumac",
            "shapeElement": "bowl/fruit 1/*"
        },
        "side": "server"
    },
    { "file": "game:recipes/cooking/porridge", "op": "add", "path": "/ingredients/2/validStacks/-", "value": {
            "type": "item",
            "code": "wildcraftfruit:nut-sumac",
            "shapeElement": "bowl/fruit 2/*"
        },
        "side": "server"
    },
    { "file": "game:recipes/cooking/porridge", "op": "add", "path": "/ingredients/1/validStacks/-", "value": {
            "type": "item",
            "code": "wildcraftfruit:nut-walnut",
            "shapeElement": "bowl/fruit 1/*"
        },
        "side": "server"
    },
    { "file": "game:recipes/cooking/porridge", "op": "add", "path": "/ingredients/2/validStacks/-", "value": {
            "type": "item",
            "code": "wildcraftfruit:nut-walnut",
            "shapeElement": "bowl/fruit 2/*"
        },
        "side": "server"
    },
    { "file": "game:recipes/cooking/porridge", "op": "add", "path": "/ingredients/1/validStacks/-", "value": {
            "type": "item",
            "code": "wildcraftfruit:nut-bluequandong",
            "shapeElement": "bowl/fruit 1/*"
        },
        "side": "server"
    },
    { "file": "game:recipes/cooking/porridge", "op": "add", "path": "/ingredients/2/validStacks/-", "value": {
            "type": "item",
            "code": "wildcraftfruit:nut-bluequandong",
            "shapeElement": "bowl/fruit 2/*"
        },
        "side": "server"
    },
    { "file": "game:recipes/cooking/porridge", "op": "add", "path": "/ingredients/1/validStacks/-", "value": {
            "type": "item",
            "code": "wildcraftfruit:nut-commonhackberry",
            "shapeElement": "bowl/fruit 1/*"
        },
        "side": "server"
    },
    { "file": "game:recipes/cooking/porridge", "op": "add", "path": "/ingredients/2/validStacks/-", "value": {
            "type": "item",
            "code": "wildcraftfruit:nut-commonhackberry",
            "shapeElement": "bowl/fruit 2/*"
        },
        "side": "server"
    },
    { "file": "game:recipes/cooking/porridge", "op": "add", "path": "/ingredients/1/validStacks/-", "value": {
            "type": "item",
            "code": "wildcraftfruit:nut-sugarhackberry",
            "shapeElement": "bowl/fruit 1/*"
        },
        "side": "server"
    },
    { "file": "game:recipes/cooking/porridge", "op": "add", "path": "/ingredients/2/validStacks/-", "value": {
            "type": "item",
            "code": "wildcraftfruit:nut-sugarhackberry",
            "shapeElement": "bowl/fruit 2/*"
        },
        "side": "server"
    },
    { "file": "game:recipes/cooking/porridge", "op": "add", "path": "/ingredients/1/validStacks/-", "value": {
            "type": "item",
            "code": "wildcraftfruit:nut-deserthackberry",
            "shapeElement": "bowl/fruit 1/*"
        },
        "side": "server"
    },
    { "file": "game:recipes/cooking/porridge", "op": "add", "path": "/ingredients/2/validStacks/-", "value": {
            "type": "item",
            "code": "wildcraftfruit:nut-deserthackberry",
            "shapeElement": "bowl/fruit 2/*"
        },
        "side": "server"
    },
    { "file": "game:recipes/cooking/porridge", "op": "add", "path": "/ingredients/1/validStacks/-", "value": {
            "type": "item",
            "code": "wildcraftfruit:nut-pistachioberry",
            "shapeElement": "bowl/fruit 1/*"
        },
        "side": "server"
    },
    { "file": "game:recipes/cooking/porridge", "op": "add", "path": "/ingredients/2/validStacks/-", "value": {
            "type": "item",
            "code": "wildcraftfruit:nut-pistachioberry",
            "shapeElement": "bowl/fruit 2/*"
        },
        "side": "server"
    },
    { "file": "game:recipes/cooking/porridge", "op": "add", "path": "/ingredients/1/validStacks/-", "value": {
            "type": "item",
            "code": "wildcraftfruit:flower-*",
            "shapeElement": "bowl/fruit 1/*"
        },
        "side": "server"
    },
    { "file": "game:recipes/cooking/porridge", "op": "add", "path": "/ingredients/2/validStacks/-", "value": {
            "type": "item",
            "code": "wildcraftfruit:flower-*",
            "shapeElement": "bowl/fruit 2/*"
        },
        "side": "server"
    },
    { "file": "game:recipes/cooking/porridge", "op": "add", "path": "/ingredients/-", "value": {
			code: "sweets-extra", 
			validStacks: [ 
				{ type: "item", code: "wildcraftfruit:solidcocoabutter",  shapeElement: "bowl/topping/*" },
				{ type: "item", code: "wildcraftfruit:nut-chocolate",  shapeElement: "bowl/topping/*" },
				{ type: "item", code: "wildcraftfruit:nut-milkchocolate",  shapeElement: "bowl/topping/*" },
				{ type: "item", code: "wildcraftfruit:nut-whitechocolate",  shapeElement: "bowl/topping/*" },
				{ type: "item", code: "wildcraftfruit:nut-nutchocolate",  shapeElement: "bowl/topping/*" },
				{ type: "item", code: "wildcraftfruit:nut-pacoca",  shapeElement: "bowl/topping/*" },
				{ type: "item", code: "wildcraftfruit:nut-halva",  shapeElement: "bowl/topping/*" },
				{ type: "item", code: "wildcraftfruit:nut-marzipan",  shapeElement: "bowl/topping/*" }
			],
			minQuantity: 0,
			maxQuantity: 1
        },
        "side": "server"
    },
    { "file": "game:recipes/cooking/porridge", "op": "add", "path": "/ingredients/-", "value": {
			code: "nuts-extra1", 
			validStacks: [ 
				{ type: "item", code: "game:legume-peanut",  shapeElement: "bowl/fruit 1/*" },
				{ type: "item", code: "wildcraftfruit:nut-pinenut",  shapeElement: "bowl/fruit 1/*" },
				{ type: "item", code: "wildcraftfruit:nut-beachalmond",  shapeElement: "bowl/fruit 1/*" },
				{ type: "item", code: "wildcraftfruit:nut-bunya",  shapeElement: "bowl/fruit 1/*" },
				{ type: "item", code: "wildcraftfruit:nut-peanutground",  shapeElement: "bowl/fruit 1/*" },
				{ type: "item", code: "wildcraftfruit:nut-pumpkinseed",  shapeElement: "bowl/fruit 1/*" },
				{ type: "item", code: "wildcraftfruit:nut-almond",  shapeElement: "bowl/fruit 1/*" },
				{ type: "item", code: "wildcraftfruit:nut-almondground",  shapeElement: "bowl/fruit 1/*" },
				{ type: "item", code: "wildcraftfruit:nut-apricotpit",  shapeElement: "bowl/fruit 1/*" },
				{ type: "item", code: "wildcraftfruit:nut-apricotpitground",  shapeElement: "bowl/fruit 1/*" },
				{ type: "item", code: "wildcraftfruit:nut-hackberrypit",  shapeElement: "bowl/fruit 1/*" },
				{ type: "item", code: "wildcraftfruit:nut-hazelnut",  shapeElement: "bowl/fruit 1/*" },
				{ type: "item", code: "wildcraftfruit:nut-bearnut",  shapeElement: "bowl/fruit 1/*" },
				{ type: "item", code: "wildcraftfruit:nut-pistachionut",  shapeElement: "bowl/fruit 1/*" },
				{ type: "item", code: "wildcraftfruit:nut-acornshelled",  shapeElement: "bowl/fruit 1/*" },
				{ type: "item", code: "wildcraftfruit:nut-cashewnut",  shapeElement: "bowl/fruit 1/*" },
				{ type: "item", code: "wildcraftfruit:nut-macadamiashelled",  shapeElement: "bowl/fruit 1/*" },
				{ type: "item", code: "wildcraftfruit:nut-cherrypit",  shapeElement: "bowl/fruit 1/*" },
				{ type: "item", code: "wildcraftfruit:nut-dwarfpinenut",  shapeElement: "bowl/fruit 1/*" },
				{ type: "item", code: "wildcraftfruit:nut-walnutshelled",  shapeElement: "bowl/fruit 1/*" }
			],
			minQuantity: 0,
			maxQuantity: 1
        },
        "side": "server"
    },
    { "file": "game:recipes/cooking/porridge", "op": "add", "path": "/ingredients/-", "value": {
			code: "nuts-extra2", 
			validStacks: [ 
				{ type: "item", code: "game:legume-peanut",  shapeElement: "bowl/fruit 2/*" },
				{ type: "item", code: "wildcraftfruit:nut-pinenut",  shapeElement: "bowl/fruit 2/*" },
				{ type: "item", code: "wildcraftfruit:nut-beachalmond",  shapeElement: "bowl/fruit 2/*" },
				{ type: "item", code: "wildcraftfruit:nut-bunya",  shapeElement: "bowl/fruit 2/*" },
				{ type: "item", code: "wildcraftfruit:nut-peanutground",  shapeElement: "bowl/fruit 2/*" },
				{ type: "item", code: "wildcraftfruit:nut-pumpkinseed",  shapeElement: "bowl/fruit 2/*" },
				{ type: "item", code: "wildcraftfruit:nut-almond",  shapeElement: "bowl/fruit 2/*" },
				{ type: "item", code: "wildcraftfruit:nut-almondground",  shapeElement: "bowl/fruit 2/*" },
				{ type: "item", code: "wildcraftfruit:nut-apricotpit",  shapeElement: "bowl/fruit 2/*" },
				{ type: "item", code: "wildcraftfruit:nut-apricotpitground",  shapeElement: "bowl/fruit 2/*" },
				{ type: "item", code: "wildcraftfruit:nut-hackberrypit",  shapeElement: "bowl/fruit 2/*" },
				{ type: "item", code: "wildcraftfruit:nut-hazelnut",  shapeElement: "bowl/fruit 2/*" },
				{ type: "item", code: "wildcraftfruit:nut-bearnut",  shapeElement: "bowl/fruit 2/*" },
				{ type: "item", code: "wildcraftfruit:nut-pistachionut",  shapeElement: "bowl/fruit 2/*" },
				{ type: "item", code: "wildcraftfruit:nut-acornshelled",  shapeElement: "bowl/fruit 2/*" },
				{ type: "item", code: "wildcraftfruit:nut-cashewnut",  shapeElement: "bowl/fruit 2/*" },
				{ type: "item", code: "wildcraftfruit:nut-macadamiashelled",  shapeElement: "bowl/fruit 2/*" },
				{ type: "item", code: "wildcraftfruit:nut-cherrypit",  shapeElement: "bowl/fruit 2/*" },
				{ type: "item", code: "wildcraftfruit:nut-dwarfpinenut",  shapeElement: "bowl/fruit 2/*" },
				{ type: "item", code: "wildcraftfruit:nut-walnutshelled",  shapeElement: "bowl/fruit 2/*" }
			],
			minQuantity: 0,
			maxQuantity: 1
        },
        "side": "server"
    },
    { "file": "game:recipes/cooking/porridge", "op": "add", "path": "/ingredients/-", "value": {
			code: "tofu-extra", 
			validStacks: [ 
				{ type: "item", code: "wildcraftfruit:tofu-raw",  shapeElement: "bowl/vegetable 2/*" },
				{ type: "item", code: "wildcraftfruit:tofu-cooked",  shapeElement: "bowl/vegetable 2/*" }
			],
			minQuantity: 0,
			maxQuantity: 1
        },
        "side": "server"
    },
    { "file": "game:recipes/cooking/meatystew", "op": "replace", "path": "/ingredients/5/validStacks/13", "value": {
        "type": "item",
        "code": "game:vegetable-olive",
        "shapeElement": "bowl/vegetable 2/*"
       },
       "side": "server"
    },
    { "file": "game:recipes/cooking/meatystew", "op": "add", "path": "/ingredients/4/validStacks/-", "value": {
        "type": "item",
        "code": "wildcraftfruit:vegetable-*",
        "shapeElement": "bowl/vegetable 1/*"
       },
       "side": "server"
    },
    { "file": "game:recipes/cooking/meatystew", "op": "add", "path": "/ingredients/5/validStacks/-", "value": {
        "type": "item",
        "code": "wildcraftfruit:vegetable-*",
        "shapeElement": "bowl/vegetable 2/*"
       },
       "side": "server"
    },
    { "file": "game:recipes/cooking/meatystew", "op": "add", "path": "/ingredients/4/validStacks/-", "value": {
        "type": "item",
        "code": "wildcraftfruit:pickledvegetable-cucumber",
        "shapeElement": "bowl/vegetable 1/*"
       },
       "side": "server"
    },
    { "file": "game:recipes/cooking/meatystew", "op": "add", "path": "/ingredients/5/validStacks/-", "value": {
        "type": "item",
        "code": "wildcraftfruit:pickledvegetable-cucumber",
        "shapeElement": "bowl/vegetable 2/*"
       },
       "side": "server"
    },
    { "file": "game:recipes/cooking/meatystew", "op": "add", "path": "/ingredients/4/validStacks/-", "value": {
        "type": "item",
        "code": "wildcraftfruit:pickledvegetable-*",
        "shapeElement": "bowl/fruit 1/*"
       },
       "side": "server"
    },
    { "file": "game:recipes/cooking/meatystew", "op": "add", "path": "/ingredients/5/validStacks/-", "value": {
        "type": "item",
        "code": "wildcraftfruit:pickledvegetable-*",
        "shapeElement": "bowl/fruit 2/*"
       },
       "side": "server"
    },
    { "file": "game:recipes/cooking/meatystew", "op": "replace", "path": "/ingredients/4/validStacks/10", "value": {
        "type": "item",
        "code": "wildcraftfruit:fruit-cucumber",
        "shapeElement": "bowl/vegetable 1/*"
       },
       "side": "server"
    },
    { "file": "game:recipes/cooking/meatystew", "op": "replace", "path": "/ingredients/5/validStacks/10", "value": {
        "type": "item",
        "code": "wildcraftfruit:fruit-cucumber",
        "shapeElement": "bowl/vegetable 2/*"
       },
       "side": "server"
    },
    { "file": "game:recipes/cooking/meatystew", "op": "add", "path": "/ingredients/4/validStacks/-", "value": {
        "type": "item",
        "code": "wildcraftfruit:fruit-maritabits",
        "shapeElement": "bowl/vegetable 1/*"
       },
       "side": "server"
    },
    { "file": "game:recipes/cooking/meatystew", "op": "add", "path": "/ingredients/5/validStacks/-", "value": {
        "type": "item",
        "code": "wildcraftfruit:fruit-maritabits",
        "shapeElement": "bowl/vegetable 2/*"
       },
       "side": "server"
    },
    { "file": "game:recipes/cooking/meatystew", "op": "add", "path": "/ingredients/4/validStacks/-", "value": {
        "type": "item",
        "code": "wildcraftfruit:nut-chestnut",
        "shapeElement": "bowl/vegetable 1/*"
       },
       "side": "server"
    },
    { "file": "game:recipes/cooking/meatystew", "op": "add", "path": "/ingredients/5/validStacks/-", "value": {
        "type": "item",
        "code": "wildcraftfruit:nut-chestnut",
        "shapeElement": "bowl/vegetable 2/*"
       },
       "side": "server"
    },
    { "file": "game:recipes/cooking/meatystew", "op": "add", "path": "/ingredients/4/validStacks/-", "value": {
        "type": "item",
        "code": "wildcraftfruit:nut-chestnutbaked",
        "shapeElement": "bowl/vegetable 1/*"
       },
       "side": "server"
    },
    { "file": "game:recipes/cooking/meatystew", "op": "add", "path": "/ingredients/5/validStacks/-", "value": {
        "type": "item",
        "code": "wildcraftfruit:nut-chestnutbaked",
        "shapeElement": "bowl/vegetable 2/*"
       },
       "side": "server"
    },
    { "file": "game:recipes/cooking/meatystew", "op": "add", "path": "/ingredients/4/validStacks/-", "value": {
        "type": "item",
        "code": "wildcraftfruit:nut-breadnut",
        "shapeElement": "bowl/vegetable 1/*"
       },
       "side": "server"
    },
    { "file": "game:recipes/cooking/meatystew", "op": "add", "path": "/ingredients/5/validStacks/-", "value": {
        "type": "item",
        "code": "wildcraftfruit:nut-breadnut",
        "shapeElement": "bowl/vegetable 2/*"
       },
       "side": "server"
    },
    { "file": "game:recipes/cooking/meatystew", "op": "add", "path": "/ingredients/4/validStacks/-", "value": {
        "type": "item",
        "code": "wildcraftfruit:nut-breadnutbaked",
        "shapeElement": "bowl/vegetable 1/*"
       },
       "side": "server"
    },
    { "file": "game:recipes/cooking/meatystew", "op": "add", "path": "/ingredients/5/validStacks/-", "value": {
        "type": "item",
        "code": "wildcraftfruit:nut-breadnutbaked",
        "shapeElement": "bowl/vegetable 2/*"
       },
       "side": "server"
    },
    { "file": "game:recipes/cooking/meatystew", "op": "add", "path": "/ingredients/4/validStacks/-", "value": {
        "type": "item",
        "code": "wildcraftfruit:nut-cookedsoya",
        "shapeElement": "bowl/vegetable 1/*"
       },
       "side": "server"
    },
    { "file": "game:recipes/cooking/meatystew", "op": "add", "path": "/ingredients/5/validStacks/-", "value": {
        "type": "item",
        "code": "wildcraftfruit:nut-cookedsoya",
        "shapeElement": "bowl/vegetable 2/*"
       },
       "side": "server"
    },
    { "file": "game:recipes/cooking/meatystew", "op": "add", "path": "/ingredients/4/validStacks/-", "value": {
        "type": "item",
        "code": "wildcraftfruit:soakedsoybean",
        "shapeElement": "bowl/vegetable 1/*"
       },
       "side": "server"
    },
    { "file": "game:recipes/cooking/meatystew", "op": "add", "path": "/ingredients/5/validStacks/-", "value": {
        "type": "item",
        "code": "wildcraftfruit:soakedsoybean",
        "shapeElement": "bowl/vegetable 2/*"
       },
       "side": "server"
    },
    { "file": "game:recipes/cooking/meatystew", "op": "add", "path": "/ingredients/6/validStacks/-", "value": {
        "type": "item",
        "code": "wildcraftfruit:fruit-*",
        "shapeElement": "bowl/fruit 1/*"
       },
       "side": "server"
    },
    { "file": "game:recipes/cooking/meatystew", "op": "add", "path": "/ingredients/6/validStacks/-", "value": {
        "type": "item",
        "code": "wildcraftfruit:nut-juniper",
        "shapeElement": "bowl/fruit 1/*"
       },
       "side": "server"
    },
    { "file": "game:recipes/cooking/meatystew", "op": "add", "path": "/ingredients/6/validStacks/-", "value": {
        "type": "item",
        "code": "wildcraftfruit:nut-sumac",
        "shapeElement": "bowl/fruit 1/*"
       },
       "side": "server"
    },
    { "file": "game:recipes/cooking/meatystew", "op": "add", "path": "/ingredients/6/validStacks/-", "value": {
            "type": "item",
            "code": "wildcraftfruit:nut-pistachioberry",
            "shapeElement": "bowl/fruit 1/*"
        },
        "side": "server"
    },
    { "file": "game:recipes/cooking/meatystew", "op": "add", "path": "/ingredients/6/validStacks/-", "value": {
            "type": "item",
            "code": "wildcraftfruit:nut-walnut",
            "shapeElement": "bowl/fruit 1/*"
        },
        "side": "server"
    },
    { "file": "game:recipes/cooking/meatystew", "op": "add", "path": "/ingredients/6/validStacks/-", "value": {
            "type": "item",
            "code": "wildcraftfruit:nut-deserthackberry",
            "shapeElement": "bowl/fruit 1/*"
        },
        "side": "server"
    },
    { "file": "game:recipes/cooking/meatystew", "op": "add", "path": "/ingredients/6/validStacks/-", "value": {
            "type": "item",
            "code": "wildcraftfruit:nut-sugarhackberry",
            "shapeElement": "bowl/fruit 1/*"
        },
        "side": "server"
    },
    { "file": "game:recipes/cooking/meatystew", "op": "add", "path": "/ingredients/6/validStacks/-", "value": {
            "type": "item",
            "code": "wildcraftfruit:nut-commonhackberry",
            "shapeElement": "bowl/fruit 1/*"
        },
        "side": "server"
    },
    { "file": "game:recipes/cooking/meatystew", "op": "add", "path": "/ingredients/6/validStacks/-", "value": {
            "type": "item",
            "code": "wildcraftfruit:nut-bluequandong",
            "shapeElement": "bowl/fruit 1/*"
        },
        "side": "server"
    },
    { "file": "game:recipes/cooking/meatystew", "op": "add", "path": "/ingredients/6/validStacks/-", "value": {
        "type": "item",
        "code": "wildcraftfruit:flower-*",
        "shapeElement": "bowl/fruit 1/*"
       },
       "side": "server"
    },
    { "file": "game:recipes/cooking/meatystew", "op": "add", "path": "/ingredients/-", "value": {
			code: "sweets-extra", 
			validStacks: [ 
				{ type: "item", code: "wildcraftfruit:solidcocoabutter",  shapeElement: "bowl/topping/*" },
				{ type: "item", code: "wildcraftfruit:nut-chocolate",  shapeElement: "bowl/topping/*" },
				{ type: "item", code: "wildcraftfruit:nut-milkchocolate",  shapeElement: "bowl/topping/*" },
				{ type: "item", code: "wildcraftfruit:nut-whitechocolate",  shapeElement: "bowl/topping/*" },
				{ type: "item", code: "wildcraftfruit:nut-nutchocolate",  shapeElement: "bowl/topping/*" },
				{ type: "item", code: "wildcraftfruit:nut-pacoca",  shapeElement: "bowl/topping/*" },
				{ type: "item", code: "wildcraftfruit:nut-halva",  shapeElement: "bowl/topping/*" },
				{ type: "item", code: "wildcraftfruit:nut-marzipan",  shapeElement: "bowl/topping/*" }
			],
			minQuantity: 0,
			maxQuantity: 1
        },
        "side": "server"
    },
    { "file": "game:recipes/cooking/meatystew", "op": "add", "path": "/ingredients/-", "value": {
			code: "tofu-extra", 
			validStacks: [ 
				{ type: "item", code: "wildcraftfruit:tofu-raw",  shapeElement: "bowl/vegetable 2/*" },
				{ type: "item", code: "wildcraftfruit:tofu-cooked",  shapeElement: "bowl/vegetable 2/*" }
			],
			minQuantity: 0,
			maxQuantity: 2
        },
        "side": "server"
    },
    { "file": "game:recipes/cooking/meatystew", "op": "add", "path": "/ingredients/-", "value": {
			code: "nuts-extra", 
			validStacks: [ 
				{ type: "item", code: "game:legume-peanut",  shapeElement: "bowl/fruit 1/*" },
				{ type: "item", code: "wildcraftfruit:nut-pinenut",  shapeElement: "bowl/fruit 1/*" },
				{ type: "item", code: "wildcraftfruit:nut-beachalmond",  shapeElement: "bowl/fruit 1/*" },
				{ type: "item", code: "wildcraftfruit:nut-bunya",  shapeElement: "bowl/fruit 1/*" },
				{ type: "item", code: "wildcraftfruit:nut-peanutground",  shapeElement: "bowl/fruit 1/*" },
				{ type: "item", code: "wildcraftfruit:nut-pumpkinseed",  shapeElement: "bowl/fruit 1/*" },
				{ type: "item", code: "wildcraftfruit:nut-almond",  shapeElement: "bowl/fruit 1/*" },
				{ type: "item", code: "wildcraftfruit:nut-almondground",  shapeElement: "bowl/fruit 1/*" },
				{ type: "item", code: "wildcraftfruit:nut-apricotpit",  shapeElement: "bowl/fruit 1/*" },
				{ type: "item", code: "wildcraftfruit:nut-apricotpitground",  shapeElement: "bowl/fruit 1/*" },
				{ type: "item", code: "wildcraftfruit:nut-hackberrypit",  shapeElement: "bowl/fruit 1/*" },
				{ type: "item", code: "wildcraftfruit:nut-hazelnut",  shapeElement: "bowl/fruit 1/*" },
				{ type: "item", code: "wildcraftfruit:nut-bearnut",  shapeElement: "bowl/fruit 1/*" },
				{ type: "item", code: "wildcraftfruit:nut-pistachionut",  shapeElement: "bowl/fruit 1/*" },
				{ type: "item", code: "wildcraftfruit:nut-acornshelled",  shapeElement: "bowl/fruit 1/*" },
				{ type: "item", code: "wildcraftfruit:nut-acornleached",  shapeElement: "bowl/fruit 1/*" },
				{ type: "item", code: "wildcraftfruit:nut-cashewnut",  shapeElement: "bowl/fruit 1/*" },
				{ type: "item", code: "wildcraftfruit:nut-macadamiashelled",  shapeElement: "bowl/fruit 1/*" },
				{ type: "item", code: "wildcraftfruit:nut-cherrypit",  shapeElement: "bowl/fruit 1/*" },
				{ type: "item", code: "wildcraftfruit:nut-dwarfpinenut",  shapeElement: "bowl/fruit 1/*" },
				{ type: "item", code: "wildcraftfruit:nut-walnutshelled",  shapeElement: "bowl/fruit 1/*" },
				{ type: "item", code: "wildcraftfruit:nut-oldmansaltbush",  shapeElement: "bowl/fruit 1/*" }
			],
			minQuantity: 0,
			maxQuantity: 1
        },
        "side": "server"
    },
    { "file": "game:recipes/cooking/meatystew", "op": "add", "path": "/ingredients/-", "value": {
			code: "topping-winevinegar", 
			validStacks: [ 
				{ "type": "item", "code": "game:ciderportion-*" },
				{ "type": "item", "code": "wildcraftfruit:ciderportion-*" },
				{ "type": "item", "code": "wildcraftfruit:flowerwine-*" },
				{ "type": "item", "code": "wildcraftfruit:vinegarportion-*" }
			],
			minQuantity: 0,
			maxQuantity: 1,
			portionSizeLitres: 0.2,
        },
        "side": "server"
    },
    { "file": "game:recipes/cooking/vegetablestew", "op": "add", "path": "/ingredients/0/validStacks/-", "value": {
            "type": "item",
            "code": "wildcraftfruit:vegetable-*",
            "shapeElement": "bowl/vegetable 1/*"
        },
        "side": "server"
    },
    { "file": "game:recipes/cooking/vegetablestew", "op": "add", "path": "/ingredients/1/validStacks/-", "value": {
            "type": "item",
            "code": "wildcraftfruit:vegetable-*",
            "shapeElement": "bowl/vegetable 2/*"
        },
        "side": "server"
    },
    { "file": "game:recipes/cooking/vegetablestew", "op": "add", "path": "/ingredients/2/validStacks/-", "value": {
            "type": "item",
            "code": "wildcraftfruit:vegetable-*",
            "shapeElement": "bowl/vegetable 3/*"
        },
        "side": "server"
    },
    { "file": "game:recipes/cooking/vegetablestew", "op": "add", "path": "/ingredients/3/validStacks/-", "value": {
            "type": "item",
            "code": "wildcraftfruit:vegetable-*",
            "shapeElement": "bowl/vegetable 4/*"
        },
        "side": "server"
    },
    { "file": "game:recipes/cooking/vegetablestew", "op": "add", "path": "/ingredients/0/validStacks/-", "value": {
            "type": "item",
            "code": "wildcraftfruit:pickledvegetable-cucumber",
            "shapeElement": "bowl/vegetable 1/*"
        },
        "side": "server"
    },
    { "file": "game:recipes/cooking/vegetablestew", "op": "add", "path": "/ingredients/1/validStacks/-", "value": {
            "type": "item",
            "code": "wildcraftfruit:pickledvegetable-cucumber",
            "shapeElement": "bowl/vegetable 2/*"
        },
        "side": "server"
    },
    { "file": "game:recipes/cooking/vegetablestew", "op": "add", "path": "/ingredients/2/validStacks/-", "value": {
            "type": "item",
            "code": "wildcraftfruit:pickledvegetable-cucumber",
            "shapeElement": "bowl/vegetable 3/*"
        },
        "side": "server"
    },
    { "file": "game:recipes/cooking/vegetablestew", "op": "add", "path": "/ingredients/3/validStacks/-", "value": {
            "type": "item",
            "code": "wildcraftfruit:pickledvegetable-cucumber",
            "shapeElement": "bowl/vegetable 4/*"
        },
        "side": "server"
    },
    { "file": "game:recipes/cooking/vegetablestew", "op": "add", "path": "/ingredients/2/validStacks/-", "value": {
            "type": "item",
            "code": "wildcraftfruit:pickledvegetable-*",
            "shapeElement": "bowl/fruit 1/*"
        },
        "side": "server"
    },
    { "file": "game:recipes/cooking/vegetablestew", "op": "add", "path": "/ingredients/3/validStacks/-", "value": {
            "type": "item",
            "code": "wildcraftfruit:pickledvegetable-*",
            "shapeElement": "bowl/fruit 2/*"
        },
        "side": "server"
    },
    { "file": "game:recipes/cooking/vegetablestew", "op": "replace", "path": "/ingredients/0/validStacks/10", "value": {
            "type": "item",
            "code": "wildcraftfruit:fruit-cucumber",
            "shapeElement": "bowl/vegetable 1/*"
        },
        "side": "server"
    },
    { "file": "game:recipes/cooking/vegetablestew", "op": "replace", "path": "/ingredients/1/validStacks/10", "value": {
            "type": "item",
            "code": "wildcraftfruit:fruit-cucumber",
            "shapeElement": "bowl/vegetable 2/*"
        },
        "side": "server"
    },
    { "file": "game:recipes/cooking/vegetablestew", "op": "replace", "path": "/ingredients/2/validStacks/10", "value": {
            "type": "item",
            "code": "wildcraftfruit:fruit-cucumber",
            "shapeElement": "bowl/vegetable 3/*"
        },
        "side": "server"
    },
    { "file": "game:recipes/cooking/vegetablestew", "op": "replace", "path": "/ingredients/3/validStacks/10", "value": {
            "type": "item",
            "code": "wildcraftfruit:fruit-cucumber",
            "shapeElement": "bowl/vegetable 4/*"
        },
        "side": "server"
    },
    { "file": "game:recipes/cooking/vegetablestew", "op": "add", "path": "/ingredients/0/validStacks/-", "value": {
            "type": "item",
            "code": "wildcraftfruit:fruit-maritabits",
            "shapeElement": "bowl/vegetable 1/*"
        },
        "side": "server"
    },
    { "file": "game:recipes/cooking/vegetablestew", "op": "add", "path": "/ingredients/1/validStacks/-", "value": {
            "type": "item",
            "code": "wildcraftfruit:fruit-maritabits",
            "shapeElement": "bowl/vegetable 2/*"
        },
        "side": "server"
    },
    { "file": "game:recipes/cooking/vegetablestew", "op": "add", "path": "/ingredients/2/validStacks/-", "value": {
            "type": "item",
            "code": "wildcraftfruit:fruit-maritabits",
            "shapeElement": "bowl/vegetable 3/*"
        },
        "side": "server"
    },
    { "file": "game:recipes/cooking/vegetablestew", "op": "add", "path": "/ingredients/3/validStacks/-", "value": {
            "type": "item",
            "code": "wildcraftfruit:fruit-maritabits",
            "shapeElement": "bowl/vegetable 4/*"
        },
        "side": "server"
    },
    { "file": "game:recipes/cooking/vegetablestew", "op": "add", "path": "/ingredients/0/validStacks/-", "value": {
            "type": "item",
            "code": "wildcraftfruit:nut-chestnut",
            "shapeElement": "bowl/vegetable 1/*"
        },
        "side": "server"
    },
    { "file": "game:recipes/cooking/vegetablestew", "op": "add", "path": "/ingredients/1/validStacks/-", "value": {
            "type": "item",
            "code": "wildcraftfruit:nut-chestnut",
            "shapeElement": "bowl/vegetable 2/*"
        },
        "side": "server"
    },
    { "file": "game:recipes/cooking/vegetablestew", "op": "add", "path": "/ingredients/2/validStacks/-", "value": {
            "type": "item",
            "code": "wildcraftfruit:nut-chestnut",
            "shapeElement": "bowl/vegetable 3/*"
        },
        "side": "server"
    },
    { "file": "game:recipes/cooking/vegetablestew", "op": "add", "path": "/ingredients/3/validStacks/-", "value": {
            "type": "item",
            "code": "wildcraftfruit:nut-chestnut",
            "shapeElement": "bowl/vegetable 4/*"
        },
        "side": "server"
    },
    { "file": "game:recipes/cooking/vegetablestew", "op": "add", "path": "/ingredients/0/validStacks/-", "value": {
            "type": "item",
            "code": "wildcraftfruit:nut-breadnut",
            "shapeElement": "bowl/vegetable 1/*"
        },
        "side": "server"
    },
    { "file": "game:recipes/cooking/vegetablestew", "op": "add", "path": "/ingredients/1/validStacks/-", "value": {
            "type": "item",
            "code": "wildcraftfruit:nut-breadnut",
            "shapeElement": "bowl/vegetable 2/*"
        },
        "side": "server"
    },
    { "file": "game:recipes/cooking/vegetablestew", "op": "add", "path": "/ingredients/2/validStacks/-", "value": {
            "type": "item",
            "code": "wildcraftfruit:nut-breadnut",
            "shapeElement": "bowl/vegetable 3/*"
        },
        "side": "server"
    },
    { "file": "game:recipes/cooking/vegetablestew", "op": "add", "path": "/ingredients/3/validStacks/-", "value": {
            "type": "item",
            "code": "wildcraftfruit:nut-breadnut",
            "shapeElement": "bowl/vegetable 4/*"
        },
        "side": "server"
    },
    { "file": "game:recipes/cooking/vegetablestew", "op": "add", "path": "/ingredients/0/validStacks/-", "value": {
            "type": "item",
            "code": "wildcraftfruit:soakedsoybean",
            "shapeElement": "bowl/vegetable 1/*"
        },
        "side": "server"
    },
    { "file": "game:recipes/cooking/vegetablestew", "op": "add", "path": "/ingredients/1/validStacks/-", "value": {
            "type": "item",
            "code": "wildcraftfruit:soakedsoybean",
            "shapeElement": "bowl/vegetable 2/*"
        },
        "side": "server"
    },
    { "file": "game:recipes/cooking/vegetablestew", "op": "add", "path": "/ingredients/2/validStacks/-", "value": {
            "type": "item",
            "code": "wildcraftfruit:soakedsoybean",
            "shapeElement": "bowl/vegetable 3/*"
        },
        "side": "server"
    },
    { "file": "game:recipes/cooking/vegetablestew", "op": "add", "path": "/ingredients/3/validStacks/-", "value": {
            "type": "item",
            "code": "wildcraftfruit:soakedsoybean",
            "shapeElement": "bowl/vegetable 4/*"
        },
        "side": "server"
    },
    { "file": "game:recipes/cooking/vegetablestew", "op": "add", "path": "/ingredients/-", "value": {
			code: "nuts-extra", 
			validStacks: [ 
				{ type: "item", code: "game:legume-peanut",  shapeElement: "bowl/fruit 1/*" },
				{ type: "item", code: "wildcraftfruit:nut-pinenut",  shapeElement: "bowl/fruit 1/*" },
				{ type: "item", code: "wildcraftfruit:nut-beachalmond",  shapeElement: "bowl/fruit 1/*" },
				{ type: "item", code: "wildcraftfruit:nut-bunya",  shapeElement: "bowl/fruit 1/*" },
				{ type: "item", code: "wildcraftfruit:nut-peanutground",  shapeElement: "bowl/fruit 1/*" },
				{ type: "item", code: "wildcraftfruit:nut-pumpkinseed",  shapeElement: "bowl/fruit 1/*" },
				{ type: "item", code: "wildcraftfruit:nut-almond",  shapeElement: "bowl/fruit 1/*" },
				{ type: "item", code: "wildcraftfruit:nut-almondground",  shapeElement: "bowl/fruit 1/*" },
				{ type: "item", code: "wildcraftfruit:nut-apricotpit",  shapeElement: "bowl/fruit 1/*" },
				{ type: "item", code: "wildcraftfruit:nut-apricotpitground",  shapeElement: "bowl/fruit 1/*" },
				{ type: "item", code: "wildcraftfruit:nut-hackberrypit",  shapeElement: "bowl/fruit 1/*" },
				{ type: "item", code: "wildcraftfruit:nut-hazelnut",  shapeElement: "bowl/fruit 1/*" },
				{ type: "item", code: "wildcraftfruit:nut-bearnut",  shapeElement: "bowl/fruit 1/*" },
				{ type: "item", code: "wildcraftfruit:nut-pistachionut",  shapeElement: "bowl/fruit 1/*" },
				{ type: "item", code: "wildcraftfruit:nut-acornshelled",  shapeElement: "bowl/fruit 1/*" },
				{ type: "item", code: "wildcraftfruit:nut-acornleached",  shapeElement: "bowl/fruit 1/*" },
				{ type: "item", code: "wildcraftfruit:nut-cashewnut",  shapeElement: "bowl/fruit 1/*" },
				{ type: "item", code: "wildcraftfruit:nut-macadamiashelled",  shapeElement: "bowl/fruit 1/*" },
				{ type: "item", code: "wildcraftfruit:nut-cherrypit",  shapeElement: "bowl/fruit 1/*" },
				{ type: "item", code: "wildcraftfruit:nut-dwarfpinenut",  shapeElement: "bowl/fruit 1/*" },
				{ type: "item", code: "wildcraftfruit:nut-walnutshelled",  shapeElement: "bowl/fruit 1/*" },
				{ type: "item", code: "wildcraftfruit:nut-oldmansaltbush",  shapeElement: "bowl/fruit 1/*" }
			],
			minQuantity: 0,
			maxQuantity: 1
        },
        "side": "server"
    },
    { "file": "game:recipes/cooking/vegetablestew", "op": "add", "path": "/ingredients/-", "value": {
			code: "tofu-extra", 
			validStacks: [ 
				{ type: "item", code: "wildcraftfruit:tofu-raw",  shapeElement: "bowl/vegetable 3/*" }
			],
			minQuantity: 0,
			maxQuantity: 2
        },
        "side": "server"
    },
    { "file": "game:recipes/cooking/vegetablestew", "op": "add", "path": "/ingredients/-", "value": {
			code: "topping-vinegar", 
			validStacks: [ 
				{ "type": "item", "code": "wildcraftfruit:vinegarportion-*" }
			],
			minQuantity: 0,
			maxQuantity: 1,
			portionSizeLitres: 0.2,
        },
        "side": "server"
    },
    { "file": "game:recipes/cooking/scrambledeggs", "op": "add", "path": "/ingredients/1/validStacks/-", "value": {
            "type": "item",
            "code": "wildcraftfruit:tofu-raw",
            "shapeElement": "bowl/vegetable 1/*"
        },
        "side": "server"
    },
    { "file": "game:recipes/cooking/scrambledeggs", "op": "add", "path": "/ingredients/2/validStacks/-", "value": {
            "type": "item",
            "code": "wildcraftfruit:tofu-raw",
            "shapeElement": "bowl/vegetable 2/*"
        },
        "side": "server"
    },
    { "file": "game:recipes/cooking/scrambledeggs", "op": "add", "path": "/ingredients/1/validStacks/-", "value": {
            "type": "item",
            "code": "wildcraftfruit:tofu-cooked",
            "shapeElement": "bowl/vegetable 1/*"
        },
        "side": "server"
    },
    { "file": "game:recipes/cooking/scrambledeggs", "op": "add", "path": "/ingredients/2/validStacks/-", "value": {
            "type": "item",
            "code": "wildcraftfruit:tofu-cooked",
            "shapeElement": "bowl/vegetable 2/*"
        },
        "side": "server"
    },
    { "file": "game:recipes/cooking/scrambledeggs", "op": "replace", "path": "/ingredients/3/validStacks/12", "value": {
            "type": "item",
            "code": "game:vegetable-olive",
            "shapeElement": "bowl/vegetable 1/*"
        },
        "side": "server"
    },
    { "file": "game:recipes/cooking/scrambledeggs", "op": "add", "path": "/ingredients/4/validStacks/-", "value": {
            "type": "item",
            "code": "game:vegetable-olive",
            "shapeElement": "bowl/vegetable 2/*"
        },
        "side": "server"
    },
    { "file": "game:recipes/cooking/scrambledeggs", "op": "add", "path": "/ingredients/3/validStacks/-", "value": {
            "type": "item",
            "code": "wildcraftfruit:vegetable-*",
            "shapeElement": "bowl/vegetable 1/*"
        },
        "side": "server"
    },
    { "file": "game:recipes/cooking/scrambledeggs", "op": "add", "path": "/ingredients/4/validStacks/-", "value": {
            "type": "item",
            "code": "wildcraftfruit:vegetable-*",
            "shapeElement": "bowl/vegetable 2/*"
        },
        "side": "server"
    },
    { "file": "game:recipes/cooking/scrambledeggs", "op": "add", "path": "/ingredients/3/validStacks/-", "value": {
            "type": "item",
            "code": "wildcraftfruit:pickledvegetable-*",
            "shapeElement": "bowl/vegetable 1/*"
        },
        "side": "server"
    },
    { "file": "game:recipes/cooking/scrambledeggs", "op": "add", "path": "/ingredients/4/validStacks/-", "value": {
            "type": "item",
            "code": "wildcraftfruit:pickledvegetable-*",
            "shapeElement": "bowl/vegetable 2/*"
        },
        "side": "server"
    },
    { "file": "game:recipes/cooking/scrambledeggs", "op": "add", "path": "/ingredients/3/validStacks/-", "value": {
            "type": "item",
            "code": "wildcraftfruit:fruit-cucumber",
            "shapeElement": "bowl/vegetable 1/*"
        },
        "side": "server"
    },
    { "file": "game:recipes/cooking/scrambledeggs", "op": "add", "path": "/ingredients/4/validStacks/-", "value": {
            "type": "item",
            "code": "wildcraftfruit:fruit-cucumber",
            "shapeElement": "bowl/vegetable 2/*"
        },
        "side": "server"
    },
    { "file": "game:recipes/cooking/scrambledeggs", "op": "add", "path": "/ingredients/3/validStacks/-", "value": {
            "type": "item",
            "code": "wildcraftfruit:fruit-maritabits",
            "shapeElement": "bowl/vegetable 1/*"
        },
        "side": "server"
    },
    { "file": "game:recipes/cooking/scrambledeggs", "op": "add", "path": "/ingredients/4/validStacks/-", "value": {
            "type": "item",
            "code": "wildcraftfruit:fruit-maritabits",
            "shapeElement": "bowl/vegetable 2/*"
        },
        "side": "server"
    },
    { "file": "game:recipes/cooking/scrambledeggs", "op": "add", "path": "/ingredients/3/validStacks/-", "value": {
            "type": "item",
            "code": "wildcraftfruit:nut-chestnut",
            "shapeElement": "bowl/vegetable 1/*"
        },
        "side": "server"
    },
    { "file": "game:recipes/cooking/scrambledeggs", "op": "add", "path": "/ingredients/4/validStacks/-", "value": {
            "type": "item",
            "code": "wildcraftfruit:nut-chestnut",
            "shapeElement": "bowl/vegetable 2/*"
        },
        "side": "server"
    },
    { "file": "game:recipes/cooking/scrambledeggs", "op": "add", "path": "/ingredients/3/validStacks/-", "value": {
            "type": "item",
            "code": "wildcraftfruit:nut-chestnutbaked",
            "shapeElement": "bowl/vegetable 1/*"
        },
        "side": "server"
    },
    { "file": "game:recipes/cooking/scrambledeggs", "op": "add", "path": "/ingredients/4/validStacks/-", "value": {
            "type": "item",
            "code": "wildcraftfruit:nut-chestnutbaked",
            "shapeElement": "bowl/vegetable 2/*"
        },
        "side": "server"
    },
    { "file": "game:recipes/cooking/scrambledeggs", "op": "add", "path": "/ingredients/3/validStacks/-", "value": {
            "type": "item",
            "code": "wildcraftfruit:nut-breadnut",
            "shapeElement": "bowl/vegetable 1/*"
        },
        "side": "server"
    },
    { "file": "game:recipes/cooking/scrambledeggs", "op": "add", "path": "/ingredients/4/validStacks/-", "value": {
            "type": "item",
            "code": "wildcraftfruit:nut-breadnut",
            "shapeElement": "bowl/vegetable 2/*"
        },
        "side": "server"
    },
    { "file": "game:recipes/cooking/scrambledeggs", "op": "add", "path": "/ingredients/3/validStacks/-", "value": {
            "type": "item",
            "code": "wildcraftfruit:nut-breadnutbaked",
            "shapeElement": "bowl/vegetable 1/*"
        },
        "side": "server"
    },
    { "file": "game:recipes/cooking/scrambledeggs", "op": "add", "path": "/ingredients/4/validStacks/-", "value": {
            "type": "item",
            "code": "wildcraftfruit:nut-breadnutbaked",
            "shapeElement": "bowl/vegetable 2/*"
        },
        "side": "server"
    },
    { "file": "game:recipes/cooking/scrambledeggs", "op": "add", "path": "/ingredients/3/validStacks/-", "value": {
            "type": "item",
            "code": "wildcraftfruit:nut-cookedsoya",
            "shapeElement": "bowl/vegetable 1/*"
        },
        "side": "server"
    },
    { "file": "game:recipes/cooking/scrambledeggs", "op": "add", "path": "/ingredients/4/validStacks/-", "value": {
            "type": "item",
            "code": "wildcraftfruit:nut-cookedsoya",
            "shapeElement": "bowl/vegetable 2/*"
        },
        "side": "server"
    },
    { "file": "game:recipes/cooking/scrambledeggs", "op": "add", "path": "/ingredients/3/validStacks/-", "value": {
            "type": "item",
            "code": "wildcraftfruit:soakedsoybean",
            "shapeElement": "bowl/vegetable 1/*"
        },
        "side": "server"
    },
    { "file": "game:recipes/cooking/scrambledeggs", "op": "add", "path": "/ingredients/4/validStacks/-", "value": {
            "type": "item",
            "code": "wildcraftfruit:soakedsoybean",
            "shapeElement": "bowl/vegetable 2/*"
        },
        "side": "server"
    },
    { "file": "game:recipes/cooking/soup", "op": "add", "path": "/ingredients/1/validStacks/-", "value": {
            "type": "item",
            "code": "wildcraftfruit:vegetable-*",
            "shapeElement": "bowl/vegetable 1/*"
        },
        "side": "server"
    },
    { "file": "game:recipes/cooking/soup", "op": "add", "path": "/ingredients/2/validStacks/-", "value": {
            "type": "item",
            "code": "wildcraftfruit:vegetable-*",
            "shapeElement": "bowl/vegetable 2/*"
        },
        "side": "server"
    },
    { "file": "game:recipes/cooking/soup", "op": "add", "path": "/ingredients/3/validStacks/-", "value": {
            "type": "item",
            "code": "wildcraftfruit:vegetable-*",
            "shapeElement": "bowl/vegetable 3/*"
        },
        "side": "server"
    },
    { "file": "game:recipes/cooking/soup", "op": "add", "path": "/ingredients/1/validStacks/-", "value": {
            "type": "item",
            "code": "wildcraftfruit:fruit-cucumber",
            "shapeElement": "bowl/vegetable 1/*"
        },
        "side": "server"
    },
    { "file": "game:recipes/cooking/soup", "op": "add", "path": "/ingredients/2/validStacks/-", "value": {
            "type": "item",
            "code": "wildcraftfruit:fruit-cucumber",
            "shapeElement": "bowl/vegetable 2/*"
        },
        "side": "server"
    },
    { "file": "game:recipes/cooking/soup", "op": "add", "path": "/ingredients/3/validStacks/-", "value": {
            "type": "item",
            "code": "wildcraftfruit:fruit-cucumber",
            "shapeElement": "bowl/vegetable 3/*"
        },
        "side": "server"
    },
    { "file": "game:recipes/cooking/soup", "op": "add", "path": "/ingredients/1/validStacks/-", "value": {
            "type": "item",
            "code": "wildcraftfruit:fruit-maritabits",
            "shapeElement": "bowl/vegetable 1/*"
        },
        "side": "server"
    },
    { "file": "game:recipes/cooking/soup", "op": "add", "path": "/ingredients/2/validStacks/-", "value": {
            "type": "item",
            "code": "wildcraftfruit:fruit-maritabits",
            "shapeElement": "bowl/vegetable 2/*"
        },
        "side": "server"
    },
    { "file": "game:recipes/cooking/soup", "op": "add", "path": "/ingredients/3/validStacks/-", "value": {
            "type": "item",
            "code": "wildcraftfruit:fruit-maritabits",
            "shapeElement": "bowl/vegetable 3/*"
        },
        "side": "server"
    },
    { "file": "game:recipes/cooking/soup", "op": "add", "path": "/ingredients/1/validStacks/-", "value": {
            "type": "item",
            "code": "wildcraftfruit:soakedsoybean",
            "shapeElement": "bowl/vegetable 1/*"
        },
        "side": "server"
    },
    { "file": "game:recipes/cooking/soup", "op": "add", "path": "/ingredients/2/validStacks/-", "value": {
            "type": "item",
            "code": "wildcraftfruit:soakedsoybean",
            "shapeElement": "bowl/vegetable 2/*"
        },
        "side": "server"
    },
    { "file": "game:recipes/cooking/soup", "op": "add", "path": "/ingredients/3/validStacks/-", "value": {
            "type": "item",
            "code": "wildcraftfruit:soakedsoybean",
            "shapeElement": "bowl/vegetable 3/*"
        },
        "side": "server"
    },
    { "file": "game:recipes/cooking/soup", "op": "add", "path": "/ingredients/1/validStacks/-", "value": {
            "type": "item",
            "code": "game:legume-soybean",
            "shapeElement": "bowl/vegetable 1/*"
        },
        "side": "server"
    },
    { "file": "game:recipes/cooking/soup", "op": "add", "path": "/ingredients/2/validStacks/-", "value": {
            "type": "item",
            "code": "game:legume-soybean",
            "shapeElement": "bowl/vegetable 2/*"
        },
        "side": "server"
    },
    { "file": "game:recipes/cooking/soup", "op": "add", "path": "/ingredients/3/validStacks/-", "value": {
            "type": "item",
            "code": "game:legume-soybean",
            "shapeElement": "bowl/vegetable 3/*"
        },
        "side": "server"
    },
    { "file": "game:recipes/cooking/soup", "op": "add", "path": "/ingredients/3/validStacks/-", "value": {
            "type": "item",
            "code": "wildcraftfruit:pickledvegetable-*",
            "shapeElement": "bowl/vegetable 3/*"
        },
        "side": "server"
    },
    { "file": "game:recipes/cooking/soup", "op": "add", "path": "/ingredients/-", "value": {
			code: "tofu-extra", 
			validStacks: [ 
				{ type: "item", code: "wildcraftfruit:tofu-raw",  shapeElement: "bowl/vegetable 2/*" }
			],
			minQuantity: 0,
			maxQuantity: 2
        },
        "side": "server"
    }
]