[
  {
    "op": "add",
    "path": "/grindingPropsByType",
    "value": {
      "*-peanut": {
        "groundStack": {
          "type": "item",
          "code": "wildcraftfruit:nut-peanutground"
        }
      }
    },
    "file": "game:itemtypes/food/legume.json"
  },
  {
    "op": "add",
    "path": "/grindingPropsByType",
    "value": {
      "*-normal": {
        "groundStack": {
          "type": "item",
          "code": "game:powder-iron-oxide"
        }
      }
    },
    "file": "game:blocktypes/devastation/growth.json"
  }
]