[
  {
    "op": "addmerge",
    "path": "/attributes/creatureDiet",
    "value": {
		foodCategories: ["Grain", "Protein"],
		foodTags: ["fruitmash"]
    },
    "file": "game:entities/land/chicken-baby.json",
    "side": "Server"
  },
  {
    "op": "addmerge",
    "path": "/attributes/creatureDiet",
    "value": {
		foodCategories: ["Grain", "Protein"],
		foodTags: ["fruitmash"]
    },
    "file": "game:entities/land/chicken-hen.json",
    "side": "Server"
  },
  {
    "op": "addmerge",
    "path": "/attributes/creatureDiet",
    "value": {
		foodCategories: ["Grain", "Protein"],
		foodTags: ["fruitmash"]
    },
    "file": "game:entities/land/chicken-rooster.json",
    "side": "Server"
  },
    {
        "op": "add",
        "path": "/attributes/contentConfig/-",
        "value": {
            "code": "acornleached",
            "content": { "type": "item", "code": "wildcraftfruit:nut-acornleached" }, 
            "quantityPerFillLevel": 2,
            "maxFillLevels": 8,
            "shapesPerFillLevel": ["block/wood/trough/large/grainfill1", "block/wood/trough/large/grainfill1", "block/wood/trough/large/grainfill2", "block/wood/trough/large/grainfill2", "block/wood/trough/large/grainfill3", "block/wood/trough/large/grainfill3", "block/wood/trough/large/grainfill4", "block/wood/trough/large/grainfill4"],
	    "textureCode": "contents-acorn",
        },
        "file": "game:blocktypes/wood/trough-large.json",
        "side": "server"
    },
    {
        "op": "add",
        "path": "/textures/contents-acorn",
        "value": {
			base: "block/food/pie/fill-acornleached",
			overlays: ["block/wood/trough/large/shadow"]
                 },
        "file": "game:blocktypes/wood/trough-large.json",
        "side": "server"
    },
    {
        "op": "add",
        "path": "/attributes/contentConfig/-",
        "value": {
            "code": "chestnut",
            "content": { "type": "item", "code": "wildcraftfruit:nut-chestnut" }, 
            "quantityPerFillLevel": 2,
            "maxFillLevels": 8,
            "shapesPerFillLevel": ["block/wood/trough/large/grainfill1", "block/wood/trough/large/grainfill1", "block/wood/trough/large/grainfill2", "block/wood/trough/large/grainfill2", "block/wood/trough/large/grainfill3", "block/wood/trough/large/grainfill3", "block/wood/trough/large/grainfill4", "block/wood/trough/large/grainfill4"],
	    "textureCode": "contents-chestnut",
        },
        "file": "game:blocktypes/wood/trough-large.json",
        "side": "server"
    },
    {
        "op": "add",
        "path": "/textures/contents-chestnut",
        "value": {
			base: "block/food/pie/fill-chestnutwhole",
			overlays: ["block/wood/trough/large/shadow"]
                 },
        "file": "game:blocktypes/wood/trough-large.json",
        "side": "server"
    },
    {
        "op": "add",
        "path": "/attributes/contentConfig/-",
        "value": {
            "code": "hackberrypit",
            "content": { "type": "item", "code": "wildcraftfruit:nut-hackberrypit" }, 
	    "foodFor": ["chicken-*"],
            "quantityPerFillLevel": 1,
            "maxFillLevels": 8,
            "shapesPerFillLevel": ["block/wood/trough/small/grainfill1", "block/wood/trough/small/grainfill1", "block/wood/trough/small/grainfill2", "block/wood/trough/small/grainfill2", "block/wood/trough/small/grainfill3", "block/wood/trough/small/grainfill3", "block/wood/trough/small/grainfill4", "block/wood/trough/small/grainfill4"],
	    "textureCode": "contents-hackberrypit",
        },
        "file": "game:blocktypes/wood/trough-small.json",
        "side": "server"
    },
    {
        "op": "add",
        "path": "/textures/contents-hackberrypit",
        "value": {
			base: "block/food/pie/fill-hackberrypit",
			overlays: ["block/wood/trough/small/shadow"]
                 },
        "file": "game:blocktypes/wood/trough-small.json",
        "side": "server"
    },
    {
        "op": "add",
        "path": "/attributes/contentConfig/-",
        "value": {
            "code": "oldmansaltbush",
            "content": { "type": "item", "code": "wildcraftfruit:nut-oldmansaltbush" }, 
	    "foodFor": ["chicken-*"],
            "quantityPerFillLevel": 1,
            "maxFillLevels": 8,
            "shapesPerFillLevel": ["block/wood/trough/small/grainfill1", "block/wood/trough/small/grainfill1", "block/wood/trough/small/grainfill2", "block/wood/trough/small/grainfill2", "block/wood/trough/small/grainfill3", "block/wood/trough/small/grainfill3", "block/wood/trough/small/grainfill4", "block/wood/trough/small/grainfill4"],
	    "textureCode": "contents-oldmansaltbush",
        },
        "file": "game:blocktypes/wood/trough-small.json",
        "side": "server"
    },
    {
        "op": "add",
        "path": "/textures/contents-oldmansaltbush",
        "value": {
			base: "block/food/pie/fill-oldmansaltbush",
			overlays: ["block/wood/trough/small/shadow"]
                 },
        "file": "game:blocktypes/wood/trough-small.json",
        "side": "server"
    },
    {
        "op": "add",
        "path": "/attributes/contentConfig/-",
        "value": {
            "code": "pinenut",
            "content": { "type": "item", "code": "wildcraftfruit:nut-pinenut" }, 
	    "foodFor": ["chicken-*"],
            "quantityPerFillLevel": 1,
            "maxFillLevels": 8,
            "shapesPerFillLevel": ["block/wood/trough/small/grainfill1", "block/wood/trough/small/grainfill1", "block/wood/trough/small/grainfill2", "block/wood/trough/small/grainfill2", "block/wood/trough/small/grainfill3", "block/wood/trough/small/grainfill3", "block/wood/trough/small/grainfill4", "block/wood/trough/small/grainfill4"],
	    "textureCode": "contents-pinenut",
        },
        "file": "game:blocktypes/wood/trough-small.json",
        "side": "server"
    },
    {
        "op": "add",
        "path": "/textures/contents-pinenut",
        "value": {
			base: "block/food/pie/fill-pinenut",
			overlays: ["block/wood/trough/small/shadow"]
                 },
        "file": "game:blocktypes/wood/trough-small.json",
        "side": "server"
    },
    {
        "op": "add",
        "path": "/attributes/contentConfig/-",
        "value": {
            "code": "acornleached",
            "content": { "type": "item", "code": "wildcraftfruit:nut-acornleached" }, 
	    "foodFor": ["chicken-*"],
            "quantityPerFillLevel": 1,
            "maxFillLevels": 8,
            "shapesPerFillLevel": ["block/wood/trough/small/grainfill1", "block/wood/trough/small/grainfill1", "block/wood/trough/small/grainfill2", "block/wood/trough/small/grainfill2", "block/wood/trough/small/grainfill3", "block/wood/trough/small/grainfill3", "block/wood/trough/small/grainfill4", "block/wood/trough/small/grainfill4"],
	    "textureCode": "contents-acornleached",
        },
        "file": "game:blocktypes/wood/trough-small.json",
        "side": "server"
    },
    {
        "op": "add",
        "path": "/textures/contents-acornleached",
        "value": {
			base: "block/food/pie/fill-acornleached",
			overlays: ["block/wood/trough/small/shadow"]
                 },
        "file": "game:blocktypes/wood/trough-small.json",
        "side": "server"
    },
    {
        "op": "add",
        "path": "/attributes/contentConfig/-",
        "value": {
            "code": "hazelnut",
            "content": { "type": "item", "code": "wildcraftfruit:nut-hazelnut" }, 
	    "foodFor": ["chicken-*"],
            "quantityPerFillLevel": 1,
            "maxFillLevels": 8,
            "shapesPerFillLevel": ["block/wood/trough/small/grainfill1", "block/wood/trough/small/grainfill1", "block/wood/trough/small/grainfill2", "block/wood/trough/small/grainfill2", "block/wood/trough/small/grainfill3", "block/wood/trough/small/grainfill3", "block/wood/trough/small/grainfill4", "block/wood/trough/small/grainfill4"],
	    "textureCode": "contents-hazelnut",
        },
        "file": "game:blocktypes/wood/trough-small.json",
        "side": "server"
    },
    {
        "op": "add",
        "path": "/textures/contents-hazelnut",
        "value": {
			base: "block/food/pie/fill-hazelnut",
			overlays: ["block/wood/trough/small/shadow"]
                 },
        "file": "game:blocktypes/wood/trough-small.json",
        "side": "server"
    },
    {
        "op": "add",
        "path": "/attributes/contentConfig/-",
        "value": {
            "code": "pumpkinseed",
            "content": { "type": "item", "code": "wildcraftfruit:nut-pumpkinseed" }, 
	    "foodFor": ["chicken-*"],
            "quantityPerFillLevel": 1,
            "maxFillLevels": 8,
            "shapesPerFillLevel": ["block/wood/trough/small/grainfill1", "block/wood/trough/small/grainfill1", "block/wood/trough/small/grainfill2", "block/wood/trough/small/grainfill2", "block/wood/trough/small/grainfill3", "block/wood/trough/small/grainfill3", "block/wood/trough/small/grainfill4", "block/wood/trough/small/grainfill4"],
	    "textureCode": "contents-pumpkinseed",
        },
        "file": "game:blocktypes/wood/trough-small.json",
        "side": "server"
    },
    {
        "op": "add",
        "path": "/textures/contents-pumpkinseed",
        "value": {
			base: "block/food/pie/fill-pumpkinseed",
			overlays: ["block/wood/trough/small/shadow"]
                 },
        "file": "game:blocktypes/wood/trough-small.json",
        "side": "server"
    },
    {
        "op": "add",
        "path": "/attributes/contentConfig/-",
        "value": {
            "code": "beachalmond",
            "content": { "type": "item", "code": "wildcraftfruit:nut-beachalmond" }, 
	    "foodFor": ["chicken-*"],
            "quantityPerFillLevel": 1,
            "maxFillLevels": 8,
            "shapesPerFillLevel": ["block/wood/trough/small/grainfill1", "block/wood/trough/small/grainfill1", "block/wood/trough/small/grainfill2", "block/wood/trough/small/grainfill2", "block/wood/trough/small/grainfill3", "block/wood/trough/small/grainfill3", "block/wood/trough/small/grainfill4", "block/wood/trough/small/grainfill4"],
	    "textureCode": "contents-beachalmond",
        },
        "file": "game:blocktypes/wood/trough-small.json",
        "side": "server"
    },
    {
        "op": "add",
        "path": "/textures/contents-beachalmond",
        "value": {
			base: "block/food/pie/fill-beachalmond",
			overlays: ["block/wood/trough/small/shadow"]
                 },
        "file": "game:blocktypes/wood/trough-small.json",
        "side": "server"
    },
    {
        "op": "add",
        "path": "/attributes/contentConfig/-",
        "value": {
            "code": "pistachionut",
            "content": { "type": "item", "code": "wildcraftfruit:nut-pistachionut" }, 
	    "foodFor": ["chicken-*"],
            "quantityPerFillLevel": 1,
            "maxFillLevels": 8,
            "shapesPerFillLevel": ["block/wood/trough/small/grainfill1", "block/wood/trough/small/grainfill1", "block/wood/trough/small/grainfill2", "block/wood/trough/small/grainfill2", "block/wood/trough/small/grainfill3", "block/wood/trough/small/grainfill3", "block/wood/trough/small/grainfill4", "block/wood/trough/small/grainfill4"],
	    "textureCode": "contents-pistachionut",
        },
        "file": "game:blocktypes/wood/trough-small.json",
        "side": "server"
    },
    {
        "op": "add",
        "path": "/textures/contents-pistachionut",
        "value": {
			base: "block/food/pie/fill-pistachionut",
			overlays: ["block/wood/trough/small/shadow"]
                 },
        "file": "game:blocktypes/wood/trough-small.json",
        "side": "server"
    },
    {
        "op": "add",
        "path": "/attributes/contentConfig/-",
        "value": {
            "code": "dwarfpinenut",
            "content": { "type": "item", "code": "wildcraftfruit:nut-dwarfpinenut" }, 
	    "foodFor": ["chicken-*"],
            "quantityPerFillLevel": 1,
            "maxFillLevels": 8,
            "shapesPerFillLevel": ["block/wood/trough/small/grainfill1", "block/wood/trough/small/grainfill1", "block/wood/trough/small/grainfill2", "block/wood/trough/small/grainfill2", "block/wood/trough/small/grainfill3", "block/wood/trough/small/grainfill3", "block/wood/trough/small/grainfill4", "block/wood/trough/small/grainfill4"],
	    "textureCode": "contents-dwarfpinenut",
        },
        "file": "game:blocktypes/wood/trough-small.json",
        "side": "server"
    },
    {
        "op": "add",
        "path": "/textures/contents-dwarfpinenut",
        "value": {
			base: "block/food/pie/fill-dwarfpinenut",
			overlays: ["block/wood/trough/small/shadow"]
                 },
        "file": "game:blocktypes/wood/trough-small.json",
        "side": "server"
    },
    {
        "op": "add",
        "path": "/attributes/contentConfig/-",
        "value": {
            "code": "bearnut",
            "content": { "type": "item", "code": "wildcraftfruit:nut-bearnut" }, 
	    "foodFor": ["chicken-*"],
            "quantityPerFillLevel": 1,
            "maxFillLevels": 8,
            "shapesPerFillLevel": ["block/wood/trough/small/grainfill1", "block/wood/trough/small/grainfill1", "block/wood/trough/small/grainfill2", "block/wood/trough/small/grainfill2", "block/wood/trough/small/grainfill3", "block/wood/trough/small/grainfill3", "block/wood/trough/small/grainfill4", "block/wood/trough/small/grainfill4"],
	    "textureCode": "contents-bearnut",
        },
        "file": "game:blocktypes/wood/trough-small.json",
        "side": "server"
    },
    {
        "op": "add",
        "path": "/textures/contents-bearnut",
        "value": {
			base: "block/food/pie/fill-bearnut",
			overlays: ["block/wood/trough/small/shadow"]
                 },
        "file": "game:blocktypes/wood/trough-small.json",
        "side": "server"
    },
    {
        "op": "add",
        "path": "/attributes/contentConfig/-",
        "value": {
            "code": "walnutshelled",
            "content": { "type": "item", "code": "wildcraftfruit:nut-walnutshelled" }, 
	    "foodFor": ["chicken-*"],
            "quantityPerFillLevel": 1,
            "maxFillLevels": 8,
            "shapesPerFillLevel": ["block/wood/trough/small/grainfill1", "block/wood/trough/small/grainfill1", "block/wood/trough/small/grainfill2", "block/wood/trough/small/grainfill2", "block/wood/trough/small/grainfill3", "block/wood/trough/small/grainfill3", "block/wood/trough/small/grainfill4", "block/wood/trough/small/grainfill4"],
	    "textureCode": "contents-walnutshelled",
        },
        "file": "game:blocktypes/wood/trough-small.json",
        "side": "server"
    },
    {
        "op": "add",
        "path": "/textures/contents-walnutshelled",
        "value": {
			base: "block/food/pie/fill-walnutshelled",
			overlays: ["block/wood/trough/small/shadow"]
                 },
        "file": "game:blocktypes/wood/trough-small.json",
        "side": "server"
    },
    {
        "op": "add",
        "path": "/attributes/contentConfig/-",
        "value": {
            "code": "soybeanchicken",
            "content": { "type": "item", "code": "game:legume-soybean" }, 
	    "foodFor": ["chicken-*"],
            "quantityPerFillLevel": 1,
            "maxFillLevels": 8,
            "shapesPerFillLevel": ["block/wood/trough/small/grainfill1", "block/wood/trough/small/grainfill1", "block/wood/trough/small/grainfill2", "block/wood/trough/small/grainfill2", "block/wood/trough/small/grainfill3", "block/wood/trough/small/grainfill3", "block/wood/trough/small/grainfill4", "block/wood/trough/small/grainfill4"],
	    "textureCode": "contents-soybeanchicken",
        },
        "file": "game:blocktypes/wood/trough-small.json",
        "side": "server"
    },
    {
        "op": "add",
        "path": "/textures/contents-soybeanchicken",
        "value": {
			base: "block/food/pie/fill-soybean",
			overlays: ["block/wood/trough/small/shadow"]
                 },
        "file": "game:blocktypes/wood/trough-small.json",
        "side": "server"
    },
    {
        "op": "add",
        "path": "/attributes/contentConfig/-",
        "value": {
            "code": "peanutchicken",
            "content": { "type": "item", "code": "game:legume-peanut" }, 
	    "foodFor": ["chicken-*"],
            "quantityPerFillLevel": 1,
            "maxFillLevels": 8,
            "shapesPerFillLevel": ["block/wood/trough/small/grainfill1", "block/wood/trough/small/grainfill1", "block/wood/trough/small/grainfill2", "block/wood/trough/small/grainfill2", "block/wood/trough/small/grainfill3", "block/wood/trough/small/grainfill3", "block/wood/trough/small/grainfill4", "block/wood/trough/small/grainfill4"],
	    "textureCode": "contents-peanutchicken",
        },
        "file": "game:blocktypes/wood/trough-small.json",
        "side": "server"
    },
    {
        "op": "add",
        "path": "/textures/contents-peanutchicken",
        "value": {
			base: "block/food/pie/fill-peanut",
			overlays: ["block/wood/trough/small/shadow"]
                 },
        "file": "game:blocktypes/wood/trough-small.json",
        "side": "server"
    },
]