{
	"editor": {
		"collapsedPaths": "",
		"allAngles": false,
		"entityTextureMode": false
	},
	"textureWidth": 16,
	"textureHeight": 16,
	"textureSizes": {
	},
	"textures": {
		"metal": "game:block/metal/plate/lead",
		"secondarywood": "game:block/wood/debarked/birch",
		"wood": "game:block/wood/oak",
		"craftmat": "toolsmith:block/workbench-crafting-mat",
		"reforgemat": "toolsmith:block/workbench-reforge-mat"
	},
	"elements": [
		{
			"name": "Origin",
			"from": [ 16.0, 0.0, 8.0 ],
			"to": [ 16.0, 0.0, 8.0 ],
			"rotationOrigin": [ 16.0, 0.0, 8.0 ],
			"faces": {
				"north": { "texture": "#null", "uv": [ 0.0, 0.0, 0.5, 0.5 ] },
				"east": { "texture": "#null", "uv": [ 0.0, 0.0, 0.5, 0.5 ] },
				"south": { "texture": "#null", "uv": [ 0.0, 0.0, 0.5, 0.5 ] },
				"west": { "texture": "#null", "uv": [ 0.0, 0.0, 0.5, 0.5 ] },
				"up": { "texture": "#null", "uv": [ 0.0, 0.0, 0.5, 0.5 ] },
				"down": { "texture": "#null", "uv": [ 0.0, 0.0, 0.5, 0.5 ] }
			},
			"children": [
				{
					"name": "BackLeftLeg",
					"from": [ -14.0, 0.0, -7.0 ],
					"to": [ -10.0, 16.0, -5.0 ],
					"rotationOrigin": [ -14.0, 0.0, -7.0 ],
					"faces": {
						"north": { "texture": "#wood", "uv": [ 0.0, 0.0, 4.0, 16.0 ] },
						"east": { "texture": "#wood", "uv": [ 4.0, 0.0, 6.0, 16.0 ], "windMode": [-1,-1,-1,-1], "windData": [0,1,1,0] },
						"south": { "texture": "#wood", "uv": [ 6.0, 0.0, 10.0, 16.0 ], "windMode": [-1,-1,-1,-1], "windData": [0,0,1,1] },
						"west": { "texture": "#wood", "uv": [ 10.0, 0.0, 12.0, 16.0 ], "windMode": [-1,-1,-1,-1], "windData": [0,0,1,1] },
						"up": { "texture": "#wood", "uv": [ 12.0, 0.0, 16.0, 2.0 ], "windMode": [-1,-1,-1,-1], "windData": [1,1,1,1] },
						"down": { "texture": "#wood", "uv": [ 12.0, 2.0, 16.0, 4.0 ], "windMode": [-1,-1,-1,-1] }
					}
				},
				{
					"name": "FrontLeftLeg",
					"from": [ -14.0, 0.0, 5.0 ],
					"to": [ -10.0, 16.0, 7.0 ],
					"rotationOrigin": [ -14.0, 0.0, 5.0 ],
					"faces": {
						"north": { "texture": "#wood", "uv": [ 8.0, 0.0, 12.0, 16.0 ] },
						"east": { "texture": "#wood", "uv": [ 0.0, 0.0, 2.0, 16.0 ] },
						"south": { "texture": "#wood", "uv": [ 2.0, 0.0, 6.0, 16.0 ] },
						"west": { "texture": "#wood", "uv": [ 6.0, 0.0, 8.0, 16.0 ] },
						"up": { "texture": "#wood", "uv": [ 12.0, 4.0, 16.0, 6.0 ] },
						"down": { "texture": "#wood", "uv": [ 12.0, 6.0, 16.0, 8.0 ] }
					},
					"children": [
						{
							"name": "ViseFront",
							"from": [ -1.0, 16.0, 2.0 ],
							"to": [ 5.0, 19.0, 3.0 ],
							"rotationOrigin": [ -1.0, 16.0, 2.0 ],
							"faces": {
								"north": { "texture": "#secondarywood", "uv": [ 0.0, 5.0, 6.0, 8.0 ] },
								"east": { "texture": "#secondarywood", "uv": [ 6.0, 5.0, 7.0, 8.0 ] },
								"south": { "texture": "#secondarywood", "uv": [ 0.0, 8.0, 6.0, 11.0 ] },
								"west": { "texture": "#secondarywood", "uv": [ 6.0, 8.0, 7.0, 11.0 ] },
								"up": { "texture": "#secondarywood", "uv": [ 0.0, 11.0, 6.0, 12.0 ] },
								"down": { "texture": "#secondarywood", "uv": [ 0.0, 12.0, 6.0, 13.0 ] }
							}
						},
						{
							"name": "ViseBack",
							"from": [ -1.0, 16.0, 0.0 ],
							"to": [ 5.0, 19.0, 1.0 ],
							"rotationOrigin": [ -1.0, 16.0, 0.0 ],
							"faces": {
								"north": { "texture": "#secondarywood", "uv": [ 0.0, 7.0, 6.0, 10.0 ] },
								"east": { "texture": "#secondarywood", "uv": [ 6.0, 7.0, 7.0, 10.0 ] },
								"south": { "texture": "#secondarywood", "uv": [ 0.0, 4.0, 6.0, 7.0 ] },
								"west": { "texture": "#secondarywood", "uv": [ 6.0, 4.0, 7.0, 7.0 ] },
								"up": { "texture": "#secondarywood", "uv": [ 0.0, 10.0, 6.0, 11.0 ] },
								"down": { "texture": "#secondarywood", "uv": [ 0.0, 11.5, 6.0, 12.5 ] }
							}
						},
						{
							"name": "ViseLeftScrewHandle",
							"from": [ -0.1, 17.2, 3.0 ],
							"to": [ 0.7, 18.0, 4.2 ],
							"rotationOrigin": [ 0.0, 17.3, 3.0 ],
							"faces": {
								"east": { "texture": "#wood", "uv": [ 14.5, 13.5, 15.5, 14.0 ] },
								"south": { "texture": "#wood", "uv": [ 13.5, 13.5, 14.0, 14.0 ] },
								"west": { "texture": "#wood", "uv": [ 14.5, 14.5, 15.5, 15.0 ] },
								"up": { "texture": "#wood", "uv": [ 15.0, 13.5, 15.5, 14.5 ] },
								"down": { "texture": "#wood", "uv": [ 14.5, 13.5, 15.0, 14.5 ] }
							},
							"children": [
								{
									"name": "ViseLeftScrewHandleGrip",
									"from": [ 0.2, -2.1, 0.6 ],
									"to": [ 0.6, 1.3, 1.0 ],
									"rotationOrigin": [ 0.0, -1.5, 0.0 ],
									"faces": {
										"north": { "texture": "#metal", "uv": [ 14.5, 13.5, 15.0, 16.5 ] },
										"east": { "texture": "#metal", "uv": [ 13.5, 13.5, 14.0, 16.5 ] },
										"south": { "texture": "#metal", "uv": [ 12.5, 13.5, 13.0, 16.5 ] },
										"west": { "texture": "#metal", "uv": [ 11.5, 13.5, 12.0, 16.5 ] },
										"up": { "texture": "#metal", "uv": [ 15.0, 13.5, 15.5, 14.0 ] },
										"down": { "texture": "#metal", "uv": [ 14.5, 13.5, 15.0, 14.0 ] }
									}
								},
								{
									"name": "ViseLeftScrewHandleStopperTop",
									"from": [ 0.1, 0.8, 0.5 ],
									"to": [ 0.7, 1.2, 1.1 ],
									"rotationOrigin": [ -0.1, 1.4, -0.1 ],
									"faces": {
										"north": { "texture": "#metal", "uv": [ 14.5, 13.5, 15.0, 14.0 ] },
										"east": { "texture": "#metal", "uv": [ 13.5, 13.5, 14.0, 14.0 ] },
										"south": { "texture": "#metal", "uv": [ 12.5, 13.5, 13.0, 14.0 ] },
										"west": { "texture": "#metal", "uv": [ 11.5, 13.5, 12.0, 14.0 ] },
										"up": { "texture": "#metal", "uv": [ 15.0, 13.5, 15.5, 14.0 ] },
										"down": { "texture": "#metal", "uv": [ 14.5, 13.5, 15.0, 14.0 ] }
									}
								},
								{
									"name": "ViseLeftScrewHandleStopperBottom",
									"from": [ 0.1, -2.0, 0.5 ],
									"to": [ 0.7, -1.6, 1.1 ],
									"rotationOrigin": [ -0.1, -1.4, -0.1 ],
									"faces": {
										"north": { "texture": "#metal", "uv": [ 14.5, 13.5, 15.0, 14.0 ] },
										"east": { "texture": "#metal", "uv": [ 13.5, 13.5, 14.0, 14.0 ] },
										"south": { "texture": "#metal", "uv": [ 12.5, 13.5, 13.0, 14.0 ] },
										"west": { "texture": "#metal", "uv": [ 11.5, 13.5, 12.0, 14.0 ] },
										"up": { "texture": "#metal", "uv": [ 15.0, 13.5, 15.5, 14.0 ] },
										"down": { "texture": "#metal", "uv": [ 14.5, 13.5, 15.0, 14.0 ] }
									}
								}
							]
						},
						{
							"name": "ViseRightScrewHandle",
							"from": [ 3.2, 17.2, 3.0 ],
							"to": [ 4.0, 18.0, 4.2 ],
							"rotationOrigin": [ 3.3, 17.3, 3.0 ],
							"faces": {
								"east": { "texture": "#wood", "uv": [ 14.5, 13.5, 15.5, 14.0 ] },
								"south": { "texture": "#wood", "uv": [ 13.5, 14.0, 14.0, 14.5 ] },
								"west": { "texture": "#wood", "uv": [ 14.5, 14.0, 15.5, 14.5 ] },
								"up": { "texture": "#wood", "uv": [ 14.5, 13.5, 15.0, 14.5 ] },
								"down": { "texture": "#wood", "uv": [ 15.0, 13.5, 15.5, 14.5 ] }
							},
							"children": [
								{
									"name": "ViseRightScrewHandleGrip",
									"from": [ 0.2, -2.1, 0.6 ],
									"to": [ 0.6, 1.3, 1.0 ],
									"rotationOrigin": [ 0.0, -1.5, 0.0 ],
									"faces": {
										"north": { "texture": "#metal", "uv": [ 14.5, 13.5, 15.0, 16.5 ] },
										"east": { "texture": "#metal", "uv": [ 13.5, 13.5, 14.0, 16.5 ] },
										"south": { "texture": "#metal", "uv": [ 12.5, 13.5, 13.0, 16.5 ] },
										"west": { "texture": "#metal", "uv": [ 11.5, 13.5, 12.0, 16.5 ] },
										"up": { "texture": "#metal", "uv": [ 15.0, 13.5, 15.5, 14.0 ] },
										"down": { "texture": "#metal", "uv": [ 14.5, 13.5, 15.0, 14.0 ] }
									}
								},
								{
									"name": "ViseRightScrewHandleStopperTop",
									"from": [ 0.1, 0.8, 0.6 ],
									"to": [ 0.7, 1.2, 1.2 ],
									"rotationOrigin": [ -0.1, 1.4, 0.0 ],
									"faces": {
										"north": { "texture": "#metal", "uv": [ 14.5, 13.5, 15.0, 14.0 ] },
										"east": { "texture": "#metal", "uv": [ 13.5, 13.5, 14.0, 14.0 ] },
										"south": { "texture": "#metal", "uv": [ 12.5, 13.5, 13.0, 14.0 ] },
										"west": { "texture": "#metal", "uv": [ 11.5, 13.5, 12.0, 14.0 ] },
										"up": { "texture": "#metal", "uv": [ 15.0, 13.5, 15.5, 14.0 ] },
										"down": { "texture": "#metal", "uv": [ 14.5, 13.5, 15.0, 14.0 ] }
									}
								},
								{
									"name": "ViseRightScrewHandleStopperBottom",
									"from": [ 0.1, -2.0, 0.6 ],
									"to": [ 0.7, -1.6, 1.2 ],
									"rotationOrigin": [ -0.1, -1.4, 0.0 ],
									"faces": {
										"north": { "texture": "#metal", "uv": [ 14.5, 13.5, 15.0, 14.0 ] },
										"east": { "texture": "#metal", "uv": [ 13.5, 13.5, 14.0, 14.0 ] },
										"south": { "texture": "#metal", "uv": [ 12.5, 13.5, 13.0, 14.0 ] },
										"west": { "texture": "#metal", "uv": [ 11.5, 13.5, 12.0, 14.0 ] },
										"up": { "texture": "#metal", "uv": [ 15.0, 13.5, 15.5, 14.0 ] },
										"down": { "texture": "#metal", "uv": [ 14.5, 13.5, 15.0, 14.0 ] }
									}
								}
							]
						},
						{
							"name": "ViseLeftScrewAnchorPoint",
							"from": [ 0.0, 17.3, 1.9 ],
							"to": [ 0.0, 17.3, 1.9 ],
							"rotationOrigin": [ 0.3, 17.6, 2.05 ],
							"rotationZ": 45.0,
							"faces": {
								"north": { "texture": "#metal", "uv": [ 4.0, 6.5, 4.5, 7.0 ] },
								"east": { "texture": "#metal", "uv": [ 4.0, 7.0, 4.5, 7.5 ], "rotation": 90 },
								"west": { "texture": "#metal", "uv": [ 5.0, 6.5, 5.5, 7.0 ], "rotation": 90 },
								"up": { "texture": "#metal", "uv": [ 4.5, 7.0, 5.0, 7.5 ] },
								"down": { "texture": "#metal", "uv": [ 5.5, 7.0, 6.0, 7.5 ] }
							},
							"children": [
								{
									"name": "ViseLeftScrewBase",
									"from": [ 0.0, 0.0, -0.1 ],
									"to": [ 0.6, 0.6, 0.2 ],
									"rotationOrigin": [ 0.3, 0.3, 0.05 ],
									"rotationY": -10.0,
									"faces": {
										"north": { "texture": "#metal", "uv": [ 4.0, 6.5, 4.5, 7.0 ] },
										"east": { "texture": "#metal", "uv": [ 4.0, 7.0, 4.5, 7.5 ], "rotation": 90 },
										"west": { "texture": "#metal", "uv": [ 5.0, 6.5, 5.5, 7.0 ], "rotation": 90 },
										"up": { "texture": "#metal", "uv": [ 4.5, 7.0, 5.0, 7.5 ] },
										"down": { "texture": "#metal", "uv": [ 5.5, 7.0, 6.0, 7.5 ] }
									}
								},
								{
									"name": "ViseLeftScrewSection1",
									"from": [ 0.0, 0.0, -0.4 ],
									"to": [ 0.6, 0.6, -0.1 ],
									"rotationOrigin": [ 0.3, 0.3, -0.25 ],
									"rotationY": -10.0,
									"faces": {
										"north": { "texture": "#metal", "uv": [ 4.0, 6.5, 4.5, 7.0 ] },
										"east": { "texture": "#metal", "uv": [ 4.0, 7.0, 4.5, 7.5 ], "rotation": 90 },
										"south": { "texture": "#metal", "uv": [ 4.5, 5.0, 5.0, 5.5 ] },
										"west": { "texture": "#metal", "uv": [ 5.0, 6.5, 5.5, 7.0 ], "rotation": 90 },
										"up": { "texture": "#metal", "uv": [ 4.5, 7.0, 5.0, 7.5 ] },
										"down": { "texture": "#metal", "uv": [ 5.5, 7.0, 6.0, 7.5 ] }
									}
								},
								{
									"name": "ViseLeftScrewSection2",
									"from": [ 0.0, 0.0, -0.7 ],
									"to": [ 0.6, 0.6, -0.4 ],
									"rotationOrigin": [ 0.3, 0.3, -0.55 ],
									"rotationY": -10.0,
									"faces": {
										"north": { "texture": "#metal", "uv": [ 4.0, 6.5, 4.5, 7.0 ] },
										"east": { "texture": "#metal", "uv": [ 4.0, 7.0, 4.5, 7.5 ], "rotation": 90 },
										"south": { "texture": "#metal", "uv": [ 4.5, 5.0, 5.0, 5.5 ] },
										"west": { "texture": "#metal", "uv": [ 5.0, 6.5, 5.5, 7.0 ], "rotation": 90 },
										"up": { "texture": "#metal", "uv": [ 4.5, 7.0, 5.0, 7.5 ] },
										"down": { "texture": "#metal", "uv": [ 5.5, 7.0, 6.0, 7.5 ] }
									}
								},
								{
									"name": "ViseLeftScrewSection3",
									"from": [ 0.0, 0.0, -1.0 ],
									"to": [ 0.6, 0.6, -0.7 ],
									"rotationOrigin": [ 0.3, 0.3, -0.85 ],
									"rotationY": -10.0,
									"faces": {
										"north": { "texture": "#metal", "uv": [ 4.0, 6.5, 4.5, 7.0 ] },
										"east": { "texture": "#metal", "uv": [ 4.0, 7.0, 4.5, 7.5 ], "rotation": 90 },
										"south": { "texture": "#metal", "uv": [ 4.5, 5.0, 5.0, 5.5 ] },
										"west": { "texture": "#metal", "uv": [ 5.0, 6.5, 5.5, 7.0 ], "rotation": 90 },
										"up": { "texture": "#metal", "uv": [ 4.5, 7.0, 5.0, 7.5 ] },
										"down": { "texture": "#metal", "uv": [ 5.5, 7.0, 6.0, 7.5 ] }
									}
								},
								{
									"name": "ViseLeftScrewSection4",
									"from": [ 0.0, 0.0, -2.1 ],
									"to": [ 0.6, 0.6, -1.8 ],
									"rotationOrigin": [ 0.3, 0.3, -1.95 ],
									"rotationY": -10.0,
									"faces": {
										"north": { "texture": "#metal", "uv": [ 4.0, 6.5, 4.5, 7.0 ] },
										"east": { "texture": "#metal", "uv": [ 4.0, 7.0, 4.5, 7.5 ], "rotation": 90 },
										"south": { "texture": "#metal", "uv": [ 4.5, 5.0, 5.0, 5.5 ] },
										"west": { "texture": "#metal", "uv": [ 5.0, 6.5, 5.5, 7.0 ], "rotation": 90 },
										"up": { "texture": "#metal", "uv": [ 4.5, 7.0, 5.0, 7.5 ] },
										"down": { "texture": "#metal", "uv": [ 5.5, 7.0, 6.0, 7.5 ] }
									}
								},
								{
									"name": "ViseLeftScrewSection5",
									"from": [ 0.0, 0.0, -2.4 ],
									"to": [ 0.6, 0.6, -2.1 ],
									"rotationOrigin": [ 0.3, 0.3, -2.25 ],
									"rotationY": -10.0,
									"faces": {
										"north": { "texture": "#metal", "uv": [ 4.0, 6.5, 4.5, 7.0 ] },
										"east": { "texture": "#metal", "uv": [ 4.0, 7.0, 4.5, 7.5 ], "rotation": 90 },
										"south": { "texture": "#metal", "uv": [ 4.5, 5.0, 5.0, 5.5 ] },
										"west": { "texture": "#metal", "uv": [ 5.0, 6.5, 5.5, 7.0 ], "rotation": 90 },
										"up": { "texture": "#metal", "uv": [ 4.5, 7.0, 5.0, 7.5 ] },
										"down": { "texture": "#metal", "uv": [ 5.5, 7.0, 6.0, 7.5 ] }
									}
								},
								{
									"name": "ViseLeftScrewSection6",
									"from": [ 0.0, 0.0, -2.7 ],
									"to": [ 0.6, 0.6, -2.4 ],
									"rotationOrigin": [ 0.3, 0.3, -2.55 ],
									"rotationY": -10.0,
									"faces": {
										"north": { "texture": "#metal", "uv": [ 4.0, 6.5, 4.5, 7.0 ] },
										"east": { "texture": "#metal", "uv": [ 4.0, 7.0, 4.5, 7.5 ], "rotation": 90 },
										"south": { "texture": "#metal", "uv": [ 4.5, 5.0, 5.0, 5.5 ] },
										"west": { "texture": "#metal", "uv": [ 5.0, 6.5, 5.5, 7.0 ], "rotation": 90 },
										"up": { "texture": "#metal", "uv": [ 4.5, 7.0, 5.0, 7.5 ] },
										"down": { "texture": "#metal", "uv": [ 5.5, 7.0, 6.0, 7.5 ] }
									}
								},
								{
									"name": "ViseLeftScrewSection7",
									"from": [ 0.0, 0.0, -3.0 ],
									"to": [ 0.6, 0.6, -2.7 ],
									"rotationOrigin": [ 0.3, 0.3, -2.85 ],
									"rotationY": -10.0,
									"faces": {
										"north": { "texture": "#metal", "uv": [ 4.0, 6.5, 4.5, 7.0 ] },
										"east": { "texture": "#metal", "uv": [ 4.0, 7.0, 4.5, 7.5 ], "rotation": 90 },
										"south": { "texture": "#metal", "uv": [ 4.5, 5.0, 5.0, 5.5 ] },
										"west": { "texture": "#metal", "uv": [ 5.0, 6.5, 5.5, 7.0 ], "rotation": 90 },
										"up": { "texture": "#metal", "uv": [ 4.5, 7.0, 5.0, 7.5 ] },
										"down": { "texture": "#metal", "uv": [ 5.5, 7.0, 6.0, 7.5 ] }
									}
								},
								{
									"name": "ViseLeftScrewSection8",
									"from": [ 0.0, 0.0, -3.3 ],
									"to": [ 0.6, 0.6, -3.0 ],
									"rotationOrigin": [ 0.3, 0.3, -3.15 ],
									"rotationY": -10.0,
									"faces": {
										"north": { "texture": "#metal", "uv": [ 4.0, 6.5, 4.5, 7.0 ] },
										"east": { "texture": "#metal", "uv": [ 4.0, 7.0, 4.5, 7.5 ], "rotation": 90 },
										"south": { "texture": "#metal", "uv": [ 4.5, 5.0, 5.0, 5.5 ] },
										"west": { "texture": "#metal", "uv": [ 5.0, 6.5, 5.5, 7.0 ], "rotation": 90 },
										"up": { "texture": "#metal", "uv": [ 4.5, 7.0, 5.0, 7.5 ] },
										"down": { "texture": "#metal", "uv": [ 5.5, 7.0, 6.0, 7.5 ] }
									}
								},
								{
									"name": "ViseLeftScrewSection9",
									"from": [ 0.0, 0.0, -3.6 ],
									"to": [ 0.6, 0.6, -3.3 ],
									"rotationOrigin": [ 0.3, 0.3, -3.45 ],
									"rotationY": -10.0,
									"faces": {
										"north": { "texture": "#metal", "uv": [ 4.0, 6.5, 4.5, 7.0 ] },
										"east": { "texture": "#metal", "uv": [ 4.0, 7.0, 4.5, 7.5 ], "rotation": 90 },
										"south": { "texture": "#metal", "uv": [ 4.5, 5.0, 5.0, 5.5 ] },
										"west": { "texture": "#metal", "uv": [ 5.0, 6.5, 5.5, 7.0 ], "rotation": 90 },
										"up": { "texture": "#metal", "uv": [ 4.5, 7.0, 5.0, 7.5 ] },
										"down": { "texture": "#metal", "uv": [ 5.5, 7.0, 6.0, 7.5 ] }
									}
								},
								{
									"name": "ViseLeftScrewSection10",
									"from": [ 0.0, 0.0, -3.9 ],
									"to": [ 0.6, 0.6, -3.6 ],
									"rotationOrigin": [ 0.3, 0.3, -3.75 ],
									"rotationY": -10.0,
									"faces": {
										"north": { "texture": "#metal", "uv": [ 4.0, 6.5, 4.5, 7.0 ] },
										"east": { "texture": "#metal", "uv": [ 4.0, 7.0, 4.5, 7.5 ], "rotation": 90 },
										"south": { "texture": "#metal", "uv": [ 4.5, 5.0, 5.0, 5.5 ] },
										"west": { "texture": "#metal", "uv": [ 5.0, 6.5, 5.5, 7.0 ], "rotation": 90 },
										"up": { "texture": "#metal", "uv": [ 4.5, 7.0, 5.0, 7.5 ] },
										"down": { "texture": "#metal", "uv": [ 5.5, 7.0, 6.0, 7.5 ] }
									}
								}
							]
						},
						{
							"name": "ViseRightScrewAnchorPoint",
							"from": [ 3.3, 17.3, 1.9 ],
							"to": [ 3.3, 17.3, 1.9 ],
							"rotationOrigin": [ 3.6, 17.6, 2.05 ],
							"rotationZ": 45.0,
							"faces": {
								"north": { "texture": "#metal", "uv": [ 4.0, 6.5, 4.5, 7.0 ] },
								"east": { "texture": "#metal", "uv": [ 4.0, 7.0, 4.5, 7.5 ], "rotation": 90 },
								"west": { "texture": "#metal", "uv": [ 5.0, 6.5, 5.5, 7.0 ], "rotation": 90 },
								"up": { "texture": "#metal", "uv": [ 4.5, 7.0, 5.0, 7.5 ] },
								"down": { "texture": "#metal", "uv": [ 5.5, 7.0, 6.0, 7.5 ] }
							},
							"children": [
								{
									"name": "ViseRightScrewBase",
									"from": [ 0.0, 0.0, -0.1 ],
									"to": [ 0.6, 0.6, 0.2 ],
									"rotationOrigin": [ 0.3, 0.3, 0.05 ],
									"rotationY": -10.0,
									"faces": {
										"north": { "texture": "#metal", "uv": [ 4.0, 6.5, 4.5, 7.0 ] },
										"east": { "texture": "#metal", "uv": [ 4.0, 7.0, 4.5, 7.5 ], "rotation": 90 },
										"west": { "texture": "#metal", "uv": [ 5.0, 6.5, 5.5, 7.0 ], "rotation": 90 },
										"up": { "texture": "#metal", "uv": [ 4.5, 7.0, 5.0, 7.5 ] },
										"down": { "texture": "#metal", "uv": [ 5.5, 7.0, 6.0, 7.5 ] }
									}
								},
								{
									"name": "ViseRightScrewSection1",
									"from": [ 0.0, 0.0, -0.4 ],
									"to": [ 0.6, 0.6, -0.1 ],
									"rotationOrigin": [ 0.3, 0.3, -0.25 ],
									"rotationY": -10.0,
									"faces": {
										"north": { "texture": "#metal", "uv": [ 4.0, 6.5, 4.5, 7.0 ] },
										"east": { "texture": "#metal", "uv": [ 4.0, 7.0, 4.5, 7.5 ], "rotation": 90 },
										"south": { "texture": "#metal", "uv": [ 4.5, 5.0, 5.0, 5.5 ] },
										"west": { "texture": "#metal", "uv": [ 5.0, 6.5, 5.5, 7.0 ], "rotation": 90 },
										"up": { "texture": "#metal", "uv": [ 4.5, 7.0, 5.0, 7.5 ] },
										"down": { "texture": "#metal", "uv": [ 5.5, 7.0, 6.0, 7.5 ] }
									}
								},
								{
									"name": "ViseRightScrewSection2",
									"from": [ 0.0, 0.0, -0.7 ],
									"to": [ 0.6, 0.6, -0.4 ],
									"rotationOrigin": [ 0.3, 0.3, -0.55 ],
									"rotationY": -10.0,
									"faces": {
										"north": { "texture": "#metal", "uv": [ 4.0, 6.5, 4.5, 7.0 ] },
										"east": { "texture": "#metal", "uv": [ 4.0, 7.0, 4.5, 7.5 ], "rotation": 90 },
										"south": { "texture": "#metal", "uv": [ 4.5, 5.0, 5.0, 5.5 ] },
										"west": { "texture": "#metal", "uv": [ 5.0, 6.5, 5.5, 7.0 ], "rotation": 90 },
										"up": { "texture": "#metal", "uv": [ 4.5, 7.0, 5.0, 7.5 ] },
										"down": { "texture": "#metal", "uv": [ 5.5, 7.0, 6.0, 7.5 ] }
									}
								},
								{
									"name": "ViseRightScrewSection3",
									"from": [ 0.0, 0.0, -1.0 ],
									"to": [ 0.6, 0.6, -0.7 ],
									"rotationOrigin": [ 0.3, 0.3, -0.85 ],
									"rotationY": -10.0,
									"faces": {
										"north": { "texture": "#metal", "uv": [ 4.0, 6.5, 4.5, 7.0 ] },
										"east": { "texture": "#metal", "uv": [ 4.0, 7.0, 4.5, 7.5 ], "rotation": 90 },
										"south": { "texture": "#metal", "uv": [ 4.5, 5.0, 5.0, 5.5 ] },
										"west": { "texture": "#metal", "uv": [ 5.0, 6.5, 5.5, 7.0 ], "rotation": 90 },
										"up": { "texture": "#metal", "uv": [ 4.5, 7.0, 5.0, 7.5 ] },
										"down": { "texture": "#metal", "uv": [ 5.5, 7.0, 6.0, 7.5 ] }
									}
								},
								{
									"name": "ViseRightScrewSection4",
									"from": [ 0.0, 0.0, -2.1 ],
									"to": [ 0.6, 0.6, -1.8 ],
									"rotationOrigin": [ 0.3, 0.3, -1.95 ],
									"rotationY": -10.0,
									"faces": {
										"north": { "texture": "#metal", "uv": [ 4.0, 6.5, 4.5, 7.0 ] },
										"east": { "texture": "#metal", "uv": [ 4.0, 7.0, 4.5, 7.5 ], "rotation": 90 },
										"south": { "texture": "#metal", "uv": [ 4.5, 5.0, 5.0, 5.5 ] },
										"west": { "texture": "#metal", "uv": [ 5.0, 6.5, 5.5, 7.0 ], "rotation": 90 },
										"up": { "texture": "#metal", "uv": [ 4.5, 7.0, 5.0, 7.5 ] },
										"down": { "texture": "#metal", "uv": [ 5.5, 7.0, 6.0, 7.5 ] }
									}
								},
								{
									"name": "ViseRightScrewSection5",
									"from": [ 0.0, 0.0, -2.4 ],
									"to": [ 0.6, 0.6, -2.1 ],
									"rotationOrigin": [ 0.3, 0.3, -2.25 ],
									"rotationY": -10.0,
									"faces": {
										"north": { "texture": "#metal", "uv": [ 4.0, 6.5, 4.5, 7.0 ] },
										"east": { "texture": "#metal", "uv": [ 4.0, 7.0, 4.5, 7.5 ], "rotation": 90 },
										"south": { "texture": "#metal", "uv": [ 4.5, 5.0, 5.0, 5.5 ] },
										"west": { "texture": "#metal", "uv": [ 5.0, 6.5, 5.5, 7.0 ], "rotation": 90 },
										"up": { "texture": "#metal", "uv": [ 4.5, 7.0, 5.0, 7.5 ] },
										"down": { "texture": "#metal", "uv": [ 5.5, 7.0, 6.0, 7.5 ] }
									}
								},
								{
									"name": "ViseRightScrewSection6",
									"from": [ 0.0, 0.0, -2.7 ],
									"to": [ 0.6, 0.6, -2.4 ],
									"rotationOrigin": [ 0.3, 0.3, -2.55 ],
									"rotationY": -10.0,
									"faces": {
										"north": { "texture": "#metal", "uv": [ 4.0, 6.5, 4.5, 7.0 ] },
										"east": { "texture": "#metal", "uv": [ 4.0, 7.0, 4.5, 7.5 ], "rotation": 90 },
										"south": { "texture": "#metal", "uv": [ 4.5, 5.0, 5.0, 5.5 ] },
										"west": { "texture": "#metal", "uv": [ 5.0, 6.5, 5.5, 7.0 ], "rotation": 90 },
										"up": { "texture": "#metal", "uv": [ 4.5, 7.0, 5.0, 7.5 ] },
										"down": { "texture": "#metal", "uv": [ 5.5, 7.0, 6.0, 7.5 ] }
									}
								},
								{
									"name": "ViseRightScrewSection7",
									"from": [ 0.0, 0.0, -3.0 ],
									"to": [ 0.6, 0.6, -2.7 ],
									"rotationOrigin": [ 0.3, 0.3, -2.85 ],
									"rotationY": -10.0,
									"faces": {
										"north": { "texture": "#metal", "uv": [ 4.0, 6.5, 4.5, 7.0 ] },
										"east": { "texture": "#metal", "uv": [ 4.0, 7.0, 4.5, 7.5 ], "rotation": 90 },
										"south": { "texture": "#metal", "uv": [ 4.5, 5.0, 5.0, 5.5 ] },
										"west": { "texture": "#metal", "uv": [ 5.0, 6.5, 5.5, 7.0 ], "rotation": 90 },
										"up": { "texture": "#metal", "uv": [ 4.5, 7.0, 5.0, 7.5 ] },
										"down": { "texture": "#metal", "uv": [ 5.5, 7.0, 6.0, 7.5 ] }
									}
								},
								{
									"name": "ViseRightScrewSection8",
									"from": [ 0.0, 0.0, -3.3 ],
									"to": [ 0.6, 0.6, -3.0 ],
									"rotationOrigin": [ 0.3, 0.3, -3.15 ],
									"rotationY": -10.0,
									"faces": {
										"north": { "texture": "#metal", "uv": [ 4.0, 6.5, 4.5, 7.0 ] },
										"east": { "texture": "#metal", "uv": [ 4.0, 7.0, 4.5, 7.5 ], "rotation": 90 },
										"south": { "texture": "#metal", "uv": [ 4.5, 5.0, 5.0, 5.5 ] },
										"west": { "texture": "#metal", "uv": [ 5.0, 6.5, 5.5, 7.0 ], "rotation": 90 },
										"up": { "texture": "#metal", "uv": [ 4.5, 7.0, 5.0, 7.5 ] },
										"down": { "texture": "#metal", "uv": [ 5.5, 7.0, 6.0, 7.5 ] }
									}
								},
								{
									"name": "ViseRightScrewSection9",
									"from": [ 0.0, 0.0, -3.6 ],
									"to": [ 0.6, 0.6, -3.3 ],
									"rotationOrigin": [ 0.3, 0.3, -3.45 ],
									"rotationY": -10.0,
									"faces": {
										"north": { "texture": "#metal", "uv": [ 4.0, 6.5, 4.5, 7.0 ] },
										"east": { "texture": "#metal", "uv": [ 4.0, 7.0, 4.5, 7.5 ], "rotation": 90 },
										"south": { "texture": "#metal", "uv": [ 4.5, 5.0, 5.0, 5.5 ] },
										"west": { "texture": "#metal", "uv": [ 5.0, 6.5, 5.5, 7.0 ], "rotation": 90 },
										"up": { "texture": "#metal", "uv": [ 4.5, 7.0, 5.0, 7.5 ] },
										"down": { "texture": "#metal", "uv": [ 5.5, 7.0, 6.0, 7.5 ] }
									}
								},
								{
									"name": "ViseRightScrewSection10",
									"from": [ 0.0, 0.0, -3.9 ],
									"to": [ 0.6, 0.6, -3.6 ],
									"rotationOrigin": [ 0.3, 0.3, -3.75 ],
									"rotationY": -10.0,
									"faces": {
										"north": { "texture": "#metal", "uv": [ 4.0, 6.5, 4.5, 7.0 ] },
										"east": { "texture": "#metal", "uv": [ 4.0, 7.0, 4.5, 7.5 ], "rotation": 90 },
										"south": { "texture": "#metal", "uv": [ 4.5, 5.0, 5.0, 5.5 ] },
										"west": { "texture": "#metal", "uv": [ 5.0, 6.5, 5.5, 7.0 ], "rotation": 90 },
										"up": { "texture": "#metal", "uv": [ 4.5, 7.0, 5.0, 7.5 ] },
										"down": { "texture": "#metal", "uv": [ 5.5, 7.0, 6.0, 7.5 ] }
									}
								}
							]
						}
					]
				},
				{
					"name": "FrontRightLeg",
					"from": [ 10.0, 0.0, 5.0 ],
					"to": [ 14.0, 16.0, 7.0 ],
					"rotationOrigin": [ 10.0, 0.0, 5.0 ],
					"faces": {
						"north": { "texture": "#wood", "uv": [ 6.0, 0.0, 10.0, 16.0 ] },
						"east": { "texture": "#wood", "uv": [ 10.0, 0.0, 12.0, 16.0 ] },
						"south": { "texture": "#wood", "uv": [ 0.0, 0.0, 4.0, 16.0 ] },
						"west": { "texture": "#wood", "uv": [ 4.0, 0.0, 6.0, 16.0 ] },
						"up": { "texture": "#wood", "uv": [ 12.0, 8.0, 16.0, 10.0 ] },
						"down": { "texture": "#wood", "uv": [ 12.0, 10.0, 16.0, 12.0 ] }
					}
				},
				{
					"name": "BackRightLeg",
					"from": [ 10.0, 0.0, -7.0 ],
					"to": [ 14.0, 16.0, -5.0 ],
					"rotationOrigin": [ 10.0, 0.0, -7.0 ],
					"faces": {
						"north": { "texture": "#wood", "uv": [ 2.0, 0.0, 6.0, 16.0 ] },
						"east": { "texture": "#wood", "uv": [ 6.0, 0.0, 8.0, 16.0 ] },
						"south": { "texture": "#wood", "uv": [ 8.0, 0.0, 12.0, 16.0 ] },
						"west": { "texture": "#wood", "uv": [ 0.0, 0.0, 2.0, 16.0 ] },
						"up": { "texture": "#wood", "uv": [ 12.0, 12.0, 16.0, 14.0 ] },
						"down": { "texture": "#wood", "uv": [ 12.0, 14.0, 16.0, 16.0 ] }
					},
					"children": [
						{
							"name": "ToolboxBottom",
							"from": [ 0.0, 16.0, 2.0 ],
							"to": [ 8.0, 16.5, 6.0 ],
							"rotationOrigin": [ 4.0, 16.5, 4.0 ],
							"rotationY": -22.5,
							"faces": {
								"north": { "texture": "#secondarywood", "uv": [ 4.0, 12.0, 12.0, 12.5 ] },
								"east": { "texture": "#secondarywood", "uv": [ 0.0, 12.0, 4.0, 12.5 ] },
								"south": { "texture": "#secondarywood", "uv": [ 4.0, 8.0, 12.0, 8.5 ] },
								"west": { "texture": "#secondarywood", "uv": [ 0.0, 8.0, 4.0, 8.5 ], "autoUv": false },
								"up": { "texture": "#secondarywood", "uv": [ 0.0, 8.0, 8.0, 12.0 ] },
								"down": { "texture": "#secondarywood", "uv": [ 0.0, 12.0, 8.0, 16.0 ] }
							},
							"children": [
								{
									"name": "ToolboxFront",
									"from": [ 0.0, 0.5, 3.5 ],
									"to": [ 8.0, 2.5, 4.0 ],
									"rotationOrigin": [ 0.0, 0.0, 3.0 ],
									"faces": {
										"north": { "texture": "#secondarywood", "uv": [ 8.0, 12.0, 16.0, 14.0 ] },
										"east": { "texture": "#secondarywood", "uv": [ 8.0, 12.0, 8.5, 14.0 ] },
										"south": { "texture": "#secondarywood", "uv": [ 8.0, 14.0, 16.0, 16.0 ] },
										"west": { "texture": "#secondarywood", "uv": [ 8.0, 14.0, 8.5, 16.0 ] }
									}
								},
								{
									"name": "ToolboxBack",
									"from": [ 0.0, 0.5, 0.0 ],
									"to": [ 8.0, 2.5, 0.5 ],
									"faces": {
										"north": { "texture": "#secondarywood", "uv": [ 2.5, 2.5, 10.5, 4.5 ] },
										"east": { "texture": "#secondarywood", "uv": [ 0.0, 1.5, 0.5, 3.5 ] },
										"south": { "texture": "#secondarywood", "uv": [ 2.0, 5.0, 10.0, 7.0 ] },
										"west": { "texture": "#secondarywood", "uv": [ 12.0, 3.0, 12.5, 5.0 ] }
									}
								},
								{
									"name": "ToolboxLeft",
									"from": [ 0.0, 0.5, 0.5 ],
									"to": [ 0.5, 2.5, 3.5 ],
									"faces": {
										"east": { "texture": "#secondarywood", "uv": [ 0.0, 8.0, 3.0, 10.0 ] },
										"west": { "texture": "#secondarywood", "uv": [ 3.0, 8.5, 6.0, 10.5 ] },
										"up": { "texture": "#secondarywood", "uv": [ 0.0, 0.0, 0.5, 3.0 ] }
									}
								},
								{
									"name": "ToolboxRight",
									"from": [ 7.5, 0.5, 0.5 ],
									"to": [ 8.0, 2.5, 3.5 ],
									"rotationOrigin": [ 8.0, 0.0, 0.0 ],
									"faces": {
										"east": { "texture": "#secondarywood", "uv": [ 0.0, 5.0, 3.0, 7.0 ] },
										"west": { "texture": "#secondarywood", "uv": [ 3.0, 5.0, 6.0, 7.0 ] },
										"up": { "texture": "#secondarywood", "uv": [ 6.0, 5.0, 6.5, 8.0 ] }
									}
								},
								{
									"name": "ToolboxFrontUpper",
									"from": [ 1.5, 2.5, 3.5 ],
									"to": [ 6.5, 4.0, 4.0 ],
									"rotationOrigin": [ 1.0, 2.0, 3.0 ],
									"faces": {
										"north": { "texture": "#secondarywood", "uv": [ 0.0, 9.0, 5.0, 10.5 ] },
										"south": { "texture": "#secondarywood", "uv": [ 0.0, 10.5, 5.0, 12.0 ] },
										"up": { "texture": "#secondarywood", "uv": [ 0.0, 10.5, 5.0, 11.0 ] }
									},
									"children": [
										{
											"name": "ToolboxFrontUpperLeftAngle",
											"from": [ -1.24, -0.75, 0.01 ],
											"to": [ 0.91, 0.75, 0.49 ],
											"rotationOrigin": [ -0.45, 0.05, 0.0 ],
											"rotationZ": 45.0,
											"faces": {
												"north": { "texture": "#secondarywood", "uv": [ 7.0, 14.5, 9.0, 16.0 ] },
												"south": { "texture": "#secondarywood", "uv": [ 7.0, 14.5, 9.0, 16.0 ] },
												"up": { "texture": "#secondarywood", "uv": [ 14.0, 15.5, 16.0, 16.0 ] }
											}
										},
										{
											"name": "ToolboxFrontUpperRightAngle",
											"from": [ 4.26, -0.35, 0.01 ],
											"to": [ 6.41, 1.15, 0.49 ],
											"rotationOrigin": [ 5.05, 0.45, 0.0 ],
											"rotationZ": -45.0,
											"faces": {
												"north": { "texture": "#secondarywood", "uv": [ 14.0, 2.0, 16.0, 3.5 ] },
												"south": { "texture": "#secondarywood", "uv": [ 14.0, 2.0, 16.0, 3.5 ] },
												"up": { "texture": "#secondarywood", "uv": [ 14.0, 5.5, 16.0, 6.0 ] }
											}
										}
									]
								},
								{
									"name": "ToolboxBackUpper",
									"from": [ 1.5, 2.5, 0.0 ],
									"to": [ 6.5, 4.0, 0.5 ],
									"rotationOrigin": [ 1.0, 2.0, 0.0 ],
									"faces": {
										"north": { "texture": "#secondarywood", "uv": [ 0.0, 3.5, 5.0, 5.0 ] },
										"south": { "texture": "#secondarywood", "uv": [ 8.5, 5.5, 13.5, 7.0 ] },
										"up": { "texture": "#secondarywood", "uv": [ 0.0, 0.0, 5.0, 0.5 ] }
									},
									"children": [
										{
											"name": "ToolboxBackUpperLeftAngle",
											"from": [ -1.24, -0.75, 0.01 ],
											"to": [ 0.91, 0.75, 0.49 ],
											"rotationOrigin": [ -0.45, 0.05, 0.5 ],
											"rotationZ": 45.0,
											"faces": {
												"north": { "texture": "#secondarywood", "uv": [ 14.0, 2.0, 16.0, 3.5 ] },
												"south": { "texture": "#secondarywood", "uv": [ 14.0, 3.5, 16.0, 5.0 ] },
												"up": { "texture": "#secondarywood", "uv": [ 14.0, 4.0, 16.0, 4.5 ] }
											}
										},
										{
											"name": "ToolboxBackUpperRightAngle",
											"from": [ 4.26, -0.35, 0.01 ],
											"to": [ 6.41, 1.15, 0.49 ],
											"rotationOrigin": [ 5.05, 0.45, 0.5 ],
											"rotationZ": -45.0,
											"faces": {
												"north": { "texture": "#secondarywood", "uv": [ 11.0, 8.5, 13.0, 10.0 ] },
												"south": { "texture": "#secondarywood", "uv": [ 10.0, 9.0, 12.0, 10.5 ] },
												"up": { "texture": "#secondarywood", "uv": [ 9.0, 8.5, 11.0, 9.0 ] }
											}
										}
									]
								},
								{
									"name": "ToolboxHandle",
									"from": [ 3.75, 3.25, 0.5 ],
									"to": [ 4.25, 3.75, 3.5 ],
									"rotationOrigin": [ 4.0, 3.0, 0.0 ],
									"faces": {
										"east": { "texture": "#secondarywood", "uv": [ 0.0, 5.5, 3.0, 6.0 ] },
										"west": { "texture": "#secondarywood", "uv": [ 0.0, 4.5, 3.0, 5.0 ] },
										"up": { "texture": "#secondarywood", "uv": [ 0.0, 5.0, 3.0, 5.5 ], "rotation": 90 },
										"down": { "texture": "#secondarywood", "uv": [ 0.0, 4.0, 3.0, 4.5 ], "rotation": 90 }
									}
								},
								{
									"name": "TinyHammerHandle",
									"from": [ 2.0, 0.7, 1.0 ],
									"to": [ 5.6, 1.3, 1.6 ],
									"rotationOrigin": [ 2.0, 0.7, 1.0 ],
									"rotationY": -22.5,
									"rotationZ": -3.0,
									"faces": {
										"north": { "texture": "#wood", "uv": [ 9.0, 0.0, 9.5, 3.5 ], "rotation": 90 },
										"east": { "texture": "#wood", "uv": [ 10.0, 3.5, 10.5, 4.0 ] },
										"south": { "texture": "#wood", "uv": [ 9.5, 0.0, 10.0, 3.5 ], "rotation": 90 },
										"up": { "texture": "#wood", "uv": [ 10.0, 0.0, 10.5, 3.5 ], "rotation": 90 },
										"down": { "texture": "#wood", "uv": [ 10.5, 0.0, 11.0, 3.5 ], "rotation": 90 }
									},
									"children": [
										{
											"name": "TinyHammerHead",
											"from": [ -0.5, -0.2, -0.4 ],
											"to": [ 0.5, 0.8, 1.1 ],
											"rotationOrigin": [ -1.0, 0.0, 0.0 ],
											"faces": {
												"north": { "texture": "#metal", "uv": [ 0.0, 4.0, 1.0, 5.0 ] },
												"east": { "texture": "#metal", "uv": [ 0.0, 5.0, 1.5, 6.0 ] },
												"south": { "texture": "#metal", "uv": [ 1.5, 5.0, 2.5, 6.0 ] },
												"west": { "texture": "#metal", "uv": [ 1.0, 4.0, 2.5, 5.0 ] },
												"up": { "texture": "#metal", "uv": [ 0.0, 6.0, 1.0, 7.5 ] },
												"down": { "texture": "#metal", "uv": [ 1.0, 6.0, 2.0, 7.5 ] }
											}
										}
									]
								},
								{
									"name": "TinyFileHead",
									"from": [ 5.0, 0.7, 1.0 ],
									"to": [ 5.3, 3.7, 1.8 ],
									"rotationOrigin": [ 5.0, 0.7, 1.0 ],
									"rotationZ": -46.0,
									"faces": {
										"north": { "texture": "#metal", "uv": [ 9.5, 3.0, 10.0, 6.0 ] },
										"east": { "texture": "#metal", "uv": [ 10.0, 3.0, 10.5, 6.0 ] },
										"south": { "texture": "#metal", "uv": [ 8.5, 3.0, 9.0, 6.0 ] },
										"west": { "texture": "#metal", "uv": [ 9.0, 3.0, 9.5, 6.0 ] },
										"up": { "texture": "#metal", "uv": [ 9.0, 6.0, 9.5, 6.5 ] },
										"down": { "texture": "#metal", "uv": [ 10.0, 6.0, 10.5, 6.5 ] }
									},
									"children": [
										{
											"name": "TinyFileHandle",
											"from": [ -0.15, 3.0, 0.1 ],
											"to": [ 0.45, 4.5, 0.7 ],
											"rotationOrigin": [ -0.15, 3.0, 0.1 ],
											"faces": {
												"north": { "texture": "#wood", "uv": [ 0.5, 2.0, 1.0, 3.5 ] },
												"east": { "texture": "#wood", "uv": [ 1.5, 2.5, 2.0, 4.0 ] },
												"south": { "texture": "#wood", "uv": [ 3.0, 3.0, 3.5, 4.5 ] },
												"west": { "texture": "#wood", "uv": [ 5.0, 4.5, 5.5, 6.0 ] },
												"up": { "texture": "#wood", "uv": [ 1.5, 4.5, 2.0, 5.0 ] },
												"down": { "texture": "#wood", "uv": [ 5.5, 5.5, 6.0, 6.0 ] }
											}
										}
									]
								}
							]
						}
					]
				},
				{
					"name": "LowerDrawersBottomPanelLeft",
					"from": [ -10.0, 2.0, -6.0 ],
					"to": [ 0.0, 3.0, 5.0 ],
					"rotationOrigin": [ -10.0, 2.0, -6.0 ],
					"faces": {
						"north": { "texture": "#wood", "uv": [ 0.0, 0.0, 10.0, 1.0 ] },
						"south": { "texture": "#wood", "uv": [ 0.0, 0.0, 10.0, 1.0 ] },
						"up": { "texture": "#wood", "uv": [ 0.0, 0.0, 10.0, 11.0 ] },
						"down": { "texture": "#wood", "uv": [ 0.0, 0.0, 10.0, 11.0 ] }
					},
					"children": [
						{
							"name": "LowerDrawersTopPanelLeft",
							"from": [ 0.0, 3.0, 0.0 ],
							"to": [ 10.0, 4.0, 11.0 ],
							"rotationOrigin": [ 0.0, 3.0, 0.0 ],
							"faces": {
								"north": { "texture": "#wood", "uv": [ 6.0, 11.0, 16.0, 12.0 ] },
								"south": { "texture": "#wood", "uv": [ 6.0, 11.0, 16.0, 12.0 ] },
								"up": { "texture": "#wood", "uv": [ 6.0, 0.0, 16.0, 11.0 ] },
								"down": { "texture": "#wood", "uv": [ 6.0, 0.0, 16.0, 11.0 ] }
							}
						},
						{
							"name": "LowerDrawersLeftPanel",
							"from": [ -1.0, 0.0, 1.0 ],
							"to": [ 0.0, 4.0, 11.0 ],
							"rotationOrigin": [ -1.0, 0.0, 1.0 ],
							"faces": {
								"east": { "texture": "#wood", "uv": [ 3.0, 0.0, 7.0, 10.0 ], "rotation": 90 },
								"west": { "texture": "#wood", "uv": [ 3.0, 0.0, 7.0, 10.0 ], "rotation": 90 },
								"up": { "texture": "#wood", "uv": [ 7.0, 0.0, 8.0, 10.0 ] },
								"down": { "texture": "#wood", "uv": [ 7.0, 0.0, 8.0, 10.0 ] }
							}
						},
						{
							"name": "LowerDrawersRightPanel",
							"from": [ 20.0, 0.0, 1.0 ],
							"to": [ 21.0, 4.0, 11.0 ],
							"rotationOrigin": [ 20.0, 0.0, 1.0 ],
							"faces": {
								"east": { "texture": "#wood", "uv": [ 7.0, 0.0, 11.0, 10.0 ], "rotation": 90 },
								"west": { "texture": "#wood", "uv": [ 7.0, 0.0, 11.0, 10.0 ], "rotation": 90 },
								"up": { "texture": "#wood", "uv": [ 11.0, 0.0, 12.0, 10.0 ] },
								"down": { "texture": "#wood", "uv": [ 11.0, 0.0, 12.0, 10.0 ] }
							}
						},
						{
							"name": "LowerDrawersBackPanelLeft",
							"from": [ 0.0, 1.0, 0.0 ],
							"to": [ 10.0, 3.0, 1.0 ],
							"rotationOrigin": [ 0.0, 1.0, 0.0 ],
							"faces": {
								"north": { "texture": "#secondarywood", "uv": [ 6.0, 14.0, 16.0, 16.0 ] }
							}
						},
						{
							"name": "LowerDrawersFrontLeftDrawer",
							"from": [ 0.0, 1.0, 10.0 ],
							"to": [ 10.0, 3.0, 10.8 ],
							"rotationOrigin": [ 0.0, 1.0, 10.0 ],
							"faces": {
								"south": { "texture": "#secondarywood", "uv": [ 6.0, 9.0, 16.0, 11.0 ], "windMode": [-1,-1,-1,-1] }
							}
						},
						{
							"name": "LowerDrawersFrontRightDrawer",
							"from": [ 10.0, 1.0, 10.0 ],
							"to": [ 20.0, 3.0, 10.8 ],
							"rotationOrigin": [ 10.0, 1.0, 10.0 ],
							"faces": {
								"south": { "texture": "#secondarywood", "uv": [ 0.0, 8.5, 10.0, 10.5 ] }
							}
						},
						{
							"name": "LowerDrawersLeftHandle",
							"from": [ 3.5, 1.7, 11.1 ],
							"to": [ 6.5, 2.3, 11.5 ],
							"rotationOrigin": [ 5.0, 2.0, 11.0 ],
							"faces": {
								"north": { "texture": "#metal", "uv": [ 0.0, 0.0, 3.0, 0.5 ] },
								"east": { "texture": "#metal", "uv": [ 0.0, 0.0, 0.5, 0.5 ] },
								"south": { "texture": "#metal", "uv": [ 0.0, 0.0, 3.0, 0.5 ] },
								"west": { "texture": "#metal", "uv": [ 0.0, 0.0, 0.5, 0.5 ] },
								"up": { "texture": "#metal", "uv": [ 0.0, 0.0, 3.0, 0.5 ] },
								"down": { "texture": "#metal", "uv": [ 0.0, 0.0, 3.0, 0.5 ] }
							},
							"children": [
								{
									"name": "LowerDrawersLeftHandleLSide",
									"from": [ 0.0, 0.0, -0.6 ],
									"to": [ 0.4, 0.6, 0.0 ],
									"rotationOrigin": [ 1.5, 0.3, -0.5 ],
									"faces": {
										"east": { "texture": "#metal", "uv": [ 0.0, 0.0, 0.5, 0.5 ] },
										"west": { "texture": "#metal", "uv": [ 0.0, 0.0, 0.5, 0.5 ] },
										"up": { "texture": "#metal", "uv": [ 0.0, 0.0, 0.5, 0.5 ] },
										"down": { "texture": "#metal", "uv": [ 0.0, 0.0, 0.5, 0.5 ] }
									}
								},
								{
									"name": "LowerDrawersLeftHandleRSide",
									"from": [ 2.6, 0.0, -0.6 ],
									"to": [ 3.0, 0.6, 0.0 ],
									"rotationOrigin": [ 1.5, 0.3, -0.5 ],
									"faces": {
										"east": { "texture": "#metal", "uv": [ 0.0, 0.0, 0.5, 0.5 ] },
										"west": { "texture": "#metal", "uv": [ 0.0, 0.0, 0.5, 0.5 ] },
										"up": { "texture": "#metal", "uv": [ 0.0, 0.0, 0.5, 0.5 ] },
										"down": { "texture": "#metal", "uv": [ 0.0, 0.0, 0.5, 0.5 ] }
									}
								}
							]
						},
						{
							"name": "LowerDrawersRightHandle",
							"from": [ 13.5, 1.7, 11.1 ],
							"to": [ 16.5, 2.3, 11.5 ],
							"rotationOrigin": [ 15.0, 2.0, 11.0 ],
							"faces": {
								"north": { "texture": "#metal", "uv": [ 0.0, 0.0, 3.0, 0.5 ] },
								"east": { "texture": "#metal", "uv": [ 0.0, 0.0, 0.5, 0.5 ] },
								"south": { "texture": "#metal", "uv": [ 0.0, 0.0, 3.0, 0.5 ] },
								"west": { "texture": "#metal", "uv": [ 0.0, 0.0, 0.5, 0.5 ] },
								"up": { "texture": "#metal", "uv": [ 0.0, 0.0, 3.0, 0.5 ] },
								"down": { "texture": "#metal", "uv": [ 0.0, 0.0, 3.0, 0.5 ] }
							},
							"children": [
								{
									"name": "LowerDrawersRightHandleLSide",
									"from": [ 0.0, 0.0, -0.6 ],
									"to": [ 0.4, 0.6, 0.0 ],
									"rotationOrigin": [ 1.5, 0.3, -0.5 ],
									"faces": {
										"east": { "texture": "#metal", "uv": [ 0.0, 0.0, 0.5, 0.5 ] },
										"west": { "texture": "#metal", "uv": [ 0.0, 0.0, 0.5, 0.5 ] },
										"up": { "texture": "#metal", "uv": [ 0.0, 0.0, 0.5, 0.5 ] },
										"down": { "texture": "#metal", "uv": [ 0.0, 0.0, 0.5, 0.5 ] }
									}
								},
								{
									"name": "LowerDrawersRightHandleRSide",
									"from": [ 2.6, 0.0, -0.6 ],
									"to": [ 3.0, 0.6, 0.0 ],
									"rotationOrigin": [ 1.5, 0.3, -0.5 ],
									"faces": {
										"east": { "texture": "#metal", "uv": [ 0.0, 0.0, 0.5, 0.5 ] },
										"west": { "texture": "#metal", "uv": [ 0.0, 0.0, 0.5, 0.5 ] },
										"up": { "texture": "#metal", "uv": [ 0.0, 0.0, 0.5, 0.5 ] },
										"down": { "texture": "#metal", "uv": [ 0.0, 0.0, 0.5, 0.5 ] }
									}
								}
							]
						},
						{
							"name": "LowerDrawersBottomPanelRight",
							"from": [ 10.0, 0.0, 0.0 ],
							"to": [ 20.0, 1.0, 11.0 ],
							"rotationOrigin": [ 10.0, 0.0, 0.0 ],
							"faces": {
								"north": { "texture": "#wood", "uv": [ 0.0, 0.0, 10.0, 1.0 ] },
								"south": { "texture": "#wood", "uv": [ 0.0, 0.0, 10.0, 1.0 ] },
								"up": { "texture": "#wood", "uv": [ 0.0, 0.0, 10.0, 11.0 ] },
								"down": { "texture": "#wood", "uv": [ 0.0, 0.0, 10.0, 11.0 ] }
							}
						},
						{
							"name": "LowerDrawersTopPanelRight",
							"from": [ 10.0, 3.0, 0.0 ],
							"to": [ 20.0, 4.0, 11.0 ],
							"rotationOrigin": [ 10.0, 3.0, 0.0 ],
							"faces": {
								"north": { "texture": "#wood", "uv": [ 0.0, 11.0, 10.0, 12.0 ] },
								"south": { "texture": "#wood", "uv": [ 0.0, 11.0, 10.0, 12.0 ] },
								"up": { "texture": "#wood", "uv": [ 0.0, 0.0, 10.0, 11.0 ] },
								"down": { "texture": "#wood", "uv": [ 0.0, 0.0, 10.0, 11.0 ] }
							}
						},
						{
							"name": "LowerDrawersBackPanelRight",
							"from": [ 10.0, 1.0, 0.0 ],
							"to": [ 20.0, 3.0, 1.0 ],
							"rotationOrigin": [ 10.0, 1.0, 0.0 ],
							"faces": {
								"north": { "texture": "#secondarywood", "uv": [ 0.0, 14.0, 10.0, 16.0 ] }
							}
						}
					]
				},
				{
					"name": "LeftSidePanel",
					"from": [ -13.0, 9.0, -5.0 ],
					"to": [ -12.0, 14.5, 5.0 ],
					"rotationOrigin": [ -13.0, 9.0, -5.0 ],
					"faces": {
						"east": { "texture": "#wood", "uv": [ 6.0, 0.0, 16.0, 5.5 ] },
						"west": { "texture": "#wood", "uv": [ 6.0, 5.5, 16.0, 11.0 ] },
						"down": { "texture": "#wood", "uv": [ 6.0, 11.0, 16.0, 12.0 ], "rotation": 90 }
					}
				},
				{
					"name": "RightSidePanel",
					"from": [ 12.0, 9.0, -5.0 ],
					"to": [ 13.0, 14.5, 5.0 ],
					"rotationOrigin": [ 12.0, 9.0, -5.0 ],
					"faces": {
						"east": { "texture": "#wood", "uv": [ 0.0, 10.5, 10.0, 16.0 ] },
						"west": { "texture": "#wood", "uv": [ 0.0, 5.0, 10.0, 10.5 ] },
						"down": { "texture": "#wood", "uv": [ 0.0, 4.0, 10.0, 5.0 ], "rotation": 90 }
					}
				},
				{
					"name": "WorkSurfaceLeft",
					"from": [ -10.0, 13.0, -6.0 ],
					"to": [ 0.0, 16.0, 6.0 ],
					"rotationOrigin": [ -10.0, 13.0, -6.0 ],
					"faces": {
						"north": { "texture": "#wood", "uv": [ 7.0, 6.0, 10.0, 16.0 ], "rotation": 90 },
						"south": { "texture": "#wood", "uv": [ 10.0, 0.0, 13.0, 10.0 ], "rotation": 90 },
						"up": { "texture": "#wood", "uv": [ 2.0, 0.0, 14.0, 10.0 ], "rotation": 90 },
						"down": { "texture": "#wood", "uv": [ 2.0, 6.0, 14.0, 16.0 ], "rotation": 90 }
					},
					"children": [
						{
							"name": "WorkSurfaceLeftSegment",
							"from": [ -2.0, 0.0, 1.0 ],
							"to": [ 0.0, 3.0, 11.0 ],
							"rotationOrigin": [ -2.0, 0.0, 1.0 ],
							"faces": {
								"up": { "texture": "#wood", "uv": [ 1.0, 3.0, 11.0, 5.0 ], "rotation": 90 },
								"down": { "texture": "#wood", "uv": [ 2.0, 3.0, 12.0, 5.0 ], "rotation": 90 }
							}
						},
						{
							"name": "WorkSurfaceRightSegment",
							"from": [ 20.0, 0.0, 1.0 ],
							"to": [ 22.0, 3.0, 11.0 ],
							"rotationOrigin": [ 20.0, 0.0, 1.0 ],
							"faces": {
								"up": { "texture": "#wood", "uv": [ 0.5, 5.5, 10.5, 7.5 ], "rotation": 270 },
								"down": { "texture": "#wood", "uv": [ 2.0, 3.5, 12.0, 5.5 ], "rotation": 90 }
							}
						},
						{
							"name": "WorkSurfaceLeftOverhang",
							"from": [ -6.0, 1.5, 1.0 ],
							"to": [ -2.0, 3.0, 11.0 ],
							"rotationOrigin": [ -6.0, 1.5, 1.0 ],
							"faces": {
								"north": { "texture": "#wood", "uv": [ 0.0, 0.0, 1.5, 4.0 ], "rotation": 90 },
								"south": { "texture": "#wood", "uv": [ 0.0, 0.0, 1.5, 4.0 ], "rotation": 90 },
								"up": { "texture": "#wood", "uv": [ 6.0, 1.5, 16.0, 5.5 ], "rotation": 90 },
								"down": { "texture": "#wood", "uv": [ 0.0, 0.0, 10.0, 4.0 ], "rotation": 90 }
							}
						},
						{
							"name": "WorkSurfaceRightOverhang",
							"from": [ 22.0, 1.5, 1.0 ],
							"to": [ 28.0, 3.0, 11.0 ],
							"rotationOrigin": [ 22.0, 1.5, 1.0 ],
							"faces": {
								"north": { "texture": "#wood", "uv": [ 4.5, 0.0, 6.0, 6.0 ], "rotation": 90 },
								"east": { "texture": "#wood", "uv": [ 6.0, 14.5, 16.0, 16.0 ], "rotation": 180 },
								"south": { "texture": "#wood", "uv": [ 4.5, 6.0, 6.0, 12.0 ], "rotation": 90 },
								"up": { "texture": "#wood", "uv": [ 6.0, 0.0, 16.0, 6.0 ], "rotation": 90 },
								"down": { "texture": "#wood", "uv": [ 6.0, 6.0, 16.0, 12.0 ], "rotation": 90 }
							}
						},
						{
							"name": "WorkSurfaceLeftBracing",
							"from": [ -7.0, -0.5, -1.0 ],
							"to": [ -6.0, 3.0, 12.5 ],
							"rotationOrigin": [ -7.0, -0.5, -1.0 ],
							"faces": {
								"north": { "texture": "#wood", "uv": [ 13.5, 3.5, 14.5, 7.0 ] },
								"east": { "texture": "#wood", "uv": [ 0.0, 0.0, 13.5, 3.5 ] },
								"south": { "texture": "#wood", "uv": [ 13.5, 0.0, 14.5, 3.5 ] },
								"west": { "texture": "#wood", "uv": [ 0.0, 4.5, 13.5, 8.0 ] },
								"up": { "texture": "#wood", "uv": [ 0.0, 3.5, 13.5, 4.5 ], "rotation": 90 },
								"down": { "texture": "#wood", "uv": [ 0.0, 8.0, 13.5, 9.0 ], "rotation": 90 }
							}
						},
						{
							"name": "WorkSurfaceRight",
							"from": [ 10.0, 0.0, 0.0 ],
							"to": [ 20.0, 3.0, 12.0 ],
							"rotationOrigin": [ 10.0, 0.0, 0.0 ],
							"faces": {
								"north": { "texture": "#wood", "uv": [ 13.0, 6.0, 16.0, 16.0 ], "rotation": 90 },
								"south": { "texture": "#wood", "uv": [ 13.0, 0.0, 16.0, 10.0 ], "rotation": 90 },
								"up": { "texture": "#wood", "uv": [ 0.0, 0.0, 12.0, 10.0 ], "rotation": 90 },
								"down": { "texture": "#wood", "uv": [ 0.0, 6.0, 12.0, 16.0 ], "rotation": 90 }
							}
						},
						{
							"name": "ReforgeMat",
							"from": [ 19.0, 3.01, 5.5 ],
							"to": [ 27.0, 3.01, 10.0 ],
							"rotationOrigin": [ 19.0, 3.0, 5.5 ],
							"faces": {
								"up": { "texture": "#reforgemat", "uv": [ 0.0, 0.0, 8.0, 4.5 ], "windMode": [-1,-1,-1,-1], "windData": [1,1,1,1] }
							}
						},
						{
							"name": "CraftingMat",
							"from": [ -1.0, 3.01, 1.0 ],
							"to": [ 18.0, 3.01, 11.5 ],
							"rotationOrigin": [ -1.0, 3.0, 1.0 ],
							"faces": {
								"up": { "texture": "#craftmat", "uv": [ 0.0, 0.0, 9.5, 10.5 ], "autoUv": false, "windMode": [-1,-1,-1,-1], "windData": [1,1,1,1] }
							}
						}
					]
				}
			]
		}
	]}