﻿[
 {
   file: "game:recipes/barrel/wildcraftfruit/fastvinegar.json",
    "side": "server",
    op: "addmerge", 
    path: "/enabled", 
    value: "false",
    dependsOn: [{ "modid": "wildcraftfruit", "invert": true }]
 },
 {
   file: "game:recipes/barrel/wildcraftfruit/fruitvinegar.json",
    "side": "server",
    op: "addmerge", 
    path: "/enabled", 
    value: "false",
    dependsOn: [{ "modid": "wildcraftfruit", "invert": true }]
 },
 {
   file: "game:recipes/barrel/wildcraftfruit/winevinegar.json",
    "side": "server",
    op: "addmerge", 
    path: "/0/enabled", 
    value: "false",
    dependsOn: [{ "modid": "wildcraftfruit", "invert": true }]
 },
 {
   file: "game:recipes/barrel/wildcraftfruit/winevinegar.json",
    "side": "server",
    op: "addmerge", 
    path: "/1/enabled", 
    value: "false",
    dependsOn: [{ "modid": "wildcraftfruit", "invert": true }]
 },
 {
   file: "game:recipes/barrel/wildcraftfruit/winevinegar.json",
    "side": "server",
    op: "addmerge", 
    path: "/2/enabled", 
    value: "false",
    dependsOn: [{ "modid": "wildcraftfruit", "invert": true }]
 },
 {
   file: "game:recipes/barrel/wildcraftfruit/winevinegar.json",
    "side": "server",
    op: "addmerge", 
    path: "/3/enabled", 
    value: "false",
    dependsOn: [{ "modid": "wildcraftfruit", "invert": true }]
 },
 {
   file: "game:recipes/barrel/wildcraftfruit/winevinegar.json",
    "side": "server",
    op: "addmerge", 
    path: "/4/enabled", 
    value: "false",
    dependsOn: [{ "modid": "wildcraftfruit", "invert": true }]
 },
 {
   file: "game:recipes/barrel/wildcraftfruit/winevinegar.json",
    "side": "server",
    op: "addmerge", 
    path: "/5/enabled", 
    value: "false",
    dependsOn: [{ "modid": "wildcraftfruit", "invert": true }]
 },
 {
   file: "game:recipes/barrel/wildcraftfruit/yeastwater.json",
    "side": "server",
    op: "addmerge", 
    path: "/enabled", 
    value: "false",
    dependsOn: [{ "modid": "wildcraftfruit", "invert": true }]
 },
 {
   file: "game:recipes/barrel/wildcraftfruit/yogurtstarter.json",
    "side": "server",
    op: "addmerge", 
    path: "/enabled", 
    value: "false",
    dependsOn: [{ "modid": "wildcraftfruit", "invert": true }]
 },
]