﻿[
 {
   file: "expandedfoods:recipes/kneading/breadedballsyrup.json",
    "side": "server",
    op: "addmerge", 
    path: "/0/ingredients/0/inputs/-", 
    value: { type: "item", code: "expandedfoods:wildfruitsyrupportion-*",  quantity: 10 },
    dependsOn: [{ "modid": "wildcraftfruit" }]
 },
 {
   file: "expandedfoods:recipes/kneading/breadedballsyrup.json",
    "side": "server",
    op: "addmerge", 
    path: "/1/ingredients/0/inputs/-", 
    value: { type: "item", code: "expandedfoods:wildfruitsyrupportion-*",  quantity: 10 },
    dependsOn: [{ "modid": "wildcraftfruit" }]
 },
 {
   file: "expandedfoods:recipes/kneading/breadedballsyrup.json",
    "side": "server",
    op: "addmerge", 
    path: "/2/ingredients/0/inputs/-", 
    value: { type: "item", code: "expandedfoods:wildfruitsyrupportion-*",  quantity: 10 },
    dependsOn: [{ "modid": "wildcraftfruit" }]
 },
]