﻿[
 {
   file: "expandedfoods:recipes/kneading/fruitbar.json",
    "side": "server",
    op: "addeach", 
    path: "/0/ingredients/1/inputs/-", 
    value: [{ type: "item", code: "wildcraftfruit:fruit-*",  quantity: 1 }, { type: "item", code: "wildcraftfruit:nut-sumac", quantity: 1 }, { type: "item", code: "wildcraftfruit:nut-juniper", quantity: 1 }, { type: "item", code: "expandedfoods:wilddryfruit-*",  quantity: 1 }, { type: "item", code: "expandedfoods:wilddehydratedfruit-*",  quantity: 1 }, { type: "item", code: "expandedfoods:wildcandiedfruit-*",  quantity: 1 }],
    dependsOn: [{ "modid": "wildcraftfruit" }]
 },
 {
   file: "expandedfoods:recipes/kneading/fruitbar.json",
    "side": "server",
    op: "addeach", 
    path: "/1/ingredients/1/inputs/-", 
    value: [{ type: "item", code: "wildcraftfruit:fruit-*",  quantity: 1 }, { type: "item", code: "wildcraftfruit:nut-sumac", quantity: 1 }, { type: "item", code: "wildcraftfruit:nut-juniper", quantity: 1 }, { type: "item", code: "expandedfoods:wilddryfruit-*",  quantity: 1 }, { type: "item", code: "expandedfoods:wilddehydratedfruit-*",  quantity: 1 }, { type: "item", code: "expandedfoods:wildcandiedfruit-*",  quantity: 1 }],
    dependsOn: [{ "modid": "wildcraftfruit" }]
 },
 {
   file: "expandedfoods:recipes/kneading/fruitbar.json",
    "side": "server",
    op: "addeach", 
    path: "/0/ingredients/2/inputs/-", 
    value: [{ type: "item", code: "expandedfoods:gelatin-*", allowedVariants: ["achacha", "apricot", "beautyberry", "beachalmond", "bitternightshade", "blacknightshade", "blacknightshadeunripe", "blueraspberry", "bluetongue", "brambleberry", "bunchberry", "bushlawyer", "cashewapple", "cheeseberry", "cherryplum", "citron", "cloudberry", "cocoa", "coralbead", "creepingpine", "crowberry", "crowseye", "dogrose", "elderberry", "engkala", "falseorange", "falsestrawberry", "feijoa", "fig", "fingerlime", "flaxlily", "foxgrape", "fractureberry", "gardenstrawberry", "gooseberry", "guajava", "hawthorn", "honeypots", "honeysuckle", "huckleberry", "husktomato", "illawarra", "jujube", "juniper", "kakaha", "kawakawa", "knyazberry", "kumquat", "lemonaspen", "lillypillypink", "lingonberry", "loquat", "midyimberry", "mingimingi", "munthari", "naranjilla", "numnum", "pandanbits", "pilo", "pineheath", "pittedbeachalmond", "pittedchinaberry", "pokeberry", "pomelo", "pricklyheath", "purpleplum", "quince", "raspberry", "redgrape", "redquandong", "roseapple", "rowanberry", "rubysaltbush", "sallowthorn", "seamango", "silvernettle", "snowberry", "spindle", "strawberry", "sumac", "turkscap", "ugni", "virgingrape", "whitegrape", "wolfberry"], quantity: 1 },],
    dependsOn: [{ "modid": "wildcraftfruit" }]
 },
 {
   file: "expandedfoods:recipes/kneading/fruitbar.json",
    "side": "server",
    op: "addeach", 
    path: "/1/ingredients/2/inputs/-", 
    value: [{ type: "item", code: "expandedfoods:gelatin-*", allowedVariants: ["achacha", "apricot", "beautyberry", "beachalmond", "bitternightshade", "blacknightshade", "blacknightshadeunripe", "blueraspberry", "bluetongue", "brambleberry", "bunchberry", "bushlawyer", "cashewapple", "cheeseberry", "cherryplum", "citron", "cloudberry", "cocoa", "coralbead", "creepingpine", "crowberry", "crowseye", "dogrose", "elderberry", "engkala", "falseorange", "falsestrawberry", "feijoa", "fig", "fingerlime", "flaxlily", "foxgrape", "fractureberry", "gardenstrawberry", "gooseberry", "guajava", "hawthorn", "honeypots", "honeysuckle", "huckleberry", "husktomato", "illawarra", "jujube", "juniper", "kakaha", "kawakawa", "knyazberry", "kumquat", "lemonaspen", "lillypillypink", "lingonberry", "loquat", "midyimberry", "mingimingi", "munthari", "naranjilla", "numnum", "pandanbits", "pilo", "pineheath", "pittedbeachalmond", "pittedchinaberry", "pokeberry", "pomelo", "pricklyheath", "purpleplum", "quince", "raspberry", "redgrape", "redquandong", "roseapple", "rowanberry", "rubysaltbush", "sallowthorn", "seamango", "silvernettle", "snowberry", "spindle", "strawberry", "sumac", "turkscap", "ugni", "virgingrape", "whitegrape", "wolfberry"], quantity: 1 },],
    dependsOn: [{ "modid": "wildcraftfruit" }]
 },
 {
   file: "expandedfoods:recipes/kneading/fruitbar.json",
    "side": "server",
    op: "addmerge", 
    path: "/0/ingredients/3/inputs/-", 
    value: { type: "item", code: "expandedfoods:wildfruitsyrupportion-*",  quantity: 10 },
    dependsOn: [{ "modid": "wildcraftfruit" }]
 },
 {
   file: "expandedfoods:recipes/kneading/fruitbar.json",
    "side": "server",
    op: "addmerge", 
    path: "/1/ingredients/3/inputs/-", 
    value: { type: "item", code: "expandedfoods:wildfruitsyrupportion-*",  quantity: 10 },
    dependsOn: [{ "modid": "wildcraftfruit" }]
 },
]