﻿[
 {
   file: "expandedfoods:recipes/kneading/stuffedpepper.json",
    "side": "server",
    op: "addeach", 
    path: "/0/ingredients/1/inputs/-", 
    value: [{ type: "item", code: "expandedfoods:wilddryfruit-*",  quantity: 1 }, { type: "item", code: "expandedfoods:wilddehydratedfruit-*",  quantity: 1 },],
    dependsOn: [{ "modid": "wildcraftfruit" }]
 },
 {
   file: "expandedfoods:recipes/kneading/stuffedpepper.json",
    "side": "server",
    op: "addeach", 
    path: "/1/ingredients/1/inputs/-", 
    value: [{ type: "item", code: "expandedfoods:wilddryfruit-*",  quantity: 1 }, { type: "item", code: "expandedfoods:wilddehydratedfruit-*",  quantity: 1 },],
    dependsOn: [{ "modid": "wildcraftfruit" }]
 },
 {
   file: "expandedfoods:recipes/kneading/stuffedpepper.json",
    "side": "server",
    op: "addeach", 
    path: "/1/ingredients/2/inputs/-", 
    value: [{ type: "item", code: "expandedfoods:wilddryfruit-*",  quantity: 1 }, { type: "item", code: "expandedfoods:wilddehydratedfruit-*",  quantity: 1 },],
    dependsOn: [{ "modid": "wildcraftfruit" }]
 },
 {
   file: "expandedfoods:recipes/kneading/stuffedpepper.json",
    "side": "server",
    op: "addeach", 
    path: "/2/ingredients/1/inputs/-", 
    value: [{ type: "item", code: "expandedfoods:wilddryfruit-*",  quantity: 1 }, { type: "item", code: "expandedfoods:wilddehydratedfruit-*",  quantity: 1 },],
    dependsOn: [{ "modid": "wildcraftfruit" }]
 },
 {
   file: "expandedfoods:recipes/kneading/stuffedpepper.json",
    "side": "server",
    op: "addeach", 
    path: "/2/ingredients/2/inputs/-", 
    value: [{ type: "item", code: "expandedfoods:wilddryfruit-*",  quantity: 1 }, { type: "item", code: "expandedfoods:wilddehydratedfruit-*",  quantity: 1 },],
    dependsOn: [{ "modid": "wildcraftfruit" }]
 },
 {
   file: "expandedfoods:recipes/kneading/stuffedpepper.json",
    "side": "server",
    op: "addeach", 
    path: "/2/ingredients/3/inputs/-", 
    value: [{ type: "item", code: "expandedfoods:wilddryfruit-*",  quantity: 1 }, { type: "item", code: "expandedfoods:wilddehydratedfruit-*",  quantity: 1 },],
    dependsOn: [{ "modid": "wildcraftfruit" }]
 },
 {
   file: "expandedfoods:recipes/kneading/stuffedpepper.json",
    "side": "server",
    op: "addeach", 
    path: "/3/ingredients/1/inputs/-", 
    value: [{ type: "item", code: "expandedfoods:wilddryfruit-*",  quantity: 1 }, { type: "item", code: "expandedfoods:wilddehydratedfruit-*",  quantity: 1 },],
    dependsOn: [{ "modid": "wildcraftfruit" }]
 },
 {
   file: "expandedfoods:recipes/kneading/stuffedpepper.json",
    "side": "server",
    op: "addeach", 
    path: "/4/ingredients/1/inputs/-", 
    value: [{ type: "item", code: "expandedfoods:wilddryfruit-*",  quantity: 1 }, { type: "item", code: "expandedfoods:wilddehydratedfruit-*",  quantity: 1 },],
    dependsOn: [{ "modid": "wildcraftfruit" }]
 },
 {
   file: "expandedfoods:recipes/kneading/stuffedpepper.json",
    "side": "server",
    op: "addeach", 
    path: "/4/ingredients/2/inputs/-", 
    value: [{ type: "item", code: "expandedfoods:wilddryfruit-*",  quantity: 1 }, { type: "item", code: "expandedfoods:wilddehydratedfruit-*",  quantity: 1 },],
    dependsOn: [{ "modid": "wildcraftfruit" }]
 },
 {
   file: "expandedfoods:recipes/kneading/stuffedpepper.json",
    "side": "server",
    op: "addeach", 
    path: "/5/ingredients/1/inputs/-", 
    value: [{ type: "item", code: "expandedfoods:wilddryfruit-*",  quantity: 1 }, { type: "item", code: "expandedfoods:wilddehydratedfruit-*",  quantity: 1 },],
    dependsOn: [{ "modid": "wildcraftfruit" }]
 },
 {
   file: "expandedfoods:recipes/kneading/stuffedpepper.json",
    "side": "server",
    op: "addeach", 
    path: "/6/ingredients/1/inputs/-", 
    value: [{ type: "item", code: "expandedfoods:wilddryfruit-*",  quantity: 1 }, { type: "item", code: "expandedfoods:wilddehydratedfruit-*",  quantity: 1 },],
    dependsOn: [{ "modid": "wildcraftfruit" }]
 },
 {
   file: "expandedfoods:recipes/kneading/stuffedpepper.json",
    "side": "server",
    op: "addeach", 
    path: "/6/ingredients/2/inputs/-", 
    value: [{ type: "item", code: "expandedfoods:wilddryfruit-*",  quantity: 1 }, { type: "item", code: "expandedfoods:wilddehydratedfruit-*",  quantity: 1 },],
    dependsOn: [{ "modid": "wildcraftfruit" }]
 },
 {
   file: "expandedfoods:recipes/kneading/stuffedpepper.json",
    "side": "server",
    op: "addeach", 
    path: "/7/ingredients/1/inputs/-", 
    value: [{ type: "item", code: "expandedfoods:wilddryfruit-*",  quantity: 1 }, { type: "item", code: "expandedfoods:wilddehydratedfruit-*",  quantity: 1 },],
    dependsOn: [{ "modid": "wildcraftfruit" }]
 },
 {
   file: "expandedfoods:recipes/kneading/stuffedpepper.json",
    "side": "server",
    op: "addeach", 
    path: "/7/ingredients/2/inputs/-", 
    value: [{ type: "item", code: "expandedfoods:wilddryfruit-*",  quantity: 1 }, { type: "item", code: "expandedfoods:wilddehydratedfruit-*",  quantity: 1 },],
    dependsOn: [{ "modid": "wildcraftfruit" }]
 },
 {
   file: "expandedfoods:recipes/kneading/stuffedpepper.json",
    "side": "server",
    op: "addeach", 
    path: "/7/ingredients/3/inputs/-", 
    value: [{ type: "item", code: "expandedfoods:wilddryfruit-*",  quantity: 1 }, { type: "item", code: "expandedfoods:wilddehydratedfruit-*",  quantity: 1 },],
    dependsOn: [{ "modid": "wildcraftfruit" }]
 },
 {
   file: "expandedfoods:recipes/kneading/stuffedpepper.json",
    "side": "server",
    op: "addeach", 
    path: "/8/ingredients/1/inputs/-", 
    value: [{ type: "item", code: "expandedfoods:wilddryfruit-*",  quantity: 1 }, { type: "item", code: "expandedfoods:wilddehydratedfruit-*",  quantity: 1 },],
    dependsOn: [{ "modid": "wildcraftfruit" }]
 },
{
   file: "expandedfoods:recipes/kneading/stuffedpepper.json",
    "side": "server",
    op: "addmerge", 
    path: "/3/ingredients/2/inputs/-", 
    value: { type: "item", code: "expandedfoods:wildfruitsyrupportion-*",  quantity: 10 },
    dependsOn: [{ "modid": "wildcraftfruit" }]
 },
 {
   file: "expandedfoods:recipes/kneading/stuffedpepper.json",
    "side": "server",
    op: "addmerge", 
    path: "/4/ingredients/3/inputs/-", 
    value: { type: "item", code: "expandedfoods:wildfruitsyrupportion-*",  quantity: 10 },
    dependsOn: [{ "modid": "wildcraftfruit" }]
 },
 {
   file: "expandedfoods:recipes/kneading/stuffedpepper.json",
    "side": "server",
    op: "addmerge", 
    path: "/8/ingredients/2/inputs/-", 
    value: { type: "item", code: "expandedfoods:wildfruitsyrupportion-*",  quantity: 10 },
    dependsOn: [{ "modid": "wildcraftfruit" }]
 },
]