﻿[
 {
   file: "expandedfoods:recipes/kneading/trailmix.json",
    "side": "server",
    op: "addeach", 
    path: "/0/ingredients/2/inputs/-", 
    value: [{ type: "item", code: "expandedfoods:wilddryfruit-*",  quantity: 3 }, { type: "item", code: "expandedfoods:wilddehydratedfruit-*",  quantity: 3 }, { type: "item", code: "wildcraftfruit:nut-*", "allowedVariants": [ "sumac", "juniper"],  quantity: 3 }],
    dependsOn: [{ "modid": "wildcraftfruit" }]
 },
 {
   file: "expandedfoods:recipes/kneading/trailmix.json",
    "side": "server",
    op: "addeach", 
    path: "/1/ingredients/2/inputs/-", 
    value: [{ type: "item", code: "expandedfoods:wilddryfruit-*",  quantity: 3 }, { type: "item", code: "expandedfoods:wilddehydratedfruit-*",  quantity: 3 }, { type: "item", code: "wildcraftfruit:nut-*", "allowedVariants": [ "sumac", "juniper"],  quantity: 3 }],
    dependsOn: [{ "modid": "wildcraftfruit" }]
 },
 {
   file: "expandedfoods:recipes/kneading/trailmix.json",
    "side": "server",
    op: "addeach", 
    path: "/2/ingredients/2/inputs/-", 
    value: [{ type: "item", code: "expandedfoods:wilddryfruit-*",  quantity: 3 }, { type: "item", code: "expandedfoods:wilddehydratedfruit-*",  quantity: 3 }, { type: "item", code: "wildcraftfruit:nut-*", "allowedVariants": [ "sumac", "juniper"],  quantity: 3 }],
    dependsOn: [{ "modid": "wildcraftfruit" }]
 },
 {
   file: "expandedfoods:recipes/kneading/trailmix.json",
    "side": "server",
    op: "addeach", 
    path: "/3/ingredients/2/inputs/-", 
    value: [{ type: "item", code: "expandedfoods:wilddryfruit-*",  quantity: 3 }, { type: "item", code: "expandedfoods:wilddehydratedfruit-*",  quantity: 3 }, { type: "item", code: "wildcraftfruit:nut-*", "allowedVariants": [ "sumac", "juniper"],  quantity: 3 }],
    dependsOn: [{ "modid": "wildcraftfruit" }]
 },
 {
   file: "expandedfoods:recipes/kneading/trailmix.json",
    "side": "server",
    op: "addeach", 
    path: "/4/ingredients/2/inputs/-", 
    value: [{ type: "item", code: "expandedfoods:wilddryfruit-*",  quantity: 3 }, { type: "item", code: "expandedfoods:wilddehydratedfruit-*",  quantity: 3 }, { type: "item", code: "wildcraftfruit:nut-*", "allowedVariants": [ "sumac", "juniper"],  quantity: 3 }],
    dependsOn: [{ "modid": "wildcraftfruit" }]
 },
 {
   file: "expandedfoods:recipes/kneading/trailmix.json",
    "side": "server",
    op: "addeach", 
    path: "/5/ingredients/2/inputs/-", 
    value: [{ type: "item", code: "expandedfoods:wilddryfruit-*",  quantity: 3 }, { type: "item", code: "expandedfoods:wilddehydratedfruit-*",  quantity: 3 }, { type: "item", code: "wildcraftfruit:nut-*", "allowedVariants": [ "sumac", "juniper"],  quantity: 3 }],
    dependsOn: [{ "modid": "wildcraftfruit" }]
 },
 {
   file: "expandedfoods:recipes/kneading/trailmix.json",
    "side": "server",
    op: "addeach", 
    path: "/6/ingredients/2/inputs/-", 
    value: [{ type: "item", code: "expandedfoods:wilddryfruit-*",  quantity: 3 }, { type: "item", code: "expandedfoods:wilddehydratedfruit-*",  quantity: 3 }, { type: "item", code: "wildcraftfruit:nut-*", "allowedVariants": [ "sumac", "juniper"],  quantity: 3 }],
    dependsOn: [{ "modid": "wildcraftfruit" }]
 },
 {
   file: "expandedfoods:recipes/kneading/trailmix.json",
    "side": "server",
    op: "addeach", 
    path: "/6/ingredients/4/inputs/-", 
    value: [{ type: "item", code: "expandedfoods:wilddryfruit-*",  quantity: 3 }, { type: "item", code: "expandedfoods:wilddehydratedfruit-*",  quantity: 3 }, { type: "item", code: "wildcraftfruit:nut-*", "allowedVariants": [ "sumac", "juniper"],  quantity: 3 }],
    dependsOn: [{ "modid": "wildcraftfruit" }]
 },
 {
   file: "expandedfoods:recipes/kneading/trailmix.json",
    "side": "server",
    op: "addeach", 
    path: "/6/ingredients/5/inputs/-", 
    value: [{ type: "item", code: "expandedfoods:wilddryfruit-*",  quantity: 3 }, { type: "item", code: "expandedfoods:wilddehydratedfruit-*",  quantity: 3 }, { type: "item", code: "wildcraftfruit:nut-*", "allowedVariants": [ "sumac", "juniper"],  quantity: 3 }],
    dependsOn: [{ "modid": "wildcraftfruit" }]
 },
 {
   file: "expandedfoods:recipes/kneading/trailmix.json",
    "side": "server",
    op: "addeach", 
    path: "/7/ingredients/2/inputs/-", 
    value: [{ type: "item", code: "expandedfoods:wilddryfruit-*",  quantity: 3 }, { type: "item", code: "expandedfoods:wilddehydratedfruit-*",  quantity: 3 }, { type: "item", code: "wildcraftfruit:nut-*", "allowedVariants": [ "sumac", "juniper"],  quantity: 3 }],
    dependsOn: [{ "modid": "wildcraftfruit" }]
 },
 {
   file: "expandedfoods:recipes/kneading/trailmix.json",
    "side": "server",
    op: "addeach", 
    path: "/7/ingredients/4/inputs/-", 
    value: [{ type: "item", code: "expandedfoods:wilddryfruit-*",  quantity: 3 }, { type: "item", code: "expandedfoods:wilddehydratedfruit-*",  quantity: 3 }, { type: "item", code: "wildcraftfruit:nut-*", "allowedVariants": [ "sumac", "juniper"],  quantity: 3 }],
    dependsOn: [{ "modid": "wildcraftfruit" }]
 },
 {
   file: "expandedfoods:recipes/kneading/trailmix.json",
    "side": "server",
    op: "addeach", 
    path: "/0/ingredients/0/inputs/-", 
    value: [{ type: "item", code: "wildcraftfruit:nut-*", "allowedVariants": ["pinenut", "bunya", "macadamiashelled", "cherrypit", "almond", "apricotpit", "breadnut", "breadnutbaked", "commonhackberry", "sugarhackberry", "deserthackberry", "hackberrypit", "acornshelled", "acornleached", "chestnut", "chestnutbaked", "hazelnut", "pumpkinseed", "bluequandong", "beachalmond", "cashewnut", "pistachioberry", "pistachionut", "oldmansaltbush"],  quantity: 1 }],
    dependsOn: [{ "modid": "wildcraftfruit" }]
 },
 {
   file: "expandedfoods:recipes/kneading/trailmix.json",
    "side": "server",
    op: "addeach", 
    path: "/1/ingredients/0/inputs/-", 
    value: [{ type: "item", code: "wildcraftfruit:nut-*", "allowedVariants": ["pinenut", "bunya", "macadamiashelled", "cherrypit", "almond", "apricotpit", "breadnut", "breadnutbaked", "commonhackberry", "sugarhackberry", "deserthackberry", "hackberrypit", "acornshelled", "acornleached", "chestnut", "chestnutbaked", "hazelnut", "pumpkinseed", "bluequandong", "beachalmond", "cashewnut", "pistachioberry", "pistachionut", "oldmansaltbush"],  quantity: 1 }],
    dependsOn: [{ "modid": "wildcraftfruit" }]
 },
 {
   file: "expandedfoods:recipes/kneading/trailmix.json",
    "side": "server",
    op: "addeach", 
    path: "/2/ingredients/0/inputs/-", 
    value: [{ type: "item", code: "wildcraftfruit:nut-*", "allowedVariants": ["pinenut", "bunya", "macadamiashelled", "cherrypit", "almond", "apricotpit", "breadnut", "breadnutbaked", "commonhackberry", "sugarhackberry", "deserthackberry", "hackberrypit", "acornshelled", "acornleached", "chestnut", "chestnutbaked", "hazelnut", "pumpkinseed", "bluequandong", "beachalmond", "cashewnut", "pistachioberry", "pistachionut", "oldmansaltbush"],  quantity: 1 }],
    dependsOn: [{ "modid": "wildcraftfruit" }]
 },
 {
   file: "expandedfoods:recipes/kneading/trailmix.json",
    "side": "server",
    op: "addeach", 
    path: "/2/ingredients/4/inputs/-", 
    value: [{ type: "item", code: "wildcraftfruit:nut-*", "allowedVariants": ["pinenut", "bunya", "macadamiashelled", "cherrypit", "almond", "apricotpit", "breadnut", "breadnutbaked", "commonhackberry", "sugarhackberry", "deserthackberry", "hackberrypit", "acornshelled", "acornleached", "chestnut", "chestnutbaked", "hazelnut", "pumpkinseed", "bluequandong", "beachalmond", "cashewnut", "pistachioberry", "pistachionut", "oldmansaltbush"],  quantity: 1 }],
    dependsOn: [{ "modid": "wildcraftfruit" }]
 },
 {
   file: "expandedfoods:recipes/kneading/trailmix.json",
    "side": "server",
    op: "addeach", 
    path: "/2/ingredients/5/inputs/-", 
    value: [{ type: "item", code: "wildcraftfruit:nut-*", "allowedVariants": ["pinenut", "bunya", "macadamiashelled", "cherrypit", "almond", "apricotpit", "breadnut", "breadnutbaked", "commonhackberry", "sugarhackberry", "deserthackberry", "hackberrypit", "acornshelled", "acornleached", "chestnut", "chestnutbaked", "hazelnut", "pumpkinseed", "bluequandong", "beachalmond", "cashewnut", "pistachioberry", "pistachionut", "oldmansaltbush"],  quantity: 1 }],
    dependsOn: [{ "modid": "wildcraftfruit" }]
 },
 {
   file: "expandedfoods:recipes/kneading/trailmix.json",
    "side": "server",
    op: "addeach", 
    path: "/3/ingredients/0/inputs/-", 
    value: [{ type: "item", code: "wildcraftfruit:nut-*", "allowedVariants": ["pinenut", "bunya", "macadamiashelled", "cherrypit", "almond", "apricotpit", "breadnut", "breadnutbaked", "commonhackberry", "sugarhackberry", "deserthackberry", "hackberrypit", "acornshelled", "acornleached", "chestnut", "chestnutbaked", "hazelnut", "pumpkinseed", "bluequandong", "beachalmond", "cashewnut", "pistachioberry", "pistachionut", "oldmansaltbush"],  quantity: 1 }],
    dependsOn: [{ "modid": "wildcraftfruit" }]
 },
 {
   file: "expandedfoods:recipes/kneading/trailmix.json",
    "side": "server",
    op: "addeach", 
    path: "/3/ingredients/4/inputs/-", 
    value: [{ type: "item", code: "wildcraftfruit:nut-*", "allowedVariants": ["pinenut", "bunya", "macadamiashelled", "cherrypit", "almond", "apricotpit", "breadnut", "breadnutbaked", "commonhackberry", "sugarhackberry", "deserthackberry", "hackberrypit", "acornshelled", "acornleached", "chestnut", "chestnutbaked", "hazelnut", "pumpkinseed", "bluequandong", "beachalmond", "cashewnut", "pistachioberry", "pistachionut", "oldmansaltbush"],  quantity: 1 }],
    dependsOn: [{ "modid": "wildcraftfruit" }]
 },
 {
   file: "expandedfoods:recipes/kneading/trailmix.json",
    "side": "server",
    op: "addeach", 
    path: "/4/ingredients/0/inputs/-", 
    value: [{ type: "item", code: "wildcraftfruit:nut-*", "allowedVariants": ["pinenut", "bunya", "macadamiashelled", "cherrypit", "almond", "apricotpit", "breadnut", "breadnutbaked", "commonhackberry", "sugarhackberry", "deserthackberry", "hackberrypit", "acornshelled", "acornleached", "chestnut", "chestnutbaked", "hazelnut", "pumpkinseed", "bluequandong", "beachalmond", "cashewnut", "pistachioberry", "pistachionut", "oldmansaltbush"],  quantity: 1 }],
    dependsOn: [{ "modid": "wildcraftfruit" }]
 },
 {
   file: "expandedfoods:recipes/kneading/trailmix.json",
    "side": "server",
    op: "addeach", 
    path: "/5/ingredients/0/inputs/-", 
    value: [{ type: "item", code: "wildcraftfruit:nut-*", "allowedVariants": ["pinenut", "bunya", "macadamiashelled", "cherrypit", "almond", "apricotpit", "breadnut", "breadnutbaked", "commonhackberry", "sugarhackberry", "deserthackberry", "hackberrypit", "acornshelled", "acornleached", "chestnut", "chestnutbaked", "hazelnut", "pumpkinseed", "bluequandong", "beachalmond", "cashewnut", "pistachioberry", "pistachionut", "oldmansaltbush"],  quantity: 1 }],
    dependsOn: [{ "modid": "wildcraftfruit" }]
 },
 {
   file: "expandedfoods:recipes/kneading/trailmix.json",
    "side": "server",
    op: "addeach", 
    path: "/6/ingredients/0/inputs/-", 
    value: [{ type: "item", code: "wildcraftfruit:nut-*", "allowedVariants": ["pinenut", "bunya", "macadamiashelled", "cherrypit", "almond", "apricotpit", "breadnut", "breadnutbaked", "commonhackberry", "sugarhackberry", "deserthackberry", "hackberrypit", "acornshelled", "acornleached", "chestnut", "chestnutbaked", "hazelnut", "pumpkinseed", "bluequandong", "beachalmond", "cashewnut", "pistachioberry", "pistachionut", "oldmansaltbush"],  quantity: 1 }],
    dependsOn: [{ "modid": "wildcraftfruit" }]
 },
 {
   file: "expandedfoods:recipes/kneading/trailmix.json",
    "side": "server",
    op: "addeach", 
    path: "/7/ingredients/0/inputs/-", 
    value: [{ type: "item", code: "wildcraftfruit:nut-*", "allowedVariants": ["pinenut", "bunya", "macadamiashelled", "cherrypit", "almond", "apricotpit", "breadnut", "breadnutbaked", "commonhackberry", "sugarhackberry", "deserthackberry", "hackberrypit", "acornshelled", "acornleached", "chestnut", "chestnutbaked", "hazelnut", "pumpkinseed", "bluequandong", "beachalmond", "cashewnut", "pistachioberry", "pistachionut", "oldmansaltbush"],  quantity: 1 }],
    dependsOn: [{ "modid": "wildcraftfruit" }]
 },
]