{
   "code":"chipmunk-male",
   "class":"EntityAgent",
   "canClimb":false,
   "canClimbAnywhere":false,
   "climbTouchDistance":0.1,
   "rotateModelOnClimb":true,
   "fallDamageMultiplier":0.05,
   "hitboxSize":{
      "x":0.3,
      "y":0.3
   },
   "deadHitboxSize":{
      "x":0.4,
      "y":0.2
   },
   "eyeHeight":0.25,
   "attributes":{
      "basketCatchable":false,
      "trapChance":0.0,
      "trapDestroyChance":1.00,
      "handbook":{
         "groupcode":"thecritterpack:creaturegroup-chipmunk"
      }
   },
   "drops":[
      
   ],
   "client":{
      "renderer":"Shape",
      "shape":{
         "base":"entity/land/chipmunk/chipmunk-shape2"
      },
      "texture":{
         "base":"entity/chipmunk/both-darkbrown"
      },
      "size":1.0,
      "behaviors":[
         {
            "code":"repulseagents"
         },
         {
            "code":"controlledphysics",
            "stepHeight":1.105
         },
         {
            "code":"floatupwhenstuck",
            "onlyWhenDead":true
         },
         {
            "code":"interpolateposition"
         },
         {
            "code":"harvestable"
         }
      ],
      "animations":[
         {
            "code":"hurt",
            "animation":"hurt",
            "animationSpeed":2.2,
            "weight":10,
            "blendMode":"AddAverage"
         },
         {
            "code":"die",
            "animation":"death",
            "animationSpeed":1.25,
            "weight":10,
            "blendMode":"Average",
            "triggeredBy":{
               "onControls":[
                  "dead"
               ]
            }
         },
         {
            "code":"idle",
            "animation":"idle",
            "blendMode":"AddAverage",
            "easeOutSpeed":4,
            "triggeredBy":{
               "defaultAnim":true
            }
         },
         {
            "code":"climbup",
            "animation":"walk",
            "triggeredBy":{
               "onControls":[
                  "Move",
                  "Climb"
               ],
               "matchExact":true
            },
            "blendMode":"Average"
         },
         {
            "code":"climbidle",
            "animation":"idle",
            "triggeredBy":{
               "onControls":[
                  "Idle",
                  "Climb"
               ]
            },
            "blendMode":"Average"
         },
         {
            "code":"sleep",
            "animation":"sleep",
            "easeInSpeed":4,
            "easeOutSpeed":4,
            "blendMode":"Average"
         }
      ]
   },
   "server":{
      "behaviors":[
         {
            "code":"repulseagents"
         },
         {
            "code":"controlledphysics",
            "stepHeight":1.105
         },
         {
            "code":"despawn",
            "minPlayerDistance":8,
            "belowLightLevel":8,
            "minSeconds":300
         },
         {
            "code":"health",
            "currenthealth":2.8,
            "maxhealth":2.8
         },
         {
            "code":"deaddecay",
            "hoursToDecay":96,
            "decayedBlock":"carcass-tiny"
         },
         {
            "code":"floatupwhenstuck",
            "onlyWhenDead":true
         },
         {
            "code":"breathe"
         },
         {
            "code":"emotionstates",
            "states":[
               {
                  "code":"fleeondamage",
                  "duration":60,
                  "chance":1,
                  "slot":2,
                  "priority":5,
                  "accumType":"max",
                  "whenHealthRelBelow":1.65
               },
               {
                  "code":"saturated",
                  "duration":1200,
                  "chance":1,
                  "slot":0,
                  "priority":1,
                  "accumType":"sum"
               },
               {
                  "code":"aggressiveondamage",
                  "duration":30,
                  "chance":1,
                  "slot":2,
                  "priority":2,
                  "accumType":"noaccum"
               },
               {
                  "code":"alarmherdondamage",
                  "chance":1,
                  "slot":1,
                  "priority":1,
                  "accumType":"max"
               }
            ]
         },
         {
            "code":"harvestable",
            "drops":[
               {
                  "type":"item",
                  "code":"treeseed-oak",
                  "quantity":{
                     "avg":0.15,
                     "var":1
                  }
               },
               {
                  "type":"item",
                  "code":"bushmeat-raw",
                  "quantity":{
                     "avg":0,
                     "var":1
                  }
               },
               {
                  "type":"item",
                  "code":"bone",
                  "quantity":{
                     "avg":0,
                     "var":1
                  }
               }
            ]
         },
         {
            "code":"taskai",
            "aitasks":[
               {
                  "code":"fleeentity",
                  "entityCodes":[
                     "player",
                     "wolf-male",
                     "wolf-female",
                     "fox-*",
                     "hyena-male",
                     "hyena-female"
                  ],
                  "priority":2,
                  "movespeed":0.0500,
                  "animationSpeed":1.9,
                  "seekingRange":8,
                  "animation":"Walk",
                  "whenNotInEmotionState":"fleeondamage"
               },
               {
                  "code":"getoutofwater",
                  "priority":3,
                  "movespeed":0.0412,
                  "animation":"Walk",
                  "animationSpeed":1.8
               },
               {
                  "code":"idle",
                  "priority":1.88,
                  "minduration":10000,
                  "maxduration":1200000,
                  "mincooldown":10000,
                  "maxcooldown":80000,
                  "priorityForCancel":1.98,
                  "animation":"Sleep",
                  "animationSpeed":0.8,
                  "whenNotInEmotionState":"aggressiveondamage",
                  "duringDayTimeFrames":[
                     {
                        "fromHour":1,
                        "toHour":8
                     },
                     {
                        "fromHour":18,
                        "toHour":23
                     }
                  ],
                  "stopOnNearbyEntityCodes":[
                     "player",
                     "wolf-male",
                     "wolf-female",
                     "fox-*",
                     "hyena-male",
                     "hyena-female"
                  ],
                  "stopRange":8,
                  "stopOnHurt":true
               },
               {
                  "code":"idle",
                  "priority":1.3,
                  "priorityForCancel":1.35,
                  "minduration":2500,
                  "maxduration":2500,
                  "mincooldown":10000,
                  "maxcooldown":50000,
                  "animation":"Look",
                  "animationSpeed":1.8,
                  "stopOnNearbyEntityCodes":[
                     "player",
                     "wolf-male",
                     "wolf-female",
                     "fox-*",
                     "hyena-male",
                     "hyena-female"
                  ],
                  "stopRange":5
               },
               {
                  "code":"idle",
                  "priority":1.1,
                  "minduration":1000,
                  "maxduration":3000,
                  "mincooldown":2000,
                  "maxcooldown":30000,
                  "animation":"Idle",
                  "stopOnNearbyEntityCodes":[
                     "player",
                     "wolf-male",
                     "wolf-female",
                     "fox-*",
                     "hyena-male",
                     "hyena-female"
                  ],
                  "stopRange":5
               },
               {
                  "code":"wander",
                  "priority":1.0,
                  "priorityForCancel":1.10,
                  "movespeed":0.0255,
                  "animationSpeed":1.8,
                  "animation":"Walk",
                  "stopOnNearbyEntityCodes":[
                     "player",
                     "wolf-male",
                     "wolf-female",
                     "fox-*",
                     "hyena-male",
                     "hyena-female"
                  ],
                  "stopRange":5
               },
               {
                  "code":"lookaround",
                  "priority":0.5,
                  "minduration":2000,
                  "maxduration":6000,
                  "mincooldown":2000,
                  "maxcooldown":20000,
                  "priorityForCancel":0.91,
                  "animation":"Look",
                  "stopOnNearbyEntityCodes":[
                     "player",
                     "wolf-male",
                     "wolf-female",
                     "fox-*",
                     "hyena-male",
                     "hyena-female"
                  ],
                  "stopRange":10
               }
            ]
         }
      ],
      "spawnconditionsByType":{
         "*":{
            "worldgen":{
               "TriesPerChunk":{
                  "avg":0.00025,
                  "var":0.45
               },
               "tryOnlySurface":true,
               "groupSize":{
                  "dist":"uniform",
                  "avg":0,
                  "var":2
               },
               "insideBlockCodes":[
                  "game:tallgrass-*"
               ],
               "minTemp":6,
               "maxTemp":30,
               "minRain":0.2,
               "maxRain":0.8,
               "minForestOrShrubs":0.25,
               "maxForest":0.85,
               "maxShrubs":1.0,
               "companions":[
                  "thecritterpack:chipmunk-female",
                  "thecritterpack:chipmunk-baby"
               ]
            },
            "runtime":{
               "group":"neutral",
               "tryOnlySurface":true,
               "chance":0.0021,
               "maxQuantity":3,
               "__comment":"Make them spawn away from artifical light so they don't spawn inside farmland",
               "maxLightLevel":6,
               "lightLevelType":"onlyBlockLight",
               "groupSize":{
                  "dist":"uniform",
                  "avg":0,
                  "var":2
               },
               "insideBlockCodes":[
                  "game:tallgrass-*"
               ],
               "minTemp":8,
               "maxTemp":30,
               "minRain":0.2,
               "maxRain":0.8,
               "minForestOrShrubs":0.25,
               "maxForest":0.85,
               "maxShrubs":2.75,
               "companions":[
                  "thecritterpack:chipmunk-female",
                  "thecritterpack:chipmunk-baby"
               ]
            }
         }
      }
   },
   "sounds":{
      "hurt":"creature/squirrel/hurt",
      "death":"creature/squirrel/die"
   }
}