{
    "type": "code",
    "name": "The Critters Pack",
    "modid": "thecritterpack",
    "description": "Adds Hedgehogs, Ducks, Robins, Swans, Field mice, Squirrels, Yaks and more...",
    "authors": [
        "Chiappo,Crumps"
    ],
    "contributors": [
        ":Kravity :Crumps :ItbeGoose :VS Team :Chiappo :Mr. Dischinger :Laerinok :Tels"
    ],
    "version": "1.1.3",
    "Side": "Universal",
    "RequiredOnClient": true,
    "RequiredOnServer": true,
    "dependencies": {
    "game": "1.21.0-rc.2"
    }
}