[
  {
    "ingredientPattern": "HKV",
    "enabled": false,
    "shapeless": false,
    "ingredients": {
      "H": {
        "type": "item",
        "code": "game:hammer-*",
        "isTool": true
      },
      "K": {
        "type": "item",
        "code": "game:chisel-*",
        "isTool": true
      },
      "V": {
        "type": "block",
        "code": "clayworks:storagevessel-*-fired3",
        "name": "color",
        "allowedVariants": [
          "azure",
          "black",
          "brown",
          "green",
          "orange",
          "pink",
          "purple",
          "crimson",
          "white",
          "yellow",
          "naturalfire",
          "naturalred"
        ],
        "attributes": {
          "type": "normal"
        },
        "quantity": 1
      }
    },
    "name": "irrigationvessel-normal",
    "width": 3,
    "height": 1,
    "output": {
      "type": "block",
      "code": "clayworks:irrigationvessel-{color}-fired3-normal",
      "quantity": 1
    }
  },
  {
    "ingredientPattern": "K,H",
    "enabled": false,
    "shapeless": false,
    "ingredients": {
      "K": {
        "type": "item",
        "code": "game:resin",
        "quantity": 1
      },
      "H": {
        "type": "block",
        "code": "clayworks:irrigationvessel-*-fired3-normal",
        "name": "color",
        "allowedVariants": [
          "azure",
          "black",
          "brown",
          "green",
          "orange",
          "pink",
          "purple",
          "crimson",
          "white",
          "yellow",
          "naturalfire",
          "naturalred"
        ],
        "quantity": 1
      }
    },
    "copyAttributesFrom": "H",
    "width": 2,
    "height": 1,
    "output": {
      "type": "block",
      "code": "clayworks:storagevessel-{color}-fired3",
      "attributes": {
        "type": "normal"
      },
      "quantity": 1
    }
  }
]
