{
    "editor": {
        "collapsedPaths": "Root/Plant3/Stem3,Root/Sticklayer1,Root/top2,Root/top3",
        "allAngles": false,
        "entityTextureMode": false
    },
    "textureWidth": 16,
    "textureHeight": 16,
    "textureSizes": {
        "1": [ 16, 16 ]
    },
    "textures": {
    },
    "elements": [
        {
            "name": "Plant1",
            "from": [ 19.0, 0.0, 10.0 ],
            "to": [ 20.0, 1.0, 11.0 ],
            "rotationOrigin": [ 19.0, 0.0, 10.0 ],
            "rotationY": -67.5,
            "faces": {
            },
            "children": [
                {
                    "name": "Stem1",
                    "from": [ -2.0, -0.4, 14.0 ],
                    "to": [ -1.0, 0.6, 15.0 ],
                    "shade": false,
                    "climateColorMap": "climatePlantTint",
                    "seasonColorMap": "seasonalEaglefern",
                    "renderpass": 1,
                    "rotationOrigin": [ -2.0, -0.4, 14.0 ],
                    "faces": {
                    },
                    "children": [
                        {
                            "name": "Center16",
                            "from": [ -9.0, 0.0, 0.0 ],
                            "to": [ 7.0, 16.0, 0.0 ],
                            "shade": false,
                            "climateColorMap": "climatePlantTint",
                            "seasonColorMap": "seasonalEaglefern",
                            "renderpass": 1,
                            "rotationOrigin": [ -1.0, 0.0, 0.0 ],
                            "rotationY": 45.0,
                            "faces": {
                                "north": {
                                    "texture": "#2",
                                    "uv": [ 0.0, 0.0, 16.0, 16.0 ],
                                    "windMode": [ 0, 1, 1, 0 ],
                                    "windData": [ 0, 0, 0, 0 ]
                                }
                            }
                        },
                        {
                            "name": "Center17",
                            "from": [ -9.0, 0.0, 0.0 ],
                            "to": [ 7.0, 16.0, 0.0 ],
                            "shade": false,
                            "climateColorMap": "climatePlantTint",
                            "seasonColorMap": "seasonalEaglefern",
                            "renderpass": 1,
                            "rotationOrigin": [ -9.0, 0.0, 0.0 ],
                            "faces": {
                                "north": {
                                    "texture": "#1",
                                    "uv": [ 0.0, 0.0, 16.0, 16.0 ],
                                    "windMode": [ 0, 1, 1, 0 ],
                                    "windData": [ 0, 0, 0, 0 ]
                                }
                            }
                        },
                        {
                            "name": "Center18",
                            "from": [ -9.0, 0.0, 0.0 ],
                            "to": [ 7.0, 16.0, 0.0 ],
                            "shade": false,
                            "climateColorMap": "climatePlantTint",
                            "seasonColorMap": "seasonalEaglefern",
                            "renderpass": 1,
                            "rotationOrigin": [ -1.0, 0.0, 0.0 ],
                            "rotationY": -67.5,
                            "faces": {
                                "north": {
                                    "texture": "#3",
                                    "uv": [ 0.0, 0.0, 16.0, 16.0 ],
                                    "windMode": [ 0, 1, 1, 0 ]
                                }
                            }
                        }
                    ]
                }
            ]
        },
        {
            "name": "Plant2",
            "from": [ 6.0, 0.0, -3.0 ],
            "to": [ 7.0, 1.0, -2.0 ],
            "rotationOrigin": [ 6.0, 0.0, -3.0 ],
            "faces": {
            },
            "children": [
                {
                    "name": "Stem2",
                    "from": [ 1.0, -0.4, 8.0 ],
                    "to": [ 2.0, 0.6, 9.0 ],
                    "shade": false,
                    "climateColorMap": "climatePlantTint",
                    "seasonColorMap": "seasonalEaglefern",
                    "renderpass": 1,
                    "rotationOrigin": [ 1.0, -0.4, 8.0 ],
                    "faces": {
                    },
                    "children": [
                        {
                            "name": "Center19",
                            "from": [ -9.0, 0.0, 0.0 ],
                            "to": [ 7.0, 16.0, 0.0 ],
                            "shade": false,
                            "climateColorMap": "climatePlantTint",
                            "seasonColorMap": "seasonalEaglefern",
                            "renderpass": 1,
                            "rotationOrigin": [ -1.0, 0.0, 0.0 ],
                            "rotationY": 90.0,
                            "faces": {
                                "north": {
                                    "texture": "#2",
                                    "uv": [ 0.0, 0.0, 16.0, 16.0 ],
                                    "windMode": [ 0, 1, 1, 0 ]
                                }
                            }
                        },
                        {
                            "name": "Center20",
                            "from": [ -9.0, 0.0, 0.0 ],
                            "to": [ 7.0, 16.0, 0.0 ],
                            "shade": false,
                            "climateColorMap": "climatePlantTint",
                            "seasonColorMap": "seasonalEaglefern",
                            "renderpass": 1,
                            "rotationOrigin": [ -9.0, 0.0, 0.0 ],
                            "faces": {
                                "north": {
                                    "texture": "#2",
                                    "uv": [ 0.0, 0.0, 16.0, 16.0 ],
                                    "windMode": [ 0, 1, 1, 0 ]
                                }
                            }
                        }
                    ]
                }
            ]
        },
        {
            "name": "Plant3",
            "from": [ 7.0, 0.0, 1.0 ],
            "to": [ 8.0, 1.0, 1.0 ],
            "rotationOrigin": [ 7.0, 0.0, 1.0 ],
            "rotationY": 45.0,
            "faces": {
            },
            "children": [
                {
                    "name": "Stem3",
                    "from": [ 1.0, -0.4, 8.0 ],
                    "to": [ 2.0, 0.6, 9.0 ],
                    "shade": false,
                    "climateColorMap": "climatePlantTint",
                    "seasonColorMap": "seasonalEaglefern",
                    "renderpass": 1,
                    "rotationOrigin": [ 1.0, -0.4, 8.0 ],
                    "faces": {
                    },
                    "children": [
                        {
                            "name": "Center22",
                            "from": [ -9.0, 0.0, 0.0 ],
                            "to": [ 7.0, 16.0, 0.0 ],
                            "shade": false,
                            "climateColorMap": "climatePlantTint",
                            "seasonColorMap": "seasonalEaglefern",
                            "renderpass": 1,
                            "rotationOrigin": [ -1.0, 0.0, 0.0 ],
                            "rotationY": 89.98,
                            "faces": {
                                "north": {
                                    "texture": "#3",
                                    "uv": [ 0.0, 0.0, 16.0, 16.0 ],
                                    "windMode": [ 0, 1, 1, 0 ]
                                }
                            }
                        },
                        {
                            "name": "Center23",
                            "from": [ -9.0, 0.0, 0.0 ],
                            "to": [ 7.0, 16.0, 0.0 ],
                            "shade": false,
                            "climateColorMap": "climatePlantTint",
                            "seasonColorMap": "seasonalEaglefern",
                            "renderpass": 1,
                            "rotationOrigin": [ -9.0, 0.0, 0.0 ],
                            "faces": {
                                "north": {
                                    "texture": "#3",
                                    "uv": [ 0.0, 0.0, 16.0, 16.0 ],
                                    "windMode": [ 0, 1, 1, 0 ]
                                }
                            }
                        },
                        {
                            "name": "Center24",
                            "from": [ -9.0, 0.0, 0.0 ],
                            "to": [ 7.0, 16.0, 0.0 ],
                            "shade": false,
                            "climateColorMap": "climatePlantTint",
                            "seasonColorMap": "seasonalEaglefern",
                            "renderpass": 1,
                            "rotationOrigin": [ -1.0, 0.0, 0.0 ],
                            "rotationY": -45.0,
                            "faces": {
                                "north": {
                                    "texture": "#3",
                                    "uv": [ 0.0, 0.0, 16.0, 16.0 ],
                                    "windMode": [ 0, 1, 1, 0 ]
                                }
                            }
                        }
                    ]
                }
            ]
        },
        {
            "name": "Plant4",
            "from": [ 7.0, 0.0, 5.0 ],
            "to": [ 8.0, 1.0, 5.0 ],
            "rotationOrigin": [ 7.0, 0.0, 5.0 ],
            "rotationY": 45.0,
            "faces": {
            },
            "children": [
                {
                    "name": "Stem4",
                    "from": [ 1.0, -0.4, 8.0 ],
                    "to": [ 2.0, 0.6, 9.0 ],
                    "shade": false,
                    "climateColorMap": "climatePlantTint",
                    "seasonColorMap": "seasonalEaglefern",
                    "renderpass": 1,
                    "rotationOrigin": [ 1.0, -0.4, 8.0 ],
                    "rotationY": -22.5,
                    "faces": {
                    },
                    "children": [
                        {
                            "name": "Center25",
                            "from": [ -9.0, 0.0, 0.0 ],
                            "to": [ 7.0, 16.0, 0.0 ],
                            "shade": false,
                            "climateColorMap": "climatePlantTint",
                            "seasonColorMap": "seasonalEaglefern",
                            "renderpass": 1,
                            "rotationOrigin": [ -1.0, 0.0, 0.0 ],
                            "rotationY": 89.98,
                            "faces": {
                                "north": {
                                    "texture": "#1",
                                    "uv": [ 0.0, 0.0, 16.0, 16.0 ],
                                    "windMode": [ 0, 1, 1, 0 ]
                                }
                            }
                        },
                        {
                            "name": "Center26",
                            "from": [ -9.0, 0.0, 0.0 ],
                            "to": [ 7.0, 16.0, 0.0 ],
                            "shade": false,
                            "climateColorMap": "climatePlantTint",
                            "seasonColorMap": "seasonalEaglefern",
                            "renderpass": 1,
                            "rotationOrigin": [ -9.0, 0.0, 0.0 ],
                            "faces": {
                                "north": {
                                    "texture": "#1",
                                    "uv": [ 0.0, 0.0, 16.0, 16.0 ],
                                    "windMode": [ 0, 1, 1, 0 ]
                                }
                            }
                        }
                    ]
                }
            ]
        }
    ]
}