﻿{
  "code": "axe",
  "class": "CombatOverhaul:MeleeWeapon",
  "tags": ["weapon", "weapon-melee", "battle-axe", "twohanded"],
  "behaviors": [
    {
      "name": "GroundStorable",
      "properties": {
        "layout": "WallHalves",
        "wallOffY": 2,
        "sprintKey": true,
        "selectionBox": {"x1": 0, "y1": 0, "z1": 0, "x2": 1, "y2": 0.1, "z2": 1},
        "collisionBox": {"x1": 0, "y1": 0, "z1": 0, "x2": 0, "y2": 0, "z2": 0}
      }
    },
    {
      "name": "CombatOverhaul:TexturesFromAttributes",
      "properties": {
        "Textures": [
          {
            "Code": "handle",
            "Attribute": "handleTexture",
            "Default": "game:block/wood/debarked/oak",
            "HandbookValues": [
              "game:block/wood/debarked/aged",
              "game:block/wood/debarked/birch",
              "game:block/wood/debarked/oak",
              "game:block/wood/debarked/maple",
              "game:block/wood/debarked/pine",
              "game:block/wood/debarked/acacia",
              "game:block/wood/debarked/kapok",
              "game:block/wood/debarked/baldcypress",
              "game:block/wood/debarked/larch",
              "game:block/wood/debarked/redwood",
              "game:block/wood/debarked/ebony",
              "game:block/wood/debarked/walnut",
              "game:block/wood/debarked/purpleheart"
            ]
          }
        ],
        "CreativeTabs": ["general", "armory-colors"]
      }
    }
  ],
  "variantgroups": [
    {"code": "handling", "states": ["long"]},
    {"code": "type", "states": ["plain"]},
    {"code": "material", "states": ["tinbronze", "bismuthbronze", "blackbronze", "iron", "meteoriciron", "steel"]}
  ],
  "textures": {"head": {"base": "game:block/metal/plate/{material}"}},
  "shapeByType": {"*-*bronze": {"base": "axes/long-bronze"}, "*-*iron": {"base": "axes/long-iron"}, "*-steel": {"base": "axes/long-steel"}},
  "tool": "axe",
  "attributes": {
    "handbook": {"groupBy": ["axe-long-plain-{material}"]},
    "groundStorageTransform": {"translation": {"x": 0.5, "y": 0.52, "z": 0.35}, "rotation": {"x": 17, "y": 0, "z": -84}, "origin": {"x": 0, "y": 0, "z": 0}, "scale": 0.6},
    "toolrackTransform": {"translation": {"x": 0.05, "y": 0.6, "z": 1.05}, "rotation": {"x": 179, "y": 0, "z": -2}, "origin": {"x": 0, "y": 0, "z": 0}},
    "ProficiencyStat": "axesProficiency",
    "RenderingOffset": false,
    "OneHandedStance": {
      "CanAttack": false,
      "CanParry": false,
      "CanBlock": false,
      "CanSprint": true,
      "ReadyAnimation": "armory:long-axe-idle-1h",
      "IdleAnimation": "armory:long-axe-idle-1h"
    },
    "TwoHandedStance": {
      "CanAttack": true,
      "CanParry": false,
      "CanBlock": false,
      "CanSprint": true,
      "Attack": {
        "StopOnTerrainHit": true,
        "StopOnEntityHit": true,
        "CollideWithTerrain": true,
        "MaxReach": 9,
        "DamageTypesByType": {
          "*-*bronze": [
            {"Damage": {"DamageType": "SlashingAttack", "Strength": 3, "Damage": 7}, "Knockback": 0, "DurabilityDamage": 1, "Collider": [0.2, 0.5, 0.5, 0.8, 0.5, 0.5]}
          ],
          "*-iron": [{"Damage": {"DamageType": "SlashingAttack", "Strength": 4, "Damage": 7.5}, "Knockback": 0, "DurabilityDamage": 1, "Collider": [0.2, 0.5, 0.5, 0.8, 0.5, 0.5]}],
          "*-meteoriciron": [
            {"Damage": {"DamageType": "SlashingAttack", "Strength": 5, "Damage": 7.5}, "Knockback": 0, "DurabilityDamage": 1, "Collider": [0.2, 0.5, 0.5, 0.8, 0.5, 0.5]}
          ],
          "*-steel": [{"Damage": {"DamageType": "SlashingAttack", "Strength": 6, "Damage": 8}, "Knockback": 0, "DurabilityDamage": 1, "Collider": [0.2, 0.5, 0.5, 0.8, 0.5, 0.5]}]
        }
      },
      "HandleAttack": {
        "StopOnTerrainHit": true,
        "StopOnEntityHit": false,
        "CollideWithTerrain": true,
        "MaxReach": 9,
        "DamageTypes": [{"Damage": {"DamageType": "BluntAttack", "Strength": 1, "Damage": 1}, "Knockback": 1, "DurabilityDamage": 0, "Collider": [-2.1, 0, 0.5, 0.4, 0, 0.5]}]
      },
      "AttackHitSound": "game:sounds/thud",
      "AttackDirectionsType": "None",
      "AttackAnimation": {"Main": ["armory:long-axe-strike-2h-3", "armory:long-axe-strike-2h-2"]},
      "ReadyAnimation": "armory:long-axe-ready-2h",
      "IdleAnimation": "armory:long-axe-idle-2h"
    }
  },
  "durabilitybytype": {"*-copper": 250, "*-tinbronze": 450, "*-bismuthbronze": 530, "*-blackbronze": 600, "*-iron": 850, "*-meteoriciron": 1100, "*-steel": 2125, "*": 150},
  "creativeinventory": {"general": ["*"], "armory": ["*"]},
  "guiTransform": {
    "translation": {"x": 0, "y": 0, "z": 0},
    "rotation": {"x": 38, "y": -25, "z": -47},
    "origin": {"x": 0.9, "y": -0.6, "z": -0.3},
    "scaleXyz": {"x": -1.89, "y": 1.89, "z": 1.89}
  },
  "groundTransform": {"translation": {"x": 0, "y": 0, "z": 0}, "rotation": {"x": 0, "y": 0, "z": 0}, "origin": {"x": 0, "y": 0, "z": 0}, "scale": 4},
  "tpHandTransform": {"translation": {"x": -1.97, "y": 0.05, "z": -0.5}, "rotation": {"x": 180, "y": 0, "z": 0}, "origin": {"x": 0, "y": 0, "z": 0}, "scale": 0.6}
}