﻿{
  "code": "poleaxe",
  "class": "CombatOverhaul:MeleeWeapon",
  "tags": ["weapon", "weapon-melee", "poleaxe", "polearm", "twohanded"],
  "behaviors": [
    {
      "name": "GroundStorable",
      "properties": {
        "layout": "WallHalves",
        "wallOffY": 3,
        "sprintKey": true,
        "selectionBox": {"x1": 0, "y1": 0, "z1": 0, "x2": 1, "y2": 0.1, "z2": 1},
        "collisionBox": {"x1": 0, "y1": 0, "z1": 0, "x2": 0, "y2": 0, "z2": 0}
      }
    },
    {
      "name": "CombatOverhaul:TexturesFromAttributes",
      "properties": {
        "Textures": [
          {
            "Code": "handle",
            "Attribute": "handleTexture",
            "Default": "game:block/wood/debarked/oak",
            "HandbookValues": [
              "game:block/wood/debarked/aged",
              "game:block/wood/debarked/birch",
              "game:block/wood/debarked/oak",
              "game:block/wood/debarked/maple",
              "game:block/wood/debarked/pine",
              "game:block/wood/debarked/acacia",
              "game:block/wood/debarked/kapok",
              "game:block/wood/debarked/baldcypress",
              "game:block/wood/debarked/larch",
              "game:block/wood/debarked/redwood",
              "game:block/wood/debarked/ebony",
              "game:block/wood/debarked/walnut",
              "game:block/wood/debarked/purpleheart"
            ]
          }
        ],
        "CreativeTabs": ["general", "armory-colors"]
      }
    }
  ],
  "variantgroups": [{"code": "type", "states": ["plain"]}, {"code": "material", "states": ["steel"]}],
  "shape": {"base": "axes/poleaxe-{material}"},
  "tool": "poleaxe",
  "attributes": {
    "handbook": {"groupBy": ["poleaxe-plain-{material}"]},
    "groundStorageTransform": {"translation": {"x": 0.5, "y": 1.75, "z": 0.48}, "rotation": {"x": 12, "y": 0, "z": 90}, "origin": {"x": 0, "y": 0, "z": 0}, "scale": 0.7},
    "toolrackTransform": {"translation": {"x": 1.6, "y": 1.2, "z": 0.5}, "rotation": {"x": 90, "y": -2, "z": 0}, "origin": {"x": 0, "y": 0, "z": 0}, "scale": 1.3},
    "ProficiencyStat": "axesProficiency",
    "RenderingOffset": false,
    "OneHandedStance": {
      "CanAttack": false,
      "CanParry": false,
      "CanBlock": false,
      "CanSprint": true,
      "CanThrow": false,
      "SpeedPenalty": 0,
      "ReadyAnimation": "armory:poleaxe-idle-1h",
      "IdleAnimation": "armory:poleaxe-idle-1h"
    },
    "TwoHandedStance": {
      "CanAttack": true,
      "CanParry": true,
      "CanBlock": true,
      "CanSprint": true,
      "CanThrow": false,
      "CanBash": true,
      "SpeedPenalty": 0,
      "BlockCooldownMs": 500,
      "GripLengthFactor": 4,
      "GripMinLength": 0,
      "GripMaxLength": 0,
      "DirectionalAttacks": {
        "Top": {
          "StopOnTerrainHit": true,
          "StopOnEntityHit": false,
          "CollideWithTerrain": true,
          "HitOnlyOneEntity": false,
          "MaxReach": 15,
          "DamageTypes": [
            {
              "DamageByType": {
                "*-iron": {"DamageType": "BluntAttack", "Strength": 4, "Damage": 6.5},
                "*-meteoriciron": {"DamageType": "BluntAttack", "Strength": 5, "Damage": 6.5},
                "*-steel": {"DamageType": "BluntAttack", "Strength": 6, "Damage": 7}
              },
              "Knockback": 0,
              "DurabilityDamage": 1,
              "Collider": [-0.1, 0.23, 0.5, 0.7, 0.33, 0.5]
            }
          ]
        },
        "Left": {
          "StopOnTerrainHit": true,
          "StopOnEntityHit": false,
          "CollideWithTerrain": true,
          "HitOnlyOneEntity": false,
          "MaxReach": 15,
          "DamageTypes": [
            {
              "DamageByType": {
                "*-iron": {"DamageType": "SlashingAttack", "Strength": 4, "Damage": 6.5},
                "*-meteoriciron": {"DamageType": "SlashingAttack", "Strength": 5, "Damage": 6.5},
                "*-steel": {"DamageType": "SlashingAttack", "Strength": 6, "Damage": 7}
              },
              "Knockback": 0.5,
              "DurabilityDamage": 1,
              "Collider": [-0.2, -0.27, 0.5, 0.8, -0.37, 0.5]
            }
          ]
        },
        "Right": {
          "StopOnTerrainHit": true,
          "StopOnEntityHit": false,
          "CollideWithTerrain": true,
          "HitOnlyOneEntity": false,
          "MaxReach": 15,
          "DamageTypes": [
            {
              "DamageByType": {
                "*-iron": {"DamageType": "SlashingAttack", "Strength": 4, "Damage": 6.5},
                "*-meteoriciron": {"DamageType": "SlashingAttack", "Strength": 5, "Damage": 6.5},
                "*-steel": {"DamageType": "SlashingAttack", "Strength": 6, "Damage": 7}
              },
              "Knockback": 0.5,
              "DurabilityDamage": 1,
              "Collider": [-0.2, -0.27, 0.5, 0.8, -0.37, 0.5]
            }
          ]
        },
        "Bottom": {
          "StopOnTerrainHit": true,
          "StopOnEntityHit": false,
          "CollideWithTerrain": true,
          "HitOnlyOneEntity": true,
          "MaxReach": 15,
          "DamageTypes": [
            {
              "DamageByType": {
                "*-iron": {"DamageType": "PiercingAttack", "Strength": 4, "Damage": 6.5},
                "*-meteoriciron": {"DamageType": "PiercingAttack", "Strength": 5, "Damage": 6.5},
                "*-steel": {"DamageType": "PiercingAttack", "Strength": 6, "Damage": 7}
              },
              "Knockback": 1,
              "DurabilityDamage": 1,
              "Collider": [0, 0, 0.5, 1.3, 0, 0.5]
            }
          ]
        }
      },
      "HandleAttack": {
        "StopOnTerrainHit": true,
        "StopOnEntityHit": false,
        "CollideWithTerrain": true,
        "MaxReach": 9,
        "DamageTypes": [{"Damage": {"DamageType": "BluntAttack", "Strength": 0, "Damage": 0}, "Knockback": 0, "DurabilityDamage": 0, "Collider": [-2.4, 0.1, 0.5, -0.2, 0.1, 0.5]}]
      },
      "HandleHitSound": "game:sounds/thud",
      "AttackDirectionsType": "Square",
      "AttackAnimation": {
        "Top": ["armory:poleaxe-slash-2h-top"],
        "Left": ["armory:poleaxe-slash-2h-left"],
        "Right": ["armory:poleaxe-slash-2h-right"],
        "Bottom": ["armory:poleaxe-thrust-2h-bottom"]
      },
      "TpAttackAnimation": {"Top": "combatoverhaul-falx-slash", "Left": "combatoverhaul-falx-slash", "Right": "combatoverhaul-falx-slash", "Bottom": "combatoverhaul-spear-hit"},
      "ReadyAnimation": "armory:poleaxe-ready-2h",
      "IdleAnimation": "armory:poleaxe-idle-1h",
      "AttackTpAnimation": "spearhit",
      "Parry": {
        "Zones": ["Head", "Face", "Neck", "Torso", "LeftArm", "RightArm", "LeftHand", "RightHand", "LeftLeg", "RightLeg", "LeftFoot", "RightFoot"],
        "Directions": [90, 90, 90, 90],
        "Sound": "game:sounds/held/shieldblock-metal-heavy",
        "BlockTier": {"BluntAttack": 9, "SlashingAttack": 9, "PiercingAttack": 9},
        "CanBlockProjectiles": false
      },
      "Block": {
        "Zones": ["Face", "Neck", "Torso", "LeftArm", "RightArm", "LeftLeg", "RightLeg"],
        "Directions": [75, 75, 75, 75],
        "Sound": "game:sounds/held/shieldblock-metal-light",
        "BlockTier": {"BluntAttack": 7, "SlashingAttack": 7, "PiercingAttack": 7},
        "CanBlockProjectiles": false
      },
      "BlockAnimation": "armory:poleaxe-parry-2h",
      "BlockBash": {
        "StopOnTerrainHit": false,
        "StopOnEntityHit": true,
        "CollideWithTerrain": true,
        "MaxReach": 9,
        "DamageTypes": [
          {"DamageByType": {"*": {"DamageType": "BluntAttack", "Tier": 3, "Damage": 3.5}}, "Knockback": 2, "DurabilityDamage": 1, "Collider": [-2.5, 0, 0.5, -0.29999995, 0, 0.5]}
        ]
      },
      "BlockBashAnimation": {
        "Top": ["armory:poleaxe-bash-2h-2"],
        "Left": ["armory:poleaxe-bash-2h-1"],
        "Right": ["armory:poleaxe-bash-2h-1"],
        "Bottom": ["armory:poleaxe-bash-2h-2"]
      }
    }
  },
  "durabilitybytype": {"*-copper": 250, "*-tinbronze": 450, "*-bismuthbronze": 530, "*-blackbronze": 600, "*-iron": 850, "*-meteoriciron": 1100, "*-steel": 2125, "*": 150},
  "creativeinventory": {"general": ["*"], "armory": ["*"]},
  "guiTransform": {"translation": {"x": 0, "y": 0, "z": 0}, "rotation": {"x": 39, "y": 0, "z": -130}, "origin": {"x": 0.8, "y": 0.15, "z": 0.2}, "scale": 1.56},
  "groundTransform": {"translation": {"x": 0, "y": 0, "z": 0}, "rotation": {"x": 0, "y": 0, "z": 0}, "origin": {"x": 0, "y": 0, "z": 0}, "scale": 4},
  "tpHandTransform": {"translation": {"x": -2.5, "y": 0.05, "z": 0.5}, "rotation": {"x": 0, "y": 0, "z": 0}, "origin": {"x": 0, "y": 0, "z": 0}, "scale": 0.7}
}