﻿{
  "code": "sabre",
  "class": "CombatOverhaul:MeleeWeapon",
  "tags": ["weapon", "weapon-melee", "sword", "sabre", "onehanded"],
  "behaviorsByType": {
    "*-steel": [
      {
        "name": "GroundStorable",
        "properties": {
          "layout": "WallHalves",
          "wallOffY": 2,
          "sprintKey": true,
          "selectionBox": {"x1": 0, "y1": 0, "z1": 0, "x2": 1, "y2": 0.1, "z2": 1},
          "collisionBox": {"x1": 0, "y1": 0, "z1": 0, "x2": 0, "y2": 0, "z2": 0}
        }
      },
      {
        "name": "CombatOverhaul:TexturesFromAttributes",
        "properties": {
          "Textures": [
            {
              "Code": "handle",
              "Attribute": "handleTexture",
              "Default": "game:block/leather/plain",
              "HandbookValues": [
                "game:block/leather/plain",
                "game:block/leather/black",
                "game:block/leather/blue",
                "game:block/leather/chromium",
                "game:block/leather/gray",
                "game:block/leather/green",
                "game:block/leather/orange",
                "game:block/leather/pink",
                "game:block/leather/purple",
                "game:block/leather/red",
                "game:block/leather/white",
                "game:block/leather/yellow"
              ]
            }
          ],
          "CreativeTabs": ["general", "armory-colors"]
        }
      }
    ],
    "*": [
      {
        "name": "GroundStorable",
        "properties": {
          "layout": "WallHalves",
          "wallOffY": 2,
          "sprintKey": true,
          "selectionBox": {"x1": 0, "y1": 0, "z1": 0, "x2": 1, "y2": 0.1, "z2": 1},
          "collisionBox": {"x1": 0, "y1": 0, "z1": 0, "x2": 0, "y2": 0, "z2": 0}
        }
      },
      {
        "name": "CombatOverhaul:TexturesFromAttributes",
        "properties": {
          "Textures": [
            {
              "Code": "handle",
              "Attribute": "handleTexture",
              "Default": "game:block/wood/debarked/oak",
              "HandbookValues": [
                "game:block/wood/debarked/aged",
                "game:block/wood/debarked/birch",
                "game:block/wood/debarked/oak",
                "game:block/wood/debarked/maple",
                "game:block/wood/debarked/pine",
                "game:block/wood/debarked/acacia",
                "game:block/wood/debarked/kapok",
                "game:block/wood/debarked/baldcypress",
                "game:block/wood/debarked/larch",
                "game:block/wood/debarked/redwood",
                "game:block/wood/debarked/ebony",
                "game:block/wood/debarked/walnut",
                "game:block/wood/debarked/purpleheart"
              ]
            }
          ],
          "CreativeTabs": ["general", "armory-colors"]
        }
      }
    ]
  },
  "variantgroups": [{"code": "type", "states": ["plain"]}, {"code": "material", "states": ["tinbronze", "bismuthbronze", "blackbronze", "iron", "meteoriciron", "steel"]}],
  "textures": {"blade": {"base": "game:block/metal/plate/{material}"}},
  "shapeByType": {"*-*bronze": {"base": "swords/sabre-bronze"}, "*-*iron": {"base": "swords/sabre-iron"}, "*-steel": {"base": "swords/sabre-steel"}},
  "tool": "sword",
  "attributes": {
    "handbook": {"groupBy": ["sabre-{material}"]},
    "groundStorageTransformByType": {
      "*-copper": {"translation": {"x": 0.5, "y": 0, "z": 0.34}, "rotation": {"x": 13, "y": 0, "z": 90}, "origin": {"x": 0, "y": 0, "z": 0}, "scale": 0.7},
      "*-*bronze": {"translation": {"x": 0.5, "y": 0, "z": 0.42}, "rotation": {"x": 13, "y": 0, "z": 90}, "origin": {"x": 0, "y": 0, "z": 0}, "scale": 0.6},
      "*-*iron": {"translation": {"x": 0.5, "y": 0, "z": 0.37}, "rotation": {"x": 13, "y": 0, "z": 90}, "origin": {"x": 0, "y": 0, "z": 0}, "scale": 0.6},
      "*-steel": {"translation": {"x": 0.5, "y": 0.1, "z": 0.35}, "rotation": {"x": 13, "y": 0, "z": 90}, "origin": {"x": 0, "y": 0, "z": 0}, "scale": 0.6}
    },
    "toolrackTransformByType": {
      "*-copper": {"translation": {"x": 1.3, "y": 1.05, "z": 0.5}, "rotation": {"x": 90, "y": 0, "z": 180}, "origin": {"x": 0, "y": 0, "z": 0}},
      "*-*bronze": {"translation": {"x": 1.3, "y": 1.05, "z": 0.5}, "rotation": {"x": 90, "y": 0, "z": 180}, "origin": {"x": 0, "y": 0, "z": 0}},
      "*-*iron": {"translation": {"x": 1.3, "y": 1.05, "z": 0.5}, "rotation": {"x": 90, "y": 0, "z": 180}, "origin": {"x": 0, "y": 0, "z": 0}},
      "*-steel": {"translation": {"x": 1.3, "y": 1.05, "z": 0.5}, "rotation": {"x": 90, "y": 0, "z": 180}, "origin": {"x": 0, "y": 0, "z": 0}}
    },
    "ProficiencyStat": "oneHandedSwordsProficiency",
    "RenderingOffset": false,
    "OneHandedStance": {
      "CanAttack": true,
      "CanParry": true,
      "CanBlock": false,
      "CanSprint": true,
      "Attack": {
        "StopOnTerrainHit": true,
        "StopOnEntityHit": true,
        "CollideWithTerrain": true,
        "MaxReach": 9,
        "DamageTypesByType": {
          "*-*bronze": [
            {"Damage": {"DamageType": "SlashingAttack", "Strength": 2, "Damage": 5}, "Knockback": 1, "DurabilityDamage": 1, "Collider": [0.6, -0.3, 0.5, 2.7, 0.3, 0.5]}
          ],
          "*-iron": [
            {"Damage": {"DamageType": "SlashingAttack", "Strength": 3, "Damage": 5.5}, "Knockback": 1, "DurabilityDamage": 1, "Collider": [0.6, -0.3, 0.5, 2.9, 0.3, 0.5]}
          ],
          "*-meteoriciron": [
            {"Damage": {"DamageType": "SlashingAttack", "Strength": 4, "Damage": 5.5}, "Knockback": 1, "DurabilityDamage": 1, "Collider": [0.6, -0.3, 0.5, 2.9, 0.3, 0.5]}
          ],
          "*-steel": [{"Damage": {"DamageType": "SlashingAttack", "Strength": 5, "Damage": 6}, "Knockback": 1, "DurabilityDamage": 1, "Collider": [0.6, -0.3, 0.5, 3.1, 0.2, 0.5]}]
        }
      },
      "AttackHitSound": "game:sounds/thud",
      "AttackAnimation": {"Main": ["armory:sabre-slash-1", "armory:sabre-slash-2"]},
      "SpeedPenalty": 0,
      "BlockSpeedPenalty": 0,
      "Parry": {
        "Zones": ["Head", "Face", "Neck", "Torso", "LeftArm", "RightArm", "LeftHand", "RightHand", "LeftLeg", "RightLeg", "LeftFoot", "RightFoot"],
        "Directions": [90, 90, 90, 90],
        "Sound": "game:sounds/held/shieldblock-metal-heavy",
        "BlockTier": {"BluntAttack": 9, "SlashingAttack": 9, "PiercingAttack": 9},
        "CanBlockProjectiles": false
      },
      "BlockCooldownMs": 300,
      "BlockAnimation": "armory:sabre-parry",
      "ReadyAnimation": "armory:sabre-ready",
      "IdleAnimation": "armory:sabre-idle",
      "AttackTpAnimation": "falx"
    }
  },
  "durabilitybytype": {"*-tinbronze": 450, "*-bismuthbronze": 530, "*-blackbronze": 600, "*-iron": 850, "*-meteoriciron": 1100, "*-steel": 2125, "*": 150},
  "creativeinventory": {"general": ["*"], "armory": ["*"]},
  "guiTransformByType": {
    "*-*bronze": {
      "translation": {"x": 0, "y": 0, "z": 0},
      "rotation": {"x": 40, "y": 0, "z": -52},
      "origin": {"x": 0.9, "y": -0.25, "z": 0},
      "scaleXyz": {"x": -2, "y": 2, "z": 2}
    },
    "*-*iron": {"translation": {"x": 0, "y": 0, "z": 0}, "rotation": {"x": 40, "y": 0, "z": -52}, "origin": {"x": 0.9, "y": -0.25, "z": 0}, "scaleXyz": {"x": -2, "y": 2, "z": 2}},
    "*-steel": {"translation": {"x": 0, "y": 0, "z": 0}, "rotation": {"x": 40, "y": 0, "z": -52}, "origin": {"x": 0.8, "y": -0.25, "z": 0}, "scaleXyz": {"x": -2, "y": 2, "z": 2}}
  },
  "groundTransform": {"translation": {"x": 0, "y": 0, "z": 0}, "rotation": {"x": 0, "y": 0, "z": 0}, "origin": {"x": 0, "y": 0, "z": 0}, "scale": 4},
  "tpHandTransform": {"translation": {"x": 0.33, "y": 0.05, "z": 0.5}, "rotation": {"x": 0, "y": 0, "z": 0}, "origin": {"x": 0, "y": 0, "z": 0}, "scale": 0.6}
}