﻿{
  "code": "shield",
  "class": "CombatOverhaul:MeleeWeapon",
  "tags": ["shield", "onehanded"],
  "storageFlags": 257,
  "tool": "shield",
  "variantgroups": [
    {"code": "type", "states": ["light"]},
    {"code": "subtype", "states": ["plain"]},
    {"code": "material", "states": ["crude", "copper", "tinbronze", "bismuthbronze", "blackbronze", "iron", "steel"]}
  ],
  "behaviorsByType": {
    "@.*-(.*iron)": [
      {
        "name": "GroundStorable",
        "properties": {
          "layout": "WallHalves",
          "wallOffY": 2,
          "sprintKey": true,
          "selectionBox": {"x1": 0, "y1": 0, "z1": 0, "x2": 1, "y2": 0.1, "z2": 1},
          "collisionBox": {"x1": 0, "y1": 0, "z1": 0, "x2": 0, "y2": 0, "z2": 0}
        }
      },
      {
        "name": "CombatOverhaul:TexturesFromAttributes",
        "properties": {
          "Textures": [
            {
              "Code": "cloth1",
              "Attribute": "cloth1",
              "Default": "game:block/cloth/linen/plain",
              "HandbookValues": [
                "game:block/cloth/linen/plain",
                "game:block/cloth/linen/white",
                "game:block/cloth/linen/red",
                "game:block/cloth/linen/black",
                "game:block/cloth/linen/blue",
                "game:block/cloth/linen/brown",
                "game:block/cloth/linen/gray",
                "game:block/cloth/linen/green",
                "game:block/cloth/linen/orange",
                "game:block/cloth/linen/pink",
                "game:block/cloth/linen/purple",
                "game:block/cloth/linen/yellow"
              ]
            },
            {
              "Code": "cloth2",
              "Attribute": "cloth2",
              "Default": "game:block/cloth/linen/plain",
              "HandbookValues": [
                "game:block/cloth/linen/plain",
                "game:block/cloth/linen/white",
                "game:block/cloth/linen/red",
                "game:block/cloth/linen/black",
                "game:block/cloth/linen/blue",
                "game:block/cloth/linen/brown",
                "game:block/cloth/linen/gray",
                "game:block/cloth/linen/green",
                "game:block/cloth/linen/orange",
                "game:block/cloth/linen/pink",
                "game:block/cloth/linen/purple",
                "game:block/cloth/linen/yellow"
              ]
            }
          ],
          "CreativeTabs": ["general", "armory-colors"]
        }
      }
    ],
    "*": [
      {
        "name": "GroundStorable",
        "properties": {
          "layout": "WallHalves",
          "wallOffY": 2,
          "sprintKey": true,
          "selectionBox": {"x1": 0, "y1": 0, "z1": 0, "x2": 1, "y2": 0.1, "z2": 1},
          "collisionBox": {"x1": 0, "y1": 0, "z1": 0, "x2": 0, "y2": 0, "z2": 0}
        }
      }
    ]
  },
  "attributes": {
    "handbook": {"groupBy": ["shield-light-plain-{material}"]},
    "groundStorageTransformByType": {
      "*-crude": {"translation": {"x": 0.2, "y": 0, "z": 0.35}, "rotation": {"x": 119, "y": -5, "z": -18}, "scale": 0.7},
      "*-copper": {"translation": {"x": 0.1, "y": 0.65, "z": 1.11}, "rotation": {"x": 115, "y": 0, "z": -25}, "origin": {"x": 0, "y": 0, "z": 0}, "scale": 0.8},
      "*-*bronze": {"translation": {"x": 0.1, "y": 0.67, "z": 1.05}, "rotation": {"x": 113, "y": 0, "z": -17}, "origin": {"x": 0, "y": 0, "z": 0}, "scale": 0.8},
      "*-*iron": {"translation": {"x": 0.1, "y": 0.83, "z": 0.98}, "rotation": {"x": 116, "y": 0, "z": -18}, "origin": {"x": 0, "y": 0, "z": 0}, "scale": 0.8},
      "*-steel": {"translation": {"x": 0.1, "y": 0.6, "z": 1.08}, "rotation": {"x": 111, "y": 0, "z": -13}, "origin": {"x": 0, "y": 0, "z": 0}, "scale": 0.8}
    },
    "toolrackTransform": {"rotation": {"x": 0, "y": 90, "z": 180}, "origin": {"x": 0.5, "y": 0.25, "z": 0.5}},
    "OffHandStanceByType": {
      "*-crude": {
        "CanAttack": false,
        "CanParry": true,
        "CanBlock": true,
        "CanSprint": true,
        "CanBash": false,
        "SpeedPenalty": 0,
        "BlockSpeedPenalty": -0.2,
        "Parry": {
          "Zones": ["Head", "Face", "Neck", "Torso", "LeftArm", "RightArm", "LeftHand", "RightHand", "LeftLeg", "RightLeg", "LeftFoot", "RightFoot"],
          "Directions": [45, 45, 45, 45],
          "Sound": "game:sounds/held/shieldblock-wood-heavy",
          "BlockTier": {"BluntAttack": 4, "SlashingAttack": 4, "PiercingAttack": 4}
        },
        "Block": {
          "Zones": ["Face", "Neck", "Torso", "LeftArm", "RightArm", "LeftHand", "RightHand", "LeftLeg", "RightLeg"],
          "Directions": [60, 60, 60, 60],
          "Sound": "game:sounds/held/shieldblock-wood-light",
          "BlockTier": {"BluntAttack": 2, "SlashingAttack": 2, "PiercingAttack": 2}
        },
        "BlockCooldownMs": 300,
        "BlockAnimation": "armory:shield-light-parry",
        "ReadyAnimation": "armory:shield-light-ready",
        "IdleAnimation": "armory:shield-light-ready",
        "BlockTpAnimation": "block"
      },
      "*-copper": {
        "CanAttack": false,
        "CanParry": true,
        "CanBlock": true,
        "CanSprint": true,
        "CanBash": true,
        "SpeedPenalty": 0,
        "BlockSpeedPenalty": -0.1,
        "Parry": {
          "Zones": ["Head", "Face", "Neck", "Torso", "LeftArm", "RightArm", "LeftHand", "RightHand", "LeftLeg", "RightLeg", "LeftFoot", "RightFoot"],
          "Directions": [45, 45, 45, 45],
          "Sound": "game:sounds/held/shieldblock-metal-heavy",
          "BlockTier": {"BluntAttack": 5, "SlashingAttack": 5, "PiercingAttack": 5}
        },
        "Block": {
          "Zones": ["Face", "Neck", "Torso", "LeftArm", "RightArm", "LeftHand", "RightHand", "LeftLeg", "RightLeg"],
          "Directions": [60, 60, 60, 60],
          "Sound": "game:sounds/held/shieldblock-metal-light",
          "BlockTier": {"BluntAttack": 3, "SlashingAttack": 3, "PiercingAttack": 3}
        },
        "BlockBash": {
          "StopOnTerrainHit": false,
          "StopOnEntityHit": true,
          "CollideWithTerrain": true,
          "MaxReach": 9,
          "DamageTypes": [
            {
              "DamageByType": {"*": {"DamageType": "BluntAttack", "Tier": 0, "Damage": 1}},
              "Knockback": 2,
              "DurabilityDamage": 1,
              "Collider": [-0.3, -0.3, 0.2, 0.39999998, -0.3, 0.2]
            }
          ]
        },
        "BlockCooldownMs": 300,
        "BlockAnimation": "armory:shield-light-parry",
        "ReadyAnimation": "armory:shield-light-ready",
        "IdleAnimation": "armory:shield-light-ready",
        "BlockBashAnimation": {"Main": ["combatoverhaul:shield-light-bash"]},
        "BlockTpAnimation": "block"
      },
      "*-*bronze": {
        "CanAttack": false,
        "CanParry": true,
        "CanBlock": true,
        "CanSprint": true,
        "CanBash": true,
        "SpeedPenalty": 0,
        "BlockSpeedPenalty": -0.2,
        "Parry": {
          "Zones": ["Head", "Face", "Neck", "Torso", "LeftArm", "RightArm", "LeftHand", "RightHand", "LeftLeg", "RightLeg", "LeftFoot", "RightFoot"],
          "Directions": [45, 45, 45, 45],
          "Sound": "game:sounds/held/shieldblock-wood-heavy",
          "BlockTier": {"BluntAttack": 6, "SlashingAttack": 6, "PiercingAttack": 6}
        },
        "Block": {
          "Zones": ["Face", "Neck", "Torso", "LeftArm", "RightArm", "LeftHand", "RightHand", "LeftLeg", "RightLeg"],
          "Directions": [60, 60, 60, 60],
          "Sound": "game:sounds/held/shieldblock-wood-light",
          "BlockTier": {"BluntAttack": 4, "SlashingAttack": 4, "PiercingAttack": 4}
        },
        "BlockBash": {
          "StopOnTerrainHit": false,
          "StopOnEntityHit": true,
          "CollideWithTerrain": true,
          "MaxReach": 9,
          "DamageTypes": [
            {
              "DamageByType": {"*": {"DamageType": "BluntAttack", "Tier": 0, "Damage": 1}},
              "Knockback": 2,
              "DurabilityDamage": 1,
              "Collider": [-0.3, -0.3, 0.2, 0.39999998, -0.3, 0.2]
            }
          ]
        },
        "BlockCooldownMs": 300,
        "BlockAnimation": "armory:shield-light-parry",
        "ReadyAnimation": "armory:shield-light-ready",
        "IdleAnimation": "armory:shield-light-ready",
        "BlockBashAnimation": {"Main": ["combatoverhaul:shield-light-bash"]},
        "BlockTpAnimation": "block"
      },
      "*-iron": {
        "CanAttack": false,
        "CanParry": true,
        "CanBlock": true,
        "CanSprint": true,
        "CanBash": true,
        "SpeedPenalty": 0,
        "BlockSpeedPenalty": -0.2,
        "Parry": {
          "Zones": ["Head", "Face", "Neck", "Torso", "LeftArm", "RightArm", "LeftHand", "RightHand", "LeftLeg", "RightLeg", "LeftFoot", "RightFoot"],
          "Directions": [60, 60, 60, 60],
          "Sound": "game:sounds/held/shieldblock-wood-heavy",
          "BlockTier": {"BluntAttack": 7, "SlashingAttack": 7, "PiercingAttack": 7}
        },
        "Block": {
          "Zones": ["Face", "Neck", "Torso", "LeftArm", "RightArm", "LeftHand", "RightHand", "LeftLeg", "RightLeg"],
          "Directions": [60, 60, 60, 60],
          "Sound": "game:sounds/held/shieldblock-wood-light",
          "BlockTier": {"BluntAttack": 5, "SlashingAttack": 5, "PiercingAttack": 5}
        },
        "BlockBash": {
          "StopOnTerrainHit": false,
          "StopOnEntityHit": true,
          "CollideWithTerrain": true,
          "MaxReach": 9,
          "DamageTypes": [
            {
              "DamageByType": {"*": {"DamageType": "BluntAttack", "Tier": 0, "Damage": 1}},
              "Knockback": 2,
              "DurabilityDamage": 1,
              "Collider": [-0.3, -0.3, 0.2, 0.39999998, -0.3, 0.2]
            }
          ]
        },
        "BlockCooldownMs": 300,
        "BlockAnimation": "armory:shield-light-parry",
        "ReadyAnimation": "armory:shield-light-ready",
        "IdleAnimation": "armory:shield-light-ready",
        "BlockBashAnimation": {"Main": ["combatoverhaul:shield-light-bash"]},
        "BlockTpAnimation": "block"
      },
      "*-steel": {
        "CanAttack": false,
        "CanParry": true,
        "CanBlock": true,
        "CanSprint": true,
        "CanBash": true,
        "SpeedPenalty": 0,
        "BlockSpeedPenalty": 0,
        "Parry": {
          "Zones": ["Head", "Face", "Neck", "Torso", "LeftArm", "RightArm", "LeftHand", "RightHand", "LeftLeg", "RightLeg", "LeftFoot", "RightFoot"],
          "Directions": [90, 90, 90, 90],
          "Sound": "game:sounds/held/shieldblock-metal-heavy",
          "BlockTier": {"BluntAttack": 9, "SlashingAttack": 9, "PiercingAttack": 9}
        },
        "Block": {
          "Zones": ["Head", "Face", "Neck", "Torso", "LeftArm", "RightArm", "LeftHand", "RightHand"],
          "Directions": [45, 45, 45, 45],
          "Sound": "game:sounds/held/shieldblock-metal-light",
          "BlockTier": {"BluntAttack": 7, "SlashingAttack": 7, "PiercingAttack": 7}
        },
        "BlockBash": {
          "StopOnTerrainHit": false,
          "StopOnEntityHit": true,
          "CollideWithTerrain": true,
          "MaxReach": 9,
          "DamageTypes": [
            {
              "DamageByType": {"*": {"DamageType": "BluntAttack", "Tier": 0, "Damage": 1}},
              "Knockback": 2,
              "DurabilityDamage": 1,
              "Collider": [-0.3, -0.3, 0.2, 0.39999998, -0.3, 0.2]
            }
          ]
        },
        "BlockCooldownMs": 300,
        "BlockAnimation": "armory:shield-light-parry",
        "ReadyAnimation": "armory:shield-light-ready",
        "IdleAnimation": "armory:shield-light-ready",
        "BlockBashAnimation": {"Main": ["combatoverhaul:shield-light-bash"]},
        "BlockTpAnimation": "block"
      }
    }
  },
  "shapeByType": {
    "*-crude": {"base": "shields/hide"},
    "*-copper": {"base": "shields/full-copper"},
    "*-tinbronze": {"base": "shields/dipylon"},
    "*-bismuthbronze": {"base": "shields/dipylon"},
    "*-blackbronze": {"base": "shields/dipylon"},
    "*-iron": {"base": "shields/round"},
    "*-steel": {"base": "shields/buckler"}
  },
  "texturesByType": {"*-crude": {}, "*": {"metal": {"base": "game:block/metal/plate/{material}"}}},
  "durabilitybytype": {"*-crude": 500, "*-copper": 1500, "*-tinbronze": 1000, "*-bismuthbronze": 1000, "*-blackbronze": 1000, "*-iron": 1500, "*-steel": 3000},
  "creativeinventory": {"general": ["*"], "armory": ["*"]},
  "guiTransformByType": {
    "*-crude": {"translation": {"x": 0, "y": 0, "z": 0}, "rotation": {"x": 113, "y": -39, "z": -33}, "origin": {"x": 0.8, "y": -0.3, "z": 0.7}, "scale": 0.97},
    "*-copper": {"translation": {"x": 0, "y": 0, "z": 0}, "rotation": {"x": 121, "y": 0, "z": -30}, "origin": {"x": 0.46, "y": 0, "z": 0.5}, "scale": 1.6},
    "*-tinbronze": {"translation": {"x": 0, "y": 0, "z": 0}, "rotation": {"x": 121, "y": 0, "z": -30}, "origin": {"x": 0.46, "y": 0, "z": 0.5}, "scale": 1.6},
    "*-bismuthbronze": {"translation": {"x": 0, "y": 0, "z": 0}, "rotation": {"x": 121, "y": 0, "z": -30}, "origin": {"x": 0.46, "y": 0, "z": 0.5}, "scale": 1.6},
    "*-blackbronze": {"translation": {"x": 0, "y": 0, "z": 0}, "rotation": {"x": 121, "y": 0, "z": -30}, "origin": {"x": 0.46, "y": 0, "z": 0.5}, "scale": 1.6},
    "*-iron": {"translation": {"x": 0, "y": 0, "z": 0}, "rotation": {"x": 121, "y": 0, "z": -30}, "origin": {"x": 0.46, "y": 0, "z": 0.5}, "scale": 1.2},
    "*-steel": {"translation": {"x": 0, "y": 0, "z": 0}, "rotation": {"x": 121, "y": 0, "z": -30}, "origin": {"x": 0.46, "y": 0, "z": 0.5}, "scale": 1.6}
  },
  "groundTransform": {"translation": {"x": 0, "y": 0, "z": 0}, "rotation": {"x": 0, "y": 0, "z": 0}, "origin": {"x": 0, "y": 0, "z": 0}, "scale": 4},
  "tpHandTransformByType": {
    "*-crude": {"translation": {"x": -0.5, "y": 0.5, "z": -0.2}, "rotation": {"x": 0, "y": -90, "z": -102}, "origin": {"x": 0, "y": 0, "z": 0}, "scale": 0.7},
    "*-copper": {"translation": {"x": -0.5, "y": 0.5, "z": -0.15}, "rotation": {"x": 0, "y": -90, "z": -102}, "origin": {"x": 0, "y": 0, "z": 0}, "scale": 0.8},
    "*-tinbronze": {"translation": {"x": -0.5, "y": 0.5, "z": -0.15}, "rotation": {"x": 0, "y": -90, "z": -102}, "origin": {"x": 0, "y": 0, "z": 0}, "scale": 1},
    "*-bismuthbronze": {"translation": {"x": -0.5, "y": 0.5, "z": -0.15}, "rotation": {"x": 0, "y": -90, "z": -102}, "origin": {"x": 0, "y": 0, "z": 0}, "scale": 1},
    "*-blackbronze": {"translation": {"x": -0.5, "y": 0.5, "z": -0.15}, "rotation": {"x": 0, "y": -90, "z": -102}, "origin": {"x": 0, "y": 0, "z": 0}, "scale": 1},
    "*-iron": {"translation": {"x": 0.5, "y": 0.5, "z": -0.1}, "rotation": {"x": -102, "y": 0, "z": 0}, "origin": {"x": 0, "y": 0, "z": 0}, "scale": 0.8},
    "*-steel": {"translation": {"x": 0.5, "y": 0.5, "z": -0.2}, "rotation": {"x": -110, "y": 0, "z": 0}, "origin": {"x": 0, "y": 0, "z": 0}, "scale": 0.8}
  },
  "tpOffHandTransformByType": {
    "*-crude": {"translation": {"x": -0.5, "y": -0.48, "z": -0.02}, "rotation": {"x": 0, "y": -90, "z": 102}, "origin": {"x": 0, "y": 0, "z": 0}, "scale": 0.7},
    "*-copper": {"translation": {"x": -0.52, "y": -0.48, "z": -0.05}, "rotation": {"x": 0, "y": -90, "z": 102}, "origin": {"x": 0, "y": 0, "z": 0}, "scale": 0.8},
    "*-*bronze": {"translation": {"x": -0.52, "y": -0.48, "z": -0.05}, "rotation": {"x": 0, "y": -90, "z": 102}, "origin": {"x": 0, "y": 0, "z": 0}, "scale": 1},
    "*-iron": {"translation": {"x": 0.48, "y": -0.48, "z": -0.08}, "rotation": {"x": 102, "y": 0, "z": 0}, "origin": {"x": 0, "y": 0, "z": 0}, "scale": 0.8},
    "*-steel": {"translation": {"x": 0.5, "y": -0.45, "z": -0.15}, "rotation": {"x": 110, "y": 0, "z": 0}, "origin": {"x": 0, "y": 0, "z": 0}, "scale": 0.8}
  }
}