﻿{
  "code": "sword",
  "class": "CombatOverhaul:MeleeWeapon",
  "tags": ["weapon", "weapon-melee", "sword", "twohanded", "onehanded"],
  "behaviorsByType": {
    "*-steel": [
      {
        "name": "GroundStorable",
        "properties": {
          "layout": "WallHalves",
          "wallOffY": 2,
          "sprintKey": true,
          "selectionBox": {"x1": 0, "y1": 0, "z1": 0, "x2": 1, "y2": 0.1, "z2": 1},
          "collisionBox": {"x1": 0, "y1": 0, "z1": 0, "x2": 0, "y2": 0, "z2": 0}
        }
      },
      {
        "name": "CombatOverhaul:TexturesFromAttributes",
        "properties": {
          "Textures": [
            {
              "Code": "handle",
              "Attribute": "handleTexture",
              "Default": "game:block/leather/plain",
              "HandbookValues": [
                "game:block/leather/plain",
                "game:block/leather/black",
                "game:block/leather/blue",
                "game:block/leather/chromium",
                "game:block/leather/gray",
                "game:block/leather/green",
                "game:block/leather/orange",
                "game:block/leather/pink",
                "game:block/leather/purple",
                "game:block/leather/red",
                "game:block/leather/white",
                "game:block/leather/yellow"
              ]
            }
          ],
          "CreativeTabs": ["general", "armory-colors"]
        }
      }
    ],
    "*": [
      {
        "name": "GroundStorable",
        "properties": {
          "layout": "WallHalves",
          "wallOffY": 2,
          "sprintKey": true,
          "selectionBox": {"x1": 0, "y1": 0, "z1": 0, "x2": 1, "y2": 0.1, "z2": 1},
          "collisionBox": {"x1": 0, "y1": 0, "z1": 0, "x2": 0, "y2": 0, "z2": 0}
        }
      },
      {
        "name": "CombatOverhaul:TexturesFromAttributes",
        "properties": {
          "Textures": [
            {
              "Code": "handle",
              "Attribute": "handleTexture",
              "Default": "game:block/wood/debarked/oak",
              "HandbookValues": [
                "game:block/wood/debarked/aged",
                "game:block/wood/debarked/birch",
                "game:block/wood/debarked/oak",
                "game:block/wood/debarked/maple",
                "game:block/wood/debarked/pine",
                "game:block/wood/debarked/acacia",
                "game:block/wood/debarked/kapok",
                "game:block/wood/debarked/baldcypress",
                "game:block/wood/debarked/larch",
                "game:block/wood/debarked/redwood",
                "game:block/wood/debarked/ebony",
                "game:block/wood/debarked/walnut",
                "game:block/wood/debarked/purpleheart"
              ]
            }
          ],
          "CreativeTabs": ["general", "armory-colors"]
        }
      }
    ]
  },
  "variantgroups": [
    {"code": "handling", "states": ["long"]},
    {"code": "type", "states": ["plain"]},
    {"code": "material", "states": ["tinbronze", "bismuthbronze", "blackbronze", "iron", "meteoriciron", "steel"]}
  ],
  "damagedby": ["attacking"],
  "tool": "sword",
  "textures": {"blade": {"base": "game:block/metal/plate/{material}"}},
  "shapeByType": {"*-*bronze": {"base": "swords/sword-spatha-plain"}, "*-*iron": {"base": "swords/sword-seax-plain"}, "*-steel": {"base": "swords/sword-long-plain"}},
  "attributes": {
    "handbook": {"groupBy": ["sword-long-{material}"]},
    "groundStorageTransformByType": {
      "*-*bronze": {"translation": {"x": 0.5, "y": 0.04, "z": 0.38}, "rotation": {"x": 11, "y": 0, "z": 90}, "origin": {"x": 0, "y": 0, "z": 0}, "scale": 0.6},
      "*-*iron": {"translation": {"x": 0.5, "y": 0.34, "z": 0.38}, "rotation": {"x": 11, "y": 0, "z": 90}, "origin": {"x": 0, "y": 0, "z": 0}, "scale": 0.6},
      "*-steel": {"translation": {"x": 0.5, "y": 0.24, "z": 0.3}, "rotation": {"x": 11, "y": 0, "z": 90}, "origin": {"x": 0, "y": 0, "z": 0}, "scale": 0.6}
    },
    "toolrackTransformByType": {
      "*-*bronze": {"translation": {"x": 1.2, "y": 0, "z": 0.5}, "rotation": {"x": 90, "y": 180, "z": 0}, "origin": {"x": 0, "y": 0, "z": 0}},
      "*-*iron": {"translation": {"x": 1.2, "y": 0, "z": 0.5}, "rotation": {"x": 90, "y": 180, "z": 0}, "origin": {"x": 0, "y": 0, "z": 0}},
      "*-steel": {"translation": {"x": 1.2, "y": 0, "z": 0.5}, "rotation": {"x": 90, "y": 180, "z": 0}, "origin": {"x": 0, "y": 0, "z": 0}}
    },
    "ProficiencyStat": "twoHandedSwordsProficiency",
    "RenderingOffset": false,
    "OneHandedStance": {
      "CanAttack": true,
      "CanParry": false,
      "CanBlock": false,
      "CanSprint": true,
      "Attack": {
        "StopOnTerrainHit": true,
        "StopOnEntityHit": true,
        "CollideWithTerrain": true,
        "MaxReach": 9,
        "DamageTypesByType": {
          "*-*bronze": [{"Damage": {"DamageType": "SlashingAttack", "Strength": 3, "Damage": 4}, "Knockback": 0, "DurabilityDamage": 1, "Collider": [0.5, 0, 0.5, 2.8, 0, 0.5]}],
          "*-iron": [
            {"Damage": {"DamageType": "SlashingAttack", "Strength": 4, "Damage": 4.5}, "Knockback": 0, "DurabilityDamage": 1, "Collider": [0.5, -0.05, 0.5, 3, -0.05, 0.5]}
          ],
          "*-meteoriciron": [
            {"Damage": {"DamageType": "SlashingAttack", "Strength": 5, "Damage": 4.5}, "Knockback": 0, "DurabilityDamage": 1, "Collider": [0.5, -0.05, 0.5, 3, -0.05, 0.5]}
          ],
          "*-steel": [{"Damage": {"DamageType": "SlashingAttack", "Strength": 6, "Damage": 5}, "Knockback": 0, "DurabilityDamage": 1, "Collider": [0.5, 0, 0.5, 3.1, 0, 0.5]}]
        }
      },
      "AttackHitSound": "game:sounds/thud",
      "AttackAnimationByType": {
        "*-*bronze": {"Main": ["armory:sword-long-slash-1h-1", "armory:sword-long-slash-1h-2"]},
        "*-*iron": {"Main": ["armory:sword-long-slash-1h-1", "armory:sword-long-slash-1h-2"]},
        "*-steel": {"Main": ["armory:sword-long-thrust-1h-1", "armory:sword-long-thrust-1h-2", "armory:sword-long-thrust-1h-3"]}
      },
      "TpAttackAnimation": {"Main": "combatoverhaul-falx-slash"},
      "SpeedPenalty": 0,
      "ReadyAnimation": "armory:sword-long-ready-1h",
      "IdleAnimation": "armory:sword-long-idle-1h",
      "AttackTpAnimation": "falx"
    },
    "TwoHandedStance": {
      "CanAttack": true,
      "CanParry": true,
      "CanBlock": false,
      "CanSprint": true,
      "Attack": {
        "StopOnTerrainHit": true,
        "StopOnEntityHit": true,
        "CollideWithTerrain": true,
        "MaxReach": 9,
        "DamageTypesByType": {
          "*-*bronze": [{"Damage": {"DamageType": "SlashingAttack", "Strength": 3, "Damage": 5}, "Knockback": 1, "DurabilityDamage": 1, "Collider": [0.5, 0, 0.5, 2.8, 0, 0.5]}],
          "*-iron": [
            {"Damage": {"DamageType": "SlashingAttack", "Strength": 4, "Damage": 5.5}, "Knockback": 1, "DurabilityDamage": 1, "Collider": [0.5, -0.05, 0.5, 3, -0.05, 0.5]}
          ],
          "*-meteoriciron": [
            {"Damage": {"DamageType": "SlashingAttack", "Strength": 5, "Damage": 5.5}, "Knockback": 1, "DurabilityDamage": 1, "Collider": [0.5, -0.05, 0.5, 3, -0.05, 0.5]}
          ],
          "*-steel": [{"Damage": {"DamageType": "SlashingAttack", "Strength": 6, "Damage": 6}, "Knockback": 1, "DurabilityDamage": 1, "Collider": [0.5, 0, 0.5, 3.1, 0, 0.5]}]
        }
      },
      "AttackHitSound": "game:sounds/thud",
      "AttackDirectionsType": "Square",
      "AttackAnimationByType": {
        "*-*bronze": {
          "Top": ["armory:sword-long-slash-2h-top"],
          "Left": ["armory:sword-long-slash-2h-left"],
          "Right": ["armory:sword-long-slash-2h-right"],
          "Bottom": ["armory:sword-long-thrust-2h-bottom"]
        },
        "*-*iron": {
          "Top": ["armory:sword-long-slash-2h-top"],
          "Left": ["armory:sword-long-slash-2h-left"],
          "Right": ["armory:sword-long-slash-2h-right"],
          "Bottom": ["armory:sword-long-thrust-2h-bottom"]
        },
        "*-steel": {
          "Top": ["armory:sword-long-slash-2h-top"],
          "Left": ["armory:sword-long-slash-2h-left"],
          "Right": ["armory:sword-long-slash-2h-right"],
          "Bottom": ["armory:sword-long-thrust-2h-bottom"]
        }
      },
      "TpAttackAnimation": {"Top": "combatoverhaul-falx-slash", "Left": "combatoverhaul-falx-slash", "Right": "combatoverhaul-falx-slash", "Bottom": "combatoverhaul-falx-slash"},
      "SpeedPenalty": 0,
      "BlockSpeedPenalty": 0,
      "Parry": {
        "Zones": ["Head", "Face", "Neck", "Torso", "LeftArm", "RightArm", "LeftHand", "RightHand", "LeftLeg", "RightLeg", "LeftFoot", "RightFoot"],
        "Directions": [90, 90, 90, 90],
        "Sound": "game:sounds/held/shieldblock-metal-heavy",
        "BlockTier": {"BluntAttack": 9, "SlashingAttack": 9, "PiercingAttack": 9},
        "CanBlockProjectiles": false
      },
      "BlockCooldownMs": 300,
      "BlockAnimation": "armory:sword-long-parry-2h",
      "ReadyAnimation": "armory:sword-long-ready-2h",
      "IdleAnimation": "armory:sword-long-idle-2h",
      "AttackTpAnimation": "falx"
    }
  },
  "durabilitybytype": {"*-copper": 250, "*-tinbronze": 450, "*-bismuthbronze": 530, "*-blackbronze": 600, "*-iron": 850, "*-meteoriciron": 1100, "*-steel": 2125, "*": 150},
  "creativeinventory": {"general": ["*"], "armory": ["*"]},
  "guiTransformByType": {
    "*-*bronze": {
      "translation": {"x": 0, "y": 0, "z": 0},
      "rotation": {"x": 40, "y": 0, "z": -52},
      "origin": {"x": 0.8, "y": -0.25, "z": 0},
      "scaleXyz": {"x": -2, "y": 2, "z": 2}
    },
    "*-*iron": {
      "translation": {"x": 0, "y": 0, "z": 0},
      "rotation": {"x": 40, "y": 0, "z": -52},
      "origin": {"x": 0.5, "y": -0.25, "z": 0},
      "scaleXyz": {"x": -1.62, "y": 1.62, "z": 1.62}
    },
    "*-steel": {
      "translation": {"x": 0, "y": 0, "z": 0},
      "rotation": {"x": 40, "y": 0, "z": -52},
      "origin": {"x": 0.7, "y": -0.25, "z": 0},
      "scaleXyz": {"x": -1.77, "y": 1.77, "z": 1.77}
    }
  },
  "groundTransform": {"translation": {"x": 0, "y": 0, "z": 0}, "rotation": {"x": 0, "y": 0, "z": 0}, "origin": {"x": 0, "y": 0, "z": 0}, "scale": 4},
  "tpHandTransform": {"translation": {"x": 0.33, "y": 0.05, "z": 0.5}, "rotation": {"x": 0, "y": 0, "z": 0}, "origin": {"x": 0, "y": 0, "z": 0}, "scale": 0.6}
}