{
	"editor": {
		"collapsedPaths": ",Root/origin/stemdown5,Root/origin/stemdown4,Root/origin/stemdown3,Root/origin/stemdown2,Root/origin2/stemtop5,Root/origin/stemdown28,Root/origin/stemdown26,Root/origin/budorigin3/bud7,Root/origin/stemdown25,Root/origin2,Root/origin/stemdown22,Root/origin/stemdown21,Root/origin/stemtop9,Root/origin/stemtop5,Root/origin/budstembiglower,Root/origin/stemdown30,Root/origin/bud5,Root/origin/bud,Root/origin/bud4,Root/origin/bud3,Root/origin/bud2",
		"allAngles": true,
		"entityTextureMode": false
	},
	"textureWidth": 16,
	"textureHeight": 16,
	"textureSizes": {
		"chamomile": [16,16]
	},
	"textures": {
	},
	"elements": [
		{
			"name": "origin",
			"from": [ 8.0, 0.0, 8.0 ],
			"to": [ 8.0, 0.0, 8.0 ],
			"rotationOrigin": [ 8.0, 0.0, 8.0 ],
			"faces": {
			},
			"children": [
				{
					"name": "flower14",
					"from": [ -1.05, -0.3, -6.22 ],
					"to": [ -0.7, 4.7, -5.87 ],
					"rotationOrigin": [ -0.85, -0.3, -5.95 ],
					"rotationY": 45.0,
					"faces": {
						"north": { "texture": "#chamomile", "uv": [ 1.0, 11.0, 1.5, 16.0 ], "windMode": [0,4,4,0] },
						"east": { "texture": "#chamomile", "uv": [ 1.0, 11.0, 1.5, 16.0 ], "windMode": [0,4,4,0] },
						"south": { "texture": "#chamomile", "uv": [ 0.5, 11.0, 1.0, 16.0 ], "windMode": [0,0,4,4] },
						"west": { "texture": "#chamomile", "uv": [ 0.5, 11.0, 1.0, 16.0 ], "windMode": [0,0,4,4] }
					},
					"children": [
						{
							"name": "stemdown2",
							"from": [ 0.1326, 0.0, -1.6718 ],
							"to": [ 0.1326, 5.0, 1.8282 ],
							"rotationOrigin": [ 0.1293, 0.0, 0.1286 ],
							"rotationY": -89.9802,
							"faces": {
								"east": { "texture": "#chamomile", "uv": [ 5.0, 10.5, 8.5, 15.5 ], "windMode": [0,1,1,0] }
							},
							"children": [
								{
									"name": "Cube2",
									"from": [ -1.7, 0.0, 1.8 ],
									"to": [ 1.8, 5.0, 1.8 ],
									"rotationOrigin": [ 0.0, 0.0, 1.8 ],
									"faces": {
										"north": { "texture": "#chamomile", "uv": [ 5.0, 11.0, 8.5, 16.0 ], "windMode": [0,1,1,0] }
									}
								}
							]
						},
						{
							"name": "stem10",
							"from": [ 0.0, 5.0, 0.0 ],
							"to": [ 0.35, 10.0, 0.35 ],
							"rotationOrigin": [ 0.2, 5.0, 0.27 ],
							"faces": {
								"north": { "texture": "#chamomile", "uv": [ 1.0, 7.0, 1.5, 12.0 ], "windMode": [4,4,4,4] },
								"east": { "texture": "#chamomile", "uv": [ 0.5, 7.0, 1.0, 12.0 ], "windMode": [4,4,4,4] },
								"south": { "texture": "#chamomile", "uv": [ 0.0, 6.5, 0.5, 11.5 ], "windMode": [4,4,4,4] },
								"west": { "texture": "#chamomile", "uv": [ 1.0, 6.0, 1.5, 11.0 ], "windMode": [4,4,4,4] },
								"up": { "texture": "#chamomile", "uv": [ 0.0, 0.0, 0.5, 0.5 ], "windMode": [4,4,4,4] }
							}
						},
						{
							"name": "stemdown5",
							"from": [ 0.1293, 5.0, -1.6714 ],
							"to": [ 0.1293, 10.0, 1.8286 ],
							"rotationOrigin": [ 0.1293, 5.0, 0.1286 ],
							"rotationX": -180.0,
							"rotationY": -45.0,
							"rotationZ": -180.0,
							"faces": {
								"east": { "texture": "#chamomile", "uv": [ 5.0, 10.5, 8.5, 15.5 ], "windMode": [1,1,1,1] }
							},
							"children": [
								{
									"name": "Cube5",
									"from": [ -1.7, 0.0, 1.8 ],
									"to": [ 1.8, 5.0, 1.8 ],
									"rotationOrigin": [ 0.0, 0.0, 1.8 ],
									"faces": {
										"north": { "texture": "#chamomile", "uv": [ 5.0, 11.0, 8.5, 16.0 ], "windMode": [1,1,1,1] }
									}
								}
							]
						}
					]
				},
				{
					"name": "flower9",
					"from": [ 4.95, -0.3, -4.22 ],
					"to": [ 5.3, 4.7, -3.87 ],
					"rotationOrigin": [ 5.15, -0.3, -3.95 ],
					"rotationY": 45.0,
					"faces": {
						"north": { "texture": "#chamomile", "uv": [ 1.0, 11.0, 1.5, 16.0 ], "windMode": [0,4,4,0] },
						"east": { "texture": "#chamomile", "uv": [ 0.5, 11.0, 1.0, 16.0 ], "windMode": [0,4,4,0] },
						"south": { "texture": "#chamomile", "uv": [ 1.0, 11.0, 1.5, 16.0 ], "windMode": [0,0,4,4] },
						"west": { "texture": "#chamomile", "uv": [ 0.5, 11.0, 1.0, 16.0 ], "windMode": [0,0,4,4] }
					},
					"children": [
						{
							"name": "stem11",
							"from": [ 0.0, 5.0, 0.0 ],
							"to": [ 0.35, 10.0, 0.35 ],
							"rotationOrigin": [ 0.2, 5.0, 0.27 ],
							"faces": {
								"north": { "texture": "#chamomile", "uv": [ 1.0, 7.0, 1.5, 12.0 ], "windMode": [4,4,4,4] },
								"east": { "texture": "#chamomile", "uv": [ 0.5, 7.0, 1.0, 12.0 ], "windMode": [4,4,4,4] },
								"south": { "texture": "#chamomile", "uv": [ 0.0, 6.5, 0.5, 11.5 ], "windMode": [4,4,4,4] },
								"west": { "texture": "#chamomile", "uv": [ 1.0, 6.0, 1.5, 11.0 ], "windMode": [4,4,4,4] },
								"up": { "texture": "#chamomile", "uv": [ 0.0, 0.0, 0.5, 0.5 ], "windMode": [4,4,4,4] }
							}
						},
						{
							"name": "stemdown28",
							"from": [ 0.1293, 5.0, -1.6714 ],
							"to": [ 0.1293, 10.0, 1.8286 ],
							"rotationOrigin": [ 0.1293, 5.0, 0.1286 ],
							"rotationX": -180.0,
							"rotationY": -45.0,
							"rotationZ": -180.0,
							"faces": {
								"east": { "texture": "#chamomile", "uv": [ 5.0, 11.0, 8.5, 16.0 ], "windMode": [1,1,1,1] }
							},
							"children": [
								{
									"name": "Cube29",
									"from": [ -1.7, 0.0, 1.8 ],
									"to": [ 1.8, 5.0, 1.8 ],
									"rotationOrigin": [ 0.0, 0.0, 1.8 ],
									"faces": {
										"north": { "texture": "#chamomile", "uv": [ 5.0, 10.5, 8.5, 15.5 ], "windMode": [1,1,1,1] }
									}
								}
							]
						},
						{
							"name": "stemdown25",
							"from": [ 0.1319, 0.0, -1.6697 ],
							"to": [ 0.1319, 5.0, 1.8303 ],
							"rotationOrigin": [ 0.1293, 0.0, 0.1286 ],
							"rotationY": -89.9802,
							"faces": {
								"east": { "texture": "#chamomile", "uv": [ 5.0, 11.0, 8.5, 16.0 ], "windMode": [0,1,1,0] }
							},
							"children": [
								{
									"name": "Cube26",
									"from": [ -1.7, 0.0, 1.8 ],
									"to": [ 1.8, 5.0, 1.8 ],
									"rotationOrigin": [ 0.0, 0.0, 1.8 ],
									"faces": {
										"north": { "texture": "#chamomile", "uv": [ 5.0, 10.5, 8.5, 15.5 ], "windMode": [0,1,1,0] }
									}
								}
							]
						},
						{
							"name": "stemtop15",
							"from": [ 0.3195, 9.8, -0.1023 ],
							"to": [ 0.5695, 11.8, 0.1477 ],
							"rotationOrigin": [ 0.2495, 9.8, -0.0623 ],
							"rotationX": -48.2267,
							"rotationY": -87.0582,
							"rotationZ": -57.1422,
							"faces": {
								"north": { "texture": "#chamomile", "uv": [ 1.0, 7.0, 1.5, 9.0 ], "windMode": [4,4,4,4] },
								"east": { "texture": "#chamomile", "uv": [ 0.5, 7.0, 1.0, 9.0 ], "windMode": [4,4,4,4] },
								"south": { "texture": "#chamomile", "uv": [ 0.0, 6.5, 0.5, 8.5 ], "windMode": [4,4,4,4] },
								"west": { "texture": "#chamomile", "uv": [ 1.0, 6.0, 1.5, 8.0 ], "windMode": [4,4,4,4] },
								"up": { "texture": "#chamomile", "uv": [ 0.0, 0.0, 0.5, 0.5 ], "windMode": [4,4,4,4] }
							}
						}
					]
				},
				{
					"name": "flower",
					"from": [ 2.95, -0.3, -0.22 ],
					"to": [ 3.3, 4.7, 0.13 ],
					"rotationOrigin": [ 3.15, -0.3, 0.05 ],
					"rotationY": 45.0,
					"faces": {
						"north": { "texture": "#chamomile", "uv": [ 1.0, 11.0, 1.5, 16.0 ], "windMode": [0,4,4,0] },
						"east": { "texture": "#chamomile", "uv": [ 1.0, 11.0, 1.5, 16.0 ], "windMode": [0,4,4,0] },
						"south": { "texture": "#chamomile", "uv": [ 0.5, 11.0, 1.0, 16.0 ], "windMode": [0,0,4,4] },
						"west": { "texture": "#chamomile", "uv": [ 0.5, 11.0, 1.0, 16.0 ], "windMode": [0,0,4,4] }
					},
					"children": [
						{
							"name": "stemdown26",
							"from": [ 0.1305, 0.0, -1.6704 ],
							"to": [ 0.1305, 5.0, 1.8296 ],
							"rotationOrigin": [ 0.1293, 0.0, 0.1286 ],
							"rotationY": -89.9802,
							"faces": {
								"east": { "texture": "#chamomile", "uv": [ 5.0, 10.5, 8.5, 15.5 ], "windMode": [0,1,1,0] }
							},
							"children": [
								{
									"name": "Cube27",
									"from": [ -1.7, 0.0, 1.8 ],
									"to": [ 1.8, 5.0, 1.8 ],
									"rotationOrigin": [ 0.0, 0.0, 1.8 ],
									"faces": {
										"north": { "texture": "#chamomile", "uv": [ 5.0, 10.5, 8.5, 15.5 ], "windMode": [0,1,1,0] }
									}
								}
							]
						},
						{
							"name": "stem12",
							"from": [ 0.0, 5.0, 0.0 ],
							"to": [ 0.35, 10.0, 0.35 ],
							"rotationOrigin": [ 0.2, 5.0, 0.27 ],
							"faces": {
								"north": { "texture": "#chamomile", "uv": [ 1.0, 7.0, 1.5, 12.0 ], "windMode": [4,4,4,4] },
								"east": { "texture": "#chamomile", "uv": [ 0.5, 7.0, 1.0, 12.0 ], "windMode": [4,4,4,4] },
								"south": { "texture": "#chamomile", "uv": [ 0.0, 6.5, 0.5, 11.5 ], "windMode": [4,4,4,4] },
								"west": { "texture": "#chamomile", "uv": [ 1.0, 6.0, 1.5, 11.0 ], "windMode": [4,4,4,4] },
								"up": { "texture": "#chamomile", "uv": [ 0.0, 0.0, 0.5, 0.5 ], "windMode": [4,4,4,4] }
							}
						},
						{
							"name": "stemdown29",
							"from": [ 0.1293, 5.0, -1.6714 ],
							"to": [ 0.1293, 10.0, 1.8286 ],
							"rotationOrigin": [ 0.1293, 5.0, 0.1286 ],
							"rotationX": -180.0,
							"rotationY": -45.0,
							"rotationZ": -180.0,
							"faces": {
								"east": { "texture": "#chamomile", "uv": [ 5.0, 10.5, 8.5, 15.5 ], "windMode": [1,1,1,1] }
							},
							"children": [
								{
									"name": "Cube30",
									"from": [ -1.7, 0.0, 1.8 ],
									"to": [ 1.8, 5.0, 1.8 ],
									"rotationOrigin": [ 0.0, 0.0, 1.8 ],
									"faces": {
										"north": { "texture": "#chamomile", "uv": [ 5.0, 10.5, 8.5, 15.5 ], "windMode": [1,1,1,1] }
									}
								}
							]
						}
					]
				},
				{
					"name": "flower12",
					"from": [ 1.95, -0.3, 2.78 ],
					"to": [ 2.3, 4.7, 3.13 ],
					"rotationOrigin": [ 2.15, -0.3, 3.05 ],
					"rotationY": 45.0,
					"faces": {
						"north": { "texture": "#chamomile", "uv": [ 0.5, 11.0, 1.0, 16.0 ], "windMode": [0,4,4,0] },
						"east": { "texture": "#chamomile", "uv": [ 1.0, 11.0, 1.5, 16.0 ], "windMode": [0,4,4,0] },
						"south": { "texture": "#chamomile", "uv": [ 0.5, 11.0, 1.0, 16.0 ], "windMode": [0,0,4,4] },
						"west": { "texture": "#chamomile", "uv": [ 0.5, 11.0, 1.0, 16.0 ], "windMode": [0,0,4,4] }
					},
					"children": [
						{
							"name": "stem13",
							"from": [ 0.0, 5.0, 0.0 ],
							"to": [ 0.35, 10.0, 0.35 ],
							"rotationOrigin": [ 0.2, 5.0, 0.27 ],
							"faces": {
								"north": { "texture": "#chamomile", "uv": [ 1.0, 7.0, 1.5, 12.0 ], "windMode": [4,4,4,4] },
								"east": { "texture": "#chamomile", "uv": [ 0.5, 7.0, 1.0, 12.0 ], "windMode": [4,4,4,4] },
								"south": { "texture": "#chamomile", "uv": [ 0.0, 6.5, 0.5, 11.5 ], "windMode": [4,4,4,4] },
								"west": { "texture": "#chamomile", "uv": [ 1.0, 6.0, 1.5, 11.0 ], "windMode": [4,4,4,4] },
								"up": { "texture": "#chamomile", "uv": [ 0.0, 0.0, 0.5, 0.5 ], "windMode": [4,4,4,4] }
							}
						},
						{
							"name": "stemdown27",
							"from": [ 0.1293, 5.0, -1.6714 ],
							"to": [ 0.1293, 10.0, 1.8286 ],
							"rotationOrigin": [ 0.1293, 5.0, 0.1286 ],
							"rotationX": -180.0,
							"rotationY": -45.0,
							"rotationZ": -180.0,
							"faces": {
								"east": { "texture": "#chamomile", "uv": [ 5.0, 10.5, 8.5, 15.5 ], "windMode": [1,1,1,1] }
							},
							"children": [
								{
									"name": "Cube28",
									"from": [ -1.7, 0.0, 1.8 ],
									"to": [ 1.8, 5.0, 1.8 ],
									"rotationOrigin": [ 0.0, 0.0, 1.8 ],
									"faces": {
										"north": { "texture": "#chamomile", "uv": [ 5.0, 10.5, 8.5, 15.5 ], "windMode": [1,1,1,1] }
									}
								}
							]
						},
						{
							"name": "stemdown23",
							"from": [ 0.1288, 0.0, -1.6693 ],
							"to": [ 0.1288, 5.0, 1.8307 ],
							"rotationOrigin": [ 0.1293, 0.0, 0.1286 ],
							"rotationY": -89.9802,
							"faces": {
								"east": { "texture": "#chamomile", "uv": [ 5.0, 10.5, 8.5, 15.5 ], "windMode": [0,1,1,0] }
							},
							"children": [
								{
									"name": "Cube24",
									"from": [ -1.7, 0.0, 1.8 ],
									"to": [ 1.8, 5.0, 1.8 ],
									"rotationOrigin": [ 0.0, 0.0, 1.8 ],
									"faces": {
										"north": { "texture": "#chamomile", "uv": [ 5.0, 10.5, 8.5, 15.5 ], "windMode": [0,1,1,0] }
									}
								}
							]
						},
						{
							"name": "stemtop7",
							"from": [ 0.0874, 9.8, 0.0584 ],
							"to": [ 0.3374, 11.8, 0.3084 ],
							"rotationOrigin": [ 0.0374, 9.8, 0.0084 ],
							"rotationX": -2.1208,
							"rotationY": 0.0393,
							"rotationZ": 5.8792,
							"faces": {
								"north": { "texture": "#chamomile", "uv": [ 1.0, 7.0, 1.5, 9.0 ], "windMode": [4,4,4,4] },
								"east": { "texture": "#chamomile", "uv": [ 0.5, 7.0, 1.0, 9.0 ], "windMode": [4,4,4,4] },
								"south": { "texture": "#chamomile", "uv": [ 0.0, 6.5, 0.5, 8.5 ], "windMode": [4,4,4,4] },
								"west": { "texture": "#chamomile", "uv": [ 1.0, 6.0, 1.5, 8.0 ], "windMode": [4,4,4,4] },
								"up": { "texture": "#chamomile", "uv": [ 0.0, 0.0, 0.5, 0.5 ], "windMode": [4,4,4,4] }
							}
						}
					]
				},
				{
					"name": "flower7",
					"from": [ -2.05, -0.3, 0.78 ],
					"to": [ -1.7, 4.7, 1.13 ],
					"rotationOrigin": [ -1.85, -0.3, 1.05 ],
					"rotationY": -135.0,
					"faces": {
						"north": { "texture": "#chamomile", "uv": [ 1.0, 11.0, 1.5, 16.0 ], "windMode": [0,4,4,0] },
						"east": { "texture": "#chamomile", "uv": [ 1.0, 11.0, 1.5, 16.0 ], "windMode": [0,4,4,0] },
						"south": { "texture": "#chamomile", "uv": [ 0.5, 11.0, 1.0, 16.0 ], "windMode": [0,0,4,4] },
						"west": { "texture": "#chamomile", "uv": [ 0.5, 11.0, 1.0, 16.0 ], "windMode": [0,0,4,4] }
					},
					"children": [
						{
							"name": "stem16",
							"from": [ 0.0, 5.0, 0.0 ],
							"to": [ 0.35, 10.0, 0.35 ],
							"rotationOrigin": [ 0.2, 5.0, 0.27 ],
							"faces": {
								"north": { "texture": "#chamomile", "uv": [ 1.0, 7.0, 1.5, 12.0 ], "windMode": [4,4,4,4] },
								"east": { "texture": "#chamomile", "uv": [ 0.5, 7.0, 1.0, 12.0 ], "windMode": [4,4,4,4] },
								"south": { "texture": "#chamomile", "uv": [ 0.0, 6.5, 0.5, 11.5 ], "windMode": [4,4,4,4] },
								"west": { "texture": "#chamomile", "uv": [ 1.0, 6.0, 1.5, 11.0 ], "windMode": [4,4,4,4] },
								"up": { "texture": "#chamomile", "uv": [ 0.0, 0.0, 0.5, 0.5 ], "windMode": [4,4,4,4] }
							}
						},
						{
							"name": "stemdown24",
							"from": [ 0.1293, 5.0, -1.6714 ],
							"to": [ 0.1293, 10.0, 1.8286 ],
							"rotationOrigin": [ 0.1293, 5.0, 0.1286 ],
							"rotationX": -180.0,
							"rotationY": -45.0,
							"rotationZ": -180.0,
							"faces": {
								"east": { "texture": "#chamomile", "uv": [ 5.0, 11.0, 8.5, 16.0 ], "windMode": [1,1,1,1] }
							},
							"children": [
								{
									"name": "Cube25",
									"from": [ -1.7, 0.0, 1.8 ],
									"to": [ 1.8, 5.0, 1.8 ],
									"rotationOrigin": [ 0.0, 0.0, 1.8 ],
									"faces": {
										"north": { "texture": "#chamomile", "uv": [ 5.0, 10.5, 8.5, 15.5 ], "windMode": [1,1,1,1] }
									}
								}
							]
						},
						{
							"name": "stemdown21",
							"from": [ 0.1285, 0.0, -1.6731 ],
							"to": [ 0.1285, 5.0, 1.8269 ],
							"rotationOrigin": [ 0.1293, 0.0, 0.1286 ],
							"rotationY": -89.9802,
							"faces": {
								"east": { "texture": "#chamomile", "uv": [ 5.0, 11.0, 8.5, 16.0 ], "windMode": [0,1,1,0] }
							},
							"children": [
								{
									"name": "Cube22",
									"from": [ -1.7, 0.0, 1.8 ],
									"to": [ 1.8, 5.0, 1.8 ],
									"rotationOrigin": [ 0.0, 0.0, 1.8 ],
									"faces": {
										"north": { "texture": "#chamomile", "uv": [ 5.0, 10.5, 8.5, 15.5 ], "windMode": [0,1,1,0] }
									}
								}
							]
						}
					]
				},
				{
					"name": "flower6",
					"from": [ -7.05, -0.3, -0.22 ],
					"to": [ -6.7, 4.7, 0.13 ],
					"rotationOrigin": [ -6.85, -0.3, 0.05 ],
					"rotationY": 45.0,
					"faces": {
						"north": { "texture": "#chamomile", "uv": [ 0.5, 11.0, 1.0, 16.0 ], "windMode": [0,4,4,0] },
						"east": { "texture": "#chamomile", "uv": [ 1.0, 11.0, 1.5, 16.0 ], "windMode": [0,4,4,0] },
						"south": { "texture": "#chamomile", "uv": [ 0.5, 11.0, 1.0, 16.0 ], "windMode": [0,0,4,4] },
						"west": { "texture": "#chamomile", "uv": [ 1.0, 11.0, 1.5, 16.0 ], "windMode": [0,0,4,4] }
					},
					"children": [
						{
							"name": "stem15",
							"from": [ 0.0, 5.0, 0.0 ],
							"to": [ 0.35, 10.0, 0.35 ],
							"rotationOrigin": [ 0.2, 5.0, 0.27 ],
							"faces": {
								"north": { "texture": "#chamomile", "uv": [ 1.0, 7.0, 1.5, 12.0 ], "windMode": [4,4,4,4] },
								"east": { "texture": "#chamomile", "uv": [ 0.5, 7.0, 1.0, 12.0 ], "windMode": [4,4,4,4] },
								"south": { "texture": "#chamomile", "uv": [ 0.0, 6.5, 0.5, 11.5 ], "windMode": [4,4,4,4] },
								"west": { "texture": "#chamomile", "uv": [ 1.0, 6.0, 1.5, 11.0 ], "windMode": [4,4,4,4] },
								"up": { "texture": "#chamomile", "uv": [ 0.0, 0.0, 0.5, 0.5 ], "windMode": [4,4,4,4] }
							}
						},
						{
							"name": "stemdown6",
							"from": [ 0.1293, 5.0, -1.6714 ],
							"to": [ 0.1293, 10.0, 1.8286 ],
							"rotationOrigin": [ 0.1293, 5.0, 0.1286 ],
							"rotationX": -180.0,
							"rotationY": -45.0,
							"rotationZ": -180.0,
							"faces": {
								"east": { "texture": "#chamomile", "uv": [ 5.0, 11.0, 8.5, 16.0 ], "windMode": [1,1,1,1] }
							},
							"children": [
								{
									"name": "Cube6",
									"from": [ -1.7, 0.0, 1.8 ],
									"to": [ 1.8, 5.0, 1.8 ],
									"rotationOrigin": [ 0.0, 0.0, 1.8 ],
									"faces": {
										"north": { "texture": "#chamomile", "uv": [ 5.0, 11.0, 8.5, 16.0 ], "windMode": [1,1,1,1] }
									}
								}
							]
						},
						{
							"name": "stemdown3",
							"from": [ 0.1305, 0.0, -1.6728 ],
							"to": [ 0.1305, 5.0, 1.8272 ],
							"rotationOrigin": [ 0.1293, 0.0, 0.1286 ],
							"rotationY": -89.9802,
							"faces": {
								"east": { "texture": "#chamomile", "uv": [ 5.0, 11.0, 8.5, 16.0 ], "windMode": [0,1,1,0] }
							},
							"children": [
								{
									"name": "Cube3",
									"from": [ -1.7, 0.0, 1.8 ],
									"to": [ 1.8, 5.0, 1.8 ],
									"rotationOrigin": [ 0.0, 0.0, 1.8 ],
									"faces": {
										"north": { "texture": "#chamomile", "uv": [ 5.0, 11.0, 8.5, 16.0 ], "windMode": [0,1,1,0] }
									}
								}
							]
						},
						{
							"name": "stemtop13",
							"from": [ 0.3195, 9.8, -0.1023 ],
							"to": [ 0.5695, 11.8, 0.1477 ],
							"rotationOrigin": [ 0.2495, 9.8, -0.0623 ],
							"rotationX": -48.2267,
							"rotationY": -87.0582,
							"rotationZ": -57.1422,
							"faces": {
								"north": { "texture": "#chamomile", "uv": [ 1.0, 7.0, 1.5, 9.0 ], "windMode": [4,4,4,4] },
								"east": { "texture": "#chamomile", "uv": [ 0.5, 7.0, 1.0, 9.0 ], "windMode": [4,4,4,4] },
								"south": { "texture": "#chamomile", "uv": [ 0.0, 6.5, 0.5, 8.5 ], "windMode": [4,4,4,4] },
								"west": { "texture": "#chamomile", "uv": [ 1.0, 6.0, 1.5, 8.0 ], "windMode": [4,4,4,4] },
								"up": { "texture": "#chamomile", "uv": [ 0.0, 0.0, 0.5, 0.5 ], "windMode": [4,4,4,4] }
							}
						}
					]
				},
				{
					"name": "flower2",
					"from": [ -1.05, -0.3, 3.78 ],
					"to": [ -0.7, 4.7, 4.13 ],
					"rotationOrigin": [ -0.85, -0.3, 4.05 ],
					"rotationY": 180.0,
					"faces": {
						"north": { "texture": "#chamomile", "uv": [ 1.0, 11.0, 1.5, 16.0 ], "windMode": [0,4,4,0] },
						"east": { "texture": "#chamomile", "uv": [ 1.0, 11.0, 1.5, 16.0 ], "windMode": [0,4,4,0] },
						"south": { "texture": "#chamomile", "uv": [ 0.5, 11.0, 1.0, 16.0 ], "windMode": [0,0,4,4] },
						"west": { "texture": "#chamomile", "uv": [ 0.5, 11.0, 1.0, 16.0 ], "windMode": [0,0,4,4] }
					},
					"children": [
						{
							"name": "stemdown31",
							"from": [ 0.1305, 0.0, -1.6704 ],
							"to": [ 0.1305, 5.0, 1.8296 ],
							"rotationOrigin": [ 0.1293, 0.0, 0.1286 ],
							"rotationY": -89.9802,
							"faces": {
								"east": { "texture": "#chamomile", "uv": [ 5.0, 10.5, 8.5, 15.5 ], "windMode": [0,1,1,0] }
							},
							"children": [
								{
									"name": "Cube32",
									"from": [ -1.7, 0.0, 1.8 ],
									"to": [ 1.8, 5.0, 1.8 ],
									"rotationOrigin": [ 0.0, 0.0, 1.8 ],
									"faces": {
										"north": { "texture": "#chamomile", "uv": [ 5.0, 10.5, 8.5, 15.5 ], "windMode": [0,1,1,0] }
									}
								}
							]
						},
						{
							"name": "stem17",
							"from": [ 0.0, 5.0, 0.0 ],
							"to": [ 0.35, 10.0, 0.35 ],
							"rotationOrigin": [ 0.2, 5.0, 0.27 ],
							"faces": {
								"north": { "texture": "#chamomile", "uv": [ 1.0, 7.0, 1.5, 12.0 ], "windMode": [4,4,4,4] },
								"east": { "texture": "#chamomile", "uv": [ 0.5, 7.0, 1.0, 12.0 ], "windMode": [4,4,4,4] },
								"south": { "texture": "#chamomile", "uv": [ 0.0, 6.5, 0.5, 11.5 ], "windMode": [4,4,4,4] },
								"west": { "texture": "#chamomile", "uv": [ 1.0, 6.0, 1.5, 11.0 ], "windMode": [4,4,4,4] },
								"up": { "texture": "#chamomile", "uv": [ 0.0, 0.0, 0.5, 0.5 ], "windMode": [4,4,4,4] }
							}
						},
						{
							"name": "stemdown32",
							"from": [ 0.1293, 5.0, -1.6714 ],
							"to": [ 0.1293, 10.0, 1.8286 ],
							"rotationOrigin": [ 0.1293, 5.0, 0.1286 ],
							"rotationX": -180.0,
							"rotationY": -45.0,
							"rotationZ": -180.0,
							"faces": {
								"east": { "texture": "#chamomile", "uv": [ 5.0, 10.5, 8.5, 15.5 ], "windMode": [1,1,1,1] }
							},
							"children": [
								{
									"name": "Cube33",
									"from": [ -1.7, 0.0, 1.8 ],
									"to": [ 1.8, 5.0, 1.8 ],
									"rotationOrigin": [ 0.0, 0.0, 1.8 ],
									"faces": {
										"north": { "texture": "#chamomile", "uv": [ 5.0, 10.5, 8.5, 15.5 ], "windMode": [1,1,1,1] }
									}
								}
							]
						},
						{
							"name": "stembiglower2",
							"from": [ -0.0127, 7.1135, 0.3636 ],
							"to": [ 0.2373, 9.1135, 0.6136 ],
							"rotationOrigin": [ 0.0473, 7.4135, 0.3636 ],
							"rotationX": 131.7732,
							"rotationY": 87.0581,
							"rotationZ": -100.8577,
							"faces": {
								"north": { "texture": "#chamomile", "uv": [ 1.0, 7.0, 1.5, 9.0 ], "windMode": [4,4,4,4] },
								"east": { "texture": "#chamomile", "uv": [ 0.5, 7.0, 1.0, 9.0 ], "windMode": [4,4,4,4] },
								"south": { "texture": "#chamomile", "uv": [ 0.0, 6.5, 0.5, 8.5 ], "windMode": [4,4,4,4] },
								"west": { "texture": "#chamomile", "uv": [ 1.0, 6.0, 1.5, 8.0 ], "windMode": [4,4,4,4] },
								"up": { "texture": "#chamomile", "uv": [ 0.0, 0.0, 0.5, 0.5 ], "windMode": [4,4,4,4] }
							}
						}
					]
				},
				{
					"name": "flower3",
					"from": [ -6.05, -0.3, -5.22 ],
					"to": [ -5.7, 4.7, -4.87 ],
					"rotationOrigin": [ -5.85, -0.3, -4.95 ],
					"rotationY": -45.0,
					"faces": {
						"north": { "texture": "#chamomile", "uv": [ 1.0, 11.0, 1.5, 16.0 ], "windMode": [0,4,4,0] },
						"east": { "texture": "#chamomile", "uv": [ 1.0, 11.0, 1.5, 16.0 ], "windMode": [0,4,4,0] },
						"south": { "texture": "#chamomile", "uv": [ 0.5, 11.0, 1.0, 16.0 ], "windMode": [0,0,4,4] },
						"west": { "texture": "#chamomile", "uv": [ 0.5, 11.0, 1.0, 16.0 ], "windMode": [0,0,4,4] }
					},
					"children": [
						{
							"name": "stemdown33",
							"from": [ 0.1305, 0.0, -1.6704 ],
							"to": [ 0.1305, 5.0, 1.8296 ],
							"rotationOrigin": [ 0.1293, 0.0, 0.1286 ],
							"rotationY": -89.9802,
							"faces": {
								"east": { "texture": "#chamomile", "uv": [ 5.0, 10.5, 8.5, 15.5 ], "windMode": [0,1,1,0] }
							},
							"children": [
								{
									"name": "Cube34",
									"from": [ -1.7, 0.0, 1.8 ],
									"to": [ 1.8, 5.0, 1.8 ],
									"rotationOrigin": [ 0.0, 0.0, 1.8 ],
									"faces": {
										"north": { "texture": "#chamomile", "uv": [ 5.0, 10.5, 8.5, 15.5 ], "windMode": [0,1,1,0] }
									}
								}
							]
						},
						{
							"name": "stem18",
							"from": [ 0.0, 5.0, 0.0 ],
							"to": [ 0.35, 10.0, 0.35 ],
							"rotationOrigin": [ 0.2, 5.0, 0.27 ],
							"faces": {
								"north": { "texture": "#chamomile", "uv": [ 1.0, 7.0, 1.5, 12.0 ], "windMode": [4,4,4,4] },
								"east": { "texture": "#chamomile", "uv": [ 0.5, 7.0, 1.0, 12.0 ], "windMode": [4,4,4,4] },
								"south": { "texture": "#chamomile", "uv": [ 0.0, 6.5, 0.5, 11.5 ], "windMode": [4,4,4,4] },
								"west": { "texture": "#chamomile", "uv": [ 1.0, 6.0, 1.5, 11.0 ], "windMode": [4,4,4,4] },
								"up": { "texture": "#chamomile", "uv": [ 0.0, 0.0, 0.5, 0.5 ], "windMode": [4,4,4,4] }
							}
						},
						{
							"name": "stemdown34",
							"from": [ 0.1293, 5.0, -1.6714 ],
							"to": [ 0.1293, 10.0, 1.8286 ],
							"rotationOrigin": [ 0.1293, 5.0, 0.1286 ],
							"rotationX": -180.0,
							"rotationY": -45.0,
							"rotationZ": -180.0,
							"faces": {
								"east": { "texture": "#chamomile", "uv": [ 5.0, 10.5, 8.5, 15.5 ], "windMode": [1,1,1,1] }
							},
							"children": [
								{
									"name": "Cube35",
									"from": [ -1.7, 0.0, 1.8 ],
									"to": [ 1.8, 5.0, 1.8 ],
									"rotationOrigin": [ 0.0, 0.0, 1.8 ],
									"faces": {
										"north": { "texture": "#chamomile", "uv": [ 5.0, 10.5, 8.5, 15.5 ], "windMode": [1,1,1,1] }
									}
								}
							]
						},
						{
							"name": "stemtop28",
							"from": [ 0.0995, 9.8, 0.0777 ],
							"to": [ 0.3495, 11.8, 0.3277 ],
							"rotationOrigin": [ 0.2495, 9.8, -0.0623 ],
							"rotationX": -7.2988,
							"rotationY": -1.5496,
							"rotationZ": 15.9444,
							"faces": {
								"north": { "texture": "#chamomile", "uv": [ 1.0, 7.0, 1.5, 9.0 ], "windMode": [4,4,4,4] },
								"east": { "texture": "#chamomile", "uv": [ 0.5, 7.0, 1.0, 9.0 ], "windMode": [4,4,4,4] },
								"south": { "texture": "#chamomile", "uv": [ 0.0, 6.5, 0.5, 8.5 ], "windMode": [4,4,4,4] },
								"west": { "texture": "#chamomile", "uv": [ 1.0, 6.0, 1.5, 8.0 ], "windMode": [4,4,4,4] },
								"up": { "texture": "#chamomile", "uv": [ 0.0, 0.0, 0.5, 0.5 ], "windMode": [4,4,4,4] }
							}
						}
					]
				},
				{
					"name": "flower4",
					"from": [ -0.05, -0.3, -3.22 ],
					"to": [ 0.3, 4.7, -2.87 ],
					"rotationOrigin": [ 0.15, -0.3, -2.95 ],
					"faces": {
						"north": { "texture": "#chamomile", "uv": [ 1.0, 11.0, 1.5, 16.0 ], "windMode": [0,4,4,0] },
						"east": { "texture": "#chamomile", "uv": [ 1.0, 11.0, 1.5, 16.0 ], "windMode": [0,4,4,0] },
						"south": { "texture": "#chamomile", "uv": [ 0.5, 11.0, 1.0, 16.0 ], "windMode": [0,0,4,4] },
						"west": { "texture": "#chamomile", "uv": [ 0.5, 11.0, 1.0, 16.0 ], "windMode": [0,0,4,4] }
					},
					"children": [
						{
							"name": "stemdown35",
							"from": [ 0.1305, 0.0, -1.6704 ],
							"to": [ 0.1305, 5.0, 1.8296 ],
							"rotationOrigin": [ 0.1293, 0.0, 0.1286 ],
							"rotationY": -89.9802,
							"faces": {
								"east": { "texture": "#chamomile", "uv": [ 5.0, 10.5, 8.5, 15.5 ], "windMode": [0,1,1,0] }
							},
							"children": [
								{
									"name": "Cube36",
									"from": [ -1.7, 0.0, 1.8 ],
									"to": [ 1.8, 5.0, 1.8 ],
									"rotationOrigin": [ 0.0, 0.0, 1.8 ],
									"faces": {
										"north": { "texture": "#chamomile", "uv": [ 5.0, 10.5, 8.5, 15.5 ], "windMode": [0,1,1,0] }
									}
								}
							]
						},
						{
							"name": "stem19",
							"from": [ 0.0, 5.0, 0.0 ],
							"to": [ 0.35, 10.0, 0.35 ],
							"rotationOrigin": [ 0.2, 5.0, 0.27 ],
							"faces": {
								"north": { "texture": "#chamomile", "uv": [ 1.0, 7.0, 1.5, 12.0 ], "windMode": [4,4,4,4] },
								"east": { "texture": "#chamomile", "uv": [ 0.5, 7.0, 1.0, 12.0 ], "windMode": [4,4,4,4] },
								"south": { "texture": "#chamomile", "uv": [ 0.0, 6.5, 0.5, 11.5 ], "windMode": [4,4,4,4] },
								"west": { "texture": "#chamomile", "uv": [ 1.0, 6.0, 1.5, 11.0 ], "windMode": [4,4,4,4] },
								"up": { "texture": "#chamomile", "uv": [ 0.0, 0.0, 0.5, 0.5 ], "windMode": [4,4,4,4] }
							}
						},
						{
							"name": "stemdown36",
							"from": [ 0.1293, 5.0, -1.6714 ],
							"to": [ 0.1293, 10.0, 1.8286 ],
							"rotationOrigin": [ 0.1293, 5.0, 0.1286 ],
							"rotationX": -180.0,
							"rotationY": -45.0,
							"rotationZ": -180.0,
							"faces": {
								"east": { "texture": "#chamomile", "uv": [ 5.0, 10.5, 8.5, 15.5 ], "windMode": [1,1,1,1] }
							},
							"children": [
								{
									"name": "Cube37",
									"from": [ -1.7, 0.0, 1.8 ],
									"to": [ 1.8, 5.0, 1.8 ],
									"rotationOrigin": [ 0.0, 0.0, 1.8 ],
									"faces": {
										"north": { "texture": "#chamomile", "uv": [ 5.0, 10.5, 8.5, 15.5 ], "windMode": [1,1,1,1] }
									}
								}
							]
						},
						{
							"name": "stemtop33",
							"from": [ 0.0995, 9.8, 0.0777 ],
							"to": [ 0.3495, 11.8, 0.3277 ],
							"rotationOrigin": [ 0.2495, 9.8, -0.0623 ],
							"rotationX": -7.2988,
							"rotationY": -1.5496,
							"rotationZ": 15.9444,
							"faces": {
								"north": { "texture": "#chamomile", "uv": [ 1.0, 7.0, 1.5, 9.0 ], "windMode": [4,4,4,4] },
								"east": { "texture": "#chamomile", "uv": [ 0.5, 7.0, 1.0, 9.0 ], "windMode": [4,4,4,4] },
								"south": { "texture": "#chamomile", "uv": [ 0.0, 6.5, 0.5, 8.5 ], "windMode": [4,4,4,4] },
								"west": { "texture": "#chamomile", "uv": [ 1.0, 6.0, 1.5, 8.0 ], "windMode": [4,4,4,4] },
								"up": { "texture": "#chamomile", "uv": [ 0.0, 0.0, 0.5, 0.5 ], "windMode": [4,4,4,4] }
							}
						},
						{
							"name": "stembiglower4",
							"from": [ -0.0127, 7.1135, 0.3636 ],
							"to": [ 0.2373, 9.1135, 0.6136 ],
							"rotationOrigin": [ 0.0473, 7.4135, 0.3636 ],
							"rotationX": 131.7732,
							"rotationY": 87.0581,
							"rotationZ": -100.8577,
							"faces": {
								"north": { "texture": "#chamomile", "uv": [ 1.0, 7.0, 1.5, 9.0 ], "windMode": [4,4,4,4] },
								"east": { "texture": "#chamomile", "uv": [ 0.5, 7.0, 1.0, 9.0 ], "windMode": [4,4,4,4] },
								"south": { "texture": "#chamomile", "uv": [ 0.0, 6.5, 0.5, 8.5 ], "windMode": [4,4,4,4] },
								"west": { "texture": "#chamomile", "uv": [ 1.0, 6.0, 1.5, 8.0 ], "windMode": [4,4,4,4] },
								"up": { "texture": "#chamomile", "uv": [ 0.0, 0.0, 0.5, 0.5 ], "windMode": [4,4,4,4] }
							}
						}
					]
				},
				{
					"name": "flower5",
					"from": [ -4.55, -0.3, -3.22 ],
					"to": [ -4.2, 4.7, -2.87 ],
					"rotationOrigin": [ -4.35, -0.3, -2.95 ],
					"rotationY": 90.0,
					"faces": {
						"north": { "texture": "#chamomile", "uv": [ 1.0, 11.0, 1.5, 16.0 ], "windMode": [0,4,4,0] },
						"east": { "texture": "#chamomile", "uv": [ 1.0, 11.0, 1.5, 16.0 ], "windMode": [0,4,4,0] },
						"south": { "texture": "#chamomile", "uv": [ 0.5, 11.0, 1.0, 16.0 ], "windMode": [0,0,4,4] },
						"west": { "texture": "#chamomile", "uv": [ 0.5, 11.0, 1.0, 16.0 ], "windMode": [0,0,4,4] }
					},
					"children": [
						{
							"name": "stemdown37",
							"from": [ 0.1305, 0.0, -1.6704 ],
							"to": [ 0.1305, 5.0, 1.8296 ],
							"rotationOrigin": [ 0.1293, 0.0, 0.1286 ],
							"rotationY": -89.9802,
							"faces": {
								"east": { "texture": "#chamomile", "uv": [ 5.0, 10.5, 8.5, 15.5 ], "windMode": [0,1,1,0] }
							},
							"children": [
								{
									"name": "Cube38",
									"from": [ -1.7, 0.0, 1.8 ],
									"to": [ 1.8, 5.0, 1.8 ],
									"rotationOrigin": [ 0.0, 0.0, 1.8 ],
									"faces": {
										"north": { "texture": "#chamomile", "uv": [ 5.0, 10.5, 8.5, 15.5 ], "windMode": [0,1,1,0] }
									}
								}
							]
						},
						{
							"name": "stem20",
							"from": [ 0.0, 5.0, 0.0 ],
							"to": [ 0.35, 10.0, 0.35 ],
							"rotationOrigin": [ 0.2, 5.0, 0.27 ],
							"faces": {
								"north": { "texture": "#chamomile", "uv": [ 1.0, 7.0, 1.5, 12.0 ], "windMode": [4,4,4,4] },
								"east": { "texture": "#chamomile", "uv": [ 0.5, 7.0, 1.0, 12.0 ], "windMode": [4,4,4,4] },
								"south": { "texture": "#chamomile", "uv": [ 0.0, 6.5, 0.5, 11.5 ], "windMode": [4,4,4,4] },
								"west": { "texture": "#chamomile", "uv": [ 1.0, 6.0, 1.5, 11.0 ], "windMode": [4,4,4,4] },
								"up": { "texture": "#chamomile", "uv": [ 0.0, 0.0, 0.5, 0.5 ], "windMode": [4,4,4,4] }
							}
						},
						{
							"name": "stemdown38",
							"from": [ 0.1293, 5.0, -1.6714 ],
							"to": [ 0.1293, 10.0, 1.8286 ],
							"rotationOrigin": [ 0.1293, 5.0, 0.1286 ],
							"rotationX": -180.0,
							"rotationY": -45.0,
							"rotationZ": -180.0,
							"faces": {
								"east": { "texture": "#chamomile", "uv": [ 5.0, 10.5, 8.5, 15.5 ], "windMode": [1,1,1,1] }
							},
							"children": [
								{
									"name": "Cube39",
									"from": [ -1.7, 0.0, 1.8 ],
									"to": [ 1.8, 5.0, 1.8 ],
									"rotationOrigin": [ 0.0, 0.0, 1.8 ],
									"faces": {
										"north": { "texture": "#chamomile", "uv": [ 5.0, 10.5, 8.5, 15.5 ], "windMode": [1,1,1,1] }
									}
								}
							]
						},
						{
							"name": "stembiglower5",
							"from": [ -0.0127, 7.1135, 0.3636 ],
							"to": [ 0.2373, 9.1135, 0.6136 ],
							"rotationOrigin": [ 0.0473, 7.4135, 0.3636 ],
							"rotationX": 131.7732,
							"rotationY": 87.0581,
							"rotationZ": -100.8577,
							"faces": {
								"north": { "texture": "#chamomile", "uv": [ 1.0, 7.0, 1.5, 9.0 ], "windMode": [4,4,4,4] },
								"east": { "texture": "#chamomile", "uv": [ 0.5, 7.0, 1.0, 9.0 ], "windMode": [4,4,4,4] },
								"south": { "texture": "#chamomile", "uv": [ 0.0, 6.5, 0.5, 8.5 ], "windMode": [4,4,4,4] },
								"west": { "texture": "#chamomile", "uv": [ 1.0, 6.0, 1.5, 8.0 ], "windMode": [4,4,4,4] },
								"up": { "texture": "#chamomile", "uv": [ 0.0, 0.0, 0.5, 0.5 ], "windMode": [4,4,4,4] }
							}
						}
					]
				},
				{
					"name": "flower8",
					"from": [ -5.05, -0.3, 4.78 ],
					"to": [ -4.7, 4.7, 5.13 ],
					"rotationOrigin": [ -4.85, -0.3, 5.05 ],
					"rotationY": 69.0,
					"faces": {
						"north": { "texture": "#chamomile", "uv": [ 1.0, 11.0, 1.5, 16.0 ], "windMode": [0,4,4,0] },
						"east": { "texture": "#chamomile", "uv": [ 1.0, 11.0, 1.5, 16.0 ], "windMode": [0,4,4,0] },
						"south": { "texture": "#chamomile", "uv": [ 0.5, 11.0, 1.0, 16.0 ], "windMode": [0,0,4,4] },
						"west": { "texture": "#chamomile", "uv": [ 0.5, 11.0, 1.0, 16.0 ], "windMode": [0,0,4,4] }
					},
					"children": [
						{
							"name": "stemdown39",
							"from": [ 0.1305, 0.0, -1.6704 ],
							"to": [ 0.1305, 5.0, 1.8296 ],
							"rotationOrigin": [ 0.1293, 0.0, 0.1286 ],
							"rotationY": -89.9802,
							"faces": {
								"east": { "texture": "#chamomile", "uv": [ 5.0, 10.5, 8.5, 15.5 ], "windMode": [0,1,1,0] }
							},
							"children": [
								{
									"name": "Cube40",
									"from": [ -1.7, 0.0, 1.8 ],
									"to": [ 1.8, 5.0, 1.8 ],
									"rotationOrigin": [ 0.0, 0.0, 1.8 ],
									"faces": {
										"north": { "texture": "#chamomile", "uv": [ 5.0, 10.5, 8.5, 15.5 ], "windMode": [0,1,1,0] }
									}
								}
							]
						},
						{
							"name": "stem21",
							"from": [ 0.0, 5.0, 0.0 ],
							"to": [ 0.35, 10.0, 0.35 ],
							"rotationOrigin": [ 0.2, 5.0, 0.27 ],
							"faces": {
								"north": { "texture": "#chamomile", "uv": [ 1.0, 7.0, 1.5, 12.0 ], "windMode": [4,4,4,4] },
								"east": { "texture": "#chamomile", "uv": [ 0.5, 7.0, 1.0, 12.0 ], "windMode": [4,4,4,4] },
								"south": { "texture": "#chamomile", "uv": [ 0.0, 6.5, 0.5, 11.5 ], "windMode": [4,4,4,4] },
								"west": { "texture": "#chamomile", "uv": [ 1.0, 6.0, 1.5, 11.0 ], "windMode": [4,4,4,4] },
								"up": { "texture": "#chamomile", "uv": [ 0.0, 0.0, 0.5, 0.5 ], "windMode": [4,4,4,4] }
							}
						},
						{
							"name": "stemdown40",
							"from": [ 0.1293, 5.0, -1.6714 ],
							"to": [ 0.1293, 10.0, 1.8286 ],
							"rotationOrigin": [ 0.1293, 5.0, 0.1286 ],
							"rotationX": -180.0,
							"rotationY": -45.0,
							"rotationZ": -180.0,
							"faces": {
								"east": { "texture": "#chamomile", "uv": [ 5.0, 10.5, 8.5, 15.5 ], "windMode": [1,1,1,1] }
							},
							"children": [
								{
									"name": "Cube41",
									"from": [ -1.7, 0.0, 1.8 ],
									"to": [ 1.8, 5.0, 1.8 ],
									"rotationOrigin": [ 0.0, 0.0, 1.8 ],
									"faces": {
										"north": { "texture": "#chamomile", "uv": [ 5.0, 10.5, 8.5, 15.5 ], "windMode": [1,1,1,1] }
									}
								}
							]
						}
					]
				},
				{
					"name": "flower10",
					"from": [ -4.05, -0.3, 1.78 ],
					"to": [ -3.7, 4.7, 2.13 ],
					"rotationOrigin": [ -3.85, -0.3, 2.05 ],
					"rotationY": 11.0,
					"faces": {
						"north": { "texture": "#chamomile", "uv": [ 1.0, 11.0, 1.5, 16.0 ], "windMode": [0,4,4,0] },
						"east": { "texture": "#chamomile", "uv": [ 0.5, 11.0, 1.0, 16.0 ], "windMode": [0,4,4,0] },
						"south": { "texture": "#chamomile", "uv": [ 1.0, 11.0, 1.5, 16.0 ], "windMode": [0,0,4,4] },
						"west": { "texture": "#chamomile", "uv": [ 0.5, 11.0, 1.0, 16.0 ], "windMode": [0,0,4,4] }
					},
					"children": [
						{
							"name": "stem22",
							"from": [ 0.0, 5.0, 0.0 ],
							"to": [ 0.35, 10.0, 0.35 ],
							"rotationOrigin": [ 0.2, 5.0, 0.27 ],
							"faces": {
								"north": { "texture": "#chamomile", "uv": [ 1.0, 7.0, 1.5, 12.0 ], "windMode": [4,4,4,4] },
								"east": { "texture": "#chamomile", "uv": [ 0.5, 7.0, 1.0, 12.0 ], "windMode": [4,4,4,4] },
								"south": { "texture": "#chamomile", "uv": [ 0.0, 6.5, 0.5, 11.5 ], "windMode": [4,4,4,4] },
								"west": { "texture": "#chamomile", "uv": [ 1.0, 6.0, 1.5, 11.0 ], "windMode": [4,4,4,4] },
								"up": { "texture": "#chamomile", "uv": [ 0.0, 0.0, 0.5, 0.5 ], "windMode": [4,4,4,4] }
							}
						},
						{
							"name": "stemdown41",
							"from": [ 0.1293, 5.0, -1.6714 ],
							"to": [ 0.1293, 10.0, 1.8286 ],
							"rotationOrigin": [ 0.1293, 5.0, 0.1286 ],
							"rotationX": -180.0,
							"rotationY": -45.0,
							"rotationZ": -180.0,
							"faces": {
								"east": { "texture": "#chamomile", "uv": [ 5.0, 11.0, 8.5, 16.0 ], "windMode": [1,1,1,1] }
							},
							"children": [
								{
									"name": "Cube42",
									"from": [ -1.7, 0.0, 1.8 ],
									"to": [ 1.8, 5.0, 1.8 ],
									"rotationOrigin": [ 0.0, 0.0, 1.8 ],
									"faces": {
										"north": { "texture": "#chamomile", "uv": [ 5.0, 10.5, 8.5, 15.5 ], "windMode": [1,1,1,1] }
									}
								}
							]
						},
						{
							"name": "stemdown42",
							"from": [ 0.1319, 0.0, -1.6697 ],
							"to": [ 0.1319, 5.0, 1.8303 ],
							"rotationOrigin": [ 0.1293, 0.0, 0.1286 ],
							"rotationY": -89.9802,
							"faces": {
								"east": { "texture": "#chamomile", "uv": [ 5.0, 11.0, 8.5, 16.0 ], "windMode": [0,1,1,0] }
							},
							"children": [
								{
									"name": "Cube43",
									"from": [ -1.7, 0.0, 1.8 ],
									"to": [ 1.8, 5.0, 1.8 ],
									"rotationOrigin": [ 0.0, 0.0, 1.8 ],
									"faces": {
										"north": { "texture": "#chamomile", "uv": [ 5.0, 10.5, 8.5, 15.5 ], "windMode": [0,1,1,0] }
									}
								}
							]
						}
					]
				},
				{
					"name": "flower11",
					"from": [ 4.95, -0.3, 4.78 ],
					"to": [ 5.3, 4.7, 5.13 ],
					"rotationOrigin": [ 5.15, -0.3, 5.05 ],
					"rotationY": 108.0,
					"faces": {
						"north": { "texture": "#chamomile", "uv": [ 1.0, 11.0, 1.5, 16.0 ], "windMode": [0,4,4,0] },
						"east": { "texture": "#chamomile", "uv": [ 1.0, 11.0, 1.5, 16.0 ], "windMode": [0,4,4,0] },
						"south": { "texture": "#chamomile", "uv": [ 0.5, 11.0, 1.0, 16.0 ], "windMode": [0,0,4,4] },
						"west": { "texture": "#chamomile", "uv": [ 0.5, 11.0, 1.0, 16.0 ], "windMode": [0,0,4,4] }
					},
					"children": [
						{
							"name": "stemdown43",
							"from": [ 0.1305, 0.0, -1.6704 ],
							"to": [ 0.1305, 5.0, 1.8296 ],
							"rotationOrigin": [ 0.1293, 0.0, 0.1286 ],
							"rotationY": -89.9802,
							"faces": {
								"east": { "texture": "#chamomile", "uv": [ 5.0, 10.5, 8.5, 15.5 ], "windMode": [0,1,1,0] }
							},
							"children": [
								{
									"name": "Cube44",
									"from": [ -1.7, 0.0, 1.8 ],
									"to": [ 1.8, 5.0, 1.8 ],
									"rotationOrigin": [ 0.0, 0.0, 1.8 ],
									"faces": {
										"north": { "texture": "#chamomile", "uv": [ 5.0, 10.5, 8.5, 15.5 ], "windMode": [0,1,1,0] }
									}
								}
							]
						},
						{
							"name": "stem23",
							"from": [ 0.0, 5.0, 0.0 ],
							"to": [ 0.35, 10.0, 0.35 ],
							"rotationOrigin": [ 0.2, 5.0, 0.27 ],
							"faces": {
								"north": { "texture": "#chamomile", "uv": [ 1.0, 7.0, 1.5, 12.0 ], "windMode": [4,4,4,4] },
								"east": { "texture": "#chamomile", "uv": [ 0.5, 7.0, 1.0, 12.0 ], "windMode": [4,4,4,4] },
								"south": { "texture": "#chamomile", "uv": [ 0.0, 6.5, 0.5, 11.5 ], "windMode": [4,4,4,4] },
								"west": { "texture": "#chamomile", "uv": [ 1.0, 6.0, 1.5, 11.0 ], "windMode": [4,4,4,4] },
								"up": { "texture": "#chamomile", "uv": [ 0.0, 0.0, 0.5, 0.5 ], "windMode": [4,4,4,4] }
							}
						},
						{
							"name": "stemdown44",
							"from": [ 0.1293, 5.0, -1.6714 ],
							"to": [ 0.1293, 10.0, 1.8286 ],
							"rotationOrigin": [ 0.1293, 5.0, 0.1286 ],
							"rotationX": -180.0,
							"rotationY": -45.0,
							"rotationZ": -180.0,
							"faces": {
								"east": { "texture": "#chamomile", "uv": [ 5.0, 10.5, 8.5, 15.5 ], "windMode": [1,1,1,1] }
							},
							"children": [
								{
									"name": "Cube45",
									"from": [ -1.7, 0.0, 1.8 ],
									"to": [ 1.8, 5.0, 1.8 ],
									"rotationOrigin": [ 0.0, 0.0, 1.8 ],
									"faces": {
										"north": { "texture": "#chamomile", "uv": [ 5.0, 10.5, 8.5, 15.5 ], "windMode": [1,1,1,1] }
									}
								}
							]
						},
						{
							"name": "stemtop53",
							"from": [ 0.0995, 9.8, 0.0777 ],
							"to": [ 0.3495, 11.8, 0.3277 ],
							"rotationOrigin": [ 0.2495, 9.8, -0.0623 ],
							"rotationX": -7.2988,
							"rotationY": -1.5496,
							"rotationZ": 15.9444,
							"faces": {
								"north": { "texture": "#chamomile", "uv": [ 1.0, 7.0, 1.5, 9.0 ], "windMode": [4,4,4,4] },
								"east": { "texture": "#chamomile", "uv": [ 0.5, 7.0, 1.0, 9.0 ], "windMode": [4,4,4,4] },
								"south": { "texture": "#chamomile", "uv": [ 0.0, 6.5, 0.5, 8.5 ], "windMode": [4,4,4,4] },
								"west": { "texture": "#chamomile", "uv": [ 1.0, 6.0, 1.5, 8.0 ], "windMode": [4,4,4,4] },
								"up": { "texture": "#chamomile", "uv": [ 0.0, 0.0, 0.5, 0.5 ], "windMode": [4,4,4,4] }
							}
						},
						{
							"name": "stembiglower7",
							"from": [ -0.0127, 7.1135, 0.3636 ],
							"to": [ 0.2373, 9.1135, 0.6136 ],
							"rotationOrigin": [ 0.0473, 7.4135, 0.3636 ],
							"rotationX": 131.7732,
							"rotationY": 87.0581,
							"rotationZ": -100.8577,
							"faces": {
								"north": { "texture": "#chamomile", "uv": [ 1.0, 7.0, 1.5, 9.0 ], "windMode": [4,4,4,4] },
								"east": { "texture": "#chamomile", "uv": [ 0.5, 7.0, 1.0, 9.0 ], "windMode": [4,4,4,4] },
								"south": { "texture": "#chamomile", "uv": [ 0.0, 6.5, 0.5, 8.5 ], "windMode": [4,4,4,4] },
								"west": { "texture": "#chamomile", "uv": [ 1.0, 6.0, 1.5, 8.0 ], "windMode": [4,4,4,4] },
								"up": { "texture": "#chamomile", "uv": [ 0.0, 0.0, 0.5, 0.5 ], "windMode": [4,4,4,4] }
							}
						}
					]
				},
				{
					"name": "flower13",
					"from": [ 5.95, -0.3, 1.78 ],
					"to": [ 6.3, 4.7, 2.13 ],
					"rotationOrigin": [ 6.15, -0.3, 2.05 ],
					"rotationY": -108.0,
					"faces": {
						"north": { "texture": "#chamomile", "uv": [ 1.0, 11.0, 1.5, 16.0 ], "windMode": [0,4,4,0] },
						"east": { "texture": "#chamomile", "uv": [ 0.5, 11.0, 1.0, 16.0 ], "windMode": [0,4,4,0] },
						"south": { "texture": "#chamomile", "uv": [ 1.0, 11.0, 1.5, 16.0 ], "windMode": [0,0,4,4] },
						"west": { "texture": "#chamomile", "uv": [ 0.5, 11.0, 1.0, 16.0 ], "windMode": [0,0,4,4] }
					},
					"children": [
						{
							"name": "stem24",
							"from": [ 0.0, 5.0, 0.0 ],
							"to": [ 0.35, 10.0, 0.35 ],
							"rotationOrigin": [ 0.2, 5.0, 0.27 ],
							"faces": {
								"north": { "texture": "#chamomile", "uv": [ 1.0, 7.0, 1.5, 12.0 ], "windMode": [4,4,4,4] },
								"east": { "texture": "#chamomile", "uv": [ 0.5, 7.0, 1.0, 12.0 ], "windMode": [4,4,4,4] },
								"south": { "texture": "#chamomile", "uv": [ 0.0, 6.5, 0.5, 11.5 ], "windMode": [4,4,4,4] },
								"west": { "texture": "#chamomile", "uv": [ 1.0, 6.0, 1.5, 11.0 ], "windMode": [4,4,4,4] },
								"up": { "texture": "#chamomile", "uv": [ 0.0, 0.0, 0.5, 0.5 ], "windMode": [4,4,4,4] }
							}
						},
						{
							"name": "stemdown45",
							"from": [ 0.1293, 5.0, -1.6714 ],
							"to": [ 0.1293, 10.0, 1.8286 ],
							"rotationOrigin": [ 0.1293, 5.0, 0.1286 ],
							"rotationX": -180.0,
							"rotationY": -45.0,
							"rotationZ": -180.0,
							"faces": {
								"east": { "texture": "#chamomile", "uv": [ 5.0, 11.0, 8.5, 16.0 ], "windMode": [1,1,1,1] }
							},
							"children": [
								{
									"name": "Cube46",
									"from": [ -1.7, 0.0, 1.8 ],
									"to": [ 1.8, 5.0, 1.8 ],
									"rotationOrigin": [ 0.0, 0.0, 1.8 ],
									"faces": {
										"north": { "texture": "#chamomile", "uv": [ 5.0, 10.5, 8.5, 15.5 ], "windMode": [1,1,1,1] }
									}
								}
							]
						},
						{
							"name": "stemdown46",
							"from": [ 0.1319, 0.0, -1.6697 ],
							"to": [ 0.1319, 5.0, 1.8303 ],
							"rotationOrigin": [ 0.1293, 0.0, 0.1286 ],
							"rotationY": -89.9802,
							"faces": {
								"east": { "texture": "#chamomile", "uv": [ 5.0, 11.0, 8.5, 16.0 ], "windMode": [0,1,1,0] }
							},
							"children": [
								{
									"name": "Cube47",
									"from": [ -1.7, 0.0, 1.8 ],
									"to": [ 1.8, 5.0, 1.8 ],
									"rotationOrigin": [ 0.0, 0.0, 1.8 ],
									"faces": {
										"north": { "texture": "#chamomile", "uv": [ 5.0, 10.5, 8.5, 15.5 ], "windMode": [0,1,1,0] }
									}
								}
							]
						}
					]
				}
			]
		}
	]}