{
	"editor": {
		"collapsedPaths": ",Root/origin/stemtop9,Root/origin/stemtop5,Root/origin/budstembiglower,Root/origin/stemdown5,Root/origin/stemdown30,Root/origin/stemdown4,Root/origin/stemdown33,Root/origin/stemdown3,Root/origin/stemdown2,Root/origin/bud5,Root/origin2/stemtop5,Root/origin/stemdown28,Root/origin/flower14/stemdown2,Root/origin/stemdown26,Root/origin/budorigin3/bud7,Root/origin/stemdown25,Root/origin/flower2/stemdown31,Root/origin2,Root/origin/stemdown22,Root/origin/stemdown21,Root/origin/bud,Root/origin/bud4,Root/origin/bud3,Root/origin/bud2",
		"allAngles": true,
		"entityTextureMode": false
	},
	"textureWidth": 16,
	"textureHeight": 16,
	"textureSizes": {
		"chamomile": [16,16]
	},
	"textures": {
	},
	"elements": [
		{
			"name": "origin",
			"from": [ 8.0, 0.0, 8.0 ],
			"to": [ 8.0, 0.0, 8.0 ],
			"rotationOrigin": [ 8.0, 0.0, 8.0 ],
			"faces": {
			},
			"children": [
				{
					"name": "stemdown2",
					"from": [ -0.9967, -0.3, -7.8004 ],
					"to": [ -0.9967, 4.7, -4.3004 ],
					"rotationOrigin": [ -1.0, -0.3, -6.0 ],
					"rotationY": -44.9802,
					"faces": {
						"east": { "texture": "#chamomile", "uv": [ 5.0, 10.5, 8.5, 15.5 ], "windMode": [0,1,1,0] }
					},
					"children": [
						{
							"name": "Cube2",
							"from": [ -1.7, 0.0, 1.8 ],
							"to": [ 1.8, 5.0, 1.8 ],
							"rotationOrigin": [ 0.0, 0.0, 1.8 ],
							"faces": {
								"north": { "texture": "#chamomile", "uv": [ 5.0, 11.0, 8.5, 16.0 ], "windMode": [0,1,1,0] }
							}
						}
					]
				},
				{
					"name": "stemdown25",
					"from": [ 5.0026, -0.3, -5.7983 ],
					"to": [ 5.0026, 4.7, -2.2983 ],
					"rotationOrigin": [ 5.0, -0.3, -4.0 ],
					"rotationY": -44.9802,
					"faces": {
						"east": { "texture": "#chamomile", "uv": [ 5.0, 11.0, 8.5, 16.0 ], "windMode": [0,1,1,0] }
					},
					"children": [
						{
							"name": "Cube26",
							"from": [ -1.7, 0.0, 1.8 ],
							"to": [ 1.8, 5.0, 1.8 ],
							"rotationOrigin": [ 0.0, 0.0, 1.8 ],
							"faces": {
								"north": { "texture": "#chamomile", "uv": [ 5.0, 10.5, 8.5, 15.5 ], "windMode": [0,1,1,0] }
							}
						}
					]
				},
				{
					"name": "stemdown26",
					"from": [ 3.0012, -0.3, -1.799 ],
					"to": [ 3.0012, 4.7, 1.701 ],
					"rotationOrigin": [ 3.0, -0.3, 0.0 ],
					"rotationY": -44.9802,
					"faces": {
						"east": { "texture": "#chamomile", "uv": [ 5.0, 10.5, 8.5, 15.5 ], "windMode": [0,1,1,0] }
					},
					"children": [
						{
							"name": "Cube27",
							"from": [ -1.7, 0.0, 1.8 ],
							"to": [ 1.8, 5.0, 1.8 ],
							"rotationOrigin": [ 0.0, 0.0, 1.8 ],
							"faces": {
								"north": { "texture": "#chamomile", "uv": [ 5.0, 10.5, 8.5, 15.5 ], "windMode": [0,1,1,0] }
							}
						}
					]
				},
				{
					"name": "stemdown23",
					"from": [ 1.9995, -0.3, 1.2021 ],
					"to": [ 1.9995, 4.7, 4.7021 ],
					"rotationOrigin": [ 2.0, -0.3, 3.0 ],
					"rotationY": -44.9802,
					"faces": {
						"east": { "texture": "#chamomile", "uv": [ 5.0, 10.5, 8.5, 15.5 ], "windMode": [0,1,1,0] }
					},
					"children": [
						{
							"name": "Cube24",
							"from": [ -1.7, 0.0, 1.8 ],
							"to": [ 1.8, 5.0, 1.8 ],
							"rotationOrigin": [ 0.0, 0.0, 1.8 ],
							"faces": {
								"north": { "texture": "#chamomile", "uv": [ 5.0, 10.5, 8.5, 15.5 ], "windMode": [0,1,1,0] }
							}
						}
					]
				},
				{
					"name": "stemdown21",
					"from": [ -1.7008, -0.3, -0.7017 ],
					"to": [ -1.7008, 4.7, 2.7983 ],
					"rotationOrigin": [ -1.7, -0.3, 1.1 ],
					"rotationX": -180.0,
					"rotationY": 44.9802,
					"rotationZ": -180.0,
					"faces": {
						"east": { "texture": "#chamomile", "uv": [ 5.0, 11.0, 8.5, 16.0 ], "windMode": [0,1,1,0] }
					},
					"children": [
						{
							"name": "Cube22",
							"from": [ -1.7, 0.0, 1.8 ],
							"to": [ 1.8, 5.0, 1.8 ],
							"rotationOrigin": [ 0.0, 0.0, 1.8 ],
							"faces": {
								"north": { "texture": "#chamomile", "uv": [ 5.0, 10.5, 8.5, 15.5 ], "windMode": [0,1,1,0] }
							}
						}
					]
				},
				{
					"name": "stemdown3",
					"from": [ -6.9988, -0.3, -1.8014 ],
					"to": [ -6.9988, 4.7, 1.6986 ],
					"rotationOrigin": [ -7.0, -0.3, 0.0 ],
					"rotationY": -44.9802,
					"faces": {
						"east": { "texture": "#chamomile", "uv": [ 5.0, 11.0, 8.5, 16.0 ], "windMode": [0,1,1,0] }
					},
					"children": [
						{
							"name": "Cube3",
							"from": [ -1.7, 0.0, 1.8 ],
							"to": [ 1.8, 5.0, 1.8 ],
							"rotationOrigin": [ 0.0, 0.0, 1.8 ],
							"faces": {
								"north": { "texture": "#chamomile", "uv": [ 5.0, 11.0, 8.5, 16.0 ], "windMode": [0,1,1,0] }
							}
						}
					]
				},
				{
					"name": "stemdown31",
					"from": [ -0.7781, -0.3, 2.3924 ],
					"to": [ -0.7781, 4.7, 5.8924 ],
					"rotationOrigin": [ -0.7793, -0.3, 4.1914 ],
					"rotationX": 180.0,
					"rotationY": 89.9802,
					"rotationZ": -180.0,
					"faces": {
						"east": { "texture": "#chamomile", "uv": [ 5.0, 10.5, 8.5, 15.5 ], "windMode": [0,1,1,0] }
					},
					"children": [
						{
							"name": "Cube32",
							"from": [ -1.7, 0.0, 1.8 ],
							"to": [ 1.8, 5.0, 1.8 ],
							"rotationOrigin": [ 0.0, 0.0, 1.8 ],
							"faces": {
								"north": { "texture": "#chamomile", "uv": [ 5.0, 10.5, 8.5, 15.5 ], "windMode": [0,1,1,0] }
							}
						}
					]
				},
				{
					"name": "stemdown33",
					"from": [ -5.7988, -0.3, -6.899 ],
					"to": [ -5.7988, 4.7, -3.399 ],
					"rotationOrigin": [ -5.8, -0.3, -5.1 ],
					"rotationX": -180.0,
					"rotationY": -45.0198,
					"rotationZ": -180.0,
					"faces": {
						"east": { "texture": "#chamomile", "uv": [ 5.0, 10.5, 8.5, 15.5 ], "windMode": [0,1,1,0] }
					},
					"children": [
						{
							"name": "Cube34",
							"from": [ -1.7, 0.0, 1.8 ],
							"to": [ 1.8, 5.0, 1.8 ],
							"rotationOrigin": [ 0.0, 0.0, 1.8 ],
							"faces": {
								"north": { "texture": "#chamomile", "uv": [ 5.0, 10.5, 8.5, 15.5 ], "windMode": [0,1,1,0] }
							}
						}
					]
				},
				{
					"name": "stemdown35",
					"from": [ 0.0805, -0.3, -4.8904 ],
					"to": [ 0.0805, 4.7, -1.3904 ],
					"rotationOrigin": [ 0.0793, -0.3, -3.0914 ],
					"rotationY": -89.9802,
					"faces": {
						"east": { "texture": "#chamomile", "uv": [ 5.0, 10.5, 8.5, 15.5 ], "windMode": [0,1,1,0] }
					},
					"children": [
						{
							"name": "Cube36",
							"from": [ -1.7, 0.0, 1.8 ],
							"to": [ 1.8, 5.0, 1.8 ],
							"rotationOrigin": [ 0.0, 0.0, 1.8 ],
							"faces": {
								"north": { "texture": "#chamomile", "uv": [ 5.0, 10.5, 8.5, 15.5 ], "windMode": [0,1,1,0] }
							}
						}
					]
				},
				{
					"name": "stemdown37",
					"from": [ -4.4902, -0.3, -4.6783 ],
					"to": [ -4.4902, 4.7, -1.1783 ],
					"rotationOrigin": [ -4.4914, -0.3, -2.8793 ],
					"rotationY": 0.0198,
					"faces": {
						"east": { "texture": "#chamomile", "uv": [ 5.0, 10.5, 8.5, 15.5 ], "windMode": [0,1,1,0] }
					},
					"children": [
						{
							"name": "Cube38",
							"from": [ -1.7, 0.0, 1.8 ],
							"to": [ 1.8, 5.0, 1.8 ],
							"rotationOrigin": [ 0.0, 0.0, 1.8 ],
							"faces": {
								"north": { "texture": "#chamomile", "uv": [ 5.0, 10.5, 8.5, 15.5 ], "windMode": [0,1,1,0] }
							}
						}
					]
				},
				{
					"name": "stemdown39",
					"from": [ -5.0061, -0.3, 3.2663 ],
					"to": [ -5.0061, 4.7, 6.7663 ],
					"rotationOrigin": [ -5.0073, -0.3, 5.0653 ],
					"rotationY": -20.9802,
					"faces": {
						"east": { "texture": "#chamomile", "uv": [ 5.0, 10.5, 8.5, 15.5 ], "windMode": [0,1,1,0] }
					},
					"children": [
						{
							"name": "Cube40",
							"from": [ -1.7, 0.0, 1.8 ],
							"to": [ 1.8, 5.0, 1.8 ],
							"rotationOrigin": [ 0.0, 0.0, 1.8 ],
							"faces": {
								"north": { "texture": "#chamomile", "uv": [ 5.0, 10.5, 8.5, 15.5 ], "windMode": [0,1,1,0] }
							}
						}
					]
				},
				{
					"name": "stemdown42",
					"from": [ -3.9438, -0.3, 0.1264 ],
					"to": [ -3.9438, 4.7, 3.6264 ],
					"rotationOrigin": [ -3.9464, -0.3, 1.9247 ],
					"rotationY": -78.9802,
					"faces": {
						"east": { "texture": "#chamomile", "uv": [ 5.0, 11.0, 8.5, 16.0 ], "windMode": [0,1,1,0] }
					},
					"children": [
						{
							"name": "Cube43",
							"from": [ -1.7, 0.0, 1.8 ],
							"to": [ 1.8, 5.0, 1.8 ],
							"rotationOrigin": [ 0.0, 0.0, 1.8 ],
							"faces": {
								"north": { "texture": "#chamomile", "uv": [ 5.0, 10.5, 8.5, 15.5 ], "windMode": [0,1,1,0] }
							}
						}
					]
				},
				{
					"name": "stemdown43",
					"from": [ 5.0386, -0.3, 3.3619 ],
					"to": [ 5.0386, 4.7, 6.8619 ],
					"rotationOrigin": [ 5.0374, -0.3, 5.1609 ],
					"rotationY": 18.0198,
					"faces": {
						"east": { "texture": "#chamomile", "uv": [ 5.0, 10.5, 8.5, 15.5 ], "windMode": [0,1,1,0] }
					},
					"children": [
						{
							"name": "Cube44",
							"from": [ -1.7, 0.0, 1.8 ],
							"to": [ 1.8, 5.0, 1.8 ],
							"rotationOrigin": [ 0.0, 0.0, 1.8 ],
							"faces": {
								"north": { "texture": "#chamomile", "uv": [ 5.0, 10.5, 8.5, 15.5 ], "windMode": [0,1,1,0] }
							}
						}
					]
				},
				{
					"name": "stemdown46",
					"from": [ 6.3089, -0.3, 0.2282 ],
					"to": [ 6.3089, 4.7, 3.7282 ],
					"rotationOrigin": [ 6.3063, -0.3, 2.0265 ],
					"rotationX": -180.0,
					"rotationY": 17.9802,
					"rotationZ": -180.0,
					"faces": {
						"east": { "texture": "#chamomile", "uv": [ 5.0, 11.0, 8.5, 16.0 ], "windMode": [0,1,1,0] }
					},
					"children": [
						{
							"name": "Cube47",
							"from": [ -1.7, 0.0, 1.8 ],
							"to": [ 1.8, 5.0, 1.8 ],
							"rotationOrigin": [ 0.0, 0.0, 1.8 ],
							"faces": {
								"north": { "texture": "#chamomile", "uv": [ 5.0, 10.5, 8.5, 15.5 ], "windMode": [0,1,1,0] }
							}
						}
					]
				}
			]
		}
	]}