{
	"editor": {
		"allAngles": false,
		"entityTextureMode": false
	},
	"textureWidth": 16,
	"textureHeight": 16,
	"textureSizes": {
	},
	"textures": {
		"mat": "block/clay/ceramic",
		"floor": "block/clay/ceramic-dark"
	},
	"elements": [
		{
			"name": "bottom",
			"from": [ 2.0, 0.0, 2.0 ],
			"to": [ 14.0, 2.0, 14.0 ],
			"rotationOrigin": [ 10.0, -3.9, 8.0 ],
			"faces": {
				"up": { "texture": "#floor", "uv": [ 2.0, 2.0, 14.0, 14.0 ] },
				"down": { "texture": "#floor", "uv": [ 2.0, 2.0, 14.0, 14.0 ] }
			},
			"children": [
				{
					"name": "N",
					"from": [ -2.0, 0.0, -2.0 ],
					"to": [ 14.0, 4.0, 0.5 ],
					"rotationOrigin": [ 1.0, 0.0, -2.0 ],
					"faces": {
						"north": { "texture": "#mat", "uv": [ 0.0, 2.0, 16.0, 6.0 ] },
						"east": { "texture": "#mat", "uv": [ 0.0, 10.0, 2.5, 14.0 ] },
						"south": { "texture": "#mato", "uv": [ 0.0, 6.5, 16.0, 10.5 ] },
						"west": { "texture": "#mat", "uv": [ 13.5, 10.0, 16.0, 14.0 ] },
						"up": { "texture": "#mat", "uv": [ 0.0, 0.0, 16.0, 2.5 ] },
						"down": { "texture": "#mat", "uv": [ 0.0, 13.0, 16.0, 15.5 ] }
					}
				},
				{
					"name": "E",
					"from": [ 11.5, 0.0, 0.5 ],
					"to": [ 14.0, 4.0, 11.5 ],
					"rotationOrigin": [ 9.0, 0.0, 0.0 ],
					"faces": {
						"east": { "texture": "#mat", "uv": [ 2.0, 11.5, 13.0, 15.5 ] },
						"west": { "texture": "#mato", "uv": [ 2.0, 0.0, 13.0, 4.0 ] },
						"up": { "texture": "#mat", "uv": [ 0.5, 2.0, 3.0, 13.0 ] },
						"down": { "texture": "#mat", "uv": [ 0.0, 2.0, 2.5, 13.0 ] }
					}
				},
				{
					"name": "S",
					"from": [ -2.0, 0.0, 11.5 ],
					"to": [ 14.0, 4.0, 14.0 ],
					"faces": {
						"north": { "texture": "#mato", "uv": [ 0.0, 12.0, 16.0, 16.0 ] },
						"east": { "texture": "#mat", "uv": [ 0.0, 10.0, 2.5, 14.0 ] },
						"south": { "texture": "#mat", "uv": [ 0.0, 11.5, 16.0, 15.5 ] },
						"west": { "texture": "#mat", "uv": [ 13.5, 9.0, 16.0, 13.0 ] },
						"up": { "texture": "#mat", "uv": [ 0.0, 0.0, 16.0, 2.5 ] },
						"down": { "texture": "#mat", "uv": [ 0.0, 14.0, 16.0, 16.5 ] }
					}
				},
				{
					"name": "W",
					"from": [ -2.0, 0.0, 0.5 ],
					"to": [ 0.5, 4.0, 11.5 ],
					"faces": {
						"east": { "texture": "#mato", "uv": [ 2.0, 0.0, 13.0, 4.0 ] },
						"west": { "texture": "#mat", "uv": [ 1.5, 12.0, 12.5, 16.0 ] },
						"up": { "texture": "#mat", "uv": [ 0.0, 1.5, 2.5, 12.5 ] },
						"down": { "texture": "#mat", "uv": [ 14.0, 1.5, 16.5, 12.5 ] }
					}
				},
				{
					"name": "Content",
					"from": [ 0.5, 3.5, 0.5 ],
					"to": [ 11.5, 3.5, 11.5 ],
					"rotationOrigin": [ 0.0, 3.0, 0.0 ],
					"faces": {
						"up": { "texture": "#content", "uv": [ 0.0, 0.0, 11.0, 11.0 ], "glow": 128 }
					}
				}
			]
		}
	]}