[
	{
		"enabled": false,
		"name": "Barked Loghalf 3 pieces - fotsa east asiatic",
		"ingredientPattern": "__,LA,LL",
		"ingredients": {
			"A": { "type": "item", "code": "game:axe-*", "isTool": true },
			"L": { "type": "block", "code": "floralzoneseastasiaticregion:log-placed-*-ud", "name": "wuud", "allowedVariants": [ "abieskoreana" ] }
		},
		"width": 2,
		"height": 3,
		"recipeGroup": 1,
		"output": { "type": "block", "code": "loghalf-barkedcorner-{wuud}-north", "quantity": 3 }
	},
	{
		"enabled": false,
		"name": "Barked Loghalf 5 pieces - fotsa east asiatic",
		"ingredientPattern": "L__,LA_,LLL",
		"ingredients": {
			"A": { "type": "item", "code": "game:axe-*", "isTool": true },
			"L": { "type": "block", "code": "floralzoneseastasiaticregion:log-placed-*-ud", "name": "wuud", "allowedVariants": [ "abieskoreana" ] }
		},
		"width": 3,
		"height": 3,
		"recipeGroup": 1,
		"output": { "type": "block", "code": "loghalf-barkedcorner-{wuud}-north", "name": "material" , "quantity": 5 }
	},
	{
		"enabled": false,
		"name": "Debarked Loghalf 3 pieces - fotsa east asiatic",
		"ingredientPattern": "__,LA,LL",
		"ingredients": {
			"A": { "type": "item", "code": "game:axe-*", "isTool": true },
			"L": { "type": "block", "code": "floralzoneseastasiaticregion:debarkedlog-*-ud", "name": "wuud", "allowedVariants": [ "abieskoreana" ] }
		},
		"width": 2,
		"height": 3,
		"recipeGroup": 1,
		"output": { "type": "block", "code": "loghalf-debarkedcorner-{wuud}-north", "quantity": 3 }
	},
	{
		"enabled": false,
		"name": "Debarked Loghalf 5 pieces - fotsa east asiatic",
		"ingredientPattern": "L__,LA_,LLL",
		"ingredients": {
			"A": { "type": "item", "code": "game:axe-*", "isTool": true },
			"L": { "type": "block", "code": "floralzoneseastasiaticregion:debarkedlog-*-ud", "name": "wuud", "allowedVariants": [ "abieskoreana" ] }
		},
		"width": 3,
		"height": 3,
		"recipeGroup": 1,
		"output": { "type": "block", "code": "loghalf-debarkedcorner-{wuud}-north", "quantity": 5 }
	},
	{
		"enabled": false,
		"name": "Logquad Barked Conversion - fotsa east asiatic -> brady",
		"ingredientPattern": "L",
		"ingredients": {
			"L": { "type": "block", "code": "floralzoneseastasiaticregion:logquad-barkedcorner-*-north", "name": "wuud", "allowedVariants": [ "abieskoreana" ] }
		},
		"width": 1,
		"height": 1,
		"output": { "type": "block", "code": "loghalf-barkedcorner-{wuud}-north" }
	},
	{
		"enabled": false,
		"name": "Logquad Debarked Conversion - fotsa east asiatic -> brady",
		"ingredientPattern": "L",
		"ingredients": {
			"L": { "type": "block", "code": "floralzoneseastasiaticregion:logquad-debarkedcorner-*-north", "name": "wuud", "allowedVariants": [ "abieskoreana" ] }
		},
		"width": 1,
		"height": 1,
		"output": { "type": "block", "code": "loghalf-debarkedcorner-{wuud}-north" }
	},
	{
		"enabled": false,
		"name": "Loghalf Barked Conversion - brady -> fotsa east asiatic",
		"ingredientPattern": "L",
		"ingredients": {
			"L": { "type": "block", "code": "loghalf-barkedcorner-*-north", "name": "wuud", "allowedVariants": [ "abieskoreana" ] }
		},
		"width": 1,
		"height": 1,
		"output": { "type": "block", "code": "floralzoneseastasiaticregion:logquad-barkedcorner-{wuud}-north" }
	},
	{
		"enabled": false,
		"name": "Logquad Debarked Conversion - brady -> fotsa east asiatic",
		"ingredientPattern": "L",
		"ingredients": {
			"L": { "type": "block", "code": "loghalf-debarkedcorner-*-north", "name": "wuud", "allowedVariants": [ "abieskoreana" ] }
		},
		"width": 1,
		"height": 1,
		"output": { "type": "block", "code": "floralzoneseastasiaticregion:logquad-debarkedcorner-{wuud}-north" }
	}
]