[
	{
		"ingredientPattern": "KPW",
		"ingredients": {
			"K": { "type": "item", "code": "floralzoneseastasiaticregion:sponge-luffaaegyptiaca", "isTool": true },
			"P": { "type": "block", "code": "game:oillamp-*" },
			"W": { "type": "block", "code": "claybucket-*-fired*" },
		},
		"width": 3,
		"height": 1,
		"attributes": {
			"liquidContainerProps": {
				"requiresContent": { "type": "item", "code": "game:vinegarportion" }, "requiresLitres": 1 }
			},
		"shapeless": true,
		"output": { "type": "block", "code": "game:bowl-fired", "quantity": 1   }
	}
]