[
    {
        "name": "Scaffolding FZ {material}",
        "ingredientPattern": "PPP,PRP,P_P",
        "ingredients": {
            "P": { "type": "block", "code": "floralzoneseastasiaticregion:bamboo-placed-*-segment1", "name": "grass", "allowedVariants": [ "phyllostachysedulis" ] },
            "R": { "type": "item", "code": "game:metalnailsandstrips-*", "quantity": 1 }
        },
        "width": 3,
        "height": 3,
        "output": { "type": "block", "code": "scaffolding-{grass}-north", "quantity": 4 }
    },
    {
        "name": "Scaffolding FZ {material}",
        "ingredientPattern": "PPP,PRP,P_P",
        "ingredients": {
            "P": { "type": "block", "code": "floralzoneseastasiaticregion:lognarrow-placed-*-ud", "name": "wuud", "allowedVariants": [ "abieskoreana", "trachycarpusfortunei" ] },
            "R": { "type": "item", "code": "game:metalnailsandstrips-*", "quantity": 1 }
        },
        "width": 3,
        "height": 3,
        "output": { "type": "block", "code": "scaffolding-{wuud}-north", "quantity": 4 }
    }
]