{
  "enabled": false,
  "code": "irrigationvessel",
  "class": "blockirrigationvessel",
  "entityClass": "beirrigationvessel",
  "behaviors": [
    { 
      "name": "UnstableFalling" 
    }
  ],
  "attributes": {
    "liquidContainerProps": {
      "capacityLitres": 50,
      "transferSizeLitres": 1,
      "emptyShapeLoc": "primitivesurvival:block/clay/irrigationvessel/irrigationvessel",
      "opaqueContentShapeLoc": "primitivesurvival:shapes/block/clay/irrigationvessel/contents",
      "liquidContentShapeLoc": "primitivesurvival:shapes/block/clay/irrigationvessel/liquidcontents",
      "liquidMaxYTranslate": 0.9275
    }
  },
  "creativeinventory": {
    "general": [ 
      "irrigationvessel-*-normal" 
    ],
    "decorative": [ 
      "irrigationvessel-*-normal" 
    ],
    "primitive": [ 
      "irrigationvessel-*-normal" 
    ],
    "clayworks": [ 
      "irrigationvessel-*-normal" 
    ]
  },
  "variantgroups": [
    {
      "code": "variant",
      "states": [
        "black",
        "azure",
        "brown",
        "gray",
        "green",
        "orange",
        "pink",
        "purple",
        "crimson",
        "white",
        "yellow",
        "naturalblue",
        "naturalred",
        "naturalfire"
      ]
    },
    {
      "code": "state",
      "states": [
        "fired0",
        "fired1",
        "fired2",
        "fired3"
      ]
    },
    {
      "code": "type",
      "states": [ 
        "normal" 
      ]
    }
  ],
  "skipVariants": [
    "*-naturalblue-fired3-*"
  ],
  "shapebytype": {
    "*": {
      "base": "primitivesurvival:block/clay/irrigationvessel/irrigationvessel"
    }
  },
  "sidesolid": {
    "all": false
  },
  "sideopaque": {
    "all": false
  },
  "blockmaterial": "Ceramic",
  "texturesByType": {
    "*-naturalfire-fired2-*": {
      "ceramic": {
        "base": "game:block/clay/hardened/fire"
      },
      "top": {
        "base": "game:block/clay/hardened/fire",
        "overlays": [
          "clayworks:block/clay/overlay/vessel_top_natural"
        ]
      },
      "sides": {
        "base": "game:block/clay/hardened/fire",
        "overlays": [
          "clayworks:block/clay/overlay/vessel_sides_natural"
        ]
      },
      "inside": {
        "base": "game:block/clay/hardened/fire",
        "overlays": [
          "clayworks:block/clay/overlay/vessel_inside"
        ]
      },
      "up": { 
        "base": "primitivesurvival:block/clay/fertcompost-moist" 
      },
      "side": { 
        "base": "game:block/soil/fertcompost" 
      },
      "updry": { 
        "base": "primitivesurvival:block/clay/fertcompost-dry" 
      },
      "sidedry": { 
        "base": "game:block/soil/fertlow" 
      }
    },
    "*-naturalfire-*": {
      "ceramic": {
        "base": "clayworks:block/clay/color/{state}/{variant}"
      },
      "top": {
        "base": "clayworks:block/clay/color/{state}/{variant}",
        "overlays": [
          "clayworks:block/clay/overlay/vessel_top_natural"
        ]
      },
      "sides": {
        "base": "clayworks:block/clay/color/{state}/{variant}",
        "overlays": [
          "clayworks:block/clay/overlay/vessel_sides_natural"
        ]
      },
      "inside": {
        "base": "clayworks:block/clay/color/{state}/{variant}",
        "overlays": [
          "clayworks:block/clay/overlay/vessel_inside"
        ]
      },
      "up": { 
        "base": "primitivesurvival:block/clay/fertcompost-moist" 
      },
      "side": { 
        "base": "game:block/soil/fertcompost" 
      },
      "updry": { 
        "base": "primitivesurvival:block/clay/fertcompost-dry" 
      },
      "sidedry": { 
        "base": "game:block/soil/fertlow" 
      }
    },
    "*-naturalred-fired0-*": {
      "ceramic": {
        "base": "game:block/clay/hardened/tan"
      },
      "top": {
        "base": "game:block/clay/hardened/tan",
        "overlays": [
          "clayworks:block/clay/overlay/vessel_top_natural"
        ]
      },
      "sides": {
        "base": "game:block/clay/hardened/tan",
        "overlays": [
          "clayworks:block/clay/overlay/vessel_sides_natural"
        ]
      },
      "inside": {
        "base": "game:block/clay/hardened/tan",
        "overlays": [
          "clayworks:block/clay/overlay/vessel_inside"
        ]
      },
      "up": { 
        "base": "primitivesurvival:block/clay/fertcompost-moist" 
      },
      "side": { 
        "base": "game:block/soil/fertcompost" 
      },
      "updry": { 
        "base": "primitivesurvival:block/clay/fertcompost-dry" 
      },
      "sidedry": { 
        "base": "game:block/soil/fertlow" 
      }
    },
    "*-naturalred-fired1-*": {
      "ceramic": {
        "base": "game:block/clay/hardened/orange"
      },
      "top": {
        "base": "game:block/clay/hardened/orange",
        "overlays": [
          "clayworks:block/clay/overlay/vessel_top_natural"
        ]
      },
      "sides": {
        "base": "game:block/clay/hardened/orange",
        "overlays": [
          "clayworks:block/clay/overlay/vessel_sides_natural"
        ]
      },
      "inside": {
        "base": "game:block/clay/hardened/orange",
        "overlays": [
          "clayworks:block/clay/overlay/vessel_inside"
        ]
      },
      "up": { 
        "base": "primitivesurvival:block/clay/fertcompost-moist" 
      },
      "side": { 
        "base": "game:block/soil/fertcompost" 
      },
      "updry": { 
        "base": "primitivesurvival:block/clay/fertcompost-dry" 
      },
      "sidedry": { 
        "base": "game:block/soil/fertlow" 
      }
    },
    "*-naturalred-fired2-*": {
      "ceramic": {
        "base": "game:block/clay/hardened/red"
      },
      "top": {
        "base": "game:block/clay/hardened/red",
        "overlays": [
          "clayworks:block/clay/overlay/vessel_top_natural"
        ]
      },
      "sides": {
        "base": "game:block/clay/hardened/red",
        "overlays": [
          "clayworks:block/clay/overlay/vessel_sides_natural"
        ]
      },
      "inside": {
        "base": "game:block/clay/hardened/red",
        "overlays": [
          "clayworks:block/clay/overlay/vessel_inside"
        ]
      },
      "up": { 
        "base": "primitivesurvival:block/clay/fertcompost-moist" 
      },
      "side": { 
        "base": "game:block/soil/fertcompost" 
      },
      "updry": { 
        "base": "primitivesurvival:block/clay/fertcompost-dry" 
      },
      "sidedry": { 
        "base": "game:block/soil/fertlow" 
      }
    },
    "*-naturalred-fired0-*": {
      "ceramic": {
        "base": "game:block/clay/hardened/brown"
      },
      "top": {
        "base": "game:block/clay/hardened/brown",
        "overlays": [
          "clayworks:block/clay/overlay/vessel_top_natural"
        ]
      },
      "sides": {
        "base": "game:block/clay/hardened/brown",
        "overlays": [
          "clayworks:block/clay/overlay/vessel_sides_natural"
        ]
      },
      "inside": {
        "base": "game:block/clay/hardened/brown",
        "overlays": [
          "clayworks:block/clay/overlay/vessel_inside"
        ]
      },
      "up": { 
        "base": "primitivesurvival:block/clay/fertcompost-moist" 
      },
      "side": { 
        "base": "game:block/soil/fertcompost" 
      },
      "updry": { 
        "base": "primitivesurvival:block/clay/fertcompost-dry" 
      },
      "sidedry": { 
        "base": "game:block/soil/fertlow" 
      }
    },
    "*-naturalblue-fired0-*": {
      "ceramic": {
        "base": "game:block/clay/hardened/cream"
      },
      "top": {
        "base": "game:block/clay/hardened/cream",
        "overlays": [
          "clayworks:block/clay/overlay/vessel_top_natural"
        ]
      },
      "sides": {
        "base": "game:block/clay/hardened/cream",
        "overlays": [
          "clayworks:block/clay/overlay/vessel_sides_natural"
        ]
      },
      "inside": {
        "base": "game:block/clay/hardened/cream",
        "overlays": [
          "clayworks:block/clay/overlay/vessel_inside"
        ]
      },
      "up": { 
        "base": "primitivesurvival:block/clay/fertcompost-moist" 
      },
      "side": { 
        "base": "game:block/soil/fertcompost" 
      },
      "updry": { 
        "base": "primitivesurvival:block/clay/fertcompost-dry" 
      },
      "sidedry": { 
        "base": "game:block/soil/fertlow" 
      }
    },
    "*-naturalblue-fired1-*": {
      "ceramic": {
        "base": "game:block/clay/hardened/gray"
      },
      "top": {
        "base": "game:block/clay/hardened/gray",
        "overlays": [
          "clayworks:block/clay/overlay/vessel_top_natural"
        ]
      },
      "sides": {
        "base": "game:block/clay/hardened/gray",
        "overlays": [
          "clayworks:block/clay/overlay/vessel_sides_natural"
        ]
      },
      "inside": {
        "base": "game:block/clay/hardened/gray",
        "overlays": [
          "clayworks:block/clay/overlay/vessel_inside"
        ]
      },
      "up": { 
        "base": "primitivesurvival:block/clay/fertcompost-moist" 
      },
      "side": { 
        "base": "game:block/soil/fertcompost" 
      },
      "updry": { 
        "base": "primitivesurvival:block/clay/fertcompost-dry" 
      },
      "sidedry": { 
        "base": "game:block/soil/fertlow" 
      }
    },
    "*-naturalblue-fired2-*": {
      "ceramic": {
        "base": "game:block/clay/hardened/black"
      },
      "top": {
        "base": "game:block/clay/hardened/black",
        "overlays": [
          "clayworks:block/clay/overlay/vessel_top_natural"
        ]
      },
      "sides": {
        "base": "game:block/clay/hardened/black",
        "overlays": [
          "clayworks:block/clay/overlay/vessel_sides_natural"
        ]
      },
      "inside": {
        "base": "game:block/clay/hardened/black",
        "overlays": [
          "clayworks:block/clay/overlay/vessel_inside"
        ]
      },
      "up": { 
        "base": "primitivesurvival:block/clay/fertcompost-moist" 
      },
      "side": { 
        "base": "game:block/soil/fertcompost" 
      },
      "updry": { 
        "base": "primitivesurvival:block/clay/fertcompost-dry" 
      },
      "sidedry": { 
        "base": "game:block/soil/fertlow" 
      }
    },
    "*": {
      "ceramic": {
        "base": "clayworks:block/clay/color/{state}/{variant}"
      },
      "top": {
        "base": "game:block/clay/hardened/cream",
        "overlays": [
          "clayworks:block/clay/color/{state}/{variant}",
          "clayworks:block/clay/overlay/vessel_top"
        ]
      },
      "sides": {
        "base": "game:block/clay/hardened/cream",
        "overlays": [
          "clayworks:block/clay/color/{state}/{variant}",
          "clayworks:block/clay/overlay/vessel_sides"
        ]
      },
      "inside": {
        "base": "game:block/clay/hardened/cream",
        "overlays": [
          "clayworks:block/clay/color/{state}/{variant}",
          "clayworks:block/clay/overlay/vessel_inside"
        ]
      },
      "up": { 
        "base": "primitivesurvival:block/clay/fertcompost-moist" 
      },
      "side": { 
        "base": "game:block/soil/fertcompost" 
      },
      "updry": { 
        "base": "primitivesurvival:block/clay/fertcompost-dry" 
      },
      "sidedry": { 
        "base": "game:block/soil/fertlow" 
      }
    }
  },
  "drops": [
    {
      "type": "block",
      "code": "clayworks:irrigationvessel-{variant}-{state}-normal",
      "quantity": { 
        "avg": 1 
      }
    }
  ],
  "replaceable": 1000,
  "resistance": 0.8,
  "liquidSelectable": true,
  "lightAbsorption": 0,
  "maxstacksizebytype": {
    "*": 1
  },
  "sounds": {
    "walk": "game:walk/stone",
    "break": "game:block/ceramicplace",
    "hit": "game:block/ceramichit",
    "place": "game:block/ceramicplace"
  },
  "collisionSelectionBox": {
    "x1": 0.125,
    "y1": 0,
    "z1": 0.125,
    "x2": 0.875,
    "y2": 1,
    "z2": 0.875
  },
  "heldTpIdleAnimation": "holdunderarm",
  "tpHandTransform": {
    "translation": {
      "x": -1,
      "y": -0.5,
      "z": -0.5
    },
    "rotation": {
      "x": 25,
      "y": -20,
      "z": -99
    },
    "scale": 0.56
  }
}

