{
	"editor": {
		"collapsedPaths": "Root/Wall attachment,Root/Origin",
		"allAngles": false,
		"entityTextureMode": false
	},
	"textureWidth": 16,
	"textureHeight": 16,
	"textureSizes": {
	},
	"textures": {
		"material": "game:block/metal/torchholder/aged",
		"bark": "game:block/wood/bark/pine",
		"cut": "game:block/wood/debarked/pine",
		"oak-dark": "game:block/wood/oak-dark",
		"flammable": "game:block/wood/torch/flammable"
	},
	"elements": [
		{
			"name": "pine",
			"from": [ 4.0, 0.0, 4.0 ],
			"to": [ 12.0, 16.0, 12.0 ],
			"faces": {
				"north": { "texture": "#bark", "uv": [ 4.0, 0.0, 12.0, 16.0 ] },
				"east": { "texture": "#bark", "uv": [ 4.0, 0.0, 12.0, 16.0 ] },
				"south": { "texture": "#bark", "uv": [ 4.0, 0.0, 12.0, 16.0 ] },
				"west": { "texture": "#bark", "uv": [ 4.0, 0.0, 12.0, 16.0 ] },
				"up": { "texture": "#cut", "uv": [ 4.0, 4.0, 12.0, 12.0 ] },
				"down": { "texture": "#cut", "uv": [ 4.0, 4.0, 12.0, 12.0 ] }
			}
		},
		{
			"name": "Wall attachment",
			"from": [ 3.0, 1.0, 8.0 ],
			"to": [ 5.0, 7.0, 9.0 ],
			"rotationOrigin": [ 4.0, 0.0, 8.0 ],
			"rotationY": -90.0,
			"faces": {
				"north": { "texture": "#material", "uv": [ 0.0, 14.0, 6.0, 16.0 ], "rotation": 90 },
				"east": { "texture": "#material", "uv": [ 8.0, 15.0, 14.0, 16.0 ], "rotation": 90 },
				"south": { "texture": "#material", "uv": [ 10.0, 14.0, 16.0, 16.0 ], "rotation": 90 },
				"west": { "texture": "#material", "uv": [ 4.0, 15.0, 10.0, 16.0 ], "rotation": 90 },
				"up": { "texture": "#material", "uv": [ 13.0, 15.0, 15.0, 16.0 ] },
				"down": { "texture": "#material", "uv": [ 9.0, 15.0, 11.0, 16.0 ] }
			},
			"children": [
				{
					"name": "holder bottom",
					"from": [ -0.5, 1.0, 1.0 ],
					"to": [ 2.5, 2.0, 4.0 ],
					"faces": {
						"north": { "texture": "#material", "uv": [ 4.0, 10.0, 7.0, 11.0 ] },
						"east": { "texture": "#material", "uv": [ 11.0, 11.0, 12.0, 14.0 ], "rotation": 270 },
						"south": { "texture": "#material", "uv": [ 8.0, 10.0, 11.0, 11.0 ] },
						"west": { "texture": "#material", "uv": [ 12.0, 11.0, 13.0, 14.0 ], "rotation": 90 },
						"up": { "texture": "#material", "uv": [ 3.0, 11.0, 6.0, 14.0 ], "rotation": 180 },
						"down": { "texture": "#material", "uv": [ 1.0, 12.0, 4.0, 15.0 ] }
					},
					"children": [
						{
							"name": "base",
							"from": [ 0.0, 3.3, 0.0 ],
							"to": [ 3.0, 5.3, 3.0 ],
							"rotationOrigin": [ 0.0, 0.9, 0.0 ],
							"faces": {
								"north": { "texture": "#material", "uv": [ 5.0, 9.0, 8.0, 11.0 ] },
								"east": { "texture": "#material", "uv": [ 7.0, 9.0, 10.0, 11.0 ] },
								"south": { "texture": "#material", "uv": [ 13.0, 9.0, 16.0, 11.0 ] },
								"west": { "texture": "#material", "uv": [ 9.0, 12.0, 12.0, 14.0 ] },
								"up": { "texture": "#material", "uv": [ 4.0, 13.0, 7.0, 16.0 ] },
								"down": { "texture": "#material", "uv": [ 12.0, 6.0, 15.0, 9.0 ] }
							},
							"children": [
								{
									"name": "deco",
									"from": [ 0.0, 2.0, 0.0 ],
									"to": [ 3.0, 5.0, 3.0 ],
									"renderPass": 1,
									"faces": {
										"north": { "texture": "#material", "uv": [ 0.0, 0.0, 3.0, 3.0 ] },
										"east": { "texture": "#material", "uv": [ 5.0, 0.0, 8.0, 3.0 ] },
										"south": { "texture": "#material", "uv": [ 8.0, 0.0, 11.0, 3.0 ] },
										"west": { "texture": "#material", "uv": [ 12.0, 0.0, 15.0, 3.0 ] }
									}
								}
							]
						}
					]
				}
			]
		},
		{
			"name": "Origin",
			"from": [ 1.4, 3.0, 8.1 ],
			"to": [ 1.4, 3.0, 8.1 ],
			"rotationOrigin": [ 1.4, 3.0, 8.1 ],
			"rotationY": -90.0,
			"faces": {
			},
			"children": [
				{
					"name": "handle 1",
					"from": [ -1.3, 7.0, -1.3 ],
					"to": [ 1.2, 8.0, 1.2 ],
					"rotationOrigin": [ -0.3, 7.0, -0.3 ],
					"faces": {
						"north": { "texture": "#oak-dark", "uv": [ 11.0, 1.5, 13.5, 2.5 ] },
						"east": { "texture": "#oak-dark", "uv": [ 11.5, 0.5, 14.0, 1.5 ] },
						"south": { "texture": "#oak-dark", "uv": [ 2.5, 9.0, 5.0, 10.0 ] },
						"west": { "texture": "#oak-dark", "uv": [ 4.5, 3.0, 7.0, 4.0 ] },
						"up": { "texture": "#oak-dark", "uv": [ 0.0, 0.0, 2.5, 2.5 ] },
						"down": { "texture": "#oak-dark", "uv": [ 0.0, 13.5, 2.5, 16.0 ] }
					},
					"children": [
						{
							"name": "Cube9",
							"from": [ 0.0, -4.0, 0.0 ],
							"to": [ 1.0, 0.0, 1.0 ],
							"rotationOrigin": [ 0.0, -4.0, 0.0 ],
							"faces": {
								"north": { "texture": "#oak-dark", "uv": [ 10.0, 10.0, 11.0, 14.0 ] },
								"east": { "texture": "#oak-dark", "uv": [ 11.0, 10.5, 12.0, 14.5 ] },
								"south": { "texture": "#oak-dark", "uv": [ 2.5, 0.0, 3.5, 4.0 ] },
								"west": { "texture": "#oak-dark", "uv": [ 2.5, 0.5, 3.5, 4.5 ] },
								"down": { "texture": "#oak-dark", "uv": [ 0.0, 0.0, 1.0, 1.0 ] }
							}
						},
						{
							"name": "Cube11",
							"from": [ 0.0, -3.0, 1.5 ],
							"to": [ 0.5, 0.0, 2.5 ],
							"rotationOrigin": [ 0.0, -3.0, 1.5 ],
							"faces": {
								"north": { "texture": "#oak-dark", "uv": [ 12.0, 11.5, 12.5, 14.5 ] },
								"east": { "texture": "#oak-dark", "uv": [ 4.5, 0.5, 5.5, 3.5 ] },
								"south": { "texture": "#oak-dark", "uv": [ 7.5, 4.0, 8.0, 7.0 ] },
								"west": { "texture": "#oak-dark", "uv": [ 4.5, 5.0, 5.5, 8.0 ] },
								"down": { "texture": "#oak-dark", "uv": [ 0.0, 0.0, 0.5, 1.0 ] }
							}
						},
						{
							"name": "Cube12",
							"from": [ 1.0, -2.0, 1.5 ],
							"to": [ 2.5, 0.0, 2.5 ],
							"rotationOrigin": [ 1.0, -2.0, 1.5 ],
							"faces": {
								"north": { "texture": "#oak-dark", "uv": [ 9.0, 10.0, 10.5, 12.0 ] },
								"east": { "texture": "#oak-dark", "uv": [ 11.0, 1.5, 12.0, 3.5 ] },
								"south": { "texture": "#oak-dark", "uv": [ 9.5, 3.0, 11.0, 5.0 ] },
								"west": { "texture": "#oak-dark", "uv": [ 6.5, 0.5, 7.5, 2.5 ] },
								"down": { "texture": "#oak-dark", "uv": [ 0.0, 0.0, 1.5, 1.0 ] }
							}
						},
						{
							"name": "Cube13",
							"from": [ 1.0, -3.0, 0.0 ],
							"to": [ 2.5, 0.0, 0.5 ],
							"rotationOrigin": [ 1.0, -3.0, 0.0 ],
							"faces": {
								"north": { "texture": "#oak-dark", "uv": [ 11.5, 8.5, 13.0, 11.5 ] },
								"east": { "texture": "#oak-dark", "uv": [ 10.5, 9.5, 11.0, 12.5 ] },
								"south": { "texture": "#oak-dark", "uv": [ 3.5, 5.5, 5.0, 8.5 ] },
								"down": { "texture": "#oak-dark", "uv": [ 0.0, 0.0, 1.5, 0.5 ] }
							}
						},
						{
							"name": "Cube14",
							"from": [ 0.0, -5.0, 0.0 ],
							"to": [ 0.5, -4.0, 0.5 ],
							"rotationOrigin": [ 0.0, -5.0, 0.0 ],
							"faces": {
								"north": { "texture": "#oak-dark", "uv": [ 7.0, 5.0, 7.5, 6.0 ] },
								"east": { "texture": "#oak-dark", "uv": [ 11.5, 14.5, 12.0, 15.5 ] },
								"south": { "texture": "#oak-dark", "uv": [ 13.5, 11.5, 14.0, 12.5 ] },
								"west": { "texture": "#oak-dark", "uv": [ 2.5, 2.0, 3.0, 3.0 ] },
								"down": { "texture": "#oak-dark", "uv": [ 0.0, 0.0, 0.5, 0.5 ] }
							}
						}
					]
				},
				{
					"name": "flammable",
					"from": [ -1.4, 5.6, -1.4 ],
					"to": [ 1.3, 8.1, 1.3 ],
					"rotationOrigin": [ -1.4, 5.6, -1.4 ],
					"faces": {
						"north": { "texture": "#oak-dark", "uv": [ 1.5, 8.0, 4.0, 10.5 ] },
						"east": { "texture": "#oak-dark", "uv": [ 7.5, 5.5, 10.0, 8.0 ] },
						"south": { "texture": "#oak-dark", "uv": [ 5.5, 12.5, 8.0, 15.0 ] },
						"west": { "texture": "#oak-dark", "uv": [ 6.0, 11.5, 8.5, 14.0 ] },
						"up": { "texture": "#oak-dark", "uv": [ 5.0, 11.5, 7.5, 14.0 ] },
						"down": { "texture": "#oak-dark", "uv": [ 7.0, 4.0, 9.5, 6.5 ] }
					},
					"children": [
						{
							"name": "Cube1",
							"from": [ 0.3, 2.5, 0.2 ],
							"to": [ 2.3, 3.0, 1.7 ],
							"rotationOrigin": [ 0.3, 2.5, 0.2 ],
							"faces": {
								"north": { "texture": "#oak-dark", "uv": [ 8.5, 6.0, 9.0, 8.0 ], "rotation": 90 },
								"east": { "texture": "#oak-dark", "uv": [ 5.5, 3.0, 6.0, 4.5 ], "rotation": 90 },
								"south": { "texture": "#oak-dark", "uv": [ 4.5, 13.0, 5.0, 15.0 ], "rotation": 90 },
								"west": { "texture": "#oak-dark", "uv": [ 4.5, 14.0, 5.0, 15.5 ], "rotation": 90 },
								"up": { "texture": "#oak-dark", "uv": [ 7.0, 11.0, 9.0, 12.5 ] }
							}
						},
						{
							"name": "Cube15",
							"from": [ 0.5, 2.5, 1.5 ],
							"to": [ 2.5, 3.5, 2.5 ],
							"rotationOrigin": [ 0.5, 2.5, 1.5 ],
							"faces": {
								"north": { "texture": "#oak-dark", "uv": [ 8.0, 7.0, 9.0, 9.0 ], "rotation": 90 },
								"east": { "texture": "#oak-dark", "uv": [ 8.0, 6.0, 9.0, 7.0 ] },
								"south": { "texture": "#oak-dark", "uv": [ 4.5, 12.5, 6.5, 13.5 ] },
								"west": { "texture": "#oak-dark", "uv": [ 5.5, 13.0, 6.5, 14.0 ] },
								"up": { "texture": "#oak-dark", "uv": [ 6.0, 11.5, 8.0, 12.5 ] }
							}
						}
					]
				},
				{
					"name": "handle 2",
					"from": [ -1.0, 0.0, -1.0 ],
					"to": [ 1.0, 7.0, 1.0 ],
					"rotationOrigin": [ -1.0, 0.0, -1.0 ],
					"faces": {
						"north": { "texture": "#oak-dark", "uv": [ 12.0, 3.5, 14.0, 10.5 ] },
						"east": { "texture": "#oak-dark", "uv": [ 11.0, 8.5, 13.0, 15.5 ] },
						"south": { "texture": "#oak-dark", "uv": [ 13.5, 0.5, 15.5, 7.5 ] },
						"west": { "texture": "#oak-dark", "uv": [ 10.5, 8.5, 12.5, 15.5 ] },
						"down": { "texture": "#oak-dark", "uv": [ 12.0, 3.5, 14.0, 5.5 ] }
					}
				}
			]
		}
	]}