{
	"editor": {
		"collapsedPaths": "Root/Wall attachment",
		"allAngles": false,
		"entityTextureMode": false
	},
	"textureWidth": 16,
	"textureHeight": 16,
	"textureSizes": {
	},
	"textures": {
		"material": "game:block/metal/torchholder/aged",
		"bark": "game:block/wood/bark/pine",
		"cut": "game:block/wood/debarked/pine"
	},
	"elements": [
		{
			"name": "pine",
			"from": [ 4.0, 0.0, 4.0 ],
			"to": [ 12.0, 16.0, 12.0 ],
			"faces": {
				"north": { "texture": "#bark", "uv": [ 4.0, 0.0, 12.0, 16.0 ] },
				"east": { "texture": "#bark", "uv": [ 4.0, 0.0, 12.0, 16.0 ] },
				"south": { "texture": "#bark", "uv": [ 4.0, 0.0, 12.0, 16.0 ] },
				"west": { "texture": "#bark", "uv": [ 4.0, 0.0, 12.0, 16.0 ] },
				"up": { "texture": "#cut", "uv": [ 4.0, 4.0, 12.0, 12.0 ] },
				"down": { "texture": "#cut", "uv": [ 4.0, 4.0, 12.0, 12.0 ] }
			}
		},
		{
			"name": "Wall attachment",
			"from": [ 3.0, 1.0, 8.0 ],
			"to": [ 5.0, 7.0, 9.0 ],
			"rotationOrigin": [ 4.0, 0.0, 8.0 ],
			"rotationY": -90.0,
			"faces": {
				"north": { "texture": "#material", "uv": [ 0.0, 14.0, 6.0, 16.0 ], "rotation": 90 },
				"east": { "texture": "#material", "uv": [ 8.0, 15.0, 14.0, 16.0 ], "rotation": 90 },
				"south": { "texture": "#material", "uv": [ 10.0, 14.0, 16.0, 16.0 ], "rotation": 90 },
				"west": { "texture": "#material", "uv": [ 4.0, 15.0, 10.0, 16.0 ], "rotation": 90 },
				"up": { "texture": "#material", "uv": [ 13.0, 15.0, 15.0, 16.0 ] },
				"down": { "texture": "#material", "uv": [ 9.0, 15.0, 11.0, 16.0 ] }
			},
			"children": [
				{
					"name": "holder bottom",
					"from": [ -0.5, 1.0, 1.0 ],
					"to": [ 2.5, 2.0, 4.0 ],
					"faces": {
						"north": { "texture": "#material", "uv": [ 4.0, 10.0, 7.0, 11.0 ] },
						"east": { "texture": "#material", "uv": [ 11.0, 11.0, 12.0, 14.0 ], "rotation": 270 },
						"south": { "texture": "#material", "uv": [ 8.0, 10.0, 11.0, 11.0 ] },
						"west": { "texture": "#material", "uv": [ 12.0, 11.0, 13.0, 14.0 ], "rotation": 90 },
						"up": { "texture": "#material", "uv": [ 3.0, 11.0, 6.0, 14.0 ], "rotation": 180 },
						"down": { "texture": "#material", "uv": [ 1.0, 12.0, 4.0, 15.0 ] }
					},
					"children": [
						{
							"name": "base",
							"from": [ 0.0, 3.3, 0.0 ],
							"to": [ 3.0, 5.3, 3.0 ],
							"rotationOrigin": [ 0.0, 0.9, 0.0 ],
							"faces": {
								"north": { "texture": "#material", "uv": [ 5.0, 9.0, 8.0, 11.0 ] },
								"east": { "texture": "#material", "uv": [ 7.0, 9.0, 10.0, 11.0 ] },
								"south": { "texture": "#material", "uv": [ 13.0, 9.0, 16.0, 11.0 ] },
								"west": { "texture": "#material", "uv": [ 9.0, 12.0, 12.0, 14.0 ] },
								"up": { "texture": "#material", "uv": [ 4.0, 13.0, 7.0, 16.0 ] },
								"down": { "texture": "#material", "uv": [ 12.0, 6.0, 15.0, 9.0 ] }
							},
							"children": [
								{
									"name": "deco",
									"from": [ 0.0, 2.0, 0.0 ],
									"to": [ 3.0, 5.0, 3.0 ],
									"renderPass": 1,
									"faces": {
										"north": { "texture": "#material", "uv": [ 0.0, 0.0, 3.0, 3.0 ] },
										"east": { "texture": "#material", "uv": [ 5.0, 0.0, 8.0, 3.0 ] },
										"south": { "texture": "#material", "uv": [ 8.0, 0.0, 11.0, 3.0 ] },
										"west": { "texture": "#material", "uv": [ 12.0, 0.0, 15.0, 3.0 ] }
									}
								}
							]
						}
					]
				}
			]
		}
	]}