{
	"ingredient": { "type": "item", "code": "game:clay-*", "name": "type", "allowedVariants": ["blue", "fire", "red"] },
	"pattern": [[
		"##############",
		"##############",
		"##############",
		"##############",
		"##############",
		"##############",
		"##############",
		"##############",
		"##############",
		"##############",
		"##############",
		"##############",
		"##############",
		"##############"
	],
	[
		"##############",
		"##############",
		"##############",
		"#####____#####",
		"#####____#####",
		"#####____#####",
		"######__######",
		"######__######",
		"######__######",
		"######__######",
		"######__######",
		"##############",
		"##############",
		"##############"
	]
],
	"name": "Chisel Mold",
	"output": { "type": "block", "code": "chiselmold-raw-chisel-north"  }
}