[

	{
		"file": "game:blocktypes/wood/barrel.json",
		"op": "replace",
		"path": "/textures",
		"side": "server",
		"value": {
			"round_barrel_side": { "base": "game:block/wood/barrel/round_barrel_side" },
			"round_barrel_bottom": { "base": "game:block/wood/barrel/round_barrel_bottom" },
			"round_barrel_top": { "base": "game:block/wood/barrel/round_barrel_top" }
		}
	},
	{
		"file": "game:blocktypes/wood/barrel.json",
		"op": "replace",
		"path": "/heldTpIdleAnimation",
		"side": "server",
		"value": "holdunderarm"
	},
	{
		"file": "game:blocktypes/wood/barrel.json",
		"op": "replace",
		"path": "/tpHandTransform",
		"side": "server",
		"value": {
			"translation": {
				"x": -1.45,
				"y": -0.82,
				"z": -0.54
			},
			"rotation": {
				"x": -9,
				"y": -2,
				"z": -84
			},
			"origin": {
				"x": 0.47,
				"y": 0.49,
				"z": 0.39
			},
			"scale": 0.37
		}
	}
]
			