[
	{
		"file": "game:blocktypes/wood/chest.json",
		"op": "replace",
		"path": "/textures",
		"side": "server",
		"value": {
			"normal-generic-sides2": { "base": "game:block/wood/trunk/chest" },
			"normal-generic-lid": { "base": "game:block/wood/trunk/chest" },
			"normal-generic-accessories": { "base": "game:block/wood/trunk/chest" },
			"normal-aged-sides2": { "base": "game:block/wood/chest/aged/agedchest" },
			"normal-aged-lid": { "base": "game:block/wood/chest/aged/agedchest" },
			"normal-aged-accessories": { "base": "game:block/wood/chest/aged/agedchest" },


			"collapsed1-corners": {
				"base": "game:block/wood/chest/aged/corners",
				"alternates": [
					{
						"base": "game:block/wood/chest/aged/corners",
						"overlays": [ "game:block/overlay/lichen1" ]
					},
					{
						"base": "game:block/wood/chest/aged/corners",
						"overlays": [ "game:block/overlay/lichen2" ]
					}
				]
			},
			"collapsed1-lid": {
				"base": "game:block/wood/chest/aged/lid",
				"alternates": [
					{
						"base": "game:block/wood/chest/aged/lid",
						"overlays": [ "game:block/overlay/lichen1" ]
					},
					{
						"base": "game:block/wood/chest/aged/lid",
						"overlays": [ "game:block/overlay/lichen2" ]
					}
				]
			},
			"collapsed1-sides": {
				"base": "game:block/wood/chest/aged/sides",
				"alternates": [
					{
						"base": "game:block/wood/chest/aged/sides",
						"overlays": [ "game:block/overlay/lichen1" ]
					},
					{
						"base": "game:block/wood/chest/aged/sides",
						"overlays": [ "game:block/overlay/lichen2" ]
					}
				]
			},
			"collapsed1-floor": {
				"base": "game:block/wood/chest/aged/floor",
				"alternates": [
					{
						"base": "game:block/wood/chest/aged/floor",
						"overlays": [ "game:block/overlay/lichen1" ]
					},
					{
						"base": "game:block/wood/chest/aged/floor",
						"overlays": [ "game:block/overlay/lichen2" ]
					}
				]
			},

			"collapsed2-corners": {
				"base": "game:block/wood/chest/aged/corners",
				"alternates": [
					{
						"base": "game:block/wood/chest/aged/corners",
						"overlays": [ "game:block/overlay/lichen1" ]
					},
					{
						"base": "game:block/wood/chest/aged/corners",
						"overlays": [ "game:block/overlay/lichen2" ]
					}
				]
			},
			"collapsed2-lid": {
				"base": "game:block/wood/chest/aged/lid",
				"alternates": [
					{
						"base": "game:block/wood/chest/aged/lid",
						"overlays": [ "game:block/overlay/lichen1" ]
					},
					{
						"base": "game:block/wood/chest/aged/lid",
						"overlays": [ "game:block/overlay/lichen2" ]
					}
				]
			},
			"collapsed2-sides": {
				"base": "game:block/wood/chest/aged/sides",
				"alternates": [
					{
						"base": "game:block/wood/chest/aged/sides",
						"overlays": [ "game:block/overlay/lichen1" ]
					},
					{
						"base": "game:block/wood/chest/aged/sides",
						"overlays": [ "game:block/overlay/lichen2" ]
					}
				]
			},
			"collapsed2-floor": {
				"base": "game:block/wood/chest/aged/floor",
				"alternates": [
					{
						"base": "game:block/wood/chest/aged/floor",
						"overlays": [ "game:block/overlay/lichen1" ]
					},
					{
						"base": "game:block/wood/chest/aged/floor",
						"overlays": [ "game:block/overlay/lichen2" ]
					}
				]
			},


			"collapsed3-corners": {
				"base": "game:block/wood/chest/aged/corners",
				"alternates": [
					{
						"base": "game:block/wood/chest/aged/corners",
						"overlays": [ "game:block/overlay/lichen1" ]
					},
					{
						"base": "game:block/wood/chest/aged/corners",
						"overlays": [ "game:block/overlay/lichen2" ]
					}
				]
			},
			"collapsed3-lid": {
				"base": "game:block/wood/chest/aged/lid",
				"alternates": [
					{
						"base": "game:block/wood/chest/aged/lid",
						"overlays": [ "game:block/overlay/lichen1" ]
					},
					{
						"base": "game:block/wood/chest/aged/lid",
						"overlays": [ "game:block/overlay/lichen2" ]
					}
				]
			},
			"collapsed3-sides": {
				"base": "game:block/wood/chest/aged/sides",
				"alternates": [
					{
						"base": "game:block/wood/chest/aged/sides",
						"overlays": [ "game:block/overlay/lichen1" ]
					},
					{
						"base": "game:block/wood/chest/aged/sides",
						"overlays": [ "game:block/overlay/lichen2" ]
					}
				]
			},
			"collapsed3-floor": {
				"base": "game:block/wood/chest/aged/floor",
				"alternates": [
					{
						"base": "game:block/wood/chest/aged/floor",
						"overlays": [ "game:block/overlay/lichen1" ]
					},
					{
						"base": "game:block/wood/chest/aged/floor",
						"overlays": [ "game:block/overlay/lichen2" ]
					}
				]
			},


			"golden-top": { "base": "game:block/wood/chest/golden/top" },
			"golden-sides2": { "base": "game:block/wood/chest/golden/sides2" },
			"golden-sides1": { "base": "game:block/wood/chest/golden/sides1" },
			"golden-inside": { "base": "game:block/wood/chest/golden/inside" },

			"owl-top": { "base": "game:block/wood/chest/owl/top" },
			"owl-sides2": { "base": "game:block/wood/chest/owl/sides2" },
			"owl-sides1": { "base": "game:block/wood/chest/owl/sides1" },
			"owl-inside": { "base": "game:block/wood/chest/owl/inside" },

			"golden-aged-top": { "base": "game:block/wood/chest/golden-aged/top" },
			"golden-aged-sides2": { "base": "game:block/wood/chest/golden-aged/sides2" },
			"golden-aged-sides1": { "base": "game:block/wood/chest/golden-aged/sides1" },
			"golden-aged-inside": { "base": "game:block/wood/chest/golden-aged/inside" },

			"owl-aged-top": { "base": "game:block/wood/chest/owl-aged/top" },
			"owl-aged-sides2": { "base": "game:block/wood/chest/owl-aged/sides2" },
			"owl-aged-sides1": { "base": "game:block/wood/chest/owl-aged/sides1" },
			"owl-aged-inside": { "base": "game:block/wood/chest/owl-aged/inside" }
		}

	}
]