[
    {

        "file": "game:blocktypes/wood/torch.json",
        "op": "add",
        "path": "/tpOffHandTransform",
        "side": "server",
        "value": {

            "translation": {
                "x": -0.65,
                "y": -0.025,
                "z": -0.698
            },
            "rotation": {
                "x": 0,
                "y": 180,
                "z": 94
            },
            "origin": {
                "x": 0.5,
                "y": 0,
                "z": 0.5
            },
            "scale": 0.81
        }
    },
    {

        "file": "game:blocktypes/wood/torch.json",
        "op": "add",
        "path": "/tpHandTransform",
        "side": "server",
        "value": {
            "translation": {
                "x": -1.2,
                "y": 0.169,
                "z": -0.908
            },
            "rotation": {
                "x": -3,
                "y": -179,
                "z": 101
            },
            "origin": {
                "x": 0.8,
                "y": 0.2,
                "z": 1.8
            },
            "scale": 0.81
        }
    },
    {

        "file": "game:blocktypes/wood/torch.json",
        "op": "add",
        "path": "/particlePropertiesbyType",
        "side": "server",
        "value": {
            "*-lit-*": [
                {
                    "__comment": "Ember cubicles",
                    "hsvaColor": [
                        {
                            "avg": 20,
                            "var": 20
                        },
                        {
                            "avg": 255,
                            "var": 50
                        },
                        {
                            "avg": 255,
                            "var": 50
                        },
                        {
                            "avg": 255,
                            "var": 0
                        }
                    ],
                    "gravityEffect": {
                        "dist": "invexp",
                        "avg": -0.07,
                        "var": 0.4
                    },
                    "posOffsetByType": {
                        "*-lit-up": [
                            {
                                "avg": 0,
                                "var": 0.1
                            },
                            {
                                "avg": -0.2,
                                "var": 0
                            },
                            {
                                "avg": 0,
                                "var": 0.1
                            }
                        ],
                        "*-lit-north": [
                            {
                                "avg": -0.00,
                                "var": 0.05
                            },
                            {
                                "avg": -0.09,
                                "var": -0.05
                            },
                            {
                                "avg": -0.04,
                                "var": -0.1
                            }
                        ],
                        "*-lit-east": [
                            {
                                "avg": 0.09,
                                "var": 0.1
                            },
                            {
                                "avg": -0.23,
                                "var": 0
                            },
                            {
                                "avg": 0,
                                "var": 0.1
                            }
                        ],
                        "*-lit-south": [
                            {
                                "avg": 0,
                                "var": 0.1
                            },
                            {
                                "avg": -0.23,
                                "var": 0
                            },
                            {
                                "avg": 0.09,
                                "var": 0.1
                            }
                        ],
                        "*-lit-west": [
                            {
                                "avg": -0.09,
                                "var": 0.1
                            },
                            {
                                "avg": -0.23,
                                "var": 0
                            },
                            {
                                "avg": 0,
                                "var": 0.1
                            }
                        ]
                    },
                    "velocity": [
                        {
                            "avg": 0,
                            "var": 0.025
                        },
                        {
                            "avg": 0.09,
                            "var": 0.1
                        },
                        {
                            "avg": 0,
                            "var": 0.025
                        }
                    ],
                    "quantity": { "avg": 0.015 },
                    "size": {
                        "avg": 0.4,
                        "var": 0
                    },
                    "sizeEvolve": {
                        "transform": "quadratic",
                        "factor": -0.7
                    },
                    "lifeLength": { "avg": 1.5 },
                    "vertexFlags": 128,
                    "windAffectednes": 0.2
                },
                {
                    "__comment": "Smoke quads",
                    "hsvaColor": [
                        {
                            "avg": 0,
                            "var": 0
                        },
                        {
                            "avg": 0,
                            "var": 0
                        },
                        {
                            "avg": 40,
                            "var": 30
                        },
                        {
                            "avg": 220,
                            "var": 50
                        }
                    ],
                    "opacityEvolve": {
                        "transform": "quadratic",
                        "factor": -16
                    },
                    "gravityEffect": {
                        "avg": 0,
                        "var": 0
                    },
                    "posOffsetByType": {
                        "*-lit-up": [
                            {
                                "avg": 0,
                                "var": 0.1
                            },
                            {
                                "avg": -0.2,
                                "var": 0
                            },
                            {
                                "avg": 0,
                                "var": 0.1
                            }
                        ],
                        "*-lit-north": [
                            {
                                "avg": 0,
                                "var": 0.1
                            },
                            {
                                "avg": -0.00,
                                "var": 0
                            },
                            {
                                "avg": -0.09,
                                "var": 0.1
                            }
                        ],
                        "*-lit-east": [
                            {
                                "avg": 0.09,
                                "var": 0.1
                            },
                            {
                                "avg": -0.00,
                                "var": 0
                            },
                            {
                                "avg": 0,
                                "var": 0.1
                            }
                        ],
                        "*-lit-south": [
                            {
                                "avg": 0,
                                "var": 0.1
                            },
                            {
                                "avg": -0.00,
                                "var": 0
                            },
                            {
                                "avg": 0.09,
                                "var": 0.1
                            }
                        ],
                        "*-lit-west": [
                            {
                                "avg": -0.09,
                                "var": 0.1
                            },
                            {
                                "avg": -0.00,
                                "var": 0
                            },
                            {
                                "avg": 0,
                                "var": 0.1
                            }
                        ]
                    },
                    "velocity": [
                        {
                            "avg": 0,
                            "var": 0.025
                        },
                        {
                            "avg": 0.15,
                            "var": 0.1
                        },
                        {
                            "avg": 0,
                            "var": 0.025
                        }
                    ],
                    "quantity": { "avg": 0.05 },
                    "size": {
                        "avg": 0.25,
                        "var": 0.05
                    },
                    "sizeEvolve": {
                        "transform": "linear",
                        "factor": 0.5
                    },
                    "particleModel": "Quad",
                    "windAffectednes": 0.7
                },
                {
                    "__comment": "Fire quads",
                    "hsvaColor": [
                        {
                            "avg": 20,
                            "var": 20
                        },
                        {
                            "avg": 255,
                            "var": 50
                        },
                        {
                            "avg": 255,
                            "var": 50
                        },
                        {
                            "avg": 255,
                            "var": 0
                        }
                    ],
                    "opacityEvolve": {
                        "transform": "quadratic",
                        "factor": -16
                    },
                    "gravityEffect": {
                        "avg": 0,
                        "var": 0
                    },
                    "posOffsetByType": {
                        "*-lit-up": [
                            {
                                "offset": 0.0,
                                "avg": 0.01,
                                "var": 0.03,
                                "dist": 0
                            },
                            {
                                "offset": 0.0,
                                "avg": -0.19,
                                "var": -0.05,
                                "dist": 0
                            },
                            {
                                "offset": 0.0,
                                "avg": -0.0,
                                "var": -0.1,
                                "dist": 0
                            }

                        ],
                        "*-lit-north": [
                            {
                                "offset": 0.0,
                                "avg": 0.03,
                                "var": 0.05,
                                "dist": 0
                            },
                            {
                                "offset": 0.0,
                                "avg": -0.1,
                                "var": 0.05,
                                "dist": 0
                            },
                            {
                                "offset": 0.0,
                                "avg": -0.05,
                                "var": 0.08,
                                "dist": 0
                            }

                        ],
                        "*-lit-east": [
                            {
                                "offset": 0.0,
                                "avg": 0.07,
                                "var": -0.08,
                                "dist": 0
                            },
                            {
                                "offset": 0.0,
                                "avg": -0.13,
                                "var": -0.05,
                                "dist": 0
                            },
                            {
                                "offset": 0.0,
                                "avg": 0.03,
                                "var": -0.05,
                                "dist": 0
                            }


                        ],
                        "*-lit-south": [
                            {
                                "offset": 0.0,
                                "avg": -0.03,
                                "var": -0.05,
                                "dist": 0
                            },
                            {
                                "offset": 0.0,
                                "avg": -0.09,
                                "var": -0.05,
                                "dist": 0
                            },
                            {
                                "offset": 0.0,
                                "avg": 0.04,
                                "var": 0.1,
                                "dist": 0
                            }

                        ],
                        "*-lit-west": [
                            {
                                "offset": 0.0,
                                "avg": -0.07,
                                "var": -0.08,
                                "dist": 0
                            },
                            {
                                "offset": 0.0,
                                "avg": -0.13,
                                "var": -0.05,
                                "dist": 0
                            },
                            {
                                "offset": 0.0,
                                "avg": -0.03,
                                "var": 0.05,
                                "dist": 0
                            }


                        ]
                    },
                    "velocity": [
                        {
                            "avg": 0,
                            "var": 0.025
                        },
                        {
                            "avg": 0.18,
                            "var": 0.07
                        },
                        {
                            "avg": 0,
                            "var": 0.025
                        }
                    ],
                    "Quantity": {
                        "offset": 0.0,
                        "avg": 3.0,
                        "var": 1.0,
                        "dist": 0
                    },
                    "Size": {
                        "offset": 0.0,
                        "avg": 0.3,
                        "var": 0.2,
                        "dist": 0
                    },

                    "LifeLength": {
                        "offset": 0.0,
                        "avg": 0.08,
                        "var": 0.1,
                        "dist": 0
                    },

                    "sizeEvolve": {
                        "transform": "linear",
                        "factor": 0.25
                    },
                    "particleModel": "Quad",
                    "vertexFlags": 128,
                    "windAffectednes": 0.5
                }
            ]
        }
    }
]
