[
    {
        "id": "shea-butter",
        "treatmentStatTag": "fat",
        "dryingHours": 12,
        "isLiquid": false,
        "litersUsed": 0.0
    },
    {
        "id": "oil-chamomile",
        "treatmentStatTag": "oil",
        "dryingHours": 24,
        "isLiquid": true,
        "litersUsed": 0.1
    },
    {
        "id": "oil-hibiscus",
        "treatmentStatTag": "oil",
        "dryingHours": 24,
        "isLiquid": true,
        "litersUsed": 0.1
    },
    {
        "id": "oil-lavender",
        "treatmentStatTag": "oil",
        "dryingHours": 24,
        "isLiquid": true,
        "litersUsed": 0.1
    },
    {
        "id": "oil-calendula",
        "treatmentStatTag": "oil",
        "dryingHours": 24,
        "isLiquid": true,
        "litersUsed": 0.1
    },
    {
        "id": "oil-mint",
        "treatmentStatTag": "oil",
        "dryingHours": 24,
        "isLiquid": true,
        "litersUsed": 0.1
    }
]