{
	"editor": {
		"collapsedPaths": ",Root/Walkway/Support1,Root/Walkway/barF1,Root/origin/barE1,Root/walkway/Support1,Root/Cube3/walkway2,Root/Walkway/Support,Root/origin/barG1,Root/base/walkway7,Root/base/walkway6,Root/origin/logD1,Root/origin/walkway1,Root/origin/logB1,Root/walkway1,Root/origin/logC1,Root/base/walkway36,Root/origin/logA1,Root/Walkway/Support1/Support11,Root/Walkway/barG1/barG2,Root/walkway/Support",
		"allAngles": false,
		"entityTextureMode": false
	},
	"textureWidth": 16,
	"textureHeight": 16,
	"textureSizes": {
		"bark": [16,16],
		"metal": [16,16]
	},
	"textures": {
		"bark": "block/wood/bark/oak-h",
		"walkway": "block/wood/debarked/oak",
		"endp": "block/wood/treetrunk/oak"
	},
	"elements": [
		{
			"name": "base",
			"from": [ 16.0, 0.4, 0.0 ],
			"to": [ 16.0, 0.4, 0.0 ],
			"rotationOrigin": [ 16.0, 0.4, 0.0 ],
			"rotationY": -90.0,
			"faces": {
				"north": { "texture": "#walkway", "uv": [ 0.0, 0.0, 0.5, 0.5 ] },
				"east": { "texture": "#walkway", "uv": [ 0.0, 0.0, 0.5, 0.5 ] },
				"south": { "texture": "#walkway", "uv": [ 0.0, 0.0, 0.5, 0.5 ] },
				"west": { "texture": "#walkway", "uv": [ 0.0, 0.0, 0.5, 0.5 ] },
				"up": { "texture": "#walkway", "uv": [ 0.0, 0.0, 0.5, 0.5 ] },
				"down": { "texture": "#walkway", "uv": [ 0.0, 0.0, 0.5, 0.5 ] }
			},
			"children": [
				{
					"name": "walkway2",
					"from": [ 0.01, 14.9, 12.9 ],
					"to": [ 8.01, 16.4, 13.9 ],
					"rotationOrigin": [ 8.0, 14.9, 13.4 ],
					"rotationX": -91.0,
					"rotationY": 1.0,
					"faces": {
						"north": { "texture": "#walkway", "uv": [ 6.0, 11.5, 14.0, 13.0 ] },
						"east": { "texture": "#walkway", "uv": [ 0.0, 0.0, 1.0, 1.5 ] },
						"south": { "texture": "#walkway", "uv": [ 0.0, 12.0, 8.0, 13.5 ] },
						"west": { "texture": "#walkway", "uv": [ 0.0, 0.0, 1.0, 1.5 ] },
						"up": { "texture": "#walkway", "uv": [ 0.0, 0.0, 8.0, 1.0 ] },
						"down": { "texture": "#walkway", "uv": [ 0.0, 0.0, 8.0, 1.0 ] }
					},
					"children": [
						{
							"name": "walkway34",
							"from": [ 7.99, 0.0, 0.0 ],
							"to": [ 15.99, 1.5, 1.0 ],
							"rotationOrigin": [ 8.0, 0.0, 0.5 ],
							"rotationX": 2.0012,
							"rotationY": -1.9988,
							"rotationZ": 1.0698,
							"faces": {
								"north": { "texture": "#walkway", "uv": [ 0.0, 11.5, 8.0, 13.0 ] },
								"east": { "texture": "#walkway", "uv": [ 0.0, 0.0, 1.0, 1.5 ] },
								"south": { "texture": "#walkway", "uv": [ 6.0, 12.0, 14.0, 13.5 ] },
								"west": { "texture": "#walkway", "uv": [ 0.0, 0.0, 1.0, 1.5 ] },
								"up": { "texture": "#walkway", "uv": [ 6.0, 0.0, 14.0, 1.0 ] },
								"down": { "texture": "#walkway", "uv": [ 6.0, 0.0, 14.0, 1.0 ] }
							}
						}
					]
				},
				{
					"name": "walkway3",
					"from": [ 0.01, 14.8, 11.2 ],
					"to": [ 8.01, 16.8, 12.2 ],
					"rotationOrigin": [ 8.0, 14.8, 11.7 ],
					"rotationX": -87.0,
					"rotationY": 1.0,
					"faces": {
						"north": { "texture": "#walkway", "uv": [ 6.0, 11.0, 14.0, 13.0 ] },
						"east": { "texture": "#walkway", "uv": [ 0.0, 0.0, 1.0, 2.0 ] },
						"south": { "texture": "#walkway", "uv": [ 0.0, 11.0, 8.0, 13.0 ] },
						"west": { "texture": "#walkway", "uv": [ 0.0, 0.0, 1.0, 2.0 ] },
						"up": { "texture": "#walkway", "uv": [ 0.0, 0.5, 8.0, 1.5 ] },
						"down": { "texture": "#walkway", "uv": [ 0.0, 0.0, 8.0, 1.0 ] }
					},
					"children": [
						{
							"name": "walkway19",
							"from": [ 7.99, 0.0, 0.2 ],
							"to": [ 15.99, 2.0, 1.2 ],
							"rotationOrigin": [ 8.0, 0.0, 0.7 ],
							"rotationX": -4.0006,
							"rotationY": -0.9976,
							"rotationZ": 1.9302,
							"faces": {
								"north": { "texture": "#walkway", "uv": [ 0.0, 11.0, 8.0, 13.0 ] },
								"east": { "texture": "#walkway", "uv": [ 0.0, 0.0, 1.0, 2.0 ] },
								"south": { "texture": "#walkway", "uv": [ 6.0, 11.0, 14.0, 13.0 ] },
								"west": { "texture": "#walkway", "uv": [ 0.0, 0.0, 1.0, 2.0 ] },
								"up": { "texture": "#walkway", "uv": [ 6.0, 0.5, 14.0, 1.5 ] },
								"down": { "texture": "#walkway", "uv": [ 6.0, 0.0, 14.0, 1.0 ] }
							}
						}
					]
				},
				{
					"name": "walkway35",
					"from": [ 0.0, 14.7, 8.9 ],
					"to": [ 8.0, 15.7, 9.9 ],
					"rotationOrigin": [ 8.0, 14.7, 9.4 ],
					"rotationX": -89.0,
					"faces": {
						"north": { "texture": "#walkway", "uv": [ 0.0, 11.5, 8.0, 12.5 ] },
						"east": { "texture": "#walkway", "uv": [ 0.0, 0.0, 1.0, 1.0 ] },
						"south": { "texture": "#walkway", "uv": [ 6.0, 12.0, 14.0, 13.0 ] },
						"west": { "texture": "#walkway", "uv": [ 0.0, 0.0, 1.0, 1.0 ] },
						"up": { "texture": "#walkway", "uv": [ 6.0, 0.0, 14.0, 1.0 ] },
						"down": { "texture": "#walkway", "uv": [ 6.0, 0.0, 14.0, 1.0 ] }
					},
					"children": [
						{
							"name": "walkway20",
							"from": [ 8.0, 0.0, 0.0 ],
							"to": [ 16.0, 1.0, 1.0 ],
							"rotationOrigin": [ 8.0, 0.0, 0.5 ],
							"rotationX": -4.0,
							"faces": {
								"north": { "texture": "#walkway", "uv": [ 0.0, 11.5, 8.0, 12.5 ] },
								"east": { "texture": "#walkway", "uv": [ 0.0, 0.0, 1.0, 1.0 ] },
								"south": { "texture": "#walkway", "uv": [ 6.0, 12.0, 14.0, 13.0 ] },
								"west": { "texture": "#walkway", "uv": [ 0.0, 0.0, 1.0, 1.0 ] },
								"up": { "texture": "#walkway", "uv": [ 6.0, 0.0, 14.0, 1.0 ] },
								"down": { "texture": "#walkway", "uv": [ 6.0, 0.0, 14.0, 1.0 ] }
							}
						}
					]
				},
				{
					"name": "walkway5",
					"from": [ 0.05, 14.9, 7.4 ],
					"to": [ 8.05, 16.9, 8.4 ],
					"rotationOrigin": [ 8.0, 14.9, 7.9 ],
					"rotationX": -92.0,
					"rotationY": 2.0,
					"rotationZ": 1.0,
					"faces": {
						"north": { "texture": "#walkway", "uv": [ 6.0, 11.0, 14.0, 13.0 ] },
						"east": { "texture": "#walkway", "uv": [ 0.0, 0.0, 1.0, 2.0 ] },
						"south": { "texture": "#walkway", "uv": [ 0.0, 11.0, 8.0, 13.0 ] },
						"west": { "texture": "#walkway", "uv": [ 0.0, 0.0, 1.0, 2.0 ] },
						"up": { "texture": "#walkway", "uv": [ 0.0, 0.5, 8.0, 1.5 ] },
						"down": { "texture": "#walkway", "uv": [ 0.0, 0.0, 8.0, 1.0 ] }
					},
					"children": [
						{
							"name": "walkway22",
							"from": [ 7.94, 0.0, 0.1 ],
							"to": [ 15.94, 2.0, 1.1 ],
							"rotationOrigin": [ 8.0, 0.0, 0.6 ],
							"rotationX": 4.0,
							"rotationY": -1.0993,
							"rotationZ": -0.6272,
							"faces": {
								"north": { "texture": "#walkway", "uv": [ 0.0, 11.0, 8.0, 13.0 ] },
								"east": { "texture": "#walkway", "uv": [ 0.0, 0.0, 1.0, 2.0 ] },
								"south": { "texture": "#walkway", "uv": [ 6.0, 11.0, 14.0, 13.0 ] },
								"west": { "texture": "#walkway", "uv": [ 0.0, 0.0, 1.0, 2.0 ] },
								"up": { "texture": "#walkway", "uv": [ 6.0, 0.5, 14.0, 1.5 ] },
								"down": { "texture": "#walkway", "uv": [ 6.0, 0.0, 14.0, 1.0 ] }
							}
						}
					]
				},
				{
					"name": "walkway6",
					"from": [ 0.0, 14.9, 4.9 ],
					"to": [ 8.0, 16.4, 5.9 ],
					"rotationOrigin": [ 8.0, 14.9, 5.4 ],
					"rotationX": -85.0,
					"faces": {
						"north": { "texture": "#walkway", "uv": [ 6.0, 11.5, 14.0, 13.0 ] },
						"east": { "texture": "#walkway", "uv": [ 0.0, 0.0, 1.0, 1.5 ] },
						"south": { "texture": "#walkway", "uv": [ 0.0, 12.0, 8.0, 13.5 ] },
						"west": { "texture": "#walkway", "uv": [ 0.0, 0.0, 1.0, 1.5 ] },
						"up": { "texture": "#walkway", "uv": [ 0.0, 0.0, 8.0, 1.0 ] },
						"down": { "texture": "#walkway", "uv": [ 0.0, 0.0, 8.0, 1.0 ] }
					},
					"children": [
						{
							"name": "walkway23",
							"from": [ 8.0, 0.0, 0.0 ],
							"to": [ 16.0, 1.5, 1.0 ],
							"rotationOrigin": [ 8.0, 0.0, 0.5 ],
							"rotationX": -3.0,
							"rotationY": 2.0,
							"rotationZ": 1.0,
							"faces": {
								"north": { "texture": "#walkway", "uv": [ 0.0, 11.5, 8.0, 13.0 ] },
								"east": { "texture": "#walkway", "uv": [ 0.0, 0.0, 1.0, 1.5 ] },
								"south": { "texture": "#walkway", "uv": [ 6.0, 12.0, 14.0, 13.5 ] },
								"west": { "texture": "#walkway", "uv": [ 0.0, 0.0, 1.0, 1.5 ] },
								"up": { "texture": "#walkway", "uv": [ 6.0, 0.0, 14.0, 1.0 ] },
								"down": { "texture": "#walkway", "uv": [ 6.0, 0.0, 14.0, 1.0 ] }
							}
						}
					]
				},
				{
					"name": "walkway7",
					"from": [ 0.09, 15.0, 2.9 ],
					"to": [ 8.09, 17.0, 3.9 ],
					"rotationOrigin": [ 8.0, 15.0, 3.4 ],
					"rotationX": -89.0,
					"rotationZ": 3.0,
					"faces": {
						"north": { "texture": "#walkway", "uv": [ 6.0, 11.0, 14.0, 13.0 ] },
						"east": { "texture": "#walkway", "uv": [ 0.0, 0.0, 1.0, 2.0 ] },
						"south": { "texture": "#walkway", "uv": [ 0.0, 11.0, 8.0, 13.0 ] },
						"west": { "texture": "#walkway", "uv": [ 0.0, 0.0, 1.0, 2.0 ] },
						"up": { "texture": "#walkway", "uv": [ 0.0, 0.5, 8.0, 1.5 ] },
						"down": { "texture": "#walkway", "uv": [ 0.0, 0.0, 8.0, 1.0 ] }
					},
					"children": [
						{
							"name": "walkway24",
							"from": [ 7.92, 0.0, 0.0 ],
							"to": [ 15.92, 2.0, 1.0 ],
							"rotationOrigin": [ 8.0, 0.0, 0.5 ],
							"rotationX": -2.9959,
							"rotationY": 0.1569,
							"rotationZ": -1.9959,
							"faces": {
								"north": { "texture": "#walkway", "uv": [ 0.0, 11.0, 8.0, 13.0 ] },
								"east": { "texture": "#walkway", "uv": [ 0.0, 0.0, 1.0, 2.0 ] },
								"south": { "texture": "#walkway", "uv": [ 6.0, 11.5, 14.0, 13.5 ] },
								"west": { "texture": "#walkway", "uv": [ 0.0, 0.0, 1.0, 2.0 ] },
								"up": { "texture": "#walkway", "uv": [ 6.0, 0.5, 14.0, 1.5 ] },
								"down": { "texture": "#walkway", "uv": [ 6.0, 0.0, 14.0, 1.0 ] }
							}
						}
					]
				},
				{
					"name": "walkway36",
					"from": [ 0.0, 14.5, 0.1 ],
					"to": [ 8.0, 15.5, 1.1 ],
					"rotationOrigin": [ 8.0, 14.5, 0.6 ],
					"faces": {
						"north": { "texture": "#walkway", "uv": [ 0.0, 11.5, 8.0, 12.5 ] },
						"east": { "texture": "#walkway", "uv": [ 0.0, 0.0, 1.0, 1.0 ] },
						"south": { "texture": "#walkway", "uv": [ 6.0, 12.0, 14.0, 13.0 ] },
						"west": { "texture": "#walkway", "uv": [ 0.0, 0.0, 1.0, 1.0 ] },
						"up": { "texture": "#walkway", "uv": [ 6.0, 0.0, 14.0, 1.0 ] },
						"down": { "texture": "#walkway", "uv": [ 6.0, 0.0, 14.0, 1.0 ] }
					},
					"children": [
						{
							"name": "walkway21",
							"from": [ 8.0, 0.0, 0.0 ],
							"to": [ 16.0, 1.0, 1.0 ],
							"rotationOrigin": [ 8.0, 0.0, 0.5 ],
							"rotationX": -4.0,
							"faces": {
								"north": { "texture": "#walkway", "uv": [ 0.0, 11.5, 8.0, 12.5 ] },
								"east": { "texture": "#walkway", "uv": [ 0.0, 0.0, 1.0, 1.0 ] },
								"south": { "texture": "#walkway", "uv": [ 6.0, 12.0, 14.0, 13.0 ] },
								"west": { "texture": "#walkway", "uv": [ 0.0, 0.0, 1.0, 1.0 ] },
								"up": { "texture": "#walkway", "uv": [ 6.0, 0.0, 14.0, 1.0 ] },
								"down": { "texture": "#walkway", "uv": [ 6.0, 0.0, 14.0, 1.0 ] }
							}
						}
					]
				},
				{
					"name": "Support",
					"from": [ 1.75, 11.5, -1.0 ],
					"to": [ 4.75, 14.5, 9.0 ],
					"rotationOrigin": [ 3.0, 13.0, 11.0 ],
					"faces": {
						"north": { "texture": "#endp", "uv": [ 0.0, 0.0, 16.0, 16.0 ] },
						"east": { "texture": "#bark", "uv": [ 5.5, 0.0, 15.5, 3.0 ] },
						"south": { "texture": "#bark", "uv": [ 9.0, 13.0, 12.0, 16.0 ], "windMode": [-1,-1,-1,-1] },
						"west": { "texture": "#bark", "uv": [ 6.0, 13.5, 16.0, 16.0 ], "autoUv": false },
						"up": { "texture": "#bark", "uv": [ 5.5, 13.0, 15.5, 16.0 ], "rotation": 90 },
						"down": { "texture": "#bark", "uv": [ 5.0, 13.0, 15.0, 16.0 ], "rotation": 90 }
					},
					"children": [
						{
							"name": "Support01",
							"from": [ 0.01, 0.01, 10.0 ],
							"to": [ 2.99, 2.99, 18.0 ],
							"rotationOrigin": [ 1.5, 1.5, 10.0 ],
							"faces": {
								"east": { "texture": "#bark", "uv": [ 8.0, 0.0, 16.0, 2.5 ] },
								"south": { "texture": "#endp", "uv": [ 0.0, 0.0, 16.0, 16.0 ] },
								"west": { "texture": "#bark", "uv": [ 8.0, 13.5, 16.0, 16.0 ] },
								"up": { "texture": "#bark", "uv": [ 8.0, 13.5, 16.0, 16.0 ], "rotation": 90 },
								"down": { "texture": "#bark", "uv": [ 7.0, 13.5, 15.0, 16.0 ], "rotation": 90 }
							},
							"children": [
								{
									"name": "chunk22",
									"from": [ 0.5, 1.0, 8.0 ],
									"to": [ 1.5, 2.0, 9.5 ],
									"rotationOrigin": [ 0.5, 1.0, 8.0 ],
									"faces": {
									}
								},
								{
									"name": "chunk23",
									"from": [ 1.0, 0.0, 8.0 ],
									"to": [ 2.5, 1.0, 10.0 ],
									"rotationOrigin": [ 1.0, 0.0, 8.0 ],
									"faces": {
									}
								},
								{
									"name": "chunk24",
									"from": [ 2.0, 2.0, 8.0 ],
									"to": [ 3.0, 3.0, 9.0 ],
									"rotationOrigin": [ 2.0, 2.0, 8.0 ],
									"faces": {
									}
								}
							]
						},
						{
							"name": "chunk25",
							"from": [ 0.0, 0.5, -2.0 ],
							"to": [ 1.0, 1.5, 0.0 ],
							"rotationOrigin": [ 0.0, 0.5, -2.0 ],
							"faces": {
							}
						},
						{
							"name": "chunk27",
							"from": [ 1.0, 1.0, -1.0 ],
							"to": [ 3.0, 3.0, 0.0 ],
							"rotationOrigin": [ 1.0, 1.0, -1.0 ],
							"faces": {
							}
						}
					]
				},
				{
					"name": "Support1",
					"from": [ 12.25, 13.5, -1.0 ],
					"to": [ 15.25, 16.5, 9.0 ],
					"rotationOrigin": [ 14.25, 13.5, 11.0 ],
					"rotationZ": 90.0,
					"faces": {
						"north": { "texture": "#endp", "uv": [ 0.0, 0.0, 16.0, 16.0 ] },
						"east": { "texture": "#bark", "uv": [ 2.5, 13.0, 12.5, 16.0 ] },
						"south": { "texture": "#bark", "uv": [ 6.0, 13.0, 9.0, 16.0 ], "windMode": [-1,-1,-1,-1] },
						"west": { "texture": "#bark", "uv": [ 2.0, 13.0, 12.0, 16.0 ] },
						"up": { "texture": "#bark", "uv": [ 1.5, 13.0, 11.5, 16.0 ], "rotation": 90 },
						"down": { "texture": "#bark", "uv": [ 4.5, 13.5, 14.5, 16.0 ], "rotation": 90, "autoUv": false }
					},
					"children": [
						{
							"name": "Support11",
							"from": [ 0.01, 0.01, 10.0 ],
							"to": [ 2.99, 2.99, 18.0 ],
							"rotationOrigin": [ 1.5, 1.5, 10.0 ],
							"faces": {
								"east": { "texture": "#bark", "uv": [ 6.0, 13.5, 14.0, 16.0 ] },
								"south": { "texture": "#endp", "uv": [ 0.0, 0.0, 16.0, 16.0 ] },
								"west": { "texture": "#bark", "uv": [ 1.0, 13.5, 9.0, 16.0 ] },
								"up": { "texture": "#bark", "uv": [ 3.0, 13.5, 11.0, 16.0 ], "rotation": 90 },
								"down": { "texture": "#bark", "uv": [ 8.0, 13.5, 16.0, 16.0 ], "rotation": 90 }
							},
							"children": [
								{
									"name": "chunk28",
									"from": [ 0.0, 2.0, 8.0 ],
									"to": [ 1.0, 3.0, 10.0 ],
									"rotationOrigin": [ 0.0, 2.0, 8.0 ],
									"faces": {
									}
								},
								{
									"name": "chunk29",
									"from": [ 1.0, 1.0, 8.0 ],
									"to": [ 2.0, 2.0, 9.0 ],
									"rotationOrigin": [ 1.0, 1.0, 8.0 ],
									"faces": {
									}
								},
								{
									"name": "chunk30",
									"from": [ 1.5, 1.5, 8.0 ],
									"to": [ 3.0, 3.0, 9.5 ],
									"rotationOrigin": [ 1.5, 2.0, 8.0 ],
									"faces": {
									}
								},
								{
									"name": "chunk31",
									"from": [ 1.5, 0.0, 8.0 ],
									"to": [ 2.5, 1.0, 10.0 ],
									"rotationOrigin": [ 1.5, 0.0, 8.0 ],
									"faces": {
									}
								}
							]
						},
						{
							"name": "chunk32",
							"from": [ 0.0, 0.0, -2.0 ],
							"to": [ 2.0, 2.0, 0.0 ],
							"rotationOrigin": [ 0.0, 0.0, -2.0 ],
							"faces": {
							}
						},
						{
							"name": "chunk33",
							"from": [ 1.5, 1.5, -3.0 ],
							"to": [ 2.5, 2.5, 0.0 ],
							"rotationOrigin": [ 1.5, 1.5, -2.0 ],
							"faces": {
							}
						},
						{
							"name": "chunk34",
							"from": [ 1.5, 1.5, -3.0 ],
							"to": [ 2.5, 2.5, 0.0 ],
							"rotationOrigin": [ 1.5, 1.5, -2.0 ],
							"faces": {
							}
						},
						{
							"name": "chunk35",
							"from": [ 2.0, 0.0, -1.0 ],
							"to": [ 3.0, 1.0, 0.0 ],
							"rotationOrigin": [ 2.0, 0.0, 0.0 ],
							"faces": {
							}
						}
					]
				},
				{
					"name": "walkway",
					"from": [ 0.01, 15.0, 15.4 ],
					"to": [ 8.01, 17.0, 16.4 ],
					"rotationOrigin": [ 8.0, 15.0, 15.9 ],
					"rotationX": -90.0,
					"faces": {
						"north": { "texture": "#walkway", "uv": [ 6.0, 11.5, 14.0, 13.5 ] },
						"south": { "texture": "#walkway", "uv": [ 0.0, 12.0, 8.0, 14.0 ] },
						"west": { "texture": "#walkway", "uv": [ 13.5, 0.0, 14.5, 2.0 ] },
						"up": { "texture": "#walkway", "uv": [ 0.0, 1.0, 8.0, 2.0 ] },
						"down": { "texture": "#walkway", "uv": [ 0.0, 0.0, 8.0, 1.0 ] }
					},
					"children": [
						{
							"name": "walkway31",
							"from": [ 7.98, 0.0, 0.0 ],
							"to": [ 15.98, 2.0, 1.0 ],
							"rotationOrigin": [ 7.99, 0.2, 0.5 ],
							"rotationX": 4.0,
							"faces": {
								"north": { "texture": "#walkway", "uv": [ 0.0, 11.0, 8.0, 13.0 ] },
								"east": { "texture": "#walkway", "uv": [ 0.0, 0.0, 1.0, 2.0 ] },
								"south": { "texture": "#walkway", "uv": [ 6.0, 11.0, 14.0, 13.0 ] },
								"west": { "texture": "#walkway", "uv": [ 0.0, 0.0, 1.0, 2.0 ] },
								"up": { "texture": "#walkway", "uv": [ 6.0, 0.5, 14.0, 1.5 ] },
								"down": { "texture": "#walkway", "uv": [ 6.0, 0.0, 14.0, 1.0 ] }
							}
						}
					]
				}
			]
		}
	]}