{
	"editor": {
		"allAngles": false,
		"entityTextureMode": false
	},
	"textureWidth": 16,
	"textureHeight": 16,
	"textureSizes": {
	},
	"textures": {
	},
	"elements": [
		{
			"name": "lid",
			"from": [ 5.5, 0.5, 5.5 ],
			"to": [ 10.5, 1.0, 10.5 ],
			"rotationOrigin": [ 8.0, 1.0, 6.0 ],
			"faces": {
				"north": { "texture": "#ceramic", "uv": [ 0.0, 12.5, 5.0, 13.0 ] },
				"east": { "texture": "#ceramic", "uv": [ 0.0, 12.0, 5.0, 12.5 ] },
				"south": { "texture": "#ceramic", "uv": [ 0.0, 11.5, 5.0, 12.0 ] },
				"west": { "texture": "#ceramic", "uv": [ 0.0, 11.0, 5.0, 11.5 ] },
				"up": { "texture": "#ceramic", "uv": [ 11.0, 11.0, 16.0, 16.0 ] },
				"down": { "texture": "#ceramic", "uv": [ 6.0, 11.0, 11.0, 16.0 ] }
			},
			"children": [
				{
					"name": "handle",
					"from": [ 1.5, 0.5, 1.5 ],
					"to": [ 3.5, 1.0, 3.5 ],
					"faces": {
						"north": { "texture": "#ceramic", "uv": [ 11.5, 8.0, 13.5, 8.5 ] },
						"east": { "texture": "#ceramic", "uv": [ 3.0, 8.0, 5.0, 8.5 ] },
						"south": { "texture": "#ceramic", "uv": [ 3.5, 9.0, 5.5, 9.5 ] },
						"west": { "texture": "#ceramic", "uv": [ 10.0, 8.5, 12.0, 9.0 ] },
						"up": { "texture": "#ceramic", "uv": [ 4.0, 6.5, 6.0, 8.5 ] }
					}
				},
				{
					"name": "Cube1",
					"from": [ 1.0, -0.5, 1.0 ],
					"to": [ 4.0, 0.0, 4.0 ],
					"faces": {
						"north": { "texture": "#ceramic", "uv": [ 1.0, 11.0, 4.0, 11.5 ] },
						"east": { "texture": "#ceramic", "uv": [ 1.0, 11.5, 4.0, 12.0 ] },
						"south": { "texture": "#ceramic", "uv": [ 1.0, 11.0, 4.0, 11.5 ] },
						"west": { "texture": "#ceramic", "uv": [ 1.0, 12.5, 4.0, 13.0 ] },
						"down": { "texture": "#ceramic", "uv": [ 12.0, 12.0, 15.0, 15.0 ] }
					}
				}
			]
		}
	]}