[
  {
    "op": "remove",
    "file": "game:itemtypes/resource/clay",
    "path": "/textures"
  },
  {
    "op": "addeach",
    "file": "game:itemtypes/resource/clay",
    "path": "/variantgroups/0/states/-",
    "value": [
      "azure",
      "black",
      "brown",
      "crimson",
      "gray",
      "green",
      "orange",
      "pink",
      "purple",
      "yellow",
      "snow"
    ]
  },
  {
    "op": "addmerge",
    "file": "game:itemtypes/resource/clay",
    "path": "/texturesByType",
    "value": {
      "*-blue": {
        "clay": {
          "base": "game:block/soil/blueclay"
        }
      },
      "*-red": {
        "clay": {
          "base": "game:block/soil/redclay"
        }
      },
      "*-fire": {
        "clay": {
          "base": "game:block/soil/fireclay"
        }
      },
      "*-snow": {
        "clay": {
          "base": "clayworks:block/clay/color/raw/white",
          "overlays": [
            "clayworks:block/clay/overlay/raw_clay"
          ]
        }
      },
      "*": {
        "clay": {
          "base": "clayworks:block/clay/color/raw/{type}",
          "overlays": [
            "clayworks:block/clay/overlay/raw_clay"
          ]
        }
      }
    }
  }
]
