[
	{
		"file": "recipes/grid/scaffolding.json",
		"op": "addmerge",
		"path": "/-",
		"value": {
        "name": "Scaffolding (Wood)",
        "ingredientPattern": "SSS,SRS,S_S",
        "ingredients": {
            "R": { "type": "item", "code": "primitivesurvival:cordage", "quantity": 4 },
            "S": { "type": "item", "code": "game:stick" }
        	},
        "width": 3,
        "height": 3,
        "output": { "type": "block", "code": "scaffolding-wood-north", "quantity": 2 }
    	},
		"dependsOn": [ { "modid": "primitivesurvival" } ],
		"side": "server"
	},
	{
		"file": "recipes/grid/scaffolding.json",
		"op": "addmerge",
		"path": "/-",
		"value": {
        "name": "Scaffolding (Bamboo)",
        "ingredientPattern": "SSS,SRS,S_S",
        "ingredients": {
            "R": { "type": "item", "code": "primitivesurvival:cordage", "quantity": 4 },
            "S": { "type": "item", "code": "game:bamboostakes" }
        	},
        "width": 3,
        "height": 3,
        "output": { "type": "block", "code": "scaffolding-bamboo-north", "quantity": 2 }
    	},
		"dependsOn": [ { "modid": "primitivesurvival" } ],
		"side": "server"
	}
]