{
	"editor": {
		"allAngles": false,
		"entityTextureMode": false
	},
	"textureWidth": 16,
	"textureHeight": 16,
	"textureSizes": {
		"lavender": [16,16]
	},
	"textures": {
	},
	"elements": [
		{
			"name": "origin",
			"from": [ 8.0, 0.0, 8.0 ],
			"to": [ 8.0, 0.0, 8.0 ],
			"rotationOrigin": [ 8.0, 0.0, 8.0 ],
			"faces": {
			},
			"children": [
				{
					"name": "leaf",
					"from": [ -0.8, 0.0, -0.1 ],
					"to": [ 1.7, 2.0, -0.1 ],
					"rotationOrigin": [ 0.45, 0.0, -0.1 ],
					"faces": {
						"north": { "texture": "#lavender", "uv": [ 4.5, 10.0, 7.0, 12.0 ], "windMode": [0,1,1,0] }
					},
					"children": [
						{
							"name": "leaf2",
							"from": [ 0.0, 0.0, 4.0E-4 ],
							"to": [ 2.5, 1.75, 4.0E-4 ],
							"rotationOrigin": [ 1.25, 0.0, 0.0 ],
							"rotationY": 89.9802,
							"faces": {
								"north": { "texture": "#lavender", "uv": [ 7.5, 10.5, 10.0, 12.0 ], "windMode": [0,1,1,0] }
							}
						}
					]
				},
				{
					"name": "leaf3",
					"from": [ 0.7, 0.0, 2.2 ],
					"to": [ 3.2, 2.0, 2.2 ],
					"rotationOrigin": [ 1.95, 0.0, 2.2 ],
					"rotationY": 45.0,
					"faces": {
						"north": { "texture": "#lavender", "uv": [ 4.5, 10.0, 7.0, 12.0 ], "windMode": [0,1,1,0] }
					},
					"children": [
						{
							"name": "leaf4",
							"from": [ 0.0, 0.0, 4.0E-4 ],
							"to": [ 2.5, 1.75, 4.0E-4 ],
							"rotationOrigin": [ 1.25, 0.0, 0.0 ],
							"rotationY": 89.9802,
							"faces": {
								"north": { "texture": "#lavender", "uv": [ 7.5, 10.5, 10.0, 12.0 ], "windMode": [0,1,1,0] }
							}
						}
					]
				},
				{
					"name": "leaf5",
					"from": [ 1.2, 0.0, -2.2 ],
					"to": [ 3.7, 2.0, -2.2 ],
					"rotationOrigin": [ 2.45, 0.0, -2.2 ],
					"rotationY": 45.0,
					"faces": {
						"north": { "texture": "#lavender", "uv": [ 4.5, 10.0, 7.0, 12.0 ], "windMode": [0,1,1,0] }
					},
					"children": [
						{
							"name": "leaf6",
							"from": [ 0.0, 0.0, 4.0E-4 ],
							"to": [ 2.5, 1.75, 4.0E-4 ],
							"rotationOrigin": [ 1.25, 0.0, 0.0 ],
							"rotationY": 89.9802,
							"faces": {
								"north": { "texture": "#lavender", "uv": [ 7.5, 10.5, 10.0, 12.0 ], "windMode": [0,1,1,0] }
							}
						}
					]
				},
				{
					"name": "leaf7",
					"from": [ 0.7, 0.0, 0.3 ],
					"to": [ 3.2, 2.0, 0.3 ],
					"rotationOrigin": [ 1.95, 0.0, 0.3 ],
					"faces": {
						"north": { "texture": "#lavender", "uv": [ 4.5, 10.0, 7.0, 12.0 ], "windMode": [0,1,1,0] }
					},
					"children": [
						{
							"name": "leaf8",
							"from": [ 0.0, 0.0, 4.0E-4 ],
							"to": [ 2.5, 1.75, 4.0E-4 ],
							"rotationOrigin": [ 1.25, 0.0, 0.0 ],
							"rotationY": 89.9802,
							"faces": {
								"north": { "texture": "#lavender", "uv": [ 7.5, 10.5, 10.0, 12.0 ], "windMode": [0,1,1,0] }
							}
						}
					]
				},
				{
					"name": "leaf9",
					"from": [ -0.7, 0.0, -1.8 ],
					"to": [ 1.8, 2.0, -1.8 ],
					"rotationOrigin": [ 0.55, 0.0, -1.8 ],
					"faces": {
						"north": { "texture": "#lavender", "uv": [ 4.5, 10.0, 7.0, 12.0 ], "windMode": [0,1,1,0] }
					},
					"children": [
						{
							"name": "leaf10",
							"from": [ 0.0, 0.0, 4.0E-4 ],
							"to": [ 2.5, 1.75, 4.0E-4 ],
							"rotationOrigin": [ 1.25, 0.0, 0.0 ],
							"rotationY": 89.9802,
							"faces": {
								"north": { "texture": "#lavender", "uv": [ 7.5, 10.5, 10.0, 12.0 ], "windMode": [0,1,1,0] }
							}
						}
					]
				},
				{
					"name": "leaf11",
					"from": [ -3.3, 0.0, -1.8 ],
					"to": [ -0.8, 2.0, -1.8 ],
					"rotationOrigin": [ -2.05, 0.0, -1.8 ],
					"rotationY": 45.0,
					"faces": {
						"north": { "texture": "#lavender", "uv": [ 4.5, 10.0, 7.0, 12.0 ], "windMode": [0,1,1,0] }
					},
					"children": [
						{
							"name": "leaf12",
							"from": [ 0.0, 0.0, 4.0E-4 ],
							"to": [ 2.5, 1.75, 4.0E-4 ],
							"rotationOrigin": [ 1.25, 0.0, 0.0 ],
							"rotationY": 89.9802,
							"faces": {
								"north": { "texture": "#lavender", "uv": [ 7.5, 10.5, 10.0, 12.0 ], "windMode": [0,1,1,0] }
							}
						}
					]
				},
				{
					"name": "leaf13",
					"from": [ -1.8, 0.0, 0.7 ],
					"to": [ 0.7, 2.0, 0.7 ],
					"rotationOrigin": [ -0.55, 0.0, 0.7 ],
					"faces": {
						"north": { "texture": "#lavender", "uv": [ 4.5, 10.0, 7.0, 12.0 ], "windMode": [0,1,1,0] }
					},
					"children": [
						{
							"name": "leaf14",
							"from": [ 0.0, 0.0, 4.0E-4 ],
							"to": [ 2.5, 1.75, 4.0E-4 ],
							"rotationOrigin": [ 1.25, 0.0, 0.0 ],
							"rotationY": 22.5,
							"faces": {
								"north": { "texture": "#lavender", "uv": [ 7.5, 10.5, 10.0, 12.0 ], "windMode": [0,1,1,0] }
							}
						}
					]
				},
				{
					"name": "leaf15",
					"from": [ -0.7, 0.0, 1.7 ],
					"to": [ 1.8, 2.0, 1.7 ],
					"rotationOrigin": [ 0.55, 0.0, 1.7 ],
					"faces": {
						"north": { "texture": "#lavender", "uv": [ 4.5, 10.0, 7.0, 12.0 ], "windMode": [0,1,1,0] }
					},
					"children": [
						{
							"name": "leaf16",
							"from": [ 0.0, 0.0, 4.0E-4 ],
							"to": [ 2.5, 1.75, 4.0E-4 ],
							"rotationOrigin": [ 1.25, 0.0, 0.0 ],
							"rotationY": 89.9802,
							"faces": {
								"north": { "texture": "#lavender", "uv": [ 7.5, 10.5, 10.0, 12.0 ], "windMode": [0,1,1,0] }
							}
						}
					]
				},
				{
					"name": "leaf17",
					"from": [ -2.7, 0.0, 1.7 ],
					"to": [ -0.2, 2.0, 1.7 ],
					"rotationOrigin": [ -1.45, 0.0, 1.7 ],
					"rotationY": 45.0,
					"faces": {
						"north": { "texture": "#lavender", "uv": [ 4.5, 10.0, 7.0, 12.0 ], "windMode": [0,1,1,0] }
					},
					"children": [
						{
							"name": "leaf18",
							"from": [ 0.0, 0.0, 4.0E-4 ],
							"to": [ 2.5, 1.75, 4.0E-4 ],
							"rotationOrigin": [ 1.25, 0.0, 0.0 ],
							"rotationY": 90.0,
							"faces": {
								"north": { "texture": "#lavender", "uv": [ 7.5, 10.5, 10.0, 12.0 ], "windMode": [0,1,1,0] }
							}
						}
					]
				},
				{
					"name": "leaf19",
					"from": [ -2.7, 0.0, -0.2 ],
					"to": [ -0.2, 2.0, -0.2 ],
					"rotationOrigin": [ -1.45, 0.0, -0.2 ],
					"faces": {
						"north": { "texture": "#lavender", "uv": [ 4.5, 10.0, 7.0, 12.0 ], "windMode": [0,1,1,0] }
					},
					"children": [
						{
							"name": "leaf20",
							"from": [ 0.0, 0.0, 4.0E-4 ],
							"to": [ 2.5, 1.75, 4.0E-4 ],
							"rotationOrigin": [ 1.25, 0.0, 0.0 ],
							"rotationY": 89.9802,
							"faces": {
								"north": { "texture": "#lavender", "uv": [ 7.5, 10.5, 10.0, 12.0 ], "windMode": [0,1,1,0] }
							}
						}
					]
				},
				{
					"name": "leaf21",
					"from": [ -2.1, 0.0, -0.8 ],
					"to": [ 0.4, 2.0, -0.8 ],
					"rotationOrigin": [ -0.85, 0.0, -0.8 ],
					"rotationY": 22.5,
					"faces": {
						"north": { "texture": "#lavender", "uv": [ 4.5, 10.0, 7.0, 12.0 ], "windMode": [0,1,1,0] }
					},
					"children": [
						{
							"name": "leaf22",
							"from": [ 0.0, 0.0, 4.0E-4 ],
							"to": [ 2.5, 1.75, 4.0E-4 ],
							"rotationOrigin": [ 1.25, 0.0, 0.0 ],
							"rotationY": 89.9802,
							"faces": {
								"north": { "texture": "#lavender", "uv": [ 7.5, 10.5, 10.0, 12.0 ], "windMode": [0,1,1,0] }
							}
						}
					]
				},
				{
					"name": "leaf23",
					"from": [ 0.3, 0.0, -1.2 ],
					"to": [ 2.8, 2.0, -1.2 ],
					"rotationOrigin": [ 1.55, 0.0, -1.2 ],
					"rotationY": 22.5,
					"faces": {
						"north": { "texture": "#lavender", "uv": [ 4.5, 10.0, 7.0, 12.0 ], "windMode": [0,1,1,0] }
					},
					"children": [
						{
							"name": "leaf24",
							"from": [ 0.0, 0.0, 4.0E-4 ],
							"to": [ 2.5, 1.75, 4.0E-4 ],
							"rotationOrigin": [ 1.25, 0.0, 0.0 ],
							"rotationY": 89.9802,
							"faces": {
								"north": { "texture": "#lavender", "uv": [ 7.5, 10.5, 10.0, 12.0 ], "windMode": [0,1,1,0] }
							}
						}
					]
				},
				{
					"name": "leaf25",
					"from": [ -0.4, 0.0, 1.2 ],
					"to": [ 2.1, 2.0, 1.2 ],
					"rotationOrigin": [ 0.85, 0.0, 1.2 ],
					"rotationY": 22.5,
					"faces": {
						"north": { "texture": "#lavender", "uv": [ 4.5, 10.0, 7.0, 12.0 ], "windMode": [0,1,1,0] }
					},
					"children": [
						{
							"name": "leaf26",
							"from": [ 0.0, 0.0, 4.0E-4 ],
							"to": [ 2.5, 1.75, 4.0E-4 ],
							"rotationOrigin": [ 1.25, 0.0, 0.0 ],
							"rotationY": 89.9802,
							"faces": {
								"north": { "texture": "#lavender", "uv": [ 7.5, 10.5, 10.0, 12.0 ], "windMode": [0,1,1,0] }
							}
						}
					]
				},
				{
					"name": "leaf27",
					"from": [ 1.6, 0.0, 0.9 ],
					"to": [ 4.1, 2.0, 0.9 ],
					"rotationOrigin": [ 2.85, 0.0, 0.9 ],
					"faces": {
						"north": { "texture": "#lavender", "uv": [ 4.5, 10.0, 7.0, 12.0 ], "windMode": [0,1,1,0] }
					},
					"children": [
						{
							"name": "leaf28",
							"from": [ 0.0, 0.0, 4.0E-4 ],
							"to": [ 2.5, 1.75, 4.0E-4 ],
							"rotationOrigin": [ 1.25, 0.0, 0.0 ],
							"rotationY": 89.9802,
							"faces": {
								"north": { "texture": "#lavender", "uv": [ 7.5, 10.5, 10.0, 12.0 ], "windMode": [0,1,1,0] }
							}
						}
					]
				},
				{
					"name": "leaf29",
					"from": [ 1.5, 0.0, -0.2 ],
					"to": [ 4.0, 2.0, -0.2 ],
					"rotationOrigin": [ 2.75, 0.0, -0.2 ],
					"rotationY": 45.0,
					"faces": {
						"north": { "texture": "#lavender", "uv": [ 4.5, 10.0, 7.0, 12.0 ], "windMode": [0,1,1,0] }
					},
					"children": [
						{
							"name": "leaf30",
							"from": [ 0.0, 0.0, 4.0E-4 ],
							"to": [ 2.5, 1.75, 4.0E-4 ],
							"rotationOrigin": [ 1.25, 0.0, 0.0 ],
							"rotationY": 89.9802,
							"faces": {
								"north": { "texture": "#lavender", "uv": [ 7.5, 10.5, 10.0, 12.0 ], "windMode": [0,1,1,0] }
							}
						}
					]
				},
				{
					"name": "leaf31",
					"from": [ 1.3, 0.0, -1.2 ],
					"to": [ 3.8, 2.0, -1.2 ],
					"rotationOrigin": [ 2.55, 0.0, -1.2 ],
					"faces": {
						"north": { "texture": "#lavender", "uv": [ 4.5, 10.0, 7.0, 12.0 ], "windMode": [0,1,1,0] }
					},
					"children": [
						{
							"name": "leaf32",
							"from": [ 0.0, 0.0, 4.0E-4 ],
							"to": [ 2.5, 1.75, 4.0E-4 ],
							"rotationOrigin": [ 1.25, 0.0, 0.0 ],
							"rotationY": 89.9802,
							"faces": {
								"north": { "texture": "#lavender", "uv": [ 7.5, 10.5, 10.0, 12.0 ], "windMode": [0,1,1,0] }
							}
						}
					]
				},
				{
					"name": "leaf33",
					"from": [ 0.3, 0.0, -2.7 ],
					"to": [ 2.8, 2.0, -2.7 ],
					"rotationOrigin": [ 1.55, 0.0, -2.7 ],
					"faces": {
						"north": { "texture": "#lavender", "uv": [ 4.5, 10.0, 7.0, 12.0 ], "windMode": [0,1,1,0] }
					},
					"children": [
						{
							"name": "leaf34",
							"from": [ 0.0, 0.0, 4.0E-4 ],
							"to": [ 2.5, 1.75, 4.0E-4 ],
							"rotationOrigin": [ 1.25, 0.0, 0.0 ],
							"rotationY": 89.9802,
							"faces": {
								"north": { "texture": "#lavender", "uv": [ 7.5, 10.5, 10.0, 12.0 ], "windMode": [0,1,1,0] }
							}
						}
					]
				},
				{
					"name": "leaf35",
					"from": [ -1.0, 0.0, -3.3 ],
					"to": [ 1.5, 2.0, -3.3 ],
					"rotationOrigin": [ 0.25, 0.0, -3.3 ],
					"rotationY": 45.0,
					"faces": {
						"north": { "texture": "#lavender", "uv": [ 4.5, 10.0, 7.0, 12.0 ], "windMode": [0,1,1,0] }
					},
					"children": [
						{
							"name": "leaf36",
							"from": [ 0.0, 0.0, 4.0E-4 ],
							"to": [ 2.5, 1.75, 4.0E-4 ],
							"rotationOrigin": [ 1.25, 0.0, 0.0 ],
							"rotationY": 89.9802,
							"faces": {
								"north": { "texture": "#lavender", "uv": [ 7.5, 10.5, 10.0, 12.0 ], "windMode": [0,1,1,0] }
							}
						}
					]
				},
				{
					"name": "leaf37",
					"from": [ -2.0, 0.0, -1.9 ],
					"to": [ 0.5, 2.0, -1.9 ],
					"rotationOrigin": [ -0.75, 0.0, -1.9 ],
					"faces": {
						"north": { "texture": "#lavender", "uv": [ 4.5, 10.0, 7.0, 12.0 ], "windMode": [0,1,1,0] }
					},
					"children": [
						{
							"name": "leaf38",
							"from": [ 0.0, 0.0, 4.0E-4 ],
							"to": [ 2.5, 1.75, 4.0E-4 ],
							"rotationOrigin": [ 1.25, 0.0, 0.0 ],
							"rotationY": 89.9802,
							"faces": {
								"north": { "texture": "#lavender", "uv": [ 7.5, 10.5, 10.0, 12.0 ], "windMode": [0,1,1,0] }
							}
						}
					]
				},
				{
					"name": "leaf39",
					"from": [ -3.6, 0.0, -0.7 ],
					"to": [ -1.1, 2.0, -0.7 ],
					"rotationOrigin": [ -2.35, 0.0, -0.7 ],
					"faces": {
						"north": { "texture": "#lavender", "uv": [ 4.5, 10.0, 7.0, 12.0 ], "windMode": [0,1,1,0] }
					},
					"children": [
						{
							"name": "leaf40",
							"from": [ 0.0, 0.0, 4.0E-4 ],
							"to": [ 2.5, 1.75, 4.0E-4 ],
							"rotationOrigin": [ 1.25, 0.0, 0.0 ],
							"rotationY": 89.9802,
							"faces": {
								"north": { "texture": "#lavender", "uv": [ 7.5, 10.5, 10.0, 12.0 ], "windMode": [0,1,1,0] }
							}
						}
					]
				},
				{
					"name": "leaf41",
					"from": [ -4.2, 0.0, 0.1 ],
					"to": [ -1.7, 2.0, 0.1 ],
					"rotationOrigin": [ -2.95, 0.0, 0.1 ],
					"rotationY": 45.0,
					"faces": {
						"north": { "texture": "#lavender", "uv": [ 4.5, 10.0, 7.0, 12.0 ], "windMode": [0,1,1,0] }
					},
					"children": [
						{
							"name": "leaf42",
							"from": [ 0.0, 0.0, 4.0E-4 ],
							"to": [ 2.5, 1.75, 4.0E-4 ],
							"rotationOrigin": [ 1.25, 0.0, 0.0 ],
							"rotationY": 89.9802,
							"faces": {
								"north": { "texture": "#lavender", "uv": [ 7.5, 10.5, 10.0, 12.0 ], "windMode": [0,1,1,0] }
							}
						}
					]
				},
				{
					"name": "leaf43",
					"from": [ -3.7, 0.0, 1.3 ],
					"to": [ -1.2, 2.0, 1.3 ],
					"rotationOrigin": [ -2.45, 0.0, 1.3 ],
					"faces": {
						"north": { "texture": "#lavender", "uv": [ 4.5, 10.0, 7.0, 12.0 ], "windMode": [0,1,1,0] }
					},
					"children": [
						{
							"name": "leaf44",
							"from": [ 0.0, 0.0, 4.0E-4 ],
							"to": [ 2.5, 1.75, 4.0E-4 ],
							"rotationOrigin": [ 1.25, 0.0, 0.0 ],
							"rotationY": 89.9802,
							"faces": {
								"north": { "texture": "#lavender", "uv": [ 7.5, 10.5, 10.0, 12.0 ], "windMode": [0,1,1,0] }
							}
						}
					]
				},
				{
					"name": "leaf45",
					"from": [ -2.2, 0.0, 2.5 ],
					"to": [ 0.3, 2.0, 2.5 ],
					"rotationOrigin": [ -0.95, 0.0, 2.5 ],
					"faces": {
						"north": { "texture": "#lavender", "uv": [ 4.5, 10.0, 7.0, 12.0 ], "windMode": [0,1,1,0] }
					},
					"children": [
						{
							"name": "leaf46",
							"from": [ 0.0, 0.0, 4.0E-4 ],
							"to": [ 2.5, 1.75, 4.0E-4 ],
							"rotationOrigin": [ 1.25, 0.0, 0.0 ],
							"rotationY": 89.9802,
							"faces": {
								"north": { "texture": "#lavender", "uv": [ 7.5, 10.5, 10.0, 12.0 ], "windMode": [0,1,1,0] }
							}
						}
					]
				},
				{
					"name": "leaf47",
					"from": [ -1.4, 0.0, 2.3 ],
					"to": [ 1.1, 2.0, 2.3 ],
					"rotationOrigin": [ -0.15, 0.0, 2.3 ],
					"rotationY": 45.0,
					"faces": {
						"north": { "texture": "#lavender", "uv": [ 4.5, 10.0, 7.0, 12.0 ], "windMode": [0,1,1,0] }
					},
					"children": [
						{
							"name": "leaf48",
							"from": [ 0.0, 0.0, 4.0E-4 ],
							"to": [ 2.5, 1.75, 4.0E-4 ],
							"rotationOrigin": [ 1.25, 0.0, 0.0 ],
							"rotationY": 89.9802,
							"faces": {
								"north": { "texture": "#lavender", "uv": [ 7.5, 10.5, 10.0, 12.0 ], "windMode": [0,1,1,0] }
							}
						}
					]
				},
				{
					"name": "leaf49",
					"from": [ -0.2, 0.0, 3.0 ],
					"to": [ 2.3, 2.0, 3.0 ],
					"rotationOrigin": [ 1.05, 0.0, 3.0 ],
					"faces": {
						"north": { "texture": "#lavender", "uv": [ 4.5, 10.0, 7.0, 12.0 ], "windMode": [0,1,1,0] }
					},
					"children": [
						{
							"name": "leaf50",
							"from": [ 0.0, 0.0, 4.0E-4 ],
							"to": [ 2.5, 1.75, 4.0E-4 ],
							"rotationOrigin": [ 1.25, 0.0, 0.0 ],
							"rotationY": 89.9802,
							"faces": {
								"north": { "texture": "#lavender", "uv": [ 7.5, 10.5, 10.0, 12.0 ], "windMode": [0,1,1,0] }
							}
						}
					]
				}
			]
		}
	]}