{
	"editor": {
		"collapsedPaths": "Root/stemgroup3/bulb45,Root/stemgroup3/bulb41,Root/origin/leaf7,Root/origin/leaf9,Root/origin/leaf3,Root/origin/leaf5,Root/stemgroup3/bulb37,Root/origin/leaf39,Root/leafgroup/leaf,Root/origin/leaf45,Root/origin/leaf43,Root/origin/leaf49,Root/origin/leaf47,Root/stemgroup3/bulb33,Root/origin/leaf41,Root/leafgroup/leaf5,Root/leafgroup/leaf7,Root/leafgroup/leaf3,Root/leafgroup/leaf49,Root/leafgroup/leaf47,Root/leafgroup/leaf45,Root/leafgroup/leaf43,Root/leafgroup/leaf41,Root/origin/leaf,Root/leafgroup/leaf29,Root/leafgroup/leaf39,Root/leafgroup/leaf37,Root/leafgroup/leaf9,Root/leafgroup/leaf35,Root/leafgroup/leaf33,Root/leafgroup/leaf31,Root/leafgroup/leaf19,Root/origin/leaf11,Root/leafgroup/leaf27,Root/leafgroup/leaf25,Root/origin/leaf15,Root/leafgroup/leaf23,Root/origin/leaf13,Root/leafgroup/leaf21,Root/leafgroup2,Root/leafgroup/leaf17,Root/leafgroup/leaf15,Root/leafgroup/leaf13,Root/leafgroup/leaf11,Root/stemgroup3/bulb29,Root/stemgroup3/bulb25,Root/origin/leaf29,Root/leafgroup,Root/origin/leaf33,Root/origin/leaf31,Root/origin/leaf37,Root/origin/leaf35,Root/stemgroup3/bulb21,Root/stemgroup3/bulb,Root/stemgroup3/bulb17,Root/stemgroup3/bulb13,Root/origin/leaf19,Root/origin/leaf17,Root/origin/leaf23,Root/origin/leaf21,Root/stemgroup,Root/stemgroup3/bulb5,Root/origin/leaf27,Root/origin/leaf25,Root/stemgroup3/bulb9",
		"allAngles": false,
		"entityTextureMode": false
	},
	"textureWidth": 16,
	"textureHeight": 16,
	"textureSizes": {
		"lavender": [16,16]
	},
	"textures": {
	},
	"elements": [
		{
			"name": "leafgroup",
			"from": [ 8.0, 0.0, 8.0 ],
			"to": [ 8.0, 0.0, 8.0 ],
			"rotationOrigin": [ 8.0, 0.0, 8.0 ],
			"faces": {
			},
			"children": [
				{
					"name": "leaf",
					"from": [ -0.8, 0.0, -0.1 ],
					"to": [ 1.7, 3.5, -0.1 ],
					"rotationOrigin": [ 0.45, 0.0, -0.1 ],
					"faces": {
						"north": { "texture": "#lavender", "uv": [ 4.5, 12.5, 7.0, 16.0 ], "windMode": [0,1,1,0] }
					},
					"children": [
						{
							"name": "leaf2",
							"from": [ 0.0, 0.0, 4.0E-4 ],
							"to": [ 2.5, 3.5, 4.0E-4 ],
							"rotationOrigin": [ 1.25, 0.0, 0.0 ],
							"rotationY": 89.9802,
							"faces": {
								"north": { "texture": "#lavender", "uv": [ 7.5, 12.5, 10.0, 16.0 ], "windMode": [0,1,1,0] }
							}
						}
					]
				},
				{
					"name": "leaf3",
					"from": [ 0.7, 0.0, 2.2 ],
					"to": [ 3.2, 3.5, 2.2 ],
					"rotationOrigin": [ 1.95, 0.0, 2.2 ],
					"rotationY": 45.0,
					"faces": {
						"north": { "texture": "#lavender", "uv": [ 4.5, 12.5, 7.0, 16.0 ], "windMode": [0,1,1,0] }
					},
					"children": [
						{
							"name": "leaf4",
							"from": [ 0.0, 0.0, 4.0E-4 ],
							"to": [ 2.5, 3.5, 4.0E-4 ],
							"rotationOrigin": [ 1.25, 0.0, 0.0 ],
							"rotationY": 89.9802,
							"faces": {
								"north": { "texture": "#lavender", "uv": [ 7.5, 12.5, 10.0, 16.0 ], "windMode": [0,1,1,0] }
							}
						}
					]
				},
				{
					"name": "leaf5",
					"from": [ 1.2, 0.0, -2.2 ],
					"to": [ 3.7, 3.5, -2.2 ],
					"rotationOrigin": [ 2.45, 0.0, -2.2 ],
					"rotationY": 45.0,
					"faces": {
						"north": { "texture": "#lavender", "uv": [ 4.5, 12.5, 7.0, 16.0 ], "windMode": [0,1,1,0] }
					},
					"children": [
						{
							"name": "leaf6",
							"from": [ 0.0, 0.0, 4.0E-4 ],
							"to": [ 2.5, 3.5, 4.0E-4 ],
							"rotationOrigin": [ 1.25, 0.0, 0.0 ],
							"rotationY": 89.9802,
							"faces": {
								"north": { "texture": "#lavender", "uv": [ 7.5, 12.5, 10.0, 16.0 ], "windMode": [0,1,1,0] }
							}
						}
					]
				},
				{
					"name": "leaf7",
					"from": [ 0.7, 0.0, 0.3 ],
					"to": [ 3.2, 3.5, 0.3 ],
					"rotationOrigin": [ 1.95, 0.0, 0.3 ],
					"faces": {
						"north": { "texture": "#lavender", "uv": [ 4.5, 12.5, 7.0, 16.0 ], "windMode": [0,1,1,0] }
					},
					"children": [
						{
							"name": "leaf8",
							"from": [ 0.0, 0.0, 4.0E-4 ],
							"to": [ 2.5, 3.5, 4.0E-4 ],
							"rotationOrigin": [ 1.25, 0.0, 0.0 ],
							"rotationY": 89.9802,
							"faces": {
								"north": { "texture": "#lavender", "uv": [ 7.5, 12.5, 10.0, 16.0 ], "windMode": [0,1,1,0] }
							}
						}
					]
				},
				{
					"name": "leaf9",
					"from": [ -0.7, 0.0, -1.8 ],
					"to": [ 1.8, 3.5, -1.8 ],
					"rotationOrigin": [ 0.55, 0.0, -1.8 ],
					"rotationY": 22.5,
					"faces": {
						"north": { "texture": "#lavender", "uv": [ 4.5, 12.5, 7.0, 16.0 ], "windMode": [0,1,1,0] }
					},
					"children": [
						{
							"name": "leaf10",
							"from": [ 0.0, 0.0, 4.0E-4 ],
							"to": [ 2.5, 3.5, 4.0E-4 ],
							"rotationOrigin": [ 1.25, 0.0, 0.0 ],
							"rotationY": 89.9802,
							"faces": {
								"north": { "texture": "#lavender", "uv": [ 7.5, 12.5, 10.0, 16.0 ], "windMode": [0,1,1,0] }
							}
						}
					]
				},
				{
					"name": "leaf11",
					"from": [ -3.3, 0.0, -1.8 ],
					"to": [ -0.8, 3.5, -1.8 ],
					"rotationOrigin": [ -2.05, 0.0, -1.8 ],
					"rotationY": 45.0,
					"faces": {
						"north": { "texture": "#lavender", "uv": [ 4.5, 12.5, 7.0, 16.0 ], "windMode": [0,1,1,0] }
					},
					"children": [
						{
							"name": "leaf12",
							"from": [ 0.0, 0.0, 4.0E-4 ],
							"to": [ 2.5, 3.5, 4.0E-4 ],
							"rotationOrigin": [ 1.25, 0.0, 0.0 ],
							"rotationY": 89.9802,
							"faces": {
								"north": { "texture": "#lavender", "uv": [ 7.5, 12.5, 10.0, 16.0 ], "windMode": [0,1,1,0] }
							}
						}
					]
				},
				{
					"name": "leaf13",
					"from": [ -1.8, 0.0, 0.7 ],
					"to": [ 0.7, 3.5, 0.7 ],
					"rotationOrigin": [ -0.55, 0.0, 0.7 ],
					"faces": {
						"north": { "texture": "#lavender", "uv": [ 4.5, 12.5, 7.0, 16.0 ], "windMode": [0,1,1,0] }
					},
					"children": [
						{
							"name": "leaf14",
							"from": [ 0.0, 0.0, 4.0E-4 ],
							"to": [ 2.5, 3.5, 4.0E-4 ],
							"rotationOrigin": [ 1.25, 0.0, 0.0 ],
							"rotationY": 90.0,
							"faces": {
								"north": { "texture": "#lavender", "uv": [ 7.5, 12.5, 10.0, 16.0 ], "windMode": [0,1,1,0] }
							}
						}
					]
				},
				{
					"name": "leaf15",
					"from": [ -0.7, 0.0, 1.7 ],
					"to": [ 1.8, 3.5, 1.7 ],
					"rotationOrigin": [ 0.55, 0.0, 1.7 ],
					"faces": {
						"north": { "texture": "#lavender", "uv": [ 4.5, 12.5, 7.0, 16.0 ], "windMode": [0,1,1,0] }
					},
					"children": [
						{
							"name": "leaf16",
							"from": [ 0.0, 0.0, 4.0E-4 ],
							"to": [ 2.5, 3.5, 4.0E-4 ],
							"rotationOrigin": [ 1.25, 0.0, 0.0 ],
							"rotationY": 89.9802,
							"faces": {
								"north": { "texture": "#lavender", "uv": [ 7.5, 12.5, 10.0, 16.0 ], "windMode": [0,1,1,0] }
							}
						}
					]
				},
				{
					"name": "leaf17",
					"from": [ -2.7, 0.0, 1.7 ],
					"to": [ -0.2, 3.5, 1.7 ],
					"rotationOrigin": [ -1.45, 0.0, 1.7 ],
					"rotationY": 45.0,
					"faces": {
						"north": { "texture": "#lavender", "uv": [ 4.5, 12.5, 7.0, 16.0 ], "windMode": [0,1,1,0] }
					},
					"children": [
						{
							"name": "leaf18",
							"from": [ 0.0, 0.0, 4.0E-4 ],
							"to": [ 2.5, 3.5, 4.0E-4 ],
							"rotationOrigin": [ 1.25, 0.0, 0.0 ],
							"rotationY": 90.0,
							"faces": {
								"north": { "texture": "#lavender", "uv": [ 7.5, 12.5, 10.0, 16.0 ], "windMode": [0,1,1,0] }
							}
						}
					]
				},
				{
					"name": "leaf19",
					"from": [ -2.7, 0.0, -0.2 ],
					"to": [ -0.2, 3.5, -0.2 ],
					"rotationOrigin": [ -1.45, 0.0, -0.2 ],
					"rotationY": 22.5,
					"faces": {
						"north": { "texture": "#lavender", "uv": [ 4.5, 12.5, 7.0, 16.0 ], "windMode": [0,1,1,0] }
					},
					"children": [
						{
							"name": "leaf20",
							"from": [ 0.0, 0.0, 4.0E-4 ],
							"to": [ 2.5, 3.5, 4.0E-4 ],
							"rotationOrigin": [ 1.25, 0.0, 0.0 ],
							"rotationY": 89.9802,
							"faces": {
								"north": { "texture": "#lavender", "uv": [ 7.5, 12.5, 10.0, 16.0 ], "windMode": [0,1,1,0] }
							}
						}
					]
				},
				{
					"name": "leaf21",
					"from": [ -2.1, 0.0, -0.8 ],
					"to": [ 0.4, 3.5, -0.8 ],
					"rotationOrigin": [ -0.85, 0.0, -0.8 ],
					"rotationY": 22.5,
					"faces": {
						"north": { "texture": "#lavender", "uv": [ 4.5, 12.5, 7.0, 16.0 ], "windMode": [0,1,1,0] }
					},
					"children": [
						{
							"name": "leaf22",
							"from": [ 0.0, 0.0, 4.0E-4 ],
							"to": [ 2.5, 3.5, 4.0E-4 ],
							"rotationOrigin": [ 1.25, 0.0, 0.0 ],
							"rotationY": 89.9802,
							"faces": {
								"north": { "texture": "#lavender", "uv": [ 7.5, 12.5, 10.0, 16.0 ], "windMode": [0,1,1,0] }
							}
						}
					]
				},
				{
					"name": "leaf23",
					"from": [ 0.3, 0.0, -1.2 ],
					"to": [ 2.8, 3.5, -1.2 ],
					"rotationOrigin": [ 1.55, 0.0, -1.2 ],
					"rotationY": 22.5,
					"faces": {
						"north": { "texture": "#lavender", "uv": [ 4.5, 12.5, 7.0, 16.0 ], "windMode": [0,1,1,0] }
					},
					"children": [
						{
							"name": "leaf24",
							"from": [ 0.0, 0.0, 4.0E-4 ],
							"to": [ 2.5, 3.5, 4.0E-4 ],
							"rotationOrigin": [ 1.25, 0.0, 0.0 ],
							"rotationY": 89.9802,
							"faces": {
								"north": { "texture": "#lavender", "uv": [ 7.5, 12.5, 10.0, 16.0 ], "windMode": [0,1,1,0] }
							}
						}
					]
				},
				{
					"name": "leaf25",
					"from": [ -0.4, 0.0, 1.2 ],
					"to": [ 2.1, 3.5, 1.2 ],
					"rotationOrigin": [ 0.85, 0.0, 1.2 ],
					"rotationY": 22.5,
					"faces": {
						"north": { "texture": "#lavender", "uv": [ 4.5, 12.5, 7.0, 16.0 ], "windMode": [0,1,1,0] }
					},
					"children": [
						{
							"name": "leaf26",
							"from": [ 0.0, 0.0, 4.0E-4 ],
							"to": [ 2.5, 3.5, 4.0E-4 ],
							"rotationOrigin": [ 1.25, 0.0, 0.0 ],
							"rotationY": 89.9802,
							"faces": {
								"north": { "texture": "#lavender", "uv": [ 7.5, 12.5, 10.0, 16.0 ], "windMode": [0,1,1,0] }
							}
						}
					]
				},
				{
					"name": "leaf27",
					"from": [ 1.6, 0.0, 0.9 ],
					"to": [ 4.1, 3.5, 0.9 ],
					"rotationOrigin": [ 2.85, 0.0, 0.9 ],
					"faces": {
						"north": { "texture": "#lavender", "uv": [ 4.5, 12.5, 7.0, 16.0 ], "windMode": [0,1,1,0] }
					},
					"children": [
						{
							"name": "leaf28",
							"from": [ 0.0, 0.0, 4.0E-4 ],
							"to": [ 2.5, 3.5, 4.0E-4 ],
							"rotationOrigin": [ 1.25, 0.0, 0.0 ],
							"rotationY": 89.9802,
							"faces": {
								"north": { "texture": "#lavender", "uv": [ 7.5, 12.5, 10.0, 16.0 ], "windMode": [0,1,1,0] }
							}
						}
					]
				},
				{
					"name": "leaf29",
					"from": [ 1.5, 0.0, -0.2 ],
					"to": [ 4.0, 3.5, -0.2 ],
					"rotationOrigin": [ 2.75, 0.0, -0.2 ],
					"rotationY": 45.0,
					"faces": {
						"north": { "texture": "#lavender", "uv": [ 4.5, 12.5, 7.0, 16.0 ], "windMode": [0,1,1,0] }
					},
					"children": [
						{
							"name": "leaf30",
							"from": [ 0.0, 0.0, 4.0E-4 ],
							"to": [ 2.5, 3.5, 4.0E-4 ],
							"rotationOrigin": [ 1.25, 0.0, 0.0 ],
							"rotationY": 89.9802,
							"faces": {
								"north": { "texture": "#lavender", "uv": [ 7.5, 12.5, 10.0, 16.0 ], "windMode": [0,1,1,0] }
							}
						}
					]
				},
				{
					"name": "leaf31",
					"from": [ 1.3, 0.0, -1.2 ],
					"to": [ 3.8, 3.5, -1.2 ],
					"rotationOrigin": [ 2.55, 0.0, -1.2 ],
					"faces": {
						"north": { "texture": "#lavender", "uv": [ 4.5, 12.5, 7.0, 16.0 ], "windMode": [0,1,1,0] }
					},
					"children": [
						{
							"name": "leaf32",
							"from": [ 0.0, 0.0, 4.0E-4 ],
							"to": [ 2.5, 3.5, 4.0E-4 ],
							"rotationOrigin": [ 1.25, 0.0, 0.0 ],
							"rotationY": 89.9802,
							"faces": {
								"north": { "texture": "#lavender", "uv": [ 7.5, 12.5, 10.0, 16.0 ], "windMode": [0,1,1,0] }
							}
						}
					]
				},
				{
					"name": "leaf33",
					"from": [ 0.3, 0.0, -2.7 ],
					"to": [ 2.8, 3.5, -2.7 ],
					"rotationOrigin": [ 1.55, 0.0, -2.7 ],
					"faces": {
						"north": { "texture": "#lavender", "uv": [ 4.5, 12.5, 7.0, 16.0 ], "windMode": [0,1,1,0] }
					},
					"children": [
						{
							"name": "leaf34",
							"from": [ 0.0, 0.0, 4.0E-4 ],
							"to": [ 2.5, 3.5, 4.0E-4 ],
							"rotationOrigin": [ 1.25, 0.0, 0.0 ],
							"rotationY": 89.9802,
							"faces": {
								"north": { "texture": "#lavender", "uv": [ 7.5, 12.5, 10.0, 16.0 ], "windMode": [0,1,1,0] }
							}
						}
					]
				},
				{
					"name": "leaf35",
					"from": [ -1.0, 0.0, -3.3 ],
					"to": [ 1.5, 3.5, -3.3 ],
					"rotationOrigin": [ 0.25, 0.0, -3.3 ],
					"rotationY": 45.0,
					"faces": {
						"north": { "texture": "#lavender", "uv": [ 4.5, 12.5, 7.0, 16.0 ], "windMode": [0,1,1,0] }
					},
					"children": [
						{
							"name": "leaf36",
							"from": [ 0.0, 0.0, 4.0E-4 ],
							"to": [ 2.5, 3.5, 4.0E-4 ],
							"rotationOrigin": [ 1.25, 0.0, 0.0 ],
							"rotationY": 89.9802,
							"faces": {
								"north": { "texture": "#lavender", "uv": [ 7.5, 12.5, 10.0, 16.0 ], "windMode": [0,1,1,0] }
							}
						}
					]
				},
				{
					"name": "leaf37",
					"from": [ -2.0, 0.0, -1.9 ],
					"to": [ 0.5, 3.5, -1.9 ],
					"rotationOrigin": [ -0.75, 0.0, -1.9 ],
					"faces": {
						"north": { "texture": "#lavender", "uv": [ 4.5, 12.5, 7.0, 16.0 ], "windMode": [0,1,1,0] }
					},
					"children": [
						{
							"name": "leaf38",
							"from": [ 0.0, 0.0, 4.0E-4 ],
							"to": [ 2.5, 3.5, 4.0E-4 ],
							"rotationOrigin": [ 1.25, 0.0, 0.0 ],
							"rotationY": 89.9802,
							"faces": {
								"north": { "texture": "#lavender", "uv": [ 7.5, 12.5, 10.0, 16.0 ], "windMode": [0,1,1,0] }
							}
						}
					]
				},
				{
					"name": "leaf39",
					"from": [ -3.6, 0.0, -0.7 ],
					"to": [ -1.1, 3.5, -0.7 ],
					"rotationOrigin": [ -2.35, 0.0, -0.7 ],
					"faces": {
						"north": { "texture": "#lavender", "uv": [ 4.5, 12.5, 7.0, 16.0 ], "windMode": [0,1,1,0] }
					},
					"children": [
						{
							"name": "leaf40",
							"from": [ 0.0, 0.0, 4.0E-4 ],
							"to": [ 2.5, 3.5, 4.0E-4 ],
							"rotationOrigin": [ 1.25, 0.0, 0.0 ],
							"rotationY": 89.9802,
							"faces": {
								"north": { "texture": "#lavender", "uv": [ 7.5, 12.5, 10.0, 16.0 ], "windMode": [0,1,1,0] }
							}
						}
					]
				},
				{
					"name": "leaf41",
					"from": [ -4.2, 0.0, 0.1 ],
					"to": [ -1.7, 3.5, 0.1 ],
					"rotationOrigin": [ -2.95, 0.0, 0.1 ],
					"rotationY": 45.0,
					"faces": {
						"north": { "texture": "#lavender", "uv": [ 4.5, 12.5, 7.0, 16.0 ], "windMode": [0,1,1,0] }
					},
					"children": [
						{
							"name": "leaf42",
							"from": [ 0.0, 0.0, 4.0E-4 ],
							"to": [ 2.5, 3.5, 4.0E-4 ],
							"rotationOrigin": [ 1.25, 0.0, 0.0 ],
							"rotationY": 89.9802,
							"faces": {
								"north": { "texture": "#lavender", "uv": [ 7.5, 12.5, 10.0, 16.0 ], "windMode": [0,1,1,0] }
							}
						}
					]
				},
				{
					"name": "leaf43",
					"from": [ -3.7, 0.0, 1.3 ],
					"to": [ -1.2, 3.5, 1.3 ],
					"rotationOrigin": [ -2.45, 0.0, 1.3 ],
					"faces": {
						"north": { "texture": "#lavender", "uv": [ 4.5, 12.5, 7.0, 16.0 ], "windMode": [0,1,1,0] }
					},
					"children": [
						{
							"name": "leaf44",
							"from": [ 0.0, 0.0, 4.0E-4 ],
							"to": [ 2.5, 3.5, 4.0E-4 ],
							"rotationOrigin": [ 1.25, 0.0, 0.0 ],
							"rotationY": 89.9802,
							"faces": {
								"north": { "texture": "#lavender", "uv": [ 7.5, 12.5, 10.0, 16.0 ], "windMode": [0,1,1,0] }
							}
						}
					]
				},
				{
					"name": "leaf45",
					"from": [ -2.2, 0.0, 2.5 ],
					"to": [ 0.3, 3.5, 2.5 ],
					"rotationOrigin": [ -0.95, 0.0, 2.5 ],
					"faces": {
						"north": { "texture": "#lavender", "uv": [ 4.5, 12.5, 7.0, 16.0 ], "windMode": [0,1,1,0] }
					},
					"children": [
						{
							"name": "leaf46",
							"from": [ 0.0, 0.0, 4.0E-4 ],
							"to": [ 2.5, 3.5, 4.0E-4 ],
							"rotationOrigin": [ 1.25, 0.0, 0.0 ],
							"rotationY": 89.9802,
							"faces": {
								"north": { "texture": "#lavender", "uv": [ 7.5, 12.5, 10.0, 16.0 ], "windMode": [0,1,1,0] }
							}
						}
					]
				},
				{
					"name": "leaf47",
					"from": [ -1.4, 0.0, 2.3 ],
					"to": [ 1.1, 3.5, 2.3 ],
					"rotationOrigin": [ -0.15, 0.0, 2.3 ],
					"rotationY": 45.0,
					"faces": {
						"north": { "texture": "#lavender", "uv": [ 4.5, 12.5, 7.0, 16.0 ], "windMode": [0,1,1,0] }
					},
					"children": [
						{
							"name": "leaf48",
							"from": [ 0.0, 0.0, 4.0E-4 ],
							"to": [ 2.5, 3.5, 4.0E-4 ],
							"rotationOrigin": [ 1.25, 0.0, 0.0 ],
							"rotationY": 89.9802,
							"faces": {
								"north": { "texture": "#lavender", "uv": [ 7.5, 12.5, 10.0, 16.0 ], "windMode": [0,1,1,0] }
							}
						}
					]
				},
				{
					"name": "leaf49",
					"from": [ -0.2, 0.0, 3.0 ],
					"to": [ 2.3, 3.5, 3.0 ],
					"rotationOrigin": [ 1.05, 0.0, 3.0 ],
					"rotationY": 22.5,
					"faces": {
						"north": { "texture": "#lavender", "uv": [ 4.5, 12.5, 7.0, 16.0 ], "windMode": [0,1,1,0] }
					},
					"children": [
						{
							"name": "leaf50",
							"from": [ 0.0, 0.0, 4.0E-4 ],
							"to": [ 2.5, 3.5, 4.0E-4 ],
							"rotationOrigin": [ 1.25, 0.0, 0.0 ],
							"rotationY": 89.9802,
							"faces": {
								"north": { "texture": "#lavender", "uv": [ 7.5, 12.5, 10.0, 16.0 ], "windMode": [0,1,1,0] }
							}
						}
					]
				}
			]
		},
		{
			"name": "stemgroup",
			"from": [ 8.0, 0.0, 8.0 ],
			"to": [ 8.0, 0.0, 8.0 ],
			"rotationOrigin": [ 8.0, 0.0, 8.0 ],
			"faces": {
			},
			"children": [
				{
					"name": "ste",
					"from": [ 0.98, 0.0, 2.93 ],
					"to": [ 1.13, 3.65, 3.08 ],
					"rotationOrigin": [ 1.04, 0.0, 3.0 ],
					"rotationY": 22.5,
					"faces": {
						"north": { "texture": "#lavender", "uv": [ 0.0, 12.5, 0.5, 16.0 ], "windMode": [0,1,1,0] },
						"east": { "texture": "#lavender", "uv": [ 0.0, 12.5, 0.5, 16.0 ], "windMode": [0,1,1,0] },
						"south": { "texture": "#lavender", "uv": [ 0.0, 12.5, 0.5, 16.0 ], "windMode": [0,0,1,1] },
						"west": { "texture": "#lavender", "uv": [ 0.0, 12.5, 0.5, 16.0 ], "windMode": [0,0,1,1] }
					}
				},
				{
					"name": "ste2",
					"from": [ 1.87, 0.0, 2.13 ],
					"to": [ 2.02, 4.0, 2.28 ],
					"rotationOrigin": [ 1.94, 0.0, 2.2 ],
					"rotationY": 45.0,
					"faces": {
						"north": { "texture": "#lavender", "uv": [ 0.0, 12.0, 0.5, 16.0 ], "windMode": [0,1,1,0] },
						"east": { "texture": "#lavender", "uv": [ 0.0, 12.0, 0.5, 16.0 ], "windMode": [0,1,1,0] },
						"south": { "texture": "#lavender", "uv": [ 0.0, 12.0, 0.5, 16.0 ], "windMode": [0,0,1,1] },
						"west": { "texture": "#lavender", "uv": [ 0.0, 11.5, 0.5, 15.5 ], "windMode": [0,0,1,1] }
					}
				},
				{
					"name": "ste3",
					"from": [ 2.77, 0.0, 0.83 ],
					"to": [ 2.92, 3.75, 0.98 ],
					"rotationOrigin": [ 2.84, 0.0, 0.9 ],
					"faces": {
						"north": { "texture": "#lavender", "uv": [ 0.0, 12.5, 0.5, 16.0 ], "windMode": [0,1,1,0] },
						"east": { "texture": "#lavender", "uv": [ 0.0, 12.5, 0.5, 16.0 ], "windMode": [0,1,1,0] },
						"south": { "texture": "#lavender", "uv": [ 0.0, 12.5, 0.5, 16.0 ], "windMode": [0,0,1,1] },
						"west": { "texture": "#lavender", "uv": [ 0.0, 12.5, 0.5, 16.0 ], "windMode": [0,0,1,1] }
					}
				},
				{
					"name": "ste4",
					"from": [ 1.87, 0.0, 0.23 ],
					"to": [ 2.02, 3.85, 0.38 ],
					"rotationOrigin": [ 1.94, 0.0, 0.3 ],
					"faces": {
						"north": { "texture": "#lavender", "uv": [ 0.0, 12.5, 0.5, 16.0 ], "windMode": [0,1,1,0] },
						"east": { "texture": "#lavender", "uv": [ 0.0, 12.5, 0.5, 16.0 ], "windMode": [0,1,1,0] },
						"south": { "texture": "#lavender", "uv": [ 0.0, 12.5, 0.5, 16.0 ], "windMode": [0,0,1,1] },
						"west": { "texture": "#lavender", "uv": [ 0.0, 12.5, 0.5, 16.0 ], "windMode": [0,0,1,1] }
					}
				},
				{
					"name": "ste5",
					"from": [ 2.67, 0.0, -0.27 ],
					"to": [ 2.82, 3.95, -0.12 ],
					"rotationOrigin": [ 2.74, 0.0, -0.2 ],
					"rotationY": 45.0,
					"faces": {
						"north": { "texture": "#lavender", "uv": [ 0.0, 12.5, 0.5, 16.0 ], "windMode": [0,1,1,0] },
						"east": { "texture": "#lavender", "uv": [ 0.0, 12.5, 0.5, 16.0 ], "windMode": [0,1,1,0] },
						"south": { "texture": "#lavender", "uv": [ 0.0, 12.5, 0.5, 16.0 ], "windMode": [0,0,1,1] },
						"west": { "texture": "#lavender", "uv": [ 0.0, 12.5, 0.5, 16.0 ], "windMode": [0,0,1,1] }
					}
				},
				{
					"name": "ste6",
					"from": [ 2.47, 0.0, -1.28 ],
					"to": [ 2.62, 3.65, -1.13 ],
					"rotationOrigin": [ 2.54, 0.0, -1.2 ],
					"faces": {
						"north": { "texture": "#lavender", "uv": [ 0.0, 12.5, 0.5, 16.0 ], "windMode": [0,1,1,0] },
						"east": { "texture": "#lavender", "uv": [ 0.0, 12.5, 0.5, 16.0 ], "windMode": [0,1,1,0] },
						"south": { "texture": "#lavender", "uv": [ 0.0, 12.5, 0.5, 16.0 ], "windMode": [0,0,1,1] },
						"west": { "texture": "#lavender", "uv": [ 0.0, 12.5, 0.5, 16.0 ], "windMode": [0,0,1,1] }
					}
				},
				{
					"name": "ste7",
					"from": [ 1.47, 0.0, -1.27 ],
					"to": [ 1.62, 3.95, -1.12 ],
					"rotationOrigin": [ 1.54, 0.0, -1.2 ],
					"rotationY": 22.5,
					"faces": {
						"north": { "texture": "#lavender", "uv": [ 0.0, 12.5, 0.5, 16.0 ], "windMode": [0,1,1,0] },
						"east": { "texture": "#lavender", "uv": [ 0.0, 12.5, 0.5, 16.0 ], "windMode": [0,1,1,0] },
						"south": { "texture": "#lavender", "uv": [ 0.0, 12.5, 0.5, 16.0 ], "windMode": [0,0,1,1] },
						"west": { "texture": "#lavender", "uv": [ 0.0, 12.5, 0.5, 16.0 ], "windMode": [0,0,1,1] }
					}
				},
				{
					"name": "ste8",
					"from": [ 2.37, 0.0, -2.27 ],
					"to": [ 2.52, 3.65, -2.12 ],
					"rotationOrigin": [ 2.44, 0.0, -2.2 ],
					"rotationY": 45.0,
					"faces": {
						"north": { "texture": "#lavender", "uv": [ 0.0, 12.5, 0.5, 16.0 ], "windMode": [0,1,1,0] },
						"east": { "texture": "#lavender", "uv": [ 0.0, 12.5, 0.5, 16.0 ], "windMode": [0,1,1,0] },
						"south": { "texture": "#lavender", "uv": [ 0.0, 12.5, 0.5, 16.0 ], "windMode": [0,0,1,1] },
						"west": { "texture": "#lavender", "uv": [ 0.0, 12.5, 0.5, 16.0 ], "windMode": [0,0,1,1] }
					}
				},
				{
					"name": "ste9",
					"from": [ 1.47, 0.0, -2.77 ],
					"to": [ 1.62, 4.0, -2.62 ],
					"rotationOrigin": [ 1.54, 0.0, -2.7 ],
					"faces": {
						"north": { "texture": "#lavender", "uv": [ 0.0, 12.0, 0.5, 16.0 ], "windMode": [0,1,1,0] },
						"east": { "texture": "#lavender", "uv": [ 0.0, 12.0, 0.5, 16.0 ], "windMode": [0,1,1,0] },
						"south": { "texture": "#lavender", "uv": [ 0.0, 12.0, 0.5, 16.0 ], "windMode": [0,0,1,1] },
						"west": { "texture": "#lavender", "uv": [ 0.0, 12.0, 0.5, 16.0 ], "windMode": [0,0,1,1] }
					}
				},
				{
					"name": "ste10",
					"from": [ 0.17, 0.0, -3.37 ],
					"to": [ 0.32, 3.55, -3.22 ],
					"rotationOrigin": [ 0.24, 0.0, -3.3 ],
					"rotationY": 45.0,
					"faces": {
						"north": { "texture": "#lavender", "uv": [ 0.0, 12.5, 0.5, 16.0 ], "windMode": [0,1,1,0] },
						"east": { "texture": "#lavender", "uv": [ 0.0, 12.5, 0.5, 16.0 ], "windMode": [0,1,1,0] },
						"south": { "texture": "#lavender", "uv": [ 0.0, 12.5, 0.5, 16.0 ], "windMode": [0,0,1,1] },
						"west": { "texture": "#lavender", "uv": [ 0.0, 12.5, 0.5, 16.0 ], "windMode": [0,0,1,1] }
					}
				},
				{
					"name": "ste11",
					"from": [ 0.47, 0.0, -1.87 ],
					"to": [ 0.62, 3.75, -1.72 ],
					"rotationOrigin": [ 0.54, 0.0, -1.8 ],
					"rotationY": 22.5,
					"faces": {
						"north": { "texture": "#lavender", "uv": [ 0.0, 12.5, 0.5, 16.0 ], "windMode": [0,1,1,0] },
						"east": { "texture": "#lavender", "uv": [ 0.0, 12.5, 0.5, 16.0 ], "windMode": [0,1,1,0] },
						"south": { "texture": "#lavender", "uv": [ 0.0, 12.5, 0.5, 16.0 ], "windMode": [0,0,1,1] },
						"west": { "texture": "#lavender", "uv": [ 0.0, 12.5, 0.5, 16.0 ], "windMode": [0,0,1,1] }
					}
				},
				{
					"name": "ste12",
					"from": [ 0.37, 0.0, -0.17 ],
					"to": [ 0.52, 4.0, -0.02 ],
					"rotationOrigin": [ 0.44, 0.0, -0.1 ],
					"faces": {
						"north": { "texture": "#lavender", "uv": [ 0.0, 12.0, 0.5, 16.0 ], "windMode": [0,1,1,0] },
						"east": { "texture": "#lavender", "uv": [ 0.0, 12.0, 0.5, 16.0 ], "windMode": [0,1,1,0] },
						"south": { "texture": "#lavender", "uv": [ 0.0, 12.0, 0.5, 16.0 ], "windMode": [0,0,1,1] },
						"west": { "texture": "#lavender", "uv": [ 0.0, 12.0, 0.5, 16.0 ], "windMode": [0,0,1,1] }
					}
				},
				{
					"name": "ste13",
					"from": [ 0.77, 0.0, 1.13 ],
					"to": [ 0.92, 3.75, 1.28 ],
					"rotationOrigin": [ 0.84, 0.0, 1.2 ],
					"rotationY": 22.5,
					"faces": {
						"north": { "texture": "#lavender", "uv": [ 0.0, 12.5, 0.5, 16.0 ], "windMode": [0,1,1,0] },
						"east": { "texture": "#lavender", "uv": [ 0.0, 12.5, 0.5, 16.0 ], "windMode": [0,1,1,0] },
						"south": { "texture": "#lavender", "uv": [ 0.0, 12.5, 0.5, 16.0 ], "windMode": [0,0,1,1] },
						"west": { "texture": "#lavender", "uv": [ 0.0, 12.5, 0.5, 16.0 ], "windMode": [0,0,1,1] }
					}
				},
				{
					"name": "ste14",
					"from": [ 0.47, 0.0, 1.63 ],
					"to": [ 0.62, 3.55, 1.78 ],
					"rotationOrigin": [ 0.54, 0.0, 1.7 ],
					"faces": {
						"north": { "texture": "#lavender", "uv": [ 0.0, 12.5, 0.5, 16.0 ], "windMode": [0,1,1,0] },
						"east": { "texture": "#lavender", "uv": [ 0.0, 12.5, 0.5, 16.0 ], "windMode": [0,1,1,0] },
						"south": { "texture": "#lavender", "uv": [ 0.0, 12.5, 0.5, 16.0 ], "windMode": [0,0,1,1] },
						"west": { "texture": "#lavender", "uv": [ 0.0, 12.5, 0.5, 16.0 ], "windMode": [0,0,1,1] }
					}
				},
				{
					"name": "ste15",
					"from": [ -0.23, 0.0, 2.23 ],
					"to": [ -0.08, 4.0, 2.38 ],
					"rotationOrigin": [ -0.16, 0.0, 2.3 ],
					"rotationY": 45.0,
					"faces": {
						"north": { "texture": "#lavender", "uv": [ 0.0, 12.0, 0.5, 16.0 ], "windMode": [0,1,1,0] },
						"east": { "texture": "#lavender", "uv": [ 0.0, 12.0, 0.5, 16.0 ], "windMode": [0,1,1,0] },
						"south": { "texture": "#lavender", "uv": [ 0.0, 12.0, 0.5, 16.0 ], "windMode": [0,0,1,1] },
						"west": { "texture": "#lavender", "uv": [ 0.0, 12.0, 0.5, 16.0 ], "windMode": [0,0,1,1] }
					}
				},
				{
					"name": "ste16",
					"from": [ -1.02, 0.0, 2.42 ],
					"to": [ -0.87, 3.75, 2.57 ],
					"rotationOrigin": [ -0.96, 0.0, 2.5 ],
					"faces": {
						"north": { "texture": "#lavender", "uv": [ 0.0, 12.5, 0.5, 16.0 ], "windMode": [0,1,1,0] },
						"east": { "texture": "#lavender", "uv": [ 0.0, 12.5, 0.5, 16.0 ], "windMode": [0,1,1,0] },
						"south": { "texture": "#lavender", "uv": [ 0.0, 12.5, 0.5, 16.0 ], "windMode": [0,0,1,1] },
						"west": { "texture": "#lavender", "uv": [ 0.0, 12.5, 0.5, 16.0 ], "windMode": [0,0,1,1] }
					}
				},
				{
					"name": "ste17",
					"from": [ -1.52, 0.0, 1.63 ],
					"to": [ -1.37, 3.7, 1.78 ],
					"rotationOrigin": [ -1.46, 0.0, 1.7 ],
					"rotationY": 45.0,
					"faces": {
						"north": { "texture": "#lavender", "uv": [ 0.0, 12.5, 0.5, 16.0 ], "windMode": [0,1,1,0] },
						"east": { "texture": "#lavender", "uv": [ 0.0, 12.5, 0.5, 16.0 ], "windMode": [0,1,1,0] },
						"south": { "texture": "#lavender", "uv": [ 0.0, 12.5, 0.5, 16.0 ], "windMode": [0,0,1,1] },
						"west": { "texture": "#lavender", "uv": [ 0.0, 12.5, 0.5, 16.0 ], "windMode": [0,0,1,1] }
					}
				},
				{
					"name": "ste18",
					"from": [ -2.52, 0.0, 1.23 ],
					"to": [ -2.37, 4.0, 1.38 ],
					"rotationOrigin": [ -2.46, 0.0, 1.3 ],
					"faces": {
						"north": { "texture": "#lavender", "uv": [ 0.0, 12.0, 0.5, 16.0 ], "windMode": [0,1,1,0] },
						"east": { "texture": "#lavender", "uv": [ 0.0, 12.0, 0.5, 16.0 ], "windMode": [0,1,1,0] },
						"south": { "texture": "#lavender", "uv": [ 0.0, 12.0, 0.5, 16.0 ], "windMode": [0,0,1,1] },
						"west": { "texture": "#lavender", "uv": [ 0.0, 12.0, 0.5, 16.0 ], "windMode": [0,0,1,1] }
					}
				},
				{
					"name": "ste19",
					"from": [ -0.62, 0.0, 0.63 ],
					"to": [ -0.47, 3.65, 0.78 ],
					"rotationOrigin": [ -0.56, 0.0, 0.7 ],
					"faces": {
						"north": { "texture": "#lavender", "uv": [ 0.0, 12.5, 0.5, 16.0 ], "windMode": [0,1,1,0] },
						"east": { "texture": "#lavender", "uv": [ 0.0, 12.5, 0.5, 16.0 ], "windMode": [0,1,1,0] },
						"south": { "texture": "#lavender", "uv": [ 0.0, 12.5, 0.5, 16.0 ], "windMode": [0,0,1,1] },
						"west": { "texture": "#lavender", "uv": [ 0.0, 12.5, 0.5, 16.0 ], "windMode": [0,0,1,1] }
					}
				},
				{
					"name": "ste20",
					"from": [ -1.52, 0.0, -0.28 ],
					"to": [ -1.37, 4.0, -0.13 ],
					"rotationOrigin": [ -1.46, 0.0, -0.2 ],
					"rotationY": 22.5,
					"faces": {
						"north": { "texture": "#lavender", "uv": [ 0.0, 12.0, 0.5, 16.0 ], "windMode": [0,1,1,0] },
						"east": { "texture": "#lavender", "uv": [ 0.0, 12.0, 0.5, 16.0 ], "windMode": [0,1,1,0] },
						"south": { "texture": "#lavender", "uv": [ 0.0, 12.0, 0.5, 16.0 ], "windMode": [0,0,1,1] },
						"west": { "texture": "#lavender", "uv": [ 0.0, 12.0, 0.5, 16.0 ], "windMode": [0,0,1,1] }
					}
				},
				{
					"name": "ste21",
					"from": [ -3.03, 0.0, 0.03 ],
					"to": [ -2.88, 3.85, 0.18 ],
					"rotationOrigin": [ -2.96, 0.0, 0.1 ],
					"rotationY": 45.0,
					"faces": {
						"north": { "texture": "#lavender", "uv": [ 0.0, 12.5, 0.5, 16.0 ], "windMode": [0,1,1,0] },
						"east": { "texture": "#lavender", "uv": [ 0.0, 12.5, 0.5, 16.0 ], "windMode": [0,1,1,0] },
						"south": { "texture": "#lavender", "uv": [ 0.0, 12.5, 0.5, 16.0 ], "windMode": [0,0,1,1] },
						"west": { "texture": "#lavender", "uv": [ 0.0, 12.5, 0.5, 16.0 ], "windMode": [0,0,1,1] }
					}
				},
				{
					"name": "ste22",
					"from": [ -2.43, 0.0, -0.78 ],
					"to": [ -2.28, 3.75, -0.63 ],
					"rotationOrigin": [ -2.36, 0.0, -0.7 ],
					"faces": {
						"north": { "texture": "#lavender", "uv": [ 0.0, 12.5, 0.5, 16.0 ], "windMode": [0,1,1,0] },
						"east": { "texture": "#lavender", "uv": [ 0.0, 12.5, 0.5, 16.0 ], "windMode": [0,1,1,0] },
						"south": { "texture": "#lavender", "uv": [ 0.0, 12.5, 0.5, 16.0 ], "windMode": [0,0,1,1] },
						"west": { "texture": "#lavender", "uv": [ 0.0, 12.5, 0.5, 16.0 ], "windMode": [0,0,1,1] }
					}
				},
				{
					"name": "ste23",
					"from": [ -0.92, 0.0, -0.88 ],
					"to": [ -0.77, 3.65, -0.73 ],
					"rotationOrigin": [ -0.86, 0.0, -0.8 ],
					"rotationY": 22.5,
					"faces": {
						"north": { "texture": "#lavender", "uv": [ 0.0, 12.5, 0.5, 16.0 ], "windMode": [0,1,1,0] },
						"east": { "texture": "#lavender", "uv": [ 0.0, 12.5, 0.5, 16.0 ], "windMode": [0,1,1,0] },
						"south": { "texture": "#lavender", "uv": [ 0.0, 12.5, 0.5, 16.0 ], "windMode": [0,0,1,1] },
						"west": { "texture": "#lavender", "uv": [ 0.0, 12.5, 0.5, 16.0 ], "windMode": [0,0,1,1] }
					}
				},
				{
					"name": "ste24",
					"from": [ -0.82, 0.0, -1.97 ],
					"to": [ -0.67, 4.0, -1.82 ],
					"rotationOrigin": [ -0.76, 0.0, -1.9 ],
					"faces": {
						"north": { "texture": "#lavender", "uv": [ 0.0, 12.0, 0.5, 16.0 ], "windMode": [0,1,1,0] },
						"east": { "texture": "#lavender", "uv": [ 0.0, 12.0, 0.5, 16.0 ], "windMode": [0,1,1,0] },
						"south": { "texture": "#lavender", "uv": [ 0.0, 12.0, 0.5, 16.0 ], "windMode": [0,0,1,1] },
						"west": { "texture": "#lavender", "uv": [ 0.0, 12.0, 0.5, 16.0 ], "windMode": [0,0,1,1] }
					}
				},
				{
					"name": "ste25",
					"from": [ -2.13, 0.0, -1.87 ],
					"to": [ -1.98, 3.55, -1.72 ],
					"rotationOrigin": [ -2.06, 0.0, -1.8 ],
					"rotationY": 45.0,
					"faces": {
						"north": { "texture": "#lavender", "uv": [ 0.0, 12.5, 0.5, 16.0 ], "windMode": [0,1,1,0] },
						"east": { "texture": "#lavender", "uv": [ 0.0, 12.5, 0.5, 16.0 ], "windMode": [0,1,1,0] },
						"south": { "texture": "#lavender", "uv": [ 0.0, 12.5, 0.5, 16.0 ], "windMode": [0,0,1,1] },
						"west": { "texture": "#lavender", "uv": [ 0.0, 12.5, 0.5, 16.0 ], "windMode": [0,0,1,1] }
					}
				}
			]
		},
		{
			"name": "stemgroup2",
			"from": [ 8.0, 4.0, 8.0 ],
			"to": [ 8.0, 4.0, 8.0 ],
			"rotationOrigin": [ 8.0, 4.0, 8.0 ],
			"faces": {
			},
			"children": [
				{
					"name": "ste26",
					"from": [ 0.98, -0.35, 2.93 ],
					"to": [ 1.13, 3.3, 3.08 ],
					"rotationOrigin": [ 1.04, -0.37, 3.0 ],
					"rotationX": 11.0,
					"rotationY": 22.5,
					"faces": {
						"north": { "texture": "#lavender", "uv": [ 0.0, 12.5, 0.5, 16.0 ], "windMode": [1,1,1,1] },
						"east": { "texture": "#lavender", "uv": [ 0.0, 12.5, 0.5, 16.0 ], "windMode": [1,1,1,1] },
						"south": { "texture": "#lavender", "uv": [ 0.0, 12.5, 0.5, 16.0 ], "windMode": [1,1,1,1] },
						"west": { "texture": "#lavender", "uv": [ 0.0, 12.5, 0.5, 16.0 ], "windMode": [1,1,1,1] }
					},
					"children": [
						{
							"name": "bulb",
							"from": [ -0.05, 3.6, -0.05 ],
							"to": [ 0.2, 3.85, 0.2 ],
							"rotationOrigin": [ 0.06, 4.25, 0.07 ],
							"faces": {
								"north": { "texture": "#lavender", "uv": [ 4.0, 7.0, 2.5, 8.5 ], "autoUv": false, "windMode": [1,1,1,1] },
								"east": { "texture": "#lavender", "uv": [ 2.0, 6.0, 3.5, 7.5 ], "autoUv": false, "windMode": [1,1,1,1] },
								"south": { "texture": "#lavender", "uv": [ 3.0, 7.0, 4.5, 8.5 ], "autoUv": false, "windMode": [1,1,1,1] },
								"west": { "texture": "#lavender", "uv": [ 2.5, 8.5, 4.0, 10.0 ], "autoUv": false, "windMode": [1,1,1,1] },
								"up": { "texture": "#lavender", "uv": [ 2.5, 10.5, 3.0, 11.0 ], "windMode": [1,1,1,1] },
								"down": { "texture": "#lavender", "uv": [ 3.5, 10.0, 4.0, 10.5 ], "windMode": [1,1,1,1] }
							},
							"children": [
								{
									"name": "bulb2",
									"from": [ 0.01, 0.25, 0.01 ],
									"to": [ 0.24, 0.5, 0.24 ],
									"rotationOrigin": [ 0.11, 0.95, 0.12 ],
									"faces": {
										"north": { "texture": "#lavender", "uv": [ 3.5, 10.0, 2.0, 8.5 ], "autoUv": false, "windMode": [1,1,1,1] },
										"east": { "texture": "#lavender", "uv": [ 3.5, 11.5, 2.0, 10.0 ], "autoUv": false, "windMode": [1,1,1,1] },
										"south": { "texture": "#lavender", "uv": [ 4.5, 9.0, 3.0, 7.5 ], "autoUv": false, "windMode": [1,1,1,1] },
										"west": { "texture": "#lavender", "uv": [ 4.0, 9.0, 2.5, 7.5 ], "autoUv": false, "windMode": [1,1,1,1] },
										"up": { "texture": "#lavender", "uv": [ 4.0, 10.5, 2.5, 9.0 ], "autoUv": false, "windMode": [1,1,1,1] }
									}
								},
								{
									"name": "bulb4",
									"from": [ 0.02, 0.5, 0.02 ],
									"to": [ 0.23, 0.75, 0.23 ],
									"rotationOrigin": [ 0.11, 0.95, 0.12 ],
									"faces": {
										"north": { "texture": "#lavender", "uv": [ 4.0, 8.0, 2.5, 6.5 ], "autoUv": false, "windMode": [1,1,1,1] },
										"east": { "texture": "#lavender", "uv": [ 3.5, 9.5, 2.0, 8.0 ], "autoUv": false, "windMode": [1,1,1,1] },
										"south": { "texture": "#lavender", "uv": [ 4.5, 8.5, 3.0, 7.0 ], "autoUv": false, "windMode": [1,1,1,1] },
										"west": { "texture": "#lavender", "uv": [ 4.0, 8.5, 2.5, 7.0 ], "autoUv": false, "windMode": [1,1,1,1] },
										"up": { "texture": "#lavender", "uv": [ 4.5, 9.5, 3.0, 8.0 ], "autoUv": false, "windMode": [1,1,1,1] }
									}
								}
							]
						}
					]
				},
				{
					"name": "ste27",
					"from": [ 1.87, 0.0, 2.13 ],
					"to": [ 2.02, 4.0, 2.28 ],
					"rotationOrigin": [ 1.94, -0.03, 2.2 ],
					"rotationX": 15.0,
					"rotationY": 45.0,
					"rotationZ": -8.0,
					"faces": {
						"north": { "texture": "#lavender", "uv": [ 0.0, 12.0, 0.5, 16.0 ], "windMode": [1,1,1,1] },
						"east": { "texture": "#lavender", "uv": [ 0.0, 12.0, 0.5, 16.0 ], "windMode": [1,1,1,1] },
						"south": { "texture": "#lavender", "uv": [ 0.0, 12.0, 0.5, 16.0 ], "windMode": [1,1,1,1] },
						"west": { "texture": "#lavender", "uv": [ 0.0, 11.5, 0.5, 15.5 ], "windMode": [1,1,1,1] },
						"up": { "texture": "#lavender", "uv": [ 0.0, 15.0, 0.5, 15.5 ], "windMode": [1,1,1,1] }
					}
				},
				{
					"name": "ste28",
					"from": [ 2.77, -0.25, 0.83 ],
					"to": [ 2.92, 3.5, 0.98 ],
					"rotationOrigin": [ 2.84, -0.27, 0.9 ],
					"rotationX": 6.0,
					"rotationZ": -7.0,
					"faces": {
						"north": { "texture": "#lavender", "uv": [ 0.0, 12.5, 0.5, 16.0 ], "windMode": [1,1,1,1] },
						"east": { "texture": "#lavender", "uv": [ 0.0, 12.5, 0.5, 16.0 ], "windMode": [1,1,1,1] },
						"south": { "texture": "#lavender", "uv": [ 0.0, 12.5, 0.5, 16.0 ], "windMode": [1,1,1,1] },
						"west": { "texture": "#lavender", "uv": [ 0.0, 12.5, 0.5, 16.0 ], "windMode": [1,1,1,1] }
					},
					"children": [
						{
							"name": "bulb25",
							"from": [ -0.04, 3.7, -0.05 ],
							"to": [ 0.21, 3.95, 0.2 ],
							"rotationOrigin": [ 0.07, 4.35, 0.07 ],
							"faces": {
								"north": { "texture": "#lavender", "uv": [ 4.0, 7.0, 2.5, 8.5 ], "autoUv": false, "windMode": [1,1,1,1] },
								"east": { "texture": "#lavender", "uv": [ 2.0, 6.0, 3.5, 7.5 ], "autoUv": false, "windMode": [1,1,1,1] },
								"south": { "texture": "#lavender", "uv": [ 3.0, 7.0, 4.5, 8.5 ], "autoUv": false, "windMode": [1,1,1,1] },
								"west": { "texture": "#lavender", "uv": [ 2.5, 8.5, 4.0, 10.0 ], "autoUv": false, "windMode": [1,1,1,1] },
								"up": { "texture": "#lavender", "uv": [ 2.5, 10.5, 3.0, 11.0 ], "windMode": [1,1,1,1] },
								"down": { "texture": "#lavender", "uv": [ 3.5, 10.0, 4.0, 10.5 ], "windMode": [1,1,1,1] }
							},
							"children": [
								{
									"name": "bulb26",
									"from": [ 0.01, 0.25, 0.01 ],
									"to": [ 0.24, 0.5, 0.24 ],
									"rotationOrigin": [ 0.11, 0.95, 0.12 ],
									"faces": {
										"north": { "texture": "#lavender", "uv": [ 3.5, 10.0, 2.0, 8.5 ], "autoUv": false, "windMode": [1,1,1,1] },
										"east": { "texture": "#lavender", "uv": [ 3.5, 11.5, 2.0, 10.0 ], "autoUv": false, "windMode": [1,1,1,1] },
										"south": { "texture": "#lavender", "uv": [ 4.5, 9.0, 3.0, 7.5 ], "autoUv": false, "windMode": [1,1,1,1] },
										"west": { "texture": "#lavender", "uv": [ 4.0, 9.0, 2.5, 7.5 ], "autoUv": false, "windMode": [1,1,1,1] },
										"up": { "texture": "#lavender", "uv": [ 4.0, 10.5, 2.5, 9.0 ], "autoUv": false, "windMode": [1,1,1,1] }
									}
								},
								{
									"name": "bulb28",
									"from": [ 0.02, 0.5, 0.02 ],
									"to": [ 0.23, 0.75, 0.23 ],
									"rotationOrigin": [ 0.11, 0.95, 0.12 ],
									"faces": {
										"north": { "texture": "#lavender", "uv": [ 4.0, 8.0, 2.5, 6.5 ], "autoUv": false, "windMode": [1,1,1,1] },
										"east": { "texture": "#lavender", "uv": [ 3.5, 9.5, 2.0, 8.0 ], "autoUv": false, "windMode": [1,1,1,1] },
										"south": { "texture": "#lavender", "uv": [ 4.5, 8.5, 3.0, 7.0 ], "autoUv": false, "windMode": [1,1,1,1] },
										"west": { "texture": "#lavender", "uv": [ 4.0, 8.5, 2.5, 7.0 ], "autoUv": false, "windMode": [1,1,1,1] },
										"up": { "texture": "#lavender", "uv": [ 4.5, 9.5, 3.0, 8.0 ], "autoUv": false, "windMode": [1,1,1,1] }
									}
								}
							]
						}
					]
				},
				{
					"name": "ste29",
					"from": [ 1.87, -0.15, 0.23 ],
					"to": [ 2.02, 3.7, 0.38 ],
					"rotationOrigin": [ 1.94, -0.16, 0.3 ],
					"rotationX": 4.0,
					"rotationZ": -3.0,
					"faces": {
						"north": { "texture": "#lavender", "uv": [ 0.0, 12.5, 0.5, 16.0 ], "windMode": [1,1,1,1] },
						"east": { "texture": "#lavender", "uv": [ 0.0, 12.5, 0.5, 16.0 ], "windMode": [1,1,1,1] },
						"south": { "texture": "#lavender", "uv": [ 0.0, 12.5, 0.5, 16.0 ], "windMode": [1,1,1,1] },
						"west": { "texture": "#lavender", "uv": [ 0.0, 12.5, 0.5, 16.0 ], "windMode": [1,1,1,1] }
					},
					"children": [
						{
							"name": "bulb21",
							"from": [ -0.04, 3.8, -0.05 ],
							"to": [ 0.21, 4.05, 0.2 ],
							"rotationOrigin": [ 0.07, 4.45, 0.07 ],
							"faces": {
								"north": { "texture": "#lavender", "uv": [ 4.0, 7.0, 2.5, 8.5 ], "autoUv": false, "windMode": [1,1,1,1] },
								"east": { "texture": "#lavender", "uv": [ 2.0, 6.0, 3.5, 7.5 ], "autoUv": false, "windMode": [1,1,1,1] },
								"south": { "texture": "#lavender", "uv": [ 3.0, 7.0, 4.5, 8.5 ], "autoUv": false, "windMode": [1,1,1,1] },
								"west": { "texture": "#lavender", "uv": [ 2.5, 8.5, 4.0, 10.0 ], "autoUv": false, "windMode": [1,1,1,1] },
								"up": { "texture": "#lavender", "uv": [ 2.5, 10.5, 3.0, 11.0 ], "windMode": [1,1,1,1] },
								"down": { "texture": "#lavender", "uv": [ 3.5, 10.0, 4.0, 10.5 ], "windMode": [1,1,1,1] }
							},
							"children": [
								{
									"name": "bulb22",
									"from": [ 0.01, 0.25, 0.01 ],
									"to": [ 0.24, 0.5, 0.24 ],
									"rotationOrigin": [ 0.11, 0.95, 0.12 ],
									"faces": {
										"north": { "texture": "#lavender", "uv": [ 3.5, 10.0, 2.0, 8.5 ], "autoUv": false, "windMode": [1,1,1,1] },
										"east": { "texture": "#lavender", "uv": [ 3.5, 11.5, 2.0, 10.0 ], "autoUv": false, "windMode": [1,1,1,1] },
										"south": { "texture": "#lavender", "uv": [ 4.5, 9.0, 3.0, 7.5 ], "autoUv": false, "windMode": [1,1,1,1] },
										"west": { "texture": "#lavender", "uv": [ 4.0, 9.0, 2.5, 7.5 ], "autoUv": false, "windMode": [1,1,1,1] },
										"up": { "texture": "#lavender", "uv": [ 4.0, 10.5, 2.5, 9.0 ], "autoUv": false, "windMode": [1,1,1,1] }
									}
								},
								{
									"name": "bulb24",
									"from": [ 0.02, 0.5, 0.02 ],
									"to": [ 0.23, 0.75, 0.23 ],
									"rotationOrigin": [ 0.11, 0.95, 0.12 ],
									"faces": {
										"north": { "texture": "#lavender", "uv": [ 4.0, 8.0, 2.5, 6.5 ], "autoUv": false, "windMode": [1,1,1,1] },
										"east": { "texture": "#lavender", "uv": [ 3.5, 9.5, 2.0, 8.0 ], "autoUv": false, "windMode": [1,1,1,1] },
										"south": { "texture": "#lavender", "uv": [ 4.5, 8.5, 3.0, 7.0 ], "autoUv": false, "windMode": [1,1,1,1] },
										"west": { "texture": "#lavender", "uv": [ 4.0, 8.5, 2.5, 7.0 ], "autoUv": false, "windMode": [1,1,1,1] },
										"up": { "texture": "#lavender", "uv": [ 4.5, 9.5, 3.0, 8.0 ], "autoUv": false, "windMode": [1,1,1,1] }
									}
								}
							]
						}
					]
				},
				{
					"name": "ste30",
					"from": [ 2.67, -0.05, -0.27 ],
					"to": [ 2.82, 3.9, -0.12 ],
					"rotationOrigin": [ 2.74, -0.08, -0.2 ],
					"rotationX": 20.0,
					"rotationY": 45.0,
					"rotationZ": -18.0,
					"faces": {
						"north": { "texture": "#lavender", "uv": [ 0.0, 12.5, 0.5, 16.0 ], "windMode": [1,1,1,1] },
						"east": { "texture": "#lavender", "uv": [ 0.0, 12.5, 0.5, 16.0 ], "windMode": [1,1,1,1] },
						"south": { "texture": "#lavender", "uv": [ 0.0, 12.5, 0.5, 16.0 ], "windMode": [1,1,1,1] },
						"west": { "texture": "#lavender", "uv": [ 0.0, 12.5, 0.5, 16.0 ], "windMode": [1,1,1,1] },
						"up": { "texture": "#lavender", "uv": [ 0.0, 15.0, 0.5, 15.5 ], "windMode": [1,1,1,1] }
					}
				},
				{
					"name": "ste31",
					"from": [ 2.47, -0.35, -1.28 ],
					"to": [ 2.62, 3.3, -1.13 ],
					"rotationOrigin": [ 2.54, -0.37, -1.2 ],
					"rotationX": -4.0,
					"rotationZ": -12.0,
					"faces": {
						"north": { "texture": "#lavender", "uv": [ 0.0, 12.5, 0.5, 16.0 ], "windMode": [1,1,1,1] },
						"east": { "texture": "#lavender", "uv": [ 0.0, 12.5, 0.5, 16.0 ], "windMode": [1,1,1,1] },
						"south": { "texture": "#lavender", "uv": [ 0.0, 12.5, 0.5, 16.0 ], "windMode": [1,1,1,1] },
						"west": { "texture": "#lavender", "uv": [ 0.0, 12.5, 0.5, 16.0 ], "windMode": [1,1,1,1] }
					},
					"children": [
						{
							"name": "bulb29",
							"from": [ -0.04, 3.6, -0.04 ],
							"to": [ 0.21, 3.85, 0.21 ],
							"rotationOrigin": [ 0.07, 4.25, 0.08 ],
							"faces": {
								"north": { "texture": "#lavender", "uv": [ 4.0, 7.0, 2.5, 8.5 ], "autoUv": false, "windMode": [1,1,1,1] },
								"east": { "texture": "#lavender", "uv": [ 2.0, 6.0, 3.5, 7.5 ], "autoUv": false, "windMode": [1,1,1,1] },
								"south": { "texture": "#lavender", "uv": [ 3.0, 7.0, 4.5, 8.5 ], "autoUv": false, "windMode": [1,1,1,1] },
								"west": { "texture": "#lavender", "uv": [ 2.5, 8.5, 4.0, 10.0 ], "autoUv": false, "windMode": [1,1,1,1] },
								"up": { "texture": "#lavender", "uv": [ 2.5, 10.5, 3.0, 11.0 ], "windMode": [1,1,1,1] },
								"down": { "texture": "#lavender", "uv": [ 3.5, 10.0, 4.0, 10.5 ], "windMode": [1,1,1,1] }
							},
							"children": [
								{
									"name": "bulb30",
									"from": [ 0.01, 0.25, 0.01 ],
									"to": [ 0.24, 0.5, 0.24 ],
									"rotationOrigin": [ 0.11, 0.95, 0.12 ],
									"faces": {
										"north": { "texture": "#lavender", "uv": [ 3.5, 10.0, 2.0, 8.5 ], "autoUv": false, "windMode": [1,1,1,1] },
										"east": { "texture": "#lavender", "uv": [ 3.5, 11.5, 2.0, 10.0 ], "autoUv": false, "windMode": [1,1,1,1] },
										"south": { "texture": "#lavender", "uv": [ 4.5, 9.0, 3.0, 7.5 ], "autoUv": false, "windMode": [1,1,1,1] },
										"west": { "texture": "#lavender", "uv": [ 4.0, 9.0, 2.5, 7.5 ], "autoUv": false, "windMode": [1,1,1,1] },
										"up": { "texture": "#lavender", "uv": [ 4.0, 10.5, 2.5, 9.0 ], "autoUv": false, "windMode": [1,1,1,1] }
									}
								},
								{
									"name": "bulb32",
									"from": [ 0.02, 0.5, 0.02 ],
									"to": [ 0.23, 0.75, 0.23 ],
									"rotationOrigin": [ 0.11, 0.95, 0.12 ],
									"faces": {
										"north": { "texture": "#lavender", "uv": [ 4.0, 8.0, 2.5, 6.5 ], "autoUv": false, "windMode": [1,1,1,1] },
										"east": { "texture": "#lavender", "uv": [ 3.5, 9.5, 2.0, 8.0 ], "autoUv": false, "windMode": [1,1,1,1] },
										"south": { "texture": "#lavender", "uv": [ 4.5, 8.5, 3.0, 7.0 ], "autoUv": false, "windMode": [1,1,1,1] },
										"west": { "texture": "#lavender", "uv": [ 4.0, 8.5, 2.5, 7.0 ], "autoUv": false, "windMode": [1,1,1,1] },
										"up": { "texture": "#lavender", "uv": [ 4.5, 9.5, 3.0, 8.0 ], "autoUv": false, "windMode": [1,1,1,1] }
									}
								}
							]
						}
					]
				},
				{
					"name": "ste32",
					"from": [ 1.47, -0.05, -1.27 ],
					"to": [ 1.62, 3.9, -1.12 ],
					"rotationOrigin": [ 1.54, -0.06, -1.2 ],
					"rotationX": -3.0,
					"rotationY": 22.5,
					"rotationZ": -4.0,
					"faces": {
						"north": { "texture": "#lavender", "uv": [ 0.0, 12.5, 0.5, 16.0 ], "windMode": [1,1,1,1] },
						"east": { "texture": "#lavender", "uv": [ 0.0, 12.5, 0.5, 16.0 ], "windMode": [1,1,1,1] },
						"south": { "texture": "#lavender", "uv": [ 0.0, 12.5, 0.5, 16.0 ], "windMode": [1,1,1,1] },
						"west": { "texture": "#lavender", "uv": [ 0.0, 12.5, 0.5, 16.0 ], "windMode": [1,1,1,1] },
						"up": { "texture": "#lavender", "uv": [ 0.0, 15.0, 0.5, 15.5 ], "windMode": [1,1,1,1] }
					}
				},
				{
					"name": "ste33",
					"from": [ 2.37, -0.35, -2.27 ],
					"to": [ 2.52, 3.3, -2.12 ],
					"rotationOrigin": [ 2.44, -0.37, -2.2 ],
					"rotationX": 3.0,
					"rotationY": 45.0,
					"rotationZ": -13.0,
					"faces": {
						"north": { "texture": "#lavender", "uv": [ 0.0, 12.5, 0.5, 16.0 ], "windMode": [1,1,1,1] },
						"east": { "texture": "#lavender", "uv": [ 0.0, 12.5, 0.5, 16.0 ], "windMode": [1,1,1,1] },
						"south": { "texture": "#lavender", "uv": [ 0.0, 12.5, 0.5, 16.0 ], "windMode": [1,1,1,1] },
						"west": { "texture": "#lavender", "uv": [ 0.0, 12.5, 0.5, 16.0 ], "windMode": [1,1,1,1] },
						"up": { "texture": "#lavender", "uv": [ 0.0, 15.0, 0.5, 15.5 ], "windMode": [1,1,1,1] }
					}
				},
				{
					"name": "ste34",
					"from": [ 1.47, 0.0, -2.77 ],
					"to": [ 1.62, 4.0, -2.62 ],
					"rotationOrigin": [ 1.54, -0.02, -2.7 ],
					"rotationX": -10.0,
					"rotationZ": -4.0,
					"faces": {
						"north": { "texture": "#lavender", "uv": [ 0.0, 12.0, 0.5, 16.0 ], "windMode": [1,1,1,1] },
						"east": { "texture": "#lavender", "uv": [ 0.0, 12.0, 0.5, 16.0 ], "windMode": [1,1,1,1] },
						"south": { "texture": "#lavender", "uv": [ 0.0, 12.0, 0.5, 16.0 ], "windMode": [1,1,1,1] },
						"west": { "texture": "#lavender", "uv": [ 0.0, 12.0, 0.5, 16.0 ], "windMode": [1,1,1,1] }
					},
					"children": [
						{
							"name": "bulb37",
							"from": [ -0.04, 3.95, -0.05 ],
							"to": [ 0.21, 4.2, 0.2 ],
							"rotationOrigin": [ 0.07, 4.6, 0.07 ],
							"faces": {
								"north": { "texture": "#lavender", "uv": [ 4.0, 7.0, 2.5, 8.5 ], "autoUv": false, "windMode": [1,1,1,1] },
								"east": { "texture": "#lavender", "uv": [ 2.0, 6.0, 3.5, 7.5 ], "autoUv": false, "windMode": [1,1,1,1] },
								"south": { "texture": "#lavender", "uv": [ 3.0, 7.0, 4.5, 8.5 ], "autoUv": false, "windMode": [1,1,1,1] },
								"west": { "texture": "#lavender", "uv": [ 2.5, 8.5, 4.0, 10.0 ], "autoUv": false, "windMode": [1,1,1,1] },
								"up": { "texture": "#lavender", "uv": [ 2.5, 10.5, 3.0, 11.0 ], "windMode": [1,1,1,1] },
								"down": { "texture": "#lavender", "uv": [ 3.5, 10.0, 4.0, 10.5 ], "windMode": [1,1,1,1] }
							},
							"children": [
								{
									"name": "bulb38",
									"from": [ 0.01, 0.25, 0.01 ],
									"to": [ 0.24, 0.5, 0.24 ],
									"rotationOrigin": [ 0.11, 0.95, 0.12 ],
									"faces": {
										"north": { "texture": "#lavender", "uv": [ 3.5, 10.0, 2.0, 8.5 ], "autoUv": false, "windMode": [1,1,1,1] },
										"east": { "texture": "#lavender", "uv": [ 3.5, 11.5, 2.0, 10.0 ], "autoUv": false, "windMode": [1,1,1,1] },
										"south": { "texture": "#lavender", "uv": [ 4.5, 9.0, 3.0, 7.5 ], "autoUv": false, "windMode": [1,1,1,1] },
										"west": { "texture": "#lavender", "uv": [ 4.0, 9.0, 2.5, 7.5 ], "autoUv": false, "windMode": [1,1,1,1] },
										"up": { "texture": "#lavender", "uv": [ 4.0, 10.5, 2.5, 9.0 ], "autoUv": false, "windMode": [1,1,1,1] }
									}
								},
								{
									"name": "bulb40",
									"from": [ 0.02, 0.5, 0.02 ],
									"to": [ 0.23, 0.75, 0.23 ],
									"rotationOrigin": [ 0.11, 0.95, 0.12 ],
									"faces": {
										"north": { "texture": "#lavender", "uv": [ 4.0, 8.0, 2.5, 6.5 ], "autoUv": false, "windMode": [1,1,1,1] },
										"east": { "texture": "#lavender", "uv": [ 3.5, 9.5, 2.0, 8.0 ], "autoUv": false, "windMode": [1,1,1,1] },
										"south": { "texture": "#lavender", "uv": [ 4.5, 8.5, 3.0, 7.0 ], "autoUv": false, "windMode": [1,1,1,1] },
										"west": { "texture": "#lavender", "uv": [ 4.0, 8.5, 2.5, 7.0 ], "autoUv": false, "windMode": [1,1,1,1] },
										"up": { "texture": "#lavender", "uv": [ 4.5, 9.5, 3.0, 8.0 ], "autoUv": false, "windMode": [1,1,1,1] }
									}
								}
							]
						}
					]
				},
				{
					"name": "ste35",
					"from": [ 0.17, -0.45, -3.37 ],
					"to": [ 0.32, 3.05, -3.22 ],
					"rotationOrigin": [ 0.24, -0.46, -3.3 ],
					"rotationX": -8.0,
					"rotationY": 45.0,
					"faces": {
						"north": { "texture": "#lavender", "uv": [ 0.0, 12.5, 0.5, 16.0 ], "windMode": [1,1,1,1] },
						"east": { "texture": "#lavender", "uv": [ 0.0, 12.5, 0.5, 16.0 ], "windMode": [1,1,1,1] },
						"south": { "texture": "#lavender", "uv": [ 0.0, 12.5, 0.5, 16.0 ], "windMode": [1,1,1,1] },
						"west": { "texture": "#lavender", "uv": [ 0.0, 12.5, 0.5, 16.0 ], "windMode": [1,1,1,1] },
						"up": { "texture": "#lavender", "uv": [ 0.0, 15.0, 0.5, 15.5 ], "windMode": [1,1,1,1] }
					}
				},
				{
					"name": "ste36",
					"from": [ 0.47, -0.25, -1.87 ],
					"to": [ 0.62, 3.5, -1.72 ],
					"rotationOrigin": [ 0.54, -0.26, -1.8 ],
					"rotationX": -3.0,
					"rotationY": 22.5,
					"rotationZ": -1.0,
					"faces": {
						"north": { "texture": "#lavender", "uv": [ 0.0, 12.5, 0.5, 16.0 ], "windMode": [1,1,1,1] },
						"east": { "texture": "#lavender", "uv": [ 0.0, 12.5, 0.5, 16.0 ], "windMode": [1,1,1,1] },
						"south": { "texture": "#lavender", "uv": [ 0.0, 12.5, 0.5, 16.0 ], "windMode": [1,1,1,1] },
						"west": { "texture": "#lavender", "uv": [ 0.0, 12.5, 0.5, 16.0 ], "windMode": [1,1,1,1] },
						"up": { "texture": "#lavender", "uv": [ 0.0, 15.0, 0.5, 15.5 ], "windMode": [1,1,1,1] }
					}
				},
				{
					"name": "ste37",
					"from": [ 0.37, 0.0, -0.17 ],
					"to": [ 0.52, 4.0, -0.02 ],
					"rotationOrigin": [ 0.44, 0.0, -0.1 ],
					"faces": {
						"north": { "texture": "#lavender", "uv": [ 0.0, 12.0, 0.5, 16.0 ], "windMode": [1,1,1,1] },
						"east": { "texture": "#lavender", "uv": [ 0.0, 12.0, 0.5, 16.0 ], "windMode": [1,1,1,1] },
						"south": { "texture": "#lavender", "uv": [ 0.0, 12.0, 0.5, 16.0 ], "windMode": [1,1,1,1] },
						"west": { "texture": "#lavender", "uv": [ 0.0, 12.0, 0.5, 16.0 ], "windMode": [1,1,1,1] }
					},
					"children": [
						{
							"name": "bulb17",
							"from": [ -0.04, 3.95, -0.05 ],
							"to": [ 0.21, 4.2, 0.2 ],
							"rotationOrigin": [ 0.07, 4.6, 0.07 ],
							"faces": {
								"north": { "texture": "#lavender", "uv": [ 4.0, 7.0, 2.5, 8.5 ], "autoUv": false, "windMode": [1,1,1,1] },
								"east": { "texture": "#lavender", "uv": [ 2.0, 6.0, 3.5, 7.5 ], "autoUv": false, "windMode": [1,1,1,1] },
								"south": { "texture": "#lavender", "uv": [ 3.0, 7.0, 4.5, 8.5 ], "autoUv": false, "windMode": [1,1,1,1] },
								"west": { "texture": "#lavender", "uv": [ 2.5, 8.5, 4.0, 10.0 ], "autoUv": false, "windMode": [1,1,1,1] },
								"up": { "texture": "#lavender", "uv": [ 2.5, 10.5, 3.0, 11.0 ], "windMode": [1,1,1,1] },
								"down": { "texture": "#lavender", "uv": [ 3.5, 10.0, 4.0, 10.5 ], "windMode": [1,1,1,1] }
							},
							"children": [
								{
									"name": "bulb18",
									"from": [ 0.01, 0.25, 0.01 ],
									"to": [ 0.24, 0.5, 0.24 ],
									"rotationOrigin": [ 0.11, 0.95, 0.12 ],
									"faces": {
										"north": { "texture": "#lavender", "uv": [ 3.5, 10.0, 2.0, 8.5 ], "autoUv": false, "windMode": [1,1,1,1] },
										"east": { "texture": "#lavender", "uv": [ 3.5, 11.5, 2.0, 10.0 ], "autoUv": false, "windMode": [1,1,1,1] },
										"south": { "texture": "#lavender", "uv": [ 4.5, 9.0, 3.0, 7.5 ], "autoUv": false, "windMode": [1,1,1,1] },
										"west": { "texture": "#lavender", "uv": [ 4.0, 9.0, 2.5, 7.5 ], "autoUv": false, "windMode": [1,1,1,1] },
										"up": { "texture": "#lavender", "uv": [ 4.0, 10.5, 2.5, 9.0 ], "autoUv": false, "windMode": [1,1,1,1] }
									}
								},
								{
									"name": "bulb20",
									"from": [ 0.02, 0.5, 0.02 ],
									"to": [ 0.23, 0.75, 0.23 ],
									"rotationOrigin": [ 0.11, 0.95, 0.12 ],
									"faces": {
										"north": { "texture": "#lavender", "uv": [ 4.0, 8.0, 2.5, 6.5 ], "autoUv": false, "windMode": [1,1,1,1] },
										"east": { "texture": "#lavender", "uv": [ 3.5, 9.5, 2.0, 8.0 ], "autoUv": false, "windMode": [1,1,1,1] },
										"south": { "texture": "#lavender", "uv": [ 4.5, 8.5, 3.0, 7.0 ], "autoUv": false, "windMode": [1,1,1,1] },
										"west": { "texture": "#lavender", "uv": [ 4.0, 8.5, 2.5, 7.0 ], "autoUv": false, "windMode": [1,1,1,1] },
										"up": { "texture": "#lavender", "uv": [ 4.5, 9.5, 3.0, 8.0 ], "autoUv": false, "windMode": [1,1,1,1] }
									}
								}
							]
						}
					]
				},
				{
					"name": "ste38",
					"from": [ 0.77, -0.25, 1.13 ],
					"to": [ 0.92, 3.5, 1.28 ],
					"rotationOrigin": [ 0.84, -0.26, 1.2 ],
					"rotationX": 2.0,
					"rotationY": 22.5,
					"rotationZ": -3.0,
					"faces": {
						"north": { "texture": "#lavender", "uv": [ 0.0, 12.5, 0.5, 16.0 ], "windMode": [1,1,1,1] },
						"east": { "texture": "#lavender", "uv": [ 0.0, 12.5, 0.5, 16.0 ], "windMode": [1,1,1,1] },
						"south": { "texture": "#lavender", "uv": [ 0.0, 12.5, 0.5, 16.0 ], "windMode": [1,1,1,1] },
						"west": { "texture": "#lavender", "uv": [ 0.0, 12.5, 0.5, 16.0 ], "windMode": [1,1,1,1] },
						"up": { "texture": "#lavender", "uv": [ 0.0, 15.0, 0.5, 15.5 ], "windMode": [1,1,1,1] }
					}
				},
				{
					"name": "ste39",
					"from": [ 0.47, -0.45, 1.63 ],
					"to": [ 0.62, 3.1, 1.78 ],
					"rotationOrigin": [ 0.54, -0.46, 1.7 ],
					"rotationX": 4.0,
					"rotationZ": -3.0,
					"faces": {
						"north": { "texture": "#lavender", "uv": [ 0.0, 12.5, 0.5, 16.0 ], "windMode": [1,1,1,1] },
						"east": { "texture": "#lavender", "uv": [ 0.0, 12.5, 0.5, 16.0 ], "windMode": [1,1,1,1] },
						"south": { "texture": "#lavender", "uv": [ 0.0, 12.5, 0.5, 16.0 ], "windMode": [1,1,1,1] },
						"west": { "texture": "#lavender", "uv": [ 0.0, 12.5, 0.5, 16.0 ], "windMode": [1,1,1,1] }
					},
					"children": [
						{
							"name": "bulb13",
							"from": [ -0.04, 3.5, -0.05 ],
							"to": [ 0.21, 3.75, 0.2 ],
							"rotationOrigin": [ 0.07, 4.15, 0.07 ],
							"faces": {
								"north": { "texture": "#lavender", "uv": [ 4.0, 7.0, 2.5, 8.5 ], "autoUv": false, "windMode": [1,1,1,1] },
								"east": { "texture": "#lavender", "uv": [ 2.0, 6.0, 3.5, 7.5 ], "autoUv": false, "windMode": [1,1,1,1] },
								"south": { "texture": "#lavender", "uv": [ 3.0, 7.0, 4.5, 8.5 ], "autoUv": false, "windMode": [1,1,1,1] },
								"west": { "texture": "#lavender", "uv": [ 2.5, 8.5, 4.0, 10.0 ], "autoUv": false, "windMode": [1,1,1,1] },
								"up": { "texture": "#lavender", "uv": [ 2.5, 10.5, 3.0, 11.0 ], "windMode": [1,1,1,1] },
								"down": { "texture": "#lavender", "uv": [ 3.5, 10.0, 4.0, 10.5 ], "windMode": [1,1,1,1] }
							},
							"children": [
								{
									"name": "bulb14",
									"from": [ 0.01, 0.25, 0.01 ],
									"to": [ 0.24, 0.5, 0.24 ],
									"rotationOrigin": [ 0.11, 0.95, 0.12 ],
									"faces": {
										"north": { "texture": "#lavender", "uv": [ 3.5, 10.0, 2.0, 8.5 ], "autoUv": false, "windMode": [1,1,1,1] },
										"east": { "texture": "#lavender", "uv": [ 3.5, 11.5, 2.0, 10.0 ], "autoUv": false, "windMode": [1,1,1,1] },
										"south": { "texture": "#lavender", "uv": [ 4.5, 9.0, 3.0, 7.5 ], "autoUv": false, "windMode": [1,1,1,1] },
										"west": { "texture": "#lavender", "uv": [ 4.0, 9.0, 2.5, 7.5 ], "autoUv": false, "windMode": [1,1,1,1] },
										"up": { "texture": "#lavender", "uv": [ 4.0, 10.5, 2.5, 9.0 ], "autoUv": false, "windMode": [1,1,1,1] }
									}
								},
								{
									"name": "bulb16",
									"from": [ 0.02, 0.5, 0.02 ],
									"to": [ 0.23, 0.75, 0.23 ],
									"rotationOrigin": [ 0.11, 0.95, 0.12 ],
									"faces": {
										"north": { "texture": "#lavender", "uv": [ 4.0, 8.0, 2.5, 6.5 ], "autoUv": false, "windMode": [1,1,1,1] },
										"east": { "texture": "#lavender", "uv": [ 3.5, 9.5, 2.0, 8.0 ], "autoUv": false, "windMode": [1,1,1,1] },
										"south": { "texture": "#lavender", "uv": [ 4.5, 8.5, 3.0, 7.0 ], "autoUv": false, "windMode": [1,1,1,1] },
										"west": { "texture": "#lavender", "uv": [ 4.0, 8.5, 2.5, 7.0 ], "autoUv": false, "windMode": [1,1,1,1] },
										"up": { "texture": "#lavender", "uv": [ 4.5, 9.5, 3.0, 8.0 ], "autoUv": false, "windMode": [1,1,1,1] }
									}
								}
							]
						}
					]
				},
				{
					"name": "ste40",
					"from": [ -0.23, 0.0, 2.23 ],
					"to": [ -0.08, 4.0, 2.38 ],
					"rotationOrigin": [ -0.16, -0.01, 2.3 ],
					"rotationX": 7.0,
					"rotationY": 45.0,
					"faces": {
						"north": { "texture": "#lavender", "uv": [ 0.0, 12.0, 0.5, 16.0 ], "windMode": [1,1,1,1] },
						"east": { "texture": "#lavender", "uv": [ 0.0, 12.0, 0.5, 16.0 ], "windMode": [1,1,1,1] },
						"south": { "texture": "#lavender", "uv": [ 0.0, 12.0, 0.5, 16.0 ], "windMode": [1,1,1,1] },
						"west": { "texture": "#lavender", "uv": [ 0.0, 12.0, 0.5, 16.0 ], "windMode": [1,1,1,1] },
						"up": { "texture": "#lavender", "uv": [ 0.0, 15.0, 0.5, 15.5 ], "windMode": [1,1,1,1] }
					}
				},
				{
					"name": "ste41",
					"from": [ -1.02, -0.25, 2.42 ],
					"to": [ -0.87, 3.5, 2.57 ],
					"rotationOrigin": [ -0.96, -0.25, 2.5 ],
					"rotationX": 10.0,
					"faces": {
						"north": { "texture": "#lavender", "uv": [ 0.0, 12.5, 0.5, 16.0 ], "windMode": [1,1,1,1] },
						"east": { "texture": "#lavender", "uv": [ 0.0, 12.5, 0.5, 16.0 ], "windMode": [1,1,1,1] },
						"south": { "texture": "#lavender", "uv": [ 0.0, 12.5, 0.5, 16.0 ], "windMode": [1,1,1,1] },
						"west": { "texture": "#lavender", "uv": [ 0.0, 12.5, 0.5, 16.0 ], "windMode": [1,1,1,1] }
					},
					"children": [
						{
							"name": "bulb5",
							"from": [ -0.05, 3.7, -0.04 ],
							"to": [ 0.2, 3.95, 0.21 ],
							"rotationOrigin": [ 0.06, 4.35, 0.08 ],
							"faces": {
								"north": { "texture": "#lavender", "uv": [ 4.0, 7.0, 2.5, 8.5 ], "autoUv": false, "windMode": [1,1,1,1] },
								"east": { "texture": "#lavender", "uv": [ 2.0, 6.0, 3.5, 7.5 ], "autoUv": false, "windMode": [1,1,1,1] },
								"south": { "texture": "#lavender", "uv": [ 3.0, 7.0, 4.5, 8.5 ], "autoUv": false, "windMode": [1,1,1,1] },
								"west": { "texture": "#lavender", "uv": [ 2.5, 8.5, 4.0, 10.0 ], "autoUv": false, "windMode": [1,1,1,1] },
								"up": { "texture": "#lavender", "uv": [ 2.5, 10.5, 3.0, 11.0 ], "windMode": [1,1,1,1] },
								"down": { "texture": "#lavender", "uv": [ 3.5, 10.0, 4.0, 10.5 ], "windMode": [1,1,1,1] }
							},
							"children": [
								{
									"name": "bulb6",
									"from": [ 0.01, 0.25, 0.01 ],
									"to": [ 0.24, 0.5, 0.24 ],
									"rotationOrigin": [ 0.11, 0.95, 0.12 ],
									"faces": {
										"north": { "texture": "#lavender", "uv": [ 3.5, 10.0, 2.0, 8.5 ], "autoUv": false, "windMode": [1,1,1,1] },
										"east": { "texture": "#lavender", "uv": [ 3.5, 11.5, 2.0, 10.0 ], "autoUv": false, "windMode": [1,1,1,1] },
										"south": { "texture": "#lavender", "uv": [ 4.5, 9.0, 3.0, 7.5 ], "autoUv": false, "windMode": [1,1,1,1] },
										"west": { "texture": "#lavender", "uv": [ 4.0, 9.0, 2.5, 7.5 ], "autoUv": false, "windMode": [1,1,1,1] },
										"up": { "texture": "#lavender", "uv": [ 4.0, 10.5, 2.5, 9.0 ], "autoUv": false, "windMode": [1,1,1,1] }
									}
								},
								{
									"name": "bulb8",
									"from": [ 0.02, 0.5, 0.02 ],
									"to": [ 0.23, 0.75, 0.23 ],
									"rotationOrigin": [ 0.11, 0.95, 0.12 ],
									"faces": {
										"north": { "texture": "#lavender", "uv": [ 4.0, 8.0, 2.5, 6.5 ], "autoUv": false, "windMode": [1,1,1,1] },
										"east": { "texture": "#lavender", "uv": [ 3.5, 9.5, 2.0, 8.0 ], "autoUv": false, "windMode": [1,1,1,1] },
										"south": { "texture": "#lavender", "uv": [ 4.5, 8.5, 3.0, 7.0 ], "autoUv": false, "windMode": [1,1,1,1] },
										"west": { "texture": "#lavender", "uv": [ 4.0, 8.5, 2.5, 7.0 ], "autoUv": false, "windMode": [1,1,1,1] },
										"up": { "texture": "#lavender", "uv": [ 4.5, 9.5, 3.0, 8.0 ], "autoUv": false, "windMode": [1,1,1,1] }
									}
								}
							]
						}
					]
				},
				{
					"name": "ste42",
					"from": [ -1.52, -0.3, 1.63 ],
					"to": [ -1.37, 3.4, 1.78 ],
					"rotationOrigin": [ -1.46, -0.3, 1.7 ],
					"rotationY": 45.0,
					"rotationZ": 20.0,
					"faces": {
						"north": { "texture": "#lavender", "uv": [ 0.0, 12.5, 0.5, 16.0 ], "windMode": [1,1,1,1] },
						"east": { "texture": "#lavender", "uv": [ 0.0, 12.5, 0.5, 16.0 ], "windMode": [1,1,1,1] },
						"south": { "texture": "#lavender", "uv": [ 0.0, 12.5, 0.5, 16.0 ], "windMode": [1,1,1,1] },
						"west": { "texture": "#lavender", "uv": [ 0.0, 12.5, 0.5, 16.0 ], "windMode": [1,1,1,1] },
						"up": { "texture": "#lavender", "uv": [ 0.0, 15.0, 0.5, 15.5 ], "windMode": [1,1,1,1] }
					}
				},
				{
					"name": "ste43",
					"from": [ -2.52, 0.0, 1.23 ],
					"to": [ -2.37, 4.0, 1.38 ],
					"rotationOrigin": [ -2.46, 0.0, 1.3 ],
					"rotationZ": 15.0,
					"faces": {
						"north": { "texture": "#lavender", "uv": [ 0.0, 12.0, 0.5, 16.0 ], "windMode": [1,1,1,1] },
						"east": { "texture": "#lavender", "uv": [ 0.0, 12.0, 0.5, 16.0 ], "windMode": [1,1,1,1] },
						"south": { "texture": "#lavender", "uv": [ 0.0, 12.0, 0.5, 16.0 ], "windMode": [1,1,1,1] },
						"west": { "texture": "#lavender", "uv": [ 0.0, 12.0, 0.5, 16.0 ], "windMode": [1,1,1,1] }
					},
					"children": [
						{
							"name": "bulb45",
							"from": [ -0.05, 3.95, -0.05 ],
							"to": [ 0.2, 4.2, 0.2 ],
							"rotationOrigin": [ 0.06, 4.6, 0.07 ],
							"faces": {
								"north": { "texture": "#lavender", "uv": [ 4.0, 7.0, 2.5, 8.5 ], "autoUv": false, "windMode": [1,1,1,1] },
								"east": { "texture": "#lavender", "uv": [ 2.0, 6.0, 3.5, 7.5 ], "autoUv": false, "windMode": [1,1,1,1] },
								"south": { "texture": "#lavender", "uv": [ 3.0, 7.0, 4.5, 8.5 ], "autoUv": false, "windMode": [1,1,1,1] },
								"west": { "texture": "#lavender", "uv": [ 2.5, 8.5, 4.0, 10.0 ], "autoUv": false, "windMode": [1,1,1,1] },
								"up": { "texture": "#lavender", "uv": [ 2.5, 10.5, 3.0, 11.0 ], "windMode": [1,1,1,1] },
								"down": { "texture": "#lavender", "uv": [ 3.5, 10.0, 4.0, 10.5 ], "windMode": [1,1,1,1] }
							},
							"children": [
								{
									"name": "bulb46",
									"from": [ 0.01, 0.25, 0.01 ],
									"to": [ 0.24, 0.5, 0.24 ],
									"rotationOrigin": [ 0.11, 0.95, 0.12 ],
									"faces": {
										"north": { "texture": "#lavender", "uv": [ 3.5, 10.0, 2.0, 8.5 ], "autoUv": false, "windMode": [1,1,1,1] },
										"east": { "texture": "#lavender", "uv": [ 3.5, 11.5, 2.0, 10.0 ], "autoUv": false, "windMode": [1,1,1,1] },
										"south": { "texture": "#lavender", "uv": [ 4.5, 9.0, 3.0, 7.5 ], "autoUv": false, "windMode": [1,1,1,1] },
										"west": { "texture": "#lavender", "uv": [ 4.0, 9.0, 2.5, 7.5 ], "autoUv": false, "windMode": [1,1,1,1] },
										"up": { "texture": "#lavender", "uv": [ 4.0, 10.5, 2.5, 9.0 ], "autoUv": false, "windMode": [1,1,1,1] }
									}
								},
								{
									"name": "bulb48",
									"from": [ 0.02, 0.5, 0.02 ],
									"to": [ 0.23, 0.75, 0.23 ],
									"rotationOrigin": [ 0.11, 0.95, 0.12 ],
									"faces": {
										"north": { "texture": "#lavender", "uv": [ 4.0, 8.0, 2.5, 6.5 ], "autoUv": false, "windMode": [1,1,1,1] },
										"east": { "texture": "#lavender", "uv": [ 3.5, 9.5, 2.0, 8.0 ], "autoUv": false, "windMode": [1,1,1,1] },
										"south": { "texture": "#lavender", "uv": [ 4.5, 8.5, 3.0, 7.0 ], "autoUv": false, "windMode": [1,1,1,1] },
										"west": { "texture": "#lavender", "uv": [ 4.0, 8.5, 2.5, 7.0 ], "autoUv": false, "windMode": [1,1,1,1] },
										"up": { "texture": "#lavender", "uv": [ 4.5, 9.5, 3.0, 8.0 ], "autoUv": false, "windMode": [1,1,1,1] }
									}
								}
							]
						}
					]
				},
				{
					"name": "ste44",
					"from": [ -0.62, -0.35, 0.63 ],
					"to": [ -0.47, 3.3, 0.78 ],
					"rotationOrigin": [ -0.56, -0.36, 0.7 ],
					"rotationX": 3.0,
					"rotationZ": 4.0,
					"faces": {
						"north": { "texture": "#lavender", "uv": [ 0.0, 12.5, 0.5, 16.0 ], "windMode": [1,1,1,1] },
						"east": { "texture": "#lavender", "uv": [ 0.0, 12.5, 0.5, 16.0 ], "windMode": [1,1,1,1] },
						"south": { "texture": "#lavender", "uv": [ 0.0, 12.5, 0.5, 16.0 ], "windMode": [1,1,1,1] },
						"west": { "texture": "#lavender", "uv": [ 0.0, 12.5, 0.5, 16.0 ], "windMode": [1,1,1,1] }
					},
					"children": [
						{
							"name": "bulb9",
							"from": [ -0.05, 3.6, -0.05 ],
							"to": [ 0.2, 3.85, 0.2 ],
							"rotationOrigin": [ 0.06, 4.25, 0.07 ],
							"faces": {
								"north": { "texture": "#lavender", "uv": [ 4.0, 7.0, 2.5, 8.5 ], "autoUv": false, "windMode": [1,1,1,1] },
								"east": { "texture": "#lavender", "uv": [ 2.0, 6.0, 3.5, 7.5 ], "autoUv": false, "windMode": [1,1,1,1] },
								"south": { "texture": "#lavender", "uv": [ 3.0, 7.0, 4.5, 8.5 ], "autoUv": false, "windMode": [1,1,1,1] },
								"west": { "texture": "#lavender", "uv": [ 2.5, 8.5, 4.0, 10.0 ], "autoUv": false, "windMode": [1,1,1,1] },
								"up": { "texture": "#lavender", "uv": [ 2.5, 10.5, 3.0, 11.0 ], "windMode": [1,1,1,1] },
								"down": { "texture": "#lavender", "uv": [ 3.5, 10.0, 4.0, 10.5 ], "windMode": [1,1,1,1] }
							},
							"children": [
								{
									"name": "bulb10",
									"from": [ 0.01, 0.25, 0.01 ],
									"to": [ 0.24, 0.5, 0.24 ],
									"rotationOrigin": [ 0.11, 0.95, 0.12 ],
									"faces": {
										"north": { "texture": "#lavender", "uv": [ 3.5, 10.0, 2.0, 8.5 ], "autoUv": false, "windMode": [1,1,1,1] },
										"east": { "texture": "#lavender", "uv": [ 3.5, 11.5, 2.0, 10.0 ], "autoUv": false, "windMode": [1,1,1,1] },
										"south": { "texture": "#lavender", "uv": [ 4.5, 9.0, 3.0, 7.5 ], "autoUv": false, "windMode": [1,1,1,1] },
										"west": { "texture": "#lavender", "uv": [ 4.0, 9.0, 2.5, 7.5 ], "autoUv": false, "windMode": [1,1,1,1] },
										"up": { "texture": "#lavender", "uv": [ 4.0, 10.5, 2.5, 9.0 ], "autoUv": false, "windMode": [1,1,1,1] }
									}
								},
								{
									"name": "bulb12",
									"from": [ 0.02, 0.5, 0.02 ],
									"to": [ 0.23, 0.75, 0.23 ],
									"rotationOrigin": [ 0.11, 0.95, 0.12 ],
									"faces": {
										"north": { "texture": "#lavender", "uv": [ 4.0, 8.0, 2.5, 6.5 ], "autoUv": false, "windMode": [1,1,1,1] },
										"east": { "texture": "#lavender", "uv": [ 3.5, 9.5, 2.0, 8.0 ], "autoUv": false, "windMode": [1,1,1,1] },
										"south": { "texture": "#lavender", "uv": [ 4.5, 8.5, 3.0, 7.0 ], "autoUv": false, "windMode": [1,1,1,1] },
										"west": { "texture": "#lavender", "uv": [ 4.0, 8.5, 2.5, 7.0 ], "autoUv": false, "windMode": [1,1,1,1] },
										"up": { "texture": "#lavender", "uv": [ 4.5, 9.5, 3.0, 8.0 ], "autoUv": false, "windMode": [1,1,1,1] }
									}
								}
							]
						}
					]
				},
				{
					"name": "ste45",
					"from": [ -1.52, 0.0, -0.28 ],
					"to": [ -1.37, 4.0, -0.13 ],
					"rotationOrigin": [ -1.46, 0.0, -0.2 ],
					"rotationX": -2.0,
					"rotationY": 22.5,
					"rotationZ": 5.0,
					"faces": {
						"north": { "texture": "#lavender", "uv": [ 0.0, 12.0, 0.5, 16.0 ], "windMode": [1,1,1,1] },
						"east": { "texture": "#lavender", "uv": [ 0.0, 12.0, 0.5, 16.0 ], "windMode": [1,1,1,1] },
						"south": { "texture": "#lavender", "uv": [ 0.0, 12.0, 0.5, 16.0 ], "windMode": [1,1,1,1] },
						"west": { "texture": "#lavender", "uv": [ 0.0, 12.0, 0.5, 16.0 ], "windMode": [1,1,1,1] },
						"up": { "texture": "#lavender", "uv": [ 0.0, 15.0, 0.5, 15.5 ], "windMode": [1,1,1,1] }
					}
				},
				{
					"name": "ste46",
					"from": [ -3.03, -0.15, 0.03 ],
					"to": [ -2.88, 3.7, 0.18 ],
					"rotationOrigin": [ -2.96, -0.17, 0.1 ],
					"rotationX": -11.0,
					"rotationY": 45.0,
					"rotationZ": 6.0,
					"faces": {
						"north": { "texture": "#lavender", "uv": [ 0.0, 12.5, 0.5, 16.0 ], "windMode": [1,1,1,1] },
						"east": { "texture": "#lavender", "uv": [ 0.0, 12.5, 0.5, 16.0 ], "windMode": [1,1,1,1] },
						"south": { "texture": "#lavender", "uv": [ 0.0, 12.5, 0.5, 16.0 ], "windMode": [1,1,1,1] },
						"west": { "texture": "#lavender", "uv": [ 0.0, 12.5, 0.5, 16.0 ], "windMode": [1,1,1,1] },
						"up": { "texture": "#lavender", "uv": [ 0.0, 15.0, 0.5, 15.5 ], "windMode": [1,1,1,1] }
					}
				},
				{
					"name": "ste47",
					"from": [ -2.43, -0.25, -0.78 ],
					"to": [ -2.28, 3.5, -0.63 ],
					"rotationOrigin": [ -2.36, 0.0, -0.7 ],
					"rotationX": -10.0,
					"rotationZ": 10.0,
					"faces": {
						"north": { "texture": "#lavender", "uv": [ 0.0, 12.5, 0.5, 16.0 ], "windMode": [1,1,1,1] },
						"east": { "texture": "#lavender", "uv": [ 0.0, 12.5, 0.5, 16.0 ], "windMode": [1,1,1,1] },
						"south": { "texture": "#lavender", "uv": [ 0.0, 12.5, 0.5, 16.0 ], "windMode": [1,1,1,1] },
						"west": { "texture": "#lavender", "uv": [ 0.0, 12.5, 0.5, 16.0 ], "windMode": [1,1,1,1] }
					},
					"children": [
						{
							"name": "bulb41",
							"from": [ -0.04, 3.7, -0.04 ],
							"to": [ 0.21, 3.95, 0.21 ],
							"rotationOrigin": [ 0.07, 4.35, 0.08 ],
							"faces": {
								"north": { "texture": "#lavender", "uv": [ 4.0, 7.0, 2.5, 8.5 ], "autoUv": false, "windMode": [1,1,1,1] },
								"east": { "texture": "#lavender", "uv": [ 2.0, 6.0, 3.5, 7.5 ], "autoUv": false, "windMode": [1,1,1,1] },
								"south": { "texture": "#lavender", "uv": [ 3.0, 7.0, 4.5, 8.5 ], "autoUv": false, "windMode": [1,1,1,1] },
								"west": { "texture": "#lavender", "uv": [ 2.5, 8.5, 4.0, 10.0 ], "autoUv": false, "windMode": [1,1,1,1] },
								"up": { "texture": "#lavender", "uv": [ 2.5, 10.5, 3.0, 11.0 ], "windMode": [1,1,1,1] },
								"down": { "texture": "#lavender", "uv": [ 3.5, 10.0, 4.0, 10.5 ], "windMode": [1,1,1,1] }
							},
							"children": [
								{
									"name": "bulb42",
									"from": [ 0.01, 0.25, 0.01 ],
									"to": [ 0.24, 0.5, 0.24 ],
									"rotationOrigin": [ 0.11, 0.95, 0.12 ],
									"faces": {
										"north": { "texture": "#lavender", "uv": [ 3.5, 10.0, 2.0, 8.5 ], "autoUv": false, "windMode": [1,1,1,1] },
										"east": { "texture": "#lavender", "uv": [ 3.5, 11.5, 2.0, 10.0 ], "autoUv": false, "windMode": [1,1,1,1] },
										"south": { "texture": "#lavender", "uv": [ 4.5, 9.0, 3.0, 7.5 ], "autoUv": false, "windMode": [1,1,1,1] },
										"west": { "texture": "#lavender", "uv": [ 4.0, 9.0, 2.5, 7.5 ], "autoUv": false, "windMode": [1,1,1,1] },
										"up": { "texture": "#lavender", "uv": [ 4.0, 10.5, 2.5, 9.0 ], "autoUv": false, "windMode": [1,1,1,1] }
									}
								},
								{
									"name": "bulb44",
									"from": [ 0.02, 0.5, 0.02 ],
									"to": [ 0.23, 0.75, 0.23 ],
									"rotationOrigin": [ 0.11, 0.95, 0.12 ],
									"faces": {
										"north": { "texture": "#lavender", "uv": [ 4.0, 8.0, 2.5, 6.5 ], "autoUv": false, "windMode": [1,1,1,1] },
										"east": { "texture": "#lavender", "uv": [ 3.5, 9.5, 2.0, 8.0 ], "autoUv": false, "windMode": [1,1,1,1] },
										"south": { "texture": "#lavender", "uv": [ 4.5, 8.5, 3.0, 7.0 ], "autoUv": false, "windMode": [1,1,1,1] },
										"west": { "texture": "#lavender", "uv": [ 4.0, 8.5, 2.5, 7.0 ], "autoUv": false, "windMode": [1,1,1,1] },
										"up": { "texture": "#lavender", "uv": [ 4.5, 9.5, 3.0, 8.0 ], "autoUv": false, "windMode": [1,1,1,1] }
									}
								}
							]
						}
					]
				},
				{
					"name": "ste48",
					"from": [ -0.92, -0.35, -0.88 ],
					"to": [ -0.77, 3.3, -0.73 ],
					"rotationOrigin": [ -0.86, -0.36, -0.8 ],
					"rotationX": -3.0,
					"rotationY": 22.5,
					"rotationZ": 3.0,
					"faces": {
						"north": { "texture": "#lavender", "uv": [ 0.0, 12.5, 0.5, 16.0 ], "windMode": [1,1,1,1] },
						"east": { "texture": "#lavender", "uv": [ 0.0, 12.5, 0.5, 16.0 ], "windMode": [1,1,1,1] },
						"south": { "texture": "#lavender", "uv": [ 0.0, 12.5, 0.5, 16.0 ], "windMode": [1,1,1,1] },
						"west": { "texture": "#lavender", "uv": [ 0.0, 12.5, 0.5, 16.0 ], "windMode": [1,1,1,1] },
						"up": { "texture": "#lavender", "uv": [ 0.0, 15.0, 0.5, 15.5 ], "windMode": [1,1,1,1] }
					}
				},
				{
					"name": "ste49",
					"from": [ -0.82, 0.0, -1.97 ],
					"to": [ -0.67, 4.0, -1.82 ],
					"rotationOrigin": [ -0.76, -0.02, -1.9 ],
					"rotationX": -10.0,
					"rotationZ": 5.0,
					"faces": {
						"north": { "texture": "#lavender", "uv": [ 0.0, 12.0, 0.5, 16.0 ], "windMode": [1,1,1,1] },
						"east": { "texture": "#lavender", "uv": [ 0.0, 12.0, 0.5, 16.0 ], "windMode": [1,1,1,1] },
						"south": { "texture": "#lavender", "uv": [ 0.0, 12.0, 0.5, 16.0 ], "windMode": [1,1,1,1] },
						"west": { "texture": "#lavender", "uv": [ 0.0, 12.0, 0.5, 16.0 ], "windMode": [1,1,1,1] }
					},
					"children": [
						{
							"name": "bulb33",
							"from": [ -0.05, 3.95, -0.05 ],
							"to": [ 0.2, 4.2, 0.2 ],
							"rotationOrigin": [ 0.06, 4.6, 0.07 ],
							"faces": {
								"north": { "texture": "#lavender", "uv": [ 4.0, 7.0, 2.5, 8.5 ], "autoUv": false, "windMode": [1,1,1,1] },
								"east": { "texture": "#lavender", "uv": [ 2.0, 6.0, 3.5, 7.5 ], "autoUv": false, "windMode": [1,1,1,1] },
								"south": { "texture": "#lavender", "uv": [ 3.0, 7.0, 4.5, 8.5 ], "autoUv": false, "windMode": [1,1,1,1] },
								"west": { "texture": "#lavender", "uv": [ 2.5, 8.5, 4.0, 10.0 ], "autoUv": false, "windMode": [1,1,1,1] },
								"up": { "texture": "#lavender", "uv": [ 2.5, 10.5, 3.0, 11.0 ], "windMode": [1,1,1,1] },
								"down": { "texture": "#lavender", "uv": [ 3.5, 10.0, 4.0, 10.5 ], "windMode": [1,1,1,1] }
							},
							"children": [
								{
									"name": "bulb34",
									"from": [ 0.01, 0.25, 0.01 ],
									"to": [ 0.24, 0.5, 0.24 ],
									"rotationOrigin": [ 0.11, 0.95, 0.12 ],
									"faces": {
										"north": { "texture": "#lavender", "uv": [ 3.5, 10.0, 2.0, 8.5 ], "autoUv": false, "windMode": [1,1,1,1] },
										"east": { "texture": "#lavender", "uv": [ 3.5, 11.5, 2.0, 10.0 ], "autoUv": false, "windMode": [1,1,1,1] },
										"south": { "texture": "#lavender", "uv": [ 4.5, 9.0, 3.0, 7.5 ], "autoUv": false, "windMode": [1,1,1,1] },
										"west": { "texture": "#lavender", "uv": [ 4.0, 9.0, 2.5, 7.5 ], "autoUv": false, "windMode": [1,1,1,1] },
										"up": { "texture": "#lavender", "uv": [ 4.0, 10.5, 2.5, 9.0 ], "autoUv": false, "windMode": [1,1,1,1] }
									}
								},
								{
									"name": "bulb36",
									"from": [ 0.02, 0.5, 0.02 ],
									"to": [ 0.23, 0.75, 0.23 ],
									"rotationOrigin": [ 0.11, 0.95, 0.12 ],
									"faces": {
										"north": { "texture": "#lavender", "uv": [ 4.0, 8.0, 2.5, 6.5 ], "autoUv": false, "windMode": [1,1,1,1] },
										"east": { "texture": "#lavender", "uv": [ 3.5, 9.5, 2.0, 8.0 ], "autoUv": false, "windMode": [1,1,1,1] },
										"south": { "texture": "#lavender", "uv": [ 4.5, 8.5, 3.0, 7.0 ], "autoUv": false, "windMode": [1,1,1,1] },
										"west": { "texture": "#lavender", "uv": [ 4.0, 8.5, 2.5, 7.0 ], "autoUv": false, "windMode": [1,1,1,1] },
										"up": { "texture": "#lavender", "uv": [ 4.5, 9.5, 3.0, 8.0 ], "autoUv": false, "windMode": [1,1,1,1] }
									}
								}
							]
						}
					]
				},
				{
					"name": "ste50",
					"from": [ -2.13, -0.45, -1.87 ],
					"to": [ -1.98, 3.1, -1.72 ],
					"rotationOrigin": [ -2.06, -0.47, -1.8 ],
					"rotationX": -13.0,
					"rotationY": 45.0,
					"faces": {
						"north": { "texture": "#lavender", "uv": [ 0.0, 12.5, 0.5, 16.0 ], "windMode": [1,1,1,1] },
						"east": { "texture": "#lavender", "uv": [ 0.0, 12.5, 0.5, 16.0 ], "windMode": [1,1,1,1] },
						"south": { "texture": "#lavender", "uv": [ 0.0, 12.5, 0.5, 16.0 ], "windMode": [1,1,1,1] },
						"west": { "texture": "#lavender", "uv": [ 0.0, 12.5, 0.5, 16.0 ], "windMode": [1,1,1,1] },
						"up": { "texture": "#lavender", "uv": [ 0.0, 15.0, 0.5, 15.5 ], "windMode": [1,1,1,1] }
					}
				}
			]
		},
		{
			"name": "leafgroup2",
			"from": [ 8.0, 3.5, 8.0 ],
			"to": [ 8.0, 3.5, 8.0 ],
			"rotationOrigin": [ 8.0, 3.5, 8.0 ],
			"faces": {
			},
			"children": [
				{
					"name": "leaf51",
					"from": [ -0.8, 0.0, -0.1 ],
					"to": [ 1.7, 3.5, -0.1 ],
					"rotationOrigin": [ 0.45, 0.0, -0.1 ],
					"faces": {
						"north": { "texture": "#lavender", "uv": [ 4.5, 12.5, 7.0, 16.0 ], "windMode": [1,1,1,1] }
					},
					"children": [
						{
							"name": "leaf52",
							"from": [ 0.0, 0.0, 4.0E-4 ],
							"to": [ 2.5, 3.5, 4.0E-4 ],
							"rotationOrigin": [ 1.25, 0.0, 0.0 ],
							"rotationY": 89.9802,
							"faces": {
								"north": { "texture": "#lavender", "uv": [ 7.5, 12.5, 10.0, 16.0 ], "windMode": [1,1,1,1] }
							}
						}
					]
				},
				{
					"name": "leaf53",
					"from": [ 0.7, 0.0, 2.2 ],
					"to": [ 3.2, 3.5, 2.2 ],
					"rotationOrigin": [ 1.95, 0.0, 2.2 ],
					"rotationX": 13.0,
					"rotationY": 45.0,
					"rotationZ": -7.0,
					"faces": {
						"north": { "texture": "#lavender", "uv": [ 4.5, 12.5, 7.0, 16.0 ], "windMode": [1,1,1,1] }
					},
					"children": [
						{
							"name": "leaf54",
							"from": [ 0.0, 0.0, 4.0E-4 ],
							"to": [ 2.5, 3.5, 4.0E-4 ],
							"rotationOrigin": [ 1.25, 0.0, 0.0 ],
							"rotationY": 89.9802,
							"faces": {
								"north": { "texture": "#lavender", "uv": [ 7.5, 12.5, 10.0, 16.0 ], "windMode": [1,1,1,1] }
							}
						}
					]
				},
				{
					"name": "leaf55",
					"from": [ 1.2, 0.0, -2.2 ],
					"to": [ 3.7, 3.5, -2.2 ],
					"rotationOrigin": [ 2.45, 0.0, -2.2 ],
					"rotationX": 3.0,
					"rotationY": 45.0,
					"rotationZ": -12.0,
					"faces": {
						"north": { "texture": "#lavender", "uv": [ 4.5, 12.5, 7.0, 16.0 ], "windMode": [1,1,1,1] }
					},
					"children": [
						{
							"name": "leaf56",
							"from": [ 0.0, 0.0, 4.0E-4 ],
							"to": [ 2.5, 3.5, 4.0E-4 ],
							"rotationOrigin": [ 1.25, 0.0, 0.0 ],
							"rotationY": 89.9802,
							"faces": {
								"north": { "texture": "#lavender", "uv": [ 7.5, 12.5, 10.0, 16.0 ], "windMode": [1,1,1,1] }
							}
						}
					]
				},
				{
					"name": "leaf57",
					"from": [ 0.7, 0.0, 0.3 ],
					"to": [ 3.2, 3.5, 0.3 ],
					"rotationOrigin": [ 1.95, 0.0, 0.3 ],
					"rotationX": 4.0,
					"rotationZ": -3.0,
					"faces": {
						"north": { "texture": "#lavender", "uv": [ 4.5, 12.5, 7.0, 16.0 ], "windMode": [1,1,1,1] }
					},
					"children": [
						{
							"name": "leaf58",
							"from": [ 0.0, 0.0, 4.0E-4 ],
							"to": [ 2.5, 3.5, 4.0E-4 ],
							"rotationOrigin": [ 1.25, 0.0, 0.0 ],
							"rotationY": 89.9802,
							"faces": {
								"north": { "texture": "#lavender", "uv": [ 7.5, 12.5, 10.0, 16.0 ], "windMode": [1,1,1,1] }
							}
						}
					]
				},
				{
					"name": "leaf59",
					"from": [ -0.7, 0.0, -1.8 ],
					"to": [ 1.8, 3.5, -1.8 ],
					"rotationOrigin": [ 0.55, 0.0, -1.8 ],
					"rotationX": -3.0,
					"rotationY": 22.5,
					"rotationZ": -1.0,
					"faces": {
						"north": { "texture": "#lavender", "uv": [ 4.5, 12.5, 7.0, 16.0 ], "windMode": [1,1,1,1] }
					},
					"children": [
						{
							"name": "leaf60",
							"from": [ 0.0, 0.0, 4.0E-4 ],
							"to": [ 2.5, 3.5, 4.0E-4 ],
							"rotationOrigin": [ 1.25, 0.0, 0.0 ],
							"rotationY": 89.9802,
							"faces": {
								"north": { "texture": "#lavender", "uv": [ 7.5, 12.5, 10.0, 16.0 ], "windMode": [1,1,1,1] }
							}
						}
					]
				},
				{
					"name": "leaf61",
					"from": [ -3.3, 0.0, -1.8 ],
					"to": [ -0.8, 3.5, -1.8 ],
					"rotationOrigin": [ -2.05, 0.0, -1.8 ],
					"rotationX": -13.0,
					"rotationY": 45.0,
					"faces": {
						"north": { "texture": "#lavender", "uv": [ 4.5, 12.5, 7.0, 16.0 ], "windMode": [1,1,1,1] }
					},
					"children": [
						{
							"name": "leaf62",
							"from": [ 0.0, 0.0, 4.0E-4 ],
							"to": [ 2.5, 3.5, 4.0E-4 ],
							"rotationOrigin": [ 1.25, 0.0, 0.0 ],
							"rotationY": 89.9802,
							"faces": {
								"north": { "texture": "#lavender", "uv": [ 7.5, 12.5, 10.0, 16.0 ], "windMode": [1,1,1,1] }
							}
						}
					]
				},
				{
					"name": "leaf63",
					"from": [ -1.8, 0.0, 0.7 ],
					"to": [ 0.7, 3.5, 0.7 ],
					"rotationOrigin": [ -0.55, 0.0, 0.7 ],
					"rotationX": 3.0,
					"rotationZ": 4.0,
					"faces": {
						"north": { "texture": "#lavender", "uv": [ 4.5, 12.5, 7.0, 16.0 ], "windMode": [1,1,1,1] }
					},
					"children": [
						{
							"name": "leaf64",
							"from": [ 0.0, 0.0, 4.0E-4 ],
							"to": [ 2.5, 3.5, 4.0E-4 ],
							"rotationOrigin": [ 1.25, 0.0, 0.0 ],
							"rotationY": 90.0,
							"faces": {
								"north": { "texture": "#lavender", "uv": [ 7.5, 12.5, 10.0, 16.0 ], "windMode": [1,1,1,1] }
							}
						}
					]
				},
				{
					"name": "leaf65",
					"from": [ -0.7, 0.0, 1.7 ],
					"to": [ 1.8, 3.5, 1.7 ],
					"rotationOrigin": [ 0.55, 0.0, 1.7 ],
					"rotationX": 4.0,
					"rotationZ": -3.0,
					"faces": {
						"north": { "texture": "#lavender", "uv": [ 4.5, 12.5, 7.0, 16.0 ], "windMode": [1,1,1,1] }
					},
					"children": [
						{
							"name": "leaf66",
							"from": [ 0.0, 0.0, 4.0E-4 ],
							"to": [ 2.5, 3.5, 4.0E-4 ],
							"rotationOrigin": [ 1.25, 0.0, 0.0 ],
							"rotationY": 89.9802,
							"faces": {
								"north": { "texture": "#lavender", "uv": [ 7.5, 12.5, 10.0, 16.0 ], "windMode": [1,1,1,1] }
							}
						}
					]
				},
				{
					"name": "leaf67",
					"from": [ -2.7, 0.0, 1.7 ],
					"to": [ -0.2, 3.5, 1.7 ],
					"rotationOrigin": [ -1.45, 0.0, 1.7 ],
					"rotationY": 44.0,
					"rotationZ": 19.0,
					"faces": {
						"north": { "texture": "#lavender", "uv": [ 4.5, 12.5, 7.0, 16.0 ], "windMode": [1,1,1,1] }
					},
					"children": [
						{
							"name": "leaf68",
							"from": [ 0.0, 0.0, 4.0E-4 ],
							"to": [ 2.5, 3.5, 4.0E-4 ],
							"rotationOrigin": [ 1.25, 0.0, 0.0 ],
							"rotationY": 90.0,
							"faces": {
								"north": { "texture": "#lavender", "uv": [ 7.5, 12.5, 10.0, 16.0 ], "windMode": [1,1,1,1] }
							}
						}
					]
				},
				{
					"name": "leaf69",
					"from": [ -2.7, 0.0, -0.2 ],
					"to": [ -0.2, 3.5, -0.2 ],
					"rotationOrigin": [ -1.45, 0.0, -0.2 ],
					"rotationX": -2.0,
					"rotationY": 22.5,
					"rotationZ": 4.0,
					"faces": {
						"north": { "texture": "#lavender", "uv": [ 4.5, 12.5, 7.0, 16.0 ], "windMode": [1,1,1,1] }
					},
					"children": [
						{
							"name": "leaf70",
							"from": [ 0.0, 0.0, 4.0E-4 ],
							"to": [ 2.5, 3.5, 4.0E-4 ],
							"rotationOrigin": [ 1.25, 0.0, 0.0 ],
							"rotationY": 89.9802,
							"faces": {
								"north": { "texture": "#lavender", "uv": [ 7.5, 12.5, 10.0, 16.0 ], "windMode": [1,1,1,1] }
							}
						}
					]
				},
				{
					"name": "leaf71",
					"from": [ -2.1, 0.0, -0.8 ],
					"to": [ 0.4, 3.5, -0.8 ],
					"rotationOrigin": [ -0.85, 0.0, -0.8 ],
					"rotationX": -3.0,
					"rotationY": 22.5,
					"rotationZ": 3.0,
					"faces": {
						"north": { "texture": "#lavender", "uv": [ 4.5, 12.5, 7.0, 16.0 ], "windMode": [1,1,1,1] }
					},
					"children": [
						{
							"name": "leaf72",
							"from": [ 0.0, 0.0, 4.0E-4 ],
							"to": [ 2.5, 3.5, 4.0E-4 ],
							"rotationOrigin": [ 1.25, 0.0, 0.0 ],
							"rotationY": 89.9802,
							"faces": {
								"north": { "texture": "#lavender", "uv": [ 7.5, 12.5, 10.0, 16.0 ], "windMode": [1,1,1,1] }
							}
						}
					]
				},
				{
					"name": "leaf73",
					"from": [ 0.3, 0.0, -1.2 ],
					"to": [ 2.8, 3.5, -1.2 ],
					"rotationOrigin": [ 1.55, 0.0, -1.2 ],
					"rotationX": -2.0,
					"rotationY": 22.5,
					"rotationZ": -3.0,
					"faces": {
						"north": { "texture": "#lavender", "uv": [ 4.5, 12.5, 7.0, 16.0 ], "windMode": [1,1,1,1] }
					},
					"children": [
						{
							"name": "leaf74",
							"from": [ 0.0, 0.0, 4.0E-4 ],
							"to": [ 2.5, 3.5, 4.0E-4 ],
							"rotationOrigin": [ 1.25, 0.0, 0.0 ],
							"rotationY": 89.9802,
							"faces": {
								"north": { "texture": "#lavender", "uv": [ 7.5, 12.5, 10.0, 16.0 ], "windMode": [1,1,1,1] }
							}
						}
					]
				},
				{
					"name": "leaf75",
					"from": [ -0.4, 0.0, 1.2 ],
					"to": [ 2.1, 3.5, 1.2 ],
					"rotationOrigin": [ 0.85, 0.0, 1.2 ],
					"rotationX": 2.0,
					"rotationY": 22.5,
					"rotationZ": -3.0,
					"faces": {
						"north": { "texture": "#lavender", "uv": [ 4.5, 12.5, 7.0, 16.0 ], "windMode": [1,1,1,1] }
					},
					"children": [
						{
							"name": "leaf76",
							"from": [ 0.0, 0.0, 4.0E-4 ],
							"to": [ 2.5, 3.5, 4.0E-4 ],
							"rotationOrigin": [ 1.25, 0.0, 0.0 ],
							"rotationY": 89.9802,
							"faces": {
								"north": { "texture": "#lavender", "uv": [ 7.5, 12.5, 10.0, 16.0 ], "windMode": [1,1,1,1] }
							}
						}
					]
				},
				{
					"name": "leaf77",
					"from": [ 1.6, 0.0, 0.9 ],
					"to": [ 4.1, 3.5, 0.9 ],
					"rotationOrigin": [ 2.85, 0.0, 0.9 ],
					"rotationX": 6.0,
					"rotationZ": -6.0,
					"faces": {
						"north": { "texture": "#lavender", "uv": [ 4.5, 12.5, 7.0, 16.0 ], "windMode": [1,1,1,1] }
					},
					"children": [
						{
							"name": "leaf78",
							"from": [ 0.0, 0.0, 4.0E-4 ],
							"to": [ 2.5, 3.5, 4.0E-4 ],
							"rotationOrigin": [ 1.25, 0.0, 0.0 ],
							"rotationY": 89.9802,
							"faces": {
								"north": { "texture": "#lavender", "uv": [ 7.5, 12.5, 10.0, 16.0 ], "windMode": [1,1,1,1] }
							}
						}
					]
				},
				{
					"name": "leaf79",
					"from": [ 1.5, 0.0, -0.2 ],
					"to": [ 4.0, 3.5, -0.2 ],
					"rotationOrigin": [ 2.75, 0.0, -0.2 ],
					"rotationX": 18.0,
					"rotationY": 45.0,
					"rotationZ": -16.0,
					"faces": {
						"north": { "texture": "#lavender", "uv": [ 4.5, 12.5, 7.0, 16.0 ], "windMode": [1,1,1,1] }
					},
					"children": [
						{
							"name": "leaf80",
							"from": [ 0.0, 0.0, 4.0E-4 ],
							"to": [ 2.5, 3.5, 4.0E-4 ],
							"rotationOrigin": [ 1.25, 0.0, 0.0 ],
							"rotationY": 89.9802,
							"faces": {
								"north": { "texture": "#lavender", "uv": [ 7.5, 12.5, 10.0, 16.0 ], "windMode": [1,1,1,1] }
							}
						}
					]
				},
				{
					"name": "leaf81",
					"from": [ 1.3, 0.0, -1.2 ],
					"to": [ 3.8, 3.5, -1.2 ],
					"rotationOrigin": [ 2.55, 0.0, -1.2 ],
					"rotationX": -4.0,
					"rotationZ": -12.0,
					"faces": {
						"north": { "texture": "#lavender", "uv": [ 4.5, 12.5, 7.0, 16.0 ], "windMode": [1,1,1,1] }
					},
					"children": [
						{
							"name": "leaf82",
							"from": [ 0.0, 0.0, 4.0E-4 ],
							"to": [ 2.5, 3.5, 4.0E-4 ],
							"rotationOrigin": [ 1.25, 0.0, 0.0 ],
							"rotationY": 89.9802,
							"faces": {
								"north": { "texture": "#lavender", "uv": [ 7.5, 12.5, 10.0, 16.0 ], "windMode": [1,1,1,1] }
							}
						}
					]
				},
				{
					"name": "leaf83",
					"from": [ 0.3, 0.0, -2.7 ],
					"to": [ 2.8, 3.5, -2.7 ],
					"rotationOrigin": [ 1.55, 0.0, -2.7 ],
					"rotationX": -8.0,
					"rotationZ": -3.0,
					"faces": {
						"north": { "texture": "#lavender", "uv": [ 4.5, 12.5, 7.0, 16.0 ], "windMode": [1,1,1,1] }
					},
					"children": [
						{
							"name": "leaf84",
							"from": [ 0.0, 0.0, 4.0E-4 ],
							"to": [ 2.5, 3.5, 4.0E-4 ],
							"rotationOrigin": [ 1.25, 0.0, 0.0 ],
							"rotationY": 89.9802,
							"faces": {
								"north": { "texture": "#lavender", "uv": [ 7.5, 12.5, 10.0, 16.0 ], "windMode": [1,1,1,1] }
							}
						}
					]
				},
				{
					"name": "leaf85",
					"from": [ -1.0, 0.0, -3.3 ],
					"to": [ 1.5, 3.5, -3.3 ],
					"rotationOrigin": [ 0.25, 0.0, -3.3 ],
					"rotationX": -8.0,
					"rotationY": 45.0,
					"faces": {
						"north": { "texture": "#lavender", "uv": [ 4.5, 12.5, 7.0, 16.0 ], "windMode": [1,1,1,1] }
					},
					"children": [
						{
							"name": "leaf86",
							"from": [ 0.0, 0.0, 4.0E-4 ],
							"to": [ 2.5, 3.5, 4.0E-4 ],
							"rotationOrigin": [ 1.25, 0.0, 0.0 ],
							"rotationY": 89.9802,
							"faces": {
								"north": { "texture": "#lavender", "uv": [ 7.5, 12.5, 10.0, 16.0 ], "windMode": [1,1,1,1] }
							}
						}
					]
				},
				{
					"name": "leaf87",
					"from": [ -2.0, 0.0, -1.9 ],
					"to": [ 0.5, 3.5, -1.9 ],
					"rotationOrigin": [ -0.75, 0.0, -1.9 ],
					"rotationX": -8.0,
					"rotationZ": 4.0,
					"faces": {
						"north": { "texture": "#lavender", "uv": [ 4.5, 12.5, 7.0, 16.0 ], "windMode": [1,1,1,1] }
					},
					"children": [
						{
							"name": "leaf88",
							"from": [ 0.0, 0.0, 4.0E-4 ],
							"to": [ 2.5, 3.5, 4.0E-4 ],
							"rotationOrigin": [ 1.25, 0.0, 0.0 ],
							"rotationY": 89.9802,
							"faces": {
								"north": { "texture": "#lavender", "uv": [ 7.5, 12.5, 10.0, 16.0 ], "windMode": [1,1,1,1] }
							}
						}
					]
				},
				{
					"name": "leaf89",
					"from": [ -3.6, 0.0, -0.7 ],
					"to": [ -1.1, 3.5, -0.7 ],
					"rotationOrigin": [ -2.35, 0.0, -0.7 ],
					"rotationX": -9.0,
					"rotationZ": 8.0,
					"faces": {
						"north": { "texture": "#lavender", "uv": [ 4.5, 12.5, 7.0, 16.0 ], "windMode": [1,1,1,1] }
					},
					"children": [
						{
							"name": "leaf90",
							"from": [ 0.0, 0.0, 4.0E-4 ],
							"to": [ 2.5, 3.5, 4.0E-4 ],
							"rotationOrigin": [ 1.25, 0.0, 0.0 ],
							"rotationY": 89.9802,
							"faces": {
								"north": { "texture": "#lavender", "uv": [ 7.5, 12.5, 10.0, 16.0 ], "windMode": [1,1,1,1] }
							}
						}
					]
				},
				{
					"name": "leaf91",
					"from": [ -4.2, 0.0, 0.1 ],
					"to": [ -1.7, 3.5, 0.1 ],
					"rotationOrigin": [ -2.95, 0.0, 0.1 ],
					"rotationX": -10.0,
					"rotationY": 45.0,
					"rotationZ": 5.0,
					"faces": {
						"north": { "texture": "#lavender", "uv": [ 4.5, 12.5, 7.0, 16.0 ], "windMode": [1,1,1,1] }
					},
					"children": [
						{
							"name": "leaf92",
							"from": [ 0.0, 0.0, 4.0E-4 ],
							"to": [ 2.5, 3.5, 4.0E-4 ],
							"rotationOrigin": [ 1.25, 0.0, 0.0 ],
							"rotationY": 89.9802,
							"faces": {
								"north": { "texture": "#lavender", "uv": [ 7.5, 12.5, 10.0, 16.0 ], "windMode": [1,1,1,1] }
							}
						}
					]
				},
				{
					"name": "leaf93",
					"from": [ -3.7, 0.0, 1.3 ],
					"to": [ -1.2, 3.5, 1.3 ],
					"rotationOrigin": [ -2.45, 0.0, 1.3 ],
					"rotationY": -1.0,
					"rotationZ": 13.0,
					"faces": {
						"north": { "texture": "#lavender", "uv": [ 4.5, 12.5, 7.0, 16.0 ], "windMode": [1,1,1,1] }
					},
					"children": [
						{
							"name": "leaf94",
							"from": [ 0.0, 0.0, 4.0E-4 ],
							"to": [ 2.5, 3.5, 4.0E-4 ],
							"rotationOrigin": [ 1.25, 0.0, 0.0 ],
							"rotationY": 89.9802,
							"faces": {
								"north": { "texture": "#lavender", "uv": [ 7.5, 12.5, 10.0, 16.0 ], "windMode": [1,1,1,1] }
							}
						}
					]
				},
				{
					"name": "leaf95",
					"from": [ -2.2, 0.0, 2.5 ],
					"to": [ 0.3, 3.5, 2.5 ],
					"rotationOrigin": [ -0.95, 0.0, 2.5 ],
					"rotationX": 9.0,
					"rotationY": 1.0,
					"faces": {
						"north": { "texture": "#lavender", "uv": [ 4.5, 12.5, 7.0, 16.0 ], "windMode": [1,1,1,1] }
					},
					"children": [
						{
							"name": "leaf96",
							"from": [ 0.0, 0.0, 4.0E-4 ],
							"to": [ 2.5, 3.5, 4.0E-4 ],
							"rotationOrigin": [ 1.25, 0.0, 0.0 ],
							"rotationY": 89.9802,
							"faces": {
								"north": { "texture": "#lavender", "uv": [ 7.5, 12.5, 10.0, 16.0 ], "windMode": [1,1,1,1] }
							}
						}
					]
				},
				{
					"name": "leaf97",
					"from": [ -1.4, 0.0, 2.3 ],
					"to": [ 1.1, 3.5, 2.3 ],
					"rotationOrigin": [ -0.15, 0.0, 2.3 ],
					"rotationX": 6.0,
					"rotationY": 45.0,
					"faces": {
						"north": { "texture": "#lavender", "uv": [ 4.5, 12.5, 7.0, 16.0 ], "windMode": [1,1,1,1] }
					},
					"children": [
						{
							"name": "leaf98",
							"from": [ 0.0, 0.0, 4.0E-4 ],
							"to": [ 2.5, 3.5, 4.0E-4 ],
							"rotationOrigin": [ 1.25, 0.0, 0.0 ],
							"rotationY": 89.9802,
							"faces": {
								"north": { "texture": "#lavender", "uv": [ 7.5, 12.5, 10.0, 16.0 ], "windMode": [1,1,1,1] }
							}
						}
					]
				},
				{
					"name": "leaf99",
					"from": [ -0.2, 0.0, 3.0 ],
					"to": [ 2.3, 3.5, 3.0 ],
					"rotationOrigin": [ 1.05, 0.0, 3.0 ],
					"rotationX": 11.0,
					"rotationY": 22.5,
					"faces": {
						"north": { "texture": "#lavender", "uv": [ 4.5, 12.5, 7.0, 16.0 ], "windMode": [1,1,1,1] }
					},
					"children": [
						{
							"name": "leaf100",
							"from": [ 0.0, 0.0, 4.0E-4 ],
							"to": [ 2.5, 3.5, 4.0E-4 ],
							"rotationOrigin": [ 1.25, 0.0, 0.0 ],
							"rotationY": 89.9802,
							"faces": {
								"north": { "texture": "#lavender", "uv": [ 7.5, 12.5, 10.0, 16.0 ], "windMode": [1,1,1,1] }
							}
						}
					]
				}
			]
		}
	]}