﻿{
  "code": "painting",
  "class": "BlockPainting",
  "entityClass": "BlockEntityPainting",
  "creativeinventory": { "general": [ "*-west" ] },
  "blockmaterial": "Wood",
  "drawtype": "json",
  "shape": {
    "base": "paintingborderless",
    "rotateYByType": {
      "*-north": 90,
      "*-east": 0,
      "*-south": 270,
      "*-west": 180,
      "*": 0
    },
    "rotateZByType": {
      "*-up": 90,
      "*-down": -90,
      "*": 0
    }
  },
  "maxstacksize": 1,
  "attributes": {
    "paintingshape": "jopainting:paintingrenderer",
    "isPainting": true,
    "moldrackable": true
  },
  "faceCullMode": "NeverCull",
  "behaviors": [
    {
      "name": "PaintingAttachable",
      "properties": {
        "facingCode": "position",
        "defaultDrop": "west"
      }
    }
  ],
  "textures": {
    "painting": { "base": "game:block/cloth/linen/normal1" }
  },
  "variantgroups": [
    {
      "code": "position",
      "states": [ "north", "south", "east", "west", "up", "down" ]
    }
  ],
  "resistance": 1.5,
  "sounds": {
    "place": "game:block/planks",
    "break": "game:block/planks",
    "hit": "game:block/planks"
  },
  "collisionbox": null,
  "selectionbox": {
    "x1": 0,
    "y1": 0,
    "z1": 0,
    "x2": 1,
    "y2": 1,
    "z2": 0.0625,
    "rotateYByType": {
      "*-east": 90,
      "*-south": 0,
      "*-west": 270,
      "*-north": 180,
      "*": 0
    },
    "rotateXByType": {
      "*-up": -90,
      "*-down": 90,
      "*": 0
    }
  },
  "rainPermeable": true,
  "sidesolid": {
    "all": "false"
  },
  "sideopaque": {
    "all": "false"
  },
  "lightAbsorption": 0,
  "guiTransform": {
    "translation": {
      "x": 0,
      "y": 0,
      "z": 0
    },
    "rotation": {
      "x": -2,
      "y": -72,
      "z": 1
    },
    "origin": {
      "x": 2.2,
      "y": 0.4,
      "z": 1
    },
    "scaleXyz": {
      "x": -1.39,
      "y": 1.39,
      "z": 1.39
    }
  },
  "groundTransform": {
    "translation": {
      "x": 0,
      "y": 0.25,
      "z": 0
    },
    "rotation": {
      "x": 0,
      "y": 0,
      "z": -90
    },
    "origin": {
      "x": 0.5,
      "y": 0,
      "z": 0
    },
    "scale": 2.5
  },
  "tpHandTransform": {
    "translation": {
      "x": -0.4,
      "y": -0.29,
      "z": -0.5
    },
    "rotation": {
      "x": -2,
      "y": 95,
      "z": -6
    },
    "origin": {
      "x": 0.5,
      "y": 0.5,
      "z": 0
    },
    "scale": 0.6
  },
  "fpHandTransform": {
    "translation": {
      "x": -0.8,
      "y": 0.25,
      "z": 1.3
    },
    "rotation": {
      "x": 0,
      "y": 14,
      "z": 0
    },
    "origin": {
      "x": 0.5,
      "y": 0.5,
      "z": 0
    }
  }
}