{
	"editor": {
		"collapsedPaths": ",Root/origin/bulbbase7,Root/origin/bulbbase6,Root/origin/bulbbase9,Root/origin/bulbbase8,Root/origin/fo2/flowerbase4,Root/origin/flowerbase8,Root/origin/stemgroup/stem30,Root/origin/stemgroup/stem12,Root/origin/flowerbase18,Root/origin/stem30,Root/origin/stemgroup/stem3,Root/origin/stemgroup/stem28,Root/origin/stemgroup/stem5,Root/origin/stem35,Root/origin/stem12,Root/origin/stemgroup/stem4,Root/origin/flowerbase4,Root/origin/stem17,Root/origin/bulbbase,Root/origin/flowerbase,Root/origin/stem3,Root/origin/stem4,Root/origin/stemgroup/stem40,Root/origin/stemgroup/stem21,Root/origin/stemgroup/stem45,Root/origin/stem40,Root/origin/stemgroup/stem35,Root/origin/bulbbase10,Root/origin/bulbbase11,Root/origin/stemgroup/stem17,Root/origin/stem5,Root/origin/stemgroup/stem19,Root/origin/stem45,Root/origin/stem26,Root/origin/bulbbase1,Root/origin/stem28,Root/origin/stem27,Root/origin/bulbbase3,Root/origin/bulbbase2,Root/origin/bulbbase5,Root/origin/stem,Root/origin/bulbbase4",
		"allAngles": false,
		"entityTextureMode": false
	},
	"textureWidth": 16,
	"textureHeight": 16,
	"textureSizes": {
		"hibiscus": [16,16]
	},
	"textures": {
	},
	"elements": [
		{
			"name": "origin",
			"from": [ 8.0, 0.0, 8.0 ],
			"to": [ 8.0, 0.0, 8.0 ],
			"rotationOrigin": [ 8.0, 0.0, 8.0 ],
			"faces": {
			},
			"children": [
				{
					"name": "fo1",
					"from": [ 0.5, 0.3, -0.6 ],
					"to": [ 0.5, 0.3, -0.6 ],
					"rotationOrigin": [ 0.5, 0.3, -0.6 ],
					"faces": {
					},
					"children": [
						{
							"name": "flowerbase8",
							"from": [ 0.0, 0.0, 0.0 ],
							"to": [ 0.8, 0.6, 0.6 ],
							"rotationOrigin": [ 0.0, 0.0, 0.0 ],
							"rotationX": 68.5,
							"rotationY": 56.0,
							"faces": {
								"north": { "texture": "#hibiscus", "uv": [ 6.5, 1.0, 7.5, 2.0 ], "autoUv": false },
								"east": { "texture": "#hibiscus", "uv": [ 4.0, 14.5, 5.0, 15.5 ], "autoUv": false },
								"south": { "texture": "#hibiscus", "uv": [ 7.0, 1.0, 8.0, 2.0 ], "autoUv": false },
								"west": { "texture": "#hibiscus", "uv": [ 6.0, 1.0, 7.0, 2.0 ], "autoUv": false },
								"up": { "texture": "#hibiscus", "uv": [ 7.0, 1.0, 8.0, 2.0 ], "autoUv": false },
								"down": { "texture": "#hibiscus", "uv": [ 6.5, 1.0, 7.5, 2.0 ], "autoUv": false }
							},
							"children": [
								{
									"name": "petal41",
									"from": [ 0.7853, 0.3216, -0.7233 ],
									"to": [ 0.7853, 2.5716, 1.5267 ],
									"rotationOrigin": [ 0.7703, 0.3216, 0.2817 ],
									"rotationX": 11.9717,
									"rotationY": -0.8304,
									"rotationZ": -13.9099,
									"faces": {
										"east": { "texture": "#hibiscus", "uv": [ 2.0, 11.0, 7.0, 16.0 ], "autoUv": false }
									}
								},
								{
									"name": "petal42",
									"from": [ 0.8003, 0.3216, -0.7233 ],
									"to": [ 0.8003, 2.5716, 1.5267 ],
									"rotationOrigin": [ 0.7703, 0.3216, 0.2817 ],
									"rotationX": 83.9855,
									"rotationY": -3.9751,
									"rotationZ": -10.4184,
									"faces": {
										"east": { "texture": "#hibiscus", "uv": [ 2.0, 11.0, 7.0, 16.0 ], "autoUv": false }
									}
								},
								{
									"name": "petal43",
									"from": [ 0.8153, 0.3216, -0.7233 ],
									"to": [ 0.8153, 2.5716, 1.5267 ],
									"rotationOrigin": [ 0.7703, 0.3216, 0.2817 ],
									"rotationX": 156.0517,
									"rotationY": -1.6246,
									"rotationZ": -6.3475,
									"faces": {
										"east": { "texture": "#hibiscus", "uv": [ 2.0, 11.0, 7.0, 16.0 ], "autoUv": false }
									}
								},
								{
									"name": "petal44",
									"from": [ 0.8303, 0.3216, -0.7233 ],
									"to": [ 0.8303, 2.5716, 1.5267 ],
									"rotationOrigin": [ 0.7703, 0.3216, 0.2817 ],
									"rotationX": -132.0693,
									"rotationY": 2.9693,
									"rotationZ": -6.3226,
									"faces": {
										"east": { "texture": "#hibiscus", "uv": [ 2.0, 11.0, 7.0, 16.0 ], "autoUv": false }
									}
								},
								{
									"name": "petal45",
									"from": [ 0.8003, 0.3216, -0.7233 ],
									"to": [ 0.8003, 2.5716, 1.5267 ],
									"rotationOrigin": [ 0.7703, 0.3216, 0.2817 ],
									"rotationX": -59.9395,
									"rotationY": 3.4608,
									"rotationZ": -12.0009,
									"faces": {
										"east": { "texture": "#hibiscus", "uv": [ 2.0, 11.0, 7.0, 16.0 ], "autoUv": false }
									}
								},
								{
									"name": "needle17",
									"from": [ 0.8151, 0.3185, 0.0266 ],
									"to": [ 1.9401, 0.3185, 0.4016 ],
									"rotationOrigin": [ 0.8151, 0.3185, 0.0266 ],
									"rotationX": 0.0,
									"rotationY": 0.0,
									"rotationZ": -3.9971,
									"faces": {
										"up": { "texture": "#hibiscus", "uv": [ 7.5, 11.5, 9.0, 16.0 ], "rotation": 90, "autoUv": false }
									}
								},
								{
									"name": "needle18",
									"from": [ 0.8329, 0.5728, 0.2818 ],
									"to": [ 1.9579, 0.5728, 0.6568 ],
									"rotationOrigin": [ 0.8329, 0.5728, 0.2818 ],
									"rotationX": 90.0,
									"rotationY": -3.997,
									"rotationZ": 1.0E-4,
									"faces": {
										"up": { "texture": "#hibiscus", "uv": [ 7.5, 11.5, 9.0, 16.0 ], "rotation": 90, "autoUv": false }
									}
								}
							]
						}
					]
				},
				{
					"name": "fo2",
					"from": [ 0.0, 0.0, 0.0 ],
					"to": [ 0.0, 0.0, 0.0 ],
					"faces": {
					},
					"children": [
						{
							"name": "flowerbase4",
							"from": [ 0.0, 0.0, 2.0 ],
							"to": [ 0.8, 0.6, 2.6 ],
							"rotationOrigin": [ 0.0, 0.0, 2.0 ],
							"rotationX": -135.0,
							"rotationY": -90.0,
							"rotationZ": -45.0,
							"faces": {
								"north": { "texture": "#hibiscus", "uv": [ 7.0, 1.0, 8.0, 2.0 ], "autoUv": false },
								"east": { "texture": "#hibiscus", "uv": [ 4.0, 14.5, 5.0, 15.5 ], "autoUv": false },
								"south": { "texture": "#hibiscus", "uv": [ 6.5, 1.0, 7.5, 2.0 ], "autoUv": false },
								"west": { "texture": "#hibiscus", "uv": [ 6.0, 1.0, 7.0, 2.0 ], "autoUv": false },
								"up": { "texture": "#hibiscus", "uv": [ 6.5, 1.0, 7.5, 2.0 ], "autoUv": false },
								"down": { "texture": "#hibiscus", "uv": [ 7.0, 1.0, 8.0, 2.0 ], "autoUv": false }
							},
							"children": [
								{
									"name": "petal22",
									"from": [ 0.7988, 0.3482, -0.727 ],
									"to": [ 0.7988, 2.5982, 1.523 ],
									"rotationOrigin": [ 0.7688, 0.3482, 0.278 ],
									"rotationX": 90.7342,
									"rotationY": 6.8289,
									"rotationZ": -21.4664,
									"faces": {
										"east": { "texture": "#hibiscus", "uv": [ 2.0, 11.0, 7.0, 16.0 ], "autoUv": false }
									}
								},
								{
									"name": "petal23",
									"from": [ 0.8138, 0.3482, -0.727 ],
									"to": [ 0.8138, 2.5982, 1.523 ],
									"rotationOrigin": [ 0.7688, 0.3482, 0.278 ],
									"rotationX": 162.0676,
									"rotationY": -0.8047,
									"rotationZ": -25.263,
									"faces": {
										"east": { "texture": "#hibiscus", "uv": [ 2.0, 11.0, 7.0, 16.0 ], "autoUv": false }
									}
								},
								{
									"name": "petal24",
									"from": [ 0.8288, 0.3483, -0.727 ],
									"to": [ 0.8288, 2.5983, 1.523 ],
									"rotationOrigin": [ 0.7688, 0.3482, 0.278 ],
									"rotationX": -126.3539,
									"rotationY": -1.3009,
									"rotationZ": -23.6658,
									"faces": {
										"east": { "texture": "#hibiscus", "uv": [ 2.0, 11.0, 7.0, 16.0 ], "autoUv": false }
									}
								},
								{
									"name": "petal25",
									"from": [ 0.7988, 0.3482, -0.727 ],
									"to": [ 0.7988, 2.5982, 1.523 ],
									"rotationOrigin": [ 0.7688, 0.3482, 0.278 ],
									"rotationX": -57.3813,
									"rotationY": -1.5392,
									"rotationZ": -23.3439,
									"faces": {
										"east": { "texture": "#hibiscus", "uv": [ 2.0, 11.0, 7.0, 16.0 ], "autoUv": false }
									}
								},
								{
									"name": "needle9",
									"from": [ 0.7888, 0.3715, 0.0209 ],
									"to": [ 1.9138, 0.3715, 0.3959 ],
									"rotationOrigin": [ 0.7888, 0.3715, 0.0209 ],
									"rotationX": 5.7379,
									"rotationY": 5.5776,
									"rotationZ": -3.2852,
									"faces": {
										"up": { "texture": "#hibiscus", "uv": [ 7.5, 11.5, 9.0, 16.0 ], "rotation": 90, "autoUv": false }
									}
								},
								{
									"name": "needle10",
									"from": [ 0.828, 0.5997, 0.2975 ],
									"to": [ 1.953, 0.5997, 0.6725 ],
									"rotationOrigin": [ 0.828, 0.5997, 0.2975 ],
									"rotationX": 95.4182,
									"rotationY": -3.2696,
									"rotationZ": -5.5867,
									"faces": {
										"up": { "texture": "#hibiscus", "uv": [ 7.5, 11.5, 9.0, 16.0 ], "rotation": 90, "autoUv": false }
									}
								},
								{
									"name": "petal21",
									"from": [ 0.7838, 0.3483, -0.727 ],
									"to": [ 0.7838, 2.5983, 1.523 ],
									"rotationOrigin": [ 0.7688, 0.3482, 0.278 ],
									"rotationX": 15.5984,
									"rotationY": -1.9114,
									"rotationZ": -21.2299,
									"faces": {
										"east": { "texture": "#hibiscus", "uv": [ 2.0, 11.0, 7.0, 16.0 ], "autoUv": false }
									}
								}
							]
						}
					]
				},
				{
					"name": "fo3",
					"from": [ 2.0, 0.0, -1.3 ],
					"to": [ 2.0, 0.0, -1.3 ],
					"rotationOrigin": [ -0.7, 0.0, -1.3 ],
					"faces": {
					},
					"children": [
						{
							"name": "flowerbase18",
							"from": [ -3.0, 0.0, 0.0 ],
							"to": [ -2.2, 0.6, 0.6 ],
							"rotationOrigin": [ -3.0, 0.0, 0.0 ],
							"rotationX": 45.0,
							"rotationY": 135.0,
							"rotationZ": 22.5,
							"faces": {
								"north": { "texture": "#hibiscus", "uv": [ 6.5, 1.0, 7.5, 2.0 ], "autoUv": false },
								"east": { "texture": "#hibiscus", "uv": [ 4.0, 14.5, 5.0, 15.5 ], "autoUv": false },
								"south": { "texture": "#hibiscus", "uv": [ 7.0, 1.0, 8.0, 2.0 ], "autoUv": false },
								"west": { "texture": "#hibiscus", "uv": [ 6.0, 3.0, 7.0, 4.0 ], "autoUv": false },
								"up": { "texture": "#hibiscus", "uv": [ 6.0, 1.0, 7.0, 2.0 ], "autoUv": false },
								"down": { "texture": "#hibiscus", "uv": [ 7.0, 1.0, 8.0, 2.0 ], "autoUv": false }
							},
							"children": [
								{
									"name": "petal91",
									"from": [ 0.7746, 0.3061, -0.7081 ],
									"to": [ 0.7746, 2.5561, 1.5419 ],
									"rotationOrigin": [ 0.7596, 0.3061, 0.2969 ],
									"rotationX": 16.6035,
									"rotationY": 0.113,
									"rotationZ": -18.5868,
									"faces": {
										"east": { "texture": "#hibiscus", "uv": [ 2.0, 11.0, 7.0, 16.0 ], "autoUv": false }
									}
								},
								{
									"name": "petal92",
									"from": [ 0.7896, 0.3061, -0.7081 ],
									"to": [ 0.7896, 2.5561, 1.5419 ],
									"rotationOrigin": [ 0.7596, 0.3061, 0.2969 ],
									"rotationX": 84.0001,
									"rotationY": -1.0E-4,
									"rotationZ": -14.9985,
									"faces": {
										"east": { "texture": "#hibiscus", "uv": [ 2.0, 11.0, 7.0, 16.0 ], "autoUv": false }
									}
								},
								{
									"name": "petal93",
									"from": [ 0.8046, 0.3061, -0.7081 ],
									"to": [ 0.8046, 2.5561, 1.5419 ],
									"rotationOrigin": [ 0.7596, 0.3061, 0.2969 ],
									"rotationX": 156.0,
									"rotationY": 0.0,
									"rotationZ": -13.9951,
									"faces": {
										"east": { "texture": "#hibiscus", "uv": [ 2.0, 11.0, 7.0, 16.0 ], "autoUv": false }
									}
								},
								{
									"name": "petal94",
									"from": [ 0.8196, 0.3061, -0.7081 ],
									"to": [ 0.8196, 2.5561, 1.5419 ],
									"rotationOrigin": [ 0.7596, 0.3061, 0.2969 ],
									"rotationX": -130.9326,
									"rotationY": 1.5361,
									"rotationZ": -14.309,
									"faces": {
										"east": { "texture": "#hibiscus", "uv": [ 2.0, 11.0, 7.0, 16.0 ], "autoUv": false }
									}
								},
								{
									"name": "petal95",
									"from": [ 0.7896, 0.3061, -0.7081 ],
									"to": [ 0.7896, 2.5561, 1.5419 ],
									"rotationOrigin": [ 0.7596, 0.3061, 0.2969 ],
									"rotationX": -57.0973,
									"rotationY": 1.5173,
									"rotationZ": -18.5417,
									"faces": {
										"east": { "texture": "#hibiscus", "uv": [ 2.0, 11.0, 7.0, 16.0 ], "autoUv": false }
									}
								},
								{
									"name": "needle37",
									"from": [ 0.8046, 0.3062, 0.0418 ],
									"to": [ 1.9296, 0.3062, 0.4168 ],
									"rotationOrigin": [ 0.8046, 0.3062, 0.0418 ],
									"rotationX": 0.0,
									"rotationY": 0.0,
									"rotationZ": 0.0,
									"faces": {
										"up": { "texture": "#hibiscus", "uv": [ 7.5, 11.5, 9.0, 16.0 ], "rotation": 90, "autoUv": false }
									}
								},
								{
									"name": "needle38",
									"from": [ 0.8046, 0.5612, 0.2968 ],
									"to": [ 1.9296, 0.5612, 0.6718 ],
									"rotationOrigin": [ 0.8046, 0.5612, 0.2968 ],
									"rotationX": 90.0,
									"rotationY": 0.0,
									"rotationZ": 1.0E-4,
									"faces": {
										"up": { "texture": "#hibiscus", "uv": [ 7.5, 11.5, 9.0, 16.0 ], "rotation": 90, "autoUv": false }
									}
								}
							]
						}
					]
				}
			]
		}
	]}