{
	"editor": {
		"collapsedPaths": "Root/stemgroup2,Root/stemgroup3/bulb45,Root/stemgroup3/bulb41,Root/bulbgroup,Root/origin/leaf7,Root/origin/leaf9,Root/origin/leaf3,Root/origin/leaf5,Root/stemgroup3/bulb37,Root/origin/leaf39,Root/leafgroup/leaf,Root/origin/leaf45,Root/bulbgroup/bulb13,Root/origin/leaf43,Root/origin/leaf49,Root/bulbgroup/bulb5,Root/bulbgroup/bulb17,Root/origin/leaf47,Root/bulbgroup/bulb9,Root/stemgroup3/bulb33,Root/origin/leaf41,Root/leafgroup2/leaf99,Root/leafgroup2/leaf95,Root/leafgroup2/leaf93,Root/leafgroup/leaf5,Root/leafgroup2/leaf91,Root/leafgroup/leaf7,Root/leafgroup/leaf3,Root/leafgroup/leaf49,Root/leafgroup/leaf45,Root/leafgroup/leaf43,Root/leafgroup/leaf41,Root/bulbgroup/flower10,Root/bulbgroup/flower11,Root/bulbgroup/flower12,Root/bulbgroup/flower13,Root/origin/leaf,Root/leafgroup/leaf29,Root/leafgroup/leaf39,Root/leafgroup/leaf37,Root/leafgroup/leaf9,Root/leafgroup/leaf35,Root/leafgroup/leaf33,Root/leafgroup/leaf31,Root/bulbgroup/flower,Root/leafgroup2/leaf77,Root/leafgroup2/leaf75,Root/leafgroup2/leaf73,Root/leafgroup2/leaf71,Root/leafgroup/leaf19,Root/bulbgroup/bulb41,Root/origin/leaf11,Root/leafgroup/leaf27,Root/leafgroup/leaf25,Root/bulbgroup/bulb45,Root/origin/leaf15,Root/leafgroup/leaf23,Root/origin/leaf13,Root/leafgroup/leaf21,Root/bulbgroup/bulb49,Root/leafgroup2,Root/leafgroup2/leaf79,Root/leafgroup2/leaf87,Root/leafgroup2/leaf85,Root/leafgroup2/leaf83,Root/leafgroup2/leaf81,Root/leafgroup/leaf17,Root/leafgroup/leaf15,Root/leafgroup/leaf11,Root/leafgroup2/leaf89,Root/stemgroup3/bulb29,Root/leafgroup2/leaf55,Root/leafgroup2/leaf53,Root/stemgroup3/bulb25,Root/origin/leaf29,Root/leafgroup,Root/bulbgroup/bulb21,Root/origin/leaf33,Root/bulbgroup/bulb25,Root/origin/leaf31,Root/bulbgroup/flower9,Root/origin/leaf37,Root/bulbgroup/bulb29,Root/origin/leaf35,Root/stemgroup3/bulb21,Root/bulbgroup/flower3,Root/bulbgroup/flower4,Root/bulbgroup/flower2,Root/bulbgroup/flower7,Root/leafgroup2/leaf59,Root/bulbgroup/flower5,Root/stemgroup3/bulb,Root/bulbgroup/flower6,Root/leafgroup2/leaf57,Root/leafgroup2/leaf65,Root/stemgroup3/bulb17,Root/leafgroup2/leaf63,Root/leafgroup2/leaf61,Root/stemgroup3/bulb13,Root/bulbgroup/bulb,Root/origin/leaf19,Root/origin/leaf17,Root/bulbgroup/bulb33,Root/bulbgroup/bulb37,Root/origin/leaf23,Root/origin/leaf21,Root/stemgroup,Root/stemgroup3/bulb5,Root/origin/leaf27,Root/origin/leaf25,Root/stemgroup3/bulb9,Root/leafgroup2/leaf69,Root/leafgroup2/leaf67",
		"allAngles": false,
		"entityTextureMode": false
	},
	"textureWidth": 16,
	"textureHeight": 16,
	"textureSizes": {
		"lavender": [16,16]
	},
	"textures": {
	},
	"elements": [
		{
			"name": "origin",
			"from": [ 8.0, 0.0, 8.0 ],
			"to": [ 8.0, 0.0, 8.0 ],
			"rotationOrigin": [ 8.0, 0.0, 8.0 ],
			"faces": {
			},
			"children": [
				{
					"name": "stemgroup2",
					"from": [ -0.2, 0.35, -1.0 ],
					"to": [ -0.2, 0.35, -1.0 ],
					"rotationOrigin": [ -0.2, 0.35, -1.0 ],
					"faces": {
					},
					"children": [
						{
							"name": "stem37",
							"from": [ 0.37, -0.28, -0.27 ],
							"to": [ 0.52, 0.22, -0.12 ],
							"rotationOrigin": [ 0.44, -0.28, -0.2 ],
							"rotationX": 67.0,
							"faces": {
								"north": { "texture": "#lavender", "uv": [ 0.0, 12.0, 0.5, 13.5 ], "autoUv": false },
								"east": { "texture": "#lavender", "uv": [ 0.0, 12.0, 0.5, 13.5 ], "autoUv": false },
								"south": { "texture": "#lavender", "uv": [ 0.0, 12.0, 0.5, 13.5 ], "autoUv": false },
								"west": { "texture": "#lavender", "uv": [ 0.0, 12.0, 0.5, 13.5 ], "autoUv": false },
								"down": { "texture": "#lavender", "uv": [ 0.0, 0.0, 0.5, 0.5 ], "windMode": [-1,-1,-1,-1] }
							},
							"children": [
								{
									"name": "flower5",
									"from": [ -0.04, 0.5, -0.05 ],
									"to": [ 0.21, 0.75, 0.2 ],
									"rotationOrigin": [ 0.07, 1.15, 0.07 ],
									"faces": {
										"north": { "texture": "#lavender", "uv": [ 4.5, 2.5, 3.0, 4.0 ], "autoUv": false },
										"east": { "texture": "#lavender", "uv": [ 3.0, 4.0, 4.5, 5.5 ], "autoUv": false },
										"south": { "texture": "#lavender", "uv": [ 3.0, 3.5, 4.5, 5.0 ], "autoUv": false },
										"west": { "texture": "#lavender", "uv": [ 2.0, 2.5, 3.5, 4.0 ], "autoUv": false },
										"up": { "texture": "#lavender", "uv": [ 3.5, 5.0, 2.0, 3.5 ], "autoUv": false },
										"down": { "texture": "#lavender", "uv": [ 3.5, 5.0, 4.0, 5.5 ] }
									},
									"children": [
										{
											"name": "bulb18",
											"from": [ 0.01, 0.25, 0.01 ],
											"to": [ 0.24, 0.5, 0.24 ],
											"rotationOrigin": [ 0.11, 0.95, 0.12 ],
											"faces": {
												"north": { "texture": "#lavender", "uv": [ 4.5, 4.0, 3.0, 2.5 ], "autoUv": false },
												"east": { "texture": "#lavender", "uv": [ 3.5, 5.5, 2.0, 4.0 ], "autoUv": false },
												"south": { "texture": "#lavender", "uv": [ 4.5, 4.0, 3.0, 2.5 ], "autoUv": false },
												"west": { "texture": "#lavender", "uv": [ 3.5, 3.5, 2.0, 2.0 ], "autoUv": false },
												"up": { "texture": "#lavender", "uv": [ 4.0, 4.5, 2.5, 3.0 ], "autoUv": false }
											}
										},
										{
											"name": "bulb19",
											"from": [ 0.02, 0.25, 0.03 ],
											"to": [ 0.22, 0.5, 0.23 ],
											"rotationOrigin": [ 0.11, 0.95, 0.12 ],
											"faces": {
												"north": { "texture": "#lavender", "uv": [ 5.5, 10.0, 6.0, 10.5 ] },
												"east": { "texture": "#lavender", "uv": [ 5.5, 10.0, 6.0, 10.5 ] },
												"south": { "texture": "#lavender", "uv": [ 5.5, 10.0, 6.0, 10.5 ] },
												"west": { "texture": "#lavender", "uv": [ 5.5, 10.0, 6.0, 10.5 ] },
												"up": { "texture": "#lavender", "uv": [ 5.5, 10.0, 6.0, 10.5 ] },
												"down": { "texture": "#lavender", "uv": [ 5.5, 10.0, 6.0, 10.5 ] }
											}
										},
										{
											"name": "bulb20",
											"from": [ 0.02, 0.5, 0.02 ],
											"to": [ 0.23, 0.75, 0.23 ],
											"rotationOrigin": [ 0.11, 0.95, 0.12 ],
											"faces": {
												"north": { "texture": "#lavender", "uv": [ 4.5, 4.0, 3.0, 2.5 ], "autoUv": false },
												"east": { "texture": "#lavender", "uv": [ 3.5, 4.0, 2.0, 2.5 ], "autoUv": false },
												"south": { "texture": "#lavender", "uv": [ 4.5, 4.0, 3.0, 2.5 ], "autoUv": false },
												"west": { "texture": "#lavender", "uv": [ 3.5, 5.0, 2.0, 3.5 ], "autoUv": false },
												"up": { "texture": "#lavender", "uv": [ 4.5, 5.0, 3.0, 3.5 ], "autoUv": false }
											}
										}
									]
								}
							]
						},
						{
							"name": "stem38",
							"from": [ 0.77, -0.28, 1.13 ],
							"to": [ 0.92, 0.22, 1.28 ],
							"rotationOrigin": [ 0.84, -0.28, 1.2 ],
							"rotationY": 22.5,
							"rotationZ": 86.5,
							"faces": {
								"north": { "texture": "#lavender", "uv": [ 0.0, 12.5, 0.5, 14.0 ], "autoUv": false },
								"east": { "texture": "#lavender", "uv": [ 0.0, 12.5, 0.5, 14.0 ], "autoUv": false },
								"south": { "texture": "#lavender", "uv": [ 0.0, 12.5, 0.5, 14.0 ], "autoUv": false },
								"west": { "texture": "#lavender", "uv": [ 0.0, 12.5, 0.5, 14.0 ], "autoUv": false },
								"down": { "texture": "#lavender", "uv": [ 0.0, 0.0, 0.5, 0.5 ], "windMode": [-1,-1,-1,-1] }
							},
							"children": [
								{
									"name": "bulb49",
									"from": [ -0.04, 0.5, -0.05 ],
									"to": [ 0.21, 0.75, 0.2 ],
									"rotationOrigin": [ 0.07, 1.15, 0.07 ],
									"faces": {
										"north": { "texture": "#lavender", "uv": [ 4.5, 0.0, 3.0, 1.5 ], "autoUv": false },
										"east": { "texture": "#lavender", "uv": [ 2.0, 0.5, 3.5, 2.0 ], "autoUv": false },
										"south": { "texture": "#lavender", "uv": [ 2.0, 2.5, 3.5, 4.0 ], "autoUv": false },
										"west": { "texture": "#lavender", "uv": [ 3.0, 3.0, 4.5, 4.5 ], "autoUv": false },
										"up": { "texture": "#lavender", "uv": [ 3.5, 5.5, 2.0, 4.0 ], "autoUv": false },
										"down": { "texture": "#lavender", "uv": [ 3.5, 5.0, 4.0, 5.5 ] }
									},
									"children": [
										{
											"name": "bulb86",
											"from": [ 0.01, 0.25, 0.01 ],
											"to": [ 0.24, 0.5, 0.24 ],
											"rotationOrigin": [ 0.11, 0.95, 0.12 ],
											"faces": {
												"north": { "texture": "#lavender", "uv": [ 3.5, 2.5, 2.0, 1.0 ], "autoUv": false },
												"east": { "texture": "#lavender", "uv": [ 4.0, 4.0, 2.5, 2.5 ], "autoUv": false },
												"south": { "texture": "#lavender", "uv": [ 4.5, 4.0, 3.0, 2.5 ], "autoUv": false },
												"west": { "texture": "#lavender", "uv": [ 3.5, 3.0, 2.0, 1.5 ], "autoUv": false },
												"up": { "texture": "#lavender", "uv": [ 4.5, 5.0, 3.0, 3.5 ], "autoUv": false }
											}
										},
										{
											"name": "bulb87",
											"from": [ 0.02, 0.25, 0.03 ],
											"to": [ 0.22, 0.5, 0.23 ],
											"rotationOrigin": [ 0.11, 0.95, 0.12 ],
											"faces": {
												"north": { "texture": "#lavender", "uv": [ 5.5, 10.0, 6.0, 10.5 ] },
												"east": { "texture": "#lavender", "uv": [ 5.5, 10.0, 6.0, 10.5 ] },
												"south": { "texture": "#lavender", "uv": [ 5.5, 10.0, 6.0, 10.5 ] },
												"west": { "texture": "#lavender", "uv": [ 5.5, 10.0, 6.0, 10.5 ] },
												"up": { "texture": "#lavender", "uv": [ 5.5, 10.0, 6.0, 10.5 ] },
												"down": { "texture": "#lavender", "uv": [ 5.5, 10.0, 6.0, 10.5 ] }
											}
										},
										{
											"name": "bulb88",
											"from": [ 0.02, 0.5, 0.02 ],
											"to": [ 0.23, 0.75, 0.23 ],
											"rotationOrigin": [ 0.11, 0.95, 0.12 ],
											"faces": {
												"north": { "texture": "#lavender", "uv": [ 4.5, 2.0, 3.0, 0.5 ], "autoUv": false },
												"east": { "texture": "#lavender", "uv": [ 3.5, 3.0, 2.0, 1.5 ], "autoUv": false },
												"south": { "texture": "#lavender", "uv": [ 4.0, 4.5, 2.5, 3.0 ], "autoUv": false },
												"west": { "texture": "#lavender", "uv": [ 3.5, 5.5, 2.0, 4.0 ], "autoUv": false },
												"up": { "texture": "#lavender", "uv": [ 4.5, 5.5, 3.0, 4.0 ], "autoUv": false }
											}
										}
									]
								}
							]
						},
						{
							"name": "stem40",
							"from": [ -0.23, -0.28, 1.43 ],
							"to": [ -0.08, 0.22, 1.58 ],
							"rotationOrigin": [ -0.16, -0.28, 1.5 ],
							"rotationX": 5.0,
							"rotationY": 71.0,
							"rotationZ": -71.0,
							"faces": {
								"north": { "texture": "#lavender", "uv": [ 0.0, 12.0, 0.5, 13.5 ], "autoUv": false },
								"east": { "texture": "#lavender", "uv": [ 0.0, 12.0, 0.5, 13.5 ], "autoUv": false },
								"south": { "texture": "#lavender", "uv": [ 0.0, 12.0, 0.5, 13.5 ], "autoUv": false },
								"west": { "texture": "#lavender", "uv": [ 0.0, 12.0, 0.5, 13.5 ], "autoUv": false },
								"down": { "texture": "#lavender", "uv": [ 0.0, 0.0, 0.5, 0.5 ], "windMode": [-1,-1,-1,-1] }
							},
							"children": [
								{
									"name": "bulb",
									"from": [ -0.04, 0.5, -0.05 ],
									"to": [ 0.21, 0.75, 0.2 ],
									"rotationOrigin": [ 0.07, 1.15, 0.07 ],
									"faces": {
										"north": { "texture": "#lavender", "uv": [ 4.5, 0.5, 3.0, 2.0 ], "autoUv": false },
										"east": { "texture": "#lavender", "uv": [ 2.0, 1.0, 3.5, 2.5 ], "autoUv": false },
										"south": { "texture": "#lavender", "uv": [ 2.5, 2.5, 4.0, 4.0 ], "autoUv": false },
										"west": { "texture": "#lavender", "uv": [ 3.0, 3.5, 4.5, 5.0 ], "autoUv": false },
										"up": { "texture": "#lavender", "uv": [ 3.5, 5.0, 2.0, 3.5 ], "autoUv": false },
										"down": { "texture": "#lavender", "uv": [ 3.5, 5.0, 4.0, 5.5 ] }
									},
									"children": [
										{
											"name": "bulb50",
											"from": [ 0.01, 0.25, 0.01 ],
											"to": [ 0.24, 0.5, 0.24 ],
											"rotationOrigin": [ 0.11, 0.95, 0.12 ],
											"faces": {
												"north": { "texture": "#lavender", "uv": [ 4.5, 3.0, 3.0, 1.5 ], "autoUv": false },
												"east": { "texture": "#lavender", "uv": [ 3.5, 3.0, 2.0, 1.5 ], "autoUv": false },
												"south": { "texture": "#lavender", "uv": [ 3.5, 5.5, 2.0, 4.0 ], "autoUv": false },
												"west": { "texture": "#lavender", "uv": [ 4.5, 4.5, 3.0, 3.0 ], "autoUv": false },
												"up": { "texture": "#lavender", "uv": [ 4.0, 2.5, 2.5, 1.0 ], "autoUv": false }
											}
										},
										{
											"name": "bulb51",
											"from": [ 0.02, 0.25, 0.03 ],
											"to": [ 0.22, 0.5, 0.23 ],
											"rotationOrigin": [ 0.11, 0.95, 0.12 ],
											"faces": {
												"north": { "texture": "#lavender", "uv": [ 5.5, 10.0, 6.0, 10.5 ] },
												"east": { "texture": "#lavender", "uv": [ 5.5, 10.0, 6.0, 10.5 ] },
												"south": { "texture": "#lavender", "uv": [ 5.5, 10.0, 6.0, 10.5 ] },
												"west": { "texture": "#lavender", "uv": [ 5.5, 10.0, 6.0, 10.5 ] },
												"up": { "texture": "#lavender", "uv": [ 5.5, 10.0, 6.0, 10.5 ] },
												"down": { "texture": "#lavender", "uv": [ 5.5, 10.0, 6.0, 10.5 ] }
											}
										},
										{
											"name": "bulb52",
											"from": [ 0.02, 0.5, 0.02 ],
											"to": [ 0.23, 0.75, 0.23 ],
											"rotationOrigin": [ 0.11, 0.95, 0.12 ],
											"faces": {
												"north": { "texture": "#lavender", "uv": [ 4.5, 3.5, 3.0, 2.0 ], "autoUv": false },
												"east": { "texture": "#lavender", "uv": [ 3.5, 3.5, 2.0, 2.0 ], "autoUv": false },
												"south": { "texture": "#lavender", "uv": [ 4.5, 4.0, 3.0, 2.5 ], "autoUv": false },
												"west": { "texture": "#lavender", "uv": [ 3.5, 4.5, 2.0, 3.0 ], "autoUv": false },
												"up": { "texture": "#lavender", "uv": [ 4.0, 5.0, 2.5, 3.5 ], "autoUv": false }
											}
										}
									]
								}
							]
						},
						{
							"name": "stem44",
							"from": [ -0.62, -0.28, 0.63 ],
							"to": [ -0.47, 0.22, 0.78 ],
							"rotationOrigin": [ -0.55, -0.28, 0.7 ],
							"rotationZ": -83.0,
							"faces": {
								"north": { "texture": "#lavender", "uv": [ 0.0, 12.5, 0.5, 14.0 ], "autoUv": false },
								"east": { "texture": "#lavender", "uv": [ 0.0, 12.5, 0.5, 14.0 ], "autoUv": false },
								"south": { "texture": "#lavender", "uv": [ 0.0, 12.5, 0.5, 14.0 ], "autoUv": false },
								"west": { "texture": "#lavender", "uv": [ 0.0, 12.5, 0.5, 14.0 ], "autoUv": false },
								"down": { "texture": "#lavender", "uv": [ 0.0, 0.0, 0.5, 0.5 ], "autoUv": false, "windMode": [-1,-1,-1,-1] }
							},
							"children": [
								{
									"name": "flower3",
									"from": [ -0.05, 0.5, -0.05 ],
									"to": [ 0.2, 0.75, 0.2 ],
									"rotationOrigin": [ 0.06, 1.15, 0.07 ],
									"faces": {
										"north": { "texture": "#lavender", "uv": [ 3.5, 0.5, 2.0, 2.0 ], "autoUv": false },
										"east": { "texture": "#lavender", "uv": [ 3.0, 3.0, 4.5, 4.5 ], "autoUv": false },
										"south": { "texture": "#lavender", "uv": [ 2.0, 3.0, 3.5, 4.5 ], "autoUv": false },
										"west": { "texture": "#lavender", "uv": [ 2.5, 2.5, 4.0, 4.0 ], "autoUv": false },
										"up": { "texture": "#lavender", "uv": [ 4.0, 4.5, 2.5, 3.0 ], "autoUv": false },
										"down": { "texture": "#lavender", "uv": [ 3.5, 5.0, 4.0, 5.5 ] }
									},
									"children": [
										{
											"name": "bulb10",
											"from": [ 0.01, 0.25, 0.01 ],
											"to": [ 0.24, 0.5, 0.24 ],
											"rotationOrigin": [ 0.11, 0.95, 0.12 ],
											"faces": {
												"north": { "texture": "#lavender", "uv": [ 3.5, 4.5, 2.0, 3.0 ], "autoUv": false },
												"east": { "texture": "#lavender", "uv": [ 4.5, 3.5, 3.0, 2.0 ], "autoUv": false },
												"south": { "texture": "#lavender", "uv": [ 4.0, 4.5, 2.5, 3.0 ], "autoUv": false },
												"west": { "texture": "#lavender", "uv": [ 3.5, 5.5, 2.0, 4.0 ], "autoUv": false },
												"up": { "texture": "#lavender", "uv": [ 4.5, 4.5, 3.0, 3.0 ], "autoUv": false }
											}
										},
										{
											"name": "bulb11",
											"from": [ 0.02, 0.25, 0.03 ],
											"to": [ 0.22, 0.5, 0.23 ],
											"rotationOrigin": [ 0.11, 0.95, 0.12 ],
											"faces": {
												"north": { "texture": "#lavender", "uv": [ 5.5, 10.0, 6.0, 10.5 ] },
												"east": { "texture": "#lavender", "uv": [ 5.5, 10.0, 6.0, 10.5 ] },
												"south": { "texture": "#lavender", "uv": [ 5.5, 10.0, 6.0, 10.5 ] },
												"west": { "texture": "#lavender", "uv": [ 5.5, 10.0, 6.0, 10.5 ] },
												"up": { "texture": "#lavender", "uv": [ 5.5, 10.0, 6.0, 10.5 ] },
												"down": { "texture": "#lavender", "uv": [ 5.5, 10.0, 6.0, 10.5 ] }
											}
										},
										{
											"name": "bulb12",
											"from": [ 0.02, 0.5, 0.02 ],
											"to": [ 0.23, 0.75, 0.23 ],
											"rotationOrigin": [ 0.11, 0.95, 0.12 ],
											"faces": {
												"north": { "texture": "#lavender", "uv": [ 4.0, 4.5, 2.5, 3.0 ], "autoUv": false },
												"east": { "texture": "#lavender", "uv": [ 4.5, 5.0, 3.0, 3.5 ], "autoUv": false },
												"south": { "texture": "#lavender", "uv": [ 4.5, 4.5, 3.0, 3.0 ], "autoUv": false },
												"west": { "texture": "#lavender", "uv": [ 3.5, 5.5, 2.0, 4.0 ], "autoUv": false },
												"up": { "texture": "#lavender", "uv": [ 4.5, 4.0, 3.0, 2.5 ], "autoUv": false }
											}
										}
									]
								}
							]
						},
						{
							"name": "orig2",
							"from": [ 0.67, -0.28, 1.83 ],
							"to": [ 0.67, -0.28, 1.83 ],
							"rotationOrigin": [ 0.75, -0.28, 1.91 ],
							"rotationY": 37.0,
							"faces": {
								"north": { "texture": "#lavender", "uv": [ 0.0, 0.0, 0.5, 0.5 ] },
								"east": { "texture": "#lavender", "uv": [ 0.0, 0.0, 0.5, 0.5 ] },
								"south": { "texture": "#lavender", "uv": [ 0.0, 0.0, 0.5, 0.5 ] },
								"west": { "texture": "#lavender", "uv": [ 0.0, 0.0, 0.5, 0.5 ] },
								"up": { "texture": "#lavender", "uv": [ 0.0, 0.0, 0.5, 0.5 ] },
								"down": { "texture": "#lavender", "uv": [ 0.0, 0.0, 0.5, 0.5 ] }
							},
							"children": [
								{
									"name": "stem39",
									"from": [ 0.0, 0.0, 0.2 ],
									"to": [ 0.15, 0.5, 0.35 ],
									"rotationOrigin": [ 0.07, 0.0, 0.27 ],
									"rotationX": -72.0,
									"rotationY": 13.0,
									"faces": {
										"north": { "texture": "#lavender", "uv": [ 0.0, 12.5, 0.5, 14.0 ], "autoUv": false },
										"east": { "texture": "#lavender", "uv": [ 0.0, 12.5, 0.5, 14.0 ], "autoUv": false },
										"south": { "texture": "#lavender", "uv": [ 0.0, 12.5, 0.5, 14.0 ], "autoUv": false },
										"west": { "texture": "#lavender", "uv": [ 0.0, 12.5, 0.5, 14.0 ], "autoUv": false },
										"down": { "texture": "#lavender", "uv": [ 0.0, 0.0, 0.5, 0.5 ], "windMode": [-1,-1,-1,-1] }
									},
									"children": [
										{
											"name": "flower4",
											"from": [ -0.04, 0.5, -0.05 ],
											"to": [ 0.21, 0.75, 0.2 ],
											"rotationOrigin": [ 0.07, 1.15, 0.07 ],
											"faces": {
												"north": { "texture": "#lavender", "uv": [ 3.5, 1.5, 2.0, 3.0 ], "autoUv": false },
												"east": { "texture": "#lavender", "uv": [ 2.5, 3.0, 4.0, 4.5 ], "autoUv": false },
												"south": { "texture": "#lavender", "uv": [ 2.5, 1.5, 4.0, 3.0 ], "autoUv": false },
												"west": { "texture": "#lavender", "uv": [ 2.0, 4.0, 3.5, 5.5 ], "autoUv": false },
												"up": { "texture": "#lavender", "uv": [ 4.0, 5.0, 2.5, 3.5 ], "autoUv": false },
												"down": { "texture": "#lavender", "uv": [ 3.5, 5.0, 4.0, 5.5 ] }
											},
											"children": [
												{
													"name": "bulb14",
													"from": [ 0.01, 0.25, 0.01 ],
													"to": [ 0.24, 0.5, 0.24 ],
													"rotationOrigin": [ 0.11, 0.95, 0.12 ],
													"faces": {
														"north": { "texture": "#lavender", "uv": [ 3.5, 3.5, 2.0, 2.0 ], "autoUv": false },
														"east": { "texture": "#lavender", "uv": [ 4.5, 3.5, 3.0, 2.0 ], "autoUv": false },
														"south": { "texture": "#lavender", "uv": [ 4.5, 5.5, 3.0, 4.0 ], "autoUv": false },
														"west": { "texture": "#lavender", "uv": [ 3.5, 3.5, 2.0, 2.0 ], "autoUv": false },
														"up": { "texture": "#lavender", "uv": [ 4.0, 4.5, 2.5, 3.0 ], "autoUv": false }
													}
												},
												{
													"name": "bulb15",
													"from": [ 0.02, 0.25, 0.03 ],
													"to": [ 0.22, 0.5, 0.23 ],
													"rotationOrigin": [ 0.11, 0.95, 0.12 ],
													"faces": {
														"north": { "texture": "#lavender", "uv": [ 5.5, 10.0, 6.0, 10.5 ] },
														"east": { "texture": "#lavender", "uv": [ 5.5, 10.0, 6.0, 10.5 ] },
														"south": { "texture": "#lavender", "uv": [ 5.5, 10.0, 6.0, 10.5 ] },
														"west": { "texture": "#lavender", "uv": [ 5.5, 10.0, 6.0, 10.5 ] },
														"up": { "texture": "#lavender", "uv": [ 5.5, 10.0, 6.0, 10.5 ] },
														"down": { "texture": "#lavender", "uv": [ 5.5, 10.0, 6.0, 10.5 ] }
													}
												},
												{
													"name": "bulb16",
													"from": [ 0.02, 0.5, 0.02 ],
													"to": [ 0.23, 0.75, 0.23 ],
													"rotationOrigin": [ 0.11, 0.95, 0.12 ],
													"faces": {
														"north": { "texture": "#lavender", "uv": [ 3.5, 4.0, 2.0, 2.5 ], "autoUv": false },
														"east": { "texture": "#lavender", "uv": [ 3.5, 5.0, 2.0, 3.5 ], "autoUv": false },
														"south": { "texture": "#lavender", "uv": [ 4.5, 3.5, 3.0, 2.0 ], "autoUv": false },
														"west": { "texture": "#lavender", "uv": [ 4.5, 5.0, 3.0, 3.5 ], "autoUv": false },
														"up": { "texture": "#lavender", "uv": [ 3.5, 4.5, 2.0, 3.0 ], "autoUv": false }
													}
												}
											]
										}
									]
								}
							]
						}
					]
				}
			]
		}
	]}