{
    "code": "snail-default",
    "class": "EntitySnailPickup",
    "fallDamageMultiplier": 0.05,
    "hitboxSize": {
        "x": 0.4,
        "y": 0.4
    },
    "attributes": {
        "creatureDiet": {
            "foodCategories": [
                "Vegetable"
            ],
            "foodTags": [
                "nibbleCrop"
            ]
        },
        "handbook": {
            "groupcode": "thecritterpack:creaturegroup-snail"
        }
    },
    "eyeHeight": 0.3,
    "client": {
        "renderer": "Shape",
        "shape": {
            "base": "entity/land/snail/snail"
        },
        "texture": {
            "base": "entity/snail/snail1",
            "alternates": [
                {
                    "base": "entity/snail/snail-rosa"
                },
                {
                    "base": "entity/snail/snail-dark"
                },
                {
                    "base": "entity/snail/snail_norm"
                }
            ]
        },
        "size": 0.9,
        "behaviors": [
            {
                "code": "controlledphysics",
                "stepHeight": 1.1251
            },
            {
                "code": "interpolateposition"
            },
            {
                "code": "despawn",
                "minPlayerDistance": 8,
                "belowLightLevel": 8,
                "minSeconds": 300
            }
        ],
        "animations": [
            {
                "code": "hurt",
                "animation": "hurt",
                "animationSpeed": 2.2,
                "weight": 10,
                "blendMode": "AddAverage"
            },
            {
                "code": "idle",
                "animation": "idle",
                "blendMode": "AddAverage",
                "easeOutSpeed": 4,
                "triggeredBy": {
                    "defaultAnim": true
                }
            },
            {
                "code": "sleep",
                "animation": "sleep",
                "easeInSpeed": 4,
                "easeOutSpeed": 4,
                "blendMode": "Average"
            },
			{
				code: "die",
				animation: "death", 
				animationSpeed: 1.25,
				weight: 10,
				blendMode: "Average",
			},
			
				
        ]
    },
    "server": {
        "attributes": {
            "pathfinder": {
                "minTurnAnglePerSec": 440,
                "maxTurnAnglePerSec": 2880
            }
        },
        "behaviors": [
            {
                "code": "repulseagents"
            },
            {
                "code": "controlledphysics",
                "stepHeight": 1.1251
            },
            {
                "code": "despawn",
                "minPlayerDistance": 8,
                "belowLightLevel": 8,
                "minSeconds": 300
            },
            {
                "code": "health",
                "currenthealth": 0.5,
                "maxhealth": 0.5
            },
            {
                "code": "floatupwhenstuck",
                "onlyWhenDead": true
            },
            {
                "code": "emotionstates",
                "states": [
                    {
                        "code": "alarmherdondamage",
                        "chance": 1,
                        "slot": 1,
                        "priority": 1,
                        "accumType": "max"
                    }
                ]
            },
            {
                "code": "taskai",
				"aiCreatureType": "LandCreature",
                "aitasks": [
                    {
                        "code": "fleeentity",
                        "entityCodes": [
                            "thecritterpack:hedgehog-*"
                        ],
                        "priority": 1.5,
                        "movespeed": 0.0005,
                        "animationSpeed": 1.4,
                        "seekingRange": 7,
                        "animation": "walk"
                    },
                    {
                        "code": "idle",
                        "priority": 1.2,
                        "minduration": 2500,
                        "maxduration": 2500,
                        "mincooldown": 1000,
                        "maxcooldown": 10000,
                        "priorityForCancel": 1.28,
                        "animation": "idle"
                    },
                    {
                        "code": "idle",
                        "priority": 1.1,
                        "minduration": 1000,
                        "maxduration": 3000,
                        "mincooldown": 2000,
                        "maxcooldown": 30000,
                        "animation": "idle"
                    },
                    {
                        "code": "wander",
                        "priority": 1.2,
                        "movespeed": 0.0005,
                        "animationSpeed": 1.2,
                        "animation": "Walk",
                        "wanderChance": 0.2
                    },
                    {
                        "code": "idle",
                        "priority": 0.95,
                        "minduration": 5000000,
                        "maxduration": 5000000,
                        "mincooldown": 5000,
                        "maxcooldown": 15000,
                        "priorityForCancel": 1.33,
                        "animation": "Sleep",
                        "whenNotInEmotionState": "aggressiveondamage",
                        "duringDayTimeFrames": [
                            {
                                "fromHour": 20,
                                "toHour": 24
                            },
                            {
                                "fromHour": 0,
                                "toHour": 6
                            }
                        ],
                        "stopOnNearbyEntityCodes": [
                            "thecritterpack:hedgehog-*"
                        ],
                        "stopRange": 8,
                        "stopOnHurt": true
                    },
                    {
                        "code": "idle",
                        "priority": 0.9,
                        "minduration": 6000,
                        "maxduration": 40000,
                        "mincooldown": 2000,
                        "maxcooldown": 120000,
                        "priorityForCancel": 1.28,
                        "animation": "idle"
                    },
                    {
                        "code": "getoutofwater",
                        "priority": 0.8,
                        "movespeed": 0.014,
                        "animation": "walk"
                    },
                    {
                        "code": "lookaround",
                        "priority": 0.5
                    },
                    {
                        "code": "stayclosetoentity",
                        "priority": 2.4,
                        "entityCode": [
                            "snail-*"
                        ],
                        "movespeed": 0.0005,
                        "maxDistance": 4,
                        "searchRange": 10,
                        "animation": "walk"
                    }
                ],
                
				
            },
			{ code: "pettable", minGeneration: 4 },			
        ],
        "spawnconditions": {
            "worldgen": {
                "TriesPerChunk": {
                    "avg": 0.002,
                    "var": 0.05
                },
                "tryOnlySurface": true,
                "minLightLevel": 10,
                "groupSize": {
                    "dist": "verynarrowgaussian",
                    "avg": 0,
                    "var": 5
                },
                "insideBlockCodes": [
                    "game:air",
                    "game:tallgrass-*"
                ],
                "minTemp": 4,
                "maxTemp": 20,
                "minRain": 0.2,
                "maxRain": 3.2,
                "minForestOrShrubs": 0.5,
                "maxForest": 2,
                "maxShrubs": 0.9,
                "companions": [
                    "thecritterpack:snail-default"
                ]
            },
            "runtime": {
                "group": "neutral",
                "tryOnlySurface": true,
                "chance": 0.002,
                "spawnCapPlayerScaling": 0.5,
                "maxQuantity": 5,
                "__comment": "Make them spawn away from artifical light so they don't spawn inside farmland",
                "maxLightLevel": 8,
                "lightLevelType": "onlyBlockLight",
                "minLightLevel": 3,
                "groupSize": {
                    "dist": "verynarrowgaussian",
                    "avg": 0,
                    "var": 6
                },
                "insideBlockCodes": [
                    "game:tallgrass-*"
                ],
                "minTemp": 8,
                "maxTemp": 20,
                "minRain": 0.4,
                "maxRain": 3.2,
                "minForestOrShrubs": 0.3,
                "maxForest": 2,
                "maxShrubs": 0.9,
                "companions": [
                    "thecritterpack:snail-default"
                ]
            }
        }
    }
}