{
	"editor": {
		"collapsedPaths": "Root/Berries,Root/Stem,Root/Berries2,Root/Leaves2,Root/Branches,Root/Stem2",
		"allAngles": false,
		"entityTextureMode": false
	},
	"textureWidth": 32,
	"textureHeight": 32,
	"textureSizes": {
		"leaves1": [32,32]
	},
	"textures": {
	},
	"elements": [
		{
			"name": "cube0",
			"from": [ 8.0, -17.0, -8.0 ],
			"to": [ 8.0, 15.0, 24.0 ],
			"shade": false,
			"renderPass": 1,
			"rotationOrigin": [ 3.25, 6.75, 4.0 ],
			"rotationZ": 45.0,
			"faces": {
				"east": { "texture": "#leaves1", "uv": [ 0.0, 0.0, 32.0, 32.0 ] }
			}
		},
		{
			"name": "cube1",
			"from": [ -8.0, -8.0, 19.0 ],
			"to": [ 24.0, 24.0, 19.0 ],
			"shade": false,
			"renderPass": 1,
			"rotationOrigin": [ 4.0, -2.5, 17.75 ],
			"rotationX": -45.0,
			"faces": {
				"south": { "texture": "#leaves1", "uv": [ 0.0, 0.0, 32.0, 32.0 ] }
			}
		},
		{
			"name": "cube3",
			"from": [ -8.0, -16.0, 8.0 ],
			"to": [ 24.0, 16.0, 8.0 ],
			"shade": false,
			"renderPass": 1,
			"rotationOrigin": [ 6.75, 7.75, 13.0 ],
			"rotationX": 45.0,
			"faces": {
				"south": { "texture": "#leaves1", "uv": [ 0.0, 0.0, 32.0, 32.0 ] }
			}
		},
		{
			"name": "Low1",
			"from": [ 0.0, -20.0, -3.0 ],
			"to": [ 0.0, 12.0, 29.0 ],
			"shade": false,
			"renderPass": 1,
			"rotationOrigin": [ 2.5, -2.0, 13.25 ],
			"rotationY": 45.0,
			"rotationZ": -30.0,
			"faces": {
				"east": { "texture": "#leaves2", "uv": [ 0.0, 0.0, 32.0, 32.0 ] }
			}
		},
		{
			"name": "Low9",
			"from": [ 3.0, -17.0, -12.0 ],
			"to": [ 3.0, 15.0, 20.0 ],
			"shade": false,
			"renderPass": 1,
			"rotationOrigin": [ 5.5, 1.0, 4.25 ],
			"rotationY": -45.0,
			"rotationZ": -45.0,
			"faces": {
				"east": { "texture": "#leaves2", "uv": [ 0.0, 0.0, 32.0, 32.0 ] }
			}
		},
		{
			"name": "cube2",
			"from": [ 6.0, -15.0, -8.0 ],
			"to": [ 6.0, 17.0, 24.0 ],
			"shade": false,
			"renderPass": 1,
			"rotationOrigin": [ 8.5, 6.0, 8.25 ],
			"rotationZ": -45.0,
			"faces": {
				"east": { "texture": "#leaves1", "uv": [ 0.0, 0.0, 32.0, 32.0 ] }
			}
		},
		{
			"name": "cross11",
			"from": [ -8.0, -19.0, 8.0 ],
			"to": [ 24.0, 13.0, 8.0 ],
			"shade": false,
			"renderPass": 1,
			"rotationOrigin": [ 8.0, -19.0, 8.0 ],
			"rotationY": -45.0,
			"faces": {
				"north": { "texture": "#leaves1", "uv": [ 0.0, 0.0, 32.0, 32.0 ] }
			}
		},
		{
			"name": "cross12",
			"from": [ -8.0, -19.0, 8.0 ],
			"to": [ 24.0, 13.0, 8.0 ],
			"shade": false,
			"renderPass": 1,
			"rotationOrigin": [ 8.0, -19.0, 8.0 ],
			"rotationY": 45.0,
			"faces": {
				"north": { "texture": "#leaves2", "uv": [ 0.0, 0.0, 32.0, 32.0 ] }
			}
		},
		{
			"name": "Low2",
			"from": [ -4.0, -15.0, -17.0 ],
			"to": [ 28.0, 17.0, -17.0 ],
			"shade": false,
			"renderPass": 1,
			"rotationOrigin": [ -4.5, 3.0, -0.75 ],
			"rotationX": 56.5,
			"rotationY": -59.0,
			"faces": {
				"north": { "texture": "#leaves1", "uv": [ 0.0, 0.0, 32.0, 32.0 ], "rotation": 90 }
			}
		},
		{
			"name": "Low10",
			"from": [ 11.0, 4.0, 2.0 ],
			"to": [ 43.0, 36.0, 2.0 ],
			"shade": false,
			"renderPass": 1,
			"rotationOrigin": [ 13.5, 22.0, 18.25 ],
			"rotationX": -67.5,
			"rotationY": 45.0,
			"faces": {
				"north": { "texture": "#leaves1", "uv": [ 0.0, 0.0, 32.0, 32.0 ] }
			}
		}
	]}