{
	"editor": {
		"collapsedPaths": "Root/Berries,Root/Stem,Root/Berries2,Root/Leaves2,Root/Branches,Root/Stem2",
		"allAngles": false,
		"entityTextureMode": false
	},
	"textureWidth": 16,
	"textureHeight": 16,
	"textureSizes": {
	},
	"textures": {
	},
	"elements": [
		{
			"name": "cross7",
			"from": [ -3.0, -12.0, -3.0 ],
			"to": [ 29.0, 20.0, -3.0 ],
			"shade": false,
			"renderPass": 1,
			"rotationOrigin": [ -3.0, -12.0, -3.0 ],
			"rotationY": -45.0,
			"faces": {
				"north": {
					"texture": "#leaves2",
					"uv": [ 0.0, 0.0, 16.0, 16.0 ],
					"autoUv": false
				}
			}
		},
		{
			"name": "cross8",
			"from": [ -5.0, -13.0, 18.0 ],
			"to": [ 27.0, 19.0, 18.0 ],
			"shade": false,
			"renderPass": 1,
			"rotationOrigin": [ -3.0, -13.0, 18.0 ],
			"rotationY": 45.0,
			"faces": {
				"north": {
					"texture": "#leaves3",
					"uv": [ 0.0, 0.0, 16.0, 16.0 ],
					"autoUv": false
				}
			}
		}
	]}