{
	"editor": {
		"collapsedPaths": "Root/Berries,Root/Stem,Root/Berries2,Root/Leaves2,Root/Branches,Root/Stem2",
		"allAngles": false,
		"entityTextureMode": false
	},
	"textureWidth": 16,
	"textureHeight": 16,
	"textureSizes": {
	},
	"textures": {
	},
	"elements": [
		{
			"name": "Cross1",
			"from": [ -9.0, -12.0, 9.0 ],
			"to": [ 23.0, 20.0, 9.0 ],
			"shade": false,
			"renderPass": 1,
			"rotationOrigin": [ -9.0, -12.0, 9.0 ],
			"faces": {
				"north": {
					"texture": "#leaves1",
					"uv": [ 0.0, 0.0, 16.0, 16.0 ],
					"autoUv": false
				}
			}
		},
		{
			"name": "Cross2",
			"from": [ 7.0, -13.0, 25.0 ],
			"to": [ 39.0, 19.0, 25.0 ],
			"shade": false,
			"renderPass": 1,
			"rotationOrigin": [ 7.0, -13.0, 25.0 ],
			"rotationY": 90.0,
			"faces": {
				"north": {
					"texture": "#leaves2",
					"uv": [ 0.0, 0.0, 16.0, 16.0 ],
					"autoUv": false
				}
			}
		}
	]}