{
	"editor": {
		"allAngles": false,
		"entityTextureMode": false
	},
	"textureWidth": 32,
	"textureHeight": 32,
	"textureSizes": {
		"smallleaves": [16,16],
		"largeleaves": [32,32],
		"branch": [16,16]
	},
	"textures": {
		"largeleaves": "block/plant/leaves/large/oak1",
		"branch": "block/plant/leaves/large/branch"
	},
	"elements": [
		{
			"name": "Cube1",
			"from": [ 0.0, 0.0, 0.0 ],
			"to": [ 16.0, 16.0, 16.0 ],
			"shade": false,
			"climateColorMap": "climatePlantTint",
			"seasonColorMap": "seasonalFoliage",
			"gradientShade": true,
			"renderPass": 1,
			"faces": {
				"north": {
					"texture": "#smallleaves",
					"uv": [ 0.0, 0.0, 16.0, 16.0 ]
				},
				"east": {
					"texture": "#smallleaves",
					"uv": [ 0.0, 0.0, 16.0, 16.0 ]
				},
				"south": {
					"texture": "#smallleaves",
					"uv": [ 0.0, 0.0, 16.0, 16.0 ]
				},
				"west": {
					"texture": "#smallleaves",
					"uv": [ 0.0, 0.0, 16.0, 16.0 ]
				},
				"up": {
					"texture": "#smallleaves",
					"uv": [ 0.0, 0.0, 16.0, 16.0 ]
				},
				"down": {
					"texture": "#smallleaves",
					"uv": [ 0.0, 0.0, 16.0, 16.0 ]
				}
			},
			"children": [
				{
					"name": "BranchN",
					"from": [ -4.0, -3.0, 8.0 ],
					"to": [ 20.0, 17.0, 8.0 ],
					"rotationOrigin": [ 8.0, 7.0, 8.0 ],
					"rotationX": 0.7,
					"rotationY": 45.0,
					"rotationZ": -0.54,
					"faces": {
						"north": {
							"texture": "#branch",
							"uv": [ 0.0, 0.0, 16.0, 16.0 ],
							"autoUv": false
						},
						"east": {
							"texture": "#branch",
							"uv": [ 0.0, 0.0, 0.25, 20.0 ],
							"enabled": false
						},
						"south": {
							"texture": "#branch",
							"uv": [ 16.0, 0.0, 0.0, 16.0 ],
							"enabled": false,
							"autoUv": false
						},
						"west": {
							"texture": "#branch",
							"uv": [ 0.0, 0.0, 0.25, 20.0 ],
							"enabled": false
						},
						"up": {
							"texture": "#branch",
							"uv": [ 0.0, 0.0, 24.0, 0.25 ],
							"enabled": false
						},
						"down": {
							"texture": "#branch",
							"uv": [ 0.0, 0.0, 24.0, 0.25 ],
							"enabled": false
						}
					}
				},
				{
					"name": "BranchS",
					"from": [ -4.0, -3.0, 8.0 ],
					"to": [ 20.0, 17.0, 8.0 ],
					"rotationOrigin": [ 8.0, 5.0, 8.0 ],
					"rotationX": 0.51,
					"rotationY": -45.0,
					"rotationZ": -0.43,
					"faces": {
						"north": {
							"texture": "#branch",
							"uv": [ 0.0, 0.0, 16.0, 16.0 ],
							"autoUv": false
						},
						"east": {
							"texture": "#branch",
							"uv": [ 0.0, 0.0, 0.25, 20.0 ],
							"enabled": false
						},
						"south": {
							"texture": "#branch",
							"uv": [ 16.0, 0.0, 0.0, 16.0 ],
							"enabled": false,
							"autoUv": false
						},
						"west": {
							"texture": "#branch",
							"uv": [ 0.0, 0.0, 0.25, 20.0 ],
							"enabled": false
						},
						"up": {
							"texture": "#branch",
							"uv": [ 0.0, 0.0, 24.0, 0.25 ],
							"enabled": false
						},
						"down": {
							"texture": "#branch",
							"uv": [ 0.0, 0.0, 24.0, 0.25 ],
							"enabled": false
						}
					}
				},
				{
					"name": "Cube6",
					"from": [ -8.0, -8.0, 8.0 ],
					"to": [ 24.0, 24.0, 8.0 ],
					"shade": false,
					"gradientShade": true,
					"climateColorMap": "climatePlantTint",
					"seasonColorMap": "seasonalFoliage",
					"rotationOrigin": [ 8.0, 8.0, 8.0 ],
					"rotationX": 0.57,
					"rotationY": -67.5,
					"rotationZ": -0.32,
					"faces": {
						"north": {
							"texture": "#largeleaves",
							"uv": [ 0.0, 0.0, 32.0, 32.0 ],
							"enabled": false
						},
						"east": {
							"texture": "#largeleaves",
							"uv": [ 0.0, 0.0, 0.5, 32.0 ],
							"enabled": false
						},
						"south": {
							"texture": "#largeleaves",
							"uv": [ 0.0, 0.0, 32.0, 32.0 ]
						},
						"west": {
							"texture": "#largeleaves",
							"uv": [ 0.0, 0.0, 0.5, 32.0 ],
							"enabled": false
						},
						"up": {
							"texture": "#largeleaves",
							"uv": [ 0.0, 0.0, 32.0, 0.5 ],
							"enabled": false
						},
						"down": {
							"texture": "#largeleaves",
							"uv": [ 0.0, 0.0, 32.0, 0.5 ],
							"enabled": false
						}
					}
				},
				{
					"name": "Cube7",
					"from": [ -8.0, -8.0, 8.0 ],
					"to": [ 24.0, 24.0, 8.0 ],
					"shade": false,
					"gradientShade": true,
					"climateColorMap": "climatePlantTint",
					"seasonColorMap": "seasonalFoliage",
					"rotationOrigin": [ 8.0, 8.0, 8.0 ],
					"rotationX": 0.21,
					"rotationY": 22.5,
					"rotationZ": -0.63,
					"faces": {
						"north": {
							"texture": "#largeleaves",
							"uv": [ 0.0, 0.0, 32.0, 32.0 ],
							"enabled": false
						},
						"east": {
							"texture": "#largeleaves",
							"uv": [ 0.0, 0.0, 0.5, 32.0 ],
							"enabled": false
						},
						"south": {
							"texture": "#largeleaves",
							"uv": [ 0.0, 0.0, 32.0, 32.0 ]
						},
						"west": {
							"texture": "#largeleaves",
							"uv": [ 0.0, 0.0, 0.5, 32.0 ],
							"enabled": false
						},
						"up": {
							"texture": "#largeleaves",
							"uv": [ 0.0, 0.0, 32.0, 0.5 ],
							"enabled": false
						},
						"down": {
							"texture": "#largeleaves",
							"uv": [ 0.0, 0.0, 32.0, 0.5 ],
							"enabled": false
						}
					}
				}
			]
		}
	]}