{
    "editor": {
        "collapsedPaths": "Root/group",
        "allAngles": false,
        "entityTextureMode": false
    },
    "textureWidth": 32,
    "textureHeight": 32,
    "textureSizes": {
    },
    "textures": {
    },
    "elements": [
        {
            "name": "largel branch",
            "from": [ 0.0, 0.0, 0.0 ],
            "to": [ 1.0, 1.0, 1.0 ],
            "faces": {
            },
            "children": [
                {
                    "name": "large3",
                    "from": [ -13.8, -8.5, 8.5 ],
                    "to": [ 27.8, 23.5, 8.5 ],
                    "shade": false,
                    "gradientShade": true,
                    "rotationOrigin": [ 7.0, 7.5, 8.5 ],
                    "rotationY": 45.0,
                    "faces": {
                        "north": {
                            "texture": "#largeleaves",
                            "uv": [ 0.0, 0.0, 32.0, 32.0 ],
                            "autoUv": false
                        }
                    }
                },
                {
                    "name": "large4",
                    "from": [ -13.8, -8.5, 8.5 ],
                    "to": [ 27.8, 23.5, 8.5 ],
                    "shade": false,
                    "gradientShade": true,
                    "rotationOrigin": [ 7.0, 7.5, 8.5 ],
                    "rotationY": -45.0,
                    "faces": {
                        "north": {
                            "texture": "#largeleaves",
                            "uv": [ 0.0, 0.0, 32.0, 32.0 ],
                            "autoUv": false
                        }
                    }
                }
            ]
        }
    ]
}