{
	"textureWidth": 32,
	"textureHeight": 32,
	"textureSizes": {
		"largeleaves": [32,32],
		"smallleaves": [16,16],
		"branch": [16,16]
	},
	"textures": {
		"largeleaves": "block/plant/leaves/large/oak1",
		"smallleaves": "block/plant/leaves/small/oak1",
		"branch": "block/plant/leaves/large/branch"
	},
	"elements": [
		{
			"name": "Cross1",
			"from": [ -8.0, -8.0, 8.0 ], 
			"to": [ 24.0, 24.0, 8.0 ], 
			"shade": false, "gradientShade": true,
			"rotationOrigin": [ 8.0, 8.0, 8.0 ],
			"rotationY": -67.5,
			"rotationX": 0.42,
			"rotationZ": -0.33,
			"faces": {
				"south": { "texture": "#largeleaves", "uv": [ 0.0, 0.0, 32.0, 32.0 ] }
			}
		},
		{
			"name": "Cross2",
			"from": [ -8.0, -8.0, 8.0 ], 
			"to": [ 24.0, 24.0, 8.0 ], 
			"shade": false, "gradientShade": true,
			"rotationOrigin": [ 8.0, 8.0, 8.0 ],
			"rotationY": 22.5,
			"rotationX": 0.37,
			"rotationZ": -0.45,
			"faces": {
				"south": { "texture": "#largeleaves", "uv": [ 0.0, 0.0, 32.0, 32.0 ] }
			}
		}
	]}