{
	"textureWidth": 32,
	"textureHeight": 32,
	"textureSizes": {
		"largeleaves": [32,32],
		"smallleaves": [16,16],
		"branch": [16,16]
	},
	"textures": {
		"largeleaves": "block/plant/leaves/large/oak1",
		"smallleaves": "block/plant/leaves/small/oak1",
		"branch": "block/plant/leaves/large/branch"
	},
	"elements": [
		{
			"name": "Cube1",
			"from": [ 0.0, 0.0, 0.0 ], 
			"to": [ 16.0, 16.0, 16.0 ], 
			"shade": false, "gradientShade": true,
			"renderPass": 1,
			"faces": {
				"north": { "texture": "#smallleaves", "uv": [ 0.0, 0.0, 16.0, 16.0 ] },
				"east": { "texture": "#smallleaves", "uv": [ 0.0, 0.0, 16.0, 16.0 ] },
				"south": { "texture": "#smallleaves", "uv": [ 0.0, 0.0, 16.0, 16.0 ] },
				"west": { "texture": "#smallleaves", "uv": [ 0.0, 0.0, 16.0, 16.0 ] },
				"up": { "texture": "#smallleaves", "uv": [ 0.0, 0.0, 16.0, 16.0 ] },
				"down": { "texture": "#smallleaves", "uv": [ 0.0, 0.0, 16.0, 16.0 ] }
			}
		},
		{
			"name": "Cross3",
			"from": [ -8.0, -8.0, 8.0 ], 
			"to": [ 24.0, 24.0, 8.0 ], 
			"shade": false, "gradientShade": true,
			"rotationOrigin": [ 8.0, 8.0, 8.0 ],
			"rotationY": -22.5,
			"rotationX": 0.7,
			"rotationZ": -0.54,

			"faces": {
				"south": { "texture": "#largeleaves", "uv": [ 0.0, 0.0, 32.0, 32.0 ] }
			}
		},
		{
			"name": "Cross4",
			"from": [ -8.0, -8.0, 8.0 ], 
			"to": [ 24.0, 24.0, 8.0 ], 
			"shade": false, "gradientShade": true,
			"rotationOrigin": [ 8.0, 8.0, 8.0 ],
			"rotationY": 67.5,
			"rotationX": 0.51,
			"rotationZ": -0.43,

			"faces": {
				"south": { "texture": "#largeleaves", "uv": [ 0.0, 0.0, 32.0, 32.0 ] }
			}
		}
	]}