{
    "editor": {
        "collapsedPaths": "Root/dome/floor2,Root/dome/dome4,Root/dome/dome5,Root/dome/dome6,Root/dome/dome7,Root/legs,Root/dome1,Root/dome3,Root/dome4,Root/floor2,Root/dome6,Root/dome7,Root/bottom,Root/stone,Root/Top",
        "allAngles": false,
        "entityTextureMode": false
    },
    "textureWidth": 16,
    "textureHeight": 16,
    "textureSizes": {
    },
    "textures": {
        "side": "block/wood/firewood/side",
        "south": "block/wood/firewood/south",
        "bark": "block/wood/firewood/bark"
    },
    "elements": [
        {
            "name": "firewood",
            "from": [ 17.0, 0.0, 16.0 ],
            "to": [ 18.0, 1.0, 17.0 ],
            "rotationOrigin": [ 17.0, 0.0, 16.0 ],
            "rotationY": -180.0,
            "faces": {
            },
            "children": [
                {
                    "name": "firewood1",
                    "from": [ 7.2, 1.0, 8.0 ],
                    "to": [ 9.6, 3.5, 17.0 ],
                    "rotationOrigin": [ 8.2, 1.0, 12.0 ],
                    "rotationY": 87.1,
                    "faces": {
                        "north": {
                            "texture": "#south",
                            "uv": [ 0.5, 8.5, 2.5, 11.0 ]
                        },
                        "east": {
                            "texture": "#side",
                            "uv": [ 1.5, 8.5, 10.5, 11.0 ]
                        },
                        "south": {
                            "texture": "#south",
                            "uv": [ 8.0, 4.0, 10.0, 6.5 ]
                        },
                        "west": {
                            "texture": "#bark",
                            "uv": [ 0.0, 0.0, 9.0, 2.5 ]
                        },
                        "up": {
                            "texture": "#side",
                            "uv": [ 3.0, 1.5, 12.0, 3.5 ],
                            "rotation": 90
                        },
                        "down": {
                            "texture": "#bark",
                            "uv": [ 3.5, 8.5, 12.5, 10.5 ],
                            "rotation": 90
                        }
                    }
                },
                {
                    "name": "firewood2",
                    "from": [ 5.3, 3.1, 6.7 ],
                    "to": [ 7.3, 5.1, 15.7 ],
                    "rotationOrigin": [ 7.3, 3.1, 10.7 ],
                    "rotationX": 0.7,
                    "rotationY": 97.1,
                    "rotationZ": -25.8,
                    "faces": {
                        "north": {
                            "texture": "#south",
                            "uv": [ 1.0, 13.0, 3.0, 15.0 ]
                        },
                        "east": {
                            "texture": "#side",
                            "uv": [ 1.5, 8.5, 10.5, 10.5 ]
                        },
                        "south": {
                            "texture": "#south",
                            "uv": [ 9.0, 4.0, 11.0, 6.0 ]
                        },
                        "west": {
                            "texture": "#bark",
                            "uv": [ 0.0, 0.0, 9.0, 2.0 ]
                        },
                        "up": {
                            "texture": "#side",
                            "uv": [ 0.0, 12.5, 9.0, 14.5 ],
                            "rotation": 90
                        },
                        "down": {
                            "texture": "#bark",
                            "uv": [ 3.5, 8.5, 12.5, 10.5 ],
                            "rotation": 90
                        }
                    }
                },
                {
                    "name": "firewood3",
                    "from": [ 7.8, 1.1, 5.1 ],
                    "to": [ 10.8, 4.1, 14.1 ],
                    "rotationOrigin": [ 8.8, 1.1, 9.1 ],
                    "rotationY": 97.0,
                    "rotationZ": -7.0,
                    "faces": {
                        "north": {
                            "texture": "#south",
                            "uv": [ 4.5, 12.5, 7.5, 15.5 ]
                        },
                        "east": {
                            "texture": "#side",
                            "uv": [ 1.5, 8.5, 10.5, 11.5 ]
                        },
                        "south": {
                            "texture": "#south",
                            "uv": [ 4.5, 12.0, 7.5, 15.0 ]
                        },
                        "west": {
                            "texture": "#bark",
                            "uv": [ 0.0, 0.0, 9.0, 3.0 ]
                        },
                        "up": {
                            "texture": "#bark",
                            "uv": [ 3.0, 0.0, 12.0, 3.0 ],
                            "rotation": 90
                        },
                        "down": {
                            "texture": "#side",
                            "uv": [ 3.5, 8.5, 12.5, 11.5 ],
                            "rotation": 90
                        }
                    }
                },
                {
                    "name": "firewood4",
                    "from": [ 7.0, 1.3, 1.2 ],
                    "to": [ 9.0, 3.3, 10.2 ],
                    "rotationOrigin": [ 8.0, 1.3, 5.2 ],
                    "rotationX": -18.0,
                    "rotationY": 85.1,
                    "rotationZ": -22.5,
                    "faces": {
                        "north": {
                            "texture": "#south",
                            "uv": [ 7.5, 3.0, 9.5, 5.0 ]
                        },
                        "east": {
                            "texture": "#side",
                            "uv": [ 1.5, 8.5, 10.5, 10.5 ]
                        },
                        "south": {
                            "texture": "#south",
                            "uv": [ 5.0, 13.5, 7.0, 15.5 ]
                        },
                        "west": {
                            "texture": "#bark",
                            "uv": [ 0.0, 0.0, 9.0, 2.0 ]
                        },
                        "up": {
                            "texture": "#bark",
                            "uv": [ 4.5, 10.0, 13.5, 12.0 ],
                            "rotation": 90
                        },
                        "down": {
                            "texture": "#side",
                            "uv": [ 3.5, 8.5, 12.5, 10.5 ],
                            "rotation": 90
                        }
                    }
                },
                {
                    "name": "firewood5",
                    "from": [ 5.9, 3.5, 2.2 ],
                    "to": [ 8.4, 6.0, 11.2 ],
                    "rotationOrigin": [ 7.9, 3.5, 6.2 ],
                    "rotationX": 2.9,
                    "rotationY": 90.0,
                    "rotationZ": -61.3,
                    "faces": {
                        "north": {
                            "texture": "#south",
                            "uv": [ 0.5, 12.5, 3.0, 15.0 ]
                        },
                        "east": {
                            "texture": "#side",
                            "uv": [ 1.5, 8.5, 10.5, 11.0 ]
                        },
                        "south": {
                            "texture": "#south",
                            "uv": [ 5.5, 12.5, 8.0, 15.0 ]
                        },
                        "west": {
                            "texture": "#bark",
                            "uv": [ 1.5, 12.5, 10.5, 15.0 ]
                        },
                        "up": {
                            "texture": "#side",
                            "uv": [ 0.0, 12.5, 9.0, 15.0 ],
                            "rotation": 90
                        },
                        "down": {
                            "texture": "#bark",
                            "uv": [ 3.5, 8.5, 12.5, 11.0 ],
                            "rotation": 90
                        }
                    }
                },
                {
                    "name": "firewood6",
                    "from": [ 7.7, 5.0, 5.7 ],
                    "to": [ 9.7, 7.0, 14.7 ],
                    "rotationOrigin": [ 9.7, 5.0, 9.7 ],
                    "rotationX": 0.9,
                    "rotationY": 90.0,
                    "rotationZ": -119.7,
                    "faces": {
                        "north": {
                            "texture": "#south",
                            "uv": [ 8.5, 9.0, 10.5, 11.0 ]
                        },
                        "east": {
                            "texture": "#side",
                            "uv": [ 1.5, 8.5, 10.5, 10.5 ]
                        },
                        "south": {
                            "texture": "#south",
                            "uv": [ 12.5, 12.0, 14.5, 14.0 ]
                        },
                        "west": {
                            "texture": "#bark",
                            "uv": [ 7.0, 8.5, 16.0, 10.5 ]
                        },
                        "up": {
                            "texture": "#side",
                            "uv": [ 0.0, 12.5, 9.0, 14.5 ],
                            "rotation": 90
                        },
                        "down": {
                            "texture": "#bark",
                            "uv": [ 6.5, 3.0, 15.5, 5.0 ],
                            "rotation": 90
                        }
                    }
                }
            ]
        }
    ]
}
