[
  {
    "op": "add",
    "file": "game:config/remaps",
    "path": "/game:v1.20.4clayworks-whiteclay",
    "value": [
      "/iir remapq game:clay-snow game:clay-white force"
    ]
  },
  {
    "op": "add",
    "file": "game:config/remaps",
    "path": "/game:v1.20.4clayworks-flowerpotcoloreds",
    "value": [
      "/bir remapq clayworks:flowerpotcolored-azure-raw clayworks:flowerpot-azure-raw force",
      "/bir remapq clayworks:flowerpotcolored-black-raw clayworks:flowerpot-black-raw force",
      "/bir remapq clayworks:flowerpotcolored-brown-raw clayworks:flowerpot-brown-raw force",
      "/bir remapq clayworks:flowerpotcolored-crimson-raw clayworks:flowerpot-crimson-raw force",
      "/bir remapq clayworks:flowerpotcolored-green-raw clayworks:flowerpot-green-raw force",
      "/bir remapq clayworks:flowerpotcolored-gray-raw clayworks:flowerpot-gray-raw force",
      "/bir remapq clayworks:flowerpotcolored-pink-raw clayworks:flowerpot-pink-raw force",
      "/bir remapq clayworks:flowerpotcolored-purple-raw clayworks:flowerpot-purple-raw force",
      "/bir remapq clayworks:flowerpotcolored-orange-raw clayworks:flowerpot-orange-raw force",
      "/bir remapq clayworks:flowerpotcolored-yellow-raw clayworks:flowerpot-yellow-raw force",
      "/bir remapq clayworks:flowerpotcolored-white-raw clayworks:flowerpot-white-raw force",
      "/bir remapq clayworks:flowerpotcolored-naturalblue-raw clayworks:flowerpot-naturalblue-raw force",
      "/bir remapq clayworks:flowerpotcolored-naturalred-raw clayworks:flowerpot-naturalred-raw force",
      "/bir remapq clayworks:flowerpotcolored-naturalfire-raw clayworks:flowerpot-naturalfire-raw force",
      "/bir remapq clayworks:flowerpotcolored-azure-fired0 clayworks:flowerpot-azure-fired0 force",
      "/bir remapq clayworks:flowerpotcolored-black-fired0 clayworks:flowerpot-black-fired0 force",
      "/bir remapq clayworks:flowerpotcolored-brown-fired0 clayworks:flowerpot-brown-fired0 force",
      "/bir remapq clayworks:flowerpotcolored-crimson-fired0 clayworks:flowerpot-crimson-fired0 force",
      "/bir remapq clayworks:flowerpotcolored-green-fired0 clayworks:flowerpot-green-fired0 force",
      "/bir remapq clayworks:flowerpotcolored-gray-fired0 clayworks:flowerpot-gray-fired0 force",
      "/bir remapq clayworks:flowerpotcolored-pink-fired0 clayworks:flowerpot-pink-fired0 force",
      "/bir remapq clayworks:flowerpotcolored-purple-fired0 clayworks:flowerpot-purple-fired0 force",
      "/bir remapq clayworks:flowerpotcolored-orange-fired0 clayworks:flowerpot-orange-fired0 force",
      "/bir remapq clayworks:flowerpotcolored-yellow-fired0 clayworks:flowerpot-yellow-fired0 force",
      "/bir remapq clayworks:flowerpotcolored-white-fired0 clayworks:flowerpot-white-fired0 force",
      "/bir remapq clayworks:flowerpotcolored-naturalblue-fired0 clayworks:flowerpot-naturalblue-fired0 force",
      "/bir remapq clayworks:flowerpotcolored-naturalred-fired0 clayworks:flowerpot-naturalred-fired0 force",
      "/bir remapq clayworks:flowerpotcolored-naturalfire-fired0 clayworks:flowerpot-naturalfire-fired0 force",
      "/bir remapq clayworks:flowerpotcolored-azure-fired1 clayworks:flowerpot-azure-fired1 force",
      "/bir remapq clayworks:flowerpotcolored-black-fired1 clayworks:flowerpot-black-fired1 force",
      "/bir remapq clayworks:flowerpotcolored-brown-fired1 clayworks:flowerpot-brown-fired1 force",
      "/bir remapq clayworks:flowerpotcolored-crimson-fired1 clayworks:flowerpot-crimson-fired1 force",
      "/bir remapq clayworks:flowerpotcolored-green-fired1 clayworks:flowerpot-green-fired1 force",
      "/bir remapq clayworks:flowerpotcolored-gray-fired1 clayworks:flowerpot-gray-fired1 force",
      "/bir remapq clayworks:flowerpotcolored-pink-fired1 clayworks:flowerpot-pink-fired1 force",
      "/bir remapq clayworks:flowerpotcolored-purple-fired1 clayworks:flowerpot-purple-fired1 force",
      "/bir remapq clayworks:flowerpotcolored-orange-fired1 clayworks:flowerpot-orange-fired1 force",
      "/bir remapq clayworks:flowerpotcolored-yellow-fired1 clayworks:flowerpot-yellow-fired1 force",
      "/bir remapq clayworks:flowerpotcolored-white-fired1 clayworks:flowerpot-white-fired1 force",
      "/bir remapq clayworks:flowerpotcolored-naturalblue-fired1 clayworks:flowerpot-naturalblue-fired1 force",
      "/bir remapq clayworks:flowerpotcolored-naturalred-fired1 clayworks:flowerpot-naturalred-fired1 force",
      "/bir remapq clayworks:flowerpotcolored-naturalfire-fired1 clayworks:flowerpot-naturalfire-fired1 force",
      "/bir remapq clayworks:flowerpotcolored-azure-fired2 clayworks:flowerpot-azure-fired2 force",
      "/bir remapq clayworks:flowerpotcolored-black-fired2 clayworks:flowerpot-black-fired2 force",
      "/bir remapq clayworks:flowerpotcolored-brown-fired2 clayworks:flowerpot-brown-fired2 force",
      "/bir remapq clayworks:flowerpotcolored-crimson-fired2 clayworks:flowerpot-crimson-fired2 force",
      "/bir remapq clayworks:flowerpotcolored-green-fired2 clayworks:flowerpot-green-fired2 force",
      "/bir remapq clayworks:flowerpotcolored-gray-fired2 clayworks:flowerpot-gray-fired2 force",
      "/bir remapq clayworks:flowerpotcolored-pink-fired2 clayworks:flowerpot-pink-fired2 force",
      "/bir remapq clayworks:flowerpotcolored-purple-fired2 clayworks:flowerpot-purple-fired2 force",
      "/bir remapq clayworks:flowerpotcolored-orange-fired2 clayworks:flowerpot-orange-fired2 force",
      "/bir remapq clayworks:flowerpotcolored-yellow-fired2 clayworks:flowerpot-yellow-fired2 force",
      "/bir remapq clayworks:flowerpotcolored-white-fired2 clayworks:flowerpot-white-fired2 force",
      "/bir remapq clayworks:flowerpotcolored-naturalblue-fired2 clayworks:flowerpot-naturalblue-fired2 force",
      "/bir remapq clayworks:flowerpotcolored-naturalred-fired2 clayworks:flowerpot-naturalred-fired2 force",
      "/bir remapq clayworks:flowerpotcolored-naturalfire-fired2 clayworks:flowerpot-naturalfire-fired2 force",
      "/bir remapq clayworks:flowerpotcolored-azure-fired3 clayworks:flowerpot-azure-fired3 force",
      "/bir remapq clayworks:flowerpotcolored-black-fired3 clayworks:flowerpot-black-fired3 force",
      "/bir remapq clayworks:flowerpotcolored-brown-fired3 clayworks:flowerpot-brown-fired3 force",
      "/bir remapq clayworks:flowerpotcolored-crimson-fired3 clayworks:flowerpot-crimson-fired3 force",
      "/bir remapq clayworks:flowerpotcolored-green-fired3 clayworks:flowerpot-green-fired3 force",
      "/bir remapq clayworks:flowerpotcolored-gray-fired3 clayworks:flowerpot-gray-fired3 force",
      "/bir remapq clayworks:flowerpotcolored-pink-fired3 clayworks:flowerpot-pink-fired3 force",
      "/bir remapq clayworks:flowerpotcolored-purple-fired3 clayworks:flowerpot-purple-fired3 force",
      "/bir remapq clayworks:flowerpotcolored-orange-fired3 clayworks:flowerpot-orange-fired3 force",
      "/bir remapq clayworks:flowerpotcolored-yellow-fired3 clayworks:flowerpot-yellow-fired3 force",
      "/bir remapq clayworks:flowerpotcolored-white-fired3 clayworks:flowerpot-white-fired3 force",
      "/bir remapq clayworks:flowerpotcolored-naturalred-fired3 clayworks:flowerpot-naturalred-fired3 force",
      "/bir remapq clayworks:flowerpotcolored-naturalfire-fired3 clayworks:flowerpot-naturalfire-fired3 force"
    ]
  }
]
