{
    "code": "growth",
    "class": "BlockClipping",
    "entityclassbytype": {
      "*-alive": "BEClipping"
    },
    "attributes": {
    "overrideRandomDrawOffset": 14,
    "matureDaysByType": {
	"*-dwarfpine-*": { avg: 14, var: 2 },
	"*-juniper-*": { avg: 14, var: 2 },
	"*-pistachio-*": { avg: 14, var: 2 },
	"*-kumquat-*": { avg: 12, var: 2 },
	"*-fingerlime-*": { avg: 12, var: 2 },
	"*-feijoa-*": { avg: 12, var: 2 },
	"*-seamango-*": { avg: 12, var: 2 },
	"*-marita-*": { avg: 12, var: 2 },
	"*-hazel-*": { avg: 12, var: 2 },
	"*-swamphuckle-*": { avg: 12, var: 2 },
	"*-sumac-*": { avg: 10, var: 1.4 },
	"*-sloe-*": { avg: 10, var: 1.4 },
	"*-lillypillypink-*": { avg: 10, var: 1.4 },
	"*-lillypillyblue-*": { avg: 10, var: 1.4 },
	"*-lillypillywhite-*": { avg: 10, var: 1.4 },
	"*-mingimingi-*": { avg: 10, var: 1.4 },
	"*": { avg: 8, var: 1 }
    },
    "stopBelowTempByType": {
	"*-kumquat-*": 10,
	"*-fingerlime-*": 10,
	"*-seamango-*": 10,
	"*-lillypillyblue-*": 10,
	"*-feijoa-*": 6,
	"*-mingimingi-*": 6,
	"*-pilo-*": 6,
	"*-marita-*": 6,
	"*-lillypillypink-*": 6,
	"*-sumac-*": 2,
	"*-pistachio-*": 2,
	"*-beachrose-*": 2,
	"*-swamphuckle-*": 2,
	"*-dogrose-*": -6,
	"*-hazel-*": -6,
	"*-sallowthorn-*": -10,
	"*-juniper-*": -14,
	"*-dwarfpine-*": -14,
	"*": 0,
    },
    "resetBelowTempByType": {
	"*-kumquat-*": 9,
	"*-fingerlime-*": 9,
	"*-seamango-*": 9,
	"*-lillypillyblue-*": 9,
	"*-feijoa-*": 5,
	"*-mingimingi-*": 5,
	"*-pilo-*": 5,
	"*-marita-*": 5,
	"*-lillypillypink-*": 5,
	"*-sumac-*": 1,
	"*-pistachio-*": 1,
	"*-beachrose-*": 1,
	"*-swamphuckle-*": 1,
	"*-dogrose-*": -7,
	"*-hazel-*": -7,
	"*-sallowthorn-*": -11,
	"*-juniper-*": -15,
	"*-dwarfpine-*": -15,
	"*": -2,
    },
    "dieBelowTempByType": {
	"*-kumquat-*": 8,
	"*-fingerlime-*": 8,
	"*-seamango-*": 8,
	"*-lillypillyblue-*": 8,
	"*-feijoa-*": 4,
	"*-mingimingi-*": 4,
	"*-pilo-*": 4,
	"*-marita-*": 4,
	"*-lillypillypink-*": 4,
	"*-sumac-*": 0,
	"*-pistachio-*": 0,
	"*-beachrose-*": 0,
	"*-swamphuckle-*": 0,
	"*-dogrose-*": -8,
	"*-hazel-*": -8,
	"*-sallowthorn-*": -12,
	"*-juniper-*": -16,
	"*-dwarfpine-*": -16,
	"*": -2,
    },
      "bushCodebyType": {
        "*-blackcurrant-*": "game:bigberrybush-blackcurrant-empty",
  
        "*-spindle-*": "wildcraftfruit:berrybush-spindle-empty",
        "*-feijoa-*": "wildcraftfruit:berrybush-feijoa-empty",
        "*-dwarfpine-*": "wildcraftfruit:berrybush-dwarfpine-empty",
        "*-juniper-*": "wildcraftfruit:berrybush-juniper-empty",
        "*-pistachio-*": "wildcraftfruit:berrybush-pistachio-empty",
        "*-seamango-*": "wildcraftfruit:berrybush-seamango-empty",
        "*-lillypillypink-*": "wildcraftfruit:berrybush-lillypillypink-empty",
        "*-lillypillyblue-*": "wildcraftfruit:berrybush-lillypillyblue-empty",
        "*-lillypillywhite-*": "wildcraftfruit:berrybush-lillypillywhite-empty",
        "*-pilo-*": "wildcraftfruit:berrybush-pilo-empty",
        "*-marita-*": "wildcraftfruit:berrybush-marita-empty",
        "*-blackelder-*": "wildcraftfruit:berrybush-blackelder-empty",
        "*-hazel-*": "wildcraftfruit:berrybush-hazel-empty",
        "*-josta-*": "wildcraftfruit:berrybush-josta-empty",
  
        "*-sallowthorn-*": "wildcraftfruit:pricklyberrybush-sallowthorn-empty",
        "*-fingerlime-*": "wildcraftfruit:pricklyberrybush-fingerlime-empty",
        "*-deserthackberry-*": "wildcraftfruit:pricklyberrybush-deserthackberry-empty",
        "*-sloe-*": "wildcraftfruit:pricklyberrybush-sloe-empty",
        "*-beachrose-*": "wildcraftfruit:pricklyberrybush-beachrose-empty",
        "*-boysenberry-*": "wildcraftfruit:pricklyberrybush-boysenberry-empty",

        "*-sumac-*": "wildcraftfruit:topberrybush-sumac-empty",
        "*-kumquat-*": "wildcraftfruit:topberrybush-kumquat-empty",
        "*-mingimingi-*": "wildcraftfruit:topberrybush-mingimingi-empty",
        "*-swamphuckle-*": "wildcraftfruit:topberrybush-swamphuckle-empty",

        "*-dogrose-*": "wildcraftfruit:toppricklybush-dogrose-empty",
        "*-brambleberry-*": "wildcraftfruit:toppricklybush-brambleberry-empty",
        "*-loganberry-*": "wildcraftfruit:toppricklybush-loganberry-empty",
        "*-gooseberry-*": "wildcraftfruit:toppricklybush-gooseberry-empty",
      },
      "isGrowth": true
    },
    "variantgroups": [
      {
        "code": "type",
        "states": [ "blackcurrant", "gooseberry", "brambleberry", "boysenberry", "loganberry", "dogrose", "beachrose", "sallowthorn", "deserthackberry", "spindle", "feijoa", "kumquat", "pistachio", "dwarfpine", "juniper", "sumac", "seamango", "fingerlime", "lillypillypink", "lillypillyblue", "lillypillywhite", "pilo", "mingimingi", "marita", "blackelder", "hazel", "sloe", "swamphuckle", "josta"]
      },
      {
        "code": "state",
        "states": [ "alive", "dead" ]
      }
    ],
    "renderpass": "OpaqueNoCull",
    "drawtype": "JSON",
    "randomDrawOffset": true,
    "shapeByType": {
      "*-swamphuckle-alive": { "base": "wildcraftfruit:block/plant/clipping/growth_swamphuckle" },
      "*-sloe-alive": { "base": "wildcraftfruit:block/plant/clipping/growth_sloe" },
      "*-pilo-alive": { "base": "wildcraftfruit:block/plant/clipping/growth_pilo" },
      "*-mingimingi-alive": { "base": "wildcraftfruit:block/plant/clipping/growth_mingimingi" },
      "*-feijoa-alive": { "base": "wildcraftfruit:block/plant/clipping/growth_feijoa" },
      "*-dwarfpine-alive": { "base": "wildcraftfruit:block/plant/clipping/growth_dwarfpine" },
      "*-juniper-alive": { "base": "wildcraftfruit:block/plant/clipping/growth_juniper" },
      "*-pistachio-alive": { "base": "wildcraftfruit:block/plant/clipping/growth_pistachio" },
      "*-sallowthorn-alive": { "base": "wildcraftfruit:block/plant/clipping/growth_sallowthorn" },
      "*-seamango-alive": { "base": "wildcraftfruit:block/plant/clipping/growth_seamango" },
      "*-fingerlime-alive": { "base": "wildcraftfruit:block/plant/clipping/growth_fingerlime" },
      "*-lillypillypink-alive": { "base": "wildcraftfruit:block/plant/clipping/growth_lillypillypink" },
      "*-lillypillyblue-alive": { "base": "wildcraftfruit:block/plant/clipping/growth_lillypillyblue" },
      "*-lillypillywhite-alive": { "base": "wildcraftfruit:block/plant/clipping/growth_lillypillywhite" },
      "*-marita-alive": { "base": "wildcraftfruit:block/plant/clipping/growth_marita" },
      "*-marita-dead": { "base": "wildcraftfruit:block/plant/clipping/growth_marita_dead" },
      "*-blackelder-alive": { "base": "wildcraftfruit:block/plant/clipping/growth_blackelder" },
      "*-dead": { "base": "wildcraftfruit:block/plant/clipping/growth_dead" },
      "*-alive": { "base": "wildcraftfruit:block/plant/clipping/growth" }
    },
    "blockmaterial": "Plant",
    "sideopaqueByType": {
      "*": { "all": false }
    },
    "sidesolid": {
      "all": false
    },
    "texturesByType": {
      "*-blackcurrant-*": {
        "leaves": { "base": "game:block/plant/berrybush/small/leaves/{type}*" }
      },
    "*-marita-alive": {
      "leaves": { "base": "wildcraftfruit:block/plant/berrybush/small/leaves/marita1" }
    },
    "*-marita-dead": {
      "leaves": { "base": "wildcraftfruit:block/plant/clipping/marita_dry" }
    },
      "*": {
        "leaves": { "base": "wildcraftfruit:block/plant/berrybush/small/leaves/{type}*" }
      }
    },
    "dropsByType": {
      "*-marita-dead": [
        {
          "type": "item",
          "code": "game:drygrass",
          "quantity": { "avg": 1.0 }
        }
      ],
      "*-marita-alive": [
        {
          "type": "item",
          "code": "game:drygrass",
          "quantity": { "avg": 1.0 }
        }
      ],
      "*-dead": [
        {
          "type": "item",
          "code": "game:stick",
          "quantity": { "avg": 1.0 }
        }
      ],
      "*-alive": [
        {
          "type": "item",
          "code": "game:stick",
          "quantity": { "avg": 1.0 }
        }
      ]
    },
    "replaceable": 5200,
    "lightAbsorption": 0,
    "resistance": 1,
    "collisionbox": null,
    "selectionbox": {
      "x1": 0.25,
      "y1": 0,
      "z1": 0.25,
      "x2": 0.75,
      "y2": 0.5,
      "z2": 0.75
    },
    "sounds": {
      "place": "game:block/plant",
      "break": "game:block/plant",
      "hit": "game:block/plant"
    },
    "rainPermeable": true,
    "materialDensity": 200,
    "combustibleProps": {
      "burnTemperature": 600,
      "burnDuration": 10
    },
    "guiTransform": {
          "rotation": { "x": -28, "y": 28, "z": 0 },
          "origin": { "x": 0.6, "y": 0.37, "z": 0.36 },
          "scale": 1.56
    },
    "fpHandTransform": {
          "rotation": { "x": 46, "y": 57, "z": -33 },
          "origin": { "x": 0.4, "y": 0.5, "z": 0.3 }
      },
    "tpHandTransform": {
        "rotation": { "x": -58, "y": -2, "z": -41 },
        "origin": { "x": 0.53, "y": 0.68, "z": 0.4 },
        "scale": 0.34
    },
    "groundTransform": {
      "translation": {
        "x": 0,
        "y": 0,
        "z": 0
      },
      "rotation": {
        "x": 0,
        "y": -45,
        "z": 0
      },
      "origin": {
        "x": 0.5,
        "y": 0,
        "z": 0.5
      },
      "scale": 3
    },
    "frostable": true,
    "__comment": "Wind wave looks not good on ground and horrible in planters and flower post",
    "vertexFlags": {
      "zOffset": 2,
      "weakWave": true,
      "grassWindWave": false,
      "leavesWindWave": false
    }
  }
  