﻿[
  {
    "file": "litbrig:itemtypes/wearable/tailored-brigandine",
    "op": "addmerge",
    "path": "/behaviors",
    "dependsOn": [{ "modid": "combatoverhaul" }],
    "value": [
      {
        "name": "CombatOverhaul:Armor",
        "propertiesByType": {
          "tailoredbrigandine-head-copper-*": {
            "Layers": ["Outer"],
            "Zones": ["Head", "Neck", "Face"],
            "Resists": {
              "PiercingAttack": 3,
              "SlashingAttack": 4,
              "BluntAttack": 2
            },
            "FlatReduction": {},
            "PlayerStats": {
              "walkspeed": 0,
              "manipulationSpeed": 0,
              "steadyAim": -0.2,
              "healingeffectivness": -0.05,
              "hungerrate": 0.02
            }
          },
          "tailoredbrigandine-body-copper-*": {
            "Layers": ["Outer"],
            "Zones": ["Torso", "Arms", "Hands"],
            "Resists": {
              "PiercingAttack": 3,
              "SlashingAttack": 4,
              "BluntAttack": 2
            },
            "FlatReduction": {},
            "PlayerStats": {
              "walkspeed": -0.02,
              "manipulationSpeed": -0.15,
              "steadyAim": -0.1,
              "healingeffectivness": -0.1,
              "hungerrate": 0.02
            }
          },
          "tailoredbrigandine-legs-copper-*": {
            "Layers": ["Outer"],
            "Zones": ["Legs", "Feet"],
            "Resists": {
              "PiercingAttack": 3,
              "SlashingAttack": 4,
              "BluntAttack": 2
            },
            "FlatReduction": {},
            "PlayerStats": {
              "walkspeed": -0.05,
              "manipulationSpeed": 0,
              "steadyAim": 0,
              "healingeffectivness": -0.05,
              "hungerrate": 0.02
            }
          },
          "tailoredbrigandine-head-tinbronze-*": {
            "Layers": ["Outer"],
            "Zones": ["Head", "Neck", "Face"],
            "Resists": {
              "PiercingAttack": 4,
              "SlashingAttack": 5,
              "BluntAttack": 3
            },
            "FlatReduction": {},
            "PlayerStats": {
              "walkspeed": 0,
              "manipulationSpeed": 0,
              "steadyAim": -0.1,
              "healingeffectivness": -0.05,
              "hungerrate": 0.02
            }
          },
          "tailoredbrigandine-body-tinbronze-*": {
            "Layers": ["Outer"],
            "Zones": ["Torso", "Arms", "Hands"],
            "Resists": {
              "PiercingAttack": 4,
              "SlashingAttack": 5,
              "BluntAttack": 3
            },
            "FlatReduction": {},
            "PlayerStats": {
              "walkspeed": -0.02,
              "manipulationSpeed": -0.15,
              "steadyAim": -0.1,
              "healingeffectivness": -0.1,
              "hungerrate": 0.02
            }
          },
          "tailoredbrigandine-legs-tinbronze-*": {
            "Layers": ["Outer"],
            "Zones": ["Legs", "Feet"],
            "Resists": {
              "PiercingAttack": 4,
              "SlashingAttack": 5,
              "BluntAttack": 3
            },
            "FlatReduction": {},
            "PlayerStats": {
              "walkspeed": -0.05,
              "manipulationSpeed": 0,
              "steadyAim": 0,
              "healingeffectivness": -0.05,
              "hungerrate": 0.02
            }
          },
          "tailoredbrigandine-head-bismuthbronze-*": {
            "Layers": ["Outer"],
            "Zones": ["Head", "Neck", "Face"],
            "Resists": {
              "PiercingAttack": 4,
              "SlashingAttack": 5,
              "BluntAttack": 3
            },
            "FlatReduction": {},
            "PlayerStats": {
              "walkspeed": 0,
              "manipulationSpeed": 0,
              "steadyAim": -0.1,
              "healingeffectivness": -0.05,
              "hungerrate": 0.02
            }
          },
          "tailoredbrigandine-body-bismuthbronze-*": {
            "Layers": ["Outer"],
            "Zones": ["Torso", "Arms", "Hands"],
            "Resists": {
              "PiercingAttack": 4,
              "SlashingAttack": 5,
              "BluntAttack": 3
            },
            "FlatReduction": {},
            "PlayerStats": {
              "walkspeed": -0.02,
              "manipulationSpeed": -0.15,
              "steadyAim": -0.1,
              "healingeffectivness": -0.1,
              "hungerrate": 0.02
            }
          },
          "tailoredbrigandine-legs-bismuthbronze-*": {
            "Layers": ["Outer"],
            "Zones": ["Legs", "Feet"],
            "Resists": {
              "PiercingAttack": 4,
              "SlashingAttack": 5,
              "BluntAttack": 3
            },
            "FlatReduction": {},
            "PlayerStats": {
              "walkspeed": -0.05,
              "manipulationSpeed": 0,
              "steadyAim": 0,
              "healingeffectivness": -0.05,
              "hungerrate": 0.02
            }
          },
          "tailoredbrigandine-head-blackbronze-*": {
            "Layers": ["Outer"],
            "Zones": ["Head", "Neck", "Face"],
            "Resists": {
              "PiercingAttack": 4,
              "SlashingAttack": 5,
              "BluntAttack": 3
            },
            "FlatReduction": {},
            "PlayerStats": {
              "walkspeed": 0,
              "manipulationSpeed": 0,
              "steadyAim": -0.1,
              "healingeffectivness": -0.05,
              "hungerrate": 0.02
            }
          },
          "tailoredbrigandine-body-blackbronze-*": {
            "Layers": ["Outer"],
            "Zones": ["Torso", "Arms", "Hands"],
            "Resists": {
              "PiercingAttack": 4,
              "SlashingAttack": 5,
              "BluntAttack": 3
            },
            "FlatReduction": {},
            "PlayerStats": {
              "walkspeed": -0.02,
              "manipulationSpeed": -0.15,
              "steadyAim": -0.1,
              "healingeffectivness": -0.1,
              "hungerrate": 0.02
            }
          },
          "tailoredbrigandine-legs-blackbronze-*": {
            "Layers": ["Outer"],
            "Zones": ["Legs", "Feet"],
            "Resists": {
              "PiercingAttack": 4,
              "SlashingAttack": 5,
              "BluntAttack": 3
            },
            "FlatReduction": {},
            "PlayerStats": {
              "walkspeed": -0.05,
              "manipulationSpeed": 0,
              "steadyAim": 0,
              "healingeffectivness": -0.05,
              "hungerrate": 0.02
            }
          },
          "tailoredbrigandine-head-iron-*": {
            "Layers": ["Outer"],
            "Zones": ["Head", "Neck", "Face"],
            "Resists": {
              "PiercingAttack": 5,
              "SlashingAttack": 6,
              "BluntAttack": 4
            },
            "FlatReduction": {},
            "PlayerStats": {
              "walkspeed": 0,
              "manipulationSpeed": 0,
              "steadyAim": -0.1,
              "healingeffectivness": -0.05,
              "hungerrate": 0.02
            }
          },
          "tailoredbrigandine-body-iron-*": {
            "Layers": ["Outer"],
            "Zones": ["Torso", "Arms", "Hands"],
            "Resists": {
              "PiercingAttack": 5,
              "SlashingAttack": 6,
              "BluntAttack": 4
            },
            "FlatReduction": {},
            "PlayerStats": {
              "walkspeed": -0.02,
              "manipulationSpeed": -0.15,
              "steadyAim": -0.1,
              "healingeffectivness": -0.1,
              "hungerrate": 0.02
            }
          },
          "tailoredbrigandine-legs-iron-*": {
            "Layers": ["Outer"],
            "Zones": ["Legs", "Feet"],
            "Resists": {
              "PiercingAttack": 5,
              "SlashingAttack": 6,
              "BluntAttack": 4
            },
            "FlatReduction": {},
            "PlayerStats": {
              "walkspeed": -0.09,
              "manipulationSpeed": 0,
              "steadyAim": 0,
              "healingeffectivness": -0.05,
              "hungerrate": 0.02
            }
          },
          "tailoredbrigandine-head-meteoriciron-*": {
            "Layers": ["Outer"],
            "Zones": ["Head", "Neck", "Face"],
            "Resists": {
              "PiercingAttack": 5,
              "SlashingAttack": 6,
              "BluntAttack": 4
            },
            "FlatReduction": {},
            "PlayerStats": {
              "walkspeed": 0,
              "manipulationSpeed": 0,
              "steadyAim": -0.1,
              "healingeffectivness": -0.05,
              "hungerrate": 0.02
            }
          },
          "tailoredbrigandine-body-meteoriciron-*": {
            "Layers": ["Outer"],
            "Zones": ["Torso", "Arms", "Hands"],
            "Resists": {
              "PiercingAttack": 5,
              "SlashingAttack": 6,
              "BluntAttack": 4
            },
            "FlatReduction": {},
            "PlayerStats": {
              "walkspeed": -0.02,
              "manipulationSpeed": -0.15,
              "steadyAim": -0.1,
              "healingeffectivness": -0.1,
              "hungerrate": 0.02
            }
          },
          "tailoredbrigandine-legs-meteoriciron-*": {
            "Layers": ["Outer"],
            "Zones": ["Legs", "Feet"],
            "Resists": {
              "PiercingAttack": 5,
              "SlashingAttack": 6,
              "BluntAttack": 4
            },
            "FlatReduction": {},
            "PlayerStats": {
              "walkspeed": -0.09,
              "manipulationSpeed": 0,
              "steadyAim": 0,
              "healingeffectivness": -0.05,
              "hungerrate": 0.02
            }
          },
          "tailoredbrigandine-head-steel-*": {
            "Layers": ["Outer"],
            "Zones": ["Head", "Neck", "Face"],
            "Resists": {
              "PiercingAttack": 6,
              "SlashingAttack": 7,
              "BluntAttack": 5
            },
            "FlatReduction": {},
            "PlayerStats": {
              "walkspeed": 0,
              "manipulationSpeed": 0,
              "steadyAim": -0.1,
              "healingeffectivness": -0.05,
              "hungerrate": 0.02
            }
          },
          "tailoredbrigandine-body-steel-*": {
            "Layers": ["Outer"],
            "Zones": ["Torso", "Arms", "Hands"],
            "Resists": {
              "PiercingAttack": 6,
              "SlashingAttack": 7,
              "BluntAttack": 5
            },
            "FlatReduction": {},
            "PlayerStats": {
              "walkspeed": -0.02,
              "manipulationSpeed": -0.15,
              "steadyAim": -0.1,
              "healingeffectivness": -0.1,
              "hungerrate": 0.02
            }
          },
          "tailoredbrigandine-legs-steel-*": {
            "Layers": ["Outer"],
            "Zones": ["Legs", "Feet"],
            "Resists": {
              "PiercingAttack": 6,
              "SlashingAttack": 7,
              "BluntAttack": 5
            },
            "FlatReduction": {},
            "PlayerStats": {
              "walkspeed": -0.09,
              "manipulationSpeed": 0,
              "steadyAim": 0,
              "healingeffectivness": -0.05,
              "hungerrate": 0.02
            }
          },
          "tailoredbrigandine-body-leather-*": {
            "Layers": ["Skin"],
            "Zones": ["Torso", "Arms", "Hands"],
            "Resists": {
              "PiercingAttack": 0,
              "SlashingAttack": 0,
              "BluntAttack": 4
            },
            "FlatReduction": {},
            "PlayerStats": {
              "walkspeed": -0.02,
              "manipulationSpeed": -0.02,
              "steadyAim": 0,
              "healingeffectivness": -0.02,
              "hungerrate": 0.02
            }
          },
          "tailoredbrigandine-legs-leather-*": {
            "Layers": ["Skin"],
            "Zones": ["Legs", "Feet"],
            "Resists": {
              "PiercingAttack": 0,
              "SlashingAttack": 0,
              "BluntAttack": 4
            },
            "FlatReduction": {},
            "PlayerStats": {
              "walkspeed": -0.02,
              "manipulationSpeed": 0,
              "steadyAim": 0,
              "healingeffectivness": -0.02,
              "hungerrate": 0.02
            }
          }
        }
      }
    ]
  },
  {
    "file": "litbrig:itemtypes/wearable/tailored-brigandine",
    "op": "replace",
    "path": "/durabilityByType",
    "dependsOn": [{ "modid": "combatoverhaul" }],
    "value": {
      "tailoredbrigandine-head-copper-*": 1800,
      "tailoredbrigandine-head-tinbronze-*": 2200,
      "tailoredbrigandine-head-bismuthbronze-*": 2100,
      "tailoredbrigandine-head-blackbronze-*": 2400,
      "tailoredbrigandine-head-iron-*": 2600,
      "tailoredbrigandine-head-meteoriciron-*": 3000,
      "tailoredbrigandine-head-steel-*": 5200,
      "tailoredbrigandine-body-leather-*": 4200,
      "tailoredbrigandine-body-copper-*": 5400,
      "tailoredbrigandine-body-tinbronze-*": 6600,
      "tailoredbrigandine-body-bismuthbronze-*": 6300,
      "tailoredbrigandine-body-blackbronze-*": 7200,
      "tailoredbrigandine-body-iron-*": 7800,
      "tailoredbrigandine-body-meteoriciron-*": 9000,
      "tailoredbrigandine-body-steel-*": 15600,
      "tailoredbrigandine-legs-leather-*": 2800,
      "tailoredbrigandine-legs-copper-*": 3600,
      "tailoredbrigandine-legs-tinbronze-*": 4400,
      "tailoredbrigandine-legs-bismuthbronze-*": 4200,
      "tailoredbrigandine-legs-blackbronze-*": 4800,
      "tailoredbrigandine-legs-iron-*": 5200,
      "tailoredbrigandine-legs-meteoriciron-*": 6000,
      "tailoredbrigandine-legs-steel-*": 10400
    }
  },
  {
    "file": "litbrig:itemtypes/wearable/tailored-brigandine",
    "op": "replace",
    "path": "/shapeByType",
    "dependsOn": [{ "modid": "combatoverhaul" }],
    "value": {
      "tailoredbrigandine-head-tinbronze-*": {
        "base": "game:combatoverhaul/armor/brigandine/{bodypart}-bronze"
      },
      "tailoredbrigandine-head-bismuthbronze-*": {
        "base": "game:combatoverhaul/armor/brigandine/{bodypart}-bronze"
      },
      "tailoredbrigandine-head-blackbronze-*": {
        "base": "game:combatoverhaul/armor/brigandine/{bodypart}-bronze"
      },
      "tailoredbrigandine-head-meteoriciron-*": {
        "base": "game:combatoverhaul/armor/brigandine/{bodypart}-steel"
      },
      "tailoredbrigandine-head-steel-*": {
        "base": "game:combatoverhaul/armor/brigandine/{bodypart}-steel"
      },
      "tailoredbrigandine-head-*": {
        "base": "game:combatoverhaul/armor/brigandine/head-{material}"
      },
      "tailoredbrigandine-*-leather-*": {
        "base": "game:combatoverhaul/armor/jerkin/{bodypart}"
      },
      "tailoredbrigandine-*": {
        "base": "game:combatoverhaul/armor/brigandine/{bodypart}"
      }
    }
  },
  {
    "file": "litbrig:itemtypes/wearable/tailored-brigandine",
    "op": "replace",
    "path": "/attributes/protectionModifiersByType",
    "dependsOn": [{ "modid": "combatoverhaul" }],
    "value": { "*": null }
  },
  {
    "file": "litbrig:itemtypes/wearable/tailored-brigandine",
    "op": "replace",
    "path": "/attributes/statModifiersByType",
    "dependsOn": [{ "modid": "combatoverhaul" }],
    "value": { "*": null }
  },
  {
    "file": "litbrig:itemtypes/wearable/tailored-brigandine",
    "op": "replace",
    "path": "/class",
    "dependsOn": [{ "modid": "combatoverhaul" }],
    "value": "CombatOverhaul:WearableArmor"
  }
]
