{
   "code":"yak-female",
   "class":"EntityAgent",
   "hitboxSize":{
      "x":1.80,
      "y":1.7
   },
   "deadHitboxSize":{
      "x":1.3,
      "y":0.75
   },
   "eyeHeight":1.4,
   "knockbackResistance":0.61,
   "weight":180,
   "drops":[
      
   ],
   "attributes":{
      "basketCatchable":false,
      "trapChance":0.0,
      "trapDestroyChance":0.5,
      "creatureDiet":{
         "foodTags":[
            "grass"
         ],
         "skipFoodTags":[
            "rice",
            "parsnip",
            "spelt",
            "flax",
            "rye",
            "amaranth",
            "sunflower"
         ]
      },
      "handbook":{
         "groupcode":"thecritterpack:creaturegroup-yak"
      }
   },
   "fallDamageMultiplier":0.5,
   "client":{
      "renderer":"Shape",
      "size":1.05,
      "shape":{
         "base":"entity/land/yak/yak-female-f5"
      },
      "texture":{
         "base":"entity/yak/yak01"
      },
      "behaviors":[
         {
            "code":"repulseagents"
         },
         {
            "code":"controlledphysics",
            "stepHeight":1.3251
         },
         {
            "code":"interpolateposition"
         },
         {
            "code":"floatupwhenstuck",
            "onlyWhenDead":true
         },
         {
            "code":"multiply"
         },
         {
            "code":"harvestable"
         },
         {
            "code":"despawn",
            "minPlayerDistance":8,
            "belowLightLevel":8,
            "minSeconds":300
         },
         {
            "code":"ropetieable",
            "minGeneration":2
         }
      ],
      "animations":[
         {
            "code":"hurt",
            "animation":"hurt",
            "animationSpeed":2.2,
            "weight":10,
            "blendMode":"AddAverage"
         },
         {
            "code":"die",
            "animation":"death",
            "animationSpeed":1.25,
            "weight":10,
            "blendMode":"Average",
            "triggeredBy":{
               "onControls":[
                  "dead"
               ]
            }
         },
         {
            "code":"idle",
            "animation":"idle",
            "blendMode":"AddAverage",
            "easeOutSpeed":4,
            "triggeredBy":{
               "defaultAnim":true
            }
         },
         {
            "code":"sleep",
            "animation":"sleep",
            "easeInSpeed":4,
            "easeOutSpeed":4,
            "blendMode":"Average"
         },
         {
            "code":"sit",
            "animation":"sit",
            "easeInSpeed":4,
            "easeOutSpeed":4,
            "blendMode":"Average"
         }
      ]
   },
   "server":{
      "attributes":{
         "pathfinder":{
            "minTurnAnglePerSec":110,
            "maxTurnAnglePerSec":180
         }
      },
      "behaviors":[
         {
            "code":"repulseagents"
         },
         {
            "code":"controlledphysics",
            "stepHeight":1.1251
         },
         {
            "code":"despawn",
            "minPlayerDistance":8,
            "belowLightLevel":8,
            "minSeconds":300
         },
         {
            "code":"health",
            "currenthealth":30,
            "maxhealth":30
         },
         {
            "code":"deaddecay",
            "hoursToDecay":96,
            "decayedBlock":"carcass-large"
         },
         {
            "code":"floatupwhenstuck",
            "onlyWhenDead":true
         },
         {
            "code":"harvestable",
            "drops":[
               {
                  "type":"item",
                  "code":"redmeat-raw",
                  "quantity":{
                     "avg":14,
                     "var":3.5
                  }
               },
               {
                  "type":"item",
                  "code":"hide-raw-huge",
                  "quantity":{
                     "avg":3.2,
                     "var":0.4
                  }
               },
               {
                  "type":"item",
                  "code":"fat",
                  "quantity":{
                     "avg":3,
                     "var":2.5
                  }
               },
               {
                  "type":"item",
                  "code":"bone",
                  "quantity":{
                     "avg":4,
                     "var":0.5
                  }
               }
            ]
         },
         {
            "code":"breathe"
         },
         {
            "code":"multiply",
            "spawnEntityCode":"thecritterpack:yak-calf",
            "requiresNearbyEntityCode":"thecritterpack:yak-male",
            "requiresNearbyEntityRange":10,
            "spawnQuantityMin":1,
            "spawnQuantityMax":1,
            "pregnancyDays":24,
            "multiplyCooldownDaysMin":9,
            "multiplyCooldownDaysMax":16,
            "portionsEatenForMultiply":10
         },
         {
            "code":"emotionstates",
            "states":[
               {
                  "code":"fleeondamage",
                  "duration":75,
                  "chance":1,
                  "slot":0,
                  "priority":1,
                  "accumType":"max",
                  "whenHealthRelBelow":0.9
               },
               {
                  "code":"aggressiveondamage",
                  "duration":30,
                  "chance":0.75,
                  "slot":0,
                  "priority":2,
                  "accumType":"noaccum"
               },
               {
                  "code":"alarmherdondamage",
                  "chance":1,
                  "slot":1,
                  "priority":1,
                  "accumType":"max"
               },
               {
                  "code":"aggressivearoundentities",
                  "duration":35,
                  "chance":1,
                  "slot":2,
                  "priority":1,
                  "entityCodes":[
                     "thecritterpack:yak-calf"
                  ],
                  "maxGeneration":1
               }
            ]
         },
         {
            "code":"taskai",
            "aitasks":[
               {
                  "code":"meleeattack",
                  "entityCodes":[
                     "player",
                     "wolf-*",
                     "bear-*"
                  ],
                  "knockbackStrength":2.05,
                  "priority":2,
                  "damage":7,
                  "damageTier":2,
                  "slot":1,
                  "mincooldown":1500,
                  "maxcooldown":2500,
                  "attackDurationMs":1250,
                  "damagePlayerAtMs":900,
                  "animation":"Attack",
                  "animationSpeed":2,
                  "whenInEmotionState":"aggressiveondamage"
               },
               {
                  "code":"seekentity",
                  "entityCodes":[
                     "player",
                     "wolf-*",
                     "bear-*"
                  ],
                  "priority":1.5,
                  "mincooldown":1000,
                  "maxcooldown":1500,
                  "movespeed":0.028,
                  "seekingRange":15,
                  "animation":"Run",
                  "animationSpeed":1.8,
                  "whenInEmotionState":"aggressiveondamage"
               },
               {
                  "code":"fleeentity",
                  "entityCodes":[
                     "player",
                     "wolf-*",
                     "bear-*"
                  ],
                  "priority":1.5,
                  "movespeed":0.028,
                  "seekingRange":12,
                  "animation":"Run",
                  "animationSpeed":1.8,
                  "whenInEmotionState":"fleeondamage"
               },
               {
                  "code":"getoutofwater",
                  "priority":1.4,
                  "movespeed":0.02,
                  "animation":"Walk",
                  "animationSpeed":4
               },
               {
                  "code":"idle",
                  "priority":1.35,
                  "priorityForCancel":1.35,
                  "minduration":5000000,
                  "maxduration":5000000,
                  "mincooldown":10000,
                  "maxcooldown":30000,
                  "animation":"Sleep",
                  "whenNotInEmotionState":"aggressiveondamage",
                  "duringDayTimeFrames":[
                     {
                        "fromHour":22,
                        "toHour":24
                     },
                     {
                        "fromHour":0,
                        "toHour":5
                     }
                  ],
                  "stopOnNearbyEntityCodes":[
                     "player"
                  ],
                  "stopRange":8,
                  "stopOnHurt":true
               },
               {
                  "code":"stayclosetoentity",
                  "priority":1.3,
                  "entityCode":"yak-male",
                  "maxDistance":10,
                  "searchRange":25,
                  "movespeed":0.007,
                  "animation":"Walk",
                  "animationSpeed":2.2
               },
               {
                  "code":"seekfoodandeat",
                  "movespeed":0.004,
                  "priority":1.25,
                  "eatSound":"game:player/eat",
                  "eatTime":1.5,
                  "animationSpeed":1.4,
                  "animation":"Walk",
                  "eatAnimation":"Eat",
                  "mincooldownHours":1,
                  "maxcooldownHours":4
               },
               {
                  "code":"idle",
                  "priority":1.2,
                  "priorityForCancel":1.35,
                  "minduration":2667,
                  "maxduration":2667,
                  "mincooldown":6000,
                  "maxcooldown":20000,
                  "animation":"Eat",
                  "animationSpeed":1.5
               },
               {
                  "code":"wander",
                  "priority":1.0,
                  "priorityForCancel":1.35,
                  "movespeed":0.005,
                  "animationSpeed":1.4,
                  "animation":"Walk",
                  "preferredLightLevel":24
               },
               {
                  "code":"idle",
                  "priority":0.9,
                  "minduration":6000,
                  "maxduration":45000,
                  "mincooldown":6000,
                  "maxcooldown":120000,
                  "priorityForCancel":1.28,
                  "animation":"Sit"
               },
               {
                  "code":"idle",
                  "priority":1.0,
                  "priorityForCancel":1.35,
                  "minduration":5333,
                  "maxduration":5333,
                  "mincooldown":6000,
                  "maxcooldown":120000,
                  "animation":"Look"
               },
               {
                  "code":"lookaround",
                  "priority":0.5
               }
            ]
         },
         {
            "code":"ropetieable",
            "minGeneration":2
         },
         {
            "code":"pettable",
            "minGeneration":1
         }
      ]
   },
   "sounds":{
      "idle":"creature/yak/yak-0*",
      "hurt":"creature/yak/yakhurt*"
   },
   "idleSoundChance":0.11
}