{
   "code":"yak-calf",
   "class":"EntityAgent",
   "hitboxSize":{
      "x":1.3,
      "y":1.3
   },
   "deadHitboxSize":{
      "x":1.3,
      "y":0.75
   },
   "eyeHeight":1.4,
   "knockbackResistance":0.41,
   "weight":48,
   "drops":[
      
   ],
   "attributes":{
      "basketCatchable":false,
      "trapChance":0.0,
      "trapDestroyChance":0.5,
      "creatureDiet":{
         "foodTags":[
            "grass"
         ],
         "skipFoodTags":[
            "rice",
            "parsnip",
            "spelt",
            "flax",
            "rye",
            "amaranth",
            "sunflower"
         ]
      },
      "handbook":{
         "groupcode":"thecritterpack:creaturegroup-yak"
      }
   },
   "fallDamageMultiplier":0.5,
   "client":{
      "renderer":"Shape",
      "size":0.75,
      "sizeGrowthFactor":0.48,
      "shape":{
         "base":"entity/land/yak/yak-calf-f5"
      },
      "texture":{
         "base":"entity/yak/yak01"
      },
      "behaviors":[
         {
            "code":"repulseagents"
         },
         {
            "code":"controlledphysics",
            "stepHeight":1.3251
         },
         {
            "code":"interpolateposition"
         },
         {
            "code":"floatupwhenstuck",
            "onlyWhenDead":true
         },
         {
            "code":"harvestable"
         },
         {
            "code":"despawn",
            "minPlayerDistance":8,
            "belowLightLevel":8,
            "minSeconds":300
         },
         {
            "code":"ropetieable",
            "minGeneration":2
         }
      ],
      "animations":[
         {
            "code":"hurt",
            "animation":"hurt",
            "animationSpeed":3.0,
            "weight":10,
            "blendMode":"AddAverage"
         },
         {
            "code":"die",
            "animation":"death",
            "animationSpeed":1.25,
            "weight":10,
            "blendMode":"Average",
            "triggeredBy":{
               "onControls":[
                  "dead"
               ]
            }
         },
         {
            "code":"idle",
            "animation":"idle",
            "blendMode":"AddAverage",
            "easeOutSpeed":4,
            "triggeredBy":{
               "defaultAnim":true
            }
         },
         {
            "code":"sleep",
            "animation":"sleep",
            "easeInSpeed":4,
            "easeOutSpeed":4,
            "blendMode":"Average"
         },
         {
            "code":"sit",
            "animation":"sit",
            "easeInSpeed":4,
            "easeOutSpeed":4,
            "blendMode":"Average"
         }
      ]
   },
   "server":{
      "attributes":{
         "pathfinder":{
            "minTurnAnglePerSec":110,
            "maxTurnAnglePerSec":180
         }
      },
      "behaviors":[
         {
            "code":"repulseagents"
         },
         {
            "code":"controlledphysics",
            "stepHeight":1.1251
         },
         {
            "code":"despawn",
            "minPlayerDistance":8,
            "belowLightLevel":8,
            "minSeconds":300
         },
         {
            "code":"health",
            "currenthealth":20,
            "maxhealth":20
         },
         {
            "code":"deaddecay",
            "hoursToDecay":96,
            "decayedBlock":"carcass-medium"
         },
         {
            "code":"floatupwhenstuck",
            "onlyWhenDead":true
         },
         {
            "code":"harvestable",
            "drops":[
               {
                  "type":"item",
                  "code":"redmeat-raw",
                  "quantity":{
                     "avg":8,
                     "var":3.5
                  }
               },
               {
                  "type":"item",
                  "code":"hide-raw-large",
                  "quantity":{
                     "avg":1.2,
                     "var":0.8
                  }
               },
               {
                  "type":"item",
                  "code":"fat",
                  "quantity":{
                     "avg":2,
                     "var":1.5
                  }
               },
               {
                  "type":"item",
                  "code":"bone",
                  "quantity":{
                     "avg":2,
                     "var":0.5
                  }
               }
            ]
         },
         {
            "code":"breathe"
         },
         {
            "code":"grow",
            "hoursToGrow":320,
            "adultEntityCodes":[
               "thecritterpack:yak-male",
               "thecritterpack:yak-female",
               "thecritterpack:yak-female"
            ]
         },
         {
            "code":"emotionstates",
            "states":[
               {
                  "code":"alarmherdondamage",
                  "chance":1,
                  "slot":1,
                  "priority":1,
                  "accumType":"max"
               }
            ]
         },
         {
            "code":"taskai",
            "aitasks":[
               {
                  "code":"fleeentity",
                  "entityCodes":[
                     "player",
                     "wolf-*",
                     "bear-*"
                  ],
                  "priority":1.5,
                  "movespeed":0.022,
                  "seekingRange":11,
                  "animationSpeed":3.0,
                  "animation":"Run"
               },
               {
                  "code":"getoutofwater",
                  "priority":1.4,
                  "movespeed":0.015,
                  "animation":"Walk",
                  "animationSpeed":4
               },
               {
                  "code":"stayclosetoentity",
                  "priority":1.4,
                  "entityCode":"yak-female",
                  "movespeed":0.035,
                  "maxDistance":7,
                  "searchRange":20,
                  "animation":"Run",
                  "animationSpeed":3.0
               },
               {
                  "code":"idle",
                  "priority":1.35,
                  "priorityForCancel":1.35,
                  "minduration":5000000,
                  "maxduration":5000000,
                  "mincooldown":10000,
                  "maxcooldown":30000,
                  "animation":"Sleep",
                  "whenNotInEmotionState":"aggressiveondamage",
                  "duringDayTimeFrames":[
                     {
                        "fromHour":22,
                        "toHour":24
                     },
                     {
                        "fromHour":0,
                        "toHour":5
                     }
                  ],
                  "stopOnNearbyEntityCodes":[
                     "player"
                  ],
                  "stopRange":8,
                  "stopOnHurt":true
               },
               {
                  "code":"idle",
                  "priority":1.2,
                  "priorityForCancel":1.35,
                  "eatSound":"game:player/eat",
                  "minduration":1500,
                  "maxduration":1500,
                  "mincooldown":6000,
                  "maxcooldown":20000,
                  "animation":"Eat",
                  "animationSpeed":2
               },
               {
                  "code":"idle",
                  "priority":1.1,
                  "priorityForCancel":1.35,
                  "minduration":1500,
                  "maxduration":1500,
                  "mincooldown":6000,
                  "maxcooldown":90000,
                  "animation":"look",
                  "animationSpeed":1
               },
               {
                  "code":"wander",
                  "priority":1.0,
                  "priorityForCancel":1.35,
                  "movespeed":0.004,
                  "animationSpeed":2,
                  "animation":"Walk",
                  "preferredLightLevel":24
               },
               {
                  "code":"idle",
                  "priority":0.9,
                  "minduration":5000,
                  "maxduration":45000,
                  "mincooldown":6000,
                  "maxcooldown":120000,
                  "priorityForCancel":1.28,
                  "animation":"Sit"
               },
               {
                  "code":"idle",
                  "priority":1.0,
                  "priorityForCancel":1.35,
                  "minduration":5333,
                  "maxduration":5333,
                  "mincooldown":6000,
                  "maxcooldown":120000,
                  "animation":"Look"
               },
               {
                  "code":"lookaround",
                  "priority":0.5
               }
            ]
         },
         {
            "code":"ropetieable",
            "minGeneration":2
         },
         {
            "code":"pettable",
            "minGeneration":1
         }
      ]
   },
   "sounds":{
      "idle":"creature/yak/calf-yak-0*",
      "hurt":"creature/yak/calf-yak-hurt"
   },
   "idleSoundChance":0.16
}