[
  {
	  "side": "Server", 
    "op": "replace",
    "path": "/0/attributes/radius/avg",
    "value": 10,
    "file": "worldgen/deposits/metalore/galena.json"
  },
  {
	  "side": "Server", 
    "op": "replace",
    "path": "/0/attributes/thickness/avg",
    "value": 2,
    "file": "worldgen/deposits/metalore/galena.json"
  },
  {
	  "side": "Server", 
    "op": "replace",
    "path": "/0/childDeposits/0/attributes/radius/avg",
    "value": 8,
    "file": "worldgen/deposits/metalore/galena.json"
  },
  {
	  "side": "Server", 
    "op": "replace",
    "path": "/0/childDeposits/0/attributes/thickness/avg",
    "value": 3,
    "file": "worldgen/deposits/metalore/galena.json"
  },
  {	"side": "Server", "op": "add", "path": "/allowedVariants/-", "value": "ore-bountiful-galena_nativesilver-chalk", "file": "blocktypes/stone/ore-graded.json" }, 
  {	"side": "Server", "op": "add", "path": "/allowedVariants/-", "value": "ore-bountiful-galena_nativesilver-chert", "file": "blocktypes/stone/ore-graded.json" },
  {	"side": "Server", "op": "add", "path": "/allowedVariants/-", "value": "ore-bountiful-galena_nativesilver-conglomerate", "file": "blocktypes/stone/ore-graded.json" },
  {	"side": "Server", "op": "add", "path": "/allowedVariants/-", "value": "ore-bountiful-galena_nativesilver-limestone", "file": "blocktypes/stone/ore-graded.json" },
  {	"side": "Server", "op": "add", "path": "/allowedVariants/-", "value": "ore-bountiful-galena_nativesilver-claystone", "file": "blocktypes/stone/ore-graded.json" },
  {	"side": "Server", "op": "add", "path": "/allowedVariants/-", "value": "ore-bountiful-galena_nativesilver-sandstone", "file": "blocktypes/stone/ore-graded.json" },
  {	"side": "Server", "op": "add", "path": "/allowedVariants/-", "value": "ore-bountiful-galena_nativesilver-shale", "file": "blocktypes/stone/ore-graded.json" }, 
  {	"side": "Server", "op": "add", "path": "/allowedVariants/-", "value": "ore-bountiful-galena_nativesilver-chalk", "file": "itemtypes/resource/ore-graded.json" }, 
  {	"side": "Server", "op": "add", "path": "/allowedVariants/-", "value": "ore-bountiful-galena_nativesilver-chert", "file": "itemtypes/resource/ore-graded.json" },
  {	"side": "Server", "op": "add", "path": "/allowedVariants/-", "value": "ore-bountiful-galena_nativesilver-conglomerate", "file": "itemtypes/resource/ore-graded.json" },
  {	"side": "Server", "op": "add", "path": "/allowedVariants/-", "value": "ore-bountiful-galena_nativesilver-limestone", "file": "itemtypes/resource/ore-graded.json" },
  {	"side": "Server", "op": "add", "path": "/allowedVariants/-", "value": "ore-bountiful-galena_nativesilver-claystone", "file": "itemtypes/resource/ore-graded.json" },
  {	"side": "Server", "op": "add", "path": "/allowedVariants/-", "value": "ore-bountiful-galena_nativesilver-sandstone", "file": "itemtypes/resource/ore-graded.json" },
  {	"side": "Server", "op": "add", "path": "/allowedVariants/-", "value": "ore-bountiful-galena_nativesilver-shale", "file": "itemtypes/resource/ore-graded.json" }, 
  {	"side": "Server", "op": "add", "path": "/allowedVariants/-", "value": "crystalizedore-bountiful-galena_nativesilver-chalk", "file": "itemtypes/resource/crystalizedore-graded.json" }, 
  {	"side": "Server", "op": "add", "path": "/allowedVariants/-", "value": "crystalizedore-bountiful-galena_nativesilver-chert", "file": "itemtypes/resource/crystalizedore-graded.json" },
  {	"side": "Server", "op": "add", "path": "/allowedVariants/-", "value": "crystalizedore-bountiful-galena_nativesilver-conglomerate", "file": "itemtypes/resource/crystalizedore-graded.json" },
  {	"side": "Server", "op": "add", "path": "/allowedVariants/-", "value": "crystalizedore-bountiful-galena_nativesilver-limestone", "file": "itemtypes/resource/crystalizedore-graded.json" },
  {	"side": "Server", "op": "add", "path": "/allowedVariants/-", "value": "crystalizedore-bountiful-galena_nativesilver-claystone", "file": "itemtypes/resource/crystalizedore-graded.json" },
  {	"side": "Server", "op": "add", "path": "/allowedVariants/-", "value": "crystalizedore-bountiful-galena_nativesilver-sandstone", "file": "itemtypes/resource/crystalizedore-graded.json" },
  {	"side": "Server", "op": "add", "path": "/allowedVariants/-", "value": "crystalizedore-bountiful-galena_nativesilver-shale", "file": "itemtypes/resource/crystalizedore-graded.json" },    
  { "side": "Server", "op": "replace", "path": "/0/attributes/placeblock/allowedVariantsByInBlock/rock-chalk/0", "value": "medium", "file": "worldgen/deposits/metalore/galena.json" },
  { "side": "Server", "op": "replace", "path": "/0/attributes/placeblock/allowedVariantsByInBlock/rock-chalk/1", "value": "rich", "file": "worldgen/deposits/metalore/galena.json" },
  { "side": "Server", "op": "remove", "path": "/0/attributes/placeblock/allowedVariantsByInBlock/rock-chert/0", "file": "worldgen/deposits/metalore/galena.json" }, 
  { "side": "Server", "op": "remove", "path": "/0/attributes/placeblock/allowedVariantsByInBlock/rock-chert/0", "file": "worldgen/deposits/metalore/galena.json" }, 
  { "side": "Server", "op": "remove", "path": "/0/attributes/placeblock/allowedVariantsByInBlock/rock-chert/0", "file": "worldgen/deposits/metalore/galena.json" }, 
  { "side": "Server", "op": "remove", "path": "/0/attributes/placeblock/allowedVariantsByInBlock/rock-claystone/0", "file": "worldgen/deposits/metalore/galena.json" }, 
  { "side": "Server", "op": "replace", "path": "/0/attributes/placeblock/allowedVariantsByInBlock/rock-conglomerate/0", "value": "medium", "file": "worldgen/deposits/metalore/galena.json" },
  { "side": "Server", "op": "replace", "path": "/0/attributes/placeblock/allowedVariantsByInBlock/rock-conglomerate/1", "value": "rich", "file": "worldgen/deposits/metalore/galena.json" },
  { "side": "Server", "op": "replace", "path": "/0/attributes/placeblock/allowedVariantsByInBlock/rock-limestone/0", "value": "medium", "file": "worldgen/deposits/metalore/galena.json" },
  { "side": "Server", "op": "replace", "path": "/0/attributes/placeblock/allowedVariantsByInBlock/rock-limestone/1", "value": "rich", "file": "worldgen/deposits/metalore/galena.json" },
  { "side": "Server", "op": "remove", "path": "/0/attributes/placeblock/allowedVariantsByInBlock/rock-sandstone/0", "file": "worldgen/deposits/metalore/galena.json" }, 
  { "side": "Server", "op": "remove", "path": "/0/attributes/placeblock/allowedVariantsByInBlock/rock-shale/0", "file": "worldgen/deposits/metalore/galena.json" }, 
  { "side": "Server", "op": "remove", "path": "/0/attributes/placeblock/allowedVariantsByInBlock/rock-shale/0", "file": "worldgen/deposits/metalore/galena.json" }, 
  {
	  "side": "Server", 
    "op": "replace",
    "path": "/0/childDeposits/0/attributes/placeblock/allowedVariants",
    "value": [
      "bountiful"
    ],
    "file": "worldgen/deposits/metalore/galena.json"
  }
]