[
  {
	  "side": "Server", 
    "op": "replace",
    "path": "/0/attributes/radius/avg",
    "value": 9,
    "file": "worldgen/deposits/metalore/ilmenite.json"
  },
  {
	  "side": "Server", 
    "op": "replace",
    "path": "/0/attributes/thickness/avg",
    "value": 2,
    "file": "worldgen/deposits/metalore/ilmenite.json"
  },
  {	"side": "Server", "op": "add", "path": "/allowedVariants/-", "value": "ore-rich-ilmenite-andesite", "file": "blocktypes/stone/ore-graded.json" },  
  {	"side": "Server", "op": "add", "path": "/allowedVariants/-", "value": "ore-rich-ilmenite-granite", "file": "blocktypes/stone/ore-graded.json" },
  {	"side": "Server", "op": "add", "path": "/allowedVariants/-", "value": "ore-bountiful-ilmenite-andesite", "file": "blocktypes/stone/ore-graded.json" },  
  {	"side": "Server", "op": "add", "path": "/allowedVariants/-", "value": "ore-bountiful-ilmenite-granite", "file": "blocktypes/stone/ore-graded.json" },   
  {	"side": "Server", "op": "add", "path": "/allowedVariants/-", "value": "ore-bountiful-ilmenite-basalt", "file": "blocktypes/stone/ore-graded.json" },   
  {	"side": "Server", "op": "add", "path": "/allowedVariants/-", "value": "ore-rich-ilmenite-andesite", "file": "itemtypes/resource/ore-graded.json" },
  {	"side": "Server", "op": "add", "path": "/allowedVariants/-", "value": "ore-rich-ilmenite-granite", "file": "itemtypes/resource/ore-graded.json" },
  {	"side": "Server", "op": "add", "path": "/allowedVariants/-", "value": "ore-bountiful-ilmenite-andesite", "file": "itemtypes/resource/ore-graded.json" },
  {	"side": "Server", "op": "add", "path": "/allowedVariants/-", "value": "ore-bountiful-ilmenite-granite", "file": "itemtypes/resource/ore-graded.json" },  
  {	"side": "Server", "op": "add", "path": "/allowedVariants/-", "value": "ore-bountiful-ilmenite-basalt", "file": "itemtypes/resource/ore-graded.json" },  
  {	"side": "Server", "op": "add", "path": "/allowedVariants/-", "value": "crystalizedore-rich-ilmenite-andesite", "file": "itemtypes/resource/crystalizedore-graded.json" },    
  {	"side": "Server", "op": "add", "path": "/allowedVariants/-", "value": "crystalizedore-rich-ilmenite-granite", "file": "itemtypes/resource/crystalizedore-graded.json" },    
  {	"side": "Server", "op": "add", "path": "/allowedVariants/-", "value": "crystalizedore-bountiful-ilmenite-andesite", "file": "itemtypes/resource/crystalizedore-graded.json" },    
  {	"side": "Server", "op": "add", "path": "/allowedVariants/-", "value": "crystalizedore-bountiful-ilmenite-granite", "file": "itemtypes/resource/crystalizedore-graded.json" },   
  {	"side": "Server", "op": "add", "path": "/allowedVariants/-", "value": "crystalizedore-bountiful-ilmenite-basalt", "file": "itemtypes/resource/crystalizedore-graded.json" }
]