[
  {
	"side": "Server",
    "op": "replace",
    "path": "/0/triesPerChunk",
    "value": 0.075,
    "file": "worldgen/deposits/soil/soil.json"
  },
  {
	"side": "Server",
    "op": "replace",
    "path": "/0/attributes/radius/avg",
    "value": 10,
    "file": "worldgen/deposits/soil/soil.json"
  },
  {
	"side": "Server",
    "op": "replace",
    "path": "/0/attributes/thickness/avg",
    "value": 2,
    "file": "worldgen/deposits/soil/soil.json"
  },
  {
	"side": "Server",
    "op": "replace",
    "path": "/attributes/growthLightLevel",
    "value": 3,
    "file": "blocktypes/soil/soil.json"
  },
  {
	"side": "Server",
    "op": "add",
    "path": "/attributes/growthChanceOnTick",
    "value": 0.5,
    "file": "blocktypes/soil/soil.json"
  },

  { "side": "Server", "op": "add", "path": "/blocklayers/0/blockCodeByMin/-", "value": { "minTemp": 5, "minRain": 0.39, "minFertility": 0.6, "blockCode": "soil-high-normal" }, "file": "worldgen/blocklayers.json" },
  { "side": "Server", "op": "add", "path": "/blocklayers/0/blockCodeByMin/-", "value": { "minTemp": 3, "minRain": 0.26, "minFertility": 0.6, "blockCode": "soil-high-sparse" }, "file": "worldgen/blocklayers.json" },
  { "side": "Server", "op": "add", "path": "/blocklayers/0/blockCodeByMin/-", "value": { "minTemp": 1, "minRain": 0.18, "minFertility": 0.6, "blockCode": "soil-high-verysparse" }, "file": "worldgen/blocklayers.json" }
]