{
    "code": "herb",
    "maxstacksize": 64,
    "variantgroups": [
        {
            "code": "type",
            "states": [ "chamomile", "hibiscus", "lavender", "calendula", "mint" ]
        },
        {
            "code": "state",
            "states": [ "fresh", "dried" ]
        }
    ],
    "shapeByType": {
        "*": { "base": "item/food/herb/{type}-{state}" }
    },
    "texture": {
        "base": "block/plant/crop/{type}"
    },
    "creativeinventory": {
        "general": [ "*" ],
        "items": [ "*" ],
        "soaplyeandbloom": [ "*" ]
    },
    "attributesByType": {
        "*-chamomile-fresh": {
            "juiceableProperties": {
                "litresPerItem": 0.3125,
                "liquidStack": {
                    "type": "item",
                    "code": "soaplyeandbloom:oil-chamomile",
                    "stacksize": 1
                },
                "pressedStack": {
                    "type": "item",
                    "code": "soaplyeandbloom:pressedmash-chamomile",
                    "stacksize": 1
                }
            },
            "foodTags": [ "Vegetable" ],
            "inContainerTexture": { "base": "game:block/wood/barrel/{state}-{type}" },
            "nutritionPropsWhenInMeal": {
                "satiety": 110,
                "foodcategory": "Vegetable"
            },
            "inPieProperties": {
                "texture": "game:block/wood/barrel/{state}-{type}",
                "partType": "Filling"
            },
            "shelvable": true
        },
        "*-hibiscus-fresh": {
            "juiceableProperties": {
                "litresPerItem": 0.3125,
                "liquidStack": {
                    "type": "item",
                    "code": "soaplyeandbloom:oil-hibiscus",
                    "stacksize": 1
                },
                "pressedStack": {
                    "type": "item",
                    "code": "soaplyeandbloom:pressedmash-hibiscus",
                    "stacksize": 1
                }
            },
            "foodTags": [ "Vegetable" ],
            "inContainerTexture": { "base": "game:block/wood/barrel/{state}-{type}" },
            "nutritionPropsWhenInMeal": {
                "satiety": 120,
                "foodcategory": "Vegetable"
            },
            "inPieProperties": {
                "texture": "game:block/wood/barrel/{state}-{type}",
                "partType": "Filling"
            },
            "shelvable": true,
            "onshelfTransform": {
                "rotation": {
                    "x": -7,
                    "y": 180,
                    "z": 0
                }
            }
        },
        "*-lavender-fresh": {
            "juiceableProperties": {
                "litresPerItem": 0.3125,
                "liquidStack": {
                    "type": "item",
                    "code": "soaplyeandbloom:oil-lavender",
                    "stacksize": 1
                },
                "pressedStack": {
                    "type": "item",
                    "code": "soaplyeandbloom:pressedmash-lavender",
                    "stacksize": 1
                }
            },
            "foodTags": [ "Vegetable" ],
            "inContainerTexture": { "base": "game:block/wood/barrel/{state}-{type}" },
            "nutritionPropsWhenInMeal": {
                "satiety": 120,
                "foodcategory": "Vegetable"
            },
            "inPieProperties": {
                "texture": "game:block/wood/barrel/{state}-{type}",
                "partType": "Filling"
            },
            "shelvable": true
        },
        "*-calendula-fresh": {
            "juiceableProperties": {
                "litresPerItem": 0.3125,
                "liquidStack": {
                    "type": "item",
                    "code": "soaplyeandbloom:oil-calendula",
                    "stacksize": 1
                },
                "pressedStack": {
                    "type": "item",
                    "code": "soaplyeandbloom:pressedmash-calendula",
                    "stacksize": 1
                }
            },
            "foodTags": [ "Vegetable" ],
            "inContainerTexture": { "base": "game:block/wood/barrel/{state}-{type}" },
            "nutritionPropsWhenInMeal": {
                "satiety": 125,
                "foodcategory": "Vegetable"
            },
            "inPieProperties": {
                "texture": "game:block/wood/barrel/{state}-{type}",
                "partType": "Filling"
            },
            "shelvable": true
        },
        "*-mint-fresh": {
            "juiceableProperties": {
                "litresPerItem": 0.3125,
                "liquidStack": {
                    "type": "item",
                    "code": "soaplyeandbloom:oil-mint",
                    "stacksize": 1
                },
                "pressedStack": {
                    "type": "item",
                    "code": "soaplyeandbloom:pressedmash-mint",
                    "stacksize": 1
                }
            },
            "foodTags": [ "Vegetable" ],
            "inContainerTexture": { "base": "game:block/wood/barrel/{state}-{type}" },
            "nutritionPropsWhenInMeal": {
                "satiety": 125,
                "foodcategory": "Vegetable"
            },
            "inPieProperties": {
                "texture": "game:block/wood/barrel/{state}-{type}",
                "partType": "Filling"
            },
            "shelvable": true
        },
        "*-chamomile-dried": {
            "foodTags": [ "Vegetable" ],
            "inContainerTexture": { "base": "game:block/wood/barrel/{state}-{type}" },
            "shelvable": true
        },
        "*-hibiscus-dried": {
            "foodTags": [ "Vegetable" ],
            "inContainerTexture": { "base": "game:block/wood/barrel/{state}-{type}" },
            "shelvable": true,
            "onshelfTransform": {
                "rotation": {
                    "x": -7,
                    "y": 180,
                    "z": 0
                }
            }
        },
        "*-lavender-dried": {
            "foodTags": [ "Vegetable" ],
            "inContainerTexture": { "base": "game:block/wood/barrel/{state}-{type}" },
            "shelvable": true
        },
        "*-calendula-dried": {
            "foodTags": [ "Vegetable" ],
            "inContainerTexture": { "base": "game:block/wood/barrel/{state}-{type}" },
            "shelvable": true
        },
        "*-mint-dried": {
            "foodTags": [ "Vegetable" ],
            "inContainerTexture": { "base": "game:block/wood/barrel/{state}-{type}" },
            "shelvable": true
        }
    },
    "nutritionPropsByType": {
        "*-chamomile-fresh": {
            "satiety": 65,
            "foodcategory": "Vegetable"
        },
        "*-chamomile-dried": {
            "satiety": 45,
            "foodcategory": "Vegetable"
        },
        "*-hibiscus-fresh": {
            "satiety": 70,
            "foodcategory": "Vegetable"
        },
        "*-hibiscus-dried": {
            "satiety": 50,
            "foodcategory": "Vegetable"
        },
        "*-lavender-fresh": {
            "satiety": 70,
            "foodcategory": "Vegetable"
        },
        "*-lavender-dried": {
            "satiety": 50,
            "foodcategory": "Vegetable"
        },
        "*-calendula-fresh": {
            "satiety": 75,
            "foodcategory": "Vegetable"
        },
        "*-calendula-dried": {
            "satiety": 55,
            "foodcategory": "Vegetable"
        },
        "*-mint-fresh": {
            "satiety": 45,
            "foodcategory": "Vegetable"
        },
        "*-mint-dried": {
            "satiety": 25,
            "foodcategory": "Vegetable"
        }
    },
    "transitionablePropsByType": {
        "*-fresh": [
            {
                "type": "Dry",
                "freshHours": { "avg": 24 },
                "transitionHours": { "avg": 168 },
                "transitionedStack": {
                    "type": "item",
                    "code": "herb-{type}-dried"
                },
                "transitionRatio": 1
            }
        ],
        "*-dried": [
            {
                "type": "Perish",
                "freshHours": { "avg": 448 },
                "transitionHours": { "avg": 48 },
                "transitionedStack": {
                    "type": "item",
                    "code": "game:rot"
                },
                "transitionRatio": 0.5
            }
        ]
    },
    "heldTpIdleAnimation": "holdbothhands",
	"heldRightReadyAnimation": "holdbothhands",
    "materialDensity": 600,
    "guiTransformByType": {
        "*-chamomile-*": {
            "translation": { "x": 0, "y": 0, "z": 0 },
            "rotation": { "x": 152, "y": 20, "z": 0 },
            "origin": { "x": 0.5, "y": 0.03, "z": 0.5 },
            "scale": 6,
            "rotate": true
        },
        "*-hibiscus-fresh": {
            "translation": { "x": 0, "y": 0, "z": 0 },
            "rotation": { "x": 152, "y": 17, "z": 0 },
            "origin": { "x": 0.48, "y": 0.1, "z": 0.5 },
            "scale": 3.6,
            "rotate": true
        },
        "*-hibiscus-dried": {
            "translation": { "x": 0, "y": 0, "z": 0 },
            "rotation": { "x": 152, "y": -59, "z": 0 },
            "origin": { "x": 0.48, "y": 0.07, "z": 0.5 },
            "scale": 6,
            "rotate": true
        },
        "*-lavender-*": {
            "translation": { "x": 0, "y": 0, "z": 0 },
            "rotation": { "x": 152, "y": 20, "z": 0 },
            "origin": { "x": 0.5, "y": 0.03, "z": 0.5 },
            "scale": 6,
            "rotate": true
        },
        "*-calendula-dried": {
            "translation": { "x": 5, "y": 0, "z": 0 },
            "rotation": { "x": 152, "y": -59, "z": 0 },
            "origin": { "x": 0.48, "y": 0.1, "z": 0.5 },
            "scale": 6,
            "rotate": true
        },
        "*-calendula-fresh": {
            "translation": { "x": 0, "y": 0, "z": 0 },
            "rotation": { "x": 152, "y": -59, "z": 0 },
            "origin": { "x": 0.48, "y": 0.07, "z": 0.5 },
            "scale": 4.8,
            "rotate": true
        },
        "*-mint-dried": {
            "translation": { "x": 0, "y": 0, "z": 0 },
            "rotation": { "x": 152, "y": -59, "z": 0 },
            "origin": { "x": 0.48, "y": 0.1, "z": 0.5 },
            "scale": 4,
            "rotate": true
        },
        "*-mint-fresh": {
            "translation": { "x": 0, "y": 0, "z": 0 },
            "rotation": { "x": 152, "y": -59, "z": 0 },
            "origin": { "x": 0.48, "y": 0.1, "z": 0.5 },
            "scale": 4,
            "rotate": true
        }
    },
    "fpHandTransformByType": {
        "*-chamomile-*": {
            "translation": { "x": -0.15, "y": -0.6, "z": -0.27 },
            "rotation": { "x": -18, "y": -161, "z": 106 },
            "origin": { "x": 0, "y": 0, "z": -0.1 },
            "scale": 1
        },
        "*-hibiscus-*": {
            "translation": { "x": -0.15, "y": -0.6, "z": -0.27 },
            "rotation": { "x": -18, "y": -161, "z": 106 },
            "origin": { "x": 0, "y": 0, "z": -0.1 },
            "scale": 1
        },
        "*-lavender-*": {
            "translation": { "x": -0.15, "y": -0.6, "z": -0.27 },
            "rotation": { "x": -18, "y": -161, "z": 106 },
            "origin": { "x": 0, "y": 0, "z": -0.1 },
            "scale": 1
        },
        "*-calendula-*": {
            "translation": { "x": -0.15, "y": -0.62, "z": -0.27 },
            "rotation": { "x": -18, "y": -161, "z": 106 },
            "origin": { "x": 0, "y": 0, "z": -0.1 },
            "scale": 1
        },
        "*-mint-*": {
            "translation": { "x": -0.15, "y": -0.62, "z": -0.27 },
            "rotation": { "x": -18, "y": -161, "z": 106 },
            "origin": { "x": 0, "y": 0, "z": -0.1 },
            "scale": 1
        }
    },
    "tpHandTransformByType": {
        "*-chamomile-*": {
            "translation": { "x": -0.15, "y": -0.6, "z": -0.27 },
            "rotation": { "x": -18, "y": -161, "z": 106 },
            "origin": { "x": 0, "y": 0, "z": -0.1 },
            "scale": 1
        },
        "*-hibiscus-*": {
            "translation": { "x": -0.15, "y": -0.6, "z": -0.27 },
            "rotation": { "x": -18, "y": -161, "z": 106 },
            "origin": { "x": 0, "y": 0, "z": -0.1 },
            "scale": 1
        },
        "*-lavender-*": {
            "translation": { "x": -0.15, "y": -0.6, "z": -0.27 },
            "rotation": { "x": -18, "y": -161, "z": 106 },
            "origin": { "x": 0, "y": 0, "z": -0.1 },
            "scale": 1
        },
        "*-calendula-*": {
            "translation": { "x": -0.15, "y": -0.62, "z": -0.27 },
            "rotation": { "x": -18, "y": -161, "z": 106 },
            "origin": { "x": 0, "y": 0, "z": -0.1 },
            "scale": 1
        },
        "*-mint-*": {
            "translation": { "x": -0.15, "y": -0.62, "z": -0.27 },
            "rotation": { "x": -18, "y": -161, "z": 106 },
            "origin": { "x": 0, "y": 0, "z": -0.1 },
            "scale": 1
        }
    },
    "groundTransformByType": {
        "*-chamomile-*": {
            "translation": { "x": 0, "y": 0.12, "z": 0 },
            "rotation": { "x": 0, "y": 0, "z": 0 },
            "origin": { "x": 0.5, "y": 0.1, "z": 0.5 },
            "scale": 6
        },
        "*-hibiscus-*": {
            "translation": { "x": 0, "y": 0.12, "z": 0 },
            "rotation": { "x": 0, "y": 0, "z": 0 },
            "origin": { "x": 0.5, "y": 0.1, "z": 0.5 },
            "scale": 6
        },
        "*-lavender-*": {
            "translation": { "x": 0, "y": 0.12, "z": 0 },
            "rotation": { "x": 0, "y": 0, "z": 0 },
            "origin": { "x": 0.5, "y": 0.1, "z": 0.5 },
            "scale": 6
        },
        "*-calendula-*": {
            "translation": { "x": 0, "y": 0.12, "z": 0 },
            "rotation": { "x": 0, "y": 0, "z": 0 },
            "origin": { "x": 0.5, "y": 0.1, "z": 0.5 },
            "scale": 6
        },
        "*-mint-*": {
            "translation": { "x": 0, "y": 0.12, "z": 0 },
            "rotation": { "x": 0, "y": 0, "z": 0 },
            "origin": { "x": 0.5, "y": 0.1, "z": 0.5 },
            "scale": 6
        }
    }
}