[
	{
		"ingredientPattern": "_N_,LPL,PCP",
		"recipeGroup": 1,
		"ingredients": {
			"P": { "type": "item", "code": "game:metalplate-*", "name": "metal", "allowedVariants": ["copper", "tinbronze", "bismuthbronze", "blackbronze", "iron", "meteoriciron", "steel", "gold", "silver"] },
			"C": { "type": "item", "code": "game:armor-head-chain-*", "name": "metal", "allowedVariants": ["copper", "tinbronze", "bismuthbronze", "blackbronze", "iron", "meteoriciron", "steel", "gold", "silver"], "recipeAttributes": { "repairMat": { "type":"item", "code": "metalchain-{metal}", "stacksize": 4 } } },
			"L": { "type": "item", "code": "game:leather-normal-plain" },
			"N": { "type": "item", "code": "game:metalnailsandstrips-*", "allowedVariants": ["copper", "tinbronze", "bismuthbronze", "blackbronze", "iron", "meteoriciron", "steel", "gold", "silver"] }
		},
		"width": 3,
		"height": 3,
		"name": "visorhelmet",
		"output": { "type": "item", "code": "visorhelmets:armor-head-{metal}-closed"  }
	},
	{
		"ingredientPattern": "N,H",
		"recipeGroup": 1,
		"ingredients": {
			"H": { "type": "item", "code": "game:armor-head-antique-blackguard-pristine" },
			"N": { "type": "item", "code": "game:metalnailsandstrips-*", "name": "metal", "allowedVariants": ["copper", "tinbronze", "bismuthbronze", "blackbronze", "iron", "meteoriciron", "steel", "gold", "silver"] }
		},
		"width": 1,
		"height": 2,
		"shapeless": true,
		"name": "functionalvisor",
		"output": { "type": "item", "code": "visorhelmets:armor-head-blackguard-closed"  }
	},
	{
		"ingredientPattern": "N,H",
		"recipeGroup": 1,
		"ingredients": {
			"H": { "type": "item", "code": "game:armor-head-antique-forlorn-pristine" },
			"N": { "type": "item", "code": "game:metalnailsandstrips-*", "name": "metal", "allowedVariants": ["copper", "tinbronze", "bismuthbronze", "blackbronze", "iron", "meteoriciron", "steel", "gold", "silver"] }
		},
		"width": 1,
		"height": 2,
		"shapeless": true,
		"name": "functionalvisor",
		"output": { "type": "item", "code": "visorhelmets:armor-head-forlorn-closed"  }
	},
	{
		"ingredientPattern": "N,P",
		"recipeGroup": 1,
		"ingredients": {
			"P": { "type": "item", "code": "game:armor-head-plate-*", "name": "metal", "allowedVariants": ["meteoriciron", "gold", "silver"], "recipeAttributes": { "repairMat": { "type":"item", "code": "metalplate-{metal}", "stacksize": 4 } } },
			"N": { "type": "item", "code": "game:metalnailsandstrips-*", "allowedVariants": ["copper", "tinbronze", "bismuthbronze", "blackbronze", "iron", "meteoriciron", "steel", "gold", "silver"] }
		},
		"width": 1,
		"height": 2,
		"shapeless": true,
		"name": "functionalvisor",
		"output": { "type": "item", "code": "visorhelmets:armor-head-vanilla{metal}-closed"  }
	}
]