{
  "code": "eggbasket",
  "class": "FoodShelves.BlockEggBasket",
  "entityclass": "FoodShelves.BEEggBasket",
  "variantgroups": [
    { "code": "type", "states": ["normal"] }
  ],
  "attributes": {
    "materials": { "loadFromProperties": "block/wood" },
    "variantTextures": {
      "sides": [ "game:block/wood/debarked/{wood}" ],
      "top": [ "game:block/wood/debarked/{wood}", "foodshelves:variants/wood/{wood}" ]
    },
    "handbook": {
      "groupBy": [ "eggbasket-*" ],
      "extraSections": [
        {
          "title": "foodshelves:blockdesc-canhold-title",
          "text": "foodshelves:blockdesc-eggshelf-text"
        }
      ]
    }
  },
  "behaviors": [
    { "name": "RightClickPickup" },
    { "name": "FoodShelves.CanCeilingAttachFalling" }
  ],
  "shape": {
    "base": "block/baskets/eggbasket",
    "scale": 0.8
  },
  "heldTpIdleAnimation": "holdbothhandslarge",
  "heldRightReadyAnimation": "heldblockready", 
  "heldTpUseAnimation": "twohandplaceblock",
  "blockmaterial": "Wood",
  "lightAbsorption": 0,
  "maxStackSize": 4,
  "replaceable": 900,
  "faceCullMode": "NeverCull",
  "resistance": 1.5,
  "materialDensity": 400,
  "emitSideAo": { "all": false },
  "sidesolid": { "all": false },
  "sideopaque": { "all": false },
  "guiTransform": {
    "origin": { "x": 0.5, "y": 0.3, "z": 0.5 },
    "scale": 1.5
  },
  "tpHandTransform": {
	  "translation": { "x": -1.175, "y": -0.5, "z": -0.225 },
	  "rotation": { "x": 20, "y": 11, "z": -81 },
	  "scale": 0.8
  },
  "sounds": {
    "place": "game:block/planks",
    "hit": "game:block/planks",
    "break": "game:block/planks"
  },
  "collisionSelectionBoxes": [
    { "x1": 0.2125, "y1": 0, "z1": 0.2125, "x2": 0.7875, "y2": 0.225, "z2": 0.7875 }
  ]
}
