{
	"editor": {
		"allAngles": true,
		"entityTextureMode": false
	},
	"textureWidth": 16,
	"textureHeight": 16,
	"textureSizes": {
	},
	"textures": {
	},
	"elements": [
		{
			"name": "Face",
			"from": [ 2.0, 0.56, 2.0 ], 
			"to": [ 14.0, 1.56, 14.0 ], 
			"rotationOrigin": [ 2.0, 0.6, 3.0 ],
			"faces": {
				"north": { "texture": "#null", "uv": [ 0.0, 0.0, 12.0, 1.0 ], "enabled": false },
				"east": { "texture": "#null", "uv": [ 0.0, 0.0, 12.0, 1.0 ], "enabled": false },
				"south": { "texture": "#null", "uv": [ 0.0, 0.0, 12.0, 1.0 ], "enabled": false },
				"west": { "texture": "#null", "uv": [ 0.0, 0.0, 12.0, 1.0 ], "enabled": false },
				"up": { "texture": "#null", "uv": [ 0.0, 0.0, 12.0, 12.0 ] },
				"down": { "texture": "#null", "uv": [ 0.0, 0.0, 12.0, 12.0 ], "enabled": false }
			}
		}
	]}