{
	"editor": {
		"allAngles": true,
		"entityTextureMode": false
	},
	"textureWidth": 16,
	"textureHeight": 16,
	"textureSizes": {
	},
	"textures": {
		"accessories": "block/wood/trunk/accessories"
	},
	"elements": [
		{
			"name": "origin",
			"from": [ 0.0, 0.0, 0.0 ], 
			"to": [ 0.0, 0.0, 0.0 ], 
			"faces": {
				"north": { "texture": "#0", "uv": [ 0.0, 0.0, 0.5, 0.5 ], "enabled": false },
				"east": { "texture": "#0", "uv": [ 0.0, 0.0, 0.5, 0.5 ], "enabled": false },
				"south": { "texture": "#0", "uv": [ 0.0, 0.0, 0.5, 0.5 ], "enabled": false },
				"west": { "texture": "#0", "uv": [ 0.0, 0.0, 0.5, 0.5 ], "enabled": false },
				"up": { "texture": "#0", "uv": [ 0.0, 0.0, 0.5, 0.5 ], "enabled": false },
				"down": { "texture": "#0", "uv": [ 0.0, 0.0, 0.5, 0.5 ], "enabled": false }
			}
		},
		{
			"name": "label",
			"from": [ 3.0, 6.5, 15.0 ], 
			"to": [ 13.0, 12.5, 15.5 ], 
			"rotationOrigin": [ 3.0, 6.5, 15.0 ],
			"faces": {
				"north": { "texture": "#accessories", "uv": [ 0.0, 0.0, 10.0, 6.0 ], "enabled": false },
				"east": { "texture": "#accessories", "uv": [ 0.0, 10.0, 0.5, 16.0 ] },
				"south": { "texture": "#accessories", "uv": [ 0.0, 10.0, 10.0, 16.0 ] },
				"west": { "texture": "#accessories", "uv": [ 9.5, 10.0, 10.0, 16.0 ] },
				"up": { "texture": "#accessories", "uv": [ 0.0, 10.0, 10.0, 10.5 ] },
				"down": { "texture": "#accessories", "uv": [ 0.0, 10.0, 10.0, 10.5 ] }
			}
		}
	],
	"animations": [
		{
			"name": "lidopen",
			"code": "lidopen",
			"quantityframes": 30,
			"onActivityStopped": "Rewind",
			"onAnimationEnd": "Hold",
			"keyframes": [
				{
					"frame": 0,
					"elements": {

					}
				},
				{
					"frame": 29,
					"elements": {

					}
				}
			]
		}
	]
}