{
	"editor": {
		"allAngles": false,
		"entityTextureMode": false
	},
	"textureWidth": 16,
	"textureHeight": 16,
	"textureSizes": {
	},
	"textures": {
		"labelbase": "block/wood/crate/label-empty"
	},
	"elements": [
		{
			"name": "origin",
			"from": [ 0.0, 0.0, 0.0 ], 
			"to": [ 0.0, 0.0, 0.0 ], 
			"rotationOrigin": [ 8.0, 0.0, 8.0 ],
			"faces": {
				"north": { "texture": "#0", "uv": [ 0.0, 0.0, 0.5, 0.5 ], "enabled": false },
				"east": { "texture": "#0", "uv": [ 0.0, 0.0, 0.5, 0.5 ], "enabled": false },
				"south": { "texture": "#0", "uv": [ 0.0, 0.0, 0.5, 0.5 ], "enabled": false },
				"west": { "texture": "#0", "uv": [ 0.0, 0.0, 0.5, 0.5 ], "enabled": false },
				"up": { "texture": "#0", "uv": [ 0.0, 0.0, 0.5, 0.5 ], "enabled": false },
				"down": { "texture": "#0", "uv": [ 0.0, 0.0, 0.5, 0.5 ], "enabled": false }
			},
			"children": [
				{
					"name": "paper",
					"from": [ 4.0, 10.2, 0.9 ], 
					"to": [ 12.0, 14.2, 0.9 ], 
					"rotationOrigin": [ 4.0, 14.2, 0.9 ],
					"rotationX": 8.0,
					"faces": {
						"north": { "texture": "#labelbase", "uv": [ 4.0, 1.5, 12.0, 5.5 ] },
						"east": { "texture": "#labelbase", "uv": [ 0.0, 0.0, 0.5, 4.0 ], "enabled": false },
						"south": { "texture": "#labelbase", "uv": [ 0.0, 0.0, 8.0, 4.0 ], "enabled": false },
						"west": { "texture": "#labelbase", "uv": [ 0.0, 0.0, 0.5, 4.0 ], "enabled": false },
						"up": { "texture": "#labelbase", "uv": [ 0.0, 0.0, 8.0, 0.5 ], "enabled": false },
						"down": { "texture": "#labelbase", "uv": [ 0.0, 0.0, 8.0, 0.5 ], "enabled": false }
					},
					"children": [
						{
							"name": "paper25",
							"from": [ 0.0, -4.0, 0.0 ], 
							"to": [ 8.0, 0.0, 0.0 ], 
							"rotationOrigin": [ 0.0, 0.0, 0.0 ],
							"rotationX": -12.0,
							"faces": {
								"north": { "texture": "#labelbase", "uv": [ 4.0, 6.0, 12.0, 10.0 ] },
								"east": { "texture": "#labelbase", "uv": [ 0.0, 0.0, 0.5, 4.0 ], "enabled": false },
								"south": { "texture": "#labelbase", "uv": [ 0.0, 0.0, 8.0, 4.0 ], "enabled": false },
								"west": { "texture": "#labelbase", "uv": [ 0.0, 0.0, 0.5, 4.0 ], "enabled": false },
								"up": { "texture": "#labelbase", "uv": [ 0.0, 0.0, 8.0, 0.5 ], "enabled": false },
								"down": { "texture": "#labelbase", "uv": [ 0.0, 0.0, 8.0, 0.5 ], "enabled": false }
							},
							"children": [
								{
									"name": "paper26",
									"from": [ 0.0, -2.0, 0.0 ], 
									"to": [ 8.0, 0.0, 0.0 ], 
									"rotationOrigin": [ 0.0, 0.0, 0.0 ],
									"rotationX": 18.0,
									"faces": {
										"north": { "texture": "#labelbase", "uv": [ 4.0, 10.0, 12.0, 12.0 ] },
										"east": { "texture": "#labelbase", "uv": [ 0.0, 0.0, 0.5, 2.0 ], "enabled": false },
										"south": { "texture": "#labelbase", "uv": [ 0.0, 0.0, 8.0, 2.0 ], "enabled": false },
										"west": { "texture": "#labelbase", "uv": [ 0.0, 0.0, 0.5, 2.0 ], "enabled": false },
										"up": { "texture": "#labelbase", "uv": [ 0.0, 0.0, 8.0, 0.5 ], "enabled": false },
										"down": { "texture": "#labelbase", "uv": [ 0.0, 0.0, 8.0, 0.5 ], "enabled": false }
									}
								}
							]
						}
					]
				}
			]
		}
	]}