{
	"editor": {
		"allAngles": false,
		"entityTextureMode": false
	},
	"textureWidth": 16,
	"textureHeight": 16,
	"textureSizes": {
	},
	"textures": {
		"clippingstem": "wildcraftfruit:block/plant/berrybush/large/branches/maritatrunk"
	},
	"elements": [
		{
			"name": "Cube1",
			"from": [ 7.0, 3.25, 7.0 ], 
			"to": [ 8.0, 7.25, 8.0 ], 
			"rotationOrigin": [ 7.0, 3.0, 7.0 ],
			"faces": {
				"north": { "texture": "#clippingstem", "uv": [ 4.0, 3.5, 5.0, 7.5 ] },
				"east": { "texture": "#clippingstem", "uv": [ 1.0, 6.5, 2.0, 10.5 ] },
				"south": { "texture": "#clippingstem", "uv": [ 2.0, 3.0, 3.0, 7.0 ] },
				"west": { "texture": "#clippingstem", "uv": [ 6.5, 1.5, 7.5, 5.5 ] },
				"up": { "texture": "#clippingstem", "uv": [ 3.5, 7.5, 4.5, 8.5 ] },
				"down": { "texture": "#clippingstem", "uv": [ 4.5, 6.0, 5.5, 7.0 ] }
			},
			"children": [
				{
					"name": "Cube6",
					"from": [ 0.0, -2.0, 0.0 ], 
					"to": [ 1.0, 0.0, 1.0 ], 
					"rotationOrigin": [ 0.0, 0.0, 0.0 ],
					"rotationX": -22.5,
					"rotationZ": 17.0,
					"faces": {
						"north": { "texture": "#clippingstem", "uv": [ 3.0, 2.0, 4.0, 4.0 ] },
						"east": { "texture": "#clippingstem", "uv": [ 2.5, 2.5, 3.5, 4.5 ] },
						"south": { "texture": "#clippingstem", "uv": [ 5.0, 4.5, 6.0, 6.5 ] },
						"west": { "texture": "#clippingstem", "uv": [ 2.5, 2.5, 3.5, 4.5 ] },
						"up": { "texture": "#clippingstem", "uv": [ 2.5, 3.5, 3.5, 4.5 ] },
						"down": { "texture": "#clippingstem", "uv": [ 0.0, 0.0, 1.0, 1.0 ] }
					}
				}
			]
		},
		{
			"name": "Cube2",
			"from": [ 7.5, 3.5, 3.5 ], 
			"to": [ 7.5, 11.5, 11.5 ], 
			"rotationOrigin": [ 7.4, 4.0, 7.5 ],
			"faces": {
				"north": { "texture": "#null", "uv": [ 0.0, 0.0, 0.5, 8.0 ], "enabled": false },
				"east": { "texture": "#leaves", "uv": [ 0.0, 0.0, 16.0, 16.0 ], "autoUv": false },
				"south": { "texture": "#null", "uv": [ 0.0, 0.0, 0.5, 8.0 ], "enabled": false },
				"west": { "texture": "#null", "uv": [ 0.0, 0.0, 8.0, 8.0 ], "enabled": false },
				"up": { "texture": "#null", "uv": [ 0.0, 0.0, 0.5, 8.0 ], "enabled": false },
				"down": { "texture": "#null", "uv": [ 0.0, 0.0, 0.5, 8.0 ], "enabled": false }
			}
		},
		{
			"name": "Cube3",
			"from": [ 7.5, 3.5, 3.5 ], 
			"to": [ 7.5, 11.5, 11.5 ], 
			"rotationOrigin": [ 7.5, 4.0, 7.5 ],
			"rotationY": -60.0,
			"faces": {
				"north": { "texture": "#null", "uv": [ 0.0, 0.0, 0.5, 8.0 ], "enabled": false },
				"east": { "texture": "#leaves", "uv": [ 0.0, 0.0, 16.0, 16.0 ], "autoUv": false },
				"south": { "texture": "#null", "uv": [ 0.0, 0.0, 0.5, 8.0 ], "enabled": false },
				"west": { "texture": "#null", "uv": [ 0.0, 0.0, 8.0, 8.0 ], "enabled": false },
				"up": { "texture": "#null", "uv": [ 0.0, 0.0, 0.5, 8.0 ], "enabled": false },
				"down": { "texture": "#null", "uv": [ 0.0, 0.0, 0.5, 8.0 ], "enabled": false }
			}
		},
		{
			"name": "Cube4",
			"from": [ 7.5, 3.5, 3.5 ], 
			"to": [ 7.5, 11.5, 11.5 ], 
			"rotationOrigin": [ 7.5, 4.0, 7.5 ],
			"rotationY": 60.0,
			"faces": {
				"north": { "texture": "#null", "uv": [ 0.0, 0.0, 0.5, 8.0 ], "enabled": false },
				"east": { "texture": "#leaves", "uv": [ 0.0, 0.0, 16.0, 16.0 ], "autoUv": false },
				"south": { "texture": "#null", "uv": [ 0.0, 0.0, 0.5, 8.0 ], "enabled": false },
				"west": { "texture": "#null", "uv": [ 0.0, 0.0, 8.0, 8.0 ], "enabled": false },
				"up": { "texture": "#null", "uv": [ 0.0, 0.0, 0.5, 8.0 ], "enabled": false },
				"down": { "texture": "#null", "uv": [ 0.0, 0.0, 0.5, 8.0 ], "enabled": false }
			}
		}
	]}