﻿[
 {
   file: "expandedfoods:itemtypes/food/wildcraftherb/mixing/herbalhardtack.json",
    op: "addmerge", 
    path: "/enabled", 
    value: "false",
    side: "server",
    dependsOn: [{ "modid": "wildcraftherb" , "invert": true}]
 },
 {
   file: "expandedfoods:recipes/kneading/wildcraftherb/herbalhardtack.json",
    op: "addmerge", 
    path: "/0/enabled", 
    value: "false",
    side: "server",
    dependsOn: [{ "modid": "wildcraftherb" , "invert": true}]
 },
 {
   file: "expandedfoods:recipes/kneading/wildcraftherb/herbalhardtack.json",
    op: "addmerge", 
    path: "/1/enabled", 
    value: "false",
    side: "server",
    dependsOn: [{ "modid": "wildcraftherb" , "invert": true}]
 },
 {
   file: "expandedfoods:recipes/kneading/wildcraftherb/herbalhardtack.json",
    op: "addmerge", 
    path: "/2/enabled", 
    value: "false",
    side: "server",
    dependsOn: [{ "modid": "wildcraftherb" , "invert": true}]
 },
 {
   file: "expandedfoods:recipes/kneading/wildcraftherb/herbalhardtack.json",
    op: "addmerge", 
    path: "/3/enabled", 
    value: "false",
    side: "server",
    dependsOn: [{ "modid": "wildcraftherb" , "invert": true}]
 },
]