{
   "code":"waxwing_f",
   "class":"EntityAgent",
   "hitboxSize":{
      "x":0.52,
      "y":0.52
   },
   "deadHitboxSize":{
      "x":0.6,
      "y":0.6
   },
   "eyeHeight":0.6,
	swimmingEyeHeight: 0.1,   
   "drops":[
      
   ],
   "habitat":"Air",
   "attributes":{
      "creatureDiet":{
         "foodCategories":[
            "Fruit"
         ],
         "foodTags":[
            "lootableSweet",
            "sweetBerryBush"
         ],
         "skipFoodTags":[
            "honeycomb",
         ]
      },
      "physics":{
         
      },
      "pathfinder":{
         "minTurnAnglePerSec":8400,
         "maxTurnAnglePerSec":8750
      }
   },
   "client":{
      "renderer":"Shape",
      "shape":{
         "base":"entity/air/waxwing/waxwing3"
      },
      "texture":{
         "base":"entity/waxwing/waxwing_t"
      },
      "size":1.2,
      "behaviors":[
         {
            "code":"repulseagents"
         },
         {
            "code":"controlledphysics",
            "stepHeight":1.8251
         },
         {
            "code":"interpolateposition"
         },
         {
            "code":"harvestable"
         },
         {
            "code":"floatupwhenstuck",
            "onlyWhenDead":true
         }
      ],
      "animations":[
         {
            "code":"hurt",
            "animation":"hurt",
            "animationSpeed":2.2,
            "weight":10,
            "blendMode":"AddAverage"
         },
         {
            "code":"die",
            "animation":"death",
            "animationSpeed":1.25,
            "weight":10,
            "blendMode":"Average",
            "triggeredBy":{
               "onControls":[
                  "dead"
               ]
            }
         },
         {
            "code":"idle",
            "animation":"idle",
            "blendMode":"addAverage",
            "easeOutSpeed":4,
            "animationSpeed":1,
            "supressDefaultAnimation":true
         },
         {
            "code":"sleep",
            "animation":"sleep",
            "easeInSpeed":4,
            "easeOutSpeed":4,
            "blendMode":"Average"
         },
         {
            "code":"sit",
            "animation":"sit",
            "easeInSpeed":4,
            "easeOutSpeed":4,
            "triggeredBy":{
               "onControls":[
                  "floorsitting"
               ],
               "matchExact":true
            },
            "blendMode":"Average"
         },
         {
            "code":"eat",
            "animation":"Eat",
            "easeInSpeed":12,
            "easeOutSpeed":12,
            "blendMode":"addAverage"
         },
         {
            "code":"fly",
            "animation":"fly",
            "animationSpeed":2.45,
            "weight":0.10,
            "blendMode":"Average",
            "triggeredBy":{
               "defaultAnim":true
            }
         }
      ]
   },
   "server":{
      "attributes":{
         "pathfinder":{
            "minTurnAnglePerSec":8400,
            "maxTurnAnglePerSec":8750
         }
      },
      "behaviors":[
         {
            "code":"repulseagents"
         },
         {
            "code":"despawn",
            "minPlayerDistance":16,
            "belowLightLevel":10,
            "minSeconds":125
         },
         {
            "code":"controlledphysics",
            "stepHeight":8.8251
         },
         {
            "code":"health",
            "currenthealth":4,
            "maxhealth":4
         },
         {
            "code":"deaddecay",
            "hoursToDecay":0.05
         },
         {
            "code":"floatupwhenstuck",
            "onlyWhenDead":true
         },
         {
            "code":"harvestable",
            "drops":[
               {
                  "type":"item",
                  "code":"poultry-raw",
                  "quantity":{
                     "avg":1.25,
                     "var":1.25
                  }
               },
               {
                  "type":"item",
                  "code":"feather",
                  "quantity":{
                     "avg":12,
                     "var":4
                  }
               },
               {
                  "type":"item",
                  "code":"bone",
                  "quantity":{
                     "avg":0.5,
                     "var":0
                  }
               }
            ]
         },
         {
            "code":"emotionstates",
            "states":[
               {
                  "code":"aggressiveondamage",
                  "duration":20,
                  "chance":0.4,
                  "slot":0,
                  "priority":2,
                  "accumType":"noaccum"
               },
               {
                  "code":"fleeondamage",
                  "duration":15,
                  "chance":1,
                  "slot":0,
                  "priority":1,
                  "accumType":"max"
               }
            ]
         },
         {
            "code":"taskai",

            "aitasks":[
               {
                  "code":"fleeentity",
                  "entityCodes":[
                     "player",
                     "wolf-male",
                     "wolf-female",
                     "fox-*",
                     "bear-*",
                     "little-scarecrow",
                     "*-owl-*"
                  ],
                  "priority":1.8,
                  "movespeed":0.0412,
                  "animationSpeed":2.4,
                  "seekingRange":8,
                  "animation":"fly",
               },
               {
                  "code":"fleeentity",
                  "entityCodes":[
                     "scarecrow"
                  ],
                  "priority":1.95,
                  "movespeed":0.0412,
                  "animationSpeed":2.4,
                  "seekingRange":12,
                  "animation":"fly",
               },
               {
                  "code":"fleeentity",
                  "entityCodes":[
                     "strawdummy"
                  ],
                  "priority":1.5,
                  "movespeed":0.0412,
                  "animationSpeed":2.4,
                  "seekingRange":5,
                  "animation":"fly",
               },
               {
                  "code":"wander",
                  "priority":3.7,
                  "animationSpeed":0.95,
                  "movespeed":0.0412,
                  "animation":"Fly",
						wanderChance: 1,
						maxHeight: 16,
						awaitReached: false,				  
               },
               {
                  "code":"getoutofwater",
                  "priority":5.10,
                  "movespeed":0.0512,
                  "animation":"fly",
                  "animationSpeed":3.5,
               },
               {
                  "code":"seekfoodandeat",
                  "seekingRange":3,
                  "movespeed":0.0612,
                  "priority":0.35,
                  "priorityForCancel":1.08,
                  "eatTime":0.2,
                  "eatLooseItems":true,
                  "animationSpeed":2.4,
                  "animation":"fly",
                  "eatAnimation":"Fly",
                  "mincooldownHours":7,
                  "maxcooldownHours":13,
                  "stopOnNearbyEntityCodes":[
                     "player",
                     "wolf-male",
                     "wolf-female",
                     "fox-*",
                     "little-scarecrow",
                     ,
                     "strawdummy"
                  ],
                  "stopRange":15,
                  "stopOnHurt":true
               },
			   {
                  "code":"idle",
                  "priority":0.7,
                  "animationSpeed":0.95,
                  "movespeed":0.04,
                  "priorityForCancel":1.05,
                  "animation":"Fly"
				  
               },
            ]
         }
      ],
      "spawnconditions":{
         "runtime":{
            "group":"passive",
            "tryOnlySurface":true,
            "minLightLevel":12,
            "maxLightLevel":24,
            "chance":0.0035,
            "__comment":"Make them spawn in dark places so they don't spawn inside farmland",
            "maxQuantity":1,
            "requiresolidground":true,
            "groupSize":{
               "dist":"verynarrowgaussian",
               "avg":1,
               "var":3
            },
            "insideBlockCodes":[
               "game:air",
               "game:tallgrass-*"
            ],
            "minTemp":-16,
            "maxTemp":4,
            "minRain":0.0,
            "maxRain":1.9,
            "minForestOrShrubs":0.15,
            "maxForest":1.65,
            "maxShrubs":1.75,
            "companions":[
               "thecritterpack:waxwing_f"
            ]
         }
      }
   },
   "sounds":{
      "idle":"creature/waxwing/waxwing_call-*"
   },
   "idleSoundChance":0.04
}