{
	code: "packeddirtpathtransfull",
	shape: { base: "block/basic/cubefullpath-{cover}" },
	creativeinventory: { "general": ["*-free"], "decorative": ["*-free"] },
	blockmaterial: "Soil",
	replaceable: 900,
	lightAbsorption: 99,
	variantgroups: [
		{ code: "cover", states: ["free", "snow"] }
	],
	behaviorsByType: {
		"*-snow": [ {name: "BreakSnowFirst"} ],
		"*-free": [ ]
	},	
	textures: {
		sides: { 
			base: "block/soil/flooring/drypackeddirt1a",
			alternates: [{base: "block/soil/flooring/drypackeddirt1b" }, {base: "block/soil/flooring/drypackeddirt1c" }, {base: "block/soil/flooring/drypackeddirt1d" } ],
		},
	},
	resistanceByType: {
		"*-snow": 0.2,
		"*-free": 2.4
	},
	walkspeedmultiplier: 1.2,
	faceCullMode: "FlushExceptTop",
	sideopaque: {
		all: false,
		down: true
	},
	sidesolid: {
		up: false,
		side: true,
		down: true
	},
	attributes: {
		allowUnstablePlacement: false,
		liquidBarrierOnSides: [ 1.0, 1.0, 1.0, 1.0 ]
	},
	selectionbox: { x1: 0, y1: 0, z1:0, x2: 1, y2: 1, z2: 1 },
	collisionbox: { x1: 0, y1: 0, z1:0, x2: 1, y2: 1, z2: 1 },
	heldTpIdleAnimation: "holdbothhandslarge", heldTpUseAnimation: "twohandplaceblock",
	tpHandTransform: {
		translation: { x: -1.23, y: -0.91, z: -0.8 },
		rotation: { x: -2, y: 25, z: -78 },
		scale: 0.4
	},
	drops: [
		{
			type: "block",
			code: "soil-verylow-none",
		}
	],
	sounds: {
		place: "block/dirt",
		breakByType: {
			"*-snow": "block/snow",
		 	"*-free": "block/dirt"
		},
		hitByType: {
			"*-snow": "block/snow",
		 	"*-free": "block/dirt"
		},
		walk: "walk/grass"
	}
}