{
	code: "packeddirtpathtransstairsup",
	class: "BlockStairsPathBH",
	attributes: {
		"allowUnstablePlacement": false,
		"noDownVariant": true,
		liquidBarrierOnSidesByType: {
		   "*-up-north-*": [ 1.0, 0.5, 0.5, 0.5 ],
		   "*-up-south-*": [ 0.5, 0.5, 1.0, 0.5 ],
		   "*-up-west-*": [ 0.5, 0.5, 0.5, 1.0 ],
		   "*-up-east-*": [ 0.5, 1.0, 0.5, 0.5 ]
		}
	},
	behaviorsByType: {
		"*-snow": [ {name: "WrenchOrientable", properties: { baseCode: "packeddirtpathtransstairs-up-*-{cover}"}}, {name: "BreakSnowFirst"}],
		"*-free": [ {name: "WrenchOrientable", properties: { baseCode: "packeddirtpathtransstairs-up-*-{cover}"}} ]
	},
	variantgroups: [
		{ code: "updown", states: ["up"] },
		{ loadFromProperties: "abstract/horizontalorientation" },
		{ code: "cover", states: ["free", "snow"] }
	],
	creativeinventory: { "general": ["*-up-north-free"], "construction": ["*-up-north-free"] },
	sidesolidByType: {	
		"*-up-north-*": { all:false, down:true, north: true },
		"*-up-west-*": { all:false, down:true, west: true },
		"*-up-south-*": { all:false, down:true, south: true },
		"*-up-east-*": { all:false, down:true, east: true },
	},
	sideopaque: { all: false, down: true },
	shapebytype: { 
		"*-up-north-free": { base: "block/basic/stairs/normal", rotateY: 0 },
		"*-up-west-free": { base: "block/basic/stairs/normal", rotateY: 90 },
		"*-up-south-free": { base: "block/basic/stairs/normal", rotateY: 180 },
		"*-up-east-free": { base: "block/basic/stairs/normal", rotateY: 270 },
		"*-up-north-snow": { base: "block/basic/stairs/snow-normal", rotateY: 0 },
		"*-up-west-snow": { base: "block/basic/stairs/snow-normal", rotateY: 90 },
		"*-up-south-snow": { base: "block/basic/stairs/snow-normal", rotateY: 180 },
		"*-up-east-snow": { base: "block/basic/stairs/snow-normal", rotateY: 270 },
	},
	faceCullMode: "NeverCull",
	blockmaterial: "Soil",
	replaceable: 900,	
	textures: {
		sides: { 
			base: "block/soil/flooring/drypackeddirt1a",
			alternates: [{base: "block/soil/flooring/drypackeddirt1b" }, {base: "block/soil/flooring/drypackeddirt1c" }, {base: "block/soil/flooring/drypackeddirt1d" } ],
		},
	},
	resistanceByType: {
		"*-snow": 0.2,
		"*-free": 2.4
	},
	emitSideAo: { all: true },
	walkspeedmultiplier: 1.2,
	collisionSelectionBoxesByType: {
		"*-down-*": [
			{ x1: 0, y1: 0.5, z1: 0, x2: 1, y2: 1, z2: 1 },
			{ 
				x1: 0, y1: 0, z1: 0.5, x2: 1, y2: 0.5, z2: 1, 
				rotateYByType: {
					"*-north-*": 180,
					"*-east-*": 90,
					"*-south-*": 0,
					"*-west-*": 270,
				}
			}			
		],
		"*-up-*": [
			{ x1: 0, y1: 0, z1: 0, x2: 1, y2: 0.5, z2: 1 },
			{ 
				x1: 0, y1: 0.5, z1: 0.5, x2: 1, y2: 1, z2: 1, 
				rotateYByType: {
					"*-north-*": 180,
					"*-east-*": 90,
					"*-south-*": 0,
					"*-west-*": 270,
				}
			}
		],	
	},
	heldTpIdleAnimation: "holdbothhandslarge", heldTpUseAnimation: "twohandplaceblock",
	tpHandTransform: {
		translation: { x: -1.23, y: -0.91, z: -0.8 },
		rotation: { x: -2, y: 25, z: -78 },
		scale: 0.4
	},
	dropsByType: {
		"*-snow": [ ],
		"*-free": [ { type: "block", code: "soil-verylow-none" } ]	
	},
	sounds: {
		place: "block/dirt",
		breakByType: {
			"*-snow": "block/snow",
		 	"*-free": "block/dirt"
		},
		hitByType: {
			"*-snow": "block/snow",
		 	"*-free": "block/dirt"
		},
		walk: "walk/grass"
	}
}