[
    {
        "code": "fruitpoultice1",
        "sealHours": 0,
        "ingredients": [
            { "type": "item", "code": "soaplyeandbloom:soapportion-*", "name": "scent", "litres": 0.25, "consumeLitres": 0.25, "allowedVariants": [ "chamomile", "lavender", "calendula" ] },
            { "type": "item", "code": "wildcraftfruit:poultice-linen-*", "name": "agent", "quantity": 1, "allowedVariants": [ "baneberry", "snowberry", "ivy-vinegar", "resin-elder", "bryony", "bearberry", "falseorange" ] }
        ],
        "output": { "type": "item", "code": "soaplyeandbloom:poultice-{scent}-linen-{agent}", "quantity": 1
        }
    }
]