[
  {
    "side": "server",
    "file": "tradie:config/tradelists/trader-lepidopterologist",
    "op": "addeach",
    "path": "/selling/list/-",
    "value":
    [
      {
                        "code": "displaycasewall:displaycasewall-north",
                        "type": "block",
                        "stacksize": 1,
                        "stock": {
                            "avg": 4,
                            "var": 1
                        },
                        "price": {
                            "avg": 7,
                             "var": 1.5
                        },
                    },
					{
                        "code": "displaycasewall:displaycasewall21-north",
                        "type": "block",
                        "stacksize": 1,
                        "stock": {
                            "avg": 4,
                            "var": 1
                        },
                        "price": {
                            "avg": 12,
                             "var": 1.5
                        },
                    },
					{
                        "code": "displaycasewall:displaycasewall22-north",
                        "type": "block",
                        "stacksize": 1,
                        "stock": {
                            "avg": 4,
                            "var": 1
                        },
                        "price": {
                            "avg": 16,
                             "var": 1.5
                        },
                    },
					{
                        "code": "displaycasewall:displaycasewallcopper-north",
                        "type": "block",
                        "stacksize": 1,
                        "stock": {
                            "avg": 4,
                            "var": 1
                        },
                        "price": {
                            "avg": 9,
                             "var": 1.5
                        },
                    },
					{
                        "code": "displaycasewall:displaycasewallgold-north",
                        "type": "block",
                        "stacksize": 1,
                        "stock": {
                            "avg": 4,
                            "var": 1
                        },
                        "price": {
                            "avg": 9,
                             "var": 1.5
                        },
                    },
					{
                        "code": "displaycasewall:displaycasewallsilver-north",
                        "type": "block",
                        "stacksize": 1,
                        "stock": {
                            "avg": 4,
                            "var": 1
                        },
                        "price": {
                            "avg": 9,
                             "var": 1.5
                        },
                    },
    ]
  }
]