{
   "code":"owl-brown-f",
   "class":"EntityAgent",
   "hitboxSize":{
      "x":1.2,
      "y":1.25
   },
   "deadHitboxSize":{
      "x":1.6,
      "y":1.6
   },
   "eyeHeight":0.6,
   	swimmingEyeHeight: 1.1,
   "drops":[
      
   ],
   "weight":0.750,
   "habitat":"Air",
   "attributes":{
      "creatureDiet":{
         "foodCategories":[
            "Protein"
         ],
         "skipFoodTags":[
            "honeycomb",
         ]
      },
      "passivephysics":{
            "airDragFallingFactor":0.5,
            "gravityFactor":0.53
         },	  
      "physics":{
         "airDragFactor":0.2,
      },
      "pathfinder":{
            "minTurnAnglePerSec":16400,
            "maxTurnAnglePerSec":35000,
      }
   },
   "client":{
      "renderer":"Shape",
      "shape":{
         "base":"entity/air/owl/owl_shape_newc"
      },
      "texture":{
         "base":"entity/owl/brown_owl",
         "alternates":[
            {
               "base":"entity/owl/brown_owl-2"
            },
            {
               "base":"entity/owl/brown_owl-2"
            },
            {
               "base":"entity/owl/brown_owl-1"
            },
            {
               "base":"entity/owl/brown_owl-1"
            }
         ]
      },
      "size":1.25,
      "behaviors":[
         {
            "code":"repulseagents"
         },
         {
            "code":"controlledphysics",
            "stepHeight":4.8251
         },
         {
            "code":"interpolateposition"
         },
         {
            "code":"harvestable"
         },
         {
            "code":"floatupwhenstuck",
            "onlyWhenDead":true
         }
      ],
      "animations":[
         {
            "code":"hurt",
            "animation":"hurt",
            "animationSpeed":0.95,
            "weight":5,
            "blendMode":"AddAverage"
         },
         {
            "code":"die",
            "animation":"death",
            "animationSpeed":0.95,
            "weight":10,
            "blendMode":"Average",
            "triggeredBy":{
               "onControls":[
                  "dead"
               ]
            }
         },
         {
            "code":"idle",
            "animation":"fly",
            "blendMode":"addAverage",
            "weight":10,
            "animationSpeed":0.95,
			"easeInSpeed":7,
			"easeOutSpeed":7,
            "triggeredBy":{
               "defaultAnim":true
            }
         },
         {
            "code":"Glide",
            "animation":"fly2",
            "animationSpeed":0.95,
            "weight":3,
			"easeInSpeed":2,
            "easeOutSpeed":2,
            "blendMode":"addAverage",
            "supressDefaultAnimation":true
         }
      ]
   },
   "server":{
      "attributes":{
         "pathfinder":{
            "minTurnAnglePerSec":16400,
            "maxTurnAnglePerSec":35000,
         },
      "passivephysics":{
            "airDragFallingFactor":0.5,
            "gravityFactor":0.53
         },	  		 
      "physics":{
         "airDragFactor":0.2,
      },		 
		 
      },
      "behaviors":[
         {
            "code":"repulseagents"
         },
         {
            "code":"despawn",
            "minPlayerDistance":10,
            "aboveLightLevel":11,
            "minSeconds":480
         },
         {
            "code":"controlledphysics",
            "stepHeight":4.8251
         },
         {
            "code":"health",
            "currenthealth":8,
            "maxhealth":8
         },
         {
            "code":"deaddecay",
            "hoursToDecay":0.02
         },
         {
            "code":"floatupwhenstuck",
            "onlyWhenDead":true
         },
         {
            "code":"harvestable",
            "drops":[
               {
                  "type":"item",
                  "code":"poultry-raw",
                  "quantity":{
                     "avg":1.25,
                     "var":1.25
                  }
               },
               {
                  "type":"item",
                  "code":"feather",
                  "quantity":{
                     "avg":12,
                     "var":4
                  }
               },
               {
                  "type":"item",
                  "code":"bone",
                  "quantity":{
                     "avg":0.5,
                     "var":0
                  }
               }
            ]
         },
         {
            "code":"emotionstates",
            "states":[
               {
                  "code":"fleeondamage",
                  "duration":60,
                  "chance":0.75,
                  "slot":2,
                  "priority":5,
                  "accumType":"max",
                  "whenHealthRelBelow":0.8
               },
               {
                  "code":"saturated",
                  "duration":1200,
                  "chance":1,
                  "slot":0,
                  "priority":1,
                  "accumType":"sum",
                  "belowTempDuration":600,
                  "belowTempThreshold":-5
               },
               {
                  "code":"aggressiveondamage",
                  "duration":30,
                  "chance":1,
                  "slot":2,
                  "priority":2,
                  "accumType":"noaccum"
               },
               {
                  "code":"alarmherdondamage",
                  "chance":1,
                  "slot":1,
                  "priority":1,
                  "accumType":"max"
               }
            ]
         },
         {
            "code":"taskai",
            "aiCreatureType":"LandCreature",
            "aitasks":[
               {
                  "code":"fleeentity",
                  "entityCodes":[
                     "player",
                     "wolf-male",
                     "wolf-female",
                     "fox-*",
                     "bear-*",
                     "little-scarecrow"
                  ],
                  "priority":1.8,
                  "movespeed":0.0512,
                  "animationSpeed":0.85,
                  "seekingRange":18,
                  "animation":"fly",

               },
               {
                  "code":"fleeentity",
                  "entityCodes":[
                     "scarecrow"
                  ],
                  "priority":1.95,
                  "movespeed":0.0512,
                  "animationSpeed":0.85,
                  "seekingRange":24,
                  "animation":"fly",

               },
               {
                  "code":"fleeentity",
                  "entityCodes":[
                     "strawdummy"
                  ],
                  "priority":1.5,
                  "movespeed":0.0412,
                  "animationSpeed":0.85,
                  "seekingRange":8,
                  "animation":"fly",

               },
               {
                  "code":"wander",
                  "priority":3.7,
                  "animationSpeed":0.95,
                  "movespeed":0.0412,
                  "animation":"Fly",
						wanderChance: 1,
						maxHeight: 16,
						awaitReached: false,				  
               },
               {
                  "code":"idle",
                  "priority":2.0,
                  "animationSpeed":0.95,
                  "movespeed":0.04,
                  "priorityForCancel":1.05,
                  "animation":"Fly"
				  
               },
               {
                  "code":"getoutofwater",
                  "priority":5.10,
                  "movespeed":0.0712,
                  "animation":"fly",
                  "animationSpeed":1.0,

               },
               {
                  "code":"meleeattack",
                  "entityCodes":[
                     "chicken-baby",
                     "duck-baby",
                     "fieldmus",
                     "Hedgehog-*",
                     "thecritterpack:squirrel-baby-*",
                     "thecritterpack:squirrel-female-*",
                     "thecritterpack:squirrel-male-*",
                     "thecritterpack:chipmunk-male-*",
                     "hare-*"
                  ],
						priority: 2,
						damage: 8,
						damageTier: 1,
						damageType: "SlashingAttack",
						slot: 1,
						mincooldown: 1500, 
						maxcooldown: 1500, 
						attackDurationMs: 800,
						damagePlayerAtMs: 500,
						animation: "hurt",
						animationSpeed: 1.2,
                  "stopOnNearbyEntityCodes":[
                     "player"
                  ],
                  "stopRange":20
               },
               {
                  "code":"seekentity",
                  "entityCodes":[
                     "chicken-baby",
                     "duck-baby",
                     "fieldmus",
                     "Hedgehog-*",
                     "thecritterpack:squirrel-baby-*",
                     "thecritterpack:squirrel-female-*",
                     "thecritterpack:squirrel-male-*",
                     "thecritterpack:chipmunk-male-*",
                     "hare-*"
                  ],
                  "priority":2.5,
                  "movespeed":0.064,
                  "animationSpeed":0.05,
                  "seekingRange":9,
                  "maxFollowTime":32,
                  "animation":"fly",
                  "whenNotInEmotionState":"saturated",
                  "leapAtTarget":true,
                  "leapAnimation":"fly",
                  "leapChance":0.01,
                  "stopOnNearbyEntityCodes":[
                     "player",
                     "wolf-male",
                     "wolf-female",
                     "fox-*",
                     "bear-*"
                  ],
                  "stopRange":7,
				  "preferredLightLevel":8
               },
               {
                  "code":"seekentity",
                  "entityCodes":[
                     "fieldmus",
                     "hare-baby"
                  ],
                  "priority":3.5,
                  "movespeed":0.064,
                  "animationSpeed":0.05,
                  "seekingRange":10,
                  "maxFollowTime":20,
                  "animation":"fly",
                  "whenNotInEmotionState":"saturated",
                  "leapAtTarget":true,
                  "leapAnimation":"fly",
                  "leapChance":0.51,
                  "stopOnNearbyEntityCodes":[
                     "player"
                  ],
                  "stopRange":4
               }
            ]
         }
      ],
      "spawnconditions":{
         "runtime":{
            "group":"passive",
            "MinDistanceToPlayer":32,
            "tryOnlySurface":true,
            "chance":0.091,
            "maxQuantity":1,
            "__comment":"Make them spawn away from artifical light so they don't spawn inside farmland",
            "maxLightLevel":7,
            "lightLevelType":"onlyBlockLight",
            "groupSize":{
               "dist":"invexp",
               "avg":0,
               "var":1
            },
            "insideBlockCodes":[
               "game:forestfloor-1",
               "game:forestfloor-2",
               "game:forestfloor-3",
			   "game:air", "game:soil-*", "tallgrass-*",
            ],
            "minTemp":5,
            "maxTemp":21,
            "minRain":0.20,
            "maxRain":0.85,			
            "minForest":0.30
         }
      }
   },
   "idleSoundRange":24,
   "sounds":{
      "idle":"creature/owl/owl-hooting-*"
   },
   "idleSoundChance":0.075
}