[
    {
        "file": "game:blocktypes/plant/leaves/narrow.json",
        "op": "remove",
        "path": "/textures",
        "side": "server"
    },
    {
        "file": "game:blocktypes/plant/leaves/narrow.json",
        "op": "add",
        "path": "/texturesByType",
        "side": "server",
        "value": {
            "*-5": {
                "smallleaves": { "base": "block/plant/leaves/small/cypress/cypress*" },
                "largeleaves": { "base": "block/plant/leaves/large/cypress/cypress*" }
            },
            "*-4": {
                "smallleaves": { "base": "block/plant/leaves/large/cypress/narrow/cypressnarrow_4*" },
                "largeleaves": { "base": "block/plant/leaves/large/cypress/narrow/cypressnarrow_4*" }
            },
            "*-3": {
                "smallleaves": { "base": "block/plant/leaves/large/cypress/narrow/cypressnarrow_3*" },
                "largeleaves": { "base": "block/plant/leaves/large/cypress/narrow/cypressnarrow_3*" }
            },
            "*-2": {
                "smallleaves": { "base": "block/plant/leaves/large/cypress/narrow/cypressnarrow_2*" },
                "largeleaves": { "base": "block/plant/leaves/large/cypress/narrow/cypressnarrow_2*" }
            },
            "*-1": {
                "smallleaves": { "base": "block/plant/leaves/large/cypress/narrow/cypressnarrow_1*" },
                "largeleaves": { "base": "block/plant/leaves/large/cypress/narrow/cypressnarrow_1*" }
            }
        }
    }
]