[
    {
        "file": "game:blocktypes/plant/leaves/normal.json",
        "op": "replace",
        "path": "/shapeInventory",
        "side": "server",
        "value": {
            "baseByType": {
                "*-birch": "game:block/plant/leaves/normal",
                "*-crimsonkingmaple": "game:block/plant/leaves/normal",
                "*-kapok": "game:block/plant/leaves/normal",
                "*-larch": "game:block/plant/leaves/normal",
                "*-maple": "game:block/plant/leaves/normal",
                "*-oak": "game:block/plant/leaves/normal",
                "*-pine": "game:block/plant/leaves/normal",
                "*-redwood": "game:block/plant/leaves/normal",
                "*-walnut": "game:block/plant/leaves/normal",
                "*-acacia": "game:block/plant/leaves/normal",
                "*-baldcypress": "game:block/plant/leaves/normal",
                "*-ebony": "game:block/plant/leaves/normal",
                "*-purpleheart": "game:block/plant/leaves/normal",
                "*": "game:block/plant/leaves/branchy_v-lod0"
            }
        }
    },
    {
        "file": "game:blocktypes/plant/leaves/normal.json",
        "op": "replace",
        "path": "/shape",
        "side": "server",
        "value": {
            "baseByType": {
                "*-birch": "game:block/plant/leaves/normal",
                "*-crimsonkingmaple": "game:block/plant/leaves/normal",
                "*-kapok": "game:block/plant/leaves/normal",
                "*-larch": "game:block/plant/leaves/normal",
                "*-maple": "game:block/plant/leaves/normal",
                "*-oak": "game:block/plant/leaves/normal",
                "*-pine": "game:block/plant/leaves/normal",
                "*-redwood": "game:block/plant/leaves/normal",
                "*-walnut": "game:block/plant/leaves/normal",
                "*-acacia": "game:block/plant/leaves/normal",
                "*-baldcypress": "game:block/plant/leaves/normal",
                "*-ebony": "game:block/plant/leaves/normal",
                "*-purpleheart": "game:block/plant/leaves/normal",
                "*": "game:block/plant/leaves/normal_v"
            },
            "rotateY": 10,
            "alternates": [
                { "rotateY": 61 },
                { "rotateY": 113 },
                { "rotateY": 164 },
                { "rotateY": 216 },
                { "rotateY": 267 },
                { "rotateY": 319 }
            ]
        }
    },
    {
        "file": "game:blocktypes/plant/leaves/normal.json",
        "op": "replace",
        "path": "/lod0Shape",
        "side": "server",
        "value": {
            "baseByType": {
                "*-birch": "game:block/plant/leaves/normal-lod0",
                "*-crimsonkingmaple": "game:block/plant/leaves/normal-lod0",
                "*-kapok": "game:block/plant/leaves/normal-lod0",
                "*-larch": "game:block/plant/leaves/normal-lod0",
                "*-maple": "game:block/plant/leaves/normal-lod0",
                "*-oak": "game:block/plant/leaves/normal-lod0",
                "*-pine": "game:block/plant/leaves/normal-lod0",
                "*-redwood": "game:block/plant/leaves/normal-lod0",
                "*-walnut": "game:block/plant/leaves/normal-lod0",
                "*-acacia": "game:block/plant/leaves/normal-lod0",
                "*-baldcypress": "game:block/plant/leaves/normal-lod0",
                "*-ebony": "game:block/plant/leaves/normal-lod0",
                "*-purpleheart": "game:block/plant/leaves/normal-lod0",
                "*": "game:block/plant/leaves/normal_v-lod0"
            },
            "rotateY": 10,
            "alternates": [
                { "rotateY": 61 },
                { "rotateY": 113 },
                { "rotateY": 164 },
                { "rotateY": 216 },
                { "rotateY": 267 },
                { "rotateY": 319 }
            ]
        }
    },

    {
        "file": "game:blocktypes/plant/leaves/normal.json",
        "op": "replace",
        "path": "/textures",
        "side": "server",
        "value": {
            "largeleavesByType": {
                "*-acacia": { "base": "block/plant/leaves/large/acacia/acacia*" },
                "*-baldcypress": { "base": "block/plant/leaves/large/baldcypress/baldcypress*" },
                "*-birch": { "base": "block/plant/leaves/large/birch/birch1" },
                "*-cypress": { "base": "block/plant/leaves/large/cypress/cypress*" },
                "*-ebony": { "base": "block/plant/leaves/large/ebony/ebony*" },
                "*-kapok": { "base": "block/plant/leaves/large/kapok/kapok*" },
                "*-larch": { "base": "block/plant/leaves/large/larch/larch*" },
                "*-maple": { "base": "block/plant/leaves/large/maple/maple*" },
                "*-oak": { "base": "block/plant/leaves/large/oak/oak1" },
                "*-pine": { "base": "block/plant/leaves/large/pine/pine*" },
                "*-purpleheart": { "base": "block/plant/leaves/large/purpleheart/purpleheart*" },
                "*-redwood": { "base": "block/plant/leaves/large/redwood/redwood*" },
                "*-walnut": { "base": "block/plant/leaves/large/walnut/walnut*" },
                "*-crimsonkingmaple": { "base": "block/plant/leaves/large/maple*" },
                "*": { "base": "block/plant/leaves/large/{wood}*" }
            },
            "smallleavesByType": {
                "*-acacia": { "base": "block/plant/leaves/small/acacia/acacia*" },
                "*-baldcypress": { "base": "block/plant/leaves/small/baldcypress/baldcypress*" },
                "*-birch": { "base": "block/plant/leaves/small/birch/birch2" },
                "*-cypress": { "base": "block/plant/leaves/small/cypress/cypress*" },
                "*-ebony": { "base": "block/plant/leaves/small/ebony/ebony*" },
                "*-kapok": { "base": "block/plant/leaves/small/kapok/kapok*" },
                "*-larch": { "base": "block/plant/leaves/small/larch/larch*" },
                "*-maple": { "base": "block/plant/leaves/small/maple/maple*" },
                "*-oak": { "base": "block/plant/leaves/small/oak/oak2" },
                "*-pine": { "base": "block/plant/leaves/small/pine/pine*" },
                "*-purpleheart": { "base": "block/plant/leaves/small/purpleheart/purpleheart*" },
                "*-redwood": { "base": "block/plant/leaves/small/redwood/redwood*" },
                "*-walnut": { "base": "block/plant/leaves/small/walnut/walnut*" },
                "*-crimsonkingmaple": { "base": "block/plant/leaves/small/maple*" },
                "*": { "base": "block/plant/leaves/small/{wood}*" }
            }
          
        }

    }

]
