{
	"editor": {
		"collapsedPaths": ",Root/origin/stemgroup/stem30,Root/origin/stemgroup/stem28,Root/origin/bulbbase,Root/origin/stemgroup/stem21,Root/origin/stem40,Root/origin/bulbbase10,Root/origin/bulbbase11,Root/origin/stemgroup/stem17,Root/origin/stemgroup/stem19,Root/origin/stem45,Root/origin/bulbbase7,Root/origin/bulbbase6,Root/origin/bulbbase9,Root/origin/bulbbase8,Root/origin/stemgroup/stem12,Root/origin/stem30,Root/origin/stem35,Root/origin/stem26,Root/origin/bulbbase1,Root/origin/stem28,Root/origin/stem27,Root/origin/bulbbase3,Root/origin/bulbbase2,Root/origin/bulbbase5,Root/origin/bulbbase4,Root/origin/stemgroup/stem3,Root/origin/stemgroup/stem5,Root/origin/stem12,Root/origin/stemgroup/stem4,Root/origin/stem17,Root/origin/stem19,Root/origin/flowerbase,Root/origin/stem3,Root/origin/stem4,Root/origin/stem5,Root/origin/stemgroup/stem40,Root/origin/stemgroup/stem45,Root/origin/stemgroup/stem35,Root/origin/stem",
		"allAngles": false,
		"entityTextureMode": false
	},
	"textureWidth": 16,
	"textureHeight": 16,
	"textureSizes": {
		"hibiscus": [16,16]
	},
	"textures": {
	},
	"elements": [
		{
			"name": "origin",
			"from": [ 8.0, 0.0, 8.0 ],
			"to": [ 8.0, 0.0, 8.0 ],
			"rotationOrigin": [ 8.0, 0.0, 8.0 ],
			"faces": {
			},
			"children": [
				{
					"name": "stem19",
					"from": [ -0.17, 1.9, -4.33 ],
					"to": [ 0.205, 2.275, 2.07 ],
					"rotationOrigin": [ 0.0, 1.9, 0.172 ],
					"rotationX": 90.0,
					"rotationZ": -180.0,
					"faces": {
						"north": { "texture": "#hibiscus", "uv": [ 14.0, 2.5, 14.5, 3.0 ], "autoUv": false },
						"east": { "texture": "#hibiscus", "uv": [ 14.0, 0.0, 14.5, 6.0 ], "rotation": 90, "autoUv": false },
						"south": { "texture": "#hibiscus", "uv": [ 14.0, 3.0, 14.5, 3.5 ] },
						"west": { "texture": "#hibiscus", "uv": [ 14.0, 0.0, 14.5, 6.0 ], "rotation": 90, "autoUv": false },
						"up": { "texture": "#hibiscus", "uv": [ 15.5, 0.0, 16.0, 6.0 ], "autoUv": false },
						"down": { "texture": "#hibiscus", "uv": [ 15.5, 0.0, 16.0, 6.0 ], "autoUv": false }
					},
					"children": [
						{
							"name": "stem20",
							"from": [ 0.49, -0.36, -1.9 ],
							"to": [ 0.79, -0.06, 0.1 ],
							"rotationOrigin": [ 0.165, 0.0, 4.5 ],
							"rotationX": 4.32,
							"rotationY": 5.94,
							"rotationZ": 5.69,
							"faces": {
								"north": { "texture": "#hibiscus", "uv": [ 14.0, 2.5, 14.5, 3.0 ], "autoUv": false },
								"east": { "texture": "#hibiscus", "uv": [ 14.0, 2.5, 14.5, 5.0 ], "rotation": 90, "autoUv": false },
								"west": { "texture": "#hibiscus", "uv": [ 15.5, 2.5, 16.0, 5.0 ], "rotation": 90, "autoUv": false },
								"up": { "texture": "#hibiscus", "uv": [ 14.0, 3.0, 14.5, 5.5 ], "autoUv": false },
								"down": { "texture": "#hibiscus", "uv": [ 15.5, 3.5, 16.0, 6.0 ], "autoUv": false }
							}
						},
						{
							"name": "flowerbase8",
							"from": [ -0.04, -0.15, -1.7 ],
							"to": [ 0.76, 0.45, -1.1 ],
							"rotationOrigin": [ -0.2359, -0.1495, -1.7047 ],
							"rotationX": -115.3852,
							"rotationY": 79.637,
							"rotationZ": 153.01,
							"faces": {
								"north": { "texture": "#hibiscus", "uv": [ 6.5, 1.0, 7.5, 2.0 ], "autoUv": false },
								"east": { "texture": "#hibiscus", "uv": [ 4.0, 14.5, 5.0, 15.5 ], "autoUv": false },
								"south": { "texture": "#hibiscus", "uv": [ 7.0, 1.0, 8.0, 2.0 ], "autoUv": false },
								"west": { "texture": "#hibiscus", "uv": [ 6.0, 1.0, 7.0, 2.0 ], "autoUv": false },
								"up": { "texture": "#hibiscus", "uv": [ 7.0, 1.0, 8.0, 2.0 ], "autoUv": false },
								"down": { "texture": "#hibiscus", "uv": [ 6.5, 1.0, 7.5, 2.0 ], "autoUv": false }
							}
						},
						{
							"name": "petal41",
							"from": [ -0.1203, 0.7264, -3.294 ],
							"to": [ -0.1203, 2.9764, -1.044 ],
							"renderPass": 1,
							"rotationOrigin": [ -0.1353, 0.7264, -2.289 ],
							"rotationX": 176.239,
							"rotationY": 78.946,
							"rotationZ": -153.5429,
							"faces": {
								"east": { "texture": "#hibiscus", "uv": [ 2.0, 11.0, 7.0, 16.0 ], "autoUv": false }
							}
						},
						{
							"name": "petal42",
							"from": [ -0.1053, 0.7264, -3.294 ],
							"to": [ -0.1053, 2.9764, -1.044 ],
							"renderPass": 1,
							"rotationOrigin": [ -0.1353, 0.7264, -2.289 ],
							"rotationX": 124.9878,
							"rotationY": 11.2405,
							"rotationZ": -109.046,
							"faces": {
								"east": { "texture": "#hibiscus", "uv": [ 2.0, 11.0, 7.0, 16.0 ], "autoUv": false }
							}
						},
						{
							"name": "petal43",
							"from": [ -0.0903, 0.7264, -3.294 ],
							"to": [ -0.0903, 2.9764, -1.044 ],
							"renderPass": 1,
							"rotationOrigin": [ -0.1353, 0.7264, -2.289 ],
							"rotationX": 107.8915,
							"rotationY": -59.4261,
							"rotationZ": -117.6486,
							"faces": {
								"east": { "texture": "#hibiscus", "uv": [ 2.0, 11.0, 7.0, 16.0 ], "autoUv": false }
							}
						},
						{
							"name": "petal44",
							"from": [ -0.0753, 0.7264, -3.294 ],
							"to": [ -0.0753, 2.9764, -1.044 ],
							"renderPass": 1,
							"rotationOrigin": [ -0.1353, 0.7264, -2.289 ],
							"rotationX": -47.2767,
							"rotationY": -46.6387,
							"rotationZ": 93.98,
							"faces": {
								"east": { "texture": "#hibiscus", "uv": [ 2.0, 11.0, 7.0, 16.0 ], "autoUv": false }
							}
						},
						{
							"name": "petal45",
							"from": [ -0.1053, 0.7264, -3.294 ],
							"to": [ -0.1053, 2.9764, -1.044 ],
							"renderPass": 1,
							"rotationOrigin": [ -0.1353, 0.7264, -2.289 ],
							"rotationX": -60.8323,
							"rotationY": 24.3079,
							"rotationZ": 89.7421,
							"faces": {
								"east": { "texture": "#hibiscus", "uv": [ 2.0, 11.0, 7.0, 16.0 ], "autoUv": false }
							}
						},
						{
							"name": "needle17",
							"from": [ -0.3931, 0.7093, -2.3064 ],
							"to": [ 0.7319, 0.7093, -1.9314 ],
							"renderPass": 1,
							"rotationOrigin": [ -0.3931, 0.7093, -2.3064 ],
							"rotationX": -115.3852,
							"rotationY": 79.637,
							"rotationZ": 149.0129,
							"faces": {
								"down": { "texture": "#hibiscus", "uv": [ 8.0, 11.5, 9.5, 16.0 ], "rotation": 270, "autoUv": false, "windMode": [-1,-1,-1,-1] }
							}
						},
						{
							"name": "needle18",
							"from": [ -0.1657, 0.9611, -2.184 ],
							"to": [ 0.9593, 0.9611, -1.809 ],
							"renderPass": 1,
							"rotationOrigin": [ -0.1657, 0.9611, -2.184 ],
							"rotationX": 124.0421,
							"rotationY": 5.3139,
							"rotationZ": -98.9096,
							"faces": {
								"down": { "texture": "#hibiscus", "uv": [ 8.0, 11.5, 9.5, 16.0 ], "rotation": 270, "autoUv": false, "windMode": [-1,-1,-1,-1] }
							}
						}
					]
				},
				{
					"name": "stem22",
					"from": [ 0.3202, 0.2728, -3.6565 ],
					"to": [ 0.6202, 0.5728, -1.4066 ],
					"rotationOrigin": [ 0.469, 0.1528, 0.2563 ],
					"rotationX": 89.3603,
					"rotationY": 17.21,
					"rotationZ": -173.9813,
					"faces": {
						"north": { "texture": "#hibiscus", "uv": [ 14.0, 3.0, 14.5, 3.5 ], "autoUv": false },
						"east": { "texture": "#hibiscus", "uv": [ 15.5, 3.5, 16.0, 6.0 ], "rotation": 90, "autoUv": false },
						"west": { "texture": "#hibiscus", "uv": [ 14.0, 2.5, 14.5, 5.0 ], "rotation": 90, "autoUv": false },
						"up": { "texture": "#hibiscus", "uv": [ 14.0, 3.0, 14.5, 5.5 ], "autoUv": false },
						"down": { "texture": "#hibiscus", "uv": [ 15.5, 3.5, 16.0, 6.0 ], "autoUv": false }
					}
				},
				{
					"name": "stem23",
					"from": [ -1.3585, 0.2853, -5.105 ],
					"to": [ -1.0585, 0.5853, -2.855 ],
					"rotationOrigin": [ -1.0596, 0.1953, -0.5921 ],
					"rotationX": 112.25,
					"rotationY": -23.37,
					"rotationZ": -177.8,
					"faces": {
						"north": { "texture": "#hibiscus", "uv": [ 14.0, 2.5, 14.5, 3.0 ], "autoUv": false },
						"east": { "texture": "#hibiscus", "uv": [ 14.0, 3.5, 14.5, 6.0 ], "rotation": 90, "autoUv": false },
						"west": { "texture": "#hibiscus", "uv": [ 14.0, 2.5, 14.5, 5.0 ], "rotation": 90, "autoUv": false },
						"up": { "texture": "#hibiscus", "uv": [ 14.0, 3.0, 14.5, 5.5 ], "autoUv": false },
						"down": { "texture": "#hibiscus", "uv": [ 14.0, 3.0, 14.5, 5.5 ], "autoUv": false }
					}
				},
				{
					"name": "leaf4",
					"from": [ -2.045, 5.1949, -1.2651 ],
					"to": [ 0.205, 5.1949, 2.4849 ],
					"renderPass": 1,
					"rotationOrigin": [ -2.5, 4.7426, -0.7527 ],
					"rotationX": 45.7602,
					"rotationY": 62.77,
					"rotationZ": -140.5237,
					"faces": {
						"down": { "texture": "#hibiscus", "uv": [ 9.0, 12.5, 11.0, 16.0 ], "windMode": [-1,1,1,-1] }
					}
				},
				{
					"name": "leaf17",
					"from": [ 4.442, 3.5425, 0.5525 ],
					"to": [ 6.692, 3.5425, 4.3025 ],
					"renderPass": 1,
					"rotationOrigin": [ 4.5035, 3.5456, 0.5519 ],
					"rotationX": 134.38,
					"rotationY": -72.46,
					"rotationZ": 178.8557,
					"faces": {
						"up": { "texture": "#hibiscus", "uv": [ 9.0, 12.0, 11.5, 16.0 ], "autoUv": false, "windMode": [-1,1,1,-1] }
					}
				},
				{
					"name": "flowerbase4",
					"from": [ 0.2728, 5.2424, 0.7724 ],
					"to": [ 1.0728, 5.8424, 1.3724 ],
					"rotationOrigin": [ -0.5661, 4.9992, 0.5582 ],
					"rotationX": 118.46,
					"rotationY": -61.85,
					"rotationZ": -134.32,
					"faces": {
						"north": { "texture": "#hibiscus", "uv": [ 7.0, 1.0, 8.0, 2.0 ], "autoUv": false },
						"east": { "texture": "#hibiscus", "uv": [ 4.0, 14.5, 5.0, 15.5 ], "autoUv": false },
						"south": { "texture": "#hibiscus", "uv": [ 6.5, 1.0, 7.5, 2.0 ], "autoUv": false },
						"west": { "texture": "#hibiscus", "uv": [ 6.0, 1.0, 7.0, 2.0 ], "autoUv": false },
						"up": { "texture": "#hibiscus", "uv": [ 6.5, 1.0, 7.5, 2.0 ], "autoUv": false },
						"down": { "texture": "#hibiscus", "uv": [ 7.0, 1.0, 8.0, 2.0 ], "autoUv": false }
					}
				},
				{
					"name": "petal22",
					"from": [ -1.3004, 6.0828, -1.6378 ],
					"to": [ -1.3004, 8.3328, 0.6122 ],
					"renderPass": 1,
					"rotationOrigin": [ -1.3304, 6.0828, -0.6328 ],
					"rotationX": -20.76,
					"rotationY": -21.29,
					"rotationZ": 86.57,
					"faces": {
						"east": { "texture": "#hibiscus", "uv": [ 2.0, 11.0, 7.0, 16.0 ], "autoUv": false }
					}
				},
				{
					"name": "petal23",
					"from": [ -1.2854, 6.0828, -1.6378 ],
					"to": [ -1.2854, 8.3328, 0.6122 ],
					"renderPass": 1,
					"rotationOrigin": [ -1.3304, 6.0828, -0.6328 ],
					"rotationX": -42.0,
					"rotationY": 47.69,
					"rotationZ": 93.05,
					"faces": {
						"east": { "texture": "#hibiscus", "uv": [ 2.0, 11.0, 7.0, 16.0 ], "autoUv": false }
					}
				},
				{
					"name": "petal24",
					"from": [ -1.2704, 6.0829, -1.6378 ],
					"to": [ -1.2704, 8.3329, 0.6122 ],
					"renderPass": 1,
					"rotationOrigin": [ -1.3304, 6.0828, -0.6328 ],
					"rotationX": -175.46,
					"rotationY": 53.3,
					"rotationZ": -145.08,
					"faces": {
						"east": { "texture": "#hibiscus", "uv": [ 2.0, 11.0, 7.0, 16.0 ], "autoUv": false, "windMode": [-1,-1,-1,-1] }
					}
				},
				{
					"name": "petal25",
					"from": [ -1.3004, 6.0828, -1.6378 ],
					"to": [ -1.3004, 8.3328, 0.6122 ],
					"renderPass": 1,
					"rotationOrigin": [ -1.3304, 6.0828, -0.6328 ],
					"rotationX": 153.82,
					"rotationY": -10.49,
					"rotationZ": -133.24,
					"faces": {
						"east": { "texture": "#hibiscus", "uv": [ 2.0, 11.0, 7.0, 16.0 ], "autoUv": false }
					}
				},
				{
					"name": "needle9",
					"from": [ -1.1024, 6.2019, -0.603 ],
					"to": [ 0.0226, 6.2019, -0.228 ],
					"renderPass": 1,
					"rotationOrigin": [ -1.1024, 6.2019, -0.603 ],
					"rotationX": 118.4628,
					"rotationY": -69.8455,
					"rotationZ": -137.3229,
					"faces": {
						"down": { "texture": "#hibiscus", "uv": [ 8.0, 11.5, 9.5, 16.0 ], "rotation": 270, "autoUv": false, "windMode": [-1,-1,-1,-1] }
					}
				},
				{
					"name": "needle10",
					"from": [ -1.2822, 6.0712, -0.8871 ],
					"to": [ -0.1572, 6.0712, -0.5121 ],
					"renderPass": 1,
					"rotationOrigin": [ -1.2822, 6.0712, -0.8871 ],
					"rotationX": -12.4159,
					"rotationY": -13.5068,
					"rotationZ": 105.1006,
					"faces": {
						"down": { "texture": "#hibiscus", "uv": [ 8.0, 11.5, 9.5, 16.0 ], "rotation": 270, "autoUv": false, "windMode": [-1,-1,-1,-1] }
					}
				},
				{
					"name": "stem24",
					"from": [ 0.3061, 0.3844, -5.2749 ],
					"to": [ 0.5311, 0.6093, -3.0249 ],
					"rotationOrigin": [ 0.4089, 0.2344, 0.838 ],
					"rotationX": 80.09,
					"rotationY": 16.67,
					"rotationZ": -168.42,
					"faces": {
						"north": { "texture": "#hibiscus", "uv": [ 14.0, 3.0, 14.5, 3.5 ], "autoUv": false },
						"east": { "texture": "#hibiscus", "uv": [ 14.0, 2.5, 14.5, 5.0 ], "rotation": 90, "autoUv": false },
						"west": { "texture": "#hibiscus", "uv": [ 14.0, 2.5, 14.5, 5.0 ], "rotation": 90, "autoUv": false },
						"up": { "texture": "#hibiscus", "uv": [ 15.5, 2.0, 16.0, 4.5 ], "autoUv": false },
						"down": { "texture": "#hibiscus", "uv": [ 14.0, 3.5, 14.5, 6.0 ], "autoUv": false }
					}
				},
				{
					"name": "petal21",
					"from": [ -1.3154, 6.0829, -1.6378 ],
					"to": [ -1.3154, 8.3329, 0.6122 ],
					"renderPass": 1,
					"rotationOrigin": [ -1.3304, 6.0828, -0.6328 ],
					"rotationX": 83.72,
					"rotationY": -68.2,
					"rotationZ": 172.48,
					"faces": {
						"east": { "texture": "#hibiscus", "uv": [ 2.0, 11.0, 7.0, 16.0 ], "autoUv": false }
					}
				},
				{
					"name": "stem25",
					"from": [ 2.1583, 2.5513, -1.4378 ],
					"to": [ 2.3833, 2.7762, 0.8122 ],
					"rotationOrigin": [ -0.5261, 1.2391, 2.7058 ],
					"rotationX": 110.3899,
					"rotationY": -1.7267,
					"rotationZ": -91.8579,
					"faces": {
						"north": { "texture": "#hibiscus", "uv": [ 14.0, 3.0, 14.5, 3.5 ], "autoUv": false },
						"east": { "texture": "#hibiscus", "uv": [ 14.0, 2.5, 14.5, 4.0 ], "rotation": 90, "autoUv": false },
						"west": { "texture": "#hibiscus", "uv": [ 15.5, 4.0, 16.0, 5.5 ], "rotation": 90, "autoUv": false },
						"up": { "texture": "#hibiscus", "uv": [ 14.0, 3.0, 14.5, 4.5 ], "autoUv": false },
						"down": { "texture": "#hibiscus", "uv": [ 14.0, 3.0, 14.5, 4.5 ], "autoUv": false }
					},
					"children": [
						{
							"name": "flowerbase18",
							"from": [ 0.4886, -0.2474, 1.1111 ],
							"to": [ 1.2886, 0.3526, 1.7111 ],
							"rotationOrigin": [ -0.0706, -0.2517, 1.1117 ],
							"rotationX": 165.3054,
							"rotationY": 74.7623,
							"rotationZ": -156.8567,
							"faces": {
								"north": { "texture": "#hibiscus", "uv": [ 6.5, 1.0, 7.5, 2.0 ], "autoUv": false },
								"east": { "texture": "#hibiscus", "uv": [ 4.0, 14.5, 5.0, 15.5 ], "autoUv": false },
								"south": { "texture": "#hibiscus", "uv": [ 7.0, 1.0, 8.0, 2.0 ], "autoUv": false },
								"west": { "texture": "#hibiscus", "uv": [ 6.0, 3.0, 7.0, 4.0 ], "autoUv": false },
								"up": { "texture": "#hibiscus", "uv": [ 6.0, 1.0, 7.0, 2.0 ], "autoUv": false },
								"down": { "texture": "#hibiscus", "uv": [ 7.0, 1.0, 8.0, 2.0 ], "autoUv": false }
							}
						},
						{
							"name": "petal91",
							"from": [ -0.0564, 0.2391, -1.1905 ],
							"to": [ -0.0564, 2.4891, 1.0595 ],
							"renderPass": 0,
							"rotationOrigin": [ -0.0714, 0.2391, -0.1855 ],
							"rotationX": 129.4106,
							"rotationY": 63.4596,
							"rotationZ": -141.5986,
							"faces": {
								"east": { "texture": "#hibiscus", "uv": [ 2.0, 11.0, 7.0, 16.0 ], "autoUv": false },
								"west": { "texture": "#hibiscus", "uv": [ 2.5, 11.0, 7.5, 16.0 ], "autoUv": false, "windMode": [-1,-1,-1,-1] }
							}
						},
						{
							"name": "petal92",
							"from": [ -0.0414, 0.2391, -1.1905 ],
							"to": [ -0.0414, 2.4891, 1.0595 ],
							"renderPass": 1,
							"rotationOrigin": [ -0.0714, 0.2391, -0.1855 ],
							"rotationX": 99.172,
							"rotationY": -0.1077,
							"rotationZ": -118.9838,
							"faces": {
								"east": { "texture": "#hibiscus", "uv": [ 2.0, 11.0, 7.0, 16.0 ], "autoUv": false }
							}
						},
						{
							"name": "petal93",
							"from": [ -0.0264, 0.2391, -1.1904 ],
							"to": [ -0.0264, 2.4891, 1.0596 ],
							"renderPass": 1,
							"rotationOrigin": [ -0.0714, 0.2391, -0.1855 ],
							"rotationX": 62.3759,
							"rotationY": -67.4348,
							"rotationZ": -143.0301,
							"faces": {
								"east": { "texture": "#hibiscus", "uv": [ 2.0, 11.0, 7.0, 16.0 ], "autoUv": false }
							}
						},
						{
							"name": "petal94",
							"from": [ -0.0114, 0.2391, -1.1905 ],
							"to": [ -0.0114, 2.4891, 1.0595 ],
							"renderPass": 1,
							"rotationOrigin": [ -0.0714, 0.2391, -0.1855 ],
							"rotationX": -73.0336,
							"rotationY": -34.0819,
							"rotationZ": 91.5786,
							"faces": {
								"east": { "texture": "#hibiscus", "uv": [ 2.0, 11.0, 7.0, 16.0 ], "autoUv": false }
							}
						},
						{
							"name": "petal95",
							"from": [ -0.0414, 0.2391, -1.1904 ],
							"to": [ -0.0414, 2.4891, 1.0596 ],
							"renderPass": 1,
							"rotationOrigin": [ -0.0714, 0.2391, -0.1855 ],
							"rotationX": -93.6927,
							"rotationY": 37.1736,
							"rotationZ": 90.3326,
							"faces": {
								"east": { "texture": "#hibiscus", "uv": [ 2.0, 11.0, 7.0, 16.0 ], "autoUv": false }
							}
						},
						{
							"name": "needle37",
							"from": [ -0.3283, 0.2631, -0.1637 ],
							"to": [ 0.7967, 0.2631, 0.2113 ],
							"renderPass": 1,
							"rotationOrigin": [ -0.3283, 0.2631, -0.1637 ],
							"rotationX": 165.3054,
							"rotationY": 74.7623,
							"rotationZ": -156.8567,
							"faces": {
								"up": { "texture": "#hibiscus", "uv": [ 7.5, 11.5, 9.0, 16.0 ], "rotation": 90, "autoUv": false, "windMode": [-1,-1,-1,-1] }
							}
						},
						{
							"name": "needle38",
							"from": [ -0.056, 0.4975, -0.1945 ],
							"to": [ 1.069, 0.4975, 0.1805 ],
							"renderPass": 1,
							"rotationOrigin": [ -0.056, 0.4975, -0.1945 ],
							"rotationX": 97.7167,
							"rotationY": -5.9291,
							"rotationZ": -104.062,
							"faces": {
								"up": { "texture": "#hibiscus", "uv": [ 7.5, 11.5, 9.0, 16.0 ], "rotation": 90, "autoUv": false }
							}
						}
					]
				}
			]
		}
	]}