{
	"editor": {
		"collapsedPaths": "Root/stemgroup2,Root/stemgroup3/bulb45,Root/stemgroup3/bulb41,Root/origin/leaf7,Root/origin/leaf9,Root/origin/leaf3,Root/origin/leaf5,Root/stemgroup3/bulb37,Root/origin/leaf39,Root/leafgroup/leaf,Root/origin/leaf45,Root/bulbgroup/bulb13,Root/origin/leaf43,Root/origin/leaf49,Root/bulbgroup/bulb5,Root/bulbgroup/bulb17,Root/origin/leaf47,Root/bulbgroup/bulb9,Root/stemgroup3/bulb33,Root/origin/leaf41,Root/leafgroup2/leaf95,Root/leafgroup2/leaf93,Root/leafgroup2/leaf91,Root/leafgroup/leaf7,Root/leafgroup/leaf49,Root/leafgroup/leaf47,Root/leafgroup/leaf45,Root/leafgroup/leaf43,Root/leafgroup/leaf41,Root/bulbgroup/flower10,Root/bulbgroup/flower11,Root/bulbgroup/flower12,Root/bulbgroup/flower13,Root/origin/leaf,Root/leafgroup/leaf39,Root/leafgroup/leaf37,Root/leafgroup/leaf9,Root/leafgroup/leaf33,Root/bulbgroup/flower,Root/leafgroup2/leaf77,Root/leafgroup2/leaf73,Root/leafgroup2/leaf71,Root/bulbgroup/bulb41,Root/leafgroup/leaf19,Root/origin/leaf11,Root/leafgroup/leaf27,Root/leafgroup/leaf25,Root/bulbgroup/bulb45,Root/origin/leaf15,Root/leafgroup/leaf23,Root/origin/leaf13,Root/leafgroup/leaf21,Root/bulbgroup/bulb49,Root/leafgroup2/leaf79,Root/leafgroup2/leaf87,Root/leafgroup2/leaf85,Root/leafgroup2/leaf83,Root/leafgroup/leaf17,Root/leafgroup/leaf15,Root/leafgroup/leaf13,Root/leafgroup/leaf11,Root/leafgroup2/leaf89,Root/stemgroup3/bulb29,Root/leafgroup2/leaf55,Root/stemgroup3/bulb25,Root/leafgroup2/leaf51,Root/origin/leaf29,Root/leafgroup,Root/bulbgroup/bulb21,Root/origin/leaf33,Root/bulbgroup/bulb25,Root/origin/leaf31,Root/bulbgroup/flower9,Root/origin/leaf37,Root/bulbgroup/bulb29,Root/origin/leaf35,Root/stemgroup3/bulb21,Root/bulbgroup/flower3,Root/bulbgroup/flower4,Root/bulbgroup/flower2,Root/bulbgroup/flower7,Root/leafgroup2/leaf59,Root/bulbgroup/flower5,Root/stemgroup3/bulb,Root/bulbgroup/flower6,Root/leafgroup2/leaf57,Root/leafgroup2/leaf65,Root/stemgroup3/bulb17,Root/leafgroup2/leaf63,Root/stemgroup3/bulb13,Root/bulbgroup/bulb,Root/origin/leaf19,Root/origin/leaf17,Root/bulbgroup/bulb33,Root/bulbgroup/bulb37,Root/origin/leaf23,Root/origin/leaf21,Root/stemgroup,Root/stemgroup3/bulb5,Root/origin/leaf27,Root/origin/leaf25,Root/stemgroup3/bulb9,Root/leafgroup2/leaf69",
		"allAngles": false,
		"entityTextureMode": false
	},
	"textureWidth": 16,
	"textureHeight": 16,
	"textureSizes": {
		"lavender": [16,16]
	},
	"textures": {
	},
	"elements": [
		{
			"name": "leafgroup",
			"from": [ 8.0, 0.0, 8.0 ],
			"to": [ 8.0, 0.0, 8.0 ],
			"rotationOrigin": [ 8.0, 0.0, 8.0 ],
			"faces": {
			},
			"children": [
				{
					"name": "leaf",
					"from": [ -0.8, 0.0, -0.1 ],
					"to": [ 1.7, 3.5, -0.1 ],
					"renderPass": 1,
					"rotationOrigin": [ 0.45, 0.0, -0.1 ],
					"faces": {
						"south": { "texture": "#lavender", "uv": [ 4.5, 12.5, 7.0, 16.0 ], "windMode": [0,0,7,7] }
					},
					"children": [
						{
							"name": "leaf2",
							"from": [ 0.0, 0.0, 4.0E-4 ],
							"to": [ 2.5, 3.5, 4.0E-4 ],
							"renderPass": 1,
							"rotationOrigin": [ 1.25, 0.0, 0.0 ],
							"rotationY": 89.9802,
							"faces": {
								"south": { "texture": "#lavender", "uv": [ 7.5, 12.5, 10.0, 16.0 ], "windMode": [0,0,7,7] }
							}
						}
					]
				},
				{
					"name": "leaf7",
					"from": [ 0.7, 0.0, 0.3 ],
					"to": [ 3.2, 3.5, 0.3 ],
					"renderPass": 1,
					"rotationOrigin": [ 1.95, 0.0, 0.3 ],
					"faces": {
						"south": { "texture": "#lavender", "uv": [ 4.5, 12.5, 7.0, 16.0 ], "windMode": [0,0,7,7] }
					},
					"children": [
						{
							"name": "leaf8",
							"from": [ 0.0, 0.0, 4.0E-4 ],
							"to": [ 2.5, 3.5, 4.0E-4 ],
							"renderPass": 1,
							"rotationOrigin": [ 1.25, 0.0, 0.0 ],
							"rotationY": 89.9802,
							"faces": {
								"south": { "texture": "#lavender", "uv": [ 7.5, 12.5, 10.0, 16.0 ], "windMode": [0,0,7,7] }
							}
						}
					]
				},
				{
					"name": "leaf9",
					"from": [ -0.7, 0.0, -1.8 ],
					"to": [ 1.8, 3.5, -1.8 ],
					"renderPass": 1,
					"rotationOrigin": [ 0.55, 0.0, -1.8 ],
					"rotationY": 22.5,
					"faces": {
						"south": { "texture": "#lavender", "uv": [ 4.5, 12.5, 7.0, 16.0 ], "windMode": [0,0,7,7] }
					},
					"children": [
						{
							"name": "leaf10",
							"from": [ 0.0, 0.0, 4.0E-4 ],
							"to": [ 2.5, 3.5, 4.0E-4 ],
							"renderPass": 1,
							"rotationOrigin": [ 1.25, 0.0, 0.0 ],
							"rotationY": 89.9802,
							"faces": {
								"south": { "texture": "#lavender", "uv": [ 7.5, 12.5, 10.0, 16.0 ], "windMode": [0,0,7,7] }
							}
						}
					]
				},
				{
					"name": "leaf13",
					"from": [ -1.8, 0.0, 0.7 ],
					"to": [ 0.7, 3.5, 0.7 ],
					"renderPass": 1,
					"rotationOrigin": [ -0.55, 0.0, 0.7 ],
					"faces": {
						"south": { "texture": "#lavender", "uv": [ 4.5, 12.5, 7.0, 16.0 ], "windMode": [0,0,7,7] }
					},
					"children": [
						{
							"name": "leaf14",
							"from": [ 0.0, 0.0, 4.0E-4 ],
							"to": [ 2.5, 3.5, 4.0E-4 ],
							"renderPass": 1,
							"rotationOrigin": [ 1.25, 0.0, 0.0 ],
							"rotationY": 90.0,
							"faces": {
								"south": { "texture": "#lavender", "uv": [ 7.5, 12.5, 10.0, 16.0 ], "windMode": [0,0,7,7] }
							}
						}
					]
				},
				{
					"name": "leaf15",
					"from": [ -0.7, 0.0, 1.7 ],
					"to": [ 1.8, 3.5, 1.7 ],
					"renderPass": 1,
					"rotationOrigin": [ 0.55, 0.0, 1.7 ],
					"faces": {
						"south": { "texture": "#lavender", "uv": [ 4.5, 12.5, 7.0, 16.0 ], "windMode": [0,0,7,7] }
					},
					"children": [
						{
							"name": "leaf16",
							"from": [ 0.0, 0.0, 4.0E-4 ],
							"to": [ 2.5, 3.5, 4.0E-4 ],
							"renderPass": 1,
							"rotationOrigin": [ 1.25, 0.0, 0.0 ],
							"rotationY": 89.9802,
							"faces": {
								"south": { "texture": "#lavender", "uv": [ 7.5, 12.5, 10.0, 16.0 ], "windMode": [0,0,7,7] }
							}
						}
					]
				},
				{
					"name": "leaf19",
					"from": [ -2.7, 0.0, -0.2 ],
					"to": [ -0.2, 3.5, -0.2 ],
					"renderPass": 1,
					"rotationOrigin": [ -1.45, 0.0, -0.2 ],
					"rotationY": 22.5,
					"faces": {
						"south": { "texture": "#lavender", "uv": [ 4.5, 12.5, 7.0, 16.0 ], "windMode": [0,0,7,7] }
					},
					"children": [
						{
							"name": "leaf20",
							"from": [ 0.0, 0.0, 4.0E-4 ],
							"to": [ 2.5, 3.5, 4.0E-4 ],
							"renderPass": 1,
							"rotationOrigin": [ 1.25, 0.0, 0.0 ],
							"rotationY": 89.9802,
							"faces": {
								"south": { "texture": "#lavender", "uv": [ 7.5, 12.5, 10.0, 16.0 ], "windMode": [0,0,7,7] }
							}
						}
					]
				},
				{
					"name": "leaf21",
					"from": [ -2.1, 0.0, -0.8 ],
					"to": [ 0.4, 3.5, -0.8 ],
					"renderPass": 1,
					"rotationOrigin": [ -0.85, 0.0, -0.8 ],
					"rotationY": 22.5,
					"faces": {
						"south": { "texture": "#lavender", "uv": [ 4.5, 12.5, 7.0, 16.0 ], "windMode": [0,0,7,7] }
					},
					"children": [
						{
							"name": "leaf22",
							"from": [ 0.0, 0.0, 4.0E-4 ],
							"to": [ 2.5, 3.5, 4.0E-4 ],
							"renderPass": 1,
							"rotationOrigin": [ 1.25, 0.0, 0.0 ],
							"rotationY": 89.9802,
							"faces": {
								"south": { "texture": "#lavender", "uv": [ 7.5, 12.5, 10.0, 16.0 ], "windMode": [0,0,7,7] }
							}
						}
					]
				},
				{
					"name": "leaf23",
					"from": [ 0.3, 0.0, -1.2 ],
					"to": [ 2.8, 3.5, -1.2 ],
					"renderPass": 1,
					"rotationOrigin": [ 1.55, 0.0, -1.2 ],
					"rotationY": 22.5,
					"faces": {
						"south": { "texture": "#lavender", "uv": [ 4.5, 12.5, 7.0, 16.0 ], "windMode": [0,0,7,7] }
					},
					"children": [
						{
							"name": "leaf24",
							"from": [ 0.0, 0.0, 4.0E-4 ],
							"to": [ 2.5, 3.5, 4.0E-4 ],
							"renderPass": 1,
							"rotationOrigin": [ 1.25, 0.0, 0.0 ],
							"rotationY": 89.9802,
							"faces": {
								"south": { "texture": "#lavender", "uv": [ 7.5, 12.5, 10.0, 16.0 ], "windMode": [0,0,7,7] }
							}
						}
					]
				},
				{
					"name": "leaf25",
					"from": [ -0.4, 0.0, 1.2 ],
					"to": [ 2.1, 3.5, 1.2 ],
					"renderPass": 1,
					"rotationOrigin": [ 0.85, 0.0, 1.2 ],
					"rotationY": 22.5,
					"faces": {
						"south": { "texture": "#lavender", "uv": [ 4.5, 12.5, 7.0, 16.0 ], "windMode": [0,0,7,7] }
					},
					"children": [
						{
							"name": "leaf26",
							"from": [ 0.0, 0.0, 4.0E-4 ],
							"to": [ 2.5, 3.5, 4.0E-4 ],
							"renderPass": 1,
							"rotationOrigin": [ 1.25, 0.0, 0.0 ],
							"rotationY": 89.9802,
							"faces": {
								"south": { "texture": "#lavender", "uv": [ 7.5, 12.5, 10.0, 16.0 ], "windMode": [0,0,7,7] }
							}
						}
					]
				}
			]
		},
		{
			"name": "stemgroup",
			"from": [ 8.0, 0.0, 8.0 ],
			"to": [ 8.0, 0.0, 8.0 ],
			"rotationOrigin": [ 8.0, 0.0, 8.0 ],
			"faces": {
			},
			"children": [
				{
					"name": "ste4",
					"from": [ 1.87, 0.0, 0.23 ],
					"to": [ 2.02, 3.85, 0.38 ],
					"rotationOrigin": [ 1.94, 0.0, 0.3 ],
					"faces": {
						"north": { "texture": "#lavender", "uv": [ 0.0, 12.5, 0.5, 16.0 ] },
						"east": { "texture": "#lavender", "uv": [ 0.0, 12.5, 0.5, 16.0 ] },
						"south": { "texture": "#lavender", "uv": [ 0.0, 12.5, 0.5, 16.0 ] },
						"west": { "texture": "#lavender", "uv": [ 0.0, 12.5, 0.5, 16.0 ] }
					}
				},
				{
					"name": "ste7",
					"from": [ 1.47, 0.0, -1.27 ],
					"to": [ 1.62, 3.95, -1.12 ],
					"rotationOrigin": [ 1.54, 0.0, -1.2 ],
					"rotationY": 22.5,
					"faces": {
						"north": { "texture": "#lavender", "uv": [ 0.0, 12.5, 0.5, 16.0 ] },
						"east": { "texture": "#lavender", "uv": [ 0.0, 12.5, 0.5, 16.0 ] },
						"south": { "texture": "#lavender", "uv": [ 0.0, 12.5, 0.5, 16.0 ] },
						"west": { "texture": "#lavender", "uv": [ 0.0, 12.5, 0.5, 16.0 ] }
					}
				},
				{
					"name": "ste11",
					"from": [ 0.47, 0.0, -1.87 ],
					"to": [ 0.62, 3.75, -1.72 ],
					"rotationOrigin": [ 0.54, 0.0, -1.8 ],
					"rotationY": 22.5,
					"faces": {
						"north": { "texture": "#lavender", "uv": [ 0.0, 12.5, 0.5, 16.0 ] },
						"east": { "texture": "#lavender", "uv": [ 0.0, 12.5, 0.5, 16.0 ] },
						"south": { "texture": "#lavender", "uv": [ 0.0, 12.5, 0.5, 16.0 ] },
						"west": { "texture": "#lavender", "uv": [ 0.0, 12.5, 0.5, 16.0 ] }
					}
				},
				{
					"name": "ste12",
					"from": [ 0.37, 0.0, -0.17 ],
					"to": [ 0.52, 4.0, -0.02 ],
					"rotationOrigin": [ 0.44, 0.0, -0.1 ],
					"faces": {
						"north": { "texture": "#lavender", "uv": [ 0.0, 12.0, 0.5, 16.0 ] },
						"east": { "texture": "#lavender", "uv": [ 0.0, 12.0, 0.5, 16.0 ] },
						"south": { "texture": "#lavender", "uv": [ 0.0, 12.0, 0.5, 16.0 ] },
						"west": { "texture": "#lavender", "uv": [ 0.0, 12.0, 0.5, 16.0 ] }
					}
				},
				{
					"name": "ste13",
					"from": [ 0.77, 0.0, 1.13 ],
					"to": [ 0.92, 3.75, 1.28 ],
					"rotationOrigin": [ 0.84, 0.0, 1.2 ],
					"rotationY": 22.5,
					"faces": {
						"north": { "texture": "#lavender", "uv": [ 0.0, 12.5, 0.5, 16.0 ] },
						"east": { "texture": "#lavender", "uv": [ 0.0, 12.5, 0.5, 16.0 ] },
						"south": { "texture": "#lavender", "uv": [ 0.0, 12.5, 0.5, 16.0 ] },
						"west": { "texture": "#lavender", "uv": [ 0.0, 12.5, 0.5, 16.0 ] }
					}
				},
				{
					"name": "ste14",
					"from": [ 0.47, 0.0, 1.63 ],
					"to": [ 0.62, 3.55, 1.78 ],
					"rotationOrigin": [ 0.54, 0.0, 1.7 ],
					"faces": {
						"north": { "texture": "#lavender", "uv": [ 0.0, 12.5, 0.5, 16.0 ] },
						"east": { "texture": "#lavender", "uv": [ 0.0, 12.5, 0.5, 16.0 ] },
						"south": { "texture": "#lavender", "uv": [ 0.0, 12.5, 0.5, 16.0 ] },
						"west": { "texture": "#lavender", "uv": [ 0.0, 12.5, 0.5, 16.0 ] }
					}
				},
				{
					"name": "ste19",
					"from": [ -0.62, 0.0, 0.63 ],
					"to": [ -0.47, 3.65, 0.78 ],
					"rotationOrigin": [ -0.56, 0.0, 0.7 ],
					"faces": {
						"north": { "texture": "#lavender", "uv": [ 0.0, 12.5, 0.5, 16.0 ] },
						"east": { "texture": "#lavender", "uv": [ 0.0, 12.5, 0.5, 16.0 ] },
						"south": { "texture": "#lavender", "uv": [ 0.0, 12.5, 0.5, 16.0 ] },
						"west": { "texture": "#lavender", "uv": [ 0.0, 12.5, 0.5, 16.0 ] }
					}
				},
				{
					"name": "ste20",
					"from": [ -1.52, 0.0, -0.28 ],
					"to": [ -1.37, 4.0, -0.13 ],
					"rotationOrigin": [ -1.46, 0.0, -0.2 ],
					"rotationY": 22.5,
					"faces": {
						"north": { "texture": "#lavender", "uv": [ 0.0, 12.0, 0.5, 16.0 ] },
						"east": { "texture": "#lavender", "uv": [ 0.0, 12.0, 0.5, 16.0 ] },
						"south": { "texture": "#lavender", "uv": [ 0.0, 12.0, 0.5, 16.0 ] },
						"west": { "texture": "#lavender", "uv": [ 0.0, 12.0, 0.5, 16.0 ] }
					}
				},
				{
					"name": "ste23",
					"from": [ -0.92, 0.0, -0.88 ],
					"to": [ -0.77, 3.65, -0.73 ],
					"rotationOrigin": [ -0.86, 0.0, -0.8 ],
					"rotationY": 22.5,
					"faces": {
						"north": { "texture": "#lavender", "uv": [ 0.0, 12.5, 0.5, 16.0 ] },
						"east": { "texture": "#lavender", "uv": [ 0.0, 12.5, 0.5, 16.0 ] },
						"south": { "texture": "#lavender", "uv": [ 0.0, 12.5, 0.5, 16.0 ] },
						"west": { "texture": "#lavender", "uv": [ 0.0, 12.5, 0.5, 16.0 ] }
					}
				}
			]
		},
		{
			"name": "stemgroup2",
			"from": [ 8.0, 4.0, 8.0 ],
			"to": [ 8.0, 4.0, 8.0 ],
			"rotationOrigin": [ 8.0, 4.0, 8.0 ],
			"faces": {
			},
			"children": [
				{
					"name": "ste29",
					"from": [ 1.87, -0.15, 0.23 ],
					"to": [ 2.02, 3.7, 0.38 ],
					"rotationOrigin": [ 1.94, -0.16, 0.3 ],
					"rotationX": 4.0,
					"rotationZ": -3.0,
					"faces": {
						"north": { "texture": "#lavender", "uv": [ 0.0, 12.5, 0.5, 16.0 ] },
						"east": { "texture": "#lavender", "uv": [ 0.0, 12.5, 0.5, 16.0 ] },
						"south": { "texture": "#lavender", "uv": [ 0.0, 12.5, 0.5, 16.0 ] },
						"west": { "texture": "#lavender", "uv": [ 0.0, 12.5, 0.5, 16.0 ] }
					},
					"children": [
						{
							"name": "flower6",
							"from": [ -0.04, 3.8, -0.05 ],
							"to": [ 0.21, 4.05, 0.2 ],
							"rotationOrigin": [ 0.07, 4.45, 0.07 ],
							"faces": {
								"north": { "texture": "#lavender", "uv": [ 3.5, 2.0, 2.0, 3.5 ], "autoUv": false },
								"east": { "texture": "#lavender", "uv": [ 2.5, 3.0, 4.0, 4.5 ], "autoUv": false },
								"south": { "texture": "#lavender", "uv": [ 2.5, 4.0, 4.0, 5.5 ], "autoUv": false },
								"west": { "texture": "#lavender", "uv": [ 3.0, 3.0, 4.5, 4.5 ], "autoUv": false },
								"up": { "texture": "#lavender", "uv": [ 3.5, 5.0, 2.0, 3.5 ], "autoUv": false },
								"down": { "texture": "#lavender", "uv": [ 3.5, 5.0, 4.0, 5.5 ] }
							},
							"children": [
								{
									"name": "bulb22",
									"from": [ 0.01, 0.25, 0.01 ],
									"to": [ 0.24, 0.5, 0.24 ],
									"rotationOrigin": [ 0.11, 0.95, 0.12 ],
									"faces": {
										"north": { "texture": "#lavender", "uv": [ 3.5, 4.0, 2.0, 2.5 ], "autoUv": false },
										"east": { "texture": "#lavender", "uv": [ 3.5, 5.5, 2.0, 4.0 ], "autoUv": false },
										"south": { "texture": "#lavender", "uv": [ 4.5, 4.0, 3.0, 2.5 ], "autoUv": false },
										"west": { "texture": "#lavender", "uv": [ 4.0, 3.5, 2.5, 2.0 ], "autoUv": false },
										"up": { "texture": "#lavender", "uv": [ 4.0, 5.0, 2.5, 3.5 ], "autoUv": false }
									}
								},
								{
									"name": "bulb24",
									"from": [ 0.02, 0.5, 0.02 ],
									"to": [ 0.23, 0.75, 0.23 ],
									"rotationOrigin": [ 0.11, 0.95, 0.12 ],
									"faces": {
										"north": { "texture": "#lavender", "uv": [ 4.5, 3.0, 3.0, 1.5 ], "autoUv": false },
										"east": { "texture": "#lavender", "uv": [ 3.5, 4.0, 2.0, 2.5 ], "autoUv": false },
										"south": { "texture": "#lavender", "uv": [ 4.0, 3.5, 2.5, 2.0 ], "autoUv": false },
										"west": { "texture": "#lavender", "uv": [ 4.0, 5.0, 2.5, 3.5 ], "autoUv": false },
										"up": { "texture": "#lavender", "uv": [ 4.5, 4.5, 3.0, 3.0 ], "autoUv": false }
									}
								}
							]
						}
					]
				},
				{
					"name": "ste32",
					"from": [ 1.47, -0.05, -1.27 ],
					"to": [ 1.62, 3.9, -1.12 ],
					"rotationOrigin": [ 1.54, -0.06, -1.2 ],
					"rotationX": -3.0,
					"rotationY": 22.5,
					"rotationZ": -4.0,
					"faces": {
						"north": { "texture": "#lavender", "uv": [ 0.0, 12.5, 0.5, 16.0 ] },
						"east": { "texture": "#lavender", "uv": [ 0.0, 12.5, 0.5, 16.0 ] },
						"south": { "texture": "#lavender", "uv": [ 0.0, 12.5, 0.5, 16.0 ] },
						"west": { "texture": "#lavender", "uv": [ 0.0, 12.5, 0.5, 16.0 ] }
					},
					"children": [
						{
							"name": "bulb33",
							"from": [ -0.04, 3.9, -0.05 ],
							"to": [ 0.21, 4.15, 0.2 ],
							"rotationOrigin": [ 0.07, 4.55, 0.07 ],
							"faces": {
								"north": { "texture": "#lavender", "uv": [ 4.5, 1.0, 3.0, 2.5 ], "autoUv": false },
								"east": { "texture": "#lavender", "uv": [ 2.0, 1.5, 3.5, 3.0 ], "autoUv": false },
								"south": { "texture": "#lavender", "uv": [ 3.0, 1.5, 4.5, 3.0 ], "autoUv": false },
								"west": { "texture": "#lavender", "uv": [ 2.5, 4.0, 4.0, 5.5 ], "autoUv": false },
								"up": { "texture": "#lavender", "uv": [ 3.5, 5.5, 2.0, 4.0 ], "autoUv": false },
								"down": { "texture": "#lavender", "uv": [ 3.5, 5.0, 4.0, 5.5 ] }
							},
							"children": [
								{
									"name": "bulb74",
									"from": [ 0.01, 0.25, 0.01 ],
									"to": [ 0.24, 0.5, 0.24 ],
									"rotationOrigin": [ 0.11, 0.95, 0.12 ],
									"faces": {
										"north": { "texture": "#lavender", "uv": [ 4.5, 1.5, 3.0, 0.0 ], "autoUv": false },
										"east": { "texture": "#lavender", "uv": [ 3.5, 2.5, 2.0, 1.0 ], "autoUv": false },
										"south": { "texture": "#lavender", "uv": [ 3.5, 4.0, 2.0, 2.5 ], "autoUv": false },
										"west": { "texture": "#lavender", "uv": [ 4.0, 5.0, 2.5, 3.5 ], "autoUv": false },
										"up": { "texture": "#lavender", "uv": [ 4.5, 5.0, 3.0, 3.5 ], "autoUv": false }
									}
								},
								{
									"name": "bulb76",
									"from": [ 0.02, 0.5, 0.02 ],
									"to": [ 0.23, 0.75, 0.23 ],
									"rotationOrigin": [ 0.11, 0.95, 0.12 ],
									"faces": {
										"north": { "texture": "#lavender", "uv": [ 4.0, 2.0, 2.5, 0.5 ], "autoUv": false },
										"east": { "texture": "#lavender", "uv": [ 3.5, 4.0, 2.0, 2.5 ], "autoUv": false },
										"south": { "texture": "#lavender", "uv": [ 3.5, 5.0, 2.0, 3.5 ], "autoUv": false },
										"west": { "texture": "#lavender", "uv": [ 4.0, 5.5, 2.5, 4.0 ], "autoUv": false },
										"up": { "texture": "#lavender", "uv": [ 4.5, 5.5, 3.0, 4.0 ], "autoUv": false }
									}
								}
							]
						}
					]
				},
				{
					"name": "ste36",
					"from": [ 0.47, -0.25, -1.87 ],
					"to": [ 0.62, 3.5, -1.72 ],
					"rotationOrigin": [ 0.54, -0.26, -1.8 ],
					"rotationX": -3.0,
					"rotationY": 22.5,
					"rotationZ": -1.0,
					"faces": {
						"north": { "texture": "#lavender", "uv": [ 0.0, 12.5, 0.5, 16.0 ] },
						"east": { "texture": "#lavender", "uv": [ 0.0, 12.5, 0.5, 16.0 ] },
						"south": { "texture": "#lavender", "uv": [ 0.0, 12.5, 0.5, 16.0 ] },
						"west": { "texture": "#lavender", "uv": [ 0.0, 12.5, 0.5, 16.0 ] }
					},
					"children": [
						{
							"name": "bulb37",
							"from": [ -0.04, 3.7, -0.05 ],
							"to": [ 0.21, 3.95, 0.2 ],
							"rotationOrigin": [ 0.07, 4.35, 0.07 ],
							"faces": {
								"north": { "texture": "#lavender", "uv": [ 4.5, 1.0, 3.0, 2.5 ], "autoUv": false },
								"east": { "texture": "#lavender", "uv": [ 2.0, 1.5, 3.5, 3.0 ], "autoUv": false },
								"south": { "texture": "#lavender", "uv": [ 2.5, 2.0, 4.0, 3.5 ], "autoUv": false },
								"west": { "texture": "#lavender", "uv": [ 3.0, 4.0, 4.5, 5.5 ], "autoUv": false },
								"up": { "texture": "#lavender", "uv": [ 3.5, 5.5, 2.0, 4.0 ], "autoUv": false },
								"down": { "texture": "#lavender", "uv": [ 3.5, 5.0, 4.0, 5.5 ] }
							},
							"children": [
								{
									"name": "bulb77",
									"from": [ 0.01, 0.25, 0.01 ],
									"to": [ 0.24, 0.5, 0.24 ],
									"rotationOrigin": [ 0.11, 0.95, 0.12 ],
									"faces": {
										"north": { "texture": "#lavender", "uv": [ 4.5, 2.0, 3.0, 0.5 ], "autoUv": false },
										"east": { "texture": "#lavender", "uv": [ 3.5, 3.0, 2.0, 1.5 ], "autoUv": false },
										"south": { "texture": "#lavender", "uv": [ 3.5, 4.0, 2.0, 2.5 ], "autoUv": false },
										"west": { "texture": "#lavender", "uv": [ 4.5, 4.5, 3.0, 3.0 ], "autoUv": false },
										"up": { "texture": "#lavender", "uv": [ 4.0, 5.5, 2.5, 4.0 ], "autoUv": false }
									}
								},
								{
									"name": "bulb79",
									"from": [ 0.02, 0.5, 0.02 ],
									"to": [ 0.23, 0.75, 0.23 ],
									"rotationOrigin": [ 0.11, 0.95, 0.12 ],
									"faces": {
										"north": { "texture": "#lavender", "uv": [ 3.5, 3.0, 2.0, 1.5 ], "autoUv": false },
										"east": { "texture": "#lavender", "uv": [ 4.0, 3.5, 2.5, 2.0 ], "autoUv": false },
										"south": { "texture": "#lavender", "uv": [ 4.0, 5.0, 2.5, 3.5 ], "autoUv": false },
										"west": { "texture": "#lavender", "uv": [ 3.5, 5.0, 2.0, 3.5 ], "autoUv": false },
										"up": { "texture": "#lavender", "uv": [ 4.5, 5.0, 3.0, 3.5 ], "autoUv": false }
									}
								}
							]
						}
					]
				},
				{
					"name": "ste37",
					"from": [ 0.37, 0.0, -0.17 ],
					"to": [ 0.52, 4.0, -0.02 ],
					"rotationOrigin": [ 0.44, 0.0, -0.1 ],
					"faces": {
						"north": { "texture": "#lavender", "uv": [ 0.0, 12.0, 0.5, 16.0 ] },
						"east": { "texture": "#lavender", "uv": [ 0.0, 12.0, 0.5, 16.0 ] },
						"south": { "texture": "#lavender", "uv": [ 0.0, 12.0, 0.5, 16.0 ] },
						"west": { "texture": "#lavender", "uv": [ 0.0, 12.0, 0.5, 16.0 ] }
					},
					"children": [
						{
							"name": "flower5",
							"from": [ -0.04, 3.95, -0.05 ],
							"to": [ 0.21, 4.2, 0.2 ],
							"rotationOrigin": [ 0.07, 4.6, 0.07 ],
							"faces": {
								"north": { "texture": "#lavender", "uv": [ 4.5, 2.5, 3.0, 4.0 ], "autoUv": false },
								"east": { "texture": "#lavender", "uv": [ 3.0, 4.0, 4.5, 5.5 ], "autoUv": false },
								"south": { "texture": "#lavender", "uv": [ 3.0, 3.5, 4.5, 5.0 ], "autoUv": false },
								"west": { "texture": "#lavender", "uv": [ 2.0, 2.5, 3.5, 4.0 ], "autoUv": false },
								"up": { "texture": "#lavender", "uv": [ 3.5, 5.0, 2.0, 3.5 ], "autoUv": false },
								"down": { "texture": "#lavender", "uv": [ 3.5, 5.0, 4.0, 5.5 ] }
							},
							"children": [
								{
									"name": "bulb18",
									"from": [ 0.01, 0.25, 0.01 ],
									"to": [ 0.24, 0.5, 0.24 ],
									"rotationOrigin": [ 0.11, 0.95, 0.12 ],
									"faces": {
										"north": { "texture": "#lavender", "uv": [ 4.5, 4.0, 3.0, 2.5 ], "autoUv": false },
										"east": { "texture": "#lavender", "uv": [ 3.5, 5.5, 2.0, 4.0 ], "autoUv": false },
										"south": { "texture": "#lavender", "uv": [ 4.5, 4.0, 3.0, 2.5 ], "autoUv": false },
										"west": { "texture": "#lavender", "uv": [ 3.5, 3.5, 2.0, 2.0 ], "autoUv": false },
										"up": { "texture": "#lavender", "uv": [ 4.0, 4.5, 2.5, 3.0 ], "autoUv": false }
									}
								},
								{
									"name": "bulb20",
									"from": [ 0.02, 0.5, 0.02 ],
									"to": [ 0.23, 0.75, 0.23 ],
									"rotationOrigin": [ 0.11, 0.95, 0.12 ],
									"faces": {
										"north": { "texture": "#lavender", "uv": [ 4.5, 4.0, 3.0, 2.5 ], "autoUv": false },
										"east": { "texture": "#lavender", "uv": [ 3.5, 4.0, 2.0, 2.5 ], "autoUv": false },
										"south": { "texture": "#lavender", "uv": [ 4.5, 4.0, 3.0, 2.5 ], "autoUv": false },
										"west": { "texture": "#lavender", "uv": [ 3.5, 5.0, 2.0, 3.5 ], "autoUv": false },
										"up": { "texture": "#lavender", "uv": [ 4.5, 5.0, 3.0, 3.5 ], "autoUv": false }
									}
								}
							]
						}
					]
				},
				{
					"name": "ste38",
					"from": [ 0.77, -0.25, 1.13 ],
					"to": [ 0.92, 3.5, 1.28 ],
					"rotationOrigin": [ 0.84, -0.26, 1.2 ],
					"rotationX": 2.0,
					"rotationY": 22.5,
					"rotationZ": -3.0,
					"faces": {
						"north": { "texture": "#lavender", "uv": [ 0.0, 12.5, 0.5, 16.0 ] },
						"east": { "texture": "#lavender", "uv": [ 0.0, 12.5, 0.5, 16.0 ] },
						"south": { "texture": "#lavender", "uv": [ 0.0, 12.5, 0.5, 16.0 ] },
						"west": { "texture": "#lavender", "uv": [ 0.0, 12.5, 0.5, 16.0 ] }
					},
					"children": [
						{
							"name": "bulb49",
							"from": [ -0.04, 3.7, -0.05 ],
							"to": [ 0.21, 3.95, 0.2 ],
							"rotationOrigin": [ 0.07, 4.35, 0.07 ],
							"faces": {
								"north": { "texture": "#lavender", "uv": [ 4.5, 0.0, 3.0, 1.5 ], "autoUv": false },
								"east": { "texture": "#lavender", "uv": [ 2.0, 0.5, 3.5, 2.0 ], "autoUv": false },
								"south": { "texture": "#lavender", "uv": [ 2.0, 2.5, 3.5, 4.0 ], "autoUv": false },
								"west": { "texture": "#lavender", "uv": [ 3.0, 3.0, 4.5, 4.5 ], "autoUv": false },
								"up": { "texture": "#lavender", "uv": [ 3.5, 5.5, 2.0, 4.0 ], "autoUv": false },
								"down": { "texture": "#lavender", "uv": [ 3.5, 5.0, 4.0, 5.5 ] }
							},
							"children": [
								{
									"name": "bulb86",
									"from": [ 0.01, 0.25, 0.01 ],
									"to": [ 0.24, 0.5, 0.24 ],
									"rotationOrigin": [ 0.11, 0.95, 0.12 ],
									"faces": {
										"north": { "texture": "#lavender", "uv": [ 3.5, 2.5, 2.0, 1.0 ], "autoUv": false },
										"east": { "texture": "#lavender", "uv": [ 4.0, 4.0, 2.5, 2.5 ], "autoUv": false },
										"south": { "texture": "#lavender", "uv": [ 4.5, 4.0, 3.0, 2.5 ], "autoUv": false },
										"west": { "texture": "#lavender", "uv": [ 3.5, 3.0, 2.0, 1.5 ], "autoUv": false },
										"up": { "texture": "#lavender", "uv": [ 4.5, 5.0, 3.0, 3.5 ], "autoUv": false }
									}
								},
								{
									"name": "bulb88",
									"from": [ 0.02, 0.5, 0.02 ],
									"to": [ 0.23, 0.75, 0.23 ],
									"rotationOrigin": [ 0.11, 0.95, 0.12 ],
									"faces": {
										"north": { "texture": "#lavender", "uv": [ 4.5, 2.0, 3.0, 0.5 ], "autoUv": false },
										"east": { "texture": "#lavender", "uv": [ 3.5, 3.0, 2.0, 1.5 ], "autoUv": false },
										"south": { "texture": "#lavender", "uv": [ 4.0, 4.5, 2.5, 3.0 ], "autoUv": false },
										"west": { "texture": "#lavender", "uv": [ 3.5, 5.5, 2.0, 4.0 ], "autoUv": false },
										"up": { "texture": "#lavender", "uv": [ 4.5, 5.5, 3.0, 4.0 ], "autoUv": false }
									}
								}
							]
						}
					]
				},
				{
					"name": "ste39",
					"from": [ 0.47, -0.45, 1.63 ],
					"to": [ 0.62, 3.1, 1.78 ],
					"rotationOrigin": [ 0.54, -0.46, 1.7 ],
					"rotationX": 4.0,
					"rotationZ": -3.0,
					"faces": {
						"north": { "texture": "#lavender", "uv": [ 0.0, 12.5, 0.5, 16.0 ] },
						"east": { "texture": "#lavender", "uv": [ 0.0, 12.5, 0.5, 16.0 ] },
						"south": { "texture": "#lavender", "uv": [ 0.0, 12.5, 0.5, 16.0 ] },
						"west": { "texture": "#lavender", "uv": [ 0.0, 12.5, 0.5, 16.0 ] }
					},
					"children": [
						{
							"name": "flower4",
							"from": [ -0.04, 3.5, -0.05 ],
							"to": [ 0.21, 3.75, 0.2 ],
							"rotationOrigin": [ 0.07, 4.15, 0.07 ],
							"faces": {
								"north": { "texture": "#lavender", "uv": [ 3.5, 1.5, 2.0, 3.0 ], "autoUv": false },
								"east": { "texture": "#lavender", "uv": [ 2.5, 3.0, 4.0, 4.5 ], "autoUv": false },
								"south": { "texture": "#lavender", "uv": [ 2.5, 1.5, 4.0, 3.0 ], "autoUv": false },
								"west": { "texture": "#lavender", "uv": [ 2.0, 4.0, 3.5, 5.5 ], "autoUv": false },
								"up": { "texture": "#lavender", "uv": [ 4.0, 5.0, 2.5, 3.5 ], "autoUv": false },
								"down": { "texture": "#lavender", "uv": [ 3.5, 5.0, 4.0, 5.5 ] }
							},
							"children": [
								{
									"name": "bulb14",
									"from": [ 0.01, 0.25, 0.01 ],
									"to": [ 0.24, 0.5, 0.24 ],
									"rotationOrigin": [ 0.11, 0.95, 0.12 ],
									"faces": {
										"north": { "texture": "#lavender", "uv": [ 3.5, 3.5, 2.0, 2.0 ], "autoUv": false },
										"east": { "texture": "#lavender", "uv": [ 4.5, 3.5, 3.0, 2.0 ], "autoUv": false },
										"south": { "texture": "#lavender", "uv": [ 4.5, 5.5, 3.0, 4.0 ], "autoUv": false },
										"west": { "texture": "#lavender", "uv": [ 3.5, 3.5, 2.0, 2.0 ], "autoUv": false },
										"up": { "texture": "#lavender", "uv": [ 4.0, 4.5, 2.5, 3.0 ], "autoUv": false }
									}
								},
								{
									"name": "bulb16",
									"from": [ 0.02, 0.5, 0.02 ],
									"to": [ 0.23, 0.75, 0.23 ],
									"rotationOrigin": [ 0.11, 0.95, 0.12 ],
									"faces": {
										"north": { "texture": "#lavender", "uv": [ 3.5, 4.0, 2.0, 2.5 ], "autoUv": false },
										"east": { "texture": "#lavender", "uv": [ 3.5, 5.0, 2.0, 3.5 ], "autoUv": false },
										"south": { "texture": "#lavender", "uv": [ 4.5, 3.5, 3.0, 2.0 ], "autoUv": false },
										"west": { "texture": "#lavender", "uv": [ 4.5, 5.0, 3.0, 3.5 ], "autoUv": false },
										"up": { "texture": "#lavender", "uv": [ 3.5, 4.5, 2.0, 3.0 ], "autoUv": false }
									}
								}
							]
						}
					]
				},
				{
					"name": "ste44",
					"from": [ -0.62, -0.35, 0.63 ],
					"to": [ -0.47, 3.3, 0.78 ],
					"rotationOrigin": [ -0.56, -0.36, 0.7 ],
					"rotationX": 3.0,
					"rotationZ": 4.0,
					"faces": {
						"north": { "texture": "#lavender", "uv": [ 0.0, 12.5, 0.5, 16.0 ] },
						"east": { "texture": "#lavender", "uv": [ 0.0, 12.5, 0.5, 16.0 ] },
						"south": { "texture": "#lavender", "uv": [ 0.0, 12.5, 0.5, 16.0 ] },
						"west": { "texture": "#lavender", "uv": [ 0.0, 12.5, 0.5, 16.0 ] }
					},
					"children": [
						{
							"name": "flower3",
							"from": [ -0.05, 3.6, -0.05 ],
							"to": [ 0.2, 3.85, 0.2 ],
							"rotationOrigin": [ 0.06, 4.25, 0.07 ],
							"faces": {
								"north": { "texture": "#lavender", "uv": [ 3.5, 0.5, 2.0, 2.0 ], "autoUv": false },
								"east": { "texture": "#lavender", "uv": [ 3.0, 3.0, 4.5, 4.5 ], "autoUv": false },
								"south": { "texture": "#lavender", "uv": [ 2.0, 3.0, 3.5, 4.5 ], "autoUv": false },
								"west": { "texture": "#lavender", "uv": [ 2.5, 2.5, 4.0, 4.0 ], "autoUv": false },
								"up": { "texture": "#lavender", "uv": [ 4.0, 4.5, 2.5, 3.0 ], "autoUv": false },
								"down": { "texture": "#lavender", "uv": [ 3.5, 5.0, 4.0, 5.5 ] }
							},
							"children": [
								{
									"name": "bulb10",
									"from": [ 0.01, 0.25, 0.01 ],
									"to": [ 0.24, 0.5, 0.24 ],
									"rotationOrigin": [ 0.11, 0.95, 0.12 ],
									"faces": {
										"north": { "texture": "#lavender", "uv": [ 3.5, 4.5, 2.0, 3.0 ], "autoUv": false },
										"east": { "texture": "#lavender", "uv": [ 4.5, 3.5, 3.0, 2.0 ], "autoUv": false },
										"south": { "texture": "#lavender", "uv": [ 4.0, 4.5, 2.5, 3.0 ], "autoUv": false },
										"west": { "texture": "#lavender", "uv": [ 3.5, 5.5, 2.0, 4.0 ], "autoUv": false },
										"up": { "texture": "#lavender", "uv": [ 4.5, 4.5, 3.0, 3.0 ], "autoUv": false }
									}
								},
								{
									"name": "bulb12",
									"from": [ 0.02, 0.5, 0.02 ],
									"to": [ 0.23, 0.75, 0.23 ],
									"rotationOrigin": [ 0.11, 0.95, 0.12 ],
									"faces": {
										"north": { "texture": "#lavender", "uv": [ 4.0, 4.5, 2.5, 3.0 ], "autoUv": false },
										"east": { "texture": "#lavender", "uv": [ 4.5, 5.0, 3.0, 3.5 ], "autoUv": false },
										"south": { "texture": "#lavender", "uv": [ 4.5, 4.5, 3.0, 3.0 ], "autoUv": false },
										"west": { "texture": "#lavender", "uv": [ 3.5, 5.5, 2.0, 4.0 ], "autoUv": false },
										"up": { "texture": "#lavender", "uv": [ 4.5, 4.0, 3.0, 2.5 ], "autoUv": false }
									}
								}
							]
						}
					]
				},
				{
					"name": "ste45",
					"from": [ -1.52, 0.0, -0.28 ],
					"to": [ -1.37, 4.0, -0.13 ],
					"rotationOrigin": [ -1.46, 0.0, -0.2 ],
					"rotationX": -2.0,
					"rotationY": 22.5,
					"rotationZ": 5.0,
					"faces": {
						"north": { "texture": "#lavender", "uv": [ 0.0, 12.0, 0.5, 16.0 ] },
						"east": { "texture": "#lavender", "uv": [ 0.0, 12.0, 0.5, 16.0 ] },
						"south": { "texture": "#lavender", "uv": [ 0.0, 12.0, 0.5, 16.0 ] },
						"west": { "texture": "#lavender", "uv": [ 0.0, 12.0, 0.5, 16.0 ] }
					},
					"children": [
						{
							"name": "bulb45",
							"from": [ -0.05, 3.95, -0.04 ],
							"to": [ 0.2, 4.2, 0.21 ],
							"rotationOrigin": [ 0.06, 4.6, 0.08 ],
							"faces": {
								"north": { "texture": "#lavender", "uv": [ 4.5, 1.0, 3.0, 2.5 ], "autoUv": false },
								"east": { "texture": "#lavender", "uv": [ 2.0, 2.0, 3.5, 3.5 ], "autoUv": false },
								"south": { "texture": "#lavender", "uv": [ 3.0, 1.0, 4.5, 2.5 ], "autoUv": false },
								"west": { "texture": "#lavender", "uv": [ 3.0, 4.0, 4.5, 5.5 ], "autoUv": false },
								"up": { "texture": "#lavender", "uv": [ 3.5, 5.5, 2.0, 4.0 ], "autoUv": false },
								"down": { "texture": "#lavender", "uv": [ 3.5, 5.0, 4.0, 5.5 ] }
							},
							"children": [
								{
									"name": "bulb83",
									"from": [ 0.01, 0.25, 0.01 ],
									"to": [ 0.24, 0.5, 0.24 ],
									"rotationOrigin": [ 0.11, 0.95, 0.12 ],
									"faces": {
										"north": { "texture": "#lavender", "uv": [ 4.5, 2.5, 3.0, 1.0 ], "autoUv": false },
										"east": { "texture": "#lavender", "uv": [ 3.5, 3.5, 2.0, 2.0 ], "autoUv": false },
										"south": { "texture": "#lavender", "uv": [ 4.5, 4.5, 3.0, 3.0 ], "autoUv": false },
										"west": { "texture": "#lavender", "uv": [ 4.5, 5.5, 3.0, 4.0 ], "autoUv": false },
										"up": { "texture": "#lavender", "uv": [ 3.5, 5.0, 2.0, 3.5 ], "autoUv": false }
									}
								},
								{
									"name": "bulb85",
									"from": [ 0.02, 0.5, 0.02 ],
									"to": [ 0.23, 0.75, 0.23 ],
									"rotationOrigin": [ 0.11, 0.95, 0.12 ],
									"faces": {
										"north": { "texture": "#lavender", "uv": [ 4.5, 3.0, 3.0, 1.5 ], "autoUv": false },
										"east": { "texture": "#lavender", "uv": [ 3.5, 3.5, 2.0, 2.0 ], "autoUv": false },
										"south": { "texture": "#lavender", "uv": [ 4.5, 3.5, 3.0, 2.0 ], "autoUv": false },
										"west": { "texture": "#lavender", "uv": [ 3.5, 4.5, 2.0, 3.0 ], "autoUv": false },
										"up": { "texture": "#lavender", "uv": [ 4.0, 5.0, 2.5, 3.5 ], "autoUv": false }
									}
								}
							]
						}
					]
				},
				{
					"name": "ste48",
					"from": [ -0.92, -0.35, -0.88 ],
					"to": [ -0.77, 3.3, -0.73 ],
					"rotationOrigin": [ -0.86, -0.36, -0.8 ],
					"rotationX": -3.0,
					"rotationY": 22.5,
					"rotationZ": 3.0,
					"faces": {
						"north": { "texture": "#lavender", "uv": [ 0.0, 12.5, 0.5, 16.0 ] },
						"east": { "texture": "#lavender", "uv": [ 0.0, 12.5, 0.5, 16.0 ] },
						"south": { "texture": "#lavender", "uv": [ 0.0, 12.5, 0.5, 16.0 ] },
						"west": { "texture": "#lavender", "uv": [ 0.0, 12.5, 0.5, 16.0 ] }
					},
					"children": [
						{
							"name": "bulb41",
							"from": [ -0.05, 3.6, -0.04 ],
							"to": [ 0.2, 3.85, 0.21 ],
							"rotationOrigin": [ 0.06, 4.25, 0.08 ],
							"faces": {
								"north": { "texture": "#lavender", "uv": [ 4.5, 3.0, 3.0, 4.5 ], "autoUv": false },
								"east": { "texture": "#lavender", "uv": [ 2.0, 3.5, 3.5, 5.0 ], "autoUv": false },
								"south": { "texture": "#lavender", "uv": [ 3.0, 3.0, 4.5, 4.5 ], "autoUv": false },
								"west": { "texture": "#lavender", "uv": [ 3.0, 3.5, 4.5, 5.0 ], "autoUv": false },
								"up": { "texture": "#lavender", "uv": [ 4.0, 5.0, 2.5, 3.5 ], "autoUv": false },
								"down": { "texture": "#lavender", "uv": [ 3.5, 5.0, 4.0, 5.5 ] }
							},
							"children": [
								{
									"name": "bulb80",
									"from": [ 0.01, 0.25, 0.01 ],
									"to": [ 0.24, 0.5, 0.24 ],
									"rotationOrigin": [ 0.11, 0.95, 0.12 ],
									"faces": {
										"north": { "texture": "#lavender", "uv": [ 3.5, 3.0, 2.0, 1.5 ], "autoUv": false },
										"east": { "texture": "#lavender", "uv": [ 4.0, 3.0, 2.5, 1.5 ], "autoUv": false },
										"south": { "texture": "#lavender", "uv": [ 4.5, 3.0, 3.0, 1.5 ], "autoUv": false },
										"west": { "texture": "#lavender", "uv": [ 3.5, 5.0, 2.0, 3.5 ], "autoUv": false },
										"up": { "texture": "#lavender", "uv": [ 4.5, 3.5, 3.0, 2.0 ], "autoUv": false }
									}
								},
								{
									"name": "bulb82",
									"from": [ 0.02, 0.5, 0.02 ],
									"to": [ 0.23, 0.75, 0.23 ],
									"rotationOrigin": [ 0.11, 0.95, 0.12 ],
									"faces": {
										"north": { "texture": "#lavender", "uv": [ 4.0, 3.0, 2.5, 1.5 ], "autoUv": false },
										"east": { "texture": "#lavender", "uv": [ 3.5, 3.5, 2.0, 2.0 ], "autoUv": false },
										"south": { "texture": "#lavender", "uv": [ 4.0, 3.5, 2.5, 2.0 ], "autoUv": false },
										"west": { "texture": "#lavender", "uv": [ 4.0, 4.5, 2.5, 3.0 ], "autoUv": false },
										"up": { "texture": "#lavender", "uv": [ 4.5, 5.5, 3.0, 4.0 ], "autoUv": false }
									}
								}
							]
						}
					]
				}
			]
		},
		{
			"name": "leafgroup2",
			"from": [ 8.0, 3.5, 8.0 ],
			"to": [ 8.0, 3.5, 8.0 ],
			"rotationOrigin": [ 8.0, 3.5, 8.0 ],
			"faces": {
			},
			"children": [
				{
					"name": "leaf51",
					"from": [ -0.8, 0.0, -0.1 ],
					"to": [ 1.7, 3.5, -0.1 ],
					"renderPass": 1,
					"rotationOrigin": [ 0.45, 0.0, -0.1 ],
					"faces": {
						"south": { "texture": "#lavender", "uv": [ 4.5, 12.5, 7.0, 16.0 ], "windMode": [7,7,7,7] }
					},
					"children": [
						{
							"name": "leaf52",
							"from": [ 0.0, 0.0, 4.0E-4 ],
							"to": [ 2.5, 3.5, 4.0E-4 ],
							"renderPass": 1,
							"rotationOrigin": [ 1.25, 0.0, 0.0 ],
							"rotationY": 89.9802,
							"faces": {
								"south": { "texture": "#lavender", "uv": [ 7.5, 12.5, 10.0, 16.0 ], "windMode": [7,7,7,7] }
							}
						}
					]
				},
				{
					"name": "leaf57",
					"from": [ 0.7, 0.0, 0.3 ],
					"to": [ 3.2, 3.5, 0.3 ],
					"renderPass": 1,
					"rotationOrigin": [ 1.95, 0.0, 0.3 ],
					"rotationX": 4.0,
					"rotationZ": -3.0,
					"faces": {
						"south": { "texture": "#lavender", "uv": [ 4.5, 12.5, 7.0, 16.0 ], "windMode": [7,7,7,7] }
					},
					"children": [
						{
							"name": "leaf58",
							"from": [ 0.0, 0.0, 4.0E-4 ],
							"to": [ 2.5, 3.5, 4.0E-4 ],
							"renderPass": 1,
							"rotationOrigin": [ 1.25, 0.0, 0.0 ],
							"rotationY": 89.9802,
							"faces": {
								"south": { "texture": "#lavender", "uv": [ 7.5, 12.5, 10.0, 16.0 ], "windMode": [7,7,7,7] }
							}
						}
					]
				},
				{
					"name": "leaf59",
					"from": [ -0.7, 0.0, -1.8 ],
					"to": [ 1.8, 3.5, -1.8 ],
					"renderPass": 1,
					"rotationOrigin": [ 0.55, 0.0, -1.8 ],
					"rotationX": -3.0,
					"rotationY": 22.5,
					"rotationZ": -1.0,
					"faces": {
						"south": { "texture": "#lavender", "uv": [ 4.5, 12.5, 7.0, 16.0 ], "windMode": [7,7,7,7] }
					},
					"children": [
						{
							"name": "leaf60",
							"from": [ 0.0, 0.0, 4.0E-4 ],
							"to": [ 2.5, 3.5, 4.0E-4 ],
							"renderPass": 1,
							"rotationOrigin": [ 1.25, 0.0, 0.0 ],
							"rotationY": 89.9802,
							"faces": {
								"south": { "texture": "#lavender", "uv": [ 7.5, 12.5, 10.0, 16.0 ], "windMode": [7,7,7,7] }
							}
						}
					]
				},
				{
					"name": "leaf63",
					"from": [ -1.8, 0.0, 0.7 ],
					"to": [ 0.7, 3.5, 0.7 ],
					"renderPass": 1,
					"rotationOrigin": [ -0.55, 0.0, 0.7 ],
					"rotationX": 3.0,
					"rotationZ": 4.0,
					"faces": {
						"south": { "texture": "#lavender", "uv": [ 4.5, 12.5, 7.0, 16.0 ], "windMode": [7,7,7,7] }
					},
					"children": [
						{
							"name": "leaf64",
							"from": [ 0.0, 0.0, 4.0E-4 ],
							"to": [ 2.5, 3.5, 4.0E-4 ],
							"renderPass": 1,
							"rotationOrigin": [ 1.25, 0.0, 0.0 ],
							"rotationY": 90.0,
							"faces": {
								"south": { "texture": "#lavender", "uv": [ 7.5, 12.5, 10.0, 16.0 ], "windMode": [7,7,7,7] }
							}
						}
					]
				},
				{
					"name": "leaf65",
					"from": [ -0.7, 0.0, 1.7 ],
					"to": [ 1.8, 3.5, 1.7 ],
					"renderPass": 1,
					"rotationOrigin": [ 0.55, 0.0, 1.7 ],
					"rotationX": 4.0,
					"rotationZ": -3.0,
					"faces": {
						"south": { "texture": "#lavender", "uv": [ 4.5, 12.5, 7.0, 16.0 ], "windMode": [7,7,7,7] }
					},
					"children": [
						{
							"name": "leaf66",
							"from": [ 0.0, 0.0, 4.0E-4 ],
							"to": [ 2.5, 3.5, 4.0E-4 ],
							"renderPass": 1,
							"rotationOrigin": [ 1.25, 0.0, 0.0 ],
							"rotationY": 89.9802,
							"faces": {
								"south": { "texture": "#lavender", "uv": [ 7.5, 12.5, 10.0, 16.0 ], "windMode": [7,7,7,7] }
							}
						}
					]
				},
				{
					"name": "leaf69",
					"from": [ -2.7, 0.0, -0.2 ],
					"to": [ -0.2, 3.5, -0.2 ],
					"renderPass": 1,
					"rotationOrigin": [ -1.45, 0.0, -0.2 ],
					"rotationX": -2.0,
					"rotationY": 22.5,
					"rotationZ": 4.0,
					"faces": {
						"south": { "texture": "#lavender", "uv": [ 4.5, 12.5, 7.0, 16.0 ], "windMode": [7,7,7,7] }
					},
					"children": [
						{
							"name": "leaf70",
							"from": [ 0.0, 0.0, 4.0E-4 ],
							"to": [ 2.5, 3.5, 4.0E-4 ],
							"renderPass": 1,
							"rotationOrigin": [ 1.25, 0.0, 0.0 ],
							"rotationY": 89.9802,
							"faces": {
								"south": { "texture": "#lavender", "uv": [ 7.5, 12.5, 10.0, 16.0 ], "windMode": [7,7,7,7] }
							}
						}
					]
				},
				{
					"name": "leaf71",
					"from": [ -2.1, 0.0, -0.8 ],
					"to": [ 0.4, 3.5, -0.8 ],
					"renderPass": 1,
					"rotationOrigin": [ -0.85, 0.0, -0.8 ],
					"rotationX": -3.0,
					"rotationY": 22.5,
					"rotationZ": 3.0,
					"faces": {
						"south": { "texture": "#lavender", "uv": [ 4.5, 12.5, 7.0, 16.0 ], "windMode": [7,7,7,7] }
					},
					"children": [
						{
							"name": "leaf72",
							"from": [ 0.0, 0.0, 4.0E-4 ],
							"to": [ 2.5, 3.5, 4.0E-4 ],
							"renderPass": 1,
							"rotationOrigin": [ 1.25, 0.0, 0.0 ],
							"rotationY": 89.9802,
							"faces": {
								"south": { "texture": "#lavender", "uv": [ 7.5, 12.5, 10.0, 16.0 ], "windMode": [7,7,7,7] }
							}
						}
					]
				},
				{
					"name": "leaf73",
					"from": [ 0.3, 0.0, -1.2 ],
					"to": [ 2.8, 3.5, -1.2 ],
					"renderPass": 1,
					"rotationOrigin": [ 1.55, 0.0, -1.2 ],
					"rotationX": -2.0,
					"rotationY": 22.5,
					"rotationZ": -3.0,
					"faces": {
						"south": { "texture": "#lavender", "uv": [ 4.5, 12.5, 7.0, 16.0 ], "windMode": [7,7,7,7] }
					},
					"children": [
						{
							"name": "leaf74",
							"from": [ 0.0, 0.0, 4.0E-4 ],
							"to": [ 2.5, 3.5, 4.0E-4 ],
							"renderPass": 1,
							"rotationOrigin": [ 1.25, 0.0, 0.0 ],
							"rotationY": 89.9802,
							"faces": {
								"south": { "texture": "#lavender", "uv": [ 7.5, 12.5, 10.0, 16.0 ], "windMode": [7,7,7,7] }
							}
						}
					]
				},
				{
					"name": "leaf75",
					"from": [ -0.4, 0.0, 1.2 ],
					"to": [ 2.1, 3.5, 1.2 ],
					"renderPass": 1,
					"rotationOrigin": [ 0.85, 0.0, 1.2 ],
					"rotationX": 2.0,
					"rotationY": 22.5,
					"rotationZ": -3.0,
					"faces": {
						"south": { "texture": "#lavender", "uv": [ 4.5, 12.5, 7.0, 16.0 ], "windMode": [7,7,7,7] }
					},
					"children": [
						{
							"name": "leaf76",
							"from": [ 0.0, 0.0, 4.0E-4 ],
							"to": [ 2.5, 3.5, 4.0E-4 ],
							"renderPass": 1,
							"rotationOrigin": [ 1.25, 0.0, 0.0 ],
							"rotationY": 89.9802,
							"faces": {
								"south": { "texture": "#lavender", "uv": [ 7.5, 12.5, 10.0, 16.0 ], "windMode": [7,7,7,7] }
							}
						}
					]
				}
			]
		}
	]}