{
	"editor": {
		"allAngles": false,
		"entityTextureMode": false
	},
	"textureWidth": 8,
	"textureHeight": 8,
	"textureSizes": {
		"saguaro": [8,8],
		"ripe": [16,16],
		"shea": [16,16]
	},
	"textures": {
	},
	"elements": [
		{
			"name": "origin",
			"from": [ 8.0, 0.0, 8.0 ],
			"to": [ 8.0, 0.0, 8.0 ],
			"rotationOrigin": [ 8.0, 0.0, 8.0 ],
			"faces": {
			},
			"children": [
				{
					"name": "body",
					"from": [ 0.35, 1.4, -1.4 ],
					"to": [ 3.15, 4.9, 1.4 ],
					"rotationOrigin": [ 1.75, 1.4, 0.0 ],
					"rotationZ": 90.0,
					"faces": {
						"north": { "texture": "#shea", "uv": [ 1.0, 1.0, 5.0, 6.0 ], "autoUv": false },
						"east": { "texture": "#shea", "uv": [ 0.5, 1.0, 4.5, 6.0 ], "autoUv": false },
						"south": { "texture": "#shea", "uv": [ 1.0, 0.5, 5.0, 5.5 ], "autoUv": false },
						"west": { "texture": "#shea", "uv": [ 0.5, 1.0, 4.5, 6.0 ], "autoUv": false },
						"up": { "texture": "#shea", "uv": [ 0.0, 0.0, 4.0, 4.0 ], "autoUv": false },
						"down": { "texture": "#shea", "uv": [ 0.5, 3.0, 4.5, 7.0 ], "autoUv": false }
					},
					"children": [
						{
							"name": "bottom",
							"from": [ 0.35, -0.7, 0.35 ],
							"to": [ 2.45, 4.2, 2.45 ],
							"rotationOrigin": [ 1.4, 0.0, 1.4 ],
							"faces": {
								"north": { "texture": "#shea", "uv": [ 1.0, 5.0, 4.0, 12.0 ], "autoUv": false },
								"east": { "texture": "#shea", "uv": [ 2.5, 6.0, 5.5, 13.0 ], "autoUv": false },
								"south": { "texture": "#shea", "uv": [ 1.5, 6.5, 4.5, 13.5 ], "autoUv": false },
								"west": { "texture": "#shea", "uv": [ 1.5, 6.0, 4.5, 13.0 ], "autoUv": false },
								"up": { "texture": "#shea", "uv": [ 0.0, 0.0, 3.0, 3.0 ], "autoUv": false, "windMode": [-1,-1,-1,-1] },
								"down": { "texture": "#shea", "uv": [ 2.5, 5.0, 5.5, 8.0 ], "autoUv": false }
							}
						}
					]
				}
			]
		}
	]}