﻿[
  {
    "op": "addmerge",
    "path": "/ingredients/11/validStacks/-",
    "value": { type: "item", code: "expandedfoods:acornportion",  shapeElement: "bowl/nuts 1/*", textureMapping: ["acorns", "acorns"]},
    "file": "game:recipes/cooking/augratin.json",
    "side": "server",
    dependsOn: [{ "modid": "acorns" }]
  },
  {
    "op": "addmerge",
    "path": "/ingredients/12/validStacks/-",
    "value": { type: "item", code: "expandedfoods:acornportion",  shapeElement: "bowl/nuts 2/*", textureMapping: ["acorns", "acorns"]},
    "file": "game:recipes/cooking/augratin.json",
    "side": "server",
    dependsOn: [{ "modid": "acorns" }]
  },

]