﻿[
  {
    "op": "addmerge",
    "path": "/ingredients/2/validStacks/-",
    "value": {
      "type": "item",
      "code": "expandedfoods:acorndumpling-raw",
            "shapeElement": "bowl/dumplings1/*",
     	    "textureMapping": [
       		    "dumpling",
        	    "dumpling"
     	    ]
    },
    "file": "game:recipes/cooking/meatystew.json",
    "side": "server",
    dependsOn: [{ "modid": "acorns" }]
  },
  {
    "op": "addmerge",
    "path": "/ingredients/4/validStacks/-",
    "value": {
      "type": "item",
      "code": "expandedfoods:acorndumpling-raw",
            "shapeElement": "bowl/dumplings2/*",
     	    "textureMapping": [
       		    "dumpling",
        	    "dumpling"
     	    ]
    },
    "file": "game:recipes/cooking/meatystew.json",
    "side": "server",
    dependsOn: [{ "modid": "acorns" }]
  },
 {
    "op": "addmerge",
    "path": "/ingredients/12/validStacks/-",
    "value":
        { "type": "item", "code": "expandedfoods:acornportion", "shapeElement": "bowl/nuts 1/*", "textureMapping": [ "acorns", "acorns" ] },
    "file": "recipes/cooking/meatystew.json",
    "side": "server",
    dependsOn: [{ "modid": "acorns" }]
  },
 {
    "op": "addmerge",
    "path": "/ingredients/13/validStacks/1",
    "value": 
        { "type": "item", "code": "expandedfoods:acornportion", "shapeElement": "bowl/nuts 2/*", "textureMapping": [ "acorns", "acorns" ] },
    "file": "recipes/cooking/meatystew.json",
    "side": "server",
    dependsOn: [{ "modid": "acorns" }]
  },
 {
    "op": "addmerge",
    "path": "/ingredients/15/validStacks/1",
    "value": { type: "item", code: "expandedfoods:acornpasta-cooked",  shapeElement: "bowl/topping/*", textureMapping: ["topping", "pasta"] },   
    "file": "recipes/cooking/meatystew.json",
    "side": "server",
    dependsOn: [{ "modid": "acorns" }]
  },
]