﻿[
  {
    "op": "addmerge",
    "path": "/ingredients/8/validStacks/-",
    "value": { type: "item", code: "expandedfoods:acornportion",  shapeElement: "bowl/nuts 1/*", textureMapping: ["acorns", "acorns"]}, 
    "file": "game:recipes/cooking/riceandbeans.json",
    "side": "server",
    dependsOn: [{ "modid": "acorns" }]
  },
  {
    "op": "addmerge",
    "path": "/ingredients/9/validStacks/-",
    "value": { type: "item", code: "expandedfoods:acornportion",  shapeElement: "bowl/nuts 2/*", textureMapping: ["acorns", "acorns"]}, 
    "file": "game:recipes/cooking/riceandbeans.json",
    "side": "server",
    dependsOn: [{ "modid": "acorns" }]
  },
]