{
  "code": "essencestone",
  "class": "ItemCreature",
  "variantgroups": [
    {
      "code": "type",
      "states": [ "essencestone" ]
    }
  ],

  "maxstacksize": 64,
  "enabled": true,

  "creativeinventory": {
    "general": [ "*" ],
    "NDLVillagers": [ "*" ]
  },

  "shapeByType": {
    "*-essencestone": { "base": "essencestone/essencestone" }
  },

  "guiTransformByType": {
    "*": {
      "rotate": true,
      "translation": {
        "x": 2,
        "y": 0,
        "z": 0
      },
      "rotation": {
        "x": -20,
        "y": -64,
        "z": -180
      },
      "origin": {
        "x": 0.5,
        "y": 1.1,
        "z": 0.5
      },
      "scale": 0.75
    }
  },
  "tpHandTransformByType": {
    "*": {
      "translation": {
        "x": -0.2,
        "y": -0.3,
        "z": -1.25
      },
      "rotation": {
        "x": -109,
        "y": -11,
        "z": -99
      },
      "origin": {
        "x": 0.5,
        "y": 0.2,
        "z": 0.5
      },
      "scale": 0.50
    }
  },
  "fpHandTransformByType": {
    "*": {
      "translation": {
        "x": 0.3,
        "y": 0.09,
        "z": 0
      },
      "rotation": {
        "x": -151,
        "y": 82,
        "z": 149
      },
      "origin": {
        "x": 0.3,
        "y": -0.25,
        "z": 0.6
      },
      "scale": 1.00
    }
  }
}