{
	"inheritFrom": "blocktypes/wood/typed/log-half-corner",
	"code": "loghalf",
	"variantgroups": [
		{ "code": "type", "states": [ "barkedcorner", "debarkedcorner" ] },
		{ "code": "wood", "loadFromProperties": "floralzonesmediterraneanregion:block/wood" },
		{ "code":"side", "loadFromProperties": "game:abstract/horizontalorientation" }
	],
	"texturesByType": {
		"loghalf-barkedcorner-*": {
			"bark": { "base": "floralzonesmediterraneanregion:block/wood/bark/{wood}*", "rotation": 90  },
			"barkup": { "base": "floralzonesmediterraneanregion:block/wood/bark/{wood}*", "rotation": 90  },
			"core": { "base": "floralzonesmediterraneanregion:block/wood/treetrunk/{wood}*" },
			"ends": { "base": "floralzonesmediterraneanregion:block/wood/treetrunk/{wood}*" }
		},
		"loghalf-debarkedcorner-*": {
			"bark": { "base": "floralzonesmediterraneanregion:block/wood/debarked/{wood}*", "rotation": 180  },
			"barkup": { "base": "floralzonesmediterraneanregion:block/wood/debarked/{wood}*", "rotation": 180  },
			"core": { "base": "floralzonesmediterraneanregion:block/wood/treetrunk/{wood}*" },
			"ends": { "base": "floralzonesmediterraneanregion:block/wood/treetrunk/{wood}*" }
		}
	},
	"combustiblePropsByType": {
		"*": {
			"burnTemperature": 800,
			"burnDuration": 72
		}
	}
}