{
	"code": "fshorsewearables",
	"variantgroups": [
		{ "code": "breed",
			"states": [ "percheron", "arabian", "donkey", "shire", "quarter"]
		},
		{ "code": "category",
			"states": [ "head", "middlebackupper", "lowerbackside" ]
		},
		{ "code": "type",
			"states": [ "saddle", "bridle", "saddlebags" ]
		}
	],
	"allowedVariants": [
		"fshorsewearables-percheron-head-bridle", "fshorsewearables-arabian-head-bridle", "fshorsewearables-donkey-head-bridle", "fshorsewearables-shire-head-bridle",
		"fshorsewearables-quarter-head-bridle",
		"fshorsewearables-percheron-middlebackupper-saddle", "fshorsewearables-arabian-middlebackupper-saddle", "fshorsewearables-donkey-middlebackupper-saddle",
		"fshorsewearables-shire-middlebackupper-saddle", "fshorsewearables-quarter-middlebackupper-saddle",
		"fshorsewearables-percheron-lowerbackside-saddlebags", "fshorsewearables-arabian-lowerbackside-saddlebags", "fshorsewearables-donkey-lowerbackside-saddlebags",
		"fshorsewearables-shire-lowerbackside-saddlebags", "fshorsewearables-quarter-lowerbackside-saddlebags"
	],
	"attributes": {
		"attachableToEntity": {
			"categoryCodeByType": {
				"*-head-bridle": "bridle",
				"*-middlebackupper-saddle": "saddle",
				"*-lowerbackside-saddlebags": "sidebags"
			},
			"attachedShapeByType": {
				"*-head-bridle": { "base": "item/equipment/head/bridle-{breed}" },
				"*-middlebackupper-saddle": { "base": "item/equipment/back/saddle-{breed}" },
				"*-lowerbackside-saddlebags": { "base": "item/equipment/rear/saddlebags-{breed}" }
			}
		},
		"controlSchemeByType": {
			"*-bridle": "Hold"
		},
		"isSaddleByType": {
			"*-middlebackupper-saddle": true
		},
		"isBridleByType": {
			"*-head-bridle": true
		},
		"backpackByType": {
			"*-percheron-lowerbackside-saddlebags": { "quantitySlots": 24 },
			"*-arabian-lowerbackside-saddlebags": { "quantitySlots": 12 },
			"*-shire-lowerbackside-saddlebags": { "quantitySlots": 18 },
			"*-quarter-lowerbackside-saddlebags": { "quantitySlots": 14 },
			"*-donkey-lowerbackside-saddlebags": { "quantitySlots": 20 }
		},
		"interactPassthroughByType": {
			"*-saddle": true
		}
	},
	"behaviorsByType": {
		"*-lowerbackside-saddlebags": [ { "name": "HeldBag" } ]
	},
	"shapeByType": {
		"*-saddle": { "base": "item/equipment/back/saddle-{breed}" },
		"*-bridle": { "base": "item/equipment/head/bridle-{breed}" },
		"*-saddlebags": { "base": "item/equipment/rear/saddlebags-{breed}" }
	},
	"maxstacksize": 1,
	"creativeinventory": {
		"general": [ "*" ],
		"items": [ "*" ],
		"clothing": [ "*" ]
	},
	"guiTransformByType": {
		"*-quarter-*-saddle": {
			"translation": { "x": 0, "y": 0, "z": 0 },
			"rotation": { "x": -21, "y": -50, "z": 180 },
			"origin": { "x": -0.2, "y": 0.5, "z": 0.5 },
			"scale": 1.25
		},
		"*-shire-*-saddle": {
			"translation": { "x": 0, "y": 0, "z": 0 },
			"rotation": { "x": -21, "y": -50, "z": 180 },
			"origin": { "x": 0.5, "y": 0.5, "z": 0.5 },
			"scale": 1.10
		},
		"*-shire-*-bridle": {
			"translation": { "x": 3, "y": 0, "z": 0 },
			"rotation": { "x": 59, "y": -128, "z": -38 },
			"origin": { "x": 0.2, "y": 0.8, "z": 0.1 },
			"scale": 1.25
		},
		"*-quarter-*-bridle": {
			"translation": { "x": 0, "y": 0, "z": 0 },
			"rotation": { "x": 26, "y": -150, "z": 0 },
			"origin": { "x": 0, "y": -0.5, "z": 1 },
			"scale": 1.15
		},
		"*-shire-*-saddlebags": {
			"translation": { "x": 1, "y": 1, "z": 0 },
			"rotation": { "x": 0, "y": -15, "z": -150 },
			"origin": { "x": 0.4, "y": 0.45, "z": 0 },
			"scale": 1.87
		},
		"*-quarter-*-saddlebags": {
			"rotation": { "x": -7, "y": -24, "z": -167 },
			"origin": { "x": 0.36, "y": 0.4, "z": 0 },
			"scale": 1.9
		}
	},
	"groundTransform": {
		"scale": 2
	},
	"fpHandTransform": {
		"translation": { "x": -0.3, "y": 0.2, "z": 0 },
		"rotation": { "x": -180, "y": -113, "z": 171 }
	},
	"tpHandTransformByType": {
		"*-shire-*-bridle": {
			"translation": { "x": -0.45, "y": -0.95, "z": -0.75 },
			"rotation": { "x": 90, "y": -90, "z": 125 },
			"scale": 0.6
		},
		"*-quarter-*-bridle": {
			"translation": { "x": -1, "y": -0.6, "z": -1.65 },
			"rotation": { "x": 90, "y": 0, "z": -156 },
			"scale": 0.55
		}
	}
}