{
	"editor": {
		"collapsedPaths": ",Root/stemgroup2,Root/origin/mint7,Root/origin/mint6,Root/origin/mint9,Root/origin/mint8,Root/origin/mint3,Root/origin/mint2,Root/origin/mint5,Root/origin/mint4,Root/origin/mint1,Root/leafgroup2,Root/stemgroup,Root/origin/mint,Root/leafgroup",
		"allAngles": false,
		"entityTextureMode": false
	},
	"textureWidth": 16,
	"textureHeight": 16,
	"textureSizes": {
		"lavender": [16,16],
		"mint": [16,16]
	},
	"textures": {
	},
	"elements": [
		{
			"name": "origin",
			"from": [ 8.0, 0.0, 8.0 ],
			"to": [ 8.0, 0.0, 8.0 ],
			"rotationOrigin": [ 8.0, 0.0, 8.0 ],
			"faces": {
			},
			"children": [
				{
					"name": "mint1",
					"from": [ -4.04, 0.0, -4.04 ],
					"to": [ -4.04, 0.0, -4.04 ],
					"rotationOrigin": [ -4.0, 0.0, -4.0 ],
					"faces": {
					},
					"children": [
						{
							"name": "leafgroup9",
							"from": [ 0.0492, 0.0, 0.0 ],
							"to": [ 0.0492, 0.0, 0.0 ],
							"rotationOrigin": [ 0.0459, 0.0, 0.0459 ],
							"rotationY": 15.0,
							"faces": {
							},
							"children": [
								{
									"name": "leaf35",
									"from": [ 0.0, 1.509, -0.6233 ],
									"to": [ 1.9683, 1.509, 0.6889 ],
									"rotationOrigin": [ 0.0, 1.509, 0.0492 ],
									"rotationY": 30.0,
									"rotationZ": 20.0,
									"faces": {
										"up": { "texture": "#mint", "uv": [ 3.0, 8.5, 7.5, 16.0 ], "rotation": 90, "autoUv": false, "windMode": [1,1,4,4] }
									},
									"children": [
										{
											"name": "leaf36",
											"from": [ 0.0, 0.0656, 0.0 ],
											"to": [ 1.9683, 0.0656, 1.3122 ],
											"rotationOrigin": [ 0.0, 0.0656, 0.6725 ],
											"rotationX": -180.0,
											"rotationZ": -140.0,
											"faces": {
												"up": { "texture": "#mint", "uv": [ 3.0, 8.5, 7.5, 16.0 ], "rotation": 90, "autoUv": false, "windMode": [1,1,4,4] }
											}
										}
									]
								}
							]
						},
						{
							"name": "smallleafgroup9",
							"from": [ 0.0459, 0.6561, 0.0 ],
							"to": [ 0.0459, 0.6561, 0.0 ],
							"rotationOrigin": [ 0.0459, 0.6561, 0.0459 ],
							"rotationY": 45.0,
							"faces": {
							},
							"children": [
								{
									"name": "leaf53",
									"from": [ 0.0, 1.2466, -0.2756 ],
									"to": [ 0.9841, 1.2466, 0.3805 ],
									"rotationOrigin": [ 0.0, 1.3122, 0.0656 ],
									"rotationY": 90.0,
									"rotationZ": 30.0,
									"faces": {
										"up": { "texture": "#mint", "uv": [ 3.0, 8.5, 7.5, 16.0 ], "rotation": 90, "autoUv": false, "windMode": [1,1,4,4] }
									},
									"children": [
										{
											"name": "leaf54",
											"from": [ 0.0, 0.0, 0.0131 ],
											"to": [ 0.9841, 0.0, 0.6692 ],
											"rotationOrigin": [ 0.0, 0.0, 0.3363 ],
											"rotationX": -180.0,
											"rotationZ": -120.0,
											"faces": {
												"up": { "texture": "#mint", "uv": [ 3.0, 8.5, 7.5, 16.0 ], "rotation": 90, "autoUv": false, "windMode": [1,1,4,4] }
											}
										}
									]
								}
							]
						},
						{
							"name": "stalk10",
							"from": [ 0.0, 0.0, 0.0 ],
							"to": [ 0.0984, 1.9683, 0.0984 ],
							"faces": {
								"north": { "texture": "#mint", "uv": [ 0.0, 4.5, 0.5, 7.5 ], "autoUv": false, "windMode": [0,4,4,0] },
								"east": { "texture": "#mint", "uv": [ 0.0, 2.0, 0.5, 6.0 ], "autoUv": false, "windMode": [0,4,4,0] },
								"south": { "texture": "#mint", "uv": [ 0.5, 6.5, 1.0, 9.5 ], "autoUv": false, "windMode": [0,0,4,4] },
								"west": { "texture": "#mint", "uv": [ 0.0, 8.0, 0.5, 11.0 ], "autoUv": false, "windMode": [0,0,4,4] },
								"up": { "texture": "#mint", "uv": [ 0.0, 0.0, 0.5, 0.5 ], "autoUv": false, "windMode": [4,4,4,4] }
							}
						}
					]
				},
				{
					"name": "mint2",
					"from": [ 3.95, 0.0, -4.04 ],
					"to": [ 3.95, 0.0, -4.04 ],
					"rotationOrigin": [ 4.0, 0.0, -4.0 ],
					"faces": {
					},
					"children": [
						{
							"name": "leafgroup10",
							"from": [ 0.0492, 0.0, 0.0 ],
							"to": [ 0.0492, 0.0, 0.0 ],
							"rotationOrigin": [ 0.0459, 0.0, 0.0459 ],
							"rotationY": 15.0,
							"faces": {
							},
							"children": [
								{
									"name": "leaf37",
									"from": [ 0.0, 1.509, -0.6233 ],
									"to": [ 1.9683, 1.509, 0.6889 ],
									"rotationOrigin": [ 0.0, 1.509, 0.0492 ],
									"rotationY": 30.0,
									"rotationZ": 20.0,
									"faces": {
										"up": { "texture": "#mint", "uv": [ 3.0, 8.5, 7.5, 16.0 ], "rotation": 90, "autoUv": false, "windMode": [1,1,4,4] }
									},
									"children": [
										{
											"name": "leaf38",
											"from": [ 0.0, 0.0656, 0.0 ],
											"to": [ 1.9683, 0.0656, 1.3122 ],
											"rotationOrigin": [ 0.0, 0.0656, 0.6725 ],
											"rotationX": -180.0,
											"rotationZ": -140.0,
											"faces": {
												"up": { "texture": "#mint", "uv": [ 3.0, 8.5, 7.5, 16.0 ], "rotation": 90, "autoUv": false, "windMode": [1,1,4,4] }
											}
										}
									]
								}
							]
						},
						{
							"name": "smallleafgroup10",
							"from": [ 0.0459, 0.6561, 0.0 ],
							"to": [ 0.0459, 0.6561, 0.0 ],
							"rotationOrigin": [ 0.0459, 0.6561, 0.0459 ],
							"rotationY": 45.0,
							"faces": {
							},
							"children": [
								{
									"name": "leaf55",
									"from": [ 0.0, 1.2466, -0.2756 ],
									"to": [ 0.9841, 1.2466, 0.3805 ],
									"rotationOrigin": [ 0.0, 1.3122, 0.0656 ],
									"rotationY": 90.0,
									"rotationZ": 30.0,
									"faces": {
										"up": { "texture": "#mint", "uv": [ 3.0, 8.5, 7.5, 16.0 ], "rotation": 90, "autoUv": false, "windMode": [1,1,4,4] }
									},
									"children": [
										{
											"name": "leaf56",
											"from": [ 0.0, 0.0, 0.0131 ],
											"to": [ 0.9841, 0.0, 0.6692 ],
											"rotationOrigin": [ 0.0, 0.0, 0.3363 ],
											"rotationX": -180.0,
											"rotationZ": -120.0,
											"faces": {
												"up": { "texture": "#mint", "uv": [ 3.0, 8.5, 7.5, 16.0 ], "rotation": 90, "autoUv": false, "windMode": [1,1,4,4] }
											}
										}
									]
								}
							]
						},
						{
							"name": "stalk11",
							"from": [ 0.0, 0.0, 0.0 ],
							"to": [ 0.0984, 1.9683, 0.0984 ],
							"faces": {
								"north": { "texture": "#mint", "uv": [ 0.0, 4.5, 0.5, 7.5 ], "autoUv": false, "windMode": [0,4,4,0] },
								"east": { "texture": "#mint", "uv": [ 0.0, 2.0, 0.5, 6.0 ], "autoUv": false, "windMode": [0,4,4,0] },
								"south": { "texture": "#mint", "uv": [ 0.5, 6.5, 1.0, 9.5 ], "autoUv": false, "windMode": [0,0,4,4] },
								"west": { "texture": "#mint", "uv": [ 0.0, 8.0, 0.5, 11.0 ], "autoUv": false, "windMode": [0,0,4,4] },
								"up": { "texture": "#mint", "uv": [ 0.0, 0.0, 0.5, 0.5 ], "autoUv": false, "windMode": [4,4,4,4] }
							}
						}
					]
				},
				{
					"name": "mint3",
					"from": [ -0.0405, 0.0, -0.0405 ],
					"to": [ -0.0405, 0.0, -0.0405 ],
					"rotationOrigin": [ 0.0, 0.0, 0.0 ],
					"faces": {
					},
					"children": [
						{
							"name": "leafgroup11",
							"from": [ 0.0492, 0.0, 0.0 ],
							"to": [ 0.0492, 0.0, 0.0 ],
							"rotationOrigin": [ 0.0459, 0.0, 0.0459 ],
							"rotationY": 15.0,
							"faces": {
							},
							"children": [
								{
									"name": "leaf39",
									"from": [ 0.0, 1.509, -0.6233 ],
									"to": [ 1.9683, 1.509, 0.6889 ],
									"rotationOrigin": [ 0.0, 1.509, 0.0492 ],
									"rotationY": 30.0,
									"rotationZ": 20.0,
									"faces": {
										"up": { "texture": "#mint", "uv": [ 3.0, 8.5, 7.5, 16.0 ], "rotation": 90, "autoUv": false, "windMode": [1,1,4,4] }
									},
									"children": [
										{
											"name": "leaf40",
											"from": [ 0.0, 0.0656, 0.0 ],
											"to": [ 1.9683, 0.0656, 1.3122 ],
											"rotationOrigin": [ 0.0, 0.0656, 0.6725 ],
											"rotationX": -180.0,
											"rotationZ": -140.0,
											"faces": {
												"up": { "texture": "#mint", "uv": [ 3.0, 8.5, 7.5, 16.0 ], "rotation": 90, "autoUv": false, "windMode": [1,1,4,4] }
											}
										}
									]
								}
							]
						},
						{
							"name": "smallleafgroup11",
							"from": [ 0.0459, 0.6561, 0.0 ],
							"to": [ 0.0459, 0.6561, 0.0 ],
							"rotationOrigin": [ 0.0459, 0.6561, 0.0459 ],
							"rotationY": 45.0,
							"faces": {
							},
							"children": [
								{
									"name": "leaf57",
									"from": [ 0.0, 1.2466, -0.2756 ],
									"to": [ 0.9841, 1.2466, 0.3805 ],
									"rotationOrigin": [ 0.0, 1.3122, 0.0656 ],
									"rotationY": 90.0,
									"rotationZ": 30.0,
									"faces": {
										"up": { "texture": "#mint", "uv": [ 3.0, 8.5, 7.5, 16.0 ], "rotation": 90, "autoUv": false, "windMode": [1,1,4,4] }
									},
									"children": [
										{
											"name": "leaf58",
											"from": [ 0.0, 0.0, 0.0131 ],
											"to": [ 0.9841, 0.0, 0.6692 ],
											"rotationOrigin": [ 0.0, 0.0, 0.3363 ],
											"rotationX": -180.0,
											"rotationZ": -120.0,
											"faces": {
												"up": { "texture": "#mint", "uv": [ 3.0, 8.5, 7.5, 16.0 ], "rotation": 90, "autoUv": false, "windMode": [1,1,4,4] }
											}
										}
									]
								}
							]
						},
						{
							"name": "stalk12",
							"from": [ 0.0, 0.0, 0.0 ],
							"to": [ 0.0984, 1.9683, 0.0984 ],
							"faces": {
								"north": { "texture": "#mint", "uv": [ 0.0, 4.5, 0.5, 7.5 ], "autoUv": false, "windMode": [0,4,4,0] },
								"east": { "texture": "#mint", "uv": [ 0.0, 2.0, 0.5, 6.0 ], "autoUv": false, "windMode": [0,4,4,0] },
								"south": { "texture": "#mint", "uv": [ 0.5, 6.5, 1.0, 9.5 ], "autoUv": false, "windMode": [0,0,4,4] },
								"west": { "texture": "#mint", "uv": [ 0.0, 8.0, 0.5, 11.0 ], "autoUv": false, "windMode": [0,0,4,4] },
								"up": { "texture": "#mint", "uv": [ 0.0, 0.0, 0.5, 0.5 ], "autoUv": false, "windMode": [4,4,4,4] }
							}
						}
					]
				},
				{
					"name": "mint4",
					"from": [ -4.04, 0.0, 3.95 ],
					"to": [ -4.04, 0.0, 3.95 ],
					"rotationOrigin": [ -4.0, 0.0, 4.0 ],
					"faces": {
					},
					"children": [
						{
							"name": "leafgroup12",
							"from": [ 0.0492, 0.0, 0.0 ],
							"to": [ 0.0492, 0.0, 0.0 ],
							"rotationOrigin": [ 0.0459, 0.0, 0.0459 ],
							"rotationY": 15.0,
							"faces": {
							},
							"children": [
								{
									"name": "leaf41",
									"from": [ 0.0, 1.509, -0.6233 ],
									"to": [ 1.9683, 1.509, 0.6889 ],
									"rotationOrigin": [ 0.0, 1.509, 0.0492 ],
									"rotationY": 30.0,
									"rotationZ": 20.0,
									"faces": {
										"up": { "texture": "#mint", "uv": [ 3.0, 8.5, 7.5, 16.0 ], "rotation": 90, "autoUv": false, "windMode": [1,1,4,4] }
									},
									"children": [
										{
											"name": "leaf42",
											"from": [ 0.0, 0.0656, 0.0 ],
											"to": [ 1.9683, 0.0656, 1.3122 ],
											"rotationOrigin": [ 0.0, 0.0656, 0.6725 ],
											"rotationX": -180.0,
											"rotationZ": -140.0,
											"faces": {
												"up": { "texture": "#mint", "uv": [ 3.0, 8.5, 7.5, 16.0 ], "rotation": 90, "autoUv": false, "windMode": [1,1,4,4] }
											}
										}
									]
								}
							]
						},
						{
							"name": "smallleafgroup12",
							"from": [ 0.0459, 0.6561, 0.0 ],
							"to": [ 0.0459, 0.6561, 0.0 ],
							"rotationOrigin": [ 0.0459, 0.6561, 0.0459 ],
							"rotationY": 45.0,
							"faces": {
							},
							"children": [
								{
									"name": "leaf59",
									"from": [ 0.0, 1.2466, -0.2756 ],
									"to": [ 0.9841, 1.2466, 0.3805 ],
									"rotationOrigin": [ 0.0, 1.3122, 0.0656 ],
									"rotationY": 90.0,
									"rotationZ": 30.0,
									"faces": {
										"up": { "texture": "#mint", "uv": [ 3.0, 8.5, 7.5, 16.0 ], "rotation": 90, "autoUv": false, "windMode": [1,1,4,4] }
									},
									"children": [
										{
											"name": "leaf60",
											"from": [ 0.0, 0.0, 0.0131 ],
											"to": [ 0.9841, 0.0, 0.6692 ],
											"rotationOrigin": [ 0.0, 0.0, 0.3363 ],
											"rotationX": -180.0,
											"rotationZ": -120.0,
											"faces": {
												"up": { "texture": "#mint", "uv": [ 3.0, 8.5, 7.5, 16.0 ], "rotation": 90, "autoUv": false, "windMode": [1,1,4,4] }
											}
										}
									]
								}
							]
						},
						{
							"name": "stalk13",
							"from": [ 0.0, 0.0, 0.0 ],
							"to": [ 0.0984, 1.9683, 0.0984 ],
							"faces": {
								"north": { "texture": "#mint", "uv": [ 0.0, 4.5, 0.5, 7.5 ], "autoUv": false, "windMode": [0,4,4,0] },
								"east": { "texture": "#mint", "uv": [ 0.0, 2.0, 0.5, 6.0 ], "autoUv": false, "windMode": [0,4,4,0] },
								"south": { "texture": "#mint", "uv": [ 0.5, 6.5, 1.0, 9.5 ], "autoUv": false, "windMode": [0,0,4,4] },
								"west": { "texture": "#mint", "uv": [ 0.0, 8.0, 0.5, 11.0 ], "autoUv": false, "windMode": [0,0,4,4] },
								"up": { "texture": "#mint", "uv": [ 0.0, 0.0, 0.5, 0.5 ], "autoUv": false, "windMode": [4,4,4,4] }
							}
						}
					]
				},
				{
					"name": "mint5",
					"from": [ 3.95, 0.0, 3.95 ],
					"to": [ 3.95, 0.0, 3.95 ],
					"rotationOrigin": [ 4.0, 0.0, 4.0 ],
					"faces": {
					},
					"children": [
						{
							"name": "leafgroup13",
							"from": [ 0.0492, 0.0, 0.0 ],
							"to": [ 0.0492, 0.0, 0.0 ],
							"rotationOrigin": [ 0.0459, 0.0, 0.0459 ],
							"rotationY": 15.0,
							"faces": {
							},
							"children": [
								{
									"name": "leaf43",
									"from": [ 0.0, 1.509, -0.6233 ],
									"to": [ 1.9683, 1.509, 0.6889 ],
									"rotationOrigin": [ 0.0, 1.509, 0.0492 ],
									"rotationY": 30.0,
									"rotationZ": 20.0,
									"faces": {
										"up": { "texture": "#mint", "uv": [ 3.0, 8.5, 7.5, 16.0 ], "rotation": 90, "autoUv": false, "windMode": [1,1,4,4] }
									},
									"children": [
										{
											"name": "leaf44",
											"from": [ 0.0, 0.0656, 0.0 ],
											"to": [ 1.9683, 0.0656, 1.3122 ],
											"rotationOrigin": [ 0.0, 0.0656, 0.6725 ],
											"rotationX": -180.0,
											"rotationZ": -140.0,
											"faces": {
												"up": { "texture": "#mint", "uv": [ 3.0, 8.5, 7.5, 16.0 ], "rotation": 90, "autoUv": false, "windMode": [1,1,4,4] }
											}
										}
									]
								}
							]
						},
						{
							"name": "smallleafgroup13",
							"from": [ 0.0459, 0.6561, 0.0 ],
							"to": [ 0.0459, 0.6561, 0.0 ],
							"rotationOrigin": [ 0.0459, 0.6561, 0.0459 ],
							"rotationY": 45.0,
							"faces": {
							},
							"children": [
								{
									"name": "leaf61",
									"from": [ 0.0, 1.2466, -0.2756 ],
									"to": [ 0.9841, 1.2466, 0.3805 ],
									"rotationOrigin": [ 0.0, 1.3122, 0.0656 ],
									"rotationY": 90.0,
									"rotationZ": 30.0,
									"faces": {
										"up": { "texture": "#mint", "uv": [ 3.0, 8.5, 7.5, 16.0 ], "rotation": 90, "autoUv": false, "windMode": [1,1,4,4] }
									},
									"children": [
										{
											"name": "leaf62",
											"from": [ 0.0, 0.0, 0.0131 ],
											"to": [ 0.9841, 0.0, 0.6692 ],
											"rotationOrigin": [ 0.0, 0.0, 0.3363 ],
											"rotationX": -180.0,
											"rotationZ": -120.0,
											"faces": {
												"up": { "texture": "#mint", "uv": [ 3.0, 8.5, 7.5, 16.0 ], "rotation": 90, "autoUv": false, "windMode": [1,1,4,4] }
											}
										}
									]
								}
							]
						},
						{
							"name": "stalk14",
							"from": [ 0.0, 0.0, 0.0 ],
							"to": [ 0.0984, 1.9683, 0.0984 ],
							"faces": {
								"north": { "texture": "#mint", "uv": [ 0.0, 4.5, 0.5, 7.5 ], "autoUv": false, "windMode": [0,4,4,0] },
								"east": { "texture": "#mint", "uv": [ 0.0, 2.0, 0.5, 6.0 ], "autoUv": false, "windMode": [0,4,4,0] },
								"south": { "texture": "#mint", "uv": [ 0.5, 6.5, 1.0, 9.5 ], "autoUv": false, "windMode": [0,0,4,4] },
								"west": { "texture": "#mint", "uv": [ 0.0, 8.0, 0.5, 11.0 ], "autoUv": false, "windMode": [0,0,4,4] },
								"up": { "texture": "#mint", "uv": [ 0.0, 0.0, 0.5, 0.5 ], "autoUv": false, "windMode": [4,4,4,4] }
							}
						}
					]
				}
			]
		}
	]}