{
	"editor": {
		"collapsedPaths": ",Root/origin/mint,Root/leafgroup,Root/stemgroup2,Root/stemgroup,Root/origin/mint7,Root/origin/mint6,Root/origin/mint9,Root/origin/mint8,Root/origin/mint3,Root/origin/mint2,Root/origin/mint5,Root/leafgroup2,Root/origin/mint4",
		"allAngles": false,
		"entityTextureMode": false
	},
	"textureWidth": 16,
	"textureHeight": 16,
	"textureSizes": {
		"lavender": [16,16],
		"mint": [16,16]
	},
	"textures": {
	},
	"elements": [
		{
			"name": "origin",
			"from": [ 8.0, 0.0, 8.0 ],
			"to": [ 8.0, 0.0, 8.0 ],
			"rotationOrigin": [ 8.0, 0.0, 8.0 ],
			"faces": {
			},
			"children": [
				{
					"name": "mint5",
					"from": [ 3.93, 0.0, 3.93 ],
					"to": [ 3.93, 0.0, 3.93 ],
					"rotationOrigin": [ 4.0, 0.0, 4.0 ],
					"faces": {
					},
					"children": [
						{
							"name": "leafgroup13",
							"from": [ 0.075, -1.0, 0.0 ],
							"to": [ 0.075, -1.0, 0.0 ],
							"rotationOrigin": [ 0.07, -1.0, 0.07 ],
							"rotationY": 15.0,
							"faces": {
							},
							"children": [
								{
									"name": "leaf65",
									"from": [ 0.0, 3.0, -0.95 ],
									"to": [ 3.0, 3.0, 1.05 ],
									"rotationOrigin": [ 0.0, 3.0, 0.075 ],
									"rotationZ": -10.0,
									"faces": {
										"up": { "texture": "#mint", "uv": [ 3.0, 8.5, 7.5, 16.0 ], "rotation": 90, "autoUv": false, "windMode": [1,1,4,4] }
									},
									"children": [
										{
											"name": "leaf66",
											"from": [ 0.0, 0.1, 0.0 ],
											"to": [ 3.0, 0.1, 2.0 ],
											"rotationOrigin": [ 0.0, 0.1, 1.025 ],
											"rotationX": -180.0,
											"rotationZ": -200.0,
											"faces": {
												"up": { "texture": "#mint", "uv": [ 3.0, 8.5, 7.5, 16.0 ], "rotation": 90, "autoUv": false, "windMode": [1,1,4,4] }
											}
										}
									]
								},
								{
									"name": "leaf67",
									"from": [ 0.0, 3.3, -0.95 ],
									"to": [ 3.0, 3.3, 1.05 ],
									"rotationOrigin": [ 0.0, 3.3, 0.075 ],
									"rotationY": 90.0,
									"rotationZ": -10.0,
									"faces": {
										"up": { "texture": "#mint", "uv": [ 3.0, 8.5, 7.5, 16.0 ], "rotation": 90, "autoUv": false, "windMode": [1,1,4,4] }
									},
									"children": [
										{
											"name": "leaf68",
											"from": [ 0.0, 0.1, 0.0 ],
											"to": [ 3.0, 0.1, 2.0 ],
											"rotationOrigin": [ 0.0, 0.1, 1.025 ],
											"rotationX": -180.0,
											"rotationZ": -200.0,
											"faces": {
												"up": { "texture": "#mint", "uv": [ 3.0, 8.5, 7.5, 16.0 ], "rotation": 90, "autoUv": false, "windMode": [1,1,4,4] }
											}
										}
									]
								}
							]
						},
						{
							"name": "leafgroup14",
							"from": [ 0.075, 0.0, 0.0 ],
							"to": [ 0.075, 0.0, 0.0 ],
							"rotationOrigin": [ 0.07, 0.0, 0.07 ],
							"rotationY": 45.0,
							"faces": {
							},
							"children": [
								{
									"name": "leaf69",
									"from": [ 0.0, 3.0, -0.95 ],
									"to": [ 3.0, 3.0, 1.05 ],
									"rotationOrigin": [ 0.0, 3.0, 0.075 ],
									"rotationZ": -10.0,
									"faces": {
										"up": { "texture": "#mint", "uv": [ 3.0, 8.5, 7.5, 16.0 ], "rotation": 90, "autoUv": false, "windMode": [1,1,4,4] }
									},
									"children": [
										{
											"name": "leaf70",
											"from": [ 0.0, 0.1, 0.0 ],
											"to": [ 3.0, 0.1, 2.0 ],
											"rotationOrigin": [ 0.0, 0.1, 1.025 ],
											"rotationX": -180.0,
											"rotationZ": -200.0,
											"faces": {
												"up": { "texture": "#mint", "uv": [ 3.0, 8.5, 7.5, 16.0 ], "rotation": 90, "autoUv": false, "windMode": [1,1,4,4] }
											}
										}
									]
								},
								{
									"name": "leaf71",
									"from": [ 0.0, 3.3, -0.95 ],
									"to": [ 3.0, 3.3, 1.05 ],
									"rotationOrigin": [ 0.0, 3.3, 0.075 ],
									"rotationY": 90.0,
									"rotationZ": -10.0,
									"faces": {
										"up": { "texture": "#mint", "uv": [ 3.0, 8.5, 7.5, 16.0 ], "rotation": 90, "autoUv": false, "windMode": [1,1,4,4] }
									},
									"children": [
										{
											"name": "leaf72",
											"from": [ 0.0, 0.1, 0.0 ],
											"to": [ 3.0, 0.1, 2.0 ],
											"rotationOrigin": [ 0.0, 0.1, 1.025 ],
											"rotationX": -180.0,
											"rotationZ": -200.0,
											"faces": {
												"up": { "texture": "#mint", "uv": [ 3.0, 8.5, 7.5, 16.0 ], "rotation": 90, "autoUv": false, "windMode": [1,1,4,4] }
											}
										}
									]
								}
							]
						},
						{
							"name": "leafgroup15",
							"from": [ 0.075, 1.0, 0.0 ],
							"to": [ 0.075, 1.0, 0.0 ],
							"rotationOrigin": [ 0.07, 1.0, 0.07 ],
							"rotationY": 8.0,
							"faces": {
							},
							"children": [
								{
									"name": "leaf73",
									"from": [ 0.0, 3.0, -0.95 ],
									"to": [ 3.0, 3.0, 1.05 ],
									"rotationOrigin": [ 0.0, 3.0, 0.075 ],
									"rotationZ": -10.0,
									"faces": {
										"up": { "texture": "#mint", "uv": [ 3.0, 8.5, 7.5, 16.0 ], "rotation": 90, "autoUv": false, "windMode": [1,1,4,4] }
									},
									"children": [
										{
											"name": "leaf74",
											"from": [ 0.0, 0.1, 0.0 ],
											"to": [ 3.0, 0.1, 2.0 ],
											"rotationOrigin": [ 0.0, 0.1, 1.025 ],
											"rotationX": -180.0,
											"rotationZ": -200.0,
											"faces": {
												"up": { "texture": "#mint", "uv": [ 3.0, 8.5, 7.5, 16.0 ], "rotation": 90, "autoUv": false, "windMode": [1,1,4,4] }
											}
										}
									]
								},
								{
									"name": "leaf75",
									"from": [ 0.0, 3.3, -0.95 ],
									"to": [ 3.0, 3.3, 1.05 ],
									"rotationOrigin": [ 0.0, 3.3, 0.075 ],
									"rotationY": 90.0,
									"rotationZ": -10.0,
									"faces": {
										"up": { "texture": "#mint", "uv": [ 3.0, 8.5, 7.5, 16.0 ], "rotation": 90, "autoUv": false, "windMode": [1,1,4,4] }
									},
									"children": [
										{
											"name": "leaf76",
											"from": [ 0.0, 0.1, 0.0 ],
											"to": [ 3.0, 0.1, 2.0 ],
											"rotationOrigin": [ 0.0, 0.1, 1.025 ],
											"rotationX": -180.0,
											"rotationZ": -200.0,
											"faces": {
												"up": { "texture": "#mint", "uv": [ 3.0, 8.5, 7.5, 16.0 ], "rotation": 90, "autoUv": false, "windMode": [1,1,4,4] }
											}
										}
									]
								}
							]
						},
						{
							"name": "smallleafgroup5",
							"from": [ 0.07, 2.3, 0.0 ],
							"to": [ 0.07, 2.3, 0.0 ],
							"rotationOrigin": [ 0.07, 2.3, 0.07 ],
							"rotationY": 45.0,
							"faces": {
							},
							"children": [
								{
									"name": "leaf77",
									"from": [ 0.0, 2.9, -0.42 ],
									"to": [ 1.5, 2.9, 0.58 ],
									"rotationOrigin": [ 0.0, 3.0, 0.1 ],
									"rotationZ": 30.0,
									"faces": {
										"up": { "texture": "#mint", "uv": [ 3.0, 8.5, 7.5, 16.0 ], "rotation": 90, "autoUv": false, "windMode": [1,1,4,4] }
									},
									"children": [
										{
											"name": "leaf78",
											"from": [ 0.0, 0.0, 0.02 ],
											"to": [ 1.5, 0.0, 1.02 ],
											"rotationOrigin": [ 0.0, 0.0, 0.5125 ],
											"rotationX": -180.0,
											"rotationZ": -120.0,
											"faces": {
												"up": { "texture": "#mint", "uv": [ 3.0, 8.5, 7.5, 16.0 ], "rotation": 90, "autoUv": false, "windMode": [1,1,4,4] }
											}
										}
									]
								},
								{
									"name": "leaf79",
									"from": [ 0.0, 2.53, -0.665 ],
									"to": [ 2.1, 2.53, 0.735 ],
									"rotationOrigin": [ 0.0, 2.53, 0.0525 ],
									"rotationY": 90.0,
									"rotationZ": 50.0,
									"faces": {
										"up": { "texture": "#mint", "uv": [ 3.0, 8.5, 7.5, 16.0 ], "rotation": 90, "autoUv": false, "windMode": [1,1,4,4] }
									},
									"children": [
										{
											"name": "leaf80",
											"from": [ 0.0, 0.0, 0.0 ],
											"to": [ 2.1, 0.0, 1.4 ],
											"rotationOrigin": [ 0.0, 0.0, 0.7175 ],
											"rotationX": -180.0,
											"rotationZ": -80.0,
											"faces": {
												"up": { "texture": "#mint", "uv": [ 3.0, 8.5, 7.5, 16.0 ], "rotation": 90, "autoUv": false, "windMode": [1,1,4,4] }
											}
										}
									]
								}
							]
						},
						{
							"name": "stalk9",
							"from": [ 0.0, 4.0, 0.0 ],
							"to": [ 0.15, 5.3, 0.15 ],
							"rotationOrigin": [ 0.0, 4.0, 0.0 ],
							"faces": {
								"north": { "texture": "#mint", "uv": [ 0.0, 4.5, 0.5, 5.5 ], "windMode": [4,4,4,4] },
								"east": { "texture": "#mint", "uv": [ 0.0, 2.0, 0.5, 6.0 ], "autoUv": false, "windMode": [4,4,4,4] },
								"south": { "texture": "#mint", "uv": [ 0.5, 6.5, 1.0, 7.5 ], "windMode": [4,4,4,4] },
								"west": { "texture": "#mint", "uv": [ 0.0, 8.0, 0.5, 9.0 ], "windMode": [4,4,4,4] },
								"up": { "texture": "#mint", "uv": [ 0.0, 0.0, 0.5, 0.5 ], "windMode": [4,4,4,4] }
							},
							"children": [
								{
									"name": "stalk10",
									"from": [ 0.0, -4.0, 0.0 ],
									"to": [ 0.15, 0.0, 0.15 ],
									"rotationOrigin": [ 0.0, -4.0, 0.0 ],
									"faces": {
										"north": { "texture": "#mint", "uv": [ 0.0, 4.5, 0.5, 8.5 ], "windMode": [0,4,4,0] },
										"east": { "texture": "#mint", "uv": [ 0.0, 2.0, 0.5, 6.0 ], "autoUv": false, "windMode": [0,4,4,0] },
										"south": { "texture": "#mint", "uv": [ 0.5, 6.5, 1.0, 10.5 ], "windMode": [0,0,4,4] },
										"west": { "texture": "#mint", "uv": [ 0.0, 8.0, 0.5, 12.0 ], "windMode": [0,0,4,4] },
										"up": { "texture": "#mint", "uv": [ 0.0, 0.0, 0.5, 0.5 ], "windMode": [4,4,4,4] }
									}
								}
							]
						}
					]
				},
				{
					"name": "mint4",
					"from": [ -4.07, 0.0, 3.93 ],
					"to": [ -4.07, 0.0, 3.93 ],
					"rotationOrigin": [ -4.0, 0.0, 4.0 ],
					"faces": {
					},
					"children": [
						{
							"name": "leafgroup16",
							"from": [ 0.075, -1.0, 0.0 ],
							"to": [ 0.075, -1.0, 0.0 ],
							"rotationOrigin": [ 0.07, -1.0, 0.07 ],
							"rotationY": 15.0,
							"faces": {
							},
							"children": [
								{
									"name": "leaf81",
									"from": [ 0.0, 3.0, -0.95 ],
									"to": [ 3.0, 3.0, 1.05 ],
									"rotationOrigin": [ 0.0, 3.0, 0.075 ],
									"rotationZ": -10.0,
									"faces": {
										"up": { "texture": "#mint", "uv": [ 3.0, 8.5, 7.5, 16.0 ], "rotation": 90, "autoUv": false, "windMode": [1,1,4,4] }
									},
									"children": [
										{
											"name": "leaf82",
											"from": [ 0.0, 0.1, 0.0 ],
											"to": [ 3.0, 0.1, 2.0 ],
											"rotationOrigin": [ 0.0, 0.1, 1.025 ],
											"rotationX": -180.0,
											"rotationZ": -200.0,
											"faces": {
												"up": { "texture": "#mint", "uv": [ 3.0, 8.5, 7.5, 16.0 ], "rotation": 90, "autoUv": false, "windMode": [1,1,4,4] }
											}
										}
									]
								},
								{
									"name": "leaf83",
									"from": [ 0.0, 3.3, -0.95 ],
									"to": [ 3.0, 3.3, 1.05 ],
									"rotationOrigin": [ 0.0, 3.3, 0.075 ],
									"rotationY": 90.0,
									"rotationZ": -10.0,
									"faces": {
										"up": { "texture": "#mint", "uv": [ 3.0, 8.5, 7.5, 16.0 ], "rotation": 90, "autoUv": false, "windMode": [1,1,4,4] }
									},
									"children": [
										{
											"name": "leaf84",
											"from": [ 0.0, 0.1, 0.0 ],
											"to": [ 3.0, 0.1, 2.0 ],
											"rotationOrigin": [ 0.0, 0.1, 1.025 ],
											"rotationX": -180.0,
											"rotationZ": -200.0,
											"faces": {
												"up": { "texture": "#mint", "uv": [ 3.0, 8.5, 7.5, 16.0 ], "rotation": 90, "autoUv": false, "windMode": [1,1,4,4] }
											}
										}
									]
								}
							]
						},
						{
							"name": "leafgroup17",
							"from": [ 0.075, 0.0, 0.0 ],
							"to": [ 0.075, 0.0, 0.0 ],
							"rotationOrigin": [ 0.07, 0.0, 0.07 ],
							"rotationY": 45.0,
							"faces": {
							},
							"children": [
								{
									"name": "leaf85",
									"from": [ 0.0, 3.0, -0.95 ],
									"to": [ 3.0, 3.0, 1.05 ],
									"rotationOrigin": [ 0.0, 3.0, 0.075 ],
									"rotationZ": -10.0,
									"faces": {
										"up": { "texture": "#mint", "uv": [ 3.0, 8.5, 7.5, 16.0 ], "rotation": 90, "autoUv": false, "windMode": [1,1,4,4] }
									},
									"children": [
										{
											"name": "leaf86",
											"from": [ 0.0, 0.1, 0.0 ],
											"to": [ 3.0, 0.1, 2.0 ],
											"rotationOrigin": [ 0.0, 0.1, 1.025 ],
											"rotationX": -180.0,
											"rotationZ": -200.0,
											"faces": {
												"up": { "texture": "#mint", "uv": [ 3.0, 8.5, 7.5, 16.0 ], "rotation": 90, "autoUv": false, "windMode": [1,1,4,4] }
											}
										}
									]
								},
								{
									"name": "leaf87",
									"from": [ 0.0, 3.3, -0.95 ],
									"to": [ 3.0, 3.3, 1.05 ],
									"rotationOrigin": [ 0.0, 3.3, 0.075 ],
									"rotationY": 90.0,
									"rotationZ": -10.0,
									"faces": {
										"up": { "texture": "#mint", "uv": [ 3.0, 8.5, 7.5, 16.0 ], "rotation": 90, "autoUv": false, "windMode": [1,1,4,4] }
									},
									"children": [
										{
											"name": "leaf88",
											"from": [ 0.0, 0.1, 0.0 ],
											"to": [ 3.0, 0.1, 2.0 ],
											"rotationOrigin": [ 0.0, 0.1, 1.025 ],
											"rotationX": -180.0,
											"rotationZ": -200.0,
											"faces": {
												"up": { "texture": "#mint", "uv": [ 3.0, 8.5, 7.5, 16.0 ], "rotation": 90, "autoUv": false, "windMode": [1,1,4,4] }
											}
										}
									]
								}
							]
						},
						{
							"name": "leafgroup18",
							"from": [ 0.075, 1.0, 0.0 ],
							"to": [ 0.075, 1.0, 0.0 ],
							"rotationOrigin": [ 0.07, 1.0, 0.07 ],
							"rotationY": 8.0,
							"faces": {
							},
							"children": [
								{
									"name": "leaf89",
									"from": [ 0.0, 3.0, -0.95 ],
									"to": [ 3.0, 3.0, 1.05 ],
									"rotationOrigin": [ 0.0, 3.0, 0.075 ],
									"rotationZ": -10.0,
									"faces": {
										"up": { "texture": "#mint", "uv": [ 3.0, 8.5, 7.5, 16.0 ], "rotation": 90, "autoUv": false, "windMode": [1,1,4,4] }
									},
									"children": [
										{
											"name": "leaf90",
											"from": [ 0.0, 0.1, 0.0 ],
											"to": [ 3.0, 0.1, 2.0 ],
											"rotationOrigin": [ 0.0, 0.1, 1.025 ],
											"rotationX": -180.0,
											"rotationZ": -200.0,
											"faces": {
												"up": { "texture": "#mint", "uv": [ 3.0, 8.5, 7.5, 16.0 ], "rotation": 90, "autoUv": false, "windMode": [1,1,4,4] }
											}
										}
									]
								},
								{
									"name": "leaf91",
									"from": [ 0.0, 3.3, -0.95 ],
									"to": [ 3.0, 3.3, 1.05 ],
									"rotationOrigin": [ 0.0, 3.3, 0.075 ],
									"rotationY": 90.0,
									"rotationZ": -10.0,
									"faces": {
										"up": { "texture": "#mint", "uv": [ 3.0, 8.5, 7.5, 16.0 ], "rotation": 90, "autoUv": false, "windMode": [1,1,4,4] }
									},
									"children": [
										{
											"name": "leaf92",
											"from": [ 0.0, 0.1, 0.0 ],
											"to": [ 3.0, 0.1, 2.0 ],
											"rotationOrigin": [ 0.0, 0.1, 1.025 ],
											"rotationX": -180.0,
											"rotationZ": -200.0,
											"faces": {
												"up": { "texture": "#mint", "uv": [ 3.0, 8.5, 7.5, 16.0 ], "rotation": 90, "autoUv": false, "windMode": [1,1,4,4] }
											}
										}
									]
								}
							]
						},
						{
							"name": "smallleafgroup6",
							"from": [ 0.07, 2.3, 0.0 ],
							"to": [ 0.07, 2.3, 0.0 ],
							"rotationOrigin": [ 0.07, 2.3, 0.07 ],
							"rotationY": 45.0,
							"faces": {
							},
							"children": [
								{
									"name": "leaf93",
									"from": [ 0.0, 2.9, -0.42 ],
									"to": [ 1.5, 2.9, 0.58 ],
									"rotationOrigin": [ 0.0, 3.0, 0.1 ],
									"rotationZ": 30.0,
									"faces": {
										"up": { "texture": "#mint", "uv": [ 3.0, 8.5, 7.5, 16.0 ], "rotation": 90, "autoUv": false, "windMode": [1,1,4,4] }
									},
									"children": [
										{
											"name": "leaf94",
											"from": [ 0.0, 0.0, 0.02 ],
											"to": [ 1.5, 0.0, 1.02 ],
											"rotationOrigin": [ 0.0, 0.0, 0.5125 ],
											"rotationX": -180.0,
											"rotationZ": -120.0,
											"faces": {
												"up": { "texture": "#mint", "uv": [ 3.0, 8.5, 7.5, 16.0 ], "rotation": 90, "autoUv": false, "windMode": [1,1,4,4] }
											}
										}
									]
								},
								{
									"name": "leaf95",
									"from": [ 0.0, 2.53, -0.665 ],
									"to": [ 2.1, 2.53, 0.735 ],
									"rotationOrigin": [ 0.0, 2.53, 0.0525 ],
									"rotationY": 90.0,
									"rotationZ": 50.0,
									"faces": {
										"up": { "texture": "#mint", "uv": [ 3.0, 8.5, 7.5, 16.0 ], "rotation": 90, "autoUv": false, "windMode": [1,1,4,4] }
									},
									"children": [
										{
											"name": "leaf96",
											"from": [ 0.0, 0.0, 0.0 ],
											"to": [ 2.1, 0.0, 1.4 ],
											"rotationOrigin": [ 0.0, 0.0, 0.7175 ],
											"rotationX": -180.0,
											"rotationZ": -80.0,
											"faces": {
												"up": { "texture": "#mint", "uv": [ 3.0, 8.5, 7.5, 16.0 ], "rotation": 90, "autoUv": false, "windMode": [1,1,4,4] }
											}
										}
									]
								}
							]
						},
						{
							"name": "stalk11",
							"from": [ 0.0, 4.0, 0.0 ],
							"to": [ 0.15, 5.3, 0.15 ],
							"rotationOrigin": [ 0.0, 4.0, 0.0 ],
							"faces": {
								"north": { "texture": "#mint", "uv": [ 0.0, 4.5, 0.5, 5.5 ], "windMode": [4,4,4,4] },
								"east": { "texture": "#mint", "uv": [ 0.0, 2.0, 0.5, 6.0 ], "autoUv": false, "windMode": [4,4,4,4] },
								"south": { "texture": "#mint", "uv": [ 0.5, 6.5, 1.0, 7.5 ], "windMode": [4,4,4,4] },
								"west": { "texture": "#mint", "uv": [ 0.0, 8.0, 0.5, 9.0 ], "windMode": [4,4,4,4] },
								"up": { "texture": "#mint", "uv": [ 0.0, 0.0, 0.5, 0.5 ], "windMode": [4,4,4,4] }
							},
							"children": [
								{
									"name": "stalk12",
									"from": [ 0.0, -4.0, 0.0 ],
									"to": [ 0.15, 0.0, 0.15 ],
									"rotationOrigin": [ 0.0, -4.0, 0.0 ],
									"faces": {
										"north": { "texture": "#mint", "uv": [ 0.0, 4.5, 0.5, 8.5 ], "windMode": [0,4,4,0] },
										"east": { "texture": "#mint", "uv": [ 0.0, 2.0, 0.5, 6.0 ], "autoUv": false, "windMode": [0,4,4,0] },
										"south": { "texture": "#mint", "uv": [ 0.5, 6.5, 1.0, 10.5 ], "windMode": [0,0,4,4] },
										"west": { "texture": "#mint", "uv": [ 0.0, 8.0, 0.5, 12.0 ], "windMode": [0,0,4,4] },
										"up": { "texture": "#mint", "uv": [ 0.0, 0.0, 0.5, 0.5 ], "windMode": [4,4,4,4] }
									}
								}
							]
						}
					]
				},
				{
					"name": "mint3",
					"from": [ -0.07, 0.0, -0.07 ],
					"to": [ -0.07, 0.0, -0.07 ],
					"faces": {
					},
					"children": [
						{
							"name": "leafgroup19",
							"from": [ 0.075, -1.0, 0.0 ],
							"to": [ 0.075, -1.0, 0.0 ],
							"rotationOrigin": [ 0.07, -1.0, 0.07 ],
							"rotationY": 15.0,
							"faces": {
							},
							"children": [
								{
									"name": "leaf97",
									"from": [ 0.0, 3.0, -0.95 ],
									"to": [ 3.0, 3.0, 1.05 ],
									"rotationOrigin": [ 0.0, 3.0, 0.075 ],
									"rotationZ": -10.0,
									"faces": {
										"up": { "texture": "#mint", "uv": [ 3.0, 8.5, 7.5, 16.0 ], "rotation": 90, "autoUv": false, "windMode": [1,1,4,4] }
									},
									"children": [
										{
											"name": "leaf98",
											"from": [ 0.0, 0.1, 0.0 ],
											"to": [ 3.0, 0.1, 2.0 ],
											"rotationOrigin": [ 0.0, 0.1, 1.025 ],
											"rotationX": -180.0,
											"rotationZ": -200.0,
											"faces": {
												"up": { "texture": "#mint", "uv": [ 3.0, 8.5, 7.5, 16.0 ], "rotation": 90, "autoUv": false, "windMode": [1,1,4,4] }
											}
										}
									]
								},
								{
									"name": "leaf99",
									"from": [ 0.0, 3.3, -0.95 ],
									"to": [ 3.0, 3.3, 1.05 ],
									"rotationOrigin": [ 0.0, 3.3, 0.075 ],
									"rotationY": 90.0,
									"rotationZ": -10.0,
									"faces": {
										"up": { "texture": "#mint", "uv": [ 3.0, 8.5, 7.5, 16.0 ], "rotation": 90, "autoUv": false, "windMode": [1,1,4,4] }
									},
									"children": [
										{
											"name": "leaf100",
											"from": [ 0.0, 0.1, 0.0 ],
											"to": [ 3.0, 0.1, 2.0 ],
											"rotationOrigin": [ 0.0, 0.1, 1.025 ],
											"rotationX": -180.0,
											"rotationZ": -200.0,
											"faces": {
												"up": { "texture": "#mint", "uv": [ 3.0, 8.5, 7.5, 16.0 ], "rotation": 90, "autoUv": false, "windMode": [1,1,4,4] }
											}
										}
									]
								}
							]
						},
						{
							"name": "leafgroup20",
							"from": [ 0.075, 0.0, 0.0 ],
							"to": [ 0.075, 0.0, 0.0 ],
							"rotationOrigin": [ 0.07, 0.0, 0.07 ],
							"rotationY": 45.0,
							"faces": {
							},
							"children": [
								{
									"name": "leaf101",
									"from": [ 0.0, 3.0, -0.95 ],
									"to": [ 3.0, 3.0, 1.05 ],
									"rotationOrigin": [ 0.0, 3.0, 0.075 ],
									"rotationZ": -10.0,
									"faces": {
										"up": { "texture": "#mint", "uv": [ 3.0, 8.5, 7.5, 16.0 ], "rotation": 90, "autoUv": false, "windMode": [1,1,4,4] }
									},
									"children": [
										{
											"name": "leaf102",
											"from": [ 0.0, 0.1, 0.0 ],
											"to": [ 3.0, 0.1, 2.0 ],
											"rotationOrigin": [ 0.0, 0.1, 1.025 ],
											"rotationX": -180.0,
											"rotationZ": -200.0,
											"faces": {
												"up": { "texture": "#mint", "uv": [ 3.0, 8.5, 7.5, 16.0 ], "rotation": 90, "autoUv": false, "windMode": [1,1,4,4] }
											}
										}
									]
								},
								{
									"name": "leaf103",
									"from": [ 0.0, 3.3, -0.95 ],
									"to": [ 3.0, 3.3, 1.05 ],
									"rotationOrigin": [ 0.0, 3.3, 0.075 ],
									"rotationY": 90.0,
									"rotationZ": -10.0,
									"faces": {
										"up": { "texture": "#mint", "uv": [ 3.0, 8.5, 7.5, 16.0 ], "rotation": 90, "autoUv": false, "windMode": [1,1,4,4] }
									},
									"children": [
										{
											"name": "leaf104",
											"from": [ 0.0, 0.1, 0.0 ],
											"to": [ 3.0, 0.1, 2.0 ],
											"rotationOrigin": [ 0.0, 0.1, 1.025 ],
											"rotationX": -180.0,
											"rotationZ": -200.0,
											"faces": {
												"up": { "texture": "#mint", "uv": [ 3.0, 8.5, 7.5, 16.0 ], "rotation": 90, "autoUv": false, "windMode": [1,1,4,4] }
											}
										}
									]
								}
							]
						},
						{
							"name": "leafgroup21",
							"from": [ 0.075, 1.0, 0.0 ],
							"to": [ 0.075, 1.0, 0.0 ],
							"rotationOrigin": [ 0.07, 1.0, 0.07 ],
							"rotationY": 8.0,
							"faces": {
							},
							"children": [
								{
									"name": "leaf105",
									"from": [ 0.0, 3.0, -0.95 ],
									"to": [ 3.0, 3.0, 1.05 ],
									"rotationOrigin": [ 0.0, 3.0, 0.075 ],
									"rotationZ": -10.0,
									"faces": {
										"up": { "texture": "#mint", "uv": [ 3.0, 8.5, 7.5, 16.0 ], "rotation": 90, "autoUv": false, "windMode": [1,1,4,4] }
									},
									"children": [
										{
											"name": "leaf106",
											"from": [ 0.0, 0.1, 0.0 ],
											"to": [ 3.0, 0.1, 2.0 ],
											"rotationOrigin": [ 0.0, 0.1, 1.025 ],
											"rotationX": -180.0,
											"rotationZ": -200.0,
											"faces": {
												"up": { "texture": "#mint", "uv": [ 3.0, 8.5, 7.5, 16.0 ], "rotation": 90, "autoUv": false, "windMode": [1,1,4,4] }
											}
										}
									]
								},
								{
									"name": "leaf107",
									"from": [ 0.0, 3.3, -0.95 ],
									"to": [ 3.0, 3.3, 1.05 ],
									"rotationOrigin": [ 0.0, 3.3, 0.075 ],
									"rotationY": 90.0,
									"rotationZ": -10.0,
									"faces": {
										"up": { "texture": "#mint", "uv": [ 3.0, 8.5, 7.5, 16.0 ], "rotation": 90, "autoUv": false, "windMode": [1,1,4,4] }
									},
									"children": [
										{
											"name": "leaf108",
											"from": [ 0.0, 0.1, 0.0 ],
											"to": [ 3.0, 0.1, 2.0 ],
											"rotationOrigin": [ 0.0, 0.1, 1.025 ],
											"rotationX": -180.0,
											"rotationZ": -200.0,
											"faces": {
												"up": { "texture": "#mint", "uv": [ 3.0, 8.5, 7.5, 16.0 ], "rotation": 90, "autoUv": false, "windMode": [1,1,4,4] }
											}
										}
									]
								}
							]
						},
						{
							"name": "smallleafgroup7",
							"from": [ 0.07, 2.3, 0.0 ],
							"to": [ 0.07, 2.3, 0.0 ],
							"rotationOrigin": [ 0.07, 2.3, 0.07 ],
							"rotationY": 45.0,
							"faces": {
							},
							"children": [
								{
									"name": "leaf109",
									"from": [ 0.0, 2.9, -0.42 ],
									"to": [ 1.5, 2.9, 0.58 ],
									"rotationOrigin": [ 0.0, 3.0, 0.1 ],
									"rotationZ": 30.0,
									"faces": {
										"up": { "texture": "#mint", "uv": [ 3.0, 8.5, 7.5, 16.0 ], "rotation": 90, "autoUv": false, "windMode": [1,1,4,4] }
									},
									"children": [
										{
											"name": "leaf110",
											"from": [ 0.0, 0.0, 0.02 ],
											"to": [ 1.5, 0.0, 1.02 ],
											"rotationOrigin": [ 0.0, 0.0, 0.5125 ],
											"rotationX": -180.0,
											"rotationZ": -120.0,
											"faces": {
												"up": { "texture": "#mint", "uv": [ 3.0, 8.5, 7.5, 16.0 ], "rotation": 90, "autoUv": false, "windMode": [1,1,4,4] }
											}
										}
									]
								},
								{
									"name": "leaf111",
									"from": [ 0.0, 2.53, -0.665 ],
									"to": [ 2.1, 2.53, 0.735 ],
									"rotationOrigin": [ 0.0, 2.53, 0.0525 ],
									"rotationY": 90.0,
									"rotationZ": 50.0,
									"faces": {
										"up": { "texture": "#mint", "uv": [ 3.0, 8.5, 7.5, 16.0 ], "rotation": 90, "autoUv": false, "windMode": [1,1,4,4] }
									},
									"children": [
										{
											"name": "leaf112",
											"from": [ 0.0, 0.0, 0.0 ],
											"to": [ 2.1, 0.0, 1.4 ],
											"rotationOrigin": [ 0.0, 0.0, 0.7175 ],
											"rotationX": -180.0,
											"rotationZ": -80.0,
											"faces": {
												"up": { "texture": "#mint", "uv": [ 3.0, 8.5, 7.5, 16.0 ], "rotation": 90, "autoUv": false, "windMode": [1,1,4,4] }
											}
										}
									]
								}
							]
						},
						{
							"name": "stalk13",
							"from": [ 0.0, 4.0, 0.0 ],
							"to": [ 0.15, 5.3, 0.15 ],
							"rotationOrigin": [ 0.0, 4.0, 0.0 ],
							"faces": {
								"north": { "texture": "#mint", "uv": [ 0.0, 4.5, 0.5, 5.5 ], "windMode": [4,4,4,4] },
								"east": { "texture": "#mint", "uv": [ 0.0, 2.0, 0.5, 6.0 ], "autoUv": false, "windMode": [4,4,4,4] },
								"south": { "texture": "#mint", "uv": [ 0.5, 6.5, 1.0, 7.5 ], "windMode": [4,4,4,4] },
								"west": { "texture": "#mint", "uv": [ 0.0, 8.0, 0.5, 9.0 ], "windMode": [4,4,4,4] },
								"up": { "texture": "#mint", "uv": [ 0.0, 0.0, 0.5, 0.5 ], "windMode": [4,4,4,4] }
							},
							"children": [
								{
									"name": "stalk14",
									"from": [ 0.0, -4.0, 0.0 ],
									"to": [ 0.15, 0.0, 0.15 ],
									"rotationOrigin": [ 0.0, -4.0, 0.0 ],
									"faces": {
										"north": { "texture": "#mint", "uv": [ 0.0, 4.5, 0.5, 8.5 ], "windMode": [0,4,4,0] },
										"east": { "texture": "#mint", "uv": [ 0.0, 2.0, 0.5, 6.0 ], "autoUv": false, "windMode": [0,4,4,0] },
										"south": { "texture": "#mint", "uv": [ 0.5, 6.5, 1.0, 10.5 ], "windMode": [0,0,4,4] },
										"west": { "texture": "#mint", "uv": [ 0.0, 8.0, 0.5, 12.0 ], "windMode": [0,0,4,4] },
										"up": { "texture": "#mint", "uv": [ 0.0, 0.0, 0.5, 0.5 ], "windMode": [4,4,4,4] }
									}
								}
							]
						}
					]
				},
				{
					"name": "mint2",
					"from": [ 3.93, 0.0, -4.07 ],
					"to": [ 3.93, 0.0, -4.07 ],
					"rotationOrigin": [ 4.0, 0.0, -4.0 ],
					"faces": {
					},
					"children": [
						{
							"name": "leafgroup22",
							"from": [ 0.075, -1.0, 0.0 ],
							"to": [ 0.075, -1.0, 0.0 ],
							"rotationOrigin": [ 0.07, -1.0, 0.07 ],
							"rotationY": 15.0,
							"faces": {
							},
							"children": [
								{
									"name": "leaf113",
									"from": [ 0.0, 3.0, -0.95 ],
									"to": [ 3.0, 3.0, 1.05 ],
									"rotationOrigin": [ 0.0, 3.0, 0.075 ],
									"rotationZ": -10.0,
									"faces": {
										"up": { "texture": "#mint", "uv": [ 3.0, 8.5, 7.5, 16.0 ], "rotation": 90, "autoUv": false, "windMode": [1,1,4,4] }
									},
									"children": [
										{
											"name": "leaf114",
											"from": [ 0.0, 0.1, 0.0 ],
											"to": [ 3.0, 0.1, 2.0 ],
											"rotationOrigin": [ 0.0, 0.1, 1.025 ],
											"rotationX": -180.0,
											"rotationZ": -200.0,
											"faces": {
												"up": { "texture": "#mint", "uv": [ 3.0, 8.5, 7.5, 16.0 ], "rotation": 90, "autoUv": false, "windMode": [1,1,4,4] }
											}
										}
									]
								},
								{
									"name": "leaf115",
									"from": [ 0.0, 3.3, -0.95 ],
									"to": [ 3.0, 3.3, 1.05 ],
									"rotationOrigin": [ 0.0, 3.3, 0.075 ],
									"rotationY": 90.0,
									"rotationZ": -10.0,
									"faces": {
										"up": { "texture": "#mint", "uv": [ 3.0, 8.5, 7.5, 16.0 ], "rotation": 90, "autoUv": false, "windMode": [1,1,4,4] }
									},
									"children": [
										{
											"name": "leaf116",
											"from": [ 0.0, 0.1, 0.0 ],
											"to": [ 3.0, 0.1, 2.0 ],
											"rotationOrigin": [ 0.0, 0.1, 1.025 ],
											"rotationX": -180.0,
											"rotationZ": -200.0,
											"faces": {
												"up": { "texture": "#mint", "uv": [ 3.0, 8.5, 7.5, 16.0 ], "rotation": 90, "autoUv": false, "windMode": [1,1,4,4] }
											}
										}
									]
								}
							]
						},
						{
							"name": "leafgroup23",
							"from": [ 0.075, 0.0, 0.0 ],
							"to": [ 0.075, 0.0, 0.0 ],
							"rotationOrigin": [ 0.07, 0.0, 0.07 ],
							"rotationY": 45.0,
							"faces": {
							},
							"children": [
								{
									"name": "leaf117",
									"from": [ 0.0, 3.0, -0.95 ],
									"to": [ 3.0, 3.0, 1.05 ],
									"rotationOrigin": [ 0.0, 3.0, 0.075 ],
									"rotationZ": -10.0,
									"faces": {
										"up": { "texture": "#mint", "uv": [ 3.0, 8.5, 7.5, 16.0 ], "rotation": 90, "autoUv": false, "windMode": [1,1,4,4] }
									},
									"children": [
										{
											"name": "leaf118",
											"from": [ 0.0, 0.1, 0.0 ],
											"to": [ 3.0, 0.1, 2.0 ],
											"rotationOrigin": [ 0.0, 0.1, 1.025 ],
											"rotationX": -180.0,
											"rotationZ": -200.0,
											"faces": {
												"up": { "texture": "#mint", "uv": [ 3.0, 8.5, 7.5, 16.0 ], "rotation": 90, "autoUv": false, "windMode": [1,1,4,4] }
											}
										}
									]
								},
								{
									"name": "leaf119",
									"from": [ 0.0, 3.3, -0.95 ],
									"to": [ 3.0, 3.3, 1.05 ],
									"rotationOrigin": [ 0.0, 3.3, 0.075 ],
									"rotationY": 90.0,
									"rotationZ": -10.0,
									"faces": {
										"up": { "texture": "#mint", "uv": [ 3.0, 8.5, 7.5, 16.0 ], "rotation": 90, "autoUv": false, "windMode": [1,1,4,4] }
									},
									"children": [
										{
											"name": "leaf120",
											"from": [ 0.0, 0.1, 0.0 ],
											"to": [ 3.0, 0.1, 2.0 ],
											"rotationOrigin": [ 0.0, 0.1, 1.025 ],
											"rotationX": -180.0,
											"rotationZ": -200.0,
											"faces": {
												"up": { "texture": "#mint", "uv": [ 3.0, 8.5, 7.5, 16.0 ], "rotation": 90, "autoUv": false, "windMode": [1,1,4,4] }
											}
										}
									]
								}
							]
						},
						{
							"name": "leafgroup24",
							"from": [ 0.075, 1.0, 0.0 ],
							"to": [ 0.075, 1.0, 0.0 ],
							"rotationOrigin": [ 0.07, 1.0, 0.07 ],
							"rotationY": 8.0,
							"faces": {
							},
							"children": [
								{
									"name": "leaf121",
									"from": [ 0.0, 3.0, -0.95 ],
									"to": [ 3.0, 3.0, 1.05 ],
									"rotationOrigin": [ 0.0, 3.0, 0.075 ],
									"rotationZ": -10.0,
									"faces": {
										"up": { "texture": "#mint", "uv": [ 3.0, 8.5, 7.5, 16.0 ], "rotation": 90, "autoUv": false, "windMode": [1,1,4,4] }
									},
									"children": [
										{
											"name": "leaf122",
											"from": [ 0.0, 0.1, 0.0 ],
											"to": [ 3.0, 0.1, 2.0 ],
											"rotationOrigin": [ 0.0, 0.1, 1.025 ],
											"rotationX": -180.0,
											"rotationZ": -200.0,
											"faces": {
												"up": { "texture": "#mint", "uv": [ 3.0, 8.5, 7.5, 16.0 ], "rotation": 90, "autoUv": false, "windMode": [1,1,4,4] }
											}
										}
									]
								},
								{
									"name": "leaf123",
									"from": [ 0.0, 3.3, -0.95 ],
									"to": [ 3.0, 3.3, 1.05 ],
									"rotationOrigin": [ 0.0, 3.3, 0.075 ],
									"rotationY": 90.0,
									"rotationZ": -10.0,
									"faces": {
										"up": { "texture": "#mint", "uv": [ 3.0, 8.5, 7.5, 16.0 ], "rotation": 90, "autoUv": false, "windMode": [1,1,4,4] }
									},
									"children": [
										{
											"name": "leaf124",
											"from": [ 0.0, 0.1, 0.0 ],
											"to": [ 3.0, 0.1, 2.0 ],
											"rotationOrigin": [ 0.0, 0.1, 1.025 ],
											"rotationX": -180.0,
											"rotationZ": -200.0,
											"faces": {
												"up": { "texture": "#mint", "uv": [ 3.0, 8.5, 7.5, 16.0 ], "rotation": 90, "autoUv": false, "windMode": [1,1,4,4] }
											}
										}
									]
								}
							]
						},
						{
							"name": "smallleafgroup8",
							"from": [ 0.07, 2.3, 0.0 ],
							"to": [ 0.07, 2.3, 0.0 ],
							"rotationOrigin": [ 0.07, 2.3, 0.07 ],
							"rotationY": 45.0,
							"faces": {
							},
							"children": [
								{
									"name": "leaf125",
									"from": [ 0.0, 2.9, -0.42 ],
									"to": [ 1.5, 2.9, 0.58 ],
									"rotationOrigin": [ 0.0, 3.0, 0.1 ],
									"rotationZ": 30.0,
									"faces": {
										"up": { "texture": "#mint", "uv": [ 3.0, 8.5, 7.5, 16.0 ], "rotation": 90, "autoUv": false, "windMode": [1,1,4,4] }
									},
									"children": [
										{
											"name": "leaf126",
											"from": [ 0.0, 0.0, 0.02 ],
											"to": [ 1.5, 0.0, 1.02 ],
											"rotationOrigin": [ 0.0, 0.0, 0.5125 ],
											"rotationX": -180.0,
											"rotationZ": -120.0,
											"faces": {
												"up": { "texture": "#mint", "uv": [ 3.0, 8.5, 7.5, 16.0 ], "rotation": 90, "autoUv": false, "windMode": [1,1,4,4] }
											}
										}
									]
								},
								{
									"name": "leaf127",
									"from": [ 0.0, 2.53, -0.665 ],
									"to": [ 2.1, 2.53, 0.735 ],
									"rotationOrigin": [ 0.0, 2.53, 0.0525 ],
									"rotationY": 90.0,
									"rotationZ": 50.0,
									"faces": {
										"up": { "texture": "#mint", "uv": [ 3.0, 8.5, 7.5, 16.0 ], "rotation": 90, "autoUv": false, "windMode": [1,1,4,4] }
									},
									"children": [
										{
											"name": "leaf128",
											"from": [ 0.0, 0.0, 0.0 ],
											"to": [ 2.1, 0.0, 1.4 ],
											"rotationOrigin": [ 0.0, 0.0, 0.7175 ],
											"rotationX": -180.0,
											"rotationZ": -80.0,
											"faces": {
												"up": { "texture": "#mint", "uv": [ 3.0, 8.5, 7.5, 16.0 ], "rotation": 90, "autoUv": false, "windMode": [1,1,4,4] }
											}
										}
									]
								}
							]
						},
						{
							"name": "stalk15",
							"from": [ 0.0, 4.0, 0.0 ],
							"to": [ 0.15, 5.3, 0.15 ],
							"rotationOrigin": [ 0.0, 4.0, 0.0 ],
							"faces": {
								"north": { "texture": "#mint", "uv": [ 0.0, 4.5, 0.5, 5.5 ], "windMode": [4,4,4,4] },
								"east": { "texture": "#mint", "uv": [ 0.0, 2.0, 0.5, 6.0 ], "autoUv": false, "windMode": [4,4,4,4] },
								"south": { "texture": "#mint", "uv": [ 0.5, 6.5, 1.0, 7.5 ], "windMode": [4,4,4,4] },
								"west": { "texture": "#mint", "uv": [ 0.0, 8.0, 0.5, 9.0 ], "windMode": [4,4,4,4] },
								"up": { "texture": "#mint", "uv": [ 0.0, 0.0, 0.5, 0.5 ], "windMode": [4,4,4,4] }
							},
							"children": [
								{
									"name": "stalk16",
									"from": [ 0.0, -4.0, 0.0 ],
									"to": [ 0.15, 0.0, 0.15 ],
									"rotationOrigin": [ 0.0, -4.0, 0.0 ],
									"faces": {
										"north": { "texture": "#mint", "uv": [ 0.0, 4.5, 0.5, 8.5 ], "windMode": [0,4,4,0] },
										"east": { "texture": "#mint", "uv": [ 0.0, 2.0, 0.5, 6.0 ], "autoUv": false, "windMode": [0,4,4,0] },
										"south": { "texture": "#mint", "uv": [ 0.5, 6.5, 1.0, 10.5 ], "windMode": [0,0,4,4] },
										"west": { "texture": "#mint", "uv": [ 0.0, 8.0, 0.5, 12.0 ], "windMode": [0,0,4,4] },
										"up": { "texture": "#mint", "uv": [ 0.0, 0.0, 0.5, 0.5 ], "windMode": [4,4,4,4] }
									}
								}
							]
						}
					]
				},
				{
					"name": "mint",
					"from": [ -4.07, 0.0, -4.07 ],
					"to": [ -4.07, 0.0, -4.07 ],
					"rotationOrigin": [ -4.0, 0.0, -4.0 ],
					"faces": {
					},
					"children": [
						{
							"name": "leafgroup25",
							"from": [ 0.075, -1.0, 0.0 ],
							"to": [ 0.075, -1.0, 0.0 ],
							"rotationOrigin": [ 0.07, -1.0, 0.07 ],
							"rotationY": 15.0,
							"faces": {
							},
							"children": [
								{
									"name": "leaf129",
									"from": [ 0.0, 3.0, -0.95 ],
									"to": [ 3.0, 3.0, 1.05 ],
									"rotationOrigin": [ 0.0, 3.0, 0.075 ],
									"rotationZ": -10.0,
									"faces": {
										"up": { "texture": "#mint", "uv": [ 3.0, 8.5, 7.5, 16.0 ], "rotation": 90, "autoUv": false, "windMode": [1,1,4,4] }
									},
									"children": [
										{
											"name": "leaf130",
											"from": [ 0.0, 0.1, 0.0 ],
											"to": [ 3.0, 0.1, 2.0 ],
											"rotationOrigin": [ 0.0, 0.1, 1.025 ],
											"rotationX": -180.0,
											"rotationZ": -200.0,
											"faces": {
												"up": { "texture": "#mint", "uv": [ 3.0, 8.5, 7.5, 16.0 ], "rotation": 90, "autoUv": false, "windMode": [1,1,4,4] }
											}
										}
									]
								},
								{
									"name": "leaf131",
									"from": [ 0.0, 3.3, -0.95 ],
									"to": [ 3.0, 3.3, 1.05 ],
									"rotationOrigin": [ 0.0, 3.3, 0.075 ],
									"rotationY": 90.0,
									"rotationZ": -10.0,
									"faces": {
										"up": { "texture": "#mint", "uv": [ 3.0, 8.5, 7.5, 16.0 ], "rotation": 90, "autoUv": false, "windMode": [1,1,4,4] }
									},
									"children": [
										{
											"name": "leaf132",
											"from": [ 0.0, 0.1, 0.0 ],
											"to": [ 3.0, 0.1, 2.0 ],
											"rotationOrigin": [ 0.0, 0.1, 1.025 ],
											"rotationX": -180.0,
											"rotationZ": -200.0,
											"faces": {
												"up": { "texture": "#mint", "uv": [ 3.0, 8.5, 7.5, 16.0 ], "rotation": 90, "autoUv": false, "windMode": [1,1,4,4] }
											}
										}
									]
								}
							]
						},
						{
							"name": "leafgroup26",
							"from": [ 0.075, 0.0, 0.0 ],
							"to": [ 0.075, 0.0, 0.0 ],
							"rotationOrigin": [ 0.07, 0.0, 0.07 ],
							"rotationY": 45.0,
							"faces": {
							},
							"children": [
								{
									"name": "leaf133",
									"from": [ 0.0, 3.0, -0.95 ],
									"to": [ 3.0, 3.0, 1.05 ],
									"rotationOrigin": [ 0.0, 3.0, 0.075 ],
									"rotationZ": -10.0,
									"faces": {
										"up": { "texture": "#mint", "uv": [ 3.0, 8.5, 7.5, 16.0 ], "rotation": 90, "autoUv": false, "windMode": [1,1,4,4] }
									},
									"children": [
										{
											"name": "leaf134",
											"from": [ 0.0, 0.1, 0.0 ],
											"to": [ 3.0, 0.1, 2.0 ],
											"rotationOrigin": [ 0.0, 0.1, 1.025 ],
											"rotationX": -180.0,
											"rotationZ": -200.0,
											"faces": {
												"up": { "texture": "#mint", "uv": [ 3.0, 8.5, 7.5, 16.0 ], "rotation": 90, "autoUv": false, "windMode": [1,1,4,4] }
											}
										}
									]
								},
								{
									"name": "leaf135",
									"from": [ 0.0, 3.3, -0.95 ],
									"to": [ 3.0, 3.3, 1.05 ],
									"rotationOrigin": [ 0.0, 3.3, 0.075 ],
									"rotationY": 90.0,
									"rotationZ": -10.0,
									"faces": {
										"up": { "texture": "#mint", "uv": [ 3.0, 8.5, 7.5, 16.0 ], "rotation": 90, "autoUv": false, "windMode": [1,1,4,4] }
									},
									"children": [
										{
											"name": "leaf136",
											"from": [ 0.0, 0.1, 0.0 ],
											"to": [ 3.0, 0.1, 2.0 ],
											"rotationOrigin": [ 0.0, 0.1, 1.025 ],
											"rotationX": -180.0,
											"rotationZ": -200.0,
											"faces": {
												"up": { "texture": "#mint", "uv": [ 3.0, 8.5, 7.5, 16.0 ], "rotation": 90, "autoUv": false, "windMode": [1,1,4,4] }
											}
										}
									]
								}
							]
						},
						{
							"name": "leafgroup27",
							"from": [ 0.075, 1.0, 0.0 ],
							"to": [ 0.075, 1.0, 0.0 ],
							"rotationOrigin": [ 0.07, 1.0, 0.07 ],
							"rotationY": 8.0,
							"faces": {
							},
							"children": [
								{
									"name": "leaf137",
									"from": [ 0.0, 3.0, -0.95 ],
									"to": [ 3.0, 3.0, 1.05 ],
									"rotationOrigin": [ 0.0, 3.0, 0.075 ],
									"rotationZ": -10.0,
									"faces": {
										"up": { "texture": "#mint", "uv": [ 3.0, 8.5, 7.5, 16.0 ], "rotation": 90, "autoUv": false, "windMode": [1,1,4,4] }
									},
									"children": [
										{
											"name": "leaf138",
											"from": [ 0.0, 0.1, 0.0 ],
											"to": [ 3.0, 0.1, 2.0 ],
											"rotationOrigin": [ 0.0, 0.1, 1.025 ],
											"rotationX": -180.0,
											"rotationZ": -200.0,
											"faces": {
												"up": { "texture": "#mint", "uv": [ 3.0, 8.5, 7.5, 16.0 ], "rotation": 90, "autoUv": false, "windMode": [1,1,4,4] }
											}
										}
									]
								},
								{
									"name": "leaf139",
									"from": [ 0.0, 3.3, -0.95 ],
									"to": [ 3.0, 3.3, 1.05 ],
									"rotationOrigin": [ 0.0, 3.3, 0.075 ],
									"rotationY": 90.0,
									"rotationZ": -10.0,
									"faces": {
										"up": { "texture": "#mint", "uv": [ 3.0, 8.5, 7.5, 16.0 ], "rotation": 90, "autoUv": false, "windMode": [1,1,4,4] }
									},
									"children": [
										{
											"name": "leaf140",
											"from": [ 0.0, 0.1, 0.0 ],
											"to": [ 3.0, 0.1, 2.0 ],
											"rotationOrigin": [ 0.0, 0.1, 1.025 ],
											"rotationX": -180.0,
											"rotationZ": -200.0,
											"faces": {
												"up": { "texture": "#mint", "uv": [ 3.0, 8.5, 7.5, 16.0 ], "rotation": 90, "autoUv": false, "windMode": [1,1,4,4] }
											}
										}
									]
								}
							]
						},
						{
							"name": "smallleafgroup9",
							"from": [ 0.07, 2.3, 0.0 ],
							"to": [ 0.07, 2.3, 0.0 ],
							"rotationOrigin": [ 0.07, 2.3, 0.07 ],
							"rotationY": 45.0,
							"faces": {
							},
							"children": [
								{
									"name": "leaf141",
									"from": [ 0.0, 2.9, -0.42 ],
									"to": [ 1.5, 2.9, 0.58 ],
									"rotationOrigin": [ 0.0, 3.0, 0.1 ],
									"rotationZ": 30.0,
									"faces": {
										"up": { "texture": "#mint", "uv": [ 3.0, 8.5, 7.5, 16.0 ], "rotation": 90, "autoUv": false, "windMode": [1,1,4,4] }
									},
									"children": [
										{
											"name": "leaf142",
											"from": [ 0.0, 0.0, 0.02 ],
											"to": [ 1.5, 0.0, 1.02 ],
											"rotationOrigin": [ 0.0, 0.0, 0.5125 ],
											"rotationX": -180.0,
											"rotationZ": -120.0,
											"faces": {
												"up": { "texture": "#mint", "uv": [ 3.0, 8.5, 7.5, 16.0 ], "rotation": 90, "autoUv": false, "windMode": [1,1,4,4] }
											}
										}
									]
								},
								{
									"name": "leaf143",
									"from": [ 0.0, 2.53, -0.665 ],
									"to": [ 2.1, 2.53, 0.735 ],
									"rotationOrigin": [ 0.0, 2.53, 0.0525 ],
									"rotationY": 90.0,
									"rotationZ": 50.0,
									"faces": {
										"up": { "texture": "#mint", "uv": [ 3.0, 8.5, 7.5, 16.0 ], "rotation": 90, "autoUv": false, "windMode": [1,1,4,4] }
									},
									"children": [
										{
											"name": "leaf144",
											"from": [ 0.0, 0.0, 0.0 ],
											"to": [ 2.1, 0.0, 1.4 ],
											"rotationOrigin": [ 0.0, 0.0, 0.7175 ],
											"rotationX": -180.0,
											"rotationZ": -80.0,
											"faces": {
												"up": { "texture": "#mint", "uv": [ 3.0, 8.5, 7.5, 16.0 ], "rotation": 90, "autoUv": false, "windMode": [1,1,4,4] }
											}
										}
									]
								}
							]
						},
						{
							"name": "stalk17",
							"from": [ 0.0, 4.0, 0.0 ],
							"to": [ 0.15, 5.3, 0.15 ],
							"rotationOrigin": [ 0.0, 4.0, 0.0 ],
							"faces": {
								"north": { "texture": "#mint", "uv": [ 0.0, 4.5, 0.5, 5.5 ], "windMode": [4,4,4,4] },
								"east": { "texture": "#mint", "uv": [ 0.0, 2.0, 0.5, 6.0 ], "autoUv": false, "windMode": [4,4,4,4] },
								"south": { "texture": "#mint", "uv": [ 0.5, 6.5, 1.0, 7.5 ], "windMode": [4,4,4,4] },
								"west": { "texture": "#mint", "uv": [ 0.0, 8.0, 0.5, 9.0 ], "windMode": [4,4,4,4] },
								"up": { "texture": "#mint", "uv": [ 0.0, 0.0, 0.5, 0.5 ], "windMode": [4,4,4,4] }
							},
							"children": [
								{
									"name": "stalk18",
									"from": [ 0.0, -4.0, 0.0 ],
									"to": [ 0.15, 0.0, 0.15 ],
									"rotationOrigin": [ 0.0, -4.0, 0.0 ],
									"faces": {
										"north": { "texture": "#mint", "uv": [ 0.0, 4.5, 0.5, 8.5 ], "windMode": [0,4,4,0] },
										"east": { "texture": "#mint", "uv": [ 0.0, 2.0, 0.5, 6.0 ], "autoUv": false, "windMode": [0,4,4,0] },
										"south": { "texture": "#mint", "uv": [ 0.5, 6.5, 1.0, 10.5 ], "windMode": [0,0,4,4] },
										"west": { "texture": "#mint", "uv": [ 0.0, 8.0, 0.5, 12.0 ], "windMode": [0,0,4,4] },
										"up": { "texture": "#mint", "uv": [ 0.0, 0.0, 0.5, 0.5 ], "windMode": [4,4,4,4] }
									}
								}
							]
						}
					]
				}
			]
		}
	]}