[
    {
        "file": "game:blocktypes/clay/crock.json",
        "op": "replace",
        "path": "/attributesByType",
        "side": "server",
        "value": {

            "crock-burned-*": {

                "onDisplayTransform": {
                    "origin": {
                        "x": 0.5,
                        "y": 0,
                        "z": 0.5
                    },
                    "scale": 0.9
                },
                "shelvable": true,
                "mealContainer": true,
                "mealBlockCode": "game:crock-burned-{side}",
                "servingCapacity": 4,
                "bowlContents": null,
                "handleLiquidContainerInteract": true,
                "handleCookingContainerInteract": true,
                "emptiedBlockCode": "game:crock-burned-{side}"
            },
            "*": {

                "shelvable": true
            }
        }
    },

    {
        "file": "game:blocktypes/clay/crock.json",
        "op": "replace",
        "path": "/texturesByType",
        "side": "server",
        "value": {
            "*-raw-*": {
                "crock": { "base": "game:block/clay/crock/crock-raw" },
                "label": { "base": "game:block/transparent" }
            },
            "*": {
                "label": { "base": "game:block/clay/crock/label" }
            }
        }
    },
    {
        "file": "game:blocktypes/clay/crock.json",
        "op": "replace",
        "path": "/guiTransform",
        "side": "server",
        "value": {
            "rotation": {
                "x": -22.6,
                "y": -125,
                "z": 0
            },
            "origin": {
                "x": 0.5,
                "y": 0.28,
                "z": 0.5
            },
            "scale": 2.14
        }
    },
    {
        "file": "game:blocktypes/clay/crock.json",
        "op": "replace",
        "path": "/tpHandTransform",
        "side": "server",
        "value": {
            "translation": {
                "x": -0.56,
                "y": 0.08,
                "z": -0.57
            },
            "rotation": {
                "x": -139,
                "y": -21,
                "z": -118
            },
            "origin": {
                "x": 0.506,
                "y": -0.079,
                "z": 0.48
            },
            "scale": 0.81
        }
    }

]
