[
	{
		"file": "game:blocktypes/clay/jug.json",
		"op": "replace",
		"path": "/texturesByType",
		"side": "server",
		"value": {
			"jug-*-raw": { "jug": { "base": "game:block/clay/jug/raw-{color}" } },
			"jug-*-fired": { "jug": { "base": "game:block/clay/jug/{color}" } }
		}
	},
	{
		"file": "game:blocktypes/clay/jug.json",
		"op": "replace",
		"path": "/attributes",
		"side": "server",
		"value": {
			"groundStorageTransform": {
				"origin": {
					"x": 0.5,
					"y": 0,
					"z": 0.5
				},
				"scale": 0.8
			},
			"onDisplayTransform": {
				"origin": {
					"x": 0.5,
					"y": 0,
					"z": 0.5
				},
				"scale": 0.6
			},
			"shelvable": true,
			"liquidContainerPropsByType": {
				"*-fired": {
					"capacityLitres": 3,
					"transferSizeLitres": 0.3,
					"emptyShapeLoc": "game:shapes/block/clay/jug",
					"opaqueContentShapeLoc": "game:shapes/block/basic/nothing",
					"liquidContentShapeLoc": "game:shapes/block/basic/nothing",
					"liquidMaxYTranslate": 0.05
				}
			}
		}
	},
	{
		"file": "game:blocktypes/clay/jug.json",
		"op": "replace",
		"path": "/tpHandTransform",
		"side": "server",
		"value": {
			"translation": {
				"x": -1,
				"y": -0.88,
				"z": -0.84
			},
			"rotation": {
				"x": 5,
				"y": -179,
				"z": -8
			},
			"origin": {
				"x": 0.296,
				"y": 0.5,
				"z": 0.5
			},
			"scale": 0.6
		}
	},
	{
		"file": "game:blocktypes/clay/jug.json",
		"op": "replace",
		"path": "/guiTransform",
		"side": "server",
		"value": {
			"rotation": {
				"x": -17,
				"y": -24,
				"z": 3
			},
			"origin": {
				"x": 0.5,
				"y": 0.384,
				"z": 0.5
			},
			"scale": 1.68
		}
	}
]
		
