[

	{
		"file": "game:blocktypes/clay/pot.json",
		"op": "replace",
		"path": "/texturesByType",
		"side": "server",
		"value": {
			"*-raw": {
				"all": { "base": "game:block/clay/pot-blueclay" }
			},
			"*": {
				"transparent": { "base": "game:block/transparent" },
				"ceramic": { "base": "game:block/clay/pot" },
				"lid": { "base": "game:block/clay/pot" },
				"group1": { "base": "game:block/food/meal/group1-flax-carrot-blueberry-cottagecheese-fish" },
				"group2": { "base": "game:block/food/meal/group2-soup-flyagaric-cactifruit-redmeat" },
				"group3": { "base": "game:block/food/meal/group3-millet-bolete-cranberry-poultry" },
				"group4": { "base": "game:block/food/meal/group4-rice-parsnip-whitecurrant-bluecheese-fishstew" },
				"group5": { "base": "game:block/food/meal/group5-rye-turnip-blackcurrant-cheddarcheese-poultrystew" },
				"group6": { "base": "game:block/food/meal/group6-spelt-onion-redcurrant-egg-redmeatstew" },
				"group7": { "base": "game:block/food/meal/group7-honey-fieldmushroom-pineapple-scrambledegg-bushmeat" },
				"group8": { "base": "game:block/food/meal/group8-amaranth-pumpkin-bellpepper-bushmeatstew" },
				"group9": { "base": "game:block/food/meal/group9-sunflower-soya" },
				"group10": { "base": "game:block/food/meal/group10-cabbage" },
				"group11": { "base": "game:block/food/meal/group11-cassava" },
				"group12": { "base": "game:block/food/meal/group12-peanut" },
				"group13": { "base": "game:block/food/meal/group13-aubergine" },
				"group14": { "base": "game:block/food/meal/group14-tomato" },
				"group15": { "base": "game:block/food/meal/group15-walnut" },
				"honey": { "base": "game:block/liquid/honey" },

				"fruit-redapple": { "base": "game:block/food/pie/fill-apple" },
				"fruit-pinkapple": { "base": "game:block/food/pie/fill-apple" },
				"fruit-yellowapple": { "base": "game:block/food/pie/fill-apple" },
				"fruit-cherry": { "base": "game:block/food/pie/fill-cherry" },
				"fruit-olive": { "base": "game:block/food/pie/fill-olive" },
				"fruit-peach": { "base": "game:block/food/pie/fill-peach" },
				"fruit-pear": { "base": "game:block/food/pie/fill-pear" },
				"fruit-orange": { "base": "game:block/food/pie/fill-orange" },
				"fruit-mango": { "base": "game:block/food/pie/fill-mango" },
				"fruit-pomegranate": { "base": "game:block/food/pie/fill-pomegranate" },
				"fruit-lychee": { "base": "game:block/food/pie/fill-lychee" },
				"fruit-breadfruit": { "base": "game:block/food/pie/fill-breadfruit" },

				"rot-solids": { "base": "game:item/resource/rot/rot-solids" },
				"rot-spill": { "base": "game:item/resource/rot/rot-spill" },

				"milkportion": { "base": "game:block/food/dairy/milk" },
				"cottagecheeseportion": { "base": "game:block/food/dairy/cottagecheese" }
			}
		}
	}
]