[
  {
    "op": "replace",
    "path": "/attributes/multiblockStructure/blockNumbers",
    "value": {
                "@(claybricks-good-fire|refractorybricks-good-.*)": 1,
                "multiblock-monolithic-0-p1-0": 2,
                "doorkiln*": 3,
                "@(cokeovendoor-.*|leadkilndoor-.*)": 4,
                "refractorybrickgrating-good-*": 5,
                "@(air|refractorybrickgrating-good-.*)": 6,
                "@(air|groundstorage|refractorybrickgrating-good-.*)": 7,
                "@(air|groundstorage)": 8
            },
    "file": "game:blocktypes/clay/door-kiln.json",
    "side": "Server"
  }
]