[
  {
    "op": "add",
    "path": "/combustiblePropsByType/rod-lead",
    "value": {
      "meltingPoint": 327,
      "meltingDuration": 30,
      "smeltedRatio": 1,
      "smeltedStack": {
        "type": "item",
        "code": "ingot-lead"
      }
    },
    "file": "game:itemtypes/part/rod.json",
    "side": "Server"
  },
  {
    "op": "add",
    "path": "/materialDensityByType/*-lead",
    "value": 11300,
    "file": "game:itemtypes/part/rod.json",
    "side": "Server"
  },
  {
    "op": "add",
    "path": "/variantgroups/0/states/11",
    "value": "lead",
    "file": "game:itemtypes/part/rod.json",
    "side": "Server"
  }
]