[
  {
    "op": "add",
    "path": "/allowedVariants/9",
    "value": "*-lead",
    "file": "game:itemtypes/resource/metalnailsandstrips.json",
    "side": "Server"
  },
  {
    "op": "add",
    "path": "/attributes/reinforcementStrengthByType/*-lead",
    "value": 300,
    "file": "game:itemtypes/resource/metalnailsandstrips.json",
    "side": "Server"
  },
  {
    "op": "add",
    "path": "/combustiblePropsByType/metalnailsandstrips-lead",
    "value": {
      "meltingPoint": 327,
      "meltingDuration": 30,
      "smeltedRatio": 1,
      "smeltedStack": {
        "type": "item",
        "code": "ingot-lead"
      }
    },
    "file": "game:itemtypes/resource/metalnailsandstrips.json",
    "side": "Server"
  },
  {
    "op": "add",
    "path": "/materialDensityByType/*-lead",
    "value": 11300,
    "file": "game:itemtypes/resource/metalnailsandstrips.json",
    "side": "Server"
  }
]