[
  {
    "op": "add",
    "path": "/7/ingredients/N/allowedVariants/0",
    "value": "lead",
    "file": "game:recipes/grid/doors.json",
    "side": "Server"
  },
  {
    "op": "add",
    "path": "/7/ingredients/R/allowedVariants",
    "value": [
      "lead",
      "iron",
      "meteoriciron",
      "steel"
    ],
    "file": "game:recipes/grid/doors.json",
    "side": "Server"
  },
  {
    "op": "add",
    "path": "/7/ingredients/R/name",
    "value": "metal",
    "file": "game:recipes/grid/doors.json",
    "side": "Server"
  },
  {
    "op": "replace",
    "path": "/7/ingredients/R/code",
    "value": "rod-*",
    "file": "game:recipes/grid/doors.json",
    "side": "Server"
  }
]