{
	"editor": {
		"collapsedPaths": "Root/flower_4,Root/flower_3,Root/flower_2,Root/flower_1,Root/stem",
		"allAngles": false,
		"entityTextureMode": false
	},
	"textureWidth": 16,
	"textureHeight": 16,
	"textureSizes": {
	},
	"textures": {
	},
	"elements": [
		{
			"name": "flower_1",
			"from": [ 17.0, 0.9, 1.0 ],
			"to": [ 18.0, 1.9, 2.0 ],
			"shade": false,
			"renderPass": 2,
			"rotationOrigin": [ 17.0, 0.9, 1.0 ],
			"rotationX": 7.4,
			"rotationY": -72.9,
			"faces": {
			},
			"children": [
				{
					"name": "Plant2",
					"from": [ 6.1, 0.0, -7.8 ],
					"to": [ 6.1, 30.0, 24.2 ],
					"shade": false,
					"renderPass": 2,
					"rotationOrigin": [ 6.1, 0.0, -7.8 ],
					"faces": {
						"east": { "texture": "#1", "uv": [ 0.0, 0.0, 16.0, 16.0 ], "autoUv": false, "windMode": [0,2,2,0], "windData": [0,1,1,0] }
					}
				},
				{
					"name": "Plant3",
					"from": [ 14.1, 0.0, 0.2 ],
					"to": [ 14.1, 30.0, 32.2 ],
					"shade": false,
					"renderPass": 2,
					"rotationOrigin": [ 14.1, 8.0, 8.2 ],
					"rotationY": -89.98,
					"faces": {
						"east": { "texture": "#1", "uv": [ 0.0, 0.0, 16.0, 16.0 ], "autoUv": false, "windMode": [0,2,2,0], "windData": [0,1,1,0] }
					}
				},
				{
					"name": "Leaves1",
					"from": [ 0.9, -0.1, 1.1 ],
					"to": [ 1.9, 0.9, 2.1 ],
					"shade": false,
					"climateColorMap": "climatePlantTint",
					"seasonColorMap": "seasonalFoliage",
					"renderPass": 2,
					"rotationOrigin": [ 8.9, -0.1, 8.1 ],
					"rotationY": -30.5,
					"faces": {
					},
					"children": [
						{
							"name": "Plant5",
							"from": [ 9.1, 0.0, 5.1 ],
							"to": [ 9.1, 24.0, 29.1 ],
							"shade": false,
							"climateColorMap": "climatePlantTint",
							"seasonColorMap": "seasonalFoliage",
							"renderPass": 2,
							"rotationOrigin": [ 9.1, 0.0, 12.1 ],
							"rotationY": -135.0,
							"faces": {
								"east": { "texture": "#lupineleaves4", "uv": [ 0.0, 0.0, 16.0, 16.0 ], "autoUv": false, "windMode": [0,2,2,0], "windData": [0,1,1,0] }
							}
						},
						{
							"name": "Plant6",
							"from": [ 8.8, 0.0, -2.6 ],
							"to": [ 8.8, 24.0, 21.4 ],
							"shade": false,
							"climateColorMap": "climatePlantTint",
							"seasonColorMap": "seasonalFoliage",
							"renderPass": 2,
							"rotationOrigin": [ 8.8, 0.0, 5.4 ],
							"rotationY": -45.0,
							"faces": {
								"east": { "texture": "#lupineleaves3", "uv": [ 0.0, 0.0, 16.0, 16.0 ], "autoUv": false, "windMode": [0,2,2,0], "windData": [0,1,1,0] }
							}
						},
						{
							"name": "Plant19",
							"from": [ 5.7, 0.0, -3.8 ],
							"to": [ 5.7, 24.0, 20.2 ],
							"shade": false,
							"climateColorMap": "climatePlantTint",
							"seasonColorMap": "seasonalFoliage",
							"renderPass": 2,
							"rotationOrigin": [ 5.7, 0.0, 3.2 ],
							"faces": {
								"east": { "texture": "#lupineleaves2", "uv": [ 0.0, 0.0, 16.0, 16.0 ], "autoUv": false, "windMode": [0,2,2,0], "windData": [0,1,1,0] }
							}
						},
						{
							"name": "Plant20",
							"from": [ 11.7, -0.7, 1.5 ],
							"to": [ 11.7, 23.3, 25.5 ],
							"shade": false,
							"climateColorMap": "climatePlantTint",
							"seasonColorMap": "seasonalFoliage",
							"renderPass": 2,
							"rotationOrigin": [ 11.7, -0.7, 8.5 ],
							"rotationY": -90.0,
							"faces": {
								"east": { "texture": "#lupineleaves2", "uv": [ 0.0, 0.0, 16.0, 16.0 ], "autoUv": false, "windMode": [0,2,2,0], "windData": [0,1,1,0] }
							}
						}
					]
				},
				{
					"name": "stem_1",
					"from": [ 0.0, 0.0, 0.0 ],
					"to": [ 1.0, 1.0, 1.0 ],
					"shade": false,
					"climateColorMap": "climatePlantTint",
					"seasonColorMap": "seasonalFoliage",
					"renderPass": 2,
					"faces": {
					},
					"children": [
						{
							"name": "Plant32",
							"from": [ 6.1, 0.0, -7.8 ],
							"to": [ 6.1, 30.0, 24.2 ],
							"shade": false,
							"climateColorMap": "climatePlantTint",
							"seasonColorMap": "seasonalFoliage",
							"renderPass": 2,
							"rotationOrigin": [ 6.1, 0.0, -7.8 ],
							"faces": {
								"east": { "texture": "#10", "uv": [ 0.0, 0.0, 16.0, 16.0 ], "autoUv": false, "windMode": [0,2,2,0], "windData": [0,1,1,0] }
							}
						},
						{
							"name": "Plant33",
							"from": [ 14.1, 0.0, 0.2 ],
							"to": [ 14.1, 30.0, 32.2 ],
							"shade": false,
							"climateColorMap": "climatePlantTint",
							"seasonColorMap": "seasonalFoliage",
							"renderPass": 2,
							"rotationOrigin": [ 14.1, 8.0, 8.2 ],
							"rotationY": -89.98,
							"faces": {
								"east": { "texture": "#10", "uv": [ 0.0, 0.0, 16.0, 16.0 ], "autoUv": false, "windMode": [0,2,2,0], "windData": [0,1,1,0] }
							}
						}
					]
				}
			]
		},
		{
			"name": "flower_2",
			"from": [ -7.0, -0.6, 5.0 ],
			"to": [ -6.0, 0.4, 6.0 ],
			"shade": false,
			"renderPass": 2,
			"rotationOrigin": [ -7.0, -0.6, 5.0 ],
			"rotationY": 54.7,
			"faces": {
			},
			"children": [
				{
					"name": "Plant8",
					"from": [ 6.4, 1.0, -4.0 ],
					"to": [ 6.4, 29.0, 26.0 ],
					"shade": false,
					"renderPass": 2,
					"rotationOrigin": [ 6.4, 1.0, -4.0 ],
					"faces": {
						"east": { "texture": "#4", "uv": [ 0.0, 0.0, 16.0, 16.0 ], "autoUv": false, "windMode": [0,2,2,0], "windData": [0,1,1,0] }
					}
				},
				{
					"name": "Plant9",
					"from": [ 13.4, 1.0, 3.0 ],
					"to": [ 13.4, 29.0, 33.0 ],
					"shade": false,
					"renderPass": 2,
					"rotationOrigin": [ 13.4, 9.0, 11.0 ],
					"rotationY": -89.98,
					"faces": {
						"east": { "texture": "#4", "uv": [ 0.0, 0.0, 16.0, 16.0 ], "autoUv": false, "windMode": [0,2,2,0], "windData": [0,1,1,0] }
					}
				},
				{
					"name": "Leaves2",
					"from": [ -1.5, 0.0, 0.3 ],
					"to": [ -0.5, 1.0, 1.3 ],
					"shade": false,
					"climateColorMap": "climatePlantTint",
					"seasonColorMap": "seasonalFoliage",
					"renderPass": 2,
					"rotationOrigin": [ 6.5, 0.0, 7.3 ],
					"rotationY": 46.6,
					"faces": {
					},
					"children": [
						{
							"name": "Plant37",
							"from": [ 8.7, 0.0, -1.2 ],
							"to": [ 8.7, 24.0, 22.8 ],
							"shade": false,
							"climateColorMap": "climatePlantTint",
							"seasonColorMap": "seasonalFoliage",
							"renderPass": 2,
							"rotationOrigin": [ 8.7, 0.0, 5.8 ],
							"rotationY": -48.3,
							"faces": {
								"east": { "texture": "#lupineleaves2", "uv": [ 0.0, 0.0, 16.0, 16.0 ], "autoUv": false, "windMode": [0,2,2,0], "windData": [0,1,1,0] }
							}
						},
						{
							"name": "Plant38",
							"from": [ 1.5, 0.0, -1.5 ],
							"to": [ 1.5, 24.0, 22.5 ],
							"shade": false,
							"climateColorMap": "climatePlantTint",
							"seasonColorMap": "seasonalFoliage",
							"renderPass": 2,
							"rotationOrigin": [ 1.5, 0.0, 6.5 ],
							"rotationY": 45.0,
							"faces": {
								"east": { "texture": "#lupineleaves4", "uv": [ 0.0, 0.0, 16.0, 16.0 ], "autoUv": false, "windMode": [0,2,2,0], "windData": [0,1,1,0] }
							}
						},
						{
							"name": "Plant21",
							"from": [ 4.7, 0.0, -3.4 ],
							"to": [ 4.7, 24.0, 20.6 ],
							"shade": false,
							"climateColorMap": "climatePlantTint",
							"seasonColorMap": "seasonalFoliage",
							"renderPass": 2,
							"rotationOrigin": [ 4.7, 0.0, 3.6 ],
							"faces": {
								"east": { "texture": "#lupineleaves4", "uv": [ 0.0, 0.0, 16.0, 16.0 ], "autoUv": false, "windMode": [0,2,2,0], "windData": [0,1,1,0] }
							}
						},
						{
							"name": "Plant22",
							"from": [ 9.9, 0.0, 2.3 ],
							"to": [ 9.9, 24.0, 26.3 ],
							"shade": false,
							"climateColorMap": "climatePlantTint",
							"seasonColorMap": "seasonalFoliage",
							"renderPass": 2,
							"rotationOrigin": [ 9.9, 0.0, 9.3 ],
							"rotationY": -90.0,
							"faces": {
								"east": { "texture": "#lupineleaves4", "uv": [ 0.0, 0.0, 16.0, 16.0 ], "autoUv": false, "windMode": [0,2,2,0], "windData": [0,1,1,0] }
							}
						}
					]
				},
				{
					"name": "stem_2",
					"from": [ 0.0, 0.0, 0.0 ],
					"to": [ 1.0, 1.0, 1.0 ],
					"shade": false,
					"climateColorMap": "climatePlantTint",
					"seasonColorMap": "seasonalFoliage",
					"renderPass": 2,
					"faces": {
					},
					"children": [
						{
							"name": "Plant30",
							"from": [ 6.4, 1.0, -4.0 ],
							"to": [ 6.4, 29.0, 26.0 ],
							"shade": false,
							"climateColorMap": "climatePlantTint",
							"seasonColorMap": "seasonalFoliage",
							"renderPass": 2,
							"rotationOrigin": [ 6.4, 1.0, -4.0 ],
							"faces": {
								"east": { "texture": "#40", "uv": [ 0.0, 0.0, 16.0, 16.0 ], "autoUv": false, "windMode": [0,2,2,0], "windData": [0,1,1,0] }
							}
						},
						{
							"name": "Plant31",
							"from": [ 13.4, 1.0, 3.0 ],
							"to": [ 13.4, 29.0, 33.0 ],
							"shade": false,
							"climateColorMap": "climatePlantTint",
							"seasonColorMap": "seasonalFoliage",
							"renderPass": 2,
							"rotationOrigin": [ 13.4, 9.0, 11.0 ],
							"rotationY": -89.98,
							"faces": {
								"east": { "texture": "#40", "uv": [ 0.0, 0.0, 16.0, 16.0 ], "autoUv": false, "windMode": [0,2,2,0], "windData": [0,1,1,0] }
							}
						}
					]
				}
			]
		}
	]}