{
	"editor": {
		"collapsedPaths": "Root/flower_4,Root/flower_3,Root/flower_2,Root/flower_1,Root/stem,Root/flower_2/Leaves2,Root/flower_2/stem_2",
		"allAngles": false,
		"entityTextureMode": false
	},
	"textureWidth": 16,
	"textureHeight": 16,
	"textureSizes": {
	},
	"textures": {
	},
	"elements": [
		{
			"name": "flower_1",
			"from": [ 4.0, 0.9, 7.0 ],
			"to": [ 5.0, 1.9, 8.0 ],
			"shade": false,
			"renderPass": 2,
			"rotationOrigin": [ 4.0, 0.9, 7.0 ],
			"rotationX": 7.4,
			"faces": {
			},
			"children": [
				{
					"name": "Plant2",
					"from": [ 6.4, 1.0, -12.8 ],
					"to": [ 6.4, 29.0, 19.2 ],
					"shade": false,
					"renderPass": 2,
					"rotationOrigin": [ 9.3, 1.0, -7.9 ],
					"faces": {
						"east": { "texture": "#1", "uv": [ 0.0, 0.0, 16.0, 16.0 ], "autoUv": false, "windMode": [0,2,2,0], "windData": [0,1,1,0] }
					}
				},
				{
					"name": "Plant3",
					"from": [ 14.1, 1.0, 10.9 ],
					"to": [ 14.1, 29.0, 42.9 ],
					"shade": false,
					"renderPass": 2,
					"rotationOrigin": [ 22.1, 8.9, 11.2 ],
					"rotationY": -89.98,
					"faces": {
						"east": { "texture": "#1", "uv": [ 0.0, 0.0, 16.0, 16.0 ], "autoUv": false, "windMode": [0,2,2,0], "windData": [0,1,1,0] }
					}
				},
				{
					"name": "Leaves1",
					"from": [ 1.3, -0.1, 1.0 ],
					"to": [ 2.3, 0.9, 2.0 ],
					"shade": false,
					"climateColorMap": "climatePlantTint",
					"seasonColorMap": "seasonalFoliage",
					"renderPass": 2,
					"rotationOrigin": [ 9.3, -0.1, 8.0 ],
					"rotationY": -30.5,
					"faces": {
					},
					"children": [
						{
							"name": "Plant5",
							"from": [ -0.4, -1.0, -6.1 ],
							"to": [ -0.4, 23.0, 17.9 ],
							"shade": false,
							"climateColorMap": "climatePlantTint",
							"seasonColorMap": "seasonalFoliage",
							"renderPass": 2,
							"rotationOrigin": [ -0.4, -1.0, 0.9 ],
							"rotationY": 45.0,
							"faces": {
								"east": { "texture": "#lupineleaves4", "uv": [ 0.0, 0.0, 16.0, 16.0 ], "autoUv": false, "windMode": [0,2,2,0], "windData": [0,1,1,0] }
							}
						},
						{
							"name": "Plant6",
							"from": [ 6.3, -0.5, -6.6 ],
							"to": [ 6.3, 23.5, 17.4 ],
							"shade": false,
							"climateColorMap": "climatePlantTint",
							"seasonColorMap": "seasonalFoliage",
							"renderPass": 2,
							"rotationOrigin": [ 6.3, -0.5, 1.4 ],
							"rotationY": -45.0,
							"faces": {
								"east": { "texture": "#lupineleaves4", "uv": [ 0.0, 0.0, 16.0, 16.0 ], "autoUv": false, "windMode": [0,2,2,0], "windData": [0,1,1,0] }
							}
						},
						{
							"name": "Plant19",
							"from": [ 2.7, -0.5, -7.4 ],
							"to": [ 2.7, 23.5, 16.6 ],
							"shade": false,
							"climateColorMap": "climatePlantTint",
							"seasonColorMap": "seasonalFoliage",
							"renderPass": 2,
							"rotationOrigin": [ 2.7, -0.5, -0.4 ],
							"faces": {
								"east": { "texture": "#lupineleaves2", "uv": [ 0.0, 0.0, 16.0, 16.0 ], "autoUv": false, "windMode": [0,2,2,0], "windData": [0,1,1,0] }
							}
						},
						{
							"name": "Plant20",
							"from": [ 8.3, -0.5, -2.5 ],
							"to": [ 8.3, 23.5, 21.5 ],
							"shade": false,
							"climateColorMap": "climatePlantTint",
							"seasonColorMap": "seasonalFoliage",
							"renderPass": 2,
							"rotationOrigin": [ 8.3, -0.5, 4.5 ],
							"rotationY": -90.0,
							"faces": {
								"east": { "texture": "#lupineleaves2", "uv": [ 0.0, 0.0, 16.0, 16.0 ], "autoUv": false, "windMode": [0,2,2,0], "windData": [0,1,1,0] }
							}
						}
					]
				},
				{
					"name": "stem_1",
					"from": [ 0.0, 0.0, 0.0 ],
					"to": [ 1.0, 1.0, 1.0 ],
					"shade": false,
					"climateColorMap": "climatePlantTint",
					"seasonColorMap": "seasonalFoliage",
					"renderPass": 2,
					"faces": {
					},
					"children": [
						{
							"name": "Plant32",
							"from": [ 6.4, 0.0, -12.8 ],
							"to": [ 6.4, 28.0, 19.2 ],
							"shade": false,
							"climateColorMap": "climatePlantTint",
							"seasonColorMap": "seasonalFoliage",
							"renderPass": 2,
							"rotationOrigin": [ 9.3, 1.0, -7.9 ],
							"faces": {
								"east": { "texture": "#30", "uv": [ 0.0, 0.0, 16.0, 16.0 ], "autoUv": false, "windMode": [0,2,2,0], "windData": [0,1,1,0] }
							}
						},
						{
							"name": "Plant33",
							"from": [ 14.1, 0.0, 10.9 ],
							"to": [ 14.1, 28.0, 42.9 ],
							"shade": false,
							"climateColorMap": "climatePlantTint",
							"seasonColorMap": "seasonalFoliage",
							"renderPass": 2,
							"rotationOrigin": [ 22.1, 7.9, 11.2 ],
							"rotationY": -89.98,
							"faces": {
								"east": { "texture": "#30", "uv": [ 0.0, 0.0, 16.0, 16.0 ], "autoUv": false, "windMode": [0,2,2,0], "windData": [0,1,1,0] }
							}
						}
					]
				}
			]
		},
		{
			"name": "flower_2",
			"from": [ 11.0, -0.6, 3.0 ],
			"to": [ 12.0, 0.4, 4.0 ],
			"shade": false,
			"renderPass": 2,
			"rotationOrigin": [ 11.0, -0.6, 3.0 ],
			"rotationY": -90.0,
			"faces": {
			},
			"children": [
				{
					"name": "Plant8",
					"from": [ 5.3, 1.4, -8.0 ],
					"to": [ 5.3, 31.4, 24.0 ],
					"shade": false,
					"renderPass": 2,
					"rotationOrigin": [ 6.6, 1.4, -4.6 ],
					"faces": {
						"east": { "texture": "#4", "uv": [ 0.0, 0.0, 16.0, 16.0 ], "autoUv": false, "windMode": [0,2,2,0], "windData": [0,1,1,0] }
					}
				},
				{
					"name": "Plant9",
					"from": [ 13.3, 1.0, 0.0 ],
					"to": [ 13.3, 31.0, 32.0 ],
					"shade": false,
					"renderPass": 2,
					"rotationOrigin": [ 13.3, 9.0, 8.0 ],
					"rotationY": -89.98,
					"faces": {
						"east": { "texture": "#4", "uv": [ 0.0, 0.0, 16.0, 16.0 ], "autoUv": false, "windMode": [0,2,2,0], "windData": [0,1,1,0] }
					}
				},
				{
					"name": "Leaves2",
					"from": [ -2.2, 0.0, 2.6 ],
					"to": [ -1.2, 1.0, 3.6 ],
					"shade": false,
					"climateColorMap": "climatePlantTint",
					"seasonColorMap": "seasonalFoliage",
					"renderPass": 2,
					"rotationOrigin": [ 5.8, 0.0, 9.6 ],
					"rotationY": -34.0,
					"faces": {
					},
					"children": [
						{
							"name": "Plant37",
							"from": [ 2.1, 0.0, -5.3 ],
							"to": [ 2.1, 24.0, 18.7 ],
							"shade": false,
							"climateColorMap": "climatePlantTint",
							"seasonColorMap": "seasonalFoliage",
							"renderPass": 2,
							"rotationOrigin": [ 2.1, 0.0, 1.7 ],
							"rotationY": 45.0,
							"faces": {
								"east": { "texture": "#lupineleaves2", "uv": [ 0.0, 0.0, 16.0, 16.0 ], "autoUv": false, "windMode": [0,2,2,0], "windData": [0,1,1,0] }
							}
						},
						{
							"name": "Plant38",
							"from": [ 9.0, 0.0, -5.4 ],
							"to": [ 9.0, 24.0, 18.6 ],
							"shade": false,
							"climateColorMap": "climatePlantTint",
							"seasonColorMap": "seasonalFoliage",
							"renderPass": 2,
							"rotationOrigin": [ 9.0, 0.0, 2.6 ],
							"rotationY": -45.0,
							"faces": {
								"east": { "texture": "#lupineleaves3", "uv": [ 0.0, 0.0, 16.0, 16.0 ], "autoUv": false, "windMode": [0,2,2,0], "windData": [0,1,1,0] }
							}
						},
						{
							"name": "Plant21",
							"from": [ 6.2, 0.0, -6.7 ],
							"to": [ 6.2, 24.0, 17.3 ],
							"shade": false,
							"climateColorMap": "climatePlantTint",
							"seasonColorMap": "seasonalFoliage",
							"renderPass": 2,
							"rotationOrigin": [ 6.2, 0.0, 0.3 ],
							"faces": {
								"east": { "texture": "#lupineleaves4", "uv": [ 0.0, 0.0, 16.0, 16.0 ], "autoUv": false, "windMode": [0,2,2,0], "windData": [0,1,1,0] }
							}
						},
						{
							"name": "Plant22",
							"from": [ 11.3, 0.0, -1.5 ],
							"to": [ 11.3, 24.0, 22.5 ],
							"shade": false,
							"climateColorMap": "climatePlantTint",
							"seasonColorMap": "seasonalFoliage",
							"renderPass": 2,
							"rotationOrigin": [ 11.3, 0.0, 5.5 ],
							"rotationY": -90.0,
							"faces": {
								"east": { "texture": "#lupineleaves4", "uv": [ 0.0, 0.0, 16.0, 16.0 ], "autoUv": false, "windMode": [0,2,2,0], "windData": [0,1,1,0] }
							}
						}
					]
				},
				{
					"name": "stem_2",
					"from": [ 0.0, 0.0, 0.0 ],
					"to": [ 1.0, 1.0, 1.0 ],
					"shade": false,
					"climateColorMap": "climatePlantTint",
					"seasonColorMap": "seasonalFoliage",
					"renderPass": 2,
					"faces": {
					},
					"children": [
						{
							"name": "Plant30",
							"from": [ 5.3, 1.4, -8.0 ],
							"to": [ 5.3, 31.4, 24.0 ],
							"shade": false,
							"climateColorMap": "climatePlantTint",
							"seasonColorMap": "seasonalFoliage",
							"renderPass": 2,
							"rotationOrigin": [ 6.7, 1.4, -3.4 ],
							"faces": {
								"east": { "texture": "#40", "uv": [ 0.0, 0.0, 16.0, 16.0 ], "autoUv": false, "windMode": [0,2,2,0], "windData": [0,1,1,0] }
							}
						},
						{
							"name": "Plant31",
							"from": [ 13.3, 1.0, 0.1 ],
							"to": [ 13.3, 31.0, 32.1 ],
							"shade": false,
							"climateColorMap": "climatePlantTint",
							"seasonColorMap": "seasonalFoliage",
							"renderPass": 2,
							"rotationOrigin": [ 13.3, 9.0, 8.1 ],
							"rotationY": -89.98,
							"faces": {
								"east": { "texture": "#40", "uv": [ 0.0, 0.0, 16.0, 16.0 ], "autoUv": false, "windMode": [0,2,2,0], "windData": [0,1,1,0] }
							}
						}
					]
				}
			]
		},
		{
			"name": "flower_3",
			"from": [ 6.4, 0.9, -8.0 ],
			"to": [ 7.4, 1.9, -7.0 ],
			"shade": false,
			"renderPass": 2,
			"rotationOrigin": [ 6.4, 0.9, -8.0 ],
			"rotationX": 6.9,
			"rotationY": -45.0,
			"faces": {
			},
			"children": [
				{
					"name": "Plant14",
					"from": [ 8.9, 0.5, -7.9 ],
					"to": [ 8.9, 30.5, 24.1 ],
					"shade": false,
					"renderPass": 2,
					"rotationOrigin": [ 8.9, 0.5, 0.6 ],
					"faces": {
						"east": { "texture": "#3", "uv": [ 0.0, 0.0, 16.0, 16.0 ], "autoUv": false, "windMode": [0,2,2,0], "windData": [0,1,1,0] }
					}
				},
				{
					"name": "Plant15",
					"from": [ 16.9, 1.0, 0.1 ],
					"to": [ 16.9, 31.0, 32.1 ],
					"shade": false,
					"renderPass": 2,
					"rotationOrigin": [ 16.9, 9.0, 8.1 ],
					"rotationY": -89.98,
					"faces": {
						"east": { "texture": "#3", "uv": [ 0.0, 0.0, 16.0, 16.0 ], "autoUv": false, "windMode": [0,2,2,0], "windData": [0,1,1,0] }
					}
				},
				{
					"name": "Leaves3",
					"from": [ 1.1, -0.75, 1.29 ],
					"to": [ 2.1, 0.25, 2.29 ],
					"shade": false,
					"climateColorMap": "climatePlantTint",
					"seasonColorMap": "seasonalFoliage",
					"renderPass": 2,
					"rotationOrigin": [ 9.0984, -0.7478, 8.2942 ],
					"rotationX": -5.009,
					"rotationY": 33.89,
					"rotationZ": 4.875,
					"faces": {
					},
					"children": [
						{
							"name": "Plant24",
							"from": [ 4.4, 0.0, -2.9 ],
							"to": [ 4.4, 24.0, 21.1 ],
							"shade": false,
							"climateColorMap": "climatePlantTint",
							"seasonColorMap": "seasonalFoliage",
							"renderPass": 2,
							"rotationOrigin": [ 4.4, 0.0, 4.1 ],
							"rotationY": 45.0,
							"faces": {
								"east": { "texture": "#lupineleaves3", "uv": [ 0.0, 0.0, 16.0, 16.0 ], "autoUv": false, "windMode": [0,2,2,0], "windData": [0,1,1,0] }
							}
						},
						{
							"name": "Plant25",
							"from": [ 11.2, 0.0, -3.8 ],
							"to": [ 11.2, 24.0, 20.2 ],
							"shade": false,
							"climateColorMap": "climatePlantTint",
							"seasonColorMap": "seasonalFoliage",
							"renderPass": 2,
							"rotationOrigin": [ 11.2, 0.0, 4.2 ],
							"rotationY": -45.0,
							"faces": {
								"east": { "texture": "#2", "uv": [ 0.0, 0.0, 16.0, 16.0 ], "autoUv": false, "windMode": [0,2,2,0], "windData": [0,1,1,0] }
							}
						},
						{
							"name": "Plant26",
							"from": [ 7.9, 0.3, -4.0 ],
							"to": [ 7.9, 24.3, 20.0 ],
							"shade": false,
							"climateColorMap": "climatePlantTint",
							"seasonColorMap": "seasonalFoliage",
							"renderPass": 2,
							"rotationOrigin": [ 7.9, 0.3, 3.0 ],
							"faces": {
								"east": { "texture": "#lupineleaves3", "uv": [ 0.0, 0.0, 16.0, 16.0 ], "autoUv": false, "windMode": [0,2,2,0], "windData": [0,1,1,0] }
							}
						},
						{
							"name": "Plant27",
							"from": [ 12.5, 0.4, -0.3 ],
							"to": [ 12.5, 24.4, 23.7 ],
							"shade": false,
							"climateColorMap": "climatePlantTint",
							"seasonColorMap": "seasonalFoliage",
							"renderPass": 2,
							"rotationOrigin": [ 12.5, 0.4, 6.7 ],
							"rotationY": -90.0,
							"faces": {
								"east": { "texture": "#lupineleaves3", "uv": [ 0.0, 0.0, 16.0, 16.0 ], "autoUv": false, "windMode": [0,2,2,0], "windData": [0,1,1,0] }
							}
						}
					]
				},
				{
					"name": "stem_3",
					"from": [ 0.0, 0.0, 0.0 ],
					"to": [ 1.0, 1.0, 1.0 ],
					"shade": false,
					"climateColorMap": "climatePlantTint",
					"seasonColorMap": "seasonalFoliage",
					"renderPass": 2,
					"faces": {
					},
					"children": [
						{
							"name": "Plant29",
							"from": [ 8.9, 0.5, -7.9 ],
							"to": [ 8.9, 30.5, 24.1 ],
							"shade": false,
							"climateColorMap": "climatePlantTint",
							"seasonColorMap": "seasonalFoliage",
							"renderPass": 2,
							"rotationOrigin": [ 8.9, 0.5, -7.4 ],
							"faces": {
								"east": { "texture": "#30", "uv": [ 0.0, 0.0, 16.0, 16.0 ], "autoUv": false, "windMode": [0,2,2,0], "windData": [0,1,1,0] }
							}
						},
						{
							"name": "Plant28",
							"from": [ 16.9, 1.0, 0.1 ],
							"to": [ 16.9, 31.0, 32.1 ],
							"shade": false,
							"climateColorMap": "climatePlantTint",
							"seasonColorMap": "seasonalFoliage",
							"renderPass": 2,
							"rotationOrigin": [ 16.9, 9.0, 8.1 ],
							"rotationY": -89.98,
							"faces": {
								"east": { "texture": "#30", "uv": [ 0.0, 0.0, 16.0, 16.0 ], "autoUv": false, "windMode": [0,2,2,0], "windData": [0,1,1,0] }
							}
						}
					]
				}
			]
		},
		{
			"name": "flower_4",
			"from": [ -4.0, 0.9, -5.0 ],
			"to": [ -3.0, 1.9, -4.0 ],
			"shade": false,
			"renderPass": 2,
			"rotationOrigin": [ 5.0, 0.9, -2.0 ],
			"rotationX": 7.4,
			"rotationY": 45.0,
			"faces": {
			},
			"children": [
				{
					"name": "Plant45",
					"from": [ 10.1, 1.0, -2.9 ],
					"to": [ 10.1, 33.0, 29.1 ],
					"shade": false,
					"renderPass": 2,
					"rotationOrigin": [ 10.1, 1.0, -2.9 ],
					"faces": {
						"east": { "texture": "#2", "uv": [ 0.0, 0.0, 16.0, 16.0 ], "autoUv": false, "windMode": [0,2,2,0], "windData": [0,2,1,0] }
					}
				},
				{
					"name": "Plant46",
					"from": [ 19.1, 0.5, -1.7 ],
					"to": [ 19.1, 32.5, 30.3 ],
					"shade": false,
					"renderPass": 2,
					"rotationOrigin": [ 15.2, 8.5, 9.2 ],
					"rotationY": -89.98,
					"faces": {
						"east": { "texture": "#2", "uv": [ 0.0, 0.0, 16.0, 16.0 ], "autoUv": false, "windMode": [0,2,2,0], "windData": [0,2,1,0] }
					}
				},
				{
					"name": "Leaves47",
					"from": [ 1.3, -0.1, 1.0 ],
					"to": [ 2.3, 0.9, 2.0 ],
					"shade": false,
					"climateColorMap": "climatePlantTint",
					"seasonColorMap": "seasonalFoliage",
					"renderPass": 2,
					"rotationOrigin": [ 9.3, -0.1, 8.0 ],
					"rotationY": -30.5,
					"faces": {
					},
					"children": [
						{
							"name": "Plant48",
							"from": [ 15.1, 0.0, 7.8 ],
							"to": [ 15.1, 24.0, 31.8 ],
							"shade": false,
							"climateColorMap": "climatePlantTint",
							"seasonColorMap": "seasonalFoliage",
							"renderPass": 2,
							"rotationOrigin": [ 15.1, 0.0, 14.8 ],
							"rotationY": -135.0,
							"faces": {
								"east": { "texture": "#lupineleaves3", "uv": [ 0.0, 0.0, 16.0, 16.0 ], "autoUv": false, "windMode": [0,2,2,0], "windData": [0,1,1,0] }
							}
						},
						{
							"name": "Plant49",
							"from": [ 14.3, 0.0, -0.1 ],
							"to": [ 14.3, 24.0, 23.9 ],
							"shade": false,
							"climateColorMap": "climatePlantTint",
							"seasonColorMap": "seasonalFoliage",
							"renderPass": 2,
							"rotationOrigin": [ 14.3, 0.0, 7.9 ],
							"rotationY": -45.0,
							"faces": {
								"east": { "texture": "#lupineleaves2", "uv": [ 0.0, 0.0, 16.0, 16.0 ], "autoUv": false, "windMode": [0,2,2,0], "windData": [0,1,1,0] }
							}
						},
						{
							"name": "Plant50",
							"from": [ 11.0, -0.5, -1.4 ],
							"to": [ 11.0, 23.5, 22.6 ],
							"shade": false,
							"climateColorMap": "climatePlantTint",
							"seasonColorMap": "seasonalFoliage",
							"renderPass": 2,
							"rotationOrigin": [ 11.0, -0.5, 5.6 ],
							"faces": {
								"east": { "texture": "#lupineleaves2", "uv": [ 0.0, 0.0, 16.0, 16.0 ], "autoUv": false, "windMode": [0,2,2,0], "windData": [0,1,1,0] }
							}
						},
						{
							"name": "Plant51",
							"from": [ 15.6, -0.3, 4.1 ],
							"to": [ 15.6, 23.7, 28.1 ],
							"shade": false,
							"climateColorMap": "climatePlantTint",
							"seasonColorMap": "seasonalFoliage",
							"renderPass": 2,
							"rotationOrigin": [ 15.6, -0.3, 11.1 ],
							"rotationY": -90.0,
							"faces": {
								"east": { "texture": "#lupineleaves3", "uv": [ 0.0, 0.0, 16.0, 16.0 ], "autoUv": false, "windMode": [0,2,2,0], "windData": [0,1,1,0] }
							}
						}
					]
				},
				{
					"name": "stem_52",
					"from": [ 0.0, 0.0, 0.0 ],
					"to": [ 1.0, 1.0, 1.0 ],
					"shade": false,
					"climateColorMap": "climatePlantTint",
					"seasonColorMap": "seasonalFoliage",
					"renderPass": 2,
					"faces": {
					},
					"children": [
						{
							"name": "Plant53",
							"from": [ 10.1, 1.0, -2.9 ],
							"to": [ 10.1, 33.0, 29.1 ],
							"shade": false,
							"climateColorMap": "climatePlantTint",
							"seasonColorMap": "seasonalFoliage",
							"renderPass": 2,
							"rotationOrigin": [ 10.1, 1.0, -2.9 ],
							"faces": {
								"east": { "texture": "#20", "uv": [ 0.0, 0.0, 16.0, 16.0 ], "autoUv": false, "windMode": [0,2,2,0], "windData": [0,2,1,0] }
							}
						},
						{
							"name": "Plant54",
							"from": [ 19.1, 0.5, -1.7 ],
							"to": [ 19.1, 32.5, 30.3 ],
							"shade": false,
							"climateColorMap": "climatePlantTint",
							"seasonColorMap": "seasonalFoliage",
							"renderPass": 2,
							"rotationOrigin": [ 15.2, 8.5, 9.2 ],
							"rotationY": -89.98,
							"faces": {
								"east": { "texture": "#20", "uv": [ 0.0, 0.0, 16.0, 16.0 ], "autoUv": false, "windMode": [0,2,2,0], "windData": [0,2,1,0] }
							}
						}
					]
				}
			]
		}
	]}