{
	"editor": {
		"allAngles": true,
		"entityTextureMode": true
	},
	"textureWidth": 64,
	"textureHeight": 96,
	"textureSizes": {
		"aa1": [64,96]
	},
	"textures": {
		
	},
	"elements": [
		{
			"name": "Body",
			"from": [ -4.15, 10.8, 1.25 ],
			"to": [ -1.75, 13.2, 13.4 ],
			"uv": [ 999.0, 999.0 ],
			"rotationOrigin": [ 6.65, 15.6, 6.85 ],
			"faces": {
			},
			"children": [
				{
					"name": "neck",
					"from": [ 0.0, 3.75, 4.35 ],
					"to": [ 4.5, 10.875, 9.15 ],
					"uv": [ 2.0, 11.25 ],
					"rotationOrigin": [ 10.59, 5.73, 6.75 ],
					"rotationZ": 30.0,
					"faces": {
						"north": { "texture": "#yak01", "uv": [ 2.0, 17.5, 11.5, 23.5 ], "rotation": 90, "autoUv": false },
						"east": { "texture": "#yak01", "uv": [ 11.5, 17.5, 17.5, 27.0 ], "rotation": 180, "autoUv": false },
						"south": { "texture": "#yak01", "uv": [ 17.5, 17.5, 27.0, 23.5 ], "rotation": 270, "autoUv": false },
						"west": { "texture": "#yak01", "uv": [ 27.0, 17.5, 33.0, 27.0 ], "autoUv": false },
						"up": { "texture": "#yak01", "uv": [ 2.0, 11.5, 8.0, 17.5 ], "rotation": 90, "autoUv": false },
						"down": { "texture": "#yak01", "uv": [ 8.0, 11.5, 14.0, 17.5 ], "rotation": 90, "autoUv": false }
					},
					"children": [
						{
							"name": "head",
							"from": [ -4.23, 4.875, -1.2 ],
							"to": [ 2.97, 11.625, 6.0 ],
							"autoUnwrap": false,
							"uv": [ 39.0, 28.0 ],
							"rotationOrigin": [ -0.27, 6.09, 1.8 ],
							"rotationZ": -14.0,
							"faces": {
								"north": { "texture": "#yak01", "uv": [ 39.0, 34.0, 45.0, 39.0 ], "autoUv": false },
								"east": { "texture": "#yak01", "uv": [ 57.0, 34.0, 63.0, 39.0 ], "autoUv": false },
								"south": { "texture": "#yak01", "uv": [ 51.0, 34.0, 57.0, 39.0 ], "autoUv": false },
								"west": { "texture": "#yak01", "uv": [ 45.0, 34.0, 51.0, 39.0 ], "autoUv": false },
								"up": { "texture": "#yak01", "uv": [ 53.5, 24.5, 63.0, 34.0 ], "rotation": 90, "autoUv": false },
								"down": { "texture": "#yak01", "uv": [ 53.5, 39.0, 63.0, 48.5 ], "rotation": 90, "autoUv": false }
							},
							"children": [
								{
									"name": "mouth up",
									"from": [ -3.09, 0.99, 1.2 ],
									"to": [ 4.11, 4.59, 6.0 ],
									"autoUnwrap": false,
									"uv": [ 49.0, 1.0 ],
									"rotationOrigin": [ 1.71, 2.19, 0.0 ],
									"rotationZ": 3.0,
									"faces": {
										"north": { "texture": "#yak01", "uv": [ 51.5, 10.5, 56.0, 20.0 ], "rotation": 270, "autoUv": false },
										"south": { "texture": "#yak01", "uv": [ 51.5, 10.5, 56.0, 20.0 ], "rotation": 90, "autoUv": false },
										"west": { "texture": "#yak01", "uv": [ 52.0, 7.0, 56.0, 10.0 ], "autoUv": false },
										"up": { "texture": "#yak01", "uv": [ 56.0, 10.5, 62.0, 20.0 ], "rotation": 90, "autoUv": false },
										"down": { "texture": "#yak01", "uv": [ 58.0, 1.0, 64.0, 10.5 ], "rotation": 270, "autoUv": false }
									}
								},
								{
									"name": "mouth down",
									"from": [ -2.04, 1.11, 1.224 ],
									"to": [ 3.96, 2.31, 5.976 ],
									"autoUnwrap": false,
									"uv": [ 36.0, 1.0 ],
									"rotationOrigin": [ 2.76, 1.11, 3.6 ],
									"rotationZ": 17.0,
									"faces": {
										"north": { "texture": "#yak01", "uv": [ 52.0, 12.0, 53.5, 20.0 ], "rotation": 270, "autoUv": false },
										"south": { "texture": "#yak01", "uv": [ 54.5, 12.0, 56.0, 20.0 ], "rotation": 90, "autoUv": false },
										"west": { "texture": "#yak01", "uv": [ 52.0, 17.5, 55.5, 18.5 ], "autoUv": false },
										"up": { "texture": "#yak01", "uv": [ 37.0, 1.0, 43.0, 9.0 ], "rotation": 90, "autoUv": false },
										"down": { "texture": "#yak01", "uv": [ 51.0, 12.0, 57.0, 20.0 ], "rotation": 270, "autoUv": false }
									}
								},
								{
									"name": "R ear",
									"from": [ 3.15, 2.4, -2.4 ],
									"to": [ 4.35, 4.8, 1.2 ],
									"uv": [ 35.5, 40.5 ],
									"rotationOrigin": [ 3.75, 3.6, 1.2 ],
									"rotationX": 8.0,
									"rotationY": -22.0,
									"rotationZ": 22.0,
									"faces": {
										"north": { "texture": "#yak01", "uv": [ 35.5, 42.0, 37.0, 45.0 ], "autoUv": false },
										"east": { "texture": "#yak01", "uv": [ 37.0, 42.0, 41.5, 45.0 ], "autoUv": false },
										"west": { "texture": "#yak01", "uv": [ 41.5, 42.0, 46.0, 45.0 ], "autoUv": false },
										"up": { "texture": "#yak01", "uv": [ 35.5, 40.5, 40.0, 42.0 ], "rotation": 90, "autoUv": false },
										"down": { "texture": "#yak01", "uv": [ 40.0, 40.5, 44.5, 42.0 ], "rotation": 90, "autoUv": false }
									}
								},
								{
									"name": "L ear",
									"from": [ 3.15, 2.4, 6.0 ],
									"to": [ 4.35, 4.8, 9.6 ],
									"uv": [ 35.5, 40.5 ],
									"rotationOrigin": [ 3.75, 3.6, 6.0 ],
									"rotationX": -8.0,
									"rotationY": 22.0,
									"rotationZ": 22.0,
									"faces": {
										"east": { "texture": "#yak01", "uv": [ 35.5, 41.5, 38.5, 43.5 ], "autoUv": false },
										"south": { "texture": "#yak01", "uv": [ 38.5, 41.5, 39.5, 43.5 ], "autoUv": false },
										"west": { "texture": "#yak01", "uv": [ 39.5, 41.5, 42.5, 43.5 ], "autoUv": false },
										"up": { "texture": "#yak01", "uv": [ 35.5, 40.5, 40.0, 42.0 ], "rotation": 90, "autoUv": false },
										"down": { "texture": "#yak01", "uv": [ 38.5, 40.5, 43.0, 42.0 ], "rotation": 90, "autoUv": false }
									}
								},
								{
									"name": "TOp",
									"from": [ 0.75, 3.75, 0.6 ],
									"to": [ 4.65, 8.25, 6.6 ],
									"unwrapMode": 1,
									"unwrapRotation": 1,
									"uv": [ 0.25, 0.5 ],
									"rotationOrigin": [ 0.15, 3.15, 0.0 ],
									"rotationZ": -22.0,
									"faces": {
										"north": { "texture": "#yak01", "uv": [ 8.5, 8.5, 14.5, 13.5 ], "rotation": 90, "autoUv": false },
										"east": { "texture": "#yak01", "uv": [ 8.5, 13.5, 14.5, 21.5 ], "rotation": 90, "autoUv": false },
										"south": { "texture": "#yak01", "uv": [ 22.5, 8.5, 28.5, 13.5 ], "rotation": 270, "autoUv": false },
										"west": { "texture": "#yak01", "uv": [ 8.5, 0.5, 14.5, 8.5 ], "rotation": 90, "autoUv": false },
										"up": { "texture": "#yak01", "uv": [ 0.5, 8.5, 8.5, 13.5 ], "rotation": 270, "autoUv": false },
										"down": { "texture": "#yak01", "uv": [ 14.5, 8.5, 22.5, 13.5 ], "rotation": 90, "autoUv": false }
									}
								}
							]
						}
					]
				},
				{
					"name": "R front leg",
					"from": [ 4.35, -4.8, 2.7 ],
					"to": [ 7.95, 2.4, 6.3 ],
					"uv": [ 36.0, 67.0 ],
					"rotationOrigin": [ 6.15, 2.4, 4.5 ],
					"faces": {
						"north": { "texture": "#yak01", "uv": [ 36.0, 71.5, 40.5, 81.0 ], "autoUv": false },
						"east": { "texture": "#yak01", "uv": [ 40.5, 71.5, 45.0, 81.0 ], "autoUv": false },
						"south": { "texture": "#yak01", "uv": [ 45.0, 71.5, 49.5, 81.0 ], "autoUv": false },
						"west": { "texture": "#yak01", "uv": [ 49.5, 71.5, 54.0, 81.0 ], "autoUv": false },
						"down": { "texture": "#yak01", "uv": [ 36.0, 67.0, 40.5, 71.5 ], "rotation": 90, "autoUv": false }
					},
					"children": [
						{
							"name": "R front foot",
							"from": [ 0.12, -6.0, 0.12 ],
							"to": [ 3.48, 1.2, 3.48 ],
							"unwrapMode": 1,
							"uv": [ 0.0, 78.5 ],
							"rotationOrigin": [ 1.92, 3.6, 1.92 ],
							"faces": {
								"north": { "texture": "#yak01", "uv": [ 4.0, 82.5, 8.0, 92.0 ], "autoUv": false },
								"east": { "texture": "#yak01", "uv": [ 0.0, 82.5, 4.0, 92.0 ], "autoUv": false },
								"south": { "texture": "#yak01", "uv": [ 12.0, 82.5, 16.0, 92.0 ], "autoUv": false },
								"west": { "texture": "#yak01", "uv": [ 8.0, 82.5, 12.0, 92.0 ], "autoUv": false },
								"up": { "texture": "#yak01", "uv": [ 4.0, 78.5, 8.0, 82.5 ], "rotation": 180, "autoUv": false },
								"down": { "texture": "#yak01", "uv": [ 4.0, 92.0, 8.0, 96.0 ], "autoUv": false }
							}
						}
					]
				},
				{
					"name": "L front leg",
					"from": [ 4.35, -4.8, 7.05 ],
					"to": [ 7.95, 2.4, 10.65 ],
					"autoUnwrap": false,
					"uv": [ 49.0, 67.0 ],
					"rotationOrigin": [ 6.15, 2.4, 9.0 ],
					"faces": {
						"north": { "texture": "#yak01", "uv": [ 49.0, 70.0, 53.5, 79.5 ], "autoUv": false },
						"east": { "texture": "#yak01", "uv": [ 52.0, 70.0, 56.5, 79.5 ], "autoUv": false },
						"south": { "texture": "#yak01", "uv": [ 55.0, 70.0, 59.5, 79.5 ], "autoUv": false },
						"west": { "texture": "#yak01", "uv": [ 58.0, 70.0, 62.5, 79.5 ], "autoUv": false },
						"down": { "texture": "#yak01", "uv": [ 49.0, 67.0, 53.5, 71.5 ], "rotation": 90, "autoUv": false }
					},
					"children": [
						{
							"name": "L front foot",
							"from": [ 0.12, -6.0, 0.12 ],
							"to": [ 3.48, 1.2, 3.48 ],
							"unwrapMode": 3,
							"uv": [ 0.0, 78.5 ],
							"rotationOrigin": [ 1.92, 3.6, 1.92 ],
							"faces": {
								"north": { "texture": "#yak01", "uv": [ 12.0, 82.5, 16.0, 92.0 ], "autoUv": false },
								"east": { "texture": "#yak01", "uv": [ 8.0, 82.5, 12.0, 92.0 ], "autoUv": false },
								"south": { "texture": "#yak01", "uv": [ 4.0, 82.5, 8.0, 92.0 ], "autoUv": false },
								"west": { "texture": "#yak01", "uv": [ 0.0, 82.5, 4.0, 92.0 ], "autoUv": false },
								"up": { "texture": "#yak01", "uv": [ 4.0, 78.5, 8.0, 82.5 ], "autoUv": false },
								"down": { "texture": "#yak01", "uv": [ 4.0, 92.0, 8.0, 96.0 ], "rotation": 180, "autoUv": false }
							}
						}
					]
				},
				{
					"name": "R back leg",
					"from": [ 14.01, -3.6, 2.46 ],
					"to": [ 18.81, 3.6, 7.26 ],
					"uv": [ 24.0, 80.5 ],
					"rotationOrigin": [ 16.41, 4.8, 4.86 ],
					"rotationZ": 15.0,
					"faces": {
						"north": { "texture": "#yak01", "uv": [ 24.0, 86.5, 30.0, 96.0 ], "autoUv": false },
						"east": { "texture": "#yak01", "uv": [ 30.0, 86.5, 36.0, 96.0 ], "autoUv": false },
						"south": { "texture": "#yak01", "uv": [ 36.0, 86.5, 42.0, 96.0 ], "autoUv": false },
						"west": { "texture": "#yak01", "uv": [ 42.0, 86.5, 48.0, 96.0 ], "autoUv": false },
						"down": { "texture": "#yak01", "uv": [ 24.0, 80.5, 30.0, 86.5 ], "rotation": 90, "autoUv": false }
					},
					"children": [
						{
							"name": "R back foot",
							"from": [ 0.96, -7.44, 0.57 ],
							"to": [ 4.32, 2.16, 3.93 ],
							"unwrapMode": 1,
							"uv": [ 48.0, 75.5 ],
							"rotationOrigin": [ 2.76, 4.56, 2.37 ],
							"rotationZ": -15.0,
							"faces": {
								"north": { "texture": "#yak01", "uv": [ 52.0, 79.5, 56.0, 92.0 ], "autoUv": false },
								"east": { "texture": "#yak01", "uv": [ 48.0, 79.5, 52.0, 92.0 ], "autoUv": false },
								"south": { "texture": "#yak01", "uv": [ 60.0, 79.5, 64.0, 92.0 ], "autoUv": false },
								"west": { "texture": "#yak01", "uv": [ 56.0, 79.5, 60.0, 92.0 ], "autoUv": false },
								"up": { "texture": "#yak01", "uv": [ 52.0, 75.5, 56.0, 79.5 ], "rotation": 180, "autoUv": false },
								"down": { "texture": "#yak01", "uv": [ 52.0, 92.0, 56.0, 96.0 ], "autoUv": false }
							}
						}
					]
				},
				{
					"name": "L back leg",
					"from": [ 14.01, -3.6, 6.21 ],
					"to": [ 18.81, 3.6, 11.01 ],
					"uv": [ 0.0, 80.5 ],
					"rotationOrigin": [ 16.41, 4.8, 1.44 ],
					"rotationZ": 15.0,
					"faces": {
						"north": { "texture": "#yak01", "uv": [ 0.0, 86.5, 6.0, 96.0 ], "autoUv": false },
						"east": { "texture": "#yak01", "uv": [ 6.0, 86.5, 12.0, 96.0 ], "autoUv": false },
						"south": { "texture": "#yak01", "uv": [ 12.0, 86.5, 18.0, 96.0 ], "autoUv": false },
						"west": { "texture": "#yak01", "uv": [ 18.0, 86.5, 24.0, 96.0 ], "autoUv": false },
						"down": { "texture": "#yak01", "uv": [ 0.0, 80.5, 6.0, 86.5 ], "rotation": 90, "autoUv": false }
					},
					"children": [
						{
							"name": "L back foot",
							"from": [ 0.96, -7.44, 0.87 ],
							"to": [ 4.32, 2.16, 4.23 ],
							"unwrapMode": 3,
							"uv": [ 48.0, 75.5 ],
							"rotationOrigin": [ 2.76, 4.56, 2.67 ],
							"rotationZ": -15.0,
							"faces": {
								"north": { "texture": "#yak01", "uv": [ 60.0, 79.5, 64.0, 92.0 ], "autoUv": false },
								"east": { "texture": "#yak01", "uv": [ 56.0, 79.5, 60.0, 92.0 ], "autoUv": false },
								"south": { "texture": "#yak01", "uv": [ 52.0, 79.5, 56.0, 92.0 ], "autoUv": false },
								"west": { "texture": "#yak01", "uv": [ 48.0, 79.5, 52.0, 92.0 ], "autoUv": false },
								"up": { "texture": "#yak01", "uv": [ 52.0, 75.5, 56.0, 79.5 ], "autoUv": false },
								"down": { "texture": "#yak01", "uv": [ 52.0, 92.0, 56.0, 96.0 ], "rotation": 180, "autoUv": false }
							}
						}
					]
				},
				{
					"name": "tail",
					"from": [ 24.0, 1.35, 4.8 ],
					"to": [ 27.6, 3.75, 7.2 ],
					"unwrapMode": 1,
					"unwrapRotation": 1,
					"uv": [ 51.75, 45.25 ],
					"rotationOrigin": [ 24.24, 2.55, 6.0 ],
					"rotationZ": -53.0,
					"faces": {
						"north": { "texture": "#yak01", "uv": [ 55.0, 45.5, 58.0, 50.0 ], "rotation": 90, "autoUv": false },
						"east": { "texture": "#yak01", "uv": [ 55.0, 50.0, 58.0, 53.0 ], "rotation": 90, "autoUv": false },
						"south": { "texture": "#yak01", "uv": [ 61.0, 45.5, 64.0, 50.0 ], "rotation": 270, "autoUv": false },
						"up": { "texture": "#yak01", "uv": [ 52.0, 45.5, 55.0, 50.0 ], "rotation": 270, "autoUv": false },
						"down": { "texture": "#yak01", "uv": [ 58.0, 45.5, 61.0, 50.0 ], "rotation": 90, "autoUv": false }
					},
					"children": [
						{
							"name": "tail33",
							"from": [ 2.4, 0.75, -0.6 ],
							"to": [ 8.4, 3.15, 3.0 ],
							"unwrapMode": 1,
							"unwrapRotation": 1,
							"autoUnwrap": false,
							"uv": [ 46.0, 45.75 ],
							"rotationOrigin": [ 2.4, 1.95, 1.2 ],
							"rotationZ": -25.0,
							"faces": {
								"north": { "texture": "#yak01", "uv": [ 49.0, 54.5, 52.0, 62.5 ], "rotation": 90, "autoUv": false, "windMode": [-1,-1,1,-1], "windData": [1,1,0,0] },
								"east": { "texture": "#yak01", "uv": [ 55.0, 53.0, 58.0, 57.5 ], "rotation": 90, "autoUv": false },
								"south": { "texture": "#yak01", "uv": [ 48.0, 54.5, 51.0, 62.5 ], "rotation": 270, "autoUv": false, "windMode": [-1,-1,1,-1], "windData": [1,0,0,1] },
								"west": { "texture": "#yak01", "uv": [ 48.0, 40.0, 51.0, 44.5 ], "rotation": 90, "autoUv": false },
								"up": { "texture": "#yak01", "uv": [ 48.0, 54.5, 52.5, 62.5 ], "rotation": 270, "autoUv": false, "windMode": [-1,-1,1,1], "windData": [1,1,0,0] },
								"down": { "texture": "#yak01", "uv": [ 48.0, 54.0, 52.5, 62.0 ], "rotation": 90, "autoUv": false }
							}
						}
					]
				},
				{
					"name": "Front_body",
					"from": [ 5.85, -2.55, 0.75 ],
					"to": [ 18.75, 8.25, 10.425 ],
					"autoUnwrap": false,
					"uv": [ 0.0, 0.0 ],
					"rotationOrigin": [ 16.65, 11.85, 6.15 ],
					"rotationY": 180.0,
					"rotationZ": 16.0,
					"faces": {
						"north": { "texture": "#yak01", "uv": [ 0.0, 14.5, 17.0, 28.5 ], "autoUv": false },
						"east": { "texture": "#yak01", "uv": [ 17.0, 14.5, 29.5, 28.5 ], "autoUv": false },
						"south": { "texture": "#yak01", "uv": [ 31.5, 14.5, 48.5, 28.5 ], "autoUv": false },
						"west": { "texture": "#yak01", "uv": [ 34.0, 14.5, 46.5, 28.5 ], "autoUv": false },
						"up": { "texture": "#yak01", "uv": [ 31.5, 14.5, 48.5, 27.0 ], "rotation": 180, "autoUv": false },
						"down": { "texture": "#yak01", "uv": [ 10.5, 16.0, 27.5, 28.5 ], "autoUv": false }
					},
					"children": [
						{
							"name": "middle_body",
							"from": [ 8.1, 0.3, 0.1125 ],
							"to": [ 21.6, 11.55, 9.5625 ],
							"unwrapMode": 2,
							"autoUnwrap": false,
							"uv": [ -1.0, 0.0 ],
							"rotationOrigin": [ 8.1, 0.3, 1.2 ],
							"rotationZ": -22.0,
							"faces": {
								"north": { "texture": "#yak01", "uv": [ 31.5, 18.0, 49.5, 34.0 ], "autoUv": false },
								"east": { "texture": "#yak01", "uv": [ 1.5, 17.5, 14.0, 33.5 ], "autoUv": false },
								"south": { "texture": "#yak01", "uv": [ 0.0, 17.5, 15.0, 35.5 ], "autoUv": false },
								"west": { "texture": "#yak01", "uv": [ 35.0, 18.0, 47.5, 34.0 ], "autoUv": false },
								"up": { "texture": "#yak01", "uv": [ 17.0, 0.0, 29.5, 18.0 ], "rotation": 270, "autoUv": false },
								"down": { "texture": "#yak01", "uv": [ 17.0, 17.5, 29.5, 35.5 ], "rotation": 270, "autoUv": false }
							},
							"children": [
								{
									"name": "Backbody-Hair2",
									"from": [ 0.0, -4.5, 0.09 ],
									"to": [ 12.375, 0.0, 8.94 ],
									"autoUnwrap": false,
									"uv": [ 0.0, 61.0 ],
									"rotationOrigin": [ 0.0, -4.5, 0.0 ],
									"faces": {
										"north": { "texture": "#yak01", "uv": [ 0.0, 74.5, 16.5, 80.5 ], "autoUv": false, "windMode": [1,1,-1,1] },
										"east": { "texture": "#yak01", "uv": [ 4.0, 74.5, 15.5, 80.5 ], "autoUv": false, "windMode": [1,-1,-1,1] },
										"south": { "texture": "#yak01", "uv": [ 9.0, 74.5, 25.5, 80.5 ], "autoUv": false, "windMode": [-1,1,-1,1] },
										"west": { "texture": "#yak01", "uv": [ 7.5, 74.5, 19.0, 80.5 ], "autoUv": false }
									}
								}
							]
						},
						{
							"name": "HillBody",
							"from": [ 18.8625, 7.8, 1.125 ],
							"to": [ 25.6125, 11.55, 8.625 ],
							"autoUnwrap": false,
							"uv": [ 0.0, 0.0 ],
							"rotationOrigin": [ 18.75, 11.25, 5.25 ],
							"rotationZ": -36.0,
							"faces": {
								"north": { "texture": "#yak01", "uv": [ 0.0, 10.0, 9.0, 15.0 ], "autoUv": false },
								"east": { "texture": "#yak01", "uv": [ 9.0, 10.0, 19.0, 15.0 ], "autoUv": false },
								"south": { "texture": "#yak01", "uv": [ 19.0, 10.0, 28.0, 15.0 ], "autoUv": false },
								"west": { "texture": "#yak01", "uv": [ 28.0, 10.0, 38.0, 15.0 ], "autoUv": false },
								"up": { "texture": "#yak01", "uv": [ 0.0, 0.0, 9.0, 10.0 ], "rotation": 180, "autoUv": false },
								"down": { "texture": "#yak01", "uv": [ 9.0, 0.0, 18.0, 10.0 ], "autoUv": false }
							}
						},
						{
							"name": "HillBody2",
							"from": [ 12.8625, 7.5, 1.1325 ],
							"to": [ 19.05, 11.25, 8.4825 ],
							"autoUnwrap": false,
							"uv": [ 0.0, 0.0 ],
							"rotationOrigin": [ 21.0, 11.25, 5.25 ],
							"faces": {
								"north": { "texture": "#yak01", "uv": [ 0.0, 9.5, 8.0, 14.5 ], "autoUv": false },
								"east": { "texture": "#yak01", "uv": [ 11.0, 9.5, 20.5, 14.5 ], "autoUv": false },
								"south": { "texture": "#yak01", "uv": [ 20.5, 9.5, 28.5, 14.5 ], "autoUv": false },
								"west": { "texture": "#yak01", "uv": [ 13.5, 14.5, 23.0, 19.5 ], "autoUv": false },
								"up": { "texture": "#yak01", "uv": [ 0.0, 0.0, 8.0, 9.5 ], "autoUv": false },
								"down": { "texture": "#yak01", "uv": [ 11.0, 0.0, 19.0, 9.5 ], "autoUv": false }
							}
						},
						{
							"name": "Backbody-Hair",
							"from": [ 0.375, -3.75, 0.375 ],
							"to": [ 12.75, 0.75, 9.3 ],
							"autoUnwrap": false,
							"uv": [ 0.0, 61.0 ],
							"rotationOrigin": [ 0.0, -3.75, 0.0 ],
							"faces": {
								"north": { "texture": "#yak01", "uv": [ 0.0, 74.5, 16.5, 80.5 ], "autoUv": false, "windMode": [1,-1,-1,-1] },
								"east": { "texture": "#yak01", "uv": [ 4.0, 74.5, 15.5, 80.5 ], "autoUv": false },
								"south": { "texture": "#yak01", "uv": [ 9.0, 74.5, 25.5, 80.5 ], "autoUv": false, "windMode": [1,1,1,-1] },
								"west": { "texture": "#yak01", "uv": [ 7.5, 74.5, 19.0, 80.5 ], "autoUv": false, "windMode": [1,1,-1,-1] }
							}
						}
					]
				}
			],
			"attachmentpoints": [
				{
					"code": "Center",
					"posX": "9.0","posY": "4.0","posZ": "5.0",
					"rotationX": "0.0","rotationY": "0.0","rotationZ": "0.0"
				}
			]
		}
	],
	"animations": [
		{
			"name": "Walk",
			"code": "walk",
			"quantityframes": 90,
			"onActivityStopped": "Rewind",
			"onAnimationEnd": "Repeat",
			"keyframes": [
				{
					"frame": 0,
					"elements": {
						"Body": { "offsetX": 0.0, "offsetY": 0.0, "offsetZ": 0.0, "rotationX": -2.0, "rotationY": -1.0, "rotationZ": -2.0 },
						"neck": { "offsetX": 0.0, "offsetY": 0.75, "offsetZ": 0.0, "rotationX": 2.0, "rotationY": 0.0, "rotationZ": 3.0 },
						"head": { "offsetX": 0.0, "offsetY": 0.0, "offsetZ": 0.0, "rotationX": 0.0, "rotationY": 0.0, "rotationZ": -3.0 },
						"L ear": { "offsetX": 0.0, "offsetY": 0.0, "offsetZ": 0.0, "rotationX": 0.0, "rotationY": 0.0, "rotationZ": 0.0 },
						"R ear": { "offsetX": 0.0, "offsetY": 0.0, "offsetZ": 0.0, "rotationX": 0.0, "rotationY": 0.0, "rotationZ": 0.0 },
						"R front leg": { "offsetX": 0.0, "offsetY": 0.0, "offsetZ": 0.0, "rotationX": 2.0, "rotationY": 0.0, "rotationZ": 8.0 },
						"R front foot": { "offsetX": 0.0, "offsetY": 0.0, "offsetZ": 0.0, "rotationX": 0.0, "rotationY": 0.0, "rotationZ": 0.0 },
						"L front leg": { "offsetX": -0.6000000089406967, "offsetY": -0.6000000089406967, "offsetZ": 0.0, "rotationX": 0.0, "rotationY": 1.0, "rotationZ": -33.0 },
						"L front foot": { "offsetX": 0.0, "offsetY": 0.0, "offsetZ": 0.0, "rotationX": 0.0, "rotationY": 0.0, "rotationZ": 39.0 },
						"R back leg": { "offsetX": -1.2000000178813934, "offsetY": 1.2000000178813934, "offsetZ": 0.0, "rotationX": 2.0, "rotationY": 0.0, "rotationZ": 11.0 },
						"R back foot": { "offsetX": 0.0, "offsetY": 0.0, "offsetZ": 0.0, "rotationX": 0.0, "rotationY": 0.0, "rotationZ": -30.0 },
						"L back leg": { "offsetX": 0.0, "offsetY": 0.0, "offsetZ": 0.0, "rotationX": 0.0, "rotationY": 2.0, "rotationZ": 8.0 },
						"L back foot": { "offsetX": 0.0, "offsetY": 0.0, "offsetZ": 0.0, "rotationX": 0.0, "rotationY": 0.0, "rotationZ": 0.0 },
						"tail": { "offsetX": 0.0, "offsetY": 0.0, "offsetZ": 0.0, "rotationX": 0.0, "rotationY": 0.0, "rotationZ": 0.0 }
					}
				},
				{
					"frame": 15,
					"elements": {
						"Body": { "offsetX": 0.0, "offsetY": 0.0, "offsetZ": 0.0, "rotationX": 2.0, "rotationY": -1.0, "rotationZ": 2.0 },
						"neck": { "offsetX": 0.0, "offsetY": 1.5, "offsetZ": 0.0, "rotationX": -2.0, "rotationY": 0.0, "rotationZ": 9.0 },
						"head": { "offsetX": 0.0, "offsetY": 0.0, "offsetZ": 0.0, "rotationX": 0.0, "rotationY": 0.0, "rotationZ": -14.0 },
						"R ear": { "offsetX": 0.0, "offsetY": 0.0, "offsetZ": 0.0, "rotationX": -8.0, "rotationY": -14.0, "rotationZ": 0.0 },
						"L ear": { "offsetX": 0.0, "offsetY": 0.0, "offsetZ": 0.0, "rotationX": 8.0, "rotationY": 14.0, "rotationZ": 0.0 },
						"R front leg": { "offsetX": 0.0, "offsetY": -0.6000000089406967, "offsetZ": 0.0, "rotationX": 0.0, "rotationY": 0.0, "rotationZ": 14.0 },
						"R front foot": { "offsetX": 0.0, "offsetY": 0.0, "offsetZ": 0.0, "rotationX": 0.0, "rotationY": 0.0, "rotationZ": 0.0 },
						"L front leg": { "offsetX": -1.2000000178813934, "offsetY": -1.2000000178813934, "offsetZ": 0.0, "rotationX": -2.0, "rotationY": 1.0, "rotationZ": -17.0 },
						"L front foot": { "offsetX": 0.0, "offsetY": 0.0, "offsetZ": 0.0, "rotationX": 0.0, "rotationY": 0.0, "rotationZ": -6.0 },
						"R back leg": { "offsetX": -2.400000035762787, "offsetY": -0.6000000089406967, "offsetZ": 0.0, "rotationX": 0.0, "rotationY": 0.0, "rotationZ": 8.0 },
						"R back foot": { "offsetX": 0.0, "offsetY": 0.0, "offsetZ": 0.0, "rotationX": 0.0, "rotationY": 0.0, "rotationZ": -33.0 },
						"L back leg": { "offsetX": 0.6000000089406967, "offsetY": -1.8000000268220901, "offsetZ": 0.0, "rotationX": -2.0, "rotationY": 1.0, "rotationZ": 14.0 },
						"L back foot": { "offsetX": 0.0, "offsetY": 0.0, "offsetZ": 0.0, "rotationX": 0.0, "rotationY": 0.0, "rotationZ": -2.0 },
						"tail": { "offsetX": 0.0, "offsetY": 0.0, "offsetZ": 0.0, "rotationX": 0.0, "rotationY": 0.0, "rotationZ": 19.0 }
					}
				},
				{
					"frame": 30,
					"elements": {
						"Body": { "offsetX": 0.0, "offsetY": 0.0, "offsetZ": 0.0, "rotationX": 0.0, "rotationY": 0.0, "rotationZ": 0.0 },
						"neck": { "offsetX": 0.0, "offsetY": 0.75, "offsetZ": 0.0, "rotationX": -2.0, "rotationY": 0.0, "rotationZ": 6.0 },
						"head": { "offsetX": 0.0, "offsetY": 0.0, "offsetZ": 0.0, "rotationX": 0.0, "rotationY": 0.0, "rotationZ": -8.0 },
						"R front leg": { "offsetX": 0.0, "offsetY": 0.0, "offsetZ": 0.0, "rotationX": 0.0, "rotationY": 0.0, "rotationZ": -8.0 },
						"R front foot": { "offsetX": 0.0, "offsetY": 0.0, "offsetZ": 0.0, "rotationX": 0.0, "rotationY": 0.0, "rotationZ": 30.0 },
						"L front leg": { "offsetX": -1.2000000178813934, "offsetY": 0.0, "offsetZ": 0.0, "rotationX": 0.0, "rotationY": 0.0, "rotationZ": -6.0 },
						"L front foot": { "offsetX": 0.0, "offsetY": 0.0, "offsetZ": 0.0, "rotationX": 0.0, "rotationY": 0.0, "rotationZ": -6.0 },
						"L back leg": { "offsetX": 0.0, "offsetY": -1.2000000178813934, "offsetZ": 0.0, "rotationX": 0.0, "rotationY": 0.0, "rotationZ": 17.0 },
						"L back foot": { "offsetX": 0.0, "offsetY": 0.0, "offsetZ": 0.0, "rotationX": 0.0, "rotationY": 0.0, "rotationZ": -19.0 },
						"tail": { "offsetX": 0.0, "offsetY": 0.0, "offsetZ": 0.0, "rotationX": 0.0, "rotationY": 0.0, "rotationZ": 11.0 }
					}
				},
				{
					"frame": 45,
					"elements": {
						"Body": { "offsetX": 0.0, "offsetY": 0.0, "offsetZ": 0.0, "rotationX": 2.0, "rotationY": 1.0, "rotationZ": -2.0 },
						"neck": { "offsetX": 0.0, "offsetY": 0.75, "offsetZ": 0.0, "rotationX": -2.0, "rotationY": 0.0, "rotationZ": 3.0 },
						"head": { "offsetX": 0.0, "offsetY": 0.0, "offsetZ": 0.0, "rotationX": 0.0, "rotationY": 0.0, "rotationZ": -3.0 },
						"L ear": { "offsetX": 0.0, "offsetY": 0.0, "offsetZ": 0.0, "rotationX": 0.0, "rotationY": 0.0, "rotationZ": 0.0 },
						"R ear": { "offsetX": 0.0, "offsetY": 0.0, "offsetZ": 0.0, "rotationX": 0.0, "rotationY": 0.0, "rotationZ": 0.0 },
						"R front leg": { "offsetX": -0.6000000089406967, "offsetY": -0.6000000089406967, "offsetZ": 0.0, "rotationX": 0.0, "rotationY": -1.0, "rotationZ": -33.0 },
						"R front foot": { "offsetX": 0.0, "offsetY": 0.0, "offsetZ": 0.0, "rotationX": 0.0, "rotationY": 0.0, "rotationZ": 39.0 },
						"L front leg": { "offsetX": -1.2000000178813934, "offsetY": 0.0, "offsetZ": 0.0, "rotationX": -2.0, "rotationY": 0.0, "rotationZ": 8.0 },
						"L front foot": { "offsetX": 0.0, "offsetY": 0.0, "offsetZ": 0.0, "rotationX": 0.0, "rotationY": 0.0, "rotationZ": 0.0 },
						"R back leg": { "offsetX": 0.0, "offsetY": 0.0, "offsetZ": 0.0, "rotationX": 0.0, "rotationY": -2.0, "rotationZ": 8.0 },
						"R back foot": { "offsetX": 0.0, "offsetY": 0.0, "offsetZ": 0.0, "rotationX": 0.0, "rotationY": 0.0, "rotationZ": 0.0 },
						"L back leg": { "offsetX": -1.2000000178813934, "offsetY": 1.2000000178813934, "offsetZ": 0.0, "rotationX": -2.0, "rotationY": 0.0, "rotationZ": 11.0 },
						"L back foot": { "offsetX": 0.0, "offsetY": 0.0, "offsetZ": 0.0, "rotationX": 0.0, "rotationY": 0.0, "rotationZ": -30.0 },
						"tail": { "offsetX": 0.0, "offsetY": 0.0, "offsetZ": 0.0, "rotationX": 0.0, "rotationY": 0.0, "rotationZ": 0.0 }
					}
				},
				{
					"frame": 60,
					"elements": {
						"Body": { "offsetX": 0.0, "offsetY": 0.0, "offsetZ": 0.0, "rotationX": -2.0, "rotationY": 1.0, "rotationZ": 2.0 },
						"neck": { "offsetX": 0.0, "offsetY": 1.5, "offsetZ": 0.0, "rotationX": 2.0, "rotationY": 0.0, "rotationZ": 9.0 },
						"head": { "offsetX": 0.0, "offsetY": 0.0, "offsetZ": 0.0, "rotationX": 0.0, "rotationY": 0.0, "rotationZ": -14.0 },
						"L ear": { "offsetX": 0.0, "offsetY": 0.0, "offsetZ": 0.0, "rotationX": 8.0, "rotationY": 14.0, "rotationZ": 0.0 },
						"R ear": { "offsetX": 0.0, "offsetY": 0.0, "offsetZ": 0.0, "rotationX": -8.0, "rotationY": -14.0, "rotationZ": 0.0 },
						"R front leg": { "offsetX": 0.0, "offsetY": -0.6000000089406967, "offsetZ": 0.0, "rotationX": 2.0, "rotationY": -1.0, "rotationZ": -17.0 },
						"R front foot": { "offsetX": 0.0, "offsetY": 0.0, "offsetZ": 0.0, "rotationX": 0.0, "rotationY": 0.0, "rotationZ": -6.0 },
						"L front leg": { "offsetX": 0.0, "offsetY": -0.6000000089406967, "offsetZ": 0.0, "rotationX": 0.0, "rotationY": 0.0, "rotationZ": 14.0 },
						"L front foot": { "offsetX": 0.0, "offsetY": 0.0, "offsetZ": 0.0, "rotationX": 0.0, "rotationY": 0.0, "rotationZ": 0.0 },
						"R back leg": { "offsetX": 0.6000000089406967, "offsetY": -1.8000000268220901, "offsetZ": 0.0, "rotationX": 2.0, "rotationY": -1.0, "rotationZ": 14.0 },
						"R back foot": { "offsetX": 0.0, "offsetY": 0.0, "offsetZ": 0.0, "rotationX": 0.0, "rotationY": 0.0, "rotationZ": -2.0 },
						"L back leg": { "offsetX": -2.400000035762787, "offsetY": -1.2000000178813934, "offsetZ": 0.0, "rotationX": 0.0, "rotationY": 0.0, "rotationZ": 8.0 },
						"L back foot": { "offsetX": 0.0, "offsetY": 0.0, "offsetZ": 0.0, "rotationX": 0.0, "rotationY": 0.0, "rotationZ": -33.0 },
						"tail": { "offsetX": 0.0, "offsetY": 0.0, "offsetZ": 0.0, "rotationX": 0.0, "rotationY": 0.0, "rotationZ": 14.0 }
					}
				},
				{
					"frame": 75,
					"elements": {
						"Body": { "offsetX": 0.0, "offsetY": 0.0, "offsetZ": 0.0, "rotationX": 0.0, "rotationY": 0.0, "rotationZ": 0.0 },
						"neck": { "offsetX": 0.0, "offsetY": 1.5, "offsetZ": 0.0, "rotationX": 2.0, "rotationY": 0.0, "rotationZ": 6.0 },
						"head": { "offsetX": 0.0, "offsetY": 0.0, "offsetZ": 0.0, "rotationX": 0.0, "rotationY": 0.0, "rotationZ": -8.0 },
						"R front leg": { "offsetX": -1.2000000178813934, "offsetY": 0.0, "offsetZ": 0.0, "rotationX": 0.0, "rotationY": 0.0, "rotationZ": -6.0 },
						"R front foot": { "offsetX": 0.0, "offsetY": 0.0, "offsetZ": 0.0, "rotationX": 0.0, "rotationY": 0.0, "rotationZ": -6.0 },
						"L front leg": { "offsetX": 0.0, "offsetY": 0.0, "offsetZ": 0.0, "rotationX": 0.0, "rotationY": 0.0, "rotationZ": -8.0 },
						"L front foot": { "offsetX": 0.0, "offsetY": 0.0, "offsetZ": 0.0, "rotationX": 0.0, "rotationY": 0.0, "rotationZ": 30.0 },
						"R back leg": { "offsetX": 0.0, "offsetY": -1.2000000178813934, "offsetZ": 0.0, "rotationX": 0.0, "rotationY": 0.0, "rotationZ": 17.0 },
						"R back foot": { "offsetX": 0.0, "offsetY": 0.0, "offsetZ": 0.0, "rotationX": 0.0, "rotationY": 0.0, "rotationZ": -19.0 },
						"tail": { "offsetX": 0.0, "offsetY": 0.0, "offsetZ": 0.0, "rotationX": 0.0, "rotationY": 0.0, "rotationZ": 11.0 }
					}
				}
			]
		},

		{
			"name": "Run",
			"code": "run",
			"quantityframes": 40,
			"onActivityStopped": "Rewind",
			"onAnimationEnd": "Repeat",
			"keyframes": [
				{
					"frame": 0,
					"elements": {
						"Body": { "offsetX": 4.800000071525574, "offsetY": -3.6000000536441803, "offsetZ": 0.0, "rotationX": 0.0, "rotationY": 0.0, "rotationZ": -6.0 },
						"neck": { "offsetX": 1.5, "offsetY": 0.0, "offsetZ": 0.0, "rotationX": 0.0, "rotationY": 0.0, "rotationZ": 11.0 },
						"head": { "offsetX": 0.0, "offsetY": 0.0, "offsetZ": 0.0, "rotationX": 0.0, "rotationY": 0.0, "rotationZ": 6.0 },
						"L ear": { "offsetX": 0.0, "offsetY": 0.0, "offsetZ": 0.0, "rotationX": 0.0, "rotationY": 0.0, "rotationZ": 0.0 },
						"R ear": { "offsetX": 0.0, "offsetY": 0.0, "offsetZ": 0.0, "rotationX": 0.0, "rotationY": 0.0, "rotationZ": 0.0 },
						"TOp": { "rotationX": 0.0, "rotationY": 0.0, "rotationZ": -6.0 },
						"R front leg": { "offsetX": -1.2000000178813934, "offsetY": 2.400000035762787, "offsetZ": 0.0, "rotationX": 0.0, "rotationY": 0.0, "rotationZ": -13.0 },
						"R front foot": { "offsetX": 0.0, "offsetY": 0.0, "offsetZ": 0.0, "rotationX": 0.0, "rotationY": 0.0, "rotationZ": 30.0 },
						"L front leg": { "offsetX": -1.2000000178813934, "offsetY": 2.400000035762787, "offsetZ": 0.0, "rotationX": 0.0, "rotationY": 0.0, "rotationZ": -13.0 },
						"L front foot": { "offsetX": 0.0, "offsetY": 0.0, "offsetZ": 0.0, "rotationX": 0.0, "rotationY": 0.0, "rotationZ": 11.0 },
						"R back leg": { "offsetX": 1.2000000178813934, "offsetY": 2.400000035762787, "offsetZ": 0.0, "rotationX": 0.0, "rotationY": 0.0, "rotationZ": 39.0 },
						"R back foot": { "offsetX": 0.0, "offsetY": 0.0, "offsetZ": 0.0, "rotationX": 0.0, "rotationY": 0.0, "rotationZ": -44.0 },
						"L back leg": { "offsetX": 1.2000000178813934, "offsetY": 3.0000000447034836, "offsetZ": 0.0, "rotationX": 0.0, "rotationY": 0.0, "rotationZ": 19.0 },
						"L back foot": { "offsetX": 0.0, "offsetY": 0.0, "offsetZ": 0.0, "rotationX": 0.0, "rotationY": 0.0, "rotationZ": -36.0 },
						"tail": { "offsetX": 0.0, "offsetY": 0.0, "offsetZ": 0.0, "rotationX": 0.0, "rotationY": 0.0, "rotationZ": 19.0 }
					}
				},
				{
					"frame": 10,
					"elements": {
						"Body": { "offsetX": -2.400000035762787, "offsetY": 0.0, "offsetZ": 0.0, "rotationX": 0.0, "rotationY": 0.0, "rotationZ": 0.0 },
						"neck": { "offsetX": 1.5, "offsetY": 3.0, "offsetZ": 0.0, "rotationX": 0.0, "rotationY": 0.0, "rotationZ": 19.0 },
						"head": { "offsetX": 0.0, "offsetY": 0.0, "offsetZ": 0.0, "rotationX": 0.0, "rotationY": 0.0, "rotationZ": -6.0 },
						"R ear": { "offsetX": 0.0, "offsetY": 0.0, "offsetZ": 0.0, "rotationX": -30.0, "rotationY": -14.0, "rotationZ": -22.0 },
						"L ear": { "offsetX": 0.0, "offsetY": 0.0, "offsetZ": 0.0, "rotationX": 30.0, "rotationY": 14.0, "rotationZ": -22.0 },
						"TOp": { "rotationX": 0.0, "rotationY": 0.0, "rotationZ": -17.0 },
						"R front leg": { "offsetX": 0.0, "offsetY": 0.0, "offsetZ": 0.0, "rotationX": 0.0, "rotationY": 0.0, "rotationZ": 30.0 },
						"R front foot": { "offsetX": 0.0, "offsetY": 0.0, "offsetZ": 0.0, "rotationX": 0.0, "rotationY": 0.0, "rotationZ": 50.0 },
						"L front leg": { "offsetX": 0.0, "offsetY": 0.0, "offsetZ": 0.0, "rotationX": 0.0, "rotationY": 0.0, "rotationZ": 17.0 },
						"L front foot": { "offsetX": 0.0, "offsetY": 0.0, "offsetZ": 0.0, "rotationX": 0.0, "rotationY": 0.0, "rotationZ": 28.0 },
						"R back leg": { "offsetX": 0.0, "offsetY": 0.0, "offsetZ": 0.0, "rotationX": 0.0, "rotationY": 0.0, "rotationZ": 42.0 },
						"R back foot": { "offsetX": 0.0, "offsetY": 0.0, "offsetZ": 0.0, "rotationX": 0.0, "rotationY": 0.0, "rotationZ": -6.0 },
						"L back leg": { "offsetX": 0.0, "offsetY": 0.0, "offsetZ": 0.0, "rotationX": 0.0, "rotationY": 0.0, "rotationZ": 30.0 },
						"L back foot": { "offsetX": 0.0, "offsetY": 0.0, "offsetZ": 0.0, "rotationX": 0.0, "rotationY": 0.0, "rotationZ": -11.0 },
						"tail": { "offsetX": 0.0, "offsetY": 0.0, "offsetZ": 0.0, "rotationX": 0.0, "rotationY": 0.0, "rotationZ": 0.0 }
					}
				},
				{
					"frame": 20,
					"elements": {
						"Body": { "offsetX": -3.6000000536441803, "offsetY": 0.0, "offsetZ": 0.0, "rotationX": 0.0, "rotationY": 0.0, "rotationZ": 6.0 },
						"neck": { "rotationX": 0.0, "rotationY": 0.0, "rotationZ": 30.0 },
						"head": { "offsetX": 0.0, "offsetY": 0.0, "offsetZ": 0.0, "rotationX": 0.0, "rotationY": 0.0, "rotationZ": 0.0 },
						"R ear": { "offsetX": 0.0, "offsetY": 0.0, "offsetZ": 0.0, "rotationX": -18.0, "rotationY": -8.4, "rotationZ": -13.2 },
						"L ear": { "offsetX": 0.0, "offsetY": 0.0, "offsetZ": 0.0, "rotationX": 18.0, "rotationY": 8.4, "rotationZ": -13.2 },
						"R front leg": { "offsetX": 0.0, "offsetY": 0.0, "offsetZ": 0.0, "rotationX": 0.0, "rotationY": 0.0, "rotationZ": -47.0 },
						"R front foot": { "offsetX": 0.0, "offsetY": 0.0, "offsetZ": 0.0, "rotationX": 0.0, "rotationY": 0.0, "rotationZ": 80.0 },
						"L front leg": { "offsetX": 0.0, "offsetY": 0.0, "offsetZ": 0.0, "rotationX": 0.0, "rotationY": 0.0, "rotationZ": -8.0 },
						"L front foot": { "offsetX": 0.0, "offsetY": 0.0, "offsetZ": 0.0, "rotationX": 0.0, "rotationY": 0.0, "rotationZ": 61.0 },
						"R back leg": { "offsetX": 0.0, "offsetY": 1.2000000178813934, "offsetZ": 0.0, "rotationX": 0.0, "rotationY": 0.0, "rotationZ": 28.0 },
						"R back foot": { "offsetX": 0.0, "offsetY": 0.0, "offsetZ": 0.0, "rotationX": 0.0, "rotationY": 0.0, "rotationZ": -61.0 },
						"L back leg": { "offsetX": 0.0, "offsetY": 1.2000000178813934, "offsetZ": 0.0, "rotationX": 0.0, "rotationY": 0.0, "rotationZ": 36.0 },
						"L back foot": { "offsetX": 0.0, "offsetY": 0.0, "offsetZ": 0.0, "rotationX": 0.0, "rotationY": 0.0, "rotationZ": -55.0 },
						"tail": { "offsetX": 0.0, "offsetY": 0.0, "offsetZ": 0.0, "rotationX": 0.0, "rotationY": 0.0, "rotationZ": 17.0 }
					}
				},
				{
					"frame": 30,
					"elements": {
						"Body": { "offsetX": -3.6000000536441803, "offsetY": -2.400000035762787, "offsetZ": 0.0, "rotationX": 0.0, "rotationY": 0.0, "rotationZ": 6.0 },
						"neck": { "offsetX": 3.0, "offsetY": 4.5, "offsetZ": 0.0, "rotationX": 0.0, "rotationY": 0.0, "rotationZ": 28.0 },
						"head": { "offsetX": 0.0, "offsetY": 0.0, "offsetZ": 0.0, "rotationX": 0.0, "rotationY": 0.0, "rotationZ": -11.0 },
						"R ear": { "offsetX": 0.0, "offsetY": 0.0, "offsetZ": 0.0, "rotationX": -7.714, "rotationY": -3.6, "rotationZ": -5.657 },
						"L ear": { "offsetX": 0.0, "offsetY": 0.0, "offsetZ": 0.0, "rotationX": 7.714, "rotationY": 3.6, "rotationZ": -5.657 },
						"R front leg": { "offsetX": -1.2000000178813934, "offsetY": 1.2000000178813934, "offsetZ": 0.0, "rotationX": 0.0, "rotationY": 0.0, "rotationZ": -53.0 },
						"R front foot": { "offsetX": 0.0, "offsetY": 0.0, "offsetZ": 0.0, "rotationX": 0.0, "rotationY": 0.0, "rotationZ": 17.0 },
						"L front leg": { "offsetX": -1.2000000178813934, "offsetY": 1.2000000178813934, "offsetZ": 0.0, "rotationX": 0.0, "rotationY": 0.0, "rotationZ": -47.0 },
						"L front foot": { "offsetX": 0.0, "offsetY": 0.0, "offsetZ": 0.0, "rotationX": 0.0, "rotationY": 0.0, "rotationZ": 28.0 },
						"R back leg": { "offsetX": -1.2000000178813934, "offsetY": 1.2000000178813934, "offsetZ": 0.0, "rotationX": 0.0, "rotationY": 0.0, "rotationZ": -17.0 },
						"R back foot": { "offsetX": 0.0, "offsetY": 0.0, "offsetZ": 0.0, "rotationX": 0.0, "rotationY": 0.0, "rotationZ": -30.0 },
						"L back leg": { "offsetX": -1.2000000178813934, "offsetY": 1.2000000178813934, "offsetZ": 0.0, "rotationX": 0.0, "rotationY": 0.0, "rotationZ": 8.0 },
						"L back foot": { "offsetX": 0.0, "offsetY": 0.0, "offsetZ": 0.0, "rotationX": 0.0, "rotationY": 0.0, "rotationZ": -36.0 },
						"tail": { "offsetX": 0.0, "offsetY": 0.0, "offsetZ": 0.0, "rotationX": 0.0, "rotationY": 0.0, "rotationZ": 8.0 }
					}
				}
			]
		},

		{
			"name": "Look",
			"code": "look",
			"quantityframes": 160,
			"onActivityStopped": "EaseOut",
			"onAnimationEnd": "Stop",
			"keyframes": [
				{
					"frame": 0,
					"elements": {
						"Body": { "offsetX": 0.0, "offsetY": 0.0, "offsetZ": 0.0, "rotationX": 0.0, "rotationY": 0.0, "rotationZ": 0.0 },
						"neck": { "offsetX": 0.0, "offsetY": 0.0, "offsetZ": 0.0, "rotationX": 0.0, "rotationY": 0.0, "rotationZ": 0.0 },
						"head": { "offsetX": 0.0, "offsetY": 0.0, "offsetZ": 0.0, "rotationX": 0.0, "rotationY": 0.0, "rotationZ": 0.0 },
						"R front leg": { "offsetX": 0.0, "offsetY": 0.0, "offsetZ": 0.0, "rotationX": 0.0, "rotationY": 0.0, "rotationZ": 0.0 },
						"R front foot": { "offsetX": 0.0, "offsetY": 0.0, "offsetZ": 0.0, "rotationX": 0.0, "rotationY": 0.0, "rotationZ": 0.0 },
						"L front leg": { "offsetX": 0.0, "offsetY": 0.0, "offsetZ": 0.0, "rotationX": 0.0, "rotationY": 0.0, "rotationZ": 0.0 },
						"L front foot": { "offsetX": 0.0, "offsetY": 0.0, "offsetZ": 0.0, "rotationX": 0.0, "rotationY": 0.0, "rotationZ": 0.0 },
						"R back leg": { "offsetX": 0.0, "offsetY": 0.0, "offsetZ": 0.0, "rotationX": 0.0, "rotationY": 0.0, "rotationZ": 0.0 },
						"R back foot": { "offsetX": 0.0, "offsetY": 0.0, "offsetZ": 0.0, "rotationX": 0.0, "rotationY": 0.0, "rotationZ": 0.0 },
						"L back leg": { "offsetX": 0.0, "offsetY": 0.0, "offsetZ": 0.0, "rotationX": 0.0, "rotationY": 0.0, "rotationZ": 0.0 },
						"L back foot": { "offsetX": 0.0, "offsetY": 0.0, "offsetZ": 0.0, "rotationX": 0.0, "rotationY": 0.0, "rotationZ": 0.0 },
						"tail": { "offsetX": 0.0, "offsetY": 0.0, "offsetZ": 0.0, "rotationX": 0.0, "rotationY": 0.0, "rotationZ": 0.0 }
					}
				},
				{
					"frame": 25,
					"elements": {
						"Body": { "offsetX": 0.0, "offsetY": 0.0, "offsetZ": 0.0, "rotationX": -2.0, "rotationY": 2.0, "rotationZ": -1.0 },
						"neck": { "offsetX": 0.0, "offsetY": 0.0, "offsetZ": 0.0, "rotationX": 3.0, "rotationY": 19.0, "rotationZ": -2.0 },
						"head": { "offsetX": 0.0, "offsetY": 0.0, "offsetZ": 0.0, "rotationX": -14.0, "rotationY": 2.0, "rotationZ": 0.0 },
						"R front leg": { "offsetX": 0.0, "offsetY": 0.0, "offsetZ": 0.0, "rotationX": 2.0, "rotationY": 0.0, "rotationZ": 1.0 },
						"R front foot": { "offsetX": 0.0, "offsetY": 0.0, "offsetZ": 0.0, "rotationX": 0.0, "rotationY": 0.0, "rotationZ": 0.0 },
						"L front leg": { "offsetX": 0.0, "offsetY": 0.0, "offsetZ": 0.0, "rotationX": 2.0, "rotationY": 0.0, "rotationZ": 1.0 },
						"L front foot": { "offsetX": 0.0, "offsetY": 0.0, "offsetZ": 0.0, "rotationX": 0.0, "rotationY": 0.0, "rotationZ": 0.0 },
						"R back leg": { "offsetX": 0.0, "offsetY": 0.0, "offsetZ": 0.0, "rotationX": 2.0, "rotationY": 0.0, "rotationZ": 1.0 },
						"R back foot": { "offsetX": 0.0, "offsetY": 0.0, "offsetZ": 0.0, "rotationX": 0.0, "rotationY": 0.0, "rotationZ": 0.0 },
						"L back leg": { "offsetX": 0.0, "offsetY": 0.0, "offsetZ": 0.0, "rotationX": 2.0, "rotationY": 0.0, "rotationZ": 1.0 },
						"L back foot": { "offsetX": 0.0, "offsetY": 0.0, "offsetZ": 0.0, "rotationX": 0.0, "rotationY": 0.0, "rotationZ": 0.0 },
						"tail": { "offsetX": 0.0, "offsetY": 0.0, "offsetZ": 0.0, "rotationX": 0.0, "rotationY": 0.0, "rotationZ": 0.0 }
					}
				},
				{
					"frame": 70,
					"elements": {
						"Body": { "offsetX": 0.0, "offsetY": 0.0, "offsetZ": 0.0, "rotationX": -2.0, "rotationY": 2.0, "rotationZ": 0.0 },
						"neck": { "offsetX": 0.0, "offsetY": 0.0, "offsetZ": 0.0, "rotationX": 3.0, "rotationY": 19.0, "rotationZ": -2.0 },
						"head": { "offsetX": 0.0, "offsetY": 0.0, "offsetZ": 0.0, "rotationX": -14.0, "rotationY": 2.0, "rotationZ": 0.0 },
						"R front leg": { "offsetX": 0.0, "offsetY": 0.0, "offsetZ": 0.0, "rotationX": 2.0, "rotationY": 0.0, "rotationZ": 0.0 },
						"R front foot": { "offsetX": 0.0, "offsetY": 0.0, "offsetZ": 0.0, "rotationX": 0.0, "rotationY": 0.0, "rotationZ": 0.0 },
						"L front leg": { "offsetX": 0.0, "offsetY": 0.0, "offsetZ": 0.0, "rotationX": 2.0, "rotationY": 0.0, "rotationZ": 0.0 },
						"L front foot": { "offsetX": 0.0, "offsetY": 0.0, "offsetZ": 0.0, "rotationX": 0.0, "rotationY": 0.0, "rotationZ": 0.0 },
						"R back leg": { "offsetX": 0.0, "offsetY": 0.0, "offsetZ": 0.0, "rotationX": 2.0, "rotationY": 0.0, "rotationZ": 0.0 },
						"R back foot": { "offsetX": 0.0, "offsetY": 0.0, "offsetZ": 0.0, "rotationX": 0.0, "rotationY": 0.0, "rotationZ": 0.0 },
						"L back leg": { "offsetX": 0.0, "offsetY": 0.0, "offsetZ": 0.0, "rotationX": 2.0, "rotationY": 0.0, "rotationZ": 0.0 },
						"L back foot": { "offsetX": 0.0, "offsetY": 0.0, "offsetZ": 0.0, "rotationX": 0.0, "rotationY": 0.0, "rotationZ": 0.0 },
						"tail": { "offsetX": 0.0, "offsetY": 0.0, "offsetZ": 0.0, "rotationX": 0.0, "rotationY": 0.0, "rotationZ": 0.0 }
					}
				},
				{
					"frame": 90,
					"elements": {
						"Body": { "offsetX": 0.0, "offsetY": 0.0, "offsetZ": 0.0, "rotationX": -3.0, "rotationY": 3.0, "rotationZ": -1.0 },
						"neck": { "offsetX": 0.0, "offsetY": 0.0, "offsetZ": 0.0, "rotationX": 2.0, "rotationY": 20.0, "rotationZ": -3.0 },
						"head": { "offsetX": 0.0, "offsetY": 0.0, "offsetZ": 0.0, "rotationX": -22.0, "rotationY": -2.0, "rotationZ": 0.0 },
						"R front leg": { "offsetX": 0.0, "offsetY": 0.0, "offsetZ": 0.0, "rotationX": 3.0, "rotationY": 0.0, "rotationZ": 1.0 },
						"R front foot": { "offsetX": 0.0, "offsetY": 0.0, "offsetZ": 0.0, "rotationX": 0.0, "rotationY": 0.0, "rotationZ": 0.0 },
						"L front leg": { "offsetX": 0.0, "offsetY": 0.0, "offsetZ": 0.0, "rotationX": 3.0, "rotationY": 0.0, "rotationZ": 1.0 },
						"L front foot": { "offsetX": 0.0, "offsetY": 0.0, "offsetZ": 0.0, "rotationX": 0.0, "rotationY": 0.0, "rotationZ": 0.0 },
						"R back leg": { "offsetX": 0.0, "offsetY": 0.0, "offsetZ": 0.0, "rotationX": 3.0, "rotationY": 0.0, "rotationZ": 1.0 },
						"R back foot": { "offsetX": 0.0, "offsetY": 0.0, "offsetZ": 0.0, "rotationX": 0.0, "rotationY": 0.0, "rotationZ": 0.0 },
						"L back leg": { "offsetX": 0.0, "offsetY": 0.0, "offsetZ": 0.0, "rotationX": 3.0, "rotationY": 0.0, "rotationZ": 1.0 },
						"L back foot": { "offsetX": 0.0, "offsetY": 0.0, "offsetZ": 0.0, "rotationX": 0.0, "rotationY": 0.0, "rotationZ": 0.0 },
						"tail": { "offsetX": 0.0, "offsetY": 0.0, "offsetZ": 0.0, "rotationX": 0.0, "rotationY": 0.0, "rotationZ": 0.0 }
					}
				},
				{
					"frame": 135,
					"elements": {
						"Body": { "offsetX": 0.0, "offsetY": 0.0, "offsetZ": 0.0, "rotationX": -3.0, "rotationY": 3.0, "rotationZ": 0.0 },
						"neck": { "offsetX": 0.0, "offsetY": 0.0, "offsetZ": 0.0, "rotationX": 2.0, "rotationY": 20.0, "rotationZ": -3.0 },
						"head": { "offsetX": 0.0, "offsetY": 0.0, "offsetZ": 0.0, "rotationX": -22.0, "rotationY": -2.0, "rotationZ": 0.0 },
						"R front leg": { "offsetX": 0.0, "offsetY": 0.0, "offsetZ": 0.0, "rotationX": 3.0, "rotationY": 0.0, "rotationZ": 0.0 },
						"R front foot": { "offsetX": 0.0, "offsetY": 0.0, "offsetZ": 0.0, "rotationX": 0.0, "rotationY": 0.0, "rotationZ": 0.0 },
						"L front leg": { "offsetX": 0.0, "offsetY": 0.0, "offsetZ": 0.0, "rotationX": 3.0, "rotationY": 0.0, "rotationZ": 0.0 },
						"L front foot": { "offsetX": 0.0, "offsetY": 0.0, "offsetZ": 0.0, "rotationX": 0.0, "rotationY": 0.0, "rotationZ": 0.0 },
						"R back leg": { "offsetX": 0.0, "offsetY": 0.0, "offsetZ": 0.0, "rotationX": 3.0, "rotationY": 0.0, "rotationZ": 0.0 },
						"R back foot": { "offsetX": 0.0, "offsetY": 0.0, "offsetZ": 0.0, "rotationX": 0.0, "rotationY": 0.0, "rotationZ": 0.0 },
						"L back leg": { "offsetX": 0.0, "offsetY": 0.0, "offsetZ": 0.0, "rotationX": 3.0, "rotationY": 0.0, "rotationZ": 0.0 },
						"L back foot": { "offsetX": 0.0, "offsetY": 0.0, "offsetZ": 0.0, "rotationX": 0.0, "rotationY": 0.0, "rotationZ": 0.0 },
						"tail": { "offsetX": 0.0, "offsetY": 0.0, "offsetZ": 0.0, "rotationX": 0.0, "rotationY": 0.0, "rotationZ": 0.0 }
					}
				}
			]
		},

		{
			"name": "Idle",
			"code": "idle",
			"quantityframes": 80,
			"onActivityStopped": "EaseOut",
			"onAnimationEnd": "Repeat",
			"keyframes": [
				{
					"frame": 0,
					"elements": {
						"Body": { "offsetX": 0.0, "offsetY": 0.0, "offsetZ": 0.0, "rotationX": 0.0, "rotationY": 0.0, "rotationZ": 0.0 },
						"neck": { "offsetX": 0.0, "offsetY": 0.0, "offsetZ": 0.0, "rotationX": 0.0, "rotationY": 0.0, "rotationZ": 0.0 },
						"head": { "offsetX": 0.0, "offsetY": 0.0, "offsetZ": 0.0, "rotationX": 0.0, "rotationY": 0.0, "rotationZ": 0.0 },
						"R ear": { "offsetX": 0.0, "offsetY": 0.0, "offsetZ": 0.0, "rotationX": 0.0, "rotationY": 0.0, "rotationZ": 0.0 },
						"L ear": { "offsetX": 0.0, "offsetY": 0.0, "offsetZ": 0.0, "rotationX": 0.0, "rotationY": 0.0, "rotationZ": 0.0 },
						"R front leg": { "offsetX": 0.0, "offsetY": 0.0, "offsetZ": 0.0, "rotationX": 0.0, "rotationY": 0.0, "rotationZ": 1.0 },
						"R front foot": { "offsetX": 0.0, "offsetY": 0.0, "offsetZ": 0.0, "rotationX": 0.0, "rotationY": 0.0, "rotationZ": -1.0 },
						"L front leg": { "offsetX": 0.0, "offsetY": 0.0, "offsetZ": 0.0, "rotationX": 0.0, "rotationY": 0.0, "rotationZ": 1.0 },
						"L front foot": { "offsetX": 0.0, "offsetY": 0.0, "offsetZ": 0.0, "rotationX": 0.0, "rotationY": 0.0, "rotationZ": -1.0 },
						"R back leg": { "offsetX": 0.0, "offsetY": 0.0, "offsetZ": 0.0, "rotationX": 0.0, "rotationY": 0.0, "rotationZ": 0.0 },
						"R back foot": { "offsetX": 0.0, "offsetY": 0.0, "offsetZ": 0.0, "rotationX": 0.0, "rotationY": 0.0, "rotationZ": 0.0 },
						"L back leg": { "offsetX": 0.0, "offsetY": 0.0, "offsetZ": 0.0, "rotationX": 0.0, "rotationY": 0.0, "rotationZ": 0.0 },
						"L back foot": { "offsetX": 0.0, "offsetY": 0.0, "offsetZ": 0.0, "rotationX": 0.0, "rotationY": 0.0, "rotationZ": 0.0 },
						"tail": { "offsetX": 0.0, "offsetY": 0.0, "offsetZ": 0.0, "rotationX": 0.0, "rotationY": 0.0, "rotationZ": 0.0 }
					}
				},
				{
					"frame": 40,
					"elements": {
						"Body": { "offsetX": 0.0, "offsetY": 0.0, "offsetZ": 0.0, "rotationX": 0.0, "rotationY": 0.0, "rotationZ": -1.0 },
						"neck": { "offsetX": 0.0, "offsetY": 0.0, "offsetZ": 0.0, "rotationX": 0.0, "rotationY": 0.0, "rotationZ": -1.0 },
						"head": { "offsetX": 0.0, "offsetY": 0.0, "offsetZ": 0.0, "rotationX": 0.0, "rotationY": 0.0, "rotationZ": 3.0 },
						"R ear": { "offsetX": 0.0, "offsetY": 0.0, "offsetZ": 0.0, "rotationX": 0.0, "rotationY": -11.0, "rotationZ": 0.0 },
						"L ear": { "offsetX": 0.0, "offsetY": 0.0, "offsetZ": 0.0, "rotationX": 0.0, "rotationY": 11.0, "rotationZ": 0.0 },
						"R front leg": { "offsetX": 0.0, "offsetY": 0.0, "offsetZ": 0.0, "rotationX": 0.0, "rotationY": 0.0, "rotationZ": 2.0 },
						"R front foot": { "offsetX": 0.0, "offsetY": 0.0, "offsetZ": 0.0, "rotationX": 0.0, "rotationY": 0.0, "rotationZ": 0.0 },
						"L front leg": { "offsetX": 0.0, "offsetY": 0.0, "offsetZ": 0.0, "rotationX": 0.0, "rotationY": 0.0, "rotationZ": 2.0 },
						"L front foot": { "offsetX": 0.0, "offsetY": 0.0, "offsetZ": 0.0, "rotationX": 0.0, "rotationY": 0.0, "rotationZ": 0.0 },
						"R back leg": { "offsetX": 0.0, "offsetY": 0.0, "offsetZ": 0.0, "rotationX": 0.0, "rotationY": 0.0, "rotationZ": 2.0 },
						"R back foot": { "offsetX": 0.0, "offsetY": 0.0, "offsetZ": 0.0, "rotationX": 0.0, "rotationY": 0.0, "rotationZ": -1.0 },
						"L back leg": { "offsetX": 0.0, "offsetY": 0.0, "offsetZ": 0.0, "rotationX": 0.0, "rotationY": 0.0, "rotationZ": 2.0 },
						"L back foot": { "offsetX": 0.0, "offsetY": 0.0, "offsetZ": 0.0, "rotationX": 0.0, "rotationY": 0.0, "rotationZ": -1.0 },
						"tail": { "offsetX": 0.0, "offsetY": 0.0, "offsetZ": 0.0, "rotationX": 0.0, "rotationY": 0.0, "rotationZ": 6.0 }
					}
				}
			]
		},

		{
			"name": "Death",
			"code": "death",
			"quantityframes": 120,
			"onActivityStopped": "Stop",
			"onAnimationEnd": "Hold",
			"keyframes": [
				{
					"frame": 0,
					"elements": {
						"Body": { "offsetX": 0.0, "offsetY": 0.0, "offsetZ": 0.0, "rotationX": 0.0, "rotationY": 0.0, "rotationZ": 0.0 },
						"neck": { "offsetX": 0.0, "offsetY": 0.0, "offsetZ": 0.0, "rotationX": 0.0, "rotationY": 0.0, "rotationZ": 0.0 },
						"head": { "offsetX": 0.0, "offsetY": 0.0, "offsetZ": 0.0, "rotationX": 0.0, "rotationY": 0.0, "rotationZ": 0.0 },
						"R ear": { "offsetX": 0.0, "offsetY": 0.0, "offsetZ": 0.0, "rotationX": 0.0, "rotationY": 0.0, "rotationZ": 0.0 },
						"L ear": { "offsetX": 0.0, "offsetY": 0.0, "offsetZ": 0.0, "rotationX": 0.0, "rotationY": 0.0, "rotationZ": 0.0 },
						"R front leg": { "offsetX": 0.0, "offsetY": 0.0, "offsetZ": 0.0, "rotationX": 0.0, "rotationY": 0.0, "rotationZ": 0.0 },
						"R front foot": { "offsetX": 0.0, "offsetY": 0.0, "offsetZ": 0.0, "rotationX": 0.0, "rotationY": 0.0, "rotationZ": 0.0 },
						"L front leg": { "offsetX": 0.0, "offsetY": 0.0, "offsetZ": 0.0, "rotationX": 0.0, "rotationY": 0.0, "rotationZ": 0.0 },
						"L front foot": { "offsetX": 0.0, "offsetY": 0.0, "offsetZ": 0.0, "rotationX": 0.0, "rotationY": 0.0, "rotationZ": 0.0 },
						"R back leg": { "offsetX": 0.0, "offsetY": 0.0, "offsetZ": 0.0, "rotationX": 0.0, "rotationY": 0.0, "rotationZ": 0.0 },
						"R back foot": { "offsetX": 0.0, "offsetY": 0.0, "offsetZ": 0.0, "rotationX": 0.0, "rotationY": 0.0, "rotationZ": 0.0 },
						"L back leg": { "offsetX": 0.0, "offsetY": 0.0, "offsetZ": 0.0, "rotationX": 0.0, "rotationY": 0.0, "rotationZ": 0.0 },
						"L back foot": { "offsetX": 0.0, "offsetY": 0.0, "offsetZ": 0.0, "rotationX": 0.0, "rotationY": 0.0, "rotationZ": 0.0 },
						"tail": { "offsetX": 0.0, "offsetY": 0.0, "offsetZ": 0.0, "rotationX": 0.0, "rotationY": 0.0, "rotationZ": 0.0 }
					}
				},
				{
					"frame": 10,
					"elements": {
						"Body": { "offsetX": 2.400000035762787, "offsetY": 0.0, "offsetZ": 0.0, "rotationX": -4.0, "rotationY": -4.0, "rotationZ": -8.0 },
						"neck": { "offsetX": 0.0, "offsetY": -2.400000035762787, "offsetZ": 0.0, "rotationX": 2.0, "rotationY": 4.0, "rotationZ": -3.0 },
						"head": { "offsetX": 0.0, "offsetY": 0.0, "offsetZ": 0.0, "rotationX": -2.0, "rotationY": -3.0, "rotationZ": 25.0 },
						"R ear": { "offsetX": 0.0, "offsetY": 0.0, "offsetZ": 0.0, "rotationX": 6.0, "rotationY": -19.0, "rotationZ": 6.0 },
						"L ear": { "offsetX": 0.0, "offsetY": 0.0, "offsetZ": 0.0, "rotationX": -6.0, "rotationY": 19.0, "rotationZ": 6.0 },
						"R front leg": { "offsetX": 0.0, "offsetY": -0.6000000089406967, "offsetZ": 0.0, "rotationX": 4.0, "rotationY": 0.0, "rotationZ": 4.0 },
						"R front foot": { "offsetX": 0.0, "offsetY": 0.0, "offsetZ": 0.0, "rotationX": 0.0, "rotationY": 0.0, "rotationZ": 0.0 },
						"L front leg": { "offsetX": 0.0, "offsetY": -1.2000000178813934, "offsetZ": 0.0, "rotationX": 0.0, "rotationY": 0.0, "rotationZ": 4.0 },
						"L front foot": { "offsetX": 0.0, "offsetY": 0.0, "offsetZ": 0.0, "rotationX": 0.0, "rotationY": 0.0, "rotationZ": 0.0 },
						"R back leg": { "offsetX": 0.0, "offsetY": 1.2000000178813934, "offsetZ": 0.0, "rotationX": 2.0, "rotationY": 0.0, "rotationZ": 6.0 },
						"R back foot": { "offsetX": 0.0, "offsetY": 0.0, "offsetZ": 0.0, "rotationX": 0.0, "rotationY": 0.0, "rotationZ": -12.0 },
						"L back leg": { "offsetX": 0.0, "offsetY": 1.2000000178813934, "offsetZ": 0.0, "rotationX": 0.0, "rotationY": 0.0, "rotationZ": 7.0 },
						"L back foot": { "offsetX": 0.0, "offsetY": 0.0, "offsetZ": 0.0, "rotationX": 0.0, "rotationY": 0.0, "rotationZ": -10.0 },
						"tail": { "offsetX": 0.0, "offsetY": 0.0, "offsetZ": 0.0, "rotationX": 0.0, "rotationY": 0.0, "rotationZ": 58.0 }
					}
				},
				{
					"frame": 45,
					"elements": {
						"Body": { "offsetX": 1.2000000178813934, "offsetY": 0.0, "offsetZ": 0.0, "rotationX": 3.0, "rotationY": 6.0, "rotationZ": 2.0 },
						"neck": { "offsetX": 0.0, "offsetY": -2.400000035762787, "offsetZ": 0.0, "rotationX": 3.0, "rotationY": 5.0, "rotationZ": -1.0 },
						"head": { "offsetX": 0.0, "offsetY": 0.0, "offsetZ": 0.0, "rotationX": -3.0, "rotationY": -7.0, "rotationZ": 27.0 },
						"R ear": { "offsetX": 0.0, "offsetY": 0.0, "offsetZ": 0.0, "rotationX": 0.0, "rotationY": -8.0, "rotationZ": 3.0 },
						"L ear": { "offsetX": 0.0, "offsetY": 0.0, "offsetZ": 0.0, "rotationX": 0.0, "rotationY": 8.0, "rotationZ": 3.0 },
						"R front leg": { "offsetX": 0.0, "offsetY": 0.6000000089406967, "offsetZ": 0.0, "rotationX": 4.0, "rotationY": 2.0, "rotationZ": 3.0 },
						"R front foot": { "offsetX": 0.0, "offsetY": 0.0, "offsetZ": 0.0, "rotationX": 0.0, "rotationY": 0.0, "rotationZ": 6.0 },
						"L front leg": { "offsetX": 0.0, "offsetY": 0.0, "offsetZ": 0.0, "rotationX": -4.0, "rotationY": 4.0, "rotationZ": -8.0 },
						"L front foot": { "offsetX": 0.0, "offsetY": 0.0, "offsetZ": 0.0, "rotationX": -4.0, "rotationY": 0.0, "rotationZ": 8.0 },
						"R back leg": { "offsetX": 0.0, "offsetY": -0.6000000089406967, "offsetZ": 0.0, "rotationX": -6.0, "rotationY": 4.0, "rotationZ": 0.0 },
						"R back foot": { "offsetX": 0.0, "offsetY": 0.0, "offsetZ": 0.0, "rotationX": 0.0, "rotationY": 0.0, "rotationZ": -8.0 },
						"L back leg": { "offsetX": 0.0, "offsetY": -0.6000000089406967, "offsetZ": 0.0, "rotationX": -10.0, "rotationY": 10.0, "rotationZ": -8.0 },
						"L back foot": { "offsetX": 0.0, "offsetY": -0.6000000089406967, "offsetZ": 0.0, "rotationX": 0.0, "rotationY": 0.0, "rotationZ": -6.0 },
						"tail": { "offsetX": 0.0, "offsetY": 0.0, "offsetZ": 0.0, "rotationX": 0.0, "rotationY": 0.0, "rotationZ": 47.0 }
					}
				},
				{
					"frame": 70,
					"elements": {
						"Body": { "offsetX": -2.400000035762787, "offsetY": 4.800000071525574, "offsetZ": -10.800000160932541, "rotationX": -75.0, "rotationY": 6.0, "rotationZ": 40.0 },
						"neck": { "offsetX": 0.0, "offsetY": -1.2000000178813934, "offsetZ": 0.0, "rotationX": -8.0, "rotationY": -8.0, "rotationZ": 14.0 },
						"head": { "offsetX": 0.0, "offsetY": 0.0, "offsetZ": 0.0, "rotationX": 25.0, "rotationY": 22.0, "rotationZ": -3.0 },
						"R ear": { "offsetX": 0.0, "offsetY": 0.0, "offsetZ": 0.0, "rotationX": -19.0, "rotationY": 23.0, "rotationZ": 6.0 },
						"L ear": { "offsetX": 0.0, "offsetY": 0.0, "offsetZ": 0.0, "rotationX": 36.0, "rotationY": 17.0, "rotationZ": -28.0 },
						"R front leg": { "offsetX": 0.0, "offsetY": 1.2000000178813934, "offsetZ": 0.0, "rotationX": 4.0, "rotationY": 2.0, "rotationZ": 36.0 },
						"R front foot": { "offsetX": 0.0, "offsetY": 0.0, "offsetZ": 0.0, "rotationX": 0.0, "rotationY": 0.0, "rotationZ": 33.0 },
						"L front leg": { "offsetX": 0.0, "offsetY": 1.2000000178813934, "offsetZ": 0.0, "rotationX": 19.0, "rotationY": 4.0, "rotationZ": -6.0 },
						"L front foot": { "offsetX": 0.0, "offsetY": 0.0, "offsetZ": 0.0, "rotationX": -4.0, "rotationY": 0.0, "rotationZ": 33.0 },
						"R back leg": { "offsetX": 0.0, "offsetY": -0.6000000089406967, "offsetZ": 0.0, "rotationX": -6.0, "rotationY": 22.0, "rotationZ": 14.0 },
						"R back foot": { "offsetX": 0.0, "offsetY": 0.0, "offsetZ": 0.0, "rotationX": 8.0, "rotationY": 0.0, "rotationZ": -33.0 },
						"L back leg": { "offsetX": 0.0, "offsetY": -0.6000000089406967, "offsetZ": 0.0, "rotationX": 13.0, "rotationY": 28.0, "rotationZ": -8.0 },
						"L back foot": { "offsetX": 0.0, "offsetY": -0.6000000089406967, "offsetZ": 0.0, "rotationX": 0.0, "rotationY": 0.0, "rotationZ": -3.0 },
						"tail": { "offsetX": 0.0, "offsetY": 0.0, "offsetZ": 0.0, "rotationX": 8.0, "rotationY": 36.0, "rotationZ": 36.0 }
					}
				},
				{
					"frame": 72,
					"elements": {
						"Body": { "offsetX": -2.400000035762787, "offsetY": 4.800000071525574, "offsetZ": -11.040000164508818, "rotationX": -73.0, "rotationY": 3.0, "rotationZ": 40.0 },
						"neck": { "offsetX": 0.0, "offsetY": 0.0, "offsetZ": 0.0, "rotationX": -8.0, "rotationY": -8.0, "rotationZ": 14.0 },
						"head": { "offsetX": 0.0, "offsetY": 0.0, "offsetZ": 0.0, "rotationX": 25.0, "rotationY": 22.0, "rotationZ": -3.0 },
						"R ear": { "offsetX": 0.0, "offsetY": 0.0, "offsetZ": 0.0, "rotationX": -19.0, "rotationY": 23.0, "rotationZ": 6.0 },
						"L ear": { "offsetX": 0.0, "offsetY": 0.0, "offsetZ": 0.0, "rotationX": 36.0, "rotationY": 17.0, "rotationZ": -28.0 },
						"R front leg": { "offsetX": 0.0, "offsetY": 1.2000000178813934, "offsetZ": 0.0, "rotationX": 4.0, "rotationY": 2.0, "rotationZ": 36.0 },
						"R front foot": { "offsetX": 0.0, "offsetY": 0.0, "offsetZ": 0.0, "rotationX": 0.0, "rotationY": 0.0, "rotationZ": 33.0 },
						"L front leg": { "offsetX": 0.0, "offsetY": 1.2000000178813934, "offsetZ": 0.0, "rotationX": 19.0, "rotationY": 4.0, "rotationZ": -6.0 },
						"L front foot": { "offsetX": 0.0, "offsetY": 0.0, "offsetZ": 0.0, "rotationX": -4.0, "rotationY": 0.0, "rotationZ": 33.0 },
						"R back leg": { "offsetX": 0.0, "offsetY": -0.6000000089406967, "offsetZ": 0.0, "rotationX": -6.0, "rotationY": 22.0, "rotationZ": 14.0 },
						"R back foot": { "offsetX": 0.0, "offsetY": 0.0, "offsetZ": 0.0, "rotationX": 8.0, "rotationY": 0.0, "rotationZ": -33.0 },
						"L back leg": { "offsetX": 0.0, "offsetY": -0.6000000089406967, "offsetZ": 0.0, "rotationX": 13.0, "rotationY": 28.0, "rotationZ": -8.0 },
						"L back foot": { "offsetX": 0.0, "offsetY": -0.6000000089406967, "offsetZ": 0.0, "rotationX": 0.0, "rotationY": 0.0, "rotationZ": -3.0 },
						"tail": { "offsetX": 0.0, "offsetY": 0.0, "offsetZ": 0.0, "rotationX": 8.0, "rotationY": 36.0, "rotationZ": 36.0 }
					}
				},
				{
					"frame": 78,
					"elements": {
						"Body": { "offsetX": -2.400000035762787, "offsetY": 4.800000071525574, "offsetZ": -10.800000160932541, "rotationX": -75.0, "rotationY": 6.0, "rotationZ": 40.0 },
						"neck": { "offsetX": 0.0, "offsetY": 0.0, "offsetZ": 0.0, "rotationX": -8.0, "rotationY": -8.0, "rotationZ": 14.0 },
						"head": { "offsetX": 0.0, "offsetY": 0.0, "offsetZ": 0.0, "rotationX": 25.0, "rotationY": 22.0, "rotationZ": -3.0 },
						"R ear": { "offsetX": 0.0, "offsetY": 0.0, "offsetZ": 0.0, "rotationX": -19.0, "rotationY": 23.0, "rotationZ": 6.0 },
						"L ear": { "offsetX": 0.0, "offsetY": 0.0, "offsetZ": 0.0, "rotationX": 36.0, "rotationY": 17.0, "rotationZ": -28.0 },
						"R front leg": { "offsetX": 0.0, "offsetY": 1.2000000178813934, "offsetZ": 0.0, "rotationX": 4.0, "rotationY": 2.0, "rotationZ": 36.0 },
						"R front foot": { "offsetX": 0.0, "offsetY": 0.0, "offsetZ": 0.0, "rotationX": 0.0, "rotationY": 0.0, "rotationZ": 33.0 },
						"L front leg": { "offsetX": 0.0, "offsetY": 1.2000000178813934, "offsetZ": 0.0, "rotationX": 19.0, "rotationY": 4.0, "rotationZ": -6.0 },
						"L front foot": { "offsetX": 0.0, "offsetY": 0.0, "offsetZ": 0.0, "rotationX": -4.0, "rotationY": 0.0, "rotationZ": 33.0 },
						"R back leg": { "offsetX": 0.0, "offsetY": -0.6000000089406967, "offsetZ": 0.0, "rotationX": -6.0, "rotationY": 22.0, "rotationZ": 14.0 },
						"R back foot": { "offsetX": 0.0, "offsetY": 0.0, "offsetZ": 0.0, "rotationX": 8.0, "rotationY": 0.0, "rotationZ": -33.0 },
						"L back leg": { "offsetX": 0.0, "offsetY": -0.6000000089406967, "offsetZ": 0.0, "rotationX": 13.0, "rotationY": 28.0, "rotationZ": -8.0 },
						"L back foot": { "offsetX": 0.0, "offsetY": -0.6000000089406967, "offsetZ": 0.0, "rotationX": 0.0, "rotationY": 0.0, "rotationZ": -3.0 },
						"tail": { "offsetX": 0.0, "offsetY": 0.0, "offsetZ": 0.0, "rotationX": 8.0, "rotationY": 36.0, "rotationZ": 36.0 }
					}
				},
				{
					"frame": 119,
					"elements": {
						"Body": { "offsetX": -2.400000035762787, "offsetY": 4.800000071525574, "offsetZ": -10.800000160932541, "rotationX": -75.0, "rotationY": 6.0, "rotationZ": 40.0 },
						"neck": { "offsetX": 0.0, "offsetY": 0.0, "offsetZ": 0.0, "rotationX": -8.0, "rotationY": -8.0, "rotationZ": 14.0 },
						"head": { "offsetX": 0.0, "offsetY": 0.0, "offsetZ": 0.0, "rotationX": 25.0, "rotationY": 22.0, "rotationZ": -3.0 },
						"R ear": { "offsetX": 0.0, "offsetY": 0.0, "offsetZ": 0.0, "rotationX": -19.0, "rotationY": 23.0, "rotationZ": 6.0 },
						"L ear": { "offsetX": 0.0, "offsetY": 0.0, "offsetZ": 0.0, "rotationX": 36.0, "rotationY": 17.0, "rotationZ": -28.0 },
						"R front leg": { "offsetX": 0.0, "offsetY": 1.2000000178813934, "offsetZ": 0.0, "rotationX": 4.0, "rotationY": 2.0, "rotationZ": 36.0 },
						"R front foot": { "offsetX": 0.0, "offsetY": 0.0, "offsetZ": 0.0, "rotationX": 0.0, "rotationY": 0.0, "rotationZ": 33.0 },
						"L front leg": { "offsetX": 0.0, "offsetY": 1.2000000178813934, "offsetZ": 0.0, "rotationX": 19.0, "rotationY": 4.0, "rotationZ": -6.0 },
						"L front foot": { "offsetX": 0.0, "offsetY": 0.0, "offsetZ": 0.0, "rotationX": -4.0, "rotationY": 0.0, "rotationZ": 33.0 },
						"R back leg": { "offsetX": 0.0, "offsetY": -0.6000000089406967, "offsetZ": 0.0, "rotationX": -6.0, "rotationY": 22.0, "rotationZ": 14.0 },
						"R back foot": { "offsetX": 0.0, "offsetY": 0.0, "offsetZ": 0.0, "rotationX": 8.0, "rotationY": 0.0, "rotationZ": -33.0 },
						"L back leg": { "offsetX": 0.0, "offsetY": -0.6000000089406967, "offsetZ": 0.0, "rotationX": 13.0, "rotationY": 28.0, "rotationZ": -8.0 },
						"L back foot": { "offsetX": 0.0, "offsetY": -0.6000000089406967, "offsetZ": 0.0, "rotationX": 0.0, "rotationY": 0.0, "rotationZ": -3.0 },
						"tail": { "offsetX": 0.0, "offsetY": 0.0, "offsetZ": 0.0, "rotationX": 8.0, "rotationY": 36.0, "rotationZ": 36.0 }
					}
				}
			]
		},

		{
			"name": "Attack",
			"code": "attack",
			"quantityframes": 75,
			"onActivityStopped": "PlayTillEnd",
			"onAnimationEnd": "Stop",
			"keyframes": [
				{
					"frame": 0,
					"elements": {
						"Body": { "offsetX": 0.0, "offsetY": 0.0, "offsetZ": 0.0, "rotationX": 0.0, "rotationY": 0.0, "rotationZ": 0.0 },
						"neck": { "rotationX": 0.0, "rotationY": 0.0, "rotationZ": 0.0 },
						"head": { "offsetX": 0.0, "offsetY": 0.0, "offsetZ": 0.0, "rotationX": 0.0, "rotationY": 0.0, "rotationZ": 0.0 },
						"R ear": { "offsetX": 0.0, "offsetY": 0.0, "offsetZ": 0.0, "rotationX": 0.0, "rotationY": 0.0, "rotationZ": 0.0 },
						"L ear": { "offsetX": 0.0, "offsetY": 0.0, "offsetZ": 0.0, "rotationX": 0.0, "rotationY": 0.0, "rotationZ": 0.0 },
						"R front leg": { "offsetX": 0.0, "offsetY": 0.0, "offsetZ": 0.0, "rotationX": 0.0, "rotationY": 0.0, "rotationZ": 0.0 },
						"R front foot": { "offsetX": 0.0, "offsetY": 0.0, "offsetZ": 0.0, "rotationX": 0.0, "rotationY": 0.0, "rotationZ": 0.0 },
						"L front leg": { "offsetX": 0.0, "offsetY": 0.0, "offsetZ": 0.0, "rotationX": 0.0, "rotationY": 0.0, "rotationZ": 0.0 },
						"L front foot": { "offsetX": 0.0, "offsetY": 0.0, "offsetZ": 0.0, "rotationX": 0.0, "rotationY": 0.0, "rotationZ": 0.0 },
						"R back leg": { "offsetX": 0.0, "offsetY": 0.0, "offsetZ": 0.0, "rotationX": 0.0, "rotationY": 0.0, "rotationZ": 0.0 },
						"R back foot": { "offsetX": 0.0, "offsetY": 0.0, "offsetZ": 0.0, "rotationX": 0.0, "rotationY": 0.0, "rotationZ": 0.0 },
						"L back leg": { "offsetX": 0.0, "offsetY": 0.0, "offsetZ": 0.0, "rotationX": 0.0, "rotationY": 0.0, "rotationZ": 0.0 },
						"L back foot": { "offsetX": 0.0, "offsetY": 0.0, "offsetZ": 0.0, "rotationX": 0.0, "rotationY": 0.0, "rotationZ": 0.0 },
						"tail": { "offsetX": 0.0, "offsetY": 0.0, "offsetZ": 0.0, "rotationX": 0.0, "rotationY": 0.0, "rotationZ": 0.0 }
					}
				},
				{
					"frame": 7,
					"elements": {
						"L front leg": { "offsetX": 0.0, "offsetY": 2.400000035762787, "offsetZ": 0.0 },
						"R back foot": { "offsetX": 0.0, "offsetY": 1.2000000178813934, "offsetZ": 0.0 }
					}
				},
				{
					"frame": 15,
					"elements": {
						"R front leg": { "rotationX": 0.0, "rotationY": 0.0, "rotationZ": -16.0 },
						"L front leg": { "rotationX": 0.0, "rotationY": 0.0, "rotationZ": -10.0 },
						"L back leg": { "offsetX": 0.0, "offsetY": 0.0, "offsetZ": 0.0, "rotationX": 0.0, "rotationY": 0.0, "rotationZ": -10.0 },
						"R back foot": { "offsetX": 0.0, "offsetY": 0.0, "offsetZ": 0.0, "rotationX": 0.0, "rotationY": 0.0, "rotationZ": 5.0 }
					}
				},
				{
					"frame": 22,
					"elements": {
						"R front leg": { "offsetX": 0.0, "offsetY": 3.6000000536441803, "offsetZ": 0.0 },
						"L back leg": { "offsetX": 0.0, "offsetY": 1.2000000178813934, "offsetZ": 0.0 }
					}
				},
				{
					"frame": 30,
					"elements": {
						"Body": { "offsetX": 6.000000089406967, "offsetY": -2.400000035762787, "offsetZ": 0.0, "rotationX": 0.0, "rotationY": 0.0, "rotationZ": 12.0 },
						"neck": { "offsetX": 1.5, "offsetY": 1.5, "offsetZ": 0.0, "rotationX": 0.0, "rotationY": 0.0, "rotationZ": 10.0 },
						"head": { "offsetX": 0.0, "offsetY": 0.0, "offsetZ": 0.0, "rotationX": 0.0, "rotationY": 0.0, "rotationZ": -20.0 },
						"R ear": { "offsetX": 0.0, "offsetY": 0.0, "offsetZ": 0.0, "rotationX": 0.0, "rotationY": -10.0, "rotationZ": 0.0 },
						"L ear": { "offsetX": 0.0, "offsetY": 0.0, "offsetZ": 0.0, "rotationX": 0.0, "rotationY": 10.0, "rotationZ": 0.0 },
						"R front leg": { "offsetX": 0.0, "offsetY": 1.8000000268220901, "offsetZ": 0.0, "rotationX": 0.0, "rotationY": 0.0, "rotationZ": 0.0 },
						"R front foot": { "offsetX": 0.0, "offsetY": 0.0, "offsetZ": 0.0, "rotationX": 0.0, "rotationY": 0.0, "rotationZ": 5.0 },
						"L front leg": { "offsetX": 0.0, "offsetY": 1.8000000268220901, "offsetZ": 0.0, "rotationX": 0.0, "rotationY": 0.0, "rotationZ": -30.0 },
						"L front foot": { "offsetX": 0.0, "offsetY": 0.0, "offsetZ": 0.0, "rotationX": 0.0, "rotationY": 0.0, "rotationZ": 10.0 },
						"R back leg": { "offsetX": 0.0, "offsetY": -0.6000000089406967, "offsetZ": 0.0, "rotationX": 0.0, "rotationY": 0.0, "rotationZ": -10.0 },
						"R back foot": { "offsetX": 0.0, "offsetY": 0.0, "offsetZ": 0.0, "rotationX": 0.0, "rotationY": 0.0, "rotationZ": -5.0 },
						"L back leg": { "offsetX": 0.0, "offsetY": -1.2000000178813934, "offsetZ": 0.0, "rotationX": 0.0, "rotationY": 0.0, "rotationZ": 0.0 },
						"L back foot": { "offsetX": 0.0, "offsetY": 0.0, "offsetZ": 0.0, "rotationX": 0.0, "rotationY": 0.0, "rotationZ": 0.0 },
						"tail": { "offsetX": 0.0, "offsetY": 0.0, "offsetZ": 0.0, "rotationX": 0.0, "rotationY": 0.0, "rotationZ": 0.0 }
					}
				},
				{
					"frame": 35,
					"elements": {
						"R front leg": { "offsetX": 0.0, "offsetY": 3.6000000536441803, "offsetZ": 0.0 },
						"L back leg": { "offsetX": 0.0, "offsetY": 0.6000000089406967, "offsetZ": 0.0 }
					}
				},
				{
					"frame": 38,
					"elements": {
						"Body": { "offsetX": 2.160000032186508, "offsetY": -1.9200000286102297, "offsetZ": 0.0, "rotationX": 0.0, "rotationY": 0.0, "rotationZ": 9.2 },
						"neck": { "offsetX": 1.5, "offsetY": 1.5, "offsetZ": 0.0, "rotationX": 0.0, "rotationY": 0.0, "rotationZ": 18.0 },
						"head": { "offsetX": 0.0, "offsetY": 0.0, "offsetZ": 0.0, "rotationX": 0.0, "rotationY": 0.0, "rotationZ": -2.0 },
						"R ear": { "offsetX": 0.0, "offsetY": 0.0, "offsetZ": 0.0, "rotationX": -10.0, "rotationY": -20.0, "rotationZ": 0.0 },
						"L ear": { "offsetX": 0.0, "offsetY": 0.0, "offsetZ": 0.0, "rotationX": 10.0, "rotationY": 20.0, "rotationZ": 0.0 },
						"R front leg": { "offsetX": 0.0, "offsetY": 2.400000035762787, "offsetZ": 0.0, "rotationX": 0.0, "rotationY": 0.0, "rotationZ": -26.0 },
						"R front foot": { "offsetX": 0.0, "offsetY": 0.0, "offsetZ": 0.0, "rotationX": 0.0, "rotationY": 0.0, "rotationZ": 9.0 },
						"L front leg": { "offsetX": 0.0, "offsetY": 2.400000035762787, "offsetZ": 0.0, "rotationX": 0.0, "rotationY": 0.0, "rotationZ": -15.0 },
						"L front foot": { "offsetX": 0.0, "offsetY": 0.0, "offsetZ": 0.0, "rotationX": 0.0, "rotationY": 0.0, "rotationZ": 14.0 },
						"R back leg": { "offsetX": 0.0, "offsetY": -0.12000000178813935, "offsetZ": 0.0, "rotationX": 0.0, "rotationY": 0.0, "rotationZ": 0.0 },
						"R back foot": { "offsetX": 0.0, "offsetY": 0.0, "offsetZ": 0.0, "rotationX": 0.0, "rotationY": 0.0, "rotationZ": -7.0 },
						"L back leg": { "offsetX": 0.0, "offsetY": 0.0, "offsetZ": 0.0, "rotationX": 0.0, "rotationY": 0.0, "rotationZ": -10.0 },
						"L back foot": { "offsetX": 0.0, "offsetY": 0.0, "offsetZ": 0.0, "rotationX": 0.0, "rotationY": 0.0, "rotationZ": 0.0 },
						"tail": { "offsetX": 0.0, "offsetY": 0.0, "offsetZ": 0.0, "rotationX": 0.0, "rotationY": 0.0, "rotationZ": 0.0 }
					}
				},
				{
					"frame": 42,
					"elements": {
						"L front leg": { "offsetX": 0.0, "offsetY": 3.6000000536441803, "offsetZ": 0.0 },
						"R back leg": { "offsetX": 0.0, "offsetY": 1.2000000178813934, "offsetZ": 0.0 }
					}
				},
				{
					"frame": 45,
					"elements": {
						"Body": { "offsetX": -3.6000000536441803, "offsetY": -1.2000000178813934, "offsetZ": 0.0, "rotationX": 0.0, "rotationY": 0.0, "rotationZ": 5.0 },
						"neck": { "offsetX": 1.5, "offsetY": 1.5, "offsetZ": 0.0, "rotationX": 0.0, "rotationY": 0.0, "rotationZ": 19.0 },
						"head": { "offsetX": 0.0, "offsetY": 0.0, "offsetZ": 0.0, "rotationX": 0.0, "rotationY": 0.0, "rotationZ": 25.0 },
						"R ear": { "offsetX": 0.0, "offsetY": 0.0, "offsetZ": 0.0, "rotationX": 0.0, "rotationY": 0.0, "rotationZ": 0.0 },
						"L ear": { "offsetX": 0.0, "offsetY": 0.0, "offsetZ": 0.0, "rotationX": 0.0, "rotationY": 0.0, "rotationZ": 0.0 },
						"R front leg": { "offsetX": 0.0, "offsetY": 1.8000000268220901, "offsetZ": 0.0, "rotationX": 0.0, "rotationY": 0.0, "rotationZ": -5.0 },
						"R front foot": { "offsetX": 0.0, "offsetY": 0.0, "offsetZ": 0.0, "rotationX": 0.0, "rotationY": 0.0, "rotationZ": 15.0 },
						"L front leg": { "offsetX": 0.0, "offsetY": 1.8000000268220901, "offsetZ": 0.0, "rotationX": 0.0, "rotationY": 0.0, "rotationZ": -30.0 },
						"L front foot": { "offsetX": 0.0, "offsetY": 0.0, "offsetZ": 0.0, "rotationX": 0.0, "rotationY": 0.0, "rotationZ": 20.0 },
						"R back leg": { "offsetX": 0.0, "offsetY": 0.6000000089406967, "offsetZ": 0.0, "rotationX": 0.0, "rotationY": 0.0, "rotationZ": -10.0 },
						"R back foot": { "offsetX": 0.0, "offsetY": 0.0, "offsetZ": 0.0, "rotationX": 0.0, "rotationY": 0.0, "rotationZ": -10.0 },
						"L back leg": { "offsetX": 0.0, "offsetY": 0.0, "offsetZ": 0.0, "rotationX": 0.0, "rotationY": 0.0, "rotationZ": 10.0 },
						"L back foot": { "offsetX": 0.0, "offsetY": 0.0, "offsetZ": 0.0, "rotationX": 0.0, "rotationY": 0.0, "rotationZ": 0.0 },
						"tail": { "offsetX": 0.0, "offsetY": 0.0, "offsetZ": 0.0, "rotationX": 0.0, "rotationY": 0.0, "rotationZ": 0.0 }
					}
				},
				{
					"frame": 50,
					"elements": {
						"Body": { "offsetX": -6.000000089406967, "offsetY": -1.2000000178813934, "offsetZ": 0.0, "rotationX": 0.0, "rotationY": 0.0, "rotationZ": -10.0 },
						"neck": { "offsetX": 2.25, "offsetY": 1.5, "offsetZ": 0.0, "rotationX": 0.0, "rotationY": 0.0, "rotationZ": 20.0 },
						"head": { "offsetX": 0.0, "offsetY": 0.0, "offsetZ": 0.0, "rotationX": 0.0, "rotationY": 0.0, "rotationZ": 15.0 },
						"R ear": { "offsetX": 0.0, "offsetY": 0.0, "offsetZ": 0.0, "rotationX": 0.0, "rotationY": 0.0, "rotationZ": 0.0 },
						"L ear": { "offsetX": 0.0, "offsetY": 0.0, "offsetZ": 0.0, "rotationX": 0.0, "rotationY": 0.0, "rotationZ": 0.0 },
						"R front leg": { "offsetX": 0.0, "offsetY": -1.2000000178813934, "offsetZ": 0.0, "rotationX": 0.0, "rotationY": 0.0, "rotationZ": 15.0 },
						"R front foot": { "offsetX": 0.0, "offsetY": 0.0, "offsetZ": 0.0, "rotationX": 0.0, "rotationY": 0.0, "rotationZ": 15.0 },
						"L front leg": { "offsetX": 0.0, "offsetY": -1.2000000178813934, "offsetZ": 0.0, "rotationX": 0.0, "rotationY": 0.0, "rotationZ": 10.0 },
						"L front foot": { "offsetX": 0.0, "offsetY": 0.0, "offsetZ": 0.0, "rotationX": 0.0, "rotationY": 0.0, "rotationZ": 10.0 },
						"R back leg": { "offsetX": 0.0, "offsetY": 1.2000000178813934, "offsetZ": 0.0, "rotationX": 0.0, "rotationY": 0.0, "rotationZ": 5.0 },
						"R back foot": { "offsetX": 0.0, "offsetY": 0.0, "offsetZ": 0.0, "rotationX": 0.0, "rotationY": 0.0, "rotationZ": 0.0 },
						"L back leg": { "offsetX": 0.0, "offsetY": 0.0, "offsetZ": 0.0, "rotationX": 0.0, "rotationY": 0.0, "rotationZ": 30.0 },
						"L back foot": { "offsetX": 0.0, "offsetY": 0.0, "offsetZ": 0.0, "rotationX": 0.0, "rotationY": 0.0, "rotationZ": 0.0 },
						"tail": { "offsetX": 0.0, "offsetY": 0.0, "offsetZ": 0.0, "rotationX": 0.0, "rotationY": 0.0, "rotationZ": 0.0 }
					}
				},
				{
					"frame": 57,
					"elements": {
						"L front leg": { "offsetX": 0.0, "offsetY": -0.6000000089406967, "offsetZ": 0.0, "rotationX": 0.0, "rotationY": 0.0, "rotationZ": 0.0 }
					}
				},
				{
					"frame": 62,
					"elements": {
						"R back leg": { "offsetX": 0.0, "offsetY": 1.8000000268220901, "offsetZ": 0.0 }
					}
				},
				{
					"frame": 65,
					"elements": {
						"L front leg": { "offsetX": 0.0, "offsetY": 0.6000000089406967, "offsetZ": 0.0 }
					}
				}
			]
		},

		{
			"name": "Eat",
			"code": "eat",
			"quantityframes": 120,
			"onActivityStopped": "PlayTillEnd",
			"onAnimationEnd": "Stop",
			"keyframes": [
				{
					"frame": 0,
					"elements": {
						"Body": { "offsetX": 0.0, "offsetY": 0.0, "offsetZ": 0.0, "rotationX": 0.0, "rotationY": 0.0, "rotationZ": 0.0 },
						"neck": { "offsetX": 0.0, "offsetY": 0.0, "offsetZ": 0.0, "rotationX": 0.0, "rotationY": 0.0, "rotationZ": 0.0 },
						"head": { "offsetX": 0.0, "offsetY": 0.0, "offsetZ": 0.0, "rotationX": 0.0, "rotationY": 0.0, "rotationZ": 0.0 },
						"mouth down": { "offsetX": 0.0, "offsetY": 0.0, "offsetZ": 0.0, "rotationX": 0.0, "rotationY": 0.0, "rotationZ": 0.0 },
						"R ear": { "offsetX": 0.0, "offsetY": 0.0, "offsetZ": 0.0, "rotationX": 0.0, "rotationY": 0.0, "rotationZ": 0.0 },
						"L ear": { "offsetX": 0.0, "offsetY": 0.0, "offsetZ": 0.0, "rotationX": 0.0, "rotationY": 0.0, "rotationZ": 0.0 },
						"R front leg": { "offsetX": 0.0, "offsetY": 0.0, "offsetZ": 0.0, "rotationX": 0.0, "rotationY": 0.0, "rotationZ": 0.0 },
						"R front foot": { "offsetX": 0.0, "offsetY": 0.0, "offsetZ": 0.0, "rotationX": 0.0, "rotationY": 0.0, "rotationZ": 0.0 },
						"L front leg": { "offsetX": 0.0, "offsetY": 0.0, "offsetZ": 0.0, "rotationX": 0.0, "rotationY": 0.0, "rotationZ": 0.0 },
						"L front foot": { "offsetX": 0.0, "offsetY": 0.0, "offsetZ": 0.0, "rotationX": 0.0, "rotationY": 0.0, "rotationZ": 0.0 },
						"R back leg": { "offsetX": 0.0, "offsetY": 0.0, "offsetZ": 0.0, "rotationX": 0.0, "rotationY": 0.0, "rotationZ": 0.0 },
						"R back foot": { "offsetX": 0.0, "offsetY": 0.0, "offsetZ": 0.0, "rotationX": 0.0, "rotationY": 0.0, "rotationZ": 0.0 },
						"L back leg": { "offsetX": 0.0, "offsetY": 0.0, "offsetZ": 0.0, "rotationX": 0.0, "rotationY": 0.0, "rotationZ": 0.0 },
						"L back foot": { "offsetX": 0.0, "offsetY": 0.0, "offsetZ": 0.0, "rotationX": 0.0, "rotationY": 0.0, "rotationZ": 0.0 },
						"tail": { "offsetX": 0.0, "offsetY": 0.0, "offsetZ": 0.0, "rotationX": 0.0, "rotationY": 0.0, "rotationZ": 0.0 },
						"Front_body": { "rotationX": 0.0, "rotationY": 0.0, "rotationZ": -3.0 }
					}
				},
				{
					"frame": 8,
					"elements": {
						"L back leg": { "offsetX": 0.0, "offsetY": 0.0, "offsetZ": 0.0 }
					}
				},
				{
					"frame": 17,
					"elements": {
						"R front leg": { "offsetX": 0.0, "offsetY": 2.400000035762787, "offsetZ": 0.0 }
					}
				},
				{
					"frame": 35,
					"elements": {
						"Body": { "offsetX": 0.0, "offsetY": -1.2000000178813934, "offsetZ": 0.0, "rotationX": -3.0, "rotationY": 2.0, "rotationZ": 20.0 },
						"neck": { "offsetX": 9.75, "offsetY": 7.949999999999999, "offsetZ": 0.0, "rotationX": 3.0, "rotationY": -2.0, "rotationZ": 75.0 },
						"head": { "offsetX": 0.0, "offsetY": 0.0, "offsetZ": 0.0, "rotationX": 0.0, "rotationY": 0.0, "rotationZ": -40.0 },
						"mouth down": { "offsetX": 0.0, "offsetY": 0.0, "offsetZ": 0.0, "rotationX": 0.0, "rotationY": 0.0, "rotationZ": 0.0 },
						"R ear": { "offsetX": 0.0, "offsetY": 0.0, "offsetZ": 0.0, "rotationX": 0.0, "rotationY": 0.0, "rotationZ": 0.0 },
						"L ear": { "offsetX": 0.0, "offsetY": 0.0, "offsetZ": 0.0, "rotationX": 0.0, "rotationY": 0.0, "rotationZ": 0.0 },
						"R front leg": { "offsetX": 0.0, "offsetY": 2.400000035762787, "offsetZ": 0.0, "rotationX": 3.0, "rotationY": 0.0, "rotationZ": 10.0 },
						"R front foot": { "offsetX": 0.0, "offsetY": 0.0, "offsetZ": 0.0, "rotationX": 0.0, "rotationY": 0.0, "rotationZ": -10.0 },
						"L front leg": { "offsetX": 0.0, "offsetY": 2.400000035762787, "offsetZ": 0.0, "rotationX": 0.0, "rotationY": 0.0, "rotationZ": -15.0 },
						"L front foot": { "offsetX": 0.0, "offsetY": 0.0, "offsetZ": 0.0, "rotationX": 0.0, "rotationY": 0.0, "rotationZ": -10.0 },
						"R back leg": { "offsetX": 0.0, "offsetY": -1.2000000178813934, "offsetZ": 0.0, "rotationX": 3.0, "rotationY": 0.0, "rotationZ": -22.5 },
						"R back foot": { "offsetX": 0.0, "offsetY": 0.0, "offsetZ": 0.0, "rotationX": 0.0, "rotationY": 0.0, "rotationZ": 0.0 },
						"L back leg": { "offsetX": -1.2000000178813934, "offsetY": -2.400000035762787, "offsetZ": 0.0, "rotationX": 0.0, "rotationY": 0.0, "rotationZ": 0.0 },
						"L back foot": { "offsetX": 0.0, "offsetY": 0.0, "offsetZ": 0.0, "rotationX": 0.0, "rotationY": 0.0, "rotationZ": 0.0 },
						"tail": { "offsetX": 0.0, "offsetY": 0.0, "offsetZ": 0.0, "rotationX": 0.0, "rotationY": 0.0, "rotationZ": 0.0 }
					}
				},
				{
					"frame": 45,
					"elements": {
						"Body": { "offsetX": 0.0, "offsetY": -1.2000000178813934, "offsetZ": 0.0, "rotationX": -3.0, "rotationY": 2.0, "rotationZ": 22.0 },
						"neck": { "offsetX": 10.5, "offsetY": 6.8999999999999995, "offsetZ": 0.0, "rotationX": 3.0, "rotationY": -2.0, "rotationZ": 80.0 },
						"head": { "offsetX": -0.6000000089406967, "offsetY": 0.0, "offsetZ": 0.0, "rotationX": 0.0, "rotationY": 0.0, "rotationZ": -50.0 },
						"mouth down": { "offsetX": 0.0, "offsetY": 0.0, "offsetZ": 0.0, "rotationX": 0.0, "rotationY": 0.0, "rotationZ": 20.0 },
						"R ear": { "offsetX": 0.0, "offsetY": 0.0, "offsetZ": 0.0, "rotationX": 0.0, "rotationY": 0.0, "rotationZ": 0.0 },
						"L ear": { "offsetX": 0.0, "offsetY": 0.0, "offsetZ": 0.0, "rotationX": 0.0, "rotationY": 0.0, "rotationZ": 0.0 },
						"R front leg": { "offsetX": 0.0, "offsetY": 2.400000035762787, "offsetZ": 0.0, "rotationX": 3.0, "rotationY": 0.0, "rotationZ": 8.0 },
						"R front foot": { "offsetX": 0.0, "offsetY": 0.0, "offsetZ": 0.0, "rotationX": 0.0, "rotationY": 0.0, "rotationZ": -10.0 },
						"L front leg": { "offsetX": 0.0, "offsetY": 2.400000035762787, "offsetZ": 0.0, "rotationX": 0.0, "rotationY": 0.0, "rotationZ": -17.0 },
						"L front foot": { "offsetX": 0.0, "offsetY": 0.0, "offsetZ": 0.0, "rotationX": 0.0, "rotationY": 0.0, "rotationZ": -10.0 },
						"R back leg": { "offsetX": 0.0, "offsetY": -1.440000021457672, "offsetZ": 0.0, "rotationX": 3.0, "rotationY": 0.0, "rotationZ": -24.5 },
						"R back foot": { "offsetX": 0.0, "offsetY": 0.0, "offsetZ": 0.0, "rotationX": 0.0, "rotationY": 0.0, "rotationZ": 0.0 },
						"L back leg": { "offsetX": -1.2000000178813934, "offsetY": -2.640000039339066, "offsetZ": 0.0, "rotationX": 0.0, "rotationY": 0.0, "rotationZ": -2.0 },
						"L back foot": { "offsetX": 0.0, "offsetY": 0.0, "offsetZ": 0.0, "rotationX": 0.0, "rotationY": 0.0, "rotationZ": 0.0 },
						"tail": { "offsetX": 0.0, "offsetY": 0.0, "offsetZ": 0.0, "rotationX": 0.0, "rotationY": 0.0, "rotationZ": 0.0 }
					}
				},
				{
					"frame": 55,
					"elements": {
						"Body": { "offsetX": 0.0, "offsetY": -1.2000000178813934, "offsetZ": 0.0, "rotationX": -3.0, "rotationY": 2.0, "rotationZ": 20.0 },
						"neck": { "offsetX": 8.55, "offsetY": 6.1499999999999995, "offsetZ": 0.0, "rotationX": 3.0, "rotationY": -2.0, "rotationZ": 75.0 },
						"head": { "offsetX": -1.2000000178813934, "offsetY": 0.0, "offsetZ": 0.0, "rotationX": 0.0, "rotationY": 0.0, "rotationZ": -60.0 },
						"mouth down": { "offsetX": 0.0, "offsetY": 0.0, "offsetZ": 0.0, "rotationX": 0.0, "rotationY": 0.0, "rotationZ": 0.0 },
						"R ear": { "offsetX": 0.0, "offsetY": 0.0, "offsetZ": 0.0, "rotationX": 0.0, "rotationY": 0.0, "rotationZ": 0.0 },
						"L ear": { "offsetX": 0.0, "offsetY": 0.0, "offsetZ": 0.0, "rotationX": 0.0, "rotationY": 0.0, "rotationZ": 0.0 },
						"R front leg": { "offsetX": 0.0, "offsetY": 2.400000035762787, "offsetZ": 0.0, "rotationX": 3.0, "rotationY": 0.0, "rotationZ": 10.0 },
						"R front foot": { "offsetX": 0.0, "offsetY": 0.0, "offsetZ": 0.0, "rotationX": 0.0, "rotationY": 0.0, "rotationZ": -10.0 },
						"L front leg": { "offsetX": 0.0, "offsetY": 2.400000035762787, "offsetZ": 0.0, "rotationX": 0.0, "rotationY": 0.0, "rotationZ": -15.0 },
						"L front foot": { "offsetX": 0.0, "offsetY": 0.0, "offsetZ": 0.0, "rotationX": 0.0, "rotationY": 0.0, "rotationZ": -10.0 },
						"R back leg": { "offsetX": 0.0, "offsetY": -1.2000000178813934, "offsetZ": 0.0, "rotationX": 3.0, "rotationY": 0.0, "rotationZ": -22.5 },
						"R back foot": { "offsetX": 0.0, "offsetY": 0.0, "offsetZ": 0.0, "rotationX": 0.0, "rotationY": 0.0, "rotationZ": 0.0 },
						"L back leg": { "offsetX": -1.2000000178813934, "offsetY": -2.400000035762787, "offsetZ": 0.0, "rotationX": 0.0, "rotationY": 0.0, "rotationZ": 0.0 },
						"L back foot": { "offsetX": 0.0, "offsetY": 0.0, "offsetZ": 0.0, "rotationX": 0.0, "rotationY": 0.0, "rotationZ": 0.0 },
						"tail": { "offsetX": 0.0, "offsetY": 0.0, "offsetZ": 0.0, "rotationX": 0.0, "rotationY": 0.0, "rotationZ": 0.0 }
					}
				},
				{
					"frame": 63,
					"elements": {
						"mouth down": { "rotationX": 0.0, "rotationY": 0.0, "rotationZ": 8.0 }
					}
				},
				{
					"frame": 71,
					"elements": {
						"mouth down": { "rotationX": 0.0, "rotationY": 0.0, "rotationZ": 0.0 }
					}
				},
				{
					"frame": 75,
					"elements": {
						"L back leg": { "offsetX": 0.0, "offsetY": -1.2000000178813934, "offsetZ": 0.0 }
					}
				},
				{
					"frame": 79,
					"elements": {
						"mouth down": { "rotationX": 0.0, "rotationY": 0.0, "rotationZ": 8.0 },
						"R front leg": { "offsetX": 0.0, "offsetY": 2.400000035762787, "offsetZ": 0.0 }
					}
				},
				{
					"frame": 87,
					"elements": {
						"mouth down": { "rotationX": 0.0, "rotationY": 0.0, "rotationZ": 0.0 }
					}
				},
				{
					"frame": 95,
					"elements": {
						"mouth down": { "rotationX": 0.0, "rotationY": 0.0, "rotationZ": 8.0 }
					}
				},
				{
					"frame": 103,
					"elements": {
						"mouth down": { "rotationX": 0.0, "rotationY": 0.0, "rotationZ": 0.0 }
					}
				},
				{
					"frame": 110,
					"elements": {
						"Body": { "offsetX": 0.0, "offsetY": 0.0, "offsetZ": 0.0, "rotationX": 0.0, "rotationY": 0.0, "rotationZ": 0.0 },
						"neck": { "rotationX": 0.0, "rotationY": 0.0, "rotationZ": 0.0 },
						"head": { "offsetX": 0.0, "offsetY": 0.0, "offsetZ": 0.0, "rotationX": 0.0, "rotationY": 0.0, "rotationZ": 0.0 },
						"mouth down": { "offsetX": 0.0, "offsetY": 0.0, "offsetZ": 0.0, "rotationX": 0.0, "rotationY": 0.0, "rotationZ": 0.0 },
						"R ear": { "offsetX": 0.0, "offsetY": 0.0, "offsetZ": 0.0, "rotationX": 0.0, "rotationY": 0.0, "rotationZ": 0.0 },
						"L ear": { "offsetX": 0.0, "offsetY": 0.0, "offsetZ": 0.0, "rotationX": 0.0, "rotationY": 0.0, "rotationZ": 0.0 },
						"R front leg": { "offsetX": 0.0, "offsetY": 0.0, "offsetZ": 0.0, "rotationX": 0.0, "rotationY": 0.0, "rotationZ": 0.0 },
						"R front foot": { "offsetX": 0.0, "offsetY": 0.0, "offsetZ": 0.0, "rotationX": 0.0, "rotationY": 0.0, "rotationZ": 0.0 },
						"L front leg": { "offsetX": 0.0, "offsetY": 0.0, "offsetZ": 0.0, "rotationX": 0.0, "rotationY": 0.0, "rotationZ": 0.0 },
						"L front foot": { "offsetX": 0.0, "offsetY": 0.0, "offsetZ": 0.0, "rotationX": 0.0, "rotationY": 0.0, "rotationZ": 0.0 },
						"R back leg": { "offsetX": 0.0, "offsetY": 0.0, "offsetZ": 0.0, "rotationX": 0.0, "rotationY": 0.0, "rotationZ": 0.0 },
						"R back foot": { "offsetX": 0.0, "offsetY": 0.0, "offsetZ": 0.0, "rotationX": 0.0, "rotationY": 0.0, "rotationZ": 0.0 },
						"L back leg": { "offsetX": 0.0, "offsetY": 0.0, "offsetZ": 0.0, "rotationX": 0.0, "rotationY": 0.0, "rotationZ": 0.0 },
						"L back foot": { "offsetX": 0.0, "offsetY": 0.0, "offsetZ": 0.0, "rotationX": 0.0, "rotationY": 0.0, "rotationZ": 0.0 },
						"tail": { "offsetX": 0.0, "offsetY": 0.0, "offsetZ": 0.0, "rotationX": 0.0, "rotationY": 0.0, "rotationZ": 0.0 }
					}
				}
			]
		},

		{
			"name": "Hurt",
			"code": "hurt",
			"quantityframes": 30,
			"onActivityStopped": "PlayTillEnd",
			"onAnimationEnd": "Stop",
			"keyframes": [
				{
					"frame": 0,
					"elements": {
						"Body": { "offsetX": 0.0, "offsetY": 0.0, "offsetZ": 0.0, "rotationX": 0.0, "rotationY": 0.0, "rotationZ": 0.0 },
						"neck": { "offsetX": 0.0, "offsetY": 0.0, "offsetZ": 0.0, "rotationX": 0.0, "rotationY": 0.0, "rotationZ": 0.0 },
						"head": { "offsetX": 0.0, "offsetY": 0.0, "offsetZ": 0.0, "rotationX": 0.0, "rotationY": 0.0, "rotationZ": 0.0 },
						"mouth down": { "rotationX": 0.0, "rotationY": 0.0, "rotationZ": 0.0 },
						"R front leg": { "offsetX": 0.0, "offsetY": 0.0, "offsetZ": 0.0, "rotationX": 0.0, "rotationY": 0.0, "rotationZ": 0.0 },
						"R front foot": { "offsetX": 0.0, "offsetY": 0.0, "offsetZ": 0.0, "rotationX": 0.0, "rotationY": 0.0, "rotationZ": 0.0 },
						"L front leg": { "offsetX": 0.0, "offsetY": 0.0, "offsetZ": 0.0, "rotationX": 0.0, "rotationY": 0.0, "rotationZ": 0.0 },
						"L front foot": { "offsetX": 0.0, "offsetY": 0.0, "offsetZ": 0.0, "rotationX": 0.0, "rotationY": 0.0, "rotationZ": 0.0 },
						"R back leg": { "offsetX": 0.0, "offsetY": 0.0, "offsetZ": 0.0, "rotationX": 0.0, "rotationY": 0.0, "rotationZ": 0.0 },
						"R back foot": { "offsetX": 0.0, "offsetY": 0.0, "offsetZ": 0.0, "rotationX": 0.0, "rotationY": 0.0, "rotationZ": 0.0 },
						"L back leg": { "offsetX": 0.0, "offsetY": 0.0, "offsetZ": 0.0, "rotationX": 0.0, "rotationY": 0.0, "rotationZ": 0.0 },
						"L back foot": { "offsetX": 0.0, "offsetY": 0.0, "offsetZ": 0.0, "rotationX": 0.0, "rotationY": 0.0, "rotationZ": 0.0 },
						"tail": { "rotationX": 0.0, "rotationY": 0.0, "rotationZ": 0.0 }
					}
				},
				{
					"frame": 6,
					"elements": {
						"Body": { "offsetX": 0.0, "offsetY": 0.0, "offsetZ": 0.0, "rotationX": 1.0, "rotationY": -5.0, "rotationZ": -10.0 },
						"neck": { "offsetX": 0.0, "offsetY": 0.0, "offsetZ": 0.0, "rotationX": -2.0, "rotationY": 2.0, "rotationZ": -5.0 },
						"head": { "offsetX": 0.0, "offsetY": 0.0, "offsetZ": 0.0, "rotationX": 0.0, "rotationY": 0.0, "rotationZ": 15.0 },
						"mouth down": { "rotationX": 0.0, "rotationY": 0.0, "rotationZ": 0.0 },
						"R front leg": { "offsetX": 0.0, "offsetY": -1.2000000178813934, "offsetZ": 0.0, "rotationX": -3.0, "rotationY": 0.0, "rotationZ": 5.0 },
						"R front foot": { "offsetX": 0.0, "offsetY": 0.0, "offsetZ": 0.0, "rotationX": 0.0, "rotationY": 0.0, "rotationZ": 5.0 },
						"L front leg": { "offsetX": 0.0, "offsetY": 0.0, "offsetZ": 0.0, "rotationX": 0.0, "rotationY": 0.0, "rotationZ": -5.0 },
						"L front foot": { "offsetX": 0.0, "offsetY": 0.0, "offsetZ": 0.0, "rotationX": 0.0, "rotationY": 0.0, "rotationZ": 25.0 },
						"R back leg": { "offsetX": 0.0, "offsetY": 1.2000000178813934, "offsetZ": 0.0, "rotationX": 2.0, "rotationY": 0.0, "rotationZ": 15.0 },
						"R back foot": { "offsetX": 0.0, "offsetY": 0.0, "offsetZ": 0.0, "rotationX": 0.0, "rotationY": 0.0, "rotationZ": -7.0 },
						"L back leg": { "offsetX": 0.0, "offsetY": 1.2000000178813934, "offsetZ": 0.0, "rotationX": 1.0, "rotationY": 0.0, "rotationZ": 15.0 },
						"L back foot": { "offsetX": 0.0, "offsetY": 0.0, "offsetZ": 0.0, "rotationX": 0.0, "rotationY": 0.0, "rotationZ": -5.0 },
						"tail": { "rotationX": 0.0, "rotationY": 0.0, "rotationZ": 0.0 }
					}
				}
			]
		},

		{
			"name": "Sit",
			"code": "sit",
			"quantityframes": 30,
			"onActivityStopped": "EaseOut",
			"onAnimationEnd": "Repeat",
			"keyframes": [
				{
					"frame": 0,
					"elements": {
						"Body": { "offsetX": 0.0, "offsetY": -11.400000169873238, "offsetZ": 1.2000000178813934, "rotationX": 9.0, "rotationY": 0.0, "rotationZ": 0.0 },
						"neck": { "rotationX": 0.0, "rotationY": -28.0, "rotationZ": -8.0 },
						"head": { "rotationX": 30.0, "rotationY": -8.0, "rotationZ": 8.0 },
						"R front leg": { "rotationX": 33.0, "rotationY": 8.0, "rotationZ": -53.0 },
						"R front foot": { "rotationX": 0.0, "rotationY": 0.0, "rotationZ": 138.0 },
						"L front leg": { "rotationX": 33.0, "rotationY": 8.0, "rotationZ": -53.0 },
						"L front foot": { "rotationX": 0.0, "rotationY": 0.0, "rotationZ": 141.0 },
						"R back leg": { "offsetX": 0.0, "offsetY": 1.2000000178813934, "offsetZ": 0.0, "rotationX": 17.0, "rotationY": -19.0, "rotationZ": 11.0 },
						"R back foot": { "offsetX": 1.2000000178813934, "offsetY": 1.2000000178813934, "offsetZ": 0.0, "rotationX": 0.0, "rotationY": 0.0, "rotationZ": -91.0 },
						"L back leg": { "offsetX": 0.0, "offsetY": 1.2000000178813934, "offsetZ": 0.0, "rotationX": -11.0, "rotationY": 8.0, "rotationZ": 8.0 },
						"L back foot": { "offsetX": 1.2000000178813934, "offsetY": 0.0, "offsetZ": 0.0, "rotationX": 0.0, "rotationY": 0.0, "rotationZ": -94.0 },
						"Front_body": { "offsetX": 0.0, "offsetY": 2.25, "offsetZ": 0.0 }
					}
				},
				{
					"frame": 15,
					"elements": {
						"Body": { "offsetX": 0.0, "offsetY": -11.400000169873238, "offsetZ": 1.2000000178813934, "rotationX": 9.0, "rotationY": 0.0, "rotationZ": -1.0 },
						"neck": { "rotationX": 0.0, "rotationY": -28.0, "rotationZ": -7.0 },
						"head": { "rotationX": 30.0, "rotationY": -8.0, "rotationZ": 8.0 },
						"R front leg": { "rotationX": 33.0, "rotationY": 9.0, "rotationZ": -51.0 },
						"R front foot": { "rotationX": 0.0, "rotationY": 0.0, "rotationZ": 137.0 },
						"L front leg": { "rotationX": 33.0, "rotationY": 8.0, "rotationZ": -50.0 },
						"L front foot": { "rotationX": 0.0, "rotationY": 0.0, "rotationZ": 139.0 },
						"R back leg": { "offsetX": 0.12000000178813935, "offsetY": 1.320000019669533, "offsetZ": 0.0, "rotationX": 18.0, "rotationY": -19.0, "rotationZ": 12.0 },
						"R back foot": { "offsetX": 1.2000000178813934, "offsetY": 1.2000000178813934, "offsetZ": 0.0, "rotationX": 0.0, "rotationY": 0.0, "rotationZ": -91.0 },
						"L back leg": { "offsetX": 0.12000000178813935, "offsetY": 1.320000019669533, "offsetZ": 0.0, "rotationX": -11.0, "rotationY": 8.0, "rotationZ": 9.0 },
						"L back foot": { "offsetX": 1.2000000178813934, "offsetY": 0.0, "offsetZ": 0.0, "rotationX": 0.0, "rotationY": 0.0, "rotationZ": -94.0 }
					}
				}
			]
		},

		{
			"name": "Sleep",
			"code": "sleep",
			"quantityframes": 30,
			"onActivityStopped": "EaseOut",
			"onAnimationEnd": "Repeat",
			"keyframes": [
				{
					"frame": 0,
					"elements": {
						"Body": { "offsetX": 0.0, "offsetY": -8.25, "offsetZ": 0.0, "rotationX": 0.0, "rotationY": -5.0, "rotationZ": 5.0 },
						"neck": { "offsetX": 10.2, "offsetY": 5.4, "offsetZ": 0.0, "rotationX": 0.0, "rotationY": 5.0, "rotationZ": 72.0 },
						"head": { "offsetX": 0.0, "offsetY": 0.96, "offsetZ": 0.0, "rotationX": 0.0, "rotationY": 0.0, "rotationZ": -53.0 },
						"R front leg": { "offsetX": 1.2000000000000002, "offsetY": 2.4000000000000004, "offsetZ": 0.75, "rotationX": 6.0, "rotationY": 14.0, "rotationZ": 19.0 },
						"R front foot": { "rotationX": 0.0, "rotationY": 0.0, "rotationZ": -114.0 },
						"L front leg": { "offsetX": 1.2000000178813934, "offsetY": 2.400000035762787, "offsetZ": 0.0, "rotationX": -6.0, "rotationY": -3.0, "rotationZ": 28.0 },
						"L front foot": { "rotationX": 0.0, "rotationY": 0.0, "rotationZ": -122.0 },
						"R back leg": { "offsetX": 0.0, "offsetY": 1.2000000000000002, "offsetZ": 0.0 },
						"R back foot": { "offsetX": 0.9600000143051148, "offsetY": 0.0, "offsetZ": 0.0, "rotationX": 0.0, "rotationY": 0.0, "rotationZ": -100.0 },
						"L back leg": { "offsetX": 0.0, "offsetY": 1.2000000178813934, "offsetZ": 0.0 },
						"L back foot": { "offsetX": 0.96, "offsetY": 0.0, "offsetZ": 0.0, "rotationX": 0.0, "rotationY": 0.0, "rotationZ": -96.0 }
					}
				},
				{
					"frame": 15,
					"elements": {
						"Body": { "offsetX": 0.12, "offsetY": -8.25, "offsetZ": 0.0, "rotationX": 0.0, "rotationY": -5.0, "rotationZ": 4.0 },
						"neck": { "rotationX": 0.0, "rotationY": 5.0, "rotationZ": 73.0 },
						"head": { "offsetX": 0.0, "offsetY": 0.9600000143051148, "offsetZ": 0.0, "rotationX": 0.0, "rotationY": 0.0, "rotationZ": -53.0 },
						"R front leg": { "offsetX": 1.2000000000000002, "offsetY": 2.4000000000000004, "offsetZ": 0.75, "rotationX": 6.0, "rotationY": 14.0, "rotationZ": 20.0 },
						"R front foot": { "rotationX": 0.0, "rotationY": 0.0, "rotationZ": -114.0 },
						"L front leg": { "offsetX": 1.2000000178813934, "offsetY": 2.400000035762787, "offsetZ": 0.0, "rotationX": -6.0, "rotationY": -3.0, "rotationZ": 29.0 },
						"L front foot": { "rotationX": 0.0, "rotationY": 0.0, "rotationZ": -122.0 },
						"R back leg": { "offsetX": 0.0, "offsetY": 1.2000000178813934, "offsetZ": 0.0 },
						"R back foot": { "offsetX": 0.9600000143051148, "offsetY": 0.0, "offsetZ": 0.0, "rotationX": 0.0, "rotationY": 0.0, "rotationZ": -102.0 },
						"L back leg": { "offsetX": 0.0, "offsetY": 1.2000000000000002, "offsetZ": 0.0 },
						"L back foot": { "offsetX": 0.9600000143051148, "offsetY": 0.0, "offsetZ": 0.0, "rotationX": 0.0, "rotationY": 0.0, "rotationZ": -98.0 }
					}
				}
			]
		}
	]
}