{
	"editor": {
		"collapsedPaths": "",
		"allAngles": true,
		"entityTextureMode": true
	},
	"textureWidth": 32,
	"textureHeight": 32,
	"textureSizes": {
		"yak01": [32,32]
	},
	"textures": {
	},
	"elements": [
		{
			"name": "Body",
			"from": [ 8.0, 6.0, 5.0 ],
			"to": [ 14.0, 11.0, 11.25 ],
			"unwrapRotation": 1,
			"uv": [ -0.12, -0.0833 ],
			"rotationOrigin": [ 14.0, 6.0, 8.2 ],
			"rotationZ": -3.0,
			"faces": {
				"north": { "texture": "#yak01", "uv": [ 0.0, 6.0, 6.0, 11.0 ] },
				"east": { "texture": "#yak01", "uv": [ 6.0, 6.0, 12.25, 11.0 ], "windMode": [-1,-1,-1,-1] },
				"south": { "texture": "#yak01", "uv": [ 12.25, 6.0, 18.25, 11.0 ] },
				"west": { "texture": "#yak01", "uv": [ 17.0, 0.0, 23.25, 5.0 ], "windMode": [-1,-1,-1,-1] },
				"up": { "texture": "#yak01", "uv": [ 0.0, 0.0, 6.0, 6.0 ], "rotation": 270 },
				"down": { "texture": "#yak01", "uv": [ 6.5, 0.0, 12.5, 6.0 ], "rotation": 270 }
			},
			"children": [
				{
					"name": "BootEdge",
					"from": [ 4.0, 1.2, 0.2 ],
					"to": [ 8.0, 4.8, 6.0 ],
					"unwrapMode": 2,
					"uv": [ -0.12, -0.08 ],
					"rotationOrigin": [ 10.0, 1.2, 2.6 ],
					"faces": {
						"north": { "texture": "#yak01", "uv": [ 9.75, 4.0, 13.75, 7.5 ] },
						"east": { "texture": "#yak01", "uv": [ 4.0, 4.0, 9.75, 7.5 ], "windMode": [-1,-1,-1,-1] },
						"south": { "texture": "#yak01", "uv": [ 0.0, 4.0, 4.0, 7.5 ] },
						"up": { "texture": "#yak01", "uv": [ 4.0, 0.0, 9.5, 4.0 ], "rotation": 270 }
					}
				},
				{
					"name": "Fur_edge3",
					"from": [ 3.0, -1.8, -0.1 ],
					"to": [ 8.0, 3.2, 6.4 ],
					"unwrapMode": 2,
					"autoUnwrap": false,
					"uv": [ -0.12, 15.7533 ],
					"rotationOrigin": [ 9.0, -1.8, 2.8 ],
					"rotationZ": 6.0,
					"faces": {
						"north": { "texture": "#yak01", "uv": [ 0.0, 27.0, 5.0, 32.0 ] },
						"east": { "texture": "#yak01", "uv": [ 5.75, 27.0, 12.25, 32.0 ], "windMode": [-1,-1,-1,-1] },
						"south": { "texture": "#yak01", "uv": [ 6.5, 27.0, 11.5, 32.0 ] },
						"west": { "texture": "#yak01", "uv": [ 5.75, 27.0, 12.25, 32.0 ], "windMode": [-1,-1,-1,-1] },
						"up": { "texture": "#yak01", "uv": [ 22.0, 22.0, 28.5, 27.0 ], "rotation": 270 }
					}
				},
				{
					"name": "Fur_edge4",
					"from": [ -3.0, -2.8, -0.2 ],
					"to": [ 3.0, 2.2, 6.3 ],
					"unwrapMode": 2,
					"autoUnwrap": false,
					"uv": [ -0.12, 15.7533 ],
					"rotationOrigin": [ 3.0, -2.8, 2.5 ],
					"faces": {
						"north": { "texture": "#yak01", "uv": [ 0.0, 27.0, 6.0, 32.0 ] },
						"east": { "texture": "#yak01", "uv": [ 5.75, 26.8333, 12.25, 31.8333 ], "windMode": [-1,-1,-1,-1] },
						"south": { "texture": "#yak01", "uv": [ 3.75, 27.0, 9.75, 32.0 ] },
						"west": { "texture": "#yak01", "uv": [ 0.0, 27.0, 6.5, 32.0 ], "windMode": [-1,-1,-1,-1] },
						"up": { "texture": "#yak01", "uv": [ 18.5, 24.5, 25.0, 30.5 ], "rotation": 270 }
					}
				},
				{
					"name": "Chunk1",
					"from": [ -7.3, 3.8, 0.45 ],
					"to": [ -1.3, 7.3, 5.95 ],
					"unwrapMode": 2,
					"uv": [ -0.12, -0.08 ],
					"rotationOrigin": [ -1.3, 3.8, 3.4 ],
					"rotationZ": 28.0,
					"faces": {
						"north": { "texture": "#yak01", "uv": [ 11.5, 6.0, 17.5, 9.5 ] },
						"east": { "texture": "#yak01", "uv": [ 6.0, 6.0, 11.5, 9.5 ], "windMode": [-1,-1,-1,-1] },
						"south": { "texture": "#yak01", "uv": [ 0.0, 6.0, 6.0, 9.5 ] },
						"west": { "texture": "#yak01", "uv": [ 17.5, 6.0, 23.0, 9.5 ], "windMode": [-1,-1,-1,-1] },
						"up": { "texture": "#yak01", "uv": [ 6.0, 0.0, 11.5, 6.0 ], "rotation": 270 }
					},
					"children": [
						{
							"name": "Chunk2",
							"from": [ 1.8, -3.2, -0.12 ],
							"to": [ 8.8, 0.3, 5.63 ],
							"unwrapMode": 6,
							"unwrapRotation": 1,
							"autoUnwrap": false,
							"uv": [ -0.12, -0.08 ],
							"rotationOrigin": [ 7.8, -3.2, 2.85 ],
							"rotationZ": -44.0,
							"faces": {
								"north": { "texture": "#yak01", "uv": [ 0.0, 3.5, 3.5, 10.5 ], "rotation": 90 },
								"east": { "texture": "#yak01", "uv": [ 12.5, 0.0, 18.0, 3.5 ], "rotation": 180, "windMode": [-1,-1,-1,-1] },
								"south": { "texture": "#yak01", "uv": [ 3.5, 3.5, 7.0, 10.5 ], "rotation": 270 },
								"west": { "texture": "#yak01", "uv": [ 3.5, 0.0, 9.25, 3.5 ], "windMode": [-1,-1,-1,-1] },
								"up": { "texture": "#yak01", "uv": [ 7.0, 3.5, 12.5, 10.5 ], "rotation": 270 }
							}
						}
					]
				},
				{
					"name": "Fur_edge7",
					"from": [ -5.0, -2.8, -0.1 ],
					"to": [ 1.0, 2.2, 6.4 ],
					"unwrapMode": 2,
					"autoUnwrap": false,
					"uv": [ -0.12, 15.7533 ],
					"rotationOrigin": [ 1.0, -2.8, 2.8 ],
					"rotationZ": 6.0,
					"faces": {
						"north": { "texture": "#yak01", "uv": [ 1.0, 26.0, 7.0, 31.0 ] },
						"east": { "texture": "#yak01", "uv": [ 3.75, 26.3333, 10.25, 31.3333 ], "windMode": [-1,-1,-1,-1] },
						"south": { "texture": "#yak01", "uv": [ 1.25, 26.0, 7.25, 31.0 ] },
						"west": { "texture": "#yak01", "uv": [ 3.25, 26.0, 9.75, 31.0 ], "windMode": [-1,-1,-1,-1] },
						"up": { "texture": "#yak01", "uv": [ 22.0, 22.0, 28.5, 28.0 ], "rotation": 270 }
					}
				},
				{
					"name": "Neck1",
					"from": [ -8.0, -0.1, 1.0 ],
					"to": [ -3.5, 2.9, 5.0 ],
					"uv": [ 2.25, 0.5 ],
					"rotationOrigin": [ -8.0, -0.1, 3.0 ],
					"faces": {
						"north": { "texture": "#yak01", "uv": [ 2.25, 4.5, 6.75, 7.5 ] },
						"east": { "texture": "#yak01", "uv": [ 6.75, 4.5, 10.75, 7.5 ] },
						"south": { "texture": "#yak01", "uv": [ 10.75, 4.5, 15.25, 7.5 ] },
						"west": { "texture": "#yak01", "uv": [ 15.25, 4.5, 19.25, 7.5 ] },
						"up": { "texture": "#yak01", "uv": [ 2.25, 0.5, 6.75, 4.5 ] },
						"down": { "texture": "#yak01", "uv": [ 6.75, 0.5, 11.25, 4.5 ] }
					},
					"children": [
						{
							"name": "Neck2",
							"from": [ 0.0, 2.0, -0.2 ],
							"to": [ 3.0, 5.0, 4.2 ],
							"uv": [ 0.0, 21.8333 ],
							"rotationOrigin": [ 4.0, 2.0, 1.8 ],
							"rotationZ": 14.0,
							"faces": {
								"north": { "texture": "#yak01", "uv": [ 0.0, 26.1667, 3.0, 29.1667 ] },
								"east": { "texture": "#yak01", "uv": [ 3.0, 26.1667, 7.25, 29.1667 ] },
								"south": { "texture": "#yak01", "uv": [ 7.25, 26.1667, 10.25, 29.1667 ] },
								"west": { "texture": "#yak01", "uv": [ 10.25, 26.1667, 14.5, 29.1667 ] },
								"up": { "texture": "#yak01", "uv": [ 0.0, 21.8333, 3.0, 26.1667 ] },
								"down": { "texture": "#yak01", "uv": [ 3.0, 21.8333, 6.0, 26.1667 ] }
							},
							"children": [
								{
									"name": "Head",
									"from": [ -2.08, -0.4865, 0.8 ],
									"to": [ 0.92, 2.5135, 3.8 ],
									"unwrapMode": 4,
									"autoUnwrap": false,
									"uv": [ 19.5, 9.82 ],
									"rotationOrigin": [ -0.3, 0.0, 2.5 ],
									"rotationZ": -11.0,
									"faces": {
										"north": { "texture": "#yak01", "uv": [ 19.5, 12.8333, 22.5, 15.8333 ], "windMode": [-1,-1,-1,-1] },
										"east": { "texture": "#yak01", "uv": [ 28.5, 12.8333, 31.5, 15.8333 ] },
										"south": { "texture": "#yak01", "uv": [ 25.5, 12.8333, 28.5, 15.8333 ] },
										"west": { "texture": "#yak01", "uv": [ 22.5, 12.8333, 25.5, 15.8333 ] },
										"up": { "texture": "#yak01", "uv": [ 22.5, 10.0, 25.5, 13.0 ], "rotation": 90 },
										"down": { "texture": "#yak01", "uv": [ 25.5, 10.0, 28.5, 13.0 ], "rotation": 90 }
									},
									"children": [
										{
											"name": "Face1",
											"from": [ -1.2, 0.1, 0.3 ],
											"to": [ 1.8, 1.8, 2.7 ],
											"uv": [ 0.0, 12.0 ],
											"rotationOrigin": [ 0.58, 0.5865, 2.1 ],
											"rotationZ": 53.0,
											"faces": {
												"north": { "texture": "#yak01", "uv": [ 0.0, 14.3333, 3.0, 16.0 ], "windMode": [-1,-1,-1,-1] },
												"east": { "texture": "#yak01", "uv": [ 3.0, 14.3333, 5.25, 16.0 ] },
												"south": { "texture": "#yak01", "uv": [ 5.25, 14.3333, 8.25, 16.0 ] },
												"west": { "texture": "#yak01", "uv": [ 8.25, 14.3333, 10.5, 16.0 ] },
												"up": { "texture": "#yak01", "uv": [ 0.0, 12.0, 3.0, 14.0 ], "rotation": 180 },
												"down": { "texture": "#yak01", "uv": [ 3.0, 12.0, 6.0, 14.3333 ] }
											},
											"children": [
												{
													"name": "Mouth",
													"from": [ -0.2, -0.3009, 0.15 ],
													"to": [ 2.8, 0.6991, 2.25 ],
													"uv": [ 6.0, 11.9967 ],
													"rotationOrigin": [ 1.5807, 0.1891, 2.0 ],
													"faces": {
														"north": { "texture": "#yak01", "uv": [ 6.0, 14.0, 9.0, 15.0 ], "windMode": [-1,-1,-1,-1] },
														"east": { "texture": "#yak01", "uv": [ 9.0, 14.0, 10.0, 16.0 ], "rotation": 90 },
														"south": { "texture": "#yak01", "uv": [ 10.0, 14.0, 13.0, 15.0 ], "rotation": 180 },
														"west": { "texture": "#yak01", "uv": [ 13.0, 14.0, 14.0, 16.0 ], "rotation": 270 },
														"up": { "texture": "#yak01", "uv": [ 6.0, 12.0, 9.0, 14.0 ] },
														"down": { "texture": "#yak01", "uv": [ 9.0, 12.0, 12.0, 14.0 ] }
													}
												},
												{
													"name": "Snout",
													"from": [ -0.2, 0.3, 0.1 ],
													"to": [ 1.8, 1.8, 2.3 ],
													"uv": [ 10.5, 12.6633 ],
													"rotationOrigin": [ 1.5807, 0.7891, 1.9 ],
													"rotationZ": -17.0,
													"faces": {
														"north": { "texture": "#yak01", "uv": [ 10.5, 14.6667, 12.5, 16.1667 ], "windMode": [-1,-1,-1,-1] },
														"east": { "texture": "#yak01", "uv": [ 12.5, 14.5, 14.0, 16.5 ], "rotation": 90 },
														"south": { "texture": "#yak01", "uv": [ 14.0, 14.5, 16.0, 16.0 ], "rotation": 180 },
														"west": { "texture": "#yak01", "uv": [ 16.0, 14.5, 17.5, 16.5 ], "rotation": 270 },
														"up": { "texture": "#yak01", "uv": [ 10.5, 12.6667, 12.5, 14.8333 ] },
														"down": { "texture": "#yak01", "uv": [ 12.5, 12.6667, 14.5, 14.8333 ] }
													}
												}
											]
										},
										{
											"name": "Ear",
											"from": [ 1.3, 1.8, -0.1 ],
											"to": [ 2.6, 2.6, 0.2 ],
											"uv": [ 12.0, 12.0 ],
											"rotationOrigin": [ 1.3, 1.8, 0.2 ],
											"rotationY": 66.0,
											"faces": {
												"north": { "texture": "#yak01", "uv": [ 12.0, 12.1667, 13.25, 12.8333 ] },
												"east": { "texture": "#yak01", "uv": [ 13.25, 12.1667, 13.5, 12.8333 ] },
												"south": { "texture": "#yak01", "uv": [ 13.5, 12.1667, 14.75, 12.8333 ] },
												"west": { "texture": "#yak01", "uv": [ 14.75, 12.1667, 15.0, 12.8333 ] },
												"up": { "texture": "#yak01", "uv": [ 12.0, 12.0, 13.25, 12.1667 ] },
												"down": { "texture": "#yak01", "uv": [ 13.25, 12.0, 14.5, 12.1667 ] }
											}
										},
										{
											"name": "Ear2",
											"from": [ 1.3, 1.8, 2.8 ],
											"to": [ 2.6, 2.6, 3.1 ],
											"uv": [ 12.0, 12.0 ],
											"rotationOrigin": [ 1.3, 1.8, 2.8 ],
											"rotationY": -66.0,
											"faces": {
												"north": { "texture": "#yak01", "uv": [ 12.0, 12.1667, 13.25, 12.8333 ] },
												"east": { "texture": "#yak01", "uv": [ 13.25, 12.1667, 13.5, 12.8333 ] },
												"south": { "texture": "#yak01", "uv": [ 13.5, 12.1667, 14.75, 12.8333 ] },
												"west": { "texture": "#yak01", "uv": [ 14.75, 12.1667, 15.0, 12.8333 ] },
												"up": { "texture": "#yak01", "uv": [ 12.0, 12.0, 13.25, 12.1667 ] },
												"down": { "texture": "#yak01", "uv": [ 13.25, 12.0, 14.5, 12.1667 ] }
											}
										},
										{
											"name": "HeadHair",
											"from": [ -0.23, 2.02, -0.15 ],
											"to": [ 2.97, 3.22, 3.05 ],
											"unwrapMode": 1,
											"autoUnwrap": false,
											"uv": [ -0.12, 25.25 ],
											"rotationOrigin": [ -0.23, 2.0156, 1.4 ],
											"faces": {
												"north": { "texture": "#yak01", "uv": [ 3.0, 28.5, 6.0, 29.6667 ] },
												"east": { "texture": "#yak01", "uv": [ 0.0, 28.5, 3.0, 29.6667 ], "windMode": [-1,-1,-1,-1] },
												"south": { "texture": "#yak01", "uv": [ 9.0, 28.5, 12.0, 29.6667 ] },
												"west": { "texture": "#yak01", "uv": [ 6.0, 28.5, 9.0, 29.6667 ], "windMode": [-1,-1,-1,-1] },
												"up": { "texture": "#yak01", "uv": [ 3.0, 25.5, 6.0, 28.5 ], "rotation": 270 }
											}
										}
									]
								}
							]
						}
					]
				},
				{
					"name": "Tummy",
					"from": [ -6.0, -1.0, 0.125 ],
					"to": [ 1.0, 5.0, 6.125 ],
					"autoUnwrap": false,
					"uv": [ 0.0, 0.0 ],
					"rotationOrigin": [ -6.0, -1.0, 0.1 ],
					"faces": {
						"north": { "texture": "#yak01", "uv": [ 0.0, 6.0, 7.0, 12.0 ] },
						"east": { "texture": "#yak01", "uv": [ 7.0, 6.0, 13.0, 12.0 ] },
						"south": { "texture": "#yak01", "uv": [ 13.0, 6.0, 20.0, 12.0 ] },
						"west": { "texture": "#yak01", "uv": [ 14.0, 0.0, 20.0, 6.0 ] },
						"up": { "texture": "#yak01", "uv": [ 0.0, 0.0, 7.0, 6.0 ] },
						"down": { "texture": "#yak01", "uv": [ 7.0, 0.0, 14.0, 6.0 ] }
					}
				},
				{
					"name": "nothing",
					"from": [ -7.2208, 0.8329, -1.5 ],
					"to": [ -5.6208, 2.4329, 7.4 ],
					"autoUnwrap": false,
					"uv": [ 999.0, 999.0 ],
					"rotationOrigin": [ -1.1208, 4.0329, 3.4 ],
					"rotationZ": 3.0,
					"faces": {
					},
					"children": [
						{
							"name": "R front leg",
							"from": [ 2.9, -3.2, 1.8 ],
							"to": [ 4.8, 1.6, 4.2 ],
							"uv": [ 1.0, 1.0 ],
							"rotationOrigin": [ 4.1, 1.6, 3.0 ],
							"faces": {
								"north": { "texture": "#yak01", "uv": [ 1.0, 2.6667, 2.75, 7.3333 ] },
								"east": { "texture": "#yak01", "uv": [ 2.75, 2.6667, 5.0, 7.3333 ] },
								"south": { "texture": "#yak01", "uv": [ 5.0, 2.6667, 6.75, 7.3333 ] },
								"west": { "texture": "#yak01", "uv": [ 6.75, 2.6667, 9.0, 7.3333 ] },
								"down": { "texture": "#yak01", "uv": [ 1.0, 1.0, 3.0, 2.5 ], "rotation": 90 }
							},
							"children": [
								{
									"name": "R front foot",
									"from": [ 0.08, -4.0, 0.08 ],
									"to": [ 2.08, 0.8, 2.32 ],
									"unwrapMode": 1,
									"autoUnwrap": false,
									"uv": [ 23.25, 0.0 ],
									"rotationOrigin": [ 1.28, 2.4, 1.28 ],
									"faces": {
										"north": { "texture": "#yak01", "uv": [ 25.25, 2.3333, 27.25, 7.0 ] },
										"east": { "texture": "#yak01", "uv": [ 23.25, 2.3333, 25.25, 7.0 ] },
										"south": { "texture": "#yak01", "uv": [ 29.25, 2.3333, 31.25, 7.0 ] },
										"west": { "texture": "#yak01", "uv": [ 27.25, 4.3333, 29.25, 9.0 ] },
										"up": { "texture": "#yak01", "uv": [ 25.5, 0.0, 27.5, 2.0 ], "rotation": 180 },
										"down": { "texture": "#yak01", "uv": [ 25.25, 6.8333, 27.25, 9.0 ] }
									}
								}
							]
						},
						{
							"name": "L front leg",
							"from": [ 2.9, -3.2, 4.7 ],
							"to": [ 4.8, 1.6, 7.1 ],
							"uv": [ 2.0, 2.0 ],
							"rotationOrigin": [ 4.1, 1.6, 6.0 ],
							"faces": {
								"north": { "texture": "#yak01", "uv": [ 2.0, 3.6667, 3.75, 8.3333 ] },
								"east": { "texture": "#yak01", "uv": [ 3.75, 3.6667, 6.0, 8.3333 ] },
								"south": { "texture": "#yak01", "uv": [ 6.0, 3.6667, 7.75, 8.3333 ] },
								"west": { "texture": "#yak01", "uv": [ 7.75, 3.6667, 10.0, 8.3333 ] },
								"down": { "texture": "#yak01", "uv": [ 2.0, 2.0, 4.0, 3.5 ], "rotation": 90 }
							},
							"children": [
								{
									"name": "L front foot",
									"from": [ 0.08, -4.0, 0.08 ],
									"to": [ 2.08, 0.8, 2.32 ],
									"unwrapMode": 3,
									"autoUnwrap": false,
									"uv": [ 23.25, 0.0 ],
									"rotationOrigin": [ 1.28, 2.4, 1.28 ],
									"faces": {
										"north": { "texture": "#yak01", "uv": [ 29.25, 2.3333, 31.25, 7.0 ] },
										"east": { "texture": "#yak01", "uv": [ 27.25, 2.3333, 29.25, 7.0 ] },
										"south": { "texture": "#yak01", "uv": [ 25.25, 2.3333, 27.25, 7.0 ] },
										"west": { "texture": "#yak01", "uv": [ 27.25, 4.3333, 29.25, 9.0 ] },
										"up": { "texture": "#yak01", "uv": [ 25.25, 0.0, 27.25, 2.1667 ] },
										"down": { "texture": "#yak01", "uv": [ 25.5, 7.0, 27.5, 9.0 ], "rotation": 180 }
									}
								}
							]
						},
						{
							"name": "R back leg",
							"from": [ 9.34, -2.9, 1.5 ],
							"to": [ 12.54, 1.9, 4.5 ],
							"uv": [ 2.0, 2.0 ],
							"rotationOrigin": [ 10.94, 2.7, 3.74 ],
							"rotationX": -3.0,
							"rotationZ": 15.0,
							"faces": {
								"north": { "texture": "#yak01", "uv": [ 2.0, 5.0, 5.0, 9.6667 ] },
								"east": { "texture": "#yak01", "uv": [ 5.0, 5.0, 8.0, 9.6667 ] },
								"south": { "texture": "#yak01", "uv": [ 8.0, 5.0, 11.0, 9.6667 ] },
								"west": { "texture": "#yak01", "uv": [ 11.0, 5.0, 14.0, 9.6667 ] },
								"down": { "texture": "#yak01", "uv": [ 2.0, 2.0, 5.0, 5.0 ], "rotation": 90 }
							},
							"children": [
								{
									"name": "R back foot",
									"from": [ 0.64, -4.46, 0.38 ],
									"to": [ 2.88, 1.44, 2.62 ],
									"unwrapMode": 1,
									"autoUnwrap": false,
									"uv": [ 23.25, 0.0 ],
									"rotationOrigin": [ 1.84, 3.54, 1.58 ],
									"rotationX": 3.0,
									"rotationZ": -15.0,
									"faces": {
										"north": { "texture": "#yak01", "uv": [ 25.25, 2.3333, 27.25, 8.1667 ] },
										"east": { "texture": "#yak01", "uv": [ 23.25, 2.3333, 25.25, 8.1667 ] },
										"south": { "texture": "#yak01", "uv": [ 29.25, 2.3333, 31.25, 8.1667 ] },
										"west": { "texture": "#yak01", "uv": [ 27.25, 3.6667, 29.25, 9.5 ] },
										"up": { "texture": "#yak01", "uv": [ 25.5, 0.0, 27.5, 2.0 ], "rotation": 180 },
										"down": { "texture": "#yak01", "uv": [ 25.25, 7.3333, 27.25, 9.5 ] }
									}
								}
							]
						},
						{
							"name": "L back leg",
							"from": [ 9.34, -2.75, 4.5 ],
							"to": [ 12.54, 2.05, 7.5 ],
							"uv": [ 0.0, 0.0 ],
							"rotationOrigin": [ 10.94, 2.85, 3.0 ],
							"rotationX": 3.0,
							"rotationZ": 15.0,
							"faces": {
								"north": { "texture": "#yak01", "uv": [ 0.0, 3.1667, 3.0, 7.8333 ] },
								"east": { "texture": "#yak01", "uv": [ 3.0, 3.1667, 6.0, 7.8333 ] },
								"south": { "texture": "#yak01", "uv": [ 6.0, 3.1667, 9.0, 7.8333 ] },
								"west": { "texture": "#yak01", "uv": [ 9.0, 3.1667, 12.0, 7.8333 ] },
								"down": { "texture": "#yak01", "uv": [ 0.0, 0.0, 3.0, 3.0 ], "rotation": 90 }
							},
							"children": [
								{
									"name": "L back foot",
									"from": [ 0.64, -4.46, 0.28 ],
									"to": [ 2.88, 1.44, 2.52 ],
									"unwrapMode": 3,
									"autoUnwrap": false,
									"uv": [ 23.25, 0.0 ],
									"rotationOrigin": [ 1.84, 3.54, 1.78 ],
									"rotationX": -3.0,
									"rotationZ": -15.0,
									"faces": {
										"north": { "texture": "#yak01", "uv": [ 29.25, 2.3333, 31.25, 8.1667 ] },
										"east": { "texture": "#yak01", "uv": [ 27.25, 2.3333, 29.25, 8.1667 ] },
										"south": { "texture": "#yak01", "uv": [ 25.25, 2.3333, 27.25, 8.1667 ] },
										"west": { "texture": "#yak01", "uv": [ 27.25, 3.6667, 29.25, 9.5 ] },
										"up": { "texture": "#yak01", "uv": [ 25.25, 0.0, 27.25, 2.1667 ] },
										"down": { "texture": "#yak01", "uv": [ 25.5, 7.5, 27.5, 9.5 ], "rotation": 180 }
									}
								}
							]
						},
						{
							"name": "tail",
							"from": [ 14.0, 2.4, 3.6 ],
							"to": [ 16.4, 4.0, 5.2 ],
							"unwrapMode": 1,
							"unwrapRotation": 1,
							"uv": [ 22.0, 21.8333 ],
							"rotationOrigin": [ 14.0, 3.2, 4.5 ],
							"rotationZ": -53.0,
							"faces": {
								"north": { "texture": "#yak01", "uv": [ 23.5, 22.0, 25.0, 24.0 ], "rotation": 90 },
								"east": { "texture": "#yak01", "uv": [ 23.5, 24.0, 25.0, 25.5 ], "rotation": 90 },
								"south": { "texture": "#yak01", "uv": [ 26.5, 22.0, 28.0, 24.0 ], "rotation": 270 },
								"up": { "texture": "#yak01", "uv": [ 22.0, 22.0, 23.5, 24.0 ], "rotation": 270 },
								"down": { "texture": "#yak01", "uv": [ 25.0, 22.0, 26.5, 24.0 ], "rotation": 90 }
							},
							"children": [
								{
									"name": "tail33",
									"from": [ 1.6, 0.5, -0.2 ],
									"to": [ 5.6, 2.1, 1.8 ],
									"unwrapMode": 1,
									"unwrapRotation": 1,
									"uv": [ 5.25, 22.9933 ],
									"rotationOrigin": [ 1.6, 1.3, 1.0 ],
									"rotationZ": -25.0,
									"faces": {
										"north": { "texture": "#yak01", "uv": [ 7.5, 25.0, 9.0, 29.0 ], "rotation": 90, "windMode": [-1,-1,1,-1], "windData": [1,1,0,0] },
										"east": { "texture": "#yak01", "uv": [ 7.5, 29.0, 9.0, 31.0 ], "rotation": 90 },
										"south": { "texture": "#yak01", "uv": [ 11.0, 25.0, 12.5, 29.0 ], "rotation": 270, "windMode": [-1,-1,1,-1], "windData": [1,0,0,1] },
										"west": { "texture": "#yak01", "uv": [ 7.5, 23.0, 9.0, 25.0 ], "rotation": 90 },
										"up": { "texture": "#yak01", "uv": [ 5.5, 25.0, 7.5, 29.0 ], "rotation": 270, "windMode": [-1,-1,1,1], "windData": [1,1,0,0] },
										"down": { "texture": "#yak01", "uv": [ 9.0, 25.0, 11.0, 29.0 ], "rotation": 90 }
									}
								}
							]
						}
					],
					"attachmentpoints": [
						{
							"code": "Center",
							"posX": "9.0","posY": "4.0","posZ": "5.0",
							"rotationX": "0.0","rotationY": "0.0","rotationZ": "0.0"
						}
					]
				}
			]
		}
	],
	"animations": [
		{
			"name": "Walk",
			"code": "walk",
			"quantityframes": 90,
			"onActivityStopped": "Rewind",
			"onAnimationEnd": "Repeat",
			"keyframes": [
				{
					"frame": 0,
					"elements": {
						"Body": { "offsetX": 0.0, "offsetY": 0.0, "offsetZ": 0.0, "rotationX": -2.0, "rotationY": -1.0, "rotationZ": -2.0 },
						"R front leg": { "offsetX": 0.0, "offsetY": 0.0, "offsetZ": 0.0, "rotationX": 2.0, "rotationY": 0.0, "rotationZ": 8.0 },
						"R front foot": { "offsetX": 0.0, "offsetY": 0.0, "offsetZ": 0.0, "rotationX": 0.0, "rotationY": 0.0, "rotationZ": 0.0 },
						"L front leg": { "offsetX": -0.4, "offsetY": -0.4, "offsetZ": 0.0, "rotationX": 0.0, "rotationY": 1.0, "rotationZ": -33.0 },
						"L front foot": { "offsetX": 0.0, "offsetY": 0.0, "offsetZ": 0.0, "rotationX": 0.0, "rotationY": 0.0, "rotationZ": 39.0 },
						"R back leg": { "offsetX": -0.8, "offsetY": 0.8, "offsetZ": 0.0, "rotationX": 2.0, "rotationY": 0.0, "rotationZ": 11.0 },
						"R back foot": { "offsetX": 0.0, "offsetY": 0.0, "offsetZ": 0.0, "rotationX": 0.0, "rotationY": 0.0, "rotationZ": -30.0 },
						"L back leg": { "offsetX": 0.0, "offsetY": 0.0, "offsetZ": 0.0, "rotationX": 0.0, "rotationY": 2.0, "rotationZ": 8.0 },
						"L back foot": { "offsetX": 0.0, "offsetY": 0.0, "offsetZ": 0.0, "rotationX": 0.0, "rotationY": 0.0, "rotationZ": 0.0 },
						"tail": { "offsetX": 0.0, "offsetY": 0.0, "offsetZ": 0.0, "rotationX": 0.0, "rotationY": 0.0, "rotationZ": 0.0 },
						"HeadHair": { "rotationX": 0.0, "rotationY": 0.0, "rotationZ": 0.0 }
					}
				},
				{
					"frame": 15,
					"elements": {
						"Body": { "offsetX": 0.0, "offsetY": 0.0, "offsetZ": 0.0, "rotationX": 2.0, "rotationY": -1.0, "rotationZ": 2.0 },
						"R front leg": { "offsetX": 0.0, "offsetY": -0.4, "offsetZ": 0.0, "rotationX": 0.0, "rotationY": 0.0, "rotationZ": 14.0 },
						"R front foot": { "offsetX": 0.0, "offsetY": 0.0, "offsetZ": 0.0, "rotationX": 0.0, "rotationY": 0.0, "rotationZ": 0.0 },
						"L front leg": { "offsetX": -0.8, "offsetY": -0.8, "offsetZ": 0.0, "rotationX": -2.0, "rotationY": 1.0, "rotationZ": -17.0 },
						"L front foot": { "offsetX": 0.0, "offsetY": 0.0, "offsetZ": 0.0, "rotationX": 0.0, "rotationY": 0.0, "rotationZ": -6.0 },
						"R back leg": { "offsetX": -1.6, "offsetY": -0.4, "offsetZ": 0.0, "rotationX": 0.0, "rotationY": 0.0, "rotationZ": 8.0 },
						"R back foot": { "offsetX": 0.0, "offsetY": 0.0, "offsetZ": 0.0, "rotationX": 0.0, "rotationY": 0.0, "rotationZ": -33.0 },
						"L back leg": { "offsetX": 0.4, "offsetY": -1.2, "offsetZ": 0.0, "rotationX": -2.0, "rotationY": 1.0, "rotationZ": 14.0 },
						"L back foot": { "offsetX": 0.0, "offsetY": 0.0, "offsetZ": 0.0, "rotationX": 0.0, "rotationY": 0.0, "rotationZ": -2.0 },
						"tail": { "offsetX": 0.0, "offsetY": 0.0, "offsetZ": 0.0, "rotationX": 0.0, "rotationY": 0.0, "rotationZ": 19.0 },
						"HeadHair": { "offsetX": 0.0, "offsetY": 0.0, "offsetZ": 0.0, "rotationX": 0.0, "rotationY": 0.0, "rotationZ": -3.0 }
					}
				},
				{
					"frame": 30,
					"elements": {
						"Body": { "offsetX": 0.0, "offsetY": 0.0, "offsetZ": 0.0, "rotationX": 0.0, "rotationY": 0.0, "rotationZ": 0.0 },
						"R front leg": { "offsetX": 0.0, "offsetY": 0.0, "offsetZ": 0.0, "rotationX": 0.0, "rotationY": 0.0, "rotationZ": -8.0 },
						"R front foot": { "offsetX": 0.0, "offsetY": 0.0, "offsetZ": 0.0, "rotationX": 0.0, "rotationY": 0.0, "rotationZ": 30.0 },
						"L front leg": { "offsetX": -0.8, "offsetY": 0.0, "offsetZ": 0.0, "rotationX": 0.0, "rotationY": 0.0, "rotationZ": -6.0 },
						"L front foot": { "offsetX": 0.0, "offsetY": 0.0, "offsetZ": 0.0, "rotationX": 0.0, "rotationY": 0.0, "rotationZ": -6.0 },
						"L back leg": { "offsetX": 0.0, "offsetY": -0.8, "offsetZ": 0.0, "rotationX": 0.0, "rotationY": 0.0, "rotationZ": 17.0 },
						"L back foot": { "offsetX": 0.0, "offsetY": 0.0, "offsetZ": 0.0, "rotationX": 0.0, "rotationY": 0.0, "rotationZ": -19.0 },
						"tail": { "offsetX": 0.0, "offsetY": 0.0, "offsetZ": 0.0, "rotationX": 0.0, "rotationY": 0.0, "rotationZ": 11.0 }
					}
				},
				{
					"frame": 45,
					"elements": {
						"Body": { "offsetX": 0.0, "offsetY": 0.0, "offsetZ": 0.0, "rotationX": 2.0, "rotationY": 1.0, "rotationZ": -2.0 },
						"R front leg": { "offsetX": -0.4, "offsetY": -0.4, "offsetZ": 0.0, "rotationX": 0.0, "rotationY": -1.0, "rotationZ": -33.0 },
						"R front foot": { "offsetX": 0.0, "offsetY": 0.0, "offsetZ": 0.0, "rotationX": 0.0, "rotationY": 0.0, "rotationZ": 39.0 },
						"L front leg": { "offsetX": -0.8, "offsetY": 0.0, "offsetZ": 0.0, "rotationX": -2.0, "rotationY": 0.0, "rotationZ": 8.0 },
						"L front foot": { "offsetX": 0.0, "offsetY": 0.0, "offsetZ": 0.0, "rotationX": 0.0, "rotationY": 0.0, "rotationZ": 0.0 },
						"R back leg": { "offsetX": 0.0, "offsetY": 0.0, "offsetZ": 0.0, "rotationX": 0.0, "rotationY": -2.0, "rotationZ": 8.0 },
						"R back foot": { "offsetX": 0.0, "offsetY": 0.0, "offsetZ": 0.0, "rotationX": 0.0, "rotationY": 0.0, "rotationZ": 0.0 },
						"L back leg": { "offsetX": -0.8, "offsetY": 0.8, "offsetZ": 0.0, "rotationX": -2.0, "rotationY": 0.0, "rotationZ": 11.0 },
						"L back foot": { "offsetX": 0.0, "offsetY": 0.0, "offsetZ": 0.0, "rotationX": 0.0, "rotationY": 0.0, "rotationZ": -30.0 },
						"tail": { "offsetX": 0.0, "offsetY": 0.0, "offsetZ": 0.0, "rotationX": 0.0, "rotationY": 0.0, "rotationZ": 0.0 },
						"HeadHair": { "offsetX": 0.0, "offsetY": -0.2, "offsetZ": 0.0, "rotationX": 0.0, "rotationY": 0.0, "rotationZ": 3.0 }
					}
				},
				{
					"frame": 60,
					"elements": {
						"Body": { "offsetX": 0.0, "offsetY": 0.0, "offsetZ": 0.0, "rotationX": -2.0, "rotationY": 1.0, "rotationZ": 2.0 },
						"R front leg": { "offsetX": 0.0, "offsetY": -0.4, "offsetZ": 0.0, "rotationX": 2.0, "rotationY": -1.0, "rotationZ": -17.0 },
						"R front foot": { "offsetX": 0.0, "offsetY": 0.0, "offsetZ": 0.0, "rotationX": 0.0, "rotationY": 0.0, "rotationZ": -6.0 },
						"L front leg": { "offsetX": 0.0, "offsetY": -0.4, "offsetZ": 0.0, "rotationX": 0.0, "rotationY": 0.0, "rotationZ": 14.0 },
						"L front foot": { "offsetX": 0.0, "offsetY": 0.0, "offsetZ": 0.0, "rotationX": 0.0, "rotationY": 0.0, "rotationZ": 0.0 },
						"R back leg": { "offsetX": 0.4, "offsetY": -1.2, "offsetZ": 0.0, "rotationX": 2.0, "rotationY": -1.0, "rotationZ": 14.0 },
						"R back foot": { "offsetX": 0.0, "offsetY": 0.0, "offsetZ": 0.0, "rotationX": 0.0, "rotationY": 0.0, "rotationZ": -2.0 },
						"L back leg": { "offsetX": -1.6, "offsetY": -0.8, "offsetZ": 0.0, "rotationX": 0.0, "rotationY": 0.0, "rotationZ": 8.0 },
						"L back foot": { "offsetX": 0.0, "offsetY": 0.0, "offsetZ": 0.0, "rotationX": 0.0, "rotationY": 0.0, "rotationZ": -33.0 },
						"tail": { "offsetX": 0.0, "offsetY": 0.0, "offsetZ": 0.0, "rotationX": 0.0, "rotationY": 0.0, "rotationZ": 14.0 }
					}
				},
				{
					"frame": 75,
					"elements": {
						"Body": { "offsetX": 0.0, "offsetY": 0.0, "offsetZ": 0.0, "rotationX": 0.0, "rotationY": 0.0, "rotationZ": 0.0 },
						"R front leg": { "offsetX": -0.8, "offsetY": 0.0, "offsetZ": 0.0, "rotationX": 0.0, "rotationY": 0.0, "rotationZ": -6.0 },
						"R front foot": { "offsetX": 0.0, "offsetY": 0.0, "offsetZ": 0.0, "rotationX": 0.0, "rotationY": 0.0, "rotationZ": -6.0 },
						"L front leg": { "offsetX": 0.0, "offsetY": 0.0, "offsetZ": 0.0, "rotationX": 0.0, "rotationY": 0.0, "rotationZ": -8.0 },
						"L front foot": { "offsetX": 0.0, "offsetY": 0.0, "offsetZ": 0.0, "rotationX": 0.0, "rotationY": 0.0, "rotationZ": 30.0 },
						"R back leg": { "offsetX": 0.0, "offsetY": -0.8, "offsetZ": 0.0, "rotationX": 0.0, "rotationY": 0.0, "rotationZ": 17.0 },
						"R back foot": { "offsetX": 0.0, "offsetY": 0.0, "offsetZ": 0.0, "rotationX": 0.0, "rotationY": 0.0, "rotationZ": -19.0 },
						"tail": { "offsetX": 0.0, "offsetY": 0.0, "offsetZ": 0.0, "rotationX": 0.0, "rotationY": 0.0, "rotationZ": 11.0 }
					}
				}
			]
		},

		{
			"name": "Run",
			"code": "run",
			"quantityframes": 40,
			"onActivityStopped": "Rewind",
			"onAnimationEnd": "Repeat",
			"keyframes": [
				{
					"frame": 0,
					"elements": {
						"Body": { "offsetX": 0.0, "offsetY": -3.0, "offsetZ": 0.0, "rotationX": 0.0, "rotationY": 0.0, "rotationZ": -6.0 },
						"R front leg": { "offsetX": -0.8, "offsetY": 1.6, "offsetZ": 0.0, "rotationX": 0.0, "rotationY": 0.0, "rotationZ": -13.0 },
						"R front foot": { "offsetX": 0.0, "offsetY": 0.0, "offsetZ": 0.0, "rotationX": 0.0, "rotationY": 0.0, "rotationZ": 30.0 },
						"L front leg": { "offsetX": -0.8, "offsetY": 1.6, "offsetZ": 0.0, "rotationX": 0.0, "rotationY": 0.0, "rotationZ": -13.0 },
						"L front foot": { "offsetX": 0.0, "offsetY": 0.0, "offsetZ": 0.0, "rotationX": 0.0, "rotationY": 0.0, "rotationZ": 11.0 },
						"R back leg": { "rotationX": 0.0, "rotationY": 0.0, "rotationZ": 39.0 },
						"R back foot": { "offsetX": 0.0, "offsetY": 0.0, "offsetZ": 0.0, "rotationX": 0.0, "rotationY": 0.0, "rotationZ": -44.0 },
						"L back leg": { "rotationX": 0.0, "rotationY": 0.0, "rotationZ": 19.0 },
						"L back foot": { "offsetX": 0.0, "offsetY": 0.0, "offsetZ": 0.0, "rotationX": 0.0, "rotationY": 0.0, "rotationZ": -36.0 },
						"tail": { "offsetX": 0.0, "offsetY": 0.0, "offsetZ": 0.0, "rotationX": 0.0, "rotationY": 0.0, "rotationZ": 19.0 }
					}
				},
				{
					"frame": 10,
					"elements": {
						"Body": { "offsetX": 0.0, "offsetY": 0.0, "offsetZ": 0.0, "rotationX": 0.0, "rotationY": 0.0, "rotationZ": -6.0 },
						"R front leg": { "offsetX": 0.0, "offsetY": 0.0, "offsetZ": 0.0, "rotationX": 0.0, "rotationY": 0.0, "rotationZ": 30.0 },
						"R front foot": { "offsetX": 0.0, "offsetY": 0.0, "offsetZ": 0.0, "rotationX": 0.0, "rotationY": 0.0, "rotationZ": 50.0 },
						"L front leg": { "offsetX": 0.0, "offsetY": 0.0, "offsetZ": 0.0, "rotationX": 0.0, "rotationY": 0.0, "rotationZ": 17.0 },
						"L front foot": { "offsetX": 0.0, "offsetY": 0.0, "offsetZ": 0.0, "rotationX": 0.0, "rotationY": 0.0, "rotationZ": 28.0 },
						"R back leg": { "offsetX": 0.0, "offsetY": 0.0, "offsetZ": 0.0, "rotationX": 0.0, "rotationY": 0.0, "rotationZ": 42.0 },
						"R back foot": { "offsetX": 0.0, "offsetY": 0.0, "offsetZ": 0.0, "rotationX": 0.0, "rotationY": 0.0, "rotationZ": -6.0 },
						"L back leg": { "offsetX": 0.0, "offsetY": 0.0, "offsetZ": 0.0, "rotationX": 0.0, "rotationY": 0.0, "rotationZ": 30.0 },
						"L back foot": { "offsetX": 0.0, "offsetY": 0.0, "offsetZ": 0.0, "rotationX": 0.0, "rotationY": 0.0, "rotationZ": -11.0 },
						"tail": { "offsetX": 0.0, "offsetY": 0.0, "offsetZ": 0.0, "rotationX": 0.0, "rotationY": 0.0, "rotationZ": 0.0 }
					}
				},
				{
					"frame": 20,
					"elements": {
						"Body": { "rotationX": 0.0, "rotationY": 0.0, "rotationZ": 6.0 },
						"R front leg": { "offsetX": 0.0, "offsetY": 0.0, "offsetZ": 0.0, "rotationX": 0.0, "rotationY": 0.0, "rotationZ": -47.0 },
						"R front foot": { "offsetX": 0.0, "offsetY": 0.0, "offsetZ": 0.0, "rotationX": 0.0, "rotationY": 0.0, "rotationZ": 80.0 },
						"L front leg": { "offsetX": 0.0, "offsetY": 0.0, "offsetZ": 0.0, "rotationX": 0.0, "rotationY": 0.0, "rotationZ": -8.0 },
						"L front foot": { "offsetX": 0.0, "offsetY": 0.0, "offsetZ": 0.0, "rotationX": 0.0, "rotationY": 0.0, "rotationZ": 61.0 },
						"R back leg": { "offsetX": 0.0, "offsetY": 0.8, "offsetZ": 0.0, "rotationX": 0.0, "rotationY": 0.0, "rotationZ": 28.0 },
						"R back foot": { "offsetX": 0.0, "offsetY": 0.0, "offsetZ": 0.0, "rotationX": 0.0, "rotationY": 0.0, "rotationZ": -61.0 },
						"L back leg": { "offsetX": 0.0, "offsetY": 0.8, "offsetZ": 0.0, "rotationX": 0.0, "rotationY": 0.0, "rotationZ": 36.0 },
						"L back foot": { "offsetX": 0.0, "offsetY": 0.0, "offsetZ": 0.0, "rotationX": 0.0, "rotationY": 0.0, "rotationZ": -55.0 },
						"tail": { "offsetX": 0.0, "offsetY": 0.0, "offsetZ": 0.0, "rotationX": 0.0, "rotationY": 0.0, "rotationZ": 17.0 }
					}
				},
				{
					"frame": 30,
					"elements": {
						"Body": { "offsetX": 0.0, "offsetY": -1.0, "offsetZ": 0.0, "rotationX": 0.0, "rotationY": 0.0, "rotationZ": 6.0 },
						"R front leg": { "offsetX": -0.8, "offsetY": 0.8, "offsetZ": 0.0, "rotationX": 0.0, "rotationY": 0.0, "rotationZ": -53.0 },
						"R front foot": { "offsetX": 0.0, "offsetY": 0.0, "offsetZ": 0.0, "rotationX": 0.0, "rotationY": 0.0, "rotationZ": 17.0 },
						"L front leg": { "offsetX": -0.8, "offsetY": 0.8, "offsetZ": 0.0, "rotationX": 0.0, "rotationY": 0.0, "rotationZ": -47.0 },
						"L front foot": { "offsetX": 0.0, "offsetY": 0.0, "offsetZ": 0.0, "rotationX": 0.0, "rotationY": 0.0, "rotationZ": 28.0 },
						"R back leg": { "offsetX": -0.8, "offsetY": 0.8, "offsetZ": 0.0, "rotationX": 0.0, "rotationY": 0.0, "rotationZ": -17.0 },
						"R back foot": { "offsetX": 0.0, "offsetY": 0.0, "offsetZ": 0.0, "rotationX": 0.0, "rotationY": 0.0, "rotationZ": -30.0 },
						"L back leg": { "offsetX": -0.8, "offsetY": 0.8, "offsetZ": 0.0, "rotationX": 0.0, "rotationY": 0.0, "rotationZ": 8.0 },
						"L back foot": { "offsetX": 0.0, "offsetY": 0.0, "offsetZ": 0.0, "rotationX": 0.0, "rotationY": 0.0, "rotationZ": -36.0 },
						"tail": { "offsetX": 0.0, "offsetY": 0.0, "offsetZ": 0.0, "rotationX": 0.0, "rotationY": 0.0, "rotationZ": 8.0 }
					}
				}
			]
		},

		{
			"name": "Look",
			"code": "look",
			"quantityframes": 160,
			"onActivityStopped": "EaseOut",
			"onAnimationEnd": "Stop",
			"keyframes": [
				{
					"frame": 0,
					"elements": {
						"Body": { "offsetX": 0.0, "offsetY": 0.0, "offsetZ": 0.0, "rotationX": 0.0, "rotationY": 0.0, "rotationZ": 0.0 },
						"R front leg": { "offsetX": 0.0, "offsetY": 0.0, "offsetZ": 0.0, "rotationX": 0.0, "rotationY": 0.0, "rotationZ": 0.0 },
						"R front foot": { "offsetX": 0.0, "offsetY": 0.0, "offsetZ": 0.0, "rotationX": 0.0, "rotationY": 0.0, "rotationZ": 0.0 },
						"L front leg": { "offsetX": 0.0, "offsetY": 0.0, "offsetZ": 0.0, "rotationX": 0.0, "rotationY": 0.0, "rotationZ": 0.0 },
						"L front foot": { "offsetX": 0.0, "offsetY": 0.0, "offsetZ": 0.0, "rotationX": 0.0, "rotationY": 0.0, "rotationZ": 0.0 },
						"R back leg": { "offsetX": 0.0, "offsetY": 0.0, "offsetZ": 0.0, "rotationX": 0.0, "rotationY": 0.0, "rotationZ": 0.0 },
						"R back foot": { "offsetX": 0.0, "offsetY": 0.0, "offsetZ": 0.0, "rotationX": 0.0, "rotationY": 0.0, "rotationZ": 0.0 },
						"L back leg": { "offsetX": 0.0, "offsetY": 0.0, "offsetZ": 0.0, "rotationX": 0.0, "rotationY": 0.0, "rotationZ": 0.0 },
						"L back foot": { "offsetX": 0.0, "offsetY": 0.0, "offsetZ": 0.0, "rotationX": 0.0, "rotationY": 0.0, "rotationZ": 0.0 },
						"tail": { "offsetX": 0.0, "offsetY": 0.0, "offsetZ": 0.0, "rotationX": 0.0, "rotationY": 0.0, "rotationZ": 0.0 },
						"Head": { "rotationX": 0.0, "rotationY": 0.0, "rotationZ": 0.0 }
					}
				},
				{
					"frame": 25,
					"elements": {
						"Body": { "offsetX": 0.0, "offsetY": 0.0, "offsetZ": 0.0, "rotationX": -2.0, "rotationY": 2.0, "rotationZ": -1.0 },
						"R front leg": { "offsetX": 0.0, "offsetY": 0.0, "offsetZ": 0.0, "rotationX": 2.0, "rotationY": 0.0, "rotationZ": 1.0 },
						"R front foot": { "offsetX": 0.0, "offsetY": 0.0, "offsetZ": 0.0, "rotationX": 0.0, "rotationY": 0.0, "rotationZ": 0.0 },
						"L front leg": { "offsetX": 0.0, "offsetY": 0.0, "offsetZ": 0.0, "rotationX": 2.0, "rotationY": 0.0, "rotationZ": 1.0 },
						"L front foot": { "offsetX": 0.0, "offsetY": 0.0, "offsetZ": 0.0, "rotationX": 0.0, "rotationY": 0.0, "rotationZ": 0.0 },
						"R back leg": { "offsetX": 0.0, "offsetY": 0.0, "offsetZ": 0.0, "rotationX": 2.0, "rotationY": 0.0, "rotationZ": 1.0 },
						"R back foot": { "offsetX": 0.0, "offsetY": 0.0, "offsetZ": 0.0, "rotationX": 0.0, "rotationY": 0.0, "rotationZ": 0.0 },
						"L back leg": { "offsetX": 0.0, "offsetY": 0.0, "offsetZ": 0.0, "rotationX": 2.0, "rotationY": 0.0, "rotationZ": 1.0 },
						"L back foot": { "offsetX": 0.0, "offsetY": 0.0, "offsetZ": 0.0, "rotationX": 0.0, "rotationY": 0.0, "rotationZ": 0.0 },
						"tail": { "offsetX": 0.0, "offsetY": 0.0, "offsetZ": 0.0, "rotationX": 0.0, "rotationY": 0.0, "rotationZ": 0.0 }
					}
				},
				{
					"frame": 70,
					"elements": {
						"Body": { "offsetX": 0.0, "offsetY": 0.0, "offsetZ": 0.0, "rotationX": -2.0, "rotationY": 2.0, "rotationZ": 0.0 },
						"R front leg": { "offsetX": 0.0, "offsetY": 0.0, "offsetZ": 0.0, "rotationX": 2.0, "rotationY": 0.0, "rotationZ": 0.0 },
						"R front foot": { "offsetX": 0.0, "offsetY": 0.0, "offsetZ": 0.0, "rotationX": 0.0, "rotationY": 0.0, "rotationZ": 0.0 },
						"L front leg": { "offsetX": 0.0, "offsetY": 0.0, "offsetZ": 0.0, "rotationX": 2.0, "rotationY": 0.0, "rotationZ": 0.0 },
						"L front foot": { "offsetX": 0.0, "offsetY": 0.0, "offsetZ": 0.0, "rotationX": 0.0, "rotationY": 0.0, "rotationZ": 0.0 },
						"R back leg": { "offsetX": 0.0, "offsetY": 0.0, "offsetZ": 0.0, "rotationX": 2.0, "rotationY": 0.0, "rotationZ": 0.0 },
						"R back foot": { "offsetX": 0.0, "offsetY": 0.0, "offsetZ": 0.0, "rotationX": 0.0, "rotationY": 0.0, "rotationZ": 0.0 },
						"L back leg": { "offsetX": 0.0, "offsetY": 0.0, "offsetZ": 0.0, "rotationX": 2.0, "rotationY": 0.0, "rotationZ": 0.0 },
						"L back foot": { "offsetX": 0.0, "offsetY": 0.0, "offsetZ": 0.0, "rotationX": 0.0, "rotationY": 0.0, "rotationZ": 0.0 },
						"tail": { "offsetX": 0.0, "offsetY": 0.0, "offsetZ": 0.0, "rotationX": 0.0, "rotationY": 0.0, "rotationZ": 0.0 },
						"Head": { "rotationX": 9.3333, "rotationY": 14.0, "rotationZ": 0.0 }
					}
				},
				{
					"frame": 90,
					"elements": {
						"Body": { "offsetX": 0.0, "offsetY": 0.0, "offsetZ": 0.0, "rotationX": -3.0, "rotationY": 3.0, "rotationZ": -1.0 },
						"R front leg": { "offsetX": 0.0, "offsetY": 0.0, "offsetZ": 0.0, "rotationX": 3.0, "rotationY": 0.0, "rotationZ": 1.0 },
						"R front foot": { "offsetX": 0.0, "offsetY": 0.0, "offsetZ": 0.0, "rotationX": 0.0, "rotationY": 0.0, "rotationZ": 0.0 },
						"L front leg": { "offsetX": 0.0, "offsetY": 0.0, "offsetZ": 0.0, "rotationX": 3.0, "rotationY": 0.0, "rotationZ": 1.0 },
						"L front foot": { "offsetX": 0.0, "offsetY": 0.0, "offsetZ": 0.0, "rotationX": 0.0, "rotationY": 0.0, "rotationZ": 0.0 },
						"R back leg": { "offsetX": 0.0, "offsetY": 0.0, "offsetZ": 0.0, "rotationX": 3.0, "rotationY": 0.0, "rotationZ": 1.0 },
						"R back foot": { "offsetX": 0.0, "offsetY": 0.0, "offsetZ": 0.0, "rotationX": 0.0, "rotationY": 0.0, "rotationZ": 0.0 },
						"L back leg": { "offsetX": 0.0, "offsetY": 0.0, "offsetZ": 0.0, "rotationX": 3.0, "rotationY": 0.0, "rotationZ": 1.0 },
						"L back foot": { "offsetX": 0.0, "offsetY": 0.0, "offsetZ": 0.0, "rotationX": 0.0, "rotationY": 0.0, "rotationZ": 0.0 },
						"tail": { "offsetX": 0.0, "offsetY": 0.0, "offsetZ": 0.0, "rotationX": 0.0, "rotationY": 0.0, "rotationZ": 0.0 },
						"Head": { "rotationX": 0.0, "rotationY": 0.0, "rotationZ": 0.0 }
					}
				},
				{
					"frame": 135,
					"elements": {
						"Body": { "offsetX": 0.0, "offsetY": 0.0, "offsetZ": 0.0, "rotationX": -3.0, "rotationY": 3.0, "rotationZ": 0.0 },
						"R front leg": { "offsetX": 0.0, "offsetY": 0.0, "offsetZ": 0.0, "rotationX": 3.0, "rotationY": 0.0, "rotationZ": 0.0 },
						"R front foot": { "offsetX": 0.0, "offsetY": 0.0, "offsetZ": 0.0, "rotationX": 0.0, "rotationY": 0.0, "rotationZ": 0.0 },
						"L front leg": { "offsetX": 0.0, "offsetY": 0.0, "offsetZ": 0.0, "rotationX": 3.0, "rotationY": 0.0, "rotationZ": 0.0 },
						"L front foot": { "offsetX": 0.0, "offsetY": 0.0, "offsetZ": 0.0, "rotationX": 0.0, "rotationY": 0.0, "rotationZ": 0.0 },
						"R back leg": { "offsetX": 0.0, "offsetY": 0.0, "offsetZ": 0.0, "rotationX": 3.0, "rotationY": 0.0, "rotationZ": 0.0 },
						"R back foot": { "offsetX": 0.0, "offsetY": 0.0, "offsetZ": 0.0, "rotationX": 0.0, "rotationY": 0.0, "rotationZ": 0.0 },
						"L back leg": { "offsetX": 0.0, "offsetY": 0.0, "offsetZ": 0.0, "rotationX": 3.0, "rotationY": 0.0, "rotationZ": 0.0 },
						"L back foot": { "offsetX": 0.0, "offsetY": 0.0, "offsetZ": 0.0, "rotationX": 0.0, "rotationY": 0.0, "rotationZ": 0.0 },
						"tail": { "offsetX": 0.0, "offsetY": 0.0, "offsetZ": 0.0, "rotationX": 0.0, "rotationY": 0.0, "rotationZ": 0.0 },
						"Head": { "rotationX": 2.5926, "rotationY": -11.0, "rotationZ": 0.0 }
					}
				}
			]
		},

		{
			"name": "Idle",
			"code": "idle",
			"quantityframes": 80,
			"onActivityStopped": "EaseOut",
			"onAnimationEnd": "Repeat",
			"keyframes": [
				{
					"frame": 0,
					"elements": {
						"Body": { "offsetX": 0.0, "offsetY": 0.0, "offsetZ": 0.0, "rotationX": 0.0, "rotationY": 0.0, "rotationZ": 0.0 },
						"R front leg": { "offsetX": 0.0, "offsetY": 0.0, "offsetZ": 0.0, "rotationX": 0.0, "rotationY": 0.0, "rotationZ": 1.0 },
						"R front foot": { "offsetX": 0.0, "offsetY": 0.0, "offsetZ": 0.0, "rotationX": 0.0, "rotationY": 0.0, "rotationZ": -1.0 },
						"L front leg": { "offsetX": 0.0, "offsetY": 0.0, "offsetZ": 0.0, "rotationX": 0.0, "rotationY": 0.0, "rotationZ": 1.0 },
						"L front foot": { "offsetX": 0.0, "offsetY": 0.0, "offsetZ": 0.0, "rotationX": 0.0, "rotationY": 0.0, "rotationZ": -1.0 },
						"R back leg": { "offsetX": 0.0, "offsetY": 0.0, "offsetZ": 0.0, "rotationX": 0.0, "rotationY": 0.0, "rotationZ": 0.0 },
						"R back foot": { "offsetX": 0.0, "offsetY": 0.0, "offsetZ": 0.0, "rotationX": 0.0, "rotationY": 0.0, "rotationZ": 0.0 },
						"L back leg": { "offsetX": 0.0, "offsetY": 0.0, "offsetZ": 0.0, "rotationX": 0.0, "rotationY": 0.0, "rotationZ": 0.0 },
						"L back foot": { "offsetX": 0.0, "offsetY": 0.0, "offsetZ": 0.0, "rotationX": 0.0, "rotationY": 0.0, "rotationZ": 0.0 },
						"tail": { "offsetX": 0.0, "offsetY": 0.0, "offsetZ": 0.0, "rotationX": 0.0, "rotationY": 0.0, "rotationZ": 0.0 },
						"Ear": { "rotationX": 0.0, "rotationY": 0.0, "rotationZ": 0.0 },
						"Ear2": { "rotationX": 0.0, "rotationY": 0.0, "rotationZ": 0.0 }
					}
				},
				{
					"frame": 40,
					"elements": {
						"Body": { "offsetX": 0.0, "offsetY": 0.0, "offsetZ": 0.0, "rotationX": 0.0, "rotationY": 0.0, "rotationZ": -1.0 },
						"R front leg": { "offsetX": 0.0, "offsetY": 0.0, "offsetZ": 0.0, "rotationX": 0.0, "rotationY": 0.0, "rotationZ": 2.0 },
						"R front foot": { "offsetX": 0.0, "offsetY": 0.0, "offsetZ": 0.0, "rotationX": 0.0, "rotationY": 0.0, "rotationZ": 0.0 },
						"L front leg": { "offsetX": 0.0, "offsetY": 0.0, "offsetZ": 0.0, "rotationX": 0.0, "rotationY": 0.0, "rotationZ": 2.0 },
						"L front foot": { "offsetX": 0.0, "offsetY": 0.0, "offsetZ": 0.0, "rotationX": 0.0, "rotationY": 0.0, "rotationZ": 0.0 },
						"R back leg": { "offsetX": 0.0, "offsetY": 0.0, "offsetZ": 0.0, "rotationX": 0.0, "rotationY": 0.0, "rotationZ": 2.0 },
						"R back foot": { "offsetX": 0.0, "offsetY": 0.0, "offsetZ": 0.0, "rotationX": 0.0, "rotationY": 0.0, "rotationZ": -1.0 },
						"L back leg": { "offsetX": 0.0, "offsetY": 0.0, "offsetZ": 0.0, "rotationX": 0.0, "rotationY": 0.0, "rotationZ": 2.0 },
						"L back foot": { "offsetX": 0.0, "offsetY": 0.0, "offsetZ": 0.0, "rotationX": 0.0, "rotationY": 0.0, "rotationZ": -1.0 },
						"tail": { "offsetX": 0.0, "offsetY": 0.0, "offsetZ": 0.0, "rotationX": 0.0, "rotationY": 0.0, "rotationZ": 6.0 },
						"Ear2": { "rotationX": 0.0, "rotationY": 0.0, "rotationZ": -8.0 },
						"Ear": { "rotationX": 0.0, "rotationY": 0.0, "rotationZ": 8.0 }
					}
				}
			]
		},

		{
			"name": "Death",
			"code": "death",
			"quantityframes": 120,
			"onActivityStopped": "Stop",
			"onAnimationEnd": "Hold",
			"keyframes": [
				{
					"frame": 0,
					"elements": {
						"Body": { "offsetX": 0.0, "offsetY": 0.0, "offsetZ": 0.0, "rotationX": 0.0, "rotationY": 0.0, "rotationZ": 0.0 },
						"R front leg": { "offsetX": 0.0, "offsetY": 0.0, "offsetZ": 0.0, "rotationX": 0.0, "rotationY": 0.0, "rotationZ": 0.0 },
						"R front foot": { "offsetX": 0.0, "offsetY": 0.0, "offsetZ": 0.0, "rotationX": 0.0, "rotationY": 0.0, "rotationZ": 0.0 },
						"L front leg": { "offsetX": 0.0, "offsetY": 0.0, "offsetZ": 0.0, "rotationX": 0.0, "rotationY": 0.0, "rotationZ": 0.0 },
						"L front foot": { "offsetX": 0.0, "offsetY": 0.0, "offsetZ": 0.0, "rotationX": 0.0, "rotationY": 0.0, "rotationZ": 0.0 },
						"R back leg": { "offsetX": 0.0, "offsetY": 0.0, "offsetZ": 0.0, "rotationX": 0.0, "rotationY": 0.0, "rotationZ": 0.0 },
						"R back foot": { "offsetX": 0.0, "offsetY": 0.0, "offsetZ": 0.0, "rotationX": 0.0, "rotationY": 0.0, "rotationZ": 0.0 },
						"L back leg": { "offsetX": 0.0, "offsetY": 0.0, "offsetZ": 0.0, "rotationX": 0.0, "rotationY": 0.0, "rotationZ": 0.0 },
						"L back foot": { "offsetX": 0.0, "offsetY": 0.0, "offsetZ": 0.0, "rotationX": 0.0, "rotationY": 0.0, "rotationZ": 0.0 },
						"tail": { "offsetX": 0.0, "offsetY": 0.0, "offsetZ": 0.0, "rotationX": 0.0, "rotationY": 0.0, "rotationZ": 0.0 }
					}
				},
				{
					"frame": 10,
					"elements": {
						"Body": { "offsetX": 3.2, "offsetY": 0.0, "offsetZ": 0.0, "rotationX": -4.0, "rotationY": -4.0, "rotationZ": -8.0 },
						"R front leg": { "offsetX": 0.0, "offsetY": -0.4, "offsetZ": 0.0, "rotationX": 4.0, "rotationY": 0.0, "rotationZ": 4.0 },
						"R front foot": { "offsetX": 0.0, "offsetY": 0.0, "offsetZ": 0.0, "rotationX": 0.0, "rotationY": 0.0, "rotationZ": 0.0 },
						"L front leg": { "offsetX": 0.0, "offsetY": -0.8, "offsetZ": 0.0, "rotationX": 0.0, "rotationY": 0.0, "rotationZ": 4.0 },
						"L front foot": { "offsetX": 0.0, "offsetY": 0.0, "offsetZ": 0.0, "rotationX": 0.0, "rotationY": 0.0, "rotationZ": 0.0 },
						"R back leg": { "offsetX": 0.0, "offsetY": 0.8, "offsetZ": 0.0, "rotationX": 2.0, "rotationY": 0.0, "rotationZ": 6.0 },
						"R back foot": { "offsetX": 0.0, "offsetY": 0.0, "offsetZ": 0.0, "rotationX": 0.0, "rotationY": 0.0, "rotationZ": -12.0 },
						"L back leg": { "offsetX": 0.0, "offsetY": 0.8, "offsetZ": 0.0, "rotationX": 0.0, "rotationY": 0.0, "rotationZ": 7.0 },
						"L back foot": { "offsetX": 0.0, "offsetY": 0.0, "offsetZ": 0.0, "rotationX": 0.0, "rotationY": 0.0, "rotationZ": -10.0 },
						"tail": { "offsetX": 0.0, "offsetY": 0.0, "offsetZ": 0.0, "rotationX": 0.0, "rotationY": 0.0, "rotationZ": 58.0 }
					}
				},
				{
					"frame": 45,
					"elements": {
						"Body": { "offsetX": 1.6, "offsetY": 0.0, "offsetZ": 0.0, "rotationX": 3.0, "rotationY": 6.0, "rotationZ": 2.0 },
						"R front leg": { "offsetX": 0.0, "offsetY": 0.4, "offsetZ": 0.0, "rotationX": 4.0, "rotationY": 2.0, "rotationZ": 3.0 },
						"R front foot": { "offsetX": 0.0, "offsetY": 0.0, "offsetZ": 0.0, "rotationX": 0.0, "rotationY": 0.0, "rotationZ": 6.0 },
						"L front leg": { "offsetX": 0.0, "offsetY": 0.0, "offsetZ": 0.0, "rotationX": -4.0, "rotationY": 4.0, "rotationZ": -8.0 },
						"L front foot": { "offsetX": 0.0, "offsetY": 0.0, "offsetZ": 0.0, "rotationX": -4.0, "rotationY": 0.0, "rotationZ": 8.0 },
						"R back leg": { "offsetX": 0.0, "offsetY": -0.4, "offsetZ": 0.0, "rotationX": -6.0, "rotationY": 4.0, "rotationZ": 0.0 },
						"R back foot": { "offsetX": 0.0, "offsetY": 0.0, "offsetZ": 0.0, "rotationX": 0.0, "rotationY": 0.0, "rotationZ": -8.0 },
						"L back leg": { "offsetX": 0.0, "offsetY": -0.4, "offsetZ": 0.0, "rotationX": -10.0, "rotationY": 10.0, "rotationZ": -8.0 },
						"L back foot": { "offsetX": 0.0, "offsetY": -0.4, "offsetZ": 0.0, "rotationX": 0.0, "rotationY": 0.0, "rotationZ": -6.0 },
						"tail": { "offsetX": 0.0, "offsetY": 0.0, "offsetZ": 0.0, "rotationX": 0.0, "rotationY": 0.0, "rotationZ": 47.0 }
					}
				},
				{
					"frame": 70,
					"elements": {
						"Body": { "offsetX": -3.2, "offsetY": 6.4, "offsetZ": -4.0, "rotationX": -75.0, "rotationY": 6.0, "rotationZ": 40.0 },
						"R front leg": { "offsetX": 0.0, "offsetY": 0.8, "offsetZ": 0.0, "rotationX": 4.0, "rotationY": 2.0, "rotationZ": 36.0 },
						"R front foot": { "offsetX": 0.0, "offsetY": 0.0, "offsetZ": 0.0, "rotationX": 0.0, "rotationY": 0.0, "rotationZ": 33.0 },
						"L front leg": { "offsetX": 0.0, "offsetY": 0.8, "offsetZ": 0.0, "rotationX": 19.0, "rotationY": 4.0, "rotationZ": -6.0 },
						"L front foot": { "offsetX": 0.0, "offsetY": 0.0, "offsetZ": 0.0, "rotationX": -4.0, "rotationY": 0.0, "rotationZ": 33.0 },
						"R back leg": { "offsetX": 0.0, "offsetY": -0.4, "offsetZ": 0.0, "rotationX": -6.0, "rotationY": 22.0, "rotationZ": 14.0 },
						"R back foot": { "offsetX": 0.0, "offsetY": 0.0, "offsetZ": 0.0, "rotationX": 8.0, "rotationY": 0.0, "rotationZ": -33.0 },
						"L back leg": { "offsetX": 0.0, "offsetY": -0.4, "offsetZ": 0.0, "rotationX": 13.0, "rotationY": 28.0, "rotationZ": -8.0 },
						"L back foot": { "offsetX": 0.0, "offsetY": -0.4, "offsetZ": 0.0, "rotationX": 0.0, "rotationY": 0.0, "rotationZ": -3.0 },
						"tail": { "offsetX": 0.0, "offsetY": 0.0, "offsetZ": 0.0, "rotationX": 8.0, "rotationY": 36.0, "rotationZ": 36.0 }
					}
				},
				{
					"frame": 72,
					"elements": {
						"Body": { "offsetX": -3.2, "offsetY": 6.4, "offsetZ": -4.0, "rotationX": -73.0, "rotationY": 3.0, "rotationZ": 40.0 },
						"R front leg": { "offsetX": 0.0, "offsetY": 0.8, "offsetZ": 0.0, "rotationX": 4.0, "rotationY": 2.0, "rotationZ": 36.0 },
						"R front foot": { "offsetX": 0.0, "offsetY": 0.0, "offsetZ": 0.0, "rotationX": 0.0, "rotationY": 0.0, "rotationZ": 33.0 },
						"L front leg": { "offsetX": 0.0, "offsetY": 0.8, "offsetZ": 0.0, "rotationX": 19.0, "rotationY": 4.0, "rotationZ": -6.0 },
						"L front foot": { "offsetX": 0.0, "offsetY": 0.0, "offsetZ": 0.0, "rotationX": -4.0, "rotationY": 0.0, "rotationZ": 33.0 },
						"R back leg": { "offsetX": 0.0, "offsetY": -0.4, "offsetZ": 0.0, "rotationX": -6.0, "rotationY": 22.0, "rotationZ": 14.0 },
						"R back foot": { "offsetX": 0.0, "offsetY": 0.0, "offsetZ": 0.0, "rotationX": 8.0, "rotationY": 0.0, "rotationZ": -33.0 },
						"L back leg": { "offsetX": 0.0, "offsetY": -0.4, "offsetZ": 0.0, "rotationX": 13.0, "rotationY": 28.0, "rotationZ": -8.0 },
						"L back foot": { "offsetX": 0.0, "offsetY": -0.4, "offsetZ": 0.0, "rotationX": 0.0, "rotationY": 0.0, "rotationZ": -3.0 },
						"tail": { "offsetX": 0.0, "offsetY": 0.0, "offsetZ": 0.0, "rotationX": 8.0, "rotationY": 36.0, "rotationZ": 36.0 }
					}
				},
				{
					"frame": 78,
					"elements": {
						"Body": { "offsetX": -3.2, "offsetY": 6.4, "offsetZ": -4.0, "rotationX": -75.0, "rotationY": 6.0, "rotationZ": 40.0 },
						"R front leg": { "offsetX": 0.0, "offsetY": 0.8, "offsetZ": 0.0, "rotationX": 4.0, "rotationY": 2.0, "rotationZ": 36.0 },
						"R front foot": { "offsetX": 0.0, "offsetY": 0.0, "offsetZ": 0.0, "rotationX": 0.0, "rotationY": 0.0, "rotationZ": 33.0 },
						"L front leg": { "offsetX": 0.0, "offsetY": 0.8, "offsetZ": 0.0, "rotationX": 19.0, "rotationY": 4.0, "rotationZ": -6.0 },
						"L front foot": { "offsetX": 0.0, "offsetY": 0.0, "offsetZ": 0.0, "rotationX": -4.0, "rotationY": 0.0, "rotationZ": 33.0 },
						"R back leg": { "offsetX": 0.0, "offsetY": -0.4, "offsetZ": 0.0, "rotationX": -6.0, "rotationY": 22.0, "rotationZ": 14.0 },
						"R back foot": { "offsetX": 0.0, "offsetY": 0.0, "offsetZ": 0.0, "rotationX": 8.0, "rotationY": 0.0, "rotationZ": -33.0 },
						"L back leg": { "offsetX": 0.0, "offsetY": -0.4, "offsetZ": 0.0, "rotationX": 13.0, "rotationY": 28.0, "rotationZ": -8.0 },
						"L back foot": { "offsetX": 0.0, "offsetY": -0.4, "offsetZ": 0.0, "rotationX": 0.0, "rotationY": 0.0, "rotationZ": -3.0 },
						"tail": { "offsetX": 0.0, "offsetY": 0.0, "offsetZ": 0.0, "rotationX": 8.0, "rotationY": 36.0, "rotationZ": 36.0 }
					}
				},
				{
					"frame": 119,
					"elements": {
						"Body": { "offsetX": -3.2, "offsetY": 6.4, "offsetZ": -4.0, "rotationX": -75.0, "rotationY": 6.0, "rotationZ": 40.0 },
						"R front leg": { "offsetX": 0.0, "offsetY": 0.8, "offsetZ": 0.0, "rotationX": 4.0, "rotationY": 2.0, "rotationZ": 36.0 },
						"R front foot": { "offsetX": 0.0, "offsetY": 0.0, "offsetZ": 0.0, "rotationX": 0.0, "rotationY": 0.0, "rotationZ": 33.0 },
						"L front leg": { "offsetX": 0.0, "offsetY": 0.8, "offsetZ": 0.0, "rotationX": 19.0, "rotationY": 4.0, "rotationZ": -6.0 },
						"L front foot": { "offsetX": 0.0, "offsetY": 0.0, "offsetZ": 0.0, "rotationX": -4.0, "rotationY": 0.0, "rotationZ": 33.0 },
						"R back leg": { "offsetX": 0.0, "offsetY": -0.4, "offsetZ": 0.0, "rotationX": -6.0, "rotationY": 22.0, "rotationZ": 14.0 },
						"R back foot": { "offsetX": 0.0, "offsetY": 0.0, "offsetZ": 0.0, "rotationX": 8.0, "rotationY": 0.0, "rotationZ": -33.0 },
						"L back leg": { "offsetX": 0.0, "offsetY": -0.4, "offsetZ": 0.0, "rotationX": 13.0, "rotationY": 28.0, "rotationZ": -8.0 },
						"L back foot": { "offsetX": 0.0, "offsetY": -0.4, "offsetZ": 0.0, "rotationX": 0.0, "rotationY": 0.0, "rotationZ": -3.0 },
						"tail": { "offsetX": 0.0, "offsetY": 0.0, "offsetZ": 0.0, "rotationX": 8.0, "rotationY": 36.0, "rotationZ": 36.0 }
					}
				}
			]
		},

		{
			"name": "Attack",
			"code": "attack",
			"quantityframes": 75,
			"onActivityStopped": "PlayTillEnd",
			"onAnimationEnd": "Stop",
			"keyframes": [
				{
					"frame": 0,
					"elements": {
						"Body": { "offsetX": 0.0, "offsetY": 0.0, "offsetZ": 0.0, "rotationX": 0.0, "rotationY": 0.0, "rotationZ": 0.0 },
						"R front leg": { "offsetX": 0.0, "offsetY": 0.0, "offsetZ": 0.0, "rotationX": 0.0, "rotationY": 0.0, "rotationZ": 0.0 },
						"R front foot": { "offsetX": 0.0, "offsetY": 0.0, "offsetZ": 0.0, "rotationX": 0.0, "rotationY": 0.0, "rotationZ": 0.0 },
						"L front leg": { "offsetX": 0.0, "offsetY": 0.0, "offsetZ": 0.0, "rotationX": 0.0, "rotationY": 0.0, "rotationZ": 0.0 },
						"L front foot": { "offsetX": 0.0, "offsetY": 0.0, "offsetZ": 0.0, "rotationX": 0.0, "rotationY": 0.0, "rotationZ": 0.0 },
						"R back leg": { "offsetX": 0.0, "offsetY": 0.0, "offsetZ": 0.0, "rotationX": 0.0, "rotationY": 0.0, "rotationZ": 0.0 },
						"R back foot": { "offsetX": 0.0, "offsetY": 0.0, "offsetZ": 0.0, "rotationX": 0.0, "rotationY": 0.0, "rotationZ": 0.0 },
						"L back leg": { "offsetX": 0.0, "offsetY": 0.0, "offsetZ": 0.0, "rotationX": 0.0, "rotationY": 0.0, "rotationZ": 0.0 },
						"L back foot": { "offsetX": 0.0, "offsetY": 0.0, "offsetZ": 0.0, "rotationX": 0.0, "rotationY": 0.0, "rotationZ": 0.0 },
						"tail": { "offsetX": 0.0, "offsetY": 0.0, "offsetZ": 0.0, "rotationX": 0.0, "rotationY": 0.0, "rotationZ": 0.0 }
					}
				},
				{
					"frame": 7,
					"elements": {
						"L front leg": { "offsetX": 0.0, "offsetY": 1.6, "offsetZ": 0.0 },
						"R back foot": { "offsetX": 0.0, "offsetY": 0.8, "offsetZ": 0.0 }
					}
				},
				{
					"frame": 15,
					"elements": {
						"R front leg": { "rotationX": 0.0, "rotationY": 0.0, "rotationZ": -16.0 },
						"L front leg": { "rotationX": 0.0, "rotationY": 0.0, "rotationZ": -10.0 },
						"L back leg": { "offsetX": 0.0, "offsetY": 0.0, "offsetZ": 0.0, "rotationX": 0.0, "rotationY": 0.0, "rotationZ": -10.0 },
						"R back foot": { "offsetX": 0.0, "offsetY": 0.0, "offsetZ": 0.0, "rotationX": 0.0, "rotationY": 0.0, "rotationZ": 5.0 }
					}
				},
				{
					"frame": 22,
					"elements": {
						"R front leg": { "offsetX": 0.0, "offsetY": 2.4, "offsetZ": 0.0 },
						"L back leg": { "offsetX": 0.0, "offsetY": 0.8, "offsetZ": 0.0 }
					}
				},
				{
					"frame": 30,
					"elements": {
						"Body": { "offsetX": 8.0, "offsetY": -1.2, "offsetZ": 0.0, "rotationX": 0.0, "rotationY": 0.0, "rotationZ": 12.0 },
						"R front leg": { "offsetX": 0.0, "offsetY": 1.2, "offsetZ": 0.0, "rotationX": 0.0, "rotationY": 0.0, "rotationZ": 0.0 },
						"R front foot": { "offsetX": 0.0, "offsetY": 0.0, "offsetZ": 0.0, "rotationX": 0.0, "rotationY": 0.0, "rotationZ": 5.0 },
						"L front leg": { "offsetX": 0.0, "offsetY": 1.2, "offsetZ": 0.0, "rotationX": 0.0, "rotationY": 0.0, "rotationZ": -30.0 },
						"L front foot": { "offsetX": 0.0, "offsetY": 0.0, "offsetZ": 0.0, "rotationX": 0.0, "rotationY": 0.0, "rotationZ": 10.0 },
						"R back leg": { "offsetX": 0.0, "offsetY": -0.4, "offsetZ": 0.0, "rotationX": 0.0, "rotationY": 0.0, "rotationZ": -10.0 },
						"R back foot": { "offsetX": 0.0, "offsetY": 0.0, "offsetZ": 0.0, "rotationX": 0.0, "rotationY": 0.0, "rotationZ": -5.0 },
						"L back leg": { "offsetX": 0.0, "offsetY": -0.8, "offsetZ": 0.0, "rotationX": 0.0, "rotationY": 0.0, "rotationZ": 0.0 },
						"L back foot": { "offsetX": 0.0, "offsetY": 0.0, "offsetZ": 0.0, "rotationX": 0.0, "rotationY": 0.0, "rotationZ": 0.0 },
						"tail": { "offsetX": 0.0, "offsetY": 0.0, "offsetZ": 0.0, "rotationX": 0.0, "rotationY": 0.0, "rotationZ": 0.0 }
					}
				},
				{
					"frame": 35,
					"elements": {
						"R front leg": { "offsetX": 0.0, "offsetY": 2.4, "offsetZ": 0.0 },
						"L back leg": { "offsetX": 0.0, "offsetY": 0.4, "offsetZ": 0.0 }
					}
				},
				{
					"frame": 38,
					"elements": {
						"Body": { "offsetX": 2.88, "offsetY": -0.56, "offsetZ": 0.0, "rotationX": 0.0, "rotationY": 0.0, "rotationZ": 9.2 },
						"R front leg": { "offsetX": 0.0, "offsetY": 1.6, "offsetZ": 0.0, "rotationX": 0.0, "rotationY": 0.0, "rotationZ": -26.0 },
						"R front foot": { "offsetX": 0.0, "offsetY": 0.0, "offsetZ": 0.0, "rotationX": 0.0, "rotationY": 0.0, "rotationZ": 9.0 },
						"L front leg": { "offsetX": 0.0, "offsetY": 1.6, "offsetZ": 0.0, "rotationX": 0.0, "rotationY": 0.0, "rotationZ": -15.0 },
						"L front foot": { "offsetX": 0.0, "offsetY": 0.0, "offsetZ": 0.0, "rotationX": 0.0, "rotationY": 0.0, "rotationZ": 14.0 },
						"R back leg": { "offsetX": 0.0, "offsetY": -0.08, "offsetZ": 0.0, "rotationX": 0.0, "rotationY": 0.0, "rotationZ": 0.0 },
						"R back foot": { "offsetX": 0.0, "offsetY": 0.0, "offsetZ": 0.0, "rotationX": 0.0, "rotationY": 0.0, "rotationZ": -7.0 },
						"L back leg": { "offsetX": 0.0, "offsetY": 0.0, "offsetZ": 0.0, "rotationX": 0.0, "rotationY": 0.0, "rotationZ": -10.0 },
						"L back foot": { "offsetX": 0.0, "offsetY": 0.0, "offsetZ": 0.0, "rotationX": 0.0, "rotationY": 0.0, "rotationZ": 0.0 },
						"tail": { "offsetX": 0.0, "offsetY": 0.0, "offsetZ": 0.0, "rotationX": 0.0, "rotationY": 0.0, "rotationZ": 0.0 }
					}
				},
				{
					"frame": 42,
					"elements": {
						"L front leg": { "offsetX": 0.0, "offsetY": 2.4, "offsetZ": 0.0 },
						"R back leg": { "offsetX": 0.0, "offsetY": 0.8, "offsetZ": 0.0 }
					}
				},
				{
					"frame": 45,
					"elements": {
						"Body": { "offsetX": -4.8, "offsetY": -0.6, "offsetZ": 0.0, "rotationX": 0.0, "rotationY": 0.0, "rotationZ": 5.0 },
						"R front leg": { "offsetX": 0.0, "offsetY": 1.2, "offsetZ": 0.0, "rotationX": 0.0, "rotationY": 0.0, "rotationZ": -5.0 },
						"R front foot": { "offsetX": 0.0, "offsetY": 0.0, "offsetZ": 0.0, "rotationX": 0.0, "rotationY": 0.0, "rotationZ": 15.0 },
						"L front leg": { "offsetX": 0.0, "offsetY": 1.2, "offsetZ": 0.0, "rotationX": 0.0, "rotationY": 0.0, "rotationZ": -30.0 },
						"L front foot": { "offsetX": 0.0, "offsetY": 0.0, "offsetZ": 0.0, "rotationX": 0.0, "rotationY": 0.0, "rotationZ": 20.0 },
						"R back leg": { "offsetX": 0.0, "offsetY": 0.4, "offsetZ": 0.0, "rotationX": 0.0, "rotationY": 0.0, "rotationZ": -10.0 },
						"R back foot": { "offsetX": 0.0, "offsetY": 0.0, "offsetZ": 0.0, "rotationX": 0.0, "rotationY": 0.0, "rotationZ": -10.0 },
						"L back leg": { "offsetX": 0.0, "offsetY": 0.0, "offsetZ": 0.0, "rotationX": 0.0, "rotationY": 0.0, "rotationZ": 10.0 },
						"L back foot": { "offsetX": 0.0, "offsetY": 0.0, "offsetZ": 0.0, "rotationX": 0.0, "rotationY": 0.0, "rotationZ": 0.0 },
						"tail": { "offsetX": 0.0, "offsetY": 0.0, "offsetZ": 0.0, "rotationX": 0.0, "rotationY": 0.0, "rotationZ": 0.0 }
					}
				},
				{
					"frame": 50,
					"elements": {
						"Body": { "offsetX": -8.0, "offsetY": -2.6, "offsetZ": 0.0, "rotationX": 0.0, "rotationY": 0.0, "rotationZ": -10.0 },
						"R front leg": { "offsetX": 0.0, "offsetY": -0.8, "offsetZ": 0.0, "rotationX": 0.0, "rotationY": 0.0, "rotationZ": 15.0 },
						"R front foot": { "offsetX": 0.0, "offsetY": 0.0, "offsetZ": 0.0, "rotationX": 0.0, "rotationY": 0.0, "rotationZ": 15.0 },
						"L front leg": { "offsetX": 0.0, "offsetY": -0.8, "offsetZ": 0.0, "rotationX": 0.0, "rotationY": 0.0, "rotationZ": 10.0 },
						"L front foot": { "offsetX": 0.0, "offsetY": 0.0, "offsetZ": 0.0, "rotationX": 0.0, "rotationY": 0.0, "rotationZ": 10.0 },
						"R back leg": { "offsetX": 0.0, "offsetY": 0.8, "offsetZ": 0.0, "rotationX": 0.0, "rotationY": 0.0, "rotationZ": 5.0 },
						"R back foot": { "offsetX": 0.0, "offsetY": 0.0, "offsetZ": 0.0, "rotationX": 0.0, "rotationY": 0.0, "rotationZ": 0.0 },
						"L back leg": { "offsetX": 0.0, "offsetY": 0.0, "offsetZ": 0.0, "rotationX": 0.0, "rotationY": 0.0, "rotationZ": 30.0 },
						"L back foot": { "offsetX": 0.0, "offsetY": 0.0, "offsetZ": 0.0, "rotationX": 0.0, "rotationY": 0.0, "rotationZ": 0.0 },
						"tail": { "offsetX": 0.0, "offsetY": 0.0, "offsetZ": 0.0, "rotationX": 0.0, "rotationY": 0.0, "rotationZ": 0.0 }
					}
				},
				{
					"frame": 57,
					"elements": {
						"L front leg": { "offsetX": 0.0, "offsetY": -0.4, "offsetZ": 0.0, "rotationX": 0.0, "rotationY": 0.0, "rotationZ": 0.0 }
					}
				},
				{
					"frame": 62,
					"elements": {
						"R back leg": { "offsetX": 0.0, "offsetY": 1.2, "offsetZ": 0.0 }
					}
				},
				{
					"frame": 65,
					"elements": {
						"L front leg": { "offsetX": 0.0, "offsetY": 0.4, "offsetZ": 0.0 }
					}
				}
			]
		},

		{
			"name": "Eat",
			"code": "eat",
			"quantityframes": 120,
			"onActivityStopped": "PlayTillEnd",
			"onAnimationEnd": "Stop",
			"keyframes": [
				{
					"frame": 0,
					"elements": {
						"Body": { "offsetX": 0.0, "offsetY": 0.0, "offsetZ": 0.0, "rotationX": 0.0, "rotationY": 0.0, "rotationZ": 0.0 },
						"R front leg": { "offsetX": 0.0, "offsetY": 0.0, "offsetZ": 0.0, "rotationX": 0.0, "rotationY": 0.0, "rotationZ": 0.0 },
						"R front foot": { "offsetX": 0.0, "offsetY": 0.0, "offsetZ": 0.0, "rotationX": 0.0, "rotationY": 0.0, "rotationZ": 0.0 },
						"L front leg": { "offsetX": 0.0, "offsetY": 0.0, "offsetZ": 0.0, "rotationX": 0.0, "rotationY": 0.0, "rotationZ": 0.0 },
						"L front foot": { "offsetX": 0.0, "offsetY": 0.0, "offsetZ": 0.0, "rotationX": 0.0, "rotationY": 0.0, "rotationZ": 0.0 },
						"R back leg": { "offsetX": 0.0, "offsetY": 0.0, "offsetZ": 0.0, "rotationX": 0.0, "rotationY": 0.0, "rotationZ": 0.0 },
						"R back foot": { "offsetX": 0.0, "offsetY": 0.0, "offsetZ": 0.0, "rotationX": 0.0, "rotationY": 0.0, "rotationZ": 0.0 },
						"L back leg": { "offsetX": 0.0, "offsetY": 0.0, "offsetZ": 0.0, "rotationX": 0.0, "rotationY": 0.0, "rotationZ": 0.0 },
						"L back foot": { "offsetX": 0.0, "offsetY": 0.0, "offsetZ": 0.0, "rotationX": 0.0, "rotationY": 0.0, "rotationZ": 0.0 },
						"tail": { "offsetX": 0.0, "offsetY": 0.0, "offsetZ": 0.0, "rotationX": 0.0, "rotationY": 0.0, "rotationZ": 0.0 },
						"Neck2": { "offsetX": 0.0, "offsetY": 0.0, "offsetZ": 0.0, "rotationX": 0.0, "rotationY": 0.0, "rotationZ": 0.0 },
						"Mouth": { "offsetX": 0.0, "offsetY": 0.0, "offsetZ": 0.0, "rotationX": 0.0, "rotationY": 0.0, "rotationZ": 0.0 },
						"HeadHair": { "offsetX": 0.0, "offsetY": 0.0, "offsetZ": 0.0, "rotationX": 0.0, "rotationY": 0.0, "rotationZ": 0.0 },
						"Neck1": { "rotationX": 0.0, "rotationY": 0.0, "rotationZ": 0.0 }
					}
				},
				{
					"frame": 8,
					"elements": {
						"L back leg": { "offsetX": 0.0, "offsetY": 0.0, "offsetZ": 0.0 }
					}
				},
				{
					"frame": 17,
					"elements": {
						"R front leg": { "offsetX": 0.0, "offsetY": 1.6, "offsetZ": 0.0 },
						"Neck2": { "offsetX": -1.0, "offsetY": 0.0, "offsetZ": 0.0, "rotationX": 0.0, "rotationY": 0.0, "rotationZ": 11.0 },
						"Neck1": { "offsetX": 0.0, "offsetY": -1.0, "offsetZ": 0.0, "rotationX": 0.0, "rotationY": 0.0, "rotationZ": 19.0 }
					}
				},
				{
					"frame": 35,
					"elements": {
						"Body": { "offsetX": 0.0, "offsetY": 1.4, "offsetZ": 0.0, "rotationX": -3.0, "rotationY": 2.0, "rotationZ": 20.0 },
						"R front leg": { "offsetX": 0.0, "offsetY": 1.6, "offsetZ": 0.0, "rotationX": 3.0, "rotationY": 0.0, "rotationZ": 10.0 },
						"R front foot": { "offsetX": 0.0, "offsetY": 0.0, "offsetZ": 0.0, "rotationX": 0.0, "rotationY": 0.0, "rotationZ": -10.0 },
						"L front leg": { "offsetX": 0.0, "offsetY": 1.6, "offsetZ": 0.0, "rotationX": 0.0, "rotationY": 0.0, "rotationZ": -15.0 },
						"L front foot": { "offsetX": 0.0, "offsetY": 0.0, "offsetZ": 0.0, "rotationX": 0.0, "rotationY": 0.0, "rotationZ": -10.0 },
						"R back leg": { "offsetX": 0.0, "offsetY": -0.8, "offsetZ": 0.0, "rotationX": 3.0, "rotationY": 0.0, "rotationZ": -22.5 },
						"R back foot": { "offsetX": 0.0, "offsetY": 0.0, "offsetZ": 0.0, "rotationX": 0.0, "rotationY": 0.0, "rotationZ": 0.0 },
						"L back leg": { "offsetX": -0.8, "offsetY": -1.6, "offsetZ": 0.0, "rotationX": 0.0, "rotationY": 0.0, "rotationZ": 0.0 },
						"L back foot": { "offsetX": 0.0, "offsetY": 0.0, "offsetZ": 0.0, "rotationX": 0.0, "rotationY": 0.0, "rotationZ": 0.0 },
						"tail": { "offsetX": 0.0, "offsetY": 0.0, "offsetZ": 0.0, "rotationX": 0.0, "rotationY": 0.0, "rotationZ": 0.0 }
					}
				},
				{
					"frame": 45,
					"elements": {
						"Body": { "offsetX": 0.0, "offsetY": 1.4, "offsetZ": 0.0, "rotationX": -3.0, "rotationY": 2.0, "rotationZ": 22.0 },
						"R front leg": { "offsetX": 0.0, "offsetY": 1.6, "offsetZ": 0.0, "rotationX": 3.0, "rotationY": 0.0, "rotationZ": 8.0 },
						"R front foot": { "offsetX": 0.0, "offsetY": 0.0, "offsetZ": 0.0, "rotationX": 0.0, "rotationY": 0.0, "rotationZ": -10.0 },
						"L front leg": { "offsetX": 0.0, "offsetY": 1.6, "offsetZ": 0.0, "rotationX": 0.0, "rotationY": 0.0, "rotationZ": -17.0 },
						"L front foot": { "offsetX": 0.0, "offsetY": 0.0, "offsetZ": 0.0, "rotationX": 0.0, "rotationY": 0.0, "rotationZ": -10.0 },
						"R back leg": { "offsetX": 0.0, "offsetY": -0.96, "offsetZ": 0.0, "rotationX": 3.0, "rotationY": 0.0, "rotationZ": -24.5 },
						"R back foot": { "offsetX": 0.0, "offsetY": 0.0, "offsetZ": 0.0, "rotationX": 0.0, "rotationY": 0.0, "rotationZ": 0.0 },
						"L back leg": { "offsetX": -0.8, "offsetY": -1.76, "offsetZ": 0.0, "rotationX": 0.0, "rotationY": 0.0, "rotationZ": -2.0 },
						"L back foot": { "offsetX": 0.0, "offsetY": 0.0, "offsetZ": 0.0, "rotationX": 0.0, "rotationY": 0.0, "rotationZ": 0.0 },
						"tail": { "offsetX": 0.0, "offsetY": 0.0, "offsetZ": 0.0, "rotationX": 0.0, "rotationY": 0.0, "rotationZ": 0.0 }
					}
				},
				{
					"frame": 55,
					"elements": {
						"Body": { "offsetX": 0.0, "offsetY": 1.4, "offsetZ": 0.0, "rotationX": -3.0, "rotationY": 2.0, "rotationZ": 20.0 },
						"R front leg": { "offsetX": 0.0, "offsetY": 1.6, "offsetZ": 0.0, "rotationX": 3.0, "rotationY": 0.0, "rotationZ": 10.0 },
						"R front foot": { "offsetX": 0.0, "offsetY": 0.0, "offsetZ": 0.0, "rotationX": 0.0, "rotationY": 0.0, "rotationZ": -10.0 },
						"L front leg": { "offsetX": 0.0, "offsetY": 1.6, "offsetZ": 0.0, "rotationX": 0.0, "rotationY": 0.0, "rotationZ": -15.0 },
						"L front foot": { "offsetX": 0.0, "offsetY": 0.0, "offsetZ": 0.0, "rotationX": 0.0, "rotationY": 0.0, "rotationZ": -10.0 },
						"R back leg": { "offsetX": 0.0, "offsetY": -0.8, "offsetZ": 0.0, "rotationX": 3.0, "rotationY": 0.0, "rotationZ": -22.5 },
						"R back foot": { "offsetX": 0.0, "offsetY": 0.0, "offsetZ": 0.0, "rotationX": 0.0, "rotationY": 0.0, "rotationZ": 0.0 },
						"L back leg": { "offsetX": -0.8, "offsetY": -1.6, "offsetZ": 0.0, "rotationX": 0.0, "rotationY": 0.0, "rotationZ": 0.0 },
						"L back foot": { "offsetX": 0.0, "offsetY": 0.0, "offsetZ": 0.0, "rotationX": 0.0, "rotationY": 0.0, "rotationZ": 0.0 },
						"tail": { "offsetX": 0.0, "offsetY": 0.0, "offsetZ": 0.0, "rotationX": 0.0, "rotationY": 0.0, "rotationZ": 0.0 },
						"Mouth": { "offsetX": -0.6, "offsetY": 0.0, "offsetZ": 0.0, "rotationX": 0.0, "rotationY": 0.0, "rotationZ": 30.0 }
					}
				},
				{
					"frame": 75,
					"elements": {
						"L back leg": { "offsetX": 0.0, "offsetY": -0.8, "offsetZ": 0.0 },
						"Mouth": { "rotationX": 0.0, "rotationY": 0.0, "rotationZ": 0.0 },
						"HeadHair": { "offsetX": 0.0, "offsetY": -0.1, "offsetZ": 0.0, "rotationX": 0.0, "rotationY": 0.0, "rotationZ": 6.0 }
					}
				},
				{
					"frame": 79,
					"elements": {
						"R front leg": { "offsetX": 0.0, "offsetY": 1.6, "offsetZ": 0.0 },
						"Mouth": { "rotationX": 0.0, "rotationY": 0.0, "rotationZ": -8.0 }
					}
				},
				{
					"frame": 110,
					"elements": {
						"Body": { "offsetX": 0.0, "offsetY": 0.0, "offsetZ": 0.0, "rotationX": 0.0, "rotationY": 0.0, "rotationZ": 0.0 },
						"R front leg": { "offsetX": 0.0, "offsetY": 0.0, "offsetZ": 0.0, "rotationX": 0.0, "rotationY": 0.0, "rotationZ": 0.0 },
						"R front foot": { "offsetX": 0.0, "offsetY": 0.0, "offsetZ": 0.0, "rotationX": 0.0, "rotationY": 0.0, "rotationZ": 0.0 },
						"L front leg": { "offsetX": 0.0, "offsetY": 0.0, "offsetZ": 0.0, "rotationX": 0.0, "rotationY": 0.0, "rotationZ": 0.0 },
						"L front foot": { "offsetX": 0.0, "offsetY": 0.0, "offsetZ": 0.0, "rotationX": 0.0, "rotationY": 0.0, "rotationZ": 0.0 },
						"R back leg": { "offsetX": 0.0, "offsetY": 0.0, "offsetZ": 0.0, "rotationX": 0.0, "rotationY": 0.0, "rotationZ": 0.0 },
						"R back foot": { "offsetX": 0.0, "offsetY": 0.0, "offsetZ": 0.0, "rotationX": 0.0, "rotationY": 0.0, "rotationZ": 0.0 },
						"L back leg": { "offsetX": 0.0, "offsetY": 0.0, "offsetZ": 0.0, "rotationX": 0.0, "rotationY": 0.0, "rotationZ": 0.0 },
						"L back foot": { "offsetX": 0.0, "offsetY": 0.0, "offsetZ": 0.0, "rotationX": 0.0, "rotationY": 0.0, "rotationZ": 0.0 },
						"tail": { "offsetX": 0.0, "offsetY": 0.0, "offsetZ": 0.0, "rotationX": 0.0, "rotationY": 0.0, "rotationZ": 0.0 },
						"Mouth": { "rotationX": 0.0, "rotationY": 0.0, "rotationZ": 6.0 }
					}
				}
			]
		},

		{
			"name": "Hurt",
			"code": "hurt",
			"quantityframes": 30,
			"onActivityStopped": "PlayTillEnd",
			"onAnimationEnd": "Stop",
			"keyframes": [
				{
					"frame": 0,
					"elements": {
						"Body": { "offsetX": 0.0, "offsetY": 0.0, "offsetZ": 0.0, "rotationX": 0.0, "rotationY": 0.0, "rotationZ": 0.0 },
						"R front leg": { "offsetX": 0.0, "offsetY": 0.0, "offsetZ": 0.0, "rotationX": 0.0, "rotationY": 0.0, "rotationZ": 0.0 },
						"R front foot": { "offsetX": 0.0, "offsetY": 0.0, "offsetZ": 0.0, "rotationX": 0.0, "rotationY": 0.0, "rotationZ": 0.0 },
						"L front leg": { "offsetX": 0.0, "offsetY": 0.0, "offsetZ": 0.0, "rotationX": 0.0, "rotationY": 0.0, "rotationZ": 0.0 },
						"L front foot": { "offsetX": 0.0, "offsetY": 0.0, "offsetZ": 0.0, "rotationX": 0.0, "rotationY": 0.0, "rotationZ": 0.0 },
						"R back leg": { "offsetX": 0.0, "offsetY": 0.0, "offsetZ": 0.0, "rotationX": 0.0, "rotationY": 0.0, "rotationZ": 0.0 },
						"R back foot": { "offsetX": 0.0, "offsetY": 0.0, "offsetZ": 0.0, "rotationX": 0.0, "rotationY": 0.0, "rotationZ": 0.0 },
						"L back leg": { "offsetX": 0.0, "offsetY": 0.0, "offsetZ": 0.0, "rotationX": 0.0, "rotationY": 0.0, "rotationZ": 0.0 },
						"L back foot": { "offsetX": 0.0, "offsetY": 0.0, "offsetZ": 0.0, "rotationX": 0.0, "rotationY": 0.0, "rotationZ": 0.0 },
						"tail": { "rotationX": 0.0, "rotationY": 0.0, "rotationZ": 0.0 }
					}
				},
				{
					"frame": 6,
					"elements": {
						"Body": { "offsetX": 0.0, "offsetY": -1.0, "offsetZ": 0.0, "rotationX": 1.0, "rotationY": -5.0, "rotationZ": -10.0 },
						"R front leg": { "offsetX": 0.0, "offsetY": -0.8, "offsetZ": 0.0, "rotationX": -3.0, "rotationY": 0.0, "rotationZ": 5.0 },
						"R front foot": { "offsetX": 0.0, "offsetY": 0.0, "offsetZ": 0.0, "rotationX": 0.0, "rotationY": 0.0, "rotationZ": 5.0 },
						"L front leg": { "offsetX": 0.0, "offsetY": 0.0, "offsetZ": 0.0, "rotationX": 0.0, "rotationY": 0.0, "rotationZ": -5.0 },
						"L front foot": { "offsetX": 0.0, "offsetY": 0.0, "offsetZ": 0.0, "rotationX": 0.0, "rotationY": 0.0, "rotationZ": 25.0 },
						"R back leg": { "offsetX": 0.0, "offsetY": 0.8, "offsetZ": 0.0, "rotationX": 2.0, "rotationY": 0.0, "rotationZ": 15.0 },
						"R back foot": { "offsetX": 0.0, "offsetY": 0.0, "offsetZ": 0.0, "rotationX": 0.0, "rotationY": 0.0, "rotationZ": -7.0 },
						"L back leg": { "offsetX": 0.0, "offsetY": 0.8, "offsetZ": 0.0, "rotationX": 1.0, "rotationY": 0.0, "rotationZ": 15.0 },
						"L back foot": { "offsetX": 0.0, "offsetY": 0.0, "offsetZ": 0.0, "rotationX": 0.0, "rotationY": 0.0, "rotationZ": -5.0 },
						"tail": { "rotationX": 0.0, "rotationY": 0.0, "rotationZ": 0.0 }
					}
				}
			]
		},

		{
			"name": "Sit",
			"code": "sit",
			"quantityframes": 50,
			"onActivityStopped": "EaseOut",
			"onAnimationEnd": "Repeat",
			"keyframes": [
				{
					"frame": 0,
					"elements": {
						"Body": { "offsetX": 0.0, "offsetY": -6.2, "offsetZ": 1.6, "rotationX": 9.0, "rotationY": 0.0, "rotationZ": 0.0 },
						"R front leg": { "rotationX": 33.0, "rotationY": 8.0, "rotationZ": -53.0 },
						"R front foot": { "rotationX": 0.0, "rotationY": 0.0, "rotationZ": 138.0 },
						"L front leg": { "rotationX": 33.0, "rotationY": 8.0, "rotationZ": -53.0 },
						"L front foot": { "rotationX": 0.0, "rotationY": 0.0, "rotationZ": 141.0 },
						"R back leg": { "offsetX": 0.0, "offsetY": 0.8, "offsetZ": 0.0, "rotationX": 17.0, "rotationY": -19.0, "rotationZ": 11.0 },
						"R back foot": { "offsetX": 0.8, "offsetY": 0.8, "offsetZ": 0.0, "rotationX": 0.0, "rotationY": 0.0, "rotationZ": -91.0 },
						"L back leg": { "offsetX": 0.0, "offsetY": 0.8, "offsetZ": 0.0, "rotationX": -11.0, "rotationY": 8.0, "rotationZ": 8.0 },
						"L back foot": { "offsetX": 0.8, "offsetY": 0.0, "offsetZ": 0.0, "rotationX": 0.0, "rotationY": 0.0, "rotationZ": -94.0 }
					}
				},
				{
					"frame": 15,
					"elements": {
						"Body": { "offsetX": 0.0, "offsetY": -6.2, "offsetZ": 1.6, "rotationX": 9.0, "rotationY": 0.0, "rotationZ": -1.0 },
						"R front leg": { "rotationX": 33.0, "rotationY": 9.0, "rotationZ": -51.0 },
						"R front foot": { "rotationX": 0.0, "rotationY": 0.0, "rotationZ": 137.0 },
						"L front leg": { "rotationX": 33.0, "rotationY": 8.0, "rotationZ": -50.0 },
						"L front foot": { "rotationX": 0.0, "rotationY": 0.0, "rotationZ": 139.0 },
						"R back leg": { "offsetX": 0.08, "offsetY": 0.88, "offsetZ": 0.0, "rotationX": 18.0, "rotationY": -19.0, "rotationZ": 12.0 },
						"R back foot": { "offsetX": 0.8, "offsetY": 0.8, "offsetZ": 0.0, "rotationX": 0.0, "rotationY": 0.0, "rotationZ": -91.0 },
						"L back leg": { "offsetX": 0.08, "offsetY": 0.88, "offsetZ": 0.0, "rotationX": -11.0, "rotationY": 8.0, "rotationZ": 9.0 },
						"L back foot": { "offsetX": 0.8, "offsetY": 0.0, "offsetZ": 0.0, "rotationX": 0.0, "rotationY": 0.0, "rotationZ": -94.0 }
					}
				}
			]
		},

		{
			"name": "Sleep",
			"code": "sleep",
			"quantityframes": 50,
			"onActivityStopped": "EaseOut",
			"onAnimationEnd": "Repeat",
			"keyframes": [
				{
					"frame": 0,
					"elements": {
						"Body": { "offsetX": 0.0, "offsetY": -6.0, "offsetZ": 0.0, "rotationX": 0.0, "rotationY": -5.0, "rotationZ": 5.0 },
						"R front leg": { "offsetX": 0.8, "offsetY": 1.6, "offsetZ": 0.5, "rotationX": 6.0, "rotationY": 14.0, "rotationZ": 19.0 },
						"R front foot": { "rotationX": 0.0, "rotationY": 0.0, "rotationZ": -114.0 },
						"L front leg": { "offsetX": 0.8, "offsetY": 1.6, "offsetZ": 0.0, "rotationX": -6.0, "rotationY": -3.0, "rotationZ": 28.0 },
						"L front foot": { "rotationX": 0.0, "rotationY": 0.0, "rotationZ": -122.0 },
						"R back leg": { "offsetX": 0.0, "offsetY": 0.8, "offsetZ": 0.0 },
						"R back foot": { "offsetX": 0.64, "offsetY": 0.0, "offsetZ": 0.0, "rotationX": 0.0, "rotationY": 0.0, "rotationZ": -100.0 },
						"L back leg": { "offsetX": 0.0, "offsetY": 0.8, "offsetZ": 0.0 },
						"L back foot": { "offsetX": 0.64, "offsetY": 0.0, "offsetZ": 0.0, "rotationX": 0.0, "rotationY": 0.0, "rotationZ": -96.0 },
						"Neck2": { "rotationX": 0.0, "rotationY": 0.0, "rotationZ": 0.0 },
						"Head": { "offsetX": 0.0, "offsetY": 0.4, "offsetZ": 0.0, "rotationX": 0.0, "rotationY": 0.0, "rotationZ": -17.0 },
						"HeadHair": { "offsetX": 0.0, "offsetY": -0.4, "offsetZ": 0.0, "rotationX": 0.0, "rotationY": 0.0, "rotationZ": 25.0 }
					}
				},
				{
					"frame": 15,
					"elements": {
						"Body": { "offsetX": 0.16, "offsetY": -6.0, "offsetZ": 0.0, "rotationX": 0.0, "rotationY": -5.0, "rotationZ": 4.0 },
						"R front leg": { "offsetX": 0.8, "offsetY": 1.6, "offsetZ": 0.5, "rotationX": 6.0, "rotationY": 14.0, "rotationZ": 20.0 },
						"R front foot": { "rotationX": 0.0, "rotationY": 0.0, "rotationZ": -114.0 },
						"L front leg": { "offsetX": 0.8, "offsetY": 1.6, "offsetZ": 0.0, "rotationX": -6.0, "rotationY": -3.0, "rotationZ": 29.0 },
						"L front foot": { "rotationX": 0.0, "rotationY": 0.0, "rotationZ": -122.0 },
						"R back leg": { "offsetX": 0.0, "offsetY": 0.8, "offsetZ": 0.0 },
						"R back foot": { "offsetX": 0.64, "offsetY": 0.0, "offsetZ": 0.0, "rotationX": 0.0, "rotationY": 0.0, "rotationZ": -102.0 },
						"L back leg": { "offsetX": 0.0, "offsetY": 0.8, "offsetZ": 0.0 },
						"L back foot": { "offsetX": 0.64, "offsetY": 0.0, "offsetZ": 0.0, "rotationX": 0.0, "rotationY": 0.0, "rotationZ": -98.0 },
						"Neck2": { "rotationX": 0.0, "rotationY": 0.0, "rotationZ": 0.0 },
						"HeadHair": { "offsetX": 0.0, "offsetY": -0.4, "offsetZ": 0.0, "rotationX": 0.0, "rotationY": 0.0, "rotationZ": 25.0 }
					}
				}
			]
		}
	]
}