{
	code: "poultice",
	class: "ItemPoultice",
	attributesByType: {
		"*-reed-falseorange": { health: 3, handbook: { extraSections: [ { "title": "wildcraftfruit:handbook-item-about", "text": "wildcraftfruit:handbook-item-poultice" } ] } },
		"*-linen-falseorange": { health: 6, handbook: { extraSections: [ { "title": "wildcraftfruit:handbook-item-about", "text": "wildcraftfruit:handbook-item-poultice" } ] } },
		"*-reed-snowberry": { health: 2, handbook: { extraSections: [ { "title": "wildcraftfruit:handbook-item-about", "text": "wildcraftfruit:handbook-item-poultice" } ] } },
		"*-linen-snowberry": { health: 4, handbook: { extraSections: [ { "title": "wildcraftfruit:handbook-item-about", "text": "wildcraftfruit:handbook-item-poultice" } ] } },
		"*-reed-ivy-vinegar": { health: 3, handbook: { extraSections: [ { "title": "wildcraftfruit:handbook-item-about", "text": "wildcraftfruit:handbook-item-poultice" } ] } },
		"*-linen-ivy-vinegar": { health: 6, handbook: { extraSections: [ { "title": "wildcraftfruit:handbook-item-about", "text": "wildcraftfruit:handbook-item-poultice" } ] } },
		"*-reed-resin-elder": { health: 2.5, handbook: { extraSections: [ { "title": "wildcraftfruit:handbook-item-about", "text": "wildcraftfruit:handbook-item-poultice" } ] } },
		"*-linen-resin-elder": { health: 5, handbook: { extraSections: [ { "title": "wildcraftfruit:handbook-item-about", "text": "wildcraftfruit:handbook-item-poultice" } ] } },
		"*-reed-bryony": { health: 2.5, handbook: { extraSections: [ { "title": "wildcraftfruit:handbook-item-about", "text": "wildcraftfruit:handbook-item-poultice" } ] } },
		"*-linen-bryony": { health: 5, handbook: { extraSections: [ { "title": "wildcraftfruit:handbook-item-about", "text": "wildcraftfruit:handbook-item-poultice" } ] } },
		"*-reed-bearberry": { health: 3, handbook: { extraSections: [ { "title": "wildcraftfruit:handbook-item-about", "text": "wildcraftfruit:handbook-item-poultice" } ] } },
		"*-linen-bearberry": { health: 6, handbook: { extraSections: [ { "title": "wildcraftfruit:handbook-item-about", "text": "wildcraftfruit:handbook-item-poultice" } ] } },
		"*-reed-baneberry": { health: 2, handbook: { extraSections: [ { "title": "wildcraftfruit:handbook-item-about", "text": "wildcraftfruit:handbook-item-poultice" } ] } },
		"*-linen-baneberry": { health: 4, handbook: { extraSections: [ { "title": "wildcraftfruit:handbook-item-about", "text": "wildcraftfruit:handbook-item-poultice" } ] } },
	},
	maxstacksize: 16,
	variantgroups: [
		{ code: "material", states: ["linen", "reed"] },
		{ code: "agent", states: ["baneberry", "snowberry", "ivy-vinegar", "resin-elder", "bryony", "bearberry", "falseorange"] },
	],
	shape: { base: "wildcraftfruit:item/medicine/poultice-{material}" },
	textures: {
		"agent": { base: "wildcraftfruit:items/medicine/{material}/{agent}" },
	},
	creativeinventory: { "general": ["*"], "items": ["*"], "wildcraftfruit": [ "*" ] },
	materialDensity: 600,
	guiTransform: {
		translation: { x: 3, y: 0, z: 0 },
		rotation: { x: 120, y: 41, z: 7 },
		origin: { x: 0.5, y: 0.11, z: 0.5 },
		scale: 2.15
	},
	fpHandTransform: {
		translation: { x: 0, y: 0, z: 0 },
		rotation: { x: 40, y: 91, z: 15 },
		origin: { x: 0.8, y: 0.4, z: 0 },
		scale: 1.47
	},
	groundTransform: {
		translation: { x: 0, y: 0, z: 0 },
		rotation: { x: 180, y: 33, z: -180 },
		origin: { x: 0.5, y: 0, z: 0.5 },
		scale: 2.5
	},
	tpHandTransform: {
		translation: { x: 0, y: 0, z: 0 },
		rotation: { x: 5, y: 41, z: -31 },
		origin: { x: 0.16, y: 0.05, z: 0.08 },
		scale: 0.44
	}
}
