{
    "BlockPatchBiomes": {
        "crop-hibiscus-*": [
            "central palearctic",
            "eastern palearctic",
            "pacific palearctic"
        ],
        "crop-chamomile-*": [
            "atlantic palearctic",
            "eastern palearctic",
            "central palearctic"
        ],
        "crop-lavender-*": [
            "central palearctic",
            "eastern palearctic",
            "atlantic palearctic"
        ],
        "crop-calendula-*": [
            "central palearctic",
            "atlantic palearctic"
        ],
        "crop-mint-*": [
            "central palearctic",
            "eastern palearctic",
            "atlantic palearctic",
            "pacific palearctic",
            "australasian",
            "oceania",
            "eastern afrotropic",
            "atlantic afrotropic",
            "atlantic neotropic",
            "pacific neotropic",
            "pacific nearctic",
            "atlantic nearctic"
        ],
        "game:fruittree-cutting-shea": [
            "atlantic palearctic",
            "eastern afrotropic",
            "atlantic afrotropic"
        ]
    }
}