{
	"editor": {
		"collapsedPaths": ",Root/Walkway20/Support,Root/base,Root/walkway,Root/base/walkway3,Root/support2,Root/base/walkway2,Root/base/walkway7,Root/Walkway20/Walkway21,Root/base/walkway5,Root/support1,Root/base/walkway6,Root/Walkway20,Root/suppor2,Root/base/walkway35,Root/base/walkway36,Root/Support1,Root/base/Support",
		"allAngles": false,
		"entityTextureMode": false
	},
	"textureWidth": 16,
	"textureHeight": 16,
	"textureSizes": {
	},
	"textures": {
		"snowcover": "block/liquid/snow/normal1"
	},
	"elements": [
		{
			"name": "snow",
			"from": [ 0.0, 16.01, 0.0 ],
			"to": [ 16.0, 18.01, 16.0 ],
			"rotationOrigin": [ 0.0, 8.0, 0.0 ],
			"faces": {
				"north": { "texture": "#snowcover", "uv": [ 0.0, 0.0, 16.0, 2.0 ] },
				"east": { "texture": "#snowcover", "uv": [ 0.0, 0.0, 16.0, 2.0 ] },
				"south": { "texture": "#snowcover", "uv": [ 0.0, 0.0, 16.0, 2.0 ] },
				"west": { "texture": "#snowcover", "uv": [ 0.0, 0.0, 16.0, 2.0 ] },
				"up": { "texture": "#snowcover", "uv": [ 0.0, 0.0, 16.0, 16.0 ], "rotation": 180 }
			}
		}
	]}