{
    "code": "hedgehog-baby",
    "class": "EntityAgent",
    "hitboxSize": {
        "x": 0.45,
        "y": 0.45
    },
    "deadHitboxSize": {
        "x": 0.4,
        "y": 0.4
    },
    "eyeHeight": 0.3,
   "knockbackResistance":0.61,
   "attributes":{
      "creatureDiet":{
         "weightedFoodTags":[
            {
               "weight":0.5,
               "code":"fruit"
            },
            {
               "weight":0.75,
               "code":"egg"
            },
            {
               "weight":0.3,
               "code":"lootableSweet"
            },
            {
               "weight":0.5,
               "code":"sweetBerryBush"
            },
            {
               "weight":0.5,
               "code":"meat"
            }
         ],
         "skipFoodTags":[
            "*-meat-*",
            "honeycomb"
         ]
      },
      "trappable":{
         "small":{
            "trapChance":0.6,
            "trapDestroyChance":0.0
         }
      },
        "handbook": {
            "groupcode": "thecritterpack:creaturegroup-hedgehog"
        }
    },
    "drops": [],
    "client": {
        "renderer": "Shape",
        "shape": {
            "base": "entity/land/hedgehog/euro-hedgehog-shape"
        },
        "texture": {
            "base": "entity/hedgehog/hedgehog_0",
            "alternates": [
                {
                    "base": "entity/hedgehog/hedgehog_0"
                },
                {
                    "base": "entity/hedgehog/hedgehog_0"
                },
                {
                    "base": "entity/hedgehog/hedgehog_0"
                },
                {
                    "base": "entity/hedgehog/hedgehog_0"
                }
            ]
        },
        "sizeGrowthFactor": 0.12,
        "size": 0.50,
        "behaviors": [
            {
                "code": "repulseagents"
            },
            {
                "code": "controlledphysics",
                "stepHeight": 1.185
            },
            {
                "code": "floatupwhenstuck",
                "onlyWhenDead": true
            },
            {
                "code": "interpolateposition"
            },
            {
                "code": "harvestable"
            }
        ],
        "animations": [
            {
                "code": "hurt",
                "animation": "hurt",
                "animationSpeed": 2.2,
                "weight": 10,
                "blendMode": "AddAverage"
            },
            {
                "code": "die",
                "animation": "death",
                "animationSpeed": 1.25,
                "weight": 10,
                "blendMode": "Average",
                "triggeredBy": {
                    "onControls": [
                        "dead"
                    ]
                }
            },
            {
                "code": "idle",
                "animation": "idle",
                "blendMode": "AddAverage",
                "easeOutSpeed": 4,
                "triggeredBy": {
                    "defaultAnim": true
                }
            },
            {
                "code": "sleep",
                "animation": "sleep",
                "easeInSpeed": 4,
                "easeOutSpeed": 4,
                "blendMode": "Average"
            }
        ]
    },
    "server": {
        "attributes": {
            "pathfinder": {
                "minTurnAnglePerSec": 90,
                "maxTurnAnglePerSec": 180
            }
        },
        "behaviors": [
            {
                "code": "repulseagents"
            },
            {
                "code": "controlledphysics",
                "stepHeight": 1.105
            },
            {
                "code": "despawn",
                "minPlayerDistance": 12,
                "minSeconds": 480
            },
            {
                "code": "health",
                "currenthealth": 3.75,
                "maxhealth": 4
            },
            {
                "code": "deaddecay",
                "hoursToDecay": 96,
                "decayedBlock": "carcass-tiny"
            },
            {
                "code": "floatupwhenstuck",
                "onlyWhenDead": true
            },
            {
                "code": "breathe"
            },
            {
                "code": "emotionstates",
                "states": [
                    {
                        "code": "fleeondamage",
                        "duration": 180,
                        "chance": 1,
                        "slot": 2,
                        "priority": 5,
                        "accumType": "max",
                        "whenHealthRelBelow": 0.65
                    },
                    {
                        "code": "saturated",
                        "duration": 10000,
                        "chance": 1,
                        "slot": 0,
                        "priority": 1,
                        "accumType": "sum",
                        "belowTempThreshold": 10
                    },
                    {
                        "code": "aggressiveondamage",
                        "duration": 180,
                        "chance": 1,
                        "slot": 2,
                        "priority": 2,
                        "accumType": "noaccum"
                    },
                    {
                        "code": "alarmherdondamage",
                        "chance": 1,
                        "slot": 1,
                        "priority": 1,
                        "accumType": "max"
                    }
                ]
            },
            {
                "code": "harvestable",
                "drops": [
                    {
                        "type": "item",
                        "code": "bushmeat-raw",
                        "quantity": {
                            "avg": 0,
                            "var": 1
                        }
                    }
                ]
            },
            {
                "code": "grow",
                "hoursToGrow": 72,
                "adultEntityCodes": [
                    "thecritterpack:hedgehog-male",
                    "thecritterpack:hedgehog-female",
                    "thecritterpack:hedgehog-female"
                ]
            },
            {
                "code": "taskai",
                "aiCreatureType": "LandCreature",
                "aitasks": [
                    {
                        "code": "fleeentity",
                        "entityCodes": [
                            "player",
                            "fox-*",
                            "hyena-male",
                            "hyena-female",
                            "chicken-rooster",
                            "chicken-hen",
                            "*-duck-*",
                            "*-duck-*",
                            "wolf-*"
                        ],
                        "priority": 4.85,
                        "movespeed": 0.0001,
                        "animationSpeed": 4.21,
                        "seekingRange": 4,
                        "animation": "Roll",
                        "whenInEmotionState": "fleeondamage"
                    },
                    {
                        "code": "fleeentity",
                        "entityCodes": [
                            "player",
                            "fox-*",
                            "hyena-male",
                            "hyena-female",
                            "chicken-rooster",
                            "chicken-hen",
                            "*-duck-*",
                            "*-duck-*",
                            "wolf-*"
                        ],
                        "priority": 2.65,
                        "movespeed": 0.01,
                        "animationSpeed": 4.1,
                        "seekingRange": 12,
                        "animation": "Walk",
                        "whenNotInEmotionState": "fleeondamage"
                    },
                    {
                        "code": "getoutofwater",
                        "priority": 2,
                        "movespeed": 0.0135,
                        "animation": "Walk",
                        "animationSpeed": 2.1
                    },
                    {
                        "code": "idle",
                        "priority": 1.88,
                        "minduration": 10000,
                        "maxduration": 1200000,
                        "mincooldown": 10000,
                        "maxcooldown": 80000,
                        "priorityForCancel": 1.98,
                        "animation": "Sleep",
                        "animationSpeed": 0.5,
                        "whenNotInEmotionState": "aggressiveondamage",
                        "duringDayTimeFrames": [
                            {
                                "fromHour": 3,
                                "toHour": 16
                            },
                            {
                                "fromHour": 3,
                                "toHour": 16
                            }
                        ],
                        "stopOnNearbyEntityCodes": [
                            "player",
                            "fox-*",
                            "hyena-male",
                            "hyena-female",
                            "chicken-rooster",
                            "chicken-hen"
                        ],
                        "stopRange": 3,
                        "stopOnHurt": true
                    },
                    {
                        "code": "idle",
                        "priority": 1.3,
                        "priorityForCancel": 1.35,
                        "minduration": 2500,
                        "maxduration": 2500,
                        "mincooldown": 10000,
                        "maxcooldown": 50000,
                        "animation": "Sniff",
                        "animationSpeed": 0.8,
                        "stopOnNearbyEntityCodes": [
                            "player",
                            "fox-*",
                            "hyena-male",
                            "hyena-female",
                            "chicken-rooster",
                            "chicken-hen"
                        ],
                        "stopRange": 5
                    },
                    {
                        "code": "idle",
                        "priority": 1.1,
                        "minduration": 2000,
                        "maxduration": 5000,
                        "mincooldown": 2000,
                        "maxcooldown": 30000,
                        "animation": "Idle",
                        "stopOnNearbyEntityCodes": [
                            "player",
                            "fox-*",
                            "hyena-male",
                            "hyena-female",
                            "chicken-rooster",
                            "chicken-hen"
                        ],
                        "stopRange": 5
                    },
                    {
                        "code": "wander",
                        "priority": 1,
                        "priorityForCancel": 1.35,
                        "movespeed": 0.0065,
                        "animationSpeed": 1.7,
                        "animation": "Walk",
                        "stopOnNearbyEntityCodes": [
                            "player",
                            "fox-*",
                            "hyena-male",
                            "hyena-female",
                            "chicken-rooster",
                            "chicken-hen"
                        ],
                        "stopRange": 5,
                        "preferredLightLevel": 6
                    },
                    {
                        "code": "lookaround",
                        "priority": 0.5,
                        "animation": "idle",
                        "stopOnNearbyEntityCodes": [
                            "player",
                            "fox-*",
                            "hyena-male",
                            "hyena-female",
                            "chicken-rooster",
                            "chicken-hen"
                        ],
                        "stopRange": 5
                    },
                    {
                        "code": "meleeattack",
                        "entityCodes": [
                            "chicken-baby",
                            "grub",
                            "*-isopod-*",
                            "snail-*",
                            "gardensnail",
                            "slug",
                            "rolypoly",
                            "mallard-duck-baby",
                            "fieldmus"
                        ],
                        "priority": 0.6,
                        "priorityForCancel": 0.7,
                        "damage": 1,
                        "slot": 1,
                        "mincooldown": 2500,
                        "maxcooldown": 5000,
                        "attackDurationMs": 800,
                        "damagePlayerAtMs": 500,
                        "animation": "Attack",
                        "animationSpeed": 1.85,
                        "whenNotInEmotionState": "saturated",
                        "stopOnNearbyEntityCodes": [
                            "player",
                            "fox-*",
                            "hyena-male",
                            "hyena-female",
                            "chicken-rooster",
                            "chicken-hen",
                            "*-duck-*",
                            "wolf-*"
                        ],
                        "stopRange": 4
                    },
                    {
                        "code": "seekentity",
                        "entityCodes": [
                            "chicken-baby",
                            "grub",
                            "*-isopod-*",
                            "snail-*",
                            "gardensnail",
                            "slug",
                            "rolypoly",
                            "*-duck-baby",
                            "fieldmus"
                        ],
                        "priority": 0.6,
                        "priorityForCancel": 0.7,
                        "movespeed": 0.0085,
                        "animationSpeed": 1.37,
                        "seekingRange": 2,
                        "animation": "Walk",
                        "whenNotInEmotionState": "saturated",
                        "stopOnNearbyEntityCodes": [
                            "player",
                            "fox-*",
                            "hyena-male",
                            "hyena-female",
                            "chicken-rooster",
                            "chicken-hen",
                            "*-duck-*",
                            "wolf-*"
                        ],
                        "stopRange": 6
                    },
                    {
                        "code": "seekfoodandeat",
                        "priority": 1.42,
                        "seekingRange": 4,
                        "eatSound": "game:player/eat",
                        "eatTime": 1,
                        "eatAnimation": "idle",
                        "eatLooseItems": true,
                        "eatItemCategories": [
                            "Protein",
                            "Fruit"
                        ],
                        "movespeed": 0.0065,
                        "animation": "Walk",
                        "mincooldownHours": 3,
                        "maxcooldownHours": 6,
                        "stopOnNearbyEntityCodes": [
                            "player",
                            "fox-*",
                            "hyena-male",
                            "hyena-female",
                            "chicken-rooster",
                            "chicken-hen",
                            "*-duck-*",
                            "wolf-*"
                        ]
                    },
                    {
                        "code": "meleeattack",
                        "entityCodes": [
                            "player",
                            "fox-*",
                            "hyena-male",
                            "hyena-female",
                            "chicken-rooster",
                            "chicken-hen",
                            "*-duck-*",
                            "wolf-*"
                        ],
                        "priority": 6.37,
                        "damage": 0.65,
                        "slot": 1,
                        "mincooldown": 1500,
                        "maxcooldown": 3000,
                        "attackDurationMs": 800,
                        "damagePlayerAtMs": 500,
                        "animation": "Roll",
                        "animationSpeed": 4.85,
                        "whenInEmotionState": "fleeondamage"
                    },
                    {
                        "code": "idle",
                        "priority": 9.88,
                        "animation": "Sleep",
                        "animationSpeed": 0.5,
                        "duringDayTimeFrames": [
                            {
                                "fromHour": 0,
                                "toHour": 24
                            }
                        ],
                        "whenInEmotionState": "saturated",
                        "stopRange": 2,
                        "stopOnHurt": true
                    },
					{
						code: "stayclosetoentity",
						priority: 1.3,
						entityCode: "hedgehog-female",
						movespeed: 0.015,
						maxDistance: 5,
						searchRange: 12,
						animation: "Walk"
					},
                ]
            },
			{ code: "entitystatetags" },			
        ],
        "sounds": {
            "hurt": "creature/hedgehog/hedgehog_grunting_0-*",
            "idle": "creature/hedgehog/hedgehog_grunting_0-*"
        },
        "idleSoundChance": 0.15,
        "idlesoundrange": 3
    }
}