{
	"editor": {
		"allAngles": false,
		"entityTextureMode": false
	},
	"textureWidth": 16,
	"textureHeight": 16,
	"textureSizes": {
	},
	"textures": {
		"material": "block/metal/ingot/copper",
		"handle": "item/tool/material/handle",
		"string": "item/tool/material/string"
  },
  "textureSizes":{
    "handle":[
      32,
      32
    ],
    "material":[
      64,
      32
    ],
    "string":[
      32,
      32
    ]
  },
  "elements":[
    {
      "name":"handle",
      "from":[
        10.5,
        0.5,
        7.5
      ],
      "to":[
        15.5,
        1.5,
        8.5
      ],
      "rotationOrigin":[
        9.0,
        0.0,
        8.0
      ],
      "rotationY":-179.999991348578,
      "group":"Scene Collection",
      "faces":{
        "north":{
          "texture":"#handle",
          "uv":[
            0.0,
            8.0,
            10.0,
            12.0
          ],
          "autoUv":false
        },
        "east":{
          "texture":"#handle",
          "uv":[
            6.0,
            0.0,
            8.0,
            4.0
          ],
          "autoUv":false
        },
        "south":{
          "texture":"#handle",
          "uv":[
            0.0,
            18.0,
            10.0,
            22.0
          ],
          "autoUv":false
        },
        "west":{
          "texture":"#handle",
          "uv":[
            6.0,
            0.0,
            8.0,
            4.0
          ],
          "autoUv":false
        },
        "up":{
          "texture":"#handle",
          "uv":[
            0.0,
            8.0,
            10.0,
            12.0
          ],
          "autoUv":false
        },
        "down":{
          "texture":"#handle",
          "uv":[
            10.0,
            16.0,
            0.0,
            12.0
          ],
          "autoUv":false,
          "rotation":180
        }
      },
      "children":[
        {
          "name":"handle2",
          "from":[
            -0.4781098961830139,
            -1.9915463631041348,
            0.8803066164255142
          ],
          "to":[
            0.055472493171691895,
            -0.9948256616480649,
            1.1740848869085312
          ],
          "rotationOrigin":[
            0.21554720401763916,
            -0.4964652960188687,
            1.0271957516670227
          ],
          "rotationX":179.9998957259296,
          "rotationY":50.00001049829565,
          "rotationZ":-1.6586843037096764e-06,
          "group":"Scene Collection",
          "faces":{
            "north":{
              "texture":"#handle",
              "uv":[
                1.938979148864746,
                18.0,
                0.0,
                22.0
              ],
              "autoUv":false,
              "rotation":180
            },
            "east":{
              "texture":"#handle",
              "uv":[
                8.0,
                0.0,
                6.0,
                4.0
              ],
              "autoUv":false,
              "rotation":180
            },
            "south":{
              "texture":"#handle",
              "uv":[
                10.0,
                8.0,
                0.0,
                12.0
              ],
              "autoUv":false,
              "rotation":180
            },
            "west":{
              "texture":"#handle",
              "uv":[
                8.0,
                0.0,
                6.0,
                4.0
              ],
              "autoUv":false,
              "rotation":180
            },
            "up":{
              "texture":"#handle",
              "uv":[
                18.640459060668945,
                12.019664764404297,
                18.257583618164062,
                13.774002075195312
              ],
              "autoUv":false
            },
            "down":{
              "texture":"#handle",
              "uv":[
                19.351318359375,
                13.216018676757812,
                17.546722412109375,
                12.577653884887695
              ],
              "autoUv":false,
              "rotation":90
            }
          },
          "children":[]
        },
        {
          "name":"handle3",
          "from":[
            -0.1762073040008545,
            0.0018950696103274822,
            0.4773319959640503
          ],
          "to":[
            0.35737502574920654,
            0.9986157710663974,
            0.7711102366447449
          ],
          "rotationOrigin":[
            -0.33628201484680176,
            -0.4964652960188687,
            0.6242211163043976
          ],
          "rotationY":50.00001391339024,
          "group":"Scene Collection",
          "faces":{
            "north":{
              "texture":"#handle",
              "uv":[
                0.0,
                8.0,
                1.938979148864746,
                12.0
              ],
              "autoUv":false
            },
            "east":{
              "texture":"#handle",
              "uv":[
                6.0,
                0.0,
                8.0,
                4.0
              ],
              "autoUv":false
            },
            "south":{
              "texture":"#handle",
              "uv":[
                0.0,
                18.0,
                10.0,
                22.0
              ],
              "autoUv":false
            },
            "west":{
              "texture":"#handle",
              "uv":[
                6.0,
                0.0,
                8.0,
                4.0
              ],
              "autoUv":false
            },
            "up":{
              "texture":"#handle",
              "uv":[
                17.546724319458008,
                13.76177978515625,
                19.351322174072266,
                14.400142669677734
              ],
              "autoUv":false,
              "rotation":270
            },
            "down":{
              "texture":"#handle",
              "uv":[
                18.257583618164062,
                14.958131790161133,
                18.640460968017578,
                13.203792572021484
              ],
              "autoUv":false
            }
          },
          "children":[]
        },
        {
          "name":"metal",
          "from":[
            -4.881779909133911,
            0.10000000149011612,
            0.40000030398368835
          ],
          "to":[
            1.9999998807907104,
            1.100000023841858,
            0.6000003218650818
          ],
          "rotationOrigin":[
            0.07185482978820801,
            0.0,
            2.980232238769531e-07
          ],
          "rotationY":3.6424660780748394e-06,
          "group":"Scene Collection",
          "faces":{
            "north":{
              "texture":"#material",
              "uv":[
                17.64965057373047,
                18.979729652404785,
                45.36945343017578,
                23.007729530334473
              ],
              "autoUv":false
            },
            "east":{
              "texture":"#material",
              "uv":[
                13.947319030761719,
                13.073677062988281,
                17.984188079833984,
                13.881046295166016
              ],
              "autoUv":false,
              "rotation":270
            },
            "south":{
              "texture":"#material",
              "uv":[
                45.36945343017578,
                18.979729652404785,
                17.64965057373047,
                23.007729530334473
              ],
              "autoUv":false
            },
            "west":{
              "texture":"#material",
              "uv":[
                0.0,
                0.0,
                0.0,
                4.0
              ],
              "autoUv":false
            },
            "up":{
              "texture":"#material",
              "uv":[
                13.947319030761719,
                13.073677062988281,
                42.069313049316406,
                13.89096450805664
              ],
              "autoUv":false,
              "rotation":180
            },
            "down":{
              "texture":"#material",
              "uv":[
                13.947319030761719,
                13.890968322753906,
                42.069313049316406,
                13.073673248291016
              ],
              "autoUv":false
            }
          },
          "children":[]
        },
        {
          "name":"metal10",
          "from":[
            0.4595544934272766,
            -0.20956769585609436,
            0.400234580039978
          ],
          "to":[
            1.1845908164978027,
            0.29043223708868027,
            0.5997656285762787
          ],
          "rotationOrigin":[
            0.8945763111114502,
            0.19043225049972534,
            0.0011724531650543213
          ],
          "rotationX":-1.504288509637378e-12,
          "rotationY":3.6424668922968376e-06,
          "rotationZ":50.00001391339024,
          "group":"Scene Collection",
          "faces":{
            "north":{
              "texture":"#material",
              "uv":[
                21.655128479003906,
                20.865245819091797,
                21.989524841308594,
                24.396842002868652
              ],
              "autoUv":false
            },
            "east":{
              "texture":"#material",
              "uv":[
                22.59971809387207,
                16.36166477203369,
                23.41744041442871,
                17.047818183898926
              ],
              "autoUv":false,
              "rotation":270
            },
            "south":{
              "texture":"#material",
              "uv":[
                23.532264709472656,
                22.159756660461426,
                20.112388610839844,
                23.102327346801758
              ],
              "autoUv":false,
              "rotation":90
            },
            "west":{
              "texture":"#material",
              "uv":[
                23.59468650817871,
                17.54742431640625,
                24.412410736083984,
                18.23357582092285
              ],
              "autoUv":false,
              "rotation":270
            },
            "up":{
              "texture":"#material",
              "uv":[
                23.41744041442871,
                16.36166477203369,
                24.412410736083984,
                17.54742431640625
              ],
              "autoUv":false,
              "rotation":180
            },
            "down":{
              "texture":"#material",
              "uv":[
                16.450626373291016,
                13.890007019042969,
                18.355083465576172,
                13.074636459350586
              ],
              "autoUv":false
            }
          },
          "children":[]
        },
        {
          "name":"metal11",
          "from":[
            0.20389284193515778,
            0.295950785279274,
            -0.08864172708945262
          ],
          "to":[
            0.6119912713766098,
            0.704049214720726,
            1.088611876845789
          ],
          "rotationOrigin":[
            0.4079420566558838,
            0.5,
            0.49998507487816823
          ],
          "rotationX":-9.886833103008297e-15,
          "rotationY":179.999991348578,
          "rotationZ":-21.99999833547605,
          "group":"Scene Collection",
          "faces":{
            "north":{
              "texture":"#material",
              "uv":[
                26.220088958740234,
                16.124186515808105,
                27.865798950195312,
                17.769896507263184
              ],
              "autoUv":false,
              "rotation":180
            },
            "east":{
              "texture":"#material",
              "uv":[
                29.25322723388672,
                15.022518157958984,
                23.770891189575195,
                15.734447479248047
              ],
              "autoUv":false
            },
            "south":{
              "texture":"#material",
              "uv":[
                26.220088958740234,
                16.124186515808105,
                27.865798950195312,
                17.769896507263184
              ],
              "autoUv":false,
              "rotation":90
            },
            "west":{
              "texture":"#material",
              "uv":[
                23.770891189575195,
                16.784603118896484,
                29.25322723388672,
                17.496532440185547
              ],
              "autoUv":false
            },
            "up":{
              "texture":"#material",
              "uv":[
                23.770891189575195,
                15.022518157958984,
                29.25322723388672,
                16.784603118896484
              ],
              "autoUv":false,
              "rotation":90
            },
            "down":{
              "texture":"#material",
              "uv":[
                23.770891189575195,
                17.496532440185547,
                29.25322723388672,
                15.734447479248047
              ],
              "autoUv":false,
              "rotation":90
            }
          },
          "children":[]
        },
        {
          "name":"metal12",
          "from":[
            -5.80509141087532,
            0.8477033227682114,
            0.3994105488527566
          ],
          "to":[
            -5.545625180006027,
            1.0490484312176704,
            0.6002944589126855
          ],
          "rotationOrigin":[
            -5.675358295440674,
            0.9642668962478638,
            0.49969462607987225
          ],
          "rotationX":8.027645083512265e-13,
          "rotationY":3.6424668922968376e-06,
          "rotationZ":-28.000018993008773,
          "group":"Scene Collection",
          "faces":{
            "north":{
              "texture":"#material",
              "uv":[
                48.01823425292969,
                23.159828186035156,
                49.012481689453125,
                23.943974494934082
              ],
              "autoUv":false
            },
            "east":{
              "texture":"#material",
              "uv":[
                8.0,
                8.27265739440918,
                8.0,
                10.0
              ],
              "autoUv":false
            },
            "south":{
              "texture":"#material",
              "uv":[
                49.012481689453125,
                23.159828186035156,
                48.01823425292969,
                23.943974494934082
              ],
              "autoUv":false
            },
            "west":{
              "texture":"#material",
              "uv":[
                8.0,
                20.272658348083496,
                8.0,
                22.0
              ],
              "autoUv":false
            },
            "up":{
              "texture":"#material",
              "uv":[
                12.0,
                16.0,
                16.0,
                16.0
              ],
              "autoUv":false,
              "rotation":90
            },
            "down":{
              "texture":"#material",
              "uv":[
                41.82175064086914,
                12.906993865966797,
                44.232086181640625,
                12.091510772705078
              ],
              "autoUv":false
            }
          },
          "children":[]
        },
        {
          "name":"metal13",
          "from":[
            -5.656562879681587,
            0.5520665645599365,
            0.3996512159064878
          ],
          "to":[
            -5.219179555773735,
            0.8914748877286911,
            0.6001721858337987
          ],
          "rotationOrigin":[
            -5.437871217727661,
            0.7485582828521729,
            0.49969464683090337
          ],
          "rotationX":-1.0234729020393208e-13,
          "rotationY":3.6424660780748394e-06,
          "rotationZ":-33.9999918392173,
          "group":"Scene Collection",
          "faces":{
            "north":{
              "texture":"#material",
              "uv":[
                46.98566818237305,
                23.43721103668213,
                48.802860260009766,
                24.76034116744995
              ],
              "autoUv":false
            },
            "east":{
              "texture":"#material",
              "uv":[
                8.0,
                8.27265739440918,
                8.0,
                10.0
              ],
              "autoUv":false
            },
            "south":{
              "texture":"#material",
              "uv":[
                48.802860260009766,
                23.43721103668213,
                46.98566818237305,
                24.76034116744995
              ],
              "autoUv":false
            },
            "west":{
              "texture":"#material",
              "uv":[
                8.0,
                20.272658348083496,
                8.0,
                22.0
              ],
              "autoUv":false
            },
            "up":{
              "texture":"#material",
              "uv":[
                12.0,
                16.0,
                16.0,
                16.0
              ],
              "autoUv":false,
              "rotation":90
            },
            "down":{
              "texture":"#material",
              "uv":[
                41.82175064086914,
                12.906993865966797,
                44.232086181640625,
                12.091510772705078
              ],
              "autoUv":false
            }
          },
          "children":[]
        },
        {
          "name":"metal14",
          "from":[
            -5.920534163713455,
            0.6655695140361786,
            0.39921465912630083
          ],
          "to":[
            -5.578875511884689,
            1.0331922620534897,
            0.6006037632541847
          ],
          "rotationOrigin":[
            -5.749704837799072,
            0.8493808507919312,
            0.4999091962890816
          ],
          "rotationX":-6.814928425688965e-14,
          "rotationY":179.999991348578,
          "rotationZ":-42.9999955047597,
          "group":"Scene Collection",
          "faces":{
            "north":{
              "texture":"#material",
              "uv":[
                49.66059875488281,
                20.66642951965332,
                48.03800964355469,
                21.927717208862305
              ],
              "autoUv":false,
              "rotation":90
            },
            "east":{
              "texture":"#material",
              "uv":[
                46.63885498046875,
                13.075822830200195,
                45.61431121826172,
                13.910079956054688
              ],
              "autoUv":false,
              "rotation":90
            },
            "south":{
              "texture":"#material",
              "uv":[
                48.03800964355469,
                20.66642951965332,
                49.66059875488281,
                21.927717208862305
              ],
              "autoUv":false,
              "rotation":270
            },
            "west":{
              "texture":"#material",
              "uv":[
                8.0,
                20.0,
                8.0,
                22.0
              ],
              "autoUv":false
            },
            "up":{
              "texture":"#material",
              "uv":[
                45.617759704589844,
                13.075822830200195,
                46.63885498046875,
                13.910079956054688
              ],
              "autoUv":false
            },
            "down":{
              "texture":"#material",
              "uv":[
                8.0,
                8.0,
                4.0,
                8.0
              ],
              "autoUv":false,
              "rotation":180
            }
          },
          "children":[]
        },
        {
          "name":"metal3",
          "from":[
            -5.748502016067505,
            0.6000000238418579,
            0.40000030398368835
          ],
          "to":[
            -4.881779909133911,
            1.100000023841858,
            0.6000003516674042
          ],
          "rotationOrigin":[
            0.2514979839324951,
            0.0,
            3.2782554626464844e-07
          ],
          "rotationY":3.6424660780748394e-06,
          "group":"Scene Collection",
          "faces":{
            "north":{
              "texture":"#material",
              "uv":[
                45.36945343017578,
                18.979729652404785,
                48.86060333251953,
                20.993727684020996
              ],
              "autoUv":false
            },
            "east":{
              "texture":"#material",
              "uv":[
                8.0,
                8.0,
                8.0,
                10.0
              ],
              "autoUv":false
            },
            "south":{
              "texture":"#material",
              "uv":[
                48.86060333251953,
                18.979729652404785,
                45.36945343017578,
                20.993727684020996
              ],
              "autoUv":false
            },
            "west":{
              "texture":"#material",
              "uv":[
                8.0,
                20.0,
                8.0,
                22.0
              ],
              "autoUv":false
            },
            "up":{
              "texture":"#material",
              "uv":[
                41.52468490600586,
                13.073673248291016,
                45.611114501953125,
                13.89096450805664
              ],
              "autoUv":false,
              "rotation":180
            },
            "down":{
              "texture":"#material",
              "uv":[
                8.0,
                8.0,
                4.0,
                8.0
              ],
              "autoUv":false,
              "rotation":180
            }
          },
          "children":[]
        },
        {
          "name":"metal4",
          "from":[
            -2.748492956161499,
            -0.4000000059604645,
            0.4000002443790436
          ],
          "to":[
            0.9210003614425659,
            0.10000000149011612,
            0.600000262260437
          ],
          "rotationOrigin":[
            -0.5467970371246338,
            0.0,
            2.384185791015625e-07
          ],
          "rotationY":3.6424660780748394e-06,
          "group":"Scene Collection",
          "faces":{
            "north":{
              "texture":"#material",
              "uv":[
                21.995859146118164,
                23.007729530334473,
                36.776573181152344,
                25.021727561950684
              ],
              "autoUv":false
            },
            "east":{
              "texture":"#material",
              "uv":[
                4.0,
                8.0,
                4.0,
                10.0
              ],
              "autoUv":false
            },
            "south":{
              "texture":"#material",
              "uv":[
                36.776573181152344,
                23.007729530334473,
                21.995859146118164,
                25.021727561950684
              ],
              "autoUv":false
            },
            "west":{
              "texture":"#material",
              "uv":[
                0.0,
                4.0,
                0.0,
                6.0
              ],
              "autoUv":false
            },
            "up":{
              "texture":"#material",
              "uv":[
                0.0,
                0.0,
                20.0,
                0.0
              ],
              "autoUv":false,
              "rotation":90
            },
            "down":{
              "texture":"#material",
              "uv":[
                18.356586456298828,
                13.890968322753906,
                33.35176467895508,
                13.073673248291016
              ],
              "autoUv":false
            }
          },
          "children":[]
        },
        {
          "name":"metal5",
          "from":[
            -3.4615761637687683,
            -0.36262935400009155,
            0.3992208445852157
          ],
          "to":[
            -2.720339596271515,
            0.13737064599990845,
            0.6001345569675323
          ],
          "rotationOrigin":[
            -3.0909578800201416,
            -0.11262941360473633,
            0.4996776858752128
          ],
          "rotationX":4.779083144372115e-07,
          "rotationY":3.64246567096384e-06,
          "rotationZ":-5.999998886304741,
          "group":"Scene Collection",
          "faces":{
            "north":{
              "texture":"#material",
              "uv":[
                42.07645797729492,
                23.007691383361816,
                45.045658111572266,
                25.0105619430542
              ],
              "autoUv":false
            },
            "east":{
              "texture":"#material",
              "uv":[
                8.0,
                8.0,
                8.0,
                10.0
              ],
              "autoUv":false
            },
            "south":{
              "texture":"#material",
              "uv":[
                45.045658111572266,
                23.007691383361816,
                42.07645797729492,
                25.0105619430542
              ],
              "autoUv":false
            },
            "west":{
              "texture":"#material",
              "uv":[
                8.0,
                20.0,
                8.0,
                22.0
              ],
              "autoUv":false
            },
            "up":{
              "texture":"#material",
              "uv":[
                12.0,
                16.0,
                16.0,
                16.0
              ],
              "autoUv":false,
              "rotation":90
            },
            "down":{
              "texture":"#material",
              "uv":[
                33.3517951965332,
                13.89096450805664,
                36.364227294921875,
                13.076313018798828
              ],
              "autoUv":false
            }
          },
          "children":[]
        },
        {
          "name":"metal6",
          "from":[
            -4.166837394237518,
            -0.2509269118309021,
            0.3983397815609351
          ],
          "to":[
            -3.425600826740265,
            0.2490730881690979,
            0.6006263975286856
          ],
          "rotationOrigin":[
            -3.7962191104888916,
            -0.000926971435546875,
            0.49948307464364916
          ],
          "rotationX":7.234176379067242e-13,
          "rotationY":3.6424677065188363e-06,
          "rotationZ":-12.000014848082408,
          "group":"Scene Collection",
          "faces":{
            "north":{
              "texture":"#material",
              "uv":[
                44.746337890625,
                23.027639389038086,
                47.714073181152344,
                25.06303596496582
              ],
              "autoUv":false
            },
            "east":{
              "texture":"#material",
              "uv":[
                8.0,
                8.0,
                8.0,
                10.0
              ],
              "autoUv":false
            },
            "south":{
              "texture":"#material",
              "uv":[
                47.714073181152344,
                23.027639389038086,
                44.746337890625,
                25.06303596496582
              ],
              "autoUv":false
            },
            "west":{
              "texture":"#material",
              "uv":[
                8.0,
                20.0,
                8.0,
                22.0
              ],
              "autoUv":false
            },
            "up":{
              "texture":"#material",
              "uv":[
                12.0,
                16.0,
                16.0,
                16.0
              ],
              "autoUv":false,
              "rotation":90
            },
            "down":{
              "texture":"#material",
              "uv":[
                36.364227294921875,
                13.892547607421875,
                39.32704544067383,
                13.076313018798828
              ],
              "autoUv":false
            }
          },
          "children":[]
        },
        {
          "name":"metal7",
          "from":[
            -4.757393509149551,
            -0.07692557573318481,
            0.3987916034820955
          ],
          "to":[
            -4.11173614859581,
            0.4230744242668152,
            0.6004796398046892
          ],
          "rotationOrigin":[
            -4.434564828872681,
            0.1730743646621704,
            0.4996356067422312
          ],
          "rotationX":-4.716355316992615e-12,
          "rotationY":-7.831980559052217e-05,
          "rotationZ":-19.000018742560954,
          "group":"Scene Collection",
          "faces":{
            "north":{
              "texture":"#material",
              "uv":[
                43.04841613769531,
                22.995156288146973,
                45.587127685546875,
                25.06303596496582
              ],
              "autoUv":false
            },
            "east":{
              "texture":"#material",
              "uv":[
                8.0,
                8.0,
                8.0,
                10.0
              ],
              "autoUv":false
            },
            "south":{
              "texture":"#material",
              "uv":[
                45.587127685546875,
                22.995156288146973,
                43.04841613769531,
                25.06303596496582
              ],
              "autoUv":false
            },
            "west":{
              "texture":"#material",
              "uv":[
                8.0,
                20.0,
                8.0,
                22.0
              ],
              "autoUv":false
            },
            "up":{
              "texture":"#material",
              "uv":[
                12.0,
                16.0,
                16.0,
                16.0
              ],
              "autoUv":false,
              "rotation":90
            },
            "down":{
              "texture":"#material",
              "uv":[
                39.32704544067383,
                13.89130973815918,
                41.82175064086914,
                13.076313018798828
              ],
              "autoUv":false
            }
          },
          "children":[]
        },
        {
          "name":"metal8",
          "from":[
            -5.320968270301819,
            0.1480269432067871,
            0.3986116897431202
          ],
          "to":[
            -4.675310969352722,
            0.6490553021430969,
            0.600777710613329
          ],
          "rotationOrigin":[
            -4.9981396198272705,
            0.4380844235420227,
            0.4996946852770634
          ],
          "rotationX":1.502420681145778e-13,
          "rotationY":3.6424660780748394e-06,
          "rotationZ":-24.0000109131446,
          "group":"Scene Collection",
          "faces":{
            "north":{
              "texture":"#material",
              "uv":[
                44.08701705932617,
                24.05163288116455,
                46.775508880615234,
                26.071670532226562
              ],
              "autoUv":false
            },
            "east":{
              "texture":"#material",
              "uv":[
                8.0,
                8.27265739440918,
                8.0,
                10.0
              ],
              "autoUv":false
            },
            "south":{
              "texture":"#material",
              "uv":[
                46.775508880615234,
                24.05163288116455,
                44.08701705932617,
                26.071670532226562
              ],
              "autoUv":false
            },
            "west":{
              "texture":"#material",
              "uv":[
                8.0,
                20.272658348083496,
                8.0,
                22.0
              ],
              "autoUv":false
            },
            "up":{
              "texture":"#material",
              "uv":[
                12.0,
                16.0,
                16.0,
                16.0
              ],
              "autoUv":false,
              "rotation":90
            },
            "down":{
              "texture":"#material",
              "uv":[
                41.82175064086914,
                13.89130973815918,
                44.232086181640625,
                13.075826644897461
              ],
              "autoUv":false
            }
          },
          "children":[]
        },
        {
          "name":"metal9",
          "from":[
            -5.554281711578369,
            0.3939782679080963,
            0.3987960310478229
          ],
          "to":[
            -5.2144947946071625,
            0.8421611189842224,
            0.6003815771837253
          ],
          "rotationOrigin":[
            -5.435298204421997,
            0.6180696487426758,
            0.4995887892146129
          ],
          "rotationX":-1.6789462948425952e-13,
          "rotationY":179.999991348578,
          "rotationZ":-49.000009332103254,
          "group":"Scene Collection",
          "faces":{
            "north":{
              "texture":"#material",
              "uv":[
                48.44524002075195,
                23.66352367401123,
                46.61385726928711,
                25.01965093612671
              ],
              "autoUv":false,
              "rotation":90
            },
            "east":{
              "texture":"#material",
              "uv":[
                45.61431121826172,
                13.075826644897461,
                44.232086181640625,
                13.892168045043945
              ],
              "autoUv":false,
              "rotation":90
            },
            "south":{
              "texture":"#material",
              "uv":[
                46.61385726928711,
                23.66352367401123,
                48.44524002075195,
                25.01965093612671
              ],
              "autoUv":false,
              "rotation":270
            },
            "west":{
              "texture":"#material",
              "uv":[
                8.0,
                20.0,
                8.0,
                22.0
              ],
              "autoUv":false
            },
            "up":{
              "texture":"#material",
              "uv":[
                12.92226791381836,
                16.0,
                16.0,
                16.0
              ],
              "autoUv":false,
              "rotation":90
            },
            "down":{
              "texture":"#material",
              "uv":[
                7.077732563018799,
                8.0,
                4.0,
                8.0
              ],
              "autoUv":false,
              "rotation":180
            }
          },
          "children":[]
        },
        {
          "name":"string1",
          "from":[
            0.7455403804779053,
            -0.032333314418792725,
            -0.10421501006931067
          ],
          "to":[
            0.9853627681732178,
            1.1653475165367126,
            1.0947934547439218
          ],
          "rotationOrigin":[
            0.8654515743255615,
            0.56650710105896,
            0.49528922233730555
          ],
          "rotationX":-2.0538986862342576e-08,
          "rotationY":176.00000034418676,
          "rotationZ":-0.9999996720885159,
          "group":"Scene Collection",
          "faces":{
            "north":{
              "texture":"#string",
              "uv":[
                19.0,
                0.0,
                23.0,
                1.0
              ],
              "autoUv":false,
              "rotation":90
            },
            "east":{
              "texture":"#string",
              "uv":[
                4.0,
                4.0,
                9.0,
                8.0
              ],
              "autoUv":false
            },
            "south":{
              "texture":"#string",
              "uv":[
                11.0,
                4.0,
                15.0,
                5.0
              ],
              "autoUv":false,
              "rotation":90
            },
            "west":{
              "texture":"#string",
              "uv":[
                2.0,
                3.0,
                7.0,
                7.0
              ],
              "autoUv":false
            },
            "up":{
              "texture":"#string",
              "uv":[
                2.0,
                0.0,
                7.0,
                1.0
              ],
              "autoUv":false,
              "rotation":90
            },
            "down":{
              "texture":"#string",
              "uv":[
                20.0,
                3.0,
                15.0,
                2.0
              ],
              "autoUv":false,
              "rotation":270
            }
          },
          "children":[]
        },
        {
          "name":"string2",
          "from":[
            1.0263083949685097,
            -0.04055565595626831,
            -0.09298445703461766
          ],
          "to":[
            1.2661305889487267,
            1.146929919719696,
            1.1060238885693252
          ],
          "rotationOrigin":[
            1.1462194919586182,
            0.5531871318817139,
            0.5065197157673538
          ],
          "rotationX":-1.3850703380997434e-08,
          "rotationY":-173.00000367579872,
          "rotationZ":-0.9999992452016928,
          "group":"Scene Collection",
          "faces":{
            "north":{
              "texture":"#string",
              "uv":[
                19.0,
                0.0,
                23.0,
                1.0
              ],
              "autoUv":false,
              "rotation":90
            },
            "east":{
              "texture":"#string",
              "uv":[
                4.0,
                4.0,
                9.0,
                8.0
              ],
              "autoUv":false
            },
            "south":{
              "texture":"#string",
              "uv":[
                11.0,
                4.0,
                15.0,
                5.0
              ],
              "autoUv":false,
              "rotation":90
            },
            "west":{
              "texture":"#string",
              "uv":[
                2.0,
                3.0,
                7.0,
                7.0
              ],
              "autoUv":false
            },
            "up":{
              "texture":"#string",
              "uv":[
                2.0,
                0.0,
                7.0,
                1.0
              ],
              "autoUv":false,
              "rotation":90
            },
            "down":{
              "texture":"#string",
              "uv":[
                20.0,
                3.0,
                15.0,
                2.0
              ],
              "autoUv":false,
              "rotation":270
            }
          },
          "children":[]
        },
        {
          "name":"string3",
          "from":[
            1.0799052938818932,
            -0.5570470690727234,
            0.17588652670383453
          ],
          "to":[
            1.2610499635338783,
            0.04296344518661499,
            0.38109631836414337
          ],
          "rotationOrigin":[
            1.1704776287078857,
            -0.2570418119430542,
            0.27849142253398895
          ],
          "rotationX":18.999999959540737,
          "rotationY":-173.00000367579872,
          "rotationZ":-20.000002833280426,
          "group":"Scene Collection",
          "faces":{
            "north":{
              "texture":"#string",
              "uv":[
                19.0,
                0.0,
                23.0,
                1.0
              ],
              "autoUv":false,
              "rotation":90
            },
            "east":{
              "texture":"#string",
              "uv":[
                4.0,
                4.0,
                9.0,
                8.0
              ],
              "autoUv":false
            },
            "south":{
              "texture":"#string",
              "uv":[
                11.0,
                4.0,
                15.0,
                5.0
              ],
              "autoUv":false,
              "rotation":90
            },
            "west":{
              "texture":"#string",
              "uv":[
                2.0,
                3.0,
                7.0,
                7.0
              ],
              "autoUv":false
            },
            "up":{
              "texture":"#string",
              "uv":[
                2.0,
                0.0,
                7.0,
                1.0
              ],
              "autoUv":false,
              "rotation":90
            },
            "down":{
              "texture":"#string",
              "uv":[
                20.0,
                3.0,
                15.0,
                2.0
              ],
              "autoUv":false,
              "rotation":270
            }
          },
          "children":[]
        },
        {
          "name":"string4",
          "from":[
            1.0554258897900581,
            -0.5388075709342957,
            0.7180770710110664
          ],
          "to":[
            1.2365705892443657,
            0.061202824115753174,
            0.9232868477702141
          ],
          "rotationOrigin":[
            1.145998239517212,
            -0.23880237340927124,
            0.8206819593906403
          ],
          "rotationX":-27.99999850244126,
          "rotationY":179.999991348578,
          "rotationZ":-19.99999600309126,
          "group":"Scene Collection",
          "faces":{
            "north":{
              "texture":"#string",
              "uv":[
                19.0,
                0.0,
                23.0,
                1.0
              ],
              "autoUv":false,
              "rotation":90
            },
            "east":{
              "texture":"#string",
              "uv":[
                4.0,
                4.0,
                9.0,
                8.0
              ],
              "autoUv":false
            },
            "south":{
              "texture":"#string",
              "uv":[
                11.0,
                4.0,
                15.0,
                5.0
              ],
              "autoUv":false,
              "rotation":90
            },
            "west":{
              "texture":"#string",
              "uv":[
                2.0,
                3.0,
                7.0,
                7.0
              ],
              "autoUv":false
            },
            "up":{
              "texture":"#string",
              "uv":[
                2.0,
                0.0,
                7.0,
                1.0
              ],
              "autoUv":false,
              "rotation":90
            },
            "down":{
              "texture":"#string",
              "uv":[
                20.0,
                3.0,
                15.0,
                2.0
              ],
              "autoUv":false,
              "rotation":270
            }
          },
          "children":[]
        }
      ]
    }
  ],
  "groups":[]
}