[
{
    "file": "entities/land/crab/crab-baby.json",
    "op": "add",
    "path": "/enabled",
    "value": false,
    "condition": {"when": "CrabEnabled", "isValue": "false"}
},
{
    "file": "entities/land/crab/crab-both.json",
    "op": "add",
    "path": "/enabled",
    "value": false,
    "condition": {"when": "CrabEnabled", "isValue": "false"}
},
{
    "file": "entities/land/isopod/isopod-woodlouse.json",
    "op": "add",
    "path": "/enabled",
    "value": false,
    "condition": {"when": "WoodlouseEnabled", "isValue": "false"}
},
{
    "file": "entities/land/hedgehog/hedgehog-baby.json",
    "op": "add",
    "path": "/enabled",
    "value": false,
    "condition": {"when": "HedgehogEnabled", "isValue": "false"}
},
{
    "file": "entities/land/hedgehog/hedgehog-female.json",
    "op": "add",
    "path": "/enabled",
    "value": false,
    "condition": {"when": "HedgehogEnabled", "isValue": "false"}
},
{
    "file": "entities/land/hedgehog/hedgehog-male.json",
    "op": "add",
    "path": "/enabled",
    "value": false,
    "condition": {"when": "HedgehogEnabled", "isValue": "false"}
},
{
    "file": "entities/land/duck/mallard/mallard-duck-baby.json",
    "op": "add",
    "path": "/enabled",
    "value": false,
    "condition": {"when": "DuckEnabled", "isValue": "false"}
},
{
    "file": "entities/land/duck/mallard/mallard-duck-female.json",
    "op": "add",
    "path": "/enabled",
    "value": false,
    "condition": {"when": "DuckEnabled", "isValue": "false"}
},
{
    "file": "entities/land/duck/mallard/mallard-duck-male.json",
    "op": "add",
    "path": "/enabled",
    "value": false,
    "condition": {"when": "DuckEnabled", "isValue": "false"}
},
{
    "file": "entities/land/duck/pekin/pekin-duck-baby.json",
    "op": "add",
    "path": "/enabled",
    "value": false,
    "condition": {"when": "DuckEnabled", "isValue": "false"}
},
{
    "file": "entities/land/duck/pekin/pekin-duck-female.json",
    "op": "add",
    "path": "/enabled",
    "value": false,
    "condition": {"when": "DuckEnabled", "isValue": "false"}
},
{
    "file": "entities/land/duck/pekin/pekin-duck-male.json",
    "op": "add",
    "path": "/enabled",
    "value": false,
    "condition": {"when": "DuckEnabled", "isValue": "false"}
},


{
    "file": "entities/land/yak/yak-baby.json",
    "op": "add",
    "path": "/enabled",
    "value": false,
    "condition": {"when": "YakEnabled", "isValue": "false"}
},
{
    "file": "entities/land/yak/yak-female.json",
    "op": "add",
    "path": "/enabled",
    "value": false,
    "condition": {"when": "YakEnabled", "isValue": "false"}
},
{
    "file": "entities/land/Yak/Yak-male.json",
    "op": "add",
    "path": "/enabled",	
    "value": false,
    "condition": {"when": "YakEnabled", "isValue": "false"}
},
{
    "file": "entities/land/squirrel/squirrel-baby.json",
    "op": "add",
    "path": "/enabled",
    "value": false,
    "condition": {"when": "SquirrelEnabled", "isValue": "false"}
},
{
    "file": "entities/land/squirrel/squirrel-female.json",
    "op": "add",
    "path": "/enabled",
    "value": false,
    "condition": {"when": "SquirrelEnabled", "isValue": "false"}
},
{
    "file": "entities/land/squirrel/squirrel-male.json",
    "op": "add",
    "path": "/enabled",
    "value": false,
    "condition": {"when": "SquirrelEnabled", "isValue": "false"}
},
{
    "file": "entities/land/chipmunk/chipmunk-baby.json",
    "op": "add",
    "path": "/enabled",
    "value": false,
    "condition": {"when": "ChipmunkEnabled", "isValue": "false"}
},
{
    "file": "entities/land/chipmunk/chipmunk-female.json",
    "op": "add",
    "path": "/enabled",
    "value": false,
    "condition": {"when": "ChipmunkEnabled", "isValue": "false"}
},
{
    "file": "entities/land/chipmunk/chipmunk-male.json",
    "op": "add",
    "path": "/enabled",
    "value": false,
    "condition": {"when": "ChipmunkEnabled", "isValue": "false"}
},

{
    "file": "entities/air/robin/robin_flying.json",
    "op": "add",
    "path": "/enabled",
    "value": false,
    "condition": {"when": "RobinEnabled", "isValue": "false"}
},

{
    "file": "entities/air/crow/crow_flying.json",
    "op": "add",
    "path": "/enabled",
    "value": false,
    "condition": {"when": "CrowEnabled", "isValue": "false"}
},
{
    "file": "entities/air/crow/c_crow.json",
    "op": "add",
    "path": "/enabled",
    "value": false,
    "condition": {"when": "CrowEnabled", "isValue": "false"}
},
{
    "file": "entities/air/waxwing/waxwing_f.json",
    "op": "add",
    "path": "/enabled",
    "value": false,
    "condition": {"when": "WaxwingEnabled", "isValue": "false"}
},
{
    "file": "entities/air/waxwing/waxwing_g.json",
    "op": "add",
    "path": "/enabled",
    "value": false,
    "condition": {"when": "WaxwingEnabled", "isValue": "false"}
},
{
    "file": "entities/land/snail/snaily.json",
    "op": "add",
    "path": "/enabled",
    "value": false,
    "condition": {"when": "SnailEnabled", "isValue": "false"}
},
{
    "file": "entities/land/fieldmouse/fieldmouse.json",
    "op": "add",
    "path": "/enabled",
    "value": false,
    "condition": {"when": "FieldmouseEnabled", "isValue": "false"}
},
{
    "file": "entities/air/sparrow/house-sparrow_f.json",
    "op": "add",
    "path": "/enabled",
    "value": false,
    "condition": {"when": "HousesparrowEnabled", "isValue": "false"}
},
{
    "file": "entities/land/isopod/isopod-rubberducky.json",
    "op": "add",
    "path": "/enabled",
    "value": false,
    "condition": {"when": "WoodlouseEnabled", "isValue": "false"}
},
{
    "file": "entities/air/owl/brown-owl-f.json",
    "op": "add",
    "path": "/enabled",
    "value": false,
    "condition": {"when": "BrownowlEnabled", "isValue": "false"}
},



]