{
	"editor": {
		"allAngles": false,
		"singleTexture": false
	},
	"textureWidth": 16,
	"textureHeight": 16,
	"textures": {
		"string": "item/tool/material/string",
		"material": "block/metal/ingot/copper",
		"handle": "item/tool/material/handle"
  },
  "textureSizes":{
    "metal":[
      32,
      32
    ],
    "wood":[
      32,
      32
    ],
    "string":[
      32,
      32
    ]
  },
  "elements":[
    {
      "name":"origin",
      "from":[
        19.96929359436035,
        0.8460309505462646,
        7.441638946533203
      ],
      "to":[
        19.96929359436035,
        0.8460309505462646,
        7.441638946533203
      ],
      "rotationOrigin":[
        7.969293594360352,
        0.34603095054626465,
        7.441638946533203
      ],
      "rotationY":-7.954543321555339,
      "group":"Scene Collection",
      "faces":{
        "north":{
          "texture":"#0",
          "uv":[
            0,
            0,
            4,
            4
          ],
          "autoUv":false
        },
        "east":{
          "texture":"#0",
          "uv":[
            0,
            0,
            4,
            4
          ],
          "autoUv":false
        },
        "south":{
          "texture":"#0",
          "uv":[
            0,
            0,
            4,
            4
          ],
          "autoUv":false
        },
        "west":{
          "texture":"#0",
          "uv":[
            0,
            0,
            4,
            4
          ],
          "autoUv":false
        },
        "up":{
          "texture":"#metal",
          "uv":[
            0.0,
            0.0,
            1.0,
            1.0
          ],
          "autoUv":false,
          "rotation":180
        },
        "down":{
          "texture":"#0",
          "uv":[
            0,
            0,
            4,
            4
          ],
          "autoUv":false
        }
      },
      "children":[
        {
          "name":"handle",
          "from":[
            -12.06756591796875,
            7.0,
            -0.27708661556243896
          ],
          "to":[
            -7.0534844398498535,
            8.0,
            0.722913384437561
          ],
          "rotationOrigin":[
            -9.560524463653564,
            7.5,
            0.22291338443756104
          ],
          "rotationY":7.954545029102631,
          "group":"Scene Collection",
          "faces":{
            "north":{
              "texture":"#wood",
              "uv":[
                22.673973083496094,
                12.0,
                12.645811080932617,
                16.000000953674316
              ],
              "autoUv":false
            },
            "east":{
              "texture":"#wood",
              "uv":[
                6.0,
                0.0,
                8.0,
                4.0
              ],
              "autoUv":false
            },
            "south":{
              "texture":"#wood",
              "uv":[
                23.868043899536133,
                22.0,
                13.839879989624023,
                26.0
              ],
              "autoUv":false
            },
            "west":{
              "texture":"#wood",
              "uv":[
                8.0,
                0.0,
                10.0,
                4.0
              ],
              "autoUv":false
            },
            "up":{
              "texture":"#wood",
              "uv":[
                14.528133392333984,
                8.0,
                24.556299209594727,
                11.999998092651367
              ],
              "autoUv":false
            },
            "down":{
              "texture":"#wood",
              "uv":[
                13.305177688598633,
                14.001989364624023,
                3.2770144939422607,
                10.00198745727539
              ],
              "autoUv":false,
              "rotation":180
            }
          },
          "children":[
            {
              "name":"handle 1",
              "from":[
                5.830013662576675,
                0.0,
                0.026743084192276
              ],
              "to":[
                6.336073487997055,
                1.0,
                1.0267427861690521
              ],
              "rotationOrigin":[
                6.083043575286865,
                0.5,
                0.5267429351806641
              ],
              "rotationY":-6.468770990741995,
              "group":"Scene Collection",
              "faces":{
                "north":{
                  "texture":"#wood",
                  "uv":[
                    13.657929420471191,
                    12.0,
                    12.645811080932617,
                    16.000000953674316
                  ],
                  "autoUv":false
                },
                "east":{
                  "texture":"#wood",
                  "uv":[
                    6.0,
                    0.0,
                    8.0,
                    4.0
                  ],
                  "autoUv":false
                },
                "south":{
                  "texture":"#wood",
                  "uv":[
                    23.868043899536133,
                    22.0,
                    22.85592269897461,
                    26.0
                  ],
                  "autoUv":false
                },
                "west":{
                  "texture":"#wood",
                  "uv":[
                    8.0,
                    0.0,
                    10.0,
                    4.0
                  ],
                  "autoUv":false
                },
                "up":{
                  "texture":"#wood",
                  "uv":[
                    14.528133392333984,
                    8.0,
                    15.540253639221191,
                    11.999998092651367
                  ],
                  "autoUv":false
                },
                "down":{
                  "texture":"#wood",
                  "uv":[
                    13.305177688598633,
                    14.001989364624023,
                    12.293057441711426,
                    10.001989364624023
                  ],
                  "autoUv":false,
                  "rotation":180
                }
              },
              "children":[]
            },
            {
              "name":"handle 2",
              "from":[
                -4.500433444976807,
                0.00021076202392578125,
                0.05514812469482422
              ],
              "to":[
                0.01293039321899414,
                0.9997892379760742,
                1.0551481246948242
              ],
              "rotationOrigin":[
                -2.243751049041748,
                0.5,
                0.5551481246948242
              ],
              "rotationX":4.832803129425759e-16,
              "rotationY":1.4041277712913014,
              "rotationZ":-1.1842395672328422e-17,
              "group":"Scene Collection",
              "faces":{
                "north":{
                  "texture":"#wood",
                  "uv":[
                    11.306842803955078,
                    12.000843048095703,
                    2.2801151275634766,
                    15.999156951904297
                  ],
                  "autoUv":false
                },
                "east":{
                  "texture":"#wood",
                  "uv":[
                    6.0,
                    0.000843048095703125,
                    8.0,
                    3.999156951904297
                  ],
                  "autoUv":false
                },
                "south":{
                  "texture":"#wood",
                  "uv":[
                    34.233741760253906,
                    22.000842094421387,
                    25.20701026916504,
                    25.999156951904297
                  ],
                  "autoUv":false
                },
                "west":{
                  "texture":"#wood",
                  "uv":[
                    8.0,
                    0.000843048095703125,
                    10.0,
                    3.999156951904297
                  ],
                  "autoUv":false
                },
                "up":{
                  "texture":"#wood",
                  "uv":[
                    4.162439823150635,
                    8.0,
                    13.189167022705078,
                    12.0
                  ],
                  "autoUv":false
                },
                "down":{
                  "texture":"#wood",
                  "uv":[
                    23.670873641967773,
                    14.001989364624023,
                    14.644144058227539,
                    10.001989364624023
                  ],
                  "autoUv":false,
                  "rotation":180
                }
              },
              "children":[]
            }
          ]
        },
        {
          "name":"head",
          "from":[
            -7.7102577686309814,
            5.514480710029602,
            -1.0267705917358398
          ],
          "to":[
            -6.185569524765015,
            9.487509608268738,
            0.7424675822257996
          ],
          "rotationOrigin":[
            -6.947913646697998,
            7.500995635986328,
            -0.1421515941619873
          ],
          "rotationX":89.99998884409983,
          "rotationY":1.354487682754584e-07,
          "rotationZ":-7.954545029102631,
          "group":"Scene Collection",
          "faces":{
            "north":{
              "texture":"#metal",
              "uv":[
                18.009117126464844,
                3.3865489959716797,
                10.484331130981445,
                6.262165069580078
              ],
              "autoUv":false,
              "rotation":270
            },
            "east":{
              "texture":"#metal",
              "uv":[
                17.976381301879883,
                3.3865509033203125,
                10.483111381530762,
                3.3865509033203125
              ],
              "autoUv":false
            },
            "south":{
              "texture":"#metal",
              "uv":[
                10.484331130981445,
                3.3865509033203125,
                18.009117126464844,
                6.262165069580078
              ],
              "autoUv":false,
              "rotation":90
            },
            "west":{
              "texture":"#metal",
              "uv":[
                17.976381301879883,
                6.262165069580078,
                10.483111381530762,
                6.262165069580078
              ],
              "autoUv":false,
              "rotation":270
            },
            "up":{
              "texture":"#metal",
              "uv":[
                10.438959121704102,
                1.1090049743652344,
                13.191205978393555,
                4.302696228027344
              ],
              "autoUv":false
            },
            "down":{
              "texture":"#metal",
              "uv":[
                22.049100875854492,
                6.4221954345703125,
                19.299835205078125,
                3.2319679260253906
              ],
              "autoUv":false,
              "rotation":180
            }
          },
          "children":[
            {
              "name":"head 01",
              "from":[
                -0.5553490221500397,
                1.44735973700881,
                0.2560202081222087
              ],
              "to":[
                0.14073672890663147,
                2.6008478365838528,
                1.5154679019469768
              ],
              "rotationOrigin":[
                -0.2073061466217041,
                2.024103756994009,
                0.885743995429948
              ],
              "rotationX":-89.99998884409983,
              "rotationY":-6.085019800432591,
              "rotationZ":5.155927985250639e-07,
              "group":"Scene Collection",
              "faces":{
                "north":{
                  "texture":"#metal",
                  "uv":[
                    23.741823196411133,
                    17.200148582458496,
                    22.3544979095459,
                    19.499103546142578
                  ],
                  "autoUv":false,
                  "rotation":180
                },
                "east":{
                  "texture":"#metal",
                  "uv":[
                    9.429177284240723,
                    0.2887248992919922,
                    11.297221183776855,
                    3.711275100708008
                  ],
                  "autoUv":false,
                  "rotation":180
                },
                "south":{
                  "texture":"#metal",
                  "uv":[
                    22.35449981689453,
                    17.20015048980713,
                    23.7418212890625,
                    19.499104499816895
                  ],
                  "autoUv":false,
                  "rotation":180
                },
                "west":{
                  "texture":"#metal",
                  "uv":[
                    11.439363479614258,
                    0.2887248992919922,
                    13.307408332824707,
                    3.711275100708008
                  ],
                  "autoUv":false,
                  "rotation":180
                },
                "up":{
                  "texture":"#metal",
                  "uv":[
                    21.404190063476562,
                    29.38366675376892,
                    24.297330856323242,
                    30.983044266700745
                  ],
                  "autoUv":false,
                  "rotation":270
                },
                "down":{
                  "texture":"#metal",
                  "uv":[
                    21.404184341430664,
                    30.983044505119324,
                    24.29733657836914,
                    29.383666515350342
                  ],
                  "autoUv":false,
                  "rotation":270
                }
              },
              "children":[]
            },
            {
              "name":"head 02",
              "from":[
                -0.372015118598938,
                1.8981952778585764,
                1.4662096500396729
              ],
              "to":[
                3.609777569770813,
                2.0748279504068705,
                1.6887335777282715
              ],
              "rotationOrigin":[
                1.6188809871673584,
                1.9865116066821429,
                1.5774716138839722
              ],
              "rotationX":-2.456436769179445e-05,
              "rotationY":-112.50001849852335,
              "rotationZ":-90.00004348561319,
              "group":"Scene Collection",
              "faces":{
                "north":{
                  "texture":"#metal",
                  "uv":[
                    10.474851608276367,
                    2.9512882232666016,
                    17.98464584350586,
                    3.0787734985351562
                  ],
                  "autoUv":false,
                  "rotation":180
                },
                "east":{
                  "texture":"#metal",
                  "uv":[
                    19.00558090209961,
                    5.852508544921875,
                    19.25440216064453,
                    6.300315856933594
                  ],
                  "autoUv":false,
                  "rotation":180
                },
                "south":{
                  "texture":"#metal",
                  "uv":[
                    17.98464584350586,
                    3.339029312133789,
                    10.474851608276367,
                    3.4665164947509766
                  ],
                  "autoUv":false,
                  "rotation":180
                },
                "west":{
                  "texture":"#metal",
                  "uv":[
                    13.11467170715332,
                    3.886106491088867,
                    13.607793807983398,
                    4.026960372924805
                  ],
                  "autoUv":false,
                  "rotation":180
                },
                "up":{
                  "texture":"#metal",
                  "uv":[
                    10.474851608276367,
                    3.078775405883789,
                    17.98464584350586,
                    3.4665164947509766
                  ],
                  "autoUv":false
                },
                "down":{
                  "texture":"#metal",
                  "uv":[
                    10.474851608276367,
                    3.339029312133789,
                    17.98464584350586,
                    2.9512882232666016
                  ],
                  "autoUv":false,
                  "rotation":180
                }
              },
              "children":[]
            },
            {
              "name":"head 03",
              "from":[
                -0.42846739292144775,
                1.8981941876540986,
                1.521386444568634
              ],
              "to":[
                3.5558751821517944,
                2.0748270166645852,
                1.7439103871583939
              ],
              "rotationOrigin":[
                1.563704252243042,
                1.9865106356869546,
                1.6326483488082886
              ],
              "rotationX":3.204471312757325e-05,
              "rotationY":22.50001940913976,
              "rotationZ":89.999995674289,
              "group":"Scene Collection",
              "faces":{
                "north":{
                  "texture":"#metal",
                  "uv":[
                    17.987045288085938,
                    3.2393836975097656,
                    10.472444534301758,
                    3.547159194946289
                  ],
                  "autoUv":false,
                  "rotation":180
                },
                "east":{
                  "texture":"#metal",
                  "uv":[
                    13.037487030029297,
                    3.931591033935547,
                    13.485776901245117,
                    4.1806793212890625
                  ],
                  "autoUv":false,
                  "rotation":90
                },
                "south":{
                  "texture":"#metal",
                  "uv":[
                    10.472443580627441,
                    3.078775405883789,
                    17.987045288085938,
                    3.3865489959716797
                  ],
                  "autoUv":false,
                  "rotation":180
                },
                "west":{
                  "texture":"#metal",
                  "uv":[
                    19.159130096435547,
                    5.929607391357422,
                    19.299835205078125,
                    6.4221954345703125
                  ],
                  "autoUv":false,
                  "rotation":270
                },
                "up":{
                  "texture":"#metal",
                  "uv":[
                    10.472444534301758,
                    3.3865509033203125,
                    17.987045288085938,
                    3.547159194946289
                  ],
                  "autoUv":false,
                  "rotation":180
                },
                "down":{
                  "texture":"#metal",
                  "uv":[
                    10.472444534301758,
                    3.2393836975097656,
                    17.987045288085938,
                    3.078775405883789
                  ],
                  "autoUv":false
                }
              },
              "children":[]
            },
            {
              "name":"head 04",
              "from":[
                -2.0850865840911865,
                1.8981952704079958,
                1.4662096425890923
              ],
              "to":[
                1.8967057466506958,
                2.074827957857451,
                1.688733585178852
              ],
              "rotationOrigin":[
                -0.09419083595275879,
                1.9865116066821429,
                1.5774716138839722
              ],
              "rotationX":-1.0541168772369557e-05,
              "rotationY":-67.49996601986548,
              "rotationZ":-90.00002299504568,
              "group":"Scene Collection",
              "faces":{
                "north":{
                  "texture":"#metal",
                  "uv":[
                    17.98464584350586,
                    6.182201385498047,
                    10.474851608276367,
                    6.309684753417969
                  ],
                  "autoUv":false
                },
                "east":{
                  "texture":"#metal",
                  "uv":[
                    21.97264862060547,
                    6.006059646606445,
                    22.465240478515625,
                    6.146762847900391
                  ],
                  "autoUv":false,
                  "rotation":180
                },
                "south":{
                  "texture":"#metal",
                  "uv":[
                    10.474852561950684,
                    6.569940567016602,
                    17.98464584350586,
                    6.697423934936523
                  ],
                  "autoUv":false
                },
                "west":{
                  "texture":"#metal",
                  "uv":[
                    10.144384384155273,
                    3.732391357421875,
                    10.393474578857422,
                    4.1806793212890625
                  ],
                  "autoUv":false,
                  "rotation":180
                },
                "up":{
                  "texture":"#metal",
                  "uv":[
                    10.474851608276367,
                    6.182201385498047,
                    17.98464584350586,
                    6.569942474365234
                  ],
                  "autoUv":false
                },
                "down":{
                  "texture":"#metal",
                  "uv":[
                    10.474851608276367,
                    6.697425842285156,
                    17.98464584350586,
                    6.309684753417969
                  ],
                  "autoUv":false,
                  "rotation":180
                }
              },
              "children":[]
            },
            {
              "name":"head 05",
              "from":[
                -2.0850874185562134,
                1.8981957575579145,
                0.08050356060266495
              ],
              "to":[
                1.896704912185669,
                2.0748284077544668,
                0.3030275031924248
              ],
              "rotationOrigin":[
                -0.09419083595275879,
                1.9865120416779973,
                0.1917656660079956
              ],
              "rotationX":-1.0541168772369557e-05,
              "rotationY":67.49996601986548,
              "rotationZ":90.00002299504568,
              "group":"Scene Collection",
              "faces":{
                "north":{
                  "texture":"#metal",
                  "uv":[
                    17.98464584350586,
                    6.569942474365234,
                    10.474852561950684,
                    6.697425842285156
                  ],
                  "autoUv":false,
                  "rotation":180
                },
                "east":{
                  "texture":"#metal",
                  "uv":[
                    10.022369384765625,
                    1.3847408294677734,
                    10.515491485595703,
                    1.525594711303711
                  ],
                  "autoUv":false,
                  "rotation":180
                },
                "south":{
                  "texture":"#metal",
                  "uv":[
                    10.474851608276367,
                    6.182201385498047,
                    17.98464584350586,
                    6.309684753417969
                  ],
                  "autoUv":false,
                  "rotation":180
                },
                "west":{
                  "texture":"#metal",
                  "uv":[
                    22.094532012939453,
                    3.353851318359375,
                    22.343353271484375,
                    3.801654815673828
                  ],
                  "autoUv":false,
                  "rotation":180
                },
                "up":{
                  "texture":"#metal",
                  "uv":[
                    10.474851608276367,
                    6.309684753417969,
                    17.98464584350586,
                    6.697425842285156
                  ],
                  "autoUv":false,
                  "rotation":180
                },
                "down":{
                  "texture":"#metal",
                  "uv":[
                    10.474851608276367,
                    6.569942474365234,
                    17.98464584350586,
                    6.182201385498047
                  ],
                  "autoUv":false
                }
              },
              "children":[]
            },
            {
              "name":"head 06",
              "from":[
                -0.37201571464538574,
                1.8981956457989781,
                0.08050478994846344
              ],
              "to":[
                3.609776496887207,
                2.0748283481495946,
                0.3030287176370621
              ],
              "rotationOrigin":[
                1.618880033493042,
                1.98651204167777,
                0.191766619682312
              ],
              "rotationX":1.2210795303738715e-05,
              "rotationY":112.50002532871251,
              "rotationZ":-89.999995674289,
              "group":"Scene Collection",
              "faces":{
                "north":{
                  "texture":"#metal",
                  "uv":[
                    10.474851608276367,
                    3.339029312133789,
                    17.98464584350586,
                    3.4665164947509766
                  ],
                  "autoUv":false,
                  "rotation":180
                },
                "east":{
                  "texture":"#metal",
                  "uv":[
                    18.883697509765625,
                    3.5074024200439453,
                    19.376285552978516,
                    3.6481056213378906
                  ],
                  "autoUv":false
                },
                "south":{
                  "texture":"#metal",
                  "uv":[
                    17.984643936157227,
                    2.9512882232666016,
                    10.474852561950684,
                    3.078775405883789
                  ],
                  "autoUv":false,
                  "rotation":180
                },
                "west":{
                  "texture":"#metal",
                  "uv":[
                    13.236688613891602,
                    1.2310237884521484,
                    13.485776901245117,
                    1.679311752319336
                  ],
                  "autoUv":false
                },
                "up":{
                  "texture":"#metal",
                  "uv":[
                    17.98464584350586,
                    3.078775405883789,
                    10.474851608276367,
                    3.4665164947509766
                  ],
                  "autoUv":false,
                  "rotation":180
                },
                "down":{
                  "texture":"#metal",
                  "uv":[
                    17.98464584350586,
                    3.339029312133789,
                    10.474851608276367,
                    2.9512882232666016
                  ],
                  "autoUv":false
                }
              },
              "children":[]
            },
            {
              "name":"head 07",
              "from":[
                -2.0311866998672485,
                1.8981952828894464,
                1.5213863849639893
              ],
              "to":[
                1.9531558752059937,
                2.074827962888321,
                1.743910312652588
              ],
              "rotationOrigin":[
                -0.03901505470275879,
                1.986511589361271,
                1.6326483488082886
              ],
              "rotationX":7.166865081041762e-06,
              "rotationY":157.499982184722,
              "rotationZ":89.99998884409983,
              "group":"Scene Collection",
              "faces":{
                "north":{
                  "texture":"#metal",
                  "uv":[
                    10.472443580627441,
                    6.262165069580078,
                    17.987045288085938,
                    6.569942474365234
                  ],
                  "autoUv":false
                },
                "east":{
                  "texture":"#metal",
                  "uv":[
                    10.298103332519531,
                    3.8095741271972656,
                    10.438959121704102,
                    4.302696228027344
                  ],
                  "autoUv":false,
                  "rotation":270
                },
                "south":{
                  "texture":"#metal",
                  "uv":[
                    17.987045288085938,
                    6.101558685302734,
                    10.472444534301758,
                    6.409332275390625
                  ],
                  "autoUv":false
                },
                "west":{
                  "texture":"#metal",
                  "uv":[
                    21.895549774169922,
                    6.051492691040039,
                    22.343353271484375,
                    6.300315856933594
                  ],
                  "autoUv":false,
                  "rotation":90
                },
                "up":{
                  "texture":"#metal",
                  "uv":[
                    10.472444534301758,
                    6.101558685302734,
                    17.987045288085938,
                    6.262165069580078
                  ],
                  "autoUv":false,
                  "rotation":180
                },
                "down":{
                  "texture":"#metal",
                  "uv":[
                    10.472444534301758,
                    6.569942474365234,
                    17.987045288085938,
                    6.409332275390625
                  ],
                  "autoUv":false
                }
              },
              "children":[]
            },
            {
              "name":"head 08",
              "from":[
                -2.0311859846115112,
                1.8981956780210112,
                0.025328047573566437
              ],
              "to":[
                1.953156590461731,
                2.0748283431187247,
                0.24785199016332626
              ],
              "rotationOrigin":[
                -0.03901505470275879,
                1.9865120589986418,
                0.1365898847579956
              ],
              "rotationX":2.458803875373352e-05,
              "rotationY":-157.499982184722,
              "rotationZ":-89.99997518372149,
              "group":"Scene Collection",
              "faces":{
                "north":{
                  "texture":"#metal",
                  "uv":[
                    10.472444534301758,
                    6.101558685302734,
                    17.987049102783203,
                    6.409332275390625
                  ],
                  "autoUv":false,
                  "rotation":180
                },
                "east":{
                  "texture":"#metal",
                  "uv":[
                    22.049100875854492,
                    3.2319679260253906,
                    22.189802169799805,
                    3.724557876586914
                  ],
                  "autoUv":false,
                  "rotation":270
                },
                "south":{
                  "texture":"#metal",
                  "uv":[
                    17.987049102783203,
                    6.262163162231445,
                    10.472443580627441,
                    6.569942474365234
                  ],
                  "autoUv":false,
                  "rotation":180
                },
                "west":{
                  "texture":"#metal",
                  "uv":[
                    10.144384384155273,
                    1.2310237884521484,
                    10.592676162719727,
                    1.4801139831542969
                  ],
                  "autoUv":false,
                  "rotation":90
                },
                "up":{
                  "texture":"#metal",
                  "uv":[
                    10.472444534301758,
                    6.409332275390625,
                    17.987049102783203,
                    6.569942474365234
                  ],
                  "autoUv":false
                },
                "down":{
                  "texture":"#metal",
                  "uv":[
                    10.472444534301758,
                    6.262165069580078,
                    17.987049102783203,
                    6.101558685302734
                  ],
                  "autoUv":false,
                  "rotation":180
                }
              },
              "children":[]
            },
            {
              "name":"head 09",
              "from":[
                -0.4284675121307373,
                1.8981957078233336,
                0.025327779352664948
              ],
              "to":[
                3.5558751821517944,
                2.0748284399762724,
                0.24785172194242477
              ],
              "rotationOrigin":[
                1.563704252243042,
                1.9865120589986418,
                0.1365898847579956
              ],
              "rotationX":5.155032035719089e-06,
              "rotationY":-22.50001940913976,
              "rotationZ":89.99998201391065,
              "group":"Scene Collection",
              "faces":{
                "north":{
                  "texture":"#metal",
                  "uv":[
                    17.987049102783203,
                    3.078775405883789,
                    10.472443580627441,
                    3.3865509033203125
                  ],
                  "autoUv":false,
                  "rotation":180
                },
                "east":{
                  "texture":"#metal",
                  "uv":[
                    13.191205978393555,
                    1.1090049743652344,
                    13.332061767578125,
                    1.6021270751953125
                  ],
                  "autoUv":false,
                  "rotation":90
                },
                "south":{
                  "texture":"#metal",
                  "uv":[
                    10.472444534301758,
                    3.2393836975097656,
                    17.987049102783203,
                    3.547159194946289
                  ],
                  "autoUv":false,
                  "rotation":180
                },
                "west":{
                  "texture":"#metal",
                  "uv":[
                    19.00558090209961,
                    3.353851318359375,
                    19.453388214111328,
                    3.602672576904297
                  ],
                  "autoUv":false,
                  "rotation":270
                },
                "up":{
                  "texture":"#metal",
                  "uv":[
                    17.987049102783203,
                    3.3865509033203125,
                    10.472444534301758,
                    3.547159194946289
                  ],
                  "autoUv":false
                },
                "down":{
                  "texture":"#metal",
                  "uv":[
                    17.987049102783203,
                    3.2393836975097656,
                    10.472444534301758,
                    3.078775405883789
                  ],
                  "autoUv":false,
                  "rotation":180
                }
              },
              "children":[]
            },
            {
              "name":"head 10",
              "from":[
                0.10850691795349121,
                -0.0028606676564777445,
                -0.10850726764556384
              ],
              "to":[
                1.4161813259124756,
                3.9758836007608807,
                1.8777446826184132
              ],
              "rotationOrigin":[
                0.7623441219329834,
                1.98651182418007,
                0.8846186478817799
              ],
              "rotationY":89.99998884409983,
              "rotationZ":2.0490570766926247e-05,
              "group":"Scene Collection",
              "faces":{
                "north":{
                  "texture":"#metal",
                  "uv":[
                    18.009117126464844,
                    3.3865509033203125,
                    10.484331130981445,
                    6.262165069580078
                  ],
                  "autoUv":false,
                  "rotation":270
                },
                "east":{
                  "texture":"#metal",
                  "uv":[
                    17.981765747070312,
                    2.9512882232666016,
                    10.477724075317383,
                    6.697425842285156
                  ],
                  "autoUv":false,
                  "rotation":270
                },
                "south":{
                  "texture":"#metal",
                  "uv":[
                    10.484331130981445,
                    3.3865509033203125,
                    18.009117126464844,
                    6.262165069580078
                  ],
                  "autoUv":false,
                  "rotation":90
                },
                "west":{
                  "texture":"#metal",
                  "uv":[
                    10.477724075317383,
                    2.9512882232666016,
                    17.981767654418945,
                    6.697425842285156
                  ],
                  "autoUv":false,
                  "rotation":90
                },
                "up":{
                  "texture":"#metal",
                  "uv":[
                    10.022369384765625,
                    1.525594711303711,
                    13.607793807983398,
                    3.886106491088867
                  ],
                  "autoUv":false,
                  "rotation":90
                },
                "down":{
                  "texture":"#metal",
                  "uv":[
                    22.465240478515625,
                    6.0060577392578125,
                    18.883697509765625,
                    3.6481056213378906
                  ],
                  "autoUv":false,
                  "rotation":90
                }
              },
              "children":[]
            }
          ]
        },
        {
          "name":"string 1",
          "from":[
            -14.701359882950783,
            6.9527557492256165,
            0.31963497400283813
          ],
          "to":[
            -14.364317759871483,
            8.098696887493134,
            1.6527170538902283
          ],
          "rotationOrigin":[
            -14.532838821411133,
            7.525726318359375,
            0.9861760139465332
          ],
          "rotationX":0.468149436644872,
          "rotationY":176.96018833770714,
          "rotationZ":-4.326783539664623,
          "group":"Scene Collection",
          "faces":{
            "north":{
              "texture":"#string",
              "uv":[
                26.47479820251465,
                5.370349884033203,
                29.47479820251465,
                6.370349884033203
              ],
              "autoUv":false,
              "rotation":90
            },
            "east":{
              "texture":"#string",
              "uv":[
                9.519559860229492,
                4.370349884033203,
                13.474798202514648,
                7.370349884033203
              ],
              "autoUv":false
            },
            "south":{
              "texture":"#string",
              "uv":[
                11.474798202514648,
                5.370349884033203,
                14.474798202514648,
                6.370349884033203
              ],
              "autoUv":false,
              "rotation":90
            },
            "west":{
              "texture":"#string",
              "uv":[
                13.474798202514648,
                9.370349884033203,
                17.430036544799805,
                12.370349884033203
              ],
              "autoUv":false
            },
            "up":{
              "texture":"#string",
              "uv":[
                9.474798202514648,
                4.370349884033203,
                10.474798202514648,
                8.32558822631836
              ],
              "autoUv":false
            },
            "down":{
              "texture":"#string",
              "uv":[
                10.474798202514648,
                8.32558822631836,
                9.474798202514648,
                4.370349884033203
              ],
              "autoUv":false,
              "rotation":180
            }
          },
          "children":[]
        },
        {
          "name":"string 2",
          "from":[
            -15.658846735954285,
            7.336323544383049,
            0.4709961414337158
          ],
          "to":[
            -14.325767517089844,
            7.673365756869316,
            1.5654725432395935
          ],
          "rotationOrigin":[
            -14.992307186126709,
            7.504844665527344,
            1.018234372138977
          ],
          "rotationX":89.66195595188672,
          "rotationY":0.1010471459323843,
          "rotationZ":-108.96963715051632,
          "group":"Scene Collection",
          "faces":{
            "north":{
              "texture":"#string",
              "uv":[
                3.422872543334961,
                4.369869232177734,
                4.422873497009277,
                8.325101852416992
              ],
              "autoUv":false,
              "rotation":270
            },
            "east":{
              "texture":"#string",
              "uv":[
                20.48969268798828,
                5.370307922363281,
                23.354978561401367,
                6.370389938354492
              ],
              "autoUv":false,
              "rotation":180
            },
            "south":{
              "texture":"#string",
              "uv":[
                3.4228734970092773,
                4.370838165283203,
                4.422872543334961,
                8.326070785522461
              ],
              "autoUv":false,
              "rotation":90
            },
            "west":{
              "texture":"#string",
              "uv":[
                5.49070930480957,
                5.370389938354492,
                8.355950355529785,
                6.370307922363281
              ],
              "autoUv":false
            },
            "up":{
              "texture":"#string",
              "uv":[
                3.468081474304199,
                4.438207626342773,
                7.422344207763672,
                7.302471160888672
              ],
              "autoUv":false
            },
            "down":{
              "texture":"#string",
              "uv":[
                11.37855339050293,
                12.303487777709961,
                7.422351837158203,
                9.437231063842773
              ],
              "autoUv":false,
              "rotation":180
            }
          },
          "children":[]
        }
      ]
    }
  ],
  "groups":[]
}