{
	"editor": {
		"allAngles": false,
		"singleTexture": false
	},
	"textureWidth": 16,
	"textureHeight": 16,
	"textures": {
		"string": "item/tool/material/string",
		"material": "block/metal/ingot/copper",
		"handle": "item/tool/material/handle"
  },
  "textureSizes":{
    "metal":[
      32,
      32
    ],
    "handle":[
      32,
      32
    ],
    "string":[
      32,
      32
    ]
  },
  "elements":[
    {
      "name":"origin",
      "from":[
        19.96929359436035,
        0.8460309505462646,
        7.441638946533203
      ],
      "to":[
        19.96929359436035,
        0.8460309505462646,
        7.441638946533203
      ],
      "rotationOrigin":[
        7.969293594360352,
        0.34603095054626465,
        7.441638946533203
      ],
      "rotationY":-7.954543321555339,
      "group":"Scene Collection",
      "faces":{
        "north":{
          "texture":"#0",
          "uv":[
            0,
            0,
            4,
            4
          ],
          "autoUv":false
        },
        "east":{
          "texture":"#0",
          "uv":[
            0,
            0,
            4,
            4
          ],
          "autoUv":false
        },
        "south":{
          "texture":"#0",
          "uv":[
            0,
            0,
            4,
            4
          ],
          "autoUv":false
        },
        "west":{
          "texture":"#0",
          "uv":[
            0,
            0,
            4,
            4
          ],
          "autoUv":false
        },
        "up":{
          "texture":"#metal",
          "uv":[
            0.0,
            0.0,
            1.0,
            1.0
          ],
          "autoUv":false,
          "rotation":180
        },
        "down":{
          "texture":"#0",
          "uv":[
            0,
            0,
            4,
            4
          ],
          "autoUv":false
        }
      },
      "children":[
        {
          "name":"handle",
          "from":[
            -12.07050895690918,
            7.0,
            -0.3194434642791748
          ],
          "to":[
            -6.4442830085754395,
            8.0,
            0.6805565357208252
          ],
          "rotationOrigin":[
            -9.257395267486572,
            7.5,
            0.1805565357208252
          ],
          "rotationY":7.954545029102631,
          "group":"Scene Collection",
          "faces":{
            "north":{
              "texture":"#handle",
              "uv":[
                23.89826202392578,
                12.0,
                12.645811080932617,
                16.000000953674316
              ],
              "autoUv":false
            },
            "east":{
              "texture":"#handle",
              "uv":[
                6.0,
                0.0,
                8.0,
                4.0
              ],
              "autoUv":false
            },
            "south":{
              "texture":"#handle",
              "uv":[
                23.868043899536133,
                22.0,
                12.615591049194336,
                26.0
              ],
              "autoUv":false
            },
            "west":{
              "texture":"#handle",
              "uv":[
                8.0,
                0.0,
                10.0,
                4.0
              ],
              "autoUv":false
            },
            "up":{
              "texture":"#handle",
              "uv":[
                14.528133392333984,
                8.0,
                25.780588150024414,
                11.999998092651367
              ],
              "autoUv":false
            },
            "down":{
              "texture":"#handle",
              "uv":[
                13.305177688598633,
                14.001989364624023,
                2.052725076675415,
                10.00198745727539
              ],
              "autoUv":false,
              "rotation":180
            }
          },
          "children":[
            {
              "name":"handle1",
              "from":[
                -4.455168724060059,
                0.00021076202392578125,
                0.05459308624267578
              ],
              "to":[
                0.012923240661621094,
                0.9997892379760742,
                1.0545930862426758
              ],
              "rotationOrigin":[
                -2.2211217880249023,
                0.5,
                0.5545930862426758
              ],
              "rotationX":4.832803129425759e-16,
              "rotationY":1.4041277712913014,
              "rotationZ":-1.1842395672328422e-17,
              "group":"Scene Collection",
              "faces":{
                "north":{
                  "texture":"#handle",
                  "uv":[
                    11.306842803955078,
                    12.000843048095703,
                    2.3706588745117188,
                    15.999155044555664
                  ],
                  "autoUv":false
                },
                "east":{
                  "texture":"#handle",
                  "uv":[
                    6.0,
                    0.000843048095703125,
                    8.0,
                    3.999156951904297
                  ],
                  "autoUv":false
                },
                "south":{
                  "texture":"#handle",
                  "uv":[
                    34.1431999206543,
                    22.000843048095703,
                    25.20701026916504,
                    25.999156951904297
                  ],
                  "autoUv":false
                },
                "west":{
                  "texture":"#handle",
                  "uv":[
                    8.0,
                    0.000843048095703125,
                    10.0,
                    3.999156951904297
                  ],
                  "autoUv":false
                },
                "up":{
                  "texture":"#handle",
                  "uv":[
                    4.252983570098877,
                    8.000001907348633,
                    13.189167022705078,
                    12.0
                  ],
                  "autoUv":false
                },
                "down":{
                  "texture":"#handle",
                  "uv":[
                    23.58032989501953,
                    14.001989364624023,
                    14.644144058227539,
                    10.001989364624023
                  ],
                  "autoUv":false,
                  "rotation":180
                }
              },
              "children":[]
            },
            {
              "name":"handle2",
              "from":[
                5.694350481033325,
                0.0,
                0.0
              ],
              "to":[
                6.071153402328491,
                1.0,
                1.0
              ],
              "rotationOrigin":[
                5.882751941680908,
                0.5,
                0.5
              ],
              "group":"Scene Collection",
              "faces":{
                "north":{
                  "texture":"#handle",
                  "uv":[
                    13.399415016174316,
                    12.0,
                    12.645811080932617,
                    16.000000953674316
                  ],
                  "autoUv":false
                },
                "east":{
                  "texture":"#handle",
                  "uv":[
                    6.0,
                    0.0,
                    8.0,
                    4.0
                  ],
                  "autoUv":false
                },
                "south":{
                  "texture":"#handle",
                  "uv":[
                    23.868043899536133,
                    22.0,
                    23.114437103271484,
                    26.000000476837158
                  ],
                  "autoUv":false
                },
                "west":{
                  "texture":"#handle",
                  "uv":[
                    8.0,
                    0.0,
                    10.0,
                    4.0
                  ],
                  "autoUv":false
                },
                "up":{
                  "texture":"#handle",
                  "uv":[
                    14.528133392333984,
                    8.0,
                    15.281739234924316,
                    12.0
                  ],
                  "autoUv":false
                },
                "down":{
                  "texture":"#handle",
                  "uv":[
                    13.305177688598633,
                    14.001989364624023,
                    12.551570892333984,
                    10.001989364624023
                  ],
                  "autoUv":false,
                  "rotation":180
                }
              },
              "children":[]
            },
            {
              "name":"handle3",
              "from":[
                5.7175984382629395,
                0.14644703269004822,
                0.0015551447868347168
              ],
              "to":[
                6.424705982208252,
                0.8535529673099518,
                0.9984448552131653
              ],
              "rotationOrigin":[
                6.071152210235596,
                0.5,
                0.5
              ],
              "rotationZ":-45.00000125223908,
              "group":"Scene Collection",
              "faces":{
                "north":{
                  "texture":"#handle",
                  "uv":[
                    14.06002426147461,
                    12.000001907348633,
                    12.645811080932617,
                    14.828426361083984
                  ],
                  "autoUv":false
                },
                "east":{
                  "texture":"#handle",
                  "uv":[
                    6.003110408782959,
                    0.0,
                    7.996889591217041,
                    2.8284263610839844
                  ],
                  "autoUv":false
                },
                "south":{
                  "texture":"#handle",
                  "uv":[
                    23.868043899536133,
                    22.0,
                    22.453824996948242,
                    24.828426361083984
                  ],
                  "autoUv":false
                },
                "west":{
                  "texture":"#handle",
                  "uv":[
                    8.0031099319458,
                    0.0,
                    9.996889114379883,
                    2.8284263610839844
                  ],
                  "autoUv":false
                },
                "up":{
                  "texture":"#handle",
                  "uv":[
                    14.528133392333984,
                    8.006219863891602,
                    15.942349433898926,
                    11.993780136108398
                  ],
                  "autoUv":false
                },
                "down":{
                  "texture":"#handle",
                  "uv":[
                    13.305177688598633,
                    13.995769500732422,
                    11.890958786010742,
                    10.008209228515625
                  ],
                  "autoUv":false,
                  "rotation":180
                }
              },
              "children":[]
            }
          ]
        },
        {
          "name":"head",
          "from":[
            -7.1677873730659485,
            5.950061202049255,
            -0.6775615215301514
          ],
          "to":[
            -6.37000098824501,
            9.886202692985535,
            0.3432998061180115
          ],
          "rotationOrigin":[
            -6.768894195556641,
            7.9181318283081055,
            -0.16713082790374756
          ],
          "rotationX":86.7193123819593,
          "rotationY":157.72815148413542,
          "rotationZ":8.600428207586546,
          "group":"Scene Collection",
          "faces":{
            "north":{
              "texture":"#metal",
              "uv":[
                4.000000476837158,
                -1.174835205078125,
                7.999999523162842,
                17.175167083740234
              ],
              "autoUv":false,
              "rotation":180
            },
            "east":{
              "texture":"#metal",
              "uv":[
                8.0,
                -1.1748313903808594,
                7.999999046325684,
                17.175167083740234
              ],
              "autoUv":false,
              "rotation":180
            },
            "south":{
              "texture":"#metal",
              "uv":[
                20.723045349121094,
                20.802173614501953,
                7.89789342880249,
                23.20429801940918
              ],
              "autoUv":false,
              "rotation":270
            },
            "west":{
              "texture":"#metal",
              "uv":[
                4.0,
                -1.174835205078125,
                3.999999523162842,
                17.175169944763184
              ],
              "autoUv":false,
              "rotation":270
            },
            "up":{
              "texture":"#metal",
              "uv":[
                11.708597183227539,
                19.492055892944336,
                10.738242149353027,
                22.989359855651855
              ],
              "autoUv":false,
              "rotation":180
            },
            "down":{
              "texture":"#metal",
              "uv":[
                26.19420623779297,
                21.911760330200195,
                29.279712677001953,
                20.16656494140625
              ],
              "autoUv":false
            }
          },
          "children":[
            {
              "name":"metal",
              "from":[
                0.320024698972702,
                0.004256556673681189,
                -0.13256818056106567
              ],
              "to":[
                1.1178110837936401,
                3.93188769642893,
                0.8882931470870972
              ],
              "rotationOrigin":[
                0.7189179062843323,
                1.9680720073420161,
                0.37786251306533813
              ],
              "rotationX":-7.190187330276698e-05,
              "rotationY":45.00000466733367,
              "rotationZ":0.00017358643703032037,
              "group":"Scene Collection",
              "faces":{
                "north":{
                  "texture":"#metal",
                  "uv":[
                    7.999999046325684,
                    -1.1978874206542969,
                    12.000001907348633,
                    17.198220252990723
                  ],
                  "autoUv":false,
                  "rotation":180
                },
                "east":{
                  "texture":"#metal",
                  "uv":[
                    12.000000953674316,
                    -1.1978874206542969,
                    12.0,
                    17.198222160339355
                  ],
                  "autoUv":false,
                  "rotation":180
                },
                "south":{
                  "texture":"#metal",
                  "uv":[
                    20.740232467651367,
                    23.20429801940918,
                    7.880709171295166,
                    25.606426239013672
                  ],
                  "autoUv":false,
                  "rotation":270
                },
                "west":{
                  "texture":"#metal",
                  "uv":[
                    7.999999523162842,
                    -1.1978874206542969,
                    8.000000953674316,
                    17.198223114013672
                  ],
                  "autoUv":false,
                  "rotation":180
                },
                "up":{
                  "texture":"#metal",
                  "uv":[
                    13.773324012756348,
                    20.34729290008545,
                    10.614213943481445,
                    22.13411808013916
                  ],
                  "autoUv":false,
                  "rotation":180
                },
                "down":{
                  "texture":"#metal",
                  "uv":[
                    26.315343856811523,
                    22.74707317352295,
                    27.263084411621094,
                    19.331247329711914
                  ],
                  "autoUv":false
                }
              },
              "children":[]
            },
            {
              "name":"metal 01",
              "from":[
                0.4525834321975708,
                0.00023352601238002535,
                -0.4525926113128662
              ],
              "to":[
                1.2503695487976074,
                3.9359110543937277,
                0.5682687163352966
              ],
              "rotationOrigin":[
                0.8514764904975891,
                1.9680722902030539,
                0.05783802270889282
              ],
              "rotationY":89.99993420258647,
              "rotationZ":2.6124276994649842e-05,
              "group":"Scene Collection",
              "faces":{
                "north":{
                  "texture":"#metal",
                  "uv":[
                    11.999999046325684,
                    -1.173553466796875,
                    16.000001907348633,
                    17.173890113830566
                  ],
                  "autoUv":false,
                  "rotation":180
                },
                "east":{
                  "texture":"#metal",
                  "uv":[
                    16.000001907348633,
                    -1.1735572814941406,
                    16.000001907348633,
                    17.173891067504883
                  ],
                  "autoUv":false,
                  "rotation":270
                },
                "south":{
                  "texture":"#metal",
                  "uv":[
                    20.718076705932617,
                    25.606424808502197,
                    7.902864933013916,
                    26.601417064666748
                  ],
                  "autoUv":false,
                  "rotation":270
                },
                "west":{
                  "texture":"#metal",
                  "uv":[
                    12.0,
                    -1.1735572814941406,
                    12.0,
                    17.17389488220215
                  ],
                  "autoUv":false,
                  "rotation":270
                },
                "up":{
                  "texture":"#metal",
                  "uv":[
                    14.62856674194336,
                    21.44167137145996,
                    11.131258010864258,
                    22.412023544311523
                  ],
                  "autoUv":false,
                  "rotation":270
                },
                "down":{
                  "texture":"#metal",
                  "uv":[
                    25.246461868286133,
                    23.252071380615234,
                    26.991655349731445,
                    20.16656494140625
                  ],
                  "autoUv":false,
                  "rotation":270
                }
              },
              "children":[]
            },
            {
              "name":"metal 02",
              "from":[
                0.3200249969959259,
                -0.005085832486770414,
                -0.7726166844367981
              ],
              "to":[
                1.117811232805252,
                3.941230409731247,
                0.24824470281600952
              ],
              "rotationOrigin":[
                0.7189181447029114,
                1.9680722886222384,
                -0.2621859908103943
              ],
              "rotationX":8.754441321715848e-05,
              "rotationY":135.000014002001,
              "rotationZ":-8.714416773782212e-05,
              "group":"Scene Collection",
              "faces":{
                "north":{
                  "texture":"#metal",
                  "uv":[
                    16.0,
                    -1.1711044311523438,
                    20.0,
                    17.171439170837402
                  ],
                  "autoUv":false,
                  "rotation":180
                },
                "east":{
                  "texture":"#metal",
                  "uv":[
                    20.0,
                    -1.1711006164550781,
                    20.0,
                    17.17144012451172
                  ],
                  "autoUv":false,
                  "rotation":270
                },
                "south":{
                  "texture":"#metal",
                  "uv":[
                    7.912405490875244,
                    25.606424808502197,
                    20.708534240722656,
                    26.601418018341064
                  ],
                  "autoUv":false,
                  "rotation":90
                },
                "west":{
                  "texture":"#metal",
                  "uv":[
                    15.999999046325684,
                    -1.1711044311523438,
                    16.0,
                    17.171441078186035
                  ],
                  "autoUv":false,
                  "rotation":180
                },
                "up":{
                  "texture":"#metal",
                  "uv":[
                    13.773324966430664,
                    21.31764507293701,
                    11.986498832702637,
                    24.476755142211914
                  ],
                  "autoUv":false,
                  "rotation":270
                },
                "down":{
                  "texture":"#metal",
                  "uv":[
                    24.411148071289062,
                    23.130931854248047,
                    27.82697296142578,
                    22.183189392089844
                  ],
                  "autoUv":false,
                  "rotation":270
                }
              },
              "children":[]
            },
            {
              "name":"metal 03",
              "from":[
                5.363435775507241e-07,
                0.002357548874783788,
                -0.9051754474639893
              ],
              "to":[
                0.7977868317575485,
                3.9337864581765416,
                0.11568582057952881
              ],
              "rotationOrigin":[
                0.39889365424824064,
                1.9680720035256627,
                -0.3947448134422302
              ],
              "rotationX":2.5441053545082555e-05,
              "rotationY":179.999991348578,
              "rotationZ":-6.142012645184465e-05,
              "group":"Scene Collection",
              "faces":{
                "north":{
                  "texture":"#metal",
                  "uv":[
                    20.0,
                    -1.1699790954589844,
                    23.999998092651367,
                    17.170318603515625
                  ],
                  "autoUv":false,
                  "rotation":180
                },
                "east":{
                  "texture":"#metal",
                  "uv":[
                    24.0,
                    -1.16998291015625,
                    24.000001907348633,
                    17.170318603515625
                  ],
                  "autoUv":false,
                  "rotation":180
                },
                "south":{
                  "texture":"#metal",
                  "uv":[
                    7.916741847991943,
                    23.204298973083496,
                    20.704200744628906,
                    25.606425762176514
                  ],
                  "autoUv":false,
                  "rotation":90
                },
                "west":{
                  "texture":"#metal",
                  "uv":[
                    20.000001907348633,
                    -1.1699867248535156,
                    20.0,
                    17.17031955718994
                  ],
                  "autoUv":false,
                  "rotation":180
                },
                "up":{
                  "texture":"#metal",
                  "uv":[
                    12.678947448730469,
                    21.834689140319824,
                    11.708597183227539,
                    25.331995010375977
                  ],
                  "autoUv":false
                },
                "down":{
                  "texture":"#metal",
                  "uv":[
                    25.246461868286133,
                    24.199814796447754,
                    28.33197021484375,
                    22.454620361328125
                  ],
                  "autoUv":false,
                  "rotation":180
                }
              },
              "children":[]
            },
            {
              "name":"metal 04",
              "from":[
                -0.3200239837169647,
                0.0005133371877263926,
                -0.7726166248321533
              ],
              "to":[
                0.4777623116970062,
                3.935629866652448,
                0.24824464321136475
              ],
              "rotationOrigin":[
                0.07886916399002075,
                1.9680716019200872,
                -0.2621859908103943
              ],
              "rotationX":-6.351004460815212e-06,
              "rotationY":-135.000014002001,
              "rotationZ":-6.997417992320962e-05,
              "group":"Scene Collection",
              "faces":{
                "north":{
                  "texture":"#metal",
                  "uv":[
                    24.000003814697266,
                    -1.17144775390625,
                    28.0,
                    17.17177963256836
                  ],
                  "autoUv":false,
                  "rotation":180
                },
                "east":{
                  "texture":"#metal",
                  "uv":[
                    28.0,
                    -1.17144775390625,
                    27.999998092651367,
                    17.17177963256836
                  ],
                  "autoUv":false,
                  "rotation":180
                },
                "south":{
                  "texture":"#metal",
                  "uv":[
                    7.911078929901123,
                    20.802173614501953,
                    20.70986557006836,
                    23.20429801940918
                  ],
                  "autoUv":false,
                  "rotation":90
                },
                "west":{
                  "texture":"#metal",
                  "uv":[
                    24.000001907348633,
                    -1.17144775390625,
                    24.0,
                    17.17177963256836
                  ],
                  "autoUv":false,
                  "rotation":270
                },
                "up":{
                  "texture":"#metal",
                  "uv":[
                    12.802978515625,
                    22.689929962158203,
                    9.643865585327148,
                    24.476755142211914
                  ],
                  "autoUv":false
                },
                "down":{
                  "texture":"#metal",
                  "uv":[
                    27.263084411621094,
                    25.035130500793457,
                    28.210830688476562,
                    21.619304656982422
                  ],
                  "autoUv":false,
                  "rotation":180
                }
              },
              "children":[]
            },
            {
              "name":"metal 05",
              "from":[
                -0.45258185267448425,
                0.013368703321191333,
                -0.45259273052215576
              ],
              "to":[
                0.3452044427394867,
                3.9227739347970214,
                0.5682686567306519
              ],
              "rotationOrigin":[
                -0.05368870496749878,
                1.9680713190591064,
                0.05783802270889282
              ],
              "rotationY":-89.99994103277564,
              "rotationZ":-2.5601365714358293e-05,
              "group":"Scene Collection",
              "faces":{
                "north":{
                  "texture":"#metal",
                  "uv":[
                    27.999998092651367,
                    -1.1712684631347656,
                    32.000003814697266,
                    17.171598434448242
                  ],
                  "autoUv":false,
                  "rotation":180
                },
                "east":{
                  "texture":"#metal",
                  "uv":[
                    32.0,
                    -1.1712646484375,
                    32.0,
                    17.171603202819824
                  ],
                  "autoUv":false,
                  "rotation":270
                },
                "south":{
                  "texture":"#metal",
                  "uv":[
                    7.911768913269043,
                    19.80718231201172,
                    20.709178924560547,
                    20.802173614501953
                  ],
                  "autoUv":false,
                  "rotation":90
                },
                "west":{
                  "texture":"#metal",
                  "uv":[
                    28.0,
                    -1.1712646484375,
                    28.0,
                    17.171602249145508
                  ],
                  "autoUv":false,
                  "rotation":270
                },
                "up":{
                  "texture":"#metal",
                  "uv":[
                    12.285932540893555,
                    22.412023544311523,
                    8.788623809814453,
                    23.38237762451172
                  ],
                  "autoUv":false,
                  "rotation":90
                },
                "down":{
                  "texture":"#metal",
                  "uv":[
                    27.53451919555664,
                    24.199814796447754,
                    29.279712677001953,
                    21.114307403564453
                  ],
                  "autoUv":false,
                  "rotation":90
                }
              },
              "children":[]
            },
            {
              "name":"metal 06",
              "from":[
                -1.8850414156913757,
                1.5679276078808186,
                -0.13256847858428955
              ],
              "to":[
                2.0427806973457336,
                2.3682130962478993,
                0.8882924914360046
              ],
              "rotationOrigin":[
                0.07886964082717896,
                1.9680703669655202,
                0.37786203622817993
              ],
              "rotationX":8.238911126684689e-05,
              "rotationY":-44.9999978371445,
              "rotationZ":90.00009129693737,
              "group":"Scene Collection",
              "faces":{
                "north":{
                  "texture":"#metal",
                  "uv":[
                    -4.76837158203125e-07,
                    -1.1713485717773438,
                    4.000000953674316,
                    17.171685218811035
                  ],
                  "autoUv":false,
                  "rotation":90
                },
                "east":{
                  "texture":"#metal",
                  "uv":[
                    11.430692672729492,
                    20.34729290008545,
                    9.643865585327148,
                    23.506406784057617
                  ],
                  "autoUv":false,
                  "rotation":180
                },
                "south":{
                  "texture":"#metal",
                  "uv":[
                    20.709503173828125,
                    19.807181358337402,
                    7.911444187164307,
                    20.802172660827637
                  ],
                  "autoUv":false
                },
                "west":{
                  "texture":"#metal",
                  "uv":[
                    30.115032196044922,
                    21.235443115234375,
                    26.699201583862305,
                    22.183188438415527
                  ],
                  "autoUv":false,
                  "rotation":180
                },
                "up":{
                  "texture":"#metal",
                  "uv":[
                    0.0,
                    -1.1713523864746094,
                    0.0,
                    17.171687126159668
                  ],
                  "autoUv":false
                },
                "down":{
                  "texture":"#metal",
                  "uv":[
                    4.0,
                    17.17168617248535,
                    4.0,
                    -1.1713485717773438
                  ],
                  "autoUv":false
                }
              },
              "children":[]
            },
            {
              "name":"metal 07",
              "from":[
                0.9179842174053192,
                1.4290256574749947,
                -0.8853377103805542
              ],
              "to":[
                1.5275667011737823,
                2.6325739696621895,
                0.31848621368408203
              ],
              "rotationOrigin":[
                1.2227754592895508,
                2.030799813568592,
                -0.2834257483482361
              ],
              "rotationX":-93.21978099997885,
              "rotationY":7.722052219944567,
              "rotationZ":22.717690707798894,
              "group":"Scene Collection",
              "faces":{
                "north":{
                  "texture":"#metal",
                  "uv":[
                    15.314053535461426,
                    17.006211280822754,
                    13.95321273803711,
                    19.693042755126953
                  ],
                  "autoUv":false,
                  "rotation":180
                },
                "east":{
                  "texture":"#metal",
                  "uv":[
                    10.0,
                    0.0,
                    8.0,
                    4.0
                  ],
                  "autoUv":false,
                  "rotation":180
                },
                "south":{
                  "texture":"#metal",
                  "uv":[
                    13.95321273803711,
                    17.006211280822754,
                    15.314053535461426,
                    19.693042755126953
                  ],
                  "autoUv":false,
                  "rotation":180
                },
                "west":{
                  "texture":"#metal",
                  "uv":[
                    8.0,
                    0.0,
                    6.0,
                    4.0
                  ],
                  "autoUv":false,
                  "rotation":180
                },
                "up":{
                  "texture":"#metal",
                  "uv":[
                    12.761832237243652,
                    25.282981395721436,
                    15.859343528747559,
                    26.85182809829712
                  ],
                  "autoUv":false,
                  "rotation":270
                },
                "down":{
                  "texture":"#metal",
                  "uv":[
                    12.761832237243652,
                    26.85182809829712,
                    15.859343528747559,
                    25.282981395721436
                  ],
                  "autoUv":false,
                  "rotation":270
                }
              },
              "children":[]
            }
          ]
        },
        {
          "name":"string 1",
          "from":[
            -8.654619321227074,
            6.9292720556259155,
            -0.5294100642204285
          ],
          "to":[
            -8.317577257752419,
            8.075215935707092,
            0.6643444895744324
          ],
          "rotationOrigin":[
            -8.486098289489746,
            7.502243995666504,
            0.06746721267700195
          ],
          "rotationY":9.78227718401501,
          "group":"Scene Collection",
          "faces":{
            "north":{
              "texture":"#string",
              "uv":[
                17.0,
                1.0,
                20.0,
                2.0
              ],
              "autoUv":false,
              "rotation":90
            },
            "east":{
              "texture":"#string",
              "uv":[
                0.04476133733987808,
                0.0,
                3.586617946624756,
                3.0
              ],
              "autoUv":false
            },
            "south":{
              "texture":"#string",
              "uv":[
                2.0,
                1.0,
                5.0,
                2.0
              ],
              "autoUv":false,
              "rotation":90
            },
            "west":{
              "texture":"#string",
              "uv":[
                4.413382053375244,
                5.0,
                7.9552388191223145,
                8.0
              ],
              "autoUv":false
            },
            "up":{
              "texture":"#string",
              "uv":[
                0.0,
                0.41338348388671875,
                1.0,
                3.9552383422851562
              ],
              "autoUv":false
            },
            "down":{
              "texture":"#string",
              "uv":[
                1.0,
                3.9552383422851562,
                0.0,
                0.41338348388671875
              ],
              "autoUv":false,
              "rotation":180
            }
          },
          "children":[]
        },
        {
          "name":"string 2",
          "from":[
            -9.637938022613525,
            7.355568751692772,
            -0.4536781311035156
          ],
          "to":[
            -8.325040400028229,
            7.692610874772072,
            0.7201142311096191
          ],
          "rotationOrigin":[
            -8.981489181518555,
            7.524089813232422,
            0.13321805000305176
          ],
          "rotationX":91.7149195710958,
          "rotationY":-0.9634916706445631,
          "rotationZ":-92.57250446290426,
          "group":"Scene Collection",
          "faces":{
            "north":{
              "texture":"#string",
              "uv":[
                5.997406959533691,
                1.0012645721435547,
                9.892759323120117,
                2.0012645721435547
              ],
              "autoUv":false
            },
            "east":{
              "texture":"#string",
              "uv":[
                -7.450580596923828e-09,
                1.0,
                3.0,
                1.9987335205078125
              ],
              "autoUv":false,
              "rotation":180
            },
            "south":{
              "texture":"#string",
              "uv":[
                13.0,
                1.0000019073486328,
                16.89535140991211,
                2.0
              ],
              "autoUv":false,
              "rotation":180
            },
            "west":{
              "texture":"#string",
              "uv":[
                3.9270944595336914,
                1.0,
                7.0,
                2.0012664794921875
              ],
              "autoUv":false
            },
            "up":{
              "texture":"#string",
              "uv":[
                0.10724017769098282,
                0.0,
                4.0,
                3.0
              ],
              "autoUv":false
            },
            "down":{
              "texture":"#string",
              "uv":[
                3.895353078842163,
                11.0,
                -0.0025932714343070984,
                7.927093505859375
              ],
              "autoUv":false,
              "rotation":180
            }
          },
          "children":[]
        },
        {
          "name":"string 3",
          "from":[
            -9.658745527267456,
            7.355474218726158,
            -0.390480101108551
          ],
          "to":[
            -8.310579538345337,
            7.692516565322876,
            0.6966226696968079
          ],
          "rotationOrigin":[
            -8.984662532806396,
            7.523995399475098,
            0.15307128429412842
          ],
          "rotationX":89.196102899546,
          "rotationY":0.5886785299160607,
          "rotationZ":54.15081549465537,
          "group":"Scene Collection",
          "faces":{
            "north":{
              "texture":"#string",
              "uv":[
                9.0,
                0.0,
                13.0,
                1.0
              ],
              "autoUv":false
            },
            "east":{
              "texture":"#string",
              "uv":[
                2.067195415496826,
                1.0000019073486328,
                4.932887554168701,
                2.0
              ],
              "autoUv":false,
              "rotation":180
            },
            "south":{
              "texture":"#string",
              "uv":[
                5.0,
                4.0,
                9.0,
                5.0
              ],
              "autoUv":false,
              "rotation":180
            },
            "west":{
              "texture":"#string",
              "uv":[
                0.06719554215669632,
                5.000001907348633,
                2.932887554168701,
                6.0
              ],
              "autoUv":false
            },
            "up":{
              "texture":"#string",
              "uv":[
                0.0,
                4.067195892333984,
                4.0,
                6.932888031005859
              ],
              "autoUv":false
            },
            "down":{
              "texture":"#string",
              "uv":[
                8.0,
                7.932888031005859,
                4.0,
                5.067195892333984
              ],
              "autoUv":false,
              "rotation":180
            }
          },
          "children":[]
        },
        {
          "name":"string 4",
          "from":[
            -14.701357036828995,
            6.952755510807037,
            0.3196355104446411
          ],
          "to":[
            -14.364314883947372,
            8.098697125911713,
            1.6527177095413208
          ],
          "rotationOrigin":[
            -14.532835960388184,
            7.525726318359375,
            0.986176609992981
          ],
          "rotationX":0.4681495967274307,
          "rotationY":176.96025663959884,
          "rotationZ":-4.3267843934382695,
          "group":"Scene Collection",
          "faces":{
            "north":{
              "texture":"#string",
              "uv":[
                26.47479820251465,
                5.370349884033203,
                29.47479820251465,
                6.370349884033203
              ],
              "autoUv":false,
              "rotation":90
            },
            "east":{
              "texture":"#string",
              "uv":[
                9.519559860229492,
                4.370349884033203,
                13.474798202514648,
                7.370349884033203
              ],
              "autoUv":false
            },
            "south":{
              "texture":"#string",
              "uv":[
                11.474798202514648,
                5.370349884033203,
                14.474798202514648,
                6.370349884033203
              ],
              "autoUv":false,
              "rotation":90
            },
            "west":{
              "texture":"#string",
              "uv":[
                13.474798202514648,
                9.370349884033203,
                17.430036544799805,
                12.370349884033203
              ],
              "autoUv":false
            },
            "up":{
              "texture":"#string",
              "uv":[
                9.474798202514648,
                4.370349884033203,
                10.474798202514648,
                8.32558822631836
              ],
              "autoUv":false
            },
            "down":{
              "texture":"#string",
              "uv":[
                10.474798202514648,
                8.32558822631836,
                9.474798202514648,
                4.370349884033203
              ],
              "autoUv":false,
              "rotation":180
            }
          },
          "children":[]
        },
        {
          "name":"string 5",
          "from":[
            -15.658845007419586,
            7.336322546005249,
            0.4709959030151367
          ],
          "to":[
            -14.325765550136566,
            7.673364847898483,
            1.5654723048210144
          ],
          "rotationOrigin":[
            -14.992305278778076,
            7.504843711853027,
            1.018234133720398
          ],
          "rotationX":89.66192180094087,
          "rotationY":0.1010270955919106,
          "rotationZ":-108.96881752781592,
          "group":"Scene Collection",
          "faces":{
            "north":{
              "texture":"#string",
              "uv":[
                3.422872543334961,
                4.369869232177734,
                4.422873497009277,
                8.325101852416992
              ],
              "autoUv":false,
              "rotation":270
            },
            "east":{
              "texture":"#string",
              "uv":[
                20.48969268798828,
                5.370307922363281,
                23.354978561401367,
                6.370389938354492
              ],
              "autoUv":false,
              "rotation":180
            },
            "south":{
              "texture":"#string",
              "uv":[
                3.4228734970092773,
                4.370838165283203,
                4.422872543334961,
                8.326070785522461
              ],
              "autoUv":false,
              "rotation":90
            },
            "west":{
              "texture":"#string",
              "uv":[
                5.49070930480957,
                5.370389938354492,
                8.355950355529785,
                6.370307922363281
              ],
              "autoUv":false
            },
            "up":{
              "texture":"#string",
              "uv":[
                3.468081474304199,
                4.438207626342773,
                7.422344207763672,
                7.302471160888672
              ],
              "autoUv":false
            },
            "down":{
              "texture":"#string",
              "uv":[
                11.37855339050293,
                12.303487777709961,
                7.422351837158203,
                9.437231063842773
              ],
              "autoUv":false,
              "rotation":180
            }
          },
          "children":[]
        }
      ]
    }
  ],
  "groups":[]
}