{
	"editor": {
		"allAngles": false,
		"singleTexture": false
	},
	"textureWidth": 16,
	"textureHeight": 16,
	"textures": {
		"material": "block/metal/ingot/copper",
		"handle": "item/tool/material/handle"
  },
  "textureSizes":{
    "metal":[
      32,
      32
    ],
    "handle":[
      32,
      32
    ]
  },
  "elements":[
    {
      "name":"origin",
      "from":[
        19.96929359436035,
        0.8460309505462646,
        7.441638946533203
      ],
      "to":[
        19.96929359436035,
        0.8460309505462646,
        7.441638946533203
      ],
      "rotationOrigin":[
        7.969293594360352,
        0.34603095054626465,
        7.441638946533203
      ],
      "rotationY":-7.954543321555339,
      "group":"Scene Collection",
      "faces":{
        "north":{
          "texture":"#0",
          "uv":[
            0,
            0,
            4,
            4
          ],
          "autoUv":false
        },
        "east":{
          "texture":"#0",
          "uv":[
            0,
            0,
            4,
            4
          ],
          "autoUv":false
        },
        "south":{
          "texture":"#0",
          "uv":[
            0,
            0,
            4,
            4
          ],
          "autoUv":false
        },
        "west":{
          "texture":"#0",
          "uv":[
            0,
            0,
            4,
            4
          ],
          "autoUv":false
        },
        "up":{
          "texture":"#metal",
          "uv":[
            0.0,
            0.0,
            1.0,
            1.0
          ],
          "autoUv":false,
          "rotation":180
        },
        "down":{
          "texture":"#0",
          "uv":[
            0,
            0,
            4,
            4
          ],
          "autoUv":false
        }
      },
      "children":[
        {
          "name":"handle",
          "from":[
            -16.390919089317322,
            6.653968811035156,
            0.06889748573303223
          ],
          "to":[
            -7.682244181632996,
            7.653968811035156,
            1.0688974857330322
          ],
          "rotationOrigin":[
            -12.036581873893738,
            7.153968811035156,
            0.5688974857330322
          ],
          "rotationY":7.954545029102631,
          "group":"Scene Collection",
          "faces":{
            "north":{
              "texture":"#handle",
              "uv":[
                8.58265209197998,
                12.0,
                26.0,
                16.0
              ],
              "autoUv":false
            },
            "east":{
              "texture":"#handle",
              "uv":[
                6.0,
                0.0,
                8.0,
                4.0
              ],
              "autoUv":false
            },
            "south":{
              "texture":"#handle",
              "uv":[
                2.0,
                22.0,
                19.417346954345703,
                26.0
              ],
              "autoUv":false
            },
            "west":{
              "texture":"#handle",
              "uv":[
                8.0,
                0.0,
                10.0,
                4.0
              ],
              "autoUv":false
            },
            "up":{
              "texture":"#handle",
              "uv":[
                10.0,
                8.0,
                27.417348861694336,
                12.0
              ],
              "autoUv":false
            },
            "down":{
              "texture":"#handle",
              "uv":[
                22.0,
                24.0,
                4.582651615142822,
                20.0
              ],
              "autoUv":false,
              "rotation":180
            }
          },
          "children":[]
        },
        {
          "name":"handle2",
          "from":[
            -5.9333991557359695,
            6.653968811035156,
            -0.8158519566059113
          ],
          "to":[
            -5.600403353571892,
            7.653968811035156,
            0.18414786458015442
          ],
          "rotationOrigin":[
            -5.766901016235352,
            7.153968811035156,
            -0.3158520460128784
          ],
          "rotationY":3.354273244551293,
          "group":"Scene Collection",
          "faces":{
            "north":{
              "texture":"#handle",
              "uv":[
                25.334009170532227,
                12.0,
                26.0,
                16.0
              ],
              "autoUv":false
            },
            "east":{
              "texture":"#handle",
              "uv":[
                6.0,
                0.0,
                8.0,
                4.0
              ],
              "autoUv":false
            },
            "south":{
              "texture":"#handle",
              "uv":[
                2.0,
                22.0,
                2.66599178314209,
                26.0
              ],
              "autoUv":false
            },
            "west":{
              "texture":"#handle",
              "uv":[
                8.0,
                0.0,
                10.0,
                4.0
              ],
              "autoUv":false
            },
            "up":{
              "texture":"#handle",
              "uv":[
                10.0,
                8.0,
                10.66599178314209,
                12.0
              ],
              "autoUv":false
            },
            "down":{
              "texture":"#handle",
              "uv":[
                22.0,
                24.0,
                21.334009170532227,
                20.0
              ],
              "autoUv":false,
              "rotation":180
            }
          },
          "children":[]
        },
        {
          "name":"head",
          "from":[
            -7.856670141220093,
            6.262713670730591,
            -2.228042483329773
          ],
          "to":[
            -5.850236117839813,
            8.045223951339722,
            0.7834293842315674
          ],
          "rotationOrigin":[
            -6.624361991882324,
            7.153968811035156,
            -0.722306489944458
          ],
          "rotationY":7.954545029102631,
          "group":"Scene Collection",
          "faces":{
            "north":{
              "texture":"#metal",
              "uv":[
                13.281221389770508,
                15.890356063842773,
                9.76620101928711,
                19.013093948364258
              ],
              "autoUv":false
            },
            "east":{
              "texture":"#metal",
              "uv":[
                12.07684326171875,
                13.549156188964844,
                17.382644653320312,
                16.689697265625
              ],
              "autoUv":false
            },
            "south":{
              "texture":"#metal",
              "uv":[
                8.304140090942383,
                0.3508491516113281,
                12.607114791870117,
                3.6712112426757812
              ],
              "autoUv":false
            },
            "west":{
              "texture":"#metal",
              "uv":[
                17.435203552246094,
                13.206705093383789,
                12.010604858398438,
                16.417563438415527
              ],
              "autoUv":false
            },
            "up":{
              "texture":"#metal",
              "uv":[
                17.324440002441406,
                13.975650787353516,
                12.128375053405762,
                17.437604904174805
              ],
              "autoUv":false,
              "rotation":90
            },
            "down":{
              "texture":"#metal",
              "uv":[
                17.324440002441406,
                17.437604904174805,
                12.128376007080078,
                13.975650787353516
              ],
              "autoUv":false,
              "rotation":90
            }
          },
          "children":[
            {
              "name":"bolt",
              "from":[
                -0.4659973233938217,
                0.215093731880188,
                1.9274976775050163
              ],
              "to":[
                -0.2472771555185318,
                1.5674165487289429,
                2.1462177708745003
              ],
              "rotationOrigin":[
                -0.35663723945617676,
                0.8912551403045654,
                2.0368577241897583
              ],
              "rotationY":-15.086742112324897,
              "group":"Scene Collection",
              "faces":{
                "north":{
                  "texture":"#metal",
                  "uv":[
                    24.08931541442871,
                    5.2747802734375,
                    25.61138916015625,
                    5.6756591796875
                  ],
                  "autoUv":false
                },
                "east":{
                  "texture":"#metal",
                  "uv":[
                    23.963443756103516,
                    4.072151184082031,
                    24.105175018310547,
                    4.473026275634766
                  ],
                  "autoUv":false
                },
                "south":{
                  "texture":"#metal",
                  "uv":[
                    23.862733840942383,
                    6.276973724365234,
                    25.384807586669922,
                    6.677852630615234
                  ],
                  "autoUv":false
                },
                "west":{
                  "texture":"#metal",
                  "uv":[
                    24.166316986083984,
                    4.072151184082031,
                    24.308048248291016,
                    4.473026275634766
                  ],
                  "autoUv":false
                },
                "up":{
                  "texture":"#metal",
                  "uv":[
                    24.664485931396484,
                    4.935047149658203,
                    26.186561584472656,
                    5.218509674072266
                  ],
                  "autoUv":false
                },
                "down":{
                  "texture":"#metal",
                  "uv":[
                    25.210512161254883,
                    6.421138763427734,
                    23.688438415527344,
                    6.137676239013672
                  ],
                  "autoUv":false,
                  "rotation":180
                }
              },
              "children":[]
            },
            {
              "name":"metal",
              "from":[
                0.006252408027648926,
                0.5446545779705048,
                2.665948897600174
              ],
              "to":[
                1.2157118320465088,
                1.237855702638626,
                4.607427716255188
              ],
              "rotationOrigin":[
                0.8369472026824951,
                0.8912551403045654,
                2.3037139177322388
              ],
              "group":"Scene Collection",
              "faces":{
                "north":{
                  "texture":"#metal",
                  "uv":[
                    11.895973205566406,
                    16.844523429870605,
                    9.77714729309082,
                    18.05892848968506
                  ],
                  "autoUv":false
                },
                "east":{
                  "texture":"#metal",
                  "uv":[
                    4.05430793762207,
                    6.444437026977539,
                    7.402464866638184,
                    9.555561065673828
                  ],
                  "autoUv":false
                },
                "south":{
                  "texture":"#metal",
                  "uv":[
                    9.77714729309082,
                    20.068931579589844,
                    11.895973205566406,
                    21.283334732055664
                  ],
                  "autoUv":false
                },
                "west":{
                  "texture":"#metal",
                  "uv":[
                    12.636795997619629,
                    14.187797546386719,
                    9.14810562133789,
                    15.436470031738281
                  ],
                  "autoUv":false
                },
                "up":{
                  "texture":"#metal",
                  "uv":[
                    12.7245512008667,
                    15.339986801147461,
                    9.374680519104004,
                    17.426814079284668
                  ],
                  "autoUv":false,
                  "rotation":90
                },
                "down":{
                  "texture":"#metal",
                  "uv":[
                    12.724552154541016,
                    17.432430267333984,
                    9.369551658630371,
                    15.339986801147461
                  ],
                  "autoUv":false,
                  "rotation":90
                }
              },
              "children":[]
            },
            {
              "name":"metal 01",
              "from":[
                0.8776414692401886,
                0.5448305904865265,
                2.745582640171051
              ],
              "to":[
                1.6517673134803772,
                1.2376796901226044,
                4.517152965068817
              ],
              "rotationOrigin":[
                1.2647044658660889,
                0.8912551403045654,
                3.631367802619934
              ],
              "rotationY":-26.50906382927586,
              "group":"Scene Collection",
              "faces":{
                "north":{
                  "texture":"#metal",
                  "uv":[
                    2.0,
                    22.444437980651855,
                    6.0,
                    25.555561542510986
                  ],
                  "autoUv":false
                },
                "east":{
                  "texture":"#metal",
                  "uv":[
                    9.342473983764648,
                    14.087247848510742,
                    12.018102645874023,
                    14.972576141357422
                  ],
                  "autoUv":false
                },
                "south":{
                  "texture":"#metal",
                  "uv":[
                    4.0,
                    14.444438934326172,
                    8.0,
                    17.555561065673828
                  ],
                  "autoUv":false
                },
                "west":{
                  "texture":"#metal",
                  "uv":[
                    2.0,
                    22.444437980651855,
                    5.055143356323242,
                    25.555561542510986
                  ],
                  "autoUv":false
                },
                "up":{
                  "texture":"#metal",
                  "uv":[
                    12.724549293518066,
                    15.170921325683594,
                    9.393038749694824,
                    15.339984893798828
                  ],
                  "autoUv":false
                },
                "down":{
                  "texture":"#metal",
                  "uv":[
                    12.128375053405762,
                    16.53524684906006,
                    9.989212989807129,
                    13.975650787353516
                  ],
                  "autoUv":false,
                  "rotation":90
                }
              },
              "children":[]
            },
            {
              "name":"metal 02",
              "from":[
                -0.5162841379642487,
                0.28903472423553467,
                1.4333126544952393
              ],
              "to":[
                0.11988130211830139,
                1.4934755563735962,
                2.637753486633301
              ],
              "rotationOrigin":[
                -0.19820141792297363,
                0.8912551403045654,
                2.03553307056427
              ],
              "group":"Scene Collection",
              "faces":{
                "north":{
                  "texture":"#metal",
                  "uv":[
                    10.737098693847656,
                    16.228190422058105,
                    9.444600105285645,
                    18.675257682800293
                  ],
                  "autoUv":false
                },
                "east":{
                  "texture":"#metal",
                  "uv":[
                    6.0,
                    0.0,
                    8.0,
                    4.0
                  ],
                  "autoUv":false
                },
                "south":{
                  "texture":"#metal",
                  "uv":[
                    9.444600105285645,
                    16.228190422058105,
                    10.737098693847656,
                    18.675257682800293
                  ],
                  "autoUv":false
                },
                "west":{
                  "texture":"#metal",
                  "uv":[
                    8.0,
                    0.0,
                    10.0,
                    4.0
                  ],
                  "autoUv":false
                },
                "up":{
                  "texture":"#metal",
                  "uv":[
                    14.871329307556152,
                    16.48135471343994,
                    12.461215019226074,
                    17.754340171813965
                  ],
                  "autoUv":false,
                  "rotation":90
                },
                "down":{
                  "texture":"#metal",
                  "uv":[
                    14.871329307556152,
                    17.754340171813965,
                    12.461215019226074,
                    16.48135471343994
                  ],
                  "autoUv":false,
                  "rotation":90
                }
              },
              "children":[]
            },
            {
              "name":"metal 03",
              "from":[
                -0.9421182572841644,
                0.2928255796432495,
                1.6096992492675781
              ],
              "to":[
                -0.09045019745826721,
                1.4896847009658813,
                2.4613669216632843
              ],
              "rotationOrigin":[
                -0.5162842273712158,
                0.8912551403045654,
                2.03553307056427
              ],
              "rotationY":-45.00000125223908,
              "group":"Scene Collection",
              "faces":{
                "north":{
                  "texture":"#metal",
                  "uv":[
                    7.536716461181641,
                    12.0,
                    22.724153518676758,
                    16.0
                  ],
                  "autoUv":false
                },
                "east":{
                  "texture":"#metal",
                  "uv":[
                    6.280746936798096,
                    0.0,
                    7.694961071014404,
                    4.0
                  ],
                  "autoUv":false
                },
                "south":{
                  "texture":"#metal",
                  "uv":[
                    13.647218704223633,
                    13.896665573120117,
                    12.416707992553711,
                    16.342187881469727
                  ],
                  "autoUv":false
                },
                "west":{
                  "texture":"#metal",
                  "uv":[
                    14.877725601196289,
                    13.896665573120117,
                    13.647218704223633,
                    16.342187881469727
                  ],
                  "autoUv":false
                },
                "up":{
                  "texture":"#metal",
                  "uv":[
                    14.871329307556152,
                    17.754340171813965,
                    12.461215019226074,
                    17.754340171813965
                  ],
                  "autoUv":false,
                  "rotation":90
                },
                "down":{
                  "texture":"#metal",
                  "uv":[
                    13.66627025604248,
                    18.95939826965332,
                    13.66627025604248,
                    16.54928493499756
                  ],
                  "autoUv":false,
                  "rotation":180
                }
              },
              "children":[]
            },
            {
              "name":"metal 04",
              "from":[
                0.006885051727294922,
                1.1332089602947235,
                2.665502578020096
              ],
              "to":[
                1.2157118320465088,
                1.8040648102760315,
                4.60698139667511
              ],
              "rotationOrigin":[
                0.8369472026824951,
                1.4798095226287842,
                2.3032675981521606
              ],
              "rotationX":3.999996553919948,
              "rotationY":5.369988475310616e-07,
              "rotationZ":-1.875219895061659e-08,
              "group":"Scene Collection",
              "faces":{
                "north":{
                  "texture":"#metal",
                  "uv":[
                    11.89597225189209,
                    16.88366985321045,
                    9.7782564163208,
                    18.058929443359375
                  ],
                  "autoUv":false
                },
                "east":{
                  "texture":"#metal",
                  "uv":[
                    4.05430793762207,
                    6.5447235107421875,
                    7.402464866638184,
                    9.555561065673828
                  ],
                  "autoUv":false
                },
                "south":{
                  "texture":"#metal",
                  "uv":[
                    9.778255462646484,
                    20.10807991027832,
                    11.895973205566406,
                    21.283334732055664
                  ],
                  "autoUv":false
                },
                "west":{
                  "texture":"#metal",
                  "uv":[
                    12.636795997619629,
                    13.336795806884766,
                    9.14810562133789,
                    14.54227066040039
                  ],
                  "autoUv":false
                },
                "up":{
                  "texture":"#metal",
                  "uv":[
                    12.724553108215332,
                    15.339986801147461,
                    9.374680519104004,
                    17.425724029541016
                  ],
                  "autoUv":false,
                  "rotation":90
                },
                "down":{
                  "texture":"#metal",
                  "uv":[
                    12.724552154541016,
                    17.431337356567383,
                    9.369555473327637,
                    15.339986801147461
                  ],
                  "autoUv":false,
                  "rotation":90
                }
              },
              "children":[]
            },
            {
              "name":"metal 05",
              "from":[
                0.8776415288448334,
                1.040772706270218,
                2.741901457309723
              ],
              "to":[
                1.6517672836780548,
                1.7112878262996674,
                4.513471782207489
              ],
              "rotationOrigin":[
                1.2647044658660889,
                1.3871972560882568,
                3.627686619758606
              ],
              "rotationX":3.9999995421277097,
              "rotationY":-26.509060414181274,
              "rotationZ":4.7540927629067324e-08,
              "group":"Scene Collection",
              "faces":{
                "north":{
                  "texture":"#metal",
                  "uv":[
                    2.0,
                    22.54472541809082,
                    6.0,
                    25.555561542510986
                  ],
                  "autoUv":false
                },
                "east":{
                  "texture":"#metal",
                  "uv":[
                    12.018102645874023,
                    14.236288070678711,
                    9.342473983764648,
                    15.36795425415039
                  ],
                  "autoUv":false,
                  "rotation":180
                },
                "south":{
                  "texture":"#metal",
                  "uv":[
                    4.0,
                    14.54472541809082,
                    8.0,
                    17.555561065673828
                  ],
                  "autoUv":false
                },
                "west":{
                  "texture":"#metal",
                  "uv":[
                    2.0,
                    22.54472541809082,
                    5.055143356323242,
                    25.555561542510986
                  ],
                  "autoUv":false
                },
                "up":{
                  "texture":"#metal",
                  "uv":[
                    12.724549293518066,
                    15.170921325683594,
                    9.393038749694824,
                    15.339984893798828
                  ],
                  "autoUv":false
                },
                "down":{
                  "texture":"#metal",
                  "uv":[
                    12.128375053405762,
                    16.53524684906006,
                    9.989212989807129,
                    13.975650787353516
                  ],
                  "autoUv":false,
                  "rotation":90
                }
              },
              "children":[]
            },
            {
              "name":"metal 06",
              "from":[
                0.45818257331848145,
                -0.021555006504058838,
                -0.0004462003707885742
              ],
              "to":[
                1.6670093536376953,
                0.6493008434772491,
                1.9410327672958374
              ],
              "rotationOrigin":[
                0.8369472026824951,
                0.3027002811431885,
                2.3032675981521606
              ],
              "rotationX":-3.9999948463726556,
              "rotationY":-179.99993670706462,
              "rotationZ":-2.6267628614364524e-07,
              "group":"Scene Collection",
              "faces":{
                "north":{
                  "texture":"#metal",
                  "uv":[
                    11.895973205566406,
                    20.108078956604004,
                    9.778254508972168,
                    21.283334732055664
                  ],
                  "autoUv":false,
                  "rotation":180
                },
                "east":{
                  "texture":"#metal",
                  "uv":[
                    12.636795997619629,
                    15.08199691772461,
                    9.14810562133789,
                    16.287473678588867
                  ],
                  "autoUv":false
                },
                "south":{
                  "texture":"#metal",
                  "uv":[
                    9.7782564163208,
                    16.88366985321045,
                    11.89597225189209,
                    18.058927536010742
                  ],
                  "autoUv":false,
                  "rotation":180
                },
                "west":{
                  "texture":"#metal",
                  "uv":[
                    7.402464866638184,
                    6.5447235107421875,
                    4.05430793762207,
                    9.555561065673828
                  ],
                  "autoUv":false,
                  "rotation":180
                },
                "up":{
                  "texture":"#metal",
                  "uv":[
                    12.724552154541016,
                    15.339986801147461,
                    9.369555473327637,
                    17.431337356567383
                  ],
                  "autoUv":false,
                  "rotation":270
                },
                "down":{
                  "texture":"#metal",
                  "uv":[
                    12.724555969238281,
                    17.425722122192383,
                    9.374680519104004,
                    15.339986801147461
                  ],
                  "autoUv":false,
                  "rotation":270
                }
              },
              "children":[]
            },
            {
              "name":"metal 07",
              "from":[
                0.8776417672634125,
                0.0712224543094635,
                2.741901457309723
              ],
              "to":[
                1.6517672836780548,
                0.741737574338913,
                4.513471782207489
              ],
              "rotationOrigin":[
                1.2647044658660889,
                0.395313024520874,
                3.627686619758606
              ],
              "rotationX":-3.999999115240887,
              "rotationY":153.4909343494913,
              "rotationZ":-4.12169639642651e-08,
              "group":"Scene Collection",
              "faces":{
                "north":{
                  "texture":"#metal",
                  "uv":[
                    8.0,
                    14.54472541809082,
                    4.0,
                    17.555561065673828
                  ],
                  "autoUv":false,
                  "rotation":180
                },
                "east":{
                  "texture":"#metal",
                  "uv":[
                    5.055143356323242,
                    22.54472541809082,
                    2.0,
                    25.555561542510986
                  ],
                  "autoUv":false,
                  "rotation":180
                },
                "south":{
                  "texture":"#metal",
                  "uv":[
                    6.0,
                    22.54472541809082,
                    2.0,
                    25.555561542510986
                  ],
                  "autoUv":false,
                  "rotation":180
                },
                "west":{
                  "texture":"#metal",
                  "uv":[
                    9.342473983764648,
                    14.202024459838867,
                    12.018102645874023,
                    15.33369255065918
                  ],
                  "autoUv":false
                },
                "up":{
                  "texture":"#metal",
                  "uv":[
                    12.128375053405762,
                    13.975650787353516,
                    9.989212989807129,
                    16.53524684906006
                  ],
                  "autoUv":false,
                  "rotation":270
                },
                "down":{
                  "texture":"#metal",
                  "uv":[
                    12.724549293518066,
                    15.339984893798828,
                    9.393038749694824,
                    15.170921325683594
                  ],
                  "autoUv":false
                }
              },
              "children":[]
            }
          ]
        }
      ]
    }
  ],
  "groups":[]
}