{
	"editor": {
		"allAngles": false,
		"singleTexture": false
	},
	"textureWidth": 16,
	"textureHeight": 16,
	"textures": {
		"string": "item/tool/material/string",
		"material": "block/metal/ingot/copper",
		"handle": "item/tool/material/handle"
  },
  "textureSizes":{
    "material":[
      32,
      32
    ],
    "handle":[
      32,
      32
    ],
    "string":[
      32,
      32
    ]
  },
  "elements":[
    {
      "name":"origin",
      "from":[
        9.5,
        0.5,
        7.699999988079071
      ],
      "to":[
        9.5,
        0.5,
        7.699999988079071
      ],
      "rotationOrigin":[
        8.0,
        0.0,
        8.0
      ],
      "group":"Scene Collection",
      "faces":{
        "north":{
          "texture":"#0",
          "uv":[
            0,
            0,
            4,
            4
          ],
          "autoUv":false
        },
        "east":{
          "texture":"#0",
          "uv":[
            0,
            0,
            4,
            4
          ],
          "autoUv":false
        },
        "south":{
          "texture":"#0",
          "uv":[
            0,
            0,
            4,
            4
          ],
          "autoUv":false
        },
        "west":{
          "texture":"#0",
          "uv":[
            0,
            0,
            4,
            4
          ],
          "autoUv":false
        },
        "up":{
          "texture":"#material",
          "uv":[
            0.0,
            0.0,
            1.0,
            1.0
          ],
          "autoUv":false,
          "rotation":180
        },
        "down":{
          "texture":"#0",
          "uv":[
            0,
            0,
            4,
            4
          ],
          "autoUv":false
        }
      },
      "children":[
        {
          "name":"handle 1",
          "from":[
            -9.5,
            -0.5,
            -0.5000001788139343
          ],
          "to":[
            6.1575751304626465,
            1.0,
            0.9999998211860657
          ],
          "rotationOrigin":[
            -1.6712121963500977,
            0.25,
            0.24999982118606567
          ],
          "group":"Scene Collection",
          "faces":{
            "north":{
              "texture":"#handle",
              "uv":[
                0.6848487854003906,
                11.0,
                32.0,
                14.0
              ],
              "autoUv":false
            },
            "east":{
              "texture":"#handle",
              "uv":[
                1.0,
                1.0,
                4.0,
                4.0
              ],
              "autoUv":false
            },
            "south":{
              "texture":"#handle",
              "uv":[
                0.0,
                21.0,
                31.31515121459961,
                24.0
              ],
              "autoUv":false
            },
            "west":{
              "texture":"#handle",
              "uv":[
                28.0,
                20.0,
                31.0,
                23.0
              ],
              "autoUv":false
            },
            "up":{
              "texture":"#handle",
              "uv":[
                0.0,
                9.0,
                31.31515121459961,
                12.0
              ],
              "autoUv":false
            },
            "down":{
              "texture":"#handle",
              "uv":[
                32.0,
                13.0,
                0.6848487854003906,
                10.0
              ],
              "autoUv":false,
              "rotation":180
            }
          },
          "children":[]
        },
        {
          "name":"handle 2",
          "from":[
            -17.462860107421875,
            -0.5,
            -0.3235904574394226
          ],
          "to":[
            -9.462860107421875,
            1.0,
            1.1764095425605774
          ],
          "rotationOrigin":[
            -13.462860107421875,
            0.25,
            0.4264095425605774
          ],
          "rotationY":2.5382509076160056,
          "group":"Scene Collection",
          "faces":{
            "north":{
              "texture":"#handle",
              "uv":[
                0.0,
                11.0,
                16.0,
                14.0
              ],
              "autoUv":false
            },
            "east":{
              "texture":"#handle",
              "uv":[
                1.0,
                1.0,
                4.0,
                4.0
              ],
              "autoUv":false
            },
            "south":{
              "texture":"#handle",
              "uv":[
                0.0,
                21.0,
                16.0,
                24.0
              ],
              "autoUv":false
            },
            "west":{
              "texture":"#handle",
              "uv":[
                28.0,
                20.0,
                31.0,
                23.0
              ],
              "autoUv":false
            },
            "up":{
              "texture":"#handle",
              "uv":[
                0.0,
                9.0,
                16.0,
                12.0
              ],
              "autoUv":false
            },
            "down":{
              "texture":"#handle",
              "uv":[
                16.0,
                13.0,
                0.0,
                10.0
              ],
              "autoUv":false,
              "rotation":180
            }
          },
          "children":[]
        },
        {
          "name":"handle 3",
          "from":[
            6.014774322509766,
            -0.5,
            -0.4962160587310791
          ],
          "to":[
            6.669744491577148,
            1.0000004768371582,
            1.0027769804000854
          ],
          "rotationOrigin":[
            6.342259407043457,
            0.2499995231628418,
            0.2532804608345032
          ],
          "rotationX":-3.422866893759249e-07,
          "rotationY":-2.099999930371777,
          "rotationZ":-9.340950179551492e-06,
          "group":"Scene Collection",
          "faces":{
            "north":{
              "texture":"#handle",
              "uv":[
                30.283960342407227,
                10.999994277954102,
                31.578702926635742,
                13.999998092651367
              ],
              "autoUv":false
            },
            "east":{
              "texture":"#handle",
              "uv":[
                2.8047971725463867,
                0.9999980926513672,
                5.802783966064453,
                3.9999961853027344
              ],
              "autoUv":false
            },
            "south":{
              "texture":"#handle",
              "uv":[
                0.8102699518203735,
                20.999996185302734,
                2.10501766204834,
                23.99999713897705
              ],
              "autoUv":false
            },
            "west":{
              "texture":"#handle",
              "uv":[
                27.735010147094727,
                19.99999713897705,
                30.732999801635742,
                22.999998092651367
              ],
              "autoUv":false
            },
            "up":{
              "texture":"#handle",
              "uv":[
                1.8727699518203735,
                9.323535919189453,
                3.1675174236297607,
                11.744770050048828
              ],
              "autoUv":false
            },
            "down":{
              "texture":"#handle",
              "uv":[
                31.578706741333008,
                13.030637741088867,
                30.283960342407227,
                10.032648086547852
              ],
              "autoUv":false,
              "rotation":180
            }
          },
          "children":[]
        },
        {
          "name":"socket",
          "from":[
            4.645475685596466,
            -0.6490592360496521,
            -0.5858024954795837
          ],
          "to":[
            6.483918845653534,
            1.149058997631073,
            1.085802137851715
          ],
          "rotationOrigin":[
            5.564697265625,
            0.24999988079071045,
            0.24999982118606567
          ],
          "rotationZ":-9.334666828389418e-06,
          "group":"Scene Collection",
          "faces":{
            "north":{
              "texture":"#material",
              "uv":[
                28.462175369262695,
                5.585533142089844,
                30.605945587158203,
                10.771720886230469
              ],
              "autoUv":false
            },
            "east":{
              "texture":"#material",
              "uv":[
                6.941160202026367,
                21.950671195983887,
                10.37594223022461,
                25.645407676696777
              ],
              "autoUv":false
            },
            "south":{
              "texture":"#material",
              "uv":[
                26.366979598999023,
                -0.032314300537109375,
                28.51074981689453,
                5.153865814208984
              ],
              "autoUv":false
            },
            "west":{
              "texture":"#material",
              "uv":[
                10.37594223022461,
                21.95066547393799,
                6.941160202026367,
                25.645405769348145
              ],
              "autoUv":false
            },
            "up":{
              "texture":"#material",
              "uv":[
                12.543926239013672,
                20.873446464538574,
                9.089075088500977,
                24.67311382293701
              ],
              "autoUv":false,
              "rotation":90
            },
            "down":{
              "texture":"#material",
              "uv":[
                12.543926239013672,
                24.67311382293701,
                9.089075088500977,
                20.873446464538574
              ],
              "autoUv":false,
              "rotation":90
            }
          },
          "children":[
            {
              "name":"blade",
              "from":[
                0.36012583691626787,
                0.6717116467116284,
                -4.20372474193573
              ],
              "to":[
                1.4486024947836995,
                1.1262389949915814,
                -1.4004970788955688
              ],
              "rotationOrigin":[
                0.9043641658499837,
                0.8989753208516049,
                -2.8021109104156494
              ],
              "rotationX":89.99997518372149,
              "rotationY":-4.7626775888807517e-07,
              "rotationZ":-104.00001883117173,
              "group":"Scene Collection",
              "faces":{
                "north":{
                  "texture":"#material",
                  "uv":[
                    17.031173706054688,
                    22.076111793518066,
                    15.075613021850586,
                    23.531855583190918
                  ],
                  "autoUv":false
                },
                "east":{
                  "texture":"#material",
                  "uv":[
                    13.304425239562988,
                    5.050067901611328,
                    12.579215049743652,
                    9.655839920043945
                  ],
                  "autoUv":false,
                  "rotation":90
                },
                "south":{
                  "texture":"#material",
                  "uv":[
                    14.848344802856445,
                    22.620354652404785,
                    17.25843048095703,
                    22.98762035369873
                  ],
                  "autoUv":false
                },
                "west":{
                  "texture":"#material",
                  "uv":[
                    13.304429054260254,
                    9.698261260986328,
                    12.579219818115234,
                    14.304039001464844
                  ],
                  "autoUv":false,
                  "rotation":270
                },
                "up":{
                  "texture":"#material",
                  "uv":[
                    12.879682540893555,
                    20.91819667816162,
                    15.049829483032227,
                    26.67821979522705
                  ],
                  "autoUv":false
                },
                "down":{
                  "texture":"#material",
                  "uv":[
                    12.653739929199219,
                    26.67821979522705,
                    14.823884963989258,
                    20.91819667816162
                  ],
                  "autoUv":false,
                  "rotation":180
                }
              },
              "children":[]
            },
            {
              "name":"blade 01",
              "from":[
                0.5036232471466064,
                0.6717122310074046,
                -3.1024619340896606
              ],
              "to":[
                1.709670901298523,
                1.1262396984966472,
                -0.3020690679550171
              ],
              "rotationOrigin":[
                1.1066470742225647,
                0.8989759498508647,
                -1.7022655010223389
              ],
              "rotationX":89.99996152334315,
              "rotationY":-1.0495557684460123e-06,
              "rotationZ":-97.2000259274796,
              "group":"Scene Collection",
              "faces":{
                "north":{
                  "texture":"#material",
                  "uv":[
                    14.957870483398438,
                    21.76370334625244,
                    12.602629661560059,
                    23.0081148147583
                  ],
                  "autoUv":false
                },
                "east":{
                  "texture":"#material",
                  "uv":[
                    29.37580680847168,
                    22.802422523498535,
                    28.65577507019043,
                    26.453994750976562
                  ],
                  "autoUv":false,
                  "rotation":270
                },
                "south":{
                  "texture":"#material",
                  "uv":[
                    12.484882354736328,
                    22.076115608215332,
                    15.075607299804688,
                    22.695704460144043
                  ],
                  "autoUv":false
                },
                "west":{
                  "texture":"#material",
                  "uv":[
                    19.177112579345703,
                    7.661670684814453,
                    19.821048736572266,
                    15.659435272216797
                  ],
                  "autoUv":false,
                  "rotation":270
                },
                "up":{
                  "texture":"#material",
                  "uv":[
                    10.42105484008789,
                    20.92111301422119,
                    12.879682540893555,
                    26.675305366516113
                  ],
                  "autoUv":false
                },
                "down":{
                  "texture":"#material",
                  "uv":[
                    16.891775131225586,
                    18.399507522583008,
                    18.594257354736328,
                    14.292367935180664
                  ],
                  "autoUv":false,
                  "rotation":180
                }
              },
              "children":[]
            },
            {
              "name":"blade 02",
              "from":[
                0.5628294348716736,
                0.6098397804307751,
                -1.132481336593628
              ],
              "to":[
                1.673991858959198,
                1.1884139610338025,
                -0.10636782646179199
              ],
              "rotationOrigin":[
                1.1184106469154358,
                0.8991268707322888,
                -0.61942458152771
              ],
              "rotationZ":90.00000933466734,
              "group":"Scene Collection",
              "faces":{
                "north":{
                  "texture":"#material",
                  "uv":[
                    8.48081111907959,
                    13.662818908691406,
                    10.005390167236328,
                    15.596780776977539
                  ],
                  "autoUv":false
                },
                "east":{
                  "texture":"#material",
                  "uv":[
                    12.602629661560059,
                    21.76370334625244,
                    10.481870651245117,
                    22.95948886871338
                  ],
                  "autoUv":false,
                  "rotation":180
                },
                "south":{
                  "texture":"#material",
                  "uv":[
                    10.07815933227539,
                    13.944143295288086,
                    8.408047676086426,
                    15.315450668334961
                  ],
                  "autoUv":false
                },
                "west":{
                  "texture":"#material",
                  "uv":[
                    10.481870651245117,
                    21.76370334625244,
                    12.602629661560059,
                    22.95948886871338
                  ],
                  "autoUv":false,
                  "rotation":180
                },
                "up":{
                  "texture":"#material",
                  "uv":[
                    15.429935455322266,
                    14.282768249511719,
                    17.015104293823242,
                    17.963144302368164
                  ],
                  "autoUv":false
                },
                "down":{
                  "texture":"#material",
                  "uv":[
                    10.421060562133789,
                    24.939496994018555,
                    8.312618255615234,
                    22.65630054473877
                  ],
                  "autoUv":false,
                  "rotation":90
                }
              },
              "children":[]
            },
            {
              "name":"blade 03",
              "from":[
                0.20347779616713524,
                0.7441197062144056,
                -3.152768611907959
              ],
              "to":[
                1.5355064235627651,
                1.0548456186661497,
                -0.35486793518066406
              ],
              "rotationOrigin":[
                0.8694921098649502,
                0.8994826698908582,
                -1.7538182735443115
              ],
              "rotationX":89.99994103277564,
              "rotationY":4.734603214374035e-07,
              "rotationZ":-84.19999027641093,
              "group":"Scene Collection",
              "faces":{
                "north":{
                  "texture":"#material",
                  "uv":[
                    15.288713455200195,
                    22.695704460144043,
                    12.484888076782227,
                    23.05641460418701
                  ],
                  "autoUv":false
                },
                "east":{
                  "texture":"#material",
                  "uv":[
                    7.827818870544434,
                    3.7527313232421875,
                    6.002856254577637,
                    4.737192153930664
                  ],
                  "autoUv":false,
                  "rotation":180
                },
                "south":{
                  "texture":"#material",
                  "uv":[
                    12.549783706665039,
                    22.417494773864746,
                    15.223806381225586,
                    23.334620475769043
                  ],
                  "autoUv":false
                },
                "west":{
                  "texture":"#material",
                  "uv":[
                    18.73567771911621,
                    7.663784027099609,
                    19.177112579345703,
                    15.654428482055664
                  ],
                  "autoUv":false,
                  "rotation":270
                },
                "up":{
                  "texture":"#material",
                  "uv":[
                    7.827818870544434,
                    4.737192153930664,
                    6.002856254577637,
                    8.185771942138672
                  ],
                  "autoUv":false,
                  "rotation":90
                },
                "down":{
                  "texture":"#material",
                  "uv":[
                    10.368524551391602,
                    26.671704292297363,
                    13.09153938293457,
                    20.922629356384277
                  ],
                  "autoUv":false,
                  "rotation":180
                }
              },
              "children":[]
            },
            {
              "name":"blade 04",
              "from":[
                0.0006218579858767725,
                1.4526101797819138,
                1.528490349650383
              ],
              "to":[
                1.8378208306879031,
                1.7388384193181992,
                1.8147184401750565
              ],
              "rotationOrigin":[
                0.91922134433689,
                1.5957242846488953,
                1.6716043949127197
              ],
              "rotationX":44.999994422049916,
              "rotationY":-1.967398062115789e-12,
              "rotationZ":-2.7622787394902336e-12,
              "group":"Scene Collection",
              "faces":{
                "north":{
                  "texture":"#material",
                  "uv":[
                    25.6606502532959,
                    23.337904930114746,
                    26.26361083984375,
                    29.8566997051239
                  ],
                  "autoUv":false,
                  "rotation":270
                },
                "east":{
                  "texture":"#material",
                  "uv":[
                    6.525287628173828,
                    22.366541862487793,
                    7.357036590576172,
                    22.366541862487793
                  ],
                  "autoUv":false,
                  "rotation":90
                },
                "south":{
                  "texture":"#material",
                  "uv":[
                    24.303991317749023,
                    23.337904930114746,
                    24.906951904296875,
                    29.85669994354248
                  ],
                  "autoUv":false,
                  "rotation":90
                },
                "west":{
                  "texture":"#material",
                  "uv":[
                    6.941160202026367,
                    21.95066547393799,
                    6.941160202026367,
                    22.782416343688965
                  ],
                  "autoUv":false,
                  "rotation":270
                },
                "up":{
                  "texture":"#material",
                  "uv":[
                    9.089075088500977,
                    20.87473201751709,
                    8.670772552490234,
                    24.67182445526123
                  ],
                  "autoUv":false,
                  "rotation":90
                },
                "down":{
                  "texture":"#material",
                  "uv":[
                    25.6606502532959,
                    29.85670042037964,
                    24.906949996948242,
                    23.337904930114746
                  ],
                  "autoUv":false,
                  "rotation":90
                }
              },
              "children":[]
            },
            {
              "name":"blade 05",
              "from":[
                0.0006218579858625617,
                1.4526102989912033,
                -0.14311431348323822
              ],
              "to":[
                1.837820830687889,
                1.7388385087251663,
                0.14311382174491882
              ],
              "rotationOrigin":[
                0.9192213443368757,
                1.5957244038581848,
                -2.384185791015625e-07
              ],
              "rotationX":44.999994422049916,
              "rotationY":-1.967398062115789e-12,
              "rotationZ":-2.7622787394902336e-12,
              "group":"Scene Collection",
              "faces":{
                "north":{
                  "texture":"#material",
                  "uv":[
                    12.96223258972168,
                    20.87473201751709,
                    12.543926239013672,
                    24.67182445526123
                  ],
                  "autoUv":false,
                  "rotation":270
                },
                "east":{
                  "texture":"#material",
                  "uv":[
                    9.96006965637207,
                    22.366541862487793,
                    10.791820526123047,
                    22.366541862487793
                  ],
                  "autoUv":false,
                  "rotation":90
                },
                "south":{
                  "texture":"#material",
                  "uv":[
                    16.63995361328125,
                    10.961952209472656,
                    19.783594131469727,
                    12.125043869018555
                  ],
                  "autoUv":false
                },
                "west":{
                  "texture":"#material",
                  "uv":[
                    10.37594223022461,
                    21.95066547393799,
                    10.37594223022461,
                    22.782416343688965
                  ],
                  "autoUv":false,
                  "rotation":270
                },
                "up":{
                  "texture":"#material",
                  "uv":[
                    16.639951705932617,
                    9.508087158203125,
                    19.783594131469727,
                    10.961950302124023
                  ],
                  "autoUv":false
                },
                "down":{
                  "texture":"#material",
                  "uv":[
                    19.783594131469727,
                    13.578908920288086,
                    16.63995361328125,
                    12.125043869018555
                  ],
                  "autoUv":false
                }
              },
              "children":[]
            },
            {
              "name":"blade 06",
              "from":[
                0.0006221445928282776,
                0.05927988886833191,
                1.528490349650383
              ],
              "to":[
                1.837820998085565,
                0.3455080986022949,
                1.81471848487854
              ],
              "rotationOrigin":[
                0.9192215713391967,
                0.2023940086364746,
                1.6716043949127197
              ],
              "rotationX":44.999994422049916,
              "rotationY":-1.967398062115789e-12,
              "rotationZ":-2.7622787394902336e-12,
              "group":"Scene Collection",
              "faces":{
                "north":{
                  "texture":"#material",
                  "uv":[
                    16.96268081665039,
                    24.599619388580322,
                    20.106321334838867,
                    25.762712001800537
                  ],
                  "autoUv":false,
                  "rotation":180
                },
                "east":{
                  "texture":"#material",
                  "uv":[
                    6.525287628173828,
                    25.229534149169922,
                    7.357036590576172,
                    25.229534149169922
                  ],
                  "autoUv":false,
                  "rotation":90
                },
                "south":{
                  "texture":"#material",
                  "uv":[
                    8.670772552490234,
                    20.87473201751709,
                    9.089075088500977,
                    24.67182445526123
                  ],
                  "autoUv":false,
                  "rotation":90
                },
                "west":{
                  "texture":"#material",
                  "uv":[
                    6.941160202026367,
                    24.813655853271484,
                    6.941160202026367,
                    25.645405769348145
                  ],
                  "autoUv":false,
                  "rotation":270
                },
                "up":{
                  "texture":"#material",
                  "uv":[
                    16.96268081665039,
                    25.76271152496338,
                    20.1063232421875,
                    27.21657705307007
                  ],
                  "autoUv":false
                },
                "down":{
                  "texture":"#material",
                  "uv":[
                    20.106319427490234,
                    24.59962034225464,
                    16.96268081665039,
                    23.145753860473633
                  ],
                  "autoUv":false
                }
              },
              "children":[]
            },
            {
              "name":"blade 07",
              "from":[
                0.0006221445928531466,
                0.05927984416484833,
                -0.14311429858207703
              ],
              "to":[
                1.8378229054342228,
                0.34550805389881134,
                0.14311382174491882
              ],
              "rotationOrigin":[
                0.919222525013538,
                0.20239394903182983,
                -2.384185791015625e-07
              ],
              "rotationX":44.999994422049916,
              "rotationY":-1.967398062115789e-12,
              "rotationZ":-2.7622787394902336e-12,
              "group":"Scene Collection",
              "faces":{
                "north":{
                  "texture":"#material",
                  "uv":[
                    24.30398941040039,
                    7.680734634399414,
                    24.906951904296875,
                    14.19953727722168
                  ],
                  "autoUv":false,
                  "rotation":270
                },
                "east":{
                  "texture":"#material",
                  "uv":[
                    9.96006965637207,
                    25.229534149169922,
                    10.791820526123047,
                    25.229534149169922
                  ],
                  "autoUv":false,
                  "rotation":90
                },
                "south":{
                  "texture":"#material",
                  "uv":[
                    25.6606502532959,
                    7.680736541748047,
                    26.263608932495117,
                    14.19953727722168
                  ],
                  "autoUv":false,
                  "rotation":90
                },
                "west":{
                  "texture":"#material",
                  "uv":[
                    10.37594223022461,
                    24.813655853271484,
                    10.37594223022461,
                    25.645405769348145
                  ],
                  "autoUv":false,
                  "rotation":270
                },
                "up":{
                  "texture":"#material",
                  "uv":[
                    24.906949996948242,
                    7.680732727050781,
                    25.660648345947266,
                    14.19953727722168
                  ],
                  "autoUv":false,
                  "rotation":90
                },
                "down":{
                  "texture":"#material",
                  "uv":[
                    12.96223258972168,
                    24.67182445526123,
                    12.543926239013672,
                    20.874730110168457
                  ],
                  "autoUv":false,
                  "rotation":90
                }
              },
              "children":[]
            },
            {
              "name":"blade 08",
              "from":[
                -5.394230129240896e-07,
                0.20239395959197282,
                1.4651005268096924
              ],
              "to":[
                1.8384434550990818,
                1.5957245336276173,
                1.8739979267120361
              ],
              "rotationOrigin":[
                0.9192214578380344,
                0.8990592466097951,
                1.6695492267608643
              ],
              "group":"Scene Collection",
              "faces":{
                "north":{
                  "texture":"#material",
                  "uv":[
                    2.182267665863037,
                    19.413302421569824,
                    4.446294784545898,
                    23.49090576171875
                  ],
                  "autoUv":false,
                  "rotation":180
                },
                "east":{
                  "texture":"#material",
                  "uv":[
                    6.525287628173828,
                    22.366541862487793,
                    7.365482330322266,
                    25.229534149169922
                  ],
                  "autoUv":false
                },
                "south":{
                  "texture":"#material",
                  "uv":[
                    12.747271537780762,
                    21.805991172790527,
                    15.35335636138916,
                    25.756218910217285
                  ],
                  "autoUv":false
                },
                "west":{
                  "texture":"#material",
                  "uv":[
                    7.365482330322266,
                    22.366541862487793,
                    6.525287628173828,
                    25.229531288146973
                  ],
                  "autoUv":false
                },
                "up":{
                  "texture":"#material",
                  "uv":[
                    2.182267665863037,
                    23.079692840576172,
                    4.446294784545898,
                    24.575496673583984
                  ],
                  "autoUv":false
                },
                "down":{
                  "texture":"#material",
                  "uv":[
                    4.446295261383057,
                    19.483232498168945,
                    2.1822681427001953,
                    17.9874267578125
                  ],
                  "autoUv":false
                }
              },
              "children":[]
            },
            {
              "name":"blade 09",
              "from":[
                -5.39423041345799e-07,
                0.20239407880126237,
                -0.2023942470550537
              ],
              "to":[
                1.8384434550990534,
                1.595724652836907,
                0.20650315284729004
              ],
              "rotationOrigin":[
                0.919221457838006,
                0.8990593658190846,
                0.002054452896118164
              ],
              "group":"Scene Collection",
              "faces":{
                "north":{
                  "texture":"#material",
                  "uv":[
                    15.353355407714844,
                    21.805994987487793,
                    12.747273445129395,
                    25.756220817565918
                  ],
                  "autoUv":false
                },
                "east":{
                  "texture":"#material",
                  "uv":[
                    9.951623916625977,
                    22.366541862487793,
                    10.791820526123047,
                    25.229531288146973
                  ],
                  "autoUv":false
                },
                "south":{
                  "texture":"#material",
                  "uv":[
                    8.810832023620605,
                    19.07201862335205,
                    11.074861526489258,
                    23.149620056152344
                  ],
                  "autoUv":false
                },
                "west":{
                  "texture":"#material",
                  "uv":[
                    10.791820526123047,
                    22.366541862487793,
                    9.951623916625977,
                    25.229531288146973
                  ],
                  "autoUv":false
                },
                "up":{
                  "texture":"#material",
                  "uv":[
                    8.810832023620605,
                    17.987428665161133,
                    11.074861526489258,
                    19.483232498168945
                  ],
                  "autoUv":false
                },
                "down":{
                  "texture":"#material",
                  "uv":[
                    11.074860572814941,
                    24.57549810409546,
                    8.810831069946289,
                    23.07969379425049
                  ],
                  "autoUv":false
                }
              },
              "children":[]
            },
            {
              "name":"blade 10",
              "from":[
                0.037329792976379395,
                0.6717100444002426,
                -5.210065126419067
              ],
              "to":[
                1.1258068084716797,
                1.1262375118894852,
                -2.405935525894165
              ],
              "rotationOrigin":[
                0.5815683007240295,
                0.8989737781448639,
                -3.808000326156616
              ],
              "rotationX":89.99996152334315,
              "rotationY":9.336457709675018e-07,
              "rotationZ":-111.5000036719526,
              "group":"Scene Collection",
              "faces":{
                "north":{
                  "texture":"#material",
                  "uv":[
                    19.006757736206055,
                    22.621861457824707,
                    17.2579402923584,
                    24.320408821105957
                  ],
                  "autoUv":false
                },
                "east":{
                  "texture":"#material",
                  "uv":[
                    11.605856895446777,
                    11.95002555847168,
                    10.984835624694824,
                    17.323705673217773
                  ],
                  "autoUv":false,
                  "rotation":90
                },
                "south":{
                  "texture":"#material",
                  "uv":[
                    16.913637161254883,
                    23.446362495422363,
                    19.35104751586914,
                    23.4959077835083
                  ],
                  "autoUv":false
                },
                "west":{
                  "texture":"#material",
                  "uv":[
                    13.304428100585938,
                    11.622905731201172,
                    12.579217910766602,
                    16.228683471679688
                  ],
                  "autoUv":false,
                  "rotation":270
                },
                "up":{
                  "texture":"#material",
                  "uv":[
                    15.049333572387695,
                    20.917275428771973,
                    17.130290985107422,
                    26.67914867401123
                  ],
                  "autoUv":false
                },
                "down":{
                  "texture":"#material",
                  "uv":[
                    14.707038879394531,
                    26.679150581359863,
                    16.787992477416992,
                    20.917271614074707
                  ],
                  "autoUv":false,
                  "rotation":180
                }
              },
              "children":[]
            },
            {
              "name":"blade 11",
              "from":[
                -0.4286545515060425,
                0.6717093128318083,
                -6.144021034240723
              ],
              "to":[
                0.6598224639892578,
                1.126236780321051,
                -3.3423619270324707
              ],
              "rotationOrigin":[
                0.11558395624160767,
                0.8989730465764296,
                -4.743191480636597
              ],
              "rotationX":89.99994103277564,
              "rotationY":-6.903362893902872e-07,
              "rotationZ":-121.47184080355026,
              "group":"Scene Collection",
              "faces":{
                "north":{
                  "texture":"#material",
                  "uv":[
                    20.779321670532227,
                    23.446364402770996,
                    19.35105323791504,
                    25.422080993652344
                  ],
                  "autoUv":false
                },
                "east":{
                  "texture":"#material",
                  "uv":[
                    11.605856895446777,
                    11.95002555847168,
                    10.984835624694824,
                    17.323705673217773
                  ],
                  "autoUv":false,
                  "rotation":90
                },
                "south":{
                  "texture":"#material",
                  "uv":[
                    18.860597610473633,
                    24.247586250305176,
                    21.26976203918457,
                    24.62086009979248
                  ],
                  "autoUv":false,
                  "rotation":270
                },
                "west":{
                  "texture":"#material",
                  "uv":[
                    13.304428100585938,
                    11.622905731201172,
                    12.579217910766602,
                    16.228683471679688
                  ],
                  "autoUv":false,
                  "rotation":270
                },
                "up":{
                  "texture":"#material",
                  "uv":[
                    17.130285263061523,
                    20.91981601715088,
                    19.03786849975586,
                    26.676610946655273
                  ],
                  "autoUv":false
                },
                "down":{
                  "texture":"#material",
                  "uv":[
                    16.6426944732666,
                    26.67661476135254,
                    18.55026626586914,
                    20.91981601715088
                  ],
                  "autoUv":false,
                  "rotation":180
                }
              },
              "children":[]
            },
            {
              "name":"blade 12",
              "from":[
                0.25218266248703003,
                0.6097049933232483,
                -1.2473886609077454
              ],
              "to":[
                1.3609814047813416,
                1.1882785182751832,
                -0.05500668287277222
              ],
              "rotationOrigin":[
                0.8065820336341858,
                0.8989917557992158,
                -0.6511976718902588
              ],
              "rotationX":-3.696144070433962e-06,
              "rotationY":-17.595976028469163,
              "rotationZ":89.99996152334315,
              "group":"Scene Collection",
              "faces":{
                "north":{
                  "texture":"#material",
                  "uv":[
                    8.48081111907959,
                    13.662818908691406,
                    10.005390167236328,
                    15.596780776977539
                  ],
                  "autoUv":false
                },
                "east":{
                  "texture":"#material",
                  "uv":[
                    12.963211059570312,
                    22.808655738830566,
                    10.25262451171875,
                    23.20350170135498
                  ],
                  "autoUv":false,
                  "rotation":180
                },
                "south":{
                  "texture":"#material",
                  "uv":[
                    10.07815933227539,
                    13.944143295288086,
                    8.408047676086426,
                    15.315450668334961
                  ],
                  "autoUv":false
                },
                "west":{
                  "texture":"#material",
                  "uv":[
                    10.614118576049805,
                    22.063666343688965,
                    12.601719856262207,
                    23.948493003845215
                  ],
                  "autoUv":false,
                  "rotation":180
                },
                "up":{
                  "texture":"#material",
                  "uv":[
                    10.779546737670898,
                    22.659003257751465,
                    8.444093704223633,
                    24.93734645843506
                  ],
                  "autoUv":false,
                  "rotation":90
                },
                "down":{
                  "texture":"#material",
                  "uv":[
                    15.346288681030273,
                    17.80682373046875,
                    16.931447982788086,
                    13.530073165893555
                  ],
                  "autoUv":false,
                  "rotation":180
                }
              },
              "children":[]
            },
            {
              "name":"blade 13",
              "from":[
                -0.3292524069547653,
                0.738273096314515,
                -6.607296943664551
              ],
              "to":[
                -0.007853224873542786,
                1.0596723380003823,
                -3.8074440956115723
              ],
              "rotationOrigin":[
                -0.16855281591415405,
                0.8989727022562874,
                -5.2073705196380615
              ],
              "rotationX":89.99994103277564,
              "rotationY":-1.5498929473859054e-06,
              "rotationZ":-76.47182930602743,
              "group":"Scene Collection",
              "faces":{
                "north":{
                  "texture":"#material",
                  "uv":[
                    21.425151824951172,
                    24.776249885559082,
                    20.62393569946289,
                    25.266695976257324
                  ],
                  "autoUv":false
                },
                "east":{
                  "texture":"#material",
                  "uv":[
                    19.037866592407227,
                    20.921671867370605,
                    19.192346572875977,
                    26.674756050109863
                  ],
                  "autoUv":false,
                  "rotation":90
                },
                "south":{
                  "texture":"#material",
                  "uv":[
                    20.779315948486328,
                    24.620863914489746,
                    21.26976203918457,
                    25.422080993652344
                  ],
                  "autoUv":false
                },
                "west":{
                  "texture":"#material",
                  "uv":[
                    13.092018127441406,
                    11.622907638549805,
                    12.579216957092285,
                    16.228684425354004
                  ],
                  "autoUv":false,
                  "rotation":270
                },
                "up":{
                  "texture":"#material",
                  "uv":[
                    22.72007179260254,
                    13.743465423583984,
                    23.145410537719727,
                    18.9484224319458
                  ],
                  "autoUv":false
                },
                "down":{
                  "texture":"#material",
                  "uv":[
                    18.550270080566406,
                    26.674756050109863,
                    19.192346572875977,
                    20.921671867370605
                  ],
                  "autoUv":false,
                  "rotation":180
                }
              },
              "children":[]
            },
            {
              "name":"blade 14",
              "from":[
                -1.5635048151016235,
                0.43576049229841374,
                1.4651007056236267
              ],
              "to":[
                0.27493929862976074,
                1.3623576106760993,
                1.7777891904115677
              ],
              "rotationOrigin":[
                -0.6442827582359314,
                0.8990590514872565,
                1.6214449405670166
              ],
              "group":"Scene Collection",
              "faces":{
                "north":{
                  "texture":"#material",
                  "uv":[
                    2.182267665863037,
                    20.096254348754883,
                    4.44629430770874,
                    22.807954788208008
                  ],
                  "autoUv":false,
                  "rotation":180
                },
                "east":{
                  "texture":"#material",
                  "uv":[
                    6.722976207733154,
                    22.84605884552002,
                    7.365482330322266,
                    24.750015258789062
                  ],
                  "autoUv":false
                },
                "south":{
                  "texture":"#material",
                  "uv":[
                    12.747271537780762,
                    22.467609405517578,
                    15.353355407714844,
                    25.094602584838867
                  ],
                  "autoUv":false
                },
                "west":{
                  "texture":"#material",
                  "uv":[
                    7.365482330322266,
                    22.846059799194336,
                    6.722975730895996,
                    24.75001335144043
                  ],
                  "autoUv":false
                },
                "up":{
                  "texture":"#material",
                  "uv":[
                    2.182267665863037,
                    23.079692840576172,
                    4.446294784545898,
                    24.22355079650879
                  ],
                  "autoUv":false
                },
                "down":{
                  "texture":"#material",
                  "uv":[
                    4.446295261383057,
                    19.483232498168945,
                    2.1822681427001953,
                    18.339372634887695
                  ],
                  "autoUv":false
                }
              },
              "children":[]
            },
            {
              "name":"blade 15",
              "from":[
                -0.4244300127029419,
                0.7600126793715845,
                1.5896859765052795
              ],
              "to":[
                -0.14633727073669434,
                1.038105421337832,
                1.867778718471527
              ],
              "rotationOrigin":[
                -0.2853836417198181,
                0.8990590503547082,
                1.7287323474884033
              ],
              "rotationZ":51.04071617684674,
              "group":"Scene Collection",
              "faces":{
                "north":{
                  "texture":"#material",
                  "uv":[
                    22.7302303314209,
                    25.454349517822266,
                    23.28639030456543,
                    26.01050853729248
                  ],
                  "autoUv":false,
                  "rotation":270
                },
                "east":{
                  "texture":"#material",
                  "uv":[
                    22.7302303314209,
                    24.89819049835205,
                    23.28639030456543,
                    25.454349517822266
                  ],
                  "autoUv":false,
                  "rotation":270
                },
                "south":{
                  "texture":"#material",
                  "uv":[
                    22.7302303314209,
                    24.34203052520752,
                    23.28639030456543,
                    24.89819049835205
                  ],
                  "autoUv":false,
                  "rotation":270
                },
                "west":{
                  "texture":"#material",
                  "uv":[
                    22.7302303314209,
                    23.78587245941162,
                    23.28639030456543,
                    24.34203052520752
                  ],
                  "autoUv":false,
                  "rotation":270
                },
                "up":{
                  "texture":"#material",
                  "uv":[
                    23.28639030456543,
                    24.34203052520752,
                    23.842548370361328,
                    24.89819049835205
                  ],
                  "autoUv":false,
                  "rotation":270
                },
                "down":{
                  "texture":"#material",
                  "uv":[
                    22.7302303314209,
                    24.89819049835205,
                    22.174072265625,
                    24.34203052520752
                  ],
                  "autoUv":false,
                  "rotation":270
                }
              },
              "children":[]
            },
            {
              "name":"blade 16",
              "from":[
                -1.303701639175415,
                0.7600125361200298,
                1.5896859765052795
              ],
              "to":[
                -1.0256088972091675,
                1.0381052780862774,
                1.867778718471527
              ],
              "rotationOrigin":[
                -1.1646552681922913,
                0.8990589071031536,
                1.7287323474884033
              ],
              "rotationZ":-24.81102416009733,
              "group":"Scene Collection",
              "faces":{
                "north":{
                  "texture":"#material",
                  "uv":[
                    22.7302303314209,
                    25.454349517822266,
                    23.28639030456543,
                    26.01050853729248
                  ],
                  "autoUv":false,
                  "rotation":270
                },
                "east":{
                  "texture":"#material",
                  "uv":[
                    22.7302303314209,
                    24.89819049835205,
                    23.28639030456543,
                    25.454349517822266
                  ],
                  "autoUv":false,
                  "rotation":270
                },
                "south":{
                  "texture":"#material",
                  "uv":[
                    22.7302303314209,
                    24.34203052520752,
                    23.28639030456543,
                    24.89819049835205
                  ],
                  "autoUv":false,
                  "rotation":270
                },
                "west":{
                  "texture":"#material",
                  "uv":[
                    22.7302303314209,
                    23.78587245941162,
                    23.28639030456543,
                    24.34203052520752
                  ],
                  "autoUv":false,
                  "rotation":270
                },
                "up":{
                  "texture":"#material",
                  "uv":[
                    23.28639030456543,
                    24.34203052520752,
                    23.842548370361328,
                    24.89819049835205
                  ],
                  "autoUv":false,
                  "rotation":270
                },
                "down":{
                  "texture":"#material",
                  "uv":[
                    22.7302303314209,
                    24.89819049835205,
                    22.174072265625,
                    24.34203052520752
                  ],
                  "autoUv":false,
                  "rotation":270
                }
              },
              "children":[]
            },
            {
              "name":"blade 17",
              "from":[
                0.5628294348716736,
                0.6098397804307751,
                1.6136248111724854
              ],
              "to":[
                1.673991858959198,
                1.1884139610338025,
                2.6397383213043213
              ],
              "rotationOrigin":[
                1.1184106469154358,
                0.8991268707322888,
                2.1266815662384033
              ],
              "rotationZ":90.00000933466734,
              "group":"Scene Collection",
              "faces":{
                "north":{
                  "texture":"#material",
                  "uv":[
                    10.762700080871582,
                    13.662818908691406,
                    12.28727912902832,
                    15.596780776977539
                  ],
                  "autoUv":false
                },
                "east":{
                  "texture":"#material",
                  "uv":[
                    14.88451862335205,
                    21.76370334625244,
                    12.76375961303711,
                    22.95948886871338
                  ],
                  "autoUv":false,
                  "rotation":180
                },
                "south":{
                  "texture":"#material",
                  "uv":[
                    12.360048294067383,
                    13.944143295288086,
                    10.689936637878418,
                    15.315450668334961
                  ],
                  "autoUv":false
                },
                "west":{
                  "texture":"#material",
                  "uv":[
                    12.76375961303711,
                    21.76370334625244,
                    14.88451862335205,
                    22.95948886871338
                  ],
                  "autoUv":false,
                  "rotation":180
                },
                "up":{
                  "texture":"#material",
                  "uv":[
                    17.711824417114258,
                    14.282768249511719,
                    19.296993255615234,
                    17.963144302368164
                  ],
                  "autoUv":false
                },
                "down":{
                  "texture":"#material",
                  "uv":[
                    12.702949523925781,
                    24.939496994018555,
                    10.594507217407227,
                    22.65630054473877
                  ],
                  "autoUv":false,
                  "rotation":90
                }
              },
              "children":[]
            },
            {
              "name":"blade 18",
              "from":[
                0.37537091644480824,
                0.611021768534556,
                1.3877989053726196
              ],
              "to":[
                1.4739190903492272,
                1.1895953530911356,
                2.5801810026168823
              ],
              "rotationOrigin":[
                0.9246450033970177,
                0.9003085608128458,
                1.983989953994751
              ],
              "rotationX":4.620179782709203e-06,
              "rotationY":17.59597432092187,
              "rotationZ":-90.00005031580235,
              "group":"Scene Collection",
              "faces":{
                "north":{
                  "texture":"#material",
                  "uv":[
                    10.697319984436035,
                    13.94284439086914,
                    12.352664947509766,
                    15.316751480102539
                  ],
                  "autoUv":false,
                  "rotation":180
                },
                "east":{
                  "texture":"#material",
                  "uv":[
                    14.8836088180542,
                    22.063666343688965,
                    12.896007537841797,
                    23.948493003845215
                  ],
                  "autoUv":false
                },
                "south":{
                  "texture":"#material",
                  "uv":[
                    12.279894828796387,
                    13.664119720458984,
                    10.7700834274292,
                    15.595481872558594
                  ],
                  "autoUv":false,
                  "rotation":180
                },
                "west":{
                  "texture":"#material",
                  "uv":[
                    12.534513473510742,
                    22.808655738830566,
                    15.245100021362305,
                    23.20350170135498
                  ],
                  "autoUv":false
                },
                "up":{
                  "texture":"#material",
                  "uv":[
                    17.63550567626953,
                    13.530073165893555,
                    19.206008911132812,
                    17.80682373046875
                  ],
                  "autoUv":false,
                  "rotation":180
                },
                "down":{
                  "texture":"#material",
                  "uv":[
                    13.06143569946289,
                    24.926815032958984,
                    10.725982666015625,
                    22.66953468322754
                  ],
                  "autoUv":false,
                  "rotation":270
                }
              },
              "children":[]
            }
          ]
        },
        {
          "name":"string 2",
          "from":[
            3.762425512075424,
            -0.6436989903450012,
            -0.7253794074058533
          ],
          "to":[
            4.282317072153091,
            1.1021376252174377,
            1.27399742603302
          ],
          "rotationOrigin":[
            4.022371292114258,
            0.22921931743621826,
            0.274308979511261
          ],
          "rotationX":1.7999992390045993,
          "rotationY":-7.000008163346778,
          "rotationZ":-0.6000104540793465,
          "group":"Scene Collection",
          "faces":{
            "north":{
              "texture":"#string",
              "uv":[
                0.6373624801635742,
                1.0370864868164062,
                3.7098894119262695,
                2.215301513671875
              ],
              "autoUv":false,
              "rotation":90
            },
            "east":{
              "texture":"#string",
              "uv":[
                0.5357754826545715,
                0.12685775756835938,
                5.066656112670898,
                3.1995506286621094
              ],
              "autoUv":false
            },
            "south":{
              "texture":"#string",
              "uv":[
                5.225175380706787,
                1.0370864868164062,
                8.29770278930664,
                2.215301513671875
              ],
              "autoUv":false,
              "rotation":90
            },
            "west":{
              "texture":"#string",
              "uv":[
                0.3535299301147461,
                9.302484512329102,
                4.8844099044799805,
                12.37518310546875
              ],
              "autoUv":false
            },
            "up":{
              "texture":"#string",
              "uv":[
                7.515136241912842,
                1.107025146484375,
                11.507887840270996,
                2.1453628540039062
              ],
              "autoUv":false,
              "rotation":90
            },
            "down":{
              "texture":"#string",
              "uv":[
                19.536563873291016,
                2.1453628540039062,
                15.543811798095703,
                1.107025146484375
              ],
              "autoUv":false,
              "rotation":270
            }
          },
          "children":[]
        },
        {
          "name":"string 3",
          "from":[
            -9.705573469400406,
            -0.6443473696708679,
            -0.6476491093635559
          ],
          "to":[
            -9.185681909322739,
            1.101489245891571,
            1.172109603881836
          ],
          "rotationOrigin":[
            -9.445627689361572,
            0.22857093811035156,
            0.2622302174568176
          ],
          "rotationX":-1.7878115134826522,
          "rotationY":-177.87083013898825,
          "rotationZ":-0.8858896226158169,
          "group":"Scene Collection",
          "faces":{
            "north":{
              "texture":"#string",
              "uv":[
                0.613276481628418,
                1.0210914611816406,
                3.693613052368164,
                2.202301025390625
              ],
              "autoUv":false,
              "rotation":90
            },
            "east":{
              "texture":"#string",
              "uv":[
                0.6673879623413086,
                0.10856819152832031,
                4.801710605621338,
                3.1890735626220703
              ],
              "autoUv":false
            },
            "south":{
              "texture":"#string",
              "uv":[
                5.215471267700195,
                1.0210914611816406,
                8.295808792114258,
                2.202301025390625
              ],
              "autoUv":false,
              "rotation":90
            },
            "west":{
              "texture":"#string",
              "uv":[
                0.5814762115478516,
                9.31296157836914,
                4.715798854827881,
                12.393470764160156
              ],
              "autoUv":false
            },
            "up":{
              "texture":"#string",
              "uv":[
                7.730284214019775,
                1.0912055969238281,
                11.373577117919922,
                2.132183074951172
              ],
              "autoUv":false,
              "rotation":90
            },
            "down":{
              "texture":"#string",
              "uv":[
                19.42742156982422,
                2.132183074951172,
                15.784127235412598,
                1.0912055969238281
              ],
              "autoUv":false,
              "rotation":270
            }
          },
          "children":[]
        },
        {
          "name":"string 4",
          "from":[
            -10.322291165590286,
            -0.6586874127388,
            -0.620749831199646
          ],
          "to":[
            -9.80241510272026,
            1.0599717497825623,
            1.1571484208106995
          ],
          "rotationOrigin":[
            -10.062353134155273,
            0.2006421685218811,
            0.26819926500320435
          ],
          "rotationX":-7.025935364661487e-07,
          "rotationY":-166.66635559806755,
          "rotationZ":-9.471631996081466e-06,
          "group":"Scene Collection",
          "faces":{
            "north":{
              "texture":"#string",
              "uv":[
                19.989299774169922,
                1.2436656951904297,
                23.022140502929688,
                2.425210952758789
              ],
              "autoUv":false,
              "rotation":90
            },
            "east":{
              "texture":"#string",
              "uv":[
                0.3488035202026367,
                0.3786945343017578,
                4.389513969421387,
                3.4115333557128906
              ],
              "autoUv":false
            },
            "south":{
              "texture":"#string",
              "uv":[
                2.731064796447754,
                1.2436656951904297,
                5.763901710510254,
                2.425212860107422
              ],
              "autoUv":false,
              "rotation":90
            },
            "west":{
              "texture":"#string",
              "uv":[
                5.134649753570557,
                6.131435394287109,
                9.175357818603516,
                9.164276123046875
              ],
              "autoUv":false
            },
            "up":{
              "texture":"#string",
              "uv":[
                0.21459484100341797,
                0.7212848663330078,
                1.2557249069213867,
                4.281791687011719
              ],
              "autoUv":false
            },
            "down":{
              "texture":"#string",
              "uv":[
                1.2557249069213867,
                4.281791687011719,
                0.21459484100341797,
                0.7212848663330078
              ],
              "autoUv":false,
              "rotation":180
            }
          },
          "children":[]
        },
        {
          "name":"string 5",
          "from":[
            2.736212909221649,
            -0.002438873052597046,
            -0.6652753949165344
          ],
          "to":[
            4.5038363337516785,
            0.5214293897151947,
            0.939565122127533
          ],
          "rotationOrigin":[
            3.6200246810913086,
            0.25949525833129883,
            0.13714486360549927
          ],
          "rotationX":90.89010592692506,
          "rotationY":-0.41233838679153756,
          "rotationZ":-112.87905301632402,
          "group":"Scene Collection",
          "faces":{
            "north":{
              "texture":"#string",
              "uv":[
                11.398064613342285,
                0.16760826110839844,
                14.928786277770996,
                1.21405029296875
              ],
              "autoUv":false
            },
            "east":{
              "texture":"#string",
              "uv":[
                3.2826125621795654,
                1.2523002624511719,
                6.107326984405518,
                2.4397926330566406
              ],
              "autoUv":false,
              "rotation":180
            },
            "south":{
              "texture":"#string",
              "uv":[
                6.773609161376953,
                4.788549423217773,
                10.304327011108398,
                5.834981918334961
              ],
              "autoUv":false,
              "rotation":180
            },
            "west":{
              "texture":"#string",
              "uv":[
                0.9689270257949829,
                5.873208999633789,
                3.7936580181121826,
                7.060764312744141
              ],
              "autoUv":false
            },
            "up":{
              "texture":"#string",
              "uv":[
                1.1918580532073975,
                5.046260833740234,
                5.202688217163086,
                7.87425422668457
              ],
              "autoUv":false
            },
            "down":{
              "texture":"#string",
              "uv":[
                9.359580993652344,
                9.026273727416992,
                5.356736183166504,
                6.204694747924805
              ],
              "autoUv":false,
              "rotation":180
            }
          },
          "children":[]
        }
      ]
    }
  ],
  "groups":[]
}