{
	"editor": {
		"allAngles": false,
		"singleTexture": false
	},
	"textureWidth": 16,
	"textureHeight": 16,
	"textures": {
		"string": "item/tool/material/string",
		"material": "block/metal/ingot/copper",
		"handle": "item/tool/material/handle"
  },
  "textureSizes":{
    "material":[
      32,
      32
    ],
    "handle":[
      32,
      32
    ],
    "string":[
      32,
      32
    ]
  },
  "elements":[
    {
      "name":"origin",
      "from":[
        9.5,
        0.5,
        7.699999988079071
      ],
      "to":[
        9.5,
        0.5,
        7.699999988079071
      ],
      "rotationOrigin":[
        8.0,
        0.0,
        8.0
      ],
      "group":"Scene Collection",
      "faces":{
        "north":{
          "texture":"#0",
          "uv":[
            0,
            0,
            4,
            4
          ],
          "autoUv":false
        },
        "east":{
          "texture":"#0",
          "uv":[
            0,
            0,
            4,
            4
          ],
          "autoUv":false
        },
        "south":{
          "texture":"#0",
          "uv":[
            0,
            0,
            4,
            4
          ],
          "autoUv":false
        },
        "west":{
          "texture":"#0",
          "uv":[
            0,
            0,
            4,
            4
          ],
          "autoUv":false
        },
        "up":{
          "texture":"#material",
          "uv":[
            0.0,
            0.0,
            1.0,
            1.0
          ],
          "autoUv":false,
          "rotation":180
        },
        "down":{
          "texture":"#0",
          "uv":[
            0,
            0,
            4,
            4
          ],
          "autoUv":false
        }
      },
      "children":[
        {
          "name":"handle 1",
          "from":[
            -9.5,
            -0.5,
            -0.5000001788139343
          ],
          "to":[
            6.1575751304626465,
            1.0,
            0.9999998211860657
          ],
          "rotationOrigin":[
            -1.6712121963500977,
            0.25,
            0.24999982118606567
          ],
          "group":"Scene Collection",
          "faces":{
            "north":{
              "texture":"#handle",
              "uv":[
                0.6848487854003906,
                11.0,
                32.0,
                14.0
              ],
              "autoUv":false
            },
            "east":{
              "texture":"#handle",
              "uv":[
                1.0,
                1.0,
                4.0,
                4.0
              ],
              "autoUv":false
            },
            "south":{
              "texture":"#handle",
              "uv":[
                0.0,
                21.0,
                31.31515121459961,
                24.0
              ],
              "autoUv":false
            },
            "west":{
              "texture":"#handle",
              "uv":[
                28.0,
                20.0,
                31.0,
                23.0
              ],
              "autoUv":false
            },
            "up":{
              "texture":"#handle",
              "uv":[
                0.0,
                9.0,
                31.31515121459961,
                12.0
              ],
              "autoUv":false
            },
            "down":{
              "texture":"#handle",
              "uv":[
                32.0,
                13.0,
                0.6848487854003906,
                10.0
              ],
              "autoUv":false,
              "rotation":180
            }
          },
          "children":[]
        },
        {
          "name":"handle 2",
          "from":[
            -17.462860107421875,
            -0.5,
            -0.3235904574394226
          ],
          "to":[
            -9.462860107421875,
            1.0,
            1.1764095425605774
          ],
          "rotationOrigin":[
            -13.462860107421875,
            0.25,
            0.4264095425605774
          ],
          "rotationY":2.5382500538423596,
          "group":"Scene Collection",
          "faces":{
            "north":{
              "texture":"#handle",
              "uv":[
                0.0,
                11.0,
                16.0,
                14.0
              ],
              "autoUv":false
            },
            "east":{
              "texture":"#handle",
              "uv":[
                1.0,
                1.0,
                4.0,
                4.0
              ],
              "autoUv":false
            },
            "south":{
              "texture":"#handle",
              "uv":[
                0.0,
                21.0,
                16.0,
                24.0
              ],
              "autoUv":false
            },
            "west":{
              "texture":"#handle",
              "uv":[
                28.0,
                20.0,
                31.0,
                23.0
              ],
              "autoUv":false
            },
            "up":{
              "texture":"#handle",
              "uv":[
                0.0,
                9.0,
                16.0,
                12.0
              ],
              "autoUv":false
            },
            "down":{
              "texture":"#handle",
              "uv":[
                16.0,
                13.0,
                0.0,
                10.0
              ],
              "autoUv":false,
              "rotation":180
            }
          },
          "children":[]
        },
        {
          "name":"handle 3",
          "from":[
            6.014774322509766,
            -0.5,
            -0.4962160587310791
          ],
          "to":[
            6.669744491577148,
            1.0000004768371582,
            1.0027769804000854
          ],
          "rotationOrigin":[
            6.342259407043457,
            0.2499995231628418,
            0.2532804608345032
          ],
          "rotationX":-3.422866893759249e-07,
          "rotationY":-2.099999930371777,
          "rotationZ":-9.340946922663497e-06,
          "group":"Scene Collection",
          "faces":{
            "north":{
              "texture":"#handle",
              "uv":[
                30.283960342407227,
                10.999994277954102,
                31.578702926635742,
                13.999998092651367
              ],
              "autoUv":false
            },
            "east":{
              "texture":"#handle",
              "uv":[
                2.8047971725463867,
                0.9999980926513672,
                5.802783966064453,
                3.9999961853027344
              ],
              "autoUv":false
            },
            "south":{
              "texture":"#handle",
              "uv":[
                0.8102699518203735,
                20.999996185302734,
                2.10501766204834,
                23.99999713897705
              ],
              "autoUv":false
            },
            "west":{
              "texture":"#handle",
              "uv":[
                27.735010147094727,
                19.99999713897705,
                30.732999801635742,
                22.999998092651367
              ],
              "autoUv":false
            },
            "up":{
              "texture":"#handle",
              "uv":[
                1.8727699518203735,
                9.323535919189453,
                3.1675174236297607,
                11.744770050048828
              ],
              "autoUv":false
            },
            "down":{
              "texture":"#handle",
              "uv":[
                31.578706741333008,
                13.030637741088867,
                30.283960342407227,
                10.032648086547852
              ],
              "autoUv":false,
              "rotation":180
            }
          },
          "children":[]
        },
        {
          "name":"socket",
          "from":[
            4.645475685596466,
            -0.6490592360496521,
            -0.5858024954795837
          ],
          "to":[
            6.483918845653534,
            1.149058997631073,
            1.085802137851715
          ],
          "rotationOrigin":[
            5.564697265625,
            0.24999988079071045,
            0.24999982118606567
          ],
          "rotationZ":-9.334666828389418e-06,
          "group":"Scene Collection",
          "faces":{
            "north":{
              "texture":"#material",
              "uv":[
                28.462175369262695,
                5.585533142089844,
                30.605945587158203,
                10.771720886230469
              ],
              "autoUv":false
            },
            "east":{
              "texture":"#material",
              "uv":[
                6.941160202026367,
                21.950671195983887,
                10.37594223022461,
                25.645407676696777
              ],
              "autoUv":false
            },
            "south":{
              "texture":"#material",
              "uv":[
                26.366979598999023,
                -0.032314300537109375,
                28.51074981689453,
                5.153865814208984
              ],
              "autoUv":false
            },
            "west":{
              "texture":"#material",
              "uv":[
                10.37594223022461,
                21.95066547393799,
                6.941160202026367,
                25.645405769348145
              ],
              "autoUv":false
            },
            "up":{
              "texture":"#material",
              "uv":[
                12.543926239013672,
                20.873446464538574,
                9.089075088500977,
                24.67311382293701
              ],
              "autoUv":false,
              "rotation":90
            },
            "down":{
              "texture":"#material",
              "uv":[
                12.543926239013672,
                24.67311382293701,
                9.089075088500977,
                20.873446464538574
              ],
              "autoUv":false,
              "rotation":90
            }
          },
          "children":[
            {
              "name":"Blade 1",
              "from":[
                -0.3292524069547653,
                0.738273096314515,
                -6.607296943664551
              ],
              "to":[
                -0.007853224873542786,
                1.0596723380003823,
                -3.8074440956115723
              ],
              "rotationOrigin":[
                -0.16855281591415405,
                0.8989727022562874,
                -5.2073705196380615
              ],
              "rotationX":89.99994103277564,
              "rotationY":-1.5498929473859054e-06,
              "rotationZ":-76.47182930602743,
              "group":"Scene Collection",
              "faces":{
                "north":{
                  "texture":"#material",
                  "uv":[
                    23.707040786743164,
                    24.776249885559082,
                    22.905824661254883,
                    25.266695976257324
                  ],
                  "autoUv":false
                },
                "east":{
                  "texture":"#material",
                  "uv":[
                    21.31975555419922,
                    20.921671867370605,
                    21.47423553466797,
                    26.674756050109863
                  ],
                  "autoUv":false,
                  "rotation":90
                },
                "south":{
                  "texture":"#material",
                  "uv":[
                    23.06120491027832,
                    24.620863914489746,
                    23.551651000976562,
                    25.422080993652344
                  ],
                  "autoUv":false
                },
                "west":{
                  "texture":"#material",
                  "uv":[
                    15.373907089233398,
                    11.622907638549805,
                    14.861105918884277,
                    16.228684425354004
                  ],
                  "autoUv":false,
                  "rotation":270
                },
                "up":{
                  "texture":"#material",
                  "uv":[
                    25.00196075439453,
                    13.743465423583984,
                    25.42729949951172,
                    18.9484224319458
                  ],
                  "autoUv":false
                },
                "down":{
                  "texture":"#material",
                  "uv":[
                    20.8321590423584,
                    26.674756050109863,
                    21.47423553466797,
                    20.921671867370605
                  ],
                  "autoUv":false,
                  "rotation":180
                }
              },
              "children":[]
            },
            {
              "name":"Blade 2",
              "from":[
                -0.4286545515060425,
                0.6717093128318083,
                -6.144021034240723
              ],
              "to":[
                0.6598224639892578,
                1.126236780321051,
                -3.3423619270324707
              ],
              "rotationOrigin":[
                0.11558395624160767,
                0.8989730465764296,
                -4.743191480636597
              ],
              "rotationX":89.99994103277564,
              "rotationY":-6.903362893902872e-07,
              "rotationZ":-121.47184080355026,
              "group":"Scene Collection",
              "faces":{
                "north":{
                  "texture":"#material",
                  "uv":[
                    23.06121063232422,
                    23.446364402770996,
                    21.63294219970703,
                    25.422080993652344
                  ],
                  "autoUv":false
                },
                "east":{
                  "texture":"#material",
                  "uv":[
                    13.88774585723877,
                    11.95002555847168,
                    13.266724586486816,
                    17.323705673217773
                  ],
                  "autoUv":false,
                  "rotation":90
                },
                "south":{
                  "texture":"#material",
                  "uv":[
                    21.142486572265625,
                    24.247586250305176,
                    23.551651000976562,
                    24.62086009979248
                  ],
                  "autoUv":false,
                  "rotation":270
                },
                "west":{
                  "texture":"#material",
                  "uv":[
                    15.58631706237793,
                    11.622905731201172,
                    14.861106872558594,
                    16.228683471679688
                  ],
                  "autoUv":false,
                  "rotation":270
                },
                "up":{
                  "texture":"#material",
                  "uv":[
                    19.412174224853516,
                    20.91981601715088,
                    21.31975746154785,
                    26.676610946655273
                  ],
                  "autoUv":false
                },
                "down":{
                  "texture":"#material",
                  "uv":[
                    18.924583435058594,
                    26.67661476135254,
                    20.832155227661133,
                    20.91981601715088
                  ],
                  "autoUv":false,
                  "rotation":180
                }
              },
              "children":[]
            },
            {
              "name":"Blade 3",
              "from":[
                0.037329792976379395,
                0.6717100444002426,
                -5.210065126419067
              ],
              "to":[
                1.1258068084716797,
                1.1262375118894852,
                -2.405935525894165
              ],
              "rotationOrigin":[
                0.5815683007240295,
                0.8989737781448639,
                -3.808000326156616
              ],
              "rotationX":89.99996152334315,
              "rotationY":9.336457709675018e-07,
              "rotationZ":-111.5000036719526,
              "group":"Scene Collection",
              "faces":{
                "north":{
                  "texture":"#material",
                  "uv":[
                    21.288646697998047,
                    22.621861457824707,
                    19.53982925415039,
                    24.320408821105957
                  ],
                  "autoUv":false
                },
                "east":{
                  "texture":"#material",
                  "uv":[
                    13.88774585723877,
                    11.95002555847168,
                    13.266724586486816,
                    17.323705673217773
                  ],
                  "autoUv":false,
                  "rotation":90
                },
                "south":{
                  "texture":"#material",
                  "uv":[
                    19.195526123046875,
                    23.446362495422363,
                    21.632936477661133,
                    23.4959077835083
                  ],
                  "autoUv":false
                },
                "west":{
                  "texture":"#material",
                  "uv":[
                    15.58631706237793,
                    11.622905731201172,
                    14.861106872558594,
                    16.228683471679688
                  ],
                  "autoUv":false,
                  "rotation":270
                },
                "up":{
                  "texture":"#material",
                  "uv":[
                    17.331222534179688,
                    20.917275428771973,
                    19.412179946899414,
                    26.67914867401123
                  ],
                  "autoUv":false
                },
                "down":{
                  "texture":"#material",
                  "uv":[
                    16.988927841186523,
                    26.679150581359863,
                    19.069881439208984,
                    20.917271614074707
                  ],
                  "autoUv":false,
                  "rotation":180
                }
              },
              "children":[]
            },
            {
              "name":"Blade 4",
              "from":[
                0.36012583691626787,
                0.6717116467116284,
                -4.20372474193573
              ],
              "to":[
                1.4486024947836995,
                1.1262389949915814,
                -1.4004970788955688
              ],
              "rotationOrigin":[
                0.9043641658499837,
                0.8989753208516049,
                -2.8021109104156494
              ],
              "rotationX":89.99997518372149,
              "rotationY":-4.7626775888807517e-07,
              "rotationZ":-104.00001883117173,
              "group":"Scene Collection",
              "faces":{
                "north":{
                  "texture":"#material",
                  "uv":[
                    19.31306266784668,
                    22.076111793518066,
                    17.357501983642578,
                    23.531855583190918
                  ],
                  "autoUv":false
                },
                "east":{
                  "texture":"#material",
                  "uv":[
                    15.58631420135498,
                    5.050067901611328,
                    14.861104011535645,
                    9.655839920043945
                  ],
                  "autoUv":false,
                  "rotation":90
                },
                "south":{
                  "texture":"#material",
                  "uv":[
                    17.130233764648438,
                    22.620354652404785,
                    19.540319442749023,
                    22.98762035369873
                  ],
                  "autoUv":false
                },
                "west":{
                  "texture":"#material",
                  "uv":[
                    15.586318016052246,
                    9.698261260986328,
                    14.861108779907227,
                    14.304039001464844
                  ],
                  "autoUv":false,
                  "rotation":270
                },
                "up":{
                  "texture":"#material",
                  "uv":[
                    15.161571502685547,
                    20.91819667816162,
                    17.33171844482422,
                    26.67821979522705
                  ],
                  "autoUv":false
                },
                "down":{
                  "texture":"#material",
                  "uv":[
                    14.935628890991211,
                    26.67821979522705,
                    17.10577392578125,
                    20.91819667816162
                  ],
                  "autoUv":false,
                  "rotation":180
                }
              },
              "children":[]
            },
            {
              "name":"Blade 5",
              "from":[
                0.20347765705075815,
                0.7441196707712789,
                -3.152768611907959
              ],
              "to":[
                1.5355065626791422,
                1.0548456541092772,
                -0.35486793518066406
              ],
              "rotationOrigin":[
                0.8694921098649502,
                0.8994826698908582,
                -1.7538182735443115
              ],
              "rotationX":89.99996152334315,
              "rotationY":-2.8160356349753497e-07,
              "rotationZ":-84.20000393678927,
              "group":"Scene Collection",
              "faces":{
                "north":{
                  "texture":"#material",
                  "uv":[
                    17.570602416992188,
                    22.695704460144043,
                    14.766777038574219,
                    23.05641460418701
                  ],
                  "autoUv":false
                },
                "east":{
                  "texture":"#material",
                  "uv":[
                    10.109707832336426,
                    3.7527313232421875,
                    8.284745216369629,
                    4.737192153930664
                  ],
                  "autoUv":false,
                  "rotation":180
                },
                "south":{
                  "texture":"#material",
                  "uv":[
                    14.831672668457031,
                    22.417494773864746,
                    17.505695343017578,
                    23.334620475769043
                  ],
                  "autoUv":false
                },
                "west":{
                  "texture":"#material",
                  "uv":[
                    21.017566680908203,
                    7.663784027099609,
                    21.459001541137695,
                    15.654428482055664
                  ],
                  "autoUv":false,
                  "rotation":270
                },
                "up":{
                  "texture":"#material",
                  "uv":[
                    10.109707832336426,
                    4.737192153930664,
                    8.284745216369629,
                    8.185771942138672
                  ],
                  "autoUv":false,
                  "rotation":90
                },
                "down":{
                  "texture":"#material",
                  "uv":[
                    12.650413513183594,
                    26.671704292297363,
                    15.373428344726562,
                    20.922629356384277
                  ],
                  "autoUv":false,
                  "rotation":180
                }
              },
              "children":[]
            },
            {
              "name":"Blade 6",
              "from":[
                0.5036232471466064,
                0.6717122310074046,
                -3.1024619340896606
              ],
              "to":[
                1.709670901298523,
                1.1262396984966472,
                -0.3020690679550171
              ],
              "rotationOrigin":[
                1.1066470742225647,
                0.8989759498508647,
                -1.7022655010223389
              ],
              "rotationX":89.99996152334315,
              "rotationY":-1.0495557684460123e-06,
              "rotationZ":-97.2000259274796,
              "group":"Scene Collection",
              "faces":{
                "north":{
                  "texture":"#material",
                  "uv":[
                    17.23975944519043,
                    21.76370334625244,
                    14.88451862335205,
                    23.0081148147583
                  ],
                  "autoUv":false
                },
                "east":{
                  "texture":"#material",
                  "uv":[
                    31.657695770263672,
                    22.802422523498535,
                    30.937664031982422,
                    26.453994750976562
                  ],
                  "autoUv":false,
                  "rotation":270
                },
                "south":{
                  "texture":"#material",
                  "uv":[
                    14.76677131652832,
                    22.076115608215332,
                    17.35749626159668,
                    22.695704460144043
                  ],
                  "autoUv":false
                },
                "west":{
                  "texture":"#material",
                  "uv":[
                    21.459001541137695,
                    7.661670684814453,
                    22.102937698364258,
                    15.659435272216797
                  ],
                  "autoUv":false,
                  "rotation":270
                },
                "up":{
                  "texture":"#material",
                  "uv":[
                    12.702943801879883,
                    20.92111301422119,
                    15.161571502685547,
                    26.675305366516113
                  ],
                  "autoUv":false
                },
                "down":{
                  "texture":"#material",
                  "uv":[
                    19.173664093017578,
                    18.399507522583008,
                    20.87614631652832,
                    14.292367935180664
                  ],
                  "autoUv":false,
                  "rotation":180
                }
              },
              "children":[]
            },
            {
              "name":"metal1",
              "from":[
                0.5628294348716736,
                0.6098397804307751,
                -1.132481336593628
              ],
              "to":[
                1.673991858959198,
                1.1884139610338025,
                -0.10636782646179199
              ],
              "rotationOrigin":[
                1.1184106469154358,
                0.8991268707322888,
                -0.61942458152771
              ],
              "rotationZ":90.00000933466734,
              "group":"Scene Collection",
              "faces":{
                "north":{
                  "texture":"#material",
                  "uv":[
                    10.762700080871582,
                    13.662818908691406,
                    12.28727912902832,
                    15.596780776977539
                  ],
                  "autoUv":false
                },
                "east":{
                  "texture":"#material",
                  "uv":[
                    14.88451862335205,
                    21.76370334625244,
                    12.76375961303711,
                    22.95948886871338
                  ],
                  "autoUv":false,
                  "rotation":180
                },
                "south":{
                  "texture":"#material",
                  "uv":[
                    12.360048294067383,
                    13.944143295288086,
                    10.689936637878418,
                    15.315450668334961
                  ],
                  "autoUv":false
                },
                "west":{
                  "texture":"#material",
                  "uv":[
                    12.76375961303711,
                    21.76370334625244,
                    14.88451862335205,
                    22.95948886871338
                  ],
                  "autoUv":false,
                  "rotation":180
                },
                "up":{
                  "texture":"#material",
                  "uv":[
                    17.711824417114258,
                    14.282768249511719,
                    19.296993255615234,
                    17.963144302368164
                  ],
                  "autoUv":false
                },
                "down":{
                  "texture":"#material",
                  "uv":[
                    12.702949523925781,
                    24.939496994018555,
                    10.594507217407227,
                    22.65630054473877
                  ],
                  "autoUv":false,
                  "rotation":90
                }
              },
              "children":[]
            },
            {
              "name":"metal2",
              "from":[
                0.25218266248703003,
                0.6097048913568006,
                -1.2473888637905581
              ],
              "to":[
                1.3609814047813416,
                1.188278620241631,
                -0.055006479989959445
              ],
              "rotationOrigin":[
                0.8065820336341858,
                0.8989917557992158,
                -0.6511976718902588
              ],
              "rotationX":-3.0702538593323606e-06,
              "rotationY":-17.59597432092187,
              "rotationZ":89.99996152334315,
              "group":"Scene Collection",
              "faces":{
                "north":{
                  "texture":"#material",
                  "uv":[
                    10.762700080871582,
                    13.662818908691406,
                    12.28727912902832,
                    15.596780776977539
                  ],
                  "autoUv":false
                },
                "east":{
                  "texture":"#material",
                  "uv":[
                    15.245100021362305,
                    22.808655738830566,
                    12.534513473510742,
                    23.20350170135498
                  ],
                  "autoUv":false,
                  "rotation":180
                },
                "south":{
                  "texture":"#material",
                  "uv":[
                    12.360048294067383,
                    13.944143295288086,
                    10.689936637878418,
                    15.315450668334961
                  ],
                  "autoUv":false
                },
                "west":{
                  "texture":"#material",
                  "uv":[
                    12.896007537841797,
                    22.063666343688965,
                    14.8836088180542,
                    23.948493003845215
                  ],
                  "autoUv":false,
                  "rotation":180
                },
                "up":{
                  "texture":"#material",
                  "uv":[
                    13.06143569946289,
                    22.659003257751465,
                    10.725982666015625,
                    24.93734645843506
                  ],
                  "autoUv":false,
                  "rotation":90
                },
                "down":{
                  "texture":"#material",
                  "uv":[
                    17.628177642822266,
                    17.80682373046875,
                    19.213336944580078,
                    13.530073165893555
                  ],
                  "autoUv":false,
                  "rotation":180
                }
              },
              "children":[]
            },
            {
              "name":"socket 1",
              "from":[
                0.0006218579858625617,
                1.4526102989912033,
                -0.14311431348323822
              ],
              "to":[
                1.837820830687889,
                1.7388385087251663,
                0.14311382174491882
              ],
              "rotationOrigin":[
                0.9192213443368757,
                1.5957244038581848,
                -2.384185791015625e-07
              ],
              "rotationX":44.999994422049916,
              "rotationY":-1.967398062115789e-12,
              "rotationZ":-2.7622787394902336e-12,
              "group":"Scene Collection",
              "faces":{
                "north":{
                  "texture":"#material",
                  "uv":[
                    12.96223258972168,
                    20.87473201751709,
                    12.543926239013672,
                    24.67182445526123
                  ],
                  "autoUv":false,
                  "rotation":270
                },
                "east":{
                  "texture":"#material",
                  "uv":[
                    9.96006965637207,
                    22.366541862487793,
                    10.791820526123047,
                    22.366541862487793
                  ],
                  "autoUv":false,
                  "rotation":90
                },
                "south":{
                  "texture":"#material",
                  "uv":[
                    16.63995361328125,
                    10.961952209472656,
                    19.783594131469727,
                    12.125043869018555
                  ],
                  "autoUv":false
                },
                "west":{
                  "texture":"#material",
                  "uv":[
                    10.37594223022461,
                    21.95066547393799,
                    10.37594223022461,
                    22.782416343688965
                  ],
                  "autoUv":false,
                  "rotation":270
                },
                "up":{
                  "texture":"#material",
                  "uv":[
                    16.639951705932617,
                    9.508087158203125,
                    19.783594131469727,
                    10.961950302124023
                  ],
                  "autoUv":false
                },
                "down":{
                  "texture":"#material",
                  "uv":[
                    19.783594131469727,
                    13.578908920288086,
                    16.63995361328125,
                    12.125043869018555
                  ],
                  "autoUv":false
                }
              },
              "children":[]
            },
            {
              "name":"socket 2",
              "from":[
                -5.39423041345799e-07,
                0.20239407880126237,
                -0.2023942470550537
              ],
              "to":[
                1.8384434550990534,
                1.595724652836907,
                0.20650315284729004
              ],
              "rotationOrigin":[
                0.919221457838006,
                0.8990593658190846,
                0.002054452896118164
              ],
              "group":"Scene Collection",
              "faces":{
                "north":{
                  "texture":"#material",
                  "uv":[
                    15.353355407714844,
                    21.805994987487793,
                    12.747273445129395,
                    25.756220817565918
                  ],
                  "autoUv":false
                },
                "east":{
                  "texture":"#material",
                  "uv":[
                    9.951623916625977,
                    22.366541862487793,
                    10.791820526123047,
                    25.229531288146973
                  ],
                  "autoUv":false
                },
                "south":{
                  "texture":"#material",
                  "uv":[
                    8.810832023620605,
                    19.07201862335205,
                    11.074861526489258,
                    23.149620056152344
                  ],
                  "autoUv":false
                },
                "west":{
                  "texture":"#material",
                  "uv":[
                    10.791820526123047,
                    22.366541862487793,
                    9.951623916625977,
                    25.229531288146973
                  ],
                  "autoUv":false
                },
                "up":{
                  "texture":"#material",
                  "uv":[
                    8.810832023620605,
                    17.987428665161133,
                    11.074861526489258,
                    19.483232498168945
                  ],
                  "autoUv":false
                },
                "down":{
                  "texture":"#material",
                  "uv":[
                    11.074860572814941,
                    24.57549810409546,
                    8.810831069946289,
                    23.07969379425049
                  ],
                  "autoUv":false
                }
              },
              "children":[]
            },
            {
              "name":"socket 3",
              "from":[
                0.0006221445928531466,
                0.05927984416484833,
                -0.14311429858207703
              ],
              "to":[
                1.8378229054342228,
                0.34550805389881134,
                0.14311382174491882
              ],
              "rotationOrigin":[
                0.919222525013538,
                0.20239394903182983,
                -2.384185791015625e-07
              ],
              "rotationX":44.999994422049916,
              "rotationY":-1.967398062115789e-12,
              "rotationZ":-2.7622787394902336e-12,
              "group":"Scene Collection",
              "faces":{
                "north":{
                  "texture":"#material",
                  "uv":[
                    24.30398941040039,
                    7.680734634399414,
                    24.906951904296875,
                    14.19953727722168
                  ],
                  "autoUv":false,
                  "rotation":270
                },
                "east":{
                  "texture":"#material",
                  "uv":[
                    9.96006965637207,
                    25.229534149169922,
                    10.791820526123047,
                    25.229534149169922
                  ],
                  "autoUv":false,
                  "rotation":90
                },
                "south":{
                  "texture":"#material",
                  "uv":[
                    25.6606502532959,
                    7.680736541748047,
                    26.263608932495117,
                    14.19953727722168
                  ],
                  "autoUv":false,
                  "rotation":90
                },
                "west":{
                  "texture":"#material",
                  "uv":[
                    10.37594223022461,
                    24.813655853271484,
                    10.37594223022461,
                    25.645405769348145
                  ],
                  "autoUv":false,
                  "rotation":270
                },
                "up":{
                  "texture":"#material",
                  "uv":[
                    24.906949996948242,
                    7.680732727050781,
                    25.660648345947266,
                    14.19953727722168
                  ],
                  "autoUv":false,
                  "rotation":90
                },
                "down":{
                  "texture":"#material",
                  "uv":[
                    12.96223258972168,
                    24.67182445526123,
                    12.543926239013672,
                    20.874730110168457
                  ],
                  "autoUv":false,
                  "rotation":90
                }
              },
              "children":[]
            },
            {
              "name":"socket 4",
              "from":[
                0.0006221445928318303,
                0.05927988886833191,
                1.528490349650383
              ],
              "to":[
                1.8378209980855686,
                0.3455080986022949,
                1.81471848487854
              ],
              "rotationOrigin":[
                0.9192215713392002,
                0.2023940086364746,
                1.6716043949127197
              ],
              "rotationX":44.999994422049916,
              "rotationY":-1.967398062115789e-12,
              "rotationZ":-2.7622787394902336e-12,
              "group":"Scene Collection",
              "faces":{
                "north":{
                  "texture":"#material",
                  "uv":[
                    16.96268081665039,
                    24.599619388580322,
                    20.106321334838867,
                    25.762712001800537
                  ],
                  "autoUv":false,
                  "rotation":180
                },
                "east":{
                  "texture":"#material",
                  "uv":[
                    6.525287628173828,
                    25.229534149169922,
                    7.357036590576172,
                    25.229534149169922
                  ],
                  "autoUv":false,
                  "rotation":90
                },
                "south":{
                  "texture":"#material",
                  "uv":[
                    8.670772552490234,
                    20.87473201751709,
                    9.089075088500977,
                    24.67182445526123
                  ],
                  "autoUv":false,
                  "rotation":90
                },
                "west":{
                  "texture":"#material",
                  "uv":[
                    6.941160202026367,
                    24.813655853271484,
                    6.941160202026367,
                    25.645405769348145
                  ],
                  "autoUv":false,
                  "rotation":270
                },
                "up":{
                  "texture":"#material",
                  "uv":[
                    16.96268081665039,
                    25.76271152496338,
                    20.1063232421875,
                    27.21657705307007
                  ],
                  "autoUv":false
                },
                "down":{
                  "texture":"#material",
                  "uv":[
                    20.106319427490234,
                    24.59962034225464,
                    16.96268081665039,
                    23.145753860473633
                  ],
                  "autoUv":false
                }
              },
              "children":[]
            },
            {
              "name":"socket 5",
              "from":[
                -5.394230129240896e-07,
                0.20239395959197282,
                1.4651005268096924
              ],
              "to":[
                1.8384434550990818,
                1.5957245336276173,
                1.8739979267120361
              ],
              "rotationOrigin":[
                0.9192214578380344,
                0.8990592466097951,
                1.6695492267608643
              ],
              "group":"Scene Collection",
              "faces":{
                "north":{
                  "texture":"#material",
                  "uv":[
                    2.182267665863037,
                    19.413302421569824,
                    4.446294784545898,
                    23.49090576171875
                  ],
                  "autoUv":false,
                  "rotation":180
                },
                "east":{
                  "texture":"#material",
                  "uv":[
                    6.525287628173828,
                    22.366541862487793,
                    7.365482330322266,
                    25.229534149169922
                  ],
                  "autoUv":false
                },
                "south":{
                  "texture":"#material",
                  "uv":[
                    12.747271537780762,
                    21.805991172790527,
                    15.35335636138916,
                    25.756218910217285
                  ],
                  "autoUv":false
                },
                "west":{
                  "texture":"#material",
                  "uv":[
                    7.365482330322266,
                    22.366541862487793,
                    6.525287628173828,
                    25.229531288146973
                  ],
                  "autoUv":false
                },
                "up":{
                  "texture":"#material",
                  "uv":[
                    2.182267665863037,
                    23.079692840576172,
                    4.446294784545898,
                    24.575496673583984
                  ],
                  "autoUv":false
                },
                "down":{
                  "texture":"#material",
                  "uv":[
                    4.446295261383057,
                    19.483232498168945,
                    2.1822681427001953,
                    17.9874267578125
                  ],
                  "autoUv":false
                }
              },
              "children":[]
            },
            {
              "name":"socket 6",
              "from":[
                0.0006218579858767725,
                1.4526101797819138,
                1.528490349650383
              ],
              "to":[
                1.8378208306879031,
                1.7388384193181992,
                1.8147184401750565
              ],
              "rotationOrigin":[
                0.91922134433689,
                1.5957242846488953,
                1.6716043949127197
              ],
              "rotationX":44.999994422049916,
              "rotationY":-1.967398062115789e-12,
              "rotationZ":-2.7622787394902336e-12,
              "group":"Scene Collection",
              "faces":{
                "north":{
                  "texture":"#material",
                  "uv":[
                    25.6606502532959,
                    23.337904930114746,
                    26.26361083984375,
                    29.8566997051239
                  ],
                  "autoUv":false,
                  "rotation":270
                },
                "east":{
                  "texture":"#material",
                  "uv":[
                    6.525287628173828,
                    22.366541862487793,
                    7.357036590576172,
                    22.366541862487793
                  ],
                  "autoUv":false,
                  "rotation":90
                },
                "south":{
                  "texture":"#material",
                  "uv":[
                    24.303991317749023,
                    23.337904930114746,
                    24.906951904296875,
                    29.85669994354248
                  ],
                  "autoUv":false,
                  "rotation":90
                },
                "west":{
                  "texture":"#material",
                  "uv":[
                    6.941160202026367,
                    21.95066547393799,
                    6.941160202026367,
                    22.782416343688965
                  ],
                  "autoUv":false,
                  "rotation":270
                },
                "up":{
                  "texture":"#material",
                  "uv":[
                    9.089075088500977,
                    20.87473201751709,
                    8.670772552490234,
                    24.67182445526123
                  ],
                  "autoUv":false,
                  "rotation":90
                },
                "down":{
                  "texture":"#material",
                  "uv":[
                    25.6606502532959,
                    29.85670042037964,
                    24.906949996948242,
                    23.337904930114746
                  ],
                  "autoUv":false,
                  "rotation":90
                }
              },
              "children":[]
            }
          ]
        },
        {
          "name":"string",
          "from":[
            4.016457974910736,
            -0.6586872339248657,
            -0.6461589932441711
          ],
          "to":[
            4.536333620548248,
            1.0666459798812866,
            1.09309720993042
          ],
          "rotationOrigin":[
            4.276395797729492,
            0.20397937297821045,
            0.223469078540802
          ],
          "rotationX":6.854956378317244e-07,
          "rotationY":4.200003702724962,
          "rotationZ":-9.35980348992571e-06,
          "group":"Scene Collection",
          "faces":{
            "north":{
              "texture":"#string",
              "uv":[
                19.953365325927734,
                1.265655517578125,
                22.991310119628906,
                2.4446144104003906
              ],
              "autoUv":false,
              "rotation":90
            },
            "east":{
              "texture":"#string",
              "uv":[
                0.7989555597305298,
                0.39032554626464844,
                4.743190288543701,
                3.4282760620117188
              ],
              "autoUv":false
            },
            "south":{
              "texture":"#string",
              "uv":[
                2.749061107635498,
                1.265655517578125,
                5.787007808685303,
                2.4446144104003906
              ],
              "autoUv":false,
              "rotation":90
            },
            "west":{
              "texture":"#string",
              "uv":[
                4.831490993499756,
                6.125095367431641,
                8.775726318359375,
                9.163042068481445
              ],
              "autoUv":false
            },
            "up":{
              "texture":"#string",
              "uv":[
                0.25357818603515625,
                0.44621849060058594,
                1.2924288511276245,
                3.9217185974121094
              ],
              "autoUv":false
            },
            "down":{
              "texture":"#string",
              "uv":[
                1.2924288511276245,
                3.9217185974121094,
                0.25357818603515625,
                0.44621849060058594
              ],
              "autoUv":false,
              "rotation":180
            }
          },
          "children":[]
        },
        {
          "name":"string 01",
          "from":[
            3.4306441247463226,
            -0.6412674188613892,
            -0.7247595191001892
          ],
          "to":[
            3.95053568482399,
            1.104569673538208,
            1.1186169981956482
          ],
          "rotationOrigin":[
            3.6905899047851562,
            0.23165112733840942,
            0.19692879915237427
          ],
          "rotationX":1.7999990255611877,
          "rotationY":-7.000006455799485,
          "rotationZ":-0.6000101339142292,
          "group":"Scene Collection",
          "faces":{
            "north":{
              "texture":"#string",
              "uv":[
                0.6373624801635742,
                1.0370864868164062,
                3.7098894119262695,
                2.215301513671875
              ],
              "autoUv":false,
              "rotation":90
            },
            "east":{
              "texture":"#string",
              "uv":[
                0.8892951011657715,
                0.12685585021972656,
                5.066656112670898,
                3.1995506286621094
              ],
              "autoUv":false
            },
            "south":{
              "texture":"#string",
              "uv":[
                5.225175380706787,
                1.0370864868164062,
                8.29770278930664,
                2.215301513671875
              ],
              "autoUv":false,
              "rotation":90
            },
            "west":{
              "texture":"#string",
              "uv":[
                0.3535299301147461,
                9.302484512329102,
                4.530890941619873,
                12.37518310546875
              ],
              "autoUv":false
            },
            "up":{
              "texture":"#string",
              "uv":[
                7.515136241912842,
                1.107025146484375,
                11.196355819702148,
                2.1453628540039062
              ],
              "autoUv":false,
              "rotation":90
            },
            "down":{
              "texture":"#string",
              "uv":[
                19.225032806396484,
                2.1453628540039062,
                15.543811798095703,
                1.107025146484375
              ],
              "autoUv":false,
              "rotation":270
            }
          },
          "children":[]
        },
        {
          "name":"string 02",
          "from":[
            2.6967822313308716,
            -0.5946217775344849,
            -0.6909294724464417
          ],
          "to":[
            3.220650553703308,
            1.113395094871521,
            1.0767285227775574
          ],
          "rotationOrigin":[
            2.95871639251709,
            0.25938665866851807,
            0.19289952516555786
          ],
          "rotationX":1.0000021266877488,
          "rotationY":12.000001187704068,
          "rotationZ":-0.20000952336296765,
          "group":"Scene Collection",
          "faces":{
            "north":{
              "texture":"#string",
              "uv":[
                3.1902055740356445,
                1.2522869110107422,
                6.1965250968933105,
                2.439809799194336
              ],
              "autoUv":false,
              "rotation":90
            },
            "east":{
              "texture":"#string",
              "uv":[
                1.193819284439087,
                4.957063674926758,
                5.200727462768555,
                7.963447570800781
              ],
              "autoUv":false
            },
            "south":{
              "texture":"#string",
              "uv":[
                0.8797364234924316,
                5.873226165771484,
                3.8860573768615723,
                7.060750961303711
              ],
              "autoUv":false,
              "rotation":90
            },
            "west":{
              "texture":"#string",
              "uv":[
                5.354703903198242,
                6.112295150756836,
                9.361613273620605,
                9.11867904663086
              ],
              "autoUv":false
            },
            "up":{
              "texture":"#string",
              "uv":[
                11.396273612976074,
                0.16759681701660156,
                14.927057266235352,
                1.2140331268310547
              ],
              "autoUv":false,
              "rotation":90
            },
            "down":{
              "texture":"#string",
              "uv":[
                10.306117057800293,
                5.834970474243164,
                6.775336742401123,
                4.788534164428711
              ],
              "autoUv":false,
              "rotation":270
            }
          },
          "children":[]
        },
        {
          "name":"string 03",
          "from":[
            -10.322291165590286,
            -0.6586874127388,
            -0.620749831199646
          ],
          "to":[
            -9.80241510272026,
            1.0599717497825623,
            1.1571484208106995
          ],
          "rotationOrigin":[
            -10.062353134155273,
            0.2006421685218811,
            0.26819926500320435
          ],
          "rotationX":-7.025931293551495e-07,
          "rotationY":-166.66635559806755,
          "rotationZ":-9.471631181859469e-06,
          "group":"Scene Collection",
          "faces":{
            "north":{
              "texture":"#string",
              "uv":[
                19.989299774169922,
                1.2436656951904297,
                23.022140502929688,
                2.425210952758789
              ],
              "autoUv":false,
              "rotation":90
            },
            "east":{
              "texture":"#string",
              "uv":[
                0.3488035202026367,
                0.3786945343017578,
                4.389513969421387,
                3.4115333557128906
              ],
              "autoUv":false
            },
            "south":{
              "texture":"#string",
              "uv":[
                2.731064796447754,
                1.2436656951904297,
                5.763901710510254,
                2.425212860107422
              ],
              "autoUv":false,
              "rotation":90
            },
            "west":{
              "texture":"#string",
              "uv":[
                5.134649753570557,
                6.131435394287109,
                9.175357818603516,
                9.164276123046875
              ],
              "autoUv":false
            },
            "up":{
              "texture":"#string",
              "uv":[
                0.21459484100341797,
                0.7212848663330078,
                1.2557249069213867,
                4.281791687011719
              ],
              "autoUv":false
            },
            "down":{
              "texture":"#string",
              "uv":[
                1.2557249069213867,
                4.281791687011719,
                0.21459484100341797,
                0.7212848663330078
              ],
              "autoUv":false,
              "rotation":180
            }
          },
          "children":[]
        },
        {
          "name":"string 04",
          "from":[
            -9.705573469400406,
            -0.644347608089447,
            -0.6476491093635559
          ],
          "to":[
            -9.185681909322739,
            1.1014894843101501,
            1.172109603881836
          ],
          "rotationOrigin":[
            -9.445627689361572,
            0.22857093811035156,
            0.2622302174568176
          ],
          "rotationX":-1.7878119403694752,
          "rotationY":-177.87083013898825,
          "rotationZ":-0.8858891957289938,
          "group":"Scene Collection",
          "faces":{
            "north":{
              "texture":"#string",
              "uv":[
                0.613276481628418,
                1.0210914611816406,
                3.693613052368164,
                2.202301025390625
              ],
              "autoUv":false,
              "rotation":90
            },
            "east":{
              "texture":"#string",
              "uv":[
                0.6673879623413086,
                0.10856819152832031,
                4.801710605621338,
                3.1890735626220703
              ],
              "autoUv":false
            },
            "south":{
              "texture":"#string",
              "uv":[
                5.215471267700195,
                1.0210914611816406,
                8.295808792114258,
                2.202301025390625
              ],
              "autoUv":false,
              "rotation":90
            },
            "west":{
              "texture":"#string",
              "uv":[
                0.5814762115478516,
                9.31296157836914,
                4.715798854827881,
                12.393470764160156
              ],
              "autoUv":false
            },
            "up":{
              "texture":"#string",
              "uv":[
                7.730284214019775,
                1.0912055969238281,
                11.373577117919922,
                2.132183074951172
              ],
              "autoUv":false,
              "rotation":90
            },
            "down":{
              "texture":"#string",
              "uv":[
                19.42742156982422,
                2.132183074951172,
                15.784127235412598,
                1.0912055969238281
              ],
              "autoUv":false,
              "rotation":270
            }
          },
          "children":[]
        },
        {
          "name":"string 05",
          "from":[
            5.224935233592987,
            -0.7247321605682373,
            -0.725435197353363
          ],
          "to":[
            5.84610778093338,
            1.2371807098388672,
            1.352712094783783
          ],
          "rotationOrigin":[
            5.535521507263184,
            0.25622427463531494,
            0.31363850831985474
          ],
          "rotationX":-2.8522010963251102e-05,
          "rotationY":-91.37347841448685,
          "rotationZ":-3.782341600878165e-05,
          "group":"Scene Collection",
          "faces":{
            "north":{
              "texture":"#string",
              "uv":[
                19.953365325927734,
                1.265655517578125,
                22.84453773498535,
                2.4446144104003906
              ],
              "autoUv":false,
              "rotation":90
            },
            "east":{
              "texture":"#string",
              "uv":[
                0.7989555597305298,
                0.39032554626464844,
                4.743190288543701,
                3.281503677368164
              ],
              "autoUv":false
            },
            "south":{
              "texture":"#string",
              "uv":[
                2.749061107635498,
                1.265655517578125,
                5.64023494720459,
                2.4446144104003906
              ],
              "autoUv":false,
              "rotation":90
            },
            "west":{
              "texture":"#string",
              "uv":[
                4.831490993499756,
                6.125095367431641,
                8.775725364685059,
                9.01626968383789
              ],
              "autoUv":false
            },
            "up":{
              "texture":"#string",
              "uv":[
                0.25357818603515625,
                0.44621849060058594,
                1.2924288511276245,
                3.9217185974121094
              ],
              "autoUv":false
            },
            "down":{
              "texture":"#string",
              "uv":[
                1.2924288511276245,
                3.9217185974121094,
                0.25357818603515625,
                0.44621849060058594
              ],
              "autoUv":false,
              "rotation":180
            }
          },
          "children":[]
        },
        {
          "name":"string 06",
          "from":[
            6.301338851451874,
            0.6934414505958557,
            0.1518610715866089
          ],
          "to":[
            6.922511398792267,
            1.1750714182853699,
            0.527030885219574
          ],
          "rotationOrigin":[
            6.61192512512207,
            0.9342564344406128,
            0.33944588899612427
          ],
          "rotationX":91.37308909370417,
          "rotationY":-44.98354049633935,
          "rotationZ":91.94200970062039,
          "group":"Scene Collection",
          "faces":{
            "north":{
              "texture":"#string",
              "uv":[
                19.953365325927734,
                1.2656574249267578,
                20.663118362426758,
                2.4446144104003906
              ],
              "autoUv":false,
              "rotation":90
            },
            "east":{
              "texture":"#string",
              "uv":[
                4.031133651733398,
                0.39032554626464844,
                4.743189811706543,
                1.1000804901123047
              ],
              "autoUv":false
            },
            "south":{
              "texture":"#string",
              "uv":[
                2.749061107635498,
                1.2656574249267578,
                3.458815097808838,
                2.4446144104003906
              ],
              "autoUv":false,
              "rotation":90
            },
            "west":{
              "texture":"#string",
              "uv":[
                4.831490993499756,
                6.125095367431641,
                5.543547630310059,
                6.834848403930664
              ],
              "autoUv":false
            },
            "up":{
              "texture":"#string",
              "uv":[
                0.25357818603515625,
                0.44621849060058594,
                1.292428970336914,
                1.0736541748046875
              ],
              "autoUv":false
            },
            "down":{
              "texture":"#string",
              "uv":[
                1.292428970336914,
                1.0736541748046875,
                0.25357818603515625,
                0.44621849060058594
              ],
              "autoUv":false,
              "rotation":180
            }
          },
          "children":[]
        },
        {
          "name":"string 07",
          "from":[
            6.244896590709686,
            -0.6382911205291748,
            0.11058551073074341
          ],
          "to":[
            6.866069138050079,
            -0.13004636764526367,
            0.565599799156189
          ],
          "rotationOrigin":[
            6.555482864379883,
            -0.38416874408721924,
            0.3380926251411438
          ],
          "rotationX":91.37308909370417,
          "rotationY":-44.98354049633935,
          "rotationZ":91.94200970062039,
          "group":"Scene Collection",
          "faces":{
            "north":{
              "texture":"#string",
              "uv":[
                19.953365325927734,
                1.2656574249267578,
                20.70233917236328,
                2.4446144104003906
              ],
              "autoUv":false,
              "rotation":90
            },
            "east":{
              "texture":"#string",
              "uv":[
                3.980619430541992,
                0.39032745361328125,
                4.844217300415039,
                1.1392974853515625
              ],
              "autoUv":false
            },
            "south":{
              "texture":"#string",
              "uv":[
                2.749061107635498,
                1.2656574249267578,
                3.4980359077453613,
                2.4446144104003906
              ],
              "autoUv":false,
              "rotation":90
            },
            "west":{
              "texture":"#string",
              "uv":[
                4.730463981628418,
                6.125095367431641,
                5.594062328338623,
                6.874067306518555
              ],
              "autoUv":false
            },
            "up":{
              "texture":"#string",
              "uv":[
                0.25357818603515625,
                0.3571949005126953,
                1.2924288511276245,
                1.1181678771972656
              ],
              "autoUv":false
            },
            "down":{
              "texture":"#string",
              "uv":[
                1.2924288511276245,
                1.1181678771972656,
                0.25357818603515625,
                0.3571968078613281
              ],
              "autoUv":false,
              "rotation":180
            }
          },
          "children":[]
        },
        {
          "name":"string 08",
          "from":[
            5.565400779247284,
            -0.40298861265182495,
            -0.7172717452049255
          ],
          "to":[
            6.186573326587677,
            0.8966168761253357,
            1.3608755469322205
          ],
          "rotationOrigin":[
            5.8759870529174805,
            0.24681413173675537,
            0.32180196046829224
          ],
          "rotationX":-2.8522010963251102e-05,
          "rotationY":-91.37347841448685,
          "rotationZ":-3.782341600878165e-05,
          "group":"Scene Collection",
          "faces":{
            "north":{
              "texture":"#string",
              "uv":[
                20.455238342285156,
                1.265655517578125,
                22.370399475097656,
                2.4446163177490234
              ],
              "autoUv":false,
              "rotation":90
            },
            "east":{
              "texture":"#string",
              "uv":[
                0.798955500125885,
                0.8922004699707031,
                4.743190288543701,
                2.8073654174804688
              ],
              "autoUv":false
            },
            "south":{
              "texture":"#string",
              "uv":[
                3.2509331703186035,
                1.265655517578125,
                5.166097164154053,
                2.4446163177490234
              ],
              "autoUv":false,
              "rotation":90
            },
            "west":{
              "texture":"#string",
              "uv":[
                4.831490993499756,
                6.6269683837890625,
                8.775726318359375,
                8.542131423950195
              ],
              "autoUv":false
            },
            "up":{
              "texture":"#string",
              "uv":[
                0.25357818603515625,
                0.44621849060058594,
                1.2924288511276245,
                3.9217185974121094
              ],
              "autoUv":false
            },
            "down":{
              "texture":"#string",
              "uv":[
                1.2924288511276245,
                3.9217185974121094,
                0.25357818603515625,
                0.44621849060058594
              ],
              "autoUv":false,
              "rotation":180
            }
          },
          "children":[]
        }
      ]
    }
  ],
  "groups":[]
}