{
	"editor": {
		"allAngles": false,
		"singleTexture": false
	},
	"textureWidth": 16,
	"textureHeight": 16,
	"textures": {
		"material": "block/metal/ingot/copper",
		"handle": "item/tool/material/handle"
  },
  "textureSizes":{
    "metal":[
      32,
      32
    ],
    "handle":[
      32,
      32
    ]
  },
  "elements":[
    {
      "name":"origin",
      "from":[
        10.0,
        0.5,
        7.699999988079071
      ],
      "to":[
        10.0,
        0.5,
        7.699999988079071
      ],
      "rotationOrigin":[
        8.0,
        0.0,
        8.0
      ],
      "group":"Scene Collection",
      "faces":{
        "north":{
          "texture":"#0",
          "uv":[
            0,
            0,
            4,
            4
          ],
          "autoUv":false
        },
        "east":{
          "texture":"#0",
          "uv":[
            0,
            0,
            4,
            4
          ],
          "autoUv":false
        },
        "south":{
          "texture":"#0",
          "uv":[
            0,
            0,
            4,
            4
          ],
          "autoUv":false
        },
        "west":{
          "texture":"#0",
          "uv":[
            0,
            0,
            4,
            4
          ],
          "autoUv":false
        },
        "up":{
          "texture":"#metal",
          "uv":[
            0.003740001702681184,
            0.008661270141601562,
            1.0037399530410767,
            1.0086612701416016
          ],
          "autoUv":false,
          "rotation":180
        },
        "down":{
          "texture":"#0",
          "uv":[
            0,
            0,
            4,
            4
          ],
          "autoUv":false
        }
      },
      "children":[
        {
          "name":"handle",
          "from":[
            -8.0,
            -0.4637317657470703,
            -0.5000001788139343
          ],
          "to":[
            4.431110382080078,
            0.9587850570678711,
            0.9999998211860657
          ],
          "rotationOrigin":[
            -1.784444808959961,
            0.2475271224975586,
            0.24999982118606567
          ],
          "group":"Scene Collection",
          "faces":{
            "north":{
              "texture":"#handle",
              "uv":[
                6.137776851654053,
                11.08243179321289,
                31.000003814697266,
                13.927461624145508
              ],
              "autoUv":false
            },
            "east":{
              "texture":"#handle",
              "uv":[
                1.0,
                1.0824298858642578,
                3.999999761581421,
                3.9274635314941406
              ],
              "autoUv":false
            },
            "south":{
              "texture":"#handle",
              "uv":[
                0.0,
                21.082429885864258,
                24.86222267150879,
                23.927462577819824
              ],
              "autoUv":false
            },
            "west":{
              "texture":"#handle",
              "uv":[
                28.000001907348633,
                20.082429885864258,
                31.0,
                22.92746353149414
              ],
              "autoUv":false
            },
            "up":{
              "texture":"#handle",
              "uv":[
                0.0,
                9.0,
                24.86222267150879,
                12.000001907348633
              ],
              "autoUv":false
            },
            "down":{
              "texture":"#handle",
              "uv":[
                31.0,
                13.0,
                6.137776851654053,
                10.0
              ],
              "autoUv":false,
              "rotation":180
            }
          },
          "children":[]
        },
        {
          "name":"handle2",
          "from":[
            3.6371378898620605,
            -0.46030521392822266,
            -0.6700956225395203
          ],
          "to":[
            4.6317315101623535,
            0.9567623138427734,
            0.34416747093200684
          ],
          "rotationOrigin":[
            4.134434700012207,
            0.2482280731201172,
            -0.16296404600143433
          ],
          "rotationX":-179.99986840517295,
          "rotationY":-19.750016202110668,
          "rotationZ":-8.944390479646636e-07,
          "group":"Scene Collection",
          "faces":{
            "north":{
              "texture":"#handle",
              "uv":[
                18.89479637145996,
                11.32160758972168,
                20.871957778930664,
                14.171670913696289
              ],
              "autoUv":false
            },
            "east":{
              "texture":"#handle",
              "uv":[
                1.1771202087402344,
                2.42938232421875,
                4.844511032104492,
                7.55323600769043
              ],
              "autoUv":false
            },
            "south":{
              "texture":"#handle",
              "uv":[
                4.620992660522461,
                11.054357528686523,
                2.686494827270508,
                13.982833862304688
              ],
              "autoUv":false,
              "rotation":180
            },
            "west":{
              "texture":"#handle",
              "uv":[
                25.551908493041992,
                21.312569618225098,
                27.57996940612793,
                24.146052837371826
              ],
              "autoUv":false
            },
            "up":{
              "texture":"#handle",
              "uv":[
                18.02279281616211,
                13.18121337890625,
                21.404483795166016,
                16.629779815673828
              ],
              "autoUv":false,
              "rotation":180
            },
            "down":{
              "texture":"#handle",
              "uv":[
                20.129962921142578,
                25.892333984375,
                16.74565887451172,
                22.44110107421875
              ],
              "autoUv":false,
              "rotation":180
            }
          },
          "children":[]
        },
        {
          "name":"handle3",
          "from":[
            3.6371231079101562,
            -0.46031665802001953,
            0.15463435649871826
          ],
          "to":[
            4.631716728210449,
            0.9567527770996094,
            1.1688974499702454
          ],
          "rotationOrigin":[
            4.1344194412231445,
            0.24821853637695312,
            0.6617658734321594
          ],
          "rotationX":0.00012795235549165087,
          "rotationY":160.24998026910922,
          "rotationZ":0.00010427405023367872,
          "group":"Scene Collection",
          "faces":{
            "north":{
              "texture":"#handle",
              "uv":[
                20.935144424438477,
                20.998988151550293,
                22.869632720947266,
                23.927465438842773
              ],
              "autoUv":false
            },
            "east":{
              "texture":"#handle",
              "uv":[
                1.177120566368103,
                2.4294166564941406,
                4.844510078430176,
                7.553272247314453
              ],
              "autoUv":false,
              "rotation":180
            },
            "south":{
              "texture":"#handle",
              "uv":[
                14.645196914672852,
                26.693994998931885,
                16.57634925842285,
                29.617321491241455
              ],
              "autoUv":false,
              "rotation":180
            },
            "west":{
              "texture":"#handle",
              "uv":[
                24.32289695739746,
                25.742177486419678,
                26.352819442749023,
                28.578260898590088
              ],
              "autoUv":false,
              "rotation":180
            },
            "up":{
              "texture":"#handle",
              "uv":[
                21.404483795166016,
                17.26434326171875,
                18.02279281616211,
                20.712909698486328
              ],
              "autoUv":false,
              "rotation":180
            },
            "down":{
              "texture":"#handle",
              "uv":[
                23.294105529785156,
                31.764301300048828,
                19.697677612304688,
                28.09674835205078
              ],
              "autoUv":false,
              "rotation":180
            }
          },
          "children":[]
        },
        {
          "name":"handle4",
          "from":[
            4.431095600128174,
            -0.4670886993408203,
            -0.8078637719154358
          ],
          "to":[
            5.999233245849609,
            0.9683456420898438,
            1.3066675066947937
          ],
          "rotationOrigin":[
            5.2151641845703125,
            0.2506284713745117,
            0.24940186738967896
          ],
          "rotationX":-179.99986840517295,
          "group":"Scene Collection",
          "faces":{
            "north":{
              "texture":"#handle",
              "uv":[
                25.18244171142578,
                21.027060508728027,
                28.313528060913086,
                23.89317798614502
              ],
              "autoUv":false,
              "rotation":180
            },
            "east":{
              "texture":"#handle",
              "uv":[
                1.177120566368103,
                2.4048690795898438,
                8.822880744934082,
                7.595134735107422
              ],
              "autoUv":false
            },
            "south":{
              "texture":"#handle",
              "uv":[
                10.064863204956055,
                11.082429885864258,
                6.933777809143066,
                13.948549270629883
              ],
              "autoUv":false,
              "rotation":180
            },
            "west":{
              "texture":"#handle",
              "uv":[
                25.137178421020508,
                25.315731525421143,
                29.362817764282227,
                28.18427324295044
              ],
              "autoUv":false
            },
            "up":{
              "texture":"#handle",
              "uv":[
                2.972644329071045,
                9.391117095947266,
                6.108889579772949,
                13.620136260986328
              ],
              "autoUv":false,
              "rotation":180
            },
            "down":{
              "texture":"#handle",
              "uv":[
                27.197532653808594,
                12.622509002685547,
                23.539968490600586,
                8.45614242553711
              ],
              "autoUv":false,
              "rotation":180
            }
          },
          "children":[]
        },
        {
          "name":"handle5",
          "from":[
            6.41285252571106,
            -0.43778228759765625,
            -0.8091023564338684
          ],
          "to":[
            7.1374136209487915,
            0.9976520538330078,
            1.2455443739891052
          ],
          "rotationOrigin":[
            6.77513313293457,
            0.2799348831176758,
            0.2182210087776184
          ],
          "rotationX":-179.99986840517295,
          "rotationY":-2.0999977959376612,
          "rotationZ":1.3671336953902702e-07,
          "group":"Scene Collection",
          "faces":{
            "north":{
              "texture":"#handle",
              "uv":[
                16.171133041381836,
                11.051101684570312,
                17.61284065246582,
                13.940811157226562
              ],
              "autoUv":false
            },
            "east":{
              "texture":"#handle",
              "uv":[
                1.3066766262054443,
                2.4048690795898438,
                8.735905647277832,
                7.5951385498046875
              ],
              "autoUv":false
            },
            "south":{
              "texture":"#handle",
              "uv":[
                4.512154579162598,
                27.16221570968628,
                5.9538679122924805,
                30.051923751831055
              ],
              "autoUv":false
            },
            "west":{
              "texture":"#handle",
              "uv":[
                12.737627029418945,
                21.05950927734375,
                16.84983253479004,
                23.932411193847656
              ],
              "autoUv":false
            },
            "up":{
              "texture":"#handle",
              "uv":[
                10.414933204650879,
                24.999335289001465,
                11.856644630432129,
                29.135595321655273
              ],
              "autoUv":false
            },
            "down":{
              "texture":"#handle",
              "uv":[
                17.61284065246582,
                13.441150665283203,
                16.171133041381836,
                9.304887771606445
              ],
              "autoUv":false,
              "rotation":180
            }
          },
          "children":[]
        },
        {
          "name":"handle6",
          "from":[
            -10.76114559173584,
            -0.45752811431884766,
            -0.42326945066452026
          ],
          "to":[
            -7.76114559173584,
            0.9587850570678711,
            1.0767305493354797
          ],
          "rotationOrigin":[
            -9.26114559173584,
            0.2506284713745117,
            0.32673054933547974
          ],
          "rotationY":2.0541811004286274,
          "group":"Scene Collection",
          "faces":{
            "north":{
              "texture":"#handle",
              "uv":[
                0.0,
                11.082427978515625,
                6.0,
                13.915054321289062
              ],
              "autoUv":false
            },
            "east":{
              "texture":"#handle",
              "uv":[
                1.0,
                1.0824298858642578,
                4.0,
                3.9150562286376953
              ],
              "autoUv":false
            },
            "south":{
              "texture":"#handle",
              "uv":[
                0.0,
                21.082429885864258,
                6.0,
                23.915056228637695
              ],
              "autoUv":false
            },
            "west":{
              "texture":"#handle",
              "uv":[
                28.000001907348633,
                20.082429885864258,
                31.000001907348633,
                22.915056228637695
              ],
              "autoUv":false
            },
            "up":{
              "texture":"#handle",
              "uv":[
                0.0,
                9.0,
                6.0,
                12.0
              ],
              "autoUv":false
            },
            "down":{
              "texture":"#handle",
              "uv":[
                6.0,
                13.0,
                0.0,
                10.0
              ],
              "autoUv":false,
              "rotation":180
            }
          },
          "children":[]
        },
        {
          "name":"holder",
          "from":[
            5.011776804924011,
            -0.6953078508377075,
            -0.7370643019676208
          ],
          "to":[
            6.836770176887512,
            1.3038991689682007,
            1.2621427178382874
          ],
          "rotationOrigin":[
            5.924273490905762,
            0.3042956590652466,
            0.26253920793533325
          ],
          "rotationX":-179.99986840517295,
          "group":"Scene Collection",
          "faces":{
            "north":{
              "texture":"#metal",
              "uv":[
                27.776676177978516,
                8.486383438110352,
                31.133792877197266,
                12.856100082397461
              ],
              "autoUv":false
            },
            "east":{
              "texture":"#metal",
              "uv":[
                11.692537307739258,
                14.952630996704102,
                15.719101905822754,
                18.979188919067383
              ],
              "autoUv":false
            },
            "south":{
              "texture":"#metal",
              "uv":[
                24.495601654052734,
                4.0876312255859375,
                27.852733612060547,
                8.457342147827148
              ],
              "autoUv":false
            },
            "west":{
              "texture":"#metal",
              "uv":[
                15.719101905822754,
                14.952630996704102,
                11.692537307739258,
                18.979188919067383
              ],
              "autoUv":false
            },
            "up":{
              "texture":"#metal",
              "uv":[
                13.266134262084961,
                14.021759033203125,
                17.323646545410156,
                17.72568416595459
              ],
              "autoUv":false,
              "rotation":90
            },
            "down":{
              "texture":"#metal",
              "uv":[
                13.266134262084961,
                17.72568416595459,
                17.323646545410156,
                14.021759033203125
              ],
              "autoUv":false,
              "rotation":90
            }
          },
          "children":[
            {
              "name":"metal1",
              "from":[
                0.039059340953826904,
                0.7657661410048604,
                7.009731471538544
              ],
              "to":[
                0.9387298226356506,
                1.2642733873799443,
                7.9094021916389465
              ],
              "rotationOrigin":[
                0.48889458179473877,
                1.0150197567418218,
                7.459566831588745
              ],
              "rotationX":-134.41917471498311,
              "rotationY":8.104235454952631,
              "rotationZ":-98.1865647908179,
              "group":"Scene Collection",
              "faces":{
                "north":{
                  "texture":"#metal",
                  "uv":[
                    22.203332901000977,
                    11.671630859375,
                    21.045330047607422,
                    13.164073944091797
                  ],
                  "autoUv":false
                },
                "east":{
                  "texture":"#metal",
                  "uv":[
                    21.045330047607422,
                    11.671630859375,
                    22.203332901000977,
                    13.164073944091797
                  ],
                  "autoUv":false
                },
                "south":{
                  "texture":"#metal",
                  "uv":[
                    10.230582237243652,
                    8.912906646728516,
                    11.230121612548828,
                    10.71681022644043
                  ],
                  "autoUv":false,
                  "rotation":90
                },
                "west":{
                  "texture":"#metal",
                  "uv":[
                    10.230582237243652,
                    10.71681022644043,
                    11.230121612548828,
                    12.520700454711914
                  ],
                  "autoUv":false,
                  "rotation":90
                },
                "up":{
                  "texture":"#metal",
                  "uv":[
                    25.57527732849121,
                    10.84604263305664,
                    23.85466194152832,
                    13.23139762878418
                  ],
                  "autoUv":false,
                  "rotation":180
                },
                "down":{
                  "texture":"#metal",
                  "uv":[
                    25.43627166748047,
                    13.231399536132812,
                    23.85466194152832,
                    10.84604263305664
                  ],
                  "autoUv":false
                }
              },
              "children":[]
            },
            {
              "name":"metal10",
              "from":[
                0.0003972053527832031,
                1.4531788527965546,
                -0.2261742502450943
              ],
              "to":[
                1.8245905637741089,
                1.9055217802524567,
                0.2261686474084854
              ],
              "rotationOrigin":[
                0.9124938249588013,
                1.6793503165245056,
                -2.8014183044433594e-06
              ],
              "rotationX":44.99990221449612,
              "group":"Scene Collection",
              "faces":{
                "north":{
                  "texture":"#metal",
                  "uv":[
                    12.616975784301758,
                    14.022567749023438,
                    13.266134262084961,
                    17.724873542785645
                  ],
                  "autoUv":false,
                  "rotation":270
                },
                "east":{
                  "texture":"#metal",
                  "uv":[
                    15.0748872756958,
                    15.596841812133789,
                    16.363306045532227,
                    15.596841812133789
                  ],
                  "autoUv":false,
                  "rotation":90
                },
                "south":{
                  "texture":"#metal",
                  "uv":[
                    18.890905380249023,
                    12.71923828125,
                    21.981822967529297,
                    13.629936218261719
                  ],
                  "autoUv":false
                },
                "west":{
                  "texture":"#metal",
                  "uv":[
                    15.719101905822754,
                    14.952630996704102,
                    15.719101905822754,
                    16.241052627563477
                  ],
                  "autoUv":false
                },
                "up":{
                  "texture":"#metal",
                  "uv":[
                    18.890905380249023,
                    11.580869674682617,
                    21.981822967529297,
                    12.71923828125
                  ],
                  "autoUv":false
                },
                "down":{
                  "texture":"#metal",
                  "uv":[
                    21.981822967529297,
                    14.768312454223633,
                    18.890905380249023,
                    13.629936218261719
                  ],
                  "autoUv":false
                }
              },
              "children":[]
            },
            {
              "name":"metal11",
              "from":[
                0.0003972053527832031,
                0.09368585050106049,
                1.7730333507061005
              ],
              "to":[
                1.8245905637741089,
                0.5460287481546402,
                2.225376382470131
              ],
              "rotationOrigin":[
                0.9124938249588013,
                0.31985729932785034,
                1.9992048740386963
              ],
              "rotationX":44.99990221449612,
              "group":"Scene Collection",
              "faces":{
                "north":{
                  "texture":"#metal",
                  "uv":[
                    18.890918731689453,
                    23.397491455078125,
                    21.981842041015625,
                    24.30819034576416
                  ],
                  "autoUv":false,
                  "rotation":180
                },
                "east":{
                  "texture":"#metal",
                  "uv":[
                    11.048320770263672,
                    18.33497905731201,
                    12.336753845214844,
                    18.33497905731201
                  ],
                  "autoUv":false,
                  "rotation":90
                },
                "south":{
                  "texture":"#metal",
                  "uv":[
                    17.972808837890625,
                    14.022567749023438,
                    17.323646545410156,
                    17.724873542785645
                  ],
                  "autoUv":false,
                  "rotation":90
                },
                "west":{
                  "texture":"#metal",
                  "uv":[
                    11.692537307739258,
                    17.690762519836426,
                    11.692537307739258,
                    18.979188919067383
                  ],
                  "autoUv":false
                },
                "up":{
                  "texture":"#metal",
                  "uv":[
                    18.890918731689453,
                    24.30819034576416,
                    21.981842041015625,
                    25.446558952331543
                  ],
                  "autoUv":false
                },
                "down":{
                  "texture":"#metal",
                  "uv":[
                    21.981842041015625,
                    23.397491455078125,
                    18.890918731689453,
                    22.259119033813477
                  ],
                  "autoUv":false
                }
              },
              "children":[]
            },
            {
              "name":"metal12",
              "from":[
                0.0003972053527832031,
                0.09368161857128143,
                -0.22617125511169434
              ],
              "to":[
                1.8245905637741089,
                0.5460245162248611,
                0.22617171704769135
              ],
              "rotationOrigin":[
                0.9124938249588013,
                0.3198530673980713,
                2.384185791015625e-07
              ],
              "rotationX":44.99990221449612,
              "group":"Scene Collection",
              "faces":{
                "north":{
                  "texture":"#metal",
                  "uv":[
                    21.264982223510742,
                    12.049520492553711,
                    22.209213256835938,
                    15.254262924194336
                  ],
                  "autoUv":false,
                  "rotation":270
                },
                "east":{
                  "texture":"#metal",
                  "uv":[
                    15.0748872756958,
                    18.33497905731201,
                    16.363306045532227,
                    18.33497905731201
                  ],
                  "autoUv":false,
                  "rotation":90
                },
                "south":{
                  "texture":"#metal",
                  "uv":[
                    23.389495849609375,
                    12.049520492553711,
                    24.333724975585938,
                    15.254262924194336
                  ],
                  "autoUv":false,
                  "rotation":90
                },
                "west":{
                  "texture":"#metal",
                  "uv":[
                    15.719101905822754,
                    17.690762519836426,
                    15.719101905822754,
                    18.979188919067383
                  ],
                  "autoUv":false
                },
                "up":{
                  "texture":"#metal",
                  "uv":[
                    22.209213256835938,
                    12.049520492553711,
                    23.389495849609375,
                    15.254262924194336
                  ],
                  "autoUv":false,
                  "rotation":90
                },
                "down":{
                  "texture":"#metal",
                  "uv":[
                    12.616975784301758,
                    17.724873542785645,
                    13.266134262084961,
                    14.022567749023438
                  ],
                  "autoUv":false,
                  "rotation":90
                }
              },
              "children":[]
            },
            {
              "name":"metal13",
              "from":[
                -2.0265579223632812e-06,
                0.31985751579304633,
                1.8667174577713013
              ],
              "to":[
                1.824991524219513,
                1.6793548245241254,
                2.319060429930687
              ],
              "rotationOrigin":[
                0.9124947786331177,
                0.9996061701585859,
                2.0928889513015747
              ],
              "rotationX":1.3660378340025502e-05,
              "group":"Scene Collection",
              "faces":{
                "north":{
                  "texture":"#metal",
                  "uv":[
                    0.8502521514892578,
                    19.39137363433838,
                    4.03172492980957,
                    22.207393646240234
                  ],
                  "autoUv":false,
                  "rotation":180
                },
                "east":{
                  "texture":"#metal",
                  "uv":[
                    11.048320770263672,
                    15.596841812133789,
                    11.959375381469727,
                    18.33497905731201
                  ],
                  "autoUv":false
                },
                "south":{
                  "texture":"#metal",
                  "uv":[
                    11.172477722167969,
                    14.246469497680664,
                    14.834625244140625,
                    16.974525451660156
                  ],
                  "autoUv":false
                },
                "west":{
                  "texture":"#metal",
                  "uv":[
                    11.959375381469727,
                    15.596841812133789,
                    11.048320770263672,
                    18.334975242614746
                  ],
                  "autoUv":false
                },
                "up":{
                  "texture":"#metal",
                  "uv":[
                    0.8502521514892578,
                    22.207393646240234,
                    4.03172492980957,
                    23.378600120544434
                  ],
                  "autoUv":false
                },
                "down":{
                  "texture":"#metal",
                  "uv":[
                    4.031732559204102,
                    19.39137554168701,
                    0.8502521514892578,
                    18.220165252685547
                  ],
                  "autoUv":false
                }
              },
              "children":[]
            },
            {
              "name":"metal14",
              "from":[
                -2.0265579223632812e-06,
                0.3198526327651052,
                -0.31985318660736084
              ],
              "to":[
                1.824991524219513,
                1.6793499414961843,
                0.13248978555202484
              ],
              "rotationOrigin":[
                0.9124947786331177,
                0.9996012871306448,
                -0.0936816930770874
              ],
              "rotationX":1.3660378340025502e-05,
              "group":"Scene Collection",
              "faces":{
                "north":{
                  "texture":"#metal",
                  "uv":[
                    14.834625244140625,
                    14.246469497680664,
                    11.172477722167969,
                    16.974525451660156
                  ],
                  "autoUv":false
                },
                "east":{
                  "texture":"#metal",
                  "uv":[
                    15.452248573303223,
                    15.596841812133789,
                    16.363306045532227,
                    18.33497905731201
                  ],
                  "autoUv":false
                },
                "south":{
                  "texture":"#metal",
                  "uv":[
                    4.980542182922363,
                    19.391377449035645,
                    8.162019729614258,
                    22.207393646240234
                  ],
                  "autoUv":false
                },
                "west":{
                  "texture":"#metal",
                  "uv":[
                    16.363306045532227,
                    15.596841812133789,
                    15.45225715637207,
                    18.334975242614746
                  ],
                  "autoUv":false
                },
                "up":{
                  "texture":"#metal",
                  "uv":[
                    4.980542182922363,
                    18.220169067382812,
                    8.162019729614258,
                    19.391377449035645
                  ],
                  "autoUv":false
                },
                "down":{
                  "texture":"#metal",
                  "uv":[
                    8.162019729614258,
                    23.3786039352417,
                    4.980542182922363,
                    22.207393646240234
                  ],
                  "autoUv":false
                }
              },
              "children":[]
            },
            {
              "name":"metal15",
              "from":[
                -0.304332971572876,
                0.7635973710566759,
                -1.1598504185676575
              ],
              "to":[
                1.6238656044006348,
                1.266418369486928,
                0.4290204644203186
              ],
              "rotationOrigin":[
                0.6597663164138794,
                1.0150078851729631,
                -0.36541497707366943
              ],
              "rotationX":89.99990005164062,
              "rotationY":-7.835968699822848e-07,
              "rotationZ":106.05804362055578,
              "group":"Scene Collection",
              "faces":{
                "north":{
                  "texture":"#metal",
                  "uv":[
                    7.441995620727539,
                    12.217300415039062,
                    11.038717269897461,
                    13.578857421875
                  ],
                  "autoUv":false,
                  "rotation":180
                },
                "east":{
                  "texture":"#metal",
                  "uv":[
                    31.18624496459961,
                    27.27345371246338,
                    28.34174346923828,
                    28.40075945854187
                  ],
                  "autoUv":false
                },
                "south":{
                  "texture":"#metal",
                  "uv":[
                    11.038717269897461,
                    12.217300415039062,
                    7.441995620727539,
                    13.578857421875
                  ],
                  "autoUv":false,
                  "rotation":180
                },
                "west":{
                  "texture":"#metal",
                  "uv":[
                    31.186248779296875,
                    21.82319164276123,
                    28.34174346923828,
                    22.950499534606934
                  ],
                  "autoUv":false,
                  "rotation":180
                },
                "up":{
                  "texture":"#metal",
                  "uv":[
                    11.27797794342041,
                    10.84604263305664,
                    14.72182559967041,
                    13.231395721435547
                  ],
                  "autoUv":false
                },
                "down":{
                  "texture":"#metal",
                  "uv":[
                    11.488557815551758,
                    18.767921447753906,
                    7.631253242492676,
                    15.56781005859375
                  ],
                  "autoUv":false,
                  "rotation":180
                }
              },
              "children":[]
            },
            {
              "name":"metal16",
              "from":[
                0.6848452091217041,
                0.45048744697123766,
                -1.9259587526321411
              ],
              "to":[
                1.5418262481689453,
                1.5795248271897435,
                -0.7969216108322144
              ],
              "rotationOrigin":[
                1.1133357286453247,
                1.0150061370804906,
                -1.3614401817321777
              ],
              "rotationX":45.000018327712006,
              "group":"Scene Collection",
              "faces":{
                "north":{
                  "texture":"#metal",
                  "uv":[
                    6.04737663269043,
                    11.671630859375,
                    7.441995620727539,
                    13.1820068359375
                  ],
                  "autoUv":false,
                  "rotation":270
                },
                "east":{
                  "texture":"#metal",
                  "uv":[
                    12.32717227935791,
                    10.84604263305664,
                    10.228788375854492,
                    13.23139762878418
                  ],
                  "autoUv":false,
                  "rotation":90
                },
                "south":{
                  "texture":"#metal",
                  "uv":[
                    24.495601654052734,
                    3.606525421142578,
                    27.83722496032715,
                    8.83749771118164
                  ],
                  "autoUv":false
                },
                "west":{
                  "texture":"#metal",
                  "uv":[
                    10.228788375854492,
                    10.84604263305664,
                    12.327176094055176,
                    13.231395721435547
                  ],
                  "autoUv":false,
                  "rotation":270
                },
                "up":{
                  "texture":"#metal",
                  "uv":[
                    12.81939697265625,
                    14.038869857788086,
                    17.676637649536133,
                    17.725683212280273
                  ],
                  "autoUv":false,
                  "rotation":90
                },
                "down":{
                  "texture":"#metal",
                  "uv":[
                    6.04737663269043,
                    13.1820068359375,
                    7.441995620727539,
                    11.671630859375
                  ],
                  "autoUv":false,
                  "rotation":90
                }
              },
              "children":[]
            },
            {
              "name":"metal17",
              "from":[
                0.684846043586731,
                0.21665690653026104,
                -1.3614394664764404
              ],
              "to":[
                1.5458041429519653,
                1.8133557867258787,
                -1.7881393432617188e-06
              ],
              "rotationOrigin":[
                1.1153250932693481,
                1.0150063466280699,
                -0.6807206869125366
              ],
              "rotationX":179.99986840517295,
              "group":"Scene Collection",
              "faces":{
                "north":{
                  "texture":"#metal",
                  "uv":[
                    27.776674270629883,
                    7.043764114379883,
                    31.133792877197266,
                    14.441484451293945
                  ],
                  "autoUv":false
                },
                "east":{
                  "texture":"#metal",
                  "uv":[
                    13.808293342590332,
                    10.84604263305664,
                    11.277981758117676,
                    13.231395721435547
                  ],
                  "autoUv":false,
                  "rotation":180
                },
                "south":{
                  "texture":"#metal",
                  "uv":[
                    24.495601654052734,
                    2.6450138092041016,
                    27.852733612060547,
                    10.042724609375
                  ],
                  "autoUv":false
                },
                "west":{
                  "texture":"#metal",
                  "uv":[
                    17.504915237426758,
                    13.623306274414062,
                    11.692536354064941,
                    20.4400691986084
                  ],
                  "autoUv":false
                },
                "up":{
                  "texture":"#metal",
                  "uv":[
                    9.928659439086914,
                    11.671630859375,
                    7.441995620727539,
                    13.1820068359375
                  ],
                  "autoUv":false,
                  "rotation":90
                },
                "down":{
                  "texture":"#metal",
                  "uv":[
                    9.928659439086914,
                    13.1820068359375,
                    7.441995620727539,
                    11.671630859375
                  ],
                  "autoUv":false,
                  "rotation":90
                }
              },
              "children":[]
            },
            {
              "name":"metal18",
              "from":[
                -0.6419017314910889,
                0.004015426431578817,
                0.3579175552295055
              ],
              "to":[
                0.6423368453979492,
                1.9951923892840568,
                1.6416468700335827
              ],
              "rotationOrigin":[
                0.00021755695343017578,
                0.9996039674624626,
                0.9997822126315441
              ],
              "rotationX":179.99986840517295,
              "rotationY":-44.999994422049916,
              "rotationZ":-1.3771504070818842e-07,
              "group":"Scene Collection",
              "faces":{
                "north":{
                  "texture":"#metal",
                  "uv":[
                    27.776676177978516,
                    8.500049591064453,
                    31.13379669189453,
                    15.277862548828125
                  ],
                  "autoUv":false
                },
                "east":{
                  "texture":"#metal",
                  "uv":[
                    11.692537307739258,
                    14.96522331237793,
                    15.719100952148438,
                    21.21077060699463
                  ],
                  "autoUv":false
                },
                "south":{
                  "texture":"#metal",
                  "uv":[
                    24.495601654052734,
                    4.101297378540039,
                    27.852737426757812,
                    10.879104614257812
                  ],
                  "autoUv":false
                },
                "west":{
                  "texture":"#metal",
                  "uv":[
                    15.71910285949707,
                    14.96522331237793,
                    11.692536354064941,
                    21.21077060699463
                  ],
                  "autoUv":false
                },
                "up":{
                  "texture":"#metal",
                  "uv":[
                    18.498313903808594,
                    16.24133586883545,
                    20.28095245361328,
                    18.695281982421875
                  ],
                  "autoUv":false,
                  "rotation":90
                },
                "down":{
                  "texture":"#metal",
                  "uv":[
                    18.498313903808594,
                    18.695281982421875,
                    20.28095245361328,
                    16.24133586883545
                  ],
                  "autoUv":false,
                  "rotation":90
                }
              },
              "children":[]
            },
            {
              "name":"metal2",
              "from":[
                -0.533164381980896,
                0.6821599304676056,
                5.525157988071442
              ],
              "to":[
                2.0420432090759277,
                1.1833778321743011,
                6.797483861446381
              ],
              "rotationOrigin":[
                0.7544394731521606,
                0.9327688813209534,
                6.161320924758911
              ],
              "rotationX":-93.52804792778905,
              "rotationY":0.7172783454652657,
              "rotationZ":-101.4774045744434,
              "group":"Scene Collection",
              "faces":{
                "north":{
                  "texture":"#metal",
                  "uv":[
                    21.045330047607422,
                    11.671630859375,
                    16.388486862182617,
                    13.164073944091797
                  ],
                  "autoUv":false
                },
                "east":{
                  "texture":"#metal",
                  "uv":[
                    11.984474182128906,
                    14.314807891845703,
                    13.009293556213379,
                    16.880823135375977
                  ],
                  "autoUv":false,
                  "rotation":270
                },
                "south":{
                  "texture":"#metal",
                  "uv":[
                    13.874594688415527,
                    21.36617660522461,
                    14.878067970275879,
                    26.52190589904785
                  ],
                  "autoUv":false,
                  "rotation":270
                },
                "west":{
                  "texture":"#metal",
                  "uv":[
                    13.874602317810059,
                    18.81890106201172,
                    14.878067970275879,
                    21.36617660522461
                  ],
                  "autoUv":false,
                  "rotation":270
                },
                "up":{
                  "texture":"#metal",
                  "uv":[
                    24.608156204223633,
                    11.31479263305664,
                    19.951580047607422,
                    13.23139762878418
                  ],
                  "autoUv":false,
                  "rotation":180
                },
                "down":{
                  "texture":"#metal",
                  "uv":[
                    24.608156204223633,
                    13.231399536132812,
                    19.951580047607422,
                    10.84604263305664
                  ],
                  "autoUv":false
                }
              },
              "children":[]
            },
            {
              "name":"metal3",
              "from":[
                -0.5352028608322144,
                0.8401511907577515,
                5.524376809597015
              ],
              "to":[
                2.040007710456848,
                1.3429722487926483,
                6.7967029213905334
              ],
              "rotationOrigin":[
                0.7524024248123169,
                1.091561734676361,
                6.160539865493774
              ],
              "rotationX":93.62584940651446,
              "rotationY":0.7371670025546966,
              "rotationZ":101.47672838571557,
              "group":"Scene Collection",
              "faces":{
                "north":{
                  "texture":"#metal",
                  "uv":[
                    16.388486862182617,
                    11.671630859375,
                    21.045330047607422,
                    13.164073944091797
                  ],
                  "autoUv":false,
                  "rotation":180
                },
                "east":{
                  "texture":"#metal",
                  "uv":[
                    12.129283905029297,
                    18.81890106201172,
                    13.135965347290039,
                    21.36617660522461
                  ],
                  "autoUv":false,
                  "rotation":90
                },
                "south":{
                  "texture":"#metal",
                  "uv":[
                    4.505313873291016,
                    10.705291748046875,
                    9.617105484008789,
                    11.703784942626953
                  ],
                  "autoUv":false,
                  "rotation":180
                },
                "west":{
                  "texture":"#metal",
                  "uv":[
                    13.009592056274414,
                    14.312551498413086,
                    11.981592178344727,
                    16.878560066223145
                  ],
                  "autoUv":false,
                  "rotation":270
                },
                "up":{
                  "texture":"#metal",
                  "uv":[
                    19.951580047607422,
                    10.84604263305664,
                    24.608156204223633,
                    13.231399536132812
                  ],
                  "autoUv":false
                },
                "down":{
                  "texture":"#metal",
                  "uv":[
                    19.951580047607422,
                    13.23139762878418,
                    24.608156204223633,
                    11.31479263305664
                  ],
                  "autoUv":false,
                  "rotation":180
                }
              },
              "children":[]
            },
            {
              "name":"metal4",
              "from":[
                0.4948572516441345,
                0.7636053208261728,
                3.5570729970932007
              ],
              "to":[
                1.6989849209785461,
                1.2664263788610697,
                5.153771996498108
              ],
              "rotationOrigin":[
                1.0969210863113403,
                1.0150158647447824,
                4.355422496795654
              ],
              "rotationX":-89.9999273723973,
              "rotationY":9.143419922726391e-07,
              "rotationZ":81.00000566912493,
              "group":"Scene Collection",
              "faces":{
                "north":{
                  "texture":"#metal",
                  "uv":[
                    16.388486862182617,
                    11.671630859375,
                    14.132062911987305,
                    13.164073944091797
                  ],
                  "autoUv":false,
                  "rotation":180
                },
                "east":{
                  "texture":"#metal",
                  "uv":[
                    5.686784267425537,
                    6.179267883300781,
                    8.545949935913086,
                    7.306829452514648
                  ],
                  "autoUv":false,
                  "rotation":180
                },
                "south":{
                  "texture":"#metal",
                  "uv":[
                    14.132062911987305,
                    11.671630859375,
                    16.388486862182617,
                    13.164073944091797
                  ],
                  "autoUv":false,
                  "rotation":180
                },
                "west":{
                  "texture":"#metal",
                  "uv":[
                    5.686784267425537,
                    10.00705337524414,
                    8.545949935913086,
                    11.134618759155273
                  ],
                  "autoUv":false
                },
                "up":{
                  "texture":"#metal",
                  "uv":[
                    5.686784267425537,
                    7.306829452514648,
                    8.545949935913086,
                    10.00705337524414
                  ],
                  "autoUv":false,
                  "rotation":90
                },
                "down":{
                  "texture":"#metal",
                  "uv":[
                    17.88097381591797,
                    13.23139762878418,
                    19.951580047607422,
                    10.84604263305664
                  ],
                  "autoUv":false
                }
              },
              "children":[]
            },
            {
              "name":"metal6",
              "from":[
                0.27113157510757446,
                0.6399460155516863,
                2.1327176094055176
              ],
              "to":[
                1.9654390215873718,
                1.3900812286883593,
                3.729416608810425
              ],
              "rotationOrigin":[
                1.1182852983474731,
                1.015013637021184,
                2.931067109107971
              ],
              "rotationX":-89.99991371201895,
              "rotationY":-8.14126785369716e-07,
              "rotationZ":86.40004201939622,
              "group":"Scene Collection",
              "faces":{
                "north":{
                  "texture":"#metal",
                  "uv":[
                    14.132062911987305,
                    11.671630859375,
                    11.038717269897461,
                    13.164073944091797
                  ],
                  "autoUv":false,
                  "rotation":180
                },
                "east":{
                  "texture":"#metal",
                  "uv":[
                    11.687801361083984,
                    14.70899772644043,
                    14.548439025878906,
                    16.372626304626465
                  ],
                  "autoUv":false
                },
                "south":{
                  "texture":"#metal",
                  "uv":[
                    11.038717269897461,
                    11.671630859375,
                    14.132062911987305,
                    13.164073944091797
                  ],
                  "autoUv":false,
                  "rotation":180
                },
                "west":{
                  "texture":"#metal",
                  "uv":[
                    11.687801361083984,
                    9.243925094604492,
                    14.548439025878906,
                    10.907564163208008
                  ],
                  "autoUv":false,
                  "rotation":180
                },
                "up":{
                  "texture":"#metal",
                  "uv":[
                    11.687801361083984,
                    10.907564163208008,
                    14.548439025878906,
                    14.70899772644043
                  ],
                  "autoUv":false,
                  "rotation":270
                },
                "down":{
                  "texture":"#metal",
                  "uv":[
                    14.738213539123535,
                    13.23139762878418,
                    17.88097381591797,
                    10.84604263305664
                  ],
                  "autoUv":false
                }
              },
              "children":[]
            },
            {
              "name":"metal7",
              "from":[
                0.29103386402130127,
                0.7670793030411005,
                3.5552870631217957
              ],
              "to":[
                1.59662926197052,
                1.2629522923380136,
                5.142341911792755
              ],
              "rotationOrigin":[
                0.9438315629959106,
                1.0150157902389765,
                4.348814487457275
              ],
              "rotationX":-89.99995469315398,
              "rotationY":-9.75006416489502e-08,
              "rotationZ":94.0000208296261,
              "group":"Scene Collection",
              "faces":{
                "north":{
                  "texture":"#metal",
                  "uv":[
                    16.388486862182617,
                    11.671630859375,
                    14.132062911987305,
                    13.164073944091797
                  ],
                  "autoUv":false,
                  "rotation":180
                },
                "east":{
                  "texture":"#metal",
                  "uv":[
                    2.689155101776123,
                    10.204950332641602,
                    5.531057357788086,
                    11.31692886352539
                  ],
                  "autoUv":false,
                  "rotation":180
                },
                "south":{
                  "texture":"#metal",
                  "uv":[
                    14.132062911987305,
                    11.671630859375,
                    16.388486862182617,
                    13.164073944091797
                  ],
                  "autoUv":false,
                  "rotation":180
                },
                "west":{
                  "texture":"#metal",
                  "uv":[
                    2.689155101776123,
                    6.392740249633789,
                    5.531057357788086,
                    7.504718780517578
                  ],
                  "autoUv":false
                },
                "up":{
                  "texture":"#metal",
                  "uv":[
                    17.722633361816406,
                    10.84604263305664,
                    19.951580047607422,
                    13.23139762878418
                  ],
                  "autoUv":false,
                  "rotation":180
                },
                "down":{
                  "texture":"#metal",
                  "uv":[
                    5.531056880950928,
                    10.204948425292969,
                    2.689154863357544,
                    7.504718780517578
                  ],
                  "autoUv":false,
                  "rotation":270
                }
              },
              "children":[]
            },
            {
              "name":"metal8",
              "from":[
                -0.1531679630279541,
                0.763601285405457,
                2.231139361858368
              ],
              "to":[
                1.7750306129455566,
                1.266422283835709,
                3.8271177411079407
              ],
              "rotationOrigin":[
                0.8109313249588013,
                1.0150117697194219,
                3.0291285514831543
              ],
              "rotationX":-89.99996152334315,
              "rotationY":5.560490978511554e-07,
              "rotationZ":96.60005528059651,
              "group":"Scene Collection",
              "faces":{
                "north":{
                  "texture":"#metal",
                  "uv":[
                    14.590444564819336,
                    12.217300415039062,
                    11.038717269897461,
                    13.560924530029297
                  ],
                  "autoUv":false,
                  "rotation":180
                },
                "east":{
                  "texture":"#metal",
                  "uv":[
                    28.128292083740234,
                    21.823190689086914,
                    30.985515594482422,
                    22.950499534606934
                  ],
                  "autoUv":false
                },
                "south":{
                  "texture":"#metal",
                  "uv":[
                    11.038717269897461,
                    12.217300415039062,
                    14.590444564819336,
                    13.560924530029297
                  ],
                  "autoUv":false,
                  "rotation":180
                },
                "west":{
                  "texture":"#metal",
                  "uv":[
                    28.128292083740234,
                    27.27345371246338,
                    30.985515594482422,
                    28.40075969696045
                  ],
                  "autoUv":false,
                  "rotation":180
                },
                "up":{
                  "texture":"#metal",
                  "uv":[
                    14.72182559967041,
                    10.84604263305664,
                    18.28174591064453,
                    13.23139762878418
                  ],
                  "autoUv":false,
                  "rotation":180
                },
                "down":{
                  "texture":"#metal",
                  "uv":[
                    30.985515594482422,
                    27.27345371246338,
                    28.128292083740234,
                    22.950499534606934
                  ],
                  "autoUv":false,
                  "rotation":90
                }
              },
              "children":[]
            },
            {
              "name":"metal9",
              "from":[
                0.0003972053527832031,
                1.4531833678483963,
                1.7730303406715393
              ],
              "to":[
                1.8245905637741089,
                1.9055263251066208,
                2.225373312830925
              ],
              "rotationOrigin":[
                0.9124938249588013,
                1.6793548464775085,
                1.9992018342018127
              ],
              "rotationX":44.99990221449612,
              "group":"Scene Collection",
              "faces":{
                "north":{
                  "texture":"#metal",
                  "uv":[
                    23.389495849609375,
                    22.409573554992676,
                    24.333724975585938,
                    25.614309310913086
                  ],
                  "autoUv":false,
                  "rotation":270
                },
                "east":{
                  "texture":"#metal",
                  "uv":[
                    11.048320770263672,
                    15.596841812133789,
                    12.336753845214844,
                    15.596841812133789
                  ],
                  "autoUv":false,
                  "rotation":90
                },
                "south":{
                  "texture":"#metal",
                  "uv":[
                    21.264982223510742,
                    22.409573554992676,
                    22.209213256835938,
                    25.614309310913086
                  ],
                  "autoUv":false,
                  "rotation":90
                },
                "west":{
                  "texture":"#metal",
                  "uv":[
                    11.692537307739258,
                    14.952630996704102,
                    11.692537307739258,
                    16.241052627563477
                  ],
                  "autoUv":false
                },
                "up":{
                  "texture":"#metal",
                  "uv":[
                    17.323646545410156,
                    14.022567749023438,
                    17.972808837890625,
                    17.724873542785645
                  ],
                  "autoUv":false,
                  "rotation":90
                },
                "down":{
                  "texture":"#metal",
                  "uv":[
                    23.389495849609375,
                    25.614309310913086,
                    22.209213256835938,
                    22.409573554992676
                  ],
                  "autoUv":false,
                  "rotation":90
                }
              },
              "children":[]
            }
          ]
        }
      ]
    }
  ],
  "groups":[]
}