{
	"editor": {
		"allAngles": false,
		"singleTexture": false
	},
	"textureWidth": 16,
	"textureHeight": 16,
	"textures": {
		"string": "item/tool/material/string",
		"material": "block/metal/ingot/copper",
		"handle": "item/tool/material/handle"
  },
  "textureSizes":{
    "string":[
      32,
      32
    ],
    "handle":[
      32,
      32
    ],
    "metal":[
      32,
      32
    ]
  },
  "elements":[
    {
      "name":"origin",
      "from":[
        10.0,
        0.5,
        7.699999988079071
      ],
      "to":[
        10.0,
        0.5,
        7.699999988079071
      ],
      "rotationOrigin":[
        8.0,
        0.0,
        8.0
      ],
      "group":"Scene Collection",
      "faces":{
        "north":{
          "texture":"#0",
          "uv":[
            0,
            0,
            4,
            4
          ],
          "autoUv":false
        },
        "east":{
          "texture":"#0",
          "uv":[
            0,
            0,
            4,
            4
          ],
          "autoUv":false
        },
        "south":{
          "texture":"#0",
          "uv":[
            0,
            0,
            4,
            4
          ],
          "autoUv":false
        },
        "west":{
          "texture":"#0",
          "uv":[
            0,
            0,
            4,
            4
          ],
          "autoUv":false
        },
        "up":{
          "texture":"#string",
          "uv":[
            0.003740001702681184,
            0.008661270141601562,
            1.0037399530410767,
            1.0086612701416016
          ],
          "autoUv":false,
          "rotation":180
        },
        "down":{
          "texture":"#0",
          "uv":[
            0,
            0,
            4,
            4
          ],
          "autoUv":false
        }
      },
      "children":[
        {
          "name":"handle",
          "from":[
            -8.0,
            -0.4637317657470703,
            -0.5000001788139343
          ],
          "to":[
            2.4675674438476562,
            0.9587850570678711,
            0.9999998211860657
          ],
          "rotationOrigin":[
            -9.5,
            -8.0,
            -1.7881393432617188e-07
          ],
          "group":"Scene Collection",
          "faces":{
            "north":{
              "texture":"#handle",
              "uv":[
                10.064863204956055,
                11.082429885864258,
                31.000003814697266,
                13.927461624145508
              ],
              "autoUv":false
            },
            "east":{
              "texture":"#handle",
              "uv":[
                1.0,
                1.0824298858642578,
                3.999999761581421,
                3.9274635314941406
              ],
              "autoUv":false
            },
            "south":{
              "texture":"#handle",
              "uv":[
                0.0,
                21.082429885864258,
                20.935138702392578,
                23.927462577819824
              ],
              "autoUv":false
            },
            "west":{
              "texture":"#handle",
              "uv":[
                28.000001907348633,
                20.082429885864258,
                31.0,
                22.92746353149414
              ],
              "autoUv":false
            },
            "up":{
              "texture":"#handle",
              "uv":[
                0.0,
                9.0,
                20.935136795043945,
                12.0
              ],
              "autoUv":false
            },
            "down":{
              "texture":"#handle",
              "uv":[
                31.0,
                13.0,
                10.064863204956055,
                10.0
              ],
              "autoUv":false,
              "rotation":180
            }
          },
          "children":[]
        },
        {
          "name":"handle2",
          "from":[
            2.265526294708252,
            17.797632217407227,
            2.730294495820999
          ],
          "to":[
            3.260119915008545,
            19.214699745178223,
            3.744557559490204
          ],
          "rotationOrigin":[
            -2.550931453704834,
            9.37719440460205,
            2.410729229450226
          ],
          "rotationX":-179.9999230466863,
          "rotationY":-19.750016202110668,
          "rotationZ":-1.7599595767657127e-06,
          "group":"Scene Collection",
          "faces":{
            "north":{
              "texture":"#handle",
              "uv":[
                18.89479637145996,
                11.32160758972168,
                20.871957778930664,
                14.171670913696289
              ],
              "autoUv":false
            },
            "east":{
              "texture":"#handle",
              "uv":[
                1.1771202087402344,
                2.42938232421875,
                4.844511032104492,
                7.55323600769043
              ],
              "autoUv":false
            },
            "south":{
              "texture":"#handle",
              "uv":[
                4.620992660522461,
                11.054357528686523,
                2.686494827270508,
                13.982833862304688
              ],
              "autoUv":false,
              "rotation":180
            },
            "west":{
              "texture":"#handle",
              "uv":[
                25.551908493041992,
                21.312569618225098,
                27.57996940612793,
                24.146052837371826
              ],
              "autoUv":false
            },
            "up":{
              "texture":"#handle",
              "uv":[
                18.02279281616211,
                13.18121337890625,
                21.404483795166016,
                16.629779815673828
              ],
              "autoUv":false,
              "rotation":180
            },
            "down":{
              "texture":"#handle",
              "uv":[
                20.129962921142578,
                25.892333984375,
                16.74565887451172,
                22.44110107421875
              ],
              "autoUv":false,
              "rotation":180
            }
          },
          "children":[]
        },
        {
          "name":"handle3",
          "from":[
            -8.361982822418213,
            -0.46030139923095703,
            -3.245713770389557
          ],
          "to":[
            -7.36738920211792,
            0.9567680358886719,
            -2.231450706720352
          ],
          "rotationOrigin":[
            -2.550931453704834,
            9.37719440460205,
            -1.9118854403495789
          ],
          "rotationX":8.697120744402237e-05,
          "rotationY":160.24998026910922,
          "rotationZ":0.00010427405674745472,
          "group":"Scene Collection",
          "faces":{
            "north":{
              "texture":"#handle",
              "uv":[
                20.935144424438477,
                20.998988151550293,
                22.869632720947266,
                23.927465438842773
              ],
              "autoUv":false
            },
            "east":{
              "texture":"#handle",
              "uv":[
                1.177120566368103,
                2.4294166564941406,
                4.844510078430176,
                7.553272247314453
              ],
              "autoUv":false,
              "rotation":180
            },
            "south":{
              "texture":"#handle",
              "uv":[
                14.645196914672852,
                26.693994998931885,
                16.57634925842285,
                29.617321491241455
              ],
              "autoUv":false,
              "rotation":180
            },
            "west":{
              "texture":"#handle",
              "uv":[
                24.32289695739746,
                25.742177486419678,
                26.352819442749023,
                28.578260898590088
              ],
              "autoUv":false,
              "rotation":180
            },
            "up":{
              "texture":"#handle",
              "uv":[
                21.404483795166016,
                17.26434326171875,
                18.02279281616211,
                20.712909698486328
              ],
              "autoUv":false,
              "rotation":180
            },
            "down":{
              "texture":"#handle",
              "uv":[
                23.294105529785156,
                31.764301300048828,
                19.697677612304688,
                28.09674835205078
              ],
              "autoUv":false,
              "rotation":180
            }
          },
          "children":[]
        },
        {
          "name":"handle4",
          "from":[
            2.467566967010498,
            17.786044120788574,
            -0.25472038984298706
          ],
          "to":[
            5.999233722686768,
            19.22147846221924,
            1.8598108887672424
          ],
          "rotationOrigin":[
            -0.30600452423095703,
            9.37719440460205,
            0.525982677936554
          ],
          "rotationX":-179.99990938630796,
          "group":"Scene Collection",
          "faces":{
            "north":{
              "texture":"#handle",
              "uv":[
                21.261882781982422,
                21.027060508728027,
                28.313528060913086,
                23.89317798614502
              ],
              "autoUv":false,
              "rotation":180
            },
            "east":{
              "texture":"#handle",
              "uv":[
                1.177120566368103,
                2.4048690795898438,
                8.822880744934082,
                7.595134735107422
              ],
              "autoUv":false
            },
            "south":{
              "texture":"#handle",
              "uv":[
                10.064863204956055,
                11.082429885864258,
                3.013218879699707,
                13.948549270629883
              ],
              "autoUv":false,
              "rotation":180
            },
            "west":{
              "texture":"#handle",
              "uv":[
                25.137178421020508,
                25.315731525421143,
                29.362817764282227,
                28.18427324295044
              ],
              "autoUv":false
            },
            "up":{
              "texture":"#handle",
              "uv":[
                2.972644329071045,
                9.391117095947266,
                10.035909652709961,
                13.620136260986328
              ],
              "autoUv":false,
              "rotation":180
            },
            "down":{
              "texture":"#handle",
              "uv":[
                31.777315139770508,
                12.622509002685547,
                23.539968490600586,
                8.45614242553711
              ],
              "autoUv":false,
              "rotation":180
            }
          },
          "children":[]
        },
        {
          "name":"handle5",
          "from":[
            6.4237436056137085,
            17.81535053253174,
            -0.21485799551010132
          ],
          "to":[
            7.14830470085144,
            19.250784873962402,
            1.8397887349128723
          ],
          "rotationOrigin":[
            5.338065147399902,
            9.406500816345215,
            0.541790783405304
          ],
          "rotationX":-179.99990938630796,
          "rotationY":-2.099998436267896,
          "rotationZ":1.3570412864972377e-07,
          "group":"Scene Collection",
          "faces":{
            "north":{
              "texture":"#handle",
              "uv":[
                16.171133041381836,
                11.051101684570312,
                17.61284065246582,
                13.940811157226562
              ],
              "autoUv":false
            },
            "east":{
              "texture":"#handle",
              "uv":[
                1.3066766262054443,
                2.4048690795898438,
                8.735905647277832,
                7.5951385498046875
              ],
              "autoUv":false
            },
            "south":{
              "texture":"#handle",
              "uv":[
                4.512154579162598,
                27.16221570968628,
                5.9538679122924805,
                30.051923751831055
              ],
              "autoUv":false
            },
            "west":{
              "texture":"#handle",
              "uv":[
                12.737627029418945,
                21.05950927734375,
                16.84983253479004,
                23.932411193847656
              ],
              "autoUv":false
            },
            "up":{
              "texture":"#handle",
              "uv":[
                10.414933204650879,
                24.999335289001465,
                11.856644630432129,
                29.135595321655273
              ],
              "autoUv":false
            },
            "down":{
              "texture":"#handle",
              "uv":[
                17.61284065246582,
                13.441150665283203,
                16.171133041381836,
                9.304887771606445
              ],
              "autoUv":false,
              "rotation":180
            }
          },
          "children":[]
        },
        {
          "name":"handle6",
          "from":[
            -10.768178939819336,
            -0.45752811431884766,
            -0.3155753016471863
          ],
          "to":[
            -7.768178939819336,
            0.9587850570678711,
            1.1844246983528137
          ],
          "rotationOrigin":[
            -12.268178939819336,
            -8.0,
            0.18442469835281372
          ],
          "rotationY":2.054181740758862,
          "group":"Scene Collection",
          "faces":{
            "north":{
              "texture":"#handle",
              "uv":[
                0.0,
                11.082427978515625,
                6.0,
                13.915054321289062
              ],
              "autoUv":false
            },
            "east":{
              "texture":"#handle",
              "uv":[
                1.0,
                1.0824298858642578,
                4.0,
                3.9150562286376953
              ],
              "autoUv":false
            },
            "south":{
              "texture":"#handle",
              "uv":[
                0.0,
                21.082429885864258,
                6.0,
                23.915056228637695
              ],
              "autoUv":false
            },
            "west":{
              "texture":"#handle",
              "uv":[
                28.000001907348633,
                20.082429885864258,
                31.000001907348633,
                22.915056228637695
              ],
              "autoUv":false
            },
            "up":{
              "texture":"#handle",
              "uv":[
                0.0,
                9.0,
                6.0,
                12.0
              ],
              "autoUv":false
            },
            "down":{
              "texture":"#handle",
              "uv":[
                6.0,
                13.0,
                0.0,
                10.0
              ],
              "autoUv":false,
              "rotation":180
            }
          },
          "children":[]
        },
        {
          "name":"segment 1",
          "from":[
            5.011776387691498,
            -0.6953078508377075,
            -0.7370643019676208
          ],
          "to":[
            6.8367698192596436,
            1.3038991689682007,
            1.2621427178382874
          ],
          "rotationOrigin":[
            5.649042129516602,
            0.3042956590652466,
            0.26253920793533325
          ],
          "rotationX":-179.99990938630796,
          "group":"Scene Collection",
          "faces":{
            "north":{
              "texture":"#metal",
              "uv":[
                27.776676177978516,
                8.486383438110352,
                31.133792877197266,
                12.856100082397461
              ],
              "autoUv":false
            },
            "east":{
              "texture":"#metal",
              "uv":[
                9.379752159118652,
                22.823928833007812,
                13.388094902038574,
                26.832263946533203
              ],
              "autoUv":false,
              "rotation":180
            },
            "south":{
              "texture":"#metal",
              "uv":[
                24.495601654052734,
                4.0876312255859375,
                27.852733612060547,
                8.457342147827148
              ],
              "autoUv":false
            },
            "west":{
              "texture":"#metal",
              "uv":[
                13.38808536529541,
                22.823923110961914,
                9.379752159118652,
                26.832268714904785
              ],
              "autoUv":false,
              "rotation":180
            },
            "up":{
              "texture":"#metal",
              "uv":[
                9.20151424407959,
                23.14914035797119,
                13.3444242477417,
                26.931030750274658
              ],
              "autoUv":false,
              "rotation":90
            },
            "down":{
              "texture":"#metal",
              "uv":[
                9.201509475708008,
                26.931030750274658,
                13.344420433044434,
                23.14914035797119
              ],
              "autoUv":false,
              "rotation":90
            }
          },
          "children":[
            {
              "name":"metal1",
              "from":[
                -0.15439975261688232,
                0.9631839981302619,
                6.970371901988983
              ],
              "to":[
                0.7452707290649414,
                1.4616912445053458,
                7.870042622089386
              ],
              "rotationOrigin":[
                0.29543548822402954,
                1.0150151094421744,
                7.420207262039185
              ],
              "rotationX":-134.41914739422643,
              "rotationY":8.104232039858045,
              "rotationZ":-98.18654430025039,
              "group":"Scene Collection",
              "faces":{
                "north":{
                  "texture":"#metal",
                  "uv":[
                    26.054609298706055,
                    25.674578189849854,
                    24.556814193725586,
                    26.42405939102173
                  ],
                  "autoUv":false
                },
                "east":{
                  "texture":"#metal",
                  "uv":[
                    24.76276969909668,
                    25.411750316619873,
                    25.848651885986328,
                    26.686882495880127
                  ],
                  "autoUv":false
                },
                "south":{
                  "texture":"#metal",
                  "uv":[
                    10.230582237243652,
                    8.912906646728516,
                    11.230121612548828,
                    10.71681022644043
                  ],
                  "autoUv":false,
                  "rotation":90
                },
                "west":{
                  "texture":"#metal",
                  "uv":[
                    10.230582237243652,
                    10.71681022644043,
                    11.230121612548828,
                    12.520700454711914
                  ],
                  "autoUv":false,
                  "rotation":90
                },
                "up":{
                  "texture":"#metal",
                  "uv":[
                    24.43556022644043,
                    23.5834903717041,
                    24.43556022644043,
                    26.134462356567383
                  ],
                  "autoUv":false
                },
                "down":{
                  "texture":"#metal",
                  "uv":[
                    22.986413955688477,
                    24.858976364135742,
                    25.486173629760742,
                    24.858975410461426
                  ],
                  "autoUv":false,
                  "rotation":180
                }
              },
              "children":[]
            },
            {
              "name":"metal10",
              "from":[
                0.000398099422454834,
                1.4531796723604202,
                -0.22617392241954803
              ],
              "to":[
                1.8245914280414581,
                1.9055225849151611,
                0.22616897523403168
              ],
              "rotationOrigin":[
                1.5562549233436584,
                1.6793511509895325,
                -2.4437904357910156e-06
              ],
              "rotationX":44.99993636544197,
              "group":"Scene Collection",
              "faces":{
                "north":{
                  "texture":"#metal",
                  "uv":[
                    8.538679122924805,
                    23.14997100830078,
                    9.201509475708008,
                    26.930201530456543
                  ],
                  "autoUv":false,
                  "rotation":270
                },
                "east":{
                  "texture":"#metal",
                  "uv":[
                    8.73845386505127,
                    26.190970420837402,
                    10.021044731140137,
                    26.190970420837402
                  ],
                  "autoUv":false,
                  "rotation":180
                },
                "south":{
                  "texture":"#metal",
                  "uv":[
                    18.890905380249023,
                    12.71923828125,
                    21.981822967529297,
                    13.629936218261719
                  ],
                  "autoUv":false
                },
                "west":{
                  "texture":"#metal",
                  "uv":[
                    9.379752159118652,
                    25.549671173095703,
                    9.379752159118652,
                    26.832266807556152
                  ],
                  "autoUv":false,
                  "rotation":90
                },
                "up":{
                  "texture":"#metal",
                  "uv":[
                    18.890905380249023,
                    11.580869674682617,
                    21.981822967529297,
                    12.71923828125
                  ],
                  "autoUv":false
                },
                "down":{
                  "texture":"#metal",
                  "uv":[
                    21.981822967529297,
                    14.768312454223633,
                    18.890905380249023,
                    13.629936218261719
                  ],
                  "autoUv":false
                }
              },
              "children":[]
            },
            {
              "name":"metal11",
              "from":[
                0.000398099422454834,
                0.09368516504764557,
                1.7730327248573303
              ],
              "to":[
                1.8245914280414581,
                0.5460280627012253,
                2.225375756621361
              ],
              "rotationOrigin":[
                1.5562549233436584,
                0.3198566436767578,
                1.9992042779922485
              ],
              "rotationX":44.99993636544197,
              "group":"Scene Collection",
              "faces":{
                "north":{
                  "texture":"#metal",
                  "uv":[
                    18.890918731689453,
                    23.397491455078125,
                    21.981842041015625,
                    24.30819034576416
                  ],
                  "autoUv":false,
                  "rotation":180
                },
                "east":{
                  "texture":"#metal",
                  "uv":[
                    12.74678897857666,
                    23.46522331237793,
                    14.02938175201416,
                    23.465225219726562
                  ],
                  "autoUv":false,
                  "rotation":270
                },
                "south":{
                  "texture":"#metal",
                  "uv":[
                    14.00723648071289,
                    23.14997100830078,
                    13.344415664672852,
                    26.930201530456543
                  ],
                  "autoUv":false,
                  "rotation":90
                },
                "west":{
                  "texture":"#metal",
                  "uv":[
                    13.388083457946777,
                    22.823925018310547,
                    13.388083457946777,
                    24.106520652770996
                  ],
                  "autoUv":false,
                  "rotation":90
                },
                "up":{
                  "texture":"#metal",
                  "uv":[
                    18.890918731689453,
                    24.30819034576416,
                    21.981842041015625,
                    25.446558952331543
                  ],
                  "autoUv":false
                },
                "down":{
                  "texture":"#metal",
                  "uv":[
                    21.981842041015625,
                    23.397491455078125,
                    18.890918731689453,
                    22.259119033813477
                  ],
                  "autoUv":false
                }
              },
              "children":[]
            },
            {
              "name":"metal12",
              "from":[
                0.000398099422454834,
                0.09368236362934113,
                -0.22617191076278687
              ],
              "to":[
                1.8245914280414581,
                0.5460252612829208,
                0.22617106139659882
              ],
              "rotationOrigin":[
                1.5562549233436584,
                0.31985384225845337,
                -3.5762786865234375e-07
              ],
              "rotationX":44.99993636544197,
              "group":"Scene Collection",
              "faces":{
                "north":{
                  "texture":"#metal",
                  "uv":[
                    21.264982223510742,
                    12.049520492553711,
                    22.209213256835938,
                    15.254262924194336
                  ],
                  "autoUv":false,
                  "rotation":270
                },
                "east":{
                  "texture":"#metal",
                  "uv":[
                    8.73845386505127,
                    23.465225219726562,
                    10.021044731140137,
                    23.465225219726562
                  ],
                  "autoUv":false,
                  "rotation":180
                },
                "south":{
                  "texture":"#metal",
                  "uv":[
                    23.389495849609375,
                    12.049520492553711,
                    24.333724975585938,
                    15.254262924194336
                  ],
                  "autoUv":false,
                  "rotation":90
                },
                "west":{
                  "texture":"#metal",
                  "uv":[
                    9.379752159118652,
                    22.823925018310547,
                    9.379752159118652,
                    24.106520652770996
                  ],
                  "autoUv":false,
                  "rotation":90
                },
                "up":{
                  "texture":"#metal",
                  "uv":[
                    22.209213256835938,
                    12.049520492553711,
                    23.389495849609375,
                    15.254262924194336
                  ],
                  "autoUv":false,
                  "rotation":90
                },
                "down":{
                  "texture":"#metal",
                  "uv":[
                    8.538679122924805,
                    26.930201530456543,
                    9.201509475708008,
                    23.14997100830078
                  ],
                  "autoUv":false,
                  "rotation":90
                }
              },
              "children":[]
            },
            {
              "name":"metal13",
              "from":[
                -1.9669532775878906e-06,
                0.31985674798488617,
                1.8667170256376266
              ],
              "to":[
                1.8249915838241577,
                1.6793540716171265,
                2.3190599977970123
              ],
              "rotationOrigin":[
                1.5562549233436584,
                0.5460282564163208,
                2.092888593673706
              ],
              "group":"Scene Collection",
              "faces":{
                "north":{
                  "texture":"#metal",
                  "uv":[
                    0.8502521514892578,
                    19.39137363433838,
                    4.03172492980957,
                    22.207393646240234
                  ],
                  "autoUv":false,
                  "rotation":180
                },
                "east":{
                  "texture":"#metal",
                  "uv":[
                    13.122452735900879,
                    23.465225219726562,
                    14.029387474060059,
                    26.19096851348877
                  ],
                  "autoUv":false,
                  "rotation":180
                },
                "south":{
                  "texture":"#metal",
                  "uv":[
                    11.172477722167969,
                    14.246469497680664,
                    14.834625244140625,
                    16.974525451660156
                  ],
                  "autoUv":false
                },
                "west":{
                  "texture":"#metal",
                  "uv":[
                    14.029385566711426,
                    23.46522331237793,
                    13.122456550598145,
                    26.190970420837402
                  ],
                  "autoUv":false,
                  "rotation":180
                },
                "up":{
                  "texture":"#metal",
                  "uv":[
                    0.8502521514892578,
                    22.207393646240234,
                    4.03172492980957,
                    23.378600120544434
                  ],
                  "autoUv":false
                },
                "down":{
                  "texture":"#metal",
                  "uv":[
                    4.031732559204102,
                    19.39137554168701,
                    0.8502521514892578,
                    18.220165252685547
                  ],
                  "autoUv":false
                }
              },
              "children":[]
            },
            {
              "name":"metal14",
              "from":[
                -1.9669532775878906e-06,
                0.31985343992710114,
                -0.31985361874103546
              ],
              "to":[
                1.8249915838241577,
                1.6793507635593414,
                0.13248935341835022
              ],
              "rotationOrigin":[
                1.5562549233436584,
                0.5460249483585358,
                -0.09368205070495605
              ],
              "group":"Scene Collection",
              "faces":{
                "north":{
                  "texture":"#metal",
                  "uv":[
                    14.834625244140625,
                    14.246469497680664,
                    11.172477722167969,
                    16.974525451660156
                  ],
                  "autoUv":false
                },
                "east":{
                  "texture":"#metal",
                  "uv":[
                    8.73845386505127,
                    23.465225219726562,
                    9.645390510559082,
                    26.19096851348877
                  ],
                  "autoUv":false,
                  "rotation":180
                },
                "south":{
                  "texture":"#metal",
                  "uv":[
                    4.980542182922363,
                    19.391377449035645,
                    8.162019729614258,
                    22.207393646240234
                  ],
                  "autoUv":false
                },
                "west":{
                  "texture":"#metal",
                  "uv":[
                    9.645386695861816,
                    23.46522331237793,
                    8.7384614944458,
                    26.190970420837402
                  ],
                  "autoUv":false,
                  "rotation":180
                },
                "up":{
                  "texture":"#metal",
                  "uv":[
                    4.980542182922363,
                    18.220169067382812,
                    8.162019729614258,
                    19.391377449035645
                  ],
                  "autoUv":false
                },
                "down":{
                  "texture":"#metal",
                  "uv":[
                    8.162019729614258,
                    23.3786039352417,
                    4.980542182922363,
                    22.207393646240234
                  ],
                  "autoUv":false
                }
              },
              "children":[]
            },
            {
              "name":"metal2",
              "from":[
                -1.4096922278404236,
                0.9169228561222553,
                6.04132467508316
              ],
              "to":[
                1.1655160188674927,
                1.4181407578289509,
                7.313650548458099
              ],
              "rotationOrigin":[
                0.4462743401527405,
                0.9684540517628193,
                6.67748761177063
              ],
              "rotationX":-93.52802060703236,
              "rotationY":0.7172760509485914,
              "rotationZ":-101.47726114047083,
              "group":"Scene Collection",
              "faces":{
                "north":{
                  "texture":"#metal",
                  "uv":[
                    24.76366424560547,
                    25.362139225006104,
                    19.337501525878906,
                    25.406110286712646
                  ],
                  "autoUv":false,
                  "rotation":90
                },
                "east":{
                  "texture":"#metal",
                  "uv":[
                    11.984474182128906,
                    14.314807891845703,
                    13.009293556213379,
                    16.880823135375977
                  ],
                  "autoUv":false,
                  "rotation":270
                },
                "south":{
                  "texture":"#metal",
                  "uv":[
                    13.874594688415527,
                    21.36617660522461,
                    14.878067970275879,
                    26.52190589904785
                  ],
                  "autoUv":false,
                  "rotation":270
                },
                "west":{
                  "texture":"#metal",
                  "uv":[
                    13.874602317810059,
                    18.81890106201172,
                    14.878067970275879,
                    21.36617660522461
                  ],
                  "autoUv":false,
                  "rotation":270
                },
                "up":{
                  "texture":"#metal",
                  "uv":[
                    19.386850357055664,
                    23.259002685546875,
                    24.27946662902832,
                    26.12913990020752
                  ],
                  "autoUv":false
                },
                "down":{
                  "texture":"#metal",
                  "uv":[
                    19.0295467376709,
                    25.804940223693848,
                    24.2360897064209,
                    23.58320426940918
                  ],
                  "autoUv":false,
                  "rotation":180
                }
              },
              "children":[]
            },
            {
              "name":"metal3",
              "from":[
                3.75833660364151,
                0.8832795321941376,
                1.82436865568161
              ],
              "to":[
                6.3335471749305725,
                1.3861006014049053,
                3.096694767475128
              ],
              "rotationOrigin":[
                1.302699625492096,
                1.3331148326396942,
                2.460531711578369
              ],
              "rotationX":93.62586989708197,
              "rotationY":0.737164387872905,
              "rotationZ":101.47683083855313,
              "group":"Scene Collection",
              "faces":{
                "north":{
                  "texture":"#metal",
                  "uv":[
                    19.545827865600586,
                    24.347408771514893,
                    24.556598663330078,
                    26.430206298828125
                  ],
                  "autoUv":false,
                  "rotation":180
                },
                "east":{
                  "texture":"#metal",
                  "uv":[
                    12.129283905029297,
                    18.81890106201172,
                    13.135965347290039,
                    21.36617660522461
                  ],
                  "autoUv":false,
                  "rotation":90
                },
                "south":{
                  "texture":"#metal",
                  "uv":[
                    30.825918197631836,
                    16.020584106445312,
                    25.714126586914062,
                    17.019076347351074
                  ],
                  "autoUv":false,
                  "rotation":180
                },
                "west":{
                  "texture":"#metal",
                  "uv":[
                    13.009592056274414,
                    14.312551498413086,
                    11.981592178344727,
                    16.878560066223145
                  ],
                  "autoUv":false,
                  "rotation":270
                },
                "up":{
                  "texture":"#metal",
                  "uv":[
                    24.074769973754883,
                    23.573020935058594,
                    19.187082290649414,
                    26.451870918273926
                  ],
                  "autoUv":false,
                  "rotation":180
                },
                "down":{
                  "texture":"#metal",
                  "uv":[
                    24.437082290649414,
                    26.118674278259277,
                    19.22675895690918,
                    23.90621852874756
                  ],
                  "autoUv":false
                }
              },
              "children":[]
            },
            {
              "name":"metal4",
              "from":[
                0.2842124104499817,
                0.5651781829074025,
                3.50886332988739
              ],
              "to":[
                1.4883400797843933,
                1.0679992521181703,
                5.105562329292297
              ],
              "rotationOrigin":[
                0.9036594033241272,
                1.0150134833529592,
                4.307212829589844
              ],
              "rotationX":-89.99998201391065,
              "rotationY":9.930622981939831e-07,
              "rotationZ":81.00001932950327,
              "group":"Scene Collection",
              "faces":{
                "north":{
                  "texture":"#metal",
                  "uv":[
                    19.54093360900879,
                    24.338501930236816,
                    16.913362503051758,
                    24.977306365966797
                  ],
                  "autoUv":false,
                  "rotation":180
                },
                "east":{
                  "texture":"#metal",
                  "uv":[
                    5.686784267425537,
                    6.179267883300781,
                    8.545949935913086,
                    7.306829452514648
                  ],
                  "autoUv":false,
                  "rotation":180
                },
                "south":{
                  "texture":"#metal",
                  "uv":[
                    17.076370239257812,
                    23.94815731048584,
                    19.377931594848633,
                    25.367655277252197
                  ],
                  "autoUv":false,
                  "rotation":180
                },
                "west":{
                  "texture":"#metal",
                  "uv":[
                    5.686784267425537,
                    10.00705337524414,
                    8.545949935913086,
                    11.134618759155273
                  ],
                  "autoUv":false
                },
                "up":{
                  "texture":"#metal",
                  "uv":[
                    5.686784267425537,
                    7.306829452514648,
                    8.545949935913086,
                    10.00705337524414
                  ],
                  "autoUv":false,
                  "rotation":90
                },
                "down":{
                  "texture":"#metal",
                  "uv":[
                    19.383333206176758,
                    26.459644317626953,
                    16.998821258544922,
                    23.258319854736328
                  ],
                  "autoUv":false,
                  "rotation":180
                }
              },
              "children":[]
            },
            {
              "name":"metal6",
              "from":[
                0.409919798374176,
                0.5651770578697324,
                2.355279803276062
              ],
              "to":[
                2.1042272448539734,
                1.3153122710064054,
                3.9519788026809692
              ],
              "rotationOrigin":[
                1.0293670296669006,
                1.0150124477222562,
                3.1536293029785156
              ],
              "rotationX":-89.9999478629648,
              "rotationY":4.4030272718878753e-08,
              "rotationZ":86.4000488495854,
              "group":"Scene Collection",
              "faces":{
                "north":{
                  "texture":"#metal",
                  "uv":[
                    17.076364517211914,
                    23.94815731048584,
                    13.474617958068848,
                    25.279113292694092
                  ],
                  "autoUv":false,
                  "rotation":180
                },
                "east":{
                  "texture":"#metal",
                  "uv":[
                    11.687801361083984,
                    14.70899772644043,
                    14.548439025878906,
                    16.372626304626465
                  ],
                  "autoUv":false
                },
                "south":{
                  "texture":"#metal",
                  "uv":[
                    13.572223663330078,
                    23.727693557739258,
                    16.978759765625,
                    25.49957275390625
                  ],
                  "autoUv":false,
                  "rotation":180
                },
                "west":{
                  "texture":"#metal",
                  "uv":[
                    11.687801361083984,
                    9.243925094604492,
                    14.548439025878906,
                    10.907564163208008
                  ],
                  "autoUv":false,
                  "rotation":180
                },
                "up":{
                  "texture":"#metal",
                  "uv":[
                    11.687801361083984,
                    10.907564163208008,
                    14.548439025878906,
                    14.70899772644043
                  ],
                  "autoUv":false,
                  "rotation":270
                },
                "down":{
                  "texture":"#metal",
                  "uv":[
                    16.998821258544922,
                    26.45964813232422,
                    13.608490943908691,
                    23.258319854736328
                  ],
                  "autoUv":false,
                  "rotation":180
                }
              },
              "children":[]
            },
            {
              "name":"metal7",
              "from":[
                0.07508254051208496,
                0.6236442346125841,
                3.4973413348197937
              ],
              "to":[
                1.3806779980659485,
                1.1195172239094973,
                5.084396183490753
              ],
              "rotationOrigin":[
                0.7959972023963928,
                1.0150134582072496,
                4.290868759155273
              ],
              "rotationX":-89.99998884409983,
              "rotationY":2.242843500057731e-06,
              "rotationZ":94.00002765981526,
              "group":"Scene Collection",
              "faces":{
                "north":{
                  "texture":"#metal",
                  "uv":[
                    19.52709197998047,
                    24.368239879608154,
                    16.899810791015625,
                    25.582058429718018
                  ],
                  "autoUv":false,
                  "rotation":180
                },
                "east":{
                  "texture":"#metal",
                  "uv":[
                    2.689155101776123,
                    10.204950332641602,
                    5.531057357788086,
                    11.31692886352539
                  ],
                  "autoUv":false,
                  "rotation":180
                },
                "south":{
                  "texture":"#metal",
                  "uv":[
                    16.828136444091797,
                    24.556971073150635,
                    19.598777770996094,
                    25.393325328826904
                  ],
                  "autoUv":false,
                  "rotation":180
                },
                "west":{
                  "texture":"#metal",
                  "uv":[
                    2.689155101776123,
                    6.392740249633789,
                    5.531057357788086,
                    7.504718780517578
                  ],
                  "autoUv":false
                },
                "up":{
                  "texture":"#metal",
                  "uv":[
                    19.439298629760742,
                    23.26798439025879,
                    16.828006744384766,
                    26.449979782104492
                  ],
                  "autoUv":false
                },
                "down":{
                  "texture":"#metal",
                  "uv":[
                    5.531056880950928,
                    10.204948425292969,
                    2.689154863357544,
                    7.504718780517578
                  ],
                  "autoUv":false,
                  "rotation":270
                }
              },
              "children":[]
            },
            {
              "name":"metal8",
              "from":[
                -0.5155976414680481,
                0.5651752194389701,
                2.10665100812912
              ],
              "to":[
                1.4126009345054626,
                1.0679962253198028,
                3.7026293873786926
              ],
              "rotationOrigin":[
                0.5967794060707092,
                1.0150104006752372,
                2.9046401977539062
              ],
              "rotationX":-89.99998884409983,
              "rotationY":-1.016656925042952e-06,
              "rotationZ":96.60005528059651,
              "group":"Scene Collection",
              "faces":{
                "north":{
                  "texture":"#metal",
                  "uv":[
                    17.403453826904297,
                    24.503382205963135,
                    13.553940773010254,
                    25.997729778289795
                  ],
                  "autoUv":false,
                  "rotation":180
                },
                "east":{
                  "texture":"#metal",
                  "uv":[
                    28.128292083740234,
                    21.823190689086914,
                    30.985515594482422,
                    22.950499534606934
                  ],
                  "autoUv":false
                },
                "south":{
                  "texture":"#metal",
                  "uv":[
                    13.434185981750488,
                    24.962648391723633,
                    17.523225784301758,
                    25.538463592529297
                  ],
                  "autoUv":false,
                  "rotation":180
                },
                "west":{
                  "texture":"#metal",
                  "uv":[
                    28.128292083740234,
                    27.27345371246338,
                    30.985515594482422,
                    28.40075969696045
                  ],
                  "autoUv":false,
                  "rotation":180
                },
                "up":{
                  "texture":"#metal",
                  "uv":[
                    17.43115997314453,
                    23.259037017822266,
                    13.590815544128418,
                    26.45892333984375
                  ],
                  "autoUv":false
                },
                "down":{
                  "texture":"#metal",
                  "uv":[
                    30.985515594482422,
                    27.27345371246338,
                    28.128292083740234,
                    22.950499534606934
                  ],
                  "autoUv":false,
                  "rotation":90
                }
              },
              "children":[]
            },
            {
              "name":"metal9",
              "from":[
                0.000398099422454834,
                1.4531827121973038,
                1.7730306386947632
              ],
              "to":[
                1.8245914280414581,
                1.9055256694555283,
                2.225373610854149
              ],
              "rotationOrigin":[
                1.5562549233436584,
                1.679354190826416,
                1.9992021918296814
              ],
              "rotationX":44.99993636544197,
              "group":"Scene Collection",
              "faces":{
                "north":{
                  "texture":"#metal",
                  "uv":[
                    23.389495849609375,
                    22.409573554992676,
                    24.333724975585938,
                    25.614309310913086
                  ],
                  "autoUv":false,
                  "rotation":270
                },
                "east":{
                  "texture":"#metal",
                  "uv":[
                    12.74678897857666,
                    26.190970420837402,
                    14.02938175201416,
                    26.190970420837402
                  ],
                  "autoUv":false,
                  "rotation":180
                },
                "south":{
                  "texture":"#metal",
                  "uv":[
                    21.264982223510742,
                    22.409573554992676,
                    22.209213256835938,
                    25.614309310913086
                  ],
                  "autoUv":false,
                  "rotation":90
                },
                "west":{
                  "texture":"#metal",
                  "uv":[
                    13.388083457946777,
                    25.549671173095703,
                    13.388083457946777,
                    26.832266807556152
                  ],
                  "autoUv":false,
                  "rotation":90
                },
                "up":{
                  "texture":"#metal",
                  "uv":[
                    13.344415664672852,
                    23.14997100830078,
                    14.00723648071289,
                    26.930201530456543
                  ],
                  "autoUv":false,
                  "rotation":90
                },
                "down":{
                  "texture":"#metal",
                  "uv":[
                    23.389495849609375,
                    25.614309310913086,
                    22.209213256835938,
                    22.409573554992676
                  ],
                  "autoUv":false,
                  "rotation":90
                }
              },
              "children":[]
            }
          ]
        },
        {
          "name":"string 1",
          "from":[
            4.043533086776733,
            -0.6683983206748962,
            -0.8469488024711609
          ],
          "to":[
            4.613792657852173,
            1.1517323851585388,
            1.434089481830597
          ],
          "rotationOrigin":[
            4.328662872314453,
            0.24906611442565918,
            0.293570339679718
          ],
          "rotationY":9.38715586317165,
          "group":"Scene Collection",
          "faces":{
            "north":{
              "texture":"#string",
              "uv":[
                17.128124237060547,
                1.0186042785644531,
                19.944379806518555,
                2.0186004638671875
              ],
              "autoUv":false,
              "rotation":90
            },
            "east":{
              "texture":"#string",
              "uv":[
                0.02480313926935196,
                0.12192153930664062,
                4.024803161621094,
                2.9381790161132812
              ],
              "autoUv":false
            },
            "south":{
              "texture":"#string",
              "uv":[
                2.1281230449676514,
                1.0186042785644531,
                4.944380283355713,
                2.0186004638671875
              ],
              "autoUv":false,
              "rotation":90
            },
            "west":{
              "texture":"#string",
              "uv":[
                4.024803161621094,
                5.121921539306641,
                8.024803161621094,
                7.938179016113281
              ],
              "autoUv":false
            },
            "up":{
              "texture":"#string",
              "uv":[
                0.02480313926935196,
                0.018602371215820312,
                1.0248031616210938,
                4.01860237121582
              ],
              "autoUv":false
            },
            "down":{
              "texture":"#string",
              "uv":[
                1.0248031616210938,
                4.01860237121582,
                0.02480313926935196,
                0.018602371215820312
              ],
              "autoUv":false,
              "rotation":180
            }
          },
          "children":[]
        },
        {
          "name":"string 2",
          "from":[
            -6.8714805245399475,
            -0.5806885361671448,
            -0.6000568270683289
          ],
          "to":[
            -6.395511090755463,
            1.0657410025596619,
            1.1298485398292542
          ],
          "rotationOrigin":[
            -6.633495807647705,
            0.24921917915344238,
            0.17790967226028442
          ],
          "rotationY":12.630855388693018,
          "group":"Scene Collection",
          "faces":{
            "north":{
              "texture":"#string",
              "uv":[
                17.128124237060547,
                0.9783000946044922,
                19.944379806518555,
                1.9782962799072266
              ],
              "autoUv":false,
              "rotation":90
            },
            "east":{
              "texture":"#string",
              "uv":[
                0.02480313926935196,
                0.08161735534667969,
                3.6592915058135986,
                2.8978748321533203
              ],
              "autoUv":false
            },
            "south":{
              "texture":"#string",
              "uv":[
                2.1281230449676514,
                0.9783000946044922,
                4.944380283355713,
                1.9782962799072266
              ],
              "autoUv":false,
              "rotation":90
            },
            "west":{
              "texture":"#string",
              "uv":[
                4.390315055847168,
                5.08161735534668,
                8.024803161621094,
                7.89787483215332
              ],
              "autoUv":false
            },
            "up":{
              "texture":"#string",
              "uv":[
                0.02480313926935196,
                0.3438091278076172,
                1.0248031616210938,
                3.9782981872558594
              ],
              "autoUv":false
            },
            "down":{
              "texture":"#string",
              "uv":[
                1.0248031616210938,
                3.9782981872558594,
                0.02480313926935196,
                0.3438091278076172
              ],
              "autoUv":false,
              "rotation":180
            }
          },
          "children":[]
        },
        {
          "name":"string 3",
          "from":[
            3.467487931251526,
            -0.6389658451080322,
            -0.8561270833015442
          ],
          "to":[
            4.0414301455020905,
            1.0593491196632385,
            1.4324610829353333
          ],
          "rotationOrigin":[
            3.7536659240722656,
            0.2620009779930115,
            0.28654080629348755
          ],
          "rotationX":1.80884625497047,
          "rotationY":-6.414480378350503,
          "rotationZ":-0.6748799461924115,
          "group":"Scene Collection",
          "faces":{
            "north":{
              "texture":"#string",
              "uv":[
                0.29107004404067993,
                1.0167655944824219,
                2.918853759765625,
                2.023221969604492
              ],
              "autoUv":false,
              "rotation":90
            },
            "east":{
              "texture":"#string",
              "uv":[
                0.015331245958805084,
                0.28487586975097656,
                4.028572082519531,
                2.9126510620117188
              ],
              "autoUv":false
            },
            "south":{
              "texture":"#string",
              "uv":[
                4.291069984436035,
                1.0204410552978516,
                6.918854236602783,
                2.0139808654785156
              ],
              "autoUv":false,
              "rotation":90
            },
            "west":{
              "texture":"#string",
              "uv":[
                0.034275032579898834,
                8.284875869750977,
                4.021034240722656,
                10.912652969360352
              ],
              "autoUv":false
            },
            "up":{
              "texture":"#string",
              "uv":[
                6.034275054931641,
                1.0139827728271484,
                10.03427505493164,
                2.0139808654785156
              ],
              "autoUv":false,
              "rotation":90
            },
            "down":{
              "texture":"#string",
              "uv":[
                17.021032333374023,
                2.016765594482422,
                13.021034240722656,
                1.0167655944824219
              ],
              "autoUv":false,
              "rotation":270
            }
          },
          "children":[]
        },
        {
          "name":"string 4",
          "from":[
            -7.262297868728638,
            -0.5293140411376953,
            -0.6108394861221313
          ],
          "to":[
            -6.783243626356125,
            1.0300906300544739,
            1.131325602531433
          ],
          "rotationOrigin":[
            -7.023432731628418,
            0.29795998334884644,
            0.17478543519973755
          ],
          "rotationX":1.8163475102264366,
          "rotationY":-8.255461819592236,
          "rotationZ":-0.616140265969449,
          "group":"Scene Collection",
          "faces":{
            "north":{
              "texture":"#string",
              "uv":[
                0.2896839380264282,
                0.9764652252197266,
                2.9174675941467285,
                1.9829177856445312
              ],
              "autoUv":false,
              "rotation":90
            },
            "east":{
              "texture":"#string",
              "uv":[
                0.015331245958805084,
                0.24457168579101562,
                3.6752214431762695,
                2.872346878051758
              ],
              "autoUv":false
            },
            "south":{
              "texture":"#string",
              "uv":[
                4.291069984436035,
                0.9801368713378906,
                6.918854236602783,
                1.9736766815185547
              ],
              "autoUv":false,
              "rotation":90
            },
            "west":{
              "texture":"#string",
              "uv":[
                0.38762542605400085,
                8.244571685791016,
                4.021034240722656,
                10.87234878540039
              ],
              "autoUv":false
            },
            "up":{
              "texture":"#string",
              "uv":[
                6.387625694274902,
                0.9736785888671875,
                10.03427505493164,
                1.9736766815185547
              ],
              "autoUv":false,
              "rotation":90
            },
            "down":{
              "texture":"#string",
              "uv":[
                17.021032333374023,
                1.9764595031738281,
                13.374384880065918,
                0.9764614105224609
              ],
              "autoUv":false,
              "rotation":270
            }
          },
          "children":[]
        },
        {
          "name":"string 5",
          "from":[
            2.7741916179656982,
            -0.5862485766410828,
            -0.8823358416557312
          ],
          "to":[
            3.3444511890411377,
            1.0937077403068542,
            1.4032220244407654
          ],
          "rotationOrigin":[
            3.059321403503418,
            0.25887084007263184,
            0.2603533864021301
          ],
          "rotationX":0.9999996720885159,
          "group":"Scene Collection",
          "faces":{
            "north":{
              "texture":"#string",
              "uv":[
                2.233074426651001,
                1.0186023712158203,
                4.832447052001953,
                2.0186023712158203
              ],
              "autoUv":false,
              "rotation":90
            },
            "east":{
              "texture":"#string",
              "uv":[
                0.020683027803897858,
                4.226873397827148,
                4.028608322143555,
                6.826240539550781
              ],
              "autoUv":false
            },
            "south":{
              "texture":"#string",
              "uv":[
                0.23307424783706665,
                5.01860237121582,
                2.832446813583374,
                6.01860237121582
              ],
              "autoUv":false,
              "rotation":90
            },
            "west":{
              "texture":"#string",
              "uv":[
                4.028923034667969,
                5.226871490478516,
                8.020997047424316,
                7.826240539550781
              ],
              "autoUv":false
            },
            "up":{
              "texture":"#string",
              "uv":[
                9.028923034667969,
                0.018602371215820312,
                13.028923034667969,
                1.0186023712158203
              ],
              "autoUv":false,
              "rotation":90
            },
            "down":{
              "texture":"#string",
              "uv":[
                9.020998001098633,
                5.0186004638671875,
                5.020998001098633,
                4.01860237121582
              ],
              "autoUv":false,
              "rotation":270
            }
          },
          "children":[]
        },
        {
          "name":"string 6",
          "from":[
            -7.930811896920204,
            -0.5135446786880493,
            -0.6209285855293274
          ],
          "to":[
            -7.4548425525426865,
            1.0060521364212036,
            1.0819162130355835
          ],
          "rotationOrigin":[
            -7.692827224731445,
            0.25090426206588745,
            0.2101767659187317
          ],
          "rotationX":1.012570315090807,
          "rotationY":9.037001946502714,
          "rotationZ":-0.15906297951577755,
          "group":"Scene Collection",
          "faces":{
            "north":{
              "texture":"#string",
              "uv":[
                2.2324626445770264,
                0.9782981872558594,
                4.8318352699279785,
                1.9782981872558594
              ],
              "autoUv":false,
              "rotation":90
            },
            "east":{
              "texture":"#string",
              "uv":[
                0.19334682822227478,
                4.1865692138671875,
                3.770890235900879,
                6.78593635559082
              ],
              "autoUv":false
            },
            "south":{
              "texture":"#string",
              "uv":[
                0.233484148979187,
                4.978300094604492,
                2.8328564167022705,
                5.978298187255859
              ],
              "autoUv":false,
              "rotation":90
            },
            "west":{
              "texture":"#string",
              "uv":[
                4.2866411209106445,
                5.1865692138671875,
                7.848333358764648,
                7.78593635559082
              ],
              "autoUv":false
            },
            "up":{
              "texture":"#string",
              "uv":[
                9.286641120910645,
                -0.021701812744140625,
                12.8562593460083,
                0.9782981872558594
              ],
              "autoUv":false,
              "rotation":90
            },
            "down":{
              "texture":"#string",
              "uv":[
                8.848334312438965,
                4.978296279907227,
                5.278716087341309,
                3.9782981872558594
              ],
              "autoUv":false,
              "rotation":270
            }
          },
          "children":[]
        }
      ]
    }
  ],
  "groups":[]
}