{
  "textureWidth":16,
  "textureHeight":16,
  "textures":{
    "metal":"block/metal/ingot/iron"
  },
  "textureSizes":{
    "metal":[
      32,
      32
    ]
  },
  "elements":[
    {
      "name":"origin",
      "from":[
        16.0,
        0.5,
        8.0
      ],
      "to":[
        16.0,
        0.5,
        8.0
      ],
      "rotationOrigin":[
        4.0,
        0.0,
        8.0
      ],
      "group":"Scene Collection",
      "faces":{
        "north":{
          "texture":"#0",
          "uv":[
            0,
            0,
            4,
            4
          ],
          "autoUv":false
        },
        "east":{
          "texture":"#0",
          "uv":[
            0,
            0,
            4,
            4
          ],
          "autoUv":false
        },
        "south":{
          "texture":"#0",
          "uv":[
            0,
            0,
            4,
            4
          ],
          "autoUv":false
        },
        "west":{
          "texture":"#0",
          "uv":[
            0,
            0,
            4,
            4
          ],
          "autoUv":false
        },
        "up":{
          "texture":"#metal",
          "uv":[
            0.0,
            0.0,
            1.0,
            1.0
          ],
          "autoUv":false,
          "rotation":180
        },
        "down":{
          "texture":"#0",
          "uv":[
            0,
            0,
            4,
            4
          ],
          "autoUv":false
        }
      },
      "children":[
        {
          "name":"base",
          "from":[
            -11.991186797618866,
            -0.30881839990615845,
            -0.022837311029434204
          ],
          "to":[
            -11.407868683338165,
            0.30881839990615845,
            0.49409738183021545
          ],
          "rotationOrigin":[
            -11.699527740478516,
            0.0,
            0.23563003540039062
          ],
          "rotationY":-78.74997060179348,
          "group":"Scene Collection",
          "faces":{
            "north":{
              "texture":"#metal",
              "uv":[
                11.03157901763916,
                24.57355546951294,
                10.515088081359863,
                27.376792430877686
              ],
              "autoUv":false
            },
            "east":{
              "texture":"#metal",
              "uv":[
                6.1855621337890625,
                6.844480514526367,
                6.835714340209961,
                6.97380256652832
              ],
              "autoUv":false,
              "rotation":90
            },
            "south":{
              "texture":"#metal",
              "uv":[
                8.213994979858398,
                24.573561191558838,
                8.730491638183594,
                27.376787662506104
              ],
              "autoUv":false
            },
            "west":{
              "texture":"#metal",
              "uv":[
                6.039630889892578,
                6.11083984375,
                6.689783096313477,
                6.240161895751953
              ],
              "autoUv":false,
              "rotation":270
            },
            "up":{
              "texture":"#metal",
              "uv":[
                6.925316333770752,
                1.3862037658691406,
                5.040794372558594,
                1.6512641906738281
              ],
              "autoUv":false,
              "rotation":270
            },
            "down":{
              "texture":"#metal",
              "uv":[
                6.925316333770752,
                1.6512641906738281,
                5.040794372558594,
                1.3862037658691406
              ],
              "autoUv":false,
              "rotation":270
            }
          },
          "children":[
            {
              "name":"hull",
              "from":[
                -1.2249600887298584,
                0.017159491777420044,
                -1.2078010737895966
              ],
              "to":[
                -0.6073232889175415,
                0.6004773080348969,
                -0.6908664405345917
              ],
              "rotationOrigin":[
                -0.9161416888237,
                0.30881839990615845,
                -0.9493337571620941
              ],
              "rotationY":89.99998201391065,
              "rotationZ":-89.999995674289,
              "group":"Scene Collection",
              "faces":{
                "north":{
                  "texture":"#metal",
                  "uv":[
                    11.687195777893066,
                    25.351060390472412,
                    10.530974388122559,
                    26.599290370941162
                  ],
                  "autoUv":false,
                  "rotation":90
                },
                "east":{
                  "texture":"#metal",
                  "uv":[
                    6.925316333770752,
                    2.4942970275878906,
                    5.040794372558594,
                    2.941591262817383
                  ],
                  "autoUv":false,
                  "rotation":180
                },
                "south":{
                  "texture":"#metal",
                  "uv":[
                    10.734786033630371,
                    25.35105848312378,
                    11.891005516052246,
                    26.59929132461548
                  ],
                  "autoUv":false,
                  "rotation":270
                },
                "west":{
                  "texture":"#metal",
                  "uv":[
                    5.040794372558594,
                    2.4942970275878906,
                    6.925316333770752,
                    2.941591262817383
                  ],
                  "autoUv":false,
                  "rotation":180
                },
                "up":{
                  "texture":"#metal",
                  "uv":[
                    7.956728935241699,
                    4.323062896728516,
                    8.086053848266602,
                    4.973213195800781
                  ],
                  "autoUv":false,
                  "rotation":90
                },
                "down":{
                  "texture":"#metal",
                  "uv":[
                    7.352410316467285,
                    5.119144439697266,
                    7.223089218139648,
                    4.468994140625
                  ],
                  "autoUv":false,
                  "rotation":270
                }
              },
              "children":[]
            },
            {
              "name":"hull 01",
              "from":[
                -0.8712033033370972,
                0.01715940237045288,
                -0.35375624895095825
              ],
              "to":[
                -0.2535665035247803,
                0.6004774272441864,
                0.16317832469940186
              ],
              "rotationOrigin":[
                -0.5623849034309387,
                0.30881839990615845,
                -0.0952889621257782
              ],
              "rotationX":-8.3827460482221e-06,
              "rotationY":134.99995936048765,
              "rotationZ":-89.99998884409983,
              "group":"Scene Collection",
              "faces":{
                "north":{
                  "texture":"#metal",
                  "uv":[
                    9.783036231994629,
                    25.148220539093018,
                    8.915234565734863,
                    26.80212926864624
                  ],
                  "autoUv":false,
                  "rotation":90
                },
                "east":{
                  "texture":"#metal",
                  "uv":[
                    6.925316333770752,
                    1.5848617553710938,
                    5.040794372558594,
                    2.07318115234375
                  ],
                  "autoUv":false,
                  "rotation":180
                },
                "south":{
                  "texture":"#metal",
                  "uv":[
                    10.066189765930176,
                    25.148220539093018,
                    10.933991432189941,
                    26.80212640762329
                  ],
                  "autoUv":false,
                  "rotation":270
                },
                "west":{
                  "texture":"#metal",
                  "uv":[
                    5.040794372558594,
                    1.5848617553710938,
                    6.925316333770752,
                    2.07318115234375
                  ],
                  "autoUv":false,
                  "rotation":180
                },
                "up":{
                  "texture":"#metal",
                  "uv":[
                    6.601137161254883,
                    4.884571075439453,
                    7.152307510375977,
                    5.252849578857422
                  ],
                  "autoUv":false,
                  "rotation":90
                },
                "down":{
                  "texture":"#metal",
                  "uv":[
                    6.736732482910156,
                    5.8748016357421875,
                    6.1855621337890625,
                    5.506519317626953
                  ],
                  "autoUv":false,
                  "rotation":270
                }
              },
              "children":[]
            },
            {
              "name":"hull 02",
              "from":[
                0.8540458083152771,
                0.0,
                -0.35375502705574036
              ],
              "to":[
                1.4373636841773987,
                0.6176367998123169,
                0.16317954659461975
              ],
              "rotationOrigin":[
                1.145704746246338,
                0.30881839990615845,
                -0.09528777003288269
              ],
              "rotationY":44.9999739314824,
              "group":"Scene Collection",
              "faces":{
                "north":{
                  "texture":"#metal",
                  "uv":[
                    11.3297758102417,
                    25.297343730926514,
                    10.265217781066895,
                    26.653005123138428
                  ],
                  "autoUv":false
                },
                "east":{
                  "texture":"#metal",
                  "uv":[
                    7.223089218139648,
                    7.4601593017578125,
                    7.59136962890625,
                    8.011331558227539
                  ],
                  "autoUv":false,
                  "rotation":90
                },
                "south":{
                  "texture":"#metal",
                  "uv":[
                    9.634852409362793,
                    25.297343730926514,
                    10.699410438537598,
                    26.653005123138428
                  ],
                  "autoUv":false
                },
                "west":{
                  "texture":"#metal",
                  "uv":[
                    6.601137161254883,
                    7.044584274291992,
                    6.969417572021484,
                    7.595756530761719
                  ],
                  "autoUv":false,
                  "rotation":270
                },
                "up":{
                  "texture":"#metal",
                  "uv":[
                    6.925316333770752,
                    2.0364761352539062,
                    5.040794372558594,
                    2.6111984252929688
                  ],
                  "autoUv":false,
                  "rotation":270
                },
                "down":{
                  "texture":"#metal",
                  "uv":[
                    6.925316333770752,
                    2.6111984252929688,
                    5.040794372558594,
                    2.0364761352539062
                  ],
                  "autoUv":false,
                  "rotation":270
                }
              },
              "children":[]
            },
            {
              "name":"hull 03",
              "from":[
                -1.115862637758255,
                0.0003014206886291504,
                -0.7455952763557434
              ],
              "to":[
                -0.5325444936752319,
                0.6189118027687073,
                -0.2286607325077057
              ],
              "rotationOrigin":[
                -0.8242035508155823,
                0.3096066117286682,
                -0.48712798953056335
              ],
              "rotationY":-67.50003432175718,
              "group":"Scene Collection",
              "faces":{
                "north":{
                  "texture":"#metal",
                  "uv":[
                    10.265217781066895,
                    25.29495668411255,
                    11.3297758102417,
                    26.652754306793213
                  ],
                  "autoUv":false
                },
                "east":{
                  "texture":"#metal",
                  "uv":[
                    6.969417572021484,
                    4.884571075439453,
                    6.601137161254883,
                    5.435741424560547
                  ],
                  "autoUv":false,
                  "rotation":270
                },
                "south":{
                  "texture":"#metal",
                  "uv":[
                    10.699410438537598,
                    25.29495668411255,
                    9.634852409362793,
                    26.652754306793213
                  ],
                  "autoUv":false
                },
                "west":{
                  "texture":"#metal",
                  "uv":[
                    7.223089218139648,
                    4.468994140625,
                    7.59136962890625,
                    5.020164489746094
                  ],
                  "autoUv":false,
                  "rotation":180
                },
                "up":{
                  "texture":"#metal",
                  "uv":[
                    5.040794372558594,
                    2.0364761352539062,
                    6.925316333770752,
                    2.6111984252929688
                  ],
                  "autoUv":false,
                  "rotation":90
                },
                "down":{
                  "texture":"#metal",
                  "uv":[
                    5.040794372558594,
                    2.6111984252929688,
                    6.925316333770752,
                    2.0364761352539062
                  ],
                  "autoUv":false,
                  "rotation":90
                }
              },
              "children":[]
            },
            {
              "name":"hull 04",
              "from":[
                -0.46220487356185913,
                0.0003014206886291504,
                -0.09193798899650574
              ],
              "to":[
                0.121113121509552,
                0.6189118027687073,
                0.42499664425849915
              ],
              "rotationOrigin":[
                -0.17054587602615356,
                0.3096066117286682,
                0.1665293276309967
              ],
              "rotationY":-22.500051852538316,
              "group":"Scene Collection",
              "faces":{
                "north":{
                  "texture":"#metal",
                  "uv":[
                    10.515088081359863,
                    24.57002878189087,
                    11.03157901763916,
                    27.377682209014893
                  ],
                  "autoUv":false
                },
                "east":{
                  "texture":"#metal",
                  "uv":[
                    6.689783096313477,
                    6.240161895751953,
                    6.039630889892578,
                    6.369483947753906
                  ],
                  "autoUv":false,
                  "rotation":270
                },
                "south":{
                  "texture":"#metal",
                  "uv":[
                    8.730491638183594,
                    24.570034503936768,
                    8.213994979858398,
                    27.37767744064331
                  ],
                  "autoUv":false
                },
                "west":{
                  "texture":"#metal",
                  "uv":[
                    6.1855621337890625,
                    5.506519317626953,
                    6.835714340209961,
                    5.635845184326172
                  ],
                  "autoUv":false,
                  "rotation":180
                },
                "up":{
                  "texture":"#metal",
                  "uv":[
                    5.040794372558594,
                    1.3862037658691406,
                    6.925316333770752,
                    1.6512641906738281
                  ],
                  "autoUv":false,
                  "rotation":90
                },
                "down":{
                  "texture":"#metal",
                  "uv":[
                    5.040794372558594,
                    1.6512641906738281,
                    6.925316333770752,
                    1.3862037658691406
                  ],
                  "autoUv":false,
                  "rotation":90
                }
              },
              "children":[]
            },
            {
              "name":"hull 05",
              "from":[
                0.4622064232826233,
                0.0003014206886291504,
                -0.0919371247291565
              ],
              "to":[
                1.0455244183540344,
                0.6189118027687073,
                0.4249974489212036
              ],
              "rotationOrigin":[
                0.7538654208183289,
                0.3096066117286682,
                0.16653016209602356
              ],
              "rotationY":22.4999869657412,
              "group":"Scene Collection",
              "faces":{
                "north":{
                  "texture":"#metal",
                  "uv":[
                    10.933989524841309,
                    25.145601749420166,
                    10.066187858581543,
                    26.802112102508545
                  ],
                  "autoUv":false
                },
                "east":{
                  "texture":"#metal",
                  "uv":[
                    7.152307510375977,
                    7.227474212646484,
                    6.601137161254883,
                    7.595758438110352
                  ],
                  "autoUv":false,
                  "rotation":180
                },
                "south":{
                  "texture":"#metal",
                  "uv":[
                    8.915236473083496,
                    25.1455979347229,
                    9.783036231994629,
                    26.802112102508545
                  ],
                  "autoUv":false
                },
                "west":{
                  "texture":"#metal",
                  "uv":[
                    6.1855621337890625,
                    6.605522155761719,
                    6.736732482910156,
                    6.97380256652832
                  ],
                  "autoUv":false,
                  "rotation":270
                },
                "up":{
                  "texture":"#metal",
                  "uv":[
                    6.925316333770752,
                    1.5848617553710938,
                    5.040794372558594,
                    2.07318115234375
                  ],
                  "autoUv":false,
                  "rotation":270
                },
                "down":{
                  "texture":"#metal",
                  "uv":[
                    6.925316333770752,
                    2.07318115234375,
                    5.040794372558594,
                    1.5848617553710938
                  ],
                  "autoUv":false,
                  "rotation":270
                }
              },
              "children":[]
            },
            {
              "name":"hull 06",
              "from":[
                1.0982177555561066,
                0.017947614192962646,
                -0.7455942332744598
              ],
              "to":[
                1.7168281972408295,
                0.601265549659729,
                -0.22865960001945496
              ],
              "rotationOrigin":[
                1.407522976398468,
                0.3096066117286682,
                -0.4871269166469574
              ],
              "rotationX":8.776385744484998e-06,
              "rotationY":67.49997968024383,
              "rotationZ":-90.00002299504568,
              "group":"Scene Collection",
              "faces":{
                "north":{
                  "texture":"#metal",
                  "uv":[
                    11.891005516052246,
                    25.348756313323975,
                    10.734787940979004,
                    26.598955631256104
                  ],
                  "autoUv":false,
                  "rotation":90
                },
                "east":{
                  "texture":"#metal",
                  "uv":[
                    5.040794372558594,
                    2.4942970275878906,
                    6.925316333770752,
                    2.941591262817383
                  ],
                  "autoUv":false,
                  "rotation":180
                },
                "south":{
                  "texture":"#metal",
                  "uv":[
                    10.530974388122559,
                    25.34875726699829,
                    11.687195777893066,
                    26.598954677581787
                  ],
                  "autoUv":false,
                  "rotation":270
                },
                "west":{
                  "texture":"#metal",
                  "uv":[
                    6.925316333770752,
                    2.4942970275878906,
                    5.040794372558594,
                    2.941591262817383
                  ],
                  "autoUv":false,
                  "rotation":180
                },
                "up":{
                  "texture":"#metal",
                  "uv":[
                    8.086053848266602,
                    7.507110595703125,
                    7.956729888916016,
                    8.157264709472656
                  ],
                  "autoUv":false,
                  "rotation":90
                },
                "down":{
                  "texture":"#metal",
                  "uv":[
                    7.352411270141602,
                    8.011331558227539,
                    7.223089218139648,
                    7.361181259155273
                  ],
                  "autoUv":false,
                  "rotation":180
                }
              },
              "children":[]
            },
            {
              "name":"hull 07",
              "from":[
                -1.1348156034946442,
                0.0904509574174881,
                -1.4985021650791168
              ],
              "to":[
                -0.6980805099010468,
                0.5271860808134079,
                -0.9834819138050079
              ],
              "rotationOrigin":[
                -0.9164480566978455,
                0.308818519115448,
                -1.2409920394420624
              ],
              "rotationY":89.99998201391065,
              "rotationZ":-134.99998668124434,
              "group":"Scene Collection",
              "faces":{
                "north":{
                  "texture":"#metal",
                  "uv":[
                    12.200226783752441,
                    25.975175380706787,
                    10.975983619689941,
                    25.975175380706787
                  ],
                  "autoUv":false,
                  "rotation":180
                },
                "east":{
                  "texture":"#metal",
                  "uv":[
                    8.085737228393555,
                    4.4011383056640625,
                    7.568490028381348,
                    4.971626281738281
                  ],
                  "autoUv":false,
                  "rotation":90
                },
                "south":{
                  "texture":"#metal",
                  "uv":[
                    11.179041862487793,
                    25.975175380706787,
                    12.403286933898926,
                    25.975175380706787
                  ],
                  "autoUv":false,
                  "rotation":180
                },
                "west":{
                  "texture":"#metal",
                  "uv":[
                    5.040794372558594,
                    3.183422088623047,
                    7.284961700439453,
                    3.5482521057128906
                  ],
                  "autoUv":false,
                  "rotation":180
                },
                "up":{
                  "texture":"#metal",
                  "uv":[
                    7.284961700439453,
                    3.183422088623047,
                    5.040794372558594,
                    3.5482521057128906
                  ],
                  "autoUv":false,
                  "rotation":90
                },
                "down":{
                  "texture":"#metal",
                  "uv":[
                    7.956892013549805,
                    5.048881530761719,
                    7.697334289550781,
                    4.323883056640625
                  ],
                  "autoUv":false,
                  "rotation":180
                }
              },
              "children":[]
            },
            {
              "name":"hull 08",
              "from":[
                1.3007158786058426,
                0.09045083820819855,
                -1.014184594154358
              ],
              "to":[
                1.7374512404203415,
                0.5271859616041183,
                -0.4990270733833313
              ],
              "rotationOrigin":[
                1.519083559513092,
                0.30881839990615845,
                -0.7566058337688446
              ],
              "rotationX":8.579851281164008e-06,
              "rotationY":67.49997285005465,
              "rotationZ":-45.00000466733367,
              "group":"Scene Collection",
              "faces":{
                "north":{
                  "texture":"#metal",
                  "uv":[
                    12.403433799743652,
                    25.975175380706787,
                    11.17918872833252,
                    25.975175380706787
                  ],
                  "autoUv":false
                },
                "east":{
                  "texture":"#metal",
                  "uv":[
                    5.040794372558594,
                    3.183422088623047,
                    7.284961700439453,
                    3.5482521057128906
                  ],
                  "autoUv":false,
                  "rotation":180
                },
                "south":{
                  "texture":"#metal",
                  "uv":[
                    10.976075172424316,
                    25.97517442703247,
                    12.200318336486816,
                    25.97517442703247
                  ],
                  "autoUv":false
                },
                "west":{
                  "texture":"#metal",
                  "uv":[
                    7.568563461303711,
                    7.508155822753906,
                    8.085844993591309,
                    8.078813552856445
                  ],
                  "autoUv":false,
                  "rotation":270
                },
                "up":{
                  "texture":"#metal",
                  "uv":[
                    7.284961700439453,
                    3.183422088623047,
                    5.040794372558594,
                    3.5482521057128906
                  ],
                  "autoUv":false,
                  "rotation":270
                },
                "down":{
                  "texture":"#metal",
                  "uv":[
                    7.697443008422852,
                    8.156072616577148,
                    7.956965446472168,
                    7.430898666381836
                  ],
                  "autoUv":false,
                  "rotation":180
                }
              },
              "children":[]
            }
          ]
        },
        {
          "name":"blade_l",
          "from":[
            -10.512656927108765,
            -0.11324100196361542,
            -1.9860943257808685
          ],
          "to":[
            -5.550599098205566,
            0.10725276172161102,
            -1.4741984605789185
          ],
          "rotationOrigin":[
            -8.031628131866455,
            -0.0029941201210021973,
            -1.7301464080810547
          ],
          "rotationY":-168.65212381622206,
          "group":"Scene Collection",
          "faces":{
            "north":{
              "texture":"#metal",
              "uv":[
                10.947161674499512,
                25.75738000869751,
                20.779315948486328,
                26.20299196243286
              ],
              "autoUv":false
            },
            "east":{
              "texture":"#metal",
              "uv":[
                7.957265853881836,
                4.325736999511719,
                8.086427688598633,
                4.969329833984375
              ],
              "autoUv":false
            },
            "south":{
              "texture":"#metal",
              "uv":[
                20.575759887695312,
                25.75738000869751,
                10.743603706359863,
                26.20299196243286
              ],
              "autoUv":false
            },
            "west":{
              "texture":"#metal",
              "uv":[
                14.195943832397461,
                3.0737075805664062,
                14.325105667114258,
                3.7173004150390625
              ],
              "autoUv":false,
              "rotation":180
            },
            "up":{
              "texture":"#metal",
              "uv":[
                5.040794372558594,
                3.183422088623047,
                7.284961700439453,
                9.046031951904297
              ],
              "autoUv":false,
              "rotation":90
            },
            "down":{
              "texture":"#metal",
              "uv":[
                5.040794372558594,
                9.046031951904297,
                7.284961700439453,
                3.183422088623047
              ],
              "autoUv":false,
              "rotation":90
            }
          },
          "children":[
            {
              "name":"blade",
              "from":[
                -4.9129064083099365,
                0.00024013221263885498,
                -0.9220046103000641
              ],
              "to":[
                1.0417559146881104,
                0.21677379310131073,
                0.07799538969993591
              ],
              "rotationOrigin":[
                -1.935575246810913,
                0.10850696265697479,
                -0.4220046103000641
              ],
              "rotationY":177.68051374795502,
              "group":"Scene Collection",
              "faces":{
                "north":{
                  "texture":"#metal",
                  "uv":[
                    13.641828536987305,
                    2.5271339416503906,
                    20.535184860229492,
                    3.6224288940429688
                  ],
                  "autoUv":false,
                  "rotation":270
                },
                "east":{
                  "texture":"#metal",
                  "uv":[
                    20.73641586303711,
                    2.527130126953125,
                    20.53518295288086,
                    3.793590545654297
                  ],
                  "autoUv":false,
                  "rotation":90
                },
                "south":{
                  "texture":"#metal",
                  "uv":[
                    20.736413955688477,
                    3.793590545654297,
                    13.843063354492188,
                    4.888889312744141
                  ],
                  "autoUv":false,
                  "rotation":180
                },
                "west":{
                  "texture":"#metal",
                  "uv":[
                    13.641830444335938,
                    3.6224327087402344,
                    13.843061447143555,
                    4.888889312744141
                  ],
                  "autoUv":false
                },
                "up":{
                  "texture":"#metal",
                  "uv":[
                    3.976930618286133,
                    9.239803314208984,
                    6.221097946166992,
                    14.836538314819336
                  ],
                  "autoUv":false,
                  "rotation":270
                },
                "down":{
                  "texture":"#metal",
                  "uv":[
                    5.040794372558594,
                    14.836538314819336,
                    7.284961700439453,
                    9.239803314208984
                  ],
                  "autoUv":false,
                  "rotation":270
                }
              },
              "children":[]
            },
            {
              "name":"blade 01",
              "from":[
                -4.917370796203613,
                0.00014010071754455566,
                -0.27974656224250793
              ],
              "to":[
                0.04468584060668945,
                0.21729367971420288,
                0.23718804121017456
              ],
              "rotationOrigin":[
                -2.436342477798462,
                0.10871689021587372,
                -0.021279245615005493
              ],
              "rotationY":-6.444365017290248,
              "group":"Scene Collection",
              "faces":{
                "north":{
                  "texture":"#metal",
                  "uv":[
                    14.252067565917969,
                    3.1875953674316406,
                    20.591848373413086,
                    3.731494903564453
                  ],
                  "autoUv":false
                },
                "east":{
                  "texture":"#metal",
                  "uv":[
                    14.252069473266602,
                    3.071033477783203,
                    14.195405960083008,
                    3.7314987182617188
                  ],
                  "autoUv":false,
                  "rotation":270
                },
                "south":{
                  "texture":"#metal",
                  "uv":[
                    28.843032836914062,
                    25.764959812164307,
                    18.926380157470703,
                    26.200534343719482
                  ],
                  "autoUv":false
                },
                "west":{
                  "texture":"#metal",
                  "uv":[
                    20.53519058227539,
                    2.5271339416503906,
                    20.591848373413086,
                    3.187591552734375
                  ],
                  "autoUv":false,
                  "rotation":180
                },
                "up":{
                  "texture":"#metal",
                  "uv":[
                    5.040794372558594,
                    9.011760711669922,
                    7.284961700439453,
                    14.836538314819336
                  ],
                  "autoUv":false,
                  "rotation":90
                },
                "down":{
                  "texture":"#metal",
                  "uv":[
                    5.040794372558594,
                    14.836538314819336,
                    7.284961700439453,
                    9.011760711669922
                  ],
                  "autoUv":false,
                  "rotation":90
                }
              },
              "children":[]
            },
            {
              "name":"blade 02",
              "from":[
                -4.8832643032073975,
                -0.0049782320857048035,
                -1.1349673569202423
              ],
              "to":[
                0.7635385990142822,
                0.21191193908452988,
                -0.6180327236652374
              ],
              "rotationOrigin":[
                -2.0598628520965576,
                0.10346685349941254,
                -0.8765000402927399
              ],
              "rotationY":1.8822223368936823,
              "group":"Scene Collection",
              "faces":{
                "north":{
                  "texture":"#metal",
                  "uv":[
                    18.10892105102539,
                    25.771538257598877,
                    29.260169982910156,
                    26.211528301239014
                  ],
                  "autoUv":false
                },
                "east":{
                  "texture":"#metal",
                  "uv":[
                    14.390518188476562,
                    4.604560852050781,
                    14.542230606079102,
                    5.249855041503906
                  ],
                  "autoUv":false
                },
                "south":{
                  "texture":"#metal",
                  "uv":[
                    14.390518188476562,
                    3.1482982635498047,
                    20.58470344543457,
                    4.604558944702148
                  ],
                  "autoUv":false,
                  "rotation":270
                },
                "west":{
                  "texture":"#metal",
                  "uv":[
                    20.736417770385742,
                    3.148296356201172,
                    20.58470344543457,
                    3.793590545654297
                  ],
                  "autoUv":false,
                  "rotation":90
                },
                "up":{
                  "texture":"#metal",
                  "uv":[
                    5.040794372558594,
                    8.14520263671875,
                    5.816211700439453,
                    14.812726974487305
                  ],
                  "autoUv":false,
                  "rotation":90
                },
                "down":{
                  "texture":"#metal",
                  "uv":[
                    5.040794372558594,
                    14.812726974487305,
                    5.816211700439453,
                    8.14520263671875
                  ],
                  "autoUv":false,
                  "rotation":90
                }
              },
              "children":[]
            },
            {
              "name":"blade 03",
              "from":[
                -5.309090346097946,
                1.2472271919250488e-05,
                -0.8443301916122437
              ],
              "to":[
                -4.511845380067825,
                0.21963120996952057,
                -0.2406749129295349
              ],
              "rotationOrigin":[
                -4.910467863082886,
                0.10982184112071991,
                -0.5425025522708893
              ],
              "rotationY":124.81265025114358,
              "group":"Scene Collection",
              "faces":{
                "north":{
                  "texture":"#metal",
                  "uv":[
                    29.18435287475586,
                    25.720679759979248,
                    27.82166290283203,
                    26.241116046905518
                  ],
                  "autoUv":false
                },
                "east":{
                  "texture":"#metal",
                  "uv":[
                    28.193531036376953,
                    25.720679759979248,
                    29.18435287475586,
                    26.2411150932312
                  ],
                  "autoUv":false
                },
                "south":{
                  "texture":"#metal",
                  "uv":[
                    20.736417770385742,
                    3.0854721069335938,
                    19.9990177154541,
                    3.793590545654297
                  ],
                  "autoUv":false,
                  "rotation":270
                },
                "west":{
                  "texture":"#metal",
                  "uv":[
                    20.535184860229492,
                    2.5271339416503906,
                    19.999021530151367,
                    3.0854721069335938
                  ],
                  "autoUv":false
                },
                "up":{
                  "texture":"#metal",
                  "uv":[
                    5.040794372558594,
                    14.377960205078125,
                    7.284961700439453,
                    15.315610885620117
                  ],
                  "autoUv":false,
                  "rotation":270
                },
                "down":{
                  "texture":"#metal",
                  "uv":[
                    5.040794372558594,
                    15.315610885620117,
                    7.284961700439453,
                    14.377960205078125
                  ],
                  "autoUv":false,
                  "rotation":270
                }
              },
              "children":[]
            },
            {
              "name":"blade 04",
              "from":[
                0.18538254499435425,
                -0.00024101883172988892,
                -0.6852872967720032
              ],
              "to":[
                1.8513181805610657,
                0.21779388934373856,
                -0.07740139961242676
              ],
              "rotationOrigin":[
                1.01835036277771,
                0.10877643525600433,
                -0.38134434819221497
              ],
              "rotationY":-52.575889985266315,
              "group":"Scene Collection",
              "faces":{
                "north":{
                  "texture":"#metal",
                  "uv":[
                    16.59001922607422,
                    25.73098611831665,
                    19.48235321044922,
                    26.23430871963501
                  ],
                  "autoUv":false
                },
                "east":{
                  "texture":"#metal",
                  "uv":[
                    13.594244003295898,
                    4.452465057373047,
                    13.692304611206055,
                    5.108062744140625
                  ],
                  "autoUv":false,
                  "rotation":270
                },
                "south":{
                  "texture":"#metal",
                  "uv":[
                    14.44709587097168,
                    4.452465057373047,
                    13.692302703857422,
                    4.565364837646484
                  ],
                  "autoUv":false,
                  "rotation":90
                },
                "west":{
                  "texture":"#metal",
                  "uv":[
                    14.349035263061523,
                    4.565364837646484,
                    14.44709587097168,
                    5.220958709716797
                  ],
                  "autoUv":false,
                  "rotation":90
                },
                "up":{
                  "texture":"#metal",
                  "uv":[
                    5.040794372558594,
                    6.858787536621094,
                    7.284961700439453,
                    8.826530456542969
                  ],
                  "autoUv":false,
                  "rotation":90
                },
                "down":{
                  "texture":"#metal",
                  "uv":[
                    5.040794372558594,
                    8.826530456542969,
                    7.284961700439453,
                    6.858787536621094
                  ],
                  "autoUv":false,
                  "rotation":90
                }
              },
              "children":[]
            }
          ]
        },
        {
          "name":"blade_r",
          "from":[
            -10.512656927108765,
            -0.11324100196361542,
            1.4741984605789185
          ],
          "to":[
            -5.550599098205566,
            0.10725276172161102,
            1.9860943257808685
          ],
          "rotationOrigin":[
            -8.031628131866455,
            -0.0029941201210021973,
            1.7301464080810547
          ],
          "rotationY":168.6521101558437,
          "group":"Scene Collection",
          "faces":{
            "north":{
              "texture":"#metal",
              "uv":[
                10.743603706359863,
                25.75738000869751,
                20.575759887695312,
                26.20299196243286
              ],
              "autoUv":false
            },
            "east":{
              "texture":"#metal",
              "uv":[
                8.086427688598633,
                4.325736999511719,
                7.957265853881836,
                4.969329833984375
              ],
              "autoUv":false
            },
            "south":{
              "texture":"#metal",
              "uv":[
                20.779315948486328,
                25.75738000869751,
                10.947161674499512,
                26.20299196243286
              ],
              "autoUv":false
            },
            "west":{
              "texture":"#metal",
              "uv":[
                14.325105667114258,
                3.0737075805664062,
                14.195943832397461,
                3.7173004150390625
              ],
              "autoUv":false,
              "rotation":180
            },
            "up":{
              "texture":"#metal",
              "uv":[
                7.284961700439453,
                3.183422088623047,
                5.040794372558594,
                9.046031951904297
              ],
              "autoUv":false,
              "rotation":90
            },
            "down":{
              "texture":"#metal",
              "uv":[
                7.284961700439453,
                9.046031951904297,
                5.040794372558594,
                3.183422088623047
              ],
              "autoUv":false,
              "rotation":90
            }
          },
          "children":[
            {
              "name":"blade 05",
              "from":[
                -4.912905931472778,
                0.00024010241031646729,
                0.4339028596878052
              ],
              "to":[
                1.0417563915252686,
                0.21677376329898834,
                1.4339028596878052
              ],
              "rotationOrigin":[
                -1.9355747699737549,
                0.1085069328546524,
                0.9339028596878052
              ],
              "rotationY":-177.6805000875767,
              "group":"Scene Collection",
              "faces":{
                "north":{
                  "texture":"#metal",
                  "uv":[
                    13.843063354492188,
                    3.793590545654297,
                    20.736413955688477,
                    4.888889312744141
                  ],
                  "autoUv":false,
                  "rotation":180
                },
                "east":{
                  "texture":"#metal",
                  "uv":[
                    20.53518295288086,
                    2.527130126953125,
                    20.73641586303711,
                    3.793590545654297
                  ],
                  "autoUv":false,
                  "rotation":270
                },
                "south":{
                  "texture":"#metal",
                  "uv":[
                    20.535184860229492,
                    2.5271339416503906,
                    13.641828536987305,
                    3.6224288940429688
                  ],
                  "autoUv":false,
                  "rotation":90
                },
                "west":{
                  "texture":"#metal",
                  "uv":[
                    13.843061447143555,
                    3.6224327087402344,
                    13.641830444335938,
                    4.888889312744141
                  ],
                  "autoUv":false
                },
                "up":{
                  "texture":"#metal",
                  "uv":[
                    6.221097946166992,
                    9.239803314208984,
                    3.976930618286133,
                    14.836538314819336
                  ],
                  "autoUv":false,
                  "rotation":270
                },
                "down":{
                  "texture":"#metal",
                  "uv":[
                    7.284961700439453,
                    14.836538314819336,
                    5.040794372558594,
                    9.239803314208984
                  ],
                  "autoUv":false,
                  "rotation":270
                }
              },
              "children":[]
            },
            {
              "name":"blade 06",
              "from":[
                -4.917370319366455,
                0.00014007091522216797,
                0.2747099697589874
              ],
              "to":[
                0.044686317443847656,
                0.2172936499118805,
                0.7916445732116699
              ],
              "rotationOrigin":[
                -2.4363420009613037,
                0.10871686041355133,
                0.5331772565841675
              ],
              "rotationY":6.444364163516601,
              "group":"Scene Collection",
              "faces":{
                "north":{
                  "texture":"#metal",
                  "uv":[
                    18.926380157470703,
                    25.764959812164307,
                    28.843032836914062,
                    26.200534343719482
                  ],
                  "autoUv":false
                },
                "east":{
                  "texture":"#metal",
                  "uv":[
                    14.195405960083008,
                    3.071033477783203,
                    14.252069473266602,
                    3.7314987182617188
                  ],
                  "autoUv":false,
                  "rotation":90
                },
                "south":{
                  "texture":"#metal",
                  "uv":[
                    20.591848373413086,
                    3.1875953674316406,
                    14.252067565917969,
                    3.731494903564453
                  ],
                  "autoUv":false
                },
                "west":{
                  "texture":"#metal",
                  "uv":[
                    20.591848373413086,
                    2.5271339416503906,
                    20.53519058227539,
                    3.187591552734375
                  ],
                  "autoUv":false,
                  "rotation":180
                },
                "up":{
                  "texture":"#metal",
                  "uv":[
                    7.284961700439453,
                    9.011760711669922,
                    5.040794372558594,
                    14.836538314819336
                  ],
                  "autoUv":false,
                  "rotation":90
                },
                "down":{
                  "texture":"#metal",
                  "uv":[
                    7.284961700439453,
                    14.836538314819336,
                    5.040794372558594,
                    9.011760711669922
                  ],
                  "autoUv":false,
                  "rotation":90
                }
              },
              "children":[]
            },
            {
              "name":"blade 07",
              "from":[
                -4.883263826370239,
                -0.00497821718454361,
                1.1299302279949188
              ],
              "to":[
                0.7635400295257568,
                0.21191205084323883,
                1.6468649208545685
              ],
              "rotationOrigin":[
                -2.059861898422241,
                0.10346691310405731,
                1.3883975744247437
              ],
              "rotationY":-1.8822231906673286,
              "group":"Scene Collection",
              "faces":{
                "north":{
                  "texture":"#metal",
                  "uv":[
                    14.390518188476562,
                    3.1482982635498047,
                    20.58470344543457,
                    4.604562759399414
                  ],
                  "autoUv":false
                },
                "east":{
                  "texture":"#metal",
                  "uv":[
                    14.390518188476562,
                    4.604562759399414,
                    14.542230606079102,
                    5.249853134155273
                  ],
                  "autoUv":false,
                  "rotation":90
                },
                "south":{
                  "texture":"#metal",
                  "uv":[
                    29.260173797607422,
                    25.771538257598877,
                    18.108924865722656,
                    26.211528301239014
                  ],
                  "autoUv":false
                },
                "west":{
                  "texture":"#metal",
                  "uv":[
                    20.584707260131836,
                    3.148294448852539,
                    20.736417770385742,
                    3.793590545654297
                  ],
                  "autoUv":false,
                  "rotation":270
                },
                "up":{
                  "texture":"#metal",
                  "uv":[
                    5.816211700439453,
                    8.14520263671875,
                    5.040794372558594,
                    14.812726974487305
                  ],
                  "autoUv":false,
                  "rotation":90
                },
                "down":{
                  "texture":"#metal",
                  "uv":[
                    5.816211700439453,
                    14.812726974487305,
                    5.040794372558594,
                    8.14520263671875
                  ],
                  "autoUv":false,
                  "rotation":90
                }
              },
              "children":[]
            },
            {
              "name":"blade 08",
              "from":[
                -5.309089869260788,
                1.2442469596862793e-05,
                0.7525734007358551
              ],
              "to":[
                -4.511844903230667,
                0.21963118016719818,
                1.3562286794185638
              ],
              "rotationOrigin":[
                -4.9104673862457275,
                0.10982181131839752,
                1.0544010400772095
              ],
              "rotationY":-124.81265025114358,
              "group":"Scene Collection",
              "faces":{
                "north":{
                  "texture":"#metal",
                  "uv":[
                    19.9990177154541,
                    3.0854721069335938,
                    20.736417770385742,
                    3.793590545654297
                  ],
                  "autoUv":false,
                  "rotation":90
                },
                "east":{
                  "texture":"#metal",
                  "uv":[
                    29.18435287475586,
                    25.720679759979248,
                    28.193531036376953,
                    26.2411150932312
                  ],
                  "autoUv":false
                },
                "south":{
                  "texture":"#metal",
                  "uv":[
                    27.82166290283203,
                    25.720679759979248,
                    29.18435287475586,
                    26.241116046905518
                  ],
                  "autoUv":false
                },
                "west":{
                  "texture":"#metal",
                  "uv":[
                    19.999021530151367,
                    2.5271339416503906,
                    20.535184860229492,
                    3.0854721069335938
                  ],
                  "autoUv":false
                },
                "up":{
                  "texture":"#metal",
                  "uv":[
                    7.284961700439453,
                    14.377960205078125,
                    5.040794372558594,
                    15.315610885620117
                  ],
                  "autoUv":false,
                  "rotation":270
                },
                "down":{
                  "texture":"#metal",
                  "uv":[
                    7.284961700439453,
                    15.315610885620117,
                    5.040794372558594,
                    14.377960205078125
                  ],
                  "autoUv":false,
                  "rotation":270
                }
              },
              "children":[]
            },
            {
              "name":"blade 09",
              "from":[
                0.18538516759872437,
                -0.0002410486340522766,
                0.5892986953258514
              ],
              "to":[
                1.8513208031654358,
                0.21779385954141617,
                1.1971845924854279
              ],
              "rotationOrigin":[
                1.01835298538208,
                0.10877640545368195,
                0.8932416439056396
              ],
              "rotationY":52.575893400360904,
              "group":"Scene Collection",
              "faces":{
                "north":{
                  "texture":"#metal",
                  "uv":[
                    13.692302703857422,
                    4.452465057373047,
                    14.44709587097168,
                    4.565364837646484
                  ],
                  "autoUv":false,
                  "rotation":270
                },
                "east":{
                  "texture":"#metal",
                  "uv":[
                    13.692304611206055,
                    4.452465057373047,
                    13.594244003295898,
                    5.108062744140625
                  ],
                  "autoUv":false,
                  "rotation":90
                },
                "south":{
                  "texture":"#metal",
                  "uv":[
                    19.48235321044922,
                    25.73098611831665,
                    16.59001922607422,
                    26.23430871963501
                  ],
                  "autoUv":false
                },
                "west":{
                  "texture":"#metal",
                  "uv":[
                    14.44709587097168,
                    4.565364837646484,
                    14.349035263061523,
                    5.220958709716797
                  ],
                  "autoUv":false,
                  "rotation":270
                },
                "up":{
                  "texture":"#metal",
                  "uv":[
                    7.284961700439453,
                    6.858787536621094,
                    5.040794372558594,
                    8.826530456542969
                  ],
                  "autoUv":false,
                  "rotation":90
                },
                "down":{
                  "texture":"#metal",
                  "uv":[
                    7.284961700439453,
                    8.826530456542969,
                    5.040794372558594,
                    6.858787536621094
                  ],
                  "autoUv":false,
                  "rotation":90
                }
              },
              "children":[]
            }
          ]
        }
      ]
    }
  ],
  "groups":[]
}