{
	"editor": {
		"allAngles": false,
		"singleTexture": false
	},
	"textureWidth": 16,
	"textureHeight": 16,
	"textures": {
		"metal": "block/metal/ingot/copper"
  },
  "textureSizes":{
    "material":[
      64,
      32
    ]
  },
  "elements":[
    {
      "name":"holder",
      "from":[
        5.482935190200806,
        0.012368440628051758,
        7.5447187423706055
      ],
      "to":[
        6.5202789306640625,
        1.5123684406280518,
        8.944127082824707
      ],
      "rotationOrigin":[
        4.22828483581543,
        0.5123684406280518,
        7.7471160888671875
      ],
      "group":"Scene Collection",
      "faces":{
        "north":{
          "texture":"#material",
          "uv":[
            33.6054573059082,
            16.007434844970703,
            30.675636291503906,
            20.009669303894043
          ],
          "autoUv":false
        },
        "east":{
          "texture":"#material",
          "uv":[
            2.0,
            1.0,
            8.0,
            4.0
          ],
          "autoUv":false
        },
        "south":{
          "texture":"#material",
          "uv":[
            30.675636291503906,
            16.007434844970703,
            33.6054573059082,
            20.009669303894043
          ],
          "autoUv":false
        },
        "west":{
          "texture":"#material",
          "uv":[
            56.0,
            20.0,
            62.0,
            23.0
          ],
          "autoUv":false
        },
        "up":{
          "texture":"#material",
          "uv":[
            33.514244079589844,
            28.40097427368164,
            37.57361602783203,
            31.410064697265625
          ],
          "autoUv":false,
          "rotation":90
        },
        "down":{
          "texture":"#material",
          "uv":[
            50.63924026489258,
            21.97256565093994,
            54.698612213134766,
            18.963475227355957
          ],
          "autoUv":false,
          "rotation":90
        }
      },
      "children":[
        {
          "name":"Blade 1",
          "from":[
            2.333582639694214,
            0.408907413482666,
            -0.16479262709617615
          ],
          "to":[
            8.235599756240845,
            1.036015272140503,
            0.699702799320221
          ],
          "rotationOrigin":[
            5.284591436386108,
            0.7224613428115845,
            0.2674551010131836
          ],
          "rotationX":2.783705734442091e-15,
          "rotationY":3.0828129844368084e-16,
          "rotationZ":12.640005280859896,
          "group":"Scene Collection",
          "faces":{
            "north":{
              "texture":"#material",
              "uv":[
                35.96221923828125,
                13.780889511108398,
                19.290241241455078,
                15.391633987426758
              ],
              "autoUv":false
            },
            "east":{
              "texture":"#material",
              "uv":[
                35.0345573425293,
                6.419809341430664,
                39.42567443847656,
                7.913837432861328
              ],
              "autoUv":false
            },
            "south":{
              "texture":"#material",
              "uv":[
                19.607641220092773,
                11.669788360595703,
                26.512680053710938,
                12.937252044677734
              ],
              "autoUv":false
            },
            "west":{
              "texture":"#material",
              "uv":[
                14.49968433380127,
                11.497314453125,
                17.002553939819336,
                12.932510375976562
              ],
              "autoUv":false
            },
            "up":{
              "texture":"#material",
              "uv":[
                28.73176383972168,
                9.815567016601562,
                31.208459854125977,
                26.31457233428955
              ],
              "autoUv":false,
              "rotation":90
            },
            "down":{
              "texture":"#material",
              "uv":[
                28.73176383972168,
                25.921452522277832,
                31.208459854125977,
                9.422449111938477
              ],
              "autoUv":false,
              "rotation":90
            }
          },
          "children":[
            {
              "name":"Blade 11",
              "from":[
                -0.08872568607330322,
                0.4100007563829422,
                -1.3672793209552765
              ],
              "to":[
                2.920774221420288,
                0.9100007265806198,
                0.12972328066825867
              ],
              "rotationOrigin":[
                1.4160242080688477,
                0.660000741481781,
                -0.6187781393527985
              ],
              "rotationX":11.651664955128004,
              "rotationY":0.17123740484514183,
              "rotationZ":0.6116972812752086,
              "group":"Scene Collection",
              "faces":{
                "north":{
                  "texture":"#material",
                  "uv":[
                    24.087711334228516,
                    12.0,
                    14.0,
                    20.0
                  ],
                  "autoUv":false
                },
                "east":{
                  "texture":"#material",
                  "uv":[
                    34.0,
                    7.0,
                    40.0,
                    8.0
                  ],
                  "autoUv":false
                },
                "south":{
                  "texture":"#material",
                  "uv":[
                    20.0,
                    12.0,
                    35.912288665771484,
                    13.0
                  ],
                  "autoUv":false
                },
                "west":{
                  "texture":"#material",
                  "uv":[
                    32.0601806640625,
                    18.60089111328125,
                    35.680885314941406,
                    20.24946403503418
                  ],
                  "autoUv":false
                },
                "up":{
                  "texture":"#material",
                  "uv":[
                    1.975198745727539,
                    19.263822555541992,
                    10.487804412841797,
                    23.498212814331055
                  ],
                  "autoUv":false
                },
                "down":{
                  "texture":"#material",
                  "uv":[
                    3.6614913940429688,
                    28.737783432006836,
                    12.174097061157227,
                    24.50339412689209
                  ],
                  "autoUv":false,
                  "rotation":180
                }
              },
              "children":[]
            },
            {
              "name":"Blade 110",
              "from":[
                2.837465524673462,
                0.8520417660474777,
                -2.691357344388962
              ],
              "to":[
                4.06167733669281,
                1.3520416766405106,
                -1.1943541467189789
              ],
              "rotationOrigin":[
                3.449571430683136,
                1.1020417213439941,
                -1.9428557455539703
              ],
              "rotationX":22.95238113032241,
              "rotationY":-4.943913329290078,
              "rotationZ":1.7002443261765632,
              "group":"Scene Collection",
              "faces":{
                "north":{
                  "texture":"#material",
                  "uv":[
                    45.656158447265625,
                    24.140530586242676,
                    41.856109619140625,
                    25.748186111450195
                  ],
                  "autoUv":false
                },
                "east":{
                  "texture":"#material",
                  "uv":[
                    40.0,
                    7.0,
                    46.0,
                    8.0
                  ],
                  "autoUv":false
                },
                "south":{
                  "texture":"#material",
                  "uv":[
                    14.0,
                    12.0,
                    33.52716064453125,
                    20.0
                  ],
                  "autoUv":false
                },
                "west":{
                  "texture":"#material",
                  "uv":[
                    8.0,
                    12.0,
                    14.0,
                    13.0
                  ],
                  "autoUv":false
                },
                "up":{
                  "texture":"#material",
                  "uv":[
                    10.487802505493164,
                    15.029430389404297,
                    13.950578689575195,
                    19.263824462890625
                  ],
                  "autoUv":false
                },
                "down":{
                  "texture":"#material",
                  "uv":[
                    12.174095153808594,
                    24.503396034240723,
                    15.63687515258789,
                    20.269001960754395
                  ],
                  "autoUv":false,
                  "rotation":180
                }
              },
              "children":[]
            },
            {
              "name":"Blade 111",
              "from":[
                3.9943341612815857,
                0.8345794379711151,
                -2.545491009950638
              ],
              "to":[
                5.218544542789459,
                1.3345794975757599,
                -1.0484876930713654
              ],
              "rotationOrigin":[
                4.6064393520355225,
                1.0845794677734375,
                -1.7969893515110016
              ],
              "rotationX":23.097884650211192,
              "rotationY":-8.884885095950068,
              "rotationZ":2.4986368776469896,
              "group":"Scene Collection",
              "faces":{
                "north":{
                  "texture":"#material",
                  "uv":[
                    49.404075622558594,
                    24.140530586242676,
                    45.64076232910156,
                    25.748186111450195
                  ],
                  "autoUv":false
                },
                "east":{
                  "texture":"#material",
                  "uv":[
                    40.0,
                    7.0,
                    46.0,
                    8.0
                  ],
                  "autoUv":false
                },
                "south":{
                  "texture":"#material",
                  "uv":[
                    14.0,
                    12.0,
                    33.52716064453125,
                    20.0
                  ],
                  "autoUv":false
                },
                "west":{
                  "texture":"#material",
                  "uv":[
                    8.0,
                    12.0,
                    14.0,
                    13.0
                  ],
                  "autoUv":false
                },
                "up":{
                  "texture":"#material",
                  "uv":[
                    13.950578689575195,
                    15.029426574707031,
                    17.413354873657227,
                    19.26382064819336
                  ],
                  "autoUv":false
                },
                "down":{
                  "texture":"#material",
                  "uv":[
                    15.636871337890625,
                    24.503392219543457,
                    19.099647521972656,
                    20.269001960754395
                  ],
                  "autoUv":false,
                  "rotation":180
                }
              },
              "children":[]
            },
            {
              "name":"Blade 112",
              "from":[
                5.041589677333832,
                0.7957298457622528,
                -2.28441122174263
              ],
              "to":[
                6.26580148935318,
                1.2957299053668976,
                -0.7874079048633575
              ],
              "rotationOrigin":[
                5.653695583343506,
                1.0457298755645752,
                -1.5359095633029938
              ],
              "rotationX":23.71343325104379,
              "rotationY":-18.575626646029505,
              "rotationZ":4.571683387450015,
              "group":"Scene Collection",
              "faces":{
                "north":{
                  "texture":"#material",
                  "uv":[
                    52.964683532714844,
                    24.140530586242676,
                    49.37733459472656,
                    25.748186111450195
                  ],
                  "autoUv":false
                },
                "east":{
                  "texture":"#material",
                  "uv":[
                    40.0,
                    7.0,
                    46.0,
                    8.0
                  ],
                  "autoUv":false
                },
                "south":{
                  "texture":"#material",
                  "uv":[
                    14.0,
                    12.0,
                    33.52716064453125,
                    20.0
                  ],
                  "autoUv":false
                },
                "west":{
                  "texture":"#material",
                  "uv":[
                    8.0,
                    12.0,
                    14.0,
                    13.0
                  ],
                  "autoUv":false
                },
                "up":{
                  "texture":"#material",
                  "uv":[
                    17.413354873657227,
                    15.029428482055664,
                    20.876131057739258,
                    19.26382064819336
                  ],
                  "autoUv":false
                },
                "down":{
                  "texture":"#material",
                  "uv":[
                    19.099647521972656,
                    24.503392219543457,
                    22.562427520751953,
                    20.26900005340576
                  ],
                  "autoUv":false,
                  "rotation":180
                }
              },
              "children":[]
            },
            {
              "name":"Blade 113",
              "from":[
                5.8809656500816345,
                0.71307572722435,
                -1.8416697680950165
              ],
              "to":[
                7.105177462100983,
                1.2130757868289948,
                -0.34466657042503357
              ],
              "rotationOrigin":[
                6.493071556091309,
                0.9630757570266724,
                -1.093168169260025
              ],
              "rotationX":26.118006470988657,
              "rotationY":-36.262030964015054,
              "rotationZ":9.247347867277012,
              "group":"Scene Collection",
              "faces":{
                "north":{
                  "texture":"#material",
                  "uv":[
                    55.91215515136719,
                    24.140530586242676,
                    52.94043731689453,
                    25.748186111450195
                  ],
                  "autoUv":false
                },
                "east":{
                  "texture":"#material",
                  "uv":[
                    40.0,
                    7.0,
                    46.0,
                    8.0
                  ],
                  "autoUv":false
                },
                "south":{
                  "texture":"#material",
                  "uv":[
                    14.0,
                    12.0,
                    33.52716064453125,
                    20.0
                  ],
                  "autoUv":false
                },
                "west":{
                  "texture":"#material",
                  "uv":[
                    8.0,
                    12.0,
                    14.0,
                    13.0
                  ],
                  "autoUv":false
                },
                "up":{
                  "texture":"#material",
                  "uv":[
                    20.876131057739258,
                    15.029426574707031,
                    24.33890724182129,
                    19.26382064819336
                  ],
                  "autoUv":false
                },
                "down":{
                  "texture":"#material",
                  "uv":[
                    22.562423706054688,
                    24.503392219543457,
                    26.025203704833984,
                    20.26899814605713
                  ],
                  "autoUv":false,
                  "rotation":180
                }
              },
              "children":[]
            },
            {
              "name":"Blade 114",
              "from":[
                6.538985908031464,
                0.5836521089076996,
                -1.1649939715862274
              ],
              "to":[
                7.763196289539337,
                1.0836521685123444,
                0.3320092260837555
              ],
              "rotationOrigin":[
                7.1510910987854,
                0.833652138710022,
                -0.41649237275123596
              ],
              "rotationX":31.78374913280449,
              "rotationY":-53.64021787306189,
              "rotationZ":16.854830494083785,
              "group":"Scene Collection",
              "faces":{
                "north":{
                  "texture":"#material",
                  "uv":[
                    58.002464294433594,
                    24.140530586242676,
                    55.95588684082031,
                    25.748186111450195
                  ],
                  "autoUv":false
                },
                "east":{
                  "texture":"#material",
                  "uv":[
                    40.0,
                    7.0,
                    46.0,
                    8.0
                  ],
                  "autoUv":false
                },
                "south":{
                  "texture":"#material",
                  "uv":[
                    14.0,
                    12.0,
                    33.52716064453125,
                    20.0
                  ],
                  "autoUv":false
                },
                "west":{
                  "texture":"#material",
                  "uv":[
                    8.0,
                    12.0,
                    14.0,
                    13.0
                  ],
                  "autoUv":false
                },
                "up":{
                  "texture":"#material",
                  "uv":[
                    24.33890724182129,
                    15.029426574707031,
                    27.80168342590332,
                    19.26382064819336
                  ],
                  "autoUv":false
                },
                "down":{
                  "texture":"#material",
                  "uv":[
                    26.02519989013672,
                    24.503392219543457,
                    29.48797607421875,
                    20.269001960754395
                  ],
                  "autoUv":false,
                  "rotation":180
                }
              },
              "children":[]
            },
            {
              "name":"Blade 115",
              "from":[
                7.285150080919266,
                0.4756859838962555,
                -0.6295898258686066
              ],
              "to":[
                7.705022305250168,
                0.9756859242916107,
                0.8674134910106659
              ],
              "rotationOrigin":[
                7.495086193084717,
                0.7256859540939331,
                0.11891183257102966
              ],
              "rotationX":40.5235464966315,
              "rotationY":-64.84089824389865,
              "rotationZ":26.795590264957895,
              "group":"Scene Collection",
              "faces":{
                "north":{
                  "texture":"#material",
                  "uv":[
                    58.509742736816406,
                    24.140530586242676,
                    58.06341552734375,
                    25.748186111450195
                  ],
                  "autoUv":false
                },
                "east":{
                  "texture":"#material",
                  "uv":[
                    22.917312622070312,
                    8.0,
                    46.0,
                    10.285133361816406
                  ],
                  "autoUv":false,
                  "rotation":90
                },
                "south":{
                  "texture":"#material",
                  "uv":[
                    14.0,
                    12.0,
                    20.69729995727539,
                    15.400815963745117
                  ],
                  "autoUv":false
                },
                "west":{
                  "texture":"#material",
                  "uv":[
                    8.0,
                    12.0,
                    14.0,
                    13.0
                  ],
                  "autoUv":false
                },
                "up":{
                  "texture":"#material",
                  "uv":[
                    27.80168342590332,
                    15.028915405273438,
                    28.989465713500977,
                    19.26382064819336
                  ],
                  "autoUv":false
                },
                "down":{
                  "texture":"#material",
                  "uv":[
                    29.48797607421875,
                    24.503392219543457,
                    30.675756454467773,
                    20.268486976623535
                  ],
                  "autoUv":false,
                  "rotation":180
                }
              },
              "children":[]
            },
            {
              "name":"Blade 12",
              "from":[
                7.1270060539245605,
                0.36199912428855896,
                -0.31625762581825256
              ],
              "to":[
                8.855995178222656,
                0.9454814493656158,
                1.1807444989681244
              ],
              "rotationOrigin":[
                7.559253692626953,
                0.6537402868270874,
                0.4322434365749359
              ],
              "rotationX":90.00000250447816,
              "rotationY":-74.76077812648003,
              "rotationZ":90.00000250447816,
              "group":"Scene Collection",
              "faces":{
                "north":{
                  "texture":"#material",
                  "uv":[
                    58.713523864746094,
                    24.10963249206543,
                    63.603675842285156,
                    25.759915351867676
                  ],
                  "autoUv":false
                },
                "east":{
                  "texture":"#material",
                  "uv":[
                    22.917312622070312,
                    8.071609497070312,
                    46.4958610534668,
                    10.285133361816406
                  ],
                  "autoUv":false,
                  "rotation":90
                },
                "south":{
                  "texture":"#material",
                  "uv":[
                    14.0,
                    12.0,
                    34.26318359375,
                    14.668399810791016
                  ],
                  "autoUv":false
                },
                "west":{
                  "texture":"#material",
                  "uv":[
                    41.72114562988281,
                    13.780889511108398,
                    37.630584716796875,
                    15.391633987426758
                  ],
                  "autoUv":false
                },
                "up":{
                  "texture":"#material",
                  "uv":[
                    38.126888275146484,
                    15.029430389404297,
                    43.01748275756836,
                    19.263819694519043
                  ],
                  "autoUv":false
                },
                "down":{
                  "texture":"#material",
                  "uv":[
                    38.126888275146484,
                    12.890678405761719,
                    43.2041130065918,
                    8.656288146972656
                  ],
                  "autoUv":false,
                  "rotation":180
                }
              },
              "children":[]
            },
            {
              "name":"Blade 14",
              "from":[
                2.7087543308734894,
                0.42010411620140076,
                -1.3211369812488556
              ],
              "to":[
                3.9329661428928375,
                0.9201041758060455,
                0.17586609721183777
              ],
              "rotationOrigin":[
                3.3208602368831635,
                0.6701041460037231,
                -0.5726355612277985
              ],
              "rotationX":11.718622153335284,
              "rotationY":-5.1671730033507535,
              "rotationZ":0.6167334785710352,
              "group":"Scene Collection",
              "faces":{
                "north":{
                  "texture":"#material",
                  "uv":[
                    33.52716064453125,
                    12.0,
                    14.0,
                    20.0
                  ],
                  "autoUv":false
                },
                "east":{
                  "texture":"#material",
                  "uv":[
                    34.0,
                    7.0,
                    40.0,
                    8.0
                  ],
                  "autoUv":false
                },
                "south":{
                  "texture":"#material",
                  "uv":[
                    20.0,
                    12.0,
                    26.47283935546875,
                    13.0
                  ],
                  "autoUv":false
                },
                "west":{
                  "texture":"#material",
                  "uv":[
                    14.0,
                    12.0,
                    20.0,
                    13.0
                  ],
                  "autoUv":false
                },
                "up":{
                  "texture":"#material",
                  "uv":[
                    10.487804412841797,
                    19.26382064819336,
                    13.950582504272461,
                    23.498212814331055
                  ],
                  "autoUv":false
                },
                "down":{
                  "texture":"#material",
                  "uv":[
                    12.174097061157227,
                    28.737783432006836,
                    15.636878967285156,
                    24.503392219543457
                  ],
                  "autoUv":false,
                  "rotation":180
                }
              },
              "children":[]
            },
            {
              "name":"Blade 15",
              "from":[
                3.766166865825653,
                0.40557119250297546,
                -1.1878496706485748
              ],
              "to":[
                4.990377962589264,
                0.9055712521076202,
                0.30915364623069763
              ],
              "rotationOrigin":[
                4.3782724142074585,
                0.6555712223052979,
                -0.43934813141822815
              ],
              "rotationX":11.760166778961887,
              "rotationY":-9.2002818874801,
              "rotationZ":0.7510470675260732,
              "group":"Scene Collection",
              "faces":{
                "north":{
                  "texture":"#material",
                  "uv":[
                    33.52716064453125,
                    12.0,
                    14.0,
                    20.0
                  ],
                  "autoUv":false
                },
                "east":{
                  "texture":"#material",
                  "uv":[
                    34.0,
                    7.0,
                    40.0,
                    8.0
                  ],
                  "autoUv":false
                },
                "south":{
                  "texture":"#material",
                  "uv":[
                    20.0,
                    12.0,
                    26.47283935546875,
                    13.0
                  ],
                  "autoUv":false
                },
                "west":{
                  "texture":"#material",
                  "uv":[
                    14.0,
                    12.0,
                    20.0,
                    13.0
                  ],
                  "autoUv":false
                },
                "up":{
                  "texture":"#material",
                  "uv":[
                    13.950584411621094,
                    19.26382064819336,
                    17.413360595703125,
                    23.498212814331055
                  ],
                  "autoUv":false
                },
                "down":{
                  "texture":"#material",
                  "uv":[
                    15.63687515258789,
                    28.737783432006836,
                    19.099653244018555,
                    24.503392219543457
                  ],
                  "autoUv":false,
                  "rotation":180
                }
              },
              "children":[]
            },
            {
              "name":"Blade 16",
              "from":[
                4.571587979793549,
                0.36756715178489685,
                -0.9866090714931488
              ],
              "to":[
                5.795799791812897,
                0.8675672113895416,
                0.5103941261768341
              ],
              "rotationOrigin":[
                5.183693885803223,
                0.6175671815872192,
                -0.2381075918674469
              ],
              "rotationX":11.90966510574148,
              "rotationY":-19.039924122786754,
              "rotationZ":0.7308881910776037,
              "group":"Scene Collection",
              "faces":{
                "north":{
                  "texture":"#material",
                  "uv":[
                    33.52716064453125,
                    12.0,
                    14.0,
                    20.0
                  ],
                  "autoUv":false
                },
                "east":{
                  "texture":"#material",
                  "uv":[
                    34.0,
                    7.0,
                    40.0,
                    8.0
                  ],
                  "autoUv":false
                },
                "south":{
                  "texture":"#material",
                  "uv":[
                    20.0,
                    12.0,
                    26.47283935546875,
                    13.0
                  ],
                  "autoUv":false
                },
                "west":{
                  "texture":"#material",
                  "uv":[
                    14.0,
                    12.0,
                    20.0,
                    13.0
                  ],
                  "autoUv":false
                },
                "up":{
                  "texture":"#material",
                  "uv":[
                    16.310930252075195,
                    19.263822555541992,
                    19.931198120117188,
                    23.498212814331055
                  ],
                  "autoUv":false
                },
                "down":{
                  "texture":"#material",
                  "uv":[
                    17.997222900390625,
                    28.737783432006836,
                    21.617494583129883,
                    24.50339412689209
                  ],
                  "autoUv":false,
                  "rotation":180
                }
              },
              "children":[]
            },
            {
              "name":"Blade 17",
              "from":[
                5.011948525905609,
                0.32332146167755127,
                -0.75423464179039
              ],
              "to":[
                6.236159861087799,
                0.8233214616775513,
                0.7427680790424347
              ],
              "rotationOrigin":[
                5.624054193496704,
                0.5733214616775513,
                -0.005733400583267212
              ],
              "rotationX":12.17970431854075,
              "rotationY":-37.25659529962812,
              "rotationZ":0.8835733347135364,
              "group":"Scene Collection",
              "faces":{
                "north":{
                  "texture":"#material",
                  "uv":[
                    33.52716064453125,
                    12.0,
                    14.0,
                    20.0
                  ],
                  "autoUv":false
                },
                "east":{
                  "texture":"#material",
                  "uv":[
                    34.0,
                    7.0,
                    40.0,
                    8.0
                  ],
                  "autoUv":false
                },
                "south":{
                  "texture":"#material",
                  "uv":[
                    20.0,
                    12.0,
                    26.47283935546875,
                    13.0
                  ],
                  "autoUv":false
                },
                "west":{
                  "texture":"#material",
                  "uv":[
                    14.0,
                    12.0,
                    20.0,
                    13.0
                  ],
                  "autoUv":false
                },
                "up":{
                  "texture":"#material",
                  "uv":[
                    15.625110626220703,
                    19.263822555541992,
                    19.087888717651367,
                    23.498212814331055
                  ],
                  "autoUv":false
                },
                "down":{
                  "texture":"#material",
                  "uv":[
                    17.311403274536133,
                    28.737783432006836,
                    20.774185180664062,
                    24.50339412689209
                  ],
                  "autoUv":false,
                  "rotation":180
                }
              },
              "children":[]
            },
            {
              "name":"Blade 18",
              "from":[
                5.140245020389557,
                0.2750844657421112,
                -0.5107733905315399
              ],
              "to":[
                6.6405317187309265,
                0.775084525346756,
                0.9862300455570221
              ],
              "rotationOrigin":[
                5.890388488769531,
                0.5250844955444336,
                0.23772820830345154
              ],
              "rotationX":12.699309252102177,
              "rotationY":-55.41643247238581,
              "rotationZ":1.2173646794520596,
              "group":"Scene Collection",
              "faces":{
                "north":{
                  "texture":"#material",
                  "uv":[
                    33.52716064453125,
                    12.0,
                    14.0,
                    20.0
                  ],
                  "autoUv":false
                },
                "east":{
                  "texture":"#material",
                  "uv":[
                    34.0,
                    7.0,
                    40.0,
                    8.0
                  ],
                  "autoUv":false
                },
                "south":{
                  "texture":"#material",
                  "uv":[
                    20.0,
                    12.0,
                    26.47283935546875,
                    13.0
                  ],
                  "autoUv":false
                },
                "west":{
                  "texture":"#material",
                  "uv":[
                    14.0,
                    12.0,
                    20.0,
                    13.0
                  ],
                  "autoUv":false
                },
                "up":{
                  "texture":"#material",
                  "uv":[
                    18.859661102294922,
                    19.26382064819336,
                    23.103342056274414,
                    23.498212814331055
                  ],
                  "autoUv":false
                },
                "down":{
                  "texture":"#material",
                  "uv":[
                    20.54595375061035,
                    28.925283432006836,
                    24.789634704589844,
                    24.690892219543457
                  ],
                  "autoUv":false,
                  "rotation":180
                }
              },
              "children":[]
            },
            {
              "name":"Blade 19",
              "from":[
                -0.0944981575012207,
                0.8353958129882812,
                -2.74356147646904
              ],
              "to":[
                2.9150019884109497,
                1.3353958129882812,
                -1.246558278799057
              ],
              "rotationOrigin":[
                1.4102518558502197,
                1.0853958129882812,
                -1.9950598776340485
              ],
              "rotationX":22.844691245226112,
              "rotationY":0.27857612216856653,
              "rotationZ":0.6612263446807032,
              "group":"Scene Collection",
              "faces":{
                "north":{
                  "texture":"#material",
                  "uv":[
                    41.87791442871094,
                    24.140530586242676,
                    32.49418640136719,
                    25.748186111450195
                  ],
                  "autoUv":false
                },
                "east":{
                  "texture":"#material",
                  "uv":[
                    40.0,
                    7.0,
                    46.0,
                    8.0
                  ],
                  "autoUv":false
                },
                "south":{
                  "texture":"#material",
                  "uv":[
                    14.0,
                    12.0,
                    24.087711334228516,
                    20.0
                  ],
                  "autoUv":false
                },
                "west":{
                  "texture":"#material",
                  "uv":[
                    28.355777740478516,
                    18.617782592773438,
                    32.0601806640625,
                    20.232572555541992
                  ],
                  "autoUv":false
                },
                "up":{
                  "texture":"#material",
                  "uv":[
                    1.975198745727539,
                    15.029430389404297,
                    10.487802505493164,
                    19.263822555541992
                  ],
                  "autoUv":false
                },
                "down":{
                  "texture":"#material",
                  "uv":[
                    3.6614913940429688,
                    24.50339412689209,
                    12.174095153808594,
                    20.269001960754395
                  ],
                  "autoUv":false,
                  "rotation":180
                }
              },
              "children":[]
            }
          ]
        },
        {
          "name":"Blade 2",
          "from":[
            2.333582639694214,
            0.408907413482666,
            0.6997036039829254
          ],
          "to":[
            8.235599756240845,
            1.036015272140503,
            1.5641990303993225
          ],
          "rotationOrigin":[
            5.284591436386108,
            0.7224613428115845,
            1.1319513320922852
          ],
          "rotationX":2.783705734442091e-15,
          "rotationY":3.0828129844368084e-16,
          "rotationZ":12.640005280859896,
          "group":"Scene Collection",
          "faces":{
            "north":{
              "texture":"#material",
              "uv":[
                34.18008041381836,
                11.497314453125,
                14.49968433380127,
                18.614910125732422
              ],
              "autoUv":false
            },
            "east":{
              "texture":"#material",
              "uv":[
                35.0345573425293,
                6.419809341430664,
                39.42567443847656,
                7.913837432861328
              ],
              "autoUv":false
            },
            "south":{
              "texture":"#material",
              "uv":[
                19.290241241455078,
                13.780889511108398,
                35.96221923828125,
                15.391633987426758
              ],
              "autoUv":false
            },
            "west":{
              "texture":"#material",
              "uv":[
                14.49968433380127,
                11.497314453125,
                17.002553939819336,
                12.932510375976562
              ],
              "autoUv":false
            },
            "up":{
              "texture":"#material",
              "uv":[
                31.208459854125977,
                9.815567016601562,
                33.685157775878906,
                26.31457233428955
              ],
              "autoUv":false,
              "rotation":90
            },
            "down":{
              "texture":"#material",
              "uv":[
                31.208459854125977,
                25.921452522277832,
                33.685157775878906,
                9.422449111938477
              ],
              "autoUv":false,
              "rotation":90
            }
          },
          "children":[
            {
              "name":"Blade 21",
              "from":[
                -0.0887296199798584,
                0.41000165045261383,
                0.7347657382488251
              ],
              "to":[
                2.920770525932312,
                0.9100016206502914,
                2.2317688167095184
              ],
              "rotationOrigin":[
                1.416020393371582,
                0.6600016355514526,
                1.4832673966884613
              ],
              "rotationX":-11.612643230626075,
              "rotationY":-0.17981037281077886,
              "rotationZ":0.6099325845092595,
              "group":"Scene Collection",
              "faces":{
                "north":{
                  "texture":"#material",
                  "uv":[
                    35.912288665771484,
                    12.0,
                    20.0,
                    13.0
                  ],
                  "autoUv":false
                },
                "east":{
                  "texture":"#material",
                  "uv":[
                    40.0,
                    7.0,
                    34.0,
                    8.0
                  ],
                  "autoUv":false
                },
                "south":{
                  "texture":"#material",
                  "uv":[
                    14.0,
                    12.0,
                    24.087711334228516,
                    20.0
                  ],
                  "autoUv":false
                },
                "west":{
                  "texture":"#material",
                  "uv":[
                    37.33797073364258,
                    18.60089111328125,
                    40.958675384521484,
                    20.24946403503418
                  ],
                  "autoUv":false
                },
                "up":{
                  "texture":"#material",
                  "uv":[
                    10.488840103149414,
                    19.331298828125,
                    1.975198745727539,
                    23.56620216369629
                  ],
                  "autoUv":false,
                  "rotation":180
                },
                "down":{
                  "texture":"#material",
                  "uv":[
                    3.6614913940429688,
                    28.737783432006836,
                    12.175132751464844,
                    24.502880096435547
                  ],
                  "autoUv":false,
                  "rotation":180
                }
              },
              "children":[]
            },
            {
              "name":"Blade 210",
              "from":[
                2.8374617099761963,
                0.8520425260066986,
                2.058843344449997
              ],
              "to":[
                4.061673521995544,
                1.3520425856113434,
                3.5558466613292694
              ],
              "rotationOrigin":[
                3.4495676159858704,
                1.102042555809021,
                2.807345002889633
              ],
              "rotationX":-22.952376007680535,
              "rotationY":4.943913329290078,
              "rotationZ":1.7002420850207418,
              "group":"Scene Collection",
              "faces":{
                "north":{
                  "texture":"#material",
                  "uv":[
                    33.52716064453125,
                    12.0,
                    14.0,
                    20.0
                  ],
                  "autoUv":false
                },
                "east":{
                  "texture":"#material",
                  "uv":[
                    46.0,
                    7.0,
                    40.0,
                    8.0
                  ],
                  "autoUv":false
                },
                "south":{
                  "texture":"#material",
                  "uv":[
                    41.856109619140625,
                    24.140530586242676,
                    45.656158447265625,
                    25.748186111450195
                  ],
                  "autoUv":false
                },
                "west":{
                  "texture":"#material",
                  "uv":[
                    14.0,
                    12.0,
                    8.0,
                    13.0
                  ],
                  "autoUv":false
                },
                "up":{
                  "texture":"#material",
                  "uv":[
                    13.952043533325195,
                    23.56620216369629,
                    10.488840103149414,
                    27.801105976104736
                  ],
                  "autoUv":false,
                  "rotation":180
                },
                "down":{
                  "texture":"#material",
                  "uv":[
                    12.175132751464844,
                    24.502880096435547,
                    15.63833236694336,
                    20.267976760864258
                  ],
                  "autoUv":false,
                  "rotation":180
                }
              },
              "children":[]
            },
            {
              "name":"Blade 211",
              "from":[
                3.994328260421753,
                0.8345803916454315,
                1.912977010011673
              ],
              "to":[
                5.218538761138916,
                1.3345804512500763,
                3.409980207681656
              ],
              "rotationOrigin":[
                4.6064335107803345,
                1.084580421447754,
                2.6614786088466644
              ],
              "rotationX":-23.0978829426639,
              "rotationY":8.884885095950068,
              "rotationZ":2.4986390120811053,
              "group":"Scene Collection",
              "faces":{
                "north":{
                  "texture":"#material",
                  "uv":[
                    33.52716064453125,
                    12.0,
                    14.0,
                    20.0
                  ],
                  "autoUv":false
                },
                "east":{
                  "texture":"#material",
                  "uv":[
                    46.0,
                    7.0,
                    40.0,
                    8.0
                  ],
                  "autoUv":false
                },
                "south":{
                  "texture":"#material",
                  "uv":[
                    45.64076232910156,
                    24.140530586242676,
                    49.404075622558594,
                    25.748186111450195
                  ],
                  "autoUv":false
                },
                "west":{
                  "texture":"#material",
                  "uv":[
                    14.0,
                    12.0,
                    8.0,
                    13.0
                  ],
                  "autoUv":false
                },
                "up":{
                  "texture":"#material",
                  "uv":[
                    17.415239334106445,
                    23.56620216369629,
                    13.95203971862793,
                    27.801105976104736
                  ],
                  "autoUv":false,
                  "rotation":180
                },
                "down":{
                  "texture":"#material",
                  "uv":[
                    15.638336181640625,
                    24.502880096435547,
                    19.101531982421875,
                    20.267976760864258
                  ],
                  "autoUv":false,
                  "rotation":180
                }
              },
              "children":[]
            },
            {
              "name":"Blade 212",
              "from":[
                5.041585862636566,
                0.7957307994365692,
                1.6518972218036652
              ],
              "to":[
                6.265797674655914,
                1.295730859041214,
                3.148900419473648
              ],
              "rotationOrigin":[
                5.65369176864624,
                1.0457308292388916,
                2.4003988206386566
              ],
              "rotationX":-23.71343325104379,
              "rotationY":18.575628353576796,
              "rotationZ":4.571687656318247,
              "group":"Scene Collection",
              "faces":{
                "north":{
                  "texture":"#material",
                  "uv":[
                    33.52716064453125,
                    12.0,
                    14.0,
                    20.0
                  ],
                  "autoUv":false
                },
                "east":{
                  "texture":"#material",
                  "uv":[
                    46.0,
                    7.0,
                    40.0,
                    8.0
                  ],
                  "autoUv":false
                },
                "south":{
                  "texture":"#material",
                  "uv":[
                    49.37733459472656,
                    24.140530586242676,
                    52.964683532714844,
                    25.748186111450195
                  ],
                  "autoUv":false
                },
                "west":{
                  "texture":"#material",
                  "uv":[
                    14.0,
                    12.0,
                    8.0,
                    13.0
                  ],
                  "autoUv":false
                },
                "up":{
                  "texture":"#material",
                  "uv":[
                    20.87843894958496,
                    23.56620216369629,
                    17.415239334106445,
                    27.801105976104736
                  ],
                  "autoUv":false,
                  "rotation":180
                },
                "down":{
                  "texture":"#material",
                  "uv":[
                    19.101531982421875,
                    24.502880096435547,
                    22.56473159790039,
                    20.267976760864258
                  ],
                  "autoUv":false,
                  "rotation":180
                }
              },
              "children":[]
            },
            {
              "name":"Blade 213",
              "from":[
                5.880961835384369,
                0.7130766808986664,
                1.2091557681560516
              ],
              "to":[
                7.105173647403717,
                1.2130767405033112,
                2.706159085035324
              ],
              "rotationOrigin":[
                6.493067741394043,
                0.9630767107009888,
                1.9576574265956879
              ],
              "rotationX":-26.11800305589407,
              "rotationY":36.262030964015054,
              "rotationZ":9.247347867277012,
              "group":"Scene Collection",
              "faces":{
                "north":{
                  "texture":"#material",
                  "uv":[
                    33.52716064453125,
                    12.0,
                    14.0,
                    20.0
                  ],
                  "autoUv":false
                },
                "east":{
                  "texture":"#material",
                  "uv":[
                    46.0,
                    7.0,
                    40.0,
                    8.0
                  ],
                  "autoUv":false
                },
                "south":{
                  "texture":"#material",
                  "uv":[
                    52.94043731689453,
                    24.140530586242676,
                    55.91215515136719,
                    25.748186111450195
                  ],
                  "autoUv":false
                },
                "west":{
                  "texture":"#material",
                  "uv":[
                    14.0,
                    12.0,
                    8.0,
                    13.0
                  ],
                  "autoUv":false
                },
                "up":{
                  "texture":"#material",
                  "uv":[
                    24.341638565063477,
                    23.56620216369629,
                    20.87843894958496,
                    27.801105976104736
                  ],
                  "autoUv":false,
                  "rotation":180
                },
                "down":{
                  "texture":"#material",
                  "uv":[
                    22.56473159790039,
                    24.502880096435547,
                    26.027931213378906,
                    20.267976760864258
                  ],
                  "autoUv":false,
                  "rotation":180
                }
              },
              "children":[]
            },
            {
              "name":"Blade 214",
              "from":[
                6.538982033729553,
                0.5836533010005951,
                0.5324800312519073
              ],
              "to":[
                7.763192534446716,
                1.0836533606052399,
                2.0294832289218903
              ],
              "rotationOrigin":[
                7.151087284088135,
                0.8336533308029175,
                1.2809816300868988
              ],
              "rotationX":-31.78374913280449,
              "rotationY":53.64021787306189,
              "rotationZ":16.854830494083785,
              "group":"Scene Collection",
              "faces":{
                "north":{
                  "texture":"#material",
                  "uv":[
                    33.52716064453125,
                    12.0,
                    14.0,
                    20.0
                  ],
                  "autoUv":false
                },
                "east":{
                  "texture":"#material",
                  "uv":[
                    46.0,
                    7.0,
                    40.0,
                    8.0
                  ],
                  "autoUv":false
                },
                "south":{
                  "texture":"#material",
                  "uv":[
                    55.95587158203125,
                    24.140530586242676,
                    58.002464294433594,
                    25.748186111450195
                  ],
                  "autoUv":false
                },
                "west":{
                  "texture":"#material",
                  "uv":[
                    14.0,
                    12.0,
                    8.0,
                    13.0
                  ],
                  "autoUv":false
                },
                "up":{
                  "texture":"#material",
                  "uv":[
                    27.804834365844727,
                    23.56620216369629,
                    24.34163475036621,
                    27.801105976104736
                  ],
                  "autoUv":false,
                  "rotation":180
                },
                "down":{
                  "texture":"#material",
                  "uv":[
                    26.027931213378906,
                    24.502880096435547,
                    29.491127014160156,
                    20.267976760864258
                  ],
                  "autoUv":false,
                  "rotation":180
                }
              },
              "children":[]
            },
            {
              "name":"Blade 215",
              "from":[
                7.2851452976465225,
                0.4756861925125122,
                -0.0029242336750030518
              ],
              "to":[
                7.70501945912838,
                0.9756861925125122,
                1.4940790832042694
              ],
              "rotationOrigin":[
                7.495082378387451,
                0.7256861925125122,
                0.7455774247646332
              ],
              "rotationX":-40.52355332682067,
              "rotationY":64.84089141370949,
              "rotationZ":26.795590264957895,
              "group":"Scene Collection",
              "faces":{
                "north":{
                  "texture":"#material",
                  "uv":[
                    20.697330474853516,
                    12.0,
                    14.0,
                    15.400825500488281
                  ],
                  "autoUv":false
                },
                "east":{
                  "texture":"#material",
                  "uv":[
                    46.0,
                    8.0,
                    22.917354583740234,
                    10.285123825073242
                  ],
                  "autoUv":false,
                  "rotation":270
                },
                "south":{
                  "texture":"#material",
                  "uv":[
                    58.06341552734375,
                    24.140530586242676,
                    58.509742736816406,
                    25.748186111450195
                  ],
                  "autoUv":false
                },
                "west":{
                  "texture":"#material",
                  "uv":[
                    14.0,
                    12.0,
                    8.0,
                    13.0
                  ],
                  "autoUv":false
                },
                "up":{
                  "texture":"#material",
                  "uv":[
                    28.992630004882812,
                    23.56620216369629,
                    27.804834365844727,
                    27.801105976104736
                  ],
                  "autoUv":false,
                  "rotation":180
                },
                "down":{
                  "texture":"#material",
                  "uv":[
                    29.491130828857422,
                    24.502880096435547,
                    30.678922653198242,
                    20.267976760864258
                  ],
                  "autoUv":false,
                  "rotation":180
                }
              },
              "children":[]
            },
            {
              "name":"Blade 23",
              "from":[
                5.057873487472534,
                0.07925939559936523,
                -0.08384284377098083
              ],
              "to":[
                6.786864519119263,
                0.6627423763275146,
                0.9483306109905243
              ],
              "rotationOrigin":[
                6.35461688041687,
                0.37100088596343994,
                0.4322439134120941
              ],
              "rotationX":90.00005031580235,
              "rotationY":-80.2389450106671,
              "rotationZ":90.00005031580235,
              "group":"Scene Collection",
              "faces":{
                "north":{
                  "texture":"#material",
                  "uv":[
                    46.142425537109375,
                    6.0,
                    55.28421401977539,
                    7.166961669921875
                  ],
                  "autoUv":false
                },
                "east":{
                  "texture":"#material",
                  "uv":[
                    35.081871032714844,
                    13.780889511108398,
                    37.96022415161133,
                    15.391633987426758
                  ],
                  "autoUv":false
                },
                "south":{
                  "texture":"#material",
                  "uv":[
                    12.136958122253418,
                    12.0,
                    25.86638832092285,
                    14.673519134521484
                  ],
                  "autoUv":false
                },
                "west":{
                  "texture":"#material",
                  "uv":[
                    8.0,
                    12.0,
                    12.370349884033203,
                    13.233123779296875
                  ],
                  "autoUv":false
                },
                "up":{
                  "texture":"#material",
                  "uv":[
                    27.82364273071289,
                    15.229589462280273,
                    25.021930694580078,
                    23.43351936340332
                  ],
                  "autoUv":false,
                  "rotation":270
                },
                "down":{
                  "texture":"#material",
                  "uv":[
                    26.27861785888672,
                    9.226808547973633,
                    31.239418029785156,
                    6.425106048583984
                  ],
                  "autoUv":false,
                  "rotation":180
                }
              },
              "children":[]
            },
            {
              "name":"Blade 24",
              "from":[
                2.7087505757808685,
                0.42010506987571716,
                0.6886231601238251
              ],
              "to":[
                3.932962268590927,
                0.9201051294803619,
                2.1856262385845184
              ],
              "rotationOrigin":[
                3.320856422185898,
                0.6701050996780396,
                1.4371248185634613
              ],
              "rotationX":-11.669637744155246,
              "rotationY":5.156460705411235,
              "rotationZ":0.6145090246965795,
              "group":"Scene Collection",
              "faces":{
                "north":{
                  "texture":"#material",
                  "uv":[
                    26.47283935546875,
                    12.0,
                    20.0,
                    13.0
                  ],
                  "autoUv":false
                },
                "east":{
                  "texture":"#material",
                  "uv":[
                    40.0,
                    7.0,
                    34.0,
                    8.0
                  ],
                  "autoUv":false
                },
                "south":{
                  "texture":"#material",
                  "uv":[
                    14.0,
                    12.0,
                    33.52716064453125,
                    20.0
                  ],
                  "autoUv":false
                },
                "west":{
                  "texture":"#material",
                  "uv":[
                    20.0,
                    12.0,
                    14.0,
                    13.0
                  ],
                  "autoUv":false
                },
                "up":{
                  "texture":"#material",
                  "uv":[
                    13.95203971862793,
                    19.331295013427734,
                    10.488840103149414,
                    23.56620216369629
                  ],
                  "autoUv":false,
                  "rotation":180
                },
                "down":{
                  "texture":"#material",
                  "uv":[
                    12.175132751464844,
                    28.7377872467041,
                    15.638328552246094,
                    24.502880096435547
                  ],
                  "autoUv":false,
                  "rotation":180
                }
              },
              "children":[]
            },
            {
              "name":"Blade 25",
              "from":[
                3.76616108417511,
                0.4055722653865814,
                0.5553357303142548
              ],
              "to":[
                4.990372061729431,
                0.9055723249912262,
                2.052338808774948
              ],
              "rotationOrigin":[
                4.3782665729522705,
                0.6555722951889038,
                1.303837388753891
              ],
              "rotationX":-11.806033206785814,
              "rotationY":9.179554824670051,
              "rotationZ":0.5539018747050003,
              "group":"Scene Collection",
              "faces":{
                "north":{
                  "texture":"#material",
                  "uv":[
                    26.47283935546875,
                    12.0,
                    20.0,
                    13.0
                  ],
                  "autoUv":false
                },
                "east":{
                  "texture":"#material",
                  "uv":[
                    40.0,
                    7.0,
                    34.0,
                    8.0
                  ],
                  "autoUv":false
                },
                "south":{
                  "texture":"#material",
                  "uv":[
                    14.0,
                    12.0,
                    33.52716064453125,
                    20.0
                  ],
                  "autoUv":false
                },
                "west":{
                  "texture":"#material",
                  "uv":[
                    20.0,
                    12.0,
                    14.0,
                    13.0
                  ],
                  "autoUv":false
                },
                "up":{
                  "texture":"#material",
                  "uv":[
                    17.415239334106445,
                    19.331295013427734,
                    13.952035903930664,
                    23.56620216369629
                  ],
                  "autoUv":false,
                  "rotation":180
                },
                "down":{
                  "texture":"#material",
                  "uv":[
                    15.63833236694336,
                    28.7377872467041,
                    19.10152816772461,
                    24.502880096435547
                  ],
                  "autoUv":false,
                  "rotation":180
                }
              },
              "children":[]
            },
            {
              "name":"Blade 26",
              "from":[
                4.571584165096283,
                0.36756786704063416,
                0.35409507155418396
              ],
              "to":[
                5.795795977115631,
                0.8675679266452789,
                1.8510983884334564
              ],
              "rotationOrigin":[
                5.183690071105957,
                0.6175678968429565,
                1.1025968492031097
              ],
              "rotationX":-11.88608387763201,
              "rotationY":19.137416535452225,
              "rotationZ":0.723177067587218,
              "group":"Scene Collection",
              "faces":{
                "north":{
                  "texture":"#material",
                  "uv":[
                    26.47283935546875,
                    12.0,
                    20.0,
                    13.0
                  ],
                  "autoUv":false
                },
                "east":{
                  "texture":"#material",
                  "uv":[
                    40.0,
                    7.0,
                    34.0,
                    8.0
                  ],
                  "autoUv":false
                },
                "south":{
                  "texture":"#material",
                  "uv":[
                    14.0,
                    12.0,
                    33.52716064453125,
                    20.0
                  ],
                  "autoUv":false
                },
                "west":{
                  "texture":"#material",
                  "uv":[
                    20.0,
                    12.0,
                    14.0,
                    13.0
                  ],
                  "autoUv":false
                },
                "up":{
                  "texture":"#material",
                  "uv":[
                    20.87843894958496,
                    19.331295013427734,
                    17.415239334106445,
                    23.56620216369629
                  ],
                  "autoUv":false,
                  "rotation":180
                },
                "down":{
                  "texture":"#material",
                  "uv":[
                    19.101531982421875,
                    28.7377872467041,
                    22.56473159790039,
                    24.502880096435547
                  ],
                  "autoUv":false,
                  "rotation":180
                }
              },
              "children":[]
            },
            {
              "name":"Blade 27",
              "from":[
                5.011944472789764,
                0.3233222961425781,
                0.12172093987464905
              ],
              "to":[
                6.2361562848091125,
                0.8233222961425781,
                1.618724137544632
              ],
              "rotationOrigin":[
                5.6240503787994385,
                0.5733222961425781,
                0.87022265791893
              ],
              "rotationX":-12.19261422984572,
              "rotationY":37.217933013831264,
              "rotationZ":0.8913829089775055,
              "group":"Scene Collection",
              "faces":{
                "north":{
                  "texture":"#material",
                  "uv":[
                    26.47283935546875,
                    12.0,
                    20.0,
                    13.0
                  ],
                  "autoUv":false
                },
                "east":{
                  "texture":"#material",
                  "uv":[
                    40.0,
                    7.0,
                    34.0,
                    8.0
                  ],
                  "autoUv":false
                },
                "south":{
                  "texture":"#material",
                  "uv":[
                    14.0,
                    12.0,
                    33.52716064453125,
                    20.0
                  ],
                  "autoUv":false
                },
                "west":{
                  "texture":"#material",
                  "uv":[
                    20.0,
                    12.0,
                    14.0,
                    13.0
                  ],
                  "autoUv":false
                },
                "up":{
                  "texture":"#material",
                  "uv":[
                    24.341638565063477,
                    19.331295013427734,
                    20.87843894958496,
                    23.56620216369629
                  ],
                  "autoUv":false,
                  "rotation":180
                },
                "down":{
                  "texture":"#material",
                  "uv":[
                    22.56473159790039,
                    28.7377872467041,
                    26.027931213378906,
                    24.502880096435547
                  ],
                  "autoUv":false,
                  "rotation":180
                }
              },
              "children":[]
            },
            {
              "name":"Blade 28",
              "from":[
                5.139631867408752,
                0.27236606180667877,
                -0.12174078822135925
              ],
              "to":[
                6.639917969703674,
                0.7723660320043564,
                1.3752626478672028
              ],
              "rotationOrigin":[
                5.889774799346924,
                0.5223660469055176,
                0.6267610490322113
              ],
              "rotationX":-12.639536559128103,
              "rotationY":55.51049442254064,
              "rotationZ":1.1681288339331994,
              "group":"Scene Collection",
              "faces":{
                "north":{
                  "texture":"#material",
                  "uv":[
                    26.47283935546875,
                    12.0,
                    20.0,
                    13.0
                  ],
                  "autoUv":false
                },
                "east":{
                  "texture":"#material",
                  "uv":[
                    40.0,
                    7.0,
                    34.0,
                    8.0
                  ],
                  "autoUv":false
                },
                "south":{
                  "texture":"#material",
                  "uv":[
                    14.0,
                    12.0,
                    33.52716064453125,
                    20.0
                  ],
                  "autoUv":false
                },
                "west":{
                  "texture":"#material",
                  "uv":[
                    20.0,
                    12.0,
                    14.0,
                    13.0
                  ],
                  "autoUv":false
                },
                "up":{
                  "texture":"#material",
                  "uv":[
                    26.731874465942383,
                    19.331554412841797,
                    22.488195419311523,
                    23.565946578979492
                  ],
                  "autoUv":false,
                  "rotation":180
                },
                "down":{
                  "texture":"#material",
                  "uv":[
                    24.174488067626953,
                    28.73752784729004,
                    28.418167114257812,
                    24.503135681152344
                  ],
                  "autoUv":false,
                  "rotation":180
                }
              },
              "children":[]
            },
            {
              "name":"Blade 29",
              "from":[
                -0.09450209140777588,
                0.8353966474533081,
                2.1110494434833527
              ],
              "to":[
                2.9149982929229736,
                1.335396647453308,
                3.6080526411533356
              ],
              "rotationOrigin":[
                1.410248041152954,
                1.085396647453308,
                2.859551042318344
              ],
              "rotationX":-22.844691245226112,
              "rotationY":-0.27857612216856653,
              "rotationZ":0.6612263446807032,
              "group":"Scene Collection",
              "faces":{
                "north":{
                  "texture":"#material",
                  "uv":[
                    24.087711334228516,
                    12.0,
                    14.0,
                    20.0
                  ],
                  "autoUv":false
                },
                "east":{
                  "texture":"#material",
                  "uv":[
                    46.0,
                    7.0,
                    40.0,
                    8.0
                  ],
                  "autoUv":false
                },
                "south":{
                  "texture":"#material",
                  "uv":[
                    32.49418640136719,
                    24.140530586242676,
                    41.87791442871094,
                    25.748186111450195
                  ],
                  "autoUv":false
                },
                "west":{
                  "texture":"#material",
                  "uv":[
                    40.958675384521484,
                    18.617782592773438,
                    44.6630859375,
                    20.232572555541992
                  ],
                  "autoUv":false
                },
                "up":{
                  "texture":"#material",
                  "uv":[
                    10.488840103149414,
                    23.56620216369629,
                    1.975198745727539,
                    27.801105976104736
                  ],
                  "autoUv":false,
                  "rotation":180
                },
                "down":{
                  "texture":"#material",
                  "uv":[
                    3.6614913940429688,
                    24.502880096435547,
                    12.175132751464844,
                    20.267976760864258
                  ],
                  "autoUv":false,
                  "rotation":180
                }
              },
              "children":[]
            }
          ]
        },
        {
          "name":"bolt 1",
          "from":[
            0.400958314538002,
            -0.08984792232513428,
            0.516417995095253
          ],
          "to":[
            0.7722952216863632,
            1.5898478627204895,
            0.8877549022436142
          ],
          "rotationOrigin":[
            0.5866267681121826,
            1.5301278829574585,
            0.7020864486694336
          ],
          "rotationY":-33.59999888594843,
          "group":"Scene Collection",
          "faces":{
            "north":{
              "texture":"#material",
              "uv":[
                44.45655059814453,
                11.880800247192383,
                43.2625732421875,
                16.059611320495605
              ],
              "autoUv":false
            },
            "east":{
              "texture":"#material",
              "uv":[
                34.4232177734375,
                8.007589340209961,
                36.06659698486328,
                11.043611526489258
              ],
              "autoUv":false
            },
            "south":{
              "texture":"#material",
              "uv":[
                43.26255798339844,
                11.880796432495117,
                44.45655059814453,
                16.059617042541504
              ],
              "autoUv":false
            },
            "west":{
              "texture":"#material",
              "uv":[
                47.77714538574219,
                12.706205368041992,
                49.420562744140625,
                15.742197036743164
              ],
              "autoUv":false
            },
            "up":{
              "texture":"#material",
              "uv":[
                46.53961181640625,
                9.597509384155273,
                47.52681350708008,
                10.714838027954102
              ],
              "autoUv":false,
              "rotation":90
            },
            "down":{
              "texture":"#material",
              "uv":[
                46.53961181640625,
                10.48902702331543,
                47.52681350708008,
                9.371698379516602
              ],
              "autoUv":false,
              "rotation":90
            }
          },
          "children":[]
        },
        {
          "name":"bolt 2",
          "from":[
            3.460159584879875,
            1.3319335356354713,
            0.516417995095253
          ],
          "to":[
            3.8314964324235916,
            1.4107253476977348,
            0.8877549022436142
          ],
          "rotationOrigin":[
            3.6458280086517334,
            1.4200470447540283,
            0.7020864486694336
          ],
          "rotationX":5.8709113804816464e-15,
          "rotationY":1.4356192916704938e-15,
          "rotationZ":27.50000304198694,
          "group":"Scene Collection",
          "faces":{
            "north":{
              "texture":"#material",
              "uv":[
                44.45655059814453,
                12.052562713623047,
                43.26255798339844,
                12.248584747314453
              ],
              "autoUv":false
            },
            "east":{
              "texture":"#material",
              "uv":[
                34.42321014404297,
                8.132389068603516,
                36.066619873046875,
                8.274803161621094
              ],
              "autoUv":false
            },
            "south":{
              "texture":"#material",
              "uv":[
                43.26255798339844,
                12.052562713623047,
                44.45655059814453,
                12.248584747314453
              ],
              "autoUv":false
            },
            "west":{
              "texture":"#material",
              "uv":[
                47.77714538574219,
                12.830997467041016,
                49.42055892944336,
                12.973413467407227
              ],
              "autoUv":false
            },
            "up":{
              "texture":"#material",
              "uv":[
                46.53961181640625,
                9.59750747680664,
                47.526817321777344,
                10.714839935302734
              ],
              "autoUv":false,
              "rotation":90
            },
            "down":{
              "texture":"#material",
              "uv":[
                46.53961181640625,
                10.489028930664062,
                47.526817321777344,
                9.371696472167969
              ],
              "autoUv":false,
              "rotation":90
            }
          },
          "children":[]
        },
        {
          "name":"bolt 3",
          "from":[
            3.6335374657064676,
            1.088926836848259,
            0.5828276947140694
          ],
          "to":[
            3.8731350749731064,
            1.3527766466140747,
            0.8213446289300919
          ],
          "rotationOrigin":[
            3.6442830562591553,
            1.1867039203643799,
            0.6169404983520508
          ],
          "rotationX":5.8709113804816464e-15,
          "rotationY":1.4356192916704938e-15,
          "rotationZ":27.50000304198694,
          "group":"Scene Collection",
          "faces":{
            "north":{
              "texture":"#material",
              "uv":[
                33.6822509765625,
                12.792350769042969,
                32.9119987487793,
                13.44863510131836
              ],
              "autoUv":false
            },
            "east":{
              "texture":"#material",
              "uv":[
                27.002567291259766,
                10.339670181274414,
                28.057960510253906,
                10.816482543945312
              ],
              "autoUv":false
            },
            "south":{
              "texture":"#material",
              "uv":[
                32.9119987487793,
                12.792350769042969,
                33.6822509765625,
                13.44863510131836
              ],
              "autoUv":false
            },
            "west":{
              "texture":"#material",
              "uv":[
                35.942039489746094,
                13.485038757324219,
                36.997432708740234,
                13.961851119995117
              ],
              "autoUv":false
            },
            "up":{
              "texture":"#material",
              "uv":[
                35.10466384887695,
                11.734773635864258,
                35.738643646240234,
                12.455570220947266
              ],
              "autoUv":false,
              "rotation":90
            },
            "down":{
              "texture":"#material",
              "uv":[
                35.10466384887695,
                12.30440902709961,
                35.73863983154297,
                11.583610534667969
              ],
              "autoUv":false,
              "rotation":90
            }
          },
          "children":[]
        },
        {
          "name":"bolt 4",
          "from":[
            3.652832204475999,
            0.9417186081409454,
            0.5822873339056969
          ],
          "to":[
            3.89242984354496,
            1.2055684626102448,
            0.8218849897384644
          ],
          "rotationOrigin":[
            3.6635777950286865,
            1.0394957065582275,
            0.6169404983520508
          ],
          "group":"Scene Collection",
          "faces":{
            "north":{
              "texture":"#material",
              "uv":[
                33.6822509765625,
                12.792350769042969,
                32.9119987487793,
                13.44863510131836
              ],
              "autoUv":false
            },
            "east":{
              "texture":"#material",
              "uv":[
                27.00017547607422,
                10.339670181274414,
                28.060352325439453,
                10.816482543945312
              ],
              "autoUv":false
            },
            "south":{
              "texture":"#material",
              "uv":[
                32.9119987487793,
                12.792350769042969,
                33.6822509765625,
                13.44863510131836
              ],
              "autoUv":false
            },
            "west":{
              "texture":"#material",
              "uv":[
                35.93964767456055,
                13.485038757324219,
                36.99982452392578,
                13.961851119995117
              ],
              "autoUv":false
            },
            "up":{
              "texture":"#material",
              "uv":[
                35.10322570800781,
                11.734773635864258,
                35.740081787109375,
                12.455572128295898
              ],
              "autoUv":false,
              "rotation":90
            },
            "down":{
              "texture":"#material",
              "uv":[
                35.10322570800781,
                12.30440902709961,
                35.74007797241211,
                11.583612442016602
              ],
              "autoUv":false,
              "rotation":90
            }
          },
          "children":[]
        },
        {
          "name":"holder1",
          "from":[
            0.820615716278553,
            0.0076830387115478516,
            0.0
          ],
          "to":[
            3.1856601238250732,
            1.5076830387115479,
            1.3994083404541016
          ],
          "rotationOrigin":[
            0.8936660289764404,
            0.5076830387115479,
            0.20239734649658203
          ],
          "rotationX":-2.735527501230866e-15,
          "rotationY":2.975762829696265e-16,
          "rotationZ":-12.400002678709402,
          "group":"Scene Collection",
          "faces":{
            "north":{
              "texture":"#material",
              "uv":[
                39.182376861572266,
                16.007434844970703,
                32.38374710083008,
                20.009669303894043
              ],
              "autoUv":false
            },
            "east":{
              "texture":"#material",
              "uv":[
                2.0,
                1.0,
                8.0,
                4.0
              ],
              "autoUv":false
            },
            "south":{
              "texture":"#material",
              "uv":[
                32.38374710083008,
                16.007434844970703,
                39.182376861572266,
                20.009669303894043
              ],
              "autoUv":false
            },
            "west":{
              "texture":"#material",
              "uv":[
                56.0,
                20.0,
                62.0,
                23.0
              ],
              "autoUv":false
            },
            "up":{
              "texture":"#material",
              "uv":[
                33.514244079589844,
                21.70100498199463,
                37.57361602783203,
                28.40097427368164
              ],
              "autoUv":false,
              "rotation":90
            },
            "down":{
              "texture":"#material",
              "uv":[
                50.63924026489258,
                19.899057388305664,
                54.698612213134766,
                13.199087142944336
              ],
              "autoUv":false,
              "rotation":90
            }
          },
          "children":[]
        },
        {
          "name":"holder2",
          "from":[
            2.9058732464909554,
            -0.4702005386352539,
            0.0
          ],
          "to":[
            4.534697890281677,
            0.8790410757064819,
            1.3994083404541016
          ],
          "rotationOrigin":[
            2.9789235591888428,
            0.029799461364746094,
            0.20239734649658203
          ],
          "rotationX":2.968141596887028e-15,
          "rotationY":3.5108365869658737e-16,
          "rotationZ":13.50000379076631,
          "group":"Scene Collection",
          "faces":{
            "north":{
              "texture":"#material",
              "uv":[
                42.184078216552734,
                16.007434844970703,
                37.486820220947266,
                20.009669303894043
              ],
              "autoUv":false
            },
            "east":{
              "texture":"#material",
              "uv":[
                2.0,
                1.3015174865722656,
                8.0,
                4.0
              ],
              "autoUv":false
            },
            "south":{
              "texture":"#material",
              "uv":[
                37.486820220947266,
                16.007434844970703,
                42.18407440185547,
                20.009669303894043
              ],
              "autoUv":false
            },
            "west":{
              "texture":"#material",
              "uv":[
                56.0,
                20.30151653289795,
                62.0,
                23.0
              ],
              "autoUv":false
            },
            "up":{
              "texture":"#material",
              "uv":[
                33.514244079589844,
                18.95525074005127,
                37.57361602783203,
                23.54969882965088
              ],
              "autoUv":false,
              "rotation":90
            },
            "down":{
              "texture":"#material",
              "uv":[
                50.63924026489258,
                13.199087142944336,
                54.698612213134766,
                8.604635238647461
              ],
              "autoUv":false,
              "rotation":90
            }
          },
          "children":[]
        },
        {
          "name":"holder3",
          "from":[
            4.5790175795555115,
            -0.5801539421081543,
            0.0
          ],
          "to":[
            5.2841609716415405,
            0.5701603293418884,
            1.3994083404541016
          ],
          "rotationOrigin":[
            4.006194829940796,
            -0.30130767822265625,
            0.20239734649658203
          ],
          "rotationZ":45.00000125223908,
          "group":"Scene Collection",
          "faces":{
            "north":{
              "texture":"#material",
              "uv":[
                43.066131591796875,
                16.007434844970703,
                40.546966552734375,
                20.009669303894043
              ],
              "autoUv":false
            },
            "east":{
              "texture":"#material",
              "uv":[
                33.514244079589844,
                16.595776557922363,
                37.57361602783203,
                18.95525074005127
              ],
              "autoUv":false,
              "rotation":180
            },
            "south":{
              "texture":"#material",
              "uv":[
                40.546966552734375,
                16.007434844970703,
                43.066131591796875,
                20.009669303894043
              ],
              "autoUv":false
            },
            "west":{
              "texture":"#material",
              "uv":[
                56.0,
                20.257062911987305,
                62.0,
                22.557693481445312
              ],
              "autoUv":false
            },
            "up":{
              "texture":"#material",
              "uv":[
                33.9957389831543,
                14.493343353271484,
                35.99025344848633,
                18.451597213745117
              ],
              "autoUv":false,
              "rotation":180
            },
            "down":{
              "texture":"#material",
              "uv":[
                50.63924026489258,
                8.604635238647461,
                54.698612213134766,
                7.15827751159668
              ],
              "autoUv":false,
              "rotation":90
            }
          },
          "children":[]
        }
      ]
    }
  ],
  "groups":[]
}