{
	"code": "humanoid-trader-masonrysupply",
	"class": "EntityTrader",
	"canClimb": true,
	"hitboxSize": { "x": 0.6, "y": 1.75 },
	"deadHitboxSize": { "x": 0.75, "y": 0.5 },
	"client": {
		"renderer": "Shape",
		"shape": { "base": "entity/humanoid/trader" },
		"texture": { "base": "entity/humanoid/trader", "alternates": [ 
            { "base": "entity/humanoid/traderclothes/set1" }, 
            { "base": "entity/humanoid/traderclothes/set2" },
            { "base": "entity/humanoid/traderclothes/set3" }, 
            { "base": "entity/humanoid/traderclothes/set4" },
            { "base": "entity/humanoid/traderclothes/set5" }  
        ] },
		"behaviors": [
			{ "code": "nametag", "showtagonlywhentargeted": true },
			{ "code": "repulseagents" },
			{ "code": "controlledphysics", "stepHeight": 1.01 },
			{ "code": "interpolateposition" },
            { "code": "conversable", "dialogue": "config/dialogue/trader" }
		],
		"animations": [
			{
				"code": "die",
				"animation": "die",
				"animationSpeed": 1.75,
				"weight": 10,
				"blendMode": "AddAverage"
			},
			{
				"code": "hurt",
				"animation": "hurt",
				"animationSpeed": 2,
				"blendMode": "AddAverage"
			},
            { "code": "rowdywelcome", "animation": "rowdywelcome", "blendMode": "AddAverage" },
            { "code": "lazywelcome", "animation": "lazywelcome", "blendMode": "AddAverage" },
            { "code": "lazynod", "animation": "lazynod", "blendMode": "AddAverage" }
		]
	},
    "attributes": {
		"tradeProps": {
			"money": { "avg": 125, "var": 5 },

    "selling": {
        "maxItems": 16,
        "list": [
            {
                "code": "creature-humanoid-trader-mastermason",
                "type": "item",
                "stacksize": 1,
                "stock": {
                    "avg": 1,
                    "var": 0.25
                },
                "price": {
                    "avg": 25,
                    "var": 0.5
                }
            },
            {
                "code": "creature-humanoid-trader-smallrocksupply",
                "type": "item",
                "stacksize": 1,
                "stock": {
                    "avg": 1,
                    "var": 0.25
                },
                "price": {
                    "avg": 5,
                    "var": 0.5
                }
            },
            {
                "code": "mortar",
                "type": "item",
                "stacksize": 64,
                "stock": {
                    "avg": 10,
                    "var": 1.25
                },
                "price": {
                    "avg": 1,
                    "var": 0.25
                }
            },
            {
                "code": "stonebrick-andesite",
                "type": "item",
                "stacksize": 64,
                "stock": {
                    "avg": 10,
                    "var": 1
                },
                "price": {
                    "avg": 1,
                    "var": 0
                }
            },
            {
                "code": "stonebrick-chalk",
                "type": "item",
                "stacksize": 64,
                "stock": {
                    "avg": 10,
                    "var": 1
                },
                "price": {
                    "avg": 1,
                    "var": 0
                }
            },
            {
                "code": "stonebrick-chert",
                "type": "item",
                "stacksize": 64,
                "stock": {
                    "avg": 10,
                    "var": 1
                },
                "price": {
                    "avg": 1,
                    "var": 0
                }
            },
            {
                "code": "stonebrick-conglomerate",
                "type": "item",
                "stacksize": 64,
                "stock": {
                    "avg": 10,
                    "var": 1
                },
                "price": {
                    "avg": 1,
                    "var": 0
                }
            },
            {
                "code": "stonebrick-limestone",
                "type": "item",
                "stacksize": 64,
                "stock": {
                    "avg": 10,
                    "var": 1
                },
                "price": {
                    "avg": 1,
                    "var": 0
                }
            },
            {
                "code": "stonebrick-claystone",
                "type": "item",
                "stacksize": 64,
                "stock": {
                    "avg": 10,
                    "var": 1
                },
                "price": {
                    "avg": 1,
                    "var": 0
                }
            },
            {
                "code": "stonebrick-granite",
                "type": "item",
                "stacksize": 64,
                "stock": {
                    "avg": 10,
                    "var": 1
                },
                "price": {
                    "avg": 1,
                    "var": 0
                }
            },
            {
                "code": "stonebrick-sandstone",
                "type": "item",
                "stacksize": 64,
                "stock": {
                    "avg": 10,
                    "var": 1
                },
                "price": {
                    "avg": 1,
                    "var": 0
                }
            },
            {
                "code": "stonebrick-shale",
                "type": "item",
                "stacksize": 64,
                "stock": {
                    "avg": 10,
                    "var": 1
                },
                "price": {
                    "avg": 1,
                    "var": 0
                }
            },
            {
                "code": "stonebrick-basalt",
                "type": "item",
                "stacksize": 64,
                "stock": {
                    "avg": 10,
                    "var": 1
                },
                "price": {
                    "avg": 1,
                    "var": 0
                }
            },
            {
                "code": "stonebrick-peridotite",
                "type": "item",
                "stacksize": 64,
                "stock": {
                    "avg": 10,
                    "var": 1
                },
                "price": {
                    "avg": 1,
                    "var": 0
                }
            },
            {
                "code": "stonebrick-phyllite",
                "type": "item",
                "stacksize": 64,
                "stock": {
                    "avg": 10,
                    "var": 1
                },
                "price": {
                    "avg": 1,
                    "var": 0
                }
            },
            {
                "code": "stonebrick-slate",
                "type": "item",
                "stacksize": 64,
                "stock": {
                    "avg": 10,
                    "var": 1
                },
                "price": {
                    "avg": 1,
                    "var": 0
                }
            },
            {
                "code": "stonebrick-bauxite",
                "type": "item",
                "stacksize": 64,
                "stock": {
                    "avg": 10,
                    "var": 1
                },
                "price": {
                    "avg": 1,
                    "var": 0
                }
            }
        ]
	},
    "buying": {
        "maxItems": 16,
        "list": [
            {
                "code": "hammer-tinbronze",
                "type": "item",
                "stacksize": 1,
                "stock": {
                    "avg": 1,
                    "var": 0.25
                },
                "price": {
                    "avg": 4,
                    "var": 1
                }
            },
            {
                "code": "hammer-bismuthbronze",
                "type": "item",
                "stacksize": 1,
                "stock": {
                    "avg": 1,
                    "var": 0.25
                },
                "price": {
                    "avg": 5,
                    "var": 1.25
                }
            },
            {
                "code": "hammer-blackbronze",
                "type": "item",
                "stacksize": 1,
                "stock": {
                    "avg": 1,
                    "var": 0.25
                },
                "price": {
                    "avg": 6,
                    "var": 1.5
                }
            },
            {
                "code": "chisel-tinbronze",
                "type": "item",
                "stacksize": 1,
                "stock": {
                    "avg": 1,
                    "var": 0.25
                },
                "price": {
                    "avg": 4,
                    "var": 1
                }
            },
            {
                "code": "chisel-bismuthbronze",
                "type": "item",
                "stacksize": 1,
                "stock": {
                    "avg": 1,
                    "var": 0.25
                },
                "price": {
                    "avg": 5,
                    "var": 1.25
                }
            },
            {
                "code": "chisel-blackbronze",
                "type": "item",
                "stacksize": 1,
                "stock": {
                    "avg": 1,
                    "var": 0.25
                },
                "price": {
                    "avg": 6,
                    "var": 1.5
                }
            },
            {
                "code": "quicklime",
                "type": "item",
                "stacksize": 5,
                "stock": {
                    "avg": 5,
                    "var": 1.25
                },
                "price": {
                    "avg": 1,
                    "var": 0.25
                }
            }
        ]
    }
		}
	},
	"server": {
		"attributes": {
			"pathfinder": {
				"minTurnAnglePerSec": 720,
				"maxTurnAnglePerSec": 1440
			},

		},
		"behaviors": [
			{ "code": "nametag", "showtagonlywhentargeted": true, "selectFromRandomName": ["Alvin"] },
			{ "code": "repulseagents" },
			{ "code": "controlledphysics", "stepHeight": 1.01 },
			{ "code": "reviveondeath", "minHours": 24, "maxHours": 72 },
			{ "code": "health", "currenthealth": 25, "maxhealth": 25 },
			{
				"code": "emotionstates",
				"states": [
					{ "code": "aggressiveondamage", "duration": 6, "chance": 0.6, "slot": 0, "priority": 2, "accumType": "noaccum" },
					{ "code": "fleeondamage", "duration": 10, "chance": 0.4, "slot": 0, "priority": 1, "accumType": "max" }
				],
			},
			{
				"code": "taskai",
				"aitasks": [
					{
						"code": "meleeattack",
						"entityCodes": ["player"],
						"priority": 2,
						"damage": 5,
						"mincooldown": 2500,
						"maxcooldown": 3500,
						"attackDurationMs": 900,
						"damagePlayerAtMs": 300,
						"animation": "Attack",
						"animationSpeed": 2,
						"whenInEmotionState": "aggressiveondamage",
					},
					{
						"code": "seekentity",
						"entityCodes": ["player"],
						"priority": 1.5,
						"mincooldown": 1000,
						"maxcooldown": 1500,
						"seekingRange": 20,
						"movespeed": 0.035,
						"animation": "Run",
						"animationSpeed": 1.75,
						"whenInEmotionState": "aggressiveondamage"
					},
					{
						"code": "fleeentity",
						"entityCodes": ["player"],
						"priority": 1.5,
						"movespeed": 0.035,
						"seekingRange": 12,
						"animation": "Run",
						"animationSpeed": 1.75,
						"whenInEmotionState": "fleeondamage"
					},
					{
						"code": "idle",
						"priority": 1.2,
						"minduration": 2500,
						"maxduration": 2500,
						"mincooldown": 2000,
						"maxcooldown": 10000,
						"animation": "laugh"
					},
					{
						"code": "idle",
						"priority": 1.2,
						"minduration": 2500,
						"maxduration": 2500,
						"mincooldown": 5000,
						"maxcooldown": 30000,
						"animation": "idle2"
					},
					{
						"code": "wander",
						"priority": 1.0,
						"movespeed": 0.01,
						"animation": "Walk",
						"wanderChance": 0.005,
						"maxDistanceToSpawn": 4,
						"wanderRangeMin": 1,
						"wanderRangeMax": 3,
						"teleportWhenOutOfRange": true,
						"teleportInGameHours": 1
					},
					{
						"code": "lookaround",
						"priority": 0.5
					}
				]
			},
            { "code": "conversable", "dialogue": "config/dialogue/trader" }
		],
	},
	"sounds": {
	}
}