{
	"code": "humanoid-trader-painter",
	"class": "EntityTrader",
	"canClimb": true,
	"hitboxSize": { "x": 0.6, "y": 1.75 },
	"deadHitboxSize": { "x": 0.75, "y": 0.5 },
	"client": {
		"renderer": "Shape",
		"shape": { "base": "entity/humanoid/trader" },
		"texture": { "base": "entity/humanoid/trader", "alternates": [ 
            { "base": "entity/humanoid/traderclothes/set1" }, 
            { "base": "entity/humanoid/traderclothes/set2" },
            { "base": "entity/humanoid/traderclothes/set3" }, 
            { "base": "entity/humanoid/traderclothes/set4" },
            { "base": "entity/humanoid/traderclothes/set5" }  
        ] },
		"behaviors": [
			{ "code": "nametag", "showtagonlywhentargeted": true },
			{ "code": "repulseagents" },
			{ "code": "controlledphysics", "stepHeight": 1.01 },
			{ "code": "interpolateposition" },
            { "code": "conversable", "dialogue": "config/dialogue/trader" }
		],
		"animations": [
			{
				"code": "die",
				"animation": "die",
				"animationSpeed": 1.75,
				"weight": 10,
				"blendMode": "AddAverage"
			},
			{
				"code": "hurt",
				"animation": "hurt",
				"animationSpeed": 2,
				"blendMode": "AddAverage"
			},
            { "code": "rowdywelcome", "animation": "rowdywelcome", "blendMode": "AddAverage" },
            { "code": "lazywelcome", "animation": "lazywelcome", "blendMode": "AddAverage" },
            { "code": "lazynod", "animation": "lazynod", "blendMode": "AddAverage" }
		]
	},
    "attributes": {
		"tradeProps": {
			"money": { "avg": 125, "var": 5 },

    "selling": {
        "maxItems": 16,
        "list": [
            {
                "code": "painting-howl-north",
                "type": "block",
                "stacksize": 1,
                "stock": {
                    "avg": 1,
                    "var": 0.25
                },
                "price": {
                    "avg": 8,
                    "var": 2
                }
            },
            {
                "code": "painting-elk-north",
                "type": "block",
                "stacksize": 1,
                "stock": {
                    "avg": 1,
                    "var": 0.25
                },
                "price": {
                    "avg": 8,
                    "var": 2
                }
            },
            {
                "code": "painting-underwater-north",
                "type": "block",
                "stacksize": 1,
                "stock": {
                    "avg": 1,
                    "var": 0.25
                },
                "price": {
                    "avg": 8,
                    "var": 2
                }
            },
            {
                "code": "painting-prey-north",
                "type": "block",
                "stacksize": 1,
                "stock": {
                    "avg": 1,
                    "var": 0.25
                },
                "price": {
                    "avg": 8,
                    "var": 2
                }
            },
            {
                "code": "painting-family1-north",
                "type": "block",
                "stacksize": 1,
                "stock": {
                    "avg": 1,
                    "var": 0.25
                },
                "price": {
                    "avg": 8,
                    "var": 2
                }
            },
            {
                "code": "painting-forestdawn-north",
                "type": "block",
                "stacksize": 1,
                "stock": {
                    "avg": 1,
                    "var": 0.25
                },
                "price": {
                    "avg": 8,
                    "var": 2
                }
            },
            {
                "code": "painting-fishandtherain-north",
                "type": "block",
                "stacksize": 1,
                "stock": {
                    "avg": 1,
                    "var": 0.25
                },
                "price": {
                    "avg": 8,
                    "var": 2
                }
            },
            {
                "code": "painting-bogfort-north",
                "type": "block",
                "stacksize": 1,
                "stock": {
                    "avg": 1,
                    "var": 0.25
                },
                "price": {
                    "avg": 8,
                    "var": 2
                }
            },
            {
                "code": "painting-butterfly-north",
                "type": "block",
                "stacksize": 1,
                "stock": {
                    "avg": 1,
                    "var": 0.25
                },
                "price": {
                    "avg": 8,
                    "var": 2
                }
            },
            {
                "code": "painting-castleruin-north",
                "type": "block",
                "stacksize": 1,
                "stock": {
                    "avg": 1,
                    "var": 0.25
                },
                "price": {
                    "avg": 8,
                    "var": 2
                }
            },
            {
                "code": "painting-cow-north",
                "type": "block",
                "stacksize": 1,
                "stock": {
                    "avg": 1,
                    "var": 0.25
                },
                "price": {
                    "avg": 8,
                    "var": 2
                }
            },
            {
                "code": "painting-glam-north",
                "type": "block",
                "stacksize": 1,
                "stock": {
                    "avg": 1,
                    "var": 0.25
                },
                "price": {
                    "avg": 8,
                    "var": 2
                }
            },
            {
                "code": "painting-hunter-north",
                "type": "block",
                "stacksize": 1,
                "stock": {
                    "avg": 1,
                    "var": 0.25
                },
                "price": {
                    "avg": 8,
                    "var": 2
                }
            },
            {
                "code": "painting-hunterintheforest-north",
                "type": "block",
                "stacksize": 1,
                "stock": {
                    "avg": 1,
                    "var": 0.25
                },
                "price": {
                    "avg": 8,
                    "var": 2
                }
            },
            {
                "code": "painting-iris-northh",
                "type": "block",
                "stacksize": 1,
                "stock": {
                    "avg": 1,
                    "var": 0.25
                },
                "price": {
                    "avg": 8,
                    "var": 2
                }
            },
            {
                "code": "painting-seraph-north",
                "type": "block",
                "stacksize": 1,
                "stock": {
                    "avg": 1,
                    "var": 0.25
                },
                "price": {
                    "avg": 8,
                    "var": 2
                }
            },
            {
                "code": "painting-sleepingwolf-north",
                "type": "block",
                "stacksize": 1,
                "stock": {
                    "avg": 1,
                    "var": 0.25
                },
                "price": {
                    "avg": 8,
                    "var": 2
                }
            },
            {
                "code": "painting-sodhouse-north",
                "type": "block",
                "stacksize": 1,
                "stock": {
                    "avg": 1,
                    "var": 0.25
                },
                "price": {
                    "avg": 8,
                    "var": 2
                }
            },
            {
                "code": "painting-sunkenruin-north",
                "type": "block",
                "stacksize": 1,
                "stock": {
                    "avg": 1,
                    "var": 0.25
                },
                "price": {
                    "avg": 8,
                    "var": 2
                }
            },
            {
                "code": "painting-thunderlord-north",
                "type": "block",
                "stacksize": 1,
                "stock": {
                    "avg": 1,
                    "var": 0.25
                },
                "price": {
                    "avg": 8,
                    "var": 2
                }
            },
            {
                "code": "painting-traveler-north",
                "type": "block",
                "stacksize": 1,
                "stock": {
                    "avg": 1,
                    "var": 0.25
                },
                "price": {
                    "avg": 8,
                    "var": 2
                }
            },
            {
                "code": "painting-trout-north",
                "type": "block",
                "stacksize": 1,
                "stock": {
                    "avg": 1,
                    "var": 0.25
                },
                "price": {
                    "avg": 8,
                    "var": 2
                }
            },
            {
                "code": "painting-oldvillage-north",
                "type": "block",
                "stacksize": 1,
                "stock": {
                    "avg": 1,
                    "var": 0.25
                },
                "price": {
                    "avg": 8,
                    "var": 2
                }
            },
            {
                "code": "painting-lastday-north",
                "type": "block",
                "stacksize": 1,
                "stock": {
                    "avg": 1,
                    "var": 0.25
                },
                "price": {
                    "avg": 8,
                    "var": 2
                }
            },
            {
                "code": "painting-uncle1-north",
                "type": "block",
                "stacksize": 1,
                "stock": {
                    "avg": 1,
                    "var": 0.25
                },
                "price": {
                    "avg": 8,
                    "var": 2
                }
            },
            {
                "code": "tapestry-north",
                "type": "block",
                "stacksize": 1,
                "stock": {
                    "avg": 1,
                    "var": 0.25
                },
                "price": {
                    "avg": 5,
                    "var": 1.25
                },
                "attributes": {
                    "type": "ambush1"
                }
            },
            {
                "code": "tapestry-north",
                "type": "block",
                "stacksize": 1,
                "stock": {
                    "avg": 1,
                    "var": 0.25
                },
                "price": {
                    "avg": 5,
                    "var": 1.25
                },
                "attributes": {
                    "type": "ambush2"
                }
            },
            {
                "code": "tapestry-north",
                "type": "block",
                "stacksize": 1,
                "stock": {
                    "avg": 1,
                    "var": 0.25
                },
                "price": {
                    "avg": 5,
                    "var": 1.25
                },
                "attributes": {
                    "type": "ambush3"
                }
            },
            {
                "code": "tapestry-north",
                "type": "block",
                "stacksize": 1,
                "stock": {
                    "avg": 1,
                    "var": 0.25
                },
                "price": {
                    "avg": 5,
                    "var": 1.25
                },
                "attributes": {
                    "type": "nightfall1"
                }
            },
            {
                "code": "tapestry-north",
                "type": "block",
                "stacksize": 1,
                "stock": {
                    "avg": 1,
                    "var": 0.25
                },
                "price": {
                    "avg": 5,
                    "var": 1.25
                },
                "attributes": {
                    "type": "nightfall2"
                }
            },
            {
                "code": "tapestry-north",
                "type": "block",
                "stacksize": 1,
                "stock": {
                    "avg": 1,
                    "var": 0.25
                },
                "price": {
                    "avg": 5,
                    "var": 1.25
                },
                "attributes": {
                    "type": "nightfall3"
                }
            },
            {
                "code": "tapestry-north",
                "type": "block",
                "stacksize": 1,
                "stock": {
                    "avg": 1,
                    "var": 0.25
                },
                "price": {
                    "avg": 7,
                    "var": 1.75
                },
                "attributes": {
                    "type": "themorning1"
                }
            },
            {
                "code": "tapestry-north",
                "type": "block",
                "stacksize": 1,
                "stock": {
                    "avg": 1,
                    "var": 0.25
                },
                "price": {
                    "avg": 7,
                    "var": 1.75
                },
                "attributes": {
                    "type": "themorning2"
                }
            },
            {
                "code": "tapestry-north",
                "type": "block",
                "stacksize": 1,
                "stock": {
                    "avg": 1,
                    "var": 0.25
                },
                "price": {
                    "avg": 7,
                    "var": 1.75
                },
                "attributes": {
                    "type": "themorning3"
                }
            },
            {
                "code": "tapestry-north",
                "type": "block",
                "stacksize": 1,
                "stock": {
                    "avg": 1,
                    "var": 0.25
                },
                "price": {
                    "avg": 6,
                    "var": 1.5
                },
                "attributes": {
                    "type": "seraphim1"
                }
            },
            {
                "code": "tapestry-north",
                "type": "block",
                "stacksize": 1,
                "stock": {
                    "avg": 1,
                    "var": 0.25
                },
                "price": {
                    "avg": 6,
                    "var": 1.5
                },
                "attributes": {
                    "type": "seraphim2"
                }
            },
            {
                "code": "tapestry-north",
                "type": "block",
                "stacksize": 1,
                "stock": {
                    "avg": 1,
                    "var": 0.25
                },
                "price": {
                    "avg": 6,
                    "var": 1.5
                },
                "attributes": {
                    "type": "seraphim3"
                }
            },
            {
                "code": "tapestry-north",
                "type": "block",
                "stacksize": 1,
                "stock": {
                    "avg": 1,
                    "var": 0.25
                },
                "price": {
                    "avg": 8,
                    "var": 2
                },
                "attributes": {
                    "type": "salvation11"
                }
            },
            {
                "code": "tapestry-north",
                "type": "block",
                "stacksize": 1,
                "stock": {
                    "avg": 1,
                    "var": 0.25
                },
                "price": {
                    "avg": 8,
                    "var": 2
                },
                "attributes": {
                    "type": "salvation12"
                }
            },
            {
                "code": "tapestry-north",
                "type": "block",
                "stacksize": 1,
                "stock": {
                    "avg": 1,
                    "var": 0.25
                },
                "price": {
                    "avg": 8,
                    "var": 2
                },
                "attributes": {
                    "type": "salvation21"
                }
            },
            {
                "code": "tapestry-north",
                "type": "block",
                "stacksize": 1,
                "stock": {
                    "avg": 1,
                    "var": 0.25
                },
                "price": {
                    "avg": 8,
                    "var": 2
                },
                "attributes": {
                    "type": "salvation22"
                }
            },
            {
                "code": "tapestry-north",
                "type": "block",
                "stacksize": 1,
                "stock": {
                    "avg": 1,
                    "var": 0.25
                },
                "price": {
                    "avg": 8,
                    "var": 2
                },
                "attributes": {
                    "type": "tempstorm11"
                }
            },
            {
                "code": "tapestry-north",
                "type": "block",
                "stacksize": 1,
                "stock": {
                    "avg": 1,
                    "var": 0.25
                },
                "price": {
                    "avg": 8,
                    "var": 2
                },
                "attributes": {
                    "type": "tempstorm12"
                }
            },
            {
                "code": "tapestry-north",
                "type": "block",
                "stacksize": 1,
                "stock": {
                    "avg": 1,
                    "var": 0.25
                },
                "price": {
                    "avg": 8,
                    "var": 2
                },
                "attributes": {
                    "type": "tempstorm21"
                }
            },
            {
                "code": "tapestry-north",
                "type": "block",
                "stacksize": 1,
                "stock": {
                    "avg": 1,
                    "var": 0.25
                },
                "price": {
                    "avg": 8,
                    "var": 2
                },
                "attributes": {
                    "type": "tempstorm22"
                }
            }
        ]
	},
    "buying": {
        "maxItems": 16,
        "list": [
            {
                "code": "beeswax",
                "type": "item",
                "stacksize": 6,
                "stock": {
                    "avg": 2,
                    "var": 0.5
                },
                "price": {
                    "avg": 1,
                    "var": 0.25
                }
            },
            {
                "code": "ore-lapislazuli",
                "type": "item",
                "stacksize": 10,
                "stock": {
                    "avg": 2,
                    "var": 1
                },
                "price": {
                    "avg": 1,
                    "var": 0.25
                }
            },
            {
                "code": "ore-cinnabar",
                "type": "item",
                "stacksize": 10,
                "stock": {
                    "avg": 2,
                    "var": 1
                },
                "price": {
                    "avg": 1,
                    "var": 0.25
                }
            },
            {
                "code": "flower-heather-free",
                "type": "block",
                "stacksize": 10,
                "stock": {
                    "avg": 2,
                    "var": 1
                },
                "price": {
                    "avg": 1,
                    "var": 0.25
                }
            },
            {
                "code": "vegetable-onion",
                "type": "item",
                "stacksize": 10,
                "stock": {
                    "avg": 2,
                    "var": 1
                },
                "price": {
                    "avg": 1,
                    "var": 0.25
                }
            },
            {
                "code": "fruit-blueberry",
                "type": "item",
                "stacksize": 16,
                "stock": {
                    "avg": 2,
                    "var": 1
                },
                "price": {
                    "avg": 1,
                    "var": 0.25
                }
            },
            {
                "code": "fruit-blackcurrant",
                "type": "item",
                "stacksize": 16,
                "stock": {
                    "avg": 2,
                    "var": 1
                },
                "price": {
                    "avg": 1,
                    "var": 0.25
                }
            },
            {
                "code": "flower-woad-free",
                "type": "block",
                "stacksize": 10,
                "stock": {
                    "avg": 2,
                    "var": 1
                },
                "price": {
                    "avg": 1,
                    "var": 0.25
                }
            },
            {
                "code": "flower-lilyofthevalley-free",
                "type": "block",
                "stacksize": 10,
                "stock": {
                    "avg": 2,
                    "var": 1
                },
                "price": {
                    "avg": 1,
                    "var": 0.25
                }
            },
            {
                "code": "drygrass",
                "type": "block",
                "stacksize": 64,
                "stock": {
                    "avg": 2,
                    "var": 1
                },
                "price": {
                    "avg": 1,
                    "var": 0.25
                }
            },
            {
                "code": "fruit-cranberry",
                "type": "item",
                "stacksize": 16,
                "stock": {
                    "avg": 2,
                    "var": 1
                },
                "price": {
                    "avg": 1,
                    "var": 0.25
                }
            },
            {
                "code": "log-placed-oak-ud",
                "type": "block",
                "stacksize": 10,
                "stock": {
                    "avg": 2,
                    "var": 1
                },
                "price": {
                    "avg": 1,
                    "var": 0.25
                }
            },
            {
                "code": "charcoal",
                "type": "item",
                "stacksize": 12,
                "stock": {
                    "avg": 2,
                    "var": 1
                },
                "price": {
                    "avg": 1,
                    "var": 0.25
                }
            }
        ]
    }
		}
	},
	"server": {
		"attributes": {
			"pathfinder": {
				"minTurnAnglePerSec": 720,
				"maxTurnAnglePerSec": 1440
			},

		},
		"behaviors": [
			{ "code": "nametag", "showtagonlywhentargeted": true, "selectFromRandomName": ["Aaron", "Raphael", "Leonardo", "Donatello", "Michelangelo", "Clayton"] },
			{ "code": "repulseagents" },
			{ "code": "controlledphysics", "stepHeight": 1.01 },
			{ "code": "reviveondeath", "minHours": 24, "maxHours": 72 },
			{ "code": "health", "currenthealth": 25, "maxhealth": 25 },
			{
				"code": "emotionstates",
				"states": [
					{ "code": "aggressiveondamage", "duration": 6, "chance": 0.6, "slot": 0, "priority": 2, "accumType": "noaccum" },
					{ "code": "fleeondamage", "duration": 10, "chance": 0.4, "slot": 0, "priority": 1, "accumType": "max" }
				],
			},
			{
				"code": "taskai",
				"aitasks": [
					{
						"code": "meleeattack",
						"entityCodes": ["player"],
						"priority": 2,
						"damage": 5,
						"mincooldown": 2500,
						"maxcooldown": 3500,
						"attackDurationMs": 900,
						"damagePlayerAtMs": 300,
						"animation": "Attack",
						"animationSpeed": 2,
						"whenInEmotionState": "aggressiveondamage",
					},
					{
						"code": "seekentity",
						"entityCodes": ["player"],
						"priority": 1.5,
						"mincooldown": 1000,
						"maxcooldown": 1500,
						"seekingRange": 20,
						"movespeed": 0.035,
						"animation": "Run",
						"animationSpeed": 1.75,
						"whenInEmotionState": "aggressiveondamage"
					},
					{
						"code": "fleeentity",
						"entityCodes": ["player"],
						"priority": 1.5,
						"movespeed": 0.035,
						"seekingRange": 12,
						"animation": "Run",
						"animationSpeed": 1.75,
						"whenInEmotionState": "fleeondamage"
					},
					{
						"code": "idle",
						"priority": 1.2,
						"minduration": 2500,
						"maxduration": 2500,
						"mincooldown": 2000,
						"maxcooldown": 10000,
						"animation": "laugh"
					},
					{
						"code": "idle",
						"priority": 1.2,
						"minduration": 2500,
						"maxduration": 2500,
						"mincooldown": 5000,
						"maxcooldown": 30000,
						"animation": "idle2"
					},
					{
						"code": "wander",
						"priority": 1.0,
						"movespeed": 0.01,
						"animation": "Walk",
						"wanderChance": 0.005,
						"maxDistanceToSpawn": 4,
						"wanderRangeMin": 1,
						"wanderRangeMax": 3,
						"teleportWhenOutOfRange": true,
						"teleportInGameHours": 1
					},
					{
						"code": "lookaround",
						"priority": 0.5
					}
				]
			},
            { "code": "conversable", "dialogue": "config/dialogue/trader" }
		],
	},
	"sounds": {
	}
}