﻿[
  {
    "op": "remove",
    "path": "/transitionableProps",
    "side": "server",
    "file": "wildcraftfruit:itemtypes/liquid/flowerwine.json"
  },
  {
    "op": "add",
    "path": "/transitionableProps",
    "value": [
      {
        "type": "Perish",
        "freshHours": {
          "avg": 3360
        },
        "transitionHours": {
          "avg": 144
        },
        "transitionedStack": {
          "type": "item",
          "code": "game:vinegarportion"
        },
        "transitionRatio": 1
      },
      {
        "type": "Cure",
        "freshHours": {
          "avg": 3360
        },
        "transitionHours": {
          "avg": 1008
        },
        "transitionedStack": {
          "type": "item",
          "code": "expandedfoods:wildstrongflowerwineportion-{flower}"
        },
        "transitionRatio": 1
      }
    ],
    "side": "server",
    "file": "wildcraftfruit:itemtypes/liquid/flowerwine.json"
  },
  {
    "op": "addmerge",
    "path": "/attributes/nutritionPropsWhenInMealByType",
    "value": {
		"*": { satiety: 80, health: 0, foodcategory: "Fruit" },
    },
    "side": "server",
    "file": "wildcraftfruit:itemtypes/liquid/flowerwine.json"
  },
]