﻿[
 {
    "file": "expandedfoods:itemtypes/food/mixing/hardtack.json",
    op: "addmerge", 
    path: "/skipVariants",
    value: [ "hardtack-acorn-*" ],
    side: "server",
    dependsOn: [{ "modid": "wildcraftfruit", "invert": true }]
 },
 {
   file: "expandedfoods:recipes/kneading/wildcraftfruit/hardtack.json",
    op: "addmerge", 
    path: "/0/enabled", 
    value: "false",
    side: "server",
    dependsOn: [{ "modid": "wildcraftfruit" , "invert": true}]
 },
 {
   file: "expandedfoods:recipes/kneading/wildcraftfruit/hardtack.json",
    op: "addmerge", 
    path: "/1/enabled", 
    value: "false",
    side: "server",
    dependsOn: [{ "modid": "wildcraftfruit" , "invert": true}]
 },
]