﻿[
  {
    "op": "addmerge",
    "path": "/attributesByType/*-sumac/bakingProperties",
    "value": {
      "temp": 100,
      "levelFrom": 0.0,
      "levelTo": 0.5,
      "startScaleY": 1.0,
      "endScaleY": 0.8,
      "resultCode": "expandedfoods:wilddryfruit-sumac"
    },
    "side": "server",
    "file": "wildcraftfruit:itemtypes/food/nut.json"
  },
  {
    "op": "addmerge",
    "path": "/attributesByType/*-juniper/bakingProperties",
    "value": {
      "temp": 100,
      "levelFrom": 0.0,
      "levelTo": 0.5,
      "startScaleY": 1.0,
      "endScaleY": 0.8,
      "resultCode": "expandedfoods:wilddryfruit-juniper"
    },
    "side": "server",
    "file": "wildcraftfruit:itemtypes/food/nut.json"
  },
]