{
	"editor": {
		"allAngles": false,
		"entityTextureMode": false
	},
	"textureWidth": 32,
	"textureHeight": 32,
	"textureSizes": {
	},
	"textures": {
		
	},
	"elements": [
		{
			"name": "bottom",
			"from": [ 0.0, 0.0, 0.0 ],
			"to": [ 0.0, 0.0, 0.0 ],
			"rotationOrigin": [ 8.0, -8.1, 8.0 ],
			"faces": {
			},
			"children": [
				{
					"name": "cube13",
					"from": [ 5.2, 0.335, 4.225 ],
					"to": [ 10.8, 0.341, 11.75 ],
					"renderPass": 4,
					"rotationOrigin": [ 8.0, -8.1, 8.0 ],
					"faces": {
						"north": {
							"texture": "#bucket1",
							"uv": [ 19.0, 17.5, 24.5, 25.0 ],
							"autoUv": false
						},
						"east": {
							"texture": "#bucket1",
							"uv": [ 19.0, 17.5, 24.5, 25.0 ],
							"autoUv": false
						},
						"south": {
							"texture": "#bucket1",
							"uv": [ 19.0, 17.5, 24.5, 25.0 ],
							"autoUv": false
						},
						"west": {
							"texture": "#bucket1",
							"uv": [ 19.0, 17.5, 24.5, 25.0 ],
							"autoUv": false
						},
						"up": {
							"texture": "#bucket1",
							"uv": [ 19.0, 17.5, 24.5, 25.0 ],
							"autoUv": false
						},
						"down": {
							"texture": "#bucket1",
							"uv": [ 19.0, 17.5, 24.5, 25.0 ],
							"autoUv": false
						}
					}
				},
				{
					"name": "cube14",
					"from": [ 4.2, 0.335, 5.2 ],
					"to": [ 5.2, 0.341, 10.55 ],
					"renderPass": 4,
					"rotationOrigin": [ 8.0, -8.1, 8.0 ],
					"faces": {
						"north": {
							"texture": "#bucket1",
							"uv": [ 24.5, 18.0, 25.5, 23.5 ],
							"autoUv": false
						},
						"east": {
							"texture": "#bucket1",
							"uv": [ 24.5, 18.0, 25.5, 23.5 ],
							"autoUv": false
						},
						"south": {
							"texture": "#bucket1",
							"uv": [ 24.5, 18.0, 25.5, 23.5 ],
							"autoUv": false
						},
						"west": {
							"texture": "#bucket1",
							"uv": [ 24.5, 18.0, 25.5, 23.5 ],
							"autoUv": false
						},
						"up": {
							"texture": "#bucket1",
							"uv": [ 24.5, 18.0, 25.5, 23.5 ],
							"autoUv": false
						},
						"down": {
							"texture": "#bucket1",
							"uv": [ 24.5, 18.0, 25.5, 23.5 ],
							"autoUv": false
						}
					}
				},
				{
					"name": "cube15",
					"from": [ 10.8, 0.335, 5.2 ],
					"to": [ 11.8, 0.341, 10.55 ],
					"renderPass": 4,
					"rotationOrigin": [ 8.0, -8.1, 8.0 ],
					"faces": {
						"north": {
							"texture": "#bucket1",
							"uv": [ 18.0, 19.0, 19.0, 24.5 ],
							"autoUv": false
						},
						"east": {
							"texture": "#bucket1",
							"uv": [ 18.0, 19.0, 19.0, 24.5 ],
							"autoUv": false
						},
						"south": {
							"texture": "#bucket1",
							"uv": [ 18.0, 19.0, 19.0, 24.5 ],
							"autoUv": false
						},
						"west": {
							"texture": "#bucket1",
							"uv": [ 18.0, 19.0, 19.0, 24.5 ],
							"autoUv": false
						},
						"up": {
							"texture": "#bucket1",
							"uv": [ 18.0, 19.0, 19.0, 24.5 ],
							"autoUv": false
						},
						"down": {
							"texture": "#bucket1",
							"uv": [ 18.0, 19.0, 19.0, 24.5 ],
							"autoUv": false
						}
					}
				}
			]
		}
	]}