{
	"editor": {
		"collapsedPaths": "",
		"allAngles": true,
		"entityTextureMode": true
	},
	"textureWidth": 32,
	"textureHeight": 32,
	"textureSizes": {
	},
	"textures": {
		},
	"elements": [
		{
			"name": "Body",
			"from": [ 3.0, 5.2, 4.9 ],
			"to": [ 12.0, 9.7, 10.4 ],
			"unwrapMode": 6,
			"uv": [ 0.0, 11.5 ],
			"rotationOrigin": [ 8.25, 5.8, 8.1 ],
			"faces": {
				"north": { "texture": "#mute-swan-young", "uv": [ 4.5, 11.5, 13.5, 16.0 ] },
				"east": { "texture": "#mute-swan-young", "uv": [ 0.0, 16.0, 4.5, 21.5 ], "rotation": 90 },
				"south": { "texture": "#mute-swan-young", "uv": [ 4.5, 21.5, 13.5, 26.0 ], "rotation": 180 },
				"west": { "texture": "#mute-swan-young", "uv": [ 13.5, 16.0, 18.0, 21.5 ], "rotation": 270 },
				"up": { "texture": "#mute-swan-young", "uv": [ 18.0, 16.0, 27.0, 21.5 ] },
				"down": { "texture": "#mute-swan-young", "uv": [ 4.5, 16.0, 13.5, 21.5 ] }
			},
			"children": [
				{
					"name": "Chest",
					"from": [ 0.4, -0.25, 0.8 ],
					"to": [ 2.95, 3.75, 4.8 ],
					"unwrapMode": 2,
					"unwrapRotation": 1,
					"uv": [ 9.5, 5.0 ],
					"rotationOrigin": [ 0.35, 0.2, 3.02 ],
					"rotationZ": 42.0,
					"faces": {
						"north": { "texture": "#mute-swan-young", "uv": [ 12.0, 5.0, 16.0, 7.5 ], "rotation": 90 },
						"east": { "texture": "#mute-swan-young", "uv": [ 12.0, 7.5, 16.0, 11.5 ], "rotation": 90 },
						"south": { "texture": "#mute-swan-young", "uv": [ 12.0, 11.5, 16.0, 14.0 ], "rotation": 90 },
						"west": { "texture": "#mute-swan-young", "uv": [ 18.5, 7.5, 22.5, 11.5 ], "rotation": 270 },
						"up": { "texture": "#mute-swan-young", "uv": [ 9.5, 7.5, 12.0, 11.5 ] },
						"down": { "texture": "#mute-swan-young", "uv": [ 16.0, 7.5, 18.5, 11.5 ] }
					},
					"children": [
						{
							"name": "UpperThroat",
							"from": [ 0.45, 2.4, 0.8 ],
							"to": [ 2.7, 6.4, 3.3 ],
							"uv": [ 13.5, 9.0 ],
							"rotationOrigin": [ 1.5, 3.4, 2.1 ],
							"rotationZ": -61.0,
							"faces": {
								"north": { "texture": "#mute-swan-young", "uv": [ 13.5, 11.5, 15.5, 15.5 ] },
								"east": { "texture": "#mute-swan-young", "uv": [ 15.5, 11.5, 18.0, 15.5 ] },
								"south": { "texture": "#mute-swan-young", "uv": [ 18.0, 11.5, 20.0, 15.5 ] },
								"west": { "texture": "#mute-swan-young", "uv": [ 20.0, 11.5, 22.5, 15.5 ] },
								"up": { "texture": "#mute-swan-young", "uv": [ 13.5, 9.0, 15.5, 11.5 ] },
								"down": { "texture": "#mute-swan-young", "uv": [ 15.5, 9.0, 17.5, 11.5 ] }
							},
							"children": [
								{
									"name": "UpperThroat2",
									"from": [ -0.1, 3.6, 0.4 ],
									"to": [ 2.15, 7.1, 2.2 ],
									"uv": [ 13.5, 9.0 ],
									"rotationOrigin": [ 1.0, 3.6, 1.4 ],
									"rotationZ": 19.0,
									"faces": {
										"north": { "texture": "#mute-swan-young", "uv": [ 13.5, 10.5, 15.5, 14.0 ] },
										"east": { "texture": "#mute-swan-young", "uv": [ 15.5, 10.5, 17.0, 14.0 ] },
										"south": { "texture": "#mute-swan-young", "uv": [ 17.0, 10.5, 19.0, 14.0 ] },
										"west": { "texture": "#mute-swan-young", "uv": [ 19.0, 10.5, 20.5, 14.0 ] },
										"up": { "texture": "#mute-swan-young", "uv": [ 13.5, 9.0, 15.5, 10.5 ] },
										"down": { "texture": "#mute-swan-young", "uv": [ 15.5, 9.0, 17.5, 10.5 ] }
									},
									"children": [
										{
											"name": "Neck",
											"from": [ 0.03, 3.18, 0.1 ],
											"to": [ 2.03, 6.18, 1.7 ],
											"uv": [ 11.0, 4.5 ],
											"rotationOrigin": [ 0.73, 3.1766, 1.0 ],
											"rotationZ": 17.0,
											"faces": {
												"north": { "texture": "#mute-swan-young", "uv": [ 11.0, 6.0, 13.0, 9.0 ] },
												"east": { "texture": "#mute-swan-young", "uv": [ 13.0, 6.0, 14.5, 9.0 ] },
												"south": { "texture": "#mute-swan-young", "uv": [ 14.5, 6.0, 16.5, 9.0 ] },
												"west": { "texture": "#mute-swan-young", "uv": [ 16.5, 6.0, 18.0, 9.0 ] },
												"up": { "texture": "#mute-swan-young", "uv": [ 11.0, 4.5, 13.0, 6.0 ] },
												"down": { "texture": "#mute-swan-young", "uv": [ 13.0, 4.5, 15.0, 6.0 ] }
											},
											"children": [
												{
													"name": "head",
													"from": [ -1.36, 1.07, -0.5 ],
													"to": [ 1.64, 3.47, 2.0 ],
													"unwrapMode": 5,
													"unwrapRotation": 1,
													"uv": [ 16.0, 25.0 ],
													"rotationOrigin": [ 1.15, 1.64, 0.85 ],
													"rotationZ": -6.0,
													"faces": {
														"north": { "texture": "#mute-swan-young", "uv": [ 16.0, 27.0, 18.0, 30.0 ], "rotation": 270 },
														"east": { "texture": "#mute-swan-young", "uv": [ 18.0, 25.0, 20.5, 27.0 ], "rotation": 180 },
														"south": { "texture": "#mute-swan-young", "uv": [ 20.5, 27.0, 22.5, 30.0 ], "rotation": 90 },
														"west": { "texture": "#mute-swan-young", "uv": [ 18.0, 30.0, 20.5, 32.0 ] },
														"up": { "texture": "#mute-swan-young", "uv": [ 18.0, 27.0, 20.5, 30.0 ], "rotation": 90 },
														"down": { "texture": "#mute-swan-young", "uv": [ 22.5, 27.0, 25.0, 30.0 ], "rotation": 270 }
													},
													"children": [
														{
															"name": "beak",
															"from": [ -2.7, 0.75, 0.4 ],
															"to": [ 0.0, 1.5, 2.1 ],
															"uv": [ 1.0, 0.5 ],
															"rotationOrigin": [ -1.5, 1.2, 1.45 ],
															"faces": {
																"north": { "texture": "#mute-swan-young", "uv": [ 1.0, 2.0, 3.5, 2.5 ] },
																"south": { "texture": "#mute-swan-young", "uv": [ 3.5, 2.0, 6.0, 2.5 ] },
																"west": { "texture": "#mute-swan-young", "uv": [ 6.0, 2.0, 7.5, 2.5 ] },
																"up": { "texture": "#mute-swan-young", "uv": [ 1.0, 0.5, 3.5, 2.0 ] },
																"down": { "texture": "#mute-swan-young", "uv": [ 3.5, 0.5, 6.0, 2.0 ] }
															},
															"children": [
																{
																	"name": "beak2",
																	"from": [ 2.0, 0.3, -0.05 ],
																	"to": [ 3.9, 1.2, 1.75 ],
																	"uv": [ 0.0, 5.5 ],
																	"rotationOrigin": [ 2.0, 0.3, -0.3 ],
																	"faces": {
																		"north": { "texture": "#mute-swan-young", "uv": [ 0.0, 7.0, 1.5, 7.5 ] },
																		"east": { "texture": "#mute-swan-young", "uv": [ 1.5, 7.0, 3.0, 7.5 ] },
																		"south": { "texture": "#mute-swan-young", "uv": [ 3.0, 7.0, 4.5, 7.5 ] },
																		"west": { "texture": "#mute-swan-young", "uv": [ 4.5, 7.0, 6.0, 7.5 ] },
																		"up": { "texture": "#mute-swan-young", "uv": [ 0.0, 5.5, 1.5, 7.0 ] },
																		"down": { "texture": "#mute-swan-young", "uv": [ 1.5, 5.5, 3.0, 7.0 ] }
																	}
																}
															]
														}
													]
												}
											]
										}
									]
								}
							]
						}
					]
				},
				{
					"name": "tail",
					"from": [ 7.5, 0.5, 0.5 ],
					"to": [ 13.5, 3.5, 5.0 ],
					"unwrapMode": 5,
					"uv": [ 22.5, 0.5 ],
					"rotationOrigin": [ 9.0, 2.0, 3.0 ],
					"rotationZ": 8.0,
					"faces": {
						"north": { "texture": "#mute-swan-young", "uv": [ 25.5, 0.5, 31.5, 3.5 ], "rotation": 180 },
						"south": { "texture": "#mute-swan-young", "uv": [ 25.5, 8.0, 31.5, 11.0 ] },
						"west": { "texture": "#mute-swan-young", "uv": [ 22.5, 3.5, 25.5, 8.0 ], "rotation": 270 },
						"up": { "texture": "#mute-swan-young", "uv": [ 25.5, 3.5, 31.5, 8.0 ] }
					},
					"children": [
						{
							"name": "tail2",
							"from": [ 0.5, 2.1, -0.25 ],
							"to": [ 4.5, 4.1, 4.75 ],
							"unwrapMode": 5,
							"uv": [ 25.5, 0.5 ],
							"rotationOrigin": [ 2.0, 3.6, 3.0 ],
							"rotationZ": 19.0,
							"faces": {
								"north": { "texture": "#mute-swan-young", "uv": [ 27.5, 0.5, 31.5, 2.5 ], "rotation": 180 },
								"south": { "texture": "#mute-swan-young", "uv": [ 27.5, 7.5, 31.5, 9.5 ] },
								"west": { "texture": "#mute-swan-young", "uv": [ 25.5, 2.5, 27.5, 7.5 ], "rotation": 270 },
								"up": { "texture": "#mute-swan-young", "uv": [ 27.5, 2.5, 31.5, 7.5 ] }
							}
						}
					]
				},
				{
					"name": "thighs right",
					"from": [ 2.5, -1.05, 0.2 ],
					"to": [ 7.0, 2.45, 3.0 ],
					"unwrapMode": 1,
					"autoUnwrap": false,
					"uv": [ 10.0, 0.0 ],
					"rotationOrigin": [ 4.75, -0.3, 2.05 ],
					"faces": {
						"north": { "texture": "#mute-swan-young", "uv": [ 13.0, 0.0, 17.5, 3.5 ] },
						"east": { "texture": "#mute-swan-young", "uv": [ 10.5, 0.0, 13.0, 3.5 ] },
						"south": { "texture": "#mute-swan-young", "uv": [ 20.0, 0.0, 24.5, 3.5 ] },
						"west": { "texture": "#mute-swan-young", "uv": [ 17.5, 0.0, 20.0, 3.5 ] },
						"up": { "texture": "#mute-swan-young", "uv": [ 17.5, 3.5, 22.0, 6.0 ], "rotation": 180, "windMode": [-1,-1,-1,-1] },
						"down": { "texture": "#mute-swan-young", "uv": [ 13.0, 3.5, 17.5, 6.0 ] }
					},
					"children": [
						{
							"name": "leg right",
							"from": [ 1.5, -4.0, 1.05 ],
							"to": [ 2.6, 0.5, 2.05 ],
							"autoUnwrap": false,
							"uv": [ 0.0, 2.0 ],
							"rotationOrigin": [ 2.25, 2.0, 1.8 ],
							"faces": {
								"north": { "texture": "#mute-swan-young", "uv": [ 0.0, 3.5, 1.0, 8.0 ] },
								"east": { "texture": "#mute-swan-young", "uv": [ 1.5, 3.5, 2.5, 8.0 ] },
								"south": { "texture": "#mute-swan-young", "uv": [ 3.0, 3.5, 4.0, 8.0 ] },
								"west": { "texture": "#mute-swan-young", "uv": [ 4.5, 3.5, 5.5, 8.0 ] },
								"down": { "texture": "#mute-swan-young", "uv": [ 0.0, 3.0, 1.0, 4.0 ], "windMode": [-1,-1,-1,-1] }
							},
							"children": [
								{
									"name": "toes right",
									"from": [ -2.0, 0.0, -1.45 ],
									"to": [ 1.5, 1.5, 1.55 ],
									"autoUnwrap": false,
									"uv": [ 16.5, 22.5 ],
									"rotationOrigin": [ 1.5, 0.0, -0.2 ],
									"rotationY": -11.0,
									"faces": {
										"down": { "texture": "#mute-swan-young", "uv": [ 6.0, 3.0, 9.5, 6.0 ] }
									}
								}
							]
						}
					]
				},
				{
					"name": "thighs left",
					"from": [ 2.5, -1.05, 3.0 ],
					"to": [ 7.0, 2.45, 5.8 ],
					"unwrapMode": 1,
					"autoUnwrap": false,
					"uv": [ 10.0, 0.0 ],
					"rotationOrigin": [ 4.75, -0.3, 5.05 ],
					"faces": {
						"north": { "texture": "#mute-swan-young", "uv": [ 13.0, 0.0, 17.5, 3.5 ] },
						"east": { "texture": "#mute-swan-young", "uv": [ 10.5, 0.0, 13.0, 3.5 ] },
						"south": { "texture": "#mute-swan-young", "uv": [ 20.0, 0.0, 24.5, 3.5 ] },
						"west": { "texture": "#mute-swan-young", "uv": [ 17.5, 0.0, 20.0, 3.5 ] },
						"up": { "texture": "#mute-swan-young", "uv": [ 17.5, 3.5, 22.0, 6.0 ], "rotation": 180, "windMode": [-1,-1,-1,-1] },
						"down": { "texture": "#mute-swan-young", "uv": [ 13.0, 3.5, 17.5, 6.0 ] }
					},
					"children": [
						{
							"name": "leg left",
							"from": [ 1.5, -4.0, 0.55 ],
							"to": [ 2.6, 0.5, 1.55 ],
							"autoUnwrap": false,
							"uv": [ 0.0, 3.5 ],
							"rotationOrigin": [ 2.25, 2.0, 1.3 ],
							"faces": {
								"north": { "texture": "#mute-swan-young", "uv": [ 0.0, 3.5, 1.0, 8.0 ] },
								"east": { "texture": "#mute-swan-young", "uv": [ 1.5, 3.5, 2.5, 8.0 ] },
								"south": { "texture": "#mute-swan-young", "uv": [ 3.0, 3.5, 4.0, 8.0 ] },
								"west": { "texture": "#mute-swan-young", "uv": [ 4.5, 3.5, 5.5, 8.0 ] },
								"down": { "texture": "#mute-swan-young", "uv": [ 0.0, 3.0, 1.0, 4.0 ], "windMode": [-1,-1,-1,-1] }
							},
							"children": [
								{
									"name": "toes left",
									"from": [ -2.0, 0.0, -0.45 ],
									"to": [ 1.5, 1.5, 2.55 ],
									"autoUnwrap": false,
									"uv": [ 20.0, 21.0 ],
									"rotationOrigin": [ 1.5, 0.0, 0.3 ],
									"rotationY": 11.0,
									"faces": {
										"down": { "texture": "#mute-swan-young", "uv": [ 6.0, 4.0, 9.5, 7.0 ] }
									}
								}
							]
						}
					]
				},
				{
					"name": "right wing",
					"from": [ 0.75, -0.3, -0.75 ],
					"to": [ 5.25, 4.45, 0.75 ],
					"unwrapMode": 1,
					"uv": [ 2.0, 26.0 ],
					"rotationOrigin": [ 1.5, 4.35, 0.0 ],
					"rotationZ": -6.0,
					"faces": {
						"north": { "texture": "#mute-swan-young", "uv": [ 2.0, 27.5, 6.5, 32.0 ] },
						"west": { "texture": "#mute-swan-young", "uv": [ 6.5, 27.5, 8.0, 32.0 ] },
						"up": { "texture": "#mute-swan-young", "uv": [ 2.0, 26.0, 6.5, 27.5 ], "rotation": 180 }
					},
					"children": [
						{
							"name": "right wing2",
							"from": [ 2.0, 0.0, 0.0 ],
							"to": [ 10.5, 4.75, 1.5 ],
							"unwrapMode": 1,
							"uv": [ 1.0, 26.0 ],
							"rotationOrigin": [ 2.75, 4.65, 0.25 ],
							"rotationY": 3.0,
							"rotationZ": 2.0,
							"faces": {
								"north": { "texture": "#mute-swan-young", "uv": [ 1.0, 27.5, 9.5, 32.0 ] },
								"up": { "texture": "#mute-swan-young", "uv": [ 1.0, 26.0, 9.5, 27.5 ], "rotation": 180 }
							}
						}
					]
				},
				{
					"name": "left wing",
					"from": [ 0.75, -0.3, 4.75 ],
					"to": [ 5.25, 4.45, 6.25 ],
					"unwrapMode": 1,
					"uv": [ 9.0, 26.0 ],
					"rotationOrigin": [ 1.5, 4.35, 5.45 ],
					"rotationZ": -6.0,
					"faces": {
						"south": { "texture": "#mute-swan-young", "uv": [ 10.5, 27.5, 15.0, 32.0 ] },
						"west": { "texture": "#mute-swan-young", "uv": [ 9.0, 27.5, 10.5, 32.0 ] },
						"up": { "texture": "#mute-swan-young", "uv": [ 9.0, 26.0, 13.5, 27.5 ], "rotation": 180 }
					},
					"children": [
						{
							"name": "left wing2",
							"from": [ 1.8, 0.0, 0.0 ],
							"to": [ 10.3, 4.75, 1.5 ],
							"unwrapMode": 1,
							"uv": [ 7.5, 26.0 ],
							"rotationOrigin": [ 2.55, 4.65, 1.5 ],
							"rotationY": -3.0,
							"rotationZ": 2.0,
							"faces": {
								"south": { "texture": "#mute-swan-young", "uv": [ 7.5, 27.5, 16.0, 32.0 ] },
								"up": { "texture": "#mute-swan-young", "uv": [ 7.5, 26.0, 16.0, 27.5 ], "rotation": 180 }
							}
						}
					]
				}
			],
			"attachmentpoints": [
				{
					"code": "Center",
					"posX": "3.0","posY": "2.0","posZ": "2.5",
					"rotationX": "0.0","rotationY": "0.0","rotationZ": "0.0"
				}
			]
		}
	],
	"animations": [
		{
			"name": "Eat",
			"code": "eat",
			"quantityframes": 40,
			"onActivityStopped": "EaseOut",
			"onAnimationEnd": "Repeat",
			"keyframes": [
				{
					"frame": 0,
					"elements": {
						"Body": { "offsetX": 0.0, "offsetY": -0.75, "offsetZ": 0.0, "rotationX": 0.0, "rotationY": 0.0, "rotationZ": 0.0 },
						"Chest": { "offsetX": 0.7462, "offsetY": -0.3462, "offsetZ": 0.0, "rotationX": 0.0, "rotationY": 0.0, "rotationZ": 0.0 },
						"head": { "offsetX": 0.7, "offsetY": 0.0, "offsetZ": 0.0, "rotationX": 0.0, "rotationY": 0.0, "rotationZ": 0.0 },
						"leg left": { "rotationX": 0.0, "rotationY": 0.0, "rotationZ": 0.0 },
						"leg right": { "rotationX": 0.0, "rotationY": 0.0, "rotationZ": 0.0 },
						"UpperThroat": { "rotationX": 0.0, "rotationY": 0.0, "rotationZ": 0.0 }
					}
				},
				{
					"frame": 10,
					"elements": {
						"Body": { "offsetX": 0.0, "offsetY": -0.75, "offsetZ": 0.0, "rotationX": 0.0, "rotationY": 0.0, "rotationZ": 17.0 },
						"Chest": { "offsetX": -0.1, "offsetY": -0.5, "offsetZ": 0.0 },
						"head": { "offsetX": 0.7, "offsetY": 0.0, "offsetZ": 0.0 },
						"leg left": { "offsetX": 0.0, "offsetY": 0.75, "offsetZ": 0.0, "rotationX": 0.0, "rotationY": 0.0, "rotationZ": -17.0 },
						"leg right": { "offsetX": 0.0, "offsetY": 0.75, "offsetZ": 0.0, "rotationX": 0.0, "rotationY": 0.0, "rotationZ": -17.0 }
					}
				},
				{
					"frame": 13,
					"elements": {
						"Body": { "offsetX": 0.0, "offsetY": -0.75, "offsetZ": 0.0, "rotationX": 0.0, "rotationY": 0.0, "rotationZ": 17.0 },
						"Chest": { "offsetX": -0.1, "offsetY": -0.5, "offsetZ": 0.0 },
						"head": { "offsetX": 0.7, "offsetY": 0.0, "offsetZ": 0.0 },
						"leg right": { "offsetX": 0.0, "offsetY": 0.75, "offsetZ": 0.0, "rotationX": 0.0, "rotationY": 0.0, "rotationZ": -17.0 },
						"leg left": { "offsetX": 0.0, "offsetY": 0.75, "offsetZ": 0.0, "rotationX": 0.0, "rotationY": 0.0, "rotationZ": -17.0 },
						"UpperThroat": { "rotationX": 8.0, "rotationY": 0.0, "rotationZ": 89.0 }
					}
				},
				{
					"frame": 16,
					"elements": {
						"Body": { "offsetX": 0.0, "offsetY": -0.75, "offsetZ": 0.0, "rotationX": 0.0, "rotationY": 0.0, "rotationZ": 22.0 },
						"Chest": { "offsetX": -0.1, "offsetY": -0.35, "offsetZ": 0.0 },
						"head": { "offsetX": 0.7, "offsetY": 0.0, "offsetZ": 0.0 },
						"leg right": { "offsetX": 0.0, "offsetY": 0.75, "offsetZ": 0.0, "rotationX": 0.0, "rotationY": 0.0, "rotationZ": -22.0 },
						"leg left": { "offsetX": 0.0, "offsetY": 0.75, "offsetZ": 0.0, "rotationX": 0.0, "rotationY": 0.0, "rotationZ": -22.0 }
					}
				},
				{
					"frame": 19,
					"elements": {
						"Body": { "offsetX": 0.0, "offsetY": -0.75, "offsetZ": 0.0, "rotationX": 0.0, "rotationY": 0.0, "rotationZ": 17.0 },
						"Chest": { "offsetX": -0.1, "offsetY": -0.5, "offsetZ": 0.0 },
						"leg right": { "offsetX": 0.0, "offsetY": 0.75, "offsetZ": 0.0, "rotationX": 0.0, "rotationY": 0.0, "rotationZ": -17.0 },
						"leg left": { "offsetX": 0.0, "offsetY": 0.75, "offsetZ": 0.0, "rotationX": 0.0, "rotationY": 0.0, "rotationZ": -17.0 },
						"head": { "offsetX": 0.7, "offsetY": 0.0, "offsetZ": 0.0, "rotationX": 0.0, "rotationY": 0.0, "rotationZ": -47.6 }
					}
				},
				{
					"frame": 21,
					"elements": {
						"Body": { "offsetX": 0.0, "offsetY": -0.75, "offsetZ": 0.0, "rotationX": 0.0, "rotationY": 0.0, "rotationZ": 17.0 },
						"Chest": { "offsetX": -0.1, "offsetY": -0.5, "offsetZ": 0.0 },
						"head": { "offsetX": 0.7, "offsetY": -1.0, "offsetZ": 0.0, "rotationX": 0.0, "rotationY": 0.0, "rotationZ": -58.0 },
						"leg right": { "offsetX": 0.0, "offsetY": 0.75, "offsetZ": 0.0, "rotationX": 0.0, "rotationY": 0.0, "rotationZ": -17.0 },
						"leg left": { "offsetX": 0.0, "offsetY": 0.75, "offsetZ": 0.0, "rotationX": 0.0, "rotationY": 0.0, "rotationZ": -17.0 }
					}
				},
				{
					"frame": 24,
					"elements": {
						"Body": { "offsetX": 0.0, "offsetY": -0.75, "offsetZ": 0.0, "rotationX": 0.0, "rotationY": 0.0, "rotationZ": 22.0 },
						"Chest": { "offsetX": -0.1, "offsetY": -0.2, "offsetZ": 0.0 },
						"head": { "offsetX": 0.25, "offsetY": 0.0, "offsetZ": 0.0 },
						"leg right": { "offsetX": 0.0, "offsetY": 0.75, "offsetZ": 0.0, "rotationX": 0.0, "rotationY": 0.0, "rotationZ": -22.0 },
						"leg left": { "offsetX": 0.0, "offsetY": 0.75, "offsetZ": 0.0, "rotationX": 0.0, "rotationY": 0.0, "rotationZ": -22.0 }
					}
				},
				{
					"frame": 26,
					"elements": {
						"Body": { "offsetX": 0.0, "offsetY": -0.75, "offsetZ": 0.0, "rotationX": 0.0, "rotationY": 0.0, "rotationZ": 17.0 },
						"Chest": { "offsetX": -0.1, "offsetY": -0.5, "offsetZ": 0.0 },
						"head": { "offsetX": 0.7, "offsetY": 0.0, "offsetZ": 0.0, "rotationX": 0.0, "rotationY": 0.0, "rotationZ": -33.0 },
						"leg right": { "offsetX": 0.0, "offsetY": 0.75, "offsetZ": 0.0, "rotationX": 0.0, "rotationY": 0.0, "rotationZ": -17.0 },
						"leg left": { "offsetX": 0.0, "offsetY": 0.75, "offsetZ": 0.0, "rotationX": 0.0, "rotationY": 0.0, "rotationZ": -17.0 }
					}
				},
				{
					"frame": 29,
					"elements": {
						"Body": { "offsetX": 0.0, "offsetY": -0.75, "offsetZ": 0.0, "rotationX": 0.0, "rotationY": 0.0, "rotationZ": 22.0 },
						"Chest": { "offsetX": -0.4, "offsetY": -0.5, "offsetZ": 0.0 },
						"head": { "offsetX": 0.25, "offsetY": 0.0, "offsetZ": 0.0, "rotationX": 0.0, "rotationY": 0.0, "rotationZ": -22.5 },
						"leg right": { "offsetX": 0.0, "offsetY": 0.75, "offsetZ": 0.0, "rotationX": 0.0, "rotationY": 0.0, "rotationZ": -22.0 },
						"leg left": { "offsetX": 0.0, "offsetY": 0.75, "offsetZ": 0.0, "rotationX": 0.0, "rotationY": 0.0, "rotationZ": -22.0 }
					}
				},
				{
					"frame": 37,
					"elements": {
						"Body": { "offsetX": 0.0, "offsetY": -0.75, "offsetZ": 0.0, "rotationX": 0.0, "rotationY": 0.0, "rotationZ": 0.0 },
						"Chest": { "offsetX": -0.021, "offsetY": -0.6609, "offsetZ": 0.0, "rotationX": 0.0, "rotationY": 0.0, "rotationZ": 0.0 },
						"head": { "offsetX": 0.7, "offsetY": 0.0, "offsetZ": 0.0, "rotationX": 0.0, "rotationY": 0.0, "rotationZ": 0.0 },
						"leg right": { "offsetX": 0.0, "offsetY": 0.75, "offsetZ": 0.0, "rotationX": 0.0, "rotationY": 0.0, "rotationZ": 0.0 },
						"leg left": { "offsetX": 0.0, "offsetY": 0.75, "offsetZ": 0.0, "rotationX": 0.0, "rotationY": 0.0, "rotationZ": 0.0 }
					}
				}
			]
		},

		{
			"name": "Walk",
			"code": "walk",
			"quantityframes": 24,
			"onActivityStopped": "EaseOut",
			"onAnimationEnd": "Repeat",
			"keyframes": [
				{
					"frame": 0,
					"elements": {
						"Body": { "offsetX": -0.75, "offsetY": 0.0, "offsetZ": 0.0, "rotationX": -2.0, "rotationY": 8.0, "rotationZ": -4.0 },
						"head": { "offsetX": 0.0, "offsetY": 0.0, "offsetZ": 0.0, "rotationX": 0.0, "rotationY": 0.0, "rotationZ": 8.0 },
						"tail": { "offsetX": 0.45, "offsetY": 0.45, "offsetZ": 0.0 },
						"thighs right": { "offsetX": 2.25, "offsetY": -0.75, "offsetZ": 0.0 },
						"leg right": { "offsetX": 0.0, "offsetY": 0.0, "offsetZ": 0.0, "rotationX": 0.0, "rotationY": 0.0, "rotationZ": 8.0 },
						"toes right": { "offsetX": 0.0, "offsetY": 0.0, "offsetZ": 0.0, "rotationX": 0.0, "rotationY": 0.0, "rotationZ": -25.0 },
						"thighs left": { "offsetX": 0.0, "offsetY": 0.0, "offsetZ": 0.0, "rotationX": 3.0, "rotationY": 0.0, "rotationZ": -24.0 },
						"leg left": { "offsetX": -1.5, "offsetY": 1.5, "offsetZ": 0.0, "rotationX": 0.0, "rotationY": 0.0, "rotationZ": 28.0 },
						"toes left": { "offsetX": 0.0, "offsetY": 0.0, "offsetZ": 0.0, "rotationX": 0.0, "rotationY": 0.0, "rotationZ": 30.0 },
						"right wing": { "offsetX": 0.0, "offsetY": 0.0, "offsetZ": 0.0, "rotationX": 0.0, "rotationY": 0.0, "rotationZ": 0.0 },
						"left wing": { "offsetX": 0.0, "offsetY": 0.0, "offsetZ": 0.0, "rotationX": 0.0, "rotationY": 0.0, "rotationZ": 0.0 },
						"Chest": { "offsetX": 0.0, "offsetY": 0.0, "offsetZ": 0.0, "rotationX": 0.0, "rotationY": 0.0, "rotationZ": -6.0 }
					}
				},
				{
					"frame": 6,
					"elements": {
						"Body": { "offsetX": -1.5, "offsetY": 0.0, "offsetZ": 0.0, "rotationX": 0.0, "rotationY": 0.0, "rotationZ": -1.0 },
						"tail": { "offsetX": 0.0, "offsetY": 0.0, "offsetZ": 0.0, "rotationX": 0.0, "rotationY": 0.0, "rotationZ": 8.0 },
						"thighs right": { "offsetX": 0.75, "offsetY": -1.5, "offsetZ": 0.0, "rotationX": 3.0, "rotationY": -8.0, "rotationZ": 35.0 },
						"leg right": { "offsetX": 0.0, "offsetY": 0.0, "offsetZ": 0.0, "rotationX": 0.0, "rotationY": 0.0, "rotationZ": 11.0 },
						"toes right": { "offsetX": 0.0, "offsetY": 0.0, "offsetZ": 0.0, "rotationX": 0.0, "rotationY": 0.0, "rotationZ": -8.0 },
						"thighs left": { "offsetX": -0.75, "offsetY": -2.25, "offsetZ": 0.0, "rotationX": 3.0, "rotationY": 0.0, "rotationZ": -51.0 },
						"leg left": { "offsetX": -0.75, "offsetY": 0.0, "offsetZ": 0.0, "rotationX": 0.0, "rotationY": 0.0, "rotationZ": 17.0 },
						"toes left": { "offsetX": 0.0, "offsetY": 0.0, "offsetZ": 0.0, "rotationX": 0.0, "rotationY": 0.0, "rotationZ": -1.0 },
						"right wing": { "offsetX": 0.0, "offsetY": 0.0, "offsetZ": 0.0, "rotationX": 0.0, "rotationY": 0.0, "rotationZ": 0.0 },
						"left wing": { "offsetX": 0.0, "offsetY": 0.0, "offsetZ": 0.0, "rotationX": 0.0, "rotationY": 0.0, "rotationZ": 0.0 },
						"UpperThroat": { "rotationX": 0.0, "rotationY": -3.0, "rotationZ": 0.0 }
					}
				},
				{
					"frame": 12,
					"elements": {
						"Body": { "offsetX": -0.75, "offsetY": 0.0, "offsetZ": 0.0, "rotationX": -2.0, "rotationY": -8.0, "rotationZ": -4.0 },
						"tail": { "offsetX": 0.45, "offsetY": 0.45, "offsetZ": 0.0 },
						"thighs right": { "offsetX": 0.0, "offsetY": 0.0, "offsetZ": 0.0, "rotationX": -3.0, "rotationY": 0.0, "rotationZ": -32.0 },
						"leg right": { "offsetX": -1.5, "offsetY": 1.5, "offsetZ": 0.0, "rotationX": 0.0, "rotationY": 0.0, "rotationZ": 28.0 },
						"toes right": { "offsetX": 0.0, "offsetY": 0.0, "offsetZ": 0.0, "rotationX": -5.0, "rotationY": 0.0, "rotationZ": 25.0 },
						"thighs left": { "offsetX": 2.25, "offsetY": -0.75, "offsetZ": 0.0 },
						"leg left": { "offsetX": 0.0, "offsetY": 0.0, "offsetZ": 0.0, "rotationX": 0.0, "rotationY": 0.0, "rotationZ": 8.0 },
						"toes left": { "offsetX": 0.0, "offsetY": 0.0, "offsetZ": 0.0, "rotationX": 0.0, "rotationY": 0.0, "rotationZ": -25.0 },
						"right wing": { "offsetX": 0.0, "offsetY": 0.0, "offsetZ": 0.0 },
						"left wing": { "offsetX": 0.0, "offsetY": 0.0, "offsetZ": 0.0 },
						"Chest": { "offsetX": 0.0, "offsetY": 0.0, "offsetZ": 0.0, "rotationX": 0.0, "rotationY": 0.0, "rotationZ": -6.0 }
					}
				},
				{
					"frame": 18,
					"elements": {
						"Body": { "offsetX": -1.5, "offsetY": 0.0, "offsetZ": 0.0, "rotationX": 0.0, "rotationY": 0.0, "rotationZ": -1.0 },
						"tail": { "offsetX": 0.0, "offsetY": 0.0, "offsetZ": 0.0, "rotationX": 0.0, "rotationY": 0.0, "rotationZ": 8.0 },
						"thighs right": { "offsetX": -0.75, "offsetY": -2.25, "offsetZ": 0.0, "rotationX": -3.0, "rotationY": 8.0, "rotationZ": -51.0 },
						"leg right": { "offsetX": 0.0, "offsetY": 0.0, "offsetZ": 0.0, "rotationX": 0.0, "rotationY": 0.0, "rotationZ": 17.0 },
						"toes right": { "offsetX": 0.0, "offsetY": 0.0, "offsetZ": 0.0, "rotationX": -5.0, "rotationY": 0.0, "rotationZ": 1.0 },
						"thighs left": { "offsetX": 0.75, "offsetY": -1.5, "offsetZ": 0.0, "rotationX": -3.0, "rotationY": 0.0, "rotationZ": 35.0 },
						"leg left": { "offsetX": 0.0, "offsetY": 0.0, "offsetZ": 0.0, "rotationX": 0.0, "rotationY": 0.0, "rotationZ": 11.0 },
						"toes left": { "offsetX": 0.0, "offsetY": 0.0, "offsetZ": 0.0, "rotationX": 0.0, "rotationY": 0.0, "rotationZ": -8.0 },
						"right wing": { "offsetX": 0.0, "offsetY": 0.0, "offsetZ": 0.0, "rotationX": 0.0, "rotationY": 0.0, "rotationZ": 0.0 },
						"left wing": { "offsetX": 0.0, "offsetY": 0.0, "offsetZ": 0.0, "rotationX": 0.0, "rotationY": 0.0, "rotationZ": 0.0 },
						"UpperThroat": { "rotationX": 0.0, "rotationY": 3.0, "rotationZ": 0.0 }
					}
				}
			]
		},

		{
			"name": "Swim",
			"code": "swim",
			"quantityframes": 40,
			"onActivityStopped": "EaseOut",
			"onAnimationEnd": "Repeat",
			"keyframes": [
				{
					"frame": 0,
					"elements": {
						"Body": { "offsetX": 0.0, "offsetY": 2.4, "offsetZ": 0.0, "rotationX": 0.0, "rotationY": -3.0, "rotationZ": 0.0 },
						"head": { "offsetX": -0.8, "offsetY": 0.3, "offsetZ": 0.0, "rotationX": 0.0, "rotationY": 0.0, "rotationZ": -33.0 },
						"leg right": { "offsetX": 0.0, "offsetY": 0.0, "offsetZ": 0.0, "rotationX": 0.0, "rotationY": 0.0, "rotationZ": 25.0 },
						"toes right": { "offsetX": 0.0, "offsetY": 0.0, "offsetZ": 0.0 },
						"leg left": { "offsetX": -1.5, "offsetY": 1.5, "offsetZ": 0.0, "rotationX": 0.0, "rotationY": 0.0, "rotationZ": 28.0 },
						"toes left": { "offsetX": 0.0, "offsetY": 0.0, "offsetZ": 0.0, "rotationX": 0.0, "rotationY": 0.0, "rotationZ": 30.0 },
						"right wing": { "offsetX": 0.0, "offsetY": 0.0, "offsetZ": 0.0 },
						"left wing": { "offsetX": 0.0, "offsetY": 0.0, "offsetZ": 0.0 },
						"UpperThroat": { "offsetX": 0.0, "offsetY": 1.1, "offsetZ": 0.0, "rotationX": 0.0, "rotationY": 0.0, "rotationZ": -36.0 },
						"UpperThroat2": { "offsetX": 0.0, "offsetY": -0.5, "offsetZ": 0.0, "rotationX": 0.0, "rotationY": 0.0, "rotationZ": 33.0 },
						"Neck": { "offsetX": 0.0, "offsetY": -0.6, "offsetZ": 0.0, "rotationX": 0.0, "rotationY": 0.0, "rotationZ": 36.0 },
						"Chest": { "offsetX": 0.0, "offsetY": 0.0, "offsetZ": 0.0, "rotationX": 0.0, "rotationY": 0.0, "rotationZ": -6.0 }
					}
				},
				{
					"frame": 10,
					"elements": {
						"Body": { "rotationX": 0.0, "rotationY": 0.0, "rotationZ": 0.0 },
						"Chest": { "offsetX": 0.0, "offsetY": 0.0, "offsetZ": 0.0 },
						"tail": { "rotationX": 0.0, "rotationY": 11.0, "rotationZ": 8.0 },
						"leg right": { "offsetX": 0.0, "offsetY": 0.0, "offsetZ": 0.0, "rotationX": 0.0, "rotationY": 0.0, "rotationZ": 11.0 },
						"toes right": { "offsetX": 0.0, "offsetY": 0.0, "offsetZ": 0.0, "rotationX": 0.0, "rotationY": 0.0, "rotationZ": -33.0 },
						"thighs left": { "offsetX": 1.5, "offsetY": -1.2, "offsetZ": 0.0, "rotationX": -3.0, "rotationY": 0.0, "rotationZ": 35.0 },
						"leg left": { "offsetX": -0.75, "offsetY": 0.0, "offsetZ": 0.0, "rotationX": 0.0, "rotationY": 0.0, "rotationZ": 17.0 },
						"toes left": { "offsetX": 0.0, "offsetY": 0.0, "offsetZ": 0.0, "rotationX": 0.0, "rotationY": 0.0, "rotationZ": 47.0 },
						"right wing": { "offsetX": 0.0, "offsetY": 0.0, "offsetZ": 0.0 },
						"left wing": { "offsetX": 0.0, "offsetY": 0.0, "offsetZ": 0.0 },
						"thighs right": { "offsetX": 0.5, "offsetY": -0.2, "offsetZ": 0.0, "rotationX": 0.0, "rotationY": 0.0, "rotationZ": 35.0 },
						"UpperThroat": { "offsetX": 0.0, "offsetY": 1.0, "offsetZ": 0.0 }
					}
				},
				{
					"frame": 20,
					"elements": {
						"Body": { "offsetX": 0.0, "offsetY": 2.55, "offsetZ": 0.0, "rotationX": 0.0, "rotationY": 3.0, "rotationZ": 0.0 },
						"Chest": { "offsetX": -0.3, "offsetY": 0.0, "offsetZ": 0.0, "rotationX": 0.0, "rotationY": 0.0, "rotationZ": -6.0 },
						"leg right": { "offsetX": -1.5, "offsetY": 1.5, "offsetZ": 0.0, "rotationX": 0.0, "rotationY": 0.0, "rotationZ": 28.0 },
						"toes right": { "offsetX": 0.0, "offsetY": 0.0, "offsetZ": 0.0, "rotationX": -5.0, "rotationY": 0.0, "rotationZ": 25.0 },
						"leg left": { "offsetX": 0.0, "offsetY": 0.0, "offsetZ": 0.0, "rotationX": 0.0, "rotationY": 0.0, "rotationZ": 25.0 },
						"toes left": { "offsetX": 0.0, "offsetY": 0.0, "offsetZ": 0.0 },
						"right wing": { "offsetX": 0.0, "offsetY": 0.0, "offsetZ": 0.0 },
						"left wing": { "offsetX": 0.0, "offsetY": 0.0, "offsetZ": 0.0 }
					}
				},
				{
					"frame": 30,
					"elements": {
						"Body": { "rotationX": 0.0, "rotationY": 0.0, "rotationZ": 0.0 },
						"Chest": { "offsetX": 0.0, "offsetY": 0.0, "offsetZ": 0.0 },
						"tail": { "rotationX": 0.0, "rotationY": -11.0, "rotationZ": 8.0 },
						"leg right": { "offsetX": 0.0, "offsetY": 0.0, "offsetZ": 0.0, "rotationX": 0.0, "rotationY": 0.0, "rotationZ": 17.0 },
						"toes right": { "offsetX": 0.0, "offsetY": 0.0, "offsetZ": 0.0, "rotationX": -5.0, "rotationY": 0.0, "rotationZ": 42.0 },
						"thighs left": { "offsetX": -0.1, "offsetY": -0.5, "offsetZ": 0.0, "rotationX": -3.0, "rotationY": 0.0, "rotationZ": 35.0 },
						"leg left": { "offsetX": 0.0, "offsetY": 0.0, "offsetZ": 0.0, "rotationX": 0.0, "rotationY": 0.0, "rotationZ": 11.0 },
						"toes left": { "offsetX": 0.0, "offsetY": 0.0, "offsetZ": 0.0, "rotationX": 0.0, "rotationY": 0.0, "rotationZ": -33.0 },
						"right wing": { "offsetX": 0.0, "offsetY": 0.0, "offsetZ": 0.0, "rotationX": 0.0, "rotationY": 0.0, "rotationZ": 0.0 },
						"left wing": { "offsetX": 0.0, "offsetY": 0.0, "offsetZ": 0.0, "rotationX": 0.0, "rotationY": 0.0, "rotationZ": 0.0 },
						"thighs right": { "offsetX": 0.5, "offsetY": -0.5, "offsetZ": 0.0, "rotationX": 3.0, "rotationY": 0.0, "rotationZ": 35.0 }
					}
				}
			]
		},

		{
			"name": "Death",
			"code": "death",
			"quantityframes": 45,
			"onActivityStopped": "PlayTillEnd",
			"onAnimationEnd": "Hold",
			"keyframes": [
				{
					"frame": 0,
					"elements": {
						"Body": { "offsetX": 0.0, "offsetY": 0.0, "offsetZ": 0.0, "rotationX": 0.0, "rotationY": 0.0, "rotationZ": 0.0 },
						"Chest": { "offsetX": 0.0, "offsetY": 0.0, "offsetZ": 0.0, "rotationX": 0.0, "rotationY": 0.0, "rotationZ": 0.0 },
						"head": { "offsetX": 0.0, "offsetY": 0.0, "offsetZ": 0.0, "rotationX": 0.0, "rotationY": 0.0, "rotationZ": 0.0 },
						"tail": { "offsetX": 0.0, "offsetY": 0.0, "offsetZ": 0.0, "rotationX": 0.0, "rotationY": 0.0, "rotationZ": 0.0 },
						"thighs right": { "offsetX": 0.0, "offsetY": 0.0, "offsetZ": 0.0, "rotationX": 0.0, "rotationY": 0.0, "rotationZ": 0.0 },
						"leg right": { "offsetX": 0.0, "offsetY": 0.0, "offsetZ": 0.0, "rotationX": 0.0, "rotationY": 0.0, "rotationZ": 0.0 },
						"toes right": { "offsetX": 0.0, "offsetY": 0.0, "offsetZ": 0.0, "rotationX": 0.0, "rotationY": 0.0, "rotationZ": 0.0 },
						"thighs left": { "offsetX": 0.0, "offsetY": 0.0, "offsetZ": 0.0, "rotationX": 0.0, "rotationY": 0.0, "rotationZ": 0.0 },
						"leg left": { "offsetX": 0.0, "offsetY": 0.0, "offsetZ": 0.0, "rotationX": 0.0, "rotationY": 0.0, "rotationZ": 0.0 },
						"toes left": { "offsetX": 0.0, "offsetY": 0.0, "offsetZ": 0.0, "rotationX": 0.0, "rotationY": 0.0, "rotationZ": 0.0 },
						"right wing": { "offsetX": 0.0, "offsetY": 0.0, "offsetZ": 0.0, "rotationX": 0.0, "rotationY": 0.0, "rotationZ": 0.0 },
						"left wing": { "offsetX": 0.0, "offsetY": 0.0, "offsetZ": 0.0, "rotationX": 0.0, "rotationY": 0.0, "rotationZ": 0.0 }
					}
				},
				{
					"frame": 8,
					"elements": {
						"Body": { "offsetX": 1.5, "offsetY": 6.0, "offsetZ": 0.0, "rotationX": -25.0, "rotationY": 0.0, "rotationZ": -47.0 },
						"Chest": { "offsetX": 0.0, "offsetY": 0.0, "offsetZ": 0.0, "rotationX": 19.0, "rotationY": 17.0, "rotationZ": 28.0 },
						"head": { "offsetX": 0.0, "offsetY": 0.0, "offsetZ": 0.0 },
						"tail": { "offsetX": 0.0, "offsetY": 0.0, "offsetZ": 0.0, "rotationX": 0.0, "rotationY": 0.0, "rotationZ": 50.0 },
						"thighs right": { "offsetX": 0.0, "offsetY": 0.0, "offsetZ": 0.0, "rotationX": 22.0, "rotationY": 8.0, "rotationZ": -55.0 },
						"leg right": { "offsetX": 0.0, "offsetY": 0.0, "offsetZ": 0.0, "rotationX": 14.0, "rotationY": -6.0, "rotationZ": 55.0 },
						"toes right": { "offsetX": 0.0, "offsetY": 0.0, "offsetZ": 0.0, "rotationX": 0.0, "rotationY": 0.0, "rotationZ": 47.0 },
						"thighs left": { "offsetX": 0.0, "offsetY": 0.0, "offsetZ": 0.0, "rotationX": 0.0, "rotationY": 0.0, "rotationZ": -30.0 },
						"leg left": { "offsetX": 0.0, "offsetY": 0.0, "offsetZ": 0.0, "rotationX": -8.0, "rotationY": 0.0, "rotationZ": 53.0 },
						"toes left": { "offsetX": 0.0, "offsetY": 0.0, "offsetZ": 0.0, "rotationX": 0.0, "rotationY": 0.0, "rotationZ": 39.0 },
						"right wing": { "offsetX": 0.0, "offsetY": 0.0, "offsetZ": 0.0, "rotationX": 22.0, "rotationY": 155.0, "rotationZ": -25.0 },
						"left wing": { "offsetX": 0.0, "offsetY": 0.0, "offsetZ": 0.0, "rotationX": -6.0, "rotationY": -133.0, "rotationZ": -3.0 }
					}
				},
				{
					"frame": 18,
					"elements": {
						"Body": { "offsetX": -3.0, "offsetY": 7.5, "offsetZ": -6.0, "rotationX": -83.0, "rotationY": -25.0, "rotationZ": -89.0 },
						"Chest": { "offsetX": 0.0, "offsetY": -1.5, "offsetZ": 0.0, "rotationX": 28.0, "rotationY": -11.0, "rotationZ": 86.0 },
						"head": { "offsetX": 0.0, "offsetY": 0.0, "offsetZ": 0.0 },
						"tail": { "offsetX": 0.0, "offsetY": 0.0, "offsetZ": 0.0, "rotationX": -28.0, "rotationY": 42.0, "rotationZ": -3.0 },
						"thighs right": { "offsetX": 0.0, "offsetY": 0.0, "offsetZ": 0.0, "rotationX": -30.0, "rotationY": 3.0, "rotationZ": -66.0 },
						"leg right": { "offsetX": 0.0, "offsetY": 0.0, "offsetZ": 0.0, "rotationX": 39.0, "rotationY": -6.0, "rotationZ": 55.0 },
						"toes right": { "offsetX": 0.0, "offsetY": 0.0, "offsetZ": 0.0, "rotationX": 8.0, "rotationY": -44.0, "rotationZ": 55.0 },
						"thighs left": { "offsetX": 0.0, "offsetY": 0.0, "offsetZ": 0.0, "rotationX": 17.0, "rotationY": 25.0, "rotationZ": 3.0 },
						"leg left": { "offsetX": 0.0, "offsetY": 0.0, "offsetZ": 0.0, "rotationX": -14.0, "rotationY": 8.0, "rotationZ": 39.0 },
						"toes left": { "offsetX": 0.0, "offsetY": 0.0, "offsetZ": 0.0, "rotationX": 14.0, "rotationY": 33.0, "rotationZ": 64.0 },
						"right wing": { "offsetX": 0.0, "offsetY": 0.0, "offsetZ": 0.0, "rotationX": -14.0, "rotationY": 147.0, "rotationZ": -33.0 },
						"left wing": { "offsetX": 0.0, "offsetY": 0.0, "offsetZ": 0.0, "rotationX": -11.0, "rotationY": -11.0, "rotationZ": 22.0 }
					}
				},
				{
					"frame": 44,
					"elements": {
						"Body": { "offsetX": -3.0, "offsetY": 7.5, "offsetZ": -6.0, "rotationX": -83.0, "rotationY": -25.0, "rotationZ": -89.0 },
						"Chest": { "offsetX": 0.0, "offsetY": -1.5, "offsetZ": 0.0, "rotationX": 28.0, "rotationY": -11.0, "rotationZ": 86.0 },
						"head": { "offsetX": 0.0, "offsetY": 0.0, "offsetZ": 0.0 },
						"tail": { "offsetX": 0.0, "offsetY": 0.0, "offsetZ": 0.0, "rotationX": -28.0, "rotationY": 42.0, "rotationZ": -3.0 },
						"thighs right": { "offsetX": 0.0, "offsetY": 0.0, "offsetZ": 0.0, "rotationX": -30.0, "rotationY": 3.0, "rotationZ": -66.0 },
						"leg right": { "offsetX": 0.0, "offsetY": 0.0, "offsetZ": 0.0, "rotationX": 39.0, "rotationY": -6.0, "rotationZ": 55.0 },
						"toes right": { "offsetX": 0.0, "offsetY": 0.0, "offsetZ": 0.0, "rotationX": 8.0, "rotationY": -44.0, "rotationZ": 55.0 },
						"thighs left": { "offsetX": 0.0, "offsetY": 0.0, "offsetZ": 0.0, "rotationX": 17.0, "rotationY": 25.0, "rotationZ": 3.0 },
						"leg left": { "offsetX": 0.0, "offsetY": 0.0, "offsetZ": 0.0, "rotationX": -14.0, "rotationY": 8.0, "rotationZ": 39.0 },
						"toes left": { "offsetX": 0.0, "offsetY": 0.0, "offsetZ": 0.0, "rotationX": 14.0, "rotationY": 33.0, "rotationZ": 64.0 },
						"right wing": { "offsetX": 0.0, "offsetY": 0.0, "offsetZ": 0.0, "rotationX": -14.0, "rotationY": 147.0, "rotationZ": -33.0 },
						"left wing": { "offsetX": 0.0, "offsetY": 0.0, "offsetZ": 0.0, "rotationX": -11.0, "rotationY": -11.0, "rotationZ": 22.0 }
					}
				}
			]
		},

		{
			"name": "Run",
			"code": "run",
			"quantityframes": 25,
			"onActivityStopped": "EaseOut",
			"onAnimationEnd": "Repeat",
			"keyframes": [
				{
					"frame": 0,
					"elements": {
						"Body": { "offsetX": -1.5, "offsetY": 0.0, "offsetZ": 0.0, "rotationX": 0.0, "rotationY": 0.0, "rotationZ": -25.0 },
						"Chest": { "offsetX": 0.0, "offsetY": 0.0, "offsetZ": 0.0, "rotationX": 0.0, "rotationY": 0.0, "rotationZ": -14.0 },
						"tail": { "offsetX": 0.0, "offsetY": 0.0, "offsetZ": 0.0, "rotationX": 0.0, "rotationY": 0.0, "rotationZ": 17.0 },
						"thighs right": { "offsetX": 0.0, "offsetY": -2.4, "offsetZ": 0.0, "rotationX": 0.0, "rotationY": 0.0, "rotationZ": 66.0 },
						"leg right": { "offsetX": 0.0, "offsetY": 0.0, "offsetZ": 0.0, "rotationX": 0.0, "rotationY": 0.0, "rotationZ": 0.0 },
						"toes right": { "offsetX": 0.0, "offsetY": 0.0, "offsetZ": 0.0, "rotationX": 0.0, "rotationY": 0.0, "rotationZ": -28.0 },
						"thighs left": { "offsetX": 1.05, "offsetY": 0.0, "offsetZ": 0.0, "rotationX": 0.0, "rotationY": 0.0, "rotationZ": -39.0 },
						"leg left": { "offsetX": -1.5, "offsetY": 0.0, "offsetZ": 0.0, "rotationX": 0.0, "rotationY": 0.0, "rotationZ": 39.0 },
						"toes left": { "offsetX": 0.0, "offsetY": 0.0, "offsetZ": 0.0, "rotationX": 0.0, "rotationY": 0.0, "rotationZ": 22.0 },
						"right wing": { "offsetX": 0.0, "offsetY": 0.0, "offsetZ": 0.0, "rotationX": 0.0, "rotationY": 62.0, "rotationZ": 42.0 },
						"left wing": { "offsetX": 0.0, "offsetY": 0.0, "offsetZ": 0.0, "rotationX": 0.0, "rotationY": -66.0, "rotationZ": 42.0 },
						"right wing2": { "rotationX": 0.0, "rotationY": 28.0, "rotationZ": 0.0 },
						"left wing2": { "rotationX": 0.0, "rotationY": -28.0, "rotationZ": 0.0 },
						"Neck": { "offsetX": -0.2, "offsetY": 0.0, "offsetZ": 0.0, "rotationX": 0.0, "rotationY": 0.0, "rotationZ": 28.0 }
					}
				},
				{
					"frame": 6,
					"elements": {
						"Body": { "offsetX": -1.0, "offsetY": 1.0, "offsetZ": 0.0, "rotationX": 0.0, "rotationY": 0.0, "rotationZ": -19.0 },
						"Chest": { "offsetX": 0.0, "offsetY": 0.0, "offsetZ": 0.0, "rotationX": 0.0, "rotationY": 0.0, "rotationZ": -14.0 },
						"tail": { "offsetX": 0.0, "offsetY": 0.0, "offsetZ": 0.0, "rotationX": 0.0, "rotationY": 0.0, "rotationZ": 0.0 },
						"thighs right": { "offsetX": 0.0, "offsetY": 0.0, "offsetZ": 0.0, "rotationX": 0.0, "rotationY": 0.0, "rotationZ": 47.0 },
						"leg right": { "offsetX": 0.0, "offsetY": 0.0, "offsetZ": 0.0, "rotationX": 0.0, "rotationY": 0.0, "rotationZ": 17.0 },
						"toes right": { "offsetX": 0.0, "offsetY": 0.0, "offsetZ": 0.0, "rotationX": 0.0, "rotationY": 0.0, "rotationZ": 19.0 },
						"thighs left": { "offsetX": 0.75, "offsetY": 0.0, "offsetZ": 0.0, "rotationX": 0.0, "rotationY": 0.0, "rotationZ": 8.0 },
						"leg left": { "offsetX": -0.75, "offsetY": -0.75, "offsetZ": 0.0, "rotationX": 0.0, "rotationY": 0.0, "rotationZ": 17.0 },
						"toes left": { "offsetX": 0.0, "offsetY": 0.0, "offsetZ": 0.0, "rotationX": 0.0, "rotationY": 0.0, "rotationZ": 17.0 },
						"right wing": { "offsetX": 0.0, "offsetY": 0.0, "offsetZ": 0.0, "rotationX": 0.0, "rotationY": 11.0, "rotationZ": 42.0 },
						"left wing": { "offsetX": 0.0, "offsetY": 0.0, "offsetZ": 0.0, "rotationX": 0.0, "rotationY": -11.0, "rotationZ": 42.0 }
					}
				},
				{
					"frame": 12,
					"elements": {
						"Body": { "offsetX": -1.5, "offsetY": 0.4, "offsetZ": 0.0, "rotationX": 0.0, "rotationY": 0.0, "rotationZ": -17.0 },
						"Chest": { "offsetX": 0.0, "offsetY": 0.0, "offsetZ": 0.0, "rotationX": 0.0, "rotationY": 0.0, "rotationZ": -14.0 },
						"tail": { "offsetX": 0.0, "offsetY": 0.0, "offsetZ": 0.0, "rotationX": 0.0, "rotationY": 0.0, "rotationZ": 17.0 },
						"thighs right": { "offsetX": 1.05, "offsetY": 0.0, "offsetZ": 0.0, "rotationX": 0.0, "rotationY": 0.0, "rotationZ": -39.0 },
						"leg right": { "offsetX": -1.5, "offsetY": 0.0, "offsetZ": 0.0, "rotationX": 0.0, "rotationY": 0.0, "rotationZ": 39.0 },
						"toes right": { "offsetX": 0.0, "offsetY": 0.0, "offsetZ": 0.0, "rotationX": 0.0, "rotationY": 0.0, "rotationZ": 22.0 },
						"thighs left": { "offsetX": 0.0, "offsetY": -2.4, "offsetZ": 0.0, "rotationX": 0.0, "rotationY": 0.0, "rotationZ": 66.0 },
						"leg left": { "offsetX": 0.0, "offsetY": 0.0, "offsetZ": 0.0, "rotationX": 0.0, "rotationY": 0.0, "rotationZ": 0.0 },
						"toes left": { "offsetX": 0.0, "offsetY": 0.0, "offsetZ": 0.0, "rotationX": 0.0, "rotationY": 0.0, "rotationZ": -28.0 },
						"right wing": { "offsetX": 0.0, "offsetY": 0.0, "offsetZ": 0.0, "rotationX": 0.0, "rotationY": 62.0, "rotationZ": 42.0 },
						"left wing": { "offsetX": 0.0, "offsetY": 0.0, "offsetZ": 0.0, "rotationX": 0.0, "rotationY": -66.0, "rotationZ": 42.0 },
						"Neck": { "offsetX": -0.4, "offsetY": 0.0, "offsetZ": 0.0, "rotationX": 0.0, "rotationY": 0.0, "rotationZ": 11.0 }
					}
				},
				{
					"frame": 18,
					"elements": {
						"Body": { "offsetX": -1.0, "offsetY": 1.0, "offsetZ": 0.0, "rotationX": 0.0, "rotationY": 0.0, "rotationZ": -19.0 },
						"Chest": { "offsetX": 0.0, "offsetY": 0.0, "offsetZ": 0.0, "rotationX": 0.0, "rotationY": 0.0, "rotationZ": -14.0 },
						"tail": { "offsetX": 0.0, "offsetY": 0.0, "offsetZ": 0.0, "rotationX": 0.0, "rotationY": 0.0, "rotationZ": 0.0 },
						"thighs right": { "offsetX": 0.75, "offsetY": 0.0, "offsetZ": 0.0, "rotationX": 0.0, "rotationY": 0.0, "rotationZ": 8.0 },
						"leg right": { "offsetX": -0.75, "offsetY": -0.75, "offsetZ": 0.0, "rotationX": 0.0, "rotationY": 0.0, "rotationZ": 17.0 },
						"toes right": { "offsetX": 0.0, "offsetY": 0.0, "offsetZ": 0.0, "rotationX": 0.0, "rotationY": 0.0, "rotationZ": 17.0 },
						"thighs left": { "offsetX": 0.0, "offsetY": 0.0, "offsetZ": 0.0, "rotationX": 0.0, "rotationY": 0.0, "rotationZ": 47.0 },
						"leg left": { "offsetX": 0.0, "offsetY": 0.0, "offsetZ": 0.0, "rotationX": 0.0, "rotationY": 0.0, "rotationZ": 17.0 },
						"toes left": { "offsetX": 0.0, "offsetY": 0.0, "offsetZ": 0.0, "rotationX": 0.0, "rotationY": 0.0, "rotationZ": 19.0 },
						"right wing": { "offsetX": 0.0, "offsetY": 0.0, "offsetZ": 0.0, "rotationX": 0.0, "rotationY": 11.0, "rotationZ": 42.0 },
						"left wing": { "offsetX": 0.0, "offsetY": 0.0, "offsetZ": 0.0, "rotationX": 0.0, "rotationY": -11.0, "rotationZ": 42.0 }
					}
				},
				{
					"frame": 24,
					"elements": {
						"Body": { "offsetX": -1.5, "offsetY": 0.0, "offsetZ": 0.0, "rotationX": 0.0, "rotationY": 0.0, "rotationZ": -25.0 },
						"Chest": { "offsetX": 0.0, "offsetY": 0.0, "offsetZ": 0.0, "rotationX": 0.0, "rotationY": 0.0, "rotationZ": -14.0 },
						"tail": { "offsetX": 0.0, "offsetY": 0.0, "offsetZ": 0.0, "rotationX": 0.0, "rotationY": 0.0, "rotationZ": 17.0 },
						"thighs right": { "offsetX": 0.0, "offsetY": -2.4, "offsetZ": 0.0, "rotationX": 0.0, "rotationY": 0.0, "rotationZ": 66.0 },
						"leg right": { "offsetX": 0.0, "offsetY": 0.0, "offsetZ": 0.0, "rotationX": 0.0, "rotationY": 0.0, "rotationZ": 0.0 },
						"toes right": { "offsetX": 0.0, "offsetY": 0.0, "offsetZ": 0.0, "rotationX": 0.0, "rotationY": 0.0, "rotationZ": -28.0 },
						"thighs left": { "offsetX": 1.05, "offsetY": 0.0, "offsetZ": 0.0, "rotationX": 0.0, "rotationY": 0.0, "rotationZ": -39.0 },
						"leg left": { "offsetX": -1.5, "offsetY": 0.0, "offsetZ": 0.0, "rotationX": 0.0, "rotationY": 0.0, "rotationZ": 39.0 },
						"toes left": { "offsetX": 0.0, "offsetY": 0.0, "offsetZ": 0.0, "rotationX": 0.0, "rotationY": 0.0, "rotationZ": 22.0 },
						"right wing": { "offsetX": 0.0, "offsetY": 0.0, "offsetZ": 0.0, "rotationX": 0.0, "rotationY": 62.0, "rotationZ": 42.0 },
						"left wing": { "offsetX": 0.0, "offsetY": 0.0, "offsetZ": 0.0, "rotationX": 0.0, "rotationY": -66.0, "rotationZ": 42.0 }
					}
				}
			]
		},

		{
			"name": "Hurt",
			"code": "hurt",
			"quantityframes": 30,
			"onActivityStopped": "PlayTillEnd",
			"onAnimationEnd": "Stop",
			"keyframes": [
				{
					"frame": 0,
					"elements": {
						"Body": { "offsetX": 0.0, "offsetY": 0.0, "offsetZ": 0.0, "rotationX": 0.0, "rotationY": 0.0, "rotationZ": 0.0 },
						"Chest": { "offsetX": 0.0, "offsetY": 0.0, "offsetZ": 0.0, "rotationX": 0.0, "rotationY": 0.0, "rotationZ": 0.0 },
						"head": { "offsetX": 0.0, "offsetY": 0.0, "offsetZ": 0.0, "rotationX": 0.0, "rotationY": 0.0, "rotationZ": 0.0 },
						"tail": { "rotationX": 0.0, "rotationY": 0.0, "rotationZ": 0.0 },
						"thighs right": { "offsetX": 0.0, "offsetY": 0.0, "offsetZ": 0.0, "rotationX": 0.0, "rotationY": 0.0, "rotationZ": 0.0 },
						"leg right": { "offsetX": 0.0, "offsetY": 0.0, "offsetZ": 0.0, "rotationX": 0.0, "rotationY": 0.0, "rotationZ": 0.0 },
						"toes right": { "offsetX": 0.0, "offsetY": 0.0, "offsetZ": 0.0, "rotationX": 0.0, "rotationY": 0.0, "rotationZ": 0.0 },
						"thighs left": { "offsetX": 0.0, "offsetY": 0.0, "offsetZ": 0.0, "rotationX": 0.0, "rotationY": 0.0, "rotationZ": 0.0 },
						"leg left": { "offsetX": 0.0, "offsetY": 0.0, "offsetZ": 0.0, "rotationX": 0.0, "rotationY": 0.0, "rotationZ": 0.0 },
						"toes left": { "offsetX": 0.0, "offsetY": 0.0, "offsetZ": 0.0, "rotationX": 0.0, "rotationY": 0.0, "rotationZ": 0.0 },
						"right wing": { "rotationX": 0.0, "rotationY": 0.0, "rotationZ": 0.0 },
						"left wing": { "rotationX": 0.0, "rotationY": 0.0, "rotationZ": 0.0 }
					}
				},
				{
					"frame": 6,
					"elements": {
						"Body": { "offsetX": 0.0, "offsetY": 0.0, "offsetZ": 0.0, "rotationX": 0.0, "rotationY": 0.0, "rotationZ": -10.0 },
						"Chest": { "offsetX": 0.0, "offsetY": 0.0, "offsetZ": 0.0, "rotationX": 0.0, "rotationY": 0.0, "rotationZ": -15.0 },
						"head": { "offsetX": 0.0, "offsetY": 0.0, "offsetZ": 0.0, "rotationX": 0.0, "rotationY": 0.0, "rotationZ": 5.0 },
						"tail": { "rotationX": 0.0, "rotationY": 0.0, "rotationZ": 15.0 },
						"thighs right": { "offsetX": 0.0, "offsetY": 0.0, "offsetZ": 0.0, "rotationX": 0.0, "rotationY": 0.0, "rotationZ": 2.0 },
						"leg right": { "offsetX": 0.0, "offsetY": 0.0, "offsetZ": 0.0, "rotationX": 0.0, "rotationY": 0.0, "rotationZ": 5.0 },
						"toes right": { "offsetX": 0.0, "offsetY": 0.0, "offsetZ": 0.0, "rotationX": 0.0, "rotationY": 0.0, "rotationZ": 0.0 },
						"thighs left": { "offsetX": 0.0, "offsetY": 0.0, "offsetZ": 0.0, "rotationX": 0.0, "rotationY": 0.0, "rotationZ": 0.0 },
						"leg left": { "offsetX": 0.0, "offsetY": 0.0, "offsetZ": 0.0, "rotationX": 0.0, "rotationY": 0.0, "rotationZ": 3.0 },
						"toes left": { "offsetX": 0.0, "offsetY": 0.0, "offsetZ": 0.0, "rotationX": 0.0, "rotationY": 0.0, "rotationZ": 0.0 },
						"right wing": { "rotationX": 30.0, "rotationY": 34.0, "rotationZ": 8.0 },
						"left wing": { "rotationX": -30.0, "rotationY": -34.0, "rotationZ": 8.0 }
					}
				}
			]
		},

		{
			"name": "Idle",
			"code": "idle",
			"quantityframes": 30,
			"onActivityStopped": "EaseOut",
			"onAnimationEnd": "Repeat",
			"keyframes": [
				{
					"frame": 0,
					"elements": {
						"Body": { "offsetX": 0.0, "offsetY": 0.0, "offsetZ": 0.0, "rotationX": 0.0, "rotationY": 0.0, "rotationZ": 0.0 },
						"Chest": { "offsetX": 0.0, "offsetY": -0.2, "offsetZ": 0.0, "rotationX": 0.0, "rotationY": 0.0, "rotationZ": 0.0 },
						"head": { "offsetX": 0.0, "offsetY": 0.0, "offsetZ": 0.0, "rotationX": 0.0, "rotationY": 0.0, "rotationZ": 0.0 },
						"tail": { "rotationX": 0.0, "rotationY": 0.0, "rotationZ": 0.0 },
						"thighs right": { "offsetX": 0.0, "offsetY": 0.0, "offsetZ": 0.0, "rotationX": 0.0, "rotationY": 0.0, "rotationZ": 0.0 },
						"leg right": { "offsetX": 0.0, "offsetY": 0.0, "offsetZ": 0.0, "rotationX": 0.0, "rotationY": 0.0, "rotationZ": 0.0 },
						"toes right": { "offsetX": 0.0, "offsetY": 0.0, "offsetZ": 0.0, "rotationX": 0.0, "rotationY": 0.0, "rotationZ": 0.0 },
						"thighs left": { "offsetX": 0.0, "offsetY": 0.0, "offsetZ": 0.0, "rotationX": 0.0, "rotationY": 0.0, "rotationZ": 0.0 },
						"leg left": { "offsetX": 0.0, "offsetY": 0.0, "offsetZ": 0.0, "rotationX": 0.0, "rotationY": 0.0, "rotationZ": 0.0 },
						"toes left": { "offsetX": 0.0, "offsetY": 0.0, "offsetZ": 0.0, "rotationX": 0.0, "rotationY": 0.0, "rotationZ": 0.0 },
						"left wing": { "rotationX": 0.0, "rotationY": 0.0, "rotationZ": 0.0 },
						"right wing": { "rotationX": 0.0, "rotationY": 0.0, "rotationZ": 0.0 },
						"UpperThroat": { "rotationX": 0.0, "rotationY": 0.0, "rotationZ": 0.0 }
					}
				},
				{
					"frame": 15,
					"elements": {
						"Body": { "offsetX": 0.0, "offsetY": 0.0, "offsetZ": 0.0, "rotationX": 0.0, "rotationY": 0.0, "rotationZ": -1.0 },
						"Chest": { "offsetX": 0.0, "offsetY": 0.0, "offsetZ": 0.0, "rotationX": 0.0, "rotationY": 0.0, "rotationZ": 1.0 },
						"head": { "offsetX": 0.0, "offsetY": 0.0, "offsetZ": 0.0, "rotationX": 0.0, "rotationY": 0.0, "rotationZ": 0.0 },
						"tail": { "rotationX": 0.0, "rotationY": 0.0, "rotationZ": 0.0 },
						"thighs right": { "offsetX": 0.0, "offsetY": 0.0, "offsetZ": 0.0, "rotationX": 0.0, "rotationY": 0.0, "rotationZ": 1.0 },
						"leg right": { "offsetX": 0.0, "offsetY": 0.0, "offsetZ": 0.0, "rotationX": 0.0, "rotationY": 0.0, "rotationZ": 0.0 },
						"toes right": { "offsetX": 0.0, "offsetY": 0.0, "offsetZ": 0.0, "rotationX": 0.0, "rotationY": 0.0, "rotationZ": 0.0 },
						"thighs left": { "offsetX": 0.0, "offsetY": 0.0, "offsetZ": 0.0, "rotationX": 0.0, "rotationY": 0.0, "rotationZ": 1.0 },
						"leg left": { "offsetX": 0.0, "offsetY": 0.0, "offsetZ": 0.0, "rotationX": 0.0, "rotationY": 0.0, "rotationZ": 0.0 },
						"toes left": { "offsetX": 0.0, "offsetY": 0.0, "offsetZ": 0.0, "rotationX": 0.0, "rotationY": 0.0, "rotationZ": 0.0 },
						"right wing": { "rotationX": 0.0, "rotationY": 0.0, "rotationZ": 0.0 },
						"left wing": { "rotationX": 0.0, "rotationY": 0.0, "rotationZ": 0.0 }
					}
				}
			]
		},

		{
			"name": "Sit",
			"code": "sit",
			"quantityframes": 30,
			"onActivityStopped": "EaseOut",
			"onAnimationEnd": "Repeat",
			"keyframes": [
				{
					"frame": 0,
					"elements": {
						"Body": { "offsetX": 0.0, "offsetY": -3.75, "offsetZ": 0.0, "rotationX": 0.0, "rotationY": 0.0, "rotationZ": 3.0 },
						"Chest": { "offsetX": -1.0, "offsetY": 0.0, "offsetZ": 0.0, "rotationX": 0.0, "rotationY": 0.0, "rotationZ": -22.0 },
						"thighs right": { "offsetX": 1.5, "offsetY": -0.75, "offsetZ": 0.0, "rotationX": 0.0, "rotationY": 0.0, "rotationZ": 3.0 },
						"leg right": { "offsetX": 1.5, "offsetY": 0.0, "offsetZ": 0.0, "rotationX": 0.0, "rotationY": 0.0, "rotationZ": -94.0 },
						"thighs left": { "offsetX": 1.5, "offsetY": -0.75, "offsetZ": 0.0, "rotationX": 0.0, "rotationY": 0.0, "rotationZ": 7.0 },
						"leg left": { "offsetX": 0.75, "offsetY": 0.0, "offsetZ": 0.0, "rotationX": 0.0, "rotationY": 0.0, "rotationZ": -89.0 },
						"toes left": { "offsetX": 1.0, "offsetY": 0.6, "offsetZ": 0.0, "rotationX": 0.0, "rotationY": 0.0, "rotationZ": 66.0 },
						"Neck": { "offsetX": 0.0, "offsetY": -0.6, "offsetZ": 0.0, "rotationX": 0.0, "rotationY": 0.0, "rotationZ": 19.0 },
						"head": { "offsetX": 0.0, "offsetY": 0.5, "offsetZ": 0.0 },
						"toes right": { "offsetX": 1.0, "offsetY": 0.6, "offsetZ": 0.0, "rotationX": 0.0, "rotationY": 0.0, "rotationZ": 69.0 }
					}
				},
				{
					"frame": 15,
					"elements": {
						"Body": { "offsetX": 0.0, "offsetY": -3.75, "offsetZ": 0.0, "rotationX": 0.0, "rotationY": 0.0, "rotationZ": 2.0 },
						"thighs right": { "offsetX": 1.65, "offsetY": -0.75, "offsetZ": 0.0, "rotationX": 0.0, "rotationY": 0.0, "rotationZ": 4.0 },
						"leg right": { "offsetX": 1.5, "offsetY": 0.0, "offsetZ": 0.0, "rotationX": 0.0, "rotationY": 0.0, "rotationZ": -94.0 },
						"thighs left": { "offsetX": 1.65, "offsetY": -0.75, "offsetZ": 0.0, "rotationX": 0.0, "rotationY": 0.0, "rotationZ": 8.0 },
						"leg left": { "offsetX": 0.75, "offsetY": 0.0, "offsetZ": 0.0, "rotationX": 0.0, "rotationY": 0.0, "rotationZ": -89.0 },
						"Neck": { "offsetX": 0.0, "offsetY": -0.7, "offsetZ": 0.0, "rotationX": 0.0, "rotationY": 0.0, "rotationZ": 19.0 }
					}
				}
			]
		},

		{
			"name": "Sleep",
			"code": "sleep",
			"quantityframes": 30,
			"onActivityStopped": "EaseOut",
			"onAnimationEnd": "Repeat",
			"keyframes": [
				{
					"frame": 0,
					"elements": {
						"Body": { "offsetX": 0.0, "offsetY": -6.0, "offsetZ": 0.0, "rotationX": 0.0, "rotationY": 0.0, "rotationZ": 3.0 },
						"thighs right": { "offsetX": 1.5, "offsetY": 0.75, "offsetZ": 0.0, "rotationX": 0.0, "rotationY": 0.0, "rotationZ": 3.0 },
						"leg right": { "offsetX": 1.5, "offsetY": 0.0, "offsetZ": 0.0, "rotationX": 0.0, "rotationY": 0.0, "rotationZ": -94.0 },
						"toes right": { "rotationX": 0.0, "rotationY": 0.0, "rotationZ": -102.0 },
						"thighs left": { "offsetX": 1.5, "offsetY": 0.75, "offsetZ": 0.0, "rotationX": 0.0, "rotationY": 0.0, "rotationZ": 6.0 },
						"leg left": { "offsetX": 0.75, "offsetY": 0.0, "offsetZ": 0.0, "rotationX": 0.0, "rotationY": 0.0, "rotationZ": -89.0 },
						"Neck": { "offsetX": 0.0, "offsetY": -0.5, "offsetZ": 0.0, "rotationX": 0.0, "rotationY": 0.0, "rotationZ": 47.0 },
						"Chest": { "offsetX": 1.0, "offsetY": -0.5, "offsetZ": 0.0, "rotationX": 0.0, "rotationY": -36.0, "rotationZ": -14.0 },
						"UpperThroat": { "rotationX": 0.0, "rotationY": 0.0, "rotationZ": -14.0 },
						"UpperThroat2": { "rotationX": 0.0, "rotationY": -25.0, "rotationZ": -8.0 },
						"head": { "offsetX": 0.0, "offsetY": 1.0, "offsetZ": 0.0 }
					}
				},
				{
					"frame": 15,
					"elements": {
						"Body": { "offsetX": 0.0, "offsetY": -6.0, "offsetZ": 0.0, "rotationX": 0.0, "rotationY": 0.0, "rotationZ": 2.0 },
						"thighs right": { "offsetX": 1.65, "offsetY": 0.75, "offsetZ": 0.0, "rotationX": 0.0, "rotationY": 0.0, "rotationZ": 4.0 },
						"leg right": { "offsetX": 1.5, "offsetY": 0.0, "offsetZ": 0.0, "rotationX": 0.0, "rotationY": 0.0, "rotationZ": -94.0 },
						"toes right": { "offsetX": 1.0, "offsetY": 0.0, "offsetZ": 0.0, "rotationX": 0.0, "rotationY": 0.0, "rotationZ": -100.0 },
						"thighs left": { "offsetX": 1.65, "offsetY": 0.75, "offsetZ": 0.0, "rotationX": 0.0, "rotationY": 0.0, "rotationZ": 7.0 },
						"leg left": { "offsetX": 0.75, "offsetY": 0.0, "offsetZ": 0.0, "rotationX": 0.0, "rotationY": 0.0, "rotationZ": -89.0 },
						"toes left": { "offsetX": 2.0, "offsetY": 0.0, "offsetZ": 0.0, "rotationX": 0.0, "rotationY": 0.0, "rotationZ": 78.0 },
						"UpperThroat": { "rotationX": 0.0, "rotationY": 0.0, "rotationZ": -14.0 },
						"head": { "offsetX": 0.0, "offsetY": 1.0, "offsetZ": 0.0 },
						"Neck": { "offsetX": 0.0, "offsetY": -0.5, "offsetZ": 0.0, "rotationX": 0.0, "rotationY": 0.0, "rotationZ": 47.0 }
					}
				}
			]
		}
	]
}