{
    "editor": {
        "collapsedPaths": "Root/fern2,Root/Sticklayer1,Root/top2,Root/top3",
        "allAngles": false,
        "entityTextureMode": false
    },
    "textureWidth": 16,
    "textureHeight": 16,
    "textureSizes": {
    },
    "textures": {

    },
    "elements": [
        {
            "name": "fern",
            "from": [ -4.1, 0.0, 1.9 ],
            "to": [ -4.1, 0.0, 1.9 ],
            "shade": false,
            "rotationOrigin": [ 9.7, 5.6, 9.8 ],
            "rotationY": -45.0,
            "faces": {
            },
            "children": [
                {
                    "name": "fern_leaves",
                    "from": [ 0.0, 0.0, 0.0 ],
                    "to": [ 0.0, 0.0, 0.0 ],
                    "shade": false,
                    "climateColorMap": "climatePlantTint",
                    "seasonColorMap": "seasonalDeerfern",
                    "renderpass": 1,
                    "rotationOrigin": [ 13.8, 5.6, 7.9 ],
                    "faces": {
                    },
                    "children": [
                        {
                            "name": "set1top",
                            "from": [ -1.0, 4.01, 12.51 ],
                            "to": [ 17.0, 4.01, 21.51 ],
                            "shade": false,
                            "climateColorMap": "climatePlantTint",
                            "seasonColorMap": "seasonalDeerfern",
                            "renderpass": 1,
                            "rotationOrigin": [ 7.0, 4.0062, 12.5075 ],
                            "faces": {
                                "up": {
                                    "texture": "#5",
                                    "uv": [ 0.0, 0.0, 16.0, 8.0 ],
                                    "rotation": 180,
                                    "autoUv": false,
                                    "windMode": [ 1, 1, 1, 1 ]
                                }
                            }
                        },
                        {
                            "name": "set1bottom",
                            "from": [ -1.0, -4.4, 11.8 ],
                            "to": [ 17.0, 4.6, 11.8 ],
                            "shade": false,
                            "climateColorMap": "climatePlantTint",
                            "seasonColorMap": "seasonalDeerfern",
                            "renderpass": 1,
                            "rotationOrigin": [ 8.0, 3.6, 11.8 ],
                            "rotationX": 67.5,
                            "faces": {
                                "north": {
                                    "texture": "#5",
                                    "uv": [ 0.0, 8.0, 16.0, 16.0 ],
                                    "autoUv": false,
                                    "windMode": [ 0, 1, 1, 0 ]
                                }
                            }
                        },
                        {
                            "name": "set2top",
                            "from": [ -1.0, 4.11, -5.51 ],
                            "to": [ 17.0, 4.11, 3.49 ],
                            "shade": false,
                            "climateColorMap": "climatePlantTint",
                            "seasonColorMap": "seasonalDeerfern",
                            "renderpass": 1,
                            "rotationOrigin": [ 7.0, 4.1069, 3.4932 ],
                            "faces": {
                                "up": {
                                    "texture": "#5",
                                    "uv": [ 0.0, 0.0, 16.0, 8.0 ],
                                    "autoUv": false,
                                    "windMode": [ 1, 1, 1, 1 ]
                                }
                            }
                        },
                        {
                            "name": "set2bottom",
                            "from": [ -1.0, -4.4, 4.2 ],
                            "to": [ 17.0, 4.6, 4.2 ],
                            "shade": false,
                            "climateColorMap": "climatePlantTint",
                            "seasonColorMap": "seasonalDeerfern",
                            "renderpass": 1,
                            "rotationOrigin": [ 8.0, 3.6, 4.2 ],
                            "rotationX": -67.5,
                            "faces": {
                                "north": {
                                    "texture": "#5",
                                    "uv": [ 16.0, 8.0, 0.0, 16.0 ],
                                    "autoUv": false,
                                    "windMode": [ 0, 1, 1, 0 ]
                                }
                            }
                        },
                        {
                            "name": "set3top",
                            "from": [ -5.51, 4.01, -1.1 ],
                            "to": [ 3.49, 4.01, 16.9 ],
                            "shade": false,
                            "climateColorMap": "climatePlantTint",
                            "seasonColorMap": "seasonalDeerfern",
                            "renderpass": 1,
                            "rotationOrigin": [ 3.4932, 4.0069, 6.9 ],
                            "faces": {
                                "up": {
                                    "texture": "#5",
                                    "uv": [ 0.0, 0.0, 16.0, 8.0 ],
                                    "rotation": 270,
                                    "autoUv": false,
                                    "windMode": [ 1, 1, 1, 1 ]
                                }
                            }
                        },
                        {
                            "name": "set3bottom",
                            "from": [ 4.2, -4.4, -1.1 ],
                            "to": [ 4.2, 4.6, 16.9 ],
                            "shade": false,
                            "climateColorMap": "climatePlantTint",
                            "seasonColorMap": "seasonalDeerfern",
                            "renderpass": 1,
                            "rotationOrigin": [ 4.2, 3.6, 7.9 ],
                            "rotationZ": 67.5,
                            "faces": {
                                "east": {
                                    "texture": "#5",
                                    "uv": [ 0.0, 8.0, 16.0, 16.0 ],
                                    "autoUv": false,
                                    "windMode": [ 0, 1, 1, 0 ]
                                }
                            }
                        },
                        {
                            "name": "set4top",
                            "from": [ 12.51, 4.01, -1.1 ],
                            "to": [ 21.51, 4.01, 16.9 ],
                            "shade": false,
                            "climateColorMap": "climatePlantTint",
                            "seasonColorMap": "seasonalDeerfern",
                            "renderpass": 1,
                            "rotationOrigin": [ 12.5075, 4.0062, 6.9 ],
                            "faces": {
                                "up": {
                                    "texture": "#5",
                                    "uv": [ 0.0, 0.0, 16.0, 8.0 ],
                                    "rotation": 90,
                                    "autoUv": false,
                                    "windMode": [ 1, 1, 1, 1 ]
                                }
                            }
                        },
                        {
                            "name": "set4bottom",
                            "from": [ 11.8, -4.4, -1.1 ],
                            "to": [ 11.8, 4.6, 16.9 ],
                            "shade": false,
                            "climateColorMap": "climatePlantTint",
                            "seasonColorMap": "seasonalDeerfern",
                            "renderpass": 1,
                            "rotationOrigin": [ 11.8, 3.6, 7.9 ],
                            "rotationZ": -67.5,
                            "faces": {
                                "east": {
                                    "texture": "#5",
                                    "uv": [ 16.0, 8.0, 0.0, 16.0 ],
                                    "autoUv": false,
                                    "windMode": [ 0, 1, 1, 0 ]
                                }
                            }
                        }
                    ]
                }
            ]
        }
    ]
}