{
    "editor": {
        "collapsedPaths": "Root/Sticklayer1,Root/top2,Root/top3",
        "allAngles": false,
        "entityTextureMode": false
    },
    "textureWidth": 16,
    "textureHeight": 16,
    "textureSizes": {
    },
    "textures": {

    },
    "elements": [
        {
            "name": "fern",
            "from": [ -4.1, -1.3, 4.9 ],
            "to": [ -4.1, -1.3, 4.9 ],
            "shade": false,
            "rotationOrigin": [ 9.7, 4.3, 12.8 ],
            "faces": {
            },
            "children": [
                {
                    "name": "center",
                    "from": [ 0.0, 0.0, 0.0 ],
                    "to": [ 0.0, 0.0, 0.0 ],
                    "shade": false,
                    "climateColorMap": "climatePlantTint",
                    "seasonColorMap": "seasonalDeerfern",
                    "renderpass": 1,
                    "rotationOrigin": [ 8.0, 0.0, 8.0 ],
                    "faces": {
                    },
                    "children": [
                        {
                            "name": "center1",
                            "from": [ 8.0, -1.0, 0.0 ],
                            "to": [ 8.0, 15.0, 16.0 ],
                            "shade": false,
                            "climateColorMap": "climatePlantTint",
                            "seasonColorMap": "seasonalDeerfern",
                            "renderpass": 1,
                            "rotationOrigin": [ 8.0, 0.0, 10.0 ],
                            "rotationZ": 52.0,
                            "faces": {
                                "east": {
                                    "texture": "#4",
                                    "uv": [ 0.0, 0.0, 16.0, 16.0 ],
                                    "autoUv": false,
                                    "windMode": [ 0, 1, 1, 0 ]
                                }
                            }
                        },
                        {
                            "name": "center2",
                            "from": [ -3.0, -2.0, 3.5 ],
                            "to": [ 13.0, 14.0, 3.5 ],
                            "shade": false,
                            "climateColorMap": "climatePlantTint",
                            "seasonColorMap": "seasonalDeerfern",
                            "renderpass": 1,
                            "rotationOrigin": [ 7.0, 5.5, 3.5 ],
                            "rotationX": -74.5,
                            "rotationY": 14.5,
                            "rotationZ": 43.0,
                            "faces": {
                                "north": {
                                    "texture": "#4",
                                    "uv": [ 0.0, 0.0, 16.0, 16.0 ],
                                    "autoUv": false,
                                    "windMode": [ 0, 1, 1, 0 ]
                                }
                            }
                        },
                        {
                            "name": "center6",
                            "from": [ 1.0, -2.0, 14.5 ],
                            "to": [ 17.0, 14.0, 14.5 ],
                            "shade": false,
                            "climateColorMap": "climatePlantTint",
                            "seasonColorMap": "seasonalDeerfern",
                            "renderpass": 1,
                            "rotationOrigin": [ 11.0, 5.5, 14.5 ],
                            "rotationX": 76.0,
                            "rotationY": -14.5,
                            "rotationZ": 37.0,
                            "faces": {
                                "north": {
                                    "texture": "#4",
                                    "uv": [ 0.0, 0.0, 16.0, 16.0 ],
                                    "autoUv": false,
                                    "windMode": [ 0, 1, 1, 0 ]
                                }
                            }
                        }
                    ]
                },
                {
                    "name": "fern_leaves",
                    "from": [ 0.0, 0.0, 0.0 ],
                    "to": [ 0.0, 0.0, 0.0 ],
                    "shade": false,
                    "climateColorMap": "climatePlantTint",
                    "seasonColorMap": "seasonalDeerfern",
                    "renderpass": 1,
                    "rotationOrigin": [ 13.8, 5.6, 7.9 ],
                    "faces": {
                    },
                    "children": [
                        {
                            "name": "centea",
                            "from": [ -1.0, 0.0, 8.0 ],
                            "to": [ 17.0, 16.0, 8.0 ],
                            "shade": false,
                            "climateColorMap": "climatePlantTint",
                            "seasonColorMap": "seasonalDeerfern",
                            "renderpass": 1,
                            "rotationOrigin": [ 8.0, 0.0, 8.0 ],
                            "rotationX": 67.5,
                            "rotationY": 28.0,
                            "rotationZ": -53.0,
                            "faces": {
                                "north": {
                                    "texture": "#4",
                                    "uv": [ 0.0, 0.0, 16.0, 16.0 ],
                                    "autoUv": false,
                                    "windMode": [ 0, 1, 1, 0 ]
                                }
                            }
                        },
                        {
                            "name": "centerb",
                            "from": [ 8.0, 0.0, -2.0 ],
                            "to": [ 8.0, 18.0, 18.0 ],
                            "shade": false,
                            "climateColorMap": "climatePlantTint",
                            "seasonColorMap": "seasonalDeerfern",
                            "renderpass": 1,
                            "rotationOrigin": [ 8.0, 0.0, 8.0 ],
                            "rotationY": 45.0,
                            "rotationZ": -56.0,
                            "faces": {
                                "east": {
                                    "texture": "#4",
                                    "uv": [ 0.0, 0.0, 16.0, 16.0 ],
                                    "autoUv": false,
                                    "windMode": [ 0, 1, 1, 0 ]
                                }
                            }
                        },
                        {
                            "name": "set1top",
                            "from": [ -1.0, 4.31, 14.5075 ],
                            "to": [ 17.0, 4.31, 23.5075 ],
                            "shade": false,
                            "climateColorMap": "climatePlantTint",
                            "seasonColorMap": "seasonalDeerfern",
                            "renderpass": 1,
                            "rotationOrigin": [ 7.0, 4.3062, 14.5075 ],
                            "faces": {
                                "up": {
                                    "texture": "#4",
                                    "uv": [ 0.0, 0.0, 16.0, 8.0 ],
                                    "rotation": 180,
                                    "autoUv": false,
                                    "windMode": [ 1, 1, 1, 1 ]
                                }
                            }
                        },
                        {
                            "name": "set1bottom",
                            "from": [ -1.0, -4.4, 13.8 ],
                            "to": [ 17.0, 4.6, 13.8 ],
                            "shade": false,
                            "climateColorMap": "climatePlantTint",
                            "seasonColorMap": "seasonalDeerfern",
                            "renderpass": 1,
                            "rotationOrigin": [ 8.0, 3.6, 13.8 ],
                            "rotationX": 67.5,
                            "faces": {
                                "north": {
                                    "texture": "#4",
                                    "uv": [ 0.0, 8.0, 16.0, 16.0 ],
                                    "autoUv": false,
                                    "windMode": [ 0, 1, 1, 0 ]
                                }
                            }
                        },
                        {
                            "name": "set2top",
                            "from": [ -1.0, 4.31, -7.5068 ],
                            "to": [ 17.0, 4.31, 1.4932 ],
                            "shade": false,
                            "climateColorMap": "climatePlantTint",
                            "seasonColorMap": "seasonalDeerfern",
                            "renderpass": 1,
                            "rotationOrigin": [ 7.0, 4.3069, 1.4932 ],
                            "faces": {
                                "up": {
                                    "texture": "#4",
                                    "uv": [ 0.0, 0.0, 16.0, 8.0 ],
                                    "autoUv": false,
                                    "windMode": [ 1, 1, 1, 1 ]
                                }
                            }
                        },
                        {
                            "name": "set2bottom",
                            "from": [ -1.0, -4.4, 2.2 ],
                            "to": [ 17.0, 4.6, 2.2 ],
                            "shade": false,
                            "climateColorMap": "climatePlantTint",
                            "seasonColorMap": "seasonalDeerfern",
                            "renderpass": 1,
                            "rotationOrigin": [ 8.0, 3.6, 2.2 ],
                            "rotationX": -67.5,
                            "faces": {
                                "north": {
                                    "texture": "#4",
                                    "uv": [ 16.0, 8.0, 0.0, 16.0 ],
                                    "autoUv": false,
                                    "windMode": [ 0, 1, 1, 0 ]
                                }
                            }
                        },
                        {
                            "name": "set3top",
                            "from": [ -7.5068, 4.31, -1.1 ],
                            "to": [ 1.4932, 4.31, 16.9 ],
                            "shade": false,
                            "climateColorMap": "climatePlantTint",
                            "seasonColorMap": "seasonalDeerfern",
                            "renderpass": 1,
                            "rotationOrigin": [ 1.4932, 4.3069, 6.9 ],
                            "faces": {
                                "up": {
                                    "texture": "#4",
                                    "uv": [ 0.0, 0.0, 16.0, 8.0 ],
                                    "rotation": 270,
                                    "autoUv": false,
                                    "windMode": [ 1, 1, 1, 1 ]
                                }
                            }
                        },
                        {
                            "name": "set3bottom",
                            "from": [ 2.2, -4.4, -1.1 ],
                            "to": [ 2.2, 4.6, 16.9 ],
                            "shade": false,
                            "climateColorMap": "climatePlantTint",
                            "seasonColorMap": "seasonalDeerfern",
                            "renderpass": 1,
                            "rotationOrigin": [ 2.2, 3.6, 7.9 ],
                            "rotationZ": 67.5,
                            "faces": {
                                "east": {
                                    "texture": "#4",
                                    "uv": [ 0.0, 8.0, 16.0, 16.0 ],
                                    "autoUv": false,
                                    "windMode": [ 0, 1, 1, 0 ]
                                }
                            }
                        },
                        {
                            "name": "set4top",
                            "from": [ 14.5075, 4.31, -1.1 ],
                            "to": [ 23.5075, 4.31, 16.9 ],
                            "shade": false,
                            "climateColorMap": "climatePlantTint",
                            "seasonColorMap": "seasonalDeerfern",
                            "renderpass": 1,
                            "rotationOrigin": [ 14.5075, 4.3062, 6.9 ],
                            "faces": {
                                "up": {
                                    "texture": "#4",
                                    "uv": [ 0.0, 0.0, 16.0, 8.0 ],
                                    "rotation": 90,
                                    "autoUv": false,
                                    "windMode": [ 1, 1, 1, 1 ]
                                }
                            }
                        },
                        {
                            "name": "set4bottom",
                            "from": [ 13.8, -4.4, -1.1 ],
                            "to": [ 13.8, 4.6, 16.9 ],
                            "shade": false,
                            "climateColorMap": "climatePlantTint",
                            "seasonColorMap": "seasonalDeerfern",
                            "renderpass": 1,
                            "rotationOrigin": [ 13.8, 3.6, 7.9 ],
                            "rotationZ": -67.5,
                            "faces": {
                                "east": {
                                    "texture": "#4",
                                    "uv": [ 16.0, 8.0, 0.0, 16.0 ],
                                    "autoUv": false,
                                    "windMode": [ 0, 1, 1, 0 ]
                                }
                            }
                        }
                    ]
                }
            ]
        },
        {
            "name": "fern2",
            "from": [ 4.0, -0.6, -0.1 ],
            "to": [ 4.0, -0.6, -0.1 ],
            "shade": false,
            "rotationOrigin": [ 17.8, 5.0, 7.8 ],
            "rotationY": -22.5,
            "faces": {
            },
            "children": [
                {
                    "name": "center3",
                    "from": [ 0.0, 0.0, 0.0 ],
                    "to": [ 0.0, 0.0, 0.0 ],
                    "shade": false,
                    "climateColorMap": "climatePlantTint",
                    "seasonColorMap": "seasonalDeerfern",
                    "renderpass": 1,
                    "rotationOrigin": [ 8.0, 0.0, 8.0 ],
                    "faces": {
                    },
                    "children": [
                        {
                            "name": "center4",
                            "from": [ 8.0, -1.0, 0.0 ],
                            "to": [ 8.0, 15.0, 16.0 ],
                            "shade": false,
                            "climateColorMap": "climatePlantTint",
                            "seasonColorMap": "seasonalDeerfern",
                            "renderpass": 1,
                            "rotationOrigin": [ 8.0, 0.0, 10.0 ],
                            "rotationZ": 48.0,
                            "faces": {
                                "east": {
                                    "texture": "#2",
                                    "uv": [ 0.0, 0.0, 16.0, 16.0 ],
                                    "autoUv": false,
                                    "windMode": [ 0, 1, 2, 0 ]
                                }
                            }
                        },
                        {
                            "name": "center5",
                            "from": [ 0.0, -1.5, 4.5 ],
                            "to": [ 16.0, 14.5, 4.5 ],
                            "shade": false,
                            "climateColorMap": "climatePlantTint",
                            "seasonColorMap": "seasonalDeerfern",
                            "renderpass": 1,
                            "rotationOrigin": [ 10.0, 6.0, 4.5 ],
                            "rotationX": -49.0,
                            "faces": {
                                "north": {
                                    "texture": "#2",
                                    "uv": [ 0.0, 0.0, 16.0, 16.0 ],
                                    "autoUv": false,
                                    "windMode": [ 0, 1, 1, 0 ]
                                }
                            }
                        }
                    ]
                },
                {
                    "name": "fern_leaves2",
                    "from": [ 0.0, 0.0, 0.0 ],
                    "to": [ 0.0, 0.0, 0.0 ],
                    "shade": false,
                    "climateColorMap": "climatePlantTint",
                    "seasonColorMap": "seasonalDeerfern",
                    "renderpass": 1,
                    "rotationOrigin": [ 13.8, 5.6, 7.9 ],
                    "faces": {
                    },
                    "children": [
                        {
                            "name": "centea2",
                            "from": [ -1.0, 0.0, 8.0 ],
                            "to": [ 17.0, 16.0, 8.0 ],
                            "shade": false,
                            "climateColorMap": "climatePlantTint",
                            "seasonColorMap": "seasonalDeerfern",
                            "renderpass": 1,
                            "rotationOrigin": [ 8.0, 0.0, 8.0 ],
                            "rotationX": 53.5,
                            "rotationY": 32.0,
                            "rotationZ": -37.0,
                            "faces": {
                                "north": {
                                    "texture": "#2",
                                    "uv": [ 0.0, 0.0, 16.0, 16.0 ],
                                    "autoUv": false,
                                    "windMode": [ 0, 1, 1, 0 ]
                                }
                            }
                        },
                        {
                            "name": "centerb2",
                            "from": [ 8.0, 0.0, -2.0 ],
                            "to": [ 8.0, 18.0, 18.0 ],
                            "shade": false,
                            "climateColorMap": "climatePlantTint",
                            "seasonColorMap": "seasonalDeerfern",
                            "renderpass": 1,
                            "rotationOrigin": [ 8.0, 0.0, 8.0 ],
                            "rotationY": 45.0,
                            "rotationZ": -47.0,
                            "faces": {
                                "east": {
                                    "texture": "#2",
                                    "uv": [ 0.0, 0.0, 16.0, 16.0 ],
                                    "autoUv": false,
                                    "windMode": [ 0, 1, 1, 0 ]
                                }
                            }
                        },
                        {
                            "name": "set1top2",
                            "from": [ -1.0, 4.31, 14.5075 ],
                            "to": [ 17.0, 4.31, 23.5075 ],
                            "shade": false,
                            "climateColorMap": "climatePlantTint",
                            "seasonColorMap": "seasonalDeerfern",
                            "renderpass": 1,
                            "rotationOrigin": [ 7.0, 4.3062, 14.5075 ],
                            "faces": {
                                "up": {
                                    "texture": "#2",
                                    "uv": [ 0.0, 0.0, 16.0, 8.0 ],
                                    "rotation": 180,
                                    "autoUv": false,
                                    "windMode": [ 1, 1, 1, 1 ]
                                }
                            }
                        },
                        {
                            "name": "set1bottom2",
                            "from": [ -1.0, -4.4, 13.8 ],
                            "to": [ 17.0, 4.6, 13.8 ],
                            "shade": false,
                            "climateColorMap": "climatePlantTint",
                            "seasonColorMap": "seasonalDeerfern",
                            "renderpass": 1,
                            "rotationOrigin": [ 8.0, 3.6, 13.8 ],
                            "rotationX": 67.5,
                            "faces": {
                                "north": {
                                    "texture": "#2",
                                    "uv": [ 0.0, 8.0, 16.0, 16.0 ],
                                    "autoUv": false,
                                    "windMode": [ 0, 1, 1, 0 ]
                                }
                            }
                        },
                        {
                            "name": "set2top2",
                            "from": [ -1.0, 4.31, -7.5068 ],
                            "to": [ 17.0, 4.31, 1.4932 ],
                            "shade": false,
                            "climateColorMap": "climatePlantTint",
                            "seasonColorMap": "seasonalDeerfern",
                            "renderpass": 1,
                            "rotationOrigin": [ 7.0, 4.3069, 1.4932 ],
                            "faces": {
                                "up": {
                                    "texture": "#2",
                                    "uv": [ 0.0, 0.0, 16.0, 8.0 ],
                                    "autoUv": false,
                                    "windMode": [ 1, 1, 1, 1 ]
                                }
                            }
                        },
                        {
                            "name": "set2bottom2",
                            "from": [ -1.0, -4.4, 2.2 ],
                            "to": [ 17.0, 4.6, 2.2 ],
                            "shade": false,
                            "climateColorMap": "climatePlantTint",
                            "seasonColorMap": "seasonalDeerfern",
                            "renderpass": 1,
                            "rotationOrigin": [ 8.0, 3.6, 2.2 ],
                            "rotationX": -67.5,
                            "faces": {
                                "north": {
                                    "texture": "#2",
                                    "uv": [ 16.0, 8.0, 0.0, 16.0 ],
                                    "autoUv": false,
                                    "windMode": [ 0, 1, 1, 0 ]
                                }
                            }
                        },
                        {
                            "name": "set3top2",
                            "from": [ -7.5068, 4.31, -1.1 ],
                            "to": [ 1.4932, 4.31, 16.9 ],
                            "shade": false,
                            "climateColorMap": "climatePlantTint",
                            "seasonColorMap": "seasonalDeerfern",
                            "renderpass": 1,
                            "rotationOrigin": [ 1.4932, 4.3069, 6.9 ],
                            "faces": {
                                "up": {
                                    "texture": "#2",
                                    "uv": [ 0.0, 0.0, 16.0, 8.0 ],
                                    "rotation": 270,
                                    "autoUv": false,
                                    "windMode": [ 1, 1, 1, 1 ]
                                }
                            }
                        },
                        {
                            "name": "set3bottom2",
                            "from": [ 2.2, -4.4, -1.1 ],
                            "to": [ 2.2, 4.6, 16.9 ],
                            "shade": false,
                            "climateColorMap": "climatePlantTint",
                            "seasonColorMap": "seasonalDeerfern",
                            "renderpass": 1,
                            "rotationOrigin": [ 2.2, 3.6, 7.9 ],
                            "rotationZ": 67.5,
                            "faces": {
                                "east": {
                                    "texture": "#2",
                                    "uv": [ 0.0, 8.0, 16.0, 16.0 ],
                                    "autoUv": false,
                                    "windMode": [ 0, 1, 1, 0 ]
                                }
                            }
                        },
                        {
                            "name": "set4top2",
                            "from": [ 14.5075, 4.31, -1.1 ],
                            "to": [ 23.5075, 4.31, 16.9 ],
                            "shade": false,
                            "climateColorMap": "climatePlantTint",
                            "seasonColorMap": "seasonalDeerfern",
                            "renderpass": 1,
                            "rotationOrigin": [ 14.5075, 4.3062, 6.9 ],
                            "faces": {
                                "up": {
                                    "texture": "#2",
                                    "uv": [ 0.0, 0.0, 16.0, 8.0 ],
                                    "rotation": 90,
                                    "autoUv": false,
                                    "windMode": [ 1, 1, 1, 1 ]
                                }
                            }
                        },
                        {
                            "name": "set4bottom2",
                            "from": [ 13.8, -4.4, -1.1 ],
                            "to": [ 13.8, 4.6, 16.9 ],
                            "shade": false,
                            "climateColorMap": "climatePlantTint",
                            "seasonColorMap": "seasonalDeerfern",
                            "renderpass": 1,
                            "rotationOrigin": [ 13.8, 3.6, 7.9 ],
                            "rotationZ": -67.5,
                            "faces": {
                                "east": {
                                    "texture": "#2",
                                    "uv": [ 16.0, 8.0, 0.0, 16.0 ],
                                    "autoUv": false,
                                    "windMode": [ 0, 1, 1, 0 ]
                                }
                            }
                        }
                    ]
                }
            ]
        }
    ]
}