{
	code: "leadkilndoor",
	class: "BlockCokeOvenDoor",
	behaviors: [ {name: "HorizontalOrientable", properties: { drop: { type:"block", code: "leadkilndoor-closed-north" } }}, {name: "Lockable" } ],
	heldTpIdleAnimation: "holdunderarm",
	faceCullMode: "NeverCull",
	attributes: {
		handbook: {
			groupBy: ["cokeovendoor-*"]
		},
		liquidBarrierOnSidesByType: {
		   "*-closed-north": [ 0.0, 0.0, 1.0, 0.0 ],
		   "*-closed-east": [ 0.0, 0.0, 0.0, 1.0 ],
		   "*-closed-south": [ 1.0, 0.0, 0.0, 0.0 ],
		   "*-closed-west": [ 0.0, 1.0, 0.0, 0.0 ]
		},
		onTongTransform: {
			translation: { x: -0.86, y: -1.8, z: -0.68 },
			rotation: { x: 22, y: 1, z: 0 },
			scale: 0.7
		}
	},
	variantgroups: [
		{ code: "state", states: ["closed", "opened"] },
		{ code: "side", loadFromProperties: "abstract/horizontalorientation" }
	],
	creativeinventory: { "general": ["*-closed-north"], "decorative": ["*-closed-north"] },
	shapeByType: {
		"*-north": { base: "block/metal/lead/cokeovendoor/{state}", rotateY:0 },
		"*-east": { base: "block/metal/lead/cokeovendoor/{state}", rotateY:270 },
		"*-south": { base: "block/metal/lead/cokeovendoor/{state}", rotateY:180 },
		"*-west": { base: "block/metal/lead/cokeovendoor/{state}", rotateY:90 },
	},
	blockmaterial: "Metal",
	replaceable: 500,
	resistance: 2.5,
	lightAbsorption: 0,
	sidesolid: {
		all: false
	},
	sideopaque: {
		all: false
	},
	guiTransform: {
		rotation: { x: -158, y: 38, z: -14 },
		origin: { x: 0.5, y: 0.5, z: 1 },
		scale: 1.3
	},
	fpHandTransform: {
		translation: { x: -0.27, y: -0.12, z: 1.12 },
		rotation: { x: -44, y: 42, z: 0 },
		scale: 1.02
	},
	groundTransform: {
		translation: { x: 0, y: 0, z: 0 },
		rotation: { x: -90, y: 0, z: 0 },
		origin: { x: 0.5, y: 0, z: 0.94 },
		scale: 3.15
	},
	collisionSelectionboxesByType: {
		"*-closed-*": [
			{
				x1: 0, y1: 0, z1: 0.9375, x2: 1, y2: 1, z2: 1,
				rotateYByType: {
					"*-north": 0,
					"*-east": 270,
					"*-south": 180,
					"*-west": 90,
				}
			}
		],
		"*-opened-*": [
			{ x1: 0, y1: 0, z1: 0.9375, x2: 0.1875, y2: 1, z2: 1,
				rotateYByType: {
					"*-north": 0,
					"*-east": 270,
					"*-south": 180,
					"*-west": 90,
				}
			},
			{ x1: 0.8125, y1: 0, z1: 0.9375, x2: 1, y2: 1, z2: 1,
				rotateYByType: {
					"*-north": 0,
					"*-east": 270,
					"*-south": 180,
					"*-west": 90,
				}
			},
			{ x1: 0, y1: 0, z1: 0.9375, x2: 0.8125, y2: 0.1875, z2: 1,
				rotateYByType: {
					"*-north": 0,
					"*-east": 270,
					"*-south": 180,
					"*-west": 90,
				}
			},
			{ x1: 0.1875, y1: 0.8125, z1: 0.9375, x2: 0.8125, y2: 1, z2: 1,
				rotateYByType: {
					"*-north": 0,
					"*-east": 270,
					"*-south": 180,
					"*-west": 90,
				}
			}
		]
	},
	sounds: {
		"place": "block/anvil",
		"break": "block/anvil",
		"hit": "block/anvil",
		"walk": "walk/stone*"
	},
	materialDensity: 9000,
	tpHandTransform: {
		translation: { x: -1.1, y: -0.7, z: -0.6 },
		rotation: { x: 14, y: 0, z: 59 },
		scale: 0.6
	}
}
