{
	"editor": {
		"allAngles": false,
		"entityTextureMode": false
	},
	"textureWidth": 16,
	"textureHeight": 16,
	"textureSizes": {
	},
	"textures": {
		"candle-unlit": "block/candle-unlit"
	},
	"elements": [
		{
			"name": "candle1",
			"from": [ 3.0, 0.0, 3.0 ],
			"to": [ 5.0, 1.4, 5.0 ],
			"rotationOrigin": [ 4.0, 0.0, 4.0 ],
			"rotationY": -19.0,
			"faces": {
				"north": { "texture": "#candle-unlit", "uv": [ 4.5, 6.0, 6.5, 7.0 ] },
				"east": { "texture": "#candle-unlit", "uv": [ 4.5, 6.0, 6.5, 7.0 ] },
				"south": { "texture": "#candle-unlit", "uv": [ 4.0, 6.5, 6.0, 7.5 ] },
				"west": { "texture": "#candle-unlit", "uv": [ 4.5, 6.5, 6.5, 7.5 ] },
				"up": { "texture": "#candle-unlit", "uv": [ 4.5, 7.5, 6.5, 9.5 ] },
				"down": { "texture": "#candle-unlit", "uv": [ 4.5, 9.5, 6.5, 11.5 ] }
			},
			"children": [
				{
					"name": "candle1-drip",
					"from": [ 2.0, 0.0, 0.5 ],
					"to": [ 2.5, 1.0, 1.5 ],
					"rotationOrigin": [ 2.0, 0.0, 0.5 ],
					"faces": {
						"north": { "texture": "#candle-unlit", "uv": [ 5.0, 7.5, 5.5, 8.5 ] },
						"east": { "texture": "#candle-unlit", "uv": [ 5.0, 7.0, 6.0, 8.0 ] },
						"south": { "texture": "#candle-unlit", "uv": [ 5.0, 7.5, 5.5, 8.5 ] },
						"up": { "texture": "#candle-unlit", "uv": [ 5.5, 7.0, 6.0, 8.0 ] },
						"down": { "texture": "#candle-unlit", "uv": [ 5.5, 9.0, 6.0, 10.0 ] }
					}
				},
				{
					"name": "candle1-drip2",
					"from": [ -0.5, 0.01, 0.5 ],
					"to": [ 1.0, 0.51, 2.5 ],
					"rotationOrigin": [ -0.5, 0.0, 0.5 ],
					"faces": {
						"north": { "texture": "#candle-unlit", "uv": [ 4.5, 8.0, 6.0, 8.5 ] },
						"east": { "texture": "#candle-unlit", "uv": [ 5.0, 8.0, 7.0, 8.5 ] },
						"south": { "texture": "#candle-unlit", "uv": [ 5.0, 7.5, 6.5, 8.0 ] },
						"west": { "texture": "#candle-unlit", "uv": [ 4.5, 8.0, 6.5, 8.5 ] },
						"up": { "texture": "#candle-unlit", "uv": [ 5.0, 8.5, 6.5, 10.5 ] },
						"down": { "texture": "#candle-unlit", "uv": [ 5.0, 10.0, 6.5, 12.0 ] }
					}
				},
				{
					"name": "wick1",
					"from": [ 0.8, 1.4, 0.8 ],
					"to": [ 1.2, 1.9, 1.2 ],
					"rotationOrigin": [ 1.0, 1.4, 1.0 ],
					"rotationY": 45.0,
					"faces": {
						"north": { "texture": "#candle-unlit", "uv": [ 5.5, 5.0, 6.0, 5.5 ] },
						"east": { "texture": "#candle-unlit", "uv": [ 5.5, 5.0, 6.0, 5.5 ] },
						"south": { "texture": "#candle-unlit", "uv": [ 5.5, 5.0, 6.0, 5.5 ] },
						"west": { "texture": "#candle-unlit", "uv": [ 5.5, 5.5, 6.0, 6.0 ] },
						"up": { "texture": "#candle-unlit", "uv": [ 5.5, 5.0, 6.0, 5.5 ] }
					}
				}
			]
		},
		{
			"name": "candle2",
			"from": [ 7.0, 0.0, 4.0 ],
			"to": [ 9.0, 1.0, 6.0 ],
			"rotationOrigin": [ 8.0, 0.0, 5.0 ],
			"rotationY": 7.0,
			"faces": {
				"north": { "texture": "#candle-unlit", "uv": [ 4.5, 8.5, 6.5, 9.5 ] },
				"east": { "texture": "#candle-unlit", "uv": [ 4.5, 8.5, 6.5, 9.5 ] },
				"south": { "texture": "#candle-unlit", "uv": [ 4.5, 8.0, 6.5, 9.0 ] },
				"west": { "texture": "#candle-unlit", "uv": [ 4.5, 7.0, 6.5, 8.0 ] },
				"up": { "texture": "#candle-unlit", "uv": [ 4.5, 7.5, 6.5, 9.5 ] },
				"down": { "texture": "#candle-unlit", "uv": [ 4.5, 8.0, 6.5, 10.0 ] }
			},
			"children": [
				{
					"name": "candle2-drip",
					"from": [ 0.2, 0.0, -0.7 ],
					"to": [ 1.2, 0.7, 0.0 ],
					"rotationOrigin": [ 1.0, 0.0, 1.0 ],
					"faces": {
						"north": { "texture": "#candle-unlit", "uv": [ 4.5, 7.5, 5.5, 8.0 ] },
						"east": { "texture": "#candle-unlit", "uv": [ 4.5, 7.5, 5.0, 8.0 ] },
						"west": { "texture": "#candle-unlit", "uv": [ 5.0, 7.0, 5.5, 7.5 ] },
						"up": { "texture": "#candle-unlit", "uv": [ 6.0, 7.5, 7.0, 8.0 ] },
						"down": { "texture": "#candle-unlit", "uv": [ 4.5, 8.0, 5.5, 8.5 ] }
					}
				},
				{
					"name": "Cube24",
					"from": [ 1.0, 1.0, 0.5 ],
					"to": [ 2.0, 1.5, 2.0 ],
					"rotationOrigin": [ 1.0, 1.0, 1.0 ],
					"faces": {
						"north": { "texture": "#candle-unlit", "uv": [ 5.5, 7.0, 6.5, 7.5 ] },
						"east": { "texture": "#candle-unlit", "uv": [ 4.5, 8.0, 6.0, 8.5 ] },
						"south": { "texture": "#candle-unlit", "uv": [ 5.5, 8.5, 6.5, 9.0 ] },
						"west": { "texture": "#candle-unlit", "uv": [ 4.5, 8.0, 6.0, 8.5 ] },
						"up": { "texture": "#candle-unlit", "uv": [ 4.5, 8.0, 5.5, 9.5 ] }
					}
				},
				{
					"name": "wick2",
					"from": [ 0.8, 1.0, 0.8 ],
					"to": [ 1.2, 2.0, 1.2 ],
					"rotationOrigin": [ 1.0, 1.0, 1.0 ],
					"rotationY": 45.0,
					"faces": {
						"north": { "texture": "#candle-unlit", "uv": [ 5.5, 5.0, 6.0, 6.0 ] },
						"east": { "texture": "#candle-unlit", "uv": [ 5.5, 5.0, 6.0, 6.0 ] },
						"south": { "texture": "#candle-unlit", "uv": [ 5.5, 5.0, 6.0, 6.0 ] },
						"west": { "texture": "#candle-unlit", "uv": [ 5.5, 5.0, 6.0, 6.0 ] },
						"up": { "texture": "#candle-unlit", "uv": [ 5.5, 5.0, 6.0, 5.5 ] }
					}
				}
			]
		},
		{
			"name": "candle4",
			"from": [ 4.0, 0.0, 7.0 ],
			"to": [ 6.0, 2.0, 9.0 ],
			"rotationOrigin": [ 5.0, 0.0, 8.0 ],
			"rotationY": -22.0,
			"faces": {
				"north": { "texture": "#candle-unlit", "uv": [ 4.5, 6.0, 6.5, 8.0 ] },
				"east": { "texture": "#candle-unlit", "uv": [ 4.5, 6.0, 6.5, 8.0 ] },
				"south": { "texture": "#candle-unlit", "uv": [ 4.5, 6.0, 6.5, 8.0 ] },
				"west": { "texture": "#candle-unlit", "uv": [ 4.5, 6.0, 6.5, 8.0 ] },
				"up": { "texture": "#candle-unlit", "uv": [ 8.5, 9.5, 10.5, 11.5 ] },
				"down": { "texture": "#candle-unlit", "uv": [ 4.5, 9.0, 6.5, 11.0 ] }
			},
			"children": [
				{
					"name": "candle4-drip1",
					"from": [ -0.5, 0.01, -0.5 ],
					"to": [ 0.9, 1.01, 0.9 ],
					"faces": {
						"north": { "texture": "#candle-unlit", "uv": [ 5.0, 7.5, 6.0, 8.5 ] },
						"east": { "texture": "#candle-unlit", "uv": [ 4.5, 7.0, 5.5, 8.0 ] },
						"south": { "texture": "#candle-unlit", "uv": [ 5.5, 7.0, 6.5, 8.0 ] },
						"west": { "texture": "#candle-unlit", "uv": [ 5.0, 9.0, 6.0, 10.0 ] },
						"up": { "texture": "#candle-unlit", "uv": [ 4.5, 8.5, 5.5, 9.5 ] },
						"down": { "texture": "#candle-unlit", "uv": [ 5.0, 8.0, 6.0, 9.0 ] }
					}
				},
				{
					"name": "candle4-drip2",
					"from": [ 0.5, 0.01, 0.5 ],
					"to": [ 2.5, 1.01, 2.5 ],
					"rotationOrigin": [ 1.0, 0.0, 1.0 ],
					"faces": {
						"north": { "texture": "#candle-unlit", "uv": [ 4.5, 7.5, 6.5, 8.5 ] },
						"east": { "texture": "#candle-unlit", "uv": [ 5.5, 7.0, 7.5, 8.0 ] },
						"south": { "texture": "#candle-unlit", "uv": [ 5.0, 8.0, 7.0, 9.0 ] },
						"west": { "texture": "#candle-unlit", "uv": [ 4.0, 7.5, 6.0, 8.5 ] },
						"up": { "texture": "#candle-unlit", "uv": [ 5.0, 9.0, 7.0, 11.0 ] },
						"down": { "texture": "#candle-unlit", "uv": [ 4.0, 10.5, 6.0, 12.5 ] }
					}
				},
				{
					"name": "candle4-drip3",
					"from": [ -0.5, 0.01, 1.3 ],
					"to": [ 0.5, 0.51, 2.3 ],
					"rotationOrigin": [ 0.0, 0.0, 1.8 ],
					"faces": {
						"north": { "texture": "#candle-unlit", "uv": [ 4.5, 8.5, 5.5, 9.0 ] },
						"south": { "texture": "#candle-unlit", "uv": [ 4.0, 8.5, 5.0, 9.0 ] },
						"west": { "texture": "#candle-unlit", "uv": [ 5.5, 8.5, 6.5, 9.0 ] },
						"up": { "texture": "#candle-unlit", "uv": [ 5.0, 9.0, 6.0, 10.0 ] },
						"down": { "texture": "#candle-unlit", "uv": [ 5.0, 8.5, 6.0, 9.5 ] }
					}
				},
				{
					"name": "Cube1",
					"from": [ 0.0, 2.0, 0.0 ],
					"to": [ 1.0, 2.5, 1.0 ],
					"rotationOrigin": [ 0.0, 2.0, 0.0 ],
					"faces": {
						"north": { "texture": "#candle-unlit", "uv": [ 5.0, 9.0, 6.0, 9.5 ] },
						"east": { "texture": "#candle-unlit", "uv": [ 5.0, 8.0, 6.0, 8.5 ] },
						"south": { "texture": "#candle-unlit", "uv": [ 5.0, 9.5, 6.0, 10.0 ] },
						"west": { "texture": "#candle-unlit", "uv": [ 4.5, 11.0, 5.5, 11.5 ] },
						"up": { "texture": "#candle-unlit", "uv": [ 6.0, 9.0, 7.0, 10.0 ] }
					}
				},
				{
					"name": "Cube17",
					"from": [ 0.0, 2.5, 0.0 ],
					"to": [ 0.5, 3.0, 0.5 ],
					"rotationOrigin": [ 0.0, 2.5, 0.0 ],
					"faces": {
						"north": { "texture": "#candle-unlit", "uv": [ 5.0, 7.0, 5.5, 7.5 ] },
						"east": { "texture": "#candle-unlit", "uv": [ 5.0, 8.0, 5.5, 8.5 ] },
						"south": { "texture": "#candle-unlit", "uv": [ 5.0, 7.5, 5.5, 8.0 ] },
						"west": { "texture": "#candle-unlit", "uv": [ 5.0, 7.5, 5.5, 8.0 ] },
						"up": { "texture": "#candle-unlit", "uv": [ 5.0, 8.5, 5.5, 9.0 ] }
					}
				},
				{
					"name": "Cube18",
					"from": [ 1.0, 2.0, 1.5 ],
					"to": [ 2.0, 2.5, 2.0 ],
					"rotationOrigin": [ 1.5, 2.0, 1.5 ],
					"faces": {
						"north": { "texture": "#candle-unlit", "uv": [ 4.5, 7.5, 5.5, 8.0 ] },
						"east": { "texture": "#candle-unlit", "uv": [ 5.0, 8.0, 5.5, 8.5 ] },
						"south": { "texture": "#candle-unlit", "uv": [ 4.5, 7.5, 5.5, 8.0 ] },
						"west": { "texture": "#candle-unlit", "uv": [ 4.5, 8.0, 5.0, 8.5 ] },
						"up": { "texture": "#candle-unlit", "uv": [ 5.5, 9.5, 6.5, 10.0 ] }
					}
				},
				{
					"name": "wick4",
					"from": [ 0.8, 2.0, 0.8 ],
					"to": [ 1.2, 2.6, 1.2 ],
					"rotationOrigin": [ 1.0, 2.0, 1.0 ],
					"rotationY": 45.0,
					"faces": {
						"north": { "texture": "#candle-unlit", "uv": [ 5.5, 5.0, 6.0, 5.5 ] },
						"east": { "texture": "#candle-unlit", "uv": [ 5.5, 5.5, 6.0, 6.0 ] },
						"south": { "texture": "#candle-unlit", "uv": [ 5.5, 5.5, 6.0, 6.0 ] },
						"west": { "texture": "#candle-unlit", "uv": [ 5.5, 5.0, 6.0, 5.5 ] },
						"up": { "texture": "#candle-unlit", "uv": [ 5.5, 5.5, 6.0, 6.0 ] }
					}
				}
			]
		},
		{
			"name": "candle5",
			"from": [ 7.7, 0.0, 8.6 ],
			"to": [ 9.7, 0.3, 10.6 ],
			"rotationOrigin": [ 8.7, 0.0, 9.6 ],
			"rotationY": 14.0,
			"faces": {
				"north": { "texture": "#candle-unlit", "uv": [ 4.5, 7.0, 6.5, 7.5 ] },
				"east": { "texture": "#candle-unlit", "uv": [ 4.5, 7.5, 6.5, 8.0 ] },
				"south": { "texture": "#candle-unlit", "uv": [ 4.5, 7.0, 6.5, 7.5 ] },
				"west": { "texture": "#candle-unlit", "uv": [ 4.5, 7.0, 6.5, 7.5 ] },
				"up": { "texture": "#candle-unlit", "uv": [ 5.0, 8.5, 7.0, 10.5 ] },
				"down": { "texture": "#candle-unlit", "uv": [ 4.5, 10.0, 6.5, 12.0 ] }
			},
			"children": [
				{
					"name": "Cube19",
					"from": [ 0.0, 0.3, 0.0 ],
					"to": [ 1.0, 0.6, 1.0 ],
					"rotationOrigin": [ 0.0, 0.3, 0.0 ],
					"faces": {
						"north": { "texture": "#candle-unlit", "uv": [ 5.5, 9.0, 6.5, 9.5 ] },
						"east": { "texture": "#candle-unlit", "uv": [ 4.5, 8.0, 5.5, 8.5 ] },
						"south": { "texture": "#candle-unlit", "uv": [ 5.0, 8.5, 6.0, 9.0 ] },
						"west": { "texture": "#candle-unlit", "uv": [ 5.0, 10.5, 6.0, 11.0 ] },
						"up": { "texture": "#candle-unlit", "uv": [ 5.5, 8.5, 6.5, 9.5 ] }
					}
				},
				{
					"name": "Cube20",
					"from": [ 0.0, 0.6, 0.0 ],
					"to": [ 0.7, 1.1, 0.7 ],
					"rotationOrigin": [ 0.0, 0.6, 0.0 ],
					"faces": {
						"north": { "texture": "#candle-unlit", "uv": [ 5.0, 10.0, 5.5, 10.5 ] },
						"east": { "texture": "#candle-unlit", "uv": [ 5.5, 8.0, 6.0, 8.5 ] },
						"south": { "texture": "#candle-unlit", "uv": [ 6.0, 10.0, 6.5, 10.5 ] },
						"west": { "texture": "#candle-unlit", "uv": [ 5.0, 7.5, 5.5, 8.0 ] },
						"up": { "texture": "#candle-unlit", "uv": [ 4.5, 9.5, 5.0, 10.0 ] }
					}
				},
				{
					"name": "Cube21",
					"from": [ 1.1, 0.3, 1.3 ],
					"to": [ 2.0, 0.7, 2.0 ],
					"rotationOrigin": [ 1.3, 0.3, 1.3 ],
					"faces": {
						"north": { "texture": "#candle-unlit", "uv": [ 6.5, 10.0, 7.0, 10.5 ] },
						"east": { "texture": "#candle-unlit", "uv": [ 5.5, 8.0, 6.0, 8.5 ] },
						"south": { "texture": "#candle-unlit", "uv": [ 6.0, 10.0, 6.5, 10.5 ] },
						"west": { "texture": "#candle-unlit", "uv": [ 5.5, 9.0, 6.0, 9.5 ] },
						"up": { "texture": "#candle-unlit", "uv": [ 6.0, 8.0, 6.5, 8.5 ] }
					}
				},
				{
					"name": "candle5-drip",
					"from": [ 2.0, 0.0, 0.0 ],
					"to": [ 2.6, 0.2, 1.0 ],
					"rotationOrigin": [ 2.0, 0.0, 0.0 ],
					"faces": {
						"north": { "texture": "#candle-unlit", "uv": [ 5.5, 9.0, 6.0, 9.5 ] },
						"east": { "texture": "#candle-unlit", "uv": [ 5.0, 9.5, 6.0, 10.0 ] },
						"south": { "texture": "#candle-unlit", "uv": [ 5.5, 11.0, 6.0, 11.5 ] },
						"up": { "texture": "#candle-unlit", "uv": [ 5.5, 8.0, 6.0, 9.0 ] },
						"down": { "texture": "#candle-unlit", "uv": [ 6.0, 8.5, 6.5, 9.5 ] }
					}
				},
				{
					"name": "candle5-drip2",
					"from": [ -0.2, 0.01, 1.4 ],
					"to": [ 0.8, 0.21, 2.4 ],
					"rotationOrigin": [ -0.2, 0.0, 1.4 ],
					"faces": {
						"north": { "texture": "#candle-unlit", "uv": [ 6.0, 10.0, 7.0, 10.5 ] },
						"east": { "texture": "#candle-unlit", "uv": [ 5.5, 9.0, 6.5, 9.5 ] },
						"south": { "texture": "#candle-unlit", "uv": [ 4.5, 10.0, 5.5, 10.5 ] },
						"west": { "texture": "#candle-unlit", "uv": [ 5.0, 9.5, 6.0, 10.0 ] },
						"up": { "texture": "#candle-unlit", "uv": [ 5.0, 9.0, 6.0, 10.0 ] },
						"down": { "texture": "#candle-unlit", "uv": [ 5.0, 9.5, 6.0, 10.5 ] }
					}
				},
				{
					"name": "wick5",
					"from": [ 0.8, 0.3, 0.8 ],
					"to": [ 1.2, 0.9, 1.2 ],
					"rotationOrigin": [ 1.0, 0.3, 1.0 ],
					"rotationY": -45.0,
					"faces": {
						"north": { "texture": "#candle-unlit", "uv": [ 5.5, 5.0, 6.0, 5.5 ] },
						"east": { "texture": "#candle-unlit", "uv": [ 5.5, 5.0, 6.0, 5.5 ] },
						"south": { "texture": "#candle-unlit", "uv": [ 5.5, 5.0, 6.0, 5.5 ] },
						"west": { "texture": "#candle-unlit", "uv": [ 5.5, 5.0, 6.0, 5.5 ] },
						"up": { "texture": "#candle-unlit", "uv": [ 5.5, 5.0, 6.0, 5.5 ] }
					}
				}
			]
		},
		{
			"name": "candle6",
			"from": [ 11.5, 0.0, 12.1 ],
			"to": [ 13.5, 1.0, 14.1 ],
			"rotationOrigin": [ 12.5, 0.0, 13.1 ],
			"rotationY": 11.0,
			"faces": {
				"north": { "texture": "#candle-unlit", "uv": [ 4.0, 6.5, 6.0, 7.5 ] },
				"east": { "texture": "#candle-unlit", "uv": [ 5.0, 6.5, 7.0, 7.5 ] },
				"south": { "texture": "#candle-unlit", "uv": [ 5.0, 6.5, 7.0, 7.5 ] },
				"west": { "texture": "#candle-unlit", "uv": [ 4.5, 6.0, 6.5, 7.0 ] },
				"up": { "texture": "#candle-unlit", "uv": [ 4.5, 7.5, 6.5, 9.5 ] },
				"down": { "texture": "#candle-unlit", "uv": [ 4.5, 10.0, 6.5, 12.0 ] }
			},
			"children": [
				{
					"name": "candle6-drip1",
					"from": [ 1.5, 0.01, -0.5 ],
					"to": [ 2.5, 0.51, 0.5 ],
					"rotationOrigin": [ 1.5, 0.0, -0.5 ],
					"faces": {
						"north": { "texture": "#candle-unlit", "uv": [ 5.0, 7.5, 6.0, 8.0 ] },
						"east": { "texture": "#candle-unlit", "uv": [ 5.0, 7.5, 6.0, 8.0 ] },
						"south": { "texture": "#candle-unlit", "uv": [ 5.0, 8.0, 6.0, 8.5 ] },
						"west": { "texture": "#candle-unlit", "uv": [ 4.5, 9.0, 5.5, 9.5 ] },
						"up": { "texture": "#candle-unlit", "uv": [ 5.0, 7.5, 6.0, 8.5 ] },
						"down": { "texture": "#candle-unlit", "uv": [ 5.0, 9.5, 6.0, 10.5 ] }
					}
				},
				{
					"name": "candle6-drip2",
					"from": [ -0.5, 0.01, 0.5 ],
					"to": [ 0.5, 0.51, 2.5 ],
					"rotationOrigin": [ -0.5, 0.0, 0.5 ],
					"faces": {
						"north": { "texture": "#candle-unlit", "uv": [ 4.5, 8.5, 5.5, 9.0 ] },
						"east": { "texture": "#candle-unlit", "uv": [ 6.0, 8.0, 8.0, 8.5 ] },
						"south": { "texture": "#candle-unlit", "uv": [ 5.0, 8.0, 6.0, 8.5 ] },
						"west": { "texture": "#candle-unlit", "uv": [ 5.0, 8.5, 7.0, 9.0 ] },
						"up": { "texture": "#candle-unlit", "uv": [ 5.0, 7.5, 6.0, 9.5 ] },
						"down": { "texture": "#candle-unlit", "uv": [ 5.0, 7.5, 6.0, 9.5 ] }
					}
				},
				{
					"name": "wick6",
					"from": [ 0.8, 1.0, 0.8 ],
					"to": [ 1.2, 1.5, 1.2 ],
					"rotationOrigin": [ 1.0, 1.0, 1.0 ],
					"rotationY": -45.0,
					"faces": {
						"north": { "texture": "#candle-unlit", "uv": [ 5.5, 5.0, 6.0, 5.5 ] },
						"east": { "texture": "#candle-unlit", "uv": [ 5.5, 5.0, 6.0, 5.5 ] },
						"south": { "texture": "#candle-unlit", "uv": [ 5.5, 5.0, 6.0, 5.5 ] },
						"west": { "texture": "#candle-unlit", "uv": [ 5.5, 5.0, 6.0, 5.5 ] },
						"up": { "texture": "#candle-unlit", "uv": [ 5.5, 5.0, 6.0, 5.5 ] }
					}
				}
			]
		},
		{
			"name": "candle7",
			"from": [ 11.0, 0.0, 2.0 ],
			"to": [ 13.0, 1.0, 4.0 ],
			"rotationOrigin": [ 12.0, 0.0, 3.0 ],
			"rotationY": -27.0,
			"faces": {
				"north": { "texture": "#candle-unlit", "uv": [ 4.5, 6.0, 6.5, 7.0 ] },
				"east": { "texture": "#candle-unlit", "uv": [ 5.0, 6.0, 7.0, 7.0 ] },
				"south": { "texture": "#candle-unlit", "uv": [ 4.5, 6.0, 6.5, 7.0 ] },
				"west": { "texture": "#candle-unlit", "uv": [ 4.0, 6.0, 6.0, 7.0 ] },
				"up": { "texture": "#candle-unlit", "uv": [ 4.5, 8.5, 6.5, 10.5 ] },
				"down": { "texture": "#candle-unlit", "uv": [ 4.5, 10.0, 6.5, 12.0 ] }
			},
			"children": [
				{
					"name": "candle7-drip1",
					"from": [ -0.5, 0.01, 1.4 ],
					"to": [ 0.5, 0.71, 2.4 ],
					"rotationOrigin": [ -0.5, 0.0, 1.4 ],
					"faces": {
						"north": { "texture": "#candle-unlit", "uv": [ 5.0, 7.0, 6.0, 7.5 ] },
						"east": { "texture": "#candle-unlit", "uv": [ 4.5, 7.0, 5.5, 7.5 ] },
						"south": { "texture": "#candle-unlit", "uv": [ 5.5, 7.5, 6.5, 8.0 ] },
						"west": { "texture": "#candle-unlit", "uv": [ 5.0, 7.0, 6.0, 7.5 ] },
						"up": { "texture": "#candle-unlit", "uv": [ 5.5, 6.5, 6.5, 7.5 ] },
						"down": { "texture": "#candle-unlit", "uv": [ 5.0, 10.0, 6.0, 11.0 ] }
					}
				},
				{
					"name": "Cube30",
					"from": [ 0.0, 1.0, 0.0 ],
					"to": [ 1.5, 1.5, 1.5 ],
					"rotationOrigin": [ 0.0, 1.0, 0.0 ],
					"faces": {
						"north": { "texture": "#candle-unlit", "uv": [ 5.5, 7.5, 7.0, 8.0 ] },
						"east": { "texture": "#candle-unlit", "uv": [ 4.5, 8.5, 6.0, 9.0 ] },
						"south": { "texture": "#candle-unlit", "uv": [ 5.5, 9.0, 7.0, 9.5 ] },
						"west": { "texture": "#candle-unlit", "uv": [ 5.5, 8.5, 7.0, 9.0 ] },
						"up": { "texture": "#candle-unlit", "uv": [ 5.0, 7.5, 6.5, 9.0 ] }
					}
				},
				{
					"name": "candle7-drip2",
					"from": [ 1.0, 0.01, -0.4 ],
					"to": [ 2.5, 0.51, 1.1 ],
					"rotationOrigin": [ 1.0, 0.0, -0.4 ],
					"faces": {
						"north": { "texture": "#candle-unlit", "uv": [ 4.0, 8.0, 5.5, 8.5 ] },
						"east": { "texture": "#candle-unlit", "uv": [ 5.0, 7.0, 6.5, 7.5 ] },
						"south": { "texture": "#candle-unlit", "uv": [ 5.0, 8.0, 6.5, 8.5 ] },
						"west": { "texture": "#candle-unlit", "uv": [ 5.0, 7.5, 6.5, 8.0 ] },
						"up": { "texture": "#candle-unlit", "uv": [ 5.0, 8.0, 6.5, 9.5 ] },
						"down": { "texture": "#candle-unlit", "uv": [ 5.0, 7.5, 6.5, 9.0 ] }
					}
				},
				{
					"name": "wick7",
					"from": [ 0.8, 1.5, 0.8 ],
					"to": [ 1.2, 2.1, 1.2 ],
					"rotationOrigin": [ 1.0, 1.5, 1.0 ],
					"rotationY": -45.0,
					"faces": {
						"north": { "texture": "#candle-unlit", "uv": [ 5.5, 5.0, 6.0, 5.5 ] },
						"east": { "texture": "#candle-unlit", "uv": [ 5.5, 5.0, 6.0, 5.5 ] },
						"south": { "texture": "#candle-unlit", "uv": [ 5.5, 5.0, 6.0, 5.5 ] },
						"west": { "texture": "#candle-unlit", "uv": [ 5.5, 5.0, 6.0, 5.5 ] },
						"up": { "texture": "#candle-unlit", "uv": [ 5.5, 5.0, 6.0, 5.5 ] }
					}
				}
			]
		},
		{
			"name": "candle9",
			"from": [ 1.9, 0.0, 11.1 ],
			"to": [ 3.9, 1.5, 13.1 ],
			"rotationOrigin": [ 2.9, 0.0, 12.1 ],
			"rotationY": -7.0,
			"faces": {
				"north": { "texture": "#candle-unlit", "uv": [ 4.5, 6.5, 6.5, 8.0 ] },
				"east": { "texture": "#candle-unlit", "uv": [ 5.0, 6.5, 7.0, 8.0 ] },
				"south": { "texture": "#candle-unlit", "uv": [ 4.0, 6.5, 6.0, 8.0 ] },
				"west": { "texture": "#candle-unlit", "uv": [ 4.0, 7.5, 6.0, 9.0 ] },
				"up": { "texture": "#candle-unlit", "uv": [ 5.0, 7.0, 7.0, 9.0 ] },
				"down": { "texture": "#candle-unlit", "uv": [ 4.0, 8.0, 6.0, 10.0 ] }
			},
			"children": [
				{
					"name": "candle9-drip1",
					"from": [ 1.5, 0.01, 1.5 ],
					"to": [ 2.5, 1.01, 2.5 ],
					"rotationOrigin": [ 1.5, 0.0, 1.5 ],
					"faces": {
						"north": { "texture": "#candle-unlit", "uv": [ 5.0, 8.0, 6.0, 9.0 ] },
						"east": { "texture": "#candle-unlit", "uv": [ 5.0, 6.5, 6.0, 7.5 ] },
						"south": { "texture": "#candle-unlit", "uv": [ 5.0, 7.5, 6.0, 8.5 ] },
						"west": { "texture": "#candle-unlit", "uv": [ 5.5, 8.0, 6.5, 9.0 ] },
						"up": { "texture": "#candle-unlit", "uv": [ 5.0, 8.0, 6.0, 9.0 ] },
						"down": { "texture": "#candle-unlit", "uv": [ 5.0, 8.0, 6.0, 9.0 ] }
					}
				},
				{
					"name": "candle9-drip2",
					"from": [ -0.5, 0.01, -0.5 ],
					"to": [ 1.5, 0.51, 1.5 ],
					"rotationOrigin": [ -0.5, 0.0, -0.5 ],
					"faces": {
						"north": { "texture": "#candle-unlit", "uv": [ 4.5, 9.0, 6.5, 9.5 ] },
						"east": { "texture": "#candle-unlit", "uv": [ 4.5, 7.0, 6.5, 7.5 ] },
						"south": { "texture": "#candle-unlit", "uv": [ 4.5, 8.0, 6.5, 8.5 ] },
						"west": { "texture": "#candle-unlit", "uv": [ 4.5, 8.5, 6.5, 9.0 ] },
						"up": { "texture": "#candle-unlit", "uv": [ 4.5, 7.5, 6.5, 9.5 ] },
						"down": { "texture": "#candle-unlit", "uv": [ 4.5, 7.5, 6.5, 9.5 ] }
					}
				},
				{
					"name": "wick9",
					"from": [ 0.8, 1.5, 0.8 ],
					"to": [ 1.2, 2.0, 1.2 ],
					"rotationOrigin": [ 1.0, 1.5, 1.0 ],
					"rotationY": -45.0,
					"faces": {
						"north": { "texture": "#candle-unlit", "uv": [ 5.5, 5.0, 6.0, 5.5 ] },
						"east": { "texture": "#candle-unlit", "uv": [ 5.5, 5.0, 6.0, 5.5 ] },
						"south": { "texture": "#candle-unlit", "uv": [ 5.5, 5.0, 6.0, 5.5 ] },
						"west": { "texture": "#candle-unlit", "uv": [ 5.5, 5.0, 6.0, 5.5 ] },
						"up": { "texture": "#candle-unlit", "uv": [ 5.5, 5.0, 6.0, 5.5 ] }
					}
				}
			]
		}
	]}