{
	"editor": {
		"allAngles": false,
		"entityTextureMode": false
	},
	"textureWidth": 16,
	"textureHeight": 16,
	"textureSizes": {
	},
	"textures": {
		"candle-unlit": "block/candle-unlit"
	},
	"elements": [
		{
			"name": "candle",
			"from": [ 7.0, 0.0, 7.0 ],
			"to": [ 9.0, 1.0, 9.0 ],
			"rotationOrigin": [ 8.0, 0.0, 8.0 ],
			"faces": {
				"north": { "texture": "#candle-unlit", "uv": [ 5.0, 6.0, 7.0, 7.0 ] },
				"east": { "texture": "#candle-unlit", "uv": [ 5.0, 6.0, 7.0, 7.0 ] },
				"south": { "texture": "#candle-unlit", "uv": [ 4.5, 6.0, 6.5, 7.0 ] },
				"west": { "texture": "#candle-unlit", "uv": [ 4.5, 6.0, 6.5, 7.0 ] },
				"up": { "texture": "#candle-unlit", "uv": [ 4.5, 7.0, 6.5, 9.0 ] },
				"down": { "texture": "#candle-unlit", "uv": [ 4.5, 9.0, 6.5, 11.0 ] }
			},
			"children": [
				{
					"name": "candledrip1",
					"from": [ -0.5, 0.01, -0.6 ],
					"to": [ 0.5, 0.51, 0.4 ],
					"faces": {
						"north": { "texture": "#candle-unlit", "uv": [ 6.0, 8.0, 7.0, 8.5 ] },
						"east": { "texture": "#candle-unlit", "uv": [ 5.0, 8.0, 6.0, 8.5 ] },
						"south": { "texture": "#candle-unlit", "uv": [ 4.5, 7.5, 5.5, 8.0 ] },
						"west": { "texture": "#candle-unlit", "uv": [ 5.0, 7.0, 6.0, 7.5 ] },
						"up": { "texture": "#candle-unlit", "uv": [ 5.0, 8.0, 6.0, 9.0 ] },
						"down": { "texture": "#candle-unlit", "uv": [ 5.5, 10.5, 6.5, 11.5 ] }
					}
				},
				{
					"name": "candledrip2",
					"from": [ 0.5, 0.01, 0.4 ],
					"to": [ 2.5, 0.51, 2.4 ],
					"rotationOrigin": [ 1.0, 0.0, 1.0 ],
					"faces": {
						"north": { "texture": "#candle-unlit", "uv": [ 5.0, 7.5, 7.0, 8.0 ] },
						"east": { "texture": "#candle-unlit", "uv": [ 5.0, 6.5, 7.0, 7.0 ] },
						"south": { "texture": "#candle-unlit", "uv": [ 4.0, 6.5, 6.0, 7.0 ] },
						"west": { "texture": "#candle-unlit", "uv": [ 5.0, 7.0, 7.0, 7.5 ] },
						"up": { "texture": "#candle-unlit", "uv": [ 4.5, 8.5, 6.5, 10.5 ] },
						"down": { "texture": "#candle-unlit", "uv": [ 5.0, 9.0, 7.0, 11.0 ] }
					}
				},
				{
					"name": "candledrip3",
					"from": [ 1.9, 0.014, 1.8 ],
					"to": [ 2.9, 0.314, 2.8 ],
					"rotationOrigin": [ 2.4, 0.0, 2.4 ],
					"faces": {
						"north": { "texture": "#candle-unlit", "uv": [ 5.0, 10.0, 6.0, 10.5 ] },
						"east": { "texture": "#candle-unlit", "uv": [ 5.5, 8.0, 6.5, 8.5 ] },
						"south": { "texture": "#candle-unlit", "uv": [ 5.5, 9.0, 6.5, 9.5 ] },
						"west": { "texture": "#candle-unlit", "uv": [ 5.0, 9.0, 6.0, 9.5 ] },
						"up": { "texture": "#candle-unlit", "uv": [ 5.0, 9.0, 6.0, 10.0 ] },
						"down": { "texture": "#candle-unlit", "uv": [ 5.0, 9.5, 6.0, 10.5 ] }
					}
				},
				{
					"name": "candledrip4",
					"from": [ 0.9, 0.01, -0.4 ],
					"to": [ 1.9, 0.41, 0.0 ],
					"rotationOrigin": [ 1.4, 0.0, 0.2 ],
					"faces": {
						"north": { "texture": "#candle-unlit", "uv": [ 5.5, 10.0, 6.5, 10.5 ] },
						"east": { "texture": "#candle-unlit", "uv": [ 5.5, 9.5, 6.0, 10.0 ] },
						"west": { "texture": "#candle-unlit", "uv": [ 5.5, 9.5, 6.0, 10.0 ] },
						"up": { "texture": "#candle-unlit", "uv": [ 5.0, 11.0, 6.0, 11.5 ] },
						"down": { "texture": "#candle-unlit", "uv": [ 4.5, 9.5, 5.5, 10.0 ] }
					}
				},
				{
					"name": "candledrip5",
					"from": [ -0.8, 0.015, 1.2 ],
					"to": [ 0.5, 0.315, 2.2 ],
					"rotationOrigin": [ 0.2, 0.0, 1.8 ],
					"faces": {
						"north": { "texture": "#candle-unlit", "uv": [ 4.5, 10.0, 5.5, 10.5 ] },
						"south": { "texture": "#candle-unlit", "uv": [ 5.5, 10.0, 6.5, 10.5 ] },
						"west": { "texture": "#candle-unlit", "uv": [ 4.5, 8.5, 5.5, 9.0 ] },
						"up": { "texture": "#candle-unlit", "uv": [ 5.0, 9.0, 6.0, 10.0 ] },
						"down": { "texture": "#candle-unlit", "uv": [ 4.5, 9.0, 5.5, 10.0 ] }
					}
				},
				{
					"name": "Cube1",
					"from": [ 0.0, 1.0, 0.0 ],
					"to": [ 1.0, 1.5, 1.0 ],
					"rotationOrigin": [ 0.0, 1.0, 0.0 ],
					"faces": {
						"north": { "texture": "#candle-unlit", "uv": [ 5.0, 9.0, 6.0, 9.5 ] },
						"east": { "texture": "#candle-unlit", "uv": [ 4.5, 7.0, 5.5, 7.5 ] },
						"south": { "texture": "#candle-unlit", "uv": [ 5.5, 8.0, 6.5, 8.5 ] },
						"west": { "texture": "#candle-unlit", "uv": [ 5.5, 7.0, 6.5, 7.5 ] },
						"up": { "texture": "#candle-unlit", "uv": [ 4.5, 8.5, 5.5, 9.5 ] }
					}
				},
				{
					"name": "Cube8",
					"from": [ 0.0, 1.5, 0.0 ],
					"to": [ 0.6, 2.0, 0.5 ],
					"rotationOrigin": [ 0.0, 1.5, 0.0 ],
					"faces": {
						"north": { "texture": "#candle-unlit", "uv": [ 6.5, 9.5, 7.0, 10.0 ] },
						"east": { "texture": "#candle-unlit", "uv": [ 5.0, 8.5, 5.5, 9.0 ] },
						"south": { "texture": "#candle-unlit", "uv": [ 5.5, 8.0, 6.0, 8.5 ] },
						"west": { "texture": "#candle-unlit", "uv": [ 4.5, 6.5, 5.0, 7.0 ] },
						"up": { "texture": "#candle-unlit", "uv": [ 6.0, 7.0, 6.5, 7.5 ] }
					}
				},
				{
					"name": "Cube9",
					"from": [ 1.4, 1.0, 1.5 ],
					"to": [ 2.0, 1.5, 2.0 ],
					"rotationOrigin": [ 1.4, 1.0, 1.5 ],
					"faces": {
						"north": { "texture": "#candle-unlit", "uv": [ 6.0, 8.5, 6.5, 9.0 ] },
						"east": { "texture": "#candle-unlit", "uv": [ 6.0, 8.5, 6.5, 9.0 ] },
						"south": { "texture": "#candle-unlit", "uv": [ 5.5, 8.0, 6.0, 8.5 ] },
						"west": { "texture": "#candle-unlit", "uv": [ 4.5, 6.5, 5.0, 7.0 ] },
						"up": { "texture": "#candle-unlit", "uv": [ 5.5, 7.5, 6.0, 8.0 ] }
					}
				},
				{
					"name": "wick",
					"from": [ 0.8, 1.0, 0.8 ],
					"to": [ 1.2, 1.6, 1.2 ],
					"rotationOrigin": [ 1.0, 1.0, 1.0 ],
					"rotationY": 45.0,
					"faces": {
						"north": { "texture": "#candle-unlit", "uv": [ 5.5, 5.0, 6.0, 5.5 ] },
						"east": { "texture": "#candle-unlit", "uv": [ 5.5, 5.0, 6.0, 5.5 ] },
						"south": { "texture": "#candle-unlit", "uv": [ 5.5, 5.0, 6.0, 5.5 ] },
						"west": { "texture": "#candle-unlit", "uv": [ 5.5, 5.0, 6.0, 5.5 ] },
						"up": { "texture": "#candle-unlit", "uv": [ 5.5, 5.0, 6.0, 5.5 ] }
					}
				}
			]
		}
	]}