{
	"editor": {
		"collapsedPaths": "",
		"allAngles": true,
		"entityTextureMode": true
	},
	"textureWidth": 16,
	"textureHeight": 16,
	"textureSizes": {
		"isopod_ruberducky_v2": [16,16]
	},
	"textures": {

		},
	"elements": [
		{
			"name": "Bodypart",
			"from": [ 7.0, 0.0, 7.0 ],
			"to": [ 9.0, 1.3, 9.0 ],
			"unwrapRotation": 1,
			"uv": [ 0.0, 8.0 ],
			"rotationOrigin": [ 7.0, 0.0, 8.0 ],
			"faces": {
				"north": { "texture": "#isopod_ruberducky_v2", "uv": [ 0.0, 10.0, 2.0, 11.25 ] },
				"east": { "texture": "#isopod_ruberducky_v2", "uv": [ 2.0, 10.0, 4.0, 11.25 ], "windMode": [-1,-1,-1,-1] },
				"south": { "texture": "#isopod_ruberducky_v2", "uv": [ 4.0, 10.0, 6.0, 11.25 ] },
				"west": { "texture": "#isopod_ruberducky_v2", "uv": [ 6.0, 10.0, 8.0, 11.25 ] },
				"up": { "texture": "#isopod_ruberducky_v2", "uv": [ 0.0, 8.0, 2.0, 10.0 ], "rotation": 180 },
				"down": { "texture": "#isopod_ruberducky_v2", "uv": [ 2.0, 8.0, 4.0, 10.0 ] }
			},
			"children": [
				{
					"name": "WiggleBack",
					"from": [ 1.8, -0.25, 0.15 ],
					"to": [ 2.8, 0.85, 1.9 ],
					"uv": [ 8.0, 5.25 ],
					"rotationOrigin": [ 3.8, -0.2, 1.0 ],
					"rotationZ": -6.0,
					"faces": {
						"north": { "texture": "#isopod_ruberducky_v2", "uv": [ 8.0, 7.0, 9.0, 8.0 ] },
						"east": { "texture": "#isopod_ruberducky_v2", "uv": [ 9.0, 7.0, 10.75, 8.0 ] },
						"south": { "texture": "#isopod_ruberducky_v2", "uv": [ 10.75, 7.0, 11.75, 8.0 ] },
						"west": { "texture": "#isopod_ruberducky_v2", "uv": [ 11.75, 7.0, 13.5, 8.0 ] },
						"up": { "texture": "#isopod_ruberducky_v2", "uv": [ 8.0, 5.25, 9.0, 7.0 ] },
						"down": { "texture": "#isopod_ruberducky_v2", "uv": [ 9.0, 5.25, 10.0, 7.0 ] }
					}
				},
				{
					"name": "Bodypart3",
					"from": [ -0.5, 0.0, 0.15 ],
					"to": [ 0.5, 1.2, 1.9 ],
					"uv": [ 0.0, 0.0 ],
					"rotationOrigin": [ 0.5, 0.8, 1.0 ],
					"rotationZ": 6.0,
					"faces": {
					},
					"children": [
						{
							"name": "Head",
							"from": [ -0.25, 0.2, 0.24 ],
							"to": [ 0.75, 1.2, 1.49 ],
							"uv": [ 8.0, 1.25 ],
							"rotationOrigin": [ 0.5, 0.2, 0.86 ],
							"faces": {
								"north": { "texture": "#isopod_ruberducky_v2", "uv": [ 8.0, 2.5, 9.0, 3.5 ] },
								"east": { "texture": "#isopod_ruberducky_v2", "uv": [ 9.0, 2.5, 10.25, 3.5 ] },
								"south": { "texture": "#isopod_ruberducky_v2", "uv": [ 10.25, 2.5, 11.25, 3.5 ] },
								"west": { "texture": "#isopod_ruberducky_v2", "uv": [ 11.25, 2.5, 12.5, 3.5 ] },
								"up": { "texture": "#isopod_ruberducky_v2", "uv": [ 8.0, 1.25, 9.0, 2.5 ] },
								"down": { "texture": "#isopod_ruberducky_v2", "uv": [ 9.0, 1.25, 10.0, 2.5 ] }
							},
							"children": [
								{
									"name": "Snout",
									"from": [ -0.35, 0.0, -0.14 ],
									"to": [ 0.65, 0.25, 1.36 ],
									"uv": [ 8.0, 3.5 ],
									"rotationOrigin": [ 0.25, 0.0, 0.61 ],
									"faces": {
										"north": { "texture": "#isopod_ruberducky_v2", "uv": [ 8.0, 5.0, 9.0, 5.25 ] },
										"east": { "texture": "#isopod_ruberducky_v2", "uv": [ 9.0, 5.0, 10.5, 5.25 ] },
										"south": { "texture": "#isopod_ruberducky_v2", "uv": [ 10.5, 5.0, 11.5, 5.25 ] },
										"west": { "texture": "#isopod_ruberducky_v2", "uv": [ 11.5, 5.0, 13.0, 5.25 ] },
										"up": { "texture": "#isopod_ruberducky_v2", "uv": [ 8.0, 3.5, 9.0, 5.0 ] },
										"down": { "texture": "#isopod_ruberducky_v2", "uv": [ 9.0, 3.5, 10.0, 5.0 ] }
									}
								}
							]
						}
					]
				},
				{
					"name": "Leg_R",
					"from": [ 0.0, 0.0, -0.2 ],
					"to": [ 3.0, 0.1, 0.8 ],
					"uv": [ 0.0, 5.5 ],
					"rotationOrigin": [ 0.0, 0.0, 0.8 ],
					"rotationX": -8.0,
					"faces": {
						"north": { "texture": "#isopod_ruberducky_v2", "uv": [ 0.0, 6.5, 3.0, 6.75 ] },
						"east": { "texture": "#isopod_ruberducky_v2", "uv": [ 3.0, 6.5, 4.0, 6.75 ] },
						"south": { "texture": "#isopod_ruberducky_v2", "uv": [ 4.0, 6.5, 7.0, 6.75 ] },
						"west": { "texture": "#isopod_ruberducky_v2", "uv": [ 7.0, 6.5, 8.0, 6.75 ] },
						"up": { "texture": "#isopod_ruberducky_v2", "uv": [ 0.0, 5.5, 3.0, 6.5 ] },
						"down": { "texture": "#isopod_ruberducky_v2", "uv": [ 3.0, 5.5, 6.0, 6.5 ] }
					}
				},
				{
					"name": "Leg_L2",
					"from": [ 0.0, 0.0, 1.2 ],
					"to": [ 3.0, 0.1, 2.2 ],
					"uv": [ 0.0, 6.75 ],
					"rotationOrigin": [ 0.0, 0.0, 1.2 ],
					"rotationX": 8.0,
					"faces": {
						"north": { "texture": "#isopod_ruberducky_v2", "uv": [ 0.0, 7.75, 3.0, 8.0 ] },
						"east": { "texture": "#isopod_ruberducky_v2", "uv": [ 3.0, 7.75, 4.0, 8.0 ] },
						"south": { "texture": "#isopod_ruberducky_v2", "uv": [ 4.0, 7.75, 7.0, 8.0 ] },
						"west": { "texture": "#isopod_ruberducky_v2", "uv": [ 7.0, 7.75, 8.0, 8.0 ] },
						"up": { "texture": "#isopod_ruberducky_v2", "uv": [ 0.0, 6.75, 3.0, 7.75 ] },
						"down": { "texture": "#isopod_ruberducky_v2", "uv": [ 3.0, 6.75, 6.0, 7.75 ] }
					}
				}
			]
		}
	],
	"animations": [
		{
			"name": "Walk",
			"code": "walk",
			"quantityframes": 16,
			"onActivityStopped": "EaseOut",
			"onAnimationEnd": "Repeat",
			"keyframes": [
				{
					"frame": 6,
					"elements": {
						"Bodypart": { "offsetX": 0.0, "offsetY": 0.0, "offsetZ": 0.0, "rotationX": 3.0, "rotationY": 0.0, "rotationZ": 0.0 },
						"WiggleBack": { "rotationX": 3.0, "rotationY": 0.0, "rotationZ": 0.0 },
						"Head": { "offsetX": 0.0, "offsetY": 0.0, "offsetZ": 0.0, "rotationX": -3.0, "rotationY": -3.0, "rotationZ": 0.0 }
					}
				},
				{
					"frame": 13,
					"elements": {
						"Bodypart": { "offsetX": 0.0, "offsetY": 0.0, "offsetZ": 0.0, "rotationX": -3.0, "rotationY": 0.0, "rotationZ": 0.0 },
						"WiggleBack": { "rotationX": -3.0, "rotationY": 0.0, "rotationZ": 0.0 },
						"Head": { "offsetX": 0.0, "offsetY": 0.0, "offsetZ": 0.0, "rotationX": 3.0, "rotationY": 3.0, "rotationZ": 0.0 }
					}
				}
			]
		},

	]
}