{
	code: "sushiveg",
	maxstacksize: 32,
  	class: "ExpandedFood",
	attributes: {
		displaycaseable: true,
		shelvable: true,
		handbook: { "groupBy": [ "sushiveg-*" ] },
		expandedNutritionProps: {
			"game:salt": {saturation: 10, health: 0.5, foodcategory: "Grain"},
			"game:grain-rice": {saturation: 200, foodcategory: "Grain"},
			"game:pickledvegetable-cabbage": {saturation: 310, foodcategory: "Vegetable"},
			"expandedfoods:driedseaweed-edible": {saturation: 100, foodcategory: "Vegetable"},
			"expandedfoods:choppedvegetable-cabbage": {saturation: 460, foodcategory: "Vegetable"},
			"expandedfoods:choppedvegetable-pickledcarrot": {saturation: 125, foodcategory: "Vegetable"},
			"expandedfoods:choppedvegetable-pickledonion": {saturation: 125, foodcategory: "Vegetable"},
			"expandedfoods:choppedvegetable-pickledparsnip": {saturation: 125, foodcategory: "Vegetable"},
			"expandedfoods:choppedvegetable-pickledturnip": {saturation: 125, foodcategory: "Vegetable"},
			"expandedfoods:choppedvegetable-*": {saturation: 155, foodcategory: "Vegetable"},
			"expandedfoods:choppedmushroom-earthball": {saturation: 125, foodcategory: "Vegetable", health: -8},
			"expandedfoods:choppedmushroom-deathcap": {saturation: 125, foodcategory: "Vegetable", health: -50},
			"expandedfoods:choppedmushroom-funeralbell": {saturation: 125, foodcategory: "Vegetable", health: -40},
			"expandedfoods:choppedmushroom-elfinsaddle": {saturation: 125, foodcategory: "Vegetable", health: -7},
			"expandedfoods:choppedmushroom-jackolantern": {saturation: 125, foodcategory: "Vegetable", health: -6},
			"expandedfoods:choppedmushroom-devilsbolete": {saturation: 125, foodcategory: "Vegetable", health: -10},
			"expandedfoods:choppedmushroom-pinkbonnet": {saturation: 125, foodcategory: "Vegetable", health: -10},
			"expandedfoods:choppedmushroom-flyagaric": {saturation: 125, foodcategory: "Vegetable", health: -6.5},
			"expandedfoods:choppedmushroom-bitterbolete": {saturation: 125, foodcategory: "Vegetable", health: -3},
			"expandedfoods:choppedmushroom-devilstooth": {saturation: 125, foodcategory: "Vegetable", health: -2},
			"expandedfoods:choppedmushroom-golddropmilkcap": {saturation: 125, foodcategory: "Vegetable", health: -2.5},
			"expandedfoods:choppedmushroom-tinderhoof": {saturation: 0, foodcategory: "Vegetable"},
			"expandedfoods:choppedmushroom-*": {saturation: 125, foodcategory: "Vegetable"},
    		"expandedfoods:foodoilportion-*" : { saturation: 6.4, "health": 0.1, foodcategory: "Fruit" },
    		"expandedfoods:treesyrupportion-*" : { saturation: 9.6, "health": 0.1, foodcategory: "Fruit" },
    		"expandedfoods:fishsauce" : { saturation: 5, foodcategory: "Protein" },
    		"expandedfoods:soysauce" : { saturation: 6.4, "health": 0.1, foodcategory: "Protein" },
    		"game:honeyportion" : { saturation: 4, foodcategory: "Fruit" },
		},
		renderIngredientsByType: {
			"*-noveggie-nooil": {
				"game:grain-rice": { "shape": "expandedfoods:shapes/item/food/sushi/sushi.json", "textureMap": { "sushifilling": "sushirice" } },
			},
			"*-noveggie-oil": {
				"game:grain-rice": { "shape": "expandedfoods:shapes/item/food/sushi/sushi.json", "textureMap": { "sushifilling": "sushiricesauce" } },
			},
			"*-noveggie-honey": {
				"game:grain-rice": { "shape": "expandedfoods:shapes/item/food/sushi/sushi.json", "textureMap": { "sushifilling": "sushiricehoney" } },
			},
			"*-noveggie-peanut": {
				"game:grain-rice": { "shape": "expandedfoods:shapes/item/food/sushi/sushi.json", "textureMap": { "sushifilling": "sushiricepeanut" } },
			},
			"*-veggie-nooil": {
				"game:legume-soybean": { "shape": "expandedfoods:shapes/item/food/sushi/sushi.json", "textureMap": { "sushifilling": "sushisoybean" } },
				"game:pickledlegume-soybean": { "shape": "expandedfoods:shapes/item/food/sushi/sushi.json", "textureMap": { "sushifilling": "sushisoybean" } },
				"expandedfoods:choppedvegetable-pickledcarrot": { "shape": "expandedfoods:shapes/item/food/sushi/sushi.json", "textureMap": { "sushifilling": "sushicarrot" } },
				"expandedfoods:choppedvegetable-pickledonion": { "shape": "expandedfoods:shapes/item/food/sushi/sushi.json", "textureMap": { "sushifilling": "sushionion" } },
				"expandedfoods:choppedvegetable-pickledparsnip": { "shape": "expandedfoods:shapes/item/food/sushi/sushi.json", "textureMap": { "sushifilling": "sushiparsnip" } },
				"expandedfoods:choppedvegetable-pickledturnip": { "shape": "expandedfoods:shapes/item/food/sushi/sushi.json", "textureMap": { "sushifilling": "sushiturnip" } },
				"expandedfoods:choppedvegetable-pickledpumpkin": { "shape": "expandedfoods:shapes/item/food/sushi/sushi.json", "textureMap": { "sushifilling": "sushimushroomorange" } },
				"expandedfoods:choppedvegetable-*": { "shape": "expandedfoods:shapes/item/food/sushi/sushi.json", "name": "type", "textureMap": { "sushifilling": "sushi{type}" } },
				"game:pickledvegetable-cabbage": { "shape": "expandedfoods:shapes/item/food/sushi/sushi.json", "textureMap": { "sushifilling": "sushicabbage" } },
				"wildcraft:minerslettuce": { "shape": "expandedfoods:shapes/item/food/sushi/sushi.json", "textureMap": { "sushifilling": "sushicabbage" } },
				"expandedfoods:choppedmushroom-blacktrumpet": { "shape": "expandedfoods:shapes/item/food/sushi/sushi.json",  "textureMap": { "sushifilling": "sushimushroomblack" } },
				"expandedfoods:choppedmushroom-chanterelle": { "shape": "expandedfoods:shapes/item/food/sushi/sushi.json", "textureMap": { "sushifilling": "sushimushroomyellow" } },
				"expandedfoods:choppedmushroom-chickenofthewoods": { "shape": "expandedfoods:shapes/item/food/sushi/sushi.json", "textureMap": { "sushifilling": "sushimushroomyellow" } },
				"expandedfoods:choppedmushroom-golddropmilkcap": { "shape": "expandedfoods:shapes/item/food/sushi/sushi.json", "textureMap": { "sushifilling": "sushimushroomyellow" } },
				"expandedfoods:choppedmushroom-jackolantern": { "shape": "expandedfoods:shapes/item/food/sushi/sushi.json", "textureMap": { "sushifilling": "sushimushroomyellow" } },
				"expandedfoods:choppedmushroom-saffronmilkcap": { "shape": "expandedfoods:shapes/item/food/sushi/sushi.json", "textureMap": { "sushifilling": "sushimushroomyellow" } },
				"expandedfoods:choppedmushroom-beardedtooth": { "shape": "expandedfoods:shapes/item/food/sushi/sushi.json", "textureMap": { "sushifilling": "sushimushroomoffwhite" } },
				"expandedfoods:choppedmushroom-deathcap": { "shape": "expandedfoods:shapes/item/food/sushi/sushi.json", "textureMap": { "sushifilling": "sushimushroomoffwhite" } },
				"expandedfoods:choppedmushroom-livermushroom": { "shape": "expandedfoods:shapes/item/food/sushi/sushi.json", "textureMap": { "sushifilling": "sushimushroomoffwhite" } },
				"expandedfoods:choppedmushroom-puffball": { "shape": "expandedfoods:shapes/item/food/sushi/sushi.json", "textureMap": { "sushifilling": "sushimushroomoffwhite" } },
				"expandedfoods:choppedmushroom-whiteoyster": { "shape": "expandedfoods:shapes/item/food/sushi/sushi.json", "textureMap": { "sushifilling": "sushimushroomoffwhite" } },
				"expandedfoods:choppedmushroom-deerear": { "shape": "expandedfoods:shapes/item/food/sushi/sushi.json", "textureMap": { "sushifilling": "sushimushroomorange" } },
				"expandedfoods:choppedmushroom-devilbolete": { "shape": "expandedfoods:shapes/item/food/sushi/sushi.json", "textureMap": { "sushifilling": "sushimushroomorange" } },
				"expandedfoods:choppedmushroom-funeralbell": { "shape": "expandedfoods:shapes/item/food/sushi/sushi.json", "textureMap": { "sushifilling": "sushimushroomorange" } },
				"expandedfoods:choppedmushroom-orangeoakbolete": { "shape": "expandedfoods:shapes/item/food/sushi/sushi.json", "textureMap": { "sushifilling": "sushimushroomorange" } },
				"expandedfoods:choppedmushroom-devilstooth": { "shape": "expandedfoods:shapes/item/food/sushi/sushi.json", "textureMap": { "sushifilling": "sushimushroomdevilstooth" } },
				"expandedfoods:choppedmushroom-elfinsaddle": { "shape": "expandedfoods:shapes/item/food/sushi/sushi.json", "textureMap": { "sushifilling": "sushimushroomred" } },
				"expandedfoods:choppedmushroom-flyagaric": { "shape": "expandedfoods:shapes/item/food/sushi/sushi.json", "textureMap": { "sushifilling": "sushimushroomred" } },
				"expandedfoods:choppedmushroom-redwinecap": { "shape": "expandedfoods:shapes/item/food/sushi/sushi.json", "textureMap": { "sushifilling": "sushimushroomred" } },
				"expandedfoods:choppedmushroom-witchhat": { "shape": "expandedfoods:shapes/item/food/sushi/sushi.json", "textureMap": { "sushifilling": "sushimushroomred" } },
				"expandedfoods:choppedmushroom-greencrackedrussula": { "shape": "expandedfoods:shapes/item/food/sushi/sushi.json", "textureMap": { "sushifilling": "sushimushroomgreen" } },
				"expandedfoods:choppedmushroom-indigomilkcap": { "shape": "expandedfoods:shapes/item/food/sushi/sushi.json", "textureMap": { "sushifilling": "sushimushroomblue" } },
				"expandedfoods:choppedmushroom-tinderhoof": { "shape": "expandedfoods:shapes/item/food/sushi/sushi.json", "textureMap": { "sushifilling": "sushimushroomblue" } },
				"expandedfoods:choppedmushroom-lobster": { "shape": "expandedfoods:shapes/item/food/sushi/sushi.json", "textureMap": { "sushifilling": "sushimushroomlobster" } },
				"expandedfoods:choppedmushroom-pinkbonnet": { "shape": "expandedfoods:shapes/item/food/sushi/sushi.json", "textureMap": { "sushifilling": "sushimushroompink" } },
				"expandedfoods:choppedmushroom-pinkoyster": { "shape": "expandedfoods:shapes/item/food/sushi/sushi.json", "textureMap": { "sushifilling": "sushimushroompink" } },
				"expandedfoods:choppedmushroom-bitterbolete": { "shape": "expandedfoods:shapes/item/food/sushi/sushi.json", "textureMap": { "sushifilling": "sushimushroombrown" } },
				"expandedfoods:choppedmushroom-blackmushroom": { "shape": "expandedfoods:shapes/item/food/sushi/sushi.json", "textureMap": { "sushifilling": "sushimushroombrown" } },
				"expandedfoods:choppedmushroom-bolete": { "shape": "expandedfoods:shapes/item/food/sushi/sushi.json", "textureMap": { "sushifilling": "sushimushroombrown" } },
				"expandedfoods:choppedmushroom-commonmorel": { "shape": "expandedfoods:shapes/item/food/sushi/sushi.json", "textureMap": { "sushifilling": "sushimushroombrown" } },
				"expandedfoods:choppedmushroom-dryadsaddle": { "shape": "expandedfoods:shapes/item/food/sushi/sushi.json", "textureMap": { "sushifilling": "sushimushroombrown" } },
				"expandedfoods:choppedmushroom-earthball": { "shape": "expandedfoods:shapes/item/food/sushi/sushi.json", "textureMap": { "sushifilling": "sushimushroombrown" } },
				"expandedfoods:choppedmushroom-kingbolete": { "shape": "expandedfoods:shapes/item/food/sushi/sushi.json", "textureMap": { "sushifilling": "sushimushroombrown" } },
				"expandedfoods:choppedmushroom-reishi": { "shape": "expandedfoods:shapes/item/food/sushi/sushi.json", "textureMap": { "sushifilling": "sushimushroombrown" } },
				"expandedfoods:choppedmushroom-sagemushroom": { "shape": "expandedfoods:shapes/item/food/sushi/sushi.json", "textureMap": { "sushifilling": "sushimushroombrown" } },
				"expandedfoods:choppedmushroom-shiitake": { "shape": "expandedfoods:shapes/item/food/sushi/sushi.json", "textureMap": { "sushifilling": "sushimushroombrown" } },
				"expandedfoods:choppedmushroom-almondmushroom": { "shape": "expandedfoods:shapes/item/food/sushi/sushi.json", "textureMap": { "sushifilling": "sushimushroomwhite" } },
				"expandedfoods:choppedmushroom-fieldmushroom": { "shape": "expandedfoods:shapes/item/food/sushi/sushi.json", "textureMap": { "sushifilling": "sushimushroomwhite" } },
				"expandedfoods:choppedmushroom-paddystraw": { "shape": "expandedfoods:shapes/item/food/sushi/sushi.json", "textureMap": { "sushifilling": "sushimushroomwhite" } },
				"expandedfoods:choppedmushroom-violetwebcap": { "shape": "expandedfoods:shapes/item/food/sushi/sushi.json", "textureMap": { "sushifilling": "sushimushroompurple" } },
			},
			"*-veggie-oil": {
				"game:legume-soybean": { "shape": "expandedfoods:shapes/item/food/sushi/sushi.json", "textureMap": { "sushifilling": "sushisoybeansauce" } },
				"game:pickledlegume-soybean": { "shape": "expandedfoods:shapes/item/food/sushi/sushi.json", "textureMap": { "sushifilling": "sushisoybeansauce" } },
				"expandedfoods:choppedvegetable-pickledcarrot": { "shape": "expandedfoods:shapes/item/food/sushi/sushi.json", "textureMap": { "sushifilling": "sushicarrotsauce" } },
				"expandedfoods:choppedvegetable-pickledonion": { "shape": "expandedfoods:shapes/item/food/sushi/sushi.json", "textureMap": { "sushifilling": "sushionionsauce" } },
				"expandedfoods:choppedvegetable-pickledparsnip": { "shape": "expandedfoods:shapes/item/food/sushi/sushi.json", "textureMap": { "sushifilling": "sushiparsnipsauce" } },
				"expandedfoods:choppedvegetable-pickledturnip": { "shape": "expandedfoods:shapes/item/food/sushi/sushi.json", "textureMap": { "sushifilling": "sushiturnipsauce" } },
				"expandedfoods:choppedvegetable-pickledpumpkin": { "shape": "expandedfoods:shapes/item/food/sushi/sushi.json", "textureMap": { "sushifilling": "sushimushroomorangesauce" } },
				"expandedfoods:choppedvegetable-*": { "shape": "expandedfoods:shapes/item/food/sushi/sushi.json", "name": "type", "textureMap": { "sushifilling": "sushi{type}sauce" } },
				"game:pickledvegetable-cabbage": { "shape": "expandedfoods:shapes/item/food/sushi/sushi.json", "textureMap": { "sushifilling": "sushicabbagesauce" } },
				"wildcraft:minerslettuce": { "shape": "expandedfoods:shapes/item/food/sushi/sushi.json", "textureMap": { "sushifilling": "sushicabbagesauce" } },
				"expandedfoods:choppedmushroom-blacktrumpet": { "shape": "expandedfoods:shapes/item/food/sushi/sushi.json", "textureMap": { "sushifilling": "sushimushroomblacksauce" } },
				"expandedfoods:choppedmushroom-chanterelle": { "shape": "expandedfoods:shapes/item/food/sushi/sushi.json", "textureMap": { "sushifilling": "sushimushroomyellowsauce" } },
				"expandedfoods:choppedmushroom-chickenofthewoods": { "shape": "expandedfoods:shapes/item/food/sushi/sushi.json", "textureMap": { "sushifilling": "sushimushroomyellowsauce" } },
				"expandedfoods:choppedmushroom-golddropmilkcap": { "shape": "expandedfoods:shapes/item/food/sushi/sushi.json", "textureMap": { "sushifilling": "sushimushroomyellowsauce" } },
				"expandedfoods:choppedmushroom-jackolantern": { "shape": "expandedfoods:shapes/item/food/sushi/sushi.json", "textureMap": { "sushifilling": "sushimushroomyellowsauce" } },
				"expandedfoods:choppedmushroom-saffronmilkcap": { "shape": "expandedfoods:shapes/item/food/sushi/sushi.json", "textureMap": { "sushifilling": "sushimushroomyellowsauce" } },
				"expandedfoods:choppedmushroom-beardedtooth": { "shape": "expandedfoods:shapes/item/food/sushi/sushi.json", "textureMap": { "sushifilling": "sushimushroomoffwhitesauce" } },
				"expandedfoods:choppedmushroom-deathcap": { "shape": "expandedfoods:shapes/item/food/sushi/sushi.json", "textureMap": { "sushifilling": "sushimushroomoffwhitesauce" } },
				"expandedfoods:choppedmushroom-livermushroom": { "shape": "expandedfoods:shapes/item/food/sushi/sushi.json", "textureMap": { "sushifilling": "sushimushroomoffwhitesauce" } },
				"expandedfoods:choppedmushroom-puffball": { "shape": "expandedfoods:shapes/item/food/sushi/sushi.json", "textureMap": { "sushifilling": "sushimushroomoffwhitesauce" } },
				"expandedfoods:choppedmushroom-whiteoyster": { "shape": "expandedfoods:shapes/item/food/sushi/sushi.json", "textureMap": { "sushifilling": "sushimushroomoffwhitesauce" } },
				"expandedfoods:choppedmushroom-deerear": { "shape": "expandedfoods:shapes/item/food/sushi/sushi.json", "textureMap": { "sushifilling": "sushimushroomorangesauce" } },
				"expandedfoods:choppedmushroom-devilbolete": { "shape": "expandedfoods:shapes/item/food/sushi/sushi.json", "textureMap": { "sushifilling": "sushimushroomorangesauce" } },
				"expandedfoods:choppedmushroom-funeralbell": { "shape": "expandedfoods:shapes/item/food/sushi/sushi.json", "textureMap": { "sushifilling": "sushimushroomorangesauce" } },
				"expandedfoods:choppedmushroom-orangeoakbolete": { "shape": "expandedfoods:shapes/item/food/sushi/sushi.json", "textureMap": { "sushifilling": "sushimushroomorangesauce" } },
				"expandedfoods:choppedmushroom-devilstooth": { "shape": "expandedfoods:shapes/item/food/sushi/sushi.json", "textureMap": { "sushifilling": "sushimushroomdevilstoothsauce" } },
				"expandedfoods:choppedmushroom-elfinsaddle": { "shape": "expandedfoods:shapes/item/food/sushi/sushi.json", "textureMap": { "sushifilling": "sushimushroomredsauce" } },
				"expandedfoods:choppedmushroom-flyagaric": { "shape": "expandedfoods:shapes/item/food/sushi/sushi.json", "textureMap": { "sushifilling": "sushimushroomredsauce" } },
				"expandedfoods:choppedmushroom-redwinecap": { "shape": "expandedfoods:shapes/item/food/sushi/sushi.json", "textureMap": { "sushifilling": "sushimushroomredsauce" } },
				"expandedfoods:choppedmushroom-witchhat": { "shape": "expandedfoods:shapes/item/food/sushi/sushi.json", "textureMap": { "sushifilling": "sushimushroomredsauce" } },
				"expandedfoods:choppedmushroom-greencrackedrussula": { "shape": "expandedfoods:shapes/item/food/sushi/sushi.json", "textureMap": { "sushifilling": "sushimushroomgreensauce" } },
				"expandedfoods:choppedmushroom-indigomilkcap": { "shape": "expandedfoods:shapes/item/food/sushi/sushi.json", "textureMap": { "sushifilling": "sushimushroombluesauce" } },
				"expandedfoods:choppedmushroom-tinderhoof": { "shape": "expandedfoods:shapes/item/food/sushi/sushi.json", "textureMap": { "sushifilling": "sushimushroombluesauce" } },
				"expandedfoods:choppedmushroom-lobster": { "shape": "expandedfoods:shapes/item/food/sushi/sushi.json", "textureMap": { "sushifilling": "sushimushroomlobstersauce" } },
				"expandedfoods:choppedmushroom-pinkbonnet": { "shape": "expandedfoods:shapes/item/food/sushi/sushi.json", "textureMap": { "sushifilling": "sushimushroompinksauce" } },
				"expandedfoods:choppedmushroom-pinkoyster": { "shape": "expandedfoods:shapes/item/food/sushi/sushi.json", "textureMap": { "sushifilling": "sushimushroompinksauce" } },
				"expandedfoods:choppedmushroom-bitterbolete": { "shape": "expandedfoods:shapes/item/food/sushi/sushi.json", "textureMap": { "sushifilling": "sushimushroombrownsauce" } },
				"expandedfoods:choppedmushroom-blackmushroom": { "shape": "expandedfoods:shapes/item/food/sushi/sushi.json", "textureMap": { "sushifilling": "sushimushroombrownsauce" } },
				"expandedfoods:choppedmushroom-bolete": { "shape": "expandedfoods:shapes/item/food/sushi/sushi.json", "textureMap": { "sushifilling": "sushimushroombrownsauce" } },
				"expandedfoods:choppedmushroom-commonmorel": { "shape": "expandedfoods:shapes/item/food/sushi/sushi.json", "textureMap": { "sushifilling": "sushimushroombrownsauce" } },
				"expandedfoods:choppedmushroom-dryadsaddle": { "shape": "expandedfoods:shapes/item/food/sushi/sushi.json", "textureMap": { "sushifilling": "sushimushroombrownsauce" } },
				"expandedfoods:choppedmushroom-earthball": { "shape": "expandedfoods:shapes/item/food/sushi/sushi.json", "textureMap": { "sushifilling": "sushimushroombrownsauce" } },
				"expandedfoods:choppedmushroom-kingbolete": { "shape": "expandedfoods:shapes/item/food/sushi/sushi.json", "textureMap": { "sushifilling": "sushimushroombrownsauce" } },
				"expandedfoods:choppedmushroom-reishi": { "shape": "expandedfoods:shapes/item/food/sushi/sushi.json", "textureMap": { "sushifilling": "sushimushroombrownsauce" } },
				"expandedfoods:choppedmushroom-sagemushroom": { "shape": "expandedfoods:shapes/item/food/sushi/sushi.json", "textureMap": { "sushifilling": "sushimushroombrownsauce" } },
				"expandedfoods:choppedmushroom-shiitake": { "shape": "expandedfoods:shapes/item/food/sushi/sushi.json", "textureMap": { "sushifilling": "sushimushroombrownsauce" } },
				"expandedfoods:choppedmushroom-almondmushroom": { "shape": "expandedfoods:shapes/item/food/sushi/sushi.json", "textureMap": { "sushifilling": "sushimushroomwhitesauce" } },
				"expandedfoods:choppedmushroom-fieldmushroom": { "shape": "expandedfoods:shapes/item/food/sushi/sushi.json", "textureMap": { "sushifilling": "sushimushroomwhitesauce" } },
				"expandedfoods:choppedmushroom-paddystraw": { "shape": "expandedfoods:shapes/item/food/sushi/sushi.json", "textureMap": { "sushifilling": "sushimushroomwhitesauce" } },
				"expandedfoods:choppedmushroom-violetwebcap": { "shape": "expandedfoods:shapes/item/food/sushi/sushi.json", "textureMap": { "sushifilling": "sushimushroompurplesauce" } },
			},
			"*-veggie-honey": {
				"game:legume-soybean": { "shape": "expandedfoods:shapes/item/food/sushi/sushi.json", "textureMap": { "sushifilling": "sushisoybeanhoney" } },
				"game:pickledlegume-soybean": { "shape": "expandedfoods:shapes/item/food/sushi/sushi.json", "textureMap": { "sushifilling": "sushisoybeanhoney" } },
				"expandedfoods:choppedvegetable-pickledcarrot": { "shape": "expandedfoods:shapes/item/food/sushi/sushi.json", "textureMap": { "sushifilling": "sushicarrothoney" } },
				"expandedfoods:choppedvegetable-pickledonion": { "shape": "expandedfoods:shapes/item/food/sushi/sushi.json", "textureMap": { "sushifilling": "sushionionhoney" } },
				"expandedfoods:choppedvegetable-pickledparsnip": { "shape": "expandedfoods:shapes/item/food/sushi/sushi.json", "textureMap": { "sushifilling": "sushiparsniphoney" } },
				"expandedfoods:choppedvegetable-pickledturnip": { "shape": "expandedfoods:shapes/item/food/sushi/sushi.json", "textureMap": { "sushifilling": "sushiturniphoney" } },
				"expandedfoods:choppedvegetable-pickledpumpkin": { "shape": "expandedfoods:shapes/item/food/sushi/sushi.json", "textureMap": { "sushifilling": "sushimushroomorangehoney" } },
				"expandedfoods:choppedvegetable-*": { "shape": "expandedfoods:shapes/item/food/sushi/sushi.json", "name": "type", "textureMap": { "sushifilling": "sushi{type}honey" } },
				"game:pickledvegetable-cabbage": { "shape": "expandedfoods:shapes/item/food/sushi/sushi.json", "textureMap": { "sushifilling": "sushicabbagehoney" } },
				"wildcraft:minerslettuce": { "shape": "expandedfoods:shapes/item/food/sushi/sushi.json", "textureMap": { "sushifilling": "sushicabbagehoney" } },
				"expandedfoods:choppedmushroom-blacktrumpet": { "shape": "expandedfoods:shapes/item/food/sushi/sushi.json", "textureMap": { "sushifilling": "sushimushroomblackhoney" } },
				"expandedfoods:choppedmushroom-chanterelle": { "shape": "expandedfoods:shapes/item/food/sushi/sushi.json", "textureMap": { "sushifilling": "sushimushroomyellowhoney" } },
				"expandedfoods:choppedmushroom-chickenofthewoods": { "shape": "expandedfoods:shapes/item/food/sushi/sushi.json", "textureMap": { "sushifilling": "sushimushroomyellowhoney" } },
				"expandedfoods:choppedmushroom-golddropmilkcap": { "shape": "expandedfoods:shapes/item/food/sushi/sushi.json", "textureMap": { "sushifilling": "sushimushroomyellowhoney" } },
				"expandedfoods:choppedmushroom-jackolantern": { "shape": "expandedfoods:shapes/item/food/sushi/sushi.json", "textureMap": { "sushifilling": "sushimushroomyellowhoney" } },
				"expandedfoods:choppedmushroom-saffronmilkcap": { "shape": "expandedfoods:shapes/item/food/sushi/sushi.json", "textureMap": { "sushifilling": "sushimushroomyellowhoney" } },
				"expandedfoods:choppedmushroom-beardedtooth": { "shape": "expandedfoods:shapes/item/food/sushi/sushi.json", "textureMap": { "sushifilling": "sushimushroomoffwhitehoney" } },
				"expandedfoods:choppedmushroom-deathcap": { "shape": "expandedfoods:shapes/item/food/sushi/sushi.json", "textureMap": { "sushifilling": "sushimushroomoffwhitehoney" } },
				"expandedfoods:choppedmushroom-livermushroom": { "shape": "expandedfoods:shapes/item/food/sushi/sushi.json", "textureMap": { "sushifilling": "sushimushroomoffwhitehoney" } },
				"expandedfoods:choppedmushroom-puffball": { "shape": "expandedfoods:shapes/item/food/sushi/sushi.json", "textureMap": { "sushifilling": "sushimushroomoffwhitehoney" } },
				"expandedfoods:choppedmushroom-whiteoyster": { "shape": "expandedfoods:shapes/item/food/sushi/sushi.json", "textureMap": { "sushifilling": "sushimushroomoffwhitehoney" } },
				"expandedfoods:choppedmushroom-deerear": { "shape": "expandedfoods:shapes/item/food/sushi/sushi.json", "textureMap": { "sushifilling": "sushimushroomorangehoney" } },
				"expandedfoods:choppedmushroom-devilbolete": { "shape": "expandedfoods:shapes/item/food/sushi/sushi.json", "textureMap": { "sushifilling": "sushimushroomorangehoney" } },
				"expandedfoods:choppedmushroom-funeralbell": { "shape": "expandedfoods:shapes/item/food/sushi/sushi.json", "textureMap": { "sushifilling": "sushimushroomorangehoney" } },
				"expandedfoods:choppedmushroom-orangeoakbolete": { "shape": "expandedfoods:shapes/item/food/sushi/sushi.json", "textureMap": { "sushifilling": "sushimushroomorangehoney" } },
				"expandedfoods:choppedmushroom-devilstooth": { "shape": "expandedfoods:shapes/item/food/sushi/sushi.json", "textureMap": { "sushifilling": "sushimushroomdevilstoothhoney" } },
				"expandedfoods:choppedmushroom-elfinsaddle": { "shape": "expandedfoods:shapes/item/food/sushi/sushi.json", "textureMap": { "sushifilling": "sushimushroomredhoney" } },
				"expandedfoods:choppedmushroom-flyagaric": { "shape": "expandedfoods:shapes/item/food/sushi/sushi.json", "textureMap": { "sushifilling": "sushimushroomredhoney" } },
				"expandedfoods:choppedmushroom-redwinecap": { "shape": "expandedfoods:shapes/item/food/sushi/sushi.json", "textureMap": { "sushifilling": "sushimushroomredhoney" } },
				"expandedfoods:choppedmushroom-witchhat": { "shape": "expandedfoods:shapes/item/food/sushi/sushi.json", "textureMap": { "sushifilling": "sushimushroomredhoney" } },
				"expandedfoods:choppedmushroom-greencrackedrussula": { "shape": "expandedfoods:shapes/item/food/sushi/sushi.json", "textureMap": { "sushifilling": "sushimushroomgreenhoney" } },
				"expandedfoods:choppedmushroom-indigomilkcap": { "shape": "expandedfoods:shapes/item/food/sushi/sushi.json", "textureMap": { "sushifilling": "sushimushroombluehoney" } },
				"expandedfoods:choppedmushroom-tinderhoof": { "shape": "expandedfoods:shapes/item/food/sushi/sushi.json", "textureMap": { "sushifilling": "sushimushroombluehoney" } },
				"expandedfoods:choppedmushroom-lobster": { "shape": "expandedfoods:shapes/item/food/sushi/sushi.json", "textureMap": { "sushifilling": "sushimushroomlobsterhoney" } },
				"expandedfoods:choppedmushroom-pinkbonnet": { "shape": "expandedfoods:shapes/item/food/sushi/sushi.json", "textureMap": { "sushifilling": "sushimushroompinkhoney" } },
				"expandedfoods:choppedmushroom-pinkoyster": { "shape": "expandedfoods:shapes/item/food/sushi/sushi.json", "textureMap": { "sushifilling": "sushimushroompinkhoney" } },
				"expandedfoods:choppedmushroom-bitterbolete": { "shape": "expandedfoods:shapes/item/food/sushi/sushi.json", "textureMap": { "sushifilling": "sushimushroombrownhoney" } },
				"expandedfoods:choppedmushroom-blackmushroom": { "shape": "expandedfoods:shapes/item/food/sushi/sushi.json", "textureMap": { "sushifilling": "sushimushroombrownhoney" } },
				"expandedfoods:choppedmushroom-bolete": { "shape": "expandedfoods:shapes/item/food/sushi/sushi.json", "textureMap": { "sushifilling": "sushimushroombrownhoney" } },
				"expandedfoods:choppedmushroom-commonmorel": { "shape": "expandedfoods:shapes/item/food/sushi/sushi.json", "textureMap": { "sushifilling": "sushimushroombrownhoney" } },
				"expandedfoods:choppedmushroom-dryadsaddle": { "shape": "expandedfoods:shapes/item/food/sushi/sushi.json", "textureMap": { "sushifilling": "sushimushroombrownhoney" } },
				"expandedfoods:choppedmushroom-earthball": { "shape": "expandedfoods:shapes/item/food/sushi/sushi.json", "textureMap": { "sushifilling": "sushimushroombrownhoney" } },
				"expandedfoods:choppedmushroom-kingbolete": { "shape": "expandedfoods:shapes/item/food/sushi/sushi.json", "textureMap": { "sushifilling": "sushimushroombrownhoney" } },
				"expandedfoods:choppedmushroom-reishi": { "shape": "expandedfoods:shapes/item/food/sushi/sushi.json", "textureMap": { "sushifilling": "sushimushroombrownhoney" } },
				"expandedfoods:choppedmushroom-sagemushroom": { "shape": "expandedfoods:shapes/item/food/sushi/sushi.json", "textureMap": { "sushifilling": "sushimushroombrownhoney" } },
				"expandedfoods:choppedmushroom-shiitake": { "shape": "expandedfoods:shapes/item/food/sushi/sushi.json", "textureMap": { "sushifilling": "sushimushroombrownhoney" } },
				"expandedfoods:choppedmushroom-almondmushroom": { "shape": "expandedfoods:shapes/item/food/sushi/sushi.json", "textureMap": { "sushifilling": "sushimushroomwhitehoney" } },
				"expandedfoods:choppedmushroom-fieldmushroom": { "shape": "expandedfoods:shapes/item/food/sushi/sushi.json", "textureMap": { "sushifilling": "sushimushroomwhitehoney" } },
				"expandedfoods:choppedmushroom-paddystraw": { "shape": "expandedfoods:shapes/item/food/sushi/sushi.json", "textureMap": { "sushifilling": "sushimushroomwhitehoney" } },
				"expandedfoods:choppedmushroom-violetwebcap": { "shape": "expandedfoods:shapes/item/food/sushi/sushi.json", "textureMap": { "sushifilling": "sushimushroompurplehoney" } },
			},
			"*-veggie-peanut": {
				"game:legume-soybean": { "shape": "expandedfoods:shapes/item/food/sushi/sushi.json", "textureMap": { "sushifilling": "sushisoybeanpeanut" } },
				"game:pickledlegume-soybean": { "shape": "expandedfoods:shapes/item/food/sushi/sushi.json", "textureMap": { "sushifilling": "sushisoybeanpeanut" } },
				"expandedfoods:choppedvegetable-pickledcarrot": { "shape": "expandedfoods:shapes/item/food/sushi/sushi.json", "textureMap": { "sushifilling": "sushicarrotpeanut" } },
				"expandedfoods:choppedvegetable-pickledonion": { "shape": "expandedfoods:shapes/item/food/sushi/sushi.json", "textureMap": { "sushifilling": "sushionionpeanut" } },
				"expandedfoods:choppedvegetable-pickledparsnip": { "shape": "expandedfoods:shapes/item/food/sushi/sushi.json", "textureMap": { "sushifilling": "sushiparsnippeanut" } },
				"expandedfoods:choppedvegetable-pickledturnip": { "shape": "expandedfoods:shapes/item/food/sushi/sushi.json", "textureMap": { "sushifilling": "sushiturnippeanut" } },
				"expandedfoods:choppedvegetable-pickledpumpkin": { "shape": "expandedfoods:shapes/item/food/sushi/sushi.json", "textureMap": { "sushifilling": "sushimushroomorangepeanut" } },
				"expandedfoods:choppedvegetable-*": { "shape": "expandedfoods:shapes/item/food/sushi/sushi.json", "name": "type", "textureMap": { "sushifilling": "sushi{type}peanut" } },
				"game:pickledvegetable-cabbage": { "shape": "expandedfoods:shapes/item/food/sushi/sushi.json", "textureMap": { "sushifilling": "sushicabbagepeanut" } },
				"wildcraft:minerslettuce": { "shape": "expandedfoods:shapes/item/food/sushi/sushi.json", "textureMap": { "sushifilling": "sushicabbagepeanut" } },
				"expandedfoods:choppedmushroom-blacktrumpet": { "shape": "expandedfoods:shapes/item/food/sushi/sushi.json", "textureMap": { "sushifilling": "sushimushroomblackpeanut" } },
				"expandedfoods:choppedmushroom-chanterelle": { "shape": "expandedfoods:shapes/item/food/sushi/sushi.json", "textureMap": { "sushifilling": "sushimushroomyellowpeanut" } },
				"expandedfoods:choppedmushroom-chickenofthewoods": { "shape": "expandedfoods:shapes/item/food/sushi/sushi.json", "textureMap": { "sushifilling": "sushimushroomyellowpeanut" } },
				"expandedfoods:choppedmushroom-golddropmilkcap": { "shape": "expandedfoods:shapes/item/food/sushi/sushi.json", "textureMap": { "sushifilling": "sushimushroomyellowpeanut" } },
				"expandedfoods:choppedmushroom-jackolantern": { "shape": "expandedfoods:shapes/item/food/sushi/sushi.json", "textureMap": { "sushifilling": "sushimushroomyellowpeanut" } },
				"expandedfoods:choppedmushroom-saffronmilkcap": { "shape": "expandedfoods:shapes/item/food/sushi/sushi.json", "textureMap": { "sushifilling": "sushimushroomyellowpeanut" } },
				"expandedfoods:choppedmushroom-beardedtooth": { "shape": "expandedfoods:shapes/item/food/sushi/sushi.json", "textureMap": { "sushifilling": "sushimushroomoffwhitepeanut" } },
				"expandedfoods:choppedmushroom-deathcap": { "shape": "expandedfoods:shapes/item/food/sushi/sushi.json", "textureMap": { "sushifilling": "sushimushroomoffwhitepeanut" } },
				"expandedfoods:choppedmushroom-livermushroom": { "shape": "expandedfoods:shapes/item/food/sushi/sushi.json", "textureMap": { "sushifilling": "sushimushroomoffwhitepeanut" } },
				"expandedfoods:choppedmushroom-puffball": { "shape": "expandedfoods:shapes/item/food/sushi/sushi.json", "textureMap": { "sushifilling": "sushimushroomoffwhitepeanut" } },
				"expandedfoods:choppedmushroom-whiteoyster": { "shape": "expandedfoods:shapes/item/food/sushi/sushi.json", "textureMap": { "sushifilling": "sushimushroomoffwhitepeanut" } },
				"expandedfoods:choppedmushroom-deerear": { "shape": "expandedfoods:shapes/item/food/sushi/sushi.json", "textureMap": { "sushifilling": "sushimushroomorangepeanut" } },
				"expandedfoods:choppedmushroom-devilbolete": { "shape": "expandedfoods:shapes/item/food/sushi/sushi.json", "textureMap": { "sushifilling": "sushimushroomorangepeanut" } },
				"expandedfoods:choppedmushroom-funeralbell": { "shape": "expandedfoods:shapes/item/food/sushi/sushi.json", "textureMap": { "sushifilling": "sushimushroomorangepeanut" } },
				"expandedfoods:choppedmushroom-orangeoakbolete": { "shape": "expandedfoods:shapes/item/food/sushi/sushi.json", "textureMap": { "sushifilling": "sushimushroomorangepeanut" } },
				"expandedfoods:choppedmushroom-devilstooth": { "shape": "expandedfoods:shapes/item/food/sushi/sushi.json", "textureMap": { "sushifilling": "sushimushroomdevilstoothpeanut" } },
				"expandedfoods:choppedmushroom-elfinsaddle": { "shape": "expandedfoods:shapes/item/food/sushi/sushi.json", "textureMap": { "sushifilling": "sushimushroomredpeanut" } },
				"expandedfoods:choppedmushroom-flyagaric": { "shape": "expandedfoods:shapes/item/food/sushi/sushi.json", "textureMap": { "sushifilling": "sushimushroomredpeanut" } },
				"expandedfoods:choppedmushroom-redwinecap": { "shape": "expandedfoods:shapes/item/food/sushi/sushi.json", "textureMap": { "sushifilling": "sushimushroomredpeanut" } },
				"expandedfoods:choppedmushroom-witchhat": { "shape": "expandedfoods:shapes/item/food/sushi/sushi.json", "textureMap": { "sushifilling": "sushimushroomredpeanut" } },
				"expandedfoods:choppedmushroom-greencrackedrussula": { "shape": "expandedfoods:shapes/item/food/sushi/sushi.json", "textureMap": { "sushifilling": "sushimushroomgreenpeanut" } },
				"expandedfoods:choppedmushroom-indigomilkcap": { "shape": "expandedfoods:shapes/item/food/sushi/sushi.json", "textureMap": { "sushifilling": "sushimushroombluepeanut" } },
				"expandedfoods:choppedmushroom-tinderhoof": { "shape": "expandedfoods:shapes/item/food/sushi/sushi.json", "textureMap": { "sushifilling": "sushimushroombluepeanut" } },
				"expandedfoods:choppedmushroom-lobster": { "shape": "expandedfoods:shapes/item/food/sushi/sushi.json", "textureMap": { "sushifilling": "sushimushroomlobsterpeanut" } },
				"expandedfoods:choppedmushroom-pinkbonnet": { "shape": "expandedfoods:shapes/item/food/sushi/sushi.json", "textureMap": { "sushifilling": "sushimushroompinkpeanut" } },
				"expandedfoods:choppedmushroom-pinkoyster": { "shape": "expandedfoods:shapes/item/food/sushi/sushi.json", "textureMap": { "sushifilling": "sushimushroompinkpeanut" } },
				"expandedfoods:choppedmushroom-bitterbolete": { "shape": "expandedfoods:shapes/item/food/sushi/sushi.json", "textureMap": { "sushifilling": "sushimushroombrownpeanut" } },
				"expandedfoods:choppedmushroom-blackmushroom": { "shape": "expandedfoods:shapes/item/food/sushi/sushi.json", "textureMap": { "sushifilling": "sushimushroombrownpeanut" } },
				"expandedfoods:choppedmushroom-bolete": { "shape": "expandedfoods:shapes/item/food/sushi/sushi.json", "textureMap": { "sushifilling": "sushimushroombrownpeanut" } },
				"expandedfoods:choppedmushroom-commonmorel": { "shape": "expandedfoods:shapes/item/food/sushi/sushi.json", "textureMap": { "sushifilling": "sushimushroombrownpeanut" } },
				"expandedfoods:choppedmushroom-dryadsaddle": { "shape": "expandedfoods:shapes/item/food/sushi/sushi.json", "textureMap": { "sushifilling": "sushimushroombrownpeanut" } },
				"expandedfoods:choppedmushroom-earthball": { "shape": "expandedfoods:shapes/item/food/sushi/sushi.json", "textureMap": { "sushifilling": "sushimushroombrownpeanut" } },
				"expandedfoods:choppedmushroom-kingbolete": { "shape": "expandedfoods:shapes/item/food/sushi/sushi.json", "textureMap": { "sushifilling": "sushimushroombrownpeanut" } },
				"expandedfoods:choppedmushroom-reishi": { "shape": "expandedfoods:shapes/item/food/sushi/sushi.json", "textureMap": { "sushifilling": "sushimushroombrownpeanut" } },
				"expandedfoods:choppedmushroom-sagemushroom": { "shape": "expandedfoods:shapes/item/food/sushi/sushi.json", "textureMap": { "sushifilling": "sushimushroombrownpeanut" } },
				"expandedfoods:choppedmushroom-shiitake": { "shape": "expandedfoods:shapes/item/food/sushi/sushi.json", "textureMap": { "sushifilling": "sushimushroombrownpeanut" } },
				"expandedfoods:choppedmushroom-almondmushroom": { "shape": "expandedfoods:shapes/item/food/sushi/sushi.json", "textureMap": { "sushifilling": "sushimushroomwhitepeanut" } },
				"expandedfoods:choppedmushroom-fieldmushroom": { "shape": "expandedfoods:shapes/item/food/sushi/sushi.json", "textureMap": { "sushifilling": "sushimushroomwhitepeanut" } },
				"expandedfoods:choppedmushroom-paddystraw": { "shape": "expandedfoods:shapes/item/food/sushi/sushi.json", "textureMap": { "sushifilling": "sushimushroomwhitepeanut" } },
				"expandedfoods:choppedmushroom-violetwebcap": { "shape": "expandedfoods:shapes/item/food/sushi/sushi.json", "textureMap": { "sushifilling": "sushimushroompurplepeanut" } },
			},
		},
	},
	variantgroups: [
		{ code: "veggie", states: ["noveggie", "veggie"] },
		{ code: "oiled", states: ["nooil", "oil", "honey", "peanut"]},
	],
	materialDensity: 150,
	shape: { base: "item/food/sushi/sushi"},
  	texturesByType: {
		"*": {
			sushibellpepper: { base: "expandedfoods:item/food/sushi/vegetarian/sushibellpepper"},
			sushibellpeppersauce: { base: "expandedfoods:item/food/sushi/vegetarian/sushibellpeppersauce"},
			sushibellpepperhoney: { base: "expandedfoods:item/food/sushi/vegetarian/sushibellpepperhoney"},
			sushibellpepperpeanut: { base: "expandedfoods:item/food/sushi/vegetarian/sushibellpepperpeanut"},
			sushicabbage: { base: "expandedfoods:item/food/sushi/vegetarian/sushicabbage"},
			sushicabbagesauce: { base: "expandedfoods:item/food/sushi/vegetarian/sushicabbagesauce"},
			sushicabbagehoney: { base: "expandedfoods:item/food/sushi/vegetarian/sushicabbagehoney"},
			sushicabbagepeanut: { base: "expandedfoods:item/food/sushi/vegetarian/sushicabbagepeanut"},
			sushicarrot: { base: "expandedfoods:item/food/sushi/vegetarian/sushicarrot"},
			sushicarrotsauce: { base: "expandedfoods:item/food/sushi/vegetarian/sushicarrotsauce"},
			sushicarrothoney: { base: "expandedfoods:item/food/sushi/vegetarian/sushicarrothoney"},
			sushicarrotpeanut: { base: "expandedfoods:item/food/sushi/vegetarian/sushicarrotpeanut"},
			sushicassava: { base: "expandedfoods:item/food/sushi/vegetarian/sushicassava"},
			sushicassavasauce: { base: "expandedfoods:item/food/sushi/vegetarian/sushicassavasauce"},
			sushicassavahoney: { base: "expandedfoods:item/food/sushi/vegetarian/sushicassavahoney"},
			sushicassavapeanut: { base: "expandedfoods:item/food/sushi/vegetarian/sushicassavapeanut"},
			sushimushroomblack: { base: "expandedfoods:item/food/sushi/vegetarian/sushimushroomblack"},
			sushimushroomblacksauce: { base: "expandedfoods:item/food/sushi/vegetarian/sushimushroomblacksauce"},
			sushimushroomblackhoney: { base: "expandedfoods:item/food/sushi/vegetarian/sushimushroomblackhoney"},
			sushimushroomblackpeanut: { base: "expandedfoods:item/food/sushi/vegetarian/sushimushroomblackpeanut"},
			sushimushroomblue: { base: "expandedfoods:item/food/sushi/vegetarian/sushimushroomblue"},
			sushimushroombluesauce: { base: "expandedfoods:item/food/sushi/vegetarian/sushimushroombluesauce"},
			sushimushroombluehoney: { base: "expandedfoods:item/food/sushi/vegetarian/sushimushroombluehoney"},
			sushimushroombluepeanut: { base: "expandedfoods:item/food/sushi/vegetarian/sushimushroombluepeanut"},
			sushimushroombrown: { base: "expandedfoods:item/food/sushi/vegetarian/sushimushroombrown"},
			sushimushroombrownsauce: { base: "expandedfoods:item/food/sushi/vegetarian/sushimushroombrownsauce"},
			sushimushroombrownhoney: { base: "expandedfoods:item/food/sushi/vegetarian/sushimushroombrownhoney"},
			sushimushroombrownpeanut: { base: "expandedfoods:item/food/sushi/vegetarian/sushimushroombrownpeanut"},
			sushimushroomdevilstooth: { base: "expandedfoods:item/food/sushi/vegetarian/sushimushroomdevilstooth"},
			sushimushroomdevilstoothsauce: { base: "expandedfoods:item/food/sushi/vegetarian/sushimushroomdevilstoothsauce"},
			sushimushroomdevilstoothhoney: { base: "expandedfoods:item/food/sushi/vegetarian/sushimushroomdevilstoothhoney"},
			sushimushroomdevilstoothpeanut: { base: "expandedfoods:item/food/sushi/vegetarian/sushimushroomdevilstoothpeanut"},
			sushimushroomlobster: { base: "expandedfoods:item/food/sushi/vegetarian/sushimushroomlobster"},
			sushimushroomlobstersauce: { base: "expandedfoods:item/food/sushi/vegetarian/sushimushroomlobstersauce"},
			sushimushroomlobsterhoney: { base: "expandedfoods:item/food/sushi/vegetarian/sushimushroomlobsterhoney"},
			sushimushroomlobsterpeanut: { base: "expandedfoods:item/food/sushi/vegetarian/sushimushroomlobsterpeanut"},
			sushimushroomgreen: { base: "expandedfoods:item/food/sushi/vegetarian/sushimushroomgreen"},
			sushimushroomgreensauce: { base: "expandedfoods:item/food/sushi/vegetarian/sushimushroomgreensauce"},
			sushimushroomgreenhoney: { base: "expandedfoods:item/food/sushi/vegetarian/sushimushroomgreenhoney"},
			sushimushroomgreenpeanut: { base: "expandedfoods:item/food/sushi/vegetarian/sushimushroomgreenpeanut"},
			sushimushroomoffwhite: { base: "expandedfoods:item/food/sushi/vegetarian/sushimushroomoffwhite"},
			sushimushroomoffwhitesauce: { base: "expandedfoods:item/food/sushi/vegetarian/sushimushroomoffwhitesauce"},
			sushimushroomoffwhitehoney: { base: "expandedfoods:item/food/sushi/vegetarian/sushimushroomoffwhitehoney"},
			sushimushroomoffwhitepeanut: { base: "expandedfoods:item/food/sushi/vegetarian/sushimushroomoffwhitepeanut"},
			sushimushroomorange: { base: "expandedfoods:item/food/sushi/vegetarian/sushimushroomorange"},
			sushimushroomorangesauce: { base: "expandedfoods:item/food/sushi/vegetarian/sushimushroomorangesauce"},
			sushimushroomorangehoney: { base: "expandedfoods:item/food/sushi/vegetarian/sushimushroomorangehoney"},
			sushimushroomorangepeanut: { base: "expandedfoods:item/food/sushi/vegetarian/sushimushroomorangepeanut"},
			sushimushroompink: { base: "expandedfoods:item/food/sushi/vegetarian/sushimushroompink"},
			sushimushroompinksauce: { base: "expandedfoods:item/food/sushi/vegetarian/sushimushroompinksauce"},
			sushimushroompinkhoney: { base: "expandedfoods:item/food/sushi/vegetarian/sushimushroompinkhoney"},
			sushimushroompinkpeanut: { base: "expandedfoods:item/food/sushi/vegetarian/sushimushroompinkpeanut"},
			sushimushroompurple: { base: "expandedfoods:item/food/sushi/vegetarian/sushimushroompurple"},
			sushimushroompurplesauce: { base: "expandedfoods:item/food/sushi/vegetarian/sushimushroompurplesauce"},
			sushimushroompurplehoney: { base: "expandedfoods:item/food/sushi/vegetarian/sushimushroompurplehoney"},
			sushimushroompurplepeanut: { base: "expandedfoods:item/food/sushi/vegetarian/sushimushroompurplepeanut"},
			sushimushroomred: { base: "expandedfoods:item/food/sushi/vegetarian/sushimushroomred"},
			sushimushroomredsauce: { base: "expandedfoods:item/food/sushi/vegetarian/sushimushroomredsauce"},
			sushimushroomredhoney: { base: "expandedfoods:item/food/sushi/vegetarian/sushimushroomredhoney"},
			sushimushroomredpeanut: { base: "expandedfoods:item/food/sushi/vegetarian/sushimushroomredpeanut"},
			sushimushroomwhite: { base: "expandedfoods:item/food/sushi/vegetarian/sushimushroomwhite"},
			sushimushroomwhitesauce: { base: "expandedfoods:item/food/sushi/vegetarian/sushimushroomwhitesauce"},
			sushimushroomwhitehoney: { base: "expandedfoods:item/food/sushi/vegetarian/sushimushroomwhitehoney"},
			sushimushroomwhitepeanut: { base: "expandedfoods:item/food/sushi/vegetarian/sushimushroomwhitepeanut"},
			sushimushroomyellow: { base: "expandedfoods:item/food/sushi/vegetarian/sushimushroomyellow"},
			sushimushroomyellowsauce: { base: "expandedfoods:item/food/sushi/vegetarian/sushimushroomyellowsauce"},
			sushimushroomyellowhoney: { base: "expandedfoods:item/food/sushi/vegetarian/sushimushroomyellowhoney"},
			sushimushroomyellowpeanut: { base: "expandedfoods:item/food/sushi/vegetarian/sushimushroomyellowpeanut"},
			sushionion: { base: "expandedfoods:item/food/sushi/vegetarian/sushionion"},
			sushionionsauce: { base: "expandedfoods:item/food/sushi/vegetarian/sushionionsauce"},
			sushionionhoney: { base: "expandedfoods:item/food/sushi/vegetarian/sushionionhoney"},
			sushionionpeanut: { base: "expandedfoods:item/food/sushi/vegetarian/sushionionpeanut"},
			sushiparsnip: { base: "expandedfoods:item/food/sushi/vegetarian/sushiparsnip"},
			sushiparsnipsauce: { base: "expandedfoods:item/food/sushi/vegetarian/sushiparsnipsauce"},
			sushiparsniphoney: { base: "expandedfoods:item/food/sushi/vegetarian/sushiparsniphoney"},
			sushiparsnippeanut: { base: "expandedfoods:item/food/sushi/vegetarian/sushiparsnippeanut"},
			sushisoybean: { base: "expandedfoods:item/food/sushi/vegetarian/sushisoybean"},
			sushisoybeansauce: { base: "expandedfoods:item/food/sushi/vegetarian/sushisoybeansauce"},
			sushisoybeanhoney: { base: "expandedfoods:item/food/sushi/vegetarian/sushisoybeanhoney"},
			sushisoybeanpeanut: { base: "expandedfoods:item/food/sushi/vegetarian/sushisoybeanpeanut"},
			sushiturnip: { base: "expandedfoods:item/food/sushi/vegetarian/sushiturnip"},
			sushiturnipsauce: { base: "expandedfoods:item/food/sushi/vegetarian/sushiturnipsauce"},
			sushiturniphoney: { base: "expandedfoods:item/food/sushi/vegetarian/sushiturniphoney"},
			sushiturnippeanut: { base: "expandedfoods:item/food/sushi/vegetarian/sushiturnippeanut"},
			sushirice: { base: "expandedfoods:item/food/sushi/vegetarian/sushirice"},
			sushiricesauce: { base: "expandedfoods:item/food/sushi/vegetarian/sushiricesauce"},
			sushiricehoney: { base: "expandedfoods:item/food/sushi/vegetarian/sushiricehoney"},
			sushiricepeanut: { base: "expandedfoods:item/food/sushi/vegetarian/sushiricepeanut"},
			sushiroll: {base: "expandedfoods:item/food/sushi/sushiroll"},
			sushifilling: { base: "expandedfoods:item/food/sushi/vegetarian/sushirice"},
		},
  	},
	creativeinventory: { "general": ["*"], "items": ["*"], "expandedfoods": ["*"] },
	nutritionProps: { satiety: 50, foodcategory: "Vegetable" },
	guiTransform: {
		translation: { x: 3, y: 0, z: 0 },
		rotation: { x: -23, y: 23, z: 90 },
		origin: { x: 0.47, y: 0.10, z: 0.5 },
		scale: 4.5
	},
	groundTransform: {
		translation: { x: 0, y: 0, z: 0 },
		rotation: { x: 0, y: 0, z: 1 },
		origin: { x: 0.5, y: 0, z: 0.5 },
		scale: 4.5
	},
	tpHandTransform: {
		translation: { x: -0.54, y: -0.16, z: -0.4 },
		rotation: { x: 44, y: -69, z: 2 },
		origin: { x: 0.5, y: 0.13, z: 0.5 },
		scale: 1
	},
	transitionablePropsByType: {
		"*-honey": [{
			type: "Perish",
			freshHours: { avg: 240 },
			transitionHours: { avg: 36 },
			transitionedStack: { type: "item", code: "game:rot" },
			transitionRatio: 0.25
		}],
		"@*-(peanut|oil)": [{
			type: "Perish",
			freshHours: { avg: 120 },
			transitionHours: { avg: 36 },
			transitionedStack: { type: "item", code: "game:rot" },
			transitionRatio: 0.25
		}],
		"*-nooil": [{
			type: "Perish",
			freshHours: { avg: 96 },
			transitionHours: { avg: 24 },
			transitionedStack: { type: "item", code: "game:rot" },
			transitionRatio: 0.5
		}],
	}
}