{
  "version": 2,
  "patches": {
    "integer": {
      "clayworks:blocktypes/clay/crock.json": {
        "attributesByType/*-fired*/servingCapacity": "crock_servings"
      },
      "game:blocktypes/clay/crock.json": {
        "attributesByType/*-fired*/servingCapacity": "crock_servings"
      }
    },
    "boolean": {
      "clayworks:blocktypes/clay/shingleblock.json": {
        "enabled": "shingles_isenabled"
      },
      "clayworks:blocktypes/clay/roofing/beam-plane.json": {
        "enabled": "shingles_isenabled"
      },
      "clayworks:blocktypes/clay/roofing/beam-ridge.json": {
        "enabled": "shingles_isenabled"
      },
      "clayworks:blocktypes/clay/roofing/slantedroofing.json": {
        "enabled": "shingles_isenabled"
      },
      "clayworks:blocktypes/clay/roofing/slantedroofingbottom.json": {
        "enabled": "shingles_isenabled"
      },
      "clayworks:blocktypes/clay/roofing/slantedroofingcorner-inner.json": {
        "enabled": "shingles_isenabled"
      },
      "clayworks:blocktypes/clay/roofing/slantedroofingcorner-outer.json": {
        "enabled": "shingles_isenabled"
      },
      "clayworks:blocktypes/clay/roofing/slantedroofinghalfleft.json": {
        "enabled": "shingles_isenabled"
      },
      "clayworks:blocktypes/clay/roofing/slantedroofinghalfright.json": {
        "enabled": "shingles_isenabled"
      },
      "clayworks:blocktypes/clay/roofing/slantedroofingridge.json": {
        "enabled": "shingles_isenabled"
      },
      "clayworks:blocktypes/clay/roofing/slantedroofingridgeend.json": {
        "enabled": "shingles_isenabled"
      },
      "clayworks:blocktypes/clay/roofing/slantedroofingridgehalfleft.json": {
        "enabled": "shingles_isenabled"
      },
      "clayworks:blocktypes/clay/roofing/slantedroofingridgehalfright.json": {
        "enabled": "shingles_isenabled"
      },
      "clayworks:blocktypes/clay/roofing/slantedroofingtip.json": {
        "enabled": "shingles_isenabled"
      },
      "clayworks:blocktypes/clay/roofing/slantedroofingtop.json": {
        "enabled": "shingles_isenabled"
      },
      "clayworks:recipes/grid/clayworking/rawbrick.json": {
        "0/enabled": "brick_grid_crafting",
        "1/enabled": "brick_grid_crafting"
      },
      "clayworks:recipes/grid/clayworking/rawbrick_natural.json": {
        "enabled": "brick_grid_crafting"
      },
      "clayworks:recipes/grid/clayworking/barrel.json": {
        "0/enabled": "grid_crafting",
        "1/enabled": "grid_crafting"
      },
      "clayworks:recipes/grid/clayworking/barrel_natural.json": {
        "enabled": "grid_crafting"
      },
      "clayworks:recipes/grid/clayworking/bowl.json": {
        "0/enabled": "grid_crafting",
        "1/enabled": "grid_crafting"
      },
      "clayworks:recipes/grid/clayworking/bowl_natural.json": {
        "enabled": "grid_crafting"
      },
      "clayworks:recipes/grid/clayworking/bucket.json": {
        "0/enabled": "grid_crafting",
        "1/enabled": "grid_crafting",
        "2/enabled": "grid_crafting",
        "3/enabled": "grid_crafting",
        "4/enabled": "grid_crafting",
        "5/enabled": "grid_crafting",
        "6/enabled": "grid_crafting",
        "7/enabled": "grid_crafting",
        "8/enabled": "grid_crafting",
        "9/enabled": "grid_crafting",
        "10/enabled": "grid_crafting",
        "11/enabled": "grid_crafting",
        "12/enabled": "grid_crafting",
        "13/enabled": "grid_crafting"
      },
      "clayworks:recipes/grid/clayworking/clayplanter.json": {
        "0/enabled": "grid_crafting",
        "1/enabled": "grid_crafting",
        "2/enabled": "grid_crafting",
        "3/enabled": "grid_crafting",
        "4/enabled": "grid_crafting",
        "5/enabled": "grid_crafting",
        "6/enabled": "grid_crafting",
        "7/enabled": "grid_crafting",
        "8/enabled": "grid_crafting",
        "9/enabled": "grid_crafting",
        "10/enabled": "grid_crafting",
        "11/enabled": "grid_crafting",
        "12/enabled": "grid_crafting",
        "13/enabled": "grid_crafting"
      },
      "clayworks:recipes/grid/clayworking/crock.json": {
        "0/enabled": "grid_crafting",
        "1/enabled": "grid_crafting"
      },
      "clayworks:recipes/grid/clayworking/crock_natural.json": {
        "enabled": "grid_crafting"
      },
      "clayworks:recipes/grid/clayworking/flowerpot.json": {
        "0/enabled": "grid_crafting",
        "1/enabled": "grid_crafting"
      },
      "clayworks:recipes/grid/clayworking/flowerpot_natural.json": {
        "enabled": "grid_crafting"
      },
      "clayworks:recipes/grid/clayworking/jug.json": {
        "0/enabled": "grid_crafting",
        "1/enabled": "grid_crafting"
      },
      "clayworks:recipes/grid/clayworking/plate.json": {
        "0/enabled": "grid_crafting",
        "1/enabled": "grid_crafting"
      },
      "clayworks:recipes/grid/clayworking/plate_natural.json": {
        "enabled": "grid_crafting"
      },
      "clayworks:recipes/grid/clayworking/shingle.json": {
        "0/enabled": "grid_crafting",
        "1/enabled": "grid_crafting"
      },
      "clayworks:recipes/grid/clayworking/storagevessel.json": {
        "0/enabled": "grid_crafting",
        "1/enabled": "grid_crafting",
        "2/enabled": "grid_crafting",
        "3/enabled": "grid_crafting",
        "4/enabled": "grid_crafting",
        "5/enabled": "grid_crafting",
        "6/enabled": "grid_crafting",
        "7/enabled": "grid_crafting",
        "8/enabled": "grid_crafting",
        "9/enabled": "grid_crafting",
        "10/enabled": "grid_crafting",
        "11/enabled": "grid_crafting",
        "12/enabled": "grid_crafting",
        "13/enabled": "grid_crafting"
      },
      "clayworks:recipes/grid/clayworking/wateringcan.json": {
        "0/enabled": "grid_crafting",
        "1/enabled": "grid_crafting"
      },
      "clayworks:recipes/grid/clayworking/wateringcan_natural.json": {
        "enabled": "grid_crafting"
      },
      "clayworks:blocktypes/clay/hardenedclay.json": {
        "enabled": "hardenedclay_isenabled"
      },
      "clayworks:blocktypes/clay/hardenedclay_natural.json": {
        "enabled": "hardenedclay_isenabled"
      },
      "clayworks:blocktypes/clay/clayplate.json": {
        "enabled": "hardenedclay_isenabled"
      },
      "clayworks:blocktypes/clay/barrel.json": {
        "enabled": "barrel_isenabled"
      },
      "clayworks:blocktypes/clay/bowl.json": {
        "enabled": "bowl_isenabled"
      },
      "clayworks:blocktypes/clay/bowl_meal.json": {
        "enabled": "bowl_isenabled"
      },
      "clayworks:blocktypes/clay/oillamp.json": {
        "enabled": "bowl_isenabled"
      },
      "clayworks:patches/recipes/disable/bowl.json": {
        "0/value": "vanilla_clayforming_isenabled",
        "1/value": "vanilla_clayforming_isenabled"
      },
      "clayworks:patches/recipes/disable/crock.json": {
        "0/value": "vanilla_clayforming_isenabled",
        "1/value": "vanilla_clayforming_isenabled"
      },
      "clayworks:patches/recipes/disable/flowerpot.json": {
        "0/value": "vanilla_clayforming_isenabled",
        "1/value": "vanilla_clayforming_isenabled"
      },
      "clayworks:patches/recipes/disable/storagevessel.json": {
        "0/value": "vanilla_clayforming_isenabled"
      },
      "clayworks:patches/recipes/disable/shingles.json": {
        "0/enabled": "vanilla_clayforming_isenabled"
      },
      "clayworks:patches/recipes/disable/wateringcan.json": {
        "0/enabled": "vanilla_clayforming_isenabled"
      },
      "clayworks:blocktypes/clay/brickcourse.json": {
        "enabled": "bricks_isenabled"
      },
      "clayworks:blocktypes/clay/brickcourse_uneven.json": {
        "enabled": "bricks_isenabled"
      },
      "clayworks:itemtypes/resources/brick.json": {
        "enabled": "bricks_isenabled"
      },
      "clayworks:blocktypes/clay/bucket.json": {
        "enabled": "bucket_isenabled"
      },
      "clayworks:blocktypes/clay/crock.json": {
        "enabled": "crock_isenabled"
      },
      "clayworks:blocktypes/clay/decoratedvessel.json": {
        "enabled": "decoratedvessel_isenabled"
      },
      "clayworks:blocktypes/clay/flowerpot.json": {
        "enabled": "flowerpot_isenabled"
      },
      "clayworks:blocktypes/clay/planter.json": {
        "enabled": "planter_isenabled"
      },
      "clayworks:blocktypes/clay/jug.json": {
        "enabled": "jug_isenabled"
      },
      "clayworks:blocktypes/clay/chimneycourse.json": {
        "enabled": "chimney_isenabled"
      },
      "clayworks:blocktypes/clay/wateringcan.json": {
        "enabled": "wateringcan_isenabled"
      },
      "clayworks:blocktypes/clay/storagevessel.json": {
        "enabled": "storagevessel_isenabled"
      }
    }
  },
  "settings": {
    "integer": {
      "crock_servings": {
        "name": "crockservings",
        "ingui": "Crock servings amount",
        "weight": 4.1,
        "default": 4,
        "range": {
          "min": 1,
          "max": 12
        }
      }
    },
    "boolean": {
      "brick_grid_crafting": {
        "name": "brickgridcrafting",
        "ingui": "Brick grid crafting",
        "comment": "Enables grid crafting recipes of raw bricks only",
        "weight": 0.2,
        "default": false
      },  
      "grid_crafting": {
        "name": "gridcrafting",
        "ingui": "Grid crafting",
        "comment": "Enables grid crafting recipes of all raw clay items/blocks, other than bricks.",
        "weight": 0.3,
        "default": false
      },  
      "vanilla_clayforming_isenabled": {
        "name": "vanillaclayforming",
        "ingui": "Vanilla clayforming recipes",
        "comment": "Restores vanilla clayforming recipes alongside Clayworks' ones",
        "weight": 0.4,
        "default": false
      },  
      "barrel_isenabled": {
        "name": "barrels",
        "ingui": "Barrels",
        "weight": 1.1,
        "default": true
      },  
      "bowl_isenabled": {
        "name": "bowls",
        "ingui": "Bowls",
        "weight": 1.2,
        "default": true
      },  
      "bricks_isenabled": {
        "name": "bricks",
        "ingui": "Bricks",
        "weight": 1.3,
        "default": true
      },  
      "bucket_isenabled": {
        "name": "buckets",
        "ingui": "Buckets",
        "weight": 1.4,
        "default": true
      },  
      "chimney_isenabled": {
        "name": "chimneys",
        "ingui": "Chimneys",
        "weight": 1.5,
        "default": true
      },  
      "crock_isenabled": {
        "name": "crocks",
        "ingui": "Crocks",
        "weight": 1.6,
        "default": true
      },  
      "decoratedvessel_isenabled": {
        "name": "decoratedvessel",
        "ingui": "Decorated Vessels",
        "weight": 1.7,
        "default": true
      },  
      "flowerpot_isenabled": {
        "name": "flowerpots",
        "ingui": "Flowerpots",
        "weight": 1.8,
        "default": true
      },  
      "hardenedclay_isenabled": {
        "name": "hardenedclay",
        "ingui": "Hardened clay",
        "weight": 1.9,
        "default": true
      },  
      "jug_isenabled": {
        "name": "jugs",
        "ingui": "Jugs",
        "weight": 2.0,
        "default": true
      },  
      "planter_isenabled": {
        "name": "planters",
        "ingui": "Planters",
        "weight": 2.1,
        "default": true
      },  
      "shingles_isenabled": {
        "name": "shingles",
        "ingui": "Shingles and roofing",
        "weight": 2.2,
        "default": true
      },
      "storagevessel_isenabled": {
        "name": "storagevessels",
        "ingui": "Storage Vessels",
        "weight": 2.3,
        "default": true
      },
      "wateringcan_isenabled": {
        "name": "wateringcans",
        "ingui": "Watering cans",
        "weight": 2.4,
        "default": true
      } 
    }
  },
  "formatting": [
    {
      "type": "separator",
      "weight": 0.1,
      "title": "Crafting"
    },
    {
      "type": "separator",
      "weight": 1.0,
      "title": "Enable/Disable parts of the mod"
    },
    {
      "type": "separator",
      "weight": 4.0,
      "title": "Other settings"
    }
  ]
}
