{
	"editor": {
		"allAngles": false,
		"entityTextureMode": false
	},
	"textureWidth": 16,
	"textureHeight": 16,
	"textureSizes": {
	},
	"textures": {
		"bone": "game:block/creature/bone"
	},
	"elements": [
		{
			"name": "Mouthpiece",
			"from": [ 7.75, 3.5, 7.75 ], 
			"to": [ 8.75, 4.5, 8.75 ], 
			"rotationOrigin": [ 8.0, 0.0, 8.0 ],
			"faces": {
				"north": { "texture": "#bone", "uv": [ 2.5, 6.5, 3.5, 7.5 ] },
				"east": { "texture": "#bone", "uv": [ 4.0, 2.5, 5.0, 3.5 ] },
				"south": { "texture": "#bone", "uv": [ 4.0, 2.0, 5.0, 3.0 ] },
				"west": { "texture": "#bone", "uv": [ 10.0, 8.0, 11.0, 9.0 ] },
				"up": { "texture": "#bone", "uv": [ 0.0, 0.0, 1.0, 1.0 ] },
				"down": { "texture": "#bone", "uv": [ 0.0, 0.0, 1.0, 1.0 ] }
			},
			"children": [
				{
					"name": "Horn1",
					"from": [ -0.25, -1.5, -0.25 ], 
					"to": [ 1.25, 0.1, 1.25 ], 
					"rotationOrigin": [ 0.5, 0.0, 0.5 ],
					"rotationX": 5.0,
					"faces": {
						"north": { "texture": "#bone", "uv": [ 2.5, 6.5, 4.0, 8.0 ] },
						"east": { "texture": "#bone", "uv": [ 4.0, 2.5, 5.5, 4.0 ] },
						"south": { "texture": "#bone", "uv": [ 4.0, 2.0, 5.5, 3.5 ] },
						"west": { "texture": "#bone", "uv": [ 10.0, 8.0, 11.5, 9.5 ] },
						"up": { "texture": "#bone", "uv": [ 0.0, 0.0, 1.5, 1.5 ] },
						"down": { "texture": "#bone", "uv": [ 0.0, 0.0, 1.5, 1.5 ] }
					},
					"children": [
						{
							"name": "Horn2",
							"from": [ -0.25, -2.0, -0.25 ], 
							"to": [ 1.75, 0.3, 1.75 ], 
							"rotationOrigin": [ 0.75, 0.0, 0.75 ],
							"rotationX": 5.0,
							"faces": {
								"north": { "texture": "#bone", "uv": [ 0.0, 0.0, 2.0, 2.0 ] },
								"east": { "texture": "#bone", "uv": [ 0.0, 0.0, 2.0, 2.0 ] },
								"south": { "texture": "#bone", "uv": [ 0.0, 0.0, 2.0, 2.0 ] },
								"west": { "texture": "#bone", "uv": [ 0.0, 0.0, 2.0, 2.0 ] },
								"up": { "texture": "#bone", "uv": [ 0.0, 0.0, 2.0, 2.0 ] },
								"down": { "texture": "#bone", "uv": [ 0.0, 0.0, 2.0, 2.0 ] }
							},
							"children": [
								{
									"name": "Horn3",
									"from": [ -0.25, -2.0, -0.25 ], 
									"to": [ 2.25, 0.3, 2.25 ], 
									"rotationOrigin": [ 1.25, 0.0, 1.25 ],
									"rotationX": 5.0,
									"faces": {
										"north": { "texture": "#bone", "uv": [ 0.0, 0.0, 2.5, 2.0 ] },
										"east": { "texture": "#bone", "uv": [ 0.0, 0.0, 2.5, 2.0 ] },
										"south": { "texture": "#bone", "uv": [ 0.0, 0.0, 2.5, 2.0 ] },
										"west": { "texture": "#bone", "uv": [ 0.0, 0.0, 2.5, 2.0 ] },
										"up": { "texture": "#bone", "uv": [ 0.0, 0.0, 2.5, 2.5 ] },
										"down": { "texture": "#bone", "uv": [ 0.0, 0.0, 2.5, 2.5 ] }
									},
									"children": [
										{
											"name": "Horn4",
											"from": [ -0.25, -3.0, -0.25 ], 
											"to": [ 0.05, 0.3, 2.75 ], 
											"rotationOrigin": [ 1.25, 0.0, 1.25 ],
											"rotationX": 5.0,
											"faces": {
												"north": { "texture": "#bone", "uv": [ 0.0, 0.0, 0.5, 3.0 ] },
												"east": { "texture": "#bone", "uv": [ 0.0, 0.0, 3.0, 3.0 ] },
												"south": { "texture": "#bone", "uv": [ 0.0, 0.0, 0.5, 3.0 ] },
												"west": { "texture": "#bone", "uv": [ 0.0, 0.0, 3.0, 3.0 ] },
												"up": { "texture": "#bone", "uv": [ 0.0, 0.0, 0.5, 3.0 ] },
												"down": { "texture": "#bone", "uv": [ 0.0, 0.0, 0.5, 3.0 ] }
											}
										},
										{
											"name": "Horn5",
											"from": [ 0.05, -3.0, -0.25 ], 
											"to": [ 2.45, 0.3, 0.05 ], 
											"rotationOrigin": [ 1.25, 0.0, 1.25 ],
											"rotationX": 5.0,
											"faces": {
												"north": { "texture": "#bone", "uv": [ 0.0, 0.0, 2.0, 3.0 ] },
												"east": { "texture": "#bone", "uv": [ 0.0, 0.0, 0.5, 3.0 ] },
												"south": { "texture": "#bone", "uv": [ 0.0, 0.0, 2.0, 3.0 ] },
												"west": { "texture": "#bone", "uv": [ 0.0, 0.0, 0.5, 3.0 ] },
												"up": { "texture": "#bone", "uv": [ 0.0, 0.0, 2.0, 0.5 ] },
												"down": { "texture": "#bone", "uv": [ 0.0, 0.0, 2.0, 0.5 ] }
											}
										},
										{
											"name": "Horn7",
											"from": [ 2.4, -3.0, -0.25 ], 
											"to": [ 2.7, 0.3, 2.75 ], 
											"rotationOrigin": [ 1.25, 0.0, 1.25 ],
											"rotationX": 5.0,
											"faces": {
												"north": { "texture": "#bone", "uv": [ 0.0, 0.0, 0.5, 3.0 ] },
												"east": { "texture": "#bone", "uv": [ 0.0, 0.0, 3.0, 3.0 ] },
												"south": { "texture": "#bone", "uv": [ 0.0, 0.0, 0.5, 3.0 ] },
												"west": { "texture": "#bone", "uv": [ 0.0, 0.0, 3.0, 3.0 ] },
												"up": { "texture": "#bone", "uv": [ 0.0, 0.0, 0.5, 3.0 ] },
												"down": { "texture": "#bone", "uv": [ 0.0, 0.0, 0.5, 3.0 ] }
											}
										},
										{
											"name": "Horn6",
											"from": [ 0.05, -3.0, 2.45 ], 
											"to": [ 2.45, 0.3, 2.75 ], 
											"rotationOrigin": [ 1.25, 0.0, 1.25 ],
											"rotationX": 5.0,
											"faces": {
												"north": { "texture": "#bone", "uv": [ 0.0, 0.0, 2.0, 3.0 ] },
												"east": { "texture": "#bone", "uv": [ 0.0, 0.0, 0.5, 3.0 ] },
												"south": { "texture": "#bone", "uv": [ 0.0, 0.0, 2.0, 3.0 ] },
												"west": { "texture": "#bone", "uv": [ 0.0, 0.0, 0.5, 3.0 ] },
												"up": { "texture": "#bone", "uv": [ 0.0, 0.0, 2.0, 0.5 ] },
												"down": { "texture": "#bone", "uv": [ 0.0, 0.0, 2.0, 0.5 ] }
											}
										}
									]
								}
							]
						}
					]
				}
			]
		}
	]}