﻿[
 {
   file: "expandedfoods:recipes/kneading/wildcraftherb/herbalstuffedpepper.json",
    op: "addmerge", 
    path: "/3/ingredients/4/inputs/-", 
    value: { type: "item", code: "acorns:flour-acorn", quantity: 1 },
    "side": "server",
    dependsOn: [{ "modid": "acorns" }, { "modid": "wildcraftherb" }]
 },
 {
   file: "expandedfoods:recipes/kneading/wildcraftherb/herbalstuffedpepper.json",
    op: "addmerge", 
    path: "/4/ingredients/5/inputs/-", 
    value: { type: "item", code: "acorns:flour-acorn", quantity: 1 },
    "side": "server",
    dependsOn: [{ "modid": "acorns" }, { "modid": "wildcraftherb" }]
 },
 {
   file: "expandedfoods:recipes/kneading/wildcraftherb/herbalstuffedpepper.json",
    op: "addmerge", 
    path: "/5/ingredients/4/inputs/-", 
    value: { type: "item", code: "acorns:flour-acorn", quantity: 1 },
    "side": "server",
    dependsOn: [{ "modid": "acorns" }, { "modid": "wildcraftherb" }]
 },
 {
   file: "expandedfoods:recipes/kneading/wildcraftherb/herbalstuffedpepper.json",
    op: "addmerge", 
    path: "/9/ingredients/4/inputs/-",
    value: { type: "item", code: "acorns:flour-acorn", quantity: 1 },
    "side": "server",
    dependsOn: [{ "modid": "acorns" }, { "modid": "wildcraftherb" }]
 },
 {
   file: "expandedfoods:recipes/kneading/wildcraftherb/herbalstuffedpepper.json",
    op: "addmerge", 
    path: "/10/ingredients/5/inputs/-",
    value: { type: "item", code: "acorns:flour-acorn", quantity: 1 },
    "side": "server",
    dependsOn: [{ "modid": "acorns" }, { "modid": "wildcraftherb" }]
 },
 {
   file: "expandedfoods:recipes/kneading/wildcraftherb/herbalstuffedpepper.json",
    op: "addmerge", 
    path: "/14/ingredients/4/inputs/-",
    value: { type: "item", code: "acorns:flour-acorn", quantity: 1 },
    "side": "server",
    dependsOn: [{ "modid": "acorns" }, { "modid": "wildcraftherb" }]
 },
]