[
  {
    "op": "addeach",
    "path": "/selling/list/-",
    "side": "Server",
    "value": [
      {
        "code": "clayworks:decoratedvessel-skull",
        "type": "block",
        "stacksize": 1,
        "stock": {
          "avg": 1,
          "var": 0.25
        },
        "price": {
          "avg": 18,
          "var": 3
        },
        "attributes": {
          "type": "normal"
        }
      },
      {
        "code": "clayworks:decoratedvessel-marsh",
        "type": "block",
        "stacksize": 1,
        "stock": {
          "avg": 1,
          "var": 0.25
        },
        "price": {
          "avg": 14,
          "var": 3
        },
        "attributes": {
          "type": "normal"
        }
      },
      {
        "code": "clayworks:decoratedvessel-pond",
        "type": "block",
        "stacksize": 1,
        "stock": {
          "avg": 1,
          "var": 0.25
        },
        "price": {
          "avg": 12,
          "var": 2
        },
        "attributes": {
          "type": "normal"
        }
      }
    ],
    "file": "game:config/tradelists/trader-artisan.json"
  }
]
