{
	"editor": {
		"collapsedPaths": ",Root/base/stickmid2,Root/base/stickmid3,Root/Walkway20/Support,Root/base/stickmid6,Root/Support4,Root/base/stickmid7,Root/base,Root/Walkway20/Walkway21,Root/base/stickmid35,Root/base/walkway,Root/Walkway20,Root/base/stickmid36,Root/Support1,Root/base/Support",
		"allAngles": false,
		"entityTextureMode": false
	},
	"textureWidth": 16,
	"textureHeight": 16,
	"textureSizes": {
	},
	"textures": {
		"snowcover": "block/liquid/snow/normal1"
	},
	"elements": [
		{
			"name": "snow",
			"from": [ 0.0, 15.5, 0.0 ],
			"to": [ 16.0, 18.01, 16.0 ],
			"rotationOrigin": [ 0.0, 23.5, 0.0 ],
			"faces": {
				"north": { "texture": "#snowcover", "uv": [ 0.0, 0.0, 16.0, 2.5 ] },
				"east": { "texture": "#snowcover", "uv": [ 0.0, 0.0, 16.0, 2.5 ] },
				"south": { "texture": "#snowcover", "uv": [ 0.0, 0.0, 16.0, 2.5 ] },
				"west": { "texture": "#snowcover", "uv": [ 0.0, 0.0, 16.0, 2.5 ] },
				"up": { "texture": "#snowcover", "uv": [ 0.0, 0.0, 16.0, 16.0 ], "rotation": 180 },
				"down": { "texture": "#snowcover", "uv": [ 0.0, 0.0, 16.0, 16.0 ], "rotation": 180 }
			}
		}
	]}