{
	"editor": {
		"collapsedPaths": ",Root/snow17,Root/Walkway/ChainSupport/ChainSupport13,Root/base/Support1,Root/Walkway/ChainSupport/ChainSupport2/ChainSupport3,Root/Walkway/ChainSupport/ChainSupport9,Root/Support,Root/Walkway2,Root/snow,Root/Walkway/ChainSupport/ChainSupport5,Root/Walkway3,Root/Walkway/ChainSupport/ChainSupport2,Root/Walkway/Chain/ChainSupport,Root/Support1,Root/Walkway/Chain,Root/base/Support1/Support11,Root/base/Support",
		"allAngles": false,
		"entityTextureMode": false
	},
	"textureWidth": 32,
	"textureHeight": 32,
	"textureSizes": {
		"bark": [16,16],
		"endp": [16,16],
		"walkway": [32,32]
	},
	"textures": {
		"snowcover": "block/liquid/snow/normal1",
		"bark": "block/wood/bark/oak-h",
		"walkway": "block/wood/debarked/oak",
		"endp": "block/wood/treetrunk/aged"
	},
	"elements": [
		{
			"name": "base",
			"from": [ 16.0, 1.9, -8.0 ],
			"to": [ 16.0, 1.9, -8.0 ],
			"rotationOrigin": [ 16.0, 1.9, -8.0 ],
			"rotationY": -90.0,
			"rotationZ": -45.0,
			"faces": {
				"north": { "texture": "#walkway", "uv": [ 0.0, 0.0, 0.5, 0.5 ] },
				"east": { "texture": "#walkway", "uv": [ 0.0, 0.0, 0.5, 0.5 ] },
				"south": { "texture": "#walkway", "uv": [ 0.0, 0.0, 0.5, 0.5 ] },
				"west": { "texture": "#walkway", "uv": [ 0.0, 0.0, 0.5, 0.5 ] },
				"up": { "texture": "#walkway", "uv": [ 0.0, 0.0, 0.5, 0.5 ] },
				"down": { "texture": "#walkway", "uv": [ 0.0, 0.0, 0.5, 0.5 ] }
			},
			"children": [
				{
					"name": "walkway",
					"from": [ -4.24, 15.0, 15.4 ],
					"to": [ 18.46, 17.0, 16.4 ],
					"rotationOrigin": [ 3.0, 15.0, 15.9 ],
					"rotationX": -90.0,
					"faces": {
						"north": { "texture": "#walkway", "uv": [ 6.0, 11.5, 28.0, 13.5 ] },
						"east": { "texture": "#walkway", "uv": [ 0.0, 0.0, 1.0, 2.0 ] },
						"south": { "texture": "#walkway", "uv": [ 0.0, 12.0, 22.0, 14.0 ] },
						"west": { "texture": "#walkway", "uv": [ 14.0, 0.0, 15.0, 2.0 ] },
						"up": { "texture": "#walkway", "uv": [ 0.0, 1.0, 22.0, 2.0 ] },
						"down": { "texture": "#walkway", "uv": [ 0.0, 0.0, 22.0, 1.0 ] }
					}
				},
				{
					"name": "walkway2",
					"from": [ -4.24, 14.9, 12.9 ],
					"to": [ 18.81, 16.4, 13.9 ],
					"rotationOrigin": [ 3.8, 14.9, 13.4 ],
					"rotationX": -91.0,
					"rotationY": 1.0,
					"faces": {
						"north": { "texture": "#walkway", "uv": [ 6.0, 11.5, 29.0, 13.0 ] },
						"east": { "texture": "#walkway", "uv": [ 0.0, 0.0, 1.0, 1.5 ] },
						"south": { "texture": "#walkway", "uv": [ 0.0, 12.0, 23.0, 13.5 ] },
						"west": { "texture": "#walkway", "uv": [ 0.0, 0.0, 1.0, 1.5 ] },
						"up": { "texture": "#walkway", "uv": [ 0.0, 0.0, 23.0, 1.0 ] },
						"down": { "texture": "#walkway", "uv": [ 0.0, 0.0, 23.0, 1.0 ] }
					}
				},
				{
					"name": "walkway3",
					"from": [ -4.24, 14.8, 11.2 ],
					"to": [ 18.81, 16.8, 12.2 ],
					"rotationOrigin": [ 8.0, 14.8, 11.7 ],
					"rotationX": -87.0,
					"rotationY": 1.0,
					"faces": {
						"north": { "texture": "#walkway", "uv": [ 6.0, 11.0, 29.0, 13.0 ] },
						"east": { "texture": "#walkway", "uv": [ 0.0, 0.0, 1.0, 2.0 ] },
						"south": { "texture": "#walkway", "uv": [ 0.0, 11.0, 23.0, 13.0 ] },
						"west": { "texture": "#walkway", "uv": [ 0.0, 0.0, 1.0, 2.0 ] },
						"up": { "texture": "#walkway", "uv": [ 0.0, 0.5, 23.0, 1.5 ] },
						"down": { "texture": "#walkway", "uv": [ 0.0, 0.0, 23.0, 1.0 ] }
					}
				},
				{
					"name": "walkway35",
					"from": [ -4.24, 14.7, 8.9 ],
					"to": [ 18.81, 15.7, 9.9 ],
					"rotationOrigin": [ 8.0, 14.7, 9.4 ],
					"rotationX": -89.0,
					"faces": {
						"north": { "texture": "#walkway", "uv": [ 0.0, 11.5, 23.0, 12.5 ] },
						"east": { "texture": "#walkway", "uv": [ 0.0, 0.0, 1.0, 1.0 ] },
						"south": { "texture": "#walkway", "uv": [ 6.0, 12.0, 29.0, 13.0 ] },
						"west": { "texture": "#walkway", "uv": [ 0.0, 0.0, 1.0, 1.0 ] },
						"up": { "texture": "#walkway", "uv": [ 6.0, 0.0, 29.0, 1.0 ] },
						"down": { "texture": "#walkway", "uv": [ 6.0, 0.0, 29.0, 1.0 ] }
					}
				},
				{
					"name": "walkway5",
					"from": [ -4.24, 14.9, 7.4 ],
					"to": [ 18.81, 16.9, 8.4 ],
					"rotationOrigin": [ 8.0, 14.9, 7.9 ],
					"rotationX": -92.0,
					"rotationY": 2.0,
					"rotationZ": 1.0,
					"faces": {
						"north": { "texture": "#walkway", "uv": [ 6.0, 11.0, 29.0, 13.0 ] },
						"east": { "texture": "#walkway", "uv": [ 0.0, 0.0, 1.0, 2.0 ] },
						"south": { "texture": "#walkway", "uv": [ 0.0, 11.0, 23.0, 13.0 ] },
						"west": { "texture": "#walkway", "uv": [ 0.0, 0.0, 1.0, 2.0 ] },
						"up": { "texture": "#walkway", "uv": [ 0.0, 0.5, 23.0, 1.5 ] },
						"down": { "texture": "#walkway", "uv": [ 0.0, 0.0, 23.0, 1.0 ] }
					}
				},
				{
					"name": "walkway6",
					"from": [ -4.24, 14.9, 4.9 ],
					"to": [ 18.56, 16.4, 5.9 ],
					"rotationOrigin": [ 8.0, 14.9, 5.4 ],
					"rotationX": -85.0,
					"faces": {
						"north": { "texture": "#walkway", "uv": [ 6.0, 11.5, 28.0, 13.0 ] },
						"east": { "texture": "#walkway", "uv": [ 0.0, 0.0, 1.0, 1.5 ] },
						"south": { "texture": "#walkway", "uv": [ 0.0, 12.0, 22.0, 13.5 ] },
						"west": { "texture": "#walkway", "uv": [ 0.0, 0.0, 1.0, 1.5 ] },
						"up": { "texture": "#walkway", "uv": [ 0.0, 0.0, 22.0, 1.0 ] },
						"down": { "texture": "#walkway", "uv": [ 0.0, 0.0, 22.0, 1.0 ] }
					}
				},
				{
					"name": "walkway7",
					"from": [ -4.24, 15.0, 2.9 ],
					"to": [ 18.46, 17.0, 3.9 ],
					"rotationOrigin": [ 8.0, 15.0, 3.4 ],
					"rotationX": -89.0,
					"faces": {
						"north": { "texture": "#walkway", "uv": [ 6.0, 11.0, 28.0, 13.0 ] },
						"east": { "texture": "#walkway", "uv": [ 0.0, 0.0, 1.0, 2.0 ] },
						"south": { "texture": "#walkway", "uv": [ 0.0, 11.0, 22.0, 13.0 ] },
						"west": { "texture": "#walkway", "uv": [ 0.0, 0.0, 1.0, 2.0 ] },
						"up": { "texture": "#walkway", "uv": [ 0.0, 0.5, 22.0, 1.5 ] },
						"down": { "texture": "#walkway", "uv": [ 0.0, 0.0, 22.0, 1.0 ] }
					}
				},
				{
					"name": "walkway36",
					"from": [ -4.24, 14.5, 0.1 ],
					"to": [ 18.46, 15.5, 1.1 ],
					"rotationOrigin": [ 8.0, 14.5, 0.6 ],
					"faces": {
						"north": { "texture": "#walkway", "uv": [ 0.0, 11.5, 22.0, 12.5 ] },
						"east": { "texture": "#walkway", "uv": [ 0.0, 0.0, 1.0, 1.0 ] },
						"south": { "texture": "#walkway", "uv": [ 6.0, 12.0, 28.0, 13.0 ] },
						"west": { "texture": "#walkway", "uv": [ 0.0, 0.0, 1.0, 1.0 ] },
						"up": { "texture": "#walkway", "uv": [ 6.0, 0.0, 28.0, 1.0 ] },
						"down": { "texture": "#walkway", "uv": [ 6.0, 0.0, 28.0, 1.0 ] }
					}
				},
				{
					"name": "Support",
					"from": [ 13.0336, 11.15, -1.0 ],
					"to": [ 16.0336, 14.15, 9.0 ],
					"rotationOrigin": [ 14.2836, 12.5865, 11.0 ],
					"rotationX": -0.016,
					"rotationY": -0.0117,
					"rotationZ": 45.0,
					"faces": {
						"north": { "texture": "#endp", "uv": [ 0.0, 0.0, 16.0, 16.0 ] },
						"east": { "texture": "#bark", "uv": [ 0.0, 13.0, 10.0, 16.0 ] },
						"west": { "texture": "#bark", "uv": [ 0.0, 13.0, 10.0, 16.0 ] },
						"up": { "texture": "#bark", "uv": [ 0.0, 13.0, 10.0, 16.0 ], "rotation": 90 },
						"down": { "texture": "#bark", "uv": [ 0.0, 13.0, 10.0, 16.0 ], "rotation": 90 }
					},
					"children": [
						{
							"name": "Support01",
							"from": [ 0.0, 0.0, 10.0 ],
							"to": [ 3.0, 3.0, 18.0 ],
							"rotationOrigin": [ 1.5, 1.5, 10.0 ],
							"faces": {
								"east": { "texture": "#bark", "uv": [ 8.0, 13.0, 16.0, 16.0 ] },
								"south": { "texture": "#endp", "uv": [ 0.0, 0.0, 16.0, 16.0 ] },
								"west": { "texture": "#bark", "uv": [ 8.0, 13.0, 16.0, 16.0 ] },
								"up": { "texture": "#bark", "uv": [ 8.0, 13.0, 16.0, 16.0 ], "rotation": 90 },
								"down": { "texture": "#bark", "uv": [ 8.0, 13.0, 16.0, 16.0 ], "rotation": 90 }
							},
							"children": [
								{
									"name": "chunk22",
									"from": [ 0.5, 1.0, 8.0 ],
									"to": [ 1.5, 2.0, 9.5 ],
									"rotationOrigin": [ 0.5, 1.0, 8.0 ],
									"faces": {
									}
								},
								{
									"name": "chunk23",
									"from": [ 1.0, 0.01, 8.0 ],
									"to": [ 2.5, 1.01, 10.0 ],
									"rotationOrigin": [ 1.0, 0.0, 8.0 ],
									"faces": {
									}
								},
								{
									"name": "chunk24",
									"from": [ 1.99, 1.99, 8.0 ],
									"to": [ 2.99, 2.99, 9.0 ],
									"rotationOrigin": [ 2.0, 2.0, 8.0 ],
									"faces": {
									}
								}
							]
						},
						{
							"name": "chunk25",
							"from": [ 0.01, 0.5, -2.0 ],
							"to": [ 1.01, 1.5, 0.0 ],
							"rotationOrigin": [ 0.0, 0.5, -2.0 ],
							"faces": {
							}
						},
						{
							"name": "chunk27",
							"from": [ 0.99, 0.99, -1.0 ],
							"to": [ 2.99, 2.99, 0.0 ],
							"rotationOrigin": [ 1.0, 1.0, -1.0 ],
							"faces": {
							}
						},
						{
							"name": "snow",
							"from": [ 0.0525, 2.9845, 17.9492 ],
							"to": [ 1.1525, 3.2845, 20.9492 ],
							"rotationOrigin": [ 0.0497, -1.4655, 17.9989 ],
							"rotationX": 0.0419,
							"rotationY": 89.9802,
							"rotationZ": -0.0223,
							"faces": {
								"north": { "texture": "#snowcover", "uv": [ 0.0, 0.0, 1.0, 1.0 ] },
								"east": { "texture": "#snowcover", "uv": [ 0.0, 0.0, 3.0, 1.0 ] },
								"south": { "texture": "#snowcover", "uv": [ 0.0, 0.0, 1.0, 1.0 ] },
								"west": { "texture": "#snowcover", "uv": [ 0.0, 0.0, 3.0, 1.0 ] },
								"up": { "texture": "#snowcover", "uv": [ 0.0, 0.0, 1.0, 3.0 ], "rotation": 180 }
							},
							"children": [
								{
									"name": "snow2",
									"from": [ 3.1, 0.0, 0.0 ],
									"to": [ 3.6, 0.3, 3.0 ],
									"rotationOrigin": [ 3.1, -4.45, 0.05 ],
									"faces": {
										"north": { "texture": "#snowcover", "uv": [ 0.0, 0.0, 0.5, 1.0 ] },
										"east": { "texture": "#snowcover", "uv": [ 0.0, 0.0, 3.0, 1.0 ] },
										"south": { "texture": "#snowcover", "uv": [ 0.0, 0.0, 0.5, 1.0 ] },
										"west": { "texture": "#snowcover", "uv": [ 0.0, 0.0, 3.0, 1.0 ] },
										"up": { "texture": "#snowcover", "uv": [ 0.0, 0.0, 1.0, 3.0 ], "rotation": 180 }
									}
								},
								{
									"name": "snow3",
									"from": [ 5.1, 0.0, 0.0 ],
									"to": [ 5.3, 0.3, 3.0 ],
									"rotationOrigin": [ 5.1, -4.45, 0.05 ],
									"faces": {
										"north": { "texture": "#snowcover", "uv": [ 0.0, 0.0, 0.5, 1.0 ] },
										"east": { "texture": "#snowcover", "uv": [ 0.0, 0.0, 3.0, 1.0 ] },
										"south": { "texture": "#snowcover", "uv": [ 0.0, 0.0, 0.5, 1.0 ] },
										"west": { "texture": "#snowcover", "uv": [ 0.0, 0.0, 3.0, 1.0 ] },
										"up": { "texture": "#snowcover", "uv": [ 0.0, 0.0, 1.0, 3.0 ], "rotation": 180 }
									}
								},
								{
									"name": "snow4",
									"from": [ 7.3, 0.0, 0.0 ],
									"to": [ 7.6, 0.3, 3.0 ],
									"rotationOrigin": [ 7.3, -4.45, 0.05 ],
									"faces": {
										"north": { "texture": "#snowcover", "uv": [ 0.0, 0.0, 0.5, 1.0 ] },
										"east": { "texture": "#snowcover", "uv": [ 0.0, 0.0, 3.0, 1.0 ] },
										"south": { "texture": "#snowcover", "uv": [ 0.0, 0.0, 0.5, 1.0 ] },
										"west": { "texture": "#snowcover", "uv": [ 0.0, 0.0, 3.0, 1.0 ] },
										"up": { "texture": "#snowcover", "uv": [ 0.0, 0.0, 1.0, 3.0 ], "rotation": 180 }
									}
								},
								{
									"name": "snow5",
									"from": [ 8.6, 0.0, 0.0 ],
									"to": [ 9.2, 0.3, 3.0 ],
									"rotationOrigin": [ 8.6, -4.45, 0.05 ],
									"faces": {
										"north": { "texture": "#snowcover", "uv": [ 0.0, 0.0, 0.5, 1.0 ] },
										"east": { "texture": "#snowcover", "uv": [ 0.0, 0.0, 3.0, 1.0 ] },
										"south": { "texture": "#snowcover", "uv": [ 0.0, 0.0, 0.5, 1.0 ] },
										"west": { "texture": "#snowcover", "uv": [ 0.0, 0.0, 3.0, 1.0 ] },
										"up": { "texture": "#snowcover", "uv": [ 0.0, 0.0, 1.0, 3.0 ], "rotation": 180 }
									}
								},
								{
									"name": "snow6",
									"from": [ 11.2, 0.0, 0.0 ],
									"to": [ 11.6, 0.3, 3.0 ],
									"rotationOrigin": [ 11.2, -4.45, 0.05 ],
									"faces": {
										"north": { "texture": "#snowcover", "uv": [ 0.0, 0.0, 0.5, 1.0 ] },
										"east": { "texture": "#snowcover", "uv": [ 0.0, 0.0, 3.0, 1.0 ] },
										"south": { "texture": "#snowcover", "uv": [ 0.0, 0.0, 0.5, 1.0 ] },
										"west": { "texture": "#snowcover", "uv": [ 0.0, 0.0, 3.0, 1.0 ] },
										"up": { "texture": "#snowcover", "uv": [ 0.0, 0.0, 1.0, 3.0 ], "rotation": 180 }
									}
								},
								{
									"name": "snow7",
									"from": [ 13.1, 0.0, 0.0 ],
									"to": [ 13.6, 0.3, 3.0 ],
									"rotationOrigin": [ 13.1, -4.45, 0.05 ],
									"faces": {
										"north": { "texture": "#snowcover", "uv": [ 0.0, 0.0, 0.5, 1.0 ] },
										"east": { "texture": "#snowcover", "uv": [ 0.0, 0.0, 3.0, 1.0 ] },
										"south": { "texture": "#snowcover", "uv": [ 0.0, 0.0, 0.5, 1.0 ] },
										"west": { "texture": "#snowcover", "uv": [ 0.0, 0.0, 3.0, 1.0 ] },
										"up": { "texture": "#snowcover", "uv": [ 0.0, 0.0, 1.0, 3.0 ], "rotation": 180 }
									}
								},
								{
									"name": "snow8",
									"from": [ 15.6, 0.0, 0.0 ],
									"to": [ 15.9, 0.3, 3.0 ],
									"rotationOrigin": [ 15.6, -4.45, 0.05 ],
									"faces": {
										"north": { "texture": "#snowcover", "uv": [ 0.0, 0.0, 0.5, 1.0 ] },
										"east": { "texture": "#snowcover", "uv": [ 0.0, 0.0, 3.0, 1.0 ] },
										"south": { "texture": "#snowcover", "uv": [ 0.0, 0.0, 0.5, 1.0 ] },
										"west": { "texture": "#snowcover", "uv": [ 0.0, 0.0, 3.0, 1.0 ] },
										"up": { "texture": "#snowcover", "uv": [ 0.0, 0.0, 1.0, 3.0 ], "rotation": 180 }
									}
								},
								{
									"name": "snow9",
									"from": [ 16.9, 0.0, 0.0 ],
									"to": [ 18.0, 0.3, 3.0 ],
									"rotationOrigin": [ 16.9, -4.45, 0.05 ],
									"faces": {
										"north": { "texture": "#snowcover", "uv": [ 0.0, 0.0, 1.0, 1.0 ] },
										"east": { "texture": "#snowcover", "uv": [ 0.0, 0.0, 3.0, 1.0 ] },
										"south": { "texture": "#snowcover", "uv": [ 0.0, 0.0, 1.0, 1.0 ] },
										"west": { "texture": "#snowcover", "uv": [ 0.0, 0.0, 3.0, 1.0 ] },
										"up": { "texture": "#snowcover", "uv": [ 0.0, 0.0, 1.0, 3.0 ], "rotation": 180 }
									}
								},
								{
									"name": "snowchunk10",
									"from": [ 18.0, -0.01, 0.99 ],
									"to": [ 19.0, 0.29, 2.99 ],
									"rotationOrigin": [ 18.0, -4.45, 1.05 ],
									"faces": {
									},
									"children": [
										{
											"name": "snowchunk11",
											"from": [ 0.0, -1.49, -0.98 ],
											"to": [ 2.0, -1.19, 0.02 ],
											"rotationOrigin": [ 0.0, -5.94, -0.94 ],
											"faces": {
											}
										}
									]
								},
								{
									"name": "snowchunk12",
									"from": [ -1.0, -0.01, 1.99 ],
									"to": [ 0.0, 0.29, 2.99 ],
									"rotationOrigin": [ -0.9, -4.45, 2.05 ],
									"faces": {
									},
									"children": [
										{
											"name": "snowchunk13",
											"from": [ -0.5, -0.98, -1.49 ],
											"to": [ 1.0, -0.68, -0.49 ],
											"rotationOrigin": [ -0.4, -5.45, -1.94 ],
											"faces": {
											}
										},
										{
											"name": "snowchunk14",
											"from": [ -1.0, -1.97, -0.99 ],
											"to": [ 1.0, -1.67, 0.01 ],
											"rotationOrigin": [ -1.4, -6.45, -1.44 ],
											"faces": {
											}
										},
										{
											"name": "snowchunk15",
											"from": [ -1.0, -1.97, 0.01 ],
											"to": [ 0.0, -1.67, 0.51 ],
											"rotationOrigin": [ -1.4, -6.35, -0.44 ],
											"faces": {
											}
										}
									]
								},
								{
									"name": "snow16",
									"from": [ 1.1, 0.0, 0.01 ],
									"to": [ 16.9, 0.1, 2.5 ],
									"rotationOrigin": [ 1.1, -4.45, 0.05 ],
									"faces": {
										"north": { "texture": "#snowcover", "uv": [ 0.0, 0.0, 15.5, 1.0 ] },
										"east": { "texture": "#snowcover", "uv": [ 0.0, 0.0, 2.0, 1.0 ] },
										"south": { "texture": "#snowcover", "uv": [ 0.0, 0.0, 15.5, 1.0 ] },
										"west": { "texture": "#snowcover", "uv": [ 0.0, 0.0, 2.0, 1.0 ] },
										"up": { "texture": "#snowcover", "uv": [ 0.0, 0.0, 15.0, 2.0 ], "rotation": 180 }
									}
								}
							]
						}
					]
				},
				{
					"name": "Support1",
					"from": [ 1.82, 11.25, -7.0 ],
					"to": [ 4.82, 14.25, 3.0 ],
					"rotationOrigin": [ 3.8638, 11.5319, 5.0 ],
					"rotationY": -180.0,
					"rotationZ": -45.0,
					"faces": {
						"north": { "texture": "#endp", "uv": [ 0.0, 0.0, 16.0, 16.0 ] },
						"east": { "texture": "#bark", "uv": [ 0.0, 12.5, 10.0, 15.5 ] },
						"west": { "texture": "#bark", "uv": [ 0.0, 12.5, 10.0, 15.5 ] },
						"up": { "texture": "#bark", "uv": [ 0.0, 12.5, 10.0, 15.5 ], "rotation": 90 },
						"down": { "texture": "#bark", "uv": [ 0.0, 13.0, 10.0, 16.0 ], "rotation": 90 }
					},
					"children": [
						{
							"name": "Support11",
							"from": [ 0.0, 0.0, 10.0 ],
							"to": [ 3.0, 3.0, 18.0 ],
							"rotationOrigin": [ 1.5, 1.5, 10.0 ],
							"faces": {
								"east": { "texture": "#bark", "uv": [ 8.0, 13.0, 16.0, 16.0 ] },
								"south": { "texture": "#endp", "uv": [ 0.0, 0.0, 16.0, 16.0 ] },
								"west": { "texture": "#bark", "uv": [ 8.0, 13.0, 16.0, 16.0 ] },
								"up": { "texture": "#bark", "uv": [ 8.0, 13.0, 16.0, 16.0 ], "rotation": 90 },
								"down": { "texture": "#bark", "uv": [ 8.0, 13.0, 16.0, 16.0 ], "rotation": 90 }
							},
							"children": [
								{
									"name": "chunk28",
									"from": [ 0.01, 1.99, 8.0 ],
									"to": [ 1.01, 2.99, 10.0 ],
									"rotationOrigin": [ 0.0, 2.0, 8.0 ],
									"faces": {
									}
								},
								{
									"name": "chunk29",
									"from": [ 1.0, 1.0, 8.0 ],
									"to": [ 2.0, 2.0, 9.0 ],
									"rotationOrigin": [ 1.0, 1.0, 8.0 ],
									"faces": {
									}
								},
								{
									"name": "chunk30",
									"from": [ 1.49, 1.49, 8.0 ],
									"to": [ 2.99, 2.99, 9.5 ],
									"rotationOrigin": [ 1.5, 2.0, 8.0 ],
									"faces": {
									}
								},
								{
									"name": "chunk31",
									"from": [ 1.5, 0.01, 8.0 ],
									"to": [ 2.5, 1.01, 10.0 ],
									"rotationOrigin": [ 1.5, 0.0, 8.0 ],
									"faces": {
									}
								}
							]
						},
						{
							"name": "chunk32",
							"from": [ 0.01, 0.01, -2.0 ],
							"to": [ 2.01, 2.01, 0.0 ],
							"rotationOrigin": [ 0.0, 0.0, -2.0 ],
							"faces": {
							}
						},
						{
							"name": "chunk33",
							"from": [ 1.5, 1.5, -3.0 ],
							"to": [ 2.5, 2.5, 0.0 ],
							"rotationOrigin": [ 1.5, 1.5, -2.0 ],
							"faces": {
							}
						},
						{
							"name": "chunk34",
							"from": [ 1.5, 1.5, -3.0 ],
							"to": [ 2.5, 2.5, 0.0 ],
							"rotationOrigin": [ 1.5, 1.5, -2.0 ],
							"faces": {
							}
						},
						{
							"name": "chunk35",
							"from": [ 1.99, 0.01, -1.0 ],
							"to": [ 2.99, 1.01, 0.0 ],
							"rotationOrigin": [ 2.0, 0.0, 0.0 ],
							"faces": {
							}
						},
						{
							"name": "snow17",
							"from": [ 2.9296, 2.9997, -0.0703 ],
							"to": [ 4.0296, 3.2997, 2.9297 ],
							"rotationOrigin": [ 2.9302, -1.3403, 0.0 ],
							"rotationX": 0.0,
							"rotationY": -89.9802,
							"faces": {
								"north": { "texture": "#snowcover", "uv": [ 0.0, 0.0, 1.0, 1.0 ] },
								"east": { "texture": "#snowcover", "uv": [ 0.0, 0.0, 3.0, 1.0 ] },
								"south": { "texture": "#snowcover", "uv": [ 0.0, 0.0, 1.0, 1.0 ] },
								"west": { "texture": "#snowcover", "uv": [ 0.0, 0.0, 3.0, 1.0 ] },
								"up": { "texture": "#snowcover", "uv": [ 0.0, 0.0, 1.0, 3.0 ], "rotation": 180 }
							},
							"children": [
								{
									"name": "snow18",
									"from": [ 3.1, 0.0, 0.0 ],
									"to": [ 3.6, 0.3, 3.0 ],
									"rotationOrigin": [ 3.1, -4.45, 0.05 ],
									"faces": {
										"north": { "texture": "#snowcover", "uv": [ 0.0, 0.0, 0.5, 1.0 ] },
										"east": { "texture": "#snowcover", "uv": [ 0.0, 0.0, 3.0, 1.0 ] },
										"south": { "texture": "#snowcover", "uv": [ 0.0, 0.0, 0.5, 1.0 ] },
										"west": { "texture": "#snowcover", "uv": [ 0.0, 0.0, 3.0, 1.0 ] },
										"up": { "texture": "#snowcover", "uv": [ 0.0, 0.0, 1.0, 3.0 ], "rotation": 180 }
									}
								},
								{
									"name": "snow19",
									"from": [ 5.1, 0.0, 0.0 ],
									"to": [ 5.3, 0.3, 3.0 ],
									"rotationOrigin": [ 5.1, -4.45, 0.05 ],
									"faces": {
										"north": { "texture": "#snowcover", "uv": [ 0.0, 0.0, 0.5, 1.0 ] },
										"east": { "texture": "#snowcover", "uv": [ 0.0, 0.0, 3.0, 1.0 ] },
										"south": { "texture": "#snowcover", "uv": [ 0.0, 0.0, 0.5, 1.0 ] },
										"west": { "texture": "#snowcover", "uv": [ 0.0, 0.0, 3.0, 1.0 ] },
										"up": { "texture": "#snowcover", "uv": [ 0.0, 0.0, 1.0, 3.0 ], "rotation": 180 }
									}
								},
								{
									"name": "snow20",
									"from": [ 7.3, 0.0, 0.0 ],
									"to": [ 7.6, 0.3, 3.0 ],
									"rotationOrigin": [ 7.3, -4.45, 0.05 ],
									"faces": {
										"north": { "texture": "#snowcover", "uv": [ 0.0, 0.0, 0.5, 1.0 ] },
										"east": { "texture": "#snowcover", "uv": [ 0.0, 0.0, 3.0, 1.0 ] },
										"south": { "texture": "#snowcover", "uv": [ 0.0, 0.0, 0.5, 1.0 ] },
										"west": { "texture": "#snowcover", "uv": [ 0.0, 0.0, 3.0, 1.0 ] },
										"up": { "texture": "#snowcover", "uv": [ 0.0, 0.0, 1.0, 3.0 ], "rotation": 180 }
									}
								},
								{
									"name": "snow21",
									"from": [ 8.6, 0.0, 0.0 ],
									"to": [ 9.0, 0.3, 3.0 ],
									"rotationOrigin": [ 8.6, -4.45, 0.05 ],
									"faces": {
										"north": { "texture": "#snowcover", "uv": [ 0.0, 0.0, 0.5, 1.0 ] },
										"east": { "texture": "#snowcover", "uv": [ 0.0, 0.0, 3.0, 1.0 ] },
										"south": { "texture": "#snowcover", "uv": [ 0.0, 0.0, 0.5, 1.0 ] },
										"west": { "texture": "#snowcover", "uv": [ 0.0, 0.0, 3.0, 1.0 ] },
										"up": { "texture": "#snowcover", "uv": [ 0.0, 0.0, 1.0, 3.0 ], "rotation": 180 }
									}
								},
								{
									"name": "snow22",
									"from": [ 11.0, 0.0, 0.0 ],
									"to": [ 11.6, 0.3, 3.0 ],
									"rotationOrigin": [ 11.0, -4.45, 0.05 ],
									"faces": {
										"north": { "texture": "#snowcover", "uv": [ 0.0, 0.0, 0.5, 1.0 ] },
										"east": { "texture": "#snowcover", "uv": [ 0.0, 0.0, 3.0, 1.0 ] },
										"south": { "texture": "#snowcover", "uv": [ 0.0, 0.0, 0.5, 1.0 ] },
										"west": { "texture": "#snowcover", "uv": [ 0.0, 0.0, 3.0, 1.0 ] },
										"up": { "texture": "#snowcover", "uv": [ 0.0, 0.0, 1.0, 3.0 ], "rotation": 180 }
									}
								},
								{
									"name": "snow23",
									"from": [ 13.15, 0.0, 0.0 ],
									"to": [ 13.6, 0.3, 3.0 ],
									"rotationOrigin": [ 13.1, -4.45, 0.05 ],
									"faces": {
										"north": { "texture": "#snowcover", "uv": [ 0.0, 0.0, 0.5, 1.0 ] },
										"east": { "texture": "#snowcover", "uv": [ 0.0, 0.0, 3.0, 1.0 ] },
										"south": { "texture": "#snowcover", "uv": [ 0.0, 0.0, 0.5, 1.0 ] },
										"west": { "texture": "#snowcover", "uv": [ 0.0, 0.0, 3.0, 1.0 ] },
										"up": { "texture": "#snowcover", "uv": [ 0.0, 0.0, 1.0, 3.0 ], "rotation": 180 }
									}
								},
								{
									"name": "snow24",
									"from": [ 15.6, 0.0, 0.0 ],
									"to": [ 15.9, 0.3, 3.0 ],
									"rotationOrigin": [ 15.6, -4.45, 0.05 ],
									"faces": {
										"north": { "texture": "#snowcover", "uv": [ 0.0, 0.0, 0.5, 1.0 ] },
										"east": { "texture": "#snowcover", "uv": [ 0.0, 0.0, 3.0, 1.0 ] },
										"south": { "texture": "#snowcover", "uv": [ 0.0, 0.0, 0.5, 1.0 ] },
										"west": { "texture": "#snowcover", "uv": [ 0.0, 0.0, 3.0, 1.0 ] },
										"up": { "texture": "#snowcover", "uv": [ 0.0, 0.0, 1.0, 3.0 ], "rotation": 180 }
									}
								},
								{
									"name": "snow25",
									"from": [ 16.9, 0.0, 0.0 ],
									"to": [ 18.0, 0.3, 3.0 ],
									"rotationOrigin": [ 16.9, -4.45, 0.05 ],
									"faces": {
										"north": { "texture": "#snowcover", "uv": [ 0.0, 0.0, 1.0, 1.0 ] },
										"east": { "texture": "#snowcover", "uv": [ 0.0, 0.0, 3.0, 1.0 ] },
										"south": { "texture": "#snowcover", "uv": [ 0.0, 0.0, 1.0, 1.0 ] },
										"west": { "texture": "#snowcover", "uv": [ 0.0, 0.0, 3.0, 1.0 ] },
										"up": { "texture": "#snowcover", "uv": [ 0.0, 0.0, 1.0, 3.0 ], "rotation": 180 }
									}
								},
								{
									"name": "snowchunk26",
									"from": [ -3.0, -0.51, 0.5 ],
									"to": [ 0.0, -0.21, 1.5 ],
									"rotationOrigin": [ -3.8, -0.5, 0.5 ],
									"faces": {
									},
									"children": [
										{
											"name": "snowchunk27",
											"from": [ 1.0, -0.49, 1.0 ],
											"to": [ 3.0, -0.19, 2.49 ],
											"rotationOrigin": [ 1.0, 0.0, -0.5 ],
											"faces": {
											}
										},
										{
											"name": "snowchunk29",
											"from": [ 2.0, -1.48, -0.49 ],
											"to": [ 3.0, -1.18, 0.01 ],
											"rotationOrigin": [ 2.0, -1.5, -1.0 ],
											"faces": {
											}
										}
									]
								},
								{
									"name": "snowchunk28",
									"from": [ 18.01, -0.01, 1.992 ],
									"to": [ 20.01, 0.29, 2.992 ],
									"rotationOrigin": [ 19.1, -4.45, 2.05 ],
									"faces": {
									},
									"children": [
										{
											"name": "snowchunk30",
											"from": [ -0.01, -0.01, -1.98 ],
											"to": [ 1.49, 0.29, -0.48 ],
											"faces": {
											}
										},
										{
											"name": "snowchunk31",
											"from": [ 0.0, -1.08, -0.48 ],
											"to": [ 1.0, -0.78, 0.01 ],
											"rotationOrigin": [ -0.5, -1.08, 0.0 ],
											"faces": {
											}
										}
									]
								},
								{
									"name": "snow32",
									"from": [ 1.1, 0.0, 0.01 ],
									"to": [ 16.9, 0.1, 2.5 ],
									"rotationOrigin": [ 1.1, -4.45, 0.05 ],
									"faces": {
										"north": { "texture": "#snowcover", "uv": [ 0.0, 0.0, 15.5, 1.0 ] },
										"east": { "texture": "#snowcover", "uv": [ 0.0, 0.0, 2.0, 1.0 ] },
										"south": { "texture": "#snowcover", "uv": [ 0.0, 0.0, 15.5, 1.0 ] },
										"west": { "texture": "#snowcover", "uv": [ 0.0, 0.0, 2.0, 1.0 ] },
										"up": { "texture": "#snowcover", "uv": [ 0.0, 0.0, 15.0, 2.0 ], "rotation": 180 }
									}
								}
							]
						}
					]
				}
			]
		}
	]}