{
	"editor": {
		"allAngles": true,
		"entityTextureMode": false
	},
	"textureWidth": 16,
	"textureHeight": 16,
	"textureSizes": {
		"quartz": [16,16],
		"bee": [16,16]
	},
	"textures": {
	},
	"elements": [
		{
			"name": "body",
			"from": [ 7.0, 0.0, 7.5 ],
			"to": [ 8.0, 1.0, 8.5 ],
			"rotationOrigin": [ 8.0, 0.5, 8.0 ],
			"faces": {
				"north": { "texture": "#bee", "uv": [ 2.5, 5.0, 3.5, 6.0 ] },
				"east": { "texture": "#bee", "uv": [ 6.0, 4.0, 7.0, 5.0 ] },
				"south": { "texture": "#bee", "uv": [ 0.0, 3.0, 1.0, 4.0 ] },
				"west": { "texture": "#bee", "uv": [ 7.0, 1.0, 8.0, 2.0 ] },
				"up": { "texture": "#bee", "uv": [ 3.0, 3.0, 4.0, 4.0 ] },
				"down": { "texture": "#bee", "uv": [ 1.5, 2.0, 2.5, 3.0 ] }
			},
			"children": [
				{
					"name": "head",
					"from": [ -0.3, 0.2, 0.2 ],
					"to": [ 0.2, 0.7, 0.7 ],
					"rotationOrigin": [ 0.0, 0.4, 0.5 ],
					"rotationZ": 25.0,
					"faces": {
						"north": { "texture": "#bee", "uv": [ 14.0, 1.0, 14.5, 1.5 ] },
						"east": { "texture": "#bee", "uv": [ 14.0, 0.0, 14.5, 0.5 ] },
						"south": { "texture": "#bee", "uv": [ 15.0, 1.0, 15.5, 1.5 ] },
						"west": { "texture": "#bee", "uv": [ 14.0, 0.0, 14.5, 0.5 ] },
						"up": { "texture": "#bee", "uv": [ 14.0, 0.0, 14.5, 0.5 ] },
						"down": { "texture": "#bee", "uv": [ 14.0, 0.0, 14.5, 0.5 ] }
					}
				},
				{
					"name": "abdomen",
					"from": [ 0.9, 0.1, -0.1 ],
					"to": [ 1.9, 1.1, 1.1 ],
					"rotationOrigin": [ 0.5, 0.5, 0.5 ],
					"rotationZ": -10.0,
					"faces": {
						"north": { "texture": "#bee", "uv": [ 0.5, 0.0, 1.5, 1.0 ] },
						"east": { "texture": "#bee", "uv": [ 6.0, 0.0, 7.0, 1.0 ] },
						"south": { "texture": "#bee", "uv": [ 0.0, 0.0, 1.0, 1.0 ] },
						"west": { "texture": "#bee", "uv": [ 0.0, 0.0, 1.0, 1.0 ] },
						"up": { "texture": "#bee", "uv": [ 0.0, 0.0, 1.0, 1.0 ] },
						"down": { "texture": "#bee", "uv": [ 3.5, 3.0, 4.5, 4.0 ] }
					}
				},
				{
					"name": "R wing",
					"from": [ 0.1, 0.5, 0.0 ],
					"to": [ 0.1, 2.5, 1.0 ],
					"renderPass": 3,
					"rotationOrigin": [ 0.1, 0.5, 0.5 ],
					"rotationX": -45.0,
					"rotationZ": -45.0,
					"faces": {
						"west": { "texture": "#quartz", "uv": [ 12.0, 3.0, 13.0, 5.0 ] }
					}
				},
				{
					"name": "L wing",
					"from": [ 0.1, 0.5, 0.0 ],
					"to": [ 0.1, 2.5, 1.0 ],
					"rotationOrigin": [ 0.1, 0.5, 0.5 ],
					"rotationX": 45.0,
					"rotationZ": -45.0,
					"faces": {
						"west": { "texture": "#quartz", "uv": [ 9.0, 11.0, 10.0, 13.0 ] }
					}
				}
			]
		}
	],
	"animations": [
		{
			"name": "Fly",
			"code": "fly",
			"quantityframes": 25,
			"onActivityStopped": "EaseOut",
			"onAnimationEnd": "Repeat",
			"keyframes": [
				{
					"frame": 1,
					"elements": {
						"L wing": { "rotationX": 0.0, "rotationY": 0.0, "rotationZ": 0.0 },
						"R wing": { "rotationX": 0.0, "rotationY": 0.0, "rotationZ": 0.0 },
						"body": { "offsetX": 0.0, "offsetY": 0.05, "offsetZ": -0.05, "rotationX": 0.0, "rotationY": 0.0, "rotationZ": 0.0 }
					}
				},
				{
					"frame": 2,
					"elements": {
						"R wing": { "rotationX": 0.0, "rotationY": 0.0, "rotationZ": 15.0 },
						"L wing": { "rotationX": 0.0, "rotationY": 0.0, "rotationZ": 15.0 }
					}
				},
				{
					"frame": 3,
					"elements": {
						"R wing": { "rotationX": 0.0, "rotationY": 0.0, "rotationZ": 0.0 },
						"L wing": { "rotationX": 0.0, "rotationY": 0.0, "rotationZ": 0.0 }
					}
				},
				{
					"frame": 4,
					"elements": {
						"L wing": { "rotationX": 0.0, "rotationY": 0.0, "rotationZ": -15.0 },
						"R wing": { "rotationX": 0.0, "rotationY": 0.0, "rotationZ": -15.0 }
					}
				},
				{
					"frame": 5,
					"elements": {
						"R wing": { "rotationX": 0.0, "rotationY": 0.0, "rotationZ": 0.0 },
						"L wing": { "rotationX": 0.0, "rotationY": 0.0, "rotationZ": 0.0 }
					}
				},
				{
					"frame": 6,
					"elements": {
						"L wing": { "rotationX": 0.0, "rotationY": 0.0, "rotationZ": 15.0 },
						"R wing": { "rotationX": 0.0, "rotationY": 0.0, "rotationZ": 15.0 }
					}
				},
				{
					"frame": 7,
					"elements": {
						"L wing": { "rotationX": 0.0, "rotationY": 0.0, "rotationZ": 0.0 },
						"body": { "offsetX": 0.0, "offsetY": -0.05, "offsetZ": 0.05, "rotationX": 1.0, "rotationY": 0.0, "rotationZ": 0.0 },
						"R wing": { "rotationX": 0.0, "rotationY": 0.0, "rotationZ": 0.0 }
					}
				},
				{
					"frame": 8,
					"elements": {
						"L wing": { "rotationX": 0.0, "rotationY": 0.0, "rotationZ": -15.0 },
						"R wing": { "rotationX": 0.0, "rotationY": 0.0, "rotationZ": -15.0 }
					}
				},
				{
					"frame": 9,
					"elements": {
						"R wing": { "rotationX": 0.0, "rotationY": 0.0, "rotationZ": 0.0 },
						"L wing": { "rotationX": 0.0, "rotationY": 0.0, "rotationZ": 0.0 }
					}
				},
				{
					"frame": 10,
					"elements": {
						"L wing": { "rotationX": 0.0, "rotationY": 0.0, "rotationZ": 15.0 },
						"R wing": { "rotationX": 0.0, "rotationY": 0.0, "rotationZ": 15.0 }
					}
				},
				{
					"frame": 11,
					"elements": {
						"R wing": { "rotationX": 0.0, "rotationY": 0.0, "rotationZ": 0.0 },
						"L wing": { "rotationX": 0.0, "rotationY": 0.0, "rotationZ": 0.0 }
					}
				},
				{
					"frame": 12,
					"elements": {
						"L wing": { "rotationX": 0.0, "rotationY": 0.0, "rotationZ": -15.0 },
						"R wing": { "rotationX": 0.0, "rotationY": 0.0, "rotationZ": -15.0 }
					}
				},
				{
					"frame": 13,
					"elements": {
						"body": { "offsetX": 0.0, "offsetY": 0.05, "offsetZ": 0.05, "rotationX": 0.0, "rotationY": 0.0, "rotationZ": 0.0 },
						"R wing": { "rotationX": 0.0, "rotationY": 0.0, "rotationZ": 0.0 },
						"L wing": { "rotationX": 0.0, "rotationY": 0.0, "rotationZ": 0.0 }
					}
				},
				{
					"frame": 14,
					"elements": {
						"L wing": { "rotationX": 0.0, "rotationY": 0.0, "rotationZ": 15.0 },
						"R wing": { "rotationX": 0.0, "rotationY": 0.0, "rotationZ": 15.0 }
					}
				},
				{
					"frame": 15,
					"elements": {
						"R wing": { "rotationX": 0.0, "rotationY": 0.0, "rotationZ": 0.0 },
						"L wing": { "rotationX": 0.0, "rotationY": 0.0, "rotationZ": 0.0 }
					}
				},
				{
					"frame": 16,
					"elements": {
						"L wing": { "rotationX": 0.0, "rotationY": 0.0, "rotationZ": -15.0 },
						"R wing": { "rotationX": 0.0, "rotationY": 0.0, "rotationZ": -15.0 }
					}
				},
				{
					"frame": 17,
					"elements": {
						"R wing": { "rotationX": 0.0, "rotationY": 0.0, "rotationZ": 0.0 },
						"L wing": { "rotationX": 0.0, "rotationY": 0.0, "rotationZ": 0.0 }
					}
				},
				{
					"frame": 18,
					"elements": {
						"L wing": { "rotationX": 0.0, "rotationY": 0.0, "rotationZ": 15.0 },
						"R wing": { "rotationX": 0.0, "rotationY": 0.0, "rotationZ": 15.0 }
					}
				},
				{
					"frame": 19,
					"elements": {
						"body": { "offsetX": 0.0, "offsetY": -0.05, "offsetZ": -0.05, "rotationX": -1.0, "rotationY": 0.0, "rotationZ": 0.0 },
						"R wing": { "rotationX": 0.0, "rotationY": 0.0, "rotationZ": 0.0 },
						"L wing": { "rotationX": 0.0, "rotationY": 0.0, "rotationZ": 0.0 }
					}
				},
				{
					"frame": 20,
					"elements": {
						"L wing": { "rotationX": 0.0, "rotationY": 0.0, "rotationZ": -15.0 },
						"R wing": { "rotationX": 0.0, "rotationY": 0.0, "rotationZ": -15.0 }
					}
				},
				{
					"frame": 21,
					"elements": {
						"R wing": { "rotationX": 0.0, "rotationY": 0.0, "rotationZ": 0.0 },
						"L wing": { "rotationX": 0.0, "rotationY": 0.0, "rotationZ": 0.0 }
					}
				},
				{
					"frame": 22,
					"elements": {
						"L wing": { "rotationX": 0.0, "rotationY": 0.0, "rotationZ": 15.0 },
						"R wing": { "rotationX": 0.0, "rotationY": 0.0, "rotationZ": 15.0 }
					}
				},
				{
					"frame": 23,
					"elements": {
						"R wing": { "rotationX": 0.0, "rotationY": 0.0, "rotationZ": 0.0 },
						"L wing": { "rotationX": 0.0, "rotationY": 0.0, "rotationZ": 0.0 }
					}
				},
				{
					"frame": 24,
					"elements": {
						"L wing": { "rotationX": 0.0, "rotationY": 0.0, "rotationZ": -15.0 },
						"R wing": { "rotationX": 0.0, "rotationY": 0.0, "rotationZ": -15.0 }
					}
				}
			]
		},

		{
			"name": "Feed",
			"code": "feed",
			"quantityframes": 300,
			"onActivityStopped": "Rewind",
			"onAnimationEnd": "Repeat",
			"keyframes": [
				{
					"frame": 0,
					"elements": {
						"body": { "rotationX": 0.0, "rotationY": 0.0, "rotationZ": 0.0 }
					}
				},
				{
					"frame": 10,
					"elements": {
						"body": { "offsetX": -0.5031, "offsetY": 0.0, "offsetZ": 0.0 }
					}
				},
				{
					"frame": 20,
					"elements": {
						"body": { "offsetX": -0.6016, "offsetY": 0.0, "offsetZ": 0.0, "rotationX": 0.0, "rotationY": 6.0, "rotationZ": 0.0 }
					}
				},
				{
					"frame": 30,
					"elements": {
						"body": { "offsetX": -0.5, "offsetY": 0.0, "offsetZ": 0.0, "rotationX": 0.0, "rotationY": 15.0, "rotationZ": 0.0 }
					}
				},
				{
					"frame": 90,
					"elements": {
						"body": { "offsetX": -0.5, "offsetY": 0.0, "offsetZ": 0.0, "rotationX": 0.0, "rotationY": 15.0, "rotationZ": 0.0 }
					}
				},
				{
					"frame": 100,
					"elements": {
						"body": { "rotationX": 0.0, "rotationY": -3.6667, "rotationZ": 0.0 }
					}
				},
				{
					"frame": 110,
					"elements": {
						"body": { "rotationX": 0.0, "rotationY": -11.8333, "rotationZ": 0.0 }
					}
				},
				{
					"frame": 120,
					"elements": {
						"body": { "offsetX": 0.5, "offsetY": 0.0, "offsetZ": 0.0, "rotationX": 0.0, "rotationY": -32.0, "rotationZ": 0.0 }
					}
				},
				{
					"frame": 180,
					"elements": {
						"body": { "offsetX": 0.5, "offsetY": 0.0, "offsetZ": 0.0, "rotationX": 0.0, "rotationY": -32.0, "rotationZ": 0.0 }
					}
				},
				{
					"frame": 190,
					"elements": {
						"body": { "rotationX": 0.0, "rotationY": -35.0, "rotationZ": 0.0 }
					}
				},
				{
					"frame": 200,
					"elements": {
						"body": { "rotationX": 0.0, "rotationY": -29.0, "rotationZ": 0.0 }
					}
				},
				{
					"frame": 210,
					"elements": {
						"body": { "offsetX": -0.7, "offsetY": 0.0, "offsetZ": 0.0, "rotationX": 0.0, "rotationY": -32.0, "rotationZ": 0.0 }
					}
				},
				{
					"frame": 270,
					"elements": {
						"body": { "offsetX": -0.7, "offsetY": 0.0, "offsetZ": 0.0, "rotationX": 0.0, "rotationY": -32.0, "rotationZ": 0.0 }
					}
				},
				{
					"frame": 280,
					"elements": {
						"body": { "offsetX": -0.7, "offsetY": 0.0, "offsetZ": 0.0 }
					}
				},
				{
					"frame": 290,
					"elements": {
						"body": { "offsetX": -0.7, "offsetY": 0.0, "offsetZ": 0.0 }
					}
				},
				{
					"frame": 295,
					"elements": {
						"body": { "offsetX": -0.4498, "offsetY": 0.0, "offsetZ": 0.0, "rotationX": 0.0, "rotationY": -7.0667, "rotationZ": 0.0 }
					}
				}
			]
		},

		{
			"name": "Rest",
			"code": "rest",
			"quantityframes": 5,
			"onActivityStopped": "Rewind",
			"onAnimationEnd": "Repeat",
			"keyframes": [
				{
					"frame": 4,
					"elements": {
						"L wing": { "rotationX": 0.0, "rotationY": 0.0, "rotationZ": -10.0 },
						"R wing": { "rotationX": 0.0, "rotationY": 0.0, "rotationZ": -10.0 }
					}
				}
			]
		}
	]
}