{
	"editor": {
		"collapsedPaths": ",Root/Walkway20/Walkway21,Root/Walkway20/Support,Root/Walkway20,Root/Walkway/Bracket",
		"allAngles": false,
		"entityTextureMode": false
	},
	"textureWidth": 16,
	"textureHeight": 16,
	"textureSizes": {
		"material": [32,32],
		"metal": [16,16]
	},
	"textures": {
		"snowcover": "block/liquid/snow/normal1",
		"material": "block/wood/debarked/oak"
	},
	"elements": [
		{
			"name": "Walkway",
			"from": [ 0.0, 14.5, 0.0 ],
			"to": [ 16.0, 16.0, 16.0 ],
			"faces": {
				"north": { "texture": "#material", "uv": [ 0.0, 0.0, 32.0, 3.0 ], "autoUv": false },
				"east": { "texture": "#material", "uv": [ 0.0, 0.0, 32.0, 3.0 ], "autoUv": false },
				"south": { "texture": "#material", "uv": [ 0.0, 0.0, 32.0, 3.0 ], "autoUv": false },
				"west": { "texture": "#material", "uv": [ 0.0, 0.0, 32.0, 3.0 ], "autoUv": false },
				"up": { "texture": "#material", "uv": [ 0.0, 0.0, 32.0, 32.0 ], "autoUv": false },
				"down": { "texture": "#material", "uv": [ 0.0, 0.0, 32.0, 32.0 ], "autoUv": false }
			},
			"children": [
				{
					"name": "snow",
					"from": [ 0.0, 1.5, 0.0 ],
					"to": [ 16.0, 3.5, 16.0 ],
					"rotationOrigin": [ 0.0, 9.5, 0.0 ],
					"faces": {
						"north": { "texture": "#snowcover", "uv": [ 0.0, 0.0, 16.0, 2.0 ] },
						"east": { "texture": "#snowcover", "uv": [ 0.0, 0.0, 16.0, 2.0 ] },
						"south": { "texture": "#snowcover", "uv": [ 0.0, 0.0, 16.0, 2.0 ] },
						"west": { "texture": "#snowcover", "uv": [ 0.0, 0.0, 16.0, 2.0 ] },
						"up": { "texture": "#snowcover", "uv": [ 0.0, 0.0, 16.0, 16.0 ], "rotation": 180 }
					}
				},
				{
					"name": "SupportL",
					"from": [ -2.2, -2.5, 1.9 ],
					"to": [ 20.8, 0.0, 4.4 ],
					"rotationOrigin": [ 2.8, 0.0, 4.0 ],
					"rotationY": -45.0,
					"faces": {
						"north": { "texture": "#material", "uv": [ 0.0, 0.0, 32.0, 5.0 ], "autoUv": false },
						"east": { "texture": "#material", "uv": [ 0.0, 0.0, 5.0, 5.0 ], "autoUv": false },
						"south": { "texture": "#material", "uv": [ 0.0, 0.0, 32.0, 5.0 ], "autoUv": false },
						"west": { "texture": "#material", "uv": [ 0.0, 0.0, 5.0, 5.0 ], "autoUv": false },
						"up": { "texture": "#material", "uv": [ 0.0, 0.0, 32.0, 5.0 ], "autoUv": false },
						"down": { "texture": "#material", "uv": [ 0.0, 0.0, 32.0, 5.0 ], "autoUv": false }
					}
				},
				{
					"name": "SupportL2",
					"from": [ -1.0, -2.5, 11.1 ],
					"to": [ 22.0, 0.0, 13.6 ],
					"rotationOrigin": [ 4.0, 0.0, 13.2 ],
					"rotationY": 45.0,
					"faces": {
						"north": { "texture": "#material", "uv": [ 0.0, 0.0, 32.0, 5.0 ], "autoUv": false },
						"east": { "texture": "#material", "uv": [ 0.0, 0.0, 5.0, 5.0 ], "autoUv": false },
						"south": { "texture": "#material", "uv": [ 0.0, 0.0, 32.0, 5.0 ], "autoUv": false },
						"west": { "texture": "#material", "uv": [ 0.0, 0.0, 5.0, 5.0 ], "autoUv": false },
						"up": { "texture": "#material", "uv": [ 0.0, 0.0, 32.0, 5.0 ], "autoUv": false },
						"down": { "texture": "#material", "uv": [ 0.0, 0.0, 32.0, 5.0 ], "autoUv": false }
					}
				}
			]
		}
	]}