{
	"editor": {
		"allAngles": false,
		"entityTextureMode": false
	},
	"textureWidth": 16,
	"textureHeight": 16,
	"textureSizes": {
	},
	"textures": {
		"ceramic": "game:block/clay/ceramic"
	},
	"elements": [
		{
			"name": "Cube14",
			"from": [ 3.5, 0.0, 3.5 ],
			"to": [ 12.5, 1.0, 12.5 ],
			"rotationOrigin": [ 3.0, 0.0, 3.0 ],
			"faces": {
				"north": { "texture": "#ceramic", "uv": [ 0.0, 0.0, 9.0, 1.0 ], "windMode": [-1,-1,-1,-1] },
				"east": { "texture": "#ceramic", "uv": [ 0.0, 0.0, 9.0, 1.0 ], "windMode": [-1,-1,-1,-1] },
				"south": { "texture": "#ceramic", "uv": [ 0.0, 0.0, 9.0, 1.0 ], "windMode": [-1,-1,-1,-1] },
				"west": { "texture": "#ceramic", "uv": [ 0.0, 0.0, 9.0, 1.0 ], "windMode": [-1,-1,-1,-1] },
				"up": { "texture": "#ceramic", "uv": [ 0.0, 0.0, 16.0, 16.0 ], "autoUv": false },
				"down": { "texture": "#ceramic", "uv": [ 0.0, 0.0, 9.0, 9.0 ], "windMode": [-1,-1,-1,-1] }
			},
			"children": [
				{
					"name": "Cube15",
					"from": [ 3.0, 1.0, 4.0 ],
					"to": [ 6.0, 1.75, 5.0 ],
					"rotationOrigin": [ 3.0, 1.0, 4.0 ],
					"faces": {
						"north": { "texture": "#ceramic", "uv": [ 0.0, 0.0, 3.0, 0.5 ] },
						"east": { "texture": "#ceramic", "uv": [ 0.0, 0.0, 1.0, 0.5 ] },
						"south": { "texture": "#ceramic", "uv": [ 0.0, 0.0, 3.0, 0.5 ] },
						"west": { "texture": "#ceramic", "uv": [ 0.0, 0.0, 1.0, 0.5 ] },
						"up": { "texture": "#ceramic", "uv": [ 0.0, 0.0, 3.0, 1.0 ] }
					}
				}
			]
		}
	]}
