{
	"editor": {
		"collapsedPaths": "Root/Origin lid/origin handle,Root/origin lower ring,Root/origin barrel/Origin lid,Root/Origin lid/Cube14",
		"allAngles": false,
		"entityTextureMode": false
	},
	"textureWidth": 16,
	"textureHeight": 16,
	"textureSizes": {
	},
	"textures": {
	},
	"elements": [
		{
			"name": "food",
			"from": [ 3.25, 1.0, 2.25 ],
			"to": [ 12.75, 2.0, 13.75 ],
			"renderPass": 4,
			"rotationOrigin": [ 1.2, 0.0, -0.3 ],
			"faces": {
				"up": { "texture": "#raw-onion", "uv": [ 1.5, 0.0, 11.0, 11.5 ] }
			},
			"children": [
				{
					"name": "food2",
					"from": [ 9.5, 0.0, 0.0 ],
					"to": [ 10.3, 1.0, 11.5 ],
					"renderPass": 4,
					"rotationOrigin": [ 7.45, -1.0, -1.55 ],
					"faces": {
						"up": { "texture": "#raw-onion", "uv": [ 11.0, 0.5, 11.5, 12.0 ] }
					}
				},
				{
					"name": "food4",
					"from": [ -0.8, 0.0, 0.0 ],
					"to": [ 0.0, 1.0, 11.5 ],
					"renderPass": 4,
					"rotationOrigin": [ -3.05, -1.0, -1.55 ],
					"faces": {
						"up": { "texture": "#raw-onion", "uv": [ 0.5, 0.5, 1.0, 12.0 ] }
					}
				}
			]
		}
	]}