[
	{
		"name": "Barked Loghalf 3 pieces - game",
		"ingredientPattern": "__,LA,LL",
		"ingredients": {
			"A": { "type": "item", "code": "game:axe-*", "isTool": true },
			"L": { "type": "block", "code": "game:log-placed-*-ud", "name": "wuud", "skipVariants": [ "veryaged", "veryagedrotten" ] }
		},
		"width": 2,
		"height": 3,
		"recipeGroup": 1,
		"output": { "type": "block", "code": "loghalf-barkedcorner-{wuud}-north", "quantity": 3 }
	},
	{
		"name": "Barked Loghalf 5 pieces - game",
		"ingredientPattern": "L__,LA_,LLL",
		"ingredients": {
			"A": { "type": "item", "code": "game:axe-*", "isTool": true },
			"L": { "type": "block", "code": "game:log-placed-*-ud", "name": "wuud", "skipVariants": [ "veryaged", "veryagedrotten" ] }
		},
		"width": 3,
		"height": 3,
		"recipeGroup": 1,
		"output": { "type": "block", "code": "loghalf-barkedcorner-{wuud}-north", "name": "material" , "quantity": 5 }
	},
	{
		"name": "Debarked Loghalf 3 pieces - game",
		"ingredientPattern": "__,LA,LL",
		"ingredients": {
			"A": { "type": "item", "code": "game:axe-*", "isTool": true },
			"L": { "type": "block", "code": "game:debarkedlog-*-ud", "name": "wuud", "skipVariants": [ "veryaged", "veryagedrotten" ] }
		},
		"width": 2,
		"height": 3,
		"recipeGroup": 1,
		"output": { "type": "block", "code": "loghalf-debarkedcorner-{wuud}-north", "quantity": 3 }
	},
	{
		"name": "Debarked Loghalf 5 pieces - game",
		"ingredientPattern": "L__,LA_,LLL",
		"ingredients": {
			"A": { "type": "item", "code": "game:axe-*", "isTool": true },
			"L": { "type": "block", "code": "game:debarkedlog-*-ud", "name": "wuud", "skipVariants": [ "veryaged", "veryagedrotten" ] }
		},
		"width": 3,
		"height": 3,
		"recipeGroup": 1,
		"output": { "type": "block", "code": "loghalf-debarkedcorner-{wuud}-north", "quantity": 5 }
	},
	{
		"enabled": true,
		"name": "Loghalf Barked Conversion - game -> brady",
		"ingredientPattern": "L",
		"ingredients": {
		 "L": { "type": "block", "code": "game:logquad-barkedcorner-*-north", "name": "wuud", "allowedVariants": [ "acacia", "baldcypress", "birch", "ebony", "kapok", "larch", "maple", "oak", "pine", "purpleheart", "redwood", "walnut", "aspen", "baobab", "limba", "shorea" ] }
		},
		"width": 1,
		"height": 1,
		"output": { "type": "block", "code": "loghalf-barkedcorner-{wuud}-north" }
	},
	{
		"enabled": true,
		"name": "Loghalf Debarked Conversion - game -> brady",
		"ingredientPattern": "L",
		"ingredients": {
		 "L": { "type": "block", "code": "game:logquad-debarkedcorner-*-north", "name": "wuud", "allowedVariants": [ "acacia", "baldcypress", "birch", "ebony", "kapok", "larch", "maple", "oak", "pine", "purpleheart", "redwood", "walnut", "aspen", "baobab", "limba", "shorea" ] }
		},
		"width": 1,
		"height": 1,
		"output": { "type": "block", "code": "loghalf-debarkedcorner-{wuud}-north" }
	},
	{
		"enabled": true,
		"name": "Logquad Barked Conversion - brady -> game",
		"ingredientPattern": "L",
		"ingredients": {
		 "L": { "type": "block", "code": "loghalf-barkedcorner-*-north", "name": "wuud", "allowedVariants": [ "acacia", "baldcypress", "birch", "ebony", "kapok", "larch", "maple", "oak", "pine", "purpleheart", "redwood", "walnut", "aspen", "baobab", "limba", "shorea" ] }
		},
		"width": 1,
		"height": 1,
		"output": { "type": "block", "code": "game:logquad-barkedcorner-{wuud}-north" }
	},
	{
		"enabled": true,
		"name": "Logquad Debarked Conversion - brady -> game",
		"ingredientPattern": "L",
		"ingredients": {
		 "L": { "type": "block", "code": "loghalf-debarkedcorner-*-north", "name": "wuud", "allowedVariants": [ "acacia", "baldcypress", "birch", "ebony", "kapok", "larch", "maple", "oak", "pine", "purpleheart", "redwood", "walnut", "aspen", "baobab", "limba", "shorea" ] }
		},
		"width": 1,
		"height": 1,
		"output": { "type": "block", "code": "game:logquad-debarkedcorner-{wuud}-north" }
	}
]