{
	"code": "poultice",
	"class": "ItemPoultice",
	"attributesByType": {
		"*-chamomile-linen-baneberry": { "health": 5 },
		"*-chamomile-linen-snowberry": { "health": 5 },
		"*-chamomile-linen-ivy-vinegar": { "health": 7 },
		"*-chamomile-linen-resin-elder": { "health": 6 },
		"*-chamomile-linen-bryony": { "health": 6 },
		"*-chamomile-linen-bearberry": { "health": 7 },
		"*-chamomile-linen-falseorange": { "health": 7 },

		"*-lavender-linen-baneberry": { "health": 5 },
		"*-lavender-linen-snowberry": { "health": 5 },
		"*-lavender-linen-ivy-vinegar": { "health": 7 },
		"*-lavender-linen-resin-elder": { "health": 6 },
		"*-lavender-linen-bryony": { "health": 6 },
		"*-lavender-linen-bearberry": { "health": 7 },
		"*-lavender-linen-falseorange": { "health": 7 },

		"*-calendula-linen-baneberry": { "health": 5 },
		"*-calendula-linen-snowberry": { "health": 5 },
		"*-calendula-linen-ivy-vinegar": { "health": 7 },
		"*-calendula-linen-resin-elder": { "health": 6 },
		"*-calendula-linen-bryony": { "health": 6 },
		"*-calendula-linen-bearberry": { "health": 7 },
		"*-calendula-linen-falseorange": { "health": 7 }
	},
	"maxstacksize": 16,
	"variantgroups": [
		{
			"code": "soap",
			"states": [ "chamomile", "lavender", "calendula" ]
		},
		{
			"code": "material",
			"states": [ "linen" ]
		},
		{
			"code": "agent",
			"states": [ "baneberry", "snowberry", "ivy-vinegar", "resin-elder", "bryony", "bearberry", "falseorange" ]
		}
	],
	"shape": { "base": "game:item/medicine/poultice-{material}" },
	"textures": {
		"agent": { "base": "soaplyeandbloom:item/medicine/linen/{agent}-{soap}" }
	},
	"creativeinventory": {
		"general": [ "*" ],
		"items": [ "*" ],
		"soaplyeandbloom": [ "*" ]
	},
	"materialDensity": 600,
	"guiTransform": {
		"translation": { "x": 3, "y": 0, "z": 0 },
		"rotation": { "x": 120, "y": 41, "z": 7 },
		"origin": { "x": 0.5, "y": 0.11, "z": 0.5 },
		"scale": 2.15
	},
	"fpHandTransform": {
		"translation": { "x": 0, "y": 0, "z": 0 },
		"rotation": { "x": 40, "y": 91, "z": 15 },
		"origin": { "x": 0.8, "y": 0.4, "z": 0 },
		"scale": 1.47
	},
	"groundTransform": {
		"translation": { "x": 0, "y": 0, "z": 0 },
		"rotation": { "x": 180, "y": 33, "z": -180 },
		"origin": { "x": 0.5, "y": 0, "z": 0.5 },
		"scale": 2.5
	},
	"tpHandTransform": {
		"translation": { "x": 0, "y": 0, "z": 0 },
		"rotation": { "x": 5, "y": 41, "z": -31 },
		"origin": { "x": 0.16, "y": 0.05, "z": 0.08 },
		"scale": 0.44
	}
}
