{
	"editor": {
		"collapsedPaths": ",Root/origin/stem12,Root/origin/stem40,Root/origin/stem5,Root/origin/stem48,Root/origin/stem49,Root/origin/stem30,Root/origin/stem35,Root/origin/bush5,Root/origin/stem21,Root/origin/stem",
		"allAngles": false,
		"entityTextureMode": false
	},
	"textureWidth": 16,
	"textureHeight": 16,
	"textureSizes": {
		"hibiscus": [16,16]
	},
	"textures": {
	},
	"elements": [
		{
			"name": "origin",
			"from": [ 8.0, 0.0, 8.0 ],
			"to": [ 8.0, 0.0, 8.0 ],
			"rotationOrigin": [ 8.0, 0.0, 8.0 ],
			"faces": {
			},
			"children": [
				{
					"name": "bush9",
					"from": [ -3.6, 0.0, 0.0 ],
					"to": [ 3.6, 7.2, 0.0 ],
					"faces": {
						"south": { "texture": "#hibiscus", "uv": [ 2.5, 0.0, 10.5, 8.0 ], "autoUv": false, "windMode": [0,0,7,7] }
					},
					"children": [
						{
							"name": "bush10",
							"from": [ 0.0, 0.0, 0.0 ],
							"to": [ 7.2, 7.2, 0.0 ],
							"rotationOrigin": [ 3.6, 0.0, 0.0 ],
							"rotationX": -180.0,
							"rotationY": 45.0,
							"rotationZ": -180.0,
							"faces": {
								"north": { "texture": "#hibiscus", "uv": [ 2.5, 0.0, 10.5, 8.0 ], "autoUv": false, "windMode": [-1,7,7,-1] }
							}
						},
						{
							"name": "bush11",
							"from": [ 0.0, 0.0, -0.0025 ],
							"to": [ 7.2, 7.2, -0.0025 ],
							"rotationOrigin": [ 3.6, 0.0, 0.0 ],
							"rotationY": -89.9802,
							"faces": {
								"south": { "texture": "#hibiscus", "uv": [ 2.5, 0.0, 10.5, 8.0 ], "autoUv": false, "windMode": [0,0,7,7] }
							}
						},
						{
							"name": "bush12",
							"from": [ 0.0, 0.0, 0.0 ],
							"to": [ 7.2, 7.2, 0.0 ],
							"rotationOrigin": [ 3.6, 0.0, 0.0 ],
							"rotationX": -180.0,
							"rotationY": -45.0,
							"rotationZ": -180.0,
							"faces": {
								"south": { "texture": "#hibiscus", "uv": [ 2.5, 0.0, 10.5, 8.0 ], "autoUv": false, "windMode": [0,0,7,7] }
							}
						}
					]
				},
				{
					"name": "leafgroup",
					"from": [ 0.0, 0.0, 0.0 ],
					"to": [ 0.0, 0.0, 0.0 ],
					"faces": {
					},
					"children": [
						{
							"name": "leaf",
							"from": [ 0.24, 1.04, -3.12 ],
							"to": [ 1.44, 1.04, -1.12 ],
							"rotationOrigin": [ -0.48, 0.8, -2.8 ],
							"rotationY": -45.0,
							"rotationZ": 8.0,
							"faces": {
								"up": { "texture": "#hibiscus", "uv": [ 9.5, 13.5, 11.0, 16.0 ], "autoUv": false }
							}
						},
						{
							"name": "leaf10",
							"from": [ -1.6708, 3.2808, -0.2111 ],
							"to": [ -0.4708, 3.2808, 1.7889 ],
							"rotationOrigin": [ -2.3908, 3.0408, 0.1089 ],
							"rotationX": 28.8702,
							"rotationY": 26.4646,
							"rotationZ": -28.5718,
							"faces": {
								"up": { "texture": "#hibiscus", "uv": [ 9.5, 13.5, 11.0, 16.0 ], "autoUv": false, "windMode": [4,1,1,4] }
							}
						},
						{
							"name": "leaf11",
							"from": [ 3.2169, 2.8754, 0.541 ],
							"to": [ 4.4169, 2.8754, 2.541 ],
							"rotationOrigin": [ 3.2489, 2.8754, 0.541 ],
							"rotationX": 30.5672,
							"rotationY": -76.7053,
							"rotationZ": 21.8783,
							"faces": {
								"up": { "texture": "#hibiscus", "uv": [ 9.0, 12.0, 11.5, 16.0 ], "autoUv": false, "windMode": [4,1,1,4] }
							}
						},
						{
							"name": "leaf12",
							"from": [ 3.12, 4.1601, -1.152 ],
							"to": [ 4.32, 4.1601, 0.848 ],
							"rotationOrigin": [ 2.88, 3.9201, -0.88 ],
							"rotationX": 140.0395,
							"rotationY": -56.539,
							"rotationZ": 124.8745,
							"faces": {
								"up": { "texture": "#hibiscus", "uv": [ 9.5, 12.5, 11.5, 16.0 ], "autoUv": false, "windMode": [4,1,1,4] }
							}
						},
						{
							"name": "leaf14",
							"from": [ 0.9144, 1.922, -1.8204 ],
							"to": [ 2.1144, 1.922, 0.1796 ],
							"rotationOrigin": [ 1.9544, 1.122, 1.8596 ],
							"rotationX": -8.864,
							"rotationY": -17.3588,
							"rotationZ": 21.4312,
							"faces": {
								"up": { "texture": "#hibiscus", "uv": [ 9.5, 13.5, 11.0, 16.0 ], "autoUv": false }
							}
						},
						{
							"name": "leaf15",
							"from": [ 2.6744, 1.362, 1.5396 ],
							"to": [ 3.8744, 1.362, 3.5396 ],
							"rotationOrigin": [ 1.9544, 1.122, 1.8596 ],
							"rotationX": 169.2574,
							"rotationY": 9.5698,
							"rotationZ": 175.0072,
							"faces": {
								"up": { "texture": "#hibiscus", "uv": [ 9.5, 13.5, 11.0, 16.0 ], "autoUv": false }
							}
						},
						{
							"name": "leaf2",
							"from": [ -0.7869, 3.9616, -2.7555 ],
							"to": [ 0.4131, 3.9616, -0.7555 ],
							"rotationOrigin": [ -1.5069, 3.7216, -2.4355 ],
							"rotationX": 11.2784,
							"rotationY": -20.9741,
							"rotationZ": 22.9109,
							"faces": {
								"up": { "texture": "#hibiscus", "uv": [ 9.5, 13.5, 11.0, 16.0 ], "autoUv": false, "windMode": [4,1,1,4] }
							}
						},
						{
							"name": "leaf4",
							"from": [ -2.64, 5.7601, 0.608 ],
							"to": [ -1.44, 5.7601, 2.608 ],
							"rotationOrigin": [ -2.88, 5.5201, 0.88 ],
							"rotationX": 39.9605,
							"rotationY": 56.539,
							"rotationZ": -55.1255,
							"faces": {
								"up": { "texture": "#hibiscus", "uv": [ 9.5, 12.5, 11.5, 16.0 ], "autoUv": false, "windMode": [4,1,1,4] }
							}
						},
						{
							"name": "leaf19",
							"from": [ -0.0674, 5.8322, 2.0647 ],
							"to": [ 1.1326, 5.8322, 4.0647 ],
							"rotationOrigin": [ -0.7882, 5.5922, 2.3832 ],
							"rotationX": 172.4052,
							"rotationY": 69.9772,
							"rotationZ": -178.9475,
							"faces": {
								"up": { "texture": "#hibiscus", "uv": [ 9.5, 13.5, 11.0, 16.0 ], "autoUv": false, "windMode": [4,1,1,4] }
							}
						},
						{
							"name": "leaf6",
							"from": [ 2.7978, 6.4954, 0.1572 ],
							"to": [ 3.9978, 6.4954, 2.1572 ],
							"rotationOrigin": [ 2.5578, 6.2554, 0.4292 ],
							"rotationX": 145.7347,
							"rotationY": -28.9315,
							"rotationZ": 127.8518,
							"faces": {
								"up": { "texture": "#hibiscus", "uv": [ 9.5, 12.5, 11.5, 16.0 ], "autoUv": false, "windMode": [4,1,1,4] }
							}
						},
						{
							"name": "leaf21",
							"from": [ 0.7335, 5.1332, -3.1623 ],
							"to": [ 1.9335, 5.1332, -1.1623 ],
							"rotationOrigin": [ 0.7655, 5.1332, -3.1623 ],
							"rotationX": -0.3006,
							"rotationY": 4.5348,
							"rotationZ": 4.3257,
							"faces": {
								"up": { "texture": "#hibiscus", "uv": [ 9.0, 12.0, 11.5, 16.0 ], "autoUv": false, "windMode": [4,1,1,4] }
							}
						},
						{
							"name": "leaf20",
							"from": [ 0.1708, 4.9983, -1.1756 ],
							"to": [ 1.3708, 4.9983, 0.8244 ],
							"rotationOrigin": [ 1.2108, 4.1983, 2.5044 ],
							"rotationX": -17.0,
							"rotationY": -37.4999,
							"rotationZ": 8.0,
							"faces": {
								"up": { "texture": "#hibiscus", "uv": [ 9.5, 13.5, 11.0, 16.0 ], "autoUv": false, "windMode": [4,1,1,4] }
							}
						},
						{
							"name": "leaf5",
							"from": [ 1.9308, 4.4383, 2.1844 ],
							"to": [ 3.1308, 4.4383, 4.1844 ],
							"rotationOrigin": [ 1.2108, 4.1983, 2.5044 ],
							"rotationX": 163.0,
							"rotationY": 29.5,
							"rotationZ": -172.0,
							"faces": {
								"up": { "texture": "#hibiscus", "uv": [ 9.5, 13.5, 11.0, 16.0 ], "autoUv": false, "windMode": [4,1,1,4] }
							}
						},
						{
							"name": "leaf22",
							"from": [ -3.0948, 2.5494, -1.4075 ],
							"to": [ -1.8948, 2.5494, 0.5925 ],
							"rotationOrigin": [ -3.0628, 2.5494, -1.4075 ],
							"rotationX": 72.2832,
							"rotationY": 83.0409,
							"rotationZ": -94.4043,
							"faces": {
								"up": { "texture": "#hibiscus", "uv": [ 9.0, 12.0, 11.5, 16.0 ], "autoUv": false, "windMode": [4,1,1,4] }
							}
						},
						{
							"name": "leaf23",
							"from": [ -2.8052, 1.7778, 0.411 ],
							"to": [ -1.6052, 1.7778, 2.411 ],
							"rotationOrigin": [ -3.0452, 1.5378, 0.683 ],
							"rotationX": 37.2078,
							"rotationY": 51.518,
							"rotationZ": -48.8271,
							"faces": {
								"up": { "texture": "#hibiscus", "uv": [ 9.5, 12.5, 11.5, 16.0 ], "autoUv": false }
							}
						},
						{
							"name": "leaf25",
							"from": [ -2.3467, 6.6762, -0.6042 ],
							"to": [ -1.1467, 6.6762, 1.3958 ],
							"rotationOrigin": [ -2.3147, 6.6762, -0.6042 ],
							"rotationX": 73.9261,
							"rotationY": 60.525,
							"rotationZ": -69.0194,
							"faces": {
								"up": { "texture": "#hibiscus", "uv": [ 9.0, 12.0, 11.5, 16.0 ], "autoUv": false, "windMode": [4,1,1,4] }
							}
						}
					]
				},
				{
					"name": "stemgroup",
					"from": [ 0.0, 0.0, 0.0 ],
					"to": [ 0.0, 0.0, 0.0 ],
					"faces": {
					},
					"children": [
						{
							"name": "stem",
							"from": [ -0.2, 0.0, -0.2 ],
							"to": [ 0.2, 3.6, 0.2 ],
							"rotationOrigin": [ -0.2, 0.0, -0.2 ],
							"faces": {
								"north": { "texture": "#hibiscus", "uv": [ 14.0, 0.0, 14.5, 4.5 ], "autoUv": false, "windMode": [0,4,4,0] },
								"east": { "texture": "#hibiscus", "uv": [ 15.5, 1.0, 16.0, 5.5 ], "autoUv": false, "windMode": [0,4,4,0] },
								"south": { "texture": "#hibiscus", "uv": [ 14.0, 0.5, 14.5, 5.0 ], "autoUv": false, "windMode": [0,0,4,4] },
								"west": { "texture": "#hibiscus", "uv": [ 15.5, 1.0, 16.0, 5.5 ], "autoUv": false, "windMode": [0,0,4,4] },
								"up": { "texture": "#hibiscus", "uv": [ 14.0, 2.5, 14.5, 3.0 ], "autoUv": false, "windMode": [4,4,4,4] }
							},
							"children": [
								{
									"name": "stem2",
									"from": [ 0.04, 3.6, 0.04 ],
									"to": [ 0.36, 6.0, 0.36 ],
									"rotationOrigin": [ 0.0, 3.6, 0.0 ],
									"faces": {
										"north": { "texture": "#hibiscus", "uv": [ 15.5, 1.5, 16.0, 4.5 ], "autoUv": false, "windMode": [4,4,4,4] },
										"east": { "texture": "#hibiscus", "uv": [ 14.0, 1.5, 14.5, 4.5 ], "autoUv": false, "windMode": [4,4,4,4] },
										"south": { "texture": "#hibiscus", "uv": [ 15.5, 3.0, 16.0, 6.0 ], "autoUv": false, "windMode": [4,4,4,4] },
										"west": { "texture": "#hibiscus", "uv": [ 14.0, 1.5, 14.5, 4.5 ], "autoUv": false, "windMode": [4,4,4,4] },
										"up": { "texture": "#hibiscus", "uv": [ 14.5, 3.0, 15.0, 3.5 ], "autoUv": false, "windMode": [4,4,4,4] }
									}
								}
							]
						},
						{
							"name": "stem3",
							"from": [ -0.128, 0.8, -2.4 ],
							"to": [ 0.072, 1.0, 0.0 ],
							"rotationOrigin": [ -0.04, 0.8, 0.0 ],
							"rotationX": 25.0,
							"rotationY": 45.0,
							"rotationZ": -22.5,
							"faces": {
								"north": { "texture": "#hibiscus", "uv": [ 0.0, 2.5, 0.5, 3.0 ], "autoUv": false },
								"east": { "texture": "#hibiscus", "uv": [ 1.5, 3.5, 2.0, 6.5 ], "rotation": 90, "autoUv": false },
								"west": { "texture": "#hibiscus", "uv": [ 0.0, 4.5, 0.5, 7.5 ], "rotation": 90, "autoUv": false },
								"up": { "texture": "#hibiscus", "uv": [ 1.5, 5.0, 2.0, 8.0 ], "autoUv": false },
								"down": { "texture": "#hibiscus", "uv": [ 0.0, 5.5, 0.5, 8.5 ], "autoUv": false }
							}
						},
						{
							"name": "stem4",
							"from": [ -0.088, 1.52, -2.36 ],
							"to": [ 0.112, 1.72, 0.04 ],
							"rotationOrigin": [ 0.0, 1.52, 0.04 ],
							"rotationX": 139.4732,
							"rotationY": 30.3313,
							"rotationZ": -128.0711,
							"faces": {
								"north": { "texture": "#hibiscus", "uv": [ 0.0, 2.5, 0.5, 3.0 ], "autoUv": false, "windMode": [4,4,4,4] },
								"east": { "texture": "#hibiscus", "uv": [ 1.5, 3.5, 2.0, 6.5 ], "rotation": 90, "autoUv": false, "windMode": [4,4,4,4] },
								"west": { "texture": "#hibiscus", "uv": [ 0.0, 4.5, 0.5, 7.5 ], "rotation": 90, "autoUv": false, "windMode": [4,4,4,4] },
								"up": { "texture": "#hibiscus", "uv": [ 1.5, 5.0, 2.0, 8.0 ], "autoUv": false, "windMode": [4,4,4,4] },
								"down": { "texture": "#hibiscus", "uv": [ 0.0, 5.5, 0.5, 8.5 ], "autoUv": false, "windMode": [4,4,4,4] }
							}
						},
						{
							"name": "stem5",
							"from": [ -0.048, 1.92, -1.2 ],
							"to": [ 0.152, 2.12, 0.0 ],
							"rotationOrigin": [ 0.04, 1.92, 0.0 ],
							"rotationX": 155.0,
							"rotationY": -27.0,
							"rotationZ": 158.5,
							"faces": {
								"north": { "texture": "#hibiscus", "uv": [ 0.0, 2.5, 0.5, 3.0 ], "autoUv": false, "windMode": [4,4,4,4] },
								"east": { "texture": "#hibiscus", "uv": [ 1.5, 3.5, 2.0, 5.0 ], "rotation": 90, "autoUv": false, "windMode": [4,4,4,4] },
								"west": { "texture": "#hibiscus", "uv": [ 0.0, 4.5, 0.5, 6.0 ], "rotation": 90, "autoUv": false, "windMode": [4,4,4,4] },
								"up": { "texture": "#hibiscus", "uv": [ 1.5, 5.0, 2.0, 6.5 ], "autoUv": false, "windMode": [4,4,4,4] },
								"down": { "texture": "#hibiscus", "uv": [ 0.0, 5.5, 0.5, 7.0 ], "autoUv": false, "windMode": [4,4,4,4] }
							},
							"children": [
								{
									"name": "stem8",
									"from": [ 0.4937, 0.4571, -1.3084 ],
									"to": [ 0.6537, 0.6171, -0.1084 ],
									"rotationOrigin": [ 0.6531, 0.4091, 1.0985 ],
									"rotationX": -22.4471,
									"rotationY": 23.8655,
									"rotationZ": 2.2007,
									"faces": {
										"north": { "texture": "#hibiscus", "uv": [ 0.0, 2.5, 0.5, 3.0 ], "autoUv": false, "windMode": [4,4,4,4] },
										"east": { "texture": "#hibiscus", "uv": [ 1.5, 3.5, 2.0, 5.0 ], "rotation": 90, "autoUv": false, "windMode": [4,4,4,4] },
										"west": { "texture": "#hibiscus", "uv": [ 0.0, 4.5, 0.5, 6.0 ], "rotation": 90, "autoUv": false, "windMode": [4,4,4,4] },
										"up": { "texture": "#hibiscus", "uv": [ 1.5, 5.0, 2.0, 6.5 ], "autoUv": false, "windMode": [4,4,4,4] },
										"down": { "texture": "#hibiscus", "uv": [ 0.0, 5.5, 0.5, 7.0 ], "autoUv": false, "windMode": [4,4,4,4] }
									}
								}
							]
						},
						{
							"name": "stem12",
							"from": [ -0.088, 2.72, -1.24 ],
							"to": [ 0.112, 2.92, -0.04 ],
							"rotationOrigin": [ 0.0, 2.72, -0.04 ],
							"rotationX": 22.9098,
							"rotationY": -39.8557,
							"rotationZ": 10.9032,
							"faces": {
								"north": { "texture": "#hibiscus", "uv": [ 0.0, 2.5, 0.5, 3.0 ], "autoUv": false, "windMode": [4,4,4,4] },
								"east": { "texture": "#hibiscus", "uv": [ 1.5, 3.5, 2.0, 5.0 ], "rotation": 90, "autoUv": false, "windMode": [4,4,4,4] },
								"west": { "texture": "#hibiscus", "uv": [ 0.0, 4.5, 0.5, 6.0 ], "rotation": 90, "autoUv": false, "windMode": [4,4,4,4] },
								"up": { "texture": "#hibiscus", "uv": [ 1.5, 5.0, 2.0, 6.5 ], "autoUv": false, "windMode": [4,4,4,4] },
								"down": { "texture": "#hibiscus", "uv": [ 0.0, 5.5, 0.5, 7.0 ], "autoUv": false, "windMode": [4,4,4,4] }
							},
							"children": [
								{
									"name": "stem13",
									"from": [ -0.2415, 0.0206, -0.9657 ],
									"to": [ -0.0815, 0.1806, 0.2343 ],
									"rotationOrigin": [ -0.1622, -0.0434, 1.1212 ],
									"rotationX": 0.6397,
									"rotationY": -17.21,
									"rotationZ": 6.0187,
									"faces": {
										"north": { "texture": "#hibiscus", "uv": [ 0.0, 2.5, 0.5, 3.0 ], "autoUv": false, "windMode": [4,4,4,4] },
										"east": { "texture": "#hibiscus", "uv": [ 1.5, 3.5, 2.0, 5.0 ], "rotation": 90, "autoUv": false, "windMode": [4,4,4,4] },
										"west": { "texture": "#hibiscus", "uv": [ 0.0, 4.5, 0.5, 6.0 ], "rotation": 90, "autoUv": false, "windMode": [4,4,4,4] },
										"up": { "texture": "#hibiscus", "uv": [ 1.5, 5.0, 2.0, 6.5 ], "autoUv": false, "windMode": [4,4,4,4] },
										"down": { "texture": "#hibiscus", "uv": [ 0.0, 5.5, 0.5, 7.0 ], "autoUv": false, "windMode": [4,4,4,4] }
									}
								},
								{
									"name": "stem14",
									"from": [ 0.4937, 0.4571, -1.3084 ],
									"to": [ 0.6537, 0.6171, -0.1084 ],
									"rotationOrigin": [ 0.6531, 0.4091, 1.0985 ],
									"rotationX": -22.4471,
									"rotationY": 23.8655,
									"rotationZ": 2.2007,
									"faces": {
										"north": { "texture": "#hibiscus", "uv": [ 0.0, 2.5, 0.5, 3.0 ], "autoUv": false, "windMode": [4,4,4,4] },
										"east": { "texture": "#hibiscus", "uv": [ 1.5, 3.5, 2.0, 5.0 ], "rotation": 90, "autoUv": false, "windMode": [4,4,4,4] },
										"west": { "texture": "#hibiscus", "uv": [ 0.0, 4.5, 0.5, 6.0 ], "rotation": 90, "autoUv": false, "windMode": [4,4,4,4] },
										"up": { "texture": "#hibiscus", "uv": [ 1.5, 5.0, 2.0, 6.5 ], "autoUv": false, "windMode": [4,4,4,4] },
										"down": { "texture": "#hibiscus", "uv": [ 0.0, 5.5, 0.5, 7.0 ], "autoUv": false, "windMode": [4,4,4,4] }
									}
								}
							]
						},
						{
							"name": "stem17",
							"from": [ -0.0574, 0.24, -2.4257 ],
							"to": [ 0.1426, 0.44, -0.0257 ],
							"rotationOrigin": [ 0.0306, 0.24, -0.0257 ],
							"rotationX": 90.1246,
							"rotationY": -59.0218,
							"rotationZ": 99.103,
							"faces": {
								"north": { "texture": "#hibiscus", "uv": [ 0.0, 2.5, 0.5, 3.0 ], "autoUv": false },
								"east": { "texture": "#hibiscus", "uv": [ 1.5, 3.5, 2.0, 6.5 ], "rotation": 90, "autoUv": false },
								"west": { "texture": "#hibiscus", "uv": [ 0.0, 4.5, 0.5, 7.5 ], "rotation": 90, "autoUv": false },
								"up": { "texture": "#hibiscus", "uv": [ 1.5, 5.0, 2.0, 8.0 ], "autoUv": false },
								"down": { "texture": "#hibiscus", "uv": [ 0.0, 5.5, 0.5, 8.5 ], "autoUv": false }
							}
						},
						{
							"name": "stem19",
							"from": [ -0.1251, 3.84, -2.415 ],
							"to": [ 0.0749, 4.04, -0.015 ],
							"rotationOrigin": [ -0.0371, 3.84, -0.015 ],
							"rotationX": 19.1806,
							"rotationY": 71.55,
							"rotationZ": -12.4763,
							"faces": {
								"north": { "texture": "#hibiscus", "uv": [ 0.0, 2.5, 0.5, 3.0 ], "autoUv": false, "windMode": [4,4,4,4] },
								"east": { "texture": "#hibiscus", "uv": [ 1.5, 3.5, 2.0, 6.5 ], "rotation": 90, "autoUv": false, "windMode": [4,4,4,4] },
								"west": { "texture": "#hibiscus", "uv": [ 0.0, 4.5, 0.5, 7.5 ], "rotation": 90, "autoUv": false, "windMode": [4,4,4,4] },
								"up": { "texture": "#hibiscus", "uv": [ 1.5, 5.0, 2.0, 8.0 ], "autoUv": false, "windMode": [4,4,4,4] },
								"down": { "texture": "#hibiscus", "uv": [ 0.0, 5.5, 0.5, 8.5 ], "autoUv": false, "windMode": [4,4,4,4] }
							}
						},
						{
							"name": "stem21",
							"from": [ -0.088, 4.32, -1.16 ],
							"to": [ 0.112, 4.52, 0.04 ],
							"rotationOrigin": [ 0.0, 4.32, 0.04 ],
							"rotationX": 157.0902,
							"rotationY": 39.8557,
							"rotationZ": -169.0968,
							"faces": {
								"north": { "texture": "#hibiscus", "uv": [ 0.0, 2.5, 0.5, 3.0 ], "autoUv": false, "windMode": [4,4,4,4] },
								"east": { "texture": "#hibiscus", "uv": [ 1.5, 3.5, 2.0, 5.0 ], "rotation": 90, "autoUv": false, "windMode": [4,4,4,4] },
								"west": { "texture": "#hibiscus", "uv": [ 0.0, 4.5, 0.5, 6.0 ], "rotation": 90, "autoUv": false, "windMode": [4,4,4,4] },
								"up": { "texture": "#hibiscus", "uv": [ 1.5, 5.0, 2.0, 6.5 ], "autoUv": false, "windMode": [4,4,4,4] },
								"down": { "texture": "#hibiscus", "uv": [ 0.0, 5.5, 0.5, 7.0 ], "autoUv": false, "windMode": [4,4,4,4] }
							},
							"children": [
								{
									"name": "stem22",
									"from": [ -0.2415, 0.0206, -0.9657 ],
									"to": [ -0.0815, 0.1806, 0.2343 ],
									"rotationOrigin": [ -0.1622, -0.0434, 1.1212 ],
									"rotationX": 0.6397,
									"rotationY": -17.21,
									"rotationZ": 6.0187,
									"faces": {
										"north": { "texture": "#hibiscus", "uv": [ 0.0, 2.5, 0.5, 3.0 ], "autoUv": false, "windMode": [4,4,4,4] },
										"east": { "texture": "#hibiscus", "uv": [ 1.5, 3.5, 2.0, 5.0 ], "rotation": 90, "autoUv": false, "windMode": [4,4,4,4] },
										"west": { "texture": "#hibiscus", "uv": [ 0.0, 4.5, 0.5, 6.0 ], "rotation": 90, "autoUv": false, "windMode": [4,4,4,4] },
										"up": { "texture": "#hibiscus", "uv": [ 1.5, 5.0, 2.0, 6.5 ], "autoUv": false, "windMode": [4,4,4,4] },
										"down": { "texture": "#hibiscus", "uv": [ 0.0, 5.5, 0.5, 7.0 ], "autoUv": false, "windMode": [4,4,4,4] }
									}
								},
								{
									"name": "stem23",
									"from": [ 0.4937, 0.4571, -1.3084 ],
									"to": [ 0.6537, 0.6171, -0.1084 ],
									"rotationOrigin": [ 0.6531, 0.4091, 1.0985 ],
									"rotationX": -22.4471,
									"rotationY": 23.8655,
									"rotationZ": 2.2007,
									"faces": {
										"north": { "texture": "#hibiscus", "uv": [ 0.0, 2.5, 0.5, 3.0 ], "autoUv": false, "windMode": [4,4,4,4] },
										"east": { "texture": "#hibiscus", "uv": [ 1.5, 3.5, 2.0, 5.0 ], "rotation": 90, "autoUv": false, "windMode": [4,4,4,4] },
										"west": { "texture": "#hibiscus", "uv": [ 0.0, 4.5, 0.5, 6.0 ], "rotation": 90, "autoUv": false, "windMode": [4,4,4,4] },
										"up": { "texture": "#hibiscus", "uv": [ 1.5, 5.0, 2.0, 6.5 ], "autoUv": false, "windMode": [4,4,4,4] },
										"down": { "texture": "#hibiscus", "uv": [ 0.0, 5.5, 0.5, 7.0 ], "autoUv": false, "windMode": [4,4,4,4] }
									}
								}
							]
						},
						{
							"name": "stem26",
							"from": [ -0.0493, 5.12, -1.52 ],
							"to": [ 0.1507, 5.32, -0.12 ],
							"rotationOrigin": [ 0.0387, 5.12, 0.01 ],
							"rotationX": 146.254,
							"rotationY": -20.83,
							"rotationZ": 166.2183,
							"faces": {
								"north": { "texture": "#hibiscus", "uv": [ 0.0, 2.5, 0.5, 3.0 ], "autoUv": false, "windMode": [4,4,4,4] },
								"east": { "texture": "#hibiscus", "uv": [ 1.5, 3.5, 2.0, 5.0 ], "rotation": 90, "autoUv": false, "windMode": [4,4,4,4] },
								"west": { "texture": "#hibiscus", "uv": [ 0.0, 4.5, 0.5, 6.0 ], "rotation": 90, "autoUv": false, "windMode": [4,4,4,4] },
								"up": { "texture": "#hibiscus", "uv": [ 1.5, 5.0, 2.0, 6.5 ], "autoUv": false, "windMode": [4,4,4,4] },
								"down": { "texture": "#hibiscus", "uv": [ 0.0, 5.5, 0.5, 7.0 ], "autoUv": false, "windMode": [4,4,4,4] }
							}
						},
						{
							"name": "stem30",
							"from": [ -0.088, 4.32, -1.16 ],
							"to": [ 0.112, 4.52, 0.04 ],
							"rotationOrigin": [ 0.0, 4.32, 0.04 ],
							"rotationX": 53.09,
							"rotationY": -49.5,
							"rotationZ": 47.9,
							"faces": {
								"north": { "texture": "#hibiscus", "uv": [ 0.0, 2.5, 0.5, 3.0 ], "autoUv": false, "windMode": [4,4,4,4] },
								"east": { "texture": "#hibiscus", "uv": [ 1.5, 3.5, 2.0, 5.0 ], "rotation": 90, "autoUv": false, "windMode": [4,4,4,4] },
								"west": { "texture": "#hibiscus", "uv": [ 0.0, 4.5, 0.5, 6.0 ], "rotation": 90, "autoUv": false, "windMode": [4,4,4,4] },
								"up": { "texture": "#hibiscus", "uv": [ 1.5, 5.0, 2.0, 6.5 ], "autoUv": false, "windMode": [4,4,4,4] },
								"down": { "texture": "#hibiscus", "uv": [ 0.0, 5.5, 0.5, 7.0 ], "autoUv": false, "windMode": [4,4,4,4] }
							},
							"children": [
								{
									"name": "stem31",
									"from": [ -0.2415, 0.0206, -0.9657 ],
									"to": [ -0.0815, 0.1806, 0.2343 ],
									"rotationOrigin": [ -0.1622, -0.0434, 1.1212 ],
									"rotationX": 0.6397,
									"rotationY": -17.21,
									"rotationZ": 6.0187,
									"faces": {
										"north": { "texture": "#hibiscus", "uv": [ 0.0, 2.5, 0.5, 3.0 ], "autoUv": false, "windMode": [4,4,4,4] },
										"east": { "texture": "#hibiscus", "uv": [ 1.5, 3.5, 2.0, 5.0 ], "rotation": 90, "autoUv": false, "windMode": [4,4,4,4] },
										"west": { "texture": "#hibiscus", "uv": [ 0.0, 4.5, 0.5, 6.0 ], "rotation": 90, "autoUv": false, "windMode": [4,4,4,4] },
										"up": { "texture": "#hibiscus", "uv": [ 1.5, 5.0, 2.0, 6.5 ], "autoUv": false, "windMode": [4,4,4,4] },
										"down": { "texture": "#hibiscus", "uv": [ 0.0, 5.5, 0.5, 7.0 ], "autoUv": false, "windMode": [4,4,4,4] }
									}
								},
								{
									"name": "stem32",
									"from": [ 0.4937, 0.4571, -1.3084 ],
									"to": [ 0.6537, 0.6171, -0.1084 ],
									"rotationOrigin": [ 0.6531, 0.4091, 1.0985 ],
									"rotationX": -22.4471,
									"rotationY": 23.8655,
									"rotationZ": 2.2007,
									"faces": {
										"north": { "texture": "#hibiscus", "uv": [ 0.0, 2.5, 0.5, 3.0 ], "autoUv": false, "windMode": [4,4,4,4] },
										"east": { "texture": "#hibiscus", "uv": [ 1.5, 3.5, 2.0, 5.0 ], "rotation": 90, "autoUv": false, "windMode": [4,4,4,4] },
										"west": { "texture": "#hibiscus", "uv": [ 0.0, 4.5, 0.5, 6.0 ], "rotation": 90, "autoUv": false, "windMode": [4,4,4,4] },
										"up": { "texture": "#hibiscus", "uv": [ 1.5, 5.0, 2.0, 6.5 ], "autoUv": false, "windMode": [4,4,4,4] },
										"down": { "texture": "#hibiscus", "uv": [ 0.0, 5.5, 0.5, 7.0 ], "autoUv": false, "windMode": [4,4,4,4] }
									}
								}
							]
						},
						{
							"name": "stem28",
							"from": [ -0.0494, 3.4438, -2.3634 ],
							"to": [ 0.1506, 3.6438, 0.0366 ],
							"rotationOrigin": [ 0.0386, 3.4438, 0.0366 ],
							"rotationX": 128.1132,
							"rotationY": -58.5012,
							"rotationZ": 145.0163,
							"faces": {
								"north": { "texture": "#hibiscus", "uv": [ 0.0, 2.5, 0.5, 3.0 ], "autoUv": false, "windMode": [4,4,4,4] },
								"east": { "texture": "#hibiscus", "uv": [ 1.5, 3.5, 2.0, 6.5 ], "rotation": 90, "autoUv": false, "windMode": [4,4,4,4] },
								"west": { "texture": "#hibiscus", "uv": [ 0.0, 4.5, 0.5, 7.5 ], "rotation": 90, "autoUv": false, "windMode": [4,4,4,4] },
								"up": { "texture": "#hibiscus", "uv": [ 1.5, 5.0, 2.0, 8.0 ], "autoUv": false, "windMode": [4,4,4,4] },
								"down": { "texture": "#hibiscus", "uv": [ 0.0, 5.5, 0.5, 8.5 ], "autoUv": false, "windMode": [4,4,4,4] }
							}
						},
						{
							"name": "stem35",
							"from": [ -0.12, 1.924, -1.1869 ],
							"to": [ 0.08, 2.124, 0.0131 ],
							"rotationOrigin": [ -0.1221, 1.924, 0.0131 ],
							"rotationX": 9.0,
							"rotationY": 16.0,
							"rotationZ": -16.5,
							"faces": {
								"north": { "texture": "#hibiscus", "uv": [ 0.0, 2.5, 0.5, 3.0 ], "autoUv": false, "windMode": [4,4,4,4] },
								"east": { "texture": "#hibiscus", "uv": [ 1.5, 3.5, 2.0, 5.0 ], "rotation": 90, "autoUv": false, "windMode": [4,4,4,4] },
								"west": { "texture": "#hibiscus", "uv": [ 0.0, 4.5, 0.5, 6.0 ], "rotation": 90, "autoUv": false, "windMode": [4,4,4,4] },
								"up": { "texture": "#hibiscus", "uv": [ 1.5, 5.0, 2.0, 6.5 ], "autoUv": false, "windMode": [4,4,4,4] },
								"down": { "texture": "#hibiscus", "uv": [ 0.0, 5.5, 0.5, 7.0 ], "autoUv": false, "windMode": [4,4,4,4] }
							},
							"children": [
								{
									"name": "stem36",
									"from": [ -0.2415, 0.0206, -0.9657 ],
									"to": [ -0.0815, 0.1806, 0.2343 ],
									"rotationOrigin": [ -0.1622, -0.0434, 1.1212 ],
									"rotationX": 0.6397,
									"rotationY": -17.21,
									"rotationZ": 6.0187,
									"faces": {
										"north": { "texture": "#hibiscus", "uv": [ 0.0, 2.5, 0.5, 3.0 ], "autoUv": false, "windMode": [4,4,4,4] },
										"east": { "texture": "#hibiscus", "uv": [ 1.5, 3.5, 2.0, 5.0 ], "rotation": 90, "autoUv": false, "windMode": [4,4,4,4] },
										"west": { "texture": "#hibiscus", "uv": [ 0.0, 4.5, 0.5, 6.0 ], "rotation": 90, "autoUv": false, "windMode": [4,4,4,4] },
										"up": { "texture": "#hibiscus", "uv": [ 1.5, 5.0, 2.0, 6.5 ], "autoUv": false, "windMode": [4,4,4,4] },
										"down": { "texture": "#hibiscus", "uv": [ 0.0, 5.5, 0.5, 7.0 ], "autoUv": false, "windMode": [4,4,4,4] }
									}
								},
								{
									"name": "stem37",
									"from": [ 0.4937, 0.4571, -1.3084 ],
									"to": [ 0.6537, 0.6171, -0.1084 ],
									"rotationOrigin": [ 0.6531, 0.4091, 1.0985 ],
									"rotationX": -22.4471,
									"rotationY": 23.8655,
									"rotationZ": 2.2007,
									"faces": {
										"north": { "texture": "#hibiscus", "uv": [ 0.0, 2.5, 0.5, 3.0 ], "autoUv": false, "windMode": [4,4,4,4] },
										"east": { "texture": "#hibiscus", "uv": [ 1.5, 3.5, 2.0, 5.0 ], "rotation": 90, "autoUv": false, "windMode": [4,4,4,4] },
										"west": { "texture": "#hibiscus", "uv": [ 0.0, 4.5, 0.5, 6.0 ], "rotation": 90, "autoUv": false, "windMode": [4,4,4,4] },
										"up": { "texture": "#hibiscus", "uv": [ 1.5, 5.0, 2.0, 6.5 ], "autoUv": false, "windMode": [4,4,4,4] },
										"down": { "texture": "#hibiscus", "uv": [ 0.0, 5.5, 0.5, 7.0 ], "autoUv": false, "windMode": [4,4,4,4] }
									}
								}
							]
						},
						{
							"name": "stem40",
							"from": [ -0.24, 0.4, -0.8 ],
							"to": [ -0.04, 0.6, 0.4 ],
							"rotationOrigin": [ -0.1221, 1.924, 0.0131 ],
							"rotationX": 157.0,
							"rotationY": 45.5,
							"rotationZ": -165.5,
							"faces": {
								"north": { "texture": "#hibiscus", "uv": [ 0.0, 2.5, 0.5, 3.0 ], "autoUv": false },
								"east": { "texture": "#hibiscus", "uv": [ 1.5, 3.5, 2.0, 5.0 ], "rotation": 90, "autoUv": false },
								"west": { "texture": "#hibiscus", "uv": [ 0.0, 4.5, 0.5, 6.0 ], "rotation": 90, "autoUv": false },
								"up": { "texture": "#hibiscus", "uv": [ 1.5, 5.0, 2.0, 6.5 ], "autoUv": false },
								"down": { "texture": "#hibiscus", "uv": [ 0.0, 5.5, 0.5, 7.0 ], "autoUv": false }
							},
							"children": [
								{
									"name": "stem41",
									"from": [ -0.2415, 0.0206, -0.9657 ],
									"to": [ -0.0815, 0.1806, 0.2343 ],
									"rotationOrigin": [ -0.1622, -0.0434, 1.1212 ],
									"rotationX": 0.6397,
									"rotationY": -17.21,
									"rotationZ": 6.0187,
									"faces": {
										"north": { "texture": "#hibiscus", "uv": [ 0.0, 2.5, 0.5, 3.0 ], "autoUv": false },
										"east": { "texture": "#hibiscus", "uv": [ 1.5, 3.5, 2.0, 5.0 ], "rotation": 90, "autoUv": false },
										"west": { "texture": "#hibiscus", "uv": [ 0.0, 4.5, 0.5, 6.0 ], "rotation": 90, "autoUv": false },
										"up": { "texture": "#hibiscus", "uv": [ 1.5, 5.0, 2.0, 6.5 ], "autoUv": false },
										"down": { "texture": "#hibiscus", "uv": [ 0.0, 5.5, 0.5, 7.0 ], "autoUv": false }
									}
								}
							]
						},
						{
							"name": "stem45",
							"from": [ -0.48, 5.36, -1.36 ],
							"to": [ -0.32, 5.52, -0.16 ],
							"rotationOrigin": [ -0.4316, 4.6997, -0.3681 ],
							"rotationX": 29.06,
							"rotationY": 27.3,
							"rotationZ": -29.42,
							"faces": {
								"north": { "texture": "#hibiscus", "uv": [ 0.0, 2.5, 0.5, 3.0 ], "autoUv": false, "windMode": [4,4,4,4] },
								"east": { "texture": "#hibiscus", "uv": [ 1.5, 3.5, 2.0, 5.0 ], "rotation": 90, "autoUv": false, "windMode": [4,4,4,4] },
								"west": { "texture": "#hibiscus", "uv": [ 0.0, 4.5, 0.5, 6.0 ], "rotation": 90, "autoUv": false, "windMode": [4,4,4,4] },
								"up": { "texture": "#hibiscus", "uv": [ 1.5, 5.0, 2.0, 6.5 ], "autoUv": false, "windMode": [4,4,4,4] },
								"down": { "texture": "#hibiscus", "uv": [ 0.0, 5.5, 0.5, 7.0 ], "autoUv": false, "windMode": [4,4,4,4] }
							}
						}
					]
				}
			]
		}
	]}