{
	"editor": {
		"collapsedPaths": ",Root/origin/stem12,Root/origin/stem5,Root/origin/stem35,Root/origin/bush9,Root/origin/stem21,Root/origin/stem",
		"allAngles": false,
		"entityTextureMode": false
	},
	"textureWidth": 16,
	"textureHeight": 16,
	"textureSizes": {
		"hibiscus": [16,16]
	},
	"textures": {
	},
	"elements": [
		{
			"name": "origin",
			"from": [ 8.0, 0.0, 8.0 ],
			"to": [ 8.0, 0.0, 8.0 ],
			"rotationOrigin": [ 8.0, 0.0, 8.0 ],
			"faces": {
			},
			"children": [
				{
					"name": "bush13",
					"from": [ -3.24, 0.0, 0.0 ],
					"to": [ 3.24, 6.48, 0.0 ],
					"faces": {
						"south": { "texture": "#hibiscus", "uv": [ 2.5, 0.0, 10.5, 8.0 ], "autoUv": false, "windMode": [0,0,7,7] }
					},
					"children": [
						{
							"name": "bush14",
							"from": [ 0.0, 0.0, 0.0 ],
							"to": [ 6.48, 6.48, 0.0 ],
							"rotationOrigin": [ 3.24, 0.0, 0.0 ],
							"rotationX": -180.0,
							"rotationY": 45.0,
							"rotationZ": -180.0,
							"faces": {
								"south": { "texture": "#hibiscus", "uv": [ 2.5, 0.0, 10.5, 8.0 ], "autoUv": false, "windMode": [0,0,7,7] }
							}
						},
						{
							"name": "bush15",
							"from": [ 0.0, 0.0, -0.0022 ],
							"to": [ 6.48, 6.48, -0.0022 ],
							"rotationOrigin": [ 3.24, 0.0, 0.0 ],
							"rotationY": -89.9802,
							"faces": {
								"north": { "texture": "#hibiscus", "uv": [ 2.5, 0.0, 10.5, 8.0 ], "autoUv": false, "windMode": [-1,7,7,-1] }
							}
						},
						{
							"name": "bush16",
							"from": [ 0.0, 0.0, 0.0 ],
							"to": [ 6.48, 6.48, 0.0 ],
							"rotationOrigin": [ 3.24, 0.0, 0.0 ],
							"rotationX": -180.0,
							"rotationY": -45.0,
							"rotationZ": -180.0,
							"faces": {
								"north": { "texture": "#hibiscus", "uv": [ 2.5, 0.0, 10.5, 8.0 ], "autoUv": false, "windMode": [-1,7,7,-1] }
							}
						}
					]
				},
				{
					"name": "leafgroup",
					"from": [ 0.0, 0.0, 0.0 ],
					"to": [ 0.0, 0.0, 0.0 ],
					"faces": {
					},
					"children": [
						{
							"name": "leaf",
							"from": [ 0.2168, 0.936, -2.8067 ],
							"to": [ 1.2968, 0.936, -1.0067 ],
							"rotationOrigin": [ -0.4319, 0.72, -2.52 ],
							"rotationY": -45.0,
							"rotationZ": 8.0,
							"faces": {
								"up": { "texture": "#hibiscus", "uv": [ 9.5, 13.5, 11.0, 16.0 ], "autoUv": false }
							}
						},
						{
							"name": "leaf10",
							"from": [ -1.4848, 2.9325, -0.2124 ],
							"to": [ -0.4048, 2.9325, 1.5876 ],
							"rotationOrigin": [ -2.1335, 2.7165, 0.0743 ],
							"rotationX": 28.8709,
							"rotationY": 26.46,
							"rotationZ": -28.5701,
							"faces": {
								"up": { "texture": "#hibiscus", "uv": [ 9.5, 13.5, 11.0, 16.0 ], "autoUv": false, "windMode": [4,1,1,4] }
							}
						},
						{
							"name": "leaf14",
							"from": [ 0.823, 1.7298, -1.6382 ],
							"to": [ 1.903, 1.7298, 0.1618 ],
							"rotationOrigin": [ 1.759, 1.0098, 1.6737 ],
							"rotationX": -8.864,
							"rotationY": -17.3588,
							"rotationZ": 21.4312,
							"faces": {
								"up": { "texture": "#hibiscus", "uv": [ 9.5, 13.5, 11.0, 16.0 ], "autoUv": false }
							}
						},
						{
							"name": "leaf15",
							"from": [ 2.407, 1.2258, 1.3858 ],
							"to": [ 3.487, 1.2258, 3.1857 ],
							"rotationOrigin": [ 1.759, 1.0098, 1.6737 ],
							"rotationX": 169.2574,
							"rotationY": 9.5698,
							"rotationZ": 175.0072,
							"faces": {
								"up": { "texture": "#hibiscus", "uv": [ 9.5, 13.5, 11.0, 16.0 ], "autoUv": false }
							}
						},
						{
							"name": "leaf2",
							"from": [ -0.7083, 3.5655, -2.4799 ],
							"to": [ 0.3717, 3.5655, -0.68 ],
							"rotationOrigin": [ -1.3563, 3.3495, -2.192 ],
							"rotationX": 11.2784,
							"rotationY": -20.9741,
							"rotationZ": 22.9109,
							"faces": {
								"up": { "texture": "#hibiscus", "uv": [ 9.5, 13.5, 11.0, 16.0 ], "autoUv": false, "windMode": [4,1,1,4] }
							}
						},
						{
							"name": "leaf19",
							"from": [ -0.0607, 5.249, 1.8582 ],
							"to": [ 1.0193, 5.249, 3.6582 ],
							"rotationOrigin": [ -0.7094, 5.033, 2.1449 ],
							"rotationX": 172.4052,
							"rotationY": 69.9772,
							"rotationZ": -178.9475,
							"faces": {
								"up": { "texture": "#hibiscus", "uv": [ 9.5, 13.5, 11.0, 16.0 ], "autoUv": false, "windMode": [4,1,1,4] }
							}
						},
						{
							"name": "leaf6",
							"from": [ 2.1056, 5.5167, 0.1928 ],
							"to": [ 3.1856, 5.5167, 1.9928 ],
							"rotationOrigin": [ 1.8908, 5.3012, 0.4392 ],
							"rotationX": 145.7347,
							"rotationY": -28.9315,
							"rotationZ": 127.8518,
							"faces": {
								"up": { "texture": "#hibiscus", "uv": [ 9.5, 12.5, 11.5, 16.0 ], "autoUv": false, "windMode": [4,1,1,4] }
							}
						},
						{
							"name": "leaf20",
							"from": [ -0.5549, 4.1569, -1.326 ],
							"to": [ 0.5251, 4.1569, 0.474 ],
							"rotationOrigin": [ 0.3811, 3.4369, 1.9859 ],
							"rotationX": -17.0,
							"rotationY": -37.4999,
							"rotationZ": 8.0,
							"faces": {
								"up": { "texture": "#hibiscus", "uv": [ 9.5, 13.5, 11.0, 16.0 ], "autoUv": false, "windMode": [4,1,1,4] }
							}
						},
						{
							"name": "leaf5",
							"from": [ 1.0291, 3.6529, 1.698 ],
							"to": [ 2.1091, 3.6529, 3.4979 ],
							"rotationOrigin": [ 0.3811, 3.4369, 1.9859 ],
							"rotationX": 163.0,
							"rotationY": 29.5,
							"rotationZ": -172.0,
							"faces": {
								"up": { "texture": "#hibiscus", "uv": [ 9.5, 13.5, 11.0, 16.0 ], "autoUv": false, "windMode": [4,1,1,4] }
							}
						},
						{
							"name": "leaf23",
							"from": [ -2.0687, 1.4676, 0.1487 ],
							"to": [ -0.9887, 1.4676, 1.9487 ],
							"rotationOrigin": [ -2.2835, 1.2516, 0.3951 ],
							"rotationX": 37.2078,
							"rotationY": 51.518,
							"rotationZ": -48.8271,
							"faces": {
								"up": { "texture": "#hibiscus", "uv": [ 9.5, 12.5, 11.5, 16.0 ], "autoUv": false }
							}
						},
						{
							"name": "leaf25",
							"from": [ -2.112, 6.0085, -0.5438 ],
							"to": [ -1.032, 6.0085, 1.2562 ],
							"rotationOrigin": [ -2.0832, 6.0085, -0.5438 ],
							"rotationX": 73.9261,
							"rotationY": 60.525,
							"rotationZ": -69.0194,
							"faces": {
								"up": { "texture": "#hibiscus", "uv": [ 9.0, 12.0, 11.5, 16.0 ], "autoUv": false, "windMode": [4,1,1,4] }
							}
						}
					]
				},
				{
					"name": "stemgroup",
					"from": [ 0.0, 0.0, 0.0 ],
					"to": [ 0.0, 0.0, 0.0 ],
					"faces": {
					},
					"children": [
						{
							"name": "stem",
							"from": [ -0.18, 0.0, -0.18 ],
							"to": [ 0.18, 3.24, 0.18 ],
							"rotationOrigin": [ -0.18, 0.0, -0.18 ],
							"faces": {
								"north": { "texture": "#hibiscus", "uv": [ 0.5, 10.0, 1.0, 14.5 ], "autoUv": false, "windMode": [0,4,4,0] },
								"east": { "texture": "#hibiscus", "uv": [ 0.0, 11.5, 0.5, 16.0 ], "autoUv": false, "windMode": [0,4,4,0] },
								"south": { "texture": "#hibiscus", "uv": [ 0.5, 10.5, 1.0, 15.0 ], "autoUv": false, "windMode": [0,0,4,4] },
								"west": { "texture": "#hibiscus", "uv": [ 1.0, 11.0, 1.5, 15.5 ], "autoUv": false, "windMode": [0,0,4,4] },
								"up": { "texture": "#hibiscus", "uv": [ 0.0, 15.0, 0.5, 15.5 ], "autoUv": false, "windMode": [4,4,4,4] }
							},
							"children": [
								{
									"name": "stem2",
									"from": [ 0.036, 3.24, 0.036 ],
									"to": [ 0.324, 5.4, 0.324 ],
									"rotationOrigin": [ 0.0, 3.24, 0.0 ],
									"faces": {
										"north": { "texture": "#hibiscus", "uv": [ 0.5, 10.5, 1.0, 13.5 ], "autoUv": false, "windMode": [4,4,4,4] },
										"east": { "texture": "#hibiscus", "uv": [ 1.5, 4.5, 2.0, 7.5 ], "autoUv": false, "windMode": [4,4,4,4] },
										"south": { "texture": "#hibiscus", "uv": [ 0.5, 11.5, 1.0, 14.5 ], "autoUv": false, "windMode": [4,4,4,4] },
										"west": { "texture": "#hibiscus", "uv": [ 0.5, 5.5, 1.0, 8.5 ], "autoUv": false, "windMode": [4,4,4,4] },
										"up": { "texture": "#hibiscus", "uv": [ 0.5, 6.5, 1.0, 7.0 ], "autoUv": false, "windMode": [4,4,4,4] }
									}
								}
							]
						},
						{
							"name": "stem3",
							"from": [ -0.1152, 0.72, -1.44 ],
							"to": [ 0.0648, 0.9, -0.18 ],
							"rotationOrigin": [ -0.036, 0.72, 0.0 ],
							"rotationX": 25.0,
							"rotationY": 45.0,
							"rotationZ": -22.5,
							"faces": {
								"north": { "texture": "#hibiscus", "uv": [ 0.0, 2.5, 0.5, 3.0 ], "autoUv": false },
								"east": { "texture": "#hibiscus", "uv": [ 1.5, 3.5, 2.0, 5.0 ], "rotation": 90, "autoUv": false },
								"west": { "texture": "#hibiscus", "uv": [ 0.0, 4.5, 0.5, 6.0 ], "rotation": 90, "autoUv": false },
								"up": { "texture": "#hibiscus", "uv": [ 1.5, 5.0, 2.0, 6.5 ], "autoUv": false },
								"down": { "texture": "#hibiscus", "uv": [ 0.0, 5.5, 0.5, 7.0 ], "autoUv": false }
							}
						},
						{
							"name": "stem4",
							"from": [ -0.0792, 1.368, -1.152 ],
							"to": [ 0.1008, 1.548, -0.072 ],
							"rotationOrigin": [ 0.0, 1.368, 0.036 ],
							"rotationX": 139.4732,
							"rotationY": 30.3313,
							"rotationZ": -128.0711,
							"faces": {
								"north": { "texture": "#hibiscus", "uv": [ 0.0, 2.5, 0.5, 3.0 ], "autoUv": false, "windMode": [4,4,4,4] },
								"east": { "texture": "#hibiscus", "uv": [ 1.5, 3.5, 2.0, 5.0 ], "rotation": 90, "autoUv": false, "windMode": [4,4,4,4] },
								"west": { "texture": "#hibiscus", "uv": [ 0.0, 4.5, 0.5, 6.0 ], "rotation": 90, "autoUv": false, "windMode": [4,4,4,4] },
								"up": { "texture": "#hibiscus", "uv": [ 1.5, 5.0, 2.0, 6.5 ], "autoUv": false, "windMode": [4,4,4,4] },
								"down": { "texture": "#hibiscus", "uv": [ 0.0, 5.5, 0.5, 7.0 ], "autoUv": false, "windMode": [4,4,4,4] }
							}
						},
						{
							"name": "stem5",
							"from": [ -0.0432, 1.728, -1.08 ],
							"to": [ 0.1368, 1.908, 0.0 ],
							"rotationOrigin": [ 0.036, 1.728, 0.0 ],
							"rotationX": 155.0,
							"rotationY": -27.0,
							"rotationZ": 158.5,
							"faces": {
								"north": { "texture": "#hibiscus", "uv": [ 0.0, 2.5, 0.5, 3.0 ], "autoUv": false, "windMode": [4,4,4,4] },
								"east": { "texture": "#hibiscus", "uv": [ 1.5, 3.5, 2.0, 5.0 ], "rotation": 90, "autoUv": false, "windMode": [4,4,4,4] },
								"west": { "texture": "#hibiscus", "uv": [ 0.0, 4.5, 0.5, 6.0 ], "rotation": 90, "autoUv": false, "windMode": [4,4,4,4] },
								"up": { "texture": "#hibiscus", "uv": [ 1.5, 5.0, 2.0, 6.5 ], "autoUv": false, "windMode": [4,4,4,4] },
								"down": { "texture": "#hibiscus", "uv": [ 0.0, 5.5, 0.5, 7.0 ], "autoUv": false, "windMode": [4,4,4,4] }
							}
						},
						{
							"name": "stem12",
							"from": [ -0.0792, 2.448, -1.116 ],
							"to": [ 0.1008, 2.628, -0.036 ],
							"rotationOrigin": [ 0.0, 2.448, -0.036 ],
							"rotationX": 22.9098,
							"rotationY": -39.8557,
							"rotationZ": 10.9032,
							"faces": {
								"north": { "texture": "#hibiscus", "uv": [ 0.0, 2.5, 0.5, 3.0 ], "autoUv": false, "windMode": [4,4,4,4] },
								"east": { "texture": "#hibiscus", "uv": [ 1.5, 3.5, 2.0, 5.0 ], "rotation": 90, "autoUv": false, "windMode": [4,4,4,4] },
								"west": { "texture": "#hibiscus", "uv": [ 0.0, 4.5, 0.5, 6.0 ], "rotation": 90, "autoUv": false, "windMode": [4,4,4,4] },
								"up": { "texture": "#hibiscus", "uv": [ 1.5, 5.0, 2.0, 6.5 ], "autoUv": false, "windMode": [4,4,4,4] },
								"down": { "texture": "#hibiscus", "uv": [ 0.0, 5.5, 0.5, 7.0 ], "autoUv": false, "windMode": [4,4,4,4] }
							}
						},
						{
							"name": "stem17",
							"from": [ -0.0517, 0.216, -2.1831 ],
							"to": [ 0.1283, 0.396, -0.0231 ],
							"rotationOrigin": [ 0.0275, 0.216, -0.0231 ],
							"rotationX": 90.1246,
							"rotationY": -59.0218,
							"rotationZ": 99.103,
							"faces": {
								"north": { "texture": "#hibiscus", "uv": [ 0.0, 2.5, 0.5, 3.0 ], "autoUv": false },
								"east": { "texture": "#hibiscus", "uv": [ 1.5, 3.5, 2.0, 6.5 ], "rotation": 90, "autoUv": false },
								"west": { "texture": "#hibiscus", "uv": [ 0.0, 4.5, 0.5, 7.5 ], "rotation": 90, "autoUv": false },
								"up": { "texture": "#hibiscus", "uv": [ 1.5, 5.0, 2.0, 8.0 ], "autoUv": false },
								"down": { "texture": "#hibiscus", "uv": [ 0.0, 5.5, 0.5, 8.5 ], "autoUv": false }
							}
						},
						{
							"name": "stem19",
							"from": [ -0.1126, 3.456, -2.1735 ],
							"to": [ 0.0674, 3.636, -0.0135 ],
							"rotationOrigin": [ -0.0334, 3.456, -0.0135 ],
							"rotationX": 19.1806,
							"rotationY": 71.55,
							"rotationZ": -12.4763,
							"faces": {
								"north": { "texture": "#hibiscus", "uv": [ 0.0, 2.5, 0.5, 3.0 ], "autoUv": false, "windMode": [4,4,4,4] },
								"east": { "texture": "#hibiscus", "uv": [ 1.5, 3.5, 2.0, 6.5 ], "rotation": 90, "autoUv": false, "windMode": [4,4,4,4] },
								"west": { "texture": "#hibiscus", "uv": [ 0.0, 4.5, 0.5, 7.5 ], "rotation": 90, "autoUv": false, "windMode": [4,4,4,4] },
								"up": { "texture": "#hibiscus", "uv": [ 1.5, 5.0, 2.0, 8.0 ], "autoUv": false, "windMode": [4,4,4,4] },
								"down": { "texture": "#hibiscus", "uv": [ 0.0, 5.5, 0.5, 8.5 ], "autoUv": false, "windMode": [4,4,4,4] }
							}
						},
						{
							"name": "stem21",
							"from": [ -0.0792, 3.888, -1.044 ],
							"to": [ 0.1008, 4.068, 0.036 ],
							"rotationOrigin": [ 0.0, 3.888, 0.036 ],
							"rotationX": 157.0902,
							"rotationY": 39.8557,
							"rotationZ": -169.0968,
							"faces": {
								"north": { "texture": "#hibiscus", "uv": [ 0.0, 2.5, 0.5, 3.0 ], "autoUv": false, "windMode": [4,4,4,4] },
								"east": { "texture": "#hibiscus", "uv": [ 1.5, 3.5, 2.0, 5.0 ], "rotation": 90, "autoUv": false, "windMode": [4,4,4,4] },
								"west": { "texture": "#hibiscus", "uv": [ 0.0, 4.5, 0.5, 6.0 ], "rotation": 90, "autoUv": false, "windMode": [4,4,4,4] },
								"up": { "texture": "#hibiscus", "uv": [ 1.5, 5.0, 2.0, 6.5 ], "autoUv": false, "windMode": [4,4,4,4] },
								"down": { "texture": "#hibiscus", "uv": [ 0.0, 5.5, 0.5, 7.0 ], "autoUv": false, "windMode": [4,4,4,4] }
							}
						},
						{
							"name": "stem26",
							"from": [ -0.0444, 4.608, -1.368 ],
							"to": [ 0.1356, 4.788, -0.108 ],
							"rotationOrigin": [ 0.0348, 4.608, 0.009 ],
							"rotationX": 146.254,
							"rotationY": -20.83,
							"rotationZ": 166.2183,
							"faces": {
								"north": { "texture": "#hibiscus", "uv": [ 0.0, 2.5, 0.5, 3.0 ], "autoUv": false, "windMode": [4,4,4,4] },
								"east": { "texture": "#hibiscus", "uv": [ 1.5, 3.5, 2.0, 5.0 ], "rotation": 90, "autoUv": false, "windMode": [4,4,4,4] },
								"west": { "texture": "#hibiscus", "uv": [ 0.0, 4.5, 0.5, 6.0 ], "rotation": 90, "autoUv": false, "windMode": [4,4,4,4] },
								"up": { "texture": "#hibiscus", "uv": [ 1.5, 5.0, 2.0, 6.5 ], "autoUv": false, "windMode": [4,4,4,4] },
								"down": { "texture": "#hibiscus", "uv": [ 0.0, 5.5, 0.5, 7.0 ], "autoUv": false, "windMode": [4,4,4,4] }
							}
						},
						{
							"name": "stem30",
							"from": [ -0.0792, 3.888, -1.044 ],
							"to": [ 0.1008, 4.068, 0.036 ],
							"rotationOrigin": [ 0.0, 3.888, 0.036 ],
							"rotationX": 53.09,
							"rotationY": -49.5,
							"rotationZ": 47.9,
							"faces": {
								"north": { "texture": "#hibiscus", "uv": [ 0.0, 2.5, 0.5, 3.0 ], "autoUv": false, "windMode": [4,4,4,4] },
								"east": { "texture": "#hibiscus", "uv": [ 1.5, 3.5, 2.0, 5.0 ], "rotation": 90, "autoUv": false, "windMode": [4,4,4,4] },
								"west": { "texture": "#hibiscus", "uv": [ 0.0, 4.5, 0.5, 6.0 ], "rotation": 90, "autoUv": false, "windMode": [4,4,4,4] },
								"up": { "texture": "#hibiscus", "uv": [ 1.5, 5.0, 2.0, 6.5 ], "autoUv": false, "windMode": [4,4,4,4] },
								"down": { "texture": "#hibiscus", "uv": [ 0.0, 5.5, 0.5, 7.0 ], "autoUv": false, "windMode": [4,4,4,4] }
							}
						},
						{
							"name": "stem28",
							"from": [ -0.0445, 3.0994, -1.296 ],
							"to": [ 0.1355, 3.2794, -0.036 ],
							"rotationOrigin": [ 0.0347, 3.0994, 0.0329 ],
							"rotationX": 128.1132,
							"rotationY": -58.5012,
							"rotationZ": 145.0163,
							"faces": {
								"north": { "texture": "#hibiscus", "uv": [ 0.0, 2.5, 0.5, 3.0 ], "autoUv": false, "windMode": [4,4,4,4] },
								"east": { "texture": "#hibiscus", "uv": [ 1.5, 3.5, 2.0, 5.0 ], "rotation": 90, "autoUv": false, "windMode": [4,4,4,4] },
								"west": { "texture": "#hibiscus", "uv": [ 0.0, 4.5, 0.5, 6.0 ], "rotation": 90, "autoUv": false, "windMode": [4,4,4,4] },
								"up": { "texture": "#hibiscus", "uv": [ 1.5, 5.0, 2.0, 6.5 ], "autoUv": false, "windMode": [4,4,4,4] },
								"down": { "texture": "#hibiscus", "uv": [ 0.0, 5.5, 0.5, 7.0 ], "autoUv": false, "windMode": [4,4,4,4] }
							}
						},
						{
							"name": "stem35",
							"from": [ -0.108, 1.7316, -1.0682 ],
							"to": [ 0.072, 1.9116, 0.0118 ],
							"rotationOrigin": [ -0.1099, 1.7316, 0.0118 ],
							"rotationX": 9.0,
							"rotationY": 16.0,
							"rotationZ": -16.5,
							"faces": {
								"north": { "texture": "#hibiscus", "uv": [ 0.0, 2.5, 0.5, 3.0 ], "autoUv": false, "windMode": [4,4,4,4] },
								"east": { "texture": "#hibiscus", "uv": [ 1.5, 3.5, 2.0, 5.0 ], "rotation": 90, "autoUv": false, "windMode": [4,4,4,4] },
								"west": { "texture": "#hibiscus", "uv": [ 0.0, 4.5, 0.5, 6.0 ], "rotation": 90, "autoUv": false, "windMode": [4,4,4,4] },
								"up": { "texture": "#hibiscus", "uv": [ 1.5, 5.0, 2.0, 6.5 ], "autoUv": false, "windMode": [4,4,4,4] },
								"down": { "texture": "#hibiscus", "uv": [ 0.0, 5.5, 0.5, 7.0 ], "autoUv": false, "windMode": [4,4,4,4] }
							}
						},
						{
							"name": "stem40",
							"from": [ -0.216, 0.36, -0.72 ],
							"to": [ -0.036, 0.54, 0.36 ],
							"rotationOrigin": [ -0.1099, 1.7316, 0.0118 ],
							"rotationX": 157.0,
							"rotationY": 45.5,
							"rotationZ": -165.5,
							"faces": {
								"north": { "texture": "#hibiscus", "uv": [ 0.0, 2.5, 0.5, 3.0 ], "autoUv": false },
								"east": { "texture": "#hibiscus", "uv": [ 1.5, 3.5, 2.0, 5.0 ], "rotation": 90, "autoUv": false },
								"west": { "texture": "#hibiscus", "uv": [ 0.0, 4.5, 0.5, 6.0 ], "rotation": 90, "autoUv": false },
								"up": { "texture": "#hibiscus", "uv": [ 1.5, 5.0, 2.0, 6.5 ], "autoUv": false },
								"down": { "texture": "#hibiscus", "uv": [ 0.0, 5.5, 0.5, 7.0 ], "autoUv": false }
							}
						},
						{
							"name": "stem45",
							"from": [ -0.432, 4.824, -1.224 ],
							"to": [ -0.288, 4.968, -0.144 ],
							"rotationOrigin": [ -0.3884, 4.2297, -0.3313 ],
							"rotationX": 29.06,
							"rotationY": 27.3,
							"rotationZ": -29.42,
							"faces": {
								"north": { "texture": "#hibiscus", "uv": [ 0.0, 2.5, 0.5, 3.0 ], "autoUv": false, "windMode": [4,4,4,4] },
								"east": { "texture": "#hibiscus", "uv": [ 1.5, 3.5, 2.0, 5.0 ], "rotation": 90, "autoUv": false, "windMode": [4,4,4,4] },
								"west": { "texture": "#hibiscus", "uv": [ 0.0, 4.5, 0.5, 6.0 ], "rotation": 90, "autoUv": false, "windMode": [4,4,4,4] },
								"up": { "texture": "#hibiscus", "uv": [ 1.5, 5.0, 2.0, 6.5 ], "autoUv": false, "windMode": [4,4,4,4] },
								"down": { "texture": "#hibiscus", "uv": [ 0.0, 5.5, 0.5, 7.0 ], "autoUv": false, "windMode": [4,4,4,4] }
							}
						}
					]
				}
			]
		}
	]}