{
	"editor": {
		"collapsedPaths": "",
		"allAngles": false,
		"entityTextureMode": false
	},
	"textureWidth": 16,
	"textureHeight": 16,
	"textureSizes": {
		"hibiscus": [16,16]
	},
	"textures": {
	},
	"elements": [
		{
			"name": "origin",
			"from": [ 8.0, 0.0, 8.0 ],
			"to": [ 8.0, 0.0, 8.0 ],
			"rotationOrigin": [ 8.0, 0.0, 8.0 ],
			"faces": {
				"north": { "texture": "#null", "uv": [ 0.0, 0.0, 0.5, 0.5 ] },
				"east": { "texture": "#null", "uv": [ 0.0, 0.0, 0.5, 0.5 ] },
				"south": { "texture": "#null", "uv": [ 0.0, 0.0, 0.5, 0.5 ] },
				"west": { "texture": "#null", "uv": [ 0.0, 0.0, 0.5, 0.5 ] },
				"up": { "texture": "#null", "uv": [ 0.0, 0.0, 0.5, 0.5 ] },
				"down": { "texture": "#null", "uv": [ 0.0, 0.0, 0.5, 0.5 ] }
			},
			"children": [
				{
					"name": "stem",
					"from": [ -0.5, 0.0, 0.0 ],
					"to": [ 0.0, 3.5, 0.0 ],
					"faces": {
						"north": { "texture": "#hibiscus", "uv": [ 0.5, 3.0, 1.0, 6.5 ], "windMode": [0,4,4,0] }
					},
					"children": [
						{
							"name": "stem2",
							"from": [ 0.0, 0.0, 3.0E-4 ],
							"to": [ 0.5, 4.0, 3.0E-4 ],
							"rotationOrigin": [ 0.5, 0.0, 0.0 ],
							"rotationY": 89.9802,
							"faces": {
								"north": { "texture": "#hibiscus", "uv": [ 0.5, 0.5, 1.0, 4.5 ], "windMode": [0,4,4,0] }
							}
						},
						{
							"name": "stem3",
							"from": [ 0.5, 0.0, 0.0 ],
							"to": [ 1.0, 4.5, 0.0 ],
							"rotationOrigin": [ 1.0, 0.0, 0.0 ],
							"faces": {
								"north": { "texture": "#hibiscus", "uv": [ 0.5, 3.0, 1.0, 7.5 ], "windMode": [0,4,4,0] }
							}
						},
						{
							"name": "stem4",
							"from": [ 0.0, 0.0, -0.5 ],
							"to": [ 0.5, 3.25, -0.5 ],
							"rotationOrigin": [ 0.5, 0.0, -0.5 ],
							"rotationY": 89.9802,
							"faces": {
								"north": { "texture": "#hibiscus", "uv": [ 0.5, 0.5, 1.0, 3.5 ], "windMode": [0,4,4,0] }
							}
						}
					]
				},
				{
					"name": "leaf",
					"from": [ -0.8, 1.8, -2.5 ],
					"to": [ 0.7, 1.8, 0.0 ],
					"rotationOrigin": [ -0.05, 1.8, 0.0 ],
					"rotationX": 25.0,
					"rotationY": 45.0,
					"rotationZ": -22.5,
					"faces": {
						"up": { "texture": "#hibiscus", "uv": [ 9.5, 13.5, 11.0, 16.0 ], "windMode": [4,1,1,4] }
					},
					"children": [
						{
							"name": "leaf2",
							"from": [ -0.1061, 1.4275, -0.4483 ],
							"to": [ 1.3939, 1.4275, 2.0517 ],
							"rotationOrigin": [ 0.6439, 1.4275, 2.0517 ],
							"rotationX": 145.2985,
							"rotationY": 2.4232,
							"rotationZ": 172.255,
							"faces": {
								"up": { "texture": "#hibiscus", "uv": [ 9.5, 13.5, 11.0, 16.0 ], "windMode": [4,1,1,4] }
							}
						}
					]
				}
			]
		}
	]}