{
	"editor": {
		"collapsedPaths": ",Root/origin/bush17",
		"allAngles": false,
		"entityTextureMode": false
	},
	"textureWidth": 16,
	"textureHeight": 16,
	"textureSizes": {
		"hibiscus": [16,16]
	},
	"textures": {
	},
	"elements": [
		{
			"name": "origin",
			"from": [ 8.0, 0.0, 8.0 ],
			"to": [ 8.0, 0.0, 8.0 ],
			"rotationOrigin": [ 8.0, 0.0, 8.0 ],
			"faces": {
			},
			"children": [
				{
					"name": "leaf",
					"from": [ -0.64, 1.3, -2.0 ],
					"to": [ 0.56, 1.3, 0.0 ],
					"rotationOrigin": [ -0.04, 1.3, 0.0 ],
					"rotationX": 25.0,
					"rotationY": 45.0,
					"rotationZ": -22.5,
					"faces": {
						"up": { "texture": "#hibiscus", "uv": [ 9.5, 13.5, 11.0, 16.0 ], "autoUv": false, "windMode": [4,1,1,4] }
					},
					"children": [
						{
							"name": "leaf2",
							"from": [ -0.0849, 0.44, -0.3586 ],
							"to": [ 1.1151, 0.44, 1.6414 ],
							"rotationOrigin": [ 0.5151, 0.442, 1.6414 ],
							"rotationX": 145.2985,
							"rotationY": 2.4232,
							"rotationZ": 172.255,
							"faces": {
								"up": { "texture": "#hibiscus", "uv": [ 9.5, 13.5, 11.0, 16.0 ], "autoUv": false, "windMode": [4,1,1,4] }
							}
						},
						{
							"name": "leaf3",
							"from": [ -0.0606, 1.88, -0.1851 ],
							"to": [ 1.1394, 1.88, 1.8149 ],
							"rotationOrigin": [ 0.5394, 1.878, 1.8149 ],
							"rotationX": 67.3162,
							"rotationY": 76.6106,
							"rotationZ": -88.7617,
							"faces": {
								"up": { "texture": "#hibiscus", "uv": [ 9.5, 13.5, 11.0, 16.0 ], "autoUv": false, "windMode": [4,1,1,4] }
							}
						},
						{
							"name": "leaf4",
							"from": [ -0.1455, 2.32, -0.5438 ],
							"to": [ 1.0545, 2.32, 1.4562 ],
							"rotationOrigin": [ 0.4545, 2.32, 1.4562 ],
							"rotationX": 75.885,
							"rotationY": -68.519,
							"rotationZ": 89.217,
							"faces": {
								"up": { "texture": "#hibiscus", "uv": [ 9.5, 13.5, 11.0, 16.0 ], "autoUv": false, "windMode": [4,1,1,4] }
							}
						},
						{
							"name": "leaf5",
							"from": [ -0.2587, 3.14, -1.0219 ],
							"to": [ 0.9413, 3.14, 0.9781 ],
							"rotationOrigin": [ 0.3413, 3.1426, 0.9781 ],
							"rotationX": 67.3162,
							"rotationY": 76.6106,
							"rotationZ": -88.7617,
							"faces": {
								"up": { "texture": "#hibiscus", "uv": [ 9.5, 13.5, 11.0, 16.0 ], "autoUv": false, "windMode": [4,1,1,4] }
							}
						}
					]
				},
				{
					"name": "stem",
					"from": [ -0.2, 0.0, -0.2 ],
					"to": [ 0.2, 3.6, 0.2 ],
					"rotationOrigin": [ -0.2, 0.0, -0.2 ],
					"faces": {
						"north": { "texture": "#hibiscus", "uv": [ 1.5, 8.0, 2.0, 12.5 ], "autoUv": false, "windMode": [0,4,4,0] },
						"east": { "texture": "#hibiscus", "uv": [ 0.0, 9.5, 0.5, 14.0 ], "autoUv": false, "windMode": [0,4,4,0] },
						"south": { "texture": "#hibiscus", "uv": [ 1.5, 10.0, 2.0, 14.5 ], "autoUv": false, "windMode": [0,0,4,4] },
						"west": { "texture": "#hibiscus", "uv": [ 0.0, 9.0, 0.5, 13.5 ], "autoUv": false, "windMode": [0,0,4,4] },
						"up": { "texture": "#hibiscus", "uv": [ 0.0, 0.0, 0.5, 0.5 ], "autoUv": false, "windMode": [4,4,4,4] },
						"down": { "texture": "#hibiscus", "uv": [ 0.0, 0.0, 0.5, 0.5 ], "autoUv": false, "windMode": [0,0,0,0] }
					},
					"children": [
						{
							"name": "stem2",
							"from": [ 0.04, 3.6, 0.04 ],
							"to": [ 0.36, 4.8, 0.36 ],
							"rotationOrigin": [ 0.0, 3.6, 0.0 ],
							"faces": {
								"north": { "texture": "#hibiscus", "uv": [ 0.0, 5.5, 0.5, 7.0 ], "autoUv": false, "windMode": [4,4,4,4] },
								"east": { "texture": "#hibiscus", "uv": [ 1.5, 6.0, 2.0, 7.5 ], "autoUv": false, "windMode": [4,4,4,4] },
								"south": { "texture": "#hibiscus", "uv": [ 0.0, 5.0, 0.5, 6.5 ], "autoUv": false, "windMode": [4,4,4,4] },
								"west": { "texture": "#hibiscus", "uv": [ 1.5, 7.0, 2.0, 8.5 ], "autoUv": false, "windMode": [4,4,4,4] },
								"up": { "texture": "#hibiscus", "uv": [ 0.0, 4.5, 0.5, 5.0 ], "autoUv": false, "windMode": [4,4,4,4] }
							}
						}
					]
				}
			]
		}
	]}