{
	"editor": {
		"collapsedPaths": "Root/group/CandleHolder5,Root/group/CandleHolder4,Root/group/CandleHolder3,Root/group/CandleHolder2,Root/chandelier/frame2/CandleHolder5,Root/group/CandleHolder1,Root/group/CandleHolder7,Root/chandelier/frame2/CandleHolder8",
		"allAngles": false,
		"entityTextureMode": false
	},
	"textureWidth": 16,
	"textureHeight": 16,
	"textureSizes": {
	},
	"textures": {
		
	},
	"elements": [
		{
			"name": "chandelier",
			"from": [ 0.0, -1.0, 0.0 ],
			"to": [ 0.0, -1.0, 0.0 ],
			"renderPass": 2,
			"rotationOrigin": [ 0.0, -1.0, 0.0 ],
			"faces": {
			},
			"children": [
				{
					"name": "frame1",
					"from": [ 0.0, 0.0, 0.0 ],
					"to": [ 0.0, 0.0, 0.0 ],
					"renderPass": 2,
					"rotationOrigin": [ 8.0, 12.0, 8.0 ],
					"faces": {
					},
					"children": [
						{
							"name": "chain1",
							"from": [ 6.75, 10.0, 8.0 ],
							"to": [ 9.25, 18.0, 8.001 ],
							"renderPass": 2,
							"faces": {
								"north": { "texture": "#chandelier", "uv": [ 13.0, 0.0, 15.5, 14.0 ], "autoUv": false }
							}
						},
						{
							"name": "chain2",
							"from": [ 8.0, 10.0, 6.75 ],
							"to": [ 8.001, 18.0, 9.25 ],
							"renderPass": 2,
							"faces": {
								"east": { "texture": "#chandelier", "uv": [ 10.0, 0.0, 12.5, 14.0 ], "autoUv": false }
							}
						},
						{
							"name": "cube3",
							"from": [ 7.0, 7.5, 2.9727 ],
							"to": [ 9.0, 9.0, 3.4727 ],
							"renderPass": 2,
							"faces": {
								"north": { "texture": "#chandelier", "uv": [ 8.0, 3.5, 10.0, 5.0 ], "autoUv": false },
								"east": { "texture": "#chandelier", "uv": [ 8.0, 3.5, 8.5, 6.0 ], "autoUv": false },
								"south": { "texture": "#chandelier", "uv": [ 5.0, 7.0, 3.0, 8.5 ], "autoUv": false },
								"west": { "texture": "#chandelier", "uv": [ 8.0, 3.5, 8.5, 6.0 ], "autoUv": false },
								"up": { "texture": "#chandelier", "uv": [ 2.5, 7.0, 4.5, 7.5 ], "autoUv": false },
								"down": { "texture": "#chandelier", "uv": [ 5.5, 8.0, 7.5, 8.5 ], "autoUv": false }
							}
						},
						{
							"name": "cube4",
							"from": [ 7.0, 7.5, 2.9727 ],
							"to": [ 9.0, 9.0, 3.4727 ],
							"renderPass": 2,
							"rotationOrigin": [ 8.0, 8.5, 8.0 ],
							"rotationY": 22.5,
							"faces": {
								"north": { "texture": "#chandelier", "uv": [ 6.0, 7.0, 8.0, 8.5 ], "autoUv": false },
								"east": { "texture": "#chandelier", "uv": [ 8.0, 3.5, 8.5, 6.0 ], "autoUv": false },
								"south": { "texture": "#chandelier", "uv": [ 5.5, 7.0, 7.5, 8.5 ] },
								"west": { "texture": "#chandelier", "uv": [ 8.0, 3.5, 8.5, 6.0 ], "autoUv": false },
								"up": { "texture": "#chandelier", "uv": [ 5.5, 7.0, 7.5, 7.5 ], "autoUv": false },
								"down": { "texture": "#chandelier", "uv": [ 5.5, 8.0, 7.5, 8.5 ], "autoUv": false }
							}
						},
						{
							"name": "cube5",
							"from": [ 7.0, 7.5, 2.9727 ],
							"to": [ 9.0, 9.0, 3.4727 ],
							"renderPass": 2,
							"rotationOrigin": [ 8.0, 8.5, 8.0 ],
							"rotationY": 45.0,
							"faces": {
								"north": { "texture": "#chandelier", "uv": [ 8.0, 3.5, 10.0, 5.0 ], "autoUv": false },
								"east": { "texture": "#chandelier", "uv": [ 8.0, 3.5, 8.5, 6.0 ], "autoUv": false },
								"south": { "texture": "#chandelier", "uv": [ 10.0, 3.5, 8.0, 5.0 ], "autoUv": false },
								"west": { "texture": "#chandelier", "uv": [ 8.0, 3.5, 8.5, 5.0 ], "autoUv": false },
								"up": { "texture": "#chandelier", "uv": [ 3.5, 7.0, 5.5, 7.5 ], "autoUv": false },
								"down": { "texture": "#chandelier", "uv": [ 8.0, 4.5, 10.0, 5.0 ], "autoUv": false }
							}
						},
						{
							"name": "cube6",
							"from": [ 2.9727, 7.5, 7.0 ],
							"to": [ 3.4727, 9.0, 9.0 ],
							"renderPass": 2,
							"rotationOrigin": [ 8.0, 8.5, 8.0 ],
							"rotationY": -22.5,
							"faces": {
								"north": { "texture": "#chandelier", "uv": [ 8.0, 3.5, 8.5, 6.0 ], "autoUv": false },
								"east": { "texture": "#chandelier", "uv": [ 4.5, 7.0, 6.5, 8.5 ] },
								"south": { "texture": "#chandelier", "uv": [ 8.0, 3.5, 8.5, 6.0 ], "autoUv": false },
								"west": { "texture": "#chandelier", "uv": [ 6.0, 7.0, 8.0, 8.5 ], "autoUv": false },
								"up": { "texture": "#chandelier", "uv": [ 5.5, 7.0, 7.5, 7.5 ], "rotation": 270, "autoUv": false },
								"down": { "texture": "#chandelier", "uv": [ 4.0, 8.0, 6.0, 8.5 ], "rotation": 90, "autoUv": false }
							}
						},
						{
							"name": "cube7",
							"from": [ 2.9727, 7.5, 7.0 ],
							"to": [ 3.4727, 9.0, 9.0 ],
							"renderPass": 2,
							"faces": {
								"north": { "texture": "#chandelier", "uv": [ 8.0, 3.5, 8.5, 6.0 ], "autoUv": false },
								"east": { "texture": "#chandelier", "uv": [ 6.0, 7.0, 4.0, 8.5 ], "autoUv": false },
								"south": { "texture": "#chandelier", "uv": [ 8.0, 3.5, 8.5, 6.0 ], "autoUv": false },
								"west": { "texture": "#chandelier", "uv": [ 8.0, 3.5, 10.0, 5.0 ], "autoUv": false },
								"up": { "texture": "#chandelier", "uv": [ 2.5, 7.0, 4.5, 7.5 ], "rotation": 270, "autoUv": false },
								"down": { "texture": "#chandelier", "uv": [ 8.0, 4.5, 10.0, 5.0 ], "rotation": 90, "autoUv": false }
							}
						},
						{
							"name": "cube8",
							"from": [ 2.9727, 7.5, 7.0 ],
							"to": [ 3.4727, 9.0, 9.0 ],
							"renderPass": 2,
							"rotationOrigin": [ 8.0, 8.5, 8.0 ],
							"rotationY": 22.5,
							"faces": {
								"north": { "texture": "#chandelier", "uv": [ 8.0, 3.5, 8.5, 6.0 ], "autoUv": false },
								"east": { "texture": "#chandelier", "uv": [ 6.0, 7.0, 8.0, 8.5 ] },
								"south": { "texture": "#chandelier", "uv": [ 8.0, 3.5, 8.5, 6.0 ], "autoUv": false },
								"west": { "texture": "#chandelier", "uv": [ 6.0, 7.0, 8.0, 8.5 ], "autoUv": false },
								"up": { "texture": "#chandelier", "uv": [ 5.5, 7.0, 7.5, 7.5 ], "rotation": 270, "autoUv": false },
								"down": { "texture": "#chandelier", "uv": [ 5.5, 8.0, 7.5, 8.5 ], "rotation": 90, "autoUv": false }
							}
						},
						{
							"name": "cube9",
							"from": [ 2.9727, 7.5, 7.0 ],
							"to": [ 3.4727, 9.0, 9.0 ],
							"renderPass": 2,
							"rotationOrigin": [ 8.0, 8.5, 8.0 ],
							"rotationY": 45.0,
							"faces": {
								"north": { "texture": "#chandelier", "uv": [ 8.0, 3.5, 8.5, 5.0 ], "autoUv": false },
								"east": { "texture": "#chandelier", "uv": [ 9.5, 3.5, 7.5, 5.0 ], "autoUv": false },
								"south": { "texture": "#chandelier", "uv": [ 8.0, 3.5, 8.5, 5.0 ], "autoUv": false },
								"west": { "texture": "#chandelier", "uv": [ 8.0, 3.5, 10.0, 5.0 ], "autoUv": false },
								"up": { "texture": "#chandelier", "uv": [ 5.5, 7.0, 7.5, 7.5 ], "rotation": 270, "autoUv": false },
								"down": { "texture": "#chandelier", "uv": [ 8.0, 4.5, 10.0, 5.0 ], "rotation": 90, "autoUv": false }
							}
						},
						{
							"name": "cube10",
							"from": [ 7.0, 7.5, 12.5273 ],
							"to": [ 9.0, 9.0, 13.0273 ],
							"renderPass": 2,
							"rotationOrigin": [ 8.0, 8.5, 8.0 ],
							"rotationY": -22.5,
							"faces": {
								"north": { "texture": "#chandelier", "uv": [ 5.5, 7.0, 7.5, 8.5 ] },
								"east": { "texture": "#chandelier", "uv": [ 8.0, 3.5, 8.5, 6.0 ], "autoUv": false },
								"south": { "texture": "#chandelier", "uv": [ 6.0, 7.0, 8.0, 8.5 ], "autoUv": false },
								"west": { "texture": "#chandelier", "uv": [ 8.0, 3.5, 8.5, 6.0 ], "autoUv": false },
								"up": { "texture": "#chandelier", "uv": [ 5.5, 7.0, 7.5, 7.5 ], "rotation": 180, "autoUv": false },
								"down": { "texture": "#chandelier", "uv": [ 4.0, 8.0, 6.0, 8.5 ], "rotation": 180, "autoUv": false }
							}
						},
						{
							"name": "cube11",
							"from": [ 7.0, 7.5, 12.5273 ],
							"to": [ 9.0, 9.0, 13.0273 ],
							"renderPass": 2,
							"faces": {
								"north": { "texture": "#chandelier", "uv": [ 10.0, 3.5, 8.0, 5.0 ], "autoUv": false },
								"east": { "texture": "#chandelier", "uv": [ 8.0, 3.5, 8.5, 6.0 ], "autoUv": false },
								"south": { "texture": "#chandelier", "uv": [ 8.0, 3.5, 10.0, 5.0 ], "autoUv": false },
								"west": { "texture": "#chandelier", "uv": [ 8.0, 3.5, 8.5, 6.0 ], "autoUv": false },
								"up": { "texture": "#chandelier", "uv": [ 4.5, 7.0, 6.5, 7.5 ], "rotation": 180, "autoUv": false },
								"down": { "texture": "#chandelier", "uv": [ 8.0, 4.5, 10.0, 5.0 ], "rotation": 180, "autoUv": false }
							}
						},
						{
							"name": "cube12",
							"from": [ 7.0, 7.5, 12.5273 ],
							"to": [ 9.0, 9.0, 13.0273 ],
							"renderPass": 2,
							"rotationOrigin": [ 8.0, 8.5, 8.0 ],
							"rotationY": 22.5,
							"faces": {
								"north": { "texture": "#chandelier", "uv": [ 4.5, 7.0, 6.5, 8.5 ] },
								"east": { "texture": "#chandelier", "uv": [ 8.0, 3.5, 8.5, 6.0 ], "autoUv": false },
								"south": { "texture": "#chandelier", "uv": [ 6.0, 7.0, 8.0, 8.5 ], "autoUv": false },
								"west": { "texture": "#chandelier", "uv": [ 8.0, 3.5, 8.5, 6.0 ], "autoUv": false },
								"up": { "texture": "#chandelier", "uv": [ 5.5, 7.0, 7.5, 7.5 ], "rotation": 180, "autoUv": false },
								"down": { "texture": "#chandelier", "uv": [ 1.0, 8.0, 3.0, 8.5 ], "rotation": 180, "autoUv": false }
							}
						},
						{
							"name": "cube13",
							"from": [ 7.0, 7.5, 12.5273 ],
							"to": [ 9.0, 9.0, 13.0273 ],
							"renderPass": 2,
							"rotationOrigin": [ 8.0, 8.5, 8.0 ],
							"rotationY": 45.0,
							"faces": {
								"north": { "texture": "#chandelier", "uv": [ 10.0, 3.5, 8.0, 5.0 ], "autoUv": false },
								"east": { "texture": "#chandelier", "uv": [ 8.0, 3.5, 8.5, 6.0 ], "autoUv": false },
								"south": { "texture": "#chandelier", "uv": [ 8.0, 3.5, 10.0, 5.0 ], "autoUv": false },
								"west": { "texture": "#chandelier", "uv": [ 8.0, 3.5, 8.5, 6.0 ], "autoUv": false },
								"up": { "texture": "#chandelier", "uv": [ 4.5, 7.0, 6.5, 7.5 ], "rotation": 180, "autoUv": false },
								"down": { "texture": "#chandelier", "uv": [ 8.0, 4.5, 10.0, 5.0 ], "rotation": 180, "autoUv": false }
							}
						},
						{
							"name": "cube14",
							"from": [ 12.5273, 7.5, 7.0 ],
							"to": [ 13.0273, 9.0, 9.0 ],
							"renderPass": 2,
							"rotationOrigin": [ 8.0, 8.5, 8.0 ],
							"rotationY": -22.5,
							"faces": {
								"north": { "texture": "#chandelier", "uv": [ 8.0, 3.5, 8.5, 6.0 ], "autoUv": false },
								"east": { "texture": "#chandelier", "uv": [ 6.0, 7.0, 8.0, 8.5 ], "autoUv": false },
								"south": { "texture": "#chandelier", "uv": [ 8.0, 3.5, 8.5, 5.0 ], "autoUv": false },
								"west": { "texture": "#chandelier", "uv": [ 4.5, 6.5, 6.5, 8.0 ] },
								"up": { "texture": "#chandelier", "uv": [ 5.5, 7.0, 7.5, 7.5 ], "rotation": 90, "autoUv": false },
								"down": { "texture": "#chandelier", "uv": [ 1.0, 8.0, 3.0, 8.5 ], "rotation": 270, "autoUv": false }
							}
						},
						{
							"name": "cube15",
							"from": [ 12.5273, 7.5, 7.0 ],
							"to": [ 13.0273, 9.0, 9.0 ],
							"renderPass": 2,
							"faces": {
								"north": { "texture": "#chandelier", "uv": [ 8.0, 3.5, 8.5, 6.0 ], "autoUv": false },
								"east": { "texture": "#chandelier", "uv": [ 8.0, 3.5, 10.0, 5.0 ], "autoUv": false },
								"south": { "texture": "#chandelier", "uv": [ 8.0, 3.5, 8.5, 6.0 ], "autoUv": false },
								"west": { "texture": "#chandelier", "uv": [ 10.0, 3.5, 8.0, 5.0 ], "autoUv": false },
								"up": { "texture": "#chandelier", "uv": [ 3.5, 7.0, 5.5, 7.5 ], "rotation": 90, "autoUv": false },
								"down": { "texture": "#chandelier", "uv": [ 8.0, 4.5, 10.0, 5.0 ], "rotation": 270, "autoUv": false }
							}
						},
						{
							"name": "cube16",
							"from": [ 12.5273, 7.5, 7.0 ],
							"to": [ 13.0273, 9.0, 9.0 ],
							"renderPass": 2,
							"rotationOrigin": [ 8.0, 8.5, 8.0 ],
							"rotationY": 22.5,
							"faces": {
								"north": { "texture": "#chandelier", "uv": [ 8.0, 3.5, 8.5, 6.0 ], "autoUv": false },
								"east": { "texture": "#chandelier", "uv": [ 6.0, 7.0, 8.0, 8.5 ], "autoUv": false },
								"south": { "texture": "#chandelier", "uv": [ 8.0, 3.5, 8.5, 6.0 ], "autoUv": false },
								"west": { "texture": "#chandelier", "uv": [ 8.0, 7.0, 6.0, 9.5 ], "autoUv": false },
								"up": { "texture": "#chandelier", "uv": [ 5.5, 7.0, 7.5, 7.5 ], "rotation": 90, "autoUv": false },
								"down": { "texture": "#chandelier", "uv": [ 5.0, 8.0, 7.0, 8.5 ], "rotation": 270, "autoUv": false }
							}
						},
						{
							"name": "cube17",
							"from": [ 12.5273, 7.5, 7.0 ],
							"to": [ 13.0273, 9.0, 9.0 ],
							"renderPass": 2,
							"rotationOrigin": [ 8.0, 8.5, 8.0 ],
							"rotationY": 45.0,
							"faces": {
								"north": { "texture": "#chandelier", "uv": [ 8.0, 3.5, 8.5, 5.0 ], "autoUv": false },
								"east": { "texture": "#chandelier", "uv": [ 8.0, 3.5, 10.0, 5.0 ], "autoUv": false },
								"south": { "texture": "#chandelier", "uv": [ 8.0, 3.5, 8.5, 6.0 ], "autoUv": false },
								"west": { "texture": "#chandelier", "uv": [ 10.0, 3.5, 8.0, 5.0 ], "autoUv": false },
								"up": { "texture": "#chandelier", "uv": [ 3.5, 7.0, 5.5, 7.5 ], "rotation": 90, "autoUv": false },
								"down": { "texture": "#chandelier", "uv": [ 8.0, 4.5, 10.0, 5.0 ], "rotation": 270, "autoUv": false }
							}
						},
						{
							"name": "cube18",
							"from": [ 7.0, 7.5, 2.9727 ],
							"to": [ 9.0, 9.0, 3.4727 ],
							"renderPass": 2,
							"rotationOrigin": [ 8.0, 8.5, 8.0 ],
							"rotationY": -22.5,
							"faces": {
								"north": { "texture": "#chandelier", "uv": [ 6.0, 7.0, 8.0, 8.5 ], "autoUv": false },
								"east": { "texture": "#chandelier", "uv": [ 8.0, 3.5, 8.5, 6.0 ], "autoUv": false },
								"south": { "texture": "#chandelier", "uv": [ 5.5, 7.0, 7.5, 8.5 ] },
								"west": { "texture": "#chandelier", "uv": [ 8.0, 3.5, 8.5, 6.0 ], "autoUv": false },
								"up": { "texture": "#chandelier", "uv": [ 5.5, 7.0, 7.5, 7.5 ], "autoUv": false },
								"down": { "texture": "#chandelier", "uv": [ 5.0, 8.0, 7.0, 8.5 ], "autoUv": false }
							}
						},
						{
							"name": "cube47",
							"from": [ 7.5, 8.0, 9.5 ],
							"to": [ 8.5, 8.99, 14.0 ],
							"renderPass": 2,
							"rotationOrigin": [ 7.95, 9.725, 8.075 ],
							"rotationY": 45.0,
							"faces": {
								"north": { "texture": "#chandelier", "uv": [ 1.5, 8.5, 7.0, 9.5 ], "autoUv": false },
								"east": { "texture": "#chandelier", "uv": [ 1.5, 9.0, 7.0, 8.0 ], "autoUv": false },
								"south": { "texture": "#chandelier", "uv": [ 1.5, 8.5, 2.5, 9.49 ], "autoUv": false },
								"west": { "texture": "#chandelier", "uv": [ 1.5, 9.0, 7.0, 8.0 ], "autoUv": false },
								"up": { "texture": "#chandelier", "uv": [ 1.5, 8.5, 7.0, 9.5 ], "rotation": 90, "autoUv": false },
								"down": { "texture": "#chandelier", "uv": [ 1.5, 5.5, 7.0, 6.5 ], "rotation": 90, "autoUv": false }
							}
						},
						{
							"name": "cube48",
							"from": [ 7.5, 8.0, 3.0 ],
							"to": [ 8.5, 8.99, 7.5 ],
							"renderPass": 2,
							"rotationOrigin": [ 7.95, 9.725, 8.075 ],
							"rotationY": 45.0,
							"faces": {
								"north": { "texture": "#chandelier", "uv": [ 1.5, 8.5, 2.5, 9.5 ], "autoUv": false },
								"east": { "texture": "#chandelier", "uv": [ 1.5, 9.0, 7.0, 8.0 ], "autoUv": false },
								"south": { "texture": "#chandelier", "uv": [ 1.5, 8.5, 7.0, 9.5 ], "autoUv": false },
								"west": { "texture": "#chandelier", "uv": [ 1.5, 9.0, 7.0, 8.0 ], "autoUv": false },
								"up": { "texture": "#chandelier", "uv": [ 1.5, 8.5, 7.0, 9.5 ], "rotation": 90, "autoUv": false },
								"down": { "texture": "#chandelier", "uv": [ 1.0, 5.5, 6.5, 6.5 ], "rotation": 90, "autoUv": false }
							}
						},
						{
							"name": "cube55",
							"from": [ 3.0104, 8.0, 7.5396 ],
							"to": [ 7.5104, 8.99, 8.5396 ],
							"renderPass": 2,
							"rotationOrigin": [ 7.9854, 9.25, 8.0396 ],
							"rotationY": 45.0,
							"faces": {
								"north": { "texture": "#chandelier", "uv": [ 1.5, 9.0, 7.0, 8.0 ], "autoUv": false },
								"east": { "texture": "#chandelier", "uv": [ 1.5, 8.5, 7.0, 9.5 ], "autoUv": false },
								"south": { "texture": "#chandelier", "uv": [ 1.5, 9.0, 7.0, 8.0 ], "autoUv": false },
								"west": { "texture": "#chandelier", "uv": [ 1.5, 8.5, 2.5, 9.49 ], "autoUv": false },
								"up": { "texture": "#chandelier", "uv": [ 1.5, 8.5, 6.0, 9.5 ], "autoUv": false },
								"down": { "texture": "#chandelier", "uv": [ 1.5, 5.5, 7.0, 6.5 ], "autoUv": false }
							}
						},
						{
							"name": "cube56",
							"from": [ 8.4104, 8.0, 7.5396 ],
							"to": [ 12.9104, 8.99, 8.5396 ],
							"renderPass": 2,
							"rotationOrigin": [ 7.9854, 9.25, 8.0396 ],
							"rotationY": 45.0,
							"faces": {
								"north": { "texture": "#chandelier", "uv": [ 1.5, 8.5, 7.0, 9.5 ], "autoUv": false },
								"east": { "texture": "#chandelier", "uv": [ 1.5, 8.5, 7.0, 9.5 ], "autoUv": false },
								"south": { "texture": "#chandelier", "uv": [ 1.5, 9.0, 7.0, 8.0 ], "autoUv": false },
								"west": { "texture": "#chandelier", "uv": [ 1.5, 8.5, 7.0, 9.5 ], "autoUv": false },
								"up": { "texture": "#chandelier", "uv": [ 1.5, 8.5, 7.0, 9.5 ], "autoUv": false },
								"down": { "texture": "#chandelier", "uv": [ 1.0, 5.5, 6.5, 6.5 ], "autoUv": false }
							}
						},
						{
							"name": "cube59",
							"from": [ 7.25, 4.15, 7.25 ],
							"to": [ 8.75, 10.15, 8.75 ],
							"renderPass": 2,
							"rotationOrigin": [ 8.0, 8.5, 8.0 ],
							"rotationY": 45.0,
							"faces": {
								"north": { "texture": "#chandelier", "uv": [ 0.0, 8.0, 6.0, 9.5 ], "rotation": 90, "autoUv": false },
								"east": { "texture": "#chandelier", "uv": [ 0.0, 8.0, 6.0, 9.5 ], "rotation": 90, "autoUv": false },
								"south": { "texture": "#chandelier", "uv": [ 0.0, 8.0, 6.0, 9.5 ], "rotation": 90, "autoUv": false },
								"west": { "texture": "#chandelier", "uv": [ 0.0, 8.0, 6.0, 9.5 ], "rotation": 90, "autoUv": false },
								"up": { "texture": "#chandelier", "uv": [ 0.5, 3.5, 2.0, 5.0 ], "rotation": 90, "autoUv": false },
								"down": { "texture": "#chandelier", "uv": [ 0.0, 8.0, 1.5, 9.5 ], "rotation": 90, "autoUv": false }
							}
						},
						{
							"name": "cube60",
							"from": [ 6.5, 7.75, 6.5 ],
							"to": [ 9.5, 9.75, 9.5 ],
							"renderPass": 2,
							"rotationOrigin": [ 8.0, 8.75, 8.0 ],
							"faces": {
								"north": { "texture": "#chandelier", "uv": [ 0.0, 3.5, 3.0, 5.5 ], "autoUv": false },
								"east": { "texture": "#chandelier", "uv": [ 0.0, 3.5, 3.0, 5.5 ], "autoUv": false },
								"south": { "texture": "#chandelier", "uv": [ 0.0, 3.5, 3.0, 5.5 ], "autoUv": false },
								"west": { "texture": "#chandelier", "uv": [ 0.0, 3.5, 3.0, 5.5 ], "autoUv": false },
								"up": { "texture": "#chandelier", "uv": [ 4.0, 9.5, 7.0, 12.5 ], "rotation": 270, "autoUv": false },
								"down": { "texture": "#chandelier", "uv": [ 4.0, 9.5, 7.0, 12.5 ], "rotation": 90, "autoUv": false }
							}
						},
						{
							"name": "CandleHolder6",
							"from": [ 0.0, 0.0, 0.0 ],
							"to": [ 0.0, 0.0, 0.0 ],
							"renderPass": 2,
							"rotationOrigin": [ 7.95, 9.725, 8.075 ],
							"faces": {
							},
							"children": [
								{
									"name": "holder651",
									"from": [ 7.025, 8.975, 0.8 ],
									"to": [ 9.025, 10.475, 2.8 ],
									"renderPass": 2,
									"rotationOrigin": [ 7.95, 9.725, 8.075 ],
									"rotationY": 45.0,
									"faces": {
										"north": { "texture": "#chandelier", "uv": [ 7.0, 13.0, 4.5, 14.5 ], "autoUv": false },
										"east": { "texture": "#chandelier", "uv": [ 7.0, 13.0, 4.5, 14.5 ], "autoUv": false },
										"south": { "texture": "#chandelier", "uv": [ 7.0, 13.0, 4.5, 14.5 ], "autoUv": false },
										"west": { "texture": "#chandelier", "uv": [ 7.0, 13.0, 4.5, 14.5 ], "autoUv": false },
										"down": { "texture": "#chandelier", "uv": [ 2.5, 13.5, 0.0, 16.0 ], "autoUv": false }
									}
								},
								{
									"name": "mount381",
									"from": [ 0.558, 5.0, 5.0463 ],
									"to": [ 2.058, 8.5, 5.0463 ],
									"renderPass": 2,
									"rotationOrigin": [ 2.158, 6.75, 1.0338 ],
									"rotationY": 45.0,
									"faces": {
										"north": { "texture": "#chandelier", "uv": [ 0.5, 0.0, 2.0, 3.5 ], "autoUv": false }
									}
								},
								{
									"name": "mount482",
									"from": [ 1.308, 6.0, 1.7713 ],
									"to": [ 1.308, 9.0, 5.2713 ],
									"renderPass": 2,
									"rotationOrigin": [ 2.158, 6.75, 1.0338 ],
									"rotationY": 45.0,
									"faces": {
										"east": { "texture": "#chandelier", "uv": [ 3.0, 0.0, 6.5, 3.0 ], "autoUv": false }
									}
								}
							]
						},
						{
							"name": "CandleHolder7",
							"from": [ 0.0, 0.0, 0.0 ],
							"to": [ 0.0, 0.0, 0.0 ],
							"renderPass": 2,
							"rotationOrigin": [ 7.95, 9.725, 8.075 ],
							"faces": {
							},
							"children": [
								{
									"name": "holder749",
									"from": [ 6.9, 9.0, 13.475 ],
									"to": [ 8.9, 10.5, 15.475 ],
									"renderPass": 2,
									"rotationOrigin": [ 7.95, 9.725, 8.075 ],
									"rotationY": 45.0,
									"faces": {
										"north": { "texture": "#chandelier", "uv": [ 4.5, 13.0, 7.0, 14.5 ], "autoUv": false },
										"east": { "texture": "#chandelier", "uv": [ 4.5, 13.0, 7.0, 14.5 ], "autoUv": false },
										"south": { "texture": "#chandelier", "uv": [ 4.5, 13.0, 7.0, 14.5 ], "autoUv": false },
										"west": { "texture": "#chandelier", "uv": [ 4.5, 13.0, 7.0, 14.5 ], "autoUv": false },
										"down": { "texture": "#chandelier", "uv": [ 0.0, 13.5, 2.5, 16.0 ], "autoUv": false }
									}
								},
								{
									"name": "mount377",
									"from": [ 15.2875, 5.0, 9.9625 ],
									"to": [ 16.7875, 8.5, 9.9625 ],
									"renderPass": 2,
									"rotationOrigin": [ 15.7875, 7.75, 16.325 ],
									"rotationY": 45.0,
									"faces": {
										"south": { "texture": "#chandelier", "uv": [ 0.5, 0.0, 2.0, 3.5 ], "autoUv": false }
									}
								},
								{
									"name": "mount478",
									"from": [ 16.0375, 6.0, 9.7375 ],
									"to": [ 16.0375, 9.0, 13.2375 ],
									"renderPass": 2,
									"rotationOrigin": [ 15.7875, 7.75, 16.325 ],
									"rotationY": 45.0,
									"faces": {
										"east": { "texture": "#chandelier", "uv": [ 6.5, 0.0, 3.0, 3.0 ], "autoUv": false }
									}
								}
							]
						},
						{
							"name": "CandleHolder5",
							"from": [ 0.0, 0.0, 0.0 ],
							"to": [ 0.0, 0.0, 0.0 ],
							"renderPass": 2,
							"rotationOrigin": [ 7.9854, 9.25, 8.0396 ],
							"faces": {
							},
							"children": [
								{
									"name": "holder557",
									"from": [ 13.4604, 9.0, 6.9896 ],
									"to": [ 15.4604, 10.5, 8.9896 ],
									"renderPass": 2,
									"rotationOrigin": [ 7.9854, 9.25, 8.0396 ],
									"rotationY": 45.0,
									"faces": {
										"north": { "texture": "#chandelier", "uv": [ 4.5, 13.0, 7.0, 14.5 ], "autoUv": false },
										"east": { "texture": "#chandelier", "uv": [ 4.5, 13.0, 7.0, 14.5 ], "autoUv": false },
										"south": { "texture": "#chandelier", "uv": [ 4.5, 13.0, 7.0, 14.5 ], "autoUv": false },
										"west": { "texture": "#chandelier", "uv": [ 4.5, 13.0, 7.0, 14.5 ], "autoUv": false },
										"down": { "texture": "#chandelier", "uv": [ 0.0, 13.5, 2.5, 16.0 ], "autoUv": false }
									}
								},
								{
									"name": "mount379",
									"from": [ 11.4498, 5.0, 2.986 ],
									"to": [ 11.4498, 8.5, 4.486 ],
									"renderPass": 2,
									"rotationOrigin": [ 12.2873, 6.75, 3.986 ],
									"rotationY": 45.0,
									"faces": {
										"east": { "texture": "#chandelier", "uv": [ 0.5, 0.0, 2.0, 3.5 ], "autoUv": false }
									}
								},
								{
									"name": "mount480",
									"from": [ 11.2248, 6.0, 3.736 ],
									"to": [ 14.7248, 9.0, 3.736 ],
									"renderPass": 2,
									"rotationOrigin": [ 12.2873, 6.75, 3.986 ],
									"rotationY": 45.0,
									"faces": {
										"north": { "texture": "#chandelier", "uv": [ 6.5, 0.0, 3.0, 3.0 ], "autoUv": false }
									}
								}
							]
						},
						{
							"name": "CandleHolder8",
							"from": [ 0.0, 0.0, 0.0 ],
							"to": [ 0.0, 0.0, 0.0 ],
							"renderPass": 2,
							"rotationOrigin": [ 7.9854, 9.25, 8.0396 ],
							"faces": {
							},
							"children": [
								{
									"name": "holder854",
									"from": [ 0.7604, 9.0, 6.8896 ],
									"to": [ 2.7604, 10.5, 8.8896 ],
									"renderPass": 2,
									"rotationOrigin": [ 7.9854, 9.25, 8.0396 ],
									"rotationY": 45.0,
									"faces": {
										"north": { "texture": "#chandelier", "uv": [ 7.0, 13.0, 4.5, 14.5 ], "autoUv": false },
										"east": { "texture": "#chandelier", "uv": [ 7.0, 13.0, 4.5, 14.5 ], "autoUv": false },
										"south": { "texture": "#chandelier", "uv": [ 7.0, 13.0, 4.5, 14.5 ], "autoUv": false },
										"west": { "texture": "#chandelier", "uv": [ 7.0, 13.0, 4.5, 14.5 ], "autoUv": false },
										"down": { "texture": "#chandelier", "uv": [ 2.5, 13.5, 0.0, 16.0 ], "autoUv": false }
									}
								},
								{
									"name": "mount483",
									"from": [ 4.7286, 5.0, 13.0577 ],
									"to": [ 4.7286, 8.5, 14.5577 ],
									"renderPass": 2,
									"rotationOrigin": [ 1.7161, 6.75, 13.1077 ],
									"rotationY": 45.0,
									"faces": {
										"west": { "texture": "#chandelier", "uv": [ 0.5, 0.0, 2.0, 3.5 ], "autoUv": false }
									}
								},
								{
									"name": "mount584",
									"from": [ 1.4536, 6.0, 13.8077 ],
									"to": [ 4.9536, 9.0, 13.8077 ],
									"renderPass": 2,
									"rotationOrigin": [ 1.7161, 6.75, 13.1077 ],
									"rotationY": 45.0,
									"faces": {
										"north": { "texture": "#chandelier", "uv": [ 3.0, 0.0, 6.5, 3.0 ], "autoUv": false }
									}
								}
							]
						}
					]
				},
				{
					"name": "frame2",
					"from": [ 0.0, -1.0, 0.0 ],
					"to": [ 0.0, -1.0, 0.0 ],
					"renderPass": 2,
					"rotationOrigin": [ 0.0, -1.0, 0.0 ],
					"faces": {
						"north": { "texture": "#chandelier", "uv": [ 0.0, 0.0, 0.5, 0.5 ] },
						"east": { "texture": "#chandelier", "uv": [ 0.0, 0.0, 0.5, 0.5 ] },
						"south": { "texture": "#chandelier", "uv": [ 0.0, 0.0, 0.5, 0.5 ] },
						"west": { "texture": "#chandelier", "uv": [ 0.0, 0.0, 0.5, 0.5 ] },
						"up": { "texture": "#chandelier", "uv": [ 0.0, 0.0, 0.5, 0.5 ] },
						"down": { "texture": "#chandelier", "uv": [ 0.0, 0.0, 0.5, 0.5 ] }
					},
					"children": [
						{
							"name": "CandleHolder4",
							"from": [ 0.0, 0.0, 0.0 ],
							"to": [ 0.0, 0.0, 0.0 ],
							"renderPass": 2,
							"rotationOrigin": [ 0.0, -4.0, 0.0 ],
							"faces": {
							},
							"children": [
								{
									"name": "cube46",
									"from": [ 6.7, 5.0, -1.975 ],
									"to": [ 8.7, 6.5, 0.025 ],
									"renderPass": 2,
									"rotationOrigin": [ 0.0, -4.0, 0.0 ],
									"faces": {
										"north": { "texture": "#chandelier", "uv": [ 7.0, 13.0, 4.5, 14.5 ], "autoUv": false },
										"east": { "texture": "#chandelier", "uv": [ 7.0, 13.0, 4.5, 14.5 ], "autoUv": false },
										"south": { "texture": "#chandelier", "uv": [ 7.0, 13.0, 4.5, 14.5 ], "autoUv": false },
										"west": { "texture": "#chandelier", "uv": [ 7.0, 13.0, 4.5, 14.5 ], "autoUv": false },
										"down": { "texture": "#chandelier", "uv": [ 2.5, 13.5, 0.0, 16.0 ], "autoUv": false }
									}
								},
								{
									"name": "mount275",
									"from": [ 7.0125, 1.0, 0.4125 ],
									"to": [ 8.5125, 4.5, 0.4125 ],
									"renderPass": 2,
									"rotationOrigin": [ 8.3125, 2.75, -2.275 ],
									"faces": {
										"north": { "texture": "#chandelier", "uv": [ 0.5, 0.0, 2.0, 3.5 ], "autoUv": false }
									}
								},
								{
									"name": "mount376",
									"from": [ 7.7625, 2.0, -2.8625 ],
									"to": [ 7.7625, 5.0, 0.6375 ],
									"renderPass": 2,
									"rotationOrigin": [ 8.3125, 2.75, -2.275 ],
									"faces": {
										"east": { "texture": "#chandelier", "uv": [ 3.0, 0.0, 6.5, 3.0 ], "autoUv": false }
									}
								}
							]
						},
						{
							"name": "CandleHolder3",
							"from": [ 0.0, 0.0, 0.0 ],
							"to": [ 0.0, 0.0, 0.0 ],
							"renderPass": 2,
							"rotationOrigin": [ 0.0, -4.0, 0.0 ],
							"faces": {
							},
							"children": [
								{
									"name": "holder337",
									"from": [ 15.875, 4.95, 6.75 ],
									"to": [ 17.875, 6.45, 8.75 ],
									"renderPass": 2,
									"rotationOrigin": [ 0.0, -4.0, 0.0 ],
									"faces": {
										"north": { "texture": "#chandelier", "uv": [ 4.5, 13.0, 7.0, 14.5 ], "autoUv": false },
										"east": { "texture": "#chandelier", "uv": [ 4.5, 13.0, 7.0, 14.5 ], "autoUv": false },
										"south": { "texture": "#chandelier", "uv": [ 4.5, 13.0, 7.0, 14.5 ], "autoUv": false },
										"west": { "texture": "#chandelier", "uv": [ 4.5, 13.0, 7.0, 14.5 ], "autoUv": false },
										"down": { "texture": "#chandelier", "uv": [ 0.0, 13.5, 2.5, 16.0 ], "autoUv": false }
									}
								},
								{
									"name": "mount373",
									"from": [ 15.325, 2.0, 7.725 ],
									"to": [ 18.825, 5.0, 7.725 ],
									"renderPass": 2,
									"rotationOrigin": [ 19.7875, 2.75, 7.325 ],
									"faces": {
										"north": { "texture": "#chandelier", "uv": [ 6.5, 0.0, 3.0, 3.0 ], "autoUv": false }
									}
								},
								{
									"name": "mount274",
									"from": [ 15.55, 1.0, 6.975 ],
									"to": [ 15.55, 4.5, 8.475 ],
									"renderPass": 2,
									"rotationOrigin": [ 19.7875, 2.75, 7.325 ],
									"faces": {
										"east": { "texture": "#chandelier", "uv": [ 0.5, 0.0, 2.0, 3.5 ], "autoUv": false }
									}
								}
							]
						},
						{
							"name": "CandleHolder2",
							"from": [ 0.0, 0.0, 0.0 ],
							"to": [ 0.0, 0.0, 0.0 ],
							"renderPass": 2,
							"rotationOrigin": [ 0.0, -4.0, 0.0 ],
							"faces": {
							},
							"children": [
								{
									"name": "holder240",
									"from": [ 6.75, 5.025, 15.85 ],
									"to": [ 8.75, 6.525, 17.85 ],
									"renderPass": 2,
									"rotationOrigin": [ 0.0, -4.0, 0.0 ],
									"faces": {
										"north": { "texture": "#chandelier", "uv": [ 4.5, 13.0, 7.0, 14.5 ], "autoUv": false },
										"east": { "texture": "#chandelier", "uv": [ 4.5, 13.0, 7.0, 14.5 ], "autoUv": false },
										"south": { "texture": "#chandelier", "uv": [ 4.5, 13.0, 7.0, 14.5 ], "autoUv": false },
										"west": { "texture": "#chandelier", "uv": [ 4.5, 13.0, 7.0, 14.5 ], "autoUv": false },
										"down": { "texture": "#chandelier", "uv": [ 0.0, 13.5, 2.5, 16.0 ], "autoUv": false }
									}
								},
								{
									"name": "mount271",
									"from": [ 7.0375, 1.0, 15.5625 ],
									"to": [ 8.5375, 4.0, 15.5625 ],
									"renderPass": 2,
									"rotationOrigin": [ 6.6875, 2.75, 19.75 ],
									"faces": {
										"south": { "texture": "#chandelier", "uv": [ 0.5, 0.0, 2.0, 3.0 ], "autoUv": false }
									}
								},
								{
									"name": "mount372",
									"from": [ 7.7875, 2.0, 15.3375 ],
									"to": [ 7.7875, 5.0, 18.8375 ],
									"renderPass": 2,
									"rotationOrigin": [ 6.6875, 2.75, 19.75 ],
									"faces": {
										"east": { "texture": "#chandelier", "uv": [ 6.5, 0.0, 3.0, 3.0 ], "autoUv": false }
									}
								}
							]
						},
						{
							"name": "CandleHolder1",
							"from": [ 0.0, 0.0, 0.0 ],
							"to": [ 0.0, 0.0, 0.0 ],
							"renderPass": 2,
							"rotationOrigin": [ 17.9025, 8.25, 8.0573 ],
							"faces": {
							},
							"children": [
								{
									"name": "holder135",
									"from": [ -1.775, 5.0, 6.75 ],
									"to": [ 0.225, 6.5, 8.75 ],
									"renderPass": 2,
									"rotationOrigin": [ -0.75, 5.25, 8.0 ],
									"faces": {
										"north": { "texture": "#chandelier", "uv": [ 7.0, 13.0, 4.5, 14.5 ], "autoUv": false },
										"east": { "texture": "#chandelier", "uv": [ 7.0, 13.0, 4.5, 14.5 ], "autoUv": false },
										"south": { "texture": "#chandelier", "uv": [ 7.0, 13.0, 4.5, 14.5 ], "autoUv": false },
										"west": { "texture": "#chandelier", "uv": [ 7.0, 13.0, 4.5, 14.5 ], "autoUv": false },
										"down": { "texture": "#chandelier", "uv": [ 2.5, 13.5, 0.0, 16.0 ], "autoUv": false }
									}
								},
								{
									"name": "candle136",
									"from": [ -1.525, 5.95, 7.0 ],
									"to": [ -0.025, 9.95, 8.5 ],
									"renderPass": 2,
									"rotationOrigin": [ -0.75, 5.25, 8.0 ],
									"faces": {
										"north": { "texture": "#chandelier", "uv": [ 0.0, 9.5, 2.0, 13.5 ], "autoUv": false },
										"east": { "texture": "#chandelier", "uv": [ 0.0, 9.5, 2.0, 13.5 ], "autoUv": false },
										"south": { "texture": "#chandelier", "uv": [ 0.0, 9.5, 2.0, 13.5 ], "autoUv": false },
										"west": { "texture": "#chandelier", "uv": [ 0.0, 9.5, 2.0, 13.5 ], "autoUv": false },
										"up": { "texture": "#chandelier", "uv": [ 0.0, 9.5, 2.0, 11.5 ], "autoUv": false },
										"down": { "texture": "#chandelier", "uv": [ 0.0, 0.0, 0.0, 0.0 ], "autoUv": false }
									}
								},
								{
									"name": "wick167",
									"from": [ -0.9975, 9.925, 7.5823 ],
									"to": [ -0.5975, 10.425, 7.9823 ],
									"renderPass": 2,
									"rotationOrigin": [ 17.9025, 8.25, 8.0573 ],
									"faces": {
										"north": { "texture": "#chandelier", "uv": [ 7.5, 10.0, 7.9, 10.5 ], "glow": 255, "autoUv": false },
										"east": { "texture": "#chandelier", "uv": [ 8.0, 10.0, 8.4, 10.5 ], "glow": 255, "autoUv": false },
										"south": { "texture": "#chandelier", "uv": [ 8.0, 10.5, 8.4, 11.0 ], "glow": 255, "autoUv": false },
										"west": { "texture": "#chandelier", "uv": [ 7.5, 10.5, 7.9, 11.0 ], "glow": 255, "autoUv": false },
										"up": { "texture": "#chandelier", "uv": [ 8.0, 10.5, 8.4, 11.0 ], "rotation": 270, "glow": 255, "autoUv": false },
										"down": { "texture": "#chandelier", "uv": [ 7.5, 10.0, 7.9, 10.5 ], "rotation": 90, "autoUv": false }
									}
								},
								{
									"name": "mount169",
									"from": [ 0.45, 1.0, 7.0 ],
									"to": [ 0.45, 4.5, 8.5 ],
									"renderPass": 2,
									"rotationOrigin": [ -0.75, 5.25, 8.0 ],
									"faces": {
										"west": { "texture": "#chandelier", "uv": [ 0.5, 0.0, 2.0, 3.5 ], "autoUv": false }
									}
								},
								{
									"name": "mount270",
									"from": [ -2.825, 2.0, 7.75 ],
									"to": [ 0.675, 5.0, 7.75 ],
									"renderPass": 2,
									"rotationOrigin": [ -0.65, 3.75, 7.675 ],
									"faces": {
										"north": { "texture": "#chandelier", "uv": [ 3.0, 0.0, 6.5, 3.0 ], "autoUv": false }
									}
								}
							]
						},
						{
							"name": "cube19",
							"from": [ 6.5, 3.5, 0.459 ],
							"to": [ 9.5, 5.0, 0.959 ],
							"renderPass": 2,
							"rotationOrigin": [ 0.0, -4.0, 0.0 ],
							"faces": {
								"north": { "texture": "#chandelier", "uv": [ 0.0, 7.0, 3.0, 8.5 ], "autoUv": false },
								"east": { "texture": "#chandelier", "uv": [ 0.0, 7.0, 0.5, 9.5 ], "autoUv": false },
								"south": { "texture": "#chandelier", "uv": [ 2.5, 7.0, 5.5, 8.5 ] },
								"west": { "texture": "#chandelier", "uv": [ 0.0, 7.0, 0.5, 8.5 ], "autoUv": false },
								"up": { "texture": "#chandelier", "uv": [ 0.5, 7.0, 3.5, 7.5 ], "autoUv": false },
								"down": { "texture": "#chandelier", "uv": [ 0.0, 8.0, 3.0, 8.5 ], "autoUv": false }
							}
						},
						{
							"name": "cube20",
							"from": [ 6.5, 3.5, 0.459 ],
							"to": [ 9.5, 5.0, 0.959 ],
							"renderPass": 2,
							"rotationOrigin": [ 8.0, 4.5, 8.0 ],
							"rotationY": 22.5,
							"faces": {
								"north": { "texture": "#chandelier", "uv": [ 3.0, 7.0, 6.0, 8.5 ], "autoUv": false },
								"east": { "texture": "#chandelier", "uv": [ 0.0, 7.0, 0.5, 9.5 ], "autoUv": false },
								"south": { "texture": "#chandelier", "uv": [ 4.5, 7.0, 7.5, 8.5 ] },
								"west": { "texture": "#chandelier", "uv": [ 0.0, 7.0, 0.5, 8.5 ], "autoUv": false },
								"up": { "texture": "#chandelier", "uv": [ 3.5, 7.0, 6.5, 7.5 ], "autoUv": false },
								"down": { "texture": "#chandelier", "uv": [ 3.0, 8.0, 6.0, 8.5 ], "autoUv": false }
							}
						},
						{
							"name": "cube21",
							"from": [ 6.5, 3.5, 0.459 ],
							"to": [ 9.5, 5.0, 0.959 ],
							"renderPass": 2,
							"rotationOrigin": [ 8.0, 4.5, 8.0 ],
							"rotationY": 45.0,
							"faces": {
								"north": { "texture": "#chandelier", "uv": [ 0.0, 7.0, 3.0, 8.5 ], "autoUv": false },
								"east": { "texture": "#chandelier", "uv": [ 0.0, 7.0, 0.5, 9.5 ], "autoUv": false },
								"south": { "texture": "#chandelier", "uv": [ 2.5, 7.0, 5.5, 8.5 ] },
								"west": { "texture": "#chandelier", "uv": [ 0.0, 7.0, 0.5, 8.5 ], "autoUv": false },
								"up": { "texture": "#chandelier", "uv": [ 0.5, 7.0, 3.5, 7.5 ], "autoUv": false },
								"down": { "texture": "#chandelier", "uv": [ 0.0, 8.0, 3.0, 8.5 ], "autoUv": false }
							}
						},
						{
							"name": "cube22",
							"from": [ 0.459, 3.5, 6.5 ],
							"to": [ 0.959, 5.0, 9.5 ],
							"renderPass": 2,
							"rotationOrigin": [ 8.0, 4.5, 8.0 ],
							"rotationY": -22.5,
							"faces": {
								"north": { "texture": "#chandelier", "uv": [ 0.0, 7.0, 0.5, 9.5 ], "autoUv": false },
								"east": { "texture": "#chandelier", "uv": [ 4.5, 7.0, 7.5, 8.5 ] },
								"south": { "texture": "#chandelier", "uv": [ 0.0, 7.0, 0.5, 9.5 ], "autoUv": false },
								"west": { "texture": "#chandelier", "uv": [ 3.0, 7.0, 6.0, 8.5 ], "autoUv": false },
								"up": { "texture": "#chandelier", "uv": [ 3.5, 7.0, 6.5, 7.5 ], "rotation": 270, "autoUv": false },
								"down": { "texture": "#chandelier", "uv": [ 3.0, 8.0, 6.0, 8.5 ], "rotation": 90, "autoUv": false }
							}
						},
						{
							"name": "cube23",
							"from": [ 0.459, 3.5, 6.5 ],
							"to": [ 0.959, 5.0, 9.5 ],
							"renderPass": 2,
							"rotationOrigin": [ 0.0, -4.0, 0.0 ],
							"faces": {
								"north": { "texture": "#chandelier", "uv": [ 0.0, 7.0, 0.5, 9.5 ], "autoUv": false },
								"east": { "texture": "#chandelier", "uv": [ 2.5, 7.0, 5.5, 8.5 ] },
								"south": { "texture": "#chandelier", "uv": [ 0.0, 7.0, 0.5, 9.5 ], "autoUv": false },
								"west": { "texture": "#chandelier", "uv": [ 0.0, 7.0, 3.0, 8.5 ], "autoUv": false },
								"up": { "texture": "#chandelier", "uv": [ 0.5, 7.0, 3.5, 7.5 ], "rotation": 270, "autoUv": false },
								"down": { "texture": "#chandelier", "uv": [ 0.0, 8.0, 3.0, 8.5 ], "rotation": 90, "autoUv": false }
							}
						},
						{
							"name": "cube24",
							"from": [ 0.459, 3.5, 6.5 ],
							"to": [ 0.959, 5.0, 9.5 ],
							"renderPass": 2,
							"rotationOrigin": [ 8.0, 4.5, 8.0 ],
							"rotationY": 22.5,
							"faces": {
								"north": { "texture": "#chandelier", "uv": [ 0.0, 7.0, 0.5, 9.5 ], "autoUv": false },
								"east": { "texture": "#chandelier", "uv": [ 4.5, 7.0, 7.5, 8.5 ] },
								"south": { "texture": "#chandelier", "uv": [ 0.0, 7.0, 0.5, 9.5 ], "autoUv": false },
								"west": { "texture": "#chandelier", "uv": [ 3.0, 7.0, 6.0, 8.5 ], "autoUv": false },
								"up": { "texture": "#chandelier", "uv": [ 3.5, 7.0, 6.5, 7.5 ], "rotation": 270, "autoUv": false },
								"down": { "texture": "#chandelier", "uv": [ 3.0, 8.0, 6.0, 8.5 ], "rotation": 90, "autoUv": false }
							}
						},
						{
							"name": "cube25",
							"from": [ 0.459, 3.5, 6.5 ],
							"to": [ 0.959, 5.0, 9.5 ],
							"renderPass": 2,
							"rotationOrigin": [ 8.0, 4.5, 8.0 ],
							"rotationY": 45.0,
							"faces": {
								"north": { "texture": "#chandelier", "uv": [ 0.0, 7.0, 0.5, 9.5 ], "autoUv": false },
								"east": { "texture": "#chandelier", "uv": [ 2.5, 7.0, 5.5, 8.5 ] },
								"south": { "texture": "#chandelier", "uv": [ 0.0, 7.0, 0.5, 9.5 ], "autoUv": false },
								"west": { "texture": "#chandelier", "uv": [ 0.0, 7.0, 3.0, 8.5 ], "autoUv": false },
								"up": { "texture": "#chandelier", "uv": [ 0.5, 7.0, 3.5, 7.5 ], "rotation": 270, "autoUv": false },
								"down": { "texture": "#chandelier", "uv": [ 0.0, 8.0, 3.0, 8.5 ], "rotation": 90, "autoUv": false }
							}
						},
						{
							"name": "cube26",
							"from": [ 6.5, 3.5, 15.041 ],
							"to": [ 9.5, 5.0, 15.541 ],
							"renderPass": 2,
							"rotationOrigin": [ 8.0, 4.5, 8.0 ],
							"rotationY": -22.5,
							"faces": {
								"north": { "texture": "#chandelier", "uv": [ 4.5, 7.0, 7.5, 8.5 ] },
								"east": { "texture": "#chandelier", "uv": [ 0.0, 7.0, 0.5, 9.5 ], "autoUv": false },
								"south": { "texture": "#chandelier", "uv": [ 3.0, 7.0, 6.0, 8.5 ], "autoUv": false },
								"west": { "texture": "#chandelier", "uv": [ 0.0, 7.0, 0.5, 8.5 ], "autoUv": false },
								"up": { "texture": "#chandelier", "uv": [ 3.5, 7.0, 6.5, 7.5 ], "rotation": 180, "autoUv": false },
								"down": { "texture": "#chandelier", "uv": [ 3.0, 8.0, 6.0, 8.5 ], "rotation": 180, "autoUv": false }
							}
						},
						{
							"name": "cube27",
							"from": [ 6.5, 3.5, 15.041 ],
							"to": [ 9.5, 5.0, 15.541 ],
							"renderPass": 2,
							"rotationOrigin": [ 0.0, -4.0, 0.0 ],
							"faces": {
								"north": { "texture": "#chandelier", "uv": [ 2.5, 7.0, 5.5, 8.5 ] },
								"east": { "texture": "#chandelier", "uv": [ 0.0, 7.0, 0.5, 9.5 ], "autoUv": false },
								"south": { "texture": "#chandelier", "uv": [ 0.0, 7.0, 3.0, 8.5 ], "autoUv": false },
								"west": { "texture": "#chandelier", "uv": [ 0.0, 7.0, 0.5, 8.5 ], "autoUv": false },
								"up": { "texture": "#chandelier", "uv": [ 0.5, 7.0, 3.5, 7.5 ], "rotation": 180, "autoUv": false },
								"down": { "texture": "#chandelier", "uv": [ 0.0, 8.0, 3.0, 8.5 ], "rotation": 180, "autoUv": false }
							}
						},
						{
							"name": "cube28",
							"from": [ 6.5, 3.5, 15.041 ],
							"to": [ 9.5, 5.0, 15.541 ],
							"renderPass": 2,
							"rotationOrigin": [ 8.0, 4.5, 8.0 ],
							"rotationY": 22.5,
							"faces": {
								"north": { "texture": "#chandelier", "uv": [ 4.5, 7.0, 7.5, 8.5 ] },
								"east": { "texture": "#chandelier", "uv": [ 0.0, 7.0, 0.5, 9.5 ], "autoUv": false },
								"south": { "texture": "#chandelier", "uv": [ 3.0, 7.0, 6.0, 8.5 ], "autoUv": false },
								"west": { "texture": "#chandelier", "uv": [ 0.0, 7.0, 0.5, 8.5 ], "autoUv": false },
								"up": { "texture": "#chandelier", "uv": [ 3.5, 7.0, 6.5, 7.5 ], "rotation": 180, "autoUv": false },
								"down": { "texture": "#chandelier", "uv": [ 3.0, 8.0, 6.0, 8.5 ], "rotation": 180, "autoUv": false }
							}
						},
						{
							"name": "cube29",
							"from": [ 6.5, 3.5, 15.041 ],
							"to": [ 9.5, 5.0, 15.541 ],
							"renderPass": 2,
							"rotationOrigin": [ 8.0, 4.5, 8.0 ],
							"rotationY": 45.0,
							"faces": {
								"north": { "texture": "#chandelier", "uv": [ 2.5, 7.0, 5.5, 8.5 ] },
								"east": { "texture": "#chandelier", "uv": [ 0.0, 7.0, 0.5, 9.5 ], "autoUv": false },
								"south": { "texture": "#chandelier", "uv": [ 0.0, 7.0, 3.0, 8.5 ], "autoUv": false },
								"west": { "texture": "#chandelier", "uv": [ 0.0, 7.0, 0.5, 8.5 ], "autoUv": false },
								"up": { "texture": "#chandelier", "uv": [ 0.5, 7.0, 3.5, 7.5 ], "rotation": 180, "autoUv": false },
								"down": { "texture": "#chandelier", "uv": [ 0.0, 8.0, 3.0, 8.5 ], "rotation": 180, "autoUv": false }
							}
						},
						{
							"name": "cube30",
							"from": [ 15.041, 3.5, 6.5 ],
							"to": [ 15.541, 5.0, 9.5 ],
							"renderPass": 2,
							"rotationOrigin": [ 8.0, 4.5, 8.0 ],
							"rotationY": -22.5,
							"faces": {
								"north": { "texture": "#chandelier", "uv": [ 0.0, 7.0, 0.5, 9.5 ], "autoUv": false },
								"east": { "texture": "#chandelier", "uv": [ 3.0, 7.0, 6.0, 8.5 ], "autoUv": false },
								"south": { "texture": "#chandelier", "uv": [ 0.0, 7.0, 0.5, 9.5 ], "autoUv": false },
								"west": { "texture": "#chandelier", "uv": [ 6.0, 7.0, 3.0, 8.5 ], "autoUv": false },
								"up": { "texture": "#chandelier", "uv": [ 3.5, 7.0, 6.5, 7.5 ], "rotation": 90, "autoUv": false },
								"down": { "texture": "#chandelier", "uv": [ 3.0, 8.0, 6.0, 8.5 ], "rotation": 270, "autoUv": false }
							}
						},
						{
							"name": "cube31",
							"from": [ 15.041, 3.5, 6.5 ],
							"to": [ 15.541, 5.0, 9.5 ],
							"renderPass": 2,
							"rotationOrigin": [ 0.0, -4.0, 0.0 ],
							"faces": {
								"north": { "texture": "#chandelier", "uv": [ 0.0, 7.0, 0.5, 9.5 ], "autoUv": false },
								"east": { "texture": "#chandelier", "uv": [ 0.0, 7.0, 3.0, 8.5 ], "autoUv": false },
								"south": { "texture": "#chandelier", "uv": [ 0.0, 7.0, 0.5, 9.5 ], "autoUv": false },
								"west": { "texture": "#chandelier", "uv": [ 3.0, 7.0, 0.0, 8.5 ], "autoUv": false },
								"up": { "texture": "#chandelier", "uv": [ 0.5, 7.0, 3.5, 7.5 ], "rotation": 90, "autoUv": false },
								"down": { "texture": "#chandelier", "uv": [ 0.0, 8.0, 3.0, 8.5 ], "rotation": 270, "autoUv": false }
							}
						},
						{
							"name": "cube32",
							"from": [ 15.041, 3.5, 6.5 ],
							"to": [ 15.541, 5.0, 9.5 ],
							"renderPass": 2,
							"rotationOrigin": [ 8.0, 4.5, 8.0 ],
							"rotationY": 22.5,
							"faces": {
								"north": { "texture": "#chandelier", "uv": [ 0.0, 7.0, 0.5, 9.5 ], "autoUv": false },
								"east": { "texture": "#chandelier", "uv": [ 3.0, 7.0, 6.0, 8.5 ], "autoUv": false },
								"south": { "texture": "#chandelier", "uv": [ 0.0, 7.0, 0.5, 9.5 ], "autoUv": false },
								"west": { "texture": "#chandelier", "uv": [ 6.0, 7.0, 3.0, 8.5 ], "autoUv": false },
								"up": { "texture": "#chandelier", "uv": [ 3.5, 7.0, 6.5, 7.5 ], "rotation": 90, "autoUv": false },
								"down": { "texture": "#chandelier", "uv": [ 3.0, 8.0, 6.0, 8.5 ], "rotation": 270, "autoUv": false }
							}
						},
						{
							"name": "cube33",
							"from": [ 15.041, 3.5, 6.5 ],
							"to": [ 15.541, 5.0, 9.5 ],
							"renderPass": 2,
							"rotationOrigin": [ 8.0, 4.5, 8.0 ],
							"rotationY": 45.0,
							"faces": {
								"north": { "texture": "#chandelier", "uv": [ 0.0, 7.0, 0.5, 9.5 ], "autoUv": false },
								"east": { "texture": "#chandelier", "uv": [ 0.0, 7.0, 3.0, 8.5 ], "autoUv": false },
								"south": { "texture": "#chandelier", "uv": [ 0.0, 7.0, 0.5, 9.5 ], "autoUv": false },
								"west": { "texture": "#chandelier", "uv": [ 3.0, 7.0, 0.0, 8.5 ], "autoUv": false },
								"up": { "texture": "#chandelier", "uv": [ 0.5, 7.0, 3.5, 7.5 ], "rotation": 90, "autoUv": false },
								"down": { "texture": "#chandelier", "uv": [ 0.0, 8.0, 3.0, 8.5 ], "rotation": 270, "autoUv": false }
							}
						},
						{
							"name": "cube34",
							"from": [ 6.5, 3.5, 0.459 ],
							"to": [ 9.5, 5.0, 0.959 ],
							"renderPass": 2,
							"rotationOrigin": [ 8.0, 4.5, 8.0 ],
							"rotationY": -22.5,
							"faces": {
								"north": { "texture": "#chandelier", "uv": [ 3.0, 7.0, 6.0, 8.5 ], "autoUv": false },
								"east": { "texture": "#chandelier", "uv": [ 0.0, 7.0, 0.5, 9.5 ], "autoUv": false },
								"south": { "texture": "#chandelier", "uv": [ 3.5, 7.0, 6.5, 8.5 ] },
								"west": { "texture": "#chandelier", "uv": [ 0.0, 7.0, 0.5, 8.5 ], "autoUv": false },
								"up": { "texture": "#chandelier", "uv": [ 3.5, 7.0, 6.5, 7.5 ], "autoUv": false },
								"down": { "texture": "#chandelier", "uv": [ 3.0, 8.0, 6.0, 8.5 ], "autoUv": false }
							}
						},
						{
							"name": "cube44",
							"from": [ 7.5, 4.0, 7.5 ],
							"to": [ 8.5, 4.99, 15.5 ],
							"renderPass": 2,
							"rotationOrigin": [ 8.0, 4.5, 8.0 ],
							"faces": {
								"north": { "texture": "#chandelier", "uv": [ 0.0, 8.5, 8.0, 9.5 ], "autoUv": false },
								"east": { "texture": "#chandelier", "uv": [ 0.0, 9.0, 8.0, 8.0 ], "autoUv": false },
								"south": { "texture": "#chandelier", "uv": [ 0.0, 8.5, 1.0, 9.5 ], "autoUv": false },
								"west": { "texture": "#chandelier", "uv": [ 0.0, 9.0, 8.0, 8.0 ], "autoUv": false },
								"up": { "texture": "#chandelier", "uv": [ 0.0, 8.5, 8.0, 9.5 ], "rotation": 90, "autoUv": false },
								"down": { "texture": "#chandelier", "uv": [ 0.0, 5.5, 8.0, 6.5 ], "rotation": 90, "autoUv": false }
							}
						},
						{
							"name": "Bottom1",
							"from": [ 8.025, 1.925, 6.275 ],
							"to": [ 8.025, 4.425, 9.775 ],
							"renderPass": 2,
							"rotationOrigin": [ 7.975, 2.925, 7.975 ],
							"faces": {
								"east": { "texture": "#chandelier", "uv": [ 4.5, 3.0, 8.0, 5.5 ], "autoUv": false }
							}
						},
						{
							"name": "bottom2",
							"from": [ 6.275, 1.925, 8.025 ],
							"to": [ 9.775, 4.425, 8.025 ],
							"renderPass": 2,
							"rotationOrigin": [ 8.0, 1.15, 8.0 ],
							"faces": {
								"north": { "texture": "#chandelier", "uv": [ 4.5, 3.0, 8.0, 5.5 ], "autoUv": false }
							}
						},
						{
							"name": "cube45",
							"from": [ 7.5, 4.0, 0.5 ],
							"to": [ 8.5, 4.99, 8.5 ],
							"renderPass": 2,
							"rotationOrigin": [ 8.0, 4.5, 8.0 ],
							"faces": {
								"north": { "texture": "#chandelier", "uv": [ 0.0, 8.5, 1.0, 9.5 ], "autoUv": false },
								"east": { "texture": "#chandelier", "uv": [ 0.0, 9.0, 8.0, 8.0 ], "autoUv": false },
								"south": { "texture": "#chandelier", "uv": [ 0.0, 8.5, 8.0, 9.5 ], "autoUv": false },
								"west": { "texture": "#chandelier", "uv": [ 0.0, 9.0, 8.0, 8.0 ], "autoUv": false },
								"up": { "texture": "#chandelier", "uv": [ 0.0, 8.5, 8.0, 9.5 ], "rotation": 90, "autoUv": false },
								"down": { "texture": "#chandelier", "uv": [ 0.0, 5.5, 8.0, 6.5 ], "rotation": 90, "autoUv": false }
							}
						},
						{
							"name": "cube42",
							"from": [ 0.5, 4.0, 7.5 ],
							"to": [ 8.5, 4.99, 8.5 ],
							"renderPass": 2,
							"rotationOrigin": [ 0.0, 4.0, 0.0 ],
							"faces": {
								"north": { "texture": "#chandelier", "uv": [ 0.0, 8.5, 8.0, 9.5 ], "autoUv": false },
								"east": { "texture": "#chandelier", "uv": [ 0.0, 8.5, 8.0, 9.5 ], "autoUv": false },
								"south": { "texture": "#chandelier", "uv": [ 0.0, 9.0, 8.0, 8.0 ], "autoUv": false },
								"west": { "texture": "#chandelier", "uv": [ 0.0, 8.5, 1.0, 9.5 ], "autoUv": false },
								"up": { "texture": "#chandelier", "uv": [ 0.0, 8.5, 8.0, 9.5 ], "autoUv": false },
								"down": { "texture": "#chandelier", "uv": [ 0.0, 5.5, 8.0, 6.5 ], "autoUv": false }
							}
						},
						{
							"name": "cube43",
							"from": [ 7.5, 4.0, 7.5 ],
							"to": [ 15.5, 4.99, 8.5 ],
							"renderPass": 2,
							"rotationOrigin": [ 12.5, 4.5, 8.0 ],
							"faces": {
								"north": { "texture": "#chandelier", "uv": [ 0.0, 9.0, 8.0, 8.0 ], "autoUv": false },
								"east": { "texture": "#chandelier", "uv": [ 0.0, 8.5, 1.0, 9.5 ], "autoUv": false },
								"south": { "texture": "#chandelier", "uv": [ 0.0, 9.0, 8.0, 8.0 ], "autoUv": false },
								"west": { "texture": "#chandelier", "uv": [ 0.0, 8.5, 8.0, 9.5 ], "autoUv": false },
								"up": { "texture": "#chandelier", "uv": [ 0.0, 8.5, 8.0, 9.5 ], "autoUv": false },
								"down": { "texture": "#chandelier", "uv": [ 0.0, 5.5, 8.0, 6.5 ], "autoUv": false }
							}
						},
						{
							"name": "cube0",
							"from": [ 6.5, 3.75, 6.5 ],
							"to": [ 9.5, 5.75, 9.5 ],
							"renderPass": 2,
							"rotationOrigin": [ 8.0, 4.75, 8.0 ],
							"rotationY": 45.0,
							"faces": {
								"north": { "texture": "#chandelier", "uv": [ 0.0, 3.5, 3.0, 5.5 ], "autoUv": false },
								"east": { "texture": "#chandelier", "uv": [ 0.0, 3.5, 3.0, 5.5 ], "autoUv": false },
								"south": { "texture": "#chandelier", "uv": [ 0.0, 3.5, 3.0, 5.5 ], "autoUv": false },
								"west": { "texture": "#chandelier", "uv": [ 0.0, 3.5, 3.0, 5.5 ], "autoUv": false },
								"up": { "texture": "#chandelier", "uv": [ 4.0, 10.0, 7.0, 12.0 ], "autoUv": false },
								"down": { "texture": "#chandelier", "uv": [ 4.0, 10.0, 7.0, 12.0 ], "autoUv": false }
							}
						}
					]
				}
			]
		}
	]}