[
    {
        "op": "move",
        "frompath": "/shapeByType/*",
        "path": "/temp",
        "file": "alchemy:itemtypes/flowercutting.json",
        "dependsOn": [ { "modid": "alchemy" } ]
    },
    {
        "op": "addmerge",
        "path": "/shapeByType",
        "value": {
            "*-chamomile-raw": {
                "base": "soaplyeandbloom:compatibility/alchemy/chamomile-fresh-herb-bundle.json"
            },
            "*-chamomile-dried": {
                "base": "soaplyeandbloom:compatibility/alchemy/chamomile-dried-herb-bundle.json"
            },
            "*-chamomile-cooked": {
                "base": "soaplyeandbloom:compatibility/alchemy/chamomile-dried-herb-bundle.json"
            }
        },
        "file": "alchemy:itemtypes/flowercutting.json",
        "dependsOn": [ { "modid": "alchemy" } ]
    },
    {
        "op": "move",
        "frompath": "/temp",
        "path": "/shapeByType/*",
        "file": "alchemy:itemtypes/flowercutting.json",
        "dependsOn": [ { "modid": "alchemy" } ]
    },



    {
        "op": "move",
        "frompath": "/texturesByType",
        "path": "/temp",
        "file": "alchemy:itemtypes/flowercutting.json",
        "dependsOn": [ { "modid": "alchemy" } ]
    },
    {
        "op": "addmerge",
        "path": "/texturesByType",
        "value": {
            "*-chamomile-*": {
                "chamomile": { "base": "soaplyeandbloom:block/plant/crop/chamomile" }
            }
        },
        "file": "alchemy:itemtypes/flowercutting.json",
        "dependsOn": [ { "modid": "alchemy" } ]
    },
    {
        "op": "move",
        "frompath": "/temp",
        "path": "/texturesByType",
        "file": "alchemy:itemtypes/flowercutting.json",
        "dependsOn": [ { "modid": "alchemy" } ]
    },

    {
        "op": "addmerge",
        "path": "/groundTransform",
        "value": {
            "scale": 4.5
        },
        "file": "alchemy:itemtypes/flowercutting.json",
        "dependsOn": [ { "modid": "alchemy" } ]
    },
    {
        "op": "addmerge",
        "path": "/tpHandTransform",
        "value": {
            "translation": { "x": -1.1, "y": -0.2, "z": -0.6 },
            "rotation": { "x": 48, "y": -172, "z": -87 },
            "origin": { "x": 0.5, "y": 0.1, "z": 0.5 },
            "scale": 0.8
        },
        "file": "alchemy:itemtypes/flowercutting.json",
        "dependsOn": [ { "modid": "alchemy" } ]
    }
]