[
  {
    "file": "foodshelves:blocktypes/shelves/barshelf.json",
    "op": "replace", "path": "/enabled", "side": "server", "value": true,
    "dependsOn": [ { "modid": "wildcraftfruit" } ]
  },
  {
    "file": "foodshelves:recipes/grid/shelves/barshelf.json",
    "op": "replace", "path": "/0/enabled", "side": "server", "value": true,
    "dependsOn": [ { "modid": "wildcraftfruit" } ]
  },
  {
    "file": "foodshelves:recipes/grid/shelves/barshelf.json",
    "op": "replace", "path": "/1/enabled", "side": "server", "value": true,
    "dependsOn": [ { "modid": "wildcraftfruit" } ]
  }
]